STATE,ST_CASE,VE_TOTAL,VE_FORMS,PVH_INVL,PEDS,PERNOTMVIT,PERMVIT,PERSONS,COUNTY,CITY,DAY,MONTH,YEAR,DAY_WEEK,HOUR,MINUTE,NHS,ROAD_FNC,ROUTE,TWAY_ID,TWAY_ID2,MILEPT,LATITUDE,LONGITUD,SP_JUR,HARM_EV,MAN_COLL,RELJCT1,RELJCT2,TYP_INT,WRK_ZONE,REL_ROAD,LGT_COND,WEATHER1,WEATHER2,WEATHER,SCH_BUS,RAIL,NOT_HOUR,NOT_MIN,ARR_HOUR,ARR_MIN,HOSP_HR,HOSP_MN,CF1,CF2,CF3,FATALS,DRUNK_DR
1,10001,1,1,0,0,0,8,8,115,0,6,1,2013,1,0,55,1,1,1,I-59,,1589,33.79196389,-86.38370278,0,42,0,0,1,1,0,4,2,10,0,10,0,0000000,99,99,1,7,99,99,0,0,0,2,0
1,10002,2,2,0,0,0,2,2,55,1670,3,1,2013,5,21,24,1,2,2,US-SR 74,MCCLAIN ST,1397,33.98466111,-85.88830556,0,12,6,0,2,2,0,1,3,10,0,10,0,0000000,99,99,21,33,99,99,0,0,0,1,0
1,10003,1,1,0,0,0,1,1,89,1730,6,1,2013,1,11,45,0,15,6,OAKWOOD AVE,,0,34.74946667,-86.62147222,0,30,0,0,1,1,0,4,1,10,0,10,0,0000000,99,99,11,54,99,99,0,0,0,1,0
1,10004,1,1,0,0,0,3,3,73,350,6,1,2013,1,12,25,0,99,6,JEFFERSON AVE SW,,0,33.48591389,-86.85701111,0,24,0,0,1,1,0,4,1,1,0,1,0,0000000,99,99,12,33,99,99,0,0,0,2,0
1,10005,2,2,0,0,0,3,3,125,3050,6,1,2013,1,18,28,1,11,1,I-359,,10,33.16855556,-87.55183056,0,12,1,1,18,1,0,1,3,1,0,1,0,0000000,99,99,18,29,99,99,0,0,0,1,0
1,10006,2,2,0,0,0,3,3,97,2100,8,1,2013,3,14,31,1,13,6,GOVERNMENT ST,PLEASANT VALLEY ROAD,0,30.66167778,-88.10793333,0,12,6,0,2,2,0,1,1,1,0,1,0,0000000,99,99,14,32,99,99,0,0,0,1,0
1,10007,1,1,0,0,0,1,1,95,50,11,1,2013,6,21,30,0,3,3,SR-205,,95,34.27086944,-86.22073056,0,34,0,0,1,1,0,4,3,2,0,2,0,0000000,99,99,21,38,88,88,0,0,0,1,0
1,10008,2,2,0,0,0,2,2,49,2904,14,1,2013,2,14,49,0,3,3,SR-75,,910,34.56107222,-85.79985833,0,12,2,0,1,1,0,1,1,2,0,2,0,0000000,99,99,14,55,99,99,0,0,0,1,0
1,10009,1,1,0,0,0,1,1,17,0,5,1,2013,7,16,21,0,4,4,CR-267,,0,33.01001944,-85.29138889,0,42,0,0,1,1,0,4,1,10,0,10,0,0000000,88,88,88,88,88,88,0,0,0,1,1
1,10010,2,2,0,0,0,4,4,51,0,5,1,2013,7,17,34,0,3,3,SR-14,CHEROKEE TRAIL,1865,32.577275,-85.97061111,0,12,6,0,2,2,0,1,3,10,0,10,0,0000000,99,99,17,45,88,88,0,0,0,1,0
1,10011,2,2,0,0,0,3,3,1,0,5,1,2013,7,23,29,0,3,2,US-SR 31,,2001,32.60146111,-86.464275,0,12,2,0,1,1,0,1,3,10,0,10,0,0000000,99,99,23,40,99,99,20,0,0,1,1
1,10012,1,1,0,1,1,1,1,9,715,7,1,2013,2,5,44,0,3,2,US-SR 53,,2633,34.0154,-86.577525,0,8,0,0,1,1,0,1,3,1,0,1,0,0000000,99,99,6,15,88,88,0,0,0,1,0
1,10013,1,1,0,0,0,2,2,43,9997,7,1,2013,2,7,20,1,1,1,I-65,,2994,34.05400556,-86.86635278,0,52,0,0,1,1,0,3,1,1,0,1,0,0000000,99,99,7,33,99,99,0,0,0,1,0
1,10014,1,1,0,0,0,1,1,95,0,7,1,2013,2,16,5,0,6,4,CR-UNION CHAPEL ROAD,,0,34.40834722,-86.45794167,0,30,0,0,1,1,0,4,1,1,0,1,0,0000000,99,99,16,22,88,88,0,0,0,1,0
1,10015,1,1,0,0,0,1,1,115,0,9,1,2013,4,20,0,0,3,2,US-SR 25,,2067,33.89639444,-86.11083333,0,30,0,0,1,1,0,4,3,10,0,10,0,0000000,99,99,20,15,88,88,0,0,0,1,1
1,10016,2,2,0,0,0,3,3,19,0,10,1,2013,5,17,55,1,2,3,SR-35,,123,34.37740278,-85.61305556,0,1,0,0,1,1,0,1,3,2,0,2,0,0000000,99,99,18,21,99,99,0,0,0,1,0
1,10017,2,2,0,0,0,2,2,7,0,10,1,2013,5,5,50,0,4,4,CR-24,,0,33.11385278,-87.21756944,0,12,2,0,1,1,0,1,1,10,0,10,0,0000000,99,99,6,10,88,88,0,0,0,1,0
1,10018,2,2,0,0,0,2,2,81,2340,11,1,2013,6,10,21,0,13,3,SR-169,,252,32.61271667,-85.35630278,0,12,6,0,8,1,0,1,1,10,0,10,0,0000000,99,99,10,29,88,88,0,0,0,1,0
1,10019,1,1,0,0,0,1,1,89,1730,13,1,2013,1,6,11,0,14,6,PULASKI PIKE,,0,34.745875,-86.60852222,0,33,0,0,1,1,0,4,3,2,0,2,0,0000000,99,99,6,18,88,88,0,0,0,1,0
1,10020,1,1,0,0,0,1,1,21,0,14,1,2013,2,21,5,0,6,4,CR-61,,0,32.94323333,-86.58768611,0,42,0,0,1,1,0,4,3,2,0,2,0,0000000,99,99,21,20,88,88,0,0,0,1,1
1,10021,1,1,0,0,0,1,1,69,0,15,1,2013,3,0,5,0,3,3,SR-53,,106,31.09600833,-85.31093889,0,43,0,0,1,1,0,4,3,1,0,1,0,0000000,99,99,0,21,88,88,0,0,0,1,1
1,10022,1,1,0,0,0,1,1,101,0,15,1,2013,3,10,35,1,2,2,US-SR 53,,969,32.07763611,-86.06317778,0,34,0,0,1,1,0,4,1,10,0,10,0,0000000,99,99,11,10,99,99,0,0,0,1,0
1,10023,1,1,0,0,0,1,1,63,0,16,1,2013,4,18,30,0,4,3,SR-39,,187,32.88518333,-88.05531667,0,42,0,0,1,1,0,4,3,2,0,2,0,0000000,99,99,18,50,99,99,0,0,0,1,0
1,10024,2,2,0,0,0,3,3,117,0,16,1,2013,4,11,20,0,3,4,CR-26,,0,33.20557222,-86.73752222,0,12,6,0,1,1,0,1,1,2,0,2,0,0000000,99,99,11,26,99,99,0,0,0,1,0
1,10025,1,1,0,0,0,1,1,33,0,17,1,2013,5,5,50,0,4,4,CR-21,,0,34.81996389,-87.96168056,0,34,0,0,1,1,0,4,3,2,0,2,0,0000000,99,99,6,20,88,88,0,0,0,1,0
1,10026,2,2,0,0,0,3,3,117,0,19,1,2013,7,14,40,0,4,4,CR-17,,0,33.1775,-86.863325,0,12,2,0,1,1,0,1,1,1,0,1,0,0000000,99,99,14,45,99,99,0,0,0,1,0
1,10027,1,1,0,0,0,1,1,47,0,19,1,2013,7,22,45,0,5,4,CR-19,,0,32.30388889,-86.86056111,0,42,0,0,1,1,0,4,3,1,0,1,0,0000000,99,99,23,25,88,88,0,0,0,1,1
1,10028,1,1,0,0,0,1,1,123,60,28,1,2013,2,11,37,1,2,2,US-SR 38,,710,32.90617778,-85.90101944,0,42,0,0,1,1,0,4,1,1,0,1,0,0000000,99,99,11,46,88,88,0,0,0,1,0
1,10029,2,2,0,1,1,2,2,33,2190,3,1,2013,5,20,14,1,13,3,SR-133,,0,34.7443,-87.63519167,0,8,0,0,1,1,0,1,3,10,0,10,0,0000000,99,99,21,19,99,99,0,0,0,1,0
1,10030,3,3,0,0,0,7,7,101,2130,8,1,2013,3,22,22,1,13,2,US-SR 6,I-65,0,32.3273,-86.33465556,0,12,6,1,2,2,0,1,3,1,0,1,0,0000000,99,99,22,29,99,99,0,0,0,1,0
1,10031,1,1,0,0,0,2,2,89,1730,12,1,2013,7,1,23,1,13,4,CR-BOB WADE,,0,34.82805833,-86.61813333,0,30,0,0,1,1,0,4,3,2,0,2,0,0000000,99,99,1,29,99,99,0,0,0,1,1
1,10032,1,1,0,0,0,1,1,131,0,18,1,2013,6,22,45,0,4,4,CR-29,,0,32.12609167,-87.30957222,0,42,0,0,1,1,0,4,3,1,0,1,0,0000000,99,99,23,15,88,88,0,0,0,1,1
1,10033,1,1,0,0,0,2,2,1,0,19,1,2013,7,1,25,0,4,4,CR-85,CR-82,0,32.53877778,-86.47231111,0,59,0,0,3,3,0,4,3,1,0,1,0,0000000,99,99,1,40,88,88,0,0,0,2,0
1,10034,3,3,0,0,0,3,3,31,0,19,1,2013,7,12,45,0,3,3,SR-167,CR-270,308,31.37618333,-85.87130556,0,12,1,0,3,2,0,1,1,1,0,1,0,0000000,99,99,12,50,88,88,0,0,0,1,0
1,10035,1,1,0,0,0,1,1,117,0,20,1,2013,1,19,45,0,3,2,US-SR 53,,2049,33.43004167,-86.40069444,0,34,0,0,1,1,0,4,3,1,0,1,0,0000000,99,99,19,50,88,88,0,0,0,1,1
1,10036,1,1,0,0,0,1,1,81,0,21,1,2013,2,2,35,0,6,4,CR-LEE RD 437,,0,32.47368333,-85.14420278,0,42,0,0,1,1,0,4,3,1,0,1,0,0000000,99,99,2,51,88,88,0,0,0,1,0
1,10037,2,2,0,0,0,2,2,125,0,22,1,2013,3,19,15,0,4,3,SR-216,,29,33.21994722,-87.44051667,0,12,2,0,1,1,0,1,3,1,0,1,0,0000000,99,99,19,30,99,99,0,0,0,1,0
1,10038,2,2,0,1,1,3,3,89,1730,23,1,2013,4,18,21,1,13,2,US-SR 2,,0,34.73663333,-86.60826389,0,8,0,0,1,1,0,1,3,1,0,1,0,0000000,99,99,18,24,99,99,0,0,0,1,0
1,10039,2,2,0,0,0,2,2,1,2540,25,1,2013,6,1,0,0,13,6,SELMA HWY,,0,32.45165,-86.46791111,0,12,2,0,1,1,0,1,3,1,0,1,0,0000000,99,99,1,6,99,99,0,0,0,1,1
1,10040,1,1,0,0,0,1,1,85,0,26,1,2013,7,13,15,0,5,4,CR-37,,0,32.16895833,-86.49837778,0,42,0,0,1,1,0,4,1,1,0,1,0,0000000,99,99,13,50,88,88,0,0,0,1,1
1,10041,2,2,0,0,0,3,3,71,0,25,1,2013,6,11,0,0,4,3,SR-71,CR-59,59,34.62301944,-85.89545833,0,12,6,0,2,2,0,1,1,2,0,2,0,0000000,99,99,11,18,88,88,0,0,0,2,2
1,10042,1,1,0,0,0,1,1,93,0,28,1,2013,2,13,10,1,2,2,US-SR 4,,90,34.14913611,-88.05941389,0,1,0,0,1,1,0,4,1,1,0,1,0,0000000,99,99,13,20,99,99,0,0,0,1,0
1,10043,4,4,0,0,0,8,8,103,890,30,1,2013,4,9,46,1,13,3,SR-67,LONGVIEW DR SW,0,34.56789444,-87.01189167,0,12,6,0,2,2,0,1,1,2,0,2,0,0000000,99,99,9,49,99,99,0,0,0,1,0
1,10044,1,1,0,0,0,2,2,3,2355,31,1,2013,5,13,28,0,4,3,SR-180,,270,30.29027778,-87.60797778,0,19,0,0,1,1,0,4,1,1,0,1,0,0000000,99,99,13,38,99,99,0,0,0,1,0
1,10045,1,1,0,0,0,4,4,73,0,5,1,2013,7,13,49,0,16,4,CR-FAUCETT ROAD,,0,33.71287222,-86.65015,0,1,0,0,1,1,0,2,1,10,0,10,0,0000000,99,99,14,3,99,99,0,0,0,1,0
1,10046,2,1,1,0,0,2,2,97,2713,8,1,2013,3,14,18,1,13,2,US-SR 13,,0,30.81141389,-88.07138333,0,1,0,0,1,1,0,5,1,10,0,10,0,0000000,99,99,14,21,99,99,20,14,0,1,0
1,10047,1,1,0,1,1,1,1,89,0,14,1,2013,2,21,30,0,4,4,CR-BRIER FORK ROAD,,0,34.92797222,-86.63340556,0,8,0,0,1,1,0,1,2,2,0,2,0,0000000,99,99,21,49,88,88,0,0,0,1,0
1,10048,1,1,0,0,0,1,1,95,0,15,1,2013,3,12,15,0,5,4,CR-HUSTLEVILLE ROAD,,0,34.33096667,-86.21045,0,42,0,0,1,1,0,4,1,2,0,2,0,0000000,99,99,12,18,88,88,0,0,0,1,0
1,10049,1,1,0,0,0,2,2,97,0,20,1,2013,1,2,0,1,2,2,US-SR 13,,179,30.97461667,-88.02708889,0,35,0,0,1,1,0,4,3,1,0,1,0,0000000,99,99,2,26,99,99,0,0,0,1,1
1,10050,1,1,0,0,0,1,1,125,0,23,1,2013,4,99,99,0,3,3,SR-171,,52,33.31925556,-87.65218889,0,34,0,0,1,1,0,4,1,1,0,1,0,0000000,88,88,88,88,88,88,0,0,0,1,0
1,10051,2,2,0,0,0,2,2,89,1730,27,1,2013,1,14,31,1,12,3,SR-1,WINCHESTER ROAD,3391,34.79283056,-86.57753056,0,30,0,0,3,2,0,8,9,10,0,10,0,0000000,99,99,14,36,88,88,14,0,0,1,0
1,10052,4,4,0,0,0,9,9,97,2100,27,1,2013,1,13,25,1,11,1,I-65,GOVERNMENT ST,10,30.65205833,-88.12233889,0,12,1,0,1,1,0,1,1,10,0,10,0,0000000,99,99,13,30,99,99,0,0,0,1,1
1,10053,1,1,0,0,0,1,1,43,830,28,1,2013,2,21,43,0,6,6,BETH ST,,0,34.18274167,-86.85603889,0,35,0,0,1,1,0,4,3,1,0,1,0,0000000,99,99,21,48,88,88,20,0,0,1,1
1,10054,1,1,0,1,1,1,1,15,0,30,1,2013,4,13,30,1,2,2,US-SR 1,,2432,33.80007222,-85.90083056,0,8,0,0,1,1,0,1,1,2,0,2,0,0000000,99,99,99,99,99,99,0,0,0,1,0
1,10055,1,1,0,1,1,1,1,89,1730,31,1,2013,5,18,9,0,13,6,MERIDIAN ST,,0,34.74581389,-86.58428889,0,8,0,0,1,1,0,1,3,1,0,1,0,0000000,18,9,18,12,88,88,0,0,0,1,0
1,10056,1,1,0,0,0,2,2,129,0,7,1,2013,2,23,25,0,4,4,CR-34,,0,31.50473611,-87.98959722,0,1,0,0,1,1,0,4,3,1,0,1,0,0000000,99,99,99,99,99,99,0,0,0,1,0
1,10057,1,1,0,0,0,1,1,45,0,19,1,2013,7,0,38,0,6,4,CR-445,CR-17,0,31.32023333,-85.786875,0,35,0,0,3,3,0,4,3,1,0,1,0,0000000,99,99,0,50,99,99,0,0,0,1,1
1,10058,2,2,0,0,0,4,4,97,2100,30,1,2013,4,6,5,0,16,6,FAIRWAY DR,,0,30.66333889,-88.10314167,0,12,8,0,1,1,0,1,1,2,0,2,0,0000000,99,99,6,11,99,99,0,0,0,1,0
1,10059,1,1,0,0,0,1,1,131,0,1,2,2013,6,21,50,1,2,3,SR-5,,256,32.167725,-87.494,0,42,0,0,1,1,0,4,3,1,0,1,0,0000000,99,99,22,20,88,88,0,0,0,1,1
1,10060,1,1,0,1,1,1,1,95,0,2,2,2013,7,21,55,0,6,4,CR-SKYVIEW RD,,0,34.45711111,-86.55695,0,8,0,0,1,1,0,1,3,1,0,1,0,0000000,99,99,22,14,88,88,0,0,0,1,0
1,10061,2,2,0,0,0,5,5,21,2990,2,2,2013,7,23,41,0,3,2,US-SR 3,,2299,32.92521667,-86.72478056,0,12,2,0,1,1,0,1,3,10,0,10,0,0000000,99,99,23,53,99,99,0,0,0,1,2
1,10062,2,2,0,0,0,2,2,9,0,3,2,2013,1,5,0,1,2,2,US-SR 231,HWY 278,2755,34.16678333,-86.51651111,0,12,6,0,2,2,0,1,3,10,0,10,0,0000000,99,99,5,25,88,88,0,0,0,1,0
1,10063,1,1,0,0,0,1,1,15,100,3,2,2013,1,22,1,0,16,6,JOHNSTON DR,,0,33.66639444,-85.81643611,0,33,0,0,1,1,0,4,3,1,0,1,0,0000000,99,99,22,8,88,88,0,0,0,1,0
1,10064,1,1,0,0,0,1,1,71,0,4,2,2013,2,11,45,0,6,4,CR-66,,0,34.53489167,-85.99106111,0,18,0,0,1,1,0,4,1,10,0,10,0,0000000,99,99,11,57,99,99,0,0,0,1,0
1,10065,2,2,0,0,0,3,3,71,2720,5,2,2013,3,10,20,0,3,3,SR-79,ROY OWNES DR,886,34.609775,-86.06942778,0,12,6,0,2,2,0,1,1,1,0,1,0,0000000,99,99,10,25,99,99,0,0,0,1,0
1,10066,1,1,0,0,0,1,1,77,0,6,2,2013,4,20,45,0,3,3,SR-20,,14,34.99152222,-87.91041389,0,42,0,0,1,1,0,4,3,10,0,10,0,0000000,99,99,21,15,88,88,0,0,0,1,0
1,10067,2,2,0,0,0,3,3,97,0,6,2,2013,4,23,45,0,6,4,CR-LEROY STEPHENS ROAD,,0,30.61747222,-88.23286389,0,12,6,0,1,1,0,1,3,2,0,2,0,0000000,99,99,99,99,99,99,0,0,0,1,1
1,10068,1,1,0,0,0,1,1,89,1730,8,2,2013,6,11,37,0,15,6,BANKHEAD PARKWAY,,0,34.74193611,-86.55331389,0,59,0,0,1,1,0,4,1,10,0,10,0,0000000,99,99,11,47,99,99,0,0,0,1,0
1,10069,1,1,0,0,0,1,1,47,0,8,2,2013,6,16,35,0,2,3,SR-41,HWY 140,1250,32.40029722,-86.99250278,0,46,0,0,3,2,0,4,1,10,0,10,0,0000000,99,99,16,40,88,88,0,0,0,1,1
1,10070,1,1,0,0,0,1,1,65,0,9,2,2013,7,2,0,0,3,3,SR-14,,571,32.77071667,-87.74954722,0,34,0,0,1,1,0,4,3,1,0,1,0,0000000,99,99,2,20,88,88,0,0,0,1,1
1,10071,1,1,0,2,2,1,1,125,3050,10,2,2013,1,14,6,0,16,6,4TH ST E,25TH AVE E,0,33.21193889,-87.50458333,0,8,0,0,2,3,0,1,1,2,0,2,0,0000000,88,88,88,88,88,88,0,0,0,1,0
1,10072,2,2,0,0,0,5,5,73,1850,13,2,2013,4,17,46,0,14,2,US-SR 4,I-20 RAMP,1120,33.54458056,-86.59161667,0,12,6,1,2,3,0,1,3,1,0,1,0,0000000,99,99,18,0,99,99,0,0,0,1,0
1,10073,1,1,0,0,0,2,2,97,2550,9,2,2013,7,21,0,1,11,1,I-65,,80,30.73885833,-88.11025556,0,43,0,0,1,1,0,4,3,1,0,1,0,0000000,99,99,21,5,99,99,0,0,0,1,1
1,10074,2,2,0,0,0,4,4,73,0,28,1,2013,2,18,45,0,5,4,CR-CLAY PALMERDALE RD,,0,33.72488056,-86.6354,0,12,2,0,1,1,0,1,2,10,0,10,0,0000000,99,99,18,45,99,99,0,0,0,1,0
1,10075,2,1,1,0,2,2,4,63,0,18,1,2013,6,7,47,1,11,1,I-59,,273,32.73925833,-88.09642778,0,14,0,0,1,1,0,2,1,1,0,1,0,0000000,99,99,8,24,99,99,19,0,0,1,0
1,10076,1,1,0,0,0,1,1,73,2170,23,1,2013,4,2,12,0,14,6,OLD LEEDS ROAD,,0,33.49853611,-86.74376389,0,33,0,0,1,1,0,4,2,1,0,1,0,0000000,99,99,3,53,88,88,0,0,0,1,0
1,10077,1,1,0,0,0,1,1,123,0,24,1,2013,5,11,20,0,4,4,CR-SANFORD RD,,0,33.06445278,-85.86788611,0,35,0,0,1,1,0,4,1,1,0,1,0,0000000,99,99,11,45,99,99,0,0,0,1,0
1,10078,1,1,0,0,0,5,5,73,0,25,1,2013,6,17,10,0,15,4,CR-TRUSSVILLE CLAY RD,,0,33.69848333,-86.59688333,0,17,0,0,1,1,0,4,1,10,0,10,0,0000000,99,99,17,23,99,99,0,0,0,2,0
1,10079,1,1,0,0,0,1,1,125,2260,27,1,2013,1,3,30,0,14,4,CR-5TH ST,,0,33.22036667,-87.59966944,0,42,0,0,1,1,0,4,3,1,0,1,0,0000000,99,99,6,53,88,88,0,0,0,1,1
1,10080,1,1,0,0,0,1,1,73,350,16,2,2013,7,5,0,1,11,1,I-65,,2635,33.56139722,-86.82790833,0,24,0,0,1,1,0,4,3,1,0,1,0,0000000,99,99,5,15,88,88,0,0,0,1,0
1,10081,2,2,0,0,0,5,5,73,350,5,2,2013,3,19,8,1,13,6,LAKESHORE PKWY,SYDNEY DR,0,33.43403056,-86.87503889,0,12,6,0,2,2,0,1,3,1,0,1,0,0000000,99,99,19,14,99,99,0,0,0,2,0
1,10082,2,2,0,0,0,3,3,3,0,6,2,2013,4,10,0,1,2,3,SR-59,HWY 31,352,30.73125833,-87.79267778,0,12,6,0,2,3,0,1,1,1,0,1,0,0000000,99,99,10,25,99,99,0,0,0,1,0
1,10083,1,1,0,0,0,1,1,3,1493,7,2,2013,5,17,52,0,4,3,SR-180,,40,30.25233611,-87.75365,0,42,0,0,1,1,0,4,1,1,0,1,0,0000000,99,99,18,1,88,88,0,0,0,1,1
1,10084,1,1,0,0,0,2,2,115,0,8,2,2013,6,17,0,0,6,4,CR-WOODS BEND ROAD,,0,33.70124444,-86.16073611,0,34,0,0,1,1,0,4,1,1,0,1,0,0000000,99,99,17,30,99,99,0,0,0,1,1
1,10085,1,1,0,0,0,1,1,73,3180,11,2,2013,2,17,8,0,5,4,CR-WARRIOR KIMBERLY ROAD,,0,33.80976667,-86.80098056,0,42,0,0,1,1,0,4,5,2,0,2,0,0000000,99,99,17,11,99,99,0,0,0,1,0
1,10086,2,2,0,0,0,4,4,3,0,11,2,2013,2,12,0,1,13,2,US-SR 42,,743,30.41446944,-87.52835556,0,12,2,0,1,1,0,1,1,2,0,2,0,0000000,99,99,12,25,99,99,0,0,0,1,0
1,10087,1,1,0,0,0,1,1,73,350,12,2,2013,3,11,0,1,11,1,I-59,,1245,33.52064444,-86.85390278,0,1,0,0,1,1,0,4,1,2,0,2,0,0000000,99,99,11,7,88,88,0,0,0,1,0
1,10088,1,1,0,0,0,1,1,43,0,16,2,2013,7,0,15,1,1,4,CR-30,CR-35,0,33.93535,-86.96766667,0,34,0,0,3,3,0,4,3,1,0,1,0,0000000,99,99,1,6,88,88,0,0,0,1,1
1,10089,1,1,0,0,0,2,2,79,0,16,2,2013,7,20,50,1,2,4,CR-331,,0,34.50449167,-87.15173611,0,34,0,0,1,1,0,4,3,1,0,1,0,0000000,99,99,21,15,99,99,20,0,0,1,1
1,10090,1,1,0,0,0,1,1,109,0,16,2,2013,7,10,5,0,3,3,SR-87,,585,31.74394167,-85.95863056,0,38,0,0,1,1,0,4,1,1,0,1,0,0000000,99,99,10,17,99,99,0,0,0,1,0
1,10091,1,1,0,0,0,1,1,21,0,17,2,2013,1,7,10,0,3,3,SR-145,,48,32.90567778,-86.61260556,0,42,0,0,1,1,0,4,1,1,0,1,0,0000000,88,88,88,88,88,88,0,0,0,1,0
1,10092,2,2,0,0,0,2,2,101,0,18,2,2013,2,7,40,0,4,4,CR-MERIWEATHER TRAIL,,0,32.04075556,-86.01840278,0,12,2,0,1,1,0,1,1,1,0,1,0,0000000,99,99,8,5,88,88,0,0,0,2,0
1,10093,1,1,0,0,0,2,2,19,0,21,2,2013,5,23,30,0,6,4,CR-168,,0,34.06871111,-85.55721111,0,42,0,0,1,1,0,4,3,2,0,2,0,0000000,99,99,23,50,99,99,0,0,0,1,0
1,10094,1,1,0,0,0,1,1,97,0,24,2,2013,1,2,40,0,4,4,CR-OLD PASCAGOULA RD,,0,30.54189722,-88.26932222,0,34,0,0,1,1,0,4,3,10,0,10,0,0000000,99,99,3,10,99,99,0,0,0,1,1
1,10095,1,1,0,0,0,2,2,115,2010,24,2,2013,1,0,5,0,6,4,CR-OLD MARGARET ROAD,,0,33.69025556,-86.42168889,0,42,0,0,1,1,0,4,3,10,0,10,0,0000000,99,99,0,15,99,99,0,0,0,1,1
1,10096,1,1,0,0,0,1,1,101,2130,3,2,2013,1,20,7,0,14,6,LONGVIEW COURT,,0,32.364275,-86.36231111,0,40,0,0,1,1,0,4,3,1,0,1,0,0000000,99,99,20,11,99,99,0,0,0,1,1
1,10097,1,1,0,0,0,2,2,9,0,14,2,2013,5,12,16,0,3,4,CR-OLD HWY 75,,0,33.88036111,-86.525625,0,42,0,0,1,1,0,4,1,1,0,1,0,0000000,99,99,12,30,99,99,0,0,0,1,0
1,10098,1,1,0,0,0,1,1,125,3050,20,2,2013,4,2,0,0,14,6,KICKER RD,,0,33.20890833,-87.51264167,0,30,0,0,1,1,0,4,3,1,0,1,0,0000000,99,99,2,7,99,99,0,0,0,1,1
1,10099,1,1,0,0,0,1,1,3,0,21,2,2013,5,4,10,0,4,3,SR-59,,645,31.08092222,-87.83376389,0,42,0,0,1,1,0,4,3,1,0,1,0,0000000,99,99,4,45,88,88,0,0,0,1,1
1,10100,1,1,0,0,0,2,2,43,0,23,2,2013,7,11,40,0,4,4,CR-747,,0,34.17270833,-86.74259722,0,42,0,0,1,1,0,4,1,10,0,10,0,0000000,99,99,11,47,99,99,0,0,0,1,0
1,10101,1,1,0,0,0,1,1,117,0,24,2,2013,1,12,5,0,3,4,CR-26,,0,33.19868056,-86.70037778,0,38,0,0,1,1,0,4,1,1,0,1,0,0000000,99,99,12,16,88,88,0,0,0,1,0
1,10102,1,1,0,0,0,2,2,63,0,27,2,2013,4,22,30,0,6,4,CR-20,,0,32.64123611,-87.82818889,0,42,0,0,1,1,0,4,3,1,0,1,0,0000000,99,99,0,0,99,99,0,0,0,1,1
1,10103,4,4,0,0,0,5,5,21,0,28,2,2013,5,14,40,1,1,1,I-65,,2223,33.01837222,-86.71443889,0,12,1,0,1,1,0,1,1,10,0,10,0,0000000,99,99,14,50,99,99,27,0,0,1,0
1,10104,5,5,0,0,0,8,8,97,2100,28,2,2013,5,15,25,0,14,6,GRELOT RD,PRIVATE DRIVEWAY,0,30.66115833,-88.19823056,0,12,6,0,8,1,0,1,1,1,0,1,0,0000000,99,99,15,32,99,99,0,0,0,1,0
1,10105,1,1,0,0,0,1,1,97,2100,3,3,2013,1,6,0,0,14,6,AZALEA RD,,0,30.628675,-88.13548611,0,35,0,0,1,1,0,4,4,10,0,10,0,0000000,99,99,6,7,99,99,0,0,0,1,1
1,10106,2,1,1,0,0,1,1,103,0,19,2,2013,3,22,0,0,3,3,SR-36,,380,34.50016111,-86.68660556,0,53,0,0,1,1,0,4,3,1,0,1,0,0000000,99,99,22,14,88,88,0,0,0,1,1
1,10107,1,1,0,0,0,1,1,69,930,25,2,2013,2,18,30,1,13,2,US-SR 210,,0,31.22215833,-85.36058056,0,23,0,0,1,1,0,3,3,2,0,2,0,0000000,99,99,23,10,88,88,0,0,0,1,0
1,10108,1,1,0,0,0,1,1,99,0,26,2,2013,3,22,23,0,4,4,CR-17,,0,31.62449444,-87.43385,0,42,0,0,1,1,0,4,3,10,0,10,0,0000000,99,99,22,58,88,88,0,0,0,1,1
1,10109,2,2,0,0,0,3,3,105,0,28,2,2013,5,19,20,0,4,4,CR-12,,0,32.452825,-87.51278611,0,12,2,0,1,1,0,1,3,10,0,10,0,0000000,99,99,20,15,99,99,0,0,0,1,0
1,10110,1,1,0,0,0,1,1,55,2822,10,3,2013,1,1,10,1,13,3,SR-77,,990,33.90153611,-86.02960833,0,32,0,0,1,1,0,4,3,1,0,1,0,0000000,99,99,1,17,88,88,0,0,0,1,0
1,10111,1,1,0,0,0,1,1,73,330,11,3,2013,2,16,31,0,15,6,14TH AVE,,0,33.39735833,-86.97785833,0,39,0,0,1,1,0,4,1,10,0,10,0,0000000,99,99,16,38,99,99,0,0,0,1,0
1,10112,2,2,0,0,0,7,7,121,0,1,3,2013,6,23,10,1,2,3,SR-21,,2201,33.31792778,-86.19625,0,12,2,0,1,1,0,1,3,1,0,1,0,0000000,99,99,23,37,99,99,0,0,0,2,1
1,10113,1,1,0,1,1,1,1,97,2100,3,3,2013,1,18,21,1,13,2,US-SR 42,,0,30.6918,-88.06199167,0,8,0,0,1,1,0,1,3,1,0,1,0,0000000,99,99,18,25,99,99,0,0,0,1,0
1,10114,2,2,0,0,0,3,3,55,1280,3,3,2013,1,19,2,1,13,2,US-SR 1,NORTH 3RD ST,0,34.01503611,-86.00016944,0,12,6,0,2,2,0,1,3,1,0,1,0,0000000,99,99,19,6,99,99,20,0,0,1,1
1,10115,1,1,0,0,0,3,3,7,0,3,3,2013,1,23,10,1,2,2,US-SR 6,,749,33.018575,-87.2539,0,1,0,0,1,1,0,3,3,10,0,10,0,0000000,99,99,23,25,99,99,0,0,0,1,0
1,10116,1,1,0,0,0,1,1,63,0,3,3,2013,1,12,50,0,4,4,CR-208,,0,32.90741111,-87.86522222,0,19,0,0,1,1,0,4,1,1,0,1,0,0000000,99,99,13,13,99,99,0,0,0,1,0