STATE,ST_CASE,VE_TOTAL,VE_FORMS,PVH_INVL,PEDS,PERNOTMVIT,PERMVIT,PERSONS,COUNTY,CITY,DAY,MONTH,YEAR,DAY_WEEK,HOUR,MINUTE,NHS,ROAD_FNC,ROUTE,TWAY_ID,TWAY_ID2,MILEPT,LATITUDE,LONGITUD,SP_JUR,HARM_EV,MAN_COLL,RELJCT1,RELJCT2,TYP_INT,WRK_ZONE,REL_ROAD,LGT_COND,WEATHER1,WEATHER2,WEATHER,SCH_BUS,RAIL,NOT_HOUR,NOT_MIN,ARR_HOUR,ARR_MIN,HOSP_HR,HOSP_MN,CF1,CF2,CF3,FATALS,DRUNK_DR
1,10234,1,1,0,1,1,1,1,97,2100,27,4,2013,7,23,46,0,16,6,ST FRANCIS ST,SPRING HILL AVE,0,30.68922222,-88.05274167,0,9,0,0,3,2,0,1,3,1,0,1,0,0000000,99,99,23,52,88,88,0,0,0,1,1
1,10235,2,2,0,0,0,2,2,97,2100,28,4,2013,1,0,5,1,11,1,I-165,,24,30.72342778,-88.06772222,0,12,99,0,1,1,0,1,3,10,0,10,0,0000000,99,99,0,8,99,99,0,0,0,1,0
1,10236,2,2,0,0,0,3,3,73,350,28,4,2013,1,15,15,1,11,1,I-59,,1350,33.58569722,-86.67973889,0,12,6,0,1,1,0,1,1,2,0,2,0,0000000,99,99,15,20,99,99,0,0,0,1,0
1,10237,1,1,0,0,0,1,1,103,890,29,4,2013,2,9,45,0,16,6,CHENAULT DR,,0,34.579075,-86.97378333,0,19,0,0,1,1,0,4,1,10,0,10,0,0000000,99,99,9,50,99,99,0,0,0,1,0
1,10238,1,1,0,0,0,3,3,3,0,29,4,2013,2,17,35,0,4,4,CR-64,,0,30.62595,-87.65134167,0,38,0,0,1,1,0,4,1,2,0,2,0,0000000,99,99,17,45,99,99,0,0,0,1,0
1,10239,1,1,0,0,0,2,2,77,0,29,4,2013,2,21,0,0,4,3,SR-157,,733,34.87889444,-87.71405278,0,34,0,0,1,1,0,4,2,1,0,1,0,0000000,99,99,21,20,99,99,0,0,0,1,0
1,10240,2,2,0,0,0,2,2,83,0,30,4,2013,3,19,0,0,3,3,SR-99,EASTER FERRY RD,45,34.83293056,-87.01805,0,12,6,0,2,2,0,1,1,1,0,1,0,0000000,99,99,19,12,88,88,0,0,0,1,0
1,10241,2,2,0,0,0,4,4,57,0,6,5,2013,2,20,53,0,3,2,US-SR 171,,391,33.73264722,-87.81028889,0,12,6,0,1,1,0,1,3,10,0,10,0,0000000,99,99,21,13,88,88,0,0,0,1,0
1,10242,2,2,0,0,0,2,2,33,2190,9,5,2013,5,10,35,1,13,2,US-SR 2,GROVE AVE,0,34.73469722,-87.66776389,0,12,6,0,2,2,0,1,1,1,0,1,0,0000000,99,99,10,38,99,99,0,0,0,1,0
1,10243,2,2,0,0,0,3,3,121,0,1,5,2013,4,18,30,0,15,4,CR-SYLACAUGA FAYETTEVILLE HWY,,0,33.1593,-86.31150278,0,12,2,0,1,1,0,1,1,1,0,1,0,0000000,99,99,18,42,99,99,0,0,0,2,1
1,10244,1,1,0,3,3,1,1,101,2130,3,5,2013,6,1,4,1,13,6,ATLANTA HWY,,0,32.38181389,-86.22494444,0,8,0,0,1,1,0,1,3,1,0,1,0,0000000,99,99,1,7,99,99,0,0,0,1,0
1,10245,1,1,0,1,1,1,1,79,0,4,5,2013,7,2,50,1,2,3,SR-157,,540,34.63058333,-87.48449167,0,8,0,0,1,1,0,1,2,2,0,2,0,0000000,99,99,3,12,88,88,0,0,0,1,0
1,10246,3,3,0,0,0,3,3,15,0,5,5,2013,1,5,33,0,3,3,SR-204,,6,33.8565,-85.90783333,0,12,2,0,1,1,0,1,2,10,0,10,0,0000000,99,99,99,99,99,99,0,0,0,1,1
1,10247,1,1,0,0,0,1,1,77,0,6,5,2013,2,7,5,0,6,4,CR-5,,0,34.88979722,-87.89517222,0,34,0,0,1,1,0,4,1,2,0,2,0,0000000,88,88,88,88,88,88,0,0,0,1,0
1,10248,2,2,0,0,0,4,4,61,0,7,5,2013,3,6,50,0,3,3,SR-167,CR-41,124,31.15594444,-85.73276111,0,12,6,0,2,2,0,1,1,1,0,1,0,0000000,99,99,7,6,99,99,0,0,0,1,0
1,10249,1,1,0,0,0,1,1,101,2130,8,5,2013,4,7,40,0,16,6,CARRIAGE BARN LANE,,0,32.33231944,-86.22054444,0,42,0,0,1,1,0,4,1,1,0,1,0,0000000,99,99,7,48,88,88,0,0,0,1,0
1,10250,2,2,0,0,0,2,2,71,480,8,5,2013,4,9,54,0,6,3,SR-277,CR-96,48,34.92233056,-85.74433333,0,12,2,0,2,2,0,1,1,1,0,1,0,0000000,99,99,9,57,99,99,0,0,0,1,0
1,10251,2,2,0,0,0,3,3,49,0,10,5,2013,6,13,50,1,1,1,I-59,,2098,34.34094167,-85.82705556,0,12,7,0,1,1,0,1,1,1,0,1,0,0000000,99,99,14,5,88,88,0,0,0,1,1
1,10252,2,2,0,0,0,2,2,63,0,10,5,2013,6,7,35,1,2,2,US-SR 13,,1402,32.57260833,-87.83543889,0,12,6,0,1,1,0,1,1,2,0,2,0,0000000,99,99,8,0,88,88,0,0,0,1,0
1,10253,2,2,0,0,0,2,2,89,1730,13,5,2013,2,21,1,1,12,2,US-SR 53,BOULEVARD SOUTH,3130,34.66881389,-86.57327778,0,12,6,0,2,2,0,1,3,1,0,1,0,0000000,99,99,21,10,99,99,0,0,0,1,0
1,10254,2,2,0,0,0,2,2,87,3070,11,5,2013,7,17,45,0,14,2,US-SR 8,S MAPLE ST,1739,32.42423333,-85.68948333,0,12,6,0,2,2,0,1,1,1,0,1,0,0000000,99,99,17,54,99,99,0,0,0,1,1
1,10255,2,2,0,0,0,2,2,129,650,29,5,2013,4,10,40,0,3,3,SR-56,PEAR ST,145,31.46000556,-88.23451389,0,12,6,0,8,1,0,1,1,1,0,1,0,0000000,99,99,10,45,99,99,0,0,0,1,0
1,10256,2,2,0,0,0,5,5,125,0,26,4,2013,6,14,55,1,1,1,I-59,,972,33.24884167,-87.13705,0,12,7,0,1,1,0,1,1,1,0,1,0,0000000,99,99,15,0,99,99,0,0,0,2,0
1,10257,1,1,0,0,0,2,2,73,350,23,4,2013,3,4,15,0,16,3,SR-7,,0,33.58402778,-86.66961667,0,42,0,0,1,1,0,4,2,1,0,1,0,0000000,99,99,4,22,99,99,0,0,0,1,0
1,10258,1,1,0,1,1,1,1,73,350,22,4,2013,2,23,0,1,13,2,US-SR 4,,0,33.53406389,-86.86096389,0,8,0,0,1,1,0,1,3,1,0,1,0,0000000,99,99,23,4,88,88,0,0,0,1,0
1,10259,1,1,0,0,0,2,2,73,350,5,5,2013,1,12,32,0,16,6,17TH WAY SW,,0,33.48153056,-86.86391389,0,10,0,0,6,1,0,1,1,10,0,10,0,999999u,99,99,12,38,88,88,0,0,0,2,0
1,10260,1,1,0,0,0,4,4,13,0,9,5,2013,5,16,0,1,1,1,I-65,,1143,31.65693333,-86.768975,0,21,0,0,1,1,0,3,1,1,0,1,0,0000000,99,99,16,11,99,99,0,0,0,1,0
1,10261,1,1,0,0,0,2,2,19,0,9,5,2013,5,20,25,0,4,4,CR-75,,0,34.27008611,-85.61316111,0,1,0,0,1,1,0,4,2,1,0,1,0,0000000,99,99,20,46,99,99,0,0,0,1,1
1,10262,2,1,1,0,0,1,1,125,3050,13,5,2013,2,14,7,1,13,2,US-SR 7,,0,33.16841944,-87.5198,0,5,0,0,1,1,0,3,1,1,0,1,0,0000000,99,99,14,12,99,99,0,0,0,1,0
1,10263,2,2,0,0,0,3,3,95,50,14,5,2013,3,17,14,1,13,2,US-SR 1,ROSE RD,2870,34.28194722,-86.22129167,0,12,6,0,2,2,0,1,1,1,0,1,0,0000000,99,99,19,34,88,88,0,0,0,1,0
1,10264,2,2,0,0,0,4,4,33,0,14,5,2013,3,13,40,1,13,3,SR-20,SOCKWELL LN,341,34.68462778,-87.56410278,0,12,6,0,2,2,0,1,1,1,0,1,0,0000000,99,99,13,47,99,99,0,0,0,2,0
1,10265,2,2,0,0,0,2,2,27,0,15,5,2013,4,17,15,0,3,3,SR-77,,440,33.28313333,-85.89443056,0,12,6,0,1,1,0,1,1,1,0,1,0,0000000,99,99,17,20,88,88,0,0,0,1,0
1,10266,1,1,0,0,0,1,1,119,0,17,5,2013,6,20,30,0,4,4,CR-20,,0,32.70218333,-88.15270278,0,1,0,0,1,1,0,4,2,10,0,10,0,0000000,99,99,20,45,88,88,0,0,0,1,1
1,10267,1,1,0,1,1,3,3,43,830,9,5,2013,5,17,15,0,16,6,TIMBERLANE DR SE,,0,34.15543056,-86.82601667,0,9,0,0,8,1,0,1,1,10,0,10,0,0000000,99,99,17,20,99,99,0,0,0,1,0
1,10268,1,1,0,0,0,2,2,121,2910,16,5,2013,5,14,20,0,16,6,NAFF AVE,,0,33.46886944,-86.07645278,0,5,0,0,1,1,0,1,1,1,0,1,0,0000000,99,99,14,31,99,99,0,0,0,1,0
1,10269,1,1,0,0,0,8,8,63,0,15,5,2013,4,16,15,0,4,2,US-SR 7,,520,32.92752222,-87.826925,0,1,0,0,1,1,0,4,1,1,0,1,0,0000000,99,99,16,30,99,99,0,0,0,4,1
1,10270,1,1,0,0,0,1,1,69,930,20,5,2013,2,22,40,0,16,6,ENNIS RD,WEBB RD,0,31.24945,-85.34371944,0,30,0,0,3,3,0,4,2,1,0,1,0,0000000,99,99,23,3,88,88,0,0,0,1,1
1,10271,2,2,0,0,0,2,2,125,3050,18,5,2013,7,15,10,1,13,2,US-SR 7,STILLMAN BLVD,0,33.20075556,-87.58026111,0,12,2,0,2,2,0,1,1,1,0,1,0,0000000,99,99,15,25,99,99,20,0,0,1,0
1,10272,2,2,0,0,0,2,2,3,0,20,5,2013,2,18,40,0,3,2,US-SR 3,,253,30.91323611,-87.71627222,0,12,2,0,1,1,0,2,1,1,0,1,0,0000000,99,99,18,47,99,99,0,0,0,1,1
1,10273,2,2,0,0,0,3,3,97,0,21,5,2013,3,9,50,1,2,2,US-SR 42,,150,30.75519444,-88.21263611,0,12,6,0,1,1,0,1,1,1,0,1,0,0000000,99,99,9,57,99,99,0,0,0,1,0
1,10274,1,1,0,0,0,1,1,81,0,23,5,2013,5,19,33,1,2,2,US-SR 1,,1270,32.59177222,-85.19520556,0,42,0,0,1,1,0,4,5,1,0,1,0,0000000,99,99,19,45,99,99,0,0,0,1,0
1,10275,1,1,0,1,1,1,1,97,2100,24,5,2013,6,20,41,1,13,3,SR-193,,170,30.59533611,-88.153625,0,8,0,0,1,1,0,1,2,1,0,1,0,0000000,99,99,20,46,99,99,0,0,0,1,0
1,10276,1,1,0,0,0,1,1,89,1730,24,5,2013,6,18,25,0,15,6,KING DRAKE RD,,0,34.68343611,-86.48478333,0,32,0,0,1,1,0,4,1,1,0,1,0,0000000,99,99,18,36,88,88,0,0,0,1,0
1,10277,1,1,0,0,0,2,2,83,0,24,5,2013,6,4,11,1,2,2,US-SR 2,,720,34.79120556,-87.02759167,0,34,0,0,1,1,0,4,2,1,0,1,0,0000000,99,99,4,21,88,88,0,0,0,2,0
1,10278,1,1,0,0,0,1,1,15,0,24,5,2013,6,4,0,1,2,3,SR-21,,2755,33.900625,-85.67017222,0,59,0,0,1,1,0,4,2,1,0,1,0,0000000,99,99,4,10,88,88,0,0,0,1,1
1,10279,1,1,0,0,0,1,1,29,0,25,5,2013,7,19,15,1,1,1,I-20,,2061,33.64561667,-85.46628333,0,1,0,0,1,1,0,1,1,1,0,1,0,0000000,99,99,19,35,88,88,0,0,0,1,0
1,10280,1,1,0,0,0,2,2,9,0,25,5,2013,7,14,49,0,5,4,CR-7,HWY 31,0,33.93228333,-86.79607222,0,42,0,0,1,1,0,4,1,1,0,1,0,0000000,99,99,15,0,99,99,0,0,0,1,0
1,10281,6,6,0,0,0,13,13,89,1730,28,5,2013,3,17,52,0,14,6,BAILEY COVE RD,WEATHERLY RD,0,34.64619167,-86.53993056,0,12,1,0,3,2,0,1,1,1,0,1,0,0000000,99,99,17,58,99,99,0,0,0,1,0
1,10282,1,1,0,0,0,1,1,117,47,31,5,2013,6,7,24,0,15,4,CR-17,,0,33.24046944,-86.85471111,0,30,0,0,1,1,0,4,1,1,0,1,0,0000000,99,99,7,26,99,99,0,0,0,1,0
1,10283,1,1,0,0,0,1,1,75,0,1,6,2013,7,3,0,0,4,4,CR-MULBERRY RD,,0,33.86478333,-88.01590556,0,34,0,0,1,1,0,4,2,10,0,10,0,0000000,88,88,88,88,88,88,0,0,0,1,1
1,10284,2,2,0,0,0,2,2,51,0,1,6,2013,7,13,51,0,4,4,CR-GRIER RD,,0,32.65393611,-86.16463056,0,12,6,0,1,1,0,1,1,10,0,10,0,0000000,99,99,14,8,99,99,0,0,0,1,0
1,10285,1,1,0,0,0,1,1,51,0,2,6,2013,1,16,55,0,6,4,CR-CLAUD FLEAHOP RD,,0,32.59341944,-86.02688056,0,35,0,0,1,1,0,4,1,1,0,1,0,0000000,99,99,17,10,99,99,0,0,0,1,0
1,10286,1,1,0,0,0,1,1,71,2720,23,5,2013,5,22,36,0,3,3,SR-79,,872,34.60548056,-86.07381944,0,42,0,0,1,1,0,4,2,1,0,1,0,0000000,99,99,22,41,99,99,0,0,0,1,0
1,10287,2,2,0,0,0,2,2,73,350,30,5,2013,5,13,2,0,15,6,24TH ST S,3RD AVE S,0,33.53962222,-86.70077778,0,12,6,0,2,2,0,1,1,1,0,1,0,0000000,99,99,13,13,99,99,0,0,0,1,0
1,10288,1,1,0,1,1,1,1,3,0,28,5,2013,3,9,0,0,4,4,CR-64,,0,30.60385556,-87.83296389,0,8,0,0,1,1,0,1,1,1,0,1,0,0000000,99,99,9,20,99,99,0,0,0,1,0
1,10289,1,1,0,0,0,1,1,17,0,30,5,2013,5,11,40,1,2,2,US-SR 1,,1621,32.92868333,-85.39546667,0,1,0,0,1,1,0,4,1,1,0,1,0,0000000,99,99,12,0,88,88,0,0,0,1,0
1,10290,1,1,0,0,0,4,4,127,1780,31,5,2013,6,8,10,0,16,6,RIDGEWOOD RD W,,0,33.88859722,-87.28087222,0,42,0,0,1,1,0,4,1,1,0,1,0,0000000,99,99,8,19,99,99,0,0,0,3,0
1,10291,2,2,0,0,0,2,2,125,0,31,5,2013,6,13,30,1,2,3,SR-69,,1395,33.11611944,-87.55125833,0,12,6,0,8,1,0,1,1,10,0,10,0,0000000,99,99,13,42,99,99,0,0,0,1,1
1,10292,1,1,0,1,1,1,1,97,2100,15,6,2013,7,21,12,0,15,6,I 65 SERVICE ROAD,,0,30.6942,-88.12548889,0,8,0,0,1,1,0,1,2,1,0,1,0,0000000,99,99,21,23,88,88,0,0,0,1,0
1,10293,1,1,0,0,0,1,1,25,0,1,6,2013,7,6,45,1,2,2,US-SR 13,,695,31.62760833,-87.84470278,0,30,0,0,1,1,0,4,1,10,0,10,0,0000000,99,99,7,10,88,88,0,0,0,1,0
1,10294,1,1,0,0,0,2,2,107,0,1,6,2013,7,21,10,0,6,4,CR-30,,0,33.35962778,-87.94518889,0,1,0,0,1,1,0,4,2,10,0,10,0,0000000,88,88,88,88,88,88,0,0,0,2,1
1,10295,1,1,0,0,0,1,1,47,0,2,6,2013,1,5,25,0,3,3,SR-22,,180,32.37617222,-87.09450833,0,34,0,0,1,1,0,4,2,1,0,1,0,0000000,88,88,88,88,88,88,0,0,0,1,1
1,10296,1,1,0,0,0,1,1,69,930,3,6,2013,2,13,47,0,14,6,FORTNER ST,,0,31.21008889,-85.46555278,0,53,0,0,1,1,0,4,1,1,0,1,0,0000000,99,99,13,57,88,88,0,0,0,1,0
1,10297,1,1,0,0,0,1,1,125,3050,3,6,2013,2,18,0,1,11,1,I-59,,717,33.17135556,-87.54648889,0,21,0,1,19,1,0,3,1,1,0,1,0,0000000,99,99,18,15,99,99,0,0,0,1,0
1,10298,2,2,0,0,0,3,3,97,0,2,6,2013,1,0,15,0,16,4,CR-FERNLAND RD,TOM WALLER RD,0,30.48676944,-88.29325833,0,12,6,0,2,2,0,1,2,1,0,1,0,0000000,99,99,0,26,99,99,0,0,0,1,1
1,10299,2,2,0,0,0,2,2,69,3220,5,6,2013,4,0,19,0,3,3,SR-52 E,,0,31.25170556,-85.29029167,0,12,1,0,8,1,0,1,3,10,0,10,0,0000000,99,99,0,25,99,99,0,0,0,1,1
1,10300,2,2,0,0,0,4,4,89,1730,6,6,2013,5,20,40,0,14,6,PULASKI PIKE,,0,34.76943056,-86.61671111,0,12,6,0,8,1,0,1,3,10,0,10,0,0000000,99,99,20,46,99,99,14,0,0,1,0
1,10301,2,2,0,0,0,2,2,71,0,7,6,2013,6,15,50,0,3,3,SR-40,,0,34.6242,-85.79356667,0,12,6,0,1,1,0,1,1,2,0,2,0,0000000,99,99,16,5,99,99,0,0,0,1,0
1,10302,2,2,0,0,0,2,2,97,0,8,6,2013,7,0,10,1,11,1,I-10,,135,30.56506667,-88.19519167,0,12,2,0,1,1,0,1,2,10,0,10,0,0000000,99,99,0,15,88,88,0,0,0,1,0
1,10303,2,2,0,0,0,3,3,121,0,8,6,2013,7,15,14,0,6,4,CR-RENDALIA MOTORWAY,,0,33.29484444,-86.12804444,0,12,2,0,1,1,0,1,1,1,0,1,0,0000000,99,99,15,30,99,99,0,0,0,1,0
1,10304,1,1,0,0,0,2,2,69,0,8,6,2013,7,23,0,0,4,4,CR-75,,0,31.23040833,-85.1671,0,42,0,0,1,1,0,4,2,1,0,1,0,0000000,88,88,88,88,88,88,0,0,0,2,0
1,10305,1,1,0,0,0,1,1,3,0,12,6,2013,4,12,40,1,1,1,I-65,,430,30.99777778,-87.687675,0,21,0,0,1,1,0,3,1,1,0,1,0,0000000,99,99,12,45,88,88,0,0,0,1,0
1,10306,2,2,0,0,0,2,2,97,0,12,6,2013,4,17,0,0,3,3,SR-188,HERON BAY LOOP ROAD E,179,30.36500556,-88.13028333,0,12,7,0,2,2,0,1,1,1,0,1,0,0000000,99,99,17,10,88,88,0,0,0,1,0
1,10307,2,2,0,0,0,3,3,79,0,12,6,2013,4,16,15,1,2,3,SR-157,HWY 36,293,34.41687778,-87.161525,0,12,6,0,7,1,0,1,1,1,0,1,0,0000000,99,99,16,35,99,99,0,0,0,1,0
1,10308,1,1,0,0,0,1,1,31,0,13,6,2013,5,15,35,0,6,4,CR-345,,0,31.51766111,-86.09946111,0,1,0,0,1,1,0,4,1,1,0,1,0,0000000,99,99,16,56,88,88,0,0,0,1,1
1,10309,1,1,0,0,0,1,1,109,0,14,6,2013,6,5,0,0,4,3,SR-130,,28,31.79321944,-85.75709167,0,18,0,0,1,1,0,1,2,1,0,1,0,0000000,99,99,5,35,88,88,0,0,0,1,0
1,10310,1,1,0,0,0,1,1,103,1130,14,6,2013,6,11,18,0,6,6,EAST 2ND ST,,0,34.36798611,-86.90725833,0,10,0,0,6,1,0,1,1,1,0,1,0,352119T,99,99,11,25,99,99,0,0,0,1,0
1,10311,2,2,0,0,0,2,2,83,0,14,6,2013,6,16,50,1,2,3,SR-53,,3370,34.961575,-86.79435556,0,12,6,0,1,1,0,1,1,1,0,1,0,0000000,99,99,17,10,99,99,0,0,0,1,0
1,10312,2,2,0,0,0,2,2,85,1605,16,6,2013,1,2,0,0,3,4,CR-2,,0,32.16034167,-86.63820556,0,12,7,0,1,1,0,1,2,1,0,1,0,0000000,99,99,6,35,88,88,0,0,0,1,2
1,10313,2,2,0,0,0,6,6,97,2550,16,6,2013,1,22,19,1,13,2,US-90 BAY BRIDGE ROAD,US-43 TELEGRAPH ROAD,99998,30.730975,-88.06314722,0,12,6,0,2,2,0,1,3,1,0,1,0,0000000,99,99,22,22,99,99,0,0,0,2,0
1,10314,1,1,0,0,0,1,1,19,0,10,6,2013,2,11,30,1,2,2,US-SR 74,,1658,33.96013611,-85.42032222,0,24,0,0,1,1,0,4,1,10,0,10,0,0000000,99,99,11,44,88,88,0,0,0,1,0
1,10315,1,1,0,0,0,1,1,101,2130,8,6,2013,7,2,35,0,14,6,WARES FERRY ROAD,,0,32.38637222,-86.25103056,0,5,0,0,1,1,0,1,3,1,0,1,0,0000000,99,99,2,44,88,88,0,0,0,1,1
1,10316,1,1,0,0,0,2,2,3,1493,13,6,2013,5,2,12,0,16,4,CR-2,,0,30.26975278,-87.66270278,0,42,0,0,1,1,0,4,2,1,0,1,0,0000000,99,99,2,23,88,88,0,0,0,1,1
1,10317,1,1,0,0,0,1,1,71,2850,20,6,2013,5,20,6,1,2,2,US-SR 2,,1520,34.80912222,-85.86043056,0,32,0,0,1,1,0,4,2,2,0,2,0,0000000,99,99,20,16,88,88,0,0,0,1,0
1,10318,2,2,0,0,0,3,3,101,2130,9,6,2013,1,21,15,1,13,6,SELMA HWY,WOODCREST DR,0,32.30998611,-86.36895556,0,12,6,0,2,2,0,1,3,10,0,10,0,0000000,99,99,21,20,99,99,0,0,0,1,2
1,10319,1,1,0,0,0,7,7,113,0,9,6,2013,1,15,10,1,2,2,US-SR 1,,964,32.29428611,-85.17834167,0,24,0,0,1,1,0,3,1,10,0,10,0,0000000,99,99,15,45,99,99,0,0,0,3,0
1,10320,1,1,0,0,0,2,2,73,350,12,5,2013,1,10,51,1,11,1,I-59,,1210,33.50928889,-86.88048611,0,1,0,1,5,1,0,3,1,1,0,1,0,0000000,99,99,11,2,99,99,0,0,0,1,0
1,10321,3,3,0,0,0,4,4,121,0,10,6,2013,2,17,15,1,2,3,SR-21,COUNTY ROAD 240,2236,33.35395,-86.17923889,0,12,6,0,2,2,0,1,1,1,0,1,0,0000000,99,99,17,35,99,99,20,14,0,2,0
1,10322,4,4,0,0,0,5,5,87,0,12,6,2013,4,9,23,1,1,1,I-85,,197,32.38652778,-85.99555278,0,12,1,0,1,1,1,1,1,1,0,1,0,0000000,99,99,9,33,99,99,0,0,0,1,0
1,10323,2,2,0,0,0,4,4,25,0,14,6,2013,6,16,25,1,2,2,US-SR 12,AZALEA GARDENS RD,497,31.64740278,-87.70867222,0,12,6,0,2,2,0,1,1,1,0,1,0,0000000,99,99,16,50,99,99,0,0,0,3,1
1,10324,1,1,0,0,0,1,1,97,2100,15,6,2013,7,16,16,1,13,2,US-SR 16,,260,30.67615,-88.08614167,0,42,0,0,1,1,0,4,1,1,0,1,0,0000000,99,99,16,21,88,88,20,0,0,1,0
1,10325,1,1,0,0,0,2,2,29,0,15,6,2013,7,22,45,0,15,4,CR-66,,0,33.68835833,-85.44909167,0,42,0,0,1,1,0,4,2,1,0,1,0,0000000,88,88,88,88,88,88,0,0,0,2,1
1,10326,1,1,0,0,0,2,2,85,0,16,6,2013,1,0,15,0,3,3,SR-21,,1252,32.23186389,-86.53624444,0,38,0,0,1,1,0,4,2,1,0,1,0,0000000,99,99,0,36,88,88,0,0,0,1,1
1,10327,1,1,0,0,0,1,1,51,0,16,6,2013,1,5,45,0,5,4,CR-LITTLE STEEL BRIDGE RD,,0,32.73694444,-86.06901944,0,32,0,0,1,1,0,4,1,10,0,10,0,0000000,99,99,6,15,88,88,0,0,0,1,1
1,10328,2,1,1,0,0,5,5,119,0,16,6,2013,1,3,55,1,1,1,I-59,,69,32.51265278,-88.3164,0,14,0,0,1,1,0,2,2,1,0,1,0,0000000,99,99,4,13,99,99,0,0,0,2,0
1,10329,1,1,0,0,0,1,1,73,1716,16,6,2013,1,14,26,0,16,6,CAHABA RIVER ESTATES,,0,33.35148056,-86.83234167,0,1,0,0,1,1,0,4,1,10,0,10,0,0000000,99,99,14,52,99,99,0,0,0,1,0
1,10330,1,1,0,0,0,1,1,27,0,22,6,2013,7,17,20,0,3,3,SR-77,,355,33.23049722,-85.77363056,0,42,0,0,1,1,0,4,1,1,0,1,0,0000000,99,99,99,99,88,88,0,0,0,1,1
1,10331,1,1,0,0,0,1,1,127,0,23,6,2013,1,2,0,0,4,4,CR-6,,0,33.60928889,-87.35065833,0,42,0,0,1,1,0,4,2,1,0,1,0,0000000,88,88,88,88,88,88,0,0,0,1,0
1,10332,2,2,0,0,0,4,4,73,0,13,6,2013,5,14,0,1,2,3,SR-79,SWEENEY HOLLOW RD,130,33.68179722,-86.69185556,0,12,6,0,2,2,0,1,1,10,0,10,0,0000000,99,99,14,15,99,99,0,0,0,1,0
1,10333,3,3,0,0,0,5,5,73,1850,2,6,2013,1,0,41,0,3,3,SR-119,,0,33.47963333,-86.62125833,0,12,6,0,1,1,0,1,2,1,0,1,0,0000000,99,99,0,52,99,99,0,0,0,3,1
1,10334,1,1,0,0,0,1,1,73,350,8,6,2013,7,4,50,1,11,1,I-65,,2572,33.47660556,-86.82791944,0,59,0,0,1,1,0,4,1,1,0,1,0,0000000,99,99,5,28,99,99,0,0,0,1,0
1,10335,2,2,0,0,0,4,4,21,1790,26,4,2013,6,19,56,0,4,4,CR-42 E,CR-29,0,32.97848889,-86.69331944,0,12,6,0,2,2,0,1,6,1,0,1,0,0000000,99,99,19,59,99,99,0,0,0,1,1
1,10336,1,1,0,0,0,1,1,103,1590,23,5,2013,5,17,57,0,3,3,SR-36,,0,34.44915833,-86.90593333,0,32,0,0,1,1,0,4,1,1,0,1,0,0000000,99,99,17,59,88,88,0,0,0,1,1
1,10337,2,2,0,0,0,2,2,93,1490,29,6,2013,7,5,45,0,3,3,SR-118,,189,33.96557222,-87.91660833,0,12,8,0,1,1,0,1,1,1,0,1,0,0000000,99,99,6,10,88,88,0,0,0,1,0
1,10338,1,1,0,0,0,2,2,49,1632,1,7,2013,2,21,45,0,3,3,SR-75,,993,34.65935556,-85.70086944,0,42,0,0,1,1,0,4,2,1,0,1,0,0000000,99,99,22,0,88,88,0,0,0,2,0
1,10339,1,1,0,0,0,3,3,19,0,10,5,2013,6,99,99,0,4,4,CR-31,,0,34.10890833,-85.56807222,0,41,0,0,1,1,0,4,9,99,0,99,0,0000000,99,99,14,15,88,88,18,0,0,3,0
1,10340,1,1,0,0,0,1,1,73,1716,17,5,2013,6,21,31,0,16,6,CLUB DR,DEO DARA DR,0,33.40095833,-86.81521944,0,33,0,0,3,3,0,4,2,2,0,2,0,0000000,99,99,21,32,99,99,0,0,0,1,0
1,10341,1,1,0,1,1,1,1,125,2260,20,5,2013,2,20,50,1,13,2,US-SR 6,,460,33.23988056,-87.59309167,0,8,0,0,1,1,0,1,3,1,0,1,0,0000000,99,99,20,56,88,88,0,0,0,1,0
1,10342,1,1,0,0,0,2,2,55,1280,30,5,2013,5,16,54,1,11,1,I-759,,20,33.99354722,-86.04655278,0,1,0,0,1,1,0,3,1,1,0,1,0,0000000,99,99,17,2,99,99,0,0,0,1,0
1,10343,3,3,0,0,0,7,7,43,1680,10,6,2013,2,17,50,1,13,2,US-SR 74,,920,34.17443889,-86.62326667,0,12,1,0,8,1,0,1,1,1,0,1,0,0000000,99,99,18,7,99,99,14,0,0,1,0
1,10344,1,1,0,0,0,2,2,35,0,13,6,2013,5,13,48,1,1,1,I-65,,901,31.38679722,-87.03440556,0,1,0,0,1,1,0,1,1,10,0,10,0,0000000,99,99,14,9,99,99,0,0,0,1,0
1,10345,1,1,0,0,0,2,2,77,0,14,6,2013,6,1,30,1,2,3,SR-20,,179,34.81701389,-87.72536389,0,42,0,0,1,1,0,4,2,1,0,1,0,0000000,99,99,9,15,88,88,0,0,0,2,0
1,10346,2,2,0,0,0,2,2,5,1050,15,6,2013,7,20,36,1,13,2,US-SR 1,HWY 131,620,31.826475,-85.16315278,0,12,6,0,2,2,0,1,3,1,0,1,0,0000000,99,99,20,44,99,99,0,0,0,1,0
1,10347,2,2,0,0,0,2,2,3,0,15,6,2013,7,17,0,1,1,1,I-10,,407,30.65872778,-87.82225833,0,12,1,0,1,1,0,1,1,1,0,1,0,0000000,99,99,17,10,99,99,0,0,0,1,0
1,10348,2,2,0,0,0,3,3,103,890,18,6,2013,3,10,46,1,13,3,SR-67,,357,34.54136389,-86.92092778,0,12,6,0,1,1,0,1,1,10,0,10,0,0000000,99,99,10,52,99,99,0,0,0,1,0