STATE,ST_CASE,VE_TOTAL,VE_FORMS,PVH_INVL,PEDS,PERNOTMVIT,PERMVIT,PERSONS,COUNTY,CITY,DAY,MONTH,YEAR,DAY_WEEK,HOUR,MINUTE,NHS,ROAD_FNC,ROUTE,TWAY_ID,TWAY_ID2,MILEPT,LATITUDE,LONGITUD,SP_JUR,HARM_EV,MAN_COLL,RELJCT1,RELJCT2,TYP_INT,WRK_ZONE,REL_ROAD,LGT_COND,WEATHER1,WEATHER2,WEATHER,SCH_BUS,RAIL,NOT_HOUR,NOT_MIN,ARR_HOUR,ARR_MIN,HOSP_HR,HOSP_MN,CF1,CF2,CF3,FATALS,DRUNK_DR
1,10349,2,2,0,0,0,5,5,83,0,18,6,2013,3,21,15,1,1,1,I-65,,3640,34.954075,-86.89119444,0,12,7,0,1,1,0,1,2,1,0,1,0,0000000,99,99,21,30,99,99,0,0,0,1,0
1,10350,1,1,0,0,0,3,3,5,1050,20,6,2013,5,5,10,0,14,3,SR-30,,150,31.87833611,-85.25690833,0,34,0,0,1,1,0,4,2,5,0,5,0,0000000,99,99,5,22,88,88,0,0,0,1,0
1,10351,2,2,0,0,0,6,6,109,0,21,6,2013,6,9,55,0,3,3,SR-93,,55,31.77984444,-85.819625,0,12,2,0,1,1,0,4,1,1,0,1,0,0000000,99,99,10,40,99,99,0,0,0,2,0
1,10352,1,1,0,0,0,1,1,119,0,22,6,2013,7,3,0,0,4,4,CR-21,,0,32.79144167,-88.14725556,0,42,0,0,1,1,0,4,2,1,0,1,0,0000000,88,88,88,88,88,88,0,0,0,1,0
1,10353,1,1,0,0,0,2,2,107,0,23,6,2013,1,2,45,0,4,4,CR-59,,0,33.50581944,-87.96009167,0,38,0,0,1,1,0,4,2,1,0,1,0,0000000,99,99,3,21,88,88,0,0,0,1,1
1,10354,3,3,0,0,0,6,6,97,0,22,6,2013,7,23,40,1,2,2,US-SR 42,,113,30.77983056,-88.267925,0,12,2,0,1,1,0,1,2,1,0,1,0,0000000,99,99,23,58,88,88,0,0,0,1,0
1,10355,2,2,0,0,0,2,2,73,1850,24,6,2013,2,15,22,0,14,2,US-SR PARKWAY DR,,1122,33.54279722,-86.58638333,0,12,6,0,8,1,0,1,1,10,0,10,0,0000000,99,99,15,27,99,99,0,0,0,1,0
1,10356,2,2,0,0,0,2,2,103,0,25,6,2013,3,11,35,1,2,2,US-SR 53,HWY 36,3034,34.53368056,-86.59004722,0,12,6,0,2,2,0,1,1,1,0,1,0,0000000,99,99,11,45,99,99,0,0,0,1,0
1,10357,1,1,0,0,0,2,2,69,0,25,6,2013,3,14,25,1,2,2,US-SR 231,,38,31.05518333,-85.40535278,0,1,0,0,1,1,0,4,1,1,0,1,0,0000000,99,99,14,41,99,99,0,0,0,1,0
1,10358,2,2,0,0,0,2,2,63,0,27,6,2013,5,15,40,1,1,1,I-20,,547,33.01186111,-87.75758889,0,12,1,0,1,1,0,1,1,1,0,1,0,0000000,99,99,16,10,99,99,0,0,0,1,0
1,10359,1,1,0,0,0,2,2,51,0,30,6,2013,1,7,55,0,5,4,CR-BUYKE RD,,0,32.74506944,-86.29005833,0,1,0,0,1,1,0,4,2,1,0,1,0,0000000,99,99,9,0,88,88,0,0,0,2,1
1,10360,1,1,0,0,0,1,1,127,0,1,7,2013,2,2,30,0,99,4,CR-CEDAR LAKE RD,,0,33.63171111,-87.27636389,0,42,0,0,1,1,0,4,2,1,0,1,0,0000000,99,99,7,45,88,88,0,0,0,1,1
1,10361,1,1,0,0,0,1,1,55,0,2,7,2013,3,15,50,1,2,2,US-SR 74,,1455,33.9746,-85.78826667,0,34,0,0,1,1,0,4,1,1,0,1,0,0000000,99,99,16,22,99,99,0,0,0,1,0
1,10362,1,1,0,0,0,1,1,71,0,3,7,2013,4,14,30,0,4,3,SR-73,,5,34.86505833,-85.61262778,0,1,0,0,1,1,0,4,1,10,0,10,0,0000000,99,99,14,45,88,88,0,0,0,1,0
1,10363,1,1,0,0,0,1,1,111,0,4,7,2013,5,15,43,1,2,2,US-SR 1,,1878,33.22810833,-85.43303611,0,42,0,0,1,1,0,4,9,99,0,99,0,0000000,88,88,88,88,88,88,0,0,0,1,0
1,10364,2,1,1,1,3,1,3,81,2340,7,7,2013,1,11,21,1,11,1,I-85,MARVYN PKWY,608,32.63268611,-85.37076389,0,8,0,0,1,1,0,3,1,2,0,2,0,0000000,99,99,11,28,99,99,19,14,0,1,0
1,10365,1,1,0,1,1,1,1,97,2713,28,6,2013,6,4,52,1,11,1,I-65,,150,30.82976944,-88.08884444,0,8,0,0,1,1,1,1,2,1,0,1,0,0000000,99,99,5,0,99,99,0,0,0,1,0
1,10366,3,3,0,0,0,3,3,103,2545,26,6,2013,4,4,32,1,13,3,SR-67,,349,34.53734167,-86.91141667,0,12,2,0,8,1,0,1,3,10,0,10,0,0000000,99,99,4,33,88,88,14,0,0,1,0
1,10367,3,3,0,0,0,3,3,73,0,30,6,2013,1,1,41,1,11,1,I-65,,2790,33.77024444,-86.82907778,0,12,1,0,1,1,0,1,2,1,0,1,0,0000000,99,99,1,58,99,99,19,0,0,1,0
1,10368,2,2,0,0,0,7,7,59,0,30,6,2013,1,13,30,1,2,3,SR-24,,356,34.48698611,-87.572225,0,12,6,0,7,1,0,1,1,1,0,1,0,0000000,99,99,13,45,99,99,0,0,0,1,0
1,10369,1,1,0,0,0,1,1,133,0,8,7,2013,2,19,25,0,4,4,CR-41,CR-145,120,34.14833611,-87.18150556,0,34,0,0,1,1,0,4,1,1,0,1,0,0000000,99,99,20,9,88,88,0,0,0,1,1
1,10370,2,2,0,0,0,2,2,123,2940,11,7,2013,5,6,15,0,3,3,SR-14,,1960,32.55753889,-85.82523056,0,12,2,0,1,1,0,1,1,1,0,1,0,0000000,99,99,6,30,88,88,0,0,0,1,0
1,10371,2,2,0,0,0,3,3,25,0,1,7,2013,2,12,18,0,3,3,SR-69,,203,31.74508056,-88.08076667,0,12,6,0,1,1,0,1,1,1,0,1,0,0000000,99,99,12,35,99,99,0,0,0,1,0
1,10372,1,1,0,0,0,1,1,85,0,3,7,2013,4,4,0,0,6,4,CR-MARY JACKSON RD,,0,32.25836944,-86.73460556,0,35,0,0,1,1,0,4,2,1,0,1,0,0000000,88,88,88,88,88,88,0,0,0,1,1
1,10373,1,1,0,1,1,1,1,3,1493,6,7,2013,7,21,11,1,2,3,SR-182,,50,30.250875,-87.67220833,0,8,0,0,1,1,0,1,3,10,0,10,0,0000000,99,99,21,18,99,99,0,0,0,1,1
1,10374,1,1,0,0,0,1,1,101,0,7,7,2013,1,2,0,0,4,4,CR-15,,0,32.25916667,-86.39126667,0,30,0,0,1,1,0,4,2,2,0,2,0,0000000,99,99,3,0,88,88,0,0,0,1,1
1,10375,1,1,0,0,0,1,1,93,0,8,7,2013,2,21,45,0,4,3,SR-19,,53,34.12523889,-88.12854722,0,35,0,0,1,1,0,4,2,1,0,1,0,0000000,99,99,21,54,88,88,0,0,0,1,0
1,10376,1,1,0,0,0,1,1,75,0,10,7,2013,4,0,15,0,3,3,SR-17,,2370,33.67281944,-88.09025833,0,34,0,0,1,1,0,4,2,1,0,1,0,0000000,88,88,88,88,88,88,0,0,0,1,1
1,10377,1,1,0,0,0,1,1,97,0,10,7,2013,4,22,0,0,3,4,CR-IRVINGTON BAYOU LA BATRE RD,,0,30.43050556,-88.246175,0,34,0,0,1,1,0,4,3,10,0,10,0,0000000,99,99,22,2,88,88,0,0,0,1,0
1,10378,1,1,0,0,0,1,1,97,2100,11,7,2013,5,9,56,1,11,1,I-10,I-65,201,30.62844722,-88.11788056,0,52,0,1,19,1,0,4,1,10,0,10,0,0000000,99,99,10,1,88,88,0,0,0,1,0
1,10379,2,2,0,0,0,2,2,81,0,6,7,2013,7,21,5,1,2,3,SR-38,HWY 147,86,32.67629444,-85.48632778,0,12,6,0,2,3,0,1,2,10,0,10,0,0000000,99,99,21,20,88,88,0,0,0,1,0
1,10380,2,2,0,0,0,2,2,97,865,25,6,2013,3,16,58,9,99,3,SR-193,,15,30.29602778,-88.13227778,0,12,2,0,1,1,0,1,1,1,0,1,0,0000000,99,99,17,0,99,99,0,0,0,1,0
1,10381,1,1,0,0,0,1,1,87,3070,21,7,2013,1,22,47,0,3,2,US-SR 8,,1747,32.43070278,-85.67788333,0,42,0,0,1,1,0,4,3,1,0,1,0,0000000,99,99,22,59,88,88,0,0,0,1,1
1,10382,2,2,0,0,0,3,3,97,0,7,6,2013,6,8,5,0,3,4,CR-PADGETT SWITCH RD,,0,30.44111944,-88.21755278,0,12,8,0,1,1,0,1,1,10,0,10,0,0000000,99,99,8,17,99,99,0,0,0,1,0
1,10383,1,1,0,0,0,1,1,21,0,7,7,2013,1,21,35,0,4,4,CR-37,,0,32.89047778,-86.71086944,0,32,0,0,1,1,0,4,2,10,0,10,0,0000000,99,99,21,46,88,88,0,0,0,1,1
1,10384,1,1,0,0,0,2,2,53,0,8,7,2013,2,18,20,1,2,2,US-SR 3,,760,31.19694722,-87.0559,0,1,0,0,1,1,0,1,1,10,0,10,0,0000000,99,99,18,21,99,99,0,0,0,1,1
1,10385,1,1,0,0,0,1,1,101,2130,9,7,2013,3,2,0,0,16,6,OLD SELMA RD,,0,32.36441667,-86.36324444,0,32,0,0,1,1,0,4,3,10,0,10,0,0000000,99,99,2,10,99,99,20,0,0,1,1
1,10386,1,1,0,0,0,1,1,121,2910,9,7,2013,3,18,15,0,5,4,CR-175,,0,33.26503889,-86.22271389,0,42,0,0,1,1,0,4,1,1,0,1,0,0000000,99,99,18,30,88,88,0,0,0,1,0
1,10387,1,1,0,0,0,1,1,3,0,11,7,2013,5,22,0,0,3,3,SR-181,,12,30.43905556,-87.85237222,0,1,0,0,1,1,0,4,2,2,0,2,0,0000000,99,99,22,20,88,88,0,0,0,1,0
1,10388,2,2,0,0,0,13,13,95,0,14,7,2013,1,14,30,1,2,2,US-SR 1,,3030,34.44102222,-86.266875,0,12,6,0,1,1,0,1,1,1,0,1,0,0000000,99,99,14,38,99,99,0,0,0,4,0
1,10389,1,1,0,0,0,3,3,43,0,14,7,2013,1,16,35,1,1,1,I-65,,2950,34.00245278,-86.86159722,0,1,0,0,1,1,0,1,1,10,0,10,0,0000000,99,99,16,50,99,99,0,0,0,1,0
1,10390,1,1,0,0,0,2,2,69,0,16,7,2013,3,6,30,1,2,2,US-SR 1,,52,31.07389444,-85.405225,0,52,0,0,1,1,0,4,1,1,0,1,0,0000000,99,99,6,49,99,99,0,0,0,2,0
1,10391,1,1,0,0,0,1,1,17,0,16,7,2013,3,8,45,0,6,4,CR-25,,0,32.73039722,-85.37694167,0,59,0,0,1,1,0,4,1,10,0,10,0,0000000,99,99,9,8,99,99,0,0,0,1,1
1,10392,1,1,0,0,0,2,2,51,0,17,7,2013,4,9,5,0,6,4,CR-FERN RD,,0,32.620325,-86.31051667,0,35,0,0,1,1,0,4,1,1,0,1,0,0000000,99,99,9,15,99,99,0,0,0,1,0
1,10393,1,1,0,0,0,1,1,43,0,18,7,2013,5,20,10,0,4,2,US-SR 3,CR-1282,3354,34.29311944,-86.89878056,0,1,0,0,3,3,0,1,5,1,0,1,0,0000000,99,99,20,17,88,88,0,0,0,1,0
1,10394,2,2,0,0,0,2,2,31,0,18,7,2013,5,23,20,0,3,3,SR-167,,452,31.57730833,-85.93142778,0,12,2,0,1,1,0,1,2,10,0,10,0,0000000,99,99,23,33,88,88,0,0,0,1,0
1,10395,1,1,0,0,0,1,1,73,330,19,7,2013,6,12,19,1,13,3,SR-150,,0,33.37997778,-86.92629444,0,42,0,0,1,1,0,4,1,1,0,1,0,0000000,99,99,12,27,88,88,0,0,0,1,0
1,10396,1,1,0,1,1,1,1,103,0,20,7,2013,7,8,25,0,3,4,CR-UPPER RIVER ROAD,,0,34.53358333,-86.82301389,0,9,0,0,1,1,0,1,1,1,0,1,0,0000000,99,99,8,40,88,88,0,0,0,1,0
1,10397,2,2,0,0,0,3,3,89,0,20,7,2013,7,20,35,0,15,4,CR-NANCE ROAD,,0,34.78666944,-86.73161944,0,12,2,0,1,1,0,1,2,1,0,1,0,0000000,99,99,20,40,99,99,0,0,0,1,0
1,10398,1,1,0,0,0,1,1,45,0,21,7,2013,1,2,30,0,3,3,SR-27,,545,31.41572778,-85.52773056,0,1,0,0,1,1,0,4,2,10,0,10,0,0000000,99,99,4,5,99,99,0,0,0,1,0
1,10399,2,2,0,0,0,3,3,81,2812,21,7,2013,1,22,4,1,13,2,US-SR 431,LEE RD 298,0,32.54461667,-85.0962,0,12,6,0,2,2,0,1,2,1,0,1,0,0000000,99,99,22,14,99,99,0,0,0,1,0
1,10400,2,2,0,0,0,4,4,97,0,22,7,2013,2,6,30,1,1,1,I-10,,125,30.56445833,-88.19603056,0,12,2,0,1,1,0,1,1,10,0,10,0,0000000,99,99,99,99,99,99,0,0,0,1,0
1,10401,1,1,0,0,0,1,1,79,0,22,7,2013,2,21,0,0,4,4,CR-314,,0,34.76814167,-87.39194444,0,32,0,0,1,1,0,4,2,1,0,1,0,0000000,99,99,21,20,88,88,0,0,0,1,1
1,10402,1,1,0,0,0,1,1,51,0,24,7,2013,4,21,10,0,4,4,CR-MOUNT HEBRON RD,,0,32.69210556,-86.080125,0,42,0,0,1,1,0,4,2,10,0,10,0,0000000,99,99,21,25,88,88,0,0,0,1,0
1,10403,1,1,0,0,0,1,1,45,2380,25,7,2013,5,17,58,0,5,6,MATTHEWS AVE,,0,31.448925,-85.62965,0,30,0,0,1,1,0,4,1,1,0,1,0,0000000,99,99,18,6,99,99,0,0,0,1,1
1,10404,1,1,0,0,0,1,1,73,330,30,7,2013,3,10,35,1,11,1,I-59,,1101,33.38366389,-86.98933611,0,59,0,1,19,1,0,4,1,1,0,1,0,0000000,99,99,10,46,88,88,0,0,0,1,0
1,10405,1,1,0,0,0,2,2,21,1790,5,8,2013,2,22,50,0,4,4,CR-42,OLD MARS HILL ROAD,0,32.96159444,-86.75869444,0,40,0,0,1,1,0,4,3,1,0,1,0,0000000,99,99,23,3,99,99,0,0,0,1,1
1,10406,2,2,0,0,0,2,2,121,0,26,7,2013,6,12,20,1,2,2,US-SR 38,,377,33.22145278,-86.31975278,0,12,6,0,8,1,0,1,1,1,0,1,0,0000000,99,99,12,27,88,88,0,0,0,1,0
1,10407,2,2,0,0,0,3,3,85,0,26,7,2013,6,13,20,1,1,1,I-65,,1466,32.05253333,-86.496775,0,12,1,0,1,1,0,1,1,1,0,1,0,0000000,99,99,14,0,99,99,0,0,0,1,1
1,10408,2,2,0,0,0,2,2,73,0,10,7,2013,4,8,0,1,2,3,SR-75,SWEENY HOLLOW RD,0,33.68201389,-86.68210833,0,12,6,0,2,2,0,1,1,1,0,1,0,0000000,99,99,8,10,88,88,0,0,0,1,0
1,10409,2,2,0,0,0,6,6,131,2490,13,8,2013,3,15,20,1,2,3,SR-5,,105,31.99059444,-87.57805556,0,12,6,0,1,1,0,1,1,2,0,2,0,0000000,99,99,15,44,99,99,0,0,0,1,0
1,10410,2,2,0,0,0,3,3,117,0,14,7,2013,1,15,40,0,6,4,CR-OLD BUTTERMILK ROAD,,0,33.14873056,-86.87399722,0,12,7,0,1,1,0,1,1,1,0,1,0,0000000,99,99,15,45,99,99,0,0,0,1,0
1,10411,1,1,0,0,0,6,6,53,0,22,7,2013,2,17,12,0,5,4,CR-55,,0,31.04584167,-86.99636944,0,30,0,0,1,1,0,4,1,10,0,10,0,0000000,99,99,17,40,99,99,0,0,0,1,1
1,10412,1,1,0,0,0,1,1,49,0,23,7,2013,3,23,50,0,6,4,CR-485,,0,34.51536389,-85.74231667,0,32,0,0,1,1,0,4,2,10,0,10,0,0000000,99,99,0,16,88,88,0,0,0,1,1
1,10413,1,1,0,0,0,2,2,127,0,24,7,2013,4,15,35,0,3,3,SR-69,,2130,33.88763056,-87.15946389,0,42,0,0,1,1,0,4,1,1,0,1,0,0000000,99,99,15,55,99,99,0,0,0,1,0
1,10414,1,1,0,0,0,1,1,51,0,26,7,2013,6,1,10,0,4,4,CR-4,,0,32.46548333,-86.02386111,0,1,0,0,1,1,0,4,2,1,0,1,0,0000000,99,99,2,20,88,88,0,0,0,1,1
1,10415,1,1,0,0,0,2,2,115,0,26,7,2013,6,21,45,0,6,4,CR-CROSSOVER RD,,0,33.49554722,-86.35584444,0,1,0,0,1,1,0,4,2,1,0,1,0,0000000,99,99,22,5,99,99,0,0,0,1,1
1,10416,1,1,0,0,0,2,2,3,0,27,7,2013,7,2,50,0,6,4,CR-11,,0,30.41388889,-87.86361944,0,34,0,0,1,1,0,4,2,1,0,1,0,0000000,99,99,3,10,88,88,0,0,0,1,1
1,10417,2,1,1,0,0,2,2,121,1870,28,7,2013,1,6,55,1,11,1,I-20,,1661,33.59126944,-86.15896667,0,14,0,0,1,1,0,2,1,1,0,1,0,0000000,99,99,7,8,88,88,0,0,0,2,0
1,10418,3,3,0,0,0,6,6,125,3050,30,7,2013,3,23,23,1,13,2,US-SR 6,,545,33.15262778,-87.52455,0,12,6,0,1,1,0,1,2,1,0,1,0,0000000,99,99,23,35,99,99,20,0,0,1,1
1,10419,1,1,0,0,0,1,1,73,0,17,7,2013,4,23,15,0,5,4,CR-MAC HICKS ROAD,,0,33.72600278,-86.57277778,0,42,0,0,1,1,0,4,3,1,0,1,0,0000000,99,99,0,1,88,88,0,0,0,1,0
1,10420,1,1,0,0,0,1,1,127,0,1,8,2013,5,10,45,0,4,4,CR-PROSPECT RD,,0,33.92889444,-87.43400833,0,42,0,0,1,1,0,4,1,10,0,10,0,0000000,99,99,11,0,88,88,0,0,0,1,0
1,10421,2,2,0,0,0,2,2,35,0,2,8,2013,6,18,7,0,4,4,CR-23,,0,31.38425,-87.08085833,0,12,6,0,1,1,0,1,1,1,0,1,0,0000000,99,99,18,25,88,88,0,0,0,1,0
1,10422,2,2,0,0,0,2,2,111,0,2,8,2013,6,18,15,1,2,2,US-SR 1,CR-82,2036,33.42314444,-85.55063889,0,12,6,0,2,2,0,1,1,1,0,1,0,0000000,99,99,99,99,88,88,0,0,0,1,0
1,10423,1,1,0,0,0,3,3,89,0,3,8,2013,7,22,0,0,15,4,CR-OLD RAILROAD BED RD,,0,34.90325278,-86.73155556,0,42,0,0,1,1,0,4,2,1,0,1,0,0000000,99,99,22,8,99,99,0,0,0,1,1
1,10424,2,2,0,0,0,2,2,95,0,4,8,2013,1,23,20,0,2,3,SR-227,,246,34.44956944,-86.13853889,0,12,2,0,1,1,0,1,2,1,0,1,0,0000000,99,99,23,57,99,99,0,0,0,1,1
1,10425,1,1,0,0,0,1,1,65,0,5,8,2013,2,5,30,0,4,4,CR-50,,0,32.99645556,-87.58852222,0,34,0,0,1,1,0,4,2,10,0,10,0,0000000,99,99,6,45,88,88,0,0,0,1,0
1,10426,1,1,0,0,0,1,1,51,0,5,8,2013,2,11,40,0,6,4,CR-COLD SPRINGS ROAD,,0,32.60939167,-86.35152778,0,1,0,0,1,1,0,4,1,1,0,1,0,0000000,99,99,11,55,88,88,0,0,0,1,0
1,10427,2,2,0,1,1,3,3,73,350,1,6,2013,7,5,15,1,13,2,US-SR 5,,0,33.50518333,-86.85596944,0,8,0,0,1,1,0,1,2,1,0,1,0,0000000,99,99,5,17,88,88,0,0,0,1,1
1,10428,3,3,0,0,0,4,4,73,350,29,6,2013,7,22,35,1,13,2,US-SR 38,,0,33.44636667,-86.73663056,0,12,6,0,8,1,0,1,3,1,0,1,0,0000000,99,99,22,41,99,99,0,0,0,1,1
1,10429,2,2,0,0,0,2,2,125,2260,5,8,2013,2,10,20,1,13,3,SR-69,,1540,33.32228056,-87.57426667,0,12,2,0,1,1,0,1,1,1,0,1,0,0000000,99,99,10,35,99,99,0,0,0,1,0
1,10430,1,1,0,0,0,1,1,77,0,14,8,2013,4,16,25,0,5,4,CR-7,,0,34.89747778,-87.70825833,0,35,0,0,1,1,0,4,1,1,0,1,0,0000000,99,99,16,31,88,88,0,0,0,1,1
1,10431,2,1,1,0,1,1,2,111,0,29,7,2013,2,10,18,0,6,4,CR-531,,0,33.38706944,-85.38816944,0,45,0,0,1,1,2,1,1,1,0,1,0,0000000,99,99,10,26,99,99,0,0,0,1,0
1,10432,1,1,0,0,0,1,1,89,0,18,8,2013,1,1,40,0,15,4,CR-PATTERSON LANE,,0,34.88035,-86.58925556,0,34,0,0,1,1,0,4,2,99,0,99,0,0000000,99,99,9,38,88,88,0,0,0,1,0
1,10433,5,5,0,0,0,9,9,125,0,21,8,2013,4,12,57,1,1,1,I-59,,706,33.16550833,-87.56340833,0,12,1,0,1,1,0,1,1,1,0,1,0,0000000,99,99,13,12,99,99,0,0,0,1,0
1,10434,2,2,0,0,0,3,3,21,0,22,8,2013,5,7,30,1,1,1,I-65,,2178,32.95915833,-86.674,0,12,6,0,1,1,0,1,1,1,0,1,0,0000000,99,99,7,42,99,99,0,0,0,1,0
1,10435,1,1,0,1,1,1,1,1,0,24,8,2013,7,3,30,0,4,4,CR-1,,0,32.52705833,-86.848875,0,8,0,0,1,1,0,1,2,1,0,1,0,0000000,99,99,4,11,88,88,0,0,0,1,0
1,10436,2,2,0,0,0,3,3,51,2063,27,8,2013,3,17,4,0,14,3,SR-14,BIRCH ST,1605,32.51738056,-86.37426944,0,12,6,0,8,1,0,1,1,1,0,1,0,0000000,99,99,17,7,99,99,0,0,0,1,0
1,10437,3,3,0,0,0,6,6,111,0,22,8,2013,5,7,48,0,99,2,US-SR 1,,1995,33.37504722,-85.50945278,0,12,1,0,8,1,0,1,1,5,0,5,0,0000000,99,99,7,56,99,99,0,0,0,1,0
1,10438,2,2,0,0,0,2,2,113,0,28,8,2013,4,6,3,0,3,3,SR-169,SR-1,0,32.32883333,-85.16799444,0,12,6,0,2,2,0,1,4,1,0,1,0,0000000,99,99,6,30,88,88,0,0,0,1,0
1,10439,2,2,0,0,0,5,5,3,860,1,2,2013,6,7,11,1,13,2,US-SR 42,,405,30.59333056,-87.89797222,0,32,0,0,1,1,0,4,1,1,0,1,0,0000000,99,99,7,20,99,99,0,0,0,2,0
1,10440,1,1,0,0,0,1,1,83,0,3,8,2013,7,23,30,0,4,3,SR-99,,109,34.90408056,-87.08448333,0,24,0,0,1,1,0,4,2,5,0,5,0,0000000,88,88,88,88,88,88,0,0,0,1,0
1,10441,1,1,0,0,0,2,2,17,0,11,8,2013,1,0,33,0,4,4,CR-388,,0,32.74774167,-85.29502778,0,32,0,0,1,1,0,4,2,1,0,1,0,0000000,99,99,0,50,99,99,0,0,0,1,1
1,10442,3,3,0,0,0,3,3,81,0,12,8,2013,2,18,0,0,4,4,CR-270,,0,32.71705556,-85.20103333,0,12,2,0,1,1,0,1,1,10,0,10,0,0000000,99,99,18,10,99,99,0,0,0,1,1
1,10443,2,2,0,0,0,5,5,43,0,13,8,2013,3,16,10,0,4,2,US-SR 3,,3326,34.25748056,-86.87620278,0,12,1,0,1,1,0,1,1,10,0,10,0,0000000,99,99,16,26,99,99,0,0,0,1,0
1,10444,1,1,0,0,0,1,1,11,0,18,8,2013,1,2,30,0,5,4,CR-177,,0,32.16771944,-85.82023611,0,30,0,0,1,1,0,4,2,2,0,2,0,0000000,99,99,3,50,88,88,0,0,0,1,1
1,10445,1,1,0,0,0,1,1,13,0,18,8,2013,1,4,30,0,4,4,CR-46,,0,31.86465278,-86.83427222,0,42,0,0,1,1,0,4,2,2,0,2,0,0000000,99,99,6,43,88,88,0,0,0,1,1
1,10446,1,1,0,0,0,1,1,97,0,19,8,2013,2,4,35,0,4,3,SR-217,,130,30.86904444,-88.27359722,0,30,0,0,1,1,0,4,2,5,0,5,0,0000000,99,99,99,99,88,88,0,0,0,1,0
1,10447,1,1,0,0,0,4,4,73,330,21,8,2013,4,11,49,1,11,1,I-59,,1131,33.41196389,-86.96865278,0,1,0,1,18,1,0,1,1,1,0,1,0,0000000,99,99,11,52,99,99,0,0,0,1,0
1,10448,1,1,0,0,0,1,1,39,0,25,8,2013,1,2,0,0,5,4,CR-32,,0,31.21256667,-86.446625,0,42,0,0,1,1,0,4,2,1,0,1,0,0000000,99,99,3,20,88,88,0,0,0,1,1
1,10449,2,2,0,0,0,2,2,73,2960,9,8,2013,6,13,26,1,13,4,CR-TARRANT HUFFMAN RD,,0,33.58724167,-86.75114722,0,12,2,0,1,1,0,1,1,1,0,1,0,0000000,99,99,13,27,99,99,0,0,0,1,1
1,10450,1,1,0,0,0,2,2,11,3090,15,8,2013,5,22,41,0,4,6,PEACHBURG ROAD,PREACHBURG RD,0,32.15368611,-85.69855833,0,42,0,0,1,1,0,4,3,10,0,10,0,0000000,99,99,22,50,99,99,0,0,0,1,1
1,10451,1,1,0,0,0,1,1,123,60,16,8,2013,6,17,21,0,14,3,SR-22,,1191,32.96449167,-85.91258333,0,42,0,0,1,1,0,4,1,10,0,10,0,0000000,99,99,17,24,99,99,0,0,0,1,0
1,10452,2,2,0,0,0,2,2,49,1230,22,2,2013,6,8,52,0,16,4,CR-SCENIC ROAD E,,0,34.43751944,-85.70661667,0,12,2,0,1,1,0,1,1,10,0,10,0,0000000,99,99,8,57,99,99,0,0,0,1,0
1,10453,1,1,0,0,0,1,1,73,350,1,8,2013,5,12,0,0,16,6,GRANTS MILL ROAD,,0,33.52586667,-86.66507222,0,42,0,0,1,1,0,4,1,1,0,1,0,0000000,99,99,18,10,88,88,0,0,0,1,0
1,10454,1,1,0,0,0,1,1,33,0,26,8,2013,2,16,55,0,3,3,SR-184,,63,34.75716944,-87.55508056,0,1,0,0,1,1,0,4,1,1,0,1,0,0000000,99,99,17,32,99,99,0,0,0,1,0
1,10455,3,3,0,0,0,3,3,89,1970,27,8,2013,3,14,41,0,14,6,WALL TRIANA HWY,,0,34.71695,-86.750625,0,12,2,0,1,1,0,1,1,10,0,10,0,0000000,99,99,14,47,99,99,0,0,0,1,0
1,10456,2,2,0,0,0,2,2,113,0,29,8,2013,5,9,10,0,4,3,SR-165,FIRETOWER RD,146,32.18587778,-85.04332778,0,12,6,0,2,2,0,1,1,1,0,1,0,0000000,99,99,9,25,99,99,0,0,0,1,0
1,10457,2,2,0,0,0,2,2,115,160,30,8,2013,6,6,54,0,4,3,SR-23,,80,33.82646389,-86.27519722,0,12,1,0,1,1,0,1,1,1,0,1,1,0000000,99,99,7,2,88,88,0,0,0,1,0
1,10458,2,2,0,0,0,4,4,59,0,30,8,2013,6,15,18,1,2,2,US-SR 17,HWY 13,3016,34.40046944,-87.75200278,0,12,6,0,2,3,0,1,1,1,0,1,0,0000000,99,99,15,29,99,99,0,0,0,1,0
1,10459,1,1,0,0,0,1,1,97,0,30,8,2013,6,21,15,0,15,4,CR-PADGETT SWITCH ROAD,,0,30.51398056,-88.20819167,0,34,0,0,1,1,0,4,2,1,0,1,0,0000000,99,99,21,25,99,99,0,0,0,1,0
1,10460,3,1,2,0,0,1,1,73,350,23,8,2013,6,0,30,0,14,3,SR-269 20TH ST ENSLEY,,0,33.50955556,-86.89275833,0,1,0,0,1,1,0,4,3,1,0,1,0,0000000,99,99,0,32,88,88,14,0,0,1,0
1,10461,2,2,0,0,0,2,2,3,0,15,8,2013,5,13,35,0,3,3,SR-225,STILLWATER BLVD,33,30.71707222,-87.90151389,0,12,6,0,2,3,0,1,1,1,0,1,0,0000000,99,99,14,0,99,99,0,0,0,1,0
1,10462,1,1,0,0,0,3,3,49,2564,30,8,2013,6,20,18,0,6,4,CR-CARTER ST,,0,34.50669722,-85.80964722,0,52,0,0,1,1,0,4,2,10,0,10,0,0000000,99,99,20,32,99,99,0,0,0,2,0
1,10463,2,2,0,0,0,3,3,17,0,1,9,2013,1,11,40,0,4,4,CR-389,,0,32.78116944,-85.31425556,0,12,7,0,8,1,0,1,1,1,0,1,0,0000000,99,99,11,57,88,88,0,0,0,1,0
1,10464,2,2,0,0,0,3,3,91,0,1,9,2013,1,16,50,1,2,2,US-SR 13,,1167,32.26810556,-87.79501111,0,12,2,0,1,1,0,1,1,1,0,1,0,0000000,99,99,17,5,99,99,0,0,0,2,0
1,10465,1,1,0,1,1,1,1,83,0,2,9,2013,2,21,32,0,4,3,SR-251,,90,34.88329722,-86.82914444,0,8,0,0,1,1,0,1,2,1,0,1,0,0000000,99,99,21,40,88,88,0,0,0,1,0