STATE,ST_CASE,VE_TOTAL,VE_FORMS,PVH_INVL,PEDS,PERNOTMVIT,PERMVIT,PERSONS,COUNTY,CITY,DAY,MONTH,YEAR,DAY_WEEK,HOUR,MINUTE,NHS,ROAD_FNC,ROUTE,TWAY_ID,TWAY_ID2,MILEPT,LATITUDE,LONGITUD,SP_JUR,HARM_EV,MAN_COLL,RELJCT1,RELJCT2,TYP_INT,WRK_ZONE,REL_ROAD,LGT_COND,WEATHER1,WEATHER2,WEATHER,SCH_BUS,RAIL,NOT_HOUR,NOT_MIN,ARR_HOUR,ARR_MIN,HOSP_HR,HOSP_MN,CF1,CF2,CF3,FATALS,DRUNK_DR
1,10466,1,1,0,0,0,1,1,101,2130,3,9,2013,3,13,55,0,5,4,CR-OLD CARTER HILL ROAD,,0,32.26857222,-86.09940278,0,34,0,0,1,1,0,4,1,1,0,1,0,0000000,99,99,14,25,88,88,0,0,0,1,0
1,10467,2,2,0,0,0,2,2,83,0,3,9,2013,3,16,35,0,5,4,CR-NICK DAVIS RD,WELLHOUSE RD,0,34.80280278,-86.81984444,0,12,6,0,2,3,0,1,1,1,0,1,0,0000000,99,99,16,45,88,88,0,0,0,1,0
1,10468,1,1,0,0,0,2,2,49,0,4,9,2013,4,2,39,0,6,4,CR-295,,0,34.40248889,-85.64070556,0,34,0,0,1,1,0,4,2,1,0,1,0,0000000,99,99,2,55,99,99,20,0,0,1,0
1,10469,1,1,0,0,0,1,1,73,0,4,9,2013,4,14,45,1,11,1,I-459,,310,33.56939722,-86.63803889,0,25,0,0,1,1,0,3,1,1,0,1,0,0000000,99,99,14,55,99,99,0,0,0,1,0
1,10470,1,1,0,0,0,1,1,3,0,7,9,2013,7,3,30,0,3,2,US-SR 3,,86,30.71013333,-87.805875,0,30,0,0,1,1,0,4,2,1,0,1,0,0000000,99,99,3,50,88,88,0,0,0,1,1
1,10471,1,1,0,0,0,2,2,11,0,1,9,2013,1,2,40,0,3,2,US-SR 6,,1800,32.13943889,-85.99163333,0,42,0,0,1,1,0,4,2,1,0,1,0,0000000,99,99,3,35,99,99,0,0,0,1,0
1,10472,2,2,0,0,0,2,2,21,9997,6,9,2013,6,5,40,0,3,2,US-SR 3,,2403,33.06505556,-86.75249444,0,12,2,0,1,1,0,1,2,1,0,1,0,0000000,99,99,5,50,99,99,0,0,0,1,0
1,10473,1,1,0,0,0,1,1,117,655,7,9,2013,7,23,0,0,15,4,CR-36,,0,33.31769167,-86.65896944,0,32,0,0,1,1,0,4,2,1,0,1,0,0000000,99,99,23,10,88,88,0,0,0,1,0
1,10474,1,1,0,0,0,1,1,37,0,9,9,2013,2,7,40,0,4,4,CR-55,,0,32.95344722,-86.46551111,0,42,0,0,1,1,0,4,1,1,0,1,0,0000000,99,99,8,10,88,88,0,0,0,1,0
1,10475,2,2,0,0,0,3,3,107,0,9,9,2013,2,15,30,0,4,4,CR-30,CR-35,0,33.40059167,-88.14174167,0,12,6,0,2,2,0,1,1,1,0,1,0,0000000,99,99,16,46,99,99,0,0,0,1,0
1,10476,1,1,0,0,0,1,1,21,0,11,9,2013,4,15,18,1,1,1,I-65,,2041,32.78156111,-86.57262222,0,1,0,0,1,1,0,1,1,1,0,1,0,0000000,99,99,15,25,88,88,0,0,0,1,0
1,10477,1,1,0,0,0,1,1,89,1730,11,9,2013,4,15,29,0,14,6,GLENN HEARN BLVD,,0,34.65853611,-86.76902778,0,1,0,0,1,1,0,1,1,1,0,1,0,0000000,99,99,15,39,88,88,0,0,0,1,0
1,10478,2,2,0,0,0,2,2,101,2130,11,9,2013,4,17,9,0,14,6,ATLANTA HWY,BROWN SPRINGS ROAD,0,32.382325,-86.18001389,0,12,6,0,2,2,0,1,1,1,0,1,0,0000000,99,99,17,14,99,99,0,0,0,1,0
1,10479,2,2,0,0,0,2,2,43,0,14,9,2013,7,14,25,0,4,4,CR-1527,,0,34.30226111,-86.72191389,0,12,2,0,1,1,0,1,1,1,0,1,0,0000000,99,99,14,40,99,99,0,0,0,1,0
1,10480,1,1,0,0,0,1,1,53,0,14,9,2013,7,21,30,0,16,4,CR-SARDIS CHURCH RD,,0,31.06763056,-87.357525,0,1,0,0,1,1,0,4,2,1,0,1,0,0000000,99,99,21,52,88,88,0,0,0,1,1
1,10481,1,1,0,0,0,1,1,15,0,16,9,2013,2,15,40,0,4,4,CR-FRIENDSHIP RD,,0,33.58699167,-85.75621944,0,1,0,0,1,1,0,4,1,1,0,1,0,0000000,99,99,15,56,88,88,0,0,0,1,0
1,10482,2,2,0,0,0,2,2,73,350,11,8,2013,1,19,43,1,11,1,I-59,,1295,33.54610833,-86.76209167,0,12,9,0,1,1,0,1,3,1,0,1,0,0000000,99,99,19,47,88,88,0,0,0,1,1
1,10483,1,1,0,0,0,1,1,73,350,31,8,2013,7,19,35,0,14,6,GADSDEN HWY,,0,33.58344444,-86.67140833,0,24,0,0,1,1,0,4,2,1,0,1,0,0000000,99,99,19,46,88,88,0,0,0,1,1
1,10484,1,1,0,0,0,2,2,73,350,15,9,2013,1,3,0,0,3,3,SR-119,,0,33.46348056,-86.64185556,0,42,0,0,1,1,0,4,6,1,0,1,0,0000000,99,99,3,21,99,99,0,0,0,1,1
1,10485,2,2,0,0,0,2,2,15,2325,21,9,2013,7,13,14,1,2,3,SR-77,,1910,33.81281389,-86.03660833,0,12,6,0,1,1,0,1,1,2,0,2,0,0000000,99,99,13,32,88,88,0,0,0,1,0
1,10486,1,1,0,0,0,1,1,3,1493,21,9,2013,7,23,55,0,4,3,SR-180,,30,30.23335833,-87.95030278,0,1,0,0,1,1,0,4,2,2,0,2,0,0000000,99,99,1,35,88,88,0,0,0,1,0
1,10487,1,1,0,0,0,1,1,81,2340,1,10,2013,3,7,12,1,13,2,US-SR 14,,0,32.63721944,-85.41472778,0,42,0,0,1,1,0,4,1,10,0,10,0,0000000,99,99,7,20,99,99,0,0,0,1,1
1,10488,1,1,0,0,0,1,1,101,2130,3,7,2013,4,23,26,0,16,6,HAYNEVILLE ROAD,,0,32.34867222,-86.35943611,0,30,0,0,1,1,0,4,6,1,0,1,0,0000000,99,99,23,29,88,88,0,0,0,1,1
1,10489,2,2,0,0,0,4,4,73,0,8,8,2013,5,9,30,0,16,4,CR-SHANNON OXMOOR RD,,0,33.41105278,-86.86718056,0,12,2,0,1,1,0,1,1,1,0,1,0,0000000,99,99,9,40,99,99,0,0,0,1,0
1,10490,1,1,0,0,0,2,2,81,0,18,8,2013,1,4,40,1,1,1,I-85,,680,32.71712778,-85.303875,0,24,0,0,1,1,0,4,2,10,0,10,0,0000000,99,99,4,55,99,99,0,0,0,1,1
1,10491,2,2,0,0,0,2,2,9,0,1,9,2013,1,17,58,1,2,3,SR-79,,231,33.84417222,-86.66374444,0,12,6,0,1,1,0,1,1,1,0,1,0,0000000,99,99,18,9,99,99,0,0,0,1,1
1,10492,1,1,0,0,0,1,1,49,0,2,9,2013,2,21,0,0,6,4,CR-515,,0,34.52193333,-85.79421667,0,34,0,0,1,1,0,4,2,10,0,10,0,0000000,99,99,21,19,99,99,0,0,0,1,1
1,10493,1,1,0,1,1,1,1,97,2100,3,9,2013,3,8,37,1,13,6,AIRPORT BLVD,,0,30.67642778,-88.095875,0,9,0,0,1,1,0,1,1,1,0,1,0,0000000,99,99,8,40,99,99,0,0,0,1,0
1,10494,1,1,0,0,0,1,1,127,0,8,9,2013,1,19,30,0,4,4,CR-HOLLY GROVE ROAD,,0,33.83274444,-87.31066389,0,35,0,0,1,1,0,4,3,1,0,1,0,0000000,99,99,19,40,99,99,0,0,0,1,1
1,10495,1,1,0,0,0,1,1,9,0,8,9,2013,1,21,18,1,2,3,SR-79,,337,33.95451111,-86.58696389,0,1,0,0,1,1,0,4,2,1,0,1,0,0000000,99,99,21,20,88,88,20,0,0,1,0
1,10496,1,1,0,0,0,1,1,127,0,10,9,2013,3,20,15,0,4,3,SR-269,,370,33.77331944,-87.27419722,0,34,0,0,1,1,0,4,2,10,0,10,0,0000000,99,99,20,30,88,88,0,0,0,1,1
1,10497,2,2,0,0,0,3,3,73,350,9,9,2013,2,12,16,1,13,2,US-SR 38,CAHABA PARK CIRCLE WEST,0,33.42823056,-86.70723056,0,12,6,0,2,2,1,1,1,1,0,1,0,0000000,99,99,12,21,88,88,0,0,0,2,0
1,10498,3,3,0,0,0,4,4,97,0,11,9,2013,4,19,40,0,14,4,CR-SNOW ROAD,,0,30.65975556,-88.27354722,0,12,2,0,1,1,0,1,2,1,0,1,0,0000000,99,99,19,54,99,99,0,0,0,1,0
1,10499,1,1,0,0,0,4,4,117,0,13,9,2013,6,2,0,0,5,4,CR-41,,0,33.47291944,-86.57421111,0,42,0,0,1,1,0,4,2,1,0,1,0,0000000,99,99,2,12,99,99,0,0,0,1,0
1,10500,1,1,0,0,0,1,1,77,0,13,9,2013,6,18,55,0,4,3,SR-64,,15,34.93353333,-87.50484444,0,34,0,0,1,1,0,4,2,1,0,1,0,0000000,99,99,19,4,88,88,0,0,0,1,0
1,10501,2,2,0,0,0,3,3,117,0,14,9,2013,7,18,30,1,13,2,US-SR 38,CR-39,159,33.35119722,-86.61070833,0,12,6,0,2,2,0,1,1,1,0,1,0,0000000,99,99,18,40,99,99,0,0,0,1,0
1,10502,1,1,0,0,0,1,1,103,0,15,9,2013,1,2,0,0,4,4,CR-IRON MAN RD,,0,34.44433333,-87.015675,0,32,0,0,1,1,0,4,2,1,0,1,0,0000000,99,99,6,45,88,88,0,0,0,1,1
1,10503,1,1,0,1,1,1,1,97,0,16,9,2013,2,1,30,0,3,3,SR-217,,79,30.80063611,-88.23969444,0,8,0,0,1,1,0,1,2,1,0,1,0,0000000,99,99,1,43,88,88,0,0,0,1,0
1,10504,2,2,0,0,0,2,2,19,0,16,9,2013,2,8,5,0,3,2,US-SR 25,CR-34,2506,34.10263056,-85.53442778,0,12,6,0,2,2,0,1,1,5,0,5,0,0000000,99,99,8,9,99,99,0,0,0,1,0
1,10505,2,2,0,0,0,2,2,125,0,16,9,2013,2,7,36,0,6,4,CR-DOUGLAS DR,ROYAL DR,0,33.29043611,-87.13188333,0,12,2,0,3,3,0,1,1,1,0,1,0,0000000,99,99,9,5,99,99,0,0,0,1,0
1,10506,2,2,0,0,0,2,2,13,0,17,9,2013,3,5,40,0,3,3,SR-263,,36,31.92600556,-86.69363333,0,12,6,0,8,1,0,1,2,1,0,1,0,0000000,99,99,5,55,88,88,0,0,0,1,1
1,10507,2,2,0,0,0,2,2,3,1210,17,9,2013,3,20,53,0,3,6,FOLEY BEACH EXPRESS,CR-12,0,30.35572222,-87.65423611,0,12,6,0,2,2,0,1,2,1,0,1,0,0000000,99,99,99,99,88,88,0,0,0,1,0
1,10508,1,1,0,0,0,1,1,97,0,19,9,2013,5,12,20,1,1,1,I-10,,147,30.571375,-88.18621667,0,1,0,0,1,1,0,3,1,1,0,1,0,0000000,99,99,99,99,88,88,0,0,0,1,0
1,10509,2,2,0,0,0,3,3,3,0,20,9,2013,6,7,15,0,3,3,SR-181,CR-24,25,30.4431,-87.8524,0,12,6,0,2,2,0,1,1,1,0,1,0,0000000,99,99,7,28,88,88,0,0,0,1,0
1,10510,1,1,0,0,0,6,6,115,9997,21,9,2013,7,18,15,0,6,6,CARRINGTON LAKES PKWY,HIGHLAND TRACE,0,33.64154167,-86.53002222,0,1,0,0,2,2,0,1,5,10,0,10,0,0000000,99,99,18,24,99,99,0,0,0,1,0
1,10511,1,1,0,0,0,1,1,121,2910,22,9,2013,1,0,54,1,14,3,SR-21,,2323,33.44450278,-86.07552222,0,32,0,0,1,1,0,4,3,1,0,1,0,0000000,99,99,1,3,88,88,0,0,0,1,1
1,10512,1,1,0,0,0,1,1,101,0,24,9,2013,3,19,55,1,2,2,US-SR 53,,984,32.09956389,-86.06519722,0,42,0,0,1,1,0,4,2,2,0,2,0,0000000,99,99,20,0,88,88,0,0,0,1,0
1,10513,4,4,0,0,0,4,4,83,9997,25,9,2013,4,16,6,1,11,1,I-565,,10,34.63139722,-86.88431944,0,12,7,0,1,1,0,1,1,1,0,1,0,0000000,99,99,16,30,99,99,0,0,0,2,0
1,10514,1,1,0,0,0,2,2,73,1110,20,7,2013,7,0,25,1,11,1,I-20,,1180,33.48193889,-86.91969167,0,34,0,1,5,1,0,4,3,98,0,98,0,0000000,99,99,0,33,88,88,0,0,0,1,0
1,10515,2,2,0,0,0,4,4,21,700,30,9,2013,2,14,59,0,3,3,SR-145,OLLIE AVE,6,32.84962222,-86.62302222,0,12,6,0,2,3,0,1,1,1,0,1,0,0000000,99,99,13,3,99,99,0,0,0,1,0
1,10516,2,2,0,0,0,2,2,97,2100,11,9,2013,4,15,0,1,13,2,US-SR 16,FRANKLIN ST,114,30.68869444,-88.04560278,0,12,6,0,2,2,0,1,1,1,0,1,0,0000000,99,99,15,1,99,99,0,0,0,1,0
1,10517,2,2,0,0,0,2,2,111,3230,16,9,2013,2,6,55,1,2,2,US-SR 1,CR-333,1932,33.29026111,-85.47501111,0,12,6,0,2,2,0,1,1,1,0,1,0,0000000,99,99,7,5,99,99,0,0,0,1,0
1,10518,2,2,0,0,0,2,2,125,2260,22,9,2013,1,12,11,0,14,4,CR-ROSE BLVD,,0,33.25625278,-87.64326111,0,12,6,0,1,1,0,1,1,1,0,1,0,0000000,99,99,12,24,99,99,0,0,0,1,0
1,10519,2,2,0,1,1,2,2,3,0,23,9,2013,2,23,15,0,3,4,CR-32,,0,30.47327222,-87.79120833,0,8,0,0,1,1,0,1,2,10,0,10,0,0000000,99,99,23,30,88,88,0,0,0,1,0
1,10520,4,4,0,0,0,5,5,83,9997,25,9,2013,4,19,30,1,11,1,I-565,,5,34.62915556,-86.8952,0,12,1,0,1,1,0,1,1,1,0,1,0,0000000,99,99,19,55,99,99,19,0,0,1,2
1,10521,2,2,0,0,0,2,2,117,47,26,9,2013,5,14,30,0,14,2,US-SR 3,,2480,33.208225,-86.78255,0,12,6,0,1,1,0,1,1,1,0,1,0,0000000,99,99,14,39,99,99,0,0,0,1,0
1,10522,1,1,0,0,0,1,1,113,2440,29,9,2013,1,1,25,1,13,6,14TH ST,,0,32.47294722,-85.01320833,0,53,0,0,1,1,0,4,3,1,0,1,0,0000000,99,99,1,34,99,99,20,0,0,1,0
1,10523,2,2,0,0,0,3,3,7,0,27,9,2013,6,5,45,0,3,3,SR-25,,977,32.99438611,-87.05835556,0,12,2,0,1,1,0,1,2,1,0,1,0,0000000,99,99,5,58,99,99,0,0,0,1,1
1,10524,2,2,0,0,0,2,2,47,0,27,9,2013,6,17,30,0,3,3,SR-22,CR-16,310,32.50499444,-86.98961667,0,12,6,0,2,3,0,1,1,1,0,1,0,0000000,99,99,17,45,99,99,0,0,0,1,0
1,10525,2,2,0,0,0,3,3,97,2100,28,9,2013,7,17,32,1,13,2,US-SR 16,,175,30.58721667,-88.16963333,0,12,6,0,8,1,0,1,1,1,0,1,0,0000000,99,99,17,45,99,99,0,0,0,1,1
1,10526,3,3,0,0,0,4,4,47,0,28,9,2013,7,21,21,0,3,3,SR-22,,191,32.38513333,-87.085875,0,12,1,0,1,1,0,1,3,1,0,1,0,0000000,99,99,21,40,99,99,0,0,0,1,1
1,10527,2,2,0,0,0,2,2,25,0,30,9,2013,2,10,30,1,2,2,US-SR 12,,486,31.66068333,-87.72369444,0,12,6,0,1,1,0,1,1,2,0,2,0,0000000,99,99,10,40,99,99,0,0,0,1,0
1,10528,1,1,0,0,0,1,1,35,1080,1,10,2013,3,10,29,1,2,2,US-SR 12,,945,99.99990000,999.99990000,0,35,0,0,1,1,0,4,1,10,0,10,0,0000000,99,99,10,44,88,88,0,0,0,1,0
1,10529,1,1,0,1,1,1,1,97,0,2,10,2013,4,5,55,1,2,2,US-SR 13,,146,30.93633056,-88.02483611,0,8,0,0,1,1,0,1,2,10,0,10,0,0000000,99,99,6,15,88,88,0,0,0,1,0
1,10530,1,1,0,0,0,1,1,121,0,6,10,2013,1,23,41,1,2,3,SR-77,,728,33.55873333,-86.12645833,0,32,0,0,1,1,0,4,2,2,0,2,0,0000000,99,99,23,53,99,99,0,0,0,1,1
1,10531,1,1,0,0,0,2,2,55,1280,16,10,2013,4,12,31,0,14,6,FORREST AVE,,0,34.01855833,-86.05825278,0,42,0,0,1,1,0,4,1,10,0,10,0,0000000,99,99,12,35,99,99,0,0,0,1,0
1,10532,1,1,0,0,0,1,1,97,2100,18,10,2013,6,19,15,0,16,6,ROSEDALE ROAD,,0,30.62343889,-88.07372778,0,34,0,0,1,1,0,4,2,1,0,1,0,0000000,99,99,19,22,88,88,0,0,0,1,0
1,10533,1,1,0,0,0,1,1,3,0,1,10,2013,3,10,25,0,4,4,CR-40,,0,30.79942778,-87.84015833,0,35,0,0,1,1,0,4,1,1,0,1,0,0000000,99,99,10,39,88,88,0,0,0,1,0
1,10534,1,1,0,0,0,1,1,45,0,1,10,2013,3,21,0,1,2,2,US-SR 53,,560,31.59019444,-85.77775,0,1,0,0,1,1,0,4,2,1,0,1,0,0000000,99,99,21,25,88,88,20,0,0,1,1
1,10535,1,1,0,0,0,1,1,77,0,2,10,2013,4,7,0,0,14,3,SR-17,,3388,34.89115833,-87.67164722,0,34,0,0,1,1,0,4,1,1,0,1,0,0000000,99,99,7,10,88,88,0,0,0,1,0
1,10536,1,1,0,0,0,1,1,101,2130,2,10,2013,4,19,10,1,11,1,I-65,,1690,32.33781389,-86.32990278,0,38,0,0,1,1,0,4,3,1,0,1,0,0000000,99,99,19,19,88,88,0,0,0,1,0
1,10537,1,1,0,0,0,1,1,79,0,3,10,2013,5,23,15,0,4,3,SR-33,,158,34.35108889,-87.3354,0,2,0,0,1,1,0,4,2,1,0,1,0,0000000,88,88,88,88,88,88,0,0,0,1,0
1,10538,2,2,0,0,0,3,3,113,2440,4,10,2013,6,13,41,1,13,2,US-SR 1,,1155,32.49506389,-85.04058889,0,12,6,0,8,1,0,1,1,1,0,1,0,0000000,99,99,13,50,99,99,0,0,0,1,0
1,10539,1,1,0,0,0,1,1,83,0,4,10,2013,6,3,30,0,6,4,CR-PRYOR RD,,0,34.61439167,-86.84441111,0,34,0,0,1,1,0,4,2,1,0,1,0,0000000,99,99,15,45,88,88,0,0,0,1,0
1,10540,2,2,0,1,1,1,1,23,0,4,10,2013,6,9,40,0,3,3,SR-17,,950,31.92330278,-88.30310278,0,8,0,0,1,1,0,1,1,1,0,1,0,0000000,99,99,9,56,99,99,14,0,0,1,0
1,10541,1,1,0,0,0,1,1,47,0,5,10,2013,7,15,40,0,4,4,CR-85,,0,32.14601389,-86.96041389,0,34,0,0,1,1,0,4,1,1,0,1,0,0000000,99,99,16,0,88,88,0,0,0,1,1
1,10542,1,1,0,0,0,1,1,101,0,5,10,2013,7,19,30,0,4,4,CR-LOWER DUBLIN ROAD,,0,32.03608056,-86.19639444,0,1,0,0,1,1,0,4,2,10,0,10,0,0000000,99,99,19,50,99,99,0,0,0,1,1
1,10543,1,1,0,1,1,1,1,103,0,5,10,2013,7,19,45,0,5,4,CR-LAWRENCE COVE ROAD,,0,34.35926389,-86.70208056,0,49,0,0,1,1,0,1,2,1,0,1,0,0000000,99,99,20,10,99,99,0,0,0,1,0
1,10544,1,1,0,1,1,1,1,103,0,5,10,2013,7,10,15,1,2,3,SR-24,,653,34.56830833,-87.09438611,0,8,0,0,1,1,0,4,1,1,0,1,0,0000000,99,99,10,20,99,99,0,0,0,1,1
1,10545,1,1,0,0,0,2,2,33,0,6,10,2013,1,1,0,0,5,4,CR-77,,0,34.64638333,-87.61683611,0,32,0,0,1,1,0,4,2,10,0,10,0,0000000,99,99,10,25,88,88,0,0,0,2,0
1,10546,1,1,0,0,0,1,1,85,0,7,10,2013,2,14,30,0,4,4,CR-7,,0,32.11116111,-86.84730278,0,1,0,0,1,1,0,4,1,1,0,1,0,0000000,99,99,15,20,88,88,0,0,0,1,0
1,10547,1,1,0,0,0,1,1,35,0,7,10,2013,2,14,59,1,2,2,US-SR 12,,1143,31.41253056,-86.75382778,0,35,0,0,1,1,0,4,1,1,0,1,0,0000000,99,99,16,45,88,88,0,0,0,1,0
1,10548,1,1,0,0,0,1,1,131,0,8,10,2013,3,13,45,1,2,3,SR-5,,250,32.16775556,-87.49394444,0,1,0,0,1,1,0,4,1,1,0,1,0,0000000,99,99,14,43,88,88,0,0,0,1,0
1,10549,1,1,0,0,0,1,1,45,0,9,10,2013,4,20,53,0,6,4,CR-41,,0,31.58200556,-85.49083333,0,35,0,0,1,1,0,4,2,1,0,1,0,0000000,99,99,21,6,88,88,0,0,0,1,1
1,10550,2,2,0,0,0,2,2,9,0,10,10,2013,5,21,38,1,2,3,SR-79,,227,33.84261944,-86.66473889,0,12,6,0,1,1,0,1,2,1,0,1,0,0000000,99,99,21,43,99,99,0,0,0,1,1
1,10551,1,1,0,0,0,1,1,89,0,10,10,2013,5,11,20,0,6,4,CR-WALT CAMPBELL ROAD,,0,34.94363611,-86.53519722,0,42,0,0,1,1,0,4,1,1,0,1,0,0000000,88,88,88,88,88,88,0,0,0,1,0
1,10552,2,2,0,0,0,2,2,97,2100,11,10,2013,6,10,18,1,13,6,UNIVERSITY BLVD,ZEIGLER BLVD,0,30.711175,-88.17006667,0,12,6,0,2,2,0,1,1,1,0,1,0,0000000,99,99,10,24,99,99,0,0,0,1,0
1,10553,1,1,0,0,0,1,1,43,0,12,10,2013,7,14,32,1,1,1,I-65,,3165,34.29394722,-86.91136944,0,24,0,0,1,1,0,3,1,1,0,1,0,0000000,99,99,14,51,88,88,0,0,0,1,0
1,10554,1,1,0,1,1,1,1,87,0,12,10,2013,7,22,15,1,1,1,I-85,,223,32.40746667,-85.95739167,0,8,0,0,1,1,0,1,3,1,0,1,0,0000000,99,99,22,35,88,88,0,0,0,1,0
1,10555,1,1,0,0,0,1,1,85,1605,14,10,2013,2,0,0,0,5,4,CR-2,,0,32.16923889,-86.64913611,0,42,0,0,1,1,0,4,2,1,0,1,0,0000000,99,99,7,0,88,88,0,0,0,1,1
1,10556,2,2,0,0,0,2,2,113,2440,16,10,2013,4,6,20,1,13,2,US-SR 1,,1116,32.45309167,-85.01283889,0,12,2,0,1,1,0,1,3,1,0,1,0,0000000,99,99,6,27,99,99,0,0,0,1,0
1,10557,1,1,0,1,1,3,3,69,930,17,10,2013,5,19,40,1,13,3,SR-210,,0,31.21794722,-85.43140278,0,8,0,0,1,1,0,1,3,10,0,10,0,0000000,99,99,19,46,99,99,0,0,0,1,0
1,10558,1,1,0,0,0,1,1,121,0,19,10,2013,7,22,5,1,2,3,SR-77,,712,33.52192778,-86.12566111,0,34,0,0,1,1,0,3,2,1,0,1,0,0000000,99,99,22,17,88,88,0,0,0,1,1
1,10559,2,2,0,0,0,2,2,3,1120,17,10,2013,5,15,17,1,2,6,GREENO RD,GAYFER RD,0,30.53095556,-87.88620556,0,12,6,0,2,2,0,1,1,2,0,2,0,0000000,99,99,15,22,99,99,0,0,0,1,0
1,10560,2,2,0,0,0,3,3,85,0,18,10,2013,6,5,18,1,2,2,US-SR 8,,1092,32.26941111,-86.52102778,0,12,2,0,1,1,0,1,2,1,0,1,0,0000000,99,99,5,25,99,99,0,0,0,2,1
1,10561,2,2,0,0,0,2,2,79,0,18,10,2013,6,17,30,0,3,3,SR-101,SR-157,90,34.58917222,-87.42421111,0,12,6,0,2,2,0,1,1,1,0,1,0,0000000,99,99,17,45,99,99,0,0,0,1,0
1,10562,2,2,0,0,0,2,2,3,0,20,10,2013,1,11,4,0,4,4,CR-44,CR-13,0,30.50176111,-87.86927778,0,12,6,0,2,2,0,1,1,1,0,1,0,0000000,99,99,11,11,99,99,0,0,0,1,0
1,10563,1,1,0,0,0,1,1,89,0,21,10,2013,2,6,5,0,4,4,CR-JOE QUICK ROAD,,0,34.93288889,-86.52991944,0,30,0,0,1,1,0,4,1,1,0,1,0,0000000,99,99,6,30,88,88,0,0,0,1,0
1,10564,2,2,0,0,0,7,7,3,2890,25,5,2013,7,15,24,0,14,4,CR-83,,0,30.51501111,-87.66604444,0,12,2,0,1,1,0,1,1,1,0,1,0,0000000,99,99,15,24,99,99,0,0,0,1,0
1,10565,1,1,0,0,0,1,1,123,550,2,9,2013,2,4,4,0,4,3,SR-50,,0,32.80634722,-85.64998056,0,1,0,0,1,1,0,4,2,10,0,10,0,0000000,99,99,4,18,88,88,0,0,0,1,1
1,10566,1,1,0,0,0,1,1,63,0,7,9,2013,7,17,15,0,4,4,CR-191,,0,33.11651944,-87.86329444,0,42,0,0,1,1,0,4,1,1,0,1,0,0000000,88,88,88,88,88,88,0,0,0,1,1
1,10567,4,4,0,0,0,6,6,101,2130,27,9,2013,6,22,38,1,13,6,TROY HIGHWAY,PLAZA DRIVE,0,32.31745833,-86.23173611,0,12,6,0,2,2,0,1,3,1,0,1,0,0000000,99,99,22,43,99,99,0,0,0,1,0
1,10568,2,2,0,0,0,3,3,123,1762,5,9,2013,5,16,50,1,2,2,US-SR 38,PECKERWOOD ROAD,766,32.88106667,-85.85029444,0,12,6,0,2,2,0,1,1,1,0,1,0,0000000,99,99,17,1,99,99,0,0,0,1,0
1,10569,1,1,0,1,1,1,1,89,2225,16,9,2013,2,19,10,1,13,2,US-SR 1,ED SPEARS RD,3173,34.55535278,-86.43748056,0,8,0,0,3,2,0,1,3,1,0,1,0,0000000,99,99,19,28,88,88,0,0,0,1,0
1,10570,1,1,0,0,0,1,1,3,9997,20,10,2013,1,5,52,0,15,3,SR-180,,130,30.24568056,-87.78780556,0,42,0,0,1,1,0,4,2,1,0,1,0,0000000,99,99,6,2,88,88,0,0,0,1,1
1,10571,2,2,0,0,0,4,4,97,2550,21,10,2013,2,15,32,0,14,4,CR-BEARFORK RD,,0,30.74901944,-88.14073889,0,12,2,0,1,1,0,1,1,1,0,1,0,0000000,99,99,15,32,99,99,0,0,0,1,0
1,10572,3,3,0,0,0,5,5,97,0,15,10,2013,3,21,10,0,14,4,CR-GRELOT ROAD,,0,30.66120556,-88.21861389,0,34,0,0,1,1,0,3,3,1,0,1,0,0000000,99,99,21,18,99,99,0,0,0,1,0
1,10573,1,1,0,0,0,1,1,103,0,17,10,2013,5,14,35,0,6,4,CR-WILSON MOUNTAIN ROAD,,0,34.4004,-86.80308611,0,1,0,0,1,1,0,4,1,10,0,10,0,0000000,88,88,88,88,88,88,0,0,0,1,0
1,10574,2,1,1,0,0,1,1,97,0,18,10,2013,6,23,45,0,4,4,CR-BEVERLY JEFFRIES HWY,LOTT RD,0,31.08543056,-88.39643889,0,14,0,0,3,3,4,5,2,2,0,2,0,0000000,99,99,23,53,99,99,0,0,0,1,1
1,10575,1,1,0,0,0,1,1,89,0,19,10,2013,7,1,35,0,4,2,US-SR 2,,1070,34.75069722,-86.45974444,0,34,0,0,1,1,0,3,2,1,0,1,0,0000000,99,99,1,45,88,88,0,0,0,1,0
1,10576,1,1,0,0,0,1,1,65,0,19,10,2013,7,1,45,0,6,4,CR-28,,0,32.70671111,-87.64978889,0,34,0,0,1,1,0,4,2,1,0,1,0,0000000,99,99,2,27,88,88,0,0,0,1,1
1,10577,1,1,0,0,0,1,1,121,0,19,10,2013,7,3,10,0,6,4,CR-FAYETTEVILLE HWY,,0,33.16551111,-86.29457778,0,34,0,0,1,1,0,4,3,2,0,2,0,0000000,99,99,3,24,99,99,0,0,0,1,1
1,10578,2,2,0,0,0,2,2,95,1500,21,10,2013,2,8,53,0,14,3,SR-227,WEST ST,380,34.34580278,-86.27928889,0,12,6,0,2,3,0,1,1,1,0,1,0,0000000,99,99,9,0,99,99,0,0,0,1,0
1,10579,1,1,0,0,0,1,1,47,0,21,10,2013,2,15,5,0,4,3,SR-140,,110,32.44571944,-86.88176667,0,1,0,0,1,1,0,4,1,1,0,1,0,0000000,99,99,15,40,99,99,0,0,0,1,0
1,10580,2,2,0,0,0,4,4,101,2130,23,10,2013,4,12,8,1,11,1,I-85,,40,32.35904444,-86.246325,0,12,2,1,18,1,1,1,1,1,0,1,0,0000000,99,99,12,13,99,99,0,0,0,1,0