STATE,ST_CASE,VE_TOTAL,VE_FORMS,PVH_INVL,PEDS,PERNOTMVIT,PERMVIT,PERSONS,COUNTY,CITY,DAY,MONTH,YEAR,DAY_WEEK,HOUR,MINUTE,NHS,ROAD_FNC,ROUTE,TWAY_ID,TWAY_ID2,MILEPT,LATITUDE,LONGITUD,SP_JUR,HARM_EV,MAN_COLL,RELJCT1,RELJCT2,TYP_INT,WRK_ZONE,REL_ROAD,LGT_COND,WEATHER1,WEATHER2,WEATHER,SCH_BUS,RAIL,NOT_HOUR,NOT_MIN,ARR_HOUR,ARR_MIN,HOSP_HR,HOSP_MN,CF1,CF2,CF3,FATALS,DRUNK_DR
1,10581,1,1,0,0,0,2,2,17,0,24,10,2013,5,9,0,0,3,3,SR-50,,440,32.88110556,-85.34008611,0,32,0,0,1,1,0,4,1,1,0,1,0,0000000,99,99,9,10,99,99,0,0,0,1,0
1,10582,1,1,0,0,0,1,1,97,2100,25,10,2013,6,6,30,1,1,1,I-10,,155,30.58163889,-88.168925,0,52,0,1,5,1,0,4,1,1,0,1,0,0000000,99,99,6,40,88,88,0,0,0,1,1
1,10583,2,2,0,0,0,3,3,89,1730,25,10,2013,6,4,21,0,14,6,MARTIN ROAD,,0,34.64726667,-86.72414722,0,12,2,0,1,1,0,1,2,1,0,1,0,0000000,99,99,4,30,99,99,0,0,0,2,1
1,10584,1,1,0,0,0,3,3,89,0,26,10,2013,7,1,5,0,6,4,CR-POPLAR RIDGE ROAD,,0,34.57551944,-86.36573056,0,43,0,0,1,1,0,4,2,1,0,1,0,0000000,99,99,1,16,99,99,0,0,0,1,0
1,10585,1,1,0,0,0,1,1,17,0,26,10,2013,7,1,37,0,4,4,CR-299,,0,32.79953333,-85.259425,0,42,0,0,1,1,0,4,2,1,0,1,0,0000000,99,99,1,50,99,99,0,0,0,1,1
1,10586,1,1,0,0,0,1,1,49,0,26,10,2013,7,18,50,0,6,4,CR-47,,0,34.57977222,-85.84256944,0,42,0,0,1,1,0,4,2,1,0,1,0,0000000,99,99,19,0,88,88,0,0,0,1,1
1,10587,1,1,0,0,0,1,1,73,350,27,10,2013,1,17,8,0,16,6,PRATT HWY,,0,33.53480556,-86.87122222,0,34,0,0,1,1,0,4,5,10,0,10,0,0000000,99,99,17,27,99,99,0,0,0,1,0
1,10588,1,1,0,0,0,1,1,55,0,28,10,2013,2,7,0,1,2,3,SR-77,,1107,34.02388611,-86.11846944,0,34,0,0,1,1,0,4,1,2,0,2,0,0000000,99,99,7,12,88,88,0,0,0,1,0
1,10589,1,1,0,0,0,1,1,103,0,28,10,2013,2,7,45,0,4,4,CR-EVA RD,,0,34.40244444,-86.704525,0,42,0,0,1,1,0,4,1,10,0,10,0,0000000,99,99,7,50,99,99,0,0,0,1,0
1,10590,1,1,0,0,0,2,2,117,0,28,10,2013,2,14,10,0,5,4,CR-57,,0,33.44454167,-86.4117,0,34,0,0,1,1,0,4,1,10,0,10,0,0000000,99,99,14,15,99,99,0,0,0,1,0
1,10591,1,1,0,0,0,1,1,57,0,25,10,2013,6,99,99,0,4,3,SR-129,,93,33.8472,-87.73418889,0,32,0,0,1,1,0,4,1,1,0,1,0,0000000,99,99,14,31,99,99,0,0,0,1,0
1,10592,1,1,0,0,0,1,1,115,0,29,10,2013,3,5,35,1,1,1,I-20,,1600,33.60751111,-86.25992222,0,42,0,0,1,1,0,4,2,10,0,10,0,0000000,88,88,88,88,88,88,0,0,0,1,0
1,10593,2,2,0,0,0,4,4,77,0,30,10,2013,4,10,40,0,3,3,SR-17,CR-24,3406,34.91664722,-87.66963056,0,12,6,0,2,2,0,1,1,1,0,1,0,0000000,99,99,11,0,99,99,0,0,0,1,0
1,10594,2,2,0,0,0,3,3,101,2130,30,10,2013,4,16,17,1,13,2,US-SR 3,OLD SELMA RD,1813,32.35309444,-86.37650833,0,12,6,0,2,2,0,1,1,1,0,1,0,0000000,99,99,16,22,99,99,20,0,0,1,0
1,10595,3,3,0,0,0,6,6,73,0,17,10,2013,5,9,34,0,14,4,CR-CARSON ROAD N,,0,33.64465833,-86.74633333,0,24,0,0,1,1,0,4,1,2,0,2,0,0000000,99,99,9,43,99,99,0,0,0,2,0
1,10596,2,1,1,0,0,1,1,73,350,27,10,2013,1,0,19,0,15,6,AVENUE I,,0,33.50392222,-86.89817778,0,14,0,0,1,1,0,2,3,1,0,1,0,0000000,99,99,0,24,99,99,0,0,0,1,0
1,10597,2,2,0,0,0,4,4,73,0,31,10,2013,5,15,18,1,2,3,SR-79,,149,33.73302222,-86.68005556,0,12,6,0,1,1,0,1,1,10,0,10,0,0000000,99,99,15,25,99,99,0,0,0,1,0
1,10598,2,2,0,0,0,4,4,133,0,14,10,2013,2,7,30,0,5,3,SR-195,CR-3006,300,34.21533056,-87.44017778,0,12,2,0,3,3,0,1,1,1,0,1,0,0000000,99,99,8,15,99,99,0,0,0,1,0
1,10599,2,2,0,0,0,2,2,127,780,24,10,2013,5,16,18,0,6,6,AMORY AVE,FIRST ST,0,33.75506944,-87.18156944,0,12,6,0,2,2,0,1,1,1,0,1,0,0000000,99,99,99,99,99,99,0,0,0,1,0
1,10600,2,2,0,0,0,2,2,109,510,29,10,2013,3,12,37,1,2,2,US-SR 53,HWY 93,645,31.70377222,-85.82294167,0,12,1,0,3,3,0,1,1,1,0,1,0,0000000,99,99,12,52,99,99,0,0,0,1,0
1,10601,2,1,1,2,2,1,1,101,2130,18,10,2013,6,23,27,0,15,6,YARBROUGH ST,,0,32.408325,-86.27964444,0,14,0,0,1,1,0,7,3,10,0,10,0,0000000,99,99,23,33,99,99,15,0,0,1,1
1,10602,1,1,0,0,0,1,1,41,0,26,10,2013,7,17,50,0,5,4,CR-59,,0,31.95990278,-86.29681667,0,1,0,0,1,1,0,4,5,10,0,10,0,0000000,99,99,18,1,99,99,0,0,0,1,0
1,10603,2,1,1,0,2,1,3,101,2130,27,10,2013,1,4,38,1,11,1,I-65,,1670,32.31450833,-86.33694722,0,14,0,0,1,1,0,2,6,1,0,1,0,0000000,99,99,4,47,99,99,0,0,0,1,1
1,10604,1,1,0,1,1,2,2,101,0,29,10,2013,3,12,59,1,2,2,US-SR 6,,1711,32.19351389,-86.11737222,0,8,0,0,1,1,0,1,1,10,0,10,0,0000000,99,99,13,25,99,99,0,0,0,1,0
1,10605,2,2,0,0,0,2,2,83,0,29,10,2013,3,23,40,0,4,3,SR-251,,52,34.84651944,-86.871875,0,53,0,0,1,1,0,4,2,10,0,10,0,0000000,99,99,23,55,88,88,0,0,0,2,1
1,10606,1,1,0,0,0,1,1,9,0,30,10,2013,4,4,10,0,3,3,SR-160,PHILLIPS RD,170,33.92568333,-86.70171389,0,30,0,0,1,1,0,4,2,1,0,1,0,0000000,99,99,4,20,99,99,0,0,0,1,0
1,10607,2,2,0,0,0,4,4,115,0,30,10,2013,4,18,30,1,2,2,US-SR 53,,2230,33.63929444,-86.27825833,0,12,2,0,1,1,0,1,2,1,0,1,0,0000000,99,99,18,40,99,99,0,0,0,1,1
1,10608,1,1,0,1,1,4,4,97,2100,31,10,2013,5,19,53,0,16,6,SUMMERVILLE ST,,0,30.70517778,-88.09115,0,8,0,0,1,1,0,1,3,10,0,10,0,0000000,99,99,20,2,99,99,0,0,0,1,1
1,10609,2,2,0,0,0,2,2,113,0,6,11,2013,4,23,38,0,4,4,CR-18,,0,32.26905278,-84.98745278,0,11,0,0,1,1,0,1,2,10,0,10,0,0000000,99,99,23,55,99,99,0,0,0,1,0
1,10610,1,1,0,0,0,1,1,19,1852,5,11,2013,3,17,27,0,4,6,HOLMAN ST,,0,34.18585833,-85.75733611,0,35,0,0,1,1,0,4,2,1,0,1,0,0000000,99,99,17,37,99,99,0,0,0,1,0
1,10611,1,1,0,0,0,2,2,33,2190,9,11,2013,7,6,0,0,14,6,SECOND ST,,0,34.75953889,-87.67711944,0,43,0,0,1,1,0,4,4,1,0,1,0,0000000,99,99,6,5,99,99,0,0,0,1,1
1,10612,1,1,0,0,0,1,1,73,330,10,11,2013,1,10,20,1,11,1,I-459,,10,33.33211667,-86.99308611,0,42,0,1,19,1,0,4,1,1,0,1,0,0000000,99,99,10,30,88,88,0,0,0,1,0
1,10613,1,1,0,0,0,1,1,51,3270,10,11,2013,1,11,41,0,14,3,SR-170,,0,32.54583889,-86.18878889,0,42,0,0,1,1,0,4,1,1,0,1,0,0000000,99,99,11,49,88,88,0,0,0,1,0
1,10614,1,1,0,0,0,1,1,81,0,2,11,2013,7,3,12,0,5,4,CR-179,,0,32.54831667,-85.16565278,0,1,0,0,1,1,0,4,2,10,0,10,0,0000000,99,99,3,22,88,88,0,0,0,1,1
1,10615,3,3,0,0,0,3,3,121,0,1,11,2013,6,5,50,1,1,1,I-20,,1683,33.59050556,-86.12020278,0,12,1,0,1,1,0,1,3,1,0,1,0,0000000,99,99,6,0,88,88,0,0,0,1,0
1,10616,1,1,0,0,0,2,2,95,0,2,11,2013,7,9,17,0,3,4,CR-BEULAH ROAD,,0,34.25178889,-86.15721944,0,42,0,0,1,1,0,4,1,1,0,1,0,0000000,88,88,88,88,88,88,0,0,0,2,0
1,10617,2,2,0,0,0,5,5,45,0,2,11,2013,7,23,15,0,3,3,SR-27,,401,31.4312,-85.73138056,0,12,2,0,1,1,0,1,2,1,0,1,0,0000000,99,99,23,27,99,99,0,0,0,3,1
1,10618,2,2,0,0,0,3,3,85,3271,3,11,2013,1,0,45,1,2,2,US-SR 8,CR-23,1061,32.26927778,-86.72506389,0,12,6,0,2,2,0,1,2,1,0,1,0,0000000,99,99,1,0,99,99,0,0,0,1,1
1,10619,1,1,0,0,0,1,1,125,3050,3,11,2013,1,1,30,0,15,4,CR-JUG FACTORY ROAD,,0,33.15756389,-87.51646389,0,53,0,0,1,1,0,4,3,1,0,1,0,0000000,99,99,1,45,99,99,0,0,0,1,1
1,10620,2,1,1,0,0,1,1,19,0,3,11,2013,1,1,10,0,4,4,CR-22,,0,34.14136944,-85.58871389,0,30,0,0,1,1,0,4,2,1,0,1,0,0000000,99,99,1,30,99,99,0,0,0,1,0
1,10621,1,1,0,1,1,1,1,117,1630,5,11,2013,3,16,0,9,99,6,LAUREL LAKES DR,,0,33.29579444,-86.92796389,0,8,0,0,1,1,0,1,5,1,0,1,0,0000000,99,99,16,14,88,88,0,0,0,1,0
1,10622,1,1,0,1,1,1,1,97,2100,5,11,2013,3,17,10,1,13,2,US-SR 42,N ANN ST,170,30.69268056,-88.06501944,0,9,0,0,3,3,0,1,3,1,0,1,0,0000000,99,99,17,16,99,99,0,0,0,1,0
1,10623,1,1,0,0,0,1,1,117,0,5,11,2013,3,19,36,0,5,4,CR-CRENSHAW RD,,0,33.27296667,-86.58581667,0,1,0,0,1,1,0,4,5,1,0,1,0,0000000,88,88,88,88,88,88,0,0,0,1,0
1,10624,2,1,1,1,1,1,1,73,330,6,11,2013,4,19,32,1,11,1,I-59,,1107,33.38242222,-86.99024444,0,8,0,0,1,1,0,1,2,10,0,10,0,0000000,99,99,19,41,88,88,23,0,0,1,0
1,10625,1,1,0,0,0,1,1,121,0,6,11,2013,4,16,15,0,6,4,CR-PINE GROVE RD,,0,33.23392222,-86.28370278,0,42,0,0,1,1,0,4,1,1,0,1,0,0000000,99,99,16,24,88,88,0,0,0,1,0
1,10626,1,1,0,0,0,1,1,55,0,8,11,2013,6,14,10,0,6,4,CR-VAUGHN RD,,0,34.08183611,-86.22938333,0,53,0,0,1,1,0,4,1,1,0,1,0,0000000,99,99,14,30,88,88,0,0,0,1,1
1,10627,1,1,0,0,0,1,1,101,0,9,11,2013,7,3,30,1,2,2,US-SR 9,,1141,32.44946944,-86.21252778,0,42,0,0,1,1,0,4,2,1,0,1,0,0000000,99,99,4,2,88,88,0,0,0,1,0
1,10628,1,1,0,0,0,2,2,1,0,10,11,2013,1,1,15,0,3,3,SR-143,,226,32.65131944,-86.42415833,0,1,0,0,1,1,0,4,2,10,0,10,0,0000000,99,99,1,35,99,99,0,0,0,1,1
1,10629,1,1,0,0,0,1,1,97,0,10,11,2013,1,11,30,0,14,3,SR-193,,138,30.44683056,-88.11605,0,1,0,0,1,1,0,1,1,1,0,1,0,0000000,99,99,11,42,88,88,0,0,0,1,0
1,10630,1,1,0,0,0,1,1,3,0,11,11,2013,2,19,10,0,3,4,CR-138,,0,30.83076389,-87.84684444,0,34,0,0,1,1,0,4,2,1,0,1,0,0000000,99,99,19,32,88,88,0,0,0,1,1
1,10631,2,2,0,0,0,6,6,75,0,11,11,2013,2,15,29,0,3,3,SR-17,,2648,34.03195556,-88.16281667,0,12,6,0,8,1,0,1,1,1,0,1,0,0000000,99,99,16,9,99,99,0,0,0,1,0
1,10632,2,2,0,0,0,4,4,119,1920,7,11,2013,5,12,1,0,4,3,SR-28,,0,32.62036667,-88.19513333,0,12,2,0,1,1,0,1,1,1,0,1,0,0000000,99,99,12,7,99,99,0,0,0,1,0
1,10633,2,2,0,0,0,3,3,25,1480,13,11,2013,4,14,39,1,2,2,US-SR 13,COBB ST,5762,31.70988889,-87.78246944,0,12,6,0,2,2,0,1,1,1,0,1,0,0000000,99,99,14,44,99,99,0,0,0,1,0
1,10634,2,2,0,0,0,3,3,89,1730,17,11,2013,1,10,55,0,16,6,MAYSVILLE RD,,0,34.75276389,-86.56403056,0,12,2,0,1,1,0,1,1,2,0,2,0,0000000,99,99,11,1,99,99,0,0,0,1,0
1,10635,1,1,0,0,0,1,1,123,1762,19,10,2013,7,19,10,0,4,6,ROCK SPRINGS ROAD,,0,32.89500556,-85.81541667,0,42,0,0,1,1,0,4,2,1,0,1,0,0000000,99,99,19,31,99,99,0,0,0,1,0
1,10636,1,1,0,0,0,1,1,87,0,14,10,2013,2,2,5,0,4,2,US-SR 15,,1748,32.49695556,-85.54691111,0,42,0,0,1,1,0,4,2,1,0,1,0,0000000,99,99,2,40,88,88,0,0,0,1,1
1,10637,2,2,0,0,0,3,3,97,0,25,10,2013,6,22,47,1,1,1,I-10,,114,30.54326944,-88.22716389,0,12,7,0,1,1,0,1,2,1,0,1,0,0000000,99,99,23,10,99,99,0,0,0,1,1
1,10638,2,2,0,0,0,2,2,121,0,14,11,2013,5,10,15,1,3,3,SR-21,,2375,33.49731111,-86.0088,0,12,2,0,1,1,0,1,1,1,0,1,0,0000000,99,99,10,25,99,99,0,0,0,1,0
1,10639,1,1,0,0,0,3,3,55,0,15,11,2013,6,14,29,0,6,4,CR-MOUNTAIN VIEW DR,,0,34.10660556,-86.10056944,0,35,0,0,1,1,0,4,1,2,0,2,0,0000000,99,99,15,35,99,99,0,0,0,1,0
1,10640,1,1,0,0,0,1,1,39,0,16,11,2013,7,19,0,0,6,4,CR-JUDGE SMITH ROAD,,0,31.26888611,-86.68728056,0,35,0,0,1,1,0,4,2,1,0,1,0,0000000,99,99,20,15,88,88,0,0,0,1,1
1,10641,1,1,0,0,0,1,1,101,2130,17,11,2013,1,1,50,1,12,3,SR-152,,0,32.42453333,-86.28298333,0,1,0,0,1,1,0,4,3,1,0,1,0,0000000,99,99,2,2,99,99,0,0,0,1,1
1,10642,1,1,0,0,0,1,1,111,0,17,11,2013,1,16,27,0,4,4,CR-59,,0,33.413825,-85.43205556,0,23,0,0,1,1,0,4,2,2,0,2,0,0000000,99,99,16,46,99,99,0,0,0,1,0
1,10643,1,1,0,0,0,3,3,73,330,20,11,2013,4,10,3,1,11,1,I-459,,45,33.33455278,-86.95289444,0,38,0,0,1,1,0,3,1,1,0,1,0,0000000,99,99,10,15,99,99,0,0,0,1,0
1,10644,1,1,0,0,0,1,1,21,0,20,11,2013,4,15,20,1,2,2,US-SR 6,,1108,32.70950556,-86.82435278,0,35,0,0,1,1,0,4,1,1,0,1,0,0000000,99,99,15,35,88,88,0,0,0,1,0
1,10645,1,1,0,0,0,1,1,127,0,20,11,2013,4,16,45,0,3,3,SR-69,,2136,33.89516389,-87.15612778,0,1,0,0,1,1,0,4,2,1,0,1,0,0000000,99,99,17,10,88,88,0,0,0,1,0
1,10646,1,1,0,0,0,1,1,7,0,21,11,2013,5,13,0,1,2,3,SR-5,,946,33.06030833,-87.13633056,0,34,0,0,1,1,0,4,1,10,0,10,0,0000000,88,88,88,88,88,88,0,0,0,1,1
1,10647,2,2,0,0,0,2,2,83,0,21,11,2013,5,14,45,0,4,4,CR-BLACK ROAD,CR-71,0,34.86121111,-86.875725,0,12,6,0,2,2,0,1,1,10,0,10,0,0000000,99,99,14,55,88,88,0,0,0,1,0
1,10648,1,1,0,1,1,1,1,89,1730,21,11,2013,5,20,2,0,16,6,MOUNTAIN GAP ROAD,SPRINGWOOD DR,0,34.62620556,-86.55141389,0,8,0,0,2,3,0,1,3,10,0,10,0,0000000,99,99,20,7,99,99,0,0,0,1,1
1,10649,1,1,0,0,0,1,1,43,0,22,11,2013,6,7,25,0,5,4,CR-1141,,0,34.21916111,-86.930675,0,34,0,0,1,1,0,4,1,10,0,10,0,0000000,99,99,7,34,88,88,0,0,0,1,0
1,10650,1,1,0,0,0,1,1,131,0,23,11,2013,7,3,30,0,4,4,CR-29,,0,32.06890833,-87.30270278,0,1,0,0,1,1,0,4,2,10,0,10,0,0000000,99,99,4,25,88,88,0,0,0,1,0
1,10651,2,2,0,0,0,2,2,7,0,22,11,2013,6,19,25,1,2,3,SR-5,,807,32.88051389,-87.22173333,0,12,6,0,1,1,0,1,2,2,0,2,0,0000000,99,99,19,40,99,99,0,0,0,1,0
1,10652,1,1,0,0,0,1,1,19,0,23,11,2013,7,22,10,0,4,4,CR-7,,0,34.09219722,-85.78010556,0,42,0,0,1,1,0,4,2,1,0,1,0,0000000,99,99,22,22,88,88,0,0,0,1,1
1,10653,1,1,0,0,0,1,1,131,0,24,11,2013,1,3,0,0,5,4,CR-TL THREADGILL RD,,0,32.00701111,-87.33243333,0,42,0,0,1,1,0,4,2,1,0,1,0,0000000,99,99,3,35,99,99,0,0,0,1,1
1,10654,1,1,0,0,0,1,1,107,70,28,11,2013,5,0,12,0,16,6,BAPTIST LINE RD,,0,33.12714444,-88.15412222,0,1,0,0,1,1,0,4,3,1,0,1,0,0000000,99,99,0,36,88,88,0,0,0,1,1
1,10655,1,1,0,0,0,1,1,121,2910,29,11,2013,6,13,55,0,14,3,SR-77,CRESTVIEW,620,33.42030833,-86.06573611,0,35,0,0,1,1,0,4,1,1,0,1,0,0000000,99,99,14,0,99,99,0,0,0,1,0
1,10656,3,1,2,0,0,1,1,73,350,30,11,2013,7,8,30,0,16,6,48TH ST S,,0,33.530575,-86.761275,0,59,0,0,1,1,0,4,1,1,0,1,0,0000000,99,99,8,35,88,88,14,0,0,1,1
1,10657,1,1,0,0,0,1,1,73,0,8,11,2013,6,99,99,0,16,4,CR-NEW MULGA LOOP RD,,0,33.52855,-86.96859444,0,42,0,0,1,1,0,4,1,98,0,98,0,0000000,99,99,7,30,88,88,0,0,0,1,0
1,10658,1,1,0,1,1,1,1,71,0,11,11,2013,2,19,30,0,6,4,CR-30,,0,34.69603333,-86.11684444,0,8,0,0,1,1,0,1,2,1,0,1,0,0000000,99,99,19,40,99,99,0,0,0,1,0
1,10659,1,1,0,0,0,3,3,113,2440,15,11,2013,6,23,0,0,15,6,CROSSWINDS ROAD,,0,32.43585556,-85.04657222,0,1,0,0,1,1,0,4,2,1,0,1,0,0000000,99,99,9,51,99,99,0,0,0,2,1
1,10660,1,1,0,0,0,1,1,73,0,17,11,2013,1,2,30,0,5,4,CR-SWEENEY HOLLOW ROAD,,0,33.67739722,-86.670775,0,34,0,0,1,1,0,4,2,1,0,1,0,0000000,99,99,2,38,88,88,0,0,0,1,0
1,10661,2,2,0,0,0,4,4,81,0,17,11,2013,1,13,22,0,6,4,CR-262,HWY 29,0,32.70906944,-85.25751944,0,12,6,0,2,3,0,1,1,1,0,1,0,0000000,99,99,13,41,88,88,0,0,0,1,0
1,10662,1,1,0,0,0,1,1,53,0,23,11,2013,7,11,55,1,1,1,I-65,,512,31.07212778,-87.55098056,0,23,0,0,1,1,0,4,1,10,0,10,0,0000000,99,99,12,14,88,88,0,0,0,1,1
1,10663,1,1,0,0,0,2,2,69,0,25,11,2013,2,23,50,0,3,3,SR-COTTONWOOD ROAD,,126,31.12158056,-85.32933333,0,1,0,0,1,1,0,4,2,2,0,2,0,0000000,99,99,0,2,99,99,0,0,0,1,0
1,10664,2,2,0,0,0,2,2,3,2890,26,11,2013,3,6,55,0,13,3,SR-59,,155,30.46985,-87.700225,0,12,2,0,1,1,0,1,1,2,0,2,0,0000000,99,99,7,9,99,99,0,0,0,1,0
1,10665,1,1,0,1,1,1,1,121,0,26,11,2013,3,17,10,0,4,4,CR-RENFROE ROAD,,0,33.45635833,-86.27781111,0,8,0,0,1,1,0,4,2,2,0,2,0,0000000,99,99,17,20,88,88,0,0,0,1,0
1,10666,1,1,0,0,0,2,2,89,0,28,11,2013,5,2,55,0,5,4,CR-JEFF ROAD,,0,34.82398056,-86.71360556,0,42,0,0,1,1,0,4,2,1,0,1,0,0000000,99,99,3,7,88,88,0,0,0,2,0
1,10667,1,1,0,0,0,1,1,23,0,28,11,2013,5,23,50,1,2,2,US-SR 12,,220,31.75283889,-88.1111,0,42,0,0,1,1,0,4,2,1,0,1,0,0000000,99,99,11,25,88,88,18,0,0,1,1
1,10668,1,1,0,0,0,1,1,127,0,29,11,2013,6,15,5,0,3,3,SR-118,,400,33.92289444,-87.58765556,0,38,0,0,1,1,0,4,1,1,0,1,0,0000000,99,99,15,15,99,99,0,0,0,1,0
1,10669,1,1,0,0,0,1,1,41,450,29,11,2013,6,18,5,0,4,6,CR-57,,0,31.59728611,-86.23226944,0,35,0,0,1,1,0,4,2,1,0,1,0,0000000,99,99,18,20,99,99,20,0,0,1,1
1,10670,1,1,0,0,0,2,2,1,0,30,11,2013,7,0,5,0,3,3,SR-14,,1344,32.45,-86.747825,0,23,0,0,1,1,0,4,2,1,0,1,0,0000000,99,99,99,99,99,99,0,0,0,1,1
1,10671,1,1,0,0,0,4,4,107,0,30,11,2013,7,16,35,0,6,4,CR-BOSTIC ROAD,,0,33.30512778,-87.96103333,0,1,0,0,1,1,0,4,1,1,0,1,0,0000000,99,99,16,45,99,99,0,0,0,3,0
1,10672,2,1,1,0,0,1,1,5,0,30,11,2013,7,18,10,0,3,3,SR-51,,371,31.75328889,-85.59276111,0,32,0,0,1,1,0,4,2,1,0,1,0,0000000,99,99,18,22,99,99,0,0,0,1,1
1,10673,2,2,0,0,0,3,3,57,0,18,11,2013,2,13,52,0,3,2,US-SR 171,,391,33.73177222,-87.81114444,0,12,6,0,8,1,0,1,1,1,0,1,0,0000000,99,99,14,37,99,99,0,0,0,1,0
1,10674,1,1,0,0,0,2,2,121,0,1,12,2013,1,21,55,1,1,1,I-20,,1800,33.58450556,-85.92049167,0,1,0,0,1,1,0,1,2,1,0,1,0,0000000,99,99,22,8,99,99,0,0,0,1,0
1,10675,1,1,0,0,0,1,1,121,0,2,12,2013,2,14,25,0,5,4,CR-OLDFIELD RD,,0,33.19715278,-86.22235278,0,1,0,0,1,1,0,4,1,2,0,2,0,0000000,99,99,14,35,88,88,0,0,0,1,0
1,10676,1,1,0,0,0,2,2,127,0,2,12,2013,2,14,35,0,3,3,SR-5,,1763,33.88495833,-87.340925,0,34,0,0,1,1,0,4,1,2,0,2,0,0000000,99,99,14,50,99,99,0,0,0,2,0
1,10677,1,1,0,0,0,1,1,111,0,4,12,2013,4,20,30,1,2,2,US-SR 1,,1988,33.36568056,-85.49461111,0,42,0,0,1,1,0,4,2,2,0,2,0,0000000,99,99,9,35,88,88,18,0,0,1,1
1,10678,1,1,0,0,0,3,3,3,1210,5,12,2013,5,17,35,0,13,3,SR-59,FOLEY BEACH EXPRESS,0,30.45145,-87.684525,0,42,0,0,3,3,0,4,3,1,0,1,0,0000000,99,99,99,99,99,99,0,0,0,1,0
1,10679,1,1,0,0,0,1,1,29,1620,18,12,2013,4,10,23,0,3,2,US-SR 4,,1750,33.66654722,-85.571875,0,42,0,0,1,1,0,4,1,10,0,10,0,0000000,99,99,10,28,88,88,0,0,0,1,0
1,10680,2,2,0,0,0,2,2,133,1530,10,12,2013,3,3,33,1,2,3,SR-13,,2670,34.18413056,-87.61146111,0,12,2,0,1,1,0,1,2,2,0,2,0,0000000,99,99,3,37,88,88,0,0,0,1,0
1,10681,2,2,0,0,0,2,2,113,0,27,11,2013,4,23,56,1,2,2,US-SR 8,,2037,32.45338611,-85.20766389,0,12,2,0,1,1,0,1,2,1,0,1,0,0000000,99,99,0,20,88,88,0,0,0,1,0
1,10682,2,2,0,0,0,2,2,77,1865,4,12,2013,4,9,17,0,15,3,SR-64,,111,34.97160833,-87.36097778,0,12,2,0,1,1,0,1,1,10,0,10,0,0000000,99,99,9,30,99,99,0,0,0,1,0
1,10683,1,1,0,0,0,2,2,93,1540,29,12,2013,1,19,30,0,14,3,SR-17,,2750,34.130475,-88.02675556,0,42,0,0,1,1,0,4,2,1,0,1,0,0000000,88,88,88,88,88,88,0,0,0,2,0
1,10684,2,2,0,0,0,2,2,21,0,3,12,2013,3,17,0,0,3,2,US-SR 3,,2152,32.78025,-86.55320278,0,12,2,0,1,1,0,1,2,10,0,10,0,0000000,99,99,17,8,99,99,0,0,0,1,0
1,10685,1,1,0,0,0,1,1,49,0,4,12,2013,4,2,40,1,1,1,I-59,,2287,34.5641,-85.66675278,0,42,0,0,1,1,1,4,2,5,0,5,0,0000000,88,88,88,88,88,88,0,0,0,1,0
1,10686,3,3,0,0,0,6,6,83,0,5,12,2013,5,18,10,0,3,3,SR-251,,37,34.83035278,-86.89232222,0,12,2,0,1,1,0,1,2,2,0,2,0,0000000,99,99,18,25,88,88,0,0,0,1,0
1,10687,1,1,0,1,1,1,1,53,0,5,12,2013,5,17,15,0,3,3,SR-21,I-65,80,31.10979722,-87.47455833,0,8,0,1,2,2,0,1,2,10,0,10,0,0000000,99,99,17,29,88,88,23,0,0,1,0
1,10688,2,2,0,0,0,2,2,15,0,6,12,2013,6,5,20,0,3,4,CR-109,,0,33.66490833,-85.90124722,0,12,2,0,1,1,0,1,2,10,0,10,0,0000000,99,99,99,99,99,99,0,0,0,1,0
1,10689,1,1,0,0,0,1,1,97,0,7,12,2013,7,4,10,0,4,4,CR-WILMER GEORGETOWN ROAD,,0,30.85521667,-88.33576944,0,32,0,0,1,1,0,4,2,2,0,2,0,0000000,99,99,4,23,99,99,0,0,0,1,1
1,10690,1,1,0,0,0,1,1,97,2100,7,12,2013,7,3,50,0,14,6,COTTAGE HILL ROAD,,0,30.64281111,-88.18166389,0,42,0,0,1,1,0,4,3,2,0,2,0,0000000,99,99,3,58,88,88,0,0,0,1,0
1,10691,1,1,0,0,0,1,1,21,0,8,12,2013,1,4,50,0,4,4,CR-28,,0,32.84510556,-86.56757778,0,42,0,0,1,1,0,4,2,2,0,2,0,0000000,88,88,88,88,88,88,0,0,0,1,1
1,10692,1,1,0,2,2,1,1,125,0,8,12,2013,1,19,15,0,3,3,SR-216,,38,33.22821389,-87.42903889,0,8,0,0,1,1,0,1,2,2,0,2,0,0000000,99,99,19,20,99,99,0,0,0,1,0
1,10693,1,1,0,0,0,3,3,73,1716,8,12,2013,1,5,0,1,11,1,I-65,,2530,33.42736944,-86.82063333,0,35,0,0,1,1,0,4,3,2,0,2,0,0000000,99,99,5,6,99,99,0,0,0,1,1
1,10694,1,1,0,0,0,2,2,47,0,9,12,2013,2,8,30,0,4,4,CR-37,,0,32.46362778,-87.04374444,0,42,0,0,1,1,0,4,1,2,0,2,0,0000000,99,99,8,45,99,99,0,0,0,1,0
1,10695,3,3,0,0,0,4,4,51,0,9,12,2013,2,7,45,0,3,3,SR-14,,1758,32.55866111,-86.14487222,0,12,8,0,1,1,0,1,1,2,0,2,1,0000000,99,99,8,0,99,99,0,0,0,1,0
1,10696,2,2,0,0,0,3,3,97,0,10,12,2013,3,4,3,1,1,1,I-10,,48,30.49815556,-88.32568056,0,12,2,0,1,1,0,1,2,2,0,2,0,0000000,99,99,4,20,88,88,0,0,0,3,1