STATE,ST_CASE,VE_TOTAL,VE_FORMS,PVH_INVL,PEDS,PERNOTMVIT,PERMVIT,PERSONS,COUNTY,CITY,DAY,MONTH,YEAR,DAY_WEEK,HOUR,MINUTE,NHS,ROAD_FNC,ROUTE,TWAY_ID,TWAY_ID2,MILEPT,LATITUDE,LONGITUD,SP_JUR,HARM_EV,MAN_COLL,RELJCT1,RELJCT2,TYP_INT,WRK_ZONE,REL_ROAD,LGT_COND,WEATHER1,WEATHER2,WEATHER,SCH_BUS,RAIL,NOT_HOUR,NOT_MIN,ARR_HOUR,ARR_MIN,HOSP_HR,HOSP_MN,CF1,CF2,CF3,FATALS,DRUNK_DR
1,10697,2,2,0,0,0,5,5,69,930,11,12,2013,4,17,38,1,13,3,SR-52,OMUSSEE ROAD,0,31.23494444,-85.32558056,0,12,6,0,2,2,0,1,3,1,0,1,0,0000000,99,99,17,48,99,99,0,0,0,1,0
1,10698,1,1,0,0,0,1,1,101,0,13,12,2013,6,7,55,0,4,4,CR-MERIWEATHER TRAIL,,0,32.01098056,-86.14304444,0,32,0,0,1,1,0,4,1,1,0,1,0,0000000,99,99,8,2,99,99,0,0,0,1,0
1,10699,2,2,0,0,0,2,2,51,2063,13,12,2013,6,17,27,0,14,3,SR-14,,1675,32.51727778,-86.37456944,0,12,1,0,1,1,0,1,3,10,0,10,0,0000000,99,99,17,36,99,99,0,0,0,1,0
1,10700,1,1,0,0,0,1,1,83,0,13,12,2013,6,19,50,0,4,4,CR-CROSS KEY ROAD,,0,34.86266111,-86.99855,0,32,0,0,1,1,0,4,2,1,0,1,0,0000000,88,88,88,88,88,88,0,0,0,1,1
1,10701,1,1,0,0,0,1,1,103,0,14,12,2013,7,15,15,1,2,3,SR-24,,664,34.57770278,-87.07890278,0,30,0,0,1,1,0,4,1,2,0,2,0,0000000,88,88,88,88,88,88,0,0,0,1,0
1,10702,1,1,0,0,0,1,1,97,2100,14,12,2013,7,20,20,1,11,1,I-65,,14,30.64499722,-88.11953611,0,34,0,0,1,1,0,4,3,2,0,2,0,0000000,99,99,20,30,99,99,0,0,0,1,0
1,10703,2,2,0,0,0,2,2,73,3080,17,12,2013,3,14,5,0,14,2,US-SR 7,,1480,33.60611389,-86.63216111,0,12,2,0,8,1,0,1,1,1,0,1,0,0000000,99,99,14,10,88,88,0,0,0,1,0
1,10704,2,2,0,0,0,6,6,73,350,14,12,2013,7,19,35,1,13,6,LAKESHORE PARKWAY,SHANNON OXMOORE ROAD W,0,33.43955833,-86.84288333,0,30,0,0,3,2,0,3,3,10,0,10,0,0000000,99,99,19,45,99,99,20,14,0,1,0
1,10705,2,2,0,1,1,2,2,127,1780,17,12,2013,3,18,40,0,14,3,SR-69,,1990,33.82290278,-87.30161111,0,8,0,0,1,1,0,1,2,1,0,1,0,0000000,99,99,18,44,88,88,0,0,0,1,0
1,10706,1,1,0,0,0,3,3,3,0,18,12,2013,4,0,50,1,13,2,US-SR 3,,135,30.77571944,-87.78216111,0,42,0,0,1,1,0,4,2,1,0,1,0,0000000,99,99,1,10,99,99,0,0,0,1,1
1,10707,2,2,0,0,0,2,2,73,350,18,12,2013,4,10,45,1,13,2,US-SR 78,12TH AVE W,0,33.5238,-86.84975556,0,12,6,0,2,2,0,1,1,1,0,1,0,0000000,99,99,11,9,99,99,0,0,0,1,0
1,10708,1,1,0,0,0,1,1,125,0,19,12,2013,5,6,41,1,1,1,I-59,,862,33.18840278,-87.29764722,0,59,0,1,19,1,0,4,4,1,0,1,0,0000000,88,88,88,88,88,88,0,0,0,1,0
1,10709,1,1,0,0,0,1,1,53,0,19,12,2013,5,14,52,0,6,4,CR-JERKINS LOOP,,0,31.03423889,-87.39572222,0,1,0,0,1,1,0,4,9,99,0,99,0,0000000,99,99,16,30,88,88,0,0,0,1,0
1,10710,1,1,0,0,0,5,5,11,0,20,12,2013,6,6,25,0,5,4,CR-89,,0,32.09857778,-85.45874722,0,1,0,0,1,1,0,1,1,1,0,1,0,0000000,99,99,6,51,99,99,0,0,0,3,0
1,10711,2,2,0,0,0,4,4,19,0,20,12,2013,6,14,50,1,2,3,SR-35,,79,34.33574167,-85.56997778,0,12,2,0,1,1,0,1,1,1,0,1,0,0000000,99,99,15,10,99,99,0,0,0,3,0
1,10712,1,1,0,0,0,3,3,73,350,21,12,2013,7,0,55,0,14,6,PALISADES DR,,0,33.47146667,-86.82093333,0,33,0,0,1,1,0,3,3,1,0,1,0,0000000,99,99,1,10,99,99,0,0,0,1,1
1,10713,2,2,0,0,0,2,2,113,2440,21,12,2013,7,16,3,1,12,2,US-SR 8,RIVERCHASE DR,2175,32.50494722,-85.00500556,0,12,6,1,5,1,0,1,1,10,0,10,0,0000000,99,99,16,15,99,99,0,0,0,1,0
1,10714,1,1,0,0,0,3,3,49,0,21,12,2013,7,23,35,0,4,4,CR-43,,0,34.49683889,-85.96542222,0,59,0,0,1,1,0,2,2,10,0,10,0,0000000,99,99,23,53,99,99,0,0,0,1,1
1,10715,1,1,0,0,0,1,1,73,330,26,12,2013,5,3,35,1,13,2,US-SR 5,,0,33.41447778,-86.95455833,0,30,0,0,1,1,0,4,3,1,0,1,0,0000000,99,99,3,46,99,99,0,0,0,1,1
1,10716,2,2,0,2,2,4,4,97,2100,28,12,2013,7,18,25,1,13,2,US-SR 42,,0,30.70892222,-88.12526111,0,8,0,0,1,1,0,1,3,2,0,2,0,0000000,99,99,18,28,99,99,0,0,0,1,0
1,10717,2,2,0,0,0,4,4,73,0,5,12,2013,5,19,14,0,4,4,CR-NARROWS RD,,0,33.705175,-86.70819722,0,12,2,0,1,1,0,1,2,10,0,10,0,0000000,99,99,19,21,88,88,0,0,0,1,0
1,10718,2,2,0,0,0,3,3,95,50,14,11,2013,5,18,28,1,13,2,US-SR 1,,2827,34.23018889,-86.16260556,0,12,6,0,1,1,0,1,3,1,0,1,0,0000000,99,99,18,30,99,99,0,0,0,2,1
1,10719,2,1,1,1,2,1,2,73,20,16,11,2013,7,11,52,1,13,2,US-SR 5,,1419,33.59108056,-86.93803333,0,45,0,0,1,1,1,1,1,10,0,10,0,0000000,99,99,11,56,99,99,0,0,0,1,0
1,10720,2,2,0,0,0,2,2,125,0,18,12,2013,4,8,35,1,11,1,I-59,,715,33.17105278,-87.54991667,0,12,6,0,1,1,0,1,1,1,0,1,0,0000000,99,99,9,0,99,99,0,0,0,1,0
1,10721,1,1,0,0,0,1,1,121,2910,6,12,2013,6,20,0,0,6,6,CR-MOUNTAIN VIEW ROAD,,0,33.41423056,-86.06959167,0,34,0,0,1,1,0,4,2,2,0,2,0,0000000,99,99,20,21,99,99,0,0,0,1,0
1,10722,2,2,0,0,0,3,3,73,0,30,11,2013,7,13,56,0,5,4,CR-DUG HOLLOW ROAD,,0,33.68943333,-86.63605833,0,12,2,0,1,1,0,1,1,1,0,1,0,0000000,99,99,14,9,99,99,0,0,0,2,0
1,10723,1,1,0,0,0,1,1,1,0,19,8,2013,2,20,15,0,4,4,CR-19,,0,32.49443611,-86.696875,0,38,0,0,1,1,0,4,2,10,0,10,0,0000000,99,99,20,35,99,99,0,0,0,1,1
1,10724,1,1,0,0,0,2,2,43,0,14,11,2013,5,15,50,0,4,4,CR-1763,,0,34.27604444,-86.52309444,0,34,0,0,1,1,0,4,1,1,0,1,0,0000000,99,99,16,5,99,99,0,0,0,1,0
1,10725,2,2,0,0,0,3,3,99,1240,31,12,2013,3,14,15,0,4,4,CR-23,,0,31.44315278,-87.41663333,0,12,2,0,1,1,0,1,1,1,0,1,0,0000000,99,99,14,42,99,99,0,0,0,1,0
1,10726,1,1,0,0,0,1,1,43,0,14,12,2013,7,1,15,0,6,4,CR-1036,,0,34.20963889,-87.088125,0,42,0,0,1,1,0,4,2,1,0,1,0,0000000,88,88,88,88,88,88,0,0,0,1,1
1,10727,2,2,0,0,0,2,2,9,0,16,12,2013,2,23,28,0,14,3,SR-75,,380,34.17288611,-86.84126389,0,12,7,0,1,1,0,1,2,10,0,10,0,0000000,99,99,23,45,99,99,0,0,0,1,0
1,10728,1,1,0,0,0,2,2,87,0,21,12,2013,7,5,25,0,5,4,CR-30,,0,32.44259167,-85.81546667,0,53,0,0,1,1,0,4,2,10,0,10,0,0000000,99,99,5,43,99,99,0,0,0,1,1
1,10729,1,1,0,1,1,2,2,101,2130,21,12,2013,7,20,10,0,16,6,DRAKE ST,,0,32.3419,-86.33701944,0,8,0,0,1,1,0,1,3,10,0,10,0,0000000,99,99,20,16,88,88,0,0,0,1,0
1,10730,1,1,0,1,1,1,1,53,0,26,12,2013,5,18,10,0,3,2,US-SR 3,SHADOWOOD DR,350,31.00181111,-87.59320278,0,9,0,0,2,3,0,1,2,1,0,1,0,0000000,99,99,18,30,99,99,0,0,0,1,0
1,10731,5,5,0,0,0,12,12,53,0,29,12,2013,1,22,50,1,1,1,I-65,,539,31.07726667,-87.54444722,0,12,1,0,1,1,0,1,2,5,0,5,0,0000000,99,99,23,28,99,99,14,0,0,2,0
1,10732,2,2,0,0,0,3,3,95,0,30,12,2013,2,3,30,1,2,2,US-SR 1,,3021,34.43066944,-86.26262222,0,12,1,0,7,1,0,1,2,10,0,10,0,0000000,99,99,3,35,99,99,0,0,0,1,0
1,10733,1,1,0,0,0,1,1,17,0,30,12,2013,2,23,25,1,2,2,US-SR 1,,1508,32.77563889,-85.47100278,0,1,0,0,1,1,0,4,2,10,0,10,0,0000000,99,99,23,45,88,88,0,0,0,1,0
1,10734,2,2,0,0,0,4,4,91,0,30,12,2013,2,12,40,0,4,3,SR-69,,449,32.00384444,-88.0096,0,12,2,0,1,1,0,1,1,1,0,1,0,0000000,99,99,13,16,99,99,0,0,0,1,1
1,10735,1,1,0,0,0,1,1,73,350,2,5,2013,5,19,55,0,14,6,AVE W,,0,33.52636389,-86.87903056,0,30,0,0,1,1,0,4,2,1,0,1,0,0000000,99,99,20,3,99,99,0,0,0,1,0
1,10736,2,2,0,0,0,2,2,89,1730,30,6,2013,1,1,5,0,14,2,US-SR 2,MASTIN LAKE ROAD,0,34.77102222,-86.58573611,0,12,6,0,2,2,0,1,3,1,0,1,0,0000000,99,99,1,9,99,99,0,0,0,1,1
1,10737,1,1,0,0,0,6,6,73,350,19,10,2013,7,0,36,0,14,6,VANDERBUILT ROAD,,0,33.54927778,-86.79151111,0,38,0,0,1,1,0,4,3,10,0,10,0,0000000,99,99,0,55,99,99,0,0,0,1,1
1,10738,1,1,0,0,0,1,1,133,134,8,12,2013,1,4,30,0,4,4,CR-77,,0,34.08431389,-87.19929444,0,40,0,0,1,1,0,4,6,5,0,5,0,0000000,99,99,4,53,88,88,0,0,0,1,0
1,10739,2,2,0,0,0,2,2,73,0,11,1,2013,6,18,40,1,1,1,I-22,,870,33.63021667,-86.95048333,0,12,6,1,18,1,0,1,2,5,0,5,0,0000000,99,99,18,46,88,88,0,0,0,1,0
1,10740,1,1,0,0,0,2,2,77,0,19,10,2013,7,14,55,0,4,4,CR-14,,0,34.88646389,-87.94296944,0,42,0,0,1,1,0,4,1,10,0,10,0,0000000,99,99,15,17,99,99,0,0,0,1,0
1,10741,1,1,0,0,0,1,1,15,0,23,11,2013,7,8,50,0,6,4,CR-SAKS ROAD,,0,33.700925,-85.83716111,0,34,0,0,1,1,0,4,1,10,0,10,0,0000000,99,99,9,0,99,99,0,0,0,1,0
1,10742,1,1,0,0,0,1,1,105,0,24,8,2013,7,23,45,0,5,4,CR-23,,0,32.852075,-87.36134722,0,42,0,0,1,1,0,5,2,1,0,1,0,0000000,99,99,0,40,88,88,0,0,0,1,1
1,10743,1,1,0,0,0,1,1,121,0,24,8,2013,7,1,40,0,6,4,CR-MUDD ST,,0,33.62940278,-86.02561111,0,42,0,0,1,1,0,4,2,2,0,2,0,0000000,99,99,2,0,88,88,0,0,0,1,0
1,10744,1,1,0,0,0,1,1,41,0,23,9,2013,2,8,5,0,3,3,SR-97,,63,32.03587222,-86.37904444,0,42,0,0,1,1,0,4,1,1,0,1,0,0000000,99,99,8,35,99,99,0,0,0,1,0
1,10745,2,2,0,0,0,4,4,3,1011,14,12,2013,7,22,17,0,2,4,CR-87,,0,30.48507778,-87.58155,0,12,6,0,1,1,0,1,2,2,0,2,0,0000000,99,99,22,20,99,99,0,0,0,1,0
1,10746,1,1,0,0,0,1,1,83,9997,30,11,2013,7,16,30,1,13,1,I-565,,10,34.62778056,-86.90426111,0,24,0,0,1,1,0,4,5,1,0,1,0,0000000,99,99,99,99,99,99,0,0,0,1,0
1,10747,1,1,0,1,1,1,1,3,1943,16,12,2013,2,17,46,0,3,2,US-SR 16,,0,30.61463611,-87.75295833,0,8,0,0,1,1,0,1,5,1,0,1,0,0000000,99,99,17,55,88,88,0,0,0,1,0
1,10748,2,2,0,0,0,3,3,101,2130,30,8,2013,6,9,0,1,13,2,US-SR 8,RICHARD DR,0,32.32760278,-86.23715278,0,12,6,0,2,2,0,1,1,1,0,1,0,0000000,99,99,9,10,99,99,0,0,0,1,0
1,10749,1,1,0,0,0,4,4,125,505,16,2,2013,7,23,20,0,6,4,CR-CAMP CHERRY AUSTIN ROAD,,0,33.26088889,-87.37988889,0,42,0,0,1,1,0,4,2,1,0,1,0,0000000,99,99,11,37,99,99,0,0,0,1,1
1,10750,3,3,0,0,0,5,5,127,1780,10,5,2013,6,21,49,1,13,6,HWY 78,ARROW ROAD,0,33.83656111,-87.22541111,0,12,6,0,2,2,0,1,6,1,0,1,0,0000000,99,99,21,50,99,99,0,0,0,1,0
1,10751,1,1,0,0,0,1,1,113,0,14,11,2013,5,6,56,0,4,4,CR-18,CR-137,0,32.29454167,-85.16964444,0,34,0,0,3,3,0,4,2,1,0,1,0,0000000,99,99,19,15,99,99,0,0,0,1,0
1,10752,2,2,0,0,0,2,2,73,2960,31,1,2013,5,12,40,0,14,6,TARRANT HUFFMAN RD,,0,33.586025,-86.75393333,0,12,2,0,1,1,0,1,1,1,0,1,0,0000000,99,99,12,45,99,99,0,0,0,1,0
1,10753,2,2,0,0,0,2,2,73,0,7,5,2013,3,0,1,0,14,4,CR-CHALKVILLE ROAD,,0,33.65365278,-86.63879444,0,12,2,0,1,1,0,1,3,2,0,2,0,0000000,99,99,0,9,99,99,0,0,0,1,1
1,10754,1,1,0,0,0,1,1,125,2260,14,8,2013,4,12,16,1,13,2,US-SR 13,BRIARCLIFF DR,0,33.25523889,-87.60513611,0,32,0,0,3,3,0,4,1,10,0,10,0,0000000,99,99,12,19,99,99,0,0,0,1,0
1,10755,1,1,0,0,0,1,1,73,2960,14,9,2013,7,21,25,0,14,4,CR-BLACK CREEK ROAD,,0,33.60893333,-86.77488056,0,42,0,0,1,1,0,4,2,1,0,1,0,0000000,99,99,21,53,88,88,0,0,0,1,0
1,10756,1,1,0,1,1,1,1,127,1780,1,9,2013,1,4,4,0,14,6,BLACKWELL DAIRY RD,,0,33.84473889,-87.233825,0,8,0,0,1,1,0,1,6,98,0,98,0,0000000,99,99,99,99,99,99,0,0,0,1,0
1,10757,3,3,0,0,0,9,9,73,0,27,10,2013,1,14,23,0,14,4,CR-CHALKVILLE ROAD,,0,33.65410278,-86.64092778,0,12,2,0,1,1,0,1,1,1,0,1,0,0000000,99,99,14,25,99,99,0,0,0,1,0
1,10758,2,2,0,0,0,2,2,123,60,4,12,2013,4,17,26,0,14,3,SR-22,,1119,32.92361667,-85.98585833,0,12,2,0,1,1,0,1,2,5,0,5,0,0000000,99,99,17,29,99,99,0,0,0,1,0
1,10759,2,2,0,0,0,6,6,73,1315,21,12,2013,7,19,4,0,14,2,US-SR 3,,2888,33.71029167,-86.82060556,0,12,2,0,1,1,0,1,2,2,0,2,0,0000000,99,99,19,7,99,99,0,0,0,3,0
1,10760,2,2,0,0,0,4,4,15,2370,17,5,2013,6,19,30,0,14,2,US-SR 4,STERLING POINT LN,2275,33.61483333,-85.80304722,0,12,6,0,2,3,0,1,2,2,0,2,0,0000000,99,99,19,40,99,99,0,0,0,1,0
1,10761,1,1,0,1,1,1,1,73,330,9,5,2013,5,22,0,1,11,1,I-20,,1120,33.41271111,-86.96776111,0,8,0,1,5,1,0,1,3,1,0,1,0,0000000,99,99,22,25,99,99,0,0,0,1,0
1,10762,1,1,0,0,0,1,1,49,1230,29,10,2013,3,0,1,0,13,3,SR-35,,0,34.450075,-85.68509167,0,59,0,0,1,1,0,4,6,10,0,10,0,0000000,99,99,0,31,88,88,0,0,0,1,1
1,10763,2,2,0,0,0,3,3,83,170,14,11,2013,5,14,14,0,14,6,HWY 127,,0,34.82284167,-86.972025,0,12,2,0,1,1,0,1,1,1,0,1,0,0000000,99,99,14,20,99,99,0,0,0,2,0
1,10764,1,1,0,0,0,1,1,49,1230,7,12,2013,7,7,55,1,11,1,I-59,,2225,34.48360833,-85.70646111,0,1,0,0,1,1,0,3,1,1,0,1,0,0000000,99,99,8,2,99,99,0,0,0,1,0
1,10765,1,1,0,0,0,1,1,5,0,12,12,2013,5,5,0,0,6,4,CR-ALTO SHIPMAN RD,,0,31.66475278,-85.66988611,0,35,0,0,1,1,0,4,9,99,0,99,0,0000000,88,88,88,88,88,88,0,0,0,1,0
1,10766,1,1,0,0,0,2,2,61,1340,15,12,2013,1,5,4,0,3,3,SR-27,,93,31.07690833,-85.88258056,0,42,0,0,1,1,0,4,2,1,0,1,0,0000000,99,99,5,27,99,99,0,0,0,1,1
1,10767,1,1,0,0,0,1,1,125,3050,17,5,2013,6,9,12,0,16,6,RICE MINE ROAD,,0,33.22274167,-87.55539444,0,42,0,0,1,1,0,4,1,1,0,1,0,0000000,99,99,9,15,88,88,0,0,0,1,0
2,20001,1,1,0,1,1,1,1,20,130,8,1,2013,3,11,57,1,13,6,C STREET,,27,61.19582222,-149.8867583,0,8,0,0,8,1,0,4,1,10,0,10,0,0000000,11,58,12,4,12,38,0,0,0,1,0
2,20002,2,1,1,0,0,2,2,290,0,18,1,2013,6,12,29,1,1,3,SR-3 PARKS HIGHWAY,,2606,64.44580278,-149.0535944,0,45,0,0,1,1,4,1,1,1,0,1,0,0000000,99,99,99,99,99,99,0,0,0,1,0
2,20003,2,2,0,0,0,9,9,170,2790,21,1,2013,2,12,50,1,11,3,SR-3 PARKS HIGHWAY,KNIK GOOSE BAY ROAD,70,61.58098611,-149.4417917,0,12,6,0,2,2,0,1,1,1,0,1,0,0000000,12,51,12,55,99,99,0,0,0,1,0
2,20004,1,1,0,0,0,1,1,20,130,23,1,2013,4,15,58,1,1,3,SR-1 SEWARD HIGHWAY,,1106,61.01415278,-149.7161083,0,17,0,0,1,1,0,4,1,10,0,10,0,0000000,15,59,16,15,88,88,0,0,0,1,0
2,20005,1,1,0,1,1,1,1,20,130,30,1,2013,4,17,53,0,15,6,GAMBELL STREET,,8,61.20808056,-149.8710639,0,8,0,0,8,1,0,1,3,4,0,4,0,0000000,17,53,17,58,88,88,16,0,0,1,0
2,20006,2,2,0,0,0,2,2,90,0,20,2,2013,4,15,29,1,1,3,SR-3 PARKS HIGHWAY,,3074,64.79136111,-148.1432111,0,12,8,0,1,1,0,1,1,1,0,1,0,0000000,88,88,88,88,88,88,0,0,0,1,0
2,20007,2,2,0,0,0,2,2,122,0,21,2,2013,5,7,53,1,2,6,KENAI SPUR HIGHWAY,,33,60.52988889,-151.0808028,0,12,6,0,1,1,0,1,2,10,0,10,0,0000000,7,56,8,2,8,24,0,0,0,1,0
2,20008,1,1,0,0,0,1,1,170,0,19,3,2013,3,18,35,0,4,6,SETTLERS BAY DRIVE,,4,61.51306667,-149.6291694,0,24,0,0,1,1,0,4,1,1,0,1,0,0000000,18,35,18,45,88,88,99,99,99,1,0
2,20009,2,2,0,0,0,2,2,170,0,31,3,2013,1,20,54,0,6,5,TRUNK ROAD,,5,61.60328889,-149.2467472,0,12,2,0,1,1,0,1,5,1,0,1,0,0000000,20,55,21,6,99,99,0,0,0,1,0
2,20010,2,2,0,0,0,2,2,170,0,13,5,2013,2,23,44,1,1,3,SR-3 PARKS HIGHWAY,,685,62.1742,-150.1699861,0,12,2,0,1,1,0,1,2,1,0,1,0,0000000,99,99,99,99,99,99,0,0,0,1,1
2,20011,1,1,0,0,0,1,1,20,130,1,5,2013,4,15,51,1,11,3,SR-1 GLENN HIGHWAY,,91,61.28261667,-149.615,0,34,0,0,1,1,0,4,1,10,0,10,0,0000000,15,52,15,53,88,88,0,0,0,1,0
2,20012,2,2,0,0,0,5,5,122,0,9,6,2013,1,14,0,0,5,5,EAST END ROAD,,98,59.79513889,-151.1591583,0,12,2,0,1,1,0,1,1,1,0,1,0,0000000,99,99,99,99,88,88,0,0,0,1,0
2,20013,1,1,0,0,0,3,3,170,0,28,6,2013,6,7,10,1,1,3,SR-1 GLENN HIGHWAY,,669,61.76264167,-148.5583083,0,1,0,0,1,1,0,4,1,10,0,10,0,0000000,7,15,7,43,9,4,0,0,0,1,0
2,20014,3,3,0,0,0,4,4,20,130,24,7,2013,4,21,2,1,1,3,SR-1 SEWARD HIGHWAY,,918,60.93819722,-149.2526222,0,12,1,0,1,1,0,1,1,10,0,10,0,0000000,21,2,21,13,22,39,0,0,0,1,0
2,20015,1,1,0,1,1,1,1,270,2070,29,7,2013,2,18,15,0,6,5,TANGAQ STREET,,1,61.93626944,-162.8857028,0,8,0,0,1,1,0,1,1,1,0,1,0,0000000,88,88,88,88,88,88,0,0,0,1,0
2,20016,1,1,0,0,0,2,2,201,0,20,6,2013,5,16,47,0,6,8,N PRINCE OF WALES RD (USFS 20),,742,56.31023889,-133.5584833,0,1,0,0,1,1,0,4,1,1,0,1,0,0000000,99,99,99,99,99,99,0,0,0,1,0
2,20017,2,2,0,0,0,2,2,20,130,8,7,2013,2,18,42,0,12,6,OLD SEWARD HIGHWAY,INDUSTRY WAY,25,61.11307222,-149.8639028,0,12,6,0,2,3,0,1,1,10,0,10,0,0000000,18,43,18,46,19,3,0,0,0,1,0
2,20018,2,2,0,0,0,4,4,20,130,31,1,2013,5,19,18,1,1,3,SR-1 SEARD HIGHWAY,,1043,60.984025,-149.5629056,0,12,2,0,1,1,0,1,2,5,0,5,0,0000000,19,17,19,42,20,38,0,0,0,1,0
2,20019,1,1,0,0,0,2,2,170,0,18,6,2013,3,21,44,1,1,3,SR-1 GLENN HIGHWAY,,849,61.79559722,-148.0503306,0,11,0,0,1,1,0,1,1,1,0,1,0,0000000,21,42,21,54,99,99,0,0,0,1,0
2,20020,1,1,0,0,0,1,1,261,0,13,7,2013,7,23,52,1,1,3,SR-1 GLENN HIGHWAY,,1294,61.98756111,-146.9465583,0,1,0,0,1,1,0,4,5,1,0,1,0,0000000,23,52,0,47,88,88,0,0,0,1,1
2,20021,1,1,0,0,0,1,1,70,0,27,8,2013,3,20,50,0,4,5,ALEKNAGIK LAKE ROAD,,174,59.24601944,-158.6439278,0,1,0,0,1,1,0,4,5,10,0,10,0,0000000,88,88,88,88,88,88,0,0,0,1,1
2,20022,1,1,0,0,0,1,1,261,0,21,8,2013,4,19,33,1,2,3,SR-4 RICHARDSON HIGHWAY,,799,61.62391389,-145.2074361,0,11,0,0,1,1,0,1,1,2,10,2,0,0000000,19,25,20,58,88,88,0,0,0,1,0
2,20023,1,1,0,2,2,1,1,20,130,9,8,2013,6,18,45,1,12,6,ABBOTT ROAD,,33,61.14300278,-149.8479833,0,33,0,0,1,1,0,4,1,2,0,2,0,0000000,18,45,18,49,19,14,0,0,0,2,1
2,20024,1,1,0,0,0,2,2,20,130,17,8,2013,7,2,47,0,14,6,MARTIN LUTHER KING JR DRIVE,,12,61.17978889,-149.7782556,0,38,0,0,1,1,0,4,3,2,10,2,0,0000000,2,47,2,51,88,88,0,0,0,1,1
2,20025,2,2,0,0,0,4,4,170,0,7,4,2013,1,15,53,1,1,3,SR-3 PARKS HIGHWAY,,1513,63.16236944,-149.3915944,0,12,2,0,1,1,0,1,1,12,11,11,0,0000000,15,53,17,13,20,42,0,0,0,2,0
2,20026,1,1,0,0,0,2,2,90,0,26,5,2013,1,17,50,0,6,5,TWO RIVERS ROAD,,5,64.87720556,-147.0424,0,1,0,0,1,1,0,4,1,1,0,1,0,0000000,99,99,99,99,88,88,0,0,0,1,0
2,20027,1,1,0,0,0,1,1,240,0,26,5,2013,1,16,14,1,1,3,SR-2 ALASKA HIGHWAY,,1386,63.67324444,-144.0921667,0,24,0,0,1,1,0,4,1,1,0,1,0,0000000,88,88,88,88,88,88,0,0,0,1,0
2,20028,2,2,0,0,0,9,9,20,130,30,6,2013,1,4,57,1,13,6,BONIFACE PARKWAY,DEBARR ROAD,20,61.20968889,-149.7784306,0,12,6,0,2,2,0,1,3,1,0,1,0,0000000,4,57,5,1,5,47,0,0,0,1,1
2,20029,2,2,0,0,0,3,3,240,0,5,7,2013,6,10,56,0,3,3,SR-5 TAYLOR HIGHWAY,,83,63.40374167,-142.4746528,0,12,2,0,1,1,0,1,1,10,0,10,0,0000000,11,0,11,24,88,88,0,0,0,1,0
2,20030,1,1,0,0,0,2,2,188,1380,26,9,2013,5,20,30,0,5,5,SHORE AVENUE,,10,66.89493056,-162.6049417,0,5,0,0,1,1,0,1,1,1,0,1,0,0000000,99,99,99,99,99,99,0,0,0,1,0
2,20031,1,1,0,0,0,1,1,20,130,3,9,2013,3,13,41,1,11,3,SR-1 SEWARD HIGHWAY,,1227,61.16591944,-149.856275,0,18,0,0,1,1,4,1,1,10,0,10,0,0000000,13,41,13,49,14,3,0,0,0,1,0
2,20032,1,1,0,0,0,1,1,122,1240,7,10,2013,2,99,99,1,2,5,KENAI SPUR HIGHWAY,,53,60.555525,-151.1089667,0,30,0,0,1,1,0,4,2,2,10,2,0,0000000,88,88,88,88,88,88,0,0,0,1,1
2,20033,1,1,0,0,0,1,1,90,770,31,5,2013,6,99,99,0,15,6,CUSHMAN STREET,ALTA WAY,7,64.80767222,-147.7107,0,1,0,0,3,2,0,2,5,1,0,1,0,0000000,22,59,23,0,99,99,0,0,0,1,1
2,20034,2,2,0,0,0,2,2,170,0,23,11,2013,7,22,37,0,3,5,BIG LAKE ROAD,,24,61.55846111,-149.7865778,0,12,1,0,1,1,0,1,2,1,0,1,0,0000000,22,41,22,50,88,88,0,0,0,1,1
2,20035,2,2,0,0,0,5,5,20,130,6,2,2013,4,2,39,1,13,6,NORTHERN LIGHTS BLVD,A STREET,52,61.19528056,-149.883125,0,12,6,0,2,2,0,1,3,10,0,10,0,0000000,2,40,2,45,3,5,0,0,0,1,0
2,20036,1,1,0,0,0,1,1,150,1983,23,5,2013,5,9,0,0,5,5,3RD STREET,F STREET,4,57.92418611,-152.49905,0,1,0,0,2,3,0,1,1,1,0,1,0,0000000,99,99,99,99,99,99,0,0,0,1,1
2,20037,1,1,0,0,0,3,3,20,130,12,7,2013,6,2,16,0,14,6,COMMERCIAL DRIVE,INDUSTRY WAY,1,61.22108889,-149.8322222,0,1,0,0,1,1,0,1,3,1,0,1,0,0000000,2,16,2,22,2,41,0,0,0,1,1
2,20038,1,1,0,0,0,1,1,90,0,10,8,2013,7,17,57,0,15,6,VAN HORN ROAD,,1,64.8131,-147.8385667,0,34,0,0,1,1,0,4,1,1,0,1,0,0000000,17,57,17,59,18,13,0,0,0,1,1
2,20039,1,1,0,1,1,1,1,20,130,2,9,2013,2,19,41,1,11,3,SR-1 GLENN HIGHWAY,,25,61.22473333,-149.7473333,0,9,0,0,1,1,0,1,1,2,0,2,0,0000000,19,41,19,50,20,0,0,0,0,1,0
2,20040,2,2,0,0,0,2,2,90,0,23,9,2013,2,12,43,0,14,6,BADGER ROAD,,25,64.83226111,-147.5190833,0,12,6,0,1,1,0,1,1,1,0,1,0,0000000,88,88,88,88,88,88,0,0,0,1,0
2,20041,1,1,0,0,0,3,3,90,0,1,10,2013,3,7,34,0,3,3,SR-6 STEESE HIGHWAY,,165,65.01226944,-147.4872222,0,1,0,0,1,1,0,4,3,3,12,3,0,0000000,7,37,7,52,8,45,0,0,0,1,0