STATE,ST_CASE,VE_TOTAL,VE_FORMS,PVH_INVL,PEDS,PERNOTMVIT,PERMVIT,PERSONS,COUNTY,CITY,DAY,MONTH,YEAR,DAY_WEEK,HOUR,MINUTE,NHS,ROAD_FNC,ROUTE,TWAY_ID,TWAY_ID2,MILEPT,LATITUDE,LONGITUD,SP_JUR,HARM_EV,MAN_COLL,RELJCT1,RELJCT2,TYP_INT,WRK_ZONE,REL_ROAD,LGT_COND,WEATHER1,WEATHER2,WEATHER,SCH_BUS,RAIL,NOT_HOUR,NOT_MIN,ARR_HOUR,ARR_MIN,HOSP_HR,HOSP_MN,CF1,CF2,CF3,FATALS,DRUNK_DR
2,20042,1,1,0,1,1,1,1,20,130,16,10,2013,4,99,99,1,13,6,OLD SEWARD HIGHWAY,E 69TH STREET,56,61.15832222,-149.8641194,0,8,0,0,2,3,0,1,6,1,0,1,0,0000000,2,56,3,0,88,88,0,0,0,1,0
2,20043,1,1,0,0,0,1,1,90,0,19,10,2013,7,2,54,0,4,5,SHEEP CREEK ROAD,WEST YANKOVICH ROAD,21,64.87793333,-147.9105306,0,11,0,0,2,3,0,1,2,1,0,1,0,0000000,88,88,88,88,88,88,0,0,0,1,0
2,20044,2,2,0,0,0,2,2,170,0,23,12,2013,2,8,7,0,4,5,TALKEETNA SPUR ROAD,,108,62.27849167,-150.0780861,0,12,6,0,1,1,0,1,2,4,10,4,0,0000000,8,5,8,17,88,88,0,0,0,1,0
2,20045,1,1,0,0,0,3,3,68,0,31,10,2013,5,0,4,0,6,5,HEALY SPUR ROAD,,45,63.85541667,-148.91605,0,48,0,0,1,1,0,5,2,1,0,1,0,0000000,0,2,0,15,88,88,0,0,0,1,1
2,20046,2,2,0,0,0,2,2,20,130,7,12,2013,7,10,25,1,1,3,SR-1 SEWARD HIGHWAY,,1113,61.02363611,-149.7490667,0,12,6,0,1,1,0,1,1,5,0,5,0,0000000,10,25,10,39,11,16,0,0,0,1,0
2,20047,1,1,0,0,0,1,1,122,0,25,12,2013,4,13,27,1,2,3,SR-1 STERLING HIGHWAY,,1025,59.96356667,-151.7293806,0,1,0,0,1,1,0,4,1,1,0,1,0,0000000,13,42,99,97,99,97,0,0,0,1,1
2,20048,1,1,0,0,0,1,1,50,270,25,7,2013,5,0,5,0,6,5,FRONTAGE ROAD,,1,60.787625,-161.7842056,0,26,0,0,1,1,0,1,5,1,0,1,0,0000000,0,8,0,9,0,21,0,0,0,1,1
2,20049,1,1,0,0,0,1,1,170,2790,24,4,2013,4,2,53,1,11,3,SR-3,,46,61.57161944,-149.3795611,0,34,0,0,1,1,0,4,3,10,5,5,0,0000000,2,55,2,59,3,12,0,0,0,1,0
4,40001,1,1,0,0,0,1,1,23,0,3,1,2013,5,17,32,1,11,1,I-19,,99,31.45442778,-110.9828722,0,38,0,0,1,1,0,10,1,2,0,2,0,0000000,17,35,17,38,88,88,0,0,0,1,0
4,40002,1,1,0,0,0,1,1,13,290,3,1,2013,5,21,56,1,12,3,SR-202 RAMP,,280,33.40736389,-111.6409472,0,33,0,1,5,1,0,4,3,1,0,1,0,0000000,21,56,21,59,22,50,0,0,0,1,0
4,40003,1,1,0,1,1,8,8,21,22,4,1,2013,6,14,43,1,12,2,US-60,,1979,33.38656111,-111.5203167,0,8,0,1,18,1,0,1,1,1,0,1,0,0000000,14,43,14,50,15,45,0,0,0,1,0
4,40004,1,1,0,1,1,2,2,13,370,5,1,2013,7,19,1,0,13,6,35TH AVE,,0,33.48806667,-112.1343083,0,8,0,0,1,1,0,1,3,1,0,1,0,0000000,19,3,19,6,19,16,0,0,0,1,0
4,40005,2,2,0,0,0,2,2,3,0,7,1,2013,2,6,36,0,3,3,SR-80,,3045,31.85171111,-110.1996583,0,12,2,0,1,1,0,1,4,1,0,1,0,0000000,6,44,6,59,8,50,0,0,0,1,1
4,40006,1,1,0,1,1,1,1,19,530,7,1,2013,2,10,11,1,13,6,VALENCIA RD,COUNTRY CLUB RD,0,32.13419444,-110.9260667,0,8,0,0,3,2,0,1,1,1,0,1,0,0000000,10,11,10,16,10,36,0,0,0,1,0
4,40009,2,2,0,0,0,2,2,13,370,11,1,2013,6,10,14,0,13,6,19TH AVE,LAS PALMARITAS DR,0,33.55670556,-112.099675,0,12,6,0,2,3,0,1,1,1,0,1,0,0000000,99,99,99,99,99,99,0,0,0,1,0
4,40010,2,2,0,0,0,4,4,17,262,11,1,2013,6,12,11,0,6,6,PENROD EXTENSION,,0,34.19603889,-109.9902278,0,12,2,0,1,1,0,1,1,10,0,10,0,0000000,12,40,12,42,14,19,0,0,0,1,0
4,40011,1,1,0,0,0,2,2,25,0,11,1,2013,6,16,21,1,2,3,SR-69,,2767,34.47284167,-112.2632278,0,35,0,0,1,1,0,4,1,1,0,1,0,0000000,16,23,16,34,88,88,0,0,0,2,0
4,40012,1,1,0,1,1,1,1,19,0,11,1,2013,6,18,28,0,14,9,NEBRASKA ST,,0,32.155675,-111.0160111,0,8,0,0,1,1,0,1,2,1,0,1,0,0000000,18,30,18,35,19,0,0,0,0,1,0
4,40013,2,2,0,0,0,2,2,13,0,12,1,2013,7,5,23,1,11,1,I-10,,1411,33.46166667,-112.1439111,0,12,1,0,1,1,4,1,3,1,0,1,0,0000000,5,23,5,32,5,55,0,0,0,1,1
4,40014,1,1,0,0,0,1,1,23,330,13,1,2013,1,12,14,0,14,6,MORLEY AVE,,0,31.34882778,-110.9272611,0,33,0,0,1,1,0,4,1,1,0,1,0,0000000,12,16,12,35,88,88,20,0,0,1,0
4,40015,1,1,0,0,0,1,1,3,50,16,1,2013,4,9,5,0,5,6,ARIZONA ST,,0,31.36681389,-109.8867667,0,30,0,0,1,1,0,4,1,1,0,1,0,0000000,9,6,9,10,11,30,0,0,0,1,0
4,40016,1,1,0,0,0,2,2,25,0,17,1,2013,5,17,5,0,6,4,CR-62,,0,34.27141111,-112.9047528,0,34,0,0,1,1,0,4,1,1,0,1,0,0000000,17,10,17,26,88,88,0,0,0,1,0
4,40017,2,2,0,0,0,3,3,13,290,19,1,2013,7,17,6,0,14,6,BROADWAY RD,,0,33.40819167,-111.7625917,0,12,99,0,8,1,0,1,1,1,0,1,0,0000000,17,6,17,10,17,25,0,0,0,1,0
4,40018,1,1,0,0,0,3,3,19,0,20,1,2013,1,0,24,0,4,9,INA RD,,0,32.33758611,-111.119575,0,38,0,0,1,1,0,5,2,1,0,1,0,0000000,0,24,0,31,1,11,0,0,0,1,0
4,40019,1,1,0,0,0,1,1,5,0,20,1,2013,1,16,14,1,1,1,I-40,,2295,35.1167,-111.1070333,0,1,0,0,1,1,0,3,1,1,0,1,0,0000000,16,18,16,59,88,88,0,0,0,1,0
4,40020,1,1,0,0,0,5,5,13,490,20,1,2013,1,16,16,1,12,3,SR-101,,546,33.392925,-111.8913639,0,1,0,1,19,1,0,8,1,1,0,1,0,0000000,16,17,16,23,16,53,0,0,0,2,0
4,40021,1,1,0,0,0,1,1,19,530,20,1,2013,1,20,57,0,14,6,HARRISON RD,,0,32.17743611,-110.7898028,0,35,0,0,1,1,0,4,2,1,0,1,0,0000000,99,99,99,99,99,99,0,0,0,1,1
4,40023,3,3,0,0,0,5,5,25,373,22,1,2013,3,15,2,0,14,3,SR-89A,ROBERT RD,3234,34.63979444,-112.3157917,0,12,1,1,3,2,0,1,1,1,0,1,0,0000000,15,2,15,20,15,53,0,0,0,1,0
4,40024,3,3,0,0,0,5,5,13,0,22,1,2013,3,18,44,0,15,9,DYSART RD,OCOTILLO RD,0,33.53310556,-112.3410083,0,1,0,0,2,3,0,1,3,1,0,1,0,0000000,18,46,18,53,19,24,0,0,0,1,1
4,40026,2,2,0,0,0,2,2,25,0,26,1,2013,7,15,10,0,3,3,SR-260,,2314,34.49708889,-111.717275,0,12,6,0,1,1,0,1,1,2,0,2,0,0000000,15,10,15,23,16,14,0,0,0,2,0
4,40027,2,2,0,0,0,6,6,13,370,27,1,2013,1,20,33,1,12,3,SR-202,,35,33.45826667,-111.98365,0,12,1,1,18,1,0,1,3,10,0,10,0,0000000,20,32,20,44,99,99,0,0,0,2,0
4,40029,1,1,0,0,0,1,1,13,370,28,1,2013,2,3,19,1,11,1,I-17 RAMP,,2000,33.46331389,-112.1100472,0,43,0,1,5,1,0,4,3,10,0,10,0,0000000,3,20,3,22,88,88,0,0,0,1,1
4,40031,2,2,0,0,0,2,2,13,475,8,1,2013,3,11,11,0,14,6,99TH AVE,FORRESTER DR,0,33.60293333,-112.2698917,0,12,7,0,2,3,0,1,1,1,0,1,0,0000000,11,11,11,12,11,30,0,0,0,1,0
4,40032,1,1,0,0,0,1,1,21,0,27,1,2013,1,12,18,1,1,1,I-10,,2119,32.71550556,-111.5031222,0,24,0,0,1,1,0,4,1,1,0,1,0,0000000,12,20,12,30,13,0,0,0,0,1,0
4,40033,1,1,0,0,0,2,2,19,0,3,1,2013,5,0,1,0,13,9,LA CHOLLA BLVD,,0,32.35013333,-111.0112417,0,33,0,0,5,1,1,4,3,1,0,1,0,0000000,0,5,0,12,0,48,0,0,0,1,1
4,40034,1,1,0,0,0,1,1,21,0,4,1,2013,6,18,15,0,6,9,BELLA VISTA RD,,0,33.16193889,-111.4963389,0,30,0,0,1,1,0,4,2,1,0,1,0,0000000,18,16,18,25,88,88,0,0,0,1,1
4,40035,1,1,0,0,0,1,1,17,0,23,1,2013,4,16,59,0,4,3,SR-377,,286,34.80336389,-110.2080222,0,1,0,0,1,1,0,4,1,1,0,1,0,0000000,17,0,17,6,88,88,0,0,0,1,0
4,40036,1,1,0,1,1,1,1,13,370,25,1,2013,6,19,30,0,14,6,27TH AVE,ROVEY AVE,0,33.52511944,-112.1168972,0,8,0,0,2,3,0,1,3,2,10,2,0,0000000,19,32,19,35,19,50,0,0,0,1,1
4,40037,3,3,0,0,0,4,4,13,290,26,1,2013,7,11,1,0,14,6,LINDSAY RD,PUEBLO AVE,0,33.40215278,-111.7711806,0,12,6,0,2,2,0,1,1,2,0,2,0,0000000,11,1,11,6,99,99,0,0,0,1,0
4,40038,2,1,1,0,0,1,1,1,0,29,1,2013,3,6,21,1,1,1,I-40,,3077,35.02789722,-109.8375889,0,1,0,0,1,1,0,3,2,1,0,1,0,0000000,6,24,99,99,88,88,19,0,0,1,0
4,40039,1,1,0,0,0,7,7,17,0,2,1,2013,4,15,26,0,14,8,BIA 59,,0,99.99990000,999.99990000,3,1,0,0,1,1,0,1,1,1,0,1,0,0000000,99,99,99,99,99,99,0,0,0,1,0
4,40040,1,1,0,1,1,1,1,13,370,3,1,2013,5,18,39,0,14,6,PEORIA AVE,,0,33.5821,-112.095775,0,8,0,0,1,1,0,1,3,1,0,1,0,0000000,18,40,18,44,18,59,0,0,0,1,0
4,40041,1,1,0,0,0,1,1,13,370,6,1,2013,1,20,46,0,13,6,CAVE CREEK RD,,0,33.61821667,-112.0314167,0,33,0,0,1,1,0,4,3,1,0,1,0,0000000,20,46,20,48,88,88,0,0,0,1,1
4,40042,2,2,0,0,0,5,5,27,0,4,1,2013,6,17,30,0,6,9,COUNTY 3RD ST,AVENUE 40E,0,32.77981944,-113.9537972,0,12,11,0,2,2,0,1,5,10,0,10,0,0000000,17,34,17,40,88,88,0,0,0,1,0
4,40044,1,1,0,1,1,2,2,13,370,9,1,2013,4,18,56,0,13,6,SOUTHERN AVE,,0,33.39220556,-112.1154056,0,8,0,0,1,1,0,1,3,1,0,1,0,0000000,18,58,19,2,19,24,0,0,0,1,0
4,40045,2,2,0,1,1,6,6,13,370,11,1,2013,6,6,55,0,14,6,43RD AVE,POINSETTIA DR,0,33.59296389,-112.1514167,0,8,0,0,3,2,0,1,3,1,0,1,0,0000000,6,56,7,0,88,88,0,0,0,1,0
4,40046,1,1,0,0,0,2,2,13,370,11,1,2013,6,22,2,0,14,6,VAN BUREN ST,,0,33.45127778,-112.0014611,0,30,0,0,1,1,0,4,3,1,0,1,0,0000000,22,1,22,5,22,21,0,0,0,1,0
4,40047,2,2,0,0,0,2,2,13,370,12,1,2013,7,17,9,0,14,6,NORTHERN AVE,21ST AVE,0,33.55309444,-112.1039944,0,1,0,0,2,3,0,1,5,1,0,1,0,0000000,17,10,17,14,17,33,0,0,0,1,0
4,40048,2,2,0,0,0,4,4,13,0,15,1,2013,3,8,58,0,14,6,UNIVERSITY DR,MERRILL AVE,0,33.42228611,-111.6077222,0,12,6,0,2,2,0,1,1,1,0,1,0,0000000,8,58,9,5,99,99,0,0,0,1,0
4,40050,2,2,0,0,0,3,3,13,0,15,1,2013,3,18,44,0,13,9,MCDOWELL RD,EXTENSION RD,0,33.46596667,-111.8479972,3,12,6,0,2,3,0,1,3,1,0,1,0,0000000,18,44,18,49,99,99,0,0,0,1,0
4,40051,1,1,0,0,0,6,6,1,0,16,1,2013,4,23,39,0,9,9,UNKNOWN RD,,0,99.99990000,999.99990000,3,1,0,0,1,1,0,99,6,99,0,99,0,0000000,99,99,99,99,99,99,0,0,0,1,1
4,40052,3,3,0,0,0,4,4,13,370,19,1,2013,7,10,5,0,14,6,VAN BUREN ST,75TH AVE,0,33.45177222,-112.2211583,0,12,6,0,2,2,0,1,1,1,0,1,0,0000000,10,5,10,7,10,31,0,0,0,1,0
4,40053,1,1,0,1,1,1,1,1,0,19,1,2013,7,6,26,0,4,8,BIA 12,,0,99.99990000,999.99990000,3,8,0,0,99,99,0,1,1,99,0,99,0,0000000,99,99,99,99,99,99,0,0,0,1,0
4,40054,1,1,0,0,0,1,1,13,370,19,1,2013,7,15,14,0,15,6,52ND ST,,0,99.99990000,999.99990000,0,43,0,0,99,99,0,4,1,99,0,99,0,0000000,99,99,99,99,88,88,0,0,0,1,0
4,40055,1,1,0,0,0,1,1,13,60,20,1,2013,1,15,54,0,16,9,BELOAT RD,,0,33.36294722,-112.5573333,0,35,0,0,1,1,0,4,1,1,0,1,0,0000000,15,59,16,6,99,99,0,0,0,1,1
4,40056,4,4,0,0,0,9,9,13,290,27,1,2013,1,14,0,0,16,6,RECKER RD,,0,99.99990000,999.99990000,0,12,2,0,1,1,0,1,1,99,0,99,0,0000000,99,99,99,99,99,99,0,0,0,2,0
4,40057,4,4,0,0,0,11,11,19,0,27,1,2013,1,20,49,0,15,9,VALENCIA RD,,0,32.13343333,-111.0732083,0,12,1,0,1,1,0,1,2,1,0,1,0,0000000,20,51,20,53,99,99,0,0,0,1,1
4,40058,2,2,0,1,1,2,2,13,370,28,1,2013,2,6,53,0,13,6,PEORIA AVE,,0,33.58194444,-112.1454611,0,8,0,0,1,1,0,1,3,10,0,10,0,0000000,6,55,6,58,88,88,0,0,0,1,0
4,40059,2,2,0,0,0,2,2,13,370,30,1,2013,4,16,43,0,13,6,CAMELBACK RD,32ND ST,0,33.5099,-112.0130361,0,12,6,0,2,2,0,1,1,1,0,1,0,0000000,16,43,16,46,17,3,0,0,0,1,0
4,40060,2,2,0,0,0,2,2,13,290,15,1,2013,3,7,13,0,13,6,MAIN ST,80TH ST,0,33.41515833,-111.6587278,0,12,6,0,2,2,0,1,2,1,0,1,0,0000000,7,13,7,27,99,99,0,0,0,1,0
4,40061,1,1,0,0,0,2,2,13,0,1,2,2013,6,15,12,1,1,1,I-10,,785,33.54576111,-113.2018306,0,1,0,0,1,1,0,3,1,1,0,1,0,0000000,15,17,15,24,16,39,0,0,0,1,0
4,40062,4,4,0,0,0,8,8,3,431,1,2,2013,6,16,14,0,14,6,CORONADO DR,LAUREL LN,0,31.53576389,-110.2785389,0,12,99,0,99,99,0,1,1,1,0,1,0,0000000,99,99,99,99,99,99,0,0,0,1,0
4,40063,2,2,0,0,0,4,4,13,60,1,2,2013,6,17,24,1,11,1,I-10,,1151,33.43464722,-112.5870444,0,1,0,1,18,1,0,1,1,1,0,1,0,0000000,17,24,17,32,18,20,0,0,0,1,0
4,40064,1,1,0,1,1,2,2,19,530,1,2,2013,6,18,25,1,13,6,CAMPBELL AVE,,0,32.28375278,-110.9438194,0,8,0,0,1,1,0,1,3,1,0,1,0,0000000,18,25,99,99,99,99,0,0,0,1,0
4,40065,1,1,0,0,0,1,1,13,370,2,2,2013,7,0,57,1,11,1,I-10,,1360,33.46215,-112.2317278,0,24,0,0,1,1,0,3,3,1,0,1,0,0000000,1,0,1,1,1,20,0,0,0,1,1
4,40066,1,1,0,0,0,1,1,5,0,2,2,2013,7,12,13,0,3,3,SR-89A,,3969,35.11982778,-111.7082806,0,34,0,0,1,1,0,4,1,1,0,1,0,0000000,12,15,12,29,88,88,0,0,0,1,0
4,40067,1,1,0,1,1,1,1,13,420,4,2,2013,2,14,49,0,15,6,GRANITE REEF DR,MCDOWELL RD,0,33.46575556,-111.9005,0,9,0,0,3,2,0,1,1,1,0,1,0,0000000,14,50,14,55,15,6,0,0,0,1,0
4,40068,2,2,0,0,0,3,3,19,530,3,2,2013,1,12,55,0,14,6,HOUGHTON RD,TANQUE VERDE RD,0,32.25094444,-110.7722194,0,12,6,0,2,2,0,1,1,1,0,1,0,0000000,12,57,12,58,13,28,0,0,0,1,0
4,40069,1,1,0,1,1,1,1,21,405,6,2,2013,4,5,10,0,4,6,CASA BLANCA RD,,0,33.08815278,-111.7705806,3,8,0,0,1,1,0,1,2,1,0,1,0,0000000,5,13,5,19,5,36,0,0,0,1,0
4,40070,2,2,0,0,0,7,7,21,22,6,2,2013,4,17,48,0,13,6,APACHE TRL,MERIDIAN DR,0,33.41505278,-111.5806361,0,12,6,0,2,2,0,1,1,1,0,1,0,0000000,17,48,17,52,99,99,0,0,0,1,1
4,40071,2,2,0,0,0,3,3,19,0,6,2,2013,4,19,14,0,16,9,TETEKUSIM RD,SORREL LN,0,32.11555,-111.0459611,0,12,99,0,2,2,0,1,2,1,0,1,0,0000000,19,15,19,21,99,99,0,0,0,1,0
4,40072,1,1,0,0,0,1,1,1,0,7,2,2013,5,12,46,1,1,1,I-40,,3495,35.28053889,-109.1877139,0,1,0,0,1,1,0,3,1,1,0,1,0,0000000,12,47,12,57,88,88,0,0,0,1,0
4,40073,1,1,0,1,1,5,5,19,530,9,2,2013,7,19,45,1,13,6,22ND ST,8TH AVE,0,32.20681389,-110.9716722,0,8,0,0,3,2,0,1,2,1,0,1,0,0000000,19,45,19,49,88,88,0,0,0,1,0
4,40074,1,1,0,0,0,1,1,13,30,10,2,2013,1,17,19,0,15,6,VAN BUREN ST,DYSART RD,0,33.44983056,-112.3410667,0,33,0,0,3,2,0,4,1,10,0,10,0,0000000,17,20,17,26,88,88,0,0,0,1,0
4,40075,1,1,0,0,0,2,2,17,0,11,2,2013,2,7,56,1,1,1,I-40,,2894,34.93873611,-110.1294111,0,1,0,1,19,1,0,3,1,10,4,4,0,0000000,7,58,8,10,99,99,19,0,0,1,0
4,40076,3,3,0,0,0,6,6,13,0,11,2,2013,2,16,27,0,4,3,SR-74,,47,33.85168611,-112.5552639,0,12,6,0,1,1,0,1,1,2,3,3,0,0000000,16,27,16,50,99,99,0,0,0,1,0
4,40077,1,1,0,1,1,1,1,19,530,11,2,2013,2,18,45,0,14,6,FORT LOWELL RD,CASTRO AVE,0,32.26473611,-110.9743917,0,8,0,0,3,3,0,1,2,2,0,2,0,0000000,18,45,18,49,99,99,0,0,0,1,0
4,40080,2,2,0,0,0,2,2,13,490,17,2,2013,1,14,40,1,12,3,SR-101,,523,33.42603889,-111.8913111,0,25,0,1,19,1,0,4,1,1,0,1,0,0000000,14,41,14,48,15,0,0,0,0,1,0
4,40081,2,2,0,0,0,3,3,19,530,17,2,2013,1,18,4,0,14,6,12TH AVE,,0,32.13489722,-110.9776806,0,12,6,0,8,1,0,1,5,1,0,1,0,0000000,18,4,18,20,19,4,0,0,0,1,1
4,40082,1,1,0,0,0,1,1,15,0,18,2,2013,2,23,3,1,1,1,I-40,,577,35.20393333,-113.9393583,0,1,0,0,1,1,0,4,2,1,0,1,0,0000000,23,3,23,15,88,88,0,0,0,1,0
4,40083,2,2,0,0,0,2,2,13,290,19,2,2013,3,11,49,0,14,6,MCDOWELL RD,SR-202 RAMP,0,33.46795556,-111.7817722,0,12,6,1,2,3,0,1,1,1,0,1,0,0000000,11,49,11,54,88,88,0,0,0,1,0
4,40085,1,1,0,0,0,1,1,1,0,23,2,2013,7,13,58,0,4,2,US-191,,4601,36.33086389,-109.6221,3,38,0,0,1,1,0,5,1,1,0,1,0,0000000,13,58,14,13,88,88,0,0,0,1,1
4,40086,1,1,0,0,0,4,4,13,0,24,2,2013,1,0,11,1,1,1,I-10,,1000,33.47546389,-112.8395306,0,1,0,0,1,1,0,4,2,1,0,1,0,0000000,0,12,0,32,99,99,0,0,0,1,0
4,40087,2,2,0,0,0,2,2,19,530,24,2,2013,1,5,17,1,13,6,GRANT RD,,0,32.25036944,-110.9914472,0,33,0,0,1,1,0,3,4,1,0,1,0,0000000,5,17,5,24,99,99,0,0,0,1,1
4,40088,1,1,0,0,0,1,1,5,0,27,2,2013,4,15,47,1,11,1,I-17,,3363,35.12452222,-111.6818111,0,1,0,0,1,1,0,3,1,1,0,1,0,0000000,15,48,15,58,88,88,0,0,0,1,1
4,40089,6,6,0,0,0,7,7,13,490,28,2,2013,5,5,20,1,11,1,I-10,,1541,33.40633056,-111.9697639,0,12,7,1,18,1,0,1,3,1,0,1,0,0000000,5,22,5,30,88,88,14,0,0,1,0
4,40090,1,1,0,0,0,1,1,19,0,2,2,2013,7,18,48,0,16,9,HARDSCRABBLE RD,,0,31.58331111,-111.2990889,0,1,0,0,1,1,0,2,3,1,0,1,0,0000000,18,56,18,56,88,88,0,0,0,1,1
4,40091,2,2,0,0,0,2,2,25,0,6,2,2013,4,15,18,1,2,3,SR-69,MAIN ST,2794,34.50291111,-112.2441722,0,12,6,0,2,2,0,1,1,1,0,1,0,0000000,15,18,15,23,99,99,0,0,0,1,0
4,40092,1,1,0,0,0,2,2,19,407,25,2,2013,2,9,46,1,11,1,I-19,,434,31.90818333,-110.9854917,0,1,0,1,19,1,0,3,1,1,0,1,0,0000000,9,46,9,49,10,21,0,0,0,1,0
4,40093,1,1,0,1,1,1,1,13,60,27,2,2013,4,1,59,1,11,1,I-10,,1219,33.46228889,-112.4753722,0,8,0,1,18,1,0,1,2,1,0,1,0,0000000,5,15,5,25,88,88,0,0,0,1,0
4,40094,1,1,0,0,0,1,1,21,297,27,2,2013,4,13,37,0,3,6,JOHN WAYNE PKWY,,0,33.05635278,-112.0483056,0,46,0,0,1,1,0,3,1,1,0,1,0,741343C,13,39,13,42,88,88,0,0,0,1,0
4,40095,1,1,0,1,1,1,1,7,210,15,2,2013,6,5,50,0,13,2,US-60,,2502,33.39969722,-110.7909778,0,8,0,0,1,1,0,1,3,1,0,1,0,0000000,99,99,99,99,99,99,0,0,0,1,0
4,40096,1,1,0,0,0,1,1,7,0,1,2,2013,6,12,46,0,5,8,FOREST RD 64,,0,34.34447222,-111.1911389,0,42,0,0,1,1,0,4,1,1,0,1,0,0000000,12,49,13,3,14,23,0,0,0,1,0
4,40097,2,2,0,0,0,2,2,13,370,1,3,2013,6,2,51,1,11,1,I-10,,1409,33.46193611,-112.1461611,0,12,99,0,1,1,0,1,2,1,0,1,0,0000000,2,57,2,59,88,88,19,0,0,1,1
4,40098,1,1,0,0,0,1,1,13,0,3,3,2013,1,6,29,1,2,3,SR-87,,2005,33.64100556,-111.5425444,3,42,0,0,1,1,0,4,4,1,0,1,0,0000000,6,33,6,55,88,88,0,0,0,1,0
4,40099,1,1,0,0,0,1,1,17,0,3,3,2013,1,17,45,0,5,3,SR-277,,3307,34.50873889,-110.1790667,0,1,0,0,1,1,0,1,5,1,0,1,0,0000000,17,37,17,54,88,88,0,0,0,1,0
4,40101,2,2,0,0,0,2,2,21,22,6,3,2013,4,19,58,0,14,6,IRONWOOD DR,US-60 RAMP,0,33.38591111,-111.5633556,0,12,6,1,2,2,0,1,3,98,0,98,0,0000000,19,59,20,6,99,99,0,0,0,1,0
4,40103,1,1,0,0,0,1,1,5,0,9,3,2013,7,15,39,1,2,2,US-160,,3362,36.23813611,-111.0258778,3,1,0,0,1,1,0,4,1,1,0,1,0,0000000,15,39,15,48,88,88,0,0,0,1,1
4,40104,1,1,0,0,0,3,3,19,0,10,3,2013,1,18,52,0,16,6,CAMPBELL AVE,INA RD,0,32.33730833,-110.9267778,0,33,0,0,3,6,0,3,2,1,0,1,0,0000000,18,54,18,59,19,37,0,0,0,1,1
4,40106,3,2,1,0,1,4,5,13,370,11,3,2013,2,14,42,1,11,1,I-17 RAMP,,2193,33.73043889,-112.1215389,0,14,0,1,5,1,0,2,1,1,0,1,0,0000000,14,42,14,55,99,99,23,0,0,1,0
4,40107,1,1,0,1,1,1,1,19,0,12,3,2013,3,7,36,0,6,9,TWIN LAKES DR,,0,32.487625,-110.9143306,0,8,0,0,1,1,0,4,2,1,0,1,0,0000000,7,38,7,41,88,88,0,0,0,1,0
4,40109,4,4,0,0,0,6,6,13,370,14,3,2013,5,14,8,1,12,3,SR-101,,323,33.66829444,-111.961225,0,25,0,1,19,1,0,4,1,1,0,1,0,0000000,14,8,14,13,99,99,0,0,0,1,0
4,40110,1,1,0,1,1,2,2,19,530,17,3,2013,1,7,58,0,13,6,22ND ST,LONGFELLOW AVE,0,32.20708889,-110.9074583,0,8,0,0,3,3,0,1,4,1,0,1,0,0000000,7,58,8,3,8,20,0,0,0,1,0
4,40111,1,1,0,0,0,1,1,19,530,17,3,2013,1,21,45,0,15,6,PANTANO RD,,0,32.19701667,-110.8239306,0,31,0,0,1,1,0,4,2,1,0,1,0,0000000,21,45,21,48,88,88,0,0,0,1,1
4,40113,1,1,0,0,0,1,1,7,0,21,3,2013,5,14,47,0,3,2,US-60,,2961,33.80762778,-110.4752722,0,35,0,0,1,1,0,4,1,1,0,1,0,0000000,14,47,15,20,16,2,0,0,0,1,0
4,40114,3,3,0,0,0,7,7,25,0,23,3,2013,7,12,38,0,5,3,SR-89A SPUR,,3284,34.60503611,-112.2723722,0,12,7,0,1,1,1,1,1,1,0,1,0,0000000,12,36,12,45,99,99,14,0,0,1,0
4,40115,1,1,0,0,0,1,1,25,386,23,3,2013,7,15,18,0,16,6,ARENA DR,,0,34.57840833,-112.4707056,0,42,0,0,8,1,0,4,1,1,0,1,0,0000000,15,18,15,28,15,55,0,0,0,1,0
4,40116,2,2,0,0,0,2,2,25,386,25,3,2013,2,12,23,1,13,3,SR-69,,2948,34.55245833,-112.4288667,0,12,2,0,1,1,0,1,1,1,0,1,0,0000000,12,24,12,31,13,4,0,0,0,1,0
4,40118,1,1,0,0,0,4,4,5,170,26,3,2013,3,11,7,1,11,1,I-40,,2001,35.20946111,-111.5975972,0,35,0,0,1,1,0,3,1,10,0,10,0,0000000,11,7,11,15,99,99,0,0,0,1,1
4,40119,1,1,0,0,0,1,1,5,0,26,3,2013,3,21,0,1,1,1,I-17,,3134,34.82309722,-111.6110028,0,24,0,0,1,1,0,3,2,1,0,1,0,0000000,21,0,21,20,88,88,0,0,0,1,0
4,40120,2,2,0,0,0,2,2,19,530,27,3,2013,4,11,28,1,12,6,AVIATION PKWY,22ND ST RAMP,0,32.20629444,-110.940525,0,12,6,1,2,3,0,1,1,1,0,1,0,0000000,11,28,11,29,99,99,0,0,0,1,0
4,40121,1,1,0,0,0,1,1,13,190,27,3,2013,4,19,17,0,14,6,GUADALUPE RD,SIRRINE ST,0,33.36435556,-111.8312278,0,33,0,0,3,3,0,4,3,1,0,1,0,0000000,19,17,19,21,88,88,0,0,0,1,1
4,40123,1,1,0,0,0,1,1,19,0,29,3,2013,6,17,22,0,4,9,GENERAL HITCHCOCK HWY,,0,32.35046944,-110.72495,0,24,0,0,1,1,0,4,1,1,0,1,0,0000000,17,22,18,10,19,5,0,0,0,1,0
4,40124,1,1,0,0,0,3,3,7,0,30,3,2013,7,15,53,0,6,9,RICKS LN,,0,34.38076667,-111.4679056,0,1,0,0,1,1,0,1,1,1,0,1,0,0000000,15,53,15,58,17,50,0,0,0,1,0
4,40125,1,1,0,0,0,1,1,5,0,31,3,2013,1,11,17,0,4,3,SR-87,,2761,34.44093611,-111.4722917,0,42,0,0,1,1,0,4,1,1,0,1,0,0000000,11,18,11,30,88,88,0,0,0,1,0