STATE,ST_CASE,VE_TOTAL,VE_FORMS,PVH_INVL,PEDS,PERNOTMVIT,PERMVIT,PERSONS,COUNTY,CITY,DAY,MONTH,YEAR,DAY_WEEK,HOUR,MINUTE,NHS,ROAD_FNC,ROUTE,TWAY_ID,TWAY_ID2,MILEPT,LATITUDE,LONGITUD,SP_JUR,HARM_EV,MAN_COLL,RELJCT1,RELJCT2,TYP_INT,WRK_ZONE,REL_ROAD,LGT_COND,WEATHER1,WEATHER2,WEATHER,SCH_BUS,RAIL,NOT_HOUR,NOT_MIN,ARR_HOUR,ARR_MIN,HOSP_HR,HOSP_MN,CF1,CF2,CF3,FATALS,DRUNK_DR
4,40126,1,1,0,0,0,1,1,13,30,31,3,2013,1,23,22,1,11,1,I-10 RAMP,,1320,33.46077222,-112.291525,0,42,0,1,5,1,0,4,3,1,0,1,0,0000000,23,22,23,32,0,1,0,0,0,1,1
4,40127,2,2,0,0,0,2,2,13,490,1,2,2013,6,13,18,0,13,6,48TH ST,SOUTHERN AVE,0,33.39275833,-111.9783278,0,1,0,0,2,2,0,1,1,1,0,1,0,0000000,13,18,13,22,13,38,0,0,0,1,0
4,40128,1,1,0,0,0,1,1,13,370,2,2,2013,7,2,41,0,14,6,SKY HARBOR BLVD,,0,33.43658056,-111.9814556,0,25,0,0,1,1,0,3,3,1,0,1,0,0000000,2,48,2,57,88,88,0,0,0,1,1
4,40129,1,1,0,1,1,4,4,13,370,2,2,2013,7,15,58,0,13,6,THUNDERBIRD RD,,0,33.6111,-112.1021361,0,33,0,0,1,1,0,4,1,1,0,1,0,0000000,15,58,16,4,16,20,0,0,0,1,0
4,40130,1,1,0,1,1,1,1,17,0,2,2,2013,7,23,0,0,4,8,BIA 15,,0,99.99990000,999.99990000,3,8,0,0,1,1,0,1,6,99,0,99,0,0000000,99,99,99,99,88,88,0,0,0,1,0
4,40131,1,1,0,0,0,2,2,5,0,4,2,2013,2,7,20,1,2,3,SR-264,,3280,36.05335833,-111.1809778,3,1,0,0,99,99,0,99,9,99,0,99,0,0000000,99,99,99,99,99,99,0,0,0,1,0
4,40132,2,2,0,0,0,3,3,5,0,6,2,2013,4,9,56,0,6,8,UNKNOWN RD,,0,99.99990000,999.99990000,3,12,2,0,99,99,0,99,1,99,0,99,0,0000000,99,99,99,99,99,99,0,0,0,1,0
4,40133,1,1,0,0,0,2,2,21,0,11,2,2013,2,12,24,0,6,9,RIDGEVIEW BLVD,,0,32.5328,-110.8688222,0,1,0,0,8,1,0,1,1,1,0,1,0,0000000,99,99,99,99,99,99,0,0,0,1,0
4,40134,1,1,0,1,1,1,1,13,370,13,2,2013,4,7,53,0,13,6,19TH AVE,BROADWAY RD,0,33.40668056,-112.0994444,0,9,0,0,3,2,0,1,1,1,0,1,0,0000000,7,53,7,54,88,88,16,0,0,1,0
4,40135,1,1,0,0,0,1,1,13,370,14,2,2013,5,20,5,0,13,6,BELL RD,SR-51 RAMP,0,33.64060556,-112.0028389,0,33,0,1,3,2,0,4,3,1,0,1,0,0000000,99,99,99,99,99,99,0,0,0,1,0
4,40136,2,2,0,0,0,2,2,13,370,15,2,2013,6,23,31,0,13,6,BELL RD,43RD ST,0,33.64055,-111.9886528,0,1,0,0,2,3,0,1,3,1,0,1,0,0000000,23,32,23,39,23,56,0,0,0,1,0
4,40137,1,1,0,0,0,1,1,5,0,16,2,2013,7,0,9,1,2,3,SR-264,,3245,36.10034722,-111.1957833,3,1,0,0,99,99,0,99,6,99,0,99,0,0000000,99,99,99,99,99,99,0,0,0,1,0
4,40138,2,2,0,0,0,3,3,13,0,16,2,2013,7,15,48,0,15,9,CAVE CREEK RD,PIMA RD,0,33.81835278,-111.8912611,0,12,6,0,2,2,0,1,1,1,0,1,0,0000000,15,48,15,52,99,99,0,0,0,1,0
4,40139,1,1,0,0,0,2,2,13,370,28,2,2013,5,0,15,0,13,6,INDIAN SCHOOL RD,26TH ST,0,33.49491667,-112.0251861,0,38,0,0,3,3,0,5,3,1,0,1,0,0000000,0,15,0,17,0,34,0,0,0,1,1
4,40140,1,1,0,0,0,1,1,13,0,27,2,2013,4,15,52,0,4,3,SR-238,,120,32.99950278,-112.5002472,0,59,0,0,1,1,0,4,1,1,0,1,0,0000000,15,53,16,15,88,88,0,0,0,1,0
4,40141,2,2,0,0,0,2,2,19,0,27,2,2013,4,19,8,0,13,6,LA CHOLLA BLVD,,0,32.33691389,-111.0128861,0,12,6,0,8,1,0,1,3,1,0,1,0,0000000,19,10,19,10,20,0,0,0,0,1,0
4,40142,1,1,0,1,1,1,1,13,370,19,2,2013,3,18,37,0,16,6,20TH ST,,0,33.48601389,-112.0388806,0,8,0,0,1,1,0,1,3,1,0,1,0,0000000,99,99,99,99,99,99,0,0,0,1,0
4,40143,1,1,0,0,0,1,1,13,370,19,3,2013,3,0,7,1,11,1,I-17 RAMP,,2140,33.66845556,-112.1131,0,25,0,1,5,1,0,4,3,1,0,1,0,0000000,0,7,0,11,88,88,0,0,0,1,1
4,40144,1,1,0,1,1,1,1,13,370,29,3,2013,6,19,23,1,11,1,I-17 RAMP,,2060,33.55684722,-112.1131694,0,8,0,1,20,1,0,1,3,1,0,1,0,0000000,19,23,19,27,19,44,0,0,0,1,0
4,40145,1,1,0,0,0,1,1,13,0,24,1,2013,5,11,19,0,15,6,ALMA SCHOOL RD,,0,33.22427778,-111.8583667,0,33,0,0,1,1,0,4,1,2,0,2,0,0000000,11,33,11,33,88,88,0,0,0,1,0
4,40146,1,1,0,1,1,4,4,13,200,3,2,2013,1,19,27,0,14,6,GLENDALE AVE,,0,33.53798333,-112.2197111,0,8,0,0,1,1,0,1,3,1,0,1,0,0000000,19,27,19,32,20,3,0,0,0,1,0
4,40149,1,1,0,0,0,2,2,13,290,18,3,2013,2,7,52,0,13,6,POWER RD,,0,33.39102778,-111.6847028,0,33,0,0,1,1,0,3,1,1,0,1,0,0000000,7,52,7,55,88,88,0,0,0,1,0
4,40150,3,3,0,0,0,8,8,13,220,24,3,2013,1,17,40,1,11,1,I-10,,1230,33.46164167,-112.4565611,0,12,1,0,1,1,0,1,1,1,0,1,0,0000000,17,42,17,48,18,46,0,0,0,1,1
4,40151,1,1,0,0,0,1,1,25,0,28,3,2013,5,6,45,0,4,3,SR-89A,,3612,34.77664722,-111.9290556,0,1,0,0,1,1,0,4,1,1,0,1,0,0000000,6,48,6,56,88,88,0,0,0,1,0
4,40152,1,1,0,0,0,1,1,13,370,31,3,2013,1,2,21,1,1,1,I-17 RAMP,,2240,33.79923611,-112.1377556,0,33,0,1,5,1,0,4,3,1,0,1,0,0000000,2,13,2,23,88,88,0,0,0,1,1
4,40153,1,1,0,0,0,2,2,5,0,31,3,2013,1,6,50,0,6,9,ANGELL RD,,0,35.19040556,-111.3674361,0,34,0,0,1,1,0,4,4,1,0,1,0,0000000,6,54,7,10,7,58,0,0,0,1,0
4,40154,2,2,0,0,0,3,3,19,0,2,3,2013,7,15,24,0,4,3,SR-83,GARDNER CANYON RD,372,31.73756389,-110.6634361,0,12,7,0,3,3,0,1,1,1,0,1,0,0000000,15,24,15,51,88,88,0,0,0,1,0
4,40155,2,2,0,0,0,4,4,13,490,12,3,2013,3,17,51,0,13,6,BROADWAY RD,RURAL RD,0,33.40749722,-111.9262833,0,12,6,0,2,2,0,1,1,1,0,1,0,0000000,17,52,17,55,18,11,0,0,0,1,1
4,40157,1,1,0,0,0,2,2,15,0,18,3,2013,2,19,27,1,1,1,I-40,,934,35.19125833,-113.3351444,0,1,0,0,1,1,0,3,2,1,0,1,0,0000000,19,27,20,6,88,88,0,0,0,2,0
4,40158,1,1,0,0,0,1,1,13,388,25,3,2013,2,12,40,0,6,9,205TH ST,,0,33.206325,-111.6420528,0,72,0,0,1,1,0,1,1,1,0,1,0,0000000,12,40,13,5,88,88,0,0,0,1,0
4,40159,2,2,0,0,0,2,2,13,486,27,3,2013,4,19,37,0,16,6,WADDELL RD,LA COMETA,0,33.60931389,-112.3724611,0,12,6,0,2,3,0,1,3,1,0,1,0,0000000,19,38,19,42,20,7,0,0,0,1,0
4,40160,1,1,0,1,1,3,3,7,416,29,3,2013,6,16,37,0,6,8,AIRPORT 79 RD,,0,33.37810556,-110.4590583,3,8,0,0,1,1,0,1,1,1,0,1,0,0000000,99,99,99,99,99,99,0,0,0,1,0
4,40161,1,1,0,1,1,2,2,19,530,11,3,2013,2,19,0,0,14,9,RUTHRAUFF RD,,0,32.28942222,-111.0031944,0,8,0,0,1,1,0,1,2,1,0,1,0,0000000,19,11,19,14,19,40,0,0,0,1,0
4,40163,1,1,0,0,0,1,1,21,160,26,2,2013,3,99,99,1,1,1,I-10 RAMP,,2040,32.77786667,-111.6189083,0,30,0,1,5,1,1,4,6,1,0,1,0,0000000,7,22,7,34,88,88,20,0,0,1,0
4,40164,2,2,0,0,0,2,2,7,210,15,3,2013,6,8,26,0,13,2,US-60,,2469,33.41536944,-110.8306917,0,12,1,0,6,1,0,1,1,1,0,1,0,742369H,8,26,8,30,88,88,0,0,0,1,0
4,40165,1,1,0,0,0,1,1,25,428,31,3,2013,1,2,42,0,13,3,SR-89A,,3690,34.84600833,-111.8396944,0,1,0,0,1,1,0,3,2,1,0,1,0,0000000,2,40,2,48,88,88,0,0,0,1,1
4,40166,1,1,0,1,1,1,1,13,370,3,3,2013,1,16,53,0,14,6,NORTHERN AVE,11TH ST,0,33.55289167,-112.0587222,0,8,0,0,3,3,0,4,1,1,0,1,0,0000000,16,53,16,58,99,99,0,0,0,1,0
4,40167,1,1,0,1,1,1,1,13,370,4,3,2013,2,6,36,0,13,6,BELL RD,,0,33.64018333,-112.0723833,0,8,0,0,1,1,0,1,3,1,0,1,0,0000000,99,99,99,99,99,99,0,0,0,1,0
4,40168,1,1,0,0,0,1,1,12,0,4,3,2013,2,19,23,0,6,9,WAYSIDE RD,,0,99.99990000,999.99990000,0,1,0,0,99,99,0,99,9,99,0,99,0,0000000,99,99,99,99,88,88,0,0,0,1,0
4,40169,2,2,0,0,0,2,2,13,80,5,3,2013,3,5,47,0,15,6,GERMANN RD,COOPER RD,0,33.27703056,-111.8068889,0,1,0,0,2,2,0,1,3,1,0,1,0,0000000,5,47,5,52,88,88,0,0,0,1,0
4,40170,1,1,0,0,0,2,2,5,0,8,3,2013,6,7,29,0,6,9,UNKNOWN RD,,0,36.6,-111.0666667,3,99,99,0,99,99,0,99,1,99,0,99,0,0000000,99,99,99,99,99,99,0,0,0,1,0
4,40171,2,2,0,1,1,2,2,13,370,8,3,2013,6,20,54,0,14,6,7TH ST,,0,33.397675,-112.0646417,0,9,0,0,1,1,0,1,3,2,0,2,0,0000000,20,56,20,59,88,88,0,0,0,1,0
4,40172,1,1,0,1,1,2,2,13,0,9,3,2013,7,19,27,0,13,6,MAIN ST,83RD PL,0,33.41513611,-111.6516722,0,8,0,0,2,2,0,1,2,1,0,1,0,0000000,19,27,19,29,88,88,0,0,0,1,0
4,40173,2,2,0,0,0,3,3,13,370,10,3,2013,1,14,30,0,13,6,BASELINE RD,,0,33.37775278,-112.0744028,0,12,6,0,8,1,0,1,1,1,0,1,0,0000000,14,31,14,36,14,53,0,0,0,1,0
4,40174,1,1,0,0,0,1,1,13,370,14,3,2013,5,0,16,0,16,6,27TH DR,,0,33.79397222,-112.1170028,0,33,0,0,1,1,0,3,3,1,0,1,0,0000000,0,17,0,26,1,5,0,0,0,1,1
4,40175,1,1,0,1,1,2,2,13,370,23,3,2013,7,18,40,0,14,6,MCDOWELL RD,,0,33.46598333,-112.1710167,0,15,0,0,1,1,0,1,5,1,0,1,0,0000000,18,41,18,45,19,2,16,0,0,1,0
4,40176,1,1,0,1,1,3,3,13,370,23,3,2013,7,0,23,0,13,6,THOMAS RD,,0,33.48415,-112.0088028,0,8,0,0,1,1,0,1,3,1,0,1,0,0000000,99,99,99,99,99,99,0,0,0,1,1
4,40177,2,2,0,0,0,4,4,13,80,24,3,2013,1,2,19,0,13,6,WARNER RD,,0,33.33508889,-111.8631361,0,12,1,0,1,1,0,1,3,1,0,1,0,0000000,2,20,2,23,2,48,0,0,0,1,1
4,40178,1,1,0,1,1,2,2,13,370,24,3,2013,1,19,38,0,13,6,THUNDERBIRD RD,,0,33.61082778,-112.1211722,0,8,0,0,1,1,0,1,5,1,0,1,0,0000000,19,41,19,46,20,6,0,0,0,1,0
4,40179,1,1,0,3,3,1,1,13,370,26,3,2013,3,6,37,0,13,6,INDIAN SCHOOL RD,,0,99.99990000,999.99990000,0,8,0,0,1,1,0,4,9,99,0,99,0,0000000,99,99,99,99,99,99,0,0,0,2,0
4,40180,1,1,0,1,1,1,1,13,490,28,3,2013,5,19,39,0,14,6,APACHE BLVD,,0,33.41468333,-111.9156444,0,8,0,0,1,1,0,1,3,1,0,1,0,0000000,19,40,19,44,20,3,0,0,0,1,0
4,40181,1,1,0,0,0,2,2,1,0,31,3,2013,1,5,38,0,3,3,SR-264,,4676,35.67478333,-109.1850806,3,52,0,0,1,1,0,4,4,1,0,1,0,0000000,5,41,5,55,88,88,0,0,0,2,0
4,40182,1,1,0,0,0,2,2,13,370,31,3,2013,1,17,46,0,16,6,MADISON ST,17TH AVE,0,33.44596944,-112.0958278,0,33,0,0,3,2,0,4,1,1,0,1,0,0000000,17,47,17,50,18,10,0,0,0,1,1
4,40183,2,2,0,0,0,6,6,13,0,31,3,2013,1,20,46,0,14,9,UNIVERSITY DR,67TH ST,0,33.42290278,-111.6872333,0,12,6,0,2,3,0,1,3,1,0,1,0,0000000,20,46,20,52,21,30,0,0,0,1,0
4,40184,2,2,0,1,1,6,6,23,17,3,3,2013,1,19,16,1,1,1,I-19,,285,31.70562222,-111.0655194,0,8,0,0,1,1,0,1,2,1,0,1,0,0000000,19,20,19,27,88,88,0,0,0,1,0
4,40185,2,2,0,0,0,2,2,13,370,13,3,2013,4,12,0,0,13,6,THOMAS RD,52ND ST,0,33.48003889,-111.9695639,0,12,6,0,2,2,0,1,1,1,0,1,0,0000000,99,99,99,99,99,99,0,0,0,1,0
4,40186,1,1,0,0,0,4,4,13,420,28,3,2013,5,2,5,0,13,9,MCDOWELL RD,SR-101 RAMP,0,33.46579444,-111.8878167,3,33,0,1,3,2,0,3,3,1,0,1,0,0000000,99,99,99,99,99,99,0,0,0,1,1
4,40187,1,1,0,1,1,1,1,13,0,17,2,2013,1,20,26,0,15,9,LITCHFIELD RD,,0,33.5739,-112.3590333,0,9,0,0,1,1,0,1,2,1,0,1,0,0000000,20,26,99,99,99,99,0,0,0,1,0
4,40188,1,1,0,0,0,2,2,13,0,24,2,2013,1,99,99,0,5,9,FORT MCDOWELL RD,,0,99.99990000,999.99990000,3,1,0,0,1,1,0,4,6,99,0,99,0,0000000,99,99,99,99,99,99,0,0,0,1,0
4,40189,2,2,0,0,0,4,4,13,200,2,4,2013,3,17,58,1,12,3,SR-101 RAMP,,80,33.54827222,-112.2703833,0,12,6,1,20,1,0,1,1,1,0,1,0,0000000,17,59,18,5,18,20,0,0,0,2,1
4,40190,2,2,0,0,0,2,2,13,370,3,4,2013,4,9,48,1,12,3,SR-51,,129,33.63112222,-112.0045167,0,73,0,1,18,1,0,1,1,1,0,1,0,0000000,9,50,9,54,10,18,0,0,0,1,0
4,40191,1,1,0,0,0,1,1,13,80,3,4,2013,4,20,9,0,14,6,KYRENE RD,PECOS RD,0,33.29074444,-111.9456583,3,33,0,0,3,3,0,4,3,1,0,1,0,0000000,99,99,99,99,99,99,0,0,0,1,1
4,40192,1,1,0,1,1,1,1,19,530,4,4,2013,5,11,40,0,14,6,SWAN RD,,0,32.22099167,-110.8922361,0,8,0,0,8,1,0,1,1,10,0,10,0,0000000,11,41,11,45,99,99,16,0,0,1,0
4,40193,1,1,0,0,0,1,1,25,0,4,4,2013,5,14,9,1,1,1,I-17,,2503,34.16547222,-112.1446083,0,1,0,0,1,1,0,4,1,1,0,1,0,0000000,14,9,14,19,88,88,0,0,0,1,0
4,40194,1,1,0,0,0,2,2,1,0,4,4,2013,5,21,53,1,1,1,I-40,,3251,35.12281111,-109.5566167,0,2,0,0,1,1,0,1,2,10,0,10,0,0000000,22,8,22,27,99,99,0,0,0,1,0
4,40195,1,1,0,0,0,1,1,12,0,6,4,2013,7,10,10,0,4,3,SR-72,,292,33.90769722,-113.9831556,0,1,0,0,1,1,0,4,1,1,0,1,0,0000000,10,15,99,97,99,97,0,0,0,1,0
4,40196,3,3,0,0,0,4,4,25,0,6,4,2013,7,12,52,1,13,3,SR-69,,2770,34.47671944,-112.2619222,0,1,0,0,1,1,0,3,1,1,0,1,0,0000000,12,53,12,59,99,99,0,0,0,1,0
4,40197,1,1,0,0,0,2,2,19,0,6,4,2013,7,13,37,0,4,3,SR-83,,478,31.86599722,-110.6882389,0,24,0,0,1,1,0,4,1,1,0,1,0,0000000,13,41,13,54,99,99,0,0,0,1,0
4,40198,2,2,0,0,0,3,3,19,530,7,4,2013,1,22,54,1,13,6,ALVERNON RD,,0,32.184875,-110.9083583,0,24,0,0,1,1,0,4,2,1,0,1,0,0000000,22,54,23,2,23,33,0,0,0,1,1
4,40199,1,1,0,0,0,1,1,19,0,9,4,2013,3,22,47,0,14,6,SNYDER RD,SABINO SPRINGS RD,0,32.29494167,-110.7785861,0,42,0,0,3,3,0,4,2,1,0,1,0,0000000,22,48,22,49,88,88,20,0,0,1,1
4,40200,2,2,0,0,0,8,8,13,30,10,4,2013,4,18,51,0,15,6,MCDOWELL RD,DYSART RD,0,33.464275,-112.3409556,0,12,6,0,2,2,0,1,5,1,0,1,0,0000000,99,99,99,99,99,99,0,0,0,1,0
4,40201,1,1,0,1,1,2,2,13,370,10,4,2013,4,21,12,0,13,6,35TH AVE,,0,33.56643056,-112.13425,0,8,0,0,1,1,0,1,3,1,0,1,0,0000000,21,14,21,17,21,34,0,0,0,1,0
4,40202,2,2,0,0,0,2,2,19,530,11,4,2013,5,11,42,0,14,6,TANQUE VERDE RD,PASEO RANCHO ESPERANZA,0,32.25081389,-110.8355139,0,12,6,0,2,2,0,1,1,1,0,1,0,0000000,11,42,11,47,12,23,0,0,0,1,0
4,40203,2,2,0,0,0,2,2,21,0,13,4,2013,7,6,40,0,4,3,SR-87,,1223,32.82696389,-111.5152972,0,12,2,0,1,1,0,1,1,1,0,1,0,0000000,6,40,6,50,99,99,0,0,0,1,0
4,40204,1,1,0,0,0,1,1,15,0,14,4,2013,1,17,30,0,6,9,CHAPARRAL DR,,0,36.79076944,-113.9942472,0,1,0,0,1,1,0,4,1,1,0,1,0,0000000,17,45,17,52,99,99,0,0,0,1,1
4,40205,2,2,0,0,0,3,3,13,0,20,4,2013,7,20,5,0,15,9,POWER RD,VICTORIA ST,0,33.22329444,-111.685825,0,12,6,0,2,2,0,1,2,1,0,1,0,0000000,99,99,99,99,99,99,0,0,0,1,1
4,40206,1,1,0,0,0,20,20,19,0,20,4,2013,7,22,51,1,1,1,I-10 RAMP,,2810,32.00904722,-110.6926694,0,59,0,1,5,1,0,4,2,1,0,1,0,0000000,22,54,23,0,99,99,20,0,0,5,0
4,40209,1,1,0,0,0,1,1,21,22,24,4,2013,4,1,30,0,13,6,OLD WEST HWY,,0,33.39324167,-111.5124917,0,1,0,0,1,1,0,3,2,1,0,1,0,0000000,1,34,1,40,88,88,0,0,0,1,1
4,40210,1,1,0,0,0,1,1,21,405,26,4,2013,6,5,38,0,4,9,SACATON RD,,0,33.10670833,-111.7376167,3,1,0,0,1,1,0,4,4,1,0,1,0,0000000,99,99,99,99,88,88,0,0,0,1,1
4,40211,1,1,0,0,0,1,1,13,190,27,4,2013,7,13,27,0,15,6,VAL VISTA DR,,0,33.23566389,-111.7553778,0,34,0,0,1,1,0,4,1,1,0,1,0,0000000,13,27,13,36,88,88,0,0,0,1,0
4,40212,1,1,0,0,0,2,2,13,0,28,4,2013,1,7,11,1,1,1,I-8,,1269,32.90746667,-112.5462417,0,1,0,0,1,1,0,4,1,1,0,1,0,0000000,7,15,7,30,99,99,0,0,0,1,0
4,40213,1,1,0,0,0,2,2,1,0,27,2,2013,4,1,0,1,2,2,US-160,,4455,36.96249167,-109.43255,3,1,0,0,1,1,0,6,6,99,0,99,0,0000000,99,99,99,99,99,99,0,0,0,1,0
4,40215,1,1,0,0,0,2,2,1,0,25,3,2013,2,99,99,0,4,2,US-191,,4440,36.12125833,-109.630625,3,99,0,0,99,99,0,99,9,99,0,99,0,0000000,99,99,99,99,88,88,0,0,0,2,0
4,40216,1,1,0,1,1,1,1,13,0,3,4,2013,4,9,18,0,4,9,USERY PASS RD,,0,33.5253,-111.6150861,0,9,0,0,1,1,0,1,1,1,0,1,0,0000000,99,99,99,99,88,88,0,0,0,1,0
4,40217,2,2,0,0,0,2,2,13,290,3,4,2013,4,9,24,0,14,6,ELLSWORTH RD,MCKELLIPS RD,0,33.45133611,-111.6342194,0,12,6,0,2,2,0,1,1,1,0,1,0,0000000,9,24,9,34,99,99,0,0,0,1,0
4,40218,2,2,0,0,0,2,2,21,0,8,4,2013,2,21,26,1,1,1,I-10,,1898,32.94859444,-111.7093778,0,12,8,0,1,1,0,1,2,2,0,2,0,0000000,21,32,21,38,21,50,19,0,0,1,1
4,40219,1,1,0,0,0,4,4,11,0,14,4,2013,1,4,12,0,4,3,SR-75,,3980,32.94395833,-109.2280056,0,58,0,0,1,1,0,6,2,1,0,1,0,0000000,5,5,5,30,99,99,0,0,0,2,0
4,40220,2,2,0,0,0,2,2,13,290,15,4,2013,2,20,20,0,13,6,POWER RD,,0,33.38221111,-111.6864611,0,12,6,0,8,1,0,1,3,1,0,1,0,0000000,20,20,20,34,88,88,0,0,0,1,0
4,40222,1,1,0,0,0,2,2,17,0,28,4,2013,1,10,14,1,1,1,I-40,,2789,34.940525,-110.2821472,0,1,0,0,1,1,0,1,1,1,0,1,0,0000000,10,22,10,27,99,99,0,0,0,1,0
4,40223,1,1,0,0,0,1,1,25,0,29,4,2013,2,15,25,0,4,3,SR-89A,,3683,34.84473611,-111.8503028,0,1,0,0,1,1,0,3,1,1,0,1,0,0000000,15,27,15,35,88,88,0,0,0,1,0
4,40224,1,1,0,0,0,1,1,5,0,30,4,2013,3,8,33,0,4,2,US-180,,2510,35.56382222,-111.9095806,0,1,0,0,1,1,0,4,1,1,0,1,0,0000000,8,40,9,11,88,88,0,0,0,1,0
4,40226,2,2,0,0,0,5,5,13,0,9,4,2013,3,20,44,0,15,9,LITCHFIELD RD,,0,33.51391667,-112.3579583,0,12,2,0,1,1,0,1,2,1,0,1,0,0000000,20,44,20,44,21,47,19,0,0,1,0
4,40227,1,1,0,0,0,1,1,13,475,13,4,2013,7,8,56,0,16,6,107TH AVE,,0,33.57543056,-112.2897944,0,33,0,0,1,1,0,4,1,1,0,1,0,0000000,8,56,9,1,9,29,0,0,0,1,0
4,40228,1,1,0,1,1,3,3,13,370,13,4,2013,7,20,34,1,13,6,GRAND AVE,,0,33.47011111,-112.1048139,0,8,0,0,1,1,0,1,3,1,0,1,0,0000000,20,37,20,41,88,88,0,0,0,1,1
4,40229,3,3,0,0,0,3,3,13,370,16,4,2013,3,0,21,0,13,6,35TH AVE,MCDOWELL RD,0,33.46593889,-112.134475,0,12,6,0,2,2,0,1,3,1,0,1,0,0000000,0,21,0,24,0,45,0,0,0,1,1
4,40230,1,1,0,0,0,1,1,13,370,20,4,2013,7,0,42,1,11,1,I-17,,2000,33.45383889,-112.10825,0,59,0,0,1,1,0,4,3,1,0,1,0,0000000,99,99,99,99,99,99,0,0,0,1,1
4,40231,1,1,0,0,0,3,3,21,0,20,4,2013,7,6,3,0,3,2,US-60,,2052,33.32508611,-111.4282694,0,24,0,0,1,1,0,4,4,1,0,1,0,0000000,6,5,6,18,6,45,0,0,0,1,1
4,40232,2,2,0,0,0,7,7,13,420,20,4,2013,7,12,54,0,15,6,SCOTTSDALE RD,LOS PORTONES DR,0,33.70406389,-111.9252889,0,12,6,0,2,3,0,1,1,1,0,1,0,0000000,12,56,13,4,13,50,0,0,0,1,0
4,40233,1,1,0,0,0,9,9,13,370,22,4,2013,2,15,3,1,11,1,I-10,,1416,33.46267778,-112.1355306,0,1,0,1,19,1,0,4,1,1,0,1,0,0000000,15,5,15,14,15,19,0,0,0,1,0
4,40234,1,1,0,0,0,6,6,13,370,27,4,2013,7,4,13,1,11,1,I-17 RAMP,,2000,33.46265278,-112.1107056,0,52,0,1,5,1,0,4,2,1,0,1,0,0000000,4,19,4,30,99,99,0,0,0,1,1
4,40235,1,1,0,0,0,2,2,15,0,27,4,2013,7,10,25,1,1,1,I-15,,135,36.92186389,-113.8527972,0,24,0,0,1,1,0,4,1,1,0,1,0,0000000,10,28,10,45,99,99,0,0,0,1,0
4,40236,2,1,1,0,0,1,1,13,0,18,4,2013,5,16,41,0,16,9,HIGHWOOD LN,,0,33.646325,-112.2802611,0,14,0,0,1,1,0,1,1,1,0,1,0,0000000,16,41,16,45,99,99,0,0,0,1,0
4,40237,1,1,0,0,0,1,1,13,0,17,2,2013,1,12,54,0,6,8,FOREST ROAD 1829,,0,33.58333333,-111.45,0,17,0,0,1,1,0,1,1,1,0,1,0,0000000,12,54,13,24,88,88,0,0,0,1,1
4,40238,1,1,0,1,1,1,1,13,490,8,4,2013,2,19,47,0,13,6,BASELINE RD,ARIZONA GRAND PKWY,0,33.37812778,-111.9720556,0,8,0,0,3,3,0,1,3,2,0,2,0,0000000,19,48,19,52,20,12,0,0,0,1,0
4,40239,3,3,0,0,0,5,5,13,370,22,3,2013,6,10,44,1,12,3,SR-101,,244,33.66978333,-112.0965639,0,12,1,1,18,1,0,1,1,1,0,1,0,0000000,99,99,99,99,99,99,19,0,0,1,0
4,40240,1,1,0,0,0,1,1,21,0,14,4,2013,1,13,25,0,6,9,PARK LINK DR,,0,32.63491111,-111.1547944,0,1,0,0,1,1,0,2,1,6,0,6,0,0000000,13,29,13,50,99,99,0,0,0,1,0
4,40241,1,1,0,1,1,2,2,13,290,18,4,2013,5,17,49,0,16,6,BASS PRO DR,,0,33.43651944,-111.8598528,0,8,0,0,1,1,0,1,1,1,0,1,0,0000000,99,99,99,99,99,99,0,0,0,1,0
4,40242,2,2,0,0,0,7,7,13,0,26,4,2013,6,17,33,0,4,3,SR-74,BLACK CANYON BLVD,304,33.79815833,-112.1420306,0,12,6,0,2,3,0,1,1,1,0,1,0,0000000,17,36,99,99,99,99,0,0,0,2,1
4,40243,2,2,0,0,0,5,5,13,370,29,4,2013,2,6,31,0,14,6,SOUTHERN AVE,,0,33.39371944,-111.7495333,0,33,0,0,1,1,0,4,1,1,0,1,0,0000000,99,99,99,99,99,99,0,0,0,1,1
4,40244,1,1,0,0,0,1,1,13,370,2,4,2013,3,2,30,0,13,6,CACTUS RD,,0,33.59673611,-112.0372889,0,33,0,0,1,1,0,4,3,1,0,1,0,0000000,2,31,2,35,88,88,0,0,0,1,1
4,40245,2,2,0,0,0,2,2,13,370,2,4,2013,3,18,5,0,16,6,17TH AVE,PECOS RD,0,33.29101111,-112.0970972,0,1,0,0,2,3,0,1,1,1,0,1,0,0000000,18,7,18,13,18,43,0,0,0,1,0
4,40246,3,3,0,1,1,4,4,13,370,3,4,2013,4,20,10,0,14,6,27TH AVE,,0,33.52586944,-112.1168889,0,8,0,0,1,1,0,1,3,1,0,1,0,0000000,20,10,20,10,88,88,0,0,0,1,0
4,40247,1,1,0,1,1,1,1,13,370,4,4,2013,5,6,6,0,13,6,7TH ST,,0,33.56516944,-112.06525,0,8,0,0,1,1,0,1,4,1,0,1,0,0000000,99,99,99,99,99,99,0,0,0,1,0
4,40248,3,3,0,0,0,3,3,13,200,5,4,2013,6,12,11,1,13,6,GRAND AVE,57TH DR,0,33.53615,-112.1830222,0,12,6,0,2,3,0,1,1,1,0,1,0,0000000,12,11,12,16,12,42,0,0,0,1,0
4,40249,1,1,0,1,1,1,1,5,0,5,4,2013,6,22,16,0,4,8,NAVAJO ROUTE 15,,0,99.99990000,999.99990000,3,8,0,0,99,99,0,99,6,99,0,99,0,0000000,99,99,99,99,99,99,0,0,0,1,0