STATE,ST_CASE,VE_TOTAL,VE_FORMS,PVH_INVL,PEDS,PERNOTMVIT,PERMVIT,PERSONS,COUNTY,CITY,DAY,MONTH,YEAR,DAY_WEEK,HOUR,MINUTE,NHS,ROAD_FNC,ROUTE,TWAY_ID,TWAY_ID2,MILEPT,LATITUDE,LONGITUD,SP_JUR,HARM_EV,MAN_COLL,RELJCT1,RELJCT2,TYP_INT,WRK_ZONE,REL_ROAD,LGT_COND,WEATHER1,WEATHER2,WEATHER,SCH_BUS,RAIL,NOT_HOUR,NOT_MIN,ARR_HOUR,ARR_MIN,HOSP_HR,HOSP_MN,CF1,CF2,CF3,FATALS,DRUNK_DR
4,40250,1,1,0,1,1,1,1,13,200,7,4,2013,1,20,29,0,13,6,67TH AVE,,0,33.55962778,-112.2029083,0,8,0,0,1,1,0,1,3,1,0,1,0,0000000,20,29,20,35,21,3,0,0,0,1,0
4,40251,3,3,0,0,0,4,4,13,370,10,4,2013,4,16,10,0,13,6,CAVE CREEK RD,UNION HILLS DR,0,33.65503056,-112.0308611,0,12,2,0,2,2,0,1,1,1,0,1,0,0000000,99,99,99,99,99,99,14,0,0,1,0
4,40252,1,1,0,0,0,1,1,13,370,12,4,2013,6,0,59,0,13,6,35TH AVE,,0,33.551275,-112.1343,0,33,0,0,1,1,0,4,3,1,0,1,0,0000000,1,7,1,10,1,40,0,0,0,1,1
4,40253,2,2,0,0,0,3,3,15,260,13,4,2013,7,11,7,0,14,6,ANDY DEVINE AVE,,0,99.99990000,999.99990000,0,12,6,0,8,1,0,1,1,1,0,1,0,0000000,99,99,99,99,99,99,0,0,0,1,1
4,40254,2,1,1,0,0,1,1,13,0,17,4,2013,4,19,39,0,16,6,MEEKER BLVD,,0,33.67207778,-112.3500417,0,14,0,0,1,1,0,7,3,1,0,1,0,0000000,19,39,19,43,99,99,0,0,0,1,1
4,40255,2,2,0,0,0,12,12,21,70,22,4,2013,2,15,28,0,5,9,COTTONWOOD LN,OVERFIELD RD,0,32.89431389,-111.6535667,0,12,6,0,2,2,0,1,1,1,0,1,1,0000000,15,28,15,37,15,55,0,0,0,1,0
4,40256,1,1,0,0,0,3,3,21,0,22,4,2013,2,23,56,0,6,9,BARREL RD,,0,32.91544722,-112.1427917,0,35,0,0,1,1,0,4,2,1,0,1,0,0000000,99,99,99,99,99,99,0,0,0,1,0
4,40257,2,2,0,0,0,4,4,13,80,27,4,2013,7,21,51,0,16,6,ORCHID LN,,0,33.3246,-111.8112667,0,12,2,0,1,1,0,1,3,1,0,1,0,0000000,21,52,21,57,22,32,0,0,0,1,1
4,40258,2,2,0,0,0,5,5,13,370,27,4,2013,7,0,12,0,13,6,THOMAS RD,32ND ST,0,33.48050278,-112.0129111,0,12,6,0,2,2,0,1,3,1,0,1,0,0000000,0,14,0,18,0,34,0,0,0,1,1
4,40259,2,2,0,0,0,5,5,13,370,27,4,2013,7,19,52,0,14,6,7TH ST,CARTER RD,0,33.38224444,-112.0646278,0,12,6,0,3,3,0,1,3,1,0,1,0,0000000,99,99,99,99,99,99,0,0,0,1,0
4,40260,1,1,0,0,0,1,1,13,370,1,5,2013,4,6,14,1,11,1,I-17,,2136,33.64981667,-112.1147139,0,38,0,1,19,1,0,10,1,1,0,1,0,0000000,6,16,6,22,6,47,0,0,0,1,0
4,40261,1,1,0,0,0,1,1,13,220,2,5,2013,5,11,43,1,11,1,I-10,,1255,33.46155833,-112.4131389,0,24,0,0,1,1,1,3,1,1,0,1,0,0000000,11,45,11,55,99,99,0,0,0,1,0
4,40262,2,2,0,0,0,2,2,13,0,2,5,2013,5,13,20,0,14,9,99TH AVE,SUN CITY BLVD,0,33.58731667,-112.2726861,0,12,6,0,2,3,0,1,1,1,0,1,0,0000000,13,20,13,21,14,5,0,0,0,1,0
4,40263,1,1,0,0,0,1,1,7,0,3,5,2013,6,13,53,1,2,3,SR-87,,2271,33.94946667,-111.4202056,0,24,0,0,1,1,0,4,1,1,0,1,0,0000000,13,55,14,22,88,88,0,0,0,1,0
4,40264,5,5,0,0,0,6,6,9,500,3,5,2013,6,15,50,0,13,2,US-70,REAY LN,3357,32.84911667,-109.7671,0,12,6,0,2,2,0,1,1,1,0,1,0,0000000,15,53,15,58,99,99,14,0,0,1,1
4,40266,2,2,0,0,0,6,6,13,370,4,5,2013,7,4,45,1,12,3,SR-202,,13,33.46214167,-112.0209222,0,12,1,0,1,1,0,1,3,1,0,1,0,0000000,4,45,4,45,5,0,19,0,0,1,0
4,40267,1,1,0,0,0,2,2,1,0,4,5,2013,7,9,35,0,4,3,SR-260,,3832,34.05880278,-109.4980583,0,1,0,0,1,1,0,4,1,1,0,1,0,0000000,9,43,10,9,11,30,0,0,0,1,1
4,40268,1,1,0,0,0,1,1,3,0,4,5,2013,7,14,8,0,4,3,SR-80,,3761,31.45074444,-109.4647722,0,1,0,0,1,1,0,1,1,1,0,1,0,0000000,14,8,14,22,14,50,0,0,0,1,0
4,40269,2,2,0,0,0,2,2,15,260,5,5,2013,1,14,23,0,16,6,CALUMET AVE,,0,35.219275,-113.9938167,0,12,99,0,1,1,0,1,1,1,0,1,0,0000000,14,12,14,19,14,41,0,0,0,1,0
4,40270,6,2,4,0,1,1,2,27,0,6,5,2013,2,17,10,1,1,1,I-8,,403,32.68883056,-113.9830833,0,12,1,0,1,1,0,1,1,1,0,1,0,0000000,17,10,17,10,88,88,19,14,0,1,0
4,40272,1,1,0,0,0,1,1,19,530,9,5,2013,5,1,35,1,13,6,ALVERNON WAY,,0,32.18583056,-110.9087778,0,24,0,0,1,1,0,4,2,1,0,1,0,0000000,88,88,88,88,88,88,0,0,0,1,1
4,40273,1,1,0,0,0,4,4,5,0,9,5,2013,5,10,24,1,2,2,US-160,,3315,36.18159444,-111.075425,3,1,0,0,1,1,0,4,1,1,0,1,0,0000000,10,27,10,44,99,99,0,0,0,1,1
4,40275,1,1,0,0,0,1,1,19,0,10,5,2013,6,7,17,1,11,1,I-19,,563,32.09782778,-110.9931778,3,42,0,0,1,1,0,4,1,1,0,1,0,0000000,7,18,7,25,88,88,0,0,0,1,0
4,40276,1,1,0,0,0,1,1,7,0,11,5,2013,7,13,50,1,2,3,SR-87,,2446,34.15308889,-111.3429,0,34,0,0,1,1,0,3,1,1,0,1,0,0000000,13,54,14,3,88,88,0,0,0,1,1
4,40277,1,1,0,1,1,3,3,13,370,12,5,2013,1,20,6,0,13,6,INDIAN SCHOOL RD,,0,33.49492778,-112.1538389,0,8,0,0,1,1,0,1,3,1,0,1,0,0000000,99,99,99,99,99,99,0,0,0,1,0
4,40278,2,2,0,0,0,9,9,23,392,12,5,2013,1,20,41,0,6,6,PENDLETON DR,,0,31.46333056,-110.9737833,0,12,2,0,1,1,0,1,2,1,0,1,0,0000000,99,99,99,99,99,99,0,0,0,2,1
4,40279,2,2,0,0,0,2,2,13,490,13,5,2013,2,18,0,1,12,3,SR-101,,544,33.39568333,-111.8913611,0,12,1,1,18,1,0,1,1,1,0,1,0,0000000,18,1,18,5,18,28,0,0,0,1,0
4,40280,2,2,0,0,0,2,2,13,290,16,5,2013,5,11,12,0,14,6,LINDSAY RD,SOUTHERN AVE,0,33.39362222,-111.7712028,0,12,6,0,2,2,0,1,1,1,0,1,0,0000000,11,12,11,15,11,48,0,0,0,1,0
4,40281,1,1,0,0,0,1,1,7,0,15,5,2013,4,23,43,0,3,2,US-60,,2892,33.78181389,-110.50185,3,35,0,0,1,1,0,4,2,1,0,1,0,0000000,23,43,0,37,88,88,0,0,0,1,0
4,40282,2,2,0,0,0,3,3,13,370,16,5,2013,5,9,13,0,14,6,43RD AVE,SWEETWATER AVE,0,33.60352222,-112.1512667,0,12,6,0,2,2,0,1,1,1,0,1,0,0000000,99,99,99,99,99,99,0,0,0,2,0
4,40283,5,2,3,0,0,3,3,13,290,16,5,2013,5,21,1,0,15,6,RIO SALADO PKWY,DATE ST,0,33.42956944,-111.8446944,0,12,99,0,2,3,0,1,3,1,0,1,0,0000000,21,1,21,5,99,99,14,0,0,1,0
4,40284,1,1,0,0,0,1,1,19,0,18,5,2013,7,17,5,0,16,9,IRVINGTON RD,SWAN RD,0,32.16293056,-110.8922389,0,30,0,0,3,10,0,4,1,1,0,1,0,0000000,17,5,17,13,88,88,0,0,0,1,1
4,40285,1,1,0,0,0,1,1,7,0,19,5,2013,1,10,49,0,3,2,US-60,,2332,33.33436389,-111.0269167,0,1,0,0,1,1,0,4,1,1,0,1,0,0000000,10,31,10,50,11,30,0,0,0,1,0
4,40286,2,2,0,0,0,3,3,13,370,19,5,2013,1,22,37,1,11,1,I-10,,1386,33.46306111,-112.1872306,0,5,0,1,18,1,0,1,2,1,0,1,0,0000000,22,38,22,44,23,3,14,0,0,1,1
4,40287,1,1,0,0,0,1,1,12,0,20,5,2013,2,0,34,0,6,9,BACK ANDERSON RD,,0,33.812175,-113.5724417,0,43,0,0,1,1,0,3,3,1,0,1,0,0000000,0,41,1,2,88,88,0,0,0,1,1
4,40288,2,2,0,0,0,5,5,13,370,22,5,2013,4,13,18,0,13,6,THOMAS RD,SR-101 RAMP,0,33.47934444,-112.2646194,0,12,2,1,2,2,0,1,1,1,0,1,0,0000000,99,99,99,99,99,99,0,0,0,1,0
4,40289,1,1,0,2,2,2,2,19,0,23,5,2013,5,21,30,0,14,9,THORNYDALE RD,,0,32.37973056,-111.0469194,0,15,0,0,1,1,0,1,2,1,0,1,0,0000000,21,30,21,36,22,0,0,0,0,1,0
4,40290,2,2,0,0,0,2,2,13,0,25,5,2013,7,7,16,0,14,9,DEL WEBB BLVD,SANTA FE DR,0,33.60432778,-112.2897722,0,12,6,0,2,2,0,1,1,1,0,1,0,0000000,7,16,7,22,99,99,0,0,0,1,0
4,40291,1,1,0,0,0,1,1,19,0,26,5,2013,1,18,0,1,1,1,I-10,,2953,31.96738333,-110.4658333,0,1,0,0,1,1,0,4,1,1,0,1,0,0000000,18,0,18,27,88,88,0,0,0,1,1
4,40293,2,2,0,0,0,2,2,3,0,29,5,2013,4,14,4,0,4,3,SR-80,,4091,31.73265278,-109.1035667,0,12,6,0,1,1,0,1,1,1,0,1,0,0000000,14,5,14,37,88,88,0,0,0,1,0
4,40294,1,1,0,0,0,3,3,5,0,29,5,2013,4,20,34,0,4,3,SR-87,,3212,34.82013056,-110.9623306,0,11,0,0,1,1,0,1,2,1,0,1,0,0000000,20,34,20,57,99,99,0,0,0,1,0
4,40295,2,2,0,0,0,8,8,3,0,30,5,2013,5,4,9,0,4,2,US-191,,32,31.39802222,-109.5792694,0,12,2,0,1,1,0,1,2,1,0,1,0,0000000,4,9,4,14,99,99,0,0,0,4,0
4,40296,1,1,0,0,0,1,1,7,0,31,5,2013,6,7,50,0,4,3,SR-73,,3178,33.91745278,-110.1950417,3,1,0,0,1,1,0,1,1,1,0,1,0,0000000,7,50,8,10,88,88,0,0,0,1,1
4,40297,1,1,0,1,1,2,2,19,0,31,5,2013,6,20,10,0,14,9,DREXEL RD,BONNEY RD,0,32.14881667,-110.9241333,0,8,0,0,3,3,0,1,3,1,0,1,0,0000000,99,99,99,99,99,99,0,0,0,1,0
4,40298,2,2,0,0,0,2,2,21,0,5,5,2013,1,22,4,1,1,1,I-8,,1502,32.83521944,-112.1588583,0,12,1,0,1,1,0,1,2,10,0,10,0,0000000,22,6,22,30,88,88,0,0,0,1,0
4,40299,1,1,0,0,0,1,1,21,0,11,5,2013,7,13,1,1,1,1,I-10,,2318,32.50956944,-111.2702972,0,1,0,0,1,1,0,1,1,1,0,1,0,0000000,13,1,13,12,88,88,0,0,0,1,0
4,40300,1,1,0,0,0,2,2,25,0,21,5,2013,3,4,8,1,1,1,I-17,,2740,34.459775,-112.029975,0,35,0,0,1,1,0,4,2,1,0,1,0,0000000,4,8,4,24,5,30,0,0,0,1,1
4,40301,2,2,0,0,0,5,5,13,30,1,5,2013,4,10,20,0,15,6,LOWER BUCKEYE RD,CENTRAL AVE,0,33.42079722,-112.3492139,0,12,6,0,2,3,0,1,1,1,0,1,0,0000000,10,23,10,27,11,2,0,0,0,1,0
4,40302,1,1,0,1,1,1,1,13,200,19,5,2013,1,16,52,0,14,6,NORTHERN AVE,59TH AVE,0,33.55305,-112.1862278,0,8,0,0,3,2,0,1,1,1,0,1,0,0000000,16,52,16,56,17,15,0,0,0,1,0
4,40303,2,2,0,0,0,2,2,13,420,12,5,2013,1,15,36,0,15,6,SCOTTSDALE RD,DYNAMITE BLVD,0,33.74119444,-111.9259333,0,12,6,0,2,2,0,1,1,1,0,1,0,0000000,15,36,15,37,16,16,0,0,0,1,0
4,40304,1,1,0,0,0,2,2,7,0,25,5,2013,7,12,46,1,2,3,SR-87,,2500,34.20610556,-111.3316,0,1,0,0,1,1,0,4,1,1,0,1,0,0000000,12,50,12,56,99,99,0,0,0,1,1
4,40305,1,1,0,0,0,6,6,13,486,11,5,2013,7,22,26,0,16,6,PORT ROYAL LN,146TH DR,0,33.62096111,-112.3753778,0,5,0,0,2,3,0,1,3,98,0,98,0,0000000,22,26,22,29,22,46,0,0,0,1,0
4,40306,2,2,0,1,1,2,2,13,0,21,5,2013,3,3,31,0,13,9,BUCKEYE RD,,0,33.43558333,-112.279825,0,8,0,0,1,1,0,1,2,1,0,1,0,0000000,3,31,3,36,88,88,0,0,0,1,0
4,40307,1,1,0,0,0,1,1,19,0,26,5,2013,1,21,26,0,14,9,SKYLINE DR,ALVERNON CIR,0,32.32272222,-110.9063694,0,31,0,0,3,3,0,5,2,1,0,1,0,0000000,21,27,21,31,22,10,0,0,0,1,0
4,40308,2,2,0,0,0,4,4,12,0,1,5,2013,4,12,13,0,4,2,US-60,VICKSBURG RD,458,33.71836389,-113.7675722,0,33,0,0,3,5,0,4,1,1,0,1,0,0000000,12,13,12,55,88,88,0,0,0,2,0
4,40309,1,1,0,0,0,2,2,21,22,4,5,2013,7,16,40,0,3,2,US-60,KINGS RANCH RD,2029,33.35148611,-111.4582139,0,1,0,0,2,4,0,1,1,1,0,1,0,0000000,16,40,16,45,17,23,0,0,0,1,1
4,40310,1,1,0,0,0,2,2,17,0,1,6,2013,7,0,35,0,4,9,PAPERMILL RD,SR-277,0,34.48534722,-110.2447778,0,1,0,0,2,4,0,1,2,1,0,1,0,0000000,0,49,1,3,99,99,0,0,0,1,1
4,40311,1,1,0,0,0,1,1,19,530,1,6,2013,7,22,43,1,13,6,ALVERNON WAY,,0,32.19586944,-110.9097556,0,33,0,0,1,1,0,4,3,1,0,1,0,0000000,22,43,22,47,23,12,0,0,0,1,0
4,40312,2,2,0,0,0,2,2,7,300,2,6,2013,1,17,50,0,13,2,US-60,,2448,33.40190833,-110.8633861,0,12,6,0,1,1,0,1,1,1,0,1,0,0000000,17,54,17,58,99,99,0,0,0,1,0
4,40313,1,1,0,0,0,1,1,13,370,3,6,2013,2,3,55,1,11,1,I-10,,1402,33.46166111,-112.1484722,0,42,0,1,19,1,0,4,3,1,0,1,0,0000000,3,58,4,2,4,11,0,0,0,1,1
4,40314,1,1,0,0,0,1,1,23,392,3,6,2013,2,11,56,0,6,9,CALLE TORUNO,PEDRO CT,0,31.469275,-111.0202028,0,1,0,0,2,3,0,1,1,1,0,1,0,0000000,11,56,12,6,99,99,0,0,0,1,0
4,40315,2,2,0,0,0,2,2,19,0,4,6,2013,3,18,48,1,1,1,I-19,,496,32.01261389,-110.9922,3,12,6,0,7,1,0,1,1,1,0,1,0,0000000,18,48,18,54,88,88,0,0,0,1,0
4,40316,1,1,0,0,0,4,4,19,0,6,6,2013,5,22,39,0,3,3,SR-86,,1425,32.04231389,-111.4413389,3,35,0,0,1,1,0,4,2,1,0,1,0,0000000,99,99,99,99,99,99,0,0,0,2,1
4,40317,2,2,0,0,0,5,5,13,370,8,6,2013,7,6,40,0,14,6,NORTHERN AVE,CENTRAL AVE,0,33.552825,-112.0738917,0,12,6,0,2,2,0,1,1,1,0,1,0,0000000,6,44,6,50,7,1,0,0,0,1,0
4,40318,1,1,0,0,0,1,1,5,0,8,6,2013,7,15,53,0,15,8,TOWNSEND WINONA RD,,0,35.24693889,-111.534725,0,1,0,0,1,1,0,2,1,1,0,1,0,0000000,15,57,16,5,16,32,0,0,0,1,1
4,40319,1,1,0,1,1,2,2,15,0,9,6,2013,1,3,34,1,1,1,I-15,,57,36.86508889,-113.9707722,0,8,0,0,1,1,0,1,6,1,0,1,0,0000000,5,34,6,0,88,88,23,0,0,1,0
4,40320,1,1,0,0,0,1,1,5,170,9,6,2013,1,8,38,0,14,6,WOODLAND VILLAGE BLVD,,0,35.17506944,-111.6660667,0,33,0,0,8,1,0,3,1,1,0,1,0,0000000,8,37,8,41,99,99,0,0,0,1,1
4,40321,1,1,0,0,0,1,1,3,0,11,6,2013,3,16,35,0,3,3,SR-80,,3219,31.66069167,-110.0310139,0,38,0,0,1,1,0,5,1,1,0,1,0,0000000,16,35,16,55,88,88,0,0,0,1,0
4,40322,2,2,0,0,0,2,2,13,0,12,6,2013,4,12,22,0,13,9,APACHE TRL,80TH ST,0,33.41541111,-111.6587083,0,12,6,0,2,2,0,1,1,10,0,10,0,0000000,12,22,12,27,12,58,0,0,0,1,0
4,40323,1,1,0,0,0,3,3,13,60,13,6,2013,5,16,4,1,11,1,I-10,,1095,33.439675,-112.6800472,0,1,0,1,19,1,0,4,1,1,0,1,0,0000000,16,4,16,15,16,58,0,0,0,1,0
4,40324,1,1,0,0,0,1,1,13,370,13,6,2013,5,21,29,1,11,1,I-10,,1425,33.46178611,-112.1201417,0,42,0,1,19,1,0,4,3,1,0,1,0,0000000,21,29,21,36,21,45,0,0,0,1,0
4,40325,1,1,0,0,0,1,1,19,0,16,6,2013,1,6,59,0,4,9,OLD SPANISH TRL,,0,32.13424722,-110.73425,0,1,0,0,1,1,0,4,1,1,0,1,0,0000000,6,59,7,10,7,53,0,0,0,1,0
4,40326,2,2,0,0,0,2,2,13,290,16,6,2013,1,17,10,1,12,2,US-60,,1796,33.38596667,-111.8365917,0,12,1,1,18,1,0,1,1,1,0,1,0,0000000,17,16,17,20,88,88,0,0,0,1,0
4,40327,1,1,0,0,0,1,1,21,0,17,6,2013,2,9,3,1,1,1,I-10 RAMP,,1990,32.81360278,-111.6773222,0,1,0,1,5,1,0,4,1,1,0,1,0,0000000,9,3,9,19,9,50,0,0,0,1,0
4,40328,2,2,0,0,0,6,6,5,0,17,6,2013,2,13,47,0,4,2,US-98,,3294,36.57813333,-111.1148,3,12,2,0,1,1,0,1,1,1,0,1,0,0000000,13,47,14,24,99,99,0,0,0,1,0
4,40329,1,1,0,0,0,1,1,5,0,17,6,2013,2,19,6,1,2,2,US-89,,4310,35.37929722,-111.5796056,0,1,0,0,1,1,0,4,1,1,0,1,0,0000000,19,6,19,17,88,88,0,0,0,1,1
4,40331,1,1,0,0,0,2,2,25,0,27,6,2013,5,21,59,0,4,3,SR-89,,2931,34.40877778,-112.6141417,0,1,0,0,1,1,0,4,2,1,0,1,0,0000000,22,18,22,48,0,23,0,0,0,1,1
4,40332,1,1,0,0,0,1,1,3,0,28,6,2013,6,0,30,0,4,3,SR-80,,3988,31.62063611,-109.2130972,0,38,0,0,1,1,0,5,2,1,0,1,0,0000000,0,51,1,25,88,88,0,0,0,1,1
4,40333,1,1,0,0,0,2,2,27,0,28,6,2013,6,13,34,1,1,1,I-8,,542,32.72571111,-113.7485889,0,38,0,0,1,1,0,5,1,1,0,1,0,0000000,13,35,13,59,15,22,0,0,0,1,0
4,40334,1,1,0,1,1,1,1,19,530,28,6,2013,6,20,42,1,13,6,GRANT RD,ARCADIA AVE,0,32.25055833,-110.8884361,0,8,0,0,2,3,0,1,3,1,0,1,0,0000000,99,99,99,99,99,99,0,0,0,1,0
4,40335,1,1,0,0,0,2,2,25,0,29,6,2013,7,13,11,1,2,3,SR-69,,2770,34.47671944,-112.2619222,0,1,0,0,1,1,0,3,1,1,0,1,0,0000000,13,10,13,18,14,39,0,0,0,1,0
4,40336,2,2,0,0,0,4,4,19,0,30,6,2013,1,2,30,0,14,9,RIVER RD,,0,32.27963611,-110.8857222,0,12,2,0,1,1,0,1,2,1,0,1,0,0000000,2,41,2,54,3,22,0,0,0,2,1
4,40337,1,1,0,0,0,1,1,13,370,4,6,2013,3,4,30,1,11,1,I-10,,1511,33.41112222,-112.0064694,0,59,0,1,19,1,0,8,3,1,0,1,0,0000000,4,29,4,39,4,58,0,0,0,1,0
4,40338,2,2,0,0,0,2,2,13,200,3,5,2013,6,17,15,0,14,6,BETHANY HOME RD,77TH AVE,0,33.52335833,-112.2248083,0,12,1,0,2,3,0,1,1,1,0,1,0,0000000,99,99,99,99,99,99,0,0,0,1,1
4,40339,2,2,0,0,0,3,3,13,370,2,5,2013,5,4,49,0,14,6,VAN BUREN ST,52ND AVE,0,33.45118611,-112.1721778,0,12,6,0,2,3,0,1,3,1,0,1,0,0000000,99,99,99,99,99,99,0,0,0,1,0
4,40340,1,1,0,0,0,7,7,17,0,4,5,2013,7,20,36,0,4,9,PORTER MOUNTAIN RD,,0,34.18638889,-109.9512306,0,1,0,0,1,1,0,1,2,1,0,1,0,0000000,20,36,20,45,21,30,0,0,0,1,0
4,40341,1,1,0,1,1,1,1,13,370,5,5,2013,1,23,15,0,13,6,19TH AVE,,0,33.47191389,-112.0999444,0,8,0,0,1,1,0,1,3,10,0,10,0,0000000,23,19,23,24,88,88,0,0,0,1,1
4,40342,1,1,0,0,0,1,1,999,9999,7,5,2013,3,99,99,0,9,9,UNKNOWN RD,,0,99.99990000,999.99990000,3,99,99,0,99,99,0,99,9,99,0,99,0,0000000,99,99,99,99,99,99,0,0,0,1,0
4,40343,2,2,0,0,0,4,4,25,0,8,5,2013,4,7,50,0,4,9,CORNVILLE RD,,0,34.71567778,-111.8906222,0,12,2,0,1,1,0,1,1,1,0,1,0,0000000,7,49,7,54,8,48,0,0,0,1,0
4,40344,2,2,0,0,0,3,3,13,370,8,5,2013,4,15,11,0,15,6,CAVE CREEK RD,,0,33.72305833,-112.0104917,0,12,1,0,1,1,1,1,1,1,0,1,0,0000000,15,11,15,20,15,51,3,0,0,1,0
4,40345,1,1,0,1,1,1,1,19,0,23,5,2013,5,3,30,0,14,9,IRVINGTON RD,MISSION RD,0,32.159275,-111.0070472,0,9,0,0,2,2,0,1,3,1,0,1,0,0000000,3,30,3,35,88,88,0,0,0,1,1
4,40346,1,1,0,0,0,5,5,17,0,5,5,2013,1,7,58,0,4,8,NAVAJO ROUTE 59,,0,99.99990000,999.99990000,3,41,0,0,1,1,0,4,1,10,0,10,0,0000000,99,99,99,99,99,99,0,0,0,1,1
4,40347,2,2,0,0,0,2,2,13,200,9,5,2013,5,18,55,0,13,6,CAMELBACK RD,,0,33.50944167,-112.1569917,0,12,6,0,8,1,0,1,1,1,0,1,0,0000000,18,55,18,58,19,12,0,0,0,1,0
4,40348,1,1,0,1,1,1,1,13,370,9,5,2013,5,20,42,0,14,6,32ND ST,CAMBRIDGE AVE,0,33.47774444,-112.0129028,0,8,0,0,3,3,0,1,3,1,0,1,0,0000000,20,43,20,47,20,57,0,0,0,1,0
4,40349,2,2,0,0,0,2,2,13,370,10,5,2013,6,6,50,0,13,6,7TH ST,JEFFERSON ST,0,33.44723889,-112.0649889,0,12,6,0,2,2,0,1,1,1,0,1,0,0000000,6,51,6,56,7,4,0,0,0,1,0
4,40350,2,2,0,0,0,2,2,13,200,11,5,2013,7,15,46,0,13,6,59TH AVE,,0,33.54418889,-112.186175,0,12,1,0,1,1,0,1,1,1,0,1,0,0000000,15,46,15,51,16,20,0,0,0,1,1
4,40351,1,1,0,0,0,1,1,17,0,12,5,2013,1,9,10,0,6,9,BURTON RD,BONITA VALLEY RD,0,34.33185278,-110.1557861,0,1,0,0,3,3,0,4,1,1,0,1,0,0000000,99,99,99,99,99,99,0,0,0,1,1
4,40352,1,1,0,2,2,1,1,13,370,12,5,2013,1,18,50,0,14,6,NORTHERN AVE,,0,33.55314722,-112.0546389,0,8,0,0,1,1,0,1,3,1,0,1,0,0000000,18,51,18,57,99,99,0,0,0,1,0
4,40353,1,1,0,2,2,2,2,13,370,13,5,2013,2,3,51,0,14,6,27TH AVE,INDIAN SCHOOL RD,0,33.49530556,-112.1170111,0,30,0,0,3,2,0,4,3,1,0,1,0,0000000,3,53,3,58,4,10,0,0,0,1,1
4,40354,2,2,0,0,0,3,3,13,370,13,5,2013,2,17,22,0,13,6,75TH AVE,THOMAS RD,0,33.48018056,-112.2206361,0,1,0,0,2,2,0,1,1,1,0,1,0,0000000,17,24,17,28,17,58,0,0,0,1,0
4,40355,1,1,0,1,1,1,1,13,200,14,5,2013,3,6,52,0,14,6,CACTUS RD,61ST AVE,0,33.59628889,-112.1903028,0,8,0,0,3,2,0,1,1,1,0,1,0,0000000,6,52,6,58,88,88,0,0,0,1,0
4,40356,1,1,0,1,1,1,1,13,370,19,5,2013,1,3,36,0,13,6,51ST AVE,,0,33.47683333,-112.1690111,0,8,0,0,1,1,0,1,3,1,0,1,0,0000000,3,37,3,41,4,1,0,0,0,1,1
4,40357,1,1,0,1,1,1,1,13,370,24,5,2013,6,20,26,0,14,6,BETHANY HOME RD,,0,33.52394722,-112.1399472,0,9,0,0,1,1,0,1,3,1,0,1,0,0000000,20,28,20,32,20,46,0,0,0,1,0
4,40358,1,1,0,0,0,1,1,13,290,19,5,2013,1,2,40,0,16,6,PORTOBELLO AVE,AZURE,0,33.36022778,-111.6405972,0,33,0,0,3,3,0,4,3,1,0,1,0,0000000,99,99,99,99,99,99,0,0,0,1,0
4,40359,1,1,0,0,0,2,2,13,220,19,5,2013,1,4,45,1,11,1,I-10,,1287,33.45779722,-112.3636639,0,38,0,0,1,1,0,5,3,1,0,1,0,0000000,4,48,4,55,5,28,0,0,0,1,0
4,40360,1,1,0,0,0,1,1,21,70,20,5,2013,2,17,25,0,13,6,FLORENCE BLVD,,0,32.87964444,-111.6976611,0,33,0,0,1,1,0,4,1,1,0,1,0,0000000,17,35,17,45,18,30,0,0,0,1,1
4,40361,1,1,0,1,1,2,2,13,290,24,5,2013,6,22,18,0,13,6,POWER RD,,0,33.42278056,-111.6845361,0,8,0,0,1,1,0,1,3,1,0,1,0,0000000,22,18,22,18,22,52,0,0,0,1,0
4,40362,1,1,0,0,0,1,1,13,290,25,5,2013,7,14,10,0,14,6,BROADWAY RD,,0,33.40776389,-111.6459417,0,33,0,0,1,1,0,4,1,1,0,1,0,0000000,14,10,14,15,14,44,0,0,0,1,0
4,40363,2,2,0,0,0,5,5,19,530,27,5,2013,2,21,27,1,12,6,GOLF LINKS RD,,0,32.19487222,-110.88345,0,33,0,0,1,1,0,3,3,1,0,1,0,0000000,21,29,21,35,22,19,0,0,0,1,0
4,40364,1,1,0,0,0,3,3,21,0,10,6,2013,2,13,39,0,3,3,SR-79,,1135,32.79845278,-111.1809278,0,1,0,0,1,1,0,2,1,1,0,1,0,0000000,13,46,14,20,15,27,0,0,0,1,0
4,40365,3,3,0,1,1,8,8,13,80,13,6,2013,5,23,59,1,11,1,I-10,,1620,33.28974722,-111.9716028,0,8,0,1,18,1,0,1,3,1,0,1,0,0000000,23,59,0,8,99,99,18,0,0,1,0
4,40367,1,1,0,0,0,4,4,13,0,10,5,2013,6,19,44,0,6,9,DAVES WAY,DIRT RD,0,33.57575833,-111.2527667,0,5,0,0,2,2,0,1,2,1,0,1,0,0000000,19,44,20,8,20,50,0,0,0,1,1
4,40368,2,2,0,0,0,2,2,13,0,17,6,2013,2,23,21,1,1,1,I-17,,2259,33.825075,-112.1435333,0,12,1,0,1,1,0,1,3,1,0,1,0,0000000,23,20,23,33,99,99,0,0,0,1,1
4,40369,1,1,0,1,1,2,2,13,370,23,6,2013,1,21,59,0,14,6,32ND ST,YALE ST,0,33.47596667,-112.0129056,0,8,0,0,3,2,0,1,3,1,0,1,0,0000000,99,99,99,99,99,99,0,0,0,1,0
4,40370,2,2,0,0,0,2,2,13,290,8,6,2013,7,2,45,1,12,2,US-60,,1826,33.3864,-111.785275,0,12,1,1,18,1,0,1,3,1,0,1,0,0000000,2,45,3,0,88,88,0,0,0,1,1