STATE,ST_CASE,VE_TOTAL,VE_FORMS,PVH_INVL,PEDS,PERNOTMVIT,PERMVIT,PERSONS,COUNTY,CITY,DAY,MONTH,YEAR,DAY_WEEK,HOUR,MINUTE,NHS,ROAD_FNC,ROUTE,TWAY_ID,TWAY_ID2,MILEPT,LATITUDE,LONGITUD,SP_JUR,HARM_EV,MAN_COLL,RELJCT1,RELJCT2,TYP_INT,WRK_ZONE,REL_ROAD,LGT_COND,WEATHER1,WEATHER2,WEATHER,SCH_BUS,RAIL,NOT_HOUR,NOT_MIN,ARR_HOUR,ARR_MIN,HOSP_HR,HOSP_MN,CF1,CF2,CF3,FATALS,DRUNK_DR
4,40372,4,4,0,0,0,11,11,25,0,25,5,2013,7,10,5,1,1,1,I-17,,2470,34.11831944,-112.1468667,0,12,2,0,1,1,0,1,1,1,0,1,0,0000000,10,5,10,15,99,99,0,0,0,2,0
4,40373,1,1,0,1,1,1,1,19,530,3,7,2013,4,17,32,1,13,6,BROADWAY RD,CAMPBELL AVE,0,32.22146111,-110.9438333,0,9,0,0,2,2,0,1,1,1,0,1,0,0000000,17,32,17,33,17,44,16,0,0,1,0
4,40374,1,1,0,0,0,1,1,17,0,3,7,2013,4,21,38,0,3,2,US-60,,3358,34.19189722,-110.09105,0,1,0,0,1,1,0,4,2,1,0,1,0,0000000,21,41,21,58,88,88,0,0,0,1,0
4,40375,1,1,0,0,0,2,2,5,0,4,7,2013,5,11,57,0,4,3,SR-98,,3253,36.60451667,-111.1763222,3,1,0,0,1,1,0,4,1,8,0,8,0,0000000,11,57,12,32,13,40,0,0,0,1,1
4,40376,1,1,0,1,1,1,1,13,290,5,7,2013,6,18,8,0,13,6,MCKELLIPS RD,PASADENA,0,33.451475,-111.8267972,0,8,0,0,3,3,0,1,1,10,0,10,0,0000000,18,8,18,13,88,88,0,0,0,1,0
4,40377,1,1,0,0,0,2,2,15,0,6,7,2013,7,11,51,1,1,1,I-40,,611,35.19658611,-113.8805167,0,1,0,0,1,1,0,3,1,1,0,1,0,0000000,11,51,11,58,88,88,0,0,0,2,0
4,40379,2,2,0,0,0,5,5,13,227,7,7,2013,1,6,54,1,11,1,I-10,,1563,33.37401111,-111.9681528,0,12,7,1,18,1,0,1,1,1,0,1,0,0000000,6,55,7,0,7,29,0,0,0,1,0
4,40380,3,3,0,1,1,1,1,15,0,7,7,2013,1,7,52,1,2,2,US-93,,1235,34.70755833,-113.6126306,0,12,1,0,1,1,0,1,1,1,0,1,0,0000000,7,52,9,21,99,99,23,0,0,1,0
4,40381,2,2,0,1,1,10,10,19,530,7,7,2013,1,9,53,0,13,6,SPEEDWAY BLVD,COLUMBUS BLVD,0,32.23609722,-110.9011667,0,12,6,0,2,2,0,1,1,1,0,1,0,0000000,9,53,9,57,10,14,15,0,0,1,0
4,40382,1,1,0,1,1,1,1,5,0,8,7,2013,2,16,41,0,6,9,PIONEER VALLEY RD,,0,35.28175,-111.5156167,0,8,0,0,1,1,0,1,1,1,0,1,0,0000000,16,45,16,54,17,17,0,0,0,1,0
4,40383,1,1,0,1,1,1,1,5,170,9,7,2013,3,1,46,1,11,1,I-40,,1987,35.19535833,-111.6163556,0,8,0,0,1,1,0,1,2,1,0,1,0,0000000,1,44,1,52,88,88,0,0,0,1,0
4,40384,1,1,0,1,1,1,1,13,370,9,7,2013,3,21,17,0,15,6,15TH AVE,,0,33.53446667,-112.0911278,0,8,0,0,1,1,0,1,3,1,0,1,0,0000000,21,18,21,22,21,35,0,0,0,1,0
4,40385,2,2,0,0,0,4,4,13,368,12,7,2013,6,22,57,0,14,6,CACTUS RD,87TH AVE,0,33.59542222,-112.2464528,0,1,0,0,2,2,0,1,3,1,0,1,0,0000000,22,58,23,1,99,99,0,0,0,1,0
4,40386,1,1,0,0,0,6,6,17,0,14,7,2013,1,15,49,1,1,1,I-40,,2588,35.00672222,-110.6231111,0,1,0,0,1,1,0,1,1,1,0,1,0,0000000,15,50,15,56,16,32,0,0,0,1,0
4,40387,1,1,0,1,1,1,1,19,530,15,7,2013,2,16,46,0,14,6,CAMPBELL AVE,,0,32.15968611,-110.9434139,0,8,0,0,1,1,0,1,1,10,0,10,0,0000000,16,46,16,51,17,16,0,0,0,1,0
4,40388,1,1,0,0,0,2,2,25,0,17,7,2013,4,17,8,0,4,3,SR-89A,,3322,34.678825,-112.1917083,0,35,0,0,1,1,0,4,1,10,0,10,0,0000000,17,8,17,19,18,8,0,0,0,1,1
4,40391,2,2,0,0,0,3,3,15,0,21,7,2013,1,22,41,0,14,3,SR-66,,599,35.25369167,-113.9754778,0,12,1,0,1,1,0,1,2,10,0,10,0,0000000,22,41,22,49,23,18,0,0,0,1,1
4,40392,2,2,0,0,0,2,2,13,490,22,7,2013,2,9,20,1,12,2,US-60,,1763,33.38581667,-111.8933778,0,12,6,1,18,1,0,1,1,1,0,1,0,0000000,9,20,9,34,88,88,0,0,0,1,0
4,40393,2,2,0,1,1,1,1,13,290,23,7,2013,3,5,15,1,12,2,US-60,,1881,33.38674444,-111.6902806,0,12,1,0,1,1,0,1,4,1,0,1,0,0000000,5,15,5,25,99,99,15,19,0,1,0
4,40394,2,2,0,0,0,5,5,15,0,28,7,2013,1,12,20,1,1,1,I-40,,553,35.21382222,-113.9800167,0,12,1,0,1,1,1,1,1,1,0,1,0,0000000,12,26,12,30,88,88,0,0,0,1,0
4,40396,1,1,0,0,0,2,2,17,0,17,2,2013,1,99,99,0,6,8,NAVAJO ROUTE 67,,0,99.99990000,999.99990000,3,1,0,0,1,1,0,2,9,99,0,99,0,0000000,99,99,99,99,99,99,0,0,0,1,0
4,40397,1,1,0,0,0,1,1,25,0,5,6,2013,4,14,15,0,6,8,FOREST ROAD 9549B,,0,34.88861111,-111.9208333,0,41,0,0,1,1,0,4,1,1,0,1,0,0000000,99,99,99,99,88,88,0,0,0,1,0
4,40398,3,3,0,0,0,3,3,13,420,20,6,2013,5,14,41,0,13,6,FRANK LLOYD WRIGHT BLVD,RAINTREE DR,0,33.61955556,-111.8735833,0,12,6,0,2,2,0,1,1,1,0,1,0,0000000,14,43,14,47,15,11,0,0,0,1,1
4,40399,1,1,0,0,0,5,5,13,368,4,7,2013,5,7,12,0,6,6,CASTLE HOT SPRINGS RD,,0,33.83630556,-112.3160417,0,1,0,0,1,1,0,4,1,1,0,1,0,0000000,7,12,7,40,99,99,0,0,0,1,0
4,40400,1,1,0,0,0,2,2,19,530,23,6,2013,1,3,41,0,16,6,44TH ST,,0,32.18509722,-111.0201556,0,35,0,0,1,1,0,4,2,1,0,1,0,0000000,3,42,3,48,4,12,0,0,0,1,1
4,40401,2,2,0,0,0,2,2,13,290,4,7,2013,5,22,59,0,14,6,SOUTHERN AVE,,0,33.39364722,-111.7697167,0,12,2,0,1,1,0,1,3,1,0,1,0,0000000,23,1,23,5,99,99,0,0,0,1,0
4,40402,1,1,0,0,0,1,1,19,0,5,7,2013,6,16,5,0,5,3,SR-286,,290,31.85631389,-111.3974583,0,1,0,0,1,1,0,4,1,10,0,10,0,0000000,16,1,16,1,88,88,20,0,0,1,0
4,40404,2,2,0,0,0,2,2,25,0,28,4,2013,1,19,57,0,4,3,SR-89,,3519,35.06284444,-112.3994444,0,12,1,0,1,1,0,1,2,1,0,1,0,0000000,19,57,20,10,99,99,0,0,0,1,1
4,40405,2,2,0,0,0,3,3,13,290,12,6,2013,4,20,48,0,13,6,COUNTRY CLUB DR,,0,33.44456389,-111.8398028,0,12,1,0,1,1,0,1,3,1,0,1,0,0000000,20,48,20,53,88,88,0,0,0,1,0
4,40406,2,2,0,0,0,4,4,13,290,26,6,2013,4,20,8,0,14,6,BROWN RD,,0,33.43736111,-111.7068861,0,12,2,0,1,1,0,1,3,1,0,1,0,0000000,99,99,99,99,99,99,0,0,0,3,1
4,40407,1,1,0,0,0,2,2,1,0,28,6,2013,6,2,10,0,5,3,SR-373,,3868,34.06075,-109.4639611,0,35,0,0,1,1,0,4,2,1,0,1,0,0000000,2,14,2,35,88,88,0,0,0,2,1
4,40408,1,1,0,0,0,2,2,3,0,29,6,2013,7,10,36,1,1,1,I-10,,3907,32.22869722,-109.0541528,0,1,0,1,19,1,0,8,1,1,0,1,0,0000000,10,36,11,0,99,99,0,0,0,1,0
4,40409,2,2,0,0,0,3,3,15,260,30,6,2013,1,12,34,1,11,1,I-40,,552,35.21423333,-113.9817083,0,12,1,0,1,1,1,1,1,1,0,1,0,0000000,99,99,99,99,88,88,0,0,0,1,0
4,40410,1,1,0,0,0,1,1,5,0,2,6,2013,1,8,30,0,3,3,SR-264,,3340,36.01744722,-111.1044139,3,1,0,0,99,99,0,99,1,99,0,99,0,0000000,99,99,99,99,88,88,0,0,0,1,0
4,40411,1,1,0,1,1,1,1,13,200,5,6,2013,4,2,50,0,14,6,NORTHERN AVE,63RD AVE,0,33.55295833,-112.1949361,0,8,0,0,2,2,0,1,3,1,0,1,0,0000000,2,50,2,55,3,30,0,0,0,1,0
4,40412,1,1,0,1,1,1,1,1,0,8,6,2013,7,0,58,0,6,8,BIA 59,,0,99.99990000,999.99990000,3,8,0,0,1,1,0,1,6,98,0,98,0,0000000,99,98,99,98,88,88,0,0,0,1,0
4,40413,1,1,0,0,0,1,1,13,370,8,6,2013,7,2,33,0,16,6,MYRTLE AVE,I-17 FRONTAGE,0,33.54220556,-112.1120972,0,39,0,0,3,3,0,4,3,1,0,1,0,0000000,2,35,2,40,2,54,19,0,0,1,1
4,40414,1,1,0,0,0,2,2,17,0,8,6,2013,7,2,40,0,4,8,BIA 59,,0,99.99990000,999.99990000,3,1,0,0,1,1,0,4,2,1,0,1,0,0000000,99,99,99,99,99,99,0,0,0,1,1
4,40415,1,1,0,1,1,1,1,17,0,11,6,2013,3,15,9,0,4,3,SR-87,,3630,35.18764167,-110.4426028,0,8,0,0,99,99,0,99,1,99,0,99,0,0000000,99,99,99,99,88,88,0,0,0,1,0
4,40416,2,2,0,0,0,11,11,13,80,13,6,2013,5,23,13,0,14,6,MCQUEEN RD,RAY RD,0,33.32066944,-111.8241139,0,12,6,0,2,2,0,1,3,1,0,1,0,0000000,23,13,2,28,99,99,0,0,0,1,1
4,40419,1,1,0,0,0,1,1,13,0,19,6,2013,4,16,51,0,14,6,ELLSWORTH RD,DENNIS ST,0,33.42780556,-111.6326389,0,1,0,0,2,2,0,1,1,1,0,1,0,0000000,17,1,17,15,17,50,0,0,0,1,0
4,40421,1,1,0,0,0,2,2,19,0,22,6,2013,7,19,10,0,6,9,ALCHESAY FISH HATCHERY RD,,0,99.99990000,999.99990000,3,1,0,0,99,99,0,99,9,99,0,99,0,0000000,99,99,99,99,99,99,0,0,0,1,0
4,40422,1,1,0,0,0,1,1,19,0,22,6,2013,7,20,39,0,15,6,SPEEDWAY BLVD,,0,32.23536667,-110.7004306,0,30,0,0,1,1,0,4,2,1,0,1,0,0000000,20,51,21,1,21,19,0,0,0,1,0
4,40423,1,1,0,1,1,1,1,5,170,26,6,2013,4,10,28,0,14,6,BUTLER AVE,,0,35.19138889,-111.6303528,0,8,0,0,8,1,0,4,1,1,0,1,0,0000000,10,31,10,36,10,48,0,0,0,1,0
4,40424,1,1,0,0,0,1,1,5,0,30,6,2013,1,99,99,0,6,8,FOREST ROAD 22,,0,99.99990000,999.99990000,0,99,0,0,99,99,0,99,9,99,0,99,0,0000000,99,99,99,99,88,88,0,0,0,1,0
4,40425,1,1,0,0,0,1,1,13,490,16,7,2013,3,4,50,1,11,1,I-10,,1558,33.38187222,-111.9680139,0,25,0,1,19,1,0,4,3,10,0,10,0,0000000,4,52,5,2,88,88,0,0,0,1,0
4,40426,1,1,0,1,1,1,1,13,370,20,7,2013,7,0,50,0,13,6,INDIAN SCHOOL RD,,0,33.49501944,-112.1031167,0,8,0,0,1,1,0,1,3,10,0,10,0,0000000,0,51,0,55,1,7,0,0,0,1,1
4,40427,1,1,0,1,1,1,1,21,180,25,7,2013,5,10,29,0,5,9,ADAMSVILLE RD,,0,33.01981389,-111.4174861,0,9,0,0,1,1,0,1,1,1,0,1,0,0000000,99,99,99,99,99,99,0,0,0,1,0
4,40428,2,2,0,0,0,4,4,13,370,2,7,2013,3,14,45,0,14,6,NORTHERN AVE,I-17 FRONTAGE RD,0,33.55310833,-112.1119194,0,12,6,1,2,2,0,1,1,1,0,1,0,0000000,99,99,99,99,99,99,0,0,0,1,0
4,40429,1,1,0,1,1,1,1,13,30,4,7,2013,5,5,9,0,13,6,MAIN ST,CENTRAL AVE,0,33.42918889,-112.3494417,0,8,0,0,3,2,0,1,4,1,0,1,0,0000000,5,13,5,17,5,49,0,0,0,1,0
4,40430,2,2,0,0,0,2,2,13,290,30,7,2013,3,11,2,0,14,6,BROADWAY RD,,0,33.40787778,-111.65925,0,12,6,0,1,1,0,1,1,1,0,1,0,0000000,11,2,11,7,11,18,0,0,0,1,0
4,40431,1,1,0,0,0,1,1,1,0,8,7,2013,2,7,37,0,6,8,BIA 5060,,0,99.99990000,999.99990000,3,35,0,0,1,1,0,4,4,1,0,1,0,0000000,7,35,7,50,88,88,3,0,0,1,0
4,40432,3,2,1,1,1,2,2,13,290,16,5,2013,5,18,32,1,12,3,SR-202,,222,33.47522222,-111.7013694,0,14,0,1,19,1,0,2,1,1,0,1,0,0000000,18,32,18,37,88,88,23,14,15,1,1
4,40433,1,1,0,0,0,4,4,12,0,10,6,2013,2,22,41,1,1,1,I-10,,391,33.64555556,-113.8742972,0,1,0,0,1,1,0,3,2,1,0,1,0,0000000,22,45,23,25,99,99,0,0,0,1,0
4,40434,2,2,0,0,0,2,2,13,420,3,7,2013,4,5,47,0,13,6,FRANK LLOYD WRIGHT BLVD,SAHUARO DR,0,33.58420833,-111.8351167,0,12,6,0,2,2,0,1,4,1,0,1,0,0000000,5,47,5,50,6,28,0,0,0,1,0
4,40435,2,2,0,0,0,3,3,13,420,17,7,2013,4,10,23,0,13,6,CAMELBACK RD,64TH ST,0,33.50203611,-111.9433,0,12,6,0,2,2,0,1,1,1,0,1,0,0000000,10,26,10,30,10,46,0,0,0,1,0
4,40436,1,1,0,0,0,2,2,17,0,1,7,2013,2,3,51,1,1,1,I-40,,2597,35.00342778,-110.6078556,0,52,0,0,1,1,0,3,2,1,0,1,0,0000000,3,52,4,0,99,99,0,0,0,1,0
4,40437,2,2,0,0,0,3,3,19,0,13,7,2013,7,9,55,0,4,3,SR-83,,479,31.86642222,-110.68735,0,12,7,0,1,1,0,1,1,10,0,10,0,0000000,9,55,10,25,11,26,0,0,0,1,0
4,40438,2,2,0,0,0,4,4,13,0,17,7,2013,4,18,35,1,2,2,US-60,,1182,33.88346111,-112.6583611,0,12,2,0,1,1,0,1,1,2,0,2,0,0000000,18,37,18,44,19,31,0,0,0,1,0
4,40439,1,1,0,1,1,1,1,13,370,22,7,2013,2,8,12,0,13,6,51ST AVE,MCDOWELL RD,0,33.46534722,-112.1692139,0,8,0,0,3,2,0,1,1,1,0,1,0,0000000,99,99,99,99,99,99,0,0,0,1,0
4,40440,2,2,0,0,0,5,5,7,0,25,7,2013,5,15,0,0,3,3,SR-77,,1642,33.28171389,-110.7539833,0,12,2,0,1,1,0,1,1,2,0,2,0,0000000,15,2,15,20,99,99,0,0,0,1,0
4,40441,1,1,0,0,0,1,1,21,0,1,8,2013,5,1,2,0,6,9,CACTUS FOREST RD,,0,32.95943333,-111.3983,0,1,0,0,1,1,0,4,2,1,0,1,0,0000000,1,3,1,30,88,88,20,0,0,1,1
4,40443,1,1,0,0,0,1,1,7,0,2,8,2013,6,18,11,0,6,8,FOREST ROAD 200,,0,34.26712778,-110.9182389,0,42,0,0,1,1,0,4,5,1,0,1,0,0000000,18,12,18,31,88,88,0,0,0,1,0
4,40444,3,3,0,0,0,4,4,13,370,7,8,2013,4,14,10,0,13,6,7TH ST,,0,33.55815833,-112.0652528,0,12,2,0,1,1,0,1,1,1,0,1,0,0000000,14,15,14,18,14,45,0,0,0,1,0
4,40445,1,1,0,1,1,1,1,13,370,7,8,2013,4,20,52,0,16,6,48TH DR,BRILL ST,0,33.46480833,-112.1643583,0,8,0,0,3,3,0,1,3,1,0,1,0,0000000,99,99,99,99,88,88,0,0,0,1,0
4,40446,1,1,0,1,1,1,1,13,158,7,8,2013,4,22,38,0,15,6,EL MIRAGE RD,,0,33.59714444,-112.3246583,0,9,0,0,1,1,0,1,3,1,0,1,0,0000000,22,40,22,45,23,25,0,0,0,1,0
4,40447,1,1,0,0,0,2,2,3,0,8,8,2013,5,23,34,1,1,1,I-10,,3134,31.99605833,-110.1663778,0,1,0,0,1,1,0,3,2,1,0,1,0,0000000,23,35,23,57,1,30,0,0,0,2,1
4,40448,2,2,0,0,0,2,2,23,330,9,8,2013,6,15,14,0,13,6,GRAND AVE,GOLD HILL RD,0,31.38362222,-110.9474833,0,12,6,0,2,2,0,1,1,1,0,1,0,0000000,15,51,15,52,99,99,0,0,0,1,0
4,40449,1,1,0,1,1,3,3,19,530,9,8,2013,6,22,59,1,14,6,IRVINGTON RD,FREMONT AVE,0,32.16333889,-110.9551,0,8,0,0,3,3,0,1,3,1,0,1,0,0000000,22,59,23,3,23,14,0,0,0,1,0
4,40450,1,1,0,1,1,1,1,13,370,12,8,2013,2,22,21,0,15,6,36TH ST,,0,33.47258056,-112.0042194,0,8,0,0,1,1,0,1,3,1,0,1,0,0000000,22,25,22,28,22,42,0,0,0,1,0
4,40451,2,2,0,0,0,2,2,19,0,12,8,2013,2,22,32,1,13,9,KOLB RD,VALENCIA RD,0,32.13938611,-110.8406278,0,12,6,0,2,2,0,1,3,1,0,1,0,0000000,22,32,22,43,23,0,0,0,0,1,0
4,40452,2,2,0,0,0,2,2,13,420,13,8,2013,3,5,4,1,12,3,SR-101 RAMP,,420,33.62916389,-111.88985,3,33,0,1,5,1,0,8,4,1,0,1,0,0000000,5,4,5,4,88,88,0,0,0,1,1
4,40453,1,1,0,0,0,1,1,21,70,13,8,2013,3,12,10,1,1,1,I-10,,1919,32.92349444,-111.6896139,0,59,0,0,1,1,0,4,1,1,0,1,0,0000000,12,10,12,20,88,88,0,0,0,1,0
4,40454,1,1,0,1,1,1,1,13,290,13,8,2013,3,18,42,0,16,6,RAY RD,,0,33.32655833,-111.6756528,0,9,0,0,1,1,0,1,5,10,0,10,0,0000000,18,43,18,48,88,88,0,0,0,1,0
4,40456,1,1,0,0,0,3,3,5,0,15,8,2013,5,12,23,1,2,3,SR-64,,2240,35.80372778,-112.1309667,0,1,0,0,1,1,0,1,1,10,0,10,0,0000000,12,40,12,55,13,51,0,0,0,1,0
4,40457,2,2,0,0,0,2,2,13,290,16,8,2013,6,23,24,1,12,2,US-60,,1789,33.38583333,-111.8496194,0,1,0,0,1,1,0,1,3,1,0,1,0,0000000,23,24,23,31,23,45,14,0,0,1,1
4,40458,1,1,0,1,1,1,1,13,220,19,8,2013,2,8,55,0,15,6,YUMA RD,,0,33.435675,-112.4565278,0,9,0,0,1,1,0,1,1,1,0,1,0,0000000,8,58,9,10,9,37,0,0,0,1,0
4,40459,1,1,0,0,0,1,1,25,0,20,8,2013,3,9,38,0,6,9,CROWN KING RD,,0,34.21844444,-112.3098611,0,1,0,0,1,1,0,4,1,1,0,1,0,0000000,9,40,9,41,88,88,0,0,0,1,0
4,40460,1,1,0,0,0,1,1,25,386,24,8,2013,7,20,25,0,14,6,WILLOW CREEK RD,,0,34.58788889,-112.4760861,0,1,0,0,1,1,0,1,3,10,0,10,0,0000000,20,25,20,29,21,5,0,0,0,1,0
4,40461,1,1,0,0,0,1,1,5,0,20,8,2013,3,21,5,1,2,2,US-89,,4746,35.98679444,-111.3936278,3,35,0,0,1,1,0,4,2,1,0,1,0,0000000,21,16,22,4,88,88,0,0,0,1,0
4,40462,1,1,0,0,0,1,1,5,0,24,8,2013,7,22,1,1,1,1,I-40,,2124,35.193675,-111.3876194,0,1,0,0,1,1,0,1,2,10,0,10,0,0000000,22,1,22,16,22,39,0,0,0,1,0
4,40463,1,1,0,1,1,1,1,19,530,25,8,2013,1,21,34,1,13,6,22ND ST,OSBORNE AVE,0,32.20676111,-110.9774361,0,8,0,0,3,2,0,1,6,10,0,10,0,0000000,21,34,21,39,21,54,0,0,0,1,0
4,40464,2,2,0,0,0,6,6,5,0,30,8,2013,6,21,25,1,2,2,US-160,,3529,36.41089722,-110.8273083,3,12,8,0,1,1,0,1,2,10,0,10,0,0000000,21,39,22,14,99,99,4,0,0,1,0
4,40465,2,2,0,0,0,2,2,17,0,31,8,2013,7,12,25,1,2,2,US-160,,4078,36.77705833,-110.0101028,3,12,6,0,1,1,0,1,1,10,0,10,0,0000000,12,25,12,50,88,88,0,0,0,1,1
4,40466,1,1,0,0,0,1,1,19,530,5,7,2013,6,6,28,0,14,6,COUNTRY CLUB RD,,0,32.23214722,-110.9267444,0,33,0,0,1,1,0,4,4,1,0,1,0,0000000,6,29,6,32,6,47,0,0,0,1,1
4,40467,2,2,0,0,0,2,2,13,0,10,7,2013,4,17,29,0,15,9,R H JOHNSON BLVD,133RD AVE,0,33.65323056,-112.3458306,0,12,6,0,2,2,0,1,1,10,0,10,0,0000000,17,29,17,33,99,99,0,0,0,1,0
4,40468,2,2,0,0,0,4,4,13,0,13,7,2013,7,17,10,0,4,9,USERY PASS RD,,0,33.53996667,-111.6105444,0,12,6,0,1,1,0,1,1,1,0,1,0,0000000,17,10,17,29,18,5,0,0,0,1,0
4,40469,2,2,0,0,0,2,2,21,0,27,7,2013,7,1,1,1,1,1,I-10,,1840,33.01843056,-111.7649222,3,12,2,0,1,1,0,1,2,10,0,10,0,0000000,99,99,99,99,99,99,0,0,0,1,1
4,40470,2,2,0,0,0,3,3,19,530,27,7,2013,7,15,11,1,12,6,AVIATION HWY,22ST RAMP,0,32.2063,-110.9405222,0,12,6,1,2,4,0,1,1,1,0,1,0,0000000,99,99,99,99,99,99,0,0,0,1,0
4,40471,1,1,0,1,1,1,1,19,530,3,8,2013,7,22,12,1,13,6,GRANT RD,AVENIDA EL CAPITAN,0,32.25034167,-110.9649083,0,8,0,0,3,3,0,1,3,1,0,1,0,0000000,22,13,22,17,22,27,0,0,0,1,0
4,40472,2,2,0,0,0,3,3,13,0,13,8,2013,3,20,49,1,13,3,SR-87,CENTER ST,1791,33.47849722,-111.8300556,3,12,6,0,2,3,0,1,2,10,0,10,0,0000000,20,50,20,54,88,88,0,0,0,2,0
4,40473,2,1,1,0,0,1,1,13,0,20,8,2013,3,13,0,0,14,9,BROADWAY RD,96TH ST,0,33.40781111,-111.6236556,0,30,0,0,3,2,0,4,1,1,0,1,0,0000000,99,99,99,99,88,88,14,0,0,1,0
4,40474,1,1,0,0,0,7,7,13,0,31,8,2013,7,1,46,1,1,1,I-10,,769,33.54990556,-113.2290083,0,1,0,0,1,1,0,3,2,10,0,10,0,0000000,1,48,2,18,3,34,0,0,0,1,0
4,40475,1,1,0,0,0,1,1,13,370,30,8,2013,6,1,52,1,12,3,SR-202,,26,33.459175,-111.9991417,0,52,0,1,19,1,0,4,3,1,0,1,0,0000000,1,52,2,1,88,88,0,0,0,1,1
4,40476,2,2,0,0,0,2,2,13,370,1,7,2013,2,12,18,0,13,6,51ST AVE,,0,33.50455,-112.1687889,0,12,6,0,1,1,0,1,1,1,0,1,0,0000000,12,18,12,22,12,40,0,0,0,1,0
4,40477,1,1,0,2,2,1,1,13,370,3,7,2013,4,4,1,0,13,6,CACTUS RD,PARADISE VILLAGE PKWY W,0,33.59945833,-111.9876611,0,8,0,0,3,2,0,1,3,1,0,1,0,0000000,4,3,4,9,4,30,0,0,0,1,0
4,40478,1,1,0,1,1,1,1,13,200,6,7,2013,7,20,36,0,13,6,59TH AVE,,0,33.56123333,-112.186275,0,8,0,0,1,1,0,1,3,1,0,1,0,0000000,20,36,20,39,22,12,0,0,0,1,0
4,40479,2,1,1,0,0,1,1,13,370,6,7,2013,7,8,54,0,16,6,COLTER ST,,0,33.51302778,-112.2827306,0,14,0,0,1,1,0,2,1,1,0,1,0,0000000,8,54,9,0,9,27,0,0,0,1,0
4,40480,1,1,0,0,0,1,1,11,0,14,7,2013,1,99,99,0,6,9,VERDIN RD,,0,99.99990000,999.99990000,0,99,99,0,99,99,0,99,9,99,0,99,0,0000000,99,99,99,99,88,88,0,0,0,1,1
4,40481,1,1,0,2,2,1,1,13,370,16,7,2013,3,5,45,0,16,6,13TH AVE,,0,33.65878333,-112.0871417,0,8,0,0,1,1,0,1,1,1,0,1,0,0000000,99,99,99,99,99,99,0,0,0,1,0
4,40482,2,2,0,0,0,4,4,17,240,17,7,2013,4,10,30,0,6,6,NAVAJO BLVD,,0,34.92123611,-110.1483806,0,12,2,0,1,1,0,1,1,10,0,10,0,0000000,10,32,10,36,11,3,0,0,0,1,1
4,40483,2,2,0,0,0,3,3,13,370,18,7,2013,5,14,47,0,13,6,51ST AVE,SOUTHERN AVE,0,33.39196389,-112.1681583,0,12,6,0,2,2,0,1,1,1,0,1,0,0000000,14,49,14,55,15,16,0,0,0,1,0
4,40485,1,1,0,0,0,2,2,21,0,21,7,2013,1,99,99,0,6,9,LA PALMA RD,,0,99.99990000,999.99990000,0,1,0,0,99,99,0,99,9,99,0,99,0,0000000,99,99,99,99,99,99,0,0,0,1,0
4,40486,1,1,0,1,1,2,2,9,0,22,7,2013,2,18,24,0,6,8,LA BAMBA RD,,0,33.29271667,-110.4478222,3,9,0,0,1,1,0,1,1,98,0,98,0,0000000,99,99,99,99,99,99,0,0,0,1,1
4,40487,2,2,0,0,0,6,6,13,370,22,7,2013,2,14,0,0,14,6,BASELINE RD,27TH AVE,0,33.37769444,-112.1164806,0,12,6,0,2,2,0,1,1,1,0,1,0,0000000,14,2,14,8,99,99,0,0,0,1,0
4,40488,1,1,0,1,1,2,2,13,370,23,7,2013,3,20,23,0,14,6,16TH ST,HIGHLAND AVE,0,33.50559444,-112.0475389,0,9,0,0,3,2,0,1,3,1,0,1,0,0000000,99,99,99,99,99,99,0,0,0,1,0
4,40489,1,1,0,1,1,1,1,17,0,27,7,2013,7,2,12,0,5,8,BIA 67,,0,36.01697778,-110.0885472,3,8,0,0,1,1,0,1,2,1,0,1,0,0000000,99,99,99,99,88,88,0,0,0,1,0
4,40490,1,1,0,1,1,4,4,13,370,27,7,2013,7,21,25,0,13,6,INDIAN SCHOOL RD,,0,33.49470556,-112.2145639,0,8,0,0,1,1,0,1,3,1,0,1,0,0000000,21,27,21,29,88,88,0,0,0,1,0
4,40491,2,2,0,0,0,3,3,13,370,29,7,2013,2,4,12,0,13,6,35TH AVE,MCLELLAN BLVD,0,33.53265556,-112.1342806,0,12,2,0,2,3,0,1,3,1,0,1,0,0000000,4,16,4,21,4,49,0,0,0,1,1
4,40492,1,1,0,0,0,2,2,17,0,29,7,2013,2,18,14,0,6,8,CEMETERY RD,,0,99.99990000,999.99990000,3,1,0,0,99,99,0,99,9,99,0,99,0,0000000,99,99,99,99,99,99,0,0,0,1,0
4,40493,1,1,0,0,0,3,3,17,0,30,7,2013,3,3,14,0,4,8,BIA 4,,0,99.99990000,999.99990000,3,1,0,0,1,1,0,99,6,98,0,98,0,0000000,99,99,99,99,99,99,0,0,0,1,0
4,40494,4,4,0,0,0,11,11,13,290,11,8,2013,1,13,26,0,13,6,BROADWAY RD,ALMA SCHOOL RD,0,33.40765556,-111.8564111,0,12,1,0,3,2,0,1,1,1,0,1,0,0000000,13,26,13,34,99,99,0,0,0,1,0
4,40495,1,1,0,0,0,2,2,13,490,26,8,2013,2,20,52,0,14,6,APACHE BLVD,TERRACE RD,0,33.41465833,-111.920325,0,33,0,0,3,4,0,4,3,10,0,10,0,0000000,20,52,20,56,21,16,0,0,0,1,1
4,40496,4,4,0,0,0,4,4,13,370,18,7,2013,5,15,38,1,11,1,I-10,,1528,33.41078611,-111.988,0,12,1,0,1,1,0,1,1,1,0,1,0,0000000,15,38,15,50,16,25,0,0,0,1,1
4,40497,2,2,0,0,0,3,3,21,70,3,8,2013,7,18,24,1,11,1,I-10,,1968,32.85262222,-111.6873833,0,12,7,0,1,1,0,1,1,1,0,1,0,0000000,18,23,18,30,19,20,0,0,0,1,0