STATE,ST_CASE,VE_TOTAL,VE_FORMS,PVH_INVL,PEDS,PERNOTMVIT,PERMVIT,PERSONS,COUNTY,CITY,DAY,MONTH,YEAR,DAY_WEEK,HOUR,MINUTE,NHS,ROAD_FNC,ROUTE,TWAY_ID,TWAY_ID2,MILEPT,LATITUDE,LONGITUD,SP_JUR,HARM_EV,MAN_COLL,RELJCT1,RELJCT2,TYP_INT,WRK_ZONE,REL_ROAD,LGT_COND,WEATHER1,WEATHER2,WEATHER,SCH_BUS,RAIL,NOT_HOUR,NOT_MIN,ARR_HOUR,ARR_MIN,HOSP_HR,HOSP_MN,CF1,CF2,CF3,FATALS,DRUNK_DR
4,40499,1,1,0,1,1,1,1,13,370,19,8,2013,2,17,27,0,13,6,19TH AVE,CORTEZ ST,0,33.591075,-112.0996528,0,9,0,0,3,3,0,1,1,1,0,1,0,0000000,99,99,99,99,99,99,0,0,0,1,0
4,40500,2,2,0,0,0,2,2,13,0,1,8,2013,5,8,12,0,4,6,CAREFREE HWY,14TH ST,0,33.79898611,-112.0523556,0,12,6,0,2,2,0,1,1,10,0,10,0,0000000,8,12,8,25,88,88,0,0,0,1,0
4,40501,3,3,0,0,0,6,6,19,530,31,8,2013,7,13,17,0,14,6,CONGRESS ST,WESTMORELAND AVE,0,32.21972222,-110.9923083,0,12,6,0,2,2,0,1,1,1,0,1,0,0000000,88,88,88,88,88,88,0,0,0,1,0
4,40503,2,2,0,0,0,3,3,19,530,1,9,2013,1,20,35,1,13,6,ALVERNON WAY,JUAREZ ST,0,32.20536667,-110.9096639,0,12,6,0,2,2,0,1,3,1,0,1,0,0000000,20,36,20,39,21,0,0,0,0,1,1
4,40505,2,2,0,0,0,4,4,13,290,4,9,2013,4,9,51,0,15,6,ELLSWORTH RD,,0,33.33071944,-111.6354667,0,12,99,0,1,1,0,1,1,1,0,1,0,0000000,9,51,9,55,10,30,0,0,0,3,0
4,40506,5,5,0,0,0,9,9,13,0,7,9,2013,7,11,56,1,1,1,I-17,,2306,33.89304167,-112.1474222,0,12,1,0,1,1,0,1,1,10,0,10,0,0000000,11,56,12,3,13,1,27,0,0,1,0
4,40507,2,2,0,0,0,2,2,19,0,7,9,2013,7,16,43,0,15,9,BOPP RD,,0,32.17726944,-111.0832361,0,12,99,0,1,1,0,1,1,1,0,1,0,0000000,16,43,16,55,17,45,0,0,0,1,1
4,40508,2,2,0,0,0,4,4,13,190,7,9,2013,7,19,13,0,13,6,RAY RD,,0,33.32162222,-111.6886833,0,12,6,0,8,1,0,1,3,1,0,1,0,0000000,19,13,19,18,99,99,0,0,0,1,0
4,40509,1,1,0,0,0,1,1,13,0,6,9,2013,6,23,34,0,4,2,US-60,,1020,33.95031111,-112.8670583,0,42,0,0,1,1,0,4,2,10,0,10,0,0000000,23,40,23,47,1,18,0,0,0,1,1
4,40510,1,1,0,0,0,9,9,13,490,8,9,2013,1,12,25,1,12,2,US-60 RAMP,,1765,33.383575,-111.8921,0,30,0,1,5,1,0,4,1,2,0,2,0,0000000,12,25,12,30,12,55,0,0,0,1,0
4,40511,3,3,0,0,0,5,5,21,0,10,9,2013,3,16,32,0,3,2,US-60,,2317,33.31535556,-111.0366889,0,12,6,0,1,1,0,1,1,1,0,1,0,0000000,16,34,16,50,17,52,14,0,0,2,0
4,40516,2,2,0,1,1,2,2,15,260,13,9,2013,6,18,39,0,15,3,SR-66,THOMPSON AVE,601,35.258225,-113.97165,0,9,0,0,2,3,0,1,5,1,0,1,0,0000000,18,39,18,44,19,0,0,0,0,1,0
4,40517,1,1,0,1,1,1,1,19,530,13,9,2013,6,19,8,1,13,6,MISSION RD,,0,32.19035833,-110.999275,0,8,0,0,1,1,0,1,3,1,0,1,0,0000000,19,8,19,13,19,30,0,0,0,1,0
4,40518,3,3,0,0,0,3,3,13,370,14,9,2013,7,5,3,1,11,1,I-10,,1569,33.36561389,-111.9686639,0,12,1,0,1,1,0,1,3,10,0,10,0,0000000,5,6,5,14,6,18,14,0,0,1,1
4,40519,1,1,0,0,0,3,3,13,0,13,9,2013,6,22,52,0,6,9,CAMELBACK RD,,0,33.50815833,-112.4696389,0,59,0,0,1,1,0,4,2,1,0,1,0,0000000,22,56,23,0,23,40,0,0,0,1,1
4,40520,2,2,0,0,0,6,6,13,60,14,9,2013,7,20,22,1,13,3,SR-85,SOUTHERN AVE,1520,33.39212222,-112.6253361,0,12,6,0,2,2,0,1,2,1,0,1,0,0000000,20,23,20,29,20,50,0,0,0,1,0
4,40521,1,1,0,0,0,5,5,15,0,14,9,2013,7,23,33,1,2,2,US-93,,1106,34.89036667,-113.6513667,0,35,0,0,1,1,0,4,2,1,0,1,0,0000000,23,35,0,9,1,25,0,0,0,2,0
4,40523,2,2,0,0,0,4,4,19,530,15,9,2013,1,8,2,1,11,1,I-10,,2630,32.17369444,-110.9377833,0,12,1,0,1,1,0,1,1,1,0,1,0,0000000,8,2,99,99,99,99,0,0,0,1,1
4,40524,2,2,0,0,0,6,6,13,486,15,9,2013,1,14,46,0,16,6,COTTON LN,WADDELL RD,0,33.60975278,-112.4267278,0,12,6,0,2,2,0,1,1,1,0,1,0,0000000,14,46,14,52,15,40,0,0,0,1,0
4,40525,3,3,0,0,0,5,5,19,530,16,9,2013,2,6,56,1,14,6,IRVINGTON RD,BENSON HWY,0,32.16320556,-110.9357194,0,12,1,0,3,2,0,1,1,1,0,1,0,0000000,6,56,7,2,88,88,0,0,0,1,0
4,40526,1,1,0,0,0,3,3,13,0,16,9,2013,2,13,40,1,1,1,I-10,,1055,33.45527778,-112.7480722,0,42,0,0,1,1,0,3,1,1,0,1,0,0000000,13,40,13,50,15,8,0,0,0,1,0
4,40527,1,1,0,1,1,1,1,5,170,16,9,2013,2,20,10,0,14,6,BUTLER AVE,,0,35.19205833,-111.6399528,0,8,0,0,1,1,0,1,3,1,0,1,0,0000000,20,12,20,14,20,35,0,0,0,1,0
4,40528,3,3,0,1,1,4,4,25,0,18,9,2013,4,3,22,1,1,1,I-17,,2417,34.04760833,-112.1456333,0,12,1,0,1,1,0,1,2,1,0,1,0,0000000,3,28,4,4,4,38,19,0,0,1,0
4,40530,1,1,0,1,1,1,1,13,370,19,9,2013,5,23,7,1,12,2,US-60,35TH AVE,1590,33.49459444,-112.133775,0,9,0,0,3,7,0,1,2,1,0,1,0,0000000,99,99,99,99,99,99,0,0,0,1,0
4,40531,1,1,0,1,1,1,1,13,0,20,9,2013,6,5,5,1,13,2,US-60,,1481,33.59803333,-112.2742556,0,8,0,0,1,1,0,1,2,1,0,1,0,0000000,5,11,5,13,88,88,0,0,0,1,0
4,40532,1,1,0,0,0,1,1,7,0,21,9,2013,7,8,56,1,2,3,SR-87,,2247,33.94569444,-111.4413944,0,24,0,0,1,1,0,4,1,10,0,10,0,0000000,8,58,9,26,88,88,0,0,0,1,0
4,40533,1,1,0,0,0,1,1,19,0,22,9,2013,1,3,36,0,14,3,SR-86,,1695,32.17709444,-111.0174417,0,52,0,0,1,1,0,4,2,1,0,1,0,0000000,3,37,3,52,4,18,0,0,0,1,1
4,40534,1,1,0,0,0,1,1,25,0,22,9,2013,1,18,55,1,1,1,I-17,,3067,34.76740833,-111.650975,0,42,0,0,1,1,0,4,2,1,0,1,0,0000000,18,55,19,20,20,15,0,0,0,1,0
4,40535,1,1,0,0,0,2,2,13,30,27,9,2013,6,1,47,0,16,6,WHYMAN AVE,112TH LN,0,33.42536944,-112.3011528,0,33,0,0,3,3,0,4,3,1,0,1,0,0000000,1,47,1,53,2,27,0,0,0,1,1
4,40536,1,1,0,0,0,1,1,13,370,29,9,2013,1,23,46,1,11,1,I-10,,1398,33.4629,-112.1668389,0,1,0,1,19,1,0,4,3,1,0,1,0,0000000,22,35,22,40,23,5,0,0,0,1,1
4,40537,1,1,0,1,1,1,1,1,0,27,7,2013,7,23,58,0,3,3,SR-264,,4350,35.78288333,-109.7178028,3,8,0,0,1,1,0,1,6,98,0,98,0,0000000,99,99,99,99,88,88,0,0,0,1,0
4,40538,1,1,0,0,0,1,1,13,0,8,9,2013,1,10,24,1,2,3,SR-87,,2098,33.75733889,-111.4974333,0,1,0,0,1,1,0,3,1,1,0,1,0,0000000,10,34,10,58,88,88,0,0,0,1,0
4,40539,1,1,0,0,0,1,1,7,0,28,9,2013,7,20,18,0,3,3,SR-77,,1589,33.21739722,-110.7949806,0,34,0,0,1,1,0,4,2,1,0,1,0,0000000,20,28,20,30,88,88,0,0,0,1,1
4,40540,2,2,0,0,0,2,2,19,0,23,3,2013,7,22,23,1,1,1,I-10,,2830,31.99911944,-110.6699389,0,12,1,0,1,1,0,1,2,1,0,1,0,0000000,22,23,22,35,23,42,0,0,0,1,1
4,40541,2,2,0,0,0,4,4,13,0,11,7,2013,5,20,24,1,11,1,I-17,,2198,33.73833611,-112.1229889,0,12,1,0,1,1,0,1,3,1,0,1,0,0000000,20,28,20,34,21,14,0,0,0,1,1
4,40543,1,1,0,0,0,13,13,21,0,10,8,2013,7,7,34,1,1,1,I-10,,2197,32.64884722,-111.3954333,0,1,0,1,19,1,0,3,1,1,0,1,0,0000000,7,34,7,50,99,99,0,0,0,1,0
4,40544,3,3,0,0,0,5,5,15,0,10,8,2013,7,13,51,0,4,3,SR-66,BOULDER RD,742,35.416375,-113.8170333,0,12,1,0,3,3,0,1,1,1,0,1,0,0000000,13,50,14,5,14,43,0,0,0,1,0
4,40545,1,1,0,0,0,2,2,21,0,25,8,2013,1,7,0,1,1,1,I-10,,1794,33.07408333,-111.8084778,3,1,0,0,1,1,0,3,1,1,0,1,0,0000000,7,0,7,12,8,15,0,0,0,1,0
4,40546,2,2,0,0,0,3,3,21,0,12,9,2013,5,17,55,1,1,1,I-10,,1765,33.10973333,-111.8359194,3,12,2,0,1,1,0,1,1,1,0,1,0,0000000,17,55,18,2,18,52,0,0,0,1,0
4,40547,1,1,0,1,1,1,1,13,370,5,8,2013,2,19,43,0,13,6,THUNDERBIRD RD,,0,33.61083333,-112.1201056,0,8,0,0,1,1,0,1,5,1,0,1,0,0000000,19,43,19,48,88,88,0,0,0,1,0
4,40548,3,3,0,0,0,4,4,13,370,7,9,2013,7,10,41,0,14,6,VAN BUREN ST,52ND ST,0,33.45089722,-111.96975,0,12,6,0,2,2,0,1,1,10,0,10,0,0000000,99,99,99,99,99,99,0,0,0,1,0
4,40549,1,1,0,3,3,1,1,19,530,29,9,2013,1,18,30,0,13,6,SPEEDWAY BLVD,ALVERNON WAY,0,32.23609167,-110.9095611,0,8,0,0,3,2,0,1,5,1,0,1,0,0000000,6,32,6,37,99,99,0,0,0,1,0
4,40550,1,1,0,1,1,1,1,13,370,1,8,2013,5,3,38,0,13,6,THOMAS RD,,0,33.480525,-112.1628028,0,8,0,0,1,1,0,1,3,1,0,1,0,0000000,3,41,3,44,4,3,0,0,0,1,0
4,40551,2,2,0,0,0,9,9,13,370,3,8,2013,7,15,34,0,13,6,CENTRAL AVE,BROADWAY RD,0,33.40669444,-112.0733333,0,12,6,0,2,2,0,1,1,1,0,1,0,0000000,15,34,15,37,99,99,0,0,0,1,0
4,40552,2,2,0,0,0,5,5,1,0,4,8,2013,1,10,0,0,3,3,SR-264,BIA 27,4482,35.71049167,-109.51675,3,12,6,0,2,2,0,1,1,1,0,1,0,0000000,10,1,10,10,10,21,0,0,0,1,0
4,40553,1,1,0,0,0,1,1,13,80,4,8,2013,1,11,55,0,16,6,CALLE SEGUNDA,AVENIDA TERCERA,0,33.30390556,-111.9078417,0,33,0,0,3,10,0,4,1,1,0,1,0,0000000,99,99,99,99,88,88,0,0,0,1,1
4,40554,1,1,0,0,0,1,1,5,0,5,8,2013,2,99,99,0,4,8,BIA 15,,0,99.99990000,999.99990000,3,1,0,0,99,99,0,99,9,99,0,99,0,0000000,99,99,99,99,99,99,0,0,0,1,0
4,40555,2,2,0,0,0,8,8,13,370,5,8,2013,2,7,4,0,15,6,SOUTHERN AVE,,0,33.39195,-112.1796139,0,12,6,0,1,1,0,1,1,1,0,1,0,0000000,7,20,7,34,8,1,0,0,0,4,0
4,40556,2,2,0,0,0,4,4,13,370,6,8,2013,3,15,22,0,13,6,BUCKEYE RD,65TH AVE,0,33.43713889,-112.1981472,0,12,2,0,3,3,0,1,1,1,0,1,0,0000000,99,99,99,99,99,99,0,0,0,1,0
4,40557,1,1,0,1,1,1,1,5,0,9,8,2013,6,99,99,0,4,8,BIA 15,,0,99.99990000,999.99990000,3,8,0,0,99,99,0,99,9,99,0,99,0,0000000,99,99,99,99,88,88,0,0,0,1,0
4,40558,1,1,0,0,0,9,9,21,0,10,8,2013,7,23,48,0,6,6,MOUNTAIN VISTA BLVD,MORGAN LN,0,33.18948889,-111.6012806,0,1,0,0,2,3,0,1,3,10,0,10,0,0000000,23,48,23,50,0,14,0,0,0,1,0
4,40559,2,2,0,0,0,2,2,13,200,11,8,2013,1,19,5,0,16,6,67TH AVE,MISSOURI AVE,0,33.516575,-112.2031222,0,12,1,0,3,2,0,1,1,1,0,1,0,0000000,19,5,19,9,99,99,0,0,0,1,1
4,40560,1,1,0,0,0,1,1,5,0,13,8,2013,3,19,46,0,6,8,BIA 20,,0,99.99990000,999.99990000,3,1,0,0,99,99,0,99,9,99,0,99,0,0000000,99,99,99,99,88,88,0,0,0,1,0
4,40561,1,1,0,1,1,2,2,13,370,13,8,2013,3,20,44,0,13,6,CACTUS RD,,0,33.59707778,-112.0137833,0,8,0,0,1,1,0,1,3,1,0,1,0,0000000,20,45,20,48,21,3,0,0,0,1,0
4,40562,1,1,0,1,1,1,1,17,489,15,8,2013,5,19,50,0,2,3,SR-77,,99999,99.99990000,999.99990000,0,8,0,0,1,1,0,1,9,99,0,99,0,0000000,99,99,99,99,88,88,0,0,0,1,0
4,40563,2,2,0,0,0,2,2,13,0,16,8,2013,6,17,21,0,4,9,CAVE CREEK RD,NEW RIVER RD,0,33.80715278,-111.9587972,0,12,6,0,2,2,0,1,1,1,0,1,0,0000000,99,99,99,99,99,99,0,0,0,1,0
4,40564,1,1,0,1,1,1,1,13,370,16,8,2013,6,20,1,0,14,6,MCDOWELL RD,,0,33.46588056,-112.1985028,0,8,0,0,1,1,0,1,3,1,0,1,0,0000000,20,1,20,6,20,22,0,0,0,1,1
4,40565,1,1,0,0,0,1,1,13,370,17,8,2013,7,3,53,0,15,6,CAVE CREEK RD,,0,33.77938333,-111.9759833,0,33,0,0,1,1,0,3,3,1,0,1,0,0000000,99,99,99,99,99,99,0,0,0,1,1
4,40566,3,3,0,0,0,6,6,13,490,17,8,2013,7,14,22,0,13,6,RURAL RD,,0,33.37898611,-111.9285722,0,12,7,0,1,1,0,1,1,1,0,1,0,0000000,14,23,14,29,14,56,0,0,0,2,0
4,40567,3,3,0,0,0,5,5,13,490,22,8,2013,5,12,28,0,13,6,BASELINE RD,HARDY DR,0,33.3782,-111.9524389,0,12,1,0,3,2,0,1,1,1,0,1,0,0000000,12,29,99,99,99,99,0,0,0,1,0
4,40568,1,1,0,1,1,1,1,13,80,23,8,2013,6,22,42,0,13,6,ARIZONA AVE,,0,33.29583333,-111.8416222,0,8,0,0,1,1,0,1,3,1,0,1,0,0000000,99,99,99,99,88,88,0,0,0,1,0
4,40569,2,2,0,0,0,3,3,13,80,24,8,2013,7,18,8,0,13,6,ALMA SCHOOL RD,,0,33.34884167,-111.8590917,0,12,6,0,8,1,0,1,1,10,0,10,0,0000000,99,99,99,99,99,99,0,0,0,1,1
4,40570,2,2,0,0,0,3,3,13,370,25,8,2013,1,4,28,0,13,6,INDIAN SCHOOL RD,,0,33.49478889,-112.031775,0,12,2,0,1,1,0,1,3,1,0,1,0,0000000,4,30,4,33,4,58,0,0,0,1,2
4,40571,1,1,0,0,0,2,2,13,370,28,8,2013,4,22,25,0,13,6,19TH AVE,,0,33.43216389,-112.0998861,0,33,0,0,1,1,0,4,3,1,0,1,0,0000000,99,99,99,99,99,99,0,0,0,1,0
4,40572,2,2,0,0,0,3,3,13,370,29,8,2013,5,13,1,0,13,6,INDIAN SCHOOL RD,43RD AVE,0,33.49490278,-112.1516778,0,12,6,0,2,2,0,1,1,1,0,1,0,0000000,99,99,99,99,99,99,0,0,0,2,1
4,40573,1,1,0,1,1,1,1,13,200,29,8,2013,5,19,43,0,13,6,CAMELBACK RD,,0,33.50896111,-112.2197444,0,8,0,0,1,1,0,1,3,1,0,1,0,0000000,19,44,19,47,20,16,0,0,0,1,0
4,40574,2,2,0,1,1,3,3,13,370,30,8,2013,6,21,54,0,13,6,GREENWAY PKWY,16TH ST,0,33.63626389,-112.0482083,0,8,0,0,3,2,0,1,3,1,0,1,0,0000000,21,55,21,58,22,15,0,0,0,1,0
4,40575,1,1,0,0,0,5,5,13,370,8,9,2013,1,4,57,0,13,6,7TH ST,,0,33.44588056,-112.0650333,0,1,0,0,1,1,0,1,3,10,0,10,0,0000000,4,59,5,3,5,14,0,0,0,1,1
4,40577,1,1,0,0,0,1,1,13,370,21,9,2013,7,13,25,1,11,1,I-17 RAMP,,2120,33.63772222,-112.1152972,0,41,0,1,5,1,0,4,1,1,0,1,0,0000000,13,27,13,36,13,50,0,0,0,1,0
4,40579,2,2,0,0,0,5,5,13,368,30,9,2013,2,19,17,0,13,2,US-60,75TH AVE,1520,33.56682222,-112.2203111,0,12,6,0,2,7,0,1,3,1,0,1,0,0000000,19,19,19,23,19,51,0,0,0,1,0
4,40580,3,3,0,0,0,4,4,13,370,28,7,2013,1,8,41,1,11,1,I-10,,1373,33.4629,-112.2054722,0,12,1,1,18,1,0,1,1,1,0,1,0,0000000,8,42,8,46,9,30,14,0,0,1,1
4,40581,2,2,0,0,0,2,2,21,70,23,9,2013,2,10,11,1,11,1,I-10,,1874,32.977575,-111.7322722,0,18,0,0,1,1,0,3,1,1,0,1,0,0000000,10,16,10,28,11,0,0,0,0,1,0
4,40582,1,1,0,1,1,1,1,21,22,5,9,2013,5,5,31,0,14,6,SUPERSTITION BLVD,,0,33.42235,-111.5754944,0,9,0,0,1,1,0,1,2,1,0,1,0,0000000,99,99,99,99,88,88,0,0,0,1,0
4,40583,1,1,0,0,0,1,1,19,0,9,9,2013,2,12,30,0,3,3,SR-86,,549,32.24233056,-112.7258083,3,1,0,0,1,1,0,4,1,10,0,10,0,0000000,99,99,99,99,99,99,0,0,0,1,0
4,40584,2,2,0,0,0,2,2,21,0,4,9,2013,4,6,17,0,5,9,SELMA HWY,CURRY RD,0,32.85038056,-111.6021417,0,1,0,0,2,4,0,1,1,1,0,1,0,0000000,6,21,6,34,6,59,0,0,0,1,0
4,40585,2,2,0,0,0,5,5,17,429,2,10,2013,4,11,34,1,13,2,US-60,,3412,34.25295,-110.0355389,0,12,6,0,8,1,0,1,1,1,0,1,0,0000000,11,34,11,35,12,0,0,0,0,1,0
4,40586,2,2,0,0,0,11,11,21,0,2,10,2013,4,19,34,1,1,1,I-10,,2229,32.61521389,-111.3579139,0,5,0,0,1,1,0,1,2,10,0,10,0,0000000,19,34,20,0,88,88,14,0,0,1,0
4,40587,1,1,0,0,0,5,5,19,530,5,10,2013,7,3,53,1,13,6,VALENCIA RD,,0,32.13404167,-110.98295,0,33,0,0,1,1,0,3,3,1,0,1,0,0000000,99,99,99,99,99,99,0,0,0,1,1
4,40588,1,1,0,0,0,1,1,25,0,5,10,2013,7,18,5,0,3,3,SR-89A,,3659,34.83581111,-111.8896222,0,41,0,0,1,1,0,3,1,1,0,1,0,0000000,18,6,18,15,88,88,0,0,0,1,0
4,40589,1,1,0,1,1,1,1,19,530,5,10,2013,7,18,28,1,13,6,GOLF LINKS RD,CALLE YUCATAN,0,32.192025,-110.8370778,0,9,0,0,2,2,0,1,5,1,0,1,0,0000000,18,28,18,38,99,99,0,0,0,1,0
4,40590,2,2,0,0,0,3,3,13,370,6,10,2013,1,4,26,1,12,3,SR-51,,136,33.64074722,-112.0030944,0,12,2,1,18,1,0,1,3,1,0,1,0,0000000,4,27,4,36,5,14,0,0,0,1,1
4,40591,1,1,0,0,0,1,1,19,0,8,10,2013,3,15,59,0,4,9,ARIVACA RD,,0,31.71143056,-111.1693278,0,1,0,0,1,1,0,4,1,1,0,1,0,0000000,16,1,16,18,88,88,0,0,0,1,0
4,40592,1,1,0,1,1,1,1,13,370,8,10,2013,3,17,26,0,14,6,UNION HILLS DR,39TH AVE,0,33.65459167,-112.1431667,0,9,0,0,3,2,0,1,1,1,0,1,0,0000000,99,99,99,99,99,99,0,0,0,1,0
4,40593,2,2,0,0,0,2,2,13,290,10,10,2013,5,20,43,0,14,6,ELLSWORTH RD,BASELINE RD,0,33.37911111,-111.6362889,0,12,6,0,2,2,0,1,3,1,0,1,0,0000000,99,99,99,99,88,88,0,0,0,1,0
4,40594,2,2,0,0,0,4,4,7,365,14,10,2013,2,10,48,1,13,3,SR-87,MAIN ST,2518,34.23061389,-111.3252583,0,12,7,0,2,2,0,1,1,1,0,1,0,0000000,99,99,99,99,99,99,0,0,0,1,0
4,40595,1,1,0,0,0,1,1,25,0,18,10,2013,6,8,25,1,13,3,SR-69,ROBIN DR,2917,34.55786944,-112.3802389,0,46,0,0,3,3,0,4,1,1,0,1,0,0000000,8,26,8,36,88,88,0,0,0,1,0
4,40597,1,1,0,1,1,1,1,19,530,19,10,2013,7,14,59,0,13,6,SPEEDWAY BLVD,RICHEY BLVD,0,32.23609167,-110.9161278,0,8,0,0,3,2,0,1,1,1,0,1,0,0000000,14,59,15,7,88,88,0,0,0,1,1
4,40598,2,2,0,0,0,6,6,19,0,19,10,2013,7,15,28,0,6,6,WENTZ RD,KIRBY HUGHES RD,0,32.47496111,-111.2513306,0,12,6,0,2,2,0,1,1,1,0,1,0,0000000,15,28,15,37,99,99,0,0,0,1,0
4,40600,1,1,0,0,0,1,1,25,0,24,10,2013,5,21,7,1,1,1,I-17,,2694,34.41074722,-112.070375,0,35,0,0,1,1,0,4,2,1,0,1,0,0000000,9,16,9,26,88,88,0,0,0,1,0
4,40601,1,1,0,0,0,1,1,13,370,25,10,2013,6,23,53,1,1,1,I-17,,2214,33.76126944,-112.1278722,0,25,0,0,1,1,0,3,3,1,0,1,0,0000000,23,53,23,53,0,26,0,0,0,1,1
4,40602,1,1,0,0,0,3,3,13,30,27,10,2013,1,18,43,1,11,1,I-10,,1312,33.45773333,-112.3150389,0,1,0,0,1,1,0,4,3,1,0,1,0,0000000,18,43,18,53,19,45,0,0,0,1,0
4,40603,1,1,0,0,0,1,1,13,0,31,10,2013,5,13,20,1,1,1,I-10,,827,33.53184167,-113.1307778,0,1,0,0,1,1,0,3,1,1,0,1,0,0000000,13,24,13,35,88,88,0,0,0,1,0
4,40604,2,2,0,0,0,6,6,13,486,27,10,2013,1,18,54,1,2,2,US-60,PATTON RD,1323,33.74069722,-112.4807667,0,12,1,0,3,3,0,1,2,1,0,1,0,0000000,18,59,19,10,19,20,0,0,0,1,1
4,40605,2,2,0,0,0,2,2,13,200,26,9,2013,5,3,31,0,13,6,OLIVE AVE,47TH AVE,0,33.56751111,-112.1602833,0,12,99,0,2,2,0,1,3,10,0,10,0,0000000,3,32,3,37,3,58,0,0,0,1,0
4,40606,1,1,0,0,0,1,1,3,0,27,10,2013,1,18,9,0,6,9,FRONTIER RD,,0,31.576775,-109.7493722,0,11,0,0,1,1,0,1,2,1,0,1,0,0000000,99,99,99,99,99,99,0,0,0,1,0
4,40607,1,1,0,0,0,4,4,13,420,17,6,2013,2,23,2,1,12,3,SR-101,,355,33.65488056,-111.9088111,0,30,0,1,19,1,0,4,3,1,0,1,0,0000000,23,3,23,7,23,41,0,0,0,1,0
4,40608,1,1,0,0,0,1,1,7,365,8,9,2013,1,18,9,0,15,6,FOREST DR,,0,34.25010556,-111.3245417,0,32,0,0,1,1,0,4,1,10,0,10,0,0000000,18,12,18,17,88,88,0,0,0,1,1
4,40609,1,1,0,0,0,1,1,19,295,2,9,2013,2,99,99,0,14,6,CORTARO FARMS RD,,0,99.99990000,999.99990000,0,1,0,0,99,99,0,99,6,99,0,99,0,0000000,99,99,99,99,99,99,0,0,0,1,1
4,40610,2,2,0,0,0,2,2,13,370,3,9,2013,3,8,22,0,13,6,THUNDERBIRD RD,41ST AVE,0,33.61081389,-112.1464,0,12,6,0,2,3,0,1,1,1,0,1,0,0000000,8,22,8,29,8,41,0,0,0,1,0
4,40611,1,1,0,0,0,2,2,19,295,4,9,2013,4,99,99,0,15,6,TWIN PEAKS RD,I-10 RAMP,0,32.42407778,-111.1639667,0,33,0,1,3,2,0,3,1,1,0,1,0,0000000,99,99,99,99,99,99,0,0,0,1,0
4,40613,1,1,0,0,0,1,1,13,370,7,9,2013,7,23,9,0,13,6,43RD AVE,,0,33.44415556,-112.1518361,0,33,0,0,1,1,0,3,3,10,0,10,0,025491X,23,10,23,14,88,88,0,0,0,1,1
4,40614,2,2,0,0,0,2,2,13,370,9,9,2013,2,6,56,0,13,6,32ND ST,UNION HILLS DR,0,33.65511111,-112.0136167,0,12,6,0,2,2,0,1,1,2,0,2,1,0000000,99,99,99,99,99,99,0,0,0,1,0
4,40615,2,2,0,0,0,5,5,13,370,11,9,2013,4,5,46,0,13,6,7TH ST,NORTHERN AVE,0,33.55272778,-112.0652083,0,12,6,0,2,2,0,1,4,1,0,1,0,0000000,5,46,5,50,99,99,0,0,0,1,0
4,40616,1,1,0,1,1,1,1,13,370,11,9,2013,4,17,38,0,15,6,CENTRAL AVE,THOMAS RD,0,33.48029444,-112.0739028,0,8,0,0,3,2,0,1,1,1,0,1,0,0000000,99,99,99,99,99,99,0,0,0,1,0
4,40617,2,2,0,1,1,4,4,13,370,15,9,2013,1,17,54,0,14,6,MCDOWELL RD,15TH AVE,0,33.46579722,-112.0912889,0,12,6,0,2,2,0,1,1,1,0,1,0,0000000,99,99,99,99,99,99,15,0,0,1,0
4,40618,4,4,0,0,0,6,6,13,370,19,9,2013,5,17,43,0,13,6,INDIAN SCHOOL RD,,0,33.494575,-111.9756167,0,12,6,0,1,1,0,1,1,1,0,1,0,0000000,17,45,17,49,18,10,28,0,0,1,1
4,40619,1,1,0,0,0,2,2,21,0,20,9,2013,6,18,20,0,6,9,RALSTON RD,,0,99.99990000,999.99990000,0,1,0,0,1,1,0,6,9,99,0,99,0,0000000,99,99,99,99,99,99,0,0,0,1,1
4,40620,1,1,0,0,0,1,1,21,0,21,9,2013,7,17,20,0,6,9,BONNIE LN,,0,33.14896111,-111.5898889,0,1,0,0,1,1,0,1,1,1,0,1,0,0000000,17,25,17,35,18,0,0,0,0,1,0
4,40621,1,1,0,1,1,1,1,13,370,21,9,2013,7,5,21,0,13,6,GREENWAY RD,40TH ST,0,33.62647778,-111.9960167,0,15,0,0,3,2,0,1,3,1,0,1,0,0000000,5,1,5,5,5,27,0,0,0,1,0
4,40622,1,1,0,0,0,2,2,21,0,23,9,2013,2,9,52,0,4,9,IRONWOOD DR,,0,33.29971111,-111.5634667,0,1,0,0,1,1,0,3,1,1,0,1,0,0000000,9,52,9,55,99,99,0,0,0,1,1
4,40624,1,1,0,1,1,2,2,25,120,1,11,2013,6,2,53,0,4,6,CORNVILLE RD,,0,34.73249444,-111.9769389,0,8,0,0,1,1,0,1,2,1,0,1,0,0000000,2,53,2,59,3,15,19,0,0,1,0
4,40625,1,1,0,1,1,1,1,13,290,1,11,2013,6,18,24,0,15,6,CENTER ST,9TH PL,0,33.432525,-111.8313028,0,8,0,0,3,2,0,1,3,1,0,1,0,0000000,18,23,18,27,88,88,0,0,0,1,0
4,40626,1,1,0,0,0,1,1,3,0,1,11,2013,6,19,20,0,6,9,SANDERS RD,BOWERS RD,0,31.69370833,-110.24995,0,59,0,0,3,4,0,4,2,1,0,1,0,0000000,19,18,19,27,88,88,0,0,0,1,1
4,40627,1,1,0,0,0,5,5,19,0,2,11,2013,7,15,10,0,5,8,BIA 34,,0,99.99990000,999.99990000,3,1,0,0,1,1,0,1,1,1,0,1,0,0000000,15,33,16,16,17,20,0,0,0,1,0