STATE,ST_CASE,VE_TOTAL,VE_FORMS,PVH_INVL,PEDS,PERNOTMVIT,PERMVIT,PERSONS,COUNTY,CITY,DAY,MONTH,YEAR,DAY_WEEK,HOUR,MINUTE,NHS,ROAD_FNC,ROUTE,TWAY_ID,TWAY_ID2,MILEPT,LATITUDE,LONGITUD,SP_JUR,HARM_EV,MAN_COLL,RELJCT1,RELJCT2,TYP_INT,WRK_ZONE,REL_ROAD,LGT_COND,WEATHER1,WEATHER2,WEATHER,SCH_BUS,RAIL,NOT_HOUR,NOT_MIN,ARR_HOUR,ARR_MIN,HOSP_HR,HOSP_MN,CF1,CF2,CF3,FATALS,DRUNK_DR
4,40628,2,2,0,0,0,3,3,25,65,2,11,2013,7,18,22,0,3,3,SR-260,,2184,34.58176389,-111.8858667,0,12,1,0,8,1,0,1,2,1,0,1,0,0000000,18,24,18,30,19,26,0,0,0,2,1
4,40629,1,1,0,0,0,1,1,19,0,3,11,2013,1,22,50,1,1,1,I-19 FRONTAGE RD,,312,31.74183889,-111.0480472,0,1,0,0,1,1,0,4,2,1,0,1,0,0000000,22,51,22,58,88,88,0,0,0,1,1
4,40631,2,2,0,0,0,2,2,13,0,12,11,2013,3,6,57,1,12,3,SR-101,,505,33.451625,-111.8902139,3,12,1,1,18,1,0,1,4,1,0,1,0,0000000,6,57,7,5,7,35,0,0,0,1,0
4,40632,1,1,0,0,0,1,1,21,22,13,11,2013,4,16,43,0,4,6,IRONWOOD DR,,0,33.37346111,-111.56285,0,43,0,0,1,1,0,4,5,1,0,1,0,0000000,16,43,16,50,88,88,0,0,0,1,1
4,40634,2,2,0,0,0,2,2,13,30,14,11,2013,5,18,30,1,11,7,I-10 FRONTAGE RD,,1334,33.46101667,-112.2768583,0,12,1,0,1,1,0,1,3,1,0,1,0,0000000,18,31,18,36,18,58,0,0,0,1,0
4,40635,1,1,0,0,0,1,1,13,190,15,11,2013,6,15,46,0,14,6,WARNER RD,,0,33.33528056,-111.8119028,0,33,0,0,1,1,0,4,1,1,0,1,0,0000000,15,48,15,52,88,88,0,0,0,1,0
4,40636,2,2,0,0,0,2,2,19,530,16,11,2013,7,16,35,1,13,3,SR-86,,1720,32.17781111,-110.9751194,0,12,2,0,8,1,0,1,1,1,0,1,0,0000000,16,36,16,39,99,99,0,0,0,1,0
4,40637,1,1,0,0,0,2,2,13,0,17,11,2013,1,10,19,1,1,1,I-10,,947,33.49551944,-112.9279833,0,1,0,0,1,1,0,4,1,1,0,1,0,0000000,10,20,10,43,11,40,0,0,0,1,0
4,40638,1,1,0,1,1,1,1,19,530,17,11,2013,1,18,35,0,13,9,PALO VERDE RD,36TH ST ACESS,0,32.18876667,-110.9171222,0,9,0,0,2,2,0,1,3,1,0,1,0,0000000,18,35,18,35,19,10,0,0,0,1,0
4,40639,2,2,0,1,1,2,2,13,370,22,11,2013,6,17,51,0,14,6,MCDOWELL RD,,0,33.46570278,-112.0671694,0,8,0,0,1,1,0,1,3,2,0,2,0,0000000,99,99,99,99,99,99,0,0,0,1,0
4,40640,1,1,0,1,1,1,1,19,530,26,11,2013,3,20,26,0,14,6,PRINCE RD,,0,32.27203611,-110.985775,0,8,0,0,1,1,0,1,3,1,0,1,0,0000000,20,25,20,27,20,40,0,0,0,1,0
4,40641,3,3,0,0,0,6,6,19,530,27,11,2013,4,22,27,1,13,3,SR-77,WETMORE RD,712,32.28648056,-110.9781167,0,12,6,0,2,2,0,1,3,1,0,1,0,0000000,22,48,22,55,23,11,0,0,0,1,0
4,40643,1,1,0,1,1,2,2,19,0,30,11,2013,7,22,6,0,15,9,CAMINO DE OESTE,,0,32.12294444,-111.0630139,0,8,0,0,1,1,0,1,3,1,0,1,0,0000000,22,9,22,14,22,55,0,0,0,1,1
4,40644,1,1,0,1,1,1,1,19,530,11,10,2013,6,21,10,0,13,6,22ND ST,ALAMO AVE,0,32.20705833,-110.8623472,0,8,0,0,3,2,0,1,3,1,0,1,0,0000000,21,10,21,13,21,32,0,0,0,1,0
4,40645,2,2,0,0,0,3,3,25,0,30,10,2013,4,20,18,0,4,9,IRON SPRINGS RD,,0,34.58455833,-112.5581,0,12,2,0,1,1,0,1,2,1,0,1,0,0000000,20,23,20,31,20,58,0,0,0,2,1
4,40646,3,3,0,0,0,3,3,13,490,4,9,2013,4,22,55,1,12,2,US-60,,1763,33.38581667,-111.8940694,0,12,6,1,18,1,0,1,3,1,0,1,0,0000000,23,1,23,13,99,99,19,0,0,1,0
4,40647,4,4,0,0,0,5,5,13,370,6,9,2013,6,6,37,1,12,3,SR-101,,246,33.66948333,-112.0930139,0,12,1,1,18,1,0,1,1,1,0,1,0,0000000,6,39,6,47,99,99,0,0,0,1,0
4,40648,1,1,0,0,0,1,1,13,60,7,9,2013,7,4,41,1,11,1,I-10,,1129,33.42748056,-112.6235722,0,21,0,1,19,1,0,3,2,1,0,1,0,0000000,4,41,4,49,88,88,0,0,0,1,0
4,40649,1,1,0,0,0,3,3,21,160,11,9,2013,4,20,24,1,1,1,I-10,,2010,32.802,-111.659125,0,1,0,0,1,1,0,4,2,1,0,1,0,0000000,20,27,20,34,21,38,0,0,0,2,0
4,40650,2,2,0,0,0,3,3,17,0,13,9,2013,6,13,18,0,3,3,SR-260,BRANDING IRON LOOP,3559,34.10476111,-109.9107528,0,12,6,0,2,3,0,1,1,10,0,10,0,0000000,13,21,13,24,88,88,0,0,0,1,0
4,40651,1,1,0,0,0,1,1,15,0,15,9,2013,1,14,23,1,1,1,I-40,,739,35.16219167,-113.6626778,0,1,0,0,1,1,0,3,1,1,0,1,0,0000000,14,25,14,39,88,88,0,0,0,1,0
4,40652,2,2,0,0,0,2,2,13,290,17,9,2013,3,6,53,1,12,2,US-60,,1908,33.38675,-111.6423278,0,12,7,1,18,1,0,1,4,1,0,1,0,0000000,6,53,6,59,88,88,0,0,0,1,0
4,40653,1,1,0,1,1,1,1,13,0,19,9,2013,5,21,40,1,12,3,SR-101 RAMP,,472,33.49783056,-111.8876028,3,8,0,1,20,1,0,1,3,1,0,1,0,0000000,21,40,21,41,88,88,0,0,0,1,0
4,40654,2,2,0,0,0,2,2,12,413,7,10,2013,2,5,59,0,4,2,US-60,,570,33.78628889,-113.6065,0,12,6,0,1,1,0,1,4,1,0,1,0,0000000,6,1,6,7,99,99,0,0,0,1,0
4,40656,3,3,0,0,0,6,6,13,490,10,10,2013,5,17,8,1,12,2,US-60,,1728,33.38569444,-111.95405,0,25,0,0,1,1,0,4,5,1,0,1,0,0000000,17,11,17,15,17,45,14,0,0,1,0
4,40657,2,2,0,0,0,2,2,13,420,17,10,2013,5,14,16,0,13,6,SHEA BLVD,102ND ST,0,33.58242222,-111.8609444,0,12,6,0,2,3,0,1,1,1,0,1,0,0000000,14,17,14,21,14,49,0,0,0,1,0
4,40659,2,2,0,0,0,5,5,25,0,23,10,2013,4,7,48,0,6,9,OUTER LOOP RD,,0,34.69547778,-112.5019722,0,12,2,0,1,1,0,1,1,1,0,1,0,0000000,7,50,7,55,8,49,0,0,0,3,0
4,40661,1,1,0,1,1,1,1,17,0,25,10,2013,6,15,26,1,2,2,US-160,,3908,36.70038333,-110.29535,3,9,0,0,1,1,0,1,1,1,0,1,0,0000000,15,26,15,30,88,88,0,0,0,1,1
4,40663,1,1,0,0,0,2,2,15,0,31,10,2013,5,14,9,1,2,2,US-93,,1175,34.7935,-113.6230778,0,1,0,0,1,1,0,4,1,1,0,1,0,0000000,14,18,14,50,16,18,0,0,0,1,0
4,40664,4,4,0,0,0,7,7,13,370,11,11,2013,2,17,57,1,12,3,SR-101,,34,33.48670833,-112.2640111,0,12,1,0,1,1,0,1,3,1,0,1,0,0000000,17,59,18,2,19,1,26,0,0,1,0
4,40665,1,1,0,0,0,1,1,13,322,15,11,2013,6,22,14,1,2,2,US-60,,1206,33.85873333,-112.6271472,0,1,0,0,1,1,0,4,2,1,0,1,0,0000000,22,15,22,23,88,88,0,0,0,1,0
4,40666,2,2,0,0,0,2,2,13,0,15,11,2013,6,22,31,1,2,3,SR-85,,1446,33.28549444,-112.6298,0,12,2,0,1,1,0,1,2,1,0,1,0,0000000,22,32,22,44,88,88,0,0,0,1,0
4,40667,1,1,0,0,0,2,2,13,370,30,11,2013,7,4,23,1,11,1,I-10 RAMP,,1434,33.46291944,-112.1077222,0,25,0,1,5,1,0,4,3,1,0,1,0,0000000,4,22,4,28,88,88,0,0,0,2,1
4,40668,1,1,0,1,1,1,1,13,370,1,10,2013,3,19,1,0,13,6,THOMAS RD,33RD AVE,0,33.48048056,-112.1299806,0,8,0,0,3,2,0,1,3,1,0,1,0,0000000,19,2,19,5,88,88,0,0,0,1,0
4,40669,1,1,0,1,1,2,2,13,370,3,10,2013,5,17,39,0,14,6,MCDOWELL RD,,0,33.46595,-112.1280722,0,9,0,0,1,1,0,1,5,1,0,1,0,0000000,99,99,99,99,88,88,0,0,0,1,0
4,40670,1,1,0,1,1,3,3,13,490,3,10,2013,5,22,24,0,13,6,UNIVERSITY DR,SMITH DR,0,33.42208889,-111.9004861,0,9,0,0,2,2,0,1,3,1,0,1,0,0000000,99,99,99,99,99,99,0,0,0,1,0
4,40671,1,1,0,0,0,1,1,17,0,5,10,2013,7,99,99,1,2,3,SR-260,,3080,34.39042778,-110.5521917,0,99,0,0,99,99,0,99,9,99,0,99,0,0000000,99,99,99,99,88,88,0,0,0,1,0
4,40672,2,2,0,0,0,6,6,13,370,5,10,2013,7,19,16,0,16,6,31ST AVE,,0,33.61921944,-112.124825,0,12,6,0,1,1,0,1,3,1,0,1,0,0000000,99,99,99,99,99,99,0,0,0,1,0
4,40675,1,1,0,1,1,1,1,7,0,9,10,2013,4,23,29,0,3,2,US-70,,2580,33.35671111,-110.6751194,3,8,0,0,1,1,0,1,6,98,0,98,0,0000000,99,99,99,99,88,88,0,0,0,1,0
4,40676,1,1,0,0,0,1,1,3,431,11,10,2013,6,20,44,0,15,6,LENZER AVE,,0,31.54181944,-110.2828861,0,1,0,0,1,1,0,1,2,1,0,1,0,0000000,20,46,20,48,21,3,0,0,0,1,0
4,40678,2,2,0,0,0,2,2,13,370,12,10,2013,7,1,49,1,12,3,SR-101,,336,33.66151111,-111.9408056,0,12,2,1,18,1,0,1,3,1,0,1,0,0000000,1,52,1,58,99,99,0,0,0,1,1
4,40679,1,1,0,0,0,1,1,3,0,21,11,2013,5,99,99,1,2,3,SR-80,,3482,31.44135556,-109.8244194,0,24,0,0,1,1,0,4,1,10,0,10,0,0000000,11,7,11,16,88,88,18,0,0,1,0
4,40681,4,4,0,0,0,5,5,21,70,11,10,2013,6,20,45,0,16,6,PEART RD,PRICKLY PEAR PL,0,32.90619444,-111.7225333,0,12,7,0,3,3,0,1,3,1,0,1,0,0000000,20,48,20,54,21,36,0,0,0,1,0
4,40682,1,1,0,0,0,1,1,13,190,12,10,2013,7,15,19,0,14,6,GILBERT RD,,0,33.37503611,-111.7897972,0,33,0,0,1,1,0,4,1,1,0,1,0,0000000,15,19,99,99,16,5,0,0,0,1,1
4,40683,2,2,0,0,0,2,2,13,0,12,10,2013,7,6,49,0,13,9,BELL RD,BOSWELL BLVD,0,33.63816389,-112.2778694,0,12,6,0,2,2,0,1,1,1,0,1,0,0000000,6,49,6,53,88,88,0,0,0,1,0
4,40684,1,1,0,0,0,2,2,17,0,12,10,2013,7,99,99,0,3,3,SR-264,,3687,35.90001944,-110.664975,3,99,0,0,99,99,0,99,9,99,0,99,0,0000000,99,99,99,99,99,99,0,0,0,1,0
4,40685,2,2,0,0,0,3,3,13,370,12,10,2013,7,14,8,0,13,6,BELL RD,23RD ST,0,33.64055,-112.0329944,0,1,0,0,3,3,0,1,1,1,0,1,0,0000000,14,8,14,14,14,29,0,0,0,1,0
4,40686,2,2,0,0,0,2,2,17,0,13,10,2013,1,8,50,0,3,3,SR-264,,3685,35.90285278,-110.6657583,3,12,99,0,99,99,0,99,1,99,0,99,0,0000000,99,99,99,99,99,99,0,0,0,1,0
4,40687,1,1,0,0,0,2,2,1,0,13,10,2013,1,22,10,0,6,9,LOGGING RD 9000,,0,99.99990000,999.99990000,0,99,0,0,99,99,0,99,6,99,0,99,0,0000000,99,99,99,99,99,99,0,0,0,1,0
4,40688,2,2,0,0,0,2,2,13,370,15,10,2013,3,18,22,0,13,6,19TH AVE,UNION HILLS DR,0,33.65471111,-112.0997694,0,12,6,0,2,2,0,1,5,1,0,1,0,0000000,18,23,18,26,18,47,0,0,0,1,0
4,40689,1,1,0,0,0,2,2,1,0,20,10,2013,1,0,9,1,2,2,US-160,,4167,36.82725833,-109.863625,3,35,0,0,1,1,0,4,2,1,0,1,0,0000000,99,99,99,99,99,99,0,0,0,1,0
4,40690,2,2,0,0,0,2,2,13,370,21,10,2013,2,4,13,0,13,6,VAN BUREN ST,47TH AVE,0,33.45128889,-112.1604,0,12,6,0,2,2,0,1,3,1,0,1,0,0000000,4,16,4,19,4,37,0,0,0,1,0
4,40691,1,1,0,1,1,1,1,11,0,27,10,2013,1,99,99,0,4,3,SR-75,,2795,32.72664444,-109.0964778,0,8,0,0,99,99,0,1,9,99,0,99,0,0000000,99,99,99,99,88,88,0,0,0,1,0
4,40692,1,1,0,0,0,3,3,21,0,28,10,2013,2,17,59,0,6,9,SHIRES RD,,0,32.80010833,-111.8019111,0,1,0,0,1,1,0,1,2,1,0,1,0,0000000,17,59,18,7,18,40,0,0,0,1,0
4,40693,2,2,0,0,0,2,2,13,370,29,10,2013,3,18,44,0,14,6,ELLIOT RD,,0,33.34889722,-111.9784417,0,12,6,0,8,1,0,1,3,1,0,1,0,0000000,99,99,99,99,99,99,0,0,0,1,0
4,40694,2,2,0,0,0,2,2,13,0,31,10,2013,5,18,49,0,13,6,BUCKEYE RD,,0,33.43715278,-112.2391722,0,12,6,0,8,1,0,1,3,1,0,1,0,0000000,99,99,99,99,99,99,0,0,0,1,0
4,40695,1,1,0,0,0,1,1,12,0,10,11,2013,1,14,15,0,4,2,US-60,,415,33.70360556,-113.8409889,0,31,0,0,1,1,0,4,1,1,0,1,0,0000000,14,7,14,42,88,88,0,0,0,1,0
4,40696,1,1,0,0,0,1,1,3,0,26,11,2013,3,15,12,1,2,3,SR-80,,3799,31.49076944,-109.4257333,0,1,0,0,1,1,0,4,1,1,0,1,0,0000000,15,13,15,31,88,88,0,0,0,1,0
4,40697,1,1,0,1,1,2,2,13,0,6,11,2013,4,16,5,0,16,9,40TH ST,,0,33.779175,-111.9955139,0,8,0,0,8,1,0,5,1,1,0,1,0,0000000,16,5,99,99,88,88,0,0,0,1,0
4,40698,1,1,0,0,0,8,8,13,420,16,11,2013,7,2,25,0,16,6,MAIN ST,,0,33.49308611,-111.9299694,0,5,0,0,1,1,0,1,3,1,0,1,0,0000000,99,99,99,99,99,99,0,0,0,1,0
4,40699,3,3,0,0,0,6,6,21,70,27,11,2013,4,16,43,0,16,6,TREKELL RD,MCMURRAY BLVD,0,32.88685833,-111.7399889,0,12,6,0,2,2,0,1,1,10,0,10,0,0000000,16,44,16,50,99,99,0,0,0,1,0
4,40700,2,2,0,0,0,2,2,13,0,2,12,2013,2,16,25,0,15,6,LITCHFIELD RD,NORTHERN AVE,0,33.55126667,-112.3589028,0,12,2,0,2,2,0,1,1,1,0,1,0,0000000,99,99,99,99,99,99,0,0,0,1,0
4,40701,1,1,0,2,2,1,1,13,190,3,12,2013,3,8,12,0,16,6,LAKESIDE DR,VOYAGER DR,0,33.37045833,-111.7436917,0,8,0,0,3,3,0,1,1,1,0,1,0,0000000,8,13,8,17,8,50,0,0,0,1,0
4,40702,1,1,0,1,1,1,1,5,0,3,12,2013,3,21,53,1,1,1,I-40,,2111,35.20196389,-111.4086556,0,8,0,1,18,1,0,1,2,1,0,1,0,0000000,21,55,22,7,88,88,0,0,0,1,0
4,40703,1,1,0,1,1,1,1,13,368,4,12,2013,4,17,53,0,14,6,CACTUS RD,73RD AVE,0,33.5959,-112.2170917,0,8,0,0,3,2,0,1,5,1,0,1,0,0000000,17,54,17,59,88,88,0,0,0,1,1
4,40704,1,1,0,0,0,1,1,13,0,6,12,2013,6,14,36,1,1,1,I-10,,1045,33.45854444,-112.7639917,0,1,0,0,1,1,0,1,1,1,0,1,0,0000000,14,36,14,48,88,88,0,0,0,1,0
4,40705,1,1,0,1,1,4,4,13,370,7,12,2013,7,19,23,0,14,6,27TH AVE,,0,33.52748889,-112.1169028,0,8,0,0,1,1,0,1,3,10,0,10,0,0000000,19,25,19,29,19,44,0,0,0,1,0
4,40706,1,1,0,0,0,1,1,19,0,8,12,2013,1,21,5,0,15,9,OLD SPANISH TRL,,0,32.14152222,-110.7341389,0,35,0,0,1,1,0,4,2,1,0,1,0,0000000,21,7,21,13,21,35,0,0,0,1,1
4,40707,2,2,0,0,0,2,2,13,30,9,12,2013,2,7,5,0,15,6,107TH AVE,VAN BUREN ST,0,33.44991944,-112.2897944,0,12,99,0,2,2,0,1,3,10,0,10,0,0000000,7,7,7,13,99,99,0,0,0,1,0
4,40708,2,2,0,0,0,2,2,19,0,10,12,2013,3,17,45,0,13,9,ORANGE GROVE RD,SR-77,0,32.32276389,-110.9747222,0,12,8,0,2,2,0,1,3,1,0,1,0,0000000,17,48,17,51,88,88,0,0,0,1,0
4,40709,1,1,0,0,0,1,1,25,0,11,12,2013,4,10,37,1,1,1,I-17,,2745,34.472475,-112.0248833,0,35,0,0,1,1,0,3,1,1,0,1,0,0000000,10,37,10,45,88,88,0,0,0,1,0
4,40710,1,1,0,1,1,3,3,13,290,11,12,2013,4,11,40,0,13,6,POWER RD,VIA ROSSMOOR,0,33.39975,-111.6845889,0,8,0,0,3,3,0,1,1,1,0,1,0,0000000,11,41,11,43,12,10,0,0,0,1,0
4,40711,1,1,0,1,1,1,1,19,530,11,12,2013,4,23,26,0,14,6,GREASEWOOD RD,,0,32.23498333,-111.0213917,0,8,0,0,1,1,0,2,2,1,0,1,0,0000000,23,22,23,32,23,43,0,0,0,1,0
4,40712,1,1,0,0,0,1,1,7,0,13,12,2013,6,20,46,1,2,3,SR-87,,2478,34.17585278,-111.3382472,0,1,0,0,1,1,0,4,2,1,0,1,0,0000000,20,46,20,55,88,88,0,0,0,1,1
4,40713,1,1,0,1,1,1,1,19,530,14,12,2013,7,19,41,0,13,6,SPEEDWAY BLVD,ARCADIA,0,32.23628056,-110.8886222,0,8,0,0,1,1,0,1,3,1,0,1,0,0000000,99,99,99,99,99,99,0,0,0,1,0
4,40714,2,2,0,0,0,2,2,13,370,16,12,2013,2,17,48,1,12,3,SR-101,,295,33.67288056,-112.008375,0,12,7,1,18,1,0,1,3,1,0,1,0,0000000,17,49,17,57,18,10,0,0,0,1,0
4,40715,1,1,0,1,1,2,2,13,290,17,12,2013,3,18,39,1,12,2,US-60,,1774,33.38571667,-111.8756583,0,8,0,1,18,1,0,1,3,1,0,1,0,0000000,18,39,18,48,88,88,0,0,0,1,0
4,40716,2,2,0,0,0,2,2,21,180,17,12,2013,3,18,50,0,4,9,HUNT HWY,ATTAWAY RD,0,33.04620278,-111.4733306,0,12,2,0,2,3,0,1,2,1,0,1,0,0000000,99,99,99,99,99,99,0,0,0,1,0
4,40717,4,4,0,0,0,7,7,13,490,17,12,2013,3,19,10,1,12,3,SR-101,,541,33.39977778,-111.891325,0,1,0,0,1,1,0,1,3,1,0,1,0,0000000,19,11,19,18,19,30,27,0,0,1,0
4,40718,1,1,0,1,1,5,5,13,220,20,12,2013,6,18,56,0,15,6,LITCHFIELD RD,,0,33.44577778,-112.3582972,0,8,0,0,1,1,0,1,2,1,0,1,0,0000000,18,57,19,1,88,88,0,0,0,1,1
4,40719,1,1,0,0,0,1,1,17,0,22,12,2013,1,99,99,1,2,3,SR-77,,3494,34.35664722,-110.0534889,0,1,0,0,1,1,0,4,2,99,0,99,0,0000000,7,18,7,26,88,88,0,0,0,1,1
4,40720,1,1,0,0,0,2,2,13,0,23,12,2013,2,10,40,1,1,1,I-10,,983,33.48190556,-112.8669667,0,1,0,1,19,1,0,2,1,1,0,1,0,0000000,10,42,10,55,99,99,0,0,0,1,0
4,40721,1,1,0,1,1,1,1,17,429,23,12,2013,2,18,27,1,13,2,US-60,,3421,34.25429444,-110.02895,0,8,0,0,1,1,0,1,1,1,0,1,0,0000000,18,28,18,31,19,9,0,0,0,1,0
4,40723,1,1,0,0,0,2,2,7,0,24,12,2013,3,19,2,0,3,2,US-60,,2971,33.81352222,-110.4635583,0,24,0,0,1,1,0,4,2,1,0,1,0,0000000,19,3,20,24,3,24,0,0,0,1,0
4,40724,1,1,0,0,0,1,1,13,368,28,12,2013,7,23,47,0,16,6,VISTANCIA BLVD,,0,33.76839167,-112.3397583,0,33,0,0,1,1,0,4,3,1,0,1,0,0000000,23,48,23,56,88,88,0,0,0,1,1
4,40726,2,2,0,0,0,4,4,21,0,29,9,2013,1,8,32,0,3,3,SR-77,ARAVAIPA RD,1241,32.84648889,-110.7116806,0,12,6,0,2,2,0,1,1,1,0,1,0,0000000,8,37,9,0,10,9,0,0,0,2,0
4,40727,1,1,0,1,1,2,2,13,80,1,11,2013,6,22,18,0,15,6,COOPER RD,PECOS RD,0,33.29187222,-111.8068972,0,9,0,0,2,2,0,1,3,1,0,1,0,0000000,22,18,22,23,88,88,0,0,0,1,0
4,40728,2,2,0,0,0,9,9,13,486,28,11,2013,5,12,54,0,13,6,BELL RD,EL MIRAGE RD,0,33.63872222,-112.3247889,0,12,6,0,2,2,0,1,1,1,0,1,0,0000000,12,57,13,3,13,55,0,0,0,1,0
4,40729,1,1,0,0,0,1,1,13,290,1,12,2013,1,19,35,0,13,6,MCKELLIPS RD,,0,33.45183611,-111.7280833,0,33,0,0,1,1,0,4,3,1,0,1,0,0000000,19,35,19,37,88,88,0,0,0,1,1
4,40730,3,3,0,0,0,3,3,13,370,7,12,2013,7,8,40,0,13,6,GREENWAY PKWY,16TH ST,0,33.636275,-112.0482389,0,12,6,0,2,2,0,1,1,1,0,1,0,0000000,8,42,8,46,9,16,0,0,0,1,0
4,40731,1,1,0,1,1,1,1,13,0,10,11,2013,1,6,0,1,2,3,SR-87,,1815,33.50021111,-111.7983389,3,8,0,0,1,1,0,1,8,98,0,98,0,0000000,99,99,99,99,88,88,0,0,0,1,0
4,40732,1,1,0,1,1,1,1,13,370,7,3,2013,5,99,99,1,11,1,I-17 RAMP,,1940,33.42714444,-112.0421389,0,8,0,1,20,1,0,1,2,1,0,1,0,0000000,99,99,99,99,88,88,0,0,0,1,0
4,40733,2,2,0,0,0,2,2,21,22,27,8,2013,3,6,31,0,3,2,US-60,MOUNTAIN VIEW RD,1994,33.38301111,-111.4949139,0,12,1,0,3,3,0,1,4,1,0,1,0,0000000,6,31,6,37,7,21,0,0,0,1,1
4,40735,2,2,0,0,0,4,4,15,0,4,11,2013,2,18,32,1,1,1,I-15,,195,36.95998889,-113.7779639,0,12,6,0,1,1,0,1,2,1,0,1,0,0000000,18,33,18,43,99,99,19,0,0,1,0
4,40737,2,2,0,0,0,5,5,13,490,9,11,2013,7,2,32,1,12,3,SR-202,,51,33.44219444,-111.9687972,0,12,2,0,1,1,0,1,3,1,0,1,0,0000000,2,32,2,40,2,55,0,0,0,2,1
4,40738,1,1,0,1,1,1,1,19,530,23,11,2013,7,17,21,1,11,7,I-10 FRONTAGE RD,,2515,32.30925278,-111.0427583,0,9,0,1,19,1,0,2,5,10,0,10,0,0000000,17,28,17,37,88,88,0,0,0,1,0
4,40739,1,1,0,0,0,1,1,3,0,24,11,2013,1,12,8,1,1,1,I-10,,3312,32.17274722,-109.9552361,0,1,0,0,1,1,0,4,1,1,0,1,0,0000000,12,12,12,27,88,88,0,0,0,1,0
4,40740,4,4,0,0,0,5,5,13,490,25,11,2013,2,12,50,1,12,3,SR-101 RAMP,,510,33.42645,-111.8908889,0,20,0,1,5,1,0,8,1,1,0,1,0,0000000,12,50,12,50,13,30,14,0,0,1,0
4,40741,3,3,0,0,0,8,8,5,0,26,11,2013,3,14,11,0,4,2,US-89A,,5487,36.72312222,-111.7677167,0,12,6,0,1,1,0,1,1,1,0,1,0,0000000,14,21,14,41,16,58,0,0,0,3,0
4,40742,1,1,0,0,0,5,5,15,0,28,11,2013,5,15,46,1,1,1,I-40,,915,35.19053333,-113.3686972,0,1,0,1,19,1,0,3,1,1,0,1,0,0000000,15,47,16,23,17,30,0,0,0,3,0
4,40743,17,17,0,0,0,22,22,21,0,26,10,2013,7,12,6,1,1,1,I-10,,2140,32.69944722,-111.4726972,0,12,1,0,1,1,0,1,1,6,7,6,0,0000000,12,4,12,33,99,99,19,0,0,3,0
4,40744,2,2,0,0,0,3,3,11,100,1,11,2013,6,18,28,0,4,2,US-191,,1610,33.02075278,-109.2909056,0,12,2,0,1,1,0,1,2,1,0,1,0,0000000,18,32,18,34,20,39,0,0,0,2,0
4,40745,1,1,0,0,0,2,2,23,0,1,11,2013,6,99,99,0,99,9,UNKNOWN RD,,0,99.99990000,999.99990000,0,5,0,0,99,99,0,99,9,99,0,99,0,0000000,99,99,99,99,99,99,0,0,0,1,0
4,40746,1,1,0,1,1,1,1,13,0,4,11,2013,2,7,58,0,15,9,R H JOHNSON BLVD,LIMOUSINE DR,0,33.67108056,-112.3886639,0,9,0,0,2,3,0,1,1,1,0,1,0,0000000,7,59,8,2,8,18,0,0,0,1,0
4,40747,1,1,0,1,1,2,2,13,0,7,11,2013,5,7,51,0,4,9,RIGGS RD,,0,99.99990000,999.99990000,3,8,0,0,1,1,0,1,1,1,0,1,0,0000000,99,99,99,99,88,88,0,0,0,1,0
4,40748,2,2,0,0,0,2,2,13,370,8,11,2013,6,6,35,0,13,6,CAVE CREEK RD,16TH PL,0,33.58963333,-112.046325,0,12,6,0,2,3,0,1,4,1,0,1,0,0000000,99,99,99,99,88,88,0,0,0,1,0
4,40749,2,2,0,0,0,2,2,13,370,8,11,2013,6,16,16,0,13,6,19TH AVE,,0,33.64387222,-112.0997361,0,1,0,0,8,1,0,1,1,1,0,1,0,0000000,16,16,16,19,88,88,0,0,0,1,0
4,40750,5,5,0,0,0,9,9,13,510,13,11,2013,4,19,35,0,13,6,BUCKEYE RD,,0,33.43561111,-112.2798056,0,12,6,0,8,1,0,1,2,1,0,1,0,0000000,19,35,19,42,88,88,14,0,0,2,0
4,40751,1,1,0,1,1,1,1,13,370,14,11,2013,5,6,40,0,13,6,THUNDERBIRD RD,,0,33.61095833,-112.1118889,0,9,0,0,8,1,1,1,4,1,0,1,0,0000000,6,40,6,44,7,3,0,0,0,1,0
4,40752,1,1,0,1,1,2,2,13,200,14,11,2013,5,19,23,0,13,6,PEORIA AVE,,0,33.58193889,-112.1535278,0,8,0,0,1,1,0,1,3,1,0,1,0,0000000,99,99,99,99,99,99,0,0,0,1,0
4,40753,1,1,0,0,0,1,1,21,0,18,11,2013,2,12,18,0,4,9,IRONWOOD DR,,0,99.99990000,999.99990000,0,1,0,0,1,1,0,4,1,99,0,99,0,0000000,99,99,99,99,99,99,0,0,0,1,0
4,40754,2,2,0,1,1,2,2,13,200,18,11,2013,2,18,15,0,14,6,BETHANY HOME RD,,0,33.52395833,-112.1632722,0,8,0,0,1,1,0,1,3,1,0,1,0,0000000,18,15,18,19,18,50,0,0,0,1,0
4,40755,1,1,0,0,0,5,5,13,0,19,11,2013,3,16,2,0,4,9,BUSH HWY,,0,33.55958056,-111.5393944,0,1,0,0,1,1,0,4,1,10,0,10,0,0000000,16,2,16,26,99,99,0,0,0,1,0
4,40756,3,3,0,0,0,3,3,13,370,23,11,2013,7,18,40,0,15,6,83RD AVE,DURANGO ST,0,33.43152778,-112.2384083,0,12,2,0,1,1,0,1,3,2,10,2,0,0000000,18,41,18,48,99,99,0,0,0,2,1
4,40757,2,2,0,0,0,2,2,13,200,24,11,2013,1,2,56,0,13,6,GRAND AVE,NORTHERN AVE,0,33.55276389,-112.2027056,0,12,6,0,2,7,0,1,3,10,0,10,0,0000000,2,57,3,3,3,30,0,0,0,1,1