STATE,ST_CASE,VE_TOTAL,VE_FORMS,PVH_INVL,PEDS,PERNOTMVIT,PERMVIT,PERSONS,COUNTY,CITY,DAY,MONTH,YEAR,DAY_WEEK,HOUR,MINUTE,NHS,ROAD_FNC,ROUTE,TWAY_ID,TWAY_ID2,MILEPT,LATITUDE,LONGITUD,SP_JUR,HARM_EV,MAN_COLL,RELJCT1,RELJCT2,TYP_INT,WRK_ZONE,REL_ROAD,LGT_COND,WEATHER1,WEATHER2,WEATHER,SCH_BUS,RAIL,NOT_HOUR,NOT_MIN,ARR_HOUR,ARR_MIN,HOSP_HR,HOSP_MN,CF1,CF2,CF3,FATALS,DRUNK_DR
4,40758,2,1,1,0,0,2,2,13,0,24,11,2013,1,3,21,0,13,9,51ST AVE,,0,33.33252222,-112.1691056,0,30,0,0,1,1,0,4,2,10,0,10,0,0000000,3,21,3,30,88,88,0,0,0,2,1
4,40759,3,3,0,0,0,4,4,13,370,26,11,2013,3,7,43,0,13,6,INDIAN SCHOOL RD,,0,33.49499167,-112.1917167,0,12,2,0,1,1,0,1,1,1,0,1,0,0000000,99,99,99,99,99,99,0,0,0,1,0
4,40760,1,1,0,1,1,1,1,13,370,29,11,2013,6,21,10,0,13,6,19TH AVE,GRAND AVE,0,33.46586944,-112.0999778,0,9,0,0,2,7,0,1,3,1,0,1,0,0000000,21,11,21,13,21,29,0,0,0,1,0
4,40763,1,1,0,1,1,2,2,13,370,30,11,2013,7,20,11,0,13,6,THOMAS RD,,0,33.48048889,-112.1586806,0,8,0,0,1,1,0,1,3,1,0,1,0,0000000,20,11,20,17,20,30,0,0,0,1,0
4,40764,2,2,0,0,0,3,3,13,0,12,12,2013,5,19,46,0,4,9,SUN VALLEY PKWY,,0,33.66070278,-112.5550778,0,12,2,0,1,1,0,1,2,1,0,1,0,0000000,19,46,99,99,99,99,0,0,0,1,0
4,40765,1,1,0,1,1,1,1,13,80,16,12,2013,2,19,42,0,13,3,SR-87,KNOW RD,1682,33.32785556,-111.8417,0,15,0,0,3,2,0,1,3,1,0,1,0,0000000,19,42,19,43,20,13,0,0,0,1,0
4,40767,2,2,0,0,0,3,3,13,370,15,12,2013,1,0,16,1,1,1,I-17,,2205,33.74831389,-112.1250944,0,12,1,0,1,1,0,1,3,1,0,1,0,0000000,0,16,0,17,88,88,0,0,0,1,0
4,40768,2,2,0,0,0,4,4,13,0,20,12,2013,6,6,15,0,13,9,POWER RD,MADERO AVE,0,33.37178889,-111.6878278,0,30,0,0,3,3,0,3,3,2,0,2,0,0000000,6,15,6,20,99,99,0,0,0,1,1
4,40769,1,1,0,0,0,1,1,13,370,15,11,2013,6,1,37,0,14,6,67TH AVE,,0,33.44428889,-112.2036056,0,33,0,0,1,1,0,4,3,1,0,1,0,0000000,1,40,1,41,88,88,0,0,0,1,0
4,40770,1,1,0,1,1,2,2,13,370,14,12,2013,7,18,9,0,14,6,BASELINE RD,,0,33.37775,-112.1000778,0,8,0,0,1,1,0,1,3,1,0,1,0,0000000,18,10,18,15,18,36,0,0,0,1,0
4,40771,3,3,0,1,1,8,8,17,262,4,12,2013,4,18,43,0,14,3,SR-260,,3504,34.15125278,-109.9733139,0,8,0,0,1,1,0,1,2,2,0,2,0,0000000,18,41,18,47,88,88,0,0,0,1,0
4,40772,1,1,0,1,1,1,1,21,0,24,12,2013,3,7,13,0,3,3,SR-287,,1215,32.87965556,-111.5892833,0,8,0,0,1,1,0,99,4,1,0,1,0,0000000,7,13,7,29,8,15,0,0,0,1,0
4,40773,2,2,0,0,0,3,3,19,530,2,12,2013,2,13,50,0,13,6,22ND ST,KOLB RD,0,32.20640833,-110.8410583,0,12,6,0,2,2,0,1,1,1,0,1,0,0000000,13,52,13,55,88,88,0,0,0,1,0
4,40774,1,1,0,0,0,1,1,13,200,16,12,2013,2,15,3,0,13,6,PEORIA AVE,51ST AVE,0,33.58191389,-112.168775,0,1,0,0,3,2,0,1,1,1,0,1,0,0000000,15,1,15,4,15,31,0,0,0,1,0
4,40775,1,1,0,1,1,1,1,13,370,22,12,2013,1,0,31,0,13,6,BELL RD,19TH AVE,0,33.64004167,-112.0996722,0,8,0,0,3,2,0,1,3,1,0,1,0,0000000,0,31,0,32,88,88,0,0,0,1,0
4,40777,2,2,0,0,0,3,3,13,370,9,10,2013,4,9,30,0,13,6,BELL RD,51ST AVE,0,33.63907778,-112.1690917,0,12,6,0,2,2,0,1,1,1,0,1,0,0000000,99,99,99,99,99,99,0,0,0,1,0
4,40778,1,1,0,0,0,2,2,13,0,26,12,2013,5,19,30,1,2,3,SR-85,,244,32.62211111,-112.8664417,0,1,0,0,1,1,0,4,2,1,0,1,0,0000000,19,30,19,56,21,19,0,0,0,1,0
4,40779,1,1,0,1,1,1,1,1,0,15,4,2013,2,99,99,0,6,9,DIRT RD,,0,99.99990000,999.99990000,3,8,0,0,99,99,0,99,9,99,0,99,0,0000000,99,99,99,99,88,88,0,0,0,1,0
4,40780,1,1,0,0,0,1,1,21,0,3,12,2013,3,17,41,0,4,9,IRONWOOD DR,,0,33.33666667,-111.5635167,0,1,0,0,1,1,0,4,5,1,0,1,0,0000000,17,42,17,51,18,32,0,0,0,1,0
4,40781,1,1,0,0,0,1,1,25,386,4,12,2013,4,99,99,0,16,9,RANCHO VISTA DR,,0,34.52528333,-112.5105917,0,42,0,0,1,1,0,4,1,2,0,2,0,0000000,8,41,8,53,9,19,0,0,0,1,0
4,40782,1,1,0,1,1,2,2,13,370,4,12,2013,4,19,26,0,13,6,CAMELBACK RD,20TH ST,0,33.50925556,-112.0388972,0,15,0,0,3,2,0,1,3,1,0,1,0,0000000,99,99,99,99,19,32,0,0,0,1,0
4,40783,1,1,0,0,0,2,2,13,290,9,12,2013,2,0,11,0,16,6,RIDGECREST,,0,99.99990000,999.99990000,0,99,99,0,99,99,0,99,6,99,0,99,0,0000000,99,99,99,99,99,99,0,0,0,1,0
4,40784,1,1,0,0,0,2,2,999,9999,13,12,2013,6,99,99,9,99,9,UNKNOWN RD,,0,99.99990000,999.99990000,9,3,0,0,99,99,0,99,9,99,0,99,0,0000000,99,99,99,99,99,99,0,0,0,1,0
4,40785,1,1,0,0,0,1,1,13,290,13,12,2013,6,99,99,0,16,6,FARNSWORTH DR,,0,99.99990000,999.99990000,0,99,99,0,99,99,0,99,9,99,0,99,0,0000000,99,99,99,99,99,99,0,0,0,1,0
4,40786,2,2,0,0,0,5,5,13,370,13,12,2013,6,21,47,0,14,6,43RD AVE,,0,33.48436667,-112.1516389,0,12,1,0,1,1,0,1,3,1,0,1,0,0000000,99,99,99,99,99,99,0,0,0,1,1
4,40787,2,2,0,0,0,2,2,17,0,14,12,2013,7,13,47,0,3,3,SR-264,,3892,35.81061944,-110.4123944,3,12,99,0,99,99,0,99,1,99,0,99,0,0000000,99,99,99,99,99,99,0,0,0,1,0
4,40788,3,3,0,0,0,6,6,13,200,15,12,2013,1,15,20,0,13,6,BELL RD,75TH AVE,0,33.63810278,-112.2202944,0,12,6,0,2,2,0,1,1,1,0,1,0,0000000,15,19,15,24,15,59,0,0,0,2,0
4,40789,1,1,0,0,0,1,1,13,370,16,12,2013,2,0,42,0,14,6,MCDOWELL RD,,0,33.46575,-112.0217722,0,30,0,0,1,1,0,4,3,10,0,10,0,0000000,99,99,99,99,88,88,0,0,0,1,0
4,40790,2,2,0,0,0,2,2,13,200,16,12,2013,2,13,6,0,13,6,59TH AVE,HAYWARD AVE,0,33.55036944,-112.1861583,0,12,6,0,2,3,0,1,1,1,0,1,0,0000000,13,6,13,11,13,33,0,0,0,1,0
4,40791,1,1,0,0,0,1,1,13,0,16,12,2013,2,16,30,0,15,6,NORTHERN PKWY,,0,33.55106111,-112.3442806,0,1,0,0,1,1,0,3,1,1,0,1,0,0000000,16,30,16,37,99,99,0,0,0,1,1
4,40792,1,1,0,0,0,1,1,13,370,18,12,2013,4,4,57,0,16,6,TIERRA BUENA LN,,0,99.99990000,999.99990000,0,43,0,0,99,99,0,4,9,99,0,99,0,0000000,99,99,99,99,88,88,0,0,0,1,1
4,40793,1,1,0,1,1,1,1,21,297,20,12,2013,6,99,99,0,6,9,PRIMROSE LN,,0,99.99990000,999.99990000,0,8,0,0,99,99,0,99,9,99,0,99,0,0000000,99,99,99,99,99,99,0,0,0,1,1
4,40794,1,1,0,1,1,2,2,13,370,21,12,2013,7,21,29,0,13,6,CAMELBACK RD,I-17 FRONTAGE RD,0,33.50947778,-112.113525,0,8,0,1,3,2,0,1,3,1,0,1,0,0000000,99,99,99,99,99,99,0,0,0,1,0
4,40795,2,2,0,1,1,4,4,13,370,30,12,2013,2,17,5,0,13,6,GREENWAY RD,29TH ST,0,33.62625278,-112.019875,0,12,6,0,2,2,0,1,3,1,0,1,0,0000000,99,99,99,99,88,88,0,0,0,1,0
4,40796,1,1,0,1,1,1,1,17,0,31,12,2013,3,99,99,0,6,8,BIA,,0,99.99990000,999.99990000,3,8,0,0,99,99,0,99,9,99,0,99,0,0000000,99,99,99,99,88,88,0,0,0,1,0
4,40797,1,1,0,0,0,1,1,13,370,31,12,2013,3,21,55,0,13,6,MCDOWELL RD,,0,33.46624444,-111.9518056,0,33,0,0,1,1,0,4,2,1,0,1,0,0000000,21,55,21,55,88,88,20,0,0,1,0
4,40799,1,1,0,1,1,1,1,7,0,23,8,2013,6,99,99,0,99,9,UNKNOWN RD,,0,99.99990000,999.99990000,3,8,0,0,99,99,0,1,9,99,0,99,0,0000000,99,99,99,99,99,99,0,0,0,1,0
4,40800,1,1,0,0,0,4,4,5,170,19,9,2013,5,1,38,1,11,1,I-40,,2011,35.21636944,-111.5821611,0,1,0,1,19,1,0,3,2,1,0,1,0,0000000,1,38,1,55,99,99,0,0,0,1,1
4,40801,1,1,0,0,0,3,3,13,370,13,10,2013,1,20,22,1,11,1,I-10,,1350,33.46214167,-112.2496778,0,1,0,1,19,1,0,4,6,99,0,99,0,0000000,99,99,99,99,99,99,0,0,0,1,1
4,40802,2,1,1,0,1,2,3,13,80,25,10,2013,6,7,50,1,12,3,SR-202,,446,33.28284444,-111.7902361,0,14,0,1,19,1,0,2,1,99,0,99,0,0000000,99,99,99,99,99,99,0,0,0,1,0
4,40803,1,1,0,0,0,2,2,1,0,29,10,2013,3,7,30,0,4,8,BIA 12,,0,36.31083333,-109.2128222,3,35,0,0,1,1,0,4,4,10,0,10,0,0000000,99,99,99,99,99,99,0,0,0,2,0
4,40804,2,2,0,0,0,3,3,13,475,18,12,2013,4,11,41,0,13,6,BELL RD,DEL WEBB BLVD,0,33.63796111,-112.2898389,0,12,99,0,2,2,0,1,1,1,0,1,0,0000000,99,99,99,99,99,99,0,0,0,1,0
4,40805,1,1,0,1,1,1,1,1,0,2,2,2013,7,22,49,0,6,8,RURAL DIRT RD,,0,99.99990000,999.99990000,3,8,0,0,1,1,0,99,6,99,0,99,0,0000000,99,99,99,99,88,88,0,0,0,1,0
4,40806,2,2,0,1,1,2,2,13,370,10,3,2013,1,19,20,1,11,1,I-17,,2069,33.55310278,-112.1122944,0,8,0,1,18,1,0,1,3,99,0,99,0,0000000,99,99,99,99,88,88,0,0,0,1,0
4,40807,2,2,0,0,0,2,2,13,370,31,10,2013,5,16,4,0,13,6,INDIAN SCHOOL RD,71ST DR,0,33.49474444,-112.2121417,0,1,0,0,3,3,0,1,1,1,0,1,0,0000000,99,99,99,99,99,99,14,0,0,1,1
4,40808,1,1,0,1,1,1,1,13,370,24,12,2013,3,7,6,0,13,6,BELL RD,20TH ST,0,33.64036111,-112.0394722,0,8,0,0,3,2,0,1,1,1,0,1,0,0000000,99,99,99,99,99,99,0,0,0,1,0
4,40809,1,1,0,0,0,2,2,1,0,17,10,2013,5,23,20,0,9,9,UNKNOWN RD,,0,99.99990000,999.99990000,3,1,0,0,99,99,0,99,6,99,0,99,0,0000000,99,99,99,99,99,99,0,0,0,1,0
4,40810,1,1,0,0,0,1,1,5,0,12,10,2013,7,21,0,0,6,9,MISSION DR,,0,35.60571111,-112.0927806,0,2,0,0,1,1,0,1,6,98,0,98,0,0000000,99,99,99,99,88,88,0,0,0,1,0
4,40811,1,1,0,0,0,4,4,1,0,3,6,2013,2,15,39,0,6,8,BIA 13,,0,36.40768889,-109.2577556,3,1,0,0,1,1,0,4,1,1,0,1,0,0000000,99,99,99,99,99,98,0,0,0,1,0
4,40812,1,1,0,0,0,1,1,1,0,18,10,2013,6,23,48,0,6,8,BIA 7,,0,99.99990000,999.99990000,3,33,0,0,1,1,0,4,2,1,0,1,0,0000000,99,99,99,99,88,88,0,0,0,1,1
4,40813,2,2,0,0,0,4,4,1,0,1,12,2013,1,16,50,0,4,8,BIA 12,NHA HOUSING,0,36.31410556,-109.221275,3,12,6,0,2,3,0,1,1,10,5,5,0,0000000,99,99,99,99,99,99,0,0,0,1,1
5,50001,2,2,0,0,0,3,3,119,2880,1,1,2013,3,0,54,0,14,3,SR-176-01,52ND ST.,14,34.80280833,-92.26649167,0,12,2,0,3,3,0,1,2,8,0,8,0,0000000,0,57,1,3,1,41,0,0,0,1,1
5,50002,3,3,0,0,0,10,10,119,2320,1,1,2013,3,20,19,1,11,1,I-30-23,,1347,34.68201667,-92.31249722,0,12,7,0,1,1,0,1,2,1,0,1,0,0000000,20,19,20,43,21,11,0,0,0,1,1
5,50003,2,2,0,0,0,9,9,119,2320,1,1,2013,3,20,20,1,11,1,I-30-23,,1333,34.67894167,-92.33537222,0,12,1,0,1,1,0,1,2,1,0,1,0,0000000,20,16,20,57,21,35,19,0,0,2,1
5,50004,1,1,0,1,1,1,1,119,0,1,1,2013,3,22,31,1,11,1,I-530-01,,59,34.62820556,-92.26899722,0,8,0,0,1,1,0,1,2,1,0,1,0,0000000,22,29,22,38,23,20,0,0,0,1,1
5,50005,1,1,0,0,0,3,3,93,4210,2,1,2013,4,17,36,0,4,2,US-61-02,,131,35.56628333,-90.04569444,0,42,0,0,1,1,0,5,2,1,0,1,0,0000000,17,24,17,36,18,1,0,0,0,1,0
5,50006,2,2,0,0,0,2,2,93,450,4,1,2013,6,23,14,1,11,1,I-55-12,,656,35.90742778,-89.88801944,0,12,2,0,1,1,0,1,2,1,0,1,0,0000000,23,17,23,49,99,99,0,0,0,1,2
5,50007,1,1,0,0,0,1,1,37,0,6,1,2013,1,0,15,1,2,3,SR-1-14,CR-206,137,35.439825,-90.75158889,0,34,0,0,3,3,0,4,2,1,0,1,0,0000000,88,88,88,88,88,88,0,0,0,1,0
5,50008,2,2,0,0,0,2,2,29,2710,6,1,2013,1,3,30,0,13,3,SR-07,,66,35.139825,-92.726375,0,12,2,0,1,1,0,1,2,1,0,1,0,0000000,3,30,3,36,4,32,0,0,0,1,1
5,50009,1,1,0,0,0,1,1,131,0,6,1,2013,1,13,33,0,4,3,SR-41-01,,68,35.07298333,-94.34413333,0,23,0,0,1,1,0,4,1,1,0,1,0,0000000,13,39,99,97,99,97,0,0,0,1,0
5,50010,2,2,0,0,0,3,3,111,2560,7,1,2013,2,2,4,1,2,2,US-62-08,,167,35.52749167,-90.43444722,0,1,0,0,1,1,0,1,2,1,0,1,0,0000000,2,11,2,15,3,50,0,0,0,1,0
5,50011,1,1,0,0,0,3,3,7,740,7,1,2013,2,18,11,0,14,3,SR-72-02,,140,36.37240833,-94.26393056,0,1,0,0,1,1,0,4,2,1,0,1,0,0000000,18,15,18,38,19,36,0,0,0,1,0
5,50012,1,1,0,0,0,3,3,15,0,9,1,2013,4,7,16,0,4,3,SR-311-01,,93,36.42174167,-93.35140556,0,42,0,0,1,1,0,4,1,1,0,1,0,0000000,7,17,7,34,9,18,0,0,0,1,0
5,50013,1,1,0,0,0,1,1,25,0,9,1,2013,4,11,40,0,3,2,US-63-15,,194,33.79145833,-91.99805556,0,42,0,0,1,1,0,4,1,2,0,2,0,0000000,99,99,99,99,88,88,0,0,0,1,0
5,50014,1,1,0,0,0,2,2,7,340,10,1,2013,5,13,1,0,4,3,SR-12-02 / SW REGIONAL AIRPORT,,133,36.30536389,-94.30386667,0,32,0,0,1,1,0,4,1,2,0,2,0,0000000,13,2,13,14,13,34,0,0,0,1,0
5,50015,1,1,0,0,0,1,1,69,3150,11,1,2013,6,2,23,1,13,2,US-79-09B,,13,34.20571389,-92.04386944,0,42,0,0,1,1,0,4,3,1,0,1,0,0000000,88,88,88,88,88,88,0,0,0,1,0
5,50016,1,1,0,0,0,1,1,125,330,11,1,2013,6,6,25,1,1,1,I-30-22,,1118,34.53862778,-92.6628,0,38,0,0,1,1,0,4,4,1,0,1,0,0000000,6,42,6,53,88,88,0,0,0,1,0
5,50017,1,1,0,0,0,2,2,113,2630,11,1,2013,6,10,24,0,6,4,CR-94,,0,34.62553056,-94.38784444,0,1,0,0,1,1,0,4,1,1,0,1,0,0000000,10,28,10,46,99,99,0,0,0,1,0
5,50018,1,1,0,0,0,3,3,143,1310,13,1,2013,1,0,12,0,13,3,SR-16-02,,126,36.07855833,-94.21236389,0,33,0,0,1,1,0,5,8,1,0,1,0,0000000,0,45,0,55,99,99,0,0,0,1,0
5,50019,1,1,0,0,0,2,2,119,2320,14,1,2013,2,8,4,0,16,6,COOPER ORBIT RD,,0,34.74414444,-92.42934167,0,42,0,0,1,1,0,5,1,1,0,1,0,0000000,8,4,8,20,9,18,0,0,0,1,0
5,50020,1,1,0,0,0,1,1,141,3514,14,1,2013,2,22,18,0,4,3,SR-95-02,SCOTLAND FORMOSA RD.,60,35.52616111,-92.612525,0,1,0,0,2,3,0,1,2,1,0,1,0,0000000,88,88,88,88,88,88,0,0,0,1,0
5,50021,3,1,2,1,2,1,2,145,0,15,1,2013,3,17,24,1,2,2,US-67-13,,75,35.32035833,-91.58928611,0,8,0,0,1,1,0,3,5,1,0,1,0,0000000,99,98,99,98,88,88,0,0,0,1,0
5,50022,1,1,0,0,0,1,1,27,0,17,1,2013,5,18,30,1,2,2,US-82-04,,67,33.25126389,-93.14158611,0,42,0,0,1,1,0,4,2,1,0,1,0,0000000,88,88,88,88,88,88,0,0,0,1,0
5,50023,1,1,0,0,0,3,3,67,0,18,1,2013,6,16,43,0,6,4,CR-1130,,0,35.7233,-91.20278056,0,10,0,0,6,1,0,1,1,1,0,1,0,438586X,16,49,17,0,17,20,0,0,0,1,0
5,50024,1,1,0,0,0,1,1,93,0,18,1,2013,6,5,38,0,2,3,SR-18-06,,27,35.8502,-90.1291,0,1,0,0,1,1,0,5,2,1,0,1,0,0000000,88,88,88,88,88,88,0,0,0,1,0
5,50025,1,1,0,0,0,1,1,7,0,19,1,2013,7,16,35,0,4,3,SR-72-03,,35,36.42278611,-94.15748889,0,59,0,0,1,1,0,4,1,1,0,1,0,0000000,16,34,16,42,17,1,0,0,0,1,1
5,50026,1,1,0,1,1,2,2,125,330,19,1,2013,7,20,48,1,1,7,I-30-331,,31,34.544475,-92.63281944,0,8,0,0,1,1,0,1,2,1,0,1,0,0000000,20,48,20,50,99,99,0,0,0,1,0
5,50027,2,2,0,0,0,2,2,29,2632,22,1,2013,3,9,38,1,1,1,I-40-31,,1180,35.15103889,-92.54749167,0,12,6,0,1,1,0,1,1,1,0,1,0,0000000,9,38,9,49,88,88,0,0,0,1,0
5,50028,2,2,0,0,0,3,3,33,0,23,1,2013,4,7,57,0,6,4,CR-INDUSTRIAL PARK DR,,0,35.4213,-94.30650833,0,12,2,0,1,1,0,2,1,1,0,1,0,0000000,7,58,8,4,99,99,0,0,0,1,1
5,50029,1,1,0,0,0,1,1,59,0,25,1,2013,6,4,12,0,4,3,SR-128-08,,23,34.36715278,-93.03226944,0,1,0,0,1,1,0,1,2,1,0,1,0,0000000,4,14,4,37,88,88,0,0,0,1,1
5,50030,1,1,0,0,0,2,2,59,0,25,1,2013,6,14,0,0,4,2,US-67-07,,24,34.22567222,-92.99722222,0,32,0,0,8,1,0,4,1,10,0,10,0,0000000,14,11,14,16,14,54,0,0,0,1,0
5,50031,2,2,0,0,0,2,2,45,0,25,1,2013,6,18,15,1,2,2,US-64-09,CYPRESS RD.,179,35.09521389,-92.15416667,0,12,6,0,2,3,0,1,2,1,0,1,0,0000000,18,17,18,25,99,99,0,0,0,1,0
5,50032,1,1,0,0,0,1,1,67,0,26,1,2013,7,3,40,1,2,2,US-67-15,,157,35.74380556,-91.07985833,0,59,0,0,1,1,0,4,2,1,0,1,0,0000000,99,98,99,98,88,88,0,0,0,1,0
5,50033,1,1,0,1,1,1,1,85,600,26,1,2013,7,22,8,0,16,6,KERR STATION RD.,,0,34.93585278,-92.020575,0,8,0,0,1,1,0,1,2,1,0,1,0,0000000,22,9,22,13,99,99,0,0,0,1,0
5,50034,1,1,0,0,0,1,1,35,2550,27,1,2013,1,11,9,0,14,3,SR-77-05,,135,35.20549444,-90.19343889,0,42,0,0,1,1,0,4,1,1,0,1,0,0000000,11,9,11,18,11,36,0,0,0,1,0
5,50035,2,2,0,0,0,2,2,75,3540,28,1,2013,2,18,18,1,2,2,US-63-04,,84,35.976375,-90.85950833,0,12,1,0,1,1,0,1,2,1,0,1,0,0000000,18,18,19,20,19,39,19,0,0,1,0
5,50036,2,2,0,0,0,4,4,25,0,28,1,2013,2,18,40,0,4,3,SR-114-00,,65,33.93386944,-92.06234167,0,12,2,0,1,1,0,1,2,1,0,1,0,0000000,19,2,19,19,99,99,0,0,0,1,1
5,50037,1,1,0,0,0,1,1,93,450,30,1,2013,4,8,31,0,16,6,S. 5TH ST.,W. SYCAMORE ST.,0,35.927525,-89.90799167,0,18,0,0,3,3,0,5,1,1,0,1,0,0000000,88,88,88,88,88,88,0,0,0,1,0
5,50038,2,2,0,1,1,1,1,45,860,31,1,2013,5,19,15,0,13,2,US-65-09B,EXCHANGE RD.,39,35.06649722,-92.42129167,0,8,0,1,3,2,0,1,2,1,0,1,0,0000000,19,55,20,19,99,99,19,0,0,1,0
5,50039,2,2,0,0,0,2,2,119,2320,1,2,2013,6,16,40,0,4,3,SR-5-09,COUNTY LINE RD.,0,34.64656111,-92.44361944,0,12,6,0,2,3,1,1,5,1,0,1,0,0000000,16,46,16,53,17,29,0,0,0,1,0
5,50040,2,2,0,0,0,3,3,145,3530,1,2,2013,6,21,10,0,14,3,SR-36-03,,209,35.24383611,-91.74758889,0,12,2,0,1,1,0,1,2,1,0,1,0,0000000,21,10,21,14,21,53,0,0,0,1,0
5,50041,2,2,0,0,0,2,2,19,0,5,2,2013,3,7,36,0,4,3,SR-26-05,,11,34.06243056,-93.11076389,0,12,6,0,1,1,0,1,3,5,0,5,0,0000000,7,45,7,52,88,88,0,0,0,1,0
5,50042,2,1,1,0,0,1,1,31,0,5,2,2013,3,14,24,1,2,2,US-49-03,,20,35.94120556,-90.57728056,0,14,0,0,1,1,3,2,1,1,0,1,0,0000000,14,25,14,40,15,1,0,0,0,1,1
5,50043,2,2,0,0,0,2,2,7,0,6,2,2013,4,6,10,0,4,3,SR-12-03,,33,36.3431,-94.08252222,0,12,2,0,1,1,0,1,2,1,0,1,0,0000000,6,10,6,20,7,1,0,0,0,1,0
5,50044,1,1,0,0,0,2,2,103,0,7,2,2013,5,12,3,0,2,2,US-79-03,,153,33.52825278,-92.92766667,0,42,0,0,1,1,0,4,1,1,0,1,0,0000000,99,98,99,98,88,88,0,0,0,2,0
5,50045,2,2,0,0,0,3,3,15,0,8,2,2013,6,14,24,0,3,2,US-62-05,,56,36.33902222,-93.48010556,0,12,2,0,1,1,0,1,1,1,0,1,0,0000000,14,19,14,26,99,99,0,0,0,1,0
5,50046,2,2,0,0,0,2,2,95,0,8,2,2013,6,19,0,1,2,2,US-79-13,,4,34.61280833,-91.41143611,0,12,8,0,1,1,0,1,6,1,0,1,0,0000000,19,5,19,20,99,99,0,0,0,1,1
5,50047,1,1,0,0,0,3,3,3,0,10,2,2013,1,5,0,0,3,2,US-133-00,,9,33.01926944,-91.93774167,0,35,0,0,8,1,0,4,2,1,0,1,0,0000000,99,98,99,98,88,88,0,0,0,3,0
5,50048,1,1,0,1,1,2,2,41,2420,10,2,2013,1,16,14,0,16,6,N. 2ND ST.,SPRUCE ST.,0,33.63790833,-91.40257222,0,8,0,0,2,2,0,1,5,1,0,1,0,0000000,16,14,16,17,99,99,0,0,0,1,0
5,50049,1,1,0,0,0,1,1,23,0,14,2,2013,5,0,55,0,3,3,SR-25-03,YATES LANE,106,35.55375556,-91.94838611,0,42,0,0,3,3,0,4,6,1,0,1,0,0000000,0,58,99,97,99,97,0,0,0,1,0
5,50050,2,2,0,0,0,2,2,117,1810,14,2,2013,5,14,2,0,3,2,US-70-16,US-63,74,34.77997778,-91.56750278,0,12,6,0,8,1,0,1,1,1,0,1,0,0000000,14,12,14,30,88,88,0,0,0,1,0
5,50051,3,3,0,0,0,4,4,59,0,14,2,2013,5,17,56,0,3,3,SR-7-08,ORIOLE RD,48,34.29099167,-93.16332222,0,12,2,0,2,2,0,1,5,1,0,1,0,0000000,18,4,18,8,18,35,0,0,0,1,0
5,50052,2,2,0,0,0,2,2,51,1907,15,2,2013,6,22,57,0,6,6,LAKESHORE DRIVE,,0,34.47063333,-93.09645,0,12,2,0,1,1,0,1,6,1,0,1,0,0000000,23,2,23,10,23,34,0,0,0,1,2
5,50053,1,1,0,1,1,1,1,59,0,16,2,2013,7,3,0,1,1,1,I-30-21,,940,34.35935,-92.87833611,0,8,0,0,1,1,0,1,2,1,0,1,0,0000000,3,0,3,15,99,99,19,0,0,1,0
5,50054,1,1,0,0,0,3,3,119,2320,17,2,2013,1,2,32,1,11,1,I-630-21,,41,34.74485278,-92.33435556,0,25,0,0,1,1,0,3,3,1,0,1,0,0000000,2,32,2,35,3,3,0,0,0,1,0
5,50055,1,1,0,0,0,1,1,47,0,17,2,2013,1,7,30,1,1,1,I-40-12,,249,35.52790556,-94.03186111,0,42,0,0,1,1,0,4,4,1,0,1,0,0000000,88,88,88,88,88,88,0,0,0,1,1
5,50056,1,1,0,0,0,3,3,7,0,17,2,2013,1,23,15,0,6,4,CR-COW FACE RD/CR-615,,0,36.226075,-94.05486667,0,42,0,0,1,1,0,4,2,1,0,1,0,0000000,23,38,23,43,0,28,0,0,0,2,0
5,50057,2,2,0,0,0,3,3,35,0,18,2,2013,2,12,45,0,3,2,US-64-17,,61,35.27299167,-90.404025,0,12,6,0,1,1,0,1,1,6,0,6,0,0000000,12,56,13,9,15,10,0,0,0,1,0
5,50058,1,1,0,0,0,1,1,93,0,24,2,2013,1,7,0,0,4,3,SR-77-02,,46,35.80924444,-90.17798333,0,53,0,0,1,1,0,5,1,1,0,1,0,0000000,8,37,8,46,88,88,0,0,0,1,0
5,50059,1,1,0,0,0,2,2,117,0,27,2,2013,4,17,55,0,3,2,US-63-11,,72,34.72694444,-91.55265278,0,34,0,0,1,1,0,4,1,1,0,1,0,0000000,17,57,18,3,99,99,0,0,0,1,0
5,50060,1,1,0,0,0,1,1,145,0,27,2,2013,4,7,40,0,4,3,SR-124-12,,59,35.43722222,-91.74717222,0,52,0,0,1,1,0,4,6,1,0,1,0,0000000,88,88,88,88,88,88,0,0,0,1,1
5,50061,1,1,0,0,0,3,3,87,0,1,3,2013,6,22,38,0,4,3,SR-45-07,,20,36.18854444,-93.86203611,0,34,0,0,1,1,0,4,2,4,0,4,0,0000000,22,25,22,35,99,99,0,0,0,1,1
5,50062,1,1,0,0,0,1,1,131,2230,2,3,2013,7,4,20,0,4,3,SR-96-03,,20,35.33629722,-94.17826389,0,52,0,0,1,1,0,4,2,1,0,1,0,0000000,4,20,4,40,99,99,0,0,0,1,0
5,50063,1,1,0,0,0,1,1,59,0,2,3,2013,7,20,7,0,3,3,SR-7-08,,94,34.35510556,-93.18160556,0,52,0,0,1,1,0,4,2,1,0,1,0,0000000,20,12,20,19,88,88,0,0,0,1,1
5,50064,1,1,0,0,0,2,2,41,0,3,3,2013,1,2,40,0,6,4,CR-WOLFE PROJECT,,0,33.66228056,-91.36455278,0,42,0,0,1,1,0,4,2,1,0,1,0,0000000,2,41,2,48,3,9,0,0,0,1,1