STATE,ST_CASE,VE_TOTAL,VE_FORMS,PVH_INVL,PEDS,PERNOTMVIT,PERMVIT,PERSONS,COUNTY,CITY,DAY,MONTH,YEAR,DAY_WEEK,HOUR,MINUTE,NHS,ROAD_FNC,ROUTE,TWAY_ID,TWAY_ID2,MILEPT,LATITUDE,LONGITUD,SP_JUR,HARM_EV,MAN_COLL,RELJCT1,RELJCT2,TYP_INT,WRK_ZONE,REL_ROAD,LGT_COND,WEATHER1,WEATHER2,WEATHER,SCH_BUS,RAIL,NOT_HOUR,NOT_MIN,ARR_HOUR,ARR_MIN,HOSP_HR,HOSP_MN,CF1,CF2,CF3,FATALS,DRUNK_DR
5,50065,1,1,0,0,0,2,2,53,0,3,3,2013,1,9,45,0,6,4,CR-204/CR-FOREST RD/CR-9741,,0,34.25966944,-92.38337778,0,5,0,0,1,1,0,1,1,1,0,1,0,0000000,9,45,9,54,88,88,0,0,0,1,0
5,50066,2,2,0,0,0,4,4,135,9997,5,3,2013,3,18,24,1,2,2,US-62-17,,16,36.25995833,-91.53814444,0,12,6,0,8,1,0,1,1,1,0,1,0,0000000,18,26,18,31,20,19,0,0,0,1,1
5,50067,2,2,0,0,0,2,2,11,0,6,3,2013,4,17,55,0,3,2,US-278-12,,131,33.59947222,-92.12290556,0,12,6,0,4,1,0,1,1,1,0,1,0,0000000,18,3,18,10,99,99,0,0,0,1,0
5,50068,1,1,0,0,0,5,5,149,0,7,3,2013,5,2,46,0,3,3,SR-27-10,,101,35.16485,-93.28613333,0,42,0,0,8,1,0,5,2,1,0,1,0,0000000,2,48,3,20,3,57,0,0,0,1,0
5,50069,1,1,0,0,0,2,2,69,0,7,3,2013,5,16,0,1,2,2,US-79-09B,,87,34.28696944,-92.00061944,0,25,0,0,1,1,0,4,1,1,0,1,0,0000000,16,12,16,19,88,88,0,0,0,1,0
5,50070,1,1,0,2,2,1,1,147,0,7,3,2013,5,18,43,0,6,4,CR-415,,0,35.2481,-91.1824,0,8,0,0,1,1,0,1,2,1,0,1,0,0000000,18,44,18,53,99,99,0,0,0,1,1
5,50071,1,1,0,0,0,1,1,119,2880,7,3,2013,5,12,25,1,11,1,I-40-33,,1486,34.81338889,-92.32225,0,23,0,0,1,1,0,4,1,1,0,1,0,0000000,12,45,12,55,99,99,0,0,0,1,0
5,50072,1,1,0,1,1,4,4,119,2320,8,3,2013,6,23,56,0,13,2,US-70-12,,29,34.71731667,-92.34224444,0,8,0,0,1,1,0,1,3,1,0,1,0,0000000,23,56,23,58,99,99,0,0,0,1,1
5,50073,2,2,0,0,0,2,2,85,600,9,3,2013,7,4,35,1,12,2,US-67-11,,15,34.957225,-92.05473611,0,12,1,0,1,1,0,1,2,1,0,1,0,0000000,88,88,88,88,88,88,0,0,0,1,1
5,50074,1,1,0,0,0,1,1,119,0,9,3,2013,7,8,38,0,6,4,CR-FORTSON RD,,0,34.98700833,-92.21160278,0,42,0,0,1,1,0,4,1,1,0,1,0,0000000,99,99,99,99,88,88,0,0,0,1,1
5,50075,2,2,0,0,0,4,4,19,0,10,3,2013,1,12,17,1,1,1,I-30-14,,676,34.050925,-93.13398889,0,12,6,0,1,1,0,1,1,2,0,2,0,0000000,12,18,12,32,13,20,0,0,0,2,0
5,50076,1,1,0,0,0,2,2,43,0,10,3,2013,1,15,47,0,6,4,CR-FLORENCE RD,,0,33.68192778,-91.74530556,0,42,0,0,1,1,0,4,1,1,0,1,0,0000000,15,49,15,53,88,88,0,0,0,1,0
5,50077,1,1,0,1,1,1,1,93,450,11,3,2013,2,6,44,0,4,3,SR-18-07,,36,35.92846389,-89.85616389,0,8,0,0,1,1,0,1,4,1,0,1,0,0000000,6,45,6,54,99,99,0,0,0,1,0
5,50078,2,2,0,0,0,2,2,7,0,12,3,2013,3,8,28,1,2,2,US-62-02,,121,36.44450833,-94.019525,0,12,8,0,1,1,0,1,1,1,0,1,0,0000000,8,31,8,39,88,88,0,0,0,1,0
5,50079,2,2,0,0,0,2,2,57,1890,12,3,2013,3,23,45,1,11,1,I-30-12,,303,33.68530278,-93.60633056,0,12,1,1,5,1,0,1,2,1,0,1,0,0000000,23,44,23,51,99,99,0,0,0,1,0
5,50080,2,2,0,0,0,2,2,119,0,12,3,2013,3,16,55,1,1,1,I-530-01,,56,34.62763889,-92.26901944,0,12,1,0,1,1,1,1,1,1,0,1,0,0000000,16,59,99,97,99,97,0,0,0,1,0
5,50081,1,1,0,0,0,1,1,81,4250,13,3,2013,4,99,99,0,6,4,CR-58,,0,33.85029444,-94.44121389,0,42,0,0,1,1,0,5,1,1,0,1,0,0000000,18,25,18,57,88,88,0,0,0,1,1
5,50082,2,2,0,0,0,2,2,95,0,14,3,2013,5,13,4,1,2,2,US-49-09,,100,34.74209444,-91.14700278,0,12,6,0,8,1,0,2,1,1,0,1,0,0000000,13,19,13,33,13,59,0,0,0,1,0
5,50083,2,2,0,0,0,4,4,125,570,15,3,2013,6,21,45,1,11,1,I-30-22,,1210,34.60732222,-92.52905556,0,12,1,0,1,1,0,1,2,1,0,1,0,0000000,21,47,21,58,22,32,0,0,0,1,0
5,50084,1,1,0,0,0,1,1,119,1837,15,3,2013,6,9,55,1,1,1,I-530-03,,1501,34.50765556,-92.21968889,0,21,0,0,1,1,0,4,1,1,0,1,0,0000000,88,88,88,88,88,88,0,0,0,1,0
5,50085,1,1,0,0,0,1,1,119,2320,16,3,2013,7,4,20,1,11,1,I-630-21,,26,34.74382778,-92.30809722,0,20,0,0,1,1,0,4,3,1,0,1,0,0000000,88,88,88,88,88,88,0,0,0,1,1
5,50086,2,2,0,0,0,2,2,45,0,16,3,2013,7,20,8,0,14,3,SR-25-00,,20,35.13538056,-92.45916389,0,12,2,0,1,1,0,1,2,1,0,1,0,0000000,20,10,20,15,20,41,0,0,0,1,1
5,50087,1,1,0,0,0,1,1,45,860,19,3,2013,3,12,58,1,11,1,I-40-32,,1256,35.10519722,-92.43263611,0,59,0,0,5,1,0,4,1,1,0,1,0,0000000,13,5,13,30,88,88,0,0,0,1,0
5,50088,1,1,0,0,0,3,3,91,0,19,3,2013,3,16,20,1,1,1,I-30-11,,104,33.54521111,-93.89211667,0,24,0,0,1,1,0,3,1,1,0,1,0,0000000,16,27,16,38,17,29,0,0,0,1,0
5,50089,1,1,0,1,1,1,1,29,0,19,3,2013,3,21,52,0,4,2,US-64-07,,104,35.15291944,-92.70921667,0,8,0,0,1,1,0,1,6,1,0,1,0,0000000,21,55,22,1,88,88,0,0,0,1,1
5,50090,6,6,0,0,0,17,17,117,0,21,3,2013,5,7,45,1,1,1,I-40-42,,2000,34.84070278,-91.4527,0,12,1,0,1,1,1,1,1,1,0,1,0,0000000,8,19,8,44,10,14,0,0,0,1,1
5,50091,1,1,0,0,0,2,2,69,0,21,3,2013,5,18,30,1,1,1,I-530-05,,286,34.32280278,-92.15155278,0,42,0,0,1,1,0,5,6,2,0,2,0,0000000,18,44,18,55,19,33,0,0,0,1,0
5,50092,2,2,0,1,1,2,2,131,1370,23,3,2013,7,0,55,1,11,1,I-530-01,,108,35.41583056,-94.35673056,0,8,0,0,1,1,1,1,6,1,0,1,0,0000000,1,12,99,97,99,97,14,0,0,1,0
5,50093,1,1,0,0,0,5,5,143,0,23,3,2013,7,12,5,0,6,4,CR- PARKER BRANCH RD RD CR 45,,0,35.87386667,-94.09521389,0,35,0,0,1,1,0,4,1,1,0,1,0,0000000,12,10,12,22,13,13,0,0,0,1,0
5,50094,3,1,2,0,0,1,1,31,2070,23,3,2013,7,20,10,0,6,6,E. NETTLETON AVE,,0,35.82828056,-90.66088889,0,14,0,0,1,1,0,5,3,2,0,2,0,0000000,20,14,20,17,20,40,0,0,0,1,1
5,50095,2,2,0,0,0,3,3,31,0,25,3,2013,2,14,31,0,3,3,SR-141-01,,47,35.91016944,-90.70150278,0,12,6,0,1,1,0,1,1,1,0,1,0,0000000,14,32,14,40,14,59,0,0,0,1,1
5,50096,1,1,0,0,0,1,1,59,0,26,3,2013,3,9,12,1,2,2,US-270-07,,24,34.44258333,-92.88608611,0,30,0,0,1,1,0,4,1,1,0,1,0,0000000,9,20,9,30,88,88,0,0,0,1,0
5,50097,1,1,0,0,0,1,1,111,0,26,3,2013,3,9,20,0,6,4,CR-TOWER RD,,0,35.60878611,-90.90551389,0,10,0,0,6,1,0,1,1,1,0,1,0,787816H,88,88,88,88,88,88,0,0,0,1,0
5,50098,3,3,0,0,0,3,3,63,250,27,3,2013,4,7,55,0,13,3,SR-69-03,,35,35.76883056,-91.58521389,0,12,1,0,1,1,0,1,1,1,0,1,0,0000000,7,56,8,2,8,26,0,0,0,1,0
5,50099,1,1,0,0,0,2,2,49,3500,27,3,2013,4,14,40,0,6,4,CR-OLD STURKIE RD,,0,36.382575,-91.83603333,0,35,0,0,1,1,0,4,1,1,0,1,0,0000000,14,43,15,6,16,5,0,0,0,1,0
5,50100,1,1,0,0,0,2,2,143,0,28,3,2013,5,0,30,0,6,4,CR-VINNEY GROVE ROAD W.C. 37,,0,36.03353611,-94.33881389,0,42,0,0,1,1,0,4,2,1,0,1,0,0000000,0,36,0,46,1,8,0,0,0,1,1
5,50101,2,2,0,0,0,3,3,65,2763,28,3,2013,5,8,55,0,3,3,SR-69-01,,96,35.98460833,-91.78201389,0,12,6,0,1,1,0,1,1,1,0,1,0,0000000,8,58,9,34,10,46,0,0,0,1,0
5,50102,1,1,0,1,1,2,2,95,0,28,3,2013,5,20,4,0,3,2,US-49-08,,22,34.97356667,-91.17150556,0,8,0,0,1,1,0,1,2,1,0,1,0,0000000,20,6,20,16,21,1,0,0,0,1,0
5,50103,1,1,0,1,1,2,2,7,3610,28,3,2013,5,21,33,0,14,3,SR-43-00,,201,36.19575278,-94.52428889,0,8,0,0,1,1,0,1,2,1,0,1,0,0000000,21,34,21,36,21,57,0,0,0,1,0
5,50104,2,2,0,0,0,3,3,73,0,29,3,2013,6,20,10,0,4,3,SR-160-01,CR 57,29,33.10839444,-93.81419167,0,12,1,0,2,4,0,1,2,1,0,1,0,0000000,20,20,20,37,22,0,0,0,0,1,0
5,50105,1,1,0,0,0,1,1,5,0,30,3,2013,7,11,55,0,4,3,SR-201-01,,37,36.38673056,-92.36219722,0,42,0,0,1,1,0,4,1,2,10,2,0,0000000,11,52,12,1,88,88,0,0,0,1,0
5,50106,2,2,0,0,0,4,4,119,2320,31,3,2013,1,9,55,0,14,3,SR-5-09,,22,34.66846667,-92.41976111,0,12,2,0,1,1,0,1,1,2,0,2,0,0000000,9,59,10,12,10,38,0,0,0,2,0
5,50107,1,1,0,0,0,1,1,59,394,9,3,2013,7,3,28,0,3,3,SR-7-08 SWA,,87,34.33936111,-93.18212222,0,1,0,0,1,1,0,1,2,1,0,1,0,0000000,3,34,4,13,4,45,0,0,0,1,0
5,50108,1,1,0,0,0,1,1,143,1310,31,3,2013,1,13,42,0,16,6,BORRICK RD.,,0,36.03328056,-94.13366944,0,30,0,0,1,1,0,4,1,1,0,1,0,0000000,13,44,13,50,88,88,0,0,0,1,0
5,50109,2,2,0,0,0,2,2,55,0,1,4,2013,2,7,32,0,3,2,US-49-02,,64,36.17324444,-90.39281944,0,12,6,0,1,1,0,1,1,1,0,1,0,0000000,7,33,7,44,99,99,0,0,0,1,0
5,50110,2,2,0,0,0,2,2,143,1308,3,4,2013,4,7,0,0,13,2,US-62-01,TYLER RD.,198,36.03383056,-94.262775,0,12,6,0,2,3,0,1,1,1,0,1,0,0000000,7,2,7,11,7,41,0,0,0,1,0
5,50111,1,1,0,1,1,1,1,85,600,3,4,2013,4,21,40,0,16,6,WILLIE RAY DR.,,0,34.98919444,-92.01462222,0,8,0,0,1,1,0,1,2,1,0,1,0,0000000,21,42,21,46,99,99,0,0,0,1,0
5,50112,2,2,0,0,0,2,2,145,3530,4,4,2013,5,13,51,0,16,3,SR-367-17,,5,35.24879722,-91.68095556,0,12,2,0,1,1,0,1,1,1,0,1,0,0000000,13,50,14,0,14,32,0,0,0,1,0
5,50113,1,1,0,0,0,1,1,51,1907,5,4,2013,6,2,27,0,13,3,SR-7-09,,60,34.45075556,-93.07895278,0,30,0,0,1,1,0,4,3,1,0,1,0,0000000,2,28,2,31,88,88,0,0,0,1,0
5,50114,2,2,0,0,0,2,2,13,0,6,4,2013,7,15,57,0,3,2,US-278-11,,45,33.51254444,-92.40250556,0,12,2,0,1,1,0,1,1,1,0,1,0,0000000,15,56,16,3,88,88,0,0,0,1,1
5,50115,1,1,0,0,0,1,1,89,0,7,4,2013,1,18,11,0,6,4,CR-3001,,0,36.35946389,-92.81617222,0,42,0,0,1,1,0,4,1,1,0,1,0,0000000,18,23,18,37,19,32,0,0,0,1,0
5,50116,2,2,0,0,0,2,2,123,1360,8,4,2013,2,11,27,1,13,3,SR-1-12B,BARROW HILL RD,23,35.04144167,-90.79029722,0,12,6,0,2,2,0,1,1,1,0,1,0,0000000,11,51,11,51,13,19,0,0,0,1,0
5,50117,1,1,0,0,0,1,1,43,2680,8,4,2013,2,16,15,0,6,6,GABBERT,E. UNION,0,33.63075,-91.78728056,0,19,0,0,3,3,0,4,1,1,0,1,0,0000000,16,11,16,14,16,40,0,0,0,1,0
5,50118,1,1,0,0,0,1,1,61,0,9,4,2013,3,17,22,0,4,3,SR-355-01,,23,33.84458611,-93.89401389,0,32,0,0,1,1,0,4,1,1,0,1,0,0000000,17,26,17,36,88,88,0,0,0,1,0
5,50119,1,1,0,0,0,1,1,9,0,10,4,2013,4,20,19,0,4,3,SR-7-20,,67,36.28931111,-93.04867778,0,32,0,0,1,1,0,4,2,1,0,1,0,0000000,20,23,20,34,88,88,0,0,0,1,1
5,50120,2,2,0,0,0,2,2,43,0,11,4,2013,5,5,45,1,2,2,US-425-04,,98,33.76678889,-91.82763333,0,12,6,0,1,1,0,1,6,2,0,2,0,0000000,5,45,5,57,88,88,0,0,0,1,0
5,50121,2,2,0,0,0,4,4,119,2880,12,4,2013,6,14,5,0,6,6,NORTH HILLS,MCCAIN,0,34.79575,-92.23868889,0,12,6,0,2,2,0,1,1,1,0,1,0,0000000,14,6,14,15,14,45,0,0,0,1,0
5,50122,1,1,0,1,1,1,1,77,0,13,4,2013,7,6,0,1,2,2,US-79-15,,149,34.77474722,-90.86177778,0,8,0,0,1,1,0,1,2,1,0,1,0,0000000,6,12,6,22,88,88,19,0,0,1,0
5,50123,1,1,0,0,0,1,1,57,0,14,4,2013,1,13,1,0,4,4,CR-3,,0,33.55352778,-93.55761389,0,42,0,0,1,1,0,4,1,1,0,1,0,0000000,13,14,13,22,88,88,0,0,0,1,0
5,50124,1,1,0,0,0,1,1,99,0,14,4,2013,1,14,55,0,4,3,SR-24-05,,22,33.79440556,-93.34559167,0,34,0,0,1,1,0,4,1,1,0,1,0,0000000,14,58,15,4,15,35,0,0,0,1,1
5,50125,1,1,0,0,0,2,2,59,0,14,4,2013,1,15,20,0,6,4,CR-STRINGTOWN,,0,34.45846111,-92.73210278,0,42,0,0,1,1,0,4,1,1,0,1,0,0000000,15,4,15,51,16,22,0,0,0,1,0
5,50126,2,2,0,0,0,2,2,131,1370,14,4,2013,1,20,3,0,16,6,NORTH O ST,,0,35.39280833,-94.38063889,0,12,1,0,1,1,0,1,5,1,0,1,0,0000000,20,7,20,15,20,36,0,0,0,1,0
5,50127,1,1,0,0,0,4,4,133,0,16,4,2013,3,19,12,0,6,4,CR-BRADLEY CHAPEL RD,CR-CENTRAL RD,0,33.90397222,-94.25561944,0,5,0,0,3,3,0,1,1,1,0,1,0,0000000,19,16,19,50,20,50,0,0,0,1,0
5,50128,2,1,1,2,2,2,2,35,0,16,4,2013,3,22,13,1,1,1,I-55-11,,127,35.24815556,-90.22007222,0,8,0,0,1,1,1,5,3,1,0,1,0,0000000,22,19,22,25,99,99,0,0,0,2,1
5,50129,2,2,0,0,0,2,2,119,2320,17,4,2013,4,23,0,0,6,5,ROOSEVELT RD,COMMERCIAL ST,0,34.72206944,-92.25140556,0,12,2,0,2,3,0,1,3,1,0,1,0,0000000,23,6,23,11,23,35,0,0,0,1,0
5,50130,2,2,0,0,0,2,2,131,0,18,4,2013,5,15,50,0,3,3,SR-22-01,,107,35.31825833,-94.2581,0,12,6,0,1,1,0,1,1,1,0,1,0,0000000,15,54,16,8,99,99,0,0,0,1,0
5,50131,1,1,0,0,0,2,2,99,0,20,4,2013,7,21,55,0,4,2,US-67-03,,19,33.75182778,-93.45946667,0,42,0,0,1,1,0,4,2,1,0,1,0,0000000,21,57,22,10,22,59,0,0,0,1,0
5,50132,1,1,0,0,0,4,4,115,0,21,4,2013,1,17,3,0,6,4,CR-ROY TAYLOR RD.,,0,35.35199167,-93.08747778,0,53,0,0,1,1,0,4,1,1,0,1,0,0000000,17,1,17,8,99,99,0,0,0,1,0
5,50133,4,4,0,1,1,4,4,119,2320,20,4,2013,7,23,45,1,11,1,I-630-21,,12,34.74237222,-92.28455278,0,8,0,0,1,1,0,1,3,1,0,1,0,0000000,23,53,23,54,99,99,0,0,0,1,0
5,50134,2,2,0,0,0,2,2,139,2100,25,4,2013,5,14,10,1,2,2,US-167-01,,9,33.02606111,-92.72184444,0,12,2,0,1,1,0,1,1,1,0,1,0,0000000,14,17,14,30,99,99,0,0,0,1,0
5,50135,2,2,0,0,0,2,2,69,0,25,4,2013,5,20,0,0,6,4,CR-STAGECOACH,,0,34.38903611,-92.18435278,0,12,2,0,1,1,0,1,3,1,0,1,0,0000000,20,11,20,24,88,88,0,0,0,1,0
5,50136,1,1,0,0,0,1,1,69,3150,26,4,2013,6,10,47,1,13,2,US-530-263,,1,34.20444444,-91.96839167,0,1,0,0,5,1,0,4,1,1,0,1,0,0000000,88,88,88,88,88,88,0,0,0,1,0
5,50137,1,1,0,0,0,1,1,57,0,27,4,2013,7,0,45,0,4,3,SR-195-05,,54,33.93646944,-93.52766667,0,31,0,0,1,1,0,4,2,1,0,1,0,0000000,99,99,99,99,88,88,0,0,0,1,0
5,50138,1,1,0,0,0,4,4,115,0,28,4,2013,1,0,53,0,3,3,SR-7-15,,135,35.45077778,-93.13843333,0,42,0,0,1,1,0,4,2,1,0,1,0,0000000,0,51,1,5,99,99,0,0,0,1,1
5,50139,1,1,0,1,1,2,2,45,860,28,4,2013,1,2,18,0,16,6,COLLEGE AVE,,0,35.08521944,-92.47801111,0,8,0,0,1,1,0,1,6,1,0,1,0,0000000,2,22,2,25,88,88,0,0,0,1,1
5,50140,1,1,0,0,0,1,1,55,3030,28,4,2013,1,8,40,0,16,6,E. NORTHEND AVE.,RECTOR RD.,0,36.06363611,-90.48151944,0,35,0,0,3,10,0,4,9,99,0,99,0,0000000,88,88,88,88,88,88,0,0,0,1,1
5,50141,1,1,0,0,0,1,1,147,0,28,4,2013,1,20,45,0,3,2,US-49-07,,3,35.20837222,-91.04333889,0,42,0,0,1,1,0,4,2,1,0,1,0,0000000,20,52,21,13,99,99,0,0,0,1,0
5,50142,1,1,0,0,0,1,1,141,0,29,4,2013,2,19,35,0,4,3,SR-337-01,,8,35.54184444,-92.25730278,0,35,0,0,1,1,0,4,1,1,0,1,0,0000000,88,88,88,88,88,88,0,0,0,1,1
5,50143,2,2,0,0,0,2,2,45,860,5,2,2013,3,16,13,0,13,3,SR-60-00,GULF GAS STATION,10,35.06916944,-92.44608611,0,12,1,0,4,1,0,1,1,1,0,1,0,0000000,16,15,16,21,99,99,0,0,0,1,0
5,50144,1,1,0,0,0,1,1,137,0,1,5,2013,4,8,43,0,3,3,SR-5-16,,8,35.71816944,-91.94004167,0,35,0,0,1,1,0,5,1,1,0,1,0,0000000,8,59,9,17,9,45,0,0,0,1,0
5,50145,3,3,0,0,0,4,4,29,0,1,5,2013,4,14,15,0,3,3,SR-9-08,,49,35.20800278,-92.69899722,0,12,6,0,4,1,0,1,1,1,0,1,0,0000000,14,15,14,24,15,30,0,0,0,1,0
5,50146,4,1,3,0,0,2,2,119,2880,2,5,2013,5,0,32,1,13,2,US-70-13,MCNEIL DR.,62,34.76900556,-92.17081944,0,14,0,0,1,1,0,5,2,1,0,1,0,0000000,0,36,0,40,88,88,0,0,0,2,0
5,50147,2,2,0,0,0,2,2,19,130,6,5,2013,2,17,22,0,14,2,US-67-05,,149,34.11321667,-93.05615833,0,12,2,0,1,1,0,1,1,1,0,1,0,0000000,17,28,17,32,17,53,0,0,0,1,0
5,50148,2,2,0,0,0,2,2,11,0,7,5,2013,3,9,0,0,4,3,SR-8-12,,56,33.47430556,-92.04737222,0,12,6,0,1,1,0,1,1,1,0,1,0,0000000,9,34,10,8,11,30,0,0,0,1,0
5,50149,6,6,0,0,0,9,9,117,0,8,5,2013,4,10,5,1,1,1,I-40-42,,1987,34.83557778,-91.47424722,0,12,1,0,1,1,1,1,1,1,0,1,0,0000000,10,18,10,34,11,54,0,0,0,1,0
5,50150,2,2,0,0,0,2,2,109,1530,8,5,2013,4,17,30,0,3,3,SR-8-04,,101,34.314625,-93.53972778,0,12,2,0,1,1,0,1,1,1,0,1,0,0000000,17,42,18,10,19,9,0,0,0,1,0
5,50151,1,1,0,0,0,1,1,23,0,9,5,2013,5,21,50,0,4,3,SR-210-01,,12,35.50536111,-91.96476667,0,35,0,0,1,1,0,4,2,1,0,1,0,0000000,88,88,88,88,88,88,0,0,0,1,1
5,50152,1,1,0,0,0,1,1,143,0,9,5,2013,5,22,41,0,6,4,CR-HAZEL VALLEY RD/CR-47,,0,35.898775,-93.98470833,0,1,0,0,1,1,0,4,2,5,0,5,0,0000000,22,55,23,22,1,6,0,0,0,1,0
5,50153,1,1,0,0,0,1,1,119,2320,10,5,2013,6,3,50,0,16,6,1 AIRPORT RD,,0,34.72336667,-92.22130278,0,30,0,0,1,1,0,5,2,1,0,1,0,0000000,4,3,4,13,88,88,0,0,0,1,0
5,50154,1,1,0,0,0,2,2,15,350,10,5,2013,6,13,4,0,4,3,SR-143-01,,13,36.40791389,-93.62400556,0,42,0,0,1,1,0,4,1,1,0,1,0,0000000,13,4,13,24,99,99,0,0,0,1,0
5,50155,1,1,0,0,0,1,1,101,0,12,5,2013,1,15,0,0,4,3,SR-43-01,,59,36.03541944,-93.36004722,0,35,0,0,1,1,0,4,1,1,0,1,0,0000000,15,0,15,27,15,47,0,0,0,1,0
5,50156,1,1,0,1,1,1,1,149,970,12,5,2013,1,20,28,0,3,3,SR-27-09,,98,35.05423056,-93.39334722,0,9,0,0,1,1,0,1,2,8,0,8,0,0000000,20,28,20,33,88,88,0,0,0,1,0
5,50157,1,1,0,0,0,1,1,133,0,13,5,2013,2,19,40,1,2,2,US-71-05,,14,33.81231111,-94.14585,0,24,0,0,1,1,0,4,5,1,0,1,0,0000000,19,47,19,58,88,88,0,0,0,1,0
5,50158,1,1,0,0,0,1,1,105,10,16,5,2013,5,17,53,0,3,3,SR-10-05,N. BROADWAY,123,35.03808889,-92.89819167,0,1,0,0,2,2,0,1,1,2,0,2,0,0000000,17,50,18,0,88,88,0,0,0,1,1
5,50159,2,2,0,0,0,3,3,9,0,17,5,2013,6,11,15,0,4,3,SR-14-01,,100,36.46219722,-93.10065278,0,12,2,0,1,1,0,1,1,1,0,1,0,0000000,11,21,11,40,88,88,0,0,0,1,0
5,50160,2,2,0,0,0,3,3,51,0,18,5,2013,7,9,43,0,3,2,US-70-08,,107,34.44721389,-93.18133611,0,12,6,0,4,1,0,1,1,1,0,1,0,0000000,9,44,9,56,10,24,0,0,0,1,1
5,50161,1,1,0,0,0,1,1,31,2670,19,5,2013,1,9,55,0,4,3,SR-139-01,ALENA ST.,7,35.90103056,-90.34143889,0,34,0,0,1,1,0,4,1,1,0,1,0,0000000,9,55,10,0,10,42,0,0,0,1,0
5,50162,2,2,0,0,0,4,4,45,0,19,5,2013,1,16,12,1,2,2,US-64-09,US-64B,82,35.07791944,-92.29710833,0,12,6,1,2,3,0,1,1,1,0,1,0,0000000,16,24,16,45,17,8,0,0,0,1,0
5,50163,1,1,0,0,0,1,1,143,3670,20,5,2013,2,19,29,1,13,2,US-412-02/ROBINSON,,124,36.16705833,-94.12499444,0,16,0,0,1,1,0,1,3,2,6,2,0,0000000,88,88,88,88,88,88,0,0,0,1,0
5,50164,2,2,0,0,0,2,2,119,2880,21,5,2013,3,12,49,0,14,3,SR-176-01,ALLEN ST.,7,34.79319444,-92.27288889,0,12,6,0,2,2,0,1,1,2,0,2,0,0000000,12,54,12,55,13,28,0,0,0,1,0
5,50165,2,2,0,0,0,3,3,145,0,21,5,2013,3,21,10,0,3,3,SR-5-14,,93,35.23088056,-92.069675,0,12,2,0,1,1,0,1,2,2,0,2,0,0000000,21,19,21,40,22,42,0,0,0,1,0
5,50166,1,1,0,1,1,2,2,107,4110,22,5,2013,4,18,23,0,16,6,W. PARK ST.,,0,34.53997222,-90.65178611,0,9,0,0,1,1,0,1,1,1,0,1,0,0000000,18,24,18,27,99,99,0,0,0,1,1
5,50167,2,2,0,0,0,3,3,45,860,23,5,2013,5,10,26,0,13,2,US-65-09B,I-40 ON RAMP,0,35.11175833,-92.43599167,0,12,6,1,20,1,0,1,1,1,0,1,0,0000000,10,32,10,36,11,17,0,0,0,1,0
5,50168,1,1,0,0,0,1,1,7,9997,23,5,2013,5,23,34,0,4,3,SR-264-03,,32,36.25716667,-94.28358056,0,42,0,0,1,1,0,4,2,1,0,1,0,0000000,23,34,23,51,0,18,0,0,0,1,0
5,50169,1,1,0,0,0,4,4,119,0,24,5,2013,6,11,25,0,4,3,SR-161-05,,22,34.66365556,-92.09909167,0,42,0,0,1,1,0,4,1,1,0,1,0,0000000,11,34,11,55,12,11,0,0,0,3,0
5,50170,1,1,0,0,0,2,2,119,0,24,5,2013,6,14,21,1,1,1,I-530-02,,114,34.53980278,-92.24554444,0,1,0,0,1,1,0,1,1,1,0,1,0,0000000,14,25,14,55,15,18,0,0,0,1,0
5,50171,1,1,0,1,1,2,2,51,1907,25,5,2013,7,23,46,0,13,3,SR-7-09,MCMAHAN ST.,82,34.47299444,-93.05984444,0,8,0,0,2,3,0,1,2,1,0,1,0,0000000,23,59,0,1,99,99,0,0,0,1,0
5,50172,1,1,0,0,0,3,3,87,0,26,5,2013,1,16,32,0,3,3,SR-16-04,,13,35.90938889,-93.93605833,0,59,0,0,1,1,0,4,1,1,0,1,0,0000000,16,40,17,13,99,99,0,0,0,1,0
5,50173,1,1,0,0,0,2,2,43,0,27,5,2013,2,3,35,0,4,4,CR-OLD HIGHWAY 13,,0,33.70025,-91.81078889,0,42,0,0,1,1,0,4,2,1,0,1,0,0000000,3,42,3,48,4,31,0,0,0,1,0
5,50174,1,1,0,0,0,1,1,71,1685,27,5,2013,2,9,57,0,4,3,SR-123-03,,223,35.51559722,-93.33321944,0,1,0,0,8,1,0,1,1,1,0,1,0,0000000,9,59,10,11,11,7,0,0,0,1,0
5,50175,2,2,0,0,0,2,2,91,0,27,5,2013,2,23,55,1,2,3,SR-549-01,,2510,33.34364722,-93.97909722,0,1,0,0,1,1,0,3,2,1,0,1,0,0000000,0,1,0,10,88,88,0,0,0,1,1
5,50176,1,1,0,0,0,1,1,85,600,29,5,2013,4,6,48,0,4,3,SR-319-02,SR-5,91,35.05565278,-92.08580833,0,32,0,0,3,2,0,4,1,1,0,1,0,0000000,88,88,88,88,88,88,0,0,0,1,0
5,50177,4,4,0,0,0,17,17,29,3180,30,5,2013,5,10,33,1,1,1,I-40-31,,1118,35.16267778,-92.65319444,0,12,1,0,1,1,1,1,1,10,0,10,0,0000000,10,50,11,7,12,9,0,0,0,1,0
5,50179,1,1,0,0,0,2,2,143,0,31,5,2013,6,18,15,0,6,4,CR-BLACK OAD RD WC 57,,0,36.0235,-94.1273,0,35,0,0,1,1,0,4,1,1,0,1,0,0000000,18,19,18,27,19,0,0,0,0,1,1
5,50180,1,1,0,0,0,1,1,7,315,24,4,2013,4,15,50,0,16,6,ALLISON DR,,0,36.48525,-94.30714444,0,5,0,0,4,1,0,1,1,1,0,1,0,0000000,15,50,16,0,88,88,0,0,0,1,0