STATE,ST_CASE,VE_TOTAL,VE_FORMS,PVH_INVL,PEDS,PERNOTMVIT,PERMVIT,PERSONS,COUNTY,CITY,DAY,MONTH,YEAR,DAY_WEEK,HOUR,MINUTE,NHS,ROAD_FNC,ROUTE,TWAY_ID,TWAY_ID2,MILEPT,LATITUDE,LONGITUD,SP_JUR,HARM_EV,MAN_COLL,RELJCT1,RELJCT2,TYP_INT,WRK_ZONE,REL_ROAD,LGT_COND,WEATHER1,WEATHER2,WEATHER,SCH_BUS,RAIL,NOT_HOUR,NOT_MIN,ARR_HOUR,ARR_MIN,HOSP_HR,HOSP_MN,CF1,CF2,CF3,FATALS,DRUNK_DR
5,50181,2,2,0,0,0,2,2,31,2070,25,1,2013,6,11,34,1,12,7,US-63-07,MEAD DR,4,35.80680833,-90.69186111,0,12,6,0,2,3,0,1,1,1,0,1,0,0000000,11,36,11,42,12,1,0,0,0,1,0
5,50182,1,1,0,0,0,1,1,117,0,19,5,2013,1,13,0,0,5,3,SR-249-01,SR-302,65,34.86187778,-91.60338889,0,35,0,0,3,3,0,4,1,1,0,1,0,0000000,13,30,13,39,14,43,0,0,0,1,0
5,50183,2,2,0,0,0,5,5,51,0,24,5,2013,6,15,40,1,2,2,US-270-06,,49,34.46809167,-92.97955556,0,12,1,0,1,1,0,1,1,1,0,1,0,0000000,15,44,15,52,16,52,0,0,0,1,0
5,50184,1,1,0,0,0,3,3,71,0,2,6,2013,1,6,45,0,4,3,SR-103-01,,75,35.54687222,-93.55189722,0,42,0,0,1,1,0,4,1,1,0,1,0,0000000,6,49,7,20,8,29,0,0,0,1,0
5,50185,3,3,0,0,0,10,10,51,1907,2,6,2013,1,0,57,0,13,3,SR-7-09/CENTRAL AVE.,GRAND AVE/US-70B,103,34.50357778,-93.055475,0,12,6,0,2,2,0,1,3,1,0,1,0,0000000,1,2,1,4,1,25,20,0,0,1,1
5,50186,1,1,0,0,0,1,1,143,3670,3,6,2013,2,13,15,0,16,6,WAGON WHEEL RD.,,0,36.24216389,-94.22039167,0,42,0,0,1,1,0,4,1,1,0,1,0,0000000,13,53,14,8,99,99,0,0,0,1,0
5,50187,1,1,0,0,0,2,2,85,600,5,6,2013,4,10,52,0,6,4,CR-NEW COUNTRY RD.,CR-EVERGREEN RD.,0,34.94065,-91.991125,0,42,0,0,1,1,0,4,1,1,0,1,0,0000000,11,22,11,40,12,7,0,0,0,1,0
5,50188,1,1,0,0,0,1,1,23,0,5,6,2013,4,14,30,0,3,3,SR-16-12,,80,35.44194722,-91.909825,0,1,0,0,1,1,0,4,1,1,0,1,0,0000000,14,36,14,50,15,41,2,0,0,1,0
5,50189,1,1,0,0,0,1,1,125,0,5,6,2013,4,19,18,0,4,3,SR-9-05,,46,34.67565,-92.78135556,0,42,0,0,1,1,0,4,1,1,0,1,0,0000000,19,45,20,15,88,88,0,0,0,1,0
5,50190,1,1,0,0,0,1,1,147,0,6,6,2013,5,18,34,0,4,2,US-145-04,,81,35.195525,-91.147725,0,58,0,0,1,1,0,1,1,1,0,1,0,0000000,18,36,18,41,88,88,0,0,0,1,0
5,50191,1,1,0,0,0,1,1,63,0,6,6,2013,5,21,36,0,6,4,CR-DRY RUN CIR.,,0,35.78132222,-91.67863611,0,42,0,0,1,1,0,4,2,1,0,1,0,0000000,21,38,21,47,88,88,0,0,0,1,1
5,50192,2,2,0,0,0,8,8,95,0,6,6,2013,5,21,52,1,1,1,I-40-43,,2073,34.85673333,-91.32815,0,12,1,0,1,1,1,1,2,1,0,1,0,0000000,22,19,22,59,0,17,0,0,0,1,0
5,50193,4,2,2,0,0,2,2,83,3050,7,6,2013,6,16,43,0,3,3,SR-22-03,,232,35.29508611,-93.68848889,0,12,8,0,1,1,0,1,1,1,0,1,0,0000000,16,43,17,2,88,88,0,0,0,1,0
5,50194,1,1,0,1,1,2,2,107,0,8,6,2013,7,2,25,1,2,2,US-49-10,,81,34.56353056,-90.930025,0,8,0,0,8,1,0,1,2,1,0,1,0,0000000,99,99,99,99,88,88,0,0,0,1,0
5,50195,2,2,0,0,0,3,3,1,0,8,6,2013,7,13,10,0,4,4,CR-YODER RD,,0,34.47686111,-91.48790278,0,12,2,0,1,1,0,1,1,1,0,1,0,0000000,13,15,13,25,14,48,0,0,0,1,0
5,50196,2,2,0,0,0,4,4,117,0,8,6,2013,7,16,25,0,3,3,SR-38-01,,93,34.99803889,-91.64325556,0,12,2,0,1,1,0,1,1,1,0,1,0,0000000,99,99,16,35,88,88,0,0,0,1,1
5,50197,2,2,0,0,0,2,2,131,1370,9,6,2013,1,12,40,0,13,2,US-271-01,,4,35.32366111,-94.42221667,0,12,6,0,8,1,0,1,1,1,0,1,0,0000000,12,43,12,49,13,18,0,0,0,1,0
5,50198,1,1,0,0,0,1,1,85,0,9,6,2013,1,19,49,0,4,3,SR-381-01,,97,34.64118611,-91.81007222,0,1,0,0,1,1,0,4,5,1,0,1,0,0000000,19,46,20,6,99,99,0,0,0,1,1
5,50199,2,2,0,0,0,2,2,31,0,11,6,2013,3,10,36,0,2,3,SR-18-04,CR-945,107,35.82206111,-90.53506389,0,12,6,0,2,2,0,1,1,1,0,1,0,0000000,10,39,10,49,11,14,0,0,0,1,0
5,50200,1,1,0,0,0,1,1,117,0,11,6,2013,3,15,41,0,3,3,SR-11-10,,82,35.06221667,-91.56314722,0,32,0,0,1,1,0,4,1,1,0,1,0,0000000,15,30,15,35,99,99,0,0,0,1,0
5,50201,2,2,0,0,0,2,2,145,0,11,6,2013,3,16,20,1,2,2,US-64-10,,38,35.10389167,-92.05469167,0,12,2,0,1,1,0,1,1,1,0,1,0,0000000,16,19,16,37,17,27,0,0,0,1,0
5,50202,2,2,0,0,0,4,4,13,0,12,6,2013,4,9,25,1,2,2,US-79-05,SR-205,59,33.77991944,-92.495825,0,12,1,0,2,2,0,1,1,1,0,1,0,0000000,9,25,9,36,99,99,0,0,0,2,0
5,50203,2,2,0,0,0,2,2,103,0,12,6,2013,4,12,10,1,2,2,US-79-03,,121,33.49113889,-92.95725278,0,12,2,0,1,1,0,1,1,1,0,1,0,0000000,12,12,12,33,12,56,0,0,0,1,0
5,50204,1,1,0,0,0,2,2,87,0,13,6,2013,5,13,25,0,3,3,SR-23-08,,220,36.01750278,-93.71140278,0,58,0,0,1,1,0,1,1,1,0,1,0,0000000,13,17,13,25,14,37,0,0,0,1,0
5,50205,1,1,0,0,0,1,1,93,0,13,6,2013,5,20,30,0,4,2,US-61-03,,220,35.99933889,-89.90061111,0,34,0,0,1,1,0,4,2,1,0,1,0,0000000,20,35,20,45,88,88,0,0,0,1,1
5,50206,2,2,0,0,0,2,2,119,0,14,6,2013,6,13,32,0,6,4,CR-E. JUSTICE RD.,,0,34.99704444,-92.06455833,0,5,0,0,1,1,0,4,1,1,0,1,0,0000000,99,99,99,99,88,88,0,0,0,1,1
5,50207,1,1,0,0,0,1,1,81,0,14,6,2013,6,22,0,1,2,2,US-71-04,,11,33.56507778,-94.03545833,0,58,0,0,1,1,0,3,2,1,0,1,0,0000000,7,2,7,11,88,88,0,0,0,1,1
5,50208,1,1,0,0,0,1,1,111,0,14,6,2013,6,23,38,0,6,4,CR-REYNOLDS RD,,0,35.53479722,-90.72617778,0,35,0,0,1,1,0,4,2,1,0,1,0,0000000,88,88,88,88,88,88,0,0,0,1,1
5,50209,1,1,0,0,0,1,1,67,1105,15,6,2013,7,2,58,0,4,3,SR-18-00,,4,35.64829167,-91.29421111,0,1,0,0,1,1,0,4,6,1,0,1,0,0000000,88,88,88,88,88,88,0,0,0,1,1
5,50210,1,1,0,0,0,1,1,11,0,15,6,2013,7,13,50,0,6,4,CR-93,,0,33.59643889,-92.14408333,0,42,0,0,1,1,0,5,1,1,0,1,0,0000000,88,88,88,88,88,88,0,0,0,1,0
5,50211,1,1,0,0,0,1,1,125,0,15,6,2013,7,14,5,0,4,3,SR-9-05,,38,34.66493056,-92.78065556,0,34,0,0,1,1,0,4,1,1,0,1,0,0000000,14,3,14,22,88,88,0,0,0,1,0
5,50212,2,2,0,0,0,6,6,95,550,15,6,2013,7,15,11,0,6,2,US-70-17,GRAND,125,34.88714722,-91.18836944,0,12,6,0,2,2,0,1,1,1,0,1,0,0000000,15,14,15,17,16,25,0,0,0,1,0
5,50213,1,1,0,0,0,1,1,31,0,15,6,2013,7,17,34,0,3,3,SR-135-02,,90,35.81731944,-90.360025,0,1,0,0,1,1,0,4,1,1,0,1,0,0000000,17,32,17,40,88,88,0,0,0,1,0
5,50214,1,1,0,0,0,1,1,63,0,16,6,2013,1,99,99,0,6,4,CR-MCHUE RD,,0,35.71599444,-91.65345556,0,39,0,0,1,1,0,4,9,1,0,1,0,0000000,7,19,7,30,88,88,0,0,0,1,1
5,50215,2,2,0,0,0,4,4,145,0,16,6,2013,1,15,7,0,4,3,SR-36-03,,166,35.24753611,-91.82057222,0,12,2,0,1,1,0,1,1,1,0,1,0,0000000,15,13,15,21,16,4,0,0,0,1,0
5,50216,2,2,0,0,0,3,3,89,3280,16,6,2013,1,16,1,1,2,2,US-62-08,CR-4010,25,36.24179722,-92.84707222,0,12,6,0,1,1,0,2,1,2,0,2,0,0000000,16,4,16,19,16,56,19,0,0,1,0
5,50217,1,1,0,0,0,1,1,125,0,16,6,2013,1,19,5,0,6,4,CR-KRISTEN CIR.,,0,34.54336944,-92.387425,0,43,0,0,1,1,0,4,1,1,0,1,0,0000000,88,88,88,88,88,88,0,0,0,1,1
5,50218,2,2,0,0,0,3,3,35,0,17,6,2013,2,12,15,0,3,2,US-64-17,,605,35.27314444,-90.40381667,0,12,6,0,1,1,0,1,1,2,0,2,0,0000000,99,98,99,98,88,88,0,0,0,2,1
5,50219,2,2,0,0,0,4,4,55,0,17,6,2013,2,23,51,1,2,2,US-412-08,,71,36.06882222,-90.69716944,0,12,2,0,1,1,0,1,2,1,0,1,0,0000000,23,50,0,4,1,11,0,0,0,1,0
5,50220,1,1,0,0,0,2,2,93,0,18,6,2013,3,21,0,0,4,3,SR-120-01,,72,35.79724722,-89.817275,0,21,0,0,1,1,0,5,2,1,0,1,0,0000000,22,11,22,33,23,4,0,0,0,1,1
5,50221,2,2,0,0,0,3,3,125,0,20,6,2013,5,10,9,0,3,3,SR-367-12,,35,34.57328611,-92.33295,0,12,2,0,1,1,0,1,1,1,0,1,0,0000000,99,99,99,99,88,88,0,0,0,1,0
5,50222,1,1,0,0,0,2,2,93,450,20,6,2013,5,23,14,0,6,6,CHERRY,,0,35.92356111,-89.90453056,0,38,0,0,1,1,0,4,3,1,0,1,0,0000000,23,14,23,17,99,99,0,0,0,1,0
5,50223,2,2,0,0,0,3,3,51,1907,21,6,2013,6,10,11,0,13,3,SR-7-09,,111,34.51515,-93.053675,0,1,0,0,1,1,0,1,1,1,0,1,0,0000000,10,14,10,19,99,99,14,0,0,1,0
5,50224,3,3,0,0,0,6,6,35,2550,22,6,2013,7,14,50,1,11,1,I-55-11,,97,35.20601667,-90.20456389,0,12,1,0,1,1,1,1,1,1,0,1,0,0000000,15,1,15,11,15,28,0,0,0,3,1
5,50225,1,1,0,0,0,5,5,117,1810,23,6,2013,1,1,24,1,1,1,I-40-42,,1859,34.80333056,-91.69140556,0,1,0,0,1,1,0,1,2,1,0,1,0,0000000,1,25,1,33,99,99,0,0,0,2,0
5,50226,1,1,0,0,0,1,1,51,0,23,6,2013,1,21,9,0,6,4,CR-THORTON FERRY RD,,0,34.49603056,-93.13216389,0,1,0,0,1,1,0,4,2,1,0,1,0,0000000,88,88,88,88,88,88,0,0,0,1,1
5,50227,1,1,0,0,0,3,3,103,630,25,6,2013,3,0,25,0,6,5,ELM STREET,,0,33.57864167,-92.84387778,0,42,0,0,1,1,0,4,2,1,0,1,0,0000000,0,27,0,32,99,99,0,0,0,1,0
5,50228,2,2,0,0,0,2,2,75,0,26,6,2013,4,11,10,0,4,3,SR-115-02,LAWRENCE 118,9,36.19766944,-91.19252222,0,12,6,0,3,3,0,2,1,1,0,1,0,0000000,99,98,99,98,88,88,0,0,0,1,0
5,50229,2,2,0,0,0,2,2,107,2590,27,6,2013,5,9,30,1,2,2,US-49-10,,94,34.56069167,-90.92274444,0,12,6,0,8,1,0,1,1,1,0,1,0,0000000,9,55,10,3,88,88,0,0,0,1,0
5,50230,1,1,0,0,0,3,3,145,0,28,6,2013,6,13,41,0,3,3,SR-16-13,,47,35.38103056,-91.807,0,32,0,0,1,1,0,5,1,1,0,1,0,0000000,13,45,14,0,14,22,0,0,0,2,1
5,50231,1,1,0,0,0,1,1,125,9997,29,6,2013,7,18,40,0,4,3,SR-5-07,,8,34.62353333,-92.86391667,0,30,0,0,1,1,0,4,1,1,0,1,0,0000000,18,41,19,1,88,88,0,0,0,1,0
5,50232,2,2,0,0,0,3,3,51,0,30,6,2013,1,2,15,0,2,3,SR-7-10,SCHWINN HILL RD,19,34.59396111,-93.00520833,0,12,1,0,2,3,0,1,2,1,0,1,0,0000000,2,16,2,32,3,2,0,0,0,1,1
5,50233,1,1,0,0,0,2,2,141,0,30,6,2013,1,11,20,0,6,4,CR-BURNT RIDGE RD,,0,35.59294167,-92.41905833,0,1,0,0,1,1,0,1,1,8,0,8,0,0000000,11,16,11,20,12,14,0,0,0,1,1
5,50234,2,2,0,0,0,2,2,125,0,8,6,2013,7,9,25,0,6,4,CR-MARS HILL RD,,0,34.51016667,-92.46165,0,5,0,0,1,1,0,1,1,1,0,1,0,0000000,9,32,9,47,10,28,3,0,0,1,0
5,50235,1,1,0,1,1,1,1,77,2540,12,1,2013,7,18,0,0,6,6,W CHESTNUT ST,MARNE BLVD,0,34.77459167,-90.77124167,0,15,0,0,2,3,0,1,2,1,0,1,0,0000000,18,2,18,12,99,99,0,0,0,1,0
5,50236,1,1,0,0,0,2,2,35,1170,3,3,2013,1,8,8,0,3,2,US-64-17,TULIP ST.,18,35.27570833,-90.45981667,0,35,0,0,3,3,0,4,1,1,0,1,0,0000000,8,50,9,17,10,11,3,0,0,1,0
5,50237,1,1,0,9,9,1,1,147,0,2,7,2013,3,16,5,0,4,3,SR-17-05,,19,35.29734167,-91.19927778,0,9,0,0,1,1,0,1,1,1,0,1,0,0000000,16,21,16,59,17,49,2,4,0,1,0
5,50238,1,1,0,0,0,1,1,15,0,3,7,2013,4,7,0,0,4,3,SR-23-11,,55,36.45368611,-93.73528333,0,35,0,0,1,1,0,4,1,1,0,1,0,0000000,99,99,7,39,88,88,0,0,0,1,0
5,50240,2,2,0,0,0,5,5,51,0,4,7,2013,5,23,52,0,6,4,CR-THORTON FERRY RD,,0,34.49960278,-93.12664444,0,12,6,0,8,1,0,1,2,1,0,1,0,0000000,23,49,23,56,0,25,0,0,0,1,0
5,50241,1,1,0,0,0,2,2,93,0,5,7,2013,6,10,15,1,1,1,I-55-12,,350,35.52986667,-90.169475,0,42,0,0,5,1,0,5,1,1,0,1,0,0000000,10,47,11,6,11,36,0,0,0,1,0
5,50242,1,1,0,0,0,1,1,29,0,5,7,2013,6,13,35,0,4,2,US-64-07,,217,35.12577222,-92.53033889,0,58,0,0,1,1,0,4,1,1,0,1,0,0000000,14,3,14,22,15,8,0,0,0,1,0
5,50243,1,1,0,0,0,1,1,119,2320,8,7,2013,2,2,0,0,16,6,MABELVALE CTF,HEINKE,0,34.65174722,-92.38094722,0,99,99,0,3,3,0,5,2,1,0,1,0,0000000,2,20,2,25,99,99,99,99,99,1,1
5,50244,2,2,0,0,0,4,4,19,603,8,7,2013,2,11,38,0,3,3,SR-7-07,,20,34.20306667,-93.07823889,0,12,2,0,1,1,0,1,1,1,0,1,0,0000000,12,41,12,49,14,8,0,0,0,1,0
5,50245,1,1,0,1,1,1,1,135,0,8,7,2013,2,23,38,1,2,2,US-63-02,,90,36.27723333,-91.37964444,0,8,0,0,1,1,0,1,2,1,0,1,0,0000000,23,39,23,45,0,4,0,0,0,1,0
5,50246,2,2,0,0,0,2,2,81,160,9,7,2013,3,18,39,0,4,3,SR-32-03B,,8,33.671725,-94.11626389,0,12,1,0,1,1,0,1,1,1,0,1,0,0000000,19,1,19,16,19,43,0,0,0,1,0
5,50247,1,1,0,0,0,1,1,45,0,12,7,2013,6,13,10,0,3,3,SR-107-02,,7,35.01783889,-92.172875,0,38,0,0,1,1,0,5,1,1,0,1,0,0000000,13,13,13,31,13,59,0,0,0,1,0
5,50248,2,2,0,0,0,5,5,51,0,12,7,2013,6,16,32,1,2,2,US-270-06,,88,34.46618056,-92.916075,0,12,6,0,4,1,0,1,1,1,0,1,0,0000000,16,33,16,56,17,22,0,0,0,1,1
5,50249,4,4,0,0,0,5,5,31,2070,12,7,2013,6,21,15,0,13,3,SR-18-04,,20,35.82126111,-90.68968611,0,12,8,0,1,1,0,1,3,1,0,1,0,0000000,21,31,21,41,22,37,0,0,0,2,1
5,50250,1,1,0,0,0,1,1,69,0,13,7,2013,7,21,52,0,3,3,SR-15-08,,85,34.41396944,-91.95844167,0,1,0,0,1,1,0,1,2,1,0,1,0,0000000,22,0,22,11,99,99,0,0,0,1,1
5,50251,1,1,0,0,0,1,1,119,2880,14,7,2013,1,16,38,0,16,6,REMOUNT RD,,0,34.82024444,-92.26518889,0,21,0,0,1,1,0,4,1,8,0,8,0,0000000,16,41,16,46,17,15,0,0,0,1,0
5,50252,1,1,0,0,0,2,2,113,0,17,7,2013,4,3,0,1,2,2,US-71-09,,42,34.62257222,-94.20433611,0,42,0,0,1,1,0,5,2,1,0,1,0,0000000,3,7,3,15,99,99,0,0,0,1,0
5,50253,2,1,1,0,0,1,1,51,0,17,7,2013,4,20,52,0,2,3,SR-7-09,BELVADERE OAKS CIR,157,34.55816944,-93.00289167,0,14,0,0,3,3,0,5,2,1,0,1,0,0000000,20,56,21,6,88,88,0,0,0,1,1
5,50254,1,1,0,0,0,2,2,119,2592,19,7,2013,6,13,30,1,1,1,I-40-33,,1423,34.88621944,-92.38015278,0,42,0,0,1,1,0,4,1,1,0,1,0,0000000,13,44,13,49,14,59,0,0,0,1,0
5,50255,1,1,0,1,1,1,1,59,394,19,7,2013,6,22,30,0,3,3,SR-7-08,,67,34.32766944,-93.17385278,0,8,0,0,1,1,0,1,2,1,0,1,0,0000000,22,30,22,37,88,88,0,0,0,1,0
5,50256,1,1,0,0,0,1,1,29,0,20,7,2013,7,3,33,0,4,3,SR-287-04,,26,35.1836,-92.68311111,0,32,0,0,1,1,0,4,2,1,0,1,0,0000000,99,98,99,98,88,88,0,0,0,1,1
5,50257,1,1,0,0,0,1,1,131,1370,20,7,2013,7,5,41,0,16,6,KELLEY HWY,N. 27TH,0,35.40433056,-94.40258611,0,30,0,0,3,2,0,4,4,1,0,1,0,0000000,5,41,5,53,88,88,0,0,0,1,0
5,50258,1,1,0,0,0,3,3,7,0,21,7,2013,1,14,22,0,3,3,SR-59-01,,210,36.23930833,-94.48738889,0,35,0,0,1,1,0,5,1,1,0,1,0,0000000,14,33,15,0,15,40,0,0,0,1,0
5,50259,1,1,0,0,0,1,1,15,9997,22,7,2013,2,18,20,0,6,4,CR-WOODSDALE DR,,0,36.47830556,-93.75948056,0,34,0,0,1,1,0,4,1,1,0,1,0,0000000,18,24,18,53,19,37,0,0,0,1,0
5,50260,1,1,0,0,0,1,1,81,0,26,7,2013,6,8,20,1,2,2,US-71-04,,132,33.70888611,-94.14674444,0,32,0,0,1,1,0,4,1,2,0,2,0,0000000,8,20,8,31,99,99,0,0,0,1,0
5,50261,1,1,0,0,0,2,2,119,0,26,7,2013,6,16,54,0,6,4,CR-PETERS RD.,,0,34.95335556,-92.09669167,0,42,0,0,1,1,0,4,1,8,0,8,0,0000000,16,58,17,5,99,99,0,0,0,1,0
5,50262,1,1,0,0,0,1,1,111,0,26,7,2013,6,19,50,1,2,3,SR-63-09,EXIT RAMP,70,35.472525,-90.33260278,0,1,0,1,5,1,0,4,2,1,0,1,0,0000000,88,88,88,88,88,88,0,0,0,1,0
5,50263,1,1,0,0,0,4,4,135,0,27,7,2013,7,19,39,0,4,3,SR-58-03,,69,36.08669167,-91.47683889,0,1,0,0,1,1,0,4,1,1,0,1,0,0000000,19,48,99,97,99,97,0,0,0,1,1
5,50264,1,1,0,0,0,1,1,35,0,27,7,2013,7,19,50,0,6,4,CR-KING STORE,,0,35.20851667,-90.45239167,0,1,0,0,1,1,0,2,1,1,0,1,0,0000000,19,56,20,15,99,99,0,0,0,1,0
5,50265,1,1,0,1,1,1,1,81,160,27,7,2013,7,20,58,1,2,2,US-71-04,,100,33.66801389,-94.12543611,0,8,0,0,1,1,0,1,3,1,0,1,0,0000000,21,0,21,1,99,99,0,0,0,1,0
5,50266,1,1,0,0,0,1,1,149,0,28,7,2013,1,9,30,0,4,3,SR-309-10,,3,35.1512,-93.56858333,0,1,0,0,1,1,0,4,1,1,0,1,0,0000000,9,42,10,2,88,88,0,0,0,1,0
5,50267,1,1,0,0,0,2,2,49,0,29,7,2013,2,16,25,0,6,4,CR-FERNWOOD RD.,,0,36.35465556,-91.71175833,0,35,0,0,1,1,0,4,1,1,0,1,0,0000000,16,41,17,14,18,8,0,0,0,1,0
5,50268,1,1,0,0,0,1,1,97,0,30,7,2013,3,19,20,0,6,4,CR-SOUTHSIDE RD.,,0,34.58348333,-93.86145556,0,11,0,0,1,1,0,1,1,1,0,1,0,0000000,19,29,20,13,20,45,0,0,0,1,0
5,50269,1,1,0,0,0,1,1,107,0,31,7,2013,4,10,15,0,4,3,SR-242-01,,32,34.58846944,-90.656075,0,1,0,0,1,1,0,4,1,1,0,1,0,0000000,10,3,10,15,88,88,0,0,0,1,0
5,50270,1,1,0,0,0,1,1,69,3150,31,7,2013,4,22,10,0,14,3,SR-190-05,SPRUCE ST.,43,34.22366667,-92.02405278,0,32,0,0,3,3,0,4,2,1,0,1,0,0000000,22,14,22,18,88,88,0,0,0,1,1
5,50271,1,1,0,1,1,1,1,35,4120,10,6,2013,2,19,40,0,16,6,OXFORD ST.,,0,35.13877222,-90.19478056,0,8,0,0,1,1,0,1,1,1,0,1,0,0000000,19,44,19,49,99,99,0,0,0,1,1
5,50272,1,1,0,0,0,4,4,125,0,14,6,2013,6,14,0,0,4,3,SR-5-07,,54,34.61409444,-92.79161111,0,1,0,0,1,1,0,1,1,1,0,1,0,0000000,13,59,14,23,15,5,0,0,0,1,0
5,50273,2,2,0,1,1,3,3,143,1310,1,8,2013,5,22,6,0,13,2,US-71-17B,,22,36.12178611,-94.14484722,0,8,0,0,1,1,0,1,2,1,0,1,0,0000000,99,99,99,99,99,99,0,0,0,1,0
5,50274,1,1,0,1,1,1,1,103,630,2,8,2013,6,0,55,1,12,2,US-79-04,,21,33.58223889,-92.80611944,0,8,0,0,1,1,0,1,2,1,0,1,0,0000000,0,57,1,0,88,88,23,0,0,1,0
5,50275,1,1,0,0,0,1,1,7,3390,2,8,2013,6,16,51,1,11,1,I-540-05,NEW HOPE RD.,830,36.31474167,-94.18497222,0,42,0,1,5,1,0,4,1,1,0,1,0,0000000,88,88,88,88,88,88,0,0,0,1,0
5,50277,2,2,0,0,0,2,2,55,3030,3,8,2013,7,22,55,0,16,6,BARNHILL RD.,,0,36.04903889,-90.51542778,0,12,2,0,1,1,0,1,2,1,0,1,0,0000000,22,56,23,0,99,99,0,0,0,1,0
5,50278,1,1,0,0,0,3,3,1,3730,4,8,2013,1,1,36,0,16,6,S. MAIN ST.,,0,34.47233889,-91.55027778,0,1,0,0,1,1,0,4,2,1,0,1,0,0000000,1,46,1,54,2,51,0,0,0,1,0
5,50279,2,2,0,0,0,2,2,105,0,4,8,2013,1,12,58,0,6,6,STONY POINT RD.,,0,35.07760278,-92.60908056,0,12,2,0,1,1,0,1,1,1,0,1,0,0000000,12,57,13,12,13,18,0,0,0,1,0
5,50280,1,1,0,0,0,1,1,103,0,6,8,2013,3,21,15,0,3,3,SR-24-06,,135,33.62201389,-92.92809722,0,35,0,0,1,1,0,4,2,1,0,1,0,0000000,21,15,21,19,88,88,0,0,0,1,0
5,50281,3,3,0,0,0,9,9,91,0,10,8,2013,7,2,0,1,1,1,I-30-11,,114,33.54548056,-93.89136389,0,12,1,0,1,1,0,1,2,1,0,1,0,0000000,2,2,2,26,99,99,19,0,0,3,0
5,50282,1,1,0,0,0,1,1,85,0,11,8,2013,1,1,39,0,6,4,CR-S. ROCKWOOD,,0,34.95849167,-92.05421944,0,24,0,0,1,1,0,4,2,1,0,1,0,0000000,1,41,1,46,88,88,0,0,0,1,1
5,50283,3,3,0,0,0,7,7,141,0,11,8,2013,1,14,34,1,2,2,US-65-08,,68,35.51372778,-92.43616389,0,12,8,0,1,1,0,1,1,1,0,1,0,0000000,14,33,14,42,15,15,0,0,0,1,0
5,50284,1,1,0,0,0,2,2,33,2150,12,8,2013,2,21,39,0,4,3,SR-162-01,,60,35.43428333,-94.24066111,0,17,0,0,1,1,0,5,2,1,0,1,0,0000000,21,39,21,48,99,99,0,0,0,2,1
5,50285,2,2,0,0,0,2,2,69,0,13,8,2013,3,10,25,1,2,2,US-270-11,,62,34.26590278,-92.11476944,0,12,6,0,1,1,0,1,1,2,0,2,0,0000000,10,32,10,39,11,17,0,0,0,1,0
5,50286,1,1,0,0,0,1,1,37,4260,15,8,2013,5,20,20,0,14,3,SR-281-01,,144,35.224225,-90.82256111,0,52,0,0,1,1,0,4,2,1,0,1,0,0000000,20,20,20,25,88,88,0,0,0,1,1
5,50287,1,1,0,1,1,1,1,7,3390,17,8,2013,7,21,40,0,13,2,US-71-18B,,62,36.29886111,-94.12661111,0,8,0,0,1,1,0,1,2,1,0,1,0,0000000,99,98,99,98,88,88,0,0,0,1,0
5,50288,1,1,0,0,0,3,3,3,2875,18,8,2013,1,1,15,0,4,3,SR-133-01,,17,33.15717222,-91.94660278,0,43,0,0,1,1,0,4,2,1,0,1,0,0000000,1,15,1,20,1,40,0,0,0,1,1
5,50289,1,1,0,0,0,2,2,15,0,18,8,2013,1,11,25,0,5,3,SR-187-00,,40,36.47572222,-93.77848333,0,42,0,0,1,1,0,4,1,1,0,1,0,0000000,11,9,11,27,11,50,0,0,0,1,0
5,50290,1,1,0,0,0,1,1,31,0,18,8,2013,1,15,39,0,6,4,CR-860,,0,35.75035,-90.28731389,0,1,0,0,1,1,0,1,1,1,0,1,0,0000000,15,54,16,18,16,52,0,0,0,1,0
5,50291,2,2,0,0,0,2,2,45,860,19,8,2013,2,5,52,0,13,2,US-64-08,SR-25,44,35.11531667,-92.44855,0,12,6,0,2,3,0,1,2,1,0,1,0,0000000,6,0,6,25,6,59,0,0,0,1,0
5,50292,1,1,0,1,1,1,1,51,1907,20,8,2013,3,2,13,0,16,6,LACEY,NOLES,0,34.49757778,-93.07563333,0,38,0,0,3,3,0,5,3,1,0,1,0,0000000,2,13,2,16,88,88,0,0,0,1,1
5,50293,1,1,0,0,0,1,1,69,0,20,8,2013,3,11,50,0,4,3,SR-54-10,,65,34.15609167,-92.18263056,0,42,0,0,1,1,0,4,1,1,0,1,0,0000000,11,58,12,9,99,99,0,0,0,1,1
5,50294,2,2,0,0,0,3,3,81,160,21,8,2013,4,15,57,0,4,3,SR-32-03,SR-32Y,172,33.65873333,-94.11048611,0,12,6,0,2,2,0,1,1,1,0,1,0,0000000,15,57,15,58,88,88,0,0,0,2,0
5,50295,2,2,0,0,0,2,2,113,0,21,8,2013,4,20,29,0,4,3,SR-88-02,CR-63,85,34.58281111,-94.06350278,0,12,6,0,2,3,0,1,2,1,0,1,0,0000000,20,31,20,42,88,88,0,0,0,1,1
5,50296,2,2,0,0,0,4,4,83,0,22,8,2013,5,15,43,0,4,3,SR-309-03,,23,35.36158611,-93.74886111,0,12,2,0,1,1,0,2,1,1,0,1,0,0000000,15,50,16,42,18,15,0,0,0,3,1
5,50297,1,1,0,0,0,1,1,59,0,23,8,2013,6,14,58,0,4,3,SR-128-07,,30,34.26294167,-93.08978889,0,59,0,0,1,1,0,2,1,1,0,1,0,0000000,14,57,15,23,88,88,0,0,0,1,0
5,50298,1,1,0,0,0,2,2,85,600,24,8,2013,7,4,50,0,6,6,CS-S.ROCKWOOD,,0,34.97442222,-92.03965,0,33,0,0,1,1,0,4,2,1,0,1,0,0000000,4,52,4,52,5,41,0,0,0,1,1