STATE,ST_CASE,VE_TOTAL,VE_FORMS,PVH_INVL,PEDS,PERNOTMVIT,PERMVIT,PERSONS,COUNTY,CITY,DAY,MONTH,YEAR,DAY_WEEK,HOUR,MINUTE,NHS,ROAD_FNC,ROUTE,TWAY_ID,TWAY_ID2,MILEPT,LATITUDE,LONGITUD,SP_JUR,HARM_EV,MAN_COLL,RELJCT1,RELJCT2,TYP_INT,WRK_ZONE,REL_ROAD,LGT_COND,WEATHER1,WEATHER2,WEATHER,SCH_BUS,RAIL,NOT_HOUR,NOT_MIN,ARR_HOUR,ARR_MIN,HOSP_HR,HOSP_MN,CF1,CF2,CF3,FATALS,DRUNK_DR
5,50299,1,1,0,0,0,2,2,125,3850,25,8,2013,1,4,25,0,16,6,CS- EAST 3RD STREET,CS- MAIN STREET,0,34.44686111,-92.655575,0,53,0,0,3,3,0,4,2,1,0,1,0,0000000,4,25,4,49,99,99,0,0,0,1,1
5,50300,1,1,0,0,0,1,1,69,3150,25,8,2013,1,7,55,1,12,2,US-65-14B,,45,34.22931111,-92.02228333,0,35,0,0,1,1,0,5,1,1,0,1,0,0000000,8,2,8,6,99,99,0,0,0,1,0
5,50301,1,1,0,0,0,3,3,139,0,25,8,2013,1,7,55,0,4,3,SR-160-05,,6,33.30075,-92.94905833,0,42,0,0,1,1,0,4,1,1,0,1,0,0000000,7,58,8,18,9,1,0,0,0,1,0
5,50302,1,1,0,0,0,1,1,139,0,26,8,2013,2,12,35,1,2,2,US-82-07,,48,33.12275,-92.28046944,0,42,0,0,1,1,0,4,1,1,0,1,0,0000000,88,88,88,88,88,88,0,0,0,1,0
5,50303,1,1,0,0,0,1,1,143,2713,27,8,2013,3,13,48,0,6,4,CR- HALE MOUNTAIN RD.,,0,35.85954167,-94.43699722,0,59,0,0,1,1,0,4,1,1,0,1,0,0000000,13,53,14,5,88,88,0,0,0,1,1
5,50304,2,2,0,0,0,2,2,131,1370,29,8,2013,5,16,8,0,16,6,CS- MASSARD ROAD,CS- CHAD COLLEY BLVD.,0,35.29178333,-94.32734444,0,12,6,0,2,2,0,1,1,1,0,1,0,0000000,16,19,99,97,99,97,0,0,0,1,0
5,50305,1,1,0,0,0,1,1,25,0,30,8,2013,6,20,30,0,4,3,SR-114-00,,3,33.93101111,-92.16372222,0,1,0,0,1,1,0,4,2,1,0,1,0,0000000,8,34,8,37,99,99,0,0,0,1,0
5,50306,1,1,0,0,0,1,1,113,0,30,8,2013,6,22,57,0,4,3,SR-246-00,,33,34.42948056,-94.41194167,0,1,0,0,1,1,0,1,2,1,0,1,0,0000000,23,2,23,19,99,99,0,0,0,1,1
5,50308,2,2,0,0,0,2,2,115,3450,29,8,2013,5,20,47,0,14,2,US-64-06,TYLER RD.,135,35.27593611,-93.08495,0,12,6,0,2,3,0,1,2,1,0,1,0,0000000,20,47,20,51,99,99,0,0,0,1,0
5,50309,2,2,0,0,0,2,2,117,0,3,9,2013,3,16,49,0,6,4,CR- LAWMAN RD,CR- NOVAK RD,0,34.75106944,-91.49790556,0,12,6,0,2,3,0,1,1,1,0,1,0,0000000,16,53,17,0,17,24,0,0,0,1,0
5,50310,2,2,0,0,0,3,3,143,3670,4,9,2013,4,7,25,0,16,6,CS- DON TYSON PARKWAY,,0,36.15229444,-94.11356389,0,12,6,0,1,1,0,1,1,1,0,1,0,0000000,7,25,7,34,7,55,0,0,0,1,0
5,50311,1,1,0,0,0,1,1,91,0,5,9,2013,5,4,30,0,4,2,US-67-01,,152,33.57441389,-93.85195,0,42,0,0,1,1,0,4,2,1,0,1,0,0000000,6,10,6,25,88,88,0,0,0,1,0
5,50312,2,2,0,0,0,4,4,55,3030,5,9,2013,5,7,10,0,4,3,SR- 358-01,,88,36.01136944,-90.66859722,0,12,1,0,1,1,0,1,1,1,0,1,1,0000000,7,13,7,34,7,59,0,0,0,1,0
5,50313,1,1,0,0,0,2,2,49,0,5,9,2013,5,13,30,0,6,4,CR- PICKEREN HALL ROAD,,0,36.42803333,-92.05415278,0,34,0,0,1,1,0,5,1,1,0,1,0,0000000,99,99,99,99,88,88,0,0,0,1,1
5,50314,1,1,0,0,0,1,1,5,0,6,9,2013,6,2,20,0,3,3,SR-5-19,,17,36.34942778,-92.41026111,0,32,0,0,1,1,0,4,2,1,0,1,0,0000000,88,88,88,88,88,88,0,0,0,1,1
5,50315,1,1,0,0,0,1,1,85,0,6,9,2013,6,23,50,0,3,3,SR- 31-03,,127,34.95856944,-91.87394444,0,43,0,0,1,1,0,4,2,1,0,1,0,0000000,23,52,23,59,99,99,0,0,0,1,1
5,50316,1,1,0,1,1,2,2,35,4120,7,9,2013,7,7,40,0,16,6,CS- EAST MONROE STREET,,0,35.13781667,-90.16966667,0,15,0,0,1,1,0,1,1,1,0,1,0,0000000,7,56,8,2,8,26,0,0,0,1,0
5,50317,1,1,0,0,0,2,2,51,0,7,9,2013,7,12,24,0,2,3,SR- 7-09,CS- BELVEDERE ROAD,153,34.55603056,-93.00846944,0,1,0,0,3,3,0,1,1,1,0,1,0,0000000,12,23,12,31,13,5,0,0,0,1,0
5,50318,1,1,0,0,0,2,2,51,0,7,9,2013,7,12,54,0,4,3,SR- 227-00,CS- CHAPMOND ROAD,3,34.45150833,-93.21209167,0,1,0,0,2,2,0,1,1,1,0,1,0,0000000,12,55,13,6,99,99,0,0,0,1,0
5,50319,1,1,0,0,0,1,1,137,0,7,9,2013,7,14,40,0,3,3,SR-14-07,,40,35.85865833,-92.04729444,0,1,0,0,1,1,0,1,1,1,0,1,0,0000000,14,42,14,44,99,99,0,0,0,1,0
5,50320,1,1,0,0,0,1,1,51,0,7,9,2013,7,19,35,0,6,4,CR-BROOKHILL RANCH RD.,,0,34.613625,-93.02893056,0,35,0,0,1,1,0,4,1,1,0,1,0,0000000,19,46,19,56,88,88,0,0,0,1,1
5,50321,1,1,0,0,0,3,3,67,0,8,9,2013,1,12,5,1,2,2,US-67-15,,285,35.80671389,-91.14538056,0,1,0,0,1,1,0,5,1,1,0,1,0,0000000,12,17,12,30,13,29,0,0,0,1,0
5,50322,2,2,0,0,0,2,2,133,0,10,9,2013,3,11,0,0,3,2,US-71-06,,41,34.022075,-94.18738611,0,12,2,0,1,1,0,1,1,1,0,1,0,0000000,11,5,11,19,88,88,0,0,0,1,0
5,50323,1,1,0,0,0,1,1,7,0,11,9,2013,4,19,15,0,6,4,CR-HOOK MONUMENT RD.,,0,36.17776389,-94.42693611,0,34,0,0,1,1,0,4,5,1,0,1,0,0000000,19,15,19,24,88,88,0,0,0,1,0
5,50324,2,2,0,1,1,2,2,143,3670,12,9,2013,5,8,57,0,13,2,US-71-17B,OAK AVE,68,36.18955,-94.13833056,0,12,1,0,2,3,0,1,1,1,0,1,0,0000000,8,58,9,1,9,7,0,0,0,1,0
5,50325,1,1,0,0,0,2,2,145,3425,13,9,2013,6,14,46,0,3,3,SR-5-14,,172,35.33633889,-92.07801111,0,59,0,0,1,1,0,4,1,1,0,1,0,0000000,14,44,15,11,16,25,0,0,0,1,1
5,50326,1,1,0,0,0,1,1,119,2880,18,9,2013,4,15,25,0,16,6,LINDENHURST,,0,34.81024722,-92.27044444,0,53,0,0,1,1,0,4,1,1,0,1,0,0000000,15,26,15,30,15,52,0,0,0,1,0
5,50327,2,2,0,0,0,2,2,63,0,20,9,2013,6,13,57,0,3,3,SR-25-05,OLD STONER RD.,139,35.82934167,-91.41936389,0,12,2,0,2,3,0,1,1,2,0,2,0,0000000,13,58,14,42,15,4,0,0,0,1,0
5,50328,1,1,0,0,0,1,1,87,0,21,9,2013,7,2,49,0,4,2,US-412-03B,CR-7505,23,36.13203889,-93.85344167,0,59,0,0,3,3,0,4,2,1,0,1,0,0000000,2,45,2,58,88,88,0,0,0,1,1
5,50329,2,2,0,0,0,3,3,31,2070,22,9,2013,1,18,22,0,13,3,SR- 91-02,CS- AZALEA,174,35.84519167,-90.687325,0,12,6,0,2,3,0,1,1,1,0,1,0,0000000,18,26,18,27,18,44,0,0,0,2,0
5,50330,3,1,2,2,3,1,2,9,0,22,9,2013,1,21,32,0,4,3,SR-7-20,JAMES PHIEFER LN,59,36.28956389,-93.06092222,0,14,0,0,3,3,0,4,2,1,0,1,0,0000000,21,32,21,41,22,14,19,23,0,2,0
5,50331,2,1,1,0,1,1,2,117,0,26,9,2013,5,3,30,1,1,1,I-40-42,,1886,34.81813611,-91.64644167,0,14,0,0,1,1,0,2,2,1,0,1,0,0000000,4,9,4,28,5,5,0,0,0,1,0
5,50332,1,1,0,0,0,1,1,23,0,26,9,2013,5,17,54,0,6,4,CR- CADRON CREEK ROAD,,0,35.40632778,-92.22565833,0,42,0,0,1,1,0,4,1,1,0,1,0,0000000,88,88,88,88,88,88,0,0,0,1,0
5,50333,2,2,0,0,0,5,5,107,0,27,9,2013,6,18,25,0,4,3,SR- 242-00,CR- 326,18,34.51905,-90.658125,0,12,6,0,2,3,0,1,1,1,0,1,0,0000000,18,48,18,52,19,55,0,0,0,1,0
5,50334,1,1,0,0,0,2,2,109,0,27,9,2013,6,22,30,0,3,3,SR- 27-05,,22,34.02868611,-93.75250556,0,1,0,0,1,1,0,1,2,1,0,1,0,0000000,22,45,22,50,99,99,0,0,0,1,1
5,50335,1,1,0,0,0,1,1,115,3450,28,9,2013,7,10,32,0,14,3,SR- 326-00,,13,35.30483889,-93.16046944,0,24,0,0,1,1,0,4,1,1,0,1,0,0000000,10,32,10,37,99,99,0,0,0,1,0
5,50336,1,1,0,0,0,2,2,119,2320,29,9,2013,1,11,39,0,16,6,PRINCETON,MONROE,0,34.73625278,-92.32843611,0,32,0,0,3,3,0,4,1,1,0,1,0,0000000,11,40,11,46,12,5,0,0,0,1,0
5,50337,1,1,0,0,0,1,1,85,0,3,5,2013,6,8,27,0,6,4,CR-LEWISBURG RD.,,0,35.04542222,-92.01806389,0,38,0,0,1,1,0,4,1,2,0,2,0,0000000,88,88,88,88,88,88,0,0,0,1,0
5,50338,2,2,0,0,0,4,4,15,0,2,10,2013,4,16,50,0,4,3,SR- 143-01,,45,36.45138611,-93.61862778,0,12,6,0,1,1,0,1,1,1,0,1,0,0000000,16,51,17,9,17,45,0,0,0,1,0
5,50339,2,2,0,0,0,2,2,35,0,4,10,2013,6,21,35,1,11,1,I-55-11,BRIDGE PORT ON RAMP,14,35.13807778,-90.09578611,0,12,1,1,5,1,0,1,2,1,0,1,0,0000000,99,98,99,98,88,88,0,0,0,1,1
5,50340,1,1,0,0,0,5,5,145,0,6,10,2013,1,4,8,1,2,2,US-67-12,,103,35.13979722,-91.80943889,0,24,0,0,1,1,0,4,2,1,0,1,0,0000000,4,12,4,23,5,8,0,0,0,2,1
5,50341,3,3,0,1,1,5,5,125,330,7,10,2013,2,20,14,1,11,1,I-30-22,,1155,34.56286389,-92.60804444,0,8,0,0,1,1,0,1,3,1,0,1,0,0000000,20,14,20,14,88,88,0,0,0,1,0
5,50342,2,2,0,0,0,3,3,33,0,8,10,2013,3,18,39,0,4,3,SR-162-01,CR-MAYS BRANCH RD,42,35.43498056,-94.26658889,0,12,1,0,2,3,0,1,1,1,0,1,0,0000000,18,40,18,50,99,99,0,0,0,1,0
5,50343,1,1,0,0,0,2,2,125,0,9,10,2013,4,3,22,0,4,3,SR-229-05,,16,34.56461111,-92.61935278,0,24,0,0,1,1,0,4,2,1,0,1,0,0000000,3,27,3,46,99,99,0,0,0,1,1
5,50345,2,2,0,0,0,2,2,35,4120,9,10,2013,4,20,51,0,16,6,SOUTHLAND DR,,0,35.15858333,-90.13786944,0,12,6,0,8,1,0,1,3,1,0,1,0,0000000,20,57,21,1,88,88,0,0,0,1,1
5,50346,1,1,0,0,0,2,2,119,2320,10,10,2013,5,18,40,0,13,3,SR-5-09,,35,34.68100278,-92.40508056,0,34,0,0,1,1,0,4,1,1,0,1,0,0000000,18,44,18,50,19,25,0,0,0,1,1
5,50348,1,1,0,0,0,2,2,119,0,12,10,2013,7,10,27,0,6,4,CR-SPARKS RD,,0,34.71042222,-92.50350278,0,52,0,0,1,1,0,4,1,2,0,2,0,0000000,10,30,10,48,99,99,0,0,0,1,0
5,50349,2,2,0,0,0,4,4,7,0,12,10,2013,7,21,34,1,2,2,US-412-01,OLD HIGHWAY 68,70,36.17413611,-94.44291111,0,12,6,1,2,2,0,1,2,1,0,1,0,0000000,21,32,21,56,22,30,0,0,0,1,0
5,50350,2,2,0,0,0,2,2,145,3530,13,10,2013,1,20,26,0,13,2,US-67-12C,,50,35.25054167,-91.709575,0,12,6,0,8,1,0,1,3,1,0,1,0,0000000,20,26,20,31,20,43,0,0,0,1,0
5,50351,1,1,0,0,0,2,2,7,2380,13,10,2013,1,22,59,0,13,2,US- 71-18B,,40,36.26831944,-94.13648611,0,30,0,0,1,1,0,5,2,1,0,1,0,0000000,23,4,23,13,23,32,0,0,0,1,0
5,50352,2,2,0,0,0,2,2,125,0,15,10,2013,3,6,30,0,9,4,CR- CONGO ROAD,,0,34.64450278,-92.57816667,0,12,6,0,1,1,0,1,2,8,0,8,0,0000000,6,39,6,50,7,19,0,0,0,1,0
5,50353,1,1,0,0,0,2,2,75,0,15,10,2013,3,14,18,0,4,3,SR- 117-01,,40,36.01985556,-91.33604167,0,52,0,0,1,1,0,4,1,2,0,2,0,0000000,88,88,88,88,88,88,0,0,0,1,1
5,50354,2,2,0,0,0,3,3,27,1230,16,10,2013,4,6,20,1,2,2,US- 79-01,SR- 98,60,33.09766667,-93.19202778,0,12,6,0,2,2,0,1,2,2,0,2,0,0000000,6,33,6,48,7,23,0,0,0,1,0
5,50355,2,2,0,0,0,2,2,119,2320,16,10,2013,4,20,31,1,1,1,I-530-01,,38,34.65815833,-92.261875,0,12,2,0,1,1,0,1,2,1,0,1,0,0000000,20,31,20,40,99,99,0,0,0,1,0
5,50356,2,2,0,1,1,2,2,119,2880,17,10,2013,5,6,38,1,11,1,I-40-33,,1539,34.77822222,-92.2508,0,8,0,0,1,1,0,1,2,1,0,1,0,0000000,6,38,6,45,99,99,0,0,0,1,0
5,50357,1,1,0,0,0,2,2,125,0,17,10,2013,5,15,45,0,6,4,CR- RICE RD,,0,34.73286944,-92.84055833,0,42,0,0,1,1,0,4,1,1,0,1,0,0000000,15,48,16,40,17,35,0,0,0,1,1
5,50358,1,1,0,0,0,1,1,125,0,17,10,2013,5,18,11,0,6,4,CR- UNITY RD,,0,34.709475,-92.80385,0,11,0,0,1,1,0,1,1,1,0,1,0,0000000,18,7,18,48,19,27,0,0,0,1,0
5,50359,2,2,0,0,0,2,2,71,800,17,10,2013,5,18,45,0,13,2,US- 64-04,I- 40 RAMP,111,35.46600833,-93.52031111,0,12,1,1,5,1,0,1,5,1,0,1,0,0000000,18,45,18,59,19,14,0,0,0,1,1
5,50360,1,1,0,1,1,1,1,145,3530,17,10,2013,5,20,46,0,4,3,SR- 367-16,,3,35.22412222,-91.73271111,0,9,0,0,1,1,0,1,2,1,0,1,0,0000000,20,40,20,44,21,9,0,0,0,1,0
5,50361,1,1,0,0,0,1,1,113,0,19,10,2013,7,12,41,1,2,2,US- 71-08,,250,34.50176111,-94.36321667,0,1,0,0,1,1,0,2,1,1,0,1,0,0000000,12,44,12,53,99,99,0,0,0,1,0
5,50362,1,1,0,1,1,1,1,7,740,19,10,2013,7,18,53,0,5,3,SR- 279-00,,18,36.34128611,-94.30307778,0,8,0,0,1,1,0,1,2,1,0,1,0,0000000,18,54,19,5,19,32,0,0,0,1,0
5,50363,2,2,0,0,0,5,5,129,0,20,10,2013,1,12,0,1,2,2,US-65-06,SOUTH MOUNTAIN RD.,15,35.89491389,-92.61455833,0,1,0,0,2,2,0,1,1,1,0,1,0,0000000,12,0,12,5,88,88,0,0,0,1,0
5,50364,1,1,0,0,0,1,1,73,2300,23,10,2013,4,7,50,0,16,6,RED OAK ST.,,0,33.35482778,-93.57110278,0,10,0,0,6,1,0,1,1,1,0,1,0,787503N,7,56,7,59,88,88,0,0,0,1,0
5,50365,1,1,0,0,0,2,2,45,3950,24,10,2013,5,19,22,0,6,4,CR-NAYLOR RD.,,0,35.09648889,-92.19806944,0,34,0,0,1,1,0,4,2,1,0,1,0,0000000,19,34,19,46,99,99,0,0,0,1,0
5,50366,2,2,0,0,0,2,2,31,0,25,10,2013,6,0,1,0,14,3,SR-1-17B,CR-401,8,35.73394167,-90.6929,0,12,2,0,1,1,0,1,2,1,0,1,0,0000000,0,12,0,18,1,0,0,0,0,1,1
5,50367,2,1,1,0,0,1,1,15,1280,25,10,2013,6,15,10,0,3,2,US-62-03,AVO STREET,113,36.40227222,-93.74755833,0,42,0,0,3,3,0,5,1,1,0,1,0,0000000,15,10,15,12,88,88,0,0,0,1,0
5,50368,1,1,0,1,1,1,1,131,1370,27,10,2013,1,0,56,0,16,6,N GREENWOOD AVE,N J ST,0,35.38784722,-94.40315833,0,8,0,0,3,2,0,1,2,1,0,1,0,0000000,0,59,1,9,88,88,0,0,0,1,1
5,50369,1,1,0,0,0,1,1,103,0,27,10,2013,1,10,10,0,3,2,US-278-08,,156,33.58545,-92.86605833,0,32,0,0,1,1,0,4,1,2,0,2,0,0000000,10,10,10,15,99,99,0,0,0,1,0
5,50370,2,2,0,0,0,3,3,57,1890,27,10,2013,1,19,57,0,13,2,US-278-05B,AVE. F,6,33.67309444,-93.59866389,0,12,6,0,2,3,0,1,2,1,0,1,0,0000000,19,58,20,2,99,99,0,0,0,1,1
5,50371,2,2,0,0,0,2,2,119,2320,27,10,2013,1,20,15,0,16,6,CS- KANIS ROAD,,0,34.74032222,-92.37324167,0,12,2,0,1,1,0,1,2,1,0,1,0,0000000,20,30,20,33,20,59,0,0,0,1,1
5,50372,3,3,0,0,0,6,6,123,0,28,10,2013,2,7,44,1,2,3,SR- 1-12,,69,35.08816389,-90.81313056,0,12,2,0,1,1,0,1,1,1,0,1,0,0000000,7,51,8,33,9,20,0,0,0,1,0
5,50373,1,1,0,1,1,1,1,49,0,28,10,2013,2,9,45,1,2,2,US-62-13,CS- LIBERTY HILL RD,69,36.30154444,-91.75665278,0,8,0,0,2,2,0,1,1,5,0,5,0,0000000,9,46,9,56,10,54,0,0,0,1,0
5,50374,1,1,0,0,0,1,1,145,0,28,10,2013,2,17,8,1,2,2,US- 67-12,SR- 31  UNDERPASS,50,35.09205,-91.88201944,0,21,0,0,1,1,0,4,1,1,0,1,0,0000000,17,12,17,17,17,52,0,0,0,1,0
5,50375,1,1,0,0,0,1,1,39,0,28,10,2013,2,20,30,0,4,3,SR- 7-05,,48,33.93307222,-92.8705,0,1,0,0,1,1,0,1,2,5,0,5,0,0000000,88,88,88,88,88,88,0,0,0,1,1
5,50376,1,1,0,0,0,3,3,75,0,28,10,2013,2,20,35,0,6,4,CR-269,CR- 2690,0,36.07359444,-91.25436667,0,53,0,0,3,4,0,4,2,5,0,5,0,0000000,20,35,20,53,99,99,0,0,0,1,1
5,50377,2,2,0,0,0,2,2,97,0,29,10,2013,3,6,0,0,3,3,SR-8-02,CS- WILLARD LN,266,34.35363889,-93.5607,0,12,6,0,2,3,0,1,2,1,0,1,0,0000000,5,54,6,0,7,55,0,0,0,1,0
5,50378,1,1,0,1,1,1,1,79,0,29,10,2013,3,6,15,1,2,2,US-65-16,CHESAPEAKE RD.,73,34.03999444,-91.61753889,0,8,0,1,3,2,0,1,2,5,0,5,0,0000000,99,98,99,98,88,88,19,0,0,1,0
5,50379,1,1,0,0,0,1,1,27,0,29,10,2013,3,20,0,1,2,2,US- 79-02,,10,33.31059167,-93.21003056,0,32,0,0,1,1,0,4,2,1,0,1,0,0000000,88,88,88,88,88,88,0,0,0,1,1
5,50380,1,1,0,0,0,1,1,115,0,31,10,2013,5,17,15,0,6,6,RIVER RD.,,0,35.16566667,-93.03830556,0,18,0,0,1,1,0,1,1,1,0,1,0,0000000,17,15,17,28,99,99,0,0,0,1,0
5,50381,1,1,0,0,0,2,2,105,0,28,9,2013,7,14,5,0,2,3,SR- 7-11,,127,34.89859167,-93.12496111,0,35,0,0,1,1,0,4,1,1,0,1,0,0000000,14,8,14,35,14,50,0,0,0,1,0
5,50382,1,1,0,0,0,1,1,27,0,2,11,2013,7,1,10,0,4,3,SR-19-01,,156,33.23191111,-93.25715556,0,53,0,0,1,1,0,4,2,1,0,1,0,0000000,1,14,1,21,88,88,0,0,0,1,1
5,50383,1,1,0,0,0,1,1,53,0,2,11,2013,7,15,58,1,2,2,US-270-10,,58,34.31907222,-92.30142778,0,53,0,0,1,1,0,4,1,1,0,1,0,0000000,88,88,88,88,88,88,0,0,0,1,0
5,50384,1,1,0,0,0,3,3,137,0,3,11,2013,1,0,30,0,3,3,SR-5-16,TUTTLE RIDGE RD,67,35.78104444,-91.95831389,0,53,0,0,3,3,0,4,2,1,0,1,0,0000000,0,42,1,23,2,24,0,0,0,2,0
5,50385,2,1,1,0,1,1,2,123,0,3,11,2013,1,1,0,1,1,1,I-40-51,,2520,35.09590556,-90.61612222,0,14,0,0,1,1,0,2,2,1,0,1,0,0000000,1,0,1,0,99,99,0,0,0,1,0
5,50386,2,2,0,0,0,6,6,91,3810,4,11,2013,2,17,10,0,13,2,US-67-01,SANDERSON LN,23,33.44578889,-94.01193611,0,12,6,0,2,3,0,1,3,2,0,2,0,0000000,17,12,17,18,17,54,0,0,0,2,0
5,50387,1,1,0,0,0,1,1,9,0,4,11,2013,2,17,25,0,6,6,CR-DENVER RD.,,0,36.38694444,-93.25905833,0,38,0,0,1,1,0,4,2,2,0,2,0,0000000,17,33,17,56,18,47,0,0,0,1,1
5,50388,1,1,0,0,0,4,4,89,0,4,11,2013,2,21,18,0,6,4,CR-8001,,0,36.3391,-92.75108056,0,42,0,0,1,1,0,5,2,10,0,10,0,0000000,21,24,21,45,88,88,0,0,0,4,0
5,50389,1,1,0,0,0,1,1,119,2880,4,11,2013,2,23,42,1,11,1,I-40-33,,1508,34.799025,-92.30650833,0,1,0,0,1,1,0,1,2,2,0,2,0,0000000,22,42,22,49,23,13,0,0,0,1,1
5,50390,1,1,0,0,0,1,1,51,1907,5,11,2013,3,9,51,0,16,6,FOREST VIEW CIR.,,0,34.46551111,-93.04378889,0,35,0,0,1,1,0,4,1,1,0,1,0,0000000,9,58,10,5,10,27,0,0,0,1,0
5,50391,2,2,0,0,0,5,5,45,860,5,11,2013,3,16,20,0,4,3,SR-286-02,,51,35.04530278,-92.33888056,0,12,2,0,1,1,0,1,1,1,0,1,0,0000000,16,20,16,28,17,55,0,0,0,1,0
5,50392,2,2,0,0,0,4,4,57,1890,6,11,2013,4,12,33,0,3,2,US- 278-05,SR- 32,200,33.72206667,-93.64754722,0,12,6,0,2,2,0,1,1,2,0,2,0,0000000,12,32,12,40,13,17,0,0,0,1,0
5,50393,1,1,0,0,0,1,1,123,0,6,11,2013,4,18,5,0,4,3,SR- 306-02,,84,35.13170556,-90.91452778,0,35,0,0,1,1,0,5,2,2,0,2,0,0000000,18,10,18,20,99,99,0,0,0,1,0
5,50394,2,2,0,0,0,4,4,119,2880,6,11,2013,4,20,34,0,16,6,CS- VALENTINE ROAD,,0,34.78520556,-92.11622778,0,12,2,0,1,1,0,1,3,1,0,1,0,0000000,20,36,20,45,21,20,0,0,0,3,1
5,50395,1,1,0,1,1,2,2,51,0,7,11,2013,5,19,48,1,2,2,US- 270-06,CS- STARR DRIVE,54,34.46428333,-92.97160556,0,8,0,0,2,3,0,1,2,1,0,1,0,0000000,19,49,19,58,20,15,0,0,0,1,0
5,50396,2,2,0,0,0,2,2,7,0,8,11,2013,6,15,29,0,6,4,CR-GUYLL RIDGE RD.,,0,36.37969444,-94.04245833,0,12,2,0,1,1,0,1,1,1,0,1,0,0000000,15,30,15,44,16,13,4,0,0,1,0
5,50397,1,1,0,0,0,3,3,125,0,9,11,2013,7,2,0,0,4,3,SR- 5-07,,21,34.61718889,-92.84116389,0,1,0,0,1,1,0,1,2,1,0,1,0,0000000,1,53,2,23,2,47,0,0,0,1,1
5,50398,3,1,2,0,0,1,1,51,1912,10,11,2013,1,5,3,0,13,3,SR- 7-09,,51,34.44447222,-93.08988333,0,1,0,0,1,1,0,1,2,1,0,1,0,0000000,5,3,5,7,99,99,0,0,0,1,1
5,50399,2,2,0,1,1,2,2,119,2320,10,11,2013,1,21,53,1,11,1,I- 630-21,,20,34.74370556,-92.29968889,0,8,0,0,1,1,0,1,3,1,0,1,0,0000000,99,98,99,98,88,88,0,0,0,1,0
5,50400,1,1,0,0,0,1,1,79,1550,13,11,2013,4,9,35,0,16,6,CS- RAILROAD STREET,CS- GRADY AVENUE,0,34.08491389,-91.70955,0,10,0,0,6,1,0,1,1,1,0,1,0,426237D,9,40,10,1,99,99,0,0,0,1,0
5,50401,1,1,0,0,0,1,1,139,0,14,11,2013,5,3,15,0,4,3,SR- 129-01,,106,33.07092778,-92.30674167,0,42,0,0,1,1,0,4,2,1,0,1,0,0000000,3,33,99,97,99,97,0,0,0,1,0
5,50402,2,1,1,0,0,2,2,59,0,14,11,2013,5,4,7,1,1,1,I-30-21,REST AREA ENTRY,930,34.35116944,-92.89091944,0,14,0,1,5,1,0,5,2,1,0,1,0,0000000,4,20,4,32,5,11,0,0,0,1,0
5,50403,1,1,0,0,0,2,2,117,1080,14,11,2013,5,7,55,0,3,3,SR- 38-01,,169,34.9773,-91.51896389,0,1,0,0,1,1,0,4,1,1,0,1,0,0000000,8,15,8,25,9,24,0,0,0,1,0
5,50404,2,2,0,0,0,3,3,31,0,14,11,2013,5,8,34,0,3,3,SR- 135-02,,19,35.72884167,-90.34034167,0,12,7,0,4,1,0,1,1,1,0,1,0,0000000,8,39,8,55,9,33,0,0,0,1,0
5,50405,1,1,0,0,0,1,1,47,0,14,11,2013,5,15,59,1,1,1,I-40-12,,383,35.510325,-93.80326111,0,24,0,0,1,1,0,4,1,1,0,1,0,0000000,16,6,16,25,16,35,0,0,0,1,0
5,50406,2,2,0,0,0,2,2,139,0,15,11,2013,6,16,46,1,2,2,US-82-06,,65,33.15262778,-92.53737222,0,12,1,0,8,1,0,2,1,1,0,1,0,0000000,16,48,16,54,88,88,0,0,0,1,1
5,50407,1,1,0,0,0,1,1,23,0,16,11,2013,7,16,0,0,6,4,CR- PLEASANT SPRINGS ROAD,,0,35.42633333,-92.10623333,0,34,0,0,1,1,0,4,1,1,0,1,0,0000000,15,58,16,8,17,5,0,0,0,1,0
5,50408,2,2,0,0,0,2,2,119,2320,17,11,2013,1,22,20,1,11,1,I-440-01,,15,34.71554444,-92.25470278,0,12,2,0,1,1,0,1,2,1,0,1,0,0000000,22,42,22,52,23,15,0,0,0,1,1
5,50409,1,1,0,0,0,1,1,59,0,19,11,2013,3,6,36,0,4,2,US-67-08,,61,34.4069,-92.73971389,0,21,0,0,1,1,0,4,4,1,0,1,0,0000000,88,88,88,88,88,88,0,0,0,1,0
5,50410,2,1,1,0,1,3,4,59,0,20,11,2013,4,8,26,1,1,1,I-30-21,93 EB REST AREA,930,34.35004722,-92.89284444,0,14,0,1,5,1,0,5,1,1,0,1,0,0000000,8,32,8,47,9,7,0,0,0,1,0
5,50411,1,1,0,0,0,1,1,51,0,21,11,2013,5,10,11,1,2,2,US-270-05,,153,34.50946111,-93.153875,0,35,0,0,1,1,0,4,1,2,0,2,0,0000000,88,88,88,88,88,88,0,0,0,1,0
5,50412,2,2,0,0,0,5,5,85,600,22,11,2013,6,7,43,0,3,3,SR-5-12,,68,35.03999444,-92.07748889,0,12,2,0,1,1,0,1,1,2,0,2,0,0000000,7,44,7,57,9,11,0,0,0,1,0
5,50413,1,1,0,0,0,1,1,45,860,23,11,2013,7,3,15,0,16,6,CS- SALEM ROAD,CS- HIPPO DRIVE,0,35.10040833,-92.47110278,0,38,0,0,3,3,0,4,2,2,0,2,0,0000000,3,18,3,22,3,55,0,0,0,1,0
5,50414,1,1,0,0,0,1,1,81,160,23,11,2013,7,17,57,0,6,6,S. PARK AVE.,,0,33.66970556,-94.12747222,0,10,0,0,6,1,0,1,2,1,0,1,0,848725X,17,57,18,0,88,88,0,0,0,1,0