STATE,ST_CASE,VE_TOTAL,VE_FORMS,PVH_INVL,PEDS,PERNOTMVIT,PERMVIT,PERSONS,COUNTY,CITY,DAY,MONTH,YEAR,DAY_WEEK,HOUR,MINUTE,NHS,ROAD_FNC,ROUTE,TWAY_ID,TWAY_ID2,MILEPT,LATITUDE,LONGITUD,SP_JUR,HARM_EV,MAN_COLL,RELJCT1,RELJCT2,TYP_INT,WRK_ZONE,REL_ROAD,LGT_COND,WEATHER1,WEATHER2,WEATHER,SCH_BUS,RAIL,NOT_HOUR,NOT_MIN,ARR_HOUR,ARR_MIN,HOSP_HR,HOSP_MN,CF1,CF2,CF3,FATALS,DRUNK_DR
5,50415,2,2,0,0,0,4,4,65,1905,25,11,2013,2,8,50,0,4,3,SR-289-02,,18,36.20041111,-91.759775,0,12,2,0,1,1,0,1,1,3,2,3,0,0000000,8,54,9,18,10,2,0,0,0,1,0
5,50416,1,1,0,1,1,1,1,91,0,27,11,2013,4,1,0,1,1,1,I-30-11,,132,33.56646111,-93.85437778,0,8,0,0,1,1,0,1,2,1,0,1,0,0000000,99,98,99,98,88,88,23,0,0,1,0
5,50417,2,2,0,1,1,4,4,143,1310,29,11,2013,6,23,0,0,13,2,US- 71-16B,,13,36.04681111,-94.16469722,0,8,0,0,1,1,0,1,3,1,0,1,0,0000000,99,98,99,98,88,88,0,0,0,1,0
5,50418,1,1,0,0,0,2,2,119,0,30,11,2013,7,21,45,0,4,3,SR- 113-02,,30,34.90691667,-92.64929167,0,1,0,0,1,1,0,1,2,1,0,1,0,0000000,21,46,22,5,23,13,0,0,0,1,1
5,50419,1,1,0,1,1,1,1,143,1310,14,11,2013,5,21,49,0,13,2,US- 62-01,,229,36.04943889,-94.21298889,0,8,0,0,1,1,0,1,2,2,0,2,0,0000000,21,52,21,57,99,99,0,0,0,1,0
5,50420,1,1,0,0,0,1,1,19,0,1,12,2013,1,6,25,0,3,2,US- 67-05,,5,33.92758056,-93.15155,0,59,0,0,1,1,0,4,4,1,0,1,0,0000000,6,10,6,29,88,88,0,0,0,1,0
5,50421,2,2,0,0,0,4,4,33,0,1,12,2013,1,7,5,0,3,2,US- 71-15,GREGORY CHAPEL ROAD,55,35.56461111,-94.206475,0,12,2,0,2,3,0,1,1,1,0,1,0,0000000,7,8,7,15,99,99,0,0,0,1,0
5,50422,1,1,0,0,0,1,1,47,0,2,12,2013,2,14,14,1,1,1,I- 40-12,,390,35.50807222,-93.79225,0,34,0,0,1,1,0,4,1,1,0,1,0,0000000,14,14,14,19,99,99,0,0,0,1,0
5,50423,3,3,0,0,0,3,3,45,3950,3,12,2013,3,5,40,1,2,2,US- 64-09,CS- STANLEY ROAD,162,35.07318333,-92.16821667,0,12,6,0,2,2,0,1,2,5,0,5,0,0000000,5,50,6,0,88,88,0,0,0,1,0
5,50424,2,2,0,0,0,2,2,119,0,4,12,2013,4,7,9,0,4,3,SR-365-11,,5,34.89690833,-92.446025,0,12,6,0,1,1,0,1,1,1,0,1,0,0000000,7,15,7,25,8,18,0,0,0,1,0
5,50425,1,1,0,0,0,1,1,5,0,4,12,2013,4,14,34,0,3,3,SR-5-19,CANNIE BAKER RD.,36,36.362975,-92.43378611,0,32,0,0,3,3,0,4,1,1,0,1,0,0000000,14,36,14,42,15,4,0,0,0,1,0
5,50426,1,1,0,0,0,2,2,115,0,4,12,2013,4,15,9,0,6,4,CR- WALNUT VALLEY ROAD,,0,35.46437778,-93.14543611,0,42,0,0,1,1,0,4,1,1,0,1,0,0000000,15,10,15,18,99,99,0,0,0,2,0
5,50428,1,1,0,1,1,4,4,131,1370,8,12,2013,1,4,35,0,13,2,US- 71-14B,CS- BOSTON STREET,38,35.35556944,-94.42205,0,8,0,0,3,3,0,1,2,2,0,2,0,0000000,4,40,4,52,88,88,0,0,0,1,0
5,50429,2,2,0,0,0,3,3,53,0,8,12,2013,1,17,35,0,2,2,US-270-09,,101,34.31717222,-92.50586111,0,12,2,0,1,1,0,1,2,5,0,5,0,0000000,17,38,17,50,99,99,0,0,0,1,1
5,50430,1,1,0,0,0,1,1,119,2036,11,12,2013,4,4,31,0,16,6,CS- JP WRIGHT LOOP ROAD,,0,34.86568333,-92.08849722,0,42,0,0,1,1,0,5,2,1,0,1,0,0000000,4,32,4,39,88,88,0,0,0,1,1
5,50431,2,2,0,0,0,2,2,129,0,11,12,2013,4,11,39,1,2,2,US-65-06,,56,35.84644722,-92.58388889,0,12,2,0,1,1,0,1,1,1,0,1,0,0000000,11,42,11,54,13,9,0,0,0,2,0
5,50432,2,1,1,0,0,2,2,27,2490,11,12,2013,4,23,15,0,14,3,SR-355-08,EAST LANE,2,33.29377778,-93.23618056,0,14,0,0,3,2,0,5,3,1,0,1,0,0000000,23,20,23,26,0,12,0,0,0,1,1
5,50433,1,1,0,0,0,1,1,5,2730,13,12,2013,6,9,30,0,4,3,SR-201-00,CR-612,77,36.27917222,-92.38816111,0,23,0,0,1,1,0,4,1,6,8,6,0,0000000,9,30,9,40,99,99,0,0,0,1,0
5,50434,2,2,0,0,0,4,4,95,0,15,12,2013,1,11,33,1,1,1,I-40-43,,2072,34.85602778,-91.32961111,0,54,11,0,1,1,0,1,1,1,0,1,0,0000000,99,98,99,98,88,88,14,0,0,1,0
5,50435,2,2,0,0,0,2,2,93,2970,15,12,2013,1,20,25,0,13,3,SR- 140-02,SC- DENSO ROAD,151,35.69817222,-90.04097778,0,12,6,0,2,3,0,1,2,1,0,1,0,0000000,20,22,20,35,21,15,0,0,0,1,0
5,50436,1,1,0,0,0,1,1,119,2320,16,12,2013,2,18,38,1,11,1,I- 30-23,,1390,34.72534167,-92.26599444,0,33,0,0,1,1,0,4,1,1,0,1,0,0000000,18,41,18,46,99,99,0,0,0,1,0
5,50437,1,1,0,1,1,1,1,119,2036,16,12,2013,2,19,55,1,13,2,US- 67-10,,130,34.91040556,-92.08331944,0,8,0,0,1,1,0,1,2,1,0,1,0,0000000,20,4,20,9,99,99,0,0,0,1,0
5,50438,7,7,0,0,0,8,8,123,0,17,12,2013,3,15,19,1,1,1,I- 40-51,,2452,35.03929167,-90.715275,0,12,1,0,1,1,1,1,1,1,0,1,0,0000000,15,21,15,32,88,88,3,0,0,1,0
5,50439,2,2,0,0,0,1,1,53,0,18,12,2013,4,6,18,0,6,4,CR- 75,,0,34.31459722,-92.26399167,0,12,1,0,1,1,0,1,2,1,0,1,0,0000000,99,98,99,98,88,88,0,0,0,1,0
5,50440,1,1,0,0,0,1,1,119,0,19,12,2013,5,19,49,0,6,4,CR- BATESVILLE PIKE,,0,34.96919167,-92.17316111,0,30,0,0,1,1,0,4,2,1,0,1,0,0000000,99,99,99,99,88,88,0,0,0,1,0
5,50441,2,2,0,0,0,2,2,3,0,20,12,2013,6,7,36,1,2,2,US- 425-02,,10,33.24434167,-91.79653056,0,12,2,0,1,1,0,1,1,1,0,1,0,0000000,7,53,8,8,9,35,0,0,0,1,0
5,50442,1,1,0,0,0,2,2,119,2320,22,12,2013,1,22,29,0,16,6,CHENAL PARKWAY,,0,34.78247778,-92.47113333,0,42,0,0,1,1,0,4,3,1,0,1,0,0000000,99,98,99,98,88,88,0,0,0,2,1
5,50443,1,1,0,0,0,1,1,125,0,23,12,2013,2,8,2,1,1,1,I- 30-22,,1087,34.50820833,-92.69869167,0,1,0,0,1,1,0,1,1,1,0,1,0,0000000,8,2,8,7,88,88,0,0,0,1,0
5,50444,1,1,0,0,0,1,1,57,0,24,12,2013,3,18,45,0,4,3,SR- 29-04,,83,33.77937778,-93.60445278,0,42,0,0,1,1,0,5,2,1,0,1,0,0000000,18,57,19,9,20,2,0,0,0,1,1
5,50445,2,2,0,0,0,4,4,97,0,25,12,2013,4,14,26,0,4,2,US- 270-03,,63,34.67358611,-93.78563889,0,12,2,0,1,1,0,1,1,1,0,1,0,0000000,14,33,15,8,16,25,0,0,0,1,0
5,50446,2,2,0,0,0,2,2,11,4030,25,12,2013,4,18,30,0,14,2,US- 63-16,CS- BRYANT STREET,72,33.6212,-92.07197778,0,12,2,0,2,3,0,1,3,1,0,1,0,0000000,18,32,18,37,99,99,0,0,0,1,1
5,50447,1,1,0,0,0,1,1,93,0,27,12,2013,6,3,0,0,6,4,CR- 314,,0,35.87270278,-90.14423333,0,1,0,0,1,1,0,1,2,1,0,1,0,0000000,3,5,3,15,88,88,0,0,0,1,1
5,50448,2,2,0,0,0,2,2,117,0,30,12,2013,2,8,40,0,3,2,US-63-11,,78,34.71971667,-91.55329444,0,12,2,0,1,1,0,1,1,1,0,1,0,0000000,8,42,9,0,99,99,0,0,0,1,0
5,50449,2,2,0,0,0,3,3,133,0,30,12,2013,2,20,50,1,2,2,US-70-01,,27,34.05449167,-94.42831389,0,12,2,0,1,1,0,1,2,1,0,1,0,0000000,21,2,21,7,99,99,0,0,0,1,0
5,50450,1,1,0,0,0,2,2,53,0,30,12,2013,2,13,0,0,2,2,US-270-09,,56,34.31875278,-92.58293611,0,42,0,0,1,1,0,4,1,1,0,1,0,0000000,13,6,13,14,99,99,0,0,0,1,0
5,50451,1,1,0,0,0,1,1,33,0,30,12,2013,2,16,7,0,6,4,CR-OLD LOCKE RD.,,0,35.67725556,-94.07346389,0,1,0,0,1,1,0,4,5,1,0,1,0,0000000,16,10,16,31,88,88,0,0,0,1,0
5,50452,2,2,0,0,0,4,4,55,3030,30,12,2013,2,18,15,0,3,3,SR-49-02,,95,36.13191667,-90.42548889,0,12,2,0,1,1,0,1,2,1,0,1,0,0000000,19,24,19,26,19,30,0,0,0,1,0
5,50453,2,2,0,0,0,2,2,81,0,31,12,2013,3,5,50,1,2,2,US-71-04,,1,33.55220556,-94.04133056,0,24,0,0,1,1,0,4,2,5,0,5,0,0000000,6,4,6,16,99,99,0,0,0,1,0
5,50454,1,1,0,0,0,2,2,125,260,7,1,2013,2,11,39,0,6,6,W. SARDIS RD.,,0,34.55834444,-92.44291111,0,30,0,0,1,1,0,4,1,1,0,1,0,0000000,11,39,11,50,99,99,0,0,0,1,0
5,50455,1,1,0,0,0,2,2,119,0,24,1,2013,5,23,12,0,6,4,CR-GARRISON RD.,,0,34.80330278,-92.57384722,0,42,0,0,1,1,0,4,2,1,0,1,0,0000000,23,13,23,30,99,99,0,0,0,2,0
5,50456,2,2,0,0,0,3,3,119,2880,14,2,2013,5,15,20,9,16,6,CS- MAIN STREET,CS- PERSHING,0,34.77920833,-92.26673611,0,12,6,0,2,2,0,1,1,1,0,1,0,0000000,15,25,15,31,99,99,0,0,0,1,0
5,50457,2,2,0,0,0,3,3,51,1907,3,3,2013,1,19,39,0,13,3,SR- 7-09,,79,34.46853889,-93.05928056,0,12,6,0,4,1,0,1,2,1,0,1,0,0000000,19,40,19,42,99,99,0,0,0,1,0
5,50458,2,2,0,0,0,2,2,119,2320,28,4,2013,1,18,55,0,13,3,SR- 10-08,CS- CHENAL PARKWAY,19,34.81115,-92.48945556,0,12,6,0,2,2,0,1,1,1,0,1,0,0000000,99,99,99,99,88,88,0,0,0,1,0
5,50459,1,1,0,1,1,1,1,119,0,23,5,2013,5,21,5,9,6,4,CR- WILLOW SPRINGS ROAD,CR- SANDSTONE,0,34.63336111,-92.32122222,0,8,0,0,1,1,0,1,2,1,0,1,0,0000000,21,33,21,40,99,99,0,0,0,1,0
5,50460,2,2,0,0,0,5,5,9,1750,5,10,2013,7,10,54,1,13,2,US- 65-01,,193,36.25778333,-93.12531111,0,12,2,0,1,1,0,1,1,2,0,2,0,0000000,10,54,10,57,99,99,0,0,0,1,0
5,50461,1,1,0,0,0,2,2,129,0,27,10,2013,1,19,41,1,2,2,US- 65-04,,23,36.06251111,-92.91676944,0,35,0,0,1,1,0,4,2,1,0,1,0,0000000,19,41,20,0,99,99,0,0,0,1,0
5,50462,1,1,0,0,0,1,1,143,1310,2,11,2013,7,1,31,0,13,2,US-71-16B,CS-GREEN ACRES ROAD,43,36.08570556,-94.15521111,0,11,0,0,2,2,0,1,2,1,0,1,0,0000000,1,32,1,36,99,99,0,0,0,1,0
5,50463,1,1,0,0,0,1,1,89,0,16,1,2013,4,16,42,0,5,3,SR-125-02,,64,36.42051944,-92.77598333,0,42,0,0,1,1,0,5,1,1,0,1,0,0000000,16,42,17,25,99,99,0,0,0,1,0
5,50464,1,1,0,0,0,2,2,125,0,21,2,2013,5,21,50,0,6,4,CR-CONGO ROAD,,0,34.65301111,-92.57702778,0,42,0,0,1,1,0,4,2,5,0,5,0,0000000,21,50,22,0,99,99,0,0,0,1,0
5,50465,2,2,0,0,0,4,4,119,2880,27,3,2013,4,15,20,0,16,6,CS-MCCAIN BLVD,,0,34.79191944,-92.22981667,0,12,1,0,1,1,0,1,1,1,0,1,0,0000000,99,98,99,98,88,88,0,0,0,1,0
5,50466,2,2,0,0,0,3,3,103,630,2,6,2013,1,17,45,0,4,3,SR-376-01,CS- MOUNT HOLLY ROAD,56,33.536175,-92.83816667,0,12,6,0,2,2,0,1,1,1,0,1,0,0000000,17,47,18,0,99,99,0,0,0,1,0
5,50467,2,2,0,0,0,2,2,141,820,23,7,2013,3,12,15,1,2,2,US-65-08,US-65B,0,35.60003333,-92.46207222,0,12,6,0,4,1,0,1,1,1,0,1,0,0000000,12,16,12,18,99,99,0,0,0,1,0
8,80001,1,1,0,1,1,1,1,77,0,1,1,2013,3,17,50,0,14,3,SR-340  BROADWAY,CR-GREENWOOD DR,85,39.08612222,-108.6499833,0,8,0,0,2,3,0,1,2,1,0,1,0,0000000,99,99,99,99,88,88,0,0,0,1,0
8,80002,1,1,0,0,0,3,3,43,0,2,1,2013,4,18,20,1,2,2,US-50,,2882,38.42555556,-105.0683333,0,1,0,0,1,1,0,3,2,1,0,1,0,0000000,99,99,99,99,99,99,0,0,0,1,0
8,80003,2,1,1,2,2,3,3,29,0,5,1,2013,7,11,20,0,3,3,SR-65,,299,39.02725556,-108.0311333,0,8,0,0,8,1,0,5,1,1,0,1,0,0000000,99,99,99,99,88,88,0,0,0,2,0
8,80004,1,1,0,0,0,1,1,123,870,4,1,2013,6,4,56,0,6,4,CR-8,,0,40.04398611,-104.8081889,0,10,0,0,6,1,0,1,2,1,0,1,0,804472U,99,99,99,99,88,88,0,0,0,1,0
8,80005,1,1,0,0,0,2,2,41,430,1,1,2013,3,21,56,1,11,1,I-25,,1440,38.8675,-104.8334417,0,24,0,0,1,1,0,3,3,1,0,1,0,0000000,99,99,99,99,99,99,0,0,0,1,0
8,80006,1,1,0,0,0,1,1,41,430,3,1,2013,5,6,26,0,15,6,ACADEMY PARK LOOP,,0,38.81435833,-104.7524111,0,1,0,0,1,1,0,1,4,1,0,1,0,0000000,99,99,99,99,88,88,0,0,0,1,1
8,80007,1,1,0,0,0,4,4,121,0,7,1,2013,2,16,45,0,6,4,CR-XX,,0,39.7175,-102.8586833,0,38,0,0,1,1,0,5,5,1,0,1,0,0000000,99,99,99,99,99,99,0,0,0,2,0
8,80008,1,1,0,0,0,1,1,19,0,8,1,2013,3,4,30,1,1,1,I-70,,2471,39.71843056,-105.4008333,0,1,0,0,1,1,0,4,2,1,0,1,0,0000000,4,45,99,99,88,88,0,0,0,1,0
8,80009,1,1,0,0,0,1,1,31,600,1,1,2013,3,7,25,1,11,1,I-70 RAMP F,,2741,39.78069722,-104.9886806,0,1,0,1,5,1,0,4,1,1,0,1,0,0000000,7,31,7,36,7,50,0,0,0,1,1
8,80010,1,1,0,0,0,2,2,59,0,12,1,2013,7,20,9,1,13,2,US-40  W COLFAX AVE,I-70 RAMPS,2880,39.73103333,-105.1694083,0,33,0,1,3,2,0,4,3,1,0,1,0,0000000,20,10,20,13,99,99,0,0,0,2,1
8,80011,1,1,0,0,0,2,2,41,0,13,1,2013,1,1,26,1,11,1,I-25,,1581,39.05505833,-104.8504667,0,24,0,1,19,1,0,3,2,4,0,4,0,0000000,99,99,99,99,99,99,0,0,0,1,1
8,80012,1,1,0,0,0,2,2,101,2050,12,1,2013,7,6,39,0,15,6,W 22ND ST,HOOPER AVE,0,38.28721944,-104.63335,0,1,0,0,3,10,0,1,3,1,0,1,0,0000000,6,39,6,47,7,5,0,0,0,1,1
8,80013,1,1,0,0,0,1,1,31,600,14,1,2013,2,23,13,1,11,1,I-70 RAMP B,,2785,39.77793611,-104.9050417,0,59,0,1,5,1,0,4,3,1,0,1,0,0000000,99,99,99,99,88,88,0,0,0,1,1
8,80014,1,1,0,0,0,1,1,101,0,12,1,2013,7,15,15,0,3,3,SR-96,,860,38.17441667,-104.1013333,0,24,0,0,1,1,0,4,1,1,0,1,0,0000000,99,99,99,99,99,99,0,0,0,1,0
8,80015,1,1,0,1,1,2,2,1,434,17,1,2013,5,0,8,1,13,3,SR-2,,115,39.81569444,-104.9288889,0,8,0,0,1,1,0,1,3,1,0,1,0,0000000,0,8,0,9,88,88,0,0,0,1,0
8,80016,3,3,0,0,0,7,7,87,0,16,1,2013,4,1,20,1,1,1,I-76,,910,40.26921944,-103.5949667,0,24,0,0,1,1,0,4,2,1,0,1,0,0000000,1,20,1,31,99,99,0,0,0,1,0
8,80017,2,2,0,0,0,2,2,31,600,15,1,2013,3,13,7,0,14,6,S QUEBEC ST,,0,39.71396389,-104.9035167,0,12,7,0,1,1,0,1,1,1,0,1,0,0000000,99,99,99,99,99,99,0,0,0,1,0
8,80018,1,1,0,1,1,1,1,41,0,18,1,2013,6,18,22,0,13,4,CR-BRADLEY RD,CR-CANTRELL DR,0,38.76988333,-104.7362667,0,8,0,0,2,3,0,1,2,1,0,1,0,0000000,99,99,99,99,99,99,0,0,0,1,0
8,80019,1,1,0,0,0,2,2,123,1070,20,1,2013,1,4,39,1,13,2,US-34 BUSN RT   10TH ST,,87,40.42295,-104.7177917,0,42,0,0,1,1,0,3,3,1,0,1,0,0000000,4,40,4,47,4,57,0,0,0,1,1
8,80020,3,3,0,0,0,3,3,13,0,22,1,2013,3,7,35,1,2,2,US-36,,414,39.96945278,-105.1957222,0,12,1,0,1,1,0,1,1,1,0,1,0,0000000,99,99,99,99,88,88,28,0,0,1,0
8,80021,1,1,0,1,1,2,2,1,2550,19,1,2013,7,16,14,0,14,6,HURON ST,121ST AVE,0,39.915925,-104.9968056,0,8,0,0,3,3,0,1,1,1,0,1,0,0000000,16,14,16,17,16,41,0,0,0,1,0
8,80022,2,2,0,0,0,3,3,123,0,26,1,2013,7,0,56,0,4,4,CR-74,,0,40.52311389,-104.9025,0,12,2,0,1,1,0,1,2,1,0,1,0,0000000,0,53,1,0,99,99,0,0,0,1,2
8,80023,1,1,0,0,0,1,1,59,0,27,1,2013,1,11,40,0,3,3,SR-74,,154,39.659625,-105.2310417,0,1,0,0,1,1,0,1,1,1,0,1,0,0000000,99,99,99,99,88,88,0,0,0,1,0
8,80024,1,1,0,0,0,1,1,37,0,28,1,2013,2,13,0,0,3,3,SR-131,,96,39.81491944,-106.6666667,0,17,0,0,1,1,0,4,1,4,0,4,0,0000000,13,3,13,28,88,88,0,0,0,1,0
8,80025,1,1,0,1,1,1,1,101,2050,27,1,2013,1,22,26,0,14,6,W 29TH ST,COUNTRY CLUB DR,0,38.29801389,-104.6228167,0,8,0,0,3,2,0,1,3,1,0,1,0,0000000,22,27,22,35,22,45,0,0,0,1,0
8,80026,2,2,0,0,0,3,3,77,1040,2,1,2013,4,17,32,0,16,6,29 RD,RIVERSIDE PKWY,0,39.06368889,-108.5151333,0,12,1,0,3,2,0,1,3,1,0,1,0,0000000,18,7,18,14,18,40,28,0,0,1,0
8,80027,2,2,0,0,0,2,2,29,0,31,1,2013,5,15,5,1,2,2,US-50,,749,38.70109444,-108.0321806,0,12,6,0,8,1,0,1,1,1,0,1,0,0000000,15,8,15,12,99,99,0,0,0,1,0
8,80028,1,1,0,0,0,1,1,41,430,13,1,2013,1,0,39,1,13,3,SR-115,,452,38.78336667,-104.8204389,0,1,0,0,1,1,0,3,3,1,0,1,0,0000000,99,99,99,99,88,88,0,0,0,1,1
8,80029,1,1,0,0,0,1,1,35,330,24,1,2013,5,13,36,1,13,3,SR-86  FOUNDERS PKWY,,1024,39.40370833,-104.8303944,0,31,0,0,1,1,0,4,1,1,0,1,0,0000000,13,37,13,42,13,56,0,0,0,1,1
8,80030,2,2,0,0,0,4,4,119,0,1,2,2013,6,7,6,1,2,2,US-24,CR-PINEY POINT LN,2832,38.97504722,-105.0763528,0,12,6,0,2,2,0,1,1,1,0,1,0,0000000,99,99,99,99,99,99,0,0,0,1,0
8,80031,2,2,0,0,0,2,2,63,0,2,2,2013,7,4,20,1,1,1,I-70,,3950,39.28508611,-103.052975,0,12,2,0,1,1,0,1,1,1,0,1,0,0000000,99,99,99,99,88,88,0,0,0,1,1
8,80032,2,2,0,0,0,2,2,77,0,2,2,2013,7,9,55,1,13,2,US-50,CR-27 3/4 RD,346,39.03871944,-108.5385222,0,12,6,0,2,2,0,1,1,1,0,1,0,0000000,10,3,10,8,88,88,0,0,0,1,1
8,80033,1,1,0,0,0,1,1,29,0,6,2,2013,4,10,47,0,3,3,SR-65,,74,38.85715556,-107.9523556,0,1,0,0,1,1,0,4,1,1,0,1,0,0000000,10,49,10,51,88,88,0,0,0,1,0
8,80034,1,1,0,0,0,1,1,35,0,9,2,2013,7,18,47,1,11,1,I-25,,1906,39.50241111,-104.8741528,0,31,0,0,1,1,0,4,2,1,0,1,0,0000000,18,49,18,56,88,88,0,0,0,1,1
8,80035,1,1,0,0,0,1,1,123,0,10,2,2013,1,2,15,1,11,1,I-25,,2515,40.32430556,-104.9805556,0,1,0,0,1,1,0,4,2,1,0,1,0,0000000,99,99,99,99,88,88,0,0,0,1,0
8,80036,2,2,0,0,0,5,5,41,0,10,2,2013,1,20,26,1,11,1,I-25,,1324,38.73277778,-104.7408833,0,1,0,0,1,1,0,3,2,4,0,4,0,0000000,99,99,99,99,88,88,14,0,0,1,0
8,80037,2,2,0,0,0,3,3,41,0,12,2,2013,3,5,20,0,2,4,CR-JUDGE ORR RD,CR-N LOG RD,0,38.95398611,-104.4231611,0,12,6,0,2,2,0,1,2,1,0,1,0,0000000,99,99,99,99,99,99,0,0,0,1,0
8,80038,1,1,0,1,1,1,1,59,1435,9,2,2013,7,19,36,1,13,3,SR-121  WADSWORTH BLVD,,139,39.74432222,-105.0813889,0,8,0,0,1,1,0,1,3,4,0,4,0,0000000,19,37,19,41,19,58,0,0,0,1,0
8,80039,1,1,0,0,0,1,1,37,0,13,2,2013,4,15,0,1,1,1,I-70,,1549,39.71092222,-106.6952944,0,31,0,0,1,1,0,3,1,1,0,1,0,0000000,99,99,99,99,88,88,0,0,0,1,0
8,80040,1,1,0,0,0,5,5,123,0,15,2,2013,6,0,5,1,2,2,US-34,,1290,40.32289444,-104.41,0,38,0,0,1,1,0,5,2,4,0,4,0,0000000,99,99,99,99,99,99,0,0,0,1,0
8,80041,2,2,0,0,0,2,2,17,0,16,2,2013,7,23,24,1,2,2,US-40,,4324,38.82638333,-103.0127778,0,12,2,0,1,1,0,1,2,1,0,1,0,0000000,99,99,99,99,99,99,0,0,0,1,1
8,80042,1,1,0,0,0,3,3,41,0,18,2,2013,2,0,8,1,11,1,I-25,,1350,38.76083333,-104.7710583,0,1,0,0,1,1,0,3,3,1,0,1,0,0000000,99,99,99,99,99,99,0,0,0,1,1
8,80043,1,1,0,1,1,2,2,41,430,18,2,2013,2,21,3,0,13,6,PLATTE AVE,MURRAY BLVD,0,38.83986667,-104.7480778,0,8,0,0,3,2,0,1,3,1,0,1,0,0000000,99,99,99,99,88,88,0,0,0,1,0
8,80044,2,2,0,0,0,4,4,59,2550,20,2,2013,4,2,49,1,12,2,US-36,,522,39.86480278,-105.0572639,0,12,2,1,18,1,1,1,3,1,0,1,0,0000000,2,49,2,57,3,28,0,0,0,1,2
8,80045,2,2,0,0,0,3,3,101,0,22,2,2013,6,20,5,1,13,2,US-50,CR-PURCELL BLVD,3098,38.32404444,-104.7012667,0,12,6,0,2,2,0,1,3,1,0,1,0,0000000,99,99,99,99,99,99,0,0,0,1,0
8,80046,2,2,0,0,0,4,4,5,110,28,2,2013,5,20,2,0,13,6,S CHAMBERS RD,E MEXICO DR,0,39.68571944,-104.8099639,0,12,2,0,3,2,0,1,3,1,0,1,0,0000000,20,3,20,6,20,21,0,0,0,1,1
8,80047,2,2,0,0,0,2,2,41,430,2,2,2013,7,13,50,1,13,3,SR-115 RAMP N,LAKE AVE,463,38.79715556,-104.8230722,0,12,6,1,2,2,0,1,1,1,0,1,0,0000000,99,99,99,99,99,99,0,0,0,1,0
8,80048,2,2,0,0,0,6,6,69,150,15,2,2013,6,21,6,1,13,2,US-287,CR-8,3255,40.30513889,-105.106275,0,12,6,0,2,2,0,1,3,1,0,1,0,0000000,21,9,21,12,21,58,0,0,0,2,0
8,80049,2,2,0,0,0,5,5,29,0,2,3,2013,7,18,42,0,3,3,SR-65,,43,38.81873611,-107.9802306,0,12,1,0,1,1,0,1,2,1,0,1,0,0000000,18,42,18,47,19,6,0,0,0,1,1
8,80050,1,1,0,0,0,3,3,25,0,3,3,2013,1,14,15,0,13,3,SR-96,,914,38.15475,-103.9981,0,32,0,0,1,1,0,4,1,1,0,1,0,0000000,99,99,99,99,99,99,0,0,0,1,0
8,80051,1,1,0,0,0,1,1,31,600,4,3,2013,2,13,25,1,12,2,US-85  S PLATTE RIVER DR,,2103,39.69984167,-104.9934694,0,42,0,0,1,1,0,4,1,2,0,2,0,0000000,13,28,13,35,88,88,0,0,0,1,0
8,80052,1,1,0,0,0,1,1,41,0,5,3,2013,3,8,35,0,3,4,CR-PEYTON HWY,,0,38.65990556,-104.4598167,0,38,0,0,1,1,0,5,1,1,0,1,0,0000000,8,35,8,58,88,88,0,0,0,1,0
8,80053,2,2,0,0,0,3,3,19,0,6,3,2013,4,15,50,1,2,2,US-40,,2553,39.76143889,-105.698675,0,24,0,0,1,1,0,4,1,1,0,1,0,0000000,99,99,99,99,99,99,0,0,0,1,0
8,80054,1,1,0,1,1,1,1,5,0,7,3,2013,5,13,9,0,16,4,CR-S VENTURA CT,,0,39.59695278,-104.7785694,0,18,0,0,4,1,0,1,1,1,0,1,0,0000000,13,8,13,14,13,32,0,0,0,1,0
8,80055,2,2,0,0,0,4,4,13,0,9,3,2013,7,2,18,1,2,2,US-36,,318,40.07448333,-105.2846639,0,12,2,0,1,1,0,1,2,1,0,1,0,0000000,99,99,99,99,99,99,0,0,0,1,1
8,80056,2,2,0,0,0,4,4,51,0,9,3,2013,7,8,0,1,2,2,US-50,,1692,38.50083333,-106.7271,0,12,6,0,1,1,0,1,1,4,0,4,0,0000000,99,99,99,99,99,99,0,0,0,2,0
8,80057,1,1,0,0,0,5,5,5,0,8,3,2013,6,13,49,1,1,1,I-70,,3224,39.678925,-104.1104278,0,1,0,0,1,1,0,3,1,1,0,1,0,0000000,99,99,99,99,99,99,0,0,0,1,1
8,80058,1,1,0,0,0,1,1,101,0,10,3,2013,1,6,45,1,1,1,I-25,,912,38.16831111,-104.6381694,0,1,0,0,1,1,0,3,1,1,0,1,0,0000000,99,99,99,99,88,88,0,0,0,1,0
8,80059,1,1,0,0,0,4,4,1,110,10,3,2013,1,20,1,0,16,6,N POTOMAC ST,,0,39.74856389,-104.8262222,0,19,0,0,8,1,0,5,3,1,0,1,0,0000000,20,1,20,5,20,19,0,0,0,1,0
8,80060,1,1,0,1,1,1,1,1,2427,10,3,2013,1,22,25,1,13,6,COLORADO BLVD,E 100TH AVE,0,39.87735833,-104.9402083,0,9,0,0,2,2,0,1,3,1,0,1,0,0000000,22,25,22,27,22,54,0,0,0,1,0
8,80061,3,3,0,0,0,5,5,93,0,11,3,2013,2,10,6,1,2,2,US-285,,2002,39.39195833,-105.7866611,0,12,8,0,1,1,0,1,1,1,0,1,0,0000000,99,99,99,99,88,88,0,0,0,2,0
8,80062,3,3,0,0,0,3,3,59,0,13,3,2013,4,16,5,1,2,3,SR-93,,105,39.91144444,-105.2400556,0,12,7,0,1,1,0,1,1,1,0,1,0,0000000,16,5,6,25,99,99,0,0,0,1,0