STATE,ST_CASE,VE_TOTAL,VE_FORMS,PVH_INVL,PEDS,PERNOTMVIT,PERMVIT,PERSONS,COUNTY,CITY,DAY,MONTH,YEAR,DAY_WEEK,HOUR,MINUTE,NHS,ROAD_FNC,ROUTE,TWAY_ID,TWAY_ID2,MILEPT,LATITUDE,LONGITUD,SP_JUR,HARM_EV,MAN_COLL,RELJCT1,RELJCT2,TYP_INT,WRK_ZONE,REL_ROAD,LGT_COND,WEATHER1,WEATHER2,WEATHER,SCH_BUS,RAIL,NOT_HOUR,NOT_MIN,ARR_HOUR,ARR_MIN,HOSP_HR,HOSP_MN,CF1,CF2,CF3,FATALS,DRUNK_DR
8,80063,1,1,0,1,1,1,1,101,0,6,3,2013,4,21,0,1,11,1,I-25,,1038,38.34099722,-104.6197889,0,8,0,1,18,1,0,1,2,1,0,1,0,0000000,99,99,99,99,88,88,23,0,0,1,0
8,80064,2,2,0,0,0,4,4,13,1530,6,3,2013,4,22,20,1,13,2,US-287  MAIN ST,17TH AVE,3174,40.18858889,-105.1023056,0,12,6,0,2,2,0,1,3,1,0,1,0,0000000,22,28,22,35,22,46,20,0,0,1,0
8,80065,2,2,0,0,0,2,2,1,2427,15,3,2013,6,17,32,1,13,6,E 104TH AVE,,0,39.88505278,-104.9754556,0,1,0,0,8,1,0,1,1,1,0,1,0,0000000,17,33,17,38,17,53,0,0,0,1,0
8,80066,1,1,0,1,1,1,1,31,600,14,3,2013,5,14,3,1,11,1,I-70,,2801,39.77630556,-104.873425,0,8,0,0,1,1,0,1,1,1,0,1,0,0000000,14,2,14,7,88,88,0,0,0,1,0
8,80067,2,2,0,0,0,4,4,69,0,15,3,2013,6,13,15,0,15,4,CR-RIST CANYON RD,,0,40.63041111,-105.1663917,0,12,1,0,16,1,0,1,1,1,0,1,0,0000000,13,20,13,36,14,9,0,0,0,1,0
8,80068,2,2,0,0,0,2,2,9,0,22,3,2013,6,0,30,1,2,2,US-287,,169,37.21083333,-102.6154139,0,12,6,0,1,1,0,1,2,1,0,1,0,0000000,99,99,99,99,99,99,0,0,0,1,0
8,80069,2,2,0,0,0,5,5,71,0,22,3,2013,6,19,45,0,3,2,US-160,,3857,37.16477222,-103.8275889,0,12,2,0,1,1,0,1,2,1,0,1,0,0000000,99,99,99,99,99,99,0,0,0,1,0
8,80070,1,1,0,3,3,1,1,31,600,22,3,2013,6,19,55,0,14,6,E 14TH AVE,N YOSEMITE ST,0,39.73864444,-104.8846583,0,8,0,0,3,2,0,1,3,4,0,4,0,0000000,19,56,20,2,20,31,0,0,0,2,0
8,80071,2,2,0,0,0,2,2,1,0,23,3,2013,7,2,12,1,13,3,SR-2,,153,39.85883611,-104.8787028,0,12,6,0,1,1,0,1,3,4,0,4,0,0000000,2,18,2,27,88,88,0,0,0,1,0
8,80072,2,2,0,0,0,2,2,77,0,11,3,2013,2,11,5,0,4,4,CR-21,CR-J RD,0,39.14983333,-108.6639472,0,12,6,0,2,2,0,1,1,1,0,1,0,0000000,11,6,99,99,99,99,0,0,0,1,0
8,80073,1,1,0,0,0,2,2,115,0,21,3,2013,5,0,20,1,1,1,I-76,,1584,40.87059722,-102.6342222,0,11,0,0,1,1,0,1,2,1,0,1,0,0000000,99,99,99,99,88,88,0,0,0,2,0
8,80074,1,1,0,0,0,1,1,35,0,26,3,2013,3,21,31,0,6,4,CR-PETERSON RD,,0,39.45038889,-104.9768889,0,32,0,0,1,1,0,4,2,1,0,1,0,0000000,21,33,21,44,88,88,0,0,0,1,1
8,80075,4,2,2,0,0,2,2,31,600,27,3,2013,4,15,45,0,14,6,N KALAMATH ST,W 13TH ST,0,39.73686667,-105.0001861,0,12,6,0,2,2,0,1,1,1,0,1,0,0000000,15,46,15,53,16,4,14,0,0,1,0
8,80076,3,3,0,0,0,4,4,5,110,31,3,2013,1,8,58,1,11,1,I-225,E MISSISSIPPI AVE,69,39.69654722,-104.8282917,0,33,0,1,3,2,0,4,1,1,0,1,0,0000000,8,56,8,59,99,99,0,0,0,1,1
8,80077,2,2,0,1,1,2,2,1,800,30,3,2013,7,20,44,1,13,2,US-287  FEDERAL BLVD,W 90TH AVE,2910,39.85991111,-105.0251333,0,8,0,0,3,3,0,1,3,1,0,1,0,0000000,20,45,20,45,88,88,0,0,0,1,0
8,80078,1,1,0,0,0,1,1,41,430,30,3,2013,7,19,49,0,15,6,CARMEL DR,SARATOGA DR,0,38.80380556,-104.7753528,0,1,0,0,2,3,0,1,3,1,0,1,0,0000000,19,49,19,55,88,88,0,0,0,1,1
8,80079,1,1,0,0,0,1,1,123,1070,3,4,2013,4,17,16,0,14,6,O ST,,0,40.45264167,-104.7260556,0,35,0,0,1,1,0,4,1,1,0,1,0,0000000,17,16,17,23,17,39,0,0,0,1,1
8,80080,1,1,0,1,1,1,1,101,2050,5,4,2013,6,0,55,1,12,2,US-50,,3134,38.3108,-104.6383417,0,8,0,0,1,1,1,1,3,1,0,1,0,0000000,0,56,1,0,1,7,0,0,0,1,0
8,80081,1,1,0,0,0,1,1,59,0,7,4,2013,1,11,40,0,3,3,SR-72,,148,39.88020833,-105.3104917,0,1,0,0,1,1,0,4,1,1,0,1,0,0000000,99,99,99,99,88,88,0,0,0,1,0
8,80082,1,1,0,0,0,2,2,5,0,9,4,2013,3,19,1,1,1,1,I-70,,3112,39.73222222,-104.3072222,0,1,0,0,1,1,0,3,1,4,0,4,0,0000000,99,99,99,99,99,99,0,0,0,1,0
8,80083,1,1,0,1,1,1,1,31,600,9,4,2013,3,2,0,1,13,3,SR-2  COLORADO BLVD,E 9TH AVE,54,39.73101389,-104.9405944,0,8,0,0,3,3,0,1,3,1,0,1,0,0000000,99,99,99,99,88,88,0,0,0,1,1
8,80084,3,3,0,0,0,3,3,41,430,9,4,2013,3,13,36,1,13,6,N ACADEMY BLVD,GALLEY RD,0,38.84699444,-104.7573306,0,12,1,0,3,2,0,1,1,10,0,10,0,0000000,99,99,99,99,99,99,0,0,0,1,0
8,80085,1,1,0,0,0,3,3,117,0,11,4,2013,5,9,3,1,1,1,I-70,,2084,39.64949444,-106.0203972,0,1,0,0,1,1,0,3,1,4,0,4,0,0000000,99,99,99,99,99,99,0,0,0,1,0
8,80086,1,1,0,1,1,1,1,31,600,12,4,2013,6,0,38,0,13,6,E EVANS AVE,,0,39.67848889,-104.9661167,0,8,0,0,1,1,0,1,3,1,0,1,0,0000000,99,99,99,99,88,88,0,0,0,1,0
8,80087,1,1,0,0,0,1,1,35,0,13,4,2013,7,4,0,0,5,4,CR-S PERRY PARK RD,,0,39.16888889,-104.9133333,0,35,0,0,1,1,0,4,2,5,0,5,0,0000000,4,0,4,17,88,88,0,0,0,1,1
8,80088,2,2,0,0,0,4,4,45,0,14,4,2013,1,5,30,1,1,1,I-70,,1291,39.61697222,-107.1314806,0,12,2,0,1,1,1,1,2,1,0,1,0,0000000,99,99,99,99,88,88,0,0,0,3,1
8,80089,2,2,0,0,0,5,5,31,600,15,4,2013,2,0,45,1,13,3,SR-2  COLORADO BLVD,E 17TH AVE,62,39.74373611,-104.9408028,0,12,6,0,2,2,0,1,3,1,0,1,0,0000000,99,99,99,99,99,99,0,0,0,2,1
8,80090,1,1,0,0,0,1,1,69,0,14,4,2013,1,19,45,0,16,4,CR-17,,0,40.64948611,-105.0947917,0,1,0,0,1,1,0,1,1,1,0,1,0,0000000,19,50,19,58,20,17,0,0,0,1,1
8,80091,3,3,0,0,0,3,3,14,253,15,4,2013,2,4,39,1,12,2,US-36  BOULDER TPKE,,488,39.90805,-105.0860222,0,12,1,0,1,1,1,1,3,1,0,1,0,0000000,4,39,4,46,5,3,14,20,0,1,1
8,80092,1,1,0,0,0,2,2,73,0,16,4,2013,3,7,15,1,1,1,I-70,,3629,39.26257222,-103.6490556,0,1,0,1,19,1,0,3,1,1,0,1,0,0000000,99,99,99,99,99,99,0,0,0,1,0
8,80093,1,1,0,0,0,2,2,63,0,18,4,2013,5,13,5,1,1,1,I-70,,4342,39.29452778,-102.3271222,0,51,0,0,1,1,0,4,1,11,6,11,0,0000000,13,9,13,13,13,49,0,0,0,1,0
8,80094,1,1,0,0,0,1,1,99,0,18,4,2013,5,22,25,0,4,4,CR-196,,337,38.11461944,-102.3390472,0,31,0,0,1,1,0,4,2,1,0,1,0,0000000,99,99,99,99,88,88,0,0,0,1,0
8,80095,1,1,0,1,1,1,1,101,2050,19,4,2013,6,23,19,1,13,3,SR-96  E 4TH ST,LA CROSSE AVE,571,38.27113333,-104.5889944,0,8,0,0,3,2,0,1,3,1,0,1,0,0000000,23,20,23,23,88,88,0,0,0,1,0
8,80096,2,2,0,0,0,2,2,85,0,23,4,2013,3,7,50,1,13,2,US-550,CR-RACINE RD,1248,38.42174444,-107.8566611,0,12,1,0,3,2,0,1,1,1,0,1,0,0000000,7,52,7,54,99,99,0,0,0,1,0
8,80097,1,1,0,0,0,1,1,35,1529,27,4,2013,7,9,32,1,11,1,I-25 RAMP F,,1944,39.55699444,-104.8716333,0,52,0,1,5,1,0,4,1,1,0,1,0,0000000,9,32,9,38,88,88,20,0,0,1,0
8,80098,1,1,0,0,0,1,1,43,0,27,4,2013,7,10,43,0,3,3,SR-9,,101,38.60361111,-105.43355,0,1,0,0,1,1,0,1,1,1,0,1,0,0000000,10,43,11,15,12,30,0,0,0,1,0
8,80099,2,1,1,0,0,2,2,41,0,28,4,2013,1,19,45,0,6,4,CR-MEADOWBROOK PKWY,,0,38.86498056,-104.6659417,0,14,0,0,1,1,0,7,2,1,0,1,0,0000000,99,99,99,99,99,99,0,0,0,1,1
8,80100,2,2,0,0,0,4,4,5,1520,14,4,2013,1,11,54,1,13,2,US-85  S SANTA FE DR,ASPEN GROVE WY,2020,39.58543333,-105.0233139,0,12,6,0,2,3,0,1,1,1,0,1,0,0000000,11,55,12,5,12,11,0,0,0,1,0
8,80101,2,2,0,0,0,3,3,123,0,29,4,2013,2,5,20,1,1,1,I-76,,476,40.16846111,-104.3838889,0,31,0,0,1,1,0,3,4,1,0,1,0,0000000,99,99,99,99,99,99,0,0,0,1,0
8,80102,2,2,0,0,0,5,5,1,110,28,4,2013,1,17,11,1,11,1,I-225,E 17TH PL,103,39.74478889,-104.8257417,0,12,6,1,2,2,0,1,1,1,0,1,0,0000000,17,11,17,17,17,24,0,0,0,2,0
8,80103,2,2,0,1,1,2,2,59,0,29,4,2013,2,17,20,0,14,3,SR-75  S PLATTE CANYON RD,CR-S DEPEW ST,80,39.57250278,-105.0559389,0,9,0,0,3,2,0,1,1,1,0,1,0,0000000,99,99,99,99,99,99,14,0,0,1,0
8,80104,1,1,0,1,1,1,1,1,0,7,4,2013,1,15,35,1,13,3,SR-95  SHERIDAN BLVD,,96,39.79208333,-105.0532556,0,8,0,0,1,1,0,1,1,1,0,1,0,0000000,15,40,15,45,16,5,0,0,0,1,0
8,80105,1,1,0,0,0,1,1,41,430,12,3,2013,3,22,35,0,16,6,N CHARLOTTE PKWY,,0,38.90622222,-104.7077472,0,42,0,0,1,1,0,3,3,1,0,1,0,0000000,22,35,22,40,22,58,0,0,0,1,0
8,80106,1,1,0,0,0,1,1,119,0,6,5,2013,2,3,15,0,4,4,CR-1,,21,38.75972222,-105.2077778,0,35,0,0,1,1,0,4,2,1,0,1,0,0000000,99,99,99,99,88,88,0,0,0,1,1
8,80107,2,2,0,0,0,2,2,5,110,6,5,2013,2,11,33,0,16,6,E BELLEVIEW AVE,S DE GAULLE ST,0,39.62445278,-104.7063472,0,12,6,0,2,2,0,1,1,1,0,1,0,0000000,11,33,11,38,88,88,0,0,0,1,1
8,80108,2,2,0,0,0,3,3,41,0,6,5,2013,2,18,3,0,3,4,CR-MERIDIAN RD,CR-GARRETT RD,0,38.911675,-104.6078028,0,12,6,0,2,2,0,1,1,1,0,1,0,0000000,99,99,99,99,99,99,0,0,0,2,0
8,80109,1,1,0,0,0,1,1,11,0,8,5,2013,4,22,0,1,2,2,US-50 RAMP D,,4002,38.08604722,-103.2195833,0,24,0,1,5,1,0,4,3,1,0,1,0,0000000,99,99,99,99,88,88,0,0,0,1,1
8,80110,1,1,0,1,1,1,1,31,600,11,5,2013,7,21,18,1,13,3,SR-88  N FEDERAL BLVD,W HOWARD PL,2,39.73788056,-105.0250861,0,8,0,0,3,2,1,1,3,1,0,1,0,0000000,99,99,99,99,88,88,0,0,0,1,0
8,80111,1,1,0,0,0,1,1,109,0,12,5,2013,1,15,30,0,6,4,CR-14PP,,0,38.29486944,-106.7531972,0,1,0,0,1,1,0,5,1,1,0,1,0,0000000,6,55,7,10,88,88,0,0,0,1,1
8,80112,1,1,0,0,0,1,1,67,0,10,5,2013,6,23,0,0,4,4,CR-250,,70,37.39160556,-107.8248444,0,42,0,0,1,1,0,5,2,1,0,1,0,0000000,23,11,23,38,88,88,0,0,0,1,1
8,80113,1,1,0,0,0,1,1,111,0,16,5,2013,5,18,45,1,2,2,US-550,,795,37.89045,-107.7180278,0,35,0,0,1,1,0,4,1,1,0,1,0,0000000,99,99,99,99,88,88,0,0,0,1,0
8,80114,1,1,0,0,0,3,3,101,2050,17,5,2013,6,15,41,0,14,6,CLEVELAND ST,GOODNIGHT AVE,0,38.26391111,-104.6407917,0,33,0,0,3,4,0,4,1,1,0,1,0,0000000,15,41,15,45,99,99,0,0,0,1,1
8,80115,1,1,0,0,0,2,2,77,0,16,5,2013,5,21,13,1,1,1,I-70,,565,39.26166667,-108.2575,0,17,0,0,1,1,0,4,2,1,0,1,0,0000000,21,15,21,24,88,88,0,0,0,2,1
8,80116,1,1,0,0,0,2,2,67,0,19,5,2013,1,1,26,1,13,2,US-160,CR-THREE SPRINGS BLVD,901,37.22711667,-107.8202056,0,46,0,0,3,2,0,4,3,1,0,1,0,0000000,1,28,99,99,99,99,0,0,0,1,1
8,80117,1,1,0,1,1,2,2,83,0,20,5,2013,2,20,52,1,2,2,US-160,,287,37.22869444,-108.6668139,0,8,0,0,1,1,0,1,2,1,0,1,0,0000000,99,99,99,99,88,88,0,0,0,1,0
8,80118,2,2,0,0,0,3,3,5,110,18,5,2013,7,12,40,1,13,3,SR-30  E 6TH AVE,W DEL MAR CIR,87,39.72567778,-104.8503806,0,1,0,0,3,2,0,1,1,1,0,1,0,0000000,12,41,12,43,12,57,0,0,0,1,0
8,80119,2,2,0,0,0,5,5,45,0,22,5,2013,4,4,36,1,1,1,I-70,,1271,39.60223889,-107.1627528,0,12,2,0,1,1,1,1,3,1,0,1,0,0000000,4,36,99,99,99,99,0,0,0,1,0
8,80120,2,2,0,0,0,3,3,123,1070,21,5,2013,3,21,36,0,15,3,SR-257,37TH ST,32,40.37793056,-104.8698639,0,12,2,0,2,2,0,1,3,1,0,1,0,0000000,21,36,21,45,22,24,0,0,0,1,0
8,80121,1,1,0,1,1,2,2,31,600,24,5,2013,6,0,15,1,13,3,SR-30  S HAVANA ST,,63,39.70425,-104.8659889,0,8,0,0,1,1,0,1,3,1,0,1,0,0000000,99,99,99,99,99,99,0,0,0,1,1
8,80122,3,3,0,0,0,3,3,5,110,24,5,2013,6,6,33,1,11,1,I-225,,63,39.68746667,-104.8288417,0,12,1,0,1,1,1,1,1,1,0,1,0,0000000,6,33,6,35,88,88,14,28,0,1,0
8,80123,1,1,0,0,0,2,2,59,1435,8,5,2013,4,13,59,0,16,6,S SAULSBURY ST,,0,39.69709722,-105.0761361,0,7,0,0,1,1,0,1,1,1,0,1,0,0000000,13,59,14,3,14,28,0,0,0,1,0
8,80124,1,1,0,0,0,1,1,31,600,22,5,2013,4,22,15,1,13,6,S UNIVERSITY BLVD,,0,39.6625,-104.9595556,0,42,0,0,1,1,0,6,3,1,0,1,0,0000000,22,21,22,24,88,88,0,0,0,1,1
8,80125,1,1,0,0,0,2,2,77,0,25,5,2013,7,0,10,0,16,4,CR-17 1/4 RD,CR-K 3/4 RD,0,39.17523611,-108.7336778,0,38,0,0,3,3,0,5,2,1,0,1,0,0000000,99,99,99,99,99,99,0,0,0,1,1
8,80126,2,1,1,0,0,3,3,59,80,25,5,2013,7,6,58,1,11,1,I-70 RAMP E,,2688,39.78515278,-105.0857944,0,14,0,1,5,1,0,8,1,1,0,1,0,0000000,6,58,7,8,7,16,23,0,0,3,1
8,80127,2,2,0,0,0,8,8,119,0,26,5,2013,1,6,40,0,3,2,US-24,,2727,38.93602778,-105.2496194,0,24,0,0,1,1,0,4,1,1,0,1,1,0000000,99,99,99,99,99,99,0,0,0,1,1
8,80128,1,1,0,0,0,1,1,85,0,26,5,2013,1,19,10,0,4,3,SR-92,,390,38.60675833,-107.5752611,0,35,0,0,1,1,0,4,2,1,0,1,0,0000000,99,99,99,99,99,99,0,0,0,1,1
8,80129,1,1,0,0,0,1,1,123,0,27,5,2013,2,0,47,1,2,2,US-34,,1260,40.34654444,-104.4586778,0,31,0,0,1,1,0,4,2,1,0,1,0,0000000,0,44,0,57,88,88,0,0,0,1,1
8,80130,1,1,0,0,0,1,1,85,0,30,5,2013,5,7,26,0,6,4,CR-UNCOMPAHGRE RD,,0,38.37791667,-107.8058833,0,23,0,0,1,1,0,4,1,1,0,1,0,0000000,7,26,7,32,88,88,0,0,0,1,1
8,80131,1,1,0,1,1,1,1,31,600,18,5,2013,7,21,55,0,16,6,ALLEY  CALIF/WELTON,,0,39.75689444,-104.9761833,0,8,0,0,1,1,0,1,3,1,0,1,0,0000000,22,3,22,8,22,30,0,0,0,1,0
8,80132,2,2,0,0,0,2,2,123,0,31,5,2013,6,11,55,0,3,3,SR-14,CR-31,1512,40.58249167,-104.7735278,0,12,6,0,2,2,0,1,1,1,0,1,0,0000000,99,99,99,99,99,99,0,0,0,2,0
8,80133,2,2,0,0,0,3,3,41,430,25,5,2013,7,9,50,0,13,6,N CIRCLE DR,E PLATTE AVE,0,38.83977222,-104.7758944,0,12,6,0,2,2,0,1,1,1,0,1,0,0000000,9,50,99,99,99,99,0,0,0,1,0
8,80134,1,1,0,1,1,1,1,31,600,31,5,2013,6,20,49,1,13,3,SR-88  S FEDERAL BLVD,,47,39.67094167,-105.0250889,0,8,0,0,1,1,0,1,5,1,0,1,0,0000000,20,49,20,55,21,10,0,0,0,1,0
8,80135,2,2,0,0,0,3,3,5,1520,25,5,2013,7,12,24,1,13,6,W BOWLES AVE,ECHOSTAR DR,0,39.61318611,-105.0230917,0,12,1,0,3,2,0,1,1,1,0,1,0,0000000,12,26,12,31,13,0,0,0,0,1,0
8,80136,1,1,0,0,0,1,1,41,430,18,5,2013,7,19,40,0,14,6,RANGEWOOD DR,,0,38.92005556,-104.7396528,0,33,0,0,1,1,0,4,5,1,0,1,0,0000000,99,99,99,99,88,88,0,0,0,1,0
8,80137,1,1,0,0,0,1,1,41,430,19,5,2013,1,23,46,0,16,6,WILDWOOD DR,,0,38.93122222,-104.7885444,0,42,0,0,1,1,0,5,2,1,0,1,0,0000000,99,99,99,99,88,88,0,0,0,1,1
8,80138,1,1,0,0,0,2,2,63,0,23,5,2013,5,13,26,1,1,1,I-70,,4443,39.31974167,-102.1462361,0,59,0,0,1,1,0,3,1,1,0,1,0,0000000,13,26,14,16,14,28,0,0,0,1,0
8,80139,1,1,0,1,1,1,1,13,1560,11,5,2013,7,17,11,1,2,2,US-36  MAIN ST,2ND AVE,207,40.22273333,-105.265375,0,9,0,0,2,2,0,1,1,1,0,1,0,0000000,17,11,17,17,88,88,0,0,0,1,1
8,80140,2,2,0,0,0,2,2,41,430,27,5,2013,2,21,39,1,13,6,S ACADEMY BLVD,BOYCHUK AVE,0,38.79295,-104.75765,0,12,6,0,2,3,0,1,3,1,0,1,0,0000000,21,39,99,99,99,99,0,0,0,1,0
8,80141,1,1,0,1,1,1,1,31,600,14,5,2013,3,13,57,1,13,6,N BROADWAY ST,,0,39.74058333,-104.9872889,0,8,0,0,4,1,0,1,1,1,0,1,0,0000000,13,57,14,1,14,9,0,0,0,1,0
8,80142,3,3,0,0,0,7,7,31,600,1,6,2013,7,2,17,0,13,6,W JEWEL AVE,S YATES ST,0,39.68228333,-105.0508694,0,12,1,0,2,3,0,1,3,1,0,1,0,0000000,2,19,2,23,3,5,0,0,0,1,2
8,80143,1,1,0,0,0,1,1,41,0,3,6,2013,2,13,57,1,13,3,SR-21  S POWERS BLVD,,1349,38.76527778,-104.6854556,0,38,0,0,1,1,0,5,1,1,0,1,0,0000000,99,99,99,99,99,99,0,0,0,1,1
8,80144,1,1,0,1,1,1,1,31,600,3,6,2013,2,0,45,1,11,1,I-70,,2814,39.77421667,-104.8498611,0,8,0,1,18,1,0,1,3,1,0,1,0,0000000,0,50,0,57,88,88,23,0,0,1,0
8,80145,1,1,0,0,0,2,2,13,0,3,6,2013,2,15,15,0,3,3,SR-72,,360,39.99370278,-105.4960472,0,35,0,0,1,1,0,4,1,1,0,1,0,0000000,99,99,99,99,99,99,0,0,0,1,1
8,80146,2,2,0,0,0,2,2,41,0,3,6,2013,2,22,35,0,14,4,CR-FONTAINE BLVD,CR-FOUNTAIN MESA RD,0,38.73738611,-104.6952778,0,12,6,0,2,3,0,1,3,1,0,1,0,0000000,99,99,99,99,99,99,0,0,0,1,1
8,80147,3,3,0,0,0,10,10,35,0,8,6,2013,7,16,38,1,12,3,SR-470,,186,39.55901667,-105.00505,0,12,1,1,18,1,0,1,1,1,0,1,0,0000000,16,36,16,46,16,55,28,0,0,1,0
8,80148,1,1,0,0,0,1,1,43,0,8,6,2013,7,0,30,0,4,3,SR-115,,116,38.39175,-105.0660694,0,31,0,0,1,1,0,4,3,1,0,1,0,0000000,0,36,0,43,88,88,0,0,0,1,1
8,80149,2,2,0,0,0,2,2,19,0,8,6,2013,7,10,45,0,4,4,CR-SQUAW PASS RD,,268,39.68758333,-105.4317333,0,1,0,0,1,1,0,1,1,1,0,1,0,0000000,99,99,99,99,88,88,14,0,0,1,0
8,80150,1,1,0,0,0,1,1,9,0,9,6,2013,1,5,25,0,3,2,US-160,,4803,37.38069722,-102.3264444,0,31,0,0,1,1,0,4,1,1,0,1,0,0000000,99,99,99,99,88,88,0,0,0,1,1
8,80151,3,3,0,0,0,5,5,119,0,9,6,2013,1,11,20,0,3,2,US-24,,2728,38.93576667,-105.2490361,0,12,8,0,1,1,0,1,1,1,0,1,0,0000000,99,99,99,99,99,99,0,0,0,1,0
8,80152,1,1,0,0,0,3,3,35,0,9,6,2013,1,22,34,1,1,1,I-25,,1764,39.30388889,-104.8884667,0,1,0,0,1,1,0,1,2,1,0,1,0,0000000,99,99,99,99,99,99,0,0,0,1,0
8,80153,1,1,0,1,1,1,1,1,434,11,6,2013,3,16,21,0,15,6,DAHLIA ST,E 52ND AVE,0,39.79149167,-104.9316389,0,9,0,0,3,2,0,1,1,1,0,1,0,0000000,16,21,16,25,88,88,0,0,0,1,0
8,80154,2,1,1,1,1,1,1,5,0,11,6,2013,3,18,7,1,1,1,I-70,,2932,39.73832778,-104.6405556,0,8,0,0,1,1,0,1,1,1,0,1,0,0000000,99,99,99,99,88,88,23,0,0,1,0
8,80155,1,1,0,0,0,2,2,123,0,11,6,2013,3,18,15,0,5,4,CR-74,,0,40.52369722,-104.2738889,0,1,0,0,1,1,0,4,1,1,0,1,0,0000000,99,99,99,99,99,99,0,0,0,1,0
8,80156,1,1,0,0,0,1,1,59,0,12,6,2013,4,5,30,0,3,2,US-6,,2683,39.74041667,-105.28,0,1,0,0,1,1,0,4,4,1,0,1,0,0000000,99,99,99,99,88,88,0,0,0,1,0
8,80157,3,3,0,0,0,6,6,67,0,16,6,2013,1,17,8,1,2,2,US-160,,1079,37.28220833,-107.5434472,0,12,8,0,1,1,0,1,1,1,0,1,0,0000000,99,99,99,99,99,99,14,0,0,1,0
8,80158,2,2,0,0,0,2,2,123,0,17,6,2013,2,6,20,1,2,2,US-85,CR-40,2559,40.27533889,-104.7845917,0,12,6,0,3,2,0,1,1,1,0,1,0,0000000,99,99,99,99,99,99,0,0,0,1,0
8,80159,2,2,0,0,0,2,2,87,0,17,6,2013,2,6,39,1,1,1,I-76,,719,40.24325833,-103.94825,0,12,1,0,1,1,0,1,1,1,0,1,0,0000000,99,99,99,99,88,88,14,0,0,1,0
8,80160,1,1,0,1,1,1,1,59,2550,8,6,2013,7,23,5,0,16,6,WESTMINSTER BLVD,,0,39.87780556,-105.0642028,0,9,0,0,1,1,0,1,3,1,0,1,0,0000000,23,10,23,17,23,53,0,0,0,1,0
8,80161,2,2,0,0,0,2,2,95,0,8,6,2013,7,13,50,0,4,4,CR-21,CR-14,0,40.52709444,-102.4749444,0,12,6,0,2,2,0,1,1,1,0,1,0,0000000,99,99,99,99,99,99,0,0,0,1,0
8,80162,1,1,0,0,0,3,3,115,0,17,6,2013,2,5,0,1,2,2,US-385,,2916,40.75935556,-102.2869444,0,59,0,0,1,1,0,4,4,5,0,5,0,0000000,99,99,99,99,99,99,0,0,0,1,0
8,80163,1,1,0,0,0,3,3,123,0,18,6,2013,3,6,40,0,3,3,SR-392,,1089,40.48023056,-104.8226722,0,31,0,0,1,1,0,4,1,1,0,1,0,0000000,99,99,99,99,99,99,0,0,0,1,0
8,80164,1,1,0,0,0,2,2,31,600,18,6,2013,3,20,48,0,14,6,S KALAMATH ST,,0,39.71513333,-105.0002,0,10,0,0,6,1,0,1,3,1,0,1,0,245394V,20,47,20,52,88,88,0,0,0,2,1
8,80165,2,2,0,0,0,7,7,75,0,19,6,2013,4,5,5,1,1,1,I-76,,1109,40.44954167,-103.3079361,0,12,7,0,1,1,0,1,2,1,0,1,0,0000000,99,99,99,99,99,99,0,0,0,1,0
8,80166,1,1,0,1,1,1,1,5,110,17,6,2013,2,10,42,0,16,6,N SCRANTON ST,,0,39.73744444,-104.8413611,0,72,0,0,1,1,0,1,1,1,0,1,0,0000000,10,42,10,46,10,58,0,0,0,1,0
8,80167,1,1,0,0,0,1,1,55,0,21,6,2013,6,12,0,1,2,2,US-160,,2926,37.548975,-104.9840611,0,1,0,0,1,1,0,4,1,1,0,1,0,0000000,99,99,99,99,88,88,0,0,0,1,1
8,80168,1,1,0,0,0,6,6,71,0,21,6,2013,6,12,59,1,1,1,I-25,,290,37.36508889,-104.5866972,0,1,0,0,1,1,0,4,1,1,0,1,0,0000000,99,99,99,99,99,99,0,0,0,1,0
8,80169,1,1,0,0,0,2,2,45,0,22,6,2013,7,6,32,1,1,1,I-70,,948,39.532075,-107.6977778,0,1,0,0,1,1,0,3,1,1,0,1,0,0000000,6,34,6,35,8,1,0,0,0,1,0
8,80170,1,1,0,0,0,1,1,93,0,22,6,2013,7,16,45,0,3,3,SR-9,,201,38.72186667,-105.5147222,0,1,0,0,1,1,0,4,1,1,0,1,0,0000000,99,99,99,99,88,88,0,0,0,1,0
8,80171,2,2,0,0,0,2,2,59,0,25,6,2013,3,13,26,0,14,4,CR-INDIANA ST,,0,39.89055556,-105.1655222,0,12,2,0,1,1,0,1,1,1,0,1,0,0000000,99,99,99,99,99,99,0,0,0,1,0
8,80172,2,2,0,0,0,2,2,43,0,25,6,2013,3,16,30,1,2,2,US-50,,2712,38.49626389,-105.3139583,0,12,2,0,1,1,0,1,1,1,0,1,0,0000000,99,99,99,99,88,88,0,0,0,2,1
8,80173,1,1,0,1,1,2,2,51,0,25,6,2013,3,11,20,0,3,3,SR-133,,191,38.92790278,-107.4411889,0,9,0,0,1,1,0,1,1,1,0,1,0,0000000,11,24,11,42,99,99,0,0,0,1,0
8,80174,2,2,0,0,0,2,2,33,0,27,6,2013,5,14,25,0,6,4,CR-10,CR-J,0,37.75865278,-108.8631583,0,12,6,0,2,2,0,1,1,1,0,1,0,0000000,99,99,99,99,88,88,0,0,0,1,0
8,80175,2,2,0,0,0,3,3,61,0,28,6,2013,6,7,45,1,2,2,US-287,,1218,38.59972222,-102.7860167,0,12,2,0,1,1,0,1,1,1,0,1,0,0000000,99,99,99,99,99,99,0,0,0,1,0
8,80176,1,1,0,1,1,1,1,31,600,28,6,2013,6,22,54,1,13,3,SR-26  W ALAMEDA AVE,,124,39.71116111,-105.0316917,0,8,0,0,1,1,0,1,3,1,0,1,0,0000000,22,55,22,59,23,12,16,0,0,1,0