STATE,ST_CASE,VE_TOTAL,VE_FORMS,PVH_INVL,PEDS,PERNOTMVIT,PERMVIT,PERSONS,COUNTY,CITY,DAY,MONTH,YEAR,DAY_WEEK,HOUR,MINUTE,NHS,ROAD_FNC,ROUTE,TWAY_ID,TWAY_ID2,MILEPT,LATITUDE,LONGITUD,SP_JUR,HARM_EV,MAN_COLL,RELJCT1,RELJCT2,TYP_INT,WRK_ZONE,REL_ROAD,LGT_COND,WEATHER1,WEATHER2,WEATHER,SCH_BUS,RAIL,NOT_HOUR,NOT_MIN,ARR_HOUR,ARR_MIN,HOSP_HR,HOSP_MN,CF1,CF2,CF3,FATALS,DRUNK_DR
8,80177,1,1,0,1,1,2,2,97,0,28,6,2013,6,23,16,1,2,3,SR-82,,314,39.29492222,-106.9202917,0,8,0,0,1,1,0,1,3,1,0,1,0,0000000,99,99,99,99,88,88,0,0,0,1,0
8,80178,1,1,0,0,0,1,1,73,0,29,6,2013,7,11,32,1,1,1,I-70,,3714,39.27465278,-103.49285,0,1,0,1,19,1,0,4,1,1,0,1,0,0000000,11,35,11,43,88,88,0,0,0,1,0
8,80179,1,1,0,0,0,1,1,77,0,29,6,2013,7,18,46,1,1,1,I-70,,639,39.34966111,-108.1825,0,11,0,0,1,1,0,1,1,1,0,1,0,0000000,99,99,99,99,88,88,0,0,0,1,1
8,80180,1,1,0,1,1,1,1,101,2050,23,6,2013,1,22,8,1,13,6,W ABRIENDO AVE,,0,38.26321111,-104.6259556,0,8,0,0,1,1,0,1,3,1,0,1,0,0000000,99,99,99,99,99,99,0,0,0,1,1
8,80181,1,1,0,0,0,1,1,123,0,26,6,2013,4,12,12,1,2,3,SR-71,,2244,40.87919444,-103.6898111,0,17,0,0,1,1,0,4,1,1,0,1,0,0000000,12,20,99,99,88,88,0,0,0,1,0
8,80182,2,2,0,0,0,3,3,1,434,29,6,2013,7,11,49,1,11,1,I-76,,139,39.88706389,-104.8649444,0,12,2,0,1,1,0,1,1,1,0,1,0,0000000,11,49,11,57,99,99,0,0,0,1,0
8,80183,2,2,0,0,0,2,2,31,600,16,6,2013,1,12,30,0,14,6,W FLORIDA AVE,,0,39.68944167,-105.0384667,0,12,2,0,1,1,0,1,1,1,0,1,0,0000000,12,34,12,44,13,18,0,0,0,1,0
8,80185,2,2,0,0,0,3,3,1,0,27,6,2013,5,6,20,1,11,1,I-76,,67,39.82345278,-104.9666722,0,12,1,1,18,1,0,1,1,1,0,1,0,0000000,99,99,99,99,99,99,28,0,0,1,0
8,80186,1,1,0,0,0,1,1,39,0,24,6,2013,2,13,53,0,3,3,SR-86,,124,39.36194444,-104.6616667,0,58,0,0,1,1,0,4,1,1,0,1,0,0000000,13,52,99,99,88,88,0,0,0,1,0
8,80187,1,1,0,0,0,1,1,29,590,26,6,2013,4,22,28,1,13,3,SR-92,,3,38.74707222,-108.0667639,0,33,0,0,1,1,0,4,3,1,0,1,0,0000000,22,30,22,32,22,43,0,0,0,1,0
8,80188,3,1,2,0,0,1,1,31,600,9,6,2013,1,8,10,0,16,6,MALAYA ST,,0,39.78140556,-104.7424139,0,33,0,0,1,1,0,3,1,1,0,1,0,0000000,99,99,99,99,88,88,14,0,0,1,0
8,80189,1,1,0,1,1,1,1,41,430,23,6,2013,1,20,12,1,13,3,SR-115  S NEVADA AVE,I-25 N/B OFF RAMP,475,38.81543889,-104.8222639,0,8,0,1,2,2,0,1,5,1,0,1,0,0000000,99,99,99,99,99,99,0,0,0,1,0
8,80190,1,1,0,0,0,4,4,1,230,28,6,2013,6,12,9,1,11,1,I-76,,213,39.96155556,-104.7645306,0,1,0,0,1,1,0,4,1,1,0,1,0,0000000,12,10,12,12,13,20,0,0,0,1,0
8,80191,1,1,0,1,1,1,1,41,430,19,6,2013,4,20,50,1,13,6,E PLATTE AVE,,0,38.83701667,-104.7894056,0,8,0,0,1,1,0,1,5,1,0,1,0,0000000,20,51,99,99,88,88,0,0,0,1,0
8,80192,2,2,0,0,0,2,2,41,430,23,6,2013,1,20,37,1,13,6,CONSTITUTION AVE,,0,38.85926667,-104.7745,0,12,2,0,1,1,0,1,5,1,0,1,0,0000000,20,37,99,99,99,99,0,0,0,2,1
8,80193,1,1,0,0,0,4,4,85,0,1,7,2013,2,2,0,0,4,4,CR-SPRING CREEK RD,,0,38.47478333,-107.9291,0,53,0,0,1,1,0,4,2,1,0,1,0,0000000,99,99,99,99,99,99,0,0,0,1,1
8,80194,2,2,0,0,0,3,3,93,0,3,7,2013,4,12,45,0,4,4,CR-43,CR-HANGMAN RD,0,39.48095833,-105.4848278,0,1,0,0,3,3,0,1,1,1,0,1,0,0000000,99,99,99,99,88,88,0,0,0,1,1
8,80195,1,1,0,0,0,1,1,41,0,4,7,2013,5,17,50,0,16,4,CR-LONDONDERRY DR,,0,38.97891667,-104.6291667,0,1,0,0,1,1,0,5,1,1,0,1,0,0000000,99,99,99,99,88,88,0,0,0,1,1
8,80196,1,1,0,5,5,4,4,49,0,4,7,2013,5,22,20,1,2,2,US-34,,126,40.22527778,-105.8532639,0,8,0,0,1,1,0,1,2,1,0,1,0,0000000,99,99,99,99,99,99,0,0,0,1,1
8,80197,1,1,0,0,0,1,1,69,0,5,7,2013,6,15,35,1,13,7,SR-14 FRONTAGE RD,,1381,40.58095,-105.01735,0,26,0,0,1,1,0,4,1,2,0,2,0,0000000,99,99,99,99,99,99,0,0,0,1,0
8,80198,1,1,0,0,0,8,8,73,0,5,7,2013,6,17,30,1,1,1,I-70,,3862,39.2851,-103.2182278,0,59,0,0,1,1,0,3,1,1,0,1,0,0000000,17,28,17,36,18,7,0,0,0,4,0
8,80199,2,2,0,0,0,2,2,83,0,5,7,2013,6,19,45,1,2,3,SR-145,,204,37.54551389,-108.3796833,0,12,6,0,8,1,0,1,1,1,0,1,0,0000000,19,53,20,11,20,52,0,0,0,1,0
8,80200,1,1,0,0,0,1,1,67,0,7,7,2013,1,17,10,0,4,4,CR-310,,24,37.06065556,-107.8538222,0,24,0,0,1,1,0,4,1,1,0,1,0,0000000,99,99,99,99,88,88,0,0,0,1,1
8,80201,1,1,0,0,0,1,1,59,0,8,7,2013,2,9,38,1,2,2,US-85,,2311,39.48105278,-105.3656333,0,1,0,1,17,1,0,1,1,1,0,1,0,0000000,99,99,99,99,88,88,0,0,0,1,0
8,80202,1,1,0,0,0,1,1,89,2410,10,7,2013,4,11,55,1,2,2,US-50   2ND ST,,3745,38.01522778,-103.6282222,0,24,0,0,1,1,0,4,1,1,0,1,0,0000000,99,99,99,99,88,88,0,0,0,1,0
8,80203,2,2,0,0,0,4,4,41,0,12,7,2013,6,9,0,1,2,4,CR-JUDGE ORR RD,CR-N LOG RD,0,38.95399722,-104.4231806,0,12,6,0,2,2,0,1,1,1,0,1,0,0000000,99,99,99,99,99,99,0,0,0,2,1
8,80204,1,1,0,0,0,1,1,113,0,14,7,2013,1,9,25,1,2,3,SR-145,,640,37.85961944,-107.8707944,0,1,0,0,1,1,0,2,1,1,0,1,0,0000000,99,99,99,99,88,88,0,0,0,1,0
8,80205,1,1,0,0,0,1,1,105,0,12,7,2013,6,19,25,0,5,4,CR-3E,,0,37.65489444,-106.0940444,0,30,0,0,1,1,0,4,1,1,0,1,0,0000000,19,31,19,45,88,88,0,0,0,1,0
8,80206,2,2,0,0,0,7,7,123,0,14,7,2013,1,19,45,0,14,3,SR-257,,78,40.43944167,-104.8879722,0,12,1,0,1,1,0,1,1,1,0,1,0,0000000,99,99,99,99,99,99,0,0,0,2,1
8,80207,1,1,0,0,0,3,3,123,0,15,7,2013,2,17,35,0,4,3,SR-392,,1194,40.47869444,-104.6257028,0,30,0,0,1,1,0,4,1,1,0,1,0,0000000,99,99,99,99,99,99,0,0,0,1,0
8,80208,2,2,0,0,0,2,2,31,600,16,7,2013,3,17,48,1,13,3,SR-26  W ALAMEDA AVE,S CLAY ST,130,39.71116667,-105.0203528,0,12,6,0,2,2,0,1,1,1,0,1,0,0000000,99,99,99,99,88,88,0,0,0,1,0
8,80209,1,1,0,0,0,2,2,119,0,18,7,2013,5,10,50,0,4,4,CR-11,,87,38.79961944,-105.2774139,0,1,0,0,1,1,0,4,1,1,0,1,0,0000000,99,99,99,99,99,99,0,0,0,1,0
8,80210,1,1,0,1,1,2,2,59,0,20,7,2013,7,21,50,1,13,3,SR-391  S KIPLING PKWY,W ASBURY ST,20,39.68041944,-105.1202917,0,8,0,0,3,2,0,1,3,1,0,1,0,0000000,99,99,99,99,99,99,0,0,0,1,1
8,80211,1,1,0,0,0,2,2,77,0,21,7,2013,1,14,35,1,1,1,I-70,,92,39.22557222,-108.8961861,0,1,0,0,1,1,0,3,1,1,0,1,0,0000000,14,38,14,42,99,99,0,0,0,1,0
8,80212,1,1,0,0,0,1,1,69,0,23,7,2013,3,15,32,0,14,4,CR-38E,,0,40.524375,-105.1353528,0,1,0,0,1,1,0,5,1,1,0,1,0,0000000,99,99,99,99,88,88,0,0,0,1,0
8,80213,1,1,0,0,0,1,1,87,0,10,7,2013,4,13,0,0,6,4,CR-R,,0,40.24684722,-103.8608194,0,1,0,0,1,1,0,1,1,1,0,1,0,0000000,99,99,99,99,99,99,0,0,0,1,0
8,80214,1,1,0,1,1,1,1,59,1435,23,7,2013,3,8,20,1,12,7,US-6 FRONTAGE RD,GARRISON ST,2798,39.72512222,-105.1002333,0,9,0,1,2,2,0,1,1,1,0,1,0,0000000,8,21,8,24,88,88,16,0,0,1,0
8,80215,1,1,0,0,0,1,1,77,0,18,7,2013,5,16,0,0,3,3,SR-141,,1493,38.93277778,-108.4868833,0,31,0,0,1,1,0,4,1,1,0,1,0,0000000,16,17,16,37,88,88,0,0,0,1,1
8,80216,1,1,0,0,0,3,3,101,0,26,7,2013,6,2,29,0,16,4,CR-PLATTEVILLE BLVD,,0,38.39968333,-104.7143806,0,1,0,0,1,1,0,1,2,1,0,1,0,0000000,99,99,99,99,99,99,0,0,0,2,1
8,80217,2,2,0,0,0,2,2,41,0,26,7,2013,6,21,45,1,13,3,SR-21   POWERS BLVD,CR-CRESTERA PKWY,1356,38.766175,-104.699,0,12,6,0,2,3,0,1,3,1,0,1,0,0000000,99,99,99,99,88,88,0,0,0,1,0
8,80218,1,1,0,0,0,2,2,1,110,26,7,2013,6,22,29,1,11,1,I-70,,2830,39.77151389,-104.8202278,0,38,0,1,19,1,0,4,3,1,0,1,0,0000000,22,29,22,34,22,50,0,0,0,1,1
8,80219,1,1,0,0,0,2,2,87,0,27,7,2013,7,22,10,0,6,4,CR-18.5,,0,40.20153889,-103.8012889,0,1,0,0,1,1,0,4,2,1,0,1,0,0000000,99,99,99,99,99,99,0,0,0,1,0
8,80220,3,3,0,0,0,3,3,69,0,30,7,2013,3,12,2,1,2,2,US-287,SR-14,3559,40.66368333,-105.1886472,0,12,6,0,3,3,0,1,1,1,0,1,0,0000000,99,99,99,99,99,99,0,0,0,1,0
8,80221,4,4,0,0,0,4,4,107,2360,2,7,2013,3,13,41,1,13,2,US-40   LINCOLN AVE,,1312,40.49521667,-106.8520028,0,12,2,0,1,1,0,1,1,1,0,1,0,0000000,13,41,13,41,88,88,0,0,0,1,0
8,80222,2,2,0,0,0,4,4,67,0,12,7,2013,6,17,20,1,13,2,US-160,SR-172,915,37.22965278,-107.7956972,0,12,6,0,2,2,0,1,1,1,0,1,0,0000000,99,99,99,99,99,99,0,0,0,1,0
8,80223,1,1,0,0,0,1,1,19,0,23,7,2013,3,11,28,1,2,2,US-40,,2510,39.77492778,-105.7752778,0,1,0,0,1,1,0,1,1,1,0,1,0,0000000,99,99,99,99,99,99,0,0,0,1,0
8,80224,1,1,0,0,0,1,1,41,430,4,7,2013,5,11,33,1,12,2,US-24  N POWERS BLVD,,3103,38.83416667,-104.7211111,0,1,0,0,1,1,0,4,1,1,0,1,0,0000000,99,99,99,99,88,88,0,0,0,1,1
8,80225,1,1,0,1,1,3,3,83,450,27,7,2013,7,15,33,0,16,6,S ELM ST,W 2ND ST,0,37.34644722,-108.5877306,0,9,0,0,2,2,0,1,1,1,0,1,0,0000000,15,33,15,36,88,88,16,0,0,1,0
8,80226,2,2,0,0,0,2,2,41,430,28,7,2013,1,19,0,1,13,6,UNION BLVD,COLLEGIATE DR,0,38.89831389,-104.7815333,0,12,6,0,2,3,0,1,1,1,0,1,0,0000000,99,99,99,99,88,88,14,0,0,1,1
8,80227,3,3,0,0,0,4,4,41,430,7,7,2013,1,22,46,1,13,6,N UNION BLVD,E WOODMAN RD,0,38.93299444,-104.7751056,0,12,6,0,2,2,0,1,3,1,0,1,0,0000000,99,99,99,99,99,99,0,0,0,1,1
8,80228,1,1,0,0,0,2,2,1,2427,21,7,2013,1,1,2,1,13,6,E 104TH AVE,,0,39.88493889,-104.9562528,0,43,0,0,1,1,0,3,3,1,0,1,0,0000000,1,2,1,4,99,99,0,0,0,1,1
8,80229,2,2,0,0,0,5,5,59,0,1,8,2013,5,15,5,1,2,2,US-285,,2302,39.47083333,-105.3750833,0,12,2,0,1,1,0,1,1,2,0,2,0,0000000,99,99,99,99,99,99,0,0,0,2,0
8,80230,1,1,0,0,0,1,1,1,0,3,8,2013,7,5,8,1,11,1,I-76,,104,39.85656389,-104.91365,0,31,0,1,19,1,0,8,3,1,0,1,0,0000000,5,8,5,16,88,88,0,0,0,1,1
8,80231,2,2,0,0,0,2,2,73,0,3,8,2013,7,12,15,0,4,4,CR-3P,CR-46,0,39.37527778,-103.2109778,0,12,6,0,2,2,0,1,1,1,0,1,0,0000000,99,99,99,99,99,99,0,0,0,1,0
8,80232,1,1,0,0,0,1,1,123,1070,4,8,2013,1,0,8,1,12,2,US-34,,1051,40.40673333,-104.8263194,0,1,0,0,1,1,0,4,2,1,0,1,0,0000000,0,8,99,99,99,99,0,0,0,1,1
8,80233,3,3,0,0,0,12,12,59,0,4,8,2013,1,6,15,0,3,2,US-6,,2703,39.74674722,-105.2512639,0,12,2,0,1,1,0,1,3,1,0,1,0,0000000,99,99,6,24,99,99,0,0,0,1,0
8,80234,3,3,0,0,0,5,5,87,0,4,8,2013,1,21,28,1,1,1,I-76,,632,40.23218333,-104.1061528,0,11,0,0,1,1,0,1,2,1,0,1,0,0000000,21,32,21,44,22,15,0,0,0,2,0
8,80235,2,2,0,0,0,2,2,37,0,5,8,2013,2,16,56,1,1,1,I-70,,1886,39.550675,-106.2228389,0,12,1,0,1,1,0,1,1,1,0,1,0,0000000,99,99,99,99,88,88,0,0,0,1,0
8,80236,1,1,0,0,0,2,2,5,0,6,8,2013,3,18,6,1,1,1,I-70,,3176,39.70563889,-104.1949806,0,1,0,0,1,1,0,3,5,1,0,1,0,0000000,99,99,99,99,99,99,0,0,0,1,0
8,80237,1,1,0,1,1,1,1,123,0,7,8,2013,4,17,35,0,6,4,CR-21,,0,40.22123056,-104.867625,0,34,0,0,1,1,0,4,1,1,0,1,0,0000000,99,99,99,99,99,99,0,0,0,1,0
8,80238,2,2,0,0,0,2,2,1,110,7,8,2013,4,20,37,0,16,6,E 16TH AVE,BOSTON ST,0,39.74196667,-104.8799139,0,12,6,0,2,2,0,1,3,1,0,1,0,0000000,20,37,20,39,20,52,0,0,0,1,0
8,80239,2,2,0,0,0,2,2,31,600,8,8,2013,5,23,49,1,11,1,I-70,,2732,39.78354722,-105.0027361,0,25,0,1,19,1,0,3,3,1,0,1,0,0000000,23,50,23,59,88,88,0,0,0,1,1
8,80240,1,1,0,0,0,1,1,35,0,9,8,2013,6,11,53,1,1,1,I-25,,1666,39.17504167,-104.8501583,0,1,0,0,1,1,0,1,1,1,0,1,0,0000000,11,55,12,7,88,88,0,0,0,1,0
8,80241,2,2,0,0,0,2,2,47,0,9,8,2013,6,13,46,0,3,3,SR-119,,136,39.85305556,-105.4775556,0,12,2,0,1,1,0,1,1,1,0,1,0,0000000,99,99,13,52,88,88,14,0,0,1,0
8,80242,2,2,0,0,0,3,3,67,0,9,8,2013,6,16,10,0,4,3,SR-140,,131,37.1675,-108.1041278,0,12,2,0,1,1,0,1,1,1,0,1,0,0000000,99,99,99,99,99,99,0,0,0,1,0
8,80243,2,1,1,0,0,1,1,31,600,10,8,2013,7,1,30,1,12,2,US-6,,2830,39.72571111,-105.0412028,0,1,0,0,1,1,0,1,3,1,0,1,0,0000000,99,99,99,99,99,99,23,0,0,1,0
8,80244,2,2,0,0,0,2,2,1,0,10,8,2013,7,8,30,0,14,4,CR-SABLE BLVD,CR-E 136TH AVE,0,39.94327778,-104.8182917,0,12,6,0,2,2,0,1,1,1,0,1,0,0000000,8,30,8,36,9,18,0,0,0,1,0
8,80245,1,1,0,0,0,2,2,67,0,10,8,2013,7,14,11,1,2,2,US-160,,692,37.3202,-108.0886111,0,1,0,0,1,1,0,4,1,1,0,1,0,0000000,99,99,99,99,99,99,0,0,0,2,0
8,80246,1,1,0,0,0,1,1,123,0,10,8,2013,7,12,32,1,11,1,I-25,,2500,40.30272778,-104.98025,0,30,0,1,19,1,0,4,1,1,0,1,0,0000000,12,25,12,25,13,35,0,0,0,1,0
8,80247,1,1,0,0,0,1,1,123,0,12,8,2013,2,13,2,0,6,4,CR-20,,0,40.13133333,-104.5623889,0,1,0,0,1,1,0,4,1,1,0,1,0,0000000,99,99,99,99,88,88,0,0,0,1,0
8,80248,1,1,0,0,0,5,5,125,0,12,8,2013,2,15,50,0,4,4,CR-51,,0,40.30728611,-102.2401833,0,1,0,0,1,1,0,1,1,1,0,1,0,0000000,99,99,99,99,99,99,7,0,0,1,0
8,80249,1,1,0,1,1,1,1,13,0,13,8,2013,3,6,55,0,4,4,CR-VALMONT RD,,0,40.03278056,-105.2017111,0,9,0,0,8,1,0,1,4,1,0,1,0,0000000,99,99,99,99,88,88,16,0,0,1,0
8,80250,1,1,0,0,0,2,2,89,0,5,8,2013,2,19,45,0,3,2,US-350,,421,37.68658333,-103.958,0,1,0,0,1,1,1,1,5,1,0,1,0,0000000,19,47,20,20,22,0,3,0,0,1,0
8,80251,2,2,0,0,0,7,7,69,0,7,8,2013,4,17,50,1,13,2,US-287,CR-4E,3240,40.28333333,-105.102525,0,12,6,0,2,3,0,1,1,1,0,1,0,0000000,99,99,99,99,99,99,0,0,0,1,0
8,80252,2,2,0,0,0,5,5,31,600,10,8,2013,7,4,5,1,11,1,I-70,,2816,39.77399444,-104.8469056,0,12,1,1,18,1,0,1,3,1,0,1,0,0000000,99,99,99,99,99,99,14,0,0,1,1
8,80253,1,1,0,1,1,5,5,1,2427,13,8,2013,3,16,25,1,13,6,E 120TH AVE,BELLAIRE ST,0,39.91389444,-104.9376389,0,8,0,0,3,2,0,1,1,1,0,1,0,0000000,16,29,16,33,17,19,16,0,0,1,0
8,80254,1,1,0,0,0,1,1,93,0,15,8,2013,5,0,17,0,4,4,CR-5,,0,39.14591111,-106.0182583,0,1,0,0,1,1,0,4,2,1,0,1,0,0000000,99,99,99,99,88,88,0,0,0,1,1
8,80255,1,1,0,0,0,5,5,123,0,15,8,2013,5,5,40,0,3,2,US-85,,2979,40.83757222,-104.7914111,0,31,0,0,1,1,0,4,4,1,0,1,0,0000000,99,99,99,99,99,99,0,0,0,3,0
8,80256,1,1,0,0,0,1,1,97,0,15,8,2013,5,15,20,0,3,3,SR-133,,616,39.31611111,-107.2106944,0,1,0,0,1,1,0,4,1,1,0,1,0,0000000,15,26,99,99,88,88,0,0,0,1,1
8,80257,2,2,0,0,0,4,4,69,0,13,8,2013,3,15,15,1,2,2,US-34,,691,40.39428333,-105.4239111,0,1,0,0,1,1,0,1,1,1,0,1,0,0000000,99,99,99,99,88,88,0,0,0,1,0
8,80258,2,2,0,0,0,3,3,71,0,15,8,2013,5,22,19,1,1,1,I-25,,221,37.28298333,-104.5157278,0,31,0,0,1,1,0,3,2,1,0,1,0,0000000,99,99,99,99,99,99,0,0,0,2,0
8,80259,2,2,0,0,0,2,2,1,110,16,8,2013,6,8,39,1,11,1,I-70,,2846,39.76588333,-104.7909444,0,12,1,1,18,1,0,1,1,1,0,1,0,0000000,8,39,8,47,9,8,28,0,0,1,0
8,80260,1,1,0,0,0,2,2,77,1040,14,8,2013,4,3,7,1,11,1,I-70 RAMP D,,256,39.11317222,-108.6448694,0,18,0,1,5,1,1,4,3,1,0,1,0,0000000,3,8,3,15,3,25,0,0,0,1,0
8,80261,1,1,0,0,0,6,6,1,434,15,8,2013,5,17,30,1,13,2,US-6   VASQUEZ BLVD,,2931,39.80521667,-104.9314889,0,5,0,0,1,1,0,1,1,1,0,1,0,0000000,17,30,17,34,17,55,0,0,0,1,0
8,80262,2,2,0,0,0,2,2,59,1435,16,8,2013,6,21,17,1,13,3,SR-95  S SHERIDAN BLVD,,36,39.705225,-105.0532611,0,12,6,0,8,1,0,1,3,1,0,1,0,0000000,21,19,21,28,21,42,0,0,0,1,0
8,80263,2,2,0,0,0,2,2,59,80,19,8,2013,2,5,11,1,13,3,SR-121  WADSWORTH BLVD,W 53RD AVE,174,39.79326667,-105.0798139,0,12,6,0,2,2,0,1,1,1,0,1,0,0000000,5,13,5,16,88,88,0,0,0,1,0
8,80264,1,1,0,0,0,1,1,1,110,20,8,2013,3,13,44,1,11,1,I-70 WB ON-RAMP I,,2826,39.77042778,-104.8276528,0,31,0,1,5,1,0,4,1,1,0,1,0,0000000,13,45,13,48,14,5,0,0,0,1,0
8,80265,1,1,0,0,0,1,1,41,0,21,8,2013,4,6,24,1,1,1,I-25,,1212,38.58305556,-104.6672222,0,59,0,0,1,1,0,3,1,1,0,1,0,0000000,99,99,99,99,88,88,0,0,0,1,0
8,80266,2,2,0,0,0,2,2,123,0,21,8,2013,4,20,10,1,13,2,US-85,CR-22,2462,40.14527778,-104.8110556,0,12,6,0,2,2,0,1,2,1,0,1,0,0000000,99,99,99,99,99,99,0,0,0,1,0
8,80267,1,1,0,0,0,1,1,35,0,22,8,2013,5,2,0,1,1,1,I-25,,1690,39.20747222,-104.8625222,0,24,0,0,1,1,0,3,2,1,0,1,0,0000000,6,17,6,23,88,88,0,0,0,1,1
8,80268,1,1,0,0,0,1,1,59,2555,22,8,2013,5,0,53,1,12,3,SR-58 RAMP,,54,39.77625833,-105.1423139,0,25,0,1,5,1,0,4,3,1,0,1,0,0000000,0,53,0,58,88,88,0,0,0,1,1
8,80269,1,1,0,0,0,8,8,13,0,23,8,2013,6,21,22,1,13,3,SR-119  DIAGONAL HWY,SR-52   MINERAL RD,495,40.08886111,-105.1903028,0,1,0,0,2,2,0,1,3,1,0,1,0,0000000,21,27,21,29,21,54,0,0,0,1,1
8,80270,2,2,0,0,0,2,2,121,0,24,8,2013,7,9,42,1,2,2,US-34  N RAILWAY ST,,2041,40.15581389,-103.0622222,0,12,2,0,1,1,0,1,1,1,0,1,0,0000000,9,37,9,43,99,99,0,0,0,1,0
8,80271,2,2,0,1,1,2,2,123,0,24,8,2013,7,12,55,1,2,2,US-85,,2386,40.03753611,-104.81935,0,12,1,0,1,1,0,1,1,1,0,1,0,0000000,99,99,99,99,99,99,19,0,0,1,0
8,80272,1,1,0,0,0,3,3,11,0,28,8,2013,4,6,0,1,2,2,US-50,,4226,38.11436111,-102.8166694,0,38,0,0,1,1,0,5,4,1,0,1,0,0000000,99,99,99,99,88,88,0,0,0,2,0
8,80273,2,2,0,0,0,2,2,43,0,28,8,2013,4,9,0,1,2,2,US-50,,2357,38.42950556,-105.8153889,0,1,0,0,8,1,0,1,1,1,0,1,0,0000000,99,99,99,99,88,88,14,0,0,1,0
8,80274,2,2,0,0,0,3,3,21,0,28,8,2013,4,20,8,0,5,4,CR-G,,0,37.07903889,-105.9884194,0,12,6,0,1,1,0,1,2,1,0,1,0,0000000,20,13,20,26,21,2,14,0,0,1,0
8,80275,2,2,0,0,0,4,4,83,0,30,8,2013,6,1,2,1,13,2,US-160,,344,37.30166667,-108.6159028,0,12,2,0,1,1,0,2,2,1,0,1,0,0000000,99,99,99,99,99,99,20,0,0,1,1
8,80276,2,2,0,0,0,3,3,31,600,31,8,2013,7,0,59,1,11,1,I-25 HOV LN,,2131,39.77132222,-104.9907139,0,12,2,0,5,1,0,1,3,1,0,1,0,0000000,1,5,1,12,1,40,0,0,0,1,1
8,80277,1,1,0,0,0,1,1,51,0,31,8,2013,7,4,0,1,2,2,US-50,,1804,38.43522778,-106.5434389,0,31,0,0,1,1,0,4,2,1,0,1,0,0000000,99,99,99,99,88,88,0,0,0,1,1
8,80278,1,1,0,0,0,1,1,29,0,30,8,2013,6,17,30,0,3,3,SR-65,,166,38.97378611,-107.9414444,0,1,0,0,1,1,0,1,1,1,0,1,0,0000000,99,99,99,99,88,88,0,0,0,1,0
8,80279,3,3,0,0,0,3,3,31,600,31,8,2013,7,14,25,0,14,6,N QUEBEC ST,E 8TH AVE,0,39.72906389,-104.90345,0,12,1,0,3,2,0,1,1,1,0,1,0,0000000,14,25,14,31,14,45,0,0,0,1,0
8,80280,1,1,0,0,0,1,1,73,0,31,8,2013,7,20,0,0,6,4,CR-4D,,0,39.56605556,-103.6369444,0,1,0,0,1,1,0,4,5,1,0,1,0,0000000,99,99,99,99,88,88,0,0,0,1,0
8,80281,2,2,0,0,0,3,3,41,430,25,8,2013,1,14,4,1,13,6,S CIRCLE DR,SERVER DR,0,38.81056389,-104.7800472,0,33,0,0,3,2,0,4,1,1,0,1,0,0000000,14,4,14,9,88,88,0,0,0,2,1
8,80282,2,2,0,0,0,2,2,41,430,26,8,2013,2,15,45,0,14,6,E BOULDER ST,N WAHSATCH AVE,0,38.83936389,-104.8178167,0,12,6,0,2,2,0,1,1,1,0,1,0,0000000,15,45,15,48,99,99,14,0,0,1,1
8,80283,2,2,0,0,0,4,4,77,1040,16,8,2013,6,11,56,1,13,6,HORIZON DR,,0,39.10742778,-108.5437278,0,12,6,0,8,1,0,1,1,1,0,1,0,0000000,11,57,12,0,12,21,0,0,0,1,0
8,80284,3,3,0,0,0,7,7,45,990,17,8,2013,7,14,5,1,13,3,SR-82  GRAND AVE,,13,39.53130556,-107.3252667,0,12,1,0,1,1,0,1,1,1,0,1,0,0000000,14,7,14,7,14,13,0,0,0,1,0
8,80285,2,2,0,0,0,2,2,41,430,29,8,2013,5,20,45,1,13,3,SR-21  POWERS BLVD,MILTON E PROBY PKWY,1376,38.78123056,-104.7206444,0,12,6,0,2,2,0,1,3,1,0,1,0,0000000,99,99,99,99,88,88,0,0,0,1,1
8,80286,2,2,0,0,0,5,5,13,0,6,6,2013,5,15,20,1,2,3,SR-93,,128,39.94230833,-105.2355306,0,31,0,0,1,1,0,4,1,1,0,1,0,0000000,15,23,15,31,99,99,0,0,0,1,0
8,80287,2,2,0,0,0,3,3,41,430,22,7,2013,2,14,30,1,11,1,I-25,,1380,38.79884167,-104.7987,0,12,6,1,18,1,0,1,1,1,0,1,0,0000000,99,99,99,99,99,99,0,0,0,1,0
8,80288,1,1,0,0,0,1,1,19,0,29,7,2013,2,16,30,0,3,2,US-6,,2593,39.74116667,-105.4095833,0,35,0,0,1,1,0,4,1,1,0,1,0,0000000,99,99,99,99,88,88,0,0,0,1,0
8,80289,1,1,0,1,1,1,1,123,540,30,7,2013,3,21,15,1,13,3,SR-52,FOREST ST,136,40.08783056,-104.9336222,0,8,0,0,3,3,0,1,3,1,0,1,0,0000000,21,15,21,17,88,88,0,0,0,1,0
8,80290,2,2,0,0,0,3,3,43,310,3,8,2013,7,15,36,0,14,6,HARDING AVE,N 9TH ST,0,38.45996389,-105.2387806,0,12,6,0,2,2,0,1,1,1,0,1,0,0000000,15,38,15,41,16,7,0,0,0,1,1
8,80291,1,1,0,0,0,1,1,31,600,1,9,2013,1,9,25,1,11,1,I-25,,2122,39.76183333,-105.0029444,0,42,0,1,19,1,0,8,1,1,0,1,0,0000000,9,29,9,38,88,88,0,0,0,1,1
8,80292,1,1,0,0,0,2,2,15,0,1,9,2013,1,13,45,1,2,2,US-24,,2211,38.85276111,-105.9832611,0,17,0,0,1,1,0,4,1,1,0,1,0,0000000,99,99,99,99,99,99,0,0,0,1,0