STATE,ST_CASE,VE_TOTAL,VE_FORMS,PVH_INVL,PEDS,PERNOTMVIT,PERMVIT,PERSONS,COUNTY,CITY,DAY,MONTH,YEAR,DAY_WEEK,HOUR,MINUTE,NHS,ROAD_FNC,ROUTE,TWAY_ID,TWAY_ID2,MILEPT,LATITUDE,LONGITUD,SP_JUR,HARM_EV,MAN_COLL,RELJCT1,RELJCT2,TYP_INT,WRK_ZONE,REL_ROAD,LGT_COND,WEATHER1,WEATHER2,WEATHER,SCH_BUS,RAIL,NOT_HOUR,NOT_MIN,ARR_HOUR,ARR_MIN,HOSP_HR,HOSP_MN,CF1,CF2,CF3,FATALS,DRUNK_DR
8,80293,2,2,0,0,0,3,3,1,434,4,9,2013,4,5,54,1,13,2,US-6,E 56TH AVE,2925,39.79703889,-104.9358333,0,12,6,0,2,2,0,1,3,1,0,1,0,0000000,5,56,5,58,88,88,0,0,0,1,0
8,80294,1,1,0,0,0,2,2,41,0,4,9,2013,4,19,45,0,3,4,CR-FUNK RD,,0,38.99793333,-104.2619444,0,38,0,0,1,1,0,5,2,1,0,1,0,0000000,99,99,99,99,99,99,0,0,0,1,0
8,80295,1,1,0,0,0,1,1,41,0,5,9,2013,5,10,12,0,3,4,CR-FUNK RD,,0,38.99795833,-104.2497222,0,1,0,0,1,1,0,4,1,1,0,1,0,0000000,10,13,99,99,99,99,0,0,0,1,0
8,80296,1,1,0,0,0,1,1,113,0,7,9,2013,7,1,50,1,2,3,SR-62,,75,38.09825556,-107.9769444,0,31,0,0,1,1,0,4,2,1,0,1,0,0000000,99,99,99,99,88,88,0,0,0,1,1
8,80297,1,1,0,0,0,1,1,29,0,7,9,2013,7,21,5,0,3,3,SR-65,,89,38.87590833,-107.9392083,0,11,0,0,1,1,0,1,2,1,0,1,0,0000000,99,99,99,99,88,88,0,0,0,1,1
8,80298,2,2,0,0,0,2,2,75,0,10,9,2013,3,8,31,0,3,2,US-6,,4275,40.66916667,-102.7941667,0,12,2,0,1,1,0,2,1,1,0,1,0,0000000,8,31,8,37,88,88,0,0,0,1,0
8,80299,2,2,0,0,0,3,3,109,0,10,9,2013,3,13,41,1,13,3,SR-17,,1002,37.92333333,-105.9,0,12,6,0,1,1,0,1,1,1,0,1,0,0000000,13,45,14,4,14,55,0,0,0,1,0
8,80300,2,2,0,0,0,2,2,3,0,15,9,2013,1,9,0,1,2,2,US-160,,2465,37.47503333,-105.6277778,0,12,2,0,1,1,0,2,1,1,0,1,0,0000000,9,0,9,15,10,1,0,0,0,1,0
8,80301,2,2,0,0,0,3,3,69,0,10,9,2013,3,13,29,0,14,3,SR-1  TERRY LAKE RD,,14,40.63261111,-105.0715972,0,12,6,0,1,1,0,1,1,1,0,1,0,0000000,99,99,99,99,99,99,0,0,0,1,0
8,80302,1,1,0,0,0,1,1,59,0,3,9,2013,3,14,39,0,15,4,CR-W KEN CARYL AVE,CR-VALLEY RD,0,39.57723611,-105.1474722,0,33,0,0,3,4,0,3,1,1,0,1,0,0000000,99,99,99,99,99,99,0,0,0,1,0
8,80303,2,2,0,0,0,2,2,77,0,17,9,2013,3,8,8,1,11,1,I-70,,357,39.10347222,-108.4641667,0,12,1,0,1,1,0,1,1,1,0,1,0,0000000,8,8,99,99,88,88,28,0,0,1,0
8,80304,1,1,0,0,0,4,4,31,600,11,9,2013,4,16,10,0,16,6,N KITTREDGE ST,,0,39.78583333,-104.8019667,0,33,0,0,1,1,0,4,1,1,0,1,0,0000000,16,18,16,23,16,46,0,0,0,1,0
8,80305,1,1,0,1,1,1,1,77,0,18,9,2013,4,13,15,1,2,2,US-50,,462,38.92825278,-108.3878111,0,9,0,0,1,1,0,2,1,1,0,1,0,0000000,13,14,13,20,99,99,0,0,0,1,0
8,80306,3,1,2,0,0,1,1,5,110,1,9,2013,1,22,0,0,16,6,E FORD AVE,,0,39.69906111,-104.8423639,0,14,0,0,1,1,0,5,3,1,0,1,0,0000000,22,20,22,22,22,34,0,0,0,1,1
8,80307,1,1,0,0,0,2,2,77,0,20,9,2013,6,23,40,0,15,4,CR-G,CR-33,0,39.10611111,-108.4408333,0,1,0,0,3,3,0,4,2,1,0,1,0,0000000,99,99,99,99,88,88,0,0,0,1,1
8,80308,1,1,0,1,1,1,1,69,0,21,9,2013,7,13,50,0,14,4,CR-11C,CR-30,0,40.46558611,-105.0441056,0,9,0,0,3,3,0,1,1,1,0,1,0,0000000,13,51,13,56,14,22,0,0,0,1,0
8,80309,2,2,0,0,0,4,4,105,0,22,9,2013,1,11,55,1,2,2,US-160,,1987,37.67306944,-106.4123972,0,12,1,0,1,1,0,1,1,2,3,3,0,0000000,12,1,12,15,12,45,0,0,0,3,0
8,80310,1,1,0,1,1,1,1,5,110,22,9,2013,1,19,56,1,13,6,E SMOKY HILL RD,,0,39.62703333,-104.7940167,0,15,0,0,8,1,0,1,3,1,0,1,0,0000000,19,56,19,59,88,88,0,0,0,1,0
8,80311,2,2,0,0,0,5,5,101,0,22,9,2013,1,21,40,1,1,1,I-25,,869,38.11361111,-104.67375,0,24,0,0,1,1,0,3,2,1,0,1,0,0000000,99,99,99,99,99,99,0,0,0,1,0
8,80312,1,1,0,0,0,1,1,107,0,23,9,2013,2,3,20,0,3,3,SR-131,,441,40.17805556,-106.9136389,0,1,0,0,1,1,0,4,2,1,0,1,0,0000000,3,30,3,40,88,88,0,0,0,1,1
8,80313,3,3,0,0,0,8,8,41,0,23,9,2013,2,13,32,1,13,2,US-85,CR-PLAZA BLVD,1332,38.74265278,-104.7363,0,12,1,0,3,3,0,1,1,1,0,1,0,0000000,99,99,99,99,99,99,0,0,0,1,0
8,80314,2,2,0,0,0,4,4,83,0,23,9,2013,2,13,55,1,13,3,SR-145,,76,37.45822222,-108.5359,0,12,2,0,1,1,0,1,1,1,0,1,0,0000000,99,99,99,99,99,99,0,0,0,2,0
8,80315,2,2,0,0,0,2,2,67,0,24,9,2013,3,15,5,1,2,2,US-50,,277,37.35239722,-107.8520861,0,12,2,0,1,1,0,4,1,1,0,1,0,0000000,99,99,99,99,88,88,0,0,0,2,0
8,80316,2,2,0,0,0,3,3,1,434,25,9,2013,4,7,10,1,13,6,E 104TH AVE,LANDMARK DR,0,39.88545833,-104.7902778,0,12,6,0,2,2,0,1,1,1,0,1,0,0000000,7,10,7,12,99,99,0,0,0,1,0
8,80317,1,1,0,1,1,0,0,59,0,25,9,2013,4,12,58,0,6,4,CR-PLAINVIEW RD,,6,39.88128056,-105.2646778,0,8,0,0,8,1,0,1,1,1,0,1,0,0000000,12,58,13,6,88,88,23,0,0,1,0
8,80318,2,2,0,0,0,2,2,123,0,26,9,2013,5,6,10,0,4,4,CR-49,CR-48,0,40.33395556,-104.6020556,0,12,6,0,2,2,0,1,2,1,0,1,0,0000000,99,99,99,99,88,88,0,0,0,1,0
8,80319,2,2,0,0,0,3,3,75,0,26,9,2013,5,7,15,0,6,4,CR-34,CR-29,0,40.66768611,-103.3157417,0,12,6,0,2,2,0,1,1,1,0,1,0,0000000,99,99,99,99,88,88,0,0,0,1,0
8,80320,1,1,0,0,0,2,2,59,80,29,9,2013,1,1,10,1,11,1,I-70 RAMP B,,2690,39.78514167,-105.0820167,0,21,0,1,5,1,0,4,3,1,0,1,0,0000000,1,10,1,13,88,88,0,0,0,2,1
8,80321,2,2,0,0,0,3,3,37,0,29,9,2013,1,3,15,1,1,1,I-70,,1496,39.67861111,-106.778,0,12,2,0,1,1,0,1,2,1,0,1,0,0000000,3,18,99,99,99,99,0,0,0,1,1
8,80322,1,1,0,0,0,2,2,89,0,29,9,2013,1,12,20,1,2,2,US-50,,3612,38.10297222,-103.8408333,0,24,0,0,1,1,0,4,1,1,0,1,0,0000000,99,99,99,99,99,99,0,0,0,1,0
8,80323,1,1,0,0,0,2,2,69,0,30,9,2013,2,20,22,0,4,4,CR-74E,,0,40.73504167,-105.3813889,0,1,0,0,1,1,0,4,2,1,0,1,0,0000000,99,99,99,99,99,99,0,0,0,1,1
8,80324,1,1,0,0,0,1,1,1,434,6,9,2013,6,14,57,0,14,6,TOWER RD,,0,39.908425,-104.7712417,0,24,0,0,1,1,0,4,1,1,0,1,0,0000000,14,57,15,4,15,33,0,0,0,1,0
8,80325,2,2,0,0,0,2,2,77,1040,7,9,2013,7,8,19,0,14,6,28 RD,ELM AVE,0,39.08096944,-108.5336944,0,12,6,0,2,2,0,1,1,1,0,1,0,0000000,8,20,8,24,88,88,0,0,0,1,1
8,80326,2,2,0,0,0,3,3,69,860,26,9,2013,5,22,48,0,14,6,W PROSPECT RD,PROSPECT LN,0,40.56720833,-105.0903889,0,12,1,0,3,3,0,1,3,1,0,1,0,0000000,22,48,22,50,99,99,0,0,0,1,1
8,80327,2,2,0,0,0,2,2,69,860,28,9,2013,7,17,7,0,16,6,DEL CLAIR RD,TULANE DR,0,40.54846944,-105.0728167,0,12,6,0,2,2,0,1,1,1,0,1,0,0000000,17,7,17,8,17,30,0,0,0,1,0
8,80328,1,1,0,0,0,2,2,75,0,3,9,2013,3,7,37,1,1,1,I-76,,1207,40.56858056,-103.2059139,0,1,0,0,1,1,0,3,1,1,0,1,0,0000000,7,37,99,99,99,99,0,0,0,1,0
8,80329,2,2,0,0,0,2,2,41,430,5,9,2013,5,19,30,1,13,6,W FONTANERO ST,,0,38.86112222,-104.8639028,0,12,2,0,1,1,0,1,3,1,0,1,0,0000000,99,99,99,99,99,99,0,0,0,1,1
8,80330,2,2,0,0,0,5,5,41,430,28,9,2013,7,21,33,1,13,6,BARNES RD,IRON HORSE TRL,0,38.89631944,-104.7338306,0,12,6,0,2,2,0,1,3,1,0,1,0,0000000,99,99,99,99,99,99,0,0,0,1,1
8,80331,1,1,0,0,0,3,3,71,2440,29,9,2013,1,16,20,1,11,1,I-25,,130,37.16096111,-104.51465,0,59,0,1,19,1,0,4,1,1,0,1,0,0000000,16,22,16,29,16,56,0,0,0,2,0
8,80332,1,1,0,0,0,2,2,7,0,1,10,2013,3,1,38,0,6,4,CR-CARLEE PL,,10,37.26611111,-107.0706528,0,1,0,0,1,1,0,5,2,1,0,1,0,0000000,99,99,99,99,99,99,0,0,0,1,1
8,80333,1,1,0,0,0,1,1,59,0,2,10,2013,4,3,28,1,13,2,US-6 RAMP D,US-40  W COLFAX AVE,2752,39.72543611,-105.1872222,0,31,0,0,3,2,0,8,2,1,0,1,0,0000000,99,99,99,99,88,88,0,0,0,1,0
8,80334,1,1,0,0,0,1,1,71,0,2,10,2013,4,9,30,0,4,3,SR-12,,437,37.16120833,-104.9447222,0,18,0,0,1,1,0,4,1,1,0,1,0,0000000,99,99,99,99,88,88,0,0,0,1,1
8,80335,1,1,0,0,0,1,1,77,0,2,10,2013,4,17,55,1,1,1,I-70,,505,39.19722222,-108.2685194,0,25,0,0,1,1,0,3,1,1,0,1,0,0000000,17,54,18,7,18,50,0,0,0,1,0
8,80336,1,1,0,0,0,1,1,101,0,4,10,2013,6,21,22,0,4,3,SR-78,,216,38.13796667,-104.8330222,0,24,0,0,1,1,0,4,2,1,0,1,0,0000000,99,99,99,99,88,88,0,0,0,1,1
8,80337,1,1,0,0,0,4,4,93,0,5,10,2013,7,16,39,0,3,3,SR-9,,498,39.04722222,-105.8397944,0,38,0,0,1,1,0,5,1,1,0,1,0,0000000,99,99,99,99,99,99,0,0,0,1,0
8,80338,1,1,0,0,0,1,1,123,0,6,10,2013,1,7,53,1,2,3,SR-52,,150,40.08731389,-104.908,0,35,0,0,1,1,0,4,2,1,0,1,0,0000000,99,99,99,99,88,88,0,0,0,1,1
8,80339,1,1,0,0,0,1,1,77,0,12,10,2013,7,18,59,0,3,3,SR-141,,1431,38.85593333,-108.5307389,0,41,0,0,1,1,0,4,1,1,0,1,0,0000000,18,59,19,13,88,88,0,0,0,1,1
8,80340,2,2,0,0,0,1,1,59,1435,13,10,2013,1,23,36,1,13,3,SR-95  S SHERIDAN BLVD,,34,39.70244444,-105.0532639,0,12,1,0,1,1,0,1,3,1,0,1,0,0000000,23,37,23,41,88,88,23,0,0,1,1
8,80341,1,1,0,0,0,4,4,41,0,13,10,2013,1,2,45,1,1,1,I-25,,1230,38.60579722,-104.6800361,0,31,0,0,1,1,0,3,2,1,0,1,0,0000000,99,99,99,99,99,99,0,0,0,3,1
8,80342,2,2,0,0,0,4,4,41,0,13,10,2013,1,16,7,1,1,1,I-25,,1243,38.62388889,-104.6898306,0,12,1,0,1,1,0,1,1,1,0,1,0,0000000,16,9,16,28,16,42,27,0,0,1,1
8,80343,1,1,0,0,0,2,2,43,0,17,10,2013,5,10,13,1,2,2,US-50,,2731,38.48916667,-105.2791667,0,35,0,0,1,1,0,4,1,1,0,1,0,0000000,99,99,99,99,99,99,0,0,0,1,1
8,80344,3,3,0,0,0,6,6,83,0,20,10,2013,1,15,13,1,2,2,US-160,,308,37.255,-108.6438667,0,12,8,0,1,1,0,1,1,1,0,1,0,0000000,99,99,99,99,99,99,0,0,0,3,0
8,80345,1,1,0,1,1,1,1,69,860,8,10,2013,3,18,2,0,14,6,HARMONY RD,HINSDALE DR,0,40.52356389,-105.0878139,0,9,0,0,2,3,0,1,1,1,0,1,0,0000000,18,2,18,5,18,27,16,0,0,1,0
8,80346,1,1,0,1,1,1,1,17,0,9,10,2013,4,17,10,1,2,2,US-40,,4265,38.85893333,-103.1075,0,8,0,0,1,1,0,2,1,1,0,1,0,0000000,99,99,99,99,88,88,0,0,0,1,0
8,80347,1,1,0,0,0,1,1,77,1040,14,10,2013,2,7,2,0,15,6,27 1/2 RD,,0,39.10111111,-108.5430139,0,33,0,0,1,1,0,4,4,1,0,1,0,0000000,7,3,7,7,88,88,0,0,0,1,0
8,80348,1,1,0,3,3,1,1,31,600,26,10,2013,7,2,19,0,15,6,WALNUT ST,,0,39.76049444,-104.9845472,0,8,0,0,1,1,0,1,3,1,0,1,0,0000000,2,29,2,31,2,49,0,0,0,1,1
8,80349,1,1,0,0,0,1,1,19,0,23,10,2013,4,7,0,0,3,2,US-6,,2581,39.73888889,-105.4266667,0,17,0,0,1,1,0,4,2,1,0,1,0,0000000,99,99,99,99,88,88,0,0,0,1,0
8,80350,1,1,0,0,0,1,1,1,0,24,10,2013,5,22,15,0,6,4,CR-152ND AVE,,0,39.97116111,-104.0085194,0,35,0,0,1,1,0,4,2,1,0,1,0,0000000,22,34,23,4,88,88,0,0,0,1,1
8,80351,2,2,0,0,0,2,2,67,650,21,10,2013,2,14,39,1,13,2,US-160  S CAMINO DEL RIO,CR-210,845,37.25322778,-107.8764722,0,12,6,0,2,2,0,1,1,1,0,1,0,0000000,14,39,14,45,14,58,0,0,0,1,0
8,80352,1,1,0,0,0,1,1,107,0,12,10,2013,7,11,20,0,3,3,SR-131,,602,40.35618056,-106.8963889,0,11,0,0,1,1,0,1,1,1,0,1,0,0000000,11,23,11,37,12,4,0,0,0,1,0
8,80353,1,1,0,1,1,1,1,14,253,29,10,2013,3,1,58,1,13,3,SR-7,,672,40.00028611,-105.0033889,0,15,0,0,1,1,0,1,2,2,0,2,0,0000000,1,58,2,5,88,88,0,0,0,1,0
8,80355,2,2,0,0,0,3,3,123,1070,18,10,2013,6,15,36,0,15,6,CR-33,AA ST,0,40.46661667,-104.7541222,0,12,6,0,2,2,0,1,1,1,0,1,0,0000000,15,38,15,44,16,16,0,0,0,1,0
8,80356,1,1,0,0,0,1,1,39,0,31,10,2013,5,16,15,0,4,4,CR-ELBERT RD,,0,39.24338056,-104.5335389,0,38,0,0,1,1,0,5,1,1,0,1,0,0000000,23,26,23,35,88,88,0,0,0,1,0
8,80357,2,2,0,0,0,3,3,59,0,30,10,2013,4,19,11,0,3,2,US-6,,2622,39.73583333,-105.3700917,0,12,2,0,1,1,0,1,2,1,0,1,0,0000000,99,99,99,99,99,99,0,0,0,1,0
8,80358,1,1,0,0,0,1,1,125,0,31,10,2013,5,13,5,0,4,4,CR-7,SR-385,0,39.67383333,-102.2519139,0,1,0,0,3,2,0,4,1,1,0,1,0,0000000,13,9,13,25,13,54,0,0,0,1,0
8,80359,2,2,0,0,0,3,3,63,0,31,10,2013,5,16,56,0,6,4,CR-38,CR-W,0,39.31424444,-102.4647611,0,12,6,0,2,2,0,1,1,1,0,1,0,0000000,16,56,17,9,17,27,0,0,0,1,1
8,80360,1,1,0,0,0,1,1,33,0,31,10,2013,5,17,30,1,2,3,SR-145,,477,37.69975,-108.0321111,0,43,0,0,1,1,0,4,1,1,0,1,0,0000000,99,99,99,99,88,88,0,0,0,1,0
8,80361,1,1,0,1,1,1,1,1,0,25,10,2013,6,21,34,0,15,4,CR-N TENNYSON ST,,0,39.80013333,-105.0439278,0,8,0,0,1,1,0,1,2,1,0,1,0,0000000,21,31,21,38,22,3,0,0,0,1,0
8,80362,1,1,0,0,0,2,2,69,1550,15,10,2013,3,17,21,1,13,2,US-287  CLEVELAND AVE,,0,40.41088889,-105.0735667,0,25,0,0,1,1,0,4,5,1,0,1,0,0000000,17,21,17,29,18,10,0,0,0,1,1
8,80363,2,2,0,0,0,2,2,35,0,12,10,2013,7,13,1,0,4,4,CR-W PERRY PARK AVE,CR-S PERRY PARK RD,0,39.23203056,-104.9400889,0,12,2,0,3,4,0,1,1,1,0,1,0,0000000,13,2,13,8,13,58,0,0,0,1,0
8,80365,1,1,0,0,0,1,1,35,0,17,8,2013,7,8,5,0,5,4,CR-PERRY PARK RD,,0,39.14084722,-104.9136778,0,53,0,0,1,1,0,4,1,1,0,1,0,0000000,8,5,8,14,8,48,0,0,0,1,0
8,80366,1,1,0,0,0,1,1,67,650,15,5,2013,4,22,5,0,14,3,SR-3,,11,37.24805556,-107.8688889,0,1,0,0,1,1,0,4,2,1,0,1,0,0000000,22,5,22,12,22,34,0,0,0,1,1
8,80367,1,1,0,1,1,1,1,41,0,13,9,2013,6,19,41,0,3,3,SR-115,,276,38.57175278,-104.937525,0,8,0,0,1,1,0,1,2,1,0,1,0,0000000,99,99,99,99,88,88,19,0,0,1,0
8,80368,1,1,0,0,0,1,1,13,0,2,11,2013,7,12,52,0,3,3,SR-72,,495,40.130625,-105.4947222,0,59,0,0,1,1,0,4,1,4,0,4,0,0000000,99,99,99,99,88,88,0,0,0,1,1
8,80369,2,2,0,0,0,2,2,3,0,2,11,2013,7,13,44,1,13,2,US-160,,2353,37.473425,-105.8338889,0,12,2,0,1,1,0,2,1,1,0,1,0,0000000,13,45,13,50,14,0,0,0,0,1,0
8,80370,1,1,0,0,0,1,1,29,0,2,11,2013,7,17,50,0,4,4,CR-CRAWFORD RD,,0,38.72833333,-107.6321472,0,1,0,0,1,1,0,1,1,1,0,1,0,0000000,99,99,99,99,99,99,0,0,0,1,1
8,80371,2,1,1,0,0,1,1,5,0,5,11,2013,3,0,25,0,16,4,CR-S IRVING ST,,0,39.65648333,-105.0297778,0,14,0,0,1,1,0,7,2,1,0,1,0,0000000,99,99,99,99,99,99,0,0,0,1,1
8,80372,2,2,0,0,0,3,3,19,0,5,11,2013,3,19,39,1,1,1,I-70,,2224,39.69436389,-105.7858167,0,31,0,0,1,1,0,3,2,1,0,1,0,0000000,19,38,19,45,99,99,0,0,0,1,0
8,80373,2,2,0,0,0,3,3,31,600,9,11,2013,7,4,15,1,13,3,SR-88  S FEDERAL BLVD,,23,39.70729167,-105.0250778,0,12,2,0,1,1,0,1,3,1,0,1,0,0000000,99,99,99,99,99,99,0,0,0,1,1
8,80374,1,1,0,0,0,2,2,31,600,9,11,2013,7,23,22,1,11,1,I-70,,2811,39.77458333,-104.855,0,1,0,0,1,1,0,4,3,1,0,1,0,0000000,99,99,99,99,99,99,0,0,0,1,1
8,80375,1,1,0,0,0,1,1,13,0,10,11,2013,1,14,30,0,3,3,SR-72,,360,39.99383333,-105.4960556,0,1,0,0,1,1,0,1,1,1,0,1,0,0000000,99,99,99,99,99,99,0,0,0,1,1
8,80376,2,2,0,0,0,4,4,59,0,10,11,2013,1,17,33,1,11,1,I-70,,2550,39.70478333,-105.2688889,0,12,1,0,1,1,0,1,2,1,0,1,0,0000000,99,99,99,99,99,99,0,0,0,2,1
8,80377,2,2,0,0,0,2,2,41,0,11,11,2013,2,17,58,1,2,2,US-24,,3496,39.12391389,-104.1575,0,12,6,0,1,1,0,1,2,1,0,1,0,0000000,99,99,99,99,88,88,0,0,0,1,0
8,80378,1,1,0,0,0,1,1,19,0,12,11,2013,3,9,4,0,4,4,CR-FALL RIVER RD,,61,39.80000278,-105.6322222,0,1,0,0,1,1,0,1,1,1,0,1,0,0000000,99,99,99,99,88,88,0,0,0,1,0
8,80379,1,1,0,0,0,4,4,75,0,12,11,2013,3,11,0,0,4,2,US-138,,142,40.77502778,-103.0322222,0,1,0,0,1,1,0,1,1,1,0,1,0,0000000,11,5,11,19,11,38,0,0,0,1,0
8,80380,2,2,0,0,0,2,2,75,0,7,11,2013,5,9,13,0,4,2,US-6,CR-29.5,3955,40.51933333,-103.3043056,0,12,6,0,3,3,0,1,1,1,0,1,0,0000000,99,99,99,99,99,99,0,0,0,1,0
8,80381,1,1,0,0,0,1,1,13,0,17,11,2013,1,2,39,0,14,4,CR-HYGIENE RD,CR-N 75TH ST,0,40.1887,-105.1782278,0,17,0,0,3,3,0,5,3,1,0,1,0,0000000,99,99,99,99,88,88,0,0,0,1,1
8,80382,1,1,0,0,0,2,2,71,0,21,11,2013,5,6,35,1,1,1,I-25,,55,37.05888889,-104.5230556,0,31,0,1,19,1,1,3,4,4,0,4,0,0000000,99,99,99,99,99,99,0,0,0,2,0
8,80383,2,2,0,0,0,2,2,7,0,21,11,2013,5,16,33,1,2,2,US-160,,1517,37.35027778,-106.9192694,0,12,6,0,1,1,0,1,1,4,0,4,0,0000000,99,99,99,99,99,99,0,0,0,1,0
8,80384,2,2,0,0,0,3,3,123,0,21,11,2013,5,9,5,0,4,4,CR-22,,0,40.14546667,-104.7534806,0,12,6,0,1,1,0,1,1,4,0,4,0,0000000,99,99,99,99,99,99,0,0,0,2,1
8,80385,1,1,0,1,1,1,1,31,600,23,11,2013,7,17,46,1,13,6,E ALAMEDA AVE,,0,39.70806944,-104.8869944,0,8,0,0,1,1,0,1,3,1,0,1,0,0000000,17,46,17,55,88,88,0,0,0,1,0
8,80386,2,2,0,0,0,2,2,1,0,26,11,2013,3,20,43,1,13,3,SR-44  E 104TH AVE,,31,39.88525556,-104.9061583,0,12,8,0,1,1,0,1,2,1,0,1,0,0000000,20,43,99,99,88,88,0,0,0,1,1
8,80387,2,1,1,0,0,1,1,1,0,29,11,2013,6,18,24,0,15,4,CR-COLORADO BLVD,,0,39.82474444,-104.9402889,0,38,0,0,1,1,0,5,2,1,0,1,0,0000000,18,26,18,31,88,88,0,0,0,1,1
8,80388,1,1,0,0,0,6,6,121,0,27,11,2013,4,22,14,0,6,4,CR-58,,0,40.40905556,-102.9452778,0,1,0,0,1,1,0,5,2,1,0,1,0,0000000,22,17,22,39,23,16,0,0,0,1,1
8,80389,2,2,0,0,0,3,3,41,430,20,11,2013,4,5,59,1,2,3,SR-94,,18,38.8388,-104.66815,0,12,6,0,1,1,0,1,2,1,0,1,0,0000000,99,99,99,99,99,99,0,0,0,2,0
8,80390,1,1,0,0,0,1,1,63,0,20,11,2013,4,12,21,0,5,4,CR-40,,0,39.36997222,-102.4277,0,38,0,0,1,1,0,5,1,1,0,1,0,0000000,99,99,99,99,99,99,0,0,0,1,0
8,80391,1,1,0,1,1,1,1,5,2270,2,11,2013,7,23,16,1,13,3,SR-88  S FEDERAL BLVD,,58,39.65591944,-105.0252111,0,8,0,0,1,1,0,1,3,1,0,1,0,0000000,23,18,99,99,99,99,0,0,0,1,0
8,80392,1,1,0,0,0,1,1,41,890,10,11,2013,1,0,2,0,6,6,CHARTER OAK RANCH RD,,0,38.66821667,-104.7147722,0,24,0,0,1,1,0,4,2,1,0,1,0,0000000,0,2,0,10,88,88,0,0,0,1,1
8,80393,2,2,0,0,0,3,3,41,430,17,11,2013,1,17,0,1,12,2,US-24,,3051,38.81636944,-104.7836111,0,12,6,0,1,1,0,1,5,1,0,1,0,0000000,17,1,17,5,99,99,0,0,0,2,0
8,80394,1,1,0,0,0,1,1,41,430,28,7,2013,1,6,49,0,15,6,CHAPMAN DR,,0,38.82136667,-104.7520222,0,33,0,0,1,1,0,4,1,2,0,2,0,0000000,99,99,99,99,99,99,0,0,0,1,1
8,80395,1,1,0,1,1,1,1,5,110,1,12,2013,1,21,59,0,16,6,E 4TH WAY,KENTON ST,0,39.72025833,-104.8623222,0,8,0,0,3,2,0,1,3,1,0,1,0,0000000,22,0,22,5,22,19,0,0,0,1,0
8,80396,1,1,0,0,0,2,2,59,80,2,12,2013,2,22,36,1,13,3,SR-95  SHERIDAN BLVD,W 80TH AVE,131,39.84184722,-105.0532806,0,33,0,0,3,2,0,8,3,1,0,1,0,0000000,22,36,22,41,23,14,0,0,0,1,1
8,80397,1,1,0,0,0,1,1,59,0,4,12,2013,4,21,35,1,11,1,I-70,,2633,39.74768889,-105.15075,0,24,0,0,1,1,0,3,3,4,0,4,0,0000000,99,99,99,99,88,88,0,0,0,1,1
8,80398,2,2,0,0,0,2,2,14,253,5,12,2013,5,14,20,0,16,6,YALE DR,PIKES PEAK DR,0,39.986,-105.0348722,0,12,6,0,2,3,0,1,1,1,0,1,0,0000000,14,20,14,24,14,49,0,0,0,1,0
8,80399,1,1,0,0,0,1,1,59,0,11,12,2013,4,17,55,1,13,3,SR-93,,82,39.87745278,-105.2409528,0,38,0,0,1,1,0,5,2,1,0,1,0,0000000,99,99,99,99,88,88,0,0,0,1,1
8,80400,3,3,0,0,0,6,6,5,345,8,12,2013,1,21,13,0,14,6,S RESERVOIR RD,,0,39.63207222,-104.7559194,0,12,2,0,1,1,0,1,2,1,0,1,0,0000000,21,14,21,24,21,35,0,0,0,1,1
8,80401,1,1,0,2,2,1,1,45,0,9,12,2013,2,18,23,1,1,1,I-70,,986,39.54501944,-107.6320444,0,8,0,0,1,1,0,1,2,1,0,1,0,0000000,18,23,18,33,19,12,0,0,0,1,0
8,80402,1,1,0,0,0,2,2,59,0,10,12,2013,3,10,27,0,3,2,US-6,,2607,39.74268056,-105.3913889,0,31,0,0,1,1,0,4,1,1,0,1,0,0000000,99,99,99,99,99,99,0,0,0,2,0
8,80403,2,2,0,0,0,2,2,107,0,11,12,2013,4,14,38,1,2,2,US-40,,1090,40.49569444,-107.2313139,0,12,8,0,1,1,0,1,1,1,0,1,0,0000000,14,38,99,99,99,99,0,0,0,1,0
8,80404,2,2,0,0,0,2,2,41,0,12,12,2013,5,12,32,1,2,2,US-24,,3217,38.94640833,-104.5899139,0,12,2,0,1,1,0,1,1,1,0,1,0,0000000,99,99,99,99,99,99,0,0,0,1,0
8,80405,1,1,0,0,0,1,1,59,0,12,12,2013,5,15,5,1,11,1,I-70,,2569,39.69822222,-105.2362528,0,31,0,0,1,1,0,3,1,1,0,1,0,0000000,15,9,15,11,99,99,0,0,0,1,0
8,80406,1,1,0,1,1,1,1,1,434,12,12,2013,5,16,56,0,15,6,BRIGHTON RD,,0,39.83089722,-104.9256056,0,8,0,0,1,1,0,1,1,1,0,1,0,0000000,16,56,17,0,17,50,0,0,0,1,0
8,80407,2,2,0,0,0,2,2,29,0,17,12,2013,3,8,5,0,4,4,CR-CRAWFORD RD,CR-STEWART MESA RD,0,38.83911667,-107.6211111,0,12,6,0,2,2,0,1,1,1,0,1,0,0000000,99,99,99,99,99,99,0,0,0,1,0
8,80408,3,1,2,0,0,1,1,59,1435,17,12,2013,3,11,17,1,13,3,SR-391  KIPLING ST,,73,39.75425,-105.1097083,0,33,0,0,1,1,0,4,1,1,0,1,0,0000000,11,17,11,19,11,33,14,0,0,1,0
8,80409,2,2,0,0,0,3,3,59,2550,18,12,2013,4,18,56,1,13,3,SR-121  WADSWORTH PKWY,INDEPENDENCE DR,230,39.87417778,-105.0928694,0,12,1,0,3,2,0,1,3,1,0,1,0,0000000,18,56,18,58,19,14,0,0,0,1,0