STATE,ST_CASE,VE_TOTAL,VE_FORMS,PVH_INVL,PEDS,PERNOTMVIT,PERMVIT,PERSONS,COUNTY,CITY,DAY,MONTH,YEAR,DAY_WEEK,HOUR,MINUTE,NHS,ROAD_FNC,ROUTE,TWAY_ID,TWAY_ID2,MILEPT,LATITUDE,LONGITUD,SP_JUR,HARM_EV,MAN_COLL,RELJCT1,RELJCT2,TYP_INT,WRK_ZONE,REL_ROAD,LGT_COND,WEATHER1,WEATHER2,WEATHER,SCH_BUS,RAIL,NOT_HOUR,NOT_MIN,ARR_HOUR,ARR_MIN,HOSP_HR,HOSP_MN,CF1,CF2,CF3,FATALS,DRUNK_DR
8,80410,1,1,0,0,0,1,1,59,0,20,12,2013,6,21,30,0,3,3,SR-74,,138,39.66287222,-105.2511111,0,31,0,0,1,1,0,4,2,1,0,1,0,0000000,99,99,99,99,88,88,0,0,0,1,1
8,80411,3,3,0,0,0,5,5,14,253,22,12,2013,1,5,13,1,11,1,I-25,,2282,39.98819444,-104.9871778,0,25,0,0,1,1,0,3,2,1,0,1,0,0000000,99,99,99,99,99,99,0,0,0,1,1
8,80412,1,1,0,0,0,4,4,39,0,22,12,2013,1,8,19,1,1,1,I-70,,3575,39.27523611,-103.7444444,0,31,0,0,1,1,0,3,1,1,0,1,0,0000000,99,99,99,99,99,99,0,0,0,1,0
8,80413,2,2,0,0,0,6,6,31,600,25,12,2013,4,0,15,1,13,6,N PEORIA ST,E 51ST AVE,0,39.78926944,-104.8470222,0,12,6,0,2,2,0,1,3,1,0,1,0,0000000,99,99,99,99,99,99,0,0,0,1,1
8,80414,1,1,0,0,0,3,3,89,0,25,12,2013,4,6,34,1,2,2,US-50,,3853,38.01361111,-103.4508333,0,31,0,0,1,1,0,3,4,1,0,1,0,0000000,99,99,99,99,99,99,0,0,0,1,0
8,80415,1,1,0,0,0,4,4,69,0,27,12,2013,6,0,30,0,4,4,CR-38E,CR-STOUT WILD RD,0,40.50527778,-105.149675,0,31,0,0,3,3,0,4,2,1,0,1,0,0000000,99,99,99,99,99,99,0,0,0,1,1
8,80416,1,1,0,0,0,1,1,31,600,27,12,2013,6,1,8,1,11,1,I-25 RAMP C,,2121,39.76090833,-105.0039083,0,33,0,1,5,1,0,8,3,1,0,1,0,0000000,1,8,1,9,1,24,0,0,0,1,1
8,80417,2,2,0,0,0,4,4,1,110,29,12,2013,1,23,47,0,14,6,E SMITH RD,N ENSENADA ST,0,39.75281111,-104.7612778,0,12,6,0,3,3,0,1,3,1,0,1,0,0000000,23,47,23,49,0,23,0,0,0,1,0
8,80418,1,1,0,0,0,1,1,69,0,25,12,2013,4,23,55,1,2,2,US-287,,3573,40.67878889,-105.1788056,0,35,0,0,1,1,0,4,2,1,0,1,0,0000000,99,99,99,99,88,88,0,0,0,1,1
8,80419,2,2,0,0,0,4,4,35,0,30,12,2013,2,18,19,0,4,4,CR-BUCKBOARD RD,CR-DELBERT RD,0,39.536025,-104.6612389,0,12,6,0,2,2,0,1,2,1,0,1,0,0000000,18,20,18,24,19,0,0,0,0,1,0
8,80420,2,2,0,0,0,2,2,13,1530,18,12,2013,4,15,24,0,14,6,W 9TH AVE,,0,40.17399167,-105.1187083,0,12,2,0,1,1,0,1,1,1,0,1,0,0000000,15,24,15,30,15,39,0,0,0,1,0
8,80421,1,1,0,0,0,1,1,123,1650,17,12,2013,3,20,55,0,4,3,SR-257,,15,40.35375,-104.8693667,0,31,0,0,1,1,0,4,2,1,0,1,0,0000000,20,56,21,0,88,88,0,0,0,1,1
8,80422,3,3,0,0,0,3,3,123,1620,26,12,2013,5,6,36,1,2,3,SR-66,,454,40.204375,-104.9336111,0,12,2,0,1,1,0,1,2,1,0,1,0,0000000,6,37,6,44,99,99,0,0,0,1,0
8,80423,2,2,0,0,0,2,2,1,230,13,3,2013,4,16,59,1,13,6,E BRIDGE ST,S 22ND AVE,0,39.98676944,-104.7949167,0,12,6,0,2,3,0,1,1,1,0,1,0,0000000,16,59,17,3,88,88,0,0,0,1,1
8,80424,1,1,0,0,0,1,1,69,0,28,12,2013,7,16,17,1,13,3,SR-14  E MULBERRY ST,,1379,40.58093333,-105.0229361,0,42,0,0,1,1,0,4,1,1,0,1,0,0000000,16,18,16,22,16,49,0,0,0,1,1
8,80425,1,1,0,1,1,3,3,41,890,28,12,2013,7,20,58,0,14,6,FOUNTAIN MESA RD,,0,38.72972222,-104.6970333,0,8,0,0,1,1,0,1,2,4,0,4,0,0000000,20,59,21,0,88,88,0,0,0,1,0
8,80426,2,2,0,0,0,3,3,31,600,17,12,2013,3,16,45,0,14,6,S YOSEMITE ST,E JEFFERSON AVE,0,39.6511,-104.88485,0,12,6,0,2,2,0,1,3,1,0,1,0,0000000,16,49,16,57,17,50,0,0,0,1,0
8,80427,1,1,0,0,0,2,2,59,2555,22,6,2013,7,17,11,0,14,3,SR-58,,55,39.77625,-105.1423361,0,25,0,1,5,1,0,4,1,1,0,1,0,0000000,17,11,17,22,17,36,0,0,0,1,0
8,80428,5,5,0,0,0,8,8,41,430,3,9,2013,3,12,15,1,13,6,E PLATTE AVE,N CHELTON RD,0,38.83982222,-104.7662167,0,12,7,0,3,2,0,1,1,1,0,1,0,0000000,12,15,12,20,99,99,0,0,0,1,0
8,80429,1,1,0,0,0,2,2,41,430,16,11,2013,7,20,55,0,15,6,W CHEYENNE MTN BLVD,,0,38.78120556,-104.8503667,0,33,0,0,1,1,0,4,2,1,0,1,0,0000000,20,58,21,7,21,31,0,0,0,1,1
8,80430,1,1,0,0,0,1,1,41,0,14,7,2013,1,17,0,1,11,1,I-25,,1498,38.94583333,-104.8137333,0,25,0,0,1,1,1,4,1,1,0,1,0,0000000,99,99,99,99,99,99,0,0,0,1,1
8,80431,2,2,0,0,0,4,4,5,110,5,8,2013,2,18,17,1,13,6,E ILIFF AVE,,0,39.67467222,-104.808,0,12,6,0,8,1,0,1,1,1,0,1,0,0000000,18,17,18,26,99,99,0,0,0,1,0
8,80432,1,1,0,1,1,1,1,5,110,17,8,2013,7,4,18,1,13,3,SR-30  E 6TH AVE,,82,39.725625,-104.8592222,0,8,0,0,1,1,0,1,3,1,0,1,0,0000000,4,18,4,25,4,35,0,0,0,1,0
8,80433,1,1,0,0,0,2,2,41,430,25,7,2013,5,12,0,1,13,6,S CIRCLE DR,,0,38.80033889,-104.7810417,0,30,0,1,19,1,0,4,1,1,0,1,0,0000000,99,99,99,99,99,99,0,0,0,1,0
8,80434,2,2,0,0,0,2,2,89,2150,11,9,2013,4,15,30,0,6,5,N 5TH ST,,0,38.06156667,-103.7219444,0,12,2,0,1,1,0,1,1,1,0,1,0,0000000,99,99,99,99,99,99,0,0,0,1,0
8,80435,1,1,0,0,0,2,2,69,860,18,11,2013,2,1,23,0,16,6,INTERNATIONAL BLVD,,0,40.58991667,-105.0399778,0,33,0,0,1,1,0,4,3,1,0,1,0,0000000,1,33,1,36,99,99,0,0,0,1,1
9,90001,1,1,0,0,0,1,1,15,330,11,1,2013,6,13,48,1,11,1,I-395,,373,41.78936389,-71.8748,0,24,0,0,1,1,0,4,1,1,0,1,0,0000000,13,46,13,49,88,88,0,0,0,1,0
9,90002,1,1,0,1,1,1,1,3,365,15,1,2013,3,6,9,0,14,6,MIDDLE TPKE WEST,ADAMS ST,6,41.78099722,-72.54970556,0,8,0,0,3,2,0,1,3,1,0,1,0,0000000,6,9,6,18,6,43,0,0,0,1,0
9,90003,1,1,0,0,0,1,1,15,330,25,1,2013,6,13,27,0,6,6,RIVER ROAD,,13,41.88365833,-71.83613056,0,42,0,0,1,1,0,4,1,1,0,1,0,0000000,13,36,13,41,88,88,0,0,0,1,0
9,90004,2,2,0,0,0,2,2,1,80,23,1,2013,4,14,0,0,14,6,MADISON AVENUE,BURNSFORD AVENUE,18,41.20542222,-73.22137778,0,12,6,0,2,2,0,1,1,1,0,1,0,0000000,14,0,14,7,14,39,0,0,0,1,1
9,90005,1,1,0,0,0,3,3,9,810,21,1,2013,2,23,58,0,14,3,SR-847,GRAND ST,35,41.55570278,-73.04650556,0,40,0,0,3,3,0,4,3,11,0,11,0,0000000,23,58,0,1,99,99,0,0,0,1,1
9,90006,1,1,0,0,0,4,4,9,265,24,1,2013,5,23,41,0,16,6,SAW MILL ROAD,FLAT MEADOW ROAD,0,41.31144722,-72.701675,0,42,0,0,3,3,0,4,2,1,0,1,0,0000000,23,38,23,44,0,9,0,0,0,1,1
9,90007,2,1,1,0,0,1,1,9,825,3,2,2013,1,2,48,0,14,6,FIRST AVENUE,,6,41.27250556,-72.93688611,0,17,0,0,1,1,0,4,3,4,0,4,0,0000000,2,48,2,51,88,88,0,0,0,1,1
9,90008,1,1,0,0,0,1,1,1,170,12,2,2013,3,21,26,0,14,6,GREAT PLAIN ROAD,,7,41.42008056,-73.439575,0,30,0,0,1,1,0,4,3,1,0,1,0,0000000,21,26,21,39,21,48,0,0,0,1,0
9,90009,1,1,0,1,1,1,1,9,585,8,2,2013,6,20,35,0,6,5,STRAITSVILLE ROAD,,24,41.50359167,-72.98291111,0,8,0,0,8,1,0,4,2,11,4,4,0,0000000,20,29,20,32,21,5,0,0,0,1,0
9,90010,1,1,0,0,0,1,1,9,375,26,1,2013,7,2,23,1,11,1,I-84,,298,41.532775,-73.08833056,0,35,0,1,19,1,0,4,2,1,0,1,0,0000000,2,23,99,99,88,88,0,0,0,1,0
9,90011,1,1,0,0,0,1,1,11,520,26,1,2013,7,9,47,1,11,1,I-395,,110,41.50848056,-72.11536944,0,35,0,1,19,1,0,4,1,1,0,1,0,0000000,9,56,99,99,88,88,0,0,0,1,0
9,90012,2,2,0,0,0,3,3,3,60,2,3,2013,7,3,49,0,3,3,SR-189,,90,41.90660556,-72.76088056,0,12,2,0,1,1,0,1,2,1,0,1,0,0000000,3,51,4,6,4,55,0,0,0,1,1
9,90013,4,4,0,0,0,6,6,3,842,30,1,2013,4,18,25,1,11,1,I-91,,464,41.87888333,-72.66210278,0,12,1,1,18,1,0,1,3,2,0,2,0,0000000,18,26,18,33,18,58,0,0,0,1,0
9,90014,1,1,0,4,4,1,1,9,385,11,2,2013,2,11,8,0,13,2,US-1,,361,41.20378333,-73.09760833,0,8,0,0,1,1,0,1,1,12,0,12,0,0000000,11,7,11,11,11,33,4,0,0,2,0
9,90015,2,2,0,0,0,2,2,11,263,24,2,2013,1,11,24,0,3,3,SR-138,BITGOOD ROAD,93,41.58496944,-71.93396667,0,12,7,0,2,3,0,1,1,2,0,2,0,0000000,11,24,99,99,88,88,0,0,0,1,0
9,90016,1,1,0,0,0,5,5,11,520,27,2,2013,4,8,23,1,13,3,SR-2,,412,41.51791667,-72.05238611,0,42,0,0,1,1,0,4,1,2,0,2,0,0000000,8,23,99,99,99,99,0,0,0,3,0
9,90017,1,1,0,0,0,3,3,3,229,7,2,2013,5,21,41,0,16,6,HOLY FAMILY CHURCH PKG LOT,,0,41.95085,-72.56187222,0,33,0,0,1,1,0,5,3,1,0,1,0,0000000,21,41,21,47,22,25,0,0,0,1,0
9,90018,1,1,0,1,1,1,1,1,835,2,3,2013,7,18,4,0,13,2,US-1,BULKLEY AVENUE NORTH,227,41.13827222,-73.29980556,0,8,0,0,3,2,0,1,3,1,0,1,0,0000000,18,3,18,10,18,39,0,0,0,1,0
9,90019,1,1,0,0,0,1,1,11,520,5,3,2013,3,14,1,0,15,3,SR-97,,37,41.60442222,-72.05798056,0,42,0,0,1,1,0,4,1,1,0,1,0,0000000,14,3,14,40,88,88,0,0,0,1,1
9,90020,3,2,1,0,0,2,2,1,700,5,3,2013,3,16,36,0,16,6,TURNER ROAD,PEPPER RIDGE ROAD,3,41.08289167,-73.53933611,0,12,6,0,2,2,0,1,1,1,0,1,0,0000000,16,37,16,42,17,11,0,0,0,1,0
9,90021,2,1,1,0,0,1,1,1,715,8,3,2013,6,20,57,0,14,6,HUNTINGTON ROAD,,9,41.21965833,-73.13475833,0,14,0,0,1,1,0,7,3,1,0,1,0,0000000,20,58,21,2,99,99,0,0,0,1,1
9,90022,1,1,0,0,0,1,1,13,367,17,3,2013,1,20,44,0,14,3,SR-32,,360,41.79129167,-72.28090833,0,24,0,0,1,1,0,4,2,1,0,1,0,0000000,20,57,99,99,88,88,0,0,0,1,0
9,90023,1,1,0,1,1,2,2,15,590,21,3,2013,5,14,10,0,16,6,S&S PKG LOT ACCESS RD,CIRCULATING ROAD OFF OF US-44,0,41.92576111,-71.87834722,0,8,0,0,2,3,0,1,1,1,0,1,0,0000000,14,6,14,12,14,35,0,0,0,1,0
9,90024,4,4,0,0,0,5,5,11,244,23,3,2013,7,1,3,0,2,3,SR-32,,172,41.57132778,-72.13224722,0,12,2,0,1,1,0,1,2,1,0,1,0,0000000,1,4,1,14,99,99,0,0,0,1,0
9,90025,1,1,0,0,0,1,1,3,420,23,3,2013,7,1,31,0,12,3,SR-72,,21,41.66386667,-72.80996111,0,24,0,1,19,1,0,3,3,1,0,1,0,0000000,1,16,1,21,88,88,0,0,0,1,1
9,90026,2,2,0,0,0,2,2,9,810,6,4,2013,7,99,99,0,14,3,SR-847,,43,41.56416111,-73.05456111,0,12,2,0,1,1,0,1,3,1,0,1,0,0000000,2,24,2,40,3,20,0,0,0,1,1
9,90027,2,2,0,0,0,2,2,1,80,7,4,2013,1,13,45,0,13,2,US-1 BOSTON AVE,ORCHARD ST,316,41.19654722,-73.17801667,0,12,6,0,2,2,0,1,1,1,0,1,0,0000000,99,99,99,99,88,88,0,0,0,1,0
9,90028,1,1,0,0,0,1,1,3,15,18,4,2013,5,2,3,0,16,6,HUCKLEBERRY HILL ROAD,,8,41.77478889,-72.90046667,0,24,0,0,1,1,0,4,2,1,0,1,0,0000000,2,4,2,14,2,47,0,0,0,1,1
9,90029,1,1,0,0,0,1,1,11,520,18,4,2013,5,11,38,1,11,1,I-395,ON X81W OFF RMP (TR804),138,41.54720556,-72.10658056,0,24,0,1,5,1,0,4,1,1,0,1,0,0000000,11,38,11,46,88,88,0,0,0,1,0
9,90030,3,1,2,2,2,1,1,11,584,20,4,2013,7,2,1,1,13,3,SR-2A,,86,41.48739167,-72.04346667,0,14,0,0,1,1,0,5,3,2,0,2,0,0000000,2,3,2,7,2,29,0,0,0,1,1
9,90031,1,1,0,0,0,1,1,3,60,13,4,2013,7,6,47,0,6,6,TARIFFVILLE ROAD #1,,6,41.89190556,-72.75508056,0,35,0,0,1,1,0,4,2,99,0,99,0,0000000,6,47,6,56,7,47,0,0,0,1,0
9,90032,2,2,0,0,0,2,2,5,492,27,4,2013,7,0,19,0,3,2,US-7,,754,42.01234722,-73.33189167,0,12,2,0,1,1,0,1,2,1,0,1,0,0000000,0,17,0,24,1,39,0,0,0,1,1
9,90033,1,1,0,0,0,1,1,15,749,28,4,2013,1,20,17,0,15,3,SR-200,BUCKLEY HILL ROAD,7,41.97060556,-71.87955278,0,30,0,0,3,4,0,4,2,1,0,1,0,0000000,20,36,20,39,88,88,0,0,0,1,0
9,90034,1,1,0,0,0,1,1,15,573,20,4,2013,7,0,31,0,4,3,SR-244,,36,41.89903889,-72.01554722,0,17,0,0,1,1,0,4,2,2,0,2,0,0000000,0,26,0,42,1,3,0,0,0,1,1
9,90035,2,2,0,0,0,2,2,1,700,28,4,2013,1,18,46,0,14,6,PALMER HILL ROAD,,0,41.0592,-73.56165,0,12,1,0,1,1,0,1,1,1,0,1,0,0000000,18,41,18,51,19,16,0,0,0,1,0
9,90036,2,2,0,0,0,5,5,3,823,9,3,2013,7,10,37,0,6,5,FERN ST,150 FT W OF FERNWOOD RD,3,41.76675278,-72.75703333,0,12,2,0,1,1,0,1,1,1,0,1,0,0000000,10,40,10,43,11,25,0,0,0,1,0
9,90037,3,3,0,0,0,3,3,13,846,9,3,2013,7,20,30,1,1,1,I-84,,843,41.91708333,-72.26476389,0,12,1,0,1,1,0,1,2,99,0,99,0,0000000,20,27,20,35,99,99,0,0,0,1,0
9,90038,1,1,0,0,0,1,1,11,140,22,1,2013,3,7,52,0,2,3,SR-2,,262,41.57121944,-72.30131111,0,42,0,1,19,1,0,4,1,1,0,1,0,0000000,7,48,7,55,99,99,0,0,0,1,0
9,90039,2,2,0,0,0,2,2,11,632,20,3,2013,4,5,46,0,2,3,SR-85,SKYLINE DRIVE NJCT,90,41.45183611,-72.23653056,0,12,6,1,3,3,0,1,2,1,0,1,0,0000000,5,52,5,56,99,99,0,0,0,1,0
9,90040,3,2,1,1,1,3,3,3,46,19,3,2013,3,13,44,1,12,3,SR-9,,317,41.6213,-72.73360556,0,14,0,0,1,1,0,2,1,3,0,3,0,0000000,99,99,99,99,99,99,19,0,0,1,0
9,90041,2,2,0,0,0,2,2,9,430,7,1,2013,2,13,53,0,14,6,KIMBERLY AVENUE,FIRST STREET,2,41.289875,-72.93408611,0,12,7,0,3,3,0,1,1,1,0,1,0,0000000,13,51,14,3,14,12,0,0,0,1,0
9,90042,2,2,0,0,0,2,2,9,267,3,5,2013,6,11,38,1,12,3,SR-15,,475,41.34763056,-72.96734444,0,12,6,0,7,1,0,1,1,1,0,1,0,0000000,11,43,12,9,12,29,0,0,0,1,0
9,90043,1,1,0,0,0,2,2,15,705,3,5,2013,6,19,37,0,4,3,SR-49,,200,41.66624167,-71.84718056,0,42,0,0,1,1,0,4,1,1,0,1,0,0000000,19,38,19,49,99,99,0,0,0,1,1
9,90044,2,2,0,0,0,1,1,3,842,10,5,2013,6,10,30,0,14,6,DAY HILL ROAD,,16,41.87492778,-72.68886389,0,12,1,0,1,1,0,1,1,1,0,1,0,0000000,10,31,10,38,88,88,0,0,0,1,0
9,90045,4,4,0,0,0,4,4,3,420,10,5,2013,6,6,35,1,12,3,SR-9,,352,41.65861667,-72.77328333,0,12,1,1,18,1,0,1,1,1,0,1,0,0000000,99,99,99,99,99,99,0,0,0,1,0
9,90046,1,1,0,0,0,5,5,3,237,10,5,2013,6,22,31,1,12,3,SR-9,,402,41.71974722,-72.770375,0,24,0,0,1,1,0,4,3,1,0,1,0,0000000,99,99,99,99,99,99,0,0,0,1,1
9,90047,1,1,0,0,0,2,2,3,845,11,5,2013,7,22,37,0,14,3,SR-413,SCHOEPHOESTER RD,0,41.93014167,-72.687975,0,33,0,1,5,1,0,4,3,1,0,1,0,0000000,22,36,99,99,99,99,0,0,0,1,1
9,90048,1,1,0,0,0,1,1,1,235,18,5,2013,7,4,36,0,14,3,SR-135,,10,41.16133889,-73.25408056,0,42,0,0,1,1,0,4,3,1,0,1,0,0000000,4,38,4,42,5,9,0,0,0,1,1
9,90049,1,1,0,0,0,5,5,3,686,25,5,2013,7,19,43,0,14,6,ABBE ROAD,,12,41.86904444,-72.54138333,0,42,0,0,1,1,0,4,1,2,0,2,0,0000000,19,43,19,50,99,99,0,0,0,2,1
9,90050,2,2,0,0,0,2,2,11,505,27,5,2013,2,19,16,0,4,3,SR-201,,68,41.48159167,-71.90596389,0,12,2,0,1,1,0,1,1,1,0,1,0,0000000,19,19,19,22,99,98,0,0,0,1,0
9,90051,1,1,0,0,0,1,1,1,700,26,5,2013,1,20,53,0,13,3,SR-104,,33,41.11723056,-73.57203333,0,24,0,0,1,1,0,5,2,1,0,1,0,0000000,20,54,21,2,21,24,99,99,99,1,1
9,90052,1,1,0,1,1,1,1,1,700,1,6,2013,7,21,58,0,16,5,SOUTHFIELD AVE,,3,41.03546111,-73.54773056,0,8,0,0,1,1,0,1,3,1,0,1,0,0000000,99,99,99,99,99,99,0,0,0,1,1
9,90053,1,1,0,0,0,1,1,3,225,25,6,2013,3,23,19,1,11,1,I-384,,0,41.77198889,-72.58083889,0,24,0,1,5,1,0,4,3,1,0,1,0,0000000,99,99,99,99,99,99,0,0,0,1,1
9,90054,1,1,0,0,0,1,1,9,385,5,3,2013,3,23,40,0,6,5,ORANGE AVE,,11,41.24393056,-73.04653611,0,30,0,0,1,1,0,4,3,1,0,1,0,0000000,23,40,23,50,0,8,0,0,0,1,1
9,90055,2,1,1,0,0,1,1,15,820,31,3,2013,1,13,47,0,6,5,SOUTH CHESTNUT ST,,2,41.74222222,-71.91099444,0,14,0,0,1,1,0,2,1,1,0,1,0,0000000,13,47,13,58,99,99,0,0,0,1,1
9,90056,1,1,0,0,0,1,1,3,686,10,4,2013,4,1,28,0,6,5,SOUTH END ROAD,,0,41.58149444,-72.86963889,0,1,0,0,1,1,0,4,3,1,0,1,0,0000000,1,28,1,32,1,57,0,0,0,1,0
9,90057,3,2,1,0,0,5,5,1,170,8,6,2013,7,14,54,0,13,3,SR-805,,7,41.40809444,-73.42915833,0,12,2,0,8,1,0,1,1,1,0,1,0,0000000,14,54,99,99,99,99,0,0,0,1,0
9,90058,2,2,0,0,0,2,2,9,502,1,6,2013,7,21,40,0,13,3,SR-17,NORTH HILL ROAD,36,41.36063333,-72.83840556,0,12,6,0,2,2,0,1,3,1,0,1,0,0000000,21,40,21,43,88,88,0,0,0,1,0
9,90059,2,2,0,0,0,2,2,11,710,9,12,2013,2,7,19,0,4,3,SR-234,,39,41.38084167,-71.89523056,0,12,2,0,1,1,0,1,4,2,0,2,1,0000000,7,23,7,30,8,10,0,0,0,1,0
9,90060,1,1,0,0,0,1,1,11,339,25,6,2013,3,22,49,0,5,5,INCHCLIFFE DR,,7,41.41749722,-72.08398056,0,42,0,0,1,1,0,4,2,1,0,1,0,0000000,22,47,22,52,23,14,0,0,0,1,0
9,90061,1,1,0,1,1,1,1,15,105,10,6,2013,2,23,21,0,5,3,SR-14,,169,41.72260556,-71.90705556,0,8,0,0,1,1,0,1,3,2,0,2,0,0000000,23,21,23,26,99,99,0,0,0,1,0
9,90062,1,1,0,0,0,1,1,5,100,26,1,2013,7,0,31,0,3,3,SR-7,,729,41.97848889,-73.33166944,0,59,0,0,1,1,0,4,2,4,0,4,0,0000000,0,30,0,35,88,88,0,0,0,1,1
9,90063,1,1,0,0,0,1,1,5,286,27,1,2013,1,0,44,0,12,3,SR-8,,465,41.75744167,-73.11563333,0,35,0,0,1,1,0,4,3,1,0,1,0,0000000,99,99,99,99,88,88,0,0,0,1,1
9,90064,2,2,0,0,0,3,3,9,541,28,1,2013,2,7,19,0,3,3,SR-67,HAWLEY RD,199,41.46149167,-73.15764722,0,12,6,0,2,2,0,1,1,1,0,1,0,0000000,7,19,7,47,99,99,0,0,0,1,0
9,90065,1,1,0,0,0,1,1,1,510,4,2,2013,2,0,17,1,12,3,SR-15,,178,41.14343056,-73.42203333,0,33,0,0,1,1,0,4,2,1,0,1,0,0000000,99,99,99,99,88,88,0,0,0,1,1
9,90066,1,1,0,0,0,1,1,9,110,24,3,2013,1,1,10,0,6,5,JINNY HILL RD,,5,41.47919167,-72.89507222,0,42,0,0,1,1,0,4,2,1,0,1,0,0000000,1,10,99,99,88,88,0,0,0,1,1
9,90067,1,1,0,0,0,2,2,1,98,7,4,2013,1,1,0,0,12,3,SR-7,,273,41.43316667,-73.40720278,0,24,0,0,1,1,0,4,2,1,0,1,0,0000000,1,0,99,99,99,99,0,0,0,1,1
9,90068,1,1,0,0,0,1,1,11,539,9,5,2013,5,4,14,0,13,2,US-1,,886,41.34098611,-72.26564167,0,24,0,0,1,1,0,4,2,5,0,5,0,0000000,99,99,99,99,99,99,0,0,0,1,0
9,90069,2,2,0,0,0,5,5,9,810,18,5,2013,7,18,40,0,16,6,HIGHLAND AVENUE,,31,41.51671111,-73.05932778,0,12,2,0,1,1,0,1,5,1,0,1,0,0000000,18,40,18,40,99,99,0,0,0,2,1
9,90070,1,1,0,0,0,1,1,13,293,11,5,2013,7,3,40,0,4,3,SR-85,,305,41.69530556,-72.43733889,0,24,0,0,1,1,0,4,2,1,0,1,0,0000000,3,45,3,53,88,88,0,0,0,1,1
9,90071,2,2,0,0,0,2,2,3,823,26,5,2013,1,1,39,1,11,1,I-84,,570,41.73421389,-72.74766944,0,12,2,1,18,1,0,1,3,1,0,1,0,0000000,1,41,1,44,2,30,0,0,0,1,0
9,90072,1,1,0,0,0,1,1,1,170,7,4,2013,1,7,9,0,12,3,SR-7,,253,41.418275,-73.42625,0,24,0,1,5,1,0,4,1,1,0,1,0,0000000,99,99,99,99,88,88,0,0,0,1,1
9,90073,1,1,0,0,0,1,1,7,536,17,4,2013,4,15,22,0,12,3,SR-9,,4,41.31765833,-72.36088056,0,21,0,1,5,1,0,4,1,1,0,1,0,0000000,15,22,15,25,88,88,0,0,0,1,0
9,90074,1,1,0,0,0,1,1,7,536,21,5,2013,3,19,48,1,11,1,I-95,,4,41.31605278,-72.35912778,0,21,0,1,5,1,0,4,5,1,0,1,0,0000000,19,48,99,99,99,99,0,0,0,1,1
9,90075,2,2,0,0,0,2,2,11,355,28,4,2013,1,18,39,0,6,5,GUNGY RD,,2,41.41446667,-72.28842778,0,12,2,0,1,1,0,1,1,1,0,1,0,0000000,18,39,18,44,88,88,0,0,0,1,0
9,90076,2,2,0,0,0,2,2,3,280,3,6,2013,2,13,58,0,14,6,MAIN STREET,NAUGATUCK STREET,12,41.78976111,-72.67125556,0,12,6,0,3,3,0,1,1,1,0,1,0,0000000,13,58,14,3,14,15,0,0,0,1,0
9,90077,1,1,0,0,0,2,2,5,857,4,6,2013,3,22,31,0,15,3,SR-317,,49,41.54177778,-73.22941389,0,1,0,0,1,1,0,4,2,1,0,1,0,0000000,99,99,99,99,88,88,0,0,0,2,0
9,90078,1,1,0,0,0,1,1,13,293,4,5,2013,7,0,47,0,4,3,SR-85,,227,41.62466389,-72.34286667,0,34,0,0,1,1,0,4,3,1,0,1,0,0000000,0,48,0,55,88,88,0,0,0,1,1
9,90079,2,2,0,0,0,2,2,9,430,5,6,2013,4,99,99,0,14,6,DIXWELL AVENUE,POND STREET,15,41.33430833,-72.93521111,0,1,0,0,2,3,0,1,1,1,0,1,0,0000000,18,49,18,55,19,7,0,0,0,1,0
9,90080,2,2,0,0,0,4,4,9,810,5,5,2013,1,18,2,0,3,5,LONG HILL RD,WOLCOTT ST,9,41.56403611,-73.00951111,0,12,1,0,2,3,4,1,1,1,0,1,0,0000000,18,2,18,4,18,12,0,0,0,1,1
9,90081,1,1,0,0,0,2,2,3,660,8,5,2013,4,0,42,0,6,5,OWENS BROOK BLVD,,6,41.88886111,-72.80876389,0,41,0,0,1,1,0,4,2,1,0,1,0,0000000,0,43,0,45,1,33,0,0,0,1,1
9,90082,1,1,0,1,1,1,1,3,838,10,6,2013,2,99,99,0,14,3,SR-314,FOLLY BROOK BLVD #3,15,41.72227222,-72.67876111,0,8,0,0,3,2,0,1,3,2,0,2,0,0000000,22,30,22,35,22,54,0,0,0,1,1
9,90083,1,1,0,0,0,3,3,1,426,27,4,2013,7,15,31,0,6,5,WOOD CREEK RD,,3,41.46498056,-73.46293611,0,5,0,0,1,1,0,1,1,1,0,1,0,0000000,15,31,15,32,15,57,0,0,0,1,0
9,90084,1,1,0,0,0,1,1,9,410,11,6,2013,3,0,17,1,2,3,SR-63,,131,41.47086944,-73.03737222,0,24,0,0,1,1,0,4,2,2,0,2,0,0000000,0,17,0,17,88,88,99,99,99,1,1
9,90085,2,2,0,0,0,2,2,1,650,18,2,2013,2,9,26,0,14,6,WALNUT TREE HILL ROAD,,14,41.31866111,-73.17218333,0,12,6,0,8,1,0,1,1,1,0,1,0,0000000,9,26,99,99,99,99,0,0,0,1,0
9,90086,1,1,0,0,0,1,1,5,30,9,7,2013,3,23,45,1,2,2,US-202,,347,41.72366667,-73.24327222,0,43,0,0,1,1,0,4,3,1,0,1,0,0000000,23,26,23,36,0,25,0,0,0,1,1
9,90087,1,1,0,0,0,1,1,3,255,14,7,2013,1,5,36,0,16,6,WOODHAVEN DRIVE,,9,41.72336944,-72.50391944,0,42,0,0,1,1,0,4,9,1,0,1,0,0000000,5,36,5,45,88,88,0,0,0,1,1
9,90088,1,1,0,0,0,1,1,15,99,22,6,2013,7,2,8,0,15,3,SR-205,,24,41.76704444,-71.93814167,0,42,0,0,1,1,0,4,2,1,0,1,0,0000000,2,8,2,9,88,88,0,0,0,1,1