STATE,ST_CASE,VE_TOTAL,VE_FORMS,PVH_INVL,PEDS,PERNOTMVIT,PERMVIT,PERSONS,COUNTY,CITY,DAY,MONTH,YEAR,DAY_WEEK,HOUR,MINUTE,NHS,ROAD_FNC,ROUTE,TWAY_ID,TWAY_ID2,MILEPT,LATITUDE,LONGITUD,SP_JUR,HARM_EV,MAN_COLL,RELJCT1,RELJCT2,TYP_INT,WRK_ZONE,REL_ROAD,LGT_COND,WEATHER1,WEATHER2,WEATHER,SCH_BUS,RAIL,NOT_HOUR,NOT_MIN,ARR_HOUR,ARR_MIN,HOSP_HR,HOSP_MN,CF1,CF2,CF3,FATALS,DRUNK_DR
9,90089,1,1,0,0,0,1,1,11,770,15,7,2013,2,7,15,1,11,1,I-395,,89,41.47881389,-72.11621111,0,24,0,0,1,1,0,3,1,1,0,1,0,0000000,7,20,7,23,7,38,0,0,0,1,0
9,90090,1,1,0,0,0,3,3,9,430,20,6,2013,5,5,5,1,2,3,SR-63,SR-69,13,41.33451389,-72.97659722,0,33,0,0,3,4,0,4,1,1,0,1,0,0000000,5,2,5,8,5,26,0,0,0,2,1
9,90091,1,1,0,0,0,1,1,3,282,15,6,2013,7,17,42,0,4,3,SR-20,,126,42.01587222,-72.92654167,0,24,0,0,1,1,0,4,1,1,0,1,0,0000000,17,40,17,43,88,88,99,99,99,1,1
9,90092,1,1,0,0,0,1,1,3,229,20,7,2013,7,3,5,0,16,6,MULLEN ROAD,,4,41.94385278,-72.58364722,0,42,0,0,1,1,0,4,3,1,0,1,0,0000000,3,10,3,13,88,88,0,0,0,1,1
9,90093,1,1,0,0,0,1,1,1,256,20,7,2013,7,1,36,0,14,6,RIVERSVILLE ROAD,,19,41.06266389,-73.674825,0,39,0,0,1,1,0,4,2,1,0,1,0,0000000,1,36,1,43,88,88,0,0,0,1,1
9,90094,2,2,0,0,0,3,3,11,584,21,6,2013,6,16,36,1,2,3,SR-2,,421,41.50707778,-72.04405833,0,12,2,0,1,1,0,1,1,1,0,1,0,0000000,16,36,99,99,99,99,0,0,0,2,0
9,90095,1,1,0,0,0,3,3,11,505,27,7,2013,7,2,24,0,16,6,LANTERN HILL ROAD,,8,41.44417778,-71.94414444,0,34,0,0,1,1,0,4,2,1,0,1,0,0000000,2,24,2,30,3,7,0,0,0,1,1
9,90096,1,1,0,0,0,2,2,1,170,18,5,2013,7,14,19,0,16,6,RING RD (SHOP CTR ACCESS RD),,0,41.38232778,-73.47710556,0,33,0,0,1,1,0,4,1,1,0,1,0,0000000,99,99,99,99,99,99,0,0,0,1,1
9,90097,2,2,0,0,0,3,3,3,60,28,7,2013,1,3,49,0,14,3,SR-187,,48,41.85163056,-72.70221944,0,12,2,0,1,1,0,1,3,1,0,1,0,0000000,3,49,3,55,4,20,0,0,0,1,0
9,90098,2,2,0,1,1,5,5,9,810,29,7,2013,2,22,15,1,12,3,SR-8,,309,41.56082222,-73.05703056,0,12,7,1,20,1,0,1,3,1,0,1,0,0000000,22,17,22,22,22,27,23,0,0,1,0
9,90099,1,1,0,0,0,1,1,15,104,30,7,2013,3,14,15,0,6,6,WAUREGAN ROAD,,16,41.73932778,-71.93180278,0,11,0,0,1,1,0,1,1,1,0,1,0,0000000,14,13,14,22,14,55,0,0,0,1,0
9,90100,2,2,0,0,0,2,2,3,237,3,8,2013,7,0,44,1,11,1,I-84,,544,41.71989167,-72.79541111,0,12,2,1,18,1,0,1,3,1,0,1,0,0000000,0,44,99,99,1,25,0,0,0,1,1
9,90101,1,1,0,0,0,2,2,3,237,30,6,2013,1,3,36,1,2,3,SR-10,SR-4,338,41.72654722,-72.82495833,0,30,0,0,3,2,0,5,3,1,0,1,0,0000000,3,46,3,53,4,59,0,0,0,1,1
9,90102,1,1,0,1,1,1,1,3,280,9,7,2013,3,21,54,0,14,3,SR-529,,9,41.731475,-72.71450278,0,8,0,0,1,1,0,1,3,1,0,1,0,0000000,21,55,22,6,22,17,0,0,0,1,0
9,90103,2,2,0,0,0,3,3,3,280,25,5,2013,7,1,11,1,1,1,I-91,,370,41.75193611,-72.65875278,0,12,1,0,5,1,0,4,3,2,0,2,0,0000000,99,99,99,99,99,99,0,0,0,1,0
9,90104,1,1,0,0,0,4,4,3,225,14,7,2013,1,4,15,0,4,5,FOREST ST,,8,41.75496389,-72.58974722,0,33,0,0,1,1,0,4,3,2,0,2,0,0000000,4,14,4,21,5,0,0,0,0,2,1
9,90105,2,2,0,0,0,2,2,9,825,13,7,2013,7,99,99,0,5,3,SR-705,,1,41.23597778,-72.98336389,0,12,6,0,1,1,0,1,1,1,0,1,0,0000000,19,9,19,14,19,50,13,0,0,1,1
9,90106,1,1,0,0,0,4,4,3,225,3,8,2013,7,6,17,1,12,3,SR-2,,35,41.73400833,-72.62411944,0,42,0,0,1,1,0,4,1,1,0,1,0,0000000,6,12,6,21,6,34,0,0,0,1,1
9,90107,2,2,0,0,0,2,2,5,350,5,8,2013,2,18,28,0,13,2,US-202,,381,41.74629167,-73.19786667,0,12,6,0,4,1,0,1,5,1,0,1,0,0000000,18,26,18,32,19,29,0,0,0,1,0
9,90108,1,1,0,0,0,4,4,13,293,6,8,2013,3,0,56,0,16,6,WEST STREET,,14,41.67396667,-72.44040556,0,42,0,0,1,1,0,4,2,1,0,1,0,0000000,1,2,1,15,1,55,0,0,0,1,1
9,90109,1,1,0,0,0,1,1,3,90,3,8,2013,7,1,3,0,6,5,CENTRAL STEET,,5,41.67371667,-72.8981,0,33,0,0,1,1,0,4,3,1,0,1,0,0000000,1,3,1,10,88,88,0,0,0,1,1
9,90110,2,2,0,0,0,2,2,9,538,17,8,2013,7,1,51,1,1,1,I-95,,416,41.25138333,-73.00183889,0,12,2,0,1,1,0,1,2,1,0,1,0,0000000,99,99,99,99,99,99,0,0,0,1,2
9,90111,1,1,0,0,0,2,2,13,156,21,8,2013,4,1,35,0,3,2,US-44,,713,41.79960278,-72.35312222,0,30,0,0,1,1,0,4,2,1,0,1,0,0000000,1,36,1,47,2,22,0,0,0,2,1
9,90112,1,1,0,0,0,3,3,5,629,23,8,2013,6,21,47,0,3,3,SR-67,,56,41.54875833,-73.33406944,0,30,0,0,1,1,0,4,2,1,0,1,0,0000000,21,44,21,53,22,38,0,0,0,2,1
9,90113,1,1,0,0,0,1,1,9,790,15,8,2013,5,0,59,0,14,3,SR-71,,7,41.50173056,-72.81674444,0,42,0,0,1,1,0,4,3,1,0,1,0,0000000,99,99,99,99,88,88,0,0,0,1,0
9,90114,2,2,0,0,0,2,2,9,430,17,8,2013,7,15,42,1,12,3,SR-15,,465,41.33652222,-72.97981111,0,12,1,1,18,1,0,1,1,1,0,1,0,0000000,15,43,15,50,16,17,0,0,0,1,1
9,90115,1,1,0,0,0,3,3,3,237,17,8,2013,7,2,13,1,11,1,I-84,,560,41.72710833,-72.76405833,0,24,0,1,19,1,0,3,3,1,0,1,0,0000000,99,99,99,99,99,99,0,0,0,1,0
9,90116,1,1,0,1,1,1,1,3,280,11,7,2013,5,12,32,0,16,6,NEWTON STREET,,1,41.75788056,-72.7074,0,8,0,0,1,1,0,4,1,1,0,1,0,0000000,12,32,12,34,12,54,0,0,0,1,0
9,90117,2,2,0,0,0,5,5,3,90,24,8,2013,7,8,29,0,6,5,STEVENS ST,,14,41.71591944,-72.90115,0,12,2,0,1,1,0,1,1,1,0,1,0,0000000,8,36,8,53,9,26,0,0,0,1,0
9,90118,3,2,1,0,0,2,2,3,280,2,8,2013,6,22,55,0,6,5,MAIN ST,ELMER ST,8,41.78551944,-72.67441667,0,12,6,0,2,3,0,1,3,1,0,1,0,0000000,22,17,22,21,22,40,99,99,99,1,1
9,90119,1,1,0,0,0,3,3,3,280,29,8,2013,5,1,0,0,13,2,US-44,MAIN STREET #1 & HIGH STREET,532,41.77325278,-72.67693889,0,33,0,0,3,7,0,4,3,1,0,1,0,0000000,0,34,0,38,1,5,0,0,0,2,0
9,90120,2,2,0,0,0,2,2,7,205,29,8,2013,5,19,16,0,3,3,SR-68,OZICK DRIVE,200,41.47140556,-72.72068056,0,12,6,0,2,3,0,1,1,1,0,1,0,0000000,99,99,99,99,99,99,0,0,0,1,0
9,90121,3,3,0,0,0,3,3,1,765,25,8,2013,1,14,4,0,13,3,SR-25,SR-111,99,41.287475,-73.23516944,0,33,0,0,3,2,0,3,1,1,0,1,0,0000000,13,51,14,0,14,26,0,0,0,1,0
9,90122,2,2,0,0,0,2,2,3,229,30,8,2013,6,20,39,0,14,6,BRAINARD ROAD,,1,42.01328333,-72.59137222,0,12,6,0,4,1,0,1,3,1,0,1,0,0000000,20,40,20,42,21,10,0,0,0,1,0
9,90123,2,2,0,0,0,2,2,9,825,31,8,2013,7,15,38,0,4,5,MAIN STREET,,6,41.27344722,-72.9466,0,12,6,0,8,1,0,1,1,1,0,1,0,0000000,15,37,15,41,88,88,0,0,0,1,0
9,90124,1,1,0,0,0,1,1,3,225,31,8,2013,7,2,12,1,1,1,I-84,,634,41.76519167,-72.65290833,0,24,0,0,1,1,0,4,3,1,0,1,0,0000000,2,14,2,21,88,88,0,0,0,1,1
9,90125,2,2,0,0,0,2,2,1,610,19,7,2013,6,14,25,1,13,2,US-7,,171,41.32436389,-73.47476111,0,12,6,0,4,1,0,1,1,1,0,1,0,0000000,14,27,14,32,14,48,0,0,0,1,0
9,90126,2,2,0,0,0,2,2,11,440,31,8,2013,7,4,17,1,1,1,I-95,,942,41.364025,-72.08380556,0,12,2,0,1,1,0,1,3,1,0,1,0,0000000,4,17,4,25,88,88,0,0,0,1,0
9,90127,1,1,0,0,0,1,1,1,835,31,8,2013,7,14,47,1,1,1,I-95,,201,41.12278611,-73.33591389,0,25,0,0,1,1,0,3,1,1,0,1,0,0000000,14,45,14,57,88,88,0,0,0,1,1
9,90128,1,1,0,1,1,1,1,1,510,10,5,2013,6,10,7,0,16,6,GEORGE AVENUE,,2,41.12064444,-73.39994722,0,8,0,0,1,1,0,1,1,1,0,1,0,0000000,10,9,10,15,99,99,0,0,0,1,0
9,90129,1,1,0,0,0,2,2,1,510,1,9,2013,1,21,25,0,16,6,WEST ROCKS ROAD,EASTWOOD ROAD,18,41.15020556,-73.41776111,0,33,0,0,3,3,0,4,3,1,0,1,0,0000000,21,28,21,36,99,99,0,0,0,1,1
9,90130,1,1,0,0,0,2,2,9,265,1,9,2013,1,0,39,0,15,3,SR-146,WILDROSE AVE,107,41.27215278,-72.69121111,0,17,0,0,3,4,0,4,3,1,0,1,0,0000000,0,36,0,42,1,11,0,0,0,1,1
9,90131,1,1,0,0,0,2,2,7,536,3,9,2013,3,7,45,0,14,2,US-1,,811,41.30475278,-72.37243611,0,33,0,0,1,1,0,4,1,1,0,1,0,0000000,7,54,8,0,8,17,0,0,0,1,0
9,90132,2,2,0,0,0,4,4,1,650,4,9,2013,4,9,9,0,15,6,CONSTITUTION BLVD SOUTH,IVY BROOK ROAD,9,41.29481667,-73.08891389,0,12,6,0,2,2,0,1,1,1,0,1,0,0000000,9,17,9,24,9,46,0,0,0,1,0
9,90133,2,2,0,0,0,3,3,1,650,7,9,2013,7,20,55,0,14,3,SR-110,MURPHY'S LANE,53,41.27220833,-73.09091944,0,12,6,0,2,3,0,1,3,1,0,1,0,0000000,20,57,21,4,21,29,0,0,0,1,0
9,90134,1,1,0,0,0,1,1,9,640,3,9,2013,3,22,44,0,14,3,SR-313,,25,41.36598333,-73.06146111,0,42,0,0,1,1,0,4,2,1,0,1,0,0000000,22,40,22,46,88,88,0,0,0,1,1
9,90135,2,2,0,0,0,2,2,1,387,12,9,2013,5,99,99,0,2,3,SR-111,,61,41.31301667,-73.21974167,0,12,2,0,1,1,0,4,2,5,0,5,0,0000000,99,99,99,99,99,99,99,99,99,1,0
9,90136,1,1,0,0,0,1,1,15,858,11,9,2013,4,9,31,0,6,5,CONVERSE RD,,11,42.02605,-71.97129722,0,42,0,0,1,1,0,4,1,1,0,1,0,0000000,9,14,9,23,88,88,0,0,0,1,0
9,90137,3,3,0,0,0,3,3,11,263,11,9,2013,4,20,6,0,3,3,SR-164,,58,41.56818889,-71.96871944,0,12,6,0,8,1,0,1,2,1,0,1,0,0000000,20,4,20,9,21,3,0,0,0,1,0
9,90138,2,1,1,0,2,2,4,3,680,14,9,2013,7,6,53,1,11,1,I-84,,417,41.57599722,-72.90442222,0,14,0,0,1,1,0,2,1,1,0,1,0,0000000,6,56,7,1,88,88,0,0,0,2,0
9,90139,1,1,0,0,0,5,5,9,502,1,6,2013,7,10,49,1,11,1,I-91,SB ENT RAMP #026 (X11),85,41.39285278,-72.86444444,0,24,0,1,5,1,0,4,1,1,0,1,0,0000000,10,52,10,57,99,99,0,0,0,1,0
9,90140,2,2,0,0,0,2,2,3,237,28,8,2013,4,15,50,0,13,3,SR-4,,375,41.77197778,-72.90463056,0,12,6,0,4,1,0,1,1,1,0,1,0,0000000,15,51,15,55,16,45,0,0,0,1,0
9,90141,2,2,0,0,0,5,5,9,541,11,9,2013,4,12,24,0,4,3,SR-188,,50,41.42631111,-73.15590833,0,12,2,0,1,1,0,1,1,1,0,1,0,0000000,12,21,12,27,12,54,0,0,0,1,0
9,90142,1,1,0,0,0,2,2,1,510,17,5,2013,6,0,17,0,13,3,SR-136,,54,41.09906111,-73.41353056,0,5,0,0,1,1,0,1,3,1,0,1,0,0000000,0,21,99,99,99,99,0,0,0,1,0
9,90143,2,2,0,0,0,2,2,11,505,17,9,2013,3,13,37,1,2,3,SR-2,,533,41.43574722,-71.87134722,0,12,7,0,1,1,0,1,1,1,0,1,0,0000000,13,37,13,43,88,88,0,0,0,1,1
9,90144,1,1,0,0,0,1,1,7,580,20,9,2013,6,1,48,0,13,3,SR-66,,119,41.56165833,-72.57672222,0,35,0,0,1,1,0,4,2,1,0,1,0,0000000,1,48,1,55,88,88,0,0,0,1,0
9,90145,1,1,0,0,0,1,1,1,460,14,8,2013,4,22,12,0,6,6,BRUSHY PLAINS ROAD,,29,41.36136389,-73.2994,0,39,0,0,1,1,0,4,2,1,0,1,0,0000000,22,12,22,25,23,9,0,0,0,1,1
9,90146,1,1,0,0,0,4,4,9,538,20,9,2013,6,15,54,0,16,6,INDIAN RIVER ROAD,,12,41.25436389,-73.00626667,0,30,0,0,1,1,0,4,1,1,0,1,0,0000000,15,54,15,59,16,55,0,0,0,1,0
9,90147,1,1,0,0,0,1,1,13,846,24,9,2013,3,6,50,0,6,6,POTTER SCHOOL ROAD,,6,41.93791944,-72.228375,0,11,0,0,1,1,0,1,1,1,0,1,0,0000000,6,47,6,57,88,88,0,0,0,1,0
9,90148,2,2,0,0,0,3,3,11,263,24,9,2013,3,10,29,1,11,3,SR-138,SR-630 & I-395 NB RMP# 033,73,41.59295556,-71.96983056,0,12,6,1,2,2,0,1,1,1,0,1,0,0000000,10,25,10,32,99,99,0,0,0,1,0
9,90149,1,1,0,1,1,1,1,3,229,25,9,2013,4,19,5,0,14,3,SR-191,,82,41.96875278,-72.51699444,0,9,0,0,1,1,0,1,5,1,0,1,0,0000000,19,3,19,9,99,99,0,0,0,1,1
9,90150,2,2,0,0,0,2,2,5,802,25,9,2013,4,15,26,1,2,2,US-202,RABBIT HILL ROAD,302,41.69593611,-73.31054167,0,12,6,0,2,3,0,1,1,1,0,1,0,0000000,15,29,15,41,15,54,0,0,0,1,0
9,90151,3,3,0,0,0,4,4,9,375,15,4,2013,2,16,47,0,13,3,SR-64,,52,41.53075556,-73.12634722,0,12,8,0,1,1,0,1,1,1,0,1,0,0000000,99,99,99,99,99,99,0,0,0,1,0
9,90152,1,1,0,0,0,1,1,3,89,24,2,2013,1,2,19,0,6,5,WINKLER RD,,4,41.92624167,-72.58256944,0,48,0,0,1,1,0,4,2,2,0,2,0,0000000,2,19,99,99,88,88,0,0,0,1,1
9,90153,1,1,0,0,0,1,1,3,229,14,9,2013,7,20,0,0,6,5,POST ROAD,,1,41.97130556,-72.58618889,0,35,0,0,1,1,0,4,2,1,0,1,0,0000000,20,0,20,2,20,35,0,0,0,1,0
9,90154,2,2,0,0,0,2,2,3,229,29,9,2013,1,21,46,1,11,2,US-5,I-91 N ENT RAMP #125,542,42.021125,-72.58810556,0,12,1,1,3,3,0,1,3,1,0,1,0,0000000,21,46,21,50,22,20,0,0,0,1,1
9,90155,2,2,0,0,0,3,3,7,380,1,10,2013,3,6,11,0,2,3,SR-9,HARTFORD AVE,242,41.56778333,-72.65075,0,1,0,0,2,3,0,1,3,5,0,5,0,0000000,6,11,6,12,99,99,0,0,0,1,0
9,90156,1,1,0,0,0,6,6,3,280,4,10,2013,6,23,32,1,12,3,SR-15,,811,41.74992778,-72.65805,0,42,0,1,5,1,0,4,3,1,0,1,0,0000000,23,33,23,38,0,8,0,0,0,1,1
9,90157,1,1,0,0,0,1,1,11,263,5,10,2013,7,2,37,1,1,1,I-395,,244,41.61668333,-71.9452,0,35,0,0,5,1,0,4,2,2,0,2,0,0000000,2,28,2,35,2,54,0,0,0,1,0
9,90158,3,3,0,1,1,1,1,11,263,6,10,2013,1,2,37,1,1,1,I-395,,244,41.61668333,-71.9452,0,12,1,0,1,1,0,1,2,2,0,2,0,0000000,2,28,2,35,2,54,0,0,0,1,0
9,90159,1,1,0,0,0,1,1,3,823,14,10,2013,2,15,23,1,1,1,I-84,,579,41.74622222,-72.73499722,0,25,0,0,5,1,0,4,1,1,0,1,0,0000000,15,19,15,24,15,40,0,0,0,1,0
9,90160,2,2,0,0,0,6,6,3,237,14,10,2013,2,12,33,1,2,2,US-6,HYDE ROAD,523,41.70385556,-72.853225,0,12,6,0,2,4,0,1,1,1,0,1,0,0000000,12,36,12,39,13,9,0,0,0,2,0
9,90161,1,1,0,0,0,2,2,15,104,14,10,2013,2,16,19,0,6,5,LISBON RD.,,37,41.64770278,-72.01396667,0,5,0,0,1,1,0,1,1,1,0,1,0,0000000,16,16,16,19,16,50,99,99,99,1,0
9,90162,1,1,0,0,0,1,1,5,634,20,10,2013,1,19,17,0,4,3,SR-112,,48,41.93773889,-73.39612778,0,30,0,0,1,1,0,4,2,1,0,1,0,0000000,19,12,19,29,88,88,99,99,99,1,1
9,90164,2,2,0,1,1,4,4,1,50,20,10,2013,1,14,42,0,3,3,SR-302,OLD HAWLEYVILLE RD.,30,41.38118611,-73.37315833,0,9,0,0,2,3,0,1,1,1,0,1,0,0000000,14,42,14,46,15,17,16,0,0,1,0
9,90165,1,1,0,1,1,1,1,3,225,19,10,2013,7,15,11,0,6,5,MORRIS COURT,,0,41.77244444,-72.60630278,0,8,0,0,8,1,0,1,1,1,0,1,0,0000000,15,11,15,14,99,99,0,0,0,1,1
9,90166,1,1,0,0,0,2,2,3,280,11,10,2013,6,23,26,0,6,5,MAIN STREET,,14,41.79214722,-72.66873333,0,33,0,0,1,1,0,4,3,1,0,1,0,0000000,23,27,23,36,88,88,0,0,0,2,0
9,90167,1,1,0,0,0,5,5,7,580,26,10,2013,7,2,49,0,6,5,ROSE HILL ROAD,LOWER COX ROAD,5,41.59755833,-72.59586111,0,24,0,0,3,3,0,4,2,1,0,1,0,0000000,99,99,99,99,99,99,0,0,0,4,0
9,90168,2,2,0,0,0,3,3,9,790,25,10,2013,6,22,37,0,6,5,COOK HILL RD,SHELBY DR,8,41.45385833,-72.85891111,0,12,2,0,3,3,0,1,3,1,0,1,0,0000000,22,37,22,42,23,32,0,0,0,1,0
9,90169,1,1,0,0,0,1,1,11,219,27,10,2013,1,7,7,1,1,1,I-95,,866,41.35418333,-72.21736667,0,32,0,0,1,1,0,4,2,2,0,2,0,0000000,7,8,7,20,7,52,0,0,0,1,0
9,90170,2,2,0,0,0,2,2,11,811,31,10,2013,5,2,25,1,1,1,I-395,,48,41.42126667,-72.131375,0,24,0,0,1,1,0,3,2,1,0,1,0,0000000,2,23,2,36,3,2,0,0,0,1,0
9,90171,2,2,0,0,0,7,7,9,370,3,11,2013,1,1,35,0,13,2,US-5,GALE AVE,164,41.52599444,-72.79929722,0,12,1,0,2,4,0,1,3,1,0,1,0,0000000,1,7,1,8,1,11,0,0,0,2,1
9,90172,2,2,0,0,0,2,2,3,224,6,11,2013,4,17,7,0,3,3,SR-140,,40,41.93221111,-72.59992222,0,12,1,0,1,1,0,1,3,1,0,1,0,0000000,17,8,17,17,17,40,0,0,0,1,0
9,90173,1,1,0,1,1,1,1,7,380,2,7,2013,3,17,30,0,6,5,CLINTON AVE,,0,41.56540278,-72.65515278,0,8,0,0,1,1,0,1,1,1,0,1,0,0000000,17,30,17,32,88,88,0,0,0,1,1
9,90174,1,1,0,0,0,1,1,3,225,4,8,2013,1,9,25,1,1,1,I-84,SR-2 W/B ON RAMP,631,41.768225,-72.657275,0,1,0,0,20,1,0,1,1,1,0,1,0,0000000,9,30,9,33,9,46,0,0,0,1,0
9,90175,2,2,0,1,1,3,3,7,380,3,11,2013,1,3,10,1,1,1,I-91,,252,41.59817778,-72.707475,0,8,0,0,1,1,0,1,2,1,0,1,0,0000000,3,10,3,16,88,88,0,0,0,1,0
9,90176,1,1,0,0,0,1,1,3,90,21,10,2013,2,13,56,1,2,2,US-6,HEFBERN RD,483,41.69023889,-72.92492222,0,31,0,0,3,3,0,4,1,1,0,1,0,0000000,13,58,14,5,14,45,0,0,0,1,0
9,90177,2,2,0,0,0,2,2,13,156,6,11,2013,4,14,42,0,3,2,US-44,,682,41.79638611,-72.41131667,0,12,6,0,8,1,0,1,1,1,0,1,0,0000000,14,43,14,52,15,40,0,0,0,1,0
9,90178,3,3,0,0,0,3,3,13,756,19,11,2013,3,99,99,1,1,1,I-84,,810,41.86390833,-72.36126389,0,35,0,0,1,1,0,3,1,1,0,1,0,0000000,99,99,99,99,99,99,0,0,0,1,0
9,90179,2,2,0,0,0,3,3,3,237,1,11,2013,6,10,26,0,2,3,SR-4,,429,41.72549722,-72.82195,0,12,7,0,1,1,0,1,1,2,0,2,0,0000000,10,26,10,30,11,18,0,0,0,1,0
9,90180,2,2,0,0,0,5,5,1,80,23,11,2013,7,13,2,0,14,3,SR-130,LAFAYETTE BLVD,33,41.17572222,-73.192425,0,12,6,0,2,2,0,1,1,1,0,1,0,0000000,13,2,13,3,99,99,0,0,0,1,0
9,90182,1,1,0,1,1,1,1,3,280,24,11,2013,1,2,28,0,16,5,MAPLE AVE,ADELAIDE ST.,11,41.74121667,-72.68371944,0,8,0,0,2,2,0,1,3,1,0,1,0,0000000,2,29,2,36,3,22,0,0,0,1,0
9,90183,2,2,0,0,0,2,2,9,267,26,11,2013,3,8,45,0,3,2,US-5,,21,41.34293056,-72.89533333,0,12,2,0,1,1,0,1,2,1,0,1,0,0000000,99,99,99,99,99,99,0,0,0,1,0
9,90184,1,1,0,1,1,2,2,9,430,25,11,2013,2,18,36,0,16,5,FERRY ST,PINE ST,5,41.31218889,-72.89626667,0,8,0,0,2,2,0,1,1,1,0,1,0,0000000,18,36,18,44,19,1,0,0,0,1,0
9,90185,1,1,0,1,1,2,2,1,700,23,11,2013,7,3,17,1,1,1,I-95,,80,41.05109444,-73.53284722,0,8,0,0,1,1,0,1,3,1,0,1,0,0000000,3,10,3,17,88,88,0,0,0,1,0
9,90186,2,2,0,0,0,5,5,3,280,28,11,2013,5,23,26,1,1,1,I-84,,614,41.76634167,-72.68601111,0,12,1,0,1,1,0,1,3,1,0,1,0,0000000,99,99,99,99,99,99,0,0,0,1,0
9,90187,1,1,0,1,1,1,1,3,60,6,11,2013,4,19,11,0,3,3,SR-187,WALSH ST,24,41.81806944,-72.69547222,0,8,0,0,3,2,0,1,3,1,0,1,0,0000000,19,13,19,24,19,55,0,0,0,1,0
9,90188,1,1,0,1,1,1,1,3,225,23,12,2013,2,19,24,0,14,3,SR-502,,23,41.76456111,-72.60884444,0,8,0,0,1,1,0,1,3,2,0,2,0,0000000,19,24,19,27,19,52,0,0,0,1,0
9,90189,2,2,0,0,0,2,2,1,510,27,12,2013,6,3,25,0,2,3,SR-7,GRIST MILL ROAD,39,41.15543889,-73.42385278,0,12,6,0,2,3,0,1,3,1,0,1,0,0000000,3,27,3,34,99,99,0,0,0,1,1
9,90190,2,2,0,0,0,3,3,9,825,5,5,2013,1,16,19,1,1,1,I-95,,446,41.27962778,-72.96044167,0,12,1,0,1,1,0,1,1,1,0,1,0,0000000,16,21,16,25,88,88,0,0,0,1,0
9,90191,3,1,2,1,1,1,1,1,98,16,12,2013,2,8,11,0,3,3,SR-25,,279,41.47772778,-73.40014722,0,8,0,0,1,1,0,1,1,1,0,1,0,0000000,8,17,8,23,8,39,19,0,0,1,0
9,90192,1,1,0,0,0,1,1,13,846,8,12,2013,1,4,50,1,1,1,I-84,,853,41.89783333,-72.28815278,0,33,0,1,5,1,0,4,2,1,0,1,0,0000000,99,99,99,99,88,88,0,0,0,1,1
9,90193,1,1,0,0,0,1,1,9,70,7,6,2013,6,7,36,1,1,1,I-95,,554,41.2935,-72.77802222,0,43,0,0,1,1,0,4,1,2,0,2,0,0000000,7,36,7,41,8,41,0,0,0,1,0
9,90194,3,3,0,0,0,3,3,5,450,20,8,2013,3,14,33,0,2,3,SR-7,,350,41.54464167,-73.42120278,0,1,0,0,1,1,0,1,1,1,0,1,0,0000000,99,99,99,99,88,88,0,0,0,1,0
9,90196,5,5,0,0,0,9,9,3,225,29,9,2013,1,11,35,1,2,3,SR-15,,826,41.75585278,-72.65022222,0,12,1,0,1,1,0,1,1,1,0,1,0,0000000,11,38,11,48,12,0,14,0,0,1,0
9,90197,2,2,0,0,0,2,2,9,669,31,10,2013,5,14,18,0,3,3,SR-67,,194,41.46555556,-73.16513333,0,12,2,0,1,1,0,1,1,10,0,10,0,0000000,14,18,14,20,99,99,0,0,0,1,0
9,90198,2,1,1,0,0,2,2,3,369,24,11,2013,1,4,15,1,2,3,SR-2,,155,41.63375,-72.45771389,0,14,0,0,1,1,0,4,2,6,0,6,0,0000000,4,27,4,30,88,88,0,0,0,2,1
9,90199,1,1,0,1,1,1,1,9,430,20,12,2013,6,17,54,1,2,3,SR-8,,325,41.58386389,-73.05378889,0,8,0,1,18,1,0,1,2,1,0,1,0,0000000,17,54,18,4,88,88,0,0,0,1,0
9,90200,1,1,0,0,0,1,1,13,846,27,12,2013,6,8,50,0,3,3,SR-32,,404,41.84439444,-72.30625278,0,35,0,0,1,1,0,4,1,1,0,1,0,0000000,99,99,99,99,88,88,0,0,0,1,1
9,90201,1,1,0,0,0,1,1,5,760,29,12,2013,1,3,36,0,4,3,SR-183,,41,41.85907222,-73.07073889,0,40,0,0,1,1,0,4,2,1,0,1,0,0000000,3,30,3,45,88,88,0,0,0,1,0
9,90202,2,2,0,0,0,2,2,5,450,22,6,2013,7,18,4,0,3,3,SR-202,,236,41.62946667,-73.39316667,0,12,6,0,8,1,0,1,1,1,0,1,0,0000000,99,99,99,99,99,99,0,0,0,1,0
9,90203,2,2,0,0,0,2,2,3,224,3,12,2013,3,14,11,1,2,2,US-5,,456,41.90213333,-72.61109444,0,12,2,0,1,1,0,1,1,1,0,1,0,0000000,99,99,99,99,88,88,0,0,0,1,0
9,90204,2,2,0,0,0,3,3,5,491,30,12,2013,2,15,21,1,2,3,SR-44,,166,42.006175,-73.23142222,0,12,2,0,1,1,0,1,1,1,0,1,0,0000000,15,21,15,35,16,22,0,0,0,1,0
9,90205,1,1,0,1,1,1,1,13,785,21,12,2013,7,23,29,0,6,5,WEST MAIN ST,,4,41.86516111,-72.45610556,0,8,0,0,1,1,0,1,3,1,0,1,0,0000000,23,29,23,31,99,99,0,0,0,1,0
9,90206,1,1,0,1,1,1,1,3,838,26,11,2013,3,17,52,0,3,3,SR-314,MCMULLEN AVE,19,41.72356667,-72.66975833,0,8,0,0,3,2,0,1,3,2,0,2,0,0000000,17,52,18,2,99,99,0,0,0,1,0
9,90207,2,2,0,0,0,3,3,1,650,3,11,2013,1,18,42,0,3,3,SR-110,,122,41.33309444,-73.13767778,0,12,1,0,1,1,0,1,2,1,0,1,0,0000000,18,43,19,4,88,88,0,0,0,1,0
9,90208,2,1,1,0,0,1,1,9,810,6,7,2013,7,22,44,0,6,5,BUNKER HILL AVE,,18,41.57557778,-73.08659444,0,14,0,0,1,1,0,4,3,1,0,1,0,0000000,22,44,99,99,99,99,0,0,0,1,1