STATE,ST_CASE,VE_TOTAL,VE_FORMS,PVH_INVL,PEDS,PERNOTMVIT,PERMVIT,PERSONS,COUNTY,CITY,DAY,MONTH,YEAR,DAY_WEEK,HOUR,MINUTE,NHS,ROAD_FNC,ROUTE,TWAY_ID,TWAY_ID2,MILEPT,LATITUDE,LONGITUD,SP_JUR,HARM_EV,MAN_COLL,RELJCT1,RELJCT2,TYP_INT,WRK_ZONE,REL_ROAD,LGT_COND,WEATHER1,WEATHER2,WEATHER,SCH_BUS,RAIL,NOT_HOUR,NOT_MIN,ARR_HOUR,ARR_MIN,HOSP_HR,HOSP_MN,CF1,CF2,CF3,FATALS,DRUNK_DR
9,90209,1,1,0,1,1,1,1,3,420,24,8,2013,7,20,19,0,6,5,BROAD ST,BOOTH ST,4,41.67275833,-72.79226944,0,8,0,0,3,2,0,1,3,1,0,1,0,0000000,20,22,99,99,99,99,0,0,0,1,1
9,90210,2,2,0,0,0,6,6,9,810,22,12,2013,1,3,46,0,16,5,NORTH MAIN STREET,NORTH ELM STREET,4,41.55994722,-73.03501944,0,12,6,0,2,2,0,1,3,1,0,1,0,0000000,3,46,99,99,99,99,0,0,0,1,1
9,90211,1,1,0,0,0,1,1,1,170,16,8,2013,6,16,29,1,11,1,I-84,,38,41.38866667,-73.47609444,0,25,0,1,19,1,0,3,1,1,0,1,0,0000000,16,29,99,99,99,99,0,0,0,1,0
9,90212,1,1,0,0,0,2,2,9,810,3,6,2013,2,22,19,0,16,6,RIVERSIDE STREET SB,,3,41.55298889,-73.05405278,0,24,0,0,1,1,0,4,3,1,0,1,0,0000000,22,22,22,22,88,88,0,0,0,1,1
9,90213,2,1,1,0,0,1,1,1,170,3,6,2013,2,16,16,0,16,6,BRIARWOOD DRIVE,,2,41.39671667,-73.43074722,0,1,0,0,1,1,0,1,1,1,0,1,0,0000000,16,20,99,99,99,99,0,0,0,1,0
9,90214,1,1,0,0,0,1,1,1,700,11,12,2013,4,11,29,1,2,2,US-1,,88,41.05977778,-73.50985,0,33,0,0,1,1,0,4,1,1,0,1,0,0000000,11,29,11,32,99,99,0,0,0,1,0
9,90215,2,2,0,0,0,2,2,9,222,26,9,2013,5,14,42,0,19,3,SR-142 HEMINGWAY AVE,DODGE AVENUE,99998,41.26942778,-72.87199167,0,12,6,0,2,3,0,1,1,1,0,1,0,0000000,99,99,99,99,99,99,0,0,0,1,0
9,90216,1,1,0,0,0,1,1,1,835,15,10,2013,3,21,38,1,12,3,SR-15,,205,41.16383889,-73.37778333,0,35,0,1,19,1,0,4,2,1,0,1,0,0000000,21,38,99,99,88,88,0,0,0,1,0
9,90218,1,1,0,0,0,1,1,1,185,25,4,2013,5,4,12,1,1,1,I-95,,131,41.088075,-73.45678611,0,59,0,0,5,1,0,4,3,1,0,1,0,0000000,4,13,4,19,88,88,0,0,0,1,1
9,90219,1,1,0,0,0,2,2,7,266,14,11,2013,5,7,45,0,4,3,SR-154,SR-82,191,41.44775278,-72.47560556,0,42,0,0,3,3,0,4,1,1,0,1,0,0000000,99,99,99,99,99,99,0,0,0,1,0
9,90220,1,1,0,2,2,1,1,9,502,23,1,2013,4,18,45,0,14,3,SR-17,@CDR TO GAS STATION,18,41.34156389,-72.86177778,0,8,0,0,8,1,0,1,3,1,0,1,0,0000000,99,99,99,99,88,88,0,0,0,1,0
9,90221,3,3,0,0,0,3,3,13,293,19,6,2013,4,12,33,0,2,3,SR-66,,249,41.65445278,-72.38409167,0,12,1,0,1,1,0,1,1,1,0,1,0,0000000,12,33,99,99,99,99,0,0,0,1,0
9,90222,1,1,0,0,0,1,1,5,286,10,11,2013,1,99,99,0,4,3,SR-118,,66,41.76770556,-73.08288333,0,42,0,0,1,1,0,4,2,1,0,1,0,0000000,99,99,99,99,99,99,0,0,0,1,0
9,90223,3,1,2,2,2,1,1,1,256,28,6,2013,6,2,48,1,1,1,I-95,,23,41.01907778,-73.63061667,0,14,0,0,1,1,0,2,3,1,0,1,0,0000000,2,57,3,2,99,99,15,14,23,1,0
9,90224,2,2,0,0,0,2,2,9,430,7,9,2013,7,15,6,0,14,3,SR-243,SENECA ROAD,53,41.33034444,-72.98458333,0,12,6,0,2,3,0,1,1,1,0,1,0,0000000,99,99,99,99,99,99,0,0,0,1,0
9,90225,2,2,0,0,0,2,2,5,450,7,7,2013,1,17,10,1,2,3,SR-7,,370,41.57171667,-73.4147,0,12,6,0,8,1,0,1,1,1,0,1,0,0000000,17,13,17,21,17,53,0,0,0,1,0
9,90226,2,2,0,0,0,5,5,3,365,5,9,2013,5,13,21,0,14,3,SR-502,HILLSTOWN ROAD,45,41.76704167,-72.56885,0,12,6,0,2,2,0,1,1,1,0,1,0,0000000,13,22,13,26,13,48,0,0,0,1,0
9,90227,1,1,0,1,1,1,1,3,365,19,8,2013,2,23,42,1,2,3,SR-83,SHELDON RD,92,41.7985,-72.52021389,0,9,0,0,2,2,0,1,3,1,0,1,0,0000000,23,44,23,49,0,8,0,0,0,1,0
9,90228,2,2,0,0,0,4,4,9,430,19,4,2013,6,21,4,0,16,6,GOFFE TERRACE,ELLA GRASSO BLVD #2,1,41.32317222,-72.94876667,0,12,6,0,2,2,0,1,3,1,0,1,0,0000000,21,3,21,7,21,23,0,0,0,1,0
9,90229,2,2,0,0,0,2,2,7,220,11,6,2013,3,17,23,0,13,3,SR-66,,183,41.60678056,-72.48251111,0,12,2,0,1,1,0,1,1,2,0,2,0,0000000,17,23,17,33,99,99,0,0,0,1,1
9,90230,3,3,0,0,0,4,4,9,110,20,10,2013,1,22,38,1,13,3,SR-10,I-691 EB ENT RAMP 018,209,41.55615,-72.8906,0,12,6,1,2,2,0,1,3,1,0,1,0,0000000,22,40,22,43,99,99,0,0,0,1,1
9,90231,2,2,0,0,0,2,2,3,280,22,10,2013,3,9,12,0,16,6,HILLSIDE AVENUE,ARNOLD STREET,14,41.74727778,-72.69821667,0,12,6,0,2,2,0,1,1,1,0,1,0,0000000,9,13,9,18,9,29,0,0,0,1,0
9,90232,1,1,0,0,0,2,2,7,580,10,11,2013,1,21,30,0,13,3,SR-66,,119,41.56150556,-72.57573333,0,35,0,0,1,1,0,4,3,1,0,1,0,0000000,21,30,21,35,99,99,0,0,0,1,1
9,90233,1,1,0,0,0,2,2,5,286,2,6,2013,1,0,5,0,6,6,PLYMOUTH ROAD,,21,41.73858333,-73.04171389,8,35,0,0,1,1,0,4,9,1,0,1,0,0000000,99,99,99,99,88,88,0,0,0,2,0
9,90234,2,2,0,0,0,3,3,1,98,18,8,2013,1,21,15,0,14,2,US-202,SR-840,88,41.43011111,-73.41024444,0,33,0,1,3,2,0,1,1,1,0,1,0,0000000,99,99,99,99,99,99,20,0,0,1,0
9,90235,1,1,0,0,0,1,1,1,80,20,8,2013,3,0,19,0,14,6,NOBLE AVENUE,,16,41.20761667,-73.18322222,0,33,0,0,1,1,0,4,3,1,0,1,0,0000000,0,19,99,99,99,99,0,0,0,1,0
9,90236,1,1,0,0,0,2,2,9,70,18,8,2013,1,1,21,0,15,3,SR-740,,17,41.30956111,-72.82099444,0,33,0,0,1,1,2,4,3,1,0,1,0,0000000,1,21,1,27,2,3,0,0,0,1,1
9,90237,2,2,0,0,0,2,2,9,790,2,11,2013,7,13,16,0,14,2,US-5,CHESTER AVENUE,104,41.44214167,-72.8313,0,12,6,0,2,3,0,1,1,1,0,1,0,0000000,13,16,99,99,99,99,0,0,0,1,0
9,90238,1,1,0,0,0,3,3,7,220,22,11,2013,6,1,12,0,14,3,SR-16,,25,41.56760278,-72.4941,0,39,0,0,1,1,0,4,3,1,0,1,0,0000000,1,12,1,15,99,99,0,0,0,1,1
9,90239,1,1,0,0,0,2,2,3,680,26,12,2013,5,14,49,0,15,3,SR-120,SCENIC DRIVE,12,41.57275,-72.86183333,0,43,0,0,3,2,0,4,1,1,0,1,0,0000000,14,50,14,54,99,99,0,0,0,1,0
9,90240,1,1,0,1,1,1,1,1,256,28,12,2013,7,2,11,0,16,6,WM ST MUNICIPLE PKG LOT,,0,41.00288056,-73.65740278,0,8,0,0,1,1,0,1,3,1,0,1,0,0000000,2,16,2,23,99,99,0,0,0,1,0
9,90241,1,1,0,1,1,2,2,3,46,21,12,2013,7,19,39,0,15,6,HIGH ROAD,,1,41.634475,-72.78768611,0,8,0,0,1,1,0,1,3,1,0,1,0,0000000,19,40,99,99,20,29,4,0,0,1,1
9,90242,2,2,0,0,0,5,5,1,80,1,4,2013,2,13,41,0,16,6,COURTLAND AVENUE,MIDLAND STREET,3,41.15256667,-73.22865556,0,12,6,0,2,2,0,1,1,1,0,1,0,0000000,13,41,99,99,99,99,0,0,0,1,0
9,90243,3,3,0,0,0,3,3,3,46,5,12,2013,5,6,38,0,14,3,SR-71,,64,41.57525833,-72.80754722,0,12,8,0,1,1,0,1,4,2,5,2,0,0000000,6,38,6,46,99,99,0,0,0,1,0
9,90244,2,2,0,0,0,2,2,9,200,29,7,2013,2,7,44,0,13,3,SR-34,,123,41.33221111,-73.11358056,0,12,2,0,1,1,0,1,1,1,0,1,0,0000000,7,44,7,48,8,42,0,0,0,1,0
9,90245,1,1,0,0,0,1,1,7,220,13,12,2013,6,12,58,0,14,3,SR-196,,35,41.561625,-72.50846667,0,43,0,0,1,1,0,4,1,1,0,1,0,0000000,12,58,13,5,88,88,0,0,0,1,0
9,90246,1,1,0,0,0,2,2,1,765,29,9,2013,1,2,29,1,12,3,SR-15,ON TR 809 FROM SB SR-8,339,41.23786667,-73.15549722,0,42,0,1,5,1,0,4,3,1,0,1,0,0000000,2,39,2,49,3,4,0,0,0,1,1
9,90247,1,1,0,0,0,1,1,9,222,22,9,2013,1,0,12,0,14,3,SR-100,CHIDSEY AVENUE,5,41.27752222,-72.87083889,0,33,0,0,3,2,0,4,3,1,0,1,0,0000000,99,99,99,99,99,99,0,0,0,1,0
9,90248,1,1,0,0,0,5,5,1,256,11,11,2013,2,15,59,1,12,3,SR-15,,70,41.09346667,-73.61008056,0,24,0,0,1,1,0,3,1,1,0,1,0,0000000,16,0,16,10,17,0,0,0,0,1,0
9,90249,2,2,0,0,0,2,2,1,715,21,12,2013,7,17,24,0,14,3,SR-108,SILVER LN & TRUMBULL TL,25,41.23003611,-73.15379167,0,12,6,0,2,2,0,1,3,1,0,1,0,0000000,17,24,99,99,99,99,0,0,0,1,0
9,90250,1,1,0,1,1,2,2,13,785,18,10,2013,6,19,39,0,13,3,SR-83,,123,41.83475,-72.49244722,0,8,0,0,1,1,0,1,2,1,0,1,0,0000000,19,39,19,45,20,1,0,0,0,1,0
9,90251,2,2,0,0,0,2,2,3,46,14,5,2013,3,21,35,0,16,6,WETHERSFIELD ROAD,BECKLEY ROAD,9,41.63867222,-72.72286667,0,12,2,0,2,4,0,1,3,1,0,1,0,0000000,21,41,22,17,22,35,0,0,0,1,1
9,90252,1,1,0,0,0,1,1,11,539,24,4,2013,4,12,19,0,4,3,SR-156,HUNTLEY ROAD,83,41.32415833,-72.34111111,0,59,0,0,3,3,0,4,1,1,0,1,0,0000000,99,99,99,99,99,99,0,0,0,1,0
9,90253,1,1,0,0,0,1,1,9,385,28,12,2013,7,13,30,0,14,6,WOODMONT ROAD #1,EASTERN STEEL ROAD,6,41.23653333,-73.01939167,0,43,0,0,3,2,0,4,1,1,0,1,0,0000000,13,30,13,35,14,1,0,0,0,1,0
9,90254,2,2,0,0,0,2,2,1,256,10,5,2013,6,22,15,1,11,1,I-95,,273,41.16848333,-73.22505,0,12,7,0,1,1,0,1,3,1,0,1,0,0000000,22,15,99,99,88,88,0,0,0,1,0
9,90255,1,1,0,1,1,2,2,1,80,24,6,2013,2,20,58,0,14,3,SR-130,PARK STREET,31,41.17391111,-73.1979,0,8,0,0,3,2,0,1,3,1,0,1,0,0000000,20,58,21,1,21,23,0,0,0,1,0
9,90256,2,2,0,0,0,2,2,1,80,5,8,2013,2,8,18,0,16,6,OLD TOWN ROAD,SUNNYDALE ROAD,11,41.22640278,-73.22268611,0,12,1,1,3,3,0,1,1,1,0,1,0,0000000,8,20,8,46,8,47,0,0,0,1,0
9,90257,1,1,0,0,0,1,1,3,842,26,3,2013,3,10,3,1,11,1,I-91 NB HOV X RMP# 706,SR-305,442,41.85236389,-72.66424444,0,23,0,1,3,3,0,4,1,1,0,1,0,0000000,99,99,99,99,99,99,0,0,0,1,0
9,90258,1,1,0,0,0,1,1,9,854,21,4,2013,1,23,34,0,13,3,SR-69,,20,41.35835278,-72.98336111,0,33,0,0,1,1,0,4,3,1,0,1,0,0000000,23,34,23,35,23,46,0,0,0,1,0
9,90259,3,3,0,0,0,4,4,9,852,25,6,2013,3,17,24,0,14,3,SR-844,SHELTON AVE,25,41.55465833,-72.96281667,0,12,1,0,3,3,0,1,1,1,0,1,0,0000000,17,24,99,99,99,99,0,0,0,1,0
9,90260,1,1,0,0,0,1,1,9,502,17,8,2013,7,15,56,1,12,3,SR-15,,528,41.38734167,-72.88404444,0,42,0,0,1,1,0,4,1,1,0,1,0,0000000,99,99,99,99,88,88,19,20,0,1,0
9,90261,2,2,0,0,0,2,2,3,258,19,8,2013,2,17,52,0,4,3,SR-189,NORTHWOODS ROAD,201,42.03396389,-72.86303333,0,12,6,0,2,3,0,1,1,1,0,1,0,0000000,17,52,17,57,18,42,0,0,0,1,0
9,90262,2,2,0,0,0,3,3,9,267,5,9,2013,5,9,37,0,13,3,SR-10,,59,41.3507,-72.93157778,0,12,6,0,1,1,0,1,1,1,0,1,0,0000000,9,39,9,41,9,59,0,0,0,1,0
9,90263,6,1,5,0,0,1,1,9,370,8,11,2013,6,23,39,0,16,6,CROWN STREET,,8,41.532775,-72.80328889,0,14,0,0,1,1,0,7,3,1,0,1,0,0000000,23,38,23,43,88,88,14,0,0,1,0
9,90264,2,2,0,0,0,2,2,13,785,2,8,2013,6,21,7,0,14,3,SR-30,,92,41.83446111,-72.47101944,0,12,1,0,1,1,0,1,3,1,0,1,0,0000000,21,7,21,11,88,88,0,0,0,1,1
9,90265,1,1,0,1,1,2,2,9,825,9,9,2013,2,12,5,0,16,6,ACCESS RD TO VETERAN AFFAIRS,SIDE DWY FROM PKG AREA,0,41.28572222,-72.95988056,0,8,0,0,2,2,0,1,1,1,0,1,0,0000000,12,12,12,15,12,33,0,0,0,1,0
9,90266,1,1,0,3,3,1,1,3,680,12,2,2013,3,22,28,0,13,3,SR-10,,273,41.64043611,-72.873925,0,8,0,0,1,1,0,1,3,1,0,1,0,0000000,22,28,22,29,22,52,0,0,0,1,1
9,90267,1,1,0,0,0,1,1,9,430,17,8,2013,7,0,22,0,14,6,DIXWELL AVENUE,MUNSON STREET,7,41.3228,-72.93488056,0,1,0,0,3,2,0,1,3,1,0,1,0,0000000,0,23,0,26,0,42,20,0,0,1,0
9,90268,2,2,0,0,0,2,2,9,502,12,8,2013,2,12,41,0,14,3,SR-729,ELM STREET,5,41.38881667,-72.86356111,0,12,6,0,2,3,0,1,1,1,0,1,0,0000000,12,45,12,48,99,99,0,0,0,1,0
9,90269,1,1,0,0,0,1,1,13,846,3,10,2013,5,13,48,0,3,3,SR-32,,454,41.909375,-72.29249444,0,1,0,0,1,1,0,1,1,1,0,1,0,0000000,13,45,13,48,14,7,0,0,0,1,1
10,100001,2,2,0,0,0,2,2,3,0,3,1,2013,5,22,49,0,14,3,SR-58,IROQUOIS COURT RD,19,39.68551944,-75.63404167,0,12,2,0,2,3,0,1,3,10,0,10,0,0000000,22,50,22,54,23,25,0,0,0,1,1
10,100002,1,1,0,1,1,1,1,3,0,3,1,2013,5,18,4,0,14,2,US-13,,19,39.77900833,-75.47793611,0,8,0,0,1,1,1,1,2,10,0,10,0,0000000,18,7,18,7,88,88,0,0,0,1,0
10,100003,1,1,0,1,1,3,3,3,0,13,1,2013,1,12,25,0,13,3,SR-4,HARMONY ROAD,16,39.68561111,-75.68161111,0,8,0,0,3,2,0,1,1,10,0,10,0,0000000,12,25,12,32,12,38,0,0,0,1,0
10,100004,2,2,0,0,0,3,3,5,0,7,1,2013,2,9,0,0,4,6,CR-40,OAK ROAD,36,38.75145,-75.53214167,0,12,6,0,2,2,0,1,1,1,0,1,0,0000000,9,3,9,12,10,1,0,0,0,1,0
10,100005,1,1,0,0,0,1,1,1,0,21,1,2013,2,23,27,0,4,3,SR-6,,52,39.28468056,-75.66768333,0,42,0,0,1,1,0,5,2,4,0,4,0,0000000,23,29,23,38,88,88,0,0,0,1,1
10,100006,1,1,0,0,0,1,1,3,0,26,1,2013,7,0,48,0,13,2,US-40,WILTON BLVD,4,39.65085833,-75.622325,0,30,0,0,1,1,0,4,3,1,0,1,0,0000000,0,59,1,5,1,57,20,0,0,1,1
10,100007,2,2,0,0,0,6,6,3,0,25,1,2013,6,19,45,0,16,8,WILTON BLVD,CANDLEWICK COURT,4,39.65551389,-75.62541389,0,12,2,0,2,3,0,1,3,10,4,4,0,0000000,99,99,99,99,99,99,0,0,0,1,1
10,100008,1,1,0,0,0,1,1,5,0,7,2,2013,5,13,2,0,4,3,SR-16,,119,38.80769722,-75.46984444,0,30,0,0,1,1,0,4,1,1,0,1,0,0000000,13,7,13,12,88,88,0,0,0,1,0
10,100009,2,2,0,1,1,3,3,3,0,11,2,2013,2,18,0,0,13,3,SR-2,POLLYDRUMMOND HILL ROAD,90,39.69791389,-75.70919167,0,8,0,0,2,2,0,1,2,10,0,10,0,0000000,17,59,18,5,18,45,0,0,0,1,0
10,100010,1,1,0,0,0,1,1,3,0,10,2,2013,1,8,53,0,13,3,SR-4,,22,39.68386389,-75.68628611,0,33,0,0,1,1,0,4,1,1,0,1,0,0000000,8,59,9,5,9,26,0,0,0,1,1
10,100011,2,2,0,0,0,3,3,3,0,11,2,2013,2,13,21,0,13,3,SR-4,,27,39.69689444,-75.65624444,0,12,6,0,7,1,0,1,1,10,0,10,0,0000000,88,88,88,88,88,88,0,0,0,1,0
10,100012,1,1,0,1,1,1,1,1,0,19,2,2013,3,20,7,0,13,2,US-13,,25,39.12751389,-75.53090278,0,8,0,0,1,1,0,1,3,10,0,10,0,0000000,20,10,20,14,20,25,0,0,0,1,0
10,100013,2,2,0,1,1,3,3,3,0,23,2,2013,7,1,16,1,11,1,I-495,,22,39.71693889,-75.55401111,0,8,0,1,18,1,0,1,2,10,2,2,0,0000000,1,19,1,23,88,88,0,0,0,1,0
10,100014,1,1,0,0,0,1,1,3,0,21,2,2013,5,7,24,0,6,6,THOMPSON STATION RD,,2,39.73486111,-75.75813889,0,42,0,0,1,1,0,4,1,1,0,1,0,0000000,99,99,99,98,88,88,0,0,0,1,0
10,100015,2,2,0,0,0,3,3,3,0,14,2,2013,5,14,24,0,14,3,SR-72,RUE MADORA,37,39.606,-75.71531944,0,12,6,0,2,2,0,1,1,1,0,1,0,0000000,14,10,14,19,14,50,0,0,0,1,0
10,100016,1,1,0,1,1,1,1,3,0,13,3,2013,4,20,5,0,2,3,SR-52,,10,39.82204167,-75.61692778,0,8,0,0,1,1,0,1,2,10,0,10,0,0000000,20,5,20,14,20,38,0,0,0,1,0
10,100017,1,1,0,0,0,1,1,3,0,19,3,2013,3,1,39,0,6,8,BAYVIEW ROAD,,17,39.49295278,-75.62494167,0,53,0,0,1,1,0,4,2,2,0,2,0,0000000,1,37,1,45,88,88,0,0,0,1,1
10,100018,2,2,0,0,0,3,3,1,0,19,3,2013,3,16,5,0,14,5,STATE STREET,,70,39.13820278,-75.52225833,0,12,6,0,8,1,0,1,1,10,0,10,0,0000000,16,6,16,17,16,22,0,0,0,1,1
10,100019,1,1,0,1,1,1,1,3,0,30,3,2013,7,4,5,0,13,3,SR-2,,51,39.72881667,-75.64823333,0,8,0,0,1,1,0,1,2,1,0,1,0,0000000,4,6,4,10,88,88,0,0,0,1,0
10,100020,1,1,0,0,0,1,1,5,0,6,4,2013,7,22,28,1,2,2,US-113,,109,38.75213611,-75.43435556,0,42,0,0,1,1,0,6,2,1,0,1,0,0000000,22,32,22,38,22,57,0,0,0,1,1
10,100021,3,3,0,0,0,4,4,3,0,16,4,2013,3,15,30,1,11,1,I-495,,55,39.75579722,-75.49536944,0,24,0,0,1,1,0,3,1,1,0,1,0,0000000,15,30,15,37,16,2,0,0,0,1,1
10,100022,2,2,0,0,0,5,5,3,0,20,4,2013,7,19,15,0,14,5,CENTERVILLE  RD,RED CLAY DRIVE,15,39.75858611,-75.62554722,0,12,6,0,2,2,0,1,1,1,0,1,0,0000000,99,99,99,99,99,99,0,0,0,1,1
10,100023,1,1,0,0,0,1,1,3,0,28,4,2013,1,2,19,0,5,3,SR-276 BETHEL CHURCH ROAD,,1,39.52061944,-75.77803889,0,30,0,0,1,1,0,4,2,1,0,1,0,0000000,2,15,2,24,2,50,0,0,0,1,1
10,100024,1,1,0,0,0,2,2,5,0,30,4,2013,3,15,15,0,6,8,JONES STORE ROAD,,14,38.59066111,-75.40433333,0,1,0,0,1,1,0,4,1,2,0,2,0,0000000,15,14,15,28,16,7,0,0,0,1,1
10,100025,1,1,0,0,0,1,1,5,0,10,5,2013,6,1,30,1,2,2,US-113 DUPONT BLVD,,47,38.51913611,-75.24089167,0,42,0,0,1,1,0,3,2,1,0,1,0,0000000,1,34,1,42,88,88,0,0,0,1,1
10,100026,1,1,0,0,0,1,1,3,0,15,5,2013,4,13,21,0,4,3,SR-9,,35,39.47215278,-75.60387222,0,42,0,0,1,1,0,5,1,2,0,2,0,0000000,13,21,13,38,88,88,0,0,0,1,1
10,100027,2,2,0,0,0,3,3,5,0,20,5,2013,2,17,3,0,4,3,SR-13A,,123,38.62431111,-75.60586111,0,12,1,0,1,1,0,2,1,1,0,1,0,0000000,17,7,17,10,17,16,13,20,0,1,1
10,100028,3,3,0,0,0,5,5,3,0,25,5,2013,7,12,4,1,11,1,I-495,,32,39.78195,-75.47432222,0,12,1,0,1,1,0,1,1,1,0,1,0,0000000,12,4,12,12,88,88,0,0,0,1,1
10,100029,1,1,0,0,0,2,2,5,0,25,5,2013,7,16,0,0,4,4,CR-297,,77,38.60463333,-75.18675833,0,42,0,0,1,1,0,5,1,1,0,1,0,0000000,16,1,16,5,88,88,0,0,0,2,0
10,100030,2,2,0,0,0,5,5,3,0,28,5,2013,3,13,9,1,12,3,SR-1,,35,39.64955,-75.65010833,0,12,9,0,1,1,0,1,1,1,0,1,0,0000000,13,9,13,20,13,38,0,0,0,1,1
10,100031,2,2,0,0,0,2,2,3,0,30,5,2013,5,5,49,0,3,2,US-13,BLACK DIAMOND ROAD,79,39.35075278,-75.64193889,0,12,6,0,2,2,0,1,4,1,0,1,0,0000000,5,52,6,1,88,88,0,0,0,1,1
10,100032,5,5,0,0,0,6,6,3,0,30,5,2013,5,7,30,1,11,1,I-95,,78,39.6893,-75.63948056,0,12,7,0,1,1,0,1,1,1,0,1,0,0000000,7,30,7,39,7,45,0,0,0,1,1
10,100033,1,1,0,0,0,1,1,1,0,30,5,2013,5,3,55,1,12,3,SR-1,,152,39.1241,-75.48498889,0,24,0,0,1,1,0,4,3,1,0,1,0,0000000,4,1,4,9,88,88,0,0,0,1,0
10,100034,2,2,0,0,0,3,3,5,0,23,5,2013,5,15,28,0,4,3,SR-20,HARD SCRABBLE ROAD,80,38.61677222,-75.47623333,0,12,6,0,2,2,0,1,1,2,0,2,0,0000000,15,19,15,30,16,1,0,0,0,1,0
10,100035,2,2,0,0,0,2,2,1,0,30,5,2013,5,13,56,1,2,3,SR-1,MULBERRIE POINT RD,103,39.05128889,-75.4591,0,12,6,0,2,2,0,1,1,1,0,1,0,0000000,14,0,14,8,99,99,0,0,0,1,0
10,100036,3,3,0,0,0,7,7,5,0,5,6,2013,4,9,13,1,2,2,US-113,,315,38.85668889,-75.43906944,0,12,2,0,1,1,0,1,1,1,0,1,0,0000000,9,14,9,19,9,44,0,0,0,2,1
10,100037,1,1,0,0,0,1,1,1,0,6,6,2013,5,1,25,0,6,8,FOX HUNTERS ROAD,,15,38.91133056,-75.65586111,0,30,0,0,1,1,0,4,2,1,0,1,0,0000000,1,32,1,46,88,88,0,0,0,1,1
10,100038,1,1,0,1,1,1,1,5,0,8,6,2013,7,20,45,1,2,3,SR-1,,244,38.70338333,-75.08409722,0,8,0,0,1,1,0,1,2,1,0,1,0,0000000,20,50,20,56,88,88,0,0,0,1,1
10,100039,1,1,0,2,2,6,6,3,0,5,6,2013,4,22,9,1,13,2,US-13,,7,39.66134167,-75.60817222,0,8,0,0,1,1,0,1,3,1,0,1,0,0000000,22,10,22,13,22,26,0,0,0,1,0
10,100040,2,2,0,0,0,2,2,5,0,14,6,2013,6,11,8,0,2,3,SR-18,SEASHORE HWY,164,38.69827222,-75.436875,0,12,2,0,1,1,0,1,1,10,0,10,0,0000000,11,10,11,18,11,55,0,0,0,1,1
10,100041,1,1,0,2,2,1,1,5,0,14,6,2013,6,23,3,0,4,3,SR-54,CR-58,108,38.45211944,-75.05726389,0,8,0,0,1,1,0,1,2,1,0,1,0,0000000,23,7,23,14,0,24,0,0,0,2,0
10,100042,1,1,0,0,0,3,3,5,0,15,6,2013,7,18,32,0,9,8,PEPPERCOX ROAD,,99999,38.47622778,-75.48676389,0,32,0,0,1,1,0,4,1,1,0,1,0,0000000,18,33,18,41,19,15,0,0,0,1,1
10,100043,1,1,0,0,0,2,2,5,0,16,6,2013,1,15,24,0,6,3,SR-36,,165,38.93091111,-75.34432222,0,30,0,0,1,1,0,5,1,1,0,1,0,0000000,15,36,15,44,16,6,0,0,0,1,1
10,100044,1,1,0,1,1,1,1,5,0,21,6,2013,6,16,37,0,3,3,SR-1,,94,38.57621111,-75.06048611,0,9,0,0,1,1,0,1,1,1,0,1,0,0000000,16,40,16,48,88,88,0,0,0,1,0
10,100045,2,2,0,0,0,3,3,3,0,22,6,2013,7,17,16,0,14,8,OLD BALTIMORE PIKE,SALEM WOODS DRIBE,51,39.64840833,-75.69784722,0,12,6,0,2,2,0,1,1,1,0,1,0,0000000,17,17,17,26,17,38,0,0,0,1,1
10,100046,2,2,0,0,0,3,3,3,0,26,6,2013,4,15,46,0,6,8,ALLEY MILL ROAD,CLAYTON DELANEY ROAD,11,39.30453056,-75.66881111,0,12,6,0,2,2,0,1,1,1,0,1,0,0000000,15,46,15,50,16,28,0,0,0,1,0
10,100047,1,1,0,0,0,2,2,1,0,27,6,2013,5,0,45,0,15,3,SR-10,,12,39.11878056,-75.50421944,0,31,0,0,1,1,0,4,2,10,0,10,0,0000000,0,49,0,56,99,99,0,0,0,1,1
10,100048,2,2,0,0,0,2,2,5,0,1,7,2013,2,7,12,0,6,8,BRICKYARD ROAD,,5,38.62868056,-75.58036389,0,12,6,0,8,1,0,1,1,10,0,10,0,0000000,7,14,7,19,88,88,0,0,0,1,0
10,100049,1,1,0,2,2,1,1,5,0,4,7,2013,5,21,34,1,2,3,SR-1 COASTAL HWY,,21,38.68698611,-75.07408889,0,8,0,0,1,1,0,1,3,1,0,1,0,0000000,21,38,21,42,22,32,0,0,0,1,1
10,100050,2,2,0,0,0,2,2,5,430,6,7,2013,7,11,54,0,4,3,SR-54,CR-387,34,38.46389444,-75.17826667,0,12,6,0,2,2,0,1,1,1,0,1,0,0000000,11,54,12,0,12,55,0,0,0,1,0
10,100051,1,1,0,1,1,1,1,5,0,11,7,2013,5,21,24,1,2,3,SR-1,,19,38.71331667,-75.10414444,0,8,0,0,1,1,0,1,2,1,0,1,0,0000000,21,28,21,32,21,46,0,0,0,1,0
10,100052,2,2,0,0,0,2,2,1,130,11,7,2013,5,6,26,0,15,6,NORTH STREET,SAULSBURY ROAD,10,39.15337778,-75.5413,0,12,6,0,2,2,0,1,1,1,0,1,0,0000000,6,28,6,38,88,88,0,0,0,1,0
10,100053,2,2,0,0,0,3,3,3,0,24,7,2013,4,18,24,1,11,1,I-495,,40,39.7768,-75.47910556,0,12,7,0,1,1,0,1,1,1,0,1,0,0000000,18,24,18,30,88,88,0,0,0,1,1