STATE,ST_CASE,VE_TOTAL,VE_FORMS,PVH_INVL,PEDS,PERNOTMVIT,PERMVIT,PERSONS,COUNTY,CITY,DAY,MONTH,YEAR,DAY_WEEK,HOUR,MINUTE,NHS,ROAD_FNC,ROUTE,TWAY_ID,TWAY_ID2,MILEPT,LATITUDE,LONGITUD,SP_JUR,HARM_EV,MAN_COLL,RELJCT1,RELJCT2,TYP_INT,WRK_ZONE,REL_ROAD,LGT_COND,WEATHER1,WEATHER2,WEATHER,SCH_BUS,RAIL,NOT_HOUR,NOT_MIN,ARR_HOUR,ARR_MIN,HOSP_HR,HOSP_MN,CF1,CF2,CF3,FATALS,DRUNK_DR
10,100054,1,1,0,1,1,2,2,0,0,4,8,2013,1,23,14,1,2,2,US-13,CR-466,5,38.97888889,-76.11722222,0,8,0,0,1,1,0,1,2,1,0,1,0,0000000,23,19,23,22,88,88,0,0,0,1,0
10,100055,2,2,0,0,0,2,2,5,0,5,8,2013,2,21,1,0,5,8,SHILOH CHURCH RD,SCOTT LANDING RD,50,38.57980833,-75.447225,0,12,1,0,2,2,0,1,1,1,0,1,0,0000000,20,59,21,8,88,88,0,0,0,1,0
10,100056,6,6,0,0,0,8,8,3,0,11,8,2013,1,22,0,1,2,3,SR-1,,38,39.34150556,-75.6387,0,12,1,0,1,1,0,1,2,1,0,1,0,0000000,22,2,22,9,22,46,0,0,0,1,0
10,100057,3,3,0,0,0,8,8,5,0,11,8,2013,1,18,26,1,2,3,SR-404,,19,38.75591667,-75.63098889,0,12,8,0,1,1,0,1,1,10,0,10,0,0000000,18,26,18,37,19,1,0,0,0,1,0
10,100058,2,2,0,0,0,5,5,5,0,17,8,2013,7,21,19,0,4,3,SR-24,,382,38.7068,-75.15813333,0,12,1,0,1,1,0,1,2,1,0,1,0,0000000,21,24,21,28,21,47,0,0,0,1,1
10,100059,1,1,0,0,0,1,1,5,0,27,7,2013,7,10,40,0,5,4,CR-516,,29,38.68479167,-75.53162222,0,34,0,0,1,1,0,4,1,1,0,1,0,0000000,10,47,10,57,11,14,0,0,0,1,1
10,100060,2,2,0,0,0,2,2,3,0,20,8,2013,3,21,7,1,13,2,US-13,,20,39.67625,-75.59448056,0,12,6,0,8,1,0,1,2,1,0,1,0,0000000,21,10,21,15,21,29,0,0,0,1,1
10,100061,1,1,0,1,1,1,1,3,0,1,9,2013,1,22,21,1,13,2,US-13,,54,39.65645833,-75.61461944,0,8,0,0,1,1,0,1,3,1,0,1,0,0000000,22,24,22,28,88,88,0,0,0,1,0
10,100062,2,2,0,0,0,2,2,3,0,3,9,2013,3,5,16,0,13,3,SR-2,,54,39.69583056,-75.71475,0,12,1,0,1,1,0,1,2,1,0,1,0,0000000,5,17,5,23,88,88,19,0,0,1,0
10,100063,2,2,0,0,0,2,2,5,320,8,9,2013,1,22,26,0,4,2,US-13,,99999,38.90726389,-75.44166667,0,12,6,0,1,1,0,1,2,1,0,1,0,0000000,22,24,22,29,88,88,0,0,0,1,0
10,100064,2,2,0,0,0,2,2,1,130,7,9,2013,7,8,45,0,14,2,US-13,,12,39.17340556,-75.50900833,0,12,1,0,1,1,0,1,1,1,0,1,0,0000000,8,45,8,48,99,99,0,0,0,1,0
10,100065,2,2,0,0,0,2,2,5,330,14,9,2013,7,16,26,1,2,2,US-113,S4-24,253,38.58542222,-75.29517778,0,12,6,0,2,2,0,1,1,1,0,1,0,0000000,16,27,16,30,17,15,0,0,0,1,0
10,100066,1,1,0,1,1,1,1,3,490,14,9,2013,7,16,24,0,14,6,4TH STREET,RODNEY STREET,4,39.74679167,-75.56679722,0,8,0,0,2,2,0,1,1,1,0,1,0,0000000,99,99,99,99,99,99,0,0,0,1,0
10,100067,2,2,0,0,0,2,2,1,0,25,9,2013,4,11,50,1,12,3,SR-1,,104,39.17573889,-75.50118333,0,12,1,1,5,1,0,1,1,1,0,1,0,0000000,11,52,11,59,99,99,0,0,0,1,0
10,100068,2,2,0,0,0,9,9,5,0,1,10,2013,3,9,41,0,5,3,SR-46,,89,38.6534,-75.46111389,0,12,6,0,1,1,0,1,1,1,0,1,0,0000000,9,44,9,56,10,29,0,0,0,2,0
10,100069,1,1,0,0,0,1,1,5,0,2,10,2013,4,14,19,1,2,2,US-113,,197,38.64715,-75.36249167,0,24,0,0,1,1,0,4,1,1,0,1,0,0000000,14,23,14,25,88,88,0,0,0,1,0
10,100070,1,1,0,0,0,1,1,5,0,6,10,2013,1,0,55,0,4,4,CR-54A,,25,38.52386111,-75.06365,0,42,0,0,1,1,0,5,2,1,0,1,0,0000000,0,57,1,1,1,46,0,0,0,1,1
10,100071,1,1,0,0,0,1,1,5,0,13,10,2013,1,6,15,1,2,3,SR-18,COKESBURY RD,139,38.69218611,-75.48043889,0,35,0,0,3,3,0,4,2,2,0,2,0,0000000,6,18,6,27,88,88,0,0,0,1,1
10,100072,1,1,0,0,0,1,1,3,0,5,10,2013,7,5,19,0,15,4,CR-42,,42,39.64668333,-75.70258611,0,25,0,0,1,1,0,3,2,1,0,1,0,0000000,5,18,5,22,5,42,0,0,0,1,1
10,100074,1,1,0,2,2,1,1,3,0,18,10,2013,6,0,31,0,13,3,SR-896,CORPORATE AVE,42,39.61599444,-75.74498889,0,8,0,0,2,2,0,1,2,1,0,1,0,0000000,0,32,0,49,1,1,0,0,0,1,0
10,100075,6,1,5,0,0,1,1,1,130,22,10,2013,3,22,20,1,13,2,US-13,,11,39.14594722,-75.51623611,0,59,0,0,1,1,0,4,2,1,0,1,0,0000000,99,99,99,99,88,88,14,0,0,1,1
10,100076,1,1,0,1,1,1,1,3,0,23,10,2013,4,2,3,1,13,2,US-40,,69,39.60701111,-75.729425,0,8,0,0,1,1,0,1,2,1,0,1,0,0000000,2,6,2,8,2,36,0,0,0,1,0
10,100077,2,2,0,0,0,2,2,1,130,26,10,2013,7,5,29,0,14,3,SR-15,,21,39.18055278,-75.55820278,0,12,2,0,1,1,0,1,2,1,0,1,0,0000000,99,99,99,99,88,88,0,0,0,2,1
10,100078,2,2,0,0,0,2,2,5,0,1,11,2013,6,12,22,0,2,3,SR-18,,115,38.7084,-75.52110833,0,12,2,0,1,1,0,1,1,10,0,10,0,0000000,12,27,12,29,13,24,0,0,0,1,0
10,100079,1,1,0,0,0,1,1,3,0,2,11,2013,7,2,45,0,13,3,SR-2,CORDELE ROAD,55,39.69626389,-75.71371667,0,33,0,0,3,3,0,4,2,10,0,10,0,0000000,2,46,2,48,3,24,0,0,0,1,1
10,100080,1,1,0,1,1,1,1,3,150,5,11,2013,3,13,12,0,16,5,BUNGALOW AVENUE,,1000,39.73915,-75.60086944,0,8,0,0,1,1,0,1,1,1,0,1,0,0000000,99,99,99,99,99,99,0,0,0,1,0
10,100081,2,2,0,1,1,3,3,3,0,8,11,2013,6,18,2,1,13,3,SR-2,,45,39.73315,-75.64015,0,8,0,0,1,1,0,1,2,1,0,1,0,0000000,18,2,18,7,88,88,0,0,0,1,0
10,100082,2,2,0,0,0,4,4,3,0,25,10,2013,6,8,30,0,15,8,WALTHER ROAD,CREEKSIDE DRIVE,12,39.64076944,-75.68406389,0,12,6,0,2,3,0,1,1,1,0,1,0,0000000,99,99,99,99,99,99,0,0,0,1,0
10,100083,2,2,0,0,0,4,4,3,360,12,10,2013,7,18,35,0,13,3,SR-4,SOUTH COLLEGE AVENUE,14,39.6585,-75.75176111,0,12,1,0,3,2,0,1,5,10,0,10,0,0000000,99,99,99,99,99,99,0,0,0,1,1
10,100084,1,1,0,0,0,2,2,1,0,11,11,2013,2,4,8,0,4,4,CR-199,,17,39.12862778,-75.6182,0,35,0,0,1,1,0,4,2,1,0,1,0,0000000,4,24,4,31,4,57,0,0,0,1,1
10,100085,2,2,0,0,0,2,2,3,0,19,11,2013,3,9,21,1,13,2,US-40,CHURCH ROAD,57,39.62240833,-75.68348056,0,12,6,0,2,2,0,1,1,1,0,1,0,0000000,9,22,9,26,9,50,0,0,0,1,0
10,100086,1,1,0,1,1,1,1,5,0,19,11,2013,3,18,29,1,2,2,US-113,,248,38.762075,-75.43747222,0,8,0,0,1,1,0,1,2,1,0,1,0,0000000,18,34,18,42,99,99,0,0,0,1,0
10,100087,2,2,0,1,1,2,2,3,490,14,11,2013,5,9,33,0,13,6,DELAWARE AVE,,74,39.74833056,-75.55196111,0,8,0,0,1,1,0,1,1,1,0,1,0,0000000,99,99,99,99,99,99,0,0,0,1,0
10,100088,1,1,0,0,0,1,1,3,0,18,11,2013,2,13,58,0,6,8,CEDAR LANE ROAD,,28,39.49288056,-75.68948889,0,35,0,0,1,1,0,4,1,1,0,1,0,0000000,13,57,14,8,14,34,0,0,0,1,0
10,100089,1,1,0,1,1,2,2,3,0,4,12,2013,4,19,37,1,13,3,SR-7,,6,39.71901944,-75.65337222,0,8,0,0,1,1,0,1,2,10,0,10,0,0000000,19,35,19,44,19,57,0,0,0,1,0
10,100090,1,1,0,1,1,1,1,3,0,6,12,2013,6,8,45,1,13,3,SR-3 MARSH ROAD,,56,39.775,-75.50677778,0,8,0,0,1,1,0,1,9,99,0,99,0,0000000,99,99,99,99,88,88,18,0,0,1,0
10,100091,2,2,0,0,0,2,2,3,0,7,12,2013,7,23,24,0,3,2,US-13 SB,BLACKBIRD FOREST ROAD,61,39.37086389,-75.66013333,0,12,6,0,2,2,0,1,2,1,0,1,0,0000000,23,54,0,4,0,43,0,0,0,1,1
10,100092,2,2,0,0,0,5,5,5,0,22,12,2013,1,2,31,0,3,2,US-9,ASBURY ROAD,69,38.62652222,-75.47313056,0,12,6,0,3,2,0,1,2,10,0,10,0,0000000,2,38,2,57,3,25,0,0,0,1,1
10,100093,1,1,0,1,1,1,1,3,0,26,12,2013,5,20,16,1,13,2,US-40,,13,39.64521944,-75.63835556,0,8,0,0,1,1,0,1,2,1,0,1,0,0000000,20,15,20,11,20,53,0,0,0,1,0
10,100094,2,1,1,0,0,1,1,3,0,27,12,2013,6,19,41,1,11,1,I-95,,65,39.7077,-75.59733889,0,14,0,0,1,1,0,2,2,1,0,1,0,0000000,19,41,19,48,20,3,0,0,0,1,1
10,100095,4,1,3,0,0,1,1,3,490,14,10,2013,2,18,5,0,16,6,NORTH STREET,CONRAD STREET,0,39.74338611,-75.56274167,0,14,0,0,1,1,0,4,3,10,0,10,0,0000000,99,99,99,99,88,88,0,0,0,1,0
11,110001,1,1,0,1,1,1,1,1,10,12,2,2013,3,10,0,0,16,6,HARVARD ST NW,GEORGIA AVE NW,99999,38.92726667,-77.02289444,0,8,0,0,2,2,0,1,1,1,0,1,0,0000000,99,99,99,99,99,99,0,0,0,1,0
11,110002,1,1,0,1,1,1,1,1,10,13,2,2013,4,4,45,0,16,6,1300 NEW YORK AVE NE,,99999,38.91485278,-76.98751667,0,8,0,0,1,1,0,1,3,1,0,1,0,0000000,99,99,99,99,99,99,0,0,0,1,0
11,110003,5,5,0,0,0,8,8,1,10,25,1,2013,6,14,24,0,16,6,EASTERN AVE SE,,0,38.83357222,-76.98543333,0,12,1,0,1,1,0,1,1,12,0,12,0,0000000,99,99,99,99,99,99,0,0,0,1,0
11,110004,1,1,0,1,1,1,1,1,10,16,2,2013,7,22,38,0,16,6,100 M ST NE,,99999,38.90565556,-77.00358056,0,8,0,0,1,1,0,1,3,1,0,1,0,0000000,99,99,99,99,99,99,0,0,0,1,0
11,110005,2,2,0,0,0,4,4,1,10,13,3,2013,4,20,0,0,16,6,SUITLAND PARKWAY SE,,0,38.85244722,-76.97425833,0,12,11,0,1,1,0,1,2,1,0,1,0,0000000,99,99,99,99,99,99,0,0,0,1,0
11,110006,1,1,0,1,1,1,1,1,10,21,3,2013,5,20,21,0,16,6,FLORIDA AVE NE,11TH ST NE,0,38.903325,-76.99155278,0,8,0,0,2,3,0,1,3,1,0,1,0,0000000,99,99,99,99,99,99,0,0,0,1,1
11,110007,1,1,0,0,0,1,1,1,10,8,4,2013,2,14,10,0,16,6,SOUTH CAPITOL STREET SE,M STREET SE,0,38.87639722,-77.00899722,0,50,0,0,1,1,0,1,1,1,0,1,0,0000000,99,99,99,99,99,99,0,0,0,1,0
11,110008,1,1,0,1,1,2,2,1,10,28,4,2013,1,14,45,0,16,6,1ST ST SW,SOUTH CAPITOL ST SW,0,38.82354444,-77.00550278,0,33,0,0,1,1,0,4,1,1,0,1,0,0000000,99,99,99,99,99,99,0,0,0,1,1
11,110009,3,1,2,0,0,2,2,1,10,2,5,2013,5,23,45,1,11,1,I-295,,0,38.90373333,-76.94192778,0,33,0,0,1,1,0,4,3,1,0,1,0,0000000,99,99,99,99,99,99,0,0,0,1,1
11,110010,1,1,0,0,0,1,1,1,10,30,4,2013,3,1,26,0,16,6,5TH ST NW,HARVARD ST NW,0,38.92765,-77.02023056,0,33,0,0,3,3,0,4,3,2,0,2,0,0000000,99,99,99,99,99,99,0,0,0,1,1
11,110011,1,1,0,1,1,1,1,1,10,16,5,2013,5,10,0,0,16,6,11TH ST NW,U ST NW,0,38.91699444,-77.02701944,0,9,0,0,2,2,0,1,1,1,0,1,0,0000000,99,99,99,99,99,99,0,0,0,1,0
11,110012,2,2,0,0,0,2,2,1,10,22,5,2013,4,19,44,1,11,1,I-295 N,,0,38.8589,-77.00314722,0,12,7,0,1,1,0,1,3,1,0,1,0,0000000,99,99,99,99,99,99,0,0,0,1,1
11,110013,2,2,0,0,0,5,5,1,10,25,5,2013,7,23,1,0,16,6,23RD ST,CONSTITUTION AVE,0,38.89206944,-77.05012778,0,12,6,0,2,2,0,1,3,1,0,1,0,0000000,99,99,99,99,99,99,0,0,0,1,1
11,110014,1,1,0,1,1,1,1,1,10,16,5,2013,5,22,0,0,16,6,K STREET NW,CONNECTICUT AVE NW,0,38.90247778,-77.03933333,0,8,0,0,2,2,0,1,3,1,0,1,0,0000000,99,99,99,99,99,99,0,0,0,1,0
11,110015,1,1,0,1,1,1,1,1,10,12,6,2013,4,15,12,0,16,6,17TH ST NW,DESALES ST NW,0,38.90470833,-77.03846667,0,8,0,1,2,3,0,1,1,1,0,1,0,0000000,99,99,99,99,99,99,0,0,0,1,0
11,110016,1,1,0,1,1,5,5,1,10,25,7,2013,5,21,16,0,16,6,500 EASTERN AVE NE,61ST AVENUE,0,38.89658611,-76.91418333,0,8,0,0,3,3,0,1,3,1,0,1,0,0000000,99,99,99,99,99,99,0,0,0,1,0
11,110017,3,3,0,0,0,3,3,1,10,29,7,2013,2,10,15,0,16,6,3000 WISCONSIN AVE NW,,99999,38.93085,-77.07278611,0,12,6,0,4,1,0,1,1,1,0,1,0,0000000,99,99,99,99,99,99,0,0,0,1,0
11,110018,2,2,0,1,1,2,2,1,10,8,11,2013,6,18,10,0,16,6,BENNING RD SE,EAST CAPITOL ST SE,99999,38.88963333,-76.93752222,0,8,0,0,2,2,0,1,3,1,0,1,0,0000000,99,99,99,99,99,99,0,0,0,1,0
11,110019,2,2,0,0,0,3,3,1,10,11,11,2013,2,13,0,0,16,6,SUITLAND PKWY SE,FIRTH STERLING AVE SE,0,38.86239167,-76.99772222,0,12,6,0,2,2,0,1,1,1,0,1,0,0000000,99,99,99,99,99,99,0,0,0,1,0
11,110020,1,1,0,0,0,1,1,1,10,30,12,2013,2,23,45,1,11,1,I-295 N,,99999,38.89125278,-76.95513889,0,42,0,0,1,1,0,4,3,1,0,1,0,0000000,99,99,99,99,99,99,0,0,0,1,0
12,120001,1,1,0,0,0,1,1,35,2439,1,1,2013,3,3,30,0,16,6,PACIFIC DRIVE,,0,29.54306667,-81.22310278,0,53,0,0,1,1,0,4,2,1,0,1,0,0000000,99,99,99,99,88,88,0,0,0,1,1
12,120002,1,1,0,0,0,4,4,31,1510,1,1,2013,3,0,0,1,13,2,US-90,,99998,30.28745,-81.48742778,0,33,0,0,1,1,0,4,3,1,0,1,0,0000000,99,99,99,99,99,99,0,0,0,1,1
12,120003,2,2,0,0,0,3,3,31,1510,1,1,2013,3,0,28,1,13,2,US-90,PROFESSIONAL DR,99998,30.32008611,-81.46286667,0,12,6,0,3,3,0,1,3,1,0,1,0,0000000,99,99,99,99,99,99,0,0,0,2,2
12,120004,1,1,0,0,0,1,1,127,825,1,1,2013,3,12,33,0,16,6,DEBARY AVE,JACOB BROCK AVE,0,28.86968333,-81.25596111,0,33,0,0,3,3,0,4,1,1,0,1,0,0000000,99,99,99,99,99,99,0,0,0,1,1
12,120005,1,1,0,1,1,1,1,103,2310,1,1,2013,3,1,56,0,16,3,SR-584,E LAKE WOODLANDS PKWY,0,28.05300278,-82.70003056,0,8,0,0,2,2,0,1,3,1,0,1,0,0000000,99,99,99,99,88,88,0,0,0,1,1
12,120006,2,2,0,0,0,2,2,86,2010,2,1,2013,4,15,25,0,14,3,SR-968,45 AVE,99998,25.77153333,-80.26918889,0,12,1,0,2,3,0,1,1,1,0,1,0,0000000,99,99,99,99,88,88,0,0,0,1,0
12,120007,3,3,0,0,0,6,6,11,790,2,1,2013,4,22,12,1,11,1,I-95,,99998,26.31070556,-80.118325,0,12,7,0,1,1,0,1,3,1,0,1,0,0000000,99,99,99,99,99,99,0,0,0,3,0
12,120008,2,2,0,1,1,2,2,95,0,2,1,2013,4,22,45,1,13,3,SR-436,HANGING MOSS RD,99998,28.579025,-81.30905,0,8,0,0,3,3,0,1,2,10,0,10,0,0000000,99,99,99,99,99,99,0,0,0,1,0
12,120009,1,1,0,1,1,1,1,87,0,2,1,2013,4,19,0,1,13,2,US-1,,99998,24.66975,-81.35801389,0,8,0,0,1,1,0,1,3,1,0,1,0,0000000,99,99,99,99,99,99,0,0,0,1,0
12,120010,1,1,0,1,1,1,1,11,1420,2,1,2013,4,20,4,0,16,6,TAFT ST,68TH AVE,0,26.02446389,-80.22431111,0,8,0,0,3,3,0,1,3,1,0,1,0,0000000,99,99,99,99,88,88,0,0,0,1,0
12,120011,1,1,0,1,1,1,1,99,1920,2,1,2013,4,23,0,0,16,6,45TH ST,,0,26.75311944,-80.07211944,0,8,0,0,1,1,0,1,3,1,0,1,0,0000000,99,99,99,99,99,99,0,0,0,1,0
12,120012,2,2,0,0,0,1,1,101,0,2,1,2013,4,19,18,0,16,6,FORT KING RD,,0,28.31047778,-82.20422778,0,12,1,0,1,1,0,1,2,1,0,1,0,0000000,19,21,19,30,99,99,23,0,0,1,0
12,120013,2,2,0,0,0,3,3,61,0,2,1,2013,4,14,34,1,13,2,US-1,SCHUMANN DR,99998,27.78787778,-80.45516667,0,12,6,0,2,2,0,1,1,1,0,1,0,0000000,99,99,99,99,99,99,0,0,0,1,0
12,120014,2,2,0,0,0,3,3,131,0,3,1,2013,5,0,0,1,2,3,SR-20,CR-81,99998,30.47168056,-85.96285833,0,12,6,0,2,3,0,1,2,10,0,10,0,0000000,99,99,99,99,99,99,0,0,0,1,1
12,120015,1,1,0,1,1,1,1,95,0,3,1,2013,5,6,52,0,6,8,LANDSTREE RD CR,TRUSSWAY BLVD,0,28.43615833,-81.38001111,0,8,0,0,3,3,0,1,2,5,0,5,0,0000000,99,99,99,99,88,88,0,0,0,1,0
12,120016,2,2,0,0,0,4,4,9,0,3,1,2013,5,15,40,0,16,6,WICKHAM RD,STADIUM PKWY,0,28.22961667,-80.73265833,0,12,6,0,2,2,0,1,1,10,0,10,0,0000000,99,99,99,99,99,99,0,0,0,1,1
12,120017,1,1,0,1,1,2,2,127,0,3,1,2013,5,21,17,1,13,2,US-1,,99998,29.33047778,-81.12399167,0,9,0,0,1,1,0,1,3,2,0,2,0,0000000,99,99,99,99,88,88,0,0,0,1,0
12,120018,1,1,0,1,1,2,2,71,0,3,1,2013,5,22,47,0,6,4,CR-78A,ORANGE GROVE BLVD,0,26.66738611,-81.914425,0,8,0,0,3,2,0,1,3,1,0,1,0,0000000,99,99,99,99,88,88,0,0,0,1,0
12,120019,2,2,0,0,0,3,3,71,0,3,1,2013,5,11,30,1,13,2,US-41,SR-78,99998,26.6821,-81.90168056,0,12,6,0,2,2,0,1,1,1,0,1,0,0000000,99,99,99,99,99,99,0,0,0,1,0
12,120020,2,2,0,0,0,3,3,11,760,3,1,2013,5,19,14,1,11,1,I-95,,99998,26.06883333,-80.16596944,0,12,7,0,1,1,0,1,3,1,0,1,0,0000000,99,99,99,99,99,99,0,0,0,1,1
12,120021,1,1,0,1,1,1,1,31,1510,3,1,2013,5,21,45,0,14,3,SR-134,,99998,30.24736111,-81.73287222,0,8,0,0,1,1,0,1,3,10,0,10,0,0000000,99,99,99,99,88,88,0,0,0,1,0
12,120022,1,1,0,0,0,1,1,99,0,3,1,2013,5,15,31,0,6,8,LUCERNE LAKES BLVD,,0,26.60768056,-80.15719444,0,31,0,0,1,1,0,4,1,1,0,1,0,0000000,99,99,99,99,99,99,0,0,0,1,0
12,120023,1,1,0,1,1,1,1,71,457,3,1,2013,5,23,14,0,16,4,CR-884,,0,26.60440556,-81.96122222,0,8,0,0,1,1,0,1,3,1,0,1,0,0000000,99,99,99,99,88,88,0,0,0,1,0
12,120024,1,1,0,0,0,4,4,55,0,4,1,2013,6,9,45,1,13,2,US-27,,99998,27.23833889,-81.33209167,0,34,0,0,1,1,0,5,1,10,0,10,0,0000000,99,99,99,99,99,99,0,0,0,1,0
12,120025,1,1,0,0,0,2,2,95,0,4,1,2013,6,14,58,0,13,3,SR-91,,99998,28.53536944,-81.52903611,0,1,0,1,5,1,0,4,1,10,0,10,0,0000000,99,99,99,99,88,88,0,0,0,1,0
12,120026,2,2,0,0,0,6,6,83,0,4,1,2013,6,17,0,0,6,8,SW 95TH CIR,SW 93 CT RD,0,29.05890278,-82.27643611,0,12,6,1,2,3,0,1,1,1,0,1,0,0000000,99,99,99,99,99,99,0,0,0,1,0
12,120027,1,1,0,0,0,1,1,105,0,4,1,2013,6,0,11,0,6,8,OLD LAKE WILSON RD,,0,28.24528611,-81.56518056,0,42,0,0,1,1,0,4,2,2,0,2,0,0000000,99,99,99,99,99,99,0,0,0,1,1
12,120028,1,1,0,1,1,1,1,61,0,5,1,2013,7,12,9,0,6,8,37TH ST,,0,27.66020278,-80.39924444,0,15,0,0,1,1,0,1,1,1,0,1,0,0000000,99,99,99,99,99,99,0,0,0,1,0
12,120029,1,1,0,0,0,5,5,99,0,5,1,2013,7,19,10,1,12,3,SR-91,,99998,26.63332222,-80.17423611,0,24,0,0,1,1,0,4,5,1,0,1,0,0000000,99,99,99,99,99,99,0,0,0,1,0
12,120030,2,2,0,0,0,2,2,57,2950,5,1,2013,7,20,20,0,16,6,COURTNEY CAMBELL CSWY,,0,27.96872778,-82.57258333,0,12,1,0,1,1,0,1,3,10,0,10,0,0000000,99,99,99,99,99,99,0,0,0,1,1
12,120031,1,1,0,1,1,1,1,95,2360,5,1,2013,7,18,44,0,6,8,ALAFAYA TRL,,0,28.55243056,-81.20485556,0,8,0,0,1,1,0,1,3,10,0,10,0,0000000,99,99,99,99,99,99,0,0,0,1,0
12,120032,1,1,0,0,0,1,1,31,0,6,1,2013,1,5,5,1,11,1,I-95,,99998,30.19331667,-81.55673333,0,59,0,1,19,1,0,4,3,10,0,10,0,0000000,99,99,99,99,88,88,0,0,0,1,0
12,120033,2,2,0,0,0,2,2,133,0,6,1,2013,1,18,44,0,6,8,FALLING WATERS RD,,0,30.72698056,-85.53791667,0,12,2,0,1,1,0,1,2,10,0,10,0,0000000,99,99,99,99,88,88,0,0,0,1,0
12,120034,1,1,0,0,0,1,1,35,0,6,1,2013,1,12,17,0,14,3,SR-A1A,,99998,29.57991944,-81.187625,0,42,0,0,1,1,0,5,1,1,0,1,0,0000000,99,99,99,99,99,99,0,0,0,1,0
12,120035,1,1,0,1,1,3,3,99,0,6,1,2013,1,12,25,1,13,3,SR-808,US-441,99998,26.36778333,-80.17029444,0,8,0,0,2,2,0,1,1,1,0,1,0,0000000,99,99,99,99,99,99,0,0,0,1,0
12,120036,1,1,0,0,0,1,1,57,2950,6,1,2013,1,4,41,0,16,6,LAUREL STREET,,0,27.95609722,-82.5028,0,33,0,0,1,1,0,4,3,1,0,1,0,0000000,99,99,99,99,88,88,0,0,0,1,0
12,120037,2,2,0,0,0,6,6,105,0,6,1,2013,1,17,54,0,6,8,POINCIANA PKWY,LAKE MARION CREEK DR,0,28.06211667,-81.50056944,0,12,6,0,2,2,0,1,5,2,0,2,0,0000000,99,99,99,99,99,99,0,0,0,1,0
12,120038,2,2,0,0,0,7,7,11,760,6,1,2013,1,17,54,0,16,6,RAVENSWOOD RD,,0,26.06861667,-80.16856111,0,12,6,0,8,1,0,1,1,1,0,1,0,0000000,99,99,99,99,99,99,0,0,0,2,1
12,120039,1,1,0,1,1,1,1,73,2940,6,1,2013,1,19,49,1,13,2,US-27,,99998,30.47365278,-84.29364167,0,8,0,0,1,1,0,1,3,10,0,10,0,0000000,99,99,99,99,99,99,0,0,0,1,0
12,120040,1,1,0,1,1,1,1,11,2570,6,1,2013,1,16,50,1,13,2,US-1,ATLANTIC BLVD,99998,26.23187222,-80.10270278,0,9,0,0,3,2,0,1,1,10,0,10,0,0000000,99,99,99,99,99,99,0,0,0,1,0
12,120042,1,1,0,1,1,1,1,39,0,7,1,2013,2,22,55,1,2,2,US-27,,99998,30.57393333,-84.39590278,0,8,0,0,1,1,0,1,3,1,0,1,0,0000000,99,99,99,99,88,88,0,0,0,1,0
12,120043,2,2,0,0,0,3,3,61,3070,7,1,2013,2,13,13,1,13,3,SR-60,36TH AVE,99998,27.638475,-80.42246667,0,12,6,0,2,2,0,1,1,10,0,10,0,0000000,99,99,99,99,99,99,0,0,0,1,0
12,120044,2,2,0,0,0,2,2,81,0,8,1,2013,3,9,37,1,13,3,SR-64,,99998,27.56401944,-82.37591944,0,12,2,0,1,1,0,1,1,1,0,1,0,0000000,9,41,9,53,88,88,0,0,0,1,0
12,120045,1,1,0,1,1,1,1,31,1510,8,1,2013,3,1,53,1,11,1,I-95,,99998,30.18445,-81.55829722,0,8,0,0,1,1,0,1,3,1,0,1,0,0000000,99,99,99,99,88,88,0,0,0,1,1
12,120046,2,2,0,0,0,4,4,81,0,8,1,2013,3,19,5,1,2,3,SR-64,,99998,27.47643333,-82.27888611,0,12,2,0,1,1,0,1,2,1,0,1,0,0000000,99,99,99,99,99,99,0,0,0,2,1
12,120047,1,1,0,1,1,1,1,33,0,8,1,2013,3,22,15,1,13,2,US-90,TONAWANDA DR,99998,30.43891111,-87.28081389,0,8,0,0,2,3,0,1,2,1,0,1,0,0000000,99,99,99,99,88,88,0,0,0,1,0
12,120048,2,2,0,0,0,2,2,105,0,9,1,2013,4,6,19,1,2,3,SR-60,,99998,27.81715833,-81.32931944,0,12,2,0,1,1,0,1,2,10,0,10,0,0000000,99,99,99,99,88,88,0,0,0,2,0
12,120049,2,2,0,0,0,2,2,95,0,9,1,2013,4,0,56,0,6,6,CHASE RD,JACK NICKLAUSE PKWY,0,28.46451111,-81.54221667,0,12,2,0,3,10,0,1,2,1,0,1,0,0000000,99,99,99,99,88,88,0,0,0,1,0
12,120050,1,1,0,0,0,2,2,113,0,9,1,2013,4,21,15,0,14,3,SR-87,,99998,30.72869722,-87.04390833,0,42,0,0,1,1,0,4,2,10,0,10,0,0000000,99,99,99,99,99,99,0,0,0,1,1
12,120051,1,1,0,0,0,1,1,99,2431,10,1,2013,5,4,36,1,13,1,I-95,PGD BLVD,99998,26.84053889,-80.10113056,0,33,0,1,3,3,0,4,3,1,0,1,0,0000000,99,99,99,99,88,88,0,0,0,1,1
12,120052,1,1,0,0,0,1,1,99,330,10,1,2013,5,15,1,0,16,6,SE 28TH CIRCLE,,0,26.50598611,-80.06202778,0,30,0,0,1,1,0,5,1,1,0,1,0,0000000,99,99,99,99,88,88,0,0,0,1,1