STATE,ST_CASE,VE_TOTAL,VE_FORMS,PVH_INVL,PEDS,PERNOTMVIT,PERMVIT,PERSONS,COUNTY,CITY,DAY,MONTH,YEAR,DAY_WEEK,HOUR,MINUTE,NHS,ROAD_FNC,ROUTE,TWAY_ID,TWAY_ID2,MILEPT,LATITUDE,LONGITUD,SP_JUR,HARM_EV,MAN_COLL,RELJCT1,RELJCT2,TYP_INT,WRK_ZONE,REL_ROAD,LGT_COND,WEATHER1,WEATHER2,WEATHER,SCH_BUS,RAIL,NOT_HOUR,NOT_MIN,ARR_HOUR,ARR_MIN,HOSP_HR,HOSP_MN,CF1,CF2,CF3,FATALS,DRUNK_DR
12,120053,1,1,0,0,0,1,1,31,1510,10,1,2013,5,9,55,0,16,6,BARTRAM PARK BLVD,,0,30.1687,-81.5421,0,42,0,0,1,1,0,3,1,1,0,1,0,0000000,99,99,99,99,99,99,0,0,0,1,0
12,120054,2,2,0,0,0,2,2,15,0,10,1,2013,5,15,21,0,6,6,TOLEDO BLADE BLVD,,0,27.00775,-82.16306944,0,12,2,0,1,1,0,1,1,1,0,1,0,0000000,99,99,99,99,99,99,0,0,0,1,0
12,120055,2,2,0,0,0,2,2,86,0,11,1,2013,6,8,20,0,14,3,SR-973,SW 42ND STREET,99998,25.73045278,-80.33573889,0,12,6,1,2,2,0,1,1,1,0,1,0,0000000,99,99,99,99,99,99,0,0,0,1,0
12,120056,1,1,0,1,1,1,1,103,0,11,1,2013,6,16,10,0,6,4,CR-202,,0,27.82121944,-82.75145,0,8,0,0,1,1,0,1,1,1,0,1,0,0000000,16,11,16,15,99,99,0,0,0,1,0
12,120057,1,1,0,1,1,1,1,81,0,11,1,2013,6,18,18,0,16,6,17TH ST,,0,27.52841389,-82.5522,0,8,0,0,1,1,0,1,3,1,0,1,0,0000000,99,99,99,99,99,99,0,0,0,1,0
12,120058,1,1,0,1,1,3,3,31,1510,11,1,2013,6,20,50,1,13,2,US-90,,99998,30.28710278,-81.52386667,0,8,0,0,1,1,0,1,3,1,0,1,0,0000000,99,99,99,99,99,99,0,0,0,1,0
12,120059,2,2,0,0,0,2,2,11,1050,11,1,2013,6,23,22,1,13,3,SR-838,24TH AVE,99998,26.136525,-80.17438889,0,12,6,0,2,2,0,1,3,1,0,1,0,0000000,99,99,99,99,99,99,0,0,0,1,1
12,120060,1,1,0,1,1,1,1,87,1568,12,1,2013,7,0,47,1,13,2,US-1,AVENUE A,99998,25.14443889,-80.39646944,0,8,0,0,2,3,0,1,2,1,0,1,0,0000000,99,99,99,99,88,88,0,0,0,1,1
12,120061,1,1,0,1,1,1,1,31,1510,12,1,2013,7,14,53,1,12,2,US-1,MYRTLE AVE,99998,30.35567778,-81.67589722,0,8,0,1,2,2,0,1,1,1,0,1,0,0000000,99,99,99,99,88,88,0,0,0,1,0
12,120062,2,2,0,0,0,2,2,9,620,12,1,2013,7,16,29,1,12,3,SR-528,,99998,28.40192222,-80.74135556,0,12,1,0,1,1,0,1,1,1,0,1,0,0000000,99,99,99,99,99,99,0,0,0,1,1
12,120063,1,1,0,0,0,1,1,115,0,12,1,2013,7,18,58,1,1,1,I-75,,99998,27.1513,-82.41890278,0,1,0,0,1,1,0,3,2,1,0,1,0,0000000,99,99,99,99,99,99,0,0,0,1,1
12,120064,1,1,0,0,0,4,4,57,0,12,1,2013,7,3,20,1,1,1,I-75,,99998,28.00068056,-82.332875,0,1,0,1,5,1,0,8,3,1,0,1,0,0000000,99,99,99,99,99,99,0,0,0,1,1
12,120065,2,2,0,0,0,2,2,86,0,12,1,2013,7,18,55,1,12,3,SR-112,,99998,25.81249167,-80.22048889,0,12,7,0,1,1,0,1,3,1,0,1,0,0000000,99,99,99,99,99,99,0,0,0,1,1
12,120066,1,1,0,0,0,2,2,33,0,12,1,2013,7,0,25,0,14,3,SR-173,,99998,30.44848611,-87.32703889,0,1,0,0,1,1,0,4,2,1,0,1,0,0000000,99,99,99,99,88,88,0,0,0,2,1
12,120067,1,1,0,1,1,2,2,83,2270,12,1,2013,7,11,5,0,16,6,NW 15TH AVE,730 15TH AVE,0,29.11391111,-82.09061111,0,8,0,0,8,1,0,5,1,1,0,1,0,0000000,99,99,99,99,99,99,0,0,0,1,0
12,120068,2,2,0,0,0,2,2,81,2440,12,1,2013,7,17,58,1,13,2,US-301,12TH AVE E,99998,27.52136389,-82.55243333,0,12,6,0,2,2,0,1,1,1,0,1,0,0000000,99,99,99,99,99,99,0,0,0,1,0
12,120069,1,1,0,0,0,2,2,35,2439,12,1,2013,7,16,25,0,16,6,JASMINE DR,EGRET DR,0,29.53291667,-81.16475556,0,5,0,0,3,6,0,1,1,1,0,1,0,0000000,99,99,99,99,88,88,0,0,0,1,0
12,120070,2,2,0,0,0,4,4,107,0,13,1,2013,1,13,40,1,2,2,US-17,PALMETTO BLUFF RD,99998,29.77547222,-81.64016389,0,12,6,0,8,1,0,1,1,1,0,1,0,0000000,99,99,99,99,99,99,0,0,0,3,0
12,120071,1,1,0,1,1,1,1,86,0,13,1,2013,1,3,35,0,6,8,IVES DAIRY RD,NE 13TH CT,0,25.96488611,-80.17587778,0,9,0,0,3,3,0,1,3,1,0,1,0,0000000,99,99,99,99,88,88,0,0,0,1,0
12,120072,1,1,0,0,0,1,1,9,0,13,1,2013,1,14,46,0,6,4,CR-405,,0,28.527475,-80.77153889,0,3,0,0,1,1,0,5,1,1,0,1,0,0000000,99,99,99,99,88,88,0,0,0,1,0
12,120073,1,1,0,1,1,2,2,69,0,13,1,2013,1,23,21,0,6,4,CR-46A,,0,28.81665278,-81.47099722,0,9,0,0,1,1,0,1,2,1,0,1,0,0000000,99,99,99,99,99,99,0,0,0,1,0
12,120074,1,1,0,1,1,2,2,101,0,14,1,2013,2,20,11,1,13,3,SR-54,ALLEN ROAD,99998,28.22999722,-82.20510556,0,9,0,1,2,2,0,1,2,1,0,1,0,0000000,99,99,99,99,88,88,0,0,0,1,0
12,120075,1,1,0,1,1,1,1,103,0,14,1,2013,2,17,10,0,6,4,CR-611,44TH AVE,0,27.81273056,-82.69979444,0,8,0,0,2,3,0,1,1,10,0,10,0,0000000,17,13,17,20,99,99,0,0,0,1,0
12,120076,1,1,0,0,0,5,5,71,0,14,1,2013,2,6,15,1,2,3,SR-80,,99998,26.71255556,-81.65155833,0,33,0,0,1,1,0,5,2,1,0,1,0,0000000,99,99,99,99,99,99,0,0,0,1,0
12,120077,1,1,0,1,1,1,1,86,2010,14,1,2013,2,8,33,0,14,3,SR-968,,99998,25.77263611,-80.22842778,0,8,0,0,1,1,0,1,1,1,0,1,0,0000000,99,99,99,99,99,99,0,0,0,1,0
12,120078,1,1,0,0,0,1,1,57,0,15,1,2013,3,3,14,0,6,6,78TH ST,,0,27.92955833,-82.36867222,0,30,0,0,1,1,0,4,3,1,0,1,0,0000000,99,99,99,99,99,99,0,0,0,1,0
12,120079,2,2,0,0,0,2,2,101,0,15,1,2013,3,8,35,0,6,8,TAMI TRAIL,KIM LN,0,28.33895,-82.64145,0,12,2,0,2,2,0,1,1,10,0,10,0,0000000,99,99,99,99,99,99,0,0,0,1,0
12,120080,3,3,0,0,0,4,4,115,0,15,1,2013,3,21,51,0,6,6,RIVER RD,,0,27.09498056,-82.34106667,0,12,8,0,1,1,0,1,2,1,0,1,0,0000000,99,99,99,99,99,99,0,0,0,1,1
12,120081,2,2,0,0,0,2,2,9,2424,16,1,2013,4,9,38,1,13,3,SR-507,,99998,28.03521389,-80.62203056,0,12,1,0,1,1,0,1,1,1,0,1,0,0000000,99,99,99,99,88,88,0,0,0,1,0
12,120082,1,1,0,1,1,1,1,57,0,16,1,2013,4,14,45,1,11,1,I-4,,99998,28.00987222,-82.28336389,0,8,0,0,1,1,0,1,1,1,0,1,0,0000000,99,99,99,99,99,99,0,0,0,1,0
12,120083,2,2,0,0,0,3,3,55,0,17,1,2013,5,12,40,1,13,2,US-27,NORTH LAKE DAMON RD,99998,27.63268889,-81.51739444,0,12,6,0,2,3,0,1,1,10,0,10,0,0000000,99,99,99,99,99,99,0,0,0,1,0
12,120084,2,2,0,0,0,2,2,95,0,17,1,2013,5,22,1,1,13,3,SR-50,,99998,28.56855278,-81.26800833,0,59,0,1,19,1,0,3,2,1,0,1,0,0000000,99,99,99,99,88,88,0,0,0,1,0
12,120085,2,2,0,0,0,2,2,71,1070,17,1,2013,5,1,53,1,13,3,SR-884,,99998,26.61256667,-81.81208056,0,12,7,0,1,1,0,1,3,1,0,1,0,0000000,99,99,99,99,99,99,0,0,0,1,2
12,120086,2,2,0,0,0,2,2,127,780,18,1,2013,6,13,18,0,15,3,SR-5A,THIRD ST,99998,29.22465556,-81.04973889,0,12,6,0,2,2,0,1,1,10,0,10,0,0000000,99,99,99,99,99,99,0,0,0,1,0
12,120087,2,1,1,0,0,1,1,57,2950,18,1,2013,6,2,34,0,16,6,NEBRASKA AVE,,0,27.99433611,-82.45112222,0,30,0,0,1,1,0,5,3,1,0,1,0,0000000,99,99,99,99,88,88,14,0,0,1,1
12,120088,1,1,0,0,0,4,4,69,0,18,1,2013,6,18,35,0,3,3,SR-33,,99998,28.53470833,-81.85074167,0,42,0,0,1,1,0,4,2,10,0,10,0,0000000,99,99,99,99,99,99,0,0,0,4,1
12,120089,1,1,0,0,0,1,1,95,0,18,1,2013,6,19,25,1,2,3,SR-50,,99998,28.53611944,-81.02589167,0,59,0,0,1,1,0,4,2,2,0,2,0,0000000,99,99,99,99,88,88,0,0,0,1,0
12,120090,1,1,0,0,0,1,1,99,290,18,1,2013,6,20,55,1,11,1,I-95,82ND ST,99998,26.42054722,-80.09021667,0,25,0,1,19,1,0,4,3,1,0,1,0,0000000,99,99,99,99,88,88,0,0,0,1,1
12,120092,1,1,0,1,1,1,1,31,1510,19,1,2013,7,18,52,0,14,3,SR-115,,99998,30.23363889,-81.40276111,0,8,0,0,1,1,0,1,3,1,0,1,0,0000000,99,99,99,99,99,99,0,0,0,1,0
12,120093,1,1,0,0,0,1,1,59,0,19,1,2013,7,20,50,0,6,4,CR-181,,0,30.73742778,-85.85821667,0,11,0,0,1,1,0,1,2,10,0,10,0,0000000,99,99,99,99,88,88,0,0,0,1,0
12,120094,1,1,0,0,0,2,2,61,0,19,1,2013,7,9,2,1,13,2,US-1,,99998,27.66224167,-80.40448889,0,42,0,0,1,1,0,5,1,10,0,10,0,0000000,99,99,99,99,99,99,0,0,0,1,0
12,120095,1,1,0,0,0,1,1,19,0,19,1,2013,7,23,40,1,13,3,SR-21,,99998,30.12506667,-81.79533611,0,33,0,0,1,1,0,3,3,1,0,1,0,0000000,99,99,99,99,99,99,0,0,0,1,1
12,120096,1,1,0,0,0,2,2,81,0,20,1,2013,1,4,35,1,13,2,US-41,,99998,27.4625,-82.59387222,0,30,0,0,1,1,0,4,3,1,0,1,0,0000000,99,99,99,99,88,88,0,0,0,2,1
12,120097,1,1,0,0,0,1,1,99,290,20,1,2013,1,7,15,1,11,1,I-95,,99998,26.3682,-80.11861111,0,1,0,1,20,1,0,1,1,1,0,1,0,0000000,99,99,99,99,88,88,0,0,0,1,0
12,120098,1,1,0,0,0,1,1,95,0,20,1,2013,1,11,56,1,12,3,SR-408,,99998,28.54602222,-81.42415556,0,24,0,0,1,1,0,4,1,1,0,1,0,0000000,99,99,99,99,99,99,0,0,0,1,0
12,120099,2,2,0,0,0,2,2,15,0,20,1,2013,1,14,40,0,6,4,CR-776,,0,26.96683611,-82.05261389,0,12,2,0,1,1,0,1,1,1,0,1,0,0000000,99,99,99,99,99,99,0,0,0,1,0
12,120100,1,1,0,0,0,4,4,111,0,20,1,2013,1,17,0,1,11,1,I-95,,99998,27.39111944,-80.39863889,0,1,0,0,1,1,0,1,1,1,0,1,0,0000000,99,99,99,99,99,99,0,0,0,1,0
12,120101,1,1,0,1,1,1,1,5,0,20,1,2013,1,18,5,0,6,8,JOAN AVE,,0,30.17923889,-85.70146389,0,8,0,0,1,1,0,1,3,1,0,1,0,0000000,99,99,99,99,88,88,0,0,0,1,1
12,120102,2,2,0,0,0,5,5,86,2010,21,1,2013,2,20,25,0,16,6,21ST AVE,20TH ST,0,25.79455278,-80.22938333,0,12,6,0,2,2,0,1,3,1,0,1,0,0000000,99,99,99,99,99,99,0,0,0,1,0
12,120103,1,1,0,1,1,1,1,69,960,21,1,2013,2,19,55,1,13,3,SR-19,CITRUS AVE,99998,28.85180278,-81.68357222,0,8,0,0,3,2,0,1,3,1,0,1,0,0000000,99,99,99,99,99,99,0,0,0,1,0
12,120105,4,4,0,0,0,5,5,73,0,22,1,2013,3,13,54,0,6,6,MAHAN DR,PEDRICK RD,0,30.47633611,-84.18270556,0,12,1,0,3,7,1,1,1,10,0,10,0,0000000,99,99,99,99,99,99,0,0,0,1,0
12,120106,1,1,0,0,0,1,1,63,0,22,1,2013,3,21,15,0,6,8,MERRITT MILL RD,,0,30.76358889,-85.19178889,0,42,0,0,1,1,0,4,2,1,0,1,0,0000000,99,99,99,99,88,88,0,0,0,1,1
12,120107,1,1,0,1,1,2,2,1,0,23,1,2013,4,2,30,1,11,1,I-75,,99998,29.66845,-82.42641944,0,8,0,0,1,1,0,1,2,1,0,1,0,0000000,99,99,99,99,88,88,0,0,0,1,0
12,120108,1,1,0,0,0,2,2,33,0,23,1,2013,4,13,25,0,6,8,MASSACHUSETTS AVE,,0,30.45419444,-87.25523611,0,42,0,0,1,1,0,4,1,1,0,1,0,0000000,99,99,99,99,88,88,0,0,0,2,0
12,120109,2,2,0,0,0,4,4,61,0,23,1,2013,4,19,56,1,13,2,US-1,BARBER ST,99998,27.76909444,-80.44513333,0,12,6,0,2,2,0,1,3,1,0,1,0,0000000,99,99,99,99,99,99,0,0,0,2,0
12,120110,1,1,0,0,0,1,1,77,0,23,1,2013,4,23,10,0,6,4,CR-67,,0,30.35070278,-84.87305833,0,42,0,0,1,1,0,4,2,1,0,1,0,0000000,99,99,99,99,88,88,0,0,0,1,1
12,120111,2,2,0,0,0,3,3,103,0,23,1,2013,4,18,33,1,13,2,US-19,WALSINGHAM RD,99998,27.88004722,-82.78716667,0,12,6,0,2,2,0,1,3,1,0,1,0,0000000,99,99,99,99,99,99,0,0,0,1,0
12,120112,3,3,0,0,0,3,3,113,0,23,1,2013,4,17,20,0,3,3,SR-87,,99998,30.87975278,-87.05238333,0,12,1,0,1,1,0,1,1,1,0,1,0,0000000,99,99,99,99,99,99,0,0,0,1,0
12,120113,1,1,0,1,1,1,1,86,2010,23,1,2013,4,15,30,0,16,6,17TH ST,17TH AVE,0,25.79106389,-80.22316667,0,8,0,0,3,3,0,1,1,1,0,1,0,0000000,99,99,99,99,99,99,0,0,0,1,0
12,120114,1,1,0,0,0,1,1,71,0,23,1,2013,4,15,58,0,6,6,SUMMERLIN RD,,0,26.56256667,-81.88396944,0,30,0,0,1,1,0,4,1,1,0,1,0,0000000,99,99,99,99,99,99,0,0,0,1,0
12,120115,1,1,0,0,0,1,1,57,0,24,1,2013,5,3,15,1,1,1,I-275,,99998,27.94555,-82.32948056,0,26,0,1,5,1,0,8,2,1,0,1,0,0000000,99,99,99,99,88,88,0,0,0,1,1
12,120116,2,2,0,0,0,3,3,75,0,24,1,2013,5,19,25,0,6,8,55TH AVE,,0,29.43434722,-82.86393056,0,12,6,0,8,1,0,1,2,1,0,1,0,0000000,99,99,99,99,99,99,0,0,0,1,0
12,120117,1,1,0,0,0,3,3,45,0,24,1,2013,5,21,0,0,6,8,CR-386,,0,29.96184167,-85.37963889,0,1,0,0,1,1,0,4,2,1,0,1,0,0000000,99,99,99,99,99,99,0,0,0,1,1
12,120118,1,1,0,1,1,1,1,127,0,25,1,2013,6,4,32,1,2,2,US-92,I-4,99998,29.14584167,-81.11603056,0,8,0,1,18,1,2,1,2,1,0,1,0,0000000,99,99,99,99,88,88,0,0,0,1,0
12,120119,2,2,0,0,0,2,2,91,0,25,1,2013,6,12,0,1,13,2,US-98,SEVILLE COURT,99998,30.41134722,-86.75523333,0,12,6,1,2,2,0,1,1,1,0,1,0,0000000,99,99,99,99,88,88,0,0,0,1,0
12,120120,1,1,0,0,0,1,1,99,1750,25,1,2013,6,15,59,1,11,1,I-95,,99998,26.60866389,-80.06836111,0,46,0,1,5,1,0,4,1,1,0,1,0,0000000,99,99,99,99,99,99,19,0,0,1,1
12,120121,2,2,0,0,0,3,3,89,0,25,1,2013,6,16,0,0,6,4,CR-119,,0,30.39933889,-82.00518611,0,1,0,0,1,1,0,1,1,10,0,10,0,0000000,99,99,99,99,99,99,14,0,0,1,0
12,120122,2,2,0,0,0,2,2,95,1895,25,1,2013,6,19,7,1,11,1,I-4,,99998,28.63095,-81.3878,0,5,0,1,19,1,0,4,3,1,0,1,0,0000000,99,99,99,99,99,99,0,0,0,1,0
12,120123,1,1,0,1,1,1,1,81,0,25,1,2013,6,20,7,1,13,2,US-41,23RD ST,99998,27.53478333,-82.56159722,0,8,0,0,3,3,0,1,3,1,0,1,0,0000000,99,99,99,99,88,88,0,0,0,1,0
12,120124,2,2,0,1,1,3,3,109,0,25,1,2013,6,23,7,1,1,1,I-95,,99998,29.75228333,-81.34821944,0,12,2,1,18,1,0,1,3,1,0,1,0,0000000,99,99,99,99,99,99,19,0,0,1,0
12,120125,2,2,0,0,0,2,2,33,0,25,1,2013,6,12,56,1,13,2,US-29,VAN PELT LN,99998,30.47215278,-87.24605556,0,12,6,0,2,2,0,1,1,1,0,1,0,0000000,99,99,99,99,99,99,0,0,0,1,0
12,120126,1,1,0,1,1,1,1,95,70,25,1,2013,6,19,7,0,16,6,PARK AVE,NIGHTINGALE ST,0,28.69551111,-81.50931667,0,8,0,0,2,3,0,1,2,1,0,1,0,0000000,99,99,99,99,99,99,0,0,0,1,0
12,120127,2,2,0,0,0,2,2,15,0,26,1,2013,7,15,11,0,16,6,VETERANS BLVD,NORMAN ST,0,27.03192778,-82.06208056,0,12,6,0,2,3,0,1,1,1,0,1,0,0000000,99,99,99,99,99,99,0,0,0,1,0
12,120128,1,1,0,0,0,1,1,127,0,26,1,2013,7,15,15,0,16,6,OLD DIXIE HWY,,0,29.37081389,-81.126625,0,1,0,0,1,1,0,4,1,1,0,1,0,0000000,99,99,99,99,88,88,0,0,0,1,0
12,120129,1,1,0,0,0,2,2,127,0,26,1,2013,7,16,55,1,2,3,SR-44,,99998,29.01852222,-81.10418056,0,35,0,0,1,1,0,4,5,1,0,1,0,0000000,99,99,99,99,99,99,0,0,0,1,1
12,120130,2,2,0,0,0,2,2,95,0,26,1,2013,7,0,53,0,6,6,TAFT VINELAND RD,,0,28.42136667,-81.39436111,0,12,6,0,1,1,0,1,2,1,0,1,0,0000000,99,99,99,99,99,99,0,0,0,1,1
12,120131,1,1,0,1,1,1,1,27,0,26,1,2013,7,5,15,1,13,2,US-17,,99998,27.17221944,-81.87538333,0,8,0,0,1,1,0,2,2,1,0,1,0,0000000,99,99,99,99,88,88,0,0,0,1,0
12,120132,1,1,0,0,0,1,1,99,0,26,1,2013,7,21,2,1,13,3,SR-710,,99998,26.84090833,-80.19887222,0,1,0,0,1,1,0,4,2,1,0,1,0,0000000,99,99,99,99,99,99,0,0,0,1,1
12,120133,2,2,0,0,0,2,2,11,2916,27,1,2013,1,7,54,0,16,6,W OAKLAND PARK BLVD,JOSH LEE BLVD,0,26.16918889,-80.29373889,0,12,6,0,2,2,0,1,1,1,0,1,0,0000000,99,99,99,99,99,99,0,0,0,1,1
12,120134,1,1,0,0,0,1,1,95,0,27,1,2013,1,8,23,1,13,3,SR-436,,99998,28.58273889,-81.30694722,0,35,0,0,1,1,0,4,1,1,0,1,0,0000000,99,99,99,99,88,88,0,0,0,1,0
12,120135,2,2,0,0,0,2,2,21,0,27,1,2013,1,8,53,0,6,6,IMMOKALEE DR,NORTH 9TH STREET,0,26.42541389,-81.42558333,0,12,6,0,2,2,0,1,1,1,0,1,0,0000000,99,99,99,99,99,99,0,0,0,1,1
12,120136,1,1,0,0,0,1,1,59,0,27,1,2013,1,11,3,0,4,3,SR-81,,99998,30.9009,-85.95531111,0,31,0,0,1,1,0,4,1,1,0,1,0,0000000,99,99,99,99,88,88,0,0,0,1,0
12,120137,1,1,0,0,0,1,1,57,2950,27,1,2013,1,11,4,1,1,1,I-4,,99998,27.96468889,-82.45266389,0,25,0,0,1,1,0,4,1,1,0,1,0,0000000,99,99,99,99,88,88,0,0,0,1,0
12,120138,3,3,0,0,0,7,7,11,2468,27,1,2013,1,18,54,1,13,3,SR-820,,99998,26.00786389,-80.3169,0,12,1,0,1,1,0,1,3,1,0,1,0,0000000,99,99,99,99,99,99,0,0,0,1,1
12,120139,2,2,0,0,0,2,2,57,0,27,1,2013,1,19,35,1,13,2,US-301,,99998,28.06077778,-82.30903611,0,12,2,0,1,1,0,1,2,1,0,1,0,0000000,99,99,99,99,99,99,0,0,0,1,1
12,120140,1,1,0,0,0,1,1,113,0,27,1,2013,1,13,3,0,6,8,CR-191A,,0,30.60174722,-87.05992222,0,1,0,0,1,1,0,1,1,10,0,10,0,0000000,99,99,99,99,99,99,0,0,0,1,0
12,120141,2,2,0,0,0,3,3,57,2950,27,1,2013,1,20,0,0,16,6,HILLSBOROUGH AVE,,0,27.99621944,-82.51510278,0,12,99,0,1,1,0,1,3,1,0,1,0,0000000,99,99,99,99,99,99,0,0,0,1,1
12,120142,2,2,0,0,0,2,2,127,2240,28,1,2013,2,0,38,0,16,6,INDIAN HARBOR AVE,,0,28.89961667,-80.86169167,0,12,1,0,1,1,0,1,3,1,0,1,0,0000000,99,99,99,99,88,88,0,0,0,1,2
12,120143,1,1,0,0,0,2,2,71,1070,28,1,2013,2,3,0,0,16,6,MCGREGOR BLVD,,0,26.61338056,-81.88415278,0,42,0,0,1,1,0,4,3,1,0,1,0,0000000,99,99,99,99,99,99,0,0,0,1,1
12,120144,1,1,0,0,0,1,1,69,0,2,1,2013,4,11,0,0,14,3,SR-19,,99998,28.89906389,-81.68683611,0,59,0,0,1,1,0,4,1,1,0,1,0,0000000,11,0,11,7,99,99,0,0,0,1,0
12,120145,1,1,0,1,1,3,3,71,457,4,1,2013,6,22,20,0,16,6,DEL PRADO BLVD,CORAL POINT DR,0,26.62216111,-81.94076389,0,8,0,0,2,2,0,1,3,1,0,1,0,0000000,99,99,99,99,99,99,0,0,0,1,0
12,120146,2,2,0,0,0,3,3,99,0,8,1,2013,3,10,41,0,6,6,SEMINOLE PRATT WHITNEY RD,SEMINOLE RIDGE DR,0,26.74598889,-80.30766667,0,12,6,0,2,3,0,1,1,2,0,2,0,0000000,99,99,99,99,99,99,0,0,0,1,0
12,120147,2,2,0,0,0,2,2,11,2541,11,1,2013,6,7,12,0,16,6,S PINE ISLAND RD,N NEW RIVER CANAL RD,0,26.10503333,-80.26481667,0,12,6,0,2,2,0,1,1,1,0,1,0,0000000,99,99,99,99,88,88,0,0,0,1,0
12,120148,2,2,0,0,0,3,3,53,0,12,1,2013,7,23,30,0,6,8,NORTHCLIFFE BLVD,GERANIUM AVE,0,28.50211111,-82.56870556,0,12,6,0,2,2,0,1,3,1,0,1,0,0000000,99,99,99,99,88,88,0,0,0,1,0
12,120149,2,2,0,0,0,2,2,105,0,15,1,2013,3,14,4,0,6,8,ROCKRIDGE RD,RANCHLAND DR,0,28.21750833,-81.98226389,0,12,6,0,2,3,0,1,1,1,0,1,1,0000000,99,99,99,99,88,88,0,0,0,1,1
12,120150,2,2,0,0,0,6,6,21,0,21,1,2013,2,8,27,1,1,1,I-75,,99998,26.15331944,-81.46080278,0,12,1,0,1,1,0,1,1,5,0,5,0,0000000,99,99,99,99,99,99,0,0,0,3,0
12,120152,2,2,0,0,0,2,2,97,0,28,1,2013,2,5,47,0,6,4,CR-545,,0,28.31039167,-81.590725,0,5,0,0,1,1,0,4,2,10,0,10,0,0000000,99,99,99,99,88,88,0,0,0,1,0
12,120153,1,1,0,0,0,1,1,127,0,28,1,2013,2,6,58,1,11,1,I-4,,99998,29.13998611,-81.11243333,0,1,0,0,1,1,0,1,4,1,0,1,0,0000000,99,99,99,99,88,88,0,0,0,1,0
12,120154,1,1,0,1,1,1,1,91,0,28,1,2013,2,12,15,0,3,3,SR-189,,99998,30.81863889,-86.67676944,0,9,0,0,1,1,0,2,1,1,0,1,0,0000000,99,99,99,99,88,88,0,0,0,1,0
12,120155,1,1,0,0,0,1,1,127,0,28,1,2013,2,14,30,1,2,3,SR-44,,99998,29.02584444,-81.19435278,0,1,0,0,1,1,0,1,1,1,0,1,0,0000000,99,99,99,99,99,99,0,0,0,1,0
12,120156,1,1,0,2,2,2,2,71,0,28,1,2013,2,18,19,0,16,4,CR-865,,0,26.40968333,-81.89838611,0,8,0,0,1,1,0,1,3,1,0,1,0,0000000,99,99,99,99,99,99,0,0,0,1,0
12,120157,1,1,0,1,1,2,2,83,0,28,1,2013,2,20,18,1,13,3,SR-200,STEEPLECHASE PLAZA,99998,29.07596667,-82.26055833,0,8,0,0,3,2,0,1,3,1,0,1,0,0000000,99,99,99,99,99,99,0,0,0,1,0
12,120158,2,2,0,0,0,2,2,75,0,29,1,2013,3,6,20,0,3,2,US-129,CR-346A,99998,29.562275,-82.82303889,0,12,6,0,2,2,0,1,2,1,0,1,0,0000000,99,99,99,99,99,99,0,0,0,1,0
12,120159,1,1,0,1,1,1,1,117,0,29,1,2013,3,6,35,0,16,4,CR-426,,0,28.70459167,-81.12975833,0,9,0,0,1,1,0,1,2,1,0,1,0,0000000,99,99,99,99,99,99,0,0,0,1,0
12,120160,1,1,0,1,1,1,1,71,0,30,1,2013,4,6,18,0,16,6,JUDD RD,,0,26.67765556,-81.89806667,0,8,0,0,1,1,0,1,2,1,0,1,0,0000000,99,99,99,99,99,99,0,0,0,1,0
12,120162,1,1,0,1,1,1,1,127,780,30,1,2013,4,2,13,1,13,2,US-92,,99998,29.22116389,-81.00853056,0,9,0,0,1,1,0,1,3,1,0,1,0,0000000,99,99,99,99,88,88,0,0,0,1,0
12,120163,3,2,1,0,0,2,2,93,0,31,1,2013,5,0,30,1,2,3,SR-710,,99998,27.23688333,-80.78115278,0,14,0,0,1,1,0,2,2,1,0,1,0,0000000,99,99,99,99,88,88,0,0,0,1,1
12,120164,1,1,0,1,1,1,1,57,0,31,1,2013,5,21,15,1,13,2,US-92,,99998,27.99866667,-82.31901944,0,8,0,0,1,1,0,1,3,1,0,1,0,0000000,21,15,21,19,88,88,0,0,0,1,0
12,120165,3,3,0,1,1,4,4,86,0,31,1,2013,5,20,45,1,11,1,I-95,,99998,25.92426111,-80.20978611,0,8,0,1,18,1,0,1,2,1,0,1,0,0000000,99,99,99,99,88,88,0,0,0,1,0
12,120166,2,2,0,0,0,2,2,11,2570,31,1,2013,5,22,17,0,14,3,SR-811,SW 18TH ST,99998,26.20743889,-80.13274167,0,12,6,0,2,3,0,1,3,1,0,1,0,0000000,99,99,99,99,88,88,0,0,0,2,1
12,120167,1,1,0,0,0,2,2,111,0,1,2,2013,6,11,55,1,12,3,SR-91,,99998,27.21991667,-80.33853611,0,30,0,0,1,1,0,4,1,1,0,1,0,0000000,99,99,99,99,99,99,0,0,0,1,0
12,120168,1,1,0,0,0,1,1,29,0,1,2,2013,6,20,30,0,6,6,NE 209TH AVE,,0,29.64204167,-83.02440556,0,42,0,0,1,1,0,4,2,1,0,1,0,0000000,99,99,99,99,99,99,0,0,0,1,1
12,120169,2,2,0,0,0,2,2,86,2010,2,2,2013,7,4,45,1,2,2,US-27,,99998,25.94188333,-80.43068056,0,12,1,0,1,1,0,1,3,1,0,1,0,0000000,99,99,99,99,88,88,0,0,0,1,0