STATE,ST_CASE,VE_TOTAL,VE_FORMS,PVH_INVL,PEDS,PERNOTMVIT,PERMVIT,PERSONS,COUNTY,CITY,DAY,MONTH,YEAR,DAY_WEEK,HOUR,MINUTE,NHS,ROAD_FNC,ROUTE,TWAY_ID,TWAY_ID2,MILEPT,LATITUDE,LONGITUD,SP_JUR,HARM_EV,MAN_COLL,RELJCT1,RELJCT2,TYP_INT,WRK_ZONE,REL_ROAD,LGT_COND,WEATHER1,WEATHER2,WEATHER,SCH_BUS,RAIL,NOT_HOUR,NOT_MIN,ARR_HOUR,ARR_MIN,HOSP_HR,HOSP_MN,CF1,CF2,CF3,FATALS,DRUNK_DR
12,120170,1,1,0,0,0,1,1,9,2424,2,2,2013,7,11,57,0,16,6,LAMPLIGHTER DR,,0,28.02859167,-80.70751111,0,43,0,0,1,1,0,4,1,1,0,1,0,0000000,99,99,99,99,88,88,0,0,0,1,1
12,120171,1,1,0,0,0,1,1,91,0,2,2,2013,7,17,15,0,3,3,SR-4,,99998,30.81653333,-86.71485278,0,32,0,0,1,1,0,4,2,1,0,1,0,0000000,99,99,99,99,88,88,0,0,0,1,0
12,120172,1,1,0,1,1,1,1,99,0,2,2,2013,7,21,45,0,6,8,LYONS RD,,0,26.37155,-80.18643333,0,8,0,0,1,1,0,1,3,1,0,1,0,0000000,99,99,99,99,99,99,0,0,0,1,0
12,120173,1,1,0,0,0,1,1,31,1510,2,2,2013,7,23,22,0,16,6,VALLEY RIDGE BLVD,,0,30.3161,-81.4679,0,1,0,0,1,1,0,1,3,1,0,1,0,0000000,99,99,99,99,88,88,0,0,0,1,1
12,120174,1,1,0,0,0,1,1,79,0,3,2,2013,1,5,20,0,3,3,SR-6,,99998,30.47195833,-83.30007778,0,35,0,0,1,1,0,4,2,1,0,1,0,0000000,99,99,99,99,99,99,0,0,0,1,1
12,120175,3,3,0,0,0,4,4,11,2083,3,2,2013,1,5,20,1,11,1,I-75,,99998,26.00936944,-80.34057222,0,12,1,0,1,1,0,1,3,1,0,1,0,0000000,99,99,99,99,88,88,0,0,0,1,0
12,120176,2,2,0,0,0,4,4,105,1690,3,2,2013,1,14,54,0,16,6,UNIVERSITY BLVD,,0,28.13509444,-81.89969167,0,12,2,0,1,1,0,1,1,1,0,1,0,0000000,99,99,99,99,99,99,0,0,0,2,0
12,120177,1,1,0,0,0,1,1,105,0,3,2,2013,1,19,5,0,6,8,CR-37A,,0,27.96748056,-81.94993333,0,33,0,0,1,1,0,4,2,1,0,1,0,0000000,99,99,99,99,99,99,0,0,0,1,1
12,120178,1,1,0,1,1,1,1,11,2916,3,2,2013,1,21,10,0,16,6,SUNSET STRIP,,0,26.15333056,-80.23370556,0,9,0,0,1,1,0,1,3,1,0,1,0,0000000,99,99,99,99,88,88,0,0,0,1,0
12,120179,2,2,0,0,0,4,4,69,0,4,2,2013,2,8,50,0,3,3,SR-19,CR-455,99998,28.67291389,-81.77933333,0,12,6,0,2,3,0,1,1,1,0,1,0,0000000,99,99,99,99,99,99,0,0,0,1,0
12,120180,2,2,0,0,0,2,2,55,0,4,2,2013,2,13,12,0,16,4,CR-17,,0,27.39185556,-81.39825278,0,12,2,0,1,1,0,1,1,1,0,1,0,0000000,99,99,99,99,99,99,0,0,0,1,1
12,120181,1,1,0,0,0,1,1,71,457,4,2,2013,2,14,3,0,16,6,ACADEMY BLVD,,0,26.61043056,-81.95932222,0,30,0,0,1,1,0,4,1,1,0,1,0,0000000,99,99,99,99,88,88,0,0,0,1,0
12,120182,1,1,0,0,0,4,4,99,1760,4,2,2013,2,2,42,0,13,6,S. BROADWAY ST,,99998,26.57207222,-80.05783056,0,42,0,0,1,1,0,4,3,1,0,1,0,0000000,99,99,99,99,99,99,0,0,0,1,1
12,120183,2,2,0,0,0,2,2,1,1130,4,2,2013,2,5,25,1,13,3,SR-24,E UNIVERSITY AVE,99998,29.65193889,-82.31126944,0,12,6,0,2,2,0,1,3,1,0,1,0,0000000,99,99,99,99,99,99,0,0,0,1,2
12,120184,1,1,0,0,0,2,2,87,0,4,2,2013,2,0,19,0,6,4,CR-905,,0,25.22896111,-80.32833611,0,42,0,0,1,1,0,4,2,1,0,1,0,0000000,99,99,99,99,88,88,0,0,0,2,1
12,120185,1,1,0,0,0,2,2,113,0,4,2,2013,2,21,50,0,6,8,HAZEL GODWIN RD,,0,30.88778889,-87.20873056,0,42,0,0,1,1,0,4,2,2,0,2,0,0000000,99,99,99,99,99,99,0,0,0,1,1
12,120186,1,1,0,0,0,3,3,81,0,4,2,2013,2,17,20,0,6,8,DANKIN LN,,0,27.32267222,-82.13008333,0,34,0,0,1,1,0,4,5,1,0,1,0,0000000,99,99,99,99,99,99,0,0,0,1,1
12,120187,1,1,0,0,0,1,1,95,2360,5,2,2013,3,12,2,0,16,6,TRADEPORT DR,,0,28.41038333,-81.34564167,0,33,0,0,1,1,0,4,1,1,0,1,0,0000000,99,99,99,99,88,88,0,0,0,1,0
12,120188,1,1,0,1,1,1,1,105,0,6,2,2013,4,2,43,0,6,8,COUNTY LINE RD,,0,27.98973333,-82.05578889,0,8,0,0,1,1,0,1,2,1,0,1,0,0000000,99,99,99,99,88,88,0,0,0,1,0
12,120189,2,2,0,0,0,2,2,127,0,6,2,2013,4,5,5,1,13,2,US-17,,99998,29.08843611,-81.32586667,0,12,6,0,1,1,0,1,2,10,0,10,0,0000000,99,99,99,99,99,99,0,0,0,1,1
12,120190,2,2,0,2,2,2,2,127,0,6,2,2013,4,19,0,0,6,4,CR-4164,,0,28.84649444,-81.15664167,0,8,0,0,1,1,0,1,2,1,0,1,0,0000000,99,99,99,99,99,99,0,0,0,1,0
12,120191,2,2,0,0,0,2,2,127,0,7,2,2013,5,17,40,1,2,3,SR-11,,99998,29.12658611,-81.28537222,0,12,2,0,1,1,0,1,1,10,0,10,0,0000000,99,99,99,99,99,99,0,0,0,1,2
12,120192,3,3,0,0,0,3,3,11,1420,7,2,2013,5,0,21,1,13,2,US-441,SHERIDAN ST,99998,26.03232222,-80.20838889,0,12,1,0,3,2,0,1,3,1,0,1,0,0000000,99,99,99,99,99,99,0,0,0,1,1
12,120193,2,2,0,0,0,4,4,53,0,7,2,2013,5,16,47,0,6,4,CR-578,WATERFALL DR,0,28.43390278,-82.58244444,0,12,6,0,2,2,0,1,1,10,0,10,0,0000000,99,99,99,99,99,99,0,0,0,1,1
12,120194,1,1,0,1,1,2,2,81,0,7,2,2013,5,18,39,1,13,2,US-41,,99998,27.44255833,-82.57538889,0,8,0,0,1,1,0,1,2,2,0,2,0,0000000,99,99,99,99,99,99,0,0,0,1,0
12,120195,2,2,0,0,0,2,2,81,0,8,2,2013,6,7,28,1,13,2,US-41,,99998,27.39093056,-82.56023333,0,12,6,0,1,1,0,1,1,10,0,10,0,0000000,99,99,99,99,99,99,0,0,0,1,0
12,120196,2,2,0,0,0,2,2,97,0,8,2,2013,6,10,10,1,2,2,US-192,US-441,99998,28.14511944,-81.07512222,0,12,6,0,2,2,0,1,1,1,0,1,0,0000000,99,99,99,99,99,99,0,0,0,1,0
12,120197,1,1,0,0,0,1,1,99,0,8,2,2013,6,13,50,0,6,4,CR-717,,0,26.66795,-80.71816944,0,3,0,0,1,1,0,5,1,1,0,1,0,0000000,99,99,99,99,99,99,0,0,0,1,0
12,120198,1,1,0,0,0,1,1,57,0,8,2,2013,6,20,49,0,6,8,HAGADORN RD,,0,27.85745,-82.33501389,0,34,0,0,1,1,0,4,2,1,0,1,0,0000000,99,99,99,99,99,99,0,0,0,1,1
12,120199,1,1,0,1,1,1,1,33,0,8,2,2013,6,18,30,1,13,3,SR-295,JACKSON ST,99998,30.41687222,-87.27601389,0,8,0,0,3,2,0,1,5,10,0,10,0,0000000,99,99,99,99,88,88,0,0,0,1,0
12,120200,4,4,0,0,0,7,7,31,1510,8,2,2013,6,11,15,1,13,3,SR-134,RICKER RD,99998,30.24834167,-81.77286944,0,12,1,0,2,2,0,1,1,1,0,1,0,0000000,99,99,99,99,99,99,0,0,0,1,0
12,120201,2,2,0,0,0,3,3,51,0,9,2,2013,7,3,41,1,2,3,SR-80,,99998,26.76831389,-81.23896389,0,12,8,0,1,1,0,1,2,5,0,5,0,0000000,99,99,99,99,99,99,0,0,0,1,1
12,120202,3,3,0,0,0,6,6,71,0,9,2,2013,7,11,35,0,6,8,COLLEGE PKWY,WHISKEY CREEK DR,0,26.55694444,-81.88872778,0,12,6,0,2,2,0,1,1,1,0,1,0,0000000,99,99,99,99,99,99,0,0,0,1,0
12,120203,1,1,0,0,0,1,1,11,2083,25,1,2013,6,17,25,1,11,1,I-75,,99998,25.97238611,-80.35281667,0,1,0,0,1,1,0,4,1,1,0,1,0,0000000,99,99,99,99,99,99,0,0,0,1,0
12,120204,2,2,0,0,0,3,3,86,0,31,1,2013,5,12,0,1,13,2,US-41,89TH AVE,99998,25.76188611,-80.33811944,0,12,6,0,2,3,0,1,1,10,0,10,0,0000000,99,99,99,99,99,99,0,0,0,2,0
12,120205,1,1,0,0,0,2,2,105,1740,2,2,2013,7,5,18,1,13,3,SR-60,,99998,27.89400556,-81.5764,0,1,0,0,1,1,0,4,3,1,0,1,0,0000000,99,99,99,99,99,99,0,0,0,1,1
12,120206,2,2,0,0,0,2,2,61,0,9,2,2013,7,17,30,0,6,6,12TH STREET,,0,27.62364722,-80.40974722,0,12,6,0,8,1,0,1,1,1,0,1,0,0000000,99,99,99,99,99,99,0,0,0,1,0
12,120207,2,2,0,1,1,4,4,83,0,9,2,2013,7,20,22,1,13,3,SR-200,STEEPLECHASE ENTRANCE,99998,29.075925,-82.26069444,0,8,0,0,2,2,0,1,2,1,0,1,0,0000000,99,99,99,99,88,88,0,0,0,1,0
12,120208,1,1,0,0,0,4,4,115,0,9,2,2013,7,22,5,1,1,1,I-75,,99998,27.200525,-82.44143611,0,1,0,0,1,1,0,1,2,1,0,1,0,0000000,99,99,99,99,99,99,0,0,0,1,0
12,120209,1,1,0,0,0,2,2,127,0,9,2,2013,7,23,20,0,6,8,SAMSULA DR,,0,29.04061111,-81.05086111,0,34,0,0,1,1,0,4,3,1,0,1,0,0000000,99,99,99,99,99,99,0,0,0,1,1
12,120211,2,2,0,0,0,5,5,111,0,10,2,2013,1,4,55,1,11,1,I-95,,99998,27.47940278,-80.43297778,0,12,1,0,1,1,1,1,2,1,0,1,0,0000000,99,99,99,99,99,99,0,0,0,2,0
12,120212,1,1,0,0,0,1,1,95,2360,10,2,2013,1,7,11,1,11,1,I-4,,99998,28.46558056,-81.46436389,0,42,0,1,19,1,0,4,9,99,0,99,0,0000000,99,99,99,99,88,88,0,0,0,1,1
12,120213,2,2,0,0,0,2,2,95,2360,10,2,2013,1,13,43,1,1,1,I-4,,99998,28.50476944,-81.42295,0,12,6,0,1,1,0,1,1,1,0,1,0,0000000,99,99,99,99,99,99,0,0,0,1,0
12,120214,1,1,0,0,0,1,1,33,0,10,2,2013,1,3,0,0,6,4,CR-4,,0,30.96024444,-87.386125,0,32,0,0,1,1,0,4,2,1,0,1,0,0000000,99,99,99,99,99,99,0,0,0,1,1
12,120215,1,1,0,0,0,1,1,39,0,10,2,2013,1,22,9,0,6,4,CR-270,MATTHEW CLARK RD,0,30.575025,-84.773775,0,35,0,0,3,4,0,4,3,10,0,10,0,0000000,99,99,99,99,88,88,0,0,0,1,1
12,120216,1,1,0,0,0,2,2,123,0,10,2,2013,1,1,47,0,6,8,JODY MORGAN RD,,0,29.91253889,-83.43131944,0,1,0,0,1,1,0,4,2,1,0,1,0,0000000,99,99,99,99,88,88,0,0,0,1,0
12,120217,2,1,1,1,1,1,1,33,0,11,2,2013,2,7,0,0,14,2,US-90,,99998,30.53242222,-87.23086667,0,14,0,0,1,1,0,3,4,10,0,10,0,0000000,99,99,99,99,99,99,0,0,0,1,0
12,120218,2,2,0,0,0,2,2,69,0,11,2,2013,2,18,7,0,6,4,CR-452,,0,28.92965556,-81.77851667,0,12,1,0,1,1,0,1,1,1,0,1,0,0000000,99,99,99,99,99,99,0,0,0,1,1
12,120219,1,1,0,0,0,1,1,11,633,11,2,2013,2,3,15,0,16,6,WILES RD,,0,26.28838889,-80.18157778,0,33,0,0,1,1,0,4,3,1,0,1,0,0000000,99,99,99,99,88,88,18,0,0,1,1
12,120221,1,1,0,1,1,1,1,115,0,12,2,2013,3,21,35,1,13,2,US-41,,99998,27.04793333,-82.27676667,0,9,0,0,1,1,0,1,3,10,0,10,0,0000000,99,99,99,99,88,88,0,0,0,1,1
12,120222,3,3,0,0,0,3,3,86,0,13,2,2013,4,5,55,1,2,3,SR-997,,99998,25.70169444,-80.47890833,0,12,2,0,1,1,0,1,2,1,0,1,0,0000000,99,99,99,99,88,88,21,0,0,1,1
12,120223,2,2,0,0,0,3,3,17,0,13,2,2013,4,16,38,0,6,4,CR-486,,0,28.89204444,-82.52066389,0,12,2,0,1,1,1,1,1,2,0,2,0,0000000,16,41,16,44,99,99,0,0,0,1,1
12,120224,1,1,0,1,1,1,1,103,570,13,2,2013,4,18,52,1,13,2,US-19,,99998,27.95886389,-82.78767778,0,8,0,0,1,1,0,1,3,2,0,2,0,0000000,99,99,99,99,88,88,0,0,0,1,0
12,120226,3,3,0,0,0,3,3,35,0,13,2,2013,4,6,38,1,2,3,SR-20,,99998,29.46768611,-81.30170556,0,12,1,0,1,1,0,1,2,10,0,10,1,0000000,99,99,99,99,99,99,0,0,0,1,0
12,120228,1,1,0,0,0,1,1,97,0,14,2,2013,5,0,24,0,6,8,JOHN YOUNG PKWY,,0,28.33998611,-81.41977222,0,34,0,0,1,1,0,4,3,10,0,10,0,0000000,99,99,99,99,88,88,0,0,0,1,1
12,120229,2,2,0,0,0,2,2,7,2890,14,2,2013,5,7,10,0,16,6,WELDON ST,ORANGE ST,0,29.9532,-82.11283056,0,12,2,0,2,3,0,1,1,2,0,2,0,0000000,99,99,99,99,99,99,0,0,0,1,0
12,120230,2,2,0,0,0,2,2,86,0,14,2,2013,5,16,10,1,2,3,SR-997,192ND ST,99998,25.5867,-80.47839444,0,12,6,0,2,2,0,1,1,10,0,10,0,0000000,99,99,99,99,99,99,0,0,0,1,0
12,120231,2,2,0,0,0,2,2,83,0,14,2,2013,5,16,15,0,6,4,CR-484,,0,29.02585556,-82.18696944,0,12,7,0,1,1,0,1,1,2,0,2,0,0000000,99,99,99,99,88,88,0,0,0,1,0
12,120232,2,2,0,0,0,2,2,53,0,14,2,2013,5,7,40,0,6,4,CR-550,,0,28.54721389,-82.62290278,0,12,6,0,8,1,0,1,1,1,0,1,0,0000000,99,99,99,99,99,99,0,0,0,1,0
12,120233,2,2,0,0,0,5,5,86,0,15,2,2013,6,4,16,1,2,3,SR-836,,99998,25.78411944,-80.28843056,0,12,1,0,1,1,0,1,1,2,0,2,0,0000000,99,99,99,99,88,88,0,0,0,1,1
12,120234,2,2,0,0,0,3,3,57,0,15,2,2013,6,19,4,1,13,2,US-92,ORIENT RD,99998,27.99593611,-82.37307778,0,12,6,0,2,2,0,1,2,1,0,1,0,0000000,99,99,99,99,88,88,0,0,0,1,0
12,120235,5,5,0,1,1,6,6,11,2876,16,2,2013,7,11,30,0,16,6,GRIFFIN RD,,0,26.06280556,-80.34538056,0,9,0,0,1,1,0,1,1,1,0,1,0,0000000,99,99,99,99,88,88,0,0,0,1,0
12,120236,2,2,0,0,0,3,3,31,1510,17,2,2013,1,3,41,1,13,2,US-90,,99998,30.30275278,-81.62836389,0,12,2,0,1,1,0,1,3,1,0,1,0,0000000,99,99,99,99,99,99,0,0,0,2,2
12,120237,1,1,0,0,0,1,1,21,0,17,2,2013,1,17,49,0,14,3,SR-84,,99998,26.13863889,-81.72797778,0,43,0,0,1,1,0,4,1,10,0,10,0,0000000,99,99,99,99,99,99,0,0,0,1,0
12,120238,1,1,0,2,2,8,8,93,2300,17,2,2013,1,19,5,1,13,2,US-441,NW 7TH ST,99998,27.24961389,-80.829875,0,9,0,0,2,2,0,1,5,1,0,1,0,0000000,99,99,99,99,99,99,0,0,0,1,0
12,120239,1,1,0,0,0,1,1,127,0,17,2,2013,1,12,5,0,6,8,OLD MISSION RD,,0,29.00453056,-80.93881389,0,53,0,0,1,1,0,4,1,1,0,1,0,0000000,99,99,99,99,99,99,0,0,0,1,1
12,120240,1,1,0,0,0,1,1,103,570,17,2,2013,1,21,34,0,16,6,LAKEVIEW RD,,0,27.94971944,-82.79469167,0,42,0,0,1,1,0,4,3,1,0,1,0,0000000,99,99,99,99,88,88,0,0,0,1,1
12,120241,1,1,0,0,0,2,2,86,2906,17,2,2013,1,21,46,0,16,6,ATLANTIC BLVD,186TH ST,0,25.94843611,-80.12179167,0,19,0,0,3,2,0,5,3,10,0,10,0,0000000,99,99,99,99,99,99,0,0,0,1,1
12,120242,1,1,0,1,1,1,1,103,0,19,2,2013,3,19,30,1,13,2,US-19,,99998,28.05005,-82.73846389,0,9,0,0,1,1,0,1,3,1,0,1,0,0000000,99,99,99,99,99,99,0,0,0,1,0
12,120243,2,2,0,0,0,3,3,86,0,19,2,2013,3,22,40,1,13,3,SR-9,,99998,25.90550278,-80.24092222,0,12,2,0,1,1,0,1,3,1,0,1,0,0000000,99,99,99,99,99,99,0,0,0,1,1
12,120244,3,3,0,0,0,3,3,57,0,19,2,2013,3,22,41,1,13,2,US-301,,99998,28.00368889,-82.356325,0,12,2,0,1,1,0,1,3,1,0,1,0,0000000,22,37,22,44,99,99,0,0,0,1,1
12,120245,1,1,0,1,1,1,1,71,0,19,2,2013,3,7,41,0,6,6,SHELLPOINT POINT BLVD,WOODSONG LANE,0,26.50633889,-81.99060278,0,9,0,0,2,3,0,1,1,1,0,1,0,0000000,99,99,99,99,88,88,0,0,0,1,0
12,120246,2,2,0,0,0,3,3,57,2540,20,2,2013,4,21,7,1,13,3,SR-574,,99998,28.01049722,-82.162475,0,12,2,0,1,1,0,1,2,1,0,1,0,0000000,99,99,99,99,99,99,0,0,0,1,0
12,120247,1,1,0,1,1,1,1,11,672,20,2,2013,4,11,50,1,13,3,SR-817,NW 20TH STREET,99998,26.25588889,-80.25161667,0,15,0,0,8,1,0,1,1,1,0,1,0,0000000,99,99,99,99,99,99,0,0,0,1,0
12,120248,4,4,0,0,0,4,4,86,2220,23,2,2013,7,6,16,1,11,1,I-95,,99998,25.89506944,-80.21003889,0,12,7,0,1,1,0,1,3,10,0,10,0,0000000,99,99,99,99,88,88,0,0,0,1,0
12,120249,1,1,0,1,1,1,1,101,0,23,2,2013,7,18,50,0,6,8,PERRINE RANCH ROAD,OLD FARM ROAD,0,28.19533333,-82.71134444,0,8,0,0,2,3,0,1,5,1,0,1,0,0000000,18,51,18,56,88,88,0,0,0,1,0
12,120250,1,1,0,0,0,1,1,107,0,23,2,2013,7,0,30,1,2,3,SR-20,,99998,29.53997778,-81.52281667,0,1,0,0,1,1,0,4,2,1,0,1,0,0000000,99,99,99,99,99,99,0,0,0,1,1
12,120251,1,1,0,1,1,1,1,23,0,23,2,2013,7,17,20,0,3,3,SR-247,,99998,30.13116944,-82.71537222,0,8,0,0,1,1,0,4,1,10,0,10,0,0000000,99,99,99,99,99,99,0,0,0,1,0
12,120252,2,2,0,0,0,4,4,113,0,23,2,2013,7,18,30,0,14,3,SR-87,FIREHOUSE RD,99998,30.65690556,-87.04753056,0,12,6,0,2,3,0,1,2,10,0,10,0,0000000,99,99,99,99,99,99,0,0,0,1,0
12,120253,2,2,0,0,0,2,2,11,2541,24,2,2013,1,0,50,0,16,6,PETERS RD,SW 49TH AVE,0,26.10618889,-80.21321111,0,12,6,0,2,2,0,1,3,1,0,1,0,0000000,99,99,99,99,88,88,0,0,0,1,1
12,120254,2,2,0,0,0,3,3,57,0,24,2,2013,1,5,33,1,13,3,SR-597,BEARSS AVE,99998,28.08476389,-82.504675,0,12,6,0,2,2,0,1,3,10,0,10,0,0000000,5,33,5,39,99,99,0,0,0,1,1
12,120255,1,1,0,0,0,1,1,133,0,24,2,2013,1,10,15,1,1,1,I-10,,99998,30.76050556,-85.77385,0,42,0,0,1,1,0,3,1,1,0,1,0,0000000,99,99,99,99,88,88,0,0,0,1,0
12,120256,1,1,0,1,1,2,2,97,0,24,2,2013,1,21,46,0,6,6,NOVA RD,,0,28.27067778,-81.19015278,0,8,0,0,1,1,0,1,2,1,0,1,0,0000000,99,99,99,99,88,88,0,0,0,1,0
12,120257,1,1,0,0,0,1,1,31,1510,24,2,2013,1,0,57,1,11,1,I-295,,99998,30.30278056,-81.77014444,0,42,0,0,1,1,0,4,3,2,0,2,0,0000000,99,99,99,99,88,88,0,0,0,1,1
12,120258,1,1,0,0,0,1,1,101,0,25,2,2013,2,2,10,0,6,4,CR-1,,0,28.23874444,-82.67325278,0,24,0,0,1,1,0,3,2,1,0,1,0,0000000,99,99,99,99,99,99,0,0,0,1,1
12,120259,1,1,0,1,1,1,1,86,2023,25,2,2013,2,18,45,1,13,3,SR-817,,99998,25.93008611,-80.24472778,0,8,0,0,1,1,0,1,3,1,0,1,0,0000000,99,99,99,99,99,99,0,0,0,1,0
12,120260,2,2,0,0,0,2,2,33,0,26,2,2013,3,1,20,0,14,3,SR-173,CR-296,99998,30.46145,-87.32429167,0,12,6,0,2,2,0,1,2,10,0,10,0,0000000,1,20,1,29,99,99,0,0,0,1,0
12,120261,2,2,0,0,0,3,3,33,0,26,2,2013,3,21,51,0,14,2,US-90,SMITHSFISH CAMP ROAD,99998,30.54339444,-87.19648889,0,12,6,0,2,3,0,1,2,1,0,1,0,0000000,99,99,99,99,99,99,0,0,0,1,0
12,120262,1,1,0,0,0,5,5,83,0,27,2,2013,4,0,35,0,6,6,SE 182ND AVENUE ROAD,,0,29.01582778,-81.82853611,0,1,0,0,1,1,0,4,2,1,0,1,0,0000000,99,99,99,99,99,99,0,0,0,1,0
12,120263,1,1,0,1,1,2,2,11,2468,27,2,2013,4,17,38,9,16,6,SHERIDAN STREET,SW 162ND AVENUE,0,26.02956111,-80.36349444,0,9,0,0,2,2,0,1,1,10,0,10,0,0000000,99,99,99,99,99,99,0,0,0,1,0
12,120264,1,1,0,1,1,3,3,57,0,28,2,2013,5,19,59,0,6,6,FALKENBURG ROAD,,0,27.95851667,-82.33483056,0,8,0,0,1,1,0,1,2,1,0,1,0,0000000,99,99,99,99,88,88,0,0,0,1,1
12,120265,2,2,0,0,0,2,2,57,0,1,3,2013,6,20,36,0,6,6,BLOOMINGDALE AVE,BLOOMINGDALE VILLAS CT,0,27.89365556,-82.28166111,0,12,7,0,3,3,0,1,2,1,0,1,0,0000000,99,99,99,99,99,99,0,0,0,1,2
12,120266,1,1,0,0,0,1,1,113,0,2,3,2013,7,15,50,0,6,8,RED ROCK RD,,0,30.78497778,-86.88116667,0,1,0,0,1,1,0,4,1,10,0,10,0,0000000,99,99,99,99,88,88,0,0,0,1,0
12,120267,1,1,0,1,1,1,1,9,1990,4,3,2013,2,15,48,1,13,3,SR-518,JOHN RHODES BLVD,99998,28.120625,-80.70026944,0,9,0,0,3,2,0,1,1,1,0,1,0,0000000,99,99,99,99,88,88,0,0,0,1,0
12,120268,1,1,0,1,1,1,1,71,457,10,1,2013,5,17,23,0,6,4,CR-867A,CORAL POINT DR,0,26.622175,-81.94076667,0,9,0,0,3,2,0,1,5,1,0,1,0,0000000,99,99,99,99,99,99,0,0,0,1,0
12,120269,2,2,0,1,1,5,5,101,0,10,2,2013,1,18,45,1,13,2,US-19,,99998,28.34208611,-82.69920556,0,8,0,0,1,1,0,1,5,1,0,1,0,0000000,18,44,18,47,88,88,0,0,0,1,0
12,120270,1,1,0,1,1,1,1,99,1846,13,2,2013,4,21,0,0,16,8,CALAMONDIN BLVD,,0,26.74098333,-80.33756111,0,8,0,0,1,1,0,1,3,1,0,1,0,0000000,99,99,99,99,88,88,0,0,0,1,0
12,120271,1,1,0,1,1,1,1,99,820,14,2,2013,5,18,43,0,16,8,CONGRESS AVE,,0,26.44120556,-80.09230278,0,8,0,0,1,1,0,1,3,2,0,2,0,0000000,99,99,99,99,99,99,0,0,0,1,0
12,120272,1,1,0,1,1,1,1,99,0,15,2,2013,6,9,56,0,6,6,VIA POINCIANA,,0,26.62465833,-80.153225,0,8,0,0,1,1,0,1,1,10,0,10,0,0000000,99,99,99,99,99,99,0,0,0,1,0
12,120273,2,2,0,0,0,3,3,127,825,19,2,2013,3,8,43,0,16,6,SAXON BLVD,TARRYTOWN AVE,0,28.90891944,-81.25184444,0,12,6,0,2,3,0,1,1,1,0,1,0,0000000,99,99,99,99,99,99,0,0,0,1,0
12,120274,3,3,0,0,0,3,3,71,457,20,2,2013,4,7,1,0,16,6,HANCOCK BRIDGE PKWY,,0,26.65265,-81.92935,0,12,2,0,1,1,0,1,4,5,0,5,0,0000000,99,99,99,99,99,99,0,0,0,1,0
12,120275,2,2,0,0,0,3,3,75,0,20,2,2013,4,20,17,1,2,2,US-41,,99998,29.44220278,-82.46666111,0,12,6,0,1,1,0,1,2,1,0,1,0,0000000,99,99,99,99,88,88,0,0,0,2,0
12,120276,2,2,0,0,0,3,3,57,2950,20,2,2013,4,22,31,1,13,3,SR-60,,99998,27.97103611,-82.61628056,0,12,1,0,1,1,2,1,3,1,0,1,0,0000000,99,99,99,99,99,99,20,0,0,1,0
12,120277,2,2,0,0,0,3,3,105,0,20,2,2013,4,21,4,1,2,2,US-27,CR-640,99998,27.84291389,-81.58585833,0,12,1,0,3,4,0,1,2,1,0,1,0,0000000,99,99,99,99,88,88,0,0,0,2,1
12,120279,1,1,0,0,0,1,1,115,0,22,2,2013,6,3,55,0,3,3,SR-72,,99998,27.20391389,-82.06318611,0,30,0,0,1,1,0,4,2,1,0,1,0,0000000,99,99,99,99,88,88,0,0,0,1,1
12,120280,3,3,0,0,0,4,4,105,0,22,2,2013,6,6,36,0,6,4,CR-630,PEEPLES RD,0,27.74805556,-81.83703333,0,12,6,0,2,3,0,1,2,5,0,5,0,0000000,99,99,99,99,88,88,0,0,0,1,0
12,120281,1,1,0,0,0,2,2,105,0,24,2,2013,1,23,40,0,6,6,EWELL RD,,0,27.95338611,-81.9722,0,10,0,0,6,1,0,1,2,10,0,10,0,926249D,99,99,99,99,88,88,0,0,0,2,1
12,120282,2,2,0,0,0,3,3,21,0,25,2,2013,2,14,36,0,6,8,SANTA BARBARA BLVD,,0,26.14683056,-81.71840833,0,12,1,0,1,1,0,1,1,1,0,1,0,0000000,99,99,99,99,99,99,0,0,0,1,0
12,120283,1,1,0,1,1,1,1,71,0,28,2,2013,5,20,13,1,13,2,US-41,,99998,26.67372778,-81.89561667,0,8,0,0,1,1,0,1,2,1,0,1,0,0000000,99,99,99,99,88,88,0,0,0,1,0
12,120284,2,1,1,0,1,1,2,71,0,2,3,2013,7,14,36,1,1,1,I-75,,99998,26.74074722,-81.85195833,0,45,0,0,1,1,1,1,1,10,0,10,0,0000000,99,99,99,99,99,99,0,0,0,1,0
12,120285,2,2,0,0,0,2,2,127,0,3,3,2013,1,20,56,1,11,1,I-95,,99998,29.06826389,-81.01043611,0,12,2,0,1,1,0,1,2,1,0,1,0,0000000,99,99,99,99,88,88,0,0,0,1,1
12,120286,2,2,0,0,0,2,2,103,0,3,3,2013,1,22,9,1,11,1,I-275,,99998,27.79645,-82.66185556,0,12,2,1,18,1,0,1,3,1,0,1,0,0000000,99,99,99,99,99,99,0,0,0,1,1
12,120287,2,2,0,0,0,2,2,115,2780,11,1,2013,6,12,7,0,16,6,TUTTLE AVE,12TH ST,0,27.34861111,-82.51401389,0,12,6,0,2,2,0,1,1,1,0,1,0,0000000,99,99,99,99,99,99,0,0,0,1,0