STATE,ST_CASE,VE_TOTAL,VE_FORMS,PVH_INVL,PEDS,PERNOTMVIT,PERMVIT,PERSONS,COUNTY,CITY,DAY,MONTH,YEAR,DAY_WEEK,HOUR,MINUTE,NHS,ROAD_FNC,ROUTE,TWAY_ID,TWAY_ID2,MILEPT,LATITUDE,LONGITUD,SP_JUR,HARM_EV,MAN_COLL,RELJCT1,RELJCT2,TYP_INT,WRK_ZONE,REL_ROAD,LGT_COND,WEATHER1,WEATHER2,WEATHER,SCH_BUS,RAIL,NOT_HOUR,NOT_MIN,ARR_HOUR,ARR_MIN,HOSP_HR,HOSP_MN,CF1,CF2,CF3,FATALS,DRUNK_DR
12,120289,1,1,0,1,1,1,1,9,2424,20,2,2013,4,11,30,0,14,3,SR-514,I-95,99998,27.99847778,-80.62935556,0,8,0,1,3,2,0,1,1,1,0,1,0,0000000,99,99,99,99,99,99,0,0,0,1,0
12,120290,2,2,0,1,1,5,5,21,0,22,2,2013,6,21,58,0,6,4,CR-846,7 ST N,0,26.27231667,-81.80960833,0,8,0,0,2,3,0,1,3,1,0,1,0,0000000,99,99,99,99,99,99,0,0,0,1,2
12,120291,3,3,0,0,0,5,5,97,0,28,2,2013,5,20,4,1,13,2,US-192,OLD MELBOURNE HWY,99998,28.22808889,-81.18373889,0,12,6,0,2,3,0,1,2,1,0,1,0,0000000,99,99,99,99,88,88,0,0,0,2,1
12,120292,1,1,0,0,0,1,1,11,2541,1,3,2013,6,17,46,1,13,3,SR-817 N,5TH ST NW,99998,26.12826111,-80.25661667,0,41,0,0,1,1,0,4,1,1,0,1,0,0000000,99,99,99,99,88,88,0,0,0,1,1
12,120293,2,2,0,0,0,3,3,31,1510,1,3,2013,6,12,27,1,13,2,US-17,,99998,30.19529444,-81.70728611,0,12,6,0,1,1,0,1,1,1,0,1,0,0000000,99,99,99,99,99,99,0,0,0,1,0
12,120294,3,3,0,0,0,4,4,31,1510,2,3,2013,7,10,16,1,13,2,US-90,CORTEZ RD,99998,30.28705278,-81.52752222,0,12,6,0,2,2,0,1,1,1,0,1,0,0000000,99,99,99,99,99,99,14,0,0,1,1
12,120295,1,1,0,0,0,1,1,69,0,2,3,2013,7,13,55,0,3,3,SR-44,,99998,28.93933056,-81.43179722,0,18,0,0,1,1,0,1,1,1,0,1,0,0000000,99,99,99,99,99,99,0,0,0,1,1
12,120296,2,2,0,0,0,3,3,71,0,3,3,2013,1,9,29,1,13,3,SR-80,MISSISSIPPI AVE,99998,26.67286111,-81.81869167,0,12,6,0,2,2,0,1,1,1,0,1,0,0000000,99,99,99,99,99,99,0,0,0,2,0
12,120297,2,2,0,0,0,6,6,127,780,3,3,2013,1,1,12,0,16,6,WHITE ST,MADISON AVE,0,29.21415278,-81.05249444,0,12,6,0,2,2,0,1,3,1,0,1,0,0000000,99,99,99,99,99,99,0,0,0,1,0
12,120298,1,1,0,1,1,1,1,86,0,6,3,2013,4,15,45,0,14,3,SR-860,NE 12TH AVE,99998,25.94548889,-80.17715278,0,8,0,0,3,3,0,1,1,1,0,1,0,0000000,99,99,99,99,99,99,0,0,0,1,0
12,120299,2,2,0,0,0,2,2,43,0,6,3,2013,4,19,48,0,6,4,CR-74,CR-731,0,26.94484444,-81.4888,0,12,6,0,2,3,0,1,2,1,0,1,0,0000000,99,99,99,99,88,88,0,0,0,1,1
12,120300,2,2,0,0,0,2,2,33,0,10,3,2013,1,3,3,0,14,2,US-90,SMITH FISH CAMP RD,99998,30.54363889,-87.19646389,0,12,6,0,2,3,0,1,3,1,0,1,0,0000000,99,99,99,99,99,99,0,0,0,1,1
12,120301,1,1,0,1,1,1,1,86,2010,31,1,2013,5,18,23,0,16,6,SW 42ND AVE,,0,25.715375,-80.26116944,0,8,0,0,1,1,0,1,3,1,0,1,0,0000000,99,99,99,99,99,99,0,0,0,1,0
12,120302,1,1,0,1,1,1,1,86,2010,1,2,2013,6,18,28,1,14,3,SR-934,NW 5TH CT,99998,25.84710833,-80.20635556,0,8,0,0,3,3,0,1,3,1,0,1,0,0000000,99,99,99,99,99,99,0,0,0,1,0
12,120303,1,1,0,1,1,1,1,86,2010,4,2,2013,2,18,41,1,14,3,SR-934,NW 79TH STREET,99998,25.84705,-80.20534167,0,8,0,0,2,3,0,1,3,1,0,1,0,0000000,99,99,99,99,99,99,0,0,0,1,0
12,120304,2,2,0,0,0,3,3,23,1660,6,2,2013,4,15,16,1,13,2,US-41,SR-47,99998,30.16796389,-82.64088056,0,12,6,0,2,3,0,1,1,10,0,10,0,0000000,99,99,99,99,99,99,0,0,0,1,0
12,120305,1,1,0,0,0,1,1,71,2707,10,2,2013,1,8,55,0,16,6,3420 OLEANDER,,0,26.51010278,-82.08301944,0,18,0,0,1,1,0,5,1,1,0,1,0,0000000,99,99,99,99,99,99,0,0,0,1,0
12,120306,1,1,0,0,0,1,1,105,0,27,2,2013,4,15,36,1,2,3,SR-60,,99998,27.91255,-81.7458,0,42,0,0,1,1,0,5,1,1,0,1,0,0000000,99,99,99,99,88,88,0,0,0,1,0
12,120307,1,1,0,0,0,1,1,127,0,2,3,2013,7,12,50,1,13,3,SR-44,,99998,29.01040556,-81.38027778,0,42,0,0,1,1,0,5,1,1,0,1,0,0000000,99,99,99,99,88,88,0,0,0,1,0
12,120308,1,1,0,0,0,2,2,67,0,3,3,2013,1,14,40,0,6,9,FOLSOM RD,,0,30.08611111,-83.29368889,0,1,0,0,1,1,0,1,1,1,0,1,0,0000000,99,99,99,99,99,99,0,0,0,1,1
12,120309,2,2,0,0,0,3,3,91,0,3,3,2013,1,4,35,1,2,3,SR-85,,99998,30.64500278,-86.55198611,0,12,7,0,1,1,0,1,2,10,0,10,0,0000000,99,99,99,99,88,88,0,0,0,1,1
12,120310,1,1,0,0,0,2,2,11,2468,10,3,2013,1,17,9,0,16,6,DYKES RD,SHERIDAN ST,0,26.02943611,-80.36110278,0,1,0,0,3,2,0,1,1,1,0,1,0,0000000,99,99,99,99,99,99,0,0,0,1,1
12,120311,1,1,0,1,1,1,1,11,2219,11,3,2013,2,20,47,0,16,6,81ST ST,,0,26.20296389,-80.23634444,0,8,0,0,1,1,0,1,3,1,0,1,0,0000000,99,99,99,99,99,99,0,0,0,1,0
12,120312,1,1,0,1,1,2,2,55,1730,18,1,2013,6,21,17,1,13,2,US-27,,99998,27.28891111,-81.35823056,0,8,0,0,1,1,0,1,2,10,0,10,0,0000000,99,99,99,99,88,88,0,0,0,1,0
12,120313,1,1,0,0,0,3,3,105,0,28,1,2013,2,18,29,0,2,3,SR-544,,99998,28.07741111,-81.55205,0,1,0,0,1,1,0,1,2,1,0,1,0,0000000,99,99,99,99,99,99,0,0,0,1,1
12,120314,1,1,0,1,1,1,1,86,1440,1,2,2013,6,20,53,0,16,6,NE 8TH ST,NE 18TH AVE,0,25.47739722,-80.4528,0,8,0,0,3,2,0,1,3,1,0,1,0,0000000,99,99,99,99,99,99,0,0,0,1,0
12,120315,1,1,0,1,1,1,1,11,1826,21,2,2013,5,10,4,0,13,3,SR-5,25TH ST,99998,26.26260833,-80.09914444,0,8,0,0,3,3,0,1,1,1,0,1,0,0000000,99,99,99,99,99,99,0,0,0,1,0
12,120316,2,2,0,0,0,2,2,11,1050,22,2,2013,6,1,22,1,13,2,US-1,OAKLAND PARK BLVD,99998,26.16710556,-80.11691667,0,1,0,0,2,2,0,1,3,1,0,1,0,0000000,99,99,99,99,99,99,0,0,0,1,1
12,120317,1,1,0,0,0,1,1,57,0,23,2,2013,7,20,30,0,6,6,TARPON DR,BASS ST,0,28.01327222,-82.40405278,0,43,0,0,3,3,0,4,3,10,0,10,0,0000000,99,99,99,99,99,99,0,0,0,1,1
12,120318,2,2,0,0,0,2,2,81,0,26,2,2013,3,1,50,0,16,6,UNIVERSITY PKWY,,0,27.38844722,-82.48182222,0,12,1,0,1,1,0,1,2,10,0,10,0,0000000,99,99,99,99,88,88,0,0,0,1,1
12,120319,2,2,0,0,0,2,2,31,1510,1,3,2013,6,6,15,1,13,2,US-1,SR-104,99998,30.43971389,-81.76421389,0,12,6,0,2,3,0,1,1,10,0,10,0,0000000,99,99,99,99,88,88,0,0,0,1,0
12,120320,1,1,0,1,1,1,1,101,0,1,3,2013,6,11,57,1,13,2,US-19,,99998,28.34873333,-82.69918611,0,8,0,0,1,1,0,1,1,1,0,1,0,0000000,99,99,99,99,99,99,0,0,0,1,0
12,120321,1,1,0,1,1,4,4,119,0,3,3,2013,1,22,16,1,1,1,I-75,,99998,28.81614722,-82.08904167,0,8,0,0,1,1,0,1,2,10,0,10,0,0000000,99,99,99,99,88,88,0,0,0,1,0
12,120322,2,2,0,0,0,2,2,121,0,4,3,2013,2,19,25,0,3,2,US-129,,99998,30.256,-82.98800278,0,12,1,0,1,1,0,1,2,1,0,1,0,0000000,99,99,99,99,99,99,0,0,0,1,1
12,120323,2,2,0,0,0,2,2,71,0,8,3,2013,6,1,47,0,3,3,SR-82,HOMESTEAD RD,99998,26.53314444,-81.62130833,0,12,6,0,2,3,0,1,2,1,0,1,0,0000000,99,99,99,99,99,99,0,0,0,2,0
12,120324,1,1,0,2,2,1,1,101,0,8,3,2013,6,20,13,1,13,2,US-41,HALE RD,99998,28.22696389,-82.45771667,0,8,0,0,3,3,0,1,2,1,0,1,0,0000000,99,99,99,99,99,99,0,0,0,1,0
12,120325,3,3,0,1,1,3,3,95,0,8,3,2013,6,22,7,0,6,8,WETHERBEE RD,,0,28.39247222,-81.36780556,0,8,0,0,1,1,0,1,2,1,0,1,0,0000000,99,99,99,99,88,88,0,0,0,1,0
12,120326,1,1,0,0,0,1,1,11,1420,9,3,2013,7,16,27,1,12,3,SR-821 RAMP,,99998,25.97263056,-80.23388056,0,1,0,1,5,1,4,1,1,1,0,1,0,0000000,99,99,99,99,88,88,0,0,0,1,0
12,120327,1,1,0,1,1,1,1,19,0,9,3,2013,7,20,25,0,16,6,ALEC DR,,0,30.10809722,-81.814775,0,8,0,0,4,1,0,1,3,1,0,1,0,0000000,99,99,99,99,99,99,0,0,0,1,1
12,120328,2,2,0,0,0,4,4,75,0,9,3,2013,7,17,29,0,6,4,CR-346A,CR-347,0,29.54801111,-82.80611944,0,12,6,1,2,2,0,1,1,1,0,1,0,0000000,99,99,99,99,99,99,0,0,0,1,0
12,120329,2,2,0,0,0,3,3,103,0,9,3,2013,7,10,30,1,13,2,US-92,,99998,27.86578611,-82.63159167,0,12,7,0,1,1,0,1,1,1,0,1,0,0000000,99,99,99,99,99,99,0,0,0,1,0
12,120330,1,1,0,1,1,5,5,117,1705,10,3,2013,1,0,57,1,11,1,I-4,,99998,28.78588056,-81.350975,0,8,0,0,1,1,0,1,3,1,0,1,0,0000000,99,99,99,99,88,88,19,0,0,1,0
12,120331,1,1,0,1,1,2,2,95,0,10,3,2013,1,0,40,1,13,2,US-441,ROSE AVE,99998,28.61973889,-81.44218889,0,8,0,0,3,2,0,1,3,1,0,1,0,0000000,99,99,99,99,99,99,0,0,0,1,0
12,120332,2,2,0,0,0,2,2,1,0,11,3,2013,2,7,9,1,2,2,US-301,SE 138TH PL,99998,29.5269,-82.10251667,0,12,6,1,2,3,0,1,2,1,0,1,0,0000000,99,99,99,99,99,99,0,0,0,1,0
12,120333,2,2,0,0,0,2,2,11,672,11,3,2013,2,14,36,0,16,6,CORAL RIDGE DR,13TH ST,0,26.24761111,-80.27933889,0,12,6,0,2,3,0,1,1,1,0,1,0,0000000,99,99,99,99,99,99,0,0,0,1,0
12,120334,2,2,0,0,0,2,2,87,0,12,3,2013,3,10,15,1,2,2,US-1,,99998,24.70744444,-81.11850278,0,12,1,0,1,1,0,1,1,1,0,1,0,0000000,99,99,99,99,99,99,0,0,0,1,0
12,120335,1,1,0,0,0,2,2,127,780,12,3,2013,3,12,36,1,1,1,I-95,,99998,29.169525,-81.08535278,0,1,0,1,20,1,0,1,1,2,0,2,0,0000000,99,99,99,99,99,99,0,0,0,1,0
12,120336,2,2,0,0,0,4,4,35,2439,13,3,2013,4,7,38,1,13,2,US-1,MATANZAS WOODS PKWY,99998,29.60266111,-81.28266111,0,1,0,0,2,2,0,1,1,1,0,1,0,0000000,99,99,99,99,88,88,0,0,0,1,0
12,120337,2,2,0,0,0,4,4,69,0,13,3,2013,4,17,50,0,6,8,WEKIVA RIVER RD,,0,28.80548611,-81.42615833,0,12,6,0,1,1,0,1,1,1,0,1,0,0000000,17,52,18,3,88,88,0,0,0,3,1
12,120338,2,2,0,0,0,3,3,21,0,14,3,2013,5,13,39,1,13,2,US-41,CR-864,99998,26.10716944,-81.74760556,0,12,6,0,8,1,0,1,1,1,0,1,0,0000000,99,99,99,99,99,99,0,0,0,1,0
12,120339,4,4,0,0,0,7,7,95,0,17,3,2013,1,0,29,0,14,3,SR-482,SR-423,99998,28.44984167,-81.42773889,0,12,1,0,3,2,0,1,3,1,0,1,0,0000000,99,99,99,99,99,99,0,0,0,1,1
12,120340,1,1,0,0,0,3,3,97,0,17,3,2013,1,18,49,1,2,3,SR-91,,99998,28.05521667,-81.22568333,0,1,0,0,1,1,0,1,1,1,0,1,0,0000000,99,99,99,99,99,99,0,0,0,1,0
12,120341,2,2,0,0,0,3,3,83,0,26,1,2013,7,7,50,0,6,8,CR-225A,,0,29.28658333,-82.23481944,0,12,2,0,1,1,0,1,1,1,0,1,0,0000000,99,99,99,99,99,99,0,0,0,1,0
12,120342,1,1,0,1,1,1,1,105,0,22,2,2013,6,16,45,0,16,4,CR-655,,0,28.10298333,-81.81825833,0,9,0,0,1,1,0,1,1,1,0,1,0,0000000,99,99,99,99,99,99,0,0,0,1,0
12,120343,1,1,0,0,0,1,1,105,0,28,2,2013,5,15,53,1,13,2,US-92,,99998,28.10663611,-81.62277222,0,35,0,0,1,1,0,4,1,1,0,1,0,0000000,99,99,99,99,99,99,0,0,0,1,0
12,120344,1,1,0,0,0,6,6,57,0,2,3,2013,7,14,47,1,1,1,I-4,,99998,28.02738611,-82.20178611,0,1,0,0,1,1,0,3,1,1,0,1,0,0000000,99,99,99,99,99,99,0,0,0,1,0
12,120345,3,3,0,0,0,4,4,109,0,7,3,2013,5,20,55,1,2,2,US-1,,99998,29.71606944,-81.30291111,0,12,6,0,8,1,0,1,2,1,0,1,0,0000000,99,99,99,99,88,88,0,0,0,1,1
12,120346,1,1,0,0,0,2,2,86,0,8,3,2013,6,5,40,1,13,3,SR-823,,99998,25.94001944,-80.29380833,0,30,0,0,8,1,0,4,4,1,0,1,0,0000000,99,99,99,99,99,99,0,0,0,1,0
12,120347,4,4,0,0,0,7,7,101,0,8,3,2013,6,17,10,1,13,3,SR-581,SR-54,99998,28.23259722,-82.35076111,0,12,1,0,3,3,0,1,1,1,0,1,0,0000000,99,99,99,99,99,99,0,0,0,1,1
12,120348,1,1,0,0,0,2,2,65,0,8,3,2013,6,21,45,1,1,1,I-10,,99998,30.48086111,-83.94461111,0,42,0,0,1,1,0,4,2,1,0,1,0,0000000,99,99,99,99,99,99,19,0,0,1,0
12,120349,2,2,0,0,0,2,2,81,0,9,3,2013,7,16,45,0,16,4,CR-37,,0,27.62247222,-82.08196111,0,12,2,0,1,1,0,1,1,1,0,1,0,0000000,99,99,99,99,99,99,0,0,0,1,0
12,120350,1,1,0,1,1,1,1,105,120,12,3,2013,3,5,46,1,13,2,US-92,JERICHO RD,99998,28.05889167,-81.81009167,0,8,0,0,3,3,0,1,3,2,0,2,0,0000000,99,99,99,99,88,88,0,0,0,1,0
12,120351,1,1,0,1,1,1,1,101,0,12,3,2013,3,22,50,0,6,6,SHADY HILLS RD,,0,28.40951389,-82.55130556,0,8,0,0,1,1,0,1,2,1,0,1,0,0000000,99,99,99,99,88,88,0,0,0,1,0
12,120352,2,2,0,0,0,9,9,131,0,16,3,2013,7,11,17,1,2,3,SR-20,,99998,30.45306667,-85.90455,0,12,2,0,1,1,0,1,1,1,0,1,0,0000000,99,99,99,99,99,99,0,0,0,2,1
12,120353,2,2,0,0,0,2,2,86,0,16,3,2013,7,11,40,1,2,3,SR-997,,99998,25.71319167,-80.47962222,0,24,0,0,1,1,0,4,1,1,0,1,0,0000000,99,99,99,99,88,88,14,0,0,1,0
12,120354,2,2,0,0,0,2,2,11,2468,16,3,2013,7,6,35,1,13,3,SR-858,52ND AVE,99998,25.98427222,-80.194775,0,12,1,0,2,3,0,1,3,1,0,1,0,0000000,99,99,99,99,99,99,0,0,0,1,1
12,120355,1,1,0,0,0,1,1,51,1600,18,3,2013,2,15,22,0,16,4,CR-80A,,0,26.74720278,-81.39617778,0,59,0,0,1,1,0,4,1,2,0,2,0,0000000,99,99,99,99,99,99,0,0,0,1,0
12,120356,1,1,0,0,0,1,1,57,2950,22,1,2013,3,14,6,0,16,6,W SPRUCE ST,EISENHOWER BLVD,0,27.95971667,-82.53645556,0,24,0,1,5,1,0,3,1,1,0,1,0,0000000,99,99,99,99,99,99,0,0,0,1,0
12,120357,1,1,0,0,0,1,1,99,290,26,1,2013,7,15,18,1,11,1,I-95,W PALMETTO PARK,99998,26.35084444,-80.12051111,0,10,0,1,6,1,0,1,1,1,0,1,0,628165L,99,99,99,99,88,88,0,0,0,1,1
12,120358,1,1,0,1,1,1,1,127,2340,8,2,2013,6,20,51,0,16,6,S VOLUSIA AVE,E ROBERTS ST,0,28.92499167,-81.29885556,0,8,0,0,3,3,0,1,2,1,0,1,0,0000000,99,99,99,99,99,99,0,0,0,1,0
12,120359,1,1,0,1,1,1,1,57,2950,12,2,2013,3,4,45,0,14,3,SR-45,EMILY ST,99998,27.97565,-82.45119722,0,9,0,0,2,3,0,1,3,1,0,1,0,0000000,99,99,99,99,99,99,0,0,0,1,0
12,120360,1,1,0,1,1,1,1,86,2220,18,2,2013,2,18,57,0,16,6,N MIAMI AVE,NW 123RD TERRACE,0,25.88831667,-80.19851111,0,8,0,0,2,3,0,1,3,10,0,10,0,0000000,99,99,99,99,88,88,0,0,0,1,0
12,120361,1,1,0,0,0,1,1,81,0,24,2,2013,1,11,28,0,16,6,TAYLOR GRADE ROAD,,0,27.63909444,-82.23085833,0,38,0,0,1,1,0,5,1,1,0,1,0,0000000,99,99,99,99,88,88,0,0,0,1,1
12,120362,1,1,0,1,1,1,1,99,0,27,2,2013,4,7,38,0,6,6,JACK NICHOLAUS DR,,0,26.83583333,-80.04843889,0,8,0,0,1,1,0,1,1,10,0,10,0,0000000,99,99,99,99,99,99,0,0,0,1,0
12,120363,1,1,0,0,0,1,1,103,860,1,3,2013,6,2,18,0,16,4,CR-1,,0,28.04490278,-82.75941667,0,42,0,0,1,1,0,5,3,1,0,1,0,0000000,99,99,99,99,88,88,0,0,0,1,1
12,120364,1,1,0,1,1,1,1,103,570,1,3,2013,6,7,26,0,16,6,COURT ST,LINCOLN AVE,0,27.96086111,-82.78586389,0,9,0,0,3,2,0,1,1,10,0,10,0,0000000,99,99,99,99,99,99,0,0,0,1,0
12,120365,2,2,0,0,0,2,2,81,0,2,3,2013,7,1,34,0,16,6,15TH ST,57TH AVE,0,27.439075,-82.54673611,0,12,6,0,2,3,0,1,2,1,0,1,0,0000000,99,99,99,99,88,88,0,0,0,1,1
12,120366,1,1,0,0,0,3,3,81,0,4,3,2013,2,3,45,1,11,1,I-75,,99998,27.51049167,-82.50003056,0,59,0,0,1,1,0,4,2,1,0,1,0,0000000,99,99,99,99,99,99,0,0,0,1,1
12,120367,1,1,0,1,1,1,1,71,0,6,3,2013,4,21,50,0,16,6,SAN CARLOS WAY,,0,26.46133889,-81.95098333,0,8,0,0,1,1,0,1,3,1,0,1,0,0000000,99,99,99,99,99,99,0,0,0,1,0
12,120368,2,2,0,0,0,2,2,81,0,7,3,2013,5,17,12,0,14,3,SR-684,30TH ST,99998,27.46214722,-82.59179722,0,12,6,0,2,3,0,1,1,1,0,1,0,0000000,99,99,99,99,99,99,0,0,0,1,0
12,120369,1,1,0,0,0,1,1,71,0,7,3,2013,5,13,42,0,6,4,CR-78A,,0,26.66718056,-81.89318333,0,30,0,0,1,1,0,4,1,1,0,1,0,0000000,99,99,99,99,99,99,0,0,0,1,0
12,120370,1,1,0,0,0,3,3,31,1510,11,3,2013,2,23,0,1,1,1,I-95,,99998,30.56171667,-81.64216111,0,42,0,0,1,1,0,5,2,10,0,10,0,0000000,99,99,99,99,99,99,0,0,0,1,1
12,120371,6,5,1,1,2,4,5,86,0,15,3,2013,6,4,55,1,12,3,SR-821,,99998,25.90081667,-80.38523611,0,12,1,1,18,1,0,1,3,1,0,1,0,0000000,99,99,99,99,88,88,0,0,0,1,0
12,120372,1,1,0,0,0,4,4,85,0,17,3,2013,1,14,25,1,1,1,I-95,,99998,27.19856389,-80.40007778,0,1,0,0,1,1,0,5,1,1,0,1,0,0000000,99,99,99,99,99,99,0,0,0,1,0
12,120373,1,1,0,0,0,1,1,127,780,17,3,2013,1,22,4,0,16,6,FAIRVIEW AVE,,0,29.22136389,-81.02283889,0,59,0,0,1,1,0,3,2,10,0,10,0,0000000,99,99,99,99,88,88,20,0,0,1,1
12,120374,2,2,0,0,0,2,2,57,2980,19,3,2013,3,6,16,0,14,3,SR-583,GRANDVILLE DR,99998,28.05264722,-82.39355833,0,12,6,0,3,3,4,1,1,99,0,99,0,0000000,99,99,99,99,88,88,0,0,0,1,0
12,120375,1,1,0,1,1,1,1,11,2948,19,3,2013,3,21,20,0,16,6,MCNAB RD,80TH AVE,0,26.20836111,-80.25773611,0,8,0,0,3,2,0,1,3,1,0,1,0,0000000,99,99,99,99,99,99,0,0,0,1,0
12,120376,4,4,0,0,0,6,6,9,0,20,3,2013,4,16,54,0,6,4,CR-509,,0,28.20332778,-80.67188056,0,12,7,0,1,1,0,1,1,10,0,10,0,0000000,99,99,99,99,99,99,0,0,0,1,0
12,120377,1,1,0,1,1,1,1,57,2950,3,2,2013,1,10,30,1,13,3,SR-580,,99998,28.03275,-82.44472222,0,8,0,0,1,1,0,1,1,1,0,1,0,0000000,99,99,99,99,99,99,0,0,0,1,0
12,120379,3,3,0,0,0,4,4,71,457,28,2,2013,5,15,49,0,6,4,CR-867A,NE 3RD TERR,0,26.65931389,-81.94106667,0,12,6,0,2,2,0,1,1,1,0,1,0,0000000,99,99,99,99,99,99,0,0,0,1,0
12,120380,2,2,0,0,0,2,2,61,0,1,3,2013,6,17,12,1,13,2,US-1,65TH ST,99998,27.71165,-80.41886944,0,12,2,0,3,2,0,1,1,1,0,1,0,0000000,99,99,99,99,99,99,0,0,0,1,0
12,120381,2,2,0,0,0,2,2,105,2550,8,3,2013,6,3,39,0,14,3,SR-559,CALLITRIS AVE,99998,28.17780278,-81.825025,0,12,2,0,2,3,0,1,3,1,0,1,0,0000000,99,99,99,99,88,88,0,0,0,1,1
12,120382,2,2,0,0,0,2,2,57,0,8,3,2013,6,15,4,1,1,1,I-75,,99998,27.79056111,-82.35733611,0,12,1,1,19,1,0,8,1,1,0,1,0,0000000,99,99,99,99,88,88,0,0,0,1,1
12,120383,2,2,0,0,0,2,2,57,0,15,3,2013,6,1,59,1,2,3,SR-39,KNIGHTS GRIFFIN ROAD,99998,28.07640278,-82.13773611,0,12,6,0,2,2,0,1,2,1,0,1,0,0000000,1,59,2,13,88,88,0,0,0,1,1
12,120384,2,2,0,0,0,3,3,95,0,16,3,2013,7,14,48,0,6,4,CR-526,HUDSON ST,0,28.53795556,-81.46111667,0,12,6,0,2,2,0,1,1,1,0,1,0,0000000,14,50,14,52,99,99,0,0,0,2,0
12,120385,1,1,0,1,1,2,2,93,0,15,3,2013,6,21,44,1,2,3,SR-70,,99998,27.29090833,-80.697225,0,8,0,0,1,1,0,1,2,1,0,1,0,0000000,99,99,99,99,88,88,0,0,0,1,0
12,120386,1,1,0,0,0,1,1,95,0,15,3,2013,6,19,0,0,6,4,CR-532,,0,28.34813333,-80.925325,0,35,0,0,1,1,0,4,1,1,0,1,0,0000000,19,8,19,28,88,88,0,0,0,1,1
12,120387,2,2,0,0,0,4,4,97,0,17,3,2013,1,22,28,1,2,2,US-441,,99998,27.71891667,-80.91426667,0,12,2,0,1,1,0,1,2,1,0,1,0,0000000,99,99,99,99,88,88,0,0,0,1,1
12,120388,1,1,0,1,1,1,1,81,0,18,3,2013,2,6,30,1,13,2,US-301,FRANKLIN AVE,99998,27.522075,-82.52453889,0,8,0,0,2,2,0,1,2,1,0,1,0,0000000,99,99,99,99,99,99,0,0,0,1,0
12,120389,1,1,0,1,1,1,1,99,0,18,3,2013,2,6,50,0,6,6,CANAL 10 RD,,0,26.633275,-80.11463333,0,8,0,0,1,1,0,1,2,10,0,10,0,0000000,99,99,99,99,88,88,0,0,0,1,0
12,120390,1,1,0,1,1,1,1,95,0,18,3,2013,2,0,20,0,6,8,INTERNATIONAL DR,VINELAND AVE,0,28.38438889,-81.48598333,0,8,0,0,3,2,0,1,6,1,0,1,0,0000000,99,99,99,99,99,99,0,0,0,1,0
12,120391,3,3,0,0,0,3,3,21,2150,20,3,2013,4,10,3,1,13,2,US-41,,99998,26.19645833,-81.80024444,0,41,0,0,1,1,0,3,1,1,0,1,0,0000000,99,99,99,99,99,99,0,0,0,1,0
12,120392,1,1,0,0,0,1,1,131,0,20,3,2013,4,14,50,1,1,1,I-10,,99998,30.69168056,-86.01958056,0,21,0,1,19,1,0,4,1,1,0,1,0,0000000,99,99,99,99,88,88,0,0,0,1,0
12,120393,1,1,0,0,0,1,1,11,672,21,3,2013,5,5,55,0,16,6,LAKEVIEW DR,,0,26.24093056,-80.29427222,0,42,0,0,1,1,0,3,9,1,0,1,0,0000000,99,99,99,99,88,88,0,0,0,1,0
12,120394,2,2,0,0,0,2,2,113,0,21,3,2013,5,20,10,1,11,1,I-10,,99998,30.53400556,-87.11499722,0,12,1,0,1,1,0,1,2,1,0,1,0,0000000,99,99,99,99,99,99,0,0,0,1,1
12,120395,1,1,0,0,0,1,1,31,1510,22,3,2013,6,17,6,0,16,6,PAVILION DR,JUNIPER BREEZE DR,0,30.1326,-81.5442,0,3,0,0,3,2,0,4,1,1,0,1,0,0000000,99,99,99,99,88,88,0,0,0,1,1
12,120396,2,2,0,0,0,4,4,71,457,28,2,2013,5,17,18,0,16,4,CR-884,,0,26.60694444,-82.00545833,0,41,0,0,1,1,0,4,1,1,0,1,0,0000000,99,99,99,99,99,99,0,0,0,2,0
12,120397,2,2,0,0,0,3,3,97,2700,4,3,2013,2,12,17,0,13,3,SR-500,OLD CANOE CREEK RD,99998,28.25225833,-81.31491667,0,12,6,0,2,2,4,1,1,1,0,1,0,0000000,99,99,99,99,99,99,0,0,0,1,2
12,120398,1,1,0,0,0,1,1,101,0,8,3,2013,6,0,55,0,6,8,BOLTON AVE,,0,28.38235556,-82.66065,0,1,0,0,1,1,0,5,2,1,0,1,0,0000000,99,99,99,99,88,88,0,0,0,1,1
12,120399,2,2,0,0,0,3,3,81,0,10,3,2013,1,18,50,1,2,3,SR-64,DAM RD,99998,27.47519444,-82.35139167,0,12,1,0,3,3,0,1,1,1,0,1,0,0000000,99,99,99,99,99,99,0,0,0,1,0
12,120400,1,1,0,0,0,3,3,49,0,16,3,2013,7,2,10,1,13,2,US-17,,99998,27.59295556,-81.82199722,0,1,0,0,1,1,0,1,2,1,0,1,0,0000000,99,99,99,99,99,99,0,0,0,2,1
12,120402,2,2,0,0,0,2,2,77,0,17,3,2013,1,17,0,0,4,3,SR-12,,99998,30.46443333,-84.94834722,0,12,2,0,1,1,0,1,1,2,0,2,0,0000000,99,99,99,99,99,99,0,0,0,1,0