STATE,ST_CASE,VE_TOTAL,VE_FORMS,PVH_INVL,PEDS,PERNOTMVIT,PERMVIT,PERSONS,COUNTY,CITY,DAY,MONTH,YEAR,DAY_WEEK,HOUR,MINUTE,NHS,ROAD_FNC,ROUTE,TWAY_ID,TWAY_ID2,MILEPT,LATITUDE,LONGITUD,SP_JUR,HARM_EV,MAN_COLL,RELJCT1,RELJCT2,TYP_INT,WRK_ZONE,REL_ROAD,LGT_COND,WEATHER1,WEATHER2,WEATHER,SCH_BUS,RAIL,NOT_HOUR,NOT_MIN,ARR_HOUR,ARR_MIN,HOSP_HR,HOSP_MN,CF1,CF2,CF3,FATALS,DRUNK_DR
12,120403,1,1,0,0,0,1,1,81,0,21,3,2013,5,5,55,1,13,2,US-41,,99998,27.46826111,-82.57525833,0,31,0,0,1,1,0,5,3,1,0,1,0,0000000,99,99,99,99,88,88,0,0,0,1,1
12,120404,3,2,1,0,0,4,4,5,0,21,3,2013,5,11,10,0,14,3,SR-30,,99998,30.25363056,-85.95545,0,18,0,0,1,1,0,4,1,1,0,1,0,0000000,99,99,99,99,99,99,0,0,0,1,1
12,120405,2,2,0,0,0,2,2,23,0,22,3,2013,6,8,30,0,2,3,SR-41,,99998,30.20872778,-82.64860278,0,12,6,0,1,1,0,1,1,1,0,1,0,0000000,99,99,99,99,99,99,0,0,0,1,0
12,120406,1,1,0,1,1,1,1,97,0,23,3,2013,7,21,57,1,13,2,US-192,,99998,28.33301389,-81.51465833,0,8,0,0,1,1,0,1,3,1,0,1,0,0000000,99,99,99,99,99,99,0,0,0,1,0
12,120407,1,1,0,1,1,2,2,81,340,4,1,2013,6,18,16,0,16,6,9TH ST,,0,27.47694444,-82.57123056,0,8,0,0,1,1,0,1,3,10,0,10,0,0000000,99,99,99,99,99,99,0,0,0,1,0
12,120408,2,2,0,0,0,2,2,81,2440,7,1,2013,2,8,22,1,13,2,US-41,HABEN BLVD,99998,27.51401389,-82.56298611,0,12,6,0,2,3,0,1,1,10,0,10,0,0000000,99,99,99,99,88,88,0,0,0,1,0
12,120409,1,1,0,0,0,2,2,99,3190,15,1,2013,3,14,3,0,16,6,NORTHLAKE BLVD,,0,26.81048333,-80.15803333,0,30,0,0,1,1,0,4,1,1,0,1,0,0000000,99,99,99,99,99,99,0,0,0,1,0
12,120410,2,2,0,0,0,3,3,103,570,24,2,2013,1,12,35,0,16,6,OLD COACHMAN RD,SHELLEY ST,0,27.96148611,-82.73397778,0,12,6,0,2,3,0,1,1,10,0,10,0,0000000,99,99,99,99,99,99,0,0,0,1,0
12,120411,1,1,0,0,0,1,1,75,0,3,3,2013,1,16,10,1,2,2,US-27,,99998,29.42753889,-82.59588056,0,41,0,0,1,1,0,5,1,1,0,1,0,0000000,99,99,99,99,88,88,0,0,0,1,0
12,120412,2,2,0,0,0,2,2,105,0,6,3,2013,4,18,19,1,13,2,US-17,DYSON ROAD,99998,28.10637222,-81.65716111,0,12,6,0,2,3,0,1,1,1,0,1,0,0000000,99,99,99,99,99,99,0,0,0,1,0
12,120413,4,4,0,1,1,4,4,11,1050,13,3,2013,4,20,43,1,11,1,I-95,,99998,26.08120278,-80.15713333,0,8,0,0,1,1,0,1,2,1,0,1,0,0000000,99,99,99,99,88,88,0,0,0,1,0
12,120414,2,2,0,1,1,5,5,101,0,15,3,2013,6,7,11,1,13,2,US-19,,99998,28.34290556,-82.69941667,0,15,0,0,1,1,0,1,3,1,0,1,0,0000000,7,11,7,18,88,88,0,0,0,1,0
12,120415,1,1,0,0,0,1,1,101,0,16,3,2013,7,11,55,0,6,4,CR-579,,0,28.17521111,-82.25471944,0,34,0,0,1,1,0,4,1,1,0,1,0,0000000,99,99,99,99,88,88,0,0,0,1,0
12,120416,2,2,0,0,0,3,3,83,0,16,3,2013,7,14,25,0,6,4,CR-42,SE 155TH AVE,0,28.98276111,-81.8961,0,12,1,1,2,3,0,1,1,1,0,1,0,0000000,99,99,99,99,99,99,0,0,0,1,0
12,120417,2,2,0,0,0,3,3,109,0,16,3,2013,7,18,13,1,13,2,US-1,SOUTHWOOD LAKE DR,99998,29.81486944,-81.32286944,0,12,6,0,2,2,0,1,1,1,0,1,0,0000000,99,99,99,99,99,99,0,0,0,1,0
12,120418,1,1,0,1,1,1,1,31,1510,19,3,2013,3,20,15,0,16,6,ST JOHNS BLUFF RD,,0,30.31501944,-81.52505,0,9,0,0,1,1,0,2,3,1,0,1,0,0000000,99,99,99,99,88,88,0,0,0,1,1
12,120419,2,2,0,0,0,3,3,103,0,19,3,2013,3,21,12,0,6,4,CR-464,,0,27.93871111,-82.75775,0,1,0,0,1,1,0,1,2,1,0,1,0,0000000,99,99,99,99,99,99,0,0,0,1,0
12,120420,3,3,0,0,0,8,8,57,0,22,3,2013,6,16,30,1,13,2,US-41,,99998,28.165325,-82.45984167,0,12,2,0,1,1,0,1,1,10,0,10,0,0000000,99,99,99,99,99,99,0,0,0,1,0
12,120421,2,1,1,0,0,1,1,57,0,22,3,2013,6,15,6,1,11,1,I-75,,99998,28.15963056,-82.39361944,0,14,0,0,1,1,4,3,1,10,0,10,0,0000000,15,12,15,20,99,99,0,0,0,1,0
12,120422,3,2,1,0,0,4,4,11,1420,23,3,2013,7,16,41,1,13,3,SR-822,N 58TH TERR,99998,26.03228056,-80.20515833,0,12,6,0,2,3,0,1,1,10,0,10,0,0000000,99,99,99,99,99,99,0,0,0,1,0
12,120423,3,3,0,0,0,7,7,86,0,24,3,2013,1,20,53,0,14,3,SR-989,,99998,25.55446111,-80.37215278,0,12,1,0,1,1,0,1,3,1,0,1,0,0000000,99,99,99,99,88,88,0,0,0,1,1
12,120424,1,1,0,0,0,1,1,9,0,25,3,2013,2,17,50,1,1,1,I-95,,99998,27.83125,-80.563175,0,20,0,0,1,1,4,4,1,1,0,1,0,0000000,99,99,99,99,99,99,0,0,0,1,0
12,120426,1,1,0,1,1,1,1,87,1568,12,3,2013,3,0,10,1,13,2,US-1,,99998,25.09752778,-80.43727778,0,8,0,0,1,1,0,1,3,1,0,1,0,0000000,99,99,99,99,99,99,0,0,0,1,0
12,120427,1,1,0,1,1,1,1,31,1510,22,3,2013,6,6,52,0,14,3,SR-13,RIVER OAKS ROAD,99998,30.29808333,-81.648325,0,8,0,1,2,2,0,1,4,1,0,1,0,0000000,99,99,99,99,99,99,0,0,0,1,0
12,120428,1,1,0,1,1,1,1,86,2010,22,3,2013,6,22,0,0,16,6,BRICKELL BAY DR,,0,25.76434167,-80.18970833,0,8,0,0,1,1,0,1,3,1,0,1,0,0000000,99,99,99,99,99,99,0,0,0,1,0
12,120429,2,2,0,0,0,2,2,95,2360,26,3,2013,3,19,15,0,16,6,PRIMROSE DRIVE,,0,28.55166944,-81.34788889,0,12,6,0,8,1,0,1,1,1,0,1,0,0000000,99,99,99,99,99,99,0,0,0,1,0
12,120430,2,2,0,0,0,2,2,73,0,27,3,2013,4,15,0,0,14,2,US-90,,99998,30.46157778,-84.39073611,0,12,1,0,1,1,0,1,1,1,0,1,0,0000000,99,99,99,99,88,88,0,0,0,1,0
12,120431,1,1,0,1,1,1,1,99,330,30,3,2013,7,0,32,0,16,6,OLD BOYNTON RD,,0,26.53180278,-80.09827778,0,8,0,0,1,1,0,1,2,1,0,1,0,0000000,99,99,99,99,99,99,0,0,0,1,0
12,120432,1,1,0,0,0,2,2,9,3175,9,3,2013,7,0,10,0,16,6,SEDGEWOOD CIR,,0,28.05155278,-80.65864444,0,5,0,0,1,1,0,1,3,1,0,1,0,0000000,99,99,99,99,99,99,0,0,0,1,1
12,120433,1,1,0,0,0,3,3,51,0,22,3,2013,6,2,28,0,6,6,A RD,,0,26.70750278,-81.41537778,0,34,0,0,1,1,0,4,2,1,0,1,0,0000000,99,99,99,99,99,99,0,0,0,2,0
12,120434,2,2,0,1,1,7,7,33,0,31,3,2013,1,0,0,0,14,3,SR-296,,99998,30.46119167,-87.29939444,0,8,0,0,1,1,0,1,2,10,0,10,0,0000000,99,99,99,99,88,88,0,0,0,1,0
12,120436,1,1,0,0,0,1,1,69,0,6,1,2013,1,16,55,0,6,8,CR-42,,0,29.00751944,-81.409875,0,42,0,0,1,1,0,4,1,1,0,1,0,0000000,99,99,99,99,88,88,0,0,0,1,1
12,120437,1,1,0,2,2,1,1,11,1420,16,1,2013,4,18,34,0,14,3,SR-A1A,,99998,25.99140278,-80.118775,0,8,0,0,4,1,0,1,5,10,0,10,0,0000000,99,99,99,99,99,99,0,0,0,1,0
12,120438,1,1,0,0,0,1,1,71,0,17,1,2013,5,14,15,0,6,6,DANIELS PKWY,,0,26.57995833,-81.71474444,0,1,0,0,1,1,0,4,1,1,0,1,0,0000000,99,99,99,99,99,99,0,0,0,1,0
12,120439,1,1,0,0,0,1,1,57,0,26,1,2013,7,8,0,0,6,6,HARNEY RD,,0,28.0146,-82.37440278,0,39,0,0,1,1,0,5,1,1,0,1,0,0000000,99,99,99,99,88,88,0,0,0,1,1
12,120440,2,2,0,0,0,2,2,109,0,19,2,2013,3,12,56,1,13,2,US-1,,99998,29.9709,-81.35469167,0,12,1,0,1,1,0,1,1,1,0,1,0,0000000,99,99,99,99,88,88,0,0,0,1,0
12,120441,1,1,0,1,1,1,1,86,2220,23,2,2013,7,4,45,0,16,6,NW 12TH AVE,NW 134TH ST,0,25.896975,-80.21923333,0,8,0,0,2,2,0,1,2,1,0,1,0,0000000,99,99,99,99,99,99,0,0,0,1,1
12,120442,1,1,0,0,0,1,1,99,0,14,3,2013,5,16,52,1,13,2,US-441,,99998,26.444975,-80.20457778,0,1,0,0,1,1,0,4,1,1,0,1,0,0000000,99,99,99,99,99,99,0,0,0,1,0
12,120443,2,2,0,0,0,3,3,86,0,19,3,2013,3,12,45,1,13,3,SR-90,,99998,25.76086111,-80.40000833,0,12,1,0,1,1,0,1,1,10,0,10,0,0000000,99,99,99,99,99,99,0,0,0,1,0
12,120444,1,1,0,1,1,1,1,35,2439,19,3,2013,3,14,35,1,13,3,SR-100,,99998,29.47594167,-81.17626111,0,9,0,0,1,1,0,4,1,1,0,1,0,0000000,99,99,99,99,88,88,0,0,0,1,0
12,120445,2,2,0,0,0,2,2,85,0,20,3,2013,4,16,56,1,13,2,US-1,,99998,27.09361944,-80.15511111,0,12,2,0,1,1,0,1,1,10,0,10,0,0000000,99,99,99,99,99,99,0,0,0,1,0
12,120446,2,2,0,0,0,2,2,11,771,20,3,2013,4,17,45,0,16,6,4100 SW 47TH AVE,,0,26.07376944,-80.21022222,0,12,6,0,8,1,0,1,1,10,0,10,0,0000000,99,99,99,99,88,88,0,0,0,1,0
12,120447,2,2,0,0,0,3,3,101,0,20,3,2013,4,21,20,0,6,4,CR-587,,0,28.30359722,-82.61847222,0,12,6,0,1,1,0,1,2,10,0,10,0,0000000,99,99,99,99,99,99,0,0,0,1,0
12,120448,3,3,0,0,0,5,5,21,0,21,3,2013,5,18,30,1,13,2,US-41,99TH AVE,99998,26.26150833,-81.8013,0,12,6,0,2,2,0,1,1,1,0,1,0,0000000,99,99,99,99,99,99,0,0,0,1,0
12,120449,1,1,0,0,0,1,1,21,0,24,3,2013,1,12,44,0,6,4,CR-858,,0,26.30206667,-81.29835833,0,52,0,0,1,1,0,4,1,1,0,1,0,0000000,99,99,99,99,88,88,0,0,0,1,0
12,120450,2,2,0,0,0,3,3,86,2230,26,3,2013,3,2,5,1,11,1,I-95,,99998,25.91558056,-80.21030278,0,12,1,0,1,1,0,1,3,10,0,10,0,0000000,99,99,99,99,99,99,0,0,0,1,0
12,120451,1,1,0,2,2,1,1,113,0,27,3,2013,4,17,45,0,6,6,LAUREL DR,,0,30.37454444,-87.09258611,0,8,0,0,1,1,0,1,1,1,0,1,0,0000000,99,99,99,99,99,99,0,0,0,1,0
12,120452,1,1,0,0,0,1,1,123,0,29,3,2013,6,2,0,0,6,8,BOUNDARY RD,,0,30.25790833,-83.45233056,0,1,0,0,1,1,0,4,2,1,0,1,0,0000000,99,99,99,99,88,88,0,0,0,1,1
12,120453,2,2,0,0,0,2,2,51,0,29,3,2013,6,20,37,0,16,4,CR-833,,0,26.45990556,-81.0727,0,12,2,0,1,1,0,1,2,1,0,1,0,0000000,99,99,99,99,99,99,0,0,0,1,1
12,120454,2,2,0,0,0,6,6,1,0,30,3,2013,7,6,17,1,13,2,US-301,,99998,29.83508056,-82.16676944,0,12,2,0,1,1,0,1,2,1,0,1,0,0000000,99,99,99,99,99,99,0,0,0,2,0
12,120455,2,2,0,0,0,2,2,33,0,30,3,2013,7,12,45,0,14,3,SR-292,,99998,30.39105833,-87.26523333,0,12,6,0,1,1,0,1,1,1,0,1,0,0000000,99,99,99,99,99,99,0,0,0,1,1
12,120456,3,3,0,0,0,3,3,113,0,30,3,2013,7,23,35,0,6,3,SR-399,,0,30.35383056,-87.15730278,0,12,7,0,1,1,0,1,3,1,0,1,0,0000000,99,99,99,99,88,88,0,0,0,1,1
12,120457,1,1,0,0,0,1,1,113,0,30,3,2013,7,23,39,0,14,3,SR-87,,99998,30.43478889,-86.87215833,0,24,0,0,1,1,0,4,3,1,0,1,0,0000000,99,99,99,99,88,88,0,0,0,1,1
12,120458,1,1,0,0,0,4,4,53,0,30,3,2013,7,7,25,1,1,1,I-75,,99998,28.55123889,-82.23685,0,1,0,0,1,1,0,5,1,1,0,1,0,0000000,99,99,99,99,99,99,0,0,0,1,0
12,120459,2,2,0,0,0,2,2,65,0,30,3,2013,7,13,40,1,13,2,US-27,CR-259,99998,30.41173889,-83.95291944,0,12,6,1,2,2,0,1,1,1,0,1,0,0000000,99,99,99,99,99,99,0,0,0,1,0
12,120460,2,2,0,0,0,3,3,71,457,7,3,2013,5,13,41,0,6,4,CR-78A,OLD PONDELLA RD,0,26.66779722,-81.93502778,0,12,6,0,2,3,0,1,1,1,0,1,0,0000000,99,99,99,99,99,99,0,0,0,1,0
12,120461,2,2,0,0,0,2,2,111,0,6,3,2013,4,16,8,0,6,4,CR-707,,0,27.30973889,-80.25989444,0,12,2,0,1,1,0,1,1,1,0,1,0,0000000,99,99,99,99,99,99,0,0,0,1,0
12,120462,3,3,0,0,0,4,4,17,0,31,3,2013,1,16,14,1,2,3,SR-44,CRYSTAL OAKS DR,99998,28.86645,-82.51112778,0,12,6,0,2,3,0,1,1,1,0,1,0,0000000,16,15,16,24,99,99,0,0,0,1,0
12,120463,1,1,0,0,0,2,2,57,0,1,4,2013,2,6,30,1,13,3,SR-60,,99998,27.94913611,-82.34530556,0,34,0,0,1,1,0,4,3,1,0,1,0,0000000,99,99,99,99,99,99,0,0,0,1,1
12,120464,1,1,0,1,1,1,1,15,0,1,4,2013,2,16,57,1,13,2,US-41,MAIN ST,99998,26.95875278,-82.06737222,0,9,0,0,2,3,0,1,1,1,0,1,0,0000000,99,99,99,99,99,99,0,0,0,1,0
12,120465,1,1,0,3,3,1,1,9,1990,1,4,2013,2,23,42,1,13,3,SR-518,,99998,28.13734722,-80.60280833,0,23,0,0,1,1,0,4,3,1,0,1,0,0000000,99,99,99,99,99,99,0,0,0,2,1
12,120466,1,1,0,0,0,1,1,95,2360,2,4,2013,3,7,25,1,11,1,I-4 RAMP,,99998,28.53550278,-81.38320833,0,1,0,1,5,1,0,8,9,1,0,1,0,0000000,99,99,99,99,88,88,0,0,0,1,1
12,120467,1,1,0,0,0,2,2,1,0,3,4,2013,4,15,30,1,11,1,I-75,,99998,29.69523611,-82.45297778,0,32,0,0,1,1,0,4,1,2,0,2,0,0000000,99,99,99,99,99,99,0,0,0,1,0
12,120468,1,1,0,1,1,4,4,11,1280,15,1,2013,3,21,10,1,13,3,SR-824,1ST AVE,99998,25.99659444,-80.14819444,0,9,0,0,3,2,0,1,2,1,0,1,0,0000000,99,99,99,99,99,99,0,0,0,1,0
12,120469,3,3,0,0,0,4,4,99,0,25,3,2013,2,16,3,0,6,6,BELVEDERE RD,SANSBURYS WAY,0,26.69177222,-80.18436944,0,12,7,0,3,2,0,1,1,1,0,1,0,0000000,99,99,99,99,99,99,0,0,0,1,0
12,120470,1,1,0,1,1,1,1,86,0,18,1,2013,6,22,11,0,6,6,NW 27TH AVE,NW 26TH ST,0,25.79981944,-80.23984722,0,8,0,0,2,2,0,1,3,10,0,10,0,0000000,99,99,99,99,88,88,0,0,0,1,0
12,120471,1,1,0,0,0,2,2,11,1420,17,3,2013,1,1,10,0,16,6,SHERIDAN ST,,0,26.032975,-80.17441389,0,30,0,0,1,1,0,4,3,1,0,1,0,0000000,99,99,99,99,88,88,0,0,0,2,1
12,120472,1,1,0,0,0,1,1,81,2440,6,3,2013,4,10,54,0,16,6,10TH AVE,7TH ST,0,27.517625,-82.57560833,0,59,0,0,3,2,0,4,1,10,0,10,0,0000000,99,99,99,99,88,88,0,0,0,1,0
12,120473,2,2,0,1,1,3,3,11,2541,18,3,2013,2,22,58,0,16,6,BROWARD BLVD,84TH AVE,0,26.12073056,-80.26081111,0,8,0,0,3,2,0,1,2,2,0,2,0,0000000,99,99,99,99,99,99,14,0,0,1,0
12,120474,3,3,0,0,0,5,5,3,0,20,3,2013,4,5,0,0,3,2,US-90,THOMAS RD,99998,30.29163611,-82.06370556,0,12,2,0,3,3,0,1,2,10,0,10,0,0000000,99,99,99,99,88,88,0,0,0,1,1
12,120475,1,1,0,1,1,3,3,81,0,22,3,2013,6,20,43,1,13,3,SR-70,5TH ST,99998,27.44773889,-82.56721389,0,9,0,0,3,3,0,1,2,10,0,10,0,0000000,99,99,99,99,88,88,0,0,0,1,0
12,120476,1,1,0,0,0,1,1,31,1510,23,3,2013,7,12,45,0,16,6,GARDEN ST,,0,30.40798889,-81.79271667,0,42,0,0,1,1,0,4,1,2,0,2,0,0000000,99,99,99,99,99,99,0,0,0,1,0
12,120477,1,1,0,1,1,6,6,85,0,24,3,2013,1,20,20,1,13,3,SR-710,,99998,27.01893611,-80.46425278,0,8,0,0,1,1,4,1,3,2,0,2,0,0000000,99,99,99,99,88,88,0,0,0,1,0
12,120478,1,1,0,1,1,2,2,19,0,2,4,2013,3,0,4,0,6,8,WELLS RD,,0,30.18689722,-81.73306111,0,9,0,0,1,1,0,1,2,1,0,1,0,0000000,99,99,99,99,88,88,0,0,0,1,0
12,120479,1,1,0,1,1,1,1,111,2601,2,4,2013,3,6,54,0,16,6,SE TIFFANY AVE,,0,27.29333333,-80.28268056,0,9,0,0,1,1,0,1,4,1,0,1,0,0000000,99,99,99,99,99,99,0,0,0,1,0
12,120480,1,1,0,1,1,4,4,117,0,3,4,2013,4,11,31,0,6,8,TUSKAWILLA RD,WILLA SPRINGS DR,0,28.64428056,-81.26659444,0,9,0,0,2,2,0,1,1,10,0,10,0,0000000,99,99,99,99,99,99,0,0,0,1,0
12,120481,1,1,0,0,0,1,1,131,0,4,4,2013,5,18,45,1,1,1,I-10,,99998,30.69131944,-86.08103611,0,42,0,0,1,1,0,4,5,1,0,1,0,0000000,99,99,99,99,88,88,0,0,0,1,0
12,120482,3,3,0,1,1,9,9,73,2940,4,4,2013,5,5,40,0,16,6,CAPITAL CIRCLE SOUTHWEST,,0,30.434225,-84.35280833,0,8,0,0,1,1,0,1,3,10,0,10,0,0000000,99,99,99,99,88,88,0,0,0,1,0
12,120483,1,1,0,0,0,1,1,121,0,30,3,2013,7,17,15,0,16,6,86TH AT,,0,30.29418611,-82.95876111,0,38,0,0,1,1,0,5,1,1,0,1,0,0000000,99,99,99,99,88,88,0,0,0,1,1
12,120484,1,1,0,0,0,1,1,11,790,1,4,2013,2,21,30,1,11,1,I-95,,99998,26.30463056,-80.12108056,0,42,0,0,1,1,0,4,3,1,0,1,0,0000000,99,99,99,99,88,88,0,0,0,1,0
12,120485,2,2,0,0,0,6,6,51,0,3,4,2013,4,12,13,1,13,2,US-27,,99998,26.754,-81.01021667,0,12,1,0,1,1,0,1,1,1,0,1,0,0000000,99,99,99,99,99,99,0,0,0,1,0
12,120486,2,2,0,0,0,2,2,15,0,4,4,2013,5,8,48,0,14,3,SR-776,WINCHESTER BLVD,99998,26.93438056,-82.30546111,0,12,6,0,2,3,0,1,1,10,0,10,0,0000000,99,99,99,99,99,99,0,0,0,1,0
12,120487,1,1,0,1,1,1,1,83,2270,4,4,2013,5,20,30,1,13,2,US-441,CR-200A,99998,29.20653889,-82.14241944,0,9,0,0,3,3,0,1,2,1,0,1,0,0000000,99,99,99,99,99,99,0,0,0,1,0
12,120488,1,1,0,1,1,1,1,97,0,5,4,2013,6,13,54,1,13,3,SR-91,,99998,27.70098333,-80.89598611,0,8,0,0,1,1,0,1,1,2,0,2,0,0000000,99,99,99,99,99,99,23,0,0,1,0
12,120489,1,1,0,1,1,1,1,33,0,5,4,2013,6,15,40,1,13,2,US-29,,99998,30.58663611,-87.30383889,0,9,0,0,1,1,0,2,1,1,0,1,0,0000000,99,99,99,99,88,88,0,0,0,1,0
12,120490,1,1,0,0,0,1,1,9,0,6,4,2013,7,2,25,0,2,3,SR-514,,99998,27.99791667,-80.58276389,0,1,0,0,1,1,0,4,2,1,0,1,0,0000000,99,99,99,99,99,99,0,0,0,1,1
12,120491,1,1,0,0,0,4,4,51,0,8,4,2013,2,0,56,0,6,6,FT DENAUD RD,,0,26.74325278,-81.47286111,0,18,0,0,1,1,0,4,2,1,0,1,0,0000000,99,99,99,99,99,99,0,0,0,1,1
12,120492,2,2,0,0,0,4,4,97,0,8,4,2013,2,22,48,1,13,2,US-192,,99998,28.24200833,-81.20868333,0,12,2,0,1,1,0,1,2,1,0,1,0,0000000,99,99,99,99,99,99,0,0,0,1,1
12,120493,1,1,0,0,0,2,2,9,0,8,4,2013,2,21,2,0,6,4,CR-3,,0,28.3852,-80.71396389,0,1,0,0,1,1,0,4,2,1,0,1,0,0000000,99,99,99,99,99,99,0,0,0,1,0
12,120494,2,2,0,0,0,3,3,95,0,8,4,2013,2,21,47,0,16,6,APOPKA VINELAND RD,SR-438,0,28.57756667,-81.49116389,0,12,6,0,2,2,0,1,3,1,0,1,0,0000000,99,99,99,99,99,99,0,0,0,1,0
12,120495,1,1,0,0,0,1,1,7,0,15,1,2013,3,11,20,1,2,2,US-301,,99998,30.10254722,-82.05270556,0,1,0,0,1,1,0,3,1,1,0,1,0,0000000,11,22,11,23,99,99,0,0,0,1,0
12,120496,7,7,0,0,0,10,10,11,1420,28,1,2013,2,15,27,0,16,6,PARK RD,TAFT ST,0,26.02558611,-80.17515,0,12,6,0,2,2,0,1,1,1,0,1,0,0000000,99,99,99,99,99,99,20,14,0,1,0
12,120497,1,1,0,0,0,1,1,117,0,12,2,2013,3,7,5,0,2,3,SR-426,,99998,28.69229167,-81.14879167,0,38,0,0,1,1,0,5,4,10,0,10,0,0000000,99,99,99,99,88,88,0,0,0,1,0
12,120498,2,2,0,0,0,2,2,103,0,21,2,2013,5,15,2,0,6,4,CR-296,CR-611,0,27.87898611,-82.70019722,0,12,6,0,2,2,0,1,1,1,0,1,0,0000000,99,99,99,99,88,88,0,0,0,1,0
12,120499,2,2,0,0,0,2,2,86,0,26,2,2013,3,15,31,0,16,6,104TH AVE,173RD ST,0,25.60885833,-80.36110833,0,12,6,0,2,2,0,1,1,1,0,1,0,0000000,99,99,99,99,99,99,0,0,0,1,0
12,120500,2,2,0,0,0,4,4,86,0,9,3,2013,7,0,58,1,11,1,I-75,,99998,25.86626944,-80.32371944,0,12,6,0,1,1,0,1,2,1,0,1,0,0000000,99,99,99,99,88,88,0,0,0,1,1
12,120501,2,2,0,0,0,2,2,83,0,11,3,2013,2,14,3,1,2,3,SR-40,,99998,29.20375,-81.93815278,0,12,1,0,8,1,0,1,1,10,0,10,0,0000000,99,99,99,99,99,99,0,0,0,1,0
12,120502,2,2,0,0,0,2,2,103,2530,11,2,2013,2,9,44,0,6,4,CR-611,70TH AVE,0,27.83555556,-82.70000556,0,12,6,0,2,2,0,1,1,1,0,1,1,0000000,99,99,99,99,99,99,0,0,0,1,0
12,120503,1,1,0,0,0,1,1,107,0,18,3,2013,2,23,56,0,16,6,CENTRAL AVE,,0,29.60223889,-81.57640556,0,53,0,0,1,1,0,4,2,10,0,10,0,0000000,99,99,99,99,99,99,0,0,0,1,1
12,120504,2,2,0,0,0,4,4,127,2580,19,3,2013,3,16,5,0,16,6,HERBERT ST,ORANGE AVE,0,29.14383889,-80.99143333,0,12,6,0,2,2,0,1,1,1,0,1,0,0000000,99,99,99,99,99,99,0,0,0,1,0
12,120505,3,3,0,0,0,6,6,105,0,20,3,2013,4,17,54,1,13,2,US-27,,99998,27.98141389,-81.63084722,0,12,8,0,1,1,0,1,1,1,0,1,0,0000000,99,99,99,99,99,99,0,0,0,1,0
12,120506,1,1,0,1,1,1,1,86,0,21,3,2013,5,6,12,0,6,3,SR-821,SR-994,0,25.59783333,-80.37591944,0,8,0,1,3,2,0,1,3,1,0,1,0,0000000,99,99,99,99,99,99,0,0,0,1,0
12,120507,1,1,0,0,0,1,1,86,2010,22,3,2013,6,10,30,0,16,6,12TH AVE,11TH ST,0,25.76295556,-80.214275,0,5,0,0,3,2,0,1,1,1,0,1,0,0000000,99,99,99,99,99,99,0,0,0,1,0
12,120508,12,1,11,0,0,3,3,23,1660,24,3,2013,1,23,55,0,14,2,US-90,,99998,30.18205,-82.65786389,0,33,0,0,1,1,0,4,3,1,0,1,0,0000000,99,99,99,99,99,99,0,0,0,1,1
12,120509,3,3,0,0,0,5,5,99,2431,26,3,2013,3,11,20,1,11,1,I-95,,99998,26.80868889,-80.09896111,0,12,7,0,1,1,0,1,1,1,0,1,0,0000000,99,99,99,99,99,99,0,0,0,1,1
12,120510,2,2,0,0,0,3,3,83,0,27,3,2013,4,17,30,0,6,4,CR-314,,0,29.231925,-81.96651111,0,12,2,0,1,1,0,1,1,1,0,1,0,0000000,99,99,99,99,99,99,0,0,0,1,1
12,120511,1,1,0,0,0,1,1,97,0,27,3,2013,4,6,20,0,6,6,WEST SOUTHPORT RD,,0,28.33591944,-81.39617778,0,42,0,0,1,1,0,4,4,1,0,1,0,0000000,99,99,99,99,99,99,0,0,0,1,0
12,120512,2,2,0,0,0,2,2,103,2530,27,3,2013,4,18,48,0,6,4,CR-296,SR-55,0,27.87909722,-82.71214167,0,12,6,0,2,2,0,1,1,10,0,10,0,0000000,99,99,99,99,99,99,0,0,0,1,0
12,120513,2,2,0,0,0,4,4,109,0,28,3,2013,5,14,7,1,1,1,I-95,,99998,30.04221389,-81.49554167,0,12,1,0,1,1,4,1,1,1,0,1,0,0000000,99,99,99,99,88,88,0,0,0,2,0
12,120514,1,1,0,0,0,6,6,79,0,29,3,2013,6,11,27,0,6,4,CR-14,,0,30.34787778,-83.51354444,0,1,0,0,1,1,0,5,1,1,0,1,0,0000000,99,99,99,99,99,99,0,0,0,2,0
12,120515,1,1,0,0,0,1,1,109,0,29,3,2013,6,6,23,0,3,3,SR-A1A,,99998,29.97280556,-81.31061944,0,53,0,0,1,1,0,4,4,1,0,1,0,0000000,99,99,99,99,99,99,0,0,0,1,0
12,120516,1,1,0,1,1,1,1,15,0,30,3,2013,7,16,0,1,13,2,US-41,,99998,26.95331111,-82.062825,0,8,0,0,1,1,0,1,1,1,0,1,0,0000000,99,99,99,99,99,99,0,0,0,1,0
12,120517,4,4,0,0,0,8,8,57,2950,30,3,2013,7,15,15,1,1,1,I-275,,99998,27.93176389,-82.57774444,0,12,7,0,1,1,0,1,1,1,0,1,0,0000000,99,99,99,99,99,99,0,0,0,1,0