STATE,ST_CASE,VE_TOTAL,VE_FORMS,PVH_INVL,PEDS,PERNOTMVIT,PERMVIT,PERSONS,COUNTY,CITY,DAY,MONTH,YEAR,DAY_WEEK,HOUR,MINUTE,NHS,ROAD_FNC,ROUTE,TWAY_ID,TWAY_ID2,MILEPT,LATITUDE,LONGITUD,SP_JUR,HARM_EV,MAN_COLL,RELJCT1,RELJCT2,TYP_INT,WRK_ZONE,REL_ROAD,LGT_COND,WEATHER1,WEATHER2,WEATHER,SCH_BUS,RAIL,NOT_HOUR,NOT_MIN,ARR_HOUR,ARR_MIN,HOSP_HR,HOSP_MN,CF1,CF2,CF3,FATALS,DRUNK_DR
12,120519,2,2,0,0,0,2,2,86,0,1,4,2013,2,13,37,1,2,2,US-27,KROME AVE,99998,25.95032222,-80.43049444,0,12,1,0,3,3,0,1,1,1,0,1,0,0000000,99,99,99,99,99,99,0,0,0,1,0
12,120520,1,1,0,1,1,1,1,103,1770,2,4,2013,3,7,59,0,6,4,CR-501,SR-688,0,27.89408056,-82.745725,0,9,0,1,2,2,0,1,4,1,0,1,0,0000000,99,99,99,99,99,99,0,0,0,1,0
12,120521,1,1,0,1,1,2,2,111,0,3,4,2013,4,19,49,1,13,3,SR-A1A,,99998,27.26447222,-80.20198333,0,8,0,0,1,1,0,1,1,10,0,10,0,0000000,99,99,99,99,99,99,0,0,0,1,1
12,120522,1,1,0,0,0,1,1,115,0,5,4,2013,6,2,30,1,13,2,US-41,,99998,27.02984722,-82.39770278,0,42,0,0,1,1,0,4,2,10,0,10,0,0000000,99,99,99,99,88,88,0,0,0,1,1
12,120523,3,3,0,0,0,4,4,127,825,5,4,2013,6,23,8,1,1,1,I-4,,99998,28.95744444,-81.257175,0,12,1,0,1,1,0,1,2,2,0,2,0,0000000,99,99,99,99,88,88,0,0,0,1,1
12,120524,1,1,0,1,1,1,1,3,1860,6,4,2013,7,20,35,0,16,6,S LOWDER ST,BIG OAK CT,0,30.27659722,-82.13331111,0,8,0,0,3,3,0,1,2,1,0,1,0,0000000,99,99,99,99,88,88,0,0,0,1,0
12,120525,2,2,0,0,0,3,3,31,1510,6,4,2013,7,15,31,0,6,4,CR-115C,NORMANDY BLVD,0,30.26725833,-81.84868333,0,1,0,0,2,2,0,1,1,10,0,10,0,0000000,99,99,99,99,99,99,14,0,0,1,0
12,120526,2,2,0,0,0,5,5,33,0,6,4,2013,7,23,46,1,2,3,SR-292,,99998,30.33687778,-87.41036111,0,12,2,0,1,1,0,1,2,1,0,1,0,0000000,99,99,99,99,99,99,0,0,0,1,1
12,120527,1,1,0,0,0,1,1,79,0,7,4,2013,1,11,43,1,1,1,I-10,,99998,30.36073611,-83.21115278,0,42,0,0,1,1,0,5,1,1,0,1,0,0000000,99,99,99,99,88,88,0,0,0,1,1
12,120528,1,1,0,1,1,1,1,31,1510,7,4,2013,1,23,2,0,16,6,ATLANTIC BLVD,,0,30.31408056,-81.59960278,0,9,0,0,1,1,0,1,3,1,0,1,0,0000000,99,99,99,99,99,99,0,0,0,1,0
12,120529,2,2,0,0,0,2,2,9,0,8,4,2013,2,17,45,1,13,2,US-192,ALMA DR,99998,28.07882222,-80.69107222,0,12,6,0,2,2,0,1,1,1,0,1,0,0000000,99,99,99,99,99,99,0,0,0,1,0
12,120530,1,1,0,1,1,1,1,103,0,8,4,2013,2,21,30,0,6,6,ULMERTON RD,49TH ST,0,27.89377778,-82.70001944,0,8,0,0,3,2,0,1,2,1,0,1,0,0000000,99,99,99,99,99,99,0,0,0,1,0
12,120531,1,1,0,1,1,1,1,127,780,9,4,2013,3,10,27,1,13,2,US-1,BEVILLE RD,99998,29.1837,-81.00839444,0,9,0,0,3,2,0,1,1,1,0,1,0,0000000,99,99,99,99,88,88,16,0,0,1,0
12,120532,2,2,0,0,0,3,3,19,0,9,4,2013,3,13,9,1,2,3,SR-21,,99998,30.05278056,-81.88583889,0,12,1,0,1,1,0,1,1,1,0,1,0,0000000,99,99,99,99,99,99,0,0,0,1,0
12,120533,1,1,0,1,1,1,1,31,1510,10,4,2013,4,6,29,1,13,3,SR-109,,99998,30.27159722,-81.60942778,0,8,0,0,1,1,0,1,3,1,0,1,0,0000000,99,99,99,99,99,99,0,0,0,1,0
12,120534,2,2,0,0,0,2,2,99,1760,29,3,2013,6,16,42,0,14,2,US-1,OCERAN AVE,99998,26.58433889,-80.05154722,0,12,6,0,2,2,0,1,1,1,0,1,0,0000000,99,99,99,99,99,99,0,0,0,1,1
12,120535,2,2,0,0,0,6,6,95,0,10,4,2013,4,18,49,0,6,4,CR-13,5TH AVE,0,28.55465833,-81.10671944,0,12,6,1,2,2,0,1,1,1,0,1,0,0000000,99,99,99,99,99,99,0,0,0,2,0
12,120536,1,1,0,1,1,1,1,9,0,11,4,2013,5,8,50,0,2,3,SR-50,,99998,28.54373333,-80.90194167,0,9,0,0,1,1,0,1,1,10,0,10,0,0000000,99,99,99,99,88,88,0,0,0,1,0
12,120537,1,1,0,0,0,19,19,97,0,13,4,2013,7,19,10,1,13,3,SR-91,,99998,27.814875,-81.00213611,0,1,0,0,1,1,0,1,5,1,0,1,0,0000000,99,99,99,99,99,99,0,0,0,1,0
12,120538,2,2,0,0,0,3,3,33,0,16,4,2013,3,13,30,0,6,6,HOLYWOOD AVE,WEST BLOUNT ST,0,30.42810833,-87.25942778,0,12,6,0,2,2,0,1,1,1,0,1,0,0000000,99,99,99,99,99,99,0,0,0,1,1
12,120539,2,2,0,0,0,4,4,31,1510,17,4,2013,4,8,53,0,16,6,PARK ST,DANCY ST,0,30.3007,-81.7099,0,12,6,1,2,2,0,1,1,1,0,1,0,0000000,99,99,99,99,99,99,0,0,0,1,0
12,120540,1,1,0,1,1,1,1,31,1510,18,4,2013,5,2,0,0,16,6,SHINDLER DR,,0,30.23780556,-81.79808333,0,8,0,0,1,1,0,1,3,1,0,1,0,0000000,99,99,99,99,88,88,0,0,0,1,0
12,120541,1,1,0,0,0,1,1,101,0,30,3,2013,7,17,31,0,2,3,SR-54,,99998,28.19416389,-82.35948056,0,25,0,0,1,1,0,3,1,1,0,1,0,0000000,99,99,99,99,88,88,0,0,0,1,0
12,120542,1,1,0,0,0,4,4,83,0,4,4,2013,5,3,11,0,6,4,CR-329,,0,29.33056667,-82.15977778,0,42,0,0,1,1,0,4,2,10,0,10,0,0000000,99,99,99,99,99,99,0,0,0,2,1
12,120544,2,2,0,0,0,2,2,83,0,10,4,2013,4,18,38,1,13,2,US-27,CR-464B,99998,29.24721389,-82.29100556,0,12,6,0,2,2,0,1,1,10,0,10,0,0000000,99,99,99,99,99,99,0,0,0,1,0
12,120545,1,1,0,1,1,1,1,127,2580,11,4,2013,5,9,2,0,16,6,RIDGEWOOD AVE,WHITE PLACE,0,29.13548333,-80.98351389,0,8,0,0,3,2,0,1,1,1,0,1,0,0000000,99,99,99,99,88,88,0,0,0,1,0
12,120546,1,1,0,1,1,1,1,33,0,12,4,2013,6,20,15,1,13,2,US-90,,99998,30.43956111,-87.28144444,0,8,0,0,1,1,0,1,2,1,0,1,0,0000000,99,99,99,99,99,99,0,0,0,1,0
12,120547,1,1,0,0,0,2,2,105,1690,13,4,2013,7,2,19,0,16,6,KATHLEEN RD,,0,28.05735556,-81.97168611,0,42,0,0,1,1,0,3,3,1,0,1,0,0000000,99,99,99,99,99,99,0,0,0,1,1
12,120548,1,1,0,1,1,1,1,15,0,14,4,2013,1,2,55,0,6,5,VESSELS RD,,0,26.98184167,-82.06435278,0,8,0,0,1,1,0,1,2,1,0,1,0,0000000,99,99,99,99,99,99,0,0,0,1,1
12,120549,1,1,0,0,0,2,2,81,0,17,4,2013,4,15,15,1,1,1,I-75,,99998,27.41124167,-82.45486944,0,51,0,0,1,1,0,1,1,1,0,1,0,0000000,99,99,99,99,99,99,0,0,0,1,1
12,120550,1,1,0,1,1,2,2,127,920,14,1,2013,2,18,55,1,13,2,US-1,,99998,28.96550278,-80.891725,0,8,0,0,1,1,0,2,2,1,0,1,0,0000000,99,99,99,99,99,99,0,0,0,1,1
12,120551,1,1,0,0,0,1,1,111,0,12,2,2013,3,0,3,0,6,4,CR-613,,0,27.3089,-80.52989167,0,53,0,0,1,1,0,4,2,1,0,1,0,0000000,99,99,99,99,88,88,0,0,0,1,0
12,120552,1,1,0,1,1,2,2,99,1190,23,2,2013,7,5,55,1,13,3,SR-802,,99998,26.61848333,-80.11658889,0,8,0,0,1,1,0,1,3,1,0,1,0,0000000,99,99,99,99,88,88,0,0,0,1,0
12,120553,3,3,0,0,0,4,4,57,2950,23,3,2013,7,22,6,1,13,3,SR-60,HYDE PARK AVE,99998,27.94556111,-82.46386111,0,1,0,0,2,2,0,1,3,10,0,10,0,0000000,99,99,99,99,99,99,0,0,0,1,0
12,120554,1,1,0,1,1,2,2,11,2083,28,3,2013,5,17,44,0,16,6,SW 136TH AVE,,0,25.96225556,-80.32645556,0,8,0,0,1,1,0,1,1,1,0,1,0,0000000,99,99,99,99,99,99,0,0,0,1,0
12,120555,1,1,0,0,0,1,1,89,1390,29,3,2013,6,0,45,1,2,2,US-1,,99998,30.7716,-81.97603056,0,42,0,0,1,1,0,5,2,1,0,1,0,0000000,99,99,99,99,88,88,0,0,0,1,1
12,120556,2,2,0,0,0,2,2,57,0,4,4,2013,5,6,40,0,6,6,SINCLAIR HILLS RD,24TH ST,0,28.09150556,-82.432275,0,1,0,0,3,3,0,1,2,2,0,2,0,0000000,99,99,99,99,99,99,0,0,0,1,0
12,120557,2,2,0,0,0,3,3,11,2083,5,4,2013,6,10,24,0,16,6,PEMBROKE RD,PRESERVE WAY,0,25.99340278,-80.28840556,0,12,6,0,2,2,0,1,1,10,0,10,0,0000000,99,99,99,99,99,99,0,0,0,1,0
12,120558,1,1,0,0,0,4,4,117,0,6,4,2013,7,3,5,0,6,6,NARCISSUS AVE,,0,28.8156,-81.32278056,0,1,0,0,1,1,0,4,2,10,0,10,0,0000000,99,99,99,99,99,99,20,0,0,2,0
12,120559,1,1,0,0,0,1,1,55,0,7,4,2013,1,23,20,0,6,6,HENSCRATCH RD,,0,27.36666111,-81.46586944,0,18,0,0,1,1,0,4,2,10,0,10,0,0000000,99,99,99,99,88,88,0,0,0,1,1
12,120560,3,3,0,0,0,3,3,119,0,7,4,2013,1,9,40,1,2,3,SR-471,CR-708,99998,28.64287222,-82.05489444,0,12,6,1,8,1,0,1,1,1,0,1,0,0000000,99,99,99,99,99,99,0,0,0,1,0
12,120561,1,1,0,0,0,1,1,5,0,13,4,2013,7,11,20,0,2,3,SR-30,,99998,30.18351944,-85.781975,0,33,0,0,1,1,0,4,1,1,0,1,0,0000000,99,99,99,99,99,99,0,0,0,1,0
12,120562,1,1,0,0,0,1,1,63,0,14,4,2013,1,15,35,0,2,3,SR-69,,99998,30.79639722,-85.02778889,0,30,0,0,1,1,0,4,1,2,0,2,0,0000000,99,99,99,99,88,88,0,0,0,1,0
12,120563,2,2,0,0,0,4,4,39,0,14,4,2013,1,17,45,1,2,3,SR-267,,99998,30.63175556,-84.59896944,0,12,6,0,1,1,0,1,1,2,0,2,0,0000000,99,99,99,99,99,99,0,0,0,1,0
12,120564,2,2,0,0,0,2,2,117,0,14,4,2013,1,3,5,0,6,6,LAKE MARY BLVD,INTERNATIONAL PKWY,0,28.75636667,-81.36832222,0,12,1,1,2,2,0,1,3,10,0,10,0,0000000,99,99,99,99,99,99,0,0,0,1,0
12,120565,2,2,0,0,0,2,2,55,0,19,4,2013,6,14,44,1,13,2,US-27,WHISPER CIR,99998,27.5271,-81.49944167,0,12,6,0,2,3,0,1,1,10,0,10,0,0000000,99,99,99,99,99,99,0,0,0,1,0
12,120566,2,2,0,0,0,3,3,31,1510,19,4,2013,6,21,39,1,13,2,US-17,,99998,30.3102,-81.7082,0,12,2,0,1,1,0,1,3,1,0,1,0,0000000,99,99,99,99,99,99,0,0,0,2,1
12,120567,1,1,0,0,0,2,2,86,0,20,4,2013,7,8,14,1,12,3,SR-821,,99998,25.7537,-80.38495,0,43,0,0,1,1,0,1,1,1,0,1,0,0000000,99,99,99,99,99,99,0,0,0,1,0
12,120568,2,2,0,0,0,3,3,91,0,21,4,2013,1,2,10,0,2,3,SR-4,US-90,99998,30.75070833,-86.63692222,0,12,1,0,3,3,0,1,2,1,0,1,0,0000000,99,99,99,99,99,99,0,0,0,1,1
12,120570,2,2,0,0,0,8,8,11,1927,25,2,2013,2,20,54,0,16,6,ROCK ISLAND RD,HOLIDAY SPRINGS BLVD,0,26.25896389,-80.22210278,0,12,6,0,2,2,0,1,3,10,0,10,0,0000000,99,99,99,99,99,99,0,0,0,4,0
12,120571,1,1,0,0,0,1,1,127,2580,18,3,2013,2,1,5,1,1,1,I-95,,99998,29.11109167,-81.03173889,0,42,0,0,1,1,0,5,2,2,0,2,0,0000000,99,99,99,99,88,88,0,0,0,1,1
12,120572,1,1,0,0,0,1,1,107,0,19,3,2013,3,20,43,1,2,3,SR-20,,99998,29.62653889,-81.78678333,0,1,0,0,1,1,0,1,2,10,0,10,0,0000000,99,99,99,99,99,99,0,0,0,1,1
12,120573,2,2,0,0,0,4,4,71,0,20,3,2013,4,23,26,0,16,6,BEN HILL GRIFFIN PKWY,TREELINE AVE,0,26.51189722,-81.785375,0,12,6,0,2,3,0,1,3,10,0,10,0,0000000,99,99,99,99,99,99,0,0,0,1,0
12,120574,2,2,0,0,0,2,2,95,0,30,3,2013,7,22,9,0,6,6,MCCOY RD,PARKLINE BLVD,0,28.45103611,-81.36083889,0,12,6,0,2,3,0,1,2,1,0,1,0,0000000,99,99,99,99,99,99,0,0,0,1,1
12,120575,2,2,0,0,0,5,5,33,0,2,4,2013,3,16,18,1,13,2,US-29,HANNAH ST,99998,30.52335833,-87.27406111,0,12,6,0,2,2,0,1,1,1,0,1,0,0000000,99,99,99,99,99,99,0,0,0,1,0
12,120576,2,2,0,0,0,5,5,86,0,3,4,2013,4,0,30,1,13,3,SR-9A,,99998,25.97023056,-80.16570833,0,12,2,0,1,1,0,1,6,1,0,1,0,0000000,99,99,99,99,99,99,0,0,0,4,1
12,120577,2,2,0,1,1,2,2,95,70,8,4,2013,2,0,53,0,6,4,CR-435,,0,28.72314444,-81.50903611,0,12,1,0,1,1,0,1,3,1,0,1,0,0000000,99,99,99,99,99,99,23,0,0,1,1
12,120578,2,2,0,0,0,2,2,31,1510,12,4,2013,6,20,16,1,13,2,US-1,I-95 RAMP,99998,30.35610833,-81.66798056,0,12,6,1,2,2,0,1,3,1,0,1,0,0000000,99,99,99,99,88,88,0,0,0,1,1
12,120579,1,1,0,1,1,1,1,111,0,17,4,2013,4,20,58,1,1,1,I-95,,99998,27.44045556,-80.39064167,0,9,0,0,1,1,4,1,2,1,0,1,0,0000000,99,99,99,99,99,99,0,0,0,1,0
12,120580,2,2,0,0,0,4,4,95,2360,19,4,2013,6,6,0,0,13,3,SR-3,SR-441,99998,28.55295556,-81.39558889,0,12,2,0,2,2,0,1,4,1,0,1,0,0000000,99,99,99,99,99,99,0,0,0,1,0
12,120581,1,1,0,0,0,4,4,127,780,19,4,2013,6,15,20,1,1,1,I-95,,99998,29.22025556,-81.10353611,0,25,0,1,19,1,0,4,1,10,0,10,0,0000000,99,99,99,99,99,99,0,0,0,4,0
12,120582,1,1,0,1,1,1,1,103,0,19,4,2013,6,21,5,0,6,6,CLEARWATER LARGO RD,,0,27.93662222,-82.79582222,0,9,0,0,1,1,0,1,3,1,0,1,0,0000000,99,99,99,99,99,99,0,0,0,1,0
12,120583,1,1,0,2,2,2,2,95,0,20,4,2013,7,22,50,0,6,6,INTERNATIONAL DR,AVENIDA VISTA,0,28.39895,-81.46079167,0,8,0,0,3,2,0,1,3,1,0,1,0,0000000,99,99,99,99,99,99,0,0,0,1,0
12,120584,2,2,0,0,0,2,2,86,2010,5,4,2013,6,11,57,0,16,6,NW 4TH STREET,NW 36TH CT,0,25.77616389,-80.25465556,0,12,6,0,2,2,0,1,1,10,0,10,0,0000000,99,99,99,99,99,99,0,0,0,1,0
12,120585,1,1,0,0,0,1,1,11,1782,12,3,2013,3,15,29,0,16,6,33RD ST,,0,26.16781667,-80.24651111,0,42,0,0,1,1,0,4,1,10,0,10,0,0000000,99,99,99,99,88,88,0,0,0,1,0
12,120586,1,1,0,0,0,5,5,109,0,28,3,2013,5,1,20,0,6,4,CR-208,,0,29.90549722,-81.49603611,0,42,0,0,1,1,0,5,2,1,0,1,0,0000000,99,99,99,99,99,99,0,0,0,2,0
12,120587,2,2,0,0,0,2,2,35,2439,2,4,2013,3,14,38,0,16,6,BELLE TERRE BLVD,,0,29.47483611,-81.22187222,0,12,6,0,1,1,0,1,1,1,0,1,0,0000000,99,99,99,99,88,88,0,0,0,1,1
12,120589,2,2,0,0,0,2,2,105,0,17,4,2013,4,16,20,1,13,2,US-98,DAWES RD,99998,27.73349444,-81.61425278,0,12,2,0,2,3,0,1,1,1,0,1,0,0000000,99,99,99,99,88,88,0,0,0,1,0
12,120590,3,3,0,0,0,5,5,127,0,18,4,2013,5,6,25,0,2,3,SR-40,,99998,29.17668056,-81.4438,0,12,2,0,1,1,0,1,2,1,0,1,0,0000000,99,99,99,99,99,99,0,0,0,1,0
12,120592,2,2,0,0,0,2,2,11,2468,24,4,2013,4,14,46,1,11,1,I-75,,99998,26.02676111,-80.35098611,0,12,1,1,18,1,0,1,1,1,0,1,0,0000000,99,99,99,99,88,88,0,0,0,1,0
12,120593,3,3,0,0,0,6,6,53,0,24,4,2013,4,17,48,1,2,2,US-98,CAMMIE ST,99998,28.52336111,-82.28866389,0,12,2,0,2,3,0,1,1,1,0,1,0,0000000,99,99,99,99,99,99,14,0,0,1,0
12,120594,3,3,0,0,0,4,4,51,0,25,4,2013,5,16,6,1,13,3,SR-80,,99998,26.76824167,-81.29716111,0,12,2,0,1,1,0,1,1,1,0,1,0,0000000,99,99,99,99,99,99,0,0,0,1,0
12,120595,1,1,0,0,0,1,1,31,1510,26,4,2013,6,2,40,0,16,6,MANDARIN RD,,0,30.16301111,-81.6499,0,42,0,0,1,1,0,4,2,10,0,10,0,0000000,99,99,99,99,88,88,0,0,0,1,1
12,120596,3,3,0,0,0,3,3,31,1510,26,4,2013,6,17,30,0,16,6,MONUMENT RD,REGENCY SQUARE BLVD,0,30.33073333,-81.54698333,0,12,6,0,2,2,0,1,1,10,0,10,0,0000000,99,99,99,99,99,99,0,0,0,1,0
12,120597,2,2,0,0,0,2,2,86,0,8,1,2013,3,5,18,0,16,6,SW 137TH AVE,SW 42ND ST,0,25.72921667,-80.41576111,0,12,1,0,3,2,0,1,3,10,0,10,0,0000000,99,99,99,99,88,88,0,0,0,1,0
12,120598,2,2,0,0,0,2,2,127,780,3,4,2013,4,10,31,1,13,2,US-92,COSAIR DR,99998,29.19644722,-81.05693889,0,12,6,0,2,2,0,1,1,1,0,1,0,0000000,99,99,99,99,99,99,0,0,0,1,0
12,120599,3,3,0,0,0,3,3,101,0,10,4,2013,4,13,4,0,6,4,CR-587,TANGLEWOOD DR,0,28.25869167,-82.65701667,0,1,0,0,2,3,0,1,1,1,0,1,0,0000000,99,99,99,99,88,88,14,0,0,1,0
12,120600,1,1,0,0,0,1,1,83,0,16,4,2013,3,6,0,1,2,3,SR-19,,99998,29.30561111,-81.68145556,0,1,0,0,1,1,0,4,2,5,0,5,0,0000000,99,99,99,99,88,88,0,0,0,1,0
12,120601,1,1,0,1,1,2,2,57,0,20,4,2013,7,1,7,1,1,1,I-4,,99998,27.993475,-82.36845278,0,8,0,0,1,1,0,1,3,10,0,10,0,0000000,99,99,99,99,88,88,0,0,0,1,0
12,120602,2,2,0,0,0,5,5,69,1820,20,4,2013,7,13,54,1,13,2,US-441,,99998,28.81275,-81.853025,0,12,2,0,1,1,0,1,1,2,0,2,0,0000000,99,99,99,99,99,99,0,0,0,1,0
12,120603,1,1,0,0,0,3,3,11,0,21,4,2013,1,19,6,1,13,3,SR-821,,99998,25.97522778,-80.22833333,0,1,0,1,5,1,4,4,5,10,0,10,0,0000000,99,99,99,99,99,99,0,0,0,1,1
12,120604,1,1,0,1,1,2,2,103,0,24,4,2013,4,20,51,1,13,2,US-19,,99998,28.093875,-82.73944167,0,8,0,0,1,1,0,1,3,1,0,1,0,0000000,99,99,99,99,88,88,0,0,0,1,0
12,120605,1,1,0,1,1,1,1,9,1990,24,4,2013,4,21,40,1,13,3,SR-518,,99998,28.13857778,-80.59095278,0,9,0,0,8,1,0,1,3,1,0,1,0,0000000,99,99,99,99,99,99,0,0,0,1,0
12,120606,1,1,0,0,0,2,2,95,0,26,4,2013,6,12,54,1,13,3,SR-91,,99998,28.54966944,-81.55685,0,24,0,1,5,1,0,4,1,1,0,1,0,0000000,99,99,99,99,99,99,0,0,0,1,0
12,120607,1,1,0,0,0,1,1,57,0,27,4,2013,7,2,7,0,6,6,GUNN HIGHWAY,,0,28.1214,-82.57801111,0,42,0,0,1,1,0,4,2,1,0,1,0,0000000,99,99,99,99,88,88,0,0,0,1,0
12,120608,2,2,0,0,0,5,5,33,0,28,4,2013,1,3,0,1,11,1,I-10,,99998,30.50221667,-87.17602778,0,12,1,0,1,1,0,1,2,10,0,10,0,0000000,99,99,99,99,99,99,0,0,0,1,1
12,120609,1,1,0,0,0,4,4,15,0,28,4,2013,1,5,35,0,6,9,SUNNYBROOK RD,MARINE TERR,0,26.98448056,-82.00256944,0,5,0,0,3,3,0,1,3,1,0,1,0,0000000,99,99,99,99,99,99,0,0,0,1,1
12,120610,1,1,0,0,0,1,1,99,290,29,4,2013,2,5,14,1,11,1,I-95,,99998,26.36845,-80.11873056,0,25,0,0,1,1,0,3,4,10,0,10,0,0000000,99,99,99,99,99,99,0,0,0,1,0
12,120611,2,2,0,0,0,2,2,86,2023,3,2,2013,1,11,35,0,14,3,SR-860,,99998,25.93991667,-80.26837222,0,12,1,0,1,1,0,1,1,1,0,1,0,0000000,99,99,99,99,88,88,0,0,0,1,1
12,120612,2,2,0,0,0,4,4,99,3190,23,2,2013,7,5,15,1,13,3,SR-704,JOG RD,99998,26.70814167,-80.15196111,0,12,6,0,2,2,0,1,3,10,0,10,0,0000000,99,99,99,99,99,99,0,0,0,1,1
12,120613,2,2,0,1,1,7,7,101,0,18,4,2013,5,3,10,0,2,3,SR-54,,99998,28.18609444,-82.41785278,0,8,0,0,1,1,0,1,2,1,0,1,0,0000000,3,14,3,22,88,88,0,0,0,1,0
12,120614,1,1,0,0,0,1,1,31,1510,20,4,2013,7,5,0,1,11,1,I-295,,99998,30.45998056,-81.68240278,0,42,0,0,1,1,0,5,3,2,0,2,0,0000000,99,99,99,99,88,88,0,0,0,1,0
12,120616,1,1,0,0,0,5,5,119,0,28,4,2013,1,3,4,0,16,6,121ST AVE,,0,28.5765,-82.18961389,0,5,0,0,1,1,0,1,2,10,0,10,0,0000000,3,4,3,16,88,88,0,0,0,1,1
12,120617,2,2,0,0,0,3,3,95,2360,29,4,2013,2,6,3,0,16,6,COLONIAL DR,FAIRVILLA RD,0,28.55251667,-81.43249722,0,12,1,0,3,2,0,1,3,1,0,1,0,0000000,99,99,99,99,99,99,0,0,0,1,1
12,120618,2,2,0,0,0,1,1,113,0,29,4,2013,2,21,54,1,11,1,I-10,,99998,30.63425556,-86.92266944,0,18,0,0,1,1,0,1,2,10,0,10,0,0000000,99,99,99,99,88,88,19,0,0,1,0
12,120620,1,1,0,1,1,4,4,21,2150,29,4,2013,2,20,26,0,16,4,CR-851,5TH AVE,0,26.15338889,-81.79081667,0,8,0,0,2,2,0,1,3,1,0,1,0,0000000,99,99,99,99,99,99,0,0,0,1,0
12,120621,2,2,0,0,0,5,5,99,290,19,1,2013,7,19,13,0,16,6,3200 AIRPORT RD,AIRPORT RD,0,26.37108056,-80.11649722,0,12,6,0,2,3,0,1,3,10,0,10,0,0000000,99,99,99,99,99,99,0,0,0,1,0
12,120623,1,1,0,0,0,2,2,33,0,28,4,2013,1,2,14,0,6,3,SR-290,,0,30.509575,-87.25343056,0,42,0,0,1,1,0,4,3,1,0,1,0,0000000,99,99,99,99,99,99,0,0,0,1,0
12,120624,2,2,0,0,0,3,3,57,0,28,4,2013,1,23,43,1,13,2,US-41,FLETCHER AVE,99998,28.06925,-82.45116111,0,12,6,0,2,2,0,1,3,1,0,1,0,0000000,99,99,99,99,99,99,0,0,0,1,1
12,120625,1,1,0,1,1,1,1,117,1840,3,5,2013,6,12,40,0,16,6,FREEMAN ST,,0,28.70489444,-81.34803611,0,8,0,0,4,1,0,1,1,10,0,10,0,0000000,99,99,99,99,99,99,24,0,0,1,0
12,120626,1,1,0,0,0,2,2,125,0,11,4,2013,5,3,0,0,6,4,CR-238,,0,30.04888889,-82.32120278,0,34,0,0,1,1,0,4,2,10,0,10,0,0000000,99,99,99,99,99,99,0,0,0,1,1
12,120627,2,2,0,0,0,2,2,31,1510,26,4,2013,6,6,15,0,14,3,SR-111,COMMONWEALTH AVE,99998,30.3365,-81.7311,0,12,2,0,2,2,0,1,4,1,0,1,0,0000000,99,99,99,99,99,99,0,0,0,1,0
12,120628,1,1,0,1,1,1,1,113,0,4,5,2013,7,20,20,0,14,2,US-90,,99998,30.603025,-87.09982222,0,8,0,0,1,1,0,1,2,1,0,1,0,0000000,99,99,99,99,88,88,0,0,0,1,0
12,120629,1,1,0,0,0,1,1,87,1568,19,3,2013,3,7,8,1,13,2,US-1,,99998,25.09373611,-80.44164722,0,59,0,0,1,1,0,4,4,2,0,2,0,0000000,99,99,99,99,99,99,0,0,0,1,0
12,120630,2,2,0,0,0,2,2,11,771,20,3,2013,4,19,49,1,13,3,SR-823 RAMP,,99998,26.11228056,-80.30491944,0,1,0,1,18,1,1,1,2,1,0,1,0,0000000,99,99,99,99,88,88,0,0,0,1,1
12,120631,1,1,0,0,0,2,2,101,0,14,4,2013,1,5,30,1,1,1,I-75,,99998,28.37716944,-82.31957222,0,1,0,1,18,1,0,1,2,10,0,10,0,0000000,99,99,99,99,88,88,0,0,0,1,1
12,120632,1,1,0,1,1,1,1,21,0,27,4,2013,7,21,15,0,16,9,W DELAWARE AVE,,0,26.41306389,-81.41835556,0,8,0,0,1,1,0,1,2,1,0,1,0,0000000,99,99,99,99,99,99,0,0,0,1,0
12,120633,1,1,0,0,0,1,1,57,0,30,4,2013,3,8,50,0,6,6,VAN DYKE RD,,0,28.12786944,-82.52938611,0,21,0,0,1,1,0,4,1,10,0,10,0,0000000,99,99,99,99,88,88,0,0,0,1,0
12,120634,2,2,0,1,1,2,2,127,0,3,5,2013,6,23,27,1,1,1,I-95,,99998,29.24849167,-81.11286111,0,8,0,0,1,1,0,1,2,2,0,2,0,0000000,99,99,99,99,88,88,0,0,0,1,0
12,120636,2,2,0,0,0,2,2,31,1510,6,5,2013,2,13,45,0,16,6,LENOX AVE,,0,30.30006111,-81.78213056,0,12,6,0,8,1,0,1,1,1,0,1,0,0000000,99,99,99,99,99,99,0,0,0,1,0
12,120637,1,1,0,0,0,1,1,99,3190,6,3,2013,4,23,55,0,16,6,6391 45TH STREET,,0,26.75870833,-80.08408056,0,1,0,0,1,1,0,3,3,10,0,10,0,0000000,99,99,99,99,88,88,0,0,0,1,1
12,120638,2,2,0,0,0,3,3,17,0,11,4,2013,5,15,42,1,2,3,SR-44,KENSINGTON AVE,99998,28.85738056,-82.41932778,0,12,6,0,2,3,0,1,1,10,0,10,0,0000000,99,99,99,99,99,99,0,0,0,1,0
12,120640,2,2,0,0,0,2,2,31,1510,23,4,2013,3,20,15,1,11,1,I-295,,99998,30.43579444,-81.72575833,0,12,1,1,18,1,0,1,3,1,0,1,0,0000000,99,99,99,99,99,99,0,0,0,1,0