STATE,ST_CASE,VE_TOTAL,VE_FORMS,PVH_INVL,PEDS,PERNOTMVIT,PERMVIT,PERSONS,COUNTY,CITY,DAY,MONTH,YEAR,DAY_WEEK,HOUR,MINUTE,NHS,ROAD_FNC,ROUTE,TWAY_ID,TWAY_ID2,MILEPT,LATITUDE,LONGITUD,SP_JUR,HARM_EV,MAN_COLL,RELJCT1,RELJCT2,TYP_INT,WRK_ZONE,REL_ROAD,LGT_COND,WEATHER1,WEATHER2,WEATHER,SCH_BUS,RAIL,NOT_HOUR,NOT_MIN,ARR_HOUR,ARR_MIN,HOSP_HR,HOSP_MN,CF1,CF2,CF3,FATALS,DRUNK_DR
12,120641,1,1,0,0,0,1,1,109,0,25,4,2013,5,14,10,1,1,1,I-95,,99998,30.08321389,-81.49746944,0,42,0,0,1,1,4,4,1,10,0,10,0,0000000,99,99,99,99,88,88,0,0,0,1,0
12,120642,1,1,0,1,1,1,1,11,2916,26,4,2013,6,23,39,0,16,6,W SUNRISE BLVD,YELLOW TOUCAN RD,0,26.14575556,-80.32598056,0,8,0,0,2,3,0,1,3,1,0,1,0,0000000,99,99,99,99,88,88,0,0,0,1,0
12,120643,2,2,0,0,0,2,2,103,1770,27,4,2013,7,13,45,1,13,3,SR-686,20TH STREET,99998,27.91653611,-82.76649444,0,12,6,1,2,3,0,1,1,1,0,1,0,0000000,99,99,99,99,99,99,0,0,0,1,0
12,120644,1,1,0,0,0,1,1,69,0,3,5,2013,6,1,9,0,6,4,CR-44,,0,28.88245278,-81.73043611,0,30,0,0,1,1,0,4,2,10,0,10,0,0000000,99,99,99,99,88,88,0,0,0,1,1
12,120645,2,2,0,0,0,8,8,11,2570,3,5,2013,6,14,21,0,16,6,NW 27TH AVENUE,NW 9TH STREET,0,26.23966111,-80.15943889,0,12,1,0,2,2,0,1,1,10,0,10,0,0000000,99,99,99,99,99,99,0,0,0,1,0
12,120646,1,1,0,0,0,1,1,95,2360,4,5,2013,7,1,40,0,16,6,CONROY ROAD,,0,28.49696111,-81.44003333,0,18,0,0,1,1,0,4,3,2,0,2,0,0000000,99,99,1,50,99,99,0,0,0,1,1
12,120647,2,1,1,1,1,1,1,86,0,4,5,2013,7,3,5,1,12,3,SR-874,,99998,25.68251389,-80.35613889,0,8,0,0,1,1,0,2,3,10,0,10,0,0000000,99,99,99,99,88,88,0,0,0,1,0
12,120648,1,1,0,2,2,1,1,9,0,5,5,2013,1,20,50,0,6,6,KING ST,,0,28.3598,-80.79174444,0,8,0,0,1,1,0,1,2,10,0,10,0,0000000,99,99,99,99,99,99,0,0,0,2,0
12,120649,1,1,0,0,0,3,3,109,0,7,5,2013,3,8,30,1,13,2,US-1,,99998,29.81215278,-81.32235,0,1,0,0,1,1,0,1,1,1,0,1,0,0000000,99,99,99,99,99,99,0,0,0,1,0
12,120650,2,2,0,0,0,6,6,97,0,8,5,2013,4,13,41,1,13,2,US-192,ARABIAN NIGHTS BLVD,99998,28.33294444,-81.53256944,0,12,1,0,3,3,0,1,1,1,0,1,0,0000000,99,99,99,99,99,99,0,0,0,1,0
12,120651,1,1,0,0,0,1,1,99,3190,20,1,2013,1,14,58,0,16,6,FOREST HILL BLVD,,0,26.6553,-80.06450556,0,42,0,0,1,1,0,4,1,10,0,10,0,0000000,99,99,99,99,88,88,0,0,0,1,1
12,120652,2,2,0,0,0,4,4,99,3190,29,1,2013,3,13,4,0,16,6,OKEECHOBEE BLVD,,0,26.705625,-80.06528333,0,25,0,0,1,1,0,3,1,1,0,1,0,0000000,99,99,99,99,99,99,14,0,0,1,1
12,120654,1,1,0,1,1,1,1,55,0,5,4,2013,6,21,57,0,16,6,DESOTO CITY RD,,0,27.44554444,-81.417475,0,8,0,0,1,1,0,1,2,1,0,1,0,0000000,99,99,99,99,99,99,0,0,0,1,1
12,120655,3,3,0,0,0,3,3,107,0,10,4,2013,4,6,35,0,3,3,SR-100,,99998,29.71724444,-81.80736667,0,12,8,0,8,1,0,1,4,1,0,1,0,0000000,99,99,99,99,99,99,0,0,0,1,0
12,120656,1,1,0,1,1,1,1,83,0,24,4,2013,4,21,35,1,2,3,SR-200,,99998,29.07113333,-82.26537222,0,8,0,0,1,1,0,1,2,1,0,1,0,0000000,99,99,99,99,88,88,19,0,0,1,0
12,120657,2,2,0,0,0,5,5,101,0,27,4,2013,7,16,1,0,2,3,SR-52,LITTLE RD,99998,28.33082778,-82.66658333,0,12,1,0,3,2,0,1,1,10,0,10,0,0000000,99,99,99,99,99,99,0,0,0,1,1
12,120658,1,1,0,1,1,1,1,89,0,30,4,2013,3,1,5,1,13,2,US-17,,99998,30.63564722,-81.60278889,0,8,0,0,1,1,0,2,2,5,0,5,0,0000000,99,99,99,99,99,99,0,0,0,1,1
12,120659,2,2,0,0,0,20,20,73,2940,1,5,2013,4,3,18,1,11,1,I-10,,99998,30.48143889,-84.31368056,0,12,2,1,18,1,0,1,3,1,0,1,0,0000000,99,99,99,99,99,99,0,0,0,1,1
12,120660,1,1,0,0,0,1,1,95,2360,3,5,2013,6,2,30,0,16,6,EDGEWATER DR,PAR ST,0,28.58201944,-81.38962222,0,42,0,0,3,3,0,4,3,10,0,10,0,0000000,99,99,99,99,88,88,0,0,0,1,1
12,120661,1,1,0,0,0,2,2,69,0,3,5,2013,6,15,51,0,6,6,CHERRY LAKE RD,,0,28.60209444,-81.80372222,0,38,0,0,1,1,0,5,1,10,0,10,0,0000000,99,99,99,99,99,99,0,0,0,1,1
12,120662,1,1,0,1,1,1,1,86,2010,3,5,2013,6,20,45,1,11,1,I-195,,99998,25.81061667,-80.18129722,0,8,0,0,1,1,0,1,3,1,0,1,0,0000000,99,99,99,99,99,99,0,0,0,1,0
12,120663,2,2,0,0,0,2,2,31,1510,6,5,2013,2,19,6,1,11,1,I-295,,99998,30.16758333,-81.57562778,0,1,0,0,1,1,0,1,1,1,0,1,0,0000000,99,99,99,99,88,88,0,0,0,1,0
12,120664,1,1,0,1,1,2,2,85,2900,23,3,2013,7,21,51,0,16,6,COLORADO AVE,,0,27.19092222,-80.25307778,0,9,0,0,1,1,0,1,2,1,0,1,0,0000000,99,99,99,99,99,99,0,0,0,1,0
12,120665,1,1,0,1,1,2,2,105,3300,23,3,2013,7,20,23,0,16,6,HAVENDALE BLVD,,0,28.04396389,-81.73944722,0,15,0,0,1,1,0,1,3,1,0,1,0,0000000,99,99,99,99,88,88,0,0,0,1,0
12,120666,1,1,0,1,1,2,2,99,0,14,4,2013,1,19,4,0,6,6,PALMETTO PARK RD,BOCA DEL MAR DR,0,26.35070556,-80.13741389,0,8,0,0,3,3,0,1,1,1,0,1,0,0000000,99,99,99,99,99,99,0,0,0,1,0
12,120667,1,1,0,0,0,1,1,86,0,27,4,2013,7,3,28,1,11,1,I-95,,0,25.94616667,-80.18616667,0,1,0,0,1,1,2,4,3,1,0,1,0,0000000,99,99,99,99,88,88,0,0,0,1,0
12,120668,1,1,0,0,0,1,1,75,0,4,5,2013,7,23,5,0,6,4,CR-323,,0,29.34578611,-82.43894722,0,1,0,0,1,1,0,5,2,2,0,2,0,0000000,99,99,99,99,88,88,0,0,0,1,1
12,120669,1,1,0,0,0,1,1,9,0,4,5,2013,7,23,55,0,2,3,SR-514,,99998,27.99903611,-80.66861111,0,34,0,0,1,1,0,4,2,1,0,1,0,0000000,99,99,99,99,88,88,0,0,0,1,1
12,120670,1,1,0,0,0,1,1,111,0,5,5,2013,1,19,19,0,2,3,SR-707,,99998,27.44964167,-80.32304167,0,42,0,0,1,1,0,5,1,1,0,1,0,0000000,99,99,99,99,88,88,0,0,0,1,1
12,120671,1,1,0,0,0,2,2,15,0,6,5,2013,2,20,19,1,1,1,I-75,,99998,26.80970278,-81.93100278,0,1,0,0,1,1,0,3,2,10,0,10,0,0000000,99,99,99,99,99,99,0,0,0,1,1
12,120672,2,2,0,0,0,2,2,13,0,7,5,2013,3,7,24,0,3,3,SR-71,CR-392,99998,30.28337778,-85.14990278,0,12,6,0,2,3,0,1,1,1,0,1,0,0000000,99,99,99,99,88,88,0,0,0,1,0
12,120673,1,1,0,0,0,1,1,17,0,7,5,2013,3,14,15,0,6,8,MEETING TREE BLVD,,0,28.88172222,-82.53700278,0,42,0,0,1,1,0,4,1,1,0,1,0,0000000,99,99,99,99,99,99,0,0,0,1,1
12,120674,2,2,0,0,0,3,3,91,0,13,5,2013,2,19,45,1,13,3,SR-85,OLD ANTIOCH RD,99998,30.70037222,-86.57103889,0,12,6,0,2,2,0,1,3,1,0,1,0,0000000,99,99,99,99,99,99,0,0,0,1,1
12,120676,1,1,0,0,0,2,2,55,0,21,4,2013,1,17,9,1,2,3,SR-70,,99998,27.209,-81.451,0,1,0,0,1,1,0,4,1,10,0,10,0,0000000,99,99,99,99,99,99,0,0,0,1,1
12,120677,1,1,0,0,0,1,1,57,0,25,4,2013,5,22,48,1,1,1,I-75,,99998,27.94839444,-82.32816944,0,1,0,1,18,1,0,1,3,1,0,1,0,0000000,99,99,99,99,99,99,0,0,0,1,0
12,120678,1,1,0,0,0,1,1,105,0,26,4,2013,6,9,14,0,6,4,CR-559,,0,27.95744722,-81.77365278,0,1,0,0,1,1,0,4,1,1,0,1,0,0000000,99,99,99,99,99,99,0,0,0,1,0
12,120679,2,2,0,0,0,4,4,7,0,26,4,2013,6,17,30,0,3,3,SR-100,75TH AVE,99998,29.96183333,-82.17499444,0,12,1,0,3,3,0,1,1,1,0,1,0,0000000,99,99,99,99,99,99,0,0,0,1,1
12,120680,1,1,0,0,0,1,1,93,0,29,4,2013,2,1,26,0,6,8,16TH ST,,0,27.22911667,-80.87842222,0,59,0,0,1,1,0,4,2,1,0,1,0,0000000,99,99,99,99,88,88,0,0,0,1,1
12,120681,2,2,0,0,0,3,3,63,0,2,5,2013,5,8,30,0,3,2,US-90,SR-69,99998,30.719375,-85.02026111,0,12,2,0,2,2,0,1,1,10,0,10,0,0000000,99,99,99,99,99,99,0,0,0,1,1
12,120682,2,1,1,0,0,2,2,61,0,7,5,2013,3,18,35,0,6,6,OSLO RD,,0,27.58695556,-80.39734722,0,38,0,0,1,1,0,4,1,1,0,1,0,0000000,99,99,99,99,99,99,0,0,0,1,1
12,120683,1,1,0,1,1,2,2,9,0,9,5,2013,5,21,20,0,16,6,AURORA RD,,0,28.13588333,-80.65120833,0,9,0,0,1,1,0,1,3,1,0,1,0,0000000,99,99,99,99,99,99,0,0,0,1,0
12,120684,2,2,0,0,0,2,2,71,0,9,5,2013,5,21,50,1,13,2,US-41,,99998,26.47626667,-81.83744722,0,12,1,0,1,1,4,1,2,1,0,1,0,0000000,99,99,99,99,88,88,0,0,0,1,2
12,120685,2,2,0,0,0,2,2,15,0,10,5,2013,6,17,15,0,6,6,DAVID BLVD,DAYTON LN,0,26.95269444,-82.24486667,0,12,6,0,2,2,0,1,1,1,0,1,0,0000000,99,99,99,99,99,99,0,0,0,1,0
12,120686,1,1,0,1,1,1,1,127,825,11,5,2013,7,21,52,0,16,6,HOWLAND BLVD,,0,28.90366667,-81.17296667,0,8,0,0,1,1,0,1,2,1,0,1,0,0000000,99,99,99,99,88,88,0,0,0,1,0
12,120687,2,2,0,0,0,2,2,21,0,11,5,2013,7,22,24,0,6,6,COLLIER BLVD,GOLDEN GATE PKWY,0,26.18446111,-81.68715556,0,12,6,0,2,2,0,1,3,1,0,1,0,0000000,99,99,99,99,88,88,0,0,0,1,0
12,120688,1,1,0,1,1,1,1,91,2200,19,4,2013,6,20,13,1,13,3,SR-20,,99998,30.509825,-86.44317778,0,8,0,0,1,1,0,1,2,2,0,2,0,0000000,99,99,99,99,99,99,0,0,0,1,0
12,120689,1,1,0,1,1,1,1,31,1510,18,5,2013,7,4,0,0,16,6,PITTS RD,SLAY RD,0,30.42680556,-81.758675,0,8,0,0,2,3,0,1,2,1,0,1,0,0000000,99,99,99,99,88,88,0,0,0,1,0
12,120690,2,2,0,0,0,2,2,127,0,8,4,2013,2,19,50,0,6,6,MISSION DRIVE RD,OLD MISSION RD,0,29.00974167,-80.93906111,0,1,0,0,2,3,0,1,1,1,0,1,0,0000000,99,99,99,99,88,88,0,0,0,1,0
12,120691,2,1,1,0,0,1,1,71,0,11,4,2013,5,3,15,0,6,6,MATANZAS RD,,0,26.46806944,-81.82288889,0,14,0,0,1,1,0,5,3,1,0,1,0,0000000,99,99,99,99,88,88,0,0,0,1,1
12,120692,2,2,0,0,0,2,2,99,2674,10,1,2013,5,15,9,0,16,6,ROYAL PALM BLVD,STRATHMORE GATE DR,0,26.70173333,-80.22944167,0,12,6,0,2,3,0,1,1,10,0,10,0,0000000,99,99,99,99,99,99,0,0,0,1,0
12,120693,1,1,0,0,0,1,1,71,0,22,1,2013,3,20,12,0,6,6,LIBERTY YOUTH RANCH WAY,,0,26.37205556,-81.75618889,0,38,0,0,1,1,0,5,2,1,0,1,0,0000000,99,99,99,99,88,88,0,0,0,1,0
12,120694,3,3,0,0,0,4,4,57,2950,26,1,2013,7,18,24,0,16,6,CLEVELAND STREET,MAGNOLIA AVE SOUTH,0,27.94312778,-82.46569444,0,12,1,0,3,3,0,1,3,1,0,1,0,0000000,99,99,99,99,99,99,0,0,0,1,1
12,120695,1,1,0,1,1,1,1,99,820,18,2,2013,2,16,1,0,16,6,NW 7TH AVE,,0,26.46500556,-80.08021111,0,8,0,0,1,1,0,1,1,10,0,10,0,0000000,99,99,99,99,99,99,0,0,0,1,0
12,120697,1,1,0,1,1,1,1,103,2730,18,3,2013,2,6,54,0,16,6,38TH AVE,DR MARTIN LUTHER KING JR ST,0,27.80686389,-82.64679444,0,8,0,0,3,2,0,1,3,1,0,1,0,0000000,99,99,99,99,99,99,0,0,0,1,0
12,120698,1,1,0,0,0,2,2,11,2083,8,4,2013,2,11,55,0,13,3,SR-7,,99998,26.02524722,-80.20818611,0,43,0,0,1,1,0,4,1,1,0,1,0,0000000,99,99,99,99,99,99,0,0,0,1,0
12,120699,2,2,0,0,0,4,4,86,2020,23,4,2013,3,11,53,1,13,3,SR-934,,99998,25.85087222,-80.14361111,0,12,1,0,1,1,0,1,1,1,0,1,0,0000000,99,99,99,99,99,99,0,0,0,1,0
12,120700,1,1,0,0,0,1,1,11,1420,26,4,2013,6,8,40,0,16,6,SW 42ND ST,,0,25.97006389,-80.34526944,0,33,0,0,8,1,0,4,1,1,0,1,0,0000000,99,99,99,99,99,99,0,0,0,1,0
12,120701,2,2,0,0,0,2,2,31,1510,28,4,2013,1,23,13,1,13,3,SR-202,,99998,30.25207222,-81.49610278,0,12,1,0,1,1,0,1,2,1,0,1,0,0000000,99,99,99,99,99,99,0,0,0,1,0
12,120702,2,1,1,1,1,3,3,47,0,2,5,2013,5,21,35,1,1,1,I-75,,99998,30.60375556,-83.12893611,0,8,0,0,1,1,0,1,2,2,0,2,0,0000000,99,99,99,99,88,88,19,0,0,1,0
12,120703,1,1,0,0,0,1,1,57,0,4,5,2013,7,2,40,1,13,3,SR-93A RAMP,SR-574,99998,27.98491667,-82.32815,0,42,0,1,5,1,0,4,2,10,0,10,0,0000000,99,99,99,99,88,88,0,0,0,1,1
12,120704,1,1,0,1,1,2,2,37,893,7,5,2013,3,15,45,0,16,6,RUSSELL ROAD,,0,29.74198056,-84.87361944,0,8,0,0,1,1,0,1,1,1,0,1,0,0000000,99,99,99,99,99,99,0,0,0,1,0
12,120705,1,1,0,1,1,1,1,11,760,5,6,2013,4,4,23,0,16,6,SOUTH FEDERAL HWY,SW 12TH ST,0,26.03722778,-80.14336111,0,8,0,0,1,1,0,1,3,10,0,10,0,0000000,99,99,99,99,88,88,0,0,0,1,0
12,120706,1,1,0,0,0,1,1,71,0,10,5,2013,6,23,12,0,6,4,CR-885,,0,26.45215,-81.77449444,0,1,0,0,1,1,0,3,3,1,0,1,0,0000000,99,99,99,99,99,99,0,0,0,1,0
12,120707,2,2,0,0,0,2,2,99,0,9,5,2013,5,0,9,0,6,6,GUN CLUB ROAD,HAVERHILL RD,0,26.67373056,-80.12041389,0,12,6,0,2,2,0,1,3,1,0,1,0,0000000,99,99,99,99,99,99,0,0,0,1,1
12,120708,2,2,0,0,0,3,3,127,2375,12,5,2013,1,15,50,0,16,6,SOUTH NOVA RD,MORELAND BLVD,0,29.27101111,-81.08123889,0,12,6,0,2,2,0,1,1,1,0,1,0,0000000,99,99,99,99,99,99,0,0,0,1,0
12,120709,1,1,0,1,1,1,1,127,780,13,5,2013,2,23,56,0,16,6,HOLLYWOOD AVE,,0,29.22221389,-81.010175,0,8,0,0,1,1,0,1,3,1,0,1,0,0000000,99,99,99,99,99,99,0,0,0,1,0
12,120710,2,2,0,0,0,2,2,97,0,16,5,2013,5,7,48,1,1,1,I-4,OSCEOLA PKWY,0,28.34560833,-81.53008333,0,12,6,1,2,2,0,1,1,1,0,1,0,0000000,99,99,99,99,99,99,0,0,0,1,0
12,120711,1,1,0,1,1,1,1,95,0,16,5,2013,5,21,20,0,16,6,ORANGE BLOSSOM TRL,,0,28.72248333,-81.59584722,0,8,0,0,1,1,0,1,3,1,0,1,0,0000000,99,99,99,99,99,99,0,0,0,1,0
12,120712,1,1,0,0,0,1,1,33,0,17,5,2013,6,21,15,1,6,1,I-10,,0,30.52156944,-87.31198889,0,38,0,1,5,1,0,4,3,1,0,1,0,0000000,99,99,99,99,88,88,0,0,0,1,1
12,120713,1,1,0,1,1,1,1,86,2020,14,2,2013,5,17,53,0,16,6,ALTON RD,6TH ST,0,25.77569444,-80.14066944,0,8,0,0,2,2,0,1,1,1,0,1,0,0000000,99,99,99,99,99,99,0,0,0,1,0
12,120714,2,2,0,3,3,2,2,86,1340,28,2,2013,5,9,30,0,16,6,W 16TH AVE,W 42ND ST,0,25.85972778,-80.31466944,0,12,6,0,2,2,0,1,1,1,0,1,0,0000000,99,99,99,99,99,99,0,0,0,1,0
12,120715,3,3,0,0,0,3,3,57,0,17,4,2013,4,23,26,1,13,2,US-301,BALM RIVERVIEW RD,99998,27.86567222,-82.32653333,0,12,1,0,3,3,0,1,3,10,0,10,0,0000000,23,28,23,32,88,88,0,0,0,1,1
12,120716,1,1,0,1,1,1,1,127,780,8,5,2013,4,13,36,0,16,6,N NOVA RD,,0,29.22167222,-81.048425,0,8,0,0,4,1,0,1,1,1,0,1,0,0000000,99,99,99,99,99,99,0,0,0,1,0
12,120717,1,1,0,0,0,1,1,103,1770,11,5,2013,7,23,30,0,16,6,FRONTAGE RD,,0,27.91725278,-82.72971944,0,1,0,0,1,1,0,4,3,1,0,1,0,0000000,99,99,99,99,88,88,0,0,0,1,1
12,120718,2,2,0,0,0,2,2,73,0,16,5,2013,5,21,58,1,2,2,US-27,,99998,30.41905278,-84.09351944,0,1,0,0,1,1,0,4,2,1,0,1,0,0000000,99,99,99,99,88,88,14,0,0,1,1
12,120719,1,1,0,0,0,1,1,99,330,18,5,2013,7,5,40,1,11,1,I-95,,99998,26.53417222,-80.07377222,0,30,0,0,1,1,0,4,3,10,0,10,0,0000000,99,99,99,99,88,88,0,0,0,1,0
12,120720,1,1,0,0,0,2,2,97,0,19,5,2013,1,15,40,0,16,6,CYPRESS PKWY,,0,28.14560278,-81.45923333,0,42,0,0,1,1,0,4,1,1,0,1,0,0000000,99,99,99,99,88,88,0,0,0,2,0
12,120721,1,1,0,0,0,4,4,31,1510,19,5,2013,1,23,33,0,16,6,DUNN CREEK ROAD,,0,30.2447,-81.6227,0,42,0,0,1,1,0,5,3,2,0,2,0,0000000,99,99,99,99,99,99,0,0,0,1,0
12,120724,1,1,0,1,1,1,1,115,2780,17,3,2013,1,0,42,0,16,6,250 OAK FORD RD,,0,27.33374444,-82.30146111,0,8,0,0,8,1,0,1,2,10,0,10,0,0000000,99,99,99,99,88,88,0,0,0,1,0
12,120725,1,1,0,2,2,1,1,86,2010,9,4,2013,3,10,12,0,16,6,NW 7TH AVE,,0,25.80261667,-80.20726944,0,8,0,0,1,1,0,4,1,1,0,1,0,0000000,99,99,99,99,99,99,0,0,0,2,0
12,120726,1,1,0,1,1,2,2,103,2806,17,4,2013,4,22,10,0,16,4,CR-1,,0,27.82051111,-82.75398889,0,8,0,0,1,1,0,1,2,1,0,1,0,0000000,99,99,99,99,99,99,0,0,0,1,0
12,120727,2,2,0,0,0,3,3,101,0,25,4,2013,5,13,40,0,6,4,CR-35A,SR-35 RAMP,0,28.29870556,-82.14702778,0,12,6,1,2,3,0,1,1,1,0,1,0,0000000,99,99,99,99,99,99,0,0,0,1,0
12,120728,1,1,0,0,0,1,1,105,0,5,5,2013,1,18,56,0,6,8,OLD DADE CITY RD,,0,28.17937222,-82.01576389,0,24,0,0,1,1,0,4,1,1,0,1,0,0000000,99,99,99,99,88,88,0,0,0,1,0
12,120729,2,2,0,0,0,3,3,101,0,11,5,2013,7,11,25,0,6,4,CR-77,BALLIE DR,0,28.23521111,-82.69388333,0,12,6,0,2,2,0,1,1,1,0,1,0,0000000,99,99,99,99,99,99,0,0,0,2,0
12,120730,1,1,0,1,1,1,1,103,0,16,5,2013,5,0,35,1,13,2,US-19,,99998,28.04521944,-82.73826667,0,8,0,0,1,1,0,1,3,1,0,1,0,0000000,99,99,99,99,99,99,19,0,0,1,0
12,120731,1,1,0,0,0,1,1,57,0,17,5,2013,6,2,52,0,6,6,GIBSONTON DR,,0,27.85710278,-82.33503889,0,33,0,0,1,1,0,3,2,1,0,1,0,0000000,99,99,99,99,99,99,0,0,0,1,1
12,120732,1,1,0,0,0,2,2,35,0,18,5,2013,7,1,15,1,13,2,US-1,,99998,29.51180278,-81.26384444,0,1,0,0,1,1,0,4,2,1,0,1,0,0000000,99,99,99,99,88,88,0,0,0,1,0
12,120733,1,1,0,0,0,1,1,105,1690,18,5,2013,7,16,34,0,16,6,CLEVELAND HEIGHTS BLVD,,0,28.00732778,-81.94876944,0,33,0,0,1,1,0,4,1,1,0,1,0,0000000,99,99,99,99,88,88,0,0,0,1,0
12,120734,1,1,0,0,0,1,1,43,0,18,5,2013,7,17,5,1,2,2,US-27,,99998,26.83360833,-81.15865556,0,3,0,0,1,1,0,5,1,1,0,1,0,0000000,99,99,99,99,99,99,0,0,0,1,0
12,120735,1,1,0,0,0,1,1,86,0,19,5,2013,1,13,52,0,16,6,SR854,,0,25.95641944,-80.22183611,0,33,0,0,1,1,0,4,1,1,0,1,0,0000000,99,99,99,99,88,88,0,0,0,1,0
12,120736,2,2,0,1,1,3,3,95,2360,20,5,2013,2,10,57,0,16,6,SEMORAN BV,,0,28.54011667,-81.310625,0,12,1,1,18,1,0,1,1,1,0,1,0,0000000,99,99,99,99,88,88,0,0,0,1,0
12,120737,1,1,0,0,0,1,1,33,2490,14,2,2013,5,2,7,0,14,3,SR-296,,99998,30.44518333,-87.18218056,0,38,0,0,1,1,0,4,3,1,0,1,0,0000000,99,99,99,99,88,88,0,0,0,1,1
12,120739,1,1,0,0,0,1,1,99,290,12,5,2013,1,3,55,1,11,1,I-95,,99998,26.33746944,-80.11739444,0,1,0,0,1,1,0,4,2,1,0,1,0,0000000,99,99,99,99,88,88,0,0,0,1,1
12,120740,1,1,0,1,1,1,1,89,1390,13,5,2013,2,0,10,1,2,2,US-1,,99998,30.69050278,-81.91844167,0,8,0,0,1,1,0,1,2,1,0,1,0,0000000,99,99,99,99,99,99,0,0,0,1,0
12,120741,2,2,0,0,0,3,3,99,2431,14,5,2013,3,14,25,0,16,6,PROSPERITY FARMS RD,RCA BLVD,0,26.83738333,-80.07238333,0,12,6,0,2,2,0,1,1,1,0,1,0,0000000,99,99,99,99,99,99,0,0,0,1,0
12,120742,1,1,0,0,0,1,1,47,0,17,5,2013,6,22,15,0,3,2,US-41,,99998,30.53889722,-83.049875,0,53,0,0,1,1,0,4,2,1,0,1,0,0000000,99,99,99,99,88,88,0,0,0,1,1
12,120743,1,1,0,0,0,2,2,57,0,17,5,2013,6,13,16,0,6,6,SLIGH AVE,,0,28.00593611,-82.32798333,0,38,0,0,1,1,0,4,1,1,0,1,0,0000000,99,99,99,99,99,99,0,0,0,1,1
12,120744,2,2,0,0,0,2,2,95,0,18,5,2013,7,5,36,0,2,3,SR-420,,99998,28.588325,-81.15270833,0,12,2,0,1,1,0,1,2,1,0,1,0,0000000,99,99,99,99,99,99,0,0,0,1,1
12,120745,2,2,0,0,0,2,2,57,0,18,5,2013,7,10,42,1,1,1,I-75,,99998,27.891375,-82.34845,0,12,7,0,1,1,0,1,1,10,0,10,0,0000000,99,99,99,99,99,99,0,0,0,1,0
12,120746,1,1,0,0,0,3,3,129,0,18,5,2013,7,20,35,0,4,3,SR-267,,99998,30.25712778,-84.34905278,0,1,0,0,1,1,0,4,5,1,0,1,0,0000000,99,99,99,99,99,99,0,0,0,1,0
12,120747,1,1,0,1,1,2,2,53,0,19,5,2013,1,3,9,0,6,8,NORTHCLIFFE BLVD,,0,28.49847778,-82.55943611,0,8,0,0,1,1,0,1,3,1,0,1,0,0000000,99,99,99,99,88,88,0,0,0,1,0
12,120748,1,1,0,0,0,1,1,113,0,19,5,2013,1,3,25,0,6,6,TIGER POINT BLVD,,0,30.38405,-87.07058889,0,1,0,0,1,1,0,1,2,10,0,10,0,0000000,99,99,99,99,99,99,0,0,0,1,1
12,120749,1,1,0,0,0,1,1,37,0,21,5,2013,3,6,0,1,2,2,US-98,,99998,29.78661667,-84.76749722,0,42,0,0,1,1,0,4,4,1,0,1,0,0000000,99,99,99,99,88,88,0,0,0,1,1
12,120750,3,3,0,0,0,3,3,86,1980,21,5,2013,3,18,2,0,16,6,NW 74TH ST,NW 79 PL,0,25.84075,-80.32761944,0,12,6,0,2,3,0,1,1,1,0,1,0,0000000,99,99,99,99,99,99,0,0,0,1,0
12,120751,1,1,0,1,1,1,1,95,0,22,5,2013,4,21,34,0,2,3,SR-50,,99998,28.55036111,-81.09785,0,8,0,0,1,1,0,1,2,1,0,1,0,0000000,99,99,99,99,99,99,0,0,0,1,1
12,120752,1,1,0,0,0,1,1,73,2940,24,5,2013,6,3,21,0,16,6,W THARPE ST,,0,30.46373056,-84.324825,0,42,0,0,1,1,0,4,3,1,0,1,0,0000000,99,99,99,99,88,88,0,0,0,1,1
12,120753,1,1,0,0,0,1,1,9,1990,24,5,2013,6,3,43,0,16,6,EAU GALLIE BLVD W,,0,28.12886944,-80.634025,0,10,0,0,6,1,0,1,3,1,0,1,0,272124T,99,99,99,99,99,99,0,0,0,1,1
12,120754,2,2,0,0,0,2,2,109,0,25,5,2013,7,6,50,1,2,3,SR-16,FOUR MILE RD,99998,29.915675,-81.37361944,0,12,6,0,2,3,0,1,1,1,0,1,0,0000000,99,99,99,99,99,99,0,0,0,1,0
12,120755,1,1,0,1,1,1,1,11,790,25,5,2013,7,18,46,1,13,3,SR-810,2ND TERRACE,99998,26.31869444,-80.10577778,0,8,0,0,2,2,0,1,1,10,0,10,0,0000000,99,99,99,99,99,99,0,0,0,1,0
12,120756,1,1,0,1,1,2,2,103,0,25,5,2013,7,20,30,1,2,3,SR-688,FEATHER SOUND DR,99998,27.89391111,-82.66286111,0,8,0,0,2,2,0,1,3,1,0,1,0,0000000,99,99,99,99,88,88,0,0,0,1,0
12,120757,2,2,0,0,0,5,5,69,580,27,5,2013,2,20,40,0,16,6,LAKE MINNEOLA DR,,0,28.56515556,-81.75567778,0,12,2,0,1,1,0,1,3,1,0,1,0,0000000,99,99,99,99,99,99,0,0,0,1,0
12,120758,1,1,0,1,1,1,1,113,0,28,5,2013,3,1,6,0,6,6,GARCON POINT RD,,0,30.48723056,-87.07037778,0,9,0,0,1,1,0,1,2,1,0,1,0,0000000,99,99,99,99,88,88,0,0,0,1,0