STATE,ST_CASE,VE_TOTAL,VE_FORMS,PVH_INVL,PEDS,PERNOTMVIT,PERMVIT,PERSONS,COUNTY,CITY,DAY,MONTH,YEAR,DAY_WEEK,HOUR,MINUTE,NHS,ROAD_FNC,ROUTE,TWAY_ID,TWAY_ID2,MILEPT,LATITUDE,LONGITUD,SP_JUR,HARM_EV,MAN_COLL,RELJCT1,RELJCT2,TYP_INT,WRK_ZONE,REL_ROAD,LGT_COND,WEATHER1,WEATHER2,WEATHER,SCH_BUS,RAIL,NOT_HOUR,NOT_MIN,ARR_HOUR,ARR_MIN,HOSP_HR,HOSP_MN,CF1,CF2,CF3,FATALS,DRUNK_DR
12,120759,1,1,0,0,0,1,1,95,0,29,5,2013,4,1,51,0,16,6,CHRISTOPHER STREET,,0,28.55159444,-81.57189444,0,1,0,0,1,1,0,4,3,1,0,1,0,0000000,99,99,99,99,88,88,0,0,0,1,1
12,120760,2,2,0,0,0,3,3,29,0,29,5,2013,4,9,30,1,2,2,US-19,,99998,29.59817778,-82.97352222,0,12,7,0,1,1,0,1,1,1,0,1,0,0000000,99,99,99,99,88,88,0,0,0,1,0
12,120761,1,1,0,0,0,3,3,5,2450,6,3,2013,4,23,25,0,16,6,16TH ST,LOUISE AVE,0,30.17734722,-85.71001111,0,40,0,0,3,3,0,4,3,1,0,1,0,0000000,99,99,99,99,99,99,0,0,0,1,0
12,120762,2,2,0,0,0,2,2,17,0,1,4,2013,2,20,50,0,16,6,CARDINAL ST,GROSS AVE,0,28.76404722,-82.53668056,0,12,1,0,3,3,0,1,3,1,0,1,0,0000000,99,99,99,99,88,88,0,0,0,1,0
12,120763,2,1,1,0,0,1,1,105,0,5,4,2013,6,20,30,0,6,8,10TH ST,CHESTNUT RD,0,28.06226389,-81.994225,0,43,0,0,3,3,0,4,2,10,0,10,0,0000000,99,99,99,99,88,88,0,0,0,1,1
12,120764,3,3,0,0,0,7,7,99,2660,13,4,2013,7,0,30,1,13,3,SR-708,SR 9,99998,26.78310833,-80.09811111,0,12,6,1,2,4,0,1,3,10,0,10,0,0000000,99,99,99,99,99,99,14,0,0,5,1
12,120765,1,1,0,0,0,2,2,117,0,21,4,2013,1,14,45,1,1,1,I-4,,99998,28.82267778,-81.33070278,0,24,0,0,1,1,0,3,1,2,0,2,0,0000000,99,99,99,99,99,99,0,0,0,1,0
12,120766,2,2,0,2,2,2,2,99,1190,27,4,2013,7,1,47,0,16,6,HAVERHILL RD,,0,26.62582778,-80.12135556,0,8,0,0,1,1,0,1,3,10,0,10,0,0000000,99,99,99,99,99,99,23,0,0,1,0
12,120768,1,1,0,0,0,1,1,31,1510,10,5,2013,6,5,20,1,13,3,SR-9A,PHILIPS HWY,99998,30.1672,-81.54061944,0,31,0,1,5,1,0,4,3,1,0,1,0,0000000,99,99,99,99,88,88,0,0,0,1,1
12,120769,2,2,0,0,0,11,11,55,0,10,5,2013,6,6,20,0,16,6,MEMORIAL DR,E CANFIELD ST,0,27.59164167,-81.49403056,0,12,6,0,2,2,0,1,4,1,0,1,0,0000000,99,99,99,99,99,99,0,0,0,1,0
12,120770,2,2,0,0,0,2,2,86,2441,10,5,2013,6,10,17,0,16,2,US-1,,0,25.61683611,-80.34631111,0,12,6,0,8,1,0,1,1,1,0,1,0,0000000,99,99,99,99,99,99,0,0,0,1,0
12,120771,1,1,0,0,0,3,3,71,0,10,5,2013,6,13,5,0,16,6,HOMESTEAD RD,,0,26.57095278,-81.62534444,0,42,0,0,1,1,0,4,1,1,0,1,0,0000000,99,99,99,99,99,99,0,0,0,1,0
12,120772,1,1,0,2,2,2,2,105,0,11,5,2013,7,22,20,0,6,4,CR-559,,0,27.95661667,-81.74443056,0,9,0,0,1,1,0,1,2,1,0,1,0,0000000,99,99,99,99,99,99,0,0,0,1,1
12,120773,2,2,0,0,0,6,6,105,0,12,5,2013,1,10,45,0,6,8,CYPRESS PKWY,,0,28.14273889,-81.48946389,0,12,2,0,1,1,0,1,1,1,0,1,0,0000000,99,99,99,99,99,99,0,0,0,1,2
12,120774,2,2,0,0,0,2,2,57,0,14,5,2013,3,19,17,1,11,1,I-75,GIBSONTON DR,99998,27.85011111,-82.35022778,0,12,6,1,2,2,0,1,1,1,0,1,0,0000000,99,99,99,99,88,88,0,0,0,1,0
12,120775,4,4,0,0,0,7,7,7,0,15,5,2013,4,11,52,0,4,3,SR-230,,99998,29.93857222,-82.05923333,0,12,1,0,1,1,1,1,1,1,0,1,0,0000000,99,99,99,99,99,99,0,0,0,1,0
12,120776,1,1,0,0,0,1,1,99,290,15,5,2013,4,13,27,1,13,3,SR-9,,99998,26.42225,-80.089725,0,1,0,0,1,1,0,4,1,1,0,1,0,0000000,99,99,99,99,99,99,0,0,0,1,0
12,120777,2,2,0,0,0,2,2,21,0,18,5,2013,7,15,52,0,6,4,CR-886,,0,26.17402778,-81.74481944,0,12,6,0,1,1,0,1,1,1,0,1,0,0000000,99,99,99,99,99,99,0,0,0,1,0
12,120778,1,1,0,0,0,1,1,123,0,15,5,2013,4,17,54,0,6,4,CR-361A,,0,30.02985556,-83.61830278,0,1,0,0,1,1,0,1,1,1,0,1,0,0000000,99,99,99,99,99,99,0,0,0,1,1
12,120779,2,2,0,0,0,2,2,17,0,18,5,2013,7,17,25,0,6,4,CR-488,,0,29.00746111,-82.56987778,0,12,1,0,8,1,0,1,1,1,0,1,0,0000000,99,99,99,99,99,99,0,0,0,1,0
12,120780,1,1,0,0,0,2,2,9,0,19,5,2013,1,22,35,0,2,3,SR-507,,99998,27.827325,-80.61055,0,1,0,0,1,1,0,4,2,10,0,10,0,0000000,99,99,99,99,99,99,0,0,0,1,1
12,120781,1,1,0,0,0,2,2,81,0,20,5,2013,2,22,45,0,16,6,LOCKWOOD RIDGE RD,,0,27.41197778,-82.50529722,0,25,0,0,1,1,0,3,3,1,0,1,0,0000000,99,99,99,99,99,99,0,0,0,1,1
12,120782,2,2,0,0,0,4,4,101,0,21,5,2013,3,10,42,1,1,1,I-75,,99998,28.18093056,-82.38986667,0,12,1,0,1,1,1,1,1,1,0,1,0,0000000,10,40,10,50,99,99,0,0,0,1,0
12,120784,1,1,0,1,1,1,1,101,0,23,5,2013,5,21,10,1,13,2,US-19,,99998,28.33437778,-82.69942222,0,8,0,0,1,1,0,1,3,1,0,1,0,0000000,99,99,99,99,88,88,0,0,0,1,0
12,120785,1,1,0,0,0,1,1,97,0,24,5,2013,6,1,6,0,6,6,OSCEOLA PKWY,SR-423,0,28.34233056,-81.41961111,0,33,0,0,3,2,0,4,3,1,0,1,0,0000000,99,99,99,99,88,88,0,0,0,1,0
12,120786,1,1,0,1,1,2,2,85,0,24,5,2013,6,20,30,1,13,2,US-1,,99998,27.25245,-80.27651667,0,8,0,0,1,1,0,1,2,1,0,1,0,0000000,99,99,99,99,99,99,0,0,0,1,0
12,120787,2,2,0,0,0,3,3,57,0,24,5,2013,6,19,5,0,16,6,BEARASS RD,LAKE EMERALD BLVD,0,28.089125,-82.48441389,0,12,6,0,2,3,0,1,1,1,0,1,0,0000000,99,99,99,99,99,99,0,0,0,1,1
12,120788,1,1,0,1,1,1,1,87,0,26,5,2013,1,6,15,1,13,2,US-1,,99998,24.71042222,-81.09591389,0,8,0,0,1,1,0,4,4,1,0,1,0,0000000,99,99,99,99,88,88,0,0,0,1,0
12,120789,1,1,0,1,1,1,1,95,2360,27,5,2013,2,5,12,1,13,3,SR-423,SR-438,99998,28.5699,-81.41501389,0,9,0,0,2,2,0,1,3,1,0,1,0,0000000,99,99,99,99,88,88,0,0,0,1,0
12,120790,2,2,0,0,0,3,3,43,0,27,5,2013,2,8,10,1,2,2,US-27,,99998,26.81486944,-81.08269722,0,12,1,0,1,1,0,1,1,1,0,1,0,0000000,99,99,99,99,99,99,0,0,0,1,0
12,120791,1,1,0,0,0,1,1,113,0,27,5,2013,2,16,0,0,14,3,SR-89,,99998,30.69711389,-87.06393611,0,49,0,0,1,1,0,4,1,1,0,1,0,0000000,99,99,99,99,99,99,0,0,0,1,0
12,120792,1,1,0,1,1,1,1,9,1990,27,5,2013,2,9,31,1,13,2,US-1,SARNO RD,99998,28.12158333,-80.63094722,0,9,0,0,2,2,0,1,1,1,0,1,0,0000000,99,99,99,99,99,99,0,0,0,1,0
12,120794,1,1,0,1,1,1,1,115,2780,28,3,2013,5,20,3,1,13,2,US-41,,99998,27.352375,-82.50095,0,8,0,0,1,1,0,1,3,1,0,1,0,0000000,99,99,99,99,99,99,0,0,0,1,0
12,120795,2,2,0,0,0,2,2,57,2950,12,2,2013,3,18,50,0,16,6,GANDY BLVD,CULBREATH KEY WAY,0,27.89321667,-82.53395,0,12,1,0,1,1,0,1,3,1,0,1,0,0000000,99,99,99,99,88,88,0,0,0,1,1
12,120796,1,1,0,0,0,1,1,57,2950,24,2,2013,1,23,47,1,13,3,SR-580,US-41,99998,28.03293333,-82.45956667,0,33,0,0,3,2,0,4,3,5,0,5,0,0000000,99,99,99,99,99,99,0,0,0,1,1
12,120797,2,2,0,0,0,2,2,86,0,28,2,2013,5,16,14,0,16,6,157TH AVE,,0,25.50237222,-80.444875,0,12,2,0,1,1,0,1,1,1,0,1,0,0000000,99,99,99,99,88,88,0,0,0,1,0
12,120798,1,1,0,0,0,1,1,15,0,6,4,2013,7,10,53,0,6,6,HARBOUR BLVD,NORTH TAMIAMI TRAIL,0,26.98203889,-82.09688333,0,42,0,0,3,2,0,4,1,1,0,1,0,0000000,99,99,99,99,99,99,0,0,0,1,0
12,120799,2,2,0,0,0,3,3,87,0,17,4,2013,4,20,55,1,2,2,US-1,,99998,24.71156389,-81.09448056,0,12,2,0,1,1,0,1,2,1,0,1,0,0000000,99,99,99,99,99,99,0,0,0,1,2
12,120800,4,4,0,0,0,5,5,99,0,3,5,2013,6,11,52,1,13,3,SR-80,,99998,26.67738889,-80.09199722,0,12,6,0,1,1,0,1,1,1,0,1,0,0000000,99,99,99,99,99,99,14,0,0,1,0
12,120801,1,1,0,0,0,1,1,83,0,10,5,2013,6,0,25,0,16,6,136TH PL,,0,29.023975,-82.00031944,0,53,0,0,1,1,0,4,3,1,0,1,0,0000000,99,99,99,99,99,99,0,0,0,1,0
12,120802,2,2,0,0,0,3,3,87,1505,13,5,2013,2,17,41,1,13,2,US-1,,99998,24.98355556,-80.54636944,0,12,2,0,1,1,0,1,1,1,0,1,0,0000000,99,99,99,99,99,99,0,0,0,1,1
12,120803,2,2,0,0,0,3,3,11,0,18,5,2013,7,2,45,0,13,3,SR-821,,99998,25.97143611,-80.27520556,0,12,1,0,1,1,0,1,2,10,0,10,0,0000000,99,99,99,99,99,99,0,0,0,1,1
12,120804,1,1,0,0,0,1,1,5,0,19,5,2013,1,3,45,0,6,4,CR-3031,,0,30.14327222,-85.74950833,0,33,0,0,1,1,0,4,3,1,0,1,0,0000000,99,99,99,99,88,88,0,0,0,1,1
12,120805,1,1,0,0,0,1,1,53,0,21,5,2013,3,11,21,1,2,2,US-19,,99998,28.68799444,-82.55257778,0,25,0,0,1,1,0,3,1,1,0,1,0,0000000,99,99,99,99,99,99,0,0,0,1,0
12,120806,1,1,0,1,1,1,1,87,0,23,5,2013,5,21,55,1,13,2,US-10,,99998,24.59496389,-81.661525,0,8,0,0,1,1,0,1,2,1,0,1,0,0000000,99,99,99,99,88,88,0,0,0,1,0
12,120807,2,2,0,0,0,2,2,51,0,25,5,2013,7,20,5,0,6,8,HACIENDA ST N,,0,26.66231944,-81.11224722,0,12,1,0,1,1,0,1,2,1,0,1,0,0000000,99,99,99,99,88,88,0,0,0,1,0
12,120808,1,1,0,0,0,1,1,11,0,25,5,2013,7,20,30,1,1,1,I-75,,99998,26.14660278,-80.636475,0,1,0,0,1,1,0,4,2,1,0,1,0,0000000,99,99,99,99,99,99,0,0,0,1,1
12,120809,2,2,0,0,0,4,4,23,0,25,5,2013,7,20,30,0,3,3,SR-47,SW KING ST,99998,30.10450278,-82.66363889,0,12,6,0,2,2,0,1,5,1,0,1,0,0000000,99,99,99,99,99,99,0,0,0,1,1
12,120810,1,1,0,0,0,3,3,105,0,26,5,2013,1,23,49,1,13,3,SR-60,,99998,27.92714167,-82.04962222,0,1,0,0,1,1,0,3,3,1,0,1,0,0000000,99,99,99,99,99,99,0,0,0,1,0
12,120811,1,1,0,0,0,1,1,83,0,28,5,2013,3,8,12,0,2,3,SR-326,,99998,29.25973333,-82.15713333,0,31,0,0,1,1,0,4,1,1,0,1,0,0000000,99,99,99,99,99,99,0,0,0,1,0
12,120812,1,1,0,1,1,1,1,11,2916,30,5,2013,5,11,39,0,16,6,W OAKLAND PARK BLVD,,0,26.16916944,-80.28269167,0,15,0,0,1,1,0,1,1,10,0,10,0,0000000,99,99,99,99,88,88,0,0,0,1,0
12,120813,2,2,0,0,0,3,3,95,0,31,5,2013,6,15,15,0,2,3,SR-536,,99998,28.35842778,-81.51191944,0,12,2,0,1,1,0,1,1,1,0,1,0,0000000,99,99,99,99,99,99,0,0,0,1,0
12,120814,1,1,0,1,1,1,1,105,0,1,6,2013,7,4,30,1,1,1,I-4,,99998,28.298,-81.58034167,0,8,0,0,1,1,0,1,3,1,0,1,0,0000000,99,99,99,99,88,88,0,0,0,1,0
12,120815,2,2,0,0,0,2,2,121,0,1,6,2013,7,17,48,0,3,2,US-90,,99998,30.26179722,-82.91150833,0,12,1,0,1,1,0,1,1,10,0,10,0,0000000,99,99,99,99,88,88,0,0,0,1,1
12,120816,1,1,0,0,0,1,1,33,2490,1,6,2013,7,0,28,1,11,1,I-10,,99998,30.42186111,-87.21401944,0,39,0,0,1,1,0,3,2,1,0,1,0,0000000,99,99,99,99,88,88,0,0,0,1,1
12,120817,2,2,0,0,0,3,3,95,0,3,6,2013,2,0,32,1,2,3,SR-536,SR-535,99998,28.35720833,-81.49660278,0,12,1,0,3,2,0,1,2,1,0,1,0,0000000,99,99,99,99,99,99,0,0,0,2,1
12,120818,1,1,0,0,0,1,1,9,0,3,6,2013,2,15,50,1,1,1,I-95,,99998,28.14951944,-80.70573611,0,41,0,0,1,1,0,4,1,10,0,10,0,0000000,99,99,99,99,88,88,0,0,0,1,0
12,120819,1,1,0,2,2,1,1,95,2360,3,6,2013,2,22,44,0,16,6,SILVER STAR DR,,0,28.57792222,-81.442675,0,8,0,0,1,1,0,4,3,1,0,1,0,0000000,99,99,99,99,99,99,0,0,0,2,0
12,120820,1,1,0,1,1,1,1,31,1510,4,6,2013,3,10,42,1,13,3,SR-139,,99998,30.3333,-81.6576,0,8,0,0,1,1,0,1,1,1,0,1,0,0000000,99,99,99,99,99,99,0,0,0,1,0
12,120821,2,2,0,0,0,4,4,117,2770,20,2,2013,4,12,20,0,13,3,SR-46A,HARTWELL AVE,99998,28.78665,-81.28024444,0,12,6,0,2,2,0,1,1,1,0,1,0,0000000,99,99,99,99,99,99,0,0,0,1,0
12,120822,1,1,0,0,0,1,1,49,0,5,5,2013,1,0,55,1,2,3,SR-66,,99998,27.45353056,-81.64168333,0,1,0,0,1,1,0,4,3,1,0,1,0,0000000,99,99,99,99,88,88,0,0,0,1,1
12,120823,1,1,0,0,0,1,1,119,0,11,5,2013,7,23,2,0,6,4,CR-48,,0,28.69084722,-82.19623889,0,42,0,0,1,1,0,4,2,10,0,10,0,0000000,99,99,99,99,88,88,0,0,0,1,0
12,120824,2,2,0,1,1,3,3,117,2770,15,5,2013,4,13,31,0,13,3,SR-46,,99998,28.81176389,-81.26204444,0,9,0,0,1,1,0,2,1,1,0,1,0,0000000,99,99,99,99,88,88,0,0,0,1,0
12,120825,1,1,0,1,1,1,1,11,1050,18,5,2013,7,14,17,0,16,6,TERMINAL DR,,0,26.07017778,-80.13938611,0,8,0,0,1,1,0,1,1,1,0,1,0,0000000,99,99,99,99,88,88,0,0,0,1,0
12,120826,2,2,0,0,0,2,2,11,672,22,5,2013,4,19,0,0,16,4,CR-WILES RD,66TH TERR,0,26.28638333,-80.216675,0,12,6,0,2,3,0,1,1,2,0,2,0,0000000,99,99,99,99,99,99,0,0,0,1,0
12,120827,2,2,0,0,0,2,2,95,0,19,6,2013,4,10,50,1,13,3,SR-91,,99998,28.41688889,-81.39186944,0,12,1,0,1,1,0,1,1,1,0,1,0,0000000,99,99,99,99,99,99,0,0,0,1,0
12,120828,2,2,0,0,0,2,2,5,2450,24,5,2013,6,22,14,0,14,2,US-98,,99998,30.17510833,-85.65758611,0,12,1,0,8,1,0,1,3,1,0,1,0,0000000,99,99,99,99,99,99,0,0,0,1,0
12,120829,1,1,0,0,0,1,1,121,0,25,5,2013,7,3,30,0,6,6,29TH ROAD,,0,30.18534167,-82.80265556,0,34,0,0,1,1,0,4,2,1,0,1,0,0000000,99,99,99,99,88,88,0,0,0,1,1
12,120830,2,2,0,0,0,5,5,89,0,25,5,2013,7,22,35,1,2,2,US-1,RATLIFF ROAD,99998,30.51078611,-81.79325,0,12,6,0,2,2,0,1,2,1,0,1,0,0000000,99,99,99,99,99,99,0,0,0,1,0
12,120831,1,1,0,0,0,1,1,93,2300,29,5,2013,4,22,38,1,13,3,SR-70,,99998,27.24373611,-80.81733611,0,33,0,0,1,1,0,4,3,10,0,10,0,0000000,99,99,99,99,88,88,0,0,0,1,1
12,120832,2,2,0,0,0,2,2,61,0,30,5,2013,5,12,16,0,6,4,CR-606,CR-607,0,27.60211111,-80.50738056,0,12,2,0,2,2,0,1,1,2,0,2,0,0000000,99,99,99,99,99,99,0,0,0,1,0
12,120833,2,2,0,0,0,6,6,75,0,31,5,2013,6,16,45,1,2,2,US-19,,99998,29.57436389,-82.91475833,0,12,2,0,1,1,0,1,1,1,0,1,0,0000000,99,99,99,99,99,99,0,0,0,1,0
12,120834,1,1,0,1,1,1,1,57,0,31,5,2013,6,21,3,0,6,6,HILLSBOROUGH AVE,,0,28.00016667,-82.59208889,0,8,0,0,1,1,0,1,3,1,0,1,0,0000000,99,99,99,99,88,88,0,0,0,1,0
12,120835,4,4,0,0,0,5,5,105,1740,31,5,2013,6,13,18,1,13,3,SR-60,11TH ST,99998,27.893925,-81.56468889,0,12,2,0,2,2,0,1,1,10,0,10,0,0000000,99,99,99,99,99,99,0,0,0,1,0
12,120836,3,2,1,1,2,3,4,86,2010,31,5,2013,6,23,57,1,1,1,I-395,,99998,25.78543333,-80.214575,0,12,99,1,18,1,0,1,3,2,0,2,0,0000000,99,99,99,99,99,99,0,0,0,1,0
12,120837,2,2,0,0,0,2,2,111,0,1,6,2013,7,2,28,0,6,6,OCEAN DR,,0,27.39205833,-80.26188056,0,12,2,0,1,1,0,1,2,1,0,1,0,0000000,99,99,99,99,99,99,0,0,0,1,1
12,120838,1,1,0,0,0,1,1,31,1510,1,6,2013,7,21,55,1,13,3,SR-113,,99998,30.32364444,-81.55981667,0,24,0,0,1,1,0,4,3,10,0,10,0,0000000,99,99,99,99,88,88,0,0,0,1,0
12,120839,2,2,0,0,0,7,7,31,1510,2,6,2013,1,0,25,1,11,1,I-295,,99998,30.45937222,-81.64916111,0,12,6,0,1,1,0,1,3,1,0,1,0,0000000,99,99,99,99,99,99,0,0,0,1,0
12,120840,2,2,0,0,0,2,2,95,0,8,6,2013,7,10,55,0,6,4,CR-535,LAKE CAWOOD DR,0,28.48132778,-81.58267778,0,12,6,0,1,1,0,1,1,1,0,1,0,0000000,99,99,99,99,99,99,0,0,0,1,0
12,120841,1,1,0,0,0,1,1,9,0,8,6,2013,7,23,35,1,1,1,I-95,,99998,28.71708889,-80.89024444,0,24,0,0,1,1,0,3,2,10,0,10,0,0000000,99,99,99,99,88,88,0,0,0,1,1
12,120842,1,1,0,0,0,1,1,101,0,23,3,2013,7,20,22,0,6,6,LA MADERA BLVD,,0,28.33091111,-82.677775,0,1,0,0,1,1,0,1,3,10,0,10,0,0000000,99,99,99,99,88,88,0,0,0,1,0
12,120843,2,2,0,0,0,2,2,86,1340,11,1,2013,6,11,27,0,16,6,WEST 10TH AVE,WEST 33RD PLACE,0,25.85237778,-80.30236944,0,12,6,0,2,2,0,1,1,1,0,1,0,0000000,99,99,99,99,88,88,0,0,0,1,0
12,120844,2,2,0,0,0,2,2,86,1340,13,2,2013,4,20,4,0,16,6,WEST 8TH AVE,WEST 35TH STREET,0,25.85341944,-80.29836667,0,12,6,0,2,2,0,1,3,1,0,1,0,0000000,99,99,99,99,99,99,0,0,0,1,0
12,120845,2,2,0,0,0,2,2,71,0,29,5,2013,4,8,9,0,3,3,SR-82,,99998,26.59434167,-81.73992778,0,12,6,0,1,1,0,1,1,1,0,1,0,0000000,8,22,8,57,99,99,0,0,0,1,0
12,120846,1,1,0,1,1,1,1,1,1130,14,6,2013,6,21,10,1,13,3,SR-26,,99998,29.65301944,-82.38269444,0,8,0,0,1,1,0,1,3,2,0,2,0,0000000,99,99,99,99,99,99,0,0,0,1,0
12,120847,1,1,0,1,1,1,1,71,1070,3,6,2013,2,22,0,1,13,3,SR-884,,99998,26.59721944,-81.85219167,0,8,0,0,1,1,0,1,3,1,0,1,0,0000000,99,99,99,99,88,88,0,0,0,1,0
12,120849,1,1,0,0,0,2,2,121,0,5,6,2013,4,22,50,1,11,1,I-10,,99998,30.28817222,-82.85390833,0,1,0,0,1,1,0,4,2,10,0,10,0,0000000,99,99,99,99,99,99,0,0,0,1,1
12,120851,1,1,0,1,1,1,1,105,1690,7,6,2013,6,15,24,1,13,2,US-92,,99998,28.050725,-81.92767222,0,8,0,0,1,1,0,4,1,1,0,1,0,0000000,99,99,99,99,88,88,0,0,0,1,0
12,120852,3,3,0,0,0,3,3,1,0,8,6,2013,7,1,20,1,11,1,I-75,,99998,29.76496944,-82.50473889,0,12,1,0,1,1,0,1,2,1,0,1,0,0000000,99,99,99,99,88,88,0,0,0,1,1
12,120853,2,2,0,0,0,3,3,33,0,8,6,2013,7,17,35,1,13,2,US-90,,99998,30.50059167,-87.34318889,0,12,6,0,1,1,0,1,1,1,0,1,0,0000000,99,99,99,99,99,99,0,0,0,1,1
12,120854,1,1,0,0,0,2,2,9,1990,9,6,2013,1,0,0,0,16,6,NASA BLVD,,0,28.09789722,-80.65726111,0,25,0,0,1,1,0,3,3,1,0,1,0,0000000,99,99,99,99,99,99,0,0,0,1,1
12,120855,2,2,0,0,0,2,2,86,2526,9,6,2013,1,22,24,0,16,6,DATRAN DR,DIXIE HWY,0,25.68375,-80.31399444,0,12,6,0,2,2,0,1,3,1,0,1,0,0000000,99,99,99,99,99,99,0,0,0,1,1
12,120856,1,1,0,1,1,1,1,115,2780,17,5,2013,6,21,35,1,13,2,US-41,,99998,27.31766944,-82.52972222,0,8,0,0,1,1,0,1,3,1,0,1,0,0000000,99,99,99,99,99,99,0,0,0,1,0
12,120857,1,1,0,0,0,1,1,81,0,28,5,2013,3,21,43,1,11,1,I-75,,99998,27.60920833,-82.49579722,0,42,0,0,1,1,0,5,2,10,0,10,0,0000000,99,99,99,99,88,88,0,0,0,1,1
12,120858,2,2,0,1,1,4,4,9,0,30,5,2013,5,10,0,1,1,1,I-95,,99998,28.47778333,-80.82105,0,12,7,0,1,1,4,1,1,2,0,2,0,0000000,99,99,99,99,99,99,19,0,0,1,0
12,120859,1,1,0,1,1,1,1,103,570,1,6,2013,7,10,45,0,6,6,SUNSET POINT RD,N BELCHER ROAD,0,27.98991111,-82.74505833,0,9,0,0,2,2,0,1,1,1,0,1,0,0000000,99,99,99,99,99,99,0,0,0,1,0
12,120860,2,2,0,0,0,2,2,127,0,3,6,2013,2,10,7,1,13,2,US-92,,99998,29.10636944,-81.20424167,0,12,1,0,1,1,0,1,1,1,0,1,0,0000000,99,99,99,99,99,99,0,0,0,1,0
12,120861,2,2,0,0,0,7,7,95,2360,9,6,2013,1,9,27,0,13,3,SR-528,,99998,28.42087778,-81.44886667,0,12,6,0,1,1,0,1,1,10,0,10,0,0000000,99,99,99,99,99,99,0,0,0,1,0
12,120862,2,2,0,0,0,2,2,81,0,12,6,2013,4,21,40,0,2,3,SR-684,,99998,27.46241944,-82.59881944,0,12,7,0,1,1,0,1,3,1,0,1,0,0000000,99,99,99,99,99,99,0,0,0,1,1
12,120863,2,2,0,0,0,2,2,9,2424,13,6,2013,5,11,50,0,16,6,EMERSON DR,INN PL,0,28.03191389,-80.68577222,0,12,6,0,2,3,0,1,1,10,0,10,0,0000000,99,99,99,99,99,99,0,0,0,1,0
12,120864,1,1,0,1,1,2,2,86,2010,29,3,2013,6,23,38,0,16,6,79TH ST,1 CT,0,25.84750833,-80.19476111,0,8,0,0,2,3,0,1,3,1,0,1,0,0000000,99,99,99,99,88,88,0,0,0,1,0
12,120865,1,1,0,0,0,1,1,87,0,31,3,2013,1,1,58,0,6,4,CR-942,,0,24.65160833,-81.43700833,0,42,0,0,1,1,0,4,2,1,0,1,0,0000000,99,99,99,99,88,88,0,0,0,1,1
12,120866,1,1,0,1,1,1,1,53,390,12,1,2013,7,4,40,1,13,3,SR-50,,99998,28.5447,-82.41836389,0,8,0,0,1,1,0,1,2,1,0,1,0,0000000,99,99,99,99,88,88,0,0,0,1,0
12,120867,3,3,0,0,0,7,7,57,0,29,4,2013,2,14,37,1,13,2,US-301,,99998,27.6814,-82.34616667,0,12,1,0,1,1,0,1,1,1,0,1,0,0000000,99,99,99,99,99,99,0,0,0,1,0
12,120868,2,2,0,0,0,4,4,99,0,18,5,2013,7,12,51,1,13,3,SR-806,EL CLAIR RANCH RD,99998,26.45378333,-80.14245278,0,12,6,0,2,2,0,1,1,10,0,10,0,0000000,99,99,99,99,99,99,0,0,0,1,0
12,120869,1,1,0,1,1,1,1,5,2450,18,5,2013,7,21,10,0,16,6,M L KING BLVD,E 9TH CT,0,30.16558889,-85.65021944,0,8,0,0,1,1,0,1,3,1,0,1,0,0000000,99,99,99,99,99,99,0,0,0,1,0
12,120870,2,2,0,0,0,3,3,71,0,18,5,2013,7,22,8,1,13,3,SR-78,,99998,26.67794722,-81.91841111,0,12,1,0,1,1,0,1,2,1,0,1,0,0000000,99,99,99,99,99,99,0,0,0,1,1
12,120871,2,2,0,0,0,3,3,31,1510,24,5,2013,6,12,27,1,11,1,I-295,,99998,30.45997222,-81.65067778,0,12,1,1,18,1,0,1,1,10,0,10,0,0000000,99,99,99,99,88,88,0,0,0,1,1
12,120872,2,2,0,0,0,2,2,57,0,31,5,2013,6,2,7,0,2,3,SR-574,,99998,27.98149722,-82.30355556,0,12,1,0,1,1,0,1,3,1,0,1,0,0000000,99,99,2,16,88,88,0,0,0,1,1
12,120873,2,2,0,0,0,2,2,5,0,1,6,2013,7,4,25,0,6,4,CR-3031,,0,30.165525,-85.75630278,0,12,2,0,8,1,0,1,2,1,0,1,0,0000000,99,99,99,99,99,99,0,0,0,1,1
12,120874,1,1,0,0,0,1,1,107,0,2,6,2013,1,22,15,0,3,3,SR-26,,99998,29.71276389,-82.02721944,0,42,0,0,1,1,0,4,2,2,0,2,0,0000000,99,99,99,99,99,99,0,0,0,1,0
12,120875,2,2,0,0,0,2,2,101,0,4,6,2013,3,16,5,0,6,4,CR-518,CR-77,0,28.22608056,-82.69055833,0,12,6,0,2,2,0,1,1,2,0,2,0,0000000,99,99,99,99,99,99,0,0,0,1,0
12,120876,3,3,0,0,0,6,6,9,1896,9,6,2013,1,11,43,0,13,3,SR-514,WEBER RD,99998,27.997675,-80.60631667,0,12,1,0,2,3,0,1,1,1,0,1,0,0000000,99,99,99,99,99,99,0,0,0,1,0