STATE,ST_CASE,VE_TOTAL,VE_FORMS,PVH_INVL,PEDS,PERNOTMVIT,PERMVIT,PERSONS,COUNTY,CITY,DAY,MONTH,YEAR,DAY_WEEK,HOUR,MINUTE,NHS,ROAD_FNC,ROUTE,TWAY_ID,TWAY_ID2,MILEPT,LATITUDE,LONGITUD,SP_JUR,HARM_EV,MAN_COLL,RELJCT1,RELJCT2,TYP_INT,WRK_ZONE,REL_ROAD,LGT_COND,WEATHER1,WEATHER2,WEATHER,SCH_BUS,RAIL,NOT_HOUR,NOT_MIN,ARR_HOUR,ARR_MIN,HOSP_HR,HOSP_MN,CF1,CF2,CF3,FATALS,DRUNK_DR
12,120877,2,2,0,0,0,2,2,23,1660,12,6,2013,4,21,5,0,16,6,BAYA DRIVE,PERRY AVE,0,30.1833,-82.6295,0,12,6,0,2,2,0,1,3,1,0,1,0,0000000,99,99,99,99,99,99,0,0,0,1,0
12,120878,1,1,0,1,1,1,1,99,2660,13,6,2013,5,13,26,1,11,1,I-95,,99998,26.39147778,-80.09761389,0,8,0,0,1,1,0,1,1,10,0,10,0,0000000,99,99,99,99,88,88,0,0,0,1,0
12,120879,2,2,0,0,0,2,2,11,790,15,6,2013,7,17,42,0,16,6,S MILITARY TR,SAWGRASS PROMENADE,0,26.30445,-80.12950833,0,12,8,0,2,2,0,1,1,1,0,1,0,0000000,99,99,99,99,99,99,0,0,0,1,0
12,120880,1,1,0,0,0,1,1,111,0,16,6,2013,1,2,20,0,6,4,CR-605,,0,27.48853889,-80.33962778,0,30,0,0,1,1,0,4,2,1,0,1,0,0000000,99,99,99,99,88,88,0,0,0,1,1
12,120881,1,1,0,1,1,1,1,31,1510,16,6,2013,1,15,42,0,16,6,TOWNSEND BLVD,,0,30.3598,-81.5773,0,9,0,0,1,1,0,4,1,1,0,1,0,0000000,99,99,99,99,99,99,0,0,0,1,1
12,120882,1,1,0,1,1,1,1,11,2083,9,1,2013,4,8,33,0,6,4,CR-858,,0,25.98441389,-80.21002778,0,8,0,0,1,1,4,1,3,1,0,1,0,0000000,99,99,99,99,99,99,0,0,0,1,0
12,120883,2,2,0,0,0,2,2,86,2010,10,1,2013,5,19,43,0,16,6,SW 57TH AVE,SW 2ND TERRACE,0,25.76852222,-80.28806111,0,12,6,0,2,3,0,1,5,1,0,1,0,0000000,99,99,99,99,99,99,0,0,0,1,0
12,120884,1,1,0,1,1,1,1,86,2010,11,1,2013,6,21,7,0,16,6,NW 22ND AVE,NW 33RD ST,0,25.80652778,-80.23188889,0,8,0,0,2,2,0,1,3,10,0,10,0,0000000,99,99,99,99,88,88,0,0,0,1,0
12,120885,1,1,0,0,0,1,1,35,410,13,1,2013,1,14,14,0,16,6,N STATE ST,2323 N STATE ST,0,29.480425,-81.26733611,0,1,0,1,2,3,0,1,1,1,0,1,0,0000000,99,99,99,99,99,99,0,0,0,1,0
12,120886,2,2,0,0,0,4,4,109,2690,16,1,2013,4,15,35,1,13,2,US-1,DANIELS ST,99998,29.88958611,-81.32474167,0,12,6,0,2,3,0,1,1,1,0,1,0,0000000,99,99,99,99,99,99,0,0,0,1,0
12,120887,1,1,0,0,0,2,2,11,1782,16,1,2013,4,18,14,0,16,6,67TH WAY,,0,26.17318611,-80.23929444,0,5,0,0,1,1,0,1,3,1,0,1,0,0000000,99,99,99,99,99,99,0,0,0,1,0
12,120888,2,2,0,0,0,3,3,5,2880,23,1,2013,4,22,48,1,13,2,US-98,TRAM ROAD,99998,30.17288611,-85.5926,0,12,6,0,2,4,0,1,2,1,0,1,0,0000000,99,99,99,99,88,88,0,0,0,1,0
12,120889,2,2,0,0,0,2,2,86,2010,26,1,2013,7,14,24,0,16,6,SW 132ND AVE,SW 52ND ST,0,25.71810556,-80.40718889,0,12,6,0,2,3,0,1,1,1,0,1,0,0000000,99,99,99,99,99,99,0,0,0,1,0
12,120890,1,1,0,1,1,1,1,86,0,29,1,2013,3,20,49,0,16,6,SW 137TH AVE,,0,25.51865833,-80.41252778,0,8,0,0,1,1,0,1,3,1,0,1,0,0000000,99,99,99,99,99,99,0,0,0,1,0
12,120891,1,1,0,1,1,2,2,121,1830,2,2,2013,7,11,34,0,14,2,US-129,KING ST,99998,30.30176667,-82.98163889,0,8,0,1,2,2,0,1,1,1,0,1,0,0000000,99,99,99,99,99,99,0,0,0,1,0
12,120892,2,1,1,0,0,2,2,86,2330,4,2,2013,2,1,18,0,16,6,OPA LOCKA BLVD,,0,25.89825278,-80.23201667,0,30,0,0,1,1,0,4,3,1,0,1,0,0000000,99,99,99,99,99,99,0,0,0,1,1
12,120893,2,2,0,0,0,3,3,11,1782,8,2,2013,6,22,40,0,16,6,OAKLAND PARK BLVD,INVERRARY BLVD,0,26.16479167,-80.22708056,0,12,7,0,3,2,0,1,3,1,0,1,0,0000000,99,99,99,99,88,88,0,0,0,2,0
12,120894,2,2,0,0,0,2,2,35,0,12,2,2013,3,11,45,0,6,6,OCEANSHORE BLVD,,0,29.43854444,-81.10846944,0,12,1,0,1,1,0,1,1,1,0,1,0,0000000,99,99,99,99,99,99,0,0,0,1,0
12,120896,1,1,0,0,0,1,1,86,0,17,2,2013,1,14,37,0,16,6,127TH AVE,,0,25.69539444,-80.398625,0,38,0,0,1,1,0,5,1,1,0,1,0,0000000,99,99,99,99,99,99,0,0,0,1,0
12,120897,6,4,2,0,0,5,5,57,0,22,2,2013,6,13,34,0,6,8,ANDERSON RD,CEDAR CREEK BLVD,0,28.05864722,-82.54274167,0,12,6,0,2,2,0,1,1,1,0,1,0,0000000,99,99,99,99,99,99,0,0,0,1,0
12,120898,2,2,0,0,0,2,2,57,0,24,2,2013,1,3,22,0,6,6,EHRILCH RD,,0,28.08397222,-82.54068611,0,12,6,0,8,1,0,1,3,1,0,1,0,0000000,99,99,99,99,88,88,0,0,0,1,1
12,120899,2,2,0,0,0,2,2,17,0,25,2,2013,2,7,58,1,13,2,US-19,,99998,28.95011667,-82.62568333,0,12,6,0,8,1,0,1,1,10,0,10,0,0000000,99,99,99,99,88,88,0,0,0,1,0
12,120901,1,1,0,1,1,1,1,86,0,8,3,2013,6,16,8,0,16,6,SW 11TH ST,,0,25.76136389,-80.26402778,0,8,0,0,1,1,0,1,1,1,0,1,0,0000000,99,99,99,99,99,99,0,0,0,1,0
12,120902,1,1,0,0,0,1,1,9,0,19,3,2013,3,21,30,0,6,6,CALAMONDIN AVE,,0,28.415075,-80.83474167,0,1,0,0,1,1,0,1,2,1,0,1,0,0000000,99,99,99,99,99,99,0,0,0,1,0
12,120903,2,2,0,0,0,2,2,11,1782,20,3,2013,4,23,56,0,9,8,N UNIVERSITY DR,,99998,26.19285556,-80.25201389,0,12,6,0,7,1,0,1,2,1,0,1,0,0000000,99,99,99,99,99,99,0,0,0,1,1
12,120904,2,2,0,0,0,2,2,71,0,25,3,2013,2,13,38,1,13,2,US-41,SHADOW CREEK BLVD,99998,26.46855556,-81.83424444,0,12,6,1,2,3,0,1,1,1,0,1,0,0000000,99,99,99,99,99,99,0,0,0,1,0
12,120905,1,1,0,1,1,1,1,86,2010,27,3,2013,4,20,50,0,16,6,NW 12TH AVE,,0,25.79918056,-80.21513889,0,8,0,0,1,1,0,1,3,1,0,1,0,0000000,99,99,99,99,99,99,0,0,0,1,0
12,120906,3,3,0,0,0,6,6,9,3000,28,3,2013,5,20,47,1,13,2,US-1,HARRISON ST,99998,28.58417778,-80.80131667,0,12,6,0,2,3,0,1,3,1,0,1,0,0000000,99,99,99,99,99,99,0,0,0,1,0
12,120907,2,1,1,1,1,1,1,81,0,30,3,2013,7,20,8,0,6,6,CORTEZ RD,,0,27.46194167,-82.64224167,0,14,0,0,1,1,0,5,3,1,0,1,0,0000000,99,99,99,99,99,99,0,0,0,1,0
12,120908,1,1,0,1,1,3,3,11,1050,30,3,2013,7,15,8,0,16,6,12TH AVE,,0,26.09251389,-80.15681944,0,8,0,0,1,1,0,1,1,1,0,1,0,0000000,99,99,99,99,99,99,0,0,0,1,0
12,120909,2,2,0,1,1,2,2,11,790,5,4,2013,6,6,56,0,16,6,DIXIE HWY,,0,26.28937222,-80.10971389,0,9,0,0,1,1,0,1,2,2,0,2,0,0000000,99,99,99,99,99,99,0,0,0,1,0
12,120910,1,1,0,0,0,1,1,107,0,9,4,2013,3,8,30,0,6,6,WALKER DR,,0,29.69086111,-81.859175,0,42,0,0,1,1,0,5,1,1,0,1,0,0000000,99,99,99,99,99,99,0,0,0,1,0
12,120911,1,1,0,1,1,2,2,11,1050,9,4,2013,3,20,20,1,13,3,SR-845,,99998,26.15403333,-80.154325,0,8,0,0,1,1,0,1,3,1,0,1,0,0000000,99,99,99,99,99,99,0,0,0,1,0
12,120912,1,1,0,0,0,1,1,121,1830,12,4,2013,6,21,33,0,14,2,US-129,,99998,30.31714444,-82.97117222,0,32,0,0,1,1,0,4,2,10,0,10,0,0000000,99,99,99,99,88,88,24,0,0,1,0
12,120913,1,1,0,1,1,1,1,127,920,16,4,2013,3,18,23,0,16,6,N RIDGEWOOD AVE,,0,29.00160833,-80.91259167,0,15,0,0,1,1,0,4,1,1,0,1,0,0000000,99,99,99,99,88,88,0,0,0,1,0
12,120914,1,1,0,1,1,4,4,109,0,19,4,2013,6,14,54,0,6,8,W KING ST,,0,29.88996667,-81.33668611,0,9,0,0,1,1,0,1,1,10,0,10,0,0000000,99,99,99,99,88,88,0,0,0,1,0
12,120915,1,1,0,1,1,1,1,109,2691,19,4,2013,6,22,8,0,14,3,SR-A1A SOUTH,,99998,29.82683611,-81.27205278,0,8,0,0,1,1,0,1,3,1,0,1,0,0000000,99,99,99,99,99,99,0,0,0,1,0
12,120916,1,1,0,0,0,3,3,105,1740,20,4,2013,7,17,18,0,16,6,DR J A WILTSHIRE BLVD,,0,27.91023889,-81.59022222,0,42,0,0,1,1,0,4,1,1,0,1,0,0000000,99,99,99,99,99,99,0,0,0,1,0
12,120917,2,2,0,0,0,6,6,105,3300,23,4,2013,3,7,35,0,16,6,HAVENDALE,BOYS CLUB RD,0,28.04629444,-81.75732222,0,12,6,0,2,2,0,1,1,1,0,1,0,0000000,99,99,99,99,99,99,0,0,0,1,0
12,120918,2,2,0,0,0,5,5,105,0,28,4,2013,1,2,41,0,6,8,SHEPHERD RD,CORONET RD,0,27.93823056,-82.04932222,0,12,6,0,2,2,0,1,2,1,0,1,0,0000000,99,99,99,99,99,99,0,0,0,3,1
12,120919,1,1,0,0,0,1,1,97,0,8,5,2013,4,2,30,0,6,6,W BEUNA VISTA DR,,0,28.363625,-81.56605833,0,43,0,0,1,1,0,1,3,1,0,1,0,0000000,99,99,99,99,99,99,0,0,0,1,1
12,120920,1,1,0,1,1,1,1,9,620,12,5,2013,1,2,30,0,13,3,SR-528,,99998,28.40021944,-80.7527,0,8,0,0,1,1,0,1,2,1,0,1,0,0000000,99,99,99,99,88,88,0,0,0,1,0
12,120921,1,1,0,0,0,1,1,127,2580,14,6,2013,6,9,34,1,13,3,SR-5A,FEC GRADE CROSSING,99998,29.11542222,-80.98643611,0,43,0,0,1,1,0,1,1,1,0,1,0,271962K,99,99,99,99,88,88,0,0,0,1,0
12,120922,1,1,0,0,0,1,1,33,0,17,6,2013,2,3,31,1,13,3,SR-30,,99998,30.42498611,-87.29354167,0,38,0,0,1,1,0,4,2,1,0,1,0,0000000,99,99,99,99,99,99,0,0,0,1,1
12,120923,1,1,0,0,0,1,1,57,2950,3,6,2013,2,6,41,0,16,6,BAYSHORE BLVD,,0,27.93190833,-82.47343889,0,1,0,0,1,1,0,4,4,10,0,10,0,0000000,99,99,99,99,99,99,0,0,0,1,0
12,120924,1,1,0,0,0,1,1,127,0,12,5,2013,1,6,48,0,6,6,NEW YORK AVE,,0,29.01118333,-81.37899167,0,42,0,0,1,1,0,4,4,1,0,1,0,0000000,99,99,99,99,88,88,0,0,0,1,0
12,120925,2,2,0,0,0,3,3,31,1510,25,5,2013,7,1,24,1,11,1,I-95,,99998,30.11254167,-81.51196111,0,12,6,0,1,1,0,1,2,10,0,10,0,0000000,99,99,99,99,99,99,19,0,0,1,0
12,120926,1,1,0,0,0,1,1,117,2770,30,5,2013,5,11,0,1,1,1,I-4,,99998,28.81403611,-81.33631667,0,24,0,0,1,1,0,3,1,10,0,10,0,0000000,99,99,99,99,88,88,0,0,0,1,1
12,120927,1,1,0,0,0,3,3,31,0,4,6,2013,3,21,41,1,12,3,SR-202,,99998,30.2523,-81.49838056,0,42,0,0,1,1,0,5,3,10,0,10,0,0000000,99,99,99,99,99,99,0,0,0,2,0
12,120928,1,1,0,0,0,1,1,99,1560,8,6,2013,7,7,20,0,16,6,INDIANTOWN RD,A1A,0,26.93390278,-80.08088056,0,42,0,0,3,2,0,4,3,98,0,98,0,0000000,99,99,99,99,88,88,0,0,0,1,0
12,120929,1,1,0,1,1,2,2,86,0,9,6,2013,1,21,55,1,13,3,SR-989,248TH ST,99998,25.536775,-80.372225,0,8,0,0,3,2,0,1,2,1,0,1,0,0000000,99,99,99,99,88,88,0,0,0,1,0
12,120930,3,3,0,0,0,4,4,103,0,9,6,2013,1,16,51,1,13,2,US-19,,99998,28.02783333,-82.73809722,0,12,6,0,1,1,0,1,1,10,0,10,0,0000000,99,99,99,99,99,99,0,0,0,1,1
12,120931,7,7,0,0,0,12,12,91,0,13,6,2013,5,13,20,1,13,2,US-98,CODY AVE,99998,30.41102778,-86.700475,0,12,1,0,3,2,0,1,1,1,0,1,0,0000000,99,99,99,99,99,99,14,0,0,2,0
12,120932,2,2,0,0,0,3,3,113,0,16,6,2013,1,2,52,1,1,1,I-10,,99998,30.65254444,-86.88488056,0,12,2,0,1,1,0,1,2,10,0,10,0,0000000,99,99,99,99,88,88,0,0,0,3,2
12,120933,1,1,0,0,0,2,2,95,0,16,6,2013,1,18,52,0,2,3,SR-417,,99998,28.40501944,-81.23551111,0,30,0,0,1,1,0,4,1,10,0,10,0,0000000,99,99,99,99,99,99,0,0,0,1,0
12,120934,1,1,0,1,1,1,1,103,0,17,6,2013,2,21,8,0,2,3,SR-693,,99998,27.81898889,-82.72874722,0,8,0,0,1,1,0,1,3,1,0,1,0,0000000,21,10,21,13,99,99,0,0,0,1,1
12,120935,1,1,0,1,1,1,1,86,0,24,3,2013,1,6,30,0,6,6,NW 151 ST,,0,25.91334167,-80.20321389,0,9,0,0,1,1,0,1,4,1,0,1,0,0000000,99,99,99,99,99,99,0,0,0,1,0
12,120937,1,1,0,1,1,1,1,103,2730,3,1,2013,5,22,4,0,16,6,58TH ST,13TH AVE,0,27.78461667,-82.71227778,0,8,0,0,3,2,0,1,3,2,0,2,0,0000000,99,99,99,99,99,99,0,0,0,1,0
12,120938,1,1,0,0,0,1,1,103,2730,8,1,2013,3,16,59,0,16,6,PARK ST,15TH AVE,0,27.77781944,-82.74565278,0,39,0,0,3,2,0,5,1,1,0,1,0,0000000,99,99,99,99,88,88,0,0,0,1,0
12,120939,1,1,0,2,2,1,1,103,2730,25,1,2013,6,18,29,0,16,6,COFFEE POT BLVD,,0,27.79038889,-82.62608333,0,43,0,0,1,1,0,4,3,1,0,1,0,0000000,99,99,99,99,99,99,15,0,0,2,1
12,120940,1,1,0,1,1,1,1,86,2020,28,1,2013,2,5,50,0,16,6,COLLINS AVE,18TH ST,0,25.79389722,-80.12949167,0,8,0,0,3,2,4,1,3,1,0,1,0,0000000,99,99,99,99,88,88,0,0,0,1,1
12,120941,2,2,0,0,0,3,3,99,2982,13,3,2013,4,16,41,0,16,6,OLD DIXIE HWY,BRIDGE RD,0,26.95798889,-80.08796111,0,12,6,0,2,3,0,1,1,1,0,1,0,0000000,99,99,99,99,99,99,0,0,0,1,0
12,120942,2,2,0,0,0,2,2,99,330,21,3,2013,5,16,14,0,16,6,NW 10TH AVE,,0,26.53611667,-80.06851111,0,12,1,0,1,1,0,1,1,1,0,1,0,0000000,99,99,99,99,99,99,0,0,0,1,1
12,120943,1,1,0,0,0,2,2,103,2730,21,3,2013,5,20,15,0,16,6,15TH AVE,40TH ST,0,27.75560278,-82.68810833,0,33,0,0,1,1,0,4,3,1,0,1,0,0000000,99,99,99,99,99,99,20,0,0,1,1
12,120944,1,1,0,1,1,1,1,33,2490,22,3,2013,6,8,30,0,14,3,SR-742,,99998,30.49898056,-87.18073889,0,8,0,0,1,1,0,4,1,1,0,1,0,0000000,99,99,99,99,88,88,0,0,0,1,1
12,120945,2,2,0,0,0,5,5,57,2950,24,3,2013,1,19,33,0,16,6,WEST WATERS AVE,,0,28.02537222,-82.46350278,0,12,2,0,1,1,0,1,5,10,0,10,0,0000000,99,99,99,99,99,99,0,0,0,1,0
12,120946,1,1,0,1,1,1,1,11,2916,30,3,2013,7,21,32,1,2,3,SR-997,NW 115TH TERR,99998,26.16830278,-80.30170278,0,8,0,0,3,2,0,1,3,1,0,1,0,0000000,99,99,99,99,88,88,0,0,0,1,0
12,120947,1,1,0,0,0,3,3,86,1440,27,4,2013,7,20,23,0,16,6,NE 32ND ST,,0,25.48282222,-80.42861111,0,25,0,0,1,1,0,3,3,1,0,1,0,0000000,99,99,99,99,99,99,0,0,0,1,1
12,120948,1,1,0,1,1,1,1,103,1770,18,5,2013,7,21,37,0,16,6,EAST BAY DR,,0,27.916375,-82.74896389,0,8,0,0,1,1,0,1,3,1,0,1,0,0000000,99,99,99,99,99,99,0,0,0,1,0
12,120949,1,1,0,1,1,1,1,53,0,25,5,2013,7,21,9,0,6,4,CR-572,,0,28.49196389,-82.49003889,0,8,0,0,1,1,0,1,2,1,0,1,0,0000000,99,99,99,99,99,99,0,0,0,1,0
12,120950,1,1,0,0,0,1,1,11,771,25,5,2013,7,1,6,0,16,6,UNIVERSITY DR,,0,26.07203611,-80.25240278,0,42,0,0,1,1,0,4,3,1,0,1,0,0000000,99,99,99,99,88,88,0,0,0,1,1
12,120951,1,1,0,1,1,1,1,71,0,31,5,2013,6,16,45,0,6,6,LAUREL LN,BOGART DR,0,26.70571111,-81.87609444,0,15,0,0,2,2,0,1,1,10,0,10,0,0000000,99,99,99,99,99,99,0,0,0,1,0
12,120952,2,2,0,0,0,2,2,11,2468,20,6,2013,5,5,18,1,13,2,US-27,JOHNSON ST,99998,26.01503333,-80.43251111,0,12,1,0,2,2,0,1,3,1,0,1,0,0000000,99,99,99,99,99,99,0,0,0,1,0
12,120953,3,3,0,0,0,6,6,33,0,20,6,2013,5,12,0,1,2,3,SR-292,LIVE OAK RD,99998,30.3888,-87.27269444,0,12,6,0,2,2,0,1,1,1,0,1,0,0000000,99,99,99,99,99,99,0,0,0,1,0
12,120954,2,2,0,0,0,3,3,131,0,21,6,2013,6,11,25,0,14,3,SR-292,,99998,30.37703611,-86.34261944,0,12,1,0,1,1,0,1,1,1,0,1,0,0000000,99,99,99,99,99,99,0,0,0,1,0
12,120955,2,2,0,0,0,3,3,115,2780,22,6,2013,7,2,21,0,13,3,SR-45,WEBBER ST,99998,27.30828333,-82.53003611,0,12,6,0,2,2,0,1,3,1,0,1,0,0000000,99,99,99,99,99,99,0,0,0,1,1
12,120956,1,1,0,0,0,1,1,113,0,23,6,2013,1,0,20,0,16,4,CR-GLOVER LANE,,0,30.61351111,-87.0592,0,1,0,0,1,1,0,4,3,1,0,1,0,0000000,99,99,99,99,88,88,0,0,0,1,1
12,120957,2,2,0,0,0,2,2,31,1510,25,6,2013,3,8,31,1,13,2,US-17,VERONA AVE,99998,30.26805556,-81.71027778,0,12,6,0,2,2,0,1,1,1,0,1,0,0000000,99,99,99,99,99,99,0,0,0,1,2
12,120958,1,1,0,1,1,3,3,11,2916,16,5,2013,5,19,24,0,16,6,N UNIVERSITY DR,,0,26.16808889,-80.25631667,0,9,0,0,1,1,0,1,5,1,0,1,0,0000000,99,99,99,99,99,99,0,0,0,1,0
12,120959,1,1,0,0,0,2,2,53,0,13,6,2013,5,12,15,1,11,1,I-75,,99998,28.48671389,-82.24836667,0,24,0,0,1,1,0,4,1,1,0,1,0,0000000,99,99,99,99,99,99,0,0,0,1,0
12,120960,2,2,0,0,0,7,7,43,0,15,6,2013,7,4,58,1,13,3,SR-78,,99998,26.92715556,-81.12230556,0,12,2,0,1,1,0,1,2,5,0,5,0,0000000,99,99,99,99,99,99,0,0,0,1,1
12,120961,1,1,0,0,0,1,1,131,0,16,6,2013,1,0,19,1,2,2,US-98,,99998,30.29583056,-86.0242,0,32,0,0,1,1,0,4,2,10,0,10,0,0000000,99,99,99,99,88,88,0,0,0,1,1
12,120962,3,3,0,1,1,3,3,95,0,16,6,2013,1,3,30,1,13,2,US-441,,99998,28.50354722,-81.39693333,0,8,0,0,1,1,0,1,3,1,0,1,0,0000000,3,34,3,37,88,88,0,0,0,1,0
12,120963,2,1,1,1,1,1,1,86,0,16,6,2013,1,8,42,1,13,3,SR-821,,99998,25.72085278,-80.38421667,0,14,0,0,1,1,0,4,1,10,0,10,0,0000000,99,99,99,99,88,88,0,0,0,1,0
12,120964,2,2,0,0,0,4,4,15,0,17,6,2013,2,20,56,0,6,4,CR-771,KEYSTONE BLVD,0,26.89881944,-82.23496111,0,12,2,0,2,3,0,1,2,10,0,10,0,0000000,99,99,99,99,99,99,0,0,0,1,0
12,120965,2,2,0,0,0,5,5,57,0,17,5,2013,6,15,57,0,6,6,WILDER RD,SAM ALLEN RD,0,28.04764722,-82.09698333,0,12,6,1,2,3,0,1,1,10,0,10,1,0000000,99,99,99,99,99,99,0,0,0,1,1
12,120966,2,2,0,0,0,3,3,99,3190,26,5,2013,1,13,36,0,16,6,OKEECHOBEE BLVD,LOXAHATCHEE DR,0,26.70655278,-80.09023333,0,12,6,0,2,2,0,1,1,10,0,10,0,0000000,99,99,99,99,99,99,0,0,0,1,0
12,120967,2,2,0,0,0,4,4,86,0,1,6,2013,7,5,0,0,6,6,NW 7TH AVE,NW 7TH AVE,0,25.93043889,-80.20991667,0,12,6,0,3,2,0,1,3,10,0,10,0,0000000,99,99,99,99,99,99,0,0,0,1,2
12,120968,1,1,0,0,0,1,1,105,0,15,6,2013,7,4,52,0,2,3,SR-659,,99998,28.04796111,-81.90811111,0,42,0,0,1,1,0,4,2,1,0,1,0,0000000,99,99,99,99,99,99,0,0,0,1,0
12,120969,2,2,0,0,0,2,2,11,2083,16,6,2013,1,23,45,1,13,3,SR-823,RENAISSANCE BLVD,99998,25.98779167,-80.30749167,0,12,6,0,2,2,0,1,3,1,0,1,0,0000000,99,99,99,99,88,88,0,0,0,1,1
12,120970,2,2,0,0,0,2,2,31,1510,18,6,2013,3,4,20,1,11,1,I-295,,99998,30.37593333,-81.76088056,0,12,2,0,1,1,0,1,3,10,0,10,0,0000000,99,99,99,99,88,88,0,0,0,1,1
12,120971,1,1,0,1,1,1,1,11,771,19,6,2013,4,22,33,0,16,6,6500 STIRLING RD,,0,26.046225,-80.22080278,0,8,0,0,1,1,0,1,3,1,0,1,0,0000000,99,99,99,99,88,88,0,0,0,1,0
12,120972,1,1,0,1,1,1,1,31,1510,20,6,2013,5,23,27,1,13,2,US-1,,99998,30.27896111,-81.62747778,0,8,0,0,1,1,0,1,2,10,0,10,0,0000000,99,99,99,99,99,99,0,0,0,1,0
12,120973,1,1,0,1,1,1,1,99,820,22,6,2013,7,1,2,1,11,1,I-95,,99998,26.44661111,-80.09001667,0,8,0,0,1,1,0,1,3,10,0,10,0,0000000,99,99,99,99,88,88,19,0,0,1,0
12,120975,1,1,0,0,0,1,1,103,570,25,6,2013,3,4,1,1,13,2,US-19,,99998,28.00795833,-82.7305,0,18,0,0,1,1,4,4,3,1,0,1,0,0000000,99,99,99,99,99,99,0,0,0,1,0
12,120976,1,1,0,1,1,1,1,21,0,26,6,2013,4,20,55,0,6,6,COLLIER BLVD,CLUB ESTATES DR,0,26.126525,-81.68701389,0,8,0,0,2,3,0,1,3,2,0,2,0,0000000,99,99,99,99,88,88,0,0,0,1,0
12,120977,1,1,0,1,1,1,1,33,0,26,6,2013,4,21,5,0,3,2,US-90,,99998,30.53569722,-87.382075,0,15,0,0,1,1,0,1,2,1,0,1,0,0000000,99,99,99,99,88,88,0,0,0,1,0
12,120978,1,1,0,0,0,5,5,87,0,27,6,2013,5,16,0,1,13,2,US-1,,99998,24.66335833,-81.48022778,0,59,0,0,1,1,0,4,1,1,0,1,0,0000000,99,99,99,99,99,99,0,0,0,1,0
12,120979,1,1,0,1,1,1,1,9,1990,30,6,2013,1,16,32,0,16,6,N WICKHAM RD,,0,28.14732778,-80.67178056,0,9,0,0,8,1,0,1,1,10,0,10,0,0000000,99,99,99,99,99,99,0,0,0,1,0
12,120980,1,1,0,0,0,1,1,31,1510,2,6,2013,1,16,19,0,16,6,J TURNER BUTLER BLVD,I-295,0,30.25291944,-81.51611111,0,25,0,1,5,1,0,4,1,10,0,10,0,0000000,99,99,99,99,88,88,0,0,0,1,0
12,120981,1,1,0,0,0,1,1,39,0,8,6,2013,7,11,5,0,3,3,SR-12,,99998,30.61702222,-84.44066667,0,34,0,0,1,1,0,4,1,1,0,1,0,0000000,99,99,99,99,88,88,0,0,0,1,0
12,120982,1,1,0,2,2,3,3,11,1050,13,6,2013,5,2,14,1,13,3,SR-842,SW 5TH AVE,99998,26.12230278,-80.14855556,0,8,0,0,3,2,0,4,3,1,0,1,0,0000000,99,99,99,99,99,99,0,0,0,2,1
12,120983,1,1,0,0,0,1,1,11,0,22,6,2013,7,16,50,1,1,1,I-95,,99998,26.25816944,-80.13610278,0,1,0,0,1,1,0,4,1,1,0,1,0,0000000,99,99,99,99,99,99,0,0,0,1,0
12,120984,1,1,0,0,0,1,1,1,0,23,6,2013,1,1,42,1,13,2,US-441,,99998,29.61485,-82.34086944,0,42,0,0,1,1,0,3,3,1,0,1,0,0000000,99,99,99,99,88,88,0,0,0,1,1
12,120985,1,1,0,0,0,2,2,31,1510,23,6,2013,1,16,52,1,11,1,I-295,,99998,30.27351667,-81.521025,0,31,0,0,1,1,0,4,1,10,0,10,0,0000000,99,99,99,99,88,88,0,0,0,2,0
12,120986,2,2,0,0,0,2,2,71,312,25,6,2013,3,7,14,0,16,6,OLD 41 RD,BONITA DR,0,26.34911944,-81.77914722,0,12,6,0,2,3,0,1,1,1,0,1,0,0000000,99,99,99,99,99,99,0,0,0,1,0
12,120987,1,1,0,1,1,1,1,11,1050,26,6,2013,4,3,9,0,13,3,SR-5,,99998,26.20640278,-80.10788056,0,8,0,0,1,1,0,1,3,10,0,10,0,0000000,99,99,99,99,99,99,0,0,0,1,0
12,120988,2,2,0,0,0,3,3,53,0,3,6,2013,2,14,20,0,6,5,ELGIN BLVD,,0,28.49256667,-82.49754444,0,12,2,0,1,1,0,1,1,10,0,10,1,0000000,99,99,99,99,99,99,0,0,0,1,0
12,120989,1,1,0,0,0,1,1,105,0,8,6,2013,7,15,59,0,3,3,SR-33,,99998,28.23900833,-81.82075,0,42,0,0,1,1,0,5,1,2,0,2,0,0000000,99,99,99,99,88,88,0,0,0,1,0
12,120990,1,1,0,0,0,2,2,69,0,13,6,2013,5,0,39,0,6,4,CR-561,,0,28.52292778,-81.78356389,0,42,0,0,1,1,0,4,2,1,0,1,0,0000000,99,99,99,99,88,88,0,0,0,2,1
12,120991,1,1,0,0,0,3,3,111,0,18,6,2013,3,19,39,1,13,3,SR-91,,99998,27.47326111,-80.44645833,0,24,0,0,1,1,0,3,5,1,0,1,0,0000000,99,99,99,99,99,99,0,0,0,1,0