STATE,ST_CASE,VE_TOTAL,VE_FORMS,PVH_INVL,PEDS,PERNOTMVIT,PERMVIT,PERSONS,COUNTY,CITY,DAY,MONTH,YEAR,DAY_WEEK,HOUR,MINUTE,NHS,ROAD_FNC,ROUTE,TWAY_ID,TWAY_ID2,MILEPT,LATITUDE,LONGITUD,SP_JUR,HARM_EV,MAN_COLL,RELJCT1,RELJCT2,TYP_INT,WRK_ZONE,REL_ROAD,LGT_COND,WEATHER1,WEATHER2,WEATHER,SCH_BUS,RAIL,NOT_HOUR,NOT_MIN,ARR_HOUR,ARR_MIN,HOSP_HR,HOSP_MN,CF1,CF2,CF3,FATALS,DRUNK_DR
12,120992,2,2,0,0,0,2,2,31,1510,21,6,2013,6,19,30,0,16,6,BUSCH DR,,0,30.42108889,-81.63592222,0,12,2,0,1,1,0,1,1,10,0,10,0,641227M,99,99,99,99,99,99,0,0,0,1,0
12,120993,1,1,0,0,0,1,1,21,0,22,6,2013,7,6,5,0,16,6,BECK BLVD,,0,26.15479722,-81.66446944,0,42,0,0,1,1,0,5,4,1,0,1,0,0000000,99,99,99,99,88,88,0,0,0,1,0
12,120994,2,2,0,0,0,2,2,117,0,27,6,2013,5,14,0,0,6,6,RONALD REAGAN BLVD,SR-417,0,28.75757222,-81.26830278,0,12,6,1,2,2,0,1,1,1,0,1,0,0000000,99,99,99,99,99,99,0,0,0,1,0
12,120995,2,2,0,0,0,2,2,117,0,28,6,2013,6,2,7,1,1,1,I-4,,99998,28.67958889,-81.3885,0,12,1,0,1,1,0,1,2,1,0,1,0,0000000,99,99,99,99,88,88,0,0,0,1,1
12,120996,1,1,0,0,0,1,1,11,2570,29,6,2013,7,22,24,0,16,6,E COPANS RD,,0,26.25970833,-80.11611944,0,30,0,0,1,1,0,4,3,1,0,1,0,0000000,99,99,99,99,88,88,0,0,0,1,1
12,120997,2,2,0,0,0,3,3,86,0,24,3,2013,1,17,58,0,16,6,SW 152 AVE,SW 60 TER,0,25.71006389,-80.43955833,0,12,6,0,2,3,0,1,1,1,0,1,0,0000000,99,99,99,99,99,99,0,0,0,1,0
12,120998,3,2,1,0,0,2,2,11,790,14,5,2013,3,22,16,1,13,3,SR-845,HILLSBORO BLVD,99998,26.3178,-80.15285278,0,12,6,0,2,2,0,1,3,1,0,1,0,0000000,99,99,99,99,99,99,14,0,0,1,0
12,120999,1,1,0,1,1,1,1,57,2950,23,5,2013,5,7,39,0,16,6,LEMON ST W,TAMPANIA AVE N,0,27.95068056,-82.48711944,0,9,0,0,2,2,0,1,1,1,0,1,0,0000000,99,99,99,99,99,99,0,0,0,1,0
12,121000,1,1,0,0,0,1,1,43,0,7,6,2013,6,17,17,0,6,4,CR-721,,0,27.00068889,-81.0673,0,31,0,0,1,1,0,4,1,2,0,2,0,0000000,99,99,99,99,88,88,0,0,0,1,1
12,121001,2,2,0,0,0,4,4,99,290,23,3,2013,7,13,17,0,16,6,E PALMETTO PARK ROAD,,0,26.35065833,-80.07108333,0,12,6,0,1,1,0,1,1,1,0,1,0,0000000,99,99,99,99,99,99,0,0,0,1,0
12,121002,3,3,0,0,0,6,6,69,580,16,3,2013,7,19,20,0,16,6,S GRAND HWY,PITT ST,0,28.55749444,-81.73983889,0,12,6,0,2,2,0,1,1,1,0,1,0,0000000,99,99,99,99,99,99,0,0,0,1,0
12,121003,2,2,0,0,0,2,2,57,0,2,4,2013,3,9,20,0,6,6,FALKENBURG ROAD,CRESENT PARK DR,0,27.91542222,-82.34346111,0,12,6,0,2,2,0,1,1,1,0,1,0,0000000,99,99,99,99,99,99,0,0,0,1,0
12,121004,2,2,0,0,0,3,3,111,0,8,5,2013,4,10,55,0,6,6,OKEECHOBEE RD,MIDWAY RD,0,27.37613056,-80.48586111,0,12,6,0,2,3,0,1,1,1,0,1,0,0000000,99,99,99,99,99,99,0,0,0,1,0
12,121005,3,3,0,0,0,5,5,101,0,10,5,2013,6,19,52,1,13,2,US-41,GLORY RD,99998,28.20568611,-82.39736944,0,12,2,0,2,3,0,1,5,1,0,1,0,0000000,99,99,99,99,99,99,0,0,0,1,0
12,121006,1,1,0,1,1,1,1,127,920,14,5,2013,3,22,23,1,13,2,US-1,PELICAN DR,99998,28.96473056,-80.89106944,0,8,0,0,3,3,0,1,2,1,0,1,0,0000000,99,99,99,99,88,88,0,0,0,1,0
12,121008,1,1,0,0,0,1,1,86,0,30,5,2013,5,2,50,1,11,1,I-95,NORTHWEST 95TH ST,99998,25.862,-80.20843889,0,33,0,1,5,1,0,4,3,10,0,10,0,0000000,99,99,99,99,99,99,0,0,0,1,0
12,121009,2,2,0,0,0,2,2,109,0,31,5,2013,6,13,35,1,2,3,SR-16,,99998,29.93186944,-81.4293,0,12,2,0,1,1,0,1,1,1,0,1,0,0000000,99,99,99,99,99,99,0,0,0,1,1
12,121010,1,1,0,0,0,1,1,93,0,2,6,2013,1,2,39,0,6,8,NE 168TH STREET,,0,27.39790833,-80.80496389,0,30,0,0,1,1,0,4,2,5,0,5,0,0000000,99,99,99,99,99,99,0,0,0,1,1
12,121011,1,1,0,0,0,1,1,127,0,4,6,2013,3,2,22,0,2,3,SR-44,,99998,29.02820278,-81.27190833,0,30,0,0,1,1,0,4,3,10,0,10,0,0000000,99,99,99,99,88,88,0,0,0,1,1
12,121012,2,2,0,0,0,3,3,86,670,9,6,2013,1,1,22,1,13,2,US-41,,99998,25.76466667,-80.25520278,0,12,1,0,1,1,0,1,3,1,0,1,0,0000000,99,99,99,99,99,99,0,0,0,2,0
12,121013,2,2,0,0,0,3,3,105,0,14,6,2013,6,11,44,0,6,6,EWELL RD,HATCHER RD,0,27.95260833,-82.03075,0,12,6,0,2,2,0,1,1,1,0,1,0,0000000,99,99,99,99,99,99,0,0,0,1,0
12,121014,2,1,1,0,0,1,1,57,2950,5,6,2013,4,0,30,0,16,6,WOODLAWN AVE,,0,27.97628333,-82.48236389,0,14,0,0,8,1,0,5,3,1,0,1,0,0000000,99,99,99,99,88,88,0,0,0,1,1
12,121015,1,1,0,1,1,1,1,99,0,17,6,2013,2,2,40,0,6,6,KIRK RD,SELBERG LN,0,26.61439722,-80.10549722,0,9,0,0,3,3,0,1,2,10,0,10,0,0000000,99,99,99,99,88,88,0,0,0,1,1
12,121016,2,2,0,0,0,2,2,99,0,14,6,2013,6,14,34,0,6,6,FOREST HILL BLVD,,0,26.65214167,-80.12885556,0,12,9,0,1,1,0,1,1,1,0,1,0,0000000,99,99,99,99,99,99,0,0,0,1,0
12,121017,2,1,1,0,0,2,2,11,1420,17,6,2013,2,19,7,0,16,6,HOLLYWOOD BLVD,,0,26.01152778,-80.14528333,0,14,0,0,1,1,0,7,1,1,0,1,0,0000000,99,99,99,99,99,99,0,0,0,1,1
12,121018,1,1,0,0,0,1,1,83,0,20,6,2013,5,11,15,1,1,1,I-75,,99998,29.10336111,-82.184875,0,24,0,0,1,1,0,3,1,1,0,1,0,0000000,99,99,99,99,99,99,0,0,0,1,0
12,121019,1,1,0,1,1,1,1,95,0,21,6,2013,6,13,1,0,6,6,WINEGARD RD,,0,28.45820833,-81.38423889,0,9,0,0,1,1,0,1,1,1,0,1,0,0000000,99,99,99,99,99,99,0,0,0,1,0
12,121020,2,2,0,0,0,2,2,95,0,25,6,2013,3,13,14,0,2,3,SR-408,,99998,28.54733056,-81.22592222,0,12,1,0,1,1,0,1,1,10,0,10,0,0000000,99,99,99,99,99,99,0,0,0,1,0
12,121021,1,1,0,0,0,4,4,39,0,26,6,2013,4,16,50,1,1,1,I-10,,99998,30.610425,-84.74836944,0,43,0,0,1,1,0,4,1,10,0,10,0,0000000,99,99,99,99,88,88,0,0,0,4,0
12,121022,2,2,0,0,0,2,2,57,0,27,6,2013,5,6,8,1,13,2,US-41,20TH AVE,99998,27.93022222,-82.40175833,0,5,0,1,2,3,0,1,2,1,0,1,0,0000000,99,99,99,99,99,99,0,0,0,1,0
12,121023,1,1,0,0,0,1,1,81,0,27,6,2013,5,14,7,0,16,6,26TH ST,,0,27.47434444,-82.58773056,0,33,0,0,1,1,0,4,1,1,0,1,0,0000000,99,99,99,99,99,99,0,0,0,1,0
12,121024,1,1,0,1,1,2,2,31,1510,30,6,2013,1,17,13,0,16,6,RING LANE,,0,30.289175,-81.61713889,0,8,0,0,1,1,0,1,1,10,0,10,0,0000000,99,99,99,99,99,99,0,0,0,1,0
12,121025,1,1,0,0,0,3,3,53,0,30,6,2013,1,14,14,0,2,3,SR-589,SPRING HILL DR,99998,28.46202222,-82.478625,0,42,0,0,1,1,0,3,1,2,0,2,0,0000000,99,99,99,99,99,99,0,0,0,1,0
12,121026,2,2,0,0,0,2,2,75,0,12,6,2013,4,22,40,0,3,3,SR-121,,99998,29.24261111,-82.55651667,0,12,2,0,1,1,0,1,2,1,0,1,0,0000000,99,99,99,99,99,99,0,0,0,1,0
12,121027,4,1,3,1,1,2,2,97,1590,14,6,2013,6,9,14,0,16,6,OAKWOOD DR,,0,28.32,-81.34665833,0,39,0,0,1,1,0,4,1,1,0,1,0,0000000,99,99,99,99,99,99,14,15,0,1,0
12,121028,2,2,0,0,0,3,3,21,0,15,6,2013,7,12,23,0,6,4,CR-876,10TH ST NE,0,26.23025556,-81.58653611,0,12,6,0,2,2,0,1,1,1,0,1,0,0000000,99,99,99,99,99,99,0,0,0,1,1
12,121029,1,1,0,0,0,1,1,73,0,17,6,2013,2,21,58,0,6,4,CR-2195,,0,30.32910278,-84.14581389,0,42,0,0,1,1,0,4,2,1,0,1,0,0000000,99,99,99,99,99,99,0,0,0,1,1
12,121030,1,1,0,0,0,2,2,5,0,18,6,2013,3,16,0,0,6,4,CR-2301,,0,30.35134444,-85.54756667,0,42,0,0,1,1,0,4,1,1,0,1,0,0000000,99,99,99,99,99,99,0,0,0,1,0
12,121031,2,2,0,0,0,4,4,105,120,18,6,2013,3,10,39,1,13,3,SR-544,LAKE BLUE DR,99998,28.05238056,-81.77341389,0,12,2,0,2,3,0,1,1,1,0,1,0,0000000,99,99,99,99,99,99,0,0,0,1,0
12,121032,1,1,0,0,0,1,1,86,0,14,4,2013,1,18,44,1,13,3,SR-997,,99998,25.89279444,-80.48358056,0,59,0,0,1,1,0,4,1,1,0,1,0,0000000,99,99,99,99,88,88,0,0,0,1,1
12,121033,2,2,0,0,0,3,3,107,0,8,5,2013,4,16,0,0,16,8,STRICKLAND RD,,0,29.60583889,-81.89994444,0,12,2,0,1,1,0,1,1,1,0,1,0,0000000,99,99,99,99,99,99,0,0,0,1,0
12,121034,2,2,0,0,0,4,4,86,0,12,5,2013,1,12,23,0,16,6,137TH AVE,184TH ST,0,25.59656389,-80.41338889,0,12,6,0,2,2,0,1,1,1,0,1,0,0000000,99,99,99,99,99,99,0,0,0,2,0
12,121035,1,1,0,0,0,1,1,119,0,16,5,2013,5,0,30,0,6,4,CR-229,,0,28.89941389,-82.08684167,0,38,0,0,1,1,0,5,2,1,0,1,0,0000000,99,99,99,99,99,99,0,0,0,1,1
12,121036,2,2,0,0,0,4,4,95,2290,8,6,2013,7,0,20,0,16,6,OCOEE APOPKA RD,OCOEE CROWN POINT PKWY,0,28.60352778,-81.55186667,0,12,6,0,2,2,0,1,3,10,0,10,0,0000000,99,99,99,99,99,99,0,0,0,1,0
12,121037,1,1,0,1,1,1,1,11,672,20,6,2013,5,7,35,0,16,6,CORAL RIDGE DR,NW 2 PL,0,26.23253611,-80.28104167,0,9,0,0,2,2,0,1,1,1,0,1,0,0000000,99,99,99,99,99,99,0,0,0,1,0
12,121038,3,3,0,0,0,5,5,61,0,23,6,2013,1,14,40,1,13,3,SR-9,,99998,27.76706389,-80.551325,0,12,1,0,1,1,0,1,1,2,0,2,0,0000000,99,99,99,99,99,99,0,0,0,1,0
12,121039,1,1,0,1,1,2,2,11,1420,23,6,2013,1,22,21,0,14,3,SR-A1A,,99998,25.99779167,-80.11816667,0,8,0,0,1,1,0,1,3,1,0,1,0,0000000,99,99,99,99,99,99,0,0,0,1,0
12,121040,2,2,0,0,0,2,2,21,0,27,6,2013,5,3,0,1,1,1,I-75,,99998,26.216725,-81.7364,0,12,1,0,1,1,0,4,3,1,0,1,0,0000000,99,99,99,99,99,99,0,0,0,2,2
12,121041,1,1,0,1,1,1,1,99,0,16,6,2013,1,7,1,0,6,6,TANGERINE BLVD,,0,26.7731,-80.23045278,0,9,0,0,1,1,0,2,1,1,0,1,0,0000000,99,99,99,99,99,99,0,0,0,1,1
12,121042,2,2,0,0,0,2,2,27,0,3,7,2013,4,16,10,0,6,4,CR-769,GLENADINE AVE,0,27.047375,-82.03328333,0,12,6,0,3,3,0,1,1,2,0,2,0,0000000,99,99,99,99,88,88,0,0,0,1,0
12,121043,1,1,0,0,0,1,1,95,0,3,7,2013,4,19,25,0,6,6,FULLERS CROSS RD,,0,28.59516389,-81.54585278,0,5,0,0,1,1,0,1,1,1,0,1,0,0000000,99,99,99,99,99,99,0,0,0,1,1
12,121044,2,2,0,0,0,5,5,71,0,4,7,2013,5,22,12,1,13,3,SR-82,,99998,26.573775,-81.69538056,0,12,2,0,1,1,0,1,2,10,0,10,0,0000000,99,99,99,99,99,99,0,0,0,1,0
12,121045,1,1,0,0,0,1,1,111,2601,1,7,2013,2,2,13,0,16,6,SW BAYSHORE BLVD,,0,27.29643333,-80.367875,0,25,0,0,1,1,2,3,3,10,0,10,0,0000000,99,99,99,99,99,99,0,0,0,1,0
12,121046,1,1,0,1,1,1,1,97,0,3,7,2013,4,5,30,1,13,2,US-192,,99998,28.13896389,-81.04309444,0,8,0,0,1,1,0,4,2,1,0,1,0,0000000,12,47,12,59,88,88,0,0,0,1,0
12,121047,1,1,0,0,0,1,1,59,0,3,7,2013,4,7,30,0,6,4,CR-177A,,0,30.82268611,-85.73520278,0,42,0,0,1,1,0,4,4,2,0,2,0,0000000,99,99,99,99,99,99,0,0,0,1,0
12,121048,1,1,0,1,1,1,1,95,0,4,7,2013,5,2,36,1,13,2,US-441,,99998,28.44223333,-81.40312778,0,8,0,0,1,1,0,1,3,1,0,1,0,0000000,99,99,99,99,99,99,0,0,0,1,0
12,121049,1,1,0,0,0,1,1,113,0,4,7,2013,5,11,53,1,11,1,I-10,,99998,30.59028056,-87.00471944,0,32,0,0,1,1,0,5,1,10,0,10,0,0000000,99,99,99,99,99,99,0,0,0,1,0
12,121051,3,3,0,0,0,4,4,95,0,4,7,2013,5,18,15,0,6,6,CURRY FORD RD,WOODGATE BLVD,0,28.51853611,-81.29669444,0,12,6,0,2,2,0,1,1,10,0,10,0,0000000,99,99,99,99,99,99,14,0,0,1,1
12,121052,1,1,0,0,0,1,1,11,1782,5,7,2013,6,0,41,0,16,6,35TH AVE,,0,26.12688611,-80.19444722,0,42,0,0,1,1,0,4,3,10,0,10,0,0000000,99,99,99,99,99,99,0,0,0,1,1
12,121053,2,2,0,0,0,3,3,95,0,5,7,2013,6,2,35,0,2,3,SR-408,,99998,28.546975,-81.26990556,0,12,1,1,17,1,0,1,3,1,0,1,0,0000000,99,99,99,99,88,88,0,0,0,1,1
12,121054,2,2,0,0,0,3,3,117,0,5,7,2013,6,22,50,1,13,2,US-441,OVERLAND RD,99998,28.64266111,-81.45835833,0,12,6,0,2,3,0,1,2,1,0,1,0,0000000,99,99,99,99,99,99,0,0,0,1,1
12,121055,1,1,0,0,0,3,3,103,0,6,7,2013,7,2,26,1,1,1,I-275 RAMP,,99998,27.88016111,-82.66073889,0,1,0,1,20,1,0,1,2,1,0,1,0,0000000,99,99,99,99,99,99,0,0,0,1,1
12,121056,1,1,0,0,0,2,2,11,1781,6,7,2013,7,6,43,0,16,6,OAKLAND PARK BLVD,,0,26.165125,-80.20081944,0,30,0,0,1,1,0,4,4,10,0,10,0,0000000,99,99,99,99,99,99,0,0,0,1,1
12,121057,1,1,0,0,0,2,2,9,0,7,7,2013,1,3,30,1,1,1,I-95,,99998,28.72430833,-80.88915,0,42,0,0,1,1,0,5,2,1,0,1,0,0000000,99,99,99,99,99,99,0,0,0,1,0
12,121058,1,1,0,1,1,1,1,31,1510,7,7,2013,1,6,47,0,16,6,LA MOYA AVE,,0,30.25698056,-81.73208056,0,9,0,0,1,1,0,1,4,1,0,1,0,0000000,99,99,99,99,88,88,0,0,0,1,0
12,121059,2,2,0,0,0,2,2,31,1510,11,7,2013,5,8,35,0,16,6,DEVOE ST,500 GARFIELD AVE,0,30.31570556,-81.78792778,0,12,2,0,2,3,0,1,1,1,0,1,0,0000000,99,99,99,99,99,99,0,0,0,1,0
12,121060,1,1,0,1,1,2,2,86,0,30,6,2013,1,21,34,0,2,3,SR-7,NW 191 ST,99998,25.94988056,-80.20550556,0,8,0,0,3,2,0,1,3,10,0,10,0,0000000,99,99,99,99,88,88,0,0,0,1,1
12,121061,1,1,0,0,0,2,2,95,70,4,7,2013,5,3,0,1,13,2,US-441,3RD ST W,99998,28.67444444,-81.51414444,0,30,0,0,3,3,0,4,3,1,0,1,0,0000000,99,99,99,99,99,99,0,0,0,1,0
12,121062,1,1,0,0,0,1,1,83,0,4,7,2013,5,23,34,0,6,6,SE 110TH ST,,0,29.0623,-82.02341944,0,42,0,0,1,1,0,4,2,10,0,10,0,0000000,99,99,99,99,88,88,0,0,0,1,1
12,121063,2,2,0,0,0,4,4,3,0,5,7,2013,6,13,25,0,3,2,US-90,I-10 RAMP,99998,30.23793889,-82.3063,0,12,6,1,5,1,0,1,1,10,0,10,0,0000000,99,99,99,99,99,99,0,0,0,2,0
12,121064,1,1,0,0,0,1,1,83,0,8,7,2013,2,5,45,1,13,2,US-41,,99998,29.09300833,-82.45158333,0,42,0,0,1,1,0,4,4,1,0,1,0,0000000,99,99,99,99,99,99,0,0,0,1,0
12,121066,1,1,0,1,1,1,1,11,2948,9,7,2013,3,19,38,0,16,6,UNIVERSITY DR,LANDINGS ST,0,26.20204444,-80.25213333,0,9,0,0,2,3,0,1,1,1,0,1,0,0000000,99,99,99,99,99,99,0,0,0,1,0
12,121067,1,1,0,0,0,1,1,115,0,9,7,2013,3,15,12,0,16,6,RIVENDELL BLVD,,0,27.18200278,-82.47536667,0,3,0,0,1,1,0,5,1,1,0,1,0,0000000,99,99,99,99,99,99,0,0,0,1,0
12,121068,2,2,0,0,0,2,2,127,780,10,7,2013,4,10,33,0,16,6,LPGA BLVD,,0,29.15661389,-81.10085,0,12,1,0,1,1,1,1,1,1,0,1,0,0000000,99,99,99,99,88,88,3,0,0,1,0
12,121069,1,1,0,0,0,2,2,103,2730,12,7,2013,6,23,39,1,11,1,I-275,,99998,27.87735833,-82.66361667,0,39,0,1,5,1,0,4,3,1,0,1,0,0000000,99,99,99,99,99,99,0,0,0,1,1
12,121070,1,1,0,1,1,1,1,95,3310,13,7,2013,7,22,50,0,16,6,N ORLANDO AVE,,0,28.61099444,-81.36520278,0,9,0,0,1,1,0,1,3,10,0,10,0,0000000,99,99,99,99,99,99,0,0,0,1,0
12,121071,2,2,0,0,0,2,2,103,0,15,7,2013,2,16,10,0,6,4,CR-501,,0,28.11061111,-82.74401111,0,12,1,0,1,1,0,1,1,10,0,10,0,0000000,99,99,99,99,99,99,0,0,0,1,0
12,121072,1,1,0,0,0,1,1,91,0,15,7,2013,2,19,20,0,6,6,KENNEDY BRIDGE ROAD,,0,30.93100833,-86.75130833,0,24,0,0,1,1,0,4,1,1,0,1,0,0000000,99,99,99,99,88,88,0,0,0,1,1
12,121073,1,1,0,0,0,2,2,57,0,2,1,2013,4,21,25,0,6,6,NATURES WAY BL,,0,27.87589722,-82.26034167,0,42,0,0,1,1,0,4,3,1,0,1,0,0000000,99,99,99,99,99,99,0,0,0,1,0
12,121074,2,2,0,0,0,3,3,86,1340,8,2,2013,6,20,11,0,16,6,SE 4TH AVE,SE 4TH ST,0,25.81920833,-80.27307222,0,12,6,0,2,2,0,1,3,1,0,1,0,0000000,99,99,99,99,88,88,0,0,0,1,0
12,121075,2,2,0,0,0,3,3,57,2950,15,3,2013,6,18,36,0,16,6,COMMERCE PALMS DRIVE,COMPTON DRIVE,0,28.11428889,-82.37788889,0,12,6,0,2,2,0,1,1,1,0,1,0,0000000,99,99,99,99,88,88,0,0,0,1,0
12,121077,3,3,0,0,0,3,3,86,0,4,4,2013,5,13,54,0,16,6,117TH AVE,7007 117TH AVE,0,25.70094444,-80.38205833,0,12,2,0,2,2,0,1,1,1,0,1,0,0000000,99,99,99,99,99,99,0,0,0,1,0
12,121078,1,1,0,1,1,1,1,86,0,5,4,2013,6,22,18,0,16,6,2ND AVE,117TH ST,0,25.88263611,-80.19426944,0,8,0,0,3,3,0,1,3,2,0,2,0,0000000,99,99,99,99,99,99,0,0,0,1,0
12,121079,1,1,0,0,0,2,2,11,672,19,4,2013,6,2,25,0,16,6,WESTVIEW DR,,0,26.29963333,-80.27172222,0,33,0,0,1,1,0,3,3,1,0,1,0,0000000,99,99,99,99,99,99,0,0,0,1,1
12,121080,1,1,0,0,0,1,1,86,0,26,4,2013,6,23,18,0,16,6,136TH ST,187TH AVE,0,25.637725,-80.49623611,0,5,0,0,2,2,0,1,2,1,0,1,0,0000000,99,99,99,99,99,99,0,0,0,1,0
12,121081,1,1,0,1,1,1,1,17,1500,2,5,2013,5,14,38,0,16,6,HIGHLAND BLVD,SOUTH PARK AVE,0,28.83226111,-82.32888611,0,8,0,0,2,2,0,1,1,10,0,10,0,0000000,99,99,99,99,99,99,0,0,0,1,0
12,121082,1,1,0,0,0,4,4,86,0,4,5,2013,7,20,29,0,6,6,NW 52ST,,0,25.82255556,-80.23651111,0,5,0,0,1,1,0,1,3,1,0,1,0,0000000,99,99,99,99,99,99,0,0,0,1,0
12,121083,1,1,0,0,0,1,1,87,1580,9,5,2013,5,0,0,1,13,2,US-1,,99998,24.57213611,-81.75488056,0,31,0,0,1,1,4,4,2,1,0,1,0,0000000,99,99,99,99,99,99,0,0,0,1,1
12,121084,5,5,0,0,0,11,11,86,2010,9,5,2013,5,14,10,0,14,6,NW 47TH AVE,NW 7TH ST,99998,25.77872778,-80.27188611,0,12,6,0,2,2,0,1,1,1,0,1,0,0000000,99,99,99,99,99,99,0,0,0,1,1
12,121085,1,1,0,0,0,1,1,61,2790,13,5,2013,2,3,4,0,16,6,LOUISIANA AVE,,0,27.81636667,-80.47090556,0,30,0,0,1,1,0,4,6,98,0,98,0,0000000,99,99,99,99,88,88,0,0,0,1,0
12,121086,2,2,0,0,0,4,4,95,70,17,5,2013,6,18,58,1,13,2,US-441,SR-429,99998,28.69476111,-81.55925,0,12,6,0,2,2,0,1,5,10,0,10,0,0000000,99,99,99,99,99,99,0,0,0,1,0
12,121087,2,2,0,0,0,2,2,11,1050,18,5,2013,7,2,15,1,13,2,US-1,,99998,26.10975556,-80.13707778,0,12,1,0,1,1,0,1,3,1,0,1,0,0000000,99,99,99,99,88,88,0,0,0,1,1
12,121089,2,2,0,0,0,4,4,35,2439,23,5,2013,5,13,41,1,11,1,I-95,PALM COAST PKWY,99998,29.55384167,-81.21848889,0,12,6,1,2,2,0,1,1,1,0,1,0,0000000,99,99,99,99,99,99,0,0,0,1,0
12,121090,1,1,0,0,0,1,1,57,0,29,5,2013,4,16,22,0,16,6,BELL SHOALS ROAD,,0,27.86413889,-82.26916389,0,34,0,0,1,1,0,4,1,1,0,1,0,0000000,99,99,99,99,88,88,0,0,0,1,0
12,121091,2,2,0,0,0,2,2,49,0,30,5,2013,5,9,20,1,2,3,SR-64,,99998,27.54276944,-81.72381667,0,12,1,0,1,1,0,1,1,10,0,10,1,0000000,99,99,99,99,99,99,0,0,0,1,0
12,121092,2,2,0,0,0,4,4,9,2424,22,6,2013,7,15,29,0,16,6,DIXIE HWY,PORT MALABAR BLVD,0,28.02435556,-80.57441944,0,12,6,0,2,3,0,1,1,1,0,1,0,0000000,99,99,99,99,99,99,0,0,0,1,0
12,121093,1,1,0,1,1,1,1,5,0,29,6,2013,7,20,18,0,14,3,SR-390,,99998,30.19686111,-85.68593889,0,8,0,0,1,1,0,1,5,10,0,10,0,0000000,99,99,99,99,88,88,0,0,0,1,0
12,121094,1,1,0,1,1,1,1,57,2950,9,6,2013,1,0,0,0,16,6,LAKE AVE W,,0,27.97781667,-82.44734167,0,8,0,0,1,1,0,1,3,10,0,10,0,0000000,99,99,99,99,99,99,0,0,0,1,0
12,121095,2,2,0,0,0,4,4,41,0,29,6,2013,7,9,10,1,2,3,SR-26,,99998,29.63132778,-82.70426944,0,12,6,0,1,1,0,1,1,2,0,2,0,0000000,99,99,99,99,99,99,0,0,0,2,0
12,121096,1,1,0,0,0,8,8,115,0,30,6,2013,1,9,37,1,1,1,I-75,,99998,27.12301111,-82.39581944,0,1,0,0,1,1,0,4,1,1,0,1,0,0000000,99,99,99,99,99,99,0,0,0,2,0
12,121097,1,1,0,0,0,1,1,31,1510,3,7,2013,4,0,0,0,16,6,CHAFFEE RD,,0,30.25641944,-81.84870278,0,42,0,0,1,1,0,4,2,10,0,10,0,0000000,99,99,99,99,88,88,0,0,0,1,1
12,121098,2,2,0,0,0,3,3,95,0,4,7,2013,5,3,50,0,6,6,POWERS DR,SR-50,0,28.55176389,-81.46756111,0,12,6,0,2,2,0,1,2,10,0,10,0,0000000,99,99,99,99,99,99,0,0,0,1,1
12,121099,2,1,1,0,0,1,1,71,312,4,7,2013,5,21,18,0,16,4,CR-865,,0,26.33116389,-81.77977222,0,18,0,0,1,1,0,4,3,10,0,10,0,0000000,99,99,99,99,88,88,14,0,0,1,1
12,121100,2,2,0,0,0,2,2,67,0,8,7,2013,2,8,13,1,2,2,US-27,CR-53,99998,30.12918056,-83.29335278,0,12,6,0,2,2,0,1,1,1,0,1,0,0000000,99,99,99,99,88,88,0,0,0,1,0
12,121101,2,2,0,0,0,2,2,103,570,8,7,2013,2,16,25,0,16,6,KEENE RD,GULF TO BAY BLVD,0,27.96053611,-82.76291389,0,12,6,0,2,2,0,1,1,1,0,1,0,0000000,99,99,99,99,99,99,0,0,0,1,0
12,121102,2,2,0,0,0,2,2,105,1690,10,7,2013,4,17,8,1,13,2,US-92,CRESTVIEW AVE,99998,28.05475,-81.97621944,0,12,2,0,2,2,0,1,1,10,0,10,0,0000000,99,99,99,99,99,99,0,0,0,1,0
12,121103,1,1,0,1,1,1,1,57,0,10,7,2013,4,23,35,0,6,6,SWEAT LOOP RD,,0,27.74466389,-82.24216944,0,8,0,0,1,1,0,1,2,1,0,1,0,0000000,99,99,99,99,88,88,0,0,0,1,1
12,121104,2,2,0,0,0,3,3,97,0,11,7,2013,5,1,0,1,13,2,US-192,PINE GROVE RD,99998,28.24124444,-81.20223611,0,12,6,0,2,2,0,1,2,1,0,1,0,0000000,99,99,99,99,99,99,0,0,0,1,0
12,121105,1,1,0,0,0,1,1,86,2010,11,7,2013,5,6,39,0,16,6,17TH AVE,,0,25.82696944,-80.22465833,0,59,0,0,1,1,0,4,4,1,0,1,0,0000000,99,99,99,99,88,88,0,0,0,1,1
12,121106,3,3,0,0,0,8,8,86,0,13,7,2013,7,1,5,1,13,2,US-441,NW 143 ST,99998,25.90553889,-80.21171667,0,12,6,0,2,2,0,1,3,1,0,1,0,0000000,1,4,1,7,99,99,0,0,0,1,0
12,121107,2,2,0,0,0,4,4,115,2780,2,6,2013,1,19,53,1,13,3,SR-610,DESOTO RD,99998,27.38216389,-82.54381944,0,42,0,0,3,3,0,3,1,1,0,1,0,0000000,99,99,99,99,99,99,0,0,0,1,1
12,121108,2,2,0,0,0,2,2,11,672,23,6,2013,1,9,57,0,16,6,ROYAL PALM BLVD,NW 112TH AVE,0,26.25911944,-80.27563056,0,12,6,0,2,3,0,1,1,1,0,1,0,0000000,99,99,99,99,99,99,0,0,0,1,0