STATE,ST_CASE,VE_TOTAL,VE_FORMS,PVH_INVL,PEDS,PERNOTMVIT,PERMVIT,PERSONS,COUNTY,CITY,DAY,MONTH,YEAR,DAY_WEEK,HOUR,MINUTE,NHS,ROAD_FNC,ROUTE,TWAY_ID,TWAY_ID2,MILEPT,LATITUDE,LONGITUD,SP_JUR,HARM_EV,MAN_COLL,RELJCT1,RELJCT2,TYP_INT,WRK_ZONE,REL_ROAD,LGT_COND,WEATHER1,WEATHER2,WEATHER,SCH_BUS,RAIL,NOT_HOUR,NOT_MIN,ARR_HOUR,ARR_MIN,HOSP_HR,HOSP_MN,CF1,CF2,CF3,FATALS,DRUNK_DR
12,121109,1,1,0,1,1,1,1,99,0,28,6,2013,6,18,1,0,16,6,BOYNTON BCH BLVD,LYONS RD,0,26.52780278,-80.18876389,0,9,0,0,2,2,0,1,5,10,0,10,0,0000000,99,99,99,99,99,99,0,0,0,1,0
12,121110,3,3,0,0,0,5,5,101,0,2,7,2013,3,16,45,0,6,4,CR-587,,0,28.30281667,-82.61789167,0,12,6,0,1,1,0,1,1,2,0,2,0,0000000,16,48,16,52,99,99,0,0,0,2,0
12,121111,1,1,0,1,1,4,4,35,0,10,7,2013,4,18,58,1,13,2,US-1,,99998,29.42374722,-81.21715,0,9,0,0,1,1,0,4,1,1,0,1,0,0000000,99,99,99,99,88,88,0,0,0,1,1
12,121112,1,1,0,0,0,3,3,99,3190,14,7,2013,1,4,21,1,11,1,I-95,,99998,26.75898889,-80.08866944,0,42,0,0,1,1,0,4,3,10,0,10,0,0000000,99,99,99,99,99,99,0,0,0,1,1
12,121113,2,2,0,0,0,3,3,31,1510,14,7,2013,1,2,9,1,13,3,SR-202,KERNAN BLVD,99998,30.25153333,-81.49880278,0,12,6,1,5,1,0,1,6,1,0,1,0,0000000,99,99,99,99,99,99,0,0,0,1,1
12,121114,1,1,0,0,0,2,2,133,0,15,7,2013,2,11,25,1,1,1,I-10,,99998,30.74945278,-85.56054722,0,1,0,0,1,1,0,2,1,10,0,10,0,0000000,99,99,99,99,99,99,0,0,0,1,0
12,121115,2,2,0,0,0,4,4,57,0,22,3,2013,6,17,55,0,6,8,RACE TRACK RD,REPTRON BLVD,0,28.06398611,-82.63959722,0,12,6,0,2,2,0,1,1,10,0,10,0,0000000,99,99,99,99,99,99,0,0,0,1,1
12,121116,3,3,0,0,0,5,5,109,2690,13,4,2013,7,13,27,0,14,3,SR-A1A,,99998,29.87643333,-81.28543333,0,12,8,0,1,1,0,1,1,1,0,1,0,0000000,99,99,99,99,88,88,0,0,0,1,0
12,121117,2,2,0,0,0,2,2,33,0,18,7,2013,5,20,10,1,14,3,SR-173,,99998,30.38055833,-87.35153889,0,12,2,0,8,1,0,1,2,10,0,10,0,0000000,99,99,99,99,99,99,0,0,0,1,1
12,121118,1,1,0,2,2,1,1,11,1927,16,5,2013,5,0,22,1,13,2,US-441,NW 8TH ST,99998,26.23856667,-80.20452222,0,8,0,0,3,2,0,1,3,1,0,1,0,0000000,99,99,99,99,88,88,0,0,0,2,0
12,121119,1,1,0,0,0,2,2,15,0,8,6,2013,7,1,50,1,13,2,US-41,,99998,27.02141944,-82.18852222,0,1,0,0,1,1,0,3,2,1,0,1,0,0000000,99,99,99,99,99,99,0,0,0,1,1
12,121120,2,2,0,0,0,3,3,115,0,10,6,2013,2,15,5,0,14,3,SR-758,SWIFT RD,99998,27.29880833,-82.51418333,0,12,6,0,2,2,0,1,1,1,0,1,0,0000000,99,99,99,99,99,99,0,0,0,1,0
12,121121,2,2,0,0,0,2,2,99,1463,23,6,2013,1,17,25,0,16,6,DIXIE HIGHWAY,LAKESHORE DRIVE,0,26.55563333,-80.05488056,0,12,6,1,2,3,0,1,1,1,0,1,0,0000000,99,99,99,99,88,88,0,0,0,1,1
12,121122,1,1,0,1,1,2,2,81,0,8,7,2013,2,10,23,1,13,2,US-41,23RD STREET EAST,99998,27.4815,-82.622525,0,15,0,1,2,2,0,1,1,1,0,1,0,0000000,99,99,99,99,99,99,0,0,0,1,0
12,121123,3,3,0,0,0,4,4,57,0,11,7,2013,5,18,20,1,13,2,US-301,,99998,28.07920556,-82.28636944,0,12,2,0,1,1,0,1,1,2,0,2,0,0000000,99,99,99,99,99,99,14,0,0,1,0
12,121124,1,1,0,1,1,1,1,113,0,16,7,2013,3,13,40,1,13,2,US-98,,99998,30.39289167,-87.04174722,0,8,0,0,1,1,0,4,1,10,0,10,0,0000000,99,99,99,99,99,99,0,0,0,1,0
12,121125,2,2,0,0,0,2,2,9,2424,17,7,2013,4,10,33,0,16,6,SAN FILLIPO DR,COMMUNITY COLLEGE PKWY,0,27.9959,-80.634525,0,12,2,0,2,2,0,1,1,1,0,1,0,0000000,99,99,99,99,99,99,0,0,0,1,0
12,121126,3,3,0,0,0,3,3,73,2940,17,7,2013,4,13,16,0,16,6,THOMASVILLE RD,HERMITAGE BLVD,0,30.48823889,-84.25554167,0,12,6,0,2,2,0,1,1,1,0,1,0,0000000,99,99,99,99,99,99,0,0,0,1,0
12,121127,1,1,0,1,1,1,1,86,2023,7,6,2013,6,0,18,0,16,6,167TH ST,,0,25.92640833,-80.233925,0,9,0,0,1,1,0,1,2,10,0,10,0,0000000,99,99,99,99,99,99,0,0,0,1,0
12,121128,1,1,0,0,0,1,1,99,3190,18,6,2013,3,8,18,0,16,6,45TH ST,CONGRESS AVE,0,26.75895,-80.08647222,0,5,0,0,2,2,0,1,1,1,0,1,0,0000000,99,99,99,99,99,99,0,0,0,1,0
12,121129,1,1,0,1,1,1,1,57,0,24,6,2013,2,23,48,1,13,2,US-92,,99998,27.99600278,-82.39203333,0,8,0,0,1,1,0,1,2,1,0,1,0,0000000,99,99,99,99,88,88,0,0,0,1,0
12,121130,1,1,0,1,1,2,2,86,1340,25,6,2013,3,12,47,1,13,3,SR-932,,99998,25.86603889,-80.31483611,0,8,0,0,1,1,0,1,1,1,0,1,0,0000000,99,99,99,99,99,99,0,0,0,1,0
12,121131,2,2,0,0,0,4,4,31,1510,7,7,2013,1,4,14,1,11,1,I-295,,99998,30.27435278,-81.76903333,0,12,2,0,1,1,0,1,3,1,0,1,0,0000000,99,99,99,99,99,99,0,0,0,1,2
12,121132,1,1,0,0,0,1,1,83,0,15,7,2013,2,18,22,1,1,1,I-75,,99998,29.36661389,-82.22652222,0,34,0,0,1,1,0,4,1,1,0,1,0,0000000,99,99,99,99,88,88,0,0,0,1,0
12,121133,1,1,0,0,0,1,1,75,0,17,7,2013,4,14,30,0,6,4,CR-40A,,0,29.04734444,-82.66820556,0,33,0,0,1,1,0,4,1,10,0,10,0,0000000,99,99,99,99,99,99,0,0,0,1,0
12,121134,2,2,0,0,0,4,4,21,0,18,7,2013,5,9,55,1,13,2,US-41,CASTELLO DR,99998,26.21014167,-81.80031111,0,12,6,0,2,3,0,1,1,10,0,10,0,0000000,99,99,99,99,99,99,0,0,0,1,1
12,121135,6,6,0,0,0,8,8,113,0,18,7,2013,5,16,45,1,13,2,US-98,,99998,30.40216111,-86.93686944,0,12,1,0,1,1,0,1,1,1,0,1,0,0000000,99,99,99,99,99,99,0,0,0,1,0
12,121136,2,2,0,0,0,2,2,9,0,19,7,2013,6,21,34,0,6,6,PALM BAY RD NE,BOTTLEBRUSH DR NE,0,28.035,-80.60981667,0,12,6,0,2,3,0,1,3,2,0,2,0,0000000,99,99,99,99,99,99,0,0,0,1,1
12,121137,1,1,0,0,0,2,2,9,0,26,6,2013,4,12,15,1,1,1,I-95,,99998,27.87806389,-80.59174444,0,42,0,0,1,1,4,4,1,2,0,2,0,0000000,99,99,99,99,99,99,0,0,0,1,0
12,121139,1,1,0,2,2,1,1,95,0,8,7,2013,2,23,28,1,13,2,US-441,LANDSTREET RD,99998,28.43658333,-81.40441944,0,8,0,0,3,2,0,1,3,1,0,1,0,0000000,99,99,99,99,99,99,0,0,0,2,0
12,121140,3,3,0,0,0,3,3,9,0,12,7,2013,6,7,56,0,6,6,VIERA BLVD,,0,28.45504167,-80.80286667,0,12,2,0,1,1,0,1,1,1,0,1,0,0000000,99,99,99,99,99,99,0,0,0,1,0
12,121141,2,2,0,0,0,2,2,93,0,12,7,2013,6,8,18,1,13,2,US-441,,99998,27.19966111,-80.77238056,0,12,6,0,1,1,0,1,1,10,0,10,0,0000000,99,99,99,99,88,88,0,0,0,1,0
12,121142,2,2,0,0,0,2,2,109,0,16,7,2013,3,9,49,0,6,6,RACE TRACK RD,BARTRAM OAKS WALK,0,30.12113889,-81.62362222,0,12,6,0,2,2,0,1,1,1,0,1,0,0000000,99,99,99,99,99,99,0,0,0,1,0
12,121143,2,2,0,0,0,2,2,53,0,16,7,2013,3,6,45,0,6,6,SPRING HILL DR,BENTLEY AVE,0,28.45763056,-82.55426667,0,12,6,0,2,2,0,1,4,1,0,1,0,0000000,99,99,99,99,99,99,0,0,0,1,0
12,121144,1,1,0,0,0,1,1,11,1420,18,7,2013,5,5,11,1,11,1,I-95,,99998,25.99003611,-80.16550278,0,24,0,0,1,1,0,4,3,10,0,10,0,0000000,99,99,99,99,99,99,0,0,0,1,1
12,121145,1,1,0,1,1,1,1,101,0,18,7,2013,5,23,33,1,13,2,US-41,,99998,28.18563611,-82.36612778,0,8,0,0,1,1,0,1,2,1,0,1,0,0000000,99,99,99,99,88,88,0,0,0,1,0
12,121146,1,1,0,0,0,1,1,103,1770,20,7,2013,7,2,58,0,13,4,CR-595,,99998,27.77731667,-82.63841944,0,33,0,0,1,1,0,3,3,1,0,1,0,0000000,99,99,99,99,88,88,0,0,0,1,1
12,121147,2,2,0,0,0,2,2,33,0,20,7,2013,7,22,55,0,6,4,CR-184,,0,30.67012778,-87.26691667,0,12,2,0,1,1,0,1,2,1,0,1,0,0000000,99,99,99,99,99,99,0,0,0,1,0
12,121148,2,2,0,0,0,2,2,57,0,22,7,2013,2,3,52,0,2,3,SR-676,,99998,27.92263056,-82.36063056,0,12,1,0,1,1,0,1,3,1,0,1,0,0000000,99,99,99,99,88,88,0,0,0,1,0
12,121149,1,1,0,1,1,1,1,95,0,23,7,2013,3,21,28,0,2,3,SR-436,,99998,28.57306667,-81.31086111,0,8,0,0,1,1,0,1,2,1,0,1,0,0000000,99,99,99,99,88,88,0,0,0,1,0
12,121151,2,2,0,0,0,2,2,31,1510,25,7,2013,5,11,15,0,16,6,ST AUGUSTINE RD,WRIGHT AVE,0,30.4587,-81.6576,0,12,6,0,2,2,0,1,1,1,0,1,0,0000000,99,99,99,99,99,99,0,0,0,1,0
12,121152,2,2,0,0,0,3,3,113,0,25,7,2013,5,21,50,1,13,2,US-98,,99998,30.40236111,-86.94390278,0,12,2,0,1,1,0,1,2,1,0,1,0,0000000,99,99,99,99,99,99,0,0,0,1,1
12,121153,1,1,0,1,1,1,1,31,1510,27,7,2013,7,20,45,0,16,6,E BEAVER ST,,0,30.33091111,-81.65372778,0,8,0,0,1,1,0,1,3,1,0,1,0,0000000,99,99,99,99,99,99,0,0,0,1,0
12,121154,4,3,1,0,1,6,7,86,2220,28,6,2013,6,19,0,0,16,6,NE 142ND ST,NE 10TH AVE,0,25.90609722,-80.17912778,0,12,6,0,2,2,0,1,1,1,0,1,0,0000000,99,99,99,99,99,99,14,0,0,1,0
12,121155,3,3,0,0,0,3,3,99,0,1,7,2013,2,8,48,0,6,6,JOG RD,MIZNER PRESERVE WAY,0,26.43423889,-80.14648056,0,12,6,0,2,2,0,1,1,1,0,1,0,0000000,99,99,99,99,99,99,0,0,0,1,0
12,121156,1,1,0,0,0,2,2,113,0,6,7,2013,7,0,30,0,6,4,CR-197,,0,30.72333889,-87.19627222,0,42,0,0,1,1,0,4,2,2,0,2,0,0000000,99,99,99,99,99,99,0,0,0,1,1
12,121157,1,1,0,1,1,1,1,95,0,20,7,2013,7,18,36,1,1,1,I-4,,99998,28.37814167,-81.50333889,0,8,0,0,1,1,0,2,1,10,0,10,0,0000000,99,99,99,99,99,99,0,0,0,1,0
12,121158,1,1,0,0,0,4,4,127,2240,24,7,2013,4,21,1,0,16,6,W HALIFAX AV,,0,28.864175,-80.85745556,0,32,0,0,1,1,0,4,2,1,0,1,0,0000000,99,99,99,99,99,99,0,0,0,1,0
12,121159,1,1,0,0,0,1,1,63,0,24,7,2013,4,21,45,0,3,3,SR-71,,99998,30.61294167,-85.14833611,0,30,0,0,1,1,0,4,2,10,0,10,0,0000000,99,99,99,99,99,99,0,0,0,1,1
12,121160,1,1,0,1,1,1,1,55,2800,29,7,2013,2,1,25,1,13,2,US-27,,99998,27.46265,-81.43213889,0,8,0,0,1,1,0,1,2,1,0,1,0,0000000,99,99,99,99,88,88,0,0,0,1,0
12,121161,3,3,0,1,1,4,4,71,0,19,7,2013,6,23,50,1,11,1,I-75,,99998,26.48338611,-81.79376111,0,8,0,0,1,1,0,1,2,10,0,10,0,0000000,99,99,99,99,88,88,0,0,0,1,0
12,121162,1,1,0,0,0,1,1,11,771,26,7,2013,6,5,2,1,13,3,SR-84,SW 130 AVE,99998,26.11606944,-80.32206944,0,25,0,0,3,3,2,4,2,1,0,1,0,0000000,99,99,99,99,88,88,0,0,0,1,1
12,121163,2,2,0,0,0,4,4,57,2540,26,7,2013,6,20,40,0,16,6,PARK RD,,0,28.03113056,-82.10486944,0,12,1,0,1,1,0,1,2,1,0,1,0,0000000,99,99,99,99,99,99,0,0,0,1,0
12,121164,1,1,0,1,1,2,2,83,0,28,7,2013,1,6,20,1,13,2,US-441,,99998,29.22690278,-82.14871389,0,8,0,0,1,1,0,1,4,10,0,10,0,0000000,99,99,99,99,88,88,0,0,0,1,1
12,121165,1,1,0,1,1,2,2,57,2950,26,7,2013,6,21,40,0,16,6,7TH AVE,,0,27.96027778,-82.44632778,0,8,0,0,4,1,0,1,2,1,0,1,0,0000000,99,99,99,99,99,99,0,0,0,1,0
12,121166,1,1,0,0,0,1,1,57,2950,9,4,2013,3,23,21,0,16,6,DAVIS BLVD,,0,27.93016944,-82.45628333,0,59,0,0,1,1,0,4,3,1,0,1,0,0000000,99,99,99,99,88,88,0,0,0,1,1
12,121167,2,2,0,0,0,4,4,99,1760,9,4,2013,3,18,34,0,16,6,DIXIE HWY,,0,26.57980833,-80.05276667,0,12,2,0,1,1,0,1,1,10,0,10,0,0000000,99,99,99,99,99,99,0,0,0,1,0
12,121168,1,1,0,0,0,4,4,57,2950,14,4,2013,1,20,2,0,16,6,COLUMBUS DR W,MATANZAS AVE N,0,27.96673889,-82.49516111,0,39,0,0,1,1,0,4,3,1,0,1,0,0000000,99,99,99,99,99,99,0,0,0,3,1
12,121169,1,1,0,1,1,1,1,86,0,22,4,2013,2,14,5,0,6,6,NW 81ST ST,,0,25.84895,-80.2129,0,9,0,0,8,1,0,1,1,1,0,1,0,0000000,99,99,99,99,99,99,0,0,0,1,0
12,121171,1,1,0,0,0,2,2,57,2950,28,4,2013,1,3,12,1,13,2,US-92,,99998,27.99611667,-82.49027222,0,30,0,0,1,1,0,4,3,1,0,1,0,0000000,99,99,99,99,99,99,0,0,0,1,1
12,121172,2,2,0,0,0,3,3,57,2950,28,4,2013,1,21,7,0,16,6,CAUSEWAY BLVD,,0,27.93356111,-82.43144722,0,12,1,0,1,1,0,1,3,1,0,1,0,0000000,99,99,99,99,99,99,0,0,0,2,1
12,121173,1,1,0,0,0,2,2,117,0,2,4,2013,3,7,23,0,6,6,HUNT CLUB BLVD,,0,28.67639167,-81.44913056,0,30,0,0,1,1,0,3,4,1,0,1,0,0000000,99,99,99,99,99,99,0,0,0,1,0
12,121174,1,1,0,0,0,1,1,99,0,4,5,2013,7,21,51,0,14,2,US-1,,99998,26.55301667,-80.05550833,0,10,0,0,6,1,0,1,3,10,0,10,0,272475S,99,99,99,99,88,88,0,0,0,1,1
12,121175,1,1,0,0,0,2,2,127,2190,6,5,2013,2,0,43,0,16,6,CAUSEWAY,,0,29.02350278,-80.91818889,0,25,0,0,1,1,0,3,3,1,0,1,0,0000000,99,99,99,99,99,99,0,0,0,1,0
12,121177,1,1,0,1,1,1,1,86,2010,5,6,2013,4,11,53,0,16,6,7TH ST,,0,25.778875,-80.25834444,0,8,0,0,1,1,0,1,1,1,0,1,0,0000000,99,99,99,99,99,99,0,0,0,1,0
12,121178,2,2,0,0,0,2,2,9,0,11,7,2013,5,7,40,0,6,4,CR-509,PINEDA PLAZA WAY,0,28.20321944,-80.67206667,0,12,2,0,2,2,0,1,1,1,0,1,0,0000000,99,99,99,99,99,99,0,0,0,1,0
12,121179,1,1,0,0,0,1,1,119,0,17,7,2013,4,3,40,0,6,4,CR-478,,0,28.61330556,-82.00105833,0,1,0,0,1,1,0,4,2,1,0,1,0,0000000,99,99,99,99,99,99,0,0,0,1,1
12,121180,4,1,3,0,0,2,2,45,0,19,7,2013,6,22,57,1,2,2,US-98,,99998,29.89966667,-85.36379167,0,42,0,0,1,1,0,4,2,2,0,2,0,0000000,99,99,99,99,99,99,14,0,0,1,1
12,121181,1,1,0,1,1,2,2,99,0,15,7,2013,2,0,5,1,13,3,SR-802,,99998,26.61720278,-80.08383889,0,8,0,0,1,1,0,1,3,2,0,2,0,0000000,99,99,99,99,99,99,0,0,0,1,1
12,121183,1,1,0,0,0,3,3,105,0,20,7,2013,7,19,15,1,1,1,I-4,CR-532 RAMP,99998,28.25768056,-81.61653056,0,38,0,1,5,1,0,4,1,10,0,10,0,0000000,99,99,99,99,99,99,0,0,0,1,0
12,121185,1,1,0,0,0,1,1,5,0,23,7,2013,3,11,45,0,6,6,4TH ST,,0,30.29034167,-85.65765,0,1,0,0,1,1,0,1,1,1,0,1,0,0000000,99,99,99,99,88,88,0,0,0,1,0
12,121186,2,2,0,0,0,2,2,61,0,23,7,2013,3,21,20,0,16,6,85TH ST,,0,27.74868889,-80.4848,0,24,0,0,1,1,0,4,2,1,0,1,0,0000000,99,99,99,99,99,99,0,0,0,1,1
12,121187,1,1,0,0,0,1,1,95,0,24,7,2013,4,17,20,0,6,6,PINELOCH AVE,,0,28.50931667,-81.37350278,0,1,0,0,1,1,0,1,1,1,0,1,0,0000000,99,99,99,99,99,99,0,0,0,1,0
12,121188,2,2,0,0,0,2,2,11,2916,25,7,2013,5,9,52,0,16,6,148TH AVE,,0,26.11433611,-80.34633333,0,12,6,0,8,1,0,1,1,1,0,1,0,0000000,99,99,99,99,99,99,0,0,0,1,0
12,121189,1,1,0,0,0,3,3,31,1510,25,7,2013,5,15,35,1,11,1,I-95,,99998,30.32536389,-81.67943889,0,25,0,1,19,1,0,3,1,1,0,1,0,0000000,99,99,99,99,99,99,0,0,0,1,0
12,121190,1,1,0,0,0,1,1,89,0,27,7,2013,7,0,58,1,2,2,US-1,,99998,30.56430556,-81.82943889,0,42,0,0,1,1,0,4,2,1,0,1,0,0000000,99,99,99,99,88,88,0,0,0,1,1
12,121191,1,1,0,1,1,1,1,103,2806,27,7,2013,7,8,45,0,16,6,113TH ST N,74TH AVE,0,27.83969444,-82.79540833,0,8,0,0,2,2,0,1,1,1,0,1,0,0000000,99,99,99,99,88,88,0,0,0,1,0
12,121192,1,1,0,0,0,1,1,81,0,28,7,2013,1,3,10,1,2,2,US-301,,99998,27.59769167,-82.42553333,0,1,0,0,1,1,0,4,2,1,0,1,0,0000000,99,99,99,99,88,88,0,0,0,1,1
12,121193,1,1,0,0,0,1,1,85,0,28,7,2013,1,10,35,1,13,3,SR-76,,99998,27.12723889,-80.30408611,0,1,0,0,1,1,0,3,1,10,0,10,0,0000000,99,99,99,99,88,88,0,0,0,1,0
12,121194,1,1,0,1,1,2,2,105,0,29,7,2013,2,1,40,1,11,1,I-4,,99998,28.04769444,-82.02148889,0,8,0,1,20,1,0,1,2,1,0,1,0,0000000,99,99,99,99,88,88,0,0,0,1,0
12,121195,2,2,0,0,0,3,3,31,1510,29,7,2013,2,6,51,1,11,1,I-295,,99998,30.18493889,-81.63689444,0,12,1,0,1,1,0,1,1,1,0,1,0,0000000,99,99,99,99,99,99,0,0,0,1,1
12,121196,3,3,0,0,0,5,5,11,2468,29,7,2013,2,11,0,0,16,6,PEMBROKE RD,SW 172ND AVE,0,25.9931,-80.37608333,0,12,6,0,2,2,0,1,1,1,0,1,0,0000000,99,99,99,99,99,99,0,0,0,1,0
12,121197,4,4,0,0,0,9,9,53,0,29,7,2013,2,15,38,1,13,2,US-19,,99998,28.50620278,-82.585,0,12,2,0,1,1,0,1,1,1,0,1,0,0000000,99,99,99,99,99,99,0,0,0,1,0
12,121198,1,1,0,1,1,1,1,11,1420,29,7,2013,2,19,21,0,16,6,S 24TH TER,RODMAN ST,0,26.00095556,-80.15596944,0,9,0,0,2,2,0,1,5,1,0,1,0,0000000,99,99,99,99,88,88,0,0,0,1,0
12,121199,1,1,0,1,1,1,1,15,0,30,7,2013,3,9,38,0,16,6,CAPRICORN BLVD,PALISADE RD,0,27.01631389,-82.040625,0,9,0,0,2,3,0,1,1,1,0,1,0,0000000,99,99,99,99,88,88,0,0,0,1,0
12,121200,1,1,0,0,0,1,1,95,0,30,7,2013,3,15,15,0,6,6,FLORIDIAN WAY,,0,28.418,-81.5901,0,1,0,0,1,1,0,1,1,10,0,10,0,0000000,99,99,99,99,99,99,0,0,0,1,0
12,121201,2,2,0,0,0,2,2,103,2730,30,7,2013,3,22,30,1,11,1,I-375 RAMP,,99998,27.77574722,-82.65789722,0,12,1,1,5,1,0,1,3,1,0,1,0,0000000,99,99,99,99,99,99,0,0,0,1,2
12,121202,2,2,0,0,0,2,2,91,0,31,7,2013,4,8,48,1,13,3,SR-85,PHIL TYNER RD,99998,30.80433333,-86.55463611,0,12,6,0,2,3,0,1,1,10,0,10,0,0000000,99,99,99,99,88,88,0,0,0,1,0
12,121203,3,3,0,0,0,4,4,11,1420,31,7,2013,4,15,48,0,16,6,OCEAN DR,HARRISON ST,0,26.01101389,-80.11778889,0,12,1,0,2,3,0,1,1,1,0,1,0,0000000,99,99,99,99,99,99,0,0,0,1,0
12,121204,1,1,0,0,0,3,3,23,0,31,7,2013,4,21,15,1,11,1,I-10,,99998,30.25306389,-82.50372778,0,1,0,0,1,1,0,4,2,2,0,2,0,0000000,99,99,99,99,99,99,0,0,0,1,0
12,121205,2,2,0,0,0,3,3,86,0,1,8,2013,5,5,15,1,13,3,SR-826,,99998,25.78160278,-80.32451111,0,12,7,0,1,1,2,1,3,1,0,1,0,0000000,99,99,99,99,99,99,0,0,0,1,0
12,121206,1,1,0,0,0,1,1,57,0,2,8,2013,6,10,50,0,2,3,SR-589,,99998,28.02032778,-82.54471667,0,24,0,0,1,1,2,3,1,1,0,1,0,0000000,99,99,99,99,99,99,0,0,0,1,0
12,121207,2,2,0,0,0,2,2,81,0,2,8,2013,6,15,20,1,13,2,US-41,53RD AVENUE W,99998,27.44772222,-82.57530556,0,12,6,1,2,2,0,1,1,1,0,1,0,0000000,99,99,99,99,99,99,0,0,0,1,1
12,121208,1,1,0,0,0,1,1,11,0,3,8,2013,7,4,30,1,13,3,SR-84,DAVIE ROAD,99998,26.09381944,-80.22675278,0,39,0,1,3,3,0,4,2,10,0,10,0,0000000,99,99,99,99,99,99,0,0,0,1,1
12,121209,1,1,0,0,0,1,1,15,0,3,8,2013,7,19,59,1,13,3,SR-776,,99998,26.93413611,-82.21983056,0,1,0,0,1,1,0,4,5,1,0,1,0,0000000,99,99,99,99,99,99,0,0,0,1,1
12,121210,1,1,0,1,1,1,1,57,2950,3,8,2013,7,21,58,0,16,6,HILLSBOROUGH AVE W,LINCOLN AVE N,0,27.99597778,-82.49662222,0,8,0,0,1,1,0,1,3,10,0,10,0,0000000,99,99,99,99,99,99,0,0,0,1,0
12,121211,2,2,0,0,0,5,5,81,0,4,8,2013,1,15,45,0,2,3,SR-70,,99998,27.30520278,-82.08800833,0,12,2,0,1,1,0,1,1,10,0,10,0,0000000,99,99,99,99,99,99,0,0,0,1,0
12,121212,1,1,0,1,1,1,1,95,0,5,8,2013,2,4,44,1,13,3,SR-91,,99998,28.42522778,-81.39776111,0,8,0,0,1,1,0,1,2,1,0,1,0,0000000,99,99,99,99,88,88,0,0,0,1,0
12,121214,1,1,0,1,1,1,1,57,0,6,8,2013,3,8,0,1,13,2,US-92,,99998,27.99623889,-82.36781944,0,9,0,0,1,1,0,1,1,1,0,1,0,0000000,99,99,99,99,88,88,0,0,0,1,1
12,121215,1,1,0,1,1,1,1,31,1510,6,8,2013,3,11,27,1,13,3,SR-10,,99998,30.3065,-81.6386,0,8,0,0,1,1,0,1,1,1,0,1,0,0000000,99,99,99,99,99,99,0,0,0,1,0
12,121216,1,1,0,1,1,1,1,11,2570,7,8,2013,4,5,26,0,16,6,POWERLINE RD,HAMMONDVILLE RD,0,26.24354444,-80.15162778,0,8,0,0,3,2,0,1,3,10,0,10,0,0000000,99,99,99,99,88,88,0,0,0,1,0
12,121217,1,1,0,1,1,1,1,11,1781,7,8,2013,4,6,45,0,16,6,OAKLAND PARK BLVD,35TH AVE,0,26.16534167,-80.19442222,0,30,0,0,3,2,0,4,1,1,0,1,0,0000000,99,99,99,99,99,99,0,0,0,1,0
12,121218,2,2,0,0,0,2,2,9,1990,8,8,2013,5,23,35,0,16,6,EAU GALLIE BLVD,,0,28.13060833,-80.62491111,0,12,1,0,1,1,0,1,3,1,0,1,0,0000000,99,99,99,99,99,99,0,0,0,1,0
12,121219,2,2,0,0,0,2,2,97,2700,9,4,2013,3,6,13,0,16,6,CANOE CREEK RD,WHALEYS CANOE RD,0,28.21153056,-81.29297222,0,12,6,0,2,3,0,1,3,5,0,5,0,0000000,99,99,99,99,88,88,0,0,0,1,0
12,121220,1,1,0,1,1,1,1,103,2806,21,6,2013,6,22,34,0,16,6,PARK ST N,,0,27.81423333,-82.75398056,0,9,0,0,1,1,0,1,3,1,0,1,0,0000000,99,99,99,99,99,99,0,0,0,1,0
12,121221,3,3,0,0,0,3,3,71,457,14,7,2013,1,21,27,0,16,4,CR-867A,SE 12TH TER,0,26.62959722,-81.940875,0,12,1,0,2,2,0,1,3,10,0,10,0,0000000,99,99,99,99,99,99,14,0,0,1,1
12,121222,1,1,0,1,1,1,1,105,0,19,7,2013,6,22,25,1,2,3,SR-600,FAIRWAY AVE,99998,28.04794444,-81.91604722,0,8,0,0,2,2,0,1,3,10,0,10,0,0000000,99,99,99,99,88,88,0,0,0,1,0
12,121223,2,2,0,0,0,5,5,71,457,25,7,2013,5,21,13,0,16,6,CHIQUITA BLVD,TRAFALGAR PKWY,0,26.62266389,-82.00712778,0,12,6,0,2,2,0,1,3,1,0,1,0,0000000,99,99,99,99,99,99,0,0,0,1,0
12,121224,1,1,0,1,1,4,4,86,2020,25,7,2013,5,23,56,1,13,3,SR-A1A,72ND ST,99998,25.85781389,-80.12074444,0,8,0,0,1,1,0,1,3,1,0,1,0,0000000,99,99,99,99,88,88,0,0,0,1,0
12,121225,2,2,0,0,0,5,5,59,0,28,7,2013,1,17,29,1,1,1,I-10,,99998,30.7469,-85.86761944,0,12,6,0,1,1,0,1,1,1,0,1,0,0000000,99,99,99,99,99,99,0,0,0,1,0
12,121226,2,2,0,0,0,3,3,131,0,1,8,2013,5,19,40,0,6,4,CR-181C,,0,30.68995278,-85.88963056,0,12,6,0,1,1,0,1,5,1,0,1,0,0000000,99,99,99,99,99,99,0,0,0,1,1
12,121227,1,1,0,1,1,2,2,117,0,5,8,2013,2,5,30,0,2,3,SR-46,,99998,28.81211944,-81.37406944,0,8,0,0,1,1,0,1,2,1,0,1,0,0000000,99,99,99,99,99,99,0,0,0,1,0