STATE,ST_CASE,VE_TOTAL,VE_FORMS,PVH_INVL,PEDS,PERNOTMVIT,PERMVIT,PERSONS,COUNTY,CITY,DAY,MONTH,YEAR,DAY_WEEK,HOUR,MINUTE,NHS,ROAD_FNC,ROUTE,TWAY_ID,TWAY_ID2,MILEPT,LATITUDE,LONGITUD,SP_JUR,HARM_EV,MAN_COLL,RELJCT1,RELJCT2,TYP_INT,WRK_ZONE,REL_ROAD,LGT_COND,WEATHER1,WEATHER2,WEATHER,SCH_BUS,RAIL,NOT_HOUR,NOT_MIN,ARR_HOUR,ARR_MIN,HOSP_HR,HOSP_MN,CF1,CF2,CF3,FATALS,DRUNK_DR
12,121228,1,1,0,0,0,1,1,43,0,5,8,2013,2,16,30,1,2,2,US-27,,99998,26.83363889,-81.169975,0,1,0,0,1,1,0,4,1,10,0,10,0,0000000,99,99,99,99,99,99,0,0,0,1,0
12,121229,1,1,0,1,1,1,1,127,810,5,8,2013,2,22,10,0,16,6,WOODLAND BLVD,,0,29.051575,-81.30413889,0,8,0,0,1,1,0,1,3,1,0,1,0,0000000,99,99,99,99,88,88,0,0,0,1,0
12,121230,2,2,0,0,0,2,2,105,1690,7,8,2013,4,7,19,0,16,6,MARTIN LUTHER KING JR,EMMA ST,0,28.05320556,-81.96139167,0,12,6,0,2,2,0,1,1,1,0,1,0,0000000,99,99,99,99,99,99,0,0,0,1,0
12,121231,2,2,0,0,0,2,2,115,0,8,8,2013,5,7,47,0,16,6,BEE RIDGE RD,HERITAGE OAKS BLVD,0,27.28566667,-82.40030278,0,12,6,0,2,3,0,1,1,1,0,1,0,0000000,99,99,99,99,99,99,0,0,0,1,1
12,121232,1,1,0,0,0,2,2,113,0,8,8,2013,5,17,10,0,6,6,OIL PAINT RD,,0,30.972725,-87.17765833,0,42,0,0,1,1,0,5,1,10,0,10,0,0000000,99,99,99,99,99,99,0,0,0,1,0
12,121233,2,2,0,0,0,2,2,97,0,9,8,2013,6,1,38,1,13,2,US-192,SHADY LANE,99998,28.28408889,-81.35129722,0,12,6,0,2,2,0,1,3,1,0,1,0,0000000,99,99,99,99,99,99,0,0,0,1,1
12,121234,1,1,0,1,1,1,1,86,0,9,8,2013,6,5,52,1,13,2,US-1,,99998,25.69530278,-80.30075,0,8,0,0,1,1,0,1,2,10,0,10,0,0000000,99,99,99,99,88,88,0,0,0,1,0
12,121235,1,1,0,1,1,2,2,61,0,9,8,2013,6,21,30,0,6,4,CR-605,,0,27.59415556,-80.38283611,0,8,0,0,1,1,0,1,2,1,0,1,0,0000000,99,99,99,99,99,99,0,0,0,1,0
12,121236,2,2,0,0,0,2,2,99,330,10,8,2013,7,3,7,0,16,6,N ST RD 5,,0,26.47173889,-80.06725556,0,12,2,0,1,1,0,1,2,1,0,1,0,0000000,99,99,99,99,88,88,0,0,0,1,0
12,121237,2,2,0,0,0,2,2,99,0,26,5,2013,1,5,30,1,1,1,I-95,,99998,26.49570833,-80.07990556,0,12,1,0,1,1,0,1,4,1,0,1,0,0000000,99,99,99,99,88,88,0,0,0,1,1
12,121238,1,1,0,0,0,1,1,57,0,18,6,2013,3,11,9,0,6,6,FIVE ACRE RD,,0,28.09816944,-82.22646944,0,34,0,0,1,1,0,4,1,1,0,1,0,0000000,99,99,99,99,88,88,0,0,0,1,0
12,121239,1,1,0,0,0,1,1,105,1270,30,7,2013,3,20,52,0,16,6,MASSEE RD,,0,28.17939444,-81.64275833,0,42,0,0,1,1,0,4,2,1,0,1,0,0000000,99,99,99,99,88,88,0,0,0,1,1
12,121241,1,1,0,0,0,1,1,86,0,7,8,2013,4,19,9,1,13,3,SR-854,,99998,25.96309722,-80.15865556,0,42,0,0,1,1,0,3,1,1,0,1,0,0000000,99,99,99,99,99,99,0,0,0,1,0
12,121242,2,2,0,1,1,4,4,57,0,7,8,2013,4,21,33,1,13,2,US-301,,99998,28.04995278,-82.33760556,0,8,0,0,1,1,0,1,2,1,0,1,0,0000000,99,99,99,99,88,88,0,0,0,1,0
12,121243,2,2,0,0,0,5,5,83,0,11,8,2013,1,11,0,0,6,4,CR-450,,0,28.96422778,-81.75834167,0,1,0,0,8,1,0,1,1,10,0,10,0,0000000,99,99,99,99,99,99,0,0,0,1,0
12,121244,1,1,0,1,1,1,1,31,1510,11,8,2013,1,3,15,0,16,8,PICKETTVILLE RD,,0,30.35908333,-81.76461111,0,8,0,0,1,1,0,1,3,1,0,1,0,0000000,99,99,99,99,99,99,0,0,0,1,0
12,121245,1,1,0,1,1,1,1,57,2540,13,8,2013,3,10,50,0,16,6,PARK RD,FRONTAGE RD,0,28.03508611,-82.10471944,0,9,0,0,3,2,0,1,1,1,0,1,0,0000000,99,99,99,99,88,88,0,0,0,1,0
12,121246,1,1,0,1,1,1,1,31,1510,13,8,2013,3,21,41,0,16,6,MONUMENT RD,,0,30.32424167,-81.54683889,0,9,0,0,1,1,0,1,3,10,0,10,0,0000000,99,99,99,99,99,99,0,0,0,1,0
12,121247,2,2,0,0,0,4,4,95,0,16,8,2013,6,15,16,0,6,6,EPCOT CENTER DR,,0,28.3715,-81.53782778,0,12,1,0,1,1,0,1,1,10,0,10,0,0000000,99,99,99,99,99,99,0,0,0,1,0
12,121248,1,1,0,0,0,1,1,99,3190,16,5,2013,5,1,34,1,1,1,I-95,,0,26.75916944,-80.08981111,0,42,0,0,1,1,0,4,3,1,0,1,0,0000000,99,99,99,99,88,88,0,0,0,1,1
12,121249,1,1,0,0,0,1,1,83,0,19,5,2013,1,17,30,0,6,4,CR-464B,,0,29.241975,-82.38080278,0,32,0,0,1,1,0,4,1,10,0,10,0,0000000,99,99,99,99,99,99,0,0,0,1,0
12,121250,1,1,0,1,1,2,2,11,1782,22,5,2013,4,5,20,0,16,6,2800 NW 56TH AVE,,0,26.16138056,-80.22697222,0,8,0,0,1,1,0,1,3,1,0,1,0,0000000,99,99,99,99,99,99,0,0,0,1,0
12,121251,2,2,0,0,0,2,2,127,2340,26,5,2013,1,15,30,0,16,6,BROWARD AVE,,0,28.91105556,-81.28141944,0,12,6,0,4,1,0,1,1,1,0,1,0,0000000,99,99,99,99,99,99,0,0,0,1,0
12,121252,2,2,0,0,0,3,3,63,1930,30,5,2013,5,22,39,0,16,6,MILTON AVE,,0,30.78210833,-85.24654444,0,12,2,0,4,1,0,1,3,1,0,1,0,0000000,99,99,99,99,99,99,0,0,0,1,1
12,121253,4,4,0,0,0,5,5,109,0,31,5,2013,6,16,0,1,1,1,I-95,,99998,30.028675,-81.48749444,0,12,1,0,1,1,0,1,1,1,0,1,0,0000000,99,99,99,99,99,99,0,0,0,1,0
12,121254,1,1,0,1,1,1,1,11,1050,4,6,2013,3,5,55,0,16,6,SUNRISE BLVD,17TH WAY,0,26.137425,-80.12393611,0,15,0,0,2,2,0,1,3,1,0,1,0,0000000,99,99,99,99,99,99,0,0,0,1,0
12,121255,2,2,0,0,0,2,2,11,1782,6,6,2013,5,6,40,1,13,3,SR-7,,99998,26.14921111,-80.20286111,0,12,2,0,1,1,0,1,3,2,0,2,0,0000000,99,99,99,99,88,88,0,0,0,1,0
12,121256,3,1,2,0,0,1,1,86,0,7,6,2013,6,18,25,0,16,6,143RD ST,,0,25.90597778,-80.20207778,0,14,0,0,1,1,0,5,5,2,0,2,0,0000000,99,99,99,99,88,88,0,0,0,1,0
12,121257,2,2,0,0,0,2,2,86,2220,10,6,2013,2,1,36,0,16,6,132ND ST,BISCAYNE BLVD,0,25.89764722,-80.16125278,0,12,6,0,2,3,0,1,3,1,0,1,0,0000000,99,99,99,99,99,99,0,0,0,1,1
12,121258,1,1,0,0,0,2,2,111,0,10,6,2013,2,16,54,0,6,6,LAS PALMAS WAY,,0,27.34820278,-80.32328611,0,19,0,0,1,1,0,5,1,10,0,10,0,0000000,99,99,99,99,99,99,0,0,0,1,0
12,121259,1,1,0,1,1,1,1,11,771,15,6,2013,7,22,21,0,16,6,3690 RD,,0,26.07661389,-80.23177778,0,9,0,0,1,1,0,1,3,1,0,1,0,0000000,99,99,99,99,99,99,0,0,0,1,1
12,121260,1,1,0,0,0,1,1,109,2690,22,6,2013,7,11,30,1,13,2,US-1,,99998,29.89645556,-81.32101389,0,1,0,0,1,1,0,4,1,1,0,1,0,0000000,99,99,99,99,88,88,0,0,0,1,1
12,121261,1,1,0,0,0,1,1,99,820,18,7,2013,5,4,55,1,13,2,US-1,,99998,26.47005,-80.06816667,0,33,0,0,1,1,0,5,3,1,0,1,0,0000000,99,99,99,99,88,88,0,0,0,1,1
12,121262,2,2,0,0,0,3,3,86,0,23,7,2013,3,0,56,1,13,3,SR-976,SW 97TH AVE,99998,25.73277222,-80.35113056,0,12,1,0,2,2,0,1,3,1,0,1,0,0000000,99,99,99,99,99,99,0,0,0,1,0
12,121263,2,2,0,0,0,2,2,81,0,25,7,2013,5,16,15,0,16,6,BETTS RD,,0,27.35915278,-82.22799167,0,12,6,0,8,1,0,1,1,1,0,1,0,0000000,99,99,99,99,99,99,0,0,0,1,0
12,121264,2,2,0,0,0,3,3,17,0,28,7,2013,1,15,0,0,6,4,CR-491,W MARC KNIGHTON CT,0,28.9046,-82.47844722,0,12,6,1,2,3,0,1,1,10,0,10,0,0000000,99,99,99,99,99,99,0,0,0,2,0
12,121265,1,1,0,0,0,1,1,57,2950,28,7,2013,1,12,35,0,16,6,MANHATTAN AVE,,0,27.87685278,-82.518725,0,38,0,0,1,1,0,5,1,10,0,10,0,0000000,99,99,99,99,99,99,0,0,0,1,1
12,121266,1,1,0,1,1,1,1,107,0,31,7,2013,4,21,42,1,13,2,US-17,,99998,29.64371944,-81.60645833,0,9,0,0,1,1,0,1,2,2,0,2,0,0000000,99,99,99,99,99,99,0,0,0,1,0
12,121267,2,2,0,0,0,2,2,83,0,1,8,2013,5,9,13,0,6,4,CR-318,,0,29.40887222,-82.27960556,0,12,2,0,1,1,2,1,1,1,0,1,0,0000000,99,99,99,99,88,88,0,0,0,1,0
12,121268,1,1,0,0,0,1,1,83,0,3,8,2013,7,0,35,0,6,4,CR-25A,NW 42ND ST,0,29.23057778,-82.15575,0,42,0,0,3,3,0,4,2,2,0,2,0,0000000,99,99,99,99,88,88,0,0,0,1,1
12,121269,1,1,0,0,0,2,2,86,0,3,8,2013,7,5,25,1,1,1,I-95,,99998,25.78133056,-80.37375833,0,24,0,0,1,1,0,4,4,1,0,1,0,0000000,99,99,99,99,99,99,0,0,0,1,1
12,121270,2,2,0,0,0,2,2,105,0,3,8,2013,7,17,37,0,2,3,SR-60,KID ELLIS RD,99998,27.89447778,-81.95140556,0,12,6,0,2,3,0,1,1,2,0,2,0,0000000,99,99,99,99,99,99,0,0,0,1,0
12,121271,2,2,0,0,0,2,2,51,0,5,8,2013,2,6,11,1,2,2,US-27,,99998,26.75373056,-81.04305,0,12,2,0,1,1,0,1,2,1,0,1,0,0000000,99,99,99,99,88,88,0,0,0,1,0
12,121272,2,2,0,0,0,4,4,97,0,5,8,2013,2,14,35,1,2,3,SR-15,ROGERS RD,99998,27.77665278,-80.922975,0,12,6,0,8,1,0,1,1,1,0,1,0,0000000,99,99,99,99,99,99,0,0,0,1,0
12,121273,2,2,0,0,0,5,5,9,0,7,8,2013,4,13,45,1,1,1,I-95,,99998,28.28851389,-80.73775278,0,12,1,0,1,1,0,1,1,1,0,1,0,0000000,99,99,99,99,99,99,0,0,0,1,0
12,121274,1,1,0,1,1,3,3,86,2010,7,8,2013,4,19,35,1,1,1,I-295,,99998,25.8377,-80.20628889,0,8,0,0,1,1,0,1,5,1,0,1,0,0000000,99,99,99,99,88,88,0,0,0,1,0
12,121275,1,1,0,0,0,1,1,83,0,8,8,2013,5,18,20,0,6,4,CR-314A,,0,29.07364722,-81.90236389,0,43,0,0,1,1,0,4,1,1,0,1,0,0000000,99,99,99,99,99,99,0,0,0,1,0
12,121276,2,2,0,0,0,4,4,11,771,8,8,2013,5,16,31,0,16,6,64TH AVE,,0,26.06311667,-80.23204444,0,12,98,0,1,1,0,1,1,1,0,1,0,0000000,99,99,99,99,99,99,0,0,0,1,0
12,121277,2,2,0,0,0,2,2,99,820,9,8,2013,6,17,28,0,16,6,DIXIE HWY,,0,26.68170556,-80.05456389,0,12,6,0,8,1,0,1,1,1,0,1,0,0000000,99,99,99,99,88,88,0,0,0,1,0
12,121278,1,1,0,0,0,4,4,99,1560,9,8,2013,6,19,27,1,11,1,I-95,,99998,26.91147778,-80.14285556,0,42,0,0,1,1,0,4,5,1,0,1,0,0000000,99,99,99,99,99,99,0,0,0,1,0
12,121279,2,2,0,0,0,2,2,75,0,12,8,2013,2,15,24,1,2,2,US-19,NW 160TH ST,99998,29.561825,-82.90696944,0,12,6,0,2,2,0,1,1,1,0,1,0,0000000,99,99,99,99,99,99,0,0,0,1,0
12,121280,2,2,0,0,0,2,2,127,780,14,8,2013,4,18,31,1,13,2,US-92,HAGEN TERR,99998,29.19747222,-81.05411111,0,12,6,0,8,1,0,1,1,10,0,10,0,0000000,99,99,99,99,88,88,0,0,0,1,0
12,121281,1,1,0,1,1,1,1,91,0,14,8,2013,4,23,48,1,2,3,SR-189,CARMEL DRIVE,99998,30.44224167,-86.63880278,0,8,0,0,2,2,0,1,2,10,0,10,0,0000000,99,99,99,99,99,99,0,0,0,1,0
12,121282,2,1,1,2,2,1,1,117,0,17,8,2013,7,2,53,1,1,1,I-4,,99998,28.67697222,-81.38878611,0,8,0,0,1,1,0,3,2,10,0,10,0,0000000,99,99,99,99,88,88,19,23,0,2,0
12,121283,1,1,0,1,1,1,1,105,120,18,8,2013,1,13,7,1,13,3,SR-559,RUTHEVEN DR,99998,28.08187222,-81.78643889,0,9,0,0,2,3,0,1,1,1,0,1,0,0000000,99,99,99,99,88,88,0,0,0,1,0
12,121284,2,2,0,0,0,3,3,105,0,15,7,2013,2,6,0,1,2,2,US-27,,99998,27.84922778,-81.58556389,0,12,6,0,8,1,0,1,6,5,0,5,0,0000000,99,99,99,99,88,88,0,0,0,1,0
12,121285,1,1,0,1,1,1,1,86,0,20,7,2013,7,4,20,1,13,3,SR-934,,99998,25.84679722,-80.21729722,0,8,0,0,1,1,0,1,3,1,0,1,0,0000000,99,99,99,99,88,88,0,0,0,1,0
12,121286,2,2,0,2,2,3,3,86,0,1,8,2013,5,23,15,0,2,3,SR-5,,99998,25.50078889,-80.44459444,0,8,0,0,1,1,0,1,2,1,0,1,0,0000000,99,99,99,99,99,99,0,0,0,1,0
12,121287,2,2,0,0,0,6,6,95,0,8,8,2013,5,20,12,0,2,3,SR-50,ROUSE LK RD,99998,28.56791111,-81.21704167,0,12,6,1,2,2,0,1,3,1,0,1,0,0000000,99,99,99,99,99,99,0,0,0,1,0
12,121288,2,2,0,0,0,2,2,101,0,13,8,2013,3,13,5,1,13,2,US-19,BOLTON AVE,99998,28.38251389,-82.675975,0,12,6,1,2,3,0,1,1,1,0,1,0,0000000,99,99,99,99,88,88,0,0,0,1,0
12,121289,2,2,0,0,0,2,2,1,0,14,8,2013,4,11,56,1,2,3,SR-222,SR-26,99998,29.68788889,-82.22610833,0,12,6,1,2,3,0,1,1,1,0,1,0,0000000,99,99,99,99,88,88,0,0,0,1,0
12,121290,1,1,0,1,1,1,1,67,0,16,8,2013,6,1,45,0,3,3,SR-349,,99998,29.88677778,-82.95507778,0,8,0,0,1,1,0,1,2,10,0,10,0,0000000,99,99,99,99,88,88,0,0,0,1,0
12,121291,1,1,0,0,0,2,2,65,0,16,8,2013,6,20,0,1,1,1,I-10,,99998,30.44640278,-83.74404722,0,42,0,0,1,1,0,5,2,2,0,2,0,0000000,99,99,99,99,88,88,0,0,0,2,1
12,121292,1,1,0,0,0,2,2,69,0,17,8,2013,7,2,45,0,6,4,CR-452,,0,28.916775,-81.77161111,0,1,0,0,1,1,0,4,2,10,0,10,0,0000000,2,48,3,2,88,88,0,0,0,1,1
12,121293,2,2,0,0,0,2,2,9,3000,17,8,2013,7,14,43,0,16,6,SOUTH HOPKINS AVE,SYCAMORE ST,0,28.58888333,-80.806525,0,12,2,0,4,1,0,1,1,1,0,1,0,0000000,99,99,99,99,99,99,0,0,0,1,1
12,121294,1,1,0,0,0,1,1,121,0,17,8,2013,7,23,54,0,3,3,SR-247,264TH ST,99998,29.97056111,-82.89568889,0,59,0,0,1,1,0,4,2,2,0,2,0,0000000,99,99,99,99,88,88,0,0,0,1,1
12,121295,2,2,0,0,0,5,5,11,2260,18,8,2013,1,17,0,0,16,6,NW 9TH AVE,,0,26.17591389,-80.15467222,0,12,1,0,1,1,0,1,1,1,0,1,0,0000000,99,99,99,99,99,99,0,0,0,1,0
12,121296,2,2,0,0,0,2,2,63,0,19,8,2013,2,8,25,0,3,2,US-90,,99998,30.74305,-85.15626944,0,12,2,0,1,1,0,1,1,1,0,1,0,0000000,99,99,99,99,99,99,0,0,0,1,0
12,121297,3,1,2,0,0,2,2,103,0,20,8,2013,3,0,28,0,2,3,SR-55,,99998,27.81509722,-82.67943611,0,30,0,0,1,1,0,4,3,1,0,1,0,0000000,99,99,99,99,99,99,0,0,0,1,1
12,121298,2,2,0,0,0,3,3,111,0,20,8,2013,3,14,35,1,13,2,US-1,,99998,27.33655,-80.32602778,0,42,0,0,1,1,0,3,1,1,0,1,0,0000000,99,99,99,99,99,99,0,0,0,2,0
12,121299,2,2,0,0,0,4,4,127,780,21,8,2013,4,23,29,0,16,6,NOVA RD,RIDGECREST DR,0,29.17761111,-81.02879444,0,12,6,0,2,2,0,1,3,1,0,1,0,0000000,99,99,99,99,99,99,0,0,0,2,1
12,121300,2,2,0,0,0,2,2,21,0,21,8,2013,4,12,38,0,6,4,CR-886,44TH ST,0,26.18430556,-81.69629444,0,12,6,0,2,3,0,1,1,10,0,10,0,0000000,99,99,99,99,99,99,0,0,0,1,0
12,121301,2,2,0,0,0,2,2,95,2360,22,8,2013,5,6,25,1,1,1,I-4,,99998,28.50936111,-81.40026667,0,12,7,1,18,1,0,1,3,10,0,10,0,0000000,99,99,99,99,88,88,0,0,0,1,0
12,121302,1,1,0,0,0,1,1,39,0,26,5,2013,1,1,15,0,6,4,CR-159,,0,30.5435,-84.42516944,0,34,0,0,1,1,0,4,2,1,0,1,0,0000000,99,99,99,99,99,99,0,0,0,1,1
12,121303,1,1,0,0,0,1,1,119,0,6,6,2013,5,6,30,1,1,1,I-75,,99998,28.70856667,-82.12106667,0,35,0,0,1,1,0,4,1,2,0,2,0,0000000,99,99,99,99,88,88,0,0,0,1,0
12,121304,1,1,0,1,1,6,6,31,1510,22,6,2013,7,23,13,1,13,3,SR-21,,99998,30.21074444,-81.73784167,0,9,0,0,1,1,0,1,3,10,0,10,0,0000000,99,99,99,99,88,88,0,0,0,1,0
12,121305,1,1,0,1,1,1,1,31,1510,11,7,2013,5,23,40,1,11,1,I-95,,99998,30.22743056,-81.57570556,0,8,0,0,1,1,1,4,3,1,0,1,0,0000000,99,99,99,99,99,99,0,0,0,1,0
12,121306,1,1,0,0,0,2,2,57,0,15,7,2013,2,23,18,0,2,3,SR-60,,99998,27.93770833,-82.13458333,0,32,0,0,1,1,0,4,2,1,0,1,0,0000000,99,99,99,99,99,99,0,0,0,1,0
12,121307,1,1,0,1,1,1,1,31,1510,19,7,2013,6,19,10,0,16,6,JOHNSON AVE,,0,30.27775,-81.63761111,0,8,0,0,1,1,0,1,1,10,0,10,0,0000000,99,99,99,99,99,99,0,0,0,1,0
12,121308,2,2,0,0,0,3,3,61,3070,1,8,2013,5,5,0,0,16,6,AVIATION BLVD,,0,27.65065,-80.40245,0,12,2,0,1,1,0,1,2,1,0,1,0,0000000,99,99,99,99,99,99,0,0,0,1,0
12,121309,1,1,0,0,0,1,1,31,1510,4,8,2013,1,3,46,1,11,1,I-95,,99998,30.2975,-81.76917778,0,25,0,0,1,1,0,4,3,1,0,1,0,0000000,99,99,99,99,88,88,0,0,0,1,1
12,121310,1,1,0,0,0,1,1,71,0,11,8,2013,1,0,46,1,11,1,I-75,,99998,26.48371667,-81.79386389,0,57,0,0,1,1,2,3,2,1,0,1,0,0000000,99,99,99,99,88,88,0,0,0,1,1
12,121311,2,2,0,0,0,2,2,99,3147,12,8,2013,2,5,36,0,16,6,WELLINGTON TRACE,BIRKDALE DR,0,26.66136944,-80.23289167,0,12,6,1,2,2,0,1,3,10,0,10,0,0000000,99,99,99,99,88,88,0,0,0,1,0
12,121312,1,1,0,0,0,1,1,79,0,17,8,2013,7,0,25,1,1,1,I-10,,99998,30.36501111,-83.23353889,0,42,0,0,1,1,0,5,2,2,0,2,0,0000000,99,99,99,99,88,88,0,0,0,1,0
12,121313,1,1,0,0,0,1,1,86,0,18,8,2013,1,21,38,0,2,3,SR-5,,99998,25.59944722,-80.35425833,0,33,0,0,1,1,2,4,2,2,0,2,0,0000000,99,99,99,99,99,99,0,0,0,1,0
12,121314,1,1,0,0,0,1,1,117,0,18,8,2013,1,19,43,1,1,1,I-4,,99998,28.67256389,-81.38836944,0,21,0,0,1,1,0,5,2,10,0,10,0,0000000,99,99,99,99,99,99,0,0,0,1,1
12,121315,1,1,0,1,1,1,1,103,0,21,8,2013,4,7,40,0,16,6,SUMNER WAY,SUMNER LN,0,28.10001944,-82.73008889,0,8,0,0,2,3,0,1,1,1,0,1,0,0000000,99,99,99,99,99,99,0,0,0,1,0
12,121316,2,2,0,0,0,2,2,69,0,21,8,2013,4,22,20,0,2,3,SR-46,,99998,28.81113333,-81.44428889,0,12,6,0,1,1,0,1,2,10,0,10,0,0000000,99,99,99,99,99,99,0,0,0,1,1
12,121317,2,2,0,0,0,3,3,53,0,30,7,2013,3,22,16,0,6,6,CORTEZ BLVD,MEDICAL CENTER DR,0,28.54121111,-82.44182222,0,12,6,0,2,3,0,1,3,2,0,2,0,0000000,99,99,99,99,99,99,0,0,0,2,0
12,121318,2,2,0,0,0,6,6,103,2806,3,8,2013,7,14,49,0,16,6,BAYPINES BLVD,9600 BAYPINES BLVD,0,27.81382778,-82.77081389,0,12,6,0,2,3,0,1,1,10,0,10,0,0000000,99,99,99,99,99,99,0,0,0,1,0
12,121319,1,1,0,1,1,1,1,109,0,8,8,2013,5,21,9,0,14,3,SR-A1A,,99998,30.24628333,-81.38727778,0,9,0,0,1,1,0,1,2,1,0,1,0,0000000,99,99,99,99,88,88,0,0,0,1,0
12,121320,3,3,0,0,0,4,4,86,0,10,8,2013,7,0,31,1,1,1,I-75,,99998,25.91510833,-80.34936111,0,12,1,0,1,1,0,1,2,1,0,1,0,0000000,99,99,99,99,99,99,0,0,0,1,0
12,121321,2,1,1,1,2,1,2,86,0,16,8,2013,6,9,24,0,6,6,OKEECHOBEE RD,,0,25.95068056,-80.43106944,0,14,0,0,1,1,4,5,1,10,0,10,0,0000000,99,99,99,99,99,99,0,0,0,1,0
12,121322,1,1,0,0,0,1,1,95,2360,25,8,2013,1,5,1,0,16,6,LEEVISTA BLVD,,0,28.47783333,-81.25668333,0,42,0,0,1,1,0,4,3,1,0,1,0,0000000,99,99,99,99,88,88,0,0,0,1,1
12,121323,1,1,0,0,0,1,1,23,0,19,8,2013,2,21,46,0,6,8,SW HALTIWANGER RD,,0,30.02140833,-82.61858889,0,42,0,0,1,1,0,4,2,10,0,10,0,0000000,99,99,99,99,88,88,0,0,0,1,1
12,121324,3,3,0,0,0,6,6,55,0,21,8,2013,4,9,25,1,13,2,US-27,TOMOKA BLVD S,99998,27.32192778,-81.36960556,0,12,6,0,2,3,0,1,1,1,0,1,0,0000000,99,99,99,99,99,99,0,0,0,2,0
12,121325,1,1,0,0,0,4,4,86,0,22,8,2013,5,21,28,1,13,3,SR-821,,99998,25.5562,-80.36271944,0,1,0,0,1,1,0,4,2,10,0,10,0,0000000,99,99,99,99,99,99,0,0,0,2,0
12,121326,2,2,0,0,0,3,3,31,1510,23,8,2013,6,4,40,1,13,2,US-1,,99998,30.23085833,-81.59151389,0,12,6,0,1,1,0,1,3,1,0,1,0,0000000,99,99,99,99,88,88,0,0,0,2,1
12,121327,1,1,0,0,0,1,1,86,0,24,8,2013,7,2,5,1,13,3,SR-878,,99998,25.88193333,-80.22060556,0,18,0,0,1,1,2,4,3,1,0,1,0,0000000,99,99,99,99,88,88,0,0,0,1,0
12,121328,1,1,0,1,1,1,1,101,0,24,8,2013,7,16,40,0,2,3,SR-54,COURT ST,99998,28.23001111,-82.19260556,0,9,0,1,2,2,0,1,1,2,0,2,0,0000000,99,99,99,99,88,88,0,0,0,1,0
12,121329,1,1,0,0,0,1,1,95,0,24,8,2013,7,22,57,0,6,6,LANDSTAR BLVD,,0,28.543575,-81.309775,0,42,0,0,1,1,0,3,3,1,0,1,0,0000000,99,99,99,99,88,88,0,0,0,1,1
12,121330,1,1,0,1,1,1,1,31,1510,24,8,2013,7,0,50,0,16,6,SIBBALD RD,,0,30.40393611,-81.73126389,0,9,0,0,1,1,0,1,2,1,0,1,0,0000000,99,99,99,99,88,88,0,0,0,1,1
12,121331,1,1,0,0,0,2,2,91,0,24,8,2013,7,22,30,0,16,6,LOVEJOY RD,,0,30.4241,-86.6521,0,42,0,0,1,1,0,5,3,1,0,1,0,0000000,99,99,99,99,99,99,0,0,0,1,1
12,121332,1,1,0,0,0,3,3,31,1520,9,6,2013,1,6,20,0,16,6,J TURNER BUTLER BLVD RAMP,,0,30.25678889,-81.38834167,0,42,0,1,5,1,0,8,4,10,0,10,0,0000000,99,99,99,99,88,88,0,0,0,1,1
12,121333,1,1,0,1,1,2,2,33,0,26,8,2013,2,22,24,0,14,3,SR-291,,99998,30.50764167,-87.22110278,0,8,0,0,1,1,0,1,3,1,0,1,0,0000000,99,99,99,99,99,99,0,0,0,1,0
12,121334,4,4,0,0,0,5,5,91,0,28,8,2013,4,20,50,1,13,2,US-98,SR-30,99998,30.40997222,-86.66953333,0,12,6,0,2,3,0,1,3,1,0,1,0,0000000,99,99,99,99,99,99,0,0,0,1,0
12,121335,2,2,0,0,0,3,3,86,670,12,5,2013,1,4,37,0,16,6,BIRD RD,SAN AMARO DR,0,25.73405278,-80.28235556,0,12,6,0,2,2,0,1,3,1,0,1,0,0000000,99,99,99,99,99,99,0,0,0,1,0
12,121336,1,1,0,0,0,1,1,86,0,26,5,2013,1,12,0,0,6,3,SR-821,,0,25.783625,-80.38578611,0,1,0,1,5,1,0,1,1,10,0,10,0,0000000,99,99,99,99,88,88,0,0,0,1,0
12,121337,1,1,0,0,0,4,4,1,0,4,6,2013,3,18,0,1,11,1,I-75,,99998,29.71622778,-82.46615556,0,42,0,0,1,1,0,5,1,2,0,2,0,0000000,99,99,99,99,99,99,0,0,0,1,1
12,121338,1,1,0,1,1,2,2,127,0,12,6,2013,4,2,52,1,13,3,SR-A1A,,99998,28.97253889,-80.85516389,0,8,0,0,1,1,0,1,2,1,0,1,0,0000000,99,99,99,99,88,88,0,0,0,1,1
12,121339,1,1,0,1,1,1,1,99,3190,25,6,2013,3,0,15,0,16,6,OKEECHOBEE BLVD,,0,26.70915278,-80.19094167,0,9,0,0,1,1,0,4,3,1,0,1,0,0000000,99,99,99,99,88,88,0,0,0,1,0
12,121340,1,1,0,1,1,1,1,23,0,28,6,2013,6,4,35,0,6,4,CR-18,,0,29.93407778,-82.64249722,0,8,0,0,1,1,0,1,2,1,0,1,0,0000000,99,99,99,99,88,88,0,0,0,1,0
12,121341,1,1,0,0,0,1,1,109,0,22,3,2013,6,0,8,0,6,4,CR-208,CR-13A,0,29.90543333,-81.49550833,0,34,0,0,1,1,0,4,2,1,0,1,0,0000000,99,99,99,99,88,88,0,0,0,1,1