STATE,ST_CASE,VE_TOTAL,VE_FORMS,PVH_INVL,PEDS,PERNOTMVIT,PERMVIT,PERSONS,COUNTY,CITY,DAY,MONTH,YEAR,DAY_WEEK,HOUR,MINUTE,NHS,ROAD_FNC,ROUTE,TWAY_ID,TWAY_ID2,MILEPT,LATITUDE,LONGITUD,SP_JUR,HARM_EV,MAN_COLL,RELJCT1,RELJCT2,TYP_INT,WRK_ZONE,REL_ROAD,LGT_COND,WEATHER1,WEATHER2,WEATHER,SCH_BUS,RAIL,NOT_HOUR,NOT_MIN,ARR_HOUR,ARR_MIN,HOSP_HR,HOSP_MN,CF1,CF2,CF3,FATALS,DRUNK_DR
12,121342,1,1,0,1,1,2,2,9,0,10,8,2013,7,21,25,1,13,2,US-1,,99998,28.47645278,-80.76849722,0,8,0,0,1,1,0,1,2,1,0,1,0,0000000,99,99,99,99,99,99,0,0,0,1,0
12,121343,2,2,0,0,0,3,3,71,1070,17,8,2013,7,14,18,0,16,6,MCGREGOR BLVD,CLIFFORD ST,0,26.63797778,-81.87596944,0,12,6,0,2,2,0,1,1,1,0,1,0,0000000,99,99,99,99,99,99,0,0,0,1,1
12,121345,2,2,0,0,0,2,2,105,0,21,8,2013,4,5,30,0,2,3,SR-33,CR-582,99998,28.09720278,-81.95117222,0,12,6,0,2,3,0,1,2,1,0,1,0,0000000,99,99,99,99,99,99,0,0,0,1,0
12,121346,4,4,0,0,0,7,7,83,2270,22,8,2013,5,15,52,0,16,6,SW 20TH ST,SW 47TH AVE,0,29.16831389,-82.19883889,0,12,6,0,2,2,0,1,1,2,0,2,0,0000000,99,99,99,99,99,99,14,0,0,1,0
12,121347,1,1,0,1,1,1,1,57,2950,19,8,2013,2,7,50,0,16,6,N 24TH ST,E HANNA AVE,0,28.00335,-82.432625,0,9,0,0,2,3,0,1,1,1,0,1,0,0000000,99,99,99,99,99,99,0,0,0,1,0
12,121348,1,1,0,0,0,1,1,23,0,24,8,2013,7,0,40,0,6,6,SW OLD BELLAMY RD,,0,29.91061111,-82.62190556,0,1,0,0,1,1,0,1,2,10,0,10,0,0000000,99,99,99,99,88,88,0,0,0,1,0
12,121349,1,1,0,0,0,1,1,57,0,26,8,2013,2,21,30,1,13,2,US-41,,99998,27.81927222,-82.38273889,0,1,0,0,1,1,0,5,2,2,0,2,0,0000000,99,99,99,99,88,88,0,0,0,1,1
12,121350,2,2,0,0,0,2,2,107,0,26,8,2013,2,13,25,1,13,2,US-17,OLD HWY 17,99998,29.46788333,-81.52825278,0,12,1,0,3,2,0,1,1,1,0,1,0,0000000,99,99,99,99,99,99,0,0,0,1,0
12,121351,2,2,0,0,0,2,2,99,0,27,8,2013,3,9,30,1,13,2,US-441,,99998,26.78588889,-80.65334167,0,12,2,0,1,1,0,1,1,10,0,10,0,0000000,99,99,99,99,99,99,0,0,0,1,0
12,121352,4,3,1,0,0,6,6,86,0,27,8,2013,3,23,38,1,13,3,SR-997,,99998,25.57553056,-80.47834444,0,12,1,0,1,1,0,1,2,1,0,1,0,0000000,99,99,99,99,99,99,0,0,0,1,1
12,121353,2,2,0,0,0,4,4,117,0,30,8,2013,6,16,22,0,6,6,RONALD REAGAN BLVD,SR-417,0,28.75747222,-81.268375,0,12,6,1,2,2,0,1,1,1,0,1,1,0000000,99,99,99,99,99,99,0,0,0,2,0
12,121354,1,1,0,0,0,1,1,33,0,31,8,2013,7,3,50,0,6,4,CR-196,,0,30.68125278,-87.38256111,0,35,0,0,1,1,0,5,3,1,0,1,0,0000000,99,99,99,99,88,88,0,0,0,1,1
12,121355,2,2,0,0,0,2,2,95,70,1,9,2013,1,0,9,0,6,6,PIEDMONT WEKIVA RD,,0,28.661,-81.46987778,0,12,6,0,1,1,0,1,2,10,0,10,0,0000000,99,99,99,99,99,99,0,0,0,1,0
12,121356,1,1,0,1,1,4,4,117,480,1,9,2013,1,21,30,0,13,3,SR-436,,99998,28.65386944,-81.33143889,0,8,0,0,1,1,0,1,3,2,0,2,0,0000000,99,99,99,99,88,88,0,0,0,1,0
12,121357,2,2,0,0,0,2,2,57,2950,7,6,2013,6,18,34,0,16,6,BUSCH BLVD E,,0,28.03296667,-82.45483056,0,12,7,0,1,1,0,1,1,1,0,1,0,0000000,99,99,99,99,88,88,0,0,0,1,0
12,121358,1,1,0,1,1,1,1,57,2950,30,5,2013,5,18,42,0,16,6,ROWLETT PARK DR,SLIGH AVE E,0,28.01080833,-82.43004722,0,8,0,0,3,3,0,1,3,1,0,1,0,0000000,99,99,99,99,99,99,0,0,0,1,0
12,121359,2,2,0,0,0,3,3,57,2950,8,6,2013,7,13,44,0,16,6,N 22ND ST,E FRIERSON ST,0,27.99429167,-82.43476389,0,12,6,0,3,2,0,1,1,1,0,1,0,0000000,99,99,99,99,99,99,0,0,0,1,0
12,121360,1,1,0,1,1,2,2,57,2950,15,6,2013,7,22,47,0,16,6,COURTNEY CAMPBELL CAUSEWAY,BAY HARBOUR DR,0,27.967675,-82.56957778,0,8,0,0,2,3,0,1,3,1,0,1,0,0000000,99,99,99,99,88,88,0,0,0,1,0
12,121361,2,2,0,0,0,5,5,29,0,11,8,2013,1,2,15,1,2,2,US-19,CR-55A,99998,29.61009722,-83.08434722,0,12,6,0,2,2,0,1,2,1,0,1,0,0000000,99,99,99,99,99,99,0,0,0,4,1
12,121362,1,1,0,0,0,1,1,99,0,12,8,2013,2,2,12,0,6,6,PLAMETTO PARK RD,,0,26.34895556,-80.22361667,0,59,0,0,1,1,0,4,3,1,0,1,0,0000000,99,99,99,99,88,88,0,0,0,1,1
12,121363,1,1,0,0,0,3,3,11,1050,13,8,2013,3,2,8,0,16,6,BAYVIEW DR,,0,26.20345278,-80.10581667,0,42,0,0,1,1,0,3,3,1,0,1,0,0000000,99,99,99,99,99,99,0,0,0,1,0
12,121364,2,2,0,0,0,2,2,53,0,15,8,2013,5,21,35,0,6,6,HYMAN RD,,0,28.46777778,-82.31114722,0,12,2,0,1,1,0,1,3,1,0,1,0,0000000,99,99,99,99,88,88,0,0,0,2,2
12,121365,1,1,0,1,1,1,1,57,2950,22,8,2013,5,6,31,0,16,6,ADAMO DR,,0,27.95217222,-82.40186111,0,8,0,0,1,1,0,1,4,10,0,10,0,0000000,99,99,99,99,99,99,0,0,0,1,0
12,121366,4,4,0,0,0,6,6,127,2375,24,8,2013,7,20,28,0,16,6,OCEAN SHORE BLVD,,0,29.29863889,-81.04314444,0,1,0,0,1,1,0,1,3,1,0,1,0,0000000,99,99,99,99,99,99,0,0,0,1,2
12,121367,2,2,0,0,0,2,2,117,0,25,8,2013,1,2,3,1,1,1,I-4,,99998,28.78921944,-81.34875278,0,12,1,0,1,1,0,1,3,1,0,1,0,0000000,99,99,99,99,99,99,0,0,0,1,1
12,121368,1,1,0,0,0,1,1,11,771,25,8,2013,1,23,45,0,16,6,NOB HILL RD,,0,26.16070556,-80.28300833,0,42,0,0,1,1,0,4,3,1,0,1,0,0000000,99,99,99,99,88,88,0,0,0,1,0
12,121369,2,2,0,0,0,2,2,15,0,29,8,2013,5,18,4,0,16,4,CR-74,BRONCO RD,0,26.94657778,-81.89056389,0,12,1,0,2,3,0,1,1,1,0,1,0,0000000,99,99,99,99,99,99,0,0,0,1,0
12,121370,1,1,0,1,1,1,1,11,672,19,7,2013,6,16,9,0,16,6,UNIVERSITY DR,25TH ST,0,26.26213611,-80.25003333,0,9,0,0,2,2,0,1,1,10,0,10,0,0000000,99,99,99,99,99,99,0,0,0,1,0
12,121371,1,1,0,1,1,1,1,117,0,22,7,2013,2,21,41,0,2,3,SR-46,,99998,28.81133333,-81.29476111,0,9,0,0,1,1,0,1,2,1,0,1,0,0000000,99,99,99,99,99,99,0,0,0,1,0
12,121372,2,2,0,0,0,7,7,95,0,13,8,2013,3,18,50,0,2,3,SR-408,GOOD HOMES ROAD,99998,28.54678333,-81.50484444,0,12,6,1,2,2,0,1,5,1,0,1,0,0000000,99,99,99,99,99,99,0,0,0,1,0
12,121373,1,1,0,0,0,1,1,85,0,28,8,2013,4,17,10,1,1,1,I-95,,99998,27.09094167,-80.25440278,0,42,0,0,1,1,0,5,1,1,0,1,0,0000000,99,99,99,99,99,99,0,0,0,1,0
12,121374,2,2,0,0,0,2,2,11,2570,28,8,2013,4,8,58,0,16,6,S DIXIE HWY,SW 2ND ST,0,26.2293,-80.126725,0,12,6,0,2,2,0,1,1,10,0,10,0,0000000,99,99,99,99,99,99,0,0,0,1,1
12,121375,2,2,0,0,0,3,3,95,0,30,8,2013,6,16,40,0,6,6,TURKEY LAKE RD,10000 TURKEY LAKE RD,0,28.42069167,-81.47617778,0,12,6,0,2,3,0,1,1,1,0,1,0,0000000,99,99,99,99,99,99,0,0,0,2,0
12,121376,2,2,0,0,0,4,4,69,0,30,8,2013,6,0,13,0,6,6,MONTCLAIR RD,CR-486,0,28.82143056,-81.91635833,0,12,6,0,2,2,0,1,2,1,0,1,0,0000000,99,99,99,99,99,99,20,0,0,1,0
12,121377,1,1,0,0,0,1,1,127,780,31,8,2013,7,14,56,0,13,3,SR-483,,99998,29.20875556,-81.05953889,0,24,0,0,1,1,0,4,1,1,0,1,0,0000000,99,99,99,99,88,88,0,0,0,1,0
12,121379,2,2,0,0,0,4,4,99,330,1,9,2013,1,9,55,1,11,1,I-95,,99998,26.50388889,-80.07685278,0,12,1,0,1,1,0,1,1,10,0,10,0,0000000,99,99,99,99,99,99,0,0,0,1,0
12,121380,1,1,0,0,0,1,1,131,0,1,9,2013,1,15,30,0,6,4,CR-3280,,0,30.44378333,-86.06680278,0,1,0,0,1,1,0,1,1,10,0,10,0,0000000,99,99,99,99,99,99,0,0,0,1,1
12,121381,2,2,0,0,0,6,6,105,0,1,9,2013,1,18,30,1,2,3,SR-544,JERSEY RD,99998,28.05097222,-81.77000278,0,12,6,0,2,2,0,1,1,1,0,1,0,0000000,99,99,99,99,99,99,0,0,0,2,0
12,121382,1,1,0,0,0,2,2,57,0,1,9,2013,1,4,2,0,6,6,TOWN AND COUNTRY BLVD,,0,27.98494722,-82.56995,0,42,0,0,1,1,0,4,3,1,0,1,0,0000000,99,99,99,99,99,99,0,0,0,1,1
12,121383,1,1,0,1,1,1,1,11,790,1,9,2013,1,3,4,0,16,6,W SAMPLE RD,,0,26.27474722,-80.13560556,0,8,0,0,1,1,0,1,3,1,0,1,0,0000000,99,99,99,99,88,88,0,0,0,1,0
12,121384,1,1,0,1,1,3,3,15,0,2,9,2013,2,2,15,0,6,8,PINEVILLE ST,,0,27.02186944,-82.13996111,0,8,0,0,1,1,0,1,2,1,0,1,0,0000000,99,99,99,99,88,88,0,0,0,1,0
12,121385,2,2,0,0,0,2,2,21,0,2,9,2013,2,15,50,1,1,1,I-75,,99998,26.16793056,-81.10516111,0,24,0,0,1,1,0,3,1,2,0,2,0,0000000,99,99,99,99,99,99,0,0,0,1,1
12,121386,1,1,0,2,2,1,1,103,570,2,9,2013,2,6,15,0,16,6,MEMORIAL CAUSEWAY,,0,27.97285278,-82.81581111,0,9,0,0,1,1,0,1,3,1,0,1,0,0000000,99,99,99,99,99,99,0,0,0,2,0
12,121387,1,1,0,0,0,2,2,86,2010,18,7,2013,5,3,13,0,16,6,22ND AVE,20TH ST,0,25.75281944,-80.23020833,0,39,0,0,3,2,0,4,3,10,0,10,0,0000000,99,99,99,99,99,99,0,0,0,1,0
12,121388,1,1,0,1,1,1,1,86,2010,24,7,2013,4,14,7,0,16,6,NE 79TH ST,,0,25.84753611,-80.193425,0,8,0,0,1,1,0,1,1,1,0,1,0,0000000,99,99,99,99,99,99,0,0,0,1,0
12,121389,1,1,0,1,1,1,1,11,1050,2,8,2013,6,20,35,1,13,3,SR-842,SW 7TH AVE,99998,26.11918889,-80.13721111,0,8,0,0,3,2,0,1,3,2,0,2,0,0000000,99,99,99,99,88,88,0,0,0,1,0
12,121390,1,1,0,0,0,1,1,101,0,12,8,2013,2,1,0,1,1,1,I-75,,99998,28.24783611,-82.34589722,0,32,0,0,1,1,0,4,3,1,0,1,0,0000000,99,99,99,99,88,88,0,0,0,1,0
12,121391,2,2,0,0,0,3,3,86,2010,14,8,2013,4,4,44,0,16,6,BISCAYNE BLVD,NE 15TH ST,0,25.78948611,-80.18904444,0,12,6,0,2,2,0,1,3,1,0,1,0,0000000,99,99,99,99,99,99,0,0,0,1,1
12,121392,1,1,0,0,0,1,1,11,0,15,8,2013,5,14,57,1,1,1,I-75,,99998,26.14628333,-80.6682,0,1,0,0,1,1,0,4,1,1,0,1,0,0000000,99,99,99,99,88,88,0,0,0,1,1
12,121393,1,1,0,0,0,1,1,11,2083,18,8,2013,1,13,0,0,16,6,62ND AVE,,0,25.97446389,-80.21024444,0,38,0,0,1,1,0,4,1,98,0,98,0,0000000,99,99,99,99,88,88,0,0,0,1,0
12,121394,2,2,0,2,2,2,2,73,0,20,8,2013,3,23,5,0,6,6,NORTH MONROE,SESSIONS RD,0,30.48735,-84.31724167,0,8,0,0,2,3,0,1,3,1,0,1,0,0000000,99,99,99,99,99,99,0,0,0,1,0
12,121395,1,1,0,1,1,1,1,31,1510,23,8,2013,6,1,28,1,13,2,US-90,,99998,30.28681667,-81.52538889,0,8,0,0,1,1,0,1,3,10,0,10,0,0000000,99,99,99,99,99,99,0,0,0,1,0
12,121397,1,1,0,0,0,1,1,133,0,25,8,2013,1,20,20,0,6,4,CR-273,,0,30.61586389,-85.481675,0,53,0,0,1,1,0,4,2,1,0,1,0,0000000,99,99,99,99,99,99,0,0,0,1,1
12,121398,1,1,0,0,0,1,1,127,0,28,8,2013,4,4,52,1,1,1,I-95,,99998,28.88742222,-80.92636944,0,1,0,0,1,1,0,1,2,1,0,1,0,0000000,99,99,99,99,88,88,0,0,0,1,0
12,121399,2,2,0,0,0,2,2,95,0,29,8,2013,5,20,23,0,16,6,BOGGY CREEK RD,,0,28.39005,-81.31970556,0,12,2,0,1,1,0,1,3,1,0,1,0,0000000,99,99,99,99,99,99,0,0,0,2,0
12,121400,1,1,0,0,0,1,1,99,1760,30,8,2013,6,4,55,1,11,1,I-95,,99998,26.57461667,-80.06895833,0,1,0,1,19,1,0,4,3,1,0,1,0,0000000,99,99,99,99,88,88,0,0,0,1,1
12,121401,1,1,0,0,0,1,1,23,0,30,8,2013,6,21,0,1,1,1,I-75,,99998,30.27131944,-82.75681111,0,24,0,0,1,1,0,4,2,2,0,2,0,0000000,99,99,99,99,88,88,0,0,0,1,0
12,121402,1,1,0,0,0,1,1,57,0,1,9,2013,1,99,99,0,2,3,SR-674,,99998,27.70484167,-82.25684167,0,34,0,0,1,1,0,4,9,99,0,99,0,0000000,99,99,99,99,88,88,0,0,0,1,0
12,121403,2,2,0,0,0,6,6,105,0,1,9,2013,1,22,32,0,6,6,MARIGOLD AVE,,0,28.10426111,-81.47293611,0,12,6,0,1,1,0,1,3,10,0,10,0,0000000,99,99,99,99,88,88,0,0,0,1,1
12,121404,1,1,0,0,0,1,1,29,0,5,9,2013,5,1,0,0,6,4,CR-351,,0,29.71309722,-83.018025,0,1,0,0,1,1,0,4,2,1,0,1,0,0000000,99,99,99,99,88,88,0,0,0,1,1
12,121405,1,1,0,1,1,1,1,69,0,5,9,2013,5,14,10,0,6,6,TWIN PALMS RD,,0,28.86163056,-81.86151667,0,8,0,0,1,1,0,4,1,1,0,1,0,0000000,99,99,99,99,99,99,0,0,0,1,0
12,121406,2,2,0,0,0,3,3,5,0,6,9,2013,6,3,45,1,13,2,US-231,,99998,30.28564722,-85.50531389,0,12,1,0,1,1,0,1,2,1,0,1,0,0000000,99,99,99,99,99,99,0,0,0,1,0
12,121407,2,2,0,0,0,2,2,83,2270,6,9,2013,6,10,39,0,13,3,SR-40,NE 36TH AVE,99998,29.19763889,-82.08687778,0,12,6,0,2,2,0,1,1,1,0,1,0,0000000,99,99,99,99,99,99,0,0,0,1,0
12,121408,2,2,0,0,0,3,3,115,0,6,9,2013,6,13,7,1,1,1,I-75,,99998,27.11019167,-82.35005278,0,12,1,0,1,1,0,1,1,1,0,1,0,0000000,99,99,99,99,88,88,0,0,0,1,0
12,121409,1,1,0,1,1,1,1,99,330,6,9,2013,6,18,1,0,16,6,WOOLBRIGHT RD,18TH ST,0,26.51356111,-80.08141667,0,8,0,0,2,2,0,1,1,1,0,1,0,0000000,99,99,99,99,99,99,19,0,0,1,1
12,121410,2,2,0,0,0,7,7,57,0,6,9,2013,6,19,57,0,6,6,LAKEWOOD DR,,0,27.96072222,-82.31035833,0,12,1,0,1,1,0,1,2,2,0,2,0,0000000,99,99,99,99,99,99,0,0,0,1,0
12,121411,1,1,0,1,1,1,1,103,0,6,9,2013,6,21,54,1,13,2,US-19,,99998,27.81688333,-82.67961111,0,8,0,0,1,1,0,1,3,10,0,10,0,0000000,99,99,99,99,99,99,0,0,0,1,0
12,121412,1,1,0,1,1,1,1,95,0,6,9,2013,6,10,35,0,2,3,SR-438,,99998,28.57798333,-81.45286111,0,8,0,0,1,1,0,1,1,1,0,1,0,0000000,99,99,99,99,99,99,0,0,0,1,0
12,121413,2,2,0,0,0,2,2,17,0,6,9,2013,6,14,29,0,2,3,SR-44,CROFT,99998,28.85337778,-82.38641944,0,12,6,0,2,3,0,1,1,10,0,10,0,0000000,99,99,99,99,99,99,0,0,0,1,0
12,121414,1,1,0,1,1,1,1,11,2219,9,9,2013,2,6,20,0,16,6,W MCNAB RD,SW 81ST AVE,0,26.20825278,-80.23612778,0,8,0,0,3,2,0,1,3,1,0,1,0,0000000,99,99,99,99,99,99,0,0,0,1,0
12,121415,1,1,0,0,0,2,2,73,0,23,7,2013,3,23,35,0,6,6,SPRINGHILL RD,,0,30.36713056,-84.36520556,0,31,0,0,1,1,0,4,2,1,0,1,0,0000000,99,99,99,99,99,99,0,0,0,1,0
12,121416,1,1,0,1,1,1,1,11,1781,24,7,2013,4,9,59,0,16,6,W OAKLAND PARK BLVD,SR-7,0,26.16486944,-80.20295278,0,8,0,0,3,2,0,1,1,1,0,1,0,0000000,99,99,99,99,99,99,0,0,0,1,0
12,121417,1,1,0,0,0,3,3,111,0,4,8,2013,1,17,55,1,13,3,SR-91,,99998,27.48671111,-80.56613056,0,30,0,0,1,1,0,4,1,10,0,10,0,0000000,99,99,99,99,99,99,0,0,0,1,0
12,121418,2,2,0,0,0,5,5,86,0,29,8,2013,5,21,0,1,13,3,SR-823,,99998,25.96460833,-80.29480556,0,12,2,0,1,1,0,1,2,1,0,1,0,0000000,99,99,99,99,99,99,0,0,0,1,0
12,121419,1,1,0,0,0,1,1,11,771,1,9,2013,1,4,20,0,16,6,2151 HIATUS RD,,0,26.09223056,-80.29818611,0,53,0,0,1,1,0,5,3,1,0,1,0,0000000,99,99,99,99,99,99,0,0,0,1,0
12,121420,1,1,0,0,0,1,1,121,0,5,9,2013,5,14,50,0,6,8,121ST RD,,0,30.08311111,-82.99581111,0,35,0,0,1,1,0,4,1,1,0,1,0,0000000,99,99,99,99,99,99,0,0,0,1,1
12,121421,2,2,0,0,0,2,2,67,0,6,9,2013,6,18,32,0,6,3,SR-349,,0,29.92149167,-82.95085833,0,12,6,0,1,1,0,1,1,2,0,2,0,0000000,99,99,99,99,99,99,0,0,0,1,0
12,121422,1,1,0,0,0,2,2,57,0,6,9,2013,6,18,52,1,1,1,I-75,,99998,27.64946389,-82.44686389,0,42,0,0,1,1,0,5,2,2,0,2,0,0000000,99,99,99,99,99,99,0,0,0,1,0
12,121423,2,2,0,0,0,4,4,99,1560,7,9,2013,7,2,50,1,11,1,I-95,,99998,26.90877222,-80.14117778,0,12,1,0,1,1,0,1,3,2,0,2,0,0000000,99,99,99,99,99,99,0,0,0,1,1
12,121424,2,2,0,0,0,2,2,29,0,8,9,2013,1,13,25,1,2,2,US-19,,99999,29.60243056,-83.0065,0,12,1,0,1,1,0,1,1,1,0,1,0,0000000,99,99,99,99,99,99,0,0,0,1,0
12,121425,1,1,0,0,0,1,1,86,2010,9,9,2013,2,21,1,1,13,3,SR-997,,99998,25.75285556,-80.48110278,0,42,0,0,1,1,0,4,2,1,0,1,0,0000000,99,99,99,99,88,88,0,0,0,1,1
12,121426,2,2,0,0,0,4,4,117,1705,13,9,2013,6,2,10,1,1,1,I-4,,99998,28.75613333,-81.36348333,0,12,1,0,1,1,0,1,3,1,0,1,0,0000000,99,99,99,99,99,99,0,0,0,1,1
12,121427,1,1,0,0,0,2,2,1,0,13,9,2013,6,21,30,0,6,6,SW 250TH ST,,0,29.56563889,-82.60628056,0,1,0,0,1,1,0,1,2,1,0,1,0,0000000,99,99,99,99,99,99,0,0,0,1,1
12,121428,1,1,0,0,0,1,1,57,0,13,9,2013,6,18,46,0,6,6,JOE KING RD,,0,27.94130278,-82.07608333,0,34,0,0,1,1,0,4,5,1,0,1,0,0000000,99,99,99,99,88,88,0,0,0,1,1
12,121429,2,1,1,0,0,1,1,9,2424,14,9,2013,7,2,52,0,16,6,GLENCOVE AVE,,0,28.028775,-80.71338056,0,53,0,0,1,1,0,4,2,1,0,1,0,0000000,99,99,99,99,99,99,0,0,0,1,1
12,121430,1,1,0,1,1,1,1,86,2010,11,7,2013,5,8,20,0,16,6,27TH AVE,FLAGLER ST,0,25.77233056,-80.23901944,0,8,0,0,2,2,0,1,1,1,0,1,0,0000000,99,99,99,99,99,99,0,0,0,1,0
12,121431,1,1,0,0,0,1,1,53,0,29,7,2013,2,3,46,0,6,4,CR-550,,0,28.54535556,-82.61528333,0,59,0,0,1,1,0,4,2,1,0,1,0,0000000,99,99,99,99,88,88,0,0,0,1,1
12,121432,2,2,0,0,0,2,2,57,0,27,8,2013,3,7,50,0,6,4,CR-589,WOOD LAKE BLVD,0,28.023125,-82.58322778,0,12,6,0,2,3,0,1,1,1,0,1,0,0000000,99,99,99,99,99,99,0,0,0,1,0
12,121433,2,2,0,0,0,3,3,21,0,28,8,2013,4,19,52,0,6,4,CR-846,ASTON DR,0,26.27261111,-81.75764444,0,12,6,0,2,3,0,1,5,10,0,10,0,0000000,99,99,99,99,99,99,0,0,0,1,1
12,121434,1,1,0,0,0,3,3,117,0,31,8,2013,7,23,50,0,6,6,DIKE RD,,0,28.63418889,-81.296175,0,42,0,0,1,1,0,4,2,10,0,10,0,0000000,99,99,99,99,99,99,0,0,0,1,0
12,121435,3,3,0,0,0,6,6,31,1510,1,9,2013,1,21,40,1,13,2,US-90,ST JOHNS BLUFF RD,99998,30.28708056,-81.52545833,0,12,6,0,2,2,0,1,3,2,0,2,0,0000000,99,99,99,99,99,99,0,0,0,1,2
12,121436,1,1,0,1,1,1,1,105,1690,8,9,2013,1,16,51,0,16,6,LAKE HOLLINGSWORTH DR,,0,28.02203056,-81.93759722,0,9,0,0,1,1,0,1,1,1,0,1,0,0000000,99,99,99,99,99,99,0,0,0,1,1
12,121437,2,2,0,0,0,2,2,11,2541,8,9,2013,1,0,8,0,16,6,W SUNRISE BLVD,NW 115TH TER,0,26.14591389,-80.30235556,0,12,6,0,2,3,0,1,3,1,0,1,0,0000000,99,99,99,99,99,99,0,0,0,1,0
12,121438,1,1,0,0,0,1,1,11,2570,11,9,2013,4,6,16,1,11,1,I-95,,99998,26.23505,-80.13634722,0,42,0,0,1,1,0,4,3,2,0,2,0,0000000,99,99,99,99,99,99,0,0,0,1,0
12,121439,1,1,0,0,0,1,1,85,0,12,9,2013,5,9,10,0,6,6,PINECREST LAKES BLVD,,0,27.23392778,-80.24178056,0,41,0,0,1,1,0,3,1,1,0,1,0,0000000,99,99,99,99,88,88,0,0,0,1,1
12,121440,1,1,0,1,1,2,2,127,0,12,9,2013,5,18,24,0,6,6,CORBIN PARK RD,PAIGE AVE,0,29.00743333,-80.95206944,0,9,0,0,2,2,0,1,1,1,0,1,0,0000000,99,99,99,99,99,99,0,0,0,1,0
12,121441,2,2,0,0,0,2,2,31,1510,14,9,2013,7,7,9,1,13,2,US-90,,99998,30.3107,-81.61,0,12,6,0,1,1,0,1,4,1,0,1,0,0000000,99,99,99,99,99,99,0,0,0,1,1
12,121442,1,1,0,0,0,16,16,71,0,14,9,2013,7,7,26,1,11,1,I-75,,99998,26.43272778,-81.77776667,0,1,0,0,1,1,0,1,1,1,0,1,0,0000000,99,99,99,99,99,99,0,0,0,3,0
12,121443,1,1,0,1,1,1,1,21,0,14,9,2013,7,9,35,1,13,2,US-41,,99998,26.13343056,-81.77558889,0,9,0,0,1,1,0,1,1,1,0,1,0,0000000,99,99,99,99,99,99,0,0,0,1,0
12,121444,2,2,0,0,0,2,2,73,2940,19,9,2013,5,10,27,1,11,1,I-10,CAPITAL CIR,99998,30.48239444,-84.04339444,0,12,6,1,2,2,0,1,1,1,0,1,0,0000000,99,99,99,99,99,99,0,0,0,1,0
12,121445,2,2,0,0,0,4,4,117,0,21,9,2013,7,14,50,0,6,4,CR-427,,0,28.74066111,-81.29575833,0,12,7,0,1,1,0,1,1,1,0,1,0,0000000,99,99,99,99,99,99,0,0,0,1,0
12,121446,1,1,0,0,0,1,1,17,0,14,7,2013,1,0,25,0,6,6,E MOCCASIN SLOUGH RD,,0,28.82794722,-82.28284722,0,30,0,0,1,1,0,4,2,1,0,1,0,0000000,99,99,99,99,88,88,0,0,0,1,1
12,121447,1,1,0,0,0,1,1,17,0,10,8,2013,7,23,30,0,6,6,WITHLAPOPKA DR,,0,28.77993056,-82.24118333,0,42,0,0,1,1,0,4,2,1,0,1,0,0000000,99,99,99,99,88,88,0,0,0,1,1
12,121448,1,1,0,1,1,1,1,11,3250,16,8,2013,6,22,47,1,13,3,SR-816,,99998,26.16619444,-80.15285,0,8,0,0,1,1,0,1,3,1,0,1,0,0000000,99,99,99,99,99,99,0,0,0,1,0
12,121449,2,2,0,0,0,2,2,105,0,29,8,2013,5,7,19,1,2,3,SR-60,CR-655A,99998,27.91612222,-81.71823611,0,12,6,0,2,3,0,1,1,1,0,1,0,0000000,99,99,99,99,99,99,0,0,0,1,0
12,121450,1,1,0,0,0,1,1,101,0,31,8,2013,7,2,5,0,2,3,SR-52,,99998,28.32554444,-82.30436389,0,24,0,0,1,1,0,4,2,1,0,1,0,0000000,99,99,99,99,88,88,0,0,0,1,1
12,121451,1,1,0,0,0,1,1,97,0,8,9,2013,1,21,44,1,13,2,US-192,,99998,28.21166111,-81.17378056,0,35,0,0,1,1,0,4,2,1,0,1,0,0000000,99,99,99,99,88,88,0,0,0,1,1
12,121452,1,1,0,1,1,1,1,17,0,8,9,2013,1,11,34,0,6,6,E MOCCASIN SLOUGH RD,,0,28.82795556,-82.27528611,0,8,0,0,1,1,0,1,1,1,0,1,0,0000000,11,36,11,45,88,88,0,0,0,1,0
12,121453,3,3,0,0,0,3,3,86,2010,10,9,2013,3,12,16,0,16,6,NW 7TH ST,,0,25.77985556,-80.22647222,0,12,1,0,1,1,0,1,1,1,0,1,0,0000000,99,99,99,99,99,99,14,0,0,1,0
12,121454,1,1,0,1,1,1,1,105,0,11,9,2013,4,21,41,0,2,3,SR-37,OUTH LAKELAND DR,99998,27.97125,-81.96250278,0,8,0,0,2,2,0,1,3,1,0,1,0,0000000,99,99,99,99,88,88,0,0,0,1,0
12,121455,1,1,0,1,1,2,2,117,2390,12,9,2013,5,6,52,0,13,3,SR-426,,99998,28.65664444,-81.22500833,0,8,0,0,1,1,2,1,4,1,0,1,0,0000000,99,99,99,99,99,99,0,0,0,1,0
12,121456,1,1,0,0,0,1,1,1,0,13,9,2013,6,6,45,1,2,3,SR-222,,99998,29.685725,-82.44881944,0,33,0,0,1,1,0,4,4,1,0,1,0,0000000,99,99,99,99,99,99,0,0,0,1,0