STATE,ST_CASE,VE_TOTAL,VE_FORMS,PVH_INVL,PEDS,PERNOTMVIT,PERMVIT,PERSONS,COUNTY,CITY,DAY,MONTH,YEAR,DAY_WEEK,HOUR,MINUTE,NHS,ROAD_FNC,ROUTE,TWAY_ID,TWAY_ID2,MILEPT,LATITUDE,LONGITUD,SP_JUR,HARM_EV,MAN_COLL,RELJCT1,RELJCT2,TYP_INT,WRK_ZONE,REL_ROAD,LGT_COND,WEATHER1,WEATHER2,WEATHER,SCH_BUS,RAIL,NOT_HOUR,NOT_MIN,ARR_HOUR,ARR_MIN,HOSP_HR,HOSP_MN,CF1,CF2,CF3,FATALS,DRUNK_DR
12,121457,1,1,0,2,2,1,1,31,1510,13,9,2013,6,19,51,1,13,3,SR-13,HALEY RD,99998,30.19311389,-81.62479722,0,8,0,1,3,2,0,1,3,10,0,10,0,0000000,99,99,99,99,99,99,0,0,0,1,0
12,121458,3,3,0,0,0,4,4,115,0,15,9,2013,1,18,57,1,13,2,US-41,CR-773,99998,27.21835556,-82.49025,0,12,6,1,2,2,0,1,5,2,0,2,0,0000000,99,99,99,99,99,99,0,0,0,1,0
12,121459,2,1,1,0,0,1,1,99,1750,17,9,2013,3,5,41,1,11,1,I-95,,99998,26.62153611,-80.06754444,0,14,0,0,1,1,0,3,3,2,0,2,0,0000000,99,99,99,99,88,88,0,0,0,1,0
12,121460,2,2,0,0,0,2,2,1,0,17,9,2013,3,12,34,1,2,3,SR-26,124TH BLVD,99998,29.65928333,-82.47444167,0,12,6,0,2,3,0,1,1,10,0,10,0,0000000,99,99,99,99,99,99,0,0,0,1,0
12,121461,2,2,0,0,0,2,2,69,960,18,9,2013,4,15,33,1,13,3,SR-19,HASELTON RD,99998,28.87688056,-81.68764167,0,12,9,0,2,3,0,1,1,1,0,1,0,0000000,99,99,99,99,88,88,0,0,0,1,1
12,121462,2,2,0,0,0,2,2,11,3193,18,9,2013,4,9,56,1,13,2,US-27,GRIFFIN RD,99998,26.05963056,-80.43361111,0,12,6,0,2,2,0,1,1,1,0,1,0,0000000,99,99,99,99,88,88,20,0,0,1,0
12,121463,1,1,0,1,1,1,1,11,0,19,9,2013,5,22,33,0,6,6,DAVIE BLVD,,0,26.10531944,-80.2074,0,8,0,0,1,1,0,1,3,10,0,10,0,0000000,99,99,99,99,88,88,0,0,0,1,0
12,121464,2,2,0,0,0,2,2,31,1510,20,9,2013,6,17,56,1,13,3,SR-208,I-295,99998,30.26988889,-81.76668889,0,12,6,1,5,1,0,1,1,1,0,1,0,0000000,99,99,99,99,99,99,0,0,0,1,0
12,121465,2,2,0,0,0,2,2,57,0,21,9,2013,7,20,10,0,6,6,MCINTOSH RD,FRANKLIN RD,0,28.083625,-82.249225,0,12,1,0,2,2,0,1,3,1,0,1,0,0000000,99,99,99,99,88,88,0,0,0,1,1
12,121466,2,2,0,0,0,2,2,31,1510,24,9,2013,3,3,15,1,13,3,SR-208,JAMMES RD,99998,30.27026389,-81.74755278,0,12,6,0,2,2,0,1,3,2,0,2,0,0000000,99,99,99,99,99,99,0,0,0,1,1
12,121467,2,2,0,0,0,6,6,105,0,17,3,2013,1,11,17,1,13,3,SR-60,MAMMOTH GROVE RD,99998,27.89360278,-81.483,0,12,6,0,2,3,0,1,1,1,0,1,0,0000000,99,99,99,99,99,99,0,0,0,1,0
12,121468,1,1,0,1,1,1,1,86,0,14,6,2013,6,6,33,0,16,6,132ND AVE,,0,25.51392222,-80.40432778,0,8,0,0,99,99,0,99,9,98,0,98,0,0000000,99,99,99,99,88,88,0,0,0,1,0
12,121469,1,1,0,0,0,2,2,17,0,13,8,2013,3,1,0,0,6,6,DUNNELLON RD,,0,28.970775,-82.62183611,0,1,0,0,1,1,0,4,2,10,0,10,0,0000000,99,99,99,99,99,99,0,0,0,1,1
12,121470,3,3,0,0,0,18,18,97,0,15,8,2013,5,22,20,1,13,3,SR-91,,99998,27.80466667,-80.99681667,0,12,7,0,1,1,0,1,2,10,0,10,0,0000000,99,99,99,99,99,99,19,0,0,1,0
12,121471,1,1,0,1,1,1,1,99,3190,15,8,2013,5,22,18,0,16,6,600 EXECUTIVE CENTER DR,,0,26.71183889,-80.07606389,0,8,0,0,1,1,0,1,3,1,0,1,0,0000000,99,99,99,99,99,99,0,0,0,1,0
12,121472,1,1,0,0,0,1,1,86,0,1,9,2013,1,2,50,0,6,6,SW 40TH ST,,0,25.73159167,-80.38814444,0,42,0,0,1,1,0,5,3,1,0,1,0,0000000,99,99,99,99,88,88,0,0,0,1,1
12,121473,3,3,0,0,0,4,4,103,570,3,9,2013,3,8,51,0,16,6,GULF TO BAY BLVD,S HERCULES AVE,0,27.96061389,-82.75445833,0,12,6,1,2,2,0,1,1,1,0,1,0,0000000,99,99,99,99,99,99,0,0,0,1,0
12,121474,1,1,0,1,1,1,1,57,0,5,9,2013,5,6,38,0,2,3,SR-580,,99998,27.99719167,-82.58410833,0,8,0,0,1,1,0,1,3,1,0,1,0,0000000,99,99,99,99,99,99,0,0,0,1,0
12,121475,1,1,0,0,0,2,2,71,457,7,9,2013,7,0,23,0,16,6,ROSE GARDEN RD,,0,26.5458,-81.98686111,0,42,0,0,1,1,0,3,2,10,0,10,0,0000000,99,99,99,99,99,99,0,0,0,1,1
12,121476,1,1,0,2,2,1,1,65,0,8,9,2013,1,19,17,1,1,1,I-10,,99998,30.47339444,-83.87553889,0,8,0,0,1,1,0,3,1,1,0,1,0,0000000,99,99,99,99,99,99,0,0,0,2,0
12,121477,1,1,0,1,1,1,1,95,0,9,9,2013,2,8,1,0,2,3,SR-436,,99998,28.68324722,-81.48266944,0,9,0,0,1,1,0,1,3,1,0,1,0,0000000,99,99,99,99,99,99,0,0,0,1,0
12,121478,1,1,0,1,1,1,1,11,2541,9,9,2013,2,21,2,0,16,6,PETERS RD,,0,26.10553056,-80.25065278,0,8,0,0,1,1,0,1,3,1,0,1,0,0000000,99,99,99,99,99,99,0,0,0,1,0
12,121479,3,3,0,0,0,4,4,127,0,12,9,2013,5,14,14,1,1,1,I-95,,99998,29.15516389,-81.07545,0,12,6,1,18,1,0,1,1,10,0,10,0,0000000,99,99,99,99,99,99,14,0,0,1,0
12,121480,1,1,0,2,2,1,1,86,1340,21,7,2013,1,21,14,0,16,6,16TH AVE,49TH ST,0,25.86650278,-80.31481389,0,43,0,0,3,2,0,4,3,10,0,10,0,0000000,99,99,99,99,99,99,0,0,0,1,1
12,121481,1,1,0,1,1,1,1,95,0,16,9,2013,2,21,58,0,2,3,SR-50,RIVERS EDGE DR,99998,28.56851389,-81.25021944,0,8,0,0,3,3,0,1,3,1,0,1,0,0000000,99,99,99,99,99,99,0,0,0,1,0
12,121482,2,2,0,0,0,3,3,55,0,18,9,2013,4,17,40,1,2,3,SR-70,,99998,27.23625556,-81.00925556,0,12,2,0,1,1,0,1,1,10,0,10,0,0000000,99,99,99,99,99,99,0,0,0,2,0
12,121483,1,1,0,1,1,1,1,57,0,20,9,2013,6,22,30,0,6,6,LAKEWOOD DR,,0,27.93962222,-82.30998333,0,8,0,0,1,1,0,1,2,1,0,1,0,0000000,99,99,99,99,99,99,0,0,0,1,0
12,121484,1,1,0,1,1,1,1,95,2360,21,9,2013,7,2,45,0,13,3,SR-482,,99998,28.44992222,-81.45909167,0,8,0,0,1,1,0,1,2,1,0,1,0,0000000,99,99,99,99,99,99,0,0,0,1,0
12,121485,2,2,0,0,0,4,4,39,2060,21,9,2013,7,22,25,1,13,2,US-90,COMMERCE BLVD,99998,30.49364444,-84.42855833,0,12,6,0,8,1,0,1,3,2,0,2,0,0000000,99,99,99,99,99,99,0,0,0,1,0
12,121486,1,1,0,0,0,1,1,91,1091,22,9,2013,1,2,33,1,13,2,US-98,,99998,30.40346111,-86.60394167,0,25,0,0,1,1,0,3,3,2,0,2,0,0000000,99,99,99,99,88,88,0,0,0,1,1
12,121487,1,1,0,1,1,1,1,69,0,23,9,2013,2,21,15,1,2,3,SR-19,,99998,28.89113611,-81.68672778,0,8,0,0,1,1,0,1,2,2,0,2,0,0000000,99,99,99,99,99,99,0,0,0,1,0
12,121488,2,2,0,0,0,2,2,31,1510,29,9,2013,1,15,46,0,16,6,UNIVERSITY BLVD,MERRILL RD,0,30.3253,-81.652,0,12,6,0,2,2,0,1,1,10,0,10,0,0000000,99,99,99,99,99,99,0,0,0,1,0
12,121489,2,2,0,0,0,3,3,11,2570,6,9,2013,6,0,0,0,16,6,ATLANTIC BLVD,4TH AVE,0,26.23161389,-80.12054167,0,12,6,0,2,3,0,1,3,1,0,1,0,0000000,99,99,99,99,99,99,0,0,0,1,0
12,121490,2,1,1,0,0,1,1,9,2424,20,9,2013,6,23,6,0,16,6,DELAWARE ST,,0,28.01426111,-80.72821667,0,18,0,0,1,1,0,5,2,10,0,10,0,0000000,99,99,99,99,99,99,0,0,0,1,0
12,121491,2,2,0,0,0,3,3,86,2010,7,7,2013,1,10,14,0,16,6,FLAGLER ST,67TH AVE,0,25.77050556,-80.30418611,0,12,6,0,2,2,0,1,1,1,0,1,0,0000000,99,99,99,99,99,99,0,0,0,1,0
12,121492,1,1,0,0,0,1,1,127,0,19,7,2013,6,14,55,0,2,3,SR-472,,99998,28.97255833,-81.28562222,0,1,0,0,1,1,0,4,1,10,0,10,0,0000000,99,99,99,99,99,99,0,0,0,1,0
12,121493,1,1,0,1,1,1,1,101,0,21,7,2013,1,19,20,1,13,2,US-19,,99998,28.35346667,-82.698875,0,8,0,0,1,1,0,4,1,1,0,1,0,0000000,19,22,19,28,88,88,0,0,0,1,1
12,121494,3,3,0,0,0,4,4,86,0,14,9,2013,7,19,43,1,13,3,SR-9A,,99998,25.91164722,-80.20994722,0,12,1,0,1,1,0,1,3,1,0,1,0,0000000,99,99,99,99,99,99,14,0,0,1,0
12,121495,1,1,0,1,1,1,1,99,1560,17,9,2013,3,19,50,1,13,3,SR-811,E RIVERSIDE DR,99998,26.94965278,-80.08830278,0,9,0,0,2,2,0,1,3,10,0,10,0,0000000,99,99,99,99,99,99,0,0,0,1,0
12,121496,2,2,0,0,0,3,3,86,2526,20,9,2013,6,20,25,0,13,3,SR-5,SW 98TH ST,99998,25.67989722,-80.31673611,0,12,6,0,2,2,0,1,3,1,0,1,0,0000000,99,99,99,99,99,99,0,0,0,1,0
12,121497,2,2,0,0,0,3,3,11,790,22,9,2013,1,17,41,0,16,6,DIXIE HWY,SW 10TH ST,0,26.30482778,-80.10535,0,12,2,0,2,2,0,1,1,1,0,1,0,0000000,99,99,99,99,99,99,0,0,0,1,0
12,121498,2,2,0,0,0,3,3,127,780,15,9,2013,1,20,15,1,13,2,US-92,DR MARTIN LUTHER KING BLVD,99998,29.20845278,-81.028475,0,12,2,0,2,2,0,1,3,1,0,1,0,0000000,99,99,99,99,99,99,0,0,0,1,0
12,121499,3,3,0,0,0,3,3,69,0,27,9,2013,6,19,50,0,2,3,SR-46,,99998,28.81121667,-81.44376944,0,12,2,0,1,1,0,1,2,2,0,2,0,0000000,99,99,99,99,99,99,0,0,0,1,1
12,121500,1,1,0,0,0,1,1,11,3193,28,9,2013,7,23,40,1,13,2,US-27,,99998,26.06708611,-80.43237222,0,24,0,0,1,1,0,4,3,1,0,1,0,0000000,99,99,99,99,99,99,0,0,0,1,0
12,121501,2,1,1,0,0,1,1,31,1510,1,10,2013,3,0,20,1,13,3,SR-10,SPRING PARK RD,99998,30.30507778,-81.63573611,0,14,0,0,3,3,0,5,2,1,0,1,0,0000000,99,99,99,99,99,99,0,0,0,1,0
12,121502,2,2,0,0,0,2,2,31,1510,1,10,2013,3,14,40,1,13,3,SR-111,,99998,30.3366,-81.7667,0,12,6,0,8,1,0,1,1,10,0,10,0,0000000,99,99,99,99,88,88,0,0,0,1,0
12,121503,1,1,0,0,0,3,3,105,0,25,6,2013,3,22,30,0,6,6,SWINDELL RD,,0,28.04687222,-82.03508333,0,1,0,0,1,1,0,4,2,1,0,1,0,0000000,99,99,99,99,99,99,0,0,0,1,1
12,121504,2,2,0,0,0,3,3,105,1740,24,7,2013,4,7,30,0,15,3,SR-17,DOMARIS AVE,99998,27.89310833,-81.581325,0,12,6,0,2,2,0,1,1,1,0,1,0,0000000,99,99,99,99,99,99,0,0,0,1,0
12,121505,1,1,0,0,0,1,1,75,0,7,9,2013,7,22,50,0,6,4,CR-103,NE 30TH ST,0,29.37767778,-82.57350278,0,31,0,0,3,10,0,4,2,1,0,1,0,0000000,99,99,99,99,88,88,0,0,0,1,1
12,121506,1,1,0,3,3,2,2,71,1070,7,9,2013,7,21,55,0,16,6,FOWLER AVE,FRANKLIN ST,0,26.63176111,-81.86218611,0,8,0,0,2,2,0,1,3,2,0,2,0,0000000,99,99,99,99,99,99,0,0,0,1,0
12,121507,3,3,0,0,0,4,4,5,0,10,9,2013,3,7,40,1,13,2,US-98,,99998,30.24795278,-85.92816111,0,12,1,0,1,1,0,1,1,1,0,1,0,0000000,99,99,99,99,99,99,0,0,0,1,0
12,121508,1,1,0,0,0,1,1,83,0,13,9,2013,6,14,27,0,6,6,GAINESVILLE RD,,0,29.25124722,-82.16891389,0,59,0,0,1,1,0,4,1,1,0,1,0,0000000,99,99,99,99,88,88,0,0,0,1,0
12,121509,1,1,0,0,0,1,1,119,0,14,9,2013,7,4,59,1,1,1,I-75,,99998,28.95277778,-82.12011667,0,1,0,0,1,1,0,1,2,1,0,1,0,0000000,99,99,99,99,88,88,0,0,0,1,0
12,121510,1,1,0,0,0,1,1,83,0,14,9,2013,7,13,4,0,16,6,46TH ST,,0,29.23378889,-81.919975,0,1,0,0,1,1,0,1,1,1,0,1,0,0000000,99,99,99,99,88,88,0,0,0,1,0
12,121511,1,1,0,0,0,1,1,75,0,15,9,2013,1,17,40,1,13,2,US-27,,99998,29.48594444,-82.858275,0,33,0,0,1,1,0,4,1,2,0,2,0,0000000,99,99,99,99,88,88,0,0,0,1,0
12,121512,3,3,0,0,0,4,4,31,1510,19,9,2013,5,15,0,1,13,3,SR-134,SEABOARD AVE,99998,30.24735556,-81.73073333,0,12,6,0,2,2,0,1,1,10,0,10,0,0000000,99,99,99,99,99,99,0,0,0,1,0
12,121513,1,1,0,0,0,1,1,1,1130,20,9,2013,6,1,25,1,13,3,SR-121,CR-231,99998,29.7628,-82.36145,0,1,0,0,2,3,0,1,2,1,0,1,0,0000000,99,99,99,99,88,88,0,0,0,1,1
12,121514,2,2,0,0,0,2,2,57,0,20,9,2013,6,3,50,0,6,6,MORRIS BRIDGE RD,,0,28.15054167,-82.27723333,0,12,2,0,1,1,0,1,2,1,0,1,0,0000000,99,99,99,99,99,99,0,0,0,1,0
12,121515,2,1,1,1,1,1,1,11,0,23,9,2013,2,17,16,1,13,3,SR-91,,99998,26.29479444,-80.16900833,0,8,0,0,1,1,0,1,1,10,0,10,0,0000000,99,99,99,99,99,99,0,0,0,1,0
12,121516,2,2,0,0,0,2,2,9,0,24,9,2013,3,9,34,1,13,2,US-1,,99998,26.29479444,-80.16900833,0,12,2,0,1,1,0,1,1,10,0,10,0,0000000,99,99,99,99,99,99,0,0,0,1,1
12,121517,2,2,0,0,0,3,3,75,0,25,9,2013,4,5,10,1,13,2,US-19,,99998,29.5518,-82.90077778,0,12,2,0,1,1,0,1,2,2,0,2,0,0000000,99,99,99,99,99,99,0,0,0,2,1
12,121518,1,1,0,0,0,2,2,71,0,25,9,2013,4,23,32,0,6,6,EAST 3RD ST,SCHOOLSIDE ST,0,26.610025,-81.62919167,0,59,0,0,1,1,0,4,2,1,0,1,0,0000000,99,99,99,99,99,99,0,0,0,1,1
12,121519,2,2,0,0,0,3,3,99,1760,26,9,2013,5,23,6,1,11,1,I-95,,99998,26.59685556,-80.06922222,0,12,1,0,1,1,2,1,3,10,0,10,0,0000000,99,99,99,99,99,99,0,0,0,1,1
12,121520,1,1,0,1,1,1,1,129,695,27,9,2013,6,6,55,1,13,2,US-319,TAFF DR,99998,30.19180278,-84.37211111,0,8,0,0,2,3,0,1,2,1,0,1,0,0000000,99,99,99,99,99,99,0,0,0,1,0
12,121521,2,2,0,0,0,2,2,95,0,27,9,2013,6,14,27,0,6,6,RIO GRANDE AVE,24TH ST,0,28.51715,-81.40126667,0,12,6,0,2,3,0,1,1,1,0,1,0,0000000,99,99,99,99,99,99,0,0,0,1,0
12,121522,3,3,0,0,0,4,4,9,0,27,9,2013,6,17,40,1,13,2,US-1,,99998,28.17349167,-80.64778611,0,12,1,0,1,1,0,1,1,10,0,10,0,0000000,99,99,99,99,99,99,0,0,0,1,0
12,121523,1,1,0,1,1,1,1,57,2950,28,9,2013,7,5,14,0,16,6,MARTIN LUTHER KING BLVD E,34TH ST N,0,27.98149167,-82.42239444,0,8,0,0,2,2,0,1,3,1,0,1,0,0000000,99,99,99,99,88,88,0,0,0,1,0
12,121525,1,1,0,1,1,1,1,21,0,29,9,2013,1,1,6,1,13,3,SR-29,,99998,26.41856667,-81.41776667,0,8,0,0,1,1,0,1,3,1,0,1,0,0000000,99,99,99,99,88,88,0,0,0,1,0
12,121526,2,1,1,0,0,1,1,11,2948,30,9,2013,2,0,54,0,16,6,PINE ISLAND RD,,0,26.21279722,-80.27023889,0,59,0,0,1,1,0,4,3,1,0,1,0,0000000,99,99,99,99,88,88,14,0,0,1,0
12,121527,1,1,0,0,0,1,1,55,130,1,10,2013,3,15,40,0,16,6,NORTH LAKE AVE,,0,27.59854167,-81.50214722,0,30,0,0,1,1,0,4,1,1,0,1,0,0000000,99,99,99,99,88,88,0,0,0,1,0
12,121528,2,2,0,0,0,2,2,131,0,2,10,2013,4,19,37,1,13,2,US-98,CR-395,99998,30.35751944,-86.12948333,0,12,1,0,3,2,0,1,2,10,0,10,0,0000000,99,99,99,99,88,88,0,0,0,1,1
12,121529,1,1,0,0,0,2,2,93,0,3,10,2013,5,4,45,1,13,3,SR-78,,99998,27.15008056,-80.86875,0,1,0,0,1,1,0,4,2,1,0,1,0,0000000,99,99,99,99,99,99,0,0,0,1,1
12,121530,1,1,0,1,1,1,1,105,0,21,8,2013,4,6,20,0,6,6,OLD DIXIE HIGHWAY,,0,28.05263889,-81.85837222,0,8,0,0,1,1,0,1,2,1,0,1,0,0000000,99,99,99,99,88,88,0,0,0,1,0
12,121531,2,2,0,0,0,2,2,117,0,1,9,2013,1,21,50,0,6,6,HOWELL BRANCH RD,DIKE RD,0,28.62373889,-81.29511944,0,12,6,0,2,2,0,1,3,10,0,10,0,0000000,99,99,99,99,88,88,0,0,0,1,1
12,121532,1,1,0,0,0,1,1,127,0,16,9,2013,2,18,35,1,1,1,I-95 RAMP,,99998,29.16946389,-81.0842,0,24,0,1,5,1,0,4,1,1,0,1,0,0000000,99,99,99,99,88,88,0,0,0,1,0
12,121533,1,1,0,0,0,1,1,69,0,21,9,2013,7,8,30,0,6,6,OLD HIGHWAY 50,,0,28.55577778,-81.11290833,0,1,0,0,1,1,0,4,1,1,0,1,0,0000000,99,99,99,99,99,99,0,0,0,1,0
12,121534,2,2,0,1,1,2,2,95,2360,15,9,2013,1,22,19,0,16,6,S KIRKMAN RD,,0,28.49426111,-81.45901111,0,8,0,0,1,1,0,1,2,1,0,1,0,0000000,99,99,99,99,99,99,0,0,0,1,1
12,121535,1,1,0,0,0,1,1,99,1560,21,9,2013,7,4,0,0,16,6,W MALLORY BLVD,,0,26.89996944,-80.11604167,0,35,0,0,1,1,0,4,3,10,0,10,0,0000000,99,99,99,99,88,88,0,0,0,1,1
12,121536,1,1,0,0,0,1,1,99,0,24,9,2013,3,13,16,1,13,3,SR-91,,99998,26.63368611,-80.17485556,0,25,0,0,1,1,0,3,1,10,0,10,0,0000000,99,99,99,99,99,99,0,0,0,1,0
12,121537,2,2,0,0,0,2,2,86,0,3,10,2013,5,3,40,1,13,2,US-1,,99998,25.42250833,-80.47371667,0,12,2,0,1,1,0,1,2,10,0,10,0,0000000,99,99,99,99,99,99,0,0,0,1,1
12,121538,1,1,0,0,0,1,1,9,0,6,10,2013,1,1,30,0,16,6,BABCOCK ST,,0,27.92408889,-80.62303056,0,1,0,0,1,1,0,4,3,1,0,1,0,0000000,99,99,99,99,88,88,0,0,0,1,1
12,121539,1,1,0,0,0,2,2,103,2730,19,4,2013,6,18,52,0,16,6,40TH AVE,,0,27.8086,-82.61536389,0,26,0,0,1,1,0,4,1,1,0,1,0,0000000,99,99,99,99,88,88,0,0,0,1,0
12,121540,1,1,0,0,0,1,1,86,0,9,6,2013,1,12,5,0,16,6,CARDSOUND RD,,0,25.43429444,-80.47373611,0,24,0,0,1,1,0,4,1,1,0,1,0,0000000,99,99,99,99,99,99,0,0,0,1,0
12,121541,1,1,0,1,1,1,1,103,1770,26,7,2013,6,21,58,1,13,3,SR-686,,99998,27.91661111,-82.76335556,0,8,0,0,1,1,0,1,3,1,0,1,0,0000000,99,99,99,99,99,99,0,0,0,1,1
12,121542,2,2,0,0,0,2,2,91,835,23,4,2013,3,2,58,0,14,3,SR-293,SR-293,99998,30.38880833,-86.42652222,0,12,6,1,2,2,0,1,2,10,0,10,0,0000000,99,99,99,99,88,88,0,0,0,2,2
12,121543,1,1,0,0,0,2,2,71,0,6,7,2013,7,19,44,1,11,1,I-75,,99998,26.36112778,-81.76255,0,1,0,0,1,1,0,4,1,10,0,10,0,0000000,99,99,99,99,99,99,0,0,0,1,0
12,121544,2,2,0,0,0,3,3,86,2010,17,7,2013,4,9,39,1,11,1,I-95,,99998,25.87320556,-80.20863889,0,12,1,0,1,1,0,1,1,2,0,2,0,0000000,99,99,99,99,88,88,0,0,0,1,0
12,121545,1,1,0,0,0,1,1,57,0,13,8,2013,3,9,2,0,16,6,ANDERSON RD,,0,28.05370833,-82.54394444,0,39,0,0,1,1,0,4,1,1,0,1,0,0000000,99,99,99,99,88,88,0,0,0,1,0
12,121546,2,2,0,0,0,2,2,73,0,28,8,2013,4,21,10,1,2,3,SR-20,SILVER SADDLE DR,99998,30.443725,-84.39975278,0,12,6,0,2,3,0,1,2,1,0,1,0,0000000,99,99,99,99,99,99,0,0,0,1,0
12,121547,2,2,0,0,0,4,4,69,1630,29,8,2013,5,16,33,1,13,2,US-27,WALES PLAZA,99998,28.94595556,-81.95085,0,12,6,0,2,2,0,1,1,1,0,1,0,0000000,99,99,99,99,99,99,0,0,0,1,0
12,121549,1,1,0,1,1,1,1,11,771,17,9,2013,3,5,0,0,16,6,STIRLING RD,,0,26.04589722,-80.23248056,0,8,0,0,1,1,0,1,3,2,0,2,0,0000000,99,99,99,99,99,99,0,0,0,1,0
12,121550,1,1,0,0,0,1,1,97,0,20,9,2013,6,23,9,1,13,2,US-17-92,,99998,28.26045,-81.43638056,0,23,0,0,1,1,0,3,2,1,0,1,0,0000000,23,10,23,18,88,88,0,0,0,1,1
12,121551,2,1,1,1,1,1,1,99,0,23,9,2013,2,14,45,0,6,6,KIRK RD,,0,26.61720833,-80.1054,0,8,0,0,1,1,0,4,1,2,0,2,0,0000000,99,99,99,99,99,99,0,0,0,1,0
12,121552,1,1,0,1,1,1,1,111,0,24,9,2013,3,19,51,0,6,6,SE AIROSO BLVD,SELVA CT,0,27.30930833,-80.34955,0,9,0,0,2,3,0,1,2,10,0,10,0,0000000,99,99,99,99,88,88,0,0,0,1,0
12,121556,2,2,0,0,0,9,9,23,1660,30,9,2013,2,20,56,1,13,2,US-41,SW MALONE ST,99998,30.16370833,-82.6418,0,12,6,0,2,2,0,1,3,1,0,1,0,0000000,99,99,99,99,99,99,0,0,0,1,0
12,121557,2,2,0,1,1,2,2,43,0,1,10,2013,3,0,45,0,3,3,SR-78,,99998,27.12047222,-80.92075278,0,8,0,0,1,1,0,1,3,1,0,1,0,0000000,99,99,99,99,88,88,19,0,0,1,0
12,121558,2,2,0,0,0,2,2,39,0,1,10,2013,3,9,11,1,13,3,SR-12,BOSSIE EDWARDS RD,99998,30.52441389,-84.80229444,0,12,2,0,2,3,0,1,1,1,0,1,0,0000000,99,99,99,99,99,99,0,0,0,1,0
12,121559,1,1,0,1,1,1,1,105,0,2,10,2013,4,7,30,1,13,2,US-17,,99998,28.10661389,-81.65847222,0,8,0,0,8,1,0,1,1,1,0,1,0,0000000,99,99,99,99,99,99,0,0,0,1,0
12,121560,2,2,0,0,0,3,3,99,0,3,10,2013,5,2,50,1,13,3,SR-91,,99998,26.62793889,-80.17425,0,12,7,1,18,1,0,1,3,1,0,1,0,0000000,99,99,99,99,88,88,0,0,0,1,0
12,121561,2,2,0,1,1,1,1,57,0,4,10,2013,6,2,13,1,1,1,I-75,,99998,27.97027222,-82.32621111,0,8,0,0,1,1,0,1,2,1,0,1,0,0000000,99,99,99,99,99,99,19,0,0,1,0
12,121562,1,1,0,1,1,1,1,31,1510,4,10,2013,6,13,25,0,16,6,SOUTEL DR,,0,30.4029,-81.7215,0,8,0,0,1,1,0,1,1,10,0,10,0,0000000,99,99,99,99,99,99,0,0,0,1,0
12,121563,1,1,0,0,0,1,1,113,0,6,10,2013,1,1,15,1,1,1,I-10,,99998,30.53201389,-87.08772778,0,42,0,0,1,1,0,4,2,1,0,1,0,0000000,99,99,99,99,88,88,0,0,0,1,0
12,121564,3,3,0,0,0,5,5,57,0,6,10,2013,1,23,33,0,2,3,SR-597,,99998,28.03532778,-82.50472222,0,12,1,0,1,1,0,1,3,1,0,1,0,0000000,99,99,99,99,99,99,14,0,0,2,0
12,121565,1,1,0,1,1,1,1,57,0,7,10,2013,2,19,43,0,6,4,CR-584,OAK TRACE WAY,0,28.02557778,-82.54988056,0,8,0,0,2,2,0,1,3,10,0,10,0,0000000,99,99,99,99,88,88,0,0,0,1,0
12,121566,2,1,1,2,2,1,1,111,0,7,10,2013,2,19,37,1,13,3,SR-91,,99998,27.48708333,-80.56691111,0,8,0,0,1,1,0,2,5,10,0,10,0,0000000,99,99,99,99,88,88,23,0,0,2,0
12,121567,3,3,0,0,0,5,5,113,0,8,10,2013,3,17,24,1,13,3,SR-87,HICKORY HAMMOCK RD,99998,30.59503056,-86.94098056,0,12,6,0,2,2,0,1,1,1,0,1,0,0000000,99,99,99,99,99,99,0,0,0,1,0
12,121568,2,2,0,0,0,2,2,127,0,9,10,2013,4,18,55,0,2,3,SR-44,GRAND AVE,99998,29.02656667,-81.347025,0,12,6,0,2,2,0,1,5,1,0,1,0,0000000,99,99,99,99,88,88,0,0,0,1,1
12,121569,3,3,0,0,0,4,4,5,0,9,10,2013,4,15,11,1,2,3,SR-75,CR-2301,99998,30.26121667,-85.5397,0,12,1,0,2,3,0,1,1,1,0,1,0,0000000,99,99,99,99,99,99,0,0,0,1,0
12,121570,2,2,0,0,0,2,2,23,0,10,10,2013,5,6,35,1,2,3,SR-100,,99998,30.17066111,-82.58115,0,12,2,0,1,1,0,1,2,1,0,1,0,0000000,99,99,99,99,99,99,0,0,0,1,0
12,121571,2,2,0,0,0,2,2,91,0,10,10,2013,5,8,40,1,13,3,SR-85,SUNNYSIDE AVE,99998,30.96025833,-86.466025,0,12,6,0,2,3,0,1,1,1,0,1,0,0000000,99,99,99,99,88,88,0,0,0,1,0
12,121572,2,2,0,0,0,2,2,9,0,11,10,2013,6,6,15,1,1,1,I-95,,99998,28.661975,-80.86814722,0,12,6,0,1,1,4,1,2,10,0,10,0,0000000,99,99,99,99,88,88,0,0,0,1,0
12,121573,1,1,0,0,0,2,2,73,2940,11,10,2013,6,23,0,0,16,6,CONNER BLVD,,0,30.44001667,-84.21771111,0,42,0,0,1,1,0,3,3,1,0,1,0,0000000,99,99,99,99,99,99,0,0,0,1,1