STATE,ST_CASE,VE_TOTAL,VE_FORMS,PVH_INVL,PEDS,PERNOTMVIT,PERMVIT,PERSONS,COUNTY,CITY,DAY,MONTH,YEAR,DAY_WEEK,HOUR,MINUTE,NHS,ROAD_FNC,ROUTE,TWAY_ID,TWAY_ID2,MILEPT,LATITUDE,LONGITUD,SP_JUR,HARM_EV,MAN_COLL,RELJCT1,RELJCT2,TYP_INT,WRK_ZONE,REL_ROAD,LGT_COND,WEATHER1,WEATHER2,WEATHER,SCH_BUS,RAIL,NOT_HOUR,NOT_MIN,ARR_HOUR,ARR_MIN,HOSP_HR,HOSP_MN,CF1,CF2,CF3,FATALS,DRUNK_DR
12,121574,2,2,0,0,0,3,3,57,2950,5,5,2013,1,20,56,0,16,6,BAYSHORE BLVD,BAY VISTA AVE,0,27.9064,-82.48973889,0,12,1,1,2,3,0,1,3,1,0,1,0,0000000,99,99,99,99,99,99,0,0,0,1,0
12,121575,2,2,0,0,0,6,6,91,710,12,7,2013,6,6,33,0,16,6,PJ ADAMS PKWY,VILLACREST DR,0,30.711525,-86.57863889,0,12,6,0,2,2,0,1,1,10,0,10,0,0000000,99,99,99,99,99,99,0,0,0,1,0
12,121576,1,1,0,1,1,1,1,85,2900,20,9,2013,6,12,55,1,13,2,US-1,,99998,27.18281389,-80.24167222,0,8,0,0,1,1,0,1,1,1,0,1,0,0000000,99,99,99,99,99,99,0,0,0,1,0
12,121577,2,2,0,0,0,3,3,71,0,28,9,2013,7,3,44,1,11,1,I-75,,99998,26.55801389,-81.79441389,0,12,1,0,1,1,0,1,2,1,0,1,0,0000000,99,99,99,99,88,88,0,0,0,2,1
12,121578,2,2,0,0,0,2,2,33,0,2,10,2013,4,11,50,0,6,6,TEN MILE RD,OLD PALAFOX ST,0,30.54831944,-87.28146389,0,12,6,1,2,2,0,1,1,10,0,10,0,0000000,99,99,99,99,99,99,0,0,0,1,0
12,121579,2,2,0,0,0,2,2,95,0,4,10,2013,6,20,50,0,13,3,SR-50,,99998,28.53614444,-81.07191944,0,12,2,0,1,1,0,1,2,1,0,1,0,0000000,99,99,99,99,99,99,0,0,0,2,0
12,121580,2,2,0,0,0,2,2,86,0,4,10,2013,6,18,47,1,13,3,SR-826,,99998,25.727,-80.31796111,0,12,1,0,1,1,0,1,1,10,0,10,0,0000000,99,99,99,99,99,99,0,0,0,1,0
12,121581,1,1,0,0,0,1,1,31,1510,6,10,2013,1,5,45,0,16,6,SHINDLER DR,5875 SHINDLER DR,0,30.24085556,-81.79811944,0,32,0,0,1,1,0,4,3,1,0,1,0,0000000,99,99,99,99,88,88,0,0,0,1,1
12,121582,1,1,0,1,1,1,1,95,0,6,10,2013,1,22,13,0,2,3,SR-527,W LANDSTREET RD,99998,28.43619167,-81.36749722,0,8,0,1,2,2,0,1,3,1,0,1,0,0000000,99,99,99,99,99,99,0,0,0,1,0
12,121583,1,1,0,1,1,6,6,57,0,7,10,2013,2,15,12,1,13,2,US-301,LAKE SAINT CHARLES BLVD,99998,27.87987222,-82.32683333,0,8,0,0,2,2,0,1,1,1,0,1,0,0000000,15,13,15,34,99,99,0,0,0,1,0
12,121584,2,2,0,0,0,2,2,86,1340,8,10,2013,3,11,10,1,13,3,SR-826,,99998,25.96229444,-80.15391667,0,12,6,0,1,1,0,1,1,10,0,10,0,0000000,11,15,11,22,99,99,0,0,0,1,0
12,121586,1,1,0,0,0,1,1,31,1510,12,10,2013,7,5,15,0,16,6,STARRATT RD,,0,30.4874,-81.589,0,34,0,0,1,1,0,4,3,1,0,1,0,0000000,99,99,99,99,99,99,0,0,0,1,1
12,121587,2,2,0,0,0,4,4,69,960,30,8,2013,6,21,28,1,13,2,US-441,DAVID WALKER DR,99998,28.82196389,-81.70199444,0,12,6,0,2,2,0,1,3,1,0,1,0,0000000,99,99,99,99,99,99,0,0,0,1,0
12,121589,2,2,0,0,0,2,2,115,0,20,9,2013,6,7,5,0,16,6,CATTLEMEN RD,BAHIA VISTA ST,0,27.3231,-82.45154167,0,12,6,0,2,2,0,1,4,1,0,1,0,0000000,99,99,99,99,99,99,0,0,0,1,0
12,121590,1,1,0,0,0,1,1,31,1510,30,9,2013,2,14,45,1,1,1,I-295,,99998,30.458,-81.6388,0,1,0,0,1,1,0,3,1,1,0,1,0,0000000,99,99,99,99,99,99,0,0,0,1,0
12,121591,1,1,0,1,1,1,1,39,0,2,10,2013,4,6,50,0,6,4,CR-269,,0,30.66954722,-84.83302222,0,8,0,0,1,1,0,1,2,1,0,1,0,0000000,99,99,99,99,88,88,0,0,0,1,0
12,121592,1,1,0,1,1,1,1,31,110,5,10,2013,7,7,9,1,13,3,SR-A1A,,99998,30.33341111,-81.41551944,0,8,0,0,1,1,0,4,1,1,0,1,0,0000000,99,99,99,99,88,88,0,0,0,1,0
12,121593,1,1,0,1,1,1,1,57,0,5,10,2013,7,22,58,0,6,6,PROVIDENCE RD,PROVIDENCE RIDGE BLVD,0,27.90778611,-82.318825,0,8,0,0,2,2,0,1,3,1,0,1,0,0000000,99,99,99,99,88,88,0,0,0,1,0
12,121594,1,1,0,1,1,2,2,115,2780,5,10,2013,7,20,28,0,16,6,WASHINGTON BLVD,,0,27.36230278,-82.53045278,0,8,0,0,1,1,0,1,3,1,0,1,0,0000000,99,99,99,99,99,99,0,0,0,1,0
12,121595,2,2,0,0,0,4,4,105,2140,7,10,2013,2,15,55,0,13,3,SR-37,MULFORD RD,99998,27.91133333,-81.97393889,0,12,6,0,2,3,0,1,1,10,0,10,0,0000000,99,99,99,99,99,99,0,0,0,1,0
12,121596,2,2,0,0,0,2,2,95,0,8,10,2013,3,20,25,1,2,3,SR-50,CR-419,99998,28.56084722,-81.12988056,0,12,6,0,2,2,0,1,3,10,0,10,0,0000000,99,99,99,99,99,99,0,0,0,1,0
12,121597,2,2,0,0,0,2,2,101,3330,10,10,2013,5,10,18,0,16,6,5TH ST,6TH AVE,0,28.23359444,-82.18408056,0,12,6,1,2,2,0,1,1,1,0,1,0,0000000,99,99,99,99,99,99,0,0,0,1,0
12,121598,2,2,0,0,0,2,2,53,0,10,10,2013,5,12,1,0,2,3,SR-50,,99998,28.52025278,-82.56603056,0,12,2,0,1,1,2,1,1,10,0,10,0,0000000,99,99,99,99,99,99,0,0,0,1,0
12,121599,1,1,0,1,1,1,1,95,2360,11,10,2013,6,20,14,0,13,3,SR-423,COLONIAL DR,99998,28.55279167,-81.41392778,0,9,0,0,2,2,0,1,3,1,0,1,0,0000000,99,99,99,99,99,99,0,0,0,1,0
12,121600,1,1,0,0,0,3,3,53,0,12,10,2013,7,3,40,0,6,6,HANFORD AVE,,0,28.510875,-82.53658889,0,53,0,0,1,1,0,4,2,1,0,1,0,0000000,99,99,99,99,99,99,0,0,0,1,1
12,121601,1,1,0,0,0,2,2,59,0,13,10,2013,1,18,55,0,6,4,CR-179,,0,30.80174722,-85.80960278,0,11,0,0,1,1,0,1,2,1,0,1,0,0000000,99,99,99,99,99,99,0,0,0,1,0
12,121602,1,1,0,0,0,1,1,69,0,14,10,2013,2,23,20,0,6,6,LAKE ELLA RD,,0,28.88670556,-81.91953889,0,42,0,0,1,1,0,4,2,1,0,1,0,0000000,99,99,99,99,99,99,0,0,0,1,0
12,121603,1,1,0,1,1,1,1,131,0,15,10,2013,3,11,0,1,13,2,US-98,GERONIMO ST,99998,30.38353889,-86.36072222,0,9,0,0,3,2,0,1,1,1,0,1,0,0000000,99,99,99,99,88,88,0,0,0,1,0
12,121604,1,1,0,1,1,2,2,31,1510,18,10,2013,6,19,9,0,16,6,ST AUGUSTINE RD,,0,30.2796,-81.6437,0,8,0,0,1,1,0,1,5,1,0,1,0,0000000,99,99,99,99,99,99,0,0,0,1,0
12,121605,2,2,0,0,0,2,2,105,1690,10,7,2013,4,9,29,1,13,2,US-92,GAY RD,99998,28.03625556,-82.014625,0,12,6,0,2,3,0,1,1,1,0,1,0,0000000,99,99,99,99,99,99,0,0,0,1,0
12,121606,2,2,0,0,0,4,4,95,0,25,9,2013,4,2,29,1,13,2,US-441,SOUTHLAND BLVD,99998,28.45531111,-81.39933611,0,12,6,0,2,2,0,1,3,10,0,10,0,0000000,99,99,99,99,99,99,20,0,0,1,1
12,121607,1,1,0,1,1,1,1,95,2360,10,10,2013,5,14,23,0,16,6,ORANGE BLOSSOM TRAIL,ALL AMERICAN BLVD,0,28.60872222,-81.42568056,0,15,0,0,2,2,0,1,1,1,0,1,0,0000000,99,99,99,99,99,99,0,0,0,1,0
12,121608,1,1,0,0,0,1,1,31,1510,20,10,2013,1,20,45,0,16,6,KORI RD,,0,30.2859,-81.6105,0,1,0,0,1,1,0,1,3,1,0,1,0,0000000,99,99,99,99,99,99,0,0,0,1,1
12,121610,2,2,0,0,0,2,2,103,860,18,8,2013,1,10,37,1,13,3,SR-580,BELCHER RD N,99998,28.01938889,-82.74682778,0,12,9,0,3,2,0,1,1,1,0,1,0,0000000,99,99,99,99,88,88,0,0,0,1,0
12,121611,1,1,0,0,0,1,1,21,0,19,9,2013,5,22,25,1,11,1,I-75,,99998,26.30942778,-81.74320278,0,1,0,0,1,1,0,4,2,10,0,10,0,0000000,99,99,99,99,88,88,0,0,0,1,1
12,121612,1,1,0,0,0,1,1,11,1050,30,9,2013,2,13,39,1,11,1,I-95,,99998,26.13049722,-80.16928611,0,33,0,1,19,1,0,8,1,1,0,1,0,0000000,99,99,99,99,99,99,0,0,0,1,0
12,121613,2,2,0,0,0,3,3,83,0,2,10,2013,4,16,11,1,1,1,I-75,,99998,29.44431944,-82.266425,0,12,1,1,18,1,0,1,1,1,0,1,0,0000000,99,99,99,99,99,99,19,0,0,1,0
12,121614,1,1,0,0,0,1,1,11,1050,4,10,2013,6,22,15,1,13,2,US-27,,99998,26.03549167,-80.43334167,0,99,99,0,1,1,1,4,2,1,0,1,0,0000000,99,99,99,99,88,88,0,0,0,1,0
12,121615,1,1,0,0,0,1,1,86,0,6,10,2013,1,11,54,1,13,3,SR-836,,99998,25.781475,-80.38835833,0,24,0,1,5,1,0,4,1,1,0,1,0,0000000,12,13,12,58,88,88,0,0,0,1,0
12,121617,1,1,0,0,0,1,1,63,0,11,10,2013,6,16,30,0,6,4,CR-271,,0,30.72294722,-84.93542222,0,30,0,0,1,1,0,4,1,1,0,1,0,0000000,99,99,99,99,88,88,0,0,0,1,1
12,121618,2,2,0,0,0,4,4,117,0,11,10,2013,6,17,11,1,1,1,I-4,,99998,28.77221667,-81.35784167,0,12,7,0,1,1,0,1,1,1,0,1,0,0000000,99,99,99,99,99,99,0,0,0,1,0
12,121619,2,2,0,0,0,4,4,133,0,11,10,2013,6,17,15,0,6,4,CR-279,,0,30.68479444,-85.75273056,0,12,2,0,1,1,0,1,1,1,0,1,0,0000000,99,99,99,99,99,99,0,0,0,1,0
12,121620,1,1,0,1,1,1,1,53,0,11,10,2013,6,20,0,0,6,4,CR-493,,0,28.56808333,-82.50028889,0,8,0,0,1,1,0,1,2,1,0,1,0,0000000,99,99,99,99,99,99,0,0,0,1,0
12,121621,1,1,0,0,0,1,1,99,2431,12,10,2013,7,1,30,1,13,3,SR-786 RAMP,I-95,99998,26.84166111,-80.10179444,0,25,0,1,5,1,0,4,3,1,0,1,0,0000000,99,99,99,99,88,88,0,0,0,1,1
12,121622,1,1,0,1,1,1,1,95,0,12,10,2013,7,3,30,0,2,3,SR-482,,99998,28.45061111,-81.41248611,0,9,0,0,1,1,0,4,2,1,0,1,0,0000000,3,57,4,3,88,88,0,0,0,1,0
12,121623,3,3,0,0,0,5,5,71,0,12,10,2013,7,16,43,0,6,8,FOWLER ST,,0,26.58566944,-81.86866667,0,33,0,0,1,1,0,3,1,1,0,1,0,0000000,99,99,99,99,88,88,0,0,0,1,0
12,121624,1,1,0,1,1,1,1,99,0,12,10,2013,7,5,7,0,6,6,INDIAN RD,OKEECHOBEE BLVD,0,26.70673333,-80.10440278,0,8,0,0,2,2,0,1,3,1,0,1,0,0000000,99,99,99,99,99,99,0,0,0,1,0
12,121625,1,1,0,0,0,1,1,11,2468,12,10,2013,7,22,10,0,16,6,JOHNSON ST,,0,26.01490833,-80.29649722,0,33,0,0,1,1,0,4,3,1,0,1,0,0000000,99,99,99,99,88,88,0,0,0,1,0
12,121626,1,1,0,0,0,1,1,11,0,13,10,2013,1,1,20,1,1,1,I-95,,99998,26.04053056,-80.16265278,0,20,0,0,1,1,4,4,3,1,0,1,0,0000000,99,99,99,99,88,88,0,0,0,1,0
12,121627,1,1,0,0,0,1,1,86,0,14,10,2013,2,12,23,1,13,3,SR-821,,99998,25.8705,-80.38756944,0,52,0,0,1,1,0,4,1,10,0,10,0,0000000,12,46,13,15,88,88,0,0,0,1,0
12,121628,1,1,0,1,1,2,2,93,0,14,10,2013,2,19,36,1,13,2,US-441,,99998,27.18290556,-80.73696111,0,8,0,0,1,1,0,1,2,1,0,1,0,0000000,99,99,99,99,88,88,0,0,0,1,0
12,121629,1,1,0,0,0,1,1,15,0,16,10,2013,4,22,45,0,6,4,CR-775,PALM MANOR,0,26.93181944,-82.33683889,0,33,0,0,3,2,0,3,3,1,0,1,0,0000000,99,99,99,99,99,99,0,0,0,1,1
12,121630,2,2,0,0,0,6,6,57,2950,16,10,2013,4,23,37,0,16,6,TWIGGS ST,MERIDIAN AVE,0,27.95227778,-82.44898611,0,12,6,0,2,2,0,1,3,1,0,1,0,0000000,99,99,99,99,99,99,0,0,0,1,1
12,121631,1,1,0,0,0,1,1,43,0,17,10,2013,5,10,28,0,6,4,CR-731,,0,26.93726389,-81.43972778,0,11,0,0,1,1,0,1,1,1,0,1,0,0000000,99,99,99,99,88,88,0,0,0,1,0
12,121632,1,1,0,0,0,2,2,79,0,18,10,2013,6,7,45,1,1,1,I-10,,99998,30.40499722,-83.39808333,0,18,0,0,1,1,4,4,1,10,0,10,0,0000000,99,99,99,99,99,99,0,0,0,1,0
12,121633,1,1,0,0,0,1,1,127,780,18,10,2013,6,22,47,0,16,6,CHARLES ST,,0,29.21466944,-81.02789167,0,38,0,0,1,1,0,5,2,1,0,1,0,0000000,99,99,99,99,88,88,0,0,0,1,0
12,121634,1,1,0,0,0,2,2,127,0,18,10,2013,6,19,26,1,13,2,US-92,,99998,29.14249444,-81.12161111,0,1,0,0,1,1,0,1,2,1,0,1,0,0000000,99,99,99,99,99,99,0,0,0,1,0
12,121635,2,2,0,0,0,3,3,9,2424,19,10,2013,7,22,25,1,11,1,I-95,,99998,28.01359444,-80.64128611,0,12,1,0,1,1,0,1,2,1,0,1,0,0000000,99,99,99,99,88,88,0,0,0,1,0
12,121636,1,1,0,1,1,1,1,95,0,20,10,2013,1,22,30,0,2,3,SR-436,,99998,28.60301111,-81.30742778,0,8,0,0,1,1,0,1,2,1,0,1,0,0000000,99,99,99,99,99,99,0,0,0,1,0
12,121637,1,1,0,2,2,1,1,71,0,22,10,2013,3,7,2,0,6,6,WINKLER RD,HARBOUR CLUB RD,0,26.56124444,-81.89827222,0,8,0,0,2,3,0,1,2,1,0,1,0,0000000,99,99,99,99,99,99,0,0,0,2,0
12,121638,1,1,0,0,0,1,1,86,0,14,7,2013,1,2,7,0,16,6,216 ST,,0,25.56611667,-80.39679167,0,30,0,0,1,1,0,4,3,1,0,1,0,0000000,99,99,99,99,99,99,0,0,0,1,0
12,121639,1,1,0,1,1,2,2,115,2780,14,9,2013,7,2,30,0,13,3,SR-45,HILLVIEW ST,99998,27.31633611,-82.52969167,0,8,0,1,2,2,0,1,3,1,0,1,0,0000000,99,99,99,99,99,99,0,0,0,1,1
12,121640,1,1,0,1,1,1,1,103,2730,17,9,2013,3,20,26,0,16,6,DR MARTIN LUTHER KING JR ST,,0,27.73585278,-82.646325,0,8,0,0,1,1,2,1,3,1,0,1,0,0000000,99,99,99,99,99,99,0,0,0,1,0
12,121641,3,3,0,0,0,4,4,99,0,28,9,2013,7,23,12,0,6,6,PALMETTO PARK RD,,0,26.35048333,-80.14530278,0,12,7,0,1,1,0,1,3,10,0,10,0,0000000,99,99,99,99,99,99,0,0,0,1,1
12,121642,1,1,0,1,1,1,1,99,0,1,10,2013,3,19,42,0,6,6,OKEECHOBBE BLVD,,0,26.70544167,-80.05425278,0,8,0,0,1,1,0,1,3,1,0,1,0,0000000,99,99,99,99,88,88,0,0,0,1,0
12,121643,1,1,0,1,1,3,3,105,0,3,10,2013,5,15,25,1,2,3,SR-25,,99998,28.20435833,-81.63964167,0,9,0,0,1,1,0,4,1,10,0,10,0,0000000,99,99,99,99,88,88,0,0,0,1,0
12,121644,2,2,0,0,0,2,2,1,10,4,10,2013,6,10,50,1,13,3,SR-25,CR-235A,99998,29.80425833,-82.52679167,0,12,6,0,2,2,0,1,1,1,0,1,0,0000000,99,99,99,99,88,88,0,0,0,1,0
12,121645,2,1,1,0,2,1,3,101,0,4,10,2013,6,23,58,0,16,6,SUNLAKE BLVD,COUNTYLINE RD,0,28.17216111,-82.50198889,0,14,0,0,3,3,0,4,3,1,0,1,0,0000000,0,4,0,11,99,99,0,0,0,1,1
12,121646,1,1,0,1,1,1,1,11,1050,4,10,2013,6,23,18,0,16,6,FEDERAL HWY,,0,26.164975,-80.11588889,0,8,0,0,1,1,0,1,3,1,0,1,0,0000000,99,99,99,99,99,99,0,0,0,1,0
12,121647,1,1,0,0,0,2,2,99,820,6,10,2013,1,23,9,0,16,6,OLD GERMANTOWN RD,,0,26.43432222,-80.10029722,0,33,0,0,1,1,0,4,3,1,0,1,0,0000000,99,99,99,99,99,99,0,0,0,1,1
12,121648,1,1,0,1,1,1,1,117,1705,8,10,2013,3,21,26,0,16,6,LAKE MARY BLVD,FOREST BLVD,0,28.75613056,-81.34200556,0,8,0,0,1,1,0,1,2,1,0,1,0,0000000,99,99,99,99,99,99,0,0,0,1,0
12,121649,1,1,0,0,0,2,2,95,0,12,10,2013,7,4,0,0,6,6,HALL RD,,0,28.60735278,-81.27728611,0,34,0,0,1,1,0,4,3,1,0,1,0,0000000,4,3,4,10,88,88,0,0,0,1,1
12,121650,2,2,0,0,0,2,2,127,2375,11,10,2013,6,7,6,1,13,3,SR-5A,STERTHAUS DR,99998,29.28070833,-81.082675,0,12,6,0,2,3,0,1,4,1,0,1,0,0000000,99,99,99,99,99,99,0,0,0,1,0
12,121651,1,1,0,1,1,1,1,99,1560,14,10,2013,2,20,8,0,16,6,INDIANTOWN RD,MILITARY TRL,0,26.93411667,-80.10181111,0,8,0,0,3,2,0,1,3,1,0,1,0,0000000,99,99,99,99,88,88,0,0,0,1,0
12,121652,2,2,0,0,0,2,2,105,0,14,10,2013,2,3,13,1,13,2,US-27,I-4,99998,28.23065556,-81.65278889,0,12,6,0,2,2,0,1,2,1,0,1,0,0000000,99,99,99,99,88,88,0,0,0,1,1
12,121653,1,1,0,1,1,1,1,73,2940,16,10,2013,4,12,24,0,16,6,PAT THOMAS BLVD,,0,30.45505556,-84.34218889,0,8,0,0,1,1,0,1,1,1,0,1,0,0000000,99,99,12,30,99,99,0,0,0,1,0
12,121654,1,1,0,0,0,1,1,69,1820,17,10,2013,5,16,37,0,13,3,SR-44,EAST ST,99998,28.813425,-81.8626,0,1,0,0,3,3,0,1,1,1,0,1,0,0000000,99,99,99,99,99,99,0,0,0,1,0
12,121655,1,1,0,1,1,3,3,75,0,18,10,2013,6,20,20,0,16,6,105TH AVE,,0,29.45895278,-82.59808611,0,8,0,0,1,1,0,1,2,1,0,1,0,0000000,99,99,99,99,88,88,0,0,0,1,0
12,121656,3,3,0,0,0,5,5,35,0,19,10,2013,7,21,50,1,13,2,US-1,CR-304,99998,29.42739167,-81.22315556,0,12,2,0,3,3,4,1,2,10,0,10,0,0000000,99,99,99,99,88,88,0,0,0,1,1
12,121657,1,1,0,0,0,2,2,11,2468,19,10,2013,7,0,48,0,16,6,PINES BLVD,,0,26.00966111,-80.22317222,0,30,0,0,1,1,0,3,3,1,0,1,0,0000000,99,99,99,99,99,99,0,0,0,1,0
12,121658,1,1,0,0,0,1,1,73,0,21,10,2013,2,20,42,0,6,4,CR-12,,0,30.66144444,-84.19576389,0,42,0,0,1,1,0,4,2,10,0,10,0,0000000,99,99,99,99,99,99,0,0,0,1,1
12,121659,1,1,0,0,0,3,3,111,0,23,10,2013,4,7,5,0,16,6,ORANGE AVE,,0,27.44744444,-80.36341667,0,38,0,0,1,1,0,5,1,1,0,1,0,0000000,99,99,99,99,99,99,0,0,0,1,0
12,121660,3,3,0,0,0,4,4,29,0,25,10,2013,6,23,30,0,9,4,CR-349,,0,29.41203333,-83.04541389,0,12,2,0,1,1,0,1,2,1,0,1,0,0000000,99,99,99,99,99,99,0,0,0,1,2
12,121661,2,2,0,0,0,2,2,81,0,25,10,2013,6,7,44,0,6,6,CORTEZ RD,PALMA SOLA BLVD,0,27.46167778,-82.64846389,0,1,0,1,2,2,0,1,1,1,0,1,0,0000000,99,99,99,99,88,88,0,0,0,1,0
12,121662,3,1,2,0,0,1,1,111,2601,25,7,2013,5,2,45,0,16,6,2174 SE FLORESTA DR,,0,27.27811667,-80.33588333,0,14,0,0,1,1,0,5,2,1,0,1,0,0000000,99,99,99,99,88,88,0,0,0,1,1
12,121664,3,3,0,0,0,3,3,113,2070,16,8,2013,6,6,15,1,13,3,SR-87,,99998,30.64608611,-87.04431944,0,12,2,0,1,1,0,1,4,10,0,10,1,0000000,99,99,99,99,99,99,0,0,0,1,0
12,121665,1,1,0,0,0,2,2,33,0,17,8,2013,7,1,26,0,6,6,BRATT RD,,0,30.94888056,-87.36078889,0,1,0,0,1,1,0,1,2,2,0,2,0,0000000,99,99,99,99,99,99,0,0,0,1,1
12,121666,1,1,0,0,0,6,6,86,2010,27,8,2013,3,0,25,0,16,6,NW 7TH AVE,NW 63RD ST,0,25.833075,-80.20850833,0,31,0,0,3,2,0,4,3,1,0,1,0,0000000,99,99,99,99,99,99,0,0,0,1,0
12,121667,1,1,0,0,0,1,1,31,1510,11,9,2013,4,2,30,0,16,6,SOUTHSIDE CONNECTOR BLVD,,0,30.35235,-81.55506111,0,1,0,1,5,1,0,3,3,1,0,1,0,0000000,99,99,99,99,99,99,0,0,0,1,1
12,121668,1,1,0,0,0,1,1,103,2730,24,9,2013,3,3,50,1,11,1,I-275 RAMP,,99998,27.76002778,-82.67629167,0,24,0,1,5,1,0,3,3,2,0,2,0,0000000,99,99,99,99,88,88,0,0,0,1,1
12,121669,2,2,0,0,0,3,3,115,0,26,9,2013,5,9,44,1,1,1,I-75,,99998,27.287375,-82.44842222,0,12,6,0,1,1,0,1,1,1,0,1,0,0000000,99,99,99,99,99,99,0,0,0,1,1
12,121670,1,1,0,0,0,1,1,31,0,28,9,2013,7,12,22,1,13,2,US-301,,99998,30.3313,-81.95814444,0,42,0,0,1,1,0,3,1,2,0,2,0,0000000,99,99,99,99,88,88,0,0,0,1,1
12,121671,1,1,0,0,0,1,1,125,0,3,10,2013,5,6,15,0,6,4,CR-237,,0,30.02474444,-82.27711389,0,11,0,0,1,1,0,1,2,1,0,1,0,0000000,99,99,99,99,99,99,0,0,0,1,0
12,121672,1,1,0,1,1,1,1,101,0,9,10,2013,4,16,0,0,6,6,FLOWERS DR,,0,28.37387222,-82.67309722,0,8,0,0,1,1,0,1,1,10,0,10,0,0000000,99,99,99,99,99,99,0,0,0,1,1
12,121673,2,2,0,0,0,2,2,57,0,12,10,2013,7,19,0,0,6,6,RIVERVIEW DR,,0,27.86432778,-82.36921944,0,12,6,0,8,1,0,1,5,1,0,1,0,0000000,99,99,99,99,88,88,0,0,0,1,1
12,121674,2,2,0,0,0,1,1,17,0,15,10,2013,3,5,40,1,13,2,US-41,,99998,28.66701111,-82.32275,0,12,6,0,1,1,4,1,2,10,0,10,0,0000000,99,99,99,99,88,88,23,0,0,1,0
12,121675,2,2,0,0,0,3,3,101,0,17,10,2013,5,11,33,0,2,3,SR-52,PARADISE POINT WAY,99998,28.33699722,-82.62449722,0,12,1,0,3,2,0,1,1,1,0,1,0,0000000,99,99,99,99,88,88,0,0,0,1,0
12,121676,2,2,0,0,0,4,4,71,0,18,10,2013,6,16,25,0,16,4,CR-884,15TH ST,0,26.654975,-81.598025,0,12,6,0,2,2,0,1,1,1,0,1,0,0000000,99,99,99,99,99,99,0,0,0,2,0
12,121677,1,1,0,1,1,1,1,19,0,18,10,2013,6,22,21,1,2,3,SR-100,,99998,29.78060556,-82.02281667,0,8,0,0,1,1,0,1,2,1,0,1,0,0000000,99,99,99,99,99,99,0,0,0,1,0
12,121678,1,1,0,0,0,1,1,86,2010,19,10,2013,7,18,0,1,13,3,SR-9A,,99998,25.84991667,-80.20798889,0,25,0,0,1,1,0,3,1,1,0,1,0,0000000,99,99,99,99,99,99,0,0,0,1,0
12,121679,2,2,0,0,0,3,3,87,1568,20,10,2013,1,19,30,1,13,2,US-1,LINDA DR,99998,25.16482222,-80.37946111,0,12,6,0,2,3,0,1,3,1,0,1,0,0000000,99,99,99,99,99,99,0,0,0,1,1
12,121680,1,1,0,1,1,1,1,19,0,20,10,2013,1,22,37,0,6,6,MIMOSA AVE,,0,30.07499444,-81.90787778,0,15,0,0,1,1,0,1,2,1,0,1,0,0000000,99,99,99,99,99,99,0,0,0,1,0
12,121681,3,3,0,0,0,3,3,97,0,22,10,2013,3,7,4,1,1,1,I-4,,99998,28.34240556,-81.53599167,0,18,0,1,18,1,4,1,4,10,0,10,0,0000000,99,99,99,99,88,88,14,0,0,1,0
12,121682,1,1,0,0,0,2,2,103,2730,23,10,2013,4,7,0,1,13,3,SR-93 RAMP,,99998,27.88146111,-82.65955833,0,25,0,1,5,1,0,4,4,10,0,10,0,0000000,99,99,99,99,99,99,0,0,0,1,0
12,121683,4,4,0,0,0,10,10,86,0,23,10,2013,4,16,55,1,13,3,SR-997,SW 177TH AVE,99998,25.76539444,-80.4817,0,12,6,0,2,3,0,1,1,2,0,2,0,0000000,99,99,99,99,99,99,0,0,0,1,0
12,121684,1,1,0,1,1,2,2,86,0,23,10,2013,4,21,2,0,2,3,SR-5,,99998,25.69419722,-80.30203333,0,8,0,1,18,1,0,1,3,2,0,2,0,0000000,99,99,99,99,99,99,0,0,0,1,0
12,121685,2,2,0,0,0,3,3,83,0,24,10,2013,5,21,40,1,2,3,SR-200,SW 99TH ST,99998,29.079,-82.25749722,0,12,6,0,2,2,0,1,3,1,0,1,0,0000000,99,99,99,99,99,99,0,0,0,2,1
12,121686,2,2,0,0,0,2,2,103,0,26,10,2013,7,6,0,0,6,4,CR-611,,0,27.99714722,-82.70899444,0,33,0,0,1,1,0,3,3,10,0,10,0,0000000,99,99,99,99,99,99,0,0,0,1,1
12,121687,2,2,0,0,0,5,5,127,2580,27,10,2013,1,0,10,0,13,3,SR-421,YORKTOWNE BLVD,99998,29.11231944,-81.02549444,0,12,6,0,2,2,0,1,3,1,0,1,0,0000000,99,99,99,99,99,99,0,0,0,2,2
12,121688,1,1,0,0,0,1,1,61,0,27,10,2013,1,3,5,0,2,3,SR-60,,99998,27.64003056,-80.62646389,0,1,0,0,1,1,0,4,2,1,0,1,0,0000000,99,99,99,99,88,88,0,0,0,1,0
12,121689,1,1,0,1,1,1,1,117,0,28,10,2013,2,9,39,0,2,3,SR-426,SLAVIA RD,99998,28.64815,-81.23039444,0,9,0,0,2,2,0,1,1,1,0,1,0,0000000,99,99,99,99,99,99,0,0,0,1,0