STATE,ST_CASE,VE_TOTAL,VE_FORMS,PVH_INVL,PEDS,PERNOTMVIT,PERMVIT,PERSONS,COUNTY,CITY,DAY,MONTH,YEAR,DAY_WEEK,HOUR,MINUTE,NHS,ROAD_FNC,ROUTE,TWAY_ID,TWAY_ID2,MILEPT,LATITUDE,LONGITUD,SP_JUR,HARM_EV,MAN_COLL,RELJCT1,RELJCT2,TYP_INT,WRK_ZONE,REL_ROAD,LGT_COND,WEATHER1,WEATHER2,WEATHER,SCH_BUS,RAIL,NOT_HOUR,NOT_MIN,ARR_HOUR,ARR_MIN,HOSP_HR,HOSP_MN,CF1,CF2,CF3,FATALS,DRUNK_DR
12,121690,1,1,0,0,0,1,1,86,844,10,8,2013,7,4,45,1,13,3,SR-821,,99998,25.81613611,-80.386375,0,59,0,0,1,1,0,4,3,1,0,1,0,0000000,99,99,99,99,88,88,0,0,0,1,0
12,121691,2,2,0,0,0,5,5,111,2601,28,8,2013,4,15,15,0,16,6,SE PORT ST LUCIE BLVD,SE SHIPPING RD,0,27.27113889,-80.30878333,0,12,6,0,2,2,0,1,1,1,0,1,0,0000000,99,99,99,99,88,88,0,0,0,1,0
12,121692,1,1,0,1,1,1,1,111,2601,1,9,2013,1,22,18,1,13,2,US-1,SE PORT ST LUCIE BLVD,99998,27.27111944,-80.28847222,0,8,0,0,3,2,0,1,3,1,0,1,0,0000000,99,99,99,99,88,88,0,0,0,1,0
12,121693,1,1,0,1,1,2,2,115,0,23,9,2013,2,21,32,0,2,3,SR-758,,99998,27.29870278,-82.42165278,0,9,0,0,1,1,0,1,2,2,0,2,0,0000000,99,99,99,99,88,88,0,0,0,1,0
12,121694,2,2,0,0,0,4,4,61,0,25,9,2013,4,12,27,0,6,4,CR-615,,0,27.69166667,-80.46272778,0,12,2,0,1,1,0,1,1,1,0,1,0,0000000,99,99,99,99,99,99,0,0,0,2,0
12,121695,4,4,0,0,0,7,7,86,0,29,9,2013,1,9,41,0,16,6,SW 117TH AVE,SW 72ND ST,0,25.700625,-80.38226389,0,12,1,0,3,2,0,1,1,1,0,1,0,0000000,99,99,99,99,99,99,0,0,0,1,0
12,121696,1,1,0,0,0,2,2,117,480,7,10,2013,2,21,45,0,16,6,BAYOU DR,,0,28.68275278,-81.3141,0,5,0,0,1,1,0,1,2,1,0,1,0,0000000,99,99,99,99,88,88,0,0,0,1,0
12,121698,2,2,0,0,0,2,2,31,1510,23,10,2013,4,21,38,1,1,1,I-295,,99998,30.46010278,-81.66344167,0,1,0,0,1,1,0,1,2,1,0,1,0,0000000,99,99,99,99,88,88,0,0,0,1,1
12,121699,2,1,1,0,0,1,1,83,0,24,10,2013,5,1,16,0,6,4,CR-464,,0,29.15538889,-82.08346389,0,14,0,0,1,1,4,1,2,10,0,10,0,0000000,99,99,99,99,88,88,0,0,0,1,1
12,121700,2,2,0,0,0,2,2,57,0,24,10,2013,5,8,40,1,1,1,I-275,,99998,28.15221944,-82.40651944,0,12,7,0,1,1,0,1,1,10,0,10,0,0000000,99,99,99,99,88,88,0,0,0,1,0
12,121701,1,1,0,1,1,1,1,103,2680,25,10,2013,6,19,34,0,13,3,SR-580,,99998,28.02690833,-82.70055833,0,8,0,0,1,1,0,1,2,1,0,1,0,0000000,99,99,99,99,99,99,0,0,0,1,0
12,121702,1,1,0,0,0,3,3,75,0,25,10,2013,6,22,20,1,2,3,SR-121,,99998,29.43413333,-82.41523889,0,38,0,0,1,1,0,4,2,1,0,1,0,0000000,99,99,99,99,99,99,0,0,0,1,0
12,121703,2,2,0,0,0,3,3,101,0,26,10,2013,7,21,50,0,6,4,CR-77,,0,28.26063611,-82.69883611,0,12,7,0,1,1,0,1,2,1,0,1,0,0000000,99,99,99,99,99,99,0,0,0,1,1
12,121704,1,1,0,0,0,1,1,83,0,27,10,2013,1,2,14,0,6,4,CR-326,,0,29.28270278,-82.37089167,0,38,0,0,1,1,0,4,2,1,0,1,0,0000000,99,99,99,99,88,88,0,0,0,1,1
12,121705,2,2,0,1,1,2,2,31,1510,29,10,2013,3,6,53,0,16,6,TOLEDO RD,,0,30.25138889,-81.619,0,8,0,0,1,1,0,1,3,1,0,1,0,0000000,99,99,99,99,99,99,0,0,0,1,0
12,121706,1,1,0,1,1,1,1,103,2530,29,10,2013,3,11,19,0,13,3,SR-694,,99998,27.83925,-82.711875,0,8,0,0,1,1,0,1,1,1,0,1,0,0000000,99,99,99,99,99,99,0,0,0,1,0
12,121707,1,1,0,0,0,1,1,86,0,29,10,2013,3,1,32,0,6,6,NW 7TH ST,,0,25.77770833,-80.29975,0,42,0,0,1,1,0,3,6,1,0,1,0,0000000,99,99,99,99,88,88,0,0,0,1,0
12,121708,4,4,0,0,0,7,7,85,0,30,10,2013,4,1,56,1,1,1,I-75,,99998,27.09243056,-80.25465,0,12,2,0,1,1,0,1,2,1,0,1,0,0000000,99,99,99,99,99,99,0,0,0,2,1
12,121709,2,2,0,0,0,2,2,11,1050,30,10,2013,4,6,26,1,1,1,I-9,,99998,26.11363611,-80.16882778,0,12,1,0,1,1,0,1,2,1,0,1,0,0000000,99,99,99,99,99,99,0,0,0,1,0
12,121710,1,1,0,0,0,1,1,33,0,31,10,2013,5,9,45,0,6,4,CR-95A,,0,30.64461944,-87.31716389,0,30,0,0,1,1,0,4,1,10,0,10,0,0000000,99,99,99,99,88,88,0,0,0,1,1
12,121711,2,2,0,0,0,2,2,21,0,31,10,2013,5,14,43,0,6,8,EVERGLADES BLVD,27TH AVE NE,0,26.28251111,-81.54529167,0,38,0,0,3,2,0,4,1,1,0,1,1,0000000,99,99,99,99,88,88,0,0,0,1,0
12,121713,1,1,0,0,0,1,1,33,0,31,10,2013,5,23,30,0,2,3,SR-295,,99998,30.43567222,-87.26769444,0,1,0,0,1,1,0,3,2,10,0,10,0,0000000,99,99,99,99,99,99,0,0,0,1,1
12,121714,2,2,0,0,0,3,3,101,0,31,10,2013,5,12,10,0,2,3,SR-39,EAST COUNTY LINE RD,99998,28.17210278,-82.15611667,0,12,2,0,2,4,0,1,1,1,0,1,0,0000000,12,11,12,15,99,99,0,0,0,1,0
12,121715,1,1,0,0,0,5,5,95,2360,31,10,2013,5,3,0,1,1,1,I-4,,99998,28.560025,-81.37953611,0,42,0,1,19,1,0,8,2,1,0,1,0,0000000,99,99,99,99,99,99,0,0,0,1,1
12,121716,3,3,0,0,0,6,6,86,2020,1,11,2013,6,0,43,1,13,3,SR-A1A,,99998,25.7779,-80.16461111,0,12,1,0,1,1,0,1,2,1,0,1,0,0000000,99,99,99,99,99,99,14,0,0,1,1
12,121717,2,2,0,0,0,2,2,57,0,1,11,2013,6,9,5,1,2,3,SR-39,HOLLOWAY RD,99998,27.95236667,-82.12127222,0,12,6,0,2,2,0,1,1,1,0,1,0,0000000,9,5,9,15,99,99,0,0,0,1,0
12,121718,1,1,0,0,0,1,1,31,1510,1,11,2013,6,7,48,0,16,6,LIBERTY ST,,0,30.35040833,-81.64899167,0,53,0,0,1,1,0,4,1,1,0,1,0,0000000,99,99,99,99,99,99,0,0,0,1,0
12,121719,1,1,0,1,1,1,1,117,480,2,11,2013,7,21,31,0,13,3,SR-600,,99998,28.68179722,-81.33509444,0,9,0,0,1,1,0,1,2,10,0,10,0,0000000,99,99,99,99,99,99,0,0,0,1,0
12,121720,1,1,0,0,0,1,1,5,0,2,11,2013,7,22,48,0,6,4,CR-2302,,0,30.28326389,-85.656275,0,30,0,0,1,1,0,4,2,1,0,1,0,0000000,99,99,99,99,88,88,0,0,0,1,0
12,121721,1,1,0,0,0,1,1,33,0,2,11,2013,7,23,5,0,6,6,MOLINO RD,,0,30.72168333,-87.32768611,0,43,0,0,1,1,0,4,3,1,0,1,0,0000000,99,99,99,99,99,99,0,0,0,1,1
12,121722,1,1,0,1,1,1,1,31,1510,4,11,2013,2,19,28,0,16,6,BEACH BLVD,,0,30.1402,-81.5425,0,8,0,0,1,1,0,1,3,2,0,2,0,0000000,99,99,99,99,99,99,0,0,0,1,0
12,121723,2,2,0,1,1,4,4,95,0,4,11,2013,2,20,51,0,6,6,SEMORAN BLVD,,0,28.56232778,-81.31089444,0,8,0,0,1,1,0,1,2,1,0,1,0,0000000,99,99,99,99,88,88,0,0,0,1,0
12,121724,1,1,0,1,1,1,1,11,2468,4,11,2013,2,12,1,0,16,6,PINES BLVD,,0,26.008775,-80.26315278,0,8,0,0,1,1,0,1,1,1,0,1,0,0000000,99,99,99,99,88,88,0,0,0,1,0
12,121725,1,1,0,0,0,1,1,86,2010,6,11,2013,4,1,15,1,11,1,I-95 RAMP,,99998,25.81917778,-80.20608611,0,24,0,1,5,1,0,4,3,1,0,1,0,0000000,99,99,99,99,88,88,0,0,0,1,1
12,121727,2,2,0,0,0,2,2,9,1990,6,11,2013,4,13,41,0,16,6,NASA BLVD,COMMERCE DR,0,28.09786944,-80.6582,0,12,6,0,2,2,0,1,1,10,0,10,0,0000000,99,99,99,99,99,99,0,0,0,1,0
12,121728,2,2,0,0,0,3,3,71,0,6,11,2013,4,14,44,1,13,2,US-41,SAN CARLOS BLVD,99998,26.46140278,-81.82879444,0,46,0,0,3,3,0,3,1,1,0,1,0,0000000,99,99,99,99,99,99,0,0,0,1,0
12,121729,1,1,0,1,1,1,1,95,0,6,11,2013,4,19,32,0,2,3,SR-438,,99998,28.57793889,-81.45286111,0,8,0,0,1,1,0,1,3,1,0,1,0,0000000,99,99,99,99,99,99,0,0,0,1,0
12,121730,2,2,0,0,0,3,3,127,0,6,11,2013,4,21,42,0,6,6,OLD DAYTONA RD,NEWPORT AVE,0,29.05751111,-81.29442778,0,12,6,0,2,3,0,1,2,1,0,1,0,0000000,99,99,99,99,88,88,0,0,0,1,1
12,121731,1,1,0,0,0,1,1,9,0,7,11,2013,5,1,0,0,2,3,SR-404,,99998,28.21253611,-80.61938056,0,25,0,0,1,1,0,4,2,10,0,10,0,0000000,99,99,99,99,88,88,0,0,0,1,1
12,121732,2,2,0,0,0,2,2,57,0,7,11,2013,5,13,28,0,6,6,DEL WEBB BLVD,HAVERFORD AVE,0,27.71403889,-82.36313056,0,12,6,0,2,2,0,1,1,1,0,1,0,0000000,99,99,99,99,99,99,0,0,0,1,0
12,121733,2,2,0,0,0,2,2,119,0,7,11,2013,5,18,0,1,2,3,SR-471,CR-476E,99998,28.66475278,-82.05481111,0,12,6,0,2,2,0,1,2,1,0,1,0,0000000,99,99,99,99,99,99,0,0,0,1,0
12,121734,2,2,0,0,0,2,2,33,0,7,11,2013,5,18,38,1,13,2,US-90,,99998,30.53440833,-87.32694167,0,12,6,0,4,1,0,1,5,1,0,1,0,0000000,99,99,99,99,99,99,0,0,0,1,1
12,121735,1,1,0,1,1,1,1,71,0,17,8,2013,7,23,50,1,13,3,SR-80,BALTIMORE AVE,99998,26.67243889,-81.819475,0,8,0,0,2,2,0,1,2,1,0,1,0,0000000,99,99,99,99,88,88,0,0,0,1,0
12,121737,1,1,0,1,1,1,1,99,290,24,8,2013,7,2,25,1,13,2,US-1,,99998,26.40932222,-80.0761,0,9,0,0,1,1,0,4,3,1,0,1,0,0000000,99,99,99,99,99,99,0,0,0,1,1
12,121738,1,1,0,0,0,1,1,99,3147,23,9,2013,2,16,41,0,16,6,WELLINGTON TRACE BLVD,,0,26.67341111,-80.24877778,0,33,0,0,1,1,0,4,1,10,0,10,0,0000000,99,99,99,99,99,99,0,0,0,1,0
12,121739,1,1,0,0,0,1,1,103,2730,25,9,2013,4,3,50,1,1,1,I-275,,99998,27.68677222,-82.67825833,0,30,0,0,1,1,0,4,3,2,0,2,0,0000000,99,99,99,99,88,88,0,0,0,1,1
12,121740,2,2,0,0,0,2,2,57,0,9,10,2013,4,6,43,1,2,3,SR-674,I-75,99998,27.71233611,-82.38199722,0,12,6,1,5,1,0,1,4,10,0,10,0,0000000,99,99,99,99,99,99,0,0,0,1,0
12,121741,1,1,0,0,0,1,1,101,0,13,10,2013,1,17,15,0,2,3,SR-54,,99998,28.19516389,-82.64123889,0,33,0,0,1,1,0,3,1,1,0,1,0,0000000,99,99,99,99,88,88,0,0,0,1,1
12,121742,2,2,0,0,0,2,2,105,0,21,10,2013,2,17,50,1,13,2,US-17,CR-640,99998,27.82045556,-81.82152222,0,12,1,0,3,2,0,1,1,1,0,1,0,0000000,99,99,99,99,99,99,0,0,0,1,0
12,121743,1,1,0,0,0,6,6,75,0,27,10,2013,1,9,40,1,13,2,US-27,,99998,29.47511389,-82.77436389,0,1,0,0,1,1,0,4,1,1,0,1,0,0000000,99,99,99,99,99,99,0,0,0,2,0
12,121744,2,2,0,0,0,2,2,57,2950,22,10,2013,3,16,50,0,16,6,17TH AVE E,22ND ST N,0,27.96746111,-82.43475556,0,12,6,0,2,2,0,1,1,1,0,1,0,0000000,99,99,99,99,99,99,0,0,0,1,0
12,121745,3,2,1,0,0,2,2,53,0,28,10,2013,2,17,23,0,6,6,CALIENTA ST,,0,28.49794722,-82.64968056,0,12,2,0,1,1,0,1,1,1,0,1,0,0000000,99,99,99,99,99,99,0,0,0,1,0
12,121746,2,2,0,0,0,4,4,119,0,29,10,2013,3,15,15,1,1,1,I-75,,99998,28.78221111,-82.08720833,0,12,6,0,1,1,0,1,1,1,0,1,0,0000000,99,99,99,99,99,99,0,0,0,1,0
12,121747,4,4,0,0,0,6,6,55,2800,31,10,2013,5,12,57,1,13,2,US-27,,99998,27.47863056,-81.47543889,0,12,2,0,8,1,0,1,1,1,0,1,0,0000000,99,99,99,99,99,99,0,0,0,2,0
12,121748,2,1,1,0,0,1,1,103,2530,31,10,2013,5,23,52,0,16,6,78TH AVE,60TH ST,0,27.84283056,-82.71571111,0,33,0,0,3,2,0,4,3,1,0,1,0,0000000,99,99,99,99,88,88,0,0,0,1,0
12,121749,2,2,0,0,0,2,2,99,0,1,11,2013,6,2,26,1,1,1,I-95,,99998,26.63495556,-80.068575,0,12,9,0,1,1,0,1,3,1,0,1,0,0000000,99,99,99,99,99,99,0,0,0,1,1
12,121750,2,2,0,0,0,2,2,127,0,1,11,2013,6,17,15,0,6,6,MARION ST,,0,28.96993333,-81.23609167,0,12,6,0,1,1,0,1,1,1,0,1,0,0000000,99,99,99,99,88,88,0,0,0,1,1
12,121751,3,3,0,0,0,3,3,99,0,1,11,2013,6,14,34,0,6,6,JOG RD,15200 JOG RD,0,26.39121944,-80.146225,0,12,6,0,2,3,0,1,1,1,0,1,0,0000000,99,99,99,99,99,99,0,0,0,1,0
12,121752,1,1,0,0,0,4,4,1,1130,2,11,2013,7,23,13,1,13,3,SR-26,,99998,29.68616944,-82.22657778,0,42,0,0,1,1,0,4,2,1,0,1,0,0000000,99,99,99,99,99,99,0,0,0,1,1
12,121753,1,1,0,1,1,2,2,86,2010,2,11,2013,7,19,53,0,16,6,N MIAMI AVE,,0,25.83255278,-80.19623333,0,8,0,0,1,1,0,1,3,1,0,1,0,0000000,99,99,99,99,88,88,0,0,0,1,0
12,121754,1,1,0,0,0,1,1,71,0,3,11,2013,1,0,45,0,16,6,HIGHLIGHT ST,,0,26.67950833,-81.70695833,0,42,0,0,1,1,0,4,2,1,0,1,0,0000000,99,99,99,99,99,99,0,0,0,1,1
12,121755,1,1,0,0,0,1,1,41,0,3,11,2013,1,1,55,0,6,6,NW 117TH PL,,0,29.90914444,-82.82861944,0,42,0,0,1,1,0,4,2,1,0,1,0,0000000,99,99,99,99,88,88,0,0,0,1,1
12,121756,1,1,0,0,0,4,4,57,2950,3,11,2013,1,9,5,1,1,1,I-275,,99998,28.01678889,-82.45478056,0,24,0,0,1,1,4,4,1,1,0,1,0,0000000,99,99,99,99,99,99,0,0,0,1,0
12,121757,1,1,0,0,0,1,1,123,0,4,11,2013,2,0,12,0,6,4,CR-361,,0,29.95300833,-83.58271667,0,1,0,0,1,1,0,4,2,1,0,1,0,0000000,99,99,99,99,88,88,0,0,0,1,0
12,121758,1,1,0,1,1,2,2,119,0,4,11,2013,2,13,25,1,1,1,I-75,,99998,28.88046111,-82.09311667,0,8,0,0,1,1,0,1,1,1,0,1,0,0000000,99,99,99,99,99,99,0,0,0,1,0
12,121759,1,1,0,1,1,1,1,71,0,5,11,2013,3,9,3,1,13,2,US-41,,99998,26.46565556,-81.83237222,0,8,0,0,1,1,4,1,1,1,0,1,0,0000000,99,99,99,99,88,88,0,0,0,1,0
12,121760,4,4,0,0,0,7,7,1,1130,5,11,2013,3,18,27,1,13,2,US-441,,99998,29.668775,-82.33907778,0,12,1,0,1,1,0,1,3,1,0,1,0,0000000,99,99,99,99,99,99,0,0,0,1,0
12,121761,1,1,0,1,1,1,1,31,1510,6,11,2013,4,9,50,1,13,3,SR-134,,99998,30.24748333,-81.71576944,0,8,0,0,1,1,0,1,1,10,0,10,0,0000000,99,99,99,99,88,88,0,0,0,1,0
12,121762,1,1,0,0,0,1,1,93,0,7,11,2013,5,13,34,0,2,3,SR-70,,99998,27.25120833,-80.78303056,0,34,0,0,1,1,0,4,1,10,0,10,0,0000000,99,99,99,99,88,88,0,0,0,1,0
12,121763,1,1,0,1,1,2,2,61,0,7,11,2013,5,20,28,0,16,6,83RD ST,,0,27.74527222,-80.52560556,0,8,0,0,1,1,0,1,2,1,0,1,0,0000000,99,99,99,99,99,99,0,0,0,1,0
12,121764,1,1,0,1,1,1,1,109,0,8,11,2013,6,22,15,1,2,3,SR-16,,99998,29.91530556,-81.37473611,0,9,0,0,1,1,0,4,3,1,0,1,0,0000000,99,99,99,99,99,99,0,0,0,1,0
12,121765,3,2,1,0,0,3,3,9,1990,8,11,2013,6,16,55,0,16,6,SARNO RD,,0,28.12162778,-80.66915556,0,12,6,0,8,1,0,1,1,10,0,10,0,0000000,99,99,99,99,99,99,0,0,0,1,0
12,121766,1,1,0,0,0,3,3,113,0,8,11,2013,6,23,50,0,6,6,TWILIGHT DR,,0,30.67569722,-87.06713333,0,38,0,0,1,1,0,5,2,1,0,1,0,0000000,99,99,99,99,88,88,0,0,0,1,1
12,121767,1,1,0,1,1,1,1,95,0,9,11,2013,7,4,31,1,1,1,I-4,,99998,28.35234167,-81.52700278,0,8,0,1,18,1,0,1,3,10,0,10,0,0000000,99,99,99,99,88,88,0,0,0,1,0
12,121768,1,1,0,0,0,2,2,97,0,10,11,2013,1,12,55,1,13,3,SR-91,,99998,27.90108333,-81.04383333,0,24,0,0,1,1,0,3,1,10,0,10,0,0000000,99,99,99,99,99,99,0,0,0,2,0
12,121769,1,1,0,1,1,1,1,109,2690,8,10,2013,3,20,57,1,13,3,SR-16,,99998,29.91811389,-81.41388056,0,8,0,0,1,1,4,1,3,10,0,10,0,0000000,99,99,99,99,99,99,0,0,0,1,0
12,121770,2,2,0,0,0,4,4,31,1510,30,10,2013,4,20,41,1,13,2,US-1,MONCRIEF RD,99998,30.35592222,-81.67275278,0,12,6,0,2,2,0,1,3,1,0,1,0,0000000,99,99,99,99,99,99,0,0,0,1,0
12,121771,1,1,0,0,0,1,1,31,1510,1,11,2013,6,1,15,1,13,2,US-17,,99998,30.32625556,-81.66742222,0,39,0,1,5,1,0,4,3,1,0,1,0,0000000,99,99,99,99,99,99,0,0,0,1,1
12,121772,1,1,0,1,1,1,1,31,1510,9,11,2013,7,23,10,0,16,6,WELBORN RD,,0,30.2971,-81.446,0,8,0,0,1,1,0,1,3,1,0,1,0,0000000,99,99,99,99,99,99,0,0,0,1,1
12,121773,1,1,0,0,0,3,3,31,1510,10,11,2013,1,11,40,1,1,1,I-295,,99998,30.37446111,-81.76084167,0,1,0,1,18,1,0,1,1,10,0,10,0,0000000,99,99,99,99,99,99,0,0,0,1,0
12,121774,2,2,0,0,0,5,5,3,0,11,11,2013,2,9,5,1,13,2,US-90,,99998,30.22396111,-82.3465,0,12,2,0,1,1,0,1,1,1,0,1,0,0000000,99,99,99,99,99,99,0,0,0,4,0
12,121776,3,3,0,0,0,3,3,15,0,12,11,2013,3,14,13,1,13,2,US-41,ACLINE RD,99998,26.88471667,-82.01725833,0,12,6,0,2,2,0,1,1,10,0,10,0,0000000,99,99,99,99,99,99,0,0,0,1,0
12,121777,1,1,0,1,1,1,1,31,1510,12,11,2013,3,18,12,1,11,1,I-95 RAMP,,99998,30.2497,-81.592,0,8,0,1,5,1,0,1,3,1,0,1,0,0000000,99,99,99,99,99,99,0,0,0,1,0
12,121778,1,1,0,1,1,1,1,57,0,14,11,2013,5,9,24,0,6,4,CR-581,,0,28.05464722,-82.42608611,0,8,0,0,1,1,0,1,1,1,0,1,0,0000000,99,99,99,99,99,99,0,0,0,1,0
12,121779,1,1,0,1,1,1,1,57,0,14,11,2013,5,19,0,1,13,2,US-41,,99998,27.94171389,-82.40187778,0,8,0,0,1,1,0,1,2,1,0,1,0,0000000,99,99,99,99,99,99,0,0,0,1,0
12,121780,2,2,0,1,1,2,2,9,2424,15,11,2013,6,19,58,0,6,6,PALM BAY RD,,0,28.03504167,-80.61933333,0,8,0,0,1,1,0,1,2,10,0,10,0,0000000,99,99,99,99,99,99,0,0,0,1,0
12,121781,2,2,0,1,1,2,2,9,0,16,11,2013,7,18,10,1,13,2,US-192,,99998,28.07896667,-80.68366667,0,9,0,0,1,1,0,1,2,2,0,2,0,0000000,99,99,99,99,99,99,0,0,0,2,0
12,121782,1,1,0,0,0,1,1,131,0,16,11,2013,7,6,30,0,16,6,SUNRISE RD,,0,30.78955278,-86.14770278,0,42,0,0,1,1,0,4,1,10,0,10,0,0000000,99,99,99,99,88,88,0,0,0,1,1
12,121783,1,1,0,2,2,1,1,9,630,10,8,2013,7,22,20,0,16,6,ATLANTIC AVE,SHEPARD DR,0,28.36850278,-80.60558611,0,8,0,0,3,3,0,1,3,1,0,1,0,0000000,99,99,99,99,99,99,0,0,0,2,0
12,121784,1,1,0,0,0,1,1,103,1480,2,9,2013,2,19,55,0,13,3,SR-688,,99998,27.88308056,-82.84500556,0,33,0,0,1,1,0,3,3,1,0,1,0,0000000,99,99,99,99,88,88,0,0,0,1,1
12,121785,1,1,0,0,0,1,1,71,1070,24,9,2013,3,19,10,0,16,6,FIRST ST,BAY ST,0,26.64594722,-81.86705278,0,33,0,0,3,2,0,4,3,2,0,2,0,0000000,99,99,99,99,99,99,0,0,0,1,1
12,121786,1,1,0,1,1,2,2,127,2340,18,10,2013,6,1,56,0,16,6,N VOLUSIA AVE,,0,28.96438333,-81.29860278,0,8,0,0,1,1,0,1,2,10,0,10,0,0000000,99,99,99,99,88,88,0,0,0,1,0
12,121787,2,2,0,0,0,4,4,99,0,18,10,2013,6,13,21,1,13,2,US-441,SW 3RD STREET,99998,26.65211944,-80.20335,0,12,6,1,2,2,0,1,1,10,0,10,0,0000000,99,99,99,99,99,99,0,0,0,1,0
12,121788,1,1,0,0,0,1,1,127,2190,18,10,2013,6,19,4,0,13,3,SR-44,,99998,29.01364444,-80.94638056,0,33,0,0,1,1,0,4,5,1,0,1,0,0000000,99,99,99,99,99,99,0,0,0,1,0
12,121789,1,1,0,0,0,1,1,7,0,22,10,2013,3,0,31,0,6,4,CR-229,,0,30.024325,-82.20837778,0,1,0,0,1,1,0,4,2,10,0,10,0,0000000,99,99,99,99,88,88,0,0,0,1,1
12,121790,3,3,0,0,0,3,3,17,0,23,10,2013,4,17,50,1,13,2,US-19,,99998,29.02268611,-82.66892778,0,12,2,0,1,1,0,1,1,1,0,1,0,0000000,99,99,99,99,99,99,0,0,0,1,0
12,121791,2,2,0,0,0,3,3,31,1510,24,10,2013,5,23,40,1,11,1,I-95,,99998,30.26649722,-81.609925,0,12,1,0,1,1,0,1,3,1,0,1,0,0000000,99,99,99,99,99,99,0,0,0,2,0
12,121792,1,1,0,1,1,1,1,99,2446,28,10,2013,2,9,31,1,13,3,SR-807,GREENBRIAR DR,99998,26.63744444,-80.08842222,0,15,0,0,2,2,0,1,1,1,0,1,0,0000000,99,99,99,99,99,99,16,0,0,1,0
12,121793,2,2,0,0,0,4,4,85,0,29,10,2013,3,14,17,0,6,6,CITRUS BLVD,,0,27.20155833,-80.37101389,0,12,6,0,1,1,0,1,1,1,0,1,0,0000000,99,99,99,99,88,88,0,0,0,1,0
12,121794,1,1,0,1,1,1,1,99,0,29,10,2013,3,19,20,1,13,3,SR-809,67 PLACE S,99998,26.2091,-80.14355,0,8,0,0,1,1,0,1,3,10,0,10,0,0000000,99,99,99,99,99,99,0,0,0,1,0
12,121795,1,1,0,0,0,1,1,1,0,1,11,2013,6,0,20,0,6,4,CR-225 E,,0,29.83786944,-82.203675,0,1,0,0,1,1,0,4,2,1,0,1,0,0000000,99,99,99,99,88,88,0,0,0,1,0
12,121796,1,1,0,1,1,4,4,99,0,1,11,2013,6,22,16,0,6,6,HAVERHILL RD,,0,26.70069444,-80.11951389,0,8,0,0,1,1,0,1,3,1,0,1,0,0000000,99,99,99,99,88,88,0,0,0,1,0
12,121797,2,2,0,0,0,2,2,31,1510,3,11,2013,1,17,43,1,13,3,SR-109,HARVIN RD,99998,30.286025,-81.60253056,0,12,6,0,2,2,0,1,5,10,0,10,0,0000000,99,99,99,99,99,99,0,0,0,1,0
12,121798,2,2,0,0,0,3,3,55,0,5,11,2013,3,15,48,1,2,2,US-27,LAKE JOSEPHINE DR,99998,27.39101944,-81.41390556,0,12,6,0,2,2,0,1,1,1,0,1,0,0000000,99,99,99,99,99,99,0,0,0,1,0
12,121799,2,2,0,0,0,2,2,105,0,9,11,2013,7,3,0,0,6,6,SCENIC HWY,,0,27.99214167,-81.59493333,0,12,2,0,1,1,0,1,2,1,0,1,0,0000000,99,99,99,99,99,99,0,0,0,1,1
12,121800,1,1,0,0,0,2,2,86,0,10,11,2013,1,1,55,1,13,2,US-41,122ND AVE,99998,25.76117222,-80.39271944,0,39,0,0,3,2,0,4,3,2,0,2,0,0000000,99,99,99,99,99,99,0,0,0,1,1
12,121801,1,1,0,0,0,1,1,75,0,12,11,2013,3,12,46,0,6,6,NW 50TH AVE,,0,29.57256389,-82.85656667,0,42,0,0,1,1,0,4,1,1,0,1,0,0000000,99,99,99,99,88,88,0,0,0,1,0
12,121802,1,1,0,1,1,1,1,101,0,12,11,2013,3,21,42,0,2,3,SR-54,,99998,28.22938333,-82.22595556,0,34,0,0,1,1,0,4,2,1,0,1,0,0000000,99,99,99,99,99,99,15,0,0,1,1
12,121803,2,2,0,0,0,3,3,71,0,12,11,2013,3,12,0,0,6,6,N TAMIAMI TRL,POWELL DR,0,26.68564167,-81.88476667,0,12,6,0,2,3,0,1,1,1,0,1,0,0000000,99,99,99,99,99,99,0,0,0,1,0
12,121804,1,1,0,1,1,1,1,71,0,13,11,2013,4,19,37,0,16,6,ESTERO PKWY,CYPRESS VIEW DR,0,26.449275,-81.79498611,0,8,0,0,2,2,0,1,2,1,0,1,0,0000000,99,99,99,99,88,88,0,0,0,1,0
12,121805,1,1,0,1,1,1,1,71,0,13,11,2013,4,8,55,1,13,3,SR-78,,99998,26.68169722,-81.91128056,0,8,0,0,1,1,0,1,1,1,0,1,0,0000000,99,99,99,99,99,99,23,0,0,1,0
12,121807,1,1,0,0,0,1,1,69,1820,16,11,2013,7,23,55,1,13,2,US-27,,99998,28.830425,-81.88742222,0,59,0,0,1,1,0,5,2,1,0,1,0,0000000,99,99,99,99,99,99,0,0,0,1,1
12,121808,1,1,0,0,0,2,2,86,0,16,11,2013,7,5,3,1,1,1,I-95,,99998,25.837575,-80.2058,0,25,0,0,1,1,0,4,3,1,0,1,0,0000000,99,99,99,99,99,99,0,0,0,1,0