STATE,ST_CASE,VE_TOTAL,VE_FORMS,PVH_INVL,PEDS,PERNOTMVIT,PERMVIT,PERSONS,COUNTY,CITY,DAY,MONTH,YEAR,DAY_WEEK,HOUR,MINUTE,NHS,ROAD_FNC,ROUTE,TWAY_ID,TWAY_ID2,MILEPT,LATITUDE,LONGITUD,SP_JUR,HARM_EV,MAN_COLL,RELJCT1,RELJCT2,TYP_INT,WRK_ZONE,REL_ROAD,LGT_COND,WEATHER1,WEATHER2,WEATHER,SCH_BUS,RAIL,NOT_HOUR,NOT_MIN,ARR_HOUR,ARR_MIN,HOSP_HR,HOSP_MN,CF1,CF2,CF3,FATALS,DRUNK_DR
12,121809,1,1,0,1,1,1,1,109,0,16,11,2013,7,20,30,0,6,6,KENTON MORRISON RD,,0,29.91119444,-81.36106944,0,8,0,0,1,1,0,1,3,10,0,10,0,0000000,99,99,99,99,99,99,0,0,0,1,0
12,121810,2,2,0,0,0,3,3,11,672,17,11,2013,1,1,44,1,13,3,SR-869,,99998,26.30223889,-80.26304167,0,12,2,0,1,1,0,1,3,1,0,1,0,0000000,1,49,1,56,99,99,0,0,0,2,1
12,121811,1,1,0,1,1,3,3,61,0,17,11,2013,1,18,17,0,6,4,CR-606,,0,27.58716111,-80.41491944,0,8,0,0,1,1,0,1,3,1,0,1,0,0000000,99,99,99,99,99,99,0,0,0,1,0
12,121812,1,1,0,0,0,1,1,19,0,17,11,2013,1,20,13,0,6,4,CR-214,,0,29.79856389,-81.93463611,0,34,0,0,1,1,0,4,2,1,0,1,0,0000000,99,99,99,99,99,99,0,0,0,1,1
12,121813,1,1,0,1,1,2,2,81,0,17,11,2013,1,18,40,1,13,2,US-41,,99998,27.46844722,-82.59236667,0,8,0,0,1,1,0,1,3,1,0,1,0,0000000,99,99,99,99,99,99,0,0,0,1,0
12,121814,1,1,0,1,1,1,1,95,0,17,11,2013,1,19,29,0,2,3,SR-436,OLD CHENEY HIGHWAY,99998,28.56188333,-81.31067222,0,8,0,0,2,2,0,1,3,1,0,1,0,0000000,7,30,7,33,99,99,0,0,0,1,0
12,121815,1,1,0,0,0,1,1,131,0,17,11,2013,1,4,30,1,2,3,SR-20,,99998,30.47377778,-85.98268889,0,1,0,0,1,1,0,4,2,10,0,10,0,0000000,99,99,99,99,88,88,0,0,0,1,1
12,121816,2,2,0,0,0,2,2,123,0,18,11,2013,2,17,15,1,13,2,US-98,,99998,30.10146111,-83.61650556,0,12,6,0,1,1,0,1,5,10,0,10,0,0000000,99,99,99,99,88,88,0,0,0,1,0
12,121817,1,1,0,0,0,1,1,11,760,18,11,2013,2,13,3,0,16,6,OLD GRIFFIN RD,,0,26.05925,-80.15248611,0,3,0,0,1,1,0,5,1,1,0,1,0,0000000,99,99,99,99,88,88,0,0,0,1,1
12,121818,1,1,0,1,1,1,1,59,0,18,11,2013,2,17,45,0,6,4,CR-177,,0,30.84323611,-85.68409167,0,9,0,0,1,1,0,1,2,5,0,5,0,0000000,99,99,99,99,88,88,0,0,0,1,0
12,121819,3,3,0,0,0,6,6,83,0,19,11,2013,3,17,55,0,6,4,CR-42,,0,28.98208333,-82.05403611,0,12,6,0,1,1,0,1,2,10,0,10,0,0000000,99,99,99,99,99,99,0,0,0,2,1
12,121820,1,1,0,1,1,1,1,57,0,19,11,2013,3,11,5,0,16,6,BLOOMINGDALE AVE,,0,27.89367222,-82.33062778,0,8,0,0,1,1,0,1,1,10,0,10,0,0000000,99,99,99,99,99,99,0,0,0,1,0
12,121821,2,2,0,0,0,2,2,105,0,19,11,2013,3,1,35,1,1,1,I-4,,99998,28.23152222,-81.65094722,0,12,1,0,1,1,0,1,2,1,0,1,0,0000000,99,99,99,99,88,88,0,0,0,1,0
12,121822,1,1,0,1,1,1,1,1,1370,23,2,2013,7,6,34,1,13,2,US-441,615 NW SANTA FE BLVD,99998,29.83610556,-82.59998333,0,8,0,0,1,1,0,1,3,10,0,10,0,0000000,99,99,99,99,88,88,0,0,0,1,0
12,121823,1,1,0,1,1,1,1,103,0,22,6,2013,7,21,38,0,16,6,62ND AVE N,71ST ST N,0,27.82821944,-82.73668056,0,8,0,0,2,2,0,1,2,10,0,10,0,0000000,99,99,99,99,99,99,0,0,0,1,1
12,121824,1,1,0,2,2,1,1,127,2190,6,8,2013,3,23,14,0,13,3,SR-44,,99998,29.01291944,-80.97699167,0,8,0,0,1,1,0,4,2,1,0,1,0,0000000,99,99,99,99,88,88,0,0,0,2,0
12,121825,1,1,0,1,1,1,1,103,1770,7,8,2013,4,21,10,1,13,2,US-19,JASPER ST,99998,27.93139167,-82.78763056,0,8,0,0,2,2,0,1,3,2,0,2,0,0000000,99,99,99,99,99,99,0,0,0,1,0
12,121826,2,2,0,0,0,3,3,86,1340,8,8,2013,5,10,55,0,16,6,E 8 LANE,E 47 ST,0,25.865525,-80.26521389,0,12,6,0,2,2,0,1,1,10,0,10,0,0000000,99,99,99,99,99,99,0,0,0,1,0
12,121827,1,1,0,1,1,1,1,31,1510,9,8,2013,6,22,12,0,16,6,LEM TURNER RD,LILA ST,0,30.38568889,-81.67543333,0,8,0,0,1,1,0,1,3,1,0,1,0,0000000,99,99,99,99,88,88,0,0,0,1,0
12,121829,3,1,2,0,0,1,1,86,0,18,8,2013,1,11,58,0,16,6,29TH AVE,98TH ST,0,25.86385,-80.24446944,0,38,0,0,3,2,0,5,1,1,0,1,0,0000000,99,99,99,99,88,88,14,0,0,1,0
12,121830,2,1,1,0,0,1,1,86,0,4,9,2013,4,8,27,0,6,6,DIXIE HWY,11851 DIXIE HWY,0,25.88444444,-80.19290278,0,38,0,0,3,2,0,5,1,1,0,1,0,0000000,99,99,99,99,88,88,0,0,0,1,0
12,121831,2,2,0,0,0,2,2,11,0,5,9,2013,5,21,37,0,2,3,SR-7,20TH ST,99998,26.09518056,-80.20115556,0,12,98,0,2,2,0,1,3,1,0,1,0,0000000,99,99,99,99,99,99,0,0,0,1,0
12,121832,2,2,0,0,0,4,4,86,0,16,9,2013,2,12,10,0,16,6,105TH AVE,176TH ST,0,25.60415556,-80.41378056,0,12,6,0,2,2,0,1,1,2,0,2,0,0000000,99,99,99,99,99,99,0,0,0,1,0
12,121833,1,1,0,1,1,1,1,57,0,30,9,2013,2,14,32,0,6,6,SYDNEY DOVER RD,,0,27.98656667,-82.20725556,0,8,0,0,1,1,0,1,1,1,0,1,0,0000000,99,99,99,99,88,88,0,0,0,1,0
12,121836,3,3,0,0,0,3,3,99,0,27,10,2013,1,17,0,0,6,6,JOG RD,NORMANDY LANE,0,26.44574167,-80.14671944,0,12,6,1,2,3,0,1,1,1,0,1,0,0000000,99,99,99,99,99,99,0,0,0,1,0
12,121837,2,2,0,0,0,2,2,11,1420,1,11,2013,6,17,36,0,16,6,N DIXIE HWY,TAFT ST,0,26.0261,-80.149325,0,12,6,0,2,2,0,1,1,1,0,1,0,0000000,99,99,99,99,99,99,0,0,0,1,0
12,121838,1,1,0,1,1,1,1,31,1510,3,11,2013,1,23,26,1,13,3,SR-228,GUARDIAN DR,99998,30.28410833,-81.80836667,0,8,0,0,2,2,0,1,2,10,0,10,0,0000000,99,99,99,99,88,88,0,0,0,1,0
12,121839,2,2,0,0,0,3,3,99,0,7,11,2013,5,13,53,1,13,3,SR-850,,99998,26.81205,-80.27781389,0,12,2,0,1,1,0,1,1,1,0,1,0,0000000,99,99,99,99,99,99,0,0,0,1,0
12,121840,1,1,0,0,0,1,1,119,0,10,11,2013,1,0,0,0,6,4,CR-143,,0,28.82602778,-81.98771667,0,1,0,0,1,1,0,1,2,1,0,1,0,0000000,99,99,99,99,99,99,0,0,0,1,1
12,121841,1,1,0,0,0,1,1,47,0,10,11,2013,1,3,0,0,16,6,SW 107TH AVE,,0,30.49598889,-82.955275,0,34,0,0,1,1,0,4,2,1,0,1,0,0000000,99,99,99,99,88,88,0,0,0,1,1
12,121842,3,3,0,0,0,3,3,69,0,11,11,2013,2,16,57,0,2,3,SR-50,,99998,28.57721667,-81.92872778,0,12,6,0,1,1,0,1,1,1,0,1,0,0000000,99,99,99,99,88,88,0,0,0,2,0
12,121843,1,1,0,0,0,1,1,55,0,14,11,2013,5,19,23,0,16,6,CATFISH CREEK RD,,0,27.28172778,-81.40897778,0,38,0,0,1,1,0,5,2,1,0,1,0,0000000,99,99,99,99,99,99,0,0,0,1,1
12,121844,1,1,0,1,1,1,1,97,0,15,11,2013,6,17,55,1,13,2,US-192,,99998,28.31502778,-81.46780278,0,8,0,0,1,1,0,1,3,2,0,2,0,0000000,99,99,99,99,99,99,16,0,0,1,0
12,121845,1,1,0,0,0,2,2,15,0,16,11,2013,7,0,20,0,6,6,TRIBUNE BLVD,POINDEXTER AVE,0,26.8512,-81.99064444,0,30,0,0,1,1,0,4,2,10,0,10,0,0000000,99,99,99,99,88,88,0,0,0,2,1
12,121846,1,1,0,0,0,10,10,133,0,16,11,2013,7,7,34,1,1,1,I-10,,99998,30.74687778,-85.541725,0,1,0,0,1,1,0,1,1,1,0,1,0,0000000,99,99,99,99,99,99,0,0,0,3,0
12,121847,1,1,0,0,0,1,1,105,2140,17,11,2013,1,1,40,0,13,3,SR-37,SW 2ND ST,99998,27.89314167,-81.97364444,0,59,0,0,3,3,0,4,3,10,0,10,0,0000000,99,99,99,99,88,88,0,0,0,1,1
12,121848,1,1,0,1,1,1,1,57,2950,29,6,2013,7,4,37,0,16,6,HILLSBOROUGH AVE,,0,27.99616389,-82.50823056,0,9,0,0,1,1,0,1,2,1,0,1,0,0000000,99,99,99,99,99,99,0,0,0,1,0
12,121849,2,2,0,0,0,2,2,111,0,25,9,2013,4,12,48,0,6,4,CR-605,KANNER DR,0,27.40690833,-80.33386111,0,12,1,0,2,3,0,1,1,1,0,1,0,0000000,99,99,99,99,99,99,0,0,0,1,0
12,121850,1,1,0,0,0,1,1,99,0,13,10,2013,1,7,47,0,6,6,LYONS RD,,0,26.45328333,-80.18810278,0,33,0,0,1,1,0,4,2,1,0,1,0,0000000,99,99,99,99,88,88,0,0,0,1,1
12,121851,1,1,0,1,1,1,1,11,2468,24,10,2013,5,18,20,0,16,6,PINES BLVD,,0,26.00775,-80.36550278,0,8,0,0,1,1,0,1,1,1,0,1,0,0000000,99,99,99,99,99,99,0,0,0,1,0
12,121852,1,1,0,1,1,1,1,101,0,28,10,2013,2,20,50,0,2,3,SR-54,,99998,28.18596667,-82.42951944,0,8,0,0,1,1,0,1,3,1,0,1,0,0000000,99,99,99,99,88,88,0,0,0,1,0
12,121853,1,1,0,0,0,1,1,31,1510,31,10,2013,5,10,38,0,16,6,CLARK RD RAMP,,0,30.41493611,-81.65826111,0,24,0,1,5,1,0,4,1,1,0,1,0,0000000,99,99,99,99,88,88,0,0,0,1,0
12,121855,5,5,0,0,0,5,5,57,0,8,11,2013,6,16,29,0,6,4,CR-584,TWELVE OAKS BLVD,0,28.02561111,-82.55151111,0,12,6,0,2,2,0,1,1,10,0,10,1,0000000,99,99,99,99,99,99,14,0,0,1,0
12,121856,2,2,0,0,0,2,2,71,0,15,11,2013,6,5,42,0,6,4,CR-867,,0,26.51601389,-81.9452,0,12,2,0,1,1,0,1,2,1,0,1,0,0000000,99,99,99,99,99,99,0,0,0,1,0
12,121857,1,1,0,0,0,2,2,71,0,16,11,2013,7,22,48,0,6,4,CR-865,,0,26.52785278,-81.87267778,0,33,0,0,1,1,0,3,3,1,0,1,0,0000000,99,99,99,99,99,99,0,0,0,1,1
12,121858,1,1,0,0,0,2,2,101,0,16,11,2013,7,3,0,0,2,3,SR-54,,99998,28.19818333,-82.48934444,0,38,0,0,1,1,0,4,2,2,0,2,0,0000000,99,99,99,99,99,99,0,0,0,1,1
12,121859,1,1,0,0,0,1,1,99,2674,19,11,2013,3,2,21,0,16,6,SEMINOLE PALMS DR,,0,26.70611389,-80.22082222,0,1,0,0,1,1,0,4,2,10,0,10,0,0000000,99,99,99,99,88,88,0,0,0,1,1
12,121860,1,1,0,0,0,1,1,105,0,19,11,2013,3,7,35,1,13,2,US-27,,99998,27.76296667,-81.59328056,0,1,0,0,1,1,0,3,1,1,0,1,0,0000000,99,99,99,99,88,88,0,0,0,1,0
12,121861,1,1,0,0,0,1,1,57,2950,19,11,2013,3,20,44,1,1,1,I-275,,99998,27.93788889,-82.55835556,0,39,0,0,1,1,0,4,3,1,0,1,0,0000000,99,99,99,99,99,99,0,0,0,1,0
12,121862,2,2,0,0,0,3,3,97,0,20,11,2013,4,12,55,1,13,3,SR-91,,99998,27.68010833,-80.89121389,0,12,1,0,1,1,0,2,1,1,0,1,0,0000000,99,99,99,99,88,88,23,0,0,2,0
12,121863,2,2,0,0,0,6,6,21,0,20,11,2013,4,16,47,0,6,4,CR-887,SUN CENTURY RD,0,26.30555556,-81.79633056,0,12,6,0,2,2,0,1,1,1,0,1,0,0000000,99,99,99,99,99,99,0,0,0,1,0
12,121864,1,1,0,1,1,1,1,71,0,20,11,2013,4,18,3,0,16,6,PALM BEACH RD,,0,26.67402778,-81.81673889,0,8,0,0,1,1,0,1,3,1,0,1,0,0000000,99,99,99,99,99,99,0,0,0,1,0
12,121865,1,1,0,0,0,1,1,81,0,20,11,2013,4,7,30,0,16,6,57TH ST E,,0,27.46740833,-82.4893,0,33,0,0,1,1,0,4,1,1,0,1,0,0000000,99,99,99,99,99,99,21,0,0,1,0
12,121866,1,1,0,0,0,2,2,103,0,20,11,2013,4,7,40,0,6,4,CR-501,,0,27.81733611,-82.73671944,0,53,0,0,1,1,0,4,1,10,0,10,0,0000000,99,99,99,99,99,99,0,0,0,1,0
12,121867,1,1,0,1,1,1,1,91,0,20,11,2013,4,17,15,0,6,6,CLIFFORD ST,,0,30.44219167,-86.63798611,0,8,0,0,1,1,0,1,3,1,0,1,0,0000000,99,99,99,99,99,99,0,0,0,1,0
12,121868,1,1,0,0,0,1,1,107,0,21,11,2013,5,0,5,1,2,3,SR-21,,99998,29.68223611,-82.03520278,0,30,0,0,1,1,0,4,2,1,0,1,0,0000000,99,99,99,99,88,88,0,0,0,1,1
12,121869,1,1,0,0,0,1,1,33,0,21,11,2013,5,15,20,0,6,6,WELL LINE RD,,0,30.621825,-87.33898611,0,1,0,0,1,1,0,4,1,10,0,10,0,0000000,99,99,99,99,88,88,0,0,0,1,0
12,121870,2,2,0,0,0,3,3,33,0,21,11,2013,5,22,50,1,13,2,US-29,CR-184,99998,30.61094167,-87.32014722,0,12,6,0,2,2,0,1,3,1,0,1,0,0000000,99,99,99,99,99,99,0,0,0,1,1
12,121871,1,1,0,0,0,1,1,109,0,21,11,2013,5,6,47,1,1,1,I-95,,99998,30.00394167,-81.47239444,0,42,0,0,1,1,0,4,2,10,0,10,0,0000000,99,99,99,99,99,99,0,0,0,1,0
12,121872,1,1,0,1,1,2,2,97,0,21,11,2013,5,17,42,1,13,2,US-192,SIESTA LAGO DR,99998,28.31870556,-81.47039167,0,8,0,1,2,2,0,1,3,2,0,2,0,0000000,99,99,99,99,99,99,0,0,0,1,0
12,121873,2,2,0,0,0,3,3,83,0,22,11,2013,6,18,24,1,13,2,US-441,NW 165TH ST,99998,29.38865278,-82.18888889,0,12,6,1,2,2,0,1,2,2,0,2,0,0000000,99,99,99,99,88,88,0,0,0,1,0
12,121874,3,3,0,0,0,3,3,103,0,22,11,2013,6,21,46,0,16,6,54TH AVE,HAINES RD,0,27.82115,-82.66900556,0,12,6,1,2,2,0,1,3,1,0,1,0,0000000,99,99,99,99,99,99,14,0,0,1,1
12,121875,2,2,0,0,0,4,4,86,0,22,11,2013,6,10,42,0,6,6,NW 119TH ST,NW 8TH AVE,0,25.88359722,-80.21258056,0,12,6,0,2,2,0,1,1,2,0,2,0,0000000,99,99,99,99,99,99,0,0,0,1,0
12,121876,1,1,0,1,1,1,1,86,2010,22,11,2013,6,1,4,1,1,1,I-195,,99998,25.81141389,-80.199,0,8,0,0,1,1,0,1,3,2,0,2,0,0000000,99,99,99,99,88,88,0,0,0,1,0
12,121877,2,2,0,0,0,4,4,95,0,23,11,2013,7,3,49,0,6,6,COLONIAL DR,SR-408 RAMP,0,28.56522778,-81.19054167,0,12,6,1,2,3,0,1,3,1,0,1,0,0000000,99,99,99,99,99,99,0,0,0,2,1
12,121878,1,1,0,1,1,1,1,31,1510,23,11,2013,7,23,0,0,13,3,SR-5,,99998,30.28063333,-81.62872778,0,8,0,0,1,1,0,1,3,1,0,1,0,0000000,99,99,99,99,88,88,0,0,0,1,0
12,121879,1,1,0,0,0,2,2,33,0,24,11,2013,1,1,25,1,2,3,SR-290,,99998,30.51109444,-87.24206944,0,52,0,0,1,1,0,4,2,1,0,1,0,0000000,99,99,99,99,88,88,0,0,0,2,1
12,121880,1,1,0,0,0,1,1,9,0,24,11,2013,1,5,30,1,1,1,I-95,,99998,27.90489722,-80.59725,0,1,0,0,1,1,0,5,2,10,0,10,0,0000000,99,99,99,99,88,88,0,0,0,1,0
12,121883,1,1,0,0,0,1,1,31,1510,26,11,2013,3,16,2,0,16,6,DEEP LAGOON PL,,0,30.3072,-81.4665,0,19,0,0,1,1,0,5,1,10,0,10,0,0000000,99,99,99,99,99,99,0,0,0,1,0
12,121884,1,1,0,1,1,1,1,127,780,26,11,2013,3,22,19,1,13,2,US-92,LPGA BLVD,99998,29.15215556,-81.10761389,0,8,0,0,2,3,0,1,2,10,0,10,0,0000000,99,99,99,99,99,99,0,0,0,1,0
12,121885,3,3,0,0,0,4,4,113,0,26,11,2013,3,6,30,0,6,6,EAST GATE RD,MUNSON HWY,0,30.67684444,-86.99376944,0,12,1,0,3,2,0,1,1,2,0,2,0,0000000,99,99,99,99,99,99,0,0,0,1,0
12,121886,2,2,0,0,0,3,3,131,0,28,11,2013,5,0,30,1,13,2,US-331,,99998,30.52471667,-86.10838611,0,12,2,0,1,1,0,1,2,1,0,1,0,0000000,99,99,99,99,99,99,0,0,0,1,0
12,121887,1,1,0,0,0,1,1,3,0,29,11,2013,6,14,20,1,1,1,I-10,,99998,30.25878611,-82.11686111,0,1,0,0,1,1,0,3,1,1,0,1,0,0000000,99,99,99,99,99,99,0,0,0,1,1
12,121888,1,1,0,1,1,1,1,31,1510,30,11,2013,7,22,20,1,13,3,SR-111,,99998,30.29547778,-81.73048889,0,8,0,0,1,1,0,1,3,10,0,10,0,0000000,99,99,99,99,88,88,0,0,0,1,0
12,121889,3,3,0,0,0,3,3,57,0,14,11,2013,5,12,4,0,6,4,CR-581,,0,28.06325833,-82.42612778,0,12,1,0,1,1,0,1,1,1,0,1,0,0000000,99,99,99,99,99,99,0,0,0,1,0
12,121890,2,2,0,0,0,2,2,57,0,18,11,2013,2,6,0,0,6,4,CR-672,BALM WIMAUMA RD,0,27.76324444,-82.25341944,0,12,2,0,2,3,0,1,3,1,0,1,0,0000000,99,99,99,99,99,99,0,0,0,1,0
12,121891,2,2,0,0,0,2,2,31,1510,20,11,2013,4,2,20,1,13,2,US-1,,99998,30.12101944,-81.49556667,0,12,1,0,1,1,0,1,2,1,0,1,0,0000000,99,99,99,99,88,88,0,0,0,1,1
12,121892,2,2,0,0,0,4,4,103,1770,20,11,2013,4,14,52,1,13,3,SR-688,SEMINOLE BLVD,99998,27.89451389,-82.78702222,0,12,6,0,2,2,4,1,1,10,0,10,0,0000000,99,99,99,99,99,99,0,0,0,1,0
12,121893,2,2,0,0,0,4,4,11,1420,21,11,2013,5,5,21,0,16,6,HOLLYWOOD BLVD,,0,26.01019167,-80.20156111,0,12,2,0,1,1,0,1,3,10,0,10,0,0000000,99,99,99,99,99,99,0,0,0,1,0
12,121894,1,1,0,0,0,1,1,117,0,27,11,2013,4,7,10,1,1,1,I-4,,99998,28.67153889,-81.38845833,0,59,0,0,1,1,0,4,1,10,0,10,0,0000000,99,99,99,99,99,99,0,0,0,1,0
12,121895,1,1,0,0,0,4,4,121,1830,28,11,2013,5,0,50,1,13,2,US-129,SPRUCE ST,99998,30.30245,-82.98125833,0,19,0,0,3,2,0,5,3,1,0,1,0,0000000,99,99,99,99,99,99,20,0,0,3,0
12,121896,2,2,0,0,0,2,2,35,2439,28,11,2013,5,1,2,0,16,6,PINE LAKES PKWY,,0,29.53146667,-81.25225556,0,12,2,0,1,1,0,1,3,1,0,1,0,0000000,99,99,99,99,99,99,0,0,0,1,1
12,121897,1,1,0,1,1,2,2,23,0,29,11,2013,6,2,50,0,6,4,CR-242A,,0,30.11911944,-82.64001944,0,8,0,0,1,1,0,1,2,1,0,1,0,0000000,99,99,99,99,88,88,0,0,0,1,0
12,121898,1,1,0,1,1,1,1,57,0,29,11,2013,6,18,30,1,13,2,US-301,SR-574,99998,27.98783056,-82.36003889,0,9,0,0,2,2,0,1,5,1,0,1,0,0000000,99,99,99,99,99,99,0,0,0,1,0
12,121899,5,5,0,0,0,5,5,95,2360,30,11,2013,7,5,39,0,13,3,SR-400,,99998,28.57103056,-81.37584167,0,12,2,0,1,1,0,1,3,10,0,10,0,0000000,99,99,99,99,88,88,0,0,0,2,0
12,121900,1,1,0,0,0,2,2,127,0,30,11,2013,7,21,40,0,6,4,CR-4137,,0,28.98230556,-80.94332778,0,1,0,0,1,1,0,1,2,10,0,10,0,0000000,99,99,99,99,99,99,0,0,0,1,0
12,121901,1,1,0,0,0,1,1,51,0,30,11,2013,7,1,6,0,6,6,7TH ST,,0,26.73605278,-80.94400278,0,1,0,0,1,1,0,4,3,1,0,1,0,0000000,99,99,99,99,99,99,0,0,0,1,1
12,121902,2,2,0,0,0,4,4,93,2300,1,12,2013,1,2,8,1,13,3,SR-70,,99998,27.24375278,-80.82567778,0,12,6,0,8,1,0,1,3,1,0,1,0,0000000,99,99,99,99,99,99,0,0,0,2,0
12,121903,2,2,0,0,0,4,4,86,0,1,12,2013,1,3,46,0,6,6,NW 38TH ST RAMP,,0,25.81090833,-80.24171111,0,12,2,0,5,1,0,1,3,1,0,1,0,0000000,99,99,99,99,99,99,0,0,0,1,0
12,121904,1,1,0,0,0,1,1,49,0,1,12,2013,1,11,33,0,16,6,CR-638,,0,27.40642222,-81.77407222,0,1,0,0,1,1,0,4,1,1,0,1,0,0000000,12,8,99,99,88,88,0,0,0,1,0
12,121905,2,2,0,0,0,2,2,86,2010,1,12,2013,1,18,27,0,16,6,NW 22ND AVE,NW 18TH TERR,0,25.792425,-80.23142222,0,12,99,0,2,3,0,1,3,1,0,1,0,0000000,99,99,99,99,88,88,0,0,0,1,0
12,121906,1,1,0,1,1,1,1,15,0,19,11,2013,3,6,9,1,13,2,US-41,ST PIERRE RD,99998,26.86475278,-81.99561111,0,9,0,0,2,3,0,1,2,1,0,1,0,0000000,99,99,99,99,88,88,16,0,0,1,0
12,121907,1,1,0,0,0,1,1,109,0,24,11,2013,1,10,6,0,6,6,WOODLAWN DR,,0,30.05564167,-81.52078889,0,34,0,0,1,1,0,4,1,10,0,10,0,0000000,99,99,99,99,99,99,0,0,0,1,0
12,121908,2,2,0,0,0,2,2,101,0,11,11,2013,2,3,15,0,2,3,SR-55,,99998,28.208,-82.73974722,0,12,1,0,1,1,0,1,3,1,0,1,0,0000000,99,99,99,99,99,99,0,0,0,1,1
12,121909,2,2,0,0,0,3,3,9,0,24,11,2013,1,12,0,0,6,4,CR-3,,0,28.77858056,-80.79481111,0,12,1,0,1,1,0,1,1,10,0,10,0,0000000,99,99,99,99,99,99,0,0,0,1,0
12,121910,1,1,0,0,0,3,3,121,0,28,11,2013,5,22,30,0,16,6,43RD RD,280TH ST,0,29.94192778,-82.83108056,0,42,0,0,3,3,0,4,2,1,0,1,0,0000000,99,99,99,99,99,99,0,0,0,1,1
12,121911,1,1,0,1,1,1,1,57,0,29,11,2013,6,18,40,0,16,6,21ST AVE SE,,0,27.69475278,-82.4237,0,9,0,0,1,1,0,1,2,1,0,1,0,0000000,99,99,99,99,88,88,0,0,0,1,0
12,121912,1,1,0,0,0,2,2,57,0,1,12,2013,1,5,55,0,2,3,SR-574,,99998,27.98116667,-82.34570833,0,31,0,0,1,1,0,4,1,5,0,5,0,0000000,99,99,99,99,99,99,0,0,0,1,0
12,121913,8,1,7,0,0,2,2,101,0,1,12,2013,1,10,0,1,13,2,US-19,,99998,28.43225833,-82.64080833,0,53,0,0,1,1,0,5,1,1,0,1,0,0000000,9,56,10,4,99,99,14,0,0,1,0
12,121914,1,1,0,0,0,1,1,31,1510,2,12,2013,2,16,15,0,16,6,GRAN BAY PARKWAY,,0,30.13547778,-81.51488611,0,1,0,0,1,1,0,1,1,1,0,1,0,0000000,99,99,99,99,99,99,0,0,0,1,0
12,121915,5,5,0,0,0,8,8,95,0,2,12,2013,2,15,43,0,2,3,SR-423,,99998,28.40073056,-81.42499444,0,12,7,0,1,1,0,1,1,1,0,1,0,0000000,99,99,99,99,99,99,0,0,0,1,1
12,121916,3,3,0,0,0,6,6,9,0,2,12,2013,2,21,5,1,1,1,I-95,,99998,28.05494444,-80.68075556,0,12,1,0,1,1,0,1,2,1,0,1,0,0000000,99,99,99,99,88,88,0,0,0,1,1
12,121918,1,1,0,1,1,1,1,91,1950,3,12,2013,3,18,0,0,16,6,HOLLYWOOD BLVD,DEAL AVE,0,30.41318611,-86.64515833,0,8,0,0,2,3,0,1,3,1,0,1,0,0000000,99,99,99,99,99,99,0,0,0,1,0
12,121919,1,1,0,0,0,1,1,69,2130,3,12,2013,3,17,43,0,16,6,WOLF BRANCH RD,SUNRISE BLVD,0,28.81518889,-81.62222778,0,11,0,0,2,3,0,1,3,1,0,1,0,0000000,99,99,99,99,99,99,0,0,0,1,0
12,121920,1,1,0,0,0,1,1,31,1510,4,12,2013,4,18,33,1,11,1,I-10 RAMP,,99998,30.3195,-81.6898,0,33,0,1,5,1,0,4,1,1,0,1,0,0000000,99,99,99,99,99,99,0,0,0,1,1
12,121921,2,2,0,0,0,2,2,95,70,4,12,2013,4,21,12,0,16,6,SHEELER AVE,CLEVELAND ST,0,28.65473611,-81.49283889,0,12,6,0,2,2,0,1,2,10,0,10,0,0000000,99,99,99,99,99,99,0,0,0,1,1
12,121922,1,1,0,1,1,1,1,1,0,4,12,2013,4,15,15,1,2,3,SR-24,,99998,29.73146389,-82.24734167,0,9,0,0,1,1,0,2,1,1,0,1,0,0000000,99,99,99,99,88,88,0,0,0,1,0
12,121923,1,1,0,1,1,1,1,61,0,5,12,2013,5,10,42,0,16,6,45TH AVE,,0,27.69643611,-80.433825,0,9,0,0,8,1,0,1,1,1,0,1,0,0000000,99,99,99,99,88,88,0,0,0,1,0
12,121924,1,1,0,2,2,1,1,9,0,5,12,2013,5,17,50,1,13,2,US-1,,99998,28.01109722,-80.56719167,0,8,0,0,1,1,0,1,3,1,0,1,0,0000000,99,99,99,99,99,99,0,0,0,2,0
12,121925,2,2,0,0,0,2,2,117,3311,5,12,2013,5,20,8,0,13,3,SR-434,,99998,28.69795556,-81.32243889,0,12,1,0,1,1,0,1,3,1,0,1,0,0000000,99,99,99,99,99,99,0,0,0,1,1
12,121926,2,2,0,0,0,4,4,83,0,5,12,2013,5,21,0,0,6,4,CR-484,SW 20TH AVE RD,0,29.02545,-82.16245,0,12,6,1,2,3,0,1,2,1,0,1,0,0000000,99,99,99,99,99,99,0,0,0,1,1
12,121927,2,2,0,0,0,2,2,107,0,6,12,2013,6,16,5,1,13,2,US-17,,99998,29.48778889,-81.57433889,0,12,2,0,1,1,0,1,1,1,0,1,0,0000000,99,99,99,99,99,99,0,0,0,1,0