STATE,ST_CASE,VE_TOTAL,VE_FORMS,PVH_INVL,PEDS,PERNOTMVIT,PERMVIT,PERSONS,COUNTY,CITY,DAY,MONTH,YEAR,DAY_WEEK,HOUR,MINUTE,NHS,ROAD_FNC,ROUTE,TWAY_ID,TWAY_ID2,MILEPT,LATITUDE,LONGITUD,SP_JUR,HARM_EV,MAN_COLL,RELJCT1,RELJCT2,TYP_INT,WRK_ZONE,REL_ROAD,LGT_COND,WEATHER1,WEATHER2,WEATHER,SCH_BUS,RAIL,NOT_HOUR,NOT_MIN,ARR_HOUR,ARR_MIN,HOSP_HR,HOSP_MN,CF1,CF2,CF3,FATALS,DRUNK_DR
12,121928,2,2,0,0,0,2,2,127,920,23,7,2013,3,23,31,1,13,2,US-1,RIVER PARK BLVD,99998,28.91185,-80.86766667,0,12,6,1,2,3,0,1,2,1,0,1,0,0000000,99,99,99,99,99,99,0,0,0,1,0
12,121929,1,1,0,0,0,4,4,11,1782,4,8,2013,1,3,20,0,16,6,NW 19TH ST,,0,26.15066111,-80.19541944,0,43,0,0,1,1,0,4,3,10,0,10,0,0000000,99,99,99,99,99,99,0,0,0,1,1
12,121930,1,1,0,1,1,3,3,11,1050,15,8,2013,5,22,1,1,13,3,SR-A1A,,99998,26.16765556,-80.10011389,0,8,0,0,1,1,0,1,3,1,0,1,0,0000000,99,99,99,99,99,99,0,0,0,1,0
12,121931,2,2,0,0,0,2,2,95,2360,16,8,2013,6,23,55,0,6,6,TURKEY LANE RD,VINELAND RD,0,28.48025278,-81.47536389,0,12,6,0,2,3,0,1,3,2,0,2,0,0000000,99,99,99,99,99,99,0,0,0,1,0
12,121932,2,2,0,0,0,4,4,86,0,17,8,2013,7,23,10,0,16,6,162ND AVE,,0,25.53326667,-80.453525,0,12,2,0,1,1,0,1,2,1,0,1,0,0000000,99,99,99,99,99,99,0,0,0,1,0
12,121933,1,1,0,1,1,2,2,109,0,23,8,2013,6,9,10,0,6,6,FLORA BRANCH BLVD,STRAWBERRY LN,0,30.09321667,-81.59617222,0,9,0,0,2,2,0,1,1,1,0,1,0,0000000,99,99,99,99,88,88,0,0,0,1,0
12,121934,1,1,0,1,1,2,2,86,2010,24,8,2013,7,8,50,0,16,6,27TH AVE,,0,25.76544167,-80.23876389,0,8,0,0,1,1,0,1,1,1,0,1,0,0000000,99,99,99,99,99,99,0,0,0,1,0
12,121935,1,1,0,1,1,1,1,127,920,27,8,2013,3,21,12,0,16,6,SOUTH RIDGEWOOD AVE,,0,28.96539444,-80.89175556,0,8,0,0,1,1,0,1,2,1,0,1,0,0000000,99,99,99,99,99,99,0,0,0,1,0
12,121936,2,2,0,0,0,2,2,11,1050,31,8,2013,7,22,30,1,13,3,SR-735,SW 4TH AVE,99998,26.10744167,-80.14709444,0,12,6,0,2,2,0,1,3,1,0,1,0,0000000,99,99,99,99,88,88,0,0,0,1,0
12,121937,1,1,0,1,1,1,1,61,2790,2,9,2013,2,13,30,0,16,6,JEFFERSON ST,INDIAN RIVER DR,0,27.81874167,-80.469425,0,8,0,0,3,3,0,1,1,1,0,1,0,0000000,99,99,99,99,99,99,0,0,0,1,0
12,121938,1,1,0,1,1,1,1,86,2010,12,9,2013,5,19,18,0,16,6,NW 7TH AVE,NW 20TH ST,0,25.79513056,-80.20695278,0,8,0,0,3,2,0,1,5,1,0,1,0,0000000,99,99,99,99,99,99,0,0,0,1,1
12,121939,1,1,0,1,1,3,3,86,0,13,9,2013,6,11,0,0,6,6,NW 21ST ST,,0,25.79469444,-80.26934444,0,8,0,0,1,1,0,1,1,1,0,1,0,0000000,99,99,99,99,88,88,0,0,0,1,0
12,121940,1,1,0,0,0,1,1,87,1568,23,9,2013,2,4,41,1,13,2,US-1,,99998,25.17150833,-80.37412778,0,24,0,0,1,1,0,4,3,10,0,10,0,0000000,99,99,4,46,88,88,0,0,0,1,0
12,121941,2,2,0,1,1,3,3,86,2023,25,9,2013,4,7,29,0,16,6,NW 32ND AVE,NW 167TH ST,0,25.92639722,-80.25259167,0,12,6,0,2,2,0,1,1,1,0,1,0,0000000,99,99,99,99,99,99,0,0,0,1,0
12,121942,2,2,0,0,0,2,2,11,1420,26,9,2013,5,22,35,0,16,6,S 35TH AVE,JACKSON ST,0,26.00795833,-80.17853611,0,12,6,0,2,3,0,1,3,1,0,1,0,0000000,99,99,99,99,99,99,0,0,0,1,1
12,121943,1,1,0,0,0,1,1,89,0,29,9,2013,1,20,33,1,1,1,I-95,,99998,30.587525,-81.64635278,0,24,0,0,1,1,4,4,2,10,0,10,0,0000000,99,99,99,99,99,99,0,0,0,1,0
12,121944,2,2,0,0,0,5,5,11,760,7,10,2013,2,3,28,0,16,6,S FEDERAL HWY,SHERIDAN ST,0,26.03359722,-80.14330556,0,12,2,0,2,2,0,1,3,1,0,1,0,0000000,99,99,99,99,99,99,0,0,0,1,0
12,121945,1,1,0,2,2,3,3,86,2526,16,10,2013,4,20,14,0,16,6,SW 88TH ST,SW 68TH CT,0,25.68898889,-80.30553056,0,8,0,0,3,2,0,1,3,1,0,1,0,0000000,99,99,99,99,99,99,0,0,0,2,0
12,121946,2,1,1,0,0,1,1,111,2601,23,10,2013,4,15,38,0,16,6,SW GATLIN BLVD,,0,27.26396944,-80.39282222,0,33,0,0,1,1,0,4,1,1,0,1,0,0000000,99,99,99,99,88,88,0,0,0,1,0
12,121947,3,3,0,0,0,5,5,105,0,23,10,2013,4,12,30,0,6,6,MARIGOLD AVE,,0,28.12396111,-81.47258611,0,12,2,0,1,1,0,1,1,1,0,1,0,0000000,99,99,99,99,99,99,0,0,0,1,0
12,121948,1,1,0,0,0,1,1,97,0,27,10,2013,1,20,20,1,13,3,SR-91,,99998,28.34359722,-81.381875,0,43,0,1,5,1,0,8,3,1,0,1,0,0000000,99,99,99,99,88,88,0,0,0,1,1
12,121949,1,1,0,1,1,2,2,86,0,27,10,2013,1,22,18,0,16,6,SW 102ND AVE,SW 56TH ST,0,25.71584444,-80.35891389,0,9,0,0,2,2,0,1,3,1,0,1,0,0000000,99,99,99,99,88,88,0,0,0,1,0
12,121950,1,1,0,0,0,1,1,127,0,28,10,2013,2,10,5,1,2,3,SR-11,,99998,29.08489444,-81.30442778,0,1,0,0,1,1,0,4,1,1,0,1,0,0000000,99,99,99,99,99,99,0,0,0,1,0
12,121951,2,2,0,0,0,4,4,103,2530,29,10,2013,3,10,52,1,13,3,SR-693,64TH AVE N,99998,27.83013611,-82.72845556,0,12,6,0,2,3,0,1,1,1,0,1,0,0000000,99,99,99,99,99,99,0,0,0,1,0
12,121952,1,1,0,0,0,4,4,21,0,31,10,2013,5,22,55,0,6,4,CR-846,,0,26.36780833,-81.42354444,0,32,0,0,1,1,0,4,2,1,0,1,0,0000000,99,99,99,99,99,99,0,0,0,3,0
12,121953,1,1,0,0,0,1,1,53,0,28,10,2013,2,17,35,0,6,6,PAHL PL,,0,28.52733333,-82.19693611,0,5,0,0,1,1,0,1,1,1,0,1,0,0000000,99,99,99,99,99,99,0,0,0,1,0
12,121954,1,1,0,0,0,1,1,95,0,4,11,2013,2,2,10,0,6,6,UNIVERSITY BLVD,,0,28.54293333,-81.30909444,0,33,0,0,1,1,0,4,3,10,0,10,0,0000000,99,99,99,99,99,99,0,0,0,1,1
12,121955,1,1,0,1,1,2,2,115,2780,6,11,2013,4,16,33,0,16,6,10TH ST,CENTRAL AVE,0,27.34488056,-82.54266389,0,9,0,1,2,2,0,1,1,1,0,1,0,0000000,99,99,99,99,99,99,0,0,0,1,0
12,121956,1,1,0,1,1,2,2,9,2670,7,11,2013,5,15,24,1,13,2,US-1,,99998,28.34875833,-80.73028611,0,8,0,0,1,1,0,1,1,10,0,10,0,0000000,99,99,99,99,88,88,0,0,0,1,0
12,121957,2,2,0,0,0,2,2,57,2950,8,11,2013,6,20,4,0,16,6,WATERS AVE,OLA AVE,0,28.02529167,-82.46328611,0,1,0,0,2,2,0,1,3,10,0,10,0,0000000,99,99,99,99,88,88,0,0,0,1,0
12,121958,1,1,0,0,0,1,1,57,0,8,11,2013,6,22,35,1,1,1,I-75,,99998,28.00170556,-82.33115278,0,43,0,1,5,1,0,8,3,1,0,1,0,0000000,99,99,99,99,99,99,0,0,0,1,0
12,121959,2,2,0,0,0,2,2,11,1050,10,11,2013,1,15,31,1,13,3,SR-842,SW 36TH AVE,99998,26.12096667,-80.19754167,0,12,6,0,2,3,0,1,1,1,0,1,0,0000000,99,99,99,99,99,99,0,0,0,1,0
12,121961,2,2,0,0,0,2,2,119,0,11,11,2013,2,12,52,0,6,4,CR-476 W,CR-614,0,28.65776667,-82.14772778,0,12,1,1,2,3,0,1,1,1,0,1,0,0000000,12,47,12,52,99,99,0,0,0,1,0
12,121962,1,1,0,0,0,1,1,11,1420,12,11,2013,3,17,59,0,16,6,HOLLYWOOD BLVD,S RAINBOW DR,0,26.00954722,-80.18424722,0,42,0,0,3,6,0,4,3,1,0,1,0,0000000,99,99,99,99,99,99,0,0,0,1,0
12,121963,2,2,0,0,0,3,3,105,0,14,11,2013,5,16,35,0,6,6,LAKE ALFRED RD,SR-600,0,28.08812778,-81.75511944,0,12,6,0,2,3,0,1,1,1,0,1,0,0000000,99,99,99,99,99,99,0,0,0,1,0
12,121964,1,1,0,1,1,2,2,23,0,15,11,2013,6,22,30,0,6,6,LAKE JEFFEREY RD,SCENIC LAKE DR,0,30.21514444,-82.68644167,0,8,0,0,2,2,0,1,2,1,0,1,0,0000000,99,99,99,99,88,88,0,0,0,1,0
12,121965,2,2,0,0,0,4,4,105,0,15,11,2013,6,14,10,0,6,4,CR-655A,,0,27.88194444,-81.761225,0,12,6,0,1,1,0,1,1,10,0,10,0,0000000,99,99,99,99,99,99,0,0,0,2,0
12,121966,1,1,0,1,1,3,3,53,0,19,11,2013,3,18,0,0,6,6,SEALAWN DR,,0,28.47786944,-82.588075,0,11,0,0,1,1,0,1,5,1,0,1,0,0000000,99,99,99,99,88,88,0,0,0,1,0
12,121967,1,1,0,1,1,1,1,105,0,21,11,2013,5,20,33,0,6,6,RIFLE RANGE RD,,0,27.95768611,-81.72672778,0,8,0,0,1,1,0,1,2,2,0,2,0,0000000,99,99,99,99,88,88,0,0,0,1,0
12,121968,1,1,0,1,1,1,1,1,1130,22,11,2013,6,1,35,1,13,3,SR-222,,99998,29.68845556,-82.33732778,0,8,0,0,1,1,0,1,3,1,0,1,0,0000000,99,99,99,99,99,99,0,0,0,1,1
12,121969,1,1,0,1,1,1,1,71,0,23,11,2013,7,21,26,0,6,6,CLEVELAND AVE,,0,26.66353333,-81.88658333,0,8,0,0,1,1,0,1,3,10,0,10,0,0000000,99,99,99,99,99,99,16,0,0,1,0
12,121970,1,1,0,1,1,1,1,95,0,27,11,2013,4,1,54,0,2,3,SR-551,,99998,28.54421389,-81.28588889,0,8,0,0,1,1,0,1,3,2,0,2,0,0000000,1,55,2,1,88,88,0,0,0,1,0
12,121971,2,1,1,1,1,1,1,117,0,27,11,2013,4,18,0,0,6,6,LAKE DR,,0,28.67043611,-81.29375,0,8,0,0,1,1,0,1,2,1,0,1,0,0000000,99,99,99,99,99,99,14,0,0,1,0
12,121972,1,1,0,0,0,4,4,86,2010,27,11,2013,4,0,39,1,11,1,I-95,,99998,25.82779722,-80.20673333,0,25,0,0,1,1,0,4,3,2,0,2,0,0000000,0,41,0,48,88,88,0,0,0,1,0
12,121973,2,2,0,0,0,2,2,99,0,27,11,2013,4,9,16,1,13,3,SR-806,VIA FLORA,99998,26.45653611,-80.13614444,0,12,2,0,2,2,0,1,1,10,0,10,0,0000000,99,99,99,99,99,99,0,0,0,1,0
12,121974,2,2,0,0,0,2,2,1,1130,30,11,2013,7,20,13,0,16,6,SW 20TH AVE,,0,29.63990833,-82.39842778,0,33,0,0,1,1,0,4,3,1,0,1,0,0000000,99,99,99,99,88,88,0,0,0,1,1
12,121975,2,1,1,0,0,1,1,129,0,30,11,2013,7,7,35,0,6,6,LONNIE RAKER LN,,0,30.22697222,-84.35404444,0,38,0,0,1,1,0,5,1,1,0,1,0,0000000,99,99,99,99,88,88,14,0,0,1,1
12,121976,1,1,0,0,0,2,2,127,0,30,11,2013,7,21,55,0,6,6,REED ELLIS RD,,0,28.84452778,-81.1991,0,42,0,0,1,1,0,4,2,1,0,1,0,0000000,99,99,99,99,88,88,0,0,0,2,1
12,121977,2,2,0,0,0,3,3,21,1926,30,11,2013,7,13,34,0,16,6,TAHITI RD,BAYPORT AVE,0,25.94163611,-81.71604167,0,12,6,0,2,2,0,1,1,10,0,10,0,0000000,99,99,99,99,99,99,0,0,0,1,0
12,121978,3,2,1,0,0,3,3,86,0,2,12,2013,2,11,20,0,16,6,SW 115TH AVE,SW186TH ST,0,25.59543056,-80.37882778,0,12,6,0,2,2,0,1,1,1,0,1,0,0000000,99,99,99,99,88,88,0,0,0,1,0
12,121979,1,1,0,0,0,1,1,95,0,2,12,2013,2,14,30,0,16,6,BEGGS RD,,0,28.62603611,-81.45648333,0,39,0,0,1,1,0,5,1,1,0,1,0,0000000,99,99,99,99,99,99,0,0,0,1,1
12,121980,2,2,0,1,1,2,2,95,0,2,12,2013,2,16,42,0,6,6,PERSHING AVE,WILDHORSE RD,0,28.49903611,-81.30310833,0,12,6,0,2,2,0,1,1,1,0,1,0,0000000,99,99,99,99,99,99,0,0,0,1,0
12,121981,2,2,0,0,0,3,3,1,10,2,12,2013,2,9,58,1,13,2,US-441,CR-237,99998,29.76833056,-82.42118056,0,12,6,0,3,2,0,1,1,1,0,1,0,0000000,99,99,99,99,88,88,0,0,0,1,0
12,121982,2,2,0,0,0,3,3,86,0,2,12,2013,2,21,10,1,13,2,US-1,SW 280TH ST,99998,25.50664722,-80.43922222,0,12,6,1,2,2,0,1,3,10,0,10,0,0000000,99,99,99,99,99,99,0,0,0,1,0
12,121983,2,2,0,0,0,2,2,5,0,3,12,2013,3,10,14,1,13,3,SR-79,,99998,30.36882778,-85.86085278,0,12,98,0,1,1,0,1,1,2,0,2,0,0000000,99,99,99,99,99,99,0,0,0,1,0
12,121984,1,1,0,1,1,1,1,9,0,4,12,2013,4,2,30,0,6,6,GRISSOM PKWY,,0,28.44674722,-80.791575,0,8,0,0,1,1,0,1,2,1,0,1,0,0000000,99,99,99,99,88,88,0,0,0,1,0
12,121985,1,1,0,1,1,1,1,73,0,4,12,2013,4,21,22,1,13,2,US-90,,99998,30.46447222,-84.21603056,0,8,0,0,1,1,0,1,3,10,0,10,0,0000000,99,99,99,99,99,99,0,0,0,1,0
12,121986,1,1,0,1,1,4,4,57,0,5,12,2013,5,22,7,0,2,3,SR-618,BRANDON TOWN CENTER BLVD,99998,27.92701944,-82.32669444,0,9,0,0,2,2,0,1,3,1,0,1,0,0000000,22,7,22,19,88,88,0,0,0,1,0
12,121987,1,1,0,1,1,1,1,53,0,5,12,2013,5,21,20,1,13,2,US-19,APPLEGATE DR,99998,28.45495556,-82.62936944,0,8,0,1,2,2,0,1,3,1,0,1,0,0000000,99,99,99,99,88,88,0,0,0,1,0
12,121988,1,1,0,0,0,2,2,99,0,6,12,2013,6,9,10,1,11,3,SR-704 RAMP,,99998,26.70529167,-80.07688056,0,25,0,1,5,1,0,4,1,1,0,1,0,0000000,99,99,99,99,88,88,0,0,0,2,0
12,121990,1,1,0,1,1,3,3,95,2360,6,12,2013,6,19,16,0,13,3,SR-441,,99998,28.58525,-81.41015556,0,8,0,0,1,1,0,1,2,1,0,1,0,0000000,99,99,99,99,99,99,0,0,0,1,0
12,121991,3,3,0,0,0,7,7,23,0,6,12,2013,6,13,0,1,13,2,US-441,,99998,30.03233333,-82.59766667,0,12,1,0,1,1,0,1,1,1,0,1,0,0000000,99,99,99,99,99,99,0,0,0,2,1
12,121992,2,2,0,0,0,2,2,95,70,7,12,2013,7,13,23,1,13,2,US-441,HIGHLAND AVE,99998,28.67310833,-81.50533611,0,12,6,0,2,2,0,1,1,1,0,1,0,0000000,99,99,99,99,99,99,0,0,0,1,0
12,121993,1,1,0,0,0,2,2,95,2360,7,12,2013,7,0,58,1,1,1,I-4 RAMP,,99998,28.47436944,-81.44648889,0,1,0,1,5,1,0,5,3,1,0,1,0,0000000,99,99,99,99,88,88,0,0,0,1,1
12,121994,3,3,0,0,0,5,5,67,0,7,12,2013,7,2,15,1,13,2,US-27,,99998,29.95759722,-82.9646,0,12,1,0,1,1,0,1,2,5,0,5,0,0000000,99,99,99,99,99,99,0,0,0,1,1
12,121995,1,1,0,0,0,1,1,63,0,8,12,2013,1,7,10,0,6,6,NUBBIN RIDGE RD,,0,30.88168611,-85.08520556,0,42,0,0,1,1,0,4,1,5,0,5,0,0000000,99,99,99,99,88,88,0,0,0,1,0
12,121996,1,1,0,1,1,1,1,57,0,9,12,2013,2,19,7,0,6,4,CR-589,STONE RUN CT,0,28.024,-82.58319167,0,9,0,0,3,3,0,1,3,1,0,1,0,0000000,99,99,99,99,99,99,16,0,0,1,0
12,121997,1,1,0,0,0,1,1,109,0,10,12,2013,3,15,48,1,1,1,I-95,,99998,29.81627222,-81.37484444,0,42,0,0,1,1,0,5,1,2,0,2,0,0000000,15,54,15,56,99,99,0,0,0,1,0
12,121999,1,1,0,0,0,1,1,111,2601,9,12,2013,2,22,24,0,16,6,SE AIROSO BLVD,,0,27.27988056,-80.34193889,0,33,0,0,1,1,0,4,3,1,0,1,0,0000000,99,99,99,99,88,88,0,0,0,1,1
12,122000,1,1,0,0,0,1,1,31,1510,11,12,2013,4,23,49,0,16,6,CEDAR POINT RD,,0,30.4635,-81.5589,0,30,0,0,1,1,0,4,3,1,0,1,0,0000000,99,99,99,99,99,99,0,0,0,1,0
12,122001,2,2,0,0,0,2,2,69,1630,11,12,2013,4,17,44,1,13,2,US-27,,99998,28.90067222,-81.91223611,0,12,1,0,1,1,0,1,2,1,0,1,0,0000000,99,99,99,99,99,99,0,0,0,1,1
12,122002,2,2,0,0,0,3,3,57,0,11,12,2013,4,19,29,0,6,4,CR-582A,42ND ST,0,28.06908056,-82.41385556,0,12,6,0,2,3,0,1,3,1,0,1,0,0000000,99,99,99,99,99,99,0,0,0,1,0
12,122003,2,2,0,0,0,2,2,63,0,13,12,2013,6,17,50,0,6,4,CR-69A,,0,30.69585278,-85.01145,0,12,1,0,1,1,0,1,2,1,0,1,0,0000000,99,99,99,99,88,88,0,0,0,1,0
12,122004,2,2,0,0,0,5,5,1,0,14,12,2013,7,20,10,1,2,3,SR-26,,99998,29.66728611,-82.42573056,0,1,0,0,1,1,0,3,3,2,0,2,0,0000000,99,99,99,99,99,99,0,0,0,5,0
12,122005,1,1,0,0,0,1,1,31,1510,15,12,2013,1,11,23,1,11,1,I-95,,99998,30.48164167,-81.64399722,0,24,0,0,1,1,0,3,1,10,0,10,0,0000000,99,99,99,99,88,88,0,0,0,1,0
12,122007,1,1,0,0,0,1,1,131,0,16,12,2013,2,10,18,1,13,2,US-331,,99998,30.38781944,-86.17453889,0,34,0,0,1,1,4,5,1,1,0,1,0,0000000,99,99,99,99,99,99,0,0,0,1,0
12,122008,1,1,0,1,1,1,1,31,1510,17,12,2013,3,16,40,0,16,6,OLD ROOSEVELT BLVD,MC DUFF AVE,0,30.3125,-81.7054,0,8,0,0,3,2,0,1,1,1,0,1,0,0000000,99,99,99,99,99,99,0,0,0,1,0
12,122009,1,1,0,1,1,1,1,99,1190,24,2,2013,1,18,53,0,16,6,LAKE WORTH RD,,0,26.61921667,-80.13775278,0,8,0,0,1,1,0,1,3,1,0,1,0,0000000,99,99,99,99,88,88,0,0,0,1,0
12,122010,2,2,0,0,0,2,2,103,2730,25,8,2013,1,17,2,0,16,6,TYRONE BLVD,,0,27.78060833,-82.71435,0,33,0,0,1,1,0,3,1,10,0,10,0,0000000,99,99,99,99,99,99,14,0,0,1,1
12,122011,1,1,0,0,0,1,1,57,2950,24,9,2013,3,23,0,0,13,3,SR-60,,99998,27.95576667,-82.43140278,0,18,0,0,1,1,0,5,2,2,0,2,0,0000000,99,99,99,99,88,88,0,0,0,1,1
12,122012,1,1,0,1,1,1,1,86,2010,28,9,2013,7,6,17,0,16,6,NW 12TH AVE,,0,25.78600556,-80.21515833,0,33,0,0,8,1,0,4,3,1,0,1,0,0000000,99,99,99,99,88,88,0,0,0,1,0
12,122013,1,1,0,1,1,3,3,11,1927,5,10,2013,7,20,17,1,13,3,SR-7,COCONUT CREEK PKWY,99998,26.24441667,-80.20115833,0,8,0,0,2,3,0,1,3,1,0,1,0,0000000,99,99,99,99,99,99,0,0,0,1,0
12,122014,1,1,0,1,1,1,1,11,3250,15,10,2013,3,21,55,0,16,6,NE 6TH AVE,NE 26TH ST,0,26.16070833,-80.13821667,0,9,0,0,1,1,0,1,2,1,0,1,0,0000000,99,99,99,99,99,99,0,0,0,1,0
12,122015,2,2,0,0,0,2,2,101,0,17,10,2013,5,18,58,0,2,3,SR-54,VIRGINIA CITY DR,99998,28.45086944,-82.45091667,0,12,6,1,2,3,0,1,5,1,0,1,0,0000000,99,99,99,99,99,99,0,0,0,1,0
12,122016,1,1,0,1,1,5,5,11,1050,20,10,2013,1,12,0,1,13,3,SR-838,SR-845,99998,26.1366,-80.15399444,0,8,0,0,3,2,0,1,1,1,0,1,0,0000000,99,99,99,99,99,99,0,0,0,1,0
12,122018,1,1,0,1,1,2,2,86,2010,28,10,2013,2,18,59,0,16,6,NW 12TH AVE,,0,25.83082222,-80.21655278,0,8,0,0,1,1,0,1,3,1,0,1,0,0000000,99,99,99,99,99,99,0,0,0,1,1
12,122020,1,1,0,0,0,1,1,31,1510,30,10,2013,4,9,12,1,13,3,SR-105,,99998,30.406575,-81.64578333,0,26,0,0,6,1,0,1,1,10,0,10,0,620854D,99,99,99,99,99,99,0,0,0,1,0
12,122021,1,1,0,0,0,1,1,31,0,31,10,2013,5,22,39,1,1,1,I-295,,99998,30.29715,-81.52209722,0,24,0,0,1,1,0,4,3,1,0,1,0,0000000,99,99,99,99,88,88,0,0,0,1,1
12,122023,1,1,0,2,2,1,1,85,2900,12,11,2013,3,19,38,1,13,2,US-1,JOAN JEFFERSON WAY,99998,27.19916389,-80.25707222,0,8,0,1,2,2,0,1,3,1,0,1,0,0000000,99,99,99,99,99,99,0,0,0,1,1
12,122024,1,1,0,0,0,1,1,69,0,15,11,2013,6,2,15,0,16,6,CHERRY LAKE RD,,0,28.58758611,-81.84061389,0,1,0,0,1,1,0,4,2,1,0,1,0,0000000,99,99,99,99,88,88,0,0,0,1,1
12,122025,1,1,0,1,1,2,2,119,0,17,11,2013,1,22,32,1,1,1,I-75,,99998,28.90390556,-82.10612222,0,8,0,0,1,1,0,1,2,1,0,1,0,0000000,99,99,99,99,88,88,23,0,0,1,0
12,122026,5,5,0,0,0,7,7,119,0,22,11,2013,6,18,27,0,2,3,SR-44,CR-231,99998,28.87747222,-82.1077,0,12,1,1,2,3,0,1,2,1,0,1,0,0000000,99,99,99,99,88,88,0,0,0,1,0
12,122027,2,2,0,2,2,3,3,11,771,27,11,2013,4,0,30,1,13,3,SR-862,,99998,26.09726944,-80.24403889,0,8,0,0,1,1,4,1,2,2,0,2,0,0000000,99,99,99,99,99,99,23,0,0,1,1
12,122028,2,2,0,0,0,3,3,105,0,30,11,2013,7,14,50,0,6,4,CR-37B,GROVEGLEN E,0,27.95561667,-81.92370556,0,12,6,0,2,2,0,1,1,1,0,1,0,0000000,99,99,99,99,88,88,0,0,0,2,0
12,122029,1,1,0,1,1,1,1,86,2010,5,12,2013,5,19,7,0,16,6,SW 12TH AVE,,0,25.77401944,-80.21468889,0,8,0,0,1,1,0,1,3,1,0,1,0,0000000,99,99,99,99,99,99,0,0,0,1,0
12,122030,1,1,0,2,2,1,1,95,0,6,12,2013,6,3,25,0,2,3,SR-50,,99998,28.56912222,-81.24416667,0,9,0,0,1,1,0,1,3,1,0,1,0,0000000,3,25,3,33,99,99,0,0,0,1,0
12,122031,1,1,0,0,0,1,1,103,570,21,7,2013,1,23,48,0,16,6,N BELCHER RD,,0,27.96591389,-82.74618333,0,30,0,0,1,1,0,4,3,1,0,1,0,0000000,99,99,99,99,99,99,0,0,0,1,1
12,122032,2,2,0,0,0,3,3,101,0,6,12,2013,6,18,45,0,2,3,SR-54,OAK GROVE BLVD,99998,28.18542778,-82.4133,0,12,6,0,2,3,0,1,2,1,0,1,0,0000000,99,99,99,99,99,99,0,0,0,1,0
12,122033,2,2,0,0,0,4,4,87,0,6,12,2013,6,19,35,1,13,2,US-1,ROCKLAND DR,99998,24.58985278,-81.67340833,0,12,6,0,2,3,0,1,2,1,0,1,0,0000000,99,99,99,99,99,99,0,0,0,1,0
12,122034,1,1,0,1,1,1,1,53,0,6,12,2013,6,7,50,0,6,6,OSOWAW BLVD,US-19,0,28.45905278,-82.62678333,0,9,0,0,2,2,0,1,1,1,0,1,0,0000000,99,99,99,99,99,99,0,0,0,1,0
12,122035,1,1,0,0,0,1,1,103,0,6,12,2013,6,22,36,0,16,6,ALT-19,,0,27.86563611,-82.78688056,0,1,0,0,1,1,0,1,2,1,0,1,0,0000000,99,99,99,99,99,99,0,0,0,1,0
12,122036,1,1,0,0,0,2,2,1,1130,10,12,2013,3,1,16,0,16,6,SW 24TH AVE,SW 38TH TERR,0,29.63037778,-82.38095278,0,33,0,0,3,6,0,3,3,10,0,10,0,0000000,99,99,99,99,88,88,0,0,0,2,1
12,122037,2,2,0,0,0,2,2,105,1690,11,12,2013,4,10,28,0,13,3,SR-33,GRANADA ST,99998,28.07699722,-81.95326667,0,12,6,0,2,2,0,1,1,1,0,1,0,0000000,99,99,99,99,99,99,0,0,0,1,0
12,122038,1,1,0,1,1,1,1,33,0,11,12,2013,4,14,5,1,13,2,US-90,,99998,30.43799167,-87.27843889,0,8,0,0,1,1,0,1,1,1,0,1,0,0000000,99,99,99,99,99,99,0,0,0,1,0
12,122039,2,2,0,0,0,2,2,95,0,12,12,2013,5,2,58,0,2,3,SR-528,,99998,28.45266944,-80.98935833,0,12,1,0,1,1,0,1,2,5,0,5,0,0000000,99,99,99,99,99,99,0,0,0,1,1
12,122040,2,2,0,1,1,2,2,9,0,12,12,2013,5,20,10,0,6,4,CR-501,,0,28.38020556,-80.75505278,0,8,0,0,1,1,0,1,2,1,0,1,0,0000000,99,99,99,99,88,88,0,0,0,1,0
12,122041,2,2,0,0,0,3,3,31,1510,12,12,2013,5,22,55,1,13,3,SR-134,,99998,30.24714444,-81.84023889,0,12,1,0,8,1,0,1,2,1,0,1,0,0000000,99,99,99,99,99,99,0,0,0,1,0
12,122042,1,1,0,0,0,2,2,86,0,13,12,2013,6,1,35,1,13,3,SR-836,,99998,25.78513889,-80.26398889,0,24,0,0,1,1,0,4,3,1,0,1,0,0000000,99,99,99,99,99,99,0,0,0,2,0
12,122043,2,2,0,0,0,3,3,117,2390,13,12,2013,6,21,40,0,16,6,MITCHELL HAMMOCK RD,CLARA LEE EVANS WAY,0,28.65574444,-81.204075,0,12,6,0,2,3,4,1,2,1,0,1,0,0000000,99,99,99,99,99,99,0,0,0,2,0
12,122045,1,1,0,0,0,1,1,97,0,14,12,2013,7,2,0,0,6,6,EMERALD DR,FLORANCE DR,0,28.26749444,-81.33835278,0,1,0,0,2,3,0,1,2,1,0,1,0,0000000,3,44,3,47,88,88,0,0,0,1,1
12,122046,2,2,0,0,0,2,2,87,1505,14,12,2013,7,16,29,1,13,2,US-1,,99998,24.93554167,-80.61502778,0,12,2,0,1,1,0,1,1,1,0,1,0,0000000,99,99,99,99,99,99,0,0,0,1,1