STATE,ST_CASE,VE_TOTAL,VE_FORMS,PVH_INVL,PEDS,PERNOTMVIT,PERMVIT,PERSONS,COUNTY,CITY,DAY,MONTH,YEAR,DAY_WEEK,HOUR,MINUTE,NHS,ROAD_FNC,ROUTE,TWAY_ID,TWAY_ID2,MILEPT,LATITUDE,LONGITUD,SP_JUR,HARM_EV,MAN_COLL,RELJCT1,RELJCT2,TYP_INT,WRK_ZONE,REL_ROAD,LGT_COND,WEATHER1,WEATHER2,WEATHER,SCH_BUS,RAIL,NOT_HOUR,NOT_MIN,ARR_HOUR,ARR_MIN,HOSP_HR,HOSP_MN,CF1,CF2,CF3,FATALS,DRUNK_DR
12,122047,1,1,0,1,1,1,1,71,1070,14,12,2013,7,19,10,0,16,6,COLONIAL BLVD,,0,26.59677778,-81.86988611,0,8,0,1,5,1,0,1,3,1,0,1,0,0000000,99,99,99,99,99,99,0,0,0,1,0
12,122048,3,3,0,0,0,5,5,57,0,15,12,2013,1,19,11,1,1,1,I-75,,99998,27.85551389,-82.34651944,0,12,7,1,18,1,0,1,2,10,0,10,0,0000000,99,99,99,99,99,99,0,0,0,1,1
12,122049,1,1,0,2,2,1,1,87,1568,15,12,2013,1,10,19,1,13,2,US-1,LAGUNA AVE,99998,25.08858889,-80.44751111,0,9,0,0,2,3,0,1,1,1,0,1,0,0000000,99,99,99,99,99,99,0,0,0,1,0
12,122050,2,2,0,0,0,3,3,131,0,15,12,2013,1,3,0,1,1,1,I-10,,99998,30.70026111,-85.968,0,12,1,0,1,1,0,1,2,10,0,10,0,0000000,99,99,99,99,99,99,0,0,0,1,0
12,122051,1,1,0,0,0,1,1,95,70,16,12,2013,2,23,17,0,16,6,VOTAW RD,,0,28.68389167,-81.49686944,0,33,0,0,1,1,0,4,3,1,0,1,0,0000000,99,99,99,99,99,99,0,0,0,1,1
12,122052,2,2,0,0,0,4,4,57,0,17,12,2013,3,13,0,0,6,6,SYMMES RD,,0,27.83522222,-82.34224722,0,12,2,0,1,1,0,1,1,1,0,1,0,0000000,99,99,99,99,99,99,0,0,0,1,0
12,122053,3,3,0,0,0,5,5,86,2441,18,12,2013,4,14,45,0,16,6,SW OLD CUTLER RD,,0,25.61923333,-80.31063056,0,12,1,0,1,1,0,1,1,1,0,1,0,0000000,99,99,99,99,88,88,0,0,0,1,0
12,122054,1,1,0,0,0,1,1,11,1420,18,12,2013,4,22,3,1,13,3,SR-91 RAMP,,99998,26.00555,-80.21288056,0,1,0,1,20,1,0,1,2,1,0,1,0,0000000,99,99,99,99,99,99,0,0,0,1,0
12,122056,1,1,0,0,0,1,1,57,0,19,12,2013,5,3,0,1,1,1,I-275,,99998,28.05463889,-82.45471944,0,24,0,0,1,1,0,4,3,1,0,1,0,0000000,99,99,99,99,88,88,0,0,0,1,1
12,122057,1,1,0,1,1,1,1,9,1990,19,12,2013,5,10,20,0,16,6,EVANS RD,W NEW HAVEN AVE,0,28.07885,-80.65355833,0,9,0,0,2,2,0,1,1,1,0,1,0,0000000,99,99,99,99,99,99,0,0,0,1,0
12,122058,2,2,0,0,0,2,2,57,0,19,12,2013,5,16,33,1,2,3,SR-676,54TH ST,99998,27.922825,-82.39339444,0,12,9,0,3,3,0,1,1,1,0,1,0,0000000,99,99,99,99,99,99,0,0,0,1,0
12,122059,3,1,2,0,0,2,2,57,2950,20,12,2013,6,4,16,1,11,2,US-92,,0,27.89417222,-82.50811944,0,24,0,1,5,1,0,4,3,1,0,1,0,0000000,99,99,99,99,99,99,14,0,0,2,1
12,122060,1,1,0,0,0,1,1,99,0,20,12,2013,6,16,40,0,6,4,CR-880,,0,26.67819722,-80.52566389,0,1,0,0,1,1,0,4,1,1,0,1,0,0000000,99,99,99,99,88,88,0,0,0,1,0
12,122061,3,3,0,0,0,4,4,101,0,20,12,2013,6,15,32,1,2,3,SR-54,WESLEY CHAPEL LOOP,99998,28.23336111,-82.30061389,0,12,2,0,3,3,0,1,1,1,0,1,0,0000000,99,99,99,99,99,99,0,0,0,1,0
12,122062,3,3,0,0,0,4,4,57,0,21,12,2013,7,0,24,1,13,2,US-41,PEMBROKE RD,99998,27.80588056,-82.38433333,0,12,6,0,2,3,0,1,2,1,0,1,0,0000000,99,99,99,99,88,88,0,0,0,1,1
12,122063,2,2,0,0,0,3,3,9,0,21,12,2013,7,18,12,1,13,2,US-1,BAREFOOT BLVD,99998,27.88423611,-80.503425,0,12,2,0,2,3,0,1,3,1,0,1,0,0000000,99,99,99,99,99,99,0,0,0,1,0
12,122064,1,1,0,0,0,1,1,33,0,21,12,2013,7,20,31,1,13,2,US-29,,99998,30.86818889,-87.32315,0,32,0,0,1,1,0,4,2,2,0,2,0,0000000,99,99,99,99,88,88,0,0,0,1,1
12,122065,1,1,0,1,1,1,1,71,1070,21,12,2013,7,18,23,1,13,3,SR-82,,99998,26.64087778,-81.85828611,0,8,0,0,1,1,0,1,3,1,0,1,0,0000000,99,99,99,99,99,99,0,0,0,1,0
12,122066,4,4,0,0,0,6,6,115,0,21,12,2013,7,17,13,1,13,3,SR-780,SR-93,99998,27.33855,-82.44505556,0,12,1,1,3,2,0,1,5,10,0,10,0,0000000,99,99,99,99,99,99,0,0,0,1,0
12,122067,1,1,0,1,1,3,3,86,0,22,12,2013,1,18,50,0,2,3,SR-5,,99998,25.57148611,-80.37666944,0,8,0,0,1,1,0,1,5,1,0,1,0,0000000,99,99,99,99,99,99,0,0,0,1,0
12,122068,2,2,0,0,0,2,2,83,0,23,12,2013,2,15,15,0,6,4,CR-464,EMERALD RD,0,29.08141111,-81.98763889,0,12,2,1,2,2,0,1,1,1,0,1,0,0000000,99,99,99,99,99,99,0,0,0,1,0
12,122069,2,2,0,0,0,3,3,57,0,23,12,2013,2,2,39,1,11,1,I-4,SR-574,99998,27.93668333,-82.35275833,0,12,6,1,2,2,0,1,3,1,0,1,0,0000000,2,41,2,48,99,99,0,0,0,1,1
12,122070,2,2,0,0,0,3,3,111,2601,23,12,2013,2,6,23,0,16,6,SE GREEN RIVER PKWY,SE CHARLESTON DR,0,27.27323889,-80.25603056,0,12,6,0,2,3,0,1,4,1,0,1,0,0000000,99,99,99,99,88,88,0,0,0,1,0
12,122071,2,2,0,0,0,2,2,41,0,24,12,2013,3,18,12,1,2,3,SR-26,CR-341,99998,29.61213056,-82.90676944,0,12,6,0,2,3,0,1,2,1,0,1,0,0000000,99,99,99,99,88,88,0,0,0,1,0
12,122072,1,1,0,1,1,1,1,71,0,24,12,2013,3,23,59,1,13,3,SR-867,,99998,26.58493056,-81.89526944,0,8,0,0,1,1,0,1,2,10,0,10,0,0000000,99,99,99,99,88,88,0,0,0,1,0
12,122073,1,1,0,0,0,2,2,11,672,25,12,2013,4,17,25,0,16,6,LAKEVIEW DR,,0,26.2463,-80.28495,0,42,0,0,1,1,0,4,3,10,0,10,0,0000000,99,99,99,99,88,88,0,0,0,2,1
12,122074,1,1,0,3,3,3,3,11,2916,25,12,2013,4,19,4,0,16,6,N PINE ISLAND RD,,0,26.15268611,-80.26802222,0,8,0,0,1,1,0,1,3,1,0,1,0,0000000,19,4,99,99,99,99,0,0,0,1,0
12,122075,1,1,0,0,0,1,1,57,0,29,12,2013,1,19,7,0,6,6,NORTH ST,11TH ST,0,27.71591944,-82.31315833,0,42,0,0,3,3,0,4,3,10,0,10,0,0000000,99,99,99,99,99,99,0,0,0,1,1
12,122076,1,1,0,0,0,1,1,113,0,29,12,2013,1,20,53,1,13,3,SR-87,,99998,30.997025,-87.03672222,0,32,0,0,1,1,0,4,2,1,0,1,0,0000000,99,99,99,99,88,88,0,0,0,1,1
12,122077,1,1,0,1,1,1,1,31,1510,30,12,2013,2,21,7,0,16,6,KENSINGTON GARDENS BLVD,,0,30.31588333,-81.4801,0,8,0,0,1,1,0,1,3,1,0,1,0,0000000,99,99,99,99,99,99,0,0,0,1,0
12,122078,2,2,0,0,0,2,2,69,1630,16,9,2013,2,14,23,1,13,2,US-27,,99998,28.91412778,-81.92076944,0,12,1,0,1,1,0,1,1,1,0,1,0,0000000,99,99,99,99,99,99,0,0,0,1,0
12,122079,1,1,0,1,1,1,1,99,2660,6,7,2013,7,9,3,0,16,6,E 13TH ST,,0,26.77385556,-80.05357222,0,8,0,0,1,1,0,1,1,1,0,1,0,0000000,99,99,99,99,99,99,0,0,0,1,0
12,122080,1,1,0,1,1,2,2,99,0,8,11,2013,6,19,20,1,13,3,SR-80,,99998,26.67939167,-80.16476389,0,8,0,0,1,1,0,1,3,2,0,2,0,0000000,99,99,99,99,88,88,0,0,0,1,0
12,122081,1,1,0,0,0,1,1,99,0,9,11,2013,7,1,5,0,6,6,SERAFICA DR,ROBERTS LN,0,26.60648889,-80.09556667,0,24,0,0,3,10,0,4,3,10,0,10,0,0000000,99,99,99,99,99,99,0,0,0,1,0
12,122083,1,1,0,0,0,1,1,9,0,1,12,2013,1,1,30,1,1,1,I-95 RAMP,,99998,28.29403889,-80.74490556,0,24,0,1,5,1,0,4,2,1,0,1,0,0000000,99,99,99,99,99,99,0,0,0,1,0
12,122084,3,3,0,0,0,5,5,99,0,5,12,2013,5,8,50,0,6,6,ELLISON WILSON RD,,0,26.84852222,-80.06425,0,12,2,0,1,1,0,1,1,10,0,10,0,0000000,99,99,99,99,99,99,0,0,0,1,0
12,122085,2,2,0,0,0,3,3,83,0,7,12,2013,7,15,10,0,6,4,CR-25,SUNSET HARBOR RD,0,28.98895833,-81.91905556,0,12,6,1,2,2,0,1,1,1,0,1,0,0000000,99,99,99,99,99,99,0,0,0,1,0
12,122086,4,4,0,0,0,6,6,31,1510,13,12,2013,6,11,27,1,1,1,I-295,,99998,30.18068056,-81.62656111,0,12,7,0,1,1,0,1,1,1,0,1,0,0000000,99,99,99,99,99,99,14,0,0,1,0
12,122087,1,1,0,1,1,1,1,69,2970,14,12,2013,7,6,48,1,13,3,SR-19,DEAD ROVER RD,99998,28.79877222,-81.73970278,0,9,0,0,2,2,0,1,3,1,0,1,0,0000000,99,99,99,99,99,99,0,0,0,1,0
12,122088,3,3,0,0,0,8,8,101,0,16,12,2013,2,10,50,0,2,3,SR-54,DUCK SLOUGH BLVD,99998,28.19321111,-82.63498889,0,12,1,0,3,2,0,1,1,1,0,1,0,0000000,99,99,99,99,99,99,0,0,0,1,0
12,122089,1,1,0,1,1,1,1,107,0,19,12,2013,5,18,10,0,6,4,CR-309,,0,29.41108889,-81.64339722,0,9,0,0,1,1,0,1,2,1,0,1,0,0000000,99,99,99,99,88,88,0,0,0,1,0
12,122090,2,2,0,0,0,2,2,11,2916,20,12,2013,6,13,5,0,16,6,FLAMINGO RD,NW 136TH AVE,0,26.16059167,-80.31442778,0,1,0,0,3,2,0,1,1,1,0,1,0,0000000,99,99,99,99,99,99,0,0,0,1,0
12,122092,1,1,0,1,1,1,1,9,1990,26,12,2013,5,21,10,0,16,6,HARBOR CITY BLVD,,0,28.07660556,-80.60206389,0,8,0,0,1,1,0,1,3,10,0,10,0,0000000,99,99,99,99,99,99,0,0,0,1,0
12,122094,1,1,0,0,0,1,1,99,3190,27,12,2013,6,16,0,1,11,1,I-95,,99998,26.73995833,-80.090375,0,42,0,0,1,1,0,4,1,1,0,1,0,0000000,99,99,99,99,88,88,0,0,0,1,0
12,122096,1,1,0,0,0,3,3,57,0,28,12,2013,7,18,46,1,1,1,I-75,,99998,28.05387222,-82.35335,0,24,0,0,1,1,0,3,5,1,0,1,0,0000000,99,99,99,99,99,99,0,0,0,1,0
12,122097,1,1,0,0,0,2,2,127,0,28,12,2013,7,22,13,1,1,1,I-95,,99998,29.06149722,-81.00862778,0,1,0,0,1,1,0,4,2,1,0,1,0,0000000,99,99,99,99,88,88,0,0,0,2,1
12,122098,2,2,0,0,0,5,5,117,0,29,12,2013,1,10,0,0,2,3,SR-434,,99998,28.69024722,-81.22042222,0,12,2,0,1,1,4,1,1,10,0,10,0,0000000,99,99,99,99,99,99,0,0,0,2,0
12,122099,1,1,0,1,1,1,1,95,2360,29,12,2013,1,19,24,0,13,3,SR-435,PINE SHADOWS PKWY,99998,28.49869722,-81.45879722,0,9,0,0,1,1,0,1,6,2,0,2,0,0000000,99,99,99,99,99,99,0,0,0,1,0
12,122100,1,1,0,0,0,1,1,31,1510,31,12,2013,3,21,53,0,16,6,ACREE RD,,0,30.4588,-81.8303,0,19,0,0,1,1,0,4,3,1,0,1,0,0000000,99,99,99,99,99,99,0,0,0,1,0
12,122101,2,2,0,0,0,2,2,103,2730,18,10,2013,6,20,2,0,16,6,4TH ST N,41ST AVE N,0,27.80944444,-82.63851944,0,12,6,0,2,2,0,1,3,1,0,1,0,0000000,99,99,99,99,88,88,0,0,0,1,0
12,122103,1,1,0,0,0,5,5,95,0,13,11,2013,4,1,55,0,6,6,WORCHESTER DR,GAINESBOROUGH DR,0,28.60789444,-81.18135556,0,30,0,1,8,1,0,4,3,1,0,1,0,0000000,99,99,99,99,99,99,0,0,0,1,1
12,122104,1,1,0,1,1,1,1,103,860,25,11,2013,2,8,50,0,16,6,BAYSHORE BLVD,,0,28.05346667,-82.78020833,0,8,0,0,1,1,0,1,1,10,0,10,0,0000000,99,99,99,99,99,99,0,0,0,1,0
12,122105,1,1,0,0,0,1,1,71,457,2,12,2013,2,10,50,0,6,4,CR-867A,,0,26.61283889,-81.94103333,0,33,0,0,1,1,0,4,1,10,0,10,0,0000000,99,99,99,99,99,99,0,0,0,1,0
12,122106,1,1,0,1,1,1,1,9,620,2,12,2013,2,11,5,0,16,6,FORREST AVE,,0,28.36847778,-80.73514444,0,9,0,0,1,1,0,1,1,10,0,10,0,0000000,99,99,99,99,99,99,0,0,0,1,0
12,122107,1,1,0,0,0,1,1,19,0,8,12,2013,1,21,7,1,13,2,US-17,,99998,30.10281944,-81.70571111,0,34,0,0,1,1,0,4,2,5,0,5,0,0000000,99,99,99,99,88,88,0,0,0,1,1
12,122108,2,2,0,0,0,3,3,57,0,11,12,2013,4,17,27,1,13,2,US-301,ELM FAIR BLVD,99998,27.99026111,-82.35858056,0,12,6,0,2,2,0,1,1,1,0,1,0,0000000,99,99,99,99,99,99,0,0,0,1,0
12,122109,1,1,0,0,0,1,1,86,1345,17,12,2013,3,4,36,0,16,6,NW 79TH AVE,,0,25.85566667,-80.324975,0,21,0,0,1,1,0,4,3,1,0,1,0,0000000,99,99,99,99,88,88,0,0,0,1,0
12,122110,2,2,0,0,0,4,4,86,0,18,12,2013,4,20,40,1,13,2,US-27,,99998,25.92011944,-80.41165278,0,12,6,0,1,1,0,1,3,1,0,1,0,0000000,99,99,99,99,99,99,0,0,0,4,0
12,122111,7,7,0,0,0,9,9,89,0,18,12,2013,4,11,12,1,13,2,US-301,,99998,30.43528889,-81.9216,0,12,1,0,1,1,4,1,1,1,0,1,0,0000000,99,99,99,99,99,99,3,0,0,1,0
12,122112,2,2,0,0,0,2,2,57,0,19,12,2013,5,15,55,1,13,2,US-92,,99998,28.01995,-82.16570556,0,12,2,0,1,1,0,1,1,1,0,1,0,0000000,99,99,99,99,99,99,0,0,0,1,0
12,122113,1,1,0,0,0,2,2,31,1510,19,12,2013,5,0,45,1,1,1,I-295,,99998,30.17354722,-81.52302778,0,42,0,0,1,1,0,5,3,1,0,1,0,0000000,99,99,99,99,99,99,0,0,0,1,1
12,122114,1,1,0,1,1,1,1,107,0,19,12,2013,5,18,0,1,13,2,US-17,,99998,29.58831111,-81.60780278,0,8,0,0,1,1,0,1,2,1,0,1,0,0000000,99,99,99,99,88,88,0,0,0,1,0
12,122115,2,2,0,0,0,2,2,86,0,25,12,2013,4,17,59,1,13,3,SR-9336,,99998,25.44217778,-80.50153056,0,12,2,0,1,1,0,1,1,10,0,10,0,0000000,99,99,99,99,99,99,0,0,0,1,1
12,122116,3,3,0,0,0,5,5,105,0,25,12,2013,4,15,0,1,2,3,SR-33,GRIMES RD,99998,28.17193333,-81.85488333,0,12,2,0,2,2,0,1,1,1,0,1,0,0000000,99,99,99,99,99,99,0,0,0,1,0
12,122117,2,2,0,1,1,3,3,11,2541,26,12,2013,5,11,35,1,13,3,SR-817,,99998,26.23481389,-80.25391667,0,8,0,0,1,1,0,1,1,1,0,1,0,0000000,99,99,99,99,99,99,0,0,0,1,0
12,122118,1,1,0,1,1,1,1,86,2020,28,12,2013,7,5,0,1,13,3,SR-A1A,MICHIGAN AVE,99998,25.77443889,-80.13828333,0,8,0,1,3,2,0,1,3,2,0,2,0,0000000,99,99,99,99,88,88,0,0,0,1,0
12,122119,1,1,0,0,0,1,1,69,0,28,12,2013,7,12,50,0,6,4,CR-44,,0,28.87332222,-81.78025278,0,59,0,0,1,1,0,4,1,10,0,10,0,0000000,12,55,12,59,88,88,0,0,0,1,0
12,122120,1,1,0,0,0,1,1,71,0,29,12,2013,1,99,99,0,6,6,SLALOM COURSE CT,,0,26.43665,-81.61554167,0,42,0,0,1,1,0,4,9,1,0,1,0,0000000,99,99,99,99,88,88,0,0,0,1,0
12,122121,1,1,0,0,0,1,1,53,0,22,10,2013,3,12,46,1,1,1,I-75,,99998,28.44155278,-82.28119167,0,42,0,0,1,1,0,4,1,1,0,1,0,0000000,99,99,99,99,88,88,0,0,0,1,0
12,122122,3,3,0,0,0,4,4,103,2310,6,11,2013,4,14,45,1,13,3,SR-584,ST PETERSBURG DR,99998,28.03645556,-82.656475,0,12,6,1,2,2,0,1,1,1,0,1,0,0000000,99,99,99,99,99,99,0,0,0,1,0
12,122123,1,1,0,0,0,1,1,69,1120,6,12,2013,6,22,15,0,6,4,CR-466A,,0,28.86202778,-81.95107778,0,1,0,0,1,1,0,4,2,1,0,1,0,0000000,99,99,99,99,99,99,0,0,0,1,1
12,122124,2,2,0,0,0,5,5,105,0,15,12,2013,1,9,41,0,2,3,SR-60,,99998,27.8057,-81.28345833,0,12,6,0,1,1,0,1,1,2,0,2,0,0000000,99,99,99,99,99,99,0,0,0,1,0
12,122125,1,1,0,0,0,1,1,83,0,20,12,2013,6,23,25,0,2,3,SR-40,SW 180 AV RD,99998,29.12961111,-82.40981111,0,35,0,0,3,3,0,4,2,1,0,1,0,0000000,99,99,99,99,99,99,0,0,0,1,1
12,122126,1,1,0,1,1,1,1,11,2541,20,12,2013,6,23,25,0,16,6,N UNIVERSITY DR,,0,26.14186389,-80.25683889,0,8,0,0,1,1,0,1,3,1,0,1,0,0000000,99,99,99,99,99,99,0,0,0,1,0
12,122127,1,1,0,1,1,3,3,101,0,21,12,2013,7,21,45,0,16,6,CR-1,BOLTON AVE,0,28.38255833,-82.65808333,0,8,0,0,2,2,0,1,3,1,0,1,0,0000000,99,99,21,52,99,99,0,0,0,1,0
12,122128,2,2,0,0,0,2,2,53,0,21,12,2013,7,10,25,0,6,4,CR-485,,0,28.56673889,-82.42088889,0,12,2,0,1,1,0,1,1,1,0,1,0,0000000,99,99,99,99,88,88,0,0,0,1,0
12,122129,3,3,0,0,0,7,7,105,0,22,12,2013,1,3,15,1,13,2,US-98,,99998,28.17854444,-81.99033889,0,12,9,0,1,1,0,1,2,1,0,1,0,0000000,99,99,99,99,99,99,0,0,0,2,1
12,122130,1,1,0,0,0,1,1,11,1420,24,12,2013,3,17,8,0,16,6,N 46TH AVE,,0,26.02139167,-80.18884722,0,33,0,0,1,1,0,3,5,10,0,10,0,0000000,99,99,99,99,99,99,0,0,0,1,0
12,122131,2,2,0,0,0,3,3,79,0,24,12,2013,3,21,10,0,2,3,SR-53,SW SHADY ACRES LOOP,99998,30.43378889,-83.39053889,0,12,6,0,3,3,0,1,2,1,0,1,0,0000000,99,99,99,99,99,99,0,0,0,1,1
12,122132,1,1,0,0,0,3,3,105,0,26,12,2013,5,2,0,0,6,6,COUNTY CLUB DR,,0,28.03909722,-81.67193056,0,35,0,0,1,1,0,5,2,1,0,1,0,0000000,99,99,99,99,99,99,0,0,0,2,1
12,122134,1,1,0,0,0,1,1,1,1130,30,12,2013,2,1,33,1,13,2,US-441,,99998,29.61782778,-82.33998611,0,42,0,0,1,1,0,3,3,1,0,1,0,0000000,99,99,99,99,88,88,0,0,0,1,1
12,122135,2,2,0,0,0,3,3,83,0,31,12,2013,3,0,15,0,2,3,SR-35,,99998,29.06483056,-82.051,0,12,6,0,1,1,0,1,2,1,0,1,0,0000000,99,99,99,99,99,99,0,0,0,1,1
12,122136,1,1,0,0,0,2,2,127,780,18,10,2013,6,23,18,0,13,3,SR-483,RICHARD PETTY BLVD,99998,29.19246111,-81.05081944,0,1,0,0,2,2,0,1,3,1,0,1,0,0000000,99,99,99,99,99,99,0,0,0,1,0
12,122137,1,1,0,0,0,1,1,1,1130,19,10,2013,7,2,19,0,16,6,NW 31ST AVE,,0,29.68123056,-82.35235833,0,59,0,0,1,1,0,4,3,1,0,1,0,0000000,99,99,99,99,99,99,0,0,0,1,1
12,122138,2,2,0,0,0,3,3,101,0,28,10,2013,2,9,15,1,13,2,US-301,,99998,28.41155278,-82.19181389,0,34,0,0,1,1,4,3,1,1,0,1,0,0000000,99,99,99,99,99,99,0,0,0,1,0
12,122141,1,1,0,1,1,1,1,57,2950,10,12,2013,3,7,40,0,16,6,EAST BUSCH BLVD,NORTH 22ND ST,0,28.03255,-82.43464444,0,15,0,0,3,2,0,1,4,1,0,1,0,0000000,99,99,99,99,99,99,0,0,0,1,0
12,122142,1,1,0,0,0,1,1,57,2950,13,12,2013,6,3,19,0,16,6,EAST SLIGH AVE,,0,28.010675,-82.454775,0,1,0,0,1,1,0,3,3,1,0,1,0,0000000,99,99,99,99,88,88,0,0,0,1,1
12,122143,1,1,0,1,1,4,4,86,125,13,12,2013,6,18,5,0,16,6,WILLIAM LEHMAN HWY,,0,25.96002222,-80.14519722,0,8,0,0,1,1,0,1,3,2,0,2,0,0000000,99,99,99,99,99,99,0,0,0,1,0
12,122144,1,1,0,1,1,1,1,71,457,20,12,2013,6,5,58,0,16,6,SE 24TH AVE,,0,26.64669722,-81.92415833,0,9,0,0,1,1,0,1,2,1,0,1,0,0000000,99,99,99,99,99,99,0,0,0,1,0
12,122145,1,1,0,1,1,1,1,95,0,21,12,2013,7,20,33,0,16,6,BEARD RD,,0,28.54381944,-81.57803889,0,15,0,0,1,1,0,1,2,1,0,1,0,0000000,99,99,99,99,99,99,0,0,0,1,0
12,122146,3,3,0,0,0,4,4,105,1740,21,12,2013,7,10,4,1,13,3,SR-60,,99998,27.80557778,-81.23905278,0,12,8,0,1,1,0,1,1,1,0,1,0,0000000,99,99,99,99,99,99,0,0,0,2,0
12,122147,3,3,0,1,1,6,6,71,0,24,12,2013,3,19,55,1,13,2,US-41,,99998,26.67938889,-81.90078889,0,8,0,0,1,1,0,1,2,1,0,1,0,0000000,99,99,99,99,88,88,0,0,0,1,0
12,122148,2,2,0,0,0,2,2,69,0,27,12,2013,6,18,35,0,6,4,CR-42,,0,28.962,-81.59391111,0,12,2,0,1,1,0,1,2,10,0,10,0,0000000,18,37,18,43,88,88,0,0,0,1,1
12,122149,1,1,0,0,0,1,1,99,1560,28,12,2013,7,16,37,0,16,6,MILITARY TRL,DAKOTA DR,0,26.90523056,-80.10285278,0,1,0,0,2,3,0,1,1,10,0,10,0,0000000,99,99,99,99,99,99,0,0,0,1,0
12,122150,2,2,0,0,0,7,7,107,0,29,12,2013,1,8,55,1,13,2,US-17,CLIFTON RD,99998,29.37973889,-81.50882778,0,12,6,0,2,3,0,1,1,2,0,2,0,0000000,99,99,99,99,99,99,0,0,0,1,0
12,122151,2,2,0,0,0,2,2,69,1820,30,12,2013,2,18,36,1,13,2,US-441,,99998,28.83141389,-81.81365833,0,12,1,0,1,1,0,1,3,10,0,10,0,0000000,99,99,99,99,88,88,0,0,0,1,0
12,122152,1,1,0,0,0,3,3,101,0,30,12,2013,2,3,30,0,6,4,CR-535,,0,28.268,-82.14941667,0,1,0,0,1,1,0,4,2,10,0,10,0,0000000,3,36,3,49,99,99,0,0,0,1,1
12,122154,1,1,0,1,1,1,1,86,0,31,5,2013,6,16,15,0,6,6,NW 49TH ST,NW 7TH AVE,0,25.81973056,-80.20796389,0,9,0,0,2,2,0,1,1,10,0,10,0,0000000,99,99,99,99,99,99,0,0,0,1,0
12,122155,1,1,0,0,0,1,1,87,1580,6,8,2013,3,3,8,0,16,6,ATLANTIC BLVD,,0,24.55103611,-81.77981944,0,1,0,0,1,1,0,1,3,1,0,1,0,0000000,99,99,99,99,99,99,0,0,0,1,1
12,122156,2,2,0,0,0,3,3,131,800,15,9,2013,1,11,40,1,13,2,US-331,COYBURGESS LOOP,99998,30.69218611,-86.12213611,0,12,6,0,2,2,0,1,1,1,0,1,0,0000000,99,99,99,99,88,88,0,0,0,1,0
12,122157,1,1,0,0,0,2,2,11,2541,13,10,2013,1,6,21,0,16,6,E COUNTRY CLUB CIR,,0,26.10731944,-80.20889167,0,42,0,0,1,1,0,4,2,1,0,1,0,0000000,99,99,99,99,99,99,0,0,0,1,1
12,122158,1,1,0,1,1,1,1,111,1080,13,10,2013,1,19,30,0,16,6,S 25TH ST,GEORGIA AVE,0,27.44015,-80.34996667,0,8,0,0,3,2,0,1,2,1,0,1,0,0000000,99,99,99,99,99,99,0,0,0,1,0
12,122159,1,1,0,1,1,1,1,71,1070,20,10,2013,1,1,40,0,13,3,SR-45,PAGE FIELD COMMONS RD,99998,26.58625278,-81.87179722,0,8,0,0,2,2,0,1,3,1,0,1,0,0000000,99,99,99,99,88,88,0,0,0,1,0
12,122160,2,2,0,0,0,3,3,9,1990,21,10,2013,2,19,36,0,16,6,SARNO RD,WICKHAM RD,0,28.12146667,-80.67373056,0,12,6,0,2,3,0,1,3,1,0,1,0,0000000,99,99,99,99,99,99,0,0,0,1,0
12,122161,1,1,0,0,0,3,3,115,0,22,10,2013,3,20,36,1,1,1,I-75,,99998,27.37968611,-82.44612222,0,42,0,0,1,1,0,3,2,2,0,2,0,0000000,99,99,99,99,99,99,0,0,0,1,0
12,122162,2,2,0,1,1,4,4,73,2940,24,10,2013,5,21,59,0,16,6,MONROE ST,CALLAWAY RD,0,30.48075556,-84.30416667,0,8,0,0,2,2,0,1,2,1,0,1,0,0000000,99,99,99,99,99,99,0,0,0,1,0
12,122163,1,1,0,1,1,1,1,11,1420,25,10,2013,6,15,1,0,16,6,PARK RD,FILLMORE ST,0,26.01425556,-80.17575833,0,8,0,0,2,2,0,1,1,1,0,1,0,0000000,99,99,99,99,99,99,0,0,0,1,0
12,122164,1,1,0,1,1,1,1,119,3230,28,10,2013,2,6,25,0,13,3,SR-44,,99998,28.84184722,-82.02336944,0,9,0,1,18,1,0,1,4,1,0,1,0,0000000,99,99,99,99,99,99,0,0,0,1,0
12,122165,2,2,0,0,0,3,3,57,2950,1,11,2013,6,7,7,0,16,6,ARMENIA AVE,SLIGH AVE,0,28.010725,-82.48436667,0,12,2,0,2,2,0,1,3,1,0,1,0,0000000,99,99,99,99,99,99,0,0,0,1,0
12,122166,1,1,0,1,1,1,1,9,1990,2,11,2013,7,11,45,0,16,6,HARBOR CITY BLVD,,0,28.12578056,-80.63041111,0,9,0,0,1,1,0,1,1,10,0,10,0,0000000,99,99,99,99,99,99,0,0,0,1,0
12,122167,3,3,0,0,0,3,3,86,0,2,11,2013,7,18,55,0,16,6,SW 136TH ST,SW 92ND AVE,0,25.64649722,-80.34274444,0,12,6,0,2,2,0,1,5,1,0,1,0,0000000,99,99,99,99,99,99,0,0,0,1,0