STATE,ST_CASE,VE_TOTAL,VE_FORMS,PVH_INVL,PEDS,PERNOTMVIT,PERMVIT,PERSONS,COUNTY,CITY,DAY,MONTH,YEAR,DAY_WEEK,HOUR,MINUTE,NHS,ROAD_FNC,ROUTE,TWAY_ID,TWAY_ID2,MILEPT,LATITUDE,LONGITUD,SP_JUR,HARM_EV,MAN_COLL,RELJCT1,RELJCT2,TYP_INT,WRK_ZONE,REL_ROAD,LGT_COND,WEATHER1,WEATHER2,WEATHER,SCH_BUS,RAIL,NOT_HOUR,NOT_MIN,ARR_HOUR,ARR_MIN,HOSP_HR,HOSP_MN,CF1,CF2,CF3,FATALS,DRUNK_DR
12,122168,1,1,0,1,1,1,1,99,3190,7,11,2013,5,19,7,0,16,6,S DIXIE HWY,MADDOCK ST,0,26.65350833,-80.05604167,0,8,0,0,2,2,0,1,3,10,0,10,0,0000000,99,99,99,99,88,88,0,0,0,1,0
12,122169,1,1,0,0,0,1,1,99,2430,7,11,2013,5,18,24,0,16,6,N OCEAN BLVD,,0,26.755275,-80.03659722,0,33,0,0,1,1,0,4,2,1,0,1,0,0000000,99,99,99,99,99,99,0,0,0,1,0
12,122170,1,1,0,0,0,2,2,31,1510,11,11,2013,2,4,19,1,1,1,I-295,,99998,30.16785278,-81.58191111,0,30,0,0,1,1,0,4,3,1,0,1,0,0000000,99,99,99,99,88,88,0,0,0,2,0
12,122171,1,1,0,0,0,1,1,95,2360,11,11,2013,2,7,8,0,16,6,KUHL AVE,,0,28.52596667,-81.37816389,0,31,0,0,1,1,0,5,1,1,0,1,0,0000000,99,99,99,99,99,99,0,0,0,1,0
12,122172,2,2,0,0,0,3,3,95,0,14,11,2013,5,22,40,0,6,6,OAK RIDGE RD,,0,28.47270278,-81.38270278,0,12,2,1,8,1,0,1,3,1,0,1,0,0000000,99,99,99,99,99,99,0,0,0,1,0
12,122173,2,2,0,1,1,2,2,83,2270,19,11,2013,3,18,16,0,13,3,SR-40,,99998,29.1113,-82.06346944,0,8,0,0,1,1,0,1,1,10,0,10,0,0000000,99,99,99,99,99,99,0,0,0,1,0
12,122174,1,1,0,0,0,1,1,57,0,21,11,2013,5,0,2,0,6,6,NORTHDALE BLVD,,0,28.10018333,-82.52900278,0,30,0,0,1,1,0,4,3,10,0,10,0,0000000,99,99,99,99,88,88,0,0,0,1,1
12,122175,2,2,0,0,0,2,2,99,1920,8,12,2013,1,16,58,0,16,6,AUSTRALIAN AVE,HILL AVE,0,26.76315556,-80.07150278,0,12,6,0,2,2,0,1,5,1,0,1,0,0000000,99,99,99,99,88,88,0,0,0,1,0
12,122176,3,3,0,0,0,4,4,85,0,8,12,2013,1,18,3,0,6,6,SE FEDERAL HWY,SE CONSTITUTION BLVD,0,27.10316944,-80.16375278,0,12,2,0,2,3,0,1,3,10,0,10,0,0000000,99,99,99,99,99,99,0,0,0,1,1
12,122177,1,1,0,0,0,2,2,55,0,13,12,2013,6,21,50,0,6,6,TRACTOR RD,,0,27.43328056,-81.41767222,0,5,0,0,1,1,0,1,2,1,0,1,0,0000000,99,99,99,99,99,99,0,0,0,1,0
12,122179,2,2,0,0,0,3,3,31,1510,19,12,2013,5,9,57,1,13,3,SR-105,I-295,99998,30.41198056,-81.56416667,0,12,2,1,2,2,0,1,1,1,0,1,0,0000000,99,99,99,99,99,99,0,0,0,1,0
12,122180,1,1,0,0,0,1,1,99,0,22,12,2013,1,16,50,0,6,6,HAVERHILL RD,,0,26.63539722,-80.12103611,0,33,0,0,1,1,0,4,1,10,0,10,0,0000000,99,99,99,99,99,99,0,0,0,1,1
12,122181,1,1,0,0,0,1,1,99,0,23,12,2013,2,4,41,1,13,3,SR-808,,99998,26.36846944,-80.15987778,0,33,0,0,1,1,0,4,1,10,0,10,0,0000000,99,99,99,99,88,88,0,0,0,1,0
12,122182,1,1,0,1,1,2,2,31,1510,28,12,2013,7,2,22,1,13,2,US-1,,99998,30.21918611,-81.58480833,0,8,0,0,1,1,0,1,3,10,0,10,0,0000000,99,99,99,99,99,99,0,0,0,1,0
12,122183,1,1,0,1,1,1,1,115,2780,9,11,2013,7,23,41,0,6,8,TAMIAMI TRAIL,,0,27.37120556,-82.553025,0,8,0,0,1,1,0,1,3,1,0,1,0,0000000,99,99,99,99,88,88,0,0,0,1,1
12,122184,1,1,0,0,0,1,1,99,0,13,11,2013,4,4,9,0,6,6,MELALEUCA LN,,0,26.60667778,-80.09919167,0,33,0,0,1,1,0,4,3,1,0,1,0,0000000,99,99,99,99,99,99,0,0,0,1,0
12,122185,2,2,0,0,0,2,2,99,0,15,11,2013,6,19,45,0,6,6,S HAVERHILL RD,,0,26.66001389,-80.12076944,0,12,6,0,1,1,0,1,3,1,0,1,0,0000000,99,99,99,99,99,99,0,0,0,1,0
12,122187,1,1,0,0,0,1,1,127,0,30,11,2013,7,13,42,1,1,1,I-95,,99998,29.12625556,-81.05378333,0,42,0,0,1,1,0,4,1,10,0,10,0,0000000,99,99,99,99,88,88,0,0,0,1,0
12,122189,1,1,0,1,1,1,1,99,0,8,12,2013,1,19,32,0,6,6,NORTH HAVERHILL RD,,0,26.68600556,-80.12006111,0,8,0,0,1,1,0,1,3,1,0,1,0,0000000,99,99,99,99,88,88,0,0,0,1,1
12,122190,2,2,0,0,0,2,2,99,0,14,12,2013,7,12,23,1,13,2,US-441,SSW 3RD STREET,99998,26.34541389,-80.20308611,0,12,1,0,2,2,0,1,1,1,0,1,0,0000000,99,99,99,99,99,99,0,0,0,1,0
12,122191,2,2,0,0,0,4,4,99,0,22,12,2013,1,17,52,0,6,6,JOG RD,PIPERS GLEN BLVD,0,26.49687778,-80.14720833,0,12,6,0,2,2,0,1,5,1,0,1,0,0000000,99,99,99,99,99,99,0,0,0,1,0
12,122192,2,2,0,0,0,3,3,99,0,31,12,2013,3,15,12,0,6,6,CONGRESS AVE,BOCA CLUB DR,0,26.41191944,-80.10205278,0,12,6,0,3,2,0,1,1,1,0,1,0,0000000,99,99,99,99,99,99,0,0,0,1,0
12,122193,2,2,0,0,0,3,3,81,0,29,12,2013,1,17,27,0,16,6,30TH AVENUE EAST,4TH STREET EAST,0,27.47335,-82.55998056,0,1,0,1,2,3,0,1,2,10,0,10,0,0000000,99,99,99,99,99,99,0,0,0,1,0
12,122194,1,1,0,0,0,2,2,103,2650,26,10,2013,7,17,56,0,16,6,GULF BLVD,162ND AVE,0,27.81131389,-82.81549722,0,5,0,0,2,3,0,1,5,10,0,10,0,0000000,99,99,99,99,88,88,0,0,0,1,0
12,122195,1,1,0,1,1,1,1,99,820,27,12,2013,6,18,6,0,16,6,ANGLER DR,,0,26.47233333,-80.09963056,0,8,0,0,1,1,0,1,3,1,0,1,0,0000000,99,99,99,99,99,99,0,0,0,1,0
12,122196,1,1,0,0,0,4,4,71,0,17,11,2013,1,3,58,0,6,6,ESTERO BLVD,,0,26.45333056,-81.95533889,0,59,0,0,1,1,0,4,2,1,0,1,0,0000000,99,99,99,99,99,99,0,0,0,1,1
12,122197,1,1,0,0,0,1,1,115,2780,17,11,2013,1,3,0,0,13,3,SR-45,,99998,27.33405278,-82.54423056,0,33,0,0,1,1,0,3,3,1,0,1,0,0000000,99,99,99,99,99,99,0,0,0,1,1
12,122198,1,1,0,1,1,2,2,71,1070,28,11,2013,5,22,20,0,16,6,COLONIAL BLVD,,0,26.61271111,-81.81171389,0,8,0,0,1,1,0,1,3,1,0,1,0,0000000,99,99,99,99,88,88,0,0,0,1,0
12,122199,1,1,0,0,0,1,1,81,0,17,12,2013,3,21,40,0,16,6,9TH ST E,,0,27.4236,-82.55508889,0,42,0,0,1,1,0,5,2,1,0,1,0,0000000,99,99,99,99,99,99,0,0,0,1,0
12,122200,1,1,0,1,1,1,1,99,1750,21,12,2013,7,19,43,0,16,6,7TH AVE N,,0,26.62394722,-80.05898056,0,8,0,0,1,1,0,1,3,1,0,1,0,0000000,99,99,99,99,88,88,0,0,0,1,0
12,122201,2,2,0,0,0,4,4,19,0,21,12,2013,7,20,40,0,6,4,CR-209,,0,30.11955,-81.80497778,0,12,2,0,1,1,0,1,2,1,0,1,0,0000000,99,99,99,99,99,99,0,0,0,2,2
12,122202,2,2,0,0,0,2,2,35,2439,24,12,2013,3,3,45,1,11,1,I-95,,99998,29.57553056,-81.23276111,0,12,1,0,1,1,0,1,2,10,0,10,0,0000000,99,99,99,99,88,88,0,0,0,1,0
12,122203,1,1,0,1,1,2,2,69,0,27,12,2013,6,21,33,0,2,3,SR-40,ALCO RD,99998,29.16251944,-81.53485,0,9,0,1,2,3,0,1,2,1,0,1,0,0000000,99,99,99,99,88,88,0,0,0,1,0
12,122204,1,1,0,0,0,2,2,79,0,28,12,2013,7,15,50,0,6,4,CR-53,,0,30.32831389,-83.33673889,0,42,0,0,1,1,0,4,1,10,0,10,0,0000000,99,99,99,99,88,88,0,0,0,2,0
12,122205,1,1,0,1,1,1,1,86,0,30,12,2013,2,22,50,0,6,6,NW 13TH,,0,25.89936667,-80.22069722,0,8,0,0,1,1,0,1,2,1,0,1,0,0000000,99,99,99,99,88,88,0,0,0,1,0
12,122207,1,1,0,1,1,1,1,103,2730,15,11,2013,6,18,8,0,16,6,1ST ST N,58TH AVE N,0,27.82480556,-82.63457778,0,15,0,8,2,7,0,1,3,2,0,2,0,0000000,99,99,99,99,99,99,0,0,0,1,0
12,122208,2,2,0,0,0,3,3,71,0,25,11,2013,2,12,58,0,6,6,SAN CARLOS BLVD,,0,26.46564444,-81.951375,0,12,1,0,1,1,0,1,1,1,0,1,0,0000000,99,99,99,99,99,99,0,0,0,1,0
12,122209,2,2,0,0,0,3,3,71,0,26,11,2013,3,23,11,1,13,3,SR-82,COLUMBUS BLVD,99998,26.52077222,-81.57291389,0,12,6,0,2,2,0,1,2,2,0,2,0,0000000,99,99,99,99,99,99,0,0,0,2,1
12,122210,2,2,0,0,0,2,2,71,0,7,12,2013,7,23,40,0,16,6,ALABAMA RD,,0,26.59848056,-81.64588889,0,12,2,0,1,1,0,1,3,1,0,1,0,0000000,99,99,99,99,88,88,0,0,0,1,0
12,122211,2,2,0,0,0,3,3,86,2023,30,11,2013,7,9,23,0,16,6,NW 22ND AVE,BUNCHE PARK DR,0,25.9172,-80.23630833,0,12,6,0,2,2,0,1,1,10,0,10,0,0000000,99,99,99,99,88,88,0,0,0,1,0
12,122212,1,1,0,1,1,1,1,86,1440,16,12,2013,2,18,33,0,16,6,S HOMESTEAD BLVD,SE 4TH ST,0,25.46617778,-80.47425,0,8,0,0,2,3,0,1,3,1,0,1,0,0000000,99,99,99,99,99,99,0,0,0,1,0
12,122213,1,1,0,1,1,1,1,99,290,18,12,2013,4,10,53,1,13,3,SR-794,3003 SR-794,99998,26.39418333,-80.14789722,0,8,0,0,3,3,0,1,1,1,0,1,0,0000000,99,99,99,99,99,99,0,0,0,1,0
12,122214,1,1,0,1,1,1,1,103,860,16,8,2013,6,21,24,0,16,6,ALT-19,,0,28.03801111,-82.78441389,0,9,0,0,1,1,0,1,3,1,0,1,0,0000000,99,99,99,99,99,99,0,0,0,1,0
12,122215,1,1,0,0,0,1,1,105,1670,10,11,2013,1,17,35,0,16,6,W MAIN ST,,0,28.10816667,-81.62685833,0,1,0,0,1,1,0,2,3,1,0,1,0,0000000,99,99,99,99,88,88,0,0,0,1,1
12,122216,1,1,0,1,1,1,1,86,2023,13,12,2013,6,20,13,0,16,6,NW 175TH ST,,0,25.93386111,-80.23884722,0,8,0,0,1,1,0,1,3,1,0,1,0,0000000,99,99,99,99,99,99,0,0,0,1,0
12,122217,2,2,0,0,0,3,3,95,2360,15,12,2013,1,0,51,0,16,6,L B MCLEOD RD,BRUTON BLVD,0,28.50878611,-81.42593333,0,12,6,0,2,2,0,1,3,1,0,1,0,0000000,99,99,99,99,99,99,0,0,0,1,1
12,122218,1,1,0,0,0,1,1,117,0,26,12,2013,5,17,45,1,1,1,I-4,,99998,28.67291389,-81.38877222,0,31,0,0,1,1,0,4,1,1,0,1,0,0000000,99,99,99,99,88,88,0,0,0,1,0
12,122219,2,2,0,0,0,4,4,105,0,14,10,2013,2,16,48,1,13,2,US-98,,99998,27.97239722,-81.88296389,0,12,6,0,8,1,4,1,1,1,0,1,0,0000000,99,99,99,99,99,99,0,0,0,1,1
12,122220,1,1,0,0,0,1,1,115,2235,8,11,2013,6,11,50,0,16,6,NORA LANE,,0,27.05911111,-82.16405278,0,5,0,0,1,1,0,1,1,1,0,1,0,0000000,99,99,99,99,88,88,0,0,0,1,0
12,122221,1,1,0,1,1,1,1,89,3326,14,12,2013,7,22,12,1,13,3,SR-200,,99998,30.62004167,-81.64753611,0,8,0,0,1,1,0,1,2,2,0,2,0,0000000,99,99,99,99,88,88,0,0,0,1,0
12,122222,2,2,0,0,0,2,2,86,2023,15,12,2013,1,3,34,1,13,3,SR-817,,99998,25.94460278,-80.24541389,0,12,6,0,1,1,0,1,3,1,0,1,0,0000000,99,99,99,99,99,99,0,0,0,1,1
12,122223,2,1,1,0,1,1,2,127,0,17,12,2013,3,8,38,1,1,1,I-4,,99998,29.09390833,-81.15918611,0,14,0,0,1,1,4,2,1,1,0,1,0,0000000,99,99,99,99,88,88,0,0,0,1,0
12,122224,1,1,0,1,1,1,1,99,2660,7,11,2013,5,19,19,1,13,3,SR-809,,99998,26.77316389,-80.10778056,0,8,0,0,1,1,0,1,2,1,0,1,0,0000000,99,99,99,99,99,99,0,0,0,1,0
12,122225,1,1,0,1,1,1,1,91,2200,21,12,2013,7,18,16,1,13,3,SR-85,,99998,30.52121389,-86.48933056,0,8,0,0,1,1,0,1,3,10,0,10,0,0000000,99,99,99,99,99,99,0,0,0,1,0
12,122226,2,1,1,2,2,1,1,86,0,6,11,2013,4,7,16,0,6,6,NE 13TH PLACE,,0,25.96844444,-80.17513056,0,8,0,0,1,1,0,1,1,10,0,10,0,0000000,99,99,99,99,99,99,0,0,0,1,0
12,122227,1,1,0,0,0,1,1,57,0,6,11,2013,4,15,25,0,6,6,MORRIS BRIDGE RD,,0,28.15405556,-82.27431944,0,34,0,0,1,1,0,4,1,1,0,1,0,0000000,99,99,99,99,99,99,0,0,0,1,0
12,122228,2,2,0,0,0,3,3,57,0,12,11,2013,3,17,20,0,2,3,SR-580,,99998,27.99653611,-82.55514444,0,1,0,0,1,1,0,1,1,1,0,1,0,0000000,99,99,99,99,99,99,0,0,0,1,1
12,122229,1,1,0,1,1,1,1,11,1280,18,11,2013,2,12,15,0,16,6,FOSTER RD,,0,25.99160556,-80.15425278,0,8,0,0,1,1,0,1,1,1,0,1,0,0000000,99,99,99,99,99,99,0,0,0,1,0
12,122230,1,1,0,1,1,1,1,111,1080,19,11,2013,3,18,7,0,16,6,HARTMAN RD,,0,27.43311667,-80.366375,0,9,0,0,1,1,0,1,2,1,0,1,0,0000000,99,99,99,99,88,88,0,0,0,1,0
12,122231,2,2,0,0,0,2,2,71,457,22,11,2013,6,6,40,1,13,3,SR-78,CULTURAL PARK BLVD,99998,26.65823333,-81.96051389,0,12,2,0,2,3,0,1,4,1,0,1,0,0000000,99,99,99,99,99,99,0,0,0,1,0
12,122232,2,2,0,0,0,2,2,57,0,27,11,2013,4,17,50,0,16,6,78TH ST,CLARICE CIR,0,27.92914722,-82.36866111,0,12,6,0,2,3,0,1,3,1,0,1,0,0000000,99,99,99,99,88,88,0,0,0,1,0
12,122233,1,1,0,1,1,3,3,55,1730,28,11,2013,5,18,13,0,16,6,S MAIN,PAYSON DR,0,27.28798056,-81.36031944,0,8,0,1,3,3,0,1,2,10,0,10,0,0000000,99,99,99,99,99,99,0,0,0,1,0
12,122234,1,1,0,0,0,1,1,11,1420,2,12,2013,2,18,10,0,16,6,SHERIDAN ST,,0,26.03341111,-80.16771389,0,42,0,0,1,1,0,3,5,1,0,1,0,0000000,99,99,99,99,88,88,0,0,0,1,0
12,122235,2,2,0,0,0,3,3,99,290,6,12,2013,6,23,46,1,13,2,US-1,SR-808,99998,26.36188333,-80.08211389,0,12,1,0,3,3,0,1,3,1,0,1,0,0000000,99,99,99,99,99,99,0,0,0,1,0
12,122236,4,4,0,0,0,21,21,57,2950,8,12,2013,1,3,8,0,16,6,ARMENIA AVE N,,0,27.95620556,-82.48493333,0,12,7,0,1,1,0,1,3,1,0,1,0,0000000,99,99,99,99,99,99,14,0,0,1,1
12,122237,2,2,0,0,0,2,2,86,0,11,12,2013,4,9,58,0,6,6,NW 67TH AVE,NW MEDITERRANEAN BLVD,0,25.93013333,-80.30953889,0,12,2,0,2,2,0,1,1,1,0,1,0,0000000,99,99,99,99,99,99,0,0,0,1,0
12,122238,2,2,0,0,0,2,2,99,290,12,12,2013,5,0,41,0,16,6,NW 2ND AVE,NW 20TH ST,0,26.36859444,-80.09019444,0,12,6,0,2,2,0,1,3,1,0,1,0,0000000,99,99,99,99,99,99,0,0,0,1,0
12,122239,2,2,0,0,0,2,2,103,2960,12,12,2013,5,2,3,0,13,2,US-19,,99998,28.12299167,-82.73986111,0,12,1,0,1,1,0,1,3,1,0,1,0,0000000,99,99,99,99,88,88,0,0,0,1,0
12,122240,1,1,0,1,1,1,1,57,2950,13,12,2013,6,4,55,0,13,2,US-597,,99998,28.04643611,-82.50469444,0,8,0,0,1,1,0,1,3,1,0,1,0,0000000,99,99,99,99,88,88,0,0,0,1,0
12,122241,2,2,0,1,1,2,2,86,0,13,12,2013,6,18,12,0,6,6,NW 119TH ST,NW 19TH AVE,0,25.88293333,-80.23065,0,12,6,0,2,2,0,1,3,2,0,2,0,0000000,99,99,99,99,99,99,0,0,0,1,0
12,122242,2,2,0,0,0,4,4,109,2690,14,12,2013,7,17,16,0,16,3,SR-312,,0,29.86600833,-81.298225,0,12,6,0,1,1,0,1,5,2,0,2,0,0000000,99,99,99,99,99,99,0,0,0,2,0
12,122243,1,1,0,1,1,1,1,57,0,14,12,2013,7,23,26,0,6,6,NIXON RD,,0,28.04427778,-82.53342778,0,8,0,0,1,1,0,1,2,1,0,1,0,0000000,99,99,99,99,88,88,0,0,0,1,0
12,122244,1,1,0,0,0,2,2,11,2570,17,12,2013,3,23,20,0,16,6,NE 24TH ST,,0,26.26087222,-80.11410278,0,30,0,0,1,1,0,4,3,1,0,1,0,0000000,99,99,99,99,88,88,0,0,0,2,0
12,122245,2,2,0,1,1,2,2,86,0,21,12,2013,7,19,58,0,6,6,SW 114TH AVE,,0,25.737575,-80.37980833,0,9,0,0,1,1,0,1,2,1,0,1,0,0000000,99,99,99,99,99,99,0,0,0,1,0
12,122246,1,1,0,0,0,1,1,97,0,1,4,2013,2,15,45,0,13,2,US-192,,99998,28.29926667,-81.37311944,0,34,0,0,1,1,0,5,1,1,0,1,0,0000000,99,99,99,99,88,88,0,0,0,1,0
12,122247,1,1,0,0,0,1,1,107,0,2,11,2013,7,1,27,0,6,6,BEECHER SPRINGS RD,,0,29.4405,-81.64429167,0,1,0,0,1,1,0,4,2,10,0,10,0,0000000,99,99,99,99,88,88,0,0,0,1,1
12,122248,3,3,0,0,0,5,5,86,1340,5,2,2013,3,18,45,0,16,6,PALM AVE,EAST 60TH ST,0,25.87682778,-80.28329722,0,12,2,0,2,3,0,1,3,1,0,1,0,0000000,99,99,99,99,99,99,0,0,0,1,0
12,122249,1,1,0,1,1,1,1,111,2601,14,10,2013,2,14,18,0,16,6,NW ST LUCIE WEST BLVD,NW COUNTRY CLUB DR,0,27.31373333,-80.39550833,0,9,0,0,2,2,0,1,1,1,0,1,0,0000000,99,99,99,99,99,99,0,0,0,1,0
12,122250,3,3,0,0,0,5,5,57,2950,12,11,2013,3,14,59,0,16,6,FLORIDA AVE,,0,27.96358611,-82.45932222,0,12,2,0,1,1,0,1,1,1,0,1,0,0000000,99,99,99,99,99,99,0,0,0,1,0
12,122251,1,1,0,0,0,2,2,57,0,4,12,2013,4,22,0,0,13,3,SR-60,,99998,27.937725,-82.12541667,0,34,0,0,1,1,0,4,2,1,0,1,0,0000000,99,99,99,99,99,99,0,0,0,1,1
12,122252,1,1,0,0,0,3,3,85,0,25,12,2013,4,0,45,0,13,4,CR-A1A,,99998,27.15968333,-80.21333056,0,33,0,0,1,1,0,4,3,10,0,10,0,0000000,99,99,99,99,99,99,0,0,0,1,0
12,122253,1,1,0,0,0,2,2,9,3000,26,12,2013,5,16,12,0,16,6,FOX LAKE RD,,0,28.58553611,-80.86227778,0,42,0,0,1,1,0,5,1,1,0,1,0,0000000,99,99,99,99,99,99,0,0,0,1,0
12,122254,1,1,0,1,1,1,1,86,2010,18,12,2013,4,18,16,0,16,6,SW 37TH AVE,SW 16TH ST,0,25.75650556,-80.25476944,0,9,0,0,2,3,0,1,1,1,0,1,0,0000000,99,99,99,99,99,99,0,0,0,1,0
12,122255,2,2,0,0,0,3,3,103,2730,11,11,2013,2,18,53,0,16,6,4TH ST N,54TH AVE N,0,27.82119167,-82.63856944,0,12,6,0,2,2,0,1,3,1,0,1,0,0000000,99,99,99,99,99,99,0,0,0,1,1
12,122256,1,1,0,0,0,1,1,35,0,19,9,2013,5,22,0,0,13,4,CR-2006,,99998,29.42348889,-81.39778056,0,1,0,0,1,1,0,4,2,1,0,1,0,0000000,99,99,99,99,88,88,0,0,0,1,1
12,122257,1,1,0,0,0,1,1,115,2235,23,12,2013,2,2,13,0,16,6,N BISCAYNE DR,,0,27.11283611,-82.24591944,0,42,0,0,1,1,0,3,3,1,0,1,0,0000000,99,99,99,99,88,88,0,0,0,1,1
12,122258,2,2,0,0,0,4,4,86,2023,19,12,2013,5,15,11,0,16,6,NW 42ND AVE,NW 187TH ST,0,25.94360556,-80.26956389,0,12,6,0,2,2,0,1,1,1,0,1,0,0000000,99,99,99,99,99,99,0,0,0,1,0
12,122259,2,2,0,0,0,3,3,105,0,3,12,2013,3,0,35,0,6,6,FISH HATCHERY RD,SADDLE CREEK RD,0,28.07346667,-81.89568056,0,12,6,0,2,2,0,1,3,1,0,1,0,0000000,99,99,99,99,99,99,0,0,0,1,0
12,122260,1,1,0,0,0,1,1,127,0,27,12,2013,6,16,34,0,6,6,DOE DR,,0,28.85491944,-81.13223056,0,34,0,0,1,1,0,4,1,10,0,10,0,0000000,99,99,99,99,99,99,0,0,0,1,0
12,122261,1,1,0,0,0,2,2,127,2190,6,12,2013,6,12,7,0,16,6,N DIXIE FREEWAY,,0,29.07988611,-80.957325,0,1,0,0,1,1,0,1,1,1,0,1,0,0000000,99,99,99,99,99,99,0,0,0,1,0
12,122262,1,1,0,0,0,1,1,86,0,9,11,2013,7,2,57,0,6,6,184TH ST,,0,25.59555,-80.44090278,0,1,0,0,1,1,0,5,3,2,0,2,0,0000000,99,99,99,99,88,88,0,0,0,1,0
12,122263,1,1,0,0,0,1,1,119,0,17,12,2013,3,3,15,1,13,3,SR-44,I-75 RAMP,99998,28.87356111,-82.091675,0,33,0,1,3,3,0,4,3,1,0,1,0,0000000,99,99,99,99,99,99,0,0,0,1,0
12,122264,2,2,0,0,0,3,3,57,0,24,12,2013,3,18,25,0,6,6,WILSKY BLVD,SR-589,0,28.04603056,-82.565825,0,12,6,0,2,3,4,1,3,1,0,1,0,0000000,99,99,99,99,99,99,0,0,0,1,0
12,122265,1,1,0,1,1,1,1,57,0,28,12,2013,7,0,12,0,6,6,PARSONS AVE,,0,27.99150278,-82.28589722,0,8,0,0,1,1,0,1,2,1,0,1,0,0000000,99,99,99,99,88,88,0,0,0,1,1
12,122266,1,1,0,0,0,1,1,57,0,31,12,2013,3,23,46,0,6,6,MAPLE LANE,,0,27.99898889,-82.35271111,0,24,0,0,1,1,0,4,2,10,0,10,0,0000000,99,99,99,99,88,88,0,0,0,1,1
12,122267,1,1,0,1,1,1,1,99,2660,7,12,2013,7,0,6,0,13,3,SR-5,,99998,26.78381389,-80.05480278,0,8,0,0,1,1,4,1,2,1,0,1,0,0000000,99,99,99,99,99,99,0,0,0,1,0
12,122268,1,1,0,1,1,1,1,99,2660,24,12,2013,3,22,44,1,13,3,SR-708,AVE S,99998,26.78122222,-80.08081667,0,8,0,0,3,2,0,1,3,1,0,1,0,0000000,99,99,99,99,99,99,0,0,0,1,0
12,122269,3,3,0,0,0,4,4,57,2950,2,12,2013,2,18,30,0,16,6,COLUMBUS DR E,,0,27.96673333,-82.41063889,0,12,6,0,1,1,0,1,3,1,0,1,0,0000000,99,99,99,99,99,99,0,0,0,1,0
12,122270,1,1,0,1,1,1,1,11,2570,29,12,2013,1,22,21,0,16,6,E ATLANTIC BLVD,,0,26.23185556,-80.09479722,0,8,0,0,1,1,0,1,3,1,0,1,0,0000000,99,99,99,99,99,99,0,0,0,1,0
12,122271,1,1,0,1,1,1,1,57,0,31,12,2013,3,19,59,0,13,2,US-41,,99998,27.92113611,-82.40195278,0,8,0,0,1,1,0,1,3,1,0,1,0,0000000,99,99,99,99,88,88,0,0,0,1,0
12,122272,1,1,0,0,0,1,1,69,0,24,4,2013,4,14,3,0,6,6,EMERALD ISLAND RD,,0,28.89224444,-81.79363333,0,42,0,0,1,1,0,4,1,1,0,1,0,0000000,99,99,99,99,88,88,0,0,0,1,0
12,122273,1,1,0,1,1,1,1,103,2730,29,11,2013,6,19,40,0,16,6,28TH ST,5TH AVE,0,27.7188,-82.67104722,0,8,0,0,2,2,0,1,3,1,0,1,0,0000000,99,99,99,99,99,99,0,0,0,1,0
12,122274,1,1,0,1,1,1,1,86,2023,12,12,2013,5,16,4,0,16,6,NW 29TH AVE,,0,25.91297222,-80.24815833,0,8,0,0,1,1,0,1,1,1,0,1,0,0000000,99,99,99,99,99,99,0,0,0,1,0
12,122275,2,2,0,0,0,5,5,97,1590,10,3,2013,1,16,15,0,16,6,E VINE ST,NEBRASKA AVE,0,28.30453333,-81.39426944,0,12,6,0,2,3,0,1,1,1,0,1,0,0000000,99,99,99,99,99,99,0,0,0,1,0
12,122276,1,1,0,0,0,1,1,11,1927,1,11,2013,6,18,38,0,16,6,W ATLANTIC BLVD,,0,26.23463056,-80.19478056,0,1,0,0,1,1,0,1,5,1,0,1,0,0000000,99,99,99,99,99,99,0,0,0,1,0
12,122277,2,2,0,0,0,2,2,103,1572,18,2,2013,2,14,18,0,16,6,66TH ST N,,0,27.81187222,-82.72863889,0,12,6,0,8,1,0,1,1,1,0,1,0,0000000,99,99,99,99,99,99,0,0,0,1,0
12,122279,2,2,0,1,1,4,4,103,2530,1,6,2013,7,12,10,0,13,3,SR-693,68TH AVE N,99998,27.83368333,-82.72836944,0,9,0,0,2,2,0,1,1,1,0,1,0,0000000,99,99,99,99,99,99,0,0,0,1,0
12,122280,1,1,0,1,1,1,1,127,780,2,2,2013,7,17,28,0,13,2,US-1,MADISON AVE,99998,29.22348611,-81.02949167,0,9,0,0,3,2,0,1,1,1,0,1,0,0000000,99,99,99,99,88,88,16,0,0,1,0
12,122281,2,2,0,0,0,2,2,71,1070,31,10,2013,5,9,22,1,13,2,US-41,HEALTH CENTER BLVD,99998,26.395175,-81.81055556,0,12,6,1,2,3,0,1,1,1,0,1,0,0000000,99,99,99,99,99,99,0,0,0,1,0
12,122282,1,1,0,1,1,1,1,86,2010,18,12,2013,4,9,38,0,16,6,NE 79TH ST,,0,25.84756667,-80.19232778,0,8,0,0,1,1,0,1,1,1,0,1,0,0000000,99,99,99,99,99,99,0,0,0,1,0
12,122283,3,3,0,0,0,4,4,86,2010,7,9,2013,7,8,2,0,16,6,NW 36TH ST,NW 17TH AVE,0,25.80953333,-80.22386667,0,12,6,0,2,2,0,1,1,10,0,10,0,0000000,99,99,99,99,99,99,0,0,0,1,0