STATE,ST_CASE,VE_TOTAL,VE_FORMS,PVH_INVL,PEDS,PERNOTMVIT,PERMVIT,PERSONS,COUNTY,CITY,DAY,MONTH,YEAR,DAY_WEEK,HOUR,MINUTE,NHS,ROAD_FNC,ROUTE,TWAY_ID,TWAY_ID2,MILEPT,LATITUDE,LONGITUD,SP_JUR,HARM_EV,MAN_COLL,RELJCT1,RELJCT2,TYP_INT,WRK_ZONE,REL_ROAD,LGT_COND,WEATHER1,WEATHER2,WEATHER,SCH_BUS,RAIL,NOT_HOUR,NOT_MIN,ARR_HOUR,ARR_MIN,HOSP_HR,HOSP_MN,CF1,CF2,CF3,FATALS,DRUNK_DR
12,122284,1,1,0,0,0,1,1,101,0,14,12,2013,7,23,0,0,2,4,CR-583,,99998,28.26885556,-82.44445278,0,1,0,0,1,1,0,4,2,1,0,1,0,0000000,99,99,99,99,88,88,0,0,0,1,1
12,122285,2,2,0,0,0,3,3,75,3240,22,1,2013,3,17,19,0,13,3,SR-121 N,,99998,29.39883889,-82.44176944,0,12,1,0,1,1,0,1,1,10,0,10,0,0000000,99,99,99,99,99,99,0,0,0,1,0
12,122286,1,1,0,0,0,1,1,71,0,22,11,2013,6,21,28,0,6,6,8TH ST W,,0,26.620175,-81.7447,0,1,0,0,8,1,0,4,2,1,0,1,0,0000000,99,99,99,99,99,99,0,0,0,1,0
12,122288,1,1,0,0,0,1,1,86,1340,2,11,2013,7,13,59,0,16,6,PALM AVE,,0,25.84142778,-80.28207222,0,10,0,0,6,1,0,1,1,1,0,1,0,272742T,99,99,99,99,88,88,0,0,0,1,0
12,122289,2,1,1,0,0,1,1,117,2770,30,1,2013,4,10,0,0,16,6,WELDON BLVD,MAIN RD,0,28.735875,-81.30514722,0,30,0,0,3,6,0,4,1,1,0,1,0,0000000,99,99,99,99,99,99,14,0,0,1,0
12,122290,3,3,0,0,0,8,8,11,1050,6,2,2013,4,5,25,1,11,3,SR-84,I-95 RAMP,99998,26.08891667,-80.16791111,0,25,0,1,3,3,0,10,3,1,0,1,0,0000000,99,99,99,99,99,99,14,0,0,1,0
12,122291,1,1,0,1,1,1,1,86,0,9,12,2013,2,6,12,0,16,6,NW 42 AVE,NW 25 ST,0,25.79708611,-80.26443611,0,8,0,0,3,2,0,1,6,1,0,1,0,0000000,99,99,99,99,88,88,0,0,0,1,0
12,122292,2,2,0,1,1,2,2,86,2023,7,3,2013,5,21,33,0,13,3,SR-860,17TH AVE,99998,25.94162222,-80.229325,0,8,0,0,3,2,0,1,3,1,0,1,0,0000000,99,99,99,99,88,88,0,0,0,1,1
12,122293,2,2,0,0,0,2,2,86,0,20,2,2013,4,20,2,0,6,6,NW 77TH ST,NW 8TH AVE,0,25.84699444,-80.21111389,0,12,2,0,8,1,0,1,3,1,0,1,0,0000000,99,99,99,99,88,88,0,0,0,1,0
12,122294,2,2,0,0,0,2,2,86,0,2,3,2013,7,12,29,0,6,6,SW 72ND ST,,0,25.69974167,-80.4193,0,12,1,0,1,1,0,1,1,1,0,1,0,0000000,99,99,99,99,88,88,0,0,0,1,0
12,122295,1,1,0,1,1,4,4,86,2010,7,3,2013,5,20,17,0,16,6,SW 17TH CT,SW 1ST ST,0,25.77205556,-80.22346667,0,8,0,0,3,2,0,1,3,1,0,1,0,0000000,99,99,99,99,99,99,0,0,0,1,0
12,122296,2,2,0,1,1,2,2,86,3180,15,3,2013,6,20,49,0,16,6,SW 8TH ST,SW 65TH AVE,0,25.76314167,-80.30188333,0,9,0,1,3,2,0,1,3,1,0,1,0,0000000,99,99,99,99,99,99,0,0,0,1,0
12,122297,2,2,0,0,0,2,2,86,0,10,6,2013,2,14,28,0,6,6,SW OLD DIXIE HWY,,0,25.49154444,-80.45432778,0,12,6,0,1,1,0,1,1,1,0,1,0,0000000,99,99,99,99,99,99,0,0,0,1,0
12,122298,1,1,0,0,0,1,1,86,0,29,6,2013,7,3,34,0,6,6,NW 27 AVE,,0,25.84060278,-80.24158611,0,43,0,0,1,1,0,3,3,1,0,1,0,272717K,99,99,99,99,88,88,0,0,0,1,0
12,122299,1,1,0,1,1,1,1,86,0,8,2,2013,6,18,21,0,6,6,NW 22ND AVE,,0,25.82868056,-80.23279444,0,8,0,0,1,1,0,1,5,10,0,10,0,0000000,99,99,99,99,99,99,0,0,0,1,0
12,122300,2,2,0,0,0,3,3,86,0,8,10,2013,3,22,58,0,6,6,SW 42ND ST,SW 132ND AVE,0,25.72943889,-80.40761667,0,12,6,0,2,2,0,1,3,1,0,1,0,0000000,99,99,99,99,88,88,0,0,0,1,0
12,122301,3,2,1,0,0,3,3,86,0,5,12,2013,5,12,8,0,6,6,NW 119TH ST,NW 10TH AVE,0,25.88354444,-80.2146,0,12,6,0,2,2,0,1,1,1,0,1,0,0000000,99,99,99,99,99,99,0,0,0,1,0
12,122302,1,1,0,0,0,3,3,86,0,11,12,2013,4,19,46,0,6,6,SW 167TH AVE,,0,25.52898889,-80.46151389,0,18,0,0,1,1,0,1,2,1,0,1,0,0000000,99,99,99,99,99,99,0,0,0,1,0
12,122303,2,2,0,0,0,3,3,107,2420,23,10,2013,4,10,0,0,13,3,SR-19,SR-20,99998,29.64129167,-81.67616111,0,12,6,1,2,2,0,1,1,1,0,1,0,0000000,99,99,99,99,99,99,0,0,0,1,0
12,122304,1,1,0,1,1,1,1,57,2950,8,11,2013,6,10,0,0,16,6,FLORIDA AVE N,BIRD ST W,0,28.02250833,-82.45946944,0,8,0,0,8,1,0,1,1,1,0,1,0,0000000,99,99,99,99,99,99,0,0,0,1,0
12,122305,1,1,0,1,1,1,1,57,2950,5,12,2013,5,1,5,0,13,3,SR-582,,99998,28.05435278,-82.43046111,0,8,0,0,1,1,0,1,3,1,0,1,0,0000000,99,99,99,99,88,88,0,0,0,1,0
12,122306,2,2,0,0,0,5,5,57,2950,12,12,2013,5,13,25,0,16,6,BRUCE B DOWNS BLVD,CYPRESS PRESERVE DR,0,28.10964722,-82.38675556,0,12,6,0,2,2,0,1,1,1,0,1,0,0000000,99,99,99,99,99,99,0,0,0,1,0
12,122307,1,1,0,0,0,1,1,11,9997,20,12,2013,6,14,20,0,13,2,US-1,,99998,25.97878611,-80.14219444,0,33,0,8,8,1,0,4,1,1,0,1,0,0000000,99,99,99,99,99,99,0,0,0,1,0
12,122308,1,1,0,0,0,1,1,11,2541,20,8,2013,3,16,30,0,16,6,CENTRAL PARK PL,,0,26.12441667,-80.27973333,0,33,0,0,1,1,0,4,1,1,0,1,0,0000000,99,99,99,99,99,99,0,0,0,1,0
12,122309,2,2,0,0,0,2,2,69,2130,29,10,2013,3,10,10,0,13,2,US-441,CROOKED LAKE DR E,99998,28.8239,-81.65768056,0,12,2,0,2,2,0,1,1,1,0,1,0,0000000,99,99,99,99,88,88,0,0,0,1,0
12,122310,1,1,0,1,1,1,1,123,2510,7,11,2013,5,18,31,0,16,6,CHURCH ST,,0,30.10531111,-83.58895,0,8,0,0,1,1,0,1,2,1,0,1,0,0000000,99,99,99,99,88,88,0,0,0,1,0
12,122311,1,1,0,1,1,1,1,97,1590,14,4,2013,1,3,15,0,16,6,W OAK ST,ROSE ST,0,28.30083889,-81.411825,0,8,0,1,2,2,0,1,3,1,0,1,0,0000000,99,99,99,99,99,99,0,0,0,1,0
12,122312,2,2,0,0,0,2,2,86,0,2,6,2013,1,11,9,0,6,6,NW 42ND AVE,,0,25.89675556,-80.259925,0,12,1,0,1,1,0,1,1,1,0,1,0,0000000,99,99,99,99,88,88,0,0,0,1,0
12,122313,1,1,0,1,1,1,1,86,0,21,8,2013,4,20,37,0,6,6,SW 320 ST,,0,25.46966944,-80.50129167,0,9,0,0,1,1,0,1,2,1,0,1,0,0000000,99,99,99,99,88,88,0,0,0,1,0
12,122314,1,1,0,1,1,1,1,86,0,1,9,2013,1,22,31,0,6,6,NW 7TH AVE,,0,25.86066667,-80.20962778,0,8,0,0,1,1,0,1,3,1,0,1,0,0000000,99,99,99,99,99,99,0,0,0,1,0
12,122315,1,1,0,0,0,1,1,119,0,9,12,2013,2,13,47,0,6,6,N MORSE BLVD,,0,28.94705556,-81.95979444,0,33,0,0,1,1,0,4,1,1,0,1,0,0000000,99,99,99,99,99,99,0,0,0,1,0
12,122317,3,2,1,0,0,2,2,86,0,6,5,2013,2,16,59,0,6,6,NW 47TH AVE,NW 181 TERR,0,25.93819444,-80.27734444,0,12,2,0,2,3,0,1,1,1,0,1,0,0000000,99,99,99,99,88,88,0,0,0,1,0
12,122318,2,2,0,0,0,4,4,86,2010,27,1,2013,1,15,25,0,16,6,NW 7TH AVE,NW 79TH ST,0,25.84706111,-80.20913056,0,12,2,0,2,2,0,1,1,1,0,1,0,0000000,99,99,99,99,99,99,0,0,0,1,0
12,122320,1,1,0,0,0,1,1,71,2775,7,10,2013,2,21,51,0,16,6,SANIBEL CAPTIVA ROAD,,0,26.47525833,-82.17172778,0,42,0,0,1,1,0,4,2,1,0,1,0,0000000,99,99,99,99,88,88,0,0,0,1,0
12,122321,2,2,0,0,0,2,2,89,0,5,2,2013,3,14,37,0,13,2,US-17,SR-200,99998,30.63199722,-81.60121111,0,12,6,1,2,2,0,1,1,1,0,1,0,0000000,99,99,99,99,99,99,0,0,0,1,0
12,122322,1,1,0,1,1,1,1,86,0,25,7,2013,5,20,53,0,13,3,SR-9,95TH ST,99998,25.86075556,-80.24215278,0,8,0,0,2,3,0,1,3,1,0,1,0,0000000,99,99,99,99,88,88,0,0,0,1,0
12,122323,1,1,0,1,1,1,1,86,2023,18,3,2013,2,19,47,0,16,6,N MIAMI AVE,NW 191ST ST,0,25.94997778,-80.20138889,0,9,0,0,2,2,0,1,2,2,0,2,0,0000000,99,99,99,99,99,99,0,0,0,1,0
12,122324,1,1,0,1,1,1,1,97,1590,21,6,2013,6,22,58,0,16,6,MICHIGAN AVE,W DELAWARE AVE,0,28.30758333,-81.39131944,0,8,0,0,2,3,0,1,3,10,0,10,0,0000000,99,99,99,99,99,99,0,0,0,1,0
12,122325,2,2,0,0,0,3,3,119,3230,10,4,2013,4,9,34,0,13,3,SR-44,BUENA VISTA BLVD,99998,28.83967778,-82.01752778,0,12,6,1,2,2,0,1,1,1,0,1,0,0000000,99,99,99,99,99,99,0,0,0,1,0
12,122326,1,1,0,0,0,1,1,86,844,1,6,2013,7,6,25,0,16,6,NW 58TH ST,,0,25.82629167,-80.38188056,0,3,0,0,1,1,0,4,1,10,0,10,0,0000000,99,99,99,99,88,88,0,0,0,1,1
12,122327,1,1,0,1,1,2,2,86,2010,6,3,2013,4,19,8,0,16,6,NE 2ND AVE,,0,25.81830556,-80.19153611,0,8,0,0,1,1,0,1,3,1,0,1,0,0000000,99,99,99,99,99,99,0,0,0,1,0
12,122328,1,1,0,1,1,2,2,11,2541,26,7,2013,6,23,2,0,16,6,W BROWARD BLVD,,0,26.120725,-80.25343889,0,8,0,0,1,1,0,1,3,1,0,1,0,0000000,99,99,99,99,99,99,0,0,0,1,0
13,130001,2,2,0,0,0,6,6,13,5980,1,1,2013,3,2,30,0,4,2,US-29 / SR-8,JACKSON TRAIL RD,129,33.95942778,-83.66394444,0,12,6,0,2,2,0,1,3,10,0,10,0,0000000,99,99,99,99,99,99,0,0,0,1,1
13,130002,1,1,0,1,1,1,1,133,0,1,1,2013,3,1,12,0,3,3,SR-77,,122,33.60171389,-83.07874444,0,8,0,0,1,1,0,1,2,10,0,10,0,0000000,99,99,99,99,88,88,0,0,0,1,1
13,130003,3,3,0,0,0,3,3,209,0,2,1,2013,4,17,16,1,2,2,US-280 / SR-30,FIRE LANE RD,82,32.19664167,-82.50520278,0,12,2,0,2,3,0,1,1,1,0,1,0,0000000,17,20,17,27,18,0,0,0,0,1,0
13,130004,2,2,0,0,0,7,7,51,4910,3,1,2013,5,11,54,1,1,1,I-95,,21,32.00355,-81.28465,0,12,6,0,1,1,0,1,1,2,0,2,0,0000000,11,59,12,0,12,43,0,0,0,1,0
13,130005,2,2,0,0,0,5,5,67,0,3,1,2013,5,13,48,1,11,1,I-285 RAMP,,11,33.82557222,-84.49020278,0,12,1,1,20,1,0,1,1,1,0,1,0,0000000,13,49,13,58,14,22,0,0,0,1,0
13,130006,1,1,0,0,0,2,2,123,1850,3,1,2013,5,18,50,0,4,3,SR-52,,154,34.6843,-84.45857222,0,35,0,0,1,1,0,4,2,1,0,1,0,0000000,99,99,99,99,99,99,0,0,0,1,0
13,130007,1,1,0,0,0,9,9,199,0,3,1,2013,5,13,15,1,1,1,I-85,,25,33.20334444,-84.83495278,0,42,0,0,1,1,0,5,1,1,0,1,0,0000000,99,99,99,99,99,99,0,0,0,1,0
13,130008,1,1,0,0,0,1,1,89,1610,4,1,2013,6,14,52,1,13,4,CR-519 / S HAIRSTON RD,,22,33.76954167,-84.19402222,0,53,0,0,1,1,0,4,1,1,0,1,0,0000000,14,42,14,47,88,88,0,0,0,1,0
13,130009,2,2,0,0,0,2,2,117,0,4,1,2013,6,13,59,1,13,3,SR-20,BUSINESS DR,32,34.23753889,-84.20201111,0,12,2,0,3,3,0,1,1,1,0,1,0,0000000,14,7,14,13,14,59,0,0,0,1,0
13,130010,1,1,0,1,1,1,1,121,280,4,1,2013,6,15,56,0,15,6,BENJAMIN E MAYS DR,FAIRBURN RD,0,33.74071667,-84.51026944,0,8,0,0,3,2,0,1,1,1,0,1,0,0000000,99,99,99,99,99,99,0,0,0,1,0
13,130011,2,2,0,0,0,5,5,213,1080,4,1,2013,6,10,1,0,4,3,SR-136,OLD HWY 411,0,34.590725,-84.69873889,0,12,6,0,2,2,0,1,1,10,0,10,0,0000000,10,1,10,18,11,3,0,0,0,2,0
13,130012,3,3,0,0,0,5,5,295,0,4,1,2013,6,14,51,1,2,2,US-27 / SR-1,,145,34.79206389,-85.24901944,0,12,2,0,1,1,0,1,1,1,0,1,0,0000000,14,54,15,7,15,53,0,0,0,1,0
13,130013,1,1,0,0,0,2,2,57,0,5,1,2013,7,13,35,0,4,3,SR-108,,106,34.33187778,-84.53488611,0,42,0,0,1,1,0,4,1,1,0,1,0,0000000,13,37,13,41,14,17,0,0,0,1,0
13,130014,1,1,0,1,1,1,1,57,920,5,1,2013,7,16,51,1,13,3,SR-20 / CUMMING HWY,,106,34.2382,-84.46533056,0,9,0,1,18,1,0,1,1,10,0,10,0,0000000,16,51,16,55,17,56,0,0,0,1,0
13,130015,1,1,0,0,0,1,1,77,0,5,1,2013,7,12,4,0,16,4,CR-33 / MAJOR RD,,11,33.4513,-84.63829444,0,53,0,0,1,1,0,4,1,10,0,10,0,0000000,99,99,99,99,99,99,0,0,0,1,0
13,130016,2,2,0,0,0,2,2,9,3620,7,1,2013,2,14,10,0,14,4,CR-477 / N JEFFERSON ST,,19,33.10914722,-83.2317,0,12,6,0,8,1,0,1,1,1,0,1,0,0000000,14,9,14,20,15,21,0,0,0,1,0
13,130017,1,1,0,1,1,1,1,121,1250,7,1,2013,2,19,3,0,14,3,SR-279 / OLD NATIONAL HWY,,44,33.61180833,-84.47184167,0,8,0,0,1,1,0,1,2,1,0,1,0,0000000,99,99,99,99,88,88,0,0,0,1,0
13,130018,2,2,0,0,0,2,2,147,2610,7,1,2013,2,6,49,0,4,3,SR-172,LIBERTY CHURCH RD,13,34.24130278,-82.98461389,0,12,6,0,2,2,0,1,2,1,0,1,0,0000000,6,43,6,59,8,22,0,0,0,1,0
13,130019,1,1,0,1,1,1,1,165,0,7,1,2013,2,5,55,1,2,2,US-25 / SR-67,,24,32.66053889,-81.93773333,0,8,0,0,1,1,0,1,2,1,0,1,0,0000000,5,56,6,9,7,41,0,0,0,1,0
13,130020,4,4,0,0,0,7,7,139,0,8,1,2013,3,6,30,1,11,1,I-985,,163,34.31304444,-83.78791944,0,12,2,0,1,1,0,1,2,10,0,10,0,0000000,99,99,99,99,99,99,0,0,0,1,0
13,130021,2,2,0,0,0,2,2,175,0,8,1,2013,3,13,54,0,5,4,CR-521 / SCOTLAND RD,,125,32.38540833,-82.90148056,0,12,2,0,1,1,0,1,1,10,0,10,0,0000000,13,54,14,5,88,88,0,0,0,2,0
13,130022,1,1,0,0,0,1,1,21,0,8,1,2013,3,12,41,1,13,2,US-41 / INDUSTRIAL HWY,,6,32.69069167,-83.68101667,0,42,0,0,1,1,0,4,1,1,0,1,0,0000000,99,98,99,98,88,88,18,0,0,1,0
13,130023,1,1,0,1,1,1,1,103,9997,9,1,2013,4,18,39,0,3,2,US-80 / SR-17,,5,32.14441111,-81.33580278,0,9,0,0,1,1,0,1,2,10,0,10,0,0000000,99,99,99,99,99,99,0,0,0,1,0
13,130024,1,1,0,0,0,1,1,129,0,9,1,2013,4,14,14,1,11,1,I-75,,140,34.60059444,-84.95638333,0,34,0,0,1,1,0,4,1,10,0,10,0,0000000,99,98,99,98,88,88,0,0,0,1,0
13,130025,2,2,0,0,0,2,2,217,1380,9,1,2013,4,16,23,1,13,6,WEST ST,CLARK ST,8,33.59685,-83.86753611,0,1,0,0,2,2,0,1,1,1,0,1,0,0000000,16,23,16,30,17,1,0,0,0,1,0
13,130026,2,2,0,0,0,4,4,21,3390,10,1,2013,5,6,56,1,13,2,US-41 / FORSYTH RD,TUCKER RD,146,32.87494722,-83.71080278,0,12,2,0,2,2,0,1,2,10,0,10,0,0000000,6,57,7,5,7,30,0,0,0,1,0
13,130027,1,1,0,0,0,1,1,39,0,10,1,2013,5,2,17,1,1,1,I-95,,179,31.00078333,-81.66334444,0,32,0,0,1,1,0,3,2,1,0,1,0,0000000,99,98,99,98,88,88,0,0,0,1,0
13,130028,1,1,0,3,3,1,1,321,0,10,1,2013,5,18,33,0,4,4,CR-409 / RED ROCK RD,,64,31.57771667,-83.88862778,0,8,0,0,1,1,0,1,2,1,0,1,0,0000000,99,99,99,99,99,99,0,0,0,1,0
13,130029,1,1,0,0,0,3,3,21,3390,12,1,2013,7,2,26,1,13,2,US-41 / SR-247,,80,32.772175,-83.65927222,0,59,0,0,1,1,0,4,3,1,0,1,0,0000000,2,22,2,33,2,57,0,0,0,3,1
13,130030,1,1,0,0,0,2,2,33,0,12,1,2013,7,2,25,0,6,4,CR-90 / GLISSON RD,,28,33.03235556,-81.74639444,0,42,0,0,1,1,0,4,2,5,0,5,0,0000000,2,25,2,36,88,88,20,0,0,2,1
13,130031,1,1,0,0,0,4,4,107,5250,12,1,2013,7,22,30,0,6,4,CR-7 / GREEN SPENCE RD,,30,32.75372778,-82.21061944,0,1,0,0,1,1,0,5,2,10,0,10,0,0000000,22,28,23,29,0,4,0,0,0,1,1
13,130032,1,1,0,0,0,1,1,215,1280,12,1,2013,7,2,27,1,13,3,SR-22 SP / BUENA VISTA RD,BRADLEY DR,9,32.46861944,-84.97427222,0,33,0,0,3,4,0,4,3,10,0,10,0,0000000,2,27,2,32,2,40,0,0,0,1,1
13,130033,1,1,0,0,0,1,1,245,310,12,1,2013,7,16,4,1,13,3,SR-28,,35,33.48836667,-82.00914722,0,25,0,0,1,1,0,3,1,1,0,1,0,0000000,16,6,16,8,88,88,0,0,0,1,1
13,130034,1,1,0,0,0,2,2,39,0,13,1,2013,1,21,28,1,1,1,I-95,,239,31.07392222,-81.62162778,0,32,0,0,1,1,0,3,2,1,0,1,0,0000000,21,30,21,45,22,32,20,0,0,1,1
13,130035,1,1,0,1,1,2,2,67,0,13,1,2013,1,3,2,0,15,4,CR-2373 / FLOYD RD,WHITE BLVD,12,33.83600833,-84.57623333,0,8,0,0,3,2,1,1,3,10,0,10,0,0000000,99,98,99,98,88,88,0,0,0,1,0
13,130036,2,2,0,0,0,1,1,93,0,14,1,2013,2,5,30,1,1,1,I-75,,132,32.21768889,-83.744975,0,12,1,0,1,1,1,1,2,1,0,1,0,0000000,99,98,99,98,88,88,0,0,0,1,0
13,130037,2,2,0,0,0,3,3,97,0,14,1,2013,2,0,4,1,1,1,I-20,,35,33.72123056,-84.85560556,0,12,6,0,1,1,0,1,2,2,0,2,0,0000000,99,98,99,98,88,88,0,0,0,1,0
13,130038,2,2,0,0,0,2,2,151,0,14,1,2013,2,5,43,1,1,1,I-675 RAMP,,1,33.54606111,-84.269775,0,24,0,0,5,1,0,4,2,2,0,2,0,0000000,99,98,99,98,88,88,0,0,0,1,0
13,130039,2,2,0,1,1,2,2,15,0,15,1,2013,3,1,13,1,13,2,US-41 / SR-3,,140,34.21843611,-84.84163056,0,8,0,0,1,1,0,1,2,2,0,2,0,0000000,99,98,99,98,88,88,0,0,0,1,0
13,130040,2,2,0,2,2,1,1,51,4910,15,1,2013,3,8,3,0,16,4,CR-581 / SHELL RD,,11,32.0374,-81.06491667,0,8,0,0,1,1,0,1,1,1,0,1,0,0000000,8,3,8,8,8,40,0,0,0,1,0
13,130041,3,3,0,0,0,3,3,67,0,15,1,2013,3,23,4,0,14,3,SR-280,,96,33.93664167,-84.536375,0,12,6,0,1,1,0,1,2,2,0,2,0,0000000,23,5,23,12,23,37,0,0,0,1,0
13,130042,2,2,0,0,0,2,2,123,0,15,1,2013,3,16,4,1,2,2,US-76 / SR-515,,220,34.82244722,-84.36036389,0,12,6,0,1,1,0,1,1,2,0,2,0,0000000,99,99,99,99,99,99,0,0,0,1,0
13,130043,1,1,0,0,0,1,1,137,1360,15,1,2013,3,10,39,0,4,4,CR-386 / LEVEL GROVE RD,,4,34.51204444,-83.58473056,0,53,0,0,1,1,0,4,1,2,0,2,0,0000000,10,45,10,52,11,28,0,0,0,1,0
13,130044,1,1,0,0,0,1,1,211,0,15,1,2013,3,20,45,0,5,4,CR-252 / BETHANY RD,,53,33.56468611,-83.44356111,0,34,0,0,1,1,0,4,2,2,0,2,0,0000000,20,45,20,52,88,88,0,0,0,1,0
13,130045,1,1,0,0,0,2,2,103,4670,16,1,2013,4,19,9,0,4,4,CR-307 / RINCON STILLWELL RD,,32,32.34600833,-81.21406111,0,32,0,0,1,1,0,4,2,1,0,1,0,0000000,19,16,19,22,99,99,0,0,0,1,0
13,130046,2,2,0,0,0,3,3,313,1510,9,1,2013,4,6,52,0,14,2,US-41 / SR-3,,211,34.79721111,-85.00679722,0,12,6,0,8,1,0,1,3,10,0,10,0,0000000,6,53,7,0,7,13,0,0,0,2,0
13,130047,2,2,0,0,0,3,3,233,4730,9,1,2013,4,14,33,1,2,2,US-278 / SR-6,PROSPECT RD,223,34.01089167,-85.06439167,0,12,6,0,2,2,0,1,1,1,0,1,0,0000000,14,28,14,29,99,99,0,0,0,1,0
13,130048,6,6,0,0,0,8,8,121,2060,11,1,2013,6,17,18,1,13,3,SR-92,,139,33.64803889,-84.663975,0,12,8,0,1,1,0,1,5,2,0,2,0,0000000,17,19,17,26,99,99,0,0,0,1,0
13,130049,1,1,0,0,0,1,1,153,4340,29,1,2013,3,14,46,0,14,3,SR-127 / HOUSTON LAKE RD,,78,32.47544722,-83.70508333,0,53,0,0,1,1,0,4,1,1,0,1,0,0000000,99,99,99,99,99,99,0,0,0,1,0
13,130050,2,2,0,0,0,2,2,207,0,14,1,2013,2,13,58,0,4,3,SR-19,,124,33.01860833,-83.91565833,0,12,6,0,8,1,0,1,1,1,0,1,0,0000000,13,58,14,2,14,44,0,0,0,1,0
13,130051,1,1,0,0,0,1,1,107,0,16,1,2013,4,16,20,0,4,4,CR-CANOOCHEE GARFIELD ROAD,,13,32.65416667,-82.22022778,0,35,0,0,1,1,0,5,1,1,0,1,0,0000000,16,26,16,56,17,22,0,0,0,1,0
13,130052,1,1,0,1,1,1,1,135,3100,16,1,2013,4,7,24,0,14,2,US-29,,72,33.91911944,-84.08952778,0,8,0,0,1,1,0,1,2,4,0,4,0,0000000,7,24,7,29,7,48,0,0,0,1,0
13,130053,1,1,0,0,0,1,1,297,0,16,1,2013,4,15,38,0,6,4,CR-HO HUM HOLLOW ROAD,,0,33.80595,-83.81919167,0,42,0,0,1,1,0,5,1,10,0,10,0,0000000,88,88,88,88,88,88,0,0,0,1,1
13,130054,1,1,0,0,0,2,2,89,0,17,1,2013,5,15,32,0,16,4,CR-PARKDALE DRIVE,,2,33.79404444,-84.25619444,0,42,0,0,1,1,0,5,1,2,0,2,0,0000000,15,32,15,45,17,0,0,0,0,1,0
13,130055,1,1,0,0,0,1,1,51,4910,19,1,2013,7,13,17,0,14,6,EISENHOWER DRIVE,WATERS AVENUE,8,32.00659444,-81.10093056,0,41,0,0,3,2,0,5,1,1,0,1,0,0000000,13,15,13,26,13,35,0,0,0,1,0
13,130056,3,3,0,0,0,5,5,83,0,19,1,2013,7,14,0,1,1,1,I-59/SR-406,,190,34.95685833,-85.4613,0,12,1,0,1,1,0,1,1,1,0,1,0,0000000,99,99,99,99,99,99,0,0,0,2,0
13,130057,2,2,0,1,1,2,2,89,0,19,1,2013,7,3,37,1,11,1,I-285,,160,33.75264722,-84.23197778,0,8,0,0,1,1,0,1,2,1,0,1,0,0000000,99,98,99,98,88,88,0,0,0,1,0
13,130058,2,2,0,0,0,4,4,95,0,19,1,2013,7,16,12,1,12,3,SR-3,,70,31.59224444,-84.12578056,0,12,6,0,1,1,0,1,1,1,0,1,0,0000000,16,25,16,25,16,32,0,0,0,1,0
13,130059,1,1,0,0,0,1,1,303,0,19,1,2013,7,16,47,0,14,4,CR-TENNILLE-OCONEE ROAD,,87,32.93664167,-82.83376667,0,35,0,0,1,1,0,5,1,1,0,1,0,0000000,16,47,16,57,88,88,0,0,0,1,1
13,130060,1,1,0,0,0,2,2,27,0,20,1,2013,1,1,33,0,4,4,CR-TROUPVILLE ROAD,,83,30.85151944,-83.411875,0,1,0,0,1,1,0,5,2,1,0,1,0,0000000,99,99,99,99,99,99,0,0,0,1,0
13,130061,1,1,0,0,0,1,1,89,0,20,1,2013,1,2,11,0,16,4,CR-CHUPP ROAD,,3,33.70618889,-84.11948056,0,33,0,0,1,1,0,5,3,1,0,1,0,0000000,2,11,2,18,3,1,0,0,0,1,0
13,130062,3,3,0,1,1,4,4,121,1250,20,1,2013,1,19,8,1,13,6,CAMPCREEK PARKWAY,,96,33.65183889,-84.47646944,0,12,1,0,1,1,0,1,3,1,0,1,0,0000000,19,10,19,17,20,5,0,0,0,1,1
13,130063,2,2,0,0,0,3,3,213,0,20,1,2013,1,13,30,0,6,4,CR-MCINTIRE CIRCLE,ROGERS COURT,5,34.87718333,-84.79070556,0,12,2,0,3,3,0,1,1,1,0,1,0,0000000,99,99,99,99,99,99,0,0,0,1,1
13,130064,2,2,0,0,0,4,4,217,0,20,1,2013,1,15,31,0,14,3,SR-36,FLAT SHOALS ROAD,107,33.56471389,-83.87136667,0,12,6,0,2,2,0,1,1,1,0,1,0,0000000,99,99,99,99,99,99,0,0,0,1,0
13,130065,1,1,0,0,0,1,1,45,970,21,1,2013,2,22,0,0,4,3,SR-5,,138,33.46173333,-84.99431667,0,24,0,0,1,1,0,5,2,1,0,1,0,0000000,88,88,88,88,88,88,0,0,0,1,0
13,130066,1,1,0,0,0,2,2,63,0,21,1,2013,2,23,6,1,11,1,I-75,,59,33.589075,-84.38371667,0,1,0,0,1,1,0,2,2,1,0,1,0,0000000,23,26,23,32,23,58,0,0,0,1,1
13,130067,1,1,0,0,0,2,2,153,4340,22,1,2013,3,15,0,1,11,1,I-75,,93,32.41578056,-83.76195,0,24,0,0,1,1,0,2,1,1,0,1,0,0000000,99,99,99,99,99,99,0,0,0,1,0
13,130068,1,1,0,0,0,2,2,15,0,23,1,2013,4,22,33,0,4,3,SR-293,,30,34.14463611,-84.76861944,0,1,0,0,1,1,0,5,2,1,0,1,0,0000000,22,31,22,39,99,99,0,0,0,1,1