STATE,ST_CASE,VE_TOTAL,VE_FORMS,PVH_INVL,PEDS,PERNOTMVIT,PERMVIT,PERSONS,COUNTY,CITY,DAY,MONTH,YEAR,DAY_WEEK,HOUR,MINUTE,NHS,ROAD_FNC,ROUTE,TWAY_ID,TWAY_ID2,MILEPT,LATITUDE,LONGITUD,SP_JUR,HARM_EV,MAN_COLL,RELJCT1,RELJCT2,TYP_INT,WRK_ZONE,REL_ROAD,LGT_COND,WEATHER1,WEATHER2,WEATHER,SCH_BUS,RAIL,NOT_HOUR,NOT_MIN,ARR_HOUR,ARR_MIN,HOSP_HR,HOSP_MN,CF1,CF2,CF3,FATALS,DRUNK_DR
13,130069,1,1,0,0,0,1,1,59,270,23,1,2013,4,17,36,1,12,3,SR-10,,150,33.95284722,-83.396825,0,1,0,0,1,1,0,3,1,1,0,1,0,0000000,17,47,17,51,88,88,0,0,0,1,1
13,130070,1,1,0,1,1,1,1,135,0,23,1,2013,4,11,10,1,11,1,I-85,,18,33.85259444,-84.03941944,0,8,0,0,1,1,0,1,1,1,0,1,0,0000000,99,98,99,98,88,88,0,0,0,1,0
13,130071,5,5,0,0,0,7,7,135,0,23,1,2013,4,20,19,1,13,3,SR-10,WALTON COURT,55,33.85258056,-84.03937778,0,12,1,0,2,2,0,1,2,1,0,1,0,0000000,20,17,20,27,20,54,0,0,0,1,1
13,130072,1,1,0,0,0,1,1,245,310,23,1,2013,4,3,53,1,13,2,US-78,DEANS BRIDGE ROAD,128,33.43930556,-82.02358889,0,59,0,0,3,2,0,8,3,1,0,1,0,0000000,3,53,3,56,4,16,0,0,0,1,1
13,130073,2,2,0,1,1,2,2,63,0,24,1,2013,5,23,57,0,14,3,SR-3,OLD DIXIE ROAD,144,33.579425,-84.37406667,0,8,0,0,3,2,0,1,2,1,0,1,0,0000000,23,57,0,5,0,23,0,0,0,1,0
13,130074,2,2,0,0,0,2,2,21,3390,25,1,2013,6,6,33,1,13,6,PIO NONA AVENUE,,91,32.78531667,-83.66688056,0,12,6,0,8,1,0,1,2,1,0,1,0,0000000,6,36,6,44,88,88,0,0,0,1,0
13,130075,2,2,0,0,0,2,2,67,3440,25,1,2013,6,7,17,0,14,6,COBB PARKWAY,INDUSTRIAL PARK DRIVE,94,33.97526667,-84.54525,0,12,6,0,2,3,0,1,2,2,0,2,0,0000000,7,18,7,20,88,88,0,0,0,1,0
13,130076,1,1,0,0,0,2,2,91,0,25,1,2013,6,15,14,0,6,4,CR-COLEMAN HOLT ROAD,,8,99.99990000,999.99990000,0,1,0,0,1,1,0,5,1,1,0,1,0,0000000,15,14,15,39,99,99,0,0,0,1,0
13,130077,1,1,0,0,0,2,2,99,0,25,1,2013,6,22,15,0,4,4,CR-DAMASCUS-HILTON ROAD,,16,31.27571389,-84.95703333,0,35,0,0,1,1,0,5,2,10,0,10,0,0000000,99,99,99,99,99,99,0,0,0,2,0
13,130078,1,1,0,1,1,2,2,63,0,26,1,2013,7,14,34,1,13,3,SR-85,GARDEN WALK BLVD.,54,33.59356667,-84.40804722,0,8,0,0,3,2,0,1,1,1,0,1,0,0000000,14,34,14,38,88,88,0,0,0,1,0
13,130079,2,2,0,0,0,3,3,87,0,26,1,2013,7,12,44,1,2,3,SR-1,WOODHULL ROAD,129,30.81990278,-84.52334722,0,12,6,0,2,2,0,1,1,1,0,1,0,0000000,99,99,99,99,99,99,0,0,0,2,0
13,130080,2,2,0,0,0,2,2,271,0,26,1,2013,7,15,15,0,4,3,SR-149,,10,31.85535556,-82.85821944,0,12,1,0,1,1,0,1,1,1,0,1,0,0000000,99,98,99,98,88,88,0,0,0,1,1
13,130081,1,1,0,0,0,1,1,283,5100,26,1,2013,7,20,0,1,1,1,I-16,,64,32.43278056,-82.58981389,0,1,0,0,1,1,0,1,2,1,0,1,0,0000000,20,6,20,15,88,88,0,0,0,1,0
13,130082,1,1,0,0,0,2,2,299,5850,26,1,2013,7,1,5,0,14,6,TEBEAU STREET,SPRATT STREET,15,31.22599722,-82.34927222,0,33,0,0,3,3,0,4,3,1,0,1,0,0000000,1,7,1,10,1,29,0,0,0,1,0
13,130083,1,1,0,0,0,1,1,103,0,27,1,2013,1,17,56,0,3,3,SR-21,,12,32.24884167,-81.21074167,0,1,0,0,1,1,0,3,1,10,0,10,0,0000000,88,88,88,88,88,88,0,0,0,1,1
13,130084,4,4,0,0,0,5,5,121,280,27,1,2013,1,21,0,1,11,1,I-285,,48,33.67726389,-84.49905,0,24,0,0,1,1,0,4,2,1,0,1,0,0000000,21,2,21,7,21,41,0,0,0,1,0
13,130085,1,1,0,0,0,3,3,211,0,28,1,2013,2,16,33,0,3,3,SR-83,,169,33.64208333,-83.49330556,0,35,0,0,1,1,0,5,1,1,0,1,0,0000000,16,35,16,45,17,26,0,0,0,1,0
13,130086,1,1,0,0,0,1,1,313,1510,29,1,2013,3,20,26,0,16,6,GRACE STREET,,0,34.75416389,-84.96771667,0,39,0,0,1,1,0,5,5,1,0,1,0,0000000,88,88,88,88,88,88,0,0,0,1,0
13,130087,1,1,0,1,1,1,1,89,0,30,1,2013,4,6,11,1,13,4,CR-N. HAIRSTON ROAD,CENTRAL DRIVE,9,33.81196111,-84.19358889,9,8,0,0,1,1,0,1,3,2,0,2,0,0000000,6,11,6,15,6,56,0,0,0,1,0
13,130088,2,2,0,0,0,3,3,35,0,31,1,2013,5,15,45,0,3,3,SR-16,I-75(RAMP),13,33.26131667,-84.09638056,0,12,6,1,2,2,0,1,1,1,0,1,0,0000000,99,99,99,99,99,99,0,0,0,1,0
13,130089,1,1,0,0,0,1,1,51,0,31,1,2013,5,18,22,0,4,4,CR-FORT ARGYLE ROAD,PINE BARREN ROAD,6,32.08183889,-81.37323889,0,32,0,0,3,3,0,5,5,1,0,1,0,0000000,18,21,18,32,88,88,0,0,0,1,1
13,130090,2,2,0,0,0,4,4,45,630,1,2,2013,6,17,30,0,4,3,SR-100,,93,33.543625,-85.25296389,0,12,6,0,1,1,0,1,1,1,0,1,0,0000000,17,26,17,42,19,30,0,0,0,1,0
13,130091,1,1,0,0,0,1,1,135,0,1,2,2013,6,0,12,0,16,4,CR-101 / WOODWARD MILL RD,,8,34.07737222,-84.02963611,0,30,0,0,1,1,0,5,2,1,0,1,0,0000000,99,98,99,98,88,88,0,0,0,1,1
13,130092,2,2,0,0,0,6,6,285,3050,1,2,2013,6,12,55,0,3,2,US-29 / SR-14,,267,33.12945556,-84.91862222,0,12,2,0,1,1,0,1,1,1,0,1,0,0000000,99,99,99,99,99,99,0,0,0,1,0
13,130093,2,2,0,0,0,3,3,135,0,2,2,2013,7,16,10,0,14,3,SR-141,NORTHWOODS PKWY,54,33.96560556,-84.19964722,0,12,6,0,2,99,0,1,1,10,0,10,0,0000000,16,13,16,16,17,1,0,0,0,1,0
13,130094,1,1,0,0,0,1,1,151,0,2,2,2013,7,2,10,0,16,4,CR-13 / COOK DR,,5,33.62784167,-84.24895,0,34,0,0,1,1,0,4,2,1,0,1,0,0000000,2,1,2,10,3,0,0,0,0,1,0
13,130095,2,2,0,0,0,5,5,57,6040,3,2,2013,1,9,52,1,13,3,SR-92,MOLLY LANE,78,34.08509722,-84.540725,0,12,2,0,2,2,0,1,1,1,0,1,0,0000000,9,52,9,59,10,39,0,0,0,1,0
13,130096,1,1,0,0,0,2,2,67,0,3,2,2013,1,3,21,0,14,4,CR-4402 / SANDY PLAINS RD,KINJAC DR,1,34.01486667,-84.49421944,0,33,0,0,3,2,0,5,3,10,0,10,0,0000000,99,98,99,98,88,88,0,0,0,2,1
13,130097,1,1,0,1,1,1,1,89,0,3,2,2013,1,3,48,1,13,3,SR-13 / BUFORD HWY,CURTIS DR,9,33.83658056,-84.33662778,0,8,0,0,3,99,0,1,3,10,0,10,0,0000000,99,98,99,98,88,88,0,0,0,1,0
13,130098,1,1,0,0,0,1,1,243,0,3,2,2013,1,15,27,0,4,4,CR-156 / BENEVOLENCE RD,,75,31.87775278,-84.73996667,0,53,0,0,1,1,0,4,1,1,0,1,0,0000000,15,49,15,57,88,88,0,0,0,1,1
13,130099,1,1,0,0,0,2,2,271,0,3,2,2013,1,12,57,0,6,4,CR-25 / SCOTLAND DIRT RD,,23,32.05787778,-82.86566111,0,32,0,0,1,1,0,4,1,1,0,1,0,0000000,99,99,99,99,99,99,0,0,0,1,0
13,130100,2,2,0,0,0,2,2,31,0,4,2,2013,2,17,50,0,5,4,CR-105 / WILLIAMS RD,GEORGE SABB RD,28,32.47005,-81.82906111,0,12,2,0,2,2,0,1,2,1,0,1,0,0000000,99,98,99,98,88,88,0,0,0,1,0
13,130101,1,1,0,1,1,1,1,67,3440,4,2,2013,2,20,55,0,14,2,US-41 / COBB PKWY,,86,33.96817222,-84.53681667,0,8,0,0,1,1,0,1,2,10,0,10,0,0000000,20,56,21,0,21,16,0,0,0,1,0
13,130102,1,1,0,0,0,1,1,121,5640,4,2,2013,2,10,53,1,13,2,US-29 / SR-14 ALT,,109,33.61896944,-84.52943611,0,24,0,0,1,1,0,4,1,1,0,1,0,0000000,11,1,11,6,11,30,0,0,0,1,0
13,130103,2,2,0,0,0,2,2,39,3010,5,2,2013,3,19,43,1,11,1,I-95 RAMP,,57,30.82066389,-81.66578611,0,12,1,1,20,1,0,1,2,1,0,1,0,0000000,19,48,19,56,20,28,0,0,0,1,0
13,130104,1,1,0,1,1,1,1,67,0,6,2,2013,4,16,0,0,14,4,CR-2845 / BELLS FERRY RD,,2,34.07412778,-84.57097778,0,9,0,0,1,1,0,1,1,1,0,1,0,0000000,99,98,99,98,88,88,0,0,0,1,0
13,130105,1,1,0,0,0,1,1,111,560,6,2,2013,4,16,55,0,4,4,CR-217 / SUGAR CREEK RD,,5,34.84786944,-84.39131111,0,31,0,0,1,1,0,4,1,1,0,1,0,0000000,99,98,99,98,88,88,0,0,0,1,1
13,130106,7,7,0,0,0,8,8,175,0,6,2,2013,4,8,9,1,1,1,I-16,,35,32.54670278,-83.162925,0,12,11,0,1,1,0,1,1,5,0,5,0,0000000,8,11,8,26,9,6,19,14,0,3,0
13,130107,6,6,0,0,0,6,6,175,0,6,2,2013,4,8,11,1,1,1,I-16,,23,32.55386389,-83.18210833,0,12,1,0,1,1,0,1,1,5,0,5,0,0000000,8,11,8,26,9,6,19,0,0,1,0
13,130108,2,2,0,1,1,3,3,29,4300,7,2,2013,5,16,18,0,3,3,SR-119,SIMS RD,83,32.16616389,-81.59873333,0,8,0,0,3,2,0,1,1,2,0,2,1,0000000,16,13,16,18,17,0,21,0,0,1,0
13,130109,1,1,0,0,0,1,1,87,0,7,2,2013,5,23,15,0,4,3,SR-309,,95,30.82043889,-84.5692,0,34,0,0,1,1,0,4,2,1,0,1,0,0000000,23,18,23,27,0,53,0,0,0,1,0
13,130110,1,1,0,0,0,1,1,213,0,7,2,2013,5,16,28,0,4,4,CR-109 / BROWN BRIDGE RD,,30,34.71604444,-84.83943611,0,35,0,0,1,1,0,4,1,2,0,2,0,0000000,16,23,16,34,17,7,0,0,0,1,0
13,130111,2,2,0,0,0,5,5,257,5530,7,2,2013,5,18,23,1,2,3,SR-17,CLARY CONN,70,34.54111389,-83.26784167,0,12,6,0,2,2,0,1,5,2,0,2,0,0000000,18,28,18,38,19,16,0,0,0,1,0
13,130112,2,2,0,0,0,7,7,285,0,8,2,2013,6,18,39,0,3,2,US-29 / SR-14,,98,32.99483333,-85.12595278,0,12,2,0,1,1,0,1,5,10,0,10,0,0000000,99,99,99,99,99,99,0,0,0,6,1
13,130113,3,3,0,0,0,3,3,63,0,9,2,2013,7,17,0,1,11,1,I-285,,21,33.63121667,-84.39294444,0,12,1,0,1,1,0,1,1,1,0,1,0,0000000,99,99,99,99,99,99,0,0,0,1,1
13,130114,1,1,0,0,0,1,1,189,1600,9,2,2013,7,6,53,1,3,2,US-78 / SR-10,,134,33.46406111,-82.47333056,0,30,0,0,1,1,0,4,4,1,0,1,0,0000000,99,98,99,98,88,88,0,0,0,1,1
13,130115,1,1,0,0,0,1,1,191,0,9,2,2013,7,9,5,0,4,3,SR-57,,9,31.56489167,-81.55423611,0,1,0,0,1,1,0,1,1,1,0,1,0,0000000,9,5,9,15,88,88,0,0,0,1,1
13,130116,2,2,0,0,0,4,4,241,1170,9,2,2013,7,15,12,0,3,2,US-76 / SR-2,,199,34.84595,-83.35444444,0,12,2,0,1,1,0,1,1,10,0,10,0,0000000,15,13,15,35,15,58,0,0,0,1,1
13,130117,1,1,0,0,0,2,2,247,0,9,2,2013,7,4,27,0,15,4,CR-436 / COSTLEY MILL RD,,20,33.68970278,-83.96170556,0,42,0,0,1,1,0,4,2,1,0,1,0,0000000,4,48,5,0,5,44,0,0,0,1,1
13,130118,1,1,0,0,0,5,5,39,0,10,2,2013,1,0,27,0,6,4,CR-20 / PROVIDENCE CHURCH RD,,65,31.05220833,-81.76196944,0,1,0,0,1,1,0,4,2,1,0,1,0,0000000,99,99,99,99,99,99,0,0,0,1,1
13,130119,1,1,0,0,0,1,1,51,4475,10,2,2013,1,18,44,0,16,6,MEINHARD RD,,14,32.18060833,-81.20897778,0,1,0,0,1,1,0,4,2,10,0,10,0,0000000,9,2,9,6,88,88,18,0,0,1,1
13,130120,2,2,0,0,0,6,6,115,4760,10,2,2013,1,19,25,0,13,2,US-27 / SR-1,SR-53,56,34.25622778,-85.16458889,0,12,6,0,2,2,0,1,3,2,0,2,0,0000000,99,99,99,99,99,99,0,0,0,1,0
13,130121,3,3,0,0,0,6,6,89,0,12,2,2013,3,15,31,1,13,4,CR-5190 / N HAIRSTON RD,FELLSRIDGE RD,2,33.80546944,-84.19369167,0,12,6,0,2,2,0,1,1,2,0,2,0,0000000,15,31,15,38,16,25,0,0,0,1,0
13,130122,2,2,0,0,0,5,5,275,5460,12,2,2013,3,7,41,1,13,2,US-84 / SR-38,US-319 BYP / SR-35,47,30.86893889,-84.006125,0,12,6,0,2,3,0,1,1,2,0,2,0,0000000,99,99,99,99,99,99,0,0,0,1,0
13,130123,2,2,0,0,0,2,2,277,0,12,2,2013,3,8,4,0,6,4,CR-34 / ZION HOPE RD,EARLY HUTCHINSON RD,33,31.50515,-83.56019722,0,12,6,0,2,3,0,1,1,2,0,2,0,0000000,8,12,8,20,8,44,0,0,0,1,0
13,130124,1,1,0,0,0,1,1,67,0,13,2,2013,4,11,14,1,13,4,CR-2835 / EAST WEST CONNECTOR,,58,33.84531944,-84.54199722,0,42,0,0,1,1,0,4,1,10,0,10,0,0000000,11,19,11,27,11,39,0,0,0,1,0
13,130125,1,1,0,0,0,1,1,269,0,13,2,2013,4,14,50,0,6,4,CR-117 / DILLON RD,,12,32.61680556,-84.19237778,0,34,0,0,1,1,0,4,1,2,0,2,0,0000000,99,99,99,99,88,88,0,0,0,1,0
13,130126,2,2,0,0,0,2,2,51,4910,14,2,2013,5,18,30,1,13,4,CR-302 / MONTGOMERY CROSSROAD,WATERS AVE,0,31.99393333,-81.105175,0,12,1,0,3,2,0,1,2,1,0,1,0,0000000,18,30,18,42,18,58,0,0,0,1,0
13,130127,2,2,0,0,0,2,2,185,0,14,2,2013,5,19,2,0,14,3,SR-125,,17,30.90709167,-83.26443056,0,12,1,0,1,1,0,1,2,1,0,1,0,0000000,19,5,19,10,19,34,0,0,0,1,0
13,130128,2,2,0,0,0,8,8,217,0,14,2,2013,5,9,24,1,13,4,CR-653 / COVINGTON BYPASS RD,FLAT SHOALS RD,13,33.56472222,-83.87139167,0,12,6,0,2,2,0,1,1,1,0,1,0,0000000,9,24,9,30,10,3,0,0,0,1,0
13,130129,2,2,0,0,0,4,4,217,0,14,2,2013,5,21,36,0,14,3,SR-36,CEDAR CREEK DR,127,33.55648611,-83.84901667,0,12,6,0,3,3,0,1,2,1,0,1,0,0000000,99,99,99,99,99,99,20,0,0,2,0
13,130130,2,2,0,0,0,3,3,253,1740,14,2,2013,5,15,25,1,2,2,US-84 / SR-38,,50,31.04165556,-84.88818056,0,12,6,0,8,1,0,1,1,10,0,10,0,0000000,99,99,99,99,99,99,0,0,0,1,0
13,130131,1,1,0,3,3,1,1,273,1580,14,2,2013,5,19,47,1,13,3,SR-520,,112,31.78374444,-84.44638889,0,8,0,0,1,1,0,11,3,1,0,1,0,0000000,99,99,99,99,99,99,0,0,0,2,0
13,130132,1,1,0,0,0,2,2,15,0,15,2,2013,6,1,19,0,6,4,CR-OLD ALABAMA ROAD,,5,34.11502778,-84.79158333,0,35,0,0,1,1,0,5,2,1,0,1,0,0000000,1,23,1,43,2,37,0,0,0,1,1
13,130133,1,1,0,0,0,1,1,237,0,15,2,2013,6,7,15,0,6,4,CR-LOBLOLLY DRIVE,,8,33.29754444,-83.41095,0,35,0,0,1,1,0,5,4,10,0,10,0,0000000,7,21,7,27,88,88,0,0,0,1,1
13,130134,1,1,0,0,0,1,1,67,3440,16,2,2013,7,1,59,0,16,6,MANNING ROAD,,99999,33.9449,-84.57738611,0,42,0,0,1,1,0,5,3,1,0,1,0,0000000,88,88,88,88,88,88,0,0,0,1,1
13,130135,1,1,0,1,1,1,1,67,3440,16,2,2013,7,18,54,0,14,3,SR-120,ALLGOOD ROAD,137,33.95879444,-84.53988889,0,8,0,0,3,3,0,1,2,1,0,1,0,0000000,18,55,19,2,19,8,0,0,0,1,0
13,130136,2,2,0,0,0,3,3,135,3158,16,2,2013,7,17,18,0,14,3,SR-8,,37,33.90199167,-84.12366111,0,12,6,0,1,1,0,1,1,1,0,1,0,0000000,17,17,17,19,18,7,0,0,0,1,0
13,130137,2,2,0,0,0,9,9,225,2220,16,2,2013,7,15,17,0,4,6,IRA HICKS BLVD.,CARVER DRIVE,13,32.52514167,-83.89311667,0,1,0,0,3,2,0,2,1,1,0,1,0,0000000,99,99,99,99,99,99,0,0,0,2,1
13,130138,1,1,0,1,1,1,1,89,1750,17,2,2013,1,3,43,1,11,1,I-285,,37,33.91285833,-84.28603333,0,8,0,0,1,1,0,1,2,1,0,1,0,0000000,3,43,3,50,88,88,0,0,0,1,0
13,130139,1,1,0,0,0,1,1,97,1770,17,2,2013,1,22,48,0,16,6,REYNOLDS ROAD,,7,33.70293889,-84.73685556,0,42,0,0,1,1,0,5,2,1,0,1,0,0000000,88,88,88,88,88,88,0,0,0,1,1
13,130140,1,1,0,0,0,1,1,139,0,18,2,2013,2,15,31,0,3,4,CR-OLD CORNELIA HIGHWAY,,159,34.3525,-83.70695,0,1,0,0,1,1,0,1,1,1,0,1,0,0000000,15,39,15,40,16,30,0,0,0,1,1
13,130141,1,1,0,1,1,1,1,121,280,19,2,2013,3,6,7,0,14,3,SR-139,BAKERS FERRY ROAD,154,33.76187222,-84.50797778,0,8,0,0,2,2,0,1,3,2,0,2,0,0000000,6,7,6,15,88,88,0,0,0,1,0
13,130142,1,1,0,0,0,1,1,195,0,19,2,2013,3,12,32,0,3,3,SR-8,,132,34.16903611,-83.20111111,0,52,0,0,1,1,0,4,1,10,0,10,0,0000000,88,88,88,88,88,88,0,0,0,1,1
13,130143,1,1,0,0,0,1,1,51,4910,20,2,2013,4,10,8,0,14,6,JOHNNY MERCER BLVD.,,15,32.02638333,-80.9996,0,30,0,0,1,1,0,5,1,1,0,1,0,0000000,10,10,10,35,10,35,0,0,0,1,0
13,130144,1,1,0,0,0,1,1,285,0,20,2,2013,4,19,38,1,1,1,I-85,,85,32.97237778,-85.06697778,0,1,0,0,1,1,0,1,2,10,0,10,0,0000000,88,88,88,88,88,88,0,0,0,1,1
13,130145,2,2,0,0,0,5,5,247,0,21,2,2013,5,16,42,0,14,4,CR-WEST HIGHTOWER ROAD,ZINGARA ROAD,20,33.73459722,-83.98611667,0,12,6,0,2,2,0,1,1,10,0,10,0,0000000,16,43,16,54,17,41,0,0,0,1,0
13,130146,6,6,0,0,0,8,8,51,0,22,2,2013,6,14,16,1,13,1,I-516,,2,32.04028056,-81.14489167,0,1,0,0,1,1,0,1,1,2,0,2,0,0000000,14,21,14,29,14,48,0,0,0,2,0
13,130147,1,1,0,0,0,2,2,143,0,22,2,2013,6,16,40,0,6,4,CR-CORINTH POSEYVILLE ROAD,,20,33.79480833,-85.12201111,0,23,0,0,1,1,0,5,1,10,0,10,0,0000000,88,88,88,88,88,88,0,0,0,2,0
13,130148,1,1,0,1,1,2,2,153,4340,22,2,2013,6,21,51,1,13,2,US-341(SR7),,152,32.46021667,-83.73443889,0,8,0,0,1,1,0,1,2,2,0,2,0,0000000,99,99,99,99,88,88,0,0,0,1,0
13,130149,2,2,0,0,0,3,3,157,0,22,2,2013,6,21,27,0,6,4,CR-YARBROUGH RIDGEWAY ROAD,,19,34.24535833,-83.51304444,0,12,2,0,1,1,0,1,2,2,0,2,0,0000000,99,99,99,99,99,99,0,0,0,1,0
13,130150,1,1,0,0,0,5,5,311,0,22,2,2013,6,14,30,0,6,4,CR-ASBURY MILL ROAD,,36,34.56494444,-83.81906667,0,35,0,0,1,1,0,5,1,10,0,10,0,0000000,99,99,99,99,99,99,0,0,0,2,0
13,130151,2,2,0,0,0,2,2,89,0,23,2,2013,7,9,54,0,14,2,US-278(SR12),,50,33.73064444,-84.19329167,0,12,6,0,8,1,0,1,1,2,0,2,0,0000000,10,9,10,22,10,54,0,0,0,1,1
13,130152,2,2,0,1,1,3,3,121,280,23,2,2013,7,3,52,1,11,1,I-285,,65,33.73777222,-84.50060556,0,24,0,0,1,1,0,5,3,2,0,2,0,0000000,99,98,99,98,88,88,19,0,0,1,1
13,130153,2,2,0,0,0,5,5,129,860,23,2,2013,7,20,19,0,16,6,LAUREL CREEK ROAD,,3,34.49503611,-84.93223889,0,12,6,0,1,1,0,1,3,1,0,1,0,0000000,20,19,20,25,20,47,0,0,0,1,0
13,130154,2,2,0,0,0,2,2,175,0,23,2,2013,7,20,37,1,1,1,I-16,,246,32.47673611,-82.83901667,0,12,1,0,1,1,0,1,2,10,0,10,0,0000000,20,43,20,55,21,25,0,0,0,1,0
13,130155,1,1,0,1,1,1,1,21,3390,24,2,2013,1,0,1,0,14,6,PIO NONO AVENUE,,94,32.79214722,-83.66840278,0,8,0,0,1,1,0,1,3,1,0,1,0,0000000,0,1,0,10,0,20,0,0,0,1,0
13,130156,2,2,0,0,0,3,3,89,1815,24,2,2013,1,2,15,1,11,1,I-285,,19,33.9204,-84.31475556,0,12,1,0,1,1,0,1,3,10,0,10,0,0000000,99,99,99,99,99,99,0,0,0,1,1
13,130157,1,1,0,0,0,1,1,91,0,25,2,2013,2,21,8,0,4,3,SR-257,RODDY,4,32.33941944,-83.29741389,0,59,0,0,6,1,0,1,1,2,0,2,0,729311U,88,88,88,88,88,88,0,0,0,1,0
13,130158,1,1,0,0,0,2,2,219,0,25,2,2013,2,21,0,0,6,4,CR-HALE ROAD,,19,33.73281111,-83.36081667,0,59,0,0,1,1,0,6,2,10,0,10,0,0000000,88,88,88,88,88,88,0,0,0,2,0
13,130159,2,2,0,0,0,17,17,305,0,25,2,2013,2,14,43,1,2,3,SR-27,,114,31.64029722,-81.95635833,0,12,6,0,1,1,0,1,1,2,0,2,1,0000000,14,41,14,46,15,15,0,0,0,1,1
13,130160,1,1,0,0,0,2,2,81,0,26,2,2013,3,12,20,1,1,1,I-75,,145,32.00918889,-83.75906944,0,59,0,0,1,1,0,5,1,1,0,1,0,0000000,88,88,88,88,88,88,0,0,0,2,0
13,130161,2,2,0,0,0,3,3,109,1160,26,2,2013,3,23,26,0,4,3,SR-169,SR-129,83,32.19768611,-81.96156111,0,12,6,0,2,2,0,1,2,1,0,1,0,0000000,99,99,99,99,99,99,0,0,0,2,0
13,130162,1,1,0,0,0,2,2,175,0,26,2,2013,3,12,44,0,6,4,CR-ALCORN ROAD,,60,32.384925,-83.08424722,0,1,0,0,1,1,0,1,1,1,0,1,0,0000000,12,47,12,53,13,42,0,0,0,1,0
13,130163,1,1,0,0,0,1,1,247,0,26,2,2013,3,6,23,1,11,1,I-20,,12,33.68683611,-84.06618333,0,18,0,0,1,1,0,1,2,2,0,2,0,0000000,88,88,88,88,88,88,0,0,0,1,0
13,130164,1,1,0,0,0,1,1,97,0,27,2,2013,4,19,45,0,14,3,SR-92,,21,33.68461944,-84.66210278,0,42,0,0,1,1,0,5,1,1,0,1,0,0000000,88,88,88,88,88,88,0,0,0,1,0
13,130165,1,1,0,1,1,1,1,121,120,27,2,2013,4,12,12,0,14,6,MCGINNIS FERRY ROAD,,5,34.10145556,-84.24085278,0,8,0,0,1,1,1,1,1,1,0,1,0,0000000,99,98,99,98,88,88,0,0,0,1,0
13,130166,2,2,0,0,0,2,2,121,5640,27,2,2013,4,17,4,1,13,3,SR-14,MAJESTIC PLACE,118,33.61946389,-84.53269722,0,12,6,0,2,2,0,1,1,1,0,1,0,0000000,99,98,99,98,88,88,0,0,0,1,0
13,130167,1,1,0,0,0,1,1,133,0,27,2,2013,4,21,38,0,3,3,SR-15,,25,33.47462222,-83.03573333,0,1,0,0,1,1,0,5,2,1,0,1,0,0000000,99,99,99,99,99,99,0,0,0,1,0
13,130168,2,2,0,0,0,3,3,191,0,27,2,2013,4,17,16,1,1,1,I-95,,64,31.44195278,-81.44463333,0,12,7,0,1,1,0,1,1,1,0,1,0,0000000,17,20,17,23,88,88,0,0,0,1,0
13,130169,1,1,0,0,0,1,1,223,0,27,2,2013,4,23,58,0,14,4,CR-MACLAND ROAD,,12,33.91758333,-84.77284444,0,34,0,0,1,1,0,5,2,1,0,1,0,0000000,99,99,99,99,99,99,0,0,0,1,0
13,130170,1,1,0,0,0,2,2,227,2910,27,2,2013,4,13,5,0,4,6,COVE ROAD,,53,34.47395,-84.41689722,0,35,0,0,1,1,0,5,1,1,0,1,0,0000000,13,10,13,16,13,35,0,0,0,2,0
13,130171,1,1,0,0,0,1,1,13,0,28,2,2013,5,15,23,0,5,4,CR-MULBERRY ROAD,,14,34.05884444,-83.740425,0,34,0,0,1,1,0,5,1,1,0,1,0,0000000,88,88,88,88,88,88,0,0,0,1,1
13,130172,1,1,0,0,0,1,1,51,4910,28,2,2013,5,2,24,0,16,6,FERGUSON AVENUE,,11,31.95710833,-81.09978056,0,43,0,0,1,1,0,5,2,1,0,1,0,0000000,2,24,2,35,88,88,0,0,0,1,1
13,130173,1,1,0,0,0,2,2,209,60,28,2,2013,5,14,39,1,2,2,US-280,,24,32.18680833,-82.574025,0,18,0,0,1,1,0,1,1,1,0,1,0,0000000,14,33,14,37,15,0,0,0,0,2,0
13,130174,2,2,0,0,0,2,2,89,0,7,2,2013,5,7,36,1,13,3,SR-141 / PEACHTREE RD,BROOKHAVEN DR,1,33.857575,-84.34526389,0,12,7,0,3,3,0,1,1,2,0,2,0,0000000,7,38,7,43,8,5,0,0,0,1,0
13,130175,2,1,1,0,0,2,2,215,1280,1,3,2013,6,19,52,0,15,6,LUNA DR,,4,32.47381111,-84.891175,0,53,0,0,1,1,0,4,2,10,0,10,0,0000000,19,55,19,57,20,13,0,0,0,1,0
13,130176,1,1,0,0,0,2,2,47,0,2,3,2013,7,22,59,0,3,3,SR-151 / ALABAMA HWY,,78,34.87804722,-85.13945833,0,59,0,0,1,1,0,4,2,4,0,4,0,0000000,22,55,23,1,0,50,0,0,0,1,0
13,130177,1,1,0,0,0,4,4,63,0,2,3,2013,7,8,20,1,11,1,I-75,,64,33.58765833,-84.38312778,0,42,0,0,1,1,0,4,1,10,0,10,0,0000000,8,23,8,30,9,8,0,0,0,1,0
13,130178,1,1,0,0,0,2,2,73,0,2,3,2013,7,4,35,1,1,1,I-20,,83,33.48996667,-82.25793056,0,24,0,0,1,1,0,4,2,10,0,10,0,0000000,4,47,5,7,5,42,0,0,0,1,1