STATE,ST_CASE,VE_TOTAL,VE_FORMS,PVH_INVL,PEDS,PERNOTMVIT,PERMVIT,PERSONS,COUNTY,CITY,DAY,MONTH,YEAR,DAY_WEEK,HOUR,MINUTE,NHS,ROAD_FNC,ROUTE,TWAY_ID,TWAY_ID2,MILEPT,LATITUDE,LONGITUD,SP_JUR,HARM_EV,MAN_COLL,RELJCT1,RELJCT2,TYP_INT,WRK_ZONE,REL_ROAD,LGT_COND,WEATHER1,WEATHER2,WEATHER,SCH_BUS,RAIL,NOT_HOUR,NOT_MIN,ARR_HOUR,ARR_MIN,HOSP_HR,HOSP_MN,CF1,CF2,CF3,FATALS,DRUNK_DR
13,130179,1,1,0,0,0,1,1,207,0,2,3,2013,7,5,53,0,5,4,CR-284 / RUSSELLVILLE RD,,73,32.88948333,-83.974025,0,42,0,0,1,1,0,5,2,1,0,1,0,0000000,6,18,6,33,88,88,0,0,0,1,1
13,130180,1,1,0,0,0,1,1,243,0,2,3,2013,7,2,45,0,6,4,CR-9 / BURNEY RD,,16,31.739575,-84.59341667,0,42,0,0,1,1,0,4,2,1,0,1,0,0000000,99,98,99,98,88,88,0,0,0,1,0
13,130181,1,1,0,0,0,1,1,85,1590,3,3,2013,1,11,5,1,2,2,US-19 / SR-400,,64,34.41091944,-83.99481111,0,59,0,0,1,1,0,4,1,1,0,1,0,0000000,99,99,99,99,99,99,0,0,0,1,0
13,130182,2,2,0,0,0,3,3,127,760,3,3,2013,1,20,14,0,14,4,CR-592 / NORWICH ST,Q ST,14,31.16601111,-81.49725278,0,12,2,0,2,2,0,1,3,1,0,1,0,0000000,20,16,20,29,20,31,0,0,0,1,0
13,130183,1,1,0,0,0,1,1,177,0,3,3,2013,1,22,49,0,4,3,SR-195,,75,31.82569167,-84.10550556,0,53,0,0,1,1,0,4,2,1,0,1,0,0000000,99,98,99,98,88,88,0,0,0,1,1
13,130184,1,1,0,0,0,1,1,85,1590,4,3,2013,2,16,45,0,4,4,CR-252 / DAWSON FOREST RD,,40,34.353425,-84.045975,0,24,0,0,1,1,0,4,1,1,0,1,0,0000000,16,44,16,48,17,24,0,0,0,1,0
13,130185,2,2,0,0,0,2,2,175,0,4,3,2013,2,4,11,0,3,3,SR-29,,52,32.47966944,-82.74891111,0,12,2,0,1,1,0,1,2,1,0,1,0,0000000,99,99,99,99,99,99,0,0,0,1,1
13,130186,1,1,0,0,0,2,2,245,310,4,3,2013,2,0,27,0,16,4,CR-2398 / MORNINGSIDE DR,,2,33.48944444,-82.01148889,0,53,0,0,1,1,0,4,3,1,0,1,0,0000000,0,32,0,37,1,42,0,0,0,1,1
13,130187,3,3,0,0,0,5,5,121,0,5,3,2013,3,15,15,1,13,2,US-29 / SR-14,CAMP DR,103,33.59979722,-84.54594167,0,12,6,0,2,3,1,1,1,10,0,10,0,0000000,15,25,15,30,15,57,0,0,0,2,0
13,130188,2,1,1,0,0,1,1,129,0,5,3,2013,3,21,30,1,11,1,I-75,,37,34.46444722,-84.919475,0,14,0,0,1,1,0,2,2,10,0,10,0,0000000,99,99,99,99,88,88,0,0,0,1,0
13,130189,1,1,0,0,0,1,1,183,0,5,3,2013,3,19,22,0,5,4,CR-41 / DARWELL LONG RD,,60,31.80322778,-81.74983056,0,42,0,0,1,1,0,4,2,1,0,1,0,0000000,99,99,99,99,99,99,0,0,0,1,0
13,130190,1,1,0,0,0,1,1,213,1080,6,3,2013,4,10,15,1,2,2,US-76 / SR-2,COLONIAL HILLS DR,192,34.78222778,-84.76987222,0,10,0,0,3,3,0,5,1,10,0,10,0,063703R,10,16,10,19,88,88,0,0,0,1,0
13,130191,1,1,0,1,1,1,1,313,1510,6,3,2013,4,6,20,0,14,2,US-41 / SR-3,N TIBBS RD,209,34.79421389,-85.00361667,0,8,0,0,3,2,0,1,2,2,0,2,0,0000000,6,22,6,32,6,49,0,0,0,1,0
13,130192,1,1,0,0,0,1,1,45,0,7,3,2013,5,7,15,0,16,4,CR-422 / DOCK HYDE RD,,23,33.62198611,-85.00453056,0,42,0,0,1,1,0,4,1,1,0,1,0,0000000,99,98,99,98,88,88,0,0,0,1,0
13,130193,3,3,0,0,0,3,3,117,0,7,3,2013,5,16,47,0,14,3,SR-9,N OLD ATLANTA RD,93,34.18496667,-84.14570278,0,12,6,0,2,2,0,1,1,1,0,1,1,0000000,16,50,16,54,17,22,0,0,0,1,0
13,130194,1,1,0,1,1,1,1,89,0,8,3,2013,6,23,33,0,14,4,CR-5156 / CLAIRMONT RD,BRAGG ST,6,33.86790556,-84.30945833,0,8,0,0,3,2,0,1,2,1,0,1,0,0000000,23,37,23,42,0,12,0,0,0,1,0
13,130195,1,1,0,0,0,1,1,209,0,8,3,2013,6,17,20,0,3,3,SR-135,,127,32.12891111,-82.47916944,0,42,0,0,1,1,0,4,1,1,0,1,0,0000000,99,99,99,99,99,99,0,0,0,1,0
13,130196,1,1,0,0,0,1,1,215,1280,8,3,2013,6,13,9,1,12,2,US-80 / J R ALLEN PKWY,,81,32.55532222,-84.88950556,0,42,0,0,1,1,0,4,1,1,0,1,0,0000000,13,10,13,18,88,88,0,0,0,1,0
13,130197,1,1,0,0,0,1,1,47,2210,9,3,2013,7,1,53,0,15,4,CR-45 / MACK SMITH RD,,5,34.96604444,-85.21928611,0,30,0,0,1,1,0,4,2,1,0,1,0,0000000,1,53,1,53,88,88,0,0,0,1,1
13,130198,1,1,0,0,0,1,1,121,2570,9,3,2013,7,14,28,1,11,1,I-85 RAMP,,163,33.66208333,-84.42548056,0,33,0,1,5,1,0,4,1,10,0,10,0,0000000,14,28,14,31,14,48,0,0,0,1,0
13,130199,1,1,0,0,0,1,1,313,1510,9,3,2013,7,2,44,1,11,1,I-75 RAMP,,130,34.79081111,-85.00100556,0,24,0,1,5,1,0,4,2,1,0,1,0,0000000,2,54,3,0,88,88,0,0,0,1,1
13,130200,1,1,0,0,0,1,1,57,0,10,3,2013,1,12,50,1,11,1,I-575,,159,34.29228333,-84.43658333,0,21,0,0,1,1,0,4,1,1,0,1,0,0000000,99,98,99,98,88,88,0,0,0,1,0
13,130201,2,2,0,0,0,3,3,63,0,10,3,2013,1,0,5,1,11,1,I-285,,26,33.62850556,-84.41697778,0,12,1,0,1,1,0,1,2,1,0,1,0,0000000,0,14,0,23,1,2,0,0,0,1,1
13,130202,1,1,0,0,0,1,1,135,3100,10,3,2013,1,16,18,0,16,4,CR-244 / SPRINGLAKE RD,,3,33.95496389,-83.96102222,0,42,0,0,1,1,3,4,1,1,0,1,0,0000000,16,17,16,23,17,10,0,0,0,1,0
13,130203,1,1,0,1,1,3,3,251,0,10,3,2013,1,18,32,0,4,4,CR-245 / HALCYONDALE RD,,137,32.70532222,-81.62509444,0,8,0,0,8,1,0,1,1,1,0,1,0,0000000,99,99,99,99,99,99,0,0,0,1,0
13,130204,1,1,0,0,0,3,3,285,0,10,3,2013,1,23,10,1,1,1,I-85,,17,32.88325833,-85.14504167,0,1,0,0,1,1,0,3,2,10,0,10,0,0000000,99,99,99,99,99,99,0,0,0,1,0
13,130205,1,1,0,1,1,1,1,25,5862,11,3,2013,2,10,44,0,4,3,SR-110,,91,31.25003611,-81.84803611,0,9,0,0,1,1,0,1,1,1,0,1,0,0000000,99,98,99,98,88,88,0,0,0,1,0
13,130206,2,2,0,0,0,3,3,89,0,11,3,2013,2,17,50,0,14,4,CR-5192 / N DESHON RD,,67,33.79144167,-84.09973056,0,12,2,0,1,1,0,1,1,2,0,2,0,0000000,18,16,18,23,19,12,0,0,0,1,0
13,130207,1,1,0,1,1,1,1,121,280,11,3,2013,2,7,15,1,13,3,SR-6 / CAMP CREEK PKWY,,76,33.65694444,-84.52154722,0,8,0,0,1,1,0,1,2,1,0,1,0,0000000,99,98,99,98,88,88,0,0,0,1,0
13,130208,1,1,0,0,0,1,1,139,0,11,3,2013,2,18,20,1,2,3,SR-365,,224,34.37884722,-83.71533889,0,59,0,0,1,1,0,4,1,2,0,2,0,0000000,99,98,99,98,88,88,0,0,0,1,0
13,130209,2,2,0,0,0,2,2,151,0,11,3,2013,2,23,52,1,2,2,US-19/41 / SR-3,,49,33.42126944,-84.317775,0,12,2,0,1,1,0,1,2,2,0,2,0,0000000,23,52,0,17,0,46,0,0,0,1,1
13,130210,1,1,0,0,0,1,1,231,0,11,3,2013,2,8,3,0,4,4,CR-254 / VEGA RD,,21,33.02318333,-84.27538889,0,1,0,0,1,1,0,4,1,10,0,10,0,0000000,8,3,8,13,8,55,0,0,0,1,0
13,130211,2,2,0,0,0,2,2,117,1440,12,3,2013,3,8,50,1,2,3,SR-53,,31,34.30909167,-83.98878333,0,12,2,0,1,1,0,1,1,1,0,1,0,0000000,99,98,99,98,88,88,0,0,0,2,0
13,130212,1,1,0,1,1,1,1,121,280,12,3,2013,3,8,13,1,13,2,US-29 / PONCE DE LEON AVE,SEMINOLE AVE,99,33.77380278,-84.35066944,0,8,0,0,3,3,0,1,1,1,0,1,0,0000000,99,99,99,99,99,99,0,0,0,1,0
13,130213,4,4,0,0,0,4,4,121,1900,12,3,2013,3,15,15,1,11,1,I-285,,8,33.63655278,-84.49211111,0,12,7,0,1,1,0,1,1,1,0,1,0,0000000,15,27,15,34,16,6,19,0,0,1,0
13,130215,1,1,0,1,1,1,1,67,0,13,3,2013,4,19,9,1,13,3,SR-120 / ROSWELL RD,,180,33.97930278,-84.46075833,0,8,0,0,1,1,0,1,5,1,0,1,0,0000000,19,9,19,13,19,32,0,0,0,1,0
13,130216,2,2,0,0,0,2,2,245,310,14,3,2013,5,14,45,0,14,3,SR-56,BENNOCK MILL RD,52,33.31226389,-81.95378333,0,12,6,0,2,3,0,1,1,1,0,1,0,0000000,14,32,14,48,15,15,0,0,0,1,0
13,130217,3,3,0,0,0,7,7,45,5730,15,3,2013,6,11,0,0,3,3,SR-101,,41,33.76916944,-84.95712222,0,12,1,0,8,1,0,1,1,1,0,1,0,0000000,10,57,11,12,88,88,0,0,0,1,0
13,130218,1,1,0,1,1,1,1,51,0,15,3,2013,6,23,17,1,1,1,I-95,,24,32.00135556,-81.28611111,0,8,0,0,1,1,0,1,2,1,0,1,0,0000000,23,17,23,21,88,88,0,0,0,1,0
13,130220,1,1,0,0,0,1,1,97,0,15,3,2013,6,23,0,1,11,1,I-20,,75,33.72464722,-84.77373889,0,24,0,0,1,1,0,4,2,1,0,1,0,0000000,99,98,99,98,88,88,0,0,0,1,1
13,130221,3,3,0,0,0,3,3,21,0,21,3,2013,5,19,11,0,14,2,US-80 / SR-22,FULTON MILL RD,67,32.79932222,-83.75269722,0,12,6,0,2,2,0,1,1,1,0,1,0,0000000,19,10,19,21,20,4,0,0,0,1,0
13,130222,1,1,0,0,0,1,1,281,0,8,1,2013,3,12,58,0,6,4,CR-173 / FODDER CREEK RD,,21,34.90320278,-83.77068333,0,1,0,0,1,1,0,1,1,1,0,1,0,0000000,12,58,13,8,99,99,0,0,0,1,0
13,130223,2,2,0,0,0,8,8,89,0,20,2,2013,4,11,58,0,14,4,CR-594 / SALEM RD,FANNIN DR,11,33.67845,-84.16826667,0,12,7,0,8,1,0,1,1,1,0,1,0,0000000,99,99,99,99,99,99,0,0,0,1,0
13,130224,2,2,0,0,0,2,2,127,0,6,3,2013,4,8,41,0,14,2,US-17(SR-25),EMANUAL FARM ROAD,154,31.19765833,-81.46839722,0,12,1,0,2,2,0,1,1,1,0,1,0,0000000,8,41,8,44,8,59,0,0,0,1,0
13,130225,3,3,0,0,0,3,3,21,0,10,3,2013,1,20,10,1,11,1,I-75,,4,32.698175,-83.73601111,0,12,1,0,1,1,0,1,2,1,0,1,0,0000000,20,7,20,25,20,44,0,0,0,1,0
13,130226,1,1,0,1,1,1,1,187,1480,15,3,2013,6,16,21,1,2,3,SR-11,,46,34.68864722,-83.90811111,0,9,0,0,1,1,0,1,1,1,0,1,0,0000000,16,21,16,21,17,0,0,0,0,1,0
13,130227,1,1,0,0,0,1,1,85,1590,16,3,2013,7,21,5,0,5,6,WAR HILL PARK ROAD,,6,34.34253889,-84.01278056,0,53,0,0,1,1,0,5,2,1,0,1,0,0000000,88,88,88,88,88,88,0,0,0,1,0
13,130228,1,1,0,0,0,1,1,117,1440,16,3,2013,7,0,36,0,14,6,SAWNEE DRIVE,,8,34.22678611,-84.1425,0,53,0,0,1,1,0,5,2,1,0,1,0,0000000,88,88,88,88,88,88,0,0,0,1,0
13,130229,1,1,0,1,1,1,1,121,280,16,3,2013,7,20,57,0,16,6,ABNER PLACE,MARY GEORGE AVENUE,0,33.80181667,-84.4652,0,8,0,0,3,2,0,1,3,1,0,1,0,0000000,21,1,21,11,21,35,0,0,0,1,0
13,130230,1,1,0,0,0,1,1,31,5170,18,3,2013,2,7,49,1,13,6,VETERANS MEMORIAL PARKWAY,,22,32.42304167,-81.75659167,0,42,0,0,1,1,0,5,2,10,0,10,0,0000000,88,88,88,88,88,88,0,0,0,1,0
13,130231,1,1,0,0,0,1,1,31,0,18,3,2013,2,20,45,0,4,4,CR-LAKE VIEW ROAD,,39,32.53961389,-81.78569167,0,53,0,0,1,1,0,5,1,1,0,1,0,0000000,88,88,88,88,88,88,0,0,0,1,0
13,130232,2,2,0,0,0,2,2,55,0,18,3,2013,2,7,28,1,2,2,US-27(SR1),,87,34.46821389,-85.33541111,0,12,2,0,1,1,0,1,1,10,0,10,0,0000000,7,25,7,30,8,15,0,0,0,1,0
13,130233,1,1,0,0,0,1,1,55,5570,18,3,2013,2,14,50,1,2,2,US-27,,155,34.54034444,-85.30030556,0,42,0,0,1,1,0,5,1,2,0,2,0,0000000,88,88,88,88,88,88,0,0,0,1,0
13,130234,2,2,0,0,0,3,3,67,0,18,3,2013,2,13,47,1,11,1,I-575,,34,34.04473889,-84.56373333,0,12,6,0,1,1,0,1,1,10,0,10,0,0000000,13,47,13,57,14,51,0,0,0,2,0
13,130235,1,1,0,0,0,5,5,231,0,18,3,2013,2,18,17,1,2,3,SR-3,,143,33.180175,-84.30128611,0,1,0,0,1,1,0,1,5,2,0,2,0,0000000,18,19,18,25,19,26,0,0,0,1,0
13,130236,1,1,0,0,0,2,2,233,0,18,3,2013,2,17,40,0,4,4,CR-CAVE SPRINGS ROAD,,94,34.07363889,-85.34079722,0,16,0,0,1,1,0,1,1,2,0,2,0,0000000,17,35,18,0,18,42,0,0,0,1,0
13,130237,1,1,0,0,0,2,2,263,0,18,3,2013,2,18,56,0,3,3,SR-36,,90,32.79055556,-84.53614444,0,42,0,0,1,1,0,5,2,2,0,2,0,0000000,18,50,19,14,20,4,0,0,0,1,0
13,130238,1,1,0,0,0,2,2,215,1280,19,3,2013,3,2,15,0,14,6,WARM SPRINGS ROAD,,43,32.556475,-84.86681389,0,42,0,0,1,1,0,5,3,10,0,10,0,0000000,2,15,2,23,2,26,0,0,0,1,0
13,130239,2,2,0,0,0,3,3,241,1170,19,3,2013,3,13,37,0,3,2,US-76(SR2),,197,34.84826389,-83.35982778,0,12,2,0,1,1,0,1,1,10,0,10,0,0000000,13,34,13,37,13,41,0,0,0,1,0
13,130240,2,2,0,0,0,7,7,89,0,20,3,2013,4,19,0,0,14,4,CR-SNAPFINGER WOODS DRIVE,,50,33.70689167,-84.21843333,0,12,2,0,1,1,0,1,1,1,0,1,0,0000000,19,0,19,10,20,0,20,0,0,2,0
13,130241,1,1,0,0,0,1,1,213,0,20,3,2013,4,7,38,0,3,3,SR-225,,23,34.64574167,-84.84339722,0,1,0,0,1,1,0,5,1,1,0,1,0,0000000,7,30,7,46,8,14,0,0,0,1,0
13,130242,3,3,0,0,0,5,5,89,0,22,3,2013,6,14,51,0,15,4,CR-DESHON ROAD,,57,33.77638611,-84.1032,0,12,7,0,1,1,0,1,1,10,0,10,0,0000000,15,6,15,22,16,24,0,0,0,1,0
13,130243,1,1,0,0,0,1,1,131,0,22,3,2013,6,12,3,0,4,3,SR-188,,42,30.90615556,-84.15943611,0,1,0,0,1,1,0,1,1,1,0,1,0,0000000,12,5,12,10,13,8,0,0,0,1,1
13,130244,1,1,0,0,0,1,1,45,0,23,3,2013,7,14,10,0,4,3,SR-5,,157,33.4677,-85.045825,0,35,0,0,1,1,0,5,1,10,0,10,0,0000000,14,9,14,26,14,53,0,0,0,1,1
13,130245,1,1,0,0,0,5,5,49,2780,23,3,2013,7,20,13,0,3,2,US-301(SR-4),,11,30.86999722,-82.01249167,0,42,0,0,1,1,0,5,2,2,0,2,0,0000000,99,99,99,99,99,99,0,0,0,1,0
13,130246,3,3,0,1,1,2,2,121,280,23,3,2013,7,10,40,1,12,6,ARTHUR LANKFORD PARKWAY,,253,33.69639167,-84.48463056,0,8,0,0,1,1,0,1,1,2,0,2,0,0000000,99,98,99,98,88,88,19,0,0,1,0
13,130247,1,1,0,1,1,1,1,121,280,23,3,2013,7,23,23,0,14,6,CLEVELAND AVENUE,,25,33.68125833,-84.40690556,0,8,0,0,1,1,0,1,2,2,0,2,0,0000000,99,99,99,99,99,99,0,0,0,1,0
13,130248,1,1,0,0,0,2,2,151,0,23,3,2013,7,3,3,0,6,4,CR-037300,,17,33.39141944,-84.10532222,0,42,0,0,1,1,0,5,2,10,0,10,0,0000000,88,88,88,88,88,88,0,0,0,1,0
13,130249,1,1,0,0,0,1,1,51,0,24,3,2013,1,21,38,1,13,4,CR-097500,,5,31.98886111,-81.19947222,0,24,0,0,1,1,0,4,2,1,0,1,0,0000000,21,37,21,45,22,0,0,0,0,1,0
13,130250,1,1,0,0,0,1,1,219,0,24,3,2013,1,15,4,0,3,2,US-78(SR10),,39,33.91818333,-83.54226667,0,34,0,0,1,1,0,5,1,10,0,10,0,0000000,15,5,15,16,15,48,0,0,0,1,0
13,130251,1,1,0,1,1,3,3,285,0,24,3,2013,1,0,50,0,6,4,CR-TIN BRIDGE ROAD,,9,33.13379444,-84.91818611,0,8,0,0,1,1,0,1,2,2,0,2,0,0000000,1,0,1,4,2,38,0,0,0,1,0
13,130252,2,2,0,0,0,2,2,59,270,25,3,2013,2,17,4,0,14,6,TALLASSEE ROAD,WESTCHESTER DRIVE,42,33.96655278,-83.43329722,0,12,1,0,2,3,0,1,1,1,0,1,0,0000000,17,6,17,12,17,36,0,0,0,1,1
13,130253,1,1,0,1,1,1,1,217,0,25,3,2013,2,14,43,0,16,4,CR-DUNCAN ROAD,,99999,33.68781667,-83.85707222,0,8,0,0,1,1,0,1,1,1,0,1,0,0000000,99,98,99,98,88,88,0,0,0,1,0
13,130254,1,1,0,0,0,1,1,277,0,25,3,2013,2,10,12,0,4,4,CR-44,,10,31.48481111,-83.61764444,0,34,0,0,1,1,0,5,1,1,0,1,0,0000000,88,88,88,88,88,88,0,0,0,1,0
13,130255,2,2,0,0,0,3,3,179,0,27,3,2013,4,15,15,1,2,3,SR-196,PATE ROGERS,243,31.86589167,-81.4371,0,12,6,0,2,2,0,1,1,1,0,1,0,0000000,15,31,15,45,16,31,0,0,0,1,1
13,130256,1,1,0,1,1,1,1,15,980,28,3,2013,5,21,24,1,13,2,US-41(SR3),,93,34.17741389,-84.78595556,0,8,0,0,1,1,0,1,2,1,0,1,0,0000000,21,25,21,29,88,88,0,0,0,1,0
13,130257,3,3,0,0,0,4,4,67,3440,28,3,2013,5,9,30,1,11,1,I-75,,92,33.97950833,-84.53695,0,12,1,0,1,1,0,1,1,1,0,1,0,0000000,9,53,10,0,10,13,0,0,0,1,0
13,130258,1,1,0,0,0,1,1,129,0,28,3,2013,5,21,45,0,4,4,CR-DEWS POND ROAD,,99999,34.49296944,-84.87219167,0,1,0,0,1,1,0,1,2,1,0,1,0,0000000,21,45,21,56,88,88,0,0,0,1,1
13,130259,1,1,0,0,0,1,1,285,0,28,3,2013,5,7,26,1,1,1,I-85,,75,32.95761944,-85.08685833,0,24,0,0,1,1,0,4,4,1,0,1,0,0000000,7,31,7,42,88,88,0,0,0,1,0
13,130260,2,2,0,0,0,2,2,51,5605,29,3,2013,6,21,1,1,2,3,SR-26,,331,32.01581389,-80.86844167,0,12,2,0,1,1,0,1,2,1,0,1,0,0000000,20,45,20,51,21,27,0,0,0,1,0
13,130261,3,3,0,0,0,3,3,99,0,29,3,2013,6,2,29,1,2,2,US-84(SR38),,9,31.11900833,-85.0433,0,12,2,0,1,1,0,1,2,1,0,1,0,0000000,2,25,2,46,3,18,0,0,0,1,1
13,130262,2,2,0,0,0,3,3,103,0,29,3,2013,6,8,35,0,5,4,CR-015700,BLUE JAY ROAD,30,32.23220833,-81.32852778,0,12,6,0,3,2,0,1,1,1,0,1,0,0000000,99,98,99,98,88,88,0,0,0,1,0
13,130263,1,1,0,0,0,1,1,121,280,29,3,2013,6,20,49,0,12,3,SR-154,,271,33.69718056,-84.46299167,0,25,0,0,1,1,0,3,2,1,0,1,0,0000000,20,49,20,55,88,88,0,0,0,1,0
13,130264,1,1,0,0,0,1,1,151,0,29,3,2013,6,16,51,1,1,1,I-75,,36,33.29910278,-84.11217222,0,42,0,0,1,1,0,5,1,1,0,1,0,0000000,88,88,88,88,88,88,0,0,0,1,0
13,130265,2,2,0,0,0,3,3,217,0,29,3,2013,6,13,51,0,14,3,SR-36,,96,33.51346389,-83.85120833,0,12,6,0,8,1,0,1,1,1,0,1,1,0000000,99,98,99,98,88,88,0,0,0,1,0
13,130266,2,2,0,0,0,3,3,77,0,30,3,2013,7,21,40,0,14,3,SR-34,FISCHER ROAD,228,33.39776944,-84.62263056,0,12,6,1,2,2,0,1,3,2,0,2,0,0000000,21,39,21,48,22,46,0,0,0,1,0
13,130267,1,1,0,0,0,1,1,135,3100,30,3,2013,7,2,12,1,12,3,SR-316,,1,33.96384444,-84.093125,0,52,0,0,1,1,0,3,3,1,0,1,0,0000000,88,88,88,88,88,88,0,0,0,1,1
13,130268,1,1,0,0,0,2,2,161,0,30,3,2013,7,23,33,0,3,2,US-221(SR135),,181,31.88975833,-82.58663056,0,58,0,0,1,1,0,5,2,1,0,1,0,0000000,88,88,88,88,88,88,0,0,0,2,1
13,130269,2,2,0,0,0,4,4,21,3390,4,3,2013,2,15,46,0,14,6,NAPIER AVE,HOLT AVE,1,32.83594444,-83.65519722,0,12,6,0,2,2,0,1,1,1,0,1,0,0000000,15,46,15,48,16,15,0,0,0,1,0
13,130270,2,1,1,0,0,2,2,31,0,31,3,2013,1,23,29,0,6,4,CR-024800,,12,32.38378333,-81.77099167,0,14,0,0,1,1,0,2,2,1,0,1,0,0000000,99,98,99,98,88,88,0,0,0,2,1
13,130271,1,1,0,1,1,1,1,67,3440,31,3,2013,1,19,44,0,14,6,POWDER SPRINGS ROAD,NATCHEZ TRACE,92,33.9262,-84.57195556,0,9,0,0,2,2,0,1,5,10,0,10,0,0000000,19,49,19,49,20,7,0,0,0,1,0
13,130272,1,1,0,1,1,1,1,67,0,1,4,2013,2,20,53,0,15,4,CR-5225 / CUMBERLAND PKWY,,0,33.84427778,-84.49993889,0,8,0,0,1,1,0,1,2,1,0,1,0,0000000,20,55,21,0,21,19,0,0,0,1,0
13,130273,1,1,0,1,1,2,2,121,280,1,4,2013,2,17,57,0,15,6,BOULDER PARK DR,,25,33.75031111,-84.50031667,0,8,0,0,1,1,0,1,1,10,0,10,0,0000000,17,24,17,27,88,88,0,0,0,1,1
13,130274,3,3,0,0,0,3,3,213,0,1,4,2013,2,14,39,0,4,3,SR-225,,163,34.83091944,-84.80961389,0,12,8,0,1,1,0,1,1,1,0,1,0,0000000,15,4,15,11,15,34,0,0,0,2,1
13,130275,2,2,0,0,0,3,3,13,0,2,4,2013,3,17,30,0,6,4,CR-240 / HOLSENBECK SCHOOL RD,,14,34.00985278,-83.677075,0,12,2,0,1,1,0,1,1,1,0,1,0,0000000,17,30,17,39,18,27,0,0,0,1,0
13,130276,2,2,0,0,0,2,2,51,4450,2,4,2013,3,22,30,1,11,1,I-95,,42,31.97988056,-81.30911389,0,12,99,0,1,1,0,1,2,1,0,1,0,0000000,99,98,99,98,88,88,0,0,0,1,1
13,130277,1,1,0,0,0,2,2,129,0,2,4,2013,3,21,24,1,11,1,I-75,,57,34.48841944,-84.92046111,0,24,0,0,1,1,0,4,2,1,0,1,0,0000000,99,99,99,99,99,99,0,0,0,1,1
13,130278,1,1,0,0,0,4,4,301,5800,2,4,2013,3,15,35,0,4,3,SR-171,,46,33.36497778,-82.65047222,0,34,0,0,1,1,0,4,1,1,0,1,0,0000000,15,39,15,46,16,7,0,0,0,1,0
13,130279,1,1,0,0,0,2,2,89,0,3,4,2013,4,1,24,0,16,8,CENTURY BLVD,CENTURY CIR,2,33.84619167,-84.31161389,0,33,0,0,1,1,0,3,3,1,0,1,0,0000000,99,98,99,98,88,88,0,0,0,2,1
13,130280,2,2,0,0,0,2,2,135,0,3,4,2013,4,19,15,1,13,2,US-78 / SR-10,WALTON CT,55,33.85263333,-84.03943611,0,12,6,0,2,99,0,1,1,2,0,2,0,0000000,19,15,19,23,19,54,0,0,0,1,0
13,130281,2,2,0,0,0,7,7,137,1150,3,4,2013,4,22,3,0,3,4,CR-117 / ANTIOCH CHURCH RD,GLADE CREEK PKWY,28,34.611925,-83.429525,0,12,6,0,2,2,0,1,2,10,0,10,0,0000000,21,47,21,55,22,58,0,0,0,1,0
13,130282,1,1,0,0,0,2,2,89,0,4,4,2013,5,13,58,1,13,3,SR-124 / TURNER HILL RD,,3,33.70431944,-84.08869444,0,35,0,0,1,1,0,4,1,2,0,2,0,0000000,14,0,14,9,14,39,0,0,0,1,0
13,130283,2,1,1,0,3,1,4,89,0,4,4,2013,5,15,15,1,12,2,US-78 / SR-410,,18,33.82351944,-84.23635833,0,24,0,0,1,1,0,4,1,10,0,10,0,0000000,15,26,15,35,16,20,0,0,0,1,0
13,130284,1,1,0,0,0,1,1,31,0,6,4,2013,7,15,15,0,4,4,CR-580 / KENNEDY BRIDGE RD,,75,32.35004444,-81.89259167,0,42,0,0,1,1,0,4,1,1,0,1,0,0000000,99,98,99,98,88,88,0,0,0,1,0
13,130285,1,1,0,0,0,1,1,51,4910,6,4,2013,7,3,57,1,13,3,SR-204 / ABERCORN ST,MOHAWK ST,162,31.98343889,-81.15734444,0,33,0,0,3,3,0,3,2,1,0,1,0,0000000,3,58,4,5,88,88,0,0,0,1,1
13,130286,2,2,0,0,0,2,2,97,1770,6,4,2013,7,14,46,1,11,1,I-20,,123,33.75198056,-84.712875,0,1,0,0,1,1,0,1,1,1,0,1,0,0000000,99,98,99,98,88,88,0,0,0,1,0
13,130287,1,1,0,0,0,1,1,121,280,6,4,2013,7,16,10,0,14,6,MARTIN LUTHER KING JR DR,OLLIE ST,16,33.75478611,-84.42128889,0,30,0,0,1,1,0,4,1,1,0,1,0,0000000,16,10,16,18,88,88,0,0,0,1,0
13,130288,1,1,0,0,0,1,1,123,2000,6,4,2013,7,14,8,0,3,3,SR-2,,42,34.77793056,-84.61217222,0,42,0,0,1,1,0,4,1,1,0,1,0,0000000,99,99,99,99,99,99,0,0,0,1,0
13,130289,2,2,0,0,0,3,3,151,0,6,4,2013,7,12,1,0,14,4,CR-663 / KELLEYTOWN RD,PLEASANT GROVE RD,14,33.55277222,-84.11828611,0,12,6,0,2,2,0,1,1,1,0,1,0,0000000,12,2,12,12,13,45,0,0,0,1,0
13,130290,1,1,0,0,0,1,1,285,0,6,4,2013,7,19,3,0,6,4,CR-364 / WHITE BLUFF RD,,3,33.14963333,-84.97176944,0,34,0,0,1,1,0,4,1,1,0,1,0,0000000,99,99,99,99,99,99,0,0,0,1,1
13,130291,1,1,0,0,0,1,1,121,280,7,4,2013,1,22,30,0,16,6,MARIETTA RD,,6,33.79721389,-84.44015833,0,19,0,0,1,1,0,5,3,1,0,1,0,0000000,22,32,22,40,23,13,0,0,0,1,0