STATE,ST_CASE,VE_TOTAL,VE_FORMS,PVH_INVL,PEDS,PERNOTMVIT,PERMVIT,PERSONS,COUNTY,CITY,DAY,MONTH,YEAR,DAY_WEEK,HOUR,MINUTE,NHS,ROAD_FNC,ROUTE,TWAY_ID,TWAY_ID2,MILEPT,LATITUDE,LONGITUD,SP_JUR,HARM_EV,MAN_COLL,RELJCT1,RELJCT2,TYP_INT,WRK_ZONE,REL_ROAD,LGT_COND,WEATHER1,WEATHER2,WEATHER,SCH_BUS,RAIL,NOT_HOUR,NOT_MIN,ARR_HOUR,ARR_MIN,HOSP_HR,HOSP_MN,CF1,CF2,CF3,FATALS,DRUNK_DR
13,130292,1,1,0,1,1,4,4,135,3158,7,4,2013,1,20,45,0,14,4,CR-3273 / PLEASANT HILL RD,,3,33.91206111,-84.11434722,0,8,0,0,1,1,0,1,2,1,0,1,0,0000000,20,45,20,48,21,7,0,0,0,1,0
13,130293,1,1,0,0,0,1,1,21,3390,8,4,2013,2,23,33,1,13,2,US-41 / SR-19,,105,32.84391667,-83.65292778,0,33,0,0,1,1,0,4,3,1,0,1,0,0000000,23,29,23,29,0,10,0,0,0,1,0
13,130294,1,1,0,0,0,1,1,45,5730,8,4,2013,2,2,14,0,6,4,CR-384 / HARLAN LANE RD,,33,33.78236389,-84.92910556,0,11,0,0,1,1,0,1,2,1,0,1,0,0000000,99,99,99,99,99,99,0,0,0,1,0
13,130295,1,1,0,1,1,1,1,59,270,8,4,2013,2,21,9,1,13,2,US-78 / SR-10,,106,33.94474722,-83.34110278,0,15,0,0,1,1,0,1,3,1,0,1,0,0000000,99,99,99,99,88,88,0,0,0,1,0
13,130296,2,2,0,0,0,2,2,139,2285,8,4,2013,2,11,9,0,15,4,CR-751 / ATHENS ST,PURINA DR,2,34.293525,-83.81098889,0,12,2,0,3,3,0,1,1,1,0,1,0,0000000,11,27,11,45,12,21,0,0,0,1,0
13,130297,1,1,0,1,1,1,1,217,1380,8,4,2013,2,5,29,1,13,2,US-278 / SR-12,WEST ST,55,33.60346944,-83.86746944,0,8,0,0,3,2,0,1,3,1,0,1,0,0000000,99,98,99,98,88,88,0,0,0,1,0
13,130298,1,1,0,0,0,1,1,275,0,8,4,2013,2,19,23,0,6,4,CR-88 / DILLON RD,LAWHORNE RD,9,30.91217778,-83.88726667,0,42,0,0,3,3,0,6,1,1,0,1,0,0000000,19,24,19,32,20,0,0,0,0,1,0
13,130299,1,1,0,0,0,1,1,43,0,9,4,2013,3,19,29,0,4,4,CR-168 / GRIFFIN FERRY RD,MORGAN RD,16,32.36750833,-82.22911944,0,35,0,0,3,3,0,4,1,1,0,1,0,0000000,99,99,99,99,99,99,0,0,0,1,1
13,130300,2,2,0,0,0,2,2,187,1480,9,4,2013,3,22,31,0,3,3,SR-9,,12,34.47831667,-84.09047222,0,12,6,0,1,1,0,1,2,1,0,1,0,0000000,99,99,99,99,99,99,20,0,0,1,1
13,130301,3,3,0,0,0,3,3,255,0,9,4,2013,3,12,53,0,3,3,SR-16,,56,33.23841389,-84.40402778,0,12,1,0,8,1,0,1,1,1,0,1,0,0000000,99,98,99,98,88,88,0,0,0,1,0
13,130302,2,2,0,0,0,4,4,33,0,10,4,2013,4,20,20,0,4,3,SR-80,SHELL BLUFF SPUR RD,57,33.14620833,-81.90793056,0,12,6,0,2,3,0,1,5,1,0,1,0,0000000,20,21,20,32,21,9,0,0,0,2,0
13,130303,1,1,0,1,1,1,1,67,3440,10,4,2013,4,4,55,0,14,3,SR-120,,117,33.94291389,-84.53323333,0,9,0,0,1,1,0,1,3,1,0,1,0,0000000,4,59,5,5,88,88,0,0,0,1,1
13,130304,1,1,0,1,1,1,1,121,280,10,4,2013,4,12,28,0,14,6,NORTH AVE,PARKWAY DR,5,33.77113889,-84.37276111,0,8,0,0,3,2,0,4,1,1,0,1,0,0000000,12,18,12,25,13,20,0,0,0,1,0
13,130305,2,2,0,0,0,4,4,305,0,10,4,2013,4,18,47,0,14,3,SR-169,CHAPMAN PLANTATION RD,19,31.64438611,-81.907175,0,12,2,0,3,3,0,1,1,1,0,1,0,0000000,18,53,18,55,19,38,0,0,0,1,0
13,130306,1,1,0,0,0,1,1,67,0,11,4,2013,5,19,1,0,15,4,CR-943 / VILLA RICA RD,,17,33.92646111,-84.63868333,0,59,0,0,1,1,0,2,1,10,0,10,0,0000000,99,98,99,98,88,88,0,0,0,1,0
13,130307,2,2,0,0,0,3,3,77,0,11,4,2013,5,13,48,0,14,3,SR-154,OLD HWY 16,5,33.34421111,-84.65483889,0,12,6,0,2,3,0,1,1,10,0,10,0,0000000,13,48,13,55,14,43,0,0,0,1,0
13,130308,1,1,0,1,1,1,1,89,0,11,4,2013,5,21,37,0,14,4,CR-7932 / CHAMBLEE TUCKER RD,MEADOWOOD LANE,19,33.88217778,-84.27875,0,8,0,0,3,3,0,1,2,3,2,3,0,0000000,99,98,99,98,88,88,0,0,0,1,0
13,130309,2,2,0,0,0,2,2,127,0,11,4,2013,5,18,34,1,13,2,US-25 / SR-27,,147,31.22582778,-81.52738889,0,12,6,0,8,1,0,1,1,10,0,10,0,0000000,18,42,18,49,19,20,0,0,0,1,0
13,130310,1,1,0,0,0,1,1,151,0,11,4,2013,5,16,15,0,14,3,SR-92 / JONESBORO RD,,11,33.46848889,-84.28345278,0,32,0,0,1,1,0,4,1,10,0,10,0,0000000,16,13,16,26,88,88,0,0,0,1,0
13,130311,1,1,0,0,0,1,1,67,0,12,4,2013,6,19,18,1,11,1,I-575,,54,34.06486389,-84.54089722,0,42,0,0,1,1,2,5,1,1,0,1,0,0000000,19,18,19,25,19,55,0,0,0,1,0
13,130312,1,1,0,0,0,1,1,17,0,13,4,2013,7,22,9,0,4,3,SR-206,BROXTON FITZGERALD HWY,87,31.68698056,-83.05094167,0,42,0,0,3,3,0,5,2,1,0,1,0,0000000,22,19,22,33,88,88,0,0,0,1,1
13,130313,1,1,0,0,0,2,2,123,2000,13,4,2013,7,11,56,1,2,2,US-76 / SR-515,,197,34.79503889,-84.38133889,0,1,0,0,1,1,0,2,1,1,0,1,0,0000000,99,99,99,99,99,99,23,0,0,1,0
13,130314,2,2,0,0,0,3,3,129,0,13,4,2013,7,22,13,1,11,1,I-75,,77,34.51441111,-84.91888611,0,12,7,0,1,1,0,1,2,1,0,1,0,0000000,99,99,99,99,99,99,0,0,0,1,1
13,130315,1,1,0,0,0,2,2,285,3050,13,4,2013,7,5,33,0,14,6,MOOTY BRIDGE ROAD,,161,33.12511111,-85.08926389,0,41,0,0,1,1,0,5,3,1,0,1,0,0000000,88,88,88,88,88,88,0,0,0,1,1
13,130316,3,1,2,0,1,1,2,21,3390,15,4,2013,2,15,37,0,16,6,ELEVENTH STREET,,1,32.82436944,-83.61842222,0,14,0,0,1,1,0,5,1,1,0,1,0,0000000,15,33,15,39,15,54,0,0,0,1,0
13,130317,2,2,0,0,0,2,2,89,1610,15,4,2013,2,7,40,1,13,6,SNAPFINGER ROAD,,15,33.665475,-84.19728889,0,12,6,0,8,1,0,1,1,1,0,1,0,0000000,7,43,8,9,8,24,0,0,0,1,0
13,130318,1,1,0,1,1,2,2,151,0,15,4,2013,2,6,21,0,14,4,CR-WALT STEPHENS ROAD,,11,33.52829444,-84.25013333,0,8,0,0,1,1,0,1,2,10,0,10,0,0000000,99,98,99,98,88,88,0,0,0,1,0
13,130319,2,2,0,0,0,2,2,15,0,16,4,2013,3,10,47,0,4,3,SR-293,,134,34.243625,-84.90090833,0,12,6,0,8,1,0,1,1,1,0,1,0,0000000,99,98,99,98,88,88,0,0,0,1,0
13,130320,2,2,0,0,0,2,2,23,0,16,4,2013,3,7,16,1,3,3,SR-26,,151,32.46822222,-83.23908333,0,12,6,0,1,1,0,1,1,1,0,1,0,0000000,99,99,99,99,99,99,0,0,0,1,0
13,130321,1,1,0,0,0,1,1,55,3330,16,4,2013,3,16,20,0,6,6,WIGGINS ROAD,,28,34.34598056,-85.40585556,0,35,0,0,1,1,0,5,1,1,0,1,0,0000000,99,99,99,99,99,99,0,0,0,1,1
13,130322,2,2,0,0,0,2,2,229,530,16,4,2013,3,9,26,0,3,3,SR-15,RIGGINS ROAD,32,31.25104722,-82.20086389,0,12,6,0,2,2,0,1,1,1,0,1,0,0000000,9,16,9,28,9,59,0,0,0,1,0
13,130323,2,2,0,0,0,2,2,67,320,17,4,2013,4,3,31,0,14,3,SR-5,,28,33.82251944,-84.61704444,0,12,2,0,1,1,0,1,2,1,0,1,0,0000000,99,98,99,98,88,88,20,0,0,2,1
13,130324,3,2,1,0,0,3,3,117,1440,17,4,2013,4,9,20,0,3,3,SR-369,,136,34.24796667,-84.04961667,0,12,6,0,1,1,0,1,1,1,0,1,0,0000000,99,99,99,99,99,99,0,0,0,1,0
13,130325,1,1,0,0,0,3,3,217,0,17,4,2013,4,9,41,1,11,1,I-20/SR402,,74,33.61446667,-83.83220278,0,35,0,0,1,1,0,5,1,1,0,1,0,0000000,9,41,9,47,10,13,0,0,0,1,0
13,130326,2,2,0,0,0,5,5,45,970,18,4,2013,5,19,59,0,14,6,MAPLE STREET,,6,33.56849722,-85.10356944,0,12,2,0,1,1,0,1,5,1,0,1,0,0000000,20,1,20,5,20,25,0,0,0,2,0
13,130327,2,2,0,0,0,6,6,299,0,19,4,2013,6,18,30,1,13,3,SR-520,,189,31.18125833,-82.24910833,0,12,6,0,1,1,0,1,1,2,1,2,0,0000000,18,32,18,44,19,11,0,0,0,1,0
13,130328,1,1,0,0,0,1,1,309,0,19,4,2013,6,3,0,0,4,4,CR-ST. PAUL CHURCH ROAD,BELLS FERRY ROAD,230,31.97501667,-82.57315833,0,42,0,0,3,3,0,5,2,10,0,10,0,0000000,88,88,88,88,88,88,0,0,0,1,0
13,130329,1,1,0,0,0,3,3,129,0,20,4,2013,7,16,35,0,16,4,CR-019900,,19,34.48460278,-85.00020278,0,32,0,0,1,1,0,5,1,1,0,1,0,0000000,99,99,99,99,99,99,0,0,0,1,0
13,130330,1,1,0,0,0,2,2,135,0,20,4,2013,7,16,47,0,15,4,CR-195100,,7,33.94238611,-84.02084444,0,1,0,0,1,1,0,1,1,1,0,1,0,0000000,16,47,16,56,17,13,0,0,0,1,0
13,130331,2,2,0,0,0,3,3,89,0,21,4,2013,1,3,5,0,14,4,CR-014500,BROAD RIVER PLACE,12,33.67566944,-84.28727778,0,12,2,0,2,2,0,1,2,1,0,1,0,0000000,3,8,3,15,3,30,0,0,0,1,1
13,130332,3,3,0,0,0,4,4,89,0,21,4,2013,1,19,56,0,14,3,SR-212,,29,33.65147222,-84.15699722,0,12,1,0,1,1,0,1,1,1,0,1,0,0000000,19,58,20,6,21,21,0,0,0,2,0
13,130333,1,1,0,0,0,3,3,153,0,21,4,2013,1,2,11,0,6,4,CR-020900,,23,32.4146,-83.82344444,0,38,0,0,1,1,0,5,2,1,0,1,0,0000000,99,99,99,99,99,99,0,0,0,1,1
13,130334,1,1,0,1,1,1,1,21,3390,22,4,2013,2,15,52,0,16,6,VIRGINIA DRIVE,BLOOMFIELD ROAD,0,32.78955,-83.70763889,0,8,0,0,2,2,0,1,1,1,0,1,1,0000000,15,50,15,58,16,14,0,0,0,1,0
13,130335,1,1,0,0,0,1,1,45,970,22,4,2013,2,15,12,0,6,6,LAMBERT ROAD,,11,33.53217222,-84.846075,0,32,0,0,1,1,0,5,1,1,0,1,0,0000000,14,56,15,17,16,33,0,0,0,1,1
13,130336,3,3,0,0,0,5,5,67,3440,22,4,2013,2,21,8,0,16,6,SHAW ROAD,,6,34.02935833,-84.50983056,0,12,2,0,1,1,0,1,2,1,0,1,0,0000000,99,98,99,98,88,88,0,0,0,1,1
13,130337,1,1,0,0,0,1,1,121,280,22,4,2013,2,17,10,0,14,6,MONROE DRIVE,,56,33.79350833,-84.36706667,0,30,0,0,1,1,0,5,1,1,0,1,0,0000000,17,10,17,14,88,88,0,0,0,1,0
13,130338,1,1,0,0,0,1,1,245,310,22,4,2013,2,5,7,0,15,6,FLOWING WELLS ROAD,FRONTAGE ROAD,0,33.48636111,-82.1121,0,38,0,0,3,3,0,5,2,1,0,1,0,0000000,5,9,5,16,5,45,0,0,0,1,0
13,130339,1,1,0,0,0,1,1,51,4910,23,4,2013,3,16,24,1,13,6,E. VICTORY DRIVE,PAULSEN STREET,192,32.04933056,-81.08917778,0,42,0,0,1,1,0,5,1,1,0,1,0,0000000,16,24,16,24,16,44,0,0,0,1,0
13,130340,2,2,0,0,0,2,2,135,3158,23,4,2013,3,15,56,0,14,2,US-78(SR8),INDIAN TRAIL-LILBURN ROAD,38,33.89597222,-84.13978333,0,46,0,0,3,2,0,8,1,1,0,1,0,0000000,99,98,99,98,88,88,0,0,0,1,0
13,130341,1,1,0,0,0,1,1,137,1150,23,4,2013,3,22,24,0,6,6,TWIN RIVER ORCHARD,,7,34.57280278,-83.61069444,0,32,0,0,1,1,0,5,2,1,0,1,0,0000000,88,88,88,88,88,88,0,0,0,1,1
13,130342,2,2,0,0,0,2,2,217,0,24,4,2013,4,4,20,0,4,3,SR-162,,55,99.99990000,999.99990000,0,12,2,0,1,1,0,1,2,1,0,1,0,0000000,4,20,4,36,5,38,0,0,0,1,0
13,130343,2,2,0,0,0,2,2,35,0,25,4,2013,5,17,20,0,3,3,SR-42,OLD BETHEL ROAD,123,33.3254,-84.00193611,0,12,6,1,2,3,0,1,1,1,0,1,0,0000000,17,31,17,48,18,32,0,0,0,1,0
13,130344,1,1,0,1,1,1,1,9,3620,25,4,2013,5,5,37,1,13,2,US-441(SR29),,77,33.07661667,-83.25506111,0,8,0,0,1,1,0,1,2,1,0,1,0,0000000,99,98,99,98,88,88,0,0,0,1,0
13,130345,1,1,0,0,0,2,2,155,0,25,4,2013,5,1,18,0,5,4,CR-JEFF DAVIS PARK ROAD,,11,31.67066667,-83.38560833,0,42,0,0,1,1,0,5,2,1,0,1,0,0000000,1,11,1,29,2,3,0,0,0,1,1
13,130346,2,2,0,0,0,4,4,89,0,26,4,2013,6,7,45,1,11,1,I-85(SR403),,22,33.8404,-84.31216944,0,58,0,0,1,1,0,1,1,1,0,1,0,0000000,99,99,99,99,99,99,0,0,0,1,0
13,130347,1,1,0,0,0,1,1,51,0,27,4,2013,7,14,56,0,6,4,CR-008400,,17,31.97820278,-81.28686111,0,1,0,0,1,1,0,1,1,1,0,1,0,0000000,14,57,15,5,15,37,0,0,0,1,0
13,130348,1,1,0,1,1,1,1,151,3360,27,4,2013,7,12,24,0,6,6,NORTH OLA ROAD,,7,33.47193333,-84.03716111,0,9,0,0,8,1,0,1,1,1,0,1,0,0000000,99,99,99,99,99,99,0,0,0,1,0
13,130349,1,1,0,1,1,1,1,151,0,27,4,2013,7,5,42,1,2,3,SR-3,,44,33.3741,-84.29751111,0,8,0,0,1,1,0,1,2,1,0,1,0,0000000,5,45,5,55,88,88,0,0,0,1,0
13,130350,1,1,0,0,0,2,2,15,0,28,4,2013,1,1,35,0,3,4,CR-OLD ALABAMA ROAD,,99999,34.13036389,-84.76349167,0,32,0,0,1,1,0,3,2,2,0,2,0,0000000,1,35,1,45,2,28,0,0,0,1,0
13,130351,1,1,0,0,0,1,1,21,0,28,4,2013,1,23,19,0,5,4,CR-BETHEL CHURCH ROAD,,31,32.77146111,-83.77821111,0,42,0,0,1,1,0,6,2,2,0,2,0,0000000,23,26,23,44,0,22,0,0,0,1,1
13,130352,3,3,0,0,0,6,6,97,0,28,4,2013,1,16,40,1,1,1,I-20(SR402),,5,33.72534167,-84.90876389,0,57,0,0,1,1,0,3,1,2,0,2,0,0000000,16,38,16,45,17,20,0,0,0,1,0
13,130353,1,1,0,0,0,2,2,151,0,28,4,2013,1,0,44,1,1,1,I-75(SR401),,38,33.35414167,-84.12520833,0,1,0,0,1,1,0,1,2,10,0,10,0,0000000,0,55,1,4,2,11,0,0,0,1,0
13,130354,2,2,0,0,0,3,3,247,0,28,4,2013,1,1,50,0,14,3,SR-162,,12,33.62242222,-83.9764,0,12,2,0,1,1,0,1,2,2,0,2,0,0000000,1,50,2,2,2,50,0,0,0,1,1
13,130355,1,1,0,0,0,2,2,281,2690,28,4,2013,1,9,39,0,4,3,SR-288,,55,34.92144722,-83.73421944,0,58,0,0,1,1,0,5,1,2,0,2,0,0000000,9,39,9,45,10,24,0,0,0,1,0
13,130356,1,1,0,1,1,2,2,21,3390,29,4,2013,2,1,12,0,14,2,US-80(SR74),,120,32.81468056,-83.6711,0,8,0,0,1,1,0,1,2,2,0,2,0,0000000,1,9,1,16,1,46,0,0,0,1,0
13,130357,1,1,0,0,0,1,1,47,0,29,4,2013,2,12,7,0,14,2,US-41(SR3),,96,34.95441389,-85.15289167,0,42,0,0,1,1,0,5,1,10,0,10,0,0000000,12,10,12,18,13,55,0,0,0,1,0
13,130358,2,2,0,0,0,2,2,95,90,29,4,2013,2,20,13,0,4,6,TARVA ROAD,,78,31.43852222,-84.33773056,0,12,8,0,1,1,0,1,2,10,0,10,0,0000000,21,59,22,25,23,13,0,0,0,1,0
13,130359,1,1,0,0,0,1,1,157,4310,27,4,2013,7,10,50,1,1,1,I-85(SR403),,80,34.14954722,-83.64914444,0,1,0,0,1,1,0,1,1,10,0,10,0,0000000,10,48,10,52,11,37,0,0,0,1,0
13,130360,1,1,0,0,0,1,1,45,0,2,5,2013,5,9,40,0,4,3,SR-113,,67,33.682875,-85.02293333,0,16,0,0,1,1,0,1,1,10,0,10,0,0000000,99,98,99,98,88,88,0,0,0,1,0
13,130361,1,1,0,0,0,1,1,139,0,2,5,2013,5,4,0,0,4,4,CR-1964 / OLD DAHLONEGA HWY,,23,34.45222778,-83.90363611,0,42,0,0,1,1,0,4,2,10,0,10,0,0000000,6,56,7,3,8,42,0,0,0,1,0
13,130362,1,1,0,0,0,2,2,215,1280,3,5,2013,6,10,55,1,13,4,CR-222800 / FLAT ROCK RD,,123,32.5273,-84.86920278,0,38,0,0,1,1,0,4,1,10,0,10,0,0000000,10,56,11,2,11,19,0,0,0,1,0
13,130363,1,1,0,0,0,3,3,257,5530,3,5,2013,6,21,58,0,6,4,CR-122 / SUMMIT RIDGE,,2,34.57589167,-83.36608056,1,10,0,0,6,1,0,1,2,10,0,10,0,717594K,99,98,99,98,88,88,0,0,0,3,0
13,130364,3,3,0,0,0,9,9,27,0,4,5,2013,7,17,25,0,3,3,SR-133,,35,30.86853611,-83.40204167,0,12,1,0,8,1,0,1,1,2,0,2,0,0000000,17,33,17,41,18,10,0,0,0,1,0
13,130365,3,3,0,0,0,6,6,133,2490,4,5,2013,7,11,24,1,1,1,I-20,,5,33.53441944,-83.26639167,0,12,6,0,1,1,0,1,1,2,0,2,0,0000000,11,25,11,38,12,40,0,0,0,1,0
13,130366,3,3,0,0,0,6,6,133,2490,4,5,2013,7,13,53,1,1,1,I-20,,35,33.54573056,-83.20950278,0,12,7,0,1,1,0,1,1,2,0,2,0,0000000,13,52,14,3,14,29,0,0,0,2,0
13,130367,1,1,0,0,0,1,1,281,2690,4,5,2013,7,14,11,0,3,3,SR-17,,84,34.91420278,-83.72708333,0,1,0,0,1,1,0,1,1,2,0,2,0,0000000,14,11,14,15,14,43,0,0,0,1,0
13,130368,1,1,0,0,0,1,1,47,4680,5,5,2013,1,99,99,0,14,2,US-41 / SR-2,,109,34.91196111,-85.09209444,0,1,0,0,1,1,0,5,6,2,0,2,0,0000000,99,99,99,99,88,88,0,0,0,1,0
13,130369,1,1,0,0,0,1,1,63,0,5,5,2013,1,20,35,0,14,4,CR-1339 / WALT STEPHENS RD,,2,33.52678333,-84.33328611,0,42,0,0,1,1,0,4,2,2,0,2,0,0000000,20,40,20,45,21,36,0,0,0,1,1
13,130370,1,1,0,1,1,1,1,127,760,5,5,2013,1,23,15,0,14,3,SR-303,,29,31.18360278,-81.53353056,0,9,0,0,1,1,0,1,2,1,0,1,0,0000000,23,17,23,25,23,43,0,0,0,1,0
13,130371,1,1,0,0,0,8,8,61,0,7,5,2013,3,16,15,0,4,3,SR-39,,49,31.55680833,-85.02102778,0,32,0,0,1,1,0,4,1,1,0,1,1,0000000,15,45,15,46,16,30,0,0,0,1,0
13,130372,2,2,0,0,0,2,2,85,1590,7,5,2013,3,12,28,1,2,3,SR-53,ACORN RD,104,34.40960833,-84.10436667,0,12,6,0,2,3,0,1,1,1,0,1,0,0000000,12,28,12,32,13,22,0,0,0,1,0
13,130373,1,1,0,0,0,1,1,67,3440,8,5,2013,4,1,42,1,13,3,SR-120 / WHITLOCK AVE,,100,33.95204167,-84.55679444,0,33,0,0,1,1,0,4,2,1,0,1,0,0000000,1,42,1,52,88,88,0,0,0,1,1
13,130374,2,2,0,0,0,2,2,75,0,8,5,2013,4,12,3,1,1,1,I-75,,6,31.04456667,-83.39763889,0,12,1,0,1,1,0,1,1,1,0,1,0,0000000,12,6,12,14,12,39,0,0,0,1,0
13,130375,2,2,0,0,0,2,2,95,90,8,5,2013,4,17,11,1,13,2,US-82 / SR-520,CORDELE RD,97,31.57502778,-84.09080278,0,12,6,0,2,2,0,1,1,1,0,1,0,0000000,17,7,17,12,17,36,0,0,0,1,0
13,130376,2,2,0,0,0,2,2,313,0,8,5,2013,4,6,5,0,14,2,US-41 / SR-3,DAILY AVE,250,34.83123056,-85.04470833,0,12,2,0,2,3,0,1,2,10,0,10,0,0000000,6,7,6,15,6,42,0,0,0,1,0
13,130377,1,1,0,0,0,2,2,57,5760,9,5,2013,5,16,39,0,4,3,SR-140,,61,34.28741389,-84.51988889,0,35,0,0,1,1,0,4,1,1,0,1,0,0000000,16,40,16,47,17,8,0,0,0,1,1
13,130378,3,3,0,0,0,9,9,89,0,9,5,2013,5,7,0,0,14,4,CR-5182 / PLEASANTDALE RD,VALLEY BLUFF DR,29,33.88975278,-84.227275,0,12,6,0,2,3,0,1,4,1,0,1,0,0000000,7,0,7,16,7,37,0,0,0,1,0
13,130379,1,1,0,0,0,1,1,177,0,9,5,2013,5,8,55,0,6,4,CR-46 / MIDDLE RD,,39,31.73444722,-84.06353333,0,42,0,0,1,1,0,4,1,1,0,1,0,0000000,8,53,8,57,9,29,0,0,0,1,0
13,130380,1,1,0,0,0,1,1,245,310,9,5,2013,5,2,6,1,13,2,US-278 / SR-10,KISSINGBOWER RD,127,33.44002222,-82.02694722,0,1,0,0,3,2,0,4,2,1,0,1,0,0000000,2,6,2,9,2,28,0,0,0,1,1
13,130381,1,1,0,0,0,3,3,77,0,10,5,2013,6,11,30,0,3,2,US-27 ALT / SR-41,,10,33.23723056,-84.75211944,0,42,0,0,1,1,0,5,1,1,0,1,0,0000000,99,99,99,99,99,99,0,0,0,1,0
13,130382,1,1,0,0,0,1,1,121,280,10,5,2013,6,3,30,1,11,1,I-75,,144,33.83031667,-84.425625,0,42,0,0,1,1,0,4,3,1,0,1,0,0000000,99,98,99,98,88,88,0,0,0,1,1
13,130383,2,2,0,0,0,5,5,247,0,10,5,2013,6,0,21,1,11,1,I-20,,69,33.63090278,-83.9635,0,24,0,0,1,1,0,4,2,1,0,1,0,0000000,0,10,0,21,1,20,0,0,0,2,0
13,130384,2,2,0,0,0,5,5,21,0,11,5,2013,7,20,40,1,1,1,I-75 RAMP,,32,32.74454167,-83.71920556,0,12,6,1,5,1,0,1,3,1,0,1,0,0000000,99,98,99,98,88,88,0,0,0,1,0
13,130385,3,3,0,0,0,10,10,51,4910,11,5,2013,7,17,44,1,13,2,US-80,,99999,99.99990000,999.99990000,0,12,6,0,1,1,0,1,1,1,0,1,0,0000000,17,44,17,56,18,51,0,0,0,1,0
13,130386,2,2,0,0,0,4,4,89,0,11,5,2013,7,16,10,0,14,4,CR-5150 / PANOLA RD,,59,33.73326944,-84.16800278,0,12,6,0,8,1,0,1,1,1,0,1,0,0000000,16,16,16,22,17,12,0,0,0,1,0
13,130387,2,2,0,0,0,2,2,39,6010,12,5,2013,1,15,53,0,3,2,US-17 / SR-25,,57,30.82414167,-81.69505833,0,12,2,0,1,1,0,2,1,1,0,1,0,0000000,15,52,15,56,16,37,0,0,0,1,0
13,130388,1,1,0,0,0,2,2,51,4910,12,5,2013,1,5,34,0,15,6,GOEBEL AVE,,4,32.06292778,-81.06559444,0,42,0,0,1,1,0,4,3,1,0,1,0,0000000,5,34,5,40,99,99,0,0,0,2,0
13,130389,1,1,0,1,1,3,3,175,0,12,5,2013,1,10,1,0,6,4,CR-293  / ANTIOCH CHURCH RD,,0,32.41569722,-83.02989444,0,8,0,0,1,1,0,1,1,1,0,1,0,0000000,10,3,10,9,10,31,0,0,0,1,0
13,130390,1,1,0,0,0,2,2,227,2910,12,5,2013,1,15,16,1,2,3,SR-53,,104,34.46790278,-84.48676944,0,1,0,0,1,1,0,4,1,1,0,1,0,0000000,15,52,15,22,16,0,0,0,0,1,1
13,130391,2,2,0,0,0,2,2,33,0,13,5,2013,2,13,45,0,4,3,SR-23,,256,33.17754722,-81.91629722,0,12,2,0,1,1,0,1,1,1,0,1,0,0000000,13,48,13,59,14,50,0,0,0,1,0
13,130393,1,1,0,0,0,1,1,245,310,14,5,2013,3,15,57,0,15,4,CR-1515 / WILLIS FOREMAN RD,,38,33.35930278,-82.10780556,0,1,0,0,1,1,0,1,1,1,0,1,0,0000000,15,18,15,26,15,54,0,0,0,1,0
13,130394,3,3,0,1,1,3,3,63,0,15,5,2013,4,22,36,1,11,1,I-285,,23,33.63209444,-84.3973,0,8,0,0,1,1,0,1,2,1,0,1,0,0000000,99,99,99,99,99,99,0,0,0,1,0
13,130395,4,4,0,0,0,5,5,67,0,15,5,2013,4,12,53,1,13,3,SR-120,DUE WEST RD,44,33.95375278,-84.65666111,0,12,6,0,3,2,0,1,1,1,0,1,0,0000000,12,54,12,59,13,30,0,0,0,1,0
13,130396,1,1,0,1,1,1,1,245,310,15,5,2013,4,6,37,1,13,3,SR-56,,101,33.37165,-81.99835,0,9,0,0,1,1,0,1,3,1,0,1,0,0000000,6,38,6,44,88,88,0,0,0,1,0
13,130397,2,2,0,0,0,2,2,73,0,16,5,2013,5,17,20,1,1,1,I-20,,160,33.483825,-82.125725,0,12,11,0,1,1,0,1,1,1,0,1,0,0000000,17,23,17,32,17,54,28,0,0,1,0
13,130398,1,1,0,1,1,1,1,305,0,16,5,2013,5,21,9,1,2,2,US-25/341 / SR-27,,298,31.47026111,-81.72091667,0,8,0,0,1,1,0,1,2,1,0,1,0,0000000,99,98,99,98,88,88,0,0,0,1,0
13,130399,1,1,0,0,0,1,1,113,0,17,5,2013,6,1,29,0,15,4,CR-51 / LEES MILL RD,,9,33.49962778,-84.52791944,0,32,0,0,1,1,0,4,2,1,0,1,0,0000000,99,98,99,98,88,88,0,0,0,1,0
13,130400,1,1,0,0,0,1,1,55,0,18,5,2013,7,19,23,0,5,4,CR-322 / OLD HWY 337,,3,34.48581111,-85.46453611,0,34,0,0,1,1,0,4,1,1,0,1,0,0000000,99,98,99,98,88,88,0,0,0,1,0
13,130401,1,1,0,0,0,1,1,77,3950,18,5,2013,7,9,17,0,6,4,CR-14 / BRIMER RD,,26,33.47706389,-84.80934444,0,53,0,0,1,1,0,4,1,2,0,2,0,0000000,99,98,99,98,88,88,0,0,0,1,0
13,130402,1,1,0,0,0,1,1,121,280,18,5,2013,7,8,56,1,11,1,I-20/SR-402,,44,33.75680833,-84.46888056,0,25,0,0,1,1,0,3,1,10,0,10,0,0000000,8,59,9,2,88,88,0,0,0,1,0
13,130403,2,2,0,0,0,2,2,31,0,19,5,2013,1,18,35,0,6,4,CR-OLD GROVELAND ROAD,,23,32.22151111,-81.750975,0,12,6,0,4,1,0,1,1,10,0,10,0,0000000,18,43,19,18,20,2,0,0,0,1,0