STATE,ST_CASE,VE_TOTAL,VE_FORMS,PVH_INVL,PEDS,PERNOTMVIT,PERMVIT,PERSONS,COUNTY,CITY,DAY,MONTH,YEAR,DAY_WEEK,HOUR,MINUTE,NHS,ROAD_FNC,ROUTE,TWAY_ID,TWAY_ID2,MILEPT,LATITUDE,LONGITUD,SP_JUR,HARM_EV,MAN_COLL,RELJCT1,RELJCT2,TYP_INT,WRK_ZONE,REL_ROAD,LGT_COND,WEATHER1,WEATHER2,WEATHER,SCH_BUS,RAIL,NOT_HOUR,NOT_MIN,ARR_HOUR,ARR_MIN,HOSP_HR,HOSP_MN,CF1,CF2,CF3,FATALS,DRUNK_DR
13,130404,2,2,0,0,0,3,3,135,0,19,5,2013,1,3,16,1,11,1,I-85/SR-403,,56,33.94179167,-84.151,0,12,1,0,1,1,0,1,3,2,0,2,0,0000000,3,16,3,27,3,49,0,0,0,1,2
13,130405,1,1,0,1,1,1,1,111,3350,20,5,2013,2,16,59,0,4,3,SR-60,,267,34.98594167,-84.35719167,0,8,0,0,1,1,0,1,1,1,0,1,0,0000000,99,99,99,99,99,99,0,0,0,1,0
13,130406,2,2,0,0,0,2,2,117,0,20,5,2013,2,15,8,0,16,4,CR-SHADY GROVE ROAD,CHATTAHOOCHEE ROAD,6,34.24118333,-84.05970278,0,12,6,0,2,3,0,1,1,1,0,1,0,0000000,15,10,15,12,15,56,0,0,0,1,1
13,130407,1,1,0,0,0,1,1,121,280,20,5,2013,2,0,46,0,16,6,REYNOLDS DRIVE,,25,33.70004167,-84.39980556,0,42,0,0,1,1,0,5,3,1,0,1,0,0000000,0,46,0,56,88,88,0,0,0,1,1
13,130408,3,3,0,0,0,3,3,189,0,20,5,2013,2,11,14,1,13,3,SR-17,THOMSON BYPASS,68,33.43529167,-82.48934722,0,12,6,0,2,2,0,1,1,10,0,10,0,0000000,11,15,11,23,12,43,0,0,0,1,0
13,130409,1,1,0,0,0,1,1,201,0,20,5,2013,2,18,10,0,3,3,SR-91,,59,31.14758611,-84.80388611,0,42,0,0,1,1,0,5,1,1,0,1,0,0000000,99,99,99,99,99,99,0,0,0,1,1
13,130410,1,1,0,0,0,1,1,277,0,21,5,2013,3,19,0,0,6,4,CR-BILL BRANCH ROAD,,19,31.54314444,-83.45628333,0,1,0,0,1,1,0,5,9,2,0,2,0,0000000,88,88,88,88,88,88,0,0,0,1,1
13,130411,1,1,0,0,0,2,2,85,1590,22,5,2013,4,12,0,1,2,3,SR-53,,159,34.42763333,-84.21716667,0,35,0,0,1,1,0,5,1,1,0,1,0,0000000,12,9,12,24,13,44,0,0,0,1,0
13,130412,1,1,0,0,0,1,1,15,2010,23,5,2013,5,12,55,1,11,1,I-75/SR-401,,73,34.16696389,-84.75763611,0,1,0,0,1,1,0,1,1,1,0,1,0,0000000,12,46,12,54,14,0,0,0,0,1,0
13,130413,1,1,0,0,0,1,1,73,0,23,5,2013,5,15,55,0,3,3,SR-223,,93,33.472175,-82.24838056,0,34,0,0,1,1,0,5,1,1,0,1,0,0000000,15,57,16,3,88,88,0,0,0,1,1
13,130414,1,1,0,0,0,1,1,179,0,23,5,2013,5,6,44,0,6,4,CR-ISLAND DRIVE,LAKE ROSALIND DRIVE,20,31.81675556,-81.36399444,0,33,0,0,3,3,0,5,9,2,0,2,0,0000000,88,88,88,88,88,88,0,0,0,1,1
13,130415,1,1,0,0,0,1,1,55,5260,24,5,2013,6,11,11,0,4,6,GORE SUBLINGA ROAD,,99999,34.491975,-85.24993889,0,32,0,0,1,1,0,5,1,1,0,1,0,0000000,88,88,88,88,88,88,0,0,0,1,0
13,130416,1,1,0,1,1,2,2,245,310,24,5,2013,6,0,54,1,13,6,PEACH ORCHARD ROAD,,104,33.37828611,-82.02898333,0,9,0,0,1,1,0,1,2,1,0,1,0,0000000,0,55,0,59,88,88,0,0,0,1,0
13,130417,1,1,0,1,1,2,2,9,0,25,5,2013,7,5,5,1,13,4,CR-N. COLUMBIA STREET,,172,33.10985556,-83.25551389,0,8,0,0,1,1,0,1,3,1,0,1,0,0000000,5,6,5,12,5,32,0,0,0,1,0
13,130418,1,1,0,0,0,1,1,121,0,25,5,2013,7,0,5,0,15,4,CR-ENON ROAD,,38,33.67347778,-84.57473611,0,42,0,0,1,1,1,5,2,1,0,1,0,0000000,0,5,0,10,88,88,0,0,0,1,0
13,130419,1,1,0,0,0,1,1,279,0,25,5,2013,7,11,26,1,2,3,SR-30,,123,32.15061111,-82.26382778,0,42,0,0,1,1,0,5,1,1,0,1,0,0000000,99,99,99,99,99,99,0,0,0,1,0
13,130420,2,2,0,0,0,6,6,279,0,25,5,2013,7,22,52,0,4,4,CR-LYONS-CENTER ROAD,,55,32.13087222,-82.393625,0,12,6,0,1,1,0,1,2,10,0,10,0,0000000,23,7,23,17,23,53,0,0,0,1,0
13,130421,2,2,0,0,0,4,4,131,0,26,5,2013,1,15,0,0,3,3,SR-112,,47,30.96212778,-84.25417778,0,12,7,0,8,1,0,1,1,1,0,1,0,0000000,14,58,15,8,15,29,0,0,0,1,0
13,130422,1,1,0,1,1,3,3,71,0,27,5,2013,2,22,0,0,16,4,CR-SARDIS CHURCH ROAD,,63,31.15330833,-83.72599722,0,8,0,0,1,1,0,1,2,1,0,1,0,0000000,99,98,99,98,88,88,0,0,0,1,0
13,130423,1,1,0,0,0,5,5,127,0,27,5,2013,2,23,15,0,6,4,CR-OLD JESUP ROAD,,5,31.28774444,-81.56281111,0,59,0,0,1,1,0,5,2,1,0,1,0,0000000,23,49,0,1,0,30,0,0,0,1,1
13,130424,1,1,0,1,1,2,2,181,0,27,5,2013,2,15,52,0,6,4,CR-REMSEN ROAD,,12,33.84242778,-82.48018611,0,8,0,0,1,1,0,1,1,1,0,1,0,0000000,99,99,99,99,99,99,23,0,0,1,0
13,130425,1,1,0,0,0,1,1,9,0,28,5,2013,3,6,0,0,4,3,SR-212,,70,33.12699444,-83.31408056,0,35,0,0,1,1,0,5,2,1,0,1,0,0000000,88,88,88,88,88,88,0,0,0,1,1
13,130426,1,1,0,1,1,1,1,113,0,28,5,2013,3,23,23,0,3,3,SR-85,EDGEWOOD PARKWAY,52,33.38076111,-84.47638333,0,8,0,0,2,3,0,1,2,1,0,1,0,0000000,99,98,99,98,88,88,0,0,0,1,0
13,130427,2,2,0,0,0,2,2,193,0,28,5,2013,3,18,11,0,5,4,CR-JUICE PLANT ROAD,,36,32.47249722,-83.87141667,0,12,2,0,1,1,0,1,1,1,0,1,0,0000000,99,98,99,98,88,88,0,0,0,1,0
13,130428,2,1,1,0,0,1,1,135,0,29,5,2013,4,10,14,1,13,3,SR-124,,102,33.90334444,-84.00429444,0,19,0,0,1,1,0,5,1,1,0,1,0,0000000,99,98,99,98,88,88,14,0,0,1,0
13,130429,2,2,0,0,0,4,4,275,5460,29,5,2013,4,10,15,0,14,6,CAIRO ROAD,,0,30.85162222,-84.00575833,0,12,2,0,1,1,0,1,1,10,0,10,0,0000000,99,99,99,99,99,99,0,0,0,1,0
13,130430,1,1,0,0,0,1,1,21,0,30,5,2013,5,5,51,0,14,4,CR-TUCKER ROAD,IDELWAY DRIVE,11,32.86361389,-83.72464722,0,43,0,0,3,3,0,5,4,1,0,1,0,0000000,88,88,88,88,88,88,0,0,0,1,0
13,130431,2,2,0,0,0,2,2,33,0,30,5,2013,5,7,34,0,4,4,CR-RIVER ROAD,,99999,33.19902222,-81.84157222,0,12,2,0,1,1,0,1,1,1,0,1,0,0000000,7,24,7,36,8,30,0,0,0,1,1
13,130432,2,2,0,0,0,2,2,51,2290,30,5,2013,5,16,8,0,14,6,CHATHAM PARKWAY,TELFAIR PLACE,5,32.07964167,-81.15725278,0,12,2,0,2,2,0,1,1,1,0,1,0,0000000,99,99,99,99,99,99,0,0,0,1,0
13,130433,1,1,0,0,0,1,1,65,2800,30,5,2013,5,10,16,1,2,3,SR-38,,136,31.02967222,-82.78076111,0,1,0,0,1,1,0,5,1,1,0,1,0,0000000,10,19,10,21,99,99,0,0,0,1,1
13,130434,1,1,0,1,1,1,1,185,0,30,5,2013,5,21,10,0,14,4,CR-ST. AUGUSTINE ROAD,,97,30.816675,-83.29960278,0,8,0,0,1,1,0,1,2,1,0,1,0,0000000,99,98,99,98,88,88,0,0,0,1,0
13,130435,1,1,0,0,0,1,1,207,0,30,5,2013,5,5,46,0,3,3,SR-74,,119,32.87937778,-83.95896944,0,1,0,0,1,1,0,5,2,1,0,1,0,0000000,5,46,6,3,6,38,0,0,0,1,0
13,130436,2,2,0,1,1,4,4,21,3390,31,5,2013,6,22,40,1,13,6,RIVERSIDE DRIVE,,124,32.86807778,-83.65719444,0,8,0,0,1,1,0,1,2,10,0,10,0,0000000,99,98,99,98,88,88,0,0,0,1,0
13,130437,1,1,0,0,0,1,1,25,0,31,5,2013,6,5,8,0,5,4,CR-RIVERSIDE ROAD,,99999,31.10838333,-81.95658611,0,1,0,0,1,1,0,1,2,1,0,1,0,0000000,5,10,5,22,88,88,0,0,0,1,0
13,130438,2,2,0,0,0,4,4,29,0,31,5,2013,6,15,41,1,2,2,US-280(SR30),OLIVE BRANCH ROAD,186,32.17031667,-81.48195278,0,12,6,0,2,3,0,1,1,1,0,1,0,0000000,15,43,15,46,16,25,0,0,0,1,0
13,130439,2,2,0,0,0,3,3,63,2970,31,5,2013,6,12,53,1,13,6,TARA BLVD.,,77,33.53057222,-84.36374722,0,12,2,0,1,1,0,1,1,1,0,1,0,0000000,12,52,12,56,13,28,0,0,0,1,0
13,130440,1,1,0,1,1,1,1,95,90,31,5,2013,6,5,35,1,13,2,US-82(SR520),,99,31.57504167,-84.08991944,0,8,0,0,1,1,0,1,2,1,0,1,0,0000000,5,35,5,41,88,88,0,0,0,1,0
13,130441,2,2,0,0,0,6,6,121,280,31,5,2013,6,20,10,1,13,3,SR-120,NORTHSIDE DRIVE,1,33.77583611,-84.40696667,0,12,6,0,2,2,0,1,1,1,0,1,0,0000000,20,11,20,16,20,40,0,0,0,1,0
13,130442,2,2,0,0,0,3,3,153,0,5,5,2013,1,2,9,1,13,4,CR-HOUSTON LAKE ROAD,WRASLING WAY,39,32.56056944,-83.66202778,0,12,2,0,3,2,0,1,3,2,0,2,0,0000000,2,8,2,24,3,12,0,0,0,2,0
13,130443,2,2,0,0,0,3,3,73,0,1,6,2013,7,21,17,0,3,2,US-221 / SR-47,,50,33.59780556,-82.28503333,0,12,2,0,1,1,0,1,2,10,0,10,0,0000000,21,39,21,59,22,22,0,0,0,1,1
13,130444,2,2,0,0,0,3,3,171,0,1,6,2013,7,15,0,0,4,4,CR-213 / JOHNSTONVILLE RD,CRAWFORD RD,36,33.08078889,-84.08491667,0,12,6,0,2,2,0,1,1,1,0,1,0,0000000,15,4,15,11,16,27,0,0,0,2,0
13,130445,1,1,0,0,0,3,3,295,0,1,6,2013,7,14,12,0,4,4,CR-82 / CHAMBERLAIN RD,RIDGE RD,10,34.69894444,-85.33263333,0,42,0,0,1,1,0,6,1,1,0,1,0,0000000,99,99,99,99,99,99,0,0,0,1,0
13,130446,1,1,0,0,0,1,1,57,0,2,6,2013,1,7,14,0,16,4,CR-1663 / WYNGATE PARKWAY,,7,34.13535833,-84.57327778,0,33,0,0,1,1,0,4,3,10,0,10,0,0000000,7,50,8,0,8,42,0,0,0,1,1
13,130447,1,1,0,0,0,1,1,107,0,2,6,2013,1,11,0,0,6,4,CR-189 / GRANDE CREEK RD,,55,32.52641667,-82.36779444,0,35,0,0,1,1,0,5,1,1,0,1,0,0000000,11,4,11,9,11,35,0,0,0,1,0
13,130448,1,1,0,0,0,1,1,193,0,2,6,2013,1,1,7,0,4,3,SR-240,,80,32.28777778,-84.15714722,0,1,0,0,1,1,0,1,2,1,0,1,0,0000000,99,98,99,98,88,88,0,0,0,1,1
13,130449,1,1,0,0,0,1,1,217,0,2,6,2013,1,5,31,0,14,3,SR-81,,32,33.52563056,-83.95191111,0,34,0,0,1,1,0,4,2,10,0,10,0,0000000,99,98,99,98,88,88,0,0,0,1,1
13,130450,1,1,0,0,0,1,1,229,0,2,6,2013,1,6,23,0,6,4,CR-192 / BENNETT RD,,3,31.28573889,-82.29671111,0,42,0,0,1,1,0,5,1,10,0,10,0,0000000,6,23,6,44,8,6,0,0,0,1,1
13,130451,2,2,0,0,0,3,3,51,4910,4,6,2013,3,5,50,1,13,4,CR-984 / JIMMY DELOACH PKWY,CROSSROADS PKWY,67,32.163175,-81.21094444,0,12,6,0,2,2,0,1,1,1,0,1,0,0000000,5,50,5,57,6,40,0,0,0,1,0
13,130452,2,2,0,0,0,2,2,51,4910,4,6,2013,3,11,46,0,19,6,GRAND PRIZE DR,RESORT DR,99999,32.08513889,-81.08203333,8,12,6,0,2,2,0,1,1,10,0,10,0,0000000,11,46,11,50,12,30,0,0,0,1,0
13,130453,1,1,0,1,1,1,1,89,1140,4,6,2013,3,23,5,0,14,3,SR-10 / E PONCE DE LEON AVE,N INDIAN CREEK DR,76,33.80670278,-84.2418,0,9,0,0,3,2,0,1,3,1,0,1,0,0000000,23,15,23,22,23,46,0,0,0,1,0
13,130454,1,1,0,1,1,1,1,275,0,4,6,2013,3,11,4,1,2,2,US-19 / SR-300,CHASON RD,264,31.00884722,-84.05206944,0,9,0,0,2,2,0,1,1,1,0,1,0,0000000,99,98,99,98,88,88,0,0,0,1,0
13,130455,2,2,0,0,0,2,2,139,0,5,6,2013,4,9,8,0,4,3,SR-60,SR-211,15,34.19209444,-83.77629167,0,12,6,0,2,3,0,1,1,10,0,10,0,0000000,9,9,9,21,11,45,0,0,0,1,0
13,130456,1,1,0,0,0,1,1,71,0,6,6,2013,5,10,5,0,15,4,CR-121 / OLD BERLIN RD,,56,31.10114722,-83.73928611,0,32,0,0,1,1,0,4,1,2,0,2,0,0000000,99,98,99,98,88,88,0,0,0,1,0
13,130457,2,2,0,0,0,4,4,155,0,6,6,2013,5,5,5,0,3,3,SR-32,,214,31.59596389,-83.16268889,0,51,0,0,1,1,0,1,2,10,0,10,0,0000000,5,5,5,14,88,88,0,0,0,3,0
13,130458,1,1,0,0,0,4,4,279,0,6,6,2013,5,17,0,0,4,3,SR-86,,96,32.25685556,-82.24596944,0,35,0,0,1,1,0,4,1,2,0,2,0,0000000,17,8,17,15,17,49,0,0,0,1,0
13,130460,1,1,0,0,0,1,1,135,0,7,6,2013,6,9,13,0,16,4,CR-462 / ARNOLD RD,,17,33.90539167,-84.04972222,0,1,0,0,1,1,0,1,1,1,0,1,0,0000000,99,99,99,99,99,99,0,0,0,1,0
13,130461,1,1,0,0,0,1,1,295,0,7,6,2013,6,12,2,0,4,3,SR-95,,9,34.74402222,-85.18294722,0,42,0,0,1,1,0,4,1,1,0,1,0,0000000,99,99,99,99,99,99,0,0,0,1,0
13,130462,1,1,0,0,0,2,2,27,0,8,6,2013,7,2,50,0,6,4,CR-14 / STUDSTILL RD,,59,30.83555833,-83.47940833,0,35,0,0,1,1,0,5,2,10,0,10,0,0000000,99,99,99,99,99,99,0,0,0,1,1
13,130463,2,2,0,0,0,4,4,67,3440,8,6,2013,7,17,3,1,13,3,SR-120 / DALLAS HWY,THE AVENUES,40,33.95363889,-84.65669444,0,12,6,0,2,2,0,1,1,1,0,1,0,0000000,17,3,17,9,17,35,0,0,0,1,0
13,130464,2,2,0,0,0,4,4,87,370,8,6,2013,7,20,34,0,14,3,SR-97,SR-97 CO,202,30.88561389,-84.59380278,0,12,2,0,2,4,0,1,2,10,0,10,0,0000000,20,43,20,47,21,7,0,0,0,1,0
13,130465,1,1,0,1,1,1,1,295,0,8,6,2013,7,23,14,1,13,2,US-27 / SR-1,,88,34.71385556,-85.27139722,0,8,0,0,1,1,0,1,2,10,0,10,0,0000000,99,98,99,98,88,88,0,0,0,1,0
13,130466,1,1,0,0,0,1,1,21,0,9,6,2013,1,1,2,0,4,4,CR-716 / HARTLEY BRIDGE RD,,28,32.73638056,-83.73415278,0,38,0,0,1,1,0,5,2,1,0,1,0,0000000,1,0,1,12,1,45,0,0,0,1,1
13,130467,1,1,0,0,0,1,1,97,0,9,6,2013,1,0,25,0,6,4,CR-217 / N HELTON RD,,28,33.665075,-84.872675,0,1,0,0,1,1,0,1,2,10,0,10,0,0000000,99,98,99,98,88,88,0,0,0,1,0
13,130468,1,1,0,1,1,1,1,107,5310,9,6,2013,1,20,39,1,13,2,US-1 / SR-4 BU,E GUMLOG ST,48,32.605525,-82.34014722,0,8,0,0,3,2,0,1,2,2,0,2,0,0000000,20,39,20,43,20,54,0,0,0,1,0
13,130469,1,1,0,0,0,1,1,139,0,9,6,2013,1,2,55,1,13,2,US-129 / SR-11,,156,34.36166389,-83.81226111,0,35,0,0,1,1,0,4,2,10,0,10,0,0000000,99,98,99,98,88,88,0,0,0,1,1
13,130470,2,2,0,0,0,3,3,187,1480,9,6,2013,1,11,50,1,2,2,US-19 / SR-11,,14,34.67094167,-83.90179722,0,12,2,0,1,1,0,1,1,10,0,10,0,0000000,99,98,99,98,88,88,0,0,0,1,0
13,130471,1,1,0,0,0,1,1,223,0,9,6,2013,1,16,57,0,4,4,CR-215 / MULBERRY ROCK RD,,22,33.83531389,-84.94260556,0,42,0,0,1,1,0,4,1,10,0,10,0,0000000,16,54,17,1,88,88,0,0,0,1,0
13,130472,1,1,0,0,0,1,1,223,2740,9,6,2013,1,20,2,1,13,2,US-278 / SR-6,,83,33.91543333,-84.85678333,0,42,0,0,1,1,0,5,1,10,0,10,0,0000000,20,3,20,7,20,35,0,0,0,1,0
13,130473,1,1,0,0,0,2,2,85,1590,10,6,2013,2,21,42,0,6,4,CR-125 / COUCH RD,,9,34.36546389,-84.01976944,0,35,0,0,1,1,0,4,2,1,0,1,0,0000000,21,43,21,48,22,14,0,0,0,1,0
13,130474,1,1,0,0,0,1,1,223,0,10,6,2013,2,23,22,0,14,4,CR-283 / BROWNSVILLE RD,,35,33.81211944,-84.73611944,0,42,0,0,1,1,0,4,2,1,0,1,0,0000000,99,98,99,98,88,88,0,0,0,1,0
13,130475,2,2,0,0,0,2,2,293,0,10,6,2013,2,6,48,1,13,3,SR-36,,101,32.90636667,-84.29789167,0,12,6,0,8,1,0,1,4,10,0,10,0,0000000,6,47,6,49,7,12,0,0,0,1,0
13,130476,2,2,0,0,0,2,2,117,0,11,6,2013,3,0,29,0,3,3,SR-369,,171,34.25000833,-83.98796944,0,12,2,0,1,1,0,1,2,10,0,10,0,0000000,0,34,0,37,88,88,0,0,0,1,0
13,130477,1,1,0,0,0,1,1,213,0,12,6,2013,4,20,40,0,4,3,SR-225,,274,34.98456111,-84.77581944,1,35,0,0,1,1,0,4,1,1,0,1,0,0000000,99,98,99,98,88,88,0,0,0,1,1
13,130478,1,1,0,0,0,1,1,223,0,12,6,2013,4,17,15,0,3,3,SR-120,,52,33.85073889,-84.95039167,0,34,0,0,1,1,0,5,1,10,0,10,0,0000000,99,99,99,99,99,99,0,0,0,1,0
13,130479,1,1,0,0,0,1,1,63,0,13,6,2013,5,17,14,0,4,4,CR-133100 / WOOLSEY RD,,17,33.37041111,-84.36986667,0,53,0,0,1,1,0,4,1,1,0,1,0,0000000,17,14,17,21,18,7,0,0,0,1,0
13,130480,1,1,0,0,0,1,1,91,0,13,6,2013,5,15,35,0,4,3,SR-87,,29,32.041325,-83.25779444,0,59,0,0,1,1,0,4,1,1,0,1,0,0000000,99,98,99,98,88,88,0,0,0,1,0
13,130481,1,1,0,1,1,1,1,93,0,13,6,2013,5,0,44,0,3,3,SR-90,,96,32.12691944,-83.86735833,0,8,0,0,1,1,0,1,2,1,0,1,0,0000000,99,98,99,98,88,88,0,0,0,1,0
13,130482,3,3,0,0,0,3,3,97,1770,13,6,2013,5,10,51,1,11,1,I-20,,118,33.7324,-84.73898889,0,12,1,0,1,1,0,1,1,1,0,1,0,0000000,10,54,10,56,11,35,0,0,0,1,0
13,130483,2,2,0,0,0,2,2,111,560,13,6,2013,5,11,20,1,2,3,SR-5 / BLUE RIDGE DR,,81,34.90650556,-84.37623611,0,1,0,0,1,1,0,1,1,1,0,1,0,0000000,99,98,99,98,88,88,0,0,0,1,0
13,130484,1,1,0,0,0,1,1,263,0,13,6,2013,5,14,30,0,6,4,CR-175 / CROSBY RD,,7,32.63491111,-84.39,0,1,0,0,1,1,0,1,1,1,0,1,0,0000000,99,98,99,98,88,88,0,0,0,1,1
13,130485,2,2,0,0,0,3,3,195,0,14,6,2013,6,7,20,0,5,4,CR-68 / FRIENDSHIP CHURCH RD,CHANDLER CHURCH RD,15,34.17181944,-83.25722222,0,12,2,0,2,3,0,1,1,1,0,1,0,0000000,99,99,99,99,99,99,0,0,0,1,1
13,130486,1,1,0,0,0,1,1,211,0,14,6,2013,6,22,43,1,1,1,I-20,,68,33.57594722,-83.55987222,0,35,0,0,1,1,0,4,2,1,0,1,0,0000000,22,46,22,56,88,88,26,0,0,1,0
13,130487,2,2,0,0,0,6,6,89,3210,15,6,2013,7,1,31,1,11,1,I-20,,149,33.70146389,-84.11718056,0,1,0,0,1,1,0,1,2,1,0,1,0,0000000,1,31,99,99,99,99,14,0,0,1,1
13,130488,1,1,0,0,0,1,1,135,0,15,6,2013,7,6,6,1,11,1,I-985,,35,34.08683889,-83.99340556,0,31,0,1,5,1,0,3,2,1,0,1,0,0000000,6,22,6,29,88,88,0,0,0,1,1
13,130489,1,1,0,0,0,1,1,105,0,16,6,2013,1,2,20,0,3,3,SR-77,,158,34.2174,-82.89218611,0,32,0,0,1,1,0,4,2,1,0,1,0,0000000,99,99,99,99,99,99,0,0,0,1,1
13,130490,2,2,0,0,0,3,3,59,270,17,6,2013,2,7,56,0,15,6,SPRING VALLEY ROAD,TAYLOR LANE,31,33.97601111,-83.3089,0,12,6,0,2,3,0,1,1,10,0,10,0,0000000,7,59,8,7,8,36,0,0,0,1,0
13,130491,1,1,0,0,0,1,1,63,0,17,6,2013,2,6,35,1,13,3,SR-138,CREEKSIDE LANE,12,33.55065556,-84.43703333,0,42,0,0,3,3,0,5,1,2,0,2,0,0000000,88,88,88,88,88,88,0,0,0,1,1
13,130492,2,2,0,0,0,2,2,87,0,18,6,2013,3,14,30,0,3,3,SR-97,,296,30.97991944,-84.50335278,0,12,6,0,1,1,0,1,1,1,0,1,0,0000000,99,98,99,98,88,88,0,0,0,1,0
13,130493,3,3,0,0,0,4,4,207,0,18,6,2013,3,23,7,1,1,1,I-85/SR-403,,86,33.00041111,-83.85998056,0,12,6,0,1,1,0,1,2,1,0,1,0,0000000,23,0,23,18,88,88,0,0,0,1,0
13,130494,1,1,0,0,0,2,2,109,1160,19,6,2013,4,3,23,1,2,3,SR-30,,90,32.15432222,-81.94941944,0,35,0,0,1,1,0,5,2,1,0,1,0,0000000,3,31,3,37,99,99,0,0,0,1,0
13,130495,2,2,0,0,0,2,2,127,760,19,6,2013,4,10,12,0,14,3,SR-303,,61,31.20355,-81.513725,0,12,6,0,1,1,0,1,1,1,0,1,0,0000000,10,13,10,14,99,99,0,0,0,1,0
13,130496,2,2,0,0,0,2,2,135,0,19,6,2013,4,17,50,0,14,3,SR-120,ATKINSON ROAD,68,33.97721389,-84.07950278,0,12,7,0,3,2,0,1,1,1,0,1,0,0000000,17,50,17,59,18,15,0,0,0,1,0
13,130497,1,1,0,1,1,1,1,89,0,20,6,2013,5,8,20,0,14,4,CR-N. DECATUR ROAD,LANDOVER DRIVE,23,33.79087778,-84.30066944,0,8,0,0,2,3,0,1,1,1,0,1,0,0000000,8,25,8,31,8,45,0,0,0,1,0
13,130498,2,2,0,0,0,2,2,121,2060,20,6,2013,5,16,26,0,14,3,SR-92,,112,33.636125,-84.63303889,0,12,2,0,1,1,0,1,1,1,0,1,0,0000000,16,27,16,36,99,99,0,0,0,1,0
13,130499,2,2,0,0,0,3,3,27,0,21,6,2013,6,17,25,1,3,3,SR-133,SR-122,175,31.00629167,-83.55721389,0,12,6,0,2,2,0,1,1,10,0,10,0,0000000,17,17,17,23,18,25,0,0,0,2,0
13,130500,1,1,0,1,1,1,1,141,5120,21,6,2013,6,8,15,0,3,3,SR-15,BOLAND STREET,90,33.27588611,-82.97310833,0,15,0,0,2,2,0,1,1,1,0,1,0,0000000,99,99,99,99,99,99,0,0,0,1,0
13,130501,1,1,0,0,0,2,2,153,0,21,6,2013,6,15,40,0,15,4,CR-DAVIS DRIVE,MINICK STREET,5,32.653875,-83.61007222,0,1,0,0,3,3,0,5,1,1,0,1,0,0000000,15,42,15,49,16,11,0,0,0,1,0
13,130502,1,1,0,0,0,2,2,197,790,21,6,2013,6,19,56,0,3,6,N. BROAD STREET,BURKHALTER STREET,128,32.32304167,-84.518425,0,43,0,0,3,3,0,5,1,1,0,1,0,0000000,19,58,20,3,20,37,0,0,0,1,0
13,130503,2,2,0,0,0,3,3,295,0,21,6,2013,6,13,57,0,4,3,SR-193,SR-341,87,34.92471111,-85.34791111,0,12,6,0,2,2,0,1,1,1,0,1,0,0000000,13,57,14,8,14,32,0,0,0,1,0
13,130504,2,2,0,0,0,2,2,67,0,22,6,2013,7,21,0,1,13,3,SR-3,PACES MILL ROAD,2,33.87128889,-84.45642222,0,12,7,0,3,2,0,1,5,1,0,1,0,0000000,21,0,21,5,21,32,0,0,0,1,0
13,130505,1,1,0,1,1,2,2,95,90,22,6,2013,7,5,35,1,13,6,WEST OLGETHORPE BLVD.,HARDING STREET,33,31.57531111,-84.17062778,0,8,0,0,2,2,0,1,3,1,0,1,0,0000000,5,37,5,44,6,11,0,0,0,1,0
13,130506,2,2,0,0,0,3,3,157,2810,22,6,2013,7,11,46,0,4,3,SR-124,,55,34.10870278,-83.70536667,0,12,6,0,8,1,0,1,1,1,0,1,0,0000000,11,45,11,50,12,27,0,0,0,1,1
13,130507,1,1,0,0,0,2,2,51,0,23,6,2013,1,18,47,0,16,4,CR-CAUSTON HARBOUR DRIVE,,3,32.06548889,-81.03024444,0,5,0,0,1,1,0,1,1,1,0,1,0,0000000,99,99,99,99,99,99,0,0,0,1,0
13,130508,1,1,0,1,1,1,1,95,90,23,6,2013,1,19,32,0,15,6,HARDING STREET,,2,31.56544167,-84.17104167,0,8,0,0,1,1,0,1,1,1,0,1,0,0000000,19,33,19,38,19,50,0,0,0,1,0
13,130509,1,1,0,1,1,1,1,121,280,23,6,2013,1,5,17,1,11,1,I-75/SR-401,,40,33.69,-84.40120556,0,8,0,0,1,1,0,1,2,1,0,1,0,0000000,5,17,5,25,88,88,0,0,0,1,0
13,130510,1,1,0,0,0,5,5,135,3990,23,6,2013,1,4,46,0,14,3,SR-378,GLOBAL COURT,49,33.918675,-84.13819444,0,26,0,0,3,2,0,3,3,10,0,10,0,0000000,4,46,4,54,5,30,0,0,0,1,0
13,130511,3,3,0,0,0,16,16,175,0,23,6,2013,1,12,19,0,3,3,SR-31,,307,32.58213333,-82.83575833,0,12,1,0,8,1,0,1,1,1,0,1,0,0000000,12,22,12,29,12,54,0,0,0,1,0
13,130512,2,2,0,0,0,4,4,295,0,23,6,2013,1,21,45,1,13,3,SR-2,DEWBERRY ROAD,35,34.95100833,-85.27585833,0,12,6,0,2,2,0,1,2,1,0,1,0,0000000,21,39,21,46,22,5,0,0,0,1,0
13,130513,2,2,0,0,0,4,4,145,0,25,6,2013,3,18,39,0,4,3,SR-219,,188,32.84877778,-85.03563889,0,12,2,0,1,1,0,1,1,1,0,1,0,0000000,18,33,18,50,19,33,0,0,0,1,0
13,130514,1,1,0,0,0,1,1,151,3360,25,6,2013,3,16,30,0,16,6,ALEXANDRIA BLVD.,,1,33.44438056,-84.13536111,0,41,0,0,1,1,0,5,1,1,0,1,0,0000000,16,29,16,39,99,99,0,0,0,1,0