STATE,ST_CASE,VE_TOTAL,VE_FORMS,PVH_INVL,PEDS,PERNOTMVIT,PERMVIT,PERSONS,COUNTY,CITY,DAY,MONTH,YEAR,DAY_WEEK,HOUR,MINUTE,NHS,ROAD_FNC,ROUTE,TWAY_ID,TWAY_ID2,MILEPT,LATITUDE,LONGITUD,SP_JUR,HARM_EV,MAN_COLL,RELJCT1,RELJCT2,TYP_INT,WRK_ZONE,REL_ROAD,LGT_COND,WEATHER1,WEATHER2,WEATHER,SCH_BUS,RAIL,NOT_HOUR,NOT_MIN,ARR_HOUR,ARR_MIN,HOSP_HR,HOSP_MN,CF1,CF2,CF3,FATALS,DRUNK_DR
13,130515,1,1,0,1,1,1,1,121,1900,26,6,2013,4,22,32,0,15,6,STANTON ROAD,,22,33.70263333,-84.44652778,0,8,0,0,1,1,0,1,3,1,0,1,0,0000000,99,98,99,98,88,88,0,0,0,1,0
13,130516,1,1,0,0,0,1,1,217,0,26,6,2013,4,10,20,0,14,3,SR-36,,118,33.54411389,-83.84433056,0,35,0,0,1,1,0,5,1,10,0,10,0,0000000,10,13,10,22,10,54,0,0,0,1,0
13,130517,2,2,0,0,0,2,2,89,0,27,6,2013,5,13,55,1,12,2,US-78(SR08),,67,33.82051111,-84.16703056,0,12,2,0,1,1,0,1,1,10,0,10,0,0000000,14,0,14,15,14,35,0,0,0,1,0
13,130518,2,2,0,0,0,2,2,133,5650,27,6,2013,5,12,23,0,3,2,US-278(SR12),,150,33.60257778,-83.1234,0,12,6,0,1,1,0,1,1,1,0,1,0,0000000,12,24,12,29,13,36,0,0,0,1,0
13,130519,1,1,0,1,1,1,1,255,2510,27,6,2013,5,13,49,0,15,6,SOLOMON STREET,18TH STREET,3,33.24883056,-84.28157778,0,9,0,0,2,2,0,1,1,1,0,1,0,0000000,13,49,13,54,99,99,0,0,0,1,0
13,130520,1,1,0,0,0,1,1,151,0,28,6,2013,6,3,37,1,11,1,I-75(RAMP),,0,33.41133611,-84.16116389,0,42,0,1,5,1,0,5,2,10,0,10,0,0000000,3,39,3,53,88,88,0,0,0,1,1
13,130521,1,1,0,1,1,1,1,171,400,29,6,2013,7,23,55,0,14,6,ROSE AVENUE,,1,33.04638611,-84.16681111,0,8,0,0,1,1,0,1,2,10,0,10,0,0000000,99,98,99,98,88,88,0,0,0,1,0
13,130522,1,1,0,0,0,3,3,265,0,29,6,2013,7,17,0,1,1,1,I-20,,100,33.50379167,-82.82838611,0,42,0,0,1,1,0,5,1,2,0,2,0,0000000,16,48,17,8,18,4,0,0,0,1,0
13,130523,1,1,0,0,0,4,4,283,0,29,6,2013,7,18,34,0,6,4,CR-CORSEY GROVE  WAY,,64,32.401975,-82.50244444,0,42,0,0,1,1,0,5,1,1,0,1,0,0000000,18,40,18,54,19,53,0,0,0,2,0
13,130524,1,1,0,1,1,1,1,57,0,30,6,2013,1,22,17,0,14,4,CR-BELLS FERRY ROAD,LAKE FORREST DRIVE,1,34.07860833,-84.57331944,0,8,0,0,2,2,0,1,3,1,0,1,0,0000000,22,20,22,31,22,45,0,0,0,1,0
13,130525,1,1,0,1,1,1,1,67,3440,30,6,2013,1,1,21,0,14,6,MABLETON PARKWAY,COMMUNITY DRIVE,26,33.80244167,-84.56771389,0,8,0,0,3,2,0,1,2,1,0,1,0,0000000,99,99,99,99,99,99,0,0,0,1,0
13,130526,2,2,0,0,0,2,2,77,4230,30,6,2013,1,15,39,1,2,3,SR-14,,276,33.50878611,-84.67093889,0,12,2,0,8,1,0,1,1,1,0,1,0,0000000,99,99,99,99,99,99,0,0,0,1,0
13,130527,2,2,0,0,0,2,2,95,90,30,6,2013,1,11,9,0,15,6,CORDELE ROAD,,110,31.58166389,-84.08598333,0,12,6,0,8,1,0,1,1,10,0,10,0,0000000,11,9,11,16,11,33,0,0,0,1,0
13,130528,2,2,0,0,0,5,5,175,0,30,6,2013,1,12,37,0,4,3,SR-338,OLD MACON ROAD,178,32.56853056,-83.03302222,0,12,6,0,2,2,0,1,1,10,0,10,0,0000000,12,36,12,46,13,23,0,0,0,1,0
13,130529,1,1,0,0,0,8,8,193,0,30,6,2013,1,7,1,0,4,3,SR-224,,19,32.36322778,-83.95366389,0,32,0,0,1,1,0,5,4,10,0,10,0,0000000,99,99,99,99,99,99,0,0,0,1,0
13,130530,3,3,0,0,0,3,3,9,0,1,7,2013,2,12,40,1,13,3,SR-49,,78,33.06503333,-83.27334444,0,12,2,0,1,1,0,1,1,10,0,10,0,0000000,12,44,12,51,13,35,0,0,0,1,0
13,130531,3,3,0,0,0,4,4,89,0,1,7,2013,2,10,45,1,11,1,I-285,,88,33.83694444,-84.24876389,0,12,7,0,1,1,0,1,1,1,0,1,0,0000000,10,52,10,54,12,2,0,0,0,1,0
13,130532,1,1,0,1,1,3,3,121,0,1,7,2013,2,21,43,1,11,1,I-285,,70,33.72410278,-84.50286944,0,8,0,0,1,1,1,1,2,10,0,10,0,0000000,21,44,21,55,88,88,23,0,0,1,0
13,130533,3,1,2,0,0,2,2,285,3050,1,7,2013,2,14,30,0,16,6,W BATTLE ST,,0,33.04207778,-85.03434444,0,14,0,0,1,1,0,5,1,1,0,1,0,0000000,14,29,14,32,15,13,0,0,0,1,0
13,130534,2,2,0,0,0,2,2,291,0,1,7,2013,2,8,45,1,2,2,US-129 / SR-11,PAT COLWELL RD,154,34.88817778,-83.98817778,0,12,6,0,3,3,0,1,1,1,0,1,0,0000000,8,45,8,48,9,12,0,0,0,1,0
13,130535,1,1,0,0,0,2,2,15,0,3,7,2013,4,14,11,0,14,3,SR-293,,5,34.12599167,-84.75611111,0,42,0,0,1,1,0,6,1,2,0,2,0,0000000,99,99,99,99,99,99,0,0,0,1,1
13,130536,1,1,0,0,0,2,2,45,970,3,7,2013,4,19,34,0,14,6,STEWART ST,,18,33.60493333,-85.05874722,0,35,0,0,1,1,0,4,5,2,0,2,0,0000000,19,34,19,39,19,57,0,0,0,1,1
13,130537,1,1,0,1,1,1,1,89,1750,3,7,2013,4,1,14,1,11,1,I-285,,59,33.87923889,-84.24962778,0,8,0,0,1,1,0,1,2,10,0,10,0,0000000,99,98,99,98,88,88,0,0,0,1,0
13,130538,2,2,0,0,0,3,3,95,90,3,7,2013,4,2,54,1,12,2,US-19 /LIBERTY EXPY,,85,31.58315833,-84.11205,0,12,1,0,1,1,2,4,3,10,0,10,0,0000000,99,99,99,99,99,99,0,0,0,1,1
13,130539,2,2,0,0,0,11,11,151,0,4,7,2013,5,11,34,1,11,1,I-75,,112,33.43872222,-84.19229167,0,24,0,0,1,1,0,3,1,10,0,10,0,0000000,11,38,11,53,12,39,0,0,0,1,0
13,130540,1,1,0,0,0,1,1,163,5160,4,7,2013,5,21,45,0,4,3,SR-102,,19,33.19748889,-82.522675,0,34,0,0,1,1,0,4,2,10,0,10,0,0000000,99,98,99,98,88,88,0,0,0,1,1
13,130541,1,1,0,0,0,2,2,143,5740,5,7,2013,6,9,58,1,1,1,I-20,,51,33.68851111,-85.23828056,0,42,0,0,1,1,0,3,1,2,0,2,0,0000000,10,1,10,9,11,28,0,0,0,2,0
13,130542,1,1,0,0,0,1,1,233,0,5,7,2013,6,16,1,0,3,3,SR-113,,105,34.07963056,-84.9813,0,35,0,0,1,1,0,4,1,1,0,1,0,0000000,99,99,99,99,99,99,0,0,0,1,0
13,130543,2,2,0,0,0,2,2,255,2510,5,7,2013,6,20,44,1,13,2,US-19/41 / SR-3,LUCKY ST,66,33.280425,-84.29178056,0,12,6,0,2,2,0,1,5,2,0,2,0,0000000,20,44,20,52,21,18,0,0,0,1,0
13,130544,1,1,0,0,0,1,1,121,0,6,7,2013,7,19,57,0,16,4,CR-557 / JAILETTE RD,,1,33.64178611,-84.52591667,0,42,0,0,1,1,1,4,5,10,0,10,0,0000000,19,59,20,7,88,88,0,0,0,1,1
13,130545,2,2,0,0,0,6,6,121,280,6,7,2013,7,14,55,1,11,1,I-75/85,,28,33.79520556,-84.39176667,0,12,7,0,1,1,0,1,1,1,0,1,0,0000000,14,55,15,15,99,99,0,0,0,1,0
13,130546,1,1,0,0,0,2,2,169,0,6,7,2013,7,0,12,0,3,3,SR-49,,43,32.92238056,-83.51081389,0,42,0,0,1,1,0,4,2,10,0,10,0,0000000,0,15,0,27,0,54,0,0,0,1,1
13,130547,1,1,0,1,1,1,1,73,0,7,7,2013,1,3,36,0,14,4,CR-1741 / OLD EVANS RD,,11,33.51705278,-82.10267778,0,8,0,0,1,1,0,1,2,10,0,10,0,0000000,3,38,3,46,4,6,0,0,0,1,0
13,130548,1,1,0,0,0,1,1,313,0,7,7,2013,1,2,30,1,1,1,I-75,,141,34.80494444,-85.01458056,0,52,0,0,1,1,0,4,2,2,0,2,0,0000000,99,99,99,99,99,99,0,0,0,1,0
13,130549,2,2,0,0,0,5,5,135,0,8,7,2013,2,13,21,1,11,1,I-85,,65,33.94685278,-84.14145278,0,12,7,0,1,1,0,1,1,1,0,1,0,0000000,13,21,13,26,13,50,0,0,0,1,0
13,130550,1,1,0,0,0,1,1,237,0,7,7,2013,1,18,51,0,6,4,CR-114 / LONG SHOALS RD,,27,33.37537222,-83.19415833,0,53,0,0,1,1,0,4,1,10,0,10,0,0000000,18,55,19,8,88,88,0,0,0,1,1
13,130551,1,1,0,0,0,1,1,149,0,8,7,2013,2,18,49,0,3,3,SR-34,,50,33.24815278,-85.18360278,0,59,0,0,1,1,0,4,1,2,0,2,0,0000000,18,47,18,56,19,37,0,0,0,1,1
13,130552,2,2,0,0,0,2,2,313,1510,8,7,2013,2,1,37,0,14,3,SR-71,BEAVERDALE RD,27,34.83257778,-84.94345556,0,12,6,0,2,2,0,1,2,10,0,10,0,0000000,1,37,1,41,2,13,0,0,0,1,1
13,130553,1,1,0,0,0,1,1,15,0,9,7,2013,3,1,1,1,1,1,I-75 RAMP,,187,34.27014167,-84.80905278,0,34,0,1,5,1,0,4,2,1,0,1,0,0000000,99,98,99,98,88,88,0,0,0,1,0
13,130554,1,1,0,0,0,4,4,27,0,9,7,2013,3,9,37,0,6,4,CR-183 / WEBSTER RD,,23,30.80691111,-83.56819167,0,34,0,0,1,1,0,4,1,1,0,1,0,0000000,9,41,10,4,11,15,0,0,0,3,0
13,130555,1,1,0,0,0,3,3,265,1410,9,7,2013,3,17,28,0,6,6,LEXINGTON ST,,1,33.55755833,-82.90072222,0,10,0,0,6,1,0,1,1,1,0,1,0,279552N,17,38,18,1,19,0,0,0,0,2,0
13,130556,1,1,0,0,0,1,1,51,4910,10,7,2013,4,7,27,1,11,1,I-516 RAMP,,42,32.06874167,-81.13568333,0,33,0,1,5,1,0,3,1,1,0,1,0,0000000,7,27,7,32,7,56,0,0,0,1,0
13,130557,1,1,0,0,0,1,1,57,920,10,7,2013,4,11,50,0,16,4,CR-281 / EPPERSON RD,,59,34.210375,-84.41402778,0,1,0,0,1,1,0,1,1,1,0,1,0,0000000,11,51,12,1,12,32,0,0,0,1,0
13,130558,1,1,0,1,1,1,1,185,0,10,7,2013,4,23,5,1,13,3,SR-31,,89,30.75254167,-83.27284167,0,8,0,0,1,1,0,1,2,10,0,10,0,0000000,23,8,23,20,23,51,0,0,0,1,0
13,130559,1,1,0,0,0,4,4,103,0,11,7,2013,5,17,35,1,1,1,I-16,,11,32.12278889,-81.38359722,0,42,0,0,1,1,0,5,1,1,0,1,0,0000000,17,35,17,47,18,48,0,0,0,1,0
13,130560,4,4,0,0,0,5,5,15,0,12,7,2013,6,16,4,0,14,3,SR-113,,69,34.11849722,-84.86612778,0,12,1,0,1,1,0,1,1,1,0,1,0,0000000,99,99,99,99,99,99,0,0,0,1,0
13,130561,3,3,0,0,0,4,4,121,0,12,7,2013,6,15,18,0,14,3,SR-279 / OLD NATIONAL HWY,SHERIFF RD,30,33.59345278,-84.46829167,0,12,6,0,2,3,1,1,1,10,0,10,0,0000000,99,99,99,99,99,99,0,0,0,1,0
13,130562,3,3,0,0,0,7,7,139,2285,12,7,2013,6,0,21,1,13,2,US-23 / SR-419,HOWARD RD,177,34.33159167,-83.78236944,0,12,6,0,2,2,0,1,2,10,0,10,0,0000000,0,22,0,27,0,51,0,0,0,2,1
13,130563,2,2,0,0,0,2,2,139,2285,12,7,2013,6,0,22,1,13,2,US-23 / SR-419,HOWARD RD,177,34.33156944,-83.78239167,0,12,11,0,2,2,0,1,2,10,0,10,0,0000000,0,22,0,27,0,51,19,0,0,1,0
13,130564,1,1,0,0,0,1,1,193,0,12,7,2013,6,15,15,0,3,3,SR-90,,99,32.32140556,-84.06845,0,42,0,0,1,1,0,4,1,1,0,1,0,0000000,99,98,99,98,88,88,0,0,0,1,0
13,130565,1,1,0,1,1,1,1,297,3710,12,7,2013,6,21,47,1,13,3,SR-10 BU / SPRING ST,,17,33.79351389,-83.72861111,0,8,0,0,1,1,0,1,2,2,0,2,0,0000000,21,53,22,25,23,5,0,0,0,1,0
13,130566,2,2,0,0,0,2,2,305,0,12,7,2013,6,14,35,0,5,4,CR-31 / OGLETHORPE RD,,53,31.68309444,-81.91888611,0,12,2,0,1,1,0,1,1,10,0,10,0,0000000,14,41,14,49,15,21,0,0,0,1,0
13,130567,1,1,0,1,1,1,1,13,0,13,7,2013,7,22,22,0,6,4,CR-144 / MANNING GIN RD,,28,33.91319167,-83.65494444,0,8,0,0,1,1,0,1,3,2,0,2,0,0000000,99,99,99,99,99,99,0,0,0,1,0
13,130568,3,3,0,0,0,4,4,135,0,13,7,2013,7,15,18,1,13,4,CR-1954 / PEACHTREE IND BLVD,,44,34.02789444,-84.10994444,0,12,2,0,1,1,0,1,1,10,0,10,0,0000000,15,18,15,24,15,56,0,0,0,1,0
13,130569,1,1,0,0,0,1,1,15,0,14,7,2013,1,15,50,0,3,2,US-411 / SR-61,,242,34.37690833,-84.709475,0,38,0,0,1,1,0,5,1,1,0,1,0,0000000,99,98,99,98,88,88,0,0,0,1,0
13,130570,1,1,0,0,0,1,1,65,0,14,7,2013,1,7,49,1,2,2,US-441 / SR-89,,161,30.84121667,-82.65460556,0,52,0,0,1,1,0,4,1,10,0,10,0,0000000,99,98,99,98,88,88,0,0,0,1,0
13,130571,2,2,0,0,0,2,2,115,0,14,7,2013,1,14,20,1,2,2,US-27 / SR-1,SR-140,223,34.38556389,-85.17813056,0,12,2,0,2,3,0,1,1,1,0,1,0,0000000,14,21,14,26,14,49,0,0,0,1,0
13,130572,1,1,0,0,0,2,2,121,5640,14,7,2013,1,11,52,1,11,1,I-85,,54,33.55555,-84.55582778,0,42,0,0,1,1,0,5,1,1,0,1,0,0000000,11,57,12,3,12,40,20,0,0,1,0
13,130573,1,1,0,1,1,1,1,121,4790,13,6,2013,5,19,19,1,13,3,SR-10,COMMERCE PARKWAY,207,34.03926944,-84.34275,0,8,0,0,3,2,0,1,1,10,0,10,0,0000000,19,21,19,23,19,36,0,0,0,1,0
13,130574,1,1,0,0,0,1,1,131,0,14,7,2013,1,3,55,0,6,4,CR-LEWIS ROAD,MIDWAY ROAD,9,30.80410833,-84.19746389,0,35,0,0,3,2,0,5,2,10,0,10,0,0000000,99,99,99,99,99,99,20,0,0,1,1
13,130575,2,1,1,0,0,1,1,199,0,14,7,2013,1,15,14,0,6,4,CR-TENNEY NELSON ROAD,,23,33.16535833,-84.76978056,0,31,0,0,1,1,0,5,1,10,0,10,0,0000000,99,99,99,99,99,99,0,0,0,1,0
13,130576,4,4,0,0,0,5,5,207,0,14,7,2013,1,16,28,1,1,1,I-75/SR-401,,66,32.98228611,-83.832925,0,24,0,0,1,1,0,3,1,2,0,2,0,0000000,16,30,16,39,17,45,0,0,0,1,0
13,130577,2,2,0,0,0,4,4,121,280,16,7,2013,3,12,10,1,11,1,I-285/SR-401,,67,33.72141944,-84.50251389,0,12,7,0,1,1,0,2,1,1,0,1,0,0000000,99,99,99,99,99,99,20,0,0,1,0
13,130578,1,1,0,1,1,0,0,247,0,16,7,2013,3,15,40,0,15,4,CR-OLD SALEM ROAD,,7,33.64261667,-84.00018611,0,8,0,0,4,1,0,1,1,1,0,1,0,0000000,88,88,88,88,88,88,0,0,0,1,0
13,130579,2,2,0,0,0,2,2,47,0,17,7,2013,4,11,21,1,1,1,I-75/SR-401,,25,34.88283611,-85.05506667,0,12,1,0,1,1,0,1,1,1,0,1,0,0000000,11,20,11,28,12,29,0,0,0,1,0
13,130580,2,2,0,0,0,2,2,85,1590,17,7,2013,4,11,40,1,2,3,SR-53,,62,34.42318611,-84.15104167,0,12,2,0,1,1,0,1,1,1,0,1,0,0000000,11,48,11,55,13,32,0,0,0,1,0
13,130581,1,1,0,2,2,1,1,135,3158,18,7,2013,5,18,38,0,14,2,US-29(SR8),HARBINS ROAD,26,33.88919444,-84.15496111,0,8,0,0,3,2,0,6,1,1,0,1,0,0000000,88,88,88,88,88,88,0,0,0,2,0
13,130582,1,1,0,0,0,2,2,63,3780,19,7,2013,6,23,43,1,11,1,I-75/SR-401,,36,33.57826667,-84.34958889,0,24,0,0,1,1,0,4,2,1,0,1,0,0000000,23,43,23,51,0,20,0,0,0,1,0
13,130583,1,1,0,0,0,1,1,67,0,19,7,2013,6,15,59,0,14,3,SR-92,,21,34.03782778,-84.73630833,0,40,0,0,1,1,0,5,1,10,0,10,0,0000000,16,1,16,9,88,88,0,0,0,1,0
13,130584,5,5,0,0,0,8,8,121,280,19,7,2013,6,23,57,1,11,1,I-75/SR-401,,35,33.69714167,-84.40494722,0,39,0,0,1,1,0,4,2,10,0,10,0,0000000,23,57,0,2,0,48,0,0,0,1,2
13,130585,2,2,0,0,0,2,2,67,0,20,7,2013,7,6,1,0,14,4,CR-POWDER SPRINGS ROAD,,83,33.91633889,-84.58696667,0,12,2,0,1,1,0,1,2,10,0,10,0,0000000,99,99,99,99,99,99,0,0,0,1,0
13,130586,2,1,1,0,0,1,1,89,0,20,7,2013,7,7,50,0,15,4,CR-MCAFEE ROAD,DELLWOOD PLACE,13,33.73171111,-84.27491944,0,53,0,0,1,1,0,5,4,1,0,1,0,0000000,7,54,8,0,8,12,0,0,0,1,1
13,130587,2,2,0,0,0,2,2,121,280,20,7,2013,7,15,30,0,14,6,JAMES JACKSON PARKWAY,,40,33.80646389,-84.47588333,0,12,6,0,8,1,0,1,1,10,0,10,0,0000000,15,30,15,35,88,88,0,0,0,1,0
13,130588,2,2,0,0,0,2,2,117,0,22,7,2013,2,10,35,0,16,4,CR-SPOT ROAD,MCCOY CIRCLE,8,34.24904444,-84.15696667,0,12,6,0,2,2,0,1,1,10,0,10,0,0000000,10,38,10,43,11,0,0,0,0,1,0
13,130589,1,1,0,0,0,1,1,175,0,23,7,2013,3,2,30,0,5,4,CR-BREWTON LOVETT ROAD,,46,32.59513056,-82.7878,0,1,0,0,1,1,0,5,2,10,0,10,0,0000000,88,88,88,88,88,88,0,0,0,1,1
13,130590,1,1,0,0,0,1,1,223,0,15,7,2013,2,8,2,0,3,3,SR-101,,3,33.80234722,-84.97251111,0,38,0,0,1,1,0,5,1,1,0,1,0,0000000,99,99,99,99,99,99,0,0,0,1,0
13,130591,2,2,0,0,0,4,4,67,3440,24,7,2013,4,22,34,0,14,6,COBB PARKWAY,WHITE AVENUE,66,33.94406667,-84.51696111,0,12,2,0,2,2,0,1,3,1,0,1,0,0000000,22,35,22,46,22,58,0,0,0,1,0
13,130592,1,1,0,0,0,6,6,93,5630,24,7,2013,4,8,37,1,1,1,I-75/SR-401,,156,32.24731389,-83.74356944,0,24,0,0,1,1,0,3,1,10,0,10,0,0000000,8,35,8,49,9,34,0,0,0,1,0
13,130593,2,2,0,0,0,2,2,143,690,24,7,2013,4,19,58,0,6,6,NIX ROAD,,7,33.76928056,-85.08414167,0,12,7,0,1,1,0,1,1,10,0,10,0,0000000,19,48,20,3,20,49,0,0,0,1,0
13,130594,2,2,0,0,0,3,3,143,690,25,7,2013,5,19,31,0,4,6,CASHTOWN ROAD,LIBERTY CHURCH ROAD,6,33.73168333,-85.11217778,0,12,6,0,2,2,0,1,1,1,0,1,0,0000000,19,34,19,43,21,28,0,0,0,1,0
13,130595,1,1,0,1,1,3,3,121,280,25,7,2013,5,21,29,0,14,3,SR-54,,34,33.69008889,-84.36407778,0,8,0,0,1,1,0,1,3,1,0,1,0,0000000,99,98,99,98,88,88,0,0,0,1,0
13,130596,1,1,0,0,0,1,1,223,0,25,7,2013,5,16,30,0,15,4,CR-SWEETWATER CHURCH ROAD,,2,33.78601944,-84.78458056,0,34,0,0,1,1,0,5,1,1,0,1,0,0000000,99,99,99,99,99,99,0,0,0,1,0
13,130597,2,2,0,0,0,2,2,21,3390,26,7,2013,6,12,46,0,14,6,COLUMBUS ROAD,EBENEZER CHURCH ROAD,60,32.82431944,-83.71665833,0,12,6,0,2,3,0,1,1,1,0,1,0,0000000,12,43,12,51,88,88,0,0,0,1,0
13,130598,2,2,0,0,0,2,2,63,0,26,7,2013,6,5,16,0,14,4,CR-REX ROAD,EVANS DRIVE,9,99.99990000,999.99990000,0,12,6,0,2,3,0,1,3,1,0,1,0,0000000,5,15,5,22,5,50,0,0,0,1,1
13,130599,2,2,0,0,0,2,2,117,0,26,7,2013,6,16,38,0,16,4,CR-HEARDSVILLE ROAD,,11,34.26757778,-84.23566389,0,12,6,0,8,1,0,1,1,10,0,10,0,0000000,16,39,16,44,88,88,0,0,0,1,0
13,130600,2,2,0,0,0,2,2,135,0,26,7,2013,6,18,25,1,13,3,SR-141,SOUTH OLD PEACHTREE ROAD,24,33.96781111,-84.19545,0,12,6,0,2,2,0,1,1,1,0,1,0,0000000,18,25,18,30,88,88,0,0,0,1,0
13,130601,2,2,0,0,0,4,4,161,2630,26,7,2013,6,10,43,0,4,6,W. JEFFERSON STREET,BELL STREET,5,31.85961667,-82.61181111,0,12,6,0,2,2,0,1,1,10,0,10,0,0000000,99,99,99,99,99,99,0,0,0,1,0
13,130602,1,1,0,0,0,1,1,83,0,27,7,2013,7,19,5,0,4,3,SR-189,,10,34.82203611,-85.46442778,0,42,0,0,1,1,0,5,1,1,0,1,0,0000000,19,6,19,23,20,19,0,0,0,1,0
13,130603,2,2,0,0,0,2,2,151,0,27,7,2013,7,8,50,1,13,3,SR-155,,228,33.6292,-84.18165833,0,12,2,0,1,1,0,1,1,10,0,10,0,0000000,8,47,8,59,9,52,0,0,0,1,0
13,130604,1,1,0,0,0,1,1,217,3430,27,7,2013,7,21,56,0,3,3,SR-11,,34,33.51221389,-83.73301667,0,32,0,0,1,1,0,5,3,10,0,10,0,0000000,99,99,99,99,99,99,0,0,0,1,0
13,130605,1,1,0,1,1,1,1,279,0,27,7,2013,7,21,30,0,14,3,SR-202,,29,32.21845,-82.39566944,0,8,0,0,1,1,0,1,3,1,0,1,0,0000000,21,13,21,17,21,35,0,0,0,1,0
13,130606,1,1,0,0,0,1,1,117,0,28,7,2013,1,7,58,0,16,4,CR-DREW ROAD,,3,34.21246944,-84.21089444,0,38,0,0,1,1,0,5,1,1,0,1,0,0000000,8,1,8,10,8,31,0,0,0,1,0
13,130607,2,2,0,0,0,5,5,177,3120,28,7,2013,1,18,3,1,2,3,SR-520,N. DOUBLEGATE DRIVE,54,31.63586944,-84.246425,0,12,6,0,2,2,0,1,1,1,0,1,0,0000000,99,99,99,99,99,99,0,0,0,1,1
13,130608,1,1,0,0,0,1,1,227,0,28,7,2013,1,12,51,0,4,3,SR-136,,179,34.53904167,-84.37103611,0,35,0,0,1,1,0,5,1,1,0,1,0,0000000,88,88,88,88,88,88,0,0,0,1,0
13,130609,2,1,1,2,2,1,1,245,310,28,7,2013,1,18,24,0,16,6,ULM ROAD,,3,33.37370556,-82.12611944,0,8,0,0,1,1,0,5,1,1,0,1,0,0000000,18,21,18,33,19,9,0,0,0,2,0
13,130610,1,1,0,0,0,1,1,133,0,30,7,2013,3,9,32,0,4,4,CR-CAREY STATION ROAD,,37,33.53279167,-83.25227222,0,42,0,0,1,1,0,5,1,1,0,1,0,0000000,9,34,9,43,10,25,0,0,0,1,0
13,130611,2,2,0,0,0,4,4,137,380,30,7,2013,3,23,6,1,2,2,US-SR365,CHARLEY DAVIS ROAD,38,34.48722222,-83.58214167,0,12,6,0,2,2,0,1,2,10,0,10,0,0000000,23,18,23,28,23,44,0,0,0,1,0
13,130612,2,2,0,0,0,3,3,195,0,30,7,2013,3,15,40,0,5,4,CR-JOT EM DOWN,HUDSON RIVER ROAD,45,34.23632778,-83.31400833,0,12,6,0,2,2,0,1,1,1,0,1,0,0000000,15,47,15,55,17,3,0,0,0,1,0
13,130613,2,2,0,0,0,3,3,215,1280,30,7,2013,3,15,13,1,13,6,VETERAN PARKWAY,,153,32.55841667,-84.94241667,0,12,7,0,1,1,0,1,1,1,0,1,0,0000000,15,16,15,24,15,48,0,0,0,1,0
13,130614,2,2,0,0,0,2,2,21,3390,31,7,2013,4,9,43,1,13,3,SR-247,HOUSTON AVENUE,80,32.77208611,-83.65931389,0,12,6,0,2,4,0,1,1,2,0,2,0,0000000,9,41,9,45,10,22,0,0,0,1,0
13,130615,3,3,0,0,0,3,3,67,3440,31,7,2013,4,8,22,1,11,1,I-75/SR-401,,95,99.99990000,999.99990000,0,39,0,0,1,1,0,4,1,1,0,1,0,0000000,8,22,8,26,8,49,0,0,0,1,0
13,130616,1,1,0,0,0,1,1,251,0,31,7,2013,4,19,35,1,2,3,SR-73,,162,99.99990000,999.99990000,0,30,0,0,1,1,0,5,1,2,0,2,0,0000000,88,88,88,88,88,88,0,0,0,1,0
13,130617,1,1,0,0,0,2,2,103,5130,24,7,2013,4,8,17,0,3,3,SR-21,LAUREL STREET,108,32.351725,-81.30023333,0,7,0,0,2,3,0,1,1,99,0,99,0,0000000,8,15,8,19,8,39,0,0,0,1,0
13,130618,2,2,0,0,0,2,2,67,3440,14,6,2013,6,10,55,0,13,2,US-278 / SR-8,KITCHENS RD,54,33.81201667,-84.55435556,0,12,6,0,3,2,0,11,1,1,0,1,0,0000000,10,55,10,58,11,38,0,0,0,1,0
13,130619,2,2,0,0,0,4,4,49,0,1,8,2013,5,13,20,1,2,2,US-23 / SR-4,,89,30.88741389,-82.04446667,0,12,6,0,1,1,0,1,1,2,0,2,0,0000000,99,99,99,99,99,99,0,0,0,1,0
13,130620,1,1,0,0,0,1,1,11,380,2,8,2013,6,19,37,0,4,3,SR-198,,10,34.42825556,-83.47457778,0,42,0,0,1,1,0,4,1,1,0,1,0,0000000,19,29,19,35,20,23,0,0,0,1,1
13,130621,1,1,0,0,0,5,5,191,0,2,8,2013,6,10,43,1,1,1,I-95,,114,31.50013333,-81.44673056,0,1,0,0,1,1,0,1,1,1,0,1,0,0000000,10,22,10,26,11,24,0,0,0,1,0
13,130622,2,2,0,0,0,2,2,245,310,2,8,2013,6,13,27,1,13,2,US-25 / SR-121,,65,33.32980833,-82.06023889,0,12,1,0,1,1,0,11,1,1,0,1,0,0000000,13,28,13,32,88,88,0,0,0,1,0
13,130623,2,2,0,0,0,2,2,121,4882,3,8,2013,7,5,48,1,11,1,I-285,,248,33.91205278,-84.37898611,0,12,1,0,1,1,0,1,3,1,0,1,0,0000000,99,98,99,98,88,88,0,0,0,1,0
13,130624,4,4,0,0,0,4,4,89,0,4,8,2013,1,2,28,1,11,1,I-285,,205,33.69881111,-84.26578333,0,12,1,0,1,1,0,1,2,1,0,1,0,0000000,2,35,2,45,3,0,0,0,0,2,2