STATE,ST_CASE,VE_TOTAL,VE_FORMS,PVH_INVL,PEDS,PERNOTMVIT,PERMVIT,PERSONS,COUNTY,CITY,DAY,MONTH,YEAR,DAY_WEEK,HOUR,MINUTE,NHS,ROAD_FNC,ROUTE,TWAY_ID,TWAY_ID2,MILEPT,LATITUDE,LONGITUD,SP_JUR,HARM_EV,MAN_COLL,RELJCT1,RELJCT2,TYP_INT,WRK_ZONE,REL_ROAD,LGT_COND,WEATHER1,WEATHER2,WEATHER,SCH_BUS,RAIL,NOT_HOUR,NOT_MIN,ARR_HOUR,ARR_MIN,HOSP_HR,HOSP_MN,CF1,CF2,CF3,FATALS,DRUNK_DR
13,130625,2,2,0,0,0,2,2,115,4760,4,8,2013,1,15,57,1,13,2,US-27 / SR-1,STONEBRIDGE DR,186,34.33296944,-85.17229167,0,12,1,0,3,2,0,1,1,1,0,1,0,0000000,15,57,16,0,16,20,0,0,0,1,0
13,130626,1,1,0,0,0,3,3,233,1010,4,8,2013,1,7,4,0,4,3,SR-100 / TALLAPOOSA HWY,,44,33.94760278,-85.267925,0,34,0,0,1,1,0,4,4,1,0,1,0,0000000,99,99,99,99,99,99,0,0,0,1,1
13,130627,1,1,0,0,0,1,1,269,0,4,8,2013,1,15,30,0,5,4,CR-40 / CURRINGTON RD,,20,32.52457778,-84.32148056,0,30,0,0,1,1,0,5,1,1,0,1,0,0000000,99,99,99,99,88,88,0,0,0,1,1
13,130628,3,3,0,0,0,4,4,45,970,5,8,2013,2,20,55,0,3,3,SR-166,,247,33.61750556,-84.95099167,0,12,6,0,1,1,0,1,2,1,0,1,0,0000000,21,15,21,37,22,8,0,0,0,1,0
13,130629,1,1,0,1,1,1,1,121,280,5,8,2013,2,0,38,0,15,6,JOSEPH E BOONE BLVD,PAINES AVE,62,33.76343056,-84.41470833,0,8,0,0,3,3,0,1,3,1,0,1,0,0000000,0,37,0,45,99,99,0,0,0,1,0
13,130630,1,1,0,0,0,1,1,193,3450,5,8,2013,2,10,17,0,3,3,SR-49,SR-127,208,32.43178333,-84.00295833,0,59,0,0,3,3,0,4,1,10,0,10,0,0000000,99,99,99,99,99,99,0,0,0,1,1
13,130631,1,1,0,1,1,2,2,215,1280,5,8,2013,2,20,52,1,13,2,US-27 / SR-520,,37,32.42379444,-84.94721667,0,8,0,0,1,1,0,1,2,1,0,1,0,0000000,20,53,20,55,21,7,0,0,0,1,0
13,130632,2,2,0,0,0,5,5,117,0,7,8,2013,4,11,0,0,14,4,CR-450 / OLD ATLANTA RD,,23,34.12334167,-84.15359722,0,12,6,0,1,1,0,1,1,2,0,2,0,0000000,11,2,11,7,12,2,0,0,0,2,0
13,130633,2,2,0,0,0,2,2,151,0,7,8,2013,4,19,12,1,1,1,I-75,,18,33.32403611,-84.12130833,0,12,7,0,1,1,0,1,1,10,0,10,0,0000000,19,16,19,28,19,55,0,0,0,1,0
13,130634,2,2,0,0,0,4,4,263,0,7,8,2013,4,11,0,1,2,3,SR-90,OLD MAUK RD,33,32.59678333,-84.46178333,0,12,6,0,2,2,0,1,1,1,0,1,0,0000000,11,12,11,14,12,36,0,0,0,2,1
13,130635,2,1,1,0,1,1,2,31,0,8,8,2013,5,9,54,1,1,1,I-16,,48,32.30500278,-81.85645278,0,14,0,0,1,1,0,2,1,1,0,1,0,0000000,99,98,99,98,88,88,0,0,0,1,0
13,130636,1,1,0,0,0,2,2,63,0,8,8,2013,5,9,37,1,11,1,I-285,,36,33.62411667,-84.42374722,0,25,0,0,1,1,0,3,1,10,0,10,0,0000000,9,39,9,43,10,37,0,0,0,1,0
13,130637,1,1,0,1,1,1,1,121,1900,8,8,2013,5,21,46,0,16,6,MONTROSE DR,LANCASTER DR,6,33.68179722,-84.45877222,0,8,0,0,3,3,0,1,3,1,0,1,0,0000000,99,98,99,98,88,88,0,0,0,1,0
13,130638,2,2,0,0,0,4,4,157,670,8,8,2013,5,11,50,0,3,3,SR-53,,11,34.13653611,-83.78221389,0,12,2,0,1,1,0,1,1,1,0,1,0,0000000,11,49,12,10,12,46,0,0,0,1,0
13,130639,1,1,0,1,1,2,2,161,2630,8,8,2013,5,22,2,1,2,2,US-341 / SR-27,,81,31.85735278,-82.56823611,0,8,0,0,1,1,0,1,2,1,0,1,0,0000000,22,55,22,59,23,16,0,0,0,1,0
13,130640,2,2,0,0,0,4,4,223,0,9,8,2013,6,21,0,0,14,4,CR-710 / DALLAS ACWORTH HWY,DUE WEST RD,21,33.96105,-84.78746111,0,12,6,0,2,3,0,1,2,10,0,10,0,0000000,20,58,21,29,22,5,0,0,0,1,0
13,130641,1,1,0,0,0,2,2,51,4910,10,8,2013,7,15,7,1,11,1,I-16,,113,32.06830556,-81.18555278,0,59,0,0,1,1,0,4,1,1,0,1,0,0000000,15,9,15,14,15,57,0,0,0,1,0
13,130642,3,3,0,0,0,5,5,69,1760,10,8,2013,7,7,37,1,13,2,US-221 / SR-135,SR-31,81,31.48778889,-82.85119722,0,12,2,0,2,3,0,1,1,1,0,1,0,0000000,7,35,7,39,8,5,0,0,0,1,1
13,130643,1,1,0,0,0,1,1,89,0,10,8,2013,7,2,45,0,16,4,CR-614 / DEKALB MEDICAL PKWY,HERITAGE PARK TRL,5,33.71175278,-84.14656389,0,42,0,0,3,3,0,4,2,1,0,1,0,0000000,2,45,2,51,88,88,0,0,0,1,0
13,130644,1,1,0,0,0,4,4,51,4910,11,8,2013,1,13,49,0,15,4,CR-9 / GULFSTREAM RD,,1,32.14128333,-81.196825,0,10,0,0,6,1,0,1,1,1,0,1,0,635114T,13,49,13,53,14,44,0,0,0,2,1
13,130645,1,1,0,1,1,1,1,89,0,11,8,2013,1,2,39,1,13,3,SR-141 / PEACHTREE RD,,6,33.86086667,-84.33965,0,8,0,0,1,1,0,1,2,1,0,1,0,0000000,99,99,99,99,99,99,0,0,0,1,0
13,130646,1,1,0,0,0,1,1,121,280,11,8,2013,1,0,1,1,13,2,US-29 / SR-8,,84,33.77243611,-84.37668056,0,40,0,0,1,1,0,4,3,1,0,1,0,0000000,0,17,0,22,88,88,0,0,0,1,1
13,130647,1,1,0,0,0,1,1,179,2218,11,8,2013,1,13,27,0,14,3,SR-119,,233,31.902775,-81.63474167,0,42,0,0,1,1,0,4,1,1,0,1,0,0000000,13,27,13,32,88,88,0,0,0,1,0
13,130648,1,1,0,0,0,1,1,219,0,11,8,2013,1,21,38,0,16,4,CR-232 / PALOMINO PASS,,1,33.88766667,-83.47796944,0,34,0,0,1,1,0,4,2,1,0,1,0,0000000,99,98,99,98,88,88,0,0,0,1,0
13,130649,1,1,0,0,0,1,1,5,110,12,8,2013,2,21,20,0,5,4,CR-139 / CODY RD,,99999,31.52644722,-82.55461111,0,38,0,0,1,1,0,4,2,10,0,10,0,0000000,21,13,21,21,21,38,0,0,0,1,0
13,130650,1,1,0,0,0,1,1,67,0,12,8,2013,2,0,57,0,14,4,CR-4404 / JOHNSON FERRY RD,SHALLOWFORD RD,0,34.02733611,-84.42391944,0,31,0,0,3,2,0,4,3,10,0,10,0,0000000,0,58,1,10,1,30,0,0,0,1,0
13,130651,2,2,0,0,0,3,3,97,0,12,8,2013,2,17,40,0,14,2,US-78 / SR-8,,58,33.73020833,-84.81553333,0,12,2,0,1,1,0,1,1,2,0,2,0,0000000,17,32,17,37,18,2,0,0,0,1,0
13,130652,2,2,0,0,0,3,3,97,0,12,8,2013,2,20,15,1,13,2,US-278 / SR-5,,239,33.80229444,-84.63890278,0,12,1,0,1,1,0,1,1,2,1,2,0,0000000,99,99,99,99,99,99,0,0,0,2,0
13,130653,1,1,0,1,1,1,1,159,4980,12,8,2013,2,8,40,0,6,4,CR-55 / AIKENTON RD,,21,33.37441944,-83.56986944,0,9,0,0,1,1,0,1,1,1,0,1,0,0000000,8,49,9,15,10,0,0,0,0,1,0
13,130654,2,2,0,0,0,2,2,51,4910,13,8,2013,3,12,54,0,13,4,CR-975 / VETERANS PKWY,,15,32.00423056,-81.19699167,0,12,1,0,1,1,2,1,1,10,0,10,0,0000000,12,57,13,5,13,26,0,0,0,1,0
13,130655,2,2,0,0,0,3,3,51,4910,14,8,2013,4,17,22,0,14,3,SR-204SP / WHITFIELD AVE,,28,31.97465833,-81.10590556,0,12,6,0,1,1,1,1,1,10,0,10,0,0000000,17,22,17,25,17,44,0,0,0,1,0
13,130656,2,1,1,0,1,1,2,121,1900,14,8,2013,4,5,0,1,11,1,I-285,,9,33.643725,-84.49672778,0,14,0,0,1,1,0,2,2,10,0,10,0,0000000,5,1,5,8,5,46,0,0,0,1,0
13,130657,1,1,0,0,0,3,3,245,310,14,8,2013,4,13,44,0,14,4,CR-1504 / HEPHZIBAH MCBEAN RD,,11,33.27329722,-82.07060833,0,5,0,0,1,1,0,1,1,1,0,1,0,0000000,13,46,14,1,14,33,0,0,0,1,0
13,130658,2,2,0,0,0,3,3,113,0,15,8,2013,5,6,42,0,5,4,CR-144 / GOZA RD,,8,33.37758056,-84.41919722,0,12,2,0,1,1,0,1,2,10,0,10,0,0000000,6,42,6,50,7,25,0,0,0,1,0
13,130659,2,2,0,0,0,2,2,277,0,15,8,2013,5,18,8,0,3,2,US-319 / SR-35,MT OLIVE CHURCH RD,172,31.50149444,-83.42911111,0,12,2,0,3,2,0,1,1,1,0,1,0,0000000,18,6,18,19,18,29,0,0,0,1,0
13,130660,1,1,0,0,0,2,2,51,4910,16,8,2013,6,2,43,1,1,1,I-16,,9,32.10553056,-81.33929444,0,35,0,0,1,1,0,5,2,1,0,1,0,0000000,3,7,3,27,4,56,0,0,0,1,0
13,130661,1,1,0,1,1,4,4,21,3390,17,8,2013,7,21,4,0,14,4,CR-5060 / LOG CABIN DR,GADSON DR,28,32.81262778,-83.70735833,0,8,0,0,1,1,0,1,2,2,0,2,0,0000000,99,98,99,98,88,88,0,0,0,1,0
13,130662,1,1,0,0,0,3,3,87,0,17,8,2013,7,1,0,0,5,4,CR-104 / LAKE DOUGLAS RD,,113,30.81445278,-84.437325,0,42,0,0,1,1,0,4,2,10,0,10,0,0000000,99,98,99,98,88,88,0,0,0,3,1
13,130663,1,1,0,0,0,1,1,93,0,17,8,2013,7,19,45,0,5,4,CR-321 / JALAPPA RD,,3,32.215775,-83.98596389,0,35,0,0,1,1,0,5,1,2,0,2,0,0000000,10,48,11,8,88,88,18,0,0,1,1
13,130664,1,1,0,0,0,1,1,321,0,17,8,2013,7,23,25,0,3,3,SR-112,,222,31.61625556,-83.749475,0,11,0,0,1,1,0,1,2,1,0,1,0,0000000,99,99,99,99,99,99,0,0,0,1,0
13,130665,1,1,0,1,1,1,1,121,280,26,7,2013,6,0,23,0,16,6,LAURELMONT DR,,4,33.73393056,-84.49230833,0,8,0,0,1,1,0,1,3,1,0,1,0,0000000,99,99,99,99,99,99,0,0,0,1,0
13,130666,2,2,0,0,0,4,4,289,2930,16,8,2013,6,10,36,0,4,3,SR-96,I-16(RAMP),3,32.62491944,-83.36981389,0,12,2,0,5,1,0,1,1,2,0,2,0,0000000,10,36,10,55,11,41,0,0,0,1,0
13,130667,1,1,0,1,1,1,1,135,3990,18,8,2013,1,23,37,0,14,6,NORCROSS TUCKER ROAD,,13,33.89849444,-84.207975,0,8,0,0,1,1,0,1,2,2,0,2,0,0000000,23,38,23,41,0,4,0,0,0,1,0
13,130668,1,1,0,0,0,1,1,1,0,19,8,2013,2,6,36,0,6,4,CR-OGDEN ROAD,,3,31.80477778,-82.10360278,0,34,0,0,1,1,0,5,4,5,0,5,0,0000000,6,36,6,59,7,22,0,0,0,1,0
13,130669,1,1,0,0,0,1,1,63,0,19,8,2013,2,16,30,0,14,4,CR-LAKE JODECO ROAD,,22,33.50938889,-84.31002222,0,42,0,0,1,1,0,5,1,10,0,10,0,0000000,16,29,16,34,88,88,0,0,0,1,0
13,130670,3,3,0,0,0,5,5,121,280,20,8,2013,3,6,38,1,13,6,NORTHSIDE DRIVE,,89,33.76741389,-84.40489444,0,12,8,0,1,1,0,1,3,10,0,10,0,0000000,6,40,6,45,7,10,0,0,0,1,0
13,130671,3,3,0,0,0,3,3,175,1848,20,8,2013,3,18,17,0,3,3,SR-29,,65,32.50049167,-82.77758333,0,12,1,0,1,1,0,1,1,10,0,10,0,0000000,18,33,18,51,19,36,0,0,0,1,0
13,130672,1,1,0,1,1,1,1,89,0,21,8,2013,4,6,5,0,14,4,CR-N. DECATUR ROAD,CHURCH STREET,6,33.79218333,-84.28531111,0,8,0,0,2,2,0,1,3,10,0,10,0,0000000,6,10,6,17,6,39,0,0,0,1,0
13,130673,2,2,0,0,0,3,3,313,1510,21,8,2013,4,7,40,0,4,6,BEAVERDALE ROAD,BOYLES MILL ROAD,45,34.86788611,-84.88915833,0,12,6,0,2,2,0,1,1,10,0,10,0,0000000,99,99,99,99,99,99,0,0,0,1,1
13,130674,2,2,0,0,0,2,2,95,0,22,8,2013,5,12,8,0,3,3,SR-62,OLD PRETORIA ROAD,111,31.50418056,-84.24190833,0,12,6,0,2,2,0,1,1,10,0,10,0,0000000,12,8,12,26,12,51,0,0,0,1,0
13,130675,2,2,0,0,0,2,2,33,0,23,8,2013,6,6,16,1,2,3,SR-121,,64,33.16499444,-82.03864722,0,12,1,0,1,1,0,1,4,1,0,1,0,0000000,99,99,99,99,88,88,0,0,0,1,1
13,130676,2,2,0,0,0,2,2,255,2510,23,8,2013,6,6,18,1,13,3,SR-16,MACON ROAD,154,33.23655278,-84.24318889,0,12,6,0,2,2,0,1,2,1,0,1,0,0000000,99,99,99,99,99,99,0,0,0,1,0
13,130677,1,1,0,0,0,1,1,267,0,23,8,2013,6,15,27,0,6,4,CR-ENOCK WALKER ROAD,,4,31.96741944,-81.97976667,0,34,0,0,1,1,0,5,1,10,0,10,0,0000000,99,99,99,99,99,99,0,0,0,1,0
13,130678,1,1,0,0,0,1,1,13,300,24,8,2013,7,19,59,0,4,6,CARL-BETHLEHEM ROAD,,37,33.96285556,-83.772325,0,32,0,0,1,1,0,5,5,1,0,1,0,0000000,88,88,88,88,88,88,0,0,0,1,1
13,130679,1,1,0,1,1,1,1,113,0,24,8,2013,7,13,24,0,3,3,SR-85,,28,33.34738611,-84.489825,0,8,0,0,1,1,0,1,1,1,0,1,0,0000000,88,88,88,88,88,88,0,0,0,1,0
13,130680,1,1,0,0,0,1,1,195,940,24,8,2013,7,3,8,0,5,6,RAILROAD STREET,,4,99.99990000,999.99990000,0,30,0,0,1,1,0,5,2,1,0,1,0,0000000,3,8,3,18,4,0,0,0,0,1,0
13,130681,1,1,0,0,0,1,1,295,3040,24,8,2013,7,3,0,0,3,3,SR-136,,99999,99.99990000,999.99990000,0,39,0,0,1,1,0,5,2,1,0,1,0,0000000,88,88,88,88,88,88,0,0,0,1,1
13,130682,6,6,0,0,0,11,11,89,0,25,8,2013,1,23,12,1,11,1,I-285,,234,33.68415,-84.309925,0,12,1,0,1,1,0,1,2,1,0,1,0,0000000,23,15,23,20,0,5,0,0,0,1,1
13,130683,2,2,0,0,0,4,4,249,0,25,8,2013,1,11,57,0,4,3,SR-240,SR-3,64,32.32089167,-84.29409167,0,12,6,0,2,2,0,1,1,1,0,1,0,0000000,11,55,12,3,13,3,0,0,0,1,0
13,130684,1,1,0,2,2,1,1,63,3780,26,8,2013,2,11,11,1,11,1,I-75,,38,33.65216667,-84.36683056,0,8,0,0,1,1,0,1,1,1,0,1,0,0000000,11,11,11,14,11,34,23,0,0,2,0
13,130685,3,3,0,0,0,3,3,115,4760,26,8,2013,2,15,46,0,14,3,SR-101,,50,34.16687778,-85.14314444,0,12,6,0,1,1,0,1,1,10,0,10,0,0000000,15,46,15,56,16,37,0,0,0,1,0
13,130686,2,2,0,0,0,2,2,133,0,26,8,2013,2,14,28,1,4,3,SR-15,,268,33.703325,-83.28524167,0,12,2,0,1,1,0,1,1,1,0,1,0,0000000,99,98,99,98,88,88,0,0,0,1,0
13,130687,1,1,0,1,1,2,2,279,5700,26,8,2013,2,21,7,0,4,3,SR-178,,9,32.18204722,-82.32042222,0,8,0,0,1,1,0,1,2,1,0,1,0,0000000,21,5,21,9,21,20,0,0,0,1,0
13,130688,2,2,0,1,1,2,2,45,630,27,8,2013,3,21,34,0,3,3,SR-100,,54,33.48966389,-85.28238889,0,8,0,0,1,1,0,1,2,1,0,1,0,0000000,21,30,21,36,1,10,0,0,0,1,0
13,130689,1,1,0,1,1,1,1,63,0,27,8,2013,3,2,45,1,11,1,I-75,,43,33.55201389,-84.29143611,0,8,0,0,1,1,0,1,2,1,0,1,0,0000000,99,98,99,98,88,88,0,0,0,1,0
13,130690,1,1,0,1,1,1,1,89,1610,27,8,2013,3,18,30,0,16,6,WARRIORS PATH,,0,33.68771389,-84.25408333,0,8,0,0,1,1,0,5,1,1,0,1,0,0000000,18,40,18,45,88,88,0,0,0,2,1
13,130691,1,1,0,0,0,1,1,89,280,27,8,2013,3,3,28,1,11,1,I-20,,6,33.74469722,-84.33410278,0,35,0,0,1,1,0,5,3,1,0,1,0,0000000,99,99,99,99,99,99,0,0,0,1,0
13,130692,1,1,0,0,0,1,1,245,310,27,8,2013,3,16,18,0,15,6,RUBY DRIVE,,5,33.42377222,-82.0355,0,18,0,0,1,1,0,5,1,1,0,1,0,0000000,16,19,16,24,16,38,0,0,0,1,0
13,130693,3,3,0,1,1,4,4,297,0,27,8,2013,3,6,34,0,14,3,SR-11,,134,33.81633056,-83.72975278,0,15,0,0,1,1,0,1,2,1,0,1,0,0000000,99,98,99,98,88,88,0,0,0,1,0
13,130694,1,1,0,0,0,1,1,119,960,28,8,2013,4,7,0,0,4,3,SR-145,,139,34.43956667,-83.23081111,0,34,0,0,1,1,0,5,4,10,0,10,0,0000000,99,99,99,99,99,99,0,0,0,1,0
13,130695,2,2,0,0,0,4,4,135,5300,28,8,2013,4,22,17,0,14,6,SATELLITE BLVD.,SHAWNEE INDUSTRIAL WAY,66,34.02178056,-84.06315,0,12,6,0,2,2,0,1,3,1,0,1,0,0000000,22,23,22,29,22,49,0,0,0,2,0
13,130696,1,1,0,0,0,2,2,291,540,29,8,2013,5,21,36,0,4,3,SR-325,,69,34.95671111,-84.08502778,0,1,0,0,1,1,0,5,2,1,0,1,0,0000000,99,99,99,99,99,99,0,0,0,1,1
13,130697,1,1,0,0,0,1,1,15,30,30,8,2013,6,18,29,0,3,6,HALL STATION ROAD,,9,34.25614722,-84.96013611,0,42,0,0,1,1,0,5,1,10,0,10,0,0000000,18,27,18,37,88,88,0,0,0,1,0
13,130698,1,1,0,0,0,1,1,25,3880,30,8,2013,6,11,47,0,6,6,ROBERSON STREET,,5,31.19832778,-81.97970278,0,1,0,0,1,1,0,1,1,1,0,1,0,0000000,99,99,99,99,99,99,0,0,0,1,0
13,130699,1,1,0,0,0,3,3,31,0,30,8,2013,6,14,20,0,4,4,CR-OLD RIVER ROAD,,165,32.63652778,-81.84155833,0,1,0,0,1,1,0,5,1,1,0,1,0,0000000,14,21,14,42,15,23,0,0,0,1,0
13,130700,1,1,0,0,0,1,1,89,1610,30,8,2013,6,2,17,0,16,6,COLUMBIA PLACE,MCAFEE ROAD,7,33.7315,-84.25546111,0,43,0,0,3,3,0,5,2,1,0,1,0,0000000,88,88,88,88,88,88,0,0,0,1,0
13,130701,1,1,0,0,0,2,2,107,0,30,8,2013,6,2,38,0,3,4,CR-ODOMVILLE CHURCH ROAD,FOSKEY ROAD,43,32.56880833,-82.53968889,0,1,0,0,3,2,0,5,2,1,0,1,0,0000000,2,39,2,55,4,0,0,0,0,1,1
13,130702,1,1,0,0,0,1,1,111,0,30,8,2013,6,21,30,0,6,4,CR-SCENIC MOUNTAIN VIEW,KINGS RANCH ROAD,99999,34.77356944,-84.22161667,0,35,0,0,1,1,0,5,2,1,0,1,0,0000000,99,99,99,99,99,99,0,0,0,1,1
13,130703,1,1,0,0,0,4,4,121,280,30,8,2013,6,1,22,1,11,1,I-20,,6,33.76815,-84.53386667,0,25,0,0,1,1,0,3,2,1,0,1,0,0000000,1,26,1,42,2,27,0,0,0,2,0
13,130704,1,1,0,0,0,2,2,135,0,30,8,2013,6,0,43,0,16,4,CR-RICHLAND PARKWAY,SHORE DRIVE,7,34.013875,-84.03056944,0,42,0,0,3,3,0,5,2,1,0,1,0,0000000,0,37,0,48,1,21,0,0,0,1,0
13,130705,1,1,0,1,1,1,1,135,0,30,8,2013,6,4,24,1,11,1,I-85,,36,33.97033333,-84.09291944,0,8,0,0,1,1,0,1,2,1,0,1,0,0000000,99,98,99,98,88,88,0,0,0,1,0
13,130706,2,2,0,0,0,5,5,135,800,30,8,2013,6,15,35,0,14,3,SR-324,CAMP BRANCH ROAD,22,34.06545833,-83.94962778,0,12,6,0,2,3,0,1,1,1,0,1,0,0000000,15,36,15,40,16,6,0,0,0,1,0
13,130707,1,1,0,0,0,2,2,19,0,31,8,2013,7,17,59,0,3,3,SR-125,,265,31.35867778,-83.42637778,0,42,0,0,1,1,0,5,1,1,0,1,0,0000000,99,99,99,99,99,99,0,0,0,1,1
13,130708,2,2,0,0,0,3,3,67,0,31,8,2013,7,8,55,1,11,1,I-75,,164,34.06446111,-84.60849722,0,12,7,0,1,1,0,1,1,1,0,1,0,0000000,8,55,9,4,9,40,0,0,0,1,0
13,130709,1,1,0,0,0,1,1,159,0,31,8,2013,7,12,36,0,4,4,CR-JACKSON LAKE ROAD,,25,33.33899722,-83.83809722,0,1,0,0,1,1,0,1,1,1,0,1,0,0000000,88,88,88,88,88,88,0,0,0,1,1
13,130710,1,1,0,0,0,1,1,195,1290,31,8,2013,7,0,45,0,3,3,SR-98,,175,34.07351111,-83.13315,0,32,0,0,1,1,0,5,2,1,0,1,0,0000000,0,49,1,53,2,30,0,0,0,1,1
13,130711,1,1,0,1,1,1,1,229,530,31,8,2013,7,16,36,0,6,6,PEACHTREE STREET,,0,31.30713333,-82.24307222,0,8,0,0,8,1,0,1,1,1,0,1,0,0000000,99,99,99,99,99,99,0,0,0,1,0
13,130712,2,2,0,0,0,6,6,199,0,31,8,2013,7,17,48,0,3,3,SR-18,SR-41,157,32.96910556,-84.71128056,0,12,6,0,2,2,0,1,1,10,0,10,0,0000000,99,99,99,99,99,99,0,0,0,1,0
13,130713,1,1,0,0,0,1,1,23,0,1,9,2013,1,0,14,0,6,4,CR-69 / JIM WIMBERLY RD,,5,32.43097778,-83.34266389,0,43,0,0,1,1,0,6,2,1,0,1,0,0000000,0,18,0,26,88,88,0,0,0,1,0
13,130714,1,1,0,0,0,4,4,89,0,1,9,2013,1,23,40,0,14,4,CR-5154 / COLUMBIA DR,,26,33.746525,-84.26158889,0,42,0,0,1,1,0,4,3,1,0,1,0,0000000,23,45,23,50,0,35,0,0,0,1,0
13,130715,1,1,0,0,0,1,1,205,0,1,9,2013,1,23,15,0,4,4,CR-280 / GRAVEL HILL RD,PLEASANT GROVE CHURCH RD,13,31.42459167,-84.059975,0,59,0,0,3,3,0,4,2,1,0,1,0,0000000,23,24,23,39,0,16,0,0,0,1,1
13,130716,1,1,0,0,0,1,1,221,9997,2,9,2013,2,18,0,0,6,4,CR-55 / WILLIAM MCCURLEY RD,PINE RIDGE CIR,6,34.00769167,-83.23108333,0,43,0,0,3,3,0,4,1,1,0,1,0,0000000,18,2,18,14,18,38,0,0,0,1,0
13,130717,1,1,0,0,0,1,1,321,4480,2,9,2013,2,9,23,1,2,2,US-82 / SR-520,,198,31.47565278,-83.67108056,0,42,0,0,1,1,0,5,1,1,0,1,0,0000000,9,15,9,27,88,88,0,0,0,1,0
13,130718,1,1,0,1,1,1,1,67,5070,3,9,2013,3,22,4,0,14,6,WINDY HILL RD,,28,33.89796389,-84.49593611,0,8,0,0,1,1,0,1,2,1,0,1,0,0000000,22,5,22,10,99,99,0,0,0,1,0
13,130719,1,1,0,0,0,1,1,121,4882,3,9,2013,3,20,32,1,13,3,SR-9 / ROSWELL RD,,152,33.97536944,-84.352875,0,33,0,0,1,1,0,4,3,1,0,1,0,0000000,20,30,20,34,20,57,0,0,0,1,0
13,130720,1,1,0,1,1,1,1,139,2160,3,9,2013,3,6,45,0,4,3,SR-211,,19,34.14768333,-83.83756944,0,8,0,0,1,1,0,1,2,1,0,1,0,0000000,99,98,99,98,88,88,0,0,0,1,0
13,130721,1,1,0,1,1,1,1,151,0,3,9,2013,3,18,52,0,16,4,CR-975 / HOL-MAR TRL,HOL-MAR CT,5,33.48091111,-84.16261389,0,9,0,0,2,3,0,1,1,1,0,1,0,0000000,18,52,18,58,19,21,0,0,0,1,0
13,130722,2,2,0,0,0,2,2,271,0,3,9,2013,3,13,24,1,2,2,US-319 / SR-31,,140,31.98106944,-82.9249,0,12,6,0,1,1,0,1,1,1,0,1,0,0000000,99,98,99,98,88,88,0,0,0,1,0
13,130723,1,1,0,0,0,1,1,93,0,4,9,2013,4,16,35,0,4,4,CR-325 / THIRD DISTRICT RD,,53,32.21124444,-83.68982778,0,1,0,0,1,1,0,4,1,10,0,10,0,0000000,99,99,99,99,99,99,0,0,0,1,1
13,130724,2,2,0,0,0,2,2,89,0,6,9,2013,6,6,47,0,14,4,CR-5151 / E PONCE DE LEON AVE,MCCURDY DR,16,33.82568889,-84.19824167,0,12,6,0,2,3,0,1,4,1,0,1,0,0000000,6,46,7,0,7,34,0,0,0,1,0
13,130725,2,2,0,1,1,1,1,121,1250,6,9,2013,6,2,2,1,11,1,I-285,,615,33.62026667,-84.47373056,0,8,0,0,1,1,0,1,2,1,0,1,0,0000000,2,8,2,21,2,57,23,0,0,1,0
13,130726,1,1,0,1,1,1,1,135,3100,6,9,2013,6,23,20,1,13,3,SR-20,,148,33.98095833,-83.98514722,0,8,0,0,1,1,1,1,2,1,0,1,0,0000000,23,20,23,35,23,39,0,0,0,1,0
13,130727,2,2,0,0,0,3,3,93,5720,7,9,2013,7,12,55,0,6,4,CR-213 / COODY DAIRY RD,CALHOUN RD,24,32.11908056,-83.67543611,0,12,6,0,2,2,0,1,1,10,0,10,0,0000000,12,48,13,6,13,51,0,0,0,1,0
13,130728,2,2,0,0,0,2,2,223,0,7,9,2013,7,21,16,0,14,4,CR-72 / CEDARCREST RD,GRAVES RD,10,34.05511667,-84.75712222,0,12,6,0,2,2,0,1,2,1,0,1,0,0000000,21,2,21,17,21,43,0,0,0,1,0
13,130730,2,2,0,0,0,3,3,67,0,8,9,2013,1,11,51,0,16,4,CR-2377 / BROOKWOOD DR,,23,33.82610278,-84.5938,0,12,2,0,1,1,0,1,1,1,0,1,0,0000000,11,59,12,5,12,49,0,0,0,1,0
13,130731,2,2,0,0,0,3,3,223,0,8,9,2013,1,15,4,0,3,3,SR-120 / BUCHANAN HWY,BUCHANAN CIR,38,33.84505,-84.97414722,0,12,1,0,3,3,0,1,1,1,0,1,0,0000000,14,58,15,10,15,27,0,0,0,1,1
13,130732,1,1,0,0,0,1,1,19,0,9,9,2013,2,12,29,0,4,4,CR-357 / NASHVILLE ENIGMA HWY,,45,31.28416389,-83.26401667,0,59,0,0,1,1,0,4,1,1,0,1,0,0000000,12,15,12,22,12,45,0,0,0,1,0
13,130733,2,2,0,0,0,3,3,21,3390,9,9,2013,2,18,14,0,14,4,CR-727 / JEFFERSONVILLE RD,,5,32.85206944,-83.59408889,0,12,2,0,1,1,0,1,1,1,0,1,0,0000000,18,25,18,31,19,10,0,0,0,1,0
13,130734,3,2,1,0,1,2,3,117,0,9,9,2013,2,11,4,1,12,2,US-19 / SR-400,,147,34.21320556,-84.12034167,0,14,0,0,1,1,0,2,1,1,0,1,0,0000000,11,0,11,23,11,32,0,0,0,1,0
13,130735,1,1,0,1,1,1,1,179,2730,9,9,2013,2,20,29,1,13,2,US-84 / SR-38,TIMBERLANE CIR,60,31.83906944,-81.59494722,0,8,0,0,3,3,0,1,3,1,0,1,0,0000000,20,29,20,31,20,42,0,0,0,1,0