STATE,ST_CASE,VE_TOTAL,VE_FORMS,PVH_INVL,PEDS,PERNOTMVIT,PERMVIT,PERSONS,COUNTY,CITY,DAY,MONTH,YEAR,DAY_WEEK,HOUR,MINUTE,NHS,ROAD_FNC,ROUTE,TWAY_ID,TWAY_ID2,MILEPT,LATITUDE,LONGITUD,SP_JUR,HARM_EV,MAN_COLL,RELJCT1,RELJCT2,TYP_INT,WRK_ZONE,REL_ROAD,LGT_COND,WEATHER1,WEATHER2,WEATHER,SCH_BUS,RAIL,NOT_HOUR,NOT_MIN,ARR_HOUR,ARR_MIN,HOSP_HR,HOSP_MN,CF1,CF2,CF3,FATALS,DRUNK_DR
13,130736,1,1,0,0,0,1,1,217,0,9,9,2013,2,18,51,0,16,4,CR-226 / LOWER RIVER RD,,19,33.53158333,-83.89688333,0,34,0,0,1,1,0,4,1,1,0,1,0,0000000,18,59,19,17,19,46,0,0,0,1,0
13,130737,1,1,0,0,0,1,1,21,0,10,9,2013,3,11,0,1,11,1,I-75,,168,32.89690833,-83.68153611,0,25,0,0,1,1,1,3,1,10,0,10,0,0000000,11,0,11,5,11,50,0,0,0,1,0
13,130738,2,2,0,0,0,2,2,117,0,10,9,2013,3,12,43,1,2,2,US-19 / SR-400,BOTTOMS RD,170,34.29288889,-84.07431389,0,12,6,0,2,2,0,1,1,1,0,1,0,0000000,12,46,12,49,14,13,0,0,0,1,0
13,130739,1,1,0,0,0,1,1,51,4450,12,9,2013,5,0,12,1,11,1,I-95,,44,32.03070556,-81.26784722,0,42,0,0,1,1,0,5,2,1,0,1,0,0000000,99,98,99,98,88,88,0,0,0,1,1
13,130740,1,1,0,1,1,1,1,67,2990,12,9,2013,5,3,43,0,14,2,US-41 / SR-3,,147,34.01930556,-84.61977222,0,8,0,0,1,1,0,1,2,1,0,1,0,0000000,99,98,99,98,88,88,0,0,0,1,0
13,130741,1,1,0,0,0,4,4,89,0,12,9,2013,5,0,15,0,14,4,CR-5154 / COLUMBIA DR,,26,33.74555833,-84.26103333,0,30,0,0,1,1,0,4,3,1,0,1,0,0000000,0,16,0,21,1,38,0,0,0,1,1
13,130742,3,3,0,0,0,5,5,121,4882,12,9,2013,5,21,7,1,11,1,I-285,,261,33.91191944,-84.35671111,0,12,1,0,1,1,0,1,2,1,0,1,0,0000000,21,9,21,18,22,13,0,0,0,2,1
13,130743,2,2,0,0,0,2,2,151,0,12,9,2013,5,11,4,1,11,1,I-75,,193,33.53193333,-84.259475,0,12,7,0,1,1,0,1,1,1,0,1,0,0000000,99,98,99,98,88,88,0,0,0,1,0
13,130744,1,1,0,0,0,1,1,57,920,13,9,2013,6,3,31,1,13,3,SR-20,,149,34.23908889,-84.43038889,0,32,0,0,1,1,0,4,2,10,0,10,0,0000000,5,23,5,34,88,88,0,0,0,1,0
13,130745,1,1,0,0,0,1,1,89,0,13,9,2013,6,15,3,0,16,4,CR-8416 / CHARLESTON TERR,,4,33.71438889,-84.24718889,0,43,0,0,1,1,0,6,1,1,0,1,0,0000000,15,10,15,18,16,15,0,0,0,1,0
13,130746,1,1,0,1,1,1,1,121,280,13,9,2013,6,15,55,0,14,3,SR-280,HIGHTOWER RD,18,33.77790278,-84.47448056,0,8,0,0,2,2,0,1,1,1,0,1,1,0000000,15,56,15,58,88,88,16,0,0,1,0
13,130747,1,1,0,1,1,3,3,35,2890,14,9,2013,7,2,20,0,6,6,LYONS ST,,6,33.29594167,-83.95931944,0,8,0,0,1,1,0,1,3,1,0,1,0,0000000,99,99,99,99,99,99,0,0,0,1,0
13,130748,1,1,0,1,1,1,1,67,5070,14,9,2013,7,22,34,9,99,9,WINDY HILL RD,WOODLAKE DR,99999,99.99990000,999.99990000,0,8,0,0,3,3,0,11,2,1,0,1,0,0000000,22,35,22,40,23,1,0,0,0,1,1
13,130749,1,1,0,1,1,1,1,97,1770,14,9,2013,7,22,15,0,14,3,SR-92,SUNSET DR,85,33.74850278,-84.70500278,0,8,0,0,3,2,0,1,3,1,0,1,0,0000000,99,99,99,99,99,99,0,0,0,1,0
13,130750,3,3,0,0,0,3,3,281,0,14,9,2013,7,15,15,1,2,3,SR-515 / SR-17,,56,34.97673056,-83.82595278,0,1,0,0,1,1,0,1,1,1,0,1,0,0000000,15,15,15,25,16,4,0,0,0,1,0
13,130751,2,2,0,0,0,2,2,291,0,14,9,2013,7,16,0,1,2,2,US-19/129,,9,34.74836944,-83.91905278,0,12,2,0,1,1,0,1,1,1,0,1,0,0000000,15,58,16,14,16,32,0,0,0,1,0
13,130752,3,3,0,0,0,3,3,121,280,15,9,2013,1,9,32,0,14,2,US-29 / SR-14,VAN BUREN ST,219,33.71511667,-84.42594167,0,12,1,0,2,3,0,1,1,1,0,1,0,0000000,9,33,9,39,9,57,0,0,0,1,0
13,130753,1,1,0,0,0,1,1,71,3800,17,9,2013,3,12,0,0,14,6,TALLOKAS ROAD,,106,31.05509722,-83.70602778,0,52,0,0,1,1,0,4,1,1,0,1,0,0000000,88,88,88,88,88,88,0,0,0,1,0
13,130754,1,1,0,0,0,1,1,121,1250,17,9,2013,3,16,35,0,16,6,JANICE DRIVE,,3,33.64225278,-84.48555833,0,42,0,0,1,1,0,5,1,1,0,1,0,0000000,16,43,16,52,17,14,0,0,0,1,1
13,130755,1,1,0,0,0,2,2,63,0,19,9,2013,5,16,5,0,6,4,CR-HALL ROAD,WOOLSEY ROAD,0,33.36123333,-84.38302222,0,34,0,0,3,3,0,5,1,1,0,1,0,0000000,16,3,16,11,88,88,0,0,0,1,1
13,130756,1,1,0,0,0,1,1,257,3460,19,9,2013,5,14,56,0,4,3,SR-145,,2,34.47416667,-83.23733333,0,42,0,0,1,1,0,5,1,1,0,1,0,0000000,99,99,99,99,99,99,0,0,0,1,0
13,130757,1,1,0,0,0,1,1,67,3440,20,9,2013,6,22,23,0,14,2,US-41(SR3),,61,33.93795278,-84.51370278,0,33,0,0,1,1,0,5,3,10,0,10,0,0000000,22,24,22,29,22,59,0,0,0,1,1
13,130758,3,3,0,0,0,6,6,89,0,20,9,2013,6,1,28,0,16,4,CR-PONCE DE LEON AVENUE,LAKESHORE DRIVE,0,33.77164444,-84.32479167,0,12,2,0,1,1,0,1,3,1,0,1,0,0000000,99,98,99,98,88,88,0,0,0,1,1
13,130759,1,1,0,0,0,1,1,97,0,20,9,2013,6,6,49,1,11,1,I-20,,85,33.72204722,-84.796675,0,24,0,0,1,1,0,3,2,1,0,1,0,0000000,88,88,88,88,88,88,0,0,0,1,0
13,130760,1,1,0,0,0,6,6,97,1770,20,9,2013,6,22,14,1,11,1,I-20,,119,33.73428889,-84.73441667,0,1,0,0,1,1,0,1,3,1,0,1,0,0000000,99,99,99,99,99,99,0,0,0,1,0
13,130761,1,1,0,1,1,1,1,121,1250,20,9,2013,6,20,40,0,14,3,SR-14,SR-6,168,33.64456667,-84.45228056,0,8,0,0,3,3,0,1,3,1,0,1,0,0000000,20,44,20,47,99,99,0,0,0,1,0
13,130762,5,5,0,0,0,9,9,121,280,20,9,2013,6,23,20,1,11,1,I-285,,8,33.64110833,-84.49550556,0,12,1,0,1,1,0,1,2,1,0,1,0,0000000,23,48,23,56,0,27,0,0,0,2,1
13,130763,1,1,0,0,0,1,1,313,1510,20,9,2013,6,16,37,1,1,1,I-75,,151,34.81698611,-85.01795,0,42,0,0,1,1,0,5,1,1,0,1,0,0000000,99,99,99,99,99,99,0,0,0,1,0
13,130764,1,1,0,0,0,4,4,77,0,21,9,2013,7,3,0,0,4,4,CR-024600,,13,33.28480278,-84.92989444,0,1,0,0,1,1,0,1,2,1,0,1,0,0000000,2,59,3,16,4,27,0,0,0,1,1
13,130765,1,1,0,0,0,2,2,121,4790,21,9,2013,7,1,35,1,12,3,SR-400,,78,34.03246389,-84.31631389,0,25,0,0,1,1,0,3,2,1,0,1,0,0000000,1,42,1,45,2,16,0,0,0,1,1
13,130766,1,1,0,0,0,2,2,137,1360,21,9,2013,7,11,52,1,2,3,SR-365,,78,34.52503056,-83.54144444,0,52,0,0,1,1,0,3,1,2,0,2,0,0000000,11,50,11,59,12,26,0,0,0,1,0
13,130767,4,4,0,0,0,9,9,179,2730,21,9,2013,7,22,18,0,14,3,SR-119,,198,31.84876111,-81.60551667,0,12,6,0,1,1,0,1,3,10,0,10,0,0000000,22,18,22,21,23,9,0,0,0,1,0
13,130768,1,1,0,0,0,5,5,195,1230,21,9,2013,7,16,15,0,6,6,GARNETT WARD ROAD,,8,34.04982222,-83.30399722,1,59,0,0,1,1,0,5,1,2,0,2,0,0000000,99,99,99,99,99,99,0,0,0,1,0
13,130769,1,1,0,0,0,2,2,217,0,21,9,2013,7,20,47,0,15,4,CR-FLAT SHOALS ROAD,,10,33.52740278,-83.85477222,0,42,0,0,1,1,0,5,2,10,0,10,0,0000000,20,49,20,59,22,0,0,0,0,1,1
13,130770,1,1,0,1,1,2,2,223,9997,21,9,2013,7,0,14,1,2,3,SR-6,,39,33.91830556,-84.92811667,0,9,0,0,1,1,0,1,2,1,0,1,0,0000000,0,11,0,24,88,88,0,0,0,1,0
13,130771,1,1,0,0,0,1,1,121,280,21,9,2013,7,8,32,1,11,1,I-285,,89,33.75140556,-84.49609444,0,25,0,0,1,1,0,3,1,10,0,10,0,0000000,10,39,10,50,99,99,0,0,0,1,0
13,130772,1,1,0,0,0,2,2,39,4850,22,9,2013,1,22,53,0,16,6,MUSH BLUFF ROAD,SPUR 40,10,30.83240556,-81.56485278,0,42,0,0,3,3,0,5,3,2,0,2,0,0000000,22,49,23,1,23,57,0,0,0,1,1
13,130773,1,1,0,0,0,2,2,255,0,22,9,2013,1,5,0,0,4,4,CR-095400,,5,33.19247222,-84.22547222,0,35,0,0,1,1,0,5,2,1,0,1,0,0000000,5,7,5,26,6,1,0,0,0,1,0
13,130774,1,1,0,0,0,1,1,31,0,23,9,2013,2,3,0,0,3,3,SR-26,,378,32.29995556,-81.54031944,0,42,0,0,1,1,0,5,2,1,0,1,0,0000000,88,88,88,88,88,88,0,0,0,1,0
13,130775,3,1,2,0,0,1,1,151,0,23,9,2013,2,9,32,0,14,3,SR-42,,179,33.53127778,-84.19836389,0,32,0,0,1,1,0,5,1,1,0,1,0,0000000,9,33,9,40,9,53,14,0,0,1,0
13,130776,2,2,0,0,0,2,2,245,310,23,9,2013,2,16,50,1,13,6,WINDSOR SPRING ROAD,ROSIER ROAD,24,33.399425,-82.04871667,0,12,2,0,2,3,0,1,1,1,0,1,0,0000000,88,88,88,88,88,88,20,0,0,1,0
13,130777,1,1,0,1,1,1,1,21,3390,24,9,2013,3,1,48,1,13,3,SR-11,,136,32.867425,-83.61293611,0,8,0,0,1,1,0,1,2,1,0,1,0,0000000,1,48,2,2,88,88,0,0,0,1,0
13,130778,1,1,0,0,0,1,1,89,0,24,9,2013,3,2,15,0,15,6,JOHNSON FERRY ROAD,,14,33.89700278,-84.34460556,0,33,0,0,1,1,0,5,2,10,0,10,0,0000000,88,88,88,88,88,88,0,0,0,1,1
13,130779,1,1,0,0,0,3,3,103,0,24,9,2013,3,15,20,0,4,4,CR-BAY ROAD,,26,32.13778056,-81.38948889,0,34,0,0,1,1,0,5,1,10,0,10,0,0000000,15,27,15,39,99,99,0,0,0,2,0
13,130780,2,2,0,0,0,2,2,115,0,24,9,2013,3,7,3,1,13,3,SR-1,,55,34.17429722,-85.20755556,0,12,6,0,8,1,0,1,3,10,0,10,0,0000000,7,3,7,24,7,33,0,0,0,1,0
13,130781,1,1,0,0,0,3,3,121,280,24,9,2013,3,2,55,0,15,6,WATERS ROAD,HAPEVILLE ROAD,4,33.67723333,-84.39341944,0,42,0,0,3,3,0,5,2,2,0,2,0,0000000,2,55,3,15,3,30,20,0,0,1,0
13,130782,3,3,0,0,0,3,3,177,3120,24,9,2013,3,7,21,0,4,6,PINEWOOD ROAD,,58,31.76531389,-84.19198056,0,12,6,0,8,1,0,1,1,10,0,10,0,0000000,88,88,88,88,88,88,14,0,0,1,0
13,130783,1,1,0,1,1,1,1,59,270,25,9,2013,4,19,48,0,14,6,WINTERVILLE ROAD,,23,33.95626944,-83.32713611,0,8,0,0,1,1,0,1,2,2,0,2,0,0000000,99,99,99,99,88,88,0,0,0,1,0
13,130784,2,2,0,0,0,8,8,127,0,25,9,2013,4,18,29,0,16,4,CR-7TH STREET,EMANUEL AVENUE,12,31.17951111,-81.50121389,0,12,6,0,2,2,0,1,1,10,0,10,0,0000000,18,31,18,31,18,48,0,0,0,1,0
13,130785,1,1,0,0,0,1,1,143,690,26,9,2013,5,9,20,0,6,4,CR-011000,,36,33.703725,-85.30433611,0,42,0,0,1,1,0,5,1,1,0,1,0,0000000,9,23,9,32,10,13,0,0,0,1,0
13,130786,2,2,0,0,0,3,3,57,0,28,9,2013,7,11,16,1,2,3,SR-20,HAMPTON STATION BLVD.,196,34.25425556,-84.35407778,0,12,6,0,2,3,0,1,1,1,0,1,0,0000000,11,17,11,26,12,0,0,0,0,1,0
13,130787,1,1,0,0,0,2,2,67,0,28,9,2013,7,1,21,0,16,4,CR-LOWER ROSWELL ROAD,,12,33.97271111,-84.39204444,0,53,0,0,1,1,0,5,3,1,0,1,0,0000000,99,99,99,99,99,99,0,0,0,1,1
13,130788,1,1,0,0,0,2,2,103,0,28,9,2013,7,15,0,0,5,4,CR-314,,9,32.38436667,-81.46879444,0,34,0,0,1,1,0,5,1,1,0,1,0,0000000,15,11,15,24,15,59,0,0,0,1,1
13,130789,1,1,0,0,0,1,1,11,0,29,9,2013,1,0,5,0,6,4,CR-012400,,16,34.30646389,-83.60815278,0,42,0,0,1,1,0,5,2,1,0,1,0,0000000,88,88,88,88,88,88,0,0,0,1,0
13,130790,2,2,0,0,0,2,2,215,1280,29,9,2013,1,17,1,0,14,6,RIVER ROAD,,63,32.57599167,-85.01590278,0,12,6,0,1,1,0,1,1,1,0,1,0,0000000,17,2,17,9,88,88,0,0,0,1,1
13,130791,3,3,0,0,0,3,3,247,1320,5,7,2013,6,6,24,1,11,1,I-20,,42,33.65721944,-84.01711944,0,12,1,0,1,1,0,1,4,10,0,10,0,0000000,6,32,6,36,6,53,14,0,0,1,0
13,130792,1,1,0,1,1,1,1,121,280,1,10,2013,3,8,12,0,14,3,SR-139,,99,33.73834167,-84.423025,0,8,0,0,1,1,0,1,1,1,0,1,0,0000000,99,99,99,99,99,99,0,0,0,1,0
13,130793,1,1,0,0,0,1,1,51,4910,2,10,2013,4,11,32,1,11,1,I-516 / SR-421,,13,32.03912778,-81.14298333,0,33,0,0,1,1,0,3,1,1,0,1,0,0000000,11,32,11,32,88,88,0,0,0,1,0
13,130794,1,1,0,0,0,2,2,51,4910,2,10,2013,4,12,2,0,4,3,SR-204 / FORT ARGYLE RD,OLD RIVER RD,8,32.08028611,-81.37082778,0,59,0,0,3,4,0,4,1,1,0,1,0,0000000,12,3,12,11,12,49,0,0,0,1,0
13,130795,2,2,0,0,0,4,4,111,0,2,10,2013,4,18,18,1,2,2,US-76 / SR-2,HIGH COUNTRY CIR,106,34.88936111,-84.21689167,0,12,6,0,2,3,0,1,1,1,0,1,0,0000000,18,20,18,31,19,4,0,0,0,1,0
13,130796,2,2,0,0,0,2,2,113,0,3,10,2013,5,7,44,0,14,3,SR-279,,20,33.52873611,-84.44851389,0,12,2,0,1,1,0,1,1,1,0,1,0,0000000,7,44,7,45,8,20,0,0,0,1,0
13,130797,2,2,0,0,0,2,2,129,860,3,10,2013,5,7,33,1,13,3,SR-53,OUTLET CENTER DR,100,34.46873611,-84.91551667,0,12,6,0,2,2,0,1,4,1,0,1,0,0000000,7,32,7,40,88,88,0,0,0,1,0
13,130798,1,1,0,1,1,1,1,129,860,4,10,2013,6,17,21,0,16,6,S PIEDMONT ST,W HICKS ST,3,34.50066111,-84.95078889,0,9,0,0,2,2,0,1,1,1,0,1,0,0000000,17,21,17,28,88,88,0,0,0,1,0
13,130799,2,2,0,0,0,3,3,135,800,4,10,2013,6,14,12,1,13,4,CR-1954 / PEACHTREE IND BLVD,S WATERWORKS RD,144,34.13623889,-83.99855556,0,12,6,0,2,2,0,1,1,1,0,1,0,0000000,14,14,14,21,15,0,0,0,0,1,0
13,130800,1,1,0,0,0,1,1,271,3300,4,10,2013,6,22,2,0,6,6,MCLEOD ST,,2,31.92695833,-82.69201944,0,38,0,0,1,1,0,4,2,10,0,10,0,0000000,22,5,22,20,23,18,0,0,0,1,1
13,130801,1,1,0,0,0,1,1,31,0,5,10,2013,7,17,45,0,6,4,CR-62 / ROCK HILL RD,,2,32.60171111,-81.94951667,0,34,0,0,1,1,0,4,1,1,0,1,0,0000000,17,33,17,55,88,88,0,0,0,1,1
13,130802,2,2,0,0,0,5,5,67,0,5,10,2013,7,12,21,0,13,4,CR-9507 / MARS HILL RD,,58,33.95733889,-84.70768333,0,12,2,0,1,1,0,1,1,1,0,1,0,0000000,12,21,12,28,13,8,0,0,0,1,0
13,130803,2,2,0,0,0,2,2,73,0,5,10,2013,7,18,19,1,13,3,SR-104,,65,33.55449722,-82.15717778,0,12,6,0,8,1,0,1,1,1,0,1,0,0000000,18,21,18,25,88,88,0,0,0,1,0
13,130804,1,1,0,0,0,1,1,143,690,5,10,2013,7,16,25,0,6,4,CR-293 / EAVES RD,,5,33.73871944,-85.1601,0,42,0,0,1,1,0,4,1,1,0,1,0,0000000,16,22,16,29,17,54,0,0,0,1,0
13,130805,2,2,0,0,0,3,3,205,0,5,10,2013,7,11,56,0,4,4,CR-307 / OLD GA 3,RIVER RD,62,31.31690278,-84.19820278,0,12,6,0,2,2,0,1,1,1,0,1,0,0000000,99,99,99,99,99,99,0,0,0,1,0
13,130806,1,1,0,0,0,1,1,235,0,5,10,2013,7,18,5,0,3,3,SR-27,,78,32.23348056,-83.50915833,0,59,0,0,1,1,0,4,1,1,0,1,0,0000000,18,13,18,19,18,38,0,0,0,1,0
13,130807,2,2,0,0,0,2,2,199,0,6,10,2013,1,5,55,0,3,3,SR-109,,0,33.03771111,-84.86346944,0,12,6,0,1,1,0,1,2,1,0,1,0,0000000,99,98,99,98,88,88,0,0,0,1,1
13,130808,1,1,0,0,0,1,1,33,0,7,10,2013,2,23,2,0,4,4,CR-454 / HEPHZIBAH KEYSVILLE R,,9,33.25308056,-82.21405,0,34,0,0,1,1,0,4,2,1,0,1,0,0000000,22,41,22,56,88,88,0,0,0,1,1
13,130809,1,1,0,0,0,1,1,97,0,7,10,2013,2,18,25,0,6,4,CR-268 / MANN RD,,10,33.75802222,-84.876,0,35,0,0,1,1,0,4,1,1,0,1,0,0000000,99,98,99,98,88,88,0,0,0,1,1
13,130810,1,1,0,1,1,1,1,151,0,7,10,2013,2,11,43,1,1,1,I-75,,28,33.33801667,-84.12301944,0,8,0,0,1,1,0,1,1,1,0,1,0,0000000,12,54,13,6,13,35,0,0,0,1,0
13,130811,2,2,0,0,0,2,2,251,0,7,10,2013,2,12,50,1,2,2,US-301 / SR-73,,30,32.61262222,-81.703125,0,12,2,0,1,1,0,1,1,10,0,10,0,0000000,99,99,99,99,99,99,0,0,0,1,0
13,130812,1,1,0,0,0,1,1,195,0,9,10,2013,4,15,51,0,3,3,SR-106,,90,34.15005833,-83.30020278,0,35,0,0,1,1,0,4,1,1,0,1,0,0000000,99,98,99,98,88,88,0,0,0,1,0
13,130813,3,3,0,0,0,6,6,195,0,9,10,2013,4,17,3,0,4,3,SR-172,,68,34.12528056,-83.12596944,0,12,1,0,1,1,0,1,1,1,0,1,0,0000000,16,56,17,4,18,2,0,0,0,1,0
13,130814,1,1,0,1,1,3,3,21,3390,10,10,2013,5,1,12,1,13,2,US-129 / SR-11,,151,32.868275,-83.61295833,0,8,0,0,1,1,0,1,2,1,0,1,0,0000000,1,20,1,24,88,88,0,0,0,1,0
13,130815,1,1,0,1,1,1,1,73,0,10,10,2013,5,11,10,0,15,4,CR-92 / HARDY MCMANUS RD,,11,33.57587222,-82.13849722,0,35,0,0,1,1,0,5,1,1,0,1,0,0000000,11,12,11,20,12,1,0,0,0,1,0
13,130816,1,1,0,0,0,1,1,135,1470,10,10,2013,5,0,53,0,14,2,US-29 / SR-8,,204,33.98874444,-83.89072222,0,59,0,0,1,1,0,4,3,1,0,1,0,0000000,99,98,99,98,88,88,0,0,0,1,1
13,130817,2,2,0,0,0,4,4,135,0,10,10,2013,5,16,59,0,14,4,CR-2001 / SATELLITE BLVD,COMMERCE AVE,128,33.96181944,-84.11846944,0,12,6,0,2,2,0,1,1,1,0,1,0,0000000,17,5,17,9,17,32,0,0,0,1,0
13,130818,2,2,0,0,0,2,2,67,0,11,10,2013,6,13,39,0,14,3,SR-139 / MABLETON PKWY,,17,33.79196667,-84.55737778,0,12,6,0,8,1,0,1,1,1,0,1,0,0000000,99,98,99,98,88,88,0,0,0,1,0
13,130819,2,2,0,0,0,3,3,87,700,11,10,2013,6,15,29,1,2,2,US-84 / SR-38,,43,30.94497222,-84.69373056,0,12,6,0,8,1,0,1,1,1,0,1,0,0000000,15,32,15,37,99,99,0,0,0,1,1
13,130820,1,1,0,0,0,1,1,111,560,11,10,2013,6,12,39,0,4,4,CR-222 / ASKA RD,,147,34.85952778,-84.30221944,0,1,0,0,1,1,0,4,1,1,0,1,0,0000000,12,39,12,46,13,2,0,0,0,1,0
13,130821,2,2,0,0,0,4,4,139,2285,11,10,2013,6,0,10,1,13,3,SR-369,,42,34.280875,-83.88355278,0,12,2,0,1,1,0,1,2,1,0,1,0,0000000,12,10,12,18,2,26,0,0,0,2,1
13,130822,2,2,0,0,0,7,7,233,0,11,10,2013,6,16,41,1,2,2,US-27 / SR-1,,30,33.93974722,-85.24496944,0,12,1,0,1,1,0,1,1,1,0,1,0,0000000,99,99,99,99,99,99,0,0,0,1,0
13,130823,1,1,0,1,1,1,1,67,0,12,10,2013,7,18,34,0,15,4,CR-4401 / JAMERSON RD,JETT RD,17,34.07043056,-84.49710833,0,8,0,0,3,2,0,1,5,1,0,1,0,0000000,99,98,99,98,88,88,0,0,0,1,0
13,130824,2,2,0,0,0,3,3,89,0,11,10,2013,6,23,15,0,14,3,SR-212 / BROWNS MILL RD,,16,33.66632778,-84.17272778,0,12,2,0,1,1,0,1,2,1,0,1,0,0000000,23,15,23,23,23,59,0,0,0,1,1
13,130825,1,1,0,0,0,2,2,89,0,12,10,2013,7,20,15,0,16,4,CR-2048 / MCCULLY DR,SERPENTINE DR,3,33.84744722,-84.261125,0,19,0,0,3,3,0,5,3,1,0,1,0,0000000,99,99,99,99,99,99,0,0,0,1,0
13,130826,1,1,0,0,0,1,1,135,0,12,10,2013,7,3,12,0,16,4,CR-9529 / BETHESDA SCHOOL RD,WYNDAM PLACE DR,9,33.93377778,-84.08086111,0,53,0,0,1,1,0,4,3,1,0,1,0,0000000,99,98,99,98,88,88,0,0,0,1,1
13,130827,1,1,0,0,0,1,1,15,0,13,10,2013,1,14,46,0,3,2,US-41 / SR-3,,197,34.31926111,-84.89895278,0,42,0,0,1,1,0,4,1,1,0,1,0,0000000,99,98,99,98,88,88,0,0,0,1,0
13,130828,1,1,0,0,0,2,2,73,0,13,10,2013,1,6,59,0,6,4,CR-25 / SHUCRAFT RD,,0,33.54495556,-82.33207778,0,32,0,0,1,1,0,4,2,10,0,10,0,0000000,7,3,7,10,7,43,0,0,0,2,0
13,130829,1,1,0,0,0,1,1,261,0,13,10,2013,1,7,0,0,6,4,CR-55 / BUCK NELSON RD,,6,31.92068611,-84.00339444,0,1,0,0,1,1,0,1,1,1,0,1,0,0000000,88,88,88,88,88,88,0,0,0,1,1
13,130830,1,1,0,0,0,1,1,105,0,14,10,2013,2,0,33,0,3,3,SR-368,,92,34.24847222,-82.76809444,0,42,0,0,1,1,0,4,2,1,0,1,0,0000000,0,54,1,11,88,88,0,0,0,1,0
13,130831,1,1,0,0,0,5,5,189,0,14,10,2013,2,7,28,1,2,2,US-78 / SR-10,,30,33.57261111,-82.51989444,0,33,0,0,1,1,0,4,1,1,0,1,0,0000000,99,99,99,99,99,99,0,0,0,1,1
13,130833,1,1,0,0,0,1,1,191,0,15,10,2013,3,14,51,0,5,4,CR-129 / JONES RD,,45,31.69214722,-81.49628333,0,42,0,0,1,1,0,4,1,1,0,1,0,0000000,99,99,99,99,88,88,0,0,0,1,0
13,130834,2,2,0,2,2,3,3,121,0,17,10,2013,5,21,25,1,11,1,I-285,,541,33.64981667,-84.36899167,0,12,1,0,1,1,0,1,2,1,0,1,0,0000000,99,99,99,99,99,99,19,23,0,1,0
13,130835,3,3,0,0,0,4,4,97,0,17,10,2013,5,8,35,0,14,3,SR-166,,104,33.63626667,-84.74661389,0,12,6,0,1,1,0,1,1,2,0,2,0,0000000,99,99,99,99,99,99,0,0,0,1,0
13,130836,1,1,0,0,0,2,2,139,0,17,10,2013,5,0,53,0,15,4,CR-621 / WADE ORR RD,,4,34.16195,-83.93713611,0,30,0,0,1,1,0,4,2,10,0,10,0,0000000,0,54,1,0,1,58,0,0,0,1,1
13,130837,1,1,0,1,1,2,2,31,5170,8,2,2013,6,1,57,0,16,6,GEORGIA AVE,,5,32.41868333,-81.77188333,0,8,0,0,1,1,0,4,2,1,0,1,0,0000000,2,5,2,10,2,22,0,0,0,1,1
13,130838,3,3,0,0,0,6,6,185,5680,2,8,2013,6,15,44,0,14,4,CR-185 / NORTHSIDE DR,,3,30.87148611,-83.275425,0,34,0,0,1,1,0,4,1,10,0,10,0,0000000,15,46,15,49,16,9,0,0,0,1,0
13,130839,1,1,0,0,0,1,1,89,0,10,8,2013,7,20,19,0,15,4,CR-UNION GROVE ROAD,,12,33.72329722,-84.08309722,0,42,0,0,1,1,0,5,2,10,0,10,0,0000000,20,19,20,26,21,22,0,0,0,1,0
13,130841,1,1,0,0,0,1,1,235,2620,12,10,2013,7,6,9,1,2,3,SR-26,,104,32.29345833,-83.43435,0,1,0,0,1,1,0,5,2,1,0,1,0,0000000,99,99,99,99,99,99,0,0,0,1,0
13,130842,1,1,0,1,1,1,1,21,3390,18,10,2013,6,21,10,1,13,6,EISENHOWER PARKWAY,,110,32.81461389,-83.66726389,0,8,0,0,8,1,0,1,2,1,0,1,0,0000000,99,99,99,99,99,99,0,0,0,1,0
13,130843,2,2,0,0,0,2,2,77,0,18,10,2013,6,16,45,0,3,3,SR-34,CHARLIE B JOHNSTON ROAD,1,33.33886389,-84.9796,0,12,6,0,2,2,0,1,1,1,0,1,0,0000000,99,99,99,99,99,99,0,0,0,1,0
13,130844,1,1,0,1,1,1,1,129,860,18,10,2013,6,15,35,0,15,6,NEWTOWN ROAD,,2,34.52383889,-84.91962222,0,8,0,0,1,1,0,1,1,1,0,1,0,0000000,15,35,15,42,88,88,0,0,0,1,0
13,130845,1,1,0,0,0,2,2,217,0,19,10,2013,7,2,30,0,14,3,SR-212,,1,33.53526944,-84.00887222,0,42,0,0,1,1,0,5,2,10,0,10,0,0000000,2,30,2,45,3,45,0,0,0,1,1
13,130846,1,1,0,0,0,3,3,67,3440,20,10,2013,1,0,32,0,16,6,CLAY ROAD,,0,33.83409444,-84.62589167,0,33,0,0,1,1,0,5,2,1,0,1,0,0000000,99,98,99,98,88,88,0,0,0,3,1
13,130847,2,2,0,0,0,6,6,97,1770,20,10,2013,1,16,13,1,11,1,I-20,,122,33.753,-84.71103611,0,12,7,0,1,1,0,1,1,1,0,1,0,0000000,16,14,16,19,17,5,0,0,0,1,0