STATE,ST_CASE,VE_TOTAL,VE_FORMS,PVH_INVL,PEDS,PERNOTMVIT,PERMVIT,PERSONS,COUNTY,CITY,DAY,MONTH,YEAR,DAY_WEEK,HOUR,MINUTE,NHS,ROAD_FNC,ROUTE,TWAY_ID,TWAY_ID2,MILEPT,LATITUDE,LONGITUD,SP_JUR,HARM_EV,MAN_COLL,RELJCT1,RELJCT2,TYP_INT,WRK_ZONE,REL_ROAD,LGT_COND,WEATHER1,WEATHER2,WEATHER,SCH_BUS,RAIL,NOT_HOUR,NOT_MIN,ARR_HOUR,ARR_MIN,HOSP_HR,HOSP_MN,CF1,CF2,CF3,FATALS,DRUNK_DR
13,130848,1,1,0,0,0,3,3,113,0,20,10,2013,1,0,42,0,16,4,CR-MARION BLVD.,,8,33.42412778,-84.43091111,0,53,0,0,1,1,0,5,2,1,0,1,0,0000000,0,43,0,56,1,26,0,0,0,2,1
13,130849,1,1,0,0,0,2,2,119,960,20,10,2013,1,15,3,1,1,1,I-85,,35,34.33862778,-83.33694444,0,57,0,0,1,1,0,3,1,1,0,1,0,0000000,99,99,99,99,99,99,0,0,0,1,0
13,130850,1,1,0,1,1,1,1,121,5640,20,10,2013,1,1,40,0,16,6,HIGHPOINT ROAD,,6,33.59474444,-84.55966944,0,8,0,0,1,1,0,1,3,1,0,1,0,0000000,88,88,88,88,88,88,0,0,0,1,0
13,130851,1,1,0,0,0,1,1,157,2920,20,10,2013,1,10,47,0,4,6,TALLASSEE ROAD,,9,34.00881667,-83.49307222,0,34,0,0,1,1,0,5,1,1,0,1,0,0000000,99,99,99,99,99,99,0,0,0,1,0
13,130852,2,2,0,0,0,2,2,165,9997,20,10,2013,1,16,0,0,3,3,SR-21,SR-23,67,32.82092778,-81.92395556,0,12,6,0,2,2,0,1,1,1,0,1,0,0000000,99,99,99,99,99,99,0,0,0,1,0
13,130853,1,1,0,0,0,2,2,169,0,20,10,2013,1,16,4,0,3,3,SR-11,,195,33.08825,-83.61467222,0,53,0,0,1,1,0,5,1,1,0,1,0,0000000,16,4,16,11,16,52,0,0,0,2,0
13,130854,1,1,0,0,0,2,2,221,243,20,10,2013,1,2,45,1,2,2,US-78(SR10),,20,33.89571667,-83.21930833,0,42,0,0,1,1,0,5,2,1,0,1,0,0000000,88,88,88,88,88,88,0,0,0,1,1
13,130855,1,1,0,1,1,1,1,275,0,20,10,2013,1,18,36,1,2,2,US-319(SR35),,42,30.80208056,-84.01881111,0,9,0,0,1,1,0,1,1,1,0,1,0,0000000,18,43,18,48,19,11,0,0,0,1,1
13,130856,1,1,0,1,1,1,1,193,0,21,10,2013,2,7,5,0,5,4,CR-FLINT RIVER SCHOOL ROAD,,1,32.29571389,-83.92492778,0,8,0,0,1,1,0,1,2,1,0,1,0,0000000,99,98,99,98,88,88,0,0,0,1,0
13,130857,1,1,0,0,0,1,1,303,0,21,10,2013,2,14,58,1,3,3,SR-15,,232,33.08865278,-82.80631667,0,53,0,0,1,1,0,5,1,1,0,1,0,0000000,88,88,88,88,88,88,0,0,0,1,0
13,130858,1,1,0,0,0,3,3,31,0,22,10,2013,3,17,2,1,1,1,I-16(RAMP),,0,32.25834444,-81.71358056,0,32,0,1,5,1,0,5,1,2,0,2,0,0000000,17,2,17,23,17,56,0,0,0,1,1
13,130859,1,1,0,0,0,1,1,89,0,22,10,2013,3,5,45,0,14,6,N. DECATUR ROAD,WESTMINSTER WAY,10,33.79232778,-84.31404167,0,30,0,0,3,2,0,5,1,1,0,1,0,0000000,5,45,6,0,6,30,0,0,0,1,0
13,130861,2,2,0,0,0,2,2,57,0,23,10,2013,4,16,7,0,4,3,SR-372,,102,34.30255556,-84.32475833,0,12,2,0,1,1,0,1,1,1,0,1,0,0000000,16,10,16,16,17,46,0,0,0,1,0
13,130862,2,2,0,0,0,2,2,287,0,23,10,2013,4,6,6,0,3,3,SR-112,,35,31.66163333,-83.70209167,0,12,2,0,1,1,0,1,2,1,0,1,0,0000000,88,88,88,88,88,88,0,0,0,1,0
13,130863,2,2,0,0,0,2,2,5,0,24,10,2013,5,19,35,1,2,3,SR-4,,54,31.49401944,-82.45615278,0,12,9,0,1,1,0,1,2,1,0,1,0,0000000,19,37,19,43,88,88,0,0,0,1,0
13,130864,2,2,0,0,0,2,2,89,0,24,10,2013,5,5,25,1,11,1,I-20,,74,33.71516389,-84.24360278,0,12,1,0,1,1,0,1,2,1,0,1,0,0000000,5,28,5,35,6,14,0,0,0,1,0
13,130865,1,1,0,0,0,1,1,151,0,25,10,2013,6,1,47,0,14,4,CR-PINEHURST DRIVE,,1,33.54384722,-84.216775,0,41,0,0,1,1,0,5,2,1,0,1,0,0000000,88,88,88,88,88,88,0,0,0,1,1
13,130866,1,1,0,0,0,1,1,295,0,25,10,2013,6,21,48,0,3,3,SR-151,,139,34.75543056,-85.15911389,0,32,0,0,1,1,0,5,2,1,0,1,0,0000000,88,88,88,88,88,88,0,0,0,1,0
13,130867,6,6,0,0,0,14,14,67,3440,26,10,2013,7,13,36,1,11,1,I-75,,99999,99.99990000,999.99990000,0,12,1,0,1,1,0,1,1,1,0,1,0,0000000,13,37,13,47,14,30,0,0,0,1,0
13,130868,1,1,0,0,0,1,1,129,860,26,10,2013,7,16,42,0,14,6,MCDANILE STATION ROAD,,0,34.47171111,-84.94933889,0,53,0,0,1,1,0,5,1,1,0,1,0,0000000,88,88,88,88,88,88,0,0,0,1,1
13,130869,2,2,0,0,0,2,2,135,5300,26,10,2013,7,10,25,1,11,1,I-85,,117,34.00223889,-84.07364444,0,12,7,0,1,1,0,1,1,1,0,1,0,0000000,99,98,99,98,88,88,0,0,0,1,0
13,130870,2,2,0,0,0,3,3,13,300,27,10,2013,1,19,20,0,15,6,CARL MIDWAY CHURCH ROAD,GOVERNORS RIDGE,5,34.00107222,-83.81961944,0,12,2,0,2,3,0,1,3,1,0,1,0,0000000,19,22,19,27,19,59,0,0,0,1,1
13,130871,1,1,0,0,0,3,3,57,0,27,10,2013,1,12,0,0,6,4,CR-DARBY ROAD,,1,34.30199167,-84.54284167,0,42,0,0,1,1,0,5,1,10,0,10,0,0000000,99,99,99,99,99,99,0,0,0,1,0
13,130872,1,1,0,1,1,1,1,207,0,27,10,2013,1,16,8,0,3,3,SR-19,HERITAGE DRIVE,15,32.93271111,-83.790075,0,9,0,0,2,3,0,1,1,1,0,1,0,0000000,16,11,16,22,16,47,0,0,0,1,0
13,130873,1,1,0,0,0,2,2,285,0,27,10,2013,1,9,25,1,1,1,I-185,,63,32.94721944,-84.95724167,0,1,0,0,1,1,0,3,1,10,0,10,0,0000000,9,21,9,42,11,4,0,0,0,1,0
13,130874,2,2,0,0,0,4,4,71,3800,28,10,2013,2,6,57,0,16,6,SARDIS CHURCH ROAD,,6,31.15311667,-83.72134722,0,12,2,0,1,1,0,1,2,1,0,1,0,0000000,99,99,99,99,99,99,0,0,0,1,0
13,130875,1,1,0,0,0,2,2,91,0,28,10,2013,2,18,20,0,4,3,SR-87,,19,32.06208056,-83.27356389,0,35,0,0,1,1,0,5,1,1,0,1,0,0000000,99,99,99,99,99,99,0,0,0,1,1
13,130876,1,1,0,0,0,2,2,51,4910,29,10,2013,3,20,39,1,11,1,I-95,,142,32.15897778,-81.22884167,0,35,0,0,1,1,0,3,2,1,0,1,0,0000000,99,99,99,99,99,99,0,0,0,1,1
13,130877,1,1,0,1,1,2,2,63,0,29,10,2013,3,23,36,1,13,3,SR-3,,93,33.55274167,-84.37007778,0,9,0,0,1,1,0,1,2,1,0,1,0,0000000,23,38,23,42,0,9,0,0,0,1,0
13,130878,1,1,0,1,1,2,2,67,0,29,10,2013,3,22,58,0,19,4,CR-RIVERSIDE PARKWAY,,99999,99.99990000,999.99990000,0,9,0,0,1,1,0,4,3,1,0,1,0,0000000,22,58,23,7,23,43,0,0,0,1,1
13,130879,1,1,0,0,0,2,2,215,1280,29,10,2013,3,20,13,0,16,6,HEAD STREET,BENNING DRIVE,7,32.43223611,-84.94333056,0,38,0,0,3,3,0,5,2,1,0,1,0,0000000,88,88,88,88,88,88,0,0,0,1,0
13,130880,1,1,0,0,0,3,3,285,0,29,10,2013,3,6,38,0,4,4,CR-UPPER BIG SPRINGS ROAD,,19,33.00805278,-84.94066667,0,1,0,0,1,1,0,5,2,1,0,1,0,0000000,6,38,6,52,7,43,0,0,0,1,0
13,130881,1,1,0,1,1,2,2,89,0,30,10,2013,4,0,19,0,14,3,SR-154,LINE STREET,39,33.74816667,-84.28015,0,8,0,0,3,2,0,1,3,10,0,10,0,0000000,99,99,99,99,99,99,0,0,0,1,0
13,130882,1,1,0,1,1,1,1,89,0,31,10,2013,5,18,50,0,16,4,CR-PEPPERDINE DRIVE,PEPPERDINE COURT,2,33.67661667,-84.21824167,0,8,0,0,3,3,0,1,3,1,0,1,0,0000000,18,59,19,12,19,40,0,0,0,1,0
13,130883,2,2,0,0,0,3,3,115,4760,31,10,2013,5,6,22,0,14,3,SR-101,,104,34.23761111,-85.16201944,0,12,2,0,1,1,0,1,2,1,0,1,0,0000000,6,24,6,30,6,55,0,0,0,2,0
13,130884,1,1,0,0,0,1,1,135,0,31,10,2013,5,11,6,0,16,4,CR-NORTHMONT PARKWAY,,0,33.96991111,-84.11566667,0,24,0,0,1,1,0,5,1,1,0,1,0,0000000,11,9,11,13,11,37,0,0,0,1,0
13,130885,2,2,0,0,0,3,3,163,6070,31,10,2013,5,9,48,1,2,3,SR-4,,225,33.13254167,-82.400875,0,12,2,0,1,1,0,1,1,1,0,1,0,0000000,9,50,9,58,99,99,0,0,0,1,0
13,130886,1,1,0,0,0,1,1,63,3260,13,10,2013,1,15,7,1,13,6,TARA BOULEVARD,,3,33.43253056,-84.32061389,0,31,0,0,1,1,0,5,1,1,0,1,0,0000000,15,30,15,40,99,99,0,0,0,1,0
13,130887,1,1,0,1,1,3,3,51,4910,8,5,2013,4,19,50,0,14,6,W GWINNETT ST,,25,32.06858333,-81.10181111,0,8,0,0,1,1,0,1,1,1,0,1,0,0000000,19,50,20,0,20,12,0,0,0,1,0
13,130888,1,1,0,1,1,3,3,179,2730,11,5,2013,7,21,52,0,14,3,SR-119 / E G MILES PKWY,HEARN RD,177,31.82706111,-81.62029167,0,8,0,0,3,3,0,1,2,1,0,1,0,0000000,21,52,21,57,22,16,0,0,0,1,0
13,130889,1,1,0,0,0,1,1,195,0,3,6,2013,2,8,0,0,6,4,CR-60 / ROCK QUARRY RD,,17,34.162,-83.21894722,0,42,0,0,1,1,0,4,9,10,0,10,0,0000000,10,1,10,4,88,88,0,0,0,1,1
13,130890,1,1,0,0,0,1,1,45,0,23,6,2013,1,9,20,0,16,4,CR-210 / CHAPPEL RD,,8,33.58348611,-85.10913611,0,42,0,0,1,1,0,4,1,10,0,10,0,0000000,9,25,9,35,9,51,0,0,0,1,1
13,130891,1,1,0,0,0,1,1,207,0,23,8,2013,6,18,52,0,4,3,SR-42,,250,33.18799444,-83.95683056,0,43,0,0,1,1,0,5,1,1,0,1,0,0000000,18,52,19,0,19,30,0,0,0,1,1
13,130892,3,3,0,0,0,3,3,285,0,27,8,2013,3,14,55,0,3,2,US-29 / SR-14,HAMILTON DR,81,32.97065556,-85.12705833,0,12,1,0,3,3,0,1,1,1,0,1,0,0000000,15,0,15,10,88,88,0,0,0,1,0
13,130893,2,2,0,0,0,5,5,103,0,29,9,2013,1,15,40,0,3,2,US-80 / SR-26,OLD RIVER RD,24,32.16941944,-81.38675556,0,12,2,0,2,4,0,1,1,10,0,10,0,0000000,15,42,15,49,17,0,0,0,0,1,0
13,130894,1,1,0,0,0,1,1,67,3440,18,10,2013,6,1,2,9,99,9,CANTON RD CONN,,99999,33.98838889,-84.53841667,0,24,0,0,1,1,0,3,2,1,0,1,0,0000000,88,88,88,88,88,88,0,0,0,1,1
13,130895,1,1,0,1,1,1,1,15,980,23,10,2013,4,21,38,1,13,2,US-411 / SR-3,,123,34.20680556,-84.81938611,0,8,0,0,1,1,1,1,2,1,0,1,0,0000000,99,98,99,98,88,88,0,0,0,1,0
13,130896,1,1,0,1,1,1,1,95,90,1,11,2013,6,13,38,0,16,6,S MADISON ST,,11,31.54139722,-84.16085278,0,8,0,0,1,1,0,1,1,2,0,2,0,0000000,13,39,13,49,14,10,0,0,0,1,0
13,130897,2,2,0,0,0,3,3,135,0,1,11,2013,6,22,30,1,13,2,US-78 / SR-10,HAYNESCREST DR,93,33.86145556,-83.97251111,0,12,2,0,3,3,0,1,2,1,0,1,0,0000000,22,31,22,37,23,31,0,0,0,1,0
13,130898,1,1,0,1,1,1,1,157,670,1,11,2013,6,19,49,1,1,1,I-85,,6,34.1104,-83.77996944,0,8,0,0,1,1,0,1,2,1,0,1,0,0000000,99,98,99,98,88,88,0,0,0,1,0
13,130899,1,1,0,2,2,1,1,245,310,1,11,2013,6,23,58,0,15,4,CR-411 / WHITE RD,,10,33.45574444,-82.01705,0,8,0,0,1,1,0,2,2,2,0,2,0,0000000,0,8,0,12,88,88,0,0,0,2,0
13,130900,2,2,0,0,0,3,3,67,0,2,11,2013,7,12,35,0,14,3,SR-5 / AUSTELL RD,CHAMBERLAIN CIR,85,33.90124167,-84.56968056,0,12,6,0,2,3,0,1,1,1,0,1,0,0000000,12,36,12,41,13,12,0,0,0,1,0
13,130901,3,3,0,0,0,3,3,89,0,2,11,2013,7,7,0,1,13,2,US-78 / SR-8,,16,33.77161667,-84.32145,0,12,8,0,1,1,0,1,3,1,0,1,0,0000000,7,5,7,8,7,35,0,0,0,1,1
13,130902,3,3,0,1,1,2,2,121,280,2,11,2013,7,6,30,1,11,1,I-85,,292,33.81177778,-84.37015556,0,8,0,0,1,1,1,1,3,10,0,10,0,0000000,6,30,6,30,7,15,19,0,0,1,0
13,130903,1,1,0,0,0,2,2,121,280,2,11,2013,7,14,27,1,11,1,I-75 RAMP,,20,33.68489722,-84.39916667,0,1,0,1,5,1,0,1,1,10,0,10,0,0000000,14,19,14,29,14,50,0,0,0,1,1
13,130904,1,1,0,1,1,1,1,31,0,3,11,2013,1,17,40,0,15,4,CR-231 / OLD REGISTER RD,,5,32.37836944,-81.8124,0,49,0,0,8,1,0,1,1,1,0,1,0,0000000,99,98,99,98,88,88,0,0,0,1,0
13,130905,1,1,0,1,1,1,1,45,0,3,11,2013,1,0,28,1,13,3,SR-166,,208,33.60919722,-85.01341667,0,8,0,0,1,1,0,1,2,1,0,1,0,0000000,0,27,0,38,2,11,0,0,0,1,0
13,130906,2,2,0,0,0,4,4,63,0,3,11,2013,1,1,30,1,13,3,SR-138,,19,33.5504,-84.424975,0,12,11,0,1,1,0,1,2,1,0,1,0,0000000,99,99,99,99,99,99,0,0,0,1,1
13,130907,1,1,0,0,0,1,1,137,0,3,11,2013,1,19,22,0,6,4,CR-68 / E MIZE RD,,0,34.56356389,-83.50245556,0,1,0,0,1,1,0,1,2,1,0,1,0,0000000,19,22,19,29,19,50,0,0,0,1,1
13,130908,3,3,0,0,0,4,4,137,0,3,11,2013,1,21,19,1,2,2,US-441 / SR-15,,211,34.72229444,-83.39291111,0,12,2,0,1,1,0,1,2,1,0,1,0,0000000,21,21,21,28,21,53,0,0,0,1,1
13,130909,1,1,0,0,0,4,4,207,0,3,11,2013,1,5,8,1,1,1,I-75,,23,32.94030278,-83.78107778,0,24,0,0,1,1,0,3,2,1,0,1,0,0000000,5,6,5,20,5,50,0,0,0,2,0
13,130910,1,1,0,0,0,1,1,307,0,3,11,2013,1,1,43,0,4,3,SR-41,,91,32.02305556,-84.55333333,0,30,0,0,1,1,0,4,2,1,0,1,0,0000000,1,57,2,3,88,88,0,0,0,1,1
13,130911,2,2,0,1,1,2,2,67,3440,4,11,2013,2,20,5,0,14,3,SR-360,,103,33.93418889,-84.55887778,0,9,0,0,1,1,0,1,2,1,0,1,0,0000000,99,98,99,98,88,88,0,0,0,1,0
13,130912,1,1,0,0,0,2,2,215,1280,4,11,2013,2,0,8,0,14,4,CR-641 / ILLGES RD,,0,32.45895278,-84.94277222,0,42,0,0,1,1,0,4,3,1,0,1,0,0000000,0,8,0,17,99,99,0,0,0,1,1
13,130913,2,2,0,0,0,2,2,121,280,5,11,2013,3,15,13,0,16,6,CONLEY RD,,0,99.99990000,999.99990000,0,12,2,0,1,1,0,1,1,1,0,1,0,0000000,99,99,99,99,99,99,0,0,0,1,0
13,130914,2,2,0,1,1,2,2,245,310,5,11,2013,3,19,51,0,14,4,CR-1516 / OLD WAYNSBORO RD,,73,33.35334444,-81.99995,0,8,0,0,1,1,0,1,2,1,0,1,0,0000000,19,50,19,55,88,88,0,0,0,1,0
13,130915,1,1,0,0,0,1,1,31,0,6,11,2013,4,22,7,0,3,2,US-80 / SR-26,,241,32.40411389,-81.69075,0,34,0,0,1,1,0,5,2,10,0,10,0,0000000,22,12,22,20,88,88,0,0,0,1,0
13,130916,1,1,0,1,1,1,1,67,0,6,11,2013,4,18,6,0,16,4,CR-2019 / PACES MILL RD,,7,33.86658889,-84.46495556,0,8,0,0,4,1,0,1,3,10,0,10,0,0000000,18,8,18,20,18,49,0,0,0,1,0
13,130917,2,2,0,0,0,3,3,107,0,6,11,2013,4,19,25,0,4,3,SR-23,,97,32.64335278,-82.10039444,0,12,2,0,1,1,0,1,2,1,0,1,0,0000000,99,99,99,99,99,99,0,0,0,1,1
13,130918,2,2,0,0,0,10,10,61,0,7,11,2013,5,16,8,1,2,2,US-27 / SR-1,,53,31.58715556,-84.84781944,0,12,1,0,1,1,0,1,1,1,0,1,1,0000000,16,25,16,32,17,17,0,0,0,1,0
13,130919,1,1,0,0,0,1,1,97,0,7,11,2013,5,2,15,0,5,4,CR-808 / POST RD,,27,33.66066111,-84.86152222,0,59,0,0,1,1,0,4,2,2,0,2,0,0000000,99,98,99,98,88,88,0,0,0,1,1
13,130920,1,1,0,1,1,3,3,57,0,8,11,2013,6,18,35,0,14,4,CR-770 / BELLS FERRY RD,HUNTER TRAIL,15,34.09606111,-84.58313611,0,8,0,0,3,2,0,1,2,1,0,1,0,0000000,18,39,18,39,88,88,0,0,0,1,0
13,130921,3,1,2,1,2,1,2,89,0,8,11,2013,6,13,53,1,11,1,I-20,,87,33.71108056,-84.21396944,0,8,0,0,1,1,0,1,1,1,0,1,0,0000000,13,53,14,5,15,1,23,0,0,1,0
13,130922,1,1,0,0,0,1,1,175,0,8,11,2013,6,5,23,0,15,4,CR-454 / COUNTRY CLUB RD,,19,32.59643056,-82.89731667,0,35,0,0,1,1,0,4,2,1,0,1,0,0000000,99,98,99,98,88,88,0,0,0,1,1
13,130923,2,2,0,0,0,2,2,215,1280,8,11,2013,6,13,25,1,13,2,US-280 / SR-520,30TH AVE,24,32.43786111,-84.96100833,0,12,6,0,2,3,0,1,1,1,0,1,0,0000000,13,27,13,30,13,41,0,0,0,1,0
13,130924,1,1,0,0,0,1,1,263,0,8,11,2013,6,19,14,0,3,3,SR-41,,162,32.74450278,-84.55575,0,30,0,0,1,1,0,5,2,1,0,1,0,0000000,19,0,19,23,88,88,0,0,0,1,1
13,130925,1,1,0,0,0,1,1,115,4760,9,11,2013,7,23,50,0,15,6,HORSELEG CREEK RD,,18,34.23826944,-85.19960833,0,42,0,0,1,1,0,4,2,10,0,10,0,0000000,23,50,23,58,0,49,0,0,0,1,0
13,130926,1,1,0,0,0,1,1,119,0,9,11,2013,7,11,49,0,4,3,SR-63,,28,34.45967778,-83.35316389,0,42,0,0,1,1,0,4,1,10,0,10,0,0000000,99,99,99,99,99,99,0,0,0,1,0
13,130927,1,1,0,1,1,1,1,231,0,9,11,2013,7,4,35,0,3,2,US-41 / SR-7,SHACKLEFORD RD,24,33.17812778,-84.26837778,0,8,0,0,3,2,0,1,2,1,0,1,0,0000000,99,98,99,98,88,88,0,0,0,1,0
13,130928,3,3,0,0,0,4,4,151,0,10,11,2013,1,15,36,1,13,3,SR-81,,142,33.42895833,-84.10176389,0,12,1,0,8,1,0,1,1,1,0,1,0,0000000,15,37,15,41,17,1,0,0,0,2,0
13,130929,3,2,1,1,4,3,6,217,0,10,11,2013,1,3,29,1,11,1,I-20,,14,33.61918056,-83.92946111,0,12,1,0,1,1,0,1,2,1,0,1,0,0000000,3,29,3,42,4,39,23,0,0,2,1
13,130930,2,2,0,0,0,2,2,245,310,10,11,2013,1,14,38,1,13,2,US-278 / SR-10,NOLAND CONNECTOR RD,90,33.44938611,-82.08051944,0,12,6,0,2,2,0,1,1,1,0,1,0,0000000,99,99,99,99,99,99,0,0,0,1,0
13,130931,2,2,0,0,0,4,4,281,0,10,11,2013,1,10,0,1,2,2,US-76 / SR-515,,25,34.94160556,-83.84874444,0,12,2,0,1,1,0,1,1,1,0,1,0,0000000,9,57,10,5,10,38,0,0,0,1,0
13,130932,1,1,0,0,0,2,2,305,0,10,11,2013,1,20,13,0,5,4,CR-132 / K-VILLE RD,,39,31.59600833,-82.08186667,0,35,0,0,1,1,0,5,2,1,0,1,0,0000000,99,99,99,99,99,99,0,0,0,1,0
13,130933,1,1,0,1,1,1,1,51,4910,11,11,2013,2,23,3,1,13,3,SR-204 / ABERCORN ST,RIO RD,149,31.983025,-81.17750833,0,8,0,0,3,2,0,1,2,1,0,1,0,0000000,23,3,23,11,23,23,0,0,0,1,0
13,130934,2,2,0,0,0,2,2,121,280,11,11,2013,2,15,40,1,13,6,RALPH DAVID ABERNATHY DR,CENTRAL AVE,9,33.73681944,-84.39348056,0,12,6,0,2,2,0,1,1,1,0,1,0,0000000,15,40,15,55,99,99,0,0,0,1,0
13,130935,2,2,0,0,0,4,4,19,3890,12,11,2013,3,12,8,0,3,3,SR-125,ENIGMA NASHVILLE RD,113,31.21199722,-83.25726389,0,12,6,0,2,2,0,1,1,1,0,1,0,0000000,12,7,12,11,13,2,20,0,0,2,1
13,130936,1,1,0,1,1,1,1,79,0,12,11,2013,3,7,10,0,5,4,CR-8 / SANDY POINT RD,,6,32.76581389,-83.851725,0,9,0,0,1,1,0,1,1,1,0,1,0,0000000,7,22,7,39,8,27,0,0,0,1,0
13,130937,1,1,0,0,0,2,2,113,0,12,11,2013,3,15,53,0,14,4,CR-1264 / TYRONE RD,,28,33.44738333,-84.53005556,0,42,0,0,1,1,0,4,1,1,0,1,0,0000000,15,54,15,57,16,40,0,0,0,1,0
13,130938,2,2,0,0,0,2,2,265,0,12,11,2013,3,6,28,1,1,1,I-20,,91,33.50627222,-82.83400556,0,12,1,0,1,1,0,1,4,1,0,1,0,0000000,6,31,6,59,88,88,0,0,0,1,0
13,130939,2,2,0,0,0,2,2,13,0,13,11,2013,4,6,15,0,4,3,SR-81,,6,33.92226111,-83.77375833,0,12,2,0,1,1,0,1,2,1,0,1,0,0000000,99,99,99,99,99,99,0,0,0,1,0
13,130940,1,1,0,0,0,2,2,195,0,13,11,2013,4,15,47,0,6,4,CR-231 / FOOTE MCCLELLAN,,7,34.04648056,-83.25905556,0,34,0,0,1,1,0,4,1,1,0,1,0,0000000,99,99,99,99,99,99,0,0,0,1,0
13,130941,8,8,0,0,0,14,14,67,0,14,11,2013,5,14,5,1,11,1,I-75,,165,34.06495833,-84.60845278,0,12,1,0,1,1,1,1,1,1,0,1,0,0000000,14,7,14,14,14,48,26,0,0,2,0
13,130942,1,1,0,0,0,3,3,223,0,14,11,2013,5,8,49,0,14,3,SR-61,,45,33.83697222,-84.86696667,0,34,0,0,1,1,0,4,1,1,0,1,0,0000000,8,44,8,50,9,28,0,0,0,1,0
13,130943,1,1,0,0,0,1,1,77,0,15,11,2013,6,12,1,0,6,4,CR-261 / OLD CORINTH RD,,24,33.32177222,-84.85154167,0,35,0,0,1,1,0,5,1,10,0,10,0,0000000,99,99,99,99,88,88,0,0,0,1,0
13,130944,1,1,0,0,0,3,3,207,0,5,6,2013,4,2,58,1,1,3,SR-401,,1918,33.09064167,-83.99728333,0,1,0,0,1,1,0,1,2,1,0,1,0,0000000,2,59,3,5,3,29,0,0,0,1,0
13,130945,2,2,0,0,0,2,2,255,0,30,7,2013,3,8,39,0,3,3,SR-16,BROOKS ROAD,17,33.25005556,-84.47019167,0,12,6,0,2,2,0,1,1,1,0,1,0,0000000,99,99,99,99,99,99,0,0,0,1,0
13,130946,2,2,0,0,0,2,2,83,9997,11,10,2013,6,22,32,0,4,3,SR-58,,161,34.91718333,-85.47588611,0,12,2,0,1,1,0,1,2,5,0,5,0,0000000,22,30,22,46,23,36,0,0,0,1,1
13,130947,2,2,0,0,0,2,2,115,4760,15,11,2013,6,7,15,1,13,3,SR-20,,73,34.25778889,-85.34391111,0,12,1,0,1,1,0,1,4,1,0,1,0,0000000,7,15,7,24,88,88,0,0,0,1,0
13,130948,1,1,0,1,1,1,1,135,1810,15,11,2013,6,23,30,0,14,6,BOGGS ROAD,MAGNOLIA PIE BLVD.,4,33.95406667,-84.09394167,0,8,0,0,3,3,0,1,2,10,0,10,0,0000000,23,32,23,38,23,54,0,0,0,1,0
13,130949,1,1,0,0,0,1,1,135,3230,15,11,2013,6,23,34,0,14,6,ROSEBUD ROAD,,7,33.80827222,-83.96730556,0,32,0,0,1,1,0,5,3,10,0,10,0,0000000,88,88,88,88,88,88,0,0,0,1,1
13,130950,2,2,0,0,0,2,2,13,9997,16,11,2013,7,2,19,1,1,1,I-85,,20,34.09878889,-83.79994444,0,12,6,0,1,1,0,1,2,1,0,1,0,0000000,99,99,99,99,99,99,0,0,0,1,2
13,130951,2,2,0,1,1,7,7,89,1815,16,11,2013,7,22,1,1,11,1,I-285,,7,33.91918333,-84.33491944,0,8,0,0,1,1,0,1,2,10,0,10,0,0000000,99,98,99,98,88,88,0,0,0,1,0
13,130952,2,2,0,0,0,2,2,117,0,16,11,2013,7,8,43,0,16,4,CR-HURT BRIDGE ROAD,,4,34.24931111,-84.19221944,0,12,2,0,1,1,0,1,1,2,0,2,0,0000000,8,44,8,51,88,88,0,0,0,1,0
13,130953,2,2,0,0,0,2,2,121,0,16,11,2013,7,0,44,0,14,3,SR-70,WESTGATE PARKWAY,278,33.74201389,-84.56344167,0,12,6,0,2,2,0,1,2,10,0,10,0,0000000,99,99,99,99,99,99,0,0,0,1,1
13,130954,1,1,0,1,1,1,1,127,0,16,11,2013,7,10,50,1,2,3,SR-27,,10,31.39956111,-81.64937778,0,9,0,0,1,1,0,1,1,1,0,1,0,0000000,99,98,99,98,88,88,0,0,0,1,0
13,130955,2,2,0,0,0,2,2,321,4480,16,11,2013,7,15,40,0,6,6,SLEDGE ROAD,,41,31.42607222,-83.68205556,0,12,2,0,1,1,0,1,1,1,0,1,0,0000000,15,47,16,9,16,39,0,0,0,1,0
13,130956,1,1,0,0,0,3,3,63,0,17,11,2013,1,16,35,1,11,1,I-75,,94,33.63202222,-84.40101111,0,42,0,0,1,1,0,5,2,2,0,2,0,0000000,99,98,99,98,88,88,0,0,0,1,0
13,130957,1,1,0,0,0,1,1,245,310,17,11,2013,1,19,42,1,13,3,SR-56(SPUR),,141,33.427175,-81.98995556,0,34,0,0,1,1,0,5,2,10,0,10,0,0000000,19,45,19,56,20,30,0,0,0,1,0
13,130958,1,1,0,0,0,1,1,15,0,18,11,2013,2,18,6,0,3,3,SR-61,,1,34.08428889,-84.84084722,0,35,0,0,1,1,0,5,2,1,0,1,0,0000000,88,88,88,88,88,88,0,0,0,1,1
13,130959,1,1,0,0,0,1,1,87,0,18,11,2013,2,16,29,0,14,3,SR-253,,149,30.95513333,-84.56915833,0,1,0,0,1,1,0,5,1,1,0,1,0,0000000,88,88,88,88,88,88,0,0,0,1,0