STATE,ST_CASE,VE_TOTAL,VE_FORMS,PVH_INVL,PEDS,PERNOTMVIT,PERMVIT,PERSONS,COUNTY,CITY,DAY,MONTH,YEAR,DAY_WEEK,HOUR,MINUTE,NHS,ROAD_FNC,ROUTE,TWAY_ID,TWAY_ID2,MILEPT,LATITUDE,LONGITUD,SP_JUR,HARM_EV,MAN_COLL,RELJCT1,RELJCT2,TYP_INT,WRK_ZONE,REL_ROAD,LGT_COND,WEATHER1,WEATHER2,WEATHER,SCH_BUS,RAIL,NOT_HOUR,NOT_MIN,ARR_HOUR,ARR_MIN,HOSP_HR,HOSP_MN,CF1,CF2,CF3,FATALS,DRUNK_DR
13,130960,1,1,0,1,1,1,1,89,0,18,11,2013,2,6,0,0,13,7,NORTHEAST EXPRESSWAY,,7,33.89551389,-84.25065556,0,8,0,0,1,1,0,1,2,8,0,8,0,0000000,8,30,8,42,88,88,0,0,0,1,0
13,130961,2,2,0,0,0,3,3,223,2740,18,11,2013,2,11,38,0,14,6,BROWNSVILLE ROAD,LEGACY PARK DRIVE,38,33.81280556,-84.73374167,0,12,2,0,1,1,0,1,1,1,0,1,0,0000000,11,35,11,41,12,52,0,0,0,1,0
13,130962,1,1,0,0,0,1,1,13,5980,19,11,2013,3,18,46,0,14,3,SR-53,,22,34.02566389,-83.71047778,0,1,0,0,1,1,0,5,2,1,0,1,0,0000000,88,88,88,88,88,88,0,0,0,1,0
13,130963,1,1,0,0,0,1,1,33,9997,19,11,2013,3,17,35,0,4,6,OLD RIVER ROAD,,43,33.16196389,-81.79836389,0,32,0,0,1,1,0,5,1,1,0,1,0,0000000,17,41,17,55,18,17,0,0,0,1,0
13,130964,2,2,0,0,0,2,2,59,270,19,11,2013,3,13,45,0,15,6,N. PETERS STREET,,5,33.95680278,-83.36091389,0,12,1,0,8,1,0,1,1,1,0,1,0,0000000,13,48,13,59,14,15,0,0,0,1,0
13,130965,3,3,0,0,0,4,4,293,0,19,11,2013,3,19,41,0,3,3,SR-74,JAY DEE ROAD,37,32.94545278,-84.45574722,0,12,2,0,2,3,0,1,2,1,0,1,0,0000000,99,99,99,99,99,99,0,0,0,1,0
13,130966,2,2,0,0,0,4,4,103,0,21,11,2013,5,14,45,0,4,3,SR-17,MARLOW ROAD,99,32.2689,-81.38919167,0,12,6,0,2,2,0,1,1,1,0,1,0,0000000,88,88,88,88,88,88,0,0,0,3,0
13,130967,2,2,0,0,0,2,2,89,0,16,4,2013,3,11,19,0,16,4,CR-5172 / N INDIAN CREEK,,0,33.78636944,-84.23647222,0,12,2,0,1,1,0,1,1,1,0,1,0,0000000,12,5,12,16,12,30,0,0,0,1,0
13,130968,1,1,0,0,0,2,2,21,0,22,11,2013,6,14,39,1,13,3,SR-19,,47,32.84195,-83.56392778,0,33,0,0,1,1,0,5,1,10,0,10,0,0000000,14,39,14,50,15,18,0,0,0,1,0
13,130969,1,1,0,1,1,1,1,33,0,22,11,2013,6,21,5,1,2,3,SR-121,,50,32.99488056,-81.97986389,0,8,0,0,1,1,0,1,2,5,0,5,0,0000000,21,9,21,20,21,34,0,0,0,1,0
13,130970,1,1,0,1,1,1,1,67,3440,22,11,2013,6,21,16,0,16,6,FRANKLIN ROAD,,13,99.99990000,999.99990000,0,9,0,0,1,1,0,1,3,2,0,2,0,0000000,99,98,99,98,88,88,0,0,0,1,0
13,130971,2,2,0,0,0,5,5,121,280,22,11,2013,6,7,14,1,13,3,SR-8,FULTON INDUSTRAIL BLVD.,8,33.78987222,-84.49616111,0,12,6,0,2,2,0,1,3,1,0,1,0,0000000,7,14,7,19,99,99,0,0,0,1,0
13,130972,1,1,0,1,1,1,1,121,1900,22,11,2013,6,19,15,0,15,6,CENTRAL AVENUE,,7,33.66793056,-84.43163889,0,8,0,0,1,1,0,1,2,1,0,1,0,0000000,99,99,99,99,99,99,0,0,0,1,0
13,130973,4,4,0,0,0,4,4,63,0,23,11,2013,7,23,29,0,14,4,CR-FLINT RIVER ROAD,DORSEY ROAD,18,99.99990000,999.99990000,0,12,8,0,2,3,0,1,3,1,0,1,0,0000000,23,33,23,42,0,23,0,0,0,1,2
13,130974,1,1,0,1,1,1,1,121,280,23,11,2013,7,3,51,0,14,6,CAPITOL AVENUE,,7,33.74255278,-84.39334722,0,8,0,0,1,1,0,1,3,10,0,10,0,0000000,3,57,4,7,99,99,0,0,0,1,0
13,130975,1,1,0,0,0,2,2,301,0,23,11,2013,7,7,32,1,1,1,I-20,,39,33.50441389,-82.74900278,0,52,0,0,1,1,0,4,1,5,0,5,0,0000000,88,88,88,88,88,88,0,0,0,2,0
13,130976,1,1,0,0,0,4,4,49,4835,25,11,2013,2,9,27,0,6,6,STOKES ROAD,,1,30.59418889,-82.053125,0,42,0,0,1,1,0,5,1,1,0,1,0,0000000,99,99,99,99,99,99,0,0,0,1,0
13,130977,3,3,0,0,0,4,4,103,0,25,11,2013,2,16,50,0,4,4,CR-OLD AUGUSTA ROAD,FORT HOWARD ROAD,2,32.30035,-81.19796667,0,12,6,0,2,3,0,1,1,10,0,10,0,0000000,88,88,88,88,88,88,0,0,0,1,0
13,130978,1,1,0,1,1,1,1,175,1848,25,11,2013,2,19,5,1,13,3,SR-26,,195,32.54909444,-82.87508333,0,8,0,0,1,1,0,1,3,10,0,10,0,0000000,19,5,19,13,19,30,0,0,0,1,0
13,130979,1,1,0,1,1,1,1,285,0,25,11,2013,2,18,40,0,4,4,CR-WARE CROSS ROAD,,11,33.12130556,-85.05759722,0,9,0,0,1,1,0,1,2,1,0,1,0,0000000,18,42,18,47,88,88,0,0,0,1,1
13,130980,1,1,0,0,0,1,1,89,0,26,11,2013,3,16,55,0,14,4,CR-BROWNS MILL ROAD,,42,33.64593333,-84.13687778,0,42,0,0,1,1,0,5,3,2,0,2,0,0000000,88,88,88,88,88,88,0,0,0,1,0
13,130981,1,1,0,1,1,1,1,89,0,27,11,2013,4,20,8,0,14,6,LAVISTA ROAD,,62,33.84457778,-84.25675,0,8,0,0,1,1,0,1,3,10,0,10,0,0000000,99,99,99,99,88,88,0,0,0,1,0
13,130982,1,1,0,0,0,2,2,127,0,27,11,2013,4,10,45,0,3,3,SR-303,,27,31.16690278,-81.55118056,0,16,0,0,1,1,0,1,1,1,0,1,0,0000000,10,47,10,52,88,88,0,0,0,2,0
13,130983,1,1,0,0,0,2,2,145,0,27,11,2013,4,19,40,0,5,3,SR-208,,89,32.68817222,-84.71495,0,1,0,0,1,1,0,5,2,1,0,1,0,0000000,19,40,20,11,20,57,0,0,0,1,1
13,130984,2,2,0,0,0,2,2,233,1010,27,11,2013,4,19,10,1,14,3,SR-6,CANAL STREET,94,34.00503056,-85.25773889,0,12,6,0,2,2,0,1,2,1,0,1,0,0000000,19,11,19,15,20,7,0,0,0,1,0
13,130985,1,1,0,1,1,1,1,51,4910,28,11,2013,5,0,43,0,14,6,JOHNNY MERCER BLVD.,,23,32.01790833,-80.98991667,0,8,0,0,1,1,0,1,2,1,0,1,0,0000000,99,99,99,99,88,88,0,0,0,1,1
13,130986,2,2,0,0,0,2,2,51,4910,28,11,2013,5,2,35,1,13,6,VETERAN'S PARKWAY,,17,32.02239444,-81.17218611,0,12,2,0,1,1,0,1,2,1,0,1,0,0000000,2,35,2,45,3,22,0,0,0,2,1
13,130987,1,1,0,0,0,1,1,109,0,28,11,2013,5,9,55,0,4,3,SR-169,,99999,32.15771667,-81.97306389,0,32,0,0,1,1,0,5,1,1,0,1,0,0000000,88,88,88,88,88,88,0,0,0,1,0
13,130988,1,1,0,1,1,2,2,163,6070,28,11,2013,5,18,55,1,2,3,SR-4,,302,33.22758056,-82.36154167,0,8,0,0,1,1,0,1,2,1,0,1,0,0000000,88,88,88,88,88,88,0,0,0,1,0
13,130989,1,1,0,1,1,1,1,135,3230,29,11,2013,6,16,40,1,13,3,SR-10,,113,33.85765556,-83.94398056,0,9,0,0,1,1,0,1,1,1,0,1,0,0000000,15,42,15,49,16,19,0,0,0,1,0
13,130990,1,1,0,0,0,2,2,21,3390,30,11,2013,7,16,38,1,11,1,I-75,,77,32.79405,-83.66557778,0,1,0,0,1,1,0,5,1,10,0,10,0,0000000,16,30,16,38,17,8,0,0,0,1,0
13,130991,1,1,0,0,0,1,1,45,0,30,11,2013,7,17,12,0,6,4,CR-LOVVORN ROAD,,99999,33.58216944,-85.12695,0,35,0,0,1,1,0,5,1,10,0,10,0,0000000,99,99,99,99,99,99,0,0,0,1,0
13,130992,4,4,0,0,0,10,10,51,4475,30,11,2013,7,16,19,1,11,3,SR-405,,152,32.18463056,-81.19999722,0,12,1,0,1,1,0,1,1,10,0,10,0,0000000,99,99,99,99,99,99,0,0,0,1,0
13,130993,1,1,0,0,0,2,2,121,280,30,11,2013,7,15,20,0,15,6,OLD HAPEVILLE ROAD,,16,33.67955,-84.39329444,0,42,0,0,1,1,0,5,1,1,0,1,0,0000000,15,22,15,25,88,88,20,0,0,1,0
13,130994,1,1,0,0,0,1,1,139,0,30,11,2013,7,19,30,0,4,4,CR-JOE CHANDLER ROAD,,8,34.31828333,-83.68855278,0,42,0,0,1,1,0,5,2,1,0,1,0,0000000,19,26,19,29,20,37,0,0,0,1,1
13,130995,2,2,0,0,0,2,2,161,2630,30,11,2013,7,17,32,0,6,6,MARTIN LUTHER KING BLVD.,GREEN STREET,99999,31.87459722,-82.59874444,0,12,7,0,2,3,0,1,1,1,0,1,0,0000000,17,31,17,41,18,5,0,0,0,1,0
13,130996,1,1,0,1,1,1,1,185,5680,10,8,2013,7,21,20,0,14,3,SR-125,GUEST ROAD,23,30.91505556,-83.25872778,0,8,0,0,2,3,0,1,3,1,0,1,0,0000000,21,21,21,28,21,54,0,0,0,1,0
13,130997,1,1,0,0,0,2,2,207,0,21,5,2013,3,1,34,0,4,3,SR-42,,242,33.17043333,-83.95840833,0,34,0,0,1,1,0,4,2,10,0,10,0,0000000,1,32,1,55,2,37,0,0,0,1,1
13,130998,2,2,0,0,0,2,2,303,0,1,11,2013,6,16,35,0,14,3,SR-15,MAYVIEW RD,173,33.009125,-82.79202222,0,12,6,0,2,3,0,1,1,2,0,2,0,0000000,16,36,16,42,18,15,0,0,0,1,0
13,131000,1,1,0,0,0,1,1,225,0,1,12,2013,1,2,25,0,3,3,SR-11 / SR-49,,172,32.67265833,-83.7214,0,34,0,0,1,1,0,4,2,1,0,1,0,0000000,2,30,2,38,88,88,0,0,0,1,1
13,131001,1,1,0,0,0,2,2,277,0,1,12,2013,1,19,15,0,3,2,US-41 / R-7,,176,31.55013889,-83.54788889,0,38,0,0,1,1,0,4,2,10,0,10,0,0000000,19,18,19,28,19,57,0,0,0,1,1
13,131002,2,2,0,0,0,2,2,15,0,2,12,2013,2,13,57,1,2,2,US-411 / SR-20,MARTIN RD,99,34.21996111,-84.87771944,0,12,6,0,2,2,0,1,1,10,0,10,0,0000000,99,99,99,99,99,99,0,0,0,1,1
13,131003,1,1,0,0,0,1,1,49,0,2,12,2013,2,21,10,1,2,2,US-23 / SR-4,,149,30.94670278,-82.10823056,0,34,0,0,1,1,0,4,2,1,0,1,0,0000000,99,99,99,99,88,88,0,0,0,1,0
13,131004,1,1,0,1,1,1,1,89,0,2,12,2013,2,20,58,0,14,3,SR-154 / MEMORIAL DR,CR-9544 / KENSINGTON RD,64,33.77203889,-84.24941389,0,8,0,0,3,99,0,1,3,2,0,2,0,0000000,20,58,21,5,22,0,0,0,0,1,0
13,131005,2,2,0,0,0,5,5,9,3620,3,12,2013,3,18,51,0,14,6,N JEFFERSON ST,,12,33.090875,-83.22805278,0,12,2,0,1,1,0,1,3,2,0,2,0,0000000,19,11,19,28,20,42,0,0,0,1,0
13,131006,1,1,0,0,0,1,1,15,0,3,12,2013,3,6,37,1,1,1,I-75,,247,34.33721944,-84.86683056,0,35,0,0,1,1,0,4,2,5,0,5,0,0000000,99,99,99,99,99,99,0,0,0,1,0
13,131007,3,3,0,0,0,3,3,21,3390,3,12,2013,3,10,58,1,11,1,I-16,,7,32.85265,-83.63284722,0,24,0,0,1,1,0,3,1,10,0,10,0,0000000,10,56,11,4,11,29,0,0,0,1,0
13,131008,1,1,0,1,1,1,1,121,0,3,12,2013,3,15,26,1,11,1,I-285,,7,33.72693056,-84.50275278,0,8,0,0,1,1,1,2,1,2,0,2,0,0000000,15,26,15,37,88,88,0,0,0,1,0
13,131009,1,1,0,1,1,2,2,121,280,3,12,2013,3,20,45,0,14,3,SR-280 / HAMILTON E HOLMES DR,,2,33.75554167,-84.46845556,0,8,0,0,1,1,0,1,3,2,0,2,0,0000000,20,4,20,15,20,30,0,0,0,1,0
13,131010,2,2,0,0,0,3,3,161,0,3,12,2013,3,18,45,0,3,2,US-221 / SR-135,,191,31.90566944,-82.56318333,0,12,1,0,8,1,0,1,2,10,0,10,0,0000000,19,2,19,6,19,55,0,0,0,1,0
13,131011,1,1,0,0,0,2,2,13,0,4,12,2013,4,0,48,0,4,3,SR-124,OLD HOG MOUNTAIN RD,4,34.07401944,-83.83296944,0,31,0,0,3,3,0,4,2,5,0,5,0,0000000,99,99,99,99,99,99,0,0,0,1,1
13,131012,1,1,0,0,0,1,1,139,0,4,12,2013,4,11,6,0,4,3,SR-60,,20,34.1954,-83.77808056,0,42,0,0,1,1,0,4,1,5,0,5,0,0000000,11,6,11,7,13,20,0,0,0,1,0
13,131013,1,1,0,1,1,3,3,313,0,4,12,2013,4,18,30,0,14,3,SR-71,,13,34.81116944,-84.94891944,0,9,0,0,1,1,0,1,2,1,0,1,0,0000000,18,36,18,41,18,55,0,0,0,1,0
13,131014,3,3,0,0,0,3,3,151,0,5,12,2013,5,12,57,0,14,3,SR-920 / JONESBORO RD,MICAH DR,77,33.45601111,-84.17078611,0,12,6,0,2,3,0,1,1,10,0,10,0,0000000,12,58,13,5,14,41,0,0,0,1,0
13,131015,3,3,0,0,0,5,5,185,0,5,12,2013,5,18,35,0,3,2,US-221 / SR-31,KNIGHTS ACADEMY RD,237,30.92252222,-83.16713611,0,12,6,0,2,3,0,1,2,1,0,1,0,0000000,99,99,99,99,99,99,14,0,0,1,0
13,131016,2,2,0,0,0,6,6,255,0,5,12,2013,5,13,50,0,14,4,CR-511 / MACON RD,FUTRAL RD,37,33.22365278,-84.24143611,0,12,6,0,2,2,0,1,1,10,0,10,0,0000000,99,99,99,99,99,99,0,0,0,1,0
13,131017,1,1,0,0,0,1,1,297,0,6,12,2013,6,20,48,0,6,4,CR-235 / PERRY SMITH RD,,5,33.9018,-83.65823889,0,34,0,0,1,1,0,4,2,10,0,10,0,0000000,99,98,99,98,88,88,0,0,0,1,1
13,131018,1,1,0,0,0,2,2,57,920,7,12,2013,7,17,28,0,16,6,MARIETTA HWY,TRAVIS TRITT LN,0,34.19640278,-84.50904722,0,42,0,0,1,1,0,4,5,10,0,10,0,0000000,17,28,17,39,17,55,0,0,0,1,0
13,131019,2,2,0,0,0,2,2,69,0,7,12,2013,7,14,17,0,3,3,SR-32,,10,31.57645833,-83.04641944,0,12,2,0,1,1,0,1,1,10,0,10,0,0000000,14,17,14,33,14,55,0,0,0,1,0
13,131020,1,1,0,0,0,3,3,187,0,7,12,2013,7,1,10,0,3,3,SR-52,,159,34.54373889,-83.96659722,0,1,0,0,1,1,0,5,2,2,0,2,0,0000000,1,4,1,9,2,37,0,0,0,1,1
13,131021,1,1,0,1,1,2,2,299,0,7,12,2013,7,18,16,1,13,2,US-82 / SR-520,,246,31.20250833,-82.31979444,0,8,0,0,1,1,0,1,2,10,0,10,0,0000000,18,16,18,24,19,21,0,0,0,1,0
13,131022,1,1,0,0,0,2,2,135,0,8,12,2013,1,2,6,0,16,4,CR-265 / HIRAM DAVIS RD,,5,33.94517778,-83.93568056,0,53,0,0,1,1,0,4,2,2,0,2,0,0000000,2,13,2,24,2,46,0,0,0,1,1
13,131023,2,2,0,0,0,2,2,163,0,8,12,2013,1,12,45,1,2,3,SR-88,,81,33.13953611,-82.52867778,0,12,7,0,8,1,0,1,1,10,0,10,0,0000000,12,43,12,57,13,25,0,0,0,1,0
13,131024,1,1,0,0,0,3,3,249,0,8,12,2013,1,2,20,0,4,4,CR-126 / BUMPHEAD RD,,13,32.17721389,-84.21065278,0,35,0,0,1,1,0,4,2,2,0,2,0,0000000,99,99,99,99,99,99,0,0,0,1,1
13,131025,1,1,0,0,0,5,5,313,0,8,12,2013,1,1,34,0,16,4,CR-730 / FLEMING ST,HOLLYWOOD DR,3,34.80033611,-84.95578333,0,33,0,0,3,3,0,4,2,10,0,10,0,0000000,1,30,1,30,2,51,0,0,0,1,1
13,131026,1,1,0,1,1,1,1,51,4910,9,12,2013,2,20,12,1,13,2,US-17 / SR-25 / OGEECHEE RD,CHATHAM PARKWAY,92,32.04838333,-81.16539444,0,8,0,0,3,2,0,1,3,1,0,1,0,0000000,20,12,20,20,20,50,0,0,0,1,0
13,131027,1,1,0,0,0,1,1,67,0,9,12,2013,2,0,28,0,14,4,CR-4406 / PIEDMONT RD,,5,34.01981944,-84.5123,0,24,0,0,1,1,0,3,2,2,0,2,0,0000000,99,98,99,98,88,88,0,0,0,1,0
13,131028,1,1,0,0,0,1,1,199,0,9,12,2013,2,20,8,0,3,3,SR-74,,27,33.21253056,-84.58024444,0,34,0,0,1,1,0,4,2,1,0,1,0,0000000,99,99,99,99,99,99,0,0,0,1,0
13,131029,1,1,0,1,1,1,1,245,310,9,12,2013,2,7,11,0,16,4,CR-134 / BELAIR RD,,12,33.46003333,-82.11352222,0,8,0,0,1,1,0,1,1,5,0,5,1,0000000,7,11,7,19,7,52,0,0,0,1,0
13,131030,1,1,0,1,1,1,1,89,0,10,12,2013,3,18,17,0,16,4,CR-5846 / MAINSTREET VALLEY DR,REDAN RD,0,33.75994444,-84.19018611,0,8,0,0,3,99,0,1,2,1,0,1,0,0000000,18,20,18,31,18,54,0,0,0,1,0
13,131031,2,2,0,0,0,4,4,99,0,10,12,2013,3,10,10,0,4,3,SR-45,PERKINS LANE,64,31.34243611,-84.71353889,0,12,6,0,2,3,0,1,1,10,0,10,0,0000000,10,0,10,17,10,50,0,0,0,1,0
13,131032,2,1,1,0,1,1,2,139,0,10,12,2013,3,7,50,0,14,3,SR-13,,40,34.17577778,-83.93142778,0,14,0,0,1,1,0,5,1,10,0,10,0,0000000,7,49,7,52,8,42,0,0,0,1,0
13,131033,3,3,0,0,0,4,4,155,0,10,12,2013,3,12,52,0,4,3,SR-125,,118,31.64870833,-83.33327222,0,12,2,0,1,1,0,1,1,10,0,10,0,0000000,12,53,13,3,13,43,0,0,0,1,0
13,131034,1,1,0,0,0,4,4,173,0,10,12,2013,3,3,0,0,6,4,CR-46 / STUDSTILL RD,,41,31.09010833,-83.09535,0,34,0,0,1,1,0,4,2,10,0,10,0,0000000,2,37,3,7,99,99,0,0,0,1,1
13,131035,2,2,0,0,0,2,2,195,0,10,12,2013,3,15,10,0,6,4,CR-257 / LEM EDWARDS RD,,16,34.01550278,-83.25589167,0,12,8,0,1,1,0,1,1,1,0,1,0,0000000,99,99,99,99,99,99,0,0,0,1,0
13,131036,1,1,0,0,0,2,2,199,0,10,12,2013,3,1,15,0,3,3,SR-74,FLAT SHOALS RD,95,33.09389167,-84.57438611,0,33,0,0,3,3,0,4,3,2,0,2,0,0000000,99,99,99,99,99,99,0,0,0,1,0
13,131037,1,1,0,1,1,1,1,51,4450,12,12,2013,5,18,14,1,11,1,I-95,,53,32.04289444,-81.26201667,0,8,0,0,1,1,0,1,2,1,0,1,0,0000000,18,19,18,25,88,88,0,0,0,1,0
13,131038,1,1,0,1,1,1,1,89,3210,13,12,2013,6,19,0,0,14,4,CR-5193 / REDAN RD,ADCOX RD,23,33.76070278,-84.19393611,0,8,0,0,3,3,0,1,2,1,0,1,0,0000000,19,9,19,15,19,40,0,0,0,1,1
13,131039,1,1,0,1,1,1,1,89,0,13,12,2013,6,21,8,0,14,4,CR-5154 / COLUMBIA DR,CASA LINDA DR,7,33.72191389,-84.25171667,0,8,0,0,3,3,0,1,3,1,0,1,0,0000000,99,98,99,98,88,88,0,0,0,1,0
13,131040,1,1,0,1,1,1,1,121,280,13,12,2013,6,22,55,1,11,1,I-75,,89,33.76575556,-84.38577778,0,8,0,0,1,1,0,1,3,1,0,1,0,0000000,22,55,23,0,88,88,0,0,0,1,0
13,131041,2,2,0,0,0,2,2,233,0,13,12,2013,6,12,8,1,2,2,US-27 / SR-1,DUGDOWN RD,7,33.90834722,-85.239125,0,12,6,0,2,2,0,1,1,1,0,1,0,0000000,12,5,12,16,13,7,0,0,0,1,0
13,131042,2,2,0,0,0,4,4,107,0,14,12,2013,7,22,23,1,1,1,I-16,,65,32.389575,-82.28076944,0,12,1,0,1,1,0,1,2,2,0,2,0,0000000,22,22,22,40,99,99,0,0,0,1,0
13,131043,1,1,0,0,0,1,1,121,280,14,12,2013,7,0,39,0,14,6,MARIETTA ST,,5,33.771475,-84.40063889,0,35,0,0,1,1,0,4,3,1,0,1,0,0000000,0,39,0,39,99,99,0,0,0,1,1
13,131044,1,1,0,1,1,4,4,121,4882,14,12,2013,7,3,45,1,11,1,I-285,,217,33.91014722,-84.4279,0,8,0,0,1,1,0,1,2,1,0,1,0,0000000,99,99,99,99,99,99,0,0,0,1,0
13,131045,3,3,0,0,0,3,3,121,280,14,12,2013,7,8,50,1,11,1,I-285,,99,33.76826667,-84.49429444,0,12,1,0,1,1,0,1,1,2,0,2,0,0000000,99,99,99,99,99,99,19,0,0,1,0
13,131046,2,2,0,0,0,4,4,63,0,28,9,2013,7,17,35,1,13,3,SR-3,IRONGATE BLVD.,39,33.48102778,-84.33909444,0,12,6,0,2,2,0,1,1,1,0,1,0,0000000,17,39,17,48,18,18,0,0,0,1,0
13,131047,2,2,0,0,0,8,8,135,0,14,12,2013,7,19,47,1,13,6,PLEASANT HILL ROAD,VENTURE DRIVE,36,33.95435833,-84.13140833,0,12,6,0,2,3,0,1,3,2,0,2,0,0000000,19,47,19,53,20,14,0,0,0,1,0
13,131048,2,2,0,0,0,4,4,213,0,14,12,2013,7,11,14,0,4,3,SR-282,,1,34.67999444,-84.70046667,0,12,2,0,1,1,0,1,1,10,0,10,0,0000000,11,16,11,30,12,22,0,0,0,2,0
13,131049,1,1,0,1,1,1,1,121,0,15,12,2013,1,18,51,0,14,3,SR-279,,44,33.611125,-84.47168889,0,8,0,0,1,1,1,1,1,1,0,1,0,0000000,18,51,18,57,88,88,0,0,0,1,0
13,131050,1,1,0,0,0,4,4,245,310,15,12,2013,1,2,16,1,11,1,I-520(RAMP),,18,33.46589722,-82.08253889,0,24,0,1,5,1,0,4,2,2,0,2,0,0000000,2,17,2,26,88,88,0,0,0,1,0
13,131051,5,5,0,0,0,9,9,135,3100,16,12,2013,2,6,48,1,12,6,RONALD REAGAN PKWY.,,45,33.88893889,-84.05315278,0,12,7,0,1,1,0,1,2,1,0,1,0,0000000,7,5,7,28,7,55,0,0,0,1,0
13,131052,3,2,1,0,1,2,3,215,1280,16,12,2013,2,10,19,0,16,6,WARM SPRINGS ROAD,,99999,32.50095278,-84.95582222,0,12,2,0,1,1,0,1,1,1,0,1,0,0000000,10,21,10,27,10,51,0,0,0,1,0
13,131053,7,7,0,0,0,10,10,127,0,17,12,2013,3,14,56,1,1,1,I-95,,13,31.13399444,-81.577075,0,12,1,0,1,1,0,1,1,1,0,1,0,0000000,15,12,15,22,15,47,0,0,0,3,0
13,131054,1,1,0,1,1,1,1,135,800,17,12,2013,3,6,25,1,11,1,I-85,,184,34.05690833,-83.99123611,0,8,0,0,1,1,0,1,2,1,0,1,0,0000000,6,28,6,37,88,88,0,0,0,1,0
13,131055,1,1,0,0,0,2,2,151,0,17,12,2013,3,11,3,1,11,1,I-75,,143,33.48029444,-84.21685833,0,1,0,0,1,1,0,3,1,1,0,1,0,0000000,99,99,99,99,99,99,0,0,0,1,0
13,131056,2,2,0,0,0,2,2,51,4475,19,12,2013,5,12,24,1,13,3,SR-21,JIMMY DELOACH PARKWAY,123,32.16355278,-81.184175,0,12,6,0,2,3,0,1,1,1,0,1,0,0000000,88,88,88,88,88,88,0,0,0,1,0
13,131057,2,2,0,0,0,7,7,63,0,19,12,2013,5,7,25,1,13,3,SR-3,,24,33.45843611,-84.32854167,0,1,0,0,1,1,0,1,4,1,0,1,1,0000000,99,99,99,99,99,99,0,0,0,1,0
13,131058,1,1,0,1,1,1,1,135,3100,19,12,2013,5,5,29,0,14,3,SR-120,,106,33.96685278,-84.01470556,0,8,0,0,1,1,0,1,2,1,0,1,0,0000000,88,88,88,88,88,88,0,0,0,1,0
13,131059,2,2,0,0,0,4,4,223,2740,19,12,2013,5,19,48,1,13,3,SR-6,LAKE ROAD,150,33.89039722,-84.75115833,0,12,6,0,2,2,0,1,3,1,0,1,0,0000000,99,99,99,99,99,99,0,0,0,1,0
13,131060,1,1,0,0,0,2,2,255,0,19,12,2013,5,20,35,0,3,3,SR-155,,87,33.28268333,-84.19996111,0,34,0,0,1,1,0,5,2,1,0,1,0,0000000,99,99,99,99,99,99,0,0,0,1,1
13,131061,1,1,0,0,0,2,2,71,3800,20,12,2013,6,13,15,1,13,3,SR-35,,69,31.12036111,-83.78070278,0,1,0,0,1,1,0,1,1,1,0,1,0,0000000,99,99,99,99,99,99,0,0,0,1,0
13,131062,1,1,0,0,0,1,1,97,1770,20,12,2013,6,14,46,0,14,3,SR-166,BRITT ROAD,46,33.69345556,-84.63924167,0,40,0,0,3,3,0,5,1,10,0,10,0,0000000,99,99,99,99,99,99,0,0,0,1,0
13,131063,1,1,0,0,0,1,1,115,4760,20,12,2013,6,2,16,0,15,6,CHATILLON ROAD,,2,34.28091667,-85.1629,0,33,0,0,1,1,0,4,3,1,0,1,0,0000000,2,16,2,21,3,13,0,0,0,1,1
13,131064,2,2,0,0,0,3,3,43,0,21,12,2013,7,21,20,0,3,3,SR-121,REGINALD ROAD,154,32.49616667,-82.05053333,0,12,6,0,2,3,0,1,3,1,0,1,0,0000000,21,37,22,5,22,50,0,0,0,1,2
13,131065,1,1,0,1,1,2,2,117,0,21,12,2013,7,7,24,1,13,3,SR-20,,10,34.23733611,-84.25713611,0,8,0,0,1,1,0,1,4,2,0,2,0,0000000,7,26,7,35,88,88,0,0,0,1,0
13,131066,1,1,0,0,0,1,1,33,0,22,12,2013,1,8,30,0,4,3,SR-305,,90,32.95236667,-82.23523611,0,42,0,0,1,1,0,5,1,10,0,10,0,0000000,88,88,88,88,88,88,0,0,0,1,0
13,131067,3,3,0,0,0,5,5,57,920,22,12,2013,1,11,53,1,2,3,SR-20,,0,34.21767222,-84.57634444,0,12,2,0,1,1,0,1,1,2,0,2,0,0000000,11,52,12,1,12,45,0,0,0,1,0
13,131068,1,1,0,1,1,1,1,69,0,22,12,2013,1,10,18,0,14,3,SR-135,RED OAK STREET,121,31.52531389,-82.81905,0,8,0,0,3,3,0,1,1,10,0,10,0,0000000,99,99,99,99,99,99,0,0,0,1,0
13,131069,2,2,0,0,0,3,3,215,1280,22,12,2013,1,11,0,1,13,6,MACON ROAD,JENKINS ROAD,178,32.55209167,-84.74005,0,12,6,0,2,2,0,1,1,2,0,2,0,0000000,10,57,11,8,11,45,0,0,0,1,0
13,131070,1,1,0,0,0,1,1,285,3050,22,12,2013,1,21,0,0,14,6,HILL STREET,,4,33.04355,-85.02303056,0,43,0,0,1,1,0,5,2,2,0,2,0,0000000,88,88,88,88,88,88,0,0,0,1,1