STATE,ST_CASE,VE_TOTAL,VE_FORMS,PVH_INVL,PEDS,PERNOTMVIT,PERMVIT,PERSONS,COUNTY,CITY,DAY,MONTH,YEAR,DAY_WEEK,HOUR,MINUTE,NHS,ROAD_FNC,ROUTE,TWAY_ID,TWAY_ID2,MILEPT,LATITUDE,LONGITUD,SP_JUR,HARM_EV,MAN_COLL,RELJCT1,RELJCT2,TYP_INT,WRK_ZONE,REL_ROAD,LGT_COND,WEATHER1,WEATHER2,WEATHER,SCH_BUS,RAIL,NOT_HOUR,NOT_MIN,ARR_HOUR,ARR_MIN,HOSP_HR,HOSP_MN,CF1,CF2,CF3,FATALS,DRUNK_DR
13,131071,1,1,0,1,1,2,2,13,9997,23,12,2013,2,19,5,0,4,3,SR-211,,239,34.11103056,-83.8173,0,8,0,0,1,1,0,1,2,1,0,1,0,0000000,99,98,99,98,88,88,0,0,0,1,0
13,131072,1,1,0,0,0,1,1,33,0,23,12,2013,2,7,15,1,2,3,SR-121,,25,32.966675,-81.97826111,0,34,0,0,1,1,0,5,1,2,0,2,0,0000000,88,88,88,88,88,88,0,0,0,1,0
13,131073,2,2,0,0,0,6,6,205,360,23,12,2013,2,1,49,1,2,3,SR-3,,237,31.37178056,-84.15213889,0,12,7,0,1,1,0,1,2,10,0,10,0,0000000,99,99,99,99,99,99,0,0,0,1,1
13,131074,2,2,0,0,0,2,2,263,0,23,12,2013,2,6,57,0,3,3,SR-85,,45,32.82782778,-84.64319722,0,12,6,0,1,1,0,1,2,2,0,2,0,0000000,99,98,99,98,88,88,0,0,0,1,0
13,131075,2,2,0,0,0,5,5,21,0,24,12,2013,3,18,43,0,14,4,CR-HOUSTON ROAD,,47,32.75307778,-83.66711944,0,12,6,0,8,1,0,1,2,10,0,10,0,0000000,18,43,18,53,88,88,0,0,0,1,0
13,131076,1,1,0,0,0,1,1,151,2560,24,12,2013,3,14,15,0,15,6,OLD ATLANTA ROAD,,10,33.35661944,-84.296075,0,35,0,0,1,1,0,5,1,1,0,1,0,0000000,99,99,99,99,99,99,0,0,0,1,0
13,131077,1,1,0,0,0,2,2,301,0,24,12,2013,3,17,5,1,1,1,I-20,,79,33.49480556,-82.68215,0,42,0,0,1,1,0,5,5,10,0,10,0,0000000,88,88,88,88,88,88,0,0,0,2,0
13,131078,1,1,0,0,0,1,1,73,0,25,12,2013,4,17,58,0,6,4,CR-264,,31,33.40766667,-82.26868889,0,1,0,0,1,1,0,5,3,1,0,1,0,0000000,99,99,99,99,99,99,0,0,0,1,0
13,131079,1,1,0,1,1,1,1,59,270,27,12,2013,6,22,0,1,13,3,SR-10,,22,33.9405,-83.47841111,0,8,0,0,1,1,0,1,2,1,0,1,0,0000000,22,2,22,10,22,27,0,0,0,1,0
13,131080,1,1,0,1,1,1,1,67,3440,27,12,2013,6,3,10,1,13,3,SR-120,,24,33.96229444,-84.51542778,0,8,0,0,1,1,0,1,2,1,0,1,0,0000000,3,11,3,13,3,37,0,0,0,1,0
13,131081,3,3,0,0,0,3,3,77,0,28,12,2013,7,17,24,0,14,3,SR-34,INTERNATIONAL PARK,165,33.40017222,-84.72545278,0,12,6,0,2,2,0,1,2,2,0,2,0,0000000,99,99,99,99,99,99,0,0,0,1,0
13,131082,1,1,0,0,0,1,1,185,0,28,12,2013,7,12,58,1,11,1,I-75,,130,30.7779,-83.29596944,0,21,0,0,1,1,0,4,1,10,0,10,0,0000000,88,88,88,88,88,88,0,0,0,1,0
13,131083,2,2,0,0,0,4,4,215,1280,28,12,2013,7,3,44,0,14,6,BUENA VISTA ROAD,,47,32.46387778,-84.923775,0,12,6,0,8,1,0,1,3,1,0,1,0,0000000,3,57,4,5,4,34,0,0,0,1,1
13,131084,1,1,0,0,0,2,2,57,0,29,12,2013,1,20,20,0,4,3,SR-5,,142,34.36288611,-84.377075,0,1,0,0,1,1,0,5,2,1,0,1,0,0000000,20,25,20,32,21,19,0,0,0,1,1
13,131085,2,2,0,0,0,4,4,75,0,30,12,2013,2,18,3,1,1,1,I-75,,157,31.22931667,-83.46285556,0,12,1,0,1,1,0,1,2,1,0,1,0,0000000,17,51,18,12,88,88,0,0,0,1,0
13,131086,2,2,0,0,0,4,4,153,0,29,12,2013,1,16,56,1,1,1,I-75,,13,32.30885833,-83.76271944,0,12,1,0,1,1,0,1,1,1,0,1,0,0000000,16,55,17,13,88,88,0,0,0,2,0
13,131087,2,2,0,0,0,3,3,213,1390,29,12,2013,1,9,56,0,4,6,PINHOOK CREEK ROAD,,142,34.80458611,-84.82356944,0,12,6,0,1,1,0,1,1,2,0,2,0,0000000,9,58,10,3,10,44,0,0,0,1,0
13,131088,2,2,0,0,0,2,2,245,310,30,12,2013,2,17,44,0,14,3,SR-56,,58,33.32289167,-81.95671944,0,12,6,0,8,1,0,1,2,10,0,10,0,0000000,17,55,18,15,18,30,0,0,0,1,0
13,131089,1,1,0,0,0,1,1,255,0,30,12,2013,2,12,35,0,5,4,CR-SWINT ROAD,,33,33.18283889,-84.15837778,0,53,0,0,1,1,0,5,1,1,0,1,0,0000000,88,88,88,88,88,88,0,0,0,1,1
13,131090,2,2,0,0,0,5,5,67,3440,31,12,2013,3,17,46,0,14,3,SR-360,BELLEMEADE DRIVE,92,33.92442222,-84.57456667,0,12,2,0,2,2,0,1,5,1,0,1,0,0000000,17,48,17,55,18,19,0,0,0,1,0
13,131091,1,1,0,0,0,2,2,205,0,31,12,2013,3,16,26,0,4,4,CR-305,,17,31.08998333,-84.10931389,0,34,0,0,1,1,0,5,1,10,0,10,0,0000000,99,99,99,99,99,99,0,0,0,1,0
13,131092,1,1,0,0,0,3,3,277,0,31,12,2013,3,11,15,0,4,6,UNION ROAD,OAKRIDGE CHURCH ROAD,44,31.40388333,-83.51781944,0,34,0,0,3,2,0,5,1,10,0,10,0,0000000,11,24,11,28,12,6,20,0,0,1,0
13,131093,1,1,0,0,0,1,1,123,0,10,12,2013,3,9,40,0,4,3,SR-52,,179,34.65094722,-84.43147778,0,59,0,0,1,1,0,4,1,10,0,10,0,0000000,9,42,9,46,10,19,0,0,0,1,0
13,131094,2,2,0,0,0,2,2,121,0,15,6,2013,7,23,43,0,14,3,SR-279,,27,99.99990000,999.99990000,0,12,6,0,8,1,1,1,3,1,0,1,0,0000000,23,43,23,49,0,36,0,0,0,1,1
15,150001,2,2,0,0,0,4,4,9,2900,1,1,2013,3,18,15,0,14,3,SR-3400,CR-WAHINEPIO AVENUE,4,20.89384167,-156.4778472,0,12,6,0,2,3,0,1,5,2,10,2,0,0000000,18,16,18,21,18,35,0,0,0,1,1
15,150002,1,1,0,0,0,1,1,3,2400,2,1,2013,4,14,58,1,11,1,I-H-1 OFFRAMP,SR-7601,99999,21.29058611,-157.8167667,0,58,0,1,5,1,0,1,1,2,0,2,0,0000000,15,5,15,12,15,41,0,0,0,1,1
15,150003,1,1,0,1,1,1,1,3,9200,4,1,2013,6,5,10,1,2,3,SR-93,,99999,21.35321667,-158.1297722,0,8,0,0,1,1,0,1,2,1,0,1,0,0000000,5,11,5,23,6,5,0,0,0,1,0
15,150004,1,1,0,1,1,3,3,3,3000,5,1,2013,7,6,40,0,16,4,CR-KANEOHE BAY DRIVE,,0,21.405825,-157.7896306,0,8,0,0,1,1,0,1,4,2,0,2,0,0000000,6,44,6,49,7,7,0,0,0,1,0
15,150005,1,1,0,0,0,8,8,1,3002,9,1,2013,4,17,50,0,3,3,SR-190,,325,19.72990833,-155.9787917,0,5,0,0,4,1,0,1,5,1,0,1,0,0000000,88,88,88,88,88,88,0,0,0,1,0
15,150006,1,1,0,1,1,1,1,3,9400,10,1,2013,5,1,5,1,13,3,SR-72,,99999,21.34766667,-157.719675,0,8,0,0,1,1,0,1,3,1,0,1,0,0000000,1,7,1,11,1,42,0,0,0,1,0
15,150007,2,2,0,0,0,3,3,3,2400,10,1,2013,5,8,53,1,12,3,SR-61,,99999,21.36445278,-157.7966,0,12,9,0,7,1,0,1,1,10,0,10,0,0000000,8,57,9,13,9,26,0,0,0,1,0
15,150008,1,1,0,0,0,2,2,1,9991,15,1,2013,3,1,15,0,3,3,SR-11,,271,19.42401667,-155.2369472,0,30,0,0,1,1,0,4,2,2,10,2,0,0000000,1,24,1,52,2,31,0,0,0,1,1
15,150009,4,4,0,0,0,7,7,3,8200,20,1,2013,1,17,15,1,1,1,I-H-1,,99999,21.39128611,-157.9617222,0,12,1,1,18,1,0,1,1,1,0,1,0,0000000,17,28,17,36,18,12,23,0,0,1,0
15,150010,2,2,0,0,0,5,5,1,7600,23,1,2013,4,10,17,0,3,3,SR-11,,550,19.15815,-155.5052556,0,12,2,0,1,1,0,1,1,1,0,1,0,0000000,10,17,10,36,88,88,0,0,0,4,1
15,150011,2,2,0,0,0,5,5,3,2400,26,1,2013,7,23,23,0,15,4,CR-7441,CR-MACHADO STREET,0,21.34483056,-157.8636,0,12,6,0,2,2,0,1,3,1,0,1,0,0000000,23,25,23,37,0,3,0,0,0,1,1
15,150012,2,2,0,0,0,3,3,1,300,28,1,2013,2,19,32,0,13,3,SR-11,CR-MISSION ROAD,1090,19.4824,-155.9001583,0,12,1,0,2,3,0,1,2,1,0,1,0,0000000,19,32,19,36,19,54,3,0,0,1,1
15,150013,1,1,0,1,1,1,1,3,9600,30,1,2013,4,5,57,0,15,4,CR-7170,CR-PULOKU STREET,0,21.39314722,-158.00785,0,8,0,0,3,3,0,1,4,1,0,1,0,0000000,6,0,6,11,6,56,0,0,0,1,0
15,150014,2,2,0,0,0,3,3,3,9600,31,1,2013,5,21,42,1,11,1,I-H-1,,99999,21.395575,-157.9836361,0,5,0,0,1,1,0,1,3,1,0,1,0,0000000,21,45,21,55,88,88,0,0,0,1,0
15,150015,1,1,0,1,1,1,1,3,100,1,2,2013,6,8,50,0,16,4,CR-KUPUWAO PLACE,CR-KUPUKUPU STREET,0,21.40363056,-157.9437722,0,8,0,0,2,3,0,1,1,1,0,1,0,0000000,8,53,9,1,9,36,0,0,0,1,0
15,150016,3,3,0,0,0,10,10,3,6900,3,2,2013,1,20,22,1,2,3,SR-93,,99999,21.36363056,-158.1329417,0,12,8,0,1,1,0,1,2,1,0,1,0,0000000,20,22,20,34,21,13,0,0,0,1,1
15,150017,2,2,0,0,0,3,3,7,3600,6,2,2013,4,13,50,1,13,3,SR-56,,93,22.086725,-159.3088861,0,12,6,0,1,1,0,1,1,1,0,1,0,0000000,13,55,13,59,15,20,0,0,0,1,0
15,150018,1,1,0,1,1,1,1,3,2400,7,2,2013,5,15,45,0,13,4,CR-7402,CR-RIVER STREET,0,21.3136,-157.86425,0,8,0,0,3,2,0,1,1,1,0,1,0,0000000,15,45,15,49,16,4,0,0,0,1,0
15,150019,2,2,0,0,0,2,2,1,1800,9,2,2013,7,14,56,0,3,3,SR-270,,169,20.21536389,-155.885925,0,12,7,0,1,1,0,1,1,1,0,1,0,0000000,14,55,15,7,88,88,0,0,0,1,0
15,150020,1,1,0,0,0,1,1,3,2400,22,2,2013,6,0,15,1,1,1,I-H-1 PUNCHBOWL ONRAMP,,99999,21.31278056,-157.8530333,0,24,0,1,5,1,0,4,3,2,0,2,0,0000000,0,16,0,22,0,37,0,0,0,1,1
15,150021,1,1,0,1,1,1,1,1,4300,28,2,2013,5,1,6,0,3,3,SR-11,,99999,19.52411389,-155.9220833,0,8,0,0,1,1,0,2,2,1,0,1,0,0000000,1,33,1,41,88,88,0,0,0,1,0
15,150022,2,2,0,0,0,2,2,3,2400,3,3,2013,1,13,0,0,16,4,CR-THURSTON AVENUE,,0,21.30688056,-157.8449583,0,12,6,0,8,1,0,1,1,1,0,1,0,0000000,13,3,13,10,13,28,0,0,0,1,0
15,150023,1,1,0,1,1,2,2,9,4800,4,3,2013,2,16,30,1,14,3,SR-31,CR-3170,25,20.75648333,-156.4479778,0,8,0,0,3,3,0,1,1,1,0,1,0,0000000,16,30,16,38,88,88,0,0,0,1,0
15,150024,1,1,0,0,0,1,1,9,9300,13,3,2013,4,10,22,0,16,4,CR-KAUNA LIPO DRIVE,CR-MAKA HOU LOOP,0,20.87045,-156.5090833,0,33,0,0,3,3,0,4,1,1,0,1,0,0000000,10,23,10,29,88,88,0,0,0,1,1
15,150025,1,1,0,0,0,1,1,3,3627,15,3,2013,6,12,8,0,15,4,CR-8910,,0,21.34653889,-158.1234111,0,38,0,1,5,1,0,4,1,1,0,1,0,0000000,12,11,12,19,12,48,0,0,0,1,0
15,150026,1,1,0,1,1,1,1,7,6200,16,3,2013,7,8,55,0,2,3,SR-50,,30,21.96301944,-159.4131944,0,8,0,0,1,1,0,2,1,1,0,1,0,0000000,9,15,9,19,88,88,0,0,0,1,0
15,150027,1,1,0,1,1,2,2,1,1900,16,3,2013,7,21,35,1,14,3,SR-19,CR-PUKIHAE STREET,99999,19.73053889,-155.0888917,0,8,0,0,3,3,0,2,3,1,0,1,0,0000000,21,38,21,45,21,55,0,0,0,1,0
15,150028,2,2,0,0,0,2,2,3,2400,18,3,2013,2,4,5,0,13,3,SR-92,CR-VALKENBURGH STREET,99999,21.33994444,-157.9301944,0,12,6,0,2,2,0,1,3,1,0,1,0,0000000,4,6,4,17,4,39,0,0,0,1,0
15,150029,1,1,0,1,1,1,1,3,2400,20,3,2013,4,19,30,0,13,4,CR-7503,,0,21.29699167,-157.850925,0,8,0,0,1,1,0,1,2,1,0,1,0,0000000,19,35,19,39,19,55,0,0,0,1,0
15,150030,1,1,0,0,0,1,1,1,300,21,3,2013,5,20,55,0,6,4,CR-PAINTED CHURCH ROAD,,0,99.99990000,999.99990000,0,35,0,0,1,1,0,4,2,1,0,1,0,0000000,21,6,21,21,88,88,2,0,0,1,1
15,150031,1,1,0,0,0,1,1,9,5600,24,3,2013,1,2,34,1,2,3,SR-30,,162,20.83033611,-156.6374167,0,1,0,0,1,1,0,1,2,10,0,10,0,0000000,2,36,2,49,88,88,0,0,0,1,0
15,150032,1,1,0,0,0,1,1,3,2400,25,3,2013,2,23,40,0,12,3,SR-63,,99999,21.37524444,-157.8198944,0,24,0,0,1,1,0,4,3,2,0,2,0,0000000,23,44,23,53,88,88,0,0,0,1,1
15,150033,1,1,0,1,1,1,1,3,2400,5,4,2013,6,12,30,0,14,4,CR-7810,CR-HERBERT STREET,0,21.27699167,-157.8144583,0,8,0,0,3,3,0,1,1,1,0,1,0,0000000,12,30,12,37,13,0,0,0,0,1,0
15,150034,1,1,0,0,0,2,2,3,2400,12,4,2013,6,2,39,1,13,3,SR-72,,99999,21.28930278,-157.6676222,0,5,0,0,1,1,0,1,2,1,0,1,0,0000000,2,42,2,50,88,88,0,0,0,1,0
15,150035,1,1,0,1,1,1,1,1,6700,17,4,2013,4,3,5,0,3,3,SR-11,,78,19.61749722,-155.0446444,0,8,0,0,1,1,0,1,2,10,0,10,0,0000000,99,99,99,99,99,99,0,0,0,1,0
15,150039,1,1,0,0,0,1,1,9,7800,27,4,2013,7,10,42,0,4,4,CR-390,,0,20.90587222,-156.3736806,0,44,0,0,1,1,0,1,1,1,0,1,0,0000000,10,44,10,58,11,26,3,0,0,1,0
15,150040,1,1,0,0,0,1,1,3,3000,28,4,2013,1,12,5,1,11,1,I-H-3,,99999,21.38499722,-157.7880583,0,24,0,0,1,1,0,3,1,1,0,1,0,0000000,12,13,12,30,88,88,0,0,0,1,0
15,150041,1,1,0,1,1,1,1,9,5600,4,5,2013,7,12,14,0,3,3,SR-30,KAPUNAKEA STREET,219,20.88753889,-156.68305,0,9,0,0,2,2,0,1,1,1,0,1,0,0000000,12,15,12,26,88,88,0,0,0,1,0
15,150042,1,1,0,0,0,3,3,3,2400,5,5,2013,1,0,25,1,12,3,SR-61,,99999,21.34975278,-157.8250194,0,30,0,0,1,1,0,3,3,2,0,2,0,0000000,0,38,0,45,1,11,0,0,0,2,1
15,150043,2,2,0,0,0,2,2,3,3627,7,5,2013,3,9,35,0,16,4,CR-ROOSEVELT AVENUE,,0,21.33149444,-158.0478167,0,12,2,0,1,1,0,1,1,1,0,1,0,0000000,9,38,9,47,88,88,0,0,0,1,0
15,150044,1,1,0,0,0,1,1,1,3400,7,5,2013,3,19,57,0,6,4,CR-NORTH KANIKU DRIVE,,0,99.99990000,999.99990000,0,42,0,0,1,1,0,6,3,1,0,1,0,0000000,19,58,20,15,88,88,2,0,0,1,1
15,150045,3,3,0,0,0,6,6,9,5600,9,5,2013,5,11,11,1,2,3,SR-30,,117,99.99990000,999.99990000,0,12,2,0,1,1,0,1,1,1,0,1,0,0000000,11,11,11,24,12,10,14,0,0,1,0
15,150046,1,1,0,1,1,1,1,9,3900,9,5,2013,5,14,8,0,4,3,SR-450,,11,21.08344722,-157.0087528,0,15,0,0,1,1,0,1,1,1,0,1,0,0000000,14,22,14,22,14,34,0,0,0,1,0
15,150047,1,1,0,1,1,2,2,1,8850,11,5,2013,7,19,39,0,3,3,SR-11,,204,19.48551944,-155.1533111,0,8,0,0,1,1,0,1,2,2,5,2,0,0000000,19,40,19,53,20,53,0,0,0,1,0
15,150048,1,1,0,0,0,1,1,3,6625,26,5,2013,1,6,0,1,12,3,SR-99,,99999,21.46396667,-158.0239611,0,34,0,0,1,1,0,4,1,1,0,1,0,0000000,7,13,7,14,88,88,0,0,0,1,1
15,150049,1,1,0,0,0,2,2,1,3002,28,5,2013,3,14,45,1,2,3,SR-19,,789,19.89687222,-155.891625,0,1,0,0,1,1,0,4,1,1,0,1,0,0000000,14,49,15,10,15,29,0,0,0,2,0
15,150050,4,1,3,0,0,1,1,1,3002,1,6,2013,7,12,0,0,4,4,CR-198,,0,99.99990000,999.99990000,0,1,0,0,1,1,0,4,1,1,0,1,0,0000000,12,4,12,14,88,88,14,0,0,1,0
15,150051,1,1,0,0,0,1,1,3,501,2,6,2013,1,0,15,0,16,4,CR-WEST LOCK DRIVE,,0,21.34237222,-158.0025417,0,1,0,0,1,1,0,1,3,1,0,1,0,0000000,0,21,0,38,88,88,0,0,0,1,1
15,150052,2,2,0,0,0,3,3,3,2400,2,6,2013,1,11,55,1,13,3,SR-72,,99999,21.30419444,-157.6566639,0,12,2,0,1,1,0,1,1,1,0,1,0,0000000,11,59,12,12,12,43,0,0,0,2,0
15,150053,2,1,1,0,1,2,3,1,3002,5,6,2013,4,20,20,1,13,3,SR-19,,1000,19.64761944,-155.9959444,0,45,0,0,1,1,4,1,3,1,0,1,0,0000000,20,23,20,27,20,58,0,0,0,1,1
15,150054,1,1,0,0,0,1,1,3,9200,8,6,2013,7,20,2,0,15,4,CR-8542,,0,21.46418611,-158.1606639,0,11,0,0,1,1,0,1,3,1,0,1,0,0000000,20,2,20,11,21,3,0,0,0,1,0
15,150055,1,1,0,0,0,15,15,3,9200,15,6,2013,7,0,4,0,3,3,SR-93,,177,99.99990000,999.99990000,0,25,0,0,1,1,0,4,2,1,0,1,0,0000000,0,6,0,12,2,21,0,0,0,1,0
15,150056,2,1,1,0,0,2,2,1,1900,15,6,2013,7,23,9,0,15,4,CR-1370,,0,99.99990000,999.99990000,0,30,0,0,1,1,0,4,2,2,0,2,0,0000000,23,5,23,20,99,99,14,0,0,1,1
15,150057,1,1,0,0,0,1,1,9,9995,20,6,2013,5,19,58,0,16,4,CR-MAPU PLACE,,0,20.702975,-156.4317167,0,18,0,0,1,1,0,4,2,1,0,1,0,0000000,19,58,20,10,20,35,0,0,0,1,1
15,150058,1,1,0,1,1,1,1,3,2400,6,7,2013,7,22,35,1,12,3,SR-61,,60,21.36521389,-157.7950833,0,8,0,0,1,1,0,1,2,1,0,1,0,0000000,22,35,22,38,23,6,0,0,0,1,0
15,150059,1,1,0,1,1,4,4,1,1900,9,7,2013,3,20,59,1,14,3,SR-19,CR-KALAKAUA STREET,99999,19.72589167,-155.0862222,0,8,0,0,3,3,0,1,2,1,0,1,0,0000000,20,58,21,6,21,24,0,0,0,1,0
15,150060,1,1,0,0,0,1,1,3,2400,14,7,2013,1,7,6,0,16,4,CR-WOODLAWN DRIVE,,0,21.31955556,-157.7978861,0,33,0,0,1,1,0,4,1,1,0,1,0,0000000,7,12,7,24,7,47,0,0,0,1,0
15,150061,1,1,0,1,1,1,1,3,8200,17,7,2013,4,0,40,0,16,4,CR-AUHUHU STREET,,0,21.42826389,-157.9451917,0,8,0,0,1,1,0,1,3,1,0,1,0,0000000,0,47,0,57,1,40,0,0,0,1,0
15,150062,1,1,0,1,1,1,1,3,2400,18,7,2013,5,22,56,1,13,3,SR-92,CR-KAMAKEE STREET,99999,21.29305556,-157.8539167,0,8,0,0,2,2,0,1,3,1,0,1,0,0000000,22,55,23,0,23,19,0,0,0,1,0
15,150063,2,2,0,0,0,2,2,7,9275,20,7,2013,7,17,5,1,13,3,SR-56,CR-LANIKAI STREET,63,22.05283611,-159.3328167,0,12,6,0,2,3,0,1,1,1,0,1,0,0000000,17,12,17,17,17,41,0,0,0,1,0
15,150064,2,2,0,0,0,3,3,9,6950,25,7,2013,5,20,17,0,4,4,CR-3080,,0,20.97193056,-156.6785861,0,12,2,0,1,1,0,1,2,1,0,1,0,0000000,20,19,20,49,21,17,0,0,0,1,1
15,150065,1,1,0,0,0,2,2,3,2400,22,5,2013,4,10,25,1,12,3,SR-61,,99999,21.33868056,-157.8363722,0,38,0,0,1,1,0,4,1,1,0,1,0,0000000,10,28,10,38,10,55,0,0,0,1,0
15,150066,1,1,0,0,0,2,2,1,6700,7,8,2013,4,15,43,0,6,4,CR-NORTH GLENWOOD ROAD,,0,19.49036111,-155.159175,0,30,0,0,1,1,0,4,1,1,0,1,0,0000000,15,44,15,50,88,88,2,0,0,2,1
15,150067,1,1,0,0,0,2,2,9,9250,11,8,2013,1,22,49,0,6,4,CR-OMILU STREET,CR-LIMU ELEELE STREET,0,20.92994722,-156.5076528,0,1,0,0,2,2,0,1,3,1,0,1,0,0000000,22,50,23,0,23,24,0,0,0,1,1
15,150068,1,1,0,0,0,1,1,3,2400,18,8,2013,1,4,10,1,12,3,SR-63,,60,21.37527222,-157.8197556,0,24,0,0,1,1,0,3,3,1,0,1,0,0000000,4,14,4,23,88,88,0,0,0,1,1
15,150069,1,1,0,1,1,1,1,3,3500,20,8,2013,3,2,50,0,16,4,CR-APAPANE STREET,,0,21.39521944,-157.8004194,0,15,0,0,1,1,0,1,2,1,0,1,0,0000000,2,36,2,44,3,15,16,0,0,1,0
15,150070,1,1,0,0,0,2,2,3,2400,22,8,2013,5,2,59,1,12,3,SR-63,,99999,21.35316667,-157.8602278,0,34,0,0,1,1,0,4,3,1,0,1,0,0000000,2,58,3,5,3,22,0,0,0,1,1
15,150071,1,1,0,0,0,1,1,3,3500,25,8,2013,1,12,47,1,11,1,I-H-3,,99999,21.39488611,-157.8115583,0,24,0,1,5,1,0,4,1,10,0,10,0,0000000,12,50,12,59,88,88,0,0,0,1,0
15,150073,1,1,0,0,0,1,1,3,501,8,9,2013,1,23,5,0,14,4,CR-KAPOLEI PARKWAY,,0,21.31426944,-158.0202083,0,33,0,0,1,1,0,4,6,1,0,1,0,0000000,23,8,23,18,23,55,0,0,0,1,1
15,150074,2,2,0,0,0,2,2,3,2400,10,9,2013,3,18,17,1,12,3,SR-72,,141,21.27410556,-157.6882167,0,12,2,0,1,1,0,1,1,1,0,1,0,0000000,18,20,18,30,18,52,0,0,0,1,1
15,150075,1,1,0,1,1,1,1,1,4150,27,9,2013,6,11,50,0,3,3,SR-11,,80,99.99990000,999.99990000,0,9,0,0,1,1,0,2,1,1,0,1,0,0000000,11,55,12,0,12,32,0,0,0,1,0
15,150076,1,1,0,1,1,1,1,1,4600,29,9,2013,1,2,53,0,13,3,SR-11,,1146,19.55783056,-155.9388889,0,8,0,0,1,1,0,1,2,1,0,1,0,0000000,2,53,2,58,88,88,0,0,0,1,1
15,150077,3,3,0,0,0,5,5,3,3627,11,10,2013,6,21,0,1,13,3,SR-93,,99999,21.33933889,-158.1011194,0,12,7,0,1,1,0,1,2,1,0,1,0,0000000,21,1,21,23,21,54,0,0,0,1,1
15,150078,1,1,0,0,0,1,1,3,3000,14,10,2013,2,7,31,1,11,1,I-H-3 ON RAMP,,99999,99.99990000,999.99990000,0,24,0,1,5,1,0,4,1,1,0,1,0,0000000,7,33,7,43,88,88,0,0,0,1,0
15,150079,1,1,0,0,0,1,1,3,3627,22,10,2013,3,16,0,1,13,3,SR-93,,99999,21.34543611,-158.1219417,0,42,0,1,19,1,0,8,1,1,0,1,0,0000000,16,6,16,12,88,88,0,0,0,1,0
15,150080,2,2,0,1,1,2,2,3,8200,23,10,2013,4,6,13,0,13,4,CR-7210,CR-KAONOHI STREET,0,21.38645833,-157.9420111,0,12,7,0,2,2,0,1,4,1,0,1,0,0000000,6,21,6,25,6,56,0,0,0,1,0
15,150081,2,2,0,0,0,2,2,9,4800,25,10,2013,6,15,45,0,15,4,CR-3100,,0,20.71493889,-156.4457778,0,12,2,0,1,1,0,1,1,1,0,1,0,0000000,15,50,15,58,99,99,0,0,0,1,0
15,150082,1,1,0,0,0,1,1,3,3000,26,10,2013,7,1,5,0,14,4,CR-6016,,0,21.40015833,-157.7479278,0,30,0,0,1,1,0,4,3,1,0,1,0,0000000,1,5,1,8,1,42,0,0,0,1,0
15,150083,3,2,1,0,0,2,2,9,9300,28,10,2013,2,15,53,0,14,3,SR-3400,CR-LINEKONA PLACE,16,20.90436389,-156.4841889,0,12,1,0,2,3,0,1,1,1,0,1,0,0000000,15,53,15,59,16,34,0,0,0,1,1
15,150084,2,2,0,0,0,4,4,9,600,2,11,2013,7,22,38,0,16,4,CR-KOKOMO ROAD,,0,20.88511667,-156.3138833,0,12,2,0,1,1,0,1,2,10,0,10,0,0000000,22,39,22,44,88,88,0,0,0,1,1
15,150085,1,1,0,0,0,1,1,3,9200,12,11,2013,3,2,0,0,4,4,CR-8755,,0,21.42404167,-158.1661889,0,43,0,0,1,1,0,4,2,1,0,1,0,0000000,2,13,2,19,88,88,0,0,0,1,1
15,150086,1,1,0,0,0,1,1,7,5100,13,11,2013,4,0,15,0,15,4,CR-530,,0,21.90696944,-159.4772972,0,59,0,0,1,1,0,4,2,10,0,10,0,0000000,15,31,15,37,88,88,0,0,0,1,1
15,150087,1,1,0,0,0,1,1,1,3400,15,11,2013,6,14,4,1,2,3,SR-19,,645,20.02231944,-155.7799611,0,43,0,0,1,1,0,4,1,1,0,1,0,0000000,14,4,14,17,88,88,0,0,0,1,0
15,150088,1,1,0,0,0,1,1,7,1300,22,11,2013,6,5,7,1,13,3,SR-56,,70,22.05785556,-159.3244861,0,42,0,0,1,1,0,4,6,99,0,99,0,0000000,88,88,88,88,88,88,0,0,0,1,1
15,150089,1,1,0,1,1,1,1,3,2400,27,11,2013,4,16,40,0,16,4,CR-ALA NAPUAA PLACE,,0,21.34468333,-157.9048167,0,8,0,0,1,1,0,1,1,1,0,1,0,0000000,16,44,16,49,17,14,0,0,0,1,0
15,150090,2,1,1,0,0,1,1,9,6300,28,11,2013,5,13,40,0,16,4,CR-PAU HANA ROAD,CR-KILIHUNE PLACE,0,20.84884444,-156.3320583,0,38,0,0,3,3,0,4,1,1,0,1,0,0000000,13,42,13,46,88,88,0,0,0,1,0
15,150091,1,1,0,0,0,2,2,1,3400,29,11,2013,6,11,30,0,3,3,SR-200,,508,19.876025,-155.6612222,0,1,0,0,1,1,0,4,1,1,0,1,0,0000000,11,25,11,52,13,48,2,0,0,1,0
15,150092,2,2,0,0,0,3,3,7,5100,3,12,2013,3,23,0,0,4,4,CR-530,CR-ALA KALANIKAUMAKA,0,21.90622778,-159.4703833,0,12,6,0,2,3,0,1,2,2,10,2,0,0000000,23,4,23,22,0,5,0,0,0,1,2
15,150093,2,1,1,0,0,1,1,3,100,13,12,2013,6,1,5,0,3,4,CR-KAAHUMANU STREET,,0,21.39843056,-157.9511056,0,14,0,0,1,1,0,7,6,1,0,1,0,0000000,1,4,1,14,1,35,0,0,0,1,1