STATE,ST_CASE,VE_TOTAL,VE_FORMS,PVH_INVL,PEDS,PERNOTMVIT,PERMVIT,PERSONS,COUNTY,CITY,DAY,MONTH,YEAR,DAY_WEEK,HOUR,MINUTE,NHS,ROAD_FNC,ROUTE,TWAY_ID,TWAY_ID2,MILEPT,LATITUDE,LONGITUD,SP_JUR,HARM_EV,MAN_COLL,RELJCT1,RELJCT2,TYP_INT,WRK_ZONE,REL_ROAD,LGT_COND,WEATHER1,WEATHER2,WEATHER,SCH_BUS,RAIL,NOT_HOUR,NOT_MIN,ARR_HOUR,ARR_MIN,HOSP_HR,HOSP_MN,CF1,CF2,CF3,FATALS,DRUNK_DR
15,150094,1,1,0,1,1,1,1,3,3627,13,12,2013,6,21,20,1,13,3,SR-93,,99999,21.345875,-158.1228833,0,8,0,1,18,1,0,1,3,1,0,1,0,0000000,21,26,21,30,88,88,0,0,0,1,0
15,150095,1,1,0,1,1,1,1,9,5600,23,12,2013,2,23,54,1,14,3,SR-30,,213,20.88036667,-156.6799083,0,8,0,0,1,1,0,2,2,1,0,1,0,0000000,23,54,0,7,88,88,0,0,0,1,1
15,150096,2,2,0,0,0,8,8,3,3627,28,12,2013,7,20,30,1,2,3,SR-93,,99999,21.36616667,-158.1343556,0,12,6,0,1,1,0,1,2,1,0,1,0,0000000,20,33,20,37,21,25,0,0,0,3,1
15,150097,1,1,0,0,0,1,1,7,3600,29,12,2013,1,99,99,0,4,3,SR-580,,51,22.06563611,-159.3964083,0,42,0,0,1,1,0,4,9,99,0,99,0,0000000,10,45,11,2,88,88,0,0,0,1,0
16,160001,2,2,0,0,0,5,5,27,210,3,1,2013,5,16,18,0,4,8,OLD HWY 30,FARMWAY RD,47,43.77143333,-116.71255,0,12,6,0,2,2,0,1,1,1,0,1,0,0000000,16,19,16,29,17,23,0,0,0,2,0
16,160002,1,1,0,0,0,1,1,47,1890,5,1,2013,7,9,22,0,4,8,2300 EAST RD,3300 SOUTH RD,32,42.72509444,-114.6348139,0,42,0,0,1,1,0,4,1,1,0,1,0,0000000,9,23,9,42,88,88,0,0,0,1,0
16,160003,1,1,0,0,0,1,1,41,360,9,1,2013,4,10,9,0,4,3,SR-36,,266,42.10758056,-111.9768306,0,10,0,0,6,1,0,1,1,5,0,5,0,806091M,10,9,10,16,99,99,0,0,0,1,0
16,160004,2,2,0,0,0,2,2,47,1890,18,1,2013,6,16,38,0,4,3,SR-46,,1014,42.78558611,-114.7037833,0,12,8,0,1,1,0,1,1,1,0,1,0,0000000,16,39,16,50,99,99,0,0,0,1,0
16,160005,1,1,0,1,1,1,1,19,790,20,1,2013,1,21,0,0,14,6,LINDSAY BLVD,US 20 IC 308 WB OFF RAMP,25,43.521325,-112.0578444,0,8,0,0,1,1,0,1,2,1,0,1,0,0000000,21,4,21,13,99,99,0,0,0,1,1
16,160006,2,2,0,1,1,4,4,39,1150,24,1,2013,5,4,52,1,1,1,I-84,,1172,42.95767778,-115.3650917,0,12,1,0,1,1,0,1,2,3,2,3,0,0000000,4,53,5,8,99,99,19,23,0,1,0
16,160007,2,2,0,0,0,2,2,11,130,3,1,2013,5,9,14,1,2,2,US-26,,2959,43.28703056,-112.5208472,0,12,6,0,4,1,0,1,1,1,0,1,0,0000000,9,19,9,29,99,99,0,0,0,1,0
16,160008,1,1,0,0,0,1,1,15,9997,17,2,2013,1,14,16,0,4,8,BOGUS BASIN RD,,107,43.73053333,-116.143975,1,1,0,0,1,1,0,5,1,10,0,10,0,0000000,14,21,14,41,99,99,0,0,0,1,1
16,160009,2,2,0,1,1,1,1,57,1140,25,2,2013,2,8,45,1,2,2,US-95,,3392,46.6543,-117.0074278,0,12,8,0,1,1,0,1,1,10,0,10,0,0000000,8,51,9,0,99,99,0,0,0,1,0
16,160010,1,1,0,0,0,6,6,87,1880,19,2,2013,3,17,42,0,6,8,LARSEN RD,CLABBY RD,0,44.19546667,-116.9384778,0,5,0,0,1,1,0,1,1,1,0,1,0,0000000,17,42,17,56,99,99,0,0,0,1,0
16,160011,1,1,0,0,0,2,2,53,830,1,3,2013,6,15,58,1,1,1,I-84,,1722,42.64775556,-114.4604167,0,1,0,0,1,1,0,2,1,1,0,1,0,0000000,15,59,16,10,99,99,0,0,0,1,1
16,160012,1,1,0,0,0,2,2,57,1470,4,3,2013,2,22,30,0,9,8,GARFIELD RD,DEEP CREEK RD,0,46.98245,-116.9867556,0,1,0,0,1,1,0,1,2,1,0,1,0,0000000,22,47,22,55,99,99,0,0,0,1,1
16,160013,1,1,0,1,1,0,0,27,210,6,3,2013,4,14,28,0,14,6,HOMEDALE RD,MONTANA AVE,121,43.61877222,-116.6816917,0,8,0,0,1,1,0,2,1,1,0,1,0,0000000,14,29,14,35,99,99,23,0,0,1,0
16,160014,1,1,0,0,0,1,1,1,160,16,3,2013,7,22,24,1,12,1,I-84 IC-54 EB OFF RAMP,BROADWAY AVE,1,43.566725,-116.1992611,0,1,0,1,20,1,0,1,3,2,0,2,0,0000000,22,24,22,26,88,88,0,0,0,1,1
16,160015,1,1,0,0,0,3,3,5,400,17,3,2013,1,20,35,0,3,2,US-91,,246,42.29129444,-111.9835361,0,1,0,0,1,1,0,2,6,1,0,1,0,0000000,20,33,20,55,99,99,0,0,0,2,0
16,160016,3,3,0,0,0,10,10,7,1320,17,3,2013,1,12,30,1,2,2,US-89,,125,42.17046389,-111.3995333,0,12,2,0,1,1,0,1,1,6,11,11,0,0000000,12,30,13,0,99,99,0,0,0,1,0
16,160017,1,1,0,0,0,1,1,1,1070,19,3,2013,3,18,40,1,13,2,US-20,,355,43.66296667,-116.4490917,0,1,0,0,1,1,0,2,2,10,0,10,0,0000000,20,40,20,46,99,99,0,0,0,1,1
16,160018,2,2,0,0,0,4,4,77,1580,22,3,2013,6,17,56,0,4,3,SR-37,,575,42.59669167,-112.8835778,0,12,6,0,1,1,0,1,1,4,0,4,0,0000000,18,0,18,12,99,99,0,0,0,1,0
16,160019,1,1,0,0,0,1,1,79,860,24,3,2013,1,1,0,0,6,8,LITTLE NORTH FORK RD,COEUR D ALENE RIVER RD,0,47.61182222,-116.2427917,1,17,0,0,1,1,0,4,2,1,0,1,0,0000000,2,34,2,45,88,88,0,0,0,1,1
16,160020,1,1,0,0,0,1,1,11,535,27,3,2013,4,19,52,1,1,1,I-15,,830,43.06605833,-112.4033833,3,1,0,0,1,1,0,4,5,1,0,1,0,0000000,19,56,20,4,99,99,0,0,0,1,1
16,160021,1,1,0,0,0,1,1,17,1490,19,2,2013,3,18,53,0,4,8,BEAR PAW RD,SR-57,0,48.28420556,-116.9584861,1,17,0,0,1,1,0,6,2,10,0,10,0,0000000,18,56,19,27,99,99,0,0,0,1,0
16,160022,1,1,0,0,0,1,1,71,1020,27,3,2013,4,23,50,1,1,1,I-15,,72,42.103175,-112.2168333,0,1,0,0,1,1,0,3,2,1,0,1,0,0000000,23,50,0,6,99,99,0,0,0,1,0
16,160023,1,1,0,0,0,3,3,69,340,28,3,2013,5,19,23,0,3,8,GARDEN GULCH RD,COTTONWOOD CREEK RD,0,46.40285833,-116.6832167,0,34,0,0,1,1,0,6,2,10,0,10,0,0000000,19,23,19,41,99,99,0,0,0,2,1
16,160024,1,1,0,0,0,2,2,15,780,29,3,2013,6,22,30,0,4,8,GRIMES CREEK RD,SR-21,1037,43.77236389,-115.9778583,1,35,0,0,1,1,0,6,2,1,0,1,0,0000000,99,99,99,99,99,99,18,0,0,1,1
16,160025,1,1,0,0,0,2,2,83,1190,30,3,2013,7,19,30,0,4,8,4500 EAST RD,2900 NORTH RD,7,42.42092222,-114.1709722,0,38,0,0,1,1,0,5,1,1,0,1,0,0000000,19,30,19,40,99,99,0,0,0,1,0
16,160026,1,1,0,0,0,1,1,47,1890,7,4,2013,1,0,4,0,4,8,NIAGRA SPRINGS RD,REX LELAND HWY,1003,42.67167778,-114.7031444,0,35,0,0,1,1,0,5,2,10,0,10,0,0000000,7,32,7,52,88,88,0,0,0,1,0
16,160027,2,2,0,0,0,3,3,67,1590,15,4,2013,2,20,43,1,12,3,SR-25,,533,42.61949722,-113.6487889,0,12,6,0,4,1,0,1,2,1,0,1,0,0000000,20,43,20,48,99,99,0,0,0,1,0
16,160028,2,2,0,0,0,3,3,27,1200,5,4,2013,6,19,54,0,4,8,SOUTHSIDE BLVD,BENNETT RD,30,43.47375833,-116.5332694,0,12,6,0,2,2,0,1,1,10,0,10,0,0000000,19,55,20,5,99,99,0,0,0,1,0
16,160029,1,1,0,0,0,1,1,9,1620,18,4,2013,5,21,25,0,4,8,BENEWAH CREEK RD,WITTROCK RD,123,47.26315556,-116.736175,3,42,0,0,1,1,0,6,2,10,0,10,0,0000000,21,30,22,8,88,88,0,0,0,1,1
16,160030,1,1,0,0,0,1,1,39,9997,16,4,2013,3,17,25,0,5,8,LONG GULCH RD,RATTLESNAKE CREEK RD,0,43.56953333,-115.6819472,1,1,0,0,1,1,0,2,1,1,0,1,0,0000000,17,25,18,5,88,88,0,0,0,1,0
16,160031,1,1,0,0,0,1,1,73,185,20,4,2013,7,14,1,0,3,3,SR-51,,270,42.30870556,-115.9219417,0,38,0,0,1,1,0,6,1,1,0,1,0,0000000,88,88,88,88,88,88,0,0,0,1,1
16,160032,2,2,0,0,0,2,2,19,50,24,4,2013,4,13,20,0,16,8,AMMON RD,GARNET RD,96,43.49959167,-111.9641917,0,12,1,0,2,3,0,1,1,1,0,1,0,0000000,13,22,13,24,99,99,0,0,0,1,0
16,160033,2,2,0,0,0,2,2,55,1500,25,4,2013,5,12,22,0,3,3,SR-41,,134,47.89084444,-116.8508333,0,12,2,0,1,1,0,1,1,1,0,1,0,0000000,12,27,12,33,88,88,0,0,0,1,1
16,160034,2,2,0,0,0,2,2,55,688,25,4,2013,5,16,5,0,14,6,GOVERNMENT WAY,LANCASTER AVE,178,47.78800278,-116.7864056,0,12,6,0,2,2,0,1,1,1,0,1,0,0000000,16,6,16,9,99,99,0,0,0,1,1
16,160035,1,1,0,0,0,1,1,1,160,26,4,2013,6,20,15,0,3,3,SR-21,,88,43.53492222,-116.0865222,0,31,0,0,1,1,0,4,2,1,0,1,0,0000000,20,16,20,22,88,88,0,0,0,1,1
16,160036,2,2,0,0,0,2,2,1,160,27,4,2013,7,15,25,0,14,8,WARM SPRINGS AVE,STARCREST DR,34,43.58404444,-116.1583083,0,12,1,0,1,1,0,1,1,1,0,1,0,0000000,15,26,15,31,99,99,0,0,0,1,0
16,160037,2,2,0,0,0,2,2,55,1940,26,4,2013,6,13,16,1,2,2,US-95,,4015,47.39831944,-116.9077278,3,12,1,0,4,1,0,1,1,10,0,10,0,0000000,13,16,13,23,88,88,0,0,0,1,0
16,160038,1,1,0,0,0,1,1,9,1620,30,4,2013,3,15,15,0,3,3,SR-3,,731,47.20158056,-116.4783806,0,1,0,0,1,1,0,1,1,10,0,10,0,0000000,15,17,15,29,88,88,0,0,0,1,0
16,160039,1,1,0,0,0,1,1,57,840,30,4,2013,3,23,31,0,3,3,SR-3,,96,46.58794722,-116.6959417,0,24,0,0,1,1,0,4,2,1,0,1,0,0000000,23,31,23,36,88,88,0,0,0,1,1
16,160040,2,2,0,0,0,2,2,11,10,1,5,2013,4,12,46,0,3,3,SR-39,VANDERFORD RD,186,42.97925278,-112.8285167,0,12,1,0,2,2,0,1,1,1,0,1,0,0000000,12,48,12,54,88,88,0,0,0,1,0
16,160041,1,1,0,0,0,2,2,47,1890,3,5,2013,6,7,52,1,1,1,I-84,,1549,42.77979444,-114.7298806,0,1,0,0,1,1,0,3,1,1,0,1,0,0000000,7,53,8,11,99,99,0,0,0,1,0
16,160042,1,1,0,0,0,1,1,47,1890,9,5,2013,5,20,55,0,6,8,3400 SOUTH RD,1800 EAST RD,0,42.71031667,-114.7321556,0,30,0,0,1,1,0,4,5,1,0,1,0,0000000,20,55,21,3,99,99,0,0,0,1,0
16,160043,1,1,0,0,0,1,1,59,1630,3,5,2013,6,23,0,0,9,8,KIRTLEY CREEK RD,OLD LEMHI RD,0,45.18321667,-113.8102583,0,1,0,0,1,1,0,4,2,1,0,1,0,0000000,88,88,88,88,88,88,18,0,0,1,1
16,160044,1,1,0,1,1,1,1,1,160,6,3,2013,4,19,29,0,14,6,36TH NORTH ST,ANDERSON RD,0,43.64061667,-116.2339,0,8,0,0,2,3,0,1,2,1,0,1,0,0000000,19,29,19,32,99,99,0,0,0,1,0
16,160045,1,1,0,0,0,1,1,47,1890,11,5,2013,7,17,50,1,1,1,I-84,,1535,42.78951111,-114.7433556,0,38,0,0,1,1,0,5,1,1,0,1,0,0000000,17,52,17,56,88,88,0,0,0,1,1
16,160046,2,2,0,0,0,2,2,77,40,15,5,2013,4,8,25,0,3,3,SR-39,,55,42.81073333,-112.89495,0,12,2,0,1,1,0,1,1,1,0,1,0,0000000,8,27,8,35,99,99,0,0,0,1,0
16,160047,1,1,0,0,0,2,2,69,960,16,5,2013,5,8,22,1,2,2,US-12,,108,46.44605278,-116.8458278,0,1,0,1,5,1,0,3,1,1,0,1,0,0000000,8,24,8,36,99,99,0,0,0,1,0
16,160048,1,1,0,0,0,3,3,11,130,17,5,2013,6,13,6,1,1,1,I-15,,1006,43.296575,-112.2763028,0,35,0,0,1,1,0,3,1,10,0,10,0,0000000,13,8,13,10,99,99,0,0,0,2,0
16,160049,2,2,0,0,0,3,3,59,1045,23,5,2013,5,2,0,0,4,8,PAHSIMEROI  RD,US-93,44,44.64229722,-114.0006167,0,12,7,0,1,1,0,1,2,1,0,1,0,0000000,6,27,6,44,99,99,0,0,0,1,2
16,160050,1,1,0,0,0,1,1,39,1150,21,5,2013,3,22,2,1,2,2,US-20,,963,43.15181667,-115.6571111,0,1,0,0,1,1,0,4,2,1,0,1,0,0000000,22,2,22,11,88,88,0,0,0,1,1
16,160051,2,2,0,0,0,2,2,1,1070,24,5,2013,6,12,26,0,13,6,OVERLAND RD,LINDER RD,90,43.590075,-116.413575,0,12,2,0,2,2,0,1,1,1,0,1,0,0000000,12,26,12,37,99,99,0,0,0,1,0
16,160052,1,1,0,0,0,1,1,67,1360,27,5,2013,2,4,19,0,4,3,SR-25,,419,42.60515833,-113.8534,0,35,0,0,1,1,0,4,2,1,0,1,0,0000000,4,21,4,26,88,88,0,0,0,1,0
16,160053,2,2,0,0,0,2,2,17,1280,21,5,2013,3,7,58,0,3,3,SR-41,,298,48.059725,-117.0227194,0,12,2,0,1,1,0,1,1,10,0,10,0,0000000,7,59,8,11,99,99,0,0,0,1,0
16,160054,1,1,0,0,0,5,5,9,1420,29,5,2013,4,5,18,0,3,3,SR-5,,61,47.35214167,-116.7729944,3,1,0,0,1,1,0,1,2,1,0,1,0,0000000,5,18,5,28,99,99,0,0,0,1,0
16,160056,2,2,0,0,0,2,2,87,220,1,6,2013,7,11,20,0,4,3,SR-71,,19,44.82402222,-116.906225,0,12,8,0,1,1,0,1,1,1,0,1,0,0000000,11,34,12,15,99,99,0,0,0,1,0
16,160057,1,1,0,0,0,1,1,69,960,6,6,2013,5,12,47,1,1,2,US-95,,3205,46.48955833,-117.0254444,0,35,0,0,1,1,0,3,1,1,0,1,0,0000000,12,48,13,1,88,88,0,0,0,1,1
16,160058,2,2,0,0,0,2,2,85,230,9,6,2013,1,14,10,0,2,3,SR-55,,925,44.25153889,-116.0873694,0,12,2,0,1,1,0,1,1,1,0,1,0,0000000,14,11,14,41,88,88,0,0,0,1,0
16,160059,1,1,0,0,0,5,5,53,700,10,6,2013,2,8,26,1,1,1,I-84,,2004,42.57639444,-113.9363833,0,59,0,1,19,1,0,8,1,1,0,1,0,0000000,8,28,8,52,99,99,0,0,0,1,1
16,160060,2,2,0,0,0,2,2,9,1620,10,6,2013,2,13,3,0,3,3,SR-5,,150,47.32919444,-116.6330472,0,12,2,0,1,1,0,1,1,1,0,1,0,0000000,13,10,13,21,99,99,0,0,0,1,0
16,160061,1,1,0,0,0,1,1,29,1680,10,6,2013,2,14,48,0,4,3,SR-34,,919,42.99416389,-111.3812389,0,1,0,0,1,1,0,4,1,1,0,1,0,0000000,14,55,15,36,88,88,0,0,0,1,0
16,160062,2,2,0,0,0,2,2,55,688,10,6,2013,2,15,58,0,6,8,POPE RD,CHILCO RD,0,47.85961944,-116.74965,0,12,2,0,1,1,0,1,1,1,0,1,0,0000000,15,58,16,12,88,88,0,0,0,1,1
16,160063,1,1,0,0,0,1,1,85,1950,12,6,2013,4,11,42,0,5,8,EAST FORK CREEK RD,LICK CREEK RD,0,44.99984444,-115.6943,1,43,0,0,1,1,0,6,1,1,0,1,0,0000000,11,42,13,9,88,88,0,0,0,1,0
16,160064,1,1,0,1,1,1,1,1,570,7,6,2013,6,22,16,0,14,6,VETERANS MEMORIAL PARKWAY,ADAMS ST,22,43.63404167,-116.2459528,0,8,0,0,1,1,0,1,3,1,0,1,0,0000000,22,16,22,19,99,99,0,0,0,1,1
16,160065,2,2,0,0,0,3,3,1,160,26,5,2013,1,22,30,0,13,6,FAIRVIEW AVE,BRYSON ST,730,43.61948611,-116.3262139,0,12,6,0,2,3,0,1,2,10,0,10,0,0000000,22,37,22,41,99,99,0,0,0,1,0
16,160066,2,2,0,0,0,4,4,53,700,16,6,2013,1,14,55,1,1,1,I-84,,1998,42.57629722,-113.945325,0,1,0,0,1,1,0,3,1,1,0,1,0,0000000,14,57,15,3,99,99,0,0,0,1,0
16,160067,2,2,0,0,0,3,3,31,200,15,6,2013,7,22,15,0,14,6,BEDKE BLVD,CONANT AVE,113,42.54727778,-113.7972,0,12,2,0,2,3,0,1,3,1,0,1,0,0000000,22,15,22,22,99,99,0,0,0,1,0
16,160069,1,1,0,0,0,1,1,59,953,18,6,2013,3,15,7,0,3,3,SR-28,,1035,44.80077778,-113.5659306,0,1,0,0,1,1,0,4,1,10,0,10,0,0000000,15,16,15,28,88,88,0,0,0,1,0
16,160070,2,2,0,0,0,3,3,43,80,21,6,2013,6,12,43,1,2,2,US-20,1300 NORTH RD,3605,44.07136389,-111.4559222,0,12,6,0,2,2,0,1,1,1,0,1,0,0000000,12,43,12,44,99,99,0,0,0,1,0
16,160071,2,2,0,0,0,4,4,57,1140,21,6,2013,6,14,58,0,3,3,SR-8,,69,46.71696111,-116.9068278,0,12,8,0,1,1,0,1,1,1,0,1,0,0000000,14,58,15,5,99,99,0,0,0,1,0
16,160072,1,1,0,0,0,3,3,49,630,22,6,2013,7,1,11,0,4,8,GRANGEVILLE-SALMON RD,SR-13,36,45.89090833,-116.1101806,0,42,0,0,1,1,0,4,2,10,2,2,0,0000000,1,14,1,27,99,99,0,0,0,3,1
16,160073,1,1,0,0,0,1,1,67,720,3,7,2013,4,18,35,1,1,1,I-84,,2062,42.5686,-113.8228861,0,1,0,0,1,1,0,2,1,1,0,1,0,0000000,18,38,18,46,99,99,0,0,0,1,0
16,160074,1,1,0,0,0,3,3,3,796,27,6,2013,5,8,55,0,6,8,MORITZ LN,INDIAN VALLEY RD,0,44.56426389,-116.4426972,0,5,0,0,1,1,0,1,1,1,0,1,0,0000000,8,59,9,8,99,99,0,0,0,1,0
16,160075,1,1,0,0,0,2,2,27,1200,2,7,2013,3,23,2,0,16,6,HAPPY VALLEY RD,GALLERIA DR,0,43.59770833,-116.5131861,0,33,0,0,1,1,0,4,3,1,0,1,0,0000000,23,4,23,12,88,88,0,0,0,2,0
16,160076,1,1,0,0,0,1,1,59,9997,5,7,2013,6,13,39,1,2,2,US-93,,2683,44.73595833,-114.0028,0,11,0,0,1,1,0,1,1,1,0,1,0,0000000,13,47,14,9,88,88,0,0,0,1,0
16,160077,2,2,0,0,0,3,3,57,370,3,7,2013,4,9,15,0,4,3,SR-9,,9,46.80841389,-116.5830083,0,12,6,0,4,1,0,1,1,1,0,1,0,0000000,9,27,9,44,99,99,0,0,0,1,0
16,160078,1,1,0,0,0,1,1,75,560,8,7,2013,2,7,14,1,1,1,I-84 RAMP,,30,43.97107778,-116.9128639,0,1,0,1,5,1,0,1,1,1,0,1,0,0000000,7,15,7,22,88,88,0,0,0,1,0
16,160079,1,1,0,0,0,2,2,49,465,14,7,2013,1,13,14,0,6,8,RED RIVER RD,DIXIE RD,0,45.72826111,-115.3196306,0,1,0,0,1,1,0,1,1,1,0,1,0,0000000,13,19,13,40,99,99,0,0,0,1,0
16,160080,1,1,0,0,0,1,1,49,1550,1,7,2013,2,9,40,0,9,8,ALLISON CREEK RD,SALMON RIVER RD,0,45.49073333,-116.1621361,1,43,0,0,1,1,0,6,1,1,0,1,0,0000000,10,40,11,50,88,88,0,0,0,1,1
16,160081,1,1,0,0,0,1,1,55,1500,14,7,2013,1,0,35,0,4,8,RAMSEY RD,DIAGONAL RD,0,47.86381111,-116.8082389,0,26,0,0,6,1,0,1,2,1,0,1,0,058862X,0,43,0,55,88,88,0,0,0,1,0
16,160082,1,1,0,0,0,1,1,85,925,15,7,2013,2,18,49,1,2,3,SR-55,,1352,44.78291667,-116.0766944,0,1,0,0,1,1,0,4,1,1,0,1,0,0000000,18,50,18,56,99,99,0,0,0,1,1
16,160083,2,2,0,0,0,3,3,49,1915,15,7,2013,2,16,39,1,2,2,US-95,,2235,45.75306389,-116.3067583,0,12,7,0,1,1,0,1,1,1,0,1,0,0000000,16,41,17,4,99,99,0,0,0,2,0
16,160084,1,1,0,0,0,1,1,35,470,5,7,2013,6,17,12,0,4,3,SR-8,,512,46.76780556,-116.1980417,0,1,0,0,1,1,0,4,1,1,0,1,0,0000000,16,28,16,40,99,99,0,0,0,1,0
16,160085,2,2,0,0,0,2,2,3,1220,17,7,2013,4,16,4,1,2,2,US-95,LOST VALLEY RESERVOIR RD,1526,44.938675,-116.3817889,0,12,6,0,2,3,0,1,1,1,0,1,0,0000000,16,4,16,18,99,99,0,0,0,1,0
16,160086,1,1,0,0,0,1,1,57,870,25,7,2013,5,7,39,0,4,8,SOUTHWICK RD,MUSTOE RD,0,46.598475,-116.5164361,0,1,0,0,1,1,0,4,1,1,0,1,0,0000000,7,40,8,0,88,88,0,0,0,1,0
16,160087,1,1,0,0,0,2,2,29,1680,27,7,2013,7,18,51,0,5,8,SLUG CREEK RD,TRAIL CREEK RD,0,42.67443611,-111.3392472,0,1,0,0,1,1,0,4,1,1,0,1,0,0000000,18,57,19,48,99,99,0,0,0,1,1
16,160088,1,1,0,0,0,1,1,13,225,27,7,2013,7,11,34,1,2,2,US-20,,1941,43.29392778,-113.9777028,0,1,0,0,1,1,0,4,1,1,0,1,0,0000000,11,38,11,47,88,88,0,0,0,1,0
16,160089,1,1,0,0,0,1,1,39,1150,22,7,2013,2,23,36,0,14,6,OLD US-30,AGUIRE RD,0,43.10786111,-115.6774306,0,34,0,0,1,1,0,5,2,1,0,1,0,0000000,23,37,23,40,88,88,0,0,0,1,0
16,160090,2,2,0,0,0,9,9,27,1200,10,7,2013,4,16,48,0,14,6,ORCHARD AVE,LAKE AVE,35,43.59008889,-116.6529167,0,12,6,0,2,2,0,1,1,1,0,1,0,0000000,16,31,16,35,99,99,0,0,0,1,0
16,160091,3,3,0,0,0,7,7,29,1680,21,7,2013,1,16,28,0,4,3,SR-34,,1063,42.980225,-111.1664056,1,12,8,0,1,1,0,1,1,1,0,1,0,0000000,16,28,17,9,99,99,0,0,0,2,0
16,160092,2,2,0,0,0,4,4,1,160,22,6,2013,7,15,12,1,13,3,SR-21,GRAND FOREST WAY,7,43.5405,-116.14795,0,12,6,0,2,2,0,1,1,1,0,1,0,0000000,15,15,15,17,99,99,0,0,0,1,0
16,160093,1,1,0,0,0,6,6,73,622,6,7,2013,7,3,0,0,9,8,BLUE CREEK RD,BIA-902 RD,0,42.03542778,-116.2010194,3,17,0,0,1,1,0,6,2,1,0,1,0,0000000,7,54,8,14,99,99,0,0,0,1,0
16,160094,1,1,0,0,0,2,2,83,1830,14,7,2013,1,19,42,0,6,8,2800 EAST RD,3400 NORTH RD,0,42.48415556,-114.5066778,0,1,0,0,1,1,0,1,1,1,0,1,0,0000000,19,44,19,54,99,99,0,0,0,1,1
16,160095,1,1,0,0,0,3,3,47,1890,27,7,2013,7,21,23,0,9,8,1600 EAST RD,2800 SOUTH RD,0,42.79751944,-114.7714333,0,35,0,0,1,1,0,6,2,1,0,1,0,0000000,21,29,21,35,99,99,0,0,0,1,0
16,160096,1,1,0,0,0,1,1,13,225,24,7,2013,4,12,52,1,2,2,US-26,FISH CREEK RESIVOIR RD,2120,43.43843056,-113.6081194,1,1,0,0,1,1,0,2,1,1,0,1,0,0000000,12,52,13,33,99,99,0,0,0,1,0
16,160097,2,2,0,0,0,2,2,55,300,25,7,2013,5,19,55,1,2,2,US-95,,4218,47.60448611,-116.8806694,0,12,8,0,1,1,0,1,5,1,0,1,0,0000000,20,0,20,10,99,99,0,0,0,1,0
16,160098,1,1,0,0,0,3,3,49,1750,24,7,2013,4,20,48,0,3,3,SR-13,,235,46.10963056,-115.9794917,3,1,0,0,1,1,0,1,6,1,0,1,0,0000000,20,59,21,21,99,99,0,0,0,1,1
16,160099,1,1,0,0,0,1,1,43,80,26,7,2013,6,17,25,0,9,8,HORSE SHOE LAKE RD,CAVE FALLS RD,0,44.14292222,-111.1153361,1,1,0,0,1,1,0,2,1,1,0,1,0,0000000,17,37,18,22,88,88,0,0,0,1,1
16,160100,1,1,0,1,1,1,1,1,160,27,7,2013,7,1,13,1,13,2,US-20,8TH ST,488,43.61408056,-116.2049333,0,8,0,0,2,3,0,1,3,1,0,1,0,0000000,1,13,1,16,99,99,16,0,0,1,0
16,160101,1,1,0,0,0,5,5,51,1540,5,7,2013,6,14,25,0,4,3,SR-48,150 NORTH RD,218,43.65095,-111.8043861,0,7,0,0,1,1,0,1,1,1,0,1,0,0000000,14,32,15,7,99,99,0,0,0,1,0
16,160102,1,1,0,0,0,5,5,35,1400,2,7,2013,3,16,58,0,5,8,FS 250,SR-11,0,46.65556389,-115.3988472,1,1,0,0,1,1,0,5,1,1,0,1,0,0000000,16,58,18,23,99,99,0,0,0,1,0
16,160103,2,2,0,0,0,2,2,47,610,1,8,2013,5,6,52,0,4,3,SR-46,,1074,42.87296944,-114.7126389,0,12,2,0,1,1,0,1,4,1,0,1,0,0000000,6,53,6,59,99,99,0,0,0,1,0
16,160104,2,2,0,0,0,2,2,3,1220,1,8,2013,5,12,40,1,2,2,US-95,,1733,45.14330556,-116.2884806,0,12,6,0,1,1,0,1,1,2,10,2,0,0000000,12,53,12,59,99,99,0,0,0,1,0
16,160105,1,1,0,0,0,1,1,39,1150,3,8,2013,7,19,45,1,12,1,I-84,,922,43.1647,-115.7087583,0,1,0,0,1,1,0,3,1,1,0,1,0,0000000,19,44,19,50,99,99,0,0,0,1,0
16,160106,1,1,0,1,1,1,1,13,880,6,8,2013,3,15,39,0,3,3,SR-75,4TH EAST ST,1284,43.68111111,-114.3648333,0,9,0,0,3,2,0,1,1,1,0,1,0,0000000,15,40,15,53,88,88,16,0,0,1,0
16,160107,2,2,0,0,0,2,2,27,1260,7,8,2013,4,15,41,0,4,8,MARKET RD,CONWAY RD,1072,43.77815833,-116.7852889,0,12,1,0,1,1,2,1,1,10,0,10,0,0000000,15,41,15,56,99,99,3,0,0,1,0
16,160108,3,3,0,0,0,4,4,27,1260,9,8,2013,6,17,3,1,2,2,US-20,WILSON LN,185,43.71043889,-116.7577056,0,12,1,0,3,3,0,1,1,1,0,1,0,0000000,17,5,17,13,99,99,0,0,0,1,0