STATE,ST_CASE,VE_TOTAL,VE_FORMS,PVH_INVL,PEDS,PERNOTMVIT,PERMVIT,PERSONS,COUNTY,CITY,DAY,MONTH,YEAR,DAY_WEEK,HOUR,MINUTE,NHS,ROAD_FNC,ROUTE,TWAY_ID,TWAY_ID2,MILEPT,LATITUDE,LONGITUD,SP_JUR,HARM_EV,MAN_COLL,RELJCT1,RELJCT2,TYP_INT,WRK_ZONE,REL_ROAD,LGT_COND,WEATHER1,WEATHER2,WEATHER,SCH_BUS,RAIL,NOT_HOUR,NOT_MIN,ARR_HOUR,ARR_MIN,HOSP_HR,HOSP_MN,CF1,CF2,CF3,FATALS,DRUNK_DR
16,160109,1,1,0,0,0,1,1,79,208,9,8,2013,6,21,15,0,4,8,ST.-JOE RIVER RD,CALDER,241,47.26857222,-116.1692306,0,35,0,0,1,1,0,6,2,1,0,1,0,0000000,21,21,21,51,88,88,0,0,0,1,0
16,160110,1,1,0,0,0,1,1,17,440,11,8,2013,1,0,8,0,3,3,SR-200,,464,48.23808056,-116.2896806,0,42,0,0,1,1,0,6,2,1,0,1,0,0000000,0,13,0,23,88,88,0,0,0,1,0
16,160111,2,2,0,0,0,2,2,83,1830,17,8,2013,7,17,58,0,6,8,3200 EAST RD,3700 NORTH RD,0,42.53617222,-114.4211056,0,12,8,0,1,1,0,1,1,1,0,1,0,0000000,17,58,18,3,88,88,0,0,0,1,1
16,160112,1,1,0,0,0,4,4,11,130,17,8,2013,7,1,39,0,9,8,MCTUCKER POND BOAT ACCESS RD,1075 SOUTH RD,0,43.03826667,-112.6548389,0,1,0,0,1,1,0,5,2,1,0,1,0,0000000,1,45,2,1,99,99,0,0,0,1,1
16,160113,1,1,0,0,0,3,3,43,80,19,8,2013,2,10,59,0,6,8,4300 EAST RD,1000 NORTH RD,0,44.02411389,-111.2989278,0,5,0,0,1,1,0,1,1,1,0,1,0,0000000,88,88,88,88,88,88,0,0,0,1,0
16,160114,1,1,0,0,0,1,1,33,430,19,8,2013,2,20,20,0,4,3,SR-22,,673,44.17574167,-112.265725,0,38,0,0,1,1,0,5,2,1,0,1,0,0000000,20,20,20,46,88,88,0,0,0,1,0
16,160115,3,3,0,0,0,5,5,21,170,20,8,2013,3,17,14,1,2,2,US-95,MOUNTAIN MEADOWS RD,4980,48.57943333,-116.3868,0,12,1,0,2,3,0,1,1,1,0,1,0,0000000,17,16,17,25,99,99,0,0,0,1,0
16,160116,1,1,0,1,1,1,1,5,260,21,8,2013,4,15,14,0,16,6,REDMAN ST,DOVER ST,0,42.91459444,-112.4831472,0,8,0,0,1,1,0,1,1,1,0,1,0,0000000,15,14,15,17,99,99,0,0,0,1,0
16,160117,1,1,0,0,0,1,1,69,960,21,8,2013,4,20,30,1,2,2,US-95,,3095,46.43153333,-116.9454917,0,30,0,0,1,1,0,4,2,1,0,1,0,0000000,20,37,20,40,88,88,0,0,0,1,1
16,160118,1,1,0,0,0,1,1,27,1260,23,8,2013,6,7,50,1,2,2,US-20,,119,43.74984722,-116.8779778,0,31,0,0,1,1,0,4,1,10,0,10,0,0000000,7,53,8,3,88,88,0,0,0,1,0
16,160119,1,1,0,0,0,1,1,21,1170,23,8,2013,6,19,3,1,2,2,US-2,,708,48.72185,-116.1656083,0,42,0,0,1,1,0,4,1,1,0,1,0,0000000,19,4,19,31,88,88,0,0,0,1,1
16,160120,2,2,0,0,0,2,2,47,140,23,8,2013,6,19,18,1,1,1,I-84,,1324,42.93970278,-115.0751778,0,12,7,0,1,1,0,1,5,10,0,10,0,0000000,19,23,19,32,88,88,0,0,0,1,0
16,160121,1,1,0,0,0,1,1,39,600,11,8,2013,1,19,42,0,4,8,GRINSTONE BUTTE RD,FLINT MESA RD,1045,42.84831667,-115.2986222,0,18,0,0,1,1,0,4,1,1,0,1,0,0000000,19,43,20,5,88,88,0,0,0,1,1
16,160122,3,3,0,0,0,4,4,55,300,27,8,2013,3,16,21,0,14,6,NORTHWEST BLVD,RIVER AVE,16,47.67994444,-116.7914583,0,12,1,0,3,3,0,1,1,1,0,1,0,0000000,16,24,16,35,99,99,0,0,0,1,0
16,160123,1,1,0,0,0,2,2,77,40,28,8,2013,4,10,30,1,2,1,I-86,,371,42.76087778,-112.8662833,0,1,0,0,1,1,0,3,1,10,0,10,0,0000000,10,31,10,40,99,99,0,0,0,1,0
16,160124,2,1,1,1,1,1,1,39,600,31,8,2013,7,20,12,1,1,1,I-84,,1280,42.95519722,-115.1687333,0,8,0,0,1,1,0,1,2,1,0,1,0,0000000,20,24,20,32,99,99,23,0,0,1,0
16,160125,2,2,0,0,0,3,3,11,130,3,9,2013,3,17,55,0,3,3,SR-39,100 SOUTH RD,435,43.18274167,-112.5410694,0,12,6,0,2,2,0,1,1,2,10,2,0,0000000,18,0,18,10,99,99,0,0,0,1,0
16,160126,2,2,0,0,0,5,5,75,1230,4,9,2013,4,12,24,0,3,3,SR-52,,131,43.97253056,-116.7730861,0,12,7,0,1,1,0,1,1,1,0,1,0,0000000,12,24,12,44,99,99,0,0,0,1,0
16,160127,1,1,0,0,0,2,2,53,700,6,9,2013,6,19,29,1,1,1,I-84,,1985,42.57615278,-113.972825,0,38,0,0,1,1,0,5,1,1,0,1,0,0000000,19,30,19,45,99,99,0,0,0,1,0
16,160128,1,1,0,0,0,3,3,31,200,10,9,2013,3,2,55,1,1,1,I-84 IC-222 NW ON RAMP,I-84,1,42.57198333,-113.5201194,0,1,0,1,19,1,0,2,2,1,0,1,0,0000000,3,0,3,12,99,99,0,0,0,1,0
16,160129,2,2,0,0,0,2,2,47,610,13,9,2013,6,10,7,0,4,3,SR-46,2100 SOUTH RD,1089,42.89475278,-114.7127806,0,12,6,0,2,2,0,1,1,10,0,10,0,0000000,10,8,10,20,88,88,0,0,0,1,0
16,160130,1,1,0,0,0,2,2,55,1940,14,9,2013,7,20,42,1,2,2,US-95,,4108,47.47669444,-117.0009194,3,1,0,0,1,1,0,1,2,10,0,10,0,0000000,20,42,20,58,99,99,0,0,0,1,1
16,160131,2,2,0,0,0,4,4,53,830,16,9,2013,2,13,34,0,4,8,WEST RD,350 WEST RD,48,42.72425278,-114.5821444,0,12,8,0,1,1,0,1,1,1,0,1,0,0000000,13,35,13,50,99,99,0,0,0,1,0
16,160132,2,2,0,0,0,2,2,1,1070,16,9,2013,2,19,17,0,13,6,FRANKLIN RD,2ND ST,65,43.60469722,-116.3895667,0,12,2,0,4,1,0,1,1,1,0,1,0,0000000,19,17,19,18,99,99,0,0,0,1,0
16,160133,1,1,0,0,0,1,1,83,890,18,9,2013,4,21,8,0,6,8,3600 EAST RD,3100 NORTH RD,0,42.44654722,-114.3439861,0,11,0,0,2,2,0,1,2,1,0,1,0,0000000,21,8,21,22,88,88,0,0,0,1,0
16,160134,3,3,0,0,0,4,4,27,772,19,9,2013,5,12,3,1,2,3,SR-55,WILLIAMSON LN,49,43.57774167,-116.7923806,0,12,6,0,4,1,0,1,1,1,0,1,0,0000000,12,4,12,16,99,99,0,0,0,1,0
16,160135,1,1,0,0,0,2,2,45,1380,21,9,2013,7,1,35,0,9,8,PEARL RD,SR-55,0,43.83899167,-116.2752361,0,1,0,0,1,1,0,2,2,1,0,1,0,0000000,1,39,1,49,99,99,20,0,0,1,1
16,160136,1,1,0,0,0,3,3,5,800,22,9,2013,1,16,58,0,4,8,RAPID CREEK RD,INMAN RD,29,42.81907778,-112.2222083,0,1,0,0,1,1,0,2,1,1,0,1,0,0000000,16,58,17,12,99,99,0,0,0,1,0
16,160137,1,1,0,0,0,1,1,27,210,22,9,2013,1,17,25,0,4,8,GOODSON RD,WAGNER RD,1021,43.76455556,-116.7504,0,11,0,0,1,1,0,1,1,10,0,10,0,0000000,17,26,17,37,99,99,0,0,0,1,0
16,160138,2,2,0,0,0,2,2,53,830,24,9,2013,3,21,2,0,4,3,SR-25,US-93,40,42.7239,-114.4621917,0,12,1,0,1,1,0,1,2,1,0,1,0,0000000,21,2,21,7,88,88,0,0,0,1,0
16,160139,1,1,0,1,1,1,1,41,1480,1,10,2013,3,7,9,0,3,2,US-91,2ND NORTH ST,86,42.10035556,-111.8765694,0,8,0,0,2,2,0,1,4,10,0,10,0,0000000,7,10,7,20,99,99,0,0,0,1,0
16,160140,1,1,0,0,0,2,2,11,535,2,10,2013,4,3,16,1,1,1,I-15,,824,43.05954444,-112.4053722,3,1,0,0,1,1,0,3,2,1,0,1,0,0000000,3,19,3,27,99,99,0,0,0,1,1
16,160141,2,2,0,0,0,2,2,83,660,2,10,2013,4,7,25,0,3,2,US-30,,2289,42.53330278,-114.2721889,0,12,1,0,1,1,0,1,4,1,0,1,0,0000000,7,26,7,36,99,99,0,0,0,1,0
16,160142,2,2,0,0,0,2,2,5,260,3,10,2013,5,21,54,0,3,2,US-91,BORDING SCHOOL RD,0,43.01244444,-112.4411,3,12,6,0,2,3,0,1,2,10,0,10,0,0000000,21,54,22,0,99,99,0,0,0,1,1
16,160143,1,1,0,1,1,1,1,1,160,26,9,2013,5,0,15,0,13,8,STATE ST,31ST ST,254,43.63437778,-116.2269028,0,9,0,0,1,1,1,1,2,2,10,2,0,0000000,8,36,8,40,99,99,3,0,0,1,1
16,160144,1,1,0,1,1,1,1,1,160,4,10,2013,6,1,14,0,2,8,STATE ST,COLLISTER DR,237,43.64991111,-116.2491194,0,8,0,0,1,1,0,1,2,1,0,1,0,0000000,1,14,1,16,99,99,0,0,0,1,0
16,160145,2,2,0,1,1,2,2,19,790,23,9,2013,2,16,55,0,13,8,SUNNYSIDE RD,CHANNING WAY,33,43.46799722,-111.9901528,0,12,6,0,2,2,0,1,1,1,0,1,0,0000000,16,56,17,2,99,99,0,0,0,1,0
16,160146,1,1,0,0,0,1,1,17,1280,5,10,2013,7,14,22,1,2,2,US-2,,24,48.180375,-116.9904694,0,31,0,0,1,1,0,4,1,1,0,1,0,0000000,14,22,14,23,88,88,0,0,0,1,0
16,160147,1,1,0,1,1,1,1,83,1830,6,10,2013,1,22,28,0,3,2,US-30,,2209,42.54833889,-114.4158694,0,8,0,0,1,1,0,1,2,1,0,1,0,0000000,22,29,22,33,99,99,0,0,0,1,0
16,160148,1,1,0,1,1,1,1,1,160,7,10,2013,2,13,28,0,13,6,FEDERAL WAY,BROADWAY AVE,520,43.57547778,-116.19415,0,9,0,0,2,3,0,1,1,1,0,1,0,0000000,13,28,13,35,99,99,0,0,0,1,0
16,160149,1,1,0,0,0,1,1,19,790,7,10,2013,2,13,30,0,13,8,5 EAST RD,49 NORTH RD,29,43.548775,-112.0235306,0,38,0,0,1,1,0,5,1,1,0,1,0,0000000,13,30,13,38,99,99,0,0,0,1,0
16,160150,2,2,0,0,0,2,2,11,130,7,10,2013,2,21,46,0,4,2,US-91,,924,43.08609722,-112.4221083,3,12,2,0,1,1,0,1,2,1,0,1,0,0000000,21,45,22,13,99,99,0,0,0,1,0
16,160151,1,1,0,0,0,3,3,11,1650,10,10,2013,5,6,28,1,1,1,I-15,,1050,43.34930556,-112.2235389,0,1,0,0,1,1,0,2,2,10,0,10,0,0000000,6,22,6,30,99,99,0,0,0,1,0
16,160152,2,2,0,0,0,2,2,27,210,10,10,2013,5,9,10,0,13,2,US-20,MIDDLETON RD,272,43.66303333,-116.6131611,0,12,6,0,2,2,0,1,1,1,0,1,0,0000000,9,13,9,18,88,88,0,0,0,1,0
16,160153,1,1,0,0,0,1,1,57,1820,12,10,2013,7,21,6,0,3,3,SR-8,,115,46.72044722,-116.8204806,0,34,0,0,1,1,0,4,2,10,0,10,0,0000000,21,6,21,13,88,88,0,0,0,1,1
16,160154,2,2,0,0,0,5,5,79,860,13,10,2013,1,1,53,1,1,1,I-90,,493,47.54819444,-116.1417778,0,12,2,0,1,1,0,1,2,5,0,5,0,0000000,1,58,2,3,99,99,0,0,0,2,1
16,160155,1,1,0,0,0,1,1,15,103,12,10,2013,7,22,38,0,2,3,SR-55,,779,44.073125,-116.1187083,1,17,0,0,1,1,0,4,2,10,0,10,0,0000000,22,40,22,40,88,88,0,0,0,1,1
16,160156,2,2,0,0,0,2,2,63,1660,15,10,2013,3,14,0,1,2,2,US-93,,688,42.87017778,-114.4323917,0,12,8,0,1,1,0,1,1,1,0,1,0,0000000,13,53,13,58,99,99,0,0,0,1,0
16,160157,2,2,0,0,0,2,2,57,1140,17,10,2013,5,17,13,0,13,8,FARM RD,PULLMAN RD,7,46.732625,-117.0245222,0,12,6,0,2,2,0,1,1,1,0,1,0,0000000,17,13,17,16,99,99,0,0,0,1,0
16,160158,2,2,0,0,0,3,3,27,1920,18,10,2013,6,3,24,0,2,3,SR-19,,104,43.66883333,-116.884575,0,12,2,0,1,1,0,1,2,1,0,1,0,0000000,3,25,3,31,99,99,0,0,0,2,1
16,160159,1,1,0,0,0,2,2,39,1150,19,10,2013,7,19,44,1,2,2,US-20,,1004,43.19076111,-115.5959111,0,1,0,0,1,1,0,1,2,1,0,1,0,0000000,19,46,19,51,99,99,0,0,0,1,0
16,160160,1,1,0,0,0,1,1,27,210,20,10,2013,1,5,4,0,2,6,KARCHER RD,ASHLAND DR,111,43.60404444,-116.7024417,0,30,0,0,1,1,0,6,2,1,0,1,0,0000000,5,5,5,13,88,88,0,0,0,1,1
16,160161,2,2,0,0,0,2,2,63,1530,20,10,2013,1,14,35,1,2,2,US-26,720 NORTH RD,1807,43.040225,-114.1759722,0,12,6,0,2,4,0,1,1,1,0,1,0,0000000,14,35,14,49,88,88,0,0,0,1,0
16,160162,1,1,0,0,0,1,1,27,1200,20,10,2013,1,17,40,0,16,5,PARK DR,KINGHORN DR,0,43.57806944,-116.5871694,0,34,0,0,3,3,0,6,1,1,0,1,0,0000000,17,46,17,51,99,99,0,0,0,1,0
16,160163,1,1,0,0,0,1,1,15,573,21,10,2013,2,13,45,0,4,8,MIDDLE FORK RD,BAKER RD,1003,44.13218056,-115.9706167,0,42,0,0,1,1,0,6,1,10,0,10,0,0000000,13,48,14,30,99,99,0,0,0,1,0
16,160164,2,2,0,0,0,5,5,27,210,24,10,2013,5,16,43,0,13,6,SIMPLOT BLVD,CLEVELAND BLVD,198,43.66982778,-116.6971194,0,12,6,0,2,2,0,1,1,1,0,1,0,0000000,16,43,16,57,99,99,0,0,0,1,0
16,160165,2,2,0,0,0,3,3,5,260,27,10,2013,1,2,5,1,1,1,I-15,,775,42.98713333,-112.4173444,0,12,8,0,1,1,0,1,2,1,0,1,0,0000000,2,11,2,23,99,99,0,0,0,1,1
16,160166,1,1,0,0,0,1,1,35,1300,20,10,2013,1,1,17,0,9,8,THREE BEAR RD,RED WILLOW RD,0,46.62808611,-116.4244417,0,1,0,0,1,1,0,4,2,1,0,1,0,0000000,1,18,1,59,99,99,0,0,0,1,0
16,160167,1,1,0,0,0,1,1,45,1275,27,10,2013,1,15,15,0,6,8,3RD FORK RD,DOBSONS PASS RD,1088,44.35374444,-116.3095528,0,35,0,0,1,1,0,5,1,1,0,1,0,0000000,15,45,16,0,88,88,0,0,0,1,1
16,160168,1,1,0,0,0,2,2,1,435,1,11,2013,6,2,49,0,13,3,SR-44,,200,43.68148611,-116.3109806,0,30,0,0,1,1,0,4,2,1,0,1,0,0000000,2,51,2,54,99,99,0,0,0,1,1
16,160169,1,1,0,0,0,1,1,87,220,9,11,2013,7,13,40,0,4,3,SR-71,,288,44.574625,-116.6949222,0,24,0,0,1,1,0,4,1,1,0,1,0,0000000,13,41,13,55,99,99,0,0,0,1,1
16,160170,1,1,0,0,0,1,1,19,1560,10,11,2013,1,20,47,1,2,2,US-26,115TH EAST RD,3488,43.60868056,-111.8042417,0,59,0,0,3,2,0,5,2,1,0,1,0,0000000,88,88,88,88,88,88,18,20,0,1,1
16,160171,2,2,0,0,0,2,2,49,1550,11,11,2013,2,11,28,1,2,2,US-95,,1980,45.45592778,-116.3080889,0,12,8,0,1,1,0,1,1,1,0,1,0,0000000,11,29,11,40,88,88,0,0,0,1,1
16,160172,1,1,0,1,1,1,1,27,1200,5,11,2013,3,19,28,0,13,6,11TH NORTH AVE,3RD NORTH ST,591,43.58291667,-116.5563361,0,8,0,0,1,1,0,1,1,2,0,2,0,0000000,19,29,19,33,99,99,0,0,0,1,0
16,160173,1,1,0,1,1,2,2,69,960,16,11,2013,7,3,6,0,14,8,THAIN GRADE RD,PRIDE ROCK RD,173,46.39625278,-116.9972306,0,8,0,0,3,2,0,1,3,2,10,2,0,0000000,3,9,3,12,99,99,0,0,0,1,0
16,160174,1,1,0,0,0,3,3,83,1830,16,11,2013,7,1,46,0,16,5,FAWNBROOK CRT,FILLMORE ST,0,42.59001389,-114.4678778,0,33,0,0,1,1,0,4,3,10,0,10,0,0000000,1,49,1,56,99,99,0,0,0,1,1
16,160175,2,2,0,0,0,2,2,55,1940,16,11,2013,7,20,16,1,2,2,US-95,,4014,47.39813056,-116.8909722,0,12,6,0,1,1,0,1,2,10,0,10,0,0000000,20,16,20,34,99,99,0,0,0,1,0
16,160176,1,1,0,0,0,1,1,41,1480,17,11,2013,1,18,40,0,4,3,SR-36,,1318,42.09814722,-111.9077417,0,24,0,0,1,1,0,4,2,1,0,1,0,0000000,88,88,88,88,88,88,0,0,0,1,1
16,160177,1,1,0,0,0,2,2,51,1540,6,11,2013,4,12,30,0,9,8,3950 EAST RD,400 NORTH RD,12,43.68919444,-111.9138194,0,23,0,0,1,1,0,4,1,10,0,10,0,0000000,16,51,16,56,88,88,0,0,0,2,0
16,160178,1,1,0,0,0,1,1,37,1010,18,11,2013,2,6,36,0,9,8,ALDER CREEK RD,DOVE RD,0,43.85327222,-113.5277778,0,35,0,0,3,3,0,4,2,1,0,1,0,0000000,6,48,6,52,88,88,0,0,0,1,1
16,160179,1,1,0,0,0,1,1,7,1120,13,11,2013,4,20,40,1,2,2,US-30,,4451,42.19406111,-111.1984194,0,17,0,0,1,1,0,4,2,1,0,1,0,0000000,20,45,21,3,88,88,0,0,0,1,0
16,160180,1,1,0,0,0,1,1,27,1340,12,11,2013,3,15,28,1,2,2,US-95,ROSEWELL BLVD,474,43.79016111,-116.9494528,0,31,0,0,1,1,0,4,1,1,0,1,0,0000000,15,31,15,32,99,99,0,0,0,1,0
16,160181,1,1,0,0,0,1,1,39,600,23,11,2013,7,12,55,1,1,1,I-84,,1201,42.96133056,-115.3100528,0,25,0,1,5,1,0,5,1,1,0,1,0,0000000,12,56,13,2,88,88,0,0,0,1,0
16,160182,1,1,0,0,0,1,1,71,1734,28,11,2013,5,8,30,1,1,1,I-84,,2678,42.09078333,-112.9248389,0,1,0,0,1,1,0,1,1,1,0,1,0,0000000,8,32,8,52,88,88,0,0,0,1,0
16,160183,1,1,0,0,0,2,2,57,840,29,11,2013,6,23,36,0,4,8,GENESEE-JULIAETTA RD,LENVILLE RD,2,46.60345278,-116.7962806,0,1,0,0,1,1,0,4,2,10,0,10,0,0000000,23,46,23,58,99,99,0,0,0,1,1
16,160184,1,1,0,0,0,1,1,17,1450,27,11,2013,4,14,35,0,6,8,ELMIRA RD,US-95,0,48.48482222,-116.460225,0,10,0,0,6,1,0,1,1,1,0,1,0,058708A,14,37,14,53,88,88,0,0,0,1,0
16,160185,2,2,0,0,0,2,2,29,100,1,12,2013,1,5,2,1,2,2,US-30,,3771,42.634575,-111.9149806,0,12,8,0,1,1,0,1,2,2,0,2,0,0000000,5,9,5,19,88,88,0,0,0,1,1
16,160186,2,2,0,0,0,2,2,69,960,1,12,2013,1,4,39,0,15,6,MAIN ST,US-12,0,46.41511389,-116.9996111,0,12,6,0,2,3,0,1,3,2,0,2,0,0000000,4,40,4,44,99,99,0,0,0,1,1
16,160187,2,2,0,0,0,13,13,27,1200,5,12,2013,5,7,50,0,4,8,HAPPY VALLEY RD,DEER FLAT RD,138,43.5028,-116.5130333,0,12,6,0,2,2,0,1,4,10,0,10,1,0000000,7,54,8,3,8,38,0,0,0,1,0
16,160188,2,2,0,0,0,3,3,27,210,7,12,2013,7,9,18,1,1,1,I-84,,309,43.63489444,-116.6340972,0,12,6,0,1,1,0,1,1,4,0,4,0,0000000,9,21,9,30,99,99,0,0,0,1,0
16,160189,2,1,1,0,0,1,1,27,210,10,12,2013,3,0,54,0,16,5,MONTANA AVE,HAZEL ST,0,43.65288056,-116.6829889,0,39,0,0,1,1,0,4,3,1,0,1,0,0000000,0,54,1,0,99,99,0,0,0,1,0
16,160190,1,1,0,0,0,1,1,55,300,14,12,2013,7,0,4,0,16,5,LAMBERT LN,RICHMOND AVE,0,47.68709167,-116.76015,0,42,0,0,1,1,0,6,3,10,0,10,0,0000000,0,8,0,17,99,96,0,0,0,1,1
16,160191,1,1,0,0,0,1,1,39,55,13,12,2013,6,99,99,0,5,8,LESTER CREEK RD,PINE-FEATHERVILLE RD,0,43.43477778,-115.3200306,0,1,0,0,1,1,0,5,9,1,0,1,0,0000000,13,53,14,40,88,88,18,0,0,1,1
16,160192,1,1,0,0,0,3,3,73,1030,18,12,2013,4,15,42,0,6,5,BRUNEAU HWY,PERSHALL RD,0,43.53230833,-116.7906861,0,1,0,0,1,1,0,2,1,5,0,5,0,0000000,15,42,15,50,99,99,0,0,0,1,0
16,160193,1,1,0,0,0,1,1,69,960,20,12,2013,6,99,99,0,5,8,RIVER RD,HUBBARD GULCH RD,0,46.51619167,-116.5872861,0,1,0,0,1,1,0,4,9,1,0,1,0,0000000,7,37,8,10,88,88,0,0,0,1,1
16,160194,1,1,0,0,0,4,4,31,200,21,12,2013,7,10,20,1,1,1,I-86,,70,42.58348889,-113.3816917,0,1,0,0,1,1,0,3,1,5,4,4,0,0000000,10,20,10,49,99,99,0,0,0,1,0
16,160195,1,1,0,0,0,1,1,73,622,24,12,2013,3,8,29,0,4,3,SR-78,,616,42.96466111,-116.0771444,0,1,0,0,1,1,0,4,1,1,0,1,0,0000000,8,29,9,5,88,88,0,0,0,1,0
16,160196,1,1,0,0,0,2,2,53,700,28,12,2013,7,14,18,1,1,1,I-84,,1959,42.57592222,-114.0203694,0,24,0,0,1,1,0,4,1,1,0,1,0,0000000,14,19,14,41,99,99,0,0,0,1,0
16,160197,2,2,0,0,0,3,3,87,1880,28,12,2013,7,16,30,1,2,2,US-95,,746,44.15811944,-116.8910722,0,12,2,0,1,1,0,1,1,1,0,1,0,0000000,16,31,16,38,88,88,0,0,0,2,0
16,160198,1,1,0,0,0,1,1,1,160,28,12,2013,7,21,38,0,14,6,EXECUTIVE DR,PRESIDENT DR,51,43.61046667,-116.3305139,0,33,0,0,3,3,0,5,2,1,0,1,0,0000000,8,36,8,45,88,88,18,0,0,1,1
16,160199,2,2,0,0,0,3,3,69,960,29,12,2013,1,13,47,1,2,2,US-95,NEZ PERCE RD,3072,46.43793056,-116.9021278,3,12,6,0,2,3,0,1,1,10,0,10,0,0000000,13,50,13,55,99,99,0,0,0,1,0
16,160200,1,1,0,0,0,1,1,55,1940,30,12,2013,2,23,0,0,9,8,ROLLING HILLS,COTTONWOOD RD,0,47.40952222,-116.9040833,0,1,0,0,1,1,0,4,2,10,0,10,0,0000000,23,13,23,30,88,88,0,0,0,1,1
16,160201,1,1,0,0,0,1,1,17,1640,31,12,2013,3,16,23,0,9,8,HEATH LAKE RD,US-95,0,48.17952778,-116.5922389,0,10,0,0,6,1,0,1,1,1,0,1,0,058835B,16,25,16,36,88,88,0,0,0,1,0
16,160202,2,2,0,0,0,9,9,5,800,31,12,2013,3,21,47,1,1,1,I-15,,567,42.793525,-112.2439111,0,12,6,0,1,1,0,1,2,10,0,10,0,0000000,21,47,22,9,99,99,0,0,0,2,1
17,170001,3,3,0,0,0,3,3,183,2220,4,1,2013,6,17,59,1,11,1,I-74,,2187,40.11544722,-87.55593056,0,1,0,0,1,1,0,1,2,1,0,1,0,0000000,18,0,99,99,88,88,14,0,0,1,1
17,170002,1,1,0,1,1,1,1,63,0,14,1,2013,2,19,38,0,14,4,CR-5 (RIDGE RD),,0,41.44840278,-88.27108611,0,9,0,0,1,1,0,1,3,1,0,1,0,0000000,19,38,99,99,99,99,0,0,0,1,0
17,170003,2,2,0,0,0,2,2,55,7590,15,1,2013,3,2,29,0,14,3,SR-149 (3RD ST),MAIN,249,37.87705,-89.11430833,0,12,6,0,2,2,0,1,2,1,0,1,0,0000000,2,29,99,99,88,88,0,0,0,1,1
17,170004,1,1,0,0,0,1,1,63,0,16,1,2013,4,22,40,0,6,4,CR-52 (GOODFARM RD),,0,41.15521111,-88.35116111,0,1,0,0,1,1,0,4,2,1,0,1,0,0000000,22,42,99,99,88,88,0,0,0,1,1
17,170005,1,1,0,0,0,2,2,199,0,13,1,2013,1,11,20,1,1,1,I-57,,508,37.70000556,-88.96490556,0,42,0,0,1,1,0,4,1,3,0,3,0,0000000,11,23,99,99,99,99,0,0,0,1,0
17,170006,1,1,0,1,1,1,1,149,0,12,1,2013,7,5,28,0,4,4,CR-11,,0,39.57826944,-90.8186,0,8,0,0,1,1,0,1,2,1,0,1,0,0000000,5,31,99,99,88,88,0,0,0,1,0
17,170007,2,2,0,0,0,2,2,111,5230,4,1,2013,6,6,2,1,2,2,US-20,,1172,42.250075,-88.64659722,0,12,2,0,1,1,0,1,2,1,0,1,0,0000000,6,2,99,99,99,99,0,0,0,1,0
17,170008,1,1,0,0,0,1,1,161,1165,14,1,2013,2,22,0,0,3,3,SR-92,,158,41.44071111,-90.79220556,0,1,0,0,1,1,0,4,2,1,0,1,0,0000000,22,0,99,99,88,88,0,0,0,1,1
17,170009,1,1,0,0,0,1,1,7,0,20,1,2013,1,22,56,0,15,5,OLSON ROAD,,0,42.30510556,-88.91980278,0,35,0,0,1,1,0,4,3,1,0,1,0,0000000,22,56,99,99,88,88,20,0,0,1,1
17,170010,1,1,0,1,1,1,1,119,0,13,1,2013,1,22,48,0,6,5,SATURN DR,,0,38.97603611,-90.17386667,0,39,0,0,1,1,0,5,2,1,0,1,0,0000000,22,48,99,99,99,99,0,0,0,1,1
17,170011,3,3,0,0,0,4,4,143,4500,15,1,2013,3,6,20,1,2,2,US-24 (SR-9),,1145,40.55646389,-89.78271389,0,12,2,0,1,1,0,1,2,1,0,1,0,0000000,6,23,99,99,99,99,0,0,0,2,0
17,170012,1,1,0,0,0,1,1,149,0,19,1,2013,7,5,20,0,4,4,CR-10,,0,39.44099444,-90.81181389,0,52,0,0,1,1,0,4,2,1,0,1,0,0000000,5,29,99,99,99,99,0,0,0,1,1
17,170013,1,1,0,1,1,1,1,31,3940,23,1,2013,4,17,24,0,14,6,WOLF ROAD,WASHINGTON BLVD.,0,41.87998056,-87.903025,0,15,0,0,2,2,0,1,2,4,0,4,0,0000000,17,26,99,99,99,99,0,0,0,1,0
17,170014,1,1,0,1,1,1,1,39,2342,19,1,2013,7,23,17,0,4,4,CR-20 (BLOOMINGTON ST),,0,40.18136111,-88.78605,0,8,0,0,1,1,0,1,2,1,0,1,0,0000000,23,17,99,99,99,99,0,0,0,1,1
17,170015,1,1,0,0,0,1,1,163,0,24,1,2013,5,0,31,0,14,3,SR-177,,124,38.48286389,-89.7543,0,34,0,0,1,1,0,4,2,1,0,1,0,0000000,0,31,99,99,88,88,0,0,0,1,0
17,170016,1,1,0,0,0,1,1,95,0,19,1,2013,7,12,53,1,1,1,I-74,,522,40.91904167,-90.26964167,0,38,0,0,1,1,0,3,1,1,0,1,0,0000000,12,53,99,99,99,99,0,0,0,1,0
17,170017,1,1,0,0,0,1,1,31,8030,25,1,2013,6,10,55,1,13,6,DEMPSTER STREET,,0,42.04092778,-87.71180556,0,42,0,0,1,1,0,4,1,4,0,4,0,0000000,10,55,99,99,99,99,0,0,0,1,0