STATE,ST_CASE,VE_TOTAL,VE_FORMS,PVH_INVL,PEDS,PERNOTMVIT,PERMVIT,PERSONS,COUNTY,CITY,DAY,MONTH,YEAR,DAY_WEEK,HOUR,MINUTE,NHS,ROAD_FNC,ROUTE,TWAY_ID,TWAY_ID2,MILEPT,LATITUDE,LONGITUD,SP_JUR,HARM_EV,MAN_COLL,RELJCT1,RELJCT2,TYP_INT,WRK_ZONE,REL_ROAD,LGT_COND,WEATHER1,WEATHER2,WEATHER,SCH_BUS,RAIL,NOT_HOUR,NOT_MIN,ARR_HOUR,ARR_MIN,HOSP_HR,HOSP_MN,CF1,CF2,CF3,FATALS,DRUNK_DR
17,170018,1,1,0,0,0,1,1,163,0,26,1,2013,7,17,58,0,13,3,SR-13 (SR-15),,113,38.47815278,-89.94318611,0,34,0,0,1,1,0,4,2,1,0,1,0,0000000,18,3,99,99,99,99,0,0,0,1,1
17,170019,2,2,0,0,0,3,3,73,6600,14,1,2013,2,9,36,0,4,2,US-150,,96,41.34815278,-90.38409167,0,12,6,0,4,1,0,1,1,1,0,1,0,0000000,9,36,99,99,99,99,0,0,0,2,0
17,170020,1,1,0,1,1,2,2,201,7460,1,1,2013,3,2,19,1,2,2,US-20-BR,,226,42.26831667,-88.98558056,0,8,0,0,1,1,0,1,3,1,0,1,0,0000000,2,19,99,99,88,88,0,0,0,1,0
17,170021,1,1,0,1,1,1,1,113,840,10,1,2013,5,19,56,0,15,6,GROVE ST,,0,40.4783,-88.96885833,0,8,0,0,1,1,0,1,2,2,0,2,0,0000000,19,58,99,99,99,99,0,0,0,1,0
17,170022,1,1,0,0,0,1,1,119,3400,11,1,2013,6,14,3,1,13,3,SR-159,,383,38.75068889,-89.95656111,0,30,0,0,1,1,0,4,1,1,0,1,0,0000000,14,5,99,99,99,99,0,0,0,1,0
17,170023,1,1,0,0,0,1,1,193,0,15,1,2013,3,19,45,1,1,1,I-64,,1239,38.23794167,-88.10795556,0,58,0,0,1,1,0,4,2,1,0,1,0,0000000,88,88,88,88,88,88,18,0,0,1,0
17,170025,1,1,0,1,1,2,2,31,6740,16,1,2013,4,20,23,0,14,6,OAKTON ST.,BUSSE HWY.,0,42.02493889,-87.85646944,0,8,0,0,2,2,0,1,3,1,0,1,0,0000000,20,23,99,99,99,99,0,0,0,1,0
17,170026,4,1,3,0,0,4,4,31,1670,12,1,2013,7,8,30,0,14,6,STATE ST,,0,41.70875556,-87.62354444,0,14,0,0,1,1,0,4,1,2,0,2,0,0000000,8,31,99,99,99,99,0,0,0,3,0
17,170027,1,1,0,1,1,1,1,31,1670,22,1,2013,3,13,0,0,14,6,ASHLAND AVENUE,POLK STREET,0,41.87161111,-87.66661111,0,8,0,0,2,2,0,1,1,1,0,1,0,0000000,99,99,99,99,99,99,0,0,0,1,0
17,170028,1,1,0,0,0,1,1,67,0,27,1,2013,1,2,45,0,4,4,CR-1600 EAST,CR-1200 NORTH,0,40.37220833,-91.19907222,0,35,0,0,1,1,0,4,2,3,0,3,0,0000000,6,22,99,99,88,88,0,0,0,1,1
17,170029,2,2,0,0,0,2,2,31,9300,9,1,2013,4,23,26,0,15,6,WHEELING RD,PALATINE FRONTAGE RD,0,42.10984444,-87.92708889,0,12,6,0,2,2,0,1,3,1,0,1,0,0000000,23,27,99,99,99,99,0,0,0,1,0
17,170030,1,1,0,0,0,1,1,199,4290,13,1,2013,1,3,3,0,6,6,BINKLEY ROAD,,0,37.80728611,-88.92786944,0,3,0,0,1,1,0,4,2,2,0,2,0,0000000,3,3,99,99,88,88,0,0,0,1,1
17,170031,1,1,0,0,0,1,1,55,0,26,1,2013,7,4,36,0,6,5,LINCOLN RD,,0,38.00170278,-89.02116667,0,34,0,0,1,1,0,4,2,1,0,1,0,0000000,4,36,99,99,99,99,0,0,0,1,1
17,170032,2,2,0,0,0,3,3,31,1670,13,1,2013,1,2,20,0,15,6,115TH STREET,,0,41.68418056,-87.70690833,0,12,2,0,1,1,0,1,3,2,0,2,0,0000000,2,20,99,99,99,99,0,0,0,2,1
17,170033,1,1,0,0,0,1,1,31,1670,4,2,2013,2,1,56,0,15,6,VINCENNES AVE,87TH ST,0,41.73605,-87.64513889,0,21,0,0,3,2,0,1,3,4,0,4,0,0000000,1,56,99,99,99,99,0,0,0,1,1
17,170034,1,1,0,0,0,1,1,31,1670,29,1,2013,3,1,23,0,14,6,MADISON ST,,0,41.88128333,-87.67820556,0,25,0,0,1,1,0,3,3,2,0,2,0,0000000,1,25,99,99,99,99,0,0,0,1,1
17,170035,1,1,0,0,0,1,1,31,1670,2,2,2013,7,11,12,0,15,6,KOSTNER AVENUE,,0,41.87154444,-87.73516111,0,42,0,0,1,1,0,4,1,4,0,4,0,0000000,11,19,99,99,88,88,0,0,0,1,1
17,170036,1,1,0,0,0,3,3,201,7460,19,1,2013,7,1,43,0,14,6,WINNEBAGO STREET,,0,42.26368889,-89.10455278,0,33,0,0,1,1,0,4,3,1,0,1,0,0000000,1,43,99,99,99,99,0,0,0,2,1
17,170037,1,1,0,0,0,2,2,63,0,1,2,2013,6,23,0,0,6,5,WHITETIE ROAD,,0,41.309375,-88.29069167,0,1,0,0,1,1,0,4,2,4,0,4,0,0000000,23,5,99,99,99,99,0,0,0,1,1
17,170038,2,2,0,0,0,3,3,33,0,31,1,2013,5,17,42,0,3,3,SR-33,,694,39.00726389,-87.626375,0,12,6,0,1,1,0,1,2,4,0,4,0,0000000,17,43,99,99,99,99,0,0,0,2,0
17,170039,2,1,1,2,4,1,3,31,1670,3,2,2013,1,14,5,1,11,1,I-94,,627,41.72308611,-87.62421389,0,14,0,0,1,1,0,2,1,1,0,1,0,0000000,14,9,99,99,99,99,23,0,0,1,0
17,170040,2,2,0,0,0,2,2,179,0,6,2,2013,4,7,15,0,3,3,SR-9,SPRINGFIELD RD,1046,40.53566944,-89.53118056,0,12,6,0,2,2,0,1,1,1,0,1,0,0000000,7,16,99,99,99,99,0,0,0,1,0
17,170041,1,1,0,0,0,3,3,91,0,3,2,2013,1,18,57,0,6,5,CR-54,,0,41.14880278,-87.76038056,0,42,0,0,1,1,0,4,2,1,0,1,0,0000000,18,57,99,99,99,99,0,0,0,1,0
17,170042,1,1,0,1,1,2,2,201,7460,4,2,2013,2,18,2,0,13,6,HARRISON AVE,MANCHESTER DR,0,42.23817778,-89.03141944,0,8,0,0,3,2,0,1,2,1,0,1,0,0000000,18,2,99,99,99,99,0,0,0,1,0
17,170043,1,1,0,0,0,1,1,197,0,28,1,2013,2,23,45,0,14,3,SR-50,,143,41.296375,-87.80916944,0,18,0,0,1,1,0,1,2,5,0,5,0,0000000,23,48,99,99,99,99,19,0,0,1,0
17,170044,1,1,0,0,0,1,1,31,0,9,2,2013,7,22,46,1,1,1,I-294,,59,42.07905,-87.866425,0,25,0,0,1,1,0,3,3,1,0,1,0,0000000,22,40,99,99,88,88,0,0,0,1,1
17,170045,2,2,0,0,0,2,2,89,0,7,1,2013,2,9,2,0,14,3,SR-25 (RIVER ST),,112,41.830075,-88.31002222,0,12,2,0,1,1,0,1,1,1,0,1,0,0000000,9,2,99,99,99,99,0,0,0,1,1
17,170046,2,2,0,0,0,3,3,31,140,12,1,2013,7,6,0,1,13,3,SR-50 (CICERO AVE),128TH PL,404,41.65822222,-87.73846111,0,12,1,0,3,2,0,1,3,1,0,1,0,0000000,6,4,99,99,99,99,0,0,0,1,0
17,170047,1,1,0,0,0,3,3,31,0,23,1,2013,4,5,25,0,15,5,LARAMIE AVENUE,,0,41.86490556,-87.75450833,0,43,0,0,1,1,0,4,3,1,0,1,0,0000000,5,25,99,99,99,99,0,0,0,1,1
17,170048,2,2,0,0,0,2,2,37,0,18,1,2013,6,11,18,0,3,3,SR-64,,805,41.99574167,-88.71812778,0,12,6,0,1,1,0,1,1,1,0,1,0,0000000,11,19,99,99,99,99,0,0,0,1,0
17,170049,2,2,0,0,0,3,3,91,0,31,1,2013,5,19,39,0,13,2,US-45 (US-52),ISSERT RD,3217,41.06868889,-87.86864167,0,12,1,0,3,3,0,1,2,4,0,4,0,0000000,19,39,99,99,88,88,0,0,0,2,1
17,170050,2,2,0,0,0,2,2,97,0,3,2,2013,1,6,42,1,11,1,I-94,,252,42.15397778,-87.87443056,0,12,1,0,1,1,0,1,1,1,0,1,0,0000000,6,47,99,99,99,99,0,0,0,1,1
17,170051,1,1,0,0,0,2,2,69,0,3,2,2013,1,3,0,0,3,3,SR-146,,858,37.46904167,-88.28898889,0,53,0,0,1,1,0,4,2,4,0,4,0,0000000,3,15,99,99,88,88,0,0,0,2,1
17,170052,1,1,0,0,0,1,1,29,0,9,2,2013,7,1,38,0,6,4,CR-1825E,,0,39.63395278,-88.13390556,0,34,0,0,1,1,0,4,2,1,0,1,0,0000000,1,38,99,99,88,88,0,0,0,1,1
17,170053,1,1,0,0,0,1,1,43,6375,12,2,2013,3,9,15,0,16,6,MACARTHUR DR,,0,41.850225,-87.96653889,0,53,0,0,1,1,0,4,1,1,0,1,0,0000000,9,17,99,99,99,99,0,0,0,1,0
17,170054,1,1,0,0,0,1,1,31,1670,11,2,2013,2,21,28,0,15,6,ELSTON AVENUE,,0,41.94125833,-87.70099722,0,42,0,0,1,1,0,4,3,1,0,1,0,0000000,21,30,99,99,99,99,0,0,0,1,0
17,170055,1,1,0,0,0,2,2,135,0,18,1,2013,6,13,32,0,4,4,CR-11 (WALSHVILLE TRL),,0,39.0725,-89.598275,0,52,0,0,1,1,0,4,1,1,0,1,0,0000000,13,32,99,99,99,99,0,0,0,1,0
17,170056,1,1,0,0,0,1,1,49,0,20,1,2013,1,1,2,0,6,5,BLUE POINT TRL,,0,39.14289444,-88.65298889,0,42,0,0,1,1,0,4,2,1,0,1,0,0000000,9,43,99,99,88,88,0,0,0,1,0
17,170057,2,2,0,0,0,5,5,115,0,22,1,2013,3,7,38,0,3,3,SR-48 (TAYLORVILLE RD),ANDREWS ST,409,39.7138,-89.10904167,0,12,6,0,2,2,0,1,1,1,0,1,0,0000000,7,38,99,99,99,99,0,0,0,1,0
17,170058,1,1,0,0,0,2,2,141,0,27,1,2013,1,14,47,0,3,3,SR-72,,373,42.1033,-89.14330833,0,42,0,0,1,1,0,4,1,3,0,3,0,0000000,14,48,99,99,88,88,0,0,0,2,0
17,170059,2,2,0,0,0,3,3,71,0,11,2,2013,2,5,38,1,2,2,US-34,,72,40.84685278,-90.98426667,0,12,2,0,1,1,0,1,2,1,0,1,0,0000000,5,45,99,99,99,99,0,0,0,1,0
17,170060,1,1,0,0,0,2,2,163,0,26,1,2013,7,2,12,0,16,5,PARK ROAD,,0,38.48436667,-89.99278333,0,34,0,0,1,1,0,4,2,1,0,1,0,0000000,2,12,99,99,99,99,0,0,0,1,1
17,170061,2,2,0,0,0,2,2,115,0,24,1,2013,5,17,40,0,13,3,SR-48 (TAYLORVILLE RD),LINCOLN PARK DR,519,39.83145,-88.97668056,0,12,8,0,2,3,0,1,3,1,0,1,0,0000000,17,41,99,99,99,99,0,0,0,1,0
17,170062,5,5,0,0,0,5,5,201,5000,9,1,2013,4,9,14,1,13,4,CR-25,ALPINE ROAD,0,42.34001944,-89.028725,0,12,6,0,2,2,0,1,1,1,0,1,0,0000000,9,14,99,99,99,99,0,0,0,1,0
17,170063,1,1,0,1,1,1,1,119,1910,10,2,2013,1,2,40,0,14,6,BELTLINE RD,,0,38.68701944,-90.00834444,0,8,0,0,1,1,0,2,3,2,0,2,0,0000000,16,9,99,99,88,88,18,0,0,1,0
17,170064,2,1,1,4,4,1,1,31,1670,16,2,2013,7,0,40,0,14,6,CENTRAL AVE,,0,41.93807222,-87.766475,0,8,0,0,1,1,0,1,3,1,0,1,0,0000000,0,40,99,99,99,99,14,0,0,1,1
17,170065,1,1,0,0,0,1,1,197,0,11,2,2013,2,11,40,0,13,6,GRAND BLVD,WEBER RD,0,41.64266944,-88.12464444,0,46,0,0,3,2,0,4,1,1,0,1,0,0000000,11,40,99,99,99,99,0,0,0,1,1
17,170066,1,1,0,0,0,1,1,113,2446,14,2,2013,5,22,30,0,14,2,US-150,,1449,40.39700278,-88.86491667,0,42,0,0,1,1,0,5,2,1,0,1,0,0000000,22,33,99,99,88,88,0,0,0,1,1
17,170067,1,1,0,0,0,1,1,31,1670,15,2,2013,6,22,35,1,11,1,I-90,,1037,41.74655,-87.58115278,0,25,0,0,1,1,0,3,3,1,0,1,0,0000000,22,45,99,99,88,88,0,0,0,1,1
17,170068,1,1,0,0,0,2,2,47,0,17,2,2013,1,6,0,0,3,3,SR-130,,191,38.53124167,-88.05703611,0,58,0,0,1,1,0,2,2,1,0,1,0,0000000,6,1,99,99,99,99,0,0,0,1,0
17,170069,1,1,0,0,0,1,1,107,0,26,2,2013,3,4,30,0,3,3,SR-54,,140,39.94846944,-89.38753333,0,34,0,0,1,1,0,4,4,2,0,2,0,0000000,7,19,99,99,88,88,0,0,0,1,0
17,170071,3,3,0,0,0,4,4,31,2390,12,2,2013,3,0,39,1,11,1,I-94,,717,41.61807222,-87.57901944,0,5,0,0,1,1,0,1,3,1,0,1,0,0000000,0,39,99,99,88,88,0,0,0,1,1
17,170072,3,3,0,0,0,7,7,163,0,1,3,2013,6,21,9,1,13,3,SR-15,,64,38.56040556,-90.08337222,0,12,6,0,1,1,0,1,2,1,0,1,0,0000000,21,9,99,99,99,99,0,0,0,2,0
17,170074,2,2,0,0,0,3,3,85,0,29,1,2013,3,12,45,1,2,2,US-20 (SR-84),,197,42.37670556,-90.35828333,0,12,2,0,1,1,0,1,1,2,0,2,0,0000000,12,45,99,99,99,99,0,0,0,2,0
17,170075,1,1,0,0,0,1,1,121,0,11,1,2013,6,14,47,1,2,2,US-51,,1216,38.60293056,-89.10993889,0,1,0,0,1,1,0,4,1,1,0,1,0,0000000,14,47,99,99,99,99,0,0,0,1,1
17,170076,2,2,0,0,0,2,2,31,1670,17,1,2013,5,22,0,0,13,6,ROOSEVELT RD,CLINTON ST,0,41.86723056,-87.64073056,0,12,6,0,2,2,0,1,2,1,0,1,0,0000000,22,8,99,99,99,99,0,0,0,1,0
17,170077,2,2,0,0,0,2,2,7,1254,4,2,2013,2,12,35,1,13,3,SR-173,CALEDONIA RD,70,42.37066944,-88.89928889,0,12,6,0,2,2,0,1,1,1,0,1,0,0000000,12,35,99,99,88,88,0,0,0,1,0
17,170078,1,1,0,0,0,3,3,31,1670,27,2,2013,4,4,5,0,15,6,S. CHICAGO AVE.,,0,41.73426667,-87.56162778,0,30,0,0,1,1,0,4,3,4,0,4,0,0000000,4,6,99,99,99,99,0,0,0,1,1
17,170079,1,1,0,0,0,1,1,179,2600,3,2,2013,1,2,40,0,14,6,E WASHINGTON ST,,0,40.66361667,-89.57410278,0,30,0,0,1,1,0,4,3,4,0,4,0,0000000,2,40,99,99,88,88,0,0,0,1,1
17,170080,1,1,0,0,0,1,1,49,0,22,1,2013,3,4,59,1,1,1,I-70,,1074,39.1626,-88.4217,0,59,0,0,1,1,1,4,2,1,0,1,0,0000000,4,59,99,99,99,99,0,0,0,1,0
17,170081,4,4,0,0,0,6,6,37,0,23,1,2013,4,18,16,0,2,3,SR-23,,957,42.04938056,-88.68431944,0,12,2,0,1,1,0,1,2,1,0,1,0,0000000,18,16,99,99,99,99,0,0,0,1,0
17,170082,2,2,0,0,0,4,4,167,8220,1,2,2013,6,21,37,1,13,3,SR-97 (JEFFERSON ST),9TH ST,48,39.80271944,-89.64354722,0,12,6,0,2,2,0,1,3,1,0,1,0,0000000,21,37,99,99,99,99,0,0,0,1,0
17,170083,1,1,0,1,1,1,1,163,7960,10,2,2013,1,0,1,0,13,3,SR-158,,228,38.5409,-89.88342778,0,8,0,0,1,1,0,1,2,2,0,2,0,0000000,0,20,99,99,88,88,0,0,0,1,0
17,170084,4,4,0,0,0,6,6,89,0,27,2,2013,4,19,25,0,2,3,SR-64,,888,41.958425,-88.56646389,0,12,1,0,1,1,0,1,2,11,0,11,0,0000000,19,25,99,99,99,99,27,19,0,1,0
17,170085,4,4,0,0,0,11,11,29,5390,2,3,2013,7,20,30,0,13,3,SR-16 (CHARLESTON RD),CR-875 (LERNA RD),1399,39.48455,-88.3084,0,12,1,0,3,2,0,1,3,1,0,1,0,0000000,20,30,99,99,99,99,0,0,0,1,1
17,170086,2,2,0,0,0,9,9,99,0,28,2,2013,5,6,56,0,4,4,CR-6,,0,41.23761389,-88.73691667,0,12,6,0,1,1,0,1,1,1,0,1,1,0000000,6,56,99,99,99,99,0,0,0,1,0
17,170087,3,3,0,0,0,5,5,7,710,25,2,2013,2,11,15,0,13,2,US-20,PEARL ST,1070,42.24086111,-88.84174444,0,12,6,0,2,2,0,1,1,1,0,1,0,0000000,11,15,99,99,99,99,0,0,0,1,0
17,170088,1,1,0,0,0,1,1,143,6850,6,3,2013,4,1,2,1,13,3,SR-8 (WESTERN AVE),SR-116 (HOWETT ST),326,40.68226111,-89.62301111,0,46,0,0,3,2,0,4,2,1,0,1,0,0000000,1,5,99,99,88,88,0,0,0,1,1
17,170089,1,1,0,0,0,2,2,155,0,21,1,2013,2,7,7,0,4,3,SR-26,,333,41.14404444,-89.30446944,0,52,0,0,1,1,0,4,2,1,0,1,0,0000000,7,7,99,99,88,88,0,0,0,2,1
17,170090,1,1,0,0,0,1,1,197,7977,31,1,2013,5,19,9,0,16,6,WEST FRONTAGE RD,,0,41.5005,-88.19866111,0,32,0,0,1,1,0,4,3,1,0,1,0,0000000,19,9,99,99,88,88,0,0,0,1,1
17,170091,1,1,0,0,0,1,1,15,0,10,2,2013,1,2,30,0,4,4,CR-15,,0,42.15933056,-89.938875,0,43,0,0,1,1,0,4,2,1,0,1,0,0000000,12,15,99,99,88,88,0,0,0,1,1
17,170092,2,2,0,0,0,6,6,163,7763,17,2,2013,1,3,5,1,13,3,SR-3,YELLOW BRICK RD,1435,38.60158889,-90.17256667,0,12,6,0,2,3,0,1,3,1,0,1,0,0000000,3,5,99,99,99,99,0,0,0,1,1
17,170093,2,1,1,3,3,1,1,189,0,1,3,2013,6,20,1,1,1,1,I-64,,519,38.39044167,-89.33616944,0,8,0,0,1,1,0,3,2,4,0,4,0,0000000,20,1,99,99,99,99,19,23,0,2,0
17,170094,1,1,0,0,0,5,5,203,0,23,2,2013,7,3,8,0,4,3,SR-251,,61,40.72250833,-89.02453889,0,1,0,0,1,1,0,4,2,1,0,1,0,0000000,3,8,99,99,99,99,0,0,0,1,1
17,170095,2,2,0,0,0,2,2,169,0,5,3,2013,3,22,55,1,2,2,US-67,,1104,40.18461389,-90.59459444,0,12,2,0,1,1,0,1,2,6,0,6,0,0000000,22,55,99,99,99,99,0,0,0,1,0
17,170096,2,2,0,0,0,2,2,167,8205,7,3,2013,5,8,29,0,13,3,SR-54,MAIN ST (CR-31),41,39.86636944,-89.53975,0,12,6,0,2,2,0,1,1,1,0,1,0,0000000,8,29,99,99,99,99,0,0,0,1,0
17,170098,1,1,0,2,2,1,1,89,460,21,1,2013,2,17,33,0,15,6,CHURCH RD,,0,41.80089167,-88.28838333,0,8,0,0,1,1,0,1,2,1,0,1,0,0000000,17,33,99,99,99,99,0,0,0,1,0
17,170099,2,1,1,0,0,2,2,31,7765,5,1,2013,7,9,54,0,14,6,SAUK TRL,,0,41.48968889,-87.56331111,0,42,0,0,1,1,0,4,1,1,0,1,0,0000000,9,54,99,99,99,99,0,0,0,1,0
17,170100,2,2,0,0,0,2,2,89,0,5,2,2013,3,11,44,0,3,3,SR-38,FRANCIS RD,554,41.89886944,-88.51721944,0,12,6,0,2,2,0,1,1,1,0,1,0,0000000,11,44,99,99,88,88,0,0,0,1,0
17,170101,2,2,0,0,0,4,4,125,0,13,2,2013,4,15,27,0,3,3,SR-78,,290,40.075875,-90.15291389,0,12,2,0,1,1,0,1,1,1,0,1,0,0000000,15,27,99,99,99,99,0,0,0,1,0
17,170102,1,1,0,0,0,1,1,167,0,9,2,2013,7,14,25,0,4,4,CR-10 (WAVERLY RD),,0,39.64586111,-89.92724722,0,34,0,0,1,1,0,4,1,1,0,1,0,0000000,14,25,99,99,88,88,0,0,0,1,0
17,170103,1,1,0,0,0,2,2,157,0,9,3,2013,7,7,10,0,4,4,CR-3 (SHAWNEETOWN TRL),,0,38.00829167,-89.79064722,0,34,0,0,1,1,0,4,1,1,0,1,0,0000000,7,16,99,99,99,99,0,0,0,1,1
17,170104,3,3,0,0,0,4,4,31,1260,1,2,2013,6,13,46,0,15,6,WENTWORTH AVENUE,,0,41.59426944,-87.52982778,0,12,1,0,1,1,0,1,1,1,0,1,0,0000000,13,46,99,99,99,99,0,0,0,1,0
17,170105,1,1,0,0,0,2,2,95,0,9,2,2013,7,19,25,0,3,3,SR-97,,940,40.8415,-90.195375,0,1,0,0,1,1,0,4,2,1,0,1,0,0000000,19,25,99,99,99,99,0,0,0,1,0
17,170106,1,1,0,0,0,1,1,89,2690,17,2,2013,1,17,28,0,13,6,BIG TIMBER,,0,42.06134722,-88.32776667,0,42,0,0,1,1,0,4,5,1,0,1,0,0000000,17,28,99,99,99,99,0,0,0,1,0
17,170107,4,2,2,0,0,3,3,31,850,19,2,2013,3,20,29,0,15,6,123RD ST,GREENWOOD AVE,0,41.66996667,-87.68289444,0,12,6,0,2,2,0,1,3,1,0,1,0,0000000,20,29,99,99,99,99,0,0,0,1,1
17,170108,1,1,0,1,1,1,1,89,5720,27,2,2013,4,6,15,0,15,6,DOUGLAS RD,MONTGOMERY RD,0,41.72793889,-88.31956944,0,8,0,0,3,2,0,1,3,1,0,1,0,0000000,6,15,99,99,99,99,0,0,0,1,0
17,170109,1,1,0,0,0,1,1,119,0,28,2,2013,5,5,31,0,13,3,SR-111 (MACARTHUR BLVD),,239,38.90667778,-90.08363056,0,21,0,0,1,1,0,3,2,1,0,1,0,0000000,5,31,99,99,88,88,0,0,0,1,0
17,170110,1,1,0,0,0,4,4,197,7491,11,3,2013,2,0,10,0,16,6,LAKEVIEW DR,REMINGTON BLVD,0,41.66726944,-88.11981944,0,33,0,0,3,3,0,4,3,2,0,2,0,0000000,0,32,99,99,99,99,0,0,0,1,1
17,170111,2,2,0,0,0,2,2,31,0,5,3,2013,3,15,54,1,11,1,I-294,,99,42.02175278,-87.86546111,0,12,6,0,1,1,0,1,1,4,0,4,0,0000000,16,6,99,99,99,99,0,0,0,1,0
17,170112,2,2,0,0,0,2,2,119,3450,8,3,2013,6,13,43,1,13,2,US-67 (MARTIN LUTHER KING DR),,50,38.93168889,-90.19045833,0,12,2,0,1,1,0,1,1,1,0,1,0,0000000,13,43,99,99,88,88,0,0,0,2,0
17,170113,4,3,1,1,1,8,8,113,0,5,3,2013,3,22,29,1,1,1,I-39,,66,40.6227,-89.00355556,0,12,1,0,1,1,0,1,2,4,0,4,0,0000000,22,29,22,29,99,99,19,23,0,1,0
17,170114,1,1,0,0,0,3,3,31,5040,26,1,2013,7,0,1,1,13,3,SR-43 (HARLEM AVE),,205,41.8013,-87.80218889,0,24,0,0,1,1,0,4,6,1,0,1,0,0000000,0,1,99,99,99,99,0,0,0,2,1
17,170115,2,2,0,0,0,4,4,201,7460,24,2,2013,1,12,17,0,13,6,ALPINE RD,BRENDENWOOD RD (GUILFORD RD),0,42.28073056,-89.02906944,0,12,6,0,2,2,0,1,1,1,0,1,0,0000000,12,17,99,99,99,99,0,0,0,1,0
17,170116,2,2,0,0,0,4,4,31,1670,24,2,2013,1,5,45,1,11,1,I-290 (EISENHOWER EXPWY),,250,41.87244444,-87.73681111,0,12,1,0,1,1,0,2,3,1,0,1,0,0000000,5,48,99,99,99,99,0,0,0,1,1
17,170117,2,2,0,0,0,2,2,63,0,2,3,2013,7,0,3,1,1,1,I-80,,1059,41.37732778,-88.53581389,0,12,2,0,1,1,0,1,2,1,0,1,0,0000000,0,5,99,99,99,99,0,0,0,1,1
17,170118,2,2,0,0,0,3,3,23,0,5,3,2013,3,10,46,1,1,1,I-70,,1467,39.39988889,-87.76991111,0,12,2,0,1,1,0,1,1,1,0,1,0,0000000,10,47,99,99,88,88,0,0,0,2,0
17,170119,4,4,0,0,0,7,7,31,512,3,3,2013,1,15,0,1,13,3,SR-59 (NEW SUTTON RD),,440,42.12630278,-88.15934722,0,12,8,0,1,1,0,1,1,1,0,1,0,0000000,15,0,99,99,99,99,0,0,0,1,0
17,170120,1,1,0,0,0,1,1,137,0,8,3,2013,6,17,53,0,4,4,CR-13 (NEELYVILLE RD),,0,39.76474167,-90.44564167,0,1,0,0,1,1,0,1,3,1,0,1,0,0000000,17,53,99,99,99,99,0,0,0,1,1
17,170121,1,1,0,0,0,4,4,43,0,9,3,2013,7,19,26,1,11,1,I-88,,1206,41.80019444,-88.25195,0,38,0,0,1,1,0,4,3,1,0,1,0,0000000,19,26,99,99,99,99,0,0,0,1,0
17,170122,1,1,0,0,0,2,2,31,1270,10,3,2013,1,4,14,1,11,1,I-57,,3532,41.66241667,-87.66256111,0,1,0,0,1,1,0,3,3,2,0,2,0,0000000,4,16,99,99,88,88,0,0,0,2,0
17,170123,2,2,0,0,0,2,2,31,1670,9,3,2013,7,1,5,0,16,6,RACINE AVE,,0,41.71191667,-87.65223333,0,12,7,0,1,1,0,1,3,1,0,1,0,0000000,1,5,99,99,88,88,0,0,0,1,1
17,170124,1,1,0,0,0,1,1,31,1670,17,3,2013,1,0,48,1,11,1,I-55 (STEVENSON EXPY),,2893,41.83192778,-87.69650556,0,20,0,0,1,1,0,4,3,1,0,1,0,0000000,0,50,99,99,99,99,0,0,0,1,1
17,170125,1,1,0,0,0,4,4,197,0,12,3,2013,3,7,15,0,6,5,BALLOU ROAD,,0,41.27809722,-88.01724444,0,24,0,0,1,1,0,4,1,99,0,99,0,0000000,7,30,99,99,88,88,5,0,0,4,0
17,170126,1,1,0,0,0,1,1,133,0,9,3,2013,7,0,3,0,4,4,CR-7 (MAEYSTOWN RD),,0,38.28241389,-90.19932222,0,35,0,0,1,1,0,4,2,1,0,1,0,0000000,0,3,99,99,99,99,0,0,0,1,0
17,170127,2,2,0,0,0,2,2,143,6850,18,3,2013,2,23,16,0,14,4,CR-R54,,0,40.72335,-89.63202778,0,12,2,0,1,1,0,1,3,1,0,1,0,0000000,23,16,99,99,99,99,0,0,0,1,1
17,170129,4,4,0,0,0,5,5,31,6280,28,2,2013,5,15,30,0,13,3,SR-68 (DUNDEE RD),SKOKIE BLVD,254,42.13793056,-87.79166944,0,12,6,0,2,2,0,1,1,1,0,1,0,0000000,15,32,99,99,99,99,0,0,0,1,0
17,170130,2,2,0,0,0,2,2,31,2690,10,3,2013,1,14,34,1,13,2,US-20,,1473,42.01734167,-88.23206667,0,12,6,0,1,1,0,1,1,2,0,2,0,0000000,14,34,99,99,99,99,0,0,0,1,0
17,170131,1,1,0,0,0,1,1,107,0,13,3,2013,4,21,58,0,6,4,CR-1300,,0,40.10639444,-89.29501667,0,34,0,0,1,1,0,4,2,1,0,1,0,0000000,21,58,99,99,88,88,0,0,0,1,0
17,170132,1,1,0,0,0,1,1,37,0,16,3,2013,7,13,25,0,6,5,NEW LEBANON RD,,0,42.08398056,-88.5997,0,34,0,0,1,1,0,4,1,1,0,1,0,0000000,13,35,99,99,88,88,0,0,0,1,0
17,170133,1,1,0,0,0,1,1,105,0,18,3,2013,2,10,8,0,6,4,CR-1800,,0,40.887025,-88.75153611,0,38,0,0,1,1,0,4,1,2,0,2,0,0000000,10,8,99,99,88,88,0,0,0,1,0
17,170134,1,1,0,0,0,1,1,133,0,15,3,2013,6,20,40,0,4,4,CR-5 (AMES RD),,0,38.19738333,-90.05213611,0,34,0,0,1,1,0,4,2,1,0,1,0,0000000,20,40,99,99,88,88,0,0,0,1,1