STATE,ST_CASE,VE_TOTAL,VE_FORMS,PVH_INVL,PEDS,PERNOTMVIT,PERMVIT,PERSONS,COUNTY,CITY,DAY,MONTH,YEAR,DAY_WEEK,HOUR,MINUTE,NHS,ROAD_FNC,ROUTE,TWAY_ID,TWAY_ID2,MILEPT,LATITUDE,LONGITUD,SP_JUR,HARM_EV,MAN_COLL,RELJCT1,RELJCT2,TYP_INT,WRK_ZONE,REL_ROAD,LGT_COND,WEATHER1,WEATHER2,WEATHER,SCH_BUS,RAIL,NOT_HOUR,NOT_MIN,ARR_HOUR,ARR_MIN,HOSP_HR,HOSP_MN,CF1,CF2,CF3,FATALS,DRUNK_DR
17,170135,2,2,0,0,0,2,2,123,0,18,3,2013,2,14,0,0,6,4,CR-3000,CR-400,0,40.98441944,-89.06665,0,12,6,0,2,2,0,1,1,1,0,1,0,0000000,14,7,99,99,99,99,0,0,0,1,0
17,170136,1,1,0,0,0,2,2,97,0,18,2,2013,2,19,10,0,14,5,WILMONT ROAD,,0,42.49196667,-88.15726944,0,38,0,0,1,1,0,4,2,2,0,2,0,0000000,19,10,99,99,88,88,0,0,0,2,1
17,170137,1,1,0,0,0,1,1,161,0,27,2,2013,4,1,35,0,16,5,12TH AVE,,0,41.52085833,-90.34923333,0,48,0,0,1,1,0,4,2,1,0,1,0,0000000,1,43,99,99,99,99,0,0,0,1,1
17,170138,2,2,0,0,0,3,3,19,0,5,3,2013,3,14,10,0,4,4,CR-1 (900N),,0,40.27181111,-88.28948889,0,12,6,0,1,1,0,1,1,4,0,4,0,0000000,14,10,99,99,99,99,0,0,0,2,0
17,170139,1,1,0,0,0,3,3,51,0,21,3,2013,5,4,35,0,6,4,CR-400,,0,38.91293056,-89.17498611,0,1,0,0,1,1,0,4,2,1,0,1,0,0000000,4,35,99,99,99,99,0,0,0,1,1
17,170140,3,3,0,0,0,2,2,197,0,13,3,2013,4,1,39,1,11,1,I-55,,2599,41.61968056,-88.16356667,0,12,1,0,1,1,0,1,2,1,0,1,0,0000000,1,39,99,99,99,99,19,23,0,1,1
17,170141,1,1,0,1,1,1,1,31,1670,21,3,2013,5,20,40,1,13,6,ARCHER AVENUE,HOMAN AVENUE (45TH STREET),0,41.81134167,-87.7087,0,8,0,0,2,3,0,1,3,1,0,1,0,0000000,20,42,99,99,99,99,0,0,0,1,0
17,170142,1,1,0,1,1,1,1,31,7765,17,1,2013,5,6,31,0,14,6,SAUK TRAIL,,0,41.48614444,-87.59073056,0,9,0,0,1,1,0,1,3,1,0,1,1,0000000,6,31,99,99,99,99,0,0,0,1,0
17,170143,1,1,0,0,0,1,1,201,7460,26,3,2013,3,1,30,0,15,6,SOUTH MAIN ST.,,0,42.25338889,-89.10339722,0,42,0,0,1,1,0,4,3,1,0,1,0,0000000,1,32,99,99,88,88,0,0,0,1,1
17,170144,2,2,0,0,0,3,3,111,9560,23,2,2013,7,10,53,1,13,2,US-14,ROSEFARM ROAD,147,42.33826111,-88.49175,0,12,6,0,2,2,0,1,1,1,0,1,0,0000000,10,53,99,99,99,99,0,0,0,1,0
17,170145,1,1,0,0,0,2,2,19,0,1,3,2013,6,11,36,1,11,1,I-74EB RAMP,,0,40.14505,-88.28613889,0,34,0,1,5,1,0,4,1,4,0,4,0,0000000,11,36,99,99,99,99,0,0,0,1,0
17,170146,1,1,0,0,0,2,2,163,0,17,3,2013,1,19,21,0,4,5,IMBS STATION ROAD,,0,38.51720278,-90.15031944,0,34,0,0,1,1,0,4,2,2,0,2,0,0000000,19,21,99,99,99,99,0,0,0,1,0
17,170147,1,1,0,0,0,1,1,31,0,22,3,2013,6,19,43,1,13,5,CENTRAL AVENUE,50TH STREET,0,41.80186111,-87.76258889,0,53,0,0,1,1,0,4,3,1,0,1,0,0000000,21,43,99,99,99,99,0,0,0,1,0
17,170148,2,2,0,0,0,6,6,145,0,15,3,2013,6,16,59,0,3,3,SR-152,,39,38.00196944,-89.29052778,0,12,6,0,1,1,0,1,1,1,0,1,0,0000000,17,0,99,99,99,99,0,0,0,2,0
17,170149,2,2,0,0,0,4,4,19,1550,3,3,2013,1,16,23,0,13,6,STALEY RD,KIRBY AVE,0,40.09868889,-88.31428889,0,12,6,0,2,2,0,1,1,1,0,1,0,0000000,16,25,99,99,99,99,0,0,0,1,0
17,170150,1,1,0,0,0,1,1,83,4280,14,3,2013,5,16,13,0,16,6,OLD KANE ROAD,,0,39.13703056,-90.33201944,0,53,0,0,1,1,0,4,1,1,0,1,0,0000000,16,13,99,99,99,99,0,0,0,1,1
17,170151,2,2,0,0,0,3,3,89,560,15,2,2013,6,18,22,0,13,6,RANDALL RD,MCKEE ST,0,41.85418889,-88.34048056,0,12,6,0,2,2,0,1,3,1,0,1,0,0000000,18,22,99,99,99,99,0,0,0,1,0
17,170152,1,1,0,0,0,2,2,111,9560,20,1,2013,1,13,57,1,13,2,US-14,,174,42.305275,-88.47031111,0,34,0,0,1,1,0,4,1,1,0,1,0,0000000,13,57,99,99,88,88,0,0,0,2,1
17,170153,1,1,0,0,0,1,1,115,0,18,2,2013,2,3,6,0,3,3,SR-105 (WILLIAM ST),,92,39.84955833,-88.8329,0,53,0,0,1,1,0,4,2,1,0,1,0,0000000,3,6,3,13,88,88,0,0,0,1,0
17,170154,2,2,0,0,0,3,3,11,0,25,3,2013,2,9,15,0,3,3,SR-26,,516,41.34570833,-89.43895,0,12,6,0,1,1,0,1,1,4,0,4,0,0000000,9,15,99,99,99,99,0,0,0,1,0
17,170155,2,2,0,0,0,2,2,121,0,26,3,2013,3,17,37,1,1,1,I-57 RAMP,SR-161 (MCCORD ST),646,38.52001111,-88.95951111,0,12,6,1,5,1,0,1,1,1,0,1,0,0000000,18,5,99,99,99,99,0,0,0,1,0
17,170156,1,1,0,0,0,1,1,31,1670,26,3,2013,3,3,35,0,15,6,VAN BUREN,STATE ST,0,41.87693056,-87.62765,0,46,0,0,3,2,0,4,3,1,0,1,0,0000000,3,35,99,99,99,99,0,0,0,1,0
17,170157,1,1,0,0,0,1,1,59,0,27,3,2013,4,13,22,0,3,3,SR-1,,100,37.60018333,-88.20439444,0,42,0,0,1,1,0,4,1,1,0,1,0,0000000,13,22,99,99,88,88,0,0,0,1,0
17,170158,1,1,0,0,0,1,1,179,0,31,3,2013,1,11,30,0,6,5,WOODLEY RD,,0,40.45278889,-89.89645833,0,1,0,0,1,1,0,4,1,1,0,1,0,0000000,11,30,99,99,88,88,0,0,0,1,1
17,170159,2,2,0,0,0,3,3,115,0,1,3,2013,6,10,14,0,3,3,SR-48 (TAYLORVILLE RD),WYCKLES RD,475,39.7839,-89.02685833,0,12,6,0,2,2,0,1,1,1,0,1,0,0000000,10,14,99,99,99,99,0,0,0,1,0
17,170160,2,2,0,0,0,5,5,163,670,1,3,2013,6,20,25,0,14,3,SR-13,,26,38.546225,-90.06473333,0,12,2,1,18,1,0,1,2,2,0,2,0,0000000,20,25,99,99,99,99,0,0,0,2,1
17,170161,2,2,0,0,0,2,2,1,0,5,3,2013,3,16,36,1,2,2,US-24,,173,40.02786389,-91.17345,0,12,6,0,1,1,0,1,1,6,0,6,0,0000000,16,34,99,99,99,99,0,0,0,1,0
17,170162,1,1,0,0,0,1,1,141,0,7,3,2013,5,23,45,0,6,5,HALDANE RD,,0,42.06278611,-89.53605833,0,48,0,0,1,1,0,4,2,1,0,1,0,0000000,6,56,99,99,88,88,18,0,0,1,1
17,170163,2,2,0,0,0,4,4,37,0,21,3,2013,5,11,17,0,14,5,PEACE ROAD,,0,42.00846389,-88.70629167,0,12,6,0,1,1,0,1,1,1,0,1,0,0000000,11,18,99,99,88,88,0,0,0,3,0
17,170164,1,1,0,1,1,1,1,31,5380,15,3,2013,6,5,3,1,13,2,US-30 (LINCOLN HWY),,1428,41.50615556,-87.70475,0,8,0,0,1,1,0,1,2,1,0,1,0,0000000,5,3,99,99,99,99,0,0,0,1,0
17,170165,1,1,0,0,0,3,3,27,0,23,3,2013,7,19,28,0,4,4,CR-11 (JAMESTOWN RD),,0,38.71965278,-89.51846111,0,32,0,0,1,1,0,4,2,1,0,1,0,0000000,19,28,99,99,99,99,0,0,0,1,1
17,170167,1,1,0,0,0,7,7,31,1670,28,3,2013,5,21,10,0,15,6,HOWARD ST,,0,42.01926111,-87.70298333,0,42,0,0,1,1,0,4,3,1,0,1,0,0000000,21,11,99,99,99,99,0,0,0,1,1
17,170168,3,3,0,1,1,4,4,97,0,3,2,2013,1,6,42,1,11,1,I-94,,252,42.15409167,-87.87443056,0,12,6,0,1,1,0,1,1,1,0,1,0,0000000,6,47,99,99,99,99,19,0,0,1,0
17,170169,3,3,0,0,0,4,4,31,1670,15,3,2013,6,4,6,1,13,2,US-41 (LAKE SHORE DR),,187,41.93763056,-87.63509167,0,12,2,0,1,1,0,1,2,1,0,1,0,0000000,4,6,99,99,99,99,0,0,0,2,2
17,170170,1,1,0,0,0,3,3,201,7460,17,3,2013,1,22,16,0,14,6,9TH ST,,0,42.25938056,-89.07689167,0,1,0,0,1,1,0,4,3,1,0,1,0,0000000,22,16,99,99,99,99,0,0,0,1,1
17,170171,2,2,0,0,0,2,2,89,0,26,3,2013,3,19,14,1,11,1,I-88,,1128,41.79843056,-88.40163611,0,12,2,0,1,1,0,1,5,1,0,1,0,0000000,19,14,99,99,88,88,0,0,0,1,0
17,170172,1,1,0,0,0,1,1,111,0,29,3,2013,6,21,7,0,6,5,THAYER RD,,0,42.41433889,-88.441925,0,38,0,0,1,1,0,4,2,1,0,1,0,0000000,21,4,99,99,88,88,0,0,0,1,1
17,170173,2,2,0,0,0,3,3,31,1670,31,3,2013,1,3,27,1,11,1,I-94,,660,41.69428889,-87.59724444,0,12,1,1,18,1,0,1,3,2,0,2,0,0000000,3,32,99,99,99,99,0,0,0,1,2
17,170174,2,2,0,0,0,2,2,33,0,25,3,2013,2,7,34,0,4,4,CR-15 (700TH AVE),,0,38.953275,-87.79496111,0,12,2,0,1,1,0,1,1,4,0,4,0,0000000,7,34,99,99,99,99,0,0,0,1,0
17,170175,1,1,0,0,0,1,1,51,0,1,4,2013,2,16,30,0,5,4,CR-5,,0,38.9552,-88.83048333,0,34,0,0,1,1,0,4,1,1,0,1,0,0000000,16,41,99,99,99,99,0,0,0,1,0
17,170176,2,2,0,0,0,2,2,119,3550,7,4,2013,1,12,10,0,14,6,GLORY LANE,MARYVILLE ROAD,0,38.73951944,-90.10406944,0,12,6,0,2,3,0,1,1,1,0,1,0,0000000,12,10,99,99,99,99,0,0,0,1,0
17,170177,2,2,0,0,0,5,5,31,1670,3,4,2013,4,9,35,0,13,6,55TH ST,KILPATRICK AVE,0,41.79304167,-87.74034444,0,12,6,0,2,2,0,1,1,1,0,1,0,0000000,9,36,99,99,99,99,0,0,0,1,1
17,170178,2,2,0,0,0,2,2,201,7460,23,3,2013,7,4,46,1,12,2,US-20,,0,42.21940278,-89.08836111,0,12,1,0,1,1,0,1,2,1,0,1,0,0000000,4,46,99,99,88,88,19,0,0,1,0
17,170179,1,1,0,0,0,2,2,163,2610,18,3,2013,2,1,52,0,14,3,SR-3 (2ND ST),,1474,38.64075278,-90.15560556,0,21,0,0,1,1,1,4,3,2,0,2,0,0000000,1,52,99,99,99,99,0,0,0,1,0
17,170180,1,1,0,0,0,1,1,111,4625,1,3,2013,6,10,39,0,15,6,ACKMAN RD,HALIGUS RD,0,42.20455,-88.3983,0,59,0,0,3,3,0,4,1,4,0,4,0,0000000,10,39,99,99,88,88,0,0,0,1,0
17,170181,2,2,0,0,0,3,3,187,0,2,4,2013,3,14,30,1,13,2,US-34,185TH (11TH AVE),264,40.89952222,-90.6624,0,12,6,0,2,2,0,1,1,1,0,1,0,0000000,14,32,99,99,99,99,0,0,0,1,0
17,170182,2,2,0,0,0,2,2,145,0,4,4,2013,5,14,55,0,2,3,SR-154,,460,38.08284722,-89.21341944,0,12,6,0,1,1,0,1,1,1,0,1,0,0000000,15,0,99,99,99,99,0,0,0,1,0
17,170184,2,2,0,0,0,2,2,117,0,6,4,2013,7,22,52,0,3,3,SR-4,,1107,39.11484722,-89.81643889,0,12,1,0,1,1,0,1,2,1,0,1,0,0000000,22,52,99,99,99,99,0,0,0,1,0
17,170185,2,2,0,0,0,2,2,31,3430,28,3,2013,5,23,4,1,11,1,I-294,,44,42.10063333,-87.86821111,0,12,1,0,1,1,0,2,3,10,0,10,0,0000000,23,4,99,99,99,99,0,0,0,1,0
17,170186,1,1,0,0,0,1,1,31,980,9,4,2013,3,13,44,1,11,1,I-294 RAMP,,0,41.717975,-87.80797778,0,1,0,1,20,1,0,1,1,1,0,1,0,0000000,13,46,99,99,99,99,0,0,0,1,0
17,170187,1,1,0,1,1,1,1,101,0,19,2,2013,3,0,7,0,3,3,SR-33,,937,38.69549722,-87.52585833,0,8,0,0,1,1,0,1,2,2,0,2,0,0000000,0,7,99,99,99,99,0,0,0,1,0
17,170188,3,3,0,0,0,3,3,145,0,26,3,2013,3,13,58,0,4,4,CR-11 (COUNTY LINE RD),,0,38.06893333,-89.59307222,0,12,1,0,8,1,0,1,1,1,0,1,0,0000000,14,22,99,99,99,99,14,0,0,1,0
17,170189,1,1,0,0,0,1,1,19,0,13,4,2013,7,21,15,1,11,1,I-72,,1794,40.12038333,-88.35480556,0,42,0,0,1,1,0,4,2,1,0,1,0,0000000,21,15,99,99,99,99,0,0,0,1,1
17,170190,2,2,0,0,0,5,5,35,0,13,4,2013,7,15,29,0,3,4,CR-500E (MONTROSE BLACKTOP),,0,39.17283333,-88.37845278,0,12,2,0,1,1,0,1,1,1,0,1,0,0000000,15,33,99,99,99,99,0,0,0,1,1
17,170191,2,2,0,0,0,2,2,27,0,4,4,2013,5,20,37,0,5,4,CR-11 (JAMESTOWN RD),,0,38.65677778,-89.51665,0,12,1,0,8,1,0,1,2,1,0,1,0,0000000,20,37,99,99,99,99,0,0,0,1,1
17,170192,1,1,0,0,0,1,1,35,0,13,4,2013,7,11,18,0,3,2,US-45,,1924,39.36047222,-88.37846667,0,31,0,0,1,1,0,4,1,1,0,1,0,0000000,11,18,99,99,88,88,0,0,0,1,0
17,170193,1,1,0,0,0,2,2,79,0,13,4,2013,7,17,9,0,6,5,1300TH N,,0,39.04000833,-88.13060278,0,34,0,0,1,1,0,4,1,1,0,1,0,0000000,17,9,99,99,99,99,0,0,0,1,1
17,170194,2,2,0,0,0,2,2,139,0,4,4,2013,5,8,51,0,4,4,CR-4 (800N),,0,39.52081389,-88.59353889,0,12,6,0,1,1,0,1,1,1,0,1,0,0000000,8,53,99,99,99,99,0,0,0,1,0
17,170195,1,1,0,1,1,1,1,119,160,13,4,2013,7,21,26,0,14,6,BROADWAY ST,,0,38.88573333,-90.13184167,0,9,0,0,1,1,0,1,2,1,0,1,0,0000000,21,26,99,99,88,88,0,0,0,1,1
17,170196,3,2,1,0,0,5,5,31,1670,12,4,2013,6,23,20,0,15,6,LARAMIE AVE,,0,41.87306389,-87.75480278,0,12,2,0,1,1,0,1,3,1,0,1,0,0000000,23,20,99,99,99,99,0,0,0,1,1
17,170197,2,2,0,0,0,2,2,29,0,16,4,2013,3,12,25,0,4,4,CR-28 (1100E),CR-1000N,0,39.52146944,-88.26641111,0,12,6,0,2,2,0,1,1,2,0,2,0,0000000,12,27,99,99,99,99,0,0,0,1,0
17,170198,1,1,0,0,0,1,1,151,0,16,4,2013,3,21,15,0,3,3,SR-34,,158,37.58788889,-88.44937778,0,42,0,0,1,1,0,4,2,1,0,1,0,0000000,21,22,99,99,99,99,0,0,0,1,0
17,170200,2,2,0,0,0,3,3,97,3670,15,4,2013,2,14,4,0,15,6,GREENLEAF AVE,OGLESBY ST,0,42.35816944,-87.90208889,0,12,6,0,2,2,0,1,1,1,0,1,0,0000000,14,4,99,99,99,99,0,0,0,1,0
17,170201,1,1,0,1,1,1,1,31,1680,7,4,2013,1,1,18,1,13,2,US-30 (14TH ST),,1477,41.50623611,-87.6113,0,8,0,0,1,1,0,1,2,1,0,1,0,0000000,1,18,99,99,88,88,0,0,0,1,0
17,170202,1,1,0,0,0,2,2,43,4940,8,4,2013,2,1,8,0,13,3,SR-53 (COLUMBINE AVE),,572,41.88614722,-88.03455833,0,33,0,0,1,1,0,4,2,1,0,1,0,0000000,1,8,99,99,99,99,0,0,0,1,1
17,170203,1,1,0,0,0,1,1,183,0,18,4,2013,5,1,42,0,3,5,HUNGRY HOLLOW RD,,0,40.14196667,-87.65820278,0,34,0,0,1,1,0,4,2,1,0,1,0,0000000,1,42,99,99,88,88,20,0,0,1,0
17,170204,2,2,0,0,0,5,5,19,0,13,4,2013,7,9,54,0,4,4,CR-200E,CR-1200N,0,40.05511944,-88.42608056,0,12,6,0,2,2,0,1,1,1,0,1,0,0000000,9,55,99,99,99,99,0,0,0,1,0
17,170205,1,1,0,1,1,2,2,181,0,12,4,2013,6,3,7,1,1,1,I-57,,381,37.54120278,-89.05395833,0,8,0,0,1,1,0,1,2,1,0,1,0,0000000,3,9,99,99,88,88,0,0,0,1,0
17,170207,1,1,0,0,0,2,2,43,9250,21,3,2013,5,3,17,0,15,6,59TH ST,,0,41.78064444,-87.98929722,0,33,0,0,1,1,0,4,3,1,0,1,0,0000000,3,20,99,99,88,88,0,0,0,2,0
17,170208,2,2,0,0,0,2,2,31,1670,13,4,2013,7,3,25,0,15,6,STATE ST,59TH ST,0,41.78736944,-87.6255,0,12,1,0,3,2,2,1,3,1,0,1,0,0000000,3,27,99,99,99,99,0,0,0,1,1
17,170209,6,6,0,0,0,9,9,31,0,18,4,2013,5,5,47,1,11,1,I-294,,194,41.90458056,-87.91993889,0,12,1,0,1,1,0,1,3,2,0,2,0,0000000,5,47,99,99,99,99,0,0,0,2,0
17,170210,2,2,0,0,0,2,2,89,0,22,4,2013,2,20,14,1,1,1,I-88,,1023,41.86723333,-88.57480833,0,12,1,0,1,1,0,1,2,1,0,1,0,0000000,20,14,99,99,88,88,19,23,0,1,0
17,170211,2,2,0,0,0,4,4,81,0,25,4,2013,5,13,0,1,1,1,I-64,,718,38.34917778,-88.98403056,0,12,1,0,1,1,1,1,1,1,0,1,0,0000000,13,1,99,99,99,99,0,0,0,1,0
17,170212,1,1,0,0,0,3,3,31,6400,5,4,2013,6,22,39,0,16,6,105TH ST,,0,41.70164444,-87.75599444,0,33,0,0,1,1,0,4,3,1,0,1,0,0000000,22,39,99,99,99,99,0,0,0,1,1
17,170213,1,1,0,0,0,2,2,77,0,6,4,2013,7,19,5,0,4,4,CR-29 (MAKANDA RD),,0,37.61511111,-89.22494722,0,52,0,0,1,1,0,4,1,1,0,1,0,0000000,19,5,99,99,99,99,0,0,0,1,0
17,170214,1,1,0,0,0,1,1,81,0,9,4,2013,3,5,49,0,3,3,SR-148 (WALTONVILLE RD),,527,38.28584444,-88.933575,0,11,0,0,1,1,0,1,2,1,0,1,0,0000000,5,49,99,99,88,88,0,0,0,1,0
17,170215,1,1,0,0,0,1,1,89,0,11,4,2013,5,4,55,0,13,5,MAIN ST,GREEN RD,0,41.84392222,-88.44641944,0,53,0,0,3,2,0,4,2,2,0,2,0,0000000,4,55,99,99,88,88,0,0,0,1,1
17,170216,2,2,0,0,0,5,5,63,0,21,4,2013,1,19,56,0,14,2,US-6,MCLINDON RD,1304,41.41813889,-88.28946111,0,12,6,0,2,2,0,1,5,1,0,1,0,0000000,19,56,99,99,99,99,0,0,0,1,0
17,170217,2,2,0,0,0,2,2,187,0,29,4,2013,2,18,49,0,4,2,US-67,60TH AVE,33,40.71516389,-90.66886667,0,12,6,0,1,1,0,1,1,1,0,1,0,0000000,18,49,99,99,99,99,0,0,0,1,1
17,170218,2,2,0,0,0,3,3,43,7500,2,3,2013,7,19,37,1,13,2,US-20 (LAKE ST),,1546,41.96818611,-88.11131667,0,12,6,0,8,1,0,1,2,1,0,1,0,0000000,19,37,99,99,99,99,0,0,0,2,0
17,170219,2,2,0,0,0,2,2,31,1670,21,4,2013,1,23,10,1,13,6,ARCHER AVE,KEDZIE AVE,0,41.81408889,-87.7042,0,12,6,0,2,2,0,1,3,1,0,1,0,0000000,23,10,99,99,99,99,0,0,0,1,1
17,170220,2,2,0,0,0,2,2,157,0,25,4,2013,5,11,4,0,3,3,SR-4,SR-13,418,38.21224722,-89.70326389,0,12,6,0,2,2,0,1,1,1,0,1,0,0000000,11,6,99,99,99,99,0,0,0,1,0
17,170221,2,2,0,0,0,3,3,21,0,27,4,2013,7,21,45,0,3,3,SR-104,,1187,39.59051389,-89.43466667,0,12,2,0,1,1,0,1,2,2,0,2,0,0000000,21,47,99,99,99,99,0,0,0,1,1
17,170222,1,1,0,0,0,1,1,31,1670,13,4,2013,7,22,40,0,15,6,DIVISION ST,KARLOV AVE,0,41.90265,-87.72873611,0,38,0,0,1,1,0,4,2,1,0,1,0,0000000,22,44,99,99,99,99,0,0,0,1,1
17,170223,2,2,0,0,0,3,3,31,780,20,4,2013,7,11,34,1,13,3,SR-43,23RD ST,238,41.84908889,-87.80364722,0,12,6,0,2,3,0,1,1,1,0,1,0,0000000,11,34,99,99,99,99,0,0,0,1,0
17,170224,1,1,0,0,0,1,1,167,8220,27,4,2013,7,15,40,0,14,6,TORONTO RD,6TH ST FRONTAGE RD,0,39.71371944,-89.63946944,0,33,0,0,3,2,0,4,1,2,0,2,0,0000000,15,41,99,99,99,99,0,0,0,1,1
17,170225,2,2,0,0,0,2,2,93,0,25,4,2013,5,8,4,0,2,3,SR-71,,501,41.5275,-88.59757778,0,12,2,0,1,1,0,1,1,1,0,1,0,0000000,8,4,99,99,99,99,0,0,0,1,0
17,170226,2,2,0,0,0,4,4,197,0,27,4,2013,7,15,0,1,11,1,I-355,,133,41.71447778,-88.03263056,0,12,6,0,1,1,1,1,1,1,0,1,0,0000000,3,0,99,99,99,99,0,0,0,2,0
17,170227,1,1,0,0,0,1,1,19,0,21,4,2013,1,2,51,1,1,1,I-74,,1762,40.17286667,-88.32206389,0,1,0,0,1,1,0,3,2,1,0,1,0,0000000,2,51,99,99,99,99,0,0,0,1,1
17,170228,3,3,0,0,0,3,3,167,8220,2,5,2013,5,10,46,1,11,1,I-55 RAMP,,0,39.80234722,-89.59522778,0,1,0,1,20,1,0,1,1,1,0,1,0,0000000,10,46,99,99,99,99,0,0,0,1,0
17,170229,1,1,0,0,0,3,3,55,760,13,4,2013,7,22,9,0,6,4,CR-27,,0,37.96468333,-88.96873889,0,42,0,0,1,1,0,4,2,1,0,1,0,0000000,22,9,99,99,99,99,0,0,0,1,1
17,170230,2,2,0,0,0,5,5,33,0,26,4,2013,6,18,30,1,2,3,SR-1,1425N,1298,39.06246111,-87.68453056,0,12,6,0,2,3,0,1,2,1,0,1,0,0000000,18,44,99,99,99,99,0,0,0,1,0
17,170231,1,1,0,0,0,1,1,23,0,13,4,2013,7,20,51,0,4,4,CR-32,,0,39.28469722,-87.62411667,0,34,0,0,1,1,0,4,2,1,0,1,0,0000000,20,51,99,99,88,88,0,0,0,1,1
17,170232,2,2,0,0,0,3,3,193,0,29,4,2013,2,11,58,1,2,3,SR-1,CR-1325E,528,38.10600833,-88.13057778,0,12,6,0,2,3,0,1,1,1,0,1,0,0000000,11,58,99,99,99,99,0,0,0,1,0
17,170233,1,1,0,0,0,1,1,131,0,12,4,2013,6,15,44,0,4,4,CR-4 (KNOXVILLE RD),,0,41.32655278,-90.45971389,0,34,0,0,1,1,0,4,1,1,0,1,0,0000000,15,44,99,99,99,99,0,0,0,1,0
17,170234,3,3,0,0,0,4,4,31,0,1,3,2013,6,13,43,0,14,5,167TH ST,,0,41.58850556,-87.74724444,0,12,1,0,1,1,0,1,1,4,0,4,0,0000000,13,43,99,99,99,99,0,0,0,1,0
17,170235,2,2,0,0,0,2,2,31,0,12,3,2013,3,3,9,1,13,2,US-45 (96TH AVE),,3666,41.70100556,-87.85585556,0,12,2,0,1,1,0,1,3,5,0,5,0,0000000,3,10,99,99,99,99,0,0,0,1,1
17,170236,1,1,0,1,1,1,1,97,9100,22,3,2013,6,20,31,0,15,6,22ND ST (ML KING JR DR),,0,42.31987222,-87.89118056,0,8,0,0,1,1,0,1,3,1,0,1,0,0000000,20,31,99,99,88,88,0,0,0,1,0
17,170237,2,2,0,1,1,1,1,31,1670,23,3,2013,7,1,35,1,13,2,US-12 (MANNHEIM RD),,480,41.97643889,-87.87881389,0,8,0,0,1,1,0,1,3,1,0,1,0,0000000,1,40,99,99,99,99,23,0,0,1,1
17,170238,1,1,0,0,0,5,5,57,0,18,4,2013,5,22,8,0,6,5,HILLSIDE RD,,0,40.38653611,-90.18091944,0,42,0,0,1,1,0,4,2,1,0,1,0,0000000,22,8,99,99,99,99,0,0,0,1,1
17,170239,2,2,0,0,0,2,2,191,0,29,4,2013,2,5,30,1,2,2,US-45,,1186,38.42928056,-88.40432778,0,12,2,0,8,1,0,1,1,5,0,5,0,0000000,5,36,99,99,88,88,0,0,0,1,0
17,170240,1,1,0,0,0,1,1,85,0,30,4,2013,3,11,5,0,4,4,CR-7 (DERINDA RD),,0,42.22183611,-90.15091389,0,1,0,0,1,1,0,4,1,1,0,1,0,0000000,11,7,99,99,99,99,0,0,0,1,0
17,170241,1,1,0,1,1,1,1,97,0,2,5,2013,5,14,16,1,13,2,US-45,,4176,42.38899722,-88.004125,0,9,0,0,1,1,0,1,1,10,0,10,0,0000000,14,16,99,99,99,99,0,0,0,1,0
17,170242,2,2,0,0,0,2,2,147,0,21,3,2013,5,8,0,0,6,4,CR-000E (COUNTY LINE RD),150N,0,39.81418056,-88.74575,0,12,6,0,2,2,0,1,1,1,0,1,0,0000000,8,8,99,99,99,99,0,0,0,1,0
17,170243,2,2,0,0,0,2,2,95,3260,13,4,2013,7,8,37,0,14,2,US-150 (MAIN ST),HENDERSON ST,374,40.94756944,-90.3834,0,12,8,0,3,2,0,1,1,1,0,1,0,0000000,8,37,99,99,99,99,0,0,0,1,1
17,170244,2,2,0,0,0,5,5,201,5087,22,4,2013,2,16,52,0,13,3,SR-251 (2ND ST),FOREST HILLS RD,1268,42.38283056,-89.02128889,0,12,6,0,2,2,0,1,1,1,0,1,0,0000000,16,52,99,99,99,99,0,0,0,1,0
17,170245,2,2,0,1,1,1,1,31,8410,29,4,2013,2,5,36,0,16,6,61ST PL,,0,41.78002222,-87.80150833,0,8,0,0,1,1,0,1,1,1,0,1,0,0000000,5,36,99,99,99,99,0,0,0,1,0
17,170247,4,4,0,0,0,4,4,197,0,9,5,2013,5,16,51,1,13,3,SR-7 & SR-53,RENWICK RD,86,41.59406944,-88.07526944,0,12,1,0,3,2,0,1,1,2,0,2,0,0000000,16,51,99,99,99,99,0,0,0,1,0
17,170248,2,2,0,2,2,2,2,31,0,26,1,2013,7,22,43,0,13,6,87TH ST,,0,41.73491111,-87.71851944,0,12,7,0,1,1,0,1,3,1,0,1,0,0000000,22,45,99,99,88,88,23,0,0,2,1
17,170249,2,2,0,0,0,2,2,31,6650,29,3,2013,6,17,1,0,14,6,EUCLID AVE,,0,42.08732222,-88.06100556,0,12,2,0,1,1,0,1,1,1,0,1,0,0000000,17,6,99,99,99,99,0,0,0,1,0
17,170250,1,1,0,1,1,1,1,31,1995,26,3,2013,3,18,37,0,14,6,55TH ST,MADISON AVE,0,41.79045278,-87.87005278,0,9,0,0,2,2,0,1,1,1,0,1,0,0000000,18,37,99,99,99,99,0,0,0,1,0
17,170251,3,3,0,0,0,9,9,97,0,5,4,2013,6,8,2,1,13,3,SR-173,KILBOURNE RD,615,42.46501111,-87.91331111,0,12,6,0,2,2,0,1,1,1,0,1,1,0000000,8,3,99,99,99,99,0,0,0,1,0
17,170252,1,1,0,0,0,1,1,75,0,13,4,2013,7,15,15,0,4,4,CR-40 (1400N),,0,40.71763889,-87.59412222,0,24,0,0,1,1,0,4,1,1,0,1,0,0000000,15,18,99,99,99,99,0,0,0,1,1