STATE,ST_CASE,VE_TOTAL,VE_FORMS,PVH_INVL,PEDS,PERNOTMVIT,PERMVIT,PERSONS,COUNTY,CITY,DAY,MONTH,YEAR,DAY_WEEK,HOUR,MINUTE,NHS,ROAD_FNC,ROUTE,TWAY_ID,TWAY_ID2,MILEPT,LATITUDE,LONGITUD,SP_JUR,HARM_EV,MAN_COLL,RELJCT1,RELJCT2,TYP_INT,WRK_ZONE,REL_ROAD,LGT_COND,WEATHER1,WEATHER2,WEATHER,SCH_BUS,RAIL,NOT_HOUR,NOT_MIN,ARR_HOUR,ARR_MIN,HOSP_HR,HOSP_MN,CF1,CF2,CF3,FATALS,DRUNK_DR
17,170253,2,2,0,0,0,2,2,123,0,1,5,2013,4,15,15,0,3,3,SR-89,,209,41.05793056,-89.21856111,0,12,2,0,1,1,0,1,1,1,0,1,0,0000000,15,15,99,99,88,88,0,0,0,2,0
17,170254,2,2,0,0,0,3,3,43,6378,5,5,2013,1,10,15,0,14,3,SR-56 (BUTTERFIELD RD),SUMMITT AVE,270,41.85115,-87.97256944,0,12,6,0,2,2,0,1,1,1,0,1,0,0000000,10,15,99,99,99,99,0,0,0,1,0
17,170255,3,3,0,0,0,3,3,31,1670,3,5,2013,6,23,29,0,15,6,75TH ST,DORCHESTER AVE,0,41.75871111,-87.5908,0,12,6,0,2,2,0,1,2,2,0,2,0,0000000,23,31,99,99,99,99,20,0,0,2,2
17,170256,1,1,0,1,1,1,1,97,3670,18,4,2013,5,20,25,0,13,2,US-41,GRAND AVE,0,42.370725,-87.89575,0,8,0,0,3,2,0,1,3,1,0,1,0,0000000,8,25,99,99,99,99,0,0,0,1,0
17,170257,1,1,0,0,0,1,1,113,6230,1,5,2013,4,3,0,0,13,2,US-51,,232,40.55965556,-88.99758333,0,30,0,0,1,1,0,4,2,1,0,1,0,0000000,5,39,99,99,88,88,0,0,0,1,1
17,170258,1,1,0,1,1,1,1,165,0,1,5,2013,4,12,21,0,5,4,CR-20 (HAMBURG RD),,0,37.88486944,-88.58565833,0,9,0,0,1,1,0,1,1,1,0,1,0,0000000,12,54,99,99,88,88,0,0,0,1,0
17,170260,3,3,0,0,0,4,4,31,1670,8,5,2013,4,10,22,0,14,6,76TH ST,YATES BLVD,0,41.75716944,-87.56633056,0,12,6,0,2,2,0,1,1,1,0,1,0,0000000,10,50,99,99,99,99,20,0,0,1,0
17,170261,1,1,0,1,1,1,1,31,8300,10,5,2013,6,22,8,1,13,3,SR-43 (HARLEM AVE),39TH ST (PERSHING RD),219,41.82041111,-87.80256667,0,8,0,0,1,1,0,1,2,10,0,10,0,0000000,22,8,99,99,99,99,0,0,0,1,0
17,170262,1,1,0,1,1,2,2,163,8430,14,5,2013,3,1,24,1,13,3,SR-159,,237,38.548825,-89.984125,0,8,0,0,1,1,0,1,3,1,0,1,0,0000000,1,24,99,99,99,99,0,0,0,1,0
17,170263,2,2,0,0,0,2,2,31,0,8,5,2013,4,12,58,1,11,1,I-80,,1505,41.55704167,-87.7627,0,12,1,0,1,1,0,2,1,1,0,1,0,0000000,12,58,99,99,99,99,23,0,0,1,0
17,170264,2,2,0,0,0,2,2,31,1670,1,1,2013,3,10,35,1,15,6,100TH ST,,0,41.71381944,-87.54304722,0,12,2,0,1,1,0,1,1,1,0,1,0,0000000,10,40,99,99,99,99,0,0,0,2,1
17,170265,1,1,0,0,0,1,1,109,0,31,3,2013,1,12,8,0,4,4,CR-22 (700TH RD),,0,40.38190556,-90.68480278,0,1,0,0,1,1,0,4,1,1,0,1,0,0000000,12,8,99,99,99,99,3,0,0,1,1
17,170266,1,1,0,0,0,2,2,179,2070,31,3,2013,1,5,24,0,13,3,SR-29 (MAIN ST),,1103,40.62865,-89.61433889,0,59,0,0,1,1,0,3,3,1,0,1,0,0000000,5,24,99,99,99,99,0,0,0,1,1
17,170267,2,2,0,0,0,2,2,31,4180,18,4,2013,5,15,45,0,14,6,PALATINE RD,,0,42.11051667,-88.09066667,0,12,2,0,1,1,0,1,1,10,0,10,1,0000000,15,47,99,99,99,99,0,0,0,1,1
17,170269,1,1,0,0,0,3,3,85,0,28,4,2013,1,18,36,0,4,4,CR-3 (STAGECOACH TR),,0,42.46368056,-90.27339722,0,59,0,0,1,1,0,4,1,1,0,1,0,0000000,18,36,99,99,99,99,0,0,0,1,0
17,170270,1,1,0,0,0,1,1,191,0,4,5,2013,7,3,58,1,2,2,US-45,,1046,38.26648889,-88.34783333,0,21,0,0,1,1,0,3,2,2,0,2,0,0000000,3,58,99,99,99,99,0,0,0,1,1
17,170271,2,2,0,0,0,2,2,183,0,8,5,2013,4,13,53,0,3,3,SR-9,,2064,40.45869444,-87.70281111,0,12,2,0,1,1,0,1,1,1,0,1,0,0000000,13,53,99,99,99,99,0,0,0,1,0
17,170272,2,2,0,0,0,2,2,183,2220,13,5,2013,2,13,26,0,14,6,VOORHEES ST,,0,40.147425,-87.55706667,0,12,2,0,1,1,0,1,1,1,0,1,0,0000000,13,26,99,99,99,99,0,0,0,1,0
17,170273,1,1,0,1,1,1,1,31,0,14,5,2013,3,9,0,1,13,3,SR-72,EAST FRONTAGE ROAD,975,42.03643889,-88.02955,0,9,0,0,2,2,0,1,1,1,0,1,0,0000000,9,6,99,99,99,99,0,0,0,1,0
17,170275,1,1,0,0,0,2,2,83,0,11,5,2013,7,20,17,0,4,4,CR-9 (OTTERVILLE RD),,0,39.02301111,-90.408675,0,34,0,0,1,1,0,4,1,1,0,1,0,0000000,20,17,99,99,99,99,0,0,0,1,1
17,170276,3,3,0,0,0,4,4,31,1670,13,5,2013,2,6,10,1,11,1,I-90,,793,41.98414167,-87.84419444,0,12,1,0,1,1,0,1,1,1,0,1,0,0000000,6,11,99,99,99,99,28,0,0,1,0
17,170277,2,2,0,0,0,3,3,141,0,20,5,2013,2,7,7,0,4,4,CR-36 (MONTAGUE RD),ROCK CITY RD,0,42.20078889,-89.47386111,0,12,6,0,2,2,0,1,1,1,0,1,0,0000000,7,7,99,99,99,99,0,0,0,1,0
17,170278,1,1,0,0,0,11,11,51,0,20,5,2013,2,9,30,1,1,1,I-70,,614,38.94776389,-89.1948,0,1,0,0,1,1,0,4,1,1,0,1,0,0000000,9,36,99,99,99,99,0,0,0,5,0
17,170279,2,2,0,0,0,2,2,163,0,22,5,2013,4,10,50,0,3,3,SR-163,,44,38.52428056,-90.10504722,0,12,2,0,1,1,0,1,1,1,0,1,0,0000000,10,50,99,99,99,99,0,0,0,1,0
17,170280,2,2,0,0,0,2,2,11,0,20,5,2013,2,21,43,1,1,1,I-80,,410,41.38679444,-89.76093056,0,12,1,0,1,1,0,1,2,2,0,2,0,0000000,21,43,21,43,99,99,0,0,0,1,1
17,170281,3,3,0,0,0,3,3,97,0,30,4,2013,3,6,39,0,14,4,CR-26 (GILMER RD),,0,42.28884722,-88.09768056,0,12,6,0,1,1,0,2,4,1,0,1,0,0000000,6,39,99,99,99,99,0,0,0,1,0
17,170282,1,1,0,0,0,1,1,119,3550,21,5,2013,3,18,27,0,14,6,MADISON AVE,,0,38.69618333,-90.15082222,0,38,0,0,1,1,0,4,1,1,0,1,0,0000000,18,27,99,99,88,88,0,0,0,1,1
17,170283,1,1,0,0,0,2,2,31,1670,8,1,2013,3,13,14,0,16,6,AVERS AVE,,0,41.85457222,-87.72107222,0,5,0,0,1,1,0,1,1,1,0,1,0,0000000,13,15,99,99,99,99,0,0,0,1,0
17,170284,1,1,0,1,1,1,1,31,1670,22,4,2013,2,8,35,1,11,1,I-94 RAMP,RANDOLPH ST,0,41.88441944,-87.64643056,0,8,0,1,3,3,0,1,1,1,0,1,0,0000000,8,35,99,99,88,88,0,0,0,1,0
17,170285,1,1,0,0,0,1,1,97,9100,8,5,2013,4,14,48,0,14,6,SHERIDAN RD,,0,42.3733,-87.83007778,0,33,0,0,1,1,0,4,1,1,0,1,0,0000000,14,48,99,99,88,88,0,0,0,1,1
17,170287,2,2,0,0,0,2,2,31,1670,8,5,2013,4,22,47,0,14,6,COTTAGE GROVE AVE,111TH ST,0,41.69278056,-87.60985833,0,12,6,0,2,2,0,1,3,1,0,1,0,0000000,22,47,99,99,88,88,0,0,0,1,0
17,170288,2,2,0,0,0,2,2,89,560,15,5,2013,4,6,3,0,13,6,FABYAN PKY,,0,41.86817222,-88.298325,0,12,6,0,8,1,0,1,4,1,0,1,0,0000000,6,4,99,99,99,99,0,0,0,1,0
17,170289,2,2,0,0,0,2,2,105,0,11,5,2013,7,22,29,0,13,3,SR-23,,244,41.098425,-88.83490833,0,12,2,0,1,1,0,1,2,1,0,1,0,0000000,22,29,99,99,99,99,0,0,0,1,0
17,170290,1,1,0,0,0,1,1,191,0,28,5,2013,3,20,50,0,4,4,CR-16,,0,38.52352778,-88.60983333,0,34,0,0,1,1,0,4,2,1,0,1,0,0000000,20,55,99,99,88,88,0,0,0,1,1
17,170291,1,1,0,0,0,1,1,153,0,29,5,2013,4,18,30,0,4,6,CHESTNUT ST,,0,37.21903333,-89.2033,0,34,0,0,1,1,0,4,1,1,0,1,0,0000000,18,38,99,99,99,99,0,0,0,1,0
17,170292,1,1,0,1,1,1,1,31,8030,2,4,2013,3,15,28,0,15,6,MAIN ST,US-41 (SKOKIE RD),289,42.03353889,-87.74729167,0,8,0,0,3,2,0,1,1,1,0,1,0,0000000,15,28,99,99,99,99,0,0,0,1,0
17,170293,1,1,0,2,2,1,1,43,2750,11,5,2013,7,14,39,0,16,6,YORK ST,VAN BUREN ST,0,41.87126667,-87.93470278,0,8,0,0,2,2,0,1,1,1,0,1,0,0000000,14,39,99,99,99,99,0,0,0,1,0
17,170294,2,2,0,0,0,3,3,61,0,11,5,2013,7,19,8,1,13,2,US-67,KANE RD,259,39.18886111,-90.37259167,0,12,1,0,2,2,0,1,1,1,0,1,0,0000000,19,8,99,99,88,88,0,0,0,2,0
17,170295,2,2,0,0,0,2,2,17,8930,17,5,2013,6,7,45,0,14,3,SR-125,DUNCAN AVE,131,39.951875,-90.20479167,0,12,6,0,2,2,0,1,1,1,0,1,0,0000000,7,47,99,99,88,88,0,0,0,1,0
17,170296,1,1,0,1,1,1,1,31,1670,14,5,2013,3,21,12,1,13,3,SR-19,,244,41.95236667,-87.82373889,0,9,0,0,1,1,0,1,2,1,0,1,0,0000000,21,12,99,99,99,99,0,0,0,1,0
17,170297,2,2,0,0,0,3,3,167,8220,24,5,2013,6,16,45,0,13,6,DIRKSEN PKWY,SAM'S PL,0,39.84045556,-89.60445,0,12,6,0,2,3,0,1,1,1,0,1,0,0000000,16,46,99,99,99,99,0,0,0,1,0
17,170298,2,2,0,0,0,2,2,99,0,15,5,2013,4,13,19,0,4,3,SR-178,,35,41.29710556,-89.01005278,0,12,6,0,8,1,0,1,1,1,0,1,0,0000000,13,21,99,99,99,99,0,0,0,1,0
17,170299,2,2,0,0,0,5,5,31,1670,19,5,2013,1,2,21,0,16,6,102ND ST,SANGAMON ST,0,41.70870833,-87.64650556,0,12,6,0,2,2,0,1,3,1,0,1,0,0000000,2,22,99,99,99,99,0,0,0,2,2
17,170300,1,1,0,0,0,2,2,149,0,1,6,2013,7,0,29,0,3,3,SR-106,,633,39.71342778,-91.2921,0,3,0,0,1,1,0,5,2,1,0,1,0,0000000,0,29,99,99,99,99,0,0,0,2,1
17,170301,1,1,0,0,0,1,1,103,0,31,5,2013,6,15,13,1,1,1,I-88,,648,41.83796667,-89.26628889,0,34,0,0,1,1,0,3,1,2,0,2,0,0000000,15,13,99,99,99,99,0,0,0,1,0
17,170302,1,1,0,1,1,1,1,31,6360,3,4,2013,4,3,34,1,13,3,SR-43 (HARLEM AVE),,238,41.84861944,-87.80362778,0,9,0,0,1,1,0,1,3,1,0,1,0,0000000,3,34,99,99,99,99,0,0,0,1,0
17,170303,2,2,0,0,0,8,8,163,0,14,4,2013,1,6,59,1,13,3,SR-3,,1482,38.64905278,-90.16548056,0,12,6,0,1,1,0,4,1,1,0,1,0,0000000,99,99,99,99,99,99,0,0,0,2,1
17,170304,1,1,0,1,1,1,1,89,2670,26,4,2013,6,15,38,0,16,6,3RD ST,READER ST,0,41.89508056,-88.46765,0,15,0,0,2,2,0,1,1,1,0,1,0,0000000,15,38,99,99,99,99,0,0,0,1,0
17,170305,2,2,0,1,1,2,2,31,6400,7,4,2013,1,0,26,1,13,3,SR-50,,451,41.72681667,-87.74101667,0,8,0,0,1,1,0,1,3,2,0,2,0,0000000,0,28,99,99,99,99,0,0,0,1,1
17,170306,1,1,0,1,1,1,1,163,8050,30,4,2013,3,5,32,0,4,4,CR-J19 (DOUGLAS RD),,0,38.42470278,-89.98324167,0,8,0,0,1,1,0,1,2,1,0,1,0,0000000,5,32,99,99,88,88,19,0,0,1,0
17,170307,2,2,0,0,0,2,2,199,2820,13,5,2013,2,12,28,0,13,3,SR-148,GRAND RD,109,37.76008056,-89.02621111,0,12,6,0,2,2,0,1,1,1,0,1,0,0000000,12,28,99,99,99,99,0,0,0,1,0
17,170308,1,1,0,0,0,1,1,99,0,20,5,2013,2,18,27,0,4,4,CR-32 (41ST RD),,0,41.52935278,-88.65281111,0,1,0,0,1,1,0,4,1,1,0,1,0,0000000,18,27,99,99,99,99,0,0,0,1,1
17,170309,2,2,0,0,0,2,2,201,7460,15,5,2013,4,23,44,0,13,3,SR-251 (11TH ST),SAWYER RD,1143,42.22711111,-89.072225,0,12,6,0,2,3,0,1,2,1,0,1,0,0000000,23,47,99,99,99,99,0,0,0,1,0
17,170311,2,2,0,0,0,2,2,43,4220,15,5,2013,4,9,22,0,14,3,SR-53 (ROHLWING RD),ARDMORE AVE,637,41.98045,-88.03146944,0,12,1,0,3,2,1,1,1,1,0,1,0,0000000,9,22,99,99,88,88,0,0,0,1,0
17,170312,1,1,0,0,0,1,1,31,1670,24,5,2013,6,21,13,0,13,6,WESTERN AVE,,0,41.75449722,-87.682975,0,33,0,0,1,1,0,4,2,1,0,1,0,0000000,21,14,99,99,88,88,0,0,0,1,1
17,170313,1,1,0,1,1,1,1,97,0,3,5,2013,6,0,37,0,14,4,CR-W34,,0,42.42283056,-87.85501944,0,8,0,0,1,1,0,1,2,1,0,1,0,0000000,0,37,99,99,88,88,0,0,0,1,0
17,170314,1,1,0,0,0,1,1,31,280,19,3,2013,3,15,32,0,15,6,KENNICOTT DR,,0,42.10050278,-87.99503333,0,42,0,0,1,1,0,4,1,1,0,1,0,0000000,15,32,99,99,99,99,0,0,0,1,0
17,170315,1,1,0,1,1,2,2,43,9000,10,5,2013,6,0,7,1,13,3,SR-59,CONTINENTAL DR,220,41.82598889,-88.20221111,0,9,0,0,2,2,0,1,3,2,0,2,0,0000000,0,7,99,99,99,99,0,0,0,1,0
17,170316,2,2,0,0,0,3,3,31,2370,5,6,2013,4,0,47,1,11,1,I-57,,3506,41.62887222,-87.67338333,0,12,1,0,1,1,0,1,3,1,0,1,0,0000000,0,7,99,99,99,99,0,0,0,1,1
17,170317,1,1,0,0,0,1,1,185,0,31,5,2013,6,22,15,0,6,4,CR-1220N,,0,38.39766667,-87.87427222,0,34,0,0,1,1,0,4,2,1,0,1,0,0000000,22,17,99,99,88,88,0,0,0,1,1
17,170318,2,2,0,0,0,6,6,203,0,3,6,2013,2,8,30,1,1,1,I-74,,1152,40.60963889,-89.21883056,0,12,6,0,7,1,0,1,1,1,0,1,0,0000000,8,30,99,99,99,99,0,0,0,1,0
17,170319,1,1,0,0,0,2,2,171,0,4,6,2013,3,22,39,0,4,4,CR-8 (WOODSON-WINCHESTER RD),,0,39.626275,-90.403275,0,1,0,0,1,1,0,4,2,1,0,1,0,0000000,22,51,99,99,99,99,0,0,0,1,0
17,170320,2,2,0,0,0,3,3,31,1270,19,5,2013,1,18,11,1,13,6,127TH ST,THROOP ST,0,41.66306111,-87.65359722,0,12,6,0,2,2,0,1,1,1,0,1,0,0000000,18,11,99,99,88,88,0,0,0,1,0
17,170321,2,2,0,0,0,2,2,19,0,5,6,2013,4,18,6,0,14,5,STALEY RD,,0,40.13847778,-88.31478611,0,12,2,0,1,1,0,1,1,1,0,1,0,0000000,18,5,99,99,88,88,0,0,0,1,0
17,170322,1,1,0,1,1,1,1,75,0,6,6,2013,5,12,33,0,6,4,CR-3100N,CR-1000E,0,40.95783889,-87.94353056,0,9,0,0,2,2,0,1,1,1,0,1,0,0000000,12,33,99,99,99,99,0,0,0,1,0
17,170323,1,1,0,0,0,4,4,19,0,9,6,2013,1,14,0,1,1,1,I-57,,2272,40.00779722,-88.30400833,0,1,0,0,1,1,0,1,1,1,0,1,0,0000000,14,0,99,99,99,99,0,0,0,1,0
17,170324,1,1,0,0,0,1,1,31,6180,6,4,2013,7,2,8,1,13,2,US-14,,602,42.02871389,-87.79593611,0,33,0,0,1,1,0,4,2,1,0,1,0,0000000,2,9,99,99,88,88,0,0,0,1,1
17,170325,2,2,0,0,0,3,3,197,0,11,6,2013,3,0,35,1,11,1,I-55,,2440,41.39555278,-88.19291111,0,12,1,0,1,1,1,1,3,1,0,1,0,0000000,0,37,99,99,88,88,0,0,0,1,1
17,170326,2,2,0,0,0,2,2,201,0,17,4,2013,4,14,15,0,13,3,SR-2,,620,42.37741389,-89.07838056,0,12,6,0,1,1,1,1,1,2,0,2,0,0000000,14,15,99,99,99,99,5,0,0,1,0
17,170327,1,1,0,0,0,1,1,29,1590,28,5,2013,3,18,59,0,16,6,COOLIDGE AVE,,0,39.46998889,-88.17280278,0,24,0,0,1,1,0,4,1,1,0,1,0,0000000,18,59,99,99,99,99,0,0,0,1,0
17,170328,1,1,0,0,0,1,1,151,0,15,5,2013,4,23,30,0,6,5,GLEN ST FALLS RD,,0,37.52036111,-88.68786389,0,42,0,0,1,1,0,4,2,1,0,1,0,0000000,23,51,99,99,99,99,0,0,0,1,0
17,170329,1,1,0,0,0,1,1,141,0,13,5,2013,2,12,15,0,2,3,SR-2,,453,42.18021389,-89.18297778,0,42,0,0,1,1,0,4,1,1,0,1,0,0000000,12,17,99,99,88,88,0,0,0,1,0
17,170330,1,1,0,1,1,1,1,31,1670,27,5,2013,2,23,29,1,13,3,SR-50,,501,41.79838889,-87.74299444,0,8,0,0,1,1,0,1,2,2,0,2,0,0000000,23,29,99,99,88,88,0,0,0,1,0
17,170331,3,2,1,1,1,6,6,31,1670,29,5,2013,4,18,36,0,13,3,SR-2,,620,41.90639167,-87.64321389,0,9,0,0,1,1,0,1,1,1,0,1,0,0000000,18,36,99,99,99,99,0,0,0,1,1
17,170332,1,1,0,0,0,1,1,137,0,10,6,2013,2,5,4,0,3,3,SR-104,,918,39.58755833,-89.937425,0,32,0,0,1,1,0,4,2,1,0,1,0,0000000,5,26,99,99,88,88,0,0,0,1,1
17,170333,1,1,0,1,1,1,1,115,2250,4,6,2013,3,12,26,0,6,6,CHURCH ST,,0,39.85785,-88.9576,0,9,0,0,1,1,0,1,1,1,0,1,0,0000000,12,26,99,99,99,99,0,0,0,1,0
17,170334,2,2,0,0,0,2,2,31,7820,6,6,2013,5,23,48,1,11,1,I-294,,149,41.95242222,-87.88193333,0,12,1,0,1,1,0,1,3,1,0,1,0,0000000,23,51,99,99,99,99,23,0,0,1,1
17,170335,2,2,0,0,0,3,3,181,0,6,6,2013,5,15,7,1,2,2,US-51,CR-1,416,37.54029444,-89.22125,0,12,6,0,2,2,0,1,1,1,0,1,0,0000000,15,7,99,99,99,99,0,0,0,1,0
17,170336,2,2,0,0,0,2,2,143,4500,18,5,2013,7,9,53,1,13,2,US-24,KINGSTON MINE RD,1149,40.55840278,-89.77654722,0,12,6,0,2,2,0,1,1,1,0,1,0,0000000,9,53,99,99,99,99,0,0,0,1,0
17,170337,1,1,0,1,1,1,1,31,1730,5,6,2013,4,10,13,1,13,3,SR-50,,534,41.84683056,-87.74410833,0,8,0,0,1,1,0,1,1,1,0,1,0,0000000,10,13,99,99,99,99,0,0,0,1,0
17,170338,1,1,0,1,1,1,1,115,2250,13,6,2013,5,0,1,0,14,6,GARFIELD AVE,,0,39.86271389,-88.91941667,0,8,0,0,1,1,0,1,3,1,0,1,0,0000000,0,1,99,99,88,88,0,0,0,1,0
17,170340,2,2,0,0,0,2,2,91,4380,10,6,2013,2,12,7,0,13,2,US-45 (EAST ST),RIVER RD,3232,41.09177222,-87.86901111,0,12,6,0,2,3,0,1,1,1,0,1,0,0000000,12,7,99,99,99,99,0,0,0,1,0
17,170341,2,2,0,0,0,3,3,113,0,11,6,2013,3,4,30,1,1,1,I-39,,39,40.58383889,-89.00293056,0,12,6,0,7,1,0,1,2,1,0,1,0,0000000,4,37,99,99,99,99,0,0,0,1,0
17,170342,1,1,0,1,1,1,1,31,3790,23,4,2013,3,22,36,0,14,6,WOOD ST,,0,41.61376389,-87.6608,0,8,0,0,1,1,0,1,2,2,0,2,0,0000000,22,36,99,99,99,99,0,0,0,1,1
17,170344,2,2,0,0,0,5,5,97,585,14,4,2013,1,11,40,0,14,3,SR-131 (GREEN BAY RD),29TH ST,115,42.44291111,-87.8761,0,12,6,0,2,2,0,1,1,1,0,1,0,0000000,11,40,99,99,88,88,0,0,0,1,0
17,170345,2,2,0,0,0,4,4,31,2330,19,5,2013,1,12,12,0,14,6,DEMSTER ST (THACKER ST),MARSHALL DR,0,42.03733333,-87.93085,0,12,6,0,2,2,0,1,1,1,0,1,0,0000000,12,12,99,99,99,99,0,0,0,1,0
17,170346,1,1,0,1,1,1,1,31,3790,6,5,2013,2,20,28,1,13,6,DIXIE HWY,,0,41.610025,-87.67104722,0,8,0,0,1,1,0,1,3,1,0,1,0,0000000,20,28,99,99,99,99,0,0,0,1,0
17,170347,2,2,0,0,0,2,2,39,0,8,6,2013,7,7,36,1,2,2,US-51,,2376,40.12654444,-88.96603889,0,33,0,0,1,1,0,4,1,1,0,1,0,0000000,8,1,99,99,99,99,0,0,0,1,0
17,170348,2,2,0,0,0,3,3,35,0,11,6,2013,3,21,47,0,3,3,SR-121,,161,39.31991667,-88.37839722,0,12,1,0,8,1,0,1,2,1,0,1,0,0000000,21,47,99,99,99,99,0,0,0,1,1
17,170349,1,1,0,0,0,2,2,77,0,12,6,2013,4,5,19,0,6,6,CHAUTAUQUA RD,,0,37.709375,-89.30068333,0,42,0,0,1,1,0,4,4,1,0,1,0,0000000,5,19,99,99,99,99,0,0,0,1,1
17,170350,1,1,0,0,0,1,1,31,6400,4,6,2013,3,3,18,0,16,6,105TH PL,LAVERGNE AVE,0,41.70089722,-87.74497778,0,33,0,0,3,3,0,4,3,1,0,1,0,0000000,3,18,99,99,88,88,0,0,0,1,1
17,170351,2,2,0,0,0,3,3,165,0,4,6,2013,3,14,34,1,2,3,SR-13,CARRIER MILLS BLKTP,1210,37.73335,-88.63401111,0,12,6,0,2,2,0,1,1,1,0,1,0,0000000,14,34,99,99,99,99,0,0,0,1,0
17,170352,2,2,0,0,0,3,3,73,0,14,6,2013,6,14,4,0,6,2,US-6,SR-84,120,41.45533056,-90.35791111,0,12,6,0,2,2,0,1,1,1,0,1,0,0000000,14,5,99,99,99,99,0,0,0,2,0
17,170353,1,1,0,1,1,1,1,75,0,1,6,2013,7,23,13,1,1,1,I-57,,3007,40.986575,-87.91170556,0,8,0,0,1,1,0,1,2,1,0,1,0,0000000,23,13,99,99,88,88,19,0,0,1,0
17,170354,1,1,0,0,0,8,8,95,0,1,5,2013,4,21,0,0,6,4,CR-400,,0,40.74685,-90.36721944,0,30,0,0,1,1,0,4,2,1,0,1,0,0000000,21,0,99,99,99,99,0,0,0,1,1
17,170355,1,1,0,1,1,2,2,157,6880,24,5,2013,6,15,56,0,6,6,KIM ST,,0,38.011975,-89.62530556,0,8,0,0,1,1,0,1,1,1,0,1,0,0000000,15,56,99,99,99,99,0,0,0,1,0
17,170356,1,1,0,1,1,1,1,199,5250,15,5,2013,4,21,34,0,14,3,SR-37,,531,37.71286389,-88.93267222,0,8,0,0,1,1,0,1,2,1,0,1,0,0000000,21,34,99,99,99,99,0,0,0,1,1
17,170358,1,1,0,0,0,1,1,91,4380,15,6,2013,7,1,50,0,13,2,US-45,SOUTH TECH ROAD,3229,41.08615278,-87.86895556,0,34,0,0,3,3,0,4,3,1,0,1,0,0000000,1,51,99,99,88,88,0,0,0,1,1
17,170359,2,2,0,0,0,3,3,21,6700,19,6,2013,4,14,0,0,13,3,SR-16,,974,39.38868056,-89.04369444,0,12,1,0,1,1,0,1,1,1,0,1,0,0000000,14,4,99,99,99,99,0,0,0,1,0
17,170360,2,2,0,0,0,2,2,201,7460,13,6,2013,5,21,21,0,13,6,PERRYVILLE RD,WEAVER RD,0,42.31720833,-88.98183889,0,12,6,0,2,3,0,1,3,1,0,1,0,0000000,21,22,99,99,99,99,0,0,0,1,1
17,170361,1,1,0,0,0,1,1,45,0,1,6,2013,7,14,37,0,3,3,SR-49,,441,39.58178611,-87.9405,0,1,0,0,1,1,0,4,1,1,0,1,0,0000000,14,37,99,99,99,99,0,0,0,1,1
17,170362,1,1,0,0,0,1,1,31,0,12,6,2013,4,4,8,1,13,3,SR-58,,234,42.055075,-87.816525,0,38,0,0,1,1,0,3,3,1,0,1,0,0000000,4,8,99,99,99,99,0,0,0,1,1
17,170363,1,1,0,1,1,1,1,31,1670,31,5,2013,6,15,18,0,14,6,COTTAGE GROVE AVE,50TH PL,0,41.80316944,-87.60641111,0,8,0,0,2,3,0,1,1,1,0,1,0,0000000,15,19,99,99,99,99,0,0,0,1,0
17,170364,1,1,0,1,1,1,1,119,5120,21,6,2013,6,2,26,1,13,3,SR-203,SKEEN ST,28,38.68281944,-90.14826944,0,9,0,0,2,2,0,1,2,1,0,1,0,0000000,2,26,99,99,99,99,0,0,0,1,0
17,170365,2,2,0,0,0,3,3,81,0,21,6,2013,6,21,23,0,3,3,SR-15,,714,38.30726667,-89.036425,0,12,2,0,8,1,0,1,2,1,0,1,0,0000000,21,23,99,99,99,99,0,0,0,2,1
17,170366,1,1,0,0,0,2,2,31,1670,26,1,2013,7,23,32,0,15,6,MICHIGAN AVE,,0,41.69439167,-87.62077222,0,33,0,0,1,1,0,4,3,1,0,1,0,0000000,23,35,99,99,99,99,0,0,0,1,1
17,170367,2,2,0,0,0,3,3,93,0,2,5,2013,5,13,40,0,4,4,CR-3 (E 30TH RD),N 4750TH RD,0,41.62416111,-88.60193056,0,12,6,0,2,2,0,1,1,1,0,1,0,0000000,13,46,99,99,99,99,0,0,0,1,0
17,170368,1,1,0,0,0,2,2,31,1670,8,3,2013,6,12,35,0,14,6,HALSTED ST,,0,41.81066944,-87.64558889,0,30,0,0,1,1,0,4,1,1,0,1,0,0000000,12,41,99,99,99,99,0,0,0,1,0
17,170369,1,1,0,1,1,3,3,21,0,15,6,2013,7,22,37,1,2,2,US-51,,1824,39.42491389,-89.04358333,0,8,0,0,1,1,0,1,2,2,0,2,0,0000000,22,37,99,99,88,88,0,0,0,1,0
17,170370,1,1,0,1,1,1,1,31,6610,5,6,2013,4,21,34,1,13,2,US-6 (159TH ST),80TH AVE,1618,41.60196111,-87.81368889,0,8,0,0,3,2,0,1,3,10,0,10,0,0000000,21,34,21,39,21,58,0,0,0,1,1
17,170371,1,1,0,0,0,1,1,119,0,24,6,2013,2,11,9,1,11,1,I-270,SR-111,0,38.75540556,-90.06826111,0,1,0,1,5,1,0,4,1,1,0,1,0,0000000,11,9,99,99,88,88,0,0,0,1,0
17,170372,2,2,0,0,0,2,2,23,0,4,6,2013,3,11,20,0,4,5,1000TH ST (BANKBARN RD),1200TH RD,0,39.32536111,-87.8248,0,12,6,0,2,2,0,1,1,1,0,1,0,0000000,11,20,99,99,88,88,0,0,0,1,0