STATE,ST_CASE,VE_TOTAL,VE_FORMS,PVH_INVL,PEDS,PERNOTMVIT,PERMVIT,PERSONS,COUNTY,CITY,DAY,MONTH,YEAR,DAY_WEEK,HOUR,MINUTE,NHS,ROAD_FNC,ROUTE,TWAY_ID,TWAY_ID2,MILEPT,LATITUDE,LONGITUD,SP_JUR,HARM_EV,MAN_COLL,RELJCT1,RELJCT2,TYP_INT,WRK_ZONE,REL_ROAD,LGT_COND,WEATHER1,WEATHER2,WEATHER,SCH_BUS,RAIL,NOT_HOUR,NOT_MIN,ARR_HOUR,ARR_MIN,HOSP_HR,HOSP_MN,CF1,CF2,CF3,FATALS,DRUNK_DR
17,170374,3,3,0,0,0,13,13,31,1670,14,6,2013,6,16,1,0,13,6,PULASKI RD,76TH ST,0,41.7551,-87.72216111,0,12,6,0,2,3,0,1,1,1,0,1,0,0000000,16,1,99,99,99,99,0,0,0,1,1
17,170375,1,1,0,0,0,1,1,115,0,13,6,2013,5,22,56,1,13,2,US-36,CR-57,1473,39.80576389,-88.81483611,0,31,0,0,3,3,0,4,6,1,0,1,0,0000000,22,58,99,99,88,88,0,0,0,1,1
17,170376,2,2,0,0,0,3,3,55,0,25,6,2013,3,16,49,0,3,3,SR-154,GOLF COURSE DR,628,38.08265,-88.92135,0,12,6,0,2,2,0,1,1,1,0,1,0,0000000,16,49,99,99,99,99,0,0,0,2,0
17,170377,3,3,0,0,0,3,3,31,1670,28,5,2013,3,16,53,0,13,6,WESTERN AVE,,0,41.91333611,-87.68724722,0,12,1,0,1,1,0,1,1,1,0,1,0,0000000,16,55,99,99,99,99,0,0,0,1,0
17,170378,1,1,0,1,1,1,1,31,1670,14,6,2013,6,3,39,0,15,6,YALE AVE,,0,41.78526389,-87.63194167,0,8,0,0,1,1,0,1,2,1,0,1,0,0000000,3,40,99,99,88,88,0,0,0,1,0
17,170379,1,1,0,0,0,2,2,81,5900,29,6,2013,7,14,16,1,11,1,I-57,,960,38.33090833,-88.95502778,0,44,0,0,1,1,1,1,1,1,0,1,0,0000000,14,16,99,99,99,99,3,0,0,1,0
17,170380,1,1,0,0,0,9,9,29,0,30,6,2013,1,5,50,1,1,1,I-57,,1810,39.38758056,-88.40700833,0,1,0,0,1,1,0,1,2,1,0,1,0,0000000,5,51,99,99,99,99,0,0,0,1,0
17,170381,2,2,0,0,0,2,2,89,0,15,5,2013,4,12,25,1,13,2,US-20,CR-22,1394,42.04337222,-88.37628333,0,12,6,0,2,2,0,1,1,1,0,1,0,0000000,12,25,99,99,88,88,0,0,0,1,0
17,170382,1,1,0,0,0,1,1,199,0,18,5,2013,7,16,49,0,16,5,WARDS MILL RD,,0,37.67756389,-88.91978611,0,1,0,0,1,1,0,4,1,1,0,1,0,0000000,16,49,99,99,88,88,0,0,0,1,1
17,170383,1,1,0,0,0,1,1,189,0,15,5,2013,4,8,4,0,4,4,CR-16,,0,38.21956944,-89.55823056,0,34,0,0,1,1,0,4,1,1,0,1,0,0000000,8,4,99,99,99,99,0,0,0,1,0
17,170384,2,2,0,0,0,3,3,89,560,20,5,2013,2,10,8,0,13,6,RANDALL RD,MILL ST,0,41.85895,-88.34046111,0,12,6,0,2,2,0,1,1,1,0,1,0,0000000,10,8,99,99,99,99,0,0,0,1,0
17,170385,4,4,0,0,0,8,8,77,1350,16,6,2013,1,13,43,0,14,6,MCLAFFERTY RD,CHAUTAUQUA ST,0,37.71565,-89.23758889,0,12,6,0,2,2,0,1,1,1,0,1,0,0000000,13,43,99,99,99,99,0,0,0,1,0
17,170386,3,1,2,0,0,2,2,31,1670,16,6,2013,1,19,20,0,14,6,79TH ST,,0,41.75164167,-87.57440833,0,14,0,0,1,1,0,7,1,1,0,1,0,0000000,19,20,99,99,99,99,0,0,0,1,0
17,170387,1,1,0,0,0,1,1,111,0,28,6,2013,6,4,22,1,2,2,US-14,,134,42.33917778,-88.51593889,0,32,0,0,1,1,0,4,2,1,0,1,0,0000000,4,22,99,99,99,99,0,0,0,1,1
17,170388,1,1,0,0,0,1,1,31,1670,13,6,2013,5,5,26,0,14,6,87TH ST,MICHIGAN AVE,0,41.73640833,-87.621,0,19,0,0,3,2,0,4,1,2,0,2,0,0000000,5,35,99,99,88,88,0,0,0,1,0
17,170389,1,1,0,1,1,1,1,31,1670,20,6,2013,5,15,0,0,15,6,LAKE SHORE DR,GRACE ST,0,41.95233889,-87.64505,0,8,0,0,2,3,0,1,1,1,0,1,0,0000000,15,3,99,99,99,99,0,0,0,1,0
17,170391,1,1,0,1,1,3,3,199,0,23,6,2013,1,22,19,0,4,4,CR-11 (HERRIN RD),,0,37.81115556,-89.08723889,0,8,0,0,1,1,0,1,2,1,0,1,0,0000000,22,19,99,99,99,99,0,0,0,1,0
17,170392,1,1,0,0,0,1,1,89,0,26,6,2013,4,18,5,1,13,3,SR-47,,1240,41.86494167,-88.471625,0,1,0,0,1,1,0,1,1,1,0,1,0,0000000,18,5,99,99,99,99,0,0,0,1,1
17,170393,1,1,0,1,1,1,1,89,0,27,6,2013,5,14,11,0,6,5,NELSON LAKE RD,,0,41.83463611,-88.36957778,0,9,0,0,1,1,0,1,1,1,0,1,0,0000000,14,11,99,99,99,99,0,0,0,1,0
17,170394,1,1,0,0,0,1,1,143,6850,7,7,2013,1,2,16,0,13,3,SR-40,,85,40.78911944,-89.60253889,0,33,0,0,1,1,0,4,3,1,0,1,0,0000000,2,16,99,99,99,99,0,0,0,1,1
17,170395,2,2,0,0,0,3,3,163,0,4,7,2013,5,20,35,0,3,3,SR-159,,154,38.42908889,-89.98289167,0,12,7,0,1,1,0,1,5,1,0,1,0,0000000,20,38,99,99,99,99,0,0,0,1,2
17,170396,1,1,0,0,0,1,1,83,0,4,7,2013,5,1,30,0,4,4,CR-9 (0TTERVILLE ROAD),,0,39.02130556,-90.40901111,0,35,0,0,1,1,0,4,2,1,0,1,0,0000000,7,40,99,99,88,88,0,0,0,1,1
17,170397,1,1,0,1,1,1,1,197,7491,4,7,2013,5,21,34,1,13,6,WEBER RD,,0,41.64038056,-88.12459167,0,8,0,0,1,1,0,1,2,1,0,1,0,0000000,21,34,99,99,99,99,0,0,0,1,0
17,170398,1,1,0,0,0,2,2,197,2060,5,7,2013,6,20,2,0,16,6,CRETE-MONEE HIGH SCHOOL ACCESS,,0,41.44311389,-87.65524444,0,1,0,0,1,1,0,1,1,1,0,1,0,0000000,20,14,99,99,99,99,0,0,0,2,0
17,170399,1,1,0,0,0,1,1,163,2610,2,6,2013,1,0,49,0,15,6,MARTIN LUTHER KING DR,,0,38.61313333,-90.13705,0,42,0,0,1,1,0,4,2,1,0,1,0,0000000,0,49,99,99,99,99,0,0,0,1,1
17,170400,2,2,0,0,0,2,2,7,0,30,6,2013,1,13,56,0,13,3,SR-76 (BELVIDERE RD),,22,42.30686667,-88.85021389,0,12,2,0,1,1,0,1,1,1,0,1,0,0000000,13,56,99,99,99,99,0,0,0,1,0
17,170401,1,1,0,0,0,1,1,89,2690,3,6,2013,2,7,35,0,16,8,ACCESS ROAD,,0,99.99990000,999.99990000,0,1,0,0,1,1,0,1,1,1,0,1,0,0000000,7,36,99,99,88,88,0,0,0,1,0
17,170402,1,1,0,0,0,1,1,43,460,25,5,2013,7,3,46,0,13,6,75TH ST,,0,41.74685278,-88.22291667,0,34,0,0,1,1,0,4,3,1,0,1,0,0000000,3,46,99,99,99,99,0,0,0,1,1
17,170403,1,1,0,0,0,3,3,163,1240,20,6,2013,5,23,59,0,16,6,ST MATTHEW DR,,0,38.558925,-90.18968333,0,42,0,0,1,1,0,5,3,1,0,1,0,0000000,23,59,99,99,99,99,0,0,0,1,1
17,170404,1,1,0,0,0,1,1,31,0,24,6,2013,2,17,53,0,13,5,BELL RD,,0,41.66173333,-87.931925,0,32,0,0,1,1,0,4,1,2,0,2,0,0000000,17,53,99,99,99,99,0,0,0,1,0
17,170405,1,1,0,1,1,3,3,163,2610,18,5,2013,7,15,19,0,16,8,6TH ST ALLEY,,0,38.62842222,-90.15318889,0,8,0,0,1,1,0,1,1,1,0,1,0,0000000,15,19,99,99,99,99,17,0,0,1,0
17,170406,1,1,0,5,5,1,1,29,0,6,7,2013,7,21,12,0,4,4,CR-1450E (LINCOLN HWY),,0,39.4395,-88.20531111,0,9,0,0,1,1,0,1,2,1,0,1,0,0000000,21,12,99,99,99,99,0,0,0,1,1
17,170407,2,2,0,0,0,3,3,167,8220,8,6,2013,7,19,27,0,13,6,STEVENSON DR,WOODWARD ST,0,39.75758889,-89.63166944,0,12,6,0,2,3,0,1,1,1,0,1,0,0000000,19,27,99,99,99,99,0,0,0,1,0
17,170408,1,1,0,0,0,2,2,43,0,25,4,2013,5,22,32,0,15,5,SHAFFNER RD,,0,41.843575,-88.146975,0,1,0,0,1,1,0,4,2,1,0,1,0,0000000,22,32,99,99,99,99,0,0,0,1,1
17,170409,2,2,0,0,0,3,3,201,0,3,6,2013,2,12,30,0,3,3,SR-75 (FREEPORT RD),,337,42.44363889,-89.08937222,0,12,6,0,8,1,0,1,1,1,0,1,0,0000000,12,30,99,99,99,99,0,0,0,1,0
17,170410,1,1,0,0,0,2,2,97,6501,16,6,2013,1,22,35,1,13,2,US-45 (MCHENRY RD),,4207,42.43265278,-88.00775556,0,34,0,0,1,1,0,4,2,1,0,1,0,0000000,22,35,99,99,99,99,0,0,0,1,1
17,170411,2,2,0,0,0,3,3,31,7502,12,7,2013,6,13,9,1,11,1,I-190,,12,41.98320556,-87.86963056,0,12,7,1,18,1,1,1,1,1,0,1,0,0000000,13,10,99,99,99,99,0,0,0,1,0
17,170412,2,2,0,0,0,2,2,23,0,9,7,2013,3,7,4,1,2,3,SR-1,,1394,39.19423056,-87.67987778,0,12,2,0,1,1,0,1,1,1,0,1,0,0000000,7,4,99,99,88,88,0,0,0,1,0
17,170413,2,2,0,0,0,3,3,197,0,13,7,2013,7,18,19,1,12,1,I-80,,1485,41.55097222,-87.80221944,0,12,7,1,20,1,0,1,1,1,0,1,0,0000000,18,24,99,99,99,99,0,0,0,1,1
17,170414,2,2,0,0,0,3,3,63,0,13,7,2013,7,10,0,0,4,4,CR-27 (LISBON RD),NELSON RD,0,41.41497222,-88.45618333,0,12,6,0,2,2,0,1,1,1,0,1,0,0000000,10,1,99,99,99,99,0,0,0,1,0
17,170415,1,1,0,0,0,3,3,179,0,12,7,2013,6,6,30,0,14,5,5TH ST,,0,40.50963333,-89.64489444,0,30,0,0,1,1,0,4,1,1,0,1,0,0000000,6,30,99,99,99,99,0,0,0,1,0
17,170416,1,1,0,0,0,3,3,31,1670,5,2,2013,3,20,29,0,14,6,31ST,,0,41.83891667,-87.68575278,0,24,0,0,1,1,0,4,3,1,0,1,0,0000000,20,29,99,99,99,99,0,0,0,3,0
17,170417,1,1,0,0,0,2,2,197,0,4,7,2013,5,8,4,0,6,5,ARSENAL RD,,0,41.35144167,-87.96204167,0,32,0,0,1,1,0,4,1,1,0,1,0,0000000,8,4,99,99,99,99,0,0,0,1,1
17,170418,1,1,0,0,0,1,1,141,0,28,4,2013,1,18,8,0,3,3,SR-72,,411,42.10038056,-89.07159444,0,34,0,0,1,1,0,4,1,1,0,1,0,0000000,18,9,99,99,99,99,0,0,0,1,0
17,170419,1,1,0,0,0,1,1,167,8220,24,7,2013,4,23,53,0,14,6,9TH ST,STANFORD,0,39.76679167,-89.64463889,0,33,0,0,3,3,0,4,3,1,0,1,0,0000000,23,53,99,99,99,99,0,0,0,1,0
17,170420,1,1,0,0,0,1,1,61,0,25,7,2013,5,2,43,0,4,4,CR-2,,0,39.48461389,-90.40740833,0,34,0,0,1,1,0,4,2,1,0,1,0,0000000,2,43,99,99,88,88,0,0,0,1,1
17,170421,2,2,0,0,0,4,4,137,8130,17,7,2013,4,23,38,1,13,3,SR-267,COMFORT DR,373,39.69233889,-90.22875,0,12,6,0,2,3,0,1,3,1,0,1,0,0000000,23,38,99,99,99,99,0,0,0,2,0
17,170422,2,2,0,0,0,2,2,97,4620,19,4,2013,6,12,57,0,14,3,SR-43 (WAUKEGAN RD),OLD MILL RD,500,42.21096944,-87.86815278,0,12,1,0,3,2,0,1,1,1,0,1,0,0000000,12,59,99,99,99,99,0,0,0,1,0
17,170423,1,1,0,0,0,1,1,31,1670,30,3,2013,7,3,7,0,13,6,WESTERN AVE,,0,41.83853056,-87.68519444,0,30,0,0,1,1,0,4,3,1,0,1,0,0000000,3,7,99,99,99,99,0,0,0,1,1
17,170424,1,1,0,1,1,2,2,91,0,18,7,2013,5,23,2,0,5,4,CR-85 (7000W RD),,0,41.23066944,-88.01248333,0,8,0,0,1,1,0,1,2,1,0,1,0,0000000,23,2,99,99,99,99,19,0,0,1,0
17,170425,1,1,0,0,0,1,1,73,0,19,7,2013,6,11,59,0,4,4,CR-17 (MAIN ST),,0,41.25240278,-90.38382222,0,10,0,0,6,1,0,1,1,1,0,1,0,065630A,11,59,99,99,88,88,0,0,0,1,0
17,170426,1,1,0,0,0,1,1,11,0,24,7,2013,4,9,45,0,4,4,CR-23 (BOTTOM RD),,0,41.29161944,-89.39576111,0,42,0,0,1,1,0,4,1,1,0,1,0,0000000,9,50,99,99,99,99,0,0,0,1,0
17,170427,1,1,0,1,1,1,1,183,2220,24,6,2013,2,11,18,1,13,2,US-136 (GILBERT ST),NORTH DR,2203,40.1263,-87.63558056,0,8,0,0,3,2,0,1,1,1,0,1,0,0000000,11,18,99,99,99,99,0,0,0,1,0
17,170428,1,1,0,0,0,2,2,55,0,28,6,2013,6,2,15,0,4,4,CR-37 (PARK STREET RD),,0,38.02378611,-89.05807778,0,31,0,0,1,1,0,4,2,1,0,1,0,0000000,2,15,99,99,99,99,0,0,0,1,1
17,170429,2,2,0,0,0,3,3,31,1670,10,4,2013,4,13,20,0,14,6,LAWRENCE AVE,LAVERGNE AVE,0,41.96798056,-87.75261389,0,12,6,0,2,2,0,1,1,2,0,2,0,0000000,13,22,99,99,99,99,0,0,0,1,0
17,170430,1,1,0,0,0,1,1,31,9170,21,7,2013,1,22,26,0,15,6,ENTERPRISE DR,,0,41.84766667,-87.909725,0,33,0,0,1,1,0,4,2,2,0,2,0,0000000,22,26,99,99,99,99,0,0,0,1,0
17,170431,2,2,0,0,0,2,2,141,7410,19,6,2013,4,17,16,1,13,3,SR-251 (7TH ST),,926,41.91766667,-89.06865278,0,12,1,0,1,1,0,1,1,1,0,1,0,0000000,17,16,99,99,99,99,0,0,0,1,0
17,170432,2,2,0,0,0,2,2,111,4640,18,6,2013,3,19,29,0,15,6,HALIGUS RD,BONNIE DR,0,42.22417222,-88.39839167,0,12,6,0,2,3,0,1,1,1,0,1,0,0000000,19,29,99,99,99,99,0,0,0,1,0
17,170433,1,1,0,0,0,1,1,31,1670,6,7,2013,7,0,5,0,16,6,PAYNE DR,,0,41.79921944,-87.60793889,0,33,0,0,1,1,0,4,3,1,0,1,0,0000000,0,10,99,99,99,99,0,0,0,1,0
17,170434,1,1,0,0,0,1,1,179,2070,5,7,2013,6,10,44,1,13,2,US-24 (MAIN ST),,1301,40.65105556,-89.59515833,0,42,0,0,1,1,0,4,1,1,0,1,0,0000000,10,44,99,99,99,99,0,0,0,1,1
17,170435,1,1,0,0,0,2,2,75,0,15,7,2013,2,17,36,0,3,3,SR-49,,1127,40.5078,-87.89815278,0,52,0,0,1,1,0,4,1,1,0,1,0,0000000,17,36,99,99,99,99,0,0,0,1,0
17,170436,1,1,0,0,0,2,2,31,1670,6,4,2013,7,0,26,0,15,6,DAMEN AVE,,0,41.80486944,-87.67461111,0,30,0,0,1,1,0,4,3,1,0,1,0,0000000,0,28,99,99,99,99,0,0,0,1,1
17,170437,2,2,0,0,0,4,4,99,4690,24,3,2013,1,16,52,0,16,6,LAHARPE ST,8TH ST,0,41.33641111,-89.08974722,0,12,6,0,2,2,0,1,1,4,0,4,0,0000000,16,52,99,99,99,99,0,0,0,1,0
17,170438,1,1,0,1,1,1,1,163,2610,18,7,2013,5,3,55,1,11,1,I-55,,13,38.62361389,-90.16478889,0,8,0,0,1,1,0,1,2,1,0,1,0,0000000,3,55,99,99,88,88,0,0,0,1,0
17,170439,2,2,0,0,0,2,2,163,8430,4,7,2013,5,17,11,0,15,6,OLD COLLINSVILLE RD,WILLIAM LN,0,38.55286111,-89.9663,0,12,6,0,2,2,0,1,1,1,0,1,0,0000000,17,11,99,99,99,99,0,0,0,1,0
17,170440,1,1,0,1,1,2,2,31,6687,11,6,2013,3,15,50,0,14,6,RIDGELAND AVE,135TH ST,0,41.64653056,-87.77701667,0,9,0,0,3,2,0,1,1,1,0,1,0,0000000,15,50,99,99,99,99,0,0,0,1,0
17,170441,1,1,0,0,0,1,1,111,0,13,7,2013,7,19,25,0,15,5,MCCONNELL ST,,0,42.28903056,-88.38442222,0,34,0,0,1,1,0,4,1,1,0,1,0,0000000,19,25,99,99,99,99,0,0,0,1,0
17,170442,2,2,0,0,0,2,2,43,3420,31,5,2013,6,17,22,0,14,6,MAIN ST,,0,41.89126111,-88.06349444,0,12,6,0,8,1,0,1,1,1,0,1,0,0000000,17,22,99,99,99,99,0,0,0,1,0
17,170443,1,1,0,0,0,1,1,161,0,21,6,2013,6,0,42,1,11,1,I-280 RAMP,,0,41.46444167,-90.61702222,0,31,0,1,5,1,0,4,2,1,0,1,0,0000000,0,42,99,99,99,99,0,0,0,1,1
17,170444,2,2,0,0,0,2,2,129,0,24,7,2013,4,12,41,0,3,3,SR-97,,208,39.98789167,-89.84371667,0,12,2,0,1,1,0,1,1,1,0,1,0,0000000,12,41,99,99,99,99,0,0,0,1,0
17,170445,2,2,0,0,0,3,3,197,2035,19,5,2013,1,11,20,0,13,6,WEBER RD,MCGILVARY DR,0,41.58955,-88.12251944,0,12,6,0,2,2,1,1,1,1,0,1,0,0000000,11,20,99,99,99,99,0,0,0,1,0
17,170446,1,1,0,1,1,2,2,143,680,21,7,2013,1,0,15,1,13,3,SR-116 (HARMON HWY),,756,40.68203611,-89.64808056,0,8,0,0,1,1,0,1,2,1,0,1,0,0000000,0,15,99,99,99,99,0,0,0,1,0
17,170447,1,1,0,1,1,2,2,31,1670,20,7,2013,7,22,26,0,15,6,47TH ST,,0,41.80789444,-87.72149167,0,8,0,0,1,1,0,1,3,2,0,2,0,0000000,22,30,99,99,99,99,0,0,0,1,0
17,170448,3,3,0,0,0,4,4,119,0,10,6,2013,2,13,19,0,3,3,SR-140,ST JAMES RD,130,38.89834444,-89.94604444,0,12,6,0,2,2,0,1,1,1,0,1,0,0000000,13,21,99,99,99,99,0,0,0,1,0
17,170449,1,1,0,0,0,1,1,141,0,19,6,2013,4,2,0,0,6,5,OREGON TRAIL RD,,0,42.02017222,-89.35881667,0,30,0,0,1,1,0,4,2,1,0,1,0,0000000,2,24,99,99,88,88,0,0,0,1,0
17,170450,1,1,0,1,1,1,1,31,1670,11,4,2013,5,4,12,0,15,6,DIVISION ST,,0,41.90355,-87.6531,0,8,0,0,1,1,0,1,1,2,0,2,0,0000000,4,18,99,99,99,99,0,0,0,1,0
17,170451,1,1,0,0,0,3,3,97,3670,24,6,2013,2,20,20,1,13,3,SR-120 (BELVIDERE RD),,303,42.34144722,-87.95954444,0,34,0,0,1,1,0,3,1,98,0,98,0,0000000,20,20,99,99,99,99,0,0,0,1,0
17,170452,2,2,0,0,0,2,2,31,1670,31,3,2013,1,22,45,1,13,2,US-41 (LAKE SHORE DR),,93,41.81380278,-87.59182778,0,12,1,0,1,1,0,1,3,1,0,1,0,0000000,22,45,99,99,99,99,0,0,0,1,1
17,170453,1,1,0,0,0,2,2,31,1670,2,7,2013,3,20,57,0,16,6,LEMOYNE ST,,0,41.90748611,-87.7719,0,42,0,0,1,1,0,4,3,1,0,1,0,0000000,20,57,99,99,99,99,20,0,0,1,1
17,170454,1,1,0,0,0,1,1,75,0,11,7,2013,5,6,13,1,2,3,SR-1,,2662,40.96560833,-87.73200833,0,34,0,0,1,1,0,4,1,1,0,1,0,0000000,6,13,99,99,99,99,0,0,0,1,0
17,170455,1,1,0,0,0,8,8,195,0,15,7,2013,2,13,5,1,1,1,I-88,,289,41.73011389,-89.90571389,0,1,0,0,1,1,0,3,1,1,0,1,0,0000000,13,7,99,99,99,99,0,0,0,1,0
17,170456,1,1,0,0,0,3,3,163,0,13,7,2013,7,0,38,0,16,5,CLARENCE ST,,0,38.64956389,-90.04499722,0,53,0,0,1,1,0,4,2,1,0,1,0,0000000,0,38,99,99,99,99,0,0,0,1,1
17,170457,1,1,0,0,0,1,1,197,9390,12,7,2013,6,18,28,0,15,6,KANKAKEE RIVER DR,,0,41.32003333,-88.14188333,0,10,0,0,6,1,0,1,1,1,0,1,0,290498w,18,28,99,99,88,88,0,0,0,1,1
17,170458,2,2,0,0,0,2,2,31,1670,24,6,2013,2,15,15,0,15,6,ARCHER AVE,HAMILTON AVE,0,41.82960833,-87.67891111,0,12,6,0,2,3,0,1,1,1,0,1,0,0000000,15,15,99,99,99,99,0,0,0,1,0
17,170459,1,1,0,0,0,1,1,9,0,6,7,2013,7,11,0,0,4,4,CR-11 (CHESTNUT),,0,39.90545556,-90.65893889,0,34,0,0,1,1,0,4,1,1,0,1,0,0000000,11,0,99,99,88,88,0,0,0,1,0
17,170460,2,2,0,0,0,2,2,31,1670,14,6,2013,6,19,23,0,13,6,STONY ISLAND AVE,86TH ST,0,41.73873056,-87.58568056,0,12,6,0,2,2,0,1,1,1,0,1,0,0000000,19,23,99,99,99,99,0,0,0,1,0
17,170461,2,2,0,0,0,4,4,31,1670,27,6,2013,5,18,20,0,15,6,115TH ST,FAIRFIELD AVE,0,41.68443056,-87.68955,0,12,1,0,3,2,0,1,1,2,0,2,0,0000000,18,40,99,99,99,99,0,0,0,1,1
17,170462,2,2,0,0,0,2,2,57,0,11,7,2013,5,12,3,0,13,3,SR-78 (MAIN ST),BUCKEYE ST,684,40.59355,-90.03516944,0,12,6,0,2,3,0,1,1,1,0,1,0,0000000,12,3,99,99,99,99,0,0,0,1,0
17,170463,1,1,0,0,0,1,1,161,2580,5,7,2013,6,14,27,1,13,3,SR-84 (20TH ST),,88,41.54385556,-90.41676667,0,35,0,0,1,1,0,4,1,1,0,1,0,0000000,14,27,99,99,99,99,0,0,0,1,0
17,170464,1,1,0,0,0,1,1,193,0,4,7,2013,5,12,40,0,3,3,SR-141,,126,37.9126,-88.12768889,0,1,0,0,1,1,0,4,1,1,0,1,0,0000000,12,46,99,99,99,99,0,0,0,1,1
17,170465,2,2,0,0,0,2,2,115,2250,28,7,2013,1,22,40,0,14,6,WYCKLES RD,,0,39.84640833,-89.02882778,0,12,1,0,1,1,0,1,2,1,0,1,0,0000000,22,40,99,99,99,99,0,0,0,1,2
17,170466,2,2,0,0,0,4,4,31,6740,3,7,2013,4,14,18,0,13,6,TOUHY AVE,GREENWOOD AVE,0,42.0109,-87.84069444,0,12,6,0,2,2,0,1,1,1,0,1,0,0000000,14,20,99,99,88,88,0,0,0,1,0
17,170467,1,1,0,1,1,3,3,31,3100,13,7,2013,7,3,7,1,13,3,SR-43 (HARLEM AVE),JACKSON BLVD,257,41.87595278,-87.80458889,0,8,0,0,3,2,0,1,3,5,0,5,0,0000000,3,11,99,99,99,99,0,0,0,1,1
17,170468,2,2,0,0,0,2,2,31,4590,16,7,2013,3,15,4,1,13,2,US-34 (OGDEN AVE),GILBERT AVE,2066,41.81966944,-87.88944167,0,12,6,0,2,2,0,1,1,1,0,1,0,0000000,15,4,99,99,99,99,0,0,0,1,0
17,170469,1,1,0,1,1,1,1,31,1670,14,7,2013,1,0,5,0,15,6,MILWAUKEE AVE,RIDGEWAY AVE,0,41.93603056,-87.71878056,0,8,0,0,3,3,0,1,3,1,0,1,0,0000000,0,11,99,99,99,99,0,0,0,1,0
17,170470,2,2,0,0,0,2,2,31,5410,7,7,2013,1,22,7,0,15,6,5TH AVE,,0,41.867825,-87.83843333,0,12,6,0,1,1,0,1,3,1,0,1,0,0000000,22,7,99,99,99,99,0,0,0,1,0
17,170471,1,1,0,0,0,2,2,31,7320,22,7,2013,2,22,14,0,16,6,STEWART AVE,140TH CT,0,41.64025556,-87.63178889,0,38,0,0,3,3,0,4,3,1,0,1,0,0000000,22,14,99,99,99,99,0,0,0,1,1
17,170472,1,1,0,1,1,1,1,135,0,3,8,2013,7,4,36,0,4,4,CR-18 (WITT AVE),,0,39.26119722,-89.38719167,0,8,0,0,1,1,0,1,2,1,0,1,0,0000000,4,36,99,99,88,88,0,0,0,1,0
17,170473,1,1,0,1,1,1,1,41,0,3,8,2013,7,10,45,0,4,2,US-45,,2192,39.73693333,-88.30143333,0,9,0,0,1,1,0,1,1,1,0,1,0,0000000,10,46,99,99,88,88,0,0,0,1,0
17,170474,2,2,0,0,0,3,3,177,0,6,8,2013,3,15,35,0,4,4,CR-11 (BAILEYVILLE RD),,0,42.25308889,-89.60118889,0,12,2,0,1,1,0,1,1,1,0,1,0,0000000,15,35,99,99,99,99,0,0,0,2,0
17,170475,1,1,0,1,1,4,4,43,4940,6,8,2013,3,21,0,1,13,3,SR-38 (ROOSEVELT RD),,824,41.86023056,-88.01193889,0,8,0,0,1,1,0,1,2,1,0,1,0,0000000,21,0,99,99,99,99,0,0,0,1,0
17,170476,2,2,0,0,0,2,2,55,0,10,7,2013,4,21,15,0,3,3,SR-14,,285,38.06678889,-88.75577222,0,12,2,0,1,1,0,1,2,1,0,1,0,0000000,21,15,99,99,88,88,0,0,0,1,0
17,170477,2,2,0,0,0,3,3,119,0,12,8,2013,2,13,10,1,13,3,SR-111,,232,38.90323333,-90.07170278,0,12,6,0,8,1,0,1,1,2,0,2,0,0000000,13,12,99,99,99,99,0,0,0,2,0
17,170478,2,2,0,0,0,5,5,31,2050,8,8,2013,5,16,45,1,13,3,SR-50 (CICERO AVE),,390,41.63887222,-87.737775,0,12,6,0,1,1,0,1,1,1,0,1,0,0000000,16,54,99,99,99,99,0,0,0,1,0
17,170479,1,1,0,0,0,5,5,183,0,13,8,2013,3,23,47,1,11,1,I-74,,2165,40.11436389,-87.59844444,0,34,0,0,1,1,0,4,2,1,0,1,0,0000000,23,47,99,99,99,99,0,0,0,1,0
17,170480,3,3,0,0,0,4,4,143,6850,16,8,2013,6,8,6,1,13,3,SR-40 (KNOXVILLE AVE),ELAINE AVE,59,40.75311944,-89.59325,0,12,6,0,2,2,0,1,1,1,0,1,0,0000000,8,6,99,99,99,99,0,0,0,1,0
17,170481,2,2,0,0,0,2,2,31,1670,16,7,2013,3,7,24,0,13,6,WESTERN AVE,LAKE ST,0,41.88468056,-87.68653056,0,12,6,0,2,2,0,1,1,1,0,1,0,0000000,7,31,99,99,88,88,0,0,0,1,0
17,170482,1,1,0,1,1,1,1,119,5120,10,8,2013,7,20,30,0,14,6,MADISON AVE,,0,38.69033889,-90.15520833,0,8,0,0,1,1,0,1,3,1,0,1,0,0000000,20,30,99,99,99,99,0,0,0,1,0
17,170483,3,3,0,0,0,3,3,179,0,2,8,2013,6,16,20,0,4,3,SR-98 (EDGEWATER DR),,34,40.60455556,-89.572225,0,12,1,0,1,1,0,1,1,1,0,1,0,0000000,16,21,99,99,99,99,0,0,0,1,0
17,170484,1,1,0,0,0,1,1,119,3450,17,8,2013,7,19,5,1,13,3,SR-100 (MCADAMS PKY),,24,38.91177222,-90.22165556,0,24,0,0,1,1,0,4,1,1,0,1,0,0000000,19,6,99,99,88,88,0,0,0,1,0
17,170485,1,1,0,0,0,1,1,143,6850,13,8,2013,3,5,45,0,16,6,MACQUEEN AVE,,0,40.71691389,-89.61003611,0,33,0,0,1,1,0,4,3,1,0,1,0,0000000,5,45,99,99,88,88,0,0,0,1,1