STATE,ST_CASE,VE_TOTAL,VE_FORMS,PVH_INVL,PEDS,PERNOTMVIT,PERMVIT,PERSONS,COUNTY,CITY,DAY,MONTH,YEAR,DAY_WEEK,HOUR,MINUTE,NHS,ROAD_FNC,ROUTE,TWAY_ID,TWAY_ID2,MILEPT,LATITUDE,LONGITUD,SP_JUR,HARM_EV,MAN_COLL,RELJCT1,RELJCT2,TYP_INT,WRK_ZONE,REL_ROAD,LGT_COND,WEATHER1,WEATHER2,WEATHER,SCH_BUS,RAIL,NOT_HOUR,NOT_MIN,ARR_HOUR,ARR_MIN,HOSP_HR,HOSP_MN,CF1,CF2,CF3,FATALS,DRUNK_DR
17,170486,2,2,0,0,0,4,4,167,0,17,7,2013,4,16,19,0,3,3,SR-104,BAB RD,1042,39.58995833,-89.71236111,0,12,6,0,3,2,0,1,1,1,0,1,0,0000000,16,19,99,99,99,99,0,0,0,1,0
17,170487,1,1,0,0,0,3,3,31,1670,18,8,2013,1,4,38,1,11,1,I-90,,478,41.9223,-87.67776944,0,25,0,0,1,1,0,3,3,1,0,1,0,0000000,5,0,99,99,99,99,0,0,0,1,0
17,170488,2,2,0,0,0,2,2,137,9110,16,8,2013,6,22,0,0,3,3,SR-111 (MILLER ST),,817,39.58670556,-89.95964167,0,12,6,0,8,1,0,1,1,1,0,1,0,0000000,22,0,99,99,99,99,0,0,0,1,1
17,170489,1,1,0,0,0,1,1,197,0,17,8,2013,7,2,5,0,16,5,DELANEY RD,,0,41.46924444,-87.92555556,0,32,0,0,1,1,0,4,2,1,0,1,0,0000000,2,5,99,99,99,99,0,0,0,1,1
17,170490,1,1,0,0,0,1,1,111,0,9,8,2013,6,2,36,0,15,5,RIVERSIDE DR,,0,42.36174722,-88.25748056,0,42,0,0,1,1,0,5,2,1,0,1,0,0000000,2,36,99,99,88,88,0,0,0,1,1
17,170491,1,1,0,0,0,1,1,89,8100,9,8,2013,6,15,33,0,14,3,SR-31,,236,41.98462222,-88.29738611,0,42,0,0,1,1,0,4,1,1,0,1,0,0000000,15,33,99,99,88,88,0,0,0,1,1
17,170492,2,2,0,0,0,2,2,111,9560,11,8,2013,1,16,25,1,13,2,US-14,DEAN ST,185,42.29836944,-88.45261111,0,12,6,0,2,2,0,1,1,1,0,1,0,0000000,16,25,99,99,99,99,0,0,0,1,0
17,170493,2,2,0,0,0,2,2,7,710,12,8,2013,2,20,35,0,14,6,APPLETON RD,LINCOLN AVE,0,42.25748889,-88.86108056,0,12,6,0,2,2,0,1,2,1,0,1,0,0000000,20,35,99,99,99,99,0,0,0,1,0
17,170494,2,2,0,0,0,3,3,33,0,14,8,2013,4,11,58,1,2,3,SR-1,,1228,38.96206389,-87.68467778,0,12,2,0,1,1,0,1,1,1,0,1,0,0000000,11,59,99,99,99,99,0,0,0,2,0
17,170495,2,2,0,0,0,2,2,115,2250,17,8,2013,7,10,25,1,13,2,US-36,MARYLAND ST,1440,39.81991667,-88.87367778,0,12,6,0,2,2,0,1,1,1,0,1,0,0000000,10,25,99,99,99,99,0,0,0,1,0
17,170496,1,1,0,0,0,1,1,81,0,17,8,2013,7,7,30,0,3,3,SR-148,,390,38.15160833,-89.04019444,0,42,0,0,1,1,0,4,1,1,0,1,0,0000000,10,24,99,99,88,88,0,0,0,1,1
17,170497,1,1,0,0,0,1,1,119,160,20,8,2013,3,22,56,0,15,6,VIRGINIA AVE,,0,38.90976389,-90.17318056,0,38,0,0,1,1,0,4,3,1,0,1,0,0000000,22,59,99,99,88,88,0,0,0,1,1
17,170498,1,1,0,0,0,1,1,1,7180,21,8,2013,4,16,5,0,15,6,8TH ST,,0,39.91730278,-91.40326111,0,42,0,0,1,1,0,4,1,1,0,1,0,0000000,16,8,99,99,88,88,0,0,0,1,1
17,170499,1,1,0,1,1,2,2,201,7460,21,8,2013,4,15,31,1,13,2,US-20 (STATE ST),,146,42.27705,-89.13319444,0,9,0,0,1,1,0,1,1,1,0,1,0,0000000,15,31,99,99,99,99,0,0,0,1,0
17,170500,2,2,0,0,0,2,2,57,0,23,8,2013,6,10,58,0,3,3,SR-9,,809,40.52249167,-89.92186389,0,12,2,0,1,1,0,1,1,1,0,1,0,0000000,10,58,99,99,88,88,0,0,0,1,1
17,170501,1,1,0,1,1,1,1,51,0,23,8,2013,6,5,35,0,3,3,SR-185,,450,38.86800556,-88.82042222,0,9,0,0,1,1,0,1,2,2,0,2,0,0000000,5,58,99,99,99,99,0,0,0,1,0
17,170502,1,1,0,1,1,1,1,111,80,19,8,2013,2,21,48,0,13,6,ALGONQUIN RD,,0,42.1757,-88.32871111,0,8,0,0,1,1,0,1,3,1,0,1,0,0000000,21,48,99,99,99,99,0,0,0,1,0
17,170503,1,1,0,1,1,1,1,119,3550,10,8,2013,7,17,26,0,16,6,STEELE DR,,0,38.72473333,-90.09511667,0,8,0,0,1,1,0,1,1,1,0,1,0,0000000,17,26,99,99,99,99,0,0,0,1,0
17,170504,1,1,0,0,0,1,1,99,0,20,8,2013,3,12,55,0,3,3,SR-170,,218,41.27640556,-88.607975,0,32,0,0,1,1,0,4,1,1,0,1,0,0000000,13,13,99,99,99,99,0,0,0,1,0
17,170505,3,3,0,0,0,5,5,137,0,17,8,2013,7,16,16,0,4,4,CR-7 (CONCORD-ARENZVILLE RD),SOUTH MEADOW LN,0,39.84348056,-90.37347222,0,12,1,0,3,3,0,1,1,1,0,1,0,0000000,16,16,99,99,99,99,0,0,0,2,0
17,170506,2,2,0,0,0,2,2,197,4300,20,8,2013,3,7,4,0,14,6,BRANDON RD,LARAWAY RD,0,41.48293333,-88.09960833,0,12,6,0,2,3,0,1,1,1,0,1,0,0000000,7,4,99,99,99,99,0,0,0,1,0
17,170507,4,4,0,1,1,5,5,31,1670,15,7,2013,2,0,44,1,13,3,SR-50 (CICERO AVE),RAMP,514,41.81783056,-87.74341944,0,8,0,0,2,2,0,1,6,1,0,1,0,0000000,0,44,99,99,99,99,0,0,0,1,1
17,170508,1,1,0,0,0,1,1,31,8030,24,8,2013,7,14,52,0,16,6,LACROSSE AVE,,0,42.02613889,-87.74888333,0,42,0,0,1,1,1,4,1,1,0,1,0,0000000,15,6,99,99,99,99,0,0,0,1,0
17,170509,2,1,1,0,0,2,2,31,1670,10,8,2013,7,15,0,0,16,6,68TH ST,,0,41.771275,-87.60933056,0,14,0,0,1,1,0,4,1,1,0,1,0,0000000,99,99,99,99,99,99,0,0,0,1,0
17,170510,3,3,0,0,0,3,3,105,0,3,8,2013,7,0,28,1,2,3,SR-47,,549,40.88388056,-88.41388333,0,12,2,0,1,1,0,1,2,1,0,1,0,0000000,0,28,99,99,99,99,0,0,0,1,1
17,170511,2,2,0,0,0,2,2,111,0,22,8,2013,5,10,35,0,4,4,CR-A47 (MARENGO RD,DIEKMAN RD,0,42.18013056,-88.47203889,0,12,6,0,2,2,0,1,1,2,0,2,0,0000000,10,35,99,99,99,99,0,0,0,1,0
17,170512,1,1,0,0,0,1,1,141,0,2,8,2013,6,18,4,0,6,5,DEVILS BACKBONE RD,,0,41.98555556,-89.34658889,0,38,0,0,1,1,0,4,1,1,0,1,0,0000000,18,4,99,99,88,88,0,0,0,1,0
17,170513,1,1,0,1,1,1,1,137,4250,2,8,2013,6,9,39,1,13,3,SR-104 (MORTON AVE),CLAY AVE,64,39.72320833,-90.22446944,0,8,0,0,3,2,0,1,1,1,0,1,0,0000000,9,39,99,99,88,88,0,0,0,1,0
17,170514,2,2,0,0,0,2,2,197,4910,3,8,2013,7,13,35,0,15,6,163RD ST,,0,41.59066944,-88.02175556,0,12,6,0,8,1,0,1,1,1,0,1,0,0000000,13,35,99,99,99,99,0,0,0,1,0
17,170515,3,2,1,0,1,2,3,201,7460,16,8,2013,6,20,39,0,16,6,BLAISDELL ST,ROYAL AVE,0,42.28202778,-89.12083056,0,12,6,0,2,2,0,1,3,1,0,1,0,0000000,20,39,99,99,88,88,0,0,0,1,0
17,170516,1,1,0,0,0,1,1,169,0,31,8,2013,7,0,45,0,2,4,CR-5 (LAPRAIRIE RD),,0,40.13409167,-90.88354722,0,34,0,0,1,1,0,4,2,1,0,1,0,0000000,0,53,99,99,88,88,0,0,0,1,1
17,170517,2,2,0,0,0,4,4,157,0,30,8,2013,6,13,23,0,3,3,SR-4,SCHULINE RD,332,38.08873056,-89.70403056,0,12,6,0,2,2,0,1,1,1,0,1,0,0000000,1,23,99,99,99,99,0,0,0,3,0
17,170518,1,1,0,0,0,2,2,75,0,28,8,2013,4,20,29,0,6,4,CR-2100,,0,40.83065833,-87.73007778,0,1,0,0,1,1,0,4,2,1,0,1,0,0000000,10,29,99,99,99,99,0,0,0,1,0
17,170519,1,1,0,0,0,2,2,183,0,31,8,2013,7,12,45,0,6,4,CR-1100N,,0,40.02680833,-87.82008056,0,1,0,0,1,1,0,4,1,1,0,1,0,0000000,12,45,99,99,99,99,0,0,0,1,0
17,170520,1,1,0,0,0,2,2,137,0,29,8,2013,5,0,0,0,4,4,CR-3 (OLD STATE RD),,0,39.76153333,-90.00398611,0,42,0,0,1,1,0,4,2,1,0,1,0,0000000,6,47,99,99,99,99,0,0,0,1,1
17,170521,1,1,0,1,1,1,1,31,8030,29,8,2013,5,6,39,0,14,6,OAKTON ST,KNOX AVE,0,42.02625,-87.743875,0,8,0,0,3,2,1,1,1,1,0,1,0,0000000,6,39,99,99,99,99,0,0,0,1,0
17,170522,2,2,0,0,0,4,4,31,8120,18,8,2013,1,2,19,1,13,2,US-6 (162ND ST),STATE ST,1720,41.60088889,-87.61703056,0,12,6,0,2,2,0,1,2,1,0,1,0,0000000,2,19,99,99,99,99,0,0,0,1,1
17,170523,1,1,0,0,0,1,1,63,0,5,9,2013,5,3,56,0,6,5,CEMETERY RD,,0,41.38586667,-88.35413889,0,42,0,0,1,1,0,4,2,1,0,1,0,0000000,3,56,99,99,99,99,0,0,0,1,0
17,170524,2,2,0,0,0,2,2,1,0,17,8,2013,7,8,31,0,4,3,SR-96 (24TH ST),SPRING LAKE RD,727,39.99426944,-91.37703056,0,12,6,0,2,2,0,1,1,1,0,1,0,0000000,8,31,99,99,99,99,0,0,0,1,0
17,170525,1,1,0,0,0,3,3,85,0,19,8,2013,2,12,17,1,2,2,US-20,,439,42.35669167,-89.96154167,0,1,0,0,1,1,0,4,1,1,0,1,0,0000000,12,17,99,99,99,99,0,0,0,1,0
17,170526,3,3,0,0,0,4,4,201,7460,22,8,2013,5,21,7,0,14,6,MULFORD RD,GARRETT LN,0,42.27351944,-88.99963889,0,12,6,0,2,2,0,1,2,1,0,1,0,0000000,21,7,99,99,99,99,20,0,0,1,1
17,170527,1,1,0,0,0,1,1,31,8120,3,8,2013,7,1,27,0,16,6,PRINCE DR,,0,41.59721667,-87.58401111,0,53,0,0,1,1,0,4,2,2,0,2,0,0000000,1,27,99,99,88,88,0,0,0,1,1
17,170528,2,2,0,0,0,3,3,7,0,28,8,2013,4,20,44,0,14,5,SPRING CREEK RD,TOWN HALL RD,0,42.29821111,-88.88040833,0,12,6,0,2,2,0,1,2,1,0,1,0,0000000,20,44,99,99,99,99,0,0,0,1,0
17,170529,1,1,0,0,0,1,1,21,0,7,9,2013,7,3,13,0,5,4,CR-250N (6TH ST),,0,39.38251944,-89.04476944,0,1,0,0,1,1,0,4,2,1,0,1,0,0000000,3,13,99,99,99,99,0,0,0,1,1
17,170530,1,1,0,0,0,1,1,31,1670,27,8,2013,3,1,15,1,11,1,I-94,,432,41.96437222,-87.74641389,0,21,0,0,1,1,0,3,3,1,0,1,0,0000000,1,19,99,99,88,88,0,0,0,1,1
17,170531,2,2,0,0,0,2,2,49,0,31,7,2013,4,6,25,0,4,3,SR-128,CR-3050N,139,39.17992222,-88.80545,0,12,6,0,2,2,0,1,4,5,0,5,0,0000000,6,28,99,99,88,88,0,0,0,1,0
17,170532,2,2,0,0,0,2,2,89,2690,12,7,2013,6,6,54,0,13,6,RANDALL RD,HIGHLAND AVE,0,42.04772222,-88.34114444,0,12,6,0,2,2,0,1,1,1,0,1,0,0000000,6,54,99,99,99,99,0,0,0,1,0
17,170533,1,1,0,0,0,1,1,179,2600,13,7,2013,7,2,18,1,13,2,US-24,COLLEGE DR,1371,40.71508056,-89.50833056,0,33,0,0,3,2,0,4,3,1,0,1,0,0000000,2,18,99,99,88,88,0,0,0,1,1
17,170534,1,1,0,0,0,1,1,31,0,20,7,2013,7,9,25,1,13,3,SR-62 (ALGONQUIN RD),,60,42.06815833,-88.04321389,0,42,0,0,1,1,0,4,1,1,0,1,0,0000000,10,10,99,99,99,99,0,0,0,1,0
17,170535,2,2,0,0,0,3,3,197,0,13,9,2013,6,18,50,1,13,3,SR-1 (DIXIE HWY),EAGLE LAKE RD,2992,41.3698,-87.62173889,0,12,6,0,2,2,0,1,5,1,0,1,0,0000000,18,50,99,99,99,99,0,0,0,2,0
17,170536,2,2,0,0,0,3,3,193,0,29,8,2013,5,15,13,0,4,4,CR-25,,0,38.08455278,-88.13509167,0,12,2,0,1,1,0,1,1,1,0,1,0,0000000,15,13,99,99,88,88,0,0,0,3,0
17,170537,2,2,0,0,0,3,3,119,0,20,7,2013,7,8,30,0,4,5,TROY-OFALLON RD,MILL CREEK RD,0,38.67933056,-89.87582778,0,12,6,0,2,2,0,1,1,1,0,1,0,0000000,8,30,99,99,99,99,0,0,0,1,0
17,170538,1,1,0,1,1,1,1,31,3790,20,7,2013,7,14,14,0,14,6,WOOD ST,,0,41.61345556,-87.6608,0,8,0,0,1,1,0,1,1,1,0,1,0,0000000,14,14,99,99,88,88,0,0,0,1,0
17,170539,2,2,0,0,0,3,3,29,0,21,7,2013,1,18,29,0,4,4,CR-100N (ETNA RD),CR-150E,0,39.38833056,-88.44361944,0,12,6,0,2,2,0,1,1,1,0,1,0,0000000,18,29,99,99,99,99,0,0,0,1,0
17,170540,1,1,0,0,0,1,1,195,0,18,7,2013,5,2,30,0,6,5,CHASE RD,,0,41.83709167,-90.13920556,0,1,0,0,1,1,0,1,3,1,0,1,0,0000000,2,30,99,99,88,88,0,0,0,1,1
17,170541,1,1,0,0,0,2,2,43,4940,22,7,2013,2,1,2,0,16,6,COLLEN DR,,0,41.85510833,-88.021775,0,42,0,0,1,1,0,4,3,1,0,1,0,0000000,1,2,99,99,99,99,0,0,0,1,1
17,170542,2,2,0,0,0,2,2,179,2600,17,7,2013,4,18,35,0,15,6,FARMDALE RD,,0,40.67263056,-89.52314167,0,12,8,0,1,1,0,1,1,1,0,1,0,0000000,18,39,99,99,99,99,0,0,0,1,0
17,170543,2,2,0,0,0,4,4,15,0,24,7,2013,4,13,2,0,3,2,US-52,,72,42.08204444,-90.04903333,0,12,2,0,1,1,0,1,1,1,0,1,0,0000000,13,8,99,99,99,99,0,0,0,1,0
17,170544,1,1,0,0,0,1,1,31,1670,27,2,2013,4,13,14,0,4,6,LAKE STREET,,0,41.88578333,-87.73279167,0,31,0,0,1,1,0,4,1,4,0,4,0,0000000,13,15,99,99,99,99,0,0,0,1,0
17,170545,1,1,0,0,0,1,1,111,9500,30,8,2013,6,1,36,0,15,6,WONDER LAKE RD,,0,42.40387222,-88.34043611,0,1,0,0,1,1,0,4,3,1,0,1,0,0000000,1,36,99,99,99,99,0,0,0,1,1
17,170546,1,1,0,0,0,1,1,109,5100,7,9,2013,7,20,0,0,16,6,SPRINGLAKE RD,,0,40.50397222,-90.718,0,42,0,0,1,1,0,4,2,1,0,1,0,0000000,20,4,99,99,99,99,0,0,0,1,0
17,170547,1,1,0,0,0,2,2,79,0,7,9,2013,7,22,47,0,6,4,CR-1775E ST,,0,38.92156667,-88.04261667,0,34,0,0,1,1,0,4,2,1,0,1,0,0000000,22,47,99,99,99,99,0,0,0,1,1
17,170548,2,2,0,0,0,2,2,1,7180,9,9,2013,2,21,46,0,15,6,18TH ST,MAINE ST,0,39.93178333,-91.38708889,0,12,6,0,2,2,0,1,3,1,0,1,0,0000000,21,46,99,99,99,99,0,0,0,1,0
17,170549,1,1,0,0,0,1,1,157,0,9,9,2013,2,0,15,0,6,5,RIDGE RD,,0,38.12801944,-89.72170833,0,35,0,0,1,1,0,5,2,1,0,1,0,0000000,0,15,99,99,88,88,0,0,0,1,0
17,170550,1,1,0,0,0,1,1,43,2750,10,9,2013,3,21,13,1,11,1,I-290,,133,41.90755556,-87.92503056,0,52,0,0,1,1,0,4,3,1,0,1,0,0000000,21,13,99,99,88,88,0,0,0,1,0
17,170552,1,1,0,0,0,2,2,95,0,7,9,2013,7,0,30,0,4,2,US-150,,411,40.92561667,-90.32410556,0,24,0,0,1,1,0,4,2,1,0,1,0,0000000,1,34,99,99,99,99,0,0,0,1,0
17,170553,2,2,0,0,0,5,5,31,3100,7,9,2013,7,1,48,1,11,1,I-290,,211,41.87376667,-87.81339444,0,12,8,0,1,1,0,1,3,1,0,1,0,0000000,1,48,99,99,99,99,0,0,0,2,1
17,170554,1,1,0,1,1,1,1,85,0,16,9,2013,2,20,26,1,2,2,US-20,,393,42.35743333,-90.05006111,0,8,0,0,1,1,0,1,2,1,0,1,0,0000000,20,26,99,99,88,88,0,0,0,1,0
17,170555,1,1,0,0,0,1,1,91,0,18,9,2013,4,22,38,1,1,1,I-57,,3200,41.22761667,-87.86341667,0,25,0,0,1,1,0,3,2,1,0,1,0,0000000,22,38,99,99,99,99,0,0,0,1,0
17,170556,1,1,0,0,0,2,2,31,1270,22,9,2013,1,3,30,1,11,1,I-57 RAMP,,0,41.67392778,-87.66155833,0,33,0,1,5,1,0,8,3,1,0,1,0,0000000,3,34,99,99,99,99,0,0,0,1,1
17,170557,1,1,0,0,0,1,1,79,0,19,9,2013,5,19,0,0,4,4,CR-1100TH E,,0,38.94315278,-88.16948333,0,11,0,0,1,1,0,1,5,1,0,1,0,0000000,19,10,99,99,99,99,0,0,0,1,0
17,170558,1,1,0,0,0,2,2,43,6378,22,9,2013,1,0,4,0,16,6,SPRING RD,,0,41.82162778,-87.93176389,0,42,0,0,1,1,0,4,2,1,0,1,0,0000000,0,4,99,99,99,99,0,0,0,1,1
17,170559,1,1,0,1,1,1,1,119,1910,25,9,2013,4,9,30,0,14,6,BELTLINE RD,BRIDLE RIDGE RD,0,38.69134444,-89.99173611,0,8,0,0,3,2,0,1,1,1,0,1,0,0000000,9,30,99,99,88,88,0,0,0,1,0
17,170560,3,3,0,0,0,7,7,163,0,27,9,2013,6,19,57,0,3,3,SR-13,,298,38.28056944,-89.79101944,0,12,2,0,1,1,1,1,2,1,0,1,0,0000000,19,58,99,99,99,99,0,0,0,2,0
17,170561,2,2,0,0,0,3,3,119,160,15,9,2013,1,18,32,1,13,2,US-67 (LANDMARK BLVD),NEW CLARK BRIDGE,7,38.88798889,-90.17251111,0,12,6,0,2,3,0,1,5,1,0,1,0,0000000,18,33,99,99,99,99,0,0,0,1,2
17,170562,1,1,0,1,1,1,1,201,7460,11,9,2013,4,11,2,0,3,6,SANDY HOLLOW RD,,0,42.22378056,-89.03365556,0,8,0,0,1,1,3,4,1,1,0,1,0,0000000,11,2,99,99,88,88,0,0,0,1,0
17,170563,1,1,0,1,1,1,1,201,7460,10,9,2013,3,22,8,0,14,3,SR-251 (11TH ST),,1130,42.20913056,-89.0721,0,9,0,0,1,1,0,1,3,1,0,1,0,0000000,22,8,99,99,99,99,0,0,0,1,0
17,170565,1,1,0,0,0,1,1,143,6850,4,5,2013,7,3,3,0,16,6,STATE ST,,0,40.68440278,-89.59415,0,33,0,0,1,1,0,4,3,2,0,2,0,0000000,3,13,99,99,88,88,0,0,0,1,1
17,170566,1,1,0,0,0,1,1,115,0,5,7,2013,6,0,27,1,2,2,US-36,,1494,39.79195556,-88.78161389,0,1,0,0,1,1,0,4,2,1,0,1,0,0000000,0,29,99,99,99,99,0,0,0,1,0
17,170567,4,4,0,0,0,5,5,91,0,26,9,2013,5,8,20,1,2,3,SR-1,,2796,41.12753611,-87.68604167,0,12,1,0,1,1,1,1,1,1,0,1,0,0000000,8,20,99,99,99,99,26,14,0,2,0
17,170568,2,2,0,0,0,3,3,119,0,24,9,2013,3,17,2,1,11,1,I-270 RAMP,SR-203,94,38.75864167,-90.09492778,0,12,6,1,2,3,0,1,1,1,0,1,0,0000000,17,7,99,99,99,99,0,0,0,1,0
17,170569,1,1,0,0,0,2,2,31,6730,8,9,2013,1,2,52,0,14,6,SAUK TRL,INDIANWOOD BLVD,0,41.47761944,-87.68701667,0,46,0,0,3,2,0,4,3,1,0,1,0,0000000,2,52,99,99,99,99,0,0,0,2,1
17,170570,1,1,0,0,0,1,1,31,7820,8,9,2013,1,15,43,0,16,6,GRACE ST,,0,41.95297778,-87.86265833,0,1,0,0,1,1,0,4,1,1,0,1,0,0000000,15,43,99,99,99,99,0,0,0,1,0
17,170571,1,1,0,0,0,1,1,31,1670,10,8,2013,7,19,47,1,11,1,I-55 RAMP,,0,41.84854444,-87.61163333,0,24,0,1,5,1,0,4,5,1,0,1,0,0000000,19,48,99,99,99,99,0,0,0,1,0
17,170572,2,2,0,0,0,3,3,97,8857,5,9,2013,5,18,3,1,13,3,SR-83 (MCHENRY RD),WESTMORELAND DR,709,42.21948056,-87.99406944,0,12,6,0,2,3,0,1,1,1,0,1,0,0000000,18,3,99,99,99,99,0,0,0,1,1
17,170573,2,2,0,0,0,2,2,19,8770,28,9,2013,7,12,10,1,11,1,I-74,,1852,40.12257222,-88.176725,0,12,1,1,18,1,0,1,1,1,0,1,0,0000000,12,13,99,99,88,88,0,0,0,1,0
17,170574,3,3,0,0,0,3,3,21,0,1,10,2013,3,19,53,0,3,3,SR-48,,331,39.62723056,-89.20366111,0,12,2,0,1,1,0,1,2,1,0,1,0,0000000,19,53,99,99,88,88,14,0,0,1,1
17,170575,2,2,0,0,0,5,5,117,0,13,8,2013,3,22,36,0,4,4,CR-2300E (BALL RD),CR-12 (FARMERSVILLE RD),0,39.44299167,-89.71933056,0,12,6,0,2,2,0,1,2,1,0,1,0,0000000,22,36,99,99,99,99,0,0,0,2,0
17,170576,1,1,0,0,0,3,3,197,0,1,9,2013,1,22,29,1,13,3,SR-394,,29,41.41763611,-87.588925,0,30,0,0,1,1,0,4,3,2,0,2,0,0000000,22,31,99,99,99,99,0,0,0,1,1
17,170577,1,1,0,0,0,2,2,157,8210,8,9,2013,1,17,26,0,6,6,RIDGE RD,,0,38.12783333,-89.71663333,0,34,0,0,1,1,0,4,1,1,0,1,0,0000000,17,39,99,99,88,88,0,0,0,2,0
17,170578,2,2,0,0,0,4,4,87,0,12,9,2013,5,7,53,1,1,1,I-24,,124,37.46301389,-88.89036111,0,12,1,0,1,1,0,1,1,1,0,1,0,0000000,7,54,99,99,99,99,0,0,0,1,0
17,170579,1,1,0,0,0,1,1,169,0,21,9,2013,7,10,20,0,6,5,SNYDER RD,,0,40.24861944,-90.62189444,0,1,0,0,1,1,0,1,1,1,0,1,0,0000000,10,26,99,99,99,99,0,0,0,1,0
17,170580,2,2,0,0,0,2,2,31,1670,29,8,2013,5,9,30,1,13,3,SR-50 (CICERO AVE),BELMONT AVE,598,41.93883333,-87.74686111,0,12,6,0,2,2,0,1,1,1,0,1,0,0000000,9,36,99,99,99,99,0,0,0,1,0
17,170581,1,1,0,0,0,8,8,43,20,26,9,2013,5,6,1,1,1,1,I-290,,95,41.93832778,-87.98322778,0,1,0,0,1,1,0,4,4,1,0,1,0,0000000,6,1,99,99,99,99,0,0,0,4,0
17,170582,2,2,0,0,0,3,3,31,9370,14,9,2013,7,12,52,0,14,3,SR-171 (ARCHER AVE),WILLOW SPRINGS RD,185,41.73201111,-87.87715,0,12,6,0,2,2,0,1,1,98,0,98,0,0000000,12,52,99,99,99,99,0,0,0,1,0
17,170584,1,1,0,0,0,1,1,181,0,29,8,2013,5,7,42,1,1,1,I-57,,376,37.53660556,-89.06046667,0,31,0,0,1,1,0,3,1,1,0,1,0,0000000,7,59,99,99,88,88,0,0,0,1,0
17,170585,2,2,0,0,0,3,3,31,780,29,6,2013,7,5,19,0,15,6,OAK PARK AVE,30TH ST,0,41.83778889,-87.79297778,0,12,6,0,2,2,0,1,4,1,0,1,0,0000000,5,19,99,99,99,99,0,0,0,1,1
17,170586,1,1,0,1,1,1,1,31,1670,20,8,2013,3,18,22,0,14,6,DEVON AVE,CALIFORNIA AVE,0,41.99758056,-87.69963889,0,8,0,0,3,2,0,1,1,1,0,1,0,0000000,18,22,99,99,99,99,0,0,0,1,0
17,170587,2,2,0,0,0,2,2,165,3750,1,9,2013,1,23,44,1,13,2,US-45 (COMMERCIAL ST),SLOAN ST,623,37.73110278,-88.5354,0,12,1,0,3,2,0,1,3,1,0,1,0,0000000,23,44,99,99,99,99,0,0,0,1,0
17,170588,1,1,0,0,0,2,2,97,3130,8,9,2013,1,21,5,0,16,6,OAKSIDE ST,,0,42.36838056,-88.15403889,0,7,0,0,1,1,0,1,2,1,0,1,0,0000000,21,15,99,99,99,99,0,0,0,1,0
17,170589,2,2,0,0,0,2,2,105,7070,16,9,2013,2,15,56,1,11,1,I-55,,1961,40.86735556,-88.67153056,0,12,8,0,1,1,0,1,1,1,0,1,0,0000000,15,56,99,99,99,99,0,0,0,1,0
17,170590,1,1,0,0,0,2,2,97,0,15,9,2013,1,19,12,1,11,1,I-94,,110,42.34704722,-87.92498611,0,25,0,0,1,1,0,3,2,1,0,1,0,0000000,19,12,99,99,99,99,0,0,0,1,0
17,170591,1,1,0,0,0,1,1,31,9370,18,8,2013,1,18,50,1,13,2,US-45 RAMP,,0,41.74311667,-87.85211389,0,1,0,1,20,1,0,1,1,1,0,1,0,0000000,18,50,99,99,99,99,0,0,0,1,0
17,170592,1,1,0,0,0,1,1,101,0,9,9,2013,2,14,45,1,2,2,US-50 RAMP,,0,38.71170278,-87.55776944,0,1,0,1,5,1,0,4,9,1,0,1,0,0000000,14,45,99,99,88,88,0,0,0,1,1
17,170593,1,1,0,0,0,1,1,27,0,14,9,2013,7,22,28,0,6,5,POLLMAN RD,,0,38.56205278,-89.39663333,0,42,0,0,1,1,0,4,2,1,0,1,0,0000000,23,28,99,99,88,88,0,0,0,1,1
17,170594,2,2,0,0,0,2,2,197,4300,13,9,2013,6,16,0,1,13,2,US-52 (JEFFERSON ST),AIRPORT DR,1352,41.52176944,-88.18043889,0,12,6,0,2,3,0,1,1,1,0,1,0,0000000,16,0,99,99,99,99,0,0,0,1,0
17,170595,2,2,0,0,0,2,2,73,0,26,8,2013,2,13,7,0,14,2,US-34,,680,41.16439167,-90.08512778,0,12,2,0,1,1,0,1,1,1,0,1,0,0000000,13,7,99,99,99,99,0,0,0,1,0
17,170596,2,2,0,0,0,4,4,141,0,1,9,2013,1,14,15,1,2,3,SR-26,SR-72,1145,42.1563,-89.62843056,0,12,6,0,2,2,0,1,1,1,0,1,0,0000000,14,15,99,99,99,99,0,0,0,1,0
17,170597,1,1,0,1,1,1,1,31,1670,14,6,2013,6,23,3,0,4,6,MORGAN,32ND,0,41.83528889,-87.65106389,0,8,0,0,2,3,0,1,2,1,0,1,0,0000000,23,5,99,99,99,99,0,0,0,1,0
17,170598,1,1,0,0,0,1,1,101,0,7,9,2013,7,21,35,1,2,2,US-50,SR-33,1593,38.71148889,-87.55560833,0,24,0,0,1,1,0,5,3,1,0,1,0,0000000,21,37,99,99,99,99,0,0,0,1,1
17,170599,3,3,0,0,0,8,8,31,1670,6,8,2013,3,12,36,0,14,6,VINCENNES,109TH PLACE,0,41.69488333,-87.66139444,0,12,7,0,1,1,0,1,1,1,0,1,0,0000000,12,37,99,99,99,99,0,0,0,1,1
17,170600,1,1,0,0,0,1,1,63,5750,11,10,2013,6,23,47,0,16,6,ANNE LN,,0,41.37537778,-88.44280833,0,3,0,0,1,1,0,4,3,1,0,1,0,0000000,23,47,99,99,99,99,0,0,0,1,1