STATE,ST_CASE,VE_TOTAL,VE_FORMS,PVH_INVL,PEDS,PERNOTMVIT,PERMVIT,PERSONS,COUNTY,CITY,DAY,MONTH,YEAR,DAY_WEEK,HOUR,MINUTE,NHS,ROAD_FNC,ROUTE,TWAY_ID,TWAY_ID2,MILEPT,LATITUDE,LONGITUD,SP_JUR,HARM_EV,MAN_COLL,RELJCT1,RELJCT2,TYP_INT,WRK_ZONE,REL_ROAD,LGT_COND,WEATHER1,WEATHER2,WEATHER,SCH_BUS,RAIL,NOT_HOUR,NOT_MIN,ARR_HOUR,ARR_MIN,HOSP_HR,HOSP_MN,CF1,CF2,CF3,FATALS,DRUNK_DR
17,170601,4,4,0,0,0,4,4,197,1565,24,7,2013,4,6,35,1,11,1,I-55,,2479,41.45346111,-88.19603333,0,12,1,0,1,1,1,1,1,1,0,1,0,0000000,6,35,99,99,99,99,0,0,0,1,0
17,170602,2,2,0,0,0,4,4,163,0,18,8,2013,1,4,30,0,14,3,SR-3 (2ND ST),,1483,38.65109722,-90.16604167,0,12,2,0,1,1,0,1,2,1,0,1,0,0000000,4,36,99,99,99,99,0,0,0,2,2
17,170603,2,2,0,0,0,3,3,29,0,30,8,2013,6,22,40,0,14,2,US-45,,2079,39.57506389,-88.33313333,0,1,0,0,1,1,0,1,2,1,0,1,0,0000000,22,40,99,99,99,99,0,0,0,1,1
17,170604,1,1,0,0,0,2,2,31,1670,23,2,2013,7,2,16,1,13,6,WESTERN,18TH,0,41.85736944,-87.68579722,0,21,0,0,1,1,0,1,2,1,0,1,0,0000000,2,17,99,99,99,99,0,0,0,1,1
17,170605,1,1,0,0,0,1,1,31,1260,21,4,2013,1,2,29,0,14,6,RIVER OAKS DR,,0,41.60098056,-87.55463056,0,31,0,0,1,1,0,3,3,1,0,1,0,0000000,2,29,99,99,99,99,0,0,0,1,0
17,170606,1,1,0,0,0,2,2,9,0,15,6,2013,7,23,0,0,4,4,CR-525N,,0,39.921575,-90.79217778,0,7,0,0,1,1,0,1,2,2,0,2,0,0000000,23,1,99,99,99,99,0,0,0,1,0
17,170607,1,1,0,0,0,1,1,1,0,15,9,2013,1,17,0,0,5,4,CR-1500TH AVE,,0,39.97763333,-91.24658611,0,34,0,0,1,1,0,4,1,1,0,1,0,0000000,17,4,99,99,88,88,0,0,0,1,1
17,170608,1,1,0,0,0,1,1,31,1670,27,6,2013,5,7,30,0,16,6,EXCHANGE AVE,,0,41.81522778,-87.65295556,0,7,0,0,1,1,0,1,3,1,0,1,0,0000000,7,33,99,99,99,99,0,0,0,1,0
17,170609,2,2,0,0,0,3,3,43,0,3,5,2013,6,19,55,0,3,5,LEMONT RD,101ST,0,41.70430833,-88.00664444,0,12,6,0,4,1,0,1,5,2,0,2,0,0000000,19,55,99,99,99,99,0,0,0,1,0
17,170610,2,1,1,2,2,1,1,89,460,16,5,2013,5,15,25,0,14,6,NEW HAVEN AVE,,0,41.77244167,-88.33139722,0,14,0,0,1,1,0,5,1,1,0,1,0,0000000,15,25,99,99,99,99,0,0,0,1,0
17,170611,2,2,0,0,0,4,4,75,2420,30,8,2013,6,15,17,0,15,2,US-52 (RAUB AVE),2ND ST,2053,40.88335278,-87.61599722,0,12,6,0,2,2,0,1,1,1,0,1,0,0000000,15,17,99,99,99,99,0,0,0,1,0
17,170612,2,2,0,0,0,2,2,97,0,10,6,2013,2,9,16,1,2,3,SR-173,,477,42.47791667,-88.16837222,0,12,2,0,1,1,0,1,1,1,0,1,0,0000000,9,16,99,99,99,99,0,0,0,1,0
17,170613,1,1,0,0,0,2,2,103,2380,15,6,2013,7,18,51,1,13,2,US-52,,496,41.83811667,-89.47972222,0,7,0,0,1,1,0,1,1,1,0,1,0,0000000,18,51,99,99,99,99,0,0,0,1,0
17,170614,1,1,0,0,0,1,1,31,1670,29,6,2013,7,7,14,1,11,1,I-94,,616,41.73873056,-87.62464444,0,18,0,0,1,1,2,1,1,1,0,1,0,0000000,7,19,99,99,99,99,0,0,0,1,0
17,170615,1,1,0,0,0,1,1,137,4250,28,6,2013,6,10,56,1,13,3,SR-104,,52,39.72323056,-90.24772778,0,7,0,0,1,1,0,1,1,1,0,1,0,0000000,10,56,99,99,99,99,0,0,0,1,0
17,170616,3,3,0,0,0,3,3,111,4625,28,6,2013,6,15,43,0,14,6,PYOTT RD,JESSIE RD,0,42.17796944,-88.30706944,0,12,6,0,2,3,0,1,1,1,0,1,0,0000000,15,43,99,99,99,99,0,0,0,1,0
17,170617,1,1,0,0,0,2,2,97,0,25,8,2013,1,23,41,1,13,3,SR-59,,700,42.45875278,-88.10705833,0,42,0,0,1,1,1,4,3,1,0,1,0,0000000,23,41,99,99,99,99,3,0,0,1,1
17,170618,2,2,0,0,0,2,2,157,0,9,9,2013,2,5,45,1,2,3,SR-3,,877,37.94619444,-89.87689722,0,11,0,0,1,1,0,1,2,1,0,1,0,0000000,5,54,99,99,88,88,14,0,0,1,0
17,170619,2,2,0,1,1,2,2,201,7460,6,7,2013,7,22,39,0,14,6,AUBURN ST,,0,42.288425,-89.10473889,0,8,0,0,1,1,0,1,2,1,0,1,0,0000000,22,40,99,99,99,99,0,0,0,1,0
17,170620,1,1,0,0,0,1,1,115,2250,13,7,2013,7,4,53,0,14,6,MEADOW LN,34TH,0,39.84516944,-88.90481944,0,1,0,0,3,2,0,5,2,1,0,1,0,0000000,4,53,99,99,88,88,0,0,0,1,1
17,170621,3,3,0,0,0,7,7,31,9380,18,8,2013,1,21,10,1,11,1,I-94 RAMP,LAKE,0,42.08081667,-87.75887222,0,25,0,1,5,1,0,3,3,1,0,1,0,0000000,21,15,99,99,99,99,0,0,0,1,0
17,170622,1,1,0,0,0,1,1,71,0,1,8,2013,5,11,53,0,6,4,CR-1300N,,0,40.82195,-90.99456944,0,1,0,0,1,1,0,4,1,1,0,1,0,0000000,11,53,99,99,99,99,0,0,0,1,0
17,170623,1,1,0,2,2,1,1,163,6460,14,9,2013,7,10,1,0,3,6,HIGHWAY 50,HILGARD ST,0,38.58462222,-89.9045,0,8,0,0,3,3,0,1,1,1,0,1,0,0000000,10,1,99,99,99,99,0,0,0,1,0
17,170624,4,4,0,0,0,9,9,31,1670,13,7,2013,7,23,30,0,14,6,PULASKI,CHICAGO,0,41.8954,-87.72606389,0,12,2,0,2,2,0,1,3,1,0,1,0,0000000,23,30,99,99,99,99,20,0,0,1,2
17,170625,1,1,0,0,0,2,2,143,6850,18,9,2013,4,0,19,0,15,6,GRISWOLD ST,,0,40.67686389,-89.63275833,0,42,0,0,1,1,0,4,2,1,0,1,0,0000000,0,29,99,99,99,99,0,0,0,1,1
17,170626,1,1,0,1,1,2,2,163,1240,11,7,2013,5,12,33,0,14,6,LORRAINE DR,,0,38.55488889,-90.12536944,0,9,0,0,1,1,0,1,1,1,0,1,0,0000000,12,35,99,99,99,99,0,0,0,1,0
17,170627,2,2,0,0,0,3,3,197,0,15,7,2013,2,2,0,1,1,1,I-80,,1439,41.55258889,-87.88747222,0,12,1,0,1,1,0,1,2,1,0,1,0,0000000,2,2,99,99,99,99,0,0,0,2,0
17,170628,2,2,0,0,0,5,5,201,7460,2,9,2013,2,0,13,0,14,3,SR-251 (11TH ST),,1121,42.19549444,-89.07221111,0,12,1,0,1,1,0,1,3,1,0,1,0,0000000,0,13,99,99,99,99,0,0,0,1,2
17,170629,2,2,0,0,0,2,2,31,1670,8,7,2013,2,6,14,1,11,1,I-94,,552,41.83075278,-87.630225,0,12,1,0,1,1,0,1,1,1,0,1,0,0000000,6,14,99,99,99,99,0,0,0,1,0
17,170631,1,1,0,1,1,1,1,163,2962,10,7,2013,4,8,58,1,13,3,SR-159,,259,38.581425,-89.98478889,0,9,0,0,1,1,0,1,1,1,0,1,0,0000000,8,58,99,99,99,99,0,0,0,1,0
17,170632,6,6,0,0,0,6,6,197,9390,17,7,2013,4,16,36,1,11,1,I-55,,2420,41.36658611,-88.19210833,0,12,1,0,1,1,1,1,1,1,0,1,0,0000000,16,38,99,99,99,99,0,0,0,1,0
17,170633,1,1,0,0,0,1,1,99,0,21,9,2013,7,10,28,1,1,1,I-80,,869,41.36826111,-88.90059167,0,32,0,0,1,1,0,4,1,1,0,1,0,0000000,10,28,99,99,99,99,0,0,0,1,0
17,170634,2,2,0,0,0,2,2,7,0,19,9,2013,5,9,33,1,2,2,US-20,,1102,42.246875,-88.78136111,0,12,2,0,1,1,0,1,1,1,0,1,0,0000000,9,55,99,99,99,99,0,0,0,1,0
17,170635,2,2,0,0,0,4,4,97,7560,24,8,2013,7,14,47,1,13,3,SR-83,MILLSTONE DR,842,42.38701944,-88.06315,0,12,6,0,2,2,0,1,1,1,0,1,0,0000000,14,47,99,99,99,99,0,0,0,1,0
17,170636,1,1,0,0,0,1,1,197,1565,1,9,2013,1,19,53,0,15,6,FRONT ST,,0,41.42551944,-88.20656389,0,32,0,0,1,1,0,4,2,1,0,1,0,0000000,19,53,99,99,99,99,0,0,0,1,1
17,170637,2,2,0,0,0,2,2,19,0,19,7,2013,6,7,20,0,4,2,US-150,,1983,40.11203333,-88.01253611,0,12,2,0,1,1,0,1,1,1,0,1,0,0000000,7,23,99,99,99,99,0,0,0,1,0
17,170638,2,2,0,0,0,4,4,81,0,26,9,2013,5,1,48,1,1,1,I-64,,686,38.36183056,-89.03948611,0,12,1,1,18,1,0,1,2,1,0,1,0,0000000,1,48,99,99,99,99,0,0,0,3,0
17,170639,1,1,0,0,0,1,1,157,0,18,7,2013,5,21,35,0,3,4,CR-16,,0,38.04453333,-89.70385556,0,1,0,0,1,1,0,5,2,1,0,1,0,0000000,21,35,99,99,88,88,0,0,0,1,1
17,170640,2,2,0,0,0,3,3,113,0,20,7,2013,7,13,57,1,2,2,US-24,,1679,40.73887222,-88.93135556,0,12,2,0,1,1,0,1,1,1,0,1,0,0000000,13,59,99,99,99,99,0,0,0,1,0
17,170641,1,1,0,0,0,1,1,119,0,21,7,2013,1,3,4,0,4,4,CR-3,,0,38.98924444,-89.83302222,0,31,0,0,1,1,0,5,2,1,0,1,0,0000000,3,4,99,99,88,88,0,0,0,1,1
17,170642,1,1,0,0,0,1,1,201,7460,18,8,2013,1,4,59,0,14,5,ROCKTON AVE,,0,42.303025,-89.09683889,0,42,0,0,1,1,0,4,4,1,0,1,0,0000000,4,59,99,99,99,99,0,0,0,1,1
17,170644,2,2,0,0,0,3,3,31,3430,22,9,2013,1,14,41,1,13,3,SR-21 (MILWAUKEE AVE),,48,42.075775,-87.85886944,0,12,2,0,1,1,0,1,1,1,0,1,0,0000000,14,41,99,99,99,99,0,0,0,2,0
17,170645,2,2,0,0,0,3,3,197,0,26,9,2013,5,19,25,1,2,2,US-45,PAULING RD,3450,41.39637222,-87.88303889,0,12,6,0,2,2,0,1,2,1,0,1,0,0000000,19,25,99,99,99,99,0,0,0,2,2
17,170646,2,2,0,0,0,2,2,43,7500,19,6,2013,4,11,3,1,14,6,GARY AVE,,0,41.97668056,-88.11868056,0,12,1,0,1,1,0,1,1,1,0,1,0,0000000,11,3,99,99,99,99,0,0,0,1,0
17,170647,1,1,0,0,0,1,1,11,8230,19,9,2013,5,18,25,0,14,2,US-6 (DAKOTA ST),,777,41.32772222,-89.18703611,0,24,0,0,1,1,0,4,1,1,0,1,0,0000000,18,25,99,99,99,99,0,0,0,1,0
17,170648,1,1,0,1,1,1,1,157,8600,6,10,2013,1,20,59,0,3,3,SR-13 (BUTLER AVE),,381,38.21145,-89.68579167,0,8,0,0,1,1,0,1,3,1,0,1,0,0000000,21,15,99,99,99,99,0,0,0,1,0
17,170649,1,1,0,0,0,5,5,19,0,6,10,2013,1,3,2,0,6,4,CR-600N,CR-1700E,0,39.96751111,-88.14216111,0,1,0,0,3,2,0,4,2,8,0,8,0,0000000,3,2,99,99,99,99,0,0,0,1,1
17,170650,2,2,0,0,0,2,2,89,0,7,10,2013,2,11,51,0,3,3,SR-38,,532,41.89449444,-88.56063611,0,12,2,0,1,1,0,1,1,1,0,1,0,0000000,11,51,99,99,99,99,0,0,0,1,0
17,170651,3,3,0,0,0,3,3,1,7180,5,10,2013,7,22,9,0,14,6,HARRISON ST,18TH ST,0,39.91358333,-91.38701944,0,12,6,0,2,3,0,1,2,1,0,1,0,0000000,22,9,99,99,99,99,0,0,0,1,1
17,170652,2,2,0,0,0,2,2,77,0,20,9,2013,6,14,13,0,4,4,CR-8 (ELKVILLE RD),,0,37.90726111,-89.28371111,0,12,2,0,1,1,0,1,1,2,0,2,0,0000000,14,13,99,99,99,99,0,0,0,1,0
17,170653,1,1,0,0,0,1,1,31,7820,26,9,2013,5,23,56,0,14,6,RIVER RD,,0,41.95365833,-87.856675,0,33,0,0,1,1,0,4,3,1,0,1,0,0000000,23,56,99,99,88,88,0,0,0,1,1
17,170654,1,1,0,0,0,3,3,191,0,29,7,2013,2,0,48,1,1,1,I-64,,1033,38.26868611,-88.47534444,0,32,0,0,1,1,0,4,2,1,0,1,0,0000000,0,48,99,99,99,99,0,0,0,1,0
17,170655,1,1,0,0,0,1,1,167,6070,6,10,2013,1,3,46,0,4,4,CR-10 (WAVERLY RD),ILLINOIS ST,0,39.7257,-89.92368889,0,34,0,0,3,2,0,4,3,1,0,1,0,0000000,3,46,99,99,99,99,0,0,0,1,1
17,170656,1,1,0,0,0,1,1,141,0,29,7,2013,2,15,48,1,2,3,SR-2,,340,42.08428889,-89.33053889,0,1,0,0,1,1,0,4,1,1,0,1,0,0000000,15,48,99,99,99,99,0,0,0,1,0
17,170657,1,1,0,1,1,2,2,31,2330,29,7,2013,2,13,29,1,13,3,SR-83 (OAKTON ST),,548,42.02248056,-87.95513889,0,9,0,0,8,1,0,1,1,1,0,1,0,0000000,13,29,99,99,99,99,0,0,0,1,0
17,170658,1,1,0,0,0,1,1,49,0,7,10,2013,2,0,26,1,13,2,US-45,,1639,38.99838333,-88.54488333,0,1,0,0,1,1,0,4,2,1,0,1,0,0000000,0,26,99,99,88,88,0,0,0,1,1
17,170659,1,1,0,0,0,1,1,41,0,7,7,2013,1,14,1,0,4,2,US-45,,2214,39.76780556,-88.29661667,0,34,0,0,1,1,0,4,1,1,0,1,0,0000000,14,1,99,99,99,99,0,0,0,1,0
17,170660,3,3,0,0,0,5,5,167,8220,28,7,2013,1,22,59,0,13,6,MADISON ST,11TH ST,0,39.80383056,-89.64073056,0,12,6,0,2,2,0,1,2,1,0,1,0,0000000,22,59,99,99,99,99,0,0,0,2,1
17,170661,1,1,0,1,1,2,2,201,7460,16,10,2013,4,1,16,1,13,2,US-20 (STATE ST),,151,42.27656944,-89.12413889,0,8,0,0,1,1,0,1,3,1,0,1,0,0000000,1,16,99,99,88,88,0,0,0,1,0
17,170662,3,3,0,0,0,3,3,67,0,16,10,2013,4,15,56,0,3,3,SR-96,,1201,40.56897222,-91.30736944,0,12,8,0,1,1,0,1,1,1,0,1,0,0000000,16,17,99,99,99,99,0,0,0,1,0
17,170663,2,2,0,0,0,3,3,57,0,21,10,2013,2,18,50,0,4,4,CR-35 (MINE HWY),CR-13,0,40.27623889,-90.43113056,0,12,6,0,2,2,0,1,5,1,0,1,0,0000000,18,50,99,99,99,99,0,0,0,1,0
17,170664,1,1,0,0,0,1,1,19,0,24,10,2013,5,2,0,1,2,3,SR-47,,85,40.231625,-88.39386389,0,32,0,0,1,1,0,4,2,1,0,1,0,0000000,4,14,99,99,88,88,0,0,0,1,1
17,170665,1,1,0,1,1,2,2,163,670,26,10,2013,7,1,14,0,14,3,SR-13,,33,38.54566944,-90.05240833,0,8,0,0,1,1,0,1,2,1,0,1,0,0000000,1,14,99,99,99,99,0,0,0,1,0
17,170667,1,1,0,0,0,1,1,163,2610,30,9,2013,2,20,52,1,11,1,I-55,,18,38.62930833,-90.15959722,0,1,0,1,18,1,0,1,2,1,0,1,0,0000000,20,52,99,99,99,99,0,0,0,1,0
17,170668,1,1,0,1,1,1,1,201,7460,2,10,2013,4,23,16,0,15,6,CHARLES ST,28TH ST,0,42.25738056,-89.04670556,0,8,0,0,2,2,0,1,3,1,0,1,0,0000000,23,16,99,99,99,99,0,0,0,1,0
17,170669,1,1,0,0,0,2,2,189,0,4,10,2013,6,0,30,0,3,3,SR-15,,643,38.31361111,-89.16446389,0,1,0,0,1,1,0,4,2,1,0,1,0,0000000,0,52,99,99,99,99,0,0,0,1,1
17,170670,1,1,0,1,1,1,1,31,5790,29,9,2013,1,23,4,1,11,1,I-94,,379,42.03367222,-87.7683,0,8,0,0,1,1,0,1,3,1,0,1,0,0000000,23,4,99,99,88,88,0,0,0,1,0
17,170671,1,1,0,0,0,2,2,99,0,30,9,2013,2,21,46,0,6,4,CR-4351ST RD,,0,41.57037778,-88.60545,0,1,0,0,1,1,0,4,2,1,0,1,0,0000000,21,46,99,99,99,99,0,0,0,1,1
17,170672,1,1,0,0,0,1,1,93,0,26,7,2013,6,18,8,0,14,3,SR-126,,40,41.61091111,-88.379425,0,38,0,0,1,1,0,4,1,1,0,1,0,0000000,18,9,99,99,99,99,0,0,0,1,1
17,170673,2,2,0,0,0,2,2,41,0,10,10,2013,5,23,47,1,2,2,US-36,,1661,39.79180278,-88.46854444,0,12,1,0,1,1,0,1,2,1,0,1,0,0000000,23,52,99,99,88,88,0,0,0,1,1
17,170674,3,3,0,0,0,7,7,201,7460,29,9,2013,1,16,58,0,14,6,SPRING CREEK RD,,0,42.28873889,-89.05878333,0,12,2,0,1,1,0,1,1,1,0,1,0,0000000,16,58,99,99,99,99,0,0,0,1,0
17,170675,1,1,0,0,0,1,1,57,0,12,10,2013,7,7,57,0,3,3,SR-78,,734,40.65841111,-90.00695,0,34,0,0,1,1,0,4,2,1,0,1,0,0000000,7,57,99,99,88,88,0,0,0,1,1
17,170676,2,2,0,0,0,5,5,119,0,16,10,2013,4,17,8,1,13,3,SR-140,,105,38.89586667,-89.99208333,0,12,8,0,1,1,0,1,1,1,0,1,0,0000000,17,8,99,99,99,99,0,0,0,1,0
17,170677,1,1,0,0,0,1,1,197,0,22,10,2013,3,21,26,0,14,5,OLD MONEE RD,,0,41.45817778,-87.69979167,0,34,0,0,1,1,0,4,2,1,0,1,0,0000000,21,26,99,99,99,99,0,0,0,1,1
17,170678,1,1,0,0,0,1,1,91,0,28,10,2013,2,16,35,0,4,4,CR-53 (CR-7000S),,0,41.02422222,-87.56220556,0,32,0,0,1,1,0,4,1,1,0,1,0,0000000,16,37,99,99,99,99,0,0,0,1,1
17,170679,2,2,0,0,0,3,3,143,0,10,8,2013,7,22,19,0,15,6,FARMINGTON RD,WILDWOOD CT,0,40.69775278,-89.69065,0,12,6,0,2,3,0,1,2,1,0,1,0,0000000,22,19,99,99,99,99,0,0,0,2,0
17,170680,2,2,0,0,0,2,2,19,0,4,10,2013,6,14,43,0,6,4,CR-1900E,CR-200N,0,39.90913056,-88.10383889,0,12,6,0,2,2,0,1,1,1,0,1,0,0000000,14,44,99,99,99,99,0,0,0,1,0
17,170681,1,1,0,0,0,2,2,37,0,25,8,2013,1,16,21,0,6,5,SANDWICH RD,,0,41.75148333,-88.61534722,0,1,0,0,1,1,0,4,1,1,0,1,0,0000000,16,21,99,99,99,99,0,0,0,1,0
17,170683,2,2,0,0,0,6,6,31,1670,6,10,2013,1,2,30,0,14,6,63RD ST,WOODLAWN AVE,0,41.78051944,-87.5962,0,12,6,0,2,2,0,1,3,2,0,2,0,0000000,2,34,99,99,99,99,0,0,0,1,1
17,170684,1,1,0,0,0,1,1,7,0,22,10,2013,3,15,44,0,6,5,LAWRENCEVILLE RD,,0,42.26242778,-88.76403889,0,42,0,0,1,1,0,4,1,1,0,1,0,0000000,15,44,99,99,99,99,0,0,0,1,0
17,170685,1,1,0,0,0,1,1,89,0,25,10,2013,6,8,13,0,15,5,DEERPATH RD,,0,41.81468056,-88.37063889,0,42,0,0,1,1,0,4,1,1,0,1,0,0000000,8,13,99,99,88,88,0,0,0,1,1
17,170686,2,2,0,0,0,2,2,133,1930,13,9,2013,6,18,1,1,13,3,SR-3 (ADMIRAL PARKWAY),CARL ST,1310,38.4387,-90.20381111,0,12,6,0,2,2,0,1,1,1,0,1,0,0000000,18,1,99,99,99,99,0,0,0,1,1
17,170687,1,1,0,0,0,2,2,163,2610,5,10,2013,7,3,28,0,16,6,RIVER PARK DR (BROADWAY),FRONT ST,0,38.629,-90.17493889,0,43,0,0,3,3,0,5,3,1,0,1,0,0000000,3,28,99,99,99,99,0,0,0,1,1
17,170688,2,2,0,0,0,2,2,99,6630,29,9,2013,1,18,16,1,13,2,US-6,,990,41.35158333,-88.806425,0,12,6,0,8,1,0,1,1,1,0,1,0,0000000,18,16,99,99,99,99,0,0,0,1,0
17,170689,1,1,0,0,0,1,1,183,0,29,10,2013,3,3,14,1,11,1,I-74,,2152,40.10844167,-87.62027222,0,43,0,0,1,1,0,4,2,1,0,1,0,0000000,3,14,99,99,88,88,0,0,0,1,1
17,170690,1,1,0,0,0,1,1,67,0,11,7,2013,5,5,45,0,4,4,CR-1800N (FERRIS RD),,0,40.46148333,-91.22215278,0,34,0,0,1,1,0,4,4,1,0,1,0,0000000,5,55,99,99,99,99,0,0,0,1,0
17,170691,2,2,0,0,0,2,2,97,9100,26,7,2013,6,12,5,1,13,3,SR-21 (MILWAUKEE AVE),,236,42.33080833,-87.95379444,0,12,2,0,1,1,1,1,1,2,0,2,0,0000000,12,46,99,99,99,99,0,0,0,1,0
17,170692,1,1,0,0,0,2,2,163,7763,14,10,2013,2,23,50,0,16,6,SAUGET BUSINESS BLVD,,0,38.57688333,-90.14606389,0,34,0,0,1,1,0,4,2,1,0,1,0,0000000,23,50,99,99,99,99,0,0,0,1,1
17,170693,1,1,0,0,0,1,1,163,2930,29,9,2013,1,20,1,1,11,1,I-55,,54,38.65945278,-90.10815,0,1,0,0,1,1,0,1,2,1,0,1,0,0000000,20,1,99,99,99,99,0,0,0,1,1
17,170694,1,1,0,0,0,1,1,107,0,31,10,2013,5,21,59,0,14,5,OLD ROUTE 121,,0,40.16520278,-89.38697222,0,42,0,0,1,1,0,4,2,1,0,1,0,0000000,21,59,99,99,88,88,0,0,0,1,0
17,170695,2,2,0,0,0,3,3,195,8280,8,9,2013,1,11,2,1,13,3,SR-2,45TH AVE,36,41.81996389,-89.64275556,0,12,6,0,2,2,0,1,1,1,0,1,0,0000000,11,2,99,99,99,99,0,0,0,1,0
17,170696,2,2,0,0,0,2,2,93,0,28,10,2013,2,7,52,0,3,2,US-52,GROVE RD,1261,41.51166111,-88.35008056,0,12,6,0,2,2,0,1,1,1,0,1,0,0000000,7,54,99,99,99,99,0,0,0,1,0
17,170697,1,1,0,0,0,4,4,163,2610,21,9,2013,7,23,53,0,14,6,CASEYVILLE AVE,,0,38.63062222,-90.108975,0,30,0,0,1,1,0,5,3,1,0,1,0,0000000,23,53,99,99,99,99,0,0,0,3,1
17,170698,2,2,0,0,0,5,5,197,0,26,10,2013,7,9,20,1,13,3,SR-53,LOUIS RD,278,41.49365,-88.0805,0,12,6,0,2,3,0,1,1,1,0,1,0,0000000,9,22,99,99,99,99,0,0,0,1,0
17,170699,1,1,0,0,0,1,1,143,0,21,8,2013,4,6,5,0,5,4,CR-21 (PARK SCHOOL RD),,0,40.87931944,-89.81379167,0,11,0,0,1,1,0,1,4,1,0,1,0,0000000,6,5,99,99,88,88,0,0,0,1,1
17,170700,3,3,0,0,0,4,4,97,8933,10,9,2013,3,22,37,1,13,3,SR-173 (ROSECRANS RD),,620,42.46491667,-87.90321389,0,12,6,0,1,1,0,1,2,1,0,1,0,0000000,22,37,99,99,99,99,0,0,0,1,1
17,170701,1,1,0,0,0,1,1,31,1670,27,10,2013,1,3,10,0,14,6,ASHLAND AVE,,0,41.86403333,-87.66630556,0,30,0,0,1,1,0,4,3,1,0,1,0,0000000,3,10,99,99,99,99,0,0,0,1,1
17,170702,1,1,0,0,0,1,1,195,8280,8,10,2013,3,22,40,0,14,6,LYNN BLVD,,0,41.81044722,-89.68776944,0,1,0,0,1,1,0,1,3,1,0,1,0,0000000,22,40,99,99,99,99,0,0,0,1,1
17,170703,2,2,0,0,0,7,7,117,0,25,10,2013,6,5,22,1,1,1,I-55,,500,39.14616944,-89.70100278,0,12,1,0,1,1,0,1,2,1,0,1,0,0000000,5,22,99,99,99,99,0,0,0,3,1
17,170704,1,1,0,0,0,1,1,55,0,17,10,2013,5,3,35,0,3,3,SR-149,,435,37.91055556,-88.80608611,0,52,0,0,1,1,0,4,2,2,0,2,0,0000000,3,35,99,99,88,88,0,0,0,1,1
17,170705,3,3,0,0,0,3,3,75,0,22,10,2013,3,14,30,0,3,2,US-45,,3164,40.99288333,-87.86739167,0,12,2,0,1,1,0,1,1,2,0,2,0,0000000,14,30,99,99,99,99,0,0,0,1,0
17,170706,1,1,0,0,0,1,1,19,0,30,10,2013,4,15,36,0,4,4,CR-2100N,,0,40.18659444,-87.99548333,0,35,0,0,1,1,0,4,1,2,0,2,0,0000000,15,38,99,99,99,99,0,0,0,1,1
17,170707,1,1,0,0,0,1,1,105,0,16,10,2013,4,22,55,0,4,4,CR-900E,,0,41.03455833,-88.75749167,0,34,0,0,1,1,0,4,2,1,0,1,0,0000000,22,55,99,99,88,88,0,0,0,1,1
17,170708,1,1,0,0,0,1,1,143,0,18,10,2013,6,2,5,0,15,6,FARMINGTON RD,,0,40.69771944,-89.69055278,0,30,0,0,1,1,0,4,2,1,0,1,0,0000000,2,5,99,99,99,99,0,0,0,1,1
17,170709,2,2,0,0,0,2,2,105,7070,30,10,2013,4,21,37,1,1,1,I-55,,2011,40.92477222,-88.62906667,0,12,6,0,1,1,0,3,2,2,0,2,0,0000000,21,38,99,99,99,99,0,0,0,1,1
17,170710,1,1,0,1,1,5,5,43,2440,9,11,2013,7,22,12,0,14,6,MAIN ST,,0,41.81093333,-88.01116667,0,8,0,0,1,1,0,1,2,1,0,1,0,0000000,22,12,99,99,99,99,0,0,0,1,0
17,170711,2,2,0,0,0,7,7,31,1670,13,11,2013,4,0,55,1,11,1,I-94,,615,41.74010278,-87.62509167,0,12,1,0,1,1,0,1,3,1,0,1,0,0000000,1,2,99,99,99,99,0,0,0,1,1
17,170712,3,3,0,0,0,5,5,143,0,28,9,2013,7,12,18,0,4,2,US-150,GILLES RD,781,40.78583889,-89.72728056,0,12,1,0,3,3,0,1,1,1,0,1,0,0000000,12,18,99,99,99,99,0,0,0,1,0
17,170713,4,3,1,0,0,4,4,31,1670,6,11,2013,4,4,55,1,11,1,I-94,,613,41.74392222,-87.62477778,0,25,0,0,1,1,0,4,3,2,0,2,0,0000000,5,0,99,99,99,99,0,0,0,1,0
17,170714,2,2,0,0,0,3,3,81,2368,28,10,2013,2,3,5,1,1,1,I-57,,1033,38.43870278,-88.95204444,0,12,1,0,1,1,0,1,2,1,0,1,0,0000000,3,8,99,99,99,99,0,0,0,1,0
17,170715,1,1,0,0,0,3,3,97,4620,10,10,2013,5,2,34,1,13,2,US-41,,441,42.23538611,-87.85604444,0,25,0,0,1,1,0,3,3,1,0,1,0,0000000,2,34,99,99,99,99,0,0,0,1,1
17,170716,2,2,0,0,0,3,3,119,0,1,11,2013,6,18,30,1,13,3,SR-140,,104,38.89585833,-89.99442222,0,12,1,0,1,1,0,1,2,1,0,1,0,0000000,18,35,99,99,99,99,0,0,0,1,0
17,170717,1,1,0,1,1,1,1,119,3400,15,11,2013,6,6,29,1,11,1,I-270,,111,38.75679722,-89.96792222,0,8,0,0,1,1,0,1,2,1,0,1,0,0000000,6,29,99,99,99,99,19,0,0,1,0