STATE,ST_CASE,VE_TOTAL,VE_FORMS,PVH_INVL,PEDS,PERNOTMVIT,PERMVIT,PERSONS,COUNTY,CITY,DAY,MONTH,YEAR,DAY_WEEK,HOUR,MINUTE,NHS,ROAD_FNC,ROUTE,TWAY_ID,TWAY_ID2,MILEPT,LATITUDE,LONGITUD,SP_JUR,HARM_EV,MAN_COLL,RELJCT1,RELJCT2,TYP_INT,WRK_ZONE,REL_ROAD,LGT_COND,WEATHER1,WEATHER2,WEATHER,SCH_BUS,RAIL,NOT_HOUR,NOT_MIN,ARR_HOUR,ARR_MIN,HOSP_HR,HOSP_MN,CF1,CF2,CF3,FATALS,DRUNK_DR
17,170718,2,2,0,0,0,2,2,31,700,22,9,2013,1,11,31,0,3,6,MADISON ST,,0,41.87821667,-87.86853333,0,12,6,0,8,1,0,1,1,1,0,1,0,0000000,11,31,99,99,99,99,0,0,0,1,1
17,170719,2,2,0,0,0,4,4,197,7000,2,10,2013,4,13,37,0,16,6,FRONTAGE RD,,0,41.58087778,-88.17276389,0,12,8,0,1,1,0,1,1,1,0,1,0,0000000,13,37,99,99,99,99,0,0,0,1,0
17,170720,2,2,0,0,0,3,3,89,0,27,10,2013,1,12,37,0,3,3,SR-38,,543,41.89502222,-88.53844444,0,12,2,0,1,1,0,1,1,1,0,1,0,0000000,12,37,99,99,99,99,0,0,0,1,0
17,170721,2,2,0,0,0,4,4,31,1992,18,10,2013,6,22,3,1,13,3,SR-50 (CICERO AVE),183RD ST,334,41.55710833,-87.73311944,0,12,6,0,2,2,0,1,3,1,0,1,0,0000000,22,10,99,99,99,99,0,0,0,1,0
17,170722,2,2,0,0,0,3,3,31,7320,1,10,2013,3,23,29,0,14,3,SR-1 (HALSTED ST),,3194,41.65639167,-87.64118611,0,12,2,0,1,1,0,1,2,1,0,1,0,0000000,23,29,99,99,99,99,0,0,0,1,1
17,170723,1,1,0,1,1,1,1,31,5790,22,10,2013,3,6,20,1,13,3,SR-58,,230,42.05492222,-87.8237,0,8,0,0,1,1,0,1,2,1,0,1,0,0000000,6,28,99,99,99,99,0,0,0,1,0
17,170724,2,2,0,0,0,3,3,31,1670,25,10,2013,6,17,7,0,14,6,87TH ST,,0,41.73710556,-87.57301667,0,12,6,0,1,1,0,1,1,1,0,1,1,0000000,17,23,99,99,99,99,0,0,0,1,0
17,170725,1,1,0,0,0,1,1,83,0,2,11,2013,7,3,18,1,3,2,US-67,,147,39.05000833,-90.26461389,0,34,0,0,1,1,0,4,2,1,0,1,0,0000000,3,18,99,99,99,99,0,0,0,1,1
17,170726,2,2,0,0,0,6,6,49,0,3,11,2013,1,21,3,1,1,1,I-57,,1540,39.04568611,-88.58660278,0,12,1,0,1,1,0,1,2,1,0,1,0,0000000,21,3,99,99,99,99,0,0,0,2,0
17,170727,1,1,0,0,0,5,5,119,790,9,11,2013,7,21,19,0,16,6,BUCHTA RD,,0,38.87714167,-90.02924444,0,42,0,0,1,1,0,4,2,1,0,1,0,0000000,21,19,99,99,99,99,0,0,0,1,0
17,170728,2,2,0,3,3,2,2,31,1670,24,9,2013,3,20,36,0,14,6,83RD PLACE,BLACKSTONE,0,41.74325,-87.58798056,0,12,1,0,2,2,0,1,2,1,0,1,0,0000000,20,36,99,99,99,99,20,0,0,1,1
17,170729,2,2,0,1,1,2,2,197,3160,20,7,2013,7,10,3,0,14,6,LARAWAY,104TH,0,41.4843,-87.8682,0,12,6,0,2,2,0,1,1,1,0,1,0,0000000,10,3,99,99,99,99,0,0,0,1,0
17,170730,2,1,1,1,1,1,1,201,7460,26,9,2013,5,16,47,0,16,6,CHICAGO AVE,,0,42.26340278,-89.06393889,0,8,0,0,8,1,0,4,1,1,0,1,0,0000000,16,47,99,99,99,99,0,0,0,1,0
17,170731,1,1,0,1,1,1,1,91,5680,30,8,2013,6,17,14,1,13,3,SR-17,,2828,41.15963333,-87.66427222,0,9,0,0,8,1,0,1,1,1,0,1,0,0000000,17,14,99,99,99,99,0,0,0,1,0
17,170732,1,1,0,0,0,1,1,123,0,1,11,2013,6,15,31,1,1,1,I-39,,394,41.0805,-89.06736944,0,34,0,0,1,1,0,3,1,1,0,1,0,0000000,15,31,99,99,88,88,0,0,0,1,0
17,170733,2,2,0,0,0,2,2,119,0,11,10,2013,6,9,11,1,1,8,RAMP TO I-55,,0,38.71943056,-89.91621944,0,12,1,1,20,1,0,1,1,1,0,1,0,0000000,9,11,99,99,88,88,0,0,0,1,0
17,170735,1,1,0,0,0,1,1,91,900,25,7,2013,5,8,50,1,11,1,I-57,,3168,41.18171667,-87.86619167,0,31,0,0,1,1,1,3,1,1,0,1,0,0000000,8,50,99,99,88,88,0,0,0,1,0
17,170736,1,1,0,0,0,1,1,157,0,26,10,2013,7,1,10,0,6,6,OHLWINE RD,,0,38.19338333,-89.97834444,0,30,0,0,1,1,0,4,2,1,0,1,0,0000000,1,18,99,99,99,99,0,0,0,1,1
17,170737,1,1,0,0,0,1,1,197,4910,5,10,2013,7,2,59,0,16,6,VICTORIA CROSSING WAY,,0,41.58688333,-87.97409444,0,42,0,0,1,1,0,4,3,1,0,1,0,0000000,2,59,99,99,99,99,0,0,0,1,1
17,170738,1,1,0,0,0,2,2,127,0,11,11,2013,2,15,55,0,4,2,US-45,,246,37.33386111,-88.87536667,0,11,0,0,1,1,0,1,1,1,0,1,0,0000000,16,3,99,99,16,45,0,0,0,1,0
17,170739,1,1,0,0,0,1,1,197,0,17,11,2013,1,0,14,0,3,3,SR-102,,116,41.23740556,-88.06865833,0,42,0,0,1,1,0,4,2,1,0,1,0,0000000,0,14,99,99,88,88,0,0,0,1,1
17,170740,2,2,0,0,0,2,2,7,0,24,10,2013,5,11,15,0,6,6,RUSSELVILLE RD,,0,42.331575,-88.78383056,0,12,6,0,8,1,0,1,1,1,0,1,0,0000000,11,15,99,99,88,88,0,0,0,1,0
17,170741,1,1,0,0,0,1,1,167,0,5,10,2013,7,13,30,0,4,4,CR-8 (OLD JACKSONVILLE RD),,0,39.78598056,-89.77153611,0,34,0,0,1,1,0,4,1,1,0,1,0,0000000,13,30,99,99,99,99,0,0,0,1,0
17,170742,1,1,0,0,0,1,1,203,0,10,11,2013,1,5,40,0,6,4,CR-25 (HICKORY POINT RD),,0,40.78821667,-89.42036389,0,1,0,0,1,1,0,4,2,1,0,1,0,0000000,5,40,6,1,88,88,0,0,0,1,1
17,170743,2,2,0,0,0,2,2,113,0,8,10,2013,3,15,21,0,4,4,CR-2450N,CR-3400E,0,40.63898889,-88.61311944,0,12,6,0,2,2,0,1,1,1,0,1,0,0000000,15,22,99,99,88,88,0,0,0,1,0
17,170744,1,1,0,1,1,1,1,7,0,27,10,2013,1,4,39,0,15,5,BELOIT RD,,0,42.27881111,-88.86103611,0,8,0,0,1,1,0,1,2,1,0,1,0,0000000,4,39,99,99,88,88,0,0,0,1,0
17,170745,2,2,0,0,0,2,2,53,0,9,10,2013,4,9,20,0,6,4,CR-1300N,CR-1100E,0,40.58893889,-88.25288056,0,12,6,0,2,2,0,1,1,1,0,1,0,0000000,9,21,99,99,99,99,0,0,0,1,0
17,170746,1,1,0,0,0,6,6,13,0,20,10,2013,1,0,41,0,4,4,CR-2 (MISSISSIPPI RIVER RD),,0,39.26111667,-90.72752778,0,34,0,0,1,1,0,4,2,1,0,1,0,0000000,0,41,99,99,99,99,0,0,0,1,1
17,170747,2,2,0,0,0,2,2,67,0,1,11,2013,6,6,30,0,3,3,SR-9,,189,40.58213889,-90.99594167,0,12,6,0,1,1,0,1,2,1,0,1,0,0000000,6,39,99,99,88,88,0,0,0,1,0
17,170749,3,1,2,0,0,1,1,31,6240,19,11,2013,3,17,23,0,16,6,THATCHER AVE,,0,41.96413056,-87.833575,0,14,0,0,1,1,0,4,2,1,0,1,0,0000000,17,26,99,99,99,99,14,0,0,1,0
17,170750,1,1,0,0,0,1,1,167,8220,28,10,2013,2,6,59,0,14,6,LAWRENCE AVE,,0,39.79419167,-89.67013056,0,31,0,0,1,1,0,4,1,1,0,1,0,0000000,6,59,99,99,99,99,0,0,0,1,0
17,170751,2,2,0,0,0,2,2,203,0,11,11,2013,2,20,17,1,1,1,I-39,,151,40.73698889,-89.03429167,0,12,6,0,1,1,0,1,2,4,0,4,0,0000000,20,17,99,99,88,88,0,0,0,1,0
17,170752,1,1,0,0,0,1,1,111,0,9,11,2013,7,10,51,0,4,4,CR-A22 (MCGUIRE RD),,0,42.4001,-88.57965556,0,32,0,0,1,1,0,4,1,1,0,1,0,0000000,10,51,99,99,99,99,0,0,0,1,1
17,170753,1,1,0,0,0,1,1,199,0,13,11,2013,4,13,59,0,4,4,CR-2 (CORINTH RD),,0,37.82025556,-88.75521111,0,1,0,0,1,1,0,4,1,1,0,1,0,0000000,13,59,14,20,99,99,0,0,0,1,0
17,170754,2,2,0,0,0,4,4,199,0,13,11,2013,4,18,8,1,2,3,SR-13,,1142,37.73046944,-88.75426389,0,12,1,0,1,1,0,1,2,1,0,1,0,0000000,18,8,99,99,99,99,0,0,0,1,1
17,170755,1,1,0,0,0,1,1,73,0,16,11,2013,7,8,18,0,4,4,CR-9,,0,41.24088889,-90.29607222,0,32,0,0,1,1,0,4,1,2,0,2,0,0000000,8,20,99,99,88,88,0,0,0,1,1
17,170756,1,1,0,1,1,1,1,91,5680,20,11,2013,4,14,37,0,6,6,ASH ST,,0,41.16819444,-87.65690556,0,8,0,0,1,1,0,1,1,1,0,1,0,0000000,14,37,99,99,99,99,0,0,0,1,0
17,170757,1,1,0,1,1,1,1,1,8771,5,10,2013,7,19,54,0,3,3,SR-96,SR-61,0,40.07593889,-91.36678889,0,8,0,0,2,3,0,1,2,1,0,1,0,0000000,19,54,99,99,99,99,0,0,0,1,0
17,170758,1,1,0,0,0,1,1,31,1670,3,11,2013,1,23,28,1,13,2,US-41 (LAKE SHORE DR),,167,41.91128056,-87.62598889,0,30,0,0,1,1,0,4,3,1,0,1,0,0000000,23,30,99,99,88,88,0,0,0,1,1
17,170759,1,1,0,0,0,1,1,31,1670,7,11,2013,5,22,27,1,2,2,US-41 (LAKE SHORE DR),BALBO DR,138,41.87326111,-87.61706111,0,33,0,0,3,3,0,4,3,1,0,1,0,0000000,22,29,99,99,99,99,0,0,0,1,0
17,170760,1,1,0,0,0,5,5,99,0,17,11,2013,1,0,39,0,6,4,CR-1125TH RD,CR-48TH RD,0,41.62813056,-88.95298056,0,34,0,0,3,3,0,4,2,2,0,2,0,0000000,0,39,99,99,99,99,0,0,0,1,1
17,170761,1,1,0,0,0,3,3,33,0,19,11,2013,3,2,12,0,3,3,SR-33,,662,39.00810278,-87.68536944,0,35,0,0,1,1,0,4,2,1,0,1,0,0000000,2,12,99,99,99,99,0,0,0,1,1
17,170762,1,1,0,1,1,2,2,31,3895,26,11,2013,3,17,12,0,14,6,ROBERTS RD,,0,41.72776944,-87.81824722,0,8,0,0,1,1,0,1,3,1,0,1,0,0000000,17,12,99,99,99,99,0,0,0,1,0
17,170763,1,1,0,0,0,1,1,201,7460,28,11,2013,5,0,2,0,15,6,MCFARLAND RD,,0,42.31143611,-88.97949722,0,42,0,0,1,1,0,4,2,1,0,1,0,0000000,0,2,99,99,99,99,0,0,0,1,0
17,170764,1,1,0,0,0,2,2,121,0,24,11,2013,1,12,43,0,6,4,CR-26 (CARTTER RD),,0,38.53845833,-88.94995556,0,34,0,0,1,1,0,4,1,1,0,1,0,0000000,12,43,99,99,99,99,0,0,0,1,0
17,170765,1,1,0,0,0,1,1,167,7030,19,10,2013,7,13,30,0,3,3,SR-125,,299,39.87543611,-89.91520278,0,42,0,0,1,1,0,4,1,1,0,1,0,0000000,13,30,99,99,99,99,0,0,0,1,1
17,170766,1,1,0,1,1,1,1,167,8220,1,11,2013,6,0,47,1,13,3,SR-97,,11,39.80370833,-89.66489444,0,8,0,0,1,1,0,1,3,1,0,1,0,0000000,0,47,99,99,99,99,0,0,0,1,1
17,170767,2,2,0,0,0,4,4,31,3430,15,10,2013,3,12,40,0,15,5,HARLEM AVE,HARRISON ST,0,42.06251944,-87.80591944,0,12,6,0,2,2,0,1,1,1,0,1,0,0000000,12,40,99,99,88,88,0,0,0,3,0
17,170768,4,2,2,0,0,2,2,31,1670,30,11,2013,7,9,3,0,14,6,FULLERTON AVE,ASHLAND AVE,0,41.92516944,-87.66811944,0,12,6,0,2,2,0,1,1,1,0,1,0,0000000,9,4,99,99,99,99,14,0,0,1,0
17,170769,1,1,0,0,0,1,1,43,2719,27,9,2013,6,0,41,0,15,4,CR-13 (RAYMOND DR),,0,41.79781111,-88.18893889,0,38,0,0,1,1,0,5,2,1,0,1,0,0000000,0,41,99,99,99,99,0,0,0,1,0
17,170770,1,1,0,2,2,1,1,97,9100,25,10,2013,6,12,32,0,14,6,SUNSET AVE,,0,42.39203056,-87.87235,0,40,0,0,1,1,0,4,1,1,0,1,0,0000000,12,33,99,99,99,99,0,0,0,1,0
17,170771,1,1,0,0,0,2,2,93,6620,15,9,2013,1,0,3,0,15,6,MINKLER RD,,0,41.64921111,-88.38089444,0,52,0,0,1,1,0,4,2,1,0,1,0,0000000,0,3,99,99,99,99,0,0,0,1,1
17,170772,2,2,0,0,0,2,2,97,3130,7,8,2013,4,21,18,0,14,6,STATE PARK RD,KOHL AVE,0,42.42872778,-88.19871111,0,12,6,0,2,3,0,1,2,1,0,1,0,0000000,21,18,99,99,99,99,0,0,0,1,1
17,170773,2,2,0,0,0,2,2,31,5380,18,8,2013,1,0,0,1,13,2,US-30 (LINCOLN HWY),WILLOW RD,1398,41.50611944,-87.76318889,0,12,1,0,3,3,0,1,2,1,0,1,0,0000000,0,0,99,99,99,99,0,0,0,1,1
17,170774,1,1,0,0,0,3,3,67,0,22,8,2013,5,15,31,0,3,3,SR-9,,57,40.628475,-91.19291944,0,5,0,0,1,1,0,1,1,1,0,1,0,0000000,15,31,99,99,88,88,0,0,0,1,0
17,170775,1,1,0,0,0,1,1,183,0,23,9,2013,2,15,18,0,3,3,SR-9,,1994,40.45818889,-87.83576389,0,33,0,0,1,1,0,4,1,1,0,1,0,0000000,15,18,99,99,99,99,0,0,0,1,0
17,170776,1,1,0,0,0,1,1,99,4690,20,10,2013,1,19,56,1,13,2,US-6,,853,41.34422778,-89.05108056,0,30,0,0,1,1,0,4,2,2,0,2,0,0000000,19,56,99,99,99,99,0,0,0,1,1
17,170777,1,1,0,0,0,1,1,75,0,23,10,2013,4,7,56,0,6,4,CR-850E,,0,40.74725278,-87.96737222,0,23,0,0,1,1,0,4,9,1,0,1,0,0000000,7,56,99,99,88,88,0,0,0,1,0
17,170778,2,2,0,0,0,8,8,89,460,13,10,2013,1,23,49,0,3,3,SR-25 (BROADWAY ST),,45,41.74316667,-88.32690833,0,12,2,0,1,1,0,1,3,1,0,1,0,0000000,23,49,99,99,99,99,0,0,0,3,1
17,170779,1,1,0,0,0,1,1,197,4300,10,11,2013,1,23,45,0,16,6,CHERRY HILL RD,,0,41.43918611,-88.02117778,0,34,0,0,1,1,0,4,2,99,0,99,0,0000000,10,28,99,99,88,88,18,0,0,1,1
17,170780,1,1,0,1,1,1,1,31,1680,23,10,2013,4,7,48,1,13,3,SR-1 (CHICAGO RD),16TH PL,3085,41.50149444,-87.64047778,0,8,0,0,3,3,3,1,1,1,0,1,0,0000000,7,48,99,99,99,99,0,0,0,1,0
17,170781,1,1,0,1,1,1,1,97,3670,16,11,2013,7,3,46,1,13,2,US-41 RAMP,,0,42.36102222,-87.89734444,0,8,0,1,20,1,0,1,2,1,0,1,0,0000000,3,46,99,99,88,88,0,0,0,1,0
17,170782,3,3,0,0,0,7,7,31,3820,30,10,2013,4,12,27,0,3,6,DIXIE HWY,175TH ST,0,41.57184167,-87.66545,0,12,6,0,2,2,0,1,1,1,0,1,0,0000000,12,28,99,99,99,99,0,0,0,1,0
17,170783,2,2,0,0,0,8,8,135,0,1,12,2013,1,12,25,1,1,1,I-55,,595,39.27363333,-89.64153611,0,12,1,0,1,1,0,1,1,1,0,1,0,0000000,12,25,99,99,88,88,19,0,0,1,0
17,170785,1,1,0,0,0,3,3,161,0,27,11,2013,4,0,57,0,6,5,51ST ST,,0,41.42854444,-90.63808889,0,42,0,0,1,1,0,4,2,1,0,1,0,0000000,0,57,99,99,99,99,0,0,0,2,1
17,170786,2,2,0,0,0,2,2,11,0,8,12,2013,1,13,30,1,1,1,I-80,,466,41.39186667,-89.65291667,0,12,6,0,1,1,0,1,1,4,0,4,0,0000000,13,33,99,99,88,88,0,0,0,1,0
17,170787,2,2,0,0,0,4,4,195,0,10,12,2013,3,15,30,1,2,2,US-30 (LINCOLN RD),,83,41.83633333,-90.03935278,0,12,2,0,1,1,0,1,1,1,0,1,0,0000000,15,30,99,99,99,99,0,0,0,1,0
17,170789,1,1,0,0,0,2,2,157,0,9,11,2013,7,13,8,1,2,3,SR-154,,40,38.19106389,-89.92543056,0,1,0,0,1,1,0,4,1,1,0,1,0,0000000,13,8,99,99,99,99,0,0,0,1,0
17,170790,1,1,0,0,0,2,2,89,560,16,10,2013,4,0,57,0,14,3,SR-25 (RIVER RD),,118,41.83756111,-88.30490556,0,42,0,0,1,1,0,5,3,1,0,1,0,0000000,0,57,99,99,99,99,0,0,0,1,0
17,170791,2,2,0,0,0,2,2,49,0,5,12,2013,5,7,37,1,2,2,US-45,,1683,39.06051944,-88.54641389,0,12,2,0,1,1,0,1,1,8,0,8,0,0000000,7,37,99,99,99,99,0,0,0,1,0
17,170792,2,2,0,0,0,2,2,31,1670,1,11,2013,6,14,0,1,11,1,I-94,,623,41.72879167,-87.62435278,0,12,7,1,18,1,0,1,1,1,0,1,0,0000000,14,0,99,99,88,88,0,0,0,1,0
17,170793,1,1,0,1,1,1,1,31,1670,6,12,2013,6,23,45,0,15,6,OGDEN AVE,,0,41.86343611,-87.68977222,0,9,0,0,1,1,0,1,3,1,0,1,0,0000000,23,49,99,99,99,99,0,0,0,1,1
17,170794,2,2,0,0,0,3,3,97,5940,7,4,2013,1,14,52,1,13,2,US-45 (MCHENRY RD),,4078,42.25154722,-87.99664444,0,12,6,0,8,1,0,1,1,1,0,1,0,0000000,14,52,99,99,99,99,0,0,0,1,0
17,170795,1,1,0,0,0,1,1,31,0,12,12,2013,5,3,44,1,13,3,SR-72 (HIGGINS RD),,988,42.03059444,-88.00635,0,42,0,0,1,1,0,4,2,1,0,1,0,0000000,3,44,99,99,99,99,0,0,0,1,1
17,170796,2,2,0,0,0,3,3,19,1550,4,12,2013,4,18,0,0,15,6,BOARDWALK DR,INTERSTATE DR,0,40.14906944,-88.26196944,0,12,6,0,2,2,0,1,2,2,0,2,0,0000000,18,0,99,99,99,99,0,0,0,1,0
17,170797,1,1,0,0,0,4,4,183,0,12,10,2013,7,0,26,0,6,4,CR-1100N,,0,40.02811667,-87.65925,0,1,0,0,1,1,0,1,2,1,0,1,0,0000000,0,26,99,99,99,99,0,0,0,1,1
17,170798,3,3,0,0,0,4,4,73,0,5,12,2013,5,12,3,0,3,3,SR-78,,1118,41.15228889,-89.92580833,0,12,8,0,1,1,0,1,1,1,0,1,0,0000000,12,3,99,99,99,99,0,0,0,2,0
17,170799,3,1,2,0,0,1,1,31,8030,5,12,2013,5,11,5,1,13,5,DEMPSTER ST,,0,42.0408,-87.72469722,0,42,0,0,1,1,0,4,1,1,0,1,0,0000000,11,5,99,99,99,99,14,0,0,1,0
17,170800,2,2,0,0,0,2,2,43,2225,1,12,2013,1,5,26,1,11,1,I-55,,2709,41.71693056,-88.00685,0,12,2,1,18,1,0,1,3,1,0,1,0,0000000,5,26,99,99,99,99,0,0,0,1,1
17,170801,1,1,0,0,0,3,3,113,0,10,11,2013,1,2,35,0,14,5,RAAB RD,,0,40.53102778,-89.02228889,0,34,0,0,1,1,0,4,3,1,0,1,0,0000000,2,35,99,99,99,99,0,0,0,1,1
17,170802,1,1,0,0,0,1,1,201,7460,21,10,2013,2,4,56,0,15,6,PIERPONT AVE,,0,42.25512222,-89.13477222,0,34,0,0,1,1,0,4,2,1,0,1,0,0000000,4,56,99,99,99,99,0,0,0,1,1
17,170803,2,2,0,0,0,4,4,113,6230,17,11,2013,1,4,58,1,13,2,US-150 (MITSUBISHI MOTORWAY),COLLEGE AVE,1304,40.50251944,-89.05946111,0,12,6,0,2,3,0,1,3,6,0,6,0,0000000,4,59,99,99,99,99,0,0,0,1,2
17,170804,1,1,0,1,1,1,1,163,1460,27,11,2013,4,12,30,1,13,3,SR-157,,104,38.60756667,-90.04971944,0,8,0,0,1,1,0,2,1,1,0,1,0,0000000,12,30,99,99,99,99,0,0,0,1,0
17,170805,1,1,0,0,0,1,1,19,0,1,12,2013,1,21,25,0,6,4,CR-3300N,,0,40.35647222,-88.0448,0,34,0,0,1,1,0,4,2,1,0,1,0,0000000,21,28,99,99,88,88,0,0,0,1,1
17,170807,1,1,0,0,0,6,6,65,0,23,11,2013,7,22,24,0,4,4,CR-750E,,0,38.057225,-88.567075,0,1,0,0,1,1,0,4,2,1,0,1,0,0000000,22,24,99,99,99,99,0,0,0,5,1
17,170808,1,1,0,1,1,1,1,161,5670,5,12,2013,5,17,9,0,3,6,16TH ST,36TH AVE,0,41.47798056,-90.5071,0,9,0,0,2,2,0,1,3,1,0,1,0,0000000,17,9,99,99,99,99,0,0,0,1,0
17,170809,1,1,0,1,1,3,3,31,1670,12,12,2013,5,11,55,0,14,6,63RD ST,NARRAGANSETT AVE,0,41.77766944,-87.78123889,0,8,0,0,3,3,0,1,1,1,0,1,0,0000000,11,55,99,99,99,99,0,0,0,1,0
17,170810,1,1,0,0,0,1,1,17,0,8,12,2013,1,18,42,0,3,3,SR-125,,48,39.99070278,-90.351025,0,42,0,0,1,1,0,4,2,4,0,4,0,0000000,18,42,99,99,88,88,0,0,0,1,0
17,170811,1,1,0,1,1,1,1,197,4910,27,10,2013,1,4,47,1,13,3,SR-171 (STATE ST),,34,41.57975278,-88.06201667,0,8,0,0,1,1,0,1,2,1,0,1,0,0000000,4,47,99,99,99,99,0,0,0,1,0
17,170812,1,1,0,1,1,1,1,97,0,22,9,2013,1,2,49,0,16,5,LAMPHERE RD,,0,42.26317222,-88.19773056,0,8,0,0,1,1,0,1,2,1,0,1,0,0000000,2,49,99,99,99,99,0,0,0,1,0
17,170813,2,2,0,0,0,3,3,31,1670,9,12,2013,2,14,51,0,3,2,US-41 (SOUTH SHORE DR),,59,41.77369167,-87.56693333,0,12,6,0,1,1,0,1,1,4,0,4,0,0000000,14,59,99,99,99,99,0,0,0,1,0
17,170814,1,1,0,0,0,2,2,87,0,29,11,2013,6,9,42,0,3,3,SR-37,,402,37.54190278,-88.96858889,0,32,0,0,1,1,0,4,1,1,0,1,0,0000000,9,42,99,99,99,99,0,0,0,1,0
17,170816,2,2,0,0,0,9,9,111,9560,8,12,2013,1,13,23,1,13,2,US-14,,220,42.27633056,-88.39421944,0,12,2,0,1,1,0,1,1,4,0,4,0,0000000,13,23,99,99,99,99,0,0,0,1,0
17,170817,1,1,0,0,0,2,2,201,7460,15,12,2013,1,4,7,0,15,6,RIDGE AVE,,0,42.29952778,-89.09106667,0,38,0,0,1,1,0,5,3,1,0,1,0,0000000,4,7,99,99,99,99,0,0,0,1,1
17,170818,1,1,0,1,1,1,1,31,9300,18,12,2013,4,18,14,0,15,6,HINTZ RD,,0,42.12426944,-87.93330833,0,8,0,0,1,1,0,1,2,1,0,1,0,0000000,18,14,99,99,99,99,0,0,0,1,0
17,170819,1,1,0,0,0,1,1,97,4620,23,11,2013,7,13,26,0,16,6,OLD MILL RD,,0,42.21097222,-87.86852222,0,10,0,0,6,1,0,1,1,1,0,1,0,388050C,13,26,99,99,88,88,0,0,0,1,1
17,170820,1,1,0,0,0,1,1,97,0,20,12,2013,6,2,45,1,11,1,I-294,,253,42.15329444,-87.87443056,0,35,0,1,99,1,0,4,3,2,0,2,0,0000000,2,46,99,99,88,88,0,0,0,1,1
17,170823,1,1,0,0,0,1,1,31,1670,14,12,2013,7,0,55,0,14,6,PULASKI RD,,0,41.9944,-87.72888889,0,33,0,0,1,1,0,4,3,4,0,4,0,0000000,0,56,99,99,88,88,0,0,0,1,1
17,170824,1,1,0,0,0,3,3,85,0,21,11,2013,5,20,19,1,2,3,SR-84,,658,42.21258333,-90.25905556,0,34,0,0,1,1,0,4,2,2,0,2,0,0000000,20,19,99,99,99,99,0,0,0,1,1
17,170825,1,1,0,0,0,2,2,201,0,13,11,2013,4,5,45,0,14,4,CR-60 (MULFORD RD),,0,42.19588611,-88.99936111,0,1,0,0,1,1,0,4,2,1,0,1,0,0000000,6,15,99,99,99,99,0,0,0,1,1
17,170826,3,3,0,0,0,3,3,189,0,13,12,2013,6,15,40,1,2,3,SR-127,,864,38.29161111,-89.38058611,0,12,2,0,1,1,0,1,1,4,12,4,0,0000000,15,44,99,99,99,99,0,0,0,1,0
17,170827,1,1,0,0,0,2,2,31,1670,24,12,2013,3,23,15,0,13,6,GARFIELD BLVD,,0,41.79423889,-87.65001111,0,42,0,0,1,1,0,3,3,8,0,8,0,0000000,23,39,99,99,99,99,0,0,0,1,1
17,170828,5,5,0,0,0,5,5,31,5790,9,6,2013,1,19,10,0,14,6,GOLF RD,,0,42.05526111,-87.78334167,0,12,6,0,1,1,0,1,1,1,0,1,0,0000000,19,12,99,99,99,99,0,0,0,1,1
17,170829,1,1,0,1,1,1,1,97,5940,18,7,2013,5,23,34,1,13,2,US-45 (MCHENRY RD),,4102,42.28296667,-88.00385556,0,8,0,0,1,1,0,1,3,1,0,1,0,0000000,23,34,99,99,99,99,0,0,0,1,0
17,170830,2,2,0,2,2,2,2,19,8770,9,10,2013,4,9,53,0,14,6,LINCOLN AVE,,0,40.10599722,-88.21924167,0,33,0,0,1,1,0,4,1,1,0,1,0,0000000,9,53,99,99,99,99,0,0,0,1,0
17,170831,1,1,0,1,1,1,1,91,900,17,11,2013,1,17,12,0,14,4,CR-5000N (ST. GEORGE RD),,0,41.19186667,-87.86532778,0,8,0,0,1,1,0,1,2,6,0,6,0,0000000,17,12,99,99,88,88,0,0,0,1,0
17,170832,1,1,0,0,0,2,2,177,0,24,11,2013,1,18,10,0,4,4,CR-6 (GALENA RD),,0,42.41728889,-89.87573333,0,34,0,0,1,1,0,4,2,1,0,1,0,0000000,18,14,99,99,99,99,0,0,0,1,0
17,170833,1,1,0,0,0,2,2,167,8220,22,11,2013,6,3,42,0,14,6,11TH ST,,0,39.775925,-89.64086111,0,30,0,0,1,1,0,4,3,2,0,2,0,0000000,3,42,99,99,99,99,0,0,0,1,1
17,170834,2,2,0,0,0,4,4,31,1670,29,11,2013,6,5,13,1,13,2,US-41 (LAKE SHORE DR),,210,41.96964722,-87.64823611,0,33,0,0,1,1,0,3,3,1,0,1,0,0000000,5,13,99,99,99,99,14,0,0,1,1
17,170835,1,1,0,0,0,1,1,135,0,9,12,2013,2,10,48,0,4,4,CR-8 (FILLMORE BLACKTOP),,0,39.15186111,-89.43349167,0,34,0,0,1,1,0,4,1,1,0,1,0,0000000,10,48,99,99,88,88,0,0,0,1,0
17,170836,1,1,0,0,0,3,3,31,3105,21,12,2013,7,2,56,1,11,1,I-55,,2850,41.80883056,-87.7689,0,1,0,0,1,1,0,4,3,1,0,1,0,0000000,2,59,99,99,99,99,0,0,0,1,1
17,170837,1,1,0,1,1,1,1,89,0,18,11,2013,2,17,7,0,15,4,CR-3 (ALLEN RD),,0,42.10191111,-88.48425,0,8,0,0,1,1,0,1,2,1,0,1,0,0000000,17,6,99,99,99,99,0,0,0,1,0