STATE,ST_CASE,VE_TOTAL,VE_FORMS,PVH_INVL,PEDS,PERNOTMVIT,PERMVIT,PERSONS,COUNTY,CITY,DAY,MONTH,YEAR,DAY_WEEK,HOUR,MINUTE,NHS,ROAD_FNC,ROUTE,TWAY_ID,TWAY_ID2,MILEPT,LATITUDE,LONGITUD,SP_JUR,HARM_EV,MAN_COLL,RELJCT1,RELJCT2,TYP_INT,WRK_ZONE,REL_ROAD,LGT_COND,WEATHER1,WEATHER2,WEATHER,SCH_BUS,RAIL,NOT_HOUR,NOT_MIN,ARR_HOUR,ARR_MIN,HOSP_HR,HOSP_MN,CF1,CF2,CF3,FATALS,DRUNK_DR
17,170838,1,1,0,1,1,1,1,31,2330,13,12,2013,6,17,50,1,13,3,SR-83 (OAKTON ST),,548,42.022475,-87.95554167,0,8,0,0,1,1,0,1,2,1,0,1,0,0000000,17,50,99,99,99,99,0,0,0,1,0
17,170840,2,2,0,0,0,8,8,81,0,24,12,2013,3,12,39,1,1,1,I-57,,811,38.13189722,-88.91220833,0,1,0,0,1,1,0,3,1,1,0,1,0,0000000,12,40,99,99,99,99,0,0,0,2,0
17,170841,1,1,0,0,0,1,1,131,0,30,12,2013,2,10,13,0,6,5,195TH ST,,0,41.267625,-90.72151667,0,1,0,0,1,1,0,4,1,1,0,1,0,0000000,10,13,99,99,99,99,0,0,0,1,1
17,170842,1,1,0,0,0,2,2,61,0,2,5,2013,5,23,13,0,3,3,SR-108,,70,39.30089722,-90.48545278,0,30,0,0,1,1,0,4,2,2,0,2,0,0000000,23,13,99,99,99,99,0,0,0,1,1
17,170843,1,1,0,1,1,1,1,31,1670,17,7,2013,4,7,10,0,15,6,RACINE AVE,,0,41.74276111,-87.65352222,0,8,0,0,1,1,0,1,1,1,0,1,0,0000000,7,10,99,99,99,99,0,0,0,1,0
17,170844,2,2,0,0,0,2,2,157,0,13,12,2013,6,15,25,1,2,3,SR-154,,137,38.14958333,-89.76284722,0,12,6,0,1,1,0,1,1,2,0,2,0,0000000,15,28,99,99,99,99,0,0,0,1,0
17,170845,1,1,0,0,0,2,2,31,7502,4,8,2013,1,17,2,0,16,6,BALMORAL,,0,41.97230278,-87.87595,0,34,0,0,5,1,0,5,1,1,0,1,0,0000000,17,2,99,99,99,99,0,0,0,1,0
17,170846,4,4,0,0,0,4,4,197,0,9,9,2013,2,9,32,1,1,1,I-80,,1230,41.46448611,-88.24794444,0,26,0,0,1,1,0,3,1,1,0,1,0,0000000,9,32,99,99,99,99,0,0,0,1,0
17,170847,1,1,0,1,1,1,1,31,7502,9,9,2013,2,5,16,0,14,6,RIVER RD,,0,41.98118333,-87.86185,0,8,0,0,1,1,0,1,2,1,0,1,0,0000000,5,16,99,99,99,99,0,0,0,1,0
17,170848,1,1,0,0,0,1,1,197,887,25,9,2013,4,2,36,0,14,6,BOUGHTON RD,,0,41.71036667,-88.07044722,0,33,0,0,1,1,0,3,3,1,0,1,0,0000000,2,36,99,99,99,99,0,0,0,1,1
17,170849,1,1,0,1,1,1,1,43,5980,25,9,2013,4,7,24,0,16,6,DIEHL RD,FREEDOM DR,0,41.80068333,-88.12628056,0,9,0,0,2,3,0,1,1,1,0,1,0,0000000,7,24,99,99,99,99,0,0,0,1,1
17,170850,2,2,0,0,0,2,2,31,1670,7,9,2013,7,22,10,0,14,6,STONY ISLAND,,0,41.69465556,-87.57649722,0,12,2,0,1,1,0,1,3,1,0,1,0,0000000,22,15,99,99,99,99,0,0,0,1,0
17,170851,2,2,0,0,0,2,2,31,540,18,9,2013,4,10,12,1,13,2,US-20,,1497,42.00482778,-88.18839722,0,12,6,0,8,1,0,1,1,1,0,1,0,0000000,10,12,99,99,99,99,0,0,0,1,1
17,170852,1,1,0,0,0,2,2,49,0,6,10,2013,1,2,30,0,5,4,CR-4,900TH,0,39.18645833,-88.61924444,0,1,0,0,3,4,0,5,3,1,0,1,0,0000000,7,22,99,99,99,99,0,0,0,1,1
17,170853,2,2,0,0,0,4,4,163,0,4,10,2013,6,14,24,0,3,5,BOND AVE,,0,38.59277778,-90.13242778,0,30,0,0,1,1,0,4,1,1,0,1,0,0000000,14,29,99,99,99,99,0,0,0,1,0
17,170854,1,1,0,1,1,1,1,31,540,23,10,2013,4,10,47,1,13,2,US-20,,1500,42.00349722,-88.18361389,0,8,0,0,1,1,0,1,1,1,0,1,0,0000000,10,47,99,99,99,99,0,0,0,1,0
17,170855,4,4,0,0,0,4,4,31,7502,24,10,2013,5,19,30,0,14,3,SR-72,,1057,42.00146389,-87.89413889,0,12,7,0,1,1,0,1,3,1,0,1,0,0000000,19,39,99,99,99,99,0,0,0,1,0
17,170856,2,2,0,0,0,2,2,31,0,24,10,2013,5,20,33,1,2,8,ELGIN OHARE EXPRESSWAY,,0,41.99676667,-88.11082778,0,12,1,0,1,1,0,1,2,1,0,1,0,0000000,20,33,99,99,99,99,0,0,0,1,0
17,170857,1,1,0,0,0,2,2,99,0,15,11,2013,6,23,50,0,4,4,CR-19,,0,41.51288056,-89.059725,0,34,0,0,1,1,0,5,3,1,0,1,0,0000000,0,3,99,99,99,99,0,0,0,1,1
17,170858,1,1,0,0,0,1,1,163,0,19,11,2013,3,0,30,0,3,3,SR-13,,205,38.36061944,-89.90872778,0,34,0,0,1,1,0,5,3,1,0,1,0,0000000,0,30,99,99,99,99,0,0,0,1,1
17,170859,1,1,0,1,1,1,1,31,7320,9,11,2013,7,18,10,0,14,3,SR-1,,3191,41.65343889,-87.64108611,0,8,0,0,1,1,0,1,3,1,0,1,0,0000000,18,10,99,99,99,99,0,0,0,1,0
17,170860,2,2,0,0,0,2,2,197,0,21,11,2013,5,9,24,1,2,3,SR-1,EAGLE LAKE,2992,41.3698,-87.62173889,0,12,2,0,2,2,0,1,1,1,0,1,0,0000000,9,24,99,99,99,99,0,0,0,1,0
17,170861,2,2,0,0,0,2,2,29,5390,20,11,2013,4,10,9,1,13,3,SR-16,,1348,39.47795556,-88.397625,0,12,2,0,1,1,0,1,1,1,0,1,0,0000000,10,14,99,99,99,99,0,0,0,1,0
17,170862,1,1,0,1,1,1,1,201,7460,24,11,2013,1,2,5,0,16,6,KENT ST,,0,42.26306111,-89.10044167,0,8,0,0,1,1,0,1,2,1,0,1,0,0000000,2,5,99,99,99,99,0,0,0,1,0
17,170863,1,1,0,0,0,3,3,141,0,9,11,2013,7,22,9,0,6,5,UNION,,0,42.02351389,-89.56783056,0,34,0,0,1,1,0,5,2,1,0,1,0,0000000,22,9,99,99,99,99,0,0,0,1,1
17,170864,4,4,0,0,0,4,4,15,0,25,11,2013,2,5,56,0,4,5,ARGO FAY RD,,0,41.95958889,-90.06299167,0,12,2,0,1,1,0,1,2,4,0,4,0,0000000,5,57,99,99,99,99,0,0,0,1,0
17,170865,1,1,0,1,1,2,2,31,1670,22,7,2013,2,14,15,0,14,6,CENTRAL AVE,ADDISON ST,0,41.94587222,-87.76675,0,9,0,0,2,2,0,1,1,1,0,1,0,0000000,14,19,99,99,99,99,0,0,0,1,0
17,170866,3,3,0,0,0,3,3,167,0,7,10,2013,2,8,52,1,2,1,I-72,,977,39.74284444,-89.64973056,0,12,2,1,18,1,0,1,1,1,0,1,0,0000000,8,52,99,99,99,99,0,0,0,1,0
17,170867,2,1,1,1,1,1,1,31,6410,24,10,2013,5,19,56,0,14,6,MADISON,SCOVILLE,0,41.87986111,-87.78813056,0,9,0,0,2,3,0,1,3,1,0,1,0,0000000,19,56,99,99,99,99,0,0,0,1,1
17,170868,1,1,0,0,0,1,1,163,0,1,9,2013,1,22,12,0,5,4,CR-P57,,0,38.4316,-90.09626944,0,1,0,0,1,1,0,1,2,1,0,1,0,0000000,22,12,99,99,99,99,0,0,0,1,0
17,170869,1,1,0,0,0,3,3,11,5625,21,9,2013,7,11,30,0,16,6,4TH,,0,41.38483889,-89.837425,0,7,0,0,1,1,0,1,1,1,0,1,0,0000000,11,45,99,99,99,99,0,0,0,1,0
17,170870,1,1,0,1,1,1,1,31,1670,29,7,2013,2,12,58,0,15,6,STATE ST,31ST ST,0,41.8383,-87.62658889,0,8,0,0,3,2,0,1,1,1,0,1,0,0000000,12,58,99,99,99,99,0,0,0,1,0
17,170871,1,1,0,2,2,1,1,201,7460,16,12,2013,2,21,20,1,13,2,US-20,,236,42.27088333,-88.96608889,0,8,0,0,1,1,0,1,3,1,0,1,0,0000000,21,20,99,99,99,99,0,0,0,2,0
17,170872,2,2,0,0,0,2,2,137,0,16,12,2013,2,7,7,0,3,3,SR-104,,757,39.70735278,-90.17623611,0,12,1,0,4,1,0,1,1,1,0,1,0,0000000,7,7,99,99,99,99,0,0,0,1,0
17,170873,2,2,0,0,0,2,2,113,0,19,12,2013,5,12,53,0,2,7,OLD 66,,0,40.54451111,-88.92900278,0,12,2,0,1,1,0,1,1,1,0,1,1,0000000,12,54,99,99,88,88,0,0,0,1,0
17,170874,1,1,0,1,1,1,1,31,1670,3,8,2013,7,4,43,0,16,6,WILSON AVE,,0,41.96505278,-87.681825,0,8,0,0,1,1,0,1,3,1,0,1,0,0000000,5,37,99,99,88,88,0,0,0,1,0
17,170875,1,1,0,0,0,1,1,31,3990,2,11,2013,7,8,39,1,13,2,US-12 (LAGRANGE RD),,632,41.75896389,-87.8671,0,25,0,0,1,1,0,3,1,99,0,99,0,0000000,8,39,99,99,88,88,0,0,0,1,1
17,170876,1,1,0,0,0,1,1,31,9370,16,11,2013,7,15,5,1,13,2,US-12 (LAGRANGE RD),,647,41.7423,-87.85258611,0,42,0,0,1,1,0,4,1,2,0,2,0,0000000,15,5,99,99,88,88,0,0,0,1,0
17,170877,2,2,0,0,0,2,2,31,4350,27,11,2013,4,11,15,1,11,1,I-294,,323,41.74662222,-87.84681667,0,25,0,0,1,1,0,3,1,1,0,1,0,0000000,11,25,99,99,99,99,0,0,0,1,0
17,170878,2,2,0,0,0,3,3,97,5940,22,12,2013,1,17,17,1,13,3,SR-60,,106,42.24033056,-87.99236389,0,12,6,0,4,1,0,1,3,1,0,1,0,0000000,17,17,99,99,99,99,0,0,0,1,0
17,170879,1,1,0,0,0,6,6,31,1670,22,12,2013,1,16,20,1,12,1,I-94,,619,41.73538056,-87.62455,0,24,0,0,1,1,0,5,1,1,0,1,0,0000000,16,21,99,99,99,99,0,0,0,1,1
17,170881,1,1,0,0,0,2,2,43,6378,22,12,2013,1,13,3,0,16,6,CLEARWATER,,0,41.84798611,-87.9335,0,7,0,0,1,1,0,1,1,4,0,4,0,0000000,13,3,99,99,99,99,0,0,0,1,0
17,170882,1,1,0,0,0,1,1,197,0,28,12,2013,7,3,7,1,2,2,US-52,CEDAR,1527,41.38418333,-87.96035,0,34,0,1,3,4,0,5,2,1,0,1,0,0000000,3,7,99,99,99,99,0,0,0,1,1
17,170883,2,2,0,0,0,3,3,143,0,26,12,2013,5,13,22,1,1,1,I-474,,68,40.65861667,-89.64546111,0,12,1,0,1,1,0,1,1,1,0,1,0,0000000,13,33,99,99,99,99,0,0,0,1,0
17,170884,1,1,0,0,0,1,1,163,0,29,12,2013,1,1,14,0,4,4,CR-P60,,0,38.41843611,-90.06468333,0,1,0,0,1,1,0,1,2,1,0,1,0,0000000,1,14,99,99,99,99,0,0,0,1,1
17,170885,4,4,0,0,0,6,6,201,7460,8,12,2013,1,13,16,1,13,2,US-20,PERRYVILLE,229,42.26904167,-88.98005,0,12,6,0,2,2,0,1,1,4,0,4,0,0000000,13,18,99,99,99,99,0,0,0,1,0
17,170886,1,1,0,0,0,1,1,167,0,29,12,2013,1,17,7,0,3,3,SR-29,,547,39.92366111,-89.67383611,0,38,0,0,1,1,0,5,2,1,0,1,0,0000000,17,7,99,99,99,99,0,0,0,1,0
17,170887,1,1,0,0,0,2,2,163,2930,29,12,2013,1,10,0,0,14,6,FOREST BLVD,,0,38.63702778,-90.0698,0,42,0,0,1,1,0,5,1,1,0,1,0,0000000,10,0,99,99,99,99,0,0,0,1,1
17,170888,1,1,0,1,1,1,1,197,2035,10,12,2013,3,6,26,0,16,6,SAK DR,,0,41.56308056,-88.10383056,0,8,0,0,1,1,0,1,4,1,0,1,0,0000000,6,26,99,99,99,99,0,0,0,1,0
17,170889,2,2,0,0,0,2,2,71,0,13,12,2013,6,15,24,0,3,4,CR-700E (CARMAN RD),,0,40.73469167,-91.05705,0,12,6,0,1,1,0,1,1,4,0,4,0,0000000,15,24,99,99,99,99,0,0,0,1,0
17,170890,2,2,0,0,0,4,4,73,0,15,12,2013,1,17,42,0,3,2,US-34,,677,41.16441389,-90.08999444,0,12,2,0,1,1,0,1,2,4,0,4,0,0000000,17,44,99,99,99,99,0,0,0,1,0
17,170891,2,2,0,0,0,2,2,197,4300,30,12,2013,2,15,32,0,14,6,RAYNOR,MORAN,0,41.54136389,-88.10145,0,12,6,0,2,2,0,1,1,1,0,1,0,0000000,15,32,99,99,99,99,0,0,0,1,1
17,170892,1,1,0,1,1,1,1,201,7460,28,12,2013,7,17,45,0,15,6,CHARLES,,0,42.26213611,-89.06467778,0,8,0,0,1,1,0,1,2,1,0,1,0,0000000,17,45,99,99,99,99,0,0,0,1,0
17,170893,1,1,0,0,0,1,1,55,8570,30,12,2013,2,9,50,0,15,4,CR-3,,0,37.98766111,-88.77146389,0,1,0,0,1,1,0,5,1,1,0,1,0,0000000,9,50,99,99,99,99,0,0,0,1,0
17,170894,2,2,0,0,0,3,3,89,0,31,12,2013,3,18,59,1,13,4,CR-34 (RANDALL RD),,0,41.82118611,-88.345275,0,12,6,0,1,1,0,1,2,4,0,4,0,0000000,18,59,99,99,99,99,0,0,0,1,0
17,170895,1,1,0,0,0,4,4,31,6525,27,11,2013,4,12,48,0,16,6,BROOKWOOD DR,,0,41.514875,-87.67641944,0,42,0,0,1,1,0,5,1,1,0,1,0,0000000,12,48,99,99,99,99,0,0,0,1,0
17,170896,1,1,0,1,1,1,1,31,1670,24,12,2013,3,4,50,0,13,6,ROOSEVELT RD,DAMEN AVE,0,41.86683056,-87.67628056,0,8,0,0,3,2,0,1,4,1,0,1,0,0000000,4,50,99,99,88,88,0,0,0,1,0
17,170897,1,1,0,0,0,1,1,15,0,25,8,2013,1,20,15,0,6,6,SCHIMDT RD,,0,42.18855556,-89.97860833,0,42,0,0,1,1,0,4,5,1,0,1,0,0000000,20,20,99,99,99,99,0,0,0,1,1
17,170898,1,1,0,1,1,1,1,31,1670,26,12,2013,5,16,40,0,15,6,59TH ST,,0,41.78695833,-87.64992222,0,8,0,0,1,1,0,1,3,1,0,1,0,0000000,16,41,99,99,99,99,0,0,0,1,0
17,170899,2,2,0,0,0,3,3,93,6620,27,12,2013,6,18,37,1,13,2,US-30,,1026,41.71933611,-88.31178333,0,12,2,0,1,1,1,1,2,1,0,1,0,0000000,18,40,99,99,99,99,0,0,0,1,0
17,170900,2,2,0,0,0,2,2,31,0,30,12,2013,2,6,20,1,13,3,SR-171 (ARCHER AVE),,122,41.67211667,-87.95156111,0,12,6,0,1,1,0,1,4,1,0,1,0,0000000,6,21,99,99,99,99,0,0,0,1,1
17,170901,2,2,0,0,0,5,5,177,0,31,12,2013,3,13,45,1,2,2,US-20,,528,42.35150278,-89.79250278,0,12,2,0,1,1,0,1,1,4,0,4,0,0000000,13,48,99,99,99,99,0,0,0,1,0
17,170902,1,1,0,0,0,3,3,107,0,24,12,2013,3,22,35,0,4,4,CR-260,,0,40.22202778,-89.48724722,0,1,0,0,1,1,0,5,2,1,0,1,0,0000000,22,35,99,99,99,99,0,0,0,1,1
17,170903,1,1,0,0,0,2,2,121,0,31,12,2013,3,16,30,0,6,4,CR-20 (TONTI RD),,0,38.66305,-89.03186944,0,34,0,0,1,1,0,4,2,1,0,1,0,0000000,16,30,99,99,99,99,0,0,0,1,0
17,170904,2,2,0,0,0,3,3,163,2460,26,12,2013,5,9,20,1,13,3,SR-3,STOLLE RD,1393,38.54390278,-90.19518889,0,12,6,0,2,2,0,1,1,1,0,1,0,0000000,9,20,99,99,99,99,0,0,0,1,0
17,170905,1,1,0,0,0,2,2,107,0,25,8,2013,1,23,50,0,6,4,CR-1100TH AVE,CR-2600,0,40.29396111,-89.39538056,0,34,0,0,3,3,0,4,2,1,0,1,0,0000000,23,56,99,99,99,99,0,0,0,1,0
17,170906,2,2,0,0,0,7,7,143,0,29,12,2013,1,10,5,1,1,1,I-74,,864,40.74376389,-89.67259167,0,12,1,0,1,1,0,1,1,2,12,12,0,0000000,10,5,99,99,99,99,0,0,0,1,0
17,170907,1,1,0,1,1,1,1,43,460,26,12,2013,5,17,10,0,15,6,MCCOY DR,FRONTENAC ST,0,41.75436111,-88.23019167,0,8,0,0,3,2,0,1,3,1,0,1,0,0000000,17,10,99,99,99,99,0,0,0,1,0
17,170908,2,1,1,0,0,2,2,31,1670,28,12,2013,7,23,50,0,15,6,CALIFORNIA STREET,,0,41.64273333,-87.68921944,0,33,0,0,1,1,0,4,3,1,0,1,0,0000000,23,57,99,99,88,88,0,0,0,2,1
17,170909,1,1,0,1,1,1,1,31,8030,21,12,2013,7,15,0,0,16,6,LECLAIRE AVE,SR-58 (DEMPSTER ST),275,42.04082778,-87.75439167,0,8,0,0,3,2,0,1,1,2,0,2,0,0000000,15,0,99,99,99,99,0,0,0,1,0
17,170910,4,1,3,0,0,1,1,31,1670,24,8,2013,7,10,53,0,14,6,INDIANA,,0,41.81008611,-87.621225,0,14,0,0,1,1,0,4,1,1,0,1,0,0000000,10,55,99,99,99,99,0,0,0,1,0
17,170911,2,2,0,0,0,2,2,31,1670,26,9,2013,5,6,45,0,14,6,DEVON AVE,NAVAJO AVE,0,41.99726111,-87.7579,0,12,6,0,2,2,0,1,1,1,0,1,0,0000000,6,55,99,99,99,99,0,0,0,1,0
17,170912,1,1,0,0,0,1,1,31,1670,3,8,2013,7,23,26,0,15,6,69TH ST,,0,41.768425,-87.67495556,0,42,0,0,1,1,0,4,6,1,0,1,0,0000000,23,35,99,99,99,99,0,0,0,1,0
17,170913,3,1,2,1,1,1,1,31,1670,20,9,2013,6,6,23,0,16,6,MORGAN,57TH,0,41.79058889,-87.64990833,0,8,0,0,2,2,1,1,3,1,0,1,0,0000000,6,23,99,99,99,99,0,0,0,1,1
17,170914,2,1,1,0,0,1,1,31,1670,10,11,2013,1,3,14,0,15,6,OGDEN AVE,,0,41.86269722,-87.69186944,0,33,0,0,1,1,0,4,3,1,0,1,0,0000000,3,17,99,99,99,99,0,0,0,1,1
17,170915,2,2,0,0,0,3,3,31,1670,8,9,2013,1,5,20,1,13,3,SR-64,KOSTNER,1327,41.90976111,-87.73626944,0,12,6,0,2,2,0,1,3,1,0,1,0,0000000,5,20,99,99,99,99,0,0,0,1,1
17,170916,2,2,0,0,0,2,2,37,0,27,9,2013,6,11,40,0,5,5,PEARL,,0,42.12531389,-88.84190278,0,12,6,0,1,1,0,1,1,1,0,1,0,0000000,11,41,99,99,88,88,0,0,0,1,0
17,170917,1,1,0,0,0,1,1,143,1700,28,9,2013,7,23,30,0,15,6,WALNUT ST,FRONT ST,0,40.91541111,-89.48281944,0,3,0,0,3,3,0,5,6,99,0,99,0,0000000,15,30,99,99,88,88,18,0,0,1,0
17,170918,2,2,0,0,0,5,5,167,9340,8,12,2013,1,16,13,1,1,1,I-55,,1068,39.93134722,-89.5703,0,12,2,0,1,1,0,1,3,4,0,4,0,0000000,16,13,99,99,99,99,0,0,0,1,0
17,170919,1,1,0,1,1,1,1,31,1670,17,11,2013,1,3,0,0,16,6,MASON AVE (ALLEY),,0,41.8668,-87.77241389,0,8,0,0,1,1,0,1,2,1,0,1,0,0000000,3,0,99,99,99,99,0,0,0,1,0
17,170920,1,1,0,0,0,1,1,31,1670,25,8,2013,1,2,1,1,13,2,US-41 (LAKE SHORE DR),,123,41.852425,-87.61434167,0,33,0,0,1,1,0,4,3,1,0,1,0,0000000,2,1,99,99,99,99,0,0,0,1,0
17,170921,2,2,0,0,0,3,3,31,1670,2,9,2013,2,23,19,0,14,6,CERMAK RD,PRINCETON AVE,0,41.85286111,-87.63481111,0,12,6,0,2,7,0,1,3,1,0,1,0,0000000,23,19,99,99,99,99,0,0,0,1,1
17,170922,2,2,0,0,0,2,2,31,1670,26,9,2013,5,21,50,0,15,6,LARAMIE AVE,MELROSE ST,0,41.93961667,-87.75671111,0,12,6,0,2,2,0,1,3,1,0,1,0,0000000,21,50,99,99,88,88,0,0,0,1,2
17,170923,2,2,0,0,0,4,4,31,1670,16,11,2013,7,21,20,1,13,3,SR-64 (NORTH AVE),FAIRFIELD AVE,1348,41.91024167,-87.69575556,0,12,6,0,2,2,0,1,3,2,0,2,0,0000000,21,30,99,99,99,99,0,0,0,1,0
17,170924,1,1,0,1,1,1,1,31,1670,12,12,2013,5,8,46,0,14,6,ASHLAND AVE,,0,41.93610556,-87.66852222,0,8,0,0,1,1,0,1,1,1,0,1,0,0000000,8,48,99,99,99,99,0,0,0,1,0
17,170925,2,1,1,1,1,1,1,31,1670,15,8,2013,5,7,10,0,16,6,SAINT LOUIS AVE,,0,41.81195833,-87.71128333,0,19,0,0,1,1,0,5,1,1,0,1,0,0000000,7,15,99,99,99,99,0,0,0,1,0
17,170926,1,1,0,0,0,1,1,31,1670,13,12,2013,6,1,58,0,15,6,69TH ST,,0,41.76843889,-87.67343611,0,30,0,0,1,1,0,4,3,1,0,1,0,0000000,1,58,99,99,99,99,0,0,0,1,1
17,170927,1,1,0,0,0,2,2,31,1670,13,12,2013,6,1,55,0,13,6,WESTERN AVE,,0,41.80297778,-87.68428056,0,30,0,0,1,1,0,4,3,4,0,4,0,0000000,1,55,99,99,99,99,0,0,0,1,1
17,170928,1,1,0,0,0,1,1,31,1670,27,10,2013,1,6,2,1,13,3,SR-50 (CICERO AVE),66TH ST,483,41.77295833,-87.74211111,0,46,0,0,3,3,0,4,3,1,0,1,0,0000000,6,2,99,99,88,88,0,0,0,1,1
17,170929,2,2,0,0,0,2,2,31,1670,26,10,2013,7,12,15,0,14,6,MICHIGAN AVE,35TH ST,0,41.83103056,-87.62326111,0,12,6,0,2,2,0,1,1,1,0,1,0,0000000,12,30,99,99,99,99,0,0,0,1,0
17,170930,1,1,0,1,1,1,1,31,1670,9,12,2013,2,22,16,0,15,6,DAMEN AVE,JACKSON BLVD,0,41.87746944,-87.67655,0,8,0,0,2,2,0,1,3,1,0,1,0,0000000,99,99,99,99,99,99,0,0,0,1,1
17,170931,1,1,0,0,0,2,2,31,1670,28,12,2013,7,23,20,0,15,6,SOUTH CHICAGO AVE,,0,41.74755833,-87.58008611,0,30,0,0,1,1,0,4,3,1,0,1,0,0000000,23,30,99,99,99,99,0,0,0,1,0
17,170932,2,2,0,0,0,4,4,31,1670,21,12,2013,7,12,30,0,13,6,GARFIELD BLVD,HALSTED ST,0,41.79393889,-87.64516111,0,12,6,0,2,2,0,1,1,2,0,2,0,0000000,12,30,99,99,99,99,0,0,0,1,0
18,180001,1,1,0,0,0,5,5,75,4040,1,1,2013,3,17,15,0,6,4,CR-400 N,,0,40.49770278,-84.94994722,0,1,0,0,1,1,0,1,5,10,0,10,0,0000000,17,16,17,22,99,99,0,0,0,1,0
18,180003,2,2,0,0,0,3,3,163,1480,6,1,2013,1,10,56,0,4,3,SR-66,UNIVERSITY PARKWAY PKWY,0,38.03868333,-87.671675,0,12,6,0,3,3,0,1,1,10,0,10,0,0000000,10,56,11,1,99,99,0,0,0,1,0
18,180004,2,2,0,0,0,2,2,95,140,2,1,2013,4,7,55,1,11,1,I-69,,2224,40.03628056,-85.72643611,0,12,1,0,1,1,0,1,4,1,0,1,0,0000000,7,55,8,2,88,88,0,0,0,1,0
18,180005,3,3,0,0,0,4,4,109,2890,7,1,2013,2,15,55,0,4,3,SR-67,,0,39.51990278,-86.39693056,0,12,6,0,1,1,0,1,1,1,0,1,0,0000000,15,58,16,2,99,99,0,0,0,1,1
18,180006,3,3,0,0,0,3,3,163,1480,4,1,2013,6,13,6,0,14,2,US-41,RIVERSIDE DR,0,37.95117778,-87.54231944,0,12,6,0,2,2,0,1,1,1,0,1,0,0000000,13,8,13,13,99,99,0,0,0,1,0
18,180007,1,1,0,0,0,1,1,143,4400,9,1,2013,4,16,3,0,15,3,SR-356 E,SR-203 HWY,0,38.652425,-85.623675,0,32,0,0,1,1,0,4,1,1,0,1,0,0000000,16,3,16,12,88,88,0,0,0,1,0
18,180008,2,1,1,0,0,1,1,163,1480,10,1,2013,5,1,20,1,1,1,I-164,,20,37.939425,-87.50931944,0,14,0,0,1,1,0,2,2,1,0,1,0,0000000,1,21,1,31,88,88,23,0,0,1,1
18,180009,2,2,0,0,0,2,2,17,1710,9,1,2013,4,12,57,0,4,3,SR-18,CR-500,0,40.57625556,-86.27979722,0,12,6,0,2,2,0,1,1,1,0,1,0,0000000,12,56,13,1,88,88,0,0,0,1,0
18,180010,1,1,0,1,1,1,1,89,1730,9,1,2013,4,22,5,0,14,2,US-12,SR-53,0,41.60387222,-87.33750278,0,8,0,0,2,2,0,1,2,1,0,1,0,0000000,22,7,22,12,99,99,0,0,0,1,0
18,180011,2,2,0,0,0,4,4,33,4290,11,1,2013,6,8,18,0,4,3,SR-1,,0,41.27022778,-84.93924722,0,12,2,0,1,1,0,1,1,2,0,2,0,0000000,8,22,8,29,99,99,0,0,0,2,0
18,180012,2,2,0,0,0,2,2,181,3200,11,1,2013,6,14,0,0,3,2,US-24,,0,40.74699167,-86.80601389,0,12,2,0,1,1,0,1,1,1,0,1,0,0000000,14,1,14,3,99,99,0,0,0,1,0
18,180013,1,1,0,0,0,2,2,143,4400,13,1,2013,1,3,28,0,4,3,SR-356,,0,38.64799722,-85.71629722,0,30,0,0,1,1,0,4,2,2,0,2,0,0000000,3,28,3,43,99,99,0,0,0,1,1
18,180014,2,2,0,0,0,2,2,181,790,14,1,2013,2,15,10,0,4,3,SR-43,,0,40.65606111,-86.86966944,0,12,8,0,1,1,0,1,1,10,0,10,0,0000000,15,10,15,21,88,88,0,0,0,1,0
18,180016,2,2,0,0,0,2,2,119,4630,14,1,2013,2,11,40,0,3,2,US-231,,0,39.38020833,-86.75475,0,12,2,0,1,1,0,1,1,10,0,10,0,0000000,11,40,11,43,99,99,0,0,0,1,0
18,180017,1,1,0,0,0,1,1,97,2210,3,1,2013,5,6,9,1,11,1,I-70 E,,888,39.79865278,-86.04640556,0,25,0,0,1,1,0,5,3,1,0,1,0,0000000,7,17,7,18,88,88,0,0,0,1,1
18,180018,2,2,0,0,0,3,3,175,2710,9,1,2013,4,9,21,0,4,3,SR-56,POSSUM HOLLOW RD,0,38.55780556,-86.25454444,0,12,6,0,1,1,0,1,1,10,0,10,0,0000000,9,22,9,25,99,99,0,0,0,2,0
18,180019,6,6,0,0,0,9,9,3,3480,8,1,2013,3,10,48,0,14,2,US-30,DOYLE RD,0,41.060825,-84.9808,0,12,1,0,2,2,0,1,1,1,0,1,0,0000000,10,48,10,51,99,99,0,0,0,2,0
18,180020,3,3,0,0,0,3,3,3,1580,17,1,2013,5,7,54,0,16,5,EAST COLISUEM BLVD,CRESCENT AVE,0,41.11216111,-85.10826111,0,12,7,0,2,2,0,1,1,1,0,1,0,0000000,7,55,7,58,99,99,0,0,0,1,0
18,180021,2,2,0,0,0,2,2,43,3400,16,1,2013,4,22,9,0,16,6,GRANT LINE RD,I-265 W,0,38.3361,-85.81789167,0,12,6,0,2,2,0,1,3,1,0,1,0,0000000,22,24,22,45,88,88,0,0,0,1,0
18,180022,3,3,0,0,0,3,3,91,2990,18,1,2013,6,23,15,0,3,2,US-421,CR-100 N,0,41.62516111,-86.89413889,0,12,2,0,1,1,0,1,2,1,0,1,0,0000000,23,16,23,26,99,99,0,0,0,1,1