STATE,ST_CASE,VE_TOTAL,VE_FORMS,PVH_INVL,PEDS,PERNOTMVIT,PERMVIT,PERSONS,COUNTY,CITY,DAY,MONTH,YEAR,DAY_WEEK,HOUR,MINUTE,NHS,ROAD_FNC,ROUTE,TWAY_ID,TWAY_ID2,MILEPT,LATITUDE,LONGITUD,SP_JUR,HARM_EV,MAN_COLL,RELJCT1,RELJCT2,TYP_INT,WRK_ZONE,REL_ROAD,LGT_COND,WEATHER1,WEATHER2,WEATHER,SCH_BUS,RAIL,NOT_HOUR,NOT_MIN,ARR_HOUR,ARR_MIN,HOSP_HR,HOSP_MN,CF1,CF2,CF3,FATALS,DRUNK_DR
18,180023,1,1,0,0,0,1,1,183,4610,19,1,2013,7,14,44,0,6,4,CR-500 S,CR-800 W,0,41.08946944,-85.64499722,0,42,0,0,1,1,0,4,1,1,0,1,0,0000000,14,44,14,55,88,88,0,0,0,1,0
18,180024,1,1,0,0,0,1,1,15,1550,21,1,2013,2,16,22,0,6,4,CR-250 S,CR-300 E,0,40.51065833,-86.45944722,0,34,0,0,1,1,0,4,1,1,0,1,0,0000000,16,22,16,33,88,88,0,0,0,1,0
18,180025,2,2,0,0,0,3,3,109,2890,20,1,2013,1,19,30,0,4,3,SR-67,,0,39.42217222,-86.47406667,0,12,2,0,1,1,0,1,2,1,0,1,0,0000000,19,34,19,38,99,99,0,0,0,1,0
18,180026,1,1,0,0,0,2,2,153,700,20,1,2013,1,22,3,0,3,2,US- 41,,0,38.90825833,-87.43009444,0,34,0,0,1,1,0,4,2,1,0,1,0,0000000,22,3,22,6,99,99,0,0,0,1,1
18,180027,2,1,1,1,3,1,3,107,1060,19,1,2013,7,7,48,1,1,1,I-74 E,,310,40.09014444,-86.94748889,0,14,0,0,1,1,0,2,4,1,0,1,0,0000000,7,48,7,51,99,99,23,0,0,1,0
18,180028,1,1,0,0,0,1,1,21,460,10,1,2013,5,0,59,0,6,5,MURPHY AVE,NELLIES LANE,0,39.51296944,-87.10740278,0,53,0,0,3,3,0,4,2,1,0,1,0,0000000,1,1,1,4,88,88,0,0,0,1,1
18,180029,1,1,0,1,1,1,1,97,2210,13,1,2013,1,18,30,0,16,5,MERIDIAN ST,,0,39.72239167,-86.15776389,0,8,0,0,1,1,0,1,2,10,0,10,0,0000000,11,34,11,34,99,99,0,0,0,1,0
18,180030,1,1,0,0,0,1,1,157,2480,24,1,2013,5,8,1,0,4,3,SR-25,CR-450,0,40.35416389,-87.03743611,0,41,0,0,3,3,0,4,2,1,0,1,0,0000000,8,10,8,19,88,88,0,0,0,1,0
18,180031,2,2,0,0,0,2,2,177,9997,26,1,2013,7,17,7,0,3,2,US-40 W,SYCAMORE ST,0,39.81165833,-85.21658056,0,12,2,0,1,1,0,1,1,1,0,1,0,0000000,17,8,17,13,99,99,0,0,0,1,0
18,180032,1,1,0,0,0,1,1,97,2210,26,1,2013,7,21,30,0,16,5,16TH ST,RITTER AVE,0,39.78889167,-86.07378889,0,30,0,0,3,2,0,4,3,1,0,1,0,0000000,21,31,21,35,99,99,0,0,0,1,0
18,180033,3,3,0,0,0,3,3,3,1580,9,1,2013,4,10,20,0,16,5,CLINTON ST,MAIN ST,0,41.08043056,-85.13832778,0,12,6,0,2,2,0,1,1,1,0,1,0,0000000,10,23,10,25,99,99,0,0,0,1,0
18,180034,2,2,0,0,0,2,2,97,2210,27,1,2013,1,3,40,0,16,5,WASHINGTON ST,DELWARE ST,0,39.76698056,-86.15432222,0,12,6,0,2,2,0,1,2,1,0,1,0,0000000,3,40,3,45,99,99,0,0,0,1,1
18,180035,2,1,1,0,0,3,3,89,1730,30,1,2013,4,10,15,0,16,5,MONROE ST,41ST AVE,0,41.54621667,-87.34244444,0,42,0,0,1,1,0,4,1,1,0,1,0,0000000,10,15,10,20,99,99,20,0,0,3,0
18,180036,1,1,0,0,0,1,1,167,4840,26,1,2013,7,22,31,0,6,5,HUNT ST,,0,39.490225,-87.31413889,0,5,0,0,1,1,0,4,2,1,0,1,0,0000000,23,52,0,10,99,99,0,0,0,1,1
18,180037,3,3,0,0,0,3,3,125,4690,29,1,2013,3,9,30,0,4,3,SR-64,SR-257,0,38.31071944,-87.13396111,0,12,6,0,2,2,0,1,1,10,0,10,0,0000000,9,34,9,57,99,99,0,0,0,1,1
18,180038,2,2,0,0,0,3,3,157,2480,29,1,2013,3,12,15,0,15,3,SR-38,,0,40.38754167,-86.83569444,0,12,1,0,1,1,0,1,1,10,0,10,0,0000000,12,16,12,26,99,99,0,0,0,1,0
18,180040,2,2,0,0,0,3,3,141,4580,1,2,2013,6,23,46,0,6,5,CLEVELAND RD,,0,41.72313611,-86.234625,0,12,6,0,1,1,0,1,2,10,0,10,0,0000000,23,46,23,47,99,99,0,0,0,1,1
18,180041,1,1,0,1,1,1,1,53,2850,1,2,2013,6,13,27,1,1,1,I-69,,2635,40.55845,-85.55088056,0,8,0,0,1,1,0,1,1,10,0,10,0,0000000,13,27,13,33,88,88,23,0,0,1,0
18,180042,1,1,0,1,1,1,1,159,4860,1,2,2013,6,0,15,0,6,4,CR-400,,0,40.22393611,-85.93823889,0,8,0,0,1,1,0,1,2,1,0,1,0,0000000,5,31,5,33,88,88,19,0,0,1,0
18,180043,2,2,0,0,0,2,2,77,2830,28,1,2013,2,10,0,0,4,3,SR-62,INTERSTATE BLOCK RD,0,38.75274444,-85.44983611,0,12,6,0,2,2,0,1,1,2,0,2,0,0000000,10,0,10,11,99,99,0,0,0,1,0
18,180044,1,1,0,0,0,3,3,89,2760,4,2,2013,2,1,0,0,6,5,BELSAHW RD,,0,41.26925833,-87.41175556,0,42,0,0,1,1,0,4,2,4,0,4,0,0000000,7,15,7,45,99,99,0,0,0,3,1
18,180045,1,1,0,0,0,3,3,99,4010,2,2,2013,7,13,3,0,4,3,SR-17,,0,41.33190833,-86.37099722,0,30,0,0,1,1,0,4,1,4,0,4,0,0000000,13,3,13,7,99,99,0,0,0,1,0
18,180046,1,1,0,0,0,3,3,129,3340,26,1,2013,7,1,30,0,6,4,CR-RABEN RD,,0,37.95224722,-87.97930278,0,1,0,0,1,1,0,1,2,3,0,3,0,0000000,2,51,2,58,99,99,0,0,0,1,0
18,180047,1,1,0,0,0,1,1,31,1910,29,1,2013,3,18,45,0,6,4,CR-60,,0,39.21025278,-85.46403056,0,35,0,0,1,1,0,4,2,10,0,10,0,0000000,8,38,8,41,88,88,0,0,0,1,0
18,180048,1,1,0,1,1,1,1,71,4440,29,1,2013,3,13,30,0,3,2,US-31,,0,38.99456111,-85.834825,0,9,0,0,1,1,0,1,1,10,0,10,0,0000000,13,35,13,39,99,99,0,0,0,1,0
18,180049,1,1,0,0,0,1,1,117,3860,7,2,2013,5,15,19,0,4,3,SR-37,,0,38.58727778,-86.45387222,0,34,0,0,1,1,0,4,1,1,0,1,0,0000000,15,19,15,26,99,99,0,0,0,1,0
18,180050,2,2,0,0,0,2,2,79,3670,1,2,2013,6,19,2,0,3,2,US-50,,0,38.98046111,-85.69536667,0,12,2,0,1,1,0,1,2,10,0,10,0,0000000,19,10,19,25,99,99,0,0,0,1,0
18,180051,2,1,1,2,2,1,1,89,1730,2,2,2013,7,10,50,1,11,1,I-80,,120,41.56991389,-87.29548889,0,14,0,0,1,1,0,2,1,10,0,10,0,0000000,10,26,10,32,99,99,19,0,0,1,0
18,180052,2,2,0,0,0,7,7,127,4872,5,2,2013,3,16,29,0,3,2,US-20,,0,41.68057778,-86.93915833,0,12,6,0,1,1,0,1,1,10,0,10,0,0000000,16,31,16,40,99,99,0,0,0,1,0
18,180053,2,2,0,0,0,2,2,95,1440,5,2,2013,3,8,59,0,4,3,SR-37,,0,40.24919444,-85.84110556,0,12,2,0,1,1,0,1,1,1,0,1,0,0000000,8,59,9,8,99,99,0,0,0,1,1
18,180054,1,1,0,0,0,2,2,87,2500,9,2,2013,7,18,9,0,3,2,US-20,,0,41.64116944,-85.44957222,0,35,0,0,1,1,0,4,5,10,0,10,0,0000000,18,9,18,16,99,99,0,0,0,1,0
18,180055,3,3,0,0,0,4,4,35,3360,8,2,2013,6,15,19,0,4,3,SR-67,,0,40.27380833,-85.32107222,0,12,2,0,1,1,0,1,1,10,0,10,0,0000000,15,25,15,26,99,99,0,0,0,1,0
18,180056,2,2,0,0,0,4,4,35,3360,9,2,2013,7,12,50,0,4,3,SR-67,,1410,40.147575,-85.36740556,0,12,6,1,5,1,0,1,1,1,0,1,0,0000000,12,55,12,56,99,99,0,0,0,1,0
18,180057,2,2,0,0,0,3,3,15,1200,7,2,2013,5,21,19,0,4,3,SR-25,CR-600 W,0,40.61431944,-86.63523889,0,12,2,0,1,1,0,1,2,2,0,2,0,0000000,21,24,21,26,99,99,0,0,0,1,0
18,180059,1,1,0,0,0,2,2,95,810,11,2,2013,2,7,35,1,1,1,I-69,,311,40.08076667,-85.57839444,0,43,0,0,1,1,0,4,1,10,0,10,0,0000000,7,39,7,45,99,99,0,0,0,1,0
18,180060,2,2,0,0,0,2,2,145,4470,12,2,2013,3,0,37,1,1,1,I-74,,1120,39.56261667,-85.79255278,0,12,6,0,1,1,0,1,2,10,0,10,0,0000000,0,38,0,38,88,88,0,0,0,1,0
18,180061,17,17,0,0,0,20,20,63,3990,31,1,2013,5,14,6,1,1,1,I-70 E,,650,39.66127778,-86.38656667,0,12,1,0,1,1,0,2,1,4,11,4,0,0000000,99,99,99,99,99,99,0,0,0,1,0
18,180062,2,2,0,0,0,3,3,35,5480,11,2,2013,2,2,52,0,4,3,SR-332 W,CR-700 W,0,40.22190278,-85.52397778,0,12,2,0,1,1,0,1,2,10,0,10,0,0000000,2,52,3,0,99,99,0,0,0,1,1
18,180063,2,2,0,0,0,2,2,15,1200,12,2,2013,3,11,29,0,4,3,SR-25 S,CR-800 W,0,40.58450556,-86.67828889,0,12,6,0,2,2,0,1,1,10,0,10,0,0000000,11,38,12,0,99,99,0,0,0,1,0
18,180064,1,1,0,0,0,4,4,177,780,10,2,2013,1,15,5,1,1,1,I-70,,1460,39.85961944,-84.98091944,0,2,0,0,1,1,0,1,1,10,0,10,0,0000000,15,6,15,11,99,99,0,0,0,2,0
18,180065,1,1,0,0,0,1,1,141,4580,16,2,2013,7,19,55,0,16,5,TWYCHENHAM DR,,0,41.64576111,-86.230275,0,42,0,0,1,1,0,4,2,10,0,10,0,0000000,19,58,20,6,99,99,0,0,0,1,1
18,180066,5,2,3,0,0,3,3,97,2210,16,2,2013,7,3,36,0,16,6,SENATE AVE,ST. CLAIR,0,39.77812778,-86.16308056,0,12,6,0,2,2,0,1,2,1,0,1,0,0000000,3,44,3,46,99,99,14,0,0,2,1
18,180067,2,2,0,0,0,2,2,81,1950,13,2,2013,4,7,45,0,15,3,SR-37 S,SMITH VALLEY RD,0,39.60511389,-86.21924722,0,12,1,0,3,2,0,1,4,1,0,1,0,0000000,7,47,7,50,88,88,0,0,0,1,0
18,180068,1,1,0,0,0,1,1,131,2920,2,2,2013,7,8,55,0,3,2,US-421,,0,40.98309722,-86.89129167,0,34,0,0,1,1,0,4,1,11,0,11,0,0000000,8,58,9,14,99,99,0,0,0,1,0
18,180069,1,1,0,0,0,1,1,1,1180,21,2,2013,5,6,9,0,6,4,CR-900,,0,40.57117222,-84.88126667,0,34,0,0,1,1,0,4,2,1,0,1,0,0000000,6,9,6,16,88,88,0,0,0,1,0
18,180070,1,1,0,0,0,1,1,141,4580,23,2,2013,7,3,50,0,16,5,INWOOD RD,,0,41.636575,-86.21674167,0,33,0,0,1,1,0,4,2,10,0,10,0,0000000,3,51,3,55,88,88,0,0,0,1,1
18,180071,1,1,0,0,0,2,2,39,1830,24,2,2013,1,3,36,0,16,5,WHEATLAND DR,,0,41.58336111,-85.85900833,0,53,0,0,1,1,0,4,2,1,0,1,0,0000000,3,36,3,41,99,99,0,0,0,1,1
18,180072,1,1,0,0,0,1,1,31,1910,16,2,2013,7,6,52,0,4,3,SR-3,,0,39.31500833,-85.55520556,0,1,0,0,1,1,0,1,2,1,0,1,0,0000000,6,52,6,57,88,88,0,0,0,1,0
18,180073,1,1,0,0,0,1,1,153,2970,25,2,2013,2,12,58,0,4,3,SR-58 W,CR-775 W,0,39.04263611,-87.54976389,0,1,0,0,1,1,0,1,1,10,0,10,0,0000000,13,0,13,12,88,88,0,0,0,1,0
18,180074,1,1,0,1,1,1,1,143,4400,20,2,2013,4,1,13,0,4,3,SR-56,,0,38.688175,-85.80134722,0,15,0,0,1,1,0,1,2,1,0,1,0,0000000,1,13,1,16,88,88,0,0,0,1,0
18,180075,2,2,0,0,0,2,2,99,2550,22,2,2013,6,8,36,0,3,2,US-31,4ARD,0,41.41571111,-86.30049444,0,12,6,0,2,2,0,1,1,10,0,10,0,0000000,8,38,8,38,99,99,0,0,0,1,0
18,180076,2,2,0,0,0,7,7,3,1580,24,2,2013,1,3,30,1,11,1,I-69 N,,3086,41.10508333,-85.20413889,0,12,1,0,1,1,0,1,2,10,0,10,0,0000000,3,34,3,38,88,88,0,0,0,1,2
18,180077,1,1,0,0,0,2,2,39,1410,26,2,2013,3,22,5,0,14,2,US-33,ELK PARK DR,0,41.66686111,-86.03406111,0,30,0,0,1,1,0,4,2,4,0,4,0,0000000,22,13,22,29,99,99,0,0,0,1,0
18,180078,1,1,0,1,1,1,1,161,2660,13,2,2013,4,7,9,0,3,2,US-27,,0,39.59875,-84.86638611,0,8,0,0,1,1,0,1,2,1,0,1,1,0000000,7,9,7,11,99,99,0,0,0,1,0
18,180079,1,1,0,0,0,1,1,73,1206,16,2,2013,7,18,15,1,1,1,I-65,,2260,41.09489444,-87.26506389,0,1,0,0,1,1,0,1,2,1,0,1,0,0000000,18,18,18,25,88,88,0,0,0,1,1
18,180080,1,1,0,0,0,1,1,127,4960,17,2,2013,1,3,10,0,6,5,JOILET ST,,0,41.47073333,-87.10361389,0,53,0,0,1,1,0,4,2,1,0,1,0,0000000,3,16,3,24,99,99,0,0,0,1,1
18,180081,2,2,0,0,0,3,3,61,1390,19,2,2013,3,18,23,0,4,3,SR-11,,0,38.0825,-86.04051944,0,12,2,0,1,1,0,1,5,1,0,1,0,0000000,18,29,18,43,99,99,0,0,0,1,0
18,180082,4,4,0,0,0,5,5,157,2480,28,2,2013,5,19,39,0,4,3,SR-25,CR-250,0,40.38488333,-86.92360556,0,12,1,0,3,3,0,1,2,1,0,1,0,0000000,19,43,19,52,99,99,0,0,0,1,0
18,180083,1,1,0,0,0,1,1,41,1000,28,2,2013,5,8,1,0,6,4,CR-450,,0,39.65279722,-85.05364167,0,10,0,0,6,1,0,1,4,10,0,10,0,154139J,8,2,8,15,88,88,0,0,0,1,0
18,180086,2,2,0,0,0,2,2,73,1206,2,3,2013,7,4,47,0,4,3,SR-10,SR-110,0,41.18758333,-87.159675,0,12,6,0,2,2,0,1,2,1,0,1,0,0000000,4,48,4,50,99,99,0,0,0,1,1
18,180087,1,1,0,0,0,1,1,121,4210,2,3,2013,7,22,55,0,3,2,US-41,,0,39.71725278,-87.31839167,0,42,0,0,1,1,0,4,2,1,0,1,0,0000000,23,7,23,10,88,88,0,0,0,1,0
18,180088,2,2,0,0,0,3,3,3,2178,2,3,2013,7,15,5,0,3,2,US-33,,0,41.1667,-85.261475,0,12,2,0,1,1,0,1,1,1,0,1,0,0000000,15,8,15,16,99,99,0,0,0,1,0
18,180089,1,1,0,1,1,1,1,97,2210,24,2,2013,1,0,55,0,6,5,46TH ST,KINGSBORO DR,0,39.84063889,-86.00455833,0,8,0,0,1,1,0,1,2,1,0,1,0,0000000,0,58,1,0,88,88,0,0,0,1,0
18,180090,1,1,0,1,1,1,1,79,3670,19,2,2013,3,23,17,0,15,3,SR-3,,0,39.01261389,-85.63729722,0,8,0,0,1,1,0,1,2,1,0,1,0,0000000,23,17,23,19,99,99,0,0,0,1,0
18,180091,1,1,0,0,0,2,2,117,3860,21,2,2013,5,19,20,0,3,2,US-150,,0,38.51472778,-86.37524167,0,1,0,0,1,1,0,4,2,3,12,3,0,0000000,19,24,19,31,99,99,0,0,0,1,1
18,180092,1,1,0,0,0,1,1,117,3860,2,3,2013,7,20,47,0,6,4,CR-725,,0,38.45067222,-86.34930556,0,42,0,0,1,1,0,4,2,10,0,10,0,0000000,20,47,21,0,88,88,0,0,0,1,1
18,180093,1,1,0,0,0,1,1,97,2210,2,3,2013,7,3,31,1,1,1,I-70 E,,914,39.80131111,-85.99757222,0,35,0,0,1,1,1,4,3,1,0,1,0,0000000,3,32,3,34,88,88,3,0,0,1,0
18,180094,2,2,0,0,0,4,4,103,590,6,3,2013,4,9,52,0,3,2,US-31,SR-218,0,40.67708611,-86.12791944,0,12,6,0,2,2,0,1,1,10,0,10,0,0000000,9,52,9,58,99,99,0,0,0,2,0
18,180095,3,3,0,0,0,5,5,181,540,22,2,2013,6,14,17,1,1,1,I-65,,1890,40.61863889,-86.99015833,0,12,1,0,1,1,0,1,1,1,0,1,0,0000000,14,21,14,30,99,99,0,0,0,1,0
18,180096,1,1,0,0,0,1,1,15,650,1,3,2013,6,6,35,0,15,3,SR-218,,0,40.60591667,-86.41373611,0,52,0,0,1,1,0,4,2,12,3,3,0,0000000,8,8,8,20,88,88,0,0,0,1,0
18,180097,2,2,0,0,0,2,2,27,3710,5,3,2013,3,15,33,0,3,2,US-231,,0,38.76359167,-86.91365833,0,12,6,0,1,1,0,1,1,11,4,4,0,0000000,15,33,15,41,99,99,0,0,0,1,0
18,180098,2,2,0,0,0,2,2,61,3850,5,3,2013,3,7,40,0,3,2,US-150,,0,38.40126667,-86.08845556,0,12,2,0,1,1,0,4,1,10,0,10,0,0000000,7,53,7,54,99,99,0,0,0,1,0
18,180099,2,2,0,0,0,2,2,89,2515,8,3,2013,6,2,1,0,16,5,GRAND BLVD,CENTRAL AVE,0,41.57129722,-87.26030278,0,12,1,0,2,2,0,1,2,1,0,1,0,0000000,2,2,2,4,99,99,0,0,0,1,1
18,180100,1,1,0,0,0,1,1,113,60,9,3,2013,7,18,10,0,6,4,CR-WOLF LAKE RD,,0,41.359575,-85.45412222,0,35,0,0,1,1,0,4,1,10,0,10,0,0000000,18,10,18,12,88,88,0,0,0,1,0
18,180102,1,1,0,0,0,1,1,83,4360,7,3,2013,5,20,29,0,4,3,SR-58 E,,310,38.90486667,-87.18695833,0,1,0,0,1,1,0,4,2,1,0,1,0,0000000,20,33,20,53,99,99,0,0,0,1,0
18,180103,1,1,0,0,0,6,6,35,3360,10,3,2013,1,16,8,0,6,4,CR-600 W,SR-67 S,0,40.11624722,-85.49976667,0,35,0,0,1,1,0,4,1,10,0,10,0,0000000,16,8,16,22,99,99,0,0,0,3,0
18,180104,1,1,0,0,0,1,1,173,410,8,3,2013,6,1,55,0,4,3,SR-261,,0,38.03650556,-87.31936944,0,1,0,0,1,1,0,4,2,1,0,1,0,0000000,1,55,2,3,88,88,0,0,0,1,1
18,180105,2,2,0,0,0,2,2,147,4200,12,3,2013,3,11,54,0,4,3,SR-66,CR-275,0,37.90151944,-87.10481389,0,12,6,0,2,2,0,1,1,10,0,10,0,0000000,11,54,11,59,99,99,0,0,0,1,0
18,180106,1,1,0,0,0,1,1,177,4120,11,3,2013,2,13,12,0,4,3,SR-227,,0,39.91236944,-84.83158611,0,42,0,0,1,1,0,4,1,2,0,2,0,0000000,13,12,13,13,88,88,20,0,0,1,0
18,180107,1,1,0,0,0,1,1,29,230,12,3,2013,3,21,0,0,6,4,CR- NORTH HOGAN RD,,0,39.06614444,-84.91905833,0,33,0,0,1,1,0,6,2,10,0,10,0,0000000,18,18,18,26,88,88,18,0,0,1,1
18,180108,2,2,0,0,0,2,2,81,1370,4,3,2013,2,22,30,1,1,1,I-65 S,,850,39.40788889,-85.95338333,0,12,2,0,1,1,0,1,2,10,0,10,0,0000000,22,33,22,56,99,99,0,0,0,1,1
18,180109,1,1,0,0,0,1,1,53,1490,13,1,2013,1,23,11,0,4,3,SR-26,,0,40.42335556,-85.58343889,0,1,0,0,1,1,0,4,2,10,0,10,0,0000000,23,11,23,18,99,99,5,0,0,1,0
18,180110,1,1,0,0,0,1,1,57,710,17,3,2013,1,0,45,0,16,5,116TH ST,RIVER RD,0,39.95658889,-86.06651667,0,42,0,0,3,2,0,4,2,1,0,1,0,0000000,0,45,0,46,88,88,20,0,0,1,1
18,180111,2,2,0,0,0,3,3,113,2670,17,3,2013,1,19,58,0,3,2,US-6,,0,41.45307222,-85.42695,0,12,6,0,1,1,0,1,2,1,0,1,0,0000000,20,0,20,5,99,99,0,0,0,2,0
18,180112,1,1,0,0,0,1,1,21,770,14,3,2013,5,20,30,1,1,1,I-70 W,,245,39.45074722,-87.109325,0,16,0,0,1,1,0,1,2,4,0,4,0,0000000,20,30,20,47,88,88,0,0,0,1,0
18,180113,1,1,0,0,0,1,1,147,1780,9,3,2013,7,16,2,0,3,2,US-231 N,CR-1250 N,0,38.07800278,-86.99186389,0,1,0,0,1,1,0,3,1,1,0,1,0,0000000,14,4,14,18,99,99,0,0,0,1,0
18,180114,2,2,0,0,0,3,3,55,360,19,3,2013,3,16,23,0,6,4,CR-735 E,CR-735 N,0,39.13223333,-86.80705556,0,12,2,0,1,1,0,1,1,1,0,1,0,0000000,16,25,16,45,99,99,0,0,0,1,0
18,180116,2,2,0,0,0,2,2,163,1480,16,3,2013,7,19,10,0,6,5,E BOONVILLE-NEW HARMONY RD,I-164-015-A HWY,0,38.08898333,-87.47535833,0,12,6,0,2,2,0,1,5,10,0,10,0,0000000,19,11,19,16,99,99,0,0,0,1,1
18,180117,1,1,0,0,0,1,1,3,1580,20,3,2013,4,15,35,0,6,5,WEST WASHINGTON CENTER RD,FLAUGH RD,0,41.13307778,-85.22958333,0,34,0,0,1,1,0,4,1,10,0,10,0,0000000,15,38,15,38,88,88,0,0,0,1,1
18,180118,2,2,0,0,0,2,2,89,4300,17,3,2013,1,5,12,0,14,2,US-231 W,PARK PL,0,41.42100556,-87.441975,0,12,1,0,1,1,0,1,2,1,0,1,0,0000000,5,20,6,20,88,88,0,0,0,1,1
18,180119,2,2,0,0,0,2,2,89,2760,18,3,2013,2,15,19,0,4,3,SR-2,,0,41.28926389,-87.25558611,0,12,2,0,1,1,0,1,1,1,0,1,0,0000000,15,19,16,0,99,99,0,0,0,1,0
18,180120,2,1,1,0,1,2,3,63,2720,13,3,2013,4,3,6,1,1,1,I-74 W,,560,39.89813889,-86.55145278,0,14,0,0,5,1,0,2,3,11,0,11,0,0000000,3,6,3,19,88,88,0,0,0,2,1
18,180121,2,2,0,0,0,2,2,97,2210,21,3,2013,5,8,20,1,11,1,I-465 W,,66,39.6923,-86.21409444,0,12,1,0,1,1,0,1,1,1,0,1,0,0000000,8,20,8,25,99,99,23,0,0,1,0
18,180122,5,5,0,0,0,6,6,167,4840,21,3,2013,5,12,15,0,3,2,US-41,56TH DR,0,39.40446389,-87.40623333,0,12,1,0,2,2,0,1,1,1,0,1,0,0000000,12,17,12,20,99,99,14,0,0,1,0
18,180123,1,1,0,1,1,1,1,67,2430,22,3,2013,6,6,35,0,16,5,BOULEVARD ST,VERSAILLES DR,0,40.46156944,-86.16884444,0,8,0,0,1,1,0,1,2,10,0,10,0,0000000,6,36,6,38,99,99,0,0,0,1,0
18,180124,1,1,0,0,0,1,1,73,4100,23,3,2013,7,0,54,0,6,4,CR-1100,CR-500,0,41.08627222,-87.27231389,0,43,0,0,3,3,0,4,2,1,0,1,0,0000000,0,55,1,5,88,88,0,0,0,1,1
18,180125,1,1,0,0,0,1,1,119,4630,23,3,2013,7,3,21,0,4,3,SR-157,HUBBLE STATION RD,0,39.23254722,-87.04523333,0,24,0,0,1,1,0,4,2,1,0,1,0,0000000,3,21,3,41,88,88,0,0,0,1,0
18,180126,1,1,0,1,1,1,1,51,4060,20,3,2013,4,3,51,0,3,2,US-41,,0,38.34520278,-87.59811111,0,8,0,0,1,1,0,1,2,1,0,1,0,0000000,3,55,3,56,88,88,23,0,0,1,0
18,180127,1,1,0,0,0,1,1,97,2210,21,3,2013,5,11,51,0,16,5,STOP 11 RD,,0,39.65037222,-86.10472778,0,1,0,0,1,1,0,3,1,1,0,1,0,0000000,11,52,11,52,99,99,0,0,0,1,0
18,180128,1,1,0,0,0,1,1,135,3881,17,1,2013,5,12,36,0,16,4,CR-1200,SR-32,0,40.19324722,-85.20389167,0,30,0,0,3,3,0,4,1,1,0,1,0,0000000,12,36,12,43,99,99,0,0,0,1,0
18,180129,3,3,0,0,0,3,3,81,1950,22,1,2013,3,19,2,0,15,3,SR-135,SMITH VALLEY RD,0,39.60581111,-86.15878889,0,12,6,0,2,2,0,1,2,1,0,1,0,0000000,19,7,19,11,99,99,0,0,0,1,0
18,180130,2,2,0,0,0,3,3,141,4580,7,3,2013,5,19,58,0,16,5,IRELAND DR,LINDEN RD,0,41.62846389,-86.27252778,0,12,6,0,2,2,0,1,2,1,0,1,0,0000000,20,6,20,12,99,99,0,0,0,1,0
18,180131,2,2,0,0,0,3,3,133,950,5,3,2013,3,17,10,1,1,1,I-70,,410,39.53270278,-86.80576667,0,12,6,0,1,1,0,1,1,4,0,4,0,0000000,17,15,17,20,99,99,0,0,0,1,0
18,180132,2,2,0,0,0,2,2,105,380,23,3,2013,7,7,47,0,4,3,SR-45,,0,39.14827778,-86.57295,0,12,2,0,1,1,0,1,4,10,0,10,0,0000000,7,47,7,52,99,99,0,0,0,1,0
18,180133,1,1,0,0,0,6,6,97,2210,24,3,2013,1,3,15,0,16,5,RICHARDT AVE,30TH ST,0,39.81106111,-86.03605278,0,24,0,0,3,3,0,4,2,10,0,10,0,0000000,3,24,3,27,99,99,0,0,0,3,1
18,180134,1,1,0,0,0,2,2,109,3240,25,3,2013,2,19,37,0,6,4,CR-MANN RD,,0,39.60070833,-86.27294167,0,42,0,0,1,1,0,4,1,4,0,4,0,0000000,19,57,20,17,99,99,0,0,0,1,0
18,180135,2,2,0,0,0,6,6,137,2133,7,3,2013,5,9,46,0,6,4,CR-850 W,FAIRGROUND RD,0,39.12548333,-85.41323611,0,12,6,0,2,2,0,1,1,10,0,10,0,0000000,10,38,10,46,99,99,0,0,0,3,0
18,180136,2,2,0,0,0,2,2,67,2430,27,3,2013,4,17,7,0,6,5,DAVIS RD,SMITH RD,0,40.51966944,-86.14722222,0,12,6,0,2,2,0,1,1,1,0,1,0,0000000,17,7,17,9,99,99,0,0,0,1,0
18,180137,1,1,0,0,0,2,2,87,2500,16,3,2013,7,21,40,0,6,4,CR-600 N,CR-250 E,0,41.72901667,-85.37901667,0,30,0,0,1,1,0,4,2,1,0,1,0,0000000,21,40,21,47,99,99,0,0,0,1,1
18,180138,2,2,0,0,0,3,3,157,2480,24,3,2013,1,18,25,1,1,1,I-65,,1820,40.54949722,-86.92630556,0,12,1,0,1,1,0,1,1,7,0,7,0,0000000,18,41,19,7,99,99,19,0,0,2,0
18,180139,2,2,0,0,0,5,5,91,2570,28,3,2013,5,13,1,0,6,4,CR-JOHNSON RD,CR-300 N,0,41.65050278,-86.81135833,0,12,6,0,2,2,0,1,1,1,0,1,0,0000000,13,1,13,5,99,99,0,0,0,1,0
18,180140,1,1,0,0,0,2,2,91,2570,31,3,2013,1,3,36,0,16,4,CR-875 E,CR-150 N,0,41.62378333,-86.53136944,0,42,0,0,1,1,0,4,2,2,0,2,0,0000000,3,36,3,47,99,99,0,0,0,1,1
18,180141,2,2,0,0,0,4,4,167,4840,30,3,2013,7,17,14,0,3,2,US-41,,0,39.38518611,-87.39561389,0,12,6,0,7,1,0,1,1,1,0,1,0,0000000,17,35,17,59,99,99,0,0,0,1,0
18,180142,1,1,0,1,1,3,3,141,4580,1,4,2013,2,16,57,0,16,5,MICHIGAN ST,,0,41.67043333,-86.25020556,0,8,0,0,1,1,0,1,1,1,0,1,0,0000000,16,58,99,99,99,99,0,0,0,1,0