STATE,ST_CASE,VE_TOTAL,VE_FORMS,PVH_INVL,PEDS,PERNOTMVIT,PERMVIT,PERSONS,COUNTY,CITY,DAY,MONTH,YEAR,DAY_WEEK,HOUR,MINUTE,NHS,ROAD_FNC,ROUTE,TWAY_ID,TWAY_ID2,MILEPT,LATITUDE,LONGITUD,SP_JUR,HARM_EV,MAN_COLL,RELJCT1,RELJCT2,TYP_INT,WRK_ZONE,REL_ROAD,LGT_COND,WEATHER1,WEATHER2,WEATHER,SCH_BUS,RAIL,NOT_HOUR,NOT_MIN,ARR_HOUR,ARR_MIN,HOSP_HR,HOSP_MN,CF1,CF2,CF3,FATALS,DRUNK_DR
18,180143,2,2,0,0,0,3,3,109,2890,31,3,2013,1,19,22,0,4,3,SR-37,BIG BEND RD,0,39.52898889,-86.28725833,0,12,6,0,2,2,0,1,1,10,0,10,0,0000000,19,22,19,23,99,99,0,0,0,1,0
18,180144,3,3,0,0,0,3,3,157,2480,4,4,2013,5,22,9,0,4,3,SR-25,,0,40.359475,-86.99754444,0,12,1,0,1,1,0,1,2,1,0,1,0,0000000,22,22,22,41,99,99,0,0,0,1,0
18,180145,2,2,0,0,0,2,2,169,3650,5,4,2013,6,6,55,0,6,4,CR-1000,CR-650,0,40.91304167,-85.94401111,0,12,6,0,2,2,0,1,1,1,0,1,0,0000000,6,59,7,17,99,99,0,0,0,1,0
18,180146,1,1,0,0,0,1,1,79,3670,5,4,2013,6,12,0,0,6,5,CR-715,,0,38.88286667,-85.59349722,0,3,0,0,1,1,0,4,1,1,0,1,0,0000000,12,0,12,17,99,99,0,0,0,1,0
18,180148,1,1,0,0,0,4,4,23,1640,27,3,2013,4,1,45,0,6,4,CR-200,,0,40.25714167,-86.51985,0,42,0,0,1,1,0,4,2,1,0,1,0,0000000,1,53,1,56,99,99,0,0,0,1,0
18,180149,1,1,0,0,0,1,1,177,4120,6,4,2013,7,12,20,0,14,2,US-40,8TH ST,0,39.82723611,-84.89155,0,33,0,0,3,3,0,3,1,10,0,10,0,0000000,13,24,13,56,99,99,0,0,0,1,0
18,180150,1,1,0,1,1,1,1,97,2600,22,2,2013,6,23,34,0,16,5,42ND ST,POST RD,0,39.833275,-86.01011111,0,33,0,0,1,1,0,5,3,1,0,1,0,0000000,23,34,22,34,99,99,0,0,0,1,0
18,180151,1,1,0,0,0,2,2,91,2990,6,4,2013,7,11,36,0,6,4,CR-600,,0,41.38991944,-86.601325,0,42,0,0,8,1,0,4,1,1,0,1,0,0000000,11,36,11,40,88,88,0,0,0,2,0
18,180152,1,1,0,0,0,1,1,97,2210,29,1,2013,3,23,1,0,16,5,FOX HILL DR,LIEBER RD,0,39.86425833,-86.17818889,0,17,0,0,1,1,0,4,2,1,0,1,0,0000000,23,2,23,7,99,99,0,0,0,1,1
18,180153,1,1,0,0,0,1,1,57,5180,6,4,2013,7,20,19,0,16,5,CAPTIVA WAY,,0,40.03291667,-86.09416111,0,3,0,0,1,1,0,5,1,1,0,1,0,0000000,20,19,20,23,99,99,0,0,0,1,1
18,180155,1,1,0,1,1,1,1,97,2210,8,4,2013,2,21,7,0,6,5,38TH ST,,0,39.82587222,-86.012175,0,8,0,0,1,1,0,1,2,1,0,1,0,0000000,21,8,21,10,99,99,0,0,0,1,0
18,180156,2,2,0,0,0,2,2,13,3390,7,4,2013,1,11,45,0,4,3,SR-135,SR-45,0,39.26686667,-86.24924722,0,12,6,0,2,2,0,1,1,1,0,1,0,0000000,11,47,11,50,99,99,0,0,0,1,0
18,180157,1,1,0,0,0,2,2,123,4820,8,4,2013,2,14,42,0,6,4,CR-LEOPOLD RD,,0,38.13288056,-86.564575,0,5,0,0,1,1,0,1,1,10,0,10,0,0000000,13,46,14,4,99,99,0,0,0,1,0
18,180158,1,1,0,0,0,1,1,99,470,8,4,2013,2,10,43,0,3,2,US-6,,0,41.46043056,-86.191675,0,35,0,0,1,1,0,4,1,10,0,10,0,0000000,10,44,11,30,88,88,0,0,0,1,0
18,180159,2,2,0,0,0,3,3,3,2645,31,3,2013,1,15,42,0,6,4,CR-TONKEL RD,CR-SCHLATTER RD,0,41.23554722,-85.07716111,0,12,1,0,1,1,0,1,1,1,0,1,0,0000000,15,48,15,52,99,99,0,0,0,1,0
18,180160,2,2,0,0,0,2,2,3,1580,5,4,2013,6,10,16,0,16,5,ANTHONY BLVD,WASHINGTON BLVD,0,41.07923056,-85.11444722,0,12,6,0,2,2,0,1,1,1,0,1,0,0000000,10,17,10,19,99,99,0,0,0,1,0
18,180161,1,1,0,0,0,1,1,167,4840,11,4,2013,5,15,4,0,6,5,HARLAN RD,,0,39.34686389,-87.40186944,0,38,0,0,1,1,0,4,1,2,0,2,0,0000000,15,4,15,12,99,99,0,0,0,1,0
18,180162,1,1,0,0,0,4,4,101,2750,16,3,2013,7,19,35,0,6,4,CR-650 S,CR-1300 E,0,38.56172222,-86.93206389,0,42,0,0,1,1,0,4,1,10,0,10,0,0000000,19,35,19,48,99,99,0,0,0,1,1
18,180163,2,2,0,0,0,6,6,93,300,10,4,2013,4,16,21,0,16,5,MITCHELL RD,,0,38.84743889,-86.49464444,0,12,8,0,1,1,0,1,1,1,0,1,0,0000000,16,21,16,23,99,99,0,0,0,3,0
18,180165,2,2,0,0,0,2,2,65,3450,26,3,2013,3,5,25,1,1,1,I-70,,1230,39.85331111,-85.41378056,0,12,1,0,1,1,0,1,2,1,0,1,0,0000000,6,30,6,50,99,99,19,23,0,1,0
18,180166,1,1,0,0,0,1,1,143,4400,12,4,2013,6,14,0,1,1,1,I-65 N,,285,38.67463056,-85.78526111,0,35,0,0,1,1,0,4,1,10,0,10,0,0000000,14,5,14,10,88,88,0,0,0,1,0
18,180167,2,2,0,0,0,2,2,53,4970,5,4,2013,6,14,25,1,1,1,I-69,,2680,40.53282222,-85.55005556,0,12,1,0,1,1,1,1,1,10,0,10,0,0000000,14,30,14,40,99,99,3,0,0,1,0
18,180168,2,2,0,0,0,2,2,175,4340,8,4,2013,2,13,19,0,4,3,SR-60,,0,38.52421667,-86.02241389,0,12,6,0,1,1,0,1,1,10,0,10,0,0000000,13,19,13,23,99,99,0,0,0,1,0
18,180169,1,1,0,0,0,1,1,89,1310,10,4,2013,4,2,56,0,15,3,SR-312,HUISH DR,0,41.62921944,-87.45983889,0,33,0,0,3,3,0,4,2,2,0,2,0,0000000,2,53,2,56,99,99,0,0,0,1,1
18,180170,1,1,0,0,0,2,2,85,3050,14,4,2013,1,22,54,0,4,3,SR-15,,0,41.35671944,-85.85443056,0,42,0,0,1,1,0,4,2,1,0,1,0,0000000,22,54,23,1,99,99,0,0,0,1,0
18,180171,1,1,0,0,0,1,1,153,4460,14,4,2013,1,23,3,0,4,3,SR-48,,0,39.18731944,-87.4438,0,1,0,0,1,1,0,4,2,1,0,1,0,0000000,23,3,23,8,88,88,0,0,0,1,1
18,180172,1,1,0,0,0,3,3,21,460,6,4,2013,7,6,8,0,6,4,CR-300,,0,39.58276389,-87.08815833,0,42,0,0,1,1,0,4,2,1,0,1,0,0000000,6,8,6,12,99,99,0,0,0,2,0
18,180173,1,1,0,0,0,2,2,97,2210,8,4,2013,2,9,48,0,16,5,35TH ST,,0,39.8201,-86.08466389,0,42,0,0,1,1,0,4,1,10,0,10,0,0000000,9,50,9,52,99,99,0,0,0,1,0
18,180174,2,2,0,0,0,2,2,97,2210,14,4,2013,1,23,13,0,16,5,KENTUCKY AVE,,0,39.67291667,-86.29714722,0,12,1,0,1,1,0,1,2,1,0,1,0,0000000,23,14,23,19,99,99,0,0,0,1,1
18,180175,1,1,0,1,1,1,1,163,1480,11,4,2013,5,23,35,0,16,5,BURKHARDT RD,COUNTRY LANE,0,38.00427222,-87.47384722,0,8,0,0,3,3,0,1,2,1,0,1,0,0000000,23,36,23,41,99,99,0,0,0,1,0
18,180176,2,2,0,0,0,2,2,3,1580,14,4,2013,1,2,28,0,16,5,WAYNE ST,CLAY ST,0,41.07914167,-85.13277222,0,12,6,0,2,2,0,1,2,10,0,10,0,0000000,2,29,2,30,99,99,0,0,0,1,1
18,180177,2,2,0,0,0,2,2,113,2320,15,4,2013,2,8,3,0,3,2,US-6,CR-600,0,41.45238333,-85.30823889,0,12,8,0,3,3,0,1,1,1,0,1,0,0000000,8,3,8,13,99,99,0,0,0,1,0
18,180178,2,2,0,0,0,3,3,97,2210,12,4,2013,6,5,50,0,16,5,WASHINGTON ST,,0,39.77043889,-86.07523056,0,12,1,0,1,1,0,1,2,10,0,10,0,0000000,5,55,5,55,99,99,0,0,0,1,0
18,180179,1,1,0,0,0,1,1,29,2610,15,4,2013,2,10,15,0,15,3,SR-48,,0,39.10784167,-84.87943056,0,35,0,0,1,1,0,4,1,1,0,1,0,0000000,10,15,10,18,99,99,0,0,0,1,0
18,180180,2,2,0,0,0,3,3,61,1030,15,4,2013,2,15,46,0,4,3,SR-135,OLD SR- 135,0,38.31127778,-86.09531111,0,12,7,0,3,3,0,1,1,1,0,1,0,0000000,15,46,15,48,99,99,0,0,0,1,0
18,180181,1,1,0,0,0,1,1,163,1480,4,3,2013,2,6,28,0,6,5,PRINCETON RD,W STACER RD,0,38.146975,-87.56538611,0,34,0,0,1,1,0,4,1,1,0,1,0,0000000,6,31,6,37,99,99,0,0,0,1,0
18,180182,2,2,0,0,0,5,5,163,1480,14,4,2013,1,21,27,0,6,5,WIMBERG RD,DANA DR,0,38.03670278,-87.58910833,0,12,2,0,1,1,0,1,2,1,0,1,0,0000000,21,28,21,33,99,99,0,0,0,1,1
18,180183,2,2,0,0,0,3,3,99,4010,17,4,2013,4,17,57,0,6,4,CR- MICHIGAN RD,,0,41.40353333,-86.31398333,0,12,2,0,1,1,0,1,1,10,0,10,0,0000000,17,57,16,2,99,99,0,0,0,1,0
18,180184,1,1,0,0,0,1,1,57,170,19,4,2013,6,19,52,0,6,4,CR- MOUNT PLEASANT RD,,0,40.17464722,-86.00051667,0,3,0,0,1,1,0,5,1,2,0,2,0,0000000,19,52,20,0,99,99,5,0,0,1,0
18,180185,1,1,0,0,0,1,1,57,170,20,4,2013,7,1,11,0,6,5,266TH ST,,0,40.17618889,-86.00059167,0,3,0,0,1,1,0,5,2,10,0,10,0,0000000,1,12,1,23,99,99,5,0,0,1,0
18,180186,1,1,0,0,0,2,2,89,1100,21,4,2013,1,16,45,0,6,5,MONTGOMERY ST,,0,41.37110556,-87.24849444,0,42,0,0,1,1,0,4,1,1,0,1,0,0000000,16,45,17,0,99,99,0,0,0,1,0
18,180187,1,1,0,0,0,1,1,117,1690,21,4,2013,1,2,53,0,6,4,CR-100,,0,38.54007778,-86.57916111,0,42,0,0,1,1,0,4,2,1,0,1,0,0000000,2,53,3,0,88,88,0,0,0,1,1
18,180188,2,2,0,0,0,3,3,37,2180,14,4,2013,1,15,6,0,4,3,SR-64,SR-161,0,38.29794444,-87.03539167,0,12,6,0,3,3,0,1,1,10,0,10,0,0000000,15,8,15,16,99,99,0,0,0,1,0
18,180189,2,2,0,0,0,4,4,113,1080,22,4,2013,2,19,59,0,6,4,CR-200,CR-900,0,41.38086389,-85.59685278,0,12,6,0,2,2,0,1,5,1,0,1,0,0000000,20,0,20,8,99,99,0,0,0,1,0
18,180190,2,2,0,0,0,2,2,51,1630,9,4,2013,3,12,40,0,4,3,SR-64,CR-850 E,0,38.32670556,-87.411275,0,12,6,0,1,1,0,1,1,1,0,1,0,0000000,12,45,12,53,99,99,0,0,0,1,0
18,180191,2,2,0,0,0,2,2,55,2690,20,4,2013,7,23,55,0,4,3,SR-59 N,CR-400 N,0,39.08314444,-87.18535556,0,12,2,0,3,2,0,1,2,1,0,1,0,0000000,23,58,0,52,99,99,0,0,0,1,1
18,180192,1,1,0,0,0,2,2,19,2270,20,4,2013,7,0,33,0,16,5,SPRING ST,MARKET ST,0,38.27079722,-85.73957778,0,33,0,0,1,1,0,4,3,1,0,1,0,0000000,0,33,0,35,99,99,0,0,0,1,1
18,180193,1,1,0,0,0,1,1,61,1030,23,4,2013,3,14,5,0,4,3,SR-64,CROSBY RD,0,38.3205,-86.14606667,0,10,0,0,6,1,0,1,1,1,0,1,0,725005N,14,9,14,30,88,88,0,0,0,1,0
18,180194,1,1,0,0,0,2,2,141,3630,20,4,2013,7,11,50,0,4,3,SR-23,CRUMSTOWN HWY,0,41.58636111,-86.41254167,0,42,0,0,1,1,0,4,1,1,0,1,0,0000000,11,59,12,11,99,99,0,0,0,1,0
18,180195,1,1,0,0,0,1,1,85,5110,22,4,2013,2,20,27,0,16,4,CR-350 N,OLD FARM RD,0,41.2852,-85.81971667,0,42,0,0,1,1,0,4,1,1,0,1,0,0000000,8,27,8,30,88,88,0,0,0,1,1
18,180196,2,2,0,0,0,4,4,65,3450,24,4,2013,4,18,35,0,6,4,CR-100 N,WILBUR WRIGHT RD,0,39.94685278,-85.25214444,0,12,6,0,2,2,0,1,1,2,0,2,0,0000000,18,37,18,47,99,99,0,0,0,1,0
18,180197,1,1,0,0,0,1,1,13,3390,24,4,2013,4,19,58,0,6,4,CR-SWEETWATER TRL,,0,39.30548611,-86.13919722,0,42,0,0,1,1,0,4,1,1,0,1,0,0000000,19,58,20,8,88,88,0,0,0,1,1
18,180198,2,1,1,0,0,2,2,133,1870,3,3,2013,1,17,8,0,3,2,US-40 W,CR-500 W,0,39.55200278,-86.94538889,0,17,0,0,1,1,0,4,1,1,0,1,0,0000000,17,8,17,12,99,99,0,0,0,1,0
18,180199,2,1,1,0,1,1,2,91,2990,25,4,2013,5,2,3,1,1,1,I-94 E,,433,41.70703056,-86.80585833,0,14,0,0,1,1,0,2,2,1,0,1,0,0000000,2,3,2,13,99,99,23,0,0,1,0
18,180200,1,1,0,0,0,1,1,91,2380,29,4,2013,2,1,14,0,6,4,CR-RANGE RD,CR-800,0,41.48369444,-86.70052778,0,32,0,0,3,3,0,4,2,5,0,5,0,0000000,1,14,1,24,88,88,0,0,0,1,1
18,180201,1,1,0,0,0,1,1,5,990,29,4,2013,2,18,15,0,6,4,CR-800,,0,39.09436111,-86.06364444,0,1,0,0,1,1,0,1,1,1,0,1,0,0000000,18,16,18,30,88,88,0,0,0,1,1
18,180202,1,1,0,1,1,1,1,141,4580,29,4,2013,2,21,5,0,16,5,LOMARDY ST,,0,41.67900556,-86.31145556,0,8,0,0,1,1,0,1,5,1,0,1,0,0000000,21,5,21,7,99,99,0,0,0,1,0
18,180204,1,1,0,0,0,1,1,141,4580,30,4,2013,3,15,46,0,6,4,CR-ARDMORE TRL,CR-GLENN AVE,0,41.68627222,-86.31727778,0,1,0,0,1,1,0,4,1,1,0,1,0,0000000,15,47,15,49,99,99,0,0,0,1,0
18,180205,2,2,0,0,0,2,2,67,2430,30,4,2013,3,7,27,0,14,2,US-35,CARTER ST,0,40.48338889,-86.10746111,0,12,1,0,3,2,0,1,1,1,0,1,0,0000000,7,29,7,32,88,88,0,0,0,1,1
18,180206,1,1,0,1,1,1,1,97,2210,29,4,2013,2,17,50,0,16,5,HAGUE RD,KILMER LANE,0,39.89920556,-86.03297778,0,8,0,0,1,1,0,1,1,1,0,1,0,0000000,18,2,18,12,88,88,0,0,0,1,0
18,180207,1,1,0,0,0,2,2,95,140,19,4,2013,6,22,50,0,6,5,W 8TH ST,DAISY HILL DR,0,40.11330833,-85.73469722,0,35,0,0,1,1,0,4,3,6,0,6,0,0000000,22,55,23,1,99,99,0,0,0,1,1
18,180208,2,2,0,0,0,4,4,19,870,30,4,2013,3,14,15,0,16,5,VETERANS PKWY,,0,38.32865,-85.76010278,0,12,2,0,1,1,0,1,1,1,0,1,0,0000000,14,15,14,15,99,99,0,0,0,1,0
18,180209,1,1,0,0,0,1,1,127,820,1,5,2013,4,0,20,0,4,3,SR-149,CR-1000 N,0,41.57596111,-87.12443056,0,1,0,0,1,1,0,4,2,1,0,1,0,0000000,0,24,0,27,88,88,0,0,0,1,0
18,180210,3,2,1,0,0,2,2,97,2210,27,4,2013,7,5,32,0,16,5,BOULEVARD PL,38TH ST,0,39.82474444,-86.16385,0,12,6,0,2,2,0,1,3,1,0,1,0,0000000,5,32,5,32,99,99,20,0,0,1,1
18,180211,3,3,0,0,0,4,4,163,1480,30,4,2013,3,16,51,0,16,5,BURKHARDT RD,LYNCH RD,0,38.0126,-87.47355278,0,12,6,0,2,2,0,1,1,1,0,1,0,0000000,16,51,16,56,99,99,0,0,0,1,0
18,180212,2,2,0,0,0,2,2,35,3360,1,5,2013,4,11,20,0,16,5,MADISON ST,8TH ST,0,40.18190278,-85.38164722,0,12,6,0,3,3,0,1,1,1,0,1,0,0000000,11,21,11,26,99,99,0,0,0,1,0
18,180213,2,2,0,0,0,2,2,133,1870,25,4,2013,5,6,44,0,4,3,SR-240,,0,39.63918889,-86.77000833,0,12,2,0,1,1,0,1,4,1,0,1,0,0000000,6,44,6,47,99,99,0,0,0,1,0
18,180214,2,2,0,0,0,2,2,127,820,30,4,2013,3,21,20,1,1,1,I-94,,290,41.64252222,-86.99469167,0,12,1,0,1,1,0,1,2,1,0,1,0,0000000,21,24,21,30,99,99,0,0,0,1,1
18,180215,1,1,0,0,0,1,1,67,2430,4,5,2013,7,2,0,0,16,5,NORTH ST,TOUBY PIKE,0,40.49852222,-86.10021667,0,42,0,0,1,1,0,6,2,1,0,1,0,0000000,13,38,13,44,88,88,0,0,0,1,1
18,180216,2,2,0,0,0,3,3,73,4090,4,5,2013,7,14,52,1,1,1,I-65,,2011,40.77186111,-87.12325,0,12,9,0,1,1,0,1,1,1,0,1,0,0000000,14,52,14,57,99,99,0,0,0,1,0
18,180217,1,1,0,0,0,1,1,87,2500,4,4,2013,5,5,40,1,1,1,I-80,,1236,41.74828611,-85.36855,0,1,0,0,1,1,0,4,2,1,0,1,0,0000000,5,43,5,48,99,99,0,0,0,1,0
18,180218,1,1,0,0,0,3,3,121,4230,30,4,2013,3,16,54,0,3,2,US-41,SR-163,0,39.66268889,-87.37480278,0,35,0,0,1,1,0,4,1,1,0,1,0,0000000,17,39,18,16,99,99,0,0,0,1,0
18,180219,1,1,0,0,0,1,1,177,780,5,5,2013,1,16,24,0,14,2,US-40,,0,39.81776389,-84.98920556,0,42,0,0,1,1,0,4,1,10,0,10,0,0000000,16,24,16,25,88,88,0,0,0,1,0
18,180220,2,2,0,0,0,3,3,29,2610,29,4,2013,2,17,55,0,4,3,SR-1,,0,39.24108333,-84.947875,0,12,2,0,1,1,0,1,1,1,0,1,0,0000000,17,59,18,14,99,99,0,0,0,1,0
18,180221,1,1,0,1,1,1,1,97,2210,4,5,2013,7,21,42,0,16,5,EMERSON AVE,EMERSON CT,0,39.73609444,-86.08272778,0,9,0,0,1,1,0,1,2,1,0,1,0,0000000,21,44,21,48,99,99,0,0,0,1,0
18,180222,1,1,0,0,0,1,1,157,2480,6,5,2013,2,16,17,0,6,4,CR-200,CR-600,0,99.99990000,999.99990000,0,35,0,0,1,1,0,4,1,10,0,10,0,0000000,16,21,16,26,99,99,0,0,0,1,1
18,180223,1,1,0,0,0,4,4,89,1730,28,4,2013,1,15,45,0,14,2,US-1220,JACKSON ST,0,41.60376111,-87.34478333,0,40,0,0,1,1,0,4,1,10,0,10,0,0000000,15,48,15,54,99,99,0,0,0,2,0
18,180224,1,1,0,0,0,1,1,89,2120,5,5,2013,1,3,30,0,16,5,3RD ST,CRESTWOOD DR,0,41.53270556,-87.28714444,0,33,0,0,3,2,0,4,2,10,0,10,0,0000000,3,30,4,15,88,88,20,0,0,1,1
18,180225,1,1,0,0,0,5,5,73,4090,4,5,2013,7,13,53,1,1,1,I-65,,2050,40.81875278,-87.16341944,0,1,0,0,1,1,0,1,1,10,0,10,0,0000000,13,54,14,3,99,99,0,0,0,1,0
18,180226,1,1,0,1,1,1,1,89,2120,9,5,2013,5,23,39,0,14,2,US-30,80TH AVE,0,41.47120556,-87.31303889,0,8,0,0,2,2,0,1,2,2,0,2,0,0000000,23,39,23,41,88,88,0,0,0,1,0
18,180227,2,2,0,0,0,6,6,89,2010,9,5,2013,5,1,39,0,15,3,SR-20,,0,41.60986111,-87.4537,0,12,8,0,1,1,0,1,2,1,0,1,0,0000000,1,39,1,39,99,99,0,0,0,1,1
18,180228,1,1,0,1,1,1,1,81,1950,11,5,2013,7,17,42,0,6,4,CR-EMERSON AVE,CR-TRACY RD,0,39.56611667,-86.09334167,0,8,0,0,1,1,0,1,1,1,0,1,0,0000000,17,42,17,50,99,99,0,0,0,1,1
18,180229,1,1,0,0,0,1,1,99,4010,7,5,2013,3,15,40,0,6,4,CR-LINCOLN HWY,10TH RD,0,41.33237222,-86.271225,0,42,0,0,1,1,0,4,1,1,0,1,0,0000000,15,40,15,44,88,88,0,0,0,1,0
18,180230,1,1,0,0,0,2,2,97,2210,11,5,2013,7,2,47,0,16,5,MASSACHUSETTS AVE,N DEARBORN ST,0,39.796375,-86.11189722,0,25,0,0,3,3,0,6,3,1,0,1,0,0000000,2,48,2,54,99,99,0,0,0,2,0
18,180231,1,1,0,0,0,6,6,113,2670,11,5,2013,7,2,34,0,6,4,CR-900 N,CR-1100 W,0,41.48058333,-85.65356944,0,42,0,0,1,1,0,4,2,2,0,2,0,0000000,2,35,2,39,99,99,0,0,0,1,0
18,180232,1,1,0,0,0,1,1,145,4470,11,5,2013,7,19,10,0,6,4,CR-600,,0,39.69790556,-85.91211389,0,5,0,0,1,1,0,4,1,1,0,1,0,0000000,19,28,19,36,99,99,0,0,0,1,0
18,180233,1,1,0,0,0,1,1,57,4480,14,5,2013,3,0,55,0,4,3,SR-38,,0,40.11833333,-86.18297222,0,32,0,0,1,1,0,4,2,1,0,1,0,0000000,0,57,1,9,88,88,0,0,0,1,1
18,180234,2,2,0,0,0,2,2,39,3010,15,5,2013,4,1,20,0,4,3,SR-13,CR-20,0,41.63953611,-85.70508056,0,12,6,0,2,2,0,1,2,1,0,1,0,0000000,1,23,1,41,99,99,0,0,0,1,0
18,180235,1,1,0,0,0,1,1,25,2620,15,5,2013,4,15,56,0,6,5,WYANDOTTE AVE,,0,99.99990000,999.99990000,0,5,0,0,1,1,0,4,1,1,0,1,0,0000000,15,56,16,10,88,88,0,0,0,1,0
18,180236,2,2,0,0,0,2,2,97,2210,12,5,2013,1,2,51,0,16,5,82ND ST,,0,39.91242222,-86.17341389,0,12,1,0,1,1,0,1,2,1,0,1,0,0000000,2,51,2,56,99,99,0,0,0,1,0
18,180237,1,1,0,0,0,3,3,103,3940,11,5,2013,7,4,30,0,6,4,CR-DANIELS RD,,0,40.77785278,-85.96796389,0,42,0,0,1,1,0,4,2,10,0,10,0,0000000,4,30,4,48,99,99,0,0,0,1,1
18,180238,2,2,0,0,0,2,2,111,2340,17,5,2013,6,11,0,0,3,2,US-41,,0,40.78738889,-87.43886389,0,12,6,0,1,1,0,1,1,1,0,1,0,0000000,11,2,11,4,88,88,0,0,0,1,0
18,180239,1,1,0,0,0,1,1,93,3750,17,5,2013,6,15,4,0,6,4,CR- OOLITIC RD,,0,99.99990000,999.99990000,0,24,0,0,1,1,0,4,1,10,0,10,0,0000000,15,4,15,9,88,88,0,0,0,1,1
18,180240,2,2,0,0,0,3,3,97,2210,17,5,2013,6,3,10,0,16,5,BROOKVILLE RD,ARLINGTON AVE,0,39.75791111,-86.06397222,0,12,6,0,2,2,0,1,3,10,0,10,0,0000000,3,14,3,14,99,99,0,0,0,1,1
18,180241,1,1,0,0,0,1,1,17,2730,19,5,2013,1,7,16,0,6,4,CR-400 N,CR-1000 W,0,40.82465833,-86.57166667,0,53,0,0,1,1,0,4,1,1,0,1,0,0000000,7,17,7,27,88,88,0,0,0,1,1
18,180242,2,2,0,0,0,2,2,175,2710,15,5,2013,4,5,55,0,3,2,US-150,,0,38.45093333,-86.26137778,0,11,0,0,1,1,0,1,4,1,0,1,0,0000000,5,58,6,18,99,99,14,0,0,1,0
18,180243,1,1,0,0,0,1,1,71,4440,21,5,2013,3,17,56,0,3,2,US-31,,0,38.94706944,-85.83438333,0,53,0,0,1,1,0,4,1,1,0,1,0,0000000,17,56,18,0,88,88,0,0,0,1,1
18,180244,1,1,0,1,1,1,1,157,2480,14,5,2013,3,19,21,0,6,4,CR- 9TH ST,,0,40.47749167,-86.86870833,0,9,0,0,1,1,0,1,1,1,0,1,0,0000000,19,24,19,28,99,99,0,0,0,1,0
18,180245,1,1,0,0,0,2,2,107,1060,23,5,2013,5,8,30,0,4,3,SR-55,,0,40.12081944,-86.99782778,0,1,0,0,1,1,0,4,1,10,0,10,0,0000000,8,32,8,36,99,99,0,0,0,1,0
18,180246,2,2,0,0,0,2,2,97,2210,13,4,2013,7,23,5,0,16,5,21ST ST,KENYON AVE,0,39.79631111,-86.055925,0,12,6,0,3,3,0,1,2,1,0,1,0,0000000,23,5,23,9,99,99,0,0,0,1,0
18,180247,1,1,0,1,1,1,1,97,2210,1,5,2013,4,17,47,0,16,5,MORRIS ST,,0,39.75167222,-86.15819722,0,8,0,0,1,1,0,1,1,1,0,1,0,0000000,17,46,17,49,99,99,0,0,0,1,0
18,180248,1,1,0,0,0,1,1,61,2540,15,5,2013,4,23,30,0,4,3,SR-62,,0,38.24373889,-85.95608611,0,32,0,0,1,1,0,4,2,1,0,1,0,0000000,23,17,23,28,88,88,0,0,0,1,0
18,180250,1,1,0,1,1,1,1,97,2210,23,5,2013,5,21,34,0,16,5,EMERSON AVE,42ND ST,0,39.83304722,-86.08370833,0,8,0,0,2,2,0,1,3,10,0,10,0,0000000,21,34,21,34,99,99,0,0,0,1,0
18,180251,1,1,0,1,1,1,1,3,1580,27,5,2013,2,23,48,0,16,5,COLISEUM BLVD,,0,41.11766111,-85.17933889,0,8,0,0,4,1,0,1,2,2,0,2,0,0000000,23,48,23,54,99,99,0,0,0,1,0
18,180252,4,4,0,0,0,4,4,175,2700,19,5,2013,1,14,38,0,4,3,SR-56,SR-39,0,38.68155278,-85.88899167,0,12,1,0,2,2,0,1,1,1,0,1,0,0000000,14,38,14,47,99,99,14,0,0,1,0
18,180253,2,2,0,0,0,2,2,97,2210,28,5,2013,3,6,57,0,16,5,71ST ST,RODEBAUGH RD,0,39.88214444,-86.22188889,0,12,2,0,1,1,0,1,1,10,0,10,0,0000000,6,58,7,13,99,99,0,0,0,1,0
18,180254,2,2,0,0,0,2,2,167,5230,30,5,2013,5,7,0,0,3,2,US-40,DARWIN RD,0,39.46017778,-87.46474722,0,12,6,0,7,1,0,1,1,10,0,10,0,0000000,7,2,7,3,99,99,0,0,0,1,0
18,180255,1,1,0,2,2,2,2,97,2210,11,5,2013,7,11,5,0,16,5,ROCKVILLE RD,PARKING LOT WAY,0,39.76493333,-86.26257778,0,8,0,0,3,10,0,1,1,10,0,10,0,0000000,11,7,11,9,99,99,0,0,0,1,0
18,180256,2,2,0,0,0,3,3,91,5240,28,4,2013,1,16,15,0,3,2,US-421,SR-2,0,41.54646667,-86.89708889,0,12,6,0,2,2,0,1,1,1,0,1,0,0000000,16,15,16,24,99,99,0,0,0,1,0
18,180257,1,1,0,0,0,2,2,73,4100,1,6,2013,7,18,32,0,6,4,CR-DAUGHTERTY RD,MARION SCHOOL RD,0,40.91907222,-87.1225,0,43,0,0,3,2,0,4,1,10,0,10,0,0000000,20,15,20,22,99,99,0,0,0,1,0
18,180258,1,1,0,0,0,1,1,157,5200,31,5,2013,6,9,14,0,6,5,RIVER RD,,0,40.45032778,-86.89523333,0,3,0,0,1,1,0,5,1,2,0,2,0,0000000,9,21,9,28,88,88,0,0,0,1,1
18,180259,1,1,0,0,0,3,3,109,2890,1,6,2013,7,7,13,0,4,3,SR-252,CR-50,0,39.42053611,-86.38930278,0,35,0,0,3,3,0,4,4,2,0,2,0,0000000,7,15,7,21,99,99,0,0,0,1,1