STATE,ST_CASE,VE_TOTAL,VE_FORMS,PVH_INVL,PEDS,PERNOTMVIT,PERMVIT,PERSONS,COUNTY,CITY,DAY,MONTH,YEAR,DAY_WEEK,HOUR,MINUTE,NHS,ROAD_FNC,ROUTE,TWAY_ID,TWAY_ID2,MILEPT,LATITUDE,LONGITUD,SP_JUR,HARM_EV,MAN_COLL,RELJCT1,RELJCT2,TYP_INT,WRK_ZONE,REL_ROAD,LGT_COND,WEATHER1,WEATHER2,WEATHER,SCH_BUS,RAIL,NOT_HOUR,NOT_MIN,ARR_HOUR,ARR_MIN,HOSP_HR,HOSP_MN,CF1,CF2,CF3,FATALS,DRUNK_DR
18,180260,2,2,0,0,0,4,4,89,2090,29,5,2013,4,18,59,0,16,5,45TH ST,KLEINMAN RD,0,41.53728056,-87.43718333,0,12,6,0,2,2,0,1,1,1,0,1,0,0000000,18,59,19,1,99,99,0,0,0,1,0
18,180261,2,2,0,0,0,2,2,89,1970,4,6,2013,3,1,13,0,16,5,BROAD ST,,0,41.50619722,-87.42751389,0,12,2,0,1,1,0,1,2,1,0,1,0,0000000,1,15,1,23,99,99,0,0,0,1,0
18,180262,2,2,0,0,0,7,7,23,1640,2,6,2013,1,15,17,0,3,2,US-421,,0,40.33322778,-86.56218056,0,12,6,0,1,1,0,1,1,10,0,10,0,0000000,15,17,15,25,99,99,0,0,0,1,0
18,180263,1,1,0,1,1,2,2,3,1580,5,6,2013,4,19,30,0,16,5,MONROE ST,,0,41.04761667,-85.12837222,0,8,0,0,1,1,0,1,1,1,0,1,0,0000000,19,34,19,36,99,99,0,0,0,1,0
18,180264,2,2,0,0,0,2,2,49,4190,16,5,2013,5,20,30,0,4,3,SR-14,CR-400,0,41.05473889,-86.32553611,0,12,2,0,1,1,0,1,5,1,0,1,0,0000000,20,32,20,34,99,99,0,0,0,1,0
18,180265,1,1,0,0,0,1,1,129,3340,3,6,2013,2,18,50,0,6,4,CR-COX RD,WEISS RD,0,37.88503056,-87.95508333,0,34,0,0,1,1,0,4,1,1,0,1,0,0000000,18,56,19,6,99,99,0,0,0,1,0
18,180266,2,2,0,0,0,3,3,71,4440,1,6,2013,7,8,31,0,4,3,SR-258,CR-225,0,38.96578056,-85.91531389,0,12,2,0,1,1,0,1,1,2,0,2,0,0000000,8,33,8,50,99,99,0,0,0,1,1
18,180267,2,2,0,0,0,2,2,99,4010,28,5,2013,3,14,46,0,4,3,SR-17,10B RD,0,41.31821944,-86.29371389,0,54,11,0,1,1,0,1,1,10,0,10,0,0000000,14,46,14,57,88,88,14,0,0,1,0
18,180268,1,1,0,0,0,5,5,55,360,5,6,2013,4,22,46,0,4,3,SR-43,WASHBOARD RD,0,39.07930833,-86.754125,0,1,0,0,1,1,0,1,2,1,0,1,0,0000000,22,46,22,48,99,99,0,0,0,1,1
18,180269,2,2,0,2,2,2,2,157,2480,29,5,2013,4,18,11,0,16,5,COMMANCHE TRL,,0,40.38202222,-86.86938889,0,8,0,0,1,1,0,4,1,1,0,1,0,0000000,18,11,18,19,99,99,0,0,0,1,0
18,180270,2,2,0,0,0,3,3,11,5280,8,6,2013,7,11,0,0,3,2,US-421,CR-100,0,40.02716667,-86.27886389,0,12,6,0,2,2,0,1,1,1,0,1,0,0000000,11,4,11,13,99,99,0,0,0,1,0
18,180271,2,2,0,0,0,2,2,157,2480,11,6,2013,3,9,22,0,3,2,US-231,VETERANS MEMORIAL PKWY,0,40.37208889,-86.91904167,0,12,6,0,2,3,0,1,1,1,0,1,0,0000000,9,23,9,38,99,99,0,0,0,1,0
18,180272,1,1,0,1,1,1,1,89,1310,1,6,2013,7,22,14,0,16,5,140TH ST,DEAL ST,0,41.64073611,-87.439575,0,8,0,0,3,3,0,1,2,10,0,10,0,0000000,22,13,22,15,99,99,0,0,0,1,0
18,180273,2,2,0,0,0,4,4,87,4490,24,5,2013,6,14,30,0,3,2,US-20,CR-1200 W,0,41.65398333,-85.65420833,0,12,2,0,1,1,0,1,1,1,0,1,0,0000000,14,30,14,37,99,99,0,0,0,3,1
18,180274,1,1,0,1,1,1,1,81,1650,12,6,2013,4,23,50,1,1,1,I-65,,960,39.56941944,-86.05399444,0,8,0,0,1,1,0,1,2,1,0,1,0,0000000,23,50,0,10,88,88,0,0,0,1,0
18,180275,1,1,0,0,0,3,3,165,4940,23,4,2013,3,23,20,0,6,4,CR-RANGELINE RD,HAZEL BLUFF RD,0,39.63053333,-87.46331667,0,21,0,0,1,1,0,4,2,2,0,2,0,0000000,23,22,23,32,99,99,0,0,0,2,1
18,180276,1,1,0,0,0,1,1,177,1980,13,6,2013,5,12,50,0,4,3,SR-1 S,SWOVELAND RD,0,39.89485833,-85.14360833,0,10,0,0,6,1,0,1,1,10,0,10,0,527884T,12,55,13,5,88,88,0,0,0,1,0
18,180277,1,1,0,0,0,2,2,45,1040,13,6,2013,5,15,29,0,6,4,CR-DIXIE BEE RD,CR-420 W,0,40.11624167,-87.34986111,0,35,0,0,1,1,0,4,1,1,0,1,0,0000000,15,29,15,35,99,99,0,0,0,1,0
18,180278,2,2,0,0,0,3,3,97,2210,27,5,2013,2,23,12,0,16,5,38TH ST,MOLLER RD,0,39.82381389,-86.25603611,0,12,1,0,2,2,0,1,2,1,0,1,0,0000000,23,14,23,15,99,99,0,0,0,1,0
18,180279,2,2,0,0,0,2,2,97,2210,12,6,2013,4,5,55,0,16,5,KEYSTONE AVE,KESSLER BLVD,0,39.86206389,-86.12196667,0,12,6,0,2,2,0,1,1,1,0,1,0,0000000,5,58,6,4,99,99,0,0,0,1,0
18,180280,1,1,0,0,0,1,1,97,2210,15,6,2013,7,3,16,0,16,5,TIBBS AVE,GIMBER ST,0,39.72591944,-86.21582778,0,19,0,0,3,2,0,4,2,1,0,1,0,0000000,3,18,3,20,88,88,0,0,0,1,0
18,180281,2,2,0,0,0,4,4,75,1260,17,6,2013,2,13,10,0,4,3,SR-1,CR-200,0,40.407775,-85.14991944,0,12,6,0,2,2,0,1,1,1,0,1,0,0000000,14,4,14,23,99,99,0,0,0,1,0
18,180282,1,1,0,1,1,1,1,97,2210,17,6,2013,2,23,54,0,16,5,DR. ANDREW J BROWN AVE,,0,39.80278056,-86.13557222,0,8,0,0,1,1,0,1,2,1,0,1,0,0000000,0,5,0,15,99,99,0,0,0,1,0
18,180283,1,1,0,1,1,2,2,85,3960,19,5,2013,1,22,6,0,6,4,CR-PIERCETON ROAD,,0,41.19947222,-85.72888056,0,8,0,0,1,1,0,1,2,1,0,1,0,0000000,22,6,22,16,99,99,0,0,0,1,0
18,180284,2,2,0,0,0,2,2,31,1910,7,6,2013,6,18,20,0,6,4,CR-220,CR-400,0,39.27738611,-85.52959444,0,12,6,0,4,1,0,1,1,1,0,1,0,0000000,18,22,18,27,99,99,0,0,0,1,0
18,180285,1,1,0,1,1,1,1,39,3060,19,6,2013,4,4,40,0,6,4,CR-40,,0,41.53766389,-85.69111389,0,9,0,0,1,1,0,1,2,1,0,1,0,0000000,4,57,5,24,99,99,0,0,0,1,0
18,180286,2,2,0,0,0,3,3,69,3320,21,6,2013,6,17,31,0,6,4,CR-300,,0,40.72561667,-85.50729444,0,12,6,0,4,1,0,1,1,10,0,10,0,0000000,17,33,17,42,99,99,0,0,0,1,0
18,180287,2,2,0,0,0,3,3,81,1950,22,6,2013,7,16,55,0,4,3,SR-37,,0,39.60324444,-86.220325,0,12,7,0,1,1,0,1,1,10,0,10,0,0000000,16,58,17,5,99,99,0,0,0,1,1
18,180288,1,1,0,1,1,1,1,141,3100,22,6,2013,7,5,31,0,6,5,JEFFERSON BLVD,,0,41.67719444,-86.09346667,0,9,0,0,1,1,0,1,2,1,0,1,0,0000000,5,31,5,32,88,88,0,0,0,1,1
18,180289,1,1,0,0,0,3,3,153,4750,31,5,2013,6,22,15,0,16,5,DEPOT ST,,0,39.10101667,-87.40247222,0,10,0,0,6,1,0,1,2,1,0,1,0,342341M,22,15,22,21,99,99,0,0,0,1,0
18,180290,3,3,0,0,0,6,6,51,2060,17,6,2013,2,17,30,1,1,1,I-64,,250,38.16692222,-87.54961667,0,12,1,0,1,1,0,1,1,2,0,2,0,0000000,17,35,17,37,99,99,19,23,0,1,0
18,180291,2,2,0,0,0,3,3,163,1480,21,6,2013,6,22,5,0,16,5,POLLACK AVE,ALVORD BLVD,0,37.94804722,-87.52526389,0,12,2,0,2,2,0,1,2,1,0,1,0,0000000,22,7,22,10,99,99,0,0,0,1,0
18,180292,2,2,0,0,0,3,3,167,4840,15,6,2013,7,2,13,0,14,2,US-40,25TH ST,0,39.47084444,-87.37885556,0,12,6,0,2,2,0,1,2,1,0,1,0,0000000,2,14,2,16,99,99,0,0,0,1,0
18,180293,1,1,0,0,0,4,4,5,990,20,6,2013,5,19,3,0,4,3,SR-46,,0,39.25826667,-85.70769167,0,1,0,0,1,1,0,1,1,1,0,1,0,0000000,19,10,19,24,99,99,0,0,0,1,0
18,180294,3,1,2,2,2,1,1,157,5200,24,6,2013,2,7,13,1,1,1,I-65,,1770,40.48187222,-86.85597222,0,14,0,0,1,1,0,2,1,1,0,1,0,0000000,7,14,7,17,99,99,23,0,0,2,0
18,180295,1,1,0,1,1,2,2,89,1730,17,6,2013,2,3,55,1,1,1,I-80,,79,41.56964167,-87.37530556,0,8,0,0,1,1,0,1,2,1,0,1,0,0000000,3,57,3,58,99,99,19,0,0,1,0
18,180296,2,2,0,0,0,3,3,99,4010,23,5,2013,5,11,49,0,6,4,CR-LINCOLN HWY,,0,41.35870833,-86.36931944,0,12,2,0,1,1,0,1,1,1,0,1,0,0000000,11,49,11,54,99,99,0,0,0,1,0
18,180297,2,2,0,0,0,3,3,19,4420,25,6,2013,3,14,33,0,4,3,SR-60,,0,38.44433333,-85.84510278,0,12,2,0,1,1,0,1,1,1,0,1,0,0000000,14,35,14,54,99,99,0,0,0,1,0
18,180298,1,1,0,0,0,1,1,89,2760,28,6,2013,6,7,25,0,16,5,157TH AVE,HANCOCK ST,0,41.33304167,-87.26278889,0,23,0,0,1,1,0,4,4,1,0,1,0,0000000,7,29,7,37,88,88,0,0,0,1,1
18,180299,2,2,0,0,0,4,4,141,4580,29,6,2013,7,9,28,0,16,5,IRELAND RD,YORK RD,0,41.62947778,-86.224075,0,12,6,0,3,2,0,1,1,1,0,1,0,0000000,9,29,9,30,99,99,0,0,0,1,0
18,180300,1,1,0,0,0,1,1,63,1160,29,6,2013,7,4,0,0,6,4,CR-100,,0,39.77601111,-86.4608,0,21,0,0,1,1,0,4,2,1,0,1,0,0000000,4,18,4,23,88,88,0,0,0,1,1
18,180301,2,2,0,0,0,2,2,81,1650,1,7,2013,2,8,31,0,14,2,US-31,,0,39.4853,-86.064,0,12,6,0,7,1,0,1,1,10,0,10,0,0000000,8,31,8,33,99,99,0,0,0,1,0
18,180302,2,2,0,0,0,2,2,83,5030,28,6,2013,6,11,15,0,3,2,US-41,,0,38.7688,-87.46883056,0,12,1,0,1,1,0,2,1,1,0,1,0,0000000,11,16,11,18,88,88,0,0,0,1,0
18,180303,2,2,0,0,0,2,2,63,560,1,7,2013,2,17,41,0,14,2,US-136 E,CR-1025 E,0,39.82279722,-86.34057778,0,12,2,0,1,1,0,1,1,10,0,10,0,0000000,17,42,17,45,99,99,0,0,0,1,0
18,180304,1,1,0,0,0,1,1,65,3450,27,6,2013,5,16,38,0,4,3,SR-3,,0,40.00409444,-85.37766667,0,43,0,0,1,1,0,4,1,1,0,1,0,0000000,16,40,16,41,99,99,0,0,0,1,0
18,180305,1,1,0,0,0,1,1,83,4360,3,7,2013,4,2,29,0,4,3,SR-59,,0,38.87821389,-87.18751944,0,1,0,0,1,1,0,1,2,5,0,5,0,0000000,2,29,2,38,88,88,0,0,0,1,1
18,180306,2,2,0,0,0,5,5,77,2020,26,6,2013,4,20,5,0,4,3,SR-3,,0,38.80651944,-85.64866389,0,12,6,0,1,1,0,1,1,2,0,2,0,0000000,20,10,20,31,99,99,0,0,0,1,0
18,180307,1,1,0,0,0,1,1,129,3340,3,7,2013,4,21,0,0,6,4,CR- ST PHILLIPS RD,GRANDVIEW DR,0,37.96334444,-87.71631667,0,42,0,0,1,1,0,4,2,1,0,1,0,0000000,21,18,21,18,88,88,0,0,0,1,1
18,180308,1,1,0,0,0,1,1,157,5200,26,6,2013,4,6,33,0,16,5,SAGAMORE PKWY,,0,40.50412222,-86.93259167,0,5,0,0,1,1,0,1,1,1,0,1,0,0000000,6,33,6,37,99,99,0,0,0,1,1
18,180309,1,1,0,0,0,1,1,99,4010,3,7,2013,4,22,30,0,6,4,CR-9B RD,GRAPE RD,0,41.33929167,-86.18238889,0,11,0,0,1,1,0,1,2,1,0,1,0,0000000,22,33,22,40,88,88,0,0,0,1,0
18,180310,1,1,0,0,0,1,1,141,4580,7,7,2013,1,18,55,0,16,5,SAMPLE ST,OLIVE ST,0,41.6645,-86.284175,0,25,0,0,1,1,0,4,1,1,0,1,0,0000000,18,59,19,5,88,88,0,0,0,1,0
18,180311,2,2,0,0,0,2,2,3,3480,5,7,2013,6,13,7,0,15,3,SR-930,,0,41.068875,-85.03493611,0,12,2,0,8,1,0,1,1,1,0,1,0,0000000,13,9,13,12,99,99,0,0,0,1,0
18,180312,1,1,0,0,0,2,2,29,230,6,7,2013,7,18,55,0,4,3,SR-56,,0,39.03053056,-84.88574722,0,34,0,0,1,1,0,4,1,1,0,1,0,0000000,18,55,19,7,99,99,0,0,0,1,0
18,180313,1,1,0,0,0,1,1,175,4340,29,6,2013,7,19,0,0,6,4,CR-MOTSINGER RD,,0,38.54550278,-85.977725,0,1,0,0,1,1,0,1,1,1,0,1,0,0000000,19,14,19,18,88,88,0,0,0,1,1
18,180314,1,1,0,0,0,3,3,45,2940,5,6,2013,4,13,46,0,6,4,CR-300,,0,40.17103611,-87.16324444,0,34,0,0,1,1,0,4,1,1,0,1,0,0000000,13,46,14,1,99,99,0,0,0,1,0
18,180315,2,2,0,0,0,3,3,61,1050,5,7,2013,6,17,57,0,4,3,SR-64,,0,38.30611389,-86.05528889,0,12,2,0,1,1,0,1,1,10,0,10,0,0000000,17,57,17,58,99,99,0,0,0,1,0
18,180316,1,1,0,0,0,2,2,79,3670,9,6,2013,1,1,40,0,4,3,SR-7,CR-50 S,0,38.97753333,-85.59601111,0,34,0,0,1,1,0,4,2,1,0,1,0,0000000,1,40,1,50,99,99,0,0,0,1,1
18,180317,1,1,0,0,0,2,2,61,3850,12,6,2013,4,22,53,0,6,4,CR-HANCOCK CHAPEL RD,,0,38.37451667,-86.16020278,0,42,0,0,1,1,0,4,2,10,0,10,0,0000000,22,53,23,8,99,99,0,0,0,1,0
18,180318,1,1,0,1,1,2,2,181,3200,29,6,2013,7,3,48,0,6,4,CR-SHAFER DR,,0,40.78192222,-86.77490556,0,8,0,0,1,1,0,1,2,10,0,10,0,0000000,3,48,3,52,99,99,0,0,0,1,0
18,180319,1,1,0,0,0,1,1,169,3650,30,6,2013,1,20,15,0,6,4,CR-400 E,CR-1000 N,0,40.96734167,-85.72141389,0,34,0,0,1,1,0,4,1,1,0,1,0,0000000,20,17,20,27,88,88,0,0,0,1,1
18,180320,1,1,0,0,0,1,1,167,4141,9,7,2013,3,3,25,0,4,3,SR-46,,0,39.39013889,-87.26916389,0,24,0,0,1,1,0,4,2,1,0,1,0,0000000,4,21,4,48,99,99,0,0,0,1,0
18,180321,1,1,0,0,0,1,1,61,1390,29,6,2013,7,17,36,0,4,3,SR-111,,0,38.13507222,-85.9126,0,1,0,0,1,1,0,4,1,10,0,10,0,0000000,17,37,17,52,99,99,0,0,0,1,0
18,180322,1,1,0,0,0,1,1,43,1788,8,7,2013,2,20,35,0,6,4,CR- EDWARDSVILLE GALENA RD,HARMONEY HEIGHTS RD,0,38.30298056,-85.93168333,0,24,0,0,1,1,0,4,1,1,0,1,0,0000000,20,35,20,39,99,99,0,0,0,1,1
18,180323,1,1,0,0,0,1,1,33,1020,4,7,2013,5,20,13,0,4,3,SR-327,CR-11,0,41.43836667,-85.14258333,0,42,0,0,1,1,0,4,2,1,0,1,0,0000000,1,22,1,38,88,88,0,0,0,1,0
18,180324,3,1,2,4,4,1,1,3,1580,11,7,2013,5,13,13,1,1,1,I-69 S,,3164,41.12865278,-85.17750556,0,14,0,0,1,1,0,5,1,1,0,1,0,0000000,13,18,13,23,99,99,23,0,0,3,0
18,180326,6,6,0,0,0,13,13,145,4470,6,7,2013,7,13,53,1,1,1,I-65,,833,39.40694444,-85.95086111,0,12,7,0,1,1,0,1,1,2,0,2,0,0000000,13,53,14,20,99,99,14,19,0,1,0
18,180327,1,1,0,0,0,1,1,85,1470,11,7,2013,5,7,54,0,4,3,SR-19,,0,41.33417222,-86.03879722,0,38,0,0,1,1,0,4,1,1,0,1,0,0000000,7,54,8,10,99,99,0,0,0,1,0
18,180328,1,1,0,0,0,1,1,47,750,15,7,2013,2,19,23,0,3,2,US-52 E,ELKORN RDG,0,39.34703333,-84.91753056,0,24,0,0,1,1,0,5,1,1,0,1,0,0000000,19,30,19,34,88,88,0,0,0,1,0
18,180329,1,1,0,0,0,1,1,103,120,14,7,2013,1,1,36,0,6,4,CR-650,,0,40.65121667,-85.94896944,0,42,0,0,1,1,0,4,2,1,0,1,0,0000000,1,43,2,16,99,99,0,0,0,1,1
18,180330,2,2,0,0,0,3,3,67,2430,16,7,2013,3,22,0,0,15,3,SR-22,KING ST,0,40.48060556,-86.13365833,0,12,7,0,3,2,0,1,3,1,0,1,0,0000000,22,4,22,5,99,99,0,0,0,1,0
18,180331,1,1,0,0,0,1,1,79,3670,10,7,2013,4,16,28,0,4,3,SR-7 S,CR-600 W,0,39.0915,-85.72860556,0,32,0,0,1,1,0,4,1,1,0,1,0,0000000,16,31,16,38,99,99,0,0,0,1,0
18,180332,1,1,0,1,1,1,1,157,5200,19,7,2013,6,12,0,0,16,5,2ND ST,N RUSSELL ST,0,40.42624167,-86.91908889,0,8,0,0,3,2,1,1,1,1,0,1,0,0000000,12,4,12,5,99,99,0,0,0,1,0
18,180333,3,3,0,0,0,3,3,169,3650,18,7,2013,5,15,3,0,4,3,SR-15,CR-1400 N,0,41.03134444,-85.89105556,0,12,2,0,1,1,0,1,1,1,0,1,0,0000000,15,3,15,10,99,99,0,0,0,1,0
18,180334,2,2,0,0,0,2,2,89,2010,13,7,2013,7,2,36,0,14,2,US-41,110TH ST,0,41.65483333,-87.50852222,0,12,6,0,3,3,0,1,2,1,0,1,0,0000000,2,36,2,49,99,99,0,0,0,1,1
18,180335,2,2,0,0,0,2,2,163,1480,23,7,2013,3,7,20,0,16,5,DARMSTADT RD,,0,38.04252222,-87.57421667,0,12,6,0,1,1,0,1,1,1,0,1,0,0000000,7,22,7,33,99,99,0,0,0,1,0
18,180336,2,2,0,0,0,3,3,111,3270,19,7,2013,6,15,50,0,3,2,US-41,SR-10,0,41.14489444,-87.45408056,0,12,6,0,2,2,0,1,1,1,0,1,0,0000000,15,50,16,1,99,99,0,0,0,1,0
18,180337,1,1,0,0,0,1,1,147,1860,20,7,2013,7,11,23,0,4,3,SR-70,,0,38.00130833,-86.95774167,0,34,0,0,1,1,0,4,1,1,0,1,0,0000000,11,26,11,33,88,88,0,0,0,1,0
18,180338,1,1,0,0,0,1,1,141,2530,25,7,2013,5,2,45,0,16,5,LAKE TRAIL,,0,41.51776389,-86.26757778,0,42,0,0,1,1,0,4,2,1,0,1,0,0000000,2,47,2,56,88,88,0,0,0,1,1
18,180339,1,1,0,0,0,2,2,91,2990,27,7,2013,7,5,41,0,6,4,CR-525,,0,41.69844444,-86.80038333,0,38,0,0,1,1,0,4,4,1,0,1,0,0000000,5,41,5,49,99,99,0,0,0,1,1
18,180340,2,2,0,0,0,3,3,95,1440,12,7,2013,6,15,34,0,4,3,SR-13,CR-1400,0,40.30583889,-85.84195278,0,12,6,0,2,2,0,1,1,1,0,1,0,0000000,15,34,19,0,99,99,0,0,0,1,0
18,180341,1,1,0,0,0,1,1,151,160,15,7,2013,2,3,30,0,6,4,CR-400,CR-400,0,41.58533056,-85.06669444,0,43,0,0,3,3,0,4,2,1,0,1,0,0000000,4,13,5,0,88,88,0,0,0,1,0
18,180342,2,2,0,0,0,4,4,3,1580,17,7,2013,4,14,41,0,3,2,US-24,,0,41.015825,-85.31193889,0,12,1,0,1,1,0,1,1,1,0,1,0,0000000,14,44,14,52,99,99,0,0,0,1,0
18,180343,1,1,0,1,1,2,2,39,3010,24,7,2013,4,4,41,0,3,2,US-20,,0,41.65409722,-85.69583333,0,9,0,0,1,1,0,2,2,1,0,1,0,0000000,4,41,4,56,88,88,0,0,0,1,0
18,180344,2,2,0,0,0,3,3,15,1200,25,7,2013,5,17,25,0,3,2,US-421,CR-300,0,40.50385278,-86.63871111,0,12,6,0,2,2,0,1,1,1,0,1,0,0000000,17,25,17,42,99,99,0,0,0,2,0
18,180345,2,2,0,0,0,2,2,97,2210,22,7,2013,2,22,58,0,16,5,SHADELAND AVE,38TH ST,0,39.82423889,-86.04584167,0,12,6,0,2,3,0,1,3,1,0,1,0,0000000,23,0,23,1,88,88,0,0,0,1,0
18,180346,2,2,0,0,0,7,7,65,390,20,7,2013,7,11,15,0,3,2,US-35,CR-675,0,40.06379167,-85.256275,0,12,2,0,3,3,0,1,1,2,0,2,0,0000000,11,19,11,27,99,99,0,0,0,2,0
18,180347,1,1,0,0,0,1,1,65,4640,22,7,2013,2,18,48,1,1,1,I-70,,1210,39.85350278,-85.45121944,0,34,0,0,1,1,0,4,1,1,0,1,0,0000000,18,48,18,52,88,88,0,0,0,1,0
18,180348,1,1,0,0,0,1,1,83,1375,29,7,2013,2,6,25,0,4,3,SR-67,,0,38.80344722,-87.2533,0,1,0,0,1,1,0,4,4,1,0,1,0,0000000,6,25,6,40,88,88,0,0,0,1,0
18,180349,3,3,0,0,0,3,3,91,2570,30,7,2013,3,10,30,0,3,2,US-20,CR-325,0,41.6876,-86.76363889,0,12,1,0,3,3,0,1,1,1,0,1,0,0000000,10,30,10,34,99,99,0,0,0,1,0
18,180350,1,1,0,4,4,1,1,27,3710,22,7,2013,2,22,11,0,6,4,CR-900,,0,38.76860556,-86.99774444,0,49,0,0,1,1,0,1,2,1,0,1,0,0000000,22,11,22,24,99,99,0,0,0,1,0
18,180351,1,1,0,0,0,1,1,43,3400,28,7,2013,1,2,43,0,16,5,CORYDON PIKE,HWY-111,0,38.27410833,-85.83812222,0,19,0,0,1,1,0,4,3,1,0,1,0,0000000,2,43,2,45,88,88,0,0,0,1,0
18,180352,2,2,0,0,0,2,2,133,260,31,7,2013,4,13,13,0,3,2,US-36 E,CR-100 E,0,39.7618,-86.83449444,0,12,2,0,1,1,0,1,1,1,0,1,0,0000000,13,13,13,19,99,99,0,0,0,1,0
18,180353,1,1,0,0,0,4,4,147,1140,28,7,2013,1,7,57,1,1,1,I-64 E,,595,38.196075,-86.94126389,0,34,0,0,1,1,0,6,1,1,0,1,0,0000000,7,57,8,12,99,99,0,0,0,2,0
18,180354,1,1,0,0,0,1,1,27,5120,3,6,2013,2,9,59,0,16,5,7TH ST,MAIN ST,0,38.65686389,-87.16756667,0,30,0,0,3,2,0,4,1,1,0,1,0,0000000,9,50,9,59,88,88,0,0,0,1,0
18,180355,1,1,0,0,0,1,1,145,4470,25,7,2013,5,19,35,1,11,1,I-74,,1010,39.66228333,-85.94411667,0,1,0,0,1,1,0,4,1,1,0,1,0,0000000,19,36,19,42,99,99,0,0,0,1,0
18,180356,2,2,0,0,0,2,2,97,2210,29,7,2013,2,3,24,1,1,1,I-65,,1238,39.87339444,-86.28406111,0,12,1,0,1,1,0,1,2,1,0,1,0,0000000,3,2,3,15,88,88,0,0,0,1,1
18,180357,1,1,0,0,0,1,1,57,850,2,8,2013,6,17,40,0,6,5,STRAWTOWN AVE,,0,40.12383333,-85.90410278,0,34,0,0,1,1,0,4,1,10,0,10,0,0000000,17,44,17,50,88,88,0,0,0,1,0
18,180358,2,2,0,0,0,3,3,3,1580,3,8,2013,7,19,16,0,16,5,HAYDEN ST,MCCOLLUCH ST,0,41.07215556,-85.11794722,0,12,7,0,3,3,0,1,1,1,0,1,0,0000000,19,18,19,23,99,99,0,0,0,1,2
18,180359,2,2,0,0,0,3,3,97,2600,19,7,2013,6,15,59,0,14,2,US-36,52ND ST,0,39.84806389,-86.00229167,0,12,6,0,3,3,0,1,1,1,0,1,0,0000000,15,59,16,2,99,99,0,0,0,1,0
18,180360,2,2,0,0,0,2,2,39,1830,22,7,2013,2,4,45,0,15,3,SR-15,GARFIELD ST,0,41.576375,-85.83220278,0,12,1,0,2,2,0,1,2,2,0,2,0,0000000,4,45,4,51,99,99,0,0,0,1,0
18,180361,1,1,0,1,1,1,1,39,3010,3,8,2013,7,15,0,0,15,3,SR-13,,0,41.69275833,-85.69465556,0,8,0,0,1,1,0,1,1,1,0,1,0,0000000,15,2,15,9,88,88,0,0,0,1,0
18,180362,1,1,0,0,0,2,2,39,3060,3,8,2013,7,23,11,0,6,4,CR-52,,0,41.45893611,-85.71459444,0,34,0,0,1,1,0,4,2,1,0,1,0,0000000,23,11,23,26,99,99,0,0,0,1,1
18,180363,2,2,0,0,0,4,4,23,1640,3,8,2013,7,17,36,0,4,3,SR-39,SR-38,0,40.25281111,-86.50961389,0,12,6,0,8,1,0,1,1,1,0,1,0,0000000,17,36,17,40,99,99,0,0,0,2,1
18,180364,2,2,0,0,0,4,4,3,1580,31,7,2013,4,9,32,1,1,1,I-69,,3199,41.23695,-85.09328611,0,12,6,0,1,1,0,1,1,10,0,10,0,0000000,9,43,9,53,99,99,0,0,0,1,0
18,180365,2,2,0,0,0,2,2,177,4120,30,7,2013,3,21,50,0,3,2,US-35,,0,39.87045,-84.93070833,0,58,0,0,1,1,0,3,2,10,0,10,0,0000000,21,58,22,5,99,99,0,0,0,1,0
18,180366,2,2,0,0,0,4,4,109,3240,20,7,2013,7,17,57,0,4,3,SR-67 N,INDIANA ST,0,39.60210556,-86.37425,0,12,6,0,2,2,0,1,1,10,0,10,0,0000000,17,44,17,44,99,99,0,0,0,1,0
18,180367,1,1,0,0,0,3,3,51,1560,6,8,2013,3,9,31,0,6,4,CR-550 S,CR-50 W,0,38.27489444,-87.58023056,0,10,0,0,6,1,0,1,1,10,0,10,0,342489U,9,31,9,31,99,99,0,0,0,1,0
18,180368,2,2,0,0,0,2,2,127,820,16,6,2013,1,18,39,0,14,2,US-20,TREMONT RD,0,41.63684722,-87.04566944,0,12,2,0,1,1,0,1,1,1,0,1,0,0000000,18,39,18,39,99,99,0,0,0,1,1
18,180369,2,2,0,0,0,5,5,157,2480,2,8,2013,6,14,32,0,14,2,US-52,ROSS RD,0,40.37966389,-86.83841111,0,12,6,0,2,2,0,1,1,10,0,10,0,0000000,14,37,14,45,99,99,0,0,0,1,0
18,180370,1,1,0,0,0,1,1,61,1030,2,8,2013,6,8,11,0,4,3,SR-64,,0,38.3358,-86.21655278,0,59,0,0,1,1,0,4,1,1,0,1,0,0000000,8,11,8,19,88,88,0,0,0,1,0
18,180371,3,3,0,0,0,3,3,89,2760,31,7,2013,4,6,1,1,1,1,I-65 N,,2388,41.276575,-87.29996389,0,12,1,0,1,1,0,1,1,10,0,10,0,0000000,6,2,6,14,99,99,0,0,0,1,0
18,180372,2,2,0,0,0,2,2,33,1720,3,8,2013,7,16,46,0,4,3,SR-205,MERCHANTS DR,0,41.29460278,-85.18999444,0,12,2,0,1,1,0,1,1,1,0,1,0,0000000,16,48,16,59,99,99,0,0,0,1,0
18,180373,2,2,0,0,0,4,4,163,1480,6,8,2013,3,20,25,0,4,3,SR-66,MESKER PARK DR,0,38.00459167,-87.61025556,0,12,1,0,3,2,0,1,2,1,0,1,0,0000000,20,26,20,33,99,99,0,0,0,1,0