STATE,ST_CASE,VE_TOTAL,VE_FORMS,PVH_INVL,PEDS,PERNOTMVIT,PERMVIT,PERSONS,COUNTY,CITY,DAY,MONTH,YEAR,DAY_WEEK,HOUR,MINUTE,NHS,ROAD_FNC,ROUTE,TWAY_ID,TWAY_ID2,MILEPT,LATITUDE,LONGITUD,SP_JUR,HARM_EV,MAN_COLL,RELJCT1,RELJCT2,TYP_INT,WRK_ZONE,REL_ROAD,LGT_COND,WEATHER1,WEATHER2,WEATHER,SCH_BUS,RAIL,NOT_HOUR,NOT_MIN,ARR_HOUR,ARR_MIN,HOSP_HR,HOSP_MN,CF1,CF2,CF3,FATALS,DRUNK_DR
18,180374,2,2,0,0,0,5,5,39,1830,11,8,2013,1,11,29,0,3,2,US-33,CR-146,0,41.48938611,-85.717475,0,12,2,0,1,1,0,1,1,1,0,1,0,0000000,11,33,11,48,99,99,0,0,0,1,0
18,180375,3,3,0,0,0,7,7,91,2570,10,8,2013,7,14,34,0,3,2,US-20,CR-450,0,99.99990000,999.99990000,0,12,6,0,2,2,0,1,1,1,0,1,0,0000000,14,34,14,34,99,99,0,0,0,2,0
18,180376,1,1,0,0,0,1,1,37,2260,8,8,2013,5,15,55,0,16,5,DIVISION RD,,0,38.37884167,-86.96654444,0,5,0,0,1,1,0,1,1,1,0,1,0,0000000,15,55,15,58,99,99,0,0,0,1,0
18,180377,1,1,0,1,1,1,1,65,2650,5,8,2013,2,13,15,0,3,2,US-40 E,CR-125 W,0,39.80493611,-85.40441389,0,9,0,0,1,1,0,1,1,1,0,1,0,0000000,13,20,13,33,88,88,0,0,0,1,0
18,180378,1,1,0,0,0,1,1,97,2210,22,7,2013,2,20,5,1,11,1,I-65 S,,1120,39.78264722,-86.14836111,0,35,0,0,1,1,0,3,1,1,0,1,0,0000000,20,6,20,24,99,99,0,0,0,1,0
18,180379,1,1,0,0,0,5,5,157,2480,5,8,2013,2,0,33,1,1,1,I-65 N,,1716,40.4103,-86.81326667,0,1,0,0,1,1,0,1,3,1,0,1,0,0000000,0,33,0,36,99,99,0,0,0,1,0
18,180380,1,1,0,0,0,2,2,3,3480,13,8,2013,3,23,23,0,6,5,DAWKINS RD,WEBSTER RD,0,41.07273611,-84.91770556,0,35,0,0,1,1,0,4,2,1,0,1,0,0000000,23,34,0,3,99,99,0,0,0,1,0
18,180381,1,1,0,0,0,5,5,167,4840,31,7,2013,4,2,45,0,6,5,MIAMI GARDENS RD,,0,39.55630278,-87.23869444,0,1,0,0,1,1,0,4,2,1,0,1,0,0000000,2,54,2,55,88,88,0,0,0,1,1
18,180382,1,1,0,0,0,1,1,91,2980,7,8,2013,4,21,24,0,6,4,CR-1000,,0,41.75984444,-86.74797222,0,34,0,0,1,1,0,4,2,10,0,10,0,0000000,23,25,23,29,99,99,0,0,0,1,0
18,180383,3,3,0,0,0,5,5,95,3910,3,8,2013,7,23,27,0,4,3,SR-9,CR-1100,0,40.04580833,-85.69201111,0,12,1,0,2,2,0,1,2,1,0,1,0,0000000,23,27,23,29,99,99,0,0,0,1,0
18,180384,1,1,0,0,0,4,4,117,1690,13,8,2013,3,23,6,0,6,4,CR-175,,0,99.99990000,999.99990000,0,35,0,0,1,1,0,4,2,1,0,1,0,0000000,23,6,23,15,99,99,0,0,0,1,0
18,180385,2,2,0,0,0,4,4,35,3360,11,8,2013,1,19,30,0,4,3,SR-3,,0,40.27694444,-85.36802222,0,12,6,0,8,1,0,1,1,10,0,10,0,0000000,19,18,19,39,99,99,0,0,0,2,0
18,180386,2,2,0,0,0,3,3,153,2200,10,8,2013,7,15,0,0,4,3,SR-48,,0,39.18619444,-87.24810278,0,12,2,0,1,1,0,1,1,1,0,1,0,0000000,15,0,15,15,99,99,0,0,0,1,0
18,180387,2,2,0,0,0,2,2,97,2210,9,8,2013,6,23,21,0,16,5,GEORGETOWN RD,59TH ST,0,39.86047222,-86.24126111,0,12,6,0,2,2,0,1,2,1,0,1,0,0000000,23,24,23,26,99,99,0,0,0,1,0
18,180388,1,1,0,1,1,1,1,45,5070,20,7,2013,7,8,28,0,4,3,SR-341,,0,40.19676944,-87.14806667,0,9,0,0,1,1,0,1,1,10,0,10,0,0000000,8,28,8,36,99,99,0,0,0,1,0
18,180389,1,1,0,0,0,1,1,15,650,11,6,2013,3,13,48,0,6,4,CR-300,CR-350,0,40.60043889,-86.58238889,0,1,0,0,1,1,0,1,1,1,0,1,0,0000000,13,57,14,20,99,99,0,0,0,1,0
18,180390,2,2,0,0,0,2,2,93,300,11,6,2013,3,17,30,0,16,5,16TH ST,POPLAR AVE,0,38.86105278,-86.50435556,0,12,6,0,2,10,0,1,1,1,0,1,0,0000000,19,55,20,23,99,99,0,0,0,1,0
18,180391,1,1,0,0,0,1,1,135,5350,28,7,2013,1,16,10,0,4,3,SR-32 W,CR-400 E,0,40.17421667,-84.90304167,0,5,0,0,1,1,0,4,1,1,0,1,0,0000000,16,17,16,22,99,99,0,0,0,1,0
18,180392,1,1,0,0,0,1,1,93,300,18,8,2013,1,20,40,0,4,3,SR-158,,0,38.86156667,-86.53364167,0,24,0,0,1,1,0,4,5,10,0,10,0,0000000,20,40,20,50,88,88,0,0,0,1,0
18,180393,3,3,0,0,0,5,5,141,4580,18,8,2013,1,13,48,0,3,2,US-31,,0,41.57748889,-86.26269722,0,12,2,0,1,1,0,1,1,1,0,1,0,0000000,13,49,13,50,99,99,0,0,0,3,0
18,180394,1,1,0,0,0,1,1,123,680,9,8,2013,6,7,30,0,6,5,DEER CREEK RD,,0,37.99535,-86.64560833,0,18,0,0,1,1,0,4,1,1,0,1,0,0000000,1,15,1,31,88,88,18,0,0,1,0
18,180395,2,2,0,0,0,2,2,69,2860,15,8,2013,5,10,50,0,3,2,US-224,,0,40.82769444,-85.35394722,0,12,6,1,5,1,0,1,1,1,0,1,0,0000000,10,52,10,54,99,99,0,0,0,1,0
18,180396,1,1,0,0,0,1,1,89,2010,16,8,2013,6,20,2,0,14,2,US-20,,0,41.60876389,-87.44875833,0,30,0,0,1,1,0,4,2,1,0,1,0,0000000,20,15,20,29,99,99,0,0,0,1,1
18,180397,1,1,0,0,0,1,1,115,4150,20,5,2013,2,13,17,0,6,4,CR-SALEM RIDGE RD,,0,38.98936944,-84.92843611,0,1,0,0,1,1,0,1,1,1,0,1,0,0000000,13,18,13,25,88,88,0,0,0,1,0
18,180398,1,1,0,0,0,4,4,47,3310,10,8,2013,7,1,50,0,4,3,SR-252,,0,39.39266111,-84.81964722,0,42,0,0,1,1,0,4,2,1,0,1,0,0000000,1,55,2,0,99,99,0,0,0,1,1
18,180399,1,1,0,0,0,2,2,113,60,17,8,2013,7,18,0,0,4,3,SR-8,,0,41.39491111,-85.30858611,0,1,0,0,1,1,0,1,1,1,0,1,0,0000000,18,4,18,11,99,99,0,0,0,1,0
18,180400,1,1,0,1,1,1,1,109,2890,20,8,2013,3,7,36,0,15,3,SR-37 N,GRAND VALLEY BLVD,0,39.41711111,-86.41175278,0,8,0,0,2,2,0,1,1,1,0,1,0,0000000,7,36,7,38,99,99,0,0,0,1,0
18,180401,1,1,0,0,0,2,2,3,1580,20,8,2013,3,17,25,0,6,5,HAMILTON WEST,THIELE RD,0,40.94623611,-85.13785556,0,34,0,0,1,1,0,4,1,1,0,1,0,0000000,17,25,17,30,99,99,0,0,0,1,1
18,180402,1,1,0,0,0,1,1,127,4960,18,8,2013,1,3,58,0,6,4,CR-600,,0,41.41713889,-87.19555278,0,42,0,0,1,1,0,4,2,1,0,1,0,0000000,3,58,4,4,88,88,0,0,0,1,0
18,180403,2,2,0,0,0,4,4,157,5200,21,8,2013,4,19,15,0,3,2,US-52,W 500 N RD,0,40.47489722,-87.02944167,0,12,6,0,2,2,0,1,1,1,0,1,0,0000000,20,19,20,21,99,99,0,0,0,1,0
18,180405,1,1,0,0,0,2,2,157,2480,21,8,2013,4,20,55,0,16,5,CREASY LANE,STATE ROAD 38,0,40.38895278,-86.83864167,0,1,0,0,2,2,0,1,5,1,0,1,0,0000000,20,56,20,58,99,99,0,0,0,1,0
18,180406,2,2,0,0,0,2,2,91,2570,22,8,2013,5,5,41,0,3,2,US-35,NICOMAS PATH,0,41.68237222,-86.79138611,0,12,2,0,2,3,0,1,4,1,0,1,0,0000000,5,42,5,48,99,99,0,0,0,1,0
18,180407,1,1,0,0,0,2,2,25,2840,16,8,2013,6,21,21,0,6,5,EAST VALEENE ROAD RD,OLD NORTH MAIN ST,0,38.38791667,-86.35728056,0,34,0,0,1,1,0,4,2,1,0,1,0,0000000,21,42,22,8,99,99,0,0,0,1,1
18,180408,1,1,0,0,0,1,1,129,1960,19,8,2013,2,12,25,1,1,1,I-64 W,,40,38.19761944,-87.91659167,0,52,0,0,1,1,0,3,1,1,0,1,0,0000000,12,32,12,43,88,88,0,0,0,1,0
18,180409,2,2,0,0,0,3,3,17,5080,23,8,2013,6,18,25,0,6,4,CR-600 E,CR-400 S,0,40.70738333,-86.25958056,0,12,6,0,2,2,0,1,1,1,0,1,0,0000000,18,29,18,32,99,99,0,0,0,1,0
18,180410,1,1,0,0,0,2,2,163,1480,24,8,2013,7,11,8,1,1,1,I-164,,40,37.94822778,-87.46984722,0,5,0,0,1,1,0,4,1,1,0,1,0,0000000,11,9,11,14,99,99,0,0,0,2,0
18,180411,1,1,0,0,0,1,1,3,2178,25,8,2013,1,16,38,0,6,5,WOODS RD,HAND RD,0,41.22042778,-85.20303611,0,30,0,0,1,1,0,4,1,1,0,1,0,0000000,16,53,17,19,88,88,0,0,0,1,0
18,180412,1,1,0,0,0,1,1,29,5190,22,8,2013,5,20,9,0,6,4,CR- JOHNSON FORK RD,,0,39.27899444,-84.83853056,0,42,0,0,1,1,0,4,5,10,0,10,0,0000000,20,10,20,19,88,88,0,0,0,1,1
18,180413,2,2,0,0,0,3,3,59,1570,19,8,2013,2,20,36,0,4,3,SR-234,MERIDIAN RD,0,39.90080278,-85.80541111,0,12,6,0,2,2,0,1,1,1,0,1,0,0000000,20,36,20,40,99,99,0,0,0,1,0
18,180414,2,1,1,0,0,1,1,3,2178,25,8,2013,1,1,21,0,16,5,CENTER ST,,0,99.99990000,999.99990000,0,14,0,0,1,1,0,5,2,1,0,1,0,0000000,1,22,1,23,99,99,0,0,0,1,1
18,180415,2,2,0,0,0,5,5,145,4470,25,8,2013,1,16,25,0,4,3,SR-9,SR-252,0,39.36526111,-85.7649,0,12,6,0,2,2,0,1,1,1,0,1,0,0000000,16,26,16,31,99,99,0,0,0,2,0
18,180416,1,1,0,0,0,1,1,83,5030,27,8,2013,3,14,40,0,16,5,ROUSILLON ST,,0,38.68797778,-87.51071667,0,10,0,0,6,1,0,1,1,10,0,10,0,342398N,14,40,14,45,88,88,0,0,0,1,0
18,180417,1,1,0,0,0,2,2,143,4400,23,8,2013,6,21,37,0,6,4,CR-COFFEE POT RD,VAN CAMPEN RD,0,38.73533333,-85.78082222,0,1,0,0,1,1,0,4,2,1,0,1,0,0000000,21,37,21,42,99,99,0,0,0,1,0
18,180418,2,2,0,0,0,3,3,79,3670,17,8,2013,7,5,11,0,4,3,SR-7,,0,39.03630556,-85.62643889,0,12,2,0,1,1,0,1,2,1,0,1,0,0000000,5,13,5,18,99,99,0,0,0,1,1
18,180419,1,1,0,0,0,1,1,157,1174,25,8,2013,1,7,10,1,1,1,I-65,,1640,40.31725278,-86.74521667,0,35,0,0,1,1,0,4,1,1,0,1,0,0000000,7,11,7,24,99,99,0,0,0,1,1
18,180421,1,1,0,1,1,1,1,97,310,18,8,2013,1,23,6,0,16,5,EMERSON AVE,,0,39.71239444,-86.08237778,0,8,0,0,1,1,0,1,2,1,0,1,0,0000000,23,7,23,11,99,99,0,0,0,1,0
18,180422,1,1,0,0,0,3,3,81,1650,30,8,2013,6,4,26,0,6,4,CR-GREENSBURG RD,,0,39.464075,-86.01732222,0,5,0,0,1,1,0,1,2,1,0,1,0,0000000,4,26,4,45,88,88,0,0,0,1,1
18,180423,1,1,0,0,0,2,2,89,1100,29,8,2013,5,10,0,1,11,1,I-65,,2460,41.37475556,-87.3223,0,1,0,0,1,1,1,4,1,1,0,1,0,0000000,10,4,10,24,99,99,6,0,0,1,0
18,180424,2,2,0,0,0,3,3,5,990,29,8,2013,5,18,52,0,6,4,CR-450,CR-425,0,39.26823333,-85.83291667,0,12,6,0,2,2,0,1,1,1,0,1,0,0000000,18,58,19,11,99,99,0,0,0,2,0
18,180425,1,1,0,0,0,1,1,163,1480,30,8,2013,6,17,20,0,3,2,US-41,,110,38.07907778,-87.55450833,0,32,0,0,1,1,0,3,1,10,0,10,0,0000000,17,20,17,24,88,88,0,0,0,1,0
18,180426,1,1,0,0,0,1,1,43,1788,31,8,2013,7,5,36,0,6,4,CR- JOHN PECTOL RD,,0,38.338575,-85.9613,0,53,0,0,1,1,0,4,2,1,0,1,0,0000000,5,36,5,41,88,88,0,0,0,1,1
18,180427,1,1,0,1,1,1,1,163,1480,31,8,2013,7,10,29,0,16,5,SAINT JOSEPH AVE,ADLER RD,0,38.15275278,-87.59668056,0,9,0,0,2,2,0,1,1,1,0,1,0,0000000,10,30,10,39,99,99,0,0,0,1,0
18,180428,1,1,0,0,0,2,2,71,570,28,8,2013,4,22,12,0,4,3,SR-135,,0,38.86307222,-86.06610278,0,18,0,0,1,1,0,1,2,10,0,10,0,0000000,22,13,22,15,99,99,0,0,0,1,0
18,180429,1,1,0,0,0,2,2,85,4550,30,8,2013,6,4,42,0,15,3,SR-13,,0,41.10448889,-85.74326389,0,10,0,0,6,1,0,1,2,1,0,1,0,478472u,4,42,5,0,88,88,0,0,0,2,0
18,180430,1,1,0,1,1,1,1,89,2010,1,9,2013,1,12,25,0,14,2,US-41,171ST,0,41.58452778,-87.50891944,0,9,0,0,3,2,0,1,1,1,0,1,0,0000000,12,26,12,29,99,99,0,0,0,1,0
18,180431,1,1,0,0,0,1,1,29,3230,2,9,2013,2,18,8,0,6,4,CR- CHESTERVILLE RD,CR- GRIMSLEY RD,0,39.08276944,-85.06687222,0,34,0,0,3,3,0,4,1,1,0,1,0,0000000,18,7,18,13,99,99,0,0,0,1,1
18,180432,1,1,0,0,0,3,3,155,5020,25,8,2013,1,0,59,0,16,5,WASHINGTON ST,,0,38.74790833,-85.06230556,0,5,0,0,1,1,0,1,2,1,0,1,0,0000000,1,4,1,4,99,99,0,0,0,1,0
18,180433,2,2,0,0,0,2,2,155,5020,1,9,2013,1,12,0,0,6,5,HILLCREST LANE,,0,41.42116667,-87.49544722,0,12,2,0,1,1,0,1,1,1,0,1,0,0000000,12,0,13,5,99,99,0,0,0,1,0
18,180434,2,2,0,0,0,3,3,97,2210,5,8,2013,2,23,59,1,11,1,I-74,,950,39.72571389,-86.02017222,0,12,1,0,1,1,0,1,2,1,0,1,0,0000000,0,0,0,5,88,88,0,0,0,2,1
18,180435,2,2,0,0,0,2,2,27,670,2,9,2013,2,17,12,0,3,2,US-50,CR-1250,0,38.66428611,-86.93284722,0,12,6,0,2,2,0,1,1,1,0,1,0,0000000,17,12,17,24,99,99,0,0,0,1,1
18,180436,2,2,0,0,0,3,3,97,2210,7,7,2013,1,17,43,0,16,5,34TH,,0,39.81818333,-86.09163889,0,12,2,0,8,1,0,1,1,1,0,1,0,0000000,17,48,17,53,99,99,0,0,0,1,0
18,180437,2,2,0,0,0,2,2,103,3940,30,8,2013,6,10,5,0,3,2,US-31,CR-1500,0,40.98217222,-86.16784444,0,12,1,0,3,3,0,1,1,1,0,1,0,0000000,10,6,10,9,99,99,0,0,0,1,0
18,180438,1,1,0,0,0,1,1,53,2850,3,9,2013,3,13,55,1,1,1,I-69,,2650,40.56606944,-85.55086667,0,42,0,0,1,1,0,4,1,1,0,1,0,0000000,13,55,14,17,88,88,0,0,0,1,0
18,180439,1,1,0,0,0,1,1,97,2210,30,8,2013,6,0,36,1,11,1,I-465,,196,39.86103611,-86.27562222,0,5,0,0,1,1,0,4,2,1,0,1,0,0000000,0,36,0,36,99,99,0,0,0,1,0
18,180441,1,1,0,1,1,2,2,97,2210,28,7,2013,1,18,1,0,16,5,MICHIGAN ST,,0,39.77408056,-86.21213611,0,8,0,0,1,1,0,1,1,1,0,1,0,0000000,18,1,18,3,99,99,0,0,0,1,0
18,180442,1,1,0,0,0,2,2,97,2210,30,8,2013,6,10,38,0,16,5,FRANKLIN RD,,0,39.79035556,-86.02543611,0,34,0,0,1,1,0,4,1,1,0,1,0,0000000,10,45,10,50,99,99,0,0,0,1,1
18,180443,1,1,0,0,0,1,1,17,2730,4,9,2013,4,17,14,0,3,2,US-24,,0,40.75816111,-86.43896944,0,24,0,0,1,1,0,4,1,1,0,1,0,0000000,17,14,17,20,88,88,0,0,0,1,0
18,180444,2,2,0,0,0,2,2,23,970,4,9,2013,4,5,10,0,3,2,US-52,,0,40.19438056,-86.63355278,0,12,6,0,7,1,0,1,2,5,0,5,0,0000000,5,12,5,18,99,99,0,0,0,1,0
18,180445,1,1,0,1,1,2,2,97,2210,1,9,2013,1,22,38,0,16,5,MADISON AVENUE,GREENTREE ST,0,39.65433611,-86.12336667,0,8,0,0,1,1,0,1,2,1,0,1,0,0000000,22,38,22,42,88,88,0,0,0,1,0
18,180446,2,2,0,0,0,5,5,107,5150,7,9,2013,7,14,54,1,1,1,I-74 E,,250,40.10673056,-87.07898611,0,12,1,0,1,1,0,1,1,1,0,1,0,0000000,14,54,14,57,99,99,0,0,0,3,0
18,180447,1,1,0,0,0,1,1,93,300,8,9,2013,1,8,56,0,6,4,CR- HAYES ROAD,,0,38.970925,-86.50794444,0,42,0,0,1,1,0,4,1,1,0,1,0,0000000,8,56,9,14,99,99,0,0,0,1,1
18,180448,1,1,0,0,0,2,2,177,9997,7,9,2013,7,15,20,0,6,4,CR- BENTONVILLE ROAD,,0,39.74418056,-85.1436,0,1,0,0,1,1,0,4,1,1,0,1,0,0000000,15,24,15,30,99,99,0,0,0,1,0
18,180449,1,1,0,0,0,1,1,97,2210,2,9,2013,2,6,35,0,16,5,82ND ST,SARGENT RD,0,39.90350556,-86.01142222,0,39,0,0,3,2,0,4,4,10,0,10,0,0000000,6,35,7,8,99,99,0,0,0,1,0
18,180450,2,2,0,0,0,4,4,97,2210,2,9,2013,2,2,0,0,16,5,FALL CREEK PKWY,KEYTONE AVE,0,39.83483889,-86.12171667,0,12,6,0,2,2,0,1,2,1,0,1,0,0000000,2,0,2,3,99,99,0,0,0,1,1
18,180451,2,2,0,0,0,5,5,169,5040,5,9,2013,5,15,56,0,6,4,CR-200 W,CR-300 N,0,40.86841111,-85.83033333,0,12,6,0,2,2,0,1,1,1,0,1,0,0000000,15,58,16,3,99,99,0,0,0,1,1
18,180452,2,2,0,0,0,2,2,39,1410,6,9,2013,6,9,58,0,6,4,CR-5,CR-2,0,41.75343611,-86.03470833,0,12,1,0,1,1,0,1,1,1,0,1,0,0000000,9,58,10,3,99,99,0,0,0,1,0
18,180453,2,2,0,0,0,3,3,13,3390,5,9,2013,5,7,45,0,4,3,SR-135,,0,39.33108889,-86.26091667,0,1,0,0,1,1,0,1,1,1,0,1,0,0000000,7,45,7,56,99,99,0,0,0,1,0
18,180454,2,2,0,0,0,5,5,95,70,4,9,2013,4,6,31,0,4,3,SR-9,,0,40.28970278,-85.67147778,0,12,2,0,1,1,0,1,4,1,0,1,0,0000000,6,31,6,35,99,99,0,0,0,2,0
18,180455,1,1,0,0,0,2,2,63,560,7,9,2013,7,16,48,1,11,1,I-74,,652,39.86179722,-86.40479444,0,35,0,0,1,1,0,4,1,1,0,1,0,0000000,16,48,16,51,99,99,0,0,0,1,1
18,180456,2,2,0,0,0,5,5,65,3020,10,9,2013,3,17,58,0,6,5,MECHANICSBURG RD,CR-825,0,40.05153333,-85.55719722,0,12,6,0,2,2,0,1,1,1,0,1,0,0000000,17,59,18,1,99,99,0,0,0,2,0
18,180457,1,1,0,0,0,1,1,37,350,30,8,2013,6,22,22,0,4,3,SR-64 E,SCHNELLVILLE RD,0,38.32046944,-86.71112778,0,1,0,0,1,1,0,4,2,1,0,1,0,0000000,22,22,22,23,99,99,0,0,0,1,1
18,180458,1,1,0,0,0,1,1,145,4470,9,9,2013,2,16,45,0,6,4,CR-LONDON RD,CR-700 N,0,39.62371111,-85.92313056,0,24,0,0,1,1,0,4,1,1,0,1,0,0000000,16,49,16,53,88,88,0,0,0,1,0
18,180459,2,2,0,0,0,3,3,55,2250,3,9,2013,3,11,0,0,4,3,SR-59,CR-900 N,0,39.15551667,-87.18475278,0,12,6,0,2,2,0,1,1,1,0,1,0,0000000,12,55,13,36,99,99,0,0,0,1,0
18,180460,1,1,0,1,1,3,3,39,1830,5,9,2013,5,18,24,0,6,4,CR-127,INSTITUTIONAL DR,0,41.61377778,-85.79135278,0,9,0,0,2,2,0,1,1,1,0,1,0,0000000,18,40,19,6,99,99,0,0,0,1,0
18,180461,1,1,0,0,0,1,1,127,4025,8,9,2013,1,10,22,1,1,1,I-80 E,,258,41.57573333,-87.15640556,0,57,0,0,1,1,0,3,1,1,0,1,0,0000000,10,22,10,27,99,99,0,0,0,1,0
18,180462,1,1,0,1,1,1,1,127,4025,10,9,2013,3,21,59,0,16,5,CENTRAL AVE.,PRYOR STREET,0,41.57584722,-87.19018889,0,8,0,0,1,1,0,1,2,1,0,1,0,0000000,21,59,22,2,99,99,0,0,0,1,0
18,180463,4,4,0,0,0,6,6,11,2630,11,9,2013,4,15,5,0,4,3,SR-32,,0,40.05812222,-86.56279722,0,12,6,0,1,1,0,1,1,1,0,1,0,0000000,15,5,15,29,99,99,0,0,0,1,0
18,180464,1,1,0,0,0,1,1,73,4090,12,9,2013,5,14,22,0,6,4,CR-1900 S,CR-780 W,0,40.73667778,-87.19271944,0,34,0,0,1,1,0,4,1,1,0,1,0,0000000,14,34,14,58,88,88,0,0,0,1,0
18,180466,2,2,0,0,0,2,2,89,4300,6,8,2013,3,5,52,0,3,2,US-41 N,SR-231 E,0,41.42115833,-87.47006667,0,12,6,0,2,2,0,1,4,10,0,10,0,0000000,5,54,6,0,99,99,0,0,0,1,1
18,180467,2,2,0,0,0,3,3,67,2430,12,9,2013,5,20,45,0,16,5,HIGHLAND SPRINGS DR,CENTER RD,0,40.43353611,-86.11489167,0,12,2,0,2,3,0,1,2,1,0,1,0,0000000,20,59,21,46,99,99,0,0,0,1,0
18,180468,2,2,0,0,0,3,3,119,4630,15,9,2013,1,6,10,0,3,2,US-231 S,CRESTHILL DR,0,39.27758333,-86.77779167,0,12,2,0,1,1,0,1,2,1,0,1,0,0000000,6,10,6,12,99,99,0,0,0,1,1
18,180469,1,1,0,0,0,1,1,91,2570,15,9,2013,1,3,32,0,6,4,CR-850,,0,41.74176111,-86.52403611,0,42,0,0,1,1,0,4,2,1,0,1,0,0000000,3,32,3,45,88,88,0,0,0,1,1
18,180470,2,2,0,0,0,4,4,169,5040,15,9,2013,1,16,35,0,14,2,US-24,WABASH ST,0,40.82511944,-85.82034444,0,12,6,0,2,2,0,1,1,10,0,10,0,0000000,16,36,16,41,99,99,0,0,0,1,0
18,180471,1,1,0,0,0,1,1,163,1480,14,9,2013,7,0,47,0,6,5,BOONVILLE NEW HARMONY RD,,0,38.10214167,-87.66678611,0,32,0,0,1,1,0,4,2,1,0,1,0,0000000,0,28,0,38,88,88,0,0,0,1,1
18,180472,1,1,0,0,0,2,2,113,2670,14,9,2013,7,17,14,0,6,5,MORTON ST,GOLDEN ST,0,41.46686111,-85.5753,0,34,0,0,1,1,0,4,1,10,0,10,0,0000000,17,14,17,18,99,99,0,0,0,1,0
18,180473,1,1,0,0,0,1,1,93,300,14,9,2013,7,0,53,0,6,4,CR- ELKINS RD,,0,38.96430278,-86.46741389,0,43,0,0,1,1,0,4,2,1,0,1,0,0000000,0,53,1,3,88,88,0,0,0,1,1
18,180474,2,2,0,0,0,2,2,69,2190,17,9,2013,3,17,3,0,3,2,US-24,MERIDIAN RD,0,40.89914722,-85.451725,0,12,6,0,7,1,0,1,1,1,0,1,0,0000000,17,5,17,8,88,88,0,0,0,1,0
18,180475,2,2,0,0,0,2,2,87,4870,9,9,2013,2,11,55,0,4,3,SR-5,CR-635,0,41.54809722,-85.57805278,0,12,2,0,3,3,0,1,1,1,0,1,0,0000000,11,55,0,3,99,99,0,0,0,1,0
18,180476,1,1,0,0,0,3,3,157,2480,15,9,2013,1,5,17,0,6,5,VALLEY ST,,0,40.41269722,-86.88227778,0,42,0,0,1,1,0,4,2,1,0,1,0,0000000,5,17,5,19,99,99,0,0,0,1,0
18,180477,2,2,0,0,0,2,2,39,480,17,9,2013,3,22,17,1,1,1,I-80 W,,1000,41.73569167,-85.81354722,0,12,1,0,1,1,0,1,2,1,0,1,0,0000000,22,16,22,18,99,99,27,0,0,1,0
18,180478,3,3,0,0,0,9,9,73,1206,15,8,2013,5,21,52,1,11,1,I-65 N,,2310,41.15633333,-87.26746667,0,12,1,0,1,1,0,1,3,1,0,1,0,0000000,21,55,22,3,99,99,14,28,0,7,0
18,180479,2,2,0,0,0,3,3,29,2610,21,9,2013,7,21,1,0,6,4,CR-GEORGETOWN RD,SR-1,0,39.15066389,-84.85617222,0,12,2,0,1,1,0,1,1,10,0,10,0,0000000,9,1,9,16,99,99,0,0,0,1,0
18,180480,1,1,0,0,0,1,1,39,3010,22,9,2013,1,12,25,0,6,4,CR-8,CR-35,0,41.71444722,-85.73849444,0,42,0,0,1,1,0,4,1,1,0,1,0,0000000,12,28,12,49,99,99,0,0,0,1,0
18,180481,1,1,0,1,1,2,2,97,2210,17,9,2013,3,13,0,0,16,5,SHELDON ST,18TH ST,0,39.79071667,-86.13273611,0,8,0,0,1,1,0,1,1,1,0,1,0,0000000,13,5,13,10,99,99,13,0,0,1,0
18,180482,3,3,0,0,0,8,8,177,1590,20,9,2013,6,12,13,0,3,2,US-27 N,HOWARD DR,0,39.92870556,-84.91335278,0,12,6,0,8,1,0,1,1,1,0,1,0,0000000,12,14,12,23,99,99,14,0,0,1,1
18,180483,1,1,0,1,1,1,1,1,1180,17,9,2013,3,14,50,0,14,2,US-224,5TH ST,0,40.83081944,-84.92795556,0,8,0,0,2,2,0,1,1,1,0,1,0,0000000,14,51,14,54,99,99,0,0,0,1,0
18,180484,1,1,0,1,1,1,1,81,1370,20,9,2013,6,15,6,0,15,3,SR-252 E,LIND DR,0,39.36187222,-85.95363889,0,8,0,0,1,1,0,1,1,1,0,1,0,0000000,15,15,15,40,99,99,0,0,0,1,0
18,180485,2,2,0,0,0,3,3,133,1870,23,9,2013,2,21,35,0,16,5,FILMORE RD,SR-240 E,0,39.64595,-86.80069444,0,12,2,0,8,1,0,1,3,1,0,1,0,0000000,21,36,21,42,99,99,0,0,0,1,0
18,180486,1,1,0,0,0,1,1,29,2610,23,9,2013,2,13,1,0,4,3,SR-48 E,LEXINGTON DR,0,39.12873889,-84.92666111,0,34,0,0,1,1,0,4,1,1,0,1,0,0000000,13,41,13,41,88,88,0,0,0,1,0
18,180487,1,1,0,0,0,1,1,103,590,3,9,2013,3,15,57,0,3,2,US-31 S,CR-1100 S,0,40.60665833,-86.12778333,0,1,0,0,3,2,0,1,1,1,0,1,0,0000000,16,1,16,38,99,99,0,0,0,1,0
18,180488,2,2,0,0,0,2,2,163,1480,24,9,2013,3,4,58,0,3,2,US-41 S,INGLEFIELD RD,0,38.10810278,-87.55403333,0,12,1,0,3,2,0,1,2,1,0,1,0,0000000,4,59,5,5,88,88,0,0,0,1,0