STATE,ST_CASE,VE_TOTAL,VE_FORMS,PVH_INVL,PEDS,PERNOTMVIT,PERMVIT,PERSONS,COUNTY,CITY,DAY,MONTH,YEAR,DAY_WEEK,HOUR,MINUTE,NHS,ROAD_FNC,ROUTE,TWAY_ID,TWAY_ID2,MILEPT,LATITUDE,LONGITUD,SP_JUR,HARM_EV,MAN_COLL,RELJCT1,RELJCT2,TYP_INT,WRK_ZONE,REL_ROAD,LGT_COND,WEATHER1,WEATHER2,WEATHER,SCH_BUS,RAIL,NOT_HOUR,NOT_MIN,ARR_HOUR,ARR_MIN,HOSP_HR,HOSP_MN,CF1,CF2,CF3,FATALS,DRUNK_DR
18,180489,2,2,0,0,0,3,3,111,3270,22,9,2013,1,18,42,0,4,3,SR-14 E,CR-250 W,0,41.01383889,-87.44024444,0,12,6,0,2,2,0,1,5,1,0,1,0,0000000,18,42,18,52,99,99,0,0,0,1,1
18,180490,2,2,0,0,0,3,3,169,5040,23,9,2013,2,15,41,0,4,3,SR-15,CR-400 S,0,40.76771111,-85.81876111,0,12,1,0,2,2,0,1,1,1,0,1,0,0000000,15,41,15,43,99,99,0,0,0,1,0
18,180491,1,1,0,1,1,1,1,97,2210,21,9,2013,7,20,9,1,11,1,I-465 S,,172,39.82836389,-86.27590556,0,8,0,0,1,1,0,1,3,1,0,1,0,0000000,20,9,20,27,88,88,0,0,0,1,0
18,180492,1,1,0,0,0,2,2,121,370,23,9,2013,2,0,51,0,3,2,US-41 N,CR-1200 N,0,39.94999722,-87.24059167,0,38,0,0,1,1,0,4,2,1,0,1,0,0000000,0,51,1,3,99,99,0,0,0,1,0
18,180493,1,1,0,0,0,1,1,73,4100,25,9,2013,4,23,30,0,6,4,CR-700 S,CR-780 W,0,40.91181667,-87.18731667,0,35,0,0,1,1,0,4,2,1,0,1,0,0000000,0,29,0,36,88,88,0,0,0,1,1
18,180494,1,1,0,1,1,1,1,87,4870,21,8,2013,4,15,35,0,6,4,CR-400 W,CR-700 S,0,41.54647778,-85.50075556,0,9,0,0,8,1,0,1,1,10,0,10,0,0000000,15,39,15,49,99,99,0,0,0,1,0
18,180495,2,2,0,0,0,2,2,173,410,10,9,2013,3,13,17,0,4,3,SR-66,EPWORTH RD,0,37.9767,-87.441225,0,12,6,0,2,2,0,1,1,1,0,1,0,0000000,13,17,13,20,99,99,0,0,0,1,0
18,180496,2,2,0,0,0,2,2,71,4440,24,9,2013,3,16,45,0,15,3,SR-11 N,E 16TH ST,0,38.97664167,-85.89113889,0,12,2,0,1,1,0,1,1,1,0,1,0,0000000,16,46,16,47,99,99,0,0,0,1,0
18,180497,2,2,0,0,0,2,2,145,4470,25,9,2013,4,11,45,0,6,4,CR-400 N,BRANDYWINE RD,0,39.58396667,-85.835025,0,12,8,0,1,1,0,1,1,1,0,1,0,0000000,11,49,11,51,99,99,0,0,0,1,0
18,180498,2,2,0,0,0,2,2,151,1990,26,9,2013,5,15,42,0,16,5,BELLEFOUNTAINE RD,LAKE ST,0,41.53393333,-84.91510278,0,12,6,0,3,3,0,1,1,1,0,1,0,0000000,15,42,15,43,99,99,0,0,0,1,0
18,180499,1,1,0,1,1,3,3,79,3670,27,9,2013,6,18,33,0,6,4,CR-300 N,CR-700 W,0,39.02809722,-85.738475,0,34,0,0,1,1,0,4,1,1,0,1,0,0000000,18,48,19,4,99,99,0,0,0,1,0
18,180500,1,1,0,0,0,2,2,27,670,29,9,2013,1,9,3,0,6,4,CR-1200 E,CR-440 N,0,38.72638611,-86.94234722,0,42,0,0,1,1,0,4,1,2,0,2,0,0000000,9,3,9,10,88,88,0,0,0,1,0
18,180501,1,1,0,0,0,1,1,171,3970,14,6,2013,6,22,15,0,6,4,CR-175 N,INDEPENDENCE PINE VILLAGE,0,40.34054444,-87.17424722,0,11,0,0,1,1,0,1,3,1,0,1,0,0000000,22,15,22,34,88,88,0,0,0,1,1
18,180502,1,1,0,0,0,1,1,37,2260,26,9,2013,5,14,29,0,6,4,CR- SANTINE RD,,0,38.38486944,-86.78351111,0,42,0,0,1,1,0,4,1,1,0,1,0,0000000,14,20,14,32,88,88,0,0,0,1,0
18,180503,2,2,0,0,0,3,3,159,4860,28,9,2013,7,10,36,0,6,4,CR-300,,0,40.26158611,-85.99879167,0,12,2,0,1,1,0,1,1,1,0,1,0,0000000,10,37,10,44,99,99,0,0,0,2,0
18,180504,1,1,0,0,0,4,4,177,4120,8,9,2013,1,19,50,0,16,5,16TH ST,,0,39.83105278,-84.88006111,0,5,0,0,1,1,0,1,2,1,0,1,0,0000000,19,51,19,54,99,99,0,0,0,1,1
18,180505,2,2,0,0,0,6,6,157,2480,28,9,2013,7,19,8,0,4,3,SR-26,,0,40.41769722,-86.70911944,0,12,2,0,1,1,0,1,1,1,0,1,0,0000000,19,11,19,11,99,99,0,0,0,1,1
18,180506,1,1,0,0,0,1,1,161,2660,1,9,2013,1,17,40,0,4,3,SR-44,,0,39.63302222,-84.87590556,0,34,0,0,1,1,0,4,1,1,0,1,0,0000000,17,41,17,46,99,99,0,0,0,1,0
18,180507,2,2,0,1,1,2,2,81,1950,30,9,2013,2,2,56,1,11,1,I-65 S,,981,39.59032222,-86.06470833,0,8,0,0,1,1,0,1,2,2,0,2,0,0000000,2,56,3,9,88,88,0,0,0,1,0
18,180508,1,1,0,0,0,1,1,39,1830,9,9,2013,2,22,17,0,14,2,US-33,,0,41.57983333,-85.82054167,0,31,0,0,1,1,0,4,2,1,0,1,0,0000000,22,36,22,57,99,99,0,0,0,1,0
18,180509,2,2,0,0,0,2,2,59,1570,25,9,2013,4,12,24,0,3,2,US-36,,0,39.92163056,-85.870975,0,12,2,0,1,1,0,4,1,1,0,1,0,0000000,12,24,12,26,99,99,0,0,0,1,0
18,180510,2,1,1,0,0,1,1,11,2630,3,10,2013,5,5,15,0,16,5,WITT RD,,0,40.06118611,-86.48778333,0,14,0,0,1,1,0,6,2,10,0,10,0,0000000,5,17,5,20,99,99,0,0,0,1,0
18,180511,1,1,0,0,0,1,1,71,4440,31,8,2013,7,2,30,0,6,4,CR-850,,0,38.92229167,-85.88014722,0,21,0,0,1,1,0,4,2,1,0,1,0,0000000,2,45,3,7,99,99,0,0,0,1,0
18,180512,1,1,0,0,0,2,2,89,1310,28,9,2013,7,14,5,0,6,5,KENNEDY AVE,,0,41.63039167,-87.46153889,0,33,0,0,1,1,0,4,1,1,0,1,0,163638Y,14,7,14,11,99,99,0,0,0,1,0
18,180513,1,1,0,0,0,1,1,35,3360,4,10,2013,6,19,10,0,6,4,CR-BETHEL AVE,CR-700,0,40.24568056,-85.51954167,0,1,0,0,3,3,0,1,5,1,0,1,0,0000000,19,16,19,21,99,99,0,0,0,1,1
18,180514,2,2,0,0,0,2,2,113,250,6,10,2013,1,3,36,0,4,3,SR-8,,0,41.37090278,-85.22136389,0,12,2,0,1,1,0,1,2,2,0,2,0,0000000,3,40,4,2,99,99,0,0,0,1,0
18,180515,1,1,0,0,0,3,3,71,4440,5,10,2013,7,15,35,0,6,4,CR-700,,0,38.98363333,-85.88588333,0,5,0,0,1,1,0,1,1,10,0,10,0,0000000,15,38,15,49,99,99,0,0,0,1,0
18,180516,2,2,0,0,0,4,4,177,1590,27,9,2013,6,15,30,0,3,2,US-27,US-35,0,39.91227222,-84.90816111,0,12,6,0,3,3,0,1,1,1,0,1,0,0000000,15,31,15,39,99,99,0,0,0,1,0
18,180517,1,1,0,0,0,2,2,9,2040,5,10,2013,7,4,38,0,6,4,CR- ANGLING PIKE,,0,40.43488889,-85.41207778,0,1,0,0,1,1,0,4,2,10,0,10,0,0000000,4,38,4,45,99,99,0,0,0,1,1
18,180518,1,1,0,1,1,1,1,97,2210,6,10,2013,1,11,27,0,16,5,38TH ST,COLORADO AVE,0,39.82534722,-86.09585278,0,8,0,0,2,2,0,1,1,2,0,2,0,0000000,11,30,11,32,99,99,0,0,0,1,0
18,180519,1,1,0,1,1,2,2,97,2210,5,10,2013,7,22,11,0,16,5,SHADELAND AVE,,0,39.7789,-86.04529167,0,8,0,0,1,1,0,1,2,2,0,2,0,0000000,23,11,23,18,88,88,0,0,0,1,0
18,180520,2,2,0,0,0,3,3,141,3440,8,10,2013,3,13,1,0,2,3,SR-2,,0,41.67195278,-86.52594722,0,12,6,0,7,1,0,1,1,1,0,1,0,0000000,13,2,13,2,99,99,0,0,0,1,0
18,180521,1,1,0,0,0,1,1,77,530,26,9,2013,5,21,30,0,4,3,SR-56,,0,38.71211667,-85.22535,0,42,0,0,1,1,0,4,2,1,0,1,0,0000000,17,12,17,29,88,88,0,0,0,1,0
18,180522,1,1,0,1,1,1,1,97,2210,2,10,2013,4,20,34,0,16,5,WASHINGTON ST,TRAUB AVE,0,39.766375,-86.19545278,0,15,0,0,3,3,0,1,2,1,0,1,0,0000000,20,36,20,39,99,99,0,0,0,1,0
18,180523,5,5,0,0,0,7,7,57,1540,30,9,2013,2,15,55,1,11,1,I-69,,2040,39.942175,-86.01843889,0,12,1,0,1,1,1,1,1,1,0,1,0,0000000,15,59,16,10,99,99,2,28,0,1,0
18,180524,2,2,0,0,0,2,2,89,1100,4,10,2013,6,17,21,1,1,1,I-65 S,,2445,41.35105278,-87.31341111,0,12,1,0,1,1,1,1,1,1,0,1,0,0000000,17,21,17,48,99,99,0,0,0,1,0
18,180525,1,1,0,0,0,1,1,63,3660,8,10,2013,3,20,30,0,4,3,SR-236,CR-575 W,0,39.84649444,-86.62903611,0,34,0,0,1,1,0,4,2,1,0,1,0,0000000,20,38,20,41,88,88,0,0,0,1,1
18,180526,1,1,0,1,1,1,1,89,2010,12,9,2013,5,19,5,1,11,1,I-80,,27,41.57396111,-87.47391667,0,8,0,0,1,1,0,1,5,1,0,1,0,0000000,19,11,19,13,99,99,0,0,0,1,0
18,180527,1,1,0,0,0,2,2,89,2760,3,10,2013,5,11,6,1,1,1,I-65,,2380,41.26200556,-87.29543611,0,52,0,0,1,1,1,3,1,2,0,2,0,0000000,12,27,12,34,99,99,0,0,0,1,0
18,180528,2,2,0,1,1,2,2,137,5010,26,9,2013,5,21,55,0,3,2,US-421,CR-450,0,39.01028333,-85.28571944,0,8,0,0,1,1,0,1,2,1,0,1,0,0000000,22,1,22,2,88,88,19,0,0,1,0
18,180529,1,1,0,0,0,1,1,3,2178,30,9,2013,2,13,57,1,1,1,I-69 S,,3215,41.23238056,-85.09677222,0,1,0,0,1,1,0,4,1,1,0,1,0,0000000,14,0,14,8,88,88,0,0,0,1,0
18,180530,1,1,0,0,0,2,2,33,220,11,10,2013,6,14,49,0,6,4,CR-29,CR-72,0,41.27152222,-85.049125,0,34,0,0,1,1,0,4,1,1,0,1,0,0000000,14,57,15,3,99,99,0,0,0,1,0
18,180531,2,2,0,0,0,2,2,97,2210,21,9,2013,7,13,4,0,16,5,DECATUR BLVD,,0,39.67616389,-86.30131389,0,12,7,0,1,1,0,1,1,1,0,1,0,0000000,13,6,13,9,99,99,0,0,0,1,0
18,180532,2,2,0,0,0,4,4,97,2210,9,10,2013,4,16,41,0,16,5,THOMPSON RD,MERIDIAN ST,0,39.69300278,-86.1583,0,12,6,0,2,2,0,1,1,1,0,1,0,0000000,16,52,17,57,99,99,0,0,0,1,0
18,180533,1,1,0,0,0,1,1,65,3450,11,10,2013,6,22,25,1,1,1,I-70,,1279,39.85325556,-85.32196389,0,1,0,0,1,1,0,4,2,1,0,1,0,0000000,22,28,22,35,88,88,0,0,0,1,0
18,180534,2,1,1,0,0,4,4,133,1870,14,10,2013,2,15,41,0,4,3,SR-240,,0,39.633125,-86.73190833,0,30,0,0,1,1,0,4,1,1,0,1,0,0000000,15,41,15,52,99,99,0,0,0,1,0
18,180535,1,1,0,0,0,1,1,99,4010,6,10,2013,1,16,13,0,6,4,CR-OLIVER RD,,0,41.42361111,-86.33899722,0,35,0,0,1,1,0,4,1,10,0,10,0,0000000,16,13,16,27,88,88,0,0,0,1,0
18,180536,1,1,0,0,0,1,1,163,1480,13,10,2013,1,3,28,0,6,5,PETERSBURG RD,,0,38.06917778,-87.50671667,0,24,0,0,1,1,0,4,2,1,0,1,0,0000000,3,28,3,34,99,99,0,0,0,1,0
18,180537,1,1,0,0,0,1,1,79,3670,11,10,2013,6,18,21,0,4,3,SR-3 S,CR-850 S,0,38.85472222,-85.63841667,0,42,0,0,1,1,0,4,1,1,0,1,0,0000000,18,24,18,36,88,88,0,0,0,1,0
18,180538,3,3,0,0,0,3,3,109,2890,17,10,2013,5,16,51,0,4,3,SR-67,ROBB HILL RD,0,39.51388611,-86.40120278,0,12,1,0,2,2,0,1,1,1,0,1,0,0000000,16,51,16,55,99,99,0,0,0,1,0
18,180539,2,1,1,0,2,1,3,129,1960,13,10,2013,1,21,35,1,1,1,I-64,,56,38.19708056,-87.89292778,0,14,0,0,1,1,0,2,2,1,0,1,0,0000000,21,37,21,50,99,99,23,0,0,1,0
18,180540,2,2,0,0,0,3,3,47,550,13,10,2013,1,19,40,0,4,3,SR-1,,0,39.44778611,-85.03020278,0,1,0,0,1,1,0,4,2,1,0,1,0,0000000,19,46,20,5,99,99,0,0,0,1,1
18,180541,3,3,0,0,0,5,5,105,380,18,10,2013,6,10,39,0,16,5,45 46 BYP,KINSER PIKE,0,39.18633889,-86.53758889,0,12,6,0,2,2,0,1,1,1,0,1,0,0000000,10,40,10,45,99,99,0,0,0,1,0
18,180542,2,2,0,0,0,5,5,21,770,18,10,2013,6,17,41,0,4,3,SR-46,CR-200,0,39.38602778,-87.07298056,0,12,6,0,2,2,0,1,1,1,0,1,0,0000000,17,42,17,58,99,99,0,0,0,1,0
18,180543,1,1,0,0,0,1,1,179,4930,18,10,2013,6,23,0,0,3,2,US-224,RAILROAD ST,0,40.8298,-85.23497222,0,34,0,0,1,1,0,4,2,10,0,10,0,0000000,23,0,23,7,88,88,0,0,0,1,1
18,180544,1,1,0,1,1,2,2,11,2630,19,10,2013,7,23,50,0,16,5,INDIANAPOLIS RD,PERRY WORTH RD,0,39.98661389,-86.40157222,0,8,0,0,1,1,0,1,2,10,0,10,0,0000000,23,52,23,57,88,88,0,0,0,1,0
18,180545,1,1,0,0,0,3,3,163,1480,19,10,2013,7,1,53,0,16,5,FICKAS RD,GREEN RIVER RD,0,37.94144722,-87.49323056,0,30,0,0,1,1,0,4,3,2,0,2,0,0000000,1,55,2,1,99,99,0,0,0,1,1
18,180546,2,2,0,0,0,3,3,89,2010,19,10,2013,7,20,40,1,11,1,I-80 E,,29,41.5741,-87.48141667,0,12,6,0,1,1,0,1,3,2,0,2,0,0000000,20,40,20,55,99,99,0,0,0,1,0
18,180547,1,1,0,1,1,1,1,97,2210,21,10,2013,2,3,15,0,16,5,MERIDIAN ST,,0,39.79735556,-86.1571,0,8,0,0,1,1,0,1,2,10,0,10,0,0000000,3,23,3,33,88,88,0,0,0,1,0
18,180548,1,1,0,0,0,1,1,141,2530,15,10,2013,3,18,6,0,4,3,SR-331,,0,41.51835278,-86.28223056,0,42,0,0,1,1,0,4,1,2,0,2,0,0000000,18,15,18,17,88,88,0,0,0,1,0
18,180549,1,1,0,0,0,1,1,91,2990,14,10,2013,2,12,35,0,3,2,US-20,,0,41.69511944,-86.816,0,5,0,0,1,1,0,1,1,1,0,1,0,0000000,12,35,12,41,99,99,0,0,0,1,0
18,180550,1,1,0,1,1,2,2,53,2850,22,10,2013,3,7,28,0,16,5,KEM RD,,0,40.57453611,-85.67903056,0,8,0,0,1,1,0,1,2,1,0,1,0,0000000,7,29,7,33,99,99,0,0,0,1,0
18,180551,1,1,0,0,0,2,2,59,1890,2,10,2013,4,6,10,0,6,4,CR-300,,0,39.78425278,-85.85874167,0,34,0,0,1,1,0,4,2,10,0,10,0,0000000,6,10,6,16,88,88,0,0,0,2,1
18,180552,2,2,0,0,0,4,4,143,4400,20,10,2013,1,16,56,1,1,1,I-65,,255,38.63223333,-85.78405278,0,12,2,0,1,1,0,1,1,1,0,1,0,0000000,16,58,17,0,99,99,0,0,0,1,0
18,180553,1,1,0,0,0,1,1,127,4025,23,10,2013,4,7,7,0,14,2,US-12,,0,41.61885556,-87.17337222,0,50,0,0,1,1,0,4,4,1,0,1,0,0000000,7,9,7,14,99,99,0,0,0,1,0
18,180554,2,2,0,0,0,2,2,75,1260,21,10,2013,2,12,35,0,6,4,CR-1150,CR-600,0,40.35000556,-85.219525,0,12,6,0,2,2,0,1,1,10,0,10,0,0000000,12,38,12,59,99,99,0,0,0,1,0
18,180555,1,1,0,0,0,1,1,55,360,23,10,2013,4,23,45,0,4,3,SR-54,,0,39.03695,-86.86958056,0,42,0,0,1,1,0,4,2,1,0,1,0,0000000,23,47,23,55,88,88,0,0,0,1,0
18,180556,2,1,1,0,0,3,3,89,2010,23,10,2013,4,12,21,0,16,5,SUMMER ST,,0,41.60024444,-87.47996667,0,1,0,0,1,1,0,5,1,1,0,1,0,0000000,12,34,12,54,99,99,0,0,0,1,0
18,180557,1,1,0,0,0,1,1,19,418,22,10,2013,3,22,25,0,4,3,SR-60,,0,38.45145833,-85.91270278,0,42,0,0,1,1,0,4,2,2,0,2,0,0000000,22,26,22,34,99,99,0,0,0,1,1
18,180558,1,1,0,0,0,3,3,167,4840,23,10,2013,4,2,0,0,6,5,RIO GRANDE AVE,GALLAGHER RD,0,39.56403333,-87.26219167,0,10,0,0,6,1,0,1,2,2,0,2,0,540206P,2,2,2,4,99,99,0,0,0,3,1
18,180559,1,1,0,0,0,1,1,17,2730,23,10,2013,4,9,37,0,6,4,CR-950,,0,40.77010833,-86.33637222,0,1,0,0,1,1,0,4,1,10,0,10,0,527490D,9,37,9,38,88,88,0,0,0,1,0
18,180560,2,2,0,0,0,3,3,93,300,16,8,2013,6,18,35,0,6,4,CR-GEORGE JOHNSON RD,,0,38.83121667,-86.29082778,0,12,2,0,1,1,0,1,1,1,0,1,0,0000000,18,35,18,51,99,99,0,0,0,1,0
18,180561,1,1,0,1,1,2,2,157,2480,15,10,2013,3,2,37,0,16,5,CREASY LANE,,0,40.43564167,-86.83938889,0,8,0,0,1,1,0,1,2,1,0,1,0,0000000,2,39,2,42,99,99,0,0,0,1,0
18,180562,2,2,0,0,0,2,2,63,1160,22,10,2013,3,14,50,0,14,2,US-36,CR-200,0,39.75673056,-86.48651944,0,12,6,0,7,1,0,1,1,10,0,10,0,0000000,14,50,15,2,99,99,0,0,0,1,0
18,180563,2,2,0,0,0,3,3,39,1410,25,10,2013,6,8,15,0,6,4,CR-5,,0,41.73144722,-86.01473611,0,12,6,0,1,1,0,1,4,1,0,1,0,0000000,8,17,8,26,99,99,0,0,0,2,0
18,180564,1,1,0,0,0,2,2,127,4025,12,10,2013,7,4,0,1,1,1,I-94,,194,41.60185278,-87.16370833,0,35,0,0,1,1,0,4,2,1,0,1,0,0000000,4,20,4,51,88,88,0,0,0,2,0
18,180565,2,2,0,0,0,2,2,89,1970,23,10,2013,4,5,57,0,15,3,SR-6 E RIDGE ROAD,INDIANA ST,0,41.54325833,-87.42393889,0,5,0,0,1,1,0,1,2,10,0,10,0,0000000,6,22,6,37,88,88,0,0,0,1,0
18,180566,2,2,0,0,0,4,4,97,2210,20,10,2013,1,2,40,0,16,5,46TH ST,MOLLER RD,0,39.83839444,-86.25641111,0,12,6,0,2,2,0,1,2,1,0,1,0,0000000,2,42,2,43,99,99,0,0,0,1,0
18,180567,1,1,0,1,1,1,1,163,1480,26,10,2013,7,21,18,0,6,5,SAINT JOSPEH AVE,,0,38.03235278,-87.59895833,0,9,0,0,1,1,0,1,2,1,0,1,0,0000000,21,19,21,21,99,99,0,0,0,1,0
18,180568,2,2,0,0,0,3,3,11,2630,28,10,2013,2,15,30,0,4,3,SR-39,,0,40.07561389,-86.47496944,0,12,2,0,1,1,0,1,1,1,0,1,0,0000000,15,30,15,35,99,99,0,0,0,1,0
18,180569,1,1,0,0,0,1,1,143,4400,26,10,2013,7,12,14,0,6,4,CR- TERRY ROAD,,0,38.77301667,-85.73948333,0,38,0,0,1,1,0,4,1,1,0,1,0,0000000,12,16,12,16,99,99,0,0,0,1,0
18,180570,1,1,0,1,1,1,1,83,5030,28,10,2013,2,1,19,0,3,2,US-150,,0,38.740575,-87.48018333,0,8,0,0,1,1,0,1,2,1,0,1,0,0000000,1,19,1,33,99,99,0,0,0,1,0
18,180571,1,1,0,0,0,1,1,91,2990,24,10,2013,5,2,45,0,16,5,COOLSPRING AVE,,0,41.69475278,-86.89363333,0,33,0,0,1,1,0,4,2,3,12,3,0,0000000,4,4,4,18,99,99,20,0,0,1,1
18,180572,2,2,0,0,0,3,3,127,4025,30,10,2013,4,2,54,0,16,5,WILLOWCREEK RD,,0,41.55811111,-87.18263333,0,12,2,0,1,1,0,1,2,10,0,10,0,0000000,2,54,2,54,99,99,20,0,0,2,1
18,180573,1,1,0,0,0,1,1,33,1720,8,9,2013,1,1,25,0,15,3,SR-327,6TH AVE,0,41.33828889,-85.13510833,0,33,0,0,3,3,0,4,2,1,0,1,0,0000000,1,30,1,30,88,88,0,0,0,1,1
18,180574,1,1,0,0,0,4,4,21,770,4,8,2013,1,17,55,0,6,5,CR-200,,0,39.37211944,-87.07293611,0,32,0,0,1,1,0,4,1,1,0,1,0,0000000,18,14,18,31,99,99,0,0,0,3,1
18,180575,1,1,0,0,0,1,1,97,2210,28,10,2013,2,0,50,0,16,5,WASHINGTON ST,TIBBS AVE,0,39.76448056,-86.21246944,0,30,0,0,1,1,0,4,3,10,0,10,0,0000000,0,53,0,54,88,88,0,0,0,1,0
18,180576,1,1,0,0,0,1,1,73,4090,31,10,2013,5,7,55,0,6,4,CR-1900 S,CR-980 W,0,40.73666667,-87.224875,0,35,0,0,1,1,0,4,2,2,0,2,0,0000000,7,55,8,15,88,88,0,0,0,1,0
18,180577,1,1,0,0,0,1,1,89,2010,28,9,2013,7,1,45,1,11,1,I-80,,80,41.573825,-87.51021667,0,25,0,0,1,1,0,3,2,1,0,1,0,0000000,1,55,2,0,99,99,0,0,0,1,0
18,180578,2,2,0,0,0,4,4,89,1100,26,10,2013,7,16,17,0,15,3,SR-53,,0,41.41540556,-87.39864444,0,12,2,0,1,1,0,1,1,1,0,1,0,0000000,16,17,16,20,99,99,0,0,0,1,0
18,180579,3,3,0,0,0,3,3,19,870,1,11,2013,6,15,57,0,3,2,US-31,EASTERN BLVD,0,38.29458611,-85.75658056,0,12,6,0,2,2,0,1,1,10,0,10,0,0000000,15,57,16,3,99,99,0,0,0,1,1
18,180580,1,1,0,0,0,1,1,61,1030,22,10,2013,3,21,21,0,4,3,SR-64,,0,38.31615833,-86.07630833,0,42,0,0,1,1,0,5,2,2,0,2,0,0000000,21,25,21,28,88,88,0,0,0,1,0
18,180581,1,1,0,0,0,1,1,57,3590,3,11,2013,1,1,4,0,15,3,SR-37,,0,40.07520833,-85.98079444,0,24,0,0,1,1,0,4,2,1,0,1,0,0000000,1,4,1,5,88,88,0,0,0,1,1
18,180582,1,1,0,0,0,2,2,47,550,31,10,2013,5,21,29,0,4,3,SR-1,,0,39.30170556,-84.95656389,0,24,0,0,1,1,0,4,2,2,0,2,0,0000000,21,29,21,31,99,99,0,0,0,1,0
18,180583,2,1,1,0,0,2,2,97,2210,4,11,2013,2,16,31,0,16,5,KESSLER BLVD,,0,39.853625,-86.20036111,0,19,0,0,1,1,0,5,2,1,0,1,0,0000000,4,31,4,31,99,99,20,0,0,1,0
18,180584,2,2,0,0,0,5,5,143,4400,3,11,2013,1,16,9,0,4,3,SR-56,GOSHEN RD,0,38.68609444,-85.70988056,0,12,2,0,2,2,0,1,1,1,0,1,0,0000000,16,4,16,4,99,99,0,0,0,1,0
18,180585,1,1,0,0,0,1,1,77,2020,29,9,2013,1,6,45,0,6,4,CR-HANOVER SALUDA RD,,0,38.68241389,-85.47924167,0,30,0,0,1,1,0,4,2,1,0,1,0,0000000,6,45,6,56,88,88,0,0,0,1,0
18,180586,3,3,0,0,0,4,4,89,2090,29,10,2013,3,11,36,0,16,5,KENNEDY AVE,FRANKLIN ST,0,41.55824722,-87.46144167,0,19,0,0,8,1,0,4,1,1,0,1,0,0000000,11,36,11,36,99,99,0,0,0,1,0
18,180587,2,2,0,0,0,2,2,57,3590,19,7,2013,6,7,9,0,6,4,CR- 191ST,CYNTHEANNE RD,0,40.06689167,-85.88185,0,12,6,0,2,2,0,1,4,1,0,1,0,0000000,7,10,7,16,99,99,0,0,0,1,0
18,180588,3,3,0,0,0,4,4,57,1540,17,8,2013,7,17,48,0,16,5,96TH ST,PINECREEK DR,0,39.92700833,-86.00998611,0,12,1,0,2,2,0,1,1,1,0,1,0,0000000,17,49,17,52,99,99,0,0,0,1,0
18,180589,2,2,0,0,0,5,5,99,4010,1,11,2013,6,21,12,0,3,2,US-31,13TH RD,0,41.28780833,-86.27059722,0,12,6,0,2,2,0,1,2,10,0,10,0,0000000,21,12,21,16,99,99,0,0,0,1,0
18,180590,1,1,0,1,1,1,1,95,140,5,11,2013,3,20,31,0,15,3,SR-9,,0,40.06279167,-85.65280278,0,8,0,0,1,1,0,1,2,1,0,1,0,0000000,20,33,20,38,99,99,0,0,0,1,0
18,180592,1,1,0,0,0,1,1,175,4340,13,8,2013,3,21,0,0,4,3,SR-56,,0,38.648025,-86.01018611,0,5,0,0,1,1,0,1,2,1,0,1,0,0000000,21,0,21,22,88,88,0,0,0,1,0
18,180593,1,1,0,0,0,2,2,175,4340,25,8,2013,1,15,30,0,4,3,SR-135,,0,38.74528056,-86.10989167,0,52,0,0,1,1,0,4,1,1,0,1,0,0000000,15,40,15,46,99,99,0,0,0,1,0
18,180594,2,2,0,0,0,2,2,3,1580,5,11,2013,3,6,32,0,4,3,SR-37,,0,41.13778056,-85.00185833,0,12,1,0,1,1,0,1,4,10,0,10,0,0000000,6,46,7,18,99,99,0,0,0,1,0
18,180595,2,2,0,0,0,2,2,145,4470,25,10,2013,6,14,15,0,4,3,SR-9,,0,39.62407778,-85.76721389,0,12,2,0,1,1,0,1,1,1,0,1,0,0000000,14,16,14,16,99,99,0,0,0,1,0
18,180596,2,1,1,0,0,3,3,89,2090,20,10,2013,1,3,26,0,16,5,CONDIT ST,,0,41.55647222,-87.45766944,0,33,0,0,1,1,0,4,2,10,0,10,0,0000000,5,0,5,40,99,99,0,0,0,1,1
18,180597,2,2,0,0,0,3,3,75,580,6,11,2013,4,19,35,0,3,2,US-27 N,BRYANT PIKE,0,40.52878333,-84.96819444,0,12,2,0,1,1,0,1,2,2,0,2,0,0000000,19,38,19,43,99,99,0,0,0,1,1
18,180598,3,3,0,0,0,4,4,167,4410,7,11,2013,5,18,45,0,6,4,CR- MAIN ST,,0,39.51272778,-87.26707778,0,12,8,0,1,1,0,1,2,1,0,1,0,0000000,18,52,19,6,99,99,0,0,0,1,0
18,180599,2,2,0,0,0,3,3,73,4100,5,11,2013,3,9,40,1,1,1,I-65,,2140,40.93694722,-87.22001667,0,12,1,0,1,1,0,1,1,10,0,10,0,0000000,9,41,9,46,99,99,0,0,0,1,0
18,180600,1,1,0,0,0,2,2,3,1580,7,11,2013,5,7,19,0,16,5,TECUMSEH ST,,0,41.08532222,-85.12271111,0,24,0,0,1,1,0,4,4,1,0,1,0,0000000,7,19,7,30,88,88,0,0,0,2,1
18,180601,1,1,0,0,0,2,2,53,2850,24,10,2013,5,6,15,0,6,4,CR-600,,0,40.49120833,-85.55823611,0,42,0,0,1,1,0,4,2,1,0,1,0,0000000,6,13,6,20,99,99,0,0,0,1,0
18,180602,2,2,0,0,0,2,2,39,3010,7,11,2013,5,7,15,0,15,3,SR-13,,0,41.62533889,-85.70514444,0,12,2,0,1,1,0,1,1,1,0,1,0,0000000,7,20,7,25,99,99,0,0,0,1,0