STATE,ST_CASE,VE_TOTAL,VE_FORMS,PVH_INVL,PEDS,PERNOTMVIT,PERMVIT,PERSONS,COUNTY,CITY,DAY,MONTH,YEAR,DAY_WEEK,HOUR,MINUTE,NHS,ROAD_FNC,ROUTE,TWAY_ID,TWAY_ID2,MILEPT,LATITUDE,LONGITUD,SP_JUR,HARM_EV,MAN_COLL,RELJCT1,RELJCT2,TYP_INT,WRK_ZONE,REL_ROAD,LGT_COND,WEATHER1,WEATHER2,WEATHER,SCH_BUS,RAIL,NOT_HOUR,NOT_MIN,ARR_HOUR,ARR_MIN,HOSP_HR,HOSP_MN,CF1,CF2,CF3,FATALS,DRUNK_DR
18,180603,1,1,0,0,0,1,1,45,4980,26,10,2013,7,11,25,0,6,4,CR-300,US-41,0,40.08280278,-87.24311389,0,34,0,0,3,3,0,4,1,1,0,1,0,0000000,11,44,11,56,99,99,0,0,0,1,0
18,180604,2,2,0,0,0,2,2,175,1670,5,11,2013,3,7,10,0,3,2,US-150,,0,38.43239722,-86.18769167,0,12,2,0,1,1,0,1,4,10,0,10,0,0000000,7,0,7,13,99,99,0,0,0,1,0
18,180605,1,1,0,0,0,1,1,163,1480,10,11,2013,1,0,56,1,1,1,I-164,,0,38.16553611,-87.47184444,0,20,0,0,1,1,0,4,2,1,0,1,0,0000000,0,58,1,8,88,88,0,0,0,1,0
18,180606,1,1,0,1,1,1,1,63,251,10,11,2013,1,0,13,0,15,3,SR-267,,0,39.78188889,-86.40008333,0,8,0,0,1,1,0,1,2,1,0,1,0,0000000,0,11,0,25,99,99,0,0,0,1,0
18,180607,1,1,0,1,1,2,2,123,680,10,11,2013,1,12,56,0,15,3,SR-66,,0,37.91069167,-86.73978889,0,8,0,0,1,1,0,1,1,1,0,1,0,0000000,12,57,13,0,99,99,0,0,0,1,0
18,180608,1,1,0,1,1,1,1,99,4010,1,11,2013,6,2,45,0,3,2,US-30,UNION RD,0,41.36450556,-86.436825,0,8,0,0,1,1,0,1,2,2,0,2,0,0000000,2,50,2,59,88,88,0,0,0,1,0
18,180609,1,1,0,0,0,1,1,25,2620,1,11,2013,6,14,6,0,15,3,SR-62 E,TURKEY FORK RD,0,38.20656667,-86.40799722,0,35,0,0,1,1,0,4,1,1,0,1,0,0000000,14,6,14,20,99,99,0,0,0,1,0
18,180610,2,2,0,0,0,6,6,27,5120,12,11,2013,3,9,28,0,3,2,US-50,SR-257,0,38.63899722,-87.14490833,0,12,6,0,2,2,0,1,1,1,0,1,0,0000000,9,55,9,59,99,99,0,0,0,1,0
18,180611,1,1,0,0,0,1,1,61,1030,19,9,2013,5,15,5,0,6,4,CR- LICKFORD BRIDGE RD,,0,38.12246667,-86.1926,0,42,0,0,1,1,0,4,1,1,0,1,0,0000000,15,5,15,13,88,88,0,0,0,1,1
18,180612,2,2,0,0,0,2,2,105,380,10,11,2013,1,15,1,0,4,3,SR-48,,0,39.16946389,-86.67298889,0,12,2,0,1,1,0,1,1,1,0,1,0,0000000,15,1,15,9,99,99,0,0,0,1,1
18,180613,2,2,0,0,0,2,2,131,1620,8,11,2013,6,7,6,0,4,3,SR-114,CR-1600,0,40.934,-86.91107222,0,12,6,0,2,2,0,1,4,1,0,1,0,0000000,7,11,7,43,99,99,0,0,0,1,0
18,180614,1,1,0,0,0,1,1,129,4050,7,11,2013,5,0,25,0,4,3,SR-66,,0,38.07153333,-87.75053611,0,53,0,0,1,1,0,4,2,1,0,1,0,0000000,0,25,0,32,88,88,0,0,0,1,1
18,180615,2,2,0,0,0,3,3,77,2830,8,11,2013,6,14,55,0,3,2,US-421,SR-62,0,38.78539444,-85.37174444,0,12,6,0,2,2,0,1,1,1,0,1,0,0000000,14,55,14,57,99,99,0,0,0,1,0
18,180616,3,3,0,0,0,5,5,83,5030,8,11,2013,6,7,0,0,3,2,US-150,,0,38.687825,-87.49061389,0,12,7,0,1,1,0,1,4,1,0,1,0,0000000,7,19,7,44,99,99,0,0,0,1,1
18,180617,1,1,0,0,0,37,37,97,2210,27,7,2013,7,16,14,0,16,5,KEYSTONE AVE,I-465 W,0,39.92263611,-86.11238333,0,25,0,1,5,1,0,10,1,1,0,1,0,0000000,16,16,16,18,99,99,0,0,0,3,0
18,180618,1,1,0,0,0,2,2,13,3390,11,11,2013,2,2,40,0,6,4,CR-RAILROAD RD,,0,39.2851,-86.26506944,0,35,0,0,1,1,0,4,2,1,0,1,0,0000000,2,40,2,58,99,99,0,0,0,1,1
18,180619,1,1,0,0,0,1,1,15,650,13,11,2013,4,5,45,0,4,3,SR-218,,0,40.57150556,-86.3914,0,53,0,0,1,1,0,4,2,1,0,1,0,0000000,7,17,7,22,88,88,0,0,0,1,1
18,180620,2,2,0,0,0,2,2,33,1720,15,11,2013,6,6,52,0,4,3,SR-3,,0,41.27000556,-85.182775,0,12,9,0,1,1,0,1,2,1,0,1,0,0000000,6,55,7,6,99,99,0,0,0,1,0
18,180621,2,2,0,0,0,2,2,103,1010,12,11,2013,3,19,30,0,4,3,SR-18 E,CR-1300 S,0,40.57979167,-85.88792778,0,12,2,0,1,1,0,1,2,1,0,1,0,0000000,19,30,19,46,88,88,0,0,0,1,0
18,180622,1,1,0,0,0,1,1,3,1580,17,11,2013,1,0,19,0,6,5,NORTH CLINTON,BROOKS RD,0,41.16943889,-85.09299722,0,32,0,0,1,1,0,4,2,10,0,10,0,0000000,0,21,0,22,99,99,0,0,0,1,1
18,180623,1,1,0,0,0,1,1,57,3590,31,10,2013,5,7,32,0,6,4,CR-ATLANTIC RD,SR-13,0,40.073175,-85.86288889,0,42,0,0,3,3,0,4,2,10,0,10,0,0000000,7,45,8,11,99,99,0,0,0,1,0
18,180624,1,1,0,0,0,2,2,39,3060,20,11,2013,4,17,41,0,3,2,US-33,CR-148,0,41.47131667,-85.69798333,0,34,0,0,1,1,0,4,5,1,0,1,0,0000000,17,44,18,2,99,99,0,0,0,1,1
18,180625,2,2,0,0,0,3,3,137,3378,18,11,2013,2,15,27,0,3,2,US-421 N,CR-700 N,0,39.17681389,-85.31563889,0,12,1,0,2,2,0,1,1,1,0,1,0,0000000,15,27,15,35,99,99,0,0,0,1,0
18,180626,1,1,0,1,1,1,1,3,1580,19,11,2013,3,20,10,0,16,5,STELLHORN RD,,0,41.11990833,-85.07238333,0,8,0,0,1,1,0,1,2,10,0,10,0,0000000,19,10,19,41,99,99,0,0,0,1,0
18,180627,1,1,0,0,0,1,1,49,4190,18,11,2013,2,19,40,0,6,4,CR-600,,0,40.96737778,-86.21936667,0,31,0,0,1,1,0,4,2,1,0,1,0,0000000,19,46,19,53,99,99,0,0,0,1,1
18,180628,1,1,0,0,0,1,1,183,840,19,11,2013,3,13,54,0,6,4,CR-150 N,JOHNSON RD,0,41.18640556,-85.358425,0,42,0,0,1,1,0,4,1,1,0,1,0,0000000,13,54,14,4,99,99,20,0,0,1,0
18,180629,2,2,0,0,0,2,2,25,2840,26,10,2013,7,19,11,0,4,3,SR-64,,0,38.36630278,-86.38945278,0,12,6,0,1,1,0,1,5,1,0,1,0,0000000,19,13,19,16,99,99,0,0,0,1,1
18,180630,1,1,0,0,0,1,1,39,1410,21,11,2013,5,18,24,0,16,5,JOHN WEAVER PKWY,AEROPLEX DR,0,41.71475278,-86.01486667,0,34,0,0,1,1,0,4,2,2,0,2,0,0000000,18,26,18,38,99,99,0,0,0,1,1
18,180631,2,2,0,0,0,4,4,5,990,2,11,2013,7,14,14,0,3,2,US-31 S,CR-400 S,0,39.14968333,-85.84154722,0,12,2,0,1,1,0,1,1,10,0,10,0,0000000,14,16,14,19,99,99,0,0,0,1,0
18,180632,1,1,0,0,0,1,1,97,2210,21,11,2013,5,20,44,0,16,5,MINNESOTA ST,PERSHING AVE,0,39.74355833,-86.20206389,0,33,0,0,1,1,0,4,3,2,0,2,0,0000000,20,46,20,47,99,99,0,0,0,1,0
18,180633,2,2,0,0,0,14,14,97,2210,3,11,2013,1,19,54,0,16,5,E 46TH ST,N EMERSON AVE,0,39.84038333,-86.08391389,0,12,6,0,2,2,0,1,3,1,0,1,0,0000000,20,47,21,5,99,99,0,0,0,1,1
18,180634,1,1,0,0,0,1,1,67,2430,21,11,2013,5,1,8,0,3,2,US-31,,1600,40.44573611,-86.12263889,0,18,0,0,1,1,1,5,2,1,0,1,0,0000000,1,8,1,15,88,88,0,0,0,1,1
18,180636,1,1,0,0,0,1,1,3,1580,23,11,2013,7,23,14,0,6,5,HOAGLAND RD,,0,40.94853056,-84.90425278,0,34,0,0,1,1,0,4,2,1,0,1,0,0000000,23,15,23,20,88,88,0,0,0,1,1
18,180637,2,2,0,0,0,6,6,89,2010,24,11,2013,1,2,14,0,16,5,SHEFFIELD AVE,,0,41.64816389,-87.51645278,0,12,2,0,1,1,0,1,2,1,0,1,0,0000000,2,14,2,35,99,99,0,0,0,1,2
18,180638,2,2,0,0,0,3,3,61,1030,12,11,2013,3,7,26,0,4,3,SR-135,FAIRVIEW CHURCH RD,0,38.15748889,-86.14051944,0,12,6,0,2,2,0,1,1,1,0,1,0,0000000,7,38,7,44,99,99,0,0,0,1,0
18,180639,1,1,0,1,1,1,1,39,1830,25,11,2013,2,17,31,0,4,3,SR-119,,0,41.54093611,-85.93141667,0,49,0,0,1,1,0,1,2,4,0,4,0,0000000,17,33,17,47,99,99,0,0,0,1,0
18,180640,2,2,0,1,1,2,2,97,2210,22,11,2013,6,19,32,0,16,5,FALL CREEK PKWY N DR,38TH ST,0,39.82534722,-86.13123056,0,8,0,0,2,2,0,1,2,1,0,1,0,0000000,19,34,19,36,99,99,0,0,0,1,0
18,180641,2,2,0,0,0,2,2,3,1580,5,11,2013,3,17,58,0,16,5,MAIN ST,WATKINS ST,0,41.07852778,-85.16330556,0,12,2,0,2,2,0,1,2,1,0,1,0,0000000,17,58,18,4,99,99,0,0,0,1,0
18,180642,1,1,0,0,0,1,1,21,460,6,5,2013,2,9,43,0,4,3,SR-42,,0,39.4459,-87.12729167,0,42,0,0,1,1,0,4,1,1,0,1,0,0000000,9,43,9,52,88,88,0,0,0,1,0
18,180643,1,1,0,0,0,1,1,53,2850,12,11,2013,3,21,19,0,6,4,CR-200,,0,40.48026944,-85.67256944,0,1,0,0,1,1,0,1,2,1,0,1,0,0000000,21,21,21,22,99,99,0,0,0,1,1
18,180644,3,3,0,0,0,5,5,19,800,26,11,2013,3,16,54,0,4,3,SR-62,DECKER LANE,0,38.46953889,-85.61013611,0,12,6,0,1,1,0,1,5,4,0,4,0,0000000,16,55,17,7,99,99,0,0,0,1,1
18,180645,3,3,0,0,0,4,4,105,380,26,11,2013,3,18,36,0,4,3,SR-45,,0,39.08716667,-86.67020833,0,12,2,0,1,1,0,1,2,1,0,1,0,0000000,18,44,19,0,99,99,0,0,0,1,1
18,180646,2,2,0,0,0,4,4,41,1000,24,11,2013,1,18,30,0,4,3,SR-44,,0,39.63875278,-85.162675,0,12,2,0,1,1,0,1,2,1,0,1,0,0000000,18,33,18,37,99,99,0,0,0,1,0
18,180647,1,1,0,0,0,1,1,61,1050,26,11,2013,3,16,4,0,4,3,SR-64,,0,38.34851389,-86.27270833,0,35,0,0,1,1,0,4,1,1,0,1,0,0000000,16,4,16,18,88,88,0,0,0,1,0
18,180648,2,2,0,0,0,2,2,23,3350,2,12,2013,2,15,9,0,16,4,CR-MULBERRY JEFFERSON RD,,0,40.32900278,-86.65417222,0,12,6,0,1,1,0,1,1,10,0,10,0,0000000,15,11,15,14,99,99,0,0,0,1,0
18,180649,3,3,0,2,2,1,1,69,2860,23,11,2013,7,18,52,1,1,1,I-69,,855,40.81829167,-85.36377222,0,8,0,0,1,1,0,1,2,11,0,11,0,0000000,18,52,18,53,99,99,19,0,0,1,0
18,180650,2,2,0,0,0,4,4,7,430,2,12,2013,2,18,3,0,3,2,US-41,SR-352,0,40.521125,-87.37578333,0,12,6,0,2,2,0,1,2,2,0,2,0,0000000,18,4,18,15,99,99,0,0,0,1,0
18,180651,2,2,0,0,0,2,2,177,4120,3,12,2013,3,14,9,0,4,3,SR-227,,0,39.79932778,-84.88610833,0,12,2,0,1,1,0,1,1,10,0,10,0,0000000,14,13,14,18,99,99,0,0,0,1,0
18,180652,1,1,0,1,1,2,2,97,2210,7,10,2013,2,21,16,0,16,5,ENGLISH AVE,EMERSON AVE,0,39.76024444,-86.08285,0,8,0,0,2,2,0,1,2,1,0,1,0,0000000,21,17,21,21,99,99,0,0,0,1,0
18,180653,2,2,0,0,0,2,2,97,2210,8,10,2013,3,5,39,0,16,5,BLUFF RD,RAYMOND ST,0,39.73654722,-86.16298056,0,12,6,0,2,2,0,1,2,1,0,1,0,0000000,5,40,5,46,99,99,0,0,0,1,0
18,180654,2,2,0,0,0,3,3,97,2210,13,10,2013,1,11,50,0,16,5,56TH ST,OXFORD ST,0,39.8549,-86.11562778,0,12,6,0,2,2,0,1,1,1,0,1,0,0000000,11,58,12,4,99,99,0,0,0,1,0
18,180655,2,2,0,0,0,2,2,53,2850,5,11,2013,3,15,29,0,3,2,US-35,,0,40.48032778,-85.66754444,0,12,8,0,1,1,0,1,1,1,0,1,0,0000000,15,24,15,29,99,99,0,0,0,1,0
18,180656,1,1,0,0,0,2,2,31,5220,2,12,2013,2,21,7,0,6,4,CR-700,,0,39.14670833,-85.61205278,0,35,0,0,1,1,0,4,2,10,0,10,0,0000000,21,7,21,12,99,99,20,0,0,1,0
18,180657,1,1,0,2,2,1,1,35,3360,3,12,2013,3,18,0,0,6,5,NEBO RD,,0,40.22353333,-85.46166111,0,8,0,0,1,1,0,1,2,10,0,10,0,0000000,18,9,18,19,99,99,0,0,0,1,0
18,180658,2,2,0,0,0,2,2,79,3670,27,11,2013,4,22,40,0,4,3,SR-7,,0,39.04170833,-85.671525,0,12,2,0,1,1,0,1,2,1,0,1,0,0000000,22,47,22,50,99,99,0,0,0,1,0
18,180659,3,3,0,0,0,4,4,5,990,21,11,2013,5,12,7,0,6,5,25TH ST,,0,39.22433333,-85.81905278,0,12,1,0,1,1,0,1,1,1,0,1,0,0000000,12,7,12,11,99,99,0,0,0,1,0
18,180660,2,2,0,0,0,6,6,141,4580,8,12,2013,1,0,6,0,16,5,IRONWOOD DR,,0,41.64385556,-86.21558333,0,12,1,0,1,1,0,1,2,10,0,10,0,0000000,0,6,0,12,99,99,0,0,0,2,0
18,180661,1,1,0,0,0,2,2,75,4040,8,12,2013,1,19,19,0,3,2,US-27,,0,40.45466667,-84.97819167,0,34,0,0,1,1,0,4,2,3,12,3,0,0000000,19,51,19,56,99,99,0,0,0,1,0
18,180662,2,2,0,0,0,5,5,59,1890,21,10,2013,2,16,20,0,6,5,CR-600,CR-250,0,39.74998611,-85.68821389,0,12,2,0,3,3,0,1,1,10,0,10,0,0000000,16,20,16,27,99,99,0,0,0,1,0
18,180663,2,2,0,0,0,2,2,127,4025,10,12,2013,3,17,13,0,14,2,US-20,OLD PORTER RD,0,41.59360278,-87.19134444,0,12,6,0,3,3,0,1,2,1,0,1,0,0000000,17,15,17,16,99,99,0,0,0,1,0
18,180664,4,4,0,0,0,4,4,167,4410,5,12,2013,5,19,13,0,3,2,US-40,,0,39.49115,-87.28088889,0,53,0,0,1,1,0,4,2,10,0,10,0,0000000,19,13,19,22,99,99,0,0,0,1,0
18,180665,1,1,0,0,0,1,1,103,1010,5,12,2013,5,3,9,0,4,3,SR-18,SR-19,0,40.57996944,-85.92835833,0,31,0,0,3,3,0,4,2,1,0,1,0,0000000,3,11,3,22,88,88,0,0,0,1,0
18,180666,2,2,0,0,0,2,2,177,640,5,12,2013,5,23,38,1,1,1,I-70,,1335,39.85348056,-85.21675556,0,12,1,0,1,1,0,1,2,11,0,11,0,0000000,23,38,23,50,99,99,0,0,0,1,0
18,180667,1,1,0,0,0,1,1,121,4210,9,12,2013,2,14,35,0,4,3,SR-59,,0,39.6763,-87.10453056,0,34,0,0,1,1,0,4,1,10,0,10,0,0000000,14,42,14,48,88,88,0,0,0,1,1
18,180668,2,2,0,0,0,3,3,87,4490,22,11,2013,6,17,20,0,6,4,CR-250 N,CR-1150 W,0,41.67575278,-85.64852778,0,12,6,0,2,2,0,1,5,10,0,10,0,0000000,17,24,17,38,99,99,0,0,0,1,0
18,180669,2,2,0,0,0,4,4,31,1910,5,12,2013,5,10,25,0,15,3,SR-3,CARVER ST,0,39.35130278,-85.49148611,0,12,6,0,2,2,0,1,1,1,0,1,0,0000000,10,26,10,29,99,99,0,0,0,1,0
18,180670,1,1,0,0,0,1,1,19,4420,8,12,2013,1,8,36,0,15,3,SR-60,,0,38.38363333,-85.77101389,0,30,0,0,1,1,0,5,1,11,0,11,0,0000000,8,38,8,41,99,99,0,0,0,1,0
18,180671,1,1,0,0,0,1,1,57,1540,1,12,2013,1,16,53,0,16,5,126TH ST,REYNOLDS DR,0,39.97161389,-86.002325,0,5,0,0,2,2,0,1,5,1,0,1,0,0000000,16,55,16,55,88,88,0,0,0,1,0
18,180672,2,2,0,0,0,3,3,11,2630,14,12,2013,7,10,58,0,4,3,SR-39,,0,40.11158056,-86.47326389,0,12,2,0,1,1,0,1,1,11,0,11,0,0000000,10,58,11,1,99,99,0,0,0,1,0
18,180673,1,1,0,1,1,1,1,81,1650,12,12,2013,5,20,35,0,14,2,US-31,,0,39.50002222,-86.06738611,0,8,0,0,1,1,0,1,2,1,0,1,0,0000000,20,35,20,37,99,99,0,0,0,1,0
18,180674,2,2,0,0,0,5,5,61,1030,12,12,2013,5,9,10,1,1,1,I-64,,1065,38.24298889,-86.10524722,0,12,6,0,1,1,0,1,1,1,0,1,0,0000000,9,11,9,18,99,99,0,0,0,3,0
18,180675,1,1,0,0,0,1,1,19,4420,13,12,2013,6,0,0,0,6,4,CR-403,,0,38.40676111,-85.75109167,0,42,0,0,1,1,0,4,2,1,0,1,0,0000000,0,26,0,33,88,88,0,0,0,1,1
18,180676,1,1,0,0,0,1,1,183,980,6,12,2013,6,22,33,0,6,4,CR-450,,0,41.17910833,-85.40530833,0,42,0,0,1,1,0,4,2,1,0,1,0,0000000,22,33,22,38,88,88,0,0,0,1,1
18,180677,1,1,0,0,0,2,2,121,3180,8,12,2013,1,21,11,0,3,2,US-36,,0,39.77680278,-87.31183611,0,42,0,0,1,1,0,4,2,3,12,3,0,0000000,21,11,21,18,99,99,0,0,0,1,0
18,180678,4,4,0,2,2,7,7,89,1100,14,12,2013,7,23,45,0,3,2,US-231,,0,41.42031944,-87.38903611,0,8,0,0,1,1,0,1,2,1,0,1,0,0000000,0,1,0,55,99,99,23,0,0,2,0
18,180680,2,2,0,0,0,2,2,145,4470,11,12,2013,4,15,51,0,4,3,SR-44,,0,39.50359722,-85.84166667,0,12,2,0,1,1,0,1,1,1,0,1,0,0000000,15,51,15,55,99,99,0,0,0,1,0
18,180681,2,2,0,0,0,2,2,149,2420,11,12,2013,4,9,58,0,3,2,US-30,,0,41.38482778,-86.57431111,0,12,6,0,1,1,0,1,1,4,0,4,0,0000000,9,56,10,1,88,88,0,0,0,1,0
18,180682,2,2,0,0,0,2,2,175,4340,16,12,2013,2,21,53,0,4,3,SR-135,,0,38.46275556,-86.08185278,0,12,2,0,1,1,0,1,2,1,0,1,0,0000000,21,53,21,59,99,99,0,0,0,1,0
18,180683,2,2,0,0,0,3,3,63,900,16,12,2013,2,17,18,0,4,3,SR-39,CR-1000,0,39.61673056,-86.47974444,0,12,6,0,2,2,0,1,5,1,0,1,0,0000000,17,19,17,27,99,99,0,0,0,1,0
18,180684,1,1,0,1,1,1,1,97,2210,17,12,2013,3,19,21,0,16,5,THOMPSON RD,KOLLMAN RD,0,39.69124167,-86.27966667,0,8,0,0,1,1,0,1,2,1,0,1,0,0000000,19,23,19,27,99,99,0,0,0,1,0
18,180685,2,2,0,0,0,3,3,31,1910,17,12,2013,3,19,58,0,4,3,SR-3,CR-500,0,39.40983611,-85.47968889,0,12,6,0,2,2,0,1,2,1,0,1,0,0000000,17,58,18,6,99,99,0,0,0,1,0
18,180686,4,4,0,0,0,6,6,119,4630,16,12,2013,2,16,21,0,4,3,SR-46,,0,39.283275,-86.72661944,0,12,8,0,1,1,1,1,1,1,0,1,0,0000000,16,26,16,42,99,99,0,0,0,1,0
18,180687,1,1,0,0,0,3,3,37,2180,17,12,2013,3,18,14,0,4,3,SR-64 E,SR-162 S,0,38.30249444,-86.87134167,0,52,0,0,1,1,0,4,1,1,0,1,0,0000000,18,14,18,20,99,99,0,0,0,2,0
18,180688,1,1,0,0,0,2,2,57,1540,23,11,2013,7,2,7,1,11,1,I-69 N,,2040,39.94436111,-86.01681944,0,25,0,0,1,1,0,4,2,1,0,1,0,0000000,2,8,2,15,99,99,0,0,0,1,1
18,180689,3,3,0,0,0,5,5,73,1206,8,12,2013,1,17,15,1,11,1,I-65 S,,2255,41.11438889,-87.26569444,0,12,6,0,1,1,0,1,2,4,0,4,0,0000000,17,21,17,35,99,99,0,0,0,1,0
18,180690,2,2,0,0,0,4,4,39,3010,17,12,2013,3,17,32,0,4,3,SR-13,CR-20,0,41.6396,-85.70521389,0,12,1,0,3,2,0,1,2,10,0,10,0,0000000,17,33,17,52,99,99,0,0,0,1,0
18,180691,2,2,0,0,0,2,2,173,795,14,12,2013,7,15,57,0,6,4,CR-S ROCKPORT RD,N METZ RD,0,38.01933333,-87.23979167,0,12,2,0,1,1,0,1,1,10,0,10,0,0000000,15,58,16,4,99,99,0,0,0,1,0
18,180692,1,1,0,0,0,3,3,81,1950,26,11,2013,3,22,0,0,15,3,SR-135 S,MERIDAN PARKE DR,0,39.61736389,-86.15851944,0,1,0,0,3,3,0,1,3,1,0,1,0,0000000,22,0,22,5,99,99,0,0,0,1,0
18,180693,2,2,0,0,0,6,6,69,3320,30,11,2013,7,13,47,0,4,3,SR-9 N,SOUTH ETNA RD,0,40.71801667,-85.57310278,0,12,6,0,3,3,0,1,1,1,0,1,0,0000000,13,49,13,58,99,99,0,0,0,1,0
18,180694,3,3,0,0,0,4,4,127,4960,23,12,2013,2,15,0,0,4,3,SR-49,CR-600 N,0,41.52091111,-87.02820833,0,12,6,0,2,2,0,1,1,1,0,1,0,0000000,15,9,15,18,99,99,0,0,0,1,0
18,180695,1,1,0,0,0,1,1,15,1200,26,12,2013,5,9,0,0,4,3,SR-39 S,PRINCE WILLIAM RD,0,40.58174722,-86.66989444,0,34,0,0,1,1,0,4,1,1,0,1,0,0000000,9,2,9,12,88,88,0,0,0,1,0
18,180696,2,2,0,0,0,2,2,179,400,14,12,2013,7,8,23,0,4,3,SR-1,,0,40.67838056,-85.1626,0,12,6,0,1,1,0,1,1,11,0,11,0,0000000,8,26,8,36,88,88,0,0,0,1,0
18,180697,1,1,0,1,1,1,1,53,2850,20,12,2013,6,2,24,0,16,5,SOUTH BRANSON ST,,0,40.55903056,-85.65723611,0,8,0,0,1,1,0,1,2,2,0,2,0,0000000,2,25,2,25,99,99,0,0,0,1,0
18,180698,1,1,0,0,0,1,1,119,4630,23,12,2013,2,15,4,0,4,3,SR-231,,0,39.26413889,-86.790925,0,42,0,0,1,1,0,4,1,1,0,1,0,0000000,15,4,15,16,88,88,0,0,0,1,0
18,180699,1,1,0,0,0,1,1,89,1100,29,12,2013,1,14,45,0,16,5,117TH AVE,,0,41.4056,-87.23921667,0,42,0,0,1,1,0,4,1,3,12,3,0,0000000,14,45,15,30,99,99,0,0,0,1,0
18,180700,1,1,0,0,0,1,1,141,4580,29,12,2013,1,3,48,0,6,5,PEAR RD,,0,41.65081389,-86.38509722,0,42,0,0,1,1,0,4,2,1,0,1,0,0000000,3,48,3,50,88,88,0,0,0,1,1
18,180702,2,2,0,0,0,2,2,95,140,28,12,2013,7,14,40,0,15,3,SR-9,8TH ST,0,40.10804722,-85.65274722,0,12,6,0,2,2,0,1,1,1,0,1,0,0000000,14,40,15,25,99,99,0,0,0,1,1
18,180703,3,3,0,0,0,6,6,37,2260,21,12,2013,7,8,33,0,3,2,US-231,,0,38.3953,-86.947725,0,12,2,0,1,1,0,1,1,2,0,2,0,0000000,8,34,8,39,99,99,0,0,0,2,0
18,180704,1,1,0,0,0,1,1,151,1680,30,12,2013,2,13,47,1,1,1,I-69,,3447,41.70023333,-85.00439722,0,52,0,0,1,1,0,4,1,10,0,10,0,0000000,13,47,13,51,99,99,0,0,0,1,0
18,180705,1,1,0,0,0,1,1,89,2515,30,12,2013,2,23,39,0,16,5,LIVERPOOL RD,,0,41.56385278,-87.28894444,0,30,0,0,1,1,0,4,2,4,0,4,0,0000000,0,0,0,20,99,99,0,0,0,1,1
18,180706,1,1,0,0,0,1,1,23,1640,27,12,2013,6,21,40,0,6,4,CR- ALHAMBRA AVE,,0,40.26696389,-86.50602222,0,5,0,0,1,1,0,1,2,1,0,1,0,0000000,21,43,21,45,99,99,0,0,0,1,1
18,180707,2,2,0,0,0,2,2,175,1670,30,12,2013,2,9,14,0,6,5,HARDINSBURG-LIVONIA RD,,0,38.48886667,-86.27119167,0,12,2,0,1,1,0,1,1,1,0,1,0,0000000,9,36,10,4,99,99,0,0,0,2,0
18,180708,1,1,0,1,1,1,1,143,240,18,12,2013,4,7,50,0,14,2,US-31,,0,38.74674167,-85.80712778,0,9,0,0,1,1,0,1,1,10,0,10,0,0000000,7,53,7,53,99,99,0,0,0,1,0
18,180709,2,2,0,0,0,2,2,35,3360,5,12,2013,5,10,43,0,4,3,SR-3,CR-400,0,40.13440278,-85.367075,0,12,6,0,2,2,0,1,1,10,0,10,0,0000000,10,45,10,53,99,99,0,0,0,1,0
18,180710,2,2,0,0,0,2,2,97,2210,24,10,2013,5,15,38,0,16,5,WASHINGTON ST,COLLIER ST,0,39.75891944,-86.229975,0,12,6,0,8,1,0,1,1,10,0,10,0,0000000,15,39,15,44,99,99,0,0,0,1,0
18,180711,2,2,0,0,0,3,3,99,2550,30,12,2013,2,19,52,0,3,2,US-31,,0,41.47456667,-86.30343333,0,12,2,0,1,1,0,1,2,1,0,1,0,0000000,19,52,19,59,99,99,0,0,0,1,0
18,180712,1,1,0,0,0,1,1,37,350,15,12,2013,1,15,4,0,6,4,CR-175,,0,38.34977778,-86.74736389,0,1,0,0,1,1,0,5,1,10,0,10,0,0000000,15,4,15,33,99,99,0,0,0,1,0
18,180713,2,2,0,0,0,2,2,91,5085,28,12,2013,7,17,43,0,3,2,US-30,CR-800,0,41.43386944,-86.85193889,0,12,1,0,3,3,0,1,2,1,0,1,0,0000000,17,43,17,43,99,99,0,0,0,1,0
18,180714,2,2,0,0,0,2,2,11,2630,19,12,2013,5,6,48,0,4,3,SR-39,,0,40.12623889,-86.47281667,0,12,2,0,1,1,0,1,2,1,0,1,0,0000000,6,49,6,54,99,99,0,0,0,1,0
18,180715,1,1,0,1,1,1,1,105,380,22,10,2013,3,5,32,0,6,4,CR-ALLEN ST,,0,39.15578333,-86.55119444,0,8,0,0,1,1,0,1,4,1,0,1,0,0000000,6,21,6,44,99,99,0,0,0,1,0
18,180716,1,1,0,0,0,3,3,149,2000,10,12,2013,3,1,30,0,6,4,CR-1100,,0,41.31731111,-86.63976389,0,38,0,0,1,1,0,5,2,11,0,11,0,0000000,3,34,3,44,99,99,18,0,0,1,1
18,180717,1,1,0,1,1,1,1,127,4025,4,8,2013,1,4,30,1,11,1,I-94,,181,41.60100278,-87.18801944,0,8,0,0,1,1,0,1,2,1,0,1,0,0000000,14,12,14,13,88,88,0,0,0,1,0
18,180718,2,2,0,0,0,2,2,87,2500,18,12,2013,4,6,20,0,3,2,US-20,600,0,41.64088056,-85.54106111,0,12,6,0,2,2,0,1,2,10,0,10,0,0000000,6,20,6,25,99,99,0,0,0,1,0