STATE,ST_CASE,VE_TOTAL,VE_FORMS,PVH_INVL,PEDS,PERNOTMVIT,PERMVIT,PERSONS,COUNTY,CITY,DAY,MONTH,YEAR,DAY_WEEK,HOUR,MINUTE,NHS,ROAD_FNC,ROUTE,TWAY_ID,TWAY_ID2,MILEPT,LATITUDE,LONGITUD,SP_JUR,HARM_EV,MAN_COLL,RELJCT1,RELJCT2,TYP_INT,WRK_ZONE,REL_ROAD,LGT_COND,WEATHER1,WEATHER2,WEATHER,SCH_BUS,RAIL,NOT_HOUR,NOT_MIN,ARR_HOUR,ARR_MIN,HOSP_HR,HOSP_MN,CF1,CF2,CF3,FATALS,DRUNK_DR
18,180719,3,3,0,0,0,5,5,97,2210,31,8,2013,7,3,47,0,16,5,COLLEGE AVE,56TH ST,0,39.85414722,-86.14580278,0,12,6,0,2,2,0,1,2,1,0,1,0,0000000,3,47,3,47,99,99,0,0,0,2,1
18,180720,2,2,0,0,0,2,2,67,2430,28,12,2013,7,10,8,0,15,3,SR-26,DIXON RD,0,40.41849722,-86.16496944,0,12,6,0,2,2,0,1,1,1,0,1,0,0000000,10,47,11,10,99,99,0,0,0,1,0
18,180721,1,1,0,1,1,1,1,97,2210,18,11,2013,2,20,38,0,16,5,WASHINGTON ST,,0,39.77674167,-85.95216667,0,8,0,0,1,1,0,1,2,1,0,1,0,0000000,20,38,20,39,99,99,0,0,0,1,0
18,180722,1,1,0,0,0,1,1,97,2210,22,11,2013,6,5,25,1,11,1,I-70 W,,873,39.80455,-86.07097778,0,25,0,0,1,1,0,3,3,2,0,2,0,0000000,5,30,6,0,88,88,0,0,0,1,0
18,180723,1,1,0,0,0,2,2,97,2210,26,11,2013,3,2,41,0,16,5,HIDDEN PINE DR,CLUSTER PINE DR,0,39.81554722,-85.95854722,0,58,0,0,1,1,0,1,2,10,0,10,0,0000000,2,48,2,50,99,99,0,0,0,1,0
18,180724,3,3,0,0,0,3,3,37,2180,24,12,2013,3,7,35,0,14,2,US-231,,0,38.31029167,-86.9552,0,12,2,0,1,1,0,1,4,1,0,1,0,0000000,7,37,7,39,99,99,0,0,0,1,1
18,180725,2,1,1,0,0,2,2,157,2480,29,11,2013,6,13,14,0,16,5,MONON AVE,N 20TH ST,0,40.44273611,-86.87465556,0,14,0,0,1,1,0,5,1,1,0,1,0,0000000,13,27,13,37,99,99,0,0,0,1,0
18,180726,1,1,0,0,0,1,1,167,4840,5,5,2013,1,22,52,0,16,5,HAYTHORNE AVE,,0,39.52062222,-87.37600556,0,42,0,0,1,1,0,4,2,2,0,2,0,0000000,22,52,22,53,99,99,0,0,0,1,1
18,180727,1,1,0,1,1,1,1,97,2210,24,5,2013,6,21,44,0,16,5,34TH ST,COLORADO AVE,0,39.81823056,-86.09470833,0,8,0,0,3,3,0,1,2,1,0,1,0,0000000,21,47,21,55,99,99,0,0,0,1,0
18,180728,1,1,0,0,0,1,1,97,2210,5,6,2013,4,14,22,0,16,5,COUNTYLINE RD,,0,39.63597222,-86.12355,0,30,0,0,8,1,0,4,1,1,0,1,0,0000000,14,24,14,26,99,99,0,0,0,1,0
18,180729,1,1,0,0,0,1,1,97,2210,20,6,2013,5,3,12,0,16,5,LOCKEFIELD ST,BLAKE ST,0,39.77836111,-86.17304444,0,33,0,0,3,3,0,4,2,1,0,1,0,0000000,3,15,3,16,99,99,0,0,0,1,0
18,180730,1,1,0,0,0,1,1,71,4440,1,8,2013,5,12,38,1,1,1,I-65,,550,39.02431389,-85.88655,0,1,0,0,1,1,0,1,1,10,0,10,0,0000000,12,39,12,39,99,99,0,0,0,1,0
18,180731,1,1,0,1,1,1,1,89,1730,23,8,2013,6,20,56,0,16,5,HARRISON ST,46TH AVE,0,41.534975,-87.34587222,0,8,0,0,1,1,0,5,2,1,0,1,0,0000000,19,57,20,10,99,99,0,0,0,1,0
18,180732,2,2,0,0,0,2,2,89,3370,28,1,2013,2,8,57,0,16,5,RIDGE RD,HOWARD AVE,0,41.56045,-87.50301944,0,12,2,0,1,1,0,1,1,10,0,10,0,0000000,99,99,99,99,99,99,0,0,0,1,0
19,190001,1,1,0,0,0,5,5,153,0,2,1,2013,4,14,27,1,1,1,I-35,,196,41.65124722,-93.58131389,0,24,0,0,1,1,0,3,1,10,0,10,0,0000000,14,36,14,42,15,20,0,0,0,1,0
19,190002,1,1,0,1,1,1,1,193,7850,2,1,2013,4,17,52,0,16,3,SR-3/GORDON DR,,26,42.48925278,-96.36821111,0,8,0,0,1,1,0,1,3,4,0,4,0,0000000,17,54,17,58,18,11,0,0,0,1,0
19,190003,2,2,0,0,0,3,3,5,0,4,1,2013,6,18,0,0,3,3,SR-76,,14,43.10777222,-91.20133056,0,12,6,0,1,1,0,1,2,1,0,1,0,0000000,18,2,18,13,18,52,0,0,0,1,0
19,190004,2,2,0,0,0,2,2,105,0,6,1,2013,1,18,58,1,2,2,US-151,,40,42.07396111,-91.28759444,0,12,6,0,1,1,0,1,2,1,0,1,0,0000000,99,98,99,98,88,88,0,0,0,1,1
19,190005,1,1,0,0,0,1,1,81,0,6,1,2013,1,7,30,0,6,4,CR-150TH STREET,,0,42.98134444,-93.72334167,0,1,0,0,1,1,0,4,2,99,0,99,0,0000000,88,88,88,88,88,88,0,0,0,1,0
19,190006,1,1,0,0,0,1,1,99,0,12,1,2013,7,1,0,0,6,4,CR-S 44TH AVE  E,,0,41.65966667,-92.90416944,0,35,0,0,1,1,0,4,2,10,0,10,0,0000000,88,88,88,88,88,88,0,0,0,1,0
19,190007,2,1,1,0,0,5,5,193,7850,13,1,2013,1,3,8,0,16,6,35TH ST,,0,42.53062222,-96.40823056,0,14,0,0,1,1,0,5,3,10,0,10,0,0000000,3,12,3,26,3,47,0,0,0,3,1
19,190008,1,1,0,1,1,1,1,63,2790,14,1,2013,2,10,19,0,16,3,SR-4/S 9TH ST,SR-9/CENTRAL AVE,111,43.40201667,-94.832775,0,8,0,0,2,2,0,1,1,1,0,1,0,0000000,10,19,10,25,10,32,0,0,0,1,0
19,190009,1,1,0,0,0,1,1,5,0,16,1,2013,4,18,25,0,4,4,CR-X52,,0,43.13241111,-91.20495556,0,17,0,0,1,1,0,4,2,2,10,2,0,0000000,18,48,19,5,88,88,0,0,0,1,0
19,190010,2,2,0,0,0,5,5,61,2430,23,1,2013,4,8,36,1,13,2,US-52,,86,42.46912222,-90.66829167,0,12,6,0,1,1,0,1,1,4,0,4,0,0000000,10,26,11,8,99,99,0,0,0,1,0
19,190011,1,1,0,0,0,1,1,5,0,27,1,2013,1,2,0,0,6,4,CR-WILLOW DR.,,0,43.44544722,-91.58813611,0,1,0,0,1,1,0,4,2,1,0,1,0,0000000,88,88,88,88,88,88,0,0,0,1,1
19,190012,2,1,1,1,1,2,2,31,0,3,1,2013,5,0,30,1,1,1,I-80,,102,41.64784167,-91.16915278,0,14,0,0,1,1,0,1,2,1,0,1,0,0000000,99,98,99,98,88,88,23,0,0,1,0
19,190013,2,2,0,0,0,2,2,77,0,8,1,2013,3,17,40,0,3,3,SR-25,,241,41.82181389,-94.49282778,0,12,6,0,4,1,0,1,2,1,0,1,0,0000000,17,52,18,8,99,99,0,0,0,1,0
19,190014,1,1,0,1,1,1,1,113,3825,2,1,2013,4,8,11,0,16,6,NB CENTER POINT ROAD,,0,42.0351,-91.66845,0,8,0,0,8,1,0,1,1,1,0,1,0,0000000,8,16,8,22,8,40,0,0,0,1,0
19,190015,1,1,0,0,0,1,1,13,0,22,1,2013,3,15,0,1,2,2,US-20,CR-V62/JESUP RD,224,42.44948611,-92.10308889,0,21,0,0,1,1,0,4,1,1,0,1,0,0000000,15,6,15,17,88,88,0,0,0,1,0
19,190016,1,1,0,0,0,1,1,145,0,25,1,2013,6,15,56,0,6,4,CR-290TH ST,,0,40.62358889,-95.076025,0,30,0,0,1,1,0,4,1,1,0,1,0,0000000,88,88,88,88,88,88,0,0,0,1,1
19,190017,2,2,0,0,0,2,2,1,0,29,1,2013,3,22,30,1,1,1,I-80 EB,,229,41.49313056,-94.25347222,0,12,6,0,1,1,0,1,2,3,11,11,0,0000000,22,33,22,46,23,37,0,0,0,1,0
19,190018,3,2,1,1,1,2,2,121,0,6,2,2013,4,22,10,0,4,4,CR-BEVINGTON PARK ROAD,,0,41.34626944,-93.80355278,0,14,0,0,1,1,0,1,2,10,0,10,0,0000000,22,6,22,20,88,88,19,0,0,1,2
19,190019,2,2,0,0,0,2,2,61,0,6,2,2013,4,7,33,0,4,4,CR-HALES MILL RD,,0,42.51549722,-90.75288889,0,12,2,0,1,1,0,1,1,1,0,1,0,0000000,7,38,7,45,8,23,0,0,0,1,0
19,190020,1,1,0,1,1,1,1,193,7850,15,1,2013,3,18,5,0,16,6,S LAKEPORT ST,,0,42.43975,-96.34783056,0,8,0,0,8,1,0,1,3,1,0,1,0,0000000,18,6,18,14,18,40,0,0,0,1,0
19,190021,2,2,0,0,0,3,3,49,0,30,1,2013,4,14,45,0,3,3,SR-141,,0,41.83445278,-94.27026667,0,12,6,0,1,1,0,1,1,4,0,4,0,0000000,14,50,15,5,15,45,0,0,0,1,0
19,190022,2,2,0,0,0,2,2,187,0,8,2,2013,6,12,5,0,4,4,CR-P71/VINCENT AVE,CR-D18/190TH ST,0,42.5155,-94.02055,0,12,6,0,2,2,0,1,1,1,0,1,0,0000000,12,16,12,29,12,54,0,0,0,1,0
19,190023,2,2,0,0,0,5,5,153,8980,8,2,2013,6,16,43,1,11,1,I-80/I-35 SB,,61,41.59928889,-93.77698611,0,12,6,0,1,1,0,1,1,1,0,1,0,0000000,16,53,16,59,17,19,0,0,0,1,0
19,190024,1,1,0,0,0,4,4,75,0,10,2,2013,1,1,19,0,3,3,SR-14/N AVE,,287,42.53133333,-92.77030833,0,30,0,0,1,1,0,4,2,3,0,3,0,0000000,1,28,1,36,3,50,0,0,0,1,1
19,190025,2,2,0,0,0,2,2,181,0,13,2,2013,4,11,45,0,6,4,CR-NIXON STREET,,0,41.29160278,-93.34429167,0,12,2,0,1,1,0,1,1,1,0,1,0,0000000,11,42,11,55,12,23,0,0,0,1,0
19,190026,1,1,0,0,0,1,1,127,0,17,2,2013,1,23,30,0,6,4,CR-PRAIRE AVE,,0,42.15569167,-92.93330278,0,1,0,0,1,1,0,4,2,1,0,1,0,0000000,88,88,88,88,88,88,0,0,0,1,0
19,190027,2,2,0,0,0,2,2,197,0,19,2,2013,3,6,42,0,3,3,SR-3,,101,42.73161111,-93.769925,0,12,2,0,1,1,0,1,1,1,0,1,0,0000000,6,46,6,53,99,99,0,0,0,1,0
19,190028,2,2,0,0,0,3,3,109,0,19,2,2013,3,10,4,0,4,4,CR-P30/80TH AVE,CR-A42/370TH,0,43.29803889,-94.30555833,0,12,6,0,2,2,0,1,1,1,0,1,0,0000000,10,5,10,16,11,0,0,0,0,1,0
19,190029,2,2,0,0,0,4,4,115,0,28,2,2013,5,7,22,1,2,2,US-61,,157,41.30133056,-91.200675,0,12,6,0,1,1,0,1,1,10,0,10,1,0000000,7,25,7,31,99,99,0,0,0,3,0
19,190030,2,2,0,0,0,2,2,113,1340,4,3,2013,2,13,20,0,16,6,MOUNT VERNON RD SE,,0,41.97699722,-91.63527222,0,12,2,0,1,1,0,1,1,10,0,10,0,0000000,13,24,13,28,99,99,0,0,0,1,0
19,190031,2,2,0,0,0,3,3,97,0,7,3,2013,5,18,50,0,3,3,SR-64,,102,42.05516111,-90.70328056,0,12,2,0,1,1,0,1,2,1,0,1,0,0000000,18,58,19,34,20,22,0,0,0,1,0
19,190032,1,1,0,0,0,2,2,153,6765,10,3,2013,1,1,37,0,15,6,E OAKWOOD DR,,0,41.58656389,-93.52180833,0,30,0,0,1,1,0,4,3,5,2,2,0,0000000,1,37,1,45,99,99,20,0,0,1,0
19,190033,2,2,0,0,0,2,2,41,0,12,3,2013,3,9,13,1,2,2,US-71,,79,43.03012222,-95.16148333,0,12,6,0,1,1,0,1,1,4,11,4,0,0000000,9,11,9,24,88,88,0,0,0,1,0
19,190034,1,1,0,0,0,2,2,181,0,13,3,2013,4,20,8,0,4,4,CR-R63,,0,41.40135833,-93.61539167,0,35,0,0,1,1,0,4,2,1,0,1,0,0000000,20,20,20,34,99,99,0,0,0,2,1
19,190035,1,1,0,0,0,1,1,175,0,15,2,2013,6,22,40,0,6,4,CR-YELLOW ROSE AVE,,0,41.1555,-94.033425,0,42,0,0,1,1,0,4,2,1,0,1,0,0000000,1,20,1,47,88,88,0,0,0,1,0
19,190036,2,2,0,0,0,3,3,119,0,14,3,2013,5,17,25,0,3,3,SR-9,GRAND FALLS BLVD,0,43.49735556,-96.50677222,0,12,6,0,2,2,0,1,1,1,0,1,0,0000000,99,98,99,98,88,88,0,0,0,2,1
19,190037,2,2,0,0,0,2,2,53,0,15,3,2013,6,11,40,0,3,3,SR-2,VINE ST.,95,40.73949444,-93.83694167,0,12,6,0,8,1,0,1,1,1,0,1,0,0000000,11,41,11,48,99,99,0,0,0,1,0
19,190038,3,3,0,0,0,4,4,163,2080,18,3,2013,2,22,24,0,16,6,EAST 53RD STREET,,0,41.57471111,-90.55072778,0,12,1,0,1,1,0,1,3,1,0,1,0,0000000,22,29,22,36,22,47,0,0,0,1,0
19,190039,1,1,0,0,0,1,1,67,0,18,3,2013,2,18,30,0,4,4,CR-GLASS ROAD,,0,43.07659444,-92.90560556,0,1,0,0,1,1,0,4,5,4,11,4,0,0000000,88,88,88,88,88,88,0,0,0,1,1
19,190040,1,1,0,0,0,1,1,81,0,22,2,2013,6,1,30,0,4,4,CR-NASH AVE,,0,43.04365,-93.71449722,0,1,0,0,1,1,0,4,3,4,0,4,0,0000000,88,88,88,88,88,88,0,0,0,1,0
19,190041,1,1,0,0,0,1,1,97,0,26,3,2013,3,9,34,0,3,3,SR-64,,0,42.05278889,-90.36622778,0,43,0,0,1,1,0,4,1,1,0,1,0,0000000,9,36,9,41,88,88,0,0,0,1,0
19,190042,2,2,0,0,0,2,2,109,0,22,3,2013,6,6,20,1,2,2,US-169,,134,43.10620833,-94.23718889,0,12,2,0,1,1,0,1,2,1,0,1,0,0000000,6,18,6,29,99,99,0,0,0,1,0
19,190043,2,2,0,0,0,4,4,11,0,18,3,2013,2,17,11,1,2,2,US-30,,137,41.96358056,-92.0308,0,12,1,0,1,1,0,1,1,6,11,11,0,0000000,17,8,17,28,99,99,0,0,0,1,0
19,190044,1,1,0,0,0,2,2,173,0,24,3,2013,1,7,15,0,6,4,CR-SHOENHAIR,CR-GARRETSON,0,40.88011111,-94.57011389,0,38,0,0,1,1,0,4,1,4,0,4,0,0000000,8,31,8,40,99,99,0,0,0,1,1
19,190045,1,1,0,0,0,1,1,165,0,30,3,2013,7,2,48,0,4,4,CR-M47,,0,41.78790278,-95.20878611,0,35,0,0,1,1,0,4,2,2,0,2,0,0000000,2,51,3,1,88,88,0,0,0,1,1
19,190046,2,2,0,0,0,3,3,123,6440,30,3,2013,7,12,17,0,3,3,SR-92/A AVE W,GATEWAY DRIVE,109,41.29617778,-92.66964722,0,12,7,0,2,2,0,1,1,10,0,10,0,0000000,12,20,12,23,12,51,0,0,0,1,0
19,190047,2,2,0,0,0,6,6,103,0,23,3,2013,7,20,56,0,3,3,SR-1,,311,41.85198056,-91.50131667,0,12,6,0,1,1,0,1,2,4,0,4,0,0000000,20,59,21,17,21,57,0,0,0,2,0
19,190048,1,1,0,0,0,4,4,101,0,1,4,2013,2,16,8,0,4,4,CR-4TH STREET,,0,40.99196389,-92.16853889,0,10,0,0,6,1,0,1,1,1,0,1,0,062976S,16,12,16,49,17,33,0,0,0,2,0
19,190049,1,1,0,1,1,1,1,153,2260,16,3,2013,7,0,45,0,14,6,6TH AVE,COLLEGE AVE,0,41.60767778,-93.62578889,0,8,0,0,2,2,0,1,3,1,0,1,0,0000000,0,45,0,52,1,5,0,0,0,1,0
19,190050,1,1,0,0,0,1,1,29,0,2,4,2013,3,5,49,1,1,1,I-80,,59,41.49715,-95.02421944,0,1,0,0,1,1,0,4,2,1,0,1,0,0000000,88,88,88,88,88,88,0,0,0,1,0
19,190051,1,1,0,0,0,1,1,65,0,22,1,2013,3,4,25,0,6,4,CR-180TH ST,CR-ECHO ROAD,0,42.89031944,-91.69195,0,35,0,0,3,3,0,4,2,1,0,1,0,0000000,88,88,88,88,88,88,0,0,0,1,0
19,190052,2,2,0,0,0,4,4,13,0,28,2,2013,5,8,20,0,3,3,SR-281,,159,42.63499722,-92.12305,0,12,2,0,1,1,0,1,1,11,0,11,0,0000000,8,21,8,35,9,15,0,0,0,1,0
19,190053,2,2,0,0,0,3,3,49,0,4,4,2013,5,13,44,0,3,3,SR-44,,211,41.68821111,-93.86257222,0,12,6,0,1,1,0,1,1,1,0,1,0,0000000,99,98,99,98,88,88,0,0,0,1,0
19,190054,2,2,0,0,0,2,2,183,0,4,4,2013,5,15,55,0,3,3,SR-22,VINE AVENUE,217,41.49026111,-91.54147222,0,12,6,0,2,2,0,1,1,1,0,1,0,0000000,15,56,16,13,88,88,0,0,0,1,0
19,190055,2,2,0,0,0,3,3,163,790,4,4,2013,5,19,5,0,16,6,SPRUCE HILLS DR,WELSHIRE DR,0,41.55310278,-90.51209444,0,12,6,0,2,3,0,1,1,1,0,1,0,0000000,19,8,19,9,19,37,0,0,0,1,1
19,190056,2,2,0,0,0,3,3,39,0,4,4,2013,5,15,24,0,6,4,CR-H45/ELK ST,CR-250TH AVE,0,40.97190833,-93.72533611,0,12,6,0,2,2,0,1,1,1,0,1,0,0000000,15,41,16,16,17,2,0,0,0,1,0
19,190057,2,2,0,0,0,4,4,163,2080,11,4,2013,5,6,27,1,13,2,US-6/W KIMBERLY RD,W 46TH ST.,147,41.56729167,-90.63810278,0,12,2,0,3,3,0,1,1,2,0,2,0,0000000,6,35,6,42,7,13,0,0,0,1,0
19,190058,1,1,0,0,0,1,1,187,0,11,4,2013,5,20,55,0,4,4,CR-P-29/DAKOTA AVE.,,0,42.48045556,-94.38392778,0,43,0,0,1,1,0,4,2,2,0,2,0,308165D,88,88,88,88,88,88,0,0,0,1,1
19,190059,2,2,0,0,0,2,2,133,0,13,4,2013,7,20,51,0,6,4,CR-185TH ST.,,0,42.09125556,-96.26101111,0,12,2,0,1,1,0,1,2,10,0,10,0,0000000,20,50,21,7,22,20,0,0,0,1,2
19,190060,2,2,0,0,0,2,2,171,0,18,4,2013,5,2,47,1,2,2,US-30 EB,F AVE,50,42.99986111,-92.668925,0,12,6,0,2,2,0,1,3,2,0,2,0,0000000,2,47,2,50,99,99,0,0,0,1,1
19,190061,2,2,0,0,0,3,3,59,0,17,4,2013,4,18,59,0,4,4,CR-N14/310TH AVE,,0,43.378,-94.97355278,0,12,6,0,1,1,0,1,1,10,12,12,0,0000000,18,56,19,21,20,12,0,0,0,2,0
19,190062,1,1,0,0,0,1,1,187,0,18,4,2013,5,20,2,0,6,4,CR-HAYES AVE,,0,42.45764444,-94.26225556,0,10,0,0,6,1,0,1,2,4,0,4,0,196553N,20,8,20,18,88,88,0,0,0,1,0
19,190063,1,1,0,0,0,2,2,67,0,20,4,2013,7,9,5,0,6,4,CR-4TH STREET,,0,43.12728056,-92.90319167,0,10,0,0,6,1,0,1,1,1,0,1,0,385452Y,8,13,8,35,9,5,0,0,0,1,0
19,190064,1,1,0,0,0,2,2,5,0,20,4,2013,7,1,0,0,3,3,SR-141,,0,42.21000278,-95.89312222,0,1,0,0,1,1,0,4,2,10,0,10,0,0000000,1,24,1,38,2,30,0,0,0,1,1
19,190065,1,1,0,0,0,1,1,69,0,21,4,2013,1,6,8,0,4,4,CR-C25/190TH ST.,,0,42.803175,-93.27510833,0,24,0,0,1,1,0,4,2,2,10,2,0,0000000,88,88,88,88,88,88,0,0,0,1,1
19,190066,1,1,0,0,0,1,1,43,0,20,4,2013,7,2,30,0,6,4,CR-C1X/CHARIOT RD.,,0,42.92711667,-91.35591944,0,35,0,0,1,1,0,4,2,10,0,10,0,0000000,88,88,88,88,88,88,0,0,0,1,1
19,190067,1,1,0,0,0,1,1,163,0,26,4,2013,6,16,36,0,4,4,CR-Y68/SCOTT PARK RD.,,0,41.75306667,-90.53626944,0,1,0,0,1,1,0,4,1,1,0,1,0,0000000,16,37,16,45,88,88,0,0,0,1,0
19,190069,1,1,0,1,1,1,1,99,6090,21,4,2013,1,21,4,0,14,6,E 19TH ST. N,,0,41.71010556,-93.02908056,0,8,0,0,1,1,0,1,3,10,0,10,0,0000000,21,6,21,10,21,33,0,0,0,1,0
19,190070,1,1,0,0,0,1,1,75,0,30,4,2013,3,2,20,1,2,2,US-20,,34,42.46254167,-92.93478889,0,34,0,0,1,1,0,4,2,10,0,10,0,0000000,2,24,2,36,88,88,0,0,0,1,0
19,190071,2,2,0,0,0,2,2,179,0,30,4,2013,3,18,36,1,2,2,US-63,CR-RIVER ROAD,55,40.97902778,-92.40435833,0,12,6,0,2,2,0,1,1,1,0,1,0,0000000,18,38,18,44,19,1,0,0,0,1,0
19,190072,2,2,0,0,0,3,3,157,3500,27,4,2013,7,16,1,0,13,2,US-6,PRINCE ST,17,41.74616944,-92.73618056,0,12,6,0,2,3,0,1,1,1,0,1,0,0000000,16,4,16,6,16,16,0,0,0,1,0
19,190074,2,1,1,1,1,1,1,73,0,26,4,2013,6,11,53,0,6,4,CR-195TH STREET,,0,42.07073889,-94.30148611,0,8,0,0,8,1,0,1,1,1,0,1,0,0000000,11,53,12,8,12,30,0,0,0,1,0
19,190075,1,1,0,0,0,2,2,155,0,23,3,2013,7,7,49,0,5,4,CR-IDLEWOOD RD,,0,41.33258889,-95.63713056,0,34,0,0,1,1,0,4,2,10,0,10,0,0000000,8,9,8,36,8,57,0,0,0,1,1
19,190076,2,2,0,0,0,4,4,23,0,2,5,2013,5,10,41,0,3,3,SR-188,,13,42.76571111,-92.66310556,0,12,2,0,1,1,0,1,1,10,3,3,0,0000000,10,45,11,1,11,18,0,0,0,1,0
19,190077,1,1,0,0,0,1,1,191,0,2,5,2013,5,21,43,0,5,4,CR-123RD ST,,0,43.11527222,-91.89718056,0,1,0,0,1,1,0,4,2,10,0,10,0,0000000,21,43,22,4,88,88,0,0,0,1,1
19,190078,2,2,0,0,0,2,2,73,0,3,5,2013,6,7,9,1,2,2,US-30/220TH,CR-P46/W AVE,225,42.03338889,-94.20332778,0,12,2,0,1,1,0,1,1,10,0,10,0,0000000,7,11,7,18,7,43,0,0,0,1,0
19,190079,1,1,0,0,0,1,1,85,0,2,5,2013,5,21,0,0,4,4,CR-F50/260TH ST,,0,41.63413333,-95.83245556,0,42,0,0,1,1,0,4,2,10,0,10,0,0000000,9,8,9,16,10,51,0,0,0,1,0
19,190080,2,1,1,0,0,1,1,103,4050,6,5,2013,2,17,27,0,16,6,AMHURST ST,,0,41.66448889,-91.48625,0,14,0,0,1,1,0,7,1,10,0,10,0,0000000,17,30,17,36,17,57,0,0,0,1,1
19,190081,1,1,0,0,0,1,1,87,0,7,5,2013,3,19,34,0,5,4,CR-OLD HIGHWY 34,,0,40.98164722,-91.62510833,0,35,0,0,1,1,0,4,3,1,0,1,0,0000000,19,35,19,42,19,57,0,0,0,1,1
19,190082,1,1,0,0,0,2,2,57,0,8,5,2013,4,3,0,0,3,4,CR-X99,,0,41.02799722,-91.0456,0,35,0,0,1,1,0,4,2,99,0,99,0,0000000,16,2,16,18,16,47,0,0,0,1,1
19,190083,2,2,0,0,0,3,3,61,0,10,5,2013,6,1,55,1,2,2,US-52,,81,42.46217222,-90.67107222,0,12,2,0,1,1,0,1,2,10,0,10,0,0000000,99,98,99,98,88,88,3,0,0,1,1
19,190084,2,2,0,0,0,2,2,125,4380,10,5,2013,6,15,2,0,13,3,SR-5,SR-14,163,41.30499722,-93.10156111,0,12,6,1,2,3,0,1,1,1,0,1,0,0000000,15,5,15,8,15,28,0,0,0,1,1
19,190085,2,2,0,0,0,2,2,13,0,11,5,2013,7,18,16,0,5,4,CR-GILBERTVILLE RD,CR-YOUNG RD,0,42.45736111,-92.24455833,0,12,1,0,2,3,0,1,1,1,0,1,0,0000000,18,17,18,25,18,41,0,0,0,1,0
19,190086,2,2,0,0,0,2,2,49,0,13,5,2013,2,13,48,0,6,4,CR-E AVE,CR-170TH ST,0,41.79103611,-94.20289444,0,12,6,0,2,2,0,1,1,1,0,1,0,0000000,13,45,13,57,14,34,0,0,0,1,0
19,190087,2,2,0,0,0,2,2,87,0,13,5,2013,2,8,15,0,3,3,SR-OLD HWY 34,CR-W55/FRANKLIN AVE,0,40.98008056,-91.61234722,0,12,6,0,2,2,0,1,1,1,0,1,0,0000000,8,19,8,24,88,88,0,0,0,1,0
19,190088,1,1,0,0,0,1,1,11,0,7,5,2013,3,12,50,0,4,4,CR-E66/66TH ST DR,CR-16TH AVE,0,41.89906944,-92.18155,0,59,0,0,1,1,0,4,1,1,0,1,0,0000000,88,88,88,88,88,88,0,0,0,1,0
19,190089,2,2,0,0,0,3,3,141,7750,5,5,2013,1,8,44,1,2,2,US-18,,6,43.18596944,-95.84502778,0,12,2,0,1,1,0,1,1,1,0,1,0,0000000,8,44,8,52,9,2,0,0,0,1,1
19,190090,2,2,0,0,0,2,2,193,7850,17,5,2013,6,20,0,0,16,6,26TH STREET,COURT ST,0,42.51665,-96.39604722,0,12,6,0,2,2,0,1,5,1,0,1,0,0000000,20,5,20,6,20,20,0,0,0,1,0
19,190091,2,2,0,0,0,3,3,113,0,18,5,2013,7,0,45,1,2,3,SR-13,,202,42.21567778,-91.52944167,0,12,2,0,1,1,0,1,2,1,0,1,0,0000000,0,52,1,17,1,49,0,0,0,1,0
19,190092,1,1,0,1,1,1,1,61,2430,20,5,2013,2,19,1,0,16,6,MAIN ST,,0,42.50698056,-90.67048889,0,8,0,0,1,1,0,1,1,1,0,1,0,0000000,19,23,20,6,20,38,0,0,0,1,0
19,190093,1,1,0,0,0,1,1,139,0,21,5,2013,3,14,50,0,3,3,SR-22,180TH ST,52,41.48205278,-91.27151667,0,1,0,0,1,1,0,4,1,1,0,1,0,0000000,88,88,88,88,88,88,0,0,0,1,0
19,190094,2,2,0,0,0,3,3,157,0,21,5,2013,3,16,42,0,3,3,SR-146,I-80,155,41.69487778,-92.727075,0,12,6,0,3,3,0,1,1,1,0,1,0,0000000,16,44,16,51,17,10,0,0,0,1,0
19,190095,1,1,0,0,0,1,1,141,0,24,5,2013,6,15,39,0,4,4,CR-B40/390TH ST,,0,43.08453611,-95.66380278,0,32,0,0,1,1,0,4,1,10,0,10,0,0000000,15,39,15,42,88,88,0,0,0,1,0
19,190096,1,1,0,0,0,1,1,31,0,24,5,2013,6,17,51,0,4,4,CR-X40/GARFIELD AVE,,0,41.91791667,-91.24916667,0,35,0,0,1,1,0,4,1,1,0,1,0,0000000,17,51,17,57,18,9,0,0,0,1,1
19,190097,2,2,0,0,0,5,5,153,3490,24,5,2013,6,21,16,0,13,6,NE GRIMES BLVD,,0,41.702075,-93.77475833,0,12,6,0,1,1,0,1,2,1,0,1,0,0000000,21,16,21,22,22,10,0,0,0,1,0
19,190098,3,3,0,0,0,3,3,153,0,26,5,2013,1,4,9,1,1,1,I-80,,154,41.65382778,-93.66413056,0,12,1,0,1,1,0,1,2,1,0,1,0,0000000,4,15,4,27,4,39,0,0,0,1,1
19,190099,1,1,0,0,0,5,5,55,0,26,5,2013,1,14,13,0,4,4,CR-W69/CENTER ST,CR-EAST STREET,0,42.58546111,-91.54325556,0,35,0,0,3,3,0,4,1,10,0,10,0,0000000,14,15,14,30,15,12,0,0,0,1,1
19,190100,2,2,0,0,0,4,4,23,0,1,6,2013,7,22,10,0,2,3,SR-3,,199,42.74475278,-92.6303,0,12,2,0,1,1,0,1,2,1,0,1,0,0000000,22,10,22,22,99,99,0,0,0,1,0
19,190101,2,2,0,0,0,2,2,167,0,4,6,2013,3,5,5,1,2,3,SR-60,,130,43.04123333,-95.91970833,0,12,1,0,1,1,0,1,3,10,0,10,0,0000000,5,17,5,20,5,25,0,0,0,1,0