STATE,ST_CASE,VE_TOTAL,VE_FORMS,PVH_INVL,PEDS,PERNOTMVIT,PERMVIT,PERSONS,COUNTY,CITY,DAY,MONTH,YEAR,DAY_WEEK,HOUR,MINUTE,NHS,ROAD_FNC,ROUTE,TWAY_ID,TWAY_ID2,MILEPT,LATITUDE,LONGITUD,SP_JUR,HARM_EV,MAN_COLL,RELJCT1,RELJCT2,TYP_INT,WRK_ZONE,REL_ROAD,LGT_COND,WEATHER1,WEATHER2,WEATHER,SCH_BUS,RAIL,NOT_HOUR,NOT_MIN,ARR_HOUR,ARR_MIN,HOSP_HR,HOSP_MN,CF1,CF2,CF3,FATALS,DRUNK_DR
20,200036,1,1,0,0,0,1,1,173,5880,11,2,2013,2,99,99,0,14,6,W 13TH STREET,,0,37.707575,-97.49573611,0,34,0,0,1,1,0,4,3,1,0,1,0,0000000,6,38,6,44,88,88,0,0,0,1,1
20,200038,1,1,0,0,0,1,1,159,5225,13,2,2013,4,16,47,0,5,6,20TH RD,,0,38.21823333,-98.12448056,0,32,0,0,1,1,0,4,1,1,0,1,0,0000000,99,99,17,6,88,88,0,0,0,1,1
20,200039,1,1,0,0,0,1,1,209,2820,16,2,2013,7,99,99,0,14,6,LEAVENWORTH RD,,0,39.14308333,-94.88676667,0,34,0,0,1,1,0,4,3,4,0,4,0,0000000,13,18,13,21,88,88,0,0,0,1,1
20,200040,1,1,0,0,0,1,1,135,0,17,2,2013,1,99,99,0,6,6,220 RD,,0,38.58037222,-99.60453889,0,32,0,0,1,1,0,4,9,1,0,1,0,0000000,7,46,8,16,88,88,0,0,0,1,1
20,200041,1,1,0,0,0,1,1,197,2340,19,2,2013,3,17,23,0,4,3,SR-31,,94,38.753675,-95.95531389,0,34,0,0,1,1,0,4,1,1,0,1,0,0000000,17,23,17,34,18,38,0,0,0,1,0
20,200042,2,2,0,0,0,5,5,95,0,22,2,2013,6,15,42,1,2,2,US-54,,1647,37.64505,-98.25293889,0,12,2,0,1,1,1,1,1,1,0,1,0,0000000,15,56,16,34,17,26,0,0,0,1,0
20,200043,1,1,0,0,0,1,1,173,0,22,2,2013,6,10,45,0,4,6,E 47TH STREET,,0,37.60571944,-97.29121111,0,10,0,0,6,1,0,1,1,4,0,4,0,009295A,10,49,10,58,11,16,0,0,0,1,0
20,200044,1,1,0,0,0,1,1,123,0,19,2,2013,3,13,15,0,4,6,HENRY TRAIL RD,,0,39.45165556,-98.17322222,0,1,0,0,1,1,0,4,1,1,0,1,0,0000000,13,18,13,25,13,47,0,0,0,1,0
20,200045,1,1,0,0,0,2,2,99,0,24,2,2013,1,2,27,0,6,6,KIOWA RD,,0,37.252275,-95.33858333,0,34,0,0,1,1,0,4,2,1,0,1,0,0000000,2,27,2,45,88,88,0,0,0,1,1
20,200046,1,1,0,0,0,1,1,91,4545,25,2,2013,2,2,5,0,15,6,ROE AVE,,0,39.00659722,-94.63970556,0,33,0,0,1,1,0,4,3,1,0,1,0,0000000,2,8,2,13,88,88,0,0,0,1,0
20,200047,1,1,0,0,0,2,2,181,0,25,2,2013,2,8,50,1,1,1,I-70,,128,39.3289,-101.7908222,0,1,0,0,1,1,0,3,1,1,0,1,0,0000000,9,3,9,10,9,21,0,0,0,1,0
20,200048,1,1,0,0,0,4,4,195,0,25,2,2013,2,19,37,1,1,1,I-70,,1513,39.02221111,-100.0384139,0,1,0,0,1,1,0,3,3,8,0,8,0,0000000,19,43,19,49,20,31,0,0,0,1,0
20,200049,1,1,0,1,1,1,1,209,2820,26,2,2013,3,21,30,0,14,6,QUINDARO BLVD,,0,39.137,-94.64433611,0,8,0,0,1,1,0,1,3,4,0,4,0,0000000,21,37,21,41,88,88,0,0,0,1,0
20,200050,2,2,0,0,0,2,2,147,0,27,2,2013,4,8,35,0,6,6,1500 W ROAD,,0,39.94695556,-99.60774722,0,12,2,0,1,1,0,1,1,1,0,1,0,0000000,8,41,9,1,9,22,0,0,0,1,0
20,200051,2,2,0,0,0,4,4,91,4285,4,3,2013,2,22,46,0,13,2,US-169,,0,38.94037778,-94.66739167,0,12,1,0,1,1,0,1,3,1,0,1,0,0000000,22,47,22,53,23,4,0,0,0,1,1
20,200052,2,2,0,0,0,2,2,173,5880,5,3,2013,3,10,7,0,13,6,W HARRY ST,WICHITA,0,37.66418333,-97.34038056,0,12,6,0,2,2,0,1,1,1,0,1,0,0000000,10,8,10,11,10,34,20,0,0,1,0
20,200053,2,2,0,0,0,2,2,31,0,8,3,2013,6,14,57,1,2,2,US-75,,1082,38.36208333,-95.72886389,0,12,2,0,1,1,0,1,1,8,0,8,0,0000000,15,5,15,32,16,4,0,0,0,1,1
20,200054,1,1,0,0,0,1,1,25,0,12,3,2013,3,7,54,0,5,4,CR-31,,0,37.19043333,-99.56176944,0,32,0,0,1,1,0,4,2,1,0,1,0,0000000,7,54,8,7,8,35,0,0,0,1,0
20,200055,2,2,0,0,0,2,2,111,0,12,3,2013,3,12,30,0,4,6,ROAD J,,0,38.38161944,-96.20697778,0,12,6,0,1,1,0,1,1,1,0,1,0,0000000,12,32,12,39,88,88,0,0,0,1,0
20,200056,1,1,0,0,0,1,1,161,0,13,3,2013,4,3,0,1,2,2,US-24,,3092,39.24769722,-96.62916111,0,57,0,0,1,1,0,4,2,1,0,1,0,0000000,3,15,3,25,88,88,0,0,0,1,0
20,200057,2,2,0,0,0,3,3,129,0,13,3,2013,4,12,18,0,6,4,CR-26,CR-G,0,37.08325556,-101.5916333,0,12,6,0,2,2,0,1,1,1,0,1,0,0000000,12,32,12,51,13,19,0,0,0,1,0
20,200058,2,2,0,0,0,4,4,191,0,13,3,2013,4,15,25,0,3,2,US-160,,2770,37.270725,-97.71930278,0,12,8,0,1,1,0,1,1,1,0,1,0,0000000,15,25,15,30,16,0,0,0,0,1,0
20,200059,1,1,0,0,0,1,1,113,0,15,3,2013,6,16,44,0,4,6,PLUM AVE,,0,38.26071389,-97.92218889,0,1,0,0,1,1,0,4,1,1,0,1,0,0000000,99,99,99,99,88,88,0,0,0,1,0
20,200060,1,1,0,1,1,1,1,177,5400,15,3,2013,6,10,33,0,13,6,SW TOPEKA BLVD,,0,39.01080833,-95.68751389,0,8,0,0,1,1,0,1,1,1,0,1,0,0000000,10,36,10,39,10,50,0,0,0,1,0
20,200061,1,1,0,0,0,1,1,21,0,18,3,2013,2,22,14,0,5,6,SE BLACKJACK,,0,37.06023889,-94.68085,0,30,0,0,1,1,0,4,2,1,0,1,0,0000000,22,14,22,23,23,18,0,0,0,1,1
20,200062,6,6,0,0,0,7,7,209,2820,19,3,2013,3,15,47,0,14,6,PARALLEL PARKWAY,,0,39.12856389,-94.79222222,0,12,8,0,1,1,0,1,1,1,0,1,0,0000000,15,49,15,52,16,37,0,0,0,1,0
20,200063,3,3,0,0,0,3,3,173,0,20,3,2013,4,0,1,1,1,1,I-35,,460,37.63759722,-97.28500833,0,12,1,0,1,1,0,1,2,1,0,1,0,0000000,0,21,0,28,88,88,23,0,0,1,0
20,200064,1,1,0,0,0,2,2,155,0,21,3,2013,5,13,25,0,4,6,S YODER RD,,0,37.84794722,-97.86673056,0,34,0,0,1,1,0,4,1,1,0,1,0,0000000,13,34,13,43,14,39,0,0,0,1,0
20,200066,3,3,0,0,0,7,7,11,0,23,3,2013,7,15,50,1,2,2,US-69,,571,37.70978333,-94.70400556,0,12,8,0,1,1,0,1,1,2,0,2,0,0000000,15,55,16,5,16,32,0,0,0,2,0
20,200067,1,1,0,0,0,2,2,177,0,23,3,2013,7,16,15,1,11,1,I-470,,1834,39.03059722,-95.59401111,0,32,0,0,1,1,0,4,1,4,11,4,0,0000000,16,22,16,46,17,20,0,0,0,1,0
20,200068,1,1,0,0,0,1,1,37,0,30,3,2013,7,1,1,0,4,3,SR-146,,123,37.60153889,-95.02596944,0,58,0,0,1,1,0,4,2,1,0,1,0,0000000,1,8,1,35,88,88,0,0,0,1,1
20,200069,1,1,0,0,0,1,1,169,0,30,3,2013,7,2,30,0,5,6,N SIMPSON RD,,0,38.9359,-97.53836667,0,1,0,0,1,1,0,4,2,99,0,99,0,0000000,8,43,8,58,88,88,0,0,0,1,1
20,200070,2,2,0,0,0,2,2,173,5880,31,3,2013,1,11,38,0,14,6,S SENECA,W 41ST,0,37.61811667,-97.35232778,0,12,6,0,2,2,0,1,1,1,0,1,0,0000000,11,38,11,45,12,15,0,0,0,1,0
20,200071,1,1,0,0,0,2,2,175,3160,1,4,2013,2,15,20,0,6,4,CR-6,,0,37.12716667,-100.757875,0,1,0,0,1,1,2,4,1,1,0,1,0,0000000,15,20,15,28,15,58,3,0,0,1,0
20,200072,1,1,0,0,0,3,3,61,2790,3,4,2013,4,22,30,1,11,1,I-70,,2973,39.01652778,-96.82038611,0,1,0,0,1,1,0,4,2,1,0,1,0,0000000,22,42,22,46,23,8,20,0,0,1,0
20,200073,2,2,0,0,0,3,3,173,0,3,4,2013,4,7,50,0,4,6,S ROCK RD,,0,37.60697778,-97.24394722,0,12,6,0,1,1,0,1,1,1,0,1,0,0000000,7,55,8,10,8,41,0,0,0,1,0
20,200074,1,1,0,0,0,1,1,173,5880,4,4,2013,5,14,49,0,16,6,N AMIDON AVE,,0,37.75443889,-97.36300556,0,33,0,0,1,1,0,5,1,1,0,1,0,0000000,14,50,14,58,88,88,0,0,0,1,0
20,200075,1,1,0,0,0,1,1,177,5400,6,4,2013,7,17,44,1,11,1,I-470,,1780,38.99225833,-95.67511111,0,34,0,0,1,1,0,4,1,1,0,1,0,0000000,17,46,17,55,88,88,0,0,0,1,0
20,200076,1,1,0,0,0,1,1,15,0,7,4,2013,1,99,99,1,2,2,US-77,,0,37.97532778,-96.85878056,0,34,0,0,1,1,0,4,1,1,0,1,0,0000000,4,33,4,40,88,88,0,0,0,1,0
20,200077,1,1,0,0,0,3,3,173,5880,2,4,2013,3,3,0,1,2,2,US-54,S WEBB,0,37.67938333,-97.22589167,0,46,0,0,3,2,0,3,3,1,0,1,0,0000000,3,5,3,11,3,29,0,0,0,2,1
20,200078,2,2,0,0,0,3,3,145,2980,9,4,2013,3,20,1,1,2,2,US-56,,1800,38.155675,-99.12578611,0,12,2,0,1,1,0,1,2,12,0,12,0,0000000,20,4,20,19,20,35,0,0,0,2,0
20,200079,1,1,0,0,0,1,1,143,0,10,4,2013,4,5,20,1,2,2,US-81,,1636,39.04388333,-97.65009444,0,1,0,0,1,1,0,4,2,12,0,12,0,0000000,5,28,5,45,88,88,0,0,0,1,0
20,200080,1,1,0,0,0,4,4,183,0,15,4,2013,2,15,38,0,6,4,CR-160,,0,39.78523333,-99.02335556,0,1,0,0,1,1,0,2,1,1,0,1,0,0000000,15,47,16,5,16,10,0,0,0,1,0
20,200081,2,2,0,0,0,2,2,201,0,15,4,2013,2,17,12,1,2,2,US-36,,2765,39.81238889,-96.93898056,0,12,2,0,1,1,0,1,1,1,0,1,0,0000000,17,17,17,34,88,88,0,0,0,2,0
20,200082,1,1,0,0,0,1,1,159,0,16,4,2013,3,18,5,1,2,2,US-56,,2510,38.37695,-97.93379444,0,1,0,0,1,1,0,4,1,1,0,1,0,0000000,18,6,18,19,88,88,0,0,0,1,0
20,200083,2,2,0,0,0,3,3,161,0,19,4,2013,6,15,55,1,2,2,US-24,,0,39.26469722,-96.68298333,0,12,2,0,1,1,0,1,1,1,0,1,0,0000000,16,17,16,29,17,39,0,0,0,1,0
20,200084,2,2,0,0,0,4,4,37,0,20,4,2013,7,15,42,0,3,3,SR-7,W 590 AVE,326,37.46940278,-94.83392778,0,12,6,0,2,2,0,1,1,1,0,1,0,0000000,15,46,16,0,16,50,0,0,0,1,0
20,200085,2,2,0,0,0,3,3,103,0,23,4,2013,3,7,32,0,3,2,US-24,166TH STREET,140,39.11600833,-94.96423333,0,12,6,0,2,2,0,1,1,2,0,2,0,0000000,7,35,7,41,8,14,0,0,0,1,0
20,200086,4,4,0,0,0,4,4,3,0,24,4,2013,4,6,45,1,2,2,US-169,,858,38.12803611,-95.33753333,0,12,7,0,1,1,0,1,4,1,0,1,0,0000000,6,45,6,58,88,88,0,0,0,1,0
20,200087,2,2,0,0,0,2,2,171,0,24,4,2013,4,8,35,0,3,3,SR-96,N INDIAN RD,997,38.48143333,-100.9620139,0,12,6,0,2,2,0,1,1,1,0,1,0,0000000,8,39,8,46,88,88,0,0,0,1,0
20,200088,2,2,0,0,0,5,5,191,0,24,4,2013,4,19,35,0,6,6,N HILLSIDE RD,100TH AVE,0,37.40661944,-97.29395,0,12,6,0,2,2,0,1,1,1,0,1,0,0000000,19,46,20,3,20,20,0,0,0,1,1
20,200089,1,1,0,0,0,1,1,143,0,28,4,2013,1,18,35,0,5,6,135TH RD,,0,39.11636389,-97.67810278,0,42,0,0,1,1,0,6,1,1,0,1,0,0000000,18,37,18,42,18,58,0,0,0,1,0
20,200090,2,2,0,0,0,2,2,115,0,28,4,2013,1,3,5,1,2,2,US-56,,3204,38.56202222,-96.95240556,0,12,6,0,1,1,0,1,2,5,0,5,0,0000000,3,11,3,27,88,88,0,0,0,1,1
20,200091,1,1,0,0,0,1,1,173,5880,30,4,2013,3,2,23,1,2,2,US-54,,2127,37.67327778,-97.40306111,0,25,0,1,19,1,0,3,3,1,0,1,0,0000000,2,23,2,28,88,88,0,0,0,1,0
20,200092,1,1,0,0,0,1,1,173,0,30,4,2013,3,11,30,0,16,6,E 45TH STREET,,0,37.76700833,-97.32315833,0,32,0,0,1,1,0,4,1,1,0,1,0,0000000,11,33,11,42,88,88,0,0,0,1,0
20,200093,1,1,0,0,0,2,2,103,0,6,4,2013,7,2,50,0,3,2,US-24,,4048,39.08719167,-95.09385278,0,35,0,0,1,1,0,4,2,1,0,1,0,0000000,6,52,6,56,7,48,0,0,0,1,1
20,200094,1,1,0,0,0,1,1,103,0,6,4,2013,7,12,31,0,5,6,MT OLIVET ROAD,,0,39.33802778,-94.97675833,0,1,0,0,1,1,0,4,1,1,0,1,0,0000000,12,33,12,37,88,88,0,0,0,1,0
20,200095,1,1,0,0,0,1,1,175,0,28,4,2013,1,18,28,0,4,6,BLUE BELL ROAD,,0,37.03935278,-100.8106167,0,43,0,0,1,1,0,1,1,1,0,1,0,0000000,18,26,18,41,19,4,0,0,0,1,0
20,200096,3,3,0,0,0,7,7,209,2820,4,5,2013,7,21,53,1,11,1,I-35,,2336,39.05593611,-94.62978333,0,5,0,1,18,1,0,1,2,2,0,2,0,0000000,21,55,22,3,88,88,0,0,0,1,0
20,200097,1,1,0,0,0,2,2,139,0,11,5,2013,7,22,55,0,4,6,125TH ROAD,,0,38.84,-95.77824444,0,42,0,0,1,1,0,4,2,1,0,1,0,0000000,23,9,23,19,0,1,0,0,0,1,1
20,200098,2,2,0,0,0,2,2,107,0,13,5,2013,2,8,25,1,2,2,US-69,,930,38.22460833,-94.69752778,0,31,0,0,1,1,0,4,1,1,0,1,0,0000000,8,26,8,33,10,0,0,0,0,1,0
20,200099,1,1,0,0,0,1,1,35,0,14,5,2013,3,14,12,0,3,2,US-160,,0,37.24404444,-96.87506944,0,52,0,0,1,1,0,4,1,1,0,1,0,0000000,99,98,99,98,88,88,0,0,0,1,0
20,200100,2,2,0,0,0,4,4,169,4900,14,5,2013,3,17,40,0,16,6,STAPLER AVE,INDIANA AVE,0,38.8391,-97.589525,0,12,6,0,2,2,0,1,1,1,0,1,0,0000000,17,43,17,52,18,9,0,0,0,1,0
20,200101,2,2,0,0,0,2,2,45,0,17,5,2013,6,22,40,1,2,2,US-59,CR-458,1534,38.90866111,-95.26066667,0,12,6,0,2,3,0,1,2,1,0,1,0,0000000,22,43,22,50,23,22,0,0,0,1,1
20,200102,1,1,0,0,0,1,1,45,3010,18,5,2013,7,7,16,1,11,1,I-70,,2030,38.99255556,-95.23646389,0,23,0,0,1,1,0,3,1,5,0,5,0,0000000,7,24,7,38,8,19,0,0,0,1,0
20,200103,2,2,0,0,0,2,2,15,0,17,5,2013,6,8,18,0,4,6,SW SANTA FE LAKE RD,SW 190TH RD,0,37.54844167,-97.04360833,0,12,6,0,2,2,0,1,1,5,0,5,0,0000000,8,17,8,29,9,10,0,0,0,1,1
20,200104,1,1,0,0,0,4,4,151,0,20,5,2013,2,10,18,1,2,3,SR-61,,138,37.77305,-98.52176667,0,1,0,0,1,1,0,1,1,1,0,1,0,0000000,10,32,10,57,11,41,0,0,0,2,0
20,200105,2,2,0,0,0,4,4,69,0,21,5,2013,3,14,20,1,2,2,US-50,US50/SR-23 JCT,1031,37.80451667,-100.318825,0,12,6,0,8,1,0,1,1,1,0,1,0,0000000,14,33,14,54,15,6,0,0,0,1,0
20,200106,3,3,0,0,0,5,5,173,5880,22,5,2013,4,11,32,1,2,2,US-54,,2235,37.67924167,-97.20578889,0,12,2,0,1,1,0,1,1,1,0,1,0,0000000,11,32,11,37,11,58,0,0,0,2,0
20,200107,1,1,0,0,0,2,2,75,0,24,5,2013,6,17,30,0,5,6,WEST RIVER ROAD,,0,37.96223333,-101.764325,0,35,0,0,1,1,0,4,1,8,0,8,0,0000000,17,35,17,38,17,53,0,0,0,1,1
20,200108,1,1,0,0,0,3,3,37,0,25,5,2013,7,23,20,0,4,6,S 260TH STREET,,0,37.440525,-94.63063889,0,30,0,0,1,1,0,4,2,1,0,1,0,0000000,23,27,23,34,0,46,0,0,0,1,0
20,200109,1,1,0,0,0,1,1,91,3080,27,5,2013,2,1,25,1,11,1,I-35 NB RAMP,,0,38.99242778,-94.69736944,0,17,0,1,5,1,0,4,3,1,0,1,0,0000000,99,98,99,98,88,88,0,0,0,1,1
20,200110,2,2,0,0,0,2,2,173,5880,28,5,2013,3,7,35,1,11,1,I-235,,55,37.64973611,-97.39959167,0,12,2,1,18,1,0,1,1,1,0,1,0,0000000,99,99,7,45,88,88,0,0,0,2,0
20,200111,1,1,0,0,0,1,1,209,1510,28,5,2013,3,8,35,1,11,1,I-435,,0,39.10456389,-94.80788611,0,35,0,1,5,1,0,4,1,1,0,1,0,0000000,9,59,10,25,88,88,0,0,0,1,0
20,200112,2,1,1,0,0,5,5,53,0,28,5,2013,3,9,35,1,1,1,I-70,,2198,38.84700833,-98.20794444,0,14,0,0,1,1,0,2,1,1,0,1,0,0000000,9,39,9,53,10,29,0,0,0,4,0
20,200113,2,2,0,0,0,2,2,163,0,28,5,2013,3,6,40,0,4,4,CR-M TERR,,0,39.39529444,-99.39244444,0,12,2,0,1,1,0,1,1,5,0,5,0,0000000,6,52,7,5,7,30,0,0,0,1,0
20,200114,1,1,0,1,1,1,1,169,0,31,5,2013,6,8,27,0,4,6,W CRAWFORD STREET,,0,38.82714167,-97.67919444,0,9,0,0,1,1,0,1,1,1,0,1,0,0000000,8,47,8,48,9,0,0,0,0,1,0
20,200115,2,2,0,0,0,2,2,57,1370,4,6,2013,3,23,25,1,2,2,US-50,,1147,37.76361389,-100.1215861,0,12,2,0,1,1,0,1,2,2,0,2,0,0000000,23,28,0,33,1,9,0,0,0,1,0
20,200116,1,1,0,1,1,2,2,173,5880,6,6,2013,5,17,48,0,6,6,S SANTA FE AVE,,0,37.66102778,-97.33020833,0,8,0,0,1,1,0,1,1,1,0,1,0,0000000,17,45,18,1,18,5,0,0,0,1,0
20,200117,1,1,0,0,0,1,1,1,0,7,6,2013,6,10,29,1,2,2,US-169,,580,37.76913611,-95.41061667,0,58,0,0,1,1,1,1,1,1,0,1,0,0000000,10,34,10,45,88,88,0,0,0,1,0
20,200118,1,1,0,0,0,3,3,193,1060,9,6,2013,1,15,24,0,3,3,SR-25,,2006,39.4564,-101.0538861,0,32,0,0,1,1,0,4,1,1,0,1,0,0000000,15,28,15,39,15,56,0,0,0,1,0
20,200119,1,1,0,0,0,1,1,9,0,10,6,2013,2,21,12,1,2,2,US-56,,2080,38.36510556,-98.70896667,0,11,0,0,1,1,0,1,2,1,0,1,0,0000000,21,12,21,17,21,29,0,0,0,1,0
20,200120,1,1,0,0,0,1,1,121,0,10,6,2013,2,12,14,0,6,6,W 240TH STREET,,0,38.69331667,-94.86648889,0,42,0,0,1,1,0,4,1,1,0,1,0,0000000,12,19,12,35,88,88,0,0,0,1,0
20,200121,2,2,0,0,0,2,2,15,0,12,6,2013,4,22,10,1,2,2,US-400,,3198,37.66316667,-96.52738889,0,12,8,0,1,1,0,1,2,1,0,1,0,0000000,22,13,22,30,88,88,0,0,0,1,0
20,200122,1,1,0,0,0,1,1,173,5880,12,6,2013,4,8,45,0,3,6,S 119TH STREET,,10,37.66955,-97.48060278,0,33,0,0,1,1,0,4,1,1,0,1,0,0000000,8,47,8,47,88,88,0,0,0,1,0
20,200123,1,1,0,0,0,3,3,191,0,14,6,2013,6,15,14,0,4,2,US-177,,0,36.99882778,-97.40043611,0,1,0,0,1,1,0,2,1,1,0,1,0,0000000,15,18,15,32,16,3,0,0,0,1,0
20,200124,1,1,0,0,0,3,3,51,0,15,6,2013,7,0,58,0,6,4,CR-MOUNT PLEASANT RD,,0,38.82728611,-99.38652222,0,5,0,0,1,1,0,1,2,1,0,1,0,0000000,1,8,1,21,1,41,0,0,0,1,1
20,200125,1,1,0,0,0,1,1,99,0,15,6,2013,7,14,23,1,2,2,US-166,,1240,37.04827778,-95.30624444,0,31,0,0,1,1,0,4,1,1,0,1,0,0000000,14,41,14,45,88,88,0,0,0,1,1
20,200126,1,1,0,0,0,2,2,197,0,16,6,2013,1,23,15,1,1,1,I-70,,3387,39.05884722,-96.08203889,0,1,0,0,1,1,0,3,2,1,0,1,0,0000000,23,36,23,51,0,41,0,0,0,1,0
20,200127,2,2,0,0,0,3,3,161,3490,18,6,2013,3,15,55,1,2,2,US-24,RIVER POND RD,3120,39.24579444,-96.59586944,0,12,6,0,2,2,0,1,1,1,0,1,0,0000000,15,56,16,1,88,88,0,0,0,2,0
20,200128,1,1,0,0,0,2,2,31,5700,18,6,2013,3,15,14,1,2,2,US-75,,0,38.33652778,-95.72886389,0,1,0,0,1,1,0,4,1,1,0,1,0,0000000,15,16,15,24,15,44,0,0,0,1,0
20,200129,2,2,0,0,0,3,3,53,0,18,6,2013,3,11,39,0,3,3,SR-140,SR-141,0,38.75456667,-97.97431111,0,12,6,0,2,3,0,1,1,1,0,1,0,0000000,11,40,11,48,88,88,0,0,0,1,0
20,200130,1,1,0,0,0,4,4,11,0,27,5,2013,2,22,0,0,4,6,155TH,,0,37.91260556,-94.82324722,0,5,0,0,1,1,0,1,2,1,0,1,0,0000000,22,7,22,37,88,88,0,0,0,1,1
20,200131,2,2,0,0,0,4,4,37,4460,16,6,2013,1,16,10,0,15,6,JEFFERSON ST,ELM ST,0,37.40028333,-94.70183056,0,12,6,0,2,2,0,1,1,1,0,1,0,0000000,88,88,88,88,88,88,0,0,0,1,0
20,200132,2,2,0,0,0,3,3,155,0,20,6,2013,5,8,36,1,2,3,SR-61,,603,38.11277778,-97.87566389,0,12,6,0,7,1,0,1,1,1,0,1,0,0000000,8,38,8,55,10,0,0,0,0,1,0
20,200133,1,1,0,1,1,1,1,91,4285,22,6,2013,7,21,13,1,11,1,I-35,,2267,38.98705833,-94.70285833,0,8,0,0,1,1,0,1,5,1,0,1,0,0000000,21,15,21,19,88,88,0,0,0,1,0
20,200134,3,3,0,0,0,4,4,173,5880,24,6,2013,2,10,40,0,5,6,W CENTRAL AVE,,0,37.69475,-97.39453056,0,12,8,0,1,1,0,1,1,1,0,1,0,0000000,10,43,10,49,11,15,0,0,0,1,0
20,200135,1,1,0,0,0,3,3,35,0,25,6,2013,3,12,10,0,3,3,SR-15,,213,37.389375,-97.00648333,0,1,0,0,1,1,0,4,1,1,0,1,0,0000000,12,12,12,25,12,58,0,0,0,1,0
20,200136,2,2,0,0,0,6,6,13,2450,26,6,2013,4,2,8,0,3,3,SR-20,,15,39.66716389,-95.70161111,0,12,2,0,1,1,0,1,2,1,0,1,0,0000000,2,26,2,35,3,19,0,0,0,1,0
20,200138,1,1,0,0,0,2,2,181,2110,26,6,2013,4,13,43,1,1,1,I-70,,235,39.32919167,-101.6073222,0,1,0,0,1,1,0,4,1,1,0,1,0,0000000,13,45,13,56,88,88,0,0,0,1,1
20,200139,2,2,0,0,0,2,2,173,5880,29,6,2013,7,8,10,0,13,6,N RIDGE RD,W WESTPORT AVE,0,37.71688611,-97.42615,0,12,6,0,2,3,0,1,1,1,0,1,0,0000000,8,10,8,18,8,44,0,0,0,1,0
20,200140,2,2,0,0,0,2,2,35,0,28,6,2013,6,21,33,1,2,2,US-77,SR-15,0,37.38969722,-97.00625278,0,12,6,0,2,2,0,1,2,1,0,1,0,0000000,21,37,21,47,88,88,0,0,0,1,0
20,200141,2,2,0,0,0,2,2,125,0,29,6,2013,7,13,0,1,2,2,US-169,,2,37.00234722,-95.61761944,0,12,2,0,1,1,0,1,1,1,0,1,0,0000000,13,3,13,8,88,88,0,0,0,1,0
20,200142,1,1,0,0,0,1,1,85,0,29,6,2013,7,22,33,0,6,6,E RD,,0,39.2918,-95.96074167,0,1,0,0,1,1,0,4,2,1,0,1,0,0000000,22,45,22,54,23,59,0,0,0,1,1
20,200143,2,2,0,0,0,2,2,121,0,29,6,2013,7,22,0,0,4,6,PLUM CREEK RD,W 383 RD,0,38.43278611,-94.95516389,0,12,6,0,2,2,0,1,2,1,0,1,0,0000000,22,2,22,9,22,41,0,0,0,1,0
20,200144,2,2,0,0,0,2,2,141,0,30,6,2013,1,10,15,1,2,2,US-281,,1965,39.46718056,-98.69421667,0,12,2,0,1,1,0,1,1,1,0,1,0,0000000,10,19,10,29,10,50,0,0,0,1,0
20,200145,2,2,0,0,0,2,2,173,0,27,6,2013,5,14,50,0,14,6,E 45TH STREET,E HYDRAULIC STREET,0,37.766775,-97.31739444,0,12,6,0,2,2,0,1,1,1,0,1,0,0000000,14,52,14,56,88,88,0,0,0,1,0
20,200146,1,1,0,0,0,1,1,79,0,2,7,2013,3,4,30,0,6,6,HESSTON RD,,0,38.16764444,-97.47067778,0,11,0,0,1,1,0,1,2,1,0,1,0,0000000,4,52,4,59,5,39,0,0,0,1,0
20,200147,1,1,0,4,4,1,1,173,5880,5,7,2013,6,22,14,0,13,6,E 21ST,N PIATT,0,37.72275556,-97.312,0,8,0,0,2,3,0,1,2,1,0,1,0,0000000,22,46,22,52,23,7,19,0,0,1,0
20,200148,1,1,0,0,0,1,1,209,580,6,7,2013,7,23,16,1,2,3,SR-7,COMMERCIAL DR,0,39.08993611,-94.88175833,0,31,0,0,3,3,0,3,2,1,0,1,0,0000000,23,20,23,28,23,53,0,0,0,1,0
20,200149,1,1,0,0,0,1,1,91,4285,7,7,2013,1,99,99,1,2,2,US-69,,1348,38.81714722,-94.67649722,0,24,0,0,1,1,0,3,2,1,0,1,0,0000000,13,13,13,21,88,88,0,0,0,1,1
20,200150,2,1,1,0,0,1,1,57,0,6,7,2013,7,22,20,1,2,2,US-56,,1190,37.75174167,-99.97619722,0,38,0,0,1,1,0,4,2,1,0,1,0,0000000,22,30,22,34,23,7,0,0,0,1,1
20,200151,1,1,0,1,1,1,1,177,5400,7,7,2013,1,21,57,0,14,6,NW TYLER,NW LYMAN,0,39.08725556,-95.67313056,0,9,0,0,3,3,0,1,3,1,0,1,0,0000000,21,59,22,3,22,19,0,0,0,1,0
20,200152,1,1,0,0,0,1,1,11,0,8,7,2013,2,20,30,0,4,3,SR-3,,0,37.73581944,-94.97954444,0,35,0,0,1,1,0,4,1,1,0,1,0,0000000,20,39,21,23,99,99,0,0,0,1,0
20,200153,1,1,0,0,0,1,1,165,0,9,7,2013,3,8,50,0,6,4,CR-110,,0,38.48491111,-99.56718611,0,1,0,0,1,1,0,2,1,1,0,1,0,0000000,8,55,9,12,88,88,0,0,0,1,0
20,200154,1,1,0,1,1,1,1,209,0,9,7,2013,3,14,5,0,6,6,RUBY AVE,VALLEY STREET,0,39.07145556,-94.64197222,0,9,0,0,2,2,0,1,1,1,0,1,0,0000000,14,10,14,14,14,26,0,0,0,1,0