STATE,ST_CASE,VE_TOTAL,VE_FORMS,PVH_INVL,PEDS,PERNOTMVIT,PERMVIT,PERSONS,COUNTY,CITY,DAY,MONTH,YEAR,DAY_WEEK,HOUR,MINUTE,NHS,ROAD_FNC,ROUTE,TWAY_ID,TWAY_ID2,MILEPT,LATITUDE,LONGITUD,SP_JUR,HARM_EV,MAN_COLL,RELJCT1,RELJCT2,TYP_INT,WRK_ZONE,REL_ROAD,LGT_COND,WEATHER1,WEATHER2,WEATHER,SCH_BUS,RAIL,NOT_HOUR,NOT_MIN,ARR_HOUR,ARR_MIN,HOSP_HR,HOSP_MN,CF1,CF2,CF3,FATALS,DRUNK_DR
20,200155,1,1,0,0,0,2,2,195,0,11,7,2013,5,2,45,1,1,1,I-70,,1276,39.01290833,-99.88104167,0,1,0,0,1,1,0,2,2,1,0,1,0,0000000,2,45,2,55,3,9,0,0,0,1,0
20,200156,2,2,0,0,0,4,4,57,630,11,7,2013,5,7,0,1,2,2,US-54,,879,37.55205833,-99.63259167,0,12,6,0,1,1,0,1,1,1,0,1,0,0000000,7,6,7,11,7,55,0,0,0,1,0
20,200157,2,2,0,0,0,2,2,15,0,12,7,2013,6,0,10,0,4,6,NW BUTLER RD,NW 30TH STREET,0,37.86902778,-97.13383889,0,12,1,0,3,2,0,1,2,1,0,1,0,0000000,0,25,0,29,88,88,0,0,0,1,2
20,200158,1,1,0,0,0,1,1,131,0,14,7,2013,1,3,15,0,4,3,SR-63,,299,39.60526667,-96.03293056,0,32,0,0,1,1,0,4,2,1,0,1,0,0000000,4,35,4,56,88,88,0,0,0,1,1
20,200159,2,2,0,0,0,3,3,177,0,16,7,2013,3,15,0,1,2,2,US-75,,0,39.15519722,-95.71989167,0,12,1,0,1,1,2,1,1,1,0,1,0,0000000,15,7,15,15,15,39,0,0,0,1,0
20,200160,1,1,0,0,0,1,1,137,0,17,7,2013,4,5,45,0,4,3,SR-9,,366,39.65019722,-99.76233056,0,11,0,0,1,1,0,1,4,1,0,1,0,0000000,6,24,6,38,7,14,0,0,0,1,0
20,200161,1,1,0,0,0,1,1,91,4140,17,7,2013,4,8,44,1,1,1,I-35,,2122,38.81573056,-94.87457778,0,1,0,0,1,1,0,4,1,1,0,1,0,0000000,8,48,8,54,88,88,0,0,0,1,0
20,200162,2,2,0,0,0,2,2,39,4100,17,7,2013,4,10,41,0,3,2,US-36,N WILSON AVE,0,39.82796667,-100.5227194,0,12,6,0,2,3,0,1,1,1,0,1,0,0000000,10,42,10,45,10,55,0,0,0,1,0
20,200163,2,2,0,0,0,5,5,99,0,18,7,2013,5,19,19,1,2,2,US-400,N KIOWA RD,3973,37.34630278,-95.34045,0,12,6,0,2,2,0,1,1,1,0,1,0,0000000,19,22,19,32,19,55,0,0,0,2,0
20,200164,1,1,0,1,1,1,1,45,3010,21,7,2013,1,20,13,1,2,3,SR-10,N 1350RD,33,38.93586944,-95.30702222,0,9,0,0,3,2,0,1,5,1,0,1,0,0000000,20,18,20,23,88,88,0,0,0,1,0
20,200165,1,1,0,0,0,1,1,55,0,21,7,2013,1,3,0,0,4,6,SAGEBRUSH RD,,0,37.95618611,-100.8999667,0,31,0,0,1,1,0,4,2,1,0,1,0,0000000,5,15,5,23,5,43,0,0,0,1,1
20,200166,2,2,0,0,0,2,2,189,2610,1,7,2013,2,17,20,0,3,2,US-56,SR-25,0,37.19849444,-101.3390694,0,12,6,0,2,2,0,1,1,1,0,1,0,0000000,17,23,17,28,88,88,0,0,0,1,0
20,200167,2,2,0,0,0,3,3,15,173,23,7,2013,3,21,20,1,2,2,US-54,,2306,37.67965278,-97.075,0,12,2,0,1,1,0,1,3,2,0,2,0,0000000,21,25,21,37,22,6,0,0,0,1,1
20,200168,1,1,0,1,1,1,1,173,5880,29,7,2013,2,16,55,0,13,6,S WEST STREET,,0,37.64236111,-97.38913333,0,33,0,0,1,1,0,4,1,1,0,1,0,0000000,16,55,16,59,88,88,0,0,0,1,0
20,200169,1,1,0,0,0,1,1,91,4140,31,7,2013,4,4,0,0,13,6,NE NORTGATE STREET,,0,38.91236389,-94.80735833,0,33,0,0,1,1,0,3,3,1,0,1,0,0000000,4,6,4,11,88,88,0,0,0,1,0
20,200170,1,1,0,0,0,1,1,153,0,31,7,2013,4,21,59,0,16,4,CR-RD-S,,0,39.82800278,-101.078175,0,1,0,0,1,1,0,2,3,1,0,1,0,0000000,22,5,22,18,88,88,0,0,0,1,1
20,200171,1,1,0,0,0,1,1,109,4090,31,7,2013,4,15,25,0,3,3,SR-25,,1780,39.13136667,-101.0531444,0,1,0,0,1,1,0,5,1,1,0,1,0,0000000,15,29,15,41,16,7,0,0,0,1,1
20,200172,2,2,0,0,0,6,6,99,0,2,7,2013,3,21,9,0,6,6,19000 ROAD,MEADE ROAD,0,37.26679167,-95.30309722,0,12,6,0,2,2,0,1,9,1,0,1,0,0000000,21,11,21,52,22,17,0,0,0,1,2
20,200173,2,2,0,0,0,3,3,189,2610,8,7,2013,2,6,16,0,4,4,CR-12,,0,37.01095833,-101.35665,0,12,8,0,1,1,0,1,4,1,0,1,0,0000000,6,17,6,34,88,88,0,0,0,1,0
20,200174,1,1,0,0,0,2,2,99,0,19,7,2013,6,1,13,0,4,6,NESS RD,,0,37.31375556,-95.28591667,0,53,0,0,1,1,0,4,2,1,0,1,0,0000000,1,19,1,25,1,42,0,0,0,1,1
20,200175,1,1,0,0,0,1,1,11,0,2,8,2013,6,16,0,0,6,6,VALLEY RD,,0,37.97900556,-94.66175,0,58,0,0,1,1,0,5,1,1,0,1,0,0000000,16,53,17,9,88,88,0,0,0,1,1
20,200176,2,2,0,0,0,3,3,91,4140,2,8,2013,6,7,8,0,15,6,LONE ELM RD,W 159TH STREET,0,38.84000278,-94.83434444,0,12,6,1,2,2,0,1,1,2,0,2,0,0000000,7,10,7,13,7,25,0,0,0,1,0
20,200177,2,2,0,0,0,2,2,151,0,3,8,2013,7,6,38,1,2,3,SR-61,,122,37.76110833,-98.55129167,0,12,8,0,1,1,0,1,1,1,0,1,0,0000000,6,44,7,3,7,37,0,0,0,1,1
20,200178,1,1,0,0,0,1,1,157,0,4,8,2013,1,3,35,0,5,6,180TH ROAD,,0,39.73145,-97.61459444,0,1,0,0,1,1,0,4,2,1,0,1,0,0000000,88,88,88,88,88,88,0,0,0,1,1
20,200179,2,2,0,0,0,3,3,173,5880,4,8,2013,1,11,7,0,13,6,N OLIVER AVE,,0,37.69829444,-97.28053889,0,12,2,0,1,1,0,1,1,2,0,2,0,0000000,11,8,11,11,11,39,0,0,0,1,0
20,200180,1,1,0,0,0,1,1,11,0,6,8,2013,3,22,0,0,4,6,MAPLE RD,,0,37.84525,-94.71627778,0,34,0,0,1,1,0,5,2,1,0,1,0,0000000,22,16,23,1,88,88,0,0,0,1,1
20,200181,1,1,0,0,0,2,2,147,0,7,8,2013,4,19,23,0,4,6,W 1300 RD,,0,39.79481944,-99.57145556,0,38,0,0,1,1,0,4,1,1,0,1,0,0000000,19,29,19,42,20,19,0,0,0,1,0
20,200182,2,2,0,0,0,3,3,173,5880,7,8,2013,4,12,18,0,13,6,N ROCK ROAD,E SR-96 RAMP,0,37.74481111,-97.24464722,0,12,6,1,2,2,0,1,1,1,0,1,0,0000000,13,0,13,6,13,38,0,0,0,1,0
20,200183,1,1,0,0,0,4,4,143,0,9,8,2013,6,22,0,1,2,2,US-81,,1786,39.21915278,-97.66784722,0,32,0,0,1,1,0,4,2,1,0,1,0,0000000,22,4,22,14,22,57,0,0,0,1,0
20,200184,2,2,0,0,0,3,3,209,2820,9,8,2013,6,23,5,1,3,2,US-69,PARALLEL PKWY,1615,39.12556389,-94.62682778,0,12,6,0,2,2,0,1,3,1,0,1,0,0000000,23,7,23,12,23,21,0,0,0,1,2
20,200185,1,1,0,0,0,2,2,41,2540,10,8,2013,7,5,10,0,4,6,OAT RD,,0,38.61096111,-97.077675,0,11,0,0,1,1,0,1,2,5,0,5,0,0000000,5,52,6,8,7,0,19,0,0,1,0
20,200186,1,1,0,0,0,1,1,189,0,13,8,2013,3,10,22,0,4,6,ROAD 12,,0,37.154375,-101.3572083,0,1,0,0,1,1,0,4,1,1,0,1,0,0000000,10,27,10,32,10,41,0,0,0,1,1
20,200187,2,2,0,0,0,2,2,91,3720,13,8,2013,3,10,21,0,14,6,SHAWNEE MISSION PKWY,STATE LINE RD,0,39.03419722,-94.60753056,0,12,7,0,2,2,0,1,1,1,0,1,0,0000000,10,22,10,23,10,34,0,0,0,1,0
20,200188,2,2,0,0,0,2,2,177,0,15,8,2013,5,22,30,1,2,2,US-75,NW 62ND STREET,1674,39.15846389,-95.71926944,0,12,6,0,2,2,0,1,3,1,0,1,0,0000000,22,33,22,41,23,29,0,0,0,1,1
20,200189,2,2,0,0,0,4,4,169,4900,16,8,2013,6,15,34,0,4,6,E MAGNOLIA RD,S SIMPSOM RD,0,38.79824722,-97.53902778,0,12,2,0,2,2,0,1,1,1,0,1,0,0000000,15,39,15,49,16,9,0,0,0,2,0
20,200190,2,2,0,0,0,5,5,35,0,16,8,2013,6,18,24,0,4,6,21ST RD,,0,37.27486389,-97.11451389,0,12,2,0,1,1,0,4,1,1,0,1,0,0000000,18,24,18,34,19,30,0,0,0,1,0
20,200191,1,1,0,0,0,2,2,121,3320,17,8,2013,7,20,40,0,4,6,METCALF RD,,0,38.641425,-94.67599167,0,58,0,0,1,1,0,4,2,1,0,1,0,0000000,20,46,20,48,21,14,0,0,0,1,0
20,200192,2,2,0,0,0,2,2,185,0,17,8,2013,7,8,45,1,2,2,US-50,US-281,1944,37.95586667,-98.74707778,0,12,6,0,2,2,0,1,1,1,0,1,0,0000000,8,45,8,51,9,16,0,0,0,1,0
20,200193,1,1,0,0,0,1,1,179,0,19,8,2013,2,9,47,0,3,2,US-24,,968,39.355975,-100.2886806,0,1,0,0,1,1,0,4,1,1,0,1,0,0000000,9,48,10,0,10,40,0,0,0,1,0
20,200194,2,2,0,0,0,3,3,163,0,20,8,2013,3,5,25,0,3,3,SR-18,,238,39.23456667,-99.35799167,0,12,2,0,1,1,0,1,2,1,0,1,0,0000000,5,30,5,53,7,17,0,0,0,1,0
20,200195,1,1,0,0,0,3,3,49,0,20,8,2013,3,20,18,0,4,4,CR-18,,0,37.60620833,-96.21589722,0,42,0,0,1,1,0,4,5,1,0,1,0,0000000,20,18,20,40,21,34,7,0,0,1,1
20,200196,2,2,0,0,0,2,2,45,3010,22,8,2013,5,16,15,0,15,6,ROCKLEDGE RD,MOUNDVIEW DR,0,38.97024722,-95.26504444,0,12,6,0,2,3,0,1,1,1,0,1,0,0000000,16,17,16,20,88,88,0,0,0,1,0
20,200197,2,1,1,0,0,1,1,155,2660,23,8,2013,6,2,53,0,16,6,E 9TH STREET,,0,38.06277778,-97.93004444,0,14,0,0,1,1,0,7,3,1,0,1,0,0000000,2,55,3,1,3,25,0,0,0,1,1
20,200198,1,1,0,0,0,1,1,161,0,23,8,2013,6,15,25,1,2,2,US-77,,1983,39.49743333,-96.75409444,0,42,0,0,1,1,0,4,1,1,0,1,0,0000000,15,30,15,53,88,88,0,0,0,1,0
20,200199,1,1,0,0,0,1,1,91,5090,23,8,2013,6,22,10,0,6,6,CLARE RD,,0,39.04166944,-94.87058333,0,32,0,0,1,1,0,4,2,1,0,1,0,0000000,22,11,22,18,22,44,0,0,0,1,1
20,200200,1,1,0,0,0,1,1,85,0,24,8,2013,7,23,10,0,6,4,CR-F,,0,39.26743333,-95.94245556,0,11,0,0,1,1,0,1,2,1,0,1,0,0000000,23,11,23,40,88,88,0,0,0,1,1
20,200201,2,2,0,0,0,3,3,173,0,24,8,2013,7,9,32,1,3,3,SR-15,E 47TH STREET,718,37.60588889,-97.29103333,0,12,6,0,2,2,0,1,1,1,0,1,0,0000000,9,32,9,39,10,0,0,0,0,1,0
20,200202,1,1,0,0,0,1,1,111,1660,25,8,2013,1,21,57,1,11,1,I-35,,1269,38.41346944,-96.23927222,0,31,0,1,5,1,0,4,3,1,0,1,0,0000000,22,34,22,39,88,88,0,0,0,1,0
20,200203,1,1,0,0,0,1,1,91,5090,26,8,2013,2,0,44,1,11,1,I-435,,76,39.0334,-94.78751944,0,1,0,0,1,1,0,4,2,1,0,1,0,0000000,0,46,0,54,88,88,0,0,0,1,1
20,200204,1,1,0,1,1,1,1,55,1950,27,8,2013,3,6,50,0,16,6,N FOURTH STREET,,0,37.971125,-100.8672111,0,8,0,0,1,1,0,1,4,1,0,1,0,0000000,6,50,6,51,6,51,0,0,0,1,0
20,200205,1,1,0,1,1,1,1,173,5880,27,8,2013,3,18,48,0,13,6,E HARRY STREET,,0,37.66438889,-97.32680556,0,8,0,0,1,1,0,1,1,1,0,1,0,0000000,18,48,18,52,19,1,0,0,0,1,0
20,200206,1,1,0,1,1,1,1,21,5720,28,8,2013,4,18,15,0,6,6,W FOREST STREET,,0,37.31095278,-94.7741,0,8,0,0,1,1,0,1,1,1,0,1,0,0000000,18,15,18,32,18,50,0,0,0,1,0
20,200207,2,2,0,0,0,3,3,127,0,30,8,2013,6,19,6,0,3,2,US-56,,3349,38.65604722,-96.80984167,0,1,0,0,1,1,0,1,1,1,0,1,0,0000000,19,8,19,23,88,88,0,0,0,1,0
20,200208,3,3,0,0,0,3,3,1,0,31,8,2013,7,12,20,0,3,2,US-59,US-54/ N DOKATO RD,790,37.936025,-95.16990556,0,12,1,0,3,2,0,1,1,1,0,1,0,0000000,12,26,12,29,13,29,0,0,0,1,0
20,200209,1,1,0,0,0,1,1,201,0,31,8,2013,7,13,0,0,6,6,PARALLEL RD,,0,39.56695833,-97.34413889,0,42,0,0,1,1,0,4,1,1,0,1,0,0000000,13,15,13,18,88,88,0,0,0,1,0
20,200210,1,1,0,0,0,4,4,83,2290,1,9,2013,1,18,15,0,6,4,CR-H,,0,38.015325,-99.91388056,0,1,0,0,1,1,0,4,1,1,0,1,0,0000000,18,32,18,39,19,2,0,0,0,1,1
20,200211,1,1,0,0,0,1,1,181,0,3,9,2013,3,0,15,0,6,2,US-24 OLD,,0,39.33636944,-101.8136944,0,1,0,0,1,1,0,4,2,1,0,1,0,0000000,0,56,1,8,1,22,0,0,0,1,1
20,200212,1,1,0,0,0,1,1,91,1340,3,9,2013,3,99,99,0,16,6,W 83RD STREET,,0,38.97838333,-94.93263611,0,58,0,0,1,1,0,4,2,1,0,1,0,0000000,88,88,88,88,88,88,0,0,0,1,1
20,200213,2,2,0,0,0,2,2,173,5880,3,9,2013,3,15,14,0,16,6,N MERIAN AVE,K-96 RAMP,0,37.75875556,-97.371425,0,12,2,1,2,2,0,1,1,1,0,1,0,0000000,15,15,15,20,16,8,0,0,0,1,0
20,200214,1,1,0,0,0,1,1,173,0,4,9,2013,4,0,4,0,14,6,W ZOO BLVD,,0,37.71411111,-97.39975556,0,33,0,1,19,1,0,4,3,1,0,1,0,0000000,0,8,0,14,0,44,0,0,0,1,0
20,200215,1,1,0,0,0,1,1,161,3490,5,9,2013,5,17,30,0,4,6,N MCDOWELL CREEK ROAD,,0,39.13670556,-96.55908056,0,58,0,0,1,1,0,2,1,1,0,1,0,0000000,17,31,17,41,88,88,0,0,0,1,0
20,200216,1,1,0,0,0,1,1,91,5090,5,9,2013,5,15,8,0,13,6,W 75TH STREET,,0,38.99291389,-94.71356389,0,33,0,0,1,1,0,4,1,1,0,1,0,0000000,15,10,15,11,88,88,0,0,0,1,0
20,200217,3,2,1,0,0,5,5,151,0,6,9,2013,6,8,5,1,2,2,US-54,,1450,37.64555833,-98.60665,0,12,6,0,1,1,1,1,1,1,0,1,0,0000000,8,9,8,16,8,49,0,0,0,2,0
20,200218,1,1,0,0,0,1,1,173,5880,1,9,2013,1,18,25,0,14,6,E PAWNEE RD,,0,37.65003333,-97.27154167,0,33,0,0,1,1,0,4,1,1,0,1,0,0000000,18,26,18,30,18,43,0,0,0,1,1
20,200219,1,1,0,0,0,1,1,203,0,8,9,2013,1,10,54,0,6,4,CR-G,,0,38.61244722,-101.1457861,0,1,0,0,1,1,0,4,1,1,0,1,0,0000000,10,54,11,16,11,41,0,0,0,1,0
20,200220,2,2,0,0,0,3,3,69,0,9,9,2013,2,5,58,1,2,2,US-50,SR-23,926,37.85617222,-100.4953444,0,12,6,0,2,3,0,1,2,1,0,1,0,0000000,6,3,6,22,7,0,0,0,0,2,0
20,200221,2,2,0,0,0,4,4,55,0,9,9,2013,2,14,0,0,4,6,W JONES AVE,,0,37.98885,-100.9625028,0,12,2,0,1,1,0,1,1,1,0,1,0,0000000,14,8,14,15,14,37,0,0,0,2,0
20,200222,1,1,0,1,1,1,1,169,4900,9,9,2013,2,15,28,0,16,6,TULANE AVE,,0,38.80312778,-97.61478611,0,15,0,0,1,1,0,1,1,1,0,1,0,0000000,15,33,15,36,15,48,0,0,0,1,0
20,200223,2,2,0,0,0,2,2,155,0,10,9,2013,3,11,50,0,6,6,W 4TH,N HERREN,0,38.05726944,-98.05040556,0,12,6,0,2,2,0,1,1,1,0,1,0,0000000,11,58,12,6,12,46,0,0,0,1,0
20,200224,2,2,0,0,0,2,2,15,0,12,9,2013,5,9,40,0,3,3,SR-196,,0,37.83941389,-96.93225556,0,12,2,0,1,1,0,1,1,2,0,2,0,0000000,9,45,9,53,10,44,0,0,0,1,0
20,200225,2,2,0,0,0,2,2,51,0,13,9,2013,6,23,49,1,1,1,I-70,,1625,38.878325,-99.26838611,0,12,2,0,1,1,0,1,2,1,0,1,0,0000000,23,50,0,11,1,54,0,0,0,1,1
20,200226,2,2,0,0,0,4,4,103,3020,14,9,2013,7,20,27,0,13,6,EISENHOWER STREET,WALMARTS DRIVE WAY,0,39.26666389,-94.92926667,0,12,6,0,2,3,0,1,3,1,0,1,0,0000000,20,27,20,31,88,88,0,0,0,1,0
20,200227,1,1,0,0,0,1,1,79,0,17,9,2013,3,17,54,0,3,3,SR-196,,0,37.95537778,-97.32728333,0,21,0,1,19,1,0,4,1,1,0,1,0,0000000,19,14,19,54,88,88,0,0,0,1,0
20,200228,2,2,0,0,0,4,4,173,5880,17,9,2013,3,16,13,0,14,6,E LINCOLN STREET,S WAHINGTON AVE,0,37.67154722,-97.32626389,0,12,6,0,2,2,0,1,1,1,0,1,0,0000000,16,15,16,21,16,56,0,0,0,1,0
20,200229,2,2,0,0,0,2,2,209,2820,18,9,2013,4,3,23,1,11,1,I-35,US-169 RAMP,2346,39.07061111,-94.61828611,0,12,6,1,2,2,0,1,3,1,0,1,0,0000000,3,24,3,28,3,51,0,0,0,1,1
20,200230,2,2,0,0,0,2,2,91,4140,18,9,2013,4,22,55,0,15,6,S MUR-LEN RD,133RD STREET,0,38.88647222,-94.77948611,0,12,1,0,3,2,0,1,3,1,0,1,0,0000000,22,56,23,2,23,23,0,0,0,1,0
20,200231,1,1,0,0,0,1,1,73,0,21,9,2013,7,19,24,0,6,6,BADGER CREEK RD,,0,37.66783611,-96.04935278,0,42,0,0,1,1,0,4,5,1,0,1,0,0000000,19,33,19,58,88,88,0,0,0,1,1
20,200232,2,2,0,0,0,2,2,113,0,21,9,2013,7,9,35,1,2,3,SR-61,COMANCHE ROAD,0,38.28911389,-97.73558611,0,12,6,0,2,2,0,1,1,1,0,1,0,0000000,9,47,9,54,10,19,0,0,0,1,0
20,200233,2,2,0,0,0,4,4,29,0,22,9,2013,1,23,43,0,6,4,CR-258TH ROAD,,0,39.34270556,-97.44851667,0,12,7,0,1,1,0,1,2,1,0,1,0,0000000,23,44,23,52,0,45,0,0,0,1,2
20,200234,2,2,0,0,0,2,2,15,0,22,9,2013,1,17,0,1,2,2,US-400,,3010,37.67936944,-96.83576667,0,31,0,0,1,1,0,4,1,1,0,1,0,0000000,17,7,17,20,88,88,0,0,0,1,0
20,200235,2,2,0,0,0,4,4,91,4285,26,9,2013,5,15,38,0,15,6,W 79TH STREET,MASTIN STREET,0,38.98559722,-94.70128611,0,12,6,0,2,2,0,1,1,1,0,1,0,0000000,15,39,15,44,16,10,0,0,0,2,0
20,200236,2,2,0,0,0,3,3,173,5880,27,9,2013,6,21,25,0,14,6,S SENECA STREET,,0,37.61166389,-97.35220833,0,12,2,0,1,1,0,1,3,1,0,1,0,0000000,21,25,21,29,88,88,0,0,0,1,1
20,200237,2,2,0,0,0,2,2,11,0,30,9,2013,2,12,50,0,4,3,SR-31,215TH STREET,0,38.00831389,-94.71346667,0,12,6,0,2,2,0,1,1,1,0,1,0,0000000,13,1,13,15,13,44,0,0,0,1,0
20,200238,1,1,0,1,1,1,1,161,0,8,9,2013,1,16,27,1,2,1,I-70,,3209,39.065575,-96.40174167,0,8,0,0,1,1,0,4,1,1,0,1,0,0000000,16,40,16,58,88,88,0,0,0,1,0
20,200239,1,1,0,0,0,1,1,29,0,29,8,2013,5,22,19,0,4,3,SR-9,,0,39.48090278,-97.89614444,0,42,0,0,1,1,0,4,2,1,0,1,0,0000000,22,20,22,36,88,88,0,0,0,1,0
20,200240,2,2,0,0,0,2,2,201,0,1,10,2013,3,11,0,1,2,2,US-36,,2760,39.81255,-96.94241111,0,12,7,0,1,1,0,1,1,1,0,1,0,0000000,11,7,11,16,11,28,0,0,0,1,0
20,200241,4,4,0,0,0,4,4,91,3080,1,10,2013,3,16,50,1,12,3,SR-10,,293,38.94181111,-94.78813056,0,12,7,0,1,1,0,1,1,1,0,1,0,0000000,16,52,16,58,17,14,0,0,0,1,0
20,200242,2,2,0,0,0,2,2,203,3130,3,10,2013,5,6,51,0,3,3,SR-96,,401,38.48082222,-101.4040417,0,12,2,0,1,1,0,1,4,5,0,5,0,0000000,6,59,6,59,7,25,0,0,0,1,0
20,200243,2,2,0,0,0,5,5,21,0,4,10,2013,6,17,10,0,3,2,US-160,NW 50TH ROAD,4520,37.17898056,-94.92235556,0,12,2,0,3,2,0,1,1,1,0,1,0,0000000,17,10,17,12,18,0,0,0,0,2,0
20,200244,2,2,0,1,1,7,7,159,0,4,10,2013,6,19,52,0,4,6,Q AVE,,0,38.28951667,-98.04485833,0,12,2,0,1,1,0,1,2,1,0,1,0,0000000,20,9,20,36,21,4,19,23,0,1,0
20,200245,1,1,0,0,0,2,2,139,0,5,10,2013,7,15,34,0,3,3,SR-268,,87,38.60922778,-95.53989722,0,35,0,0,1,1,0,4,1,1,0,1,0,0000000,15,56,16,27,16,50,0,0,0,1,0
20,200246,1,1,0,0,0,4,4,15,0,5,10,2013,7,22,8,1,2,2,US-45 RAMP,,2428,37.67790833,-96.84385556,0,1,0,1,19,1,0,4,2,1,0,1,0,0000000,22,8,22,21,23,26,0,0,0,1,0
20,200247,1,1,0,0,0,4,4,15,0,5,10,2013,7,17,19,0,6,6,SW 60TH STREET,,0,37.73735,-97.00235,0,5,0,0,1,1,0,1,1,1,0,1,0,0000000,17,29,17,38,18,2,0,0,0,1,0
20,200248,1,1,0,0,0,3,3,51,0,6,10,2013,1,18,33,0,6,6,140TH AVE,,0,39.120825,-99.51833333,0,5,0,0,1,1,0,1,1,1,0,1,0,0000000,19,18,19,34,20,42,0,0,0,1,1
20,200249,1,1,0,0,0,6,6,209,2820,7,10,2013,2,16,40,0,16,6,BALL LANE,,0,39.05926389,-94.6395,0,35,0,0,1,1,4,4,1,1,0,1,0,0000000,16,46,16,51,17,4,0,0,0,1,0
20,200250,2,2,0,0,0,3,3,9,0,8,10,2013,3,14,22,1,2,3,SR-156,,1442,38.52536389,-98.50186944,0,12,6,1,17,1,0,1,1,1,0,1,0,0000000,14,24,14,29,16,6,0,0,0,2,0
20,200251,1,1,0,0,0,1,1,57,0,8,10,2013,3,17,27,0,4,6,WILDFIRE ROAD,,0,37.54698889,-100.0615389,0,1,0,0,1,1,0,4,1,1,0,1,0,0000000,17,29,17,38,18,15,0,0,0,1,0
20,200252,2,2,0,0,0,2,2,173,5880,10,10,2013,5,13,39,0,3,6,E MOUNT VERNON RD,S PATTIE AVE,0,37.65712222,-97.32261667,0,58,0,0,2,2,0,1,1,1,0,1,0,0000000,13,39,13,44,88,88,0,0,0,1,0
20,200253,5,5,0,0,0,9,9,91,4545,11,10,2013,6,12,57,0,13,6,W 75TH STREET,ROE AVE,0,38.99318056,-94.63979444,0,12,1,0,3,2,0,1,1,1,0,1,0,0000000,12,59,13,8,14,15,20,0,0,1,1
20,200254,1,1,0,0,0,1,1,125,0,12,10,2013,7,22,0,0,6,4,CR-1700,,0,37.07445,-95.91022778,0,31,0,0,1,1,0,4,2,1,0,1,0,0000000,22,0,22,8,88,88,0,0,0,1,1
20,200255,2,2,0,0,0,3,3,173,0,13,10,2013,1,19,17,0,6,6,E 95TH STREET,S GREENWICH RD,0,37.518925,-97.20767778,0,12,6,0,2,2,0,1,2,1,0,1,0,0000000,19,18,19,25,20,6,0,0,0,1,0
20,200256,1,1,0,0,0,8,8,191,0,14,10,2013,2,0,39,1,1,1,I-35,,202,37.29066944,-97.340325,0,1,0,0,1,1,0,4,2,1,0,1,0,0000000,0,40,0,52,1,36,0,0,0,1,0
20,200257,2,2,0,0,0,2,2,57,0,15,10,2013,3,9,18,1,2,2,US-283,,431,37.5562,-100.0126,0,12,2,0,1,1,0,1,1,1,0,1,0,0000000,9,23,9,38,10,25,0,0,0,1,0
20,200258,2,2,0,0,0,2,2,177,0,15,10,2013,3,16,48,1,2,2,US-75,62ND,1681,39.15845,-95.71922222,0,12,6,0,2,2,0,1,1,1,0,1,0,0000000,16,53,17,2,17,42,0,0,0,1,0
20,200259,1,1,0,0,0,1,1,197,0,16,10,2013,4,23,15,0,4,6,HARVEYVILLE RD,,0,38.9063,-95.96419167,0,1,0,0,1,1,0,1,2,1,0,1,0,0000000,23,21,23,34,0,17,0,0,0,1,0
20,200261,4,1,3,0,0,1,1,161,3490,18,10,2013,6,3,13,0,16,6,NORTHFIELD STREET,,0,39.2127,-96.57137222,0,33,0,0,1,1,0,4,3,1,0,1,0,0000000,3,17,3,25,3,45,0,0,0,1,1
20,200262,2,2,0,0,0,2,2,103,0,19,10,2013,7,1,54,1,1,1,I-70,,2213,39.08577778,-94.92552222,0,12,2,0,1,1,0,1,2,1,0,1,0,0000000,2,9,2,29,3,17,19,23,0,1,0
20,200263,2,2,0,0,0,2,2,73,0,20,10,2013,1,5,10,1,2,2,US-54,,2729,37.81531667,-96.47803889,0,12,2,0,1,1,0,1,2,1,0,1,0,0000000,5,16,5,30,5,58,0,0,0,1,1
20,200264,2,2,0,1,1,2,2,177,5400,20,10,2013,1,6,11,1,2,2,US-75,,1620,39.08496667,-95.73001944,0,8,0,0,1,1,0,1,2,1,0,1,0,0000000,88,88,88,88,88,88,15,0,0,1,0
20,200265,1,1,0,0,0,1,1,51,0,21,10,2013,2,22,27,0,4,6,130TH AVE,,0,38.98692778,-99.53895278,0,58,0,0,1,1,0,4,2,1,0,1,0,0000000,0,11,0,17,88,88,0,0,0,1,0
20,200266,1,1,0,1,1,1,1,111,0,24,10,2013,5,22,4,1,2,2,US-50,,3430,38.41232778,-96.247875,0,9,0,0,1,1,0,1,2,1,0,1,0,0000000,99,99,99,99,99,99,0,0,0,1,0
20,200267,1,1,0,0,0,2,2,177,0,25,10,2013,6,20,40,0,6,6,SW 97TH STREET,,0,38.88976667,-95.69659167,0,35,0,0,1,1,0,4,2,1,0,1,0,0000000,20,44,20,58,21,36,0,0,0,1,1
20,200268,1,1,0,0,0,2,2,179,0,27,10,2013,1,5,0,0,6,9,10 S ROAD,,0,39.35024167,-100.6534139,0,1,0,0,1,1,0,4,2,1,0,1,0,0000000,5,26,6,12,6,46,0,0,0,1,1
20,200269,1,1,0,1,1,2,2,139,0,27,10,2013,1,19,8,1,1,1,I-35,,1636,38.44192222,-95.72758611,0,8,0,0,1,1,0,3,2,1,0,1,0,0000000,19,17,19,27,88,88,19,0,0,1,0