STATE,ST_CASE,VE_TOTAL,VE_FORMS,PVH_INVL,PEDS,PERNOTMVIT,PERMVIT,PERSONS,COUNTY,CITY,DAY,MONTH,YEAR,DAY_WEEK,HOUR,MINUTE,NHS,ROAD_FNC,ROUTE,TWAY_ID,TWAY_ID2,MILEPT,LATITUDE,LONGITUD,SP_JUR,HARM_EV,MAN_COLL,RELJCT1,RELJCT2,TYP_INT,WRK_ZONE,REL_ROAD,LGT_COND,WEATHER1,WEATHER2,WEATHER,SCH_BUS,RAIL,NOT_HOUR,NOT_MIN,ARR_HOUR,ARR_MIN,HOSP_HR,HOSP_MN,CF1,CF2,CF3,FATALS,DRUNK_DR
20,200270,2,2,0,0,0,5,5,91,4140,27,10,2013,1,2,22,1,11,1,I-35,,2174,38.87513889,-94.79377778,0,12,2,0,1,1,0,1,3,1,0,1,0,0000000,2,27,2,34,2,52,0,0,0,1,2
20,200271,2,2,0,0,0,6,6,173,5880,27,10,2013,1,2,6,0,14,6,N ARKANSAS AVE,W 24TH STREET,0,37.72797778,-97.34477778,0,12,6,0,2,2,0,1,3,1,0,1,0,0000000,2,5,2,10,2,36,20,0,0,1,1
20,200272,1,1,0,1,1,0,0,135,3960,29,10,2013,3,23,30,0,4,6,SW J ROAD,,0,38.41328889,-100.0629472,0,8,0,0,1,1,0,4,3,2,0,2,0,0000000,6,38,6,57,88,88,0,0,0,1,0
20,200273,2,2,0,0,0,3,3,51,0,31,10,2013,5,15,58,0,6,6,GRANTS VILLA ROAD,,0,38.76931944,-99.11893889,0,12,6,0,1,1,0,1,1,1,0,1,0,0000000,16,0,16,10,16,44,0,0,0,1,1
20,200274,1,1,0,0,0,1,1,189,0,4,10,2013,6,15,20,0,4,4,CR-D,,0,37.039125,-101.3323583,0,1,0,0,1,1,0,4,1,1,0,1,0,0000000,15,23,15,38,15,56,0,0,0,1,0
20,200275,1,1,0,1,1,1,1,9,2150,12,10,2013,7,99,99,0,13,2,US-281,,0,38.37466667,-98.759575,0,8,0,0,1,1,0,1,3,1,0,1,0,0000000,20,27,20,30,20,45,0,0,0,1,0
20,200276,1,1,0,0,0,1,1,21,0,21,10,2013,2,13,57,0,3,3,SR-7,,0,37.31331111,-94.83201944,0,1,0,0,1,1,0,4,1,1,0,1,0,0000000,13,58,14,7,88,88,0,0,0,1,0
20,200277,1,1,0,0,0,1,1,209,2820,2,11,2013,7,6,13,1,11,8,E CENTRAL RAMP,,0,39.1026,-94.62130833,0,23,0,1,5,1,0,4,3,1,0,1,0,0000000,6,17,6,22,6,34,0,0,0,1,0
20,200278,1,1,0,0,0,1,1,147,0,3,11,2013,1,19,56,0,4,6,CR-W1300,,0,39.73866389,-99.56121944,0,38,0,0,1,1,0,4,2,1,0,1,0,0000000,20,47,20,50,21,30,0,0,0,1,0
20,200279,1,1,0,0,0,1,1,59,0,3,11,2013,1,15,30,0,6,6,DOUGLAS RD,,0,38.44830833,-95.41473333,0,1,0,0,1,1,0,1,1,1,0,1,0,0000000,15,37,15,57,88,88,0,0,0,1,0
20,200280,1,1,0,0,0,1,1,117,0,3,11,2013,1,2,0,1,2,2,US-77,,2035,39.573525,-96.75051667,0,32,0,0,1,1,0,4,2,1,0,1,0,0000000,6,0,6,12,88,88,0,0,0,1,1
20,200281,3,3,0,0,0,3,3,91,3080,5,11,2013,3,13,8,1,11,1,I-435,,4,38.94255278,-94.753675,0,12,6,0,1,1,0,1,1,2,0,2,0,0000000,13,12,13,17,88,88,14,0,0,1,0
20,200282,1,1,0,0,0,3,3,161,0,19,10,2013,7,1,30,0,6,6,LK&W ROAD,,0,39.37869444,-96.82181667,0,39,0,0,1,1,0,4,2,1,0,1,0,0000000,3,31,3,52,4,37,0,0,0,1,1
20,200283,2,2,0,1,1,1,1,61,0,27,10,2013,1,20,47,1,1,1,I-70,,3142,38.99951389,-96.85908333,0,12,6,1,18,1,0,1,2,1,0,1,0,0000000,20,54,21,8,21,40,19,23,0,1,0
20,200284,1,1,0,1,1,1,1,185,0,5,11,2013,3,17,50,1,2,2,US-50,,2000,37.95480833,-98.60652778,0,8,0,0,1,1,0,1,2,2,0,2,0,0000000,17,56,18,2,88,88,23,0,0,1,0
20,200285,2,2,0,0,0,2,2,41,20,5,11,2013,3,18,28,0,4,6,1700 AVE,SR-15,0,38.84202222,-97.22333611,0,12,6,0,2,2,0,1,2,2,0,2,0,0000000,18,31,18,41,19,0,0,0,0,1,1
20,200286,1,1,0,0,0,1,1,15,0,9,11,2013,7,3,40,1,1,1,I-35 KTA,,744,37.85313611,-96.86318889,0,25,0,0,1,1,0,3,2,1,0,1,0,0000000,99,99,99,99,88,88,0,0,0,1,0
20,200287,2,2,0,0,0,3,3,35,210,10,11,2013,1,21,20,1,2,2,US-166,11TH ROAD,154,37.05616389,-97.13038056,0,12,6,0,2,2,0,1,2,1,0,1,0,0000000,21,23,21,29,22,41,0,0,0,1,0
20,200288,1,1,0,0,0,2,2,45,0,16,11,2013,7,14,30,0,3,2,US-56,,4177,38.78220556,-95.44789444,0,32,0,0,1,1,0,4,1,8,0,8,0,0000000,14,31,14,48,15,50,0,0,0,1,0
20,200289,2,2,0,0,0,2,2,125,0,17,11,2013,1,19,15,1,2,2,US-169,2800 ROAD,89,37.10797222,-95.58619167,0,12,6,0,2,2,0,1,2,1,0,1,0,0000000,20,32,21,36,88,88,0,0,0,1,0
20,200290,2,1,1,0,0,1,1,173,5880,17,11,2013,1,20,32,0,16,6,S SANTA FE AVE,,0,37.6517,-97.33027778,0,14,0,0,1,1,0,7,3,1,0,1,0,0000000,20,33,20,39,20,56,0,0,0,1,1
20,200291,1,1,0,1,1,1,1,21,0,19,11,2013,3,18,36,0,3,2,US-160,,0,37.178775,-94.89156389,0,8,0,0,1,1,0,1,2,1,0,1,0,0000000,18,22,18,25,19,12,19,0,0,1,0
20,200292,2,2,0,0,0,5,5,189,0,19,11,2013,3,5,55,0,4,4,CR-D,CR-12,0,37.03871111,-101.3556194,0,12,1,0,3,2,0,1,2,1,0,1,0,0000000,6,1,6,14,6,47,0,0,0,1,0
20,200293,1,1,0,0,0,3,3,71,0,21,11,2013,5,2,0,0,6,4,CR-17,,0,38.49360278,-101.7337611,0,30,0,0,1,1,0,4,2,1,0,1,0,0000000,2,13,2,36,2,46,0,0,0,2,1
20,200294,1,1,0,1,1,1,1,177,0,22,11,2013,6,18,35,1,1,1,I-335,,1669,38.88410833,-95.81935556,0,8,0,0,1,1,0,1,2,1,0,1,0,0000000,18,29,18,42,88,88,19,0,0,1,0
20,200295,1,1,0,0,0,1,1,51,0,28,11,2013,5,2,10,0,6,6,E 5TH STREET,,0,38.86475,-99.32514722,0,35,0,0,1,1,0,4,2,1,0,1,0,0000000,2,10,2,15,88,88,20,0,0,1,1
20,200296,1,1,0,0,0,1,1,201,0,28,11,2013,5,2,0,0,6,6,ZENITH ROAD,,0,39.87235833,-96.87630278,0,21,0,0,1,1,0,4,2,1,0,1,0,0000000,16,2,99,99,88,88,0,0,0,1,1
20,200297,2,2,0,0,0,7,7,21,0,29,11,2013,6,15,47,1,2,2,US-166,,0,37.03091667,-94.78582222,0,12,8,0,1,1,0,1,1,1,0,1,0,0000000,15,47,15,57,16,24,0,0,0,1,0
20,200298,1,1,0,0,0,1,1,69,0,30,11,2013,7,99,99,0,6,4,CR-M ROAD,,0,37.82704722,-100.3016306,0,35,0,0,1,1,0,4,2,1,0,1,0,0000000,5,19,5,34,88,88,0,0,0,1,1
20,200299,1,1,0,0,0,1,1,91,4140,30,11,2013,7,12,7,0,16,6,S STONECREST ROAD,,0,38.87820278,-94.85713333,0,53,0,0,1,1,0,4,1,1,0,1,0,0000000,12,10,12,17,12,40,0,0,0,1,0
20,200300,1,1,0,0,0,1,1,121,4320,2,11,2013,7,20,1,0,6,6,HOSPITAL DRIVE,,0,38.51239722,-94.86494167,0,1,0,0,1,1,0,4,2,1,0,1,0,0000000,20,4,20,10,88,88,0,0,0,1,1
20,200301,1,1,0,1,1,1,1,59,5750,5,11,2013,3,9,0,0,6,8,ALLEY,,0,38.72373889,-95.08118611,0,8,0,0,1,1,0,1,1,2,0,2,0,0000000,9,2,9,11,9,59,0,0,0,1,0
20,200302,1,1,0,0,0,1,1,91,4140,24,11,2013,1,17,34,0,16,6,S LAKE SHORE DR,,0,38.85453333,-94.871225,0,1,0,0,1,1,0,4,2,1,0,1,0,0000000,17,35,17,40,88,88,0,0,0,1,1
20,200303,2,2,0,0,0,3,3,21,390,25,11,2013,2,7,49,1,2,2,US-166,,0,37.02367778,-94.72069444,0,12,6,0,1,1,0,1,1,2,0,2,0,0000000,7,48,7,53,8,33,0,0,0,1,0
20,200304,1,1,0,0,0,2,2,155,0,27,11,2013,4,15,45,0,4,6,W 95TH,,0,38.1587,-98.39371389,0,11,0,0,1,1,0,1,1,1,0,1,0,0000000,15,45,16,4,16,25,0,0,0,1,0
20,200305,1,1,0,1,1,1,1,209,2820,29,11,2013,6,99,99,1,2,2,US-69,,0,39.09587222,-94.64926111,0,9,0,1,19,1,0,2,9,99,0,99,0,0000000,88,88,88,88,88,88,0,0,0,1,0
20,200306,1,1,0,0,0,2,2,191,0,2,12,2013,2,15,6,0,6,6,E 30TH STREET,,0,37.30302778,-97.42231389,0,38,0,0,1,1,0,4,1,1,0,1,0,0000000,15,7,15,17,15,51,0,0,0,1,0
20,200308,1,1,0,0,0,1,1,93,0,3,12,2013,3,2,30,1,2,2,US-50,,455,37.95612222,-101.2347444,0,1,0,0,1,1,0,4,2,1,0,1,0,0000000,2,38,2,43,3,0,0,0,0,1,0
20,200309,1,1,0,0,0,1,1,15,0,4,12,2013,4,22,15,0,6,6,SE MUNSON HILL ROAD,,0,37.65691389,-96.69760556,0,1,0,0,1,1,0,4,2,1,0,1,0,0000000,88,88,88,88,88,88,0,0,0,1,0
20,200310,1,1,0,0,0,2,2,65,2470,7,12,2013,7,99,99,0,6,6,190TH AVE,,0,39.33750278,-99.99527222,0,35,0,0,1,1,0,4,2,1,0,1,0,0000000,7,8,7,22,88,88,0,0,0,1,1
20,200311,2,2,0,0,0,4,4,21,390,7,12,2013,7,7,45,1,2,2,US-166,,1572,37.023575,-94.726125,0,12,2,0,1,1,0,1,1,1,0,1,0,0000000,7,49,7,55,8,35,0,0,0,1,0
20,200312,1,1,0,0,0,1,1,111,0,8,12,2013,1,8,17,1,1,1,I-35,,1368,38.41088056,-96.06690278,0,1,0,0,1,1,0,4,1,12,0,12,0,0000000,99,99,99,99,88,88,0,0,0,1,0
20,200313,2,2,0,0,0,2,2,173,5880,10,12,2013,3,21,52,1,12,3,SR-42 SOUTHWEST BLVD,WEST STREET,0,37.65196111,-97.38891111,0,12,6,1,2,2,0,1,3,1,0,1,0,0000000,21,52,21,59,88,88,0,0,0,1,1
20,200314,2,2,0,0,0,2,2,21,1920,14,12,2013,7,0,44,1,2,2,US-69,,79,37.09539722,-94.70410833,0,12,2,0,1,1,0,1,2,1,0,1,0,0000000,0,49,0,55,2,40,0,0,0,1,1
20,200315,1,1,0,0,0,1,1,127,1180,14,12,2013,7,23,5,0,3,2,US-56,,3320,38.66678889,-96.41274722,0,1,0,0,1,1,0,4,2,1,0,1,0,0000000,23,9,23,32,88,88,0,0,0,1,1
20,200316,1,1,0,0,0,1,1,19,0,14,12,2013,7,16,39,0,3,3,SR-99,,215,37.11311667,-96.43845278,0,59,0,0,1,1,0,4,1,1,0,1,0,0000000,16,50,17,4,88,88,0,0,0,1,1
20,200317,3,3,0,0,0,5,5,173,5880,16,12,2013,2,16,46,0,16,6,E PAWNEE AVE,,0,37.65004722,-97.22965833,0,1,0,0,1,1,0,1,1,1,0,1,0,0000000,16,46,16,54,17,18,0,0,0,1,0
20,200318,2,1,1,0,0,1,1,17,0,17,12,2013,3,20,58,1,1,1,I-35,,970,38.46041389,-96.55248889,0,31,0,0,5,1,0,4,3,1,0,1,0,0000000,20,58,21,33,88,88,0,0,0,1,0
20,200319,2,2,0,0,0,2,2,3,0,18,12,2013,4,15,20,1,2,2,US-169,,818,38.10053611,-95.35616111,0,12,2,0,1,1,0,1,1,1,0,1,0,0000000,99,99,99,99,88,88,0,0,0,1,0
20,200320,2,2,0,0,0,2,2,29,1120,18,12,2013,4,14,45,1,2,2,US-81,UBION RD,0,39.609675,-97.65975556,0,12,6,0,2,2,0,1,1,1,0,1,0,0000000,14,47,14,53,15,2,0,0,0,1,0
20,200321,1,1,0,0,0,5,5,119,3600,19,12,2013,5,19,38,1,2,2,US-54,,400,37.28519444,-100.4043278,0,1,0,0,1,1,0,4,2,1,0,1,0,0000000,19,38,19,50,20,5,0,0,0,2,0
20,200322,1,1,0,1,1,1,1,177,5400,19,12,2013,5,20,7,0,13,6,SW 29TH STREET,,0,39.014475,-95.75014444,0,8,0,0,1,1,0,1,3,6,0,6,0,0000000,20,10,20,11,20,30,0,0,0,1,0
20,200323,1,1,0,0,0,1,1,173,0,21,12,2013,7,2,50,1,11,1,I-35 KTA,,400,37.57259722,-97.32558056,0,1,0,0,1,1,0,4,2,12,0,12,0,0000000,3,0,3,7,88,88,0,0,0,1,1
20,200324,1,1,0,0,0,1,1,83,2760,23,12,2013,2,17,50,0,6,6,N 208 RD,,0,38.14163333,-100.0816833,0,1,0,0,1,1,0,4,2,1,0,1,0,0000000,18,26,18,44,19,3,0,0,0,1,0
20,200325,2,2,0,0,0,2,2,19,0,24,12,2013,3,12,55,0,3,2,US-166,,670,37.07861111,-96.09787778,0,12,6,0,1,1,0,1,1,1,0,1,0,0000000,12,57,13,18,13,27,0,0,0,2,0
20,200326,1,1,0,1,1,1,1,103,3020,24,12,2013,3,20,30,0,16,6,APACHE STREET,,0,39.29683889,-94.91016944,0,8,0,0,1,1,0,1,3,1,0,1,0,0000000,88,88,88,88,88,88,0,0,0,1,0
20,200327,1,1,0,0,0,1,1,99,4370,24,12,2013,3,12,31,0,14,6,32ND STREET,,0,37.33447778,-95.28549444,0,33,0,0,1,1,0,4,1,1,0,1,0,0000000,12,29,12,38,88,88,0,0,0,1,0
20,200328,2,2,0,0,0,2,2,79,0,28,12,2013,7,2,9,1,1,1,I-135,,265,37.97572778,-97.32717778,0,12,1,0,1,1,0,1,2,1,0,1,0,0000000,2,15,2,23,88,88,0,0,0,1,1
20,200329,1,1,0,0,0,5,5,139,0,31,12,2013,3,16,40,0,6,6,269TH ROAD,,0,38.57960556,-95.81872778,0,42,0,0,1,1,0,4,1,1,0,1,0,0000000,16,49,17,21,18,27,0,0,0,1,1
20,200330,1,1,0,0,0,1,1,103,5390,4,12,2013,4,21,47,0,3,2,US-24,MAIN STREET,4070,39.11631111,-95.08419167,0,46,0,0,3,2,0,4,3,1,0,1,0,0000000,21,51,21,54,88,88,0,0,0,1,0
20,200331,1,1,0,0,0,2,2,139,0,5,7,2013,6,20,13,1,1,1,I-35,,1660,38.69572222,-95.68673056,0,1,0,0,1,1,0,3,1,1,0,1,0,0000000,13,23,13,53,14,26,0,0,0,1,0
20,200332,1,1,0,0,0,1,1,193,590,26,7,2013,6,11,10,1,2,1,I-70,,0,39.34270278,-101.3655639,0,1,0,0,1,1,0,4,1,1,0,1,0,0000000,11,17,11,34,11,56,0,0,0,1,0
21,210001,2,2,0,0,0,2,2,183,210,4,1,2013,6,9,39,0,6,5,NORTH MAIN STREET,,0,37.43300278,-86.88491389,0,12,6,0,8,1,0,1,1,1,0,1,0,0000000,9,40,9,40,99,99,0,0,0,1,0
21,210002,2,2,0,0,0,2,2,69,0,4,1,2013,6,13,0,0,5,3,SR-57,,163,38.48125556,-83.647725,0,12,2,0,1,1,0,1,1,1,0,1,0,0000000,13,4,13,14,88,88,0,0,0,2,0
21,210003,2,1,1,0,0,2,2,111,3010,5,1,2013,7,8,0,0,14,3,SR-1931,,90,38.20238056,-85.79270556,0,14,0,0,1,1,0,5,1,1,0,1,0,0000000,99,99,99,99,99,99,0,0,0,1,1
21,210004,1,1,0,0,0,1,1,137,0,6,1,2013,1,0,10,0,5,3,SR-1781,,12,37.36212222,-84.63950556,0,38,0,0,1,1,0,5,2,10,0,10,0,0000000,0,14,0,29,88,88,0,0,0,1,1
21,210005,1,1,0,0,0,1,1,111,2090,6,1,2013,1,5,30,0,16,4,CR-SOUTH PARK ROAD,,33,38.11715278,-85.73435,0,21,0,0,1,1,0,4,2,10,0,10,0,0000000,99,99,99,99,88,88,0,0,0,1,1
21,210006,1,1,0,1,1,1,1,111,2090,6,1,2013,1,20,30,0,16,5,STRAWBERRY LANE,ESTELE AVE,1,38.15965278,-85.76261111,0,8,0,0,2,3,0,1,2,10,0,10,0,0000000,20,30,20,31,21,11,0,0,0,1,0
21,210007,1,1,0,0,0,1,1,233,0,9,1,2013,4,12,25,0,4,3,SR-132,,112,37.509775,-87.77259722,0,52,0,0,1,1,0,4,1,10,0,10,0,0000000,12,25,12,36,88,88,0,0,0,1,0
21,210008,1,1,0,0,0,1,1,209,0,9,1,2013,4,18,42,1,1,1,I-75S,,1431,38.47276111,-84.57927222,0,35,0,0,1,1,0,4,2,1,0,1,0,0000000,18,50,19,3,19,29,0,0,0,1,0
21,210009,3,3,0,0,0,3,3,111,2090,10,1,2013,5,14,30,0,13,2,US-60,BECKLEY STATION RD,129,38.23885,-85.48823889,0,12,6,0,2,2,0,1,1,10,0,10,0,0000000,14,30,14,40,15,23,0,0,0,1,0
21,210010,3,3,0,0,0,5,5,163,0,10,1,2013,5,18,40,0,3,3,SR-144,SR-313,292,37.87626111,-86.09578611,0,12,6,0,2,3,0,1,2,10,0,10,0,0000000,18,39,18,57,19,41,0,0,0,1,1
21,210011,1,1,0,2,2,1,1,213,0,10,1,2013,5,9,52,0,6,4,CR-ROARK RD,,23,36.75274444,-86.502975,0,49,0,0,1,1,0,1,1,10,0,10,0,0000000,9,54,10,5,10,29,0,0,0,1,0
21,210012,2,2,0,0,0,2,2,67,1980,12,1,2013,7,3,42,0,13,2,US-421,SR-1978,22,38.07538611,-84.53818333,0,12,6,0,2,4,0,1,3,10,0,10,0,0000000,3,42,3,47,88,88,0,0,0,1,1
21,210013,1,1,0,0,0,1,1,175,0,12,1,2013,7,21,5,0,4,3,SR-946,,0,37.86178611,-83.49511667,0,24,0,0,1,1,0,4,2,5,0,5,0,0000000,21,3,21,25,21,57,0,0,0,1,1
21,210014,1,1,0,1,1,1,1,147,3545,12,1,2013,7,21,47,1,2,2,US-27,,100,36.73727222,-84.47145833,0,8,0,0,1,1,0,1,2,1,0,1,0,0000000,21,49,21,52,88,88,0,0,0,1,0
21,210015,1,1,0,0,0,3,3,47,1620,15,1,2013,3,18,5,1,13,2,US-68B,,104,36.84983611,-87.42831667,0,24,0,0,1,1,0,3,2,3,0,3,0,0000000,18,7,18,15,18,39,0,0,0,1,0
21,210016,1,1,0,1,1,1,1,111,2090,11,1,2013,6,18,35,1,13,2,US-31,,93,38.18623333,-85.63631667,0,8,0,0,1,1,0,1,2,1,0,1,0,0000000,99,99,99,99,99,99,0,0,0,1,0
21,210017,1,1,0,0,0,2,2,141,0,17,1,2013,5,12,55,0,4,3,SR-106,,1,36.93783056,-87.05355556,0,1,0,0,1,1,0,4,1,1,0,1,0,0000000,13,5,13,23,99,99,0,0,0,2,0
21,210018,2,2,0,0,0,3,3,107,0,16,1,2013,4,11,42,0,5,3,SR-1069,,56,37.43949167,-87.52467778,0,12,2,0,1,1,0,1,1,10,0,10,0,0000000,11,43,11,51,12,21,0,0,0,1,0
21,210019,2,2,0,0,0,2,2,49,0,16,1,2013,4,22,43,0,4,3,SR-627,OLD BOONSBORO RD,29,37.93651389,-84.232525,0,12,6,0,2,2,0,1,1,1,0,1,0,0000000,22,43,22,46,88,88,0,0,0,1,0
21,210020,1,1,0,0,0,1,1,227,350,11,1,2013,6,23,49,0,16,5,CAVE MILL ROAD,,7,36.94170833,-86.438075,0,24,0,0,1,1,0,4,3,1,0,1,0,0000000,23,51,23,54,88,88,0,0,0,1,1
21,210021,2,2,0,0,0,4,4,151,0,19,1,2013,7,5,20,0,4,3,SR-627,,15,37.85745278,-84.30870556,0,12,2,0,1,1,0,1,2,10,0,10,0,0000000,5,26,5,36,6,29,0,0,0,1,2
21,210022,1,1,0,0,0,2,2,209,1280,20,1,2013,1,2,57,1,1,1,I-75,,1238,38.20456111,-84.52930833,0,52,0,0,1,1,0,4,3,1,0,1,0,0000000,3,0,3,14,3,24,0,0,0,1,1
21,210023,4,4,0,0,0,5,5,1,740,21,1,2013,2,13,46,0,3,3,SR-61,HWY 55 BYPASS,120,37.08570556,-85.3243,0,12,6,0,2,2,0,1,1,1,0,1,0,0000000,13,38,13,43,14,15,0,0,0,1,0
21,210024,2,2,0,0,0,3,3,49,0,22,1,2013,3,19,30,1,1,1,I-64,,992,38.02469167,-84.12071111,0,12,1,0,1,1,0,1,2,1,0,1,0,0000000,19,16,19,23,88,88,0,0,0,1,0
21,210025,1,1,0,0,0,1,1,125,0,22,1,2013,3,19,40,0,6,4,CR-PINE TOP RD,,18,37.10014722,-84.15166111,0,42,0,0,1,1,0,4,2,1,0,1,0,0000000,19,40,19,52,88,88,0,0,0,1,0
21,210026,1,1,0,0,0,1,1,111,2090,23,1,2013,4,12,44,0,16,5,25TH SR. SOUTH,,10,38.23309722,-85.79575833,0,10,0,0,6,1,0,1,1,1,0,1,0,850983C,99,99,99,99,88,88,0,0,0,1,1
21,210027,1,1,0,0,0,1,1,111,2090,24,1,2013,5,8,8,1,11,1,I-264,,24,38.24410556,-85.51285278,0,25,0,0,1,1,0,3,1,1,0,1,0,0000000,99,99,99,99,99,99,0,0,0,1,0
21,210028,2,2,0,0,0,9,9,65,0,24,1,2013,5,13,19,0,3,3,SR-52,,0,37.71770556,-84.09844444,0,12,6,0,1,1,0,1,1,1,0,1,0,0000000,13,20,13,27,13,47,0,0,0,1,0
21,210029,1,1,0,0,0,1,1,179,0,21,1,2013,2,14,0,0,4,2,US-62,,101,37.80868333,-85.54365278,0,35,0,0,1,1,0,4,1,1,0,1,0,0000000,14,0,14,13,88,88,0,0,0,1,0
21,210030,2,2,0,0,0,2,2,111,2090,14,1,2013,2,11,50,0,16,3,SR-1747,SR-864,47,38.15781111,-85.64588056,0,12,6,0,2,3,0,1,1,1,0,1,0,0000000,11,50,11,55,88,88,0,0,0,1,0
21,210031,1,1,0,0,0,4,4,239,0,9,1,2013,4,16,45,0,6,4,CR-DRY RIDGE RD,,31,38.00948333,-84.67099444,0,42,0,0,1,1,0,4,5,10,0,10,0,0000000,16,50,16,58,17,49,0,0,0,1,0
21,210032,2,2,0,0,0,4,4,69,0,3,1,2013,5,10,8,0,3,3,SR-11,SR-559,125,38.43549167,-83.747475,0,12,6,0,2,2,0,1,1,1,0,1,0,0000000,10,9,10,13,10,23,0,0,0,2,0
21,210033,1,1,0,0,0,1,1,179,0,2,1,2013,4,12,48,0,3,2,US-31E,,190,37.87692778,-85.46820833,0,31,0,0,1,1,0,4,1,10,0,10,0,0000000,12,53,12,58,88,88,0,0,0,1,0
21,210034,1,1,0,0,0,1,1,47,2580,25,1,2013,6,0,55,1,3,2,US-41,,30,36.80096389,-87.35884167,0,53,0,0,1,1,0,5,3,10,0,10,0,0000000,0,55,1,11,88,88,0,0,0,1,0
21,210035,1,1,0,1,1,1,1,169,0,25,1,2013,6,11,30,0,6,4,CR-BILL RIDGE RD,,11,37.05731944,-85.65286111,0,8,0,0,1,1,0,1,1,10,0,10,0,0000000,11,31,11,50,88,88,23,0,0,1,0
21,210036,1,1,0,0,0,2,2,195,921,25,1,2013,6,22,21,0,6,4,CR-RIVER ROAD,,3,37.34462778,-82.39602222,0,1,0,0,1,1,0,4,2,3,0,3,0,0000000,22,23,22,37,88,88,0,0,0,1,1
21,210037,1,1,0,1,1,1,1,93,2724,26,1,2013,7,22,15,1,13,2,US-31W,,279,37.84188889,-85.94029444,0,8,0,0,1,1,0,1,3,1,0,1,0,0000000,22,17,22,21,22,25,0,0,0,1,1
21,210038,1,1,0,0,0,1,1,205,0,29,1,2013,3,13,58,0,4,3,SR-32,,109,38.18912222,-83.36814444,0,35,0,0,1,1,0,4,1,1,0,1,0,0000000,13,55,14,1,14,20,0,0,0,1,0
21,210039,1,1,0,0,0,2,2,31,0,21,1,2013,2,9,21,0,4,3,SR-106,,30,37.09870556,-86.85485833,0,35,0,0,1,1,0,5,1,1,0,1,0,0000000,9,20,9,40,10,45,0,0,0,1,0
21,210040,2,2,0,0,0,3,3,43,0,28,1,2013,2,8,8,0,3,3,SR-7,,11,38.22099167,-83.01616667,0,12,2,0,1,1,0,1,1,1,0,1,0,0000000,8,13,8,25,9,40,0,0,0,1,0
21,210041,2,2,0,0,0,2,2,151,0,19,1,2013,7,10,59,0,14,2,US-25,,118,37.68506944,-84.25951944,0,12,6,0,8,1,0,1,1,1,0,1,0,0000000,10,59,11,4,11,51,0,0,0,1,0
21,210042,1,1,0,0,0,1,1,235,0,3,1,2013,5,0,23,0,4,3,SR-92,,28,36.68089722,-84.25728333,0,35,0,0,1,1,0,4,2,5,0,5,0,0000000,0,25,0,46,88,88,0,0,0,1,0
21,210043,1,1,0,0,0,2,2,147,0,10,1,2013,5,17,0,0,3,3,SR-90,,72,36.85311111,-84.38875556,0,42,0,0,1,1,0,4,1,10,0,10,0,0000000,17,16,17,22,17,49,0,0,0,1,0
21,210044,1,1,0,0,0,2,2,67,1980,4,1,2013,6,22,23,0,16,6,DELONG ROAD,,54,37.92363333,-84.47096111,0,42,0,0,1,1,0,4,2,1,0,1,0,0000000,22,25,22,35,23,13,0,0,0,1,1
21,210045,1,1,0,0,0,1,1,39,0,1,2,2013,6,6,45,0,3,3,SR-123,,18,36.81498611,-89.0716,0,42,0,0,1,1,0,4,1,1,0,1,0,0000000,7,6,7,23,88,88,0,0,0,1,1
21,210046,1,1,0,0,0,2,2,71,2670,3,2,2013,1,8,30,0,5,3,SR-194,,98,37.68678056,-82.62161944,0,35,0,0,1,1,0,4,1,4,0,4,0,0000000,99,99,99,99,99,99,0,0,0,1,0
21,210047,1,1,0,0,0,1,1,71,0,3,2,2013,1,17,0,0,4,3,SR-1428,,37,37.59325556,-82.72772778,0,32,0,0,1,1,0,4,1,1,0,1,0,0000000,16,39,16,48,88,88,0,0,0,1,1
21,210048,1,1,0,1,1,1,1,41,570,4,2,2013,2,6,0,0,4,2,US-42,,63,38.68115833,-85.17886944,0,8,0,0,1,1,0,1,2,1,0,1,0,0000000,6,8,6,13,88,88,0,0,0,1,0
21,210049,4,4,0,0,0,4,4,49,0,4,2,2013,2,7,42,0,4,3,SR-627,,43,37.95255278,-84.21766944,0,12,6,0,1,1,0,1,4,1,0,1,0,0000000,7,50,8,14,9,0,14,0,0,1,0
21,210050,2,2,0,0,0,3,3,203,0,4,2,2013,2,21,15,0,3,2,US-150,SR-461,87,37.3499,-84.37219167,0,12,6,0,2,2,0,1,3,1,0,1,0,0000000,21,4,99,99,99,99,0,0,0,1,0
21,210051,1,1,0,0,0,2,2,195,1996,5,2,2013,3,20,2,0,6,8,WARRIOR PATH,,0,37.36121667,-82.31158889,0,18,0,0,1,1,0,1,2,1,0,1,0,0000000,20,5,20,15,88,88,0,0,0,1,0
21,210052,1,1,0,0,0,1,1,151,0,7,2,2013,5,1,30,0,3,2,US-421,,97,37.64924167,-84.24003611,0,43,0,0,1,1,0,5,2,1,0,1,0,0000000,1,34,1,44,88,88,0,0,0,1,1
21,210053,1,1,0,0,0,1,1,71,2129,9,2,2013,7,23,13,0,6,3,SR-1929,,36,37.434425,-82.71761667,0,35,0,0,1,1,0,4,2,1,0,1,0,0000000,23,17,23,26,88,88,0,0,0,1,1