STATE,ST_CASE,VE_TOTAL,VE_FORMS,PVH_INVL,PEDS,PERNOTMVIT,PERMVIT,PERSONS,COUNTY,CITY,DAY,MONTH,YEAR,DAY_WEEK,HOUR,MINUTE,NHS,ROAD_FNC,ROUTE,TWAY_ID,TWAY_ID2,MILEPT,LATITUDE,LONGITUD,SP_JUR,HARM_EV,MAN_COLL,RELJCT1,RELJCT2,TYP_INT,WRK_ZONE,REL_ROAD,LGT_COND,WEATHER1,WEATHER2,WEATHER,SCH_BUS,RAIL,NOT_HOUR,NOT_MIN,ARR_HOUR,ARR_MIN,HOSP_HR,HOSP_MN,CF1,CF2,CF3,FATALS,DRUNK_DR
21,210054,2,2,0,0,0,2,2,145,2520,7,2,2013,5,18,9,0,14,2,US-62,,115,37.05628056,-88.65917778,0,12,6,0,8,1,0,1,3,1,0,1,0,0000000,18,9,18,18,18,29,0,0,0,1,0
21,210055,2,2,0,0,0,2,2,71,3182,12,2,2013,3,14,54,1,2,2,US-23,,32,37.56150278,-82.64599444,0,12,6,0,1,1,0,1,1,1,0,1,0,0000000,14,57,15,13,88,88,0,0,0,1,1
21,210056,2,2,0,0,0,3,3,111,2090,14,2,2013,5,14,5,0,4,3,SR-155,,159,38.22338333,-85.67423889,0,12,2,0,1,1,0,1,1,1,0,1,0,0000000,99,99,99,99,99,99,0,0,0,1,0
21,210057,1,1,0,0,0,3,3,79,0,18,2,2013,2,14,20,0,6,4,CR-SUTTON LANE,,28,37.70728333,-84.65841389,0,1,0,0,1,1,0,2,1,1,0,1,0,0000000,14,25,14,30,88,88,0,0,0,1,0
21,210058,2,2,0,0,0,3,3,187,0,18,2,2013,2,17,15,0,4,2,US-127,,180,38.58201389,-84.823125,0,12,2,0,1,1,0,1,1,1,0,1,0,0000000,17,18,17,23,18,0,0,0,0,2,0
21,210059,1,1,0,0,0,1,1,185,0,20,2,2013,4,5,0,0,15,3,SR-393,,28,38.35425556,-85.40844444,0,24,0,0,1,1,0,4,2,1,0,1,0,0000000,5,10,5,15,88,88,0,0,0,1,1
21,210060,1,1,0,0,0,1,1,139,0,20,2,2013,4,22,38,0,4,3,SR-453,,141,37.12404722,-88.38836944,0,30,0,0,1,1,0,5,2,1,0,1,0,0000000,22,41,22,51,88,88,0,0,0,1,1
21,210061,1,1,0,1,1,1,1,111,2090,18,2,2013,2,19,27,1,13,2,US-31W,,47,38.05527222,-85.89156944,0,8,0,0,1,1,0,1,2,2,0,2,0,0000000,19,29,19,39,88,88,0,0,0,1,0
21,210062,1,1,0,0,0,1,1,195,0,23,2,2013,7,7,3,0,5,3,SR-3226,,2,37.38243056,-82.47366111,0,42,0,0,1,1,0,4,4,1,0,1,0,0000000,7,3,99,99,88,88,0,0,0,1,0
21,210063,1,1,0,0,0,1,1,43,0,23,2,2013,7,15,23,0,6,3,SR-1444,,1,38.26493611,-82.96526389,0,42,0,0,1,1,0,4,1,1,0,1,0,0000000,15,25,15,32,88,88,0,0,0,1,0
21,210064,1,1,0,0,0,1,1,203,0,22,2,2013,6,12,5,0,5,3,SR-1505,,52,37.44694722,-84.37848333,0,30,0,0,1,1,0,4,1,10,0,10,0,0000000,88,88,88,88,88,88,0,0,0,1,1
21,210065,1,1,0,0,0,2,2,113,2410,24,2,2013,1,1,44,0,14,3,SR-169,,91,37.88365278,-84.54858611,0,18,0,0,1,1,0,4,2,1,0,1,0,0000000,1,47,1,49,2,11,0,0,0,1,1
21,210066,1,1,0,0,0,1,1,45,0,24,2,2013,1,20,0,0,6,4,CR-PARTON RD,,5,37.28176667,-84.8216,0,42,0,0,1,1,0,4,2,1,0,1,0,0000000,20,14,20,26,88,88,0,0,0,1,1
21,210067,1,1,0,0,0,1,1,125,0,21,2,2013,5,13,2,0,5,3,SR-1305,,21,37.12395833,-83.98213611,0,32,0,0,1,1,0,4,1,1,0,1,0,0000000,13,3,13,11,14,7,0,0,0,1,1
21,210068,1,1,0,0,0,1,1,111,2090,26,2,2013,3,2,47,0,13,2,US-60A,,75,38.23998889,-85.70656389,0,30,0,0,1,1,0,4,3,10,0,10,0,0000000,2,47,2,56,88,88,0,0,0,1,1
21,210069,2,2,0,0,0,2,2,19,0,12,2,2013,3,10,35,1,2,2,US-23,,17,38.26504167,-82.58246667,0,12,6,0,8,1,0,1,1,1,0,1,0,0000000,10,38,10,48,88,88,0,0,0,1,0
21,210070,2,1,1,1,1,1,1,197,0,28,2,2013,5,22,0,0,3,3,SR-11,,220,37.87910833,-83.93131667,0,8,0,0,1,1,0,1,2,2,0,2,0,0000000,21,33,21,45,88,88,19,0,0,1,1
21,210071,1,1,0,0,0,1,1,153,2870,18,2,2013,2,4,58,1,2,3,SR-114,,27,37.712525,-82.97427778,0,35,0,0,1,1,0,4,2,1,0,1,0,0000000,4,58,5,11,88,88,0,0,0,1,1
21,210072,1,1,0,0,0,1,1,37,1180,13,2,2013,4,19,34,0,14,3,SR-1120,FOREST AVE,39,39.08151944,-84.45009444,0,42,0,0,3,3,0,5,3,1,0,1,0,0000000,19,35,19,36,20,11,0,0,0,1,0
21,210073,2,2,0,0,0,3,3,107,2150,16,2,2013,7,22,8,0,15,3,SR-254,SUNRISE DRIVE,9,37.33975556,-87.4713,0,12,1,0,3,3,0,1,3,1,0,1,0,0000000,22,12,22,18,22,42,0,0,0,1,1
21,210074,2,2,0,0,0,2,2,35,0,2,3,2013,7,7,30,0,4,3,SR-94,,110,36.61296667,-88.28604167,0,12,6,0,1,1,0,1,1,4,0,4,0,0000000,7,31,7,33,7,46,0,0,0,1,1
21,210075,3,3,0,0,0,10,10,93,0,2,3,2013,7,11,10,1,1,1,I-65,,837,37.56825556,-85.8746,0,12,1,0,1,1,0,1,1,10,0,10,0,0000000,11,15,11,22,11,47,0,0,0,6,0
21,210076,1,1,0,0,0,1,1,151,270,3,3,2013,1,17,36,0,3,2,US-25,,65,37.609025,-84.28243333,0,42,0,0,1,1,0,4,1,10,0,10,0,0000000,17,37,17,45,17,58,0,0,0,1,0
21,210077,2,2,0,0,0,2,2,85,0,5,3,2013,3,7,50,0,6,4,CR-READY JACKSON RD,,18,37.36889167,-86.50726111,0,12,2,0,1,1,0,1,1,2,0,2,0,0000000,7,50,8,10,9,30,0,0,0,1,0
21,210078,2,2,0,0,0,4,4,111,2090,6,3,2013,4,8,57,0,14,3,SR-907,,54,38.13699444,-85.78582222,0,12,2,0,1,1,0,1,1,2,0,2,0,0000000,8,55,99,99,99,99,0,0,0,1,0
21,210079,2,2,0,0,0,2,2,133,3530,6,3,2013,4,19,55,1,2,2,US-119,,170,37.11121111,-82.80119444,0,12,6,0,1,1,0,1,2,10,0,10,0,0000000,20,0,20,6,20,18,0,0,0,1,0
21,210080,2,2,0,0,0,2,2,125,0,7,3,2013,5,7,48,1,2,3,SR-80,,0,37.14575,-84.29368333,0,12,6,0,1,1,0,1,1,10,0,10,0,0000000,7,48,8,3,9,7,0,0,0,1,0
21,210081,3,3,0,0,0,3,3,7,0,7,3,2013,5,15,32,1,2,2,US-51,,65,36.99803611,-89.12451389,0,12,8,0,1,1,0,1,1,1,0,1,0,0000000,15,32,15,42,16,33,0,0,0,1,0
21,210082,1,1,0,0,0,1,1,111,2090,8,3,2013,6,0,28,1,1,1,I-71 RAMP,ZORN AVENUE,2,38.27412222,-85.69709167,0,30,0,1,5,1,0,8,2,10,0,10,0,0000000,99,99,99,99,88,88,0,0,0,1,1
21,210083,1,1,0,0,0,1,1,107,0,8,3,2013,6,18,58,1,2,1,I-69,,970,37.18969167,-87.60684167,0,1,0,0,1,1,0,3,2,1,0,1,0,0000000,19,1,19,11,20,15,0,0,0,1,1
21,210084,2,2,0,0,0,2,2,89,3135,10,3,2013,1,13,55,0,3,3,SR-18,US-23,29,38.72494722,-82.99838333,0,12,6,0,2,3,0,1,1,1,0,1,0,0000000,13,42,13,48,14,0,0,0,0,1,0
21,210085,1,1,0,0,0,2,2,103,2581,10,3,2013,1,21,34,0,4,3,SR-146,,22,38.45229722,-85.2936,0,42,0,0,1,1,0,4,2,2,0,2,0,0000000,21,35,21,46,88,88,0,0,0,2,0
21,210086,1,1,0,0,0,2,2,47,0,11,3,2013,2,14,25,0,5,3,SR-508,,34,36.88160278,-87.353475,0,35,0,0,1,1,0,4,1,10,0,10,0,0000000,14,30,14,44,15,49,0,0,0,1,0
21,210087,1,1,0,0,0,2,2,13,1151,12,3,2013,3,7,17,0,4,3,SR-74,,0,36.58748889,-83.89888333,0,1,0,0,1,1,0,4,4,10,0,10,0,0000000,7,17,7,45,9,0,0,0,0,1,0
21,210088,1,1,0,0,0,2,2,13,0,1,3,2013,6,15,55,0,5,3,SR-987,,134,36.70660556,-83.54870833,0,42,0,0,1,1,0,4,1,10,0,10,0,0000000,15,54,16,15,16,51,0,0,0,1,0
21,210089,1,1,0,1,1,1,1,111,2090,12,3,2013,3,21,4,1,13,2,US-31E,JEFFERSON AVE,62,38.15887778,-85.59156111,0,8,0,0,2,3,0,1,2,1,0,1,0,0000000,21,4,21,5,21,32,0,0,0,1,0
21,210090,2,2,0,0,0,2,2,45,0,14,3,2013,5,15,25,1,2,2,US-127,,177,37.34781667,-84.87871389,0,12,6,0,1,1,0,1,1,1,0,1,0,0000000,15,26,15,32,15,56,0,0,0,1,0
21,210091,1,1,0,0,0,2,2,3,0,13,3,2013,4,17,43,0,5,3,SR-1578,,12,36.64851944,-86.10880278,0,21,0,0,1,1,0,4,1,1,0,1,0,0000000,17,43,17,56,18,48,0,0,0,1,0
21,210092,1,1,0,0,0,2,2,221,0,14,3,2013,5,15,15,0,4,3,SR-139,,50,36.70240278,-87.80099722,0,42,0,0,1,1,0,4,1,3,0,3,0,0000000,99,99,99,99,99,99,0,0,0,1,0
21,210093,2,2,0,0,0,3,3,111,2090,18,3,2013,2,12,55,1,13,3,SR-1934,RAGGARD RD,66,38.17463333,-85.87125556,0,12,6,0,2,3,0,1,1,10,0,10,0,0000000,99,99,99,99,99,99,0,0,0,1,0
21,210094,1,1,0,0,0,1,1,111,2090,17,3,2013,1,14,37,0,16,5,WOLF PEN BRANCH RD,,16,38.32327222,-85.60908056,0,42,0,0,1,1,0,4,1,2,0,2,0,0000000,14,38,14,52,15,15,0,0,0,1,0
21,210095,1,1,0,1,1,2,2,111,2090,21,3,2013,5,6,54,0,13,3,SR-155,LOWE ROAD,122,38.21891944,-85.60668333,0,8,0,0,3,3,0,1,2,1,0,1,0,0000000,6,54,7,3,7,30,0,0,0,1,0
21,210096,2,2,0,0,0,2,2,193,0,22,3,2013,6,6,33,0,4,3,SR-7,,90,37.15132778,-83.09070833,0,12,8,0,1,1,0,1,4,1,0,1,0,0000000,99,99,99,99,99,99,0,0,0,1,0
21,210097,1,1,0,0,0,4,4,65,0,22,3,2013,6,10,48,0,5,3,SR-594,,144,37.68841667,-84.02656389,0,42,0,0,1,1,0,4,1,1,0,1,0,0000000,10,48,10,55,14,9,0,0,0,2,0
21,210098,2,2,0,0,0,3,3,121,160,23,3,2013,7,16,7,1,2,2,US-25,MORNINGSIDE DRIVE,110,36.86985,-83.87974722,0,12,6,0,2,3,0,1,1,1,0,1,0,0000000,16,7,16,13,17,10,0,0,0,1,0
21,210099,1,1,0,0,0,1,1,175,0,23,3,2013,7,19,18,0,4,3,SR-191,,125,37.87606667,-83.2615,0,35,0,0,1,1,0,4,1,1,0,1,0,0000000,19,17,19,23,88,88,0,0,0,1,0
21,210100,3,3,0,0,0,3,3,235,0,25,3,2013,2,17,0,1,1,1,I-75 SB,,35,36.64010833,-84.11964167,0,12,6,0,1,1,0,1,1,4,0,4,0,0000000,17,52,17,52,99,99,0,0,0,1,0
21,210101,2,2,0,0,0,3,3,195,3377,26,3,2013,3,13,35,0,4,3,SR-1469,,121,37.34990278,-82.58412222,0,12,6,0,1,1,0,1,1,4,0,4,0,0000000,13,37,13,53,99,99,0,0,0,1,0
21,210102,3,3,0,0,0,7,7,47,0,29,3,2013,6,11,21,1,1,1,I-24 EB,,932,36.64242778,-87.34056667,0,12,8,0,1,1,0,1,1,10,0,10,0,0000000,11,18,11,26,12,17,0,0,0,3,0
21,210103,1,1,0,0,0,1,1,177,0,29,3,2013,6,15,0,0,4,3,SR-181,,105,37.18646389,-87.16260278,0,32,0,0,1,1,0,4,1,10,0,10,0,0000000,15,3,15,10,88,88,0,0,0,1,0
21,210104,1,1,0,0,0,1,1,111,2090,30,3,2013,7,3,48,0,16,5,FEGENBUSH LANE,BURNT PINE WAY,10,38.17170278,-85.63991389,0,38,0,0,3,2,0,4,3,1,0,1,0,0000000,3,49,3,52,88,88,0,0,0,1,1
21,210105,1,1,0,0,0,1,1,161,0,30,3,2013,7,16,48,0,16,4,CR-PLEASANT RIDGE RD,,1,38.601225,-83.8524,0,38,0,0,1,1,0,4,1,1,0,1,0,0000000,16,48,17,4,17,18,0,0,0,1,0
21,210106,2,2,0,0,0,2,2,169,0,31,3,2013,1,11,25,0,3,3,SR-90,,110,36.83744722,-85.58500556,0,12,6,0,1,1,0,1,1,10,0,10,0,0000000,11,25,11,42,99,99,0,0,0,1,0
21,210107,2,2,0,0,0,2,2,203,0,24,3,2013,1,17,31,1,1,1,I-75,,668,37.446125,-84.33722778,0,12,1,0,1,1,0,1,1,2,10,2,0,0000000,17,32,17,42,18,22,19,0,0,1,0
21,210108,1,1,0,0,0,2,2,131,0,31,3,2013,1,2,20,0,4,3,SR-699,,126,37.05483056,-83.21490556,0,42,0,0,1,1,0,4,2,2,10,2,0,0000000,2,20,2,50,88,88,0,0,0,1,0
21,210109,2,2,0,0,0,3,3,125,0,28,3,2013,5,11,27,0,4,2,US-25,,28,37.00584444,-84.07468333,0,12,2,0,1,1,0,1,1,10,0,10,0,0000000,11,24,11,28,12,44,0,0,0,1,0
21,210110,2,2,0,0,0,2,2,59,0,21,2,2013,5,17,48,1,2,3,SR-9007 WM NATCHER PKWY,,692,37.705575,-87.04320556,0,12,6,0,1,1,0,1,2,3,0,3,0,0000000,17,52,18,3,20,25,0,0,0,1,0
21,210111,1,1,0,0,0,1,1,29,0,9,3,2013,7,22,14,0,4,3,SR-480,,72,37.967,-85.58888889,0,35,0,0,1,1,0,4,2,10,0,10,0,0000000,22,15,22,26,23,16,0,0,0,1,1
21,210112,2,2,0,0,0,3,3,155,0,4,2,2013,2,13,16,0,3,2,US-68,BENNINGFIELD CEMETERY RD,18,37.460575,-85.29694167,0,12,1,0,3,3,0,1,1,10,0,10,0,0000000,13,18,13,34,13,47,0,0,0,1,0
21,210113,1,1,0,0,0,1,1,27,0,23,2,2013,7,12,5,0,5,3,SR-110,,44,37.59755833,-86.55273889,0,35,0,0,1,1,0,4,1,1,0,1,0,0000000,12,6,12,48,13,18,0,0,0,1,0
21,210114,1,1,0,1,1,1,1,111,2090,3,4,2013,4,20,39,0,16,5,STEPHAN DR,,1,38.12744167,-85.85319444,0,8,0,0,1,1,0,1,2,1,0,1,0,0000000,20,39,20,45,88,88,0,0,0,1,0
21,210115,1,1,0,0,0,1,1,219,0,4,4,2013,5,0,3,0,3,3,SR-181,,8,36.65682778,-87.19953333,0,1,0,0,1,1,0,4,2,1,0,1,0,0000000,0,15,0,27,88,88,0,0,0,1,0
21,210116,1,1,0,0,0,1,1,1,0,4,4,2013,5,19,0,0,4,3,SR-206,,75,37.14939444,-85.19286111,0,30,0,0,1,1,0,4,2,2,0,2,0,0000000,18,51,19,2,19,31,0,0,0,1,1
21,210117,1,1,0,1,1,1,1,111,2090,5,4,2013,6,22,42,1,11,1,I-65,,1351,38.24420556,-85.75238056,0,8,0,0,1,1,0,1,3,1,0,1,0,0000000,99,99,99,99,88,88,0,0,0,1,0
21,210118,2,2,0,0,0,3,3,27,0,6,4,2013,7,10,50,1,2,2,US-60,,83,37.82143611,-86.53178333,0,12,6,0,1,1,0,1,1,1,0,1,0,0000000,11,4,11,13,12,5,0,0,0,2,0
21,210119,1,1,0,0,0,1,1,35,0,6,4,2013,7,14,52,1,2,2,US-641,,19,36.5279,-88.32504167,0,42,0,0,1,1,0,4,1,1,0,1,0,0000000,14,52,14,58,88,88,0,0,0,1,0
21,210120,2,2,0,0,0,4,4,65,0,7,4,2013,1,11,55,0,3,3,SR-52,,55,37.70756389,-84.004425,0,12,2,0,1,1,0,1,1,10,0,10,0,0000000,11,58,11,59,12,19,0,0,0,2,1
21,210121,2,2,0,0,0,3,3,151,0,4,4,2013,5,12,46,0,3,3,SR-21,,113,37.56291111,-84.25230278,0,12,2,0,1,1,0,1,1,10,0,10,0,0000000,12,43,12,46,13,33,0,0,0,1,0
21,210122,1,1,0,0,0,1,1,55,0,8,4,2013,2,7,50,1,2,2,US-60,,6,37.275325,-88.2087,0,59,0,0,1,1,0,4,1,10,0,10,0,0000000,7,57,8,6,88,88,0,0,0,1,0
21,210123,2,2,0,0,0,2,2,59,2490,8,4,2013,2,14,0,0,6,5,VEACH ROAD,,1,37.75461389,-87.10236111,0,12,6,0,8,1,0,1,1,1,0,1,0,0000000,14,2,14,5,14,12,0,0,0,1,0
21,210124,1,1,0,1,1,1,1,67,1980,8,4,2013,2,17,34,1,2,2,US-25,SR-1973,216,38.14846389,-84.54147778,0,9,0,0,2,3,0,1,1,10,0,10,0,0000000,17,35,17,44,88,88,0,0,0,1,0
21,210125,1,1,0,0,0,1,1,111,2090,9,4,2013,3,7,9,0,16,3,SR-2054,,30,38.21345,-85.77242778,0,42,0,0,1,1,0,4,1,10,0,10,0,0000000,99,99,99,99,88,88,0,0,0,1,1
21,210126,2,2,0,0,0,2,2,227,0,10,4,2013,4,14,55,0,4,2,US-31W,,33,36.873025,-86.53020833,0,12,2,0,1,1,0,1,1,1,0,1,0,0000000,14,57,15,8,15,40,0,0,0,2,0
21,210127,1,1,0,0,0,1,1,211,0,10,4,2013,4,19,54,0,5,3,SR-362,,40,38.29093889,-85.40338333,0,59,0,0,1,1,0,4,1,1,0,1,0,0000000,19,57,20,4,88,88,0,0,0,1,1
21,210128,4,4,0,0,0,4,4,185,0,11,4,2013,5,7,44,1,11,1,I-71,,167,38.364075,-85.45676667,0,12,6,0,1,1,0,1,1,2,10,2,0,0000000,7,51,7,53,8,40,0,0,0,1,0
21,210129,2,2,0,0,0,3,3,191,0,11,4,2013,5,18,10,0,4,3,SR-22,,126,38.67935278,-84.30508889,0,35,0,0,1,1,0,4,1,1,0,1,0,0000000,18,21,18,28,88,88,0,0,0,1,0
21,210130,3,3,0,0,0,5,5,17,0,13,4,2013,7,21,19,1,2,2,US-68,,76,38.27456389,-84.16582222,0,12,2,0,1,1,0,1,2,1,0,1,0,0000000,99,99,99,99,99,99,0,0,0,1,1
21,210131,2,2,0,0,0,4,4,35,0,14,4,2013,1,10,57,1,2,2,US-641,WIND DRIVE,164,36.73516389,-88.29908611,0,12,6,0,2,2,0,1,1,1,0,1,0,0000000,11,3,11,8,11,31,0,0,0,1,0
21,210132,2,2,0,0,0,2,2,183,0,14,4,2013,1,17,12,0,4,3,SR-85,,46,37.45156667,-87.02172778,0,12,2,0,1,1,0,1,1,1,0,1,0,0000000,17,16,17,31,88,88,0,0,0,1,0
21,210133,2,2,0,0,0,2,2,29,2335,15,4,2013,2,11,22,0,4,3,SR-44,,238,38.05768056,-85.52929444,0,12,2,0,1,1,0,1,1,1,0,1,0,0000000,11,23,11,38,99,99,0,0,0,1,0
21,210134,2,2,0,0,0,2,2,111,2090,14,4,2013,1,21,20,1,11,1,I-65,,1370,38.26672778,-85.74454444,0,12,1,0,1,1,0,1,3,1,0,1,0,0000000,99,99,99,99,99,99,0,0,0,1,0
21,210135,1,1,0,0,0,1,1,141,130,18,4,2013,5,12,50,1,2,2,US-68X,,56,36.86591111,-86.70039722,0,5,0,0,1,1,0,1,1,1,0,1,0,0000000,12,53,13,5,13,48,0,0,0,1,0
21,210136,1,1,0,0,0,1,1,145,0,18,4,2013,5,7,57,0,15,3,SR-970,,75,37.03806111,-88.68970556,0,34,0,0,1,1,0,4,1,10,0,10,0,0000000,99,99,99,99,99,99,0,0,0,1,0
21,210137,2,2,0,0,0,8,8,239,0,21,4,2013,1,21,53,1,2,2,US-60,,70,38.07499722,-84.74219722,0,12,2,0,1,1,0,1,2,1,0,1,0,0000000,21,55,21,59,22,45,0,0,0,1,1
21,210138,1,1,0,0,0,5,5,73,0,23,4,2013,3,20,22,1,1,1,I-64W,,564,38.17102222,-84.83461667,0,35,0,0,1,1,0,3,5,10,0,10,0,0000000,20,23,20,35,20,48,0,0,0,1,0
21,210139,1,1,0,0,0,2,2,19,0,23,4,2013,3,21,42,0,6,4,CR-BIG RUN TRACE,,25,38.35608056,-82.70237222,0,38,0,0,1,1,0,4,2,1,0,1,0,0000000,21,42,21,53,22,45,0,0,0,1,1
21,210140,1,1,0,0,0,1,1,125,0,13,4,2013,7,1,21,0,5,3,SR-490,,72,37.26381389,-84.11027778,0,42,0,0,1,1,0,4,2,1,0,1,0,0000000,1,23,1,36,2,12,0,0,0,1,0
21,210141,2,2,0,0,0,3,3,237,0,25,4,2013,5,16,0,1,2,3,SR-15,,80,37.71998611,-83.53293611,0,12,1,0,1,1,0,1,1,1,0,1,0,0000000,16,7,16,16,16,39,0,0,0,1,0
21,210142,2,2,0,0,0,4,4,59,0,26,4,2013,6,0,14,0,4,2,US-431,,107,37.71894722,-87.12503056,0,12,8,0,1,1,0,1,2,10,0,10,0,0000000,0,22,0,28,1,24,0,0,0,1,0
21,210143,2,2,0,0,0,3,3,111,2090,23,4,2013,3,14,47,0,16,5,1ST STREET SOUTH,,14,38.24609444,-85.77687222,0,12,6,0,1,1,0,1,1,10,0,10,0,0000000,14,47,14,55,15,27,0,0,0,1,1
21,210144,1,1,0,0,0,2,2,227,0,17,4,2013,4,16,7,0,5,3,SR-2632,,47,36.99581111,-86.54383889,0,42,0,0,1,1,0,4,1,1,0,1,0,0000000,16,5,16,14,16,32,0,0,0,1,0
21,210145,1,1,0,0,0,2,2,227,0,29,4,2013,2,2,44,0,6,4,CR-EWING BEND DRIVE,,0,36.98189444,-86.395125,0,43,0,0,1,1,0,4,2,10,0,10,0,0000000,2,11,2,14,88,88,0,0,0,2,1
21,210146,2,2,0,0,0,2,2,169,0,30,4,2013,3,14,25,0,4,2,US-68,,102,37.00306389,-85.61692778,0,12,6,0,1,1,0,1,1,1,0,1,0,0000000,14,35,14,56,99,99,0,0,0,1,0
21,210147,3,2,1,0,0,3,3,93,0,24,4,2013,4,16,40,0,3,3,SR-86,SR-1375,117,37.66991111,-86.01481111,0,12,6,0,2,2,0,1,1,10,0,10,0,0000000,16,40,16,55,17,33,0,0,0,1,0
21,210148,2,2,0,0,0,2,2,173,2320,25,4,2013,5,16,26,0,2,2,US-460,TERRY DRIVE,87,38.06791667,-83.94602778,0,12,6,0,2,2,0,1,1,1,0,1,0,0000000,16,30,16,34,16,46,0,0,0,1,0
21,210149,1,1,0,0,0,1,1,9,0,5,4,2013,6,15,41,0,5,3,SR-255,,54,37.01236667,-86.05999722,0,1,0,0,1,1,0,4,1,1,0,1,0,0000000,15,41,15,51,88,88,0,0,0,1,1
21,210150,1,1,0,0,0,2,2,125,0,27,4,2013,7,12,5,0,6,8,BEE ROCK TRAIL,,0,37.02757778,-84.32761111,0,31,0,0,1,1,0,4,1,2,0,2,0,0000000,12,8,12,34,88,88,0,0,0,2,1
21,210151,1,1,0,0,0,1,1,153,2786,2,4,2013,3,5,40,0,4,3,SR-7,,171,37.66705,-83.01158056,0,35,0,0,1,1,0,4,2,10,0,10,0,0000000,6,17,6,33,7,16,0,0,0,1,0
21,210152,2,2,0,0,0,2,2,141,0,30,4,2013,3,15,9,1,2,2,US-68,,191,37.00306389,-86.78115,0,12,7,0,1,1,0,1,1,1,0,1,0,0000000,15,10,15,16,15,51,0,0,0,1,0
21,210153,1,1,0,0,0,2,2,195,1373,7,4,2013,1,15,51,0,5,3,SR-2061,,51,37.58410278,-82.54223333,0,42,0,0,1,1,0,4,1,1,0,1,0,0000000,15,51,16,7,99,99,0,0,0,1,0
21,210154,1,1,0,0,0,1,1,199,0,28,2,2013,5,8,3,0,5,3,SR-1247,,119,37.15055,-84.36892778,0,35,0,0,1,1,0,4,1,10,0,10,0,0000000,8,9,8,16,88,88,0,0,0,1,0
21,210155,1,1,0,0,0,1,1,105,710,5,4,2013,6,16,35,0,6,3,SR-1745,,4,36.66893056,-88.98753333,0,43,0,0,1,1,0,4,1,1,0,1,0,0000000,16,36,16,40,88,88,0,0,0,1,0
21,210156,1,1,0,0,0,2,2,209,0,8,4,2013,2,2,55,0,6,4,CR-WEISENBERGER MILL RD,,7,38.11626111,-84.64294722,0,42,0,0,1,1,0,4,2,1,0,1,0,0000000,3,25,3,37,4,26,0,0,0,1,1
21,210157,1,1,0,0,0,1,1,111,2090,2,5,2013,5,2,24,0,6,5,LOWER HUNTERS TRACE,,16,38.16413889,-85.86168889,0,24,0,0,1,1,0,4,2,10,0,10,0,0000000,99,99,99,99,88,88,0,0,0,1,1
21,210158,2,2,0,0,0,3,3,111,2090,1,5,2013,4,23,56,0,16,5,INDUSTRIAL RD,,7,38.15691944,-85.7081,0,12,2,0,1,1,0,1,2,10,0,10,0,0000000,23,56,23,57,99,99,0,0,0,1,0
21,210159,2,2,0,0,0,2,2,51,0,3,5,2013,6,14,0,0,4,3,SR-9006,,185,37.13606389,-83.78578611,0,12,6,0,1,1,0,1,1,10,0,10,0,0000000,14,8,14,10,99,99,0,0,0,1,0
21,210160,1,1,0,0,0,2,2,135,0,4,5,2013,7,19,15,0,5,3,SR-57,,85,38.59609722,-83.53823056,0,42,0,0,1,1,0,4,1,1,0,1,0,0000000,19,24,19,41,99,99,0,0,0,1,1
21,210161,1,1,0,0,0,5,5,97,850,5,5,2013,1,13,57,0,3,3,SR-36,,100,38.44099722,-84.36678333,0,42,0,0,1,1,0,4,1,2,0,2,0,0000000,13,57,14,7,14,35,0,0,0,1,1
21,210162,2,2,0,0,0,3,3,51,0,5,5,2013,1,16,38,0,4,2,US-421,,128,37.10750833,-83.71271389,0,12,2,0,1,1,0,5,1,2,0,2,0,0000000,16,39,16,50,17,24,0,0,0,1,0
21,210163,1,1,0,0,0,3,3,111,2090,6,5,2013,2,8,25,1,11,1,I-71,,95,38.31794444,-85.57378056,0,43,0,0,1,1,0,4,1,10,0,10,0,0000000,8,27,8,39,9,14,0,0,0,1,0
21,210164,2,2,0,0,0,4,4,199,3070,4,5,2013,7,10,15,1,2,2,US-27,CLIFTY RD CONNECTOR,187,37.11998611,-84.63449167,0,12,6,0,2,2,0,1,1,1,0,1,0,0000000,10,23,10,32,10,53,0,0,0,1,0
21,210165,2,2,0,0,0,2,2,15,0,3,5,2013,6,7,35,0,4,3,SR-18,AERO PARKWAY,127,39.01826111,-84.68323889,0,25,0,0,3,2,0,3,1,1,0,1,0,0000000,7,46,7,52,8,18,0,0,0,1,0
21,210166,2,2,0,0,0,2,2,113,0,9,5,2013,5,9,0,0,4,3,SR-169,CLEAR CREEK RD,181,37.95499444,-84.66275278,0,12,6,0,2,3,0,1,1,1,0,1,0,0000000,99,99,99,99,88,88,0,0,0,1,0
21,210167,1,1,0,0,0,2,2,59,0,9,5,2013,5,21,25,0,4,2,US-431,,87,37.69146667,-87.13332222,0,11,0,0,1,1,0,1,2,1,0,1,0,0000000,21,27,21,34,21,59,0,0,0,1,0
21,210168,1,1,0,0,0,1,1,143,1830,8,5,2013,4,19,2,0,16,5,CLOUGH DR. EAST,,4,37.05710833,-88.12895556,0,5,0,0,1,1,0,4,1,1,0,1,0,0000000,19,13,19,35,20,23,0,0,0,1,0