STATE,ST_CASE,VE_TOTAL,VE_FORMS,PVH_INVL,PEDS,PERNOTMVIT,PERMVIT,PERSONS,COUNTY,CITY,DAY,MONTH,YEAR,DAY_WEEK,HOUR,MINUTE,NHS,ROAD_FNC,ROUTE,TWAY_ID,TWAY_ID2,MILEPT,LATITUDE,LONGITUD,SP_JUR,HARM_EV,MAN_COLL,RELJCT1,RELJCT2,TYP_INT,WRK_ZONE,REL_ROAD,LGT_COND,WEATHER1,WEATHER2,WEATHER,SCH_BUS,RAIL,NOT_HOUR,NOT_MIN,ARR_HOUR,ARR_MIN,HOSP_HR,HOSP_MN,CF1,CF2,CF3,FATALS,DRUNK_DR
21,210169,2,2,0,0,0,2,2,111,2090,10,5,2013,6,4,18,0,16,3,SR-1703,US-60A,47,38.22893333,-85.71528889,0,12,6,0,2,2,0,1,6,10,0,10,0,0000000,4,18,4,21,5,0,0,0,0,1,2
21,210170,2,2,0,0,0,6,6,9,0,11,5,2013,7,6,30,0,6,3,SR-90,,219,36.89751389,-85.74512778,0,12,2,0,1,1,0,1,1,10,0,10,0,0000000,6,39,6,48,7,39,0,0,0,1,0
21,210171,2,2,0,0,0,3,3,111,2090,11,5,2013,7,20,34,1,11,1,I-264,,46,38.21367222,-85.82298056,0,12,2,0,1,1,0,1,5,1,0,1,0,0000000,99,99,99,99,99,99,0,0,0,1,1
21,210172,2,2,0,0,0,3,3,111,2090,5,5,2013,1,6,8,0,14,3,SR-1931,,88,38.20030833,-85.79536111,0,12,2,0,1,1,0,1,3,2,0,2,0,0000000,6,6,6,20,6,50,0,0,0,1,1
21,210173,2,2,0,0,0,3,3,47,0,16,5,2013,5,11,20,1,1,1,I-24,,881,36.68623333,-87.41421667,0,12,1,0,1,1,1,1,1,1,0,1,0,0000000,11,19,11,27,12,17,3,0,0,1,0
21,210174,1,1,0,0,0,1,1,111,3010,16,5,2013,5,11,29,0,14,3,SR-1931,,91,38.20349167,-85.791425,0,30,0,0,1,1,0,4,1,10,0,10,0,0000000,11,28,11,38,11,53,0,0,0,1,0
21,210175,1,1,0,0,0,1,1,227,0,17,5,2013,6,10,30,0,5,3,SR-263,,1,37.08884444,-86.449975,0,24,0,0,1,1,0,4,1,10,0,10,0,0000000,10,33,10,43,88,88,0,0,0,1,0
21,210176,2,2,0,0,0,5,5,179,0,18,5,2013,7,22,5,0,5,3,SR-245,,98,37.88733056,-85.550225,0,12,6,0,1,1,0,1,2,1,0,1,0,0000000,22,5,22,20,22,50,0,0,0,2,1
21,210177,3,3,0,1,1,2,2,111,2090,19,5,2013,1,13,28,1,1,1,I-64,,126,38.23611667,-85.61715833,0,12,1,1,18,1,0,1,1,10,0,10,0,0000000,13,29,13,37,14,5,15,19,0,1,0
21,210178,2,2,0,0,0,2,2,69,0,20,5,2013,2,7,12,1,2,2,US-68,,37,38.46176389,-83.92368611,0,12,6,0,1,1,0,1,1,1,0,1,0,0000000,7,14,7,27,8,3,0,0,0,1,0
21,210179,1,1,0,0,0,5,5,195,3014,19,5,2013,1,23,50,0,5,3,SR-3220,,14,37.61643611,-82.34614722,0,34,0,0,1,1,0,4,2,1,0,1,0,0000000,0,21,0,30,0,51,0,0,0,1,1
21,210180,2,2,0,0,0,3,3,111,2090,19,5,2013,1,17,11,0,3,3,SR-1747,HAMES TRACE,73,38.16669722,-85.60641944,0,12,6,0,2,2,0,1,1,1,0,1,0,0000000,99,99,99,99,99,99,0,0,0,1,0
21,210181,1,1,0,1,1,3,3,97,850,21,5,2013,3,19,23,0,4,2,US-27,,58,38.38976944,-84.29753056,0,8,0,0,1,1,0,1,1,2,0,2,0,0000000,19,26,19,28,19,44,0,0,0,1,0
21,210182,1,1,0,1,1,1,1,111,2090,20,5,2013,2,13,30,0,16,5,BROWNS LANE,BROCKHAVEN AVE,21,38.22830556,-85.62308889,0,15,0,0,2,2,0,1,1,1,0,1,0,0000000,99,99,99,99,99,99,0,0,0,1,0
21,210183,1,1,0,0,0,2,2,93,0,23,5,2013,5,15,59,1,1,1,I-65,,984,37.76844444,-85.79106667,0,42,0,0,1,1,0,4,1,10,0,10,0,0000000,16,32,16,48,88,88,0,0,0,2,0
21,210184,1,1,0,0,0,1,1,179,0,22,5,2013,4,18,38,0,4,2,US-62,,317,37.89815833,-85.24309444,0,32,0,0,1,1,0,4,1,1,0,1,0,0000000,18,38,18,56,88,88,0,0,0,1,1
21,210185,1,1,0,0,0,1,1,67,1980,20,5,2013,2,19,30,0,16,5,BRENTWOOD CT.,,0,38.07795,-84.49931667,0,33,0,0,1,1,0,4,1,1,0,1,0,0000000,19,36,19,40,20,1,0,0,0,1,0
21,210186,1,1,0,0,0,1,1,183,0,25,5,2013,7,6,45,0,6,4,CR-1300,,7,37.360175,-86.852975,0,34,0,0,1,1,0,4,1,1,0,1,0,0000000,6,54,7,5,88,88,0,0,0,1,0
21,210187,2,2,0,0,0,6,6,81,0,25,5,2013,7,21,58,0,5,3,SR-2942,,36,38.76601111,-84.61380833,0,12,6,0,8,1,0,1,2,10,0,10,0,0000000,22,2,22,11,22,58,0,0,0,1,1
21,210188,2,2,0,0,0,5,5,235,0,26,5,2013,1,12,7,0,4,2,US-25W,KY-1193,248,36.88100278,-84.19968056,0,12,6,0,2,3,0,1,1,1,0,1,0,0000000,12,12,12,17,12,38,0,0,0,1,0
21,210189,3,3,0,0,0,8,8,195,0,26,5,2013,1,14,14,1,13,2,US-23,WEDDINGTON BRANCH ROAD,288,37.52243056,-82.57057778,0,12,1,0,3,3,0,1,1,1,0,1,0,0000000,14,17,14,24,14,49,14,0,0,1,0
21,210190,1,1,0,0,0,2,2,37,510,26,5,2013,1,19,58,0,16,5,HENDERSON LANE,,0,38.93880278,-84.28398611,0,10,0,0,6,1,0,1,1,1,0,1,0,9999999,19,58,20,10,20,35,0,0,0,1,0
21,210191,1,1,0,0,0,1,1,109,0,26,5,2013,1,22,47,0,3,2,US-421,,96,37.411975,-83.94592222,0,35,0,0,1,1,0,4,2,10,0,10,0,0000000,22,49,22,53,88,88,0,0,0,1,0
21,210192,1,1,0,1,1,1,1,111,2090,23,5,2013,5,22,17,1,11,1,I-65 RAMP,,99998,38.13336111,-85.70511667,0,8,0,1,20,1,0,1,2,1,0,1,0,0000000,99,99,99,99,99,99,0,0,0,1,0
21,210193,1,1,0,0,0,1,1,227,0,25,5,2013,7,20,9,1,1,1,I-65,,199,36.90294444,-86.43629444,0,35,0,0,1,1,0,4,3,1,0,1,0,0000000,20,15,20,23,88,88,0,0,0,1,0
21,210194,1,1,0,0,0,1,1,25,0,29,5,2013,4,11,43,1,2,3,SR-52,,16,37.552125,-83.53541944,0,34,0,0,1,1,0,4,1,1,0,1,0,0000000,11,45,12,0,88,88,0,0,0,1,0
21,210195,1,1,0,0,0,1,1,209,0,29,5,2013,4,12,40,0,5,3,SR-922,,19,38.20344167,-84.48264167,0,35,0,0,1,1,0,4,1,1,0,1,0,0000000,12,46,12,51,13,13,0,0,0,1,0
21,210196,2,2,0,0,0,6,6,115,2530,29,5,2013,4,13,16,1,2,2,US-23,,87,37.84861389,-82.82584722,0,12,1,0,1,1,0,1,1,1,0,1,0,0000000,13,17,13,23,13,29,0,0,0,1,0
21,210197,1,1,0,0,0,3,3,111,2090,29,5,2013,4,16,40,1,11,1,I-265 NB,,246,38.21019444,-85.50667778,0,35,0,0,1,1,0,4,1,1,0,1,0,0000000,99,99,99,99,99,99,0,0,0,1,0
21,210198,1,1,0,0,0,1,1,163,0,29,5,2013,4,21,31,0,5,3,SR-144,,335,37.8295,-86.04808333,0,1,0,0,1,1,0,1,2,1,0,1,0,0000000,21,29,21,29,99,99,0,0,0,1,0
21,210199,1,1,0,0,0,1,1,117,1050,20,5,2013,2,19,40,1,11,1,I-275,,11,39.04542222,-84.61541111,0,35,0,0,1,1,0,4,1,1,0,1,0,0000000,19,47,19,57,20,10,0,0,0,1,0
21,210200,2,2,0,0,0,2,2,111,2090,30,5,2013,5,4,19,1,11,1,I-265,,247,38.21231389,-85.506775,0,12,2,0,1,1,0,1,3,1,0,1,0,0000000,4,19,4,28,5,15,0,0,0,1,1
21,210201,2,2,0,0,0,2,2,157,511,30,5,2013,5,12,17,0,4,2,US-62,KENNEDY DRIVE,85,37.00316944,-88.329525,0,12,6,0,2,3,0,1,1,1,0,1,0,0000000,12,18,12,25,12,51,0,0,0,1,0
21,210202,2,2,0,0,0,3,3,35,0,31,5,2013,6,6,0,1,2,2,US-641,,53,36.577025,-88.31457778,0,12,6,0,1,1,0,1,1,2,0,2,0,0000000,6,2,6,7,6,19,0,0,0,1,0
21,210203,2,2,0,0,0,3,3,35,0,31,5,2013,6,8,46,1,2,2,US-641,,53,36.57613611,-88.31462222,0,12,2,0,1,1,0,1,1,2,0,2,0,0000000,8,48,8,53,9,12,0,0,0,2,0
21,210204,2,2,0,0,0,3,3,77,0,31,5,2013,6,14,26,0,4,2,US-42,,31,38.77233333,-84.96516667,0,12,6,0,1,1,0,1,1,2,0,2,0,0000000,14,27,14,29,14,51,0,0,0,1,0
21,210205,3,3,0,0,0,3,3,37,3560,31,5,2013,6,17,29,0,14,3,SR-9,,186,39.03586389,-84.48128333,0,12,6,0,1,1,0,1,1,2,0,2,0,0000000,17,50,17,56,18,8,0,0,0,1,0
21,210206,2,2,0,0,0,2,2,111,2090,31,5,2013,6,22,28,0,14,3,SR-1931,,56,38.15745556,-85.79990278,0,12,2,0,1,1,0,1,2,10,0,10,0,0000000,22,28,99,99,99,99,0,0,0,1,1
21,210207,2,2,0,0,0,4,4,179,0,18,5,2013,7,5,50,1,2,3,SR-9002,,133,37.76138056,-85.60580556,0,12,7,0,1,1,0,1,2,2,0,2,0,0000000,5,56,6,12,6,46,0,0,0,1,1
21,210208,2,2,0,0,0,2,2,227,350,29,5,2013,4,22,45,0,14,2,US-31W,,82,36.93346667,-86.48885,0,12,7,0,1,1,0,1,2,1,0,1,0,0000000,22,47,22,54,23,7,0,0,0,1,0
21,210209,1,1,0,0,0,2,2,227,0,31,5,2013,6,22,29,0,6,4,CR-DYE FORD RD,,23,36.87486667,-86.40311944,0,42,0,0,1,1,0,4,2,10,0,10,0,0000000,22,37,22,50,23,28,0,0,0,1,1
21,210210,1,1,0,1,1,1,1,181,560,28,5,2013,3,0,2,0,5,3,SR-1285,,59,38.31215833,-84.020375,0,8,0,0,1,1,0,1,3,1,0,1,0,0000000,0,6,0,11,0,26,0,0,0,1,0
21,210211,2,2,0,0,0,5,5,27,1410,30,5,2013,5,16,37,0,2,2,US-60,,137,37.76324167,-86.46913611,0,12,1,0,8,1,0,1,1,1,0,1,0,0000000,16,37,16,41,17,6,0,0,0,1,0
21,210212,2,2,0,0,0,2,2,213,1230,6,5,2013,2,7,30,0,4,3,SR-73,,77,36.71908056,-86.55256667,0,12,6,0,1,1,0,1,6,2,0,2,0,0000000,7,33,7,38,88,88,0,0,0,1,0
21,210213,1,1,0,0,0,5,5,153,2870,14,4,2013,1,16,15,0,16,5,SUGAR CAMP RD,,3,37.74114444,-83.07854444,0,1,0,0,1,1,0,4,1,1,0,1,0,0000000,16,23,16,31,17,30,0,0,0,1,0
21,210214,1,1,0,0,0,1,1,195,0,30,5,2013,5,19,41,0,4,3,SR-197,,72,37.25764444,-82.46888056,0,42,0,0,1,1,0,4,1,1,0,1,0,0000000,19,43,20,5,88,88,0,0,0,1,1
21,210215,1,1,0,0,0,1,1,153,0,15,5,2013,4,16,58,0,4,3,SR-30,,87,37.72658889,-83.10808889,0,34,0,0,1,1,0,4,1,1,0,1,0,0000000,16,57,17,17,88,88,0,0,0,1,0
21,210216,2,2,0,0,0,3,3,93,0,1,6,2013,7,16,40,1,1,1,I-65,,1012,37.79548333,-85.75326667,0,12,1,0,1,1,0,1,1,10,0,10,0,0000000,16,42,16,52,99,99,0,0,0,1,0
21,210217,2,2,0,0,0,3,3,119,1819,1,6,2013,7,17,56,0,6,8,DEANE MINING RD/DUSTY RD,,0,37.28311944,-82.79918889,0,12,8,0,1,1,0,1,1,1,0,1,0,0000000,18,13,18,29,88,88,0,0,0,1,1
21,210218,2,2,0,0,0,2,2,111,2090,2,6,2013,1,2,20,0,16,3,SR-1865,,32,38.15430556,-85.77718611,0,12,6,0,8,1,0,1,3,1,0,1,0,0000000,99,99,99,99,99,99,0,0,0,1,1
21,210219,2,2,0,0,0,2,2,141,0,3,6,2013,2,12,36,1,2,2,US-68,SR-2349,291,36.89194444,-86.61730556,0,12,6,0,2,2,1,1,1,1,0,1,0,0000000,12,40,12,57,99,99,3,0,0,1,0
21,210220,2,2,0,0,0,2,2,19,0,3,6,2013,2,14,21,0,4,3,SR-5,MOLESBURGER RD,66,38.44748889,-82.71350833,0,12,6,0,2,3,0,1,1,1,0,1,0,0000000,14,26,14,36,15,9,0,0,0,1,0
21,210221,2,2,0,0,0,2,2,9,0,4,6,2013,3,14,25,0,2,2,US-68,FRANKS MILL ROAD,140,37.02244444,-85.88566111,0,12,6,0,2,2,0,1,1,1,0,1,0,0000000,14,24,14,31,88,88,14,0,0,1,0
21,210222,2,2,0,0,0,2,2,127,0,4,6,2013,3,14,48,1,2,2,US-23,,54,37.96004167,-82.6672,0,12,2,0,1,1,0,1,1,1,0,1,0,0000000,14,48,15,3,88,88,0,0,0,1,0
21,210223,1,1,0,0,0,1,1,233,0,5,6,2013,4,17,49,0,3,2,US-41A,,58,37.47034722,-87.70568333,0,34,0,0,1,1,0,4,1,1,0,1,0,0000000,17,51,17,56,88,88,0,0,0,1,1
21,210224,2,2,0,0,0,3,3,111,2090,5,6,2013,4,22,30,0,4,3,SR-1020,KINGSTON AVE WEST,70,38.17275278,-85.76469167,0,12,6,0,2,2,0,1,2,1,0,1,0,0000000,22,30,22,40,99,99,0,0,0,1,0
21,210225,2,2,0,0,0,2,2,21,860,4,6,2013,3,7,20,0,15,3,SR-34,,119,37.62792778,-84.80192222,0,12,6,0,1,1,0,1,1,1,0,1,0,0000000,7,27,7,29,7,49,0,0,0,1,0
21,210226,4,4,0,0,0,5,5,111,2090,4,6,2013,3,10,30,1,13,2,US-31W,,88,38.11056111,-85.86471944,0,12,7,0,1,1,0,1,1,1,0,1,0,0000000,10,46,11,6,11,38,0,0,0,1,0
21,210227,1,1,0,0,0,1,1,163,0,7,6,2013,6,11,34,0,6,3,SR-1047,,57,38.167275,-86.32882778,0,38,0,0,1,1,0,4,1,1,0,1,0,0000000,11,35,12,2,88,88,0,0,0,1,1
21,210228,2,2,0,0,0,3,3,137,0,8,6,2013,7,10,28,1,2,2,US-27,BELL ST.,188,37.55101111,-84.64288889,0,12,6,0,2,3,0,1,1,1,0,1,0,0000000,10,31,10,36,10,55,0,0,0,1,0
21,210229,1,1,0,0,0,1,1,195,1010,8,6,2013,7,22,25,0,4,3,SR-197,,145,37.28238333,-82.36873333,0,42,0,0,1,1,0,4,2,1,0,1,0,0000000,99,99,99,99,88,88,0,0,0,1,1
21,210230,1,1,0,0,0,1,1,111,2090,9,6,2013,1,17,57,1,11,1,I-71,,96,38.31830556,-85.57173056,0,1,0,0,1,1,0,1,1,10,0,10,0,0000000,17,57,99,99,88,88,0,0,0,1,1
21,210231,1,1,0,0,0,1,1,163,2338,9,6,2013,1,19,16,1,2,2,US-31W,,16,37.93351667,-85.99291389,0,33,0,0,1,1,0,4,1,1,0,1,0,0000000,19,22,19,35,21,7,0,0,0,1,1
21,210232,2,2,0,0,0,2,2,113,2410,10,6,2013,2,13,54,1,13,2,US-27,ETTER DRIVE,87,37.88893333,-84.59093889,0,12,6,0,2,2,0,1,1,1,0,1,0,0000000,13,59,14,3,14,31,0,0,0,1,0
21,210233,2,2,0,0,0,2,2,221,0,11,6,2013,3,9,15,0,6,4,CR-KINGS CHAPEL RD,,16,36.85273611,-87.74716667,0,12,2,0,1,1,0,4,1,1,0,1,0,0000000,9,15,9,25,88,88,0,0,0,1,1
21,210234,1,1,0,0,0,1,1,125,2040,11,6,2013,3,16,19,0,6,4,CR-ANDERS ROAD,,9,37.04026944,-84.16701667,0,31,0,0,1,1,0,5,1,1,0,1,0,0000000,16,19,16,31,88,88,0,0,0,1,0
21,210235,2,2,0,0,0,6,6,221,0,11,6,2013,3,19,57,0,5,2,US-68X,US-68 BYPASS,1,36.83895833,-87.86022222,0,12,6,0,2,2,0,1,1,1,0,1,0,0000000,19,53,19,59,99,99,0,0,0,1,0
21,210236,2,2,0,0,0,2,2,211,2980,13,6,2013,5,15,30,1,1,1,I-64,,340,38.18499167,-85.22294167,0,12,1,0,1,1,1,1,1,1,0,1,0,0000000,15,36,15,43,88,88,3,0,0,1,0
21,210237,1,1,0,0,0,8,8,195,3377,14,6,2013,6,2,5,0,6,3,SR-3501,SR-1469,0,37.35647778,-82.57589722,0,35,0,0,3,3,0,4,2,1,0,1,0,0000000,99,99,99,99,99,99,0,0,0,2,1
21,210238,1,1,0,0,0,1,1,125,2040,14,6,2013,6,11,10,0,6,3,SR-1006,,99998,37.10359722,-84.09528889,0,35,0,0,1,1,0,5,1,1,0,1,0,0000000,11,11,11,16,11,47,0,0,0,1,1
21,210239,2,2,0,0,0,3,3,209,1280,14,6,2013,6,13,25,0,2,2,US-62,FINLEY DRIVE,104,38.21271667,-84.54001667,0,12,6,0,2,2,0,1,1,1,0,1,0,0000000,13,26,13,27,16,1,0,0,0,1,0
21,210240,2,2,0,0,0,3,3,59,0,14,6,2013,6,16,50,0,4,3,SR-54,,136,37.68725833,-86.89831944,0,12,6,0,8,1,0,1,1,1,0,1,0,0000000,16,52,17,5,17,33,0,0,0,1,0
21,210241,1,1,0,0,0,1,1,151,0,12,6,2013,4,9,36,0,3,3,SR-21,,134,37.55303611,-84.22154722,0,38,0,0,1,1,0,4,1,1,0,1,0,0000000,9,41,9,50,10,40,0,0,0,1,0
21,210242,1,1,0,0,0,1,1,195,2979,15,6,2013,7,22,41,0,6,4,CR-SHELBY YARD RD,,1,37.42679167,-82.49221944,0,39,0,0,1,1,0,4,2,1,0,1,0,0000000,99,99,99,99,88,88,0,0,0,1,1
21,210243,1,1,0,0,0,2,2,81,940,14,6,2013,6,14,54,1,1,1,I-75N,,1577,38.678325,-84.60175278,0,25,0,0,1,1,0,3,1,1,0,1,0,0000000,15,0,15,4,15,54,0,0,0,1,0
21,210244,1,1,0,0,0,1,1,35,0,14,6,2013,6,17,25,0,5,3,SR-444,,11,36.55450556,-88.13781111,0,42,0,0,1,1,0,4,1,1,0,1,0,0000000,17,28,17,41,18,1,0,0,0,1,0
21,210245,1,1,0,0,0,1,1,77,0,16,6,2013,1,8,29,1,1,1,I-71,,644,38.76176389,-84.79232778,0,35,0,0,1,1,0,4,1,2,0,2,0,0000000,8,31,8,44,88,88,0,0,0,1,0
21,210246,2,2,0,0,0,3,3,15,0,16,6,2013,1,18,0,0,4,2,US-42,,6,38.83129444,-84.73850556,0,12,6,0,1,1,0,1,1,10,0,10,0,0000000,18,10,18,35,99,99,0,0,0,1,0
21,210247,2,2,0,0,0,4,4,209,1280,15,6,2013,7,23,49,0,16,2,US-62,SR-1962,94,38.19826944,-84.53873611,0,12,6,0,2,2,0,1,3,1,0,1,0,0000000,23,52,23,55,0,4,0,0,0,1,1
21,210248,2,2,0,0,0,3,3,111,2090,18,6,2013,3,22,11,0,16,3,SR-1865,BLUEGRASS AVE,50,38.17960278,-85.78325278,0,12,2,0,2,2,0,1,3,1,0,1,0,0000000,22,15,22,19,22,32,0,0,0,1,1
21,210249,1,1,0,0,0,1,1,83,0,17,6,2013,2,22,10,0,4,3,SR-58,,89,36.76161944,-88.58293056,0,32,0,0,1,1,0,4,2,2,0,2,0,0000000,22,13,22,16,22,54,0,0,0,1,1
21,210250,1,1,0,0,0,1,1,209,0,15,6,2013,7,20,8,1,2,2,US-62,,162,38.26901111,-84.48484167,0,35,0,0,1,1,0,4,1,1,0,1,0,0000000,20,8,20,18,21,1,0,0,0,1,0
21,210251,2,2,0,0,0,3,3,209,0,19,6,2013,4,20,59,0,5,3,SR-32,,124,38.34743889,-84.65765,0,12,8,0,1,1,0,1,5,1,0,1,0,0000000,21,0,21,17,88,88,0,0,0,1,1
21,210252,2,1,1,0,1,1,2,67,1980,12,6,2013,4,1,52,1,1,1,I-75,,1044,37.97107222,-84.38856667,0,14,0,0,1,1,0,2,3,1,0,1,0,0000000,1,54,2,4,88,88,0,0,0,1,0
21,210253,2,2,0,0,0,2,2,193,0,10,6,2013,2,9,35,1,2,3,SR-15,,187,37.32586944,-83.24917778,0,12,2,0,1,1,0,1,1,2,0,2,0,0000000,99,99,99,99,99,99,0,0,0,1,0
21,210254,1,1,0,0,0,2,2,29,2990,8,6,2013,7,15,48,0,14,3,SR-1020,,3,38.02006111,-85.70303056,0,35,0,0,1,1,0,4,1,1,0,1,0,0000000,15,48,15,54,16,23,0,0,0,1,0
21,210255,2,2,0,0,0,3,3,113,0,5,6,2013,4,1,8,0,4,3,SR-1980,,51,37.93874722,-84.5105,0,12,6,0,1,1,0,1,3,1,0,1,0,0000000,99,99,99,99,99,99,0,0,0,1,1
21,210256,1,1,0,0,0,1,1,197,0,20,6,2013,5,15,57,1,2,3,SR-9000 MTN PKWAY,,351,37.79998056,-83.66059722,0,35,0,0,1,1,0,3,1,1,0,1,0,0000000,15,58,16,8,88,88,0,0,0,1,0
21,210257,1,1,0,0,0,1,1,7,0,19,6,2013,4,14,44,0,3,3,SR-286,,58,36.98817222,-88.98233889,0,35,0,0,1,1,0,4,1,1,0,1,0,0000000,14,48,14,59,15,32,0,0,0,1,0
21,210258,2,2,0,1,1,1,1,111,2090,21,6,2013,6,23,54,0,16,5,AIKEN ROAD,,39,38.26523056,-85.46276389,0,12,1,0,1,1,0,1,2,1,0,1,0,0000000,99,99,99,99,88,88,0,0,0,1,1
21,210259,1,1,0,0,0,3,3,77,0,22,6,2013,7,3,29,1,1,1,I-71,,536,38.682925,-84.96121944,0,24,0,0,1,1,0,4,2,1,0,1,0,0000000,3,29,3,37,4,30,0,0,0,1,0
21,210260,1,1,0,0,0,3,3,133,0,22,6,2013,7,6,25,0,6,4,CR-BULL CREEK RD,,15,37.16171111,-83.01243611,0,43,0,0,1,1,0,4,2,1,0,1,0,0000000,7,13,7,51,8,45,0,0,0,2,1
21,210261,1,1,0,1,1,1,1,195,2341,22,6,2013,7,16,0,1,2,2,US-460,,205,37.37558333,-82.28378611,0,35,0,0,1,1,0,4,1,1,0,1,0,0000000,99,99,99,99,88,88,0,0,0,1,0
21,210262,1,1,0,0,0,4,4,101,0,23,6,2013,1,4,15,0,3,2,US-41A,,21,37.67233056,-87.63973333,0,1,0,0,1,1,0,4,2,1,0,1,0,0000000,4,15,4,31,5,15,0,0,0,1,1
21,210263,3,3,0,0,0,9,9,161,2206,23,6,2013,1,16,15,1,2,2,US-68,,46,38.51525278,-83.83964167,0,12,1,0,8,1,0,1,1,1,0,1,0,0000000,16,18,16,27,16,50,0,0,0,2,0
21,210264,4,2,2,1,5,2,6,67,1980,22,6,2013,7,14,30,1,1,1,I-75,,1181,38.12201944,-84.52713333,0,12,1,0,1,1,0,1,1,10,0,10,0,0000000,14,40,14,56,15,22,14,15,19,1,0
21,210265,1,1,0,0,0,1,1,205,0,21,6,2013,6,13,47,0,4,3,SR-377,,79,38.29236667,-83.39660833,0,1,0,0,1,1,0,4,1,1,0,1,0,0000000,13,41,13,53,99,99,0,0,0,1,0
21,210266,2,2,0,0,0,4,4,15,0,16,6,2013,1,13,5,1,1,1,I-75,,1725,38.87555278,-84.62474167,0,54,11,1,18,1,0,1,1,1,0,1,0,0000000,13,16,13,36,14,14,14,0,0,1,0
21,210267,1,1,0,0,0,1,1,127,0,17,6,2013,2,8,5,1,2,2,US-23,,59,37.96558056,-82.67132778,0,35,0,0,1,1,0,4,1,1,0,1,0,0000000,8,6,8,18,8,36,0,0,0,1,0
21,210268,1,1,0,0,0,1,1,13,3201,1,6,2013,7,20,16,0,4,3,SR-221,,20,36.77485278,-83.63676667,0,35,0,0,1,1,0,4,1,1,0,1,0,0000000,20,23,20,24,20,50,0,0,0,1,1
21,210269,1,1,0,0,0,1,1,65,0,26,6,2013,4,17,10,0,4,3,SR-89,,193,37.7917,-84.03273056,0,42,0,0,1,1,0,4,1,1,0,1,0,0000000,17,8,17,17,18,59,0,0,0,1,0
21,210270,1,1,0,0,0,1,1,71,947,26,6,2013,4,20,55,0,6,3,SR-1101,,0,37.477275,-82.742775,0,41,0,0,1,1,0,4,2,1,0,1,0,0000000,20,57,21,13,88,88,0,0,0,1,1
21,210271,1,1,0,0,0,1,1,83,0,25,6,2013,3,22,53,1,2,3,SR-9003,,110,36.61713333,-88.78313333,0,1,0,0,1,1,0,3,2,1,0,1,0,0000000,23,0,23,11,88,88,0,0,0,1,0
21,210272,1,1,0,0,0,1,1,37,1180,27,6,2013,5,23,5,1,11,1,I-275W,,735,39.05440556,-84.43710556,0,59,0,0,1,1,0,3,3,1,0,1,0,0000000,23,5,23,11,88,88,0,0,0,1,0
21,210273,1,1,0,0,0,1,1,183,0,22,6,2013,7,15,40,0,4,3,SR-69,,89,37.41258611,-86.96628889,0,18,0,0,1,1,0,4,1,1,0,1,0,0000000,15,49,16,10,16,54,0,0,0,1,1
21,210274,2,2,0,0,0,2,2,145,2520,28,6,2013,6,13,8,1,2,2,US-60X,NORTON STREET,24,37.07775833,-88.59085833,0,12,6,0,2,3,0,1,1,1,0,1,0,0000000,13,10,13,12,13,28,0,0,0,1,0
21,210275,1,1,0,0,0,1,1,205,0,29,6,2013,7,17,32,0,4,2,US-60,,19,38.14905556,-83.51936944,0,24,0,0,1,1,0,4,1,10,0,10,0,0000000,17,33,17,36,88,88,0,0,0,1,1
21,210276,1,1,0,0,0,1,1,59,0,19,6,2013,4,19,11,0,5,3,SR-142,,41,37.708725,-86.99886111,0,34,0,0,1,1,0,4,1,1,0,1,0,0000000,19,13,19,22,19,42,0,0,0,1,0
21,210277,1,1,0,1,1,2,2,157,0,30,6,2013,1,1,20,0,4,2,US-68 WEST,,47,36.97279167,-88.40476667,0,8,0,0,1,1,0,1,2,1,0,1,0,0000000,1,28,1,36,88,88,0,0,0,1,0
21,210278,1,1,0,0,0,1,1,111,2855,18,6,2013,3,10,15,0,16,5,3919 WINCHESTER RD,,8,38.24358333,-85.64743333,0,42,0,0,1,1,0,4,1,1,0,1,0,0000000,10,20,10,29,11,33,0,0,0,1,0
21,210279,1,1,0,0,0,2,2,95,630,30,6,2013,1,10,32,0,6,4,CR-ALDER LANE,,0,36.76270556,-83.24128056,0,10,0,0,6,1,0,1,1,1,0,1,0,352483f,10,36,11,6,11,17,0,0,0,1,0
21,210280,1,1,0,0,0,1,1,85,0,30,6,2013,1,13,10,0,3,3,SR-259,,88,37.42217222,-86.27850556,0,5,0,0,1,1,0,1,1,1,0,1,0,0000000,13,11,13,18,13,32,0,0,0,1,0
21,210281,1,1,0,1,1,1,1,21,860,29,6,2013,7,22,6,0,6,5,GOSE PIKE,,6,37.62317222,-84.75279167,0,8,0,0,1,1,0,1,2,1,0,1,0,0000000,22,6,22,10,88,88,0,0,0,1,0
21,210282,1,1,0,0,0,2,2,29,0,3,6,2013,2,16,32,0,5,3,SR-1494,,9,37.92992778,-85.71942222,0,7,0,0,1,1,0,2,1,1,0,1,0,0000000,16,36,16,42,17,27,0,0,0,1,0
21,210283,2,2,0,0,0,2,2,111,2090,4,6,2013,3,11,12,1,11,1,I-65,,1255,38.12087778,-85.70173611,0,12,7,0,1,1,0,1,1,1,0,1,0,0000000,11,13,99,99,11,45,0,0,0,1,0