STATE,ST_CASE,VE_TOTAL,VE_FORMS,PVH_INVL,PEDS,PERNOTMVIT,PERMVIT,PERSONS,COUNTY,CITY,DAY,MONTH,YEAR,DAY_WEEK,HOUR,MINUTE,NHS,ROAD_FNC,ROUTE,TWAY_ID,TWAY_ID2,MILEPT,LATITUDE,LONGITUD,SP_JUR,HARM_EV,MAN_COLL,RELJCT1,RELJCT2,TYP_INT,WRK_ZONE,REL_ROAD,LGT_COND,WEATHER1,WEATHER2,WEATHER,SCH_BUS,RAIL,NOT_HOUR,NOT_MIN,ARR_HOUR,ARR_MIN,HOSP_HR,HOSP_MN,CF1,CF2,CF3,FATALS,DRUNK_DR
21,210284,2,2,0,0,0,3,3,59,2490,25,6,2013,3,13,15,0,4,3,SR-2831,TAMARACK RD,5,37.73632778,-87.11935278,0,12,6,0,2,2,0,1,1,10,0,10,0,0000000,13,16,13,20,13,48,0,0,0,1,0
21,210285,1,1,0,1,1,1,1,195,916,5,6,2013,4,4,33,0,6,4,CR-LICK FORK RD,,2,37.26704444,-82.60525833,0,8,0,0,1,1,0,1,2,1,0,1,0,0000000,99,99,99,99,88,88,0,0,0,1,0
21,210286,1,1,0,0,0,1,1,109,0,18,6,2013,3,17,5,0,6,4,CR-WOLF PEN BRANCH RD,,7,37.30243056,-84.04889167,0,1,0,0,1,1,0,4,1,1,0,1,0,0000000,17,9,17,27,88,88,0,0,0,1,0
21,210287,1,1,0,0,0,1,1,107,0,19,6,2013,4,23,41,0,5,3,SR-630,,57,37.42326667,-87.59175556,0,42,0,0,1,1,0,4,2,1,0,1,0,0000000,23,41,23,57,88,88,0,0,0,1,1
21,210288,2,2,0,0,0,2,2,199,0,15,4,2013,2,22,30,0,4,3,SR-635,SMITH VAUGHT ROAD,50,37.19723333,-84.66624167,0,12,2,0,2,3,0,1,2,1,0,1,0,0000000,22,35,22,46,99,99,0,0,0,1,1
21,210289,1,1,0,0,0,1,1,29,0,19,6,2013,4,2,43,1,1,1,I-65 SB,,1104,37.90770833,-85.69121389,0,50,0,0,1,1,0,4,2,1,0,1,0,0000000,3,0,3,11,88,88,0,0,0,1,0
21,210290,1,1,0,1,1,1,1,93,0,23,5,2013,5,20,55,0,6,4,CR-LARUE LANE,,6,37.64556667,-85.78587778,0,1,0,0,1,1,0,4,2,10,0,10,0,0000000,20,58,21,10,21,43,0,0,0,1,0
21,210291,2,2,0,0,0,2,2,135,0,31,5,2013,6,13,7,1,2,3,SR-10,SR-1306,120,38.594575,-83.19089444,0,12,6,0,2,2,0,1,1,1,0,1,0,0000000,13,12,13,27,88,88,0,0,0,1,1
21,210292,1,1,0,0,0,2,2,135,0,14,6,2013,6,0,25,0,5,3,SR-10,,67,38.57425278,-83.51831111,0,32,0,0,1,1,0,4,2,1,0,1,0,0000000,1,26,1,45,99,99,0,0,0,1,1
21,210293,1,1,0,1,1,1,1,129,200,17,6,2013,2,23,13,0,4,3,SR-52,,127,37.57173611,-83.70799722,0,8,0,0,1,1,0,1,3,10,0,10,0,0000000,23,13,23,14,23,50,0,0,0,1,0
21,210294,1,1,0,0,0,1,1,73,0,12,6,2013,4,2,45,0,6,4,CR-HARP PIKE,,31,38.32098889,-84.9192,0,11,0,0,1,1,0,1,2,1,0,1,0,0000000,2,46,3,18,99,99,0,0,0,1,0
21,210295,2,2,0,0,0,2,2,209,0,2,6,2013,1,2,45,1,1,1,I-64W,,699,38.15223889,-84.59602778,0,12,6,0,1,1,0,1,2,1,0,1,0,0000000,2,47,2,56,88,88,0,0,0,1,0
21,210296,1,1,0,1,1,1,1,27,0,3,5,2013,6,23,38,0,3,3,SR-259,,1,37.59453889,-86.33094167,0,8,0,0,1,1,0,1,2,1,0,1,0,0000000,23,38,0,3,88,88,0,0,0,1,0
21,210297,2,2,0,0,0,4,4,193,1047,3,7,2013,4,13,0,1,2,3,SR-15,,240,37.38886667,-83.27274722,0,12,2,0,1,1,0,1,1,10,0,10,0,0000000,13,7,13,19,13,53,0,0,0,3,0
21,210298,3,3,0,0,0,4,4,111,2090,3,7,2013,4,17,28,0,13,3,SR-1934,RICHMOND ROAD,89,38.19726667,-85.84017778,0,12,6,0,2,3,0,1,1,2,0,2,0,0000000,17,29,17,40,88,88,0,0,0,1,0
21,210299,2,2,0,0,0,5,5,199,3070,2,7,2013,3,20,5,0,4,3,SR-39,,19,37.12389444,-84.59106667,0,12,2,0,1,1,0,1,2,2,0,2,0,0000000,20,7,20,12,99,99,0,0,0,1,0
21,210300,2,2,0,0,0,2,2,161,0,5,7,2013,6,7,0,0,3,3,SR-11,,17,38.51693056,-83.75761944,0,12,2,0,1,1,0,1,1,2,0,2,0,0000000,7,3,7,14,88,88,0,0,0,2,0
21,210301,1,1,0,0,0,1,1,227,0,5,7,2013,6,9,55,0,15,3,SR-884,,79,36.9203,-86.43363333,0,53,0,0,1,1,0,5,1,1,0,1,0,0000000,9,57,10,6,88,88,0,0,0,1,1
21,210302,1,1,0,0,0,1,1,87,0,3,7,2013,4,23,9,0,6,4,CR-LOCUST GROVE ROAD,,5,37.19370278,-85.52284167,0,38,0,0,1,1,0,5,2,10,0,10,0,0000000,23,32,23,42,88,88,0,0,0,1,1
21,210303,1,1,0,0,0,1,1,111,2090,10,7,2013,4,1,47,0,16,5,GLADDEN DRIVE,,2,38.20014444,-85.67806111,0,19,0,0,1,1,0,5,3,1,0,1,0,0000000,1,49,1,57,88,88,0,0,0,1,1
21,210304,1,1,0,1,1,1,1,209,1280,11,7,2013,5,4,19,0,4,2,US-460,KENTWOOD AVE,91,38.21036111,-84.56796944,0,8,0,0,3,3,0,1,3,1,0,1,0,0000000,4,20,4,23,88,88,0,0,0,1,0
21,210305,1,1,0,0,0,2,2,209,0,14,7,2013,1,22,20,0,4,2,US-25,,134,38.34065833,-84.57390278,0,30,0,0,1,1,0,4,1,1,0,1,0,0000000,22,18,22,43,22,53,0,0,0,1,1
21,210306,1,1,0,0,0,2,2,45,0,14,7,2013,1,23,32,1,2,2,US-127,,110,37.28236111,-84.95850833,0,35,0,0,1,1,0,4,2,1,0,1,0,0000000,23,39,23,45,0,2,0,0,0,1,1
21,210307,1,1,0,0,0,1,1,3,0,9,7,2013,3,18,46,0,5,3,SR-1332,,54,36.78198889,-86.28868611,0,42,0,0,1,1,0,4,1,1,0,1,0,0000000,18,44,18,51,19,52,0,0,0,1,1
21,210308,2,2,0,0,0,2,2,227,0,18,7,2013,5,14,53,0,5,3,SR-1083,,6,36.93155278,-86.55346111,0,12,2,0,1,1,0,1,1,1,0,1,0,0000000,14,56,15,1,88,88,0,0,0,1,1
21,210309,1,1,0,0,0,2,2,111,2090,17,7,2013,4,22,8,1,11,1,I-264 RAMP,I-65,3,38.19139444,-85.73098889,0,52,0,1,5,1,0,4,3,1,0,1,0,0000000,22,8,99,99,22,46,0,0,0,1,1
21,210310,2,2,0,0,0,2,2,111,2090,15,7,2013,2,17,5,1,11,1,I-64 RAMP,SR-1747,4,38.22387222,-85.58450556,0,12,1,1,20,1,0,1,1,1,0,1,0,0000000,99,99,99,99,99,99,0,0,0,1,0
21,210311,3,3,0,0,0,3,3,193,1470,19,7,2013,6,14,36,1,2,3,SR-15,CITIZENS LANE,127,37.26025833,-83.20001111,0,12,6,0,2,3,0,1,1,10,0,10,0,0000000,99,99,99,99,99,99,0,0,0,1,0
21,210312,1,1,0,0,0,4,4,49,0,18,7,2013,5,13,36,0,4,3,SR-15,,85,37.97533611,-84.10265278,0,34,0,0,1,1,0,4,1,1,0,1,0,0000000,13,36,14,14,14,28,0,0,0,1,0
21,210313,1,1,0,1,1,2,2,25,0,20,7,2013,7,14,41,0,5,3,SR-1278,,8,37.40129722,-83.33371944,0,8,0,0,1,1,0,1,1,1,0,1,0,0000000,14,34,14,57,99,99,0,0,0,1,0
21,210314,2,2,0,0,0,5,5,101,0,20,7,2013,7,17,59,0,3,2,US-60,,221,37.85381389,-87.361525,0,12,6,0,1,1,0,1,1,10,0,10,0,0000000,18,4,18,15,18,59,0,0,0,1,0
21,210315,1,1,0,0,0,1,1,195,3929,21,7,2013,1,2,22,1,2,2,US-119,,0,37.51724167,-82.45838889,0,24,0,0,1,1,0,4,2,1,0,1,0,0000000,2,26,2,33,88,88,0,0,0,1,1
21,210316,1,1,0,0,0,1,1,25,1254,21,7,2013,1,16,30,0,5,3,SR-378,,28,37.62795278,-83.36105556,0,42,0,0,1,1,0,4,1,1,0,1,0,0000000,99,99,99,99,88,88,0,0,0,1,0
21,210317,2,2,0,0,0,4,4,237,0,22,7,2013,2,17,50,0,4,3,SR-15,,137,37.75324444,-83.60371111,0,12,2,0,1,1,0,1,1,10,0,10,0,0000000,17,52,18,4,18,40,0,0,0,1,1
21,210318,1,1,0,1,1,1,1,97,850,22,7,2013,2,13,36,0,6,5,CHURCH STREET SOUTH,PLEASANT STREET EAST,1,38.38998889,-84.29420556,0,8,0,0,3,2,0,1,1,2,0,2,0,0000000,13,37,13,39,13,56,0,0,0,1,0
21,210319,2,1,1,0,1,1,2,217,520,24,7,2013,4,15,40,0,4,3,SR-55,,99,37.33367778,-85.359725,0,45,0,0,1,1,0,1,1,1,0,1,0,0000000,15,42,15,45,99,99,0,0,0,1,0
21,210320,2,2,0,0,0,2,2,157,0,25,7,2013,5,20,55,0,3,2,US-641,,129,36.92675833,-88.34217778,0,12,6,0,8,1,0,1,3,1,0,1,0,0000000,20,58,21,4,21,52,0,0,0,1,0
21,210321,1,1,0,0,0,2,2,193,341,25,7,2013,5,19,13,1,2,3,SR-15,,171,37.30413056,-83.24783056,0,24,0,0,1,1,0,5,1,1,0,1,0,0000000,99,99,99,99,99,99,0,0,0,1,0
21,210322,1,1,0,0,0,1,1,227,0,27,7,2013,7,14,0,0,5,3,SR-1402,,71,36.96407778,-86.28862222,0,42,0,0,1,1,0,4,1,1,0,1,0,0000000,16,20,16,33,88,88,0,0,0,1,0
21,210323,2,2,0,0,0,4,4,227,350,27,7,2013,7,20,15,0,14,2,US-31W,US-68/80,208,37.038475,-86.33346111,0,12,6,0,2,3,0,1,2,1,0,1,0,0000000,20,18,20,35,21,6,0,0,0,1,0
21,210324,2,2,0,0,0,3,3,133,3530,27,7,2013,7,14,15,1,2,3,SR-15,,7,37.11228056,-82.81567778,0,12,6,0,1,1,0,1,1,1,0,1,0,0000000,14,20,14,24,14,35,0,0,0,1,1
21,210325,1,1,0,0,0,2,2,205,0,26,7,2013,6,23,32,0,4,3,SR-173,WINDSOR DRIVE,11,38.13372778,-83.26534167,0,7,0,0,2,3,0,1,2,1,0,1,0,0000000,23,34,23,51,0,29,0,0,0,1,0
21,210326,1,1,0,0,0,1,1,95,0,30,7,2013,3,5,20,0,4,3,SR-38,,70,36.85744722,-83.21463056,0,35,0,0,1,1,0,4,2,1,0,1,0,0000000,99,99,99,99,88,88,0,0,0,1,0
21,210327,1,1,0,0,0,3,3,9,0,30,7,2013,3,13,33,0,4,3,SR-63,,67,36.89693333,-85.857725,0,35,0,0,1,1,0,4,1,10,0,10,0,0000000,13,33,13,42,14,11,0,0,0,1,0
21,210328,1,1,0,1,1,1,1,83,2200,30,7,2013,3,12,50,0,4,2,US-45,WEST NORTH STREET,172,36.74265833,-88.63580833,0,8,0,0,3,2,0,1,1,2,0,2,0,0000000,12,54,12,54,13,8,0,0,0,1,0
21,210329,1,1,0,0,0,1,1,51,0,12,7,2013,6,17,14,0,6,4,CR-SMITH AND HOLLAND RD,,1,37.05688889,-83.62521389,0,1,0,0,1,1,0,4,1,1,0,1,0,0000000,17,8,17,29,18,6,0,0,0,1,1
21,210330,1,1,0,0,0,1,1,61,0,28,7,2013,1,3,0,0,4,2,US-31,,19,37.09456389,-86.17632778,0,1,0,0,1,1,0,4,2,5,0,5,0,0000000,4,29,4,47,5,51,0,0,0,1,1
21,210331,1,1,0,0,0,1,1,45,0,12,2,2013,3,14,59,0,4,3,SR-78,,81,37.46758056,-84.88903056,0,42,0,0,1,1,0,4,1,1,0,1,0,0000000,15,1,15,16,99,99,0,0,0,1,0
21,210332,1,1,0,0,0,2,2,235,0,31,7,2013,4,10,28,0,4,2,US-25W,,43,36.64540278,-84.12521944,0,42,0,0,1,1,0,4,1,2,0,2,0,0000000,10,28,10,28,99,99,0,0,0,1,1
21,210333,1,1,0,0,0,1,1,87,0,25,6,2013,3,17,0,0,5,3,SR-323,,98,37.33240833,-85.53458611,0,42,0,0,1,1,0,5,1,1,0,1,0,0000000,17,1,17,9,17,20,0,0,0,1,1
21,210334,2,2,0,0,0,2,2,209,0,1,8,2013,5,10,43,0,4,2,US-62,,157,38.270775,-84.49402778,0,12,2,0,1,1,0,1,1,1,0,1,0,0000000,10,45,10,49,11,42,0,0,0,1,0
21,210335,3,1,2,1,3,1,3,195,2640,1,8,2013,5,16,59,9,4,2,US-460,,99999,37.43947222,-82.50959722,0,14,0,0,1,1,0,5,1,8,0,8,0,0000000,16,59,17,12,17,21,14,15,0,1,0
21,210336,1,1,0,0,0,1,1,211,0,2,8,2013,6,3,51,0,5,3,SR-148,,23,38.16624722,-85.38998333,0,42,0,0,1,1,0,4,2,1,0,1,0,0000000,3,55,4,7,88,88,2,20,0,1,1
21,210337,2,2,0,0,0,2,2,169,0,2,8,2013,6,6,25,1,2,3,SR-9008,,322,37.01177222,-85.57357222,0,35,0,0,1,1,0,3,1,10,0,10,0,0000000,6,22,6,36,9,0,0,0,0,1,0
21,210338,3,3,0,0,0,6,6,67,1980,2,8,2013,6,15,42,1,13,2,US-27,,1,37.964875,-84.53505556,0,12,2,0,1,1,0,1,1,1,0,1,0,0000000,15,39,15,46,16,14,0,0,0,2,0
21,210339,2,2,0,0,0,3,3,111,2090,2,8,2013,6,19,17,1,13,3,SR-1934,ROCKFORD LN,77,38.18377778,-85.85525,0,12,6,0,2,2,0,1,1,10,0,10,0,0000000,19,17,19,20,19,53,0,0,0,1,0
21,210340,1,1,0,0,0,1,1,117,0,1,8,2013,5,1,52,0,4,2,US-25,,11,38.807375,-84.59134167,0,30,0,0,1,1,0,4,2,10,0,10,0,0000000,1,53,2,5,3,20,0,0,0,1,1
21,210341,2,2,0,0,0,2,2,111,2090,3,8,2013,7,7,49,0,16,5,PARK RD SOUTH,,17,38.11614167,-85.70881389,0,12,2,0,1,1,0,1,4,10,0,10,0,0000000,99,99,99,99,99,99,0,0,0,1,0
21,210342,3,3,0,0,0,4,4,205,0,3,8,2013,7,12,28,1,1,1,I-64,,1424,38.25311944,-83.43122778,0,12,6,0,1,1,0,1,1,10,0,10,0,0000000,12,26,12,38,99,99,0,0,0,1,0
21,210343,1,1,0,0,0,1,1,67,1980,4,8,2013,1,2,57,0,16,5,BREATHITT AVE,PRICE RD,99999,38.06810278,-84.50846667,0,42,0,0,3,3,0,4,3,1,0,1,0,0000000,2,57,3,0,88,88,0,0,0,1,1
21,210344,2,2,0,0,0,2,2,93,3370,5,8,2013,2,10,30,0,4,3,SR-313,COLE RIDGE RD,143,37.82462778,-85.98686389,0,12,1,0,3,2,0,1,1,1,0,1,0,0000000,10,31,10,37,88,88,0,0,0,1,0
21,210345,1,1,0,0,0,1,1,73,1220,5,8,2013,2,18,36,0,16,5,KINGS DAUGHTERS DR,,1,38.16635556,-84.90215278,0,30,0,0,1,1,0,4,1,1,0,1,0,0000000,18,37,18,42,18,53,0,0,0,1,0
21,210346,1,1,0,0,0,2,2,207,0,6,8,2013,3,4,40,1,2,3,SR-9008,,621,37.05057778,-85.07338889,0,35,0,0,1,1,0,3,2,1,0,1,0,0000000,4,45,4,50,5,12,0,0,0,1,1
21,210347,1,1,0,0,0,1,1,111,2090,4,8,2013,1,7,18,0,13,2,US-60A,,18,38.20178611,-85.7819,0,33,0,0,1,1,0,4,1,1,0,1,0,0000000,7,18,7,25,88,88,0,0,0,1,1
21,210348,3,3,0,0,0,6,6,41,0,2,8,2013,6,17,49,0,3,3,SR-227,,46,38.65182778,-85.12685278,0,12,1,0,1,1,0,1,1,1,0,1,0,0000000,17,27,17,30,18,46,0,0,0,1,0
21,210349,1,1,0,0,0,1,1,67,1980,6,8,2013,3,20,55,0,16,5,DELONG RD,,29,37.95138333,-84.45632778,0,42,0,0,1,1,0,4,5,1,0,1,0,0000000,20,56,21,3,21,35,0,0,0,1,1
21,210350,1,1,0,0,0,1,1,83,0,8,8,2013,5,20,40,0,4,3,SR-80,,32,36.78290278,-88.76476111,0,42,0,0,1,1,0,4,2,10,0,10,0,0000000,99,99,99,99,88,88,0,0,0,1,0
21,210351,1,1,0,0,0,2,2,67,1980,6,8,2013,3,18,9,1,13,2,US-27,,69,38.05353889,-84.49335278,0,30,0,0,1,1,0,4,1,1,0,1,0,0000000,18,10,18,13,18,34,0,0,0,1,0
21,210352,2,2,0,0,0,3,3,131,0,6,8,2013,3,16,30,0,3,2,US-421,,50,36.97959722,-83.40516389,0,12,2,0,1,1,0,1,1,10,0,10,0,0000000,16,38,16,57,99,99,0,0,0,1,0
21,210353,1,1,0,0,0,2,2,85,287,10,8,2013,7,17,10,0,6,4,CR-HUGHES MILL RD,,0,37.54649722,-86.14854167,0,10,0,0,6,1,0,1,1,1,0,1,0,296921c,17,13,17,35,17,48,0,0,0,1,0
21,210354,2,2,0,0,0,3,3,155,0,11,8,2013,1,19,9,0,5,3,SR-208,,28,37.45825,-85.25938333,0,12,6,0,1,1,0,1,5,1,0,1,0,0000000,18,52,19,6,20,23,0,0,0,1,1
21,210355,1,1,0,0,0,2,2,97,0,10,8,2013,7,21,55,0,6,4,CR-CRISWELL RD,,16,38.563075,-84.26405556,0,38,0,0,1,1,0,4,2,1,0,1,0,0000000,21,55,22,14,22,55,0,0,0,1,1
21,210356,2,2,0,0,0,4,4,111,2090,8,8,2013,5,15,16,1,13,2,US-31W,,56,38.06705278,-85.88518333,0,12,6,0,8,1,0,1,1,10,0,10,0,0000000,99,99,99,99,99,99,0,0,0,1,0
21,210357,1,1,0,0,0,1,1,177,0,10,8,2013,7,12,55,0,4,2,US-431,,54,37.13882222,-87.02077222,0,42,0,0,1,1,0,4,1,10,0,10,0,0000000,12,59,13,17,13,49,0,0,0,1,0
21,210358,2,2,0,0,0,2,2,115,3025,16,8,2013,6,20,16,0,4,3,SR-201,,48,37.90054167,-82.842625,0,12,2,0,1,1,0,1,5,1,0,1,0,0000000,20,19,20,28,99,99,0,0,0,1,1
21,210359,2,2,0,0,0,2,2,15,0,5,8,2013,2,7,17,0,4,2,US-42,SOUTH FORK RD,4,38.83033056,-84.74197222,0,1,0,0,3,3,0,1,1,1,0,1,0,0000000,7,17,7,29,88,88,14,0,0,1,0
21,210360,2,2,0,0,0,4,4,93,0,18,8,2013,1,18,20,0,4,3,SR-61,SR-1135,19,37.62944722,-85.82159444,0,12,6,0,2,2,0,1,1,10,0,10,0,0000000,18,28,18,34,19,0,0,0,0,2,1
21,210361,2,2,0,0,0,3,3,51,0,16,8,2013,6,16,48,1,1,3,SR-9006,,163,37.13742778,-83.82655833,0,12,1,0,1,1,1,1,1,10,0,10,0,0000000,16,52,17,1,99,99,3,0,0,1,0
21,210362,2,2,0,0,0,2,2,43,0,20,8,2013,3,13,46,0,5,3,SR-174,,87,38.28841944,-83.19572778,0,12,2,0,1,1,0,1,1,1,0,1,0,0000000,13,46,13,52,14,50,0,0,0,1,1
21,210363,1,1,0,0,0,1,1,13,0,24,8,2013,7,15,48,0,4,3,SR-217,,1,36.64782222,-83.65351667,0,1,0,0,1,1,0,4,1,1,0,1,0,0000000,15,51,16,0,16,42,0,0,0,1,0
21,210364,2,2,0,0,0,3,3,111,2090,25,8,2013,1,21,19,1,11,1,I-265,BARDSTOWN ROAD RAMP,173,38.14195,-85.58311111,0,12,11,1,5,1,0,1,2,10,0,10,0,0000000,21,19,21,22,88,88,0,0,0,1,1
21,210365,4,4,0,0,0,4,4,111,2090,27,8,2013,3,12,8,0,14,3,SR-146,I-265 RAMP,72,38.28453333,-85.51465,0,12,6,1,2,3,0,1,1,1,0,1,0,0000000,12,10,12,11,12,47,14,0,0,1,0
21,210366,2,2,0,0,0,2,2,79,0,30,8,2013,6,11,4,1,2,2,US-27,JAYCEES BALL PK RD,10,37.59555556,-84.59501111,0,12,7,0,2,3,0,1,1,1,0,1,0,0000000,11,6,11,9,99,99,0,0,0,1,0
21,210367,1,1,0,0,0,2,2,119,0,30,8,2013,6,17,41,0,5,3,SR-1098,,83,37.43360278,-83.00652778,0,30,0,0,1,1,0,4,1,1,0,1,0,0000000,17,47,18,1,18,34,0,0,0,1,0
21,210368,3,3,0,0,0,5,5,113,0,29,8,2013,5,10,48,0,3,3,SR-169,,131,37.91450556,-84.59495,0,12,2,0,1,1,0,1,1,1,0,1,0,0000000,10,51,11,0,11,35,0,0,0,1,0
21,210369,1,1,0,0,0,1,1,111,2090,30,8,2013,6,20,15,0,4,3,SR-2054,,15,38.22332778,-85.79484444,0,42,0,0,1,1,0,4,3,1,0,1,0,0000000,20,16,20,18,20,54,0,0,0,1,0
21,210370,2,2,0,0,0,2,2,89,2800,29,8,2013,5,18,56,0,14,3,SR-693,,45,38.50589444,-82.70015556,0,12,7,0,8,1,0,1,1,1,0,1,0,0000000,18,57,19,8,99,99,0,0,0,1,0
21,210371,2,2,0,0,0,2,2,111,2090,30,8,2013,6,13,50,1,13,2,US-31E,BUECHAL BANK RD,100,38.19077778,-85.64733333,0,12,2,0,2,2,0,1,1,1,0,1,0,0000000,99,99,99,99,99,99,0,0,0,1,0
21,210372,2,2,0,0,0,3,3,147,2648,27,8,2013,3,11,10,0,5,3,SR-92,,177,36.67243333,-84.42396667,0,12,2,0,1,1,0,2,1,1,0,1,0,0000000,11,11,11,20,99,99,0,0,0,1,0
21,210373,1,1,0,0,0,1,1,3,0,29,8,2013,5,5,30,0,4,3,SR-100,,35,36.68853611,-86.35399167,0,38,0,0,1,1,0,4,4,1,0,1,0,0000000,5,12,5,41,6,40,0,0,0,1,0
21,210374,1,1,0,0,0,1,1,123,0,4,8,2013,1,18,10,0,5,3,SR-470,,23,37.46694722,-85.71977778,0,35,0,0,1,1,0,5,1,1,0,1,0,0000000,17,58,18,9,18,31,0,0,0,1,1
21,210375,1,1,0,0,0,1,1,95,0,29,8,2013,5,15,0,1,2,2,US-119,,373,36.99048611,-82.94389444,0,1,0,0,1,1,0,4,1,1,0,1,0,0000000,15,20,16,7,88,88,0,0,0,1,1
21,210376,1,1,0,0,0,1,1,185,0,30,8,2013,6,22,39,0,5,3,SR-3223,,5,38.43316111,-85.38353056,0,35,0,0,1,1,0,5,2,1,0,1,0,0000000,22,44,22,51,23,26,0,0,0,1,1
21,210377,2,2,0,0,0,4,4,99,0,26,7,2013,6,18,52,0,4,2,US-31W,,66,37.22473056,-85.87978611,0,12,1,0,8,1,0,1,5,1,0,1,0,0000000,18,52,18,58,99,99,0,0,0,1,1
21,210378,3,3,0,0,0,4,4,121,0,9,8,2013,6,16,48,0,5,3,SR-1304,,56,36.94266111,-83.83528611,0,12,2,0,1,1,0,1,1,2,0,2,0,0000000,16,50,16,59,17,41,0,0,0,1,1
21,210379,1,1,0,0,0,1,1,9,0,20,7,2013,7,22,0,0,5,3,SR-255,,58,37.01921944,-86.0606,0,34,0,0,1,1,0,4,2,1,0,1,0,0000000,22,0,22,13,88,88,0,0,0,1,1
21,210380,1,1,0,0,0,1,1,167,0,9,4,2013,3,18,58,0,4,3,SR-152,,150,37.74858056,-84.75083056,0,42,0,0,1,1,0,4,1,1,0,1,0,0000000,99,99,99,99,88,88,0,0,0,1,0
21,210381,2,2,0,0,0,5,5,141,0,24,8,2013,7,15,5,1,2,2,US-68,,31,36.81728889,-87.00455278,0,12,1,0,1,1,0,1,1,1,0,1,0,0000000,15,9,15,18,88,88,0,0,0,1,1
21,210382,1,1,0,0,0,1,1,177,3090,31,8,2013,7,22,35,0,4,2,US-431,,231,37.34249167,-87.14215278,0,34,0,0,1,1,0,4,1,1,0,1,0,0000000,6,32,99,99,88,88,18,0,0,1,1
21,210383,2,2,0,0,0,6,6,111,2090,30,8,2013,6,14,25,1,11,1,I-65 SB,,1343,38.23323889,-85.75087778,0,25,0,0,1,1,0,3,1,1,0,1,0,0000000,14,30,14,34,15,0,14,0,0,1,0
21,210384,1,1,0,0,0,1,1,141,0,14,7,2013,1,15,40,0,6,3,SR-663,,88,36.77332778,-86.78879722,0,18,0,0,1,1,0,4,1,10,0,10,0,0000000,15,46,16,0,88,88,0,0,0,1,1
21,210385,1,1,0,0,0,1,1,9,0,5,7,2013,6,19,48,0,5,3,SR-839,,29,36.87533611,-85.78141111,0,58,0,0,1,1,0,4,1,2,0,2,0,0000000,19,48,20,2,88,88,0,0,0,1,1
21,210386,1,1,0,0,0,1,1,17,0,22,6,2013,7,6,2,0,6,4,CR-JACKSTOWN RD,,35,38.24266389,-84.16521389,0,42,0,0,1,1,0,4,1,10,0,10,0,0000000,6,3,6,10,6,45,0,0,0,1,0
21,210387,1,1,0,0,0,2,2,13,1219,1,9,2013,1,17,45,0,5,3,SR-3485,,29,36.64964444,-83.87654444,0,35,0,0,1,1,0,4,1,1,0,1,0,0000000,17,42,18,0,99,99,0,0,0,1,1
21,210388,2,2,0,0,0,3,3,161,0,3,9,2013,3,12,2,0,4,3,SR-9,,125,38.64933056,-83.87370833,0,12,1,0,8,1,0,1,1,1,0,1,0,0000000,12,5,12,13,12,27,0,0,0,1,0
21,210389,3,3,0,0,0,5,5,231,2260,3,9,2013,3,13,8,0,4,3,SR-90,,118,36.85071944,-84.85501667,0,12,1,0,1,1,0,1,1,1,0,1,0,0000000,13,10,13,13,14,6,0,0,0,2,0
21,210390,2,2,0,0,0,2,2,111,2090,3,9,2013,3,15,36,1,11,1,I-65,,1317,38.20335833,-85.73880833,0,12,6,0,1,1,0,1,1,1,0,1,0,0000000,99,99,99,99,99,99,0,0,0,1,0
21,210391,2,2,0,0,0,6,6,157,0,2,9,2013,2,14,31,0,4,2,US-68,,133,36.89026667,-88.29658056,0,12,1,0,8,1,0,1,1,2,0,2,0,0000000,14,33,14,42,15,7,5,0,0,1,0
21,210392,1,1,0,1,1,1,1,107,2450,1,9,2013,1,20,23,0,6,3,SR-2083,ELM STREET,6,37.19071389,-87.45303056,0,8,0,0,2,3,0,1,2,1,0,1,0,0000000,20,26,20,37,21,34,0,0,0,1,0
21,210393,2,2,0,0,0,2,2,89,2800,5,9,2013,5,6,5,1,13,2,US-23,KENWOOD DR,20,38.52609444,-82.68976667,0,12,6,0,2,3,0,1,3,1,0,1,0,0000000,6,5,99,99,99,99,0,0,0,1,0
21,210394,2,2,0,0,0,3,3,111,2090,5,9,2013,5,18,57,0,16,5,OMAR KHAYYAM BLVD,COUNT TURF DR,5,38.11407222,-85.87283889,0,12,6,0,2,2,0,1,1,1,0,1,0,0000000,99,99,99,99,99,99,0,0,0,1,1
21,210395,2,2,0,0,0,4,4,71,2670,6,9,2013,6,14,38,1,2,2,US-23,SR-3384,134,37.64165556,-82.75846389,0,12,6,0,2,3,0,1,1,1,0,1,0,0000000,14,35,14,40,15,27,0,0,0,2,0
21,210396,3,3,0,0,0,5,5,185,815,7,9,2013,7,21,19,1,11,1,I-71,,144,38.346125,-85.493975,0,12,2,0,1,1,0,1,2,1,0,1,0,0000000,21,22,21,30,22,5,0,0,0,2,2
21,210397,1,1,0,0,0,1,1,13,1683,8,9,2013,1,0,14,0,4,3,SR-92,,45,36.72139167,-83.80783056,0,35,0,0,1,1,0,4,2,5,0,5,0,0000000,0,27,0,43,88,88,0,0,0,1,1