STATE,ST_CASE,VE_TOTAL,VE_FORMS,PVH_INVL,PEDS,PERNOTMVIT,PERMVIT,PERSONS,COUNTY,CITY,DAY,MONTH,YEAR,DAY_WEEK,HOUR,MINUTE,NHS,ROAD_FNC,ROUTE,TWAY_ID,TWAY_ID2,MILEPT,LATITUDE,LONGITUD,SP_JUR,HARM_EV,MAN_COLL,RELJCT1,RELJCT2,TYP_INT,WRK_ZONE,REL_ROAD,LGT_COND,WEATHER1,WEATHER2,WEATHER,SCH_BUS,RAIL,NOT_HOUR,NOT_MIN,ARR_HOUR,ARR_MIN,HOSP_HR,HOSP_MN,CF1,CF2,CF3,FATALS,DRUNK_DR
21,210398,3,1,2,2,3,1,2,211,0,9,9,2013,2,11,39,1,1,1,I-64,,378,38.17563333,-85.16429444,0,24,0,0,1,1,0,3,1,1,0,1,0,0000000,11,37,11,44,12,29,19,0,0,2,0
21,210399,1,1,0,0,0,6,6,83,0,8,9,2013,1,21,32,0,4,3,SR-97,,161,36.68769167,-88.61374722,0,42,0,0,1,1,0,4,2,10,0,10,0,0000000,99,99,99,99,99,99,0,0,0,1,0
21,210400,1,1,0,0,0,1,1,67,1980,10,9,2013,3,1,4,0,4,2,US-25,,19,37.91673056,-84.36520556,0,38,0,0,1,1,0,4,2,1,0,1,0,0000000,1,5,1,21,88,88,0,0,0,1,1
21,210401,2,2,0,0,0,3,3,111,2090,7,9,2013,7,10,45,0,13,2,US-60A,SR-1931,5,38.19677222,-85.79905278,0,12,2,0,2,2,0,1,1,1,0,1,0,0000000,99,99,99,99,99,99,0,0,0,1,0
21,210402,1,1,0,0,0,1,1,227,350,11,9,2013,4,6,31,0,4,2,US-31W,,73,36.92345833,-86.49979167,0,42,0,0,1,1,0,4,4,1,0,1,0,0000000,6,33,6,44,88,88,0,0,0,1,0
21,210403,2,2,0,0,0,2,2,3,0,11,9,2013,4,7,0,0,5,3,SR-100,,182,36.72479167,-86.14981111,0,12,2,0,1,1,0,1,1,1,0,1,0,0000000,7,3,7,9,7,33,0,0,0,2,0
21,210404,1,1,0,0,0,2,2,13,0,11,9,2013,4,15,56,1,2,2,US-25,,68,36.67583333,-83.68438889,0,1,0,0,1,1,0,3,1,1,0,1,0,0000000,15,59,16,2,17,2,0,0,0,1,0
21,210405,1,1,0,0,0,2,2,207,0,11,9,2013,4,15,0,0,5,3,SR-1680,,22,36.97625278,-85.02611667,0,42,0,0,1,1,0,4,1,2,0,2,0,0000000,15,6,15,8,99,99,0,0,0,1,0
21,210406,2,2,0,0,0,2,2,211,0,12,9,2013,5,10,59,0,3,2,US-60,,185,38.18568056,-85.07889722,0,12,2,0,1,1,0,1,1,10,0,10,0,0000000,10,56,11,4,12,47,0,0,0,1,0
21,210407,2,2,0,0,0,2,2,115,2530,11,9,2013,4,14,52,1,2,2,US-23,SR-321,79,37.837375,-82.82965278,0,12,6,0,2,3,0,1,1,1,0,1,0,0000000,14,53,14,56,88,88,0,0,0,1,0
21,210408,1,1,0,0,0,1,1,161,0,12,9,2013,5,21,25,0,4,3,SR-10,,81,38.61594722,-83.697025,0,24,0,0,1,1,0,4,2,1,0,1,0,0000000,21,26,21,35,88,88,0,0,0,1,1
21,210409,3,3,0,0,0,4,4,15,0,7,9,2013,7,17,50,0,4,3,SR-237,LANGLEY BLVD,90,39.060825,-84.70400833,0,12,6,0,2,2,0,1,1,1,0,1,0,0000000,17,52,17,55,18,25,0,0,0,1,0
21,210410,2,2,0,0,0,5,5,83,0,14,9,2013,7,15,47,0,5,3,SR-1241,SR-408,45,36.85534722,-88.66213333,0,12,6,0,2,2,0,1,1,1,0,1,0,0000000,15,51,15,58,16,29,0,0,0,1,0
21,210411,1,1,0,0,0,2,2,95,195,10,9,2013,3,18,26,1,2,2,US-119,,152,36.877,-83.29733056,0,5,0,0,1,1,0,1,1,1,0,1,0,0000000,18,26,18,30,99,99,0,0,0,1,0
21,210412,1,1,0,0,0,1,1,43,0,15,9,2013,1,19,35,1,1,1,I-64,,1488,38.28646111,-83.32925556,0,35,0,0,1,1,0,4,1,10,0,10,0,0000000,19,24,19,36,20,0,0,0,0,1,0
21,210413,2,2,0,0,0,2,2,125,0,16,9,2013,2,11,10,0,4,3,SR-192,,161,37.08983611,-84.12888889,0,12,1,0,1,1,0,1,1,2,0,2,0,0000000,11,10,11,19,88,88,0,0,0,1,0
21,210414,1,1,0,0,0,1,1,179,0,7,9,2013,7,23,52,0,4,2,US-62,,39,37.78715556,-85.64589722,0,1,0,0,1,1,0,4,2,1,0,1,0,0000000,23,52,0,10,0,43,0,0,0,1,0
21,210415,1,1,0,0,0,1,1,71,0,4,9,2013,4,15,20,0,4,3,SR-979,,49,37.38958056,-82.66889167,0,35,0,0,1,1,0,4,1,1,0,1,0,0000000,15,26,15,36,16,4,0,0,0,1,0
21,210416,2,2,0,0,0,2,2,111,2090,17,9,2013,3,13,30,0,16,5,RANGELAND RD,DALE RAY DR,3,38.16688889,-85.67565833,0,5,0,0,2,3,0,1,1,1,0,1,0,0000000,13,30,13,39,88,88,14,0,0,1,1
21,210417,3,3,0,0,0,5,5,25,0,18,9,2013,4,9,14,1,2,3,SR-15,,53,37.45019167,-83.31599722,0,12,6,0,1,1,0,2,1,10,0,10,0,0000000,9,18,9,36,10,10,0,0,0,2,0
21,210418,1,1,0,0,0,1,1,93,0,18,9,2013,4,12,53,0,4,3,SR-251,,49,37.76279444,-85.84986111,0,35,0,0,1,1,0,5,1,1,0,1,0,0000000,12,52,12,59,88,88,0,0,0,1,0
21,210419,2,2,0,0,0,2,2,111,2090,15,9,2013,1,18,59,0,13,3,SR-61,,31,38.12755556,-85.68075,0,12,6,0,8,1,0,1,1,1,0,1,0,0000000,18,59,19,15,19,45,0,0,0,1,0
21,210420,1,1,0,0,0,3,3,15,0,19,9,2013,5,22,5,0,4,3,SR-14,,49,38.82440556,-84.647975,0,53,0,0,1,1,0,4,2,1,0,1,0,0000000,22,6,22,10,23,0,0,0,0,1,1
21,210421,1,1,0,0,0,1,1,67,1980,21,9,2013,7,10,24,1,11,1,I-75,,1101,38.04738056,-84.42290833,0,35,0,0,1,1,0,4,1,10,0,10,0,0000000,10,27,10,35,88,88,0,0,0,1,0
21,210422,1,1,0,0,0,1,1,121,0,1,9,2013,1,17,35,0,6,4,CR-MOORE CREEK RD,,4,36.8298,-83.71651111,0,34,0,0,1,1,0,4,1,10,0,10,0,0000000,99,99,99,99,88,88,0,0,0,1,0
21,210423,1,1,0,1,1,1,1,117,800,20,9,2013,6,13,34,0,4,3,SR-16,39TH STREET EAST,154,39.04519722,-84.50448056,0,8,0,0,2,2,0,1,1,1,0,1,0,0000000,13,35,13,36,14,12,0,0,0,1,0
21,210424,1,1,0,0,0,1,1,31,0,21,9,2013,7,7,50,0,4,3,SR-70,,91,37.18721111,-86.76183611,0,42,0,0,1,1,0,4,1,10,0,10,0,0000000,7,53,8,1,88,88,0,0,0,1,0
21,210425,1,1,0,0,0,2,2,57,0,24,9,2013,3,4,0,0,6,3,SR-379,,30,36.82743889,-85.240375,0,1,0,0,1,1,0,4,2,1,0,1,0,0000000,3,55,4,12,88,88,0,0,0,1,1
21,210426,2,2,0,0,0,2,2,19,120,13,9,2013,6,10,5,0,4,3,SR-1012,,17,38.43990556,-82.65082778,0,12,1,0,1,1,0,1,1,1,0,1,0,0000000,99,99,99,99,99,99,0,0,0,1,0
21,210427,2,2,0,0,0,4,4,195,240,19,9,2013,5,9,43,1,2,2,US-119,,195,37.60888889,-82.27311111,0,12,6,0,1,1,0,1,1,2,0,2,0,0000000,9,45,99,99,99,99,0,0,0,3,1
21,210428,1,1,0,1,1,1,1,111,2090,25,9,2013,4,0,20,0,13,3,SR-61,,4,38.08976667,-85.66836667,0,9,0,0,1,1,0,1,2,1,0,1,0,0000000,99,99,99,99,88,88,0,0,0,1,0
21,210429,1,1,0,0,0,1,1,69,0,25,9,2013,4,22,16,0,3,3,SR-32,,159,38.38398889,-83.65351667,0,35,0,0,1,1,0,4,2,1,0,1,0,0000000,21,58,22,7,88,88,0,0,0,1,1
21,210430,2,2,0,1,1,2,2,7,0,22,9,2013,1,19,25,0,5,3,SR-802,,6,36.94014722,-88.96688056,0,12,6,0,1,1,0,1,2,1,0,1,0,0000000,19,28,19,48,20,33,15,0,0,1,0
21,210431,1,1,0,0,0,1,1,71,0,27,9,2013,6,21,8,0,4,3,SR-1428,,106,37.65743611,-82.71204444,0,35,0,0,1,1,0,4,2,1,0,1,0,0000000,21,10,21,15,88,88,0,0,0,1,1
21,210432,1,1,0,0,0,1,1,197,0,29,9,2013,1,14,14,0,4,3,SR-213,,44,37.80481944,-83.84064722,0,42,0,0,1,1,0,4,1,1,0,1,0,0000000,14,11,14,18,88,88,0,0,0,1,1
21,210433,2,2,0,0,0,2,2,9,1310,30,9,2013,2,10,28,0,4,3,SR-90,US-68,85,37.02440833,-85.93588056,0,12,6,0,2,2,0,1,1,1,0,1,0,0000000,10,28,10,34,10,44,0,0,0,1,0
21,210434,1,1,0,0,0,2,2,161,2728,30,9,2013,2,16,51,0,5,3,SR-10,,119,38.58011667,-83.64883333,0,30,0,0,1,1,0,4,1,1,0,1,0,0000000,16,52,17,10,17,50,0,0,0,1,1
21,210435,2,2,0,0,0,2,2,187,0,30,9,2013,2,17,15,0,4,3,SR-607,,156,38.46475,-84.63560556,0,12,2,0,1,1,0,1,1,1,0,1,0,0000000,17,22,17,44,19,3,0,0,0,1,1
21,210436,2,2,0,0,0,2,2,121,0,16,9,2013,2,14,31,0,4,3,SR-229,,29,36.94967222,-83.89107778,0,12,2,0,1,1,0,1,1,2,0,2,0,0000000,14,12,14,20,14,43,0,0,0,1,0
21,210437,2,2,0,0,0,2,2,111,2090,22,9,2013,1,4,19,1,13,2,US-31E,HAWTHORNE AVE,125,38.21696944,-85.67634167,0,12,6,0,2,3,0,1,3,1,0,1,0,0000000,4,21,4,27,99,99,0,0,0,1,1
21,210438,2,2,0,1,1,3,3,111,2090,12,9,2013,5,21,28,1,11,1,I-64,,35,38.26061667,-85.76898889,0,8,0,0,1,1,0,1,2,1,0,1,0,0000000,99,99,99,99,99,99,14,23,0,1,0
21,210439,1,1,0,0,0,1,1,67,1980,29,9,2013,1,3,28,1,12,3,SR-4,,167,37.99245833,-84.47659167,0,35,0,0,1,1,0,4,2,1,0,1,0,0000000,3,29,3,33,3,55,0,0,0,1,1
21,210440,2,2,0,0,0,2,2,35,2350,19,9,2013,5,11,5,0,15,3,SR-2075,NORTHWOOD DRIVE,7,36.62868889,-88.30183889,0,12,6,0,2,3,0,1,1,1,0,1,0,0000000,11,4,11,7,11,29,0,0,0,1,1
21,210441,2,2,0,0,0,3,3,177,225,27,9,2013,6,16,21,0,5,3,SR-246,,25,37.17648611,-87.05339444,0,12,2,0,1,1,0,1,1,1,0,1,0,0000000,16,21,16,46,17,33,0,0,0,1,0
21,210442,3,3,0,0,0,5,5,121,0,4,9,2013,4,15,6,0,6,3,SR-1487,MANCHESTER STREET,11,36.88590278,-83.88485833,0,12,6,0,2,3,0,1,1,1,0,1,0,0000000,15,9,15,14,16,33,0,0,0,1,0
21,210443,2,2,0,0,0,3,3,147,2648,22,9,2013,1,9,30,0,5,3,SR-1651,,2,36.659775,-84.44258333,0,12,2,0,8,1,0,1,1,1,0,1,0,0000000,9,30,9,36,88,88,0,0,0,1,0
21,210444,2,2,0,0,0,5,5,125,0,11,9,2013,4,18,4,0,4,2,US-25,,51,37.03531389,-84.05978611,0,12,2,0,1,1,0,1,1,10,0,10,0,0000000,18,5,18,17,18,58,0,0,0,1,0
21,210445,1,1,0,0,0,3,3,187,0,11,9,2013,4,19,30,0,6,3,SR-3103,,9,38.45935556,-84.7463,0,7,0,0,1,1,0,1,1,1,0,1,0,0000000,99,99,99,99,99,99,0,0,0,1,0
21,210446,1,1,0,0,0,1,1,97,0,15,9,2013,1,0,52,0,3,3,SR-36,,107,38.44009167,-84.35380556,0,38,0,0,1,1,0,4,2,1,0,1,0,0000000,0,52,1,3,2,0,0,0,0,1,0
21,210447,1,1,0,0,0,1,1,75,0,10,4,2013,4,16,36,0,6,9,BROOKS CHAPEL RD,,99999,36.507475,-88.97173889,0,2,0,0,1,1,0,1,1,8,0,8,0,0000000,16,37,16,45,18,30,0,0,0,1,0
21,210448,2,2,0,0,0,4,4,111,2090,14,9,2013,7,15,48,0,3,2,US-60,FLAT ROCK RD,154,38.23586944,-85.44420278,0,33,0,0,3,3,0,3,1,1,0,1,0,0000000,99,99,99,99,99,99,0,0,0,1,0
21,210449,1,1,0,0,0,1,1,183,0,28,9,2013,7,8,2,0,4,3,SR-69,,238,37.53931111,-86.77161944,0,42,0,0,1,1,0,4,1,1,0,1,0,0000000,8,9,8,15,88,88,0,0,0,1,1
21,210450,1,1,0,0,0,2,2,177,0,18,6,2013,3,15,29,0,6,3,SR-1380,,21,37.21562778,-87.14705278,0,52,0,0,1,1,0,4,1,1,0,1,0,0000000,15,33,15,39,15,50,0,0,0,1,1
21,210451,2,2,0,0,0,3,3,27,2132,22,9,2013,1,9,1,0,3,3,SR-259,CR-1299,64,37.60706389,-86.4256,0,12,6,0,2,3,0,1,1,1,0,1,0,0000000,9,1,9,15,9,49,0,0,0,1,0
21,210452,1,1,0,0,0,3,3,151,270,26,6,2013,4,15,41,1,11,1,I-75,,762,37.57900278,-84.31321111,0,35,0,0,1,1,0,4,1,1,0,1,0,0000000,15,41,15,49,17,0,0,0,0,1,0
21,210453,1,1,0,0,0,4,4,9,0,10,7,2013,4,17,32,0,6,4,CR-DEFEATED CREEK ROAD,,5,36.79750556,-85.94133056,0,38,0,0,1,1,0,4,1,2,0,2,0,0000000,17,36,17,55,18,34,0,0,0,1,0
21,210454,1,1,0,0,0,2,2,93,0,15,7,2013,2,17,49,1,1,1,I-65,,995,37.77813611,-85.77493889,0,5,0,0,1,1,0,1,1,1,0,1,0,0000000,17,53,18,11,18,33,0,0,0,1,0
21,210455,1,1,0,1,1,1,1,101,1510,1,10,2013,3,20,44,1,13,2,US-41A,,165,37.84770556,-87.58313333,0,8,0,0,1,1,0,1,3,1,0,1,0,0000000,20,45,20,49,88,88,0,0,0,1,0
21,210456,2,2,0,0,0,2,2,163,0,3,10,2013,5,16,6,0,4,3,SR-144,SR-313,333,37.83024167,-86.04632778,0,12,6,0,2,3,0,1,1,1,0,1,0,0000000,16,9,16,13,99,99,0,0,0,1,1
21,210457,2,2,0,0,0,4,4,111,2090,3,10,2013,5,18,20,1,13,2,US-31W,GRAND AVE,189,38.24026667,-85.78977222,0,12,6,0,2,2,0,1,1,1,0,1,0,0000000,18,20,18,27,18,53,0,0,0,1,0
21,210458,1,1,0,0,0,1,1,33,0,4,10,2013,6,13,19,0,4,2,US-62,,100,37.12658611,-87.83598889,0,52,0,0,1,1,0,4,1,1,0,1,0,0000000,13,20,13,31,88,88,0,0,0,1,1
21,210459,2,2,0,0,0,2,2,127,0,4,10,2013,6,18,37,0,4,3,SR-644,,5,38.09229722,-82.60174444,0,12,8,0,1,1,0,1,1,1,0,1,0,0000000,18,39,18,42,18,49,20,0,0,1,1
21,210460,1,1,0,0,0,1,1,193,0,4,10,2013,6,18,55,0,6,4,CR-CLEAR FORK ROAD,,7,37.33794167,-83.28341944,0,1,0,0,1,1,0,1,1,1,0,1,0,0000000,18,59,19,11,19,33,0,0,0,1,1
21,210461,2,2,0,0,0,3,3,85,0,5,10,2013,7,14,55,0,5,3,SR-736,,81,37.49648889,-86.571475,0,12,1,0,1,1,0,1,1,10,0,10,0,0000000,14,57,15,20,16,2,0,0,0,1,0
21,210462,1,1,0,0,0,2,2,77,0,6,10,2013,1,8,20,1,1,1,I-71 SB,,688,38.80325,-84.72855278,0,24,0,0,1,1,0,4,1,2,0,2,0,0000000,8,20,8,36,9,23,0,0,0,1,0
21,210463,1,1,0,1,1,3,3,11,2510,6,10,2013,1,17,41,0,4,3,SR-36,,118,38.14050833,-83.76354444,0,8,0,0,1,1,0,1,1,2,0,2,0,0000000,17,41,17,44,18,4,0,0,0,1,0
21,210464,1,1,0,1,1,1,1,41,0,7,10,2013,2,20,57,0,3,3,SR-227,,52,38.65759722,-85.13481667,0,8,0,0,1,1,0,2,3,1,0,1,0,0000000,20,59,21,3,21,12,0,0,0,1,1
21,210465,1,1,0,0,0,1,1,145,0,8,10,2013,3,21,27,0,6,3,SR-1438,,39,36.99945556,-88.72103889,0,1,0,0,1,1,0,1,2,1,0,1,0,0000000,21,30,21,39,88,88,0,0,0,1,0
21,210466,1,1,0,0,0,1,1,227,0,1,10,2013,3,17,54,0,6,4,CR-ANNA SANDHILL RD,,12,37.10771667,-86.385375,0,42,0,0,1,1,0,4,1,1,0,1,0,0000000,17,52,18,9,18,41,0,0,0,1,0
21,210467,2,1,1,0,2,1,3,83,0,9,10,2013,4,9,15,1,12,3,SR-9003,,241,36.76151944,-88.65046389,0,45,0,0,1,1,2,1,1,1,0,1,0,0000000,9,23,9,24,9,44,3,0,0,1,0
21,210468,2,2,0,0,0,4,4,51,2160,9,10,2013,4,19,47,0,3,2,US-421,,174,37.14506111,-83.7629,0,12,6,0,8,1,0,1,3,1,0,1,0,0000000,99,99,99,99,88,88,0,0,0,1,0
21,210469,1,1,0,1,1,5,5,111,2090,9,10,2013,4,21,5,0,13,3,SR-1447,LANGDON DRIVE,46,38.28436667,-85.58182778,0,8,0,0,3,2,0,1,3,1,0,1,0,0000000,99,99,99,99,88,88,0,0,0,1,0
21,210470,1,1,0,1,1,1,1,145,2520,1,10,2013,3,13,35,0,6,5,24TH STREET SOUTH,ADAMS CT,1,37.07143889,-88.62282222,0,9,0,0,2,10,0,1,1,10,0,10,0,0000000,13,36,13,41,13,45,0,0,0,1,0
21,210471,1,1,0,0,0,1,1,127,0,10,10,2013,5,22,11,0,4,3,SR-201,,72,38.06013333,-82.82611389,0,34,0,0,1,1,0,4,2,1,0,1,0,0000000,22,12,22,45,88,88,0,0,0,1,1
21,210472,1,1,0,0,0,2,2,235,0,12,10,2013,7,0,8,0,4,3,SR-1193,,42,36.91546667,-84.25879444,0,32,0,0,1,1,0,4,2,1,0,1,0,0000000,0,36,0,51,1,46,0,0,0,1,1
21,210473,1,1,0,0,0,1,1,127,0,12,10,2013,7,20,33,0,4,3,SR-3,,127,38.08950833,-82.58414444,0,35,0,0,1,1,0,4,2,1,0,1,0,0000000,20,34,20,41,88,88,0,0,0,1,0
21,210474,1,1,0,0,0,1,1,111,2090,13,10,2013,1,4,35,1,11,1,I-264 W,,137,38.19933889,-85.7017,0,38,0,0,1,1,0,4,3,10,0,10,0,0000000,4,36,4,56,5,14,0,0,0,1,0
21,210475,1,1,0,1,1,1,1,111,2090,14,10,2013,2,23,26,1,11,1,I-65,,1291,38.16931111,-85.72049722,0,8,0,0,1,1,0,1,3,1,0,1,0,0000000,23,26,23,39,88,88,23,0,0,1,0
21,210476,1,1,0,0,0,1,1,55,0,14,10,2013,2,8,36,0,6,3,SR-387,,7,37.43867778,-88.12511389,0,1,0,0,1,1,0,4,1,1,0,1,0,0000000,8,36,8,47,88,88,0,0,0,1,0
21,210477,1,1,0,1,1,1,1,37,730,8,10,2013,3,0,59,1,2,2,US-27,,133,38.99815833,-84.41745556,0,8,0,0,1,1,0,1,2,1,0,1,0,0000000,1,0,1,6,88,88,0,0,0,1,0
21,210478,1,1,0,0,0,2,2,31,0,8,10,2013,3,12,19,1,2,3,SR-9007,,203,37.12994444,-86.64637778,0,1,0,0,1,1,0,1,1,1,0,1,0,0000000,12,28,12,51,13,40,0,0,0,1,0
21,210479,1,1,0,0,0,1,1,111,2090,16,10,2013,4,3,30,0,16,5,MUHAMMAD ALI BLVD WEST,,20,38.25477222,-85.79021944,0,33,0,0,1,1,0,4,3,2,0,2,0,0000000,3,33,3,36,88,88,0,0,0,1,1
21,210480,1,1,0,1,1,1,1,67,1980,15,10,2013,3,20,39,1,13,3,SR-4,,111,38.06278333,-84.46769167,0,8,0,0,1,1,0,1,3,10,0,10,0,0000000,20,39,20,42,20,59,0,0,0,1,0
21,210481,2,2,0,0,0,3,3,39,0,18,10,2013,6,19,30,0,3,3,SR-121,SR-307,32,36.86971667,-88.86237222,0,12,6,0,2,2,0,1,2,1,0,1,0,0000000,19,33,19,42,20,13,0,0,0,1,0
21,210482,1,1,0,0,0,1,1,9,0,19,10,2013,7,12,34,0,3,3,SR-90,,195,36.909825,-85.78190278,0,30,0,0,1,1,0,4,1,10,0,10,0,0000000,12,34,12,47,13,26,0,0,0,1,0
21,210483,1,1,0,0,0,2,2,227,0,19,10,2013,7,22,14,0,4,2,US-31W,MOREHEAD RD,60,36.90929444,-86.5136,0,35,0,0,3,3,0,4,2,1,0,1,0,0000000,22,46,22,55,0,28,0,0,0,1,0
21,210484,1,1,0,0,0,1,1,193,115,17,10,2013,5,10,2,0,5,3,SR-1087,,13,37.38496944,-83.12936111,0,34,0,0,1,1,0,4,1,2,0,2,0,0000000,10,2,10,18,88,88,0,0,0,1,0
21,210485,4,4,0,0,0,4,4,203,0,24,10,2013,5,5,30,0,4,2,US-150,SR-1229,99999,37.36347778,-84.45522222,0,12,1,0,3,3,0,1,2,1,0,1,0,0000000,6,9,6,12,6,13,0,0,0,1,0
21,210486,1,1,0,0,0,1,1,221,0,26,10,2013,7,3,46,1,1,1,I-24 EB,,621,36.910625,-87.78105833,0,1,0,0,1,1,0,1,2,1,0,1,0,0000000,3,51,4,8,88,88,0,0,0,1,0
21,210487,1,1,0,1,1,1,1,149,0,27,10,2013,1,0,38,0,3,2,US-431,,98,37.54540556,-87.10886111,0,8,0,0,1,1,0,1,2,1,0,1,0,0000000,0,56,1,13,88,88,0,0,0,1,0
21,210488,1,1,0,0,0,1,1,223,0,28,10,2013,2,5,55,0,5,3,SR-1838,,35,38.62761389,-85.41891389,0,42,0,0,1,1,0,4,2,1,0,1,0,0000000,5,58,6,13,88,88,0,0,0,1,0
21,210489,2,2,0,0,0,2,2,151,0,29,10,2013,3,5,21,0,3,2,US-421,,80,37.62653056,-84.23028611,0,12,2,0,1,1,0,1,2,5,0,5,0,0000000,5,22,5,33,6,39,0,0,0,1,0
21,210490,1,1,0,0,0,1,1,47,0,29,10,2013,3,16,41,1,1,1,I-24 RAMP,,0,36.74207778,-87.50823611,0,1,0,1,5,1,0,4,1,10,0,10,0,0000000,16,43,16,47,88,88,0,0,0,1,0
21,210491,1,1,0,0,0,1,1,111,3010,29,10,2013,3,15,10,1,11,1,I-264,,2,38.18506667,-85.81438056,0,24,0,1,5,1,0,4,1,10,0,10,0,0000000,15,10,15,18,99,99,0,0,0,1,0
21,210492,1,1,0,1,1,2,2,135,0,31,10,2013,5,23,11,0,5,3,SR-1306,,59,38.59725,-83.18864444,0,8,0,0,1,1,0,1,2,2,0,2,0,0000000,23,12,23,20,23,29,0,0,0,1,0
21,210493,2,2,0,0,0,2,2,163,0,29,10,2013,3,4,55,0,4,3,SR-144,,318,37.84426389,-86.07182778,0,12,6,0,1,1,0,1,2,5,0,5,0,0000000,4,54,5,15,6,10,0,0,0,1,0
21,210494,1,1,0,0,0,1,1,15,0,23,10,2013,4,4,43,0,15,3,SR-237,,29,38.98443611,-84.68281389,0,42,0,0,1,1,0,4,2,2,0,2,0,0000000,4,45,4,52,5,28,0,0,0,1,0
21,210495,2,2,0,0,0,5,5,7,0,31,10,2013,5,13,34,1,2,2,US-60,,145,37.07896667,-88.90651944,0,12,6,0,1,1,0,1,1,2,0,2,0,0000000,99,99,99,99,99,99,0,0,0,1,0
21,210496,3,3,0,0,0,3,3,117,975,31,10,2013,5,6,58,0,14,3,SR-17,DUDLEY RD,183,39.02548611,-84.53466389,0,12,6,0,2,2,0,1,2,10,0,10,1,0000000,7,0,7,14,88,88,0,0,0,1,0
21,210497,1,1,0,0,0,1,1,155,0,20,10,2013,1,11,47,0,5,3,SR-1195,,45,37.61705833,-85.157725,0,42,0,0,1,1,0,4,1,1,0,1,0,0000000,11,52,12,3,12,42,0,0,0,1,0
21,210498,2,2,0,0,0,2,2,29,2990,7,10,2013,2,11,59,0,16,3,SR-44,,146,38.00562778,-85.67845833,0,12,2,0,1,1,0,1,1,1,0,1,0,0000000,11,59,12,4,12,37,0,0,0,1,0
21,210499,2,2,0,0,0,6,6,121,160,6,7,2013,7,10,31,1,2,2,US-25E S,TREUHAFT BLVD,94,36.85299722,-83.86348333,0,12,6,0,2,2,0,1,1,10,0,10,0,0000000,10,34,10,35,10,57,0,0,0,1,0
21,210500,2,2,0,0,0,2,2,199,0,6,9,2013,6,15,57,0,4,3,SR-461,,29,37.19415278,-84.46821944,0,12,8,0,1,1,0,1,1,1,0,1,0,0000000,15,59,16,12,16,59,0,0,0,1,0
21,210501,2,2,0,0,0,4,4,239,2230,1,11,2013,6,0,20,0,3,2,US-421,SR-341,143,38.15796389,-84.67813611,0,12,6,0,2,3,0,1,2,2,6,2,0,0000000,0,27,0,35,1,25,0,0,0,2,0
21,210502,2,2,0,0,0,4,4,233,0,1,11,2013,6,19,22,1,2,3,SR-9004,,641,37.63015556,-87.50869722,0,12,1,0,1,1,0,1,2,10,0,10,0,0000000,19,26,19,43,20,10,19,0,0,1,0
21,210503,1,1,0,2,2,1,1,175,0,2,11,2013,7,18,50,0,4,3,SR-1010,,10,37.85775833,-83.46420278,0,8,0,0,1,1,0,1,5,2,0,2,0,0000000,18,57,19,15,88,88,0,0,0,2,0
21,210504,2,2,0,0,0,3,3,145,2520,3,11,2013,1,14,9,0,4,2,US-60,LEGION DR.,159,37.05798056,-88.58843889,0,12,6,0,2,3,0,1,1,1,0,1,0,0000000,14,10,14,16,14,33,0,0,0,1,0
21,210505,2,2,0,0,0,2,2,151,2750,6,11,2013,4,21,30,0,14,3,SR-52,,136,37.74386667,-84.25543333,0,12,2,0,1,1,0,1,3,2,0,2,0,0000000,21,32,21,36,22,26,0,0,0,2,0
21,210506,1,1,0,0,0,1,1,3,0,7,11,2013,5,21,29,0,4,3,SR-100,,0,36.70271389,-86.41256944,0,35,0,0,1,1,0,4,2,1,0,1,0,0000000,21,29,21,44,88,88,0,0,0,1,1
21,210507,1,1,0,0,0,1,1,71,1716,8,11,2013,6,5,0,1,2,2,US-23,,54,37.57783333,-82.66099444,0,32,0,0,1,1,0,4,2,5,0,5,0,0000000,4,36,4,52,88,88,0,0,0,1,0
21,210508,2,2,0,0,0,2,2,11,0,9,11,2013,7,2,10,1,1,1,I-64,,1188,38.12395278,-83.79098611,0,1,0,0,1,1,0,1,2,1,0,1,0,0000000,2,12,2,25,88,88,0,0,0,2,0
21,210509,2,2,0,1,1,1,1,111,2090,9,11,2013,7,4,50,0,13,3,SR-1450,,31,38.13036389,-85.68916944,0,8,0,0,1,1,0,1,2,1,0,1,0,0000000,4,50,4,51,88,88,19,0,0,1,0
21,210510,1,1,0,0,0,3,3,239,0,10,11,2013,1,4,1,0,6,3,SR-3360,,21,38.13267778,-84.79376944,0,42,0,0,1,1,0,4,2,1,0,1,0,0000000,4,2,4,26,4,50,0,0,0,1,1
21,210511,3,3,0,0,0,3,3,139,0,12,11,2013,3,5,40,0,4,2,US-60,,104,37.12036944,-88.40223889,0,12,8,0,1,1,0,1,2,1,0,1,0,0000000,5,44,5,51,88,88,0,0,0,1,0
21,210512,1,1,0,0,0,1,1,111,2090,9,11,2013,7,9,51,0,16,5,CENTRAL AVE,5TH STREET,5,38.20529167,-85.76670278,0,5,0,0,3,3,0,1,1,1,0,1,0,0000000,9,51,9,53,10,30,0,0,0,1,0
21,210513,1,1,0,0,0,1,1,111,2090,7,11,2013,5,20,2,0,15,3,SR-2053,CREEK RD,26,38.08303889,-85.62350556,0,35,0,0,3,3,0,4,3,1,0,1,0,0000000,99,99,99,99,99,99,0,0,0,1,1