STATE,ST_CASE,VE_TOTAL,VE_FORMS,PVH_INVL,PEDS,PERNOTMVIT,PERMVIT,PERSONS,COUNTY,CITY,DAY,MONTH,YEAR,DAY_WEEK,HOUR,MINUTE,NHS,ROAD_FNC,ROUTE,TWAY_ID,TWAY_ID2,MILEPT,LATITUDE,LONGITUD,SP_JUR,HARM_EV,MAN_COLL,RELJCT1,RELJCT2,TYP_INT,WRK_ZONE,REL_ROAD,LGT_COND,WEATHER1,WEATHER2,WEATHER,SCH_BUS,RAIL,NOT_HOUR,NOT_MIN,ARR_HOUR,ARR_MIN,HOSP_HR,HOSP_MN,CF1,CF2,CF3,FATALS,DRUNK_DR
21,210514,1,1,0,0,0,2,2,117,0,13,11,2013,4,14,34,0,4,3,SR-177,,115,38.93801389,-84.47436944,0,42,0,0,1,1,2,4,1,1,0,1,0,0000000,14,35,14,43,15,32,3,0,0,1,0
21,210515,1,1,0,1,1,1,1,113,2410,13,11,2013,4,19,50,0,16,5,EDGEWOOD DRIVE,,12,37.86861389,-84.57983611,0,8,0,0,1,1,0,1,1,1,0,1,0,0000000,19,59,20,2,20,21,0,0,0,1,0
21,210516,1,1,0,1,1,1,1,67,1980,13,11,2013,4,16,22,0,16,5,EASTLAND PKWAY,AUBURN DRIVE,99998,38.05300556,-84.43974444,0,8,0,0,3,2,0,1,1,1,0,1,0,0000000,16,24,16,28,16,43,0,0,0,1,0
21,210517,1,1,0,0,0,1,1,29,0,9,11,2013,7,22,18,0,4,3,SR-44,,66,38.00578611,-85.80183056,0,53,0,0,1,1,0,5,2,1,0,1,0,0000000,23,18,23,29,88,88,0,0,0,1,1
21,210518,1,1,0,0,0,1,1,87,0,14,11,2013,5,9,47,0,4,3,SR-88,,97,37.26898611,-85.53423889,0,1,0,0,1,1,0,1,1,1,0,1,0,0000000,9,47,9,53,88,88,0,0,0,1,0
21,210519,2,2,0,0,0,2,2,23,0,14,11,2013,5,21,7,0,2,3,SR-9,,31,38.72245,-83.97403333,0,12,2,0,1,1,0,1,2,1,0,1,0,0000000,21,7,21,15,88,88,0,0,0,1,0
21,210520,1,1,0,0,0,1,1,71,206,16,11,2013,7,3,55,0,4,3,SR-979,,14,37.38095278,-82.70761111,0,35,0,0,1,1,0,4,2,10,0,10,0,0000000,3,55,4,15,4,42,0,0,0,1,1
21,210521,3,2,1,0,0,2,2,111,2090,17,11,2013,1,11,52,0,16,5,CHESTNUT ST WEST,26TH STREET SOUTH,3,38.25301111,-85.79459722,0,12,6,0,2,2,0,1,1,10,0,10,0,0000000,99,99,99,99,99,99,0,0,0,1,0
21,210522,2,2,0,0,0,2,2,235,0,20,11,2013,4,14,45,0,4,2,US-25W,SHINER CHURCH RD,202,36.83219167,-84.21746944,0,12,1,0,2,2,0,1,1,1,0,1,0,0000000,14,57,15,8,99,99,0,0,0,1,0
21,210523,2,2,0,0,0,3,3,199,3070,19,11,2013,3,14,35,1,2,3,SR-9008,,880,37.12561111,-84.636475,0,12,1,1,5,1,0,1,1,1,0,1,0,0000000,14,36,14,41,88,88,0,0,0,1,1
21,210524,1,1,0,0,0,1,1,155,0,11,11,2013,2,13,0,0,5,3,SR-49,,282,37.64542222,-85.40179444,0,32,0,0,1,1,0,4,1,1,0,1,0,0000000,13,14,13,29,13,59,0,0,0,1,0
21,210525,2,2,0,0,0,2,2,45,0,22,11,2013,6,18,8,0,4,3,SR-49,,12,37.33417778,-84.94106944,0,12,11,0,1,1,0,1,2,10,0,10,0,0000000,17,53,17,58,88,88,19,23,0,1,0
21,210526,2,2,0,0,0,3,3,127,0,21,11,2013,5,18,5,0,2,3,SR-645,SR-1690,25,37.93963611,-82.63017778,0,12,6,0,2,2,0,1,2,10,0,10,0,0000000,99,99,99,99,99,99,0,0,0,1,0
21,210527,1,1,0,0,0,1,1,193,0,12,11,2013,3,8,52,0,4,3,SR-476,,24,37.28770833,-83.18439722,0,52,0,0,1,1,0,4,1,4,0,4,0,0000000,99,99,99,99,88,88,0,0,0,1,0
21,210528,2,2,0,0,0,2,2,35,0,25,11,2013,2,6,9,1,2,2,US-641 S.,,12,36.51871111,-88.32601667,0,11,0,0,1,1,0,1,1,1,0,1,0,0000000,6,10,6,16,88,88,0,0,0,1,0
21,210529,2,2,0,0,0,5,5,235,0,26,11,2013,3,20,46,1,1,1,I-75 SB,,67,36.68283889,-84.13490833,0,12,2,0,1,1,0,1,2,4,0,4,0,0000000,20,47,20,59,21,55,0,0,0,1,1
21,210530,1,1,0,0,0,1,1,15,3355,26,11,2013,3,7,57,0,6,4,CR-LEBANON CRITTENDEN RD,,0,38.79500278,-84.65844167,0,42,0,0,1,1,0,4,4,4,0,4,0,0000000,7,57,8,3,88,88,0,0,0,1,0
21,210531,2,2,0,0,0,3,3,157,0,28,11,2013,5,5,40,1,2,2,US-68,KY-80,272,36.77039167,-88.13692222,0,12,6,0,2,2,0,1,4,1,0,1,0,0000000,5,50,6,10,88,88,0,0,0,1,1
21,210532,1,1,0,0,0,2,2,189,0,28,11,2013,5,18,55,0,4,3,SR-30,,166,37.46511944,-83.60010556,0,35,0,0,1,1,0,4,2,10,0,10,0,0000000,19,0,19,10,20,30,0,0,0,1,1
21,210533,2,2,0,0,0,3,3,227,0,29,11,2013,6,20,17,0,5,3,SR-957,,26,37.04215556,-86.38468333,0,12,2,0,1,1,0,1,2,1,0,1,0,0000000,20,18,20,29,21,0,0,0,0,1,1
21,210534,2,2,0,0,0,2,2,121,770,28,11,2013,5,16,50,1,2,2,US-25E,SR-830,235,36.9456,-84.03933056,0,12,6,0,2,2,0,1,1,1,0,1,0,0000000,16,52,16,57,99,99,0,0,0,1,0
21,210535,2,2,0,0,0,2,2,87,0,30,11,2013,7,14,50,0,4,3,SR-88,,82,37.26198056,-85.55784167,0,12,2,0,1,1,0,1,1,10,0,10,0,0000000,14,52,14,55,15,30,0,0,0,2,0
21,210536,1,1,0,1,1,1,1,111,1740,29,11,2013,6,23,11,0,13,3,SR-155,,106,38.20694722,-85.58228056,0,8,0,0,1,1,0,1,2,1,0,1,0,0000000,23,11,23,15,23,40,0,0,0,1,0
21,210537,1,1,0,0,0,1,1,59,2490,29,11,2013,6,21,34,0,13,3,SR-2831,,1,37.73049722,-87.12158889,0,1,0,0,1,1,0,1,3,1,0,1,0,0000000,21,30,21,33,21,52,0,0,0,1,0
21,210538,1,1,0,0,0,1,1,151,2750,16,11,2013,7,13,29,0,16,6,SAGEMONT DRIVE,,3,37.76474167,-84.2663,0,42,0,0,1,1,0,4,1,1,0,1,0,0000000,13,29,13,38,14,18,0,0,0,1,1
21,210539,2,2,0,0,0,3,3,67,1980,19,11,2013,3,11,0,1,13,2,US-27,CHEROKEE PARK,41,38.01915833,-84.51385278,0,12,6,0,2,2,0,1,1,1,0,1,0,0000000,11,4,11,9,11,22,0,0,0,1,0
21,210540,1,1,0,0,0,2,2,111,2090,21,11,2013,5,1,28,0,14,3,SR-1932,SIX MILE LANE,11,38.19760278,-85.62510833,0,39,0,0,3,2,0,4,3,1,0,1,0,0000000,1,30,1,35,2,0,0,0,0,1,0
21,210541,1,1,0,0,0,2,2,33,0,15,11,2013,6,10,17,0,4,3,SR-293,,117,37.19025278,-87.85178611,0,1,0,0,1,1,0,4,1,1,0,1,0,0000000,10,17,10,31,10,50,0,0,0,2,0
21,210542,2,2,0,0,0,2,2,125,0,4,10,2013,6,13,4,0,4,3,SR-192,,108,37.04185,-84.189275,0,12,2,0,1,1,0,1,1,1,0,1,0,0000000,13,4,13,26,13,53,0,0,0,1,0
21,210543,2,2,0,0,0,2,2,111,3010,9,10,2013,4,14,6,0,16,5,RALPH AVE,MILDRED DR,13,38.20723333,-85.82173056,0,12,6,0,2,2,0,1,1,1,0,1,0,0000000,14,6,14,12,14,32,0,0,0,1,0
21,210544,1,1,0,0,0,1,1,173,1741,15,10,2013,3,7,30,0,3,2,US-460 MAIN ST,,179,37.96309444,-83.80078333,0,30,0,0,1,1,0,4,2,1,0,1,0,0000000,6,49,7,0,88,88,0,0,0,1,0
21,210545,1,1,0,0,0,4,4,141,2820,3,11,2013,1,17,3,0,14,2,US-68X,SR-2146,15,36.84418889,-86.89247222,0,31,0,0,3,2,0,5,3,1,0,1,0,0000000,17,9,17,16,17,49,0,0,0,2,1
21,210546,1,1,0,0,0,4,4,87,0,9,11,2013,7,22,37,0,4,3,SR-323,,64,37.30920833,-85.585175,0,1,0,0,1,1,0,4,2,1,0,1,0,0000000,22,41,22,49,23,17,0,0,0,1,0
21,210547,1,1,0,0,0,1,1,111,3010,2,9,2013,2,7,5,1,13,2,US-31W,,163,38.205575,-85.79966389,0,30,0,0,1,1,0,4,1,1,0,1,0,0000000,99,99,99,99,99,99,0,0,0,1,0
21,210548,4,4,0,0,0,4,4,111,2694,29,11,2013,6,13,14,1,13,2,US-42,WOLF PEN BRANCH RD,88,38.32149722,-85.62251944,0,12,6,0,2,2,0,1,1,1,0,1,0,0000000,99,99,99,99,99,99,0,0,0,1,0
21,210549,2,2,0,0,0,5,5,125,0,27,11,2013,4,19,48,0,4,3,SR-80,,214,37.08389444,-83.92211389,0,12,2,0,1,1,0,1,2,4,0,4,0,0000000,19,49,20,6,20,57,0,0,0,1,0
21,210550,3,2,1,0,0,2,2,145,0,14,9,2013,7,14,36,0,14,3,SR-1954,SR-2187,39,37.01838333,-88.59055,0,12,6,0,2,2,0,1,1,1,0,1,0,0000000,14,38,14,42,15,4,0,0,0,1,0
21,210551,1,1,0,0,0,3,3,83,0,1,12,2013,1,20,0,0,5,3,SR-129,,137,36.61076111,-88.69015833,0,1,0,0,1,1,0,4,2,1,0,1,0,0000000,20,15,20,28,21,23,0,0,0,1,1
21,210552,2,2,0,0,0,4,4,111,2090,2,12,2013,2,22,49,0,16,5,KENTON STREET,3RD STREET,99998,38.19817222,-85.76505556,0,12,6,0,2,2,0,1,3,1,0,1,0,0000000,99,99,99,99,99,99,0,0,0,2,0
21,210553,1,1,0,0,0,1,1,207,0,3,12,2013,3,17,45,0,6,4,CR-WILSON RD WEST,,13,37.05761944,-85.0399,0,35,0,0,1,1,0,4,2,1,0,1,0,0000000,17,50,18,1,88,88,0,0,0,1,0
21,210554,3,3,0,0,0,3,3,111,2090,4,12,2013,4,15,44,1,13,2,US-31,,4,38.26334444,-85.75176111,0,12,2,0,1,1,0,1,1,1,0,1,0,0000000,15,44,15,50,16,20,0,0,0,1,1
21,210555,2,1,1,0,0,1,1,141,0,1,12,2013,1,10,0,9,2,2,US-68,CR-MUD RIVER CHRUCH RD,99999,36.83516944,-86.80688333,0,14,0,0,3,2,0,5,1,10,0,10,0,0000000,10,4,10,12,10,42,0,0,0,1,0
21,210556,2,2,0,0,0,4,4,9,0,5,12,2013,5,9,55,0,4,2,US-68,,26,37.02613333,-86.08214722,0,24,0,0,1,1,0,4,1,2,0,2,0,0000000,9,55,10,7,10,49,0,0,0,2,0
21,210557,2,2,0,0,0,5,5,155,0,6,12,2013,6,12,0,0,3,2,US-68,,150,37.57620278,-85.18788333,0,12,8,0,1,1,0,1,1,2,0,2,0,0000000,12,4,12,10,12,32,0,0,0,1,0
21,210558,2,2,0,0,0,2,2,65,0,7,12,2013,7,13,15,0,3,3,SR-499,SR-52,57,37.70484167,-84.00145278,0,12,6,0,2,3,0,1,1,1,0,1,0,0000000,13,23,13,24,13,40,0,0,0,1,0
21,210559,1,1,0,1,1,1,1,111,2090,10,12,2013,3,19,32,1,2,2,US-31W,,34,38.04058889,-85.90572778,0,8,0,0,8,1,0,1,2,10,0,10,0,0000000,99,99,99,99,99,99,0,0,0,1,0
21,210560,1,1,0,0,0,1,1,85,1940,9,12,2013,2,19,30,0,6,5,COMMERCE DRIVE,,1,37.46508333,-86.28979444,0,43,0,0,1,1,0,4,2,10,0,10,0,0000000,7,24,7,28,88,88,18,0,0,1,0
21,210561,3,3,0,0,0,6,6,143,0,11,12,2013,4,11,16,0,4,3,SR-93,SR-293,128,37.0553,-88.03953611,0,12,6,0,2,2,0,1,1,1,0,1,0,0000000,11,17,11,22,12,0,0,0,0,1,1
21,210562,2,2,0,0,0,3,3,119,0,11,12,2013,4,13,20,1,2,3,SR-15,SR-160,38,37.22406667,-82.97619722,0,12,6,0,2,3,0,1,1,1,0,1,0,0000000,99,99,99,99,99,99,0,0,0,1,0
21,210563,1,1,0,0,0,1,1,177,1360,12,12,2013,5,6,57,0,4,3,SR-181,,114,37.19405556,-87.17296389,0,59,0,0,1,1,0,4,1,1,0,1,0,0000000,7,0,7,6,88,88,0,0,0,1,0
21,210564,2,2,0,0,0,3,3,67,1980,13,12,2013,6,23,13,0,16,5,PALUMBO DRIVE,OLD TODDS RD,11,38.00939444,-84.43667222,0,12,6,0,2,3,0,1,2,2,0,2,0,0000000,23,14,23,38,23,47,0,0,0,1,0
21,210565,2,2,0,0,0,2,2,111,2090,15,12,2013,1,11,39,0,16,5,SENECA TRAIL,2ND STREET SOUTH,2,38.16241389,-85.76845278,0,12,6,0,2,2,0,1,1,10,0,10,0,0000000,99,99,99,99,99,99,0,0,0,1,0
21,210566,1,1,0,0,0,1,1,195,2237,16,12,2013,2,14,57,1,2,2,US-460,,48,37.41298889,-82.45080833,0,38,0,0,1,1,0,4,1,1,0,1,0,0000000,15,3,15,15,88,88,0,0,0,1,0
21,210567,1,1,0,0,0,1,1,143,0,17,12,2013,3,7,16,1,1,1,I-24,,350,37.06434722,-88.19655833,0,35,0,0,1,1,0,4,1,1,0,1,0,0000000,7,16,7,30,88,88,0,0,0,1,0
21,210568,1,1,0,0,0,2,2,193,1470,17,12,2013,3,23,33,1,2,3,SR-80,,89,37.29886667,-83.20713611,0,35,0,0,1,1,0,4,2,1,0,1,0,0000000,99,99,99,99,99,99,0,0,0,1,0
21,210569,1,1,0,0,0,2,2,45,0,20,12,2013,6,19,20,1,2,2,US-127,,180,37.34954167,-84.87576944,0,34,0,0,1,1,0,4,2,1,0,1,0,0000000,19,22,19,34,20,19,0,0,0,1,0
21,210570,1,1,0,0,0,1,1,1,0,21,12,2013,7,10,28,0,4,3,SR-206,,9,37.10594722,-85.288675,0,34,0,0,1,1,0,4,1,10,0,10,0,0000000,10,28,10,29,10,44,0,0,0,1,0
21,210571,1,1,0,1,1,1,1,101,0,2,12,2013,2,14,30,0,4,3,SR-359,,15,37.78294444,-87.80011944,0,8,0,0,1,1,0,1,1,1,0,1,0,0000000,14,33,14,46,88,88,0,0,0,1,0
21,210572,1,1,0,0,0,1,1,151,0,10,12,2013,3,10,0,0,6,4,CR-CRUTCHER PIKE,,10,37.75434722,-84.37313611,0,42,0,0,1,1,0,4,1,10,0,10,0,0000000,10,6,10,17,10,40,0,0,0,1,0
21,210573,2,1,1,0,0,1,1,15,1493,11,12,2013,4,19,1,1,11,1,I-275,,79,39.08490833,-84.72467222,0,14,0,0,1,1,0,2,2,10,0,10,0,0000000,19,5,19,13,88,88,0,0,0,1,0
21,210574,1,1,0,0,0,1,1,85,0,23,12,2013,2,4,30,0,16,4,CR-HARDIN RD,,6,37.54395833,-86.29418333,0,42,0,0,1,1,0,4,1,1,0,1,0,0000000,99,99,99,99,88,88,0,0,0,1,1
21,210575,1,1,0,1,1,1,1,157,0,23,12,2013,2,17,6,0,5,3,SR-1311,,48,36.82688611,-88.37811667,0,8,0,0,1,1,0,1,2,1,0,1,0,0000000,17,7,17,17,17,39,0,0,0,1,0
21,210576,1,1,0,1,1,1,1,99,0,25,12,2013,4,18,32,0,6,3,SR-1391,,32,37.40581389,-85.94873889,0,8,0,0,1,1,0,1,6,1,0,1,0,0000000,18,33,19,0,88,88,23,0,0,1,1
21,210577,2,2,0,0,0,3,3,119,197,26,12,2013,5,8,57,1,2,3,SR-80,,25,37.37243611,-83.08169444,0,12,6,0,1,1,0,1,1,10,0,10,0,0000000,99,99,99,99,99,99,0,0,0,2,1
21,210578,1,1,0,0,0,1,1,47,0,26,12,2013,5,17,47,0,13,3,SR-1682,,10,36.88188611,-87.530875,0,35,0,0,1,1,0,4,2,10,0,10,0,0000000,17,50,18,3,88,88,0,0,0,1,1
21,210579,1,1,0,0,0,1,1,51,0,25,12,2013,4,22,35,0,4,3,SR-472,,68,37.24452778,-83.83997222,0,1,0,0,1,1,0,1,2,1,0,1,0,0000000,22,39,22,52,23,17,0,0,0,1,1
21,210580,1,1,0,0,0,2,2,93,2724,28,12,2013,7,21,12,0,16,5,WILSON RD S.,,32,37.81395833,-85.92496111,0,42,0,0,1,1,0,4,2,2,0,2,0,0000000,22,9,22,16,88,88,0,0,0,2,1
21,210581,1,1,0,1,1,2,2,111,2090,29,12,2013,1,0,55,1,2,2,US-31W,,2,38.00406111,-85.93954722,0,8,0,0,1,1,0,1,2,2,0,2,0,0000000,0,55,1,2,88,88,0,0,0,1,0
21,210582,1,1,0,0,0,1,1,109,3301,30,12,2013,2,10,20,0,3,2,US-421,,47,37.35755833,-83.91001667,0,32,0,0,1,1,0,4,1,10,0,10,0,0000000,10,22,10,32,11,30,0,0,0,1,0
21,210583,3,3,0,0,0,4,4,47,1620,30,12,2013,2,21,20,1,13,2,US-68B EAGLE WAY,,56,36.81808889,-87.49828333,0,12,2,0,1,1,0,1,2,1,0,1,0,0000000,21,21,21,22,21,55,0,0,0,1,1
21,210584,1,1,0,0,0,1,1,179,0,14,12,2013,7,14,11,1,2,3,SR-9002,,344,37.87468333,-85.27925278,0,24,0,0,1,1,0,3,1,2,0,2,0,0000000,99,99,99,99,99,99,0,0,0,1,1
21,210585,1,1,0,0,0,1,1,53,0,12,12,2013,5,22,24,0,5,3,SR-738,,49,36.66864444,-85.15035,0,42,0,0,1,1,0,4,2,1,0,1,0,0000000,22,12,22,19,88,88,0,0,0,1,1
21,210586,1,1,0,0,0,1,1,27,0,20,12,2013,6,14,34,0,4,3,SR-105,,36,37.68098333,-86.51391667,0,35,0,0,1,1,0,4,1,10,0,10,0,0000000,14,34,14,42,88,88,0,0,0,1,0
21,210587,1,1,0,0,0,1,1,93,0,6,12,2013,6,5,35,1,1,1,I-65,,969,37.74271667,-85.79529722,0,24,0,0,1,1,0,4,2,2,0,2,0,0000000,16,3,16,33,88,88,18,0,0,1,1
21,210588,1,1,0,0,0,2,2,87,0,20,12,2013,6,10,54,0,3,3,SR-61,,190,37.38858056,-85.605575,0,35,0,0,1,1,0,4,1,10,0,10,0,0000000,10,43,10,55,11,22,0,0,0,1,0
21,210589,1,1,0,0,0,1,1,65,0,19,11,2013,3,20,9,0,5,3,SR-499,,58,37.67735556,-84.00835833,0,32,0,0,1,1,0,4,3,1,0,1,0,0000000,20,9,20,13,20,40,0,0,0,1,0
21,210590,1,1,0,0,0,1,1,199,0,17,12,2013,3,19,45,0,4,3,SR-70,,72,37.27465833,-84.58154167,0,32,0,0,1,1,0,4,2,1,0,1,0,0000000,19,51,20,6,88,88,0,0,0,1,1
22,220001,2,2,0,0,0,3,3,47,0,2,1,2013,4,20,40,1,1,1,I-10,,1385,30.41198056,-91.46236111,0,12,6,0,1,1,0,1,2,2,0,2,0,0000000,20,48,21,4,21,58,0,0,0,1,0
22,220002,1,1,0,1,1,4,4,121,0,3,1,2013,5,18,50,1,13,3,SR-1,,1411,30.3275,-91.25473056,0,8,0,0,1,1,0,1,2,1,0,1,0,0000000,18,55,19,3,19,27,0,0,0,1,0
22,220003,1,1,0,0,0,1,1,77,0,5,1,2013,7,6,5,0,4,3,SR-10,,1194,30.70623056,-91.65432778,0,42,0,0,1,1,0,4,2,10,0,10,0,0000000,6,9,6,29,88,88,0,0,0,1,0
22,220004,1,1,0,0,0,3,3,65,0,8,1,2013,3,3,0,1,1,1,I-20,,1609,32.42433889,-91.36686944,0,1,0,0,1,1,0,3,2,1,0,1,0,0000000,88,88,88,88,88,88,0,0,0,3,0
22,220005,2,2,0,0,0,2,2,105,0,11,1,2013,6,19,0,0,6,3,SR-1062,,8,30.64729722,-90.39845833,0,12,2,0,1,1,0,1,2,2,0,2,0,0000000,19,4,19,19,88,88,0,0,0,1,0
22,220006,2,2,0,0,0,2,2,87,350,12,1,2013,7,17,23,1,13,3,SR-46,COFFEE DR,57,29.94186944,-89.97741944,0,12,6,0,2,3,0,1,1,10,0,10,0,0000000,17,25,17,34,88,88,0,0,0,1,1
22,220007,2,2,0,0,0,3,3,105,0,13,1,2013,1,18,30,1,11,1,I-55,,233,30.40971944,-90.43286944,0,12,7,0,1,1,0,1,2,2,0,2,0,0000000,18,30,18,37,19,0,0,0,0,2,0
22,220008,1,1,0,0,0,3,3,103,0,14,1,2013,2,3,15,1,11,1,I-12,,810,30.31121944,-89.82066111,0,42,0,1,19,1,0,4,2,2,0,2,0,0000000,3,33,3,45,4,22,0,0,0,1,0
22,220009,2,2,0,0,0,2,2,63,0,16,1,2013,4,6,5,0,4,3,SR-447,,60,30.43876944,-90.86008611,0,12,6,0,1,1,0,1,1,2,0,2,0,0000000,6,6,6,12,7,10,0,0,0,1,0
22,220010,2,2,0,0,0,3,3,65,0,18,1,2013,6,4,50,1,1,1,I-20,,1831,32.32773889,-91.00986111,0,12,1,0,1,1,0,1,2,1,0,1,0,0000000,5,1,5,22,88,88,0,0,0,1,0
22,220011,1,1,0,0,0,1,1,77,0,19,1,2013,7,4,16,0,3,3,SR-1,,1794,30.65113889,-91.48799444,0,35,0,0,1,1,0,4,2,1,0,1,0,0000000,4,19,4,33,88,88,0,0,0,1,0
22,220012,2,2,0,0,0,2,2,1,0,19,1,2013,7,13,53,0,3,3,SR-35,,372,30.34938889,-92.26726111,0,12,6,0,8,1,0,2,1,1,0,1,0,0000000,13,57,14,8,14,53,0,0,0,1,0
22,220013,1,1,0,0,0,2,2,103,0,19,1,2013,7,15,41,1,1,1,I-12,,697,30.38596111,-89.98765,0,1,0,0,1,1,0,4,1,1,0,1,0,0000000,16,0,16,25,16,50,0,0,0,1,0
22,220014,2,2,0,0,0,3,3,57,0,23,1,2013,4,7,45,0,14,3,SR-3235,WEST 54TH ST,127,29.53135556,-90.35001111,0,12,6,0,2,2,0,1,1,1,0,1,0,0000000,7,50,7,59,8,36,0,0,0,1,0
22,220015,2,2,0,0,0,3,3,7,0,25,1,2013,6,19,9,0,14,3,SR-1,,912,29.8295,-90.92511944,0,12,2,0,1,1,0,1,2,1,0,1,0,0000000,19,9,19,17,19,44,0,0,0,2,1
22,220016,1,1,0,0,0,1,1,73,0,26,1,2013,7,23,20,0,3,3,SR-15,,1308,32.40273889,-92.00816111,0,35,0,0,1,1,0,4,2,1,0,1,0,0000000,88,88,88,88,88,88,0,0,0,1,1
22,220017,1,1,0,0,0,2,2,5,0,28,1,2013,2,7,42,0,4,3,SR-44,,106,30.17222222,-90.91856667,0,1,0,0,1,1,0,1,1,10,0,10,0,0000000,7,44,7,49,88,88,0,0,0,1,0
22,220018,2,2,0,1,1,2,2,97,0,28,1,2013,2,18,0,0,3,2,US-190,,1080,30.51205,-92.26276944,0,8,0,0,1,1,0,1,2,10,0,10,0,0000000,18,16,18,24,88,88,0,0,0,1,0
22,220019,1,1,0,0,0,1,1,55,0,28,1,2013,2,23,44,0,4,3,SR-342,,38,30.15900556,-92.20894167,0,53,0,0,1,1,0,4,2,1,0,1,0,0000000,23,48,0,4,88,88,0,0,0,1,1
22,220020,1,1,0,0,0,1,1,91,0,28,1,2013,2,19,55,0,4,3,SR-38,,31,30.92421111,-90.79266111,0,35,0,0,1,1,0,4,2,1,0,1,0,0000000,19,58,20,15,88,88,0,0,0,1,1
22,220021,1,1,0,1,1,1,1,115,0,29,1,2013,3,21,32,0,3,3,SR-117,,11,31.17505,-93.25398056,0,9,0,0,1,1,0,1,2,2,0,2,0,0000000,21,35,21,42,22,9,0,0,0,1,0
22,220022,2,2,0,0,0,2,2,45,9898,7,1,2013,2,14,55,0,4,3,SR-85,,23,29.91361111,-91.74596111,0,12,6,0,1,1,0,1,1,10,0,10,0,0000000,14,59,15,15,15,59,0,0,0,1,1
22,220023,1,1,0,0,0,1,1,67,9898,8,1,2013,3,21,20,0,4,3,SR-139,,177,32.7444,-91.91363889,0,43,0,0,1,1,0,5,2,2,0,2,0,0000000,21,35,21,42,22,3,0,0,0,1,1
22,220024,1,1,0,0,0,2,2,113,10,10,1,2013,5,16,35,0,14,3,SR-14,,832,29.96436111,-92.07378056,0,42,0,0,1,1,0,6,1,2,0,2,0,0000000,16,39,16,52,17,3,0,0,0,1,0
22,220025,2,2,0,0,0,3,3,5,9898,15,1,2013,3,11,10,0,15,3,SR-931,JOE SEVARIO,10,30.28433889,-90.90453056,0,12,6,0,2,2,0,1,1,2,0,2,0,0000000,11,6,11,14,88,88,0,0,0,1,0
22,220026,3,3,0,0,0,3,3,55,1230,25,1,2013,6,11,45,1,13,3,SR-3184,,11,30.23465,-92.0627,0,12,1,0,1,1,0,1,1,1,0,1,0,0000000,11,45,12,0,88,88,0,0,0,1,0
22,220027,1,1,0,0,0,1,1,59,0,26,1,2013,7,13,30,0,6,4,CR-BIG BEN RD,,0,31.62301111,-92.28718889,0,42,0,0,1,1,0,4,1,1,0,1,0,0000000,13,41,13,55,88,88,0,0,0,1,0
22,220028,2,2,0,0,0,2,2,33,0,30,1,2013,4,19,30,1,13,2,US-190,,1743,30.50836111,-91.17733889,0,12,6,0,8,1,0,1,2,1,0,1,0,0000000,19,34,19,43,88,88,0,0,0,1,1
22,220029,1,1,0,0,0,2,2,19,0,1,1,2013,3,0,30,0,6,4,CR-EVANGELINE HWY,,0,30.31641111,-93.65683889,0,35,0,0,1,1,0,4,2,2,0,2,0,0000000,0,44,1,12,99,99,0,0,0,1,1
22,220030,2,2,0,0,0,4,4,71,1690,1,1,2013,3,1,8,0,15,3,SR-406,,40,29.9116,-89.9687,0,12,2,0,1,1,0,1,2,1,0,1,0,0000000,99,99,99,99,99,99,0,0,0,1,1
22,220031,1,1,0,1,1,1,1,105,0,8,1,2013,3,17,58,0,15,4,CR-S RANGE RD,,0,30.5019,-90.44838889,0,8,0,0,1,1,0,1,3,2,0,2,0,0000000,18,0,18,3,18,20,0,0,0,1,0
22,220032,1,1,0,0,0,1,1,63,570,9,1,2013,4,0,33,1,11,1,I-12,,111,30.45781944,-90.94471111,0,59,0,0,1,1,0,4,2,2,0,2,0,0000000,0,35,0,45,88,88,0,0,0,1,0
22,220033,2,2,0,0,0,2,2,51,0,9,1,2013,4,10,0,0,16,4,CR-LEGIONS DR,,0,29.89428056,-90.02801944,0,12,8,0,1,1,0,1,1,10,0,10,0,0000000,10,4,10,13,10,57,0,0,0,1,0
22,220034,1,1,0,1,1,1,1,1,9997,13,1,2013,1,21,37,0,3,2,US-190,FUSILIER BLVD,878,30.48066944,-92.59386111,0,8,0,0,2,3,0,1,3,1,0,1,0,0000000,21,33,21,47,22,5,0,0,0,1,0
22,220035,1,1,0,0,0,2,2,63,570,16,1,2013,4,19,53,0,15,5,TATE RD,,0,30.46678056,-90.94925,0,42,0,0,1,1,0,4,2,2,0,2,0,0000000,20,0,20,5,99,99,0,0,0,1,0
22,220036,1,1,0,1,1,1,1,97,1800,17,1,2013,5,2,35,1,11,1,I-49,,192,30.52235,-92.06746111,0,8,0,0,1,1,0,1,2,2,0,2,0,0000000,2,36,2,46,99,99,0,0,0,1,1
22,220037,3,3,0,0,0,4,4,33,150,17,1,2013,5,13,28,1,13,5,COURSEY BLVD,AMERICAN WAY,0,30.41318056,-91.05603056,0,12,6,0,2,3,0,1,1,1,0,1,0,0000000,13,34,13,36,13,54,0,0,0,1,0