STATE,ST_CASE,VE_TOTAL,VE_FORMS,PVH_INVL,PEDS,PERNOTMVIT,PERMVIT,PERSONS,COUNTY,CITY,DAY,MONTH,YEAR,DAY_WEEK,HOUR,MINUTE,NHS,ROAD_FNC,ROUTE,TWAY_ID,TWAY_ID2,MILEPT,LATITUDE,LONGITUD,SP_JUR,HARM_EV,MAN_COLL,RELJCT1,RELJCT2,TYP_INT,WRK_ZONE,REL_ROAD,LGT_COND,WEATHER1,WEATHER2,WEATHER,SCH_BUS,RAIL,NOT_HOUR,NOT_MIN,ARR_HOUR,ARR_MIN,HOSP_HR,HOSP_MN,CF1,CF2,CF3,FATALS,DRUNK_DR
22,220038,2,2,0,0,0,2,2,33,150,18,1,2013,6,10,40,1,13,3,SR-37,PLATT,25,30.4885,-91.0759,0,12,6,0,2,3,0,1,1,1,0,1,0,0000000,10,42,10,54,11,24,0,0,0,1,0
22,220039,3,3,0,0,0,3,3,17,2130,18,1,2013,6,23,8,1,13,3,SR-526,,49,32.40213889,-93.85678056,0,12,6,0,8,1,0,1,2,1,0,1,0,0000000,23,8,23,16,88,88,0,0,0,1,0
22,220040,1,1,0,0,0,2,2,117,0,19,1,2013,7,16,18,0,6,4,CR-OLD COLUMBIA RD,,0,30.91093056,-90.1457,0,52,0,0,1,1,0,4,1,1,0,1,0,0000000,16,34,16,45,88,88,0,0,0,2,1
22,220041,1,1,0,1,1,1,1,103,0,21,1,2013,2,17,0,0,6,4,CR-JOSEPHINE ST,ST TAMMANY TRACE,0,30.48011944,-90.05771111,0,9,0,0,2,3,0,1,5,1,0,1,0,0000000,17,2,17,7,17,38,0,0,0,1,0
22,220042,1,1,0,1,1,1,1,109,1070,24,1,2013,5,18,5,1,13,3,SR-24,SR-57,130,29.59776111,-90.70403889,0,9,0,0,3,2,0,1,3,1,0,1,0,0000000,18,7,18,18,18,41,0,0,0,1,0
22,220043,1,1,0,0,0,1,1,79,1850,26,1,2013,7,13,44,1,13,2,US-167,,1134,31.32991944,-92.41703056,0,1,0,0,1,1,0,3,1,1,0,1,0,0000000,13,47,13,52,14,31,0,0,0,1,0
22,220044,1,1,0,0,0,2,2,45,0,26,1,2013,7,23,18,0,6,4,CR-BREAUX RD,,0,30.07041111,-91.7078,0,32,0,0,1,1,0,4,2,1,0,1,0,0000000,23,21,23,39,0,44,0,0,0,1,1
22,220045,2,2,0,0,0,1,1,71,1690,27,1,2013,1,16,45,0,14,5,ELYSIAN FIELDS AVE,,0,30.00485,-90.05951111,0,12,7,0,1,1,0,1,5,1,0,1,0,0000000,99,99,99,99,99,99,0,0,0,1,1
22,220046,1,1,0,1,1,1,1,73,1560,29,1,2013,3,23,22,1,13,2,US-165,,1763,32.48871944,-92.08278889,0,8,0,0,1,1,0,1,2,2,0,2,0,0000000,23,22,23,29,23,42,0,0,0,1,0
22,220047,1,1,0,1,1,2,2,45,0,7,1,2013,2,18,15,0,4,3,SR-85,,5,29.9137,-91.77618889,0,8,0,0,1,1,0,1,2,1,0,1,0,0000000,18,20,18,27,88,88,0,0,0,1,0
22,220048,1,1,0,0,0,1,1,63,1315,26,1,2013,7,5,30,1,1,1,I-12,,230,30.4744,-90.74751111,0,1,0,0,1,1,0,1,2,5,0,5,0,0000000,5,33,5,45,88,88,0,0,0,1,0
22,220049,1,1,0,0,0,1,1,101,0,1,2,2013,6,1,50,1,13,2,US-90,,1728,29.68556111,-91.25336944,0,35,0,0,1,1,0,4,2,1,0,1,0,0000000,1,52,1,58,88,88,0,0,0,1,1
22,220050,3,3,0,0,0,4,4,5,0,1,2,2013,6,18,10,0,14,3,SR-30,,181,30.23808056,-91.03567778,0,12,8,0,1,1,0,2,2,1,0,1,0,0000000,18,17,18,28,19,9,0,0,0,1,1
22,220051,1,1,0,1,1,1,1,95,0,6,2,2013,4,99,99,0,4,3,SR-18,,380,30.04634167,-90.56926667,0,8,0,0,1,1,0,99,9,99,0,99,0,0000000,12,18,13,3,88,88,18,0,0,1,0
22,220052,2,2,0,0,0,3,3,93,0,6,2,2013,4,5,35,0,4,3,SR-3125,,40,30.07451111,-90.81963889,0,12,2,0,1,1,0,2,2,5,0,5,0,0000000,5,37,5,55,6,51,0,0,0,1,0
22,220053,1,1,0,0,0,1,1,105,0,7,2,2013,5,12,12,0,4,3,SR-445,,13,30.46111389,-90.31527222,0,35,0,0,1,1,0,4,1,10,0,10,0,0000000,12,15,12,23,88,88,0,0,0,1,0
22,220054,5,3,2,0,0,5,5,101,0,8,2,2013,6,12,5,0,14,2,US-90,,51,29.66733056,-91.12925,0,12,6,0,8,1,0,1,1,1,0,1,0,0000000,12,12,12,35,12,56,14,0,0,2,0
22,220055,1,1,0,0,0,2,2,99,0,9,2,2013,7,22,23,0,14,3,SR-347,,171,30.24470278,-91.87695,0,35,0,0,1,1,0,4,2,1,0,1,0,0000000,22,32,22,40,88,88,0,0,0,2,1
22,220056,2,2,0,0,0,6,6,101,0,15,2,2013,6,0,56,1,13,2,US-90,SOUTHEAST BLVD,1723,29.6826,-91.26123889,0,12,1,0,3,3,0,1,2,10,0,10,0,0000000,0,56,1,4,2,9,0,0,0,1,0
22,220057,2,2,0,0,0,2,2,85,0,15,2,2013,6,14,10,1,2,3,SR-6,,56,31.49493056,-93.65921111,0,12,6,0,8,1,0,1,1,1,0,1,0,0000000,14,12,14,23,15,7,0,0,0,1,0
22,220058,1,1,0,1,1,2,2,33,150,16,2,2013,7,0,17,1,13,2,US-61,,791,30.5062,-91.1354,0,8,0,0,1,1,0,1,3,1,0,1,0,0000000,0,17,0,25,88,88,0,0,0,1,0
22,220059,1,1,0,0,0,1,1,111,0,16,2,2013,7,23,24,0,5,3,SR-550,,100,32.90582222,-92.51842222,0,59,0,0,1,1,0,4,2,1,0,1,0,0000000,88,88,88,88,88,88,18,0,0,1,1
22,220060,1,1,0,0,0,1,1,73,0,17,2,2013,1,0,20,0,6,3,SR-136,,6,32.68128056,-92.03626944,0,35,0,0,1,1,0,4,2,1,0,1,0,0000000,99,98,99,98,88,88,0,0,0,1,1
22,220061,3,3,0,0,0,12,12,63,0,18,2,2013,2,0,55,1,11,1,I-12,,123,30.4629,-90.92536944,0,12,9,0,1,1,0,1,2,1,0,1,0,0000000,0,55,1,4,88,88,0,0,0,1,0
22,220062,2,2,0,0,0,4,4,53,0,18,2,2013,2,18,32,1,1,1,I-10,,535,30.24686111,-92.84633889,0,12,6,0,1,1,0,1,2,2,0,2,0,0000000,18,40,18,56,19,49,0,0,0,1,0
22,220063,4,4,0,0,0,4,4,71,1690,19,2,2013,3,5,55,0,3,2,US-90,,2743,30.05418056,-89.87683056,0,12,1,0,8,1,0,1,4,1,0,1,0,0000000,99,99,99,99,99,99,0,0,0,1,0
22,220064,2,2,0,0,0,4,4,61,0,19,2,2013,3,18,33,0,14,3,SR-33,SR-821,33,32.5765,-92.60088889,0,12,6,0,2,2,0,1,5,1,0,1,0,0000000,18,22,18,30,19,12,0,0,0,1,0
22,220065,1,1,0,0,0,1,1,103,0,20,2,2013,4,17,30,1,11,1,I-12,,764,30.3366,-89.89038056,0,42,0,0,1,1,0,4,1,1,0,1,0,0000000,17,33,17,42,18,4,0,0,0,1,0
22,220066,3,3,0,0,0,4,4,1,0,23,2,2013,7,19,56,0,3,2,US-190,,856,30.48061111,-92.63026944,0,12,6,0,1,1,0,1,2,1,0,1,0,0000000,20,0,20,16,20,28,0,0,0,1,0
22,220067,1,1,0,0,0,1,1,11,0,26,2,2013,3,21,36,0,6,4,CR-PLEASANT HILL RD,,0,30.81762222,-93.26639722,0,34,0,0,1,1,0,4,2,1,0,1,0,0000000,21,34,21,45,88,88,0,0,0,1,1
22,220068,1,1,0,1,1,1,1,73,0,26,2,2013,3,19,15,0,14,3,SR-838,,82,32.49185,-92.1737,0,8,0,0,1,1,0,1,1,1,0,1,0,0000000,19,19,19,23,21,20,0,0,0,1,0
22,220069,1,1,0,0,0,4,4,89,0,27,2,2013,4,9,50,1,2,2,US-90,,2272,29.82383889,-90.46721111,0,59,0,0,1,1,0,4,1,1,0,1,0,0000000,10,2,10,15,11,42,0,0,0,1,0
22,220070,1,1,0,0,0,3,3,19,1250,28,2,2013,5,17,34,1,11,1,I-210,,86,30.19698889,-93.18021111,0,33,0,1,5,1,0,4,1,1,0,1,0,0000000,17,38,17,48,18,12,0,0,0,2,0
22,220071,1,1,0,0,0,1,1,113,0,27,2,2013,4,4,10,0,6,3,SR-82,,1419,30.06606111,-92.05993889,0,1,0,0,1,1,4,1,2,1,0,1,0,0000000,4,16,4,31,5,13,0,0,0,1,1
22,220072,2,2,0,0,0,3,3,5,0,5,2,2013,3,16,48,1,13,3,SR-44,,21,30.29335278,-90.92160278,0,12,2,0,1,1,0,1,1,1,0,1,0,0000000,16,50,17,0,17,30,0,0,0,1,1
22,220073,1,1,0,0,0,1,1,9,310,2,2,2013,7,2,10,0,3,3,SR-29,,414,30.94918889,-92.15154167,0,32,0,0,1,1,0,4,2,1,0,1,0,0000000,2,14,2,18,88,88,0,0,0,1,1
22,220074,2,2,0,0,0,2,2,63,0,5,2,2013,3,14,12,0,15,3,SR-1019,SPRINGFIELD LANE,19,30.56369167,-90.96582222,0,12,6,0,2,3,0,1,1,1,0,1,0,0000000,14,13,14,29,88,88,0,0,0,1,1
22,220075,1,1,0,0,0,2,2,73,0,3,2,2013,1,20,35,1,1,1,I-20,,1071,32.50976111,-92.275925,0,42,0,0,1,1,0,4,2,1,0,1,0,0000000,20,40,20,40,21,20,0,0,0,1,1
22,220076,2,2,0,0,0,4,4,77,0,5,2,2013,3,7,8,0,4,3,SR-415,,204,30.66221944,-91.34948889,0,12,2,0,1,1,0,1,4,5,0,5,1,0000000,7,15,7,29,8,41,0,0,0,1,0
22,220077,1,1,0,1,1,1,1,79,0,4,2,2013,2,21,56,0,4,3,SR-116,,36,31.38086111,-92.35069167,0,8,0,0,1,1,0,1,1,1,0,1,0,0000000,88,88,88,88,88,88,0,0,0,1,0
22,220078,2,1,1,0,2,1,3,89,0,4,2,2013,2,5,30,1,1,1,I-10,,2153,30.05296111,-90.36845,0,14,0,0,1,1,0,2,2,1,0,1,0,0000000,5,39,6,9,7,1,0,0,0,2,1
22,220079,2,2,0,0,0,3,3,55,1230,16,1,2013,4,22,49,0,14,3,SR-728,VAN BUREN DRIVE,29,30.26968056,-92.0081,0,12,6,0,2,2,0,1,3,10,0,10,0,0000000,22,49,23,5,23,54,0,0,0,1,2
22,220080,1,1,0,1,1,1,1,71,1690,13,2,2013,4,19,51,1,13,2,US-90,,2569,29.94046944,-90.09873056,0,8,0,0,1,1,0,1,2,1,0,1,0,0000000,99,99,99,99,99,99,0,0,0,1,0
22,220081,1,1,0,0,0,2,2,5,0,16,2,2013,7,19,54,0,6,4,CR-MUDDY CREEK RD,,0,30.33133889,-90.92213889,0,53,0,0,1,1,0,4,2,1,0,1,0,0000000,19,55,20,15,21,0,0,0,0,1,1
22,220082,1,1,0,0,0,2,2,15,230,17,2,2013,1,3,18,1,11,1,I-20,,234,32.52788056,-93.67805,0,42,0,0,1,1,0,4,3,1,0,1,0,0000000,3,36,3,49,4,10,0,0,0,1,1
22,220083,1,1,0,0,0,1,1,45,0,17,2,2013,1,12,0,0,6,4,CR-PORT RD,,0,29.94886111,-91.83741389,0,1,0,0,1,1,1,4,9,99,0,99,0,0000000,99,99,99,99,88,88,0,0,0,1,1
22,220084,1,1,0,0,0,1,1,19,1250,21,2,2013,5,5,5,1,13,3,SR-385,,144,30.21746111,-93.21913056,0,19,0,0,1,1,0,4,3,10,0,10,0,0000000,5,7,5,15,5,33,0,0,0,1,0
22,220085,1,1,0,0,0,2,2,33,2490,23,2,2013,7,2,0,0,15,3,SR-964,,60,30.66386111,-91.19136111,0,32,0,0,1,1,0,4,2,1,0,1,0,0000000,2,0,2,2,2,21,0,0,0,1,1
22,220086,2,2,0,0,0,2,2,55,2120,24,2,2013,1,22,5,0,14,2,US-90,SR-93,1027,30.23488889,-92.1074,0,12,6,0,2,2,0,1,3,2,0,2,0,0000000,22,5,22,13,22,43,0,0,0,1,1
22,220087,2,2,0,0,0,3,3,89,0,20,2,2013,4,14,50,1,13,2,US-90,SR-306,2313,29.87453889,-90.44013889,0,12,6,0,2,2,0,1,1,1,0,1,0,0000000,14,53,15,4,15,30,0,0,0,1,0
22,220088,1,1,0,0,0,1,1,109,0,2,3,2013,7,16,14,0,14,3,SR-660,,68,29.61233056,-90.67481111,0,35,0,0,1,1,0,4,1,1,0,1,0,0000000,16,21,16,30,16,45,0,0,0,1,0
22,220089,1,1,0,0,0,1,1,37,0,5,3,2013,3,13,38,0,4,3,SR-67,,377,30.93493056,-90.96555,0,42,0,0,1,1,0,4,1,1,0,1,0,0000000,13,24,13,35,88,88,0,0,0,1,1
22,220090,2,2,0,0,0,2,2,71,1690,5,3,2013,3,14,15,1,11,1,I-10,,2402,30.0039,-90.03,0,12,6,0,1,1,0,1,1,1,0,1,0,0000000,99,99,99,99,88,88,0,0,0,1,0
22,220091,2,2,0,0,0,3,3,19,0,6,3,2013,4,20,20,1,11,1,I-10,,374,30.2471,-93.11538056,0,12,7,0,1,1,0,1,2,1,0,1,0,0000000,20,23,20,35,21,27,0,0,0,1,0
22,220092,1,1,0,0,0,1,1,5,0,8,3,2013,6,0,45,0,16,3,SR-941,,12,30.19312222,-90.88651111,0,32,0,0,1,1,0,4,2,1,0,1,0,0000000,0,52,1,0,88,88,0,0,0,1,1
22,220093,2,1,1,0,0,1,1,71,1690,8,3,2013,6,0,39,0,16,5,MERCIER ST,,0,30.05273889,-89.97376944,0,14,0,0,1,1,0,1,3,1,0,1,0,0000000,99,99,99,99,88,88,0,0,0,1,1
22,220094,2,2,0,0,0,3,3,45,0,9,3,2013,7,17,26,0,4,3,SR-85,,45,29.93021111,-91.71768889,0,12,2,0,1,1,0,1,1,1,0,1,0,0000000,17,25,17,33,18,35,0,0,0,2,2
22,220095,1,1,0,0,0,1,1,47,0,9,3,2013,7,23,30,0,6,3,SR-1148,,20,30.32298889,-91.26603056,0,42,0,0,1,1,0,4,2,1,0,1,0,0000000,0,34,0,45,88,88,0,0,0,1,1
22,220096,3,3,0,0,0,8,8,1,0,10,3,2013,1,19,27,0,4,3,SR-95,,20,30.26453056,-92.19321944,0,12,1,0,1,1,0,1,2,2,0,2,0,0000000,19,36,19,46,20,56,0,0,0,1,1
22,220097,1,1,0,1,1,4,4,109,0,10,3,2013,1,20,49,1,13,3,SR-24,,28,29.70555,-90.79013056,0,8,0,0,1,1,0,1,3,1,0,1,0,0000000,20,56,20,56,88,88,0,0,0,1,0
22,220098,1,1,0,0,0,1,1,33,150,13,3,2013,4,6,38,0,6,4,CR-E FLANACHER RD,,0,30.6651,-91.21243889,0,34,0,0,1,1,0,4,2,1,0,1,0,0000000,6,43,6,52,88,88,0,0,0,1,1
22,220099,2,2,0,0,0,2,2,11,0,13,3,2013,4,22,8,0,3,3,SR-26,,93,30.80451944,-93.09011944,0,12,6,0,1,1,0,1,2,1,0,1,0,0000000,22,12,22,31,0,27,0,0,0,1,2
22,220100,1,1,0,0,0,1,1,91,0,14,3,2013,5,9,20,0,3,3,SR-10,,2017,30.82473889,-90.57322222,0,1,0,0,1,1,0,4,1,1,0,1,0,0000000,9,24,9,38,88,88,0,0,0,1,0
22,220101,1,1,0,0,0,4,4,105,0,16,3,2013,7,0,30,1,1,1,I-12,,465,30.48016944,-90.34306111,0,42,0,0,1,1,0,4,2,1,0,1,0,0000000,0,16,0,21,0,57,0,0,0,1,0
22,220102,1,1,0,0,0,2,2,19,0,17,3,2013,1,2,8,0,15,4,CR-GATEWAY DR,,0,30.3297,-93.21256944,0,32,0,0,1,1,0,4,2,1,0,1,0,0000000,2,11,2,16,2,50,0,0,0,1,1
22,220104,1,1,0,0,0,3,3,101,0,19,3,2013,3,23,35,0,15,3,SR-182,,546,29.70335,-91.23123056,0,34,0,0,1,1,0,4,3,1,0,1,0,0000000,23,40,23,48,0,12,0,0,0,2,1
22,220105,1,1,0,0,0,1,1,117,0,20,3,2013,4,8,0,0,4,3,SR-430,,23,30.88220556,-90.14303056,0,59,0,0,1,1,0,4,1,10,0,10,0,0000000,7,59,8,4,8,27,0,0,0,1,0
22,220106,1,1,0,0,0,1,1,19,0,20,3,2013,4,11,40,0,16,5,HORSEMAN'S DR,,0,30.22776111,-93.12855,0,32,0,0,1,1,0,4,1,1,0,1,0,0000000,10,38,10,46,11,5,0,0,0,1,1
22,220107,2,2,0,0,0,2,2,93,0,21,3,2013,5,15,26,0,4,3,SR-20,,329,29.95588889,-90.70995,0,12,2,0,1,1,0,1,1,1,0,1,0,0000000,15,29,15,59,16,38,0,0,0,1,0
22,220108,2,2,0,0,0,3,3,5,0,23,3,2013,7,13,58,0,14,3,SR-74,,47,30.24804167,-91.02883056,0,12,1,0,1,1,0,1,1,1,0,1,0,0000000,13,59,14,10,15,2,0,0,0,1,1
22,220109,1,1,0,1,1,1,1,97,0,24,3,2013,1,5,55,1,1,7,I-49 FRONTAGE RD,,130,30.43457778,-92.06808889,0,8,0,0,1,1,0,1,2,10,0,10,0,0000000,6,10,6,15,88,88,0,0,0,1,0
22,220110,3,3,0,0,0,6,6,69,0,24,3,2013,1,13,12,1,2,2,US-84,,720,31.81908889,-92.98558056,0,12,2,0,1,1,0,1,1,1,0,1,0,0000000,13,10,13,29,14,53,0,0,0,1,0
22,220111,2,2,0,1,1,1,1,33,150,25,3,2013,2,9,25,1,11,1,I-10,,1552,30.4392,-91.19153889,0,12,1,0,1,1,0,1,1,1,0,1,0,0000000,9,27,9,47,88,88,15,0,0,1,0
22,220112,1,1,0,0,0,2,2,109,0,28,3,2013,5,22,35,1,13,3,SR-24,,7,29.73481944,-90.80371944,0,42,0,0,1,1,0,4,3,1,0,1,0,0000000,22,37,22,42,88,88,0,0,0,1,1
22,220113,2,2,0,0,0,2,2,29,0,29,3,2013,6,16,47,0,4,3,SR-129,,238,31.48441944,-91.71155833,0,12,6,0,8,1,0,1,1,1,0,1,0,0000000,16,48,17,1,17,25,0,0,0,1,0
22,220114,2,2,0,0,0,2,2,29,0,29,3,2013,6,15,18,1,13,2,US-84,LEVENS ADDITION,1705,31.62559444,-91.57770278,0,12,6,0,3,3,0,1,1,1,0,1,0,0000000,15,19,15,22,16,1,0,0,0,1,0
22,220115,1,1,0,1,1,4,4,95,0,29,3,2013,6,22,45,0,4,3,SR-18,,303,30.03908889,-90.67526111,0,8,0,0,1,1,0,1,2,1,0,1,0,0000000,22,52,23,4,88,88,0,0,0,1,0
22,220116,1,1,0,0,0,1,1,97,0,3,2,2013,1,4,18,0,4,3,SR-10,,957,30.71173056,-92.00251944,0,42,0,0,1,1,0,4,2,1,0,1,0,0000000,4,30,4,45,88,88,0,0,0,1,1
22,220117,1,1,0,1,1,2,2,17,0,3,2,2013,1,20,42,0,3,3,SR-1,,4071,32.69141944,-93.93665,0,8,0,0,1,1,0,1,2,1,0,1,0,0000000,20,42,20,48,88,88,0,0,0,1,0
22,220118,1,1,0,0,0,1,1,61,2070,2,2,2013,7,22,24,1,13,2,US-167 S. VIENNA ST.,,2039,32.50631111,-92.63718889,0,42,0,0,1,1,0,4,3,1,0,1,0,0000000,22,27,22,30,22,45,0,0,0,1,1
22,220119,1,1,0,0,0,1,1,71,1690,4,2,2013,2,21,25,1,13,3,SR-3021 ELYSIAN FIELDS,,16,29.99777222,-90.05887778,0,42,0,0,1,1,0,4,3,2,0,2,0,0000000,99,99,99,99,99,99,0,0,0,1,0
22,220120,2,1,1,0,0,1,1,91,9898,17,1,2013,5,5,0,0,3,3,SR-16,,582,30.71346944,-90.57233056,0,59,0,0,1,1,0,5,2,1,0,1,0,0000000,5,46,5,53,6,5,0,0,0,1,1
22,220121,1,1,0,0,0,1,1,19,0,9,2,2013,7,21,20,0,6,4,CR-MCCOWN ROAD,,0,30.21803056,-93.08373056,0,53,0,0,1,1,0,4,2,10,0,10,0,0000000,21,20,21,30,22,4,0,0,0,1,0
22,220122,1,1,0,1,1,1,1,33,150,9,2,2013,7,19,3,0,14,6,NORTH ACADIAN THRUWAY,OSWEGO ST.,0,30.4807,-91.15646111,0,8,0,0,2,2,0,1,3,10,0,10,0,0000000,19,4,19,9,19,27,0,0,0,1,0
22,220123,3,3,0,0,0,7,7,55,1230,28,3,2013,5,16,34,0,14,3,SR-176 MOSS STREET,,26,30.26516944,-92.00808056,0,33,0,0,1,1,0,4,1,1,0,1,0,0000000,16,35,16,45,17,52,0,0,0,1,1
22,220124,1,1,0,0,0,1,1,33,0,30,3,2013,7,0,15,0,6,4,CR-TUCKER ROAD,,0,30.68808056,-91.0518,0,43,0,0,1,1,0,4,2,10,0,10,0,0000000,0,16,0,29,88,88,0,0,0,1,0
22,220125,2,2,0,0,0,2,2,57,0,30,3,2013,7,12,50,0,14,3,SR-1,,755,29.74086944,-90.69761111,0,12,6,0,1,1,0,1,1,10,0,10,0,0000000,13,6,13,17,13,43,0,0,0,1,0
22,220126,2,2,0,1,1,3,3,17,1188,1,3,2013,6,21,15,1,13,2,US-171,KEITHVILLE KINGSTON ROAD,1670,32.3335,-93.8294,0,9,0,0,2,2,0,1,2,10,0,10,0,0000000,99,99,99,99,88,88,16,0,0,1,0
22,220127,2,2,0,0,0,3,3,81,0,30,3,2013,7,13,35,0,5,3,SR-784,,47,32.03078056,-93.22431944,0,12,2,0,1,1,0,1,1,1,0,1,0,0000000,13,42,13,55,88,88,0,0,0,1,0
22,220128,1,1,0,0,0,1,1,117,0,30,3,2013,7,22,20,0,5,3,SR-436,,63,30.89706944,-90.07261111,0,35,0,0,1,1,0,4,2,1,0,1,0,0000000,22,30,22,40,88,88,0,0,0,1,0
22,220129,1,1,0,0,0,1,1,11,0,31,3,2013,1,4,27,0,3,2,US-190,,4,30.74438056,-93.60210833,0,1,0,0,1,1,0,4,2,1,0,1,0,0000000,4,31,5,0,88,88,0,0,0,1,1
22,220130,1,1,0,0,0,2,2,103,1225,2,3,2013,7,2,99,0,6,4,CR-TRANSMITTER ROAD,CLESI AVENUE,0,30.29996944,-89.8976,0,58,0,0,2,3,0,1,3,1,0,1,0,0000000,2,9,2,16,3,9,0,0,0,1,1
22,220131,1,1,0,0,0,1,1,71,1690,2,3,2013,7,5,0,0,14,6,WISNER BLVD,,0,29.99983889,-90.08559722,0,3,0,0,1,1,0,5,4,1,0,1,0,0000000,88,88,88,88,88,88,0,0,0,1,0
22,220132,1,1,0,0,0,1,1,71,1690,31,3,2013,1,7,53,1,11,1,I-10,,2500,30.08791667,-89.91210278,0,42,0,0,1,1,0,4,1,1,0,1,0,0000000,88,88,88,88,88,88,0,0,0,1,0
22,220133,1,1,0,0,0,1,1,105,0,17,1,2013,5,22,10,0,4,3,SR-445,,15,30.46406111,-90.31775,0,41,0,0,1,1,0,4,2,1,0,1,0,0000000,22,18,22,35,23,12,0,0,0,1,1
22,220134,2,2,0,0,0,4,4,57,1320,19,1,2013,7,19,40,0,3,3,SR-1,,598,29.6425,-90.52173056,0,12,6,0,1,1,0,1,2,1,0,1,0,0000000,19,47,20,1,21,8,0,0,0,1,0
22,220136,1,1,0,0,0,2,2,19,1250,4,3,2013,2,12,17,1,11,1,I-210,,84,30.19755,-93.18258056,0,59,0,1,19,1,0,4,1,10,0,10,0,0000000,12,18,12,35,13,1,0,0,0,1,0
22,220137,2,2,0,0,0,5,5,55,2480,4,3,2013,2,13,41,0,15,6,CHEMIN METAIRIE,SAVOY ROAD,0,30.09468611,-92.01503333,0,12,6,0,2,2,0,1,1,1,0,1,0,0000000,13,41,13,50,14,26,0,0,0,1,0
22,220138,1,1,0,0,0,1,1,45,0,8,3,2013,6,15,33,0,6,4,CR-RUTTEN RILL ROAD,,0,29.90441667,-91.77285833,0,1,0,0,8,1,0,1,1,1,0,1,0,0000000,15,25,15,41,16,26,0,0,0,1,0
22,220139,1,1,0,1,1,1,1,79,40,8,3,2013,6,20,5,0,14,6,BROADWAY AVE,,0,31.28156389,-92.44428889,0,8,0,0,1,1,0,1,2,1,0,1,0,0000000,19,59,20,2,20,25,0,0,0,1,0
22,220140,1,1,0,0,0,1,1,103,2180,8,3,2013,6,23,42,0,16,6,PENNSYLVANIA AVE.,,0,30.28091111,-89.78173056,0,10,0,0,1,1,0,5,3,1,0,1,0,725156D,23,43,23,47,0,44,23,0,0,1,1
22,220141,2,2,0,0,0,2,2,71,1690,10,3,2013,1,19,0,1,13,2,US-90 CHEF MENTEUR HWY,LONELY OAK DRIVE,2663,30.01215,-90.00063889,0,12,6,0,2,3,0,1,2,1,0,1,0,0000000,99,99,99,99,88,88,0,0,0,1,0
22,220142,1,1,0,0,0,1,1,63,2350,13,3,2013,4,17,17,0,14,3,SR-447 N. WALKER ROAD,,101,30.49581389,-90.86418333,0,30,0,0,1,1,0,4,1,1,0,1,0,0000000,17,19,17,27,17,58,0,0,0,1,0
22,220143,2,2,0,0,0,4,4,55,260,13,3,2013,4,21,53,1,13,2,US-90,SR-3073 AMBASSADOR CAFFERY,1180,30.11753889,-91.9436,0,12,6,0,2,3,0,1,3,1,0,1,0,0000000,21,54,22,4,88,88,0,0,0,2,0
22,220144,1,1,0,0,0,1,1,61,0,7,4,2013,1,11,44,0,6,3,SR-3072,,26,32.5981,-92.60718889,0,42,0,0,1,1,0,4,1,1,0,1,0,0000000,11,41,11,52,88,88,0,0,0,1,0
22,220145,3,3,0,0,0,3,3,105,0,1,4,2013,2,5,50,1,1,1,I-12,,474,30.48046944,-90.33881111,0,12,1,0,1,1,0,1,2,1,0,1,0,0000000,5,57,6,5,88,88,19,0,0,1,0
22,220146,2,2,0,0,0,2,2,15,0,1,4,2013,2,15,10,0,6,4,CR-BELLEVUE RD,,0,32.63599444,-93.55738611,0,12,2,0,1,1,0,1,1,1,0,1,0,0000000,15,15,15,25,16,5,0,0,0,2,0
22,220147,2,2,0,0,0,3,3,115,0,2,4,2013,3,5,30,0,15,3,SR-10,,27,31.02905,-93.22363056,0,12,6,0,8,1,0,1,2,1,0,1,0,0000000,5,34,5,41,7,53,0,0,0,1,0
22,220148,2,2,0,0,0,4,4,55,0,4,4,2013,5,22,50,0,14,3,SR-724,WEST CONGRESS,55,30.19571944,-92.14108056,0,12,6,0,2,2,0,1,2,1,0,1,0,0000000,22,54,23,5,23,34,0,0,0,1,1
22,220149,1,1,0,0,0,1,1,5,870,9,4,2013,3,7,34,1,11,1,I-10,,1794,30.19931944,-90.93378889,0,42,0,0,1,1,0,3,1,1,0,1,0,0000000,7,35,7,40,88,88,0,0,0,1,0
22,220150,1,1,0,0,0,1,1,109,0,10,4,2013,4,18,2,1,13,3,SR-24,,153,29.58739167,-90.66888889,0,53,0,0,1,1,0,4,1,1,0,1,0,0000000,18,8,18,19,88,88,0,0,0,1,0
22,220151,1,1,0,1,1,1,1,117,210,18,1,2013,6,1,12,0,14,6,MARSHALL RICHARDSON,,0,30.75743889,-89.85536944,0,8,0,0,1,1,0,4,3,1,0,1,0,0000000,1,12,1,15,99,99,17,0,0,1,0
22,220152,1,1,0,0,0,1,1,109,0,17,2,2013,1,19,47,0,4,3,SR-182,,323,29.63105,-90.93178056,0,42,0,0,1,1,0,4,2,1,0,1,0,0000000,19,50,20,12,88,88,0,0,0,1,1
22,220153,2,2,0,0,0,4,4,109,0,17,2,2013,1,20,48,0,14,3,SR-182,,127,29.63629444,-90.69863056,0,12,2,0,1,1,0,1,2,10,0,10,0,0000000,20,54,21,3,21,16,0,0,0,3,1
22,220154,1,1,0,0,0,2,2,5,0,14,4,2013,1,23,58,1,1,1,I-10,,1843,30.16718056,-90.8604,0,42,0,0,1,1,0,4,2,2,0,2,0,0000000,0,5,0,13,0,59,0,0,0,1,1
22,220155,1,1,0,0,0,1,1,97,0,14,4,2013,1,4,40,0,4,3,SR-31,,506,30.49781111,-92.04498056,0,42,0,0,1,1,0,4,2,2,0,2,0,0000000,4,53,4,59,88,88,0,0,0,1,0