STATE,ST_CASE,VE_TOTAL,VE_FORMS,PVH_INVL,PEDS,PERNOTMVIT,PERMVIT,PERSONS,COUNTY,CITY,DAY,MONTH,YEAR,DAY_WEEK,HOUR,MINUTE,NHS,ROAD_FNC,ROUTE,TWAY_ID,TWAY_ID2,MILEPT,LATITUDE,LONGITUD,SP_JUR,HARM_EV,MAN_COLL,RELJCT1,RELJCT2,TYP_INT,WRK_ZONE,REL_ROAD,LGT_COND,WEATHER1,WEATHER2,WEATHER,SCH_BUS,RAIL,NOT_HOUR,NOT_MIN,ARR_HOUR,ARR_MIN,HOSP_HR,HOSP_MN,CF1,CF2,CF3,FATALS,DRUNK_DR
22,220156,2,2,0,0,0,3,3,61,0,14,4,2013,1,15,30,1,1,1,I-20,,757,32.54843056,-92.81031111,0,42,0,0,1,1,0,4,1,1,0,1,0,0000000,15,31,15,40,16,32,0,0,0,1,0
22,220157,1,1,0,0,0,1,1,119,0,14,4,2013,1,20,52,0,3,2,US-79,,553,32.64646111,-93.22755,0,35,0,0,1,1,0,4,2,1,0,1,0,0000000,21,14,21,20,88,88,20,0,0,1,1
22,220158,1,1,0,0,0,2,2,121,0,15,4,2013,2,21,10,0,5,3,SR-413,,46,30.53881111,-91.40733056,0,42,0,0,1,1,0,4,2,10,0,10,0,0000000,21,20,21,36,88,88,0,0,0,2,1
22,220159,1,1,0,0,0,1,1,51,0,6,2,2013,4,17,8,1,13,8,LAKE PONTCH. CAUSEWAY BRIDGE,,0,30.09021111,-90.14211944,8,33,0,0,1,1,0,4,1,1,0,1,0,0000000,17,16,17,26,88,88,0,0,0,1,0
22,220160,1,1,0,0,0,3,3,67,0,15,4,2013,2,21,55,0,6,4,CR-COOPER LAKE RD,,0,32.84721944,-91.80158056,0,42,0,0,1,1,0,4,2,1,0,1,0,0000000,22,14,22,34,23,15,0,0,0,1,1
22,220161,2,2,0,0,0,2,2,119,2115,15,4,2013,2,21,45,0,3,2,US-371,SR-2 SPUR,738,32.89613056,-93.45021111,0,12,2,0,3,3,0,1,2,10,0,10,0,0000000,21,48,22,0,22,17,0,0,0,1,0
22,220162,1,1,0,0,0,2,2,119,0,17,4,2013,4,8,32,0,3,2,US-371,,763,32.93138889,-93.45526944,0,43,0,0,1,1,0,4,1,1,0,1,0,0000000,8,24,8,30,10,8,0,0,0,1,0
22,220163,1,1,0,0,0,1,1,9,0,18,4,2013,5,3,40,0,3,3,SR-115,,312,31.06731111,-92.10879167,0,32,0,0,1,1,0,4,2,10,0,10,0,0000000,3,43,3,53,88,88,0,0,0,1,0
22,220164,2,2,0,0,0,3,3,95,0,21,4,2013,1,0,5,0,3,2,US-61,,359,30.07508889,-90.64923889,0,12,1,0,1,1,0,1,2,1,0,1,0,0000000,0,15,0,26,88,88,0,0,0,1,2
22,220165,2,2,0,0,0,2,2,57,0,23,4,2013,3,6,7,0,15,3,SR-3162,SR-3235,0,29.4683,-90.32458889,0,12,1,0,2,3,0,1,1,1,0,1,0,0000000,6,13,6,18,6,45,0,0,0,1,0
22,220166,2,2,0,0,0,2,2,121,0,24,4,2013,4,17,40,1,1,1,I-10,,1446,30.4387,-91.36386111,0,12,1,0,1,1,0,1,1,1,0,1,0,0000000,17,45,17,56,88,88,0,0,0,1,0
22,220167,1,1,0,1,1,1,1,57,0,26,4,2013,6,20,10,0,15,3,SR-308,,469,29.73508056,-90.61728056,0,9,0,0,1,1,0,1,2,1,0,1,0,0000000,20,16,20,23,88,88,0,0,0,1,0
22,220168,2,2,0,0,0,5,5,55,0,27,4,2013,7,10,40,0,14,3,SR-724,,60,30.20348889,-92.14185,0,12,2,0,1,1,0,2,1,1,0,1,0,0000000,10,46,11,5,11,27,0,0,0,1,0
22,220169,1,1,0,1,1,1,1,73,1560,2,2,2013,7,21,46,0,16,6,GRIFFIN STREET,,0,32.51173889,-92.07606111,0,8,0,0,1,1,0,1,3,1,0,1,0,0000000,21,50,21,57,22,7,0,0,0,1,0
22,220170,1,1,0,0,0,1,1,73,0,1,2,2013,6,2,21,0,14,4,CR-FINKS HIDEAWAY RD,,0,32.5617,-92.0403,0,32,0,0,1,1,0,4,2,1,0,1,0,0000000,2,21,2,28,88,88,0,0,0,1,0
22,220171,1,1,0,0,0,1,1,79,40,4,2,2013,2,23,10,0,15,6,ENTERPRISE ROAD,,0,31.3217,-92.4722,0,53,0,0,1,1,0,4,3,1,0,1,0,0000000,23,9,23,16,88,88,0,0,0,1,0
22,220172,1,1,0,0,0,1,1,1,0,23,3,2013,7,15,51,0,6,4,CR-LOVELL ST.,,0,30.19781111,-92.34563889,0,34,0,0,1,1,0,4,1,1,0,1,0,0000000,15,48,15,53,88,88,4,0,0,1,0
22,220173,2,2,0,0,0,2,2,33,150,29,3,2013,6,2,50,1,13,3,SR-426,,42,30.4423,-91.0395,0,12,2,0,1,1,0,1,2,1,0,1,0,0000000,2,52,2,56,3,36,0,0,0,1,0
22,220174,2,2,0,0,0,3,3,79,40,19,3,2013,3,11,44,1,13,2,US-167,DALLAS AVE.,33,31.28488333,-92.45021667,0,12,6,0,2,2,0,1,1,1,0,1,0,0000000,11,37,11,40,12,17,0,0,0,1,0
22,220175,1,1,0,0,0,1,1,19,580,27,3,2013,4,14,54,0,16,6,N. HOLLY ST.,,0,30.45343333,-93.43421944,0,10,0,0,6,1,0,1,1,1,0,1,0,329345j,14,54,15,15,88,88,0,0,0,1,0
22,220176,1,1,0,0,0,3,3,105,0,27,3,2013,4,21,18,0,5,3,SR-1061,,160,30.9072,-90.4421,0,35,0,0,1,1,0,4,2,1,0,1,0,0000000,21,21,21,29,23,7,0,0,0,1,0
22,220177,1,1,0,0,0,1,1,55,1230,3,3,2013,1,22,56,0,14,2,US-90,,1057,30.2325,-92.05803056,0,41,0,0,1,1,0,4,3,1,0,1,0,0000000,22,56,23,0,88,88,0,0,0,1,0
22,220178,2,2,0,0,0,3,3,57,0,27,4,2013,7,21,35,0,15,3,SR-1,,415,29.48618889,-90.32441944,0,12,2,0,1,1,0,1,2,10,0,10,0,0000000,21,43,21,49,22,24,0,0,0,1,1
22,220179,1,1,0,0,0,2,2,61,380,1,4,2013,2,7,25,0,4,3,SR-145,SR-820,58,32.54143056,-92.50723056,0,59,0,0,3,3,0,4,1,5,0,5,0,0000000,7,28,7,45,8,20,0,0,0,1,0
22,220181,1,1,0,1,1,1,1,55,0,6,4,2013,7,4,10,0,14,3,SR-725,,8,30.25405,-92.07115,0,8,0,0,1,1,0,1,2,1,0,1,0,0000000,4,16,4,22,88,88,0,0,0,1,0
22,220183,2,2,0,0,0,2,2,63,570,7,4,2013,1,3,58,1,11,1,I-12,,117,30.4602,-90.93516111,0,12,1,0,1,1,0,1,3,1,0,1,0,0000000,4,0,4,8,4,28,0,0,0,1,1
22,220184,1,1,0,0,0,1,1,115,1300,7,4,2013,1,10,40,1,13,2,US-171,,667,31.1471,-93.2639,0,59,0,0,1,1,0,4,1,1,0,1,0,0000000,10,39,10,42,11,1,0,0,0,1,0
22,220185,1,1,0,0,0,1,1,55,260,10,4,2013,4,2,18,0,14,3,SR-182,,1177,30.14548889,-91.95886944,0,35,0,0,1,1,0,4,3,10,0,10,0,0000000,2,18,2,22,3,2,0,0,0,1,1
22,220186,2,2,0,0,0,2,2,51,0,13,4,2013,7,13,0,0,14,3,SR-18,AMES BLVD,755,29.89978889,-90.11375,0,12,6,0,2,3,0,1,1,1,0,1,0,0000000,12,59,13,3,13,21,0,0,0,1,1
22,220187,1,1,0,0,0,1,1,71,1690,25,4,2013,5,18,23,0,16,5,N DORGENOIS ST,,0,29.97745,-90.0747,0,33,0,0,1,1,0,4,5,1,0,1,0,0000000,18,23,99,99,99,99,0,0,0,1,0
22,220188,2,2,0,0,0,7,7,33,150,27,4,2013,7,18,47,0,6,4,CR-MILLDALE RD,REAMES RD,0,30.66761111,-91.0274,0,12,6,0,2,2,0,1,5,10,0,10,0,0000000,18,47,19,1,19,37,0,0,0,1,0
22,220189,1,1,0,1,1,1,1,115,0,2,4,2013,3,22,2,1,2,2,US-171,,705,31.188725,-93.29910556,0,8,0,0,1,1,0,1,2,10,0,10,0,0000000,88,88,88,88,88,88,0,0,0,1,0
22,220190,1,1,0,0,0,1,1,85,0,14,4,2013,1,16,28,0,6,4,CR-GEOGHAGAN RD,,0,31.5364,-93.36491944,0,35,0,0,1,1,0,4,1,1,0,1,0,0000000,17,0,17,47,88,88,0,0,0,1,0
22,220191,2,2,0,0,0,3,3,11,0,21,4,2013,1,3,10,0,3,3,SR-26,THREE PINE CHRUCH RD,21,30.81396111,-93.20875,0,12,6,0,2,2,0,1,2,1,0,1,0,0000000,3,10,3,23,4,14,0,0,0,1,2
22,220192,2,2,0,0,0,4,4,55,1230,1,5,2013,4,7,22,1,11,1,I-10,,1020,30.24923056,-92.04173056,0,12,6,0,1,1,0,1,1,10,0,10,0,0000000,7,23,7,25,7,55,0,0,0,1,0
22,220193,2,2,0,0,0,15,15,71,1690,2,5,2013,5,10,2,1,1,1,I-10,,2505,30.0937,-89.90763889,0,12,1,0,1,1,0,1,1,2,0,2,0,0000000,99,99,99,99,99,99,19,0,0,1,0
22,220194,2,2,0,0,0,2,2,71,1690,9,5,2013,5,99,99,1,11,1,I-10,,2368,29.96905,-90.06883889,0,12,7,1,20,1,0,1,3,1,0,1,0,0000000,23,56,0,3,0,34,0,0,0,1,1
22,220195,1,1,0,0,0,1,1,99,0,26,5,2013,1,10,40,0,6,4,CR-ISLE LABBE RD,,0,30.1607,-91.77728889,0,42,0,0,1,1,0,4,1,1,0,1,0,0000000,10,45,11,0,88,88,0,0,0,1,0
22,220196,2,2,0,0,0,2,2,71,1690,3,5,2013,6,20,34,0,14,3,SR-428,ODEON AVE,67,29.94053056,-90.02251111,0,12,6,0,2,2,0,1,3,1,0,1,0,0000000,99,99,99,99,99,99,0,0,0,1,0
22,220197,1,1,0,0,0,1,1,71,1690,6,5,2013,2,1,49,1,11,1,I-10,,2346,29.95788056,-90.09398889,0,24,0,0,1,1,0,3,2,1,0,1,0,0000000,99,99,99,99,99,99,0,0,0,1,1
22,220198,1,1,0,0,0,3,3,99,250,9,5,2013,5,1,15,1,11,1,I-10,,1100,30.29421944,-91.91858889,0,42,0,1,19,1,0,8,2,1,0,1,0,0000000,1,13,1,18,2,4,0,0,0,1,0
22,220199,1,1,0,0,0,1,1,51,0,13,5,2013,2,22,40,1,13,4,CR-CAUSEWAY BLVD,17TH ST,0,30.00911111,-90.15496944,0,33,0,0,3,3,0,4,3,1,0,1,0,0000000,99,99,99,99,99,99,0,0,0,1,0
22,220200,3,2,1,0,0,2,2,99,0,19,5,2013,1,17,32,0,6,4,CR-HILDA DR,,0,30.28211944,-91.92533889,0,12,2,0,8,1,0,1,1,1,0,1,0,0000000,17,35,17,49,88,88,0,0,0,1,0
22,220201,2,2,0,0,0,4,4,101,0,15,4,2013,2,13,43,1,2,2,US-90,,1663,29.69638889,-91.35556944,0,59,0,0,1,1,0,3,1,1,0,1,0,0000000,13,46,13,50,14,57,0,0,0,1,0
22,220202,1,1,0,0,0,1,1,97,0,29,4,2013,2,3,12,0,6,3,SR-356,,40,30.37149167,-92.12908889,0,42,0,0,1,1,0,5,2,1,0,1,0,0000000,5,22,5,49,88,88,0,0,0,1,1
22,220203,2,2,0,0,0,2,2,17,946,30,4,2013,3,0,30,1,11,1,I-20,,50,32.445,-93.9605,0,12,1,0,1,1,0,1,2,1,0,1,0,0000000,0,36,0,42,88,88,27,0,0,1,0
22,220204,2,2,0,0,0,5,5,51,1190,15,4,2013,2,21,16,1,13,2,US-61 AIRLINE HWY,,115,29.97958056,-90.27936111,0,12,2,0,8,1,0,1,2,10,0,10,0,0000000,21,16,21,21,21,45,0,0,0,1,0
22,220205,1,1,0,0,0,1,1,45,0,19,4,2013,6,6,22,0,14,6,S. LEWIS STREET,,0,29.95788611,-91.83661944,0,34,0,0,1,1,0,4,4,1,0,1,0,0000000,6,18,6,27,88,88,0,0,0,1,1
22,220206,1,1,0,0,0,3,3,15,230,17,4,2013,4,18,43,1,11,1,I-220 EXIT RAMP,,140,32.5584,-93.6764,0,1,0,1,5,1,0,1,1,1,0,1,0,0000000,18,44,18,51,19,14,0,0,0,1,0
22,220207,2,2,0,0,0,2,2,95,2020,10,4,2013,4,4,38,0,14,2,US-61,,309,30.07695,-90.56568889,0,12,6,0,8,1,0,1,3,1,0,1,0,0000000,4,42,4,49,88,88,0,0,0,1,0
22,220208,1,1,0,1,1,0,0,103,2180,28,4,2013,1,20,17,1,13,2,US-11,,166,30.28833889,-89.77881944,0,10,0,0,6,1,0,1,2,2,0,2,0,725153H,20,21,20,31,88,88,15,19,0,1,0
22,220209,1,1,0,0,0,1,1,51,0,29,4,2013,2,12,44,1,11,1,I-10,,2297,29.99698056,-90.14711944,0,25,0,1,5,1,0,4,1,1,0,1,0,0000000,12,45,12,51,88,88,0,0,0,1,0
22,220210,2,2,0,0,0,3,3,29,0,1,5,2013,4,21,7,1,2,2,US-84,,167,31.60750278,-91.63307778,0,12,2,0,1,1,0,1,2,10,0,10,0,0000000,21,10,21,20,88,88,0,0,0,1,0
22,220211,1,1,0,0,0,4,4,5,0,4,5,2013,7,11,59,1,11,1,I-10,,1816,30.18415278,-90.90223611,0,42,0,0,1,1,0,3,1,1,0,1,0,0000000,12,0,12,14,12,31,0,0,0,1,0
22,220212,2,2,0,0,0,4,4,5,0,3,5,2013,6,18,42,0,15,3,SR-74,,47,30.24793056,-91.02908611,0,12,2,0,1,1,0,2,1,1,0,1,0,0000000,18,53,19,5,19,50,0,0,0,1,0
22,220213,2,2,0,0,0,4,4,109,0,5,5,2013,1,2,17,1,13,3,SR-24,,195,29.55351944,-90.61781944,0,7,0,0,1,1,0,4,3,1,0,1,0,0000000,2,20,2,27,2,48,0,0,0,1,2
22,220214,1,1,0,0,0,1,1,79,0,7,5,2013,3,7,0,1,1,1,I-49,,645,31.03708889,-92.41431944,0,42,0,0,1,1,0,4,1,1,0,1,0,0000000,7,12,7,23,7,58,0,0,0,1,0
22,220215,2,2,0,0,0,3,3,85,0,8,5,2013,4,6,38,0,4,3,SR-191,,321,31.50552222,-93.65069722,0,1,0,0,1,1,0,1,1,1,0,1,0,0000000,6,42,7,2,7,42,0,0,0,1,0
22,220216,2,2,0,0,0,2,2,105,0,8,5,2013,4,7,5,0,4,3,SR-40,PASSMAN ROAD,134,30.63572222,-90.40467222,0,12,6,0,3,3,0,1,1,1,0,1,0,0000000,7,5,7,12,88,88,0,0,0,1,0
22,220217,2,2,0,0,0,2,2,69,0,8,5,2013,4,17,10,1,1,1,I-49,,1500,31.84398056,-93.28888056,0,12,6,0,1,1,0,1,2,1,0,1,0,0000000,17,14,17,25,19,2,0,0,0,1,0
22,220218,1,1,0,0,0,2,2,77,0,9,5,2013,5,23,15,0,4,3,SR-415,,203,30.66051944,-91.34823056,0,38,0,0,1,1,0,4,2,1,0,1,0,0000000,23,19,23,31,88,88,0,0,0,2,1
22,220219,1,1,0,0,0,1,1,121,1920,2,3,2013,7,20,24,1,11,1,I-10 ENTRANCE RAMP,,1541,30.43858889,-91.20978056,0,23,0,1,5,1,0,4,2,1,0,1,0,0000000,20,21,20,31,20,57,0,0,0,1,0
22,220220,2,2,0,0,0,2,2,55,1230,15,3,2013,6,1,44,1,13,2,US-90,E. KALISTE SALOOM RD,1109,30.20083056,-91.99961111,0,12,6,0,2,2,0,1,3,1,0,1,0,0000000,1,44,1,47,2,26,0,0,0,1,1
22,220221,3,3,0,1,1,4,4,51,1545,14,4,2013,1,2,5,1,11,1,I-10,,2280,29.99843889,-90.17573889,0,12,1,0,1,1,0,1,3,2,0,2,0,0000000,2,7,2,15,3,22,23,0,0,1,0
22,220222,2,2,0,0,0,6,6,99,0,13,5,2013,2,9,5,0,14,3,SR-31,,267,30.31191944,-91.90835,0,12,1,0,1,1,0,1,1,1,0,1,0,0000000,9,6,9,18,88,88,0,0,0,1,0
22,220223,1,1,0,1,1,1,1,105,0,13,5,2013,2,20,37,0,4,3,SR-445,,99,30.57431111,-90.3319,0,8,0,0,1,1,0,1,2,1,0,1,0,0000000,20,41,20,59,88,88,0,0,0,1,0
22,220224,2,2,0,0,0,4,4,19,0,16,5,2013,5,6,45,0,6,3,SR-397,WARD LINE RD,29,30.06735278,-93.12856111,0,12,6,0,2,2,0,1,1,1,0,1,0,0000000,6,56,7,17,8,1,0,0,0,1,1
22,220225,2,2,0,0,0,3,3,51,0,18,5,2013,7,12,12,0,15,3,SR-45,SR-3134,126,29.77761944,-90.09991111,0,12,6,0,2,2,0,1,1,1,0,1,0,0000000,12,17,12,30,13,5,0,0,0,1,0
22,220226,1,1,0,0,0,2,2,73,0,20,5,2013,2,99,99,0,3,3,SR-15,,1340,32.4375,-92.04278056,0,38,0,0,1,1,0,4,2,1,0,1,0,0000000,7,7,7,15,7,42,0,0,0,1,0
22,220227,1,1,0,0,0,4,4,105,0,20,5,2013,2,16,35,0,5,3,SR-1054,,34,30.6922,-90.46955,0,1,0,0,1,1,0,4,1,1,0,1,0,0000000,16,38,16,46,17,18,0,0,0,1,0
22,220228,2,2,0,0,0,2,2,35,1260,19,1,2013,7,10,38,0,14,3,SR-883-2 GOULD BLVD,SECOND STREET,1,32.80453889,-91.18411944,0,12,6,0,2,2,0,1,1,1,0,1,0,0000000,10,39,10,57,11,0,0,0,0,1,0
22,220229,1,1,0,0,0,1,1,75,0,4,4,2013,5,22,30,0,6,5,SWALLOW LANE,,0,29.62457778,-89.95295,0,3,0,0,1,1,0,5,2,1,0,1,0,0000000,88,88,88,88,88,88,0,0,0,1,1
22,220230,2,2,0,0,0,4,4,19,0,1,3,2013,6,19,15,0,4,3,SR-109,,1,30.1614,-93.63793056,0,12,1,0,8,1,0,1,3,1,0,1,0,0000000,19,18,19,28,20,5,0,0,0,1,1
22,220231,1,1,0,1,1,1,1,103,0,10,3,2013,1,20,28,0,6,4,CR-CARROLL DR.,,0,30.54288889,-90.15263889,0,8,0,0,1,1,0,1,2,10,0,10,0,0000000,20,35,20,48,21,12,0,0,0,1,0
22,220232,1,1,0,0,0,1,1,43,0,21,5,2013,3,23,10,1,2,2,US-165,,971,31.48826944,-92.40461944,0,53,0,0,1,1,0,4,2,2,0,2,0,0000000,23,13,23,37,88,88,0,0,0,1,0
22,220233,2,2,0,0,0,2,2,11,0,22,5,2013,4,22,7,0,3,3,SR-26,,12,30.8159,-93.22365,0,12,6,0,1,1,0,1,2,1,0,1,0,0000000,22,11,22,46,23,23,0,0,0,1,1
22,220234,1,1,0,0,0,2,2,109,0,25,5,2013,7,5,13,0,6,4,CR-DEADWOOD RD,,0,29.70421111,-90.993625,0,42,0,0,1,1,0,4,2,1,0,1,0,0000000,5,23,5,43,6,46,0,0,0,1,1
22,220235,1,1,0,0,0,1,1,97,0,26,5,2013,1,17,39,1,1,1,I-49,,272,30.63526944,-92.04821944,0,42,0,0,1,1,0,4,1,1,0,1,0,0000000,17,40,17,50,88,88,0,0,0,1,0
22,220236,1,1,0,0,0,1,1,25,0,26,5,2013,1,1,10,0,6,4,CR-PARHAMS RD,,0,31.43205556,-91.75223889,0,1,0,0,1,1,0,4,2,1,0,1,0,0000000,1,19,1,51,88,88,0,0,0,1,1
22,220237,2,2,0,0,0,3,3,5,0,26,5,2013,1,13,0,1,13,3,SR-42,MANCHAC ACRES RD,180,30.32133056,-90.94306944,0,12,6,0,2,3,0,1,1,1,0,1,0,0000000,13,6,13,30,14,9,0,0,0,1,0
22,220238,4,4,0,0,0,4,4,105,0,26,5,2013,1,20,30,0,4,3,SR-445,,43,30.49659722,-90.34404167,0,12,1,0,1,1,0,1,2,1,0,1,0,0000000,20,38,20,56,88,88,14,0,0,1,1
22,220239,2,2,0,0,0,3,3,107,0,30,5,2013,5,9,52,0,5,3,SR-605,,11,31.9335,-91.21895,0,12,6,0,1,1,0,1,1,1,0,1,0,0000000,9,52,10,0,88,88,0,0,0,1,0
22,220240,1,1,0,0,0,1,1,61,0,31,5,2013,6,17,36,1,1,1,I-20,,972,32.52821111,-92.44351944,0,42,0,0,1,1,0,4,1,1,0,1,0,0000000,17,36,17,46,18,51,0,0,0,1,0
22,220241,2,2,0,0,0,2,2,17,2130,22,5,2013,4,18,10,0,14,3,SR-511,KLUG PINES,48,32.44228056,-93.86881944,0,12,6,0,2,2,0,1,1,1,0,1,0,0000000,18,12,18,20,18,42,0,0,0,1,0
22,220242,2,2,0,0,0,2,2,49,0,11,5,2013,7,20,11,0,4,3,SR-4,,513,32.22708889,-92.7333,0,1,0,0,8,1,0,1,2,1,0,1,0,0000000,20,13,20,17,20,39,0,0,0,1,0
22,220243,1,1,0,0,0,1,1,73,0,31,5,2013,6,8,48,1,1,1,I-20,,1088,32.5102,-92.2475,0,1,0,0,1,1,0,1,1,10,0,10,0,0000000,8,49,8,57,10,27,0,0,0,1,0
22,220244,1,1,0,1,1,1,1,87,350,17,4,2013,4,20,42,1,13,3,SR-47 PARIS ROAD,,7,29.94681111,-89.96166111,0,8,0,0,1,1,0,1,2,1,0,1,0,0000000,20,42,20,48,21,17,0,0,0,1,0
22,220245,2,2,0,0,0,2,2,33,150,23,4,2013,3,12,55,1,13,2,US-190 FLORIDA BLVD,LONGBOW,1845,30.46086944,-91.04475,0,12,6,0,2,2,0,1,1,1,0,1,0,0000000,99,99,99,99,99,99,0,0,0,1,0
22,220246,1,1,0,0,0,2,2,47,0,18,5,2013,7,12,35,0,4,3,SR-3000,,8,30.41073056,-91.50633889,0,35,0,0,1,1,0,4,1,1,0,1,0,0000000,12,42,13,7,13,52,0,0,0,1,1
22,220247,2,2,0,0,0,2,2,33,150,8,5,2013,4,8,22,1,13,3,SR-426,,20,30.4324,-91.07446944,0,12,6,0,8,1,0,1,1,1,0,1,0,0000000,8,23,8,33,8,58,0,0,0,1,0
22,220248,1,1,0,0,0,1,1,17,2130,17,5,2013,6,17,35,1,13,5,CLYDE FANT PKWY,,0,32.51333889,-93.74133056,0,52,0,0,1,1,0,4,1,1,0,1,0,0000000,17,35,17,39,18,0,0,0,0,1,0
22,220249,2,2,0,0,0,2,2,33,150,26,1,2013,7,4,7,1,13,3,SR-19,,23,30.5562,-91.17431944,0,12,6,0,8,1,0,1,2,5,0,5,0,0000000,4,9,4,14,88,88,0,0,0,1,1
22,220250,1,1,0,0,0,1,1,121,0,20,5,2013,2,16,15,0,14,3,SR-76,,235,30.45116111,-91.24288056,0,42,0,0,1,1,0,4,1,1,0,1,0,0000000,16,16,16,30,99,99,0,0,0,1,0
22,220251,1,1,0,1,1,1,1,33,150,1,6,2013,7,21,30,0,14,4,CR-GREENWELL SPRINGS,,0,30.46998056,-91.12595,0,8,0,0,1,1,0,1,3,1,0,1,0,0000000,21,34,21,41,21,54,0,0,0,1,0
22,220252,1,1,0,0,0,1,1,55,0,2,6,2013,1,2,20,0,6,4,CR-ST CLAIR RD,,0,30.30426944,-91.9752,0,59,0,0,1,1,0,4,2,1,0,1,0,0000000,3,6,3,21,88,88,0,0,0,1,0
22,220253,1,1,0,0,0,1,1,53,0,2,6,2013,1,20,52,0,6,3,SR-1131,,17,30.20891111,-92.88211111,0,34,0,0,1,1,0,4,2,1,0,1,0,0000000,20,52,21,23,88,88,0,0,0,1,1
22,220254,1,1,0,1,1,1,1,7,0,3,6,2013,2,21,58,0,14,3,SR-1,,963,29.87245,-90.98763889,0,8,0,0,1,1,0,1,3,1,0,1,0,0000000,21,58,22,8,88,88,0,0,0,1,0
22,220255,1,1,0,0,0,1,1,69,0,4,6,2013,3,22,32,0,6,4,CR-HICKS RD,,0,31.76263889,-93.14645,0,42,0,0,1,1,0,4,2,1,0,1,0,0000000,22,32,22,41,23,27,0,0,0,1,1
22,220256,2,2,0,0,0,5,5,55,1230,5,6,2013,4,8,59,1,13,3,SR-3073,SETTLERS TRACE,18,30.15986944,-92.05228889,0,12,6,0,2,2,0,1,1,10,0,10,0,0000000,8,59,9,6,9,50,0,0,0,1,0
22,220257,2,2,0,0,0,5,5,67,0,5,6,2013,4,17,13,1,13,2,US-165,,1989,32.77321944,-91.95241944,0,12,6,0,1,1,0,1,1,2,0,2,0,0000000,15,41,16,13,16,46,0,0,0,1,0
22,220258,1,1,0,0,0,1,1,49,0,6,6,2013,5,4,50,0,4,3,SR-34,,503,32.21701944,-92.48538056,0,18,0,0,1,1,0,1,2,2,0,2,0,0000000,4,57,5,20,88,88,0,0,0,1,0
22,220259,1,1,0,0,0,1,1,71,1690,6,6,2013,5,8,14,1,11,1,I-10,,2415,30.01111111,-90.01288889,0,30,0,0,1,1,0,4,1,1,0,1,0,0000000,99,99,99,99,88,88,0,0,0,1,0
22,220260,1,1,0,0,0,1,1,63,2350,16,6,2013,1,2,53,1,11,1,I-12,,159,30.47003056,-90.86656944,0,99,99,1,5,1,0,4,3,1,0,1,0,0000000,2,53,2,58,88,88,0,0,0,1,1
22,220261,2,2,0,0,0,8,8,55,1230,26,6,2013,4,13,17,1,13,2,US-90,MUDD AVE,1084,30.23316111,-92.01408889,0,12,6,0,2,2,0,1,1,1,0,1,0,0000000,13,18,13,21,13,38,0,0,0,1,0
22,220262,1,1,0,1,1,1,1,45,1680,3,6,2013,2,16,28,0,16,5,COURREGE ST,,0,30.0107,-91.83513889,0,8,0,0,1,1,0,1,1,1,0,1,0,0000000,16,27,16,33,16,59,0,0,0,1,0
22,220263,2,2,0,0,0,2,2,57,2250,21,6,2013,6,15,20,0,14,3,SR-308,,338,29.79848889,-90.80843889,0,12,1,0,1,1,0,1,1,1,0,1,0,0000000,15,28,15,31,15,48,0,0,0,1,0
22,220264,2,2,0,0,0,5,5,101,1600,30,6,2013,1,20,41,0,14,2,US-90,,22,29.6925,-91.16558889,0,12,2,0,1,1,0,1,2,1,0,1,0,0000000,20,37,20,42,21,17,0,0,0,1,0
22,220265,1,1,0,0,0,1,1,121,1920,24,6,2013,2,2,41,1,13,3,SR-1,,1497,30.43776111,-91.20858889,0,99,0,0,1,1,0,4,3,1,0,1,0,0000000,2,34,2,38,2,45,0,0,0,1,0
22,220266,2,2,0,0,0,6,6,99,0,7,6,2013,6,15,20,1,1,1,I-10,,1121,30.30361944,-91.88513889,0,54,11,0,1,1,0,1,1,1,0,1,0,0000000,15,28,15,37,16,59,14,0,0,1,0
22,220267,2,2,0,0,0,3,3,63,0,7,6,2013,6,18,6,0,4,3,SR-63,,210,30.60901111,-90.81033889,0,1,0,0,8,1,0,1,1,1,0,1,0,0000000,18,11,18,24,18,41,0,0,0,1,0
22,220268,2,2,0,0,0,2,2,55,0,8,6,2013,7,15,39,0,6,3,SR-720,,48,30.19541944,-92.18001389,0,12,7,0,1,1,0,1,1,10,0,10,0,0000000,15,42,15,53,16,17,0,0,0,1,2
22,220269,1,1,0,0,0,1,1,27,0,8,6,2013,7,21,37,0,4,3,SR-2,,126,32.97661111,-93.0962,0,42,0,0,1,1,0,4,2,1,0,1,0,0000000,21,51,22,21,23,30,0,0,0,1,1
22,220270,2,2,0,0,0,2,2,85,0,9,6,2013,1,7,35,0,4,3,SR-191,,121,31.3369,-93.56276111,0,12,6,0,1,1,0,1,1,1,0,1,0,0000000,7,39,7,54,88,88,0,0,0,1,1
22,220271,2,2,0,0,0,5,5,123,0,10,6,2013,2,18,10,0,6,4,CR-ROUNDHILL RD,,0,32.82738889,-91.50131111,0,12,1,0,1,1,0,1,1,1,0,1,0,0000000,18,13,18,29,19,15,0,0,0,1,0
22,220272,2,2,0,0,0,2,2,83,0,11,6,2013,3,10,45,0,4,2,US-80,,1434,32.48163056,-91.80671111,0,12,8,0,1,1,0,1,1,1,0,1,0,0000000,11,4,11,4,88,88,0,0,0,1,0
22,220273,1,1,0,0,0,1,1,29,0,11,6,2013,3,14,20,0,5,3,SR-566,,153,31.71989444,-91.55739167,0,1,0,0,1,1,0,4,1,1,0,1,0,0000000,88,88,88,88,88,88,0,0,0,1,0