STATE,ST_CASE,VE_TOTAL,VE_FORMS,PVH_INVL,PEDS,PERNOTMVIT,PERMVIT,PERSONS,COUNTY,CITY,DAY,MONTH,YEAR,DAY_WEEK,HOUR,MINUTE,NHS,ROAD_FNC,ROUTE,TWAY_ID,TWAY_ID2,MILEPT,LATITUDE,LONGITUD,SP_JUR,HARM_EV,MAN_COLL,RELJCT1,RELJCT2,TYP_INT,WRK_ZONE,REL_ROAD,LGT_COND,WEATHER1,WEATHER2,WEATHER,SCH_BUS,RAIL,NOT_HOUR,NOT_MIN,ARR_HOUR,ARR_MIN,HOSP_HR,HOSP_MN,CF1,CF2,CF3,FATALS,DRUNK_DR
22,220274,1,1,0,0,0,1,1,105,980,13,6,2013,5,10,27,1,11,1,I-55,,316,30.51033056,-90.5038,0,34,0,0,1,1,0,4,1,1,0,1,0,0000000,88,88,88,88,88,88,0,0,0,1,0
22,220275,2,2,0,1,1,2,2,91,0,15,6,2013,7,4,40,0,4,3,SR-43,,321,30.83966944,-90.66748056,0,12,8,0,1,1,0,1,2,1,0,1,0,0000000,88,88,88,88,88,88,0,0,0,1,0
22,220276,2,2,0,0,0,5,5,97,0,15,6,2013,7,20,22,1,2,2,US-190,,1241,30.54776111,-92.00173056,0,12,1,0,7,1,0,1,2,1,0,1,0,0000000,20,24,20,32,20,53,0,0,0,1,0
22,220277,2,2,0,0,0,3,3,39,0,16,6,2013,1,3,38,0,6,3,SR-757,,22,30.51728889,-92.4994,0,12,1,0,1,1,0,1,2,1,0,1,0,0000000,3,42,3,58,4,59,0,0,0,1,0
22,220278,1,1,0,0,0,1,1,113,0,17,6,2013,2,18,46,0,4,3,SR-82,,1176,29.84841389,-92.24360278,0,34,0,0,1,1,0,4,1,1,0,1,0,0000000,18,48,19,34,19,40,0,0,0,1,1
22,220279,1,1,0,0,0,2,2,73,0,18,6,2013,3,17,35,0,4,3,SR-134,,116,32.6265,-91.92326944,0,10,0,0,6,1,0,1,1,2,0,2,0,441318R,17,36,17,54,18,41,0,0,0,1,0
22,220280,1,1,0,0,0,1,1,119,0,18,6,2013,3,19,50,0,5,3,SR-518,,8,32.65016111,-93.2135,0,58,0,0,1,1,0,5,5,2,0,2,0,0000000,19,55,20,7,88,88,0,0,0,1,0
22,220281,2,2,0,0,0,4,4,19,0,21,6,2013,6,13,40,0,4,3,SR-109,SR-3063,25,30.19588056,-93.63821111,0,12,6,0,2,2,0,1,1,1,0,1,0,0000000,13,39,13,46,88,88,0,0,0,3,0
22,220282,2,2,0,0,0,3,3,67,0,23,6,2013,1,21,50,0,3,3,SR-2,,1579,32.76876111,-91.73211111,0,12,2,0,1,1,0,1,2,1,0,1,0,0000000,21,51,22,2,22,40,0,0,0,1,1
22,220283,2,2,0,1,1,2,2,99,0,22,6,2013,7,4,30,0,6,3,SR-3177,,17,30.30253889,-91.69086944,0,8,0,0,1,1,0,1,2,1,0,1,0,0000000,4,33,4,52,88,88,0,0,0,1,0
22,220284,2,2,0,0,0,3,3,41,0,22,6,2013,7,22,10,0,4,3,SR-4,RE KING ROAD,1350,32.15603056,-91.66381944,0,12,6,0,2,2,0,1,2,1,0,1,0,0000000,23,12,23,22,88,88,0,0,0,1,1
22,220285,2,2,0,0,0,3,3,105,0,23,6,2013,1,0,30,0,4,2,US-51,,621,30.90553889,-90.51233056,0,12,7,0,1,1,0,1,2,1,0,1,0,0000000,0,48,1,10,1,28,0,0,0,1,2
22,220286,1,1,0,0,0,1,1,31,0,25,6,2013,3,23,10,0,3,2,US-84,,123,31.97920833,-93.81212222,0,1,0,0,1,1,0,4,2,1,0,1,0,0000000,23,11,23,17,23,57,0,0,0,1,1
22,220287,2,2,0,0,0,4,4,73,0,26,6,2013,4,7,23,0,14,3,SR-594,,96,32.53055278,-91.99071111,0,12,7,0,1,1,0,1,1,1,0,1,0,0000000,7,23,7,35,8,0,0,0,0,1,0
22,220288,2,2,0,0,0,3,3,19,0,26,6,2013,4,15,55,0,16,3,SR-3256,,20,30.24357778,-93.08936389,0,1,0,0,8,1,0,1,1,1,0,1,0,0000000,15,57,16,21,16,47,0,0,0,1,0
22,220289,2,2,0,0,0,2,2,103,2180,26,6,2013,4,18,55,0,14,2,US-190-Y FREMEAUX AVENUE,BROOKTER RD,21,30.26871111,-89.75033056,0,1,0,0,2,3,0,1,1,1,0,1,0,0000000,88,88,88,88,88,88,14,0,0,1,0
22,220290,1,1,0,0,0,1,1,13,0,28,6,2013,6,11,46,1,1,1,I-20,,665,32.56666944,-92.96388889,0,42,0,0,1,1,0,4,1,1,0,1,0,0000000,12,5,12,9,88,88,0,0,0,1,0
22,220291,1,1,0,0,0,1,1,111,0,29,6,2013,7,22,0,0,6,4,CR-HEMLER ROAD,,0,32.67563056,-92.47688889,0,34,0,0,1,1,0,4,2,1,0,1,0,0000000,88,88,88,88,88,88,0,0,0,1,0
22,220292,2,2,0,0,0,2,2,33,150,9,6,2013,1,14,11,0,15,6,SYCAMORE STREET,N. FOSTER,0,30.49496111,-91.14068056,0,12,6,0,2,2,0,1,1,10,0,10,0,0000000,14,11,14,14,14,50,0,0,0,1,0
22,220293,1,1,0,0,0,1,1,1,0,30,6,2013,1,13,24,0,15,4,CR-STANDARD MILL RD,,0,30.21453056,-92.29961944,0,34,0,0,1,1,0,4,1,1,0,1,0,0000000,13,27,13,34,13,50,0,0,0,1,1
22,220294,1,1,0,0,0,1,1,47,0,6,6,2013,5,4,40,0,4,3,SR-75,,131,30.18453056,-91.3171,0,35,0,0,1,1,0,4,2,1,0,1,0,0000000,4,45,4,57,88,88,0,0,0,1,1
22,220295,1,1,0,0,0,2,2,71,1690,13,6,2013,5,21,0,1,13,6,ALMONASTER AVENUE,,0,30.00298889,-90.03043056,0,31,0,0,1,1,0,4,2,1,0,1,0,0000000,99,99,99,99,88,88,0,0,0,2,1
22,220296,3,3,0,0,0,5,5,105,0,14,6,2013,6,19,45,0,15,3,SR-1065,,42,30.56461111,-90.46185,0,1,0,0,8,1,0,1,5,1,0,1,0,0000000,20,0,20,16,88,88,14,0,0,1,1
22,220297,1,1,0,1,1,1,1,63,0,14,6,2013,6,23,35,0,15,3,SR-1024 CANE MARKET ROAD,,26,30.56039167,-90.93529722,0,8,0,0,1,1,0,1,2,1,0,1,0,0000000,23,38,23,51,88,88,0,0,0,1,0
22,220298,1,1,0,0,0,2,2,71,1690,15,6,2013,7,4,20,1,11,1,I-10,,2321,29.98803889,-90.11608889,0,5,0,0,1,1,0,1,3,1,0,1,0,0000000,99,99,99,99,88,88,0,0,0,1,1
22,220299,1,1,0,0,0,1,1,41,0,16,6,2013,1,20,0,0,15,3,SR-618,,13,32.17931944,-91.74531111,0,42,0,0,1,1,0,4,1,1,0,1,0,0000000,20,3,20,6,88,88,0,0,0,1,1
22,220300,1,1,0,0,0,1,1,71,1690,25,6,2013,3,21,0,1,11,1,I-610,,29,29.99296111,-90.07723056,0,23,0,1,19,1,0,3,2,1,0,1,0,0000000,99,99,99,99,88,88,0,0,0,1,1
22,220301,1,1,0,0,0,1,1,71,1690,30,6,2013,1,23,1,1,13,2,US-90,HOWARD AVE.,2581,29.9516,-90.0873,0,23,0,1,5,1,0,4,2,1,0,1,0,0000000,99,99,99,99,88,88,0,0,0,1,1
22,220302,1,1,0,0,0,1,1,17,0,17,6,2013,2,2,46,0,15,3,SR-169,,235,32.4755,-93.9789,0,34,0,0,1,1,0,4,2,10,0,10,0,0000000,99,99,99,99,88,88,2,0,0,1,1
22,220303,3,3,0,0,0,6,6,17,0,12,6,2013,4,17,18,0,14,4,CR-WOOLWORTH RD,,0,32.3862,-93.9001,0,12,8,0,1,1,0,1,1,1,0,1,0,0000000,17,18,17,26,18,5,0,0,0,1,0
22,220304,1,1,0,0,0,1,1,17,0,28,6,2013,6,22,12,0,3,2,US-79,,41,32.41183056,-93.99153889,0,53,0,0,1,1,0,4,2,1,0,1,0,0000000,22,13,22,18,22,43,0,0,0,1,1
22,220305,1,1,0,1,1,1,1,71,1690,5,7,2013,6,4,25,1,13,6,ST. CLAUDE AVENUE,MUSIC STREET,0,29.96911667,-90.05127778,0,8,0,0,1,1,0,1,3,10,0,10,0,0000000,99,99,99,99,88,88,0,0,0,1,0
22,220306,1,1,0,0,0,2,2,63,0,6,7,2013,7,1,3,0,6,4,CR-BURGESS ROAD,,0,30.51285278,-90.90031111,0,32,0,0,1,1,0,4,2,1,0,1,0,0000000,1,6,1,23,88,88,0,0,0,1,1
22,220307,2,2,0,1,1,1,1,71,1690,7,7,2013,1,0,44,1,11,1,I-10,LOUISA STREET INTERCHANGE,2399,30.00279167,-90.03544722,0,12,7,1,18,1,0,1,2,10,0,10,0,0000000,1,1,1,12,1,31,19,0,0,1,0
22,220308,2,2,0,0,0,5,5,33,150,15,7,2013,2,17,49,0,14,6,CENTRAL THRUWAY,S. CHOCTAW,0,30.4704,-91.0103,0,12,6,0,2,2,0,1,1,2,0,2,0,0000000,17,53,17,59,18,32,0,0,0,1,0
22,220309,1,1,0,0,0,2,2,79,40,22,7,2013,2,21,0,0,15,6,DIXIE LANE,,0,31.25405,-92.46608611,0,5,0,0,1,1,0,1,2,1,0,1,0,0000000,21,1,21,9,21,45,0,0,0,1,0
22,220310,1,1,0,1,1,1,1,33,150,12,7,2013,6,22,18,1,13,3,SR-427 PERKINS ROAD,,53,30.38915,-91.10525,0,8,0,0,1,1,0,1,3,1,0,1,0,0000000,22,19,22,27,22,45,0,0,0,1,0
22,220311,1,1,0,0,0,1,1,33,150,25,7,2013,5,9,49,1,11,1,I-110 FLORIDA BLVD EXIT RAMP,,9,30.4495,-91.1801,0,21,0,1,5,1,0,4,1,1,0,1,0,0000000,9,50,9,55,10,5,0,0,0,1,0
22,220312,2,2,0,0,0,2,2,51,1488,4,7,2013,5,8,7,0,14,3,SR-18 4TH STREET,NICHOLSON PL,751,29.90071944,-90.12073889,0,12,6,0,2,3,0,1,1,1,0,1,0,0000000,8,9,8,10,88,88,0,0,0,1,0
22,220313,2,2,0,0,0,4,4,55,0,21,7,2013,1,16,45,0,15,4,CR-ROBLEY DRIVE,,0,30.14091111,-92.08095,0,12,6,0,1,1,0,1,1,1,0,1,0,0000000,17,5,17,13,17,27,0,0,0,1,0
22,220314,1,1,0,0,0,2,2,55,1230,21,7,2013,1,12,14,1,11,1,I-10,I-49,1037,30.25911944,-92.01655,0,24,0,1,19,1,0,3,1,1,0,1,0,0000000,12,14,12,25,13,7,0,0,0,1,1
22,220315,1,1,0,1,1,2,2,79,40,21,7,2013,1,21,12,0,3,3,SR-1,,2618,31.28053056,-92.40651944,0,8,0,0,1,1,0,1,2,1,0,1,0,0000000,21,13,21,24,88,88,0,0,0,1,0
22,220316,1,1,0,0,0,1,1,119,2200,10,7,2013,4,4,39,0,6,4,CR-WALNUT ROAD,,0,32.99118056,-93.45116111,0,32,0,0,1,1,0,4,2,1,0,1,0,0000000,4,39,4,41,88,88,0,0,0,1,0
22,220317,2,2,0,0,0,4,4,63,2350,23,7,2013,3,23,30,1,11,1,I-12,,182,30.47386389,-90.82795,0,12,1,0,1,1,0,1,2,1,0,1,0,0000000,23,30,23,40,99,99,19,0,0,2,0
22,220318,1,1,0,0,0,1,1,33,150,3,7,2013,4,14,59,0,16,6,CADILLAC STREET,,0,30.5174,-91.1431,0,42,0,0,1,1,0,4,1,2,0,2,0,0000000,15,0,15,10,99,99,0,0,0,1,0
22,220319,1,1,0,1,1,3,3,87,1518,20,5,2013,2,13,25,1,13,3,SR-39,URANUS DRIVE,434,29.92116111,-89.90545,0,9,0,0,2,2,0,1,1,1,0,1,0,0000000,13,25,13,25,14,3,0,0,0,1,0
22,220320,1,1,0,0,0,4,4,95,800,12,5,2013,1,1,58,0,14,3,SR-44,,404,30.03823889,-90.61939444,0,53,0,0,1,1,0,4,3,10,0,10,0,0000000,1,59,2,2,3,32,0,0,0,2,1
22,220321,1,1,0,0,0,1,1,51,1545,6,6,2013,5,12,54,1,11,1,I-10 EXIT RAMP,CAUSEWAY BLVD,2292,29.99568889,-90.15698056,0,1,0,1,5,1,0,4,1,10,0,10,0,0000000,12,57,13,4,13,29,0,0,0,1,0
22,220322,1,1,0,1,1,2,2,99,0,30,6,2013,1,2,20,1,1,1,I-10,,1117,30.30165278,-91.89321944,0,8,0,0,1,1,0,2,2,1,0,1,0,0000000,2,21,2,32,2,57,23,0,0,1,1
22,220323,1,1,0,0,0,1,1,39,0,30,6,2013,1,11,25,0,3,3,SR-10,,658,30.70035556,-92.34218056,0,32,0,0,1,1,0,4,1,1,0,1,0,0000000,11,26,11,37,11,57,0,0,0,1,1
22,220324,2,2,0,0,0,2,2,95,0,15,3,2013,6,18,13,1,11,1,I-10,,2089,30.09463889,-90.46183056,0,12,1,0,1,1,0,1,1,1,0,1,0,0000000,18,16,18,17,18,41,23,0,0,1,0
22,220325,2,2,0,0,0,3,3,103,0,1,7,2013,2,15,24,0,5,3,SR-435,MONEY HILL ROAD,67,30.51671944,-89.94103056,0,12,2,0,2,3,0,1,1,1,0,1,0,0000000,15,28,15,33,88,88,0,0,0,1,0
22,220326,1,1,0,0,0,1,1,17,0,2,7,2013,3,22,45,1,13,3,SR-1,,4016,32.6214,-93.8829,0,59,0,0,1,1,0,3,2,1,0,1,0,0000000,22,45,22,50,23,12,0,0,0,1,1
22,220327,1,1,0,0,0,1,1,109,1070,5,7,2013,6,2,20,0,14,3,SR-311,,29,29.60363056,-90.76473889,0,30,0,0,1,1,0,4,2,99,0,99,0,0000000,2,36,2,46,88,88,0,0,0,1,1
22,220328,1,1,0,0,0,1,1,3,0,20,7,2013,7,3,50,0,6,4,CR-SAM CLOUD ROAD,,0,30.87436111,-92.70272222,0,1,0,0,1,1,0,4,2,1,0,1,0,0000000,3,54,4,6,88,88,0,0,0,1,1
22,220329,1,1,0,0,0,1,1,5,0,20,7,2013,7,4,19,0,15,3,SR-621,,18,30.26915278,-90.95500556,0,32,0,0,1,1,0,4,2,1,0,1,0,0000000,4,32,4,39,4,56,0,0,0,1,1
22,220330,2,2,0,0,0,2,2,9,0,11,7,2013,5,6,55,0,3,3,SR-1,,2237,31.03561111,-91.95118889,0,12,2,0,1,1,0,1,1,10,0,10,0,0000000,7,2,7,15,88,88,0,0,0,2,1
22,220331,1,1,0,0,0,1,1,9,0,5,7,2013,6,3,39,0,4,3,SR-107,,497,31.24916944,-92.20791111,0,32,0,0,1,1,0,4,2,1,0,1,0,0000000,3,43,4,0,88,88,0,0,0,1,1
22,220332,1,1,0,1,1,1,1,33,0,13,7,2013,7,23,35,0,3,3,SR-67,,1903,30.70838056,-91.08065,0,8,0,0,1,1,0,1,2,1,0,1,0,0000000,99,99,99,99,88,88,0,0,0,1,0
22,220333,2,2,0,0,0,2,2,53,0,8,7,2013,2,6,0,1,1,1,I-10,,573,30.24708889,-92.78231111,0,43,0,0,1,1,0,3,1,1,0,1,0,0000000,6,1,6,11,88,88,0,0,0,1,0
22,220334,3,3,0,0,0,6,6,55,0,4,7,2013,5,21,6,0,14,2,US-90,,1011,30.2349,-92.13451944,0,12,6,0,1,1,0,1,2,1,0,1,0,0000000,21,15,21,27,22,4,0,0,0,2,1
22,220335,1,1,0,0,0,1,1,57,795,28,7,2013,1,0,45,0,15,3,SR-308,,781,29.43798889,-90.29871944,0,1,0,0,1,1,0,5,2,1,0,1,0,0000000,0,47,1,1,88,88,0,0,0,1,1
22,220336,1,1,0,0,0,1,1,57,850,21,7,2013,1,7,20,0,15,3,SR-308,,807,29.40538333,-90.27283333,0,53,0,0,1,1,0,4,1,10,0,10,0,0000000,7,20,7,26,7,45,0,0,0,1,1
22,220337,2,2,0,0,0,2,2,57,0,11,7,2013,5,0,5,0,14,3,SR-316,,12,29.69891944,-90.76956111,0,12,6,0,1,1,0,1,3,1,0,1,0,0000000,0,9,0,19,0,44,0,0,0,1,0
22,220338,2,2,0,0,0,2,2,57,0,23,7,2013,3,18,14,0,15,3,SR-316,,148,29.57988889,-90.60778889,0,12,2,0,1,1,0,1,1,1,0,1,0,0000000,18,19,18,26,18,56,0,0,0,1,0
22,220339,2,2,0,0,0,3,3,63,0,25,7,2013,5,7,52,0,4,2,US-190,SOUTH SATSUMA ROAD,1996,30.50256944,-90.80356111,0,12,6,0,2,3,0,1,1,1,0,1,0,0000000,7,56,8,1,8,40,0,0,0,1,0
22,220340,1,1,0,0,0,1,1,73,0,4,7,2013,5,20,52,0,4,3,SR-557,PINE BLUFF RD,84,32.32650278,-92.22196667,0,59,0,0,1,1,0,4,2,1,0,1,0,0000000,20,50,21,6,88,88,0,0,0,1,1
22,220341,1,1,0,0,0,2,2,83,0,28,7,2013,1,20,53,0,4,3,SR-134,,299,32.59508056,-91.63673889,0,11,0,0,1,1,0,1,2,1,0,1,0,0000000,20,53,21,18,22,25,0,0,0,1,0
22,220342,1,1,0,0,0,5,5,87,0,13,7,2013,7,22,30,0,14,3,SR-39 ST. BERNARD PKWY,,366,29.86391111,-89.90605,0,34,0,0,1,1,0,4,2,1,0,1,0,0000000,22,38,22,46,23,53,0,0,0,1,1
22,220343,2,2,0,0,0,3,3,93,0,29,7,2013,2,11,14,0,4,3,SR-20,,355,29.99031111,-90.72365,0,12,6,0,8,1,0,1,1,10,0,10,0,0000000,11,19,11,28,12,24,0,0,0,1,0
22,220344,1,1,0,1,1,5,5,97,0,20,7,2013,7,23,45,0,5,3,SR-358,,125,30.45147222,-92.14816389,0,8,0,0,1,1,0,1,2,1,0,1,0,0000000,23,48,23,50,88,88,0,0,0,1,1
22,220345,1,1,0,1,1,1,1,103,2180,24,7,2013,4,22,36,0,14,2,US-190,CROSSGATES BLVD,2746,30.28901111,-89.7283,0,8,0,0,2,2,0,1,3,1,0,1,0,0000000,22,36,22,42,23,5,0,0,0,1,1
22,220346,1,1,0,0,0,1,1,105,757,11,7,2013,5,21,0,0,4,2,US-51,SR-10,565,30.82480556,-90.51096389,0,35,0,0,3,3,0,4,2,10,0,10,0,0000000,21,7,21,10,88,88,0,0,0,1,0
22,220347,1,1,0,0,0,1,1,109,0,7,7,2013,1,18,35,0,14,3,SR-182,,247,29.5909,-90.82398056,0,42,0,0,1,1,0,4,1,2,0,2,0,0000000,18,36,18,52,88,88,0,0,0,1,0
22,220348,1,1,0,1,1,1,1,109,2117,16,7,2013,3,7,2,1,13,3,SR-20,,142,29.76411111,-90.81591944,0,8,0,0,1,1,0,2,1,1,0,1,0,0000000,7,4,7,10,7,25,0,0,0,1,0
22,220349,1,1,0,0,0,2,2,111,0,19,7,2013,6,20,20,0,4,3,SR-143,,272,32.76258056,-92.13563056,0,11,0,0,1,1,0,1,2,1,0,1,0,0000000,20,23,20,29,88,88,0,0,0,2,0
22,220350,2,2,0,0,0,3,3,63,570,27,7,2013,7,20,47,0,14,3,SR-64,CR-MAGNOLIA GARDEN CT.,196,30.53461944,-90.96656111,0,12,2,0,2,3,0,1,2,1,0,1,0,0000000,21,55,22,0,22,20,0,0,0,2,0
22,220351,2,2,0,0,0,2,2,55,260,31,7,2013,4,21,54,0,16,3,SR-89,LA NEUVILLE RD,159,30.14448889,-91.99166111,0,12,2,0,2,2,0,1,3,1,0,1,0,0000000,21,55,22,0,22,20,0,0,0,1,1
22,220352,2,2,0,0,0,2,2,71,1690,10,2,2013,1,23,13,1,13,3,SR-39 N. CLAIBORNE AVE,GALLIER ST,502,29.97166111,-90.03811111,0,12,6,0,2,2,0,1,3,10,0,10,0,0000000,99,99,99,99,88,88,0,0,0,1,1
22,220353,1,1,0,0,0,1,1,71,1690,19,5,2013,1,1,26,1,11,1,I-10,,2341,29.9631,-90.10165,0,24,0,1,5,1,0,5,3,1,0,1,0,0000000,1,28,99,98,88,88,0,0,0,1,1
22,220354,2,2,0,0,0,5,5,71,1690,30,3,2013,7,15,30,1,13,3,SR-46 ST. CLAUDE AVE,DESIRE ST,13,29.96691111,-90.04046944,0,12,6,0,2,2,0,1,1,1,0,1,0,0000000,15,30,15,45,16,20,0,0,0,1,0
22,220355,1,1,0,0,0,1,1,55,260,2,6,2013,1,22,32,0,15,5,ALBERTSON PKWY,,0,30.13828056,-91.97161111,0,34,0,0,1,1,0,5,2,1,0,1,0,0000000,22,33,22,40,23,19,0,0,0,1,1
22,220356,2,2,0,0,0,2,2,99,9898,26,6,2013,4,12,27,0,4,3,SR-92,,498,30.0886,-91.90631111,0,10,0,0,6,1,0,1,1,1,0,1,0,767694B,12,32,12,44,14,18,0,0,0,1,0
22,220357,1,1,0,0,0,1,1,55,260,6,7,2013,7,1,99,0,15,3,SR-96,,7,30.13076944,-91.93196944,0,35,0,0,1,1,0,4,2,10,0,10,0,0000000,9,4,9,11,88,88,0,0,0,1,1
22,220358,1,1,0,0,0,1,1,105,1910,9,7,2013,3,99,99,0,4,3,SR-22,FIRETOWER RD,588,30.44019167,-90.27771111,0,34,0,0,3,3,0,5,2,1,0,1,0,0000000,4,30,4,47,5,20,0,0,0,1,1
22,220359,1,1,0,0,0,3,3,67,9898,12,7,2013,6,0,13,0,14,3,SR-830-4,,14,32.79051944,-91.87576944,0,43,0,0,1,1,0,5,2,1,0,1,0,0000000,0,14,0,19,0,39,20,0,0,1,0
22,220360,1,1,0,0,0,1,1,97,1800,15,7,2013,2,5,52,0,15,3,SR-357,,81,30.52106944,-92.10678056,0,1,0,0,1,1,0,4,2,1,0,1,0,0000000,6,3,6,12,88,88,0,0,0,1,1
22,220361,1,1,0,0,0,1,1,117,210,16,7,2013,3,21,15,0,4,3,SR-1075,MITCHELL ROAD,20,30.69573889,-89.88846111,0,42,0,0,3,3,0,4,2,1,0,1,0,0000000,21,19,21,28,21,58,0,0,0,1,1
22,220362,2,2,0,0,0,4,4,71,1690,17,7,2013,4,23,20,1,11,1,I-10,,2363,29.96341111,-90.07406944,0,12,1,0,1,1,0,1,3,1,0,1,0,0000000,23,99,23,99,99,99,0,0,0,1,1
22,220363,2,2,0,0,0,2,2,89,9898,17,7,2013,4,6,3,0,3,3,SR-3127,SR-3142,355,29.97031111,-90.46013056,0,12,6,0,2,3,0,1,4,1,0,1,0,0000000,6,5,6,23,6,56,0,0,0,1,0
22,220364,2,2,0,0,0,3,3,97,1930,24,7,2013,4,18,17,0,6,4,CR-COURTABLEAU RD,,0,30.55811944,-91.92363889,0,12,2,0,8,1,0,1,1,1,0,1,0,0000000,18,39,18,58,19,29,0,0,0,1,1
22,220365,1,1,0,0,0,1,1,105,0,25,7,2013,5,4,27,0,6,4,CR-S. BILLVILLE RD,,0,30.45891111,-90.53561944,0,30,0,0,1,1,0,4,2,1,0,1,0,0000000,4,27,4,40,88,88,0,0,0,1,0
22,220366,2,2,0,0,0,4,4,103,2180,28,7,2013,1,21,31,0,13,6,NASSAU DR,RIVIERA DR,0,30.25546944,-89.79085,0,12,6,0,2,2,0,1,3,1,0,1,0,0000000,21,36,21,42,1,54,0,0,0,1,1
22,220367,1,1,0,0,0,1,1,81,500,30,7,2013,3,99,99,0,6,4,CR-DOC MARTIN RD,,0,32.17444167,-93.22923889,0,35,0,0,1,1,0,4,9,1,0,1,0,0000000,0,45,1,29,88,88,0,0,0,1,0
22,220368,1,1,0,0,0,1,1,95,1270,28,4,2013,1,13,25,1,13,3,SR-3188,,17,30.09853889,-90.50576111,0,33,0,0,1,1,0,3,1,10,0,10,0,0000000,13,34,13,39,13,51,0,0,0,1,0
22,220369,2,2,0,0,0,2,2,95,1270,3,6,2013,2,8,40,0,14,2,US-61,,253,30.06286944,-90.47521389,0,12,7,0,1,1,0,1,1,1,0,1,0,0000000,8,47,8,55,99,99,0,0,0,1,0
22,220370,2,1,1,0,0,2,2,97,1930,19,7,2013,6,23,0,0,6,3,SR-103,,312,30.56598889,-91.95333056,0,32,0,0,1,1,0,5,2,1,0,1,0,0000000,23,25,23,30,99,99,14,0,0,1,1
22,220371,1,1,0,1,1,1,1,113,1180,30,7,2013,3,2,18,0,6,3,SR-700,,23,30.04031944,-92.24183056,0,8,0,0,1,1,0,1,2,1,0,1,0,0000000,2,20,2,32,88,88,0,0,0,1,0
22,220372,2,2,0,0,0,5,5,85,9898,13,7,2013,7,11,59,0,4,3,SR-191,LITTLE FLOCK RD,163,31.38655556,-93.59271389,0,12,6,0,2,2,0,1,1,1,0,1,0,0000000,12,2,12,28,13,38,0,0,0,1,0
22,220373,1,1,0,0,0,3,3,5,870,1,8,2013,5,13,4,1,11,1,I-10,,1804,30.19258056,-90.91878889,0,52,0,0,1,1,0,4,1,1,0,1,0,0000000,13,5,13,8,13,52,0,0,0,1,0
22,220374,1,1,0,1,1,1,1,51,1005,2,8,2013,6,22,15,0,14,6,DESTREHAN AVE,,0,29.88516944,-90.07661944,0,8,0,0,1,1,0,1,2,1,0,1,0,0000000,22,16,22,20,88,88,0,0,0,1,1
22,220375,1,1,0,0,0,1,1,17,2130,3,8,2013,7,17,1,0,14,4,CR-PINEHILL RD,,0,32.58376944,-93.82558889,0,42,0,0,1,1,0,4,1,1,0,1,0,0000000,88,88,88,88,88,88,0,0,0,1,1
22,220376,1,1,0,0,0,1,1,73,1560,6,8,2013,3,22,7,0,14,3,SR-594,MEADOW LARK,71,32.49505,-91.99041111,0,34,0,0,3,2,0,4,2,1,0,1,0,0000000,22,7,22,16,22,59,0,0,0,1,0
22,220377,1,1,0,0,0,1,1,47,2082,8,8,2013,5,19,2,0,14,3,SR-30,,108,30.30191944,-91.11931944,0,23,0,0,1,1,0,4,2,1,0,1,0,0000000,19,2,99,97,99,97,0,0,0,1,0
22,220378,1,1,0,0,0,1,1,109,1070,10,8,2013,7,4,15,0,14,3,SR-182,,193,29.57435,-90.7553,0,42,0,0,1,1,0,4,2,1,0,1,0,0000000,4,25,99,97,99,97,0,0,0,1,0
22,220379,1,1,0,1,1,1,1,33,150,16,8,2013,6,20,20,0,14,6,TIGER BEND RD,,0,30.38871111,-91.00325,0,8,0,0,1,1,0,4,3,10,0,10,0,0000000,20,21,20,21,20,48,0,0,0,1,0
22,220380,2,2,0,0,0,2,2,79,40,18,8,2013,1,11,54,1,13,2,US-71,RICHARD AVE,642,31.25556111,-92.44133056,0,12,6,0,2,2,0,1,1,1,0,1,0,0000000,11,54,12,1,12,29,0,0,0,1,0
22,220381,2,2,0,0,0,3,3,57,1280,23,8,2013,6,15,5,0,14,3,SR-657,SR-3235,0,29.56229722,-90.37822222,0,12,6,0,2,2,0,1,1,10,0,10,0,0000000,15,8,15,25,16,1,0,0,0,1,0
22,220382,2,2,0,0,0,2,2,33,150,24,8,2013,7,18,40,0,14,6,JOOR RD,,0,30.55268056,-91.05178056,0,12,6,0,8,1,0,1,1,1,0,1,0,0000000,99,99,99,99,99,99,0,0,0,1,0
22,220383,2,2,0,0,0,2,2,33,150,29,8,2013,5,5,52,0,16,6,PETROLEUM DR,,0,30.35131111,-91.02071111,0,12,6,0,8,1,0,1,3,1,0,1,0,0000000,5,54,6,1,6,33,0,0,0,1,0
22,220384,2,2,0,0,0,2,2,109,1070,30,8,2013,6,23,44,1,13,3,SR-661,,24,29.59631111,-90.69593889,0,12,6,0,8,1,0,1,3,1,0,1,0,0000000,23,45,23,58,0,1,0,0,0,1,1
22,220385,1,1,0,1,1,0,0,69,1650,31,8,2013,7,3,3,0,15,5,HOWELL ST,,0,31.76021111,-93.09836111,0,8,0,0,1,1,0,1,3,1,0,1,0,0000000,3,8,99,97,99,97,0,0,0,1,0
22,220386,1,1,0,0,0,1,1,17,9898,1,7,2013,2,11,23,0,16,4,CR-CAPPS CITY RD,,0,33.0069,-93.9988,0,32,0,0,1,1,0,4,1,1,0,1,0,0000000,11,35,11,56,12,33,0,0,0,1,0