STATE,ST_CASE,VE_TOTAL,VE_FORMS,PVH_INVL,PEDS,PERNOTMVIT,PERMVIT,PERSONS,COUNTY,CITY,DAY,MONTH,YEAR,DAY_WEEK,HOUR,MINUTE,NHS,ROAD_FNC,ROUTE,TWAY_ID,TWAY_ID2,MILEPT,LATITUDE,LONGITUD,SP_JUR,HARM_EV,MAN_COLL,RELJCT1,RELJCT2,TYP_INT,WRK_ZONE,REL_ROAD,LGT_COND,WEATHER1,WEATHER2,WEATHER,SCH_BUS,RAIL,NOT_HOUR,NOT_MIN,ARR_HOUR,ARR_MIN,HOSP_HR,HOSP_MN,CF1,CF2,CF3,FATALS,DRUNK_DR
22,220387,2,2,0,0,0,2,2,63,0,2,8,2013,6,9,59,0,4,3,SR-22,,181,30.25684167,-90.76836389,0,12,6,0,8,1,0,1,1,1,0,1,0,0000000,10,1,10,16,99,99,0,0,0,1,0
22,220388,2,2,0,0,0,3,3,101,0,4,8,2013,1,13,0,0,6,4,CR-MARTIN RIDGE ROAD,,0,29.87013889,-91.45448056,0,12,8,0,1,1,0,1,1,1,0,1,0,0000000,88,88,88,88,88,88,0,0,0,1,0
22,220389,1,1,0,0,0,1,1,39,0,4,8,2013,1,19,5,0,5,3,SR-1161,,52,30.67080278,-92.30563611,0,1,0,0,1,1,0,4,1,1,0,1,0,0000000,19,5,19,6,88,88,0,0,0,1,1
22,220390,1,1,0,1,1,1,1,109,0,4,8,2013,1,1,48,0,3,3,SR-24 BOURG LAROSE HWY,,233,29.55548056,-90.56543056,0,8,0,0,1,1,0,1,2,1,0,1,0,0000000,1,52,2,1,88,88,0,0,0,1,0
22,220391,2,2,0,0,0,2,2,121,0,9,8,2013,6,0,10,1,2,2,US-190,,1662,30.50011389,-91.30928611,0,12,1,0,1,1,0,1,2,1,0,1,0,0000000,0,17,0,36,88,88,0,0,0,1,1
22,220392,3,2,1,0,0,4,4,109,160,10,8,2013,7,1,24,0,14,3,SR-182,,146,29.61176944,-90.71283056,0,12,6,0,4,1,0,1,2,1,0,1,0,0000000,1,29,1,38,88,88,0,0,0,1,2
22,220393,1,1,0,0,0,1,1,9,0,11,8,2013,1,11,40,0,14,3,SR-1,,2357,31.13811944,-92.09101111,0,53,0,0,1,1,0,4,1,1,0,1,0,0000000,11,48,12,0,88,88,0,0,0,1,1
22,220394,2,1,1,2,4,1,3,13,0,12,8,2013,2,0,45,1,1,1,I-20,,626,32.56118056,-93.0303,0,14,0,0,1,1,0,2,2,1,0,1,0,0000000,0,50,1,1,2,35,0,0,0,3,0
22,220395,2,2,0,0,0,2,2,73,0,14,8,2013,4,21,25,1,1,1,I-20,,1255,32.48701944,-91.96828889,0,12,1,0,1,1,0,1,2,1,0,1,0,0000000,21,27,21,38,88,88,0,0,0,1,0
22,220396,2,2,0,0,0,4,4,93,0,18,8,2013,1,17,54,0,4,3,SR-18 RIVER ROAD,,92,30.08236389,-90.91304722,0,12,2,0,1,1,0,1,1,10,0,10,0,0000000,17,57,18,14,20,1,0,0,0,1,1
22,220397,2,2,0,0,0,2,2,15,1010,22,8,2013,5,7,37,0,5,3,SR-527,JOHNSON KORAN RD,90,32.42565,-93.45595,0,12,6,0,2,2,0,1,1,1,0,1,0,0000000,7,40,7,44,88,88,0,0,0,1,0
22,220398,5,4,1,0,0,4,4,89,1358,4,8,2013,1,20,10,0,15,3,SR-52 PAUL MAILLARD RD,POST DR,21,29.92781111,-90.36928889,0,12,6,0,2,3,0,1,5,1,0,1,0,0000000,20,31,20,37,20,48,0,0,0,1,1
22,220399,1,1,0,0,0,1,1,81,500,6,8,2013,3,99,99,0,5,3,SR-784,,59,32.0239,-93.20606944,0,42,0,0,1,1,0,5,2,1,0,1,0,0000000,7,1,7,14,88,88,0,0,0,1,0
22,220400,1,1,0,1,1,1,1,109,2117,18,8,2013,1,19,56,0,14,3,SR-20,,111,29.74006944,-90.82993056,0,8,0,0,1,1,0,2,2,10,0,10,0,0000000,19,56,20,8,88,88,0,0,0,1,0
22,220401,1,1,0,0,0,2,2,15,2130,19,8,2013,2,20,18,0,15,3,SR-527,,11,32.39366111,-93.57806111,0,35,0,0,1,1,0,5,2,1,0,1,0,0000000,20,22,20,29,21,3,0,0,0,1,1
22,220402,2,1,1,0,0,2,2,3,1210,22,8,2013,5,23,3,0,16,5,LAUDERDALE WOODYARD,,0,30.49716111,-92.7736,0,34,0,0,1,1,0,5,2,1,0,1,0,0000000,23,3,23,27,23,51,0,0,0,1,1
22,220403,1,1,0,0,0,1,1,115,1300,25,8,2013,1,23,15,0,15,3,SR-1211,,20,31.09421111,-93.29096111,0,42,0,0,1,1,0,4,2,1,0,1,0,0000000,23,20,23,41,88,88,0,0,0,1,0
22,220404,1,1,0,0,0,1,1,91,940,27,8,2013,3,99,99,0,4,3,SR-37,,390,30.78646944,-90.70078889,0,32,0,0,1,1,0,4,1,1,0,1,0,0000000,99,99,99,99,88,88,0,0,0,1,1
22,220405,1,1,0,0,0,2,2,115,2060,30,8,2013,6,13,43,0,5,3,SR-1146,,40,30.90133889,-93.23323889,0,1,0,0,1,1,0,5,1,1,0,1,0,0000000,14,5,14,36,15,8,0,0,0,1,0
22,220406,2,2,0,0,0,4,4,53,1140,30,8,2013,6,18,27,0,3,3,SR-26,,566,30.3502,-92.67076111,0,12,6,0,8,1,0,1,1,1,0,1,0,0000000,18,27,18,41,19,4,0,0,0,1,0
22,220407,1,1,0,1,1,2,2,15,665,30,8,2013,6,20,13,0,15,3,SR-527,,49,32.41811944,-93.52348056,0,8,0,0,1,1,0,1,2,1,0,1,0,0000000,20,13,20,16,88,88,0,0,0,1,0
22,220408,1,1,0,0,0,7,7,125,2080,31,8,2013,7,21,45,0,5,3,SR-421,,112,30.92103889,-91.29491944,0,34,0,0,1,1,0,4,2,1,0,1,0,0000000,21,34,21,41,23,8,0,0,0,1,0
22,220409,1,1,0,0,0,2,2,5,1953,31,8,2013,7,22,0,1,11,1,I-10,,1694,30.32473889,-91.00865,0,52,0,0,1,1,0,4,2,1,0,1,0,0000000,22,6,22,23,22,51,0,0,0,1,1
22,220410,2,2,0,0,0,3,3,53,670,1,9,2013,1,6,28,0,3,2,US-190,SR-99,770,30.48166111,-92.77448056,0,12,6,0,2,2,0,1,4,1,0,1,0,0000000,6,39,6,55,7,34,0,0,0,1,0
22,220411,2,2,0,0,0,3,3,5,1953,1,9,2013,1,11,50,1,13,2,US-61,SR-73,617,30.30306111,-90.97235,0,12,6,0,2,2,0,1,1,1,0,1,0,0000000,12,12,12,20,12,47,0,0,0,1,0
22,220412,1,1,0,0,0,3,3,85,0,1,9,2013,1,23,32,0,6,4,CR-PLAINVIEW ROAD,,0,31.43723611,-93.451225,0,1,0,0,1,1,0,4,2,1,0,1,0,0000000,23,44,23,55,0,34,0,0,0,1,1
22,220413,1,1,0,0,0,2,2,103,2180,2,9,2013,2,20,35,1,11,1,I-10,,2656,30.26626111,-89.75613056,0,59,0,0,1,1,0,4,2,1,0,1,0,0000000,20,55,21,7,21,31,0,0,0,1,1
22,220414,1,1,0,0,0,1,1,69,0,5,8,2013,2,15,33,0,6,4,CR-HOLMAN LOOP,,0,31.96511111,-93.16103056,0,42,0,0,1,1,0,4,1,1,0,1,0,0000000,15,34,15,41,16,26,0,0,0,1,0
22,220415,1,1,0,0,0,1,1,115,0,6,8,2013,3,3,30,0,5,3,SR-464,,191,31.11105278,-93.38995556,0,42,0,0,1,1,0,4,2,1,0,1,0,0000000,3,26,3,53,88,88,0,0,0,1,1
22,220416,1,1,0,1,1,1,1,19,0,3,9,2013,3,2,55,1,1,1,I-10,,175,30.21061944,-93.43436944,0,8,0,0,1,1,0,1,2,1,0,1,0,0000000,3,0,3,19,88,88,23,0,0,1,0
22,220417,2,2,0,0,0,2,2,99,1026,3,9,2013,3,9,18,1,1,1,I-10,,1172,30.32091111,-91.80451944,0,12,99,0,1,1,0,1,1,1,0,1,0,0000000,9,19,9,26,88,88,0,0,0,2,0
22,220418,2,2,0,0,0,3,3,51,1545,3,9,2013,3,11,21,1,13,3,SR-3152,,36,29.99496944,-90.18208056,0,59,0,1,5,1,0,4,1,1,0,1,0,0000000,11,20,11,23,11,44,0,0,0,2,0
22,220419,2,2,0,0,0,3,3,19,1250,3,9,2013,3,22,35,1,11,1,I-210,,68,30.19691111,-93.2097,0,12,1,0,1,1,0,1,6,1,0,1,0,0000000,22,40,22,41,23,20,0,0,0,2,0
22,220420,1,1,0,0,0,1,1,103,0,4,9,2013,4,11,10,1,1,1,I-12,,546,30.47618889,-90.23006944,0,42,0,0,1,1,0,3,1,1,0,1,0,0000000,11,12,11,24,12,23,0,0,0,1,0
22,220421,1,1,0,0,0,1,1,51,2420,6,9,2013,6,19,5,1,12,2,US-90-B,DRAKE AVE,20,29.90325,-90.15325,0,1,0,0,3,2,0,1,5,1,0,1,0,0000000,19,10,19,15,88,88,0,0,0,1,0
22,220422,1,1,0,1,1,1,1,71,1690,6,9,2013,6,20,36,0,14,6,CITY PARK AVENUE,TOULOUSE ST.,0,29.98378056,-90.10501111,0,8,0,0,2,2,0,1,3,1,0,1,0,0000000,20,42,99,99,99,99,0,0,0,1,0
22,220423,2,2,0,0,0,4,4,45,0,7,9,2013,7,21,2,0,15,3,SR-344,SR-677,5,30.01968056,-91.77433056,0,12,6,0,2,3,0,1,3,1,0,1,0,0000000,21,9,21,17,21,45,0,0,0,1,1
22,220424,1,1,0,1,1,1,1,105,0,7,9,2013,7,8,30,1,1,1,I-12,,454,30.4791,-90.3721,0,8,0,0,1,1,0,1,1,1,0,1,0,0000000,8,31,8,44,88,88,0,0,0,1,0
22,220425,2,2,0,0,0,7,7,5,1953,7,9,2013,7,10,5,0,16,3,SR-930,HENRY RD,5,30.30598889,-90.95568889,0,12,6,0,2,2,0,1,1,1,0,1,0,0000000,10,10,10,20,10,59,0,0,0,1,0
22,220426,2,2,0,0,0,3,3,57,1280,9,9,2013,2,5,53,0,14,3,SR-657,SR-3235,0,29.56191111,-90.37846944,0,12,6,0,2,2,0,1,2,10,0,10,0,0000000,5,58,6,4,6,50,0,0,0,2,0
22,220427,1,1,0,0,0,1,1,97,80,10,9,2013,3,4,4,0,6,5,DIVISION RD,,0,30.41333056,-91.88116111,0,35,0,0,1,1,0,5,2,5,0,5,0,0000000,4,11,4,33,88,88,0,0,0,1,0
22,220428,1,1,0,0,0,1,1,31,1420,11,9,2013,4,22,55,0,4,3,SR-175,,426,32.08881944,-93.69423889,0,35,0,0,1,1,0,5,2,1,0,1,0,0000000,23,1,23,13,88,88,0,0,0,1,1
22,220429,1,1,0,0,0,1,1,117,790,13,9,2013,6,16,50,0,3,3,SR-10,,2384,30.85426944,-90.06497222,0,34,0,0,1,1,0,5,1,2,10,2,0,0000000,99,99,99,99,88,88,0,0,0,1,1
22,220430,1,1,0,1,1,1,1,17,2130,13,9,2013,6,21,30,0,16,6,DAWSON RD,,0,32.47975,-93.90828056,0,8,0,0,1,1,0,1,2,1,0,1,0,0000000,21,34,21,40,22,8,0,0,0,1,1
22,220431,4,4,0,0,0,6,6,95,0,16,9,2013,2,5,14,0,3,3,SR-3127,,222,29.995375,-90.658025,0,12,8,0,1,1,0,1,2,1,0,1,0,0000000,5,21,5,28,6,15,0,0,0,1,0
22,220432,2,2,0,0,0,3,3,31,1330,17,9,2013,3,16,17,0,4,3,SR-764,,33,32.02063056,-94.0131,0,12,2,0,1,1,0,1,1,1,0,1,0,0000000,16,22,16,28,17,47,0,0,0,1,0
22,220433,1,1,0,1,1,1,1,103,9898,18,9,2013,4,99,99,1,1,1,I-10,,2726,30.29741944,-89.66978889,0,8,0,0,1,1,0,99,2,10,0,10,0,0000000,14,5,14,15,88,88,0,0,0,1,0
22,220434,2,2,0,0,0,2,2,71,1690,18,9,2013,4,21,7,0,14,6,ELYSIAN FIELDS,PRENTISS AVENUE,0,30.01676944,-90.06088056,0,12,6,0,2,2,0,1,3,2,0,2,0,0000000,21,26,21,34,22,5,0,0,0,1,2
22,220435,2,2,0,0,0,2,2,5,0,19,9,2013,5,15,29,0,5,3,SR-75,SR-3251,413,30.17334167,-91.00095833,0,12,6,0,2,3,0,1,1,2,0,2,0,0000000,15,33,15,42,88,88,0,0,0,1,0
22,220436,3,1,2,0,0,1,1,105,980,23,9,2013,2,20,10,1,11,1,I-55,,309,30.50046944,-90.50341944,0,1,0,0,1,1,0,4,2,1,0,1,0,0000000,20,13,20,20,88,88,14,0,0,1,0
22,220437,1,1,0,0,0,1,1,57,1970,23,9,2013,2,23,4,0,14,3,SR-1,,653,29.68936111,-90.54818056,0,59,0,0,1,1,0,4,3,10,0,10,0,0000000,23,7,23,12,88,88,0,0,0,1,0
22,220438,2,2,0,0,0,2,2,73,1560,25,9,2013,4,18,27,1,13,2,US-165,SR-840,1805,32.55083056,-92.07705,0,12,6,0,2,3,0,1,1,1,0,1,0,0000000,18,29,18,33,19,4,0,0,0,1,0
22,220439,2,2,0,0,0,2,2,33,150,27,9,2013,6,19,7,0,14,3,SR-946,,31,30.51962778,-91.06581111,0,12,6,0,1,1,0,1,5,1,0,1,0,0000000,19,10,19,16,19,51,0,0,0,1,0
22,220440,1,1,0,0,0,2,2,111,0,27,9,2013,6,20,40,1,2,2,US-63,,238,32.87016111,-92.65591111,0,1,0,0,1,1,0,3,2,1,0,1,0,0000000,20,43,21,3,88,88,0,0,0,2,0
22,220441,1,1,0,0,0,1,1,57,0,28,9,2013,7,3,44,0,14,3,SR-1,,739,29.73738889,-90.67086111,0,53,0,0,1,1,0,4,3,1,0,1,0,0000000,3,55,4,7,88,88,0,0,0,1,0
22,220442,1,1,0,0,0,6,6,57,0,28,9,2013,7,13,10,0,3,3,SR-24,,250,29.55281944,-90.53731944,0,42,0,0,1,1,0,4,1,1,0,1,0,0000000,13,19,13,42,14,29,0,0,0,2,1
22,220443,1,1,0,1,1,1,1,97,0,8,9,2013,1,4,6,1,2,2,US-190,,1304,30.54719167,-91.89644444,0,8,0,0,1,1,0,1,2,1,0,1,0,0000000,4,16,4,17,88,88,23,0,0,1,0
22,220444,1,1,0,0,0,1,1,85,9898,24,9,2013,3,4,10,0,6,4,CR-PEG LEG LANE,,0,31.38831111,-93.61228889,0,53,0,0,1,1,0,4,2,10,0,10,0,0000000,4,23,4,54,5,40,0,0,0,1,1
22,220445,2,2,0,0,0,2,2,79,1290,26,9,2013,5,17,5,0,3,2,US-71,,480,31.04065,-92.35116944,0,12,2,0,1,1,0,1,1,1,0,1,0,0000000,17,9,17,25,18,11,0,0,0,1,0
22,220446,1,1,0,0,0,1,1,81,9898,28,9,2013,7,23,45,0,4,3,SR-1,,3428,31.96270556,-93.34778611,0,18,0,0,1,1,0,4,2,2,0,2,0,0000000,88,88,88,88,88,88,0,0,0,1,1
22,220447,2,2,0,0,0,2,2,9,9898,29,9,2013,1,15,38,0,4,3,SR-107,,178,30.9441,-91.96948889,0,12,6,0,1,1,0,1,1,2,0,2,0,0000000,15,43,16,11,17,32,0,0,0,1,1
22,220448,1,1,0,0,0,2,2,31,2207,25,8,2013,1,3,15,1,1,1,I-49,,1952,32.32713056,-93.75155,0,35,0,0,1,1,0,5,2,1,0,1,0,0000000,3,33,3,46,88,88,0,0,0,1,1
22,220449,4,4,0,0,0,5,5,33,150,2,7,2013,3,12,47,1,11,1,I-12,,28,30.42356944,-91.07603889,0,12,6,1,18,1,0,1,1,1,0,1,0,0000000,12,47,12,50,13,8,0,0,0,1,0
22,220450,1,1,0,0,0,1,1,95,0,30,7,2013,3,18,17,0,4,3,SR-18,,360,30.03868056,-90.60088056,0,30,0,0,1,1,0,4,1,10,0,10,0,0000000,18,19,18,26,19,4,24,0,0,1,0
22,220451,2,2,0,0,0,3,3,75,0,3,8,2013,7,5,40,0,14,3,SR-23,MILAN DR,280,29.46768889,-89.68063056,0,12,1,0,3,3,0,1,3,10,0,10,0,0000000,5,42,5,50,7,0,0,0,0,1,0
22,220452,1,1,0,0,0,3,3,75,9898,18,8,2013,1,2,15,0,3,3,SR-23 BELLE CHASSE HWY,,577,29.74621667,-90.02238889,0,59,0,0,1,1,0,4,2,10,0,10,0,0000000,2,23,2,37,3,29,0,0,0,1,1
22,220453,1,1,0,0,0,1,1,33,150,25,8,2013,1,5,35,0,16,6,MERRYDALE AVE,,0,30.49851111,-91.12388889,0,34,0,0,1,1,0,5,2,1,0,1,0,0000000,5,33,5,41,88,88,0,0,0,1,0
22,220454,1,1,0,0,0,1,1,55,260,31,8,2013,7,16,29,1,13,3,SR-3073 AMBASSADOR CAFFERY,,31,30.13608889,-91.98441111,0,33,0,0,1,1,0,4,1,10,0,10,0,0000000,16,29,16,43,88,88,0,0,0,1,1
22,220455,1,1,0,0,0,1,1,51,1545,30,9,2013,2,15,59,1,13,8,CAUSEWAY BRIDGE,,0,30.05983889,-90.14738889,0,23,0,0,1,1,0,4,1,10,0,10,0,0000000,16,0,16,8,88,88,0,0,0,1,0
22,220456,2,2,0,0,0,2,2,55,260,4,9,2013,4,13,14,0,15,5,N. BERNARD RD,,0,30.16391111,-91.96876944,0,1,0,0,8,1,0,1,1,1,0,1,0,0000000,13,14,13,27,88,88,0,0,0,1,0
22,220457,1,1,0,0,0,1,1,33,150,28,9,2013,7,19,10,0,6,4,CR-FRENCHTOWN RD,,0,30.49978056,-91.01973889,0,1,0,0,1,1,0,4,2,1,0,1,0,0000000,19,11,19,27,88,88,0,0,0,1,1
22,220458,1,1,0,0,0,1,1,1,658,1,10,2013,3,14,48,1,1,1,I-10,,753,30.23066944,-92.48405,0,24,0,0,1,1,0,4,1,2,10,2,0,0000000,14,53,15,8,15,18,0,0,0,1,0
22,220459,1,1,0,0,0,1,1,73,1846,5,10,2013,7,99,99,0,6,3,SR-554,,9,32.70111944,-91.99291944,0,34,0,0,1,1,0,4,2,1,0,1,0,0000000,7,34,7,48,88,88,0,0,0,1,1
22,220460,2,2,0,1,1,4,4,87,2331,6,10,2013,1,20,40,0,14,3,SR-46 EAST ST. BERNARD HWY,,111,29.90483056,-89.90366111,0,8,0,0,1,1,0,1,2,1,0,1,0,0000000,20,46,20,53,88,88,0,0,0,1,0
22,220461,2,2,0,0,0,3,3,79,0,8,10,2013,3,20,0,0,9,4,CR-RAPIDES STATION,CR-OLD BOYCE ROAD,0,31.36495,-92.58735,0,12,6,0,2,2,0,1,2,1,0,1,0,0000000,20,15,20,27,21,7,23,0,0,1,1
22,220462,3,3,0,0,0,5,5,95,0,8,10,2013,3,5,58,0,3,3,SR-3127,,241,29.99593056,-90.62808889,0,12,2,0,1,1,0,1,2,1,0,1,0,0000000,6,1,6,7,6,56,0,0,0,3,0
22,220463,2,2,0,0,0,2,2,15,230,8,10,2013,3,13,59,1,11,1,I-20,,251,32.5345,-93.6507,0,12,1,0,1,1,0,1,1,1,0,1,0,0000000,14,51,15,0,88,88,27,19,0,1,0
22,220464,1,1,0,0,0,2,2,1,0,9,10,2013,4,18,45,0,4,2,US-90,,772,30.18045,-92.49706944,0,42,0,0,1,1,0,4,2,1,0,1,0,0000000,18,47,18,57,19,31,0,0,0,1,1
22,220465,1,1,0,1,1,1,1,71,1690,9,10,2013,4,20,14,1,13,2,US-90,,2569,29.94087222,-90.10030278,0,8,0,0,1,1,0,1,2,1,0,1,0,0000000,20,16,20,17,20,28,0,0,0,1,0
22,220466,3,3,0,0,0,5,5,29,2026,9,10,2013,4,20,42,1,13,2,US-84,FERRIDAY DR,1747,31.60796944,-91.52496944,0,12,6,0,2,3,0,1,3,1,0,1,0,0000000,20,42,20,48,21,6,0,0,0,2,0
22,220467,1,1,0,1,1,1,1,115,0,11,10,2013,6,4,10,0,6,3,SR-1211,,27,31.08821111,-93.30000833,0,8,0,0,1,1,0,1,2,5,0,5,0,0000000,4,43,4,44,88,88,0,0,0,1,0
22,220468,2,2,0,0,0,4,4,63,0,11,10,2013,6,16,32,0,5,3,SR-1024 CANE MARKET RD,MACK RD,77,30.56146111,-90.85443056,0,12,6,0,2,2,0,1,1,1,0,1,0,0000000,16,44,16,54,17,33,0,0,0,1,0
22,220469,1,1,0,0,0,2,2,51,1190,12,10,2013,7,5,15,0,14,6,E. ESPLANADE AV,,0,30.0204,-90.24758056,0,26,0,0,1,1,2,4,3,1,0,1,0,0000000,5,18,5,23,6,4,0,0,0,1,1
22,220470,1,1,0,0,0,1,1,101,9898,11,10,2013,6,7,34,0,5,3,SR-87,SR-670,167,29.87973611,-91.58546389,0,34,0,0,1,1,0,5,2,5,0,5,0,0000000,7,25,7,38,88,88,0,0,0,1,0
22,220471,1,1,0,0,0,1,1,33,150,13,10,2013,1,23,3,0,14,6,SHARP LN,,0,30.45783889,-91.0721,0,30,0,0,1,1,0,4,3,1,0,1,0,0000000,23,3,23,5,88,88,0,0,0,1,1
22,220472,3,3,0,0,0,3,3,3,1740,14,10,2013,2,5,55,0,4,3,SR-112,,179,30.82536111,-92.97118056,0,12,8,0,1,1,0,1,2,1,0,1,0,0000000,5,57,6,28,88,88,0,0,0,1,0
22,220473,2,2,0,0,0,2,2,71,1690,15,10,2013,3,0,53,1,13,3,SR-46 ST. CLAUDE AVE,POLAND AVE,19,29.96481111,-90.03136944,0,12,6,0,2,2,0,1,3,1,0,1,0,0000000,99,99,99,99,99,99,0,0,0,1,1
22,220474,1,1,0,0,0,1,1,73,9898,15,10,2013,3,16,24,1,11,1,I-20,,1101,32.51034167,-92.22403611,0,1,0,0,1,1,0,4,1,10,0,10,0,0000000,16,28,16,33,88,88,2,0,0,1,1
22,220475,2,2,0,0,0,3,3,1,658,18,10,2013,6,7,48,0,4,3,SR-100,SR-91,246,30.23648889,-92.46415,0,12,6,0,2,2,0,1,1,1,0,1,0,0000000,7,50,8,13,8,42,0,0,0,1,0
22,220476,1,1,0,0,0,3,3,19,1250,19,10,2013,7,4,16,0,14,3,SR-385,SR-3092,88,30.13921944,-93.21375,0,30,0,0,3,2,0,4,3,1,0,1,0,0000000,4,19,4,26,4,51,0,0,0,1,1
22,220477,1,1,0,0,0,1,1,77,1700,19,10,2013,7,5,37,0,3,3,SR-1,,1861,30.70939722,-91.50871667,0,35,0,0,1,1,0,4,2,2,0,2,0,0000000,5,47,6,0,88,88,0,0,0,1,0
22,220478,2,1,1,0,0,2,2,51,950,21,10,2013,2,1,6,1,12,2,US-90-B,,83,29.90995,-90.05588889,0,45,0,0,1,1,1,5,3,1,0,1,0,0000000,1,9,1,9,1,29,0,0,0,1,1
22,220479,2,2,0,0,0,2,2,5,2189,21,10,2013,2,4,55,1,11,1,I-10,,1816,30.18389722,-90.901775,0,12,1,0,1,1,0,1,2,5,0,5,0,0000000,5,5,5,16,88,88,0,0,0,1,0
22,220481,2,2,0,0,0,3,3,89,1358,23,10,2013,4,20,45,0,15,3,SR-52 PAUL MALLARD RD,,17,29.92218889,-90.3735,0,12,6,0,8,1,0,1,3,1,0,1,0,0000000,20,42,20,43,21,0,0,0,0,1,1
22,220482,2,2,0,0,0,2,2,95,2020,27,10,2013,1,6,20,0,3,3,SR-3127,,255,30.00365278,-90.60594167,0,12,6,0,8,1,0,1,1,5,0,5,0,0000000,6,26,6,33,7,38,0,0,0,1,0
22,220483,1,1,0,1,1,1,1,33,150,28,10,2013,2,2,59,1,13,2,US-61 AIRLINE HWY,ST. KATHERINE AVE,783,30.49721944,-91.12761111,0,8,0,0,3,3,0,1,3,1,0,1,0,0000000,2,59,3,4,3,29,0,0,0,1,0
22,220484,1,1,0,0,0,1,1,69,320,30,10,2013,4,0,36,0,5,3,SR-480,,210,31.88065,-93.05803889,0,42,0,0,1,1,0,4,2,1,0,1,0,0000000,0,39,0,47,88,88,0,0,0,1,1
22,220485,1,1,0,0,0,1,1,55,650,29,10,2013,3,99,99,0,4,3,SR-342,,21,30.16145556,-92.23761667,0,34,0,0,1,1,0,4,2,1,0,1,0,0000000,0,45,0,47,88,88,0,0,0,1,1
22,220486,1,1,0,0,0,1,1,103,9898,5,10,2013,7,19,41,1,1,1,I-59,,68,30.395,-89.72866111,0,38,0,0,1,1,0,4,2,1,0,1,0,0000000,99,99,99,99,88,88,0,0,0,1,0
22,220487,2,1,1,1,1,1,1,19,2330,10,10,2013,5,9,57,0,6,4,CR-GARRIE CUT-OFF RD,,0,30.2412,-93.6295,0,8,0,0,1,1,2,1,1,1,0,1,0,0000000,9,58,10,29,11,27,0,0,0,1,0
22,220488,2,2,0,0,0,2,2,45,1365,11,10,2013,6,17,20,1,2,2,US-90,,1375,29.92573889,-91.73783889,0,12,6,0,8,1,0,1,1,1,0,1,0,0000000,17,23,17,34,17,57,0,0,0,1,0
22,220489,1,1,0,0,0,1,1,109,1070,15,10,2013,3,14,21,0,16,5,MOFFET RD,CALLOWAY RD,0,29.57808889,-90.67778056,0,32,0,0,1,1,0,4,1,1,0,1,0,0000000,14,23,14,30,88,88,0,0,0,1,0
22,220490,2,2,0,0,0,3,3,121,1920,16,10,2013,4,13,16,0,15,3,SR-986 ROSEDALE RD,,190,30.46291111,-91.21726111,0,12,2,0,1,1,0,1,1,1,0,1,0,0000000,13,16,13,32,13,42,0,0,0,1,0
22,220491,1,1,0,1,1,1,1,39,1390,19,10,2013,7,2,30,0,4,3,SR-104 OBERLIN RD,,167,30.62645,-92.43038889,0,8,0,0,1,1,0,1,2,2,0,2,0,0000000,13,15,13,32,88,88,0,0,0,1,1
22,220493,2,2,0,1,1,2,2,71,1690,22,10,2013,3,10,26,1,11,1,I-10,,2403,30.00435,-90.02853889,0,8,0,0,1,1,0,1,9,1,0,1,0,0000000,99,98,99,98,88,88,0,0,0,1,0
22,220494,1,1,0,0,0,2,2,17,2130,25,10,2013,6,17,50,0,14,2,US-80 GREENWOOD ROAD,I-20 EXIT RAMP,93,32.44941111,-93.89941111,0,59,0,0,5,1,0,4,1,1,0,1,0,0000000,17,59,18,3,18,30,0,0,0,1,0
22,220495,1,1,0,0,0,1,1,71,1690,27,10,2013,1,8,45,0,16,5,W. HARRISON AVE,,0,30.00581111,-90.12096111,0,33,0,0,1,1,0,4,1,1,0,1,0,0000000,8,45,99,99,99,99,0,0,0,1,0
22,220496,1,1,0,0,0,1,1,57,1280,27,10,2013,1,15,6,0,3,3,SR-1,,516,29.58233889,-90.41893056,0,43,0,0,1,1,0,4,1,1,0,1,0,0000000,15,9,15,19,15,53,0,0,0,1,1
22,220497,2,2,0,1,1,3,3,17,2130,30,6,2013,1,23,0,1,11,1,I-220,,12,32.47175,-93.83815,0,8,0,0,1,1,0,1,2,1,0,1,0,0000000,88,88,88,88,88,88,0,0,0,1,0
22,220498,1,1,0,0,0,1,1,17,2130,17,8,2013,7,20,45,0,16,6,E. PRESTON AVE,CLYDE FANT PKWAY,0,32.47776944,-93.69096111,0,38,0,1,19,1,0,4,3,1,0,1,0,0000000,20,46,20,50,21,6,20,0,0,1,0
22,220499,1,1,0,1,1,1,1,55,1230,27,6,2013,5,17,27,0,16,6,W. CONGRESS ST,,0,30.21268056,-92.04823889,0,8,0,0,1,1,0,5,1,10,0,10,0,0000000,17,28,17,37,17,54,0,0,0,1,0
22,220500,2,2,0,0,0,3,3,71,1690,14,10,2013,2,16,14,1,11,1,I-10,AIRLINE HWY,2341,29.96268889,-90.10098889,0,12,1,1,20,1,0,1,1,1,0,1,0,0000000,16,17,16,23,16,47,0,0,0,1,0
22,220501,2,2,0,1,1,4,4,71,1690,2,10,2013,4,12,27,1,11,1,I-10 OFF RAMP,LOUISA ST,2399,30.00261944,-90.03561111,0,8,0,1,5,1,0,2,1,2,0,2,0,0000000,99,99,99,99,99,99,14,0,0,1,0
22,220502,1,1,0,1,1,1,1,73,1560,29,10,2013,3,15,32,0,16,6,BOOTH ST,,0,32.50873889,-92.08526944,0,9,0,0,1,1,0,1,1,1,0,1,0,0000000,15,33,15,34,88,88,0,0,0,1,0