STATE,ST_CASE,VE_TOTAL,VE_FORMS,PVH_INVL,PEDS,PERNOTMVIT,PERMVIT,PERSONS,COUNTY,CITY,DAY,MONTH,YEAR,DAY_WEEK,HOUR,MINUTE,NHS,ROAD_FNC,ROUTE,TWAY_ID,TWAY_ID2,MILEPT,LATITUDE,LONGITUD,SP_JUR,HARM_EV,MAN_COLL,RELJCT1,RELJCT2,TYP_INT,WRK_ZONE,REL_ROAD,LGT_COND,WEATHER1,WEATHER2,WEATHER,SCH_BUS,RAIL,NOT_HOUR,NOT_MIN,ARR_HOUR,ARR_MIN,HOSP_HR,HOSP_MN,CF1,CF2,CF3,FATALS,DRUNK_DR
22,220503,1,1,0,1,1,1,1,71,1690,30,10,2013,4,4,25,0,14,6,MARTIN LUTHER KING,,0,29.94448889,-90.08531111,0,8,0,0,1,1,0,1,4,1,0,1,0,0000000,99,99,99,99,88,88,0,0,0,1,0
22,220504,1,1,0,0,0,1,1,97,1800,28,10,2013,2,8,14,0,16,6,MAIN ST,E. LEONARD ST,0,30.52436944,-92.08323889,0,18,0,0,3,3,0,5,3,99,0,99,0,0000000,99,99,99,99,88,88,0,0,0,1,0
22,220505,1,1,0,1,1,1,1,9,0,24,9,2013,3,20,20,0,3,3,SR-115,,319,31.07438056,-92.10151111,0,9,0,0,1,1,0,1,2,1,0,1,0,0000000,20,22,20,30,88,88,0,0,0,1,0
22,220506,1,1,0,1,1,1,1,71,1690,16,1,2013,4,22,44,1,13,2,US-90 CHEF MENTEUR,WEST ADAMS COURT,2694,30.02318056,-89.95011944,0,8,0,0,3,3,0,1,3,1,0,1,0,0000000,23,5,23,12,23,37,0,0,0,1,0
22,220507,1,1,0,0,0,3,3,67,0,16,8,2013,6,2,55,1,2,2,US-425,,1165,32.94531944,-91.85238611,0,58,0,0,1,1,0,4,2,1,0,1,0,0000000,3,3,4,7,5,24,0,0,0,1,1
22,220508,2,2,0,0,0,2,2,63,570,1,11,2013,6,13,3,1,13,2,US-190,VETERAN'S BOULEVARD,1892,30.47031944,-90.9656,0,5,0,0,2,2,0,1,1,1,0,1,0,0000000,13,5,13,11,88,88,0,0,0,1,0
22,220509,1,1,0,0,0,1,1,23,0,8,11,2013,6,12,22,0,4,3,SR-27,,71,30.02725,-93.08838889,0,35,0,0,1,1,0,4,1,1,0,1,0,0000000,12,31,12,43,13,44,0,0,0,1,0
22,220510,1,1,0,1,1,4,4,47,1870,18,11,2013,2,6,13,0,14,3,SR-75,,223,30.2758,-91.235,0,8,0,0,1,1,0,1,4,2,5,2,0,0000000,6,15,6,18,88,88,0,0,0,1,0
22,220511,1,1,0,1,1,1,1,55,1230,16,11,2013,7,2,33,1,13,3,SR-182 N. UNIVERSITY AVE.,,1269,30.24278889,-92.03241111,0,8,0,0,1,1,0,1,3,1,0,1,0,0000000,2,33,2,41,88,88,0,0,0,1,1
22,220512,3,3,0,0,0,3,3,55,1230,7,11,2013,5,18,21,1,13,2,US-90 SE EVANGELINE THRUWAY,,1104,30.20841944,-92.00006944,0,12,7,0,1,1,0,1,2,1,0,1,0,0000000,18,21,18,30,18,48,0,0,0,1,0
22,220513,2,2,0,0,0,4,4,79,40,12,11,2013,3,6,35,1,13,2,US-167,FOISY,1112,31.30583889,-92.44273889,0,12,6,0,2,2,0,1,1,1,0,1,0,0000000,6,35,6,44,7,3,0,0,0,1,0
22,220514,2,2,0,0,0,3,3,97,2220,9,11,2013,7,16,26,0,4,3,SR-93 SUNSET STRIP,W. MARTIN LUTHER KING,196,30.40753056,-92.07133056,0,12,6,0,2,2,0,1,1,1,0,1,0,0000000,16,27,16,40,88,88,0,0,0,1,0
22,220516,4,4,0,0,0,6,6,93,1360,14,11,2013,5,17,29,0,15,3,SR-3125,SR-3193,118,30.05751944,-90.71016944,0,12,1,0,3,2,0,1,5,1,0,1,0,0000000,17,29,17,34,99,99,28,0,0,1,0
22,220517,2,2,0,0,0,2,2,105,980,18,7,2013,5,20,25,1,11,1,I-55,,318,30.51445,-90.50385,0,12,7,0,1,1,0,1,2,10,0,10,0,0000000,20,29,20,35,21,0,0,0,0,1,0
22,220518,1,1,0,0,0,1,1,45,1680,2,11,2013,7,2,38,1,13,3,SR-182 ST. PETER ST.,,1041,30.0003,-91.81454167,0,30,0,0,1,1,0,4,2,1,0,1,0,0000000,2,42,2,44,88,88,0,0,0,1,1
22,220519,2,2,0,0,0,14,14,53,9898,16,10,2013,4,14,42,1,2,2,US-165,SR-101,47,30.29011944,-92.95956111,0,12,6,0,2,2,2,1,1,1,0,1,0,0000000,14,48,15,10,16,24,0,0,0,1,0
22,220520,1,1,0,1,1,1,1,57,1280,31,10,2013,5,19,0,0,14,3,SR-657,WEST AVE B,2,29.56505278,-90.37641389,0,8,0,0,3,2,0,1,3,10,0,10,0,0000000,19,6,19,9,88,88,0,0,0,1,0
22,220521,1,1,0,1,1,1,1,1,1980,17,11,2013,1,17,55,0,14,3,SR-35 THE BOULEVARD,,298,30.24488333,-92.26963056,0,8,0,0,1,1,0,1,2,1,0,1,0,0000000,17,55,18,0,18,15,0,0,0,1,0
22,220522,1,1,0,1,1,1,1,89,1358,2,11,2013,7,2,20,1,13,2,US-90,,2417,29.91458889,-90.27728889,0,8,0,0,1,1,0,1,2,1,0,1,0,0000000,2,24,2,33,88,88,0,0,0,1,0
22,220523,2,2,0,0,0,3,3,73,1560,2,11,2013,7,16,13,0,14,3,SR-594,,44,32.49856389,-92.03624722,0,12,2,0,1,1,0,1,1,1,0,1,0,0000000,16,13,16,26,16,51,0,0,0,2,1
22,220524,2,1,1,0,0,1,1,69,2040,2,11,2013,7,23,24,0,5,3,SR-120,,305,31.62652778,-93.11835556,0,1,0,0,1,1,0,4,2,1,0,1,0,0000000,23,25,23,40,88,88,0,0,0,1,1
22,220525,2,2,0,0,0,2,2,9,657,7,11,2013,5,4,26,0,4,3,SR-107,,467,31.23056111,-92.17158889,0,12,6,0,8,1,0,1,2,10,0,10,0,0000000,4,29,4,49,88,88,0,0,0,1,1
22,220526,1,1,0,1,1,1,1,89,9898,8,11,2013,6,17,44,0,15,3,SR-631,,82,29.89749444,-90.39876944,0,8,0,0,1,1,0,1,2,1,0,1,0,0000000,17,46,17,52,88,88,0,0,0,1,0
22,220527,3,3,0,5,5,1,1,69,1650,8,11,2013,6,19,14,1,1,1,I-49,,1257,31.58021944,-93.02373889,0,12,1,0,1,1,0,1,2,1,0,1,0,0000000,19,19,19,43,21,7,23,15,14,1,0
22,220528,3,3,0,0,0,4,4,55,1230,9,11,2013,7,5,10,1,13,2,US-90,VEROT SHOOL ROAD,1122,30.18331944,-91.99028889,0,12,6,0,2,2,0,1,2,1,0,1,0,0000000,5,15,5,24,6,7,0,0,0,1,0
22,220529,1,1,0,0,0,2,2,65,2230,10,11,2013,1,3,25,0,5,3,SR-602,,33,32.36477778,-91.15321389,0,34,0,0,1,1,0,4,2,10,0,10,0,0000000,3,39,3,48,4,27,0,0,0,1,1
22,220530,2,2,0,0,0,1,1,103,1840,10,11,2013,1,21,10,1,1,1,I-59,,84,30.41631111,-89.72125,0,12,1,0,1,1,0,1,2,1,0,1,0,0000000,88,88,88,88,88,88,23,0,0,1,1
22,220531,1,1,0,0,0,2,2,79,40,11,11,2013,2,0,50,0,14,3,SR-496,,32,31.31398889,-92.52466944,0,34,0,0,1,1,0,4,2,10,0,10,0,0000000,0,52,1,2,1,29,0,0,0,1,0
22,220532,1,1,0,1,1,1,1,101,157,12,11,2013,3,4,50,0,15,3,SR-182,,583,29.68681111,-91.27341944,0,8,0,0,1,1,0,1,2,10,0,10,0,0000000,4,47,4,52,88,88,0,0,0,1,0
22,220533,2,2,0,0,0,4,4,21,0,12,11,2013,3,13,55,1,2,2,US-165,,1484,32.12586111,-92.06626111,0,12,2,0,1,1,0,1,1,1,0,1,0,0000000,13,57,14,2,14,14,0,0,0,4,0
22,220534,1,1,0,1,1,1,1,51,1488,12,11,2013,3,21,15,1,12,2,US-90Z WESTBANK EXPRESSWAY,,39,29.89336944,-90.12461944,0,9,0,0,8,1,0,1,3,1,0,1,0,0000000,21,15,21,19,21,59,0,0,0,1,0
22,220535,2,2,0,0,0,5,5,109,160,14,11,2013,5,18,47,0,6,6,BAYOU GARDENS BLVD,,0,29.63588611,-90.75798889,0,1,0,0,8,1,0,1,3,1,0,1,0,0000000,18,55,19,3,19,20,0,0,0,1,0
22,220536,1,1,0,0,0,1,1,85,9898,16,11,2013,7,3,0,0,5,3,SR-474,,52,31.44052778,-93.50003056,0,30,0,0,1,1,0,4,2,99,0,99,0,0000000,6,49,7,18,88,88,0,0,0,1,1
22,220537,1,1,0,0,0,2,2,79,754,18,11,2013,2,0,51,0,5,3,SR-8,,561,31.40418889,-92.8647,0,42,0,0,1,1,0,4,2,1,0,1,0,0000000,1,2,1,30,2,21,0,0,0,1,0
22,220538,2,2,0,0,0,3,3,111,0,19,11,2013,3,9,35,0,3,3,SR-2,,1199,32.74942778,-92.27291944,0,12,2,0,1,1,0,1,1,1,0,1,0,0000000,9,39,10,1,11,30,0,0,0,1,0
22,220539,2,2,0,0,0,2,2,57,795,19,11,2013,3,23,55,0,14,3,SR-3235,WEST 163RD STREET,57,29.43653611,-90.30796111,0,12,1,0,3,3,0,1,3,1,0,1,0,0000000,0,5,0,30,0,34,0,0,0,1,2
22,220540,1,1,0,0,0,2,2,67,0,22,11,2013,6,99,99,0,3,3,SR-2,,1597,32.77063889,-91.69943056,0,35,0,0,1,1,0,4,2,99,0,99,0,0000000,4,10,4,27,5,30,0,0,0,1,0
22,220541,2,2,0,0,0,2,2,83,0,22,11,2013,6,6,8,1,1,1,I-20,,1355,32.46605,-91.8006,0,12,2,0,1,1,0,1,2,2,0,2,0,0000000,6,14,6,21,7,10,0,0,0,1,0
22,220542,1,1,0,0,0,1,1,117,790,22,11,2013,6,12,55,0,5,3,SR-436,,57,30.89608056,-90.08352778,0,42,0,0,1,1,0,4,1,2,0,2,0,0000000,13,4,13,8,13,32,0,0,0,1,0
22,220543,2,2,0,0,0,7,7,5,1953,22,11,2013,6,20,15,1,13,2,US-61,DUPLESSIS ROAD,601,30.28393889,-90.95503889,0,5,0,0,3,2,0,1,2,10,0,10,0,0000000,20,18,20,23,20,37,0,0,0,1,0
22,220544,1,1,0,0,0,1,1,45,0,22,11,2013,6,21,5,1,2,2,US-90 SERVICE ROAD,,1342,29.94308611,-91.77208889,0,58,0,1,19,1,0,4,2,10,0,10,0,0000000,21,19,21,30,22,1,0,0,0,1,1
22,220545,1,1,0,0,0,1,1,7,0,24,11,2013,1,1,6,0,5,3,SR-401 CANAL RD,,63,29.88906944,-91.0967,0,1,0,0,1,1,0,5,2,1,0,1,0,0000000,1,8,1,23,88,88,0,0,0,1,1
22,220546,1,1,0,0,0,1,1,105,980,24,11,2013,1,2,42,1,11,1,I-55,,289,30.47553056,-90.48653056,0,52,0,0,1,1,0,4,2,1,0,1,0,0000000,2,45,2,47,88,88,0,0,0,1,1
22,220547,1,1,0,0,0,2,2,125,9898,25,11,2013,2,8,22,0,3,3,SR-10,,1557,30.84533056,-91.30506389,0,31,0,0,1,1,0,4,1,10,2,2,0,0000000,99,99,99,99,99,99,0,0,0,1,1
22,220548,1,1,0,0,0,1,1,99,1820,25,11,2013,2,22,15,0,3,3,SR-31 MAIN HWY,,131,30.18738056,-91.82299167,0,34,0,0,1,1,0,4,2,2,0,2,0,0000000,22,15,22,24,88,88,0,0,0,1,1
22,220549,1,1,0,0,0,1,1,51,1125,26,11,2013,3,15,3,1,13,3,SR-3152 CLEARVIEW PKWY,,6,29.95521111,-90.18181111,0,33,0,0,5,1,0,4,1,10,0,10,0,0000000,15,7,15,14,15,36,0,0,0,1,1
22,220550,1,1,0,0,0,1,1,57,1970,27,11,2013,4,20,39,0,14,3,SR-182,,62,29.70370833,-90.62353056,0,42,0,0,1,1,0,4,2,1,0,1,0,0000000,20,48,20,57,21,19,0,0,0,1,1
22,220551,2,2,0,0,0,2,2,93,1832,27,11,2013,4,22,10,0,3,3,SR-70,,460,30.10515,-90.87741667,0,12,2,0,1,1,0,1,2,1,0,1,0,0000000,23,18,23,20,0,26,0,0,0,1,0
22,220552,1,1,0,0,0,1,1,115,1300,30,11,2013,7,16,50,0,6,4,CR-COOPER CHURCH RD,,0,31.0366,-93.29938889,0,1,0,0,1,1,0,4,1,1,0,1,0,0000000,16,58,17,10,18,29,0,0,0,1,1
22,220553,1,1,0,0,0,1,1,85,1552,9,11,2013,7,8,50,0,4,3,SR-174,,98,31.79846389,-93.61459722,0,34,0,0,1,1,0,4,1,10,0,10,0,0000000,8,59,9,20,88,88,0,0,0,1,0
22,220554,1,1,0,0,0,1,1,49,1150,9,11,2013,7,9,25,0,6,4,CR-LAKESHORE DR,,0,32.27185833,-92.50181944,0,35,0,0,1,1,0,4,1,10,0,10,0,0000000,9,31,9,45,88,88,0,0,0,1,0
22,220555,2,2,0,0,0,5,5,121,1920,15,11,2013,6,22,36,1,11,1,I-10,,1510,30.45093889,-91.25966111,0,12,6,0,1,1,0,1,2,1,0,1,0,0000000,22,39,22,51,23,42,0,0,0,2,0
22,220558,2,2,0,0,0,2,2,71,1690,3,11,2013,1,2,42,1,13,6,DOWNMAN RD,,0,30.01316667,-90.02118333,0,12,1,0,1,1,0,1,3,1,0,1,0,0000000,99,98,99,98,88,88,0,0,0,1,1
22,220559,1,1,0,0,0,1,1,17,2130,3,11,2013,1,99,99,0,14,6,LAKESHORE DRIVE,,0,32.48646944,-93.84196944,0,33,0,0,1,1,0,4,1,1,0,1,0,0000000,88,88,88,88,88,88,0,0,0,1,1
22,220560,1,1,0,0,0,5,5,109,1070,3,11,2013,1,16,33,0,16,6,BUENA VISTA BLVD,SHERMAN ST.,0,29.57282222,-90.73304722,0,1,0,0,2,2,0,1,1,1,0,1,0,0000000,16,35,16,56,17,47,0,0,0,1,0
22,220561,1,1,0,1,1,1,1,71,1690,4,11,2013,2,19,19,1,13,2,US-90,,2569,29.94065,-90.10030556,0,8,0,0,1,1,0,1,2,1,0,1,0,0000000,99,99,99,99,88,88,0,0,0,1,0
22,220562,1,1,0,0,0,1,1,71,1690,7,11,2013,5,14,35,0,14,6,HARRISON AVENUE,,0,29.99995278,-90.08961389,0,43,0,0,1,1,0,4,1,1,0,1,0,0000000,99,99,99,99,88,88,99,99,99,1,1
22,220563,1,1,0,0,0,2,2,17,0,2,11,2013,7,1,40,0,14,4,CR-LINWOOD AVENUE,,0,32.3597,-93.7645,0,1,0,0,1,1,0,1,2,1,0,1,0,0000000,1,39,1,43,2,9,0,0,0,1,1
22,220564,1,1,0,0,0,1,1,33,0,21,11,2013,5,9,10,0,6,4,CR- E. FLONACHER ROAD,,0,30.66769722,-91.24647778,0,53,0,0,1,1,0,4,1,10,0,10,0,0000000,99,99,99,99,99,99,0,0,0,1,0
22,220565,2,2,0,0,0,5,5,33,0,21,11,2013,5,11,55,0,15,4,CR-JOOR ROAD,,0,30.61773056,-91.05123056,0,12,2,0,1,1,0,1,1,1,0,1,0,0000000,11,55,11,56,13,8,0,0,0,3,0
22,220566,1,1,0,0,0,1,1,17,193,23,11,2013,7,10,27,0,6,6,HEARTHSTONE DR.,,0,32.3811,-94.0216,0,16,0,0,1,1,0,1,1,2,0,2,0,0000000,10,27,10,29,11,11,0,0,0,1,0
22,220567,1,1,0,0,0,2,2,33,150,26,11,2013,3,15,22,0,16,6,CORTANA PLACE,,0,30.4583,-91.0969,0,33,0,0,1,1,0,4,1,1,0,1,0,0000000,15,23,15,31,15,54,0,0,0,1,0
22,220568,1,1,0,0,0,1,1,17,0,26,11,2013,3,23,22,0,6,4,CR-BARRON ROAD,LINWOOD AVENUE,0,32.34891389,-93.76475833,0,42,0,0,3,3,0,5,3,1,0,1,0,0000000,23,21,23,27,88,88,0,0,0,1,0
22,220569,1,1,0,1,1,1,1,51,1545,8,11,2013,6,12,59,0,16,6,HASTINGS STREET,CRAIG AVENUE,0,30.01456389,-90.22055,0,8,0,0,3,2,4,1,1,1,0,1,0,0000000,13,1,13,7,88,88,0,0,0,1,0
22,220570,2,2,0,0,0,5,5,17,0,26,11,2013,3,12,20,1,2,2,US-71,I-49 ON RAMP,2197,32.85161389,-93.865125,0,12,1,1,2,2,0,1,1,2,0,2,0,0000000,12,22,12,32,13,19,0,0,0,1,0
22,220571,2,2,0,0,0,2,2,17,2130,25,8,2013,1,8,39,0,14,3,SR-3194,LINEAR ST,12,32.54353889,-93.81586944,0,12,6,0,2,2,0,1,1,1,0,1,0,0000000,8,41,8,46,9,0,0,0,0,1,0
22,220572,2,2,0,0,0,4,4,17,2130,8,11,2013,6,22,99,0,14,3,SR-173 HILRY HUCKABY,,52,32.53236111,-93.82846944,0,12,6,0,1,1,0,1,2,1,0,1,0,0000000,22,2,22,6,99,99,0,0,0,2,0
22,220573,2,2,0,0,0,2,2,17,2130,30,8,2013,6,15,46,1,12,3,SR-3132,,69,32.42041944,-93.76165,0,1,0,0,1,1,0,3,1,10,0,10,0,0000000,15,46,15,55,88,88,0,0,0,1,0
22,220574,1,1,0,0,0,1,1,51,920,7,9,2013,7,23,30,0,4,3,SR-1,,78,29.206,-90.05733889,0,34,0,0,1,1,0,4,3,10,0,10,0,0000000,23,30,23,39,88,88,0,0,0,1,0
22,220575,1,1,0,0,0,1,1,63,9898,19,11,2013,3,22,20,0,15,3,SR-1024 CANE MARKET RD,,20,30.55996111,-90.94513889,0,34,0,0,1,1,0,4,2,1,0,1,0,0000000,22,23,22,33,23,8,0,0,0,1,1
22,220576,1,1,0,0,0,1,1,55,260,1,12,2013,1,1,54,1,13,3,SR-3073,,29,30.13543889,-91.98706111,0,33,0,0,1,1,0,4,3,1,0,1,0,0000000,1,54,2,1,2,17,0,0,0,1,1
22,220577,1,1,0,1,1,1,1,61,885,2,12,2013,2,1,12,0,14,2,US-80,,866,32.50716111,-92.70991111,0,8,0,0,1,1,0,1,2,10,0,10,0,0000000,2,2,2,15,88,88,0,0,0,1,0
22,220578,2,2,0,0,0,3,3,27,9898,2,12,2013,2,12,47,0,3,2,US-79,SANDERS RD,592,32.68748889,-93.18593889,0,12,6,0,2,3,0,1,1,1,0,1,0,0000000,13,3,13,36,14,21,0,0,0,1,0
22,220579,2,2,0,0,0,2,2,73,2022,2,12,2013,2,17,50,0,5,4,CR-RICHWOOD ROAD #2,,0,32.43755,-92.09063889,0,12,1,0,1,1,0,1,5,10,0,10,0,0000000,17,39,17,45,18,16,0,0,0,1,1
22,220580,2,2,0,0,0,4,4,117,2300,2,12,2013,2,21,0,0,3,3,SR-21,,450,30.91041111,-89.83436944,0,12,2,0,1,1,0,1,2,1,0,1,0,0000000,21,1,21,11,22,28,0,0,0,1,1
22,220581,1,1,0,1,1,1,1,89,9898,2,12,2013,2,19,45,1,13,2,US-90 WEST,,2378,29.91443056,-90.34226111,0,9,0,0,8,1,0,1,2,2,0,2,0,0000000,19,59,20,5,88,88,0,0,0,1,0
22,220582,1,1,0,0,0,1,1,83,1990,2,12,2013,2,21,38,0,5,4,CR-MCMANUS RD,,0,32.43476944,-91.62806111,0,34,0,0,1,1,0,4,2,5,0,5,0,0000000,21,38,22,5,22,33,0,0,0,1,0
22,220583,3,3,0,0,0,4,4,17,9898,3,12,2013,3,6,45,0,3,3,SR-1,,4162,32.8069,-93.9807,0,12,2,0,1,1,0,1,4,5,0,5,0,0000000,6,47,6,54,7,14,0,0,0,1,0
22,220584,1,1,0,1,1,2,2,63,9898,3,12,2013,3,17,30,0,15,3,SR-447,,131,30.53793611,-90.86025556,0,8,0,0,1,1,0,1,2,1,0,1,0,0000000,17,33,17,38,99,99,0,0,0,1,0
22,220585,1,1,0,0,0,1,1,85,9898,4,12,2013,4,13,30,0,4,3,SR-191,,562,31.783325,-93.78122222,0,1,0,0,1,1,0,4,1,1,0,1,0,0000000,13,33,13,45,88,88,0,0,0,1,0
22,220586,1,1,0,1,1,1,1,39,120,10,12,2013,3,5,0,0,3,2,US-190,,880,30.48061111,-92.5892,0,8,0,0,1,1,0,1,4,10,0,10,0,0000000,5,10,5,24,99,99,16,0,0,1,0
22,220587,2,2,0,0,0,2,2,7,1640,10,12,2013,3,5,40,0,15,3,SR-308,NELLIE STREET,138,29.96251944,-91.02613056,0,12,6,0,2,3,0,1,2,10,0,10,0,0000000,88,88,88,88,88,88,0,0,0,1,0
22,220588,1,1,0,0,0,1,1,105,0,11,12,2013,4,23,55,0,5,3,SR-22,,528,30.44005,-90.37786944,0,35,0,0,1,1,0,4,2,1,0,1,0,0000000,88,88,88,88,88,88,0,0,0,1,1
22,220589,2,2,0,0,0,2,2,53,0,13,12,2013,6,14,47,1,1,1,I-10 S. SERVICE ROAD,HOKE ROAD,578,30.24535833,-92.77508333,0,12,6,0,2,2,0,1,1,10,0,10,0,0000000,14,45,14,56,15,26,0,0,0,1,1
22,220590,3,3,0,0,0,4,4,45,0,13,12,2013,6,15,19,0,4,3,SR-674,,54,29.97108056,-91.79356111,0,12,6,0,1,1,0,1,1,10,0,10,0,0000000,15,20,15,28,16,11,0,0,0,1,0
22,220591,2,2,0,0,0,3,3,17,2130,4,12,2013,4,17,20,1,12,3,SR-3132,,15,32.4338,-93.8404,0,12,2,0,1,1,0,1,2,1,0,1,0,0000000,17,21,17,29,17,48,0,0,0,1,0
22,220592,1,1,0,0,0,1,1,99,9898,4,12,2013,4,22,30,0,4,3,SR-96,,46,30.13573056,-91.87121111,0,34,0,0,1,1,0,4,2,1,0,1,0,0000000,22,42,23,0,88,88,0,0,0,1,1
22,220593,1,1,0,0,0,1,1,103,9898,5,12,2013,5,17,0,1,1,1,I-12,,680,30.39791944,-90.0131,0,1,0,0,1,1,0,3,5,1,0,1,0,0000000,17,5,17,16,18,13,0,0,0,1,0
22,220594,1,1,0,0,0,1,1,97,1800,13,12,2013,6,21,0,0,6,4,CR-ALBERT ROAD,,0,30.53622778,-92.01592778,0,1,0,0,1,1,0,1,2,10,0,10,0,0000000,21,1,21,13,22,0,0,0,0,1,1
22,220595,2,2,0,0,0,2,2,15,0,16,12,2013,2,15,4,0,3,2,US-71,,1772,32.35538889,-93.56133889,0,12,6,0,1,1,0,4,1,1,0,1,0,0000000,15,5,15,18,15,58,0,0,0,1,0
22,220596,12,12,0,0,0,12,12,5,0,17,12,2013,3,4,35,0,3,3,SR-1,,1222,30.12606667,-91.06211111,0,12,1,0,1,1,0,1,2,5,0,5,0,0000000,4,40,5,14,6,2,19,27,0,1,0
22,220597,1,1,0,0,0,1,1,67,0,17,12,2013,3,6,30,0,5,3,SR-3051,,42,32.74683056,-91.81485,0,18,0,0,1,1,0,4,4,1,0,1,0,0000000,99,99,99,99,88,88,0,0,0,1,0
22,220598,1,1,0,1,1,1,1,101,9997,19,12,2013,5,0,3,0,15,3,SR-182,,924,29.90520833,-91.65648889,0,8,0,0,1,1,0,1,2,10,0,10,0,0000000,0,4,0,23,1,6,0,0,0,1,0
22,220599,2,2,0,0,0,4,4,71,1690,20,12,2013,6,12,31,0,15,6,PRESS DRIVE,,0,30.02315278,-90.04370556,0,12,9,0,1,1,0,1,1,1,0,1,0,0000000,12,31,12,49,13,11,99,99,99,1,0
22,220600,1,1,0,0,0,2,2,115,1300,21,12,2013,7,3,8,1,13,2,US-171,,669,31.151,-93.265,0,33,0,0,1,1,0,4,2,2,0,2,0,0000000,3,4,3,34,4,54,0,0,0,1,1
22,220601,2,2,0,0,0,3,3,55,2120,22,12,2013,1,23,45,0,14,3,SR-725,N. AMBASSADOR CAFFERY,449,30.25411944,-92.06651944,0,12,6,0,2,3,0,1,2,1,0,1,0,0000000,23,47,23,50,0,28,0,0,0,1,2
22,220602,1,1,0,1,1,1,1,105,0,20,12,2013,6,20,41,1,1,1,I-55,,449,30.70026111,-90.53290556,0,8,0,0,1,1,0,99,2,1,0,1,0,0000000,88,88,88,88,88,88,0,0,0,1,0
22,220603,1,1,0,1,1,1,1,17,9898,6,12,2013,6,19,37,0,3,4,CR-PROVIDENCE RD,,0,32.3195,-93.984,0,8,0,0,1,1,0,1,2,2,5,2,0,0000000,19,37,19,44,20,12,0,0,0,1,0
22,220604,1,1,0,0,0,2,2,33,150,6,12,2013,6,20,37,1,13,3,SR-42 HIGHLAND RD,,83,30.34786389,-91.07190833,0,1,0,0,1,1,0,4,2,2,10,2,0,0000000,20,27,20,31,21,8,0,0,0,1,0
22,220605,1,1,0,0,0,1,1,5,9898,7,12,2013,7,17,18,0,5,3,SR-942,,31,30.13270278,-90.95147778,0,34,0,0,1,1,0,4,5,10,5,5,0,0000000,17,26,17,39,88,88,0,0,0,1,0
22,220606,1,1,0,1,1,1,1,17,2130,26,4,2013,6,19,13,0,14,6,SOUTHERN AVE,,0,32.48931944,-93.75461111,0,9,0,0,1,1,0,1,1,1,0,1,0,0000000,19,11,19,17,19,28,0,0,0,1,1
22,220607,1,1,0,1,1,1,1,29,9898,11,6,2013,3,22,50,1,13,2,US-84,,1746,31.60851944,-91.52578889,0,8,0,0,1,1,0,1,2,1,0,1,0,0000000,22,57,23,3,23,13,0,0,0,1,0
22,220608,2,2,0,0,0,2,2,63,1045,13,7,2013,7,18,24,0,4,2,US-190,,2115,30.50451944,-90.60688889,0,12,1,0,8,1,0,1,1,1,0,1,0,0000000,18,24,18,31,19,32,0,0,0,1,0
22,220609,2,2,0,0,0,4,4,19,9898,7,12,2013,7,21,50,1,2,2,US-171,N. PERKINS FERRY,123,30.39858056,-93.23195,0,12,6,0,2,2,0,1,2,1,0,1,0,0000000,21,52,22,11,22,48,0,0,0,1,0
22,220610,2,2,0,0,0,3,3,117,9997,8,12,2013,1,5,50,0,3,3,SR-25,,254,30.83676944,-90.17616944,0,12,2,0,1,1,0,1,2,5,2,2,0,0000000,5,55,6,6,6,56,0,0,0,1,1
22,220611,2,2,0,0,0,3,3,57,1970,8,12,2013,1,15,10,0,4,3,SR-182,,12,29.74965278,-90.57058611,0,12,2,0,1,1,0,1,1,5,0,5,0,0000000,15,13,15,25,16,11,0,0,0,1,0
22,220612,2,2,0,1,1,2,2,97,720,9,12,2013,2,4,55,0,3,2,US-190,,964,30.49511944,-92.45271111,0,8,0,0,1,1,0,1,3,10,0,10,0,0000000,4,55,4,58,5,15,0,0,0,2,0
22,220613,1,1,0,0,0,2,2,71,1690,9,12,2013,2,10,13,1,11,1,I-10,LOUISA ST EXIT,2393,29.99836111,-90.04336944,0,59,0,0,5,1,0,5,1,10,0,10,0,0000000,10,13,99,99,99,99,0,0,0,1,0
22,220614,2,2,0,0,0,2,2,57,9898,23,12,2013,2,16,15,1,2,2,US-90,,2254,29.81148889,-90.49222778,0,12,6,0,7,1,0,1,1,1,0,1,0,0000000,16,22,16,38,17,33,0,0,0,1,0
22,220615,2,2,0,0,0,4,4,63,2350,23,12,2013,2,23,59,1,11,1,I-12,,175,30.47301111,-90.83968056,0,12,1,0,1,1,0,1,2,1,0,1,0,0000000,23,59,0,10,1,37,0,0,0,1,0
22,220616,2,2,0,0,0,6,6,69,9898,30,12,2013,2,15,19,0,5,3,SR-3191,,29,31.79091111,-93.14685,0,12,2,0,1,1,0,1,1,1,0,1,0,0000000,15,22,15,30,16,15,0,0,0,1,0
22,220617,4,4,0,0,0,4,4,33,2490,31,12,2013,3,22,30,1,13,3,SR-67 PLANK ROAD,,127,30.62251111,-91.11374722,0,12,2,0,1,1,0,1,2,10,0,10,0,0000000,22,38,22,38,23,19,0,0,0,1,1