STATE,ST_CASE,VE_TOTAL,VE_FORMS,PVH_INVL,PEDS,PERNOTMVIT,PERMVIT,PERSONS,COUNTY,CITY,DAY,MONTH,YEAR,DAY_WEEK,HOUR,MINUTE,NHS,ROAD_FNC,ROUTE,TWAY_ID,TWAY_ID2,MILEPT,LATITUDE,LONGITUD,SP_JUR,HARM_EV,MAN_COLL,RELJCT1,RELJCT2,TYP_INT,WRK_ZONE,REL_ROAD,LGT_COND,WEATHER1,WEATHER2,WEATHER,SCH_BUS,RAIL,NOT_HOUR,NOT_MIN,ARR_HOUR,ARR_MIN,HOSP_HR,HOSP_MN,CF1,CF2,CF3,FATALS,DRUNK_DR
22,220618,1,1,0,0,0,1,1,79,1850,4,12,2013,4,6,45,0,6,4,CR-HICKORY HILL RD,FUGLAAR DR,0,31.38801111,-92.45201944,0,53,0,0,1,1,0,4,4,1,0,1,0,0000000,6,53,6,58,7,33,0,0,0,1,0
22,220619,1,1,0,0,0,1,1,79,1850,23,12,2013,2,22,17,0,6,4,CR-BARRON CHAPEL,,0,31.34587222,-92.26496111,0,34,0,0,1,1,0,4,2,1,0,1,0,0000000,22,18,22,36,23,3,0,0,0,1,0
22,220620,1,1,0,0,0,1,1,115,1300,23,12,2013,2,20,0,0,6,4,CR-FAL RD,,0,30.98446389,-93.48681111,0,42,0,0,1,1,0,4,2,10,0,10,0,0000000,20,33,20,53,21,32,0,0,0,1,0
22,220621,2,2,0,0,0,2,2,67,9898,26,12,2013,5,15,10,0,4,3,SR-139,,167,32.73043889,-91.920925,0,12,6,0,8,1,0,1,1,1,0,1,0,0000000,15,11,15,20,16,56,0,0,0,1,0
22,220622,1,1,0,0,0,1,1,1,658,26,12,2013,5,17,15,1,1,1,I-10,,764,30.23294444,-92.46484444,0,1,0,0,5,1,0,4,5,1,0,1,0,0000000,17,17,17,46,18,15,0,0,0,1,0
22,220623,1,1,0,0,0,1,1,115,1300,26,12,2013,5,19,45,0,15,4,CR-JEAN CHAPEL RD,,0,31.06636111,-93.25646944,0,18,0,0,1,1,0,4,2,1,0,1,0,0000000,19,55,20,4,88,88,0,0,0,1,0
22,220624,1,1,0,1,1,1,1,87,350,28,12,2013,7,23,14,1,13,3,SR-46,,56,29.94251944,-89.97906944,0,8,0,0,1,1,0,2,6,2,0,2,0,0000000,5,32,5,38,88,88,18,0,0,1,1
22,220625,1,1,0,0,0,1,1,19,0,23,12,2013,2,19,0,0,4,3,SR-27,,730,30.08308889,-93.36148889,0,1,0,0,1,1,0,4,2,1,0,1,0,0000000,99,98,99,98,88,88,0,0,0,1,1
22,220626,1,1,0,0,0,2,2,45,0,25,12,2013,4,99,99,0,6,4,CR-CORNELIUS P VOORHIES ROAD,,0,29.93430278,-91.83649167,0,3,0,0,1,1,0,5,2,1,0,1,0,0000000,14,13,14,23,88,88,1,3,0,2,1
22,220627,2,2,0,0,0,4,4,1,0,25,12,2013,4,21,50,0,3,3,SR-35,,329,30.286625,-92.26293611,0,12,2,0,1,1,0,1,2,1,0,1,0,0000000,21,55,22,12,22,58,0,0,0,1,0
22,220628,2,2,0,0,0,6,6,55,0,28,12,2013,7,13,26,0,4,3,SR-343,,163,30.21823056,-92.17598056,0,12,6,0,1,1,0,1,1,2,0,2,0,0000000,13,32,13,50,14,26,0,0,0,3,1
22,220629,1,1,0,1,1,1,1,103,510,29,12,2013,1,14,57,0,16,6,RIVERDALE DRIVE,,0,30.42621944,-90.11338889,0,9,0,0,1,1,0,1,1,10,0,10,0,0000000,15,0,15,12,15,42,4,0,0,1,0
22,220630,1,1,0,1,1,3,3,63,570,29,12,2013,1,20,5,0,14,3,SR-1026 JUBAN ROAD,,40,30.47760556,-90.91803333,0,8,0,0,1,1,0,1,2,1,0,1,0,0000000,88,88,88,88,88,88,0,0,0,1,0
22,220631,2,2,0,0,0,5,5,89,1701,26,5,2013,1,1,45,0,3,2,US-61 AIRLINE HWY,,183,29.99863056,-90.38444444,0,12,6,0,1,1,0,1,2,1,0,1,0,0000000,1,48,2,1,2,59,0,0,0,3,1
22,220632,1,1,0,0,0,1,1,115,9898,24,6,2013,2,7,0,0,4,3,SR-8,,359,31.22801111,-93.09863056,0,18,0,0,1,1,1,4,1,1,0,1,0,0000000,99,98,99,98,88,88,0,0,0,1,0
22,220633,1,1,0,0,0,1,1,93,9898,13,7,2013,7,20,45,0,6,3,SR-3219,,6,29.96699722,-90.81481389,0,1,0,0,1,1,0,4,2,1,0,1,0,0000000,20,47,21,0,88,88,0,0,0,1,1
22,220634,2,2,0,0,0,3,3,71,1690,16,7,2013,3,8,51,1,11,1,I-10 SERVICE RD,,2425,30.02476111,-90.01061111,0,12,2,0,1,1,0,1,1,10,0,10,0,0000000,99,99,99,99,99,99,0,0,0,1,0
22,220635,1,1,0,0,0,1,1,19,1250,17,8,2013,7,2,0,0,15,4,CR-PINECONE DR,CR-BELFIELD DR,0,30.31591111,-93.21421944,0,34,0,0,3,3,0,4,3,1,0,1,0,0000000,2,7,2,24,88,88,0,0,0,1,1
22,220636,1,1,0,0,0,2,2,5,9997,4,9,2013,4,21,35,0,4,3,SR-22,,165,30.24790278,-90.789175,0,34,0,0,1,1,0,4,2,1,0,1,0,0000000,21,34,21,50,22,14,0,0,0,1,0
22,220637,2,2,0,0,0,4,4,33,150,7,8,2013,4,14,7,1,13,2,US-190 FLORIDA BLVD,,1822,30.45491944,-91.08245,0,12,2,0,1,1,0,1,1,1,0,1,0,0000000,14,7,14,12,14,46,0,0,0,1,0
22,220638,3,3,0,0,0,4,4,71,1690,7,9,2013,7,22,30,1,11,1,I-610,,26,29.99276111,-90.08118889,0,12,2,0,1,1,0,1,3,1,0,1,0,0000000,22,46,22,51,23,8,0,0,0,1,1
22,220639,2,2,0,0,0,1,1,97,1800,10,10,2013,5,19,15,0,4,4,CR-KENNERSON RD,,0,30.57361111,-92.05836111,0,12,1,0,1,1,0,1,2,1,0,1,0,0000000,19,33,19,39,88,88,23,0,0,1,1
22,220642,3,3,0,0,0,5,5,51,1545,31,12,2013,3,21,57,1,11,1,I-10,,2297,29.99693889,-90.14739167,0,12,6,0,1,1,0,1,3,2,0,2,0,0000000,21,58,22,2,88,88,0,0,0,1,1
22,220643,5,5,0,2,2,9,9,71,1690,24,11,2013,1,1,10,1,1,1,I-10,,2405,30.00466111,-90.02589167,0,12,7,1,18,1,0,1,2,10,0,10,0,0000000,99,99,99,99,99,99,23,0,0,2,0
22,220644,1,1,0,1,1,1,1,33,150,21,6,2013,6,21,35,0,14,6,GREENWELL STREET,,0,30.50238056,-91.12998056,0,8,0,0,1,1,0,1,9,99,0,99,0,0000000,99,99,99,99,99,99,0,0,0,1,0
22,220645,1,1,0,0,0,1,1,39,2276,21,2,2013,5,14,48,0,3,3,SR-13,,629,30.86021111,-92.41586111,0,16,0,0,1,1,0,1,1,2,0,2,0,0000000,14,50,15,5,88,88,0,0,0,1,0
22,220646,1,1,0,1,1,1,1,33,150,25,7,2013,5,22,0,1,13,2,US-426 OLD HAMMOND,,38,30.4403,-91.046,0,8,0,0,1,1,0,1,3,1,0,1,0,0000000,22,0,22,6,99,99,0,0,0,1,0
22,220647,1,1,0,0,0,1,1,61,9898,11,11,2013,2,10,17,1,11,1,I-20,,792,32.54503889,-92.74996111,0,42,0,0,1,1,0,4,1,1,0,1,0,0000000,10,23,10,34,10,53,0,0,0,1,0
22,220648,1,1,0,0,0,3,3,59,9898,20,12,2013,6,3,47,0,6,8,DIVERSION CANAL LEVEE ROAD,,0,31.43501111,-92.01646111,0,1,0,0,1,1,0,4,2,10,0,10,0,0000000,4,12,4,39,5,37,0,0,0,1,1
22,220649,1,1,0,0,0,1,1,69,0,13,6,2013,5,10,53,0,9,8,SANDSTONE MULTI-USE TRAIL,,0,99.99990000,999.99990000,1,42,0,0,1,1,0,6,1,1,0,1,0,0000000,10,53,11,42,88,88,99,99,99,1,0
22,220650,1,1,0,0,0,1,1,103,0,28,4,2013,1,14,35,1,11,1,I-12,,787,30.32398889,-89.85618889,0,57,0,0,1,1,0,3,1,1,0,1,0,0000000,99,99,99,99,88,88,20,0,0,1,0
22,220651,1,1,0,1,1,1,1,33,150,30,11,2013,7,18,15,1,13,3,SR-3246 SEIGEN LANE,REIGER LANE,26,30.38453889,-91.06456944,0,8,0,0,3,2,0,1,2,1,0,1,0,0000000,18,16,18,21,18,39,0,0,0,1,0
22,220652,1,1,0,0,0,1,1,105,0,15,12,2013,1,3,39,0,15,2,US-190,,2249,30.51233056,-90.38685,0,53,0,0,1,1,0,4,2,1,0,1,0,0000000,3,39,3,45,4,10,0,0,0,1,1
22,220653,1,1,0,0,0,6,6,73,1560,24,6,2013,2,0,19,0,14,3,SR-594,RUSSELL SAGE RD,71,32.49508056,-91.99001944,0,34,0,0,3,2,0,4,2,1,0,1,0,0000000,0,19,0,33,1,5,0,0,0,1,1
22,220654,1,1,0,0,0,1,1,37,420,22,8,2013,5,20,7,0,6,6,OLD SOUTH DR,,0,30.86803889,-91.01543056,0,53,0,0,1,1,0,4,2,1,0,1,0,0000000,99,99,99,99,99,99,0,0,0,1,0
22,220655,3,3,0,0,0,3,3,71,1690,21,4,2013,1,14,39,1,13,2,US-90 CHEF MENTEUR HWY,STEMWAY,2652,30.01033889,-90.0176,0,12,6,0,2,3,0,1,1,1,0,1,0,0000000,14,40,14,50,15,10,0,0,0,1,1
22,220656,2,2,0,1,1,2,2,71,1690,20,5,2013,2,20,57,1,13,2,US-90 S. CLAIBORNE AVE,GEN. TAYLOR,2569,29.9404,-90.09986111,0,8,0,0,2,2,0,1,2,1,0,1,0,0000000,99,99,99,99,21,30,14,0,0,1,0
22,220657,1,1,0,1,1,3,3,71,1690,14,6,2013,6,23,30,0,15,6,POYDRAS,S. PETERS,0,29.94846944,-90.06593056,0,8,0,0,2,2,0,1,3,1,0,1,0,0000000,23,10,23,13,23,24,0,0,0,1,0
22,220658,1,1,0,1,1,1,1,71,1690,8,7,2013,2,16,15,1,13,6,S. CARROLLTON AVE,NELSON ST,0,29.95673889,-90.11971944,0,9,0,0,3,2,0,1,1,10,0,10,0,0000000,16,23,16,31,16,47,0,0,0,1,0
22,220659,1,1,0,1,1,1,1,71,1690,22,6,2013,7,22,30,1,13,2,US-61,,13,29.96998056,-90.10923889,0,9,0,1,18,1,0,1,3,1,0,1,0,0000000,22,30,22,35,22,57,0,0,0,1,0
22,220660,2,2,0,0,0,5,5,71,1690,31,10,2013,5,19,20,0,14,3,SR-47,SYMMES AVE,127,30.04858889,-89.98545,0,12,6,0,2,2,0,1,5,1,0,1,1,0000000,19,30,19,40,20,25,0,0,0,1,0
22,220661,1,1,0,0,0,1,1,71,1690,27,9,2013,6,23,20,1,13,6,JOURDAN ROAD,ALMONASTER,0,30.00460278,-90.02218611,0,25,0,1,5,1,0,4,3,1,0,1,0,0000000,23,25,23,30,99,99,0,0,0,1,0
22,220662,1,1,0,0,0,1,1,85,2500,26,7,2013,6,20,50,0,4,3,SR-120 E. OAK ST,,6,31.64951111,-93.62291111,0,34,0,0,1,1,0,4,2,10,0,10,0,0000000,20,50,21,0,88,88,0,0,0,1,1
23,230001,2,2,0,0,0,3,3,3,2850,10,1,2013,5,17,25,0,6,6,PRESQUE ISLE ROAD,,0,46.735475,-67.89888889,0,12,6,0,1,1,0,1,2,11,0,11,0,0000000,17,27,17,36,17,56,0,0,0,1,0
23,230002,1,1,0,0,0,2,2,11,6635,12,1,2013,7,17,36,0,6,6,P RIDGE ROAD,LANE ROAD,0,44.38843889,-70.00081944,0,42,0,0,3,3,0,6,2,5,0,5,0,0000000,17,41,17,53,18,46,0,0,0,1,0
23,230003,1,1,0,0,0,1,1,9,3037,18,1,2013,6,9,27,0,3,3,SR-182,,0,44.61851389,-68.18106944,0,52,0,0,1,1,0,6,1,1,0,1,0,0000000,9,30,9,46,88,88,0,0,0,1,1
23,230004,1,1,0,0,0,2,2,11,4958,8,1,2013,3,23,55,0,6,6,GRANITE HILL ROAD,,0,44.32472222,-69.856125,0,48,0,0,1,1,0,6,2,1,0,1,0,0000000,0,4,0,15,1,0,0,0,0,1,1
23,230005,1,1,0,0,0,3,3,7,4022,13,1,2013,1,15,6,0,6,6,HYDE ROAD,,0,44.50178611,-70.18931389,0,42,0,0,1,1,0,6,1,5,0,5,0,0000000,15,10,15,23,16,2,0,0,0,1,0
23,230006,2,2,0,0,0,3,3,11,5955,16,1,2013,4,5,45,0,6,6,NORTH PALERMO ROAD,CARRS CORNER ROAD,0,44.44031667,-69.40900278,0,12,2,0,2,3,0,1,2,10,0,10,0,0000000,5,46,6,6,6,55,0,0,0,1,0
23,230007,2,2,0,0,0,2,2,29,4050,27,1,2013,1,6,4,0,6,6,MAIN STREET,,0,44.52928056,-67.62942778,0,12,2,0,1,1,0,1,4,1,0,1,0,0000000,6,9,6,23,7,15,0,0,0,1,1
23,230008,1,1,0,0,0,1,1,11,8790,6,2,2013,4,0,30,0,6,6,TOWER ROAD,,0,44.54546667,-70.03299444,0,34,0,0,1,1,0,6,2,10,0,10,0,0000000,0,30,0,43,88,88,0,0,0,1,0
23,230009,2,2,0,0,0,2,2,5,950,6,2,2013,4,12,49,0,6,6,PORTLAND ROAD,WILLETTE ROAD,0,44.00878889,-70.67559444,0,12,6,0,2,2,0,1,1,1,0,1,0,0000000,12,50,12,57,13,10,0,0,0,1,0
23,230010,1,1,0,0,0,1,1,19,6028,10,2,2013,1,8,39,0,6,6,MAIN ROAD,,0,45.20119722,-68.61502778,0,35,0,0,1,1,0,6,2,11,0,11,0,0000000,99,99,99,99,99,99,0,0,0,1,0
23,230011,3,2,1,0,1,3,4,3,6450,18,2,2013,2,10,38,0,6,6,CONANT ROAD,,0,46.67534444,-67.96421944,0,12,1,0,1,1,0,5,1,4,0,4,0,0000000,10,40,10,45,11,16,0,0,0,1,0
23,230012,1,1,0,0,0,1,1,19,5920,28,2,2013,5,2,38,0,6,6,BREWER LAKE ROAD,,0,44.75303333,-68.76846111,0,30,0,0,1,1,0,6,2,3,12,3,0,0000000,2,39,2,49,3,4,0,0,0,1,1
23,230013,1,1,0,0,0,1,1,3,9605,14,2,2013,5,16,18,0,3,3,SR-171,,0,45.66628333,-68.10725278,0,48,0,0,1,1,0,6,1,1,0,1,0,0000000,16,20,16,46,88,88,0,0,0,1,0
23,230014,2,2,0,0,0,2,2,17,5650,25,2,2013,2,18,45,0,3,3,SR-117,,0,44.21198056,-70.53400556,0,12,2,0,1,1,0,1,2,10,0,10,0,0000000,18,50,18,55,19,50,0,0,0,1,1
23,230015,2,2,0,0,0,2,2,31,9800,18,3,2013,2,9,59,0,6,6,LONG SANDS ROAD,AVON AVENUE,0,43.14612222,-70.64623611,0,12,2,0,2,3,0,1,1,1,0,1,0,0000000,10,0,10,5,10,20,0,0,0,1,0
23,230016,2,2,0,0,0,2,2,11,430,19,3,2013,3,12,10,0,3,3,SR-139,,0,44.60413611,-69.48503611,0,12,2,0,1,1,0,1,1,4,0,4,0,0000000,12,12,12,24,12,46,0,0,0,1,0
23,230017,1,1,0,1,1,1,1,13,8890,30,3,2013,7,21,55,0,6,6,ATLANTIC HIGHWAY,,0,44.10026667,-69.24835556,0,8,0,0,1,1,0,1,2,1,0,1,0,0000000,21,58,22,9,88,88,0,0,0,1,0
23,230018,1,1,0,0,0,1,1,11,6204,31,3,2013,1,18,45,0,6,6,TROOP ROAD,,0,44.21254722,-69.74985,0,34,0,0,1,1,0,6,1,1,0,1,0,0000000,18,49,19,8,19,30,0,0,0,1,0
23,230019,1,1,0,0,0,1,1,11,160,2,4,2013,3,18,2,0,6,6,488 WESTERN AVENUE,,0,44.32057778,-69.82519722,0,59,0,0,1,1,0,6,1,10,0,10,0,0000000,18,3,18,7,99,99,0,0,0,1,0
23,230020,1,1,0,0,0,1,1,23,9600,10,4,2013,4,17,19,0,6,6,GRAY CORNER ROAD,,0,43.96946667,-69.73789722,0,42,0,0,1,1,0,6,1,10,0,10,0,0000000,17,20,17,28,88,88,0,0,0,1,1
23,230021,1,1,0,0,0,1,1,23,3170,20,4,2013,7,21,46,0,6,6,BAY POINT ROAD,,0,43.78642778,-69.76101667,0,35,0,0,1,1,0,6,2,1,0,1,0,0000000,21,49,22,0,99,99,0,0,0,1,1
23,230022,1,1,0,0,0,2,2,19,3603,20,4,2013,7,18,6,0,6,6,BOG ROAD,,0,44.76536111,-68.92375833,0,1,0,0,1,1,0,2,1,1,0,1,0,0000000,18,12,18,20,18,37,0,0,0,1,1
23,230023,2,2,0,0,0,4,4,31,450,10,4,2013,4,7,48,0,3,3,SR-4,,0,43.26705278,-70.77872778,0,12,2,0,1,1,0,1,1,2,0,2,0,0000000,7,50,7,53,8,41,0,0,0,1,0
23,230024,1,1,0,0,0,2,2,3,2850,29,4,2013,2,22,46,0,6,6,NORTH CARIBOU ROAD,,0,46.80578611,-67.86438611,0,42,0,0,1,1,0,6,2,1,0,1,0,0000000,22,47,22,57,23,54,0,0,0,1,0
23,230025,1,1,0,0,0,1,1,13,5550,26,3,2013,3,22,21,0,6,6,347 SOUTH SHORE ROAD,,0,44.15149722,-68.83985,0,38,0,0,1,1,0,6,2,1,0,1,0,0000000,22,21,22,31,88,88,0,0,0,1,1
23,230026,1,1,0,0,0,1,1,25,7203,19,4,2013,6,2,3,0,6,6,MOUNTAIN ROAD,,0,44.89619444,-69.45103333,0,34,0,0,1,1,0,6,2,1,0,1,0,0000000,2,3,2,16,88,88,0,0,0,1,1
23,230027,1,1,0,0,0,1,1,11,5260,7,5,2013,3,21,0,0,6,6,WAUGAN ROAD,,0,44.245725,-69.99067778,0,34,0,0,1,1,0,6,2,1,0,1,0,0000000,21,16,21,21,88,88,0,0,0,1,0
23,230028,2,2,0,0,0,2,2,31,6025,12,5,2013,1,17,47,0,3,3,SR-25,,0,43.80671667,-70.88779444,0,12,2,0,1,1,0,1,1,1,0,1,0,0000000,17,47,18,0,88,88,0,0,0,1,1
23,230029,1,1,0,0,0,2,2,31,4100,21,4,2013,1,5,27,0,6,6,DURRELL'S BRIDGE ROAD,SUMMER STREEET,0,43.37869444,-70.50933611,0,42,0,0,3,3,0,6,3,1,0,1,0,0000000,5,33,5,35,6,18,0,0,0,1,1
23,230030,1,1,0,1,1,1,1,19,5900,7,5,2013,3,19,2,0,6,6,FOREST AVENUE,,0,44.89009722,-68.74130833,0,8,0,0,1,1,1,1,1,1,0,1,0,0000000,19,3,19,6,19,23,0,0,0,1,1
23,230031,2,2,0,0,0,2,2,7,5455,9,5,2013,5,16,2,0,3,3,SR-2,,0,44.62631667,-70.05397778,0,12,2,0,4,1,0,1,1,1,0,1,0,0000000,16,2,16,13,16,31,0,0,0,1,1
23,230032,1,1,0,0,0,2,2,5,1150,3,5,2013,6,16,54,1,2,2,US-1,,0,43.916975,-69.973975,0,1,0,0,1,1,0,5,1,1,0,1,0,0000000,16,54,17,5,17,39,0,0,0,1,0
23,230033,1,1,0,0,0,1,1,5,6400,12,5,2013,1,3,34,0,6,6,OCEAN AVENUE,,0,43.68188333,-70.27693889,0,33,0,0,1,1,0,4,3,5,0,5,0,0000000,3,36,3,39,88,88,0,0,0,1,1
23,230034,1,1,0,0,0,2,2,1,80,10,5,2013,6,5,53,0,6,6,POWNAL ROAD,,0,44.015025,-70.23655556,0,42,0,0,1,1,0,6,4,10,0,10,0,0000000,5,59,6,19,6,35,0,0,0,1,0
23,230035,1,1,0,0,0,3,3,15,9400,11,5,2013,7,2,49,0,3,3,SR-144,,0,43.98129722,-69.68530556,0,35,0,0,1,1,0,6,2,1,0,1,0,0000000,3,3,3,5,3,30,0,0,0,1,1
23,230036,3,3,0,0,0,5,5,31,4405,28,5,2013,3,6,41,0,3,3,SR-117,DOLES RIDGE ROAD,0,43.67505278,-70.69633889,0,12,6,0,3,3,0,1,1,1,0,1,1,0000000,6,52,6,56,7,20,0,0,0,1,0
23,230037,1,1,0,0,0,1,1,3,1500,2,5,2013,5,18,3,0,6,6,YORK STREET,,0,46.844975,-68.05065556,0,35,0,0,1,1,0,6,1,1,0,1,0,0000000,18,5,18,8,88,88,0,0,0,1,0
23,230038,1,1,0,0,0,3,3,31,4750,6,5,2013,2,19,57,0,6,6,WALKER ROAD,,0,43.47567222,-70.67231389,0,42,0,0,1,1,0,6,5,1,0,1,0,0000000,20,0,20,9,20,45,0,0,0,1,0
23,230039,1,1,0,0,0,1,1,15,7455,12,5,2013,1,0,31,0,3,3,SR-129,,0,43.91915833,-69.555575,0,39,0,0,1,1,0,6,2,5,0,5,0,0000000,0,32,0,43,88,88,0,0,0,1,1
23,230040,1,1,0,0,0,1,1,31,8899,31,5,2013,6,21,59,0,6,6,HAMILTON ROAD,,0,43.545875,-70.703975,0,42,0,0,1,1,0,6,2,1,0,1,0,0000000,22,2,22,9,88,88,0,0,0,1,0
23,230042,2,2,0,0,0,2,2,3,4900,10,6,2013,2,14,35,0,6,6,MAIN STREET,,0,47.35427222,-68.31049444,0,12,6,0,8,1,0,1,1,1,0,1,0,0000000,14,36,14,43,15,0,0,0,0,1,0
23,230043,1,1,0,0,0,1,1,9,1200,7,6,2013,6,23,50,0,6,6,BUCKSMILL ROAD,,0,44.65315278,-68.70445556,0,30,0,0,1,1,0,6,2,2,0,2,0,0000000,0,18,0,27,1,19,0,0,0,1,1
23,230044,1,1,0,0,0,1,1,9,8115,16,6,2013,1,5,10,0,3,3,SR-172,,0,44.50163056,-68.44185556,0,35,0,0,1,1,0,6,4,1,0,1,0,0000000,5,14,5,27,88,88,0,0,0,1,1
23,230045,1,1,0,0,0,1,1,27,3035,12,5,2013,1,19,7,0,6,6,SWANVILLE ROAD,,0,44.59962778,-68.94143056,0,32,0,0,1,1,0,6,1,2,0,2,0,0000000,19,9,19,23,20,23,0,0,0,1,1
23,230046,3,3,0,0,0,3,3,11,160,17,6,2013,2,7,13,0,3,3,SR-3,,0,44.33165556,-69.75263889,0,12,2,0,1,1,0,1,1,1,0,1,0,0000000,7,15,7,19,7,44,0,0,0,2,0
23,230047,1,1,0,1,1,1,1,17,3601,14,6,2013,6,8,45,1,2,2,US-2,,0,44.48477778,-70.72574167,0,9,0,0,1,1,0,2,1,1,0,1,0,0000000,8,46,8,59,88,88,0,0,0,1,0
23,230048,1,1,0,0,0,1,1,25,2650,25,5,2013,7,11,21,0,6,6,NORRIDGEWOCK ROAD,,0,44.59595,-69.65465556,0,34,0,0,1,1,0,6,1,2,0,2,0,0000000,11,23,11,32,11,48,0,0,0,1,0
23,230049,1,1,0,0,0,2,2,19,1720,30,6,2013,1,18,2,0,3,3,SR-9,,0,44.83233889,-68.08736111,0,24,0,0,1,1,0,6,1,10,0,10,0,0000000,18,5,18,17,88,88,0,0,0,2,0
23,230050,1,1,0,0,0,1,1,29,9095,19,6,2013,4,2,27,0,3,3,SR-1A,,0,44.70778889,-67.52348056,0,34,0,0,1,1,0,6,2,1,0,1,0,0000000,2,27,2,45,88,88,0,0,0,1,1
23,230051,1,1,0,0,0,3,3,27,8230,4,7,2013,5,19,22,0,3,3,SR-220,,0,44.57955556,-69.27806944,0,24,0,0,1,1,0,6,1,10,0,10,0,0000000,19,39,19,50,20,26,0,0,0,1,1
23,230052,1,1,0,0,0,1,1,29,9997,4,7,2013,5,1,32,0,6,6,WEST STREET,,0,45.17566111,-67.61440833,0,42,0,0,1,1,0,6,2,1,0,1,0,0000000,1,50,2,12,88,88,0,0,0,1,1
23,230053,2,2,0,0,0,4,4,9,705,6,7,2013,7,12,51,0,3,3,SR-172,,0,44.46126944,-68.53841667,0,12,2,0,1,1,0,1,1,1,0,1,0,0000000,12,52,12,59,13,32,0,0,0,1,0
23,230054,2,1,1,0,0,4,4,9,3604,1,7,2013,2,23,11,1,2,2,US-1,,0,44.52454167,-68.23666389,0,14,0,0,1,1,0,5,2,2,0,2,0,0000000,23,12,23,39,0,24,0,0,0,2,1
23,230055,2,2,0,0,0,2,2,9,2500,1,7,2013,2,23,34,0,6,6,BUCKSPORT ROAD,,0,44.54088333,-68.50121389,0,12,2,0,1,1,0,1,2,2,0,2,0,0000000,23,35,23,51,0,13,0,0,0,1,1
23,230056,2,2,0,0,0,2,2,5,1150,6,7,2013,7,11,12,0,6,6,BATH ROAD,,0,43.90840556,-69.912275,0,12,7,0,8,1,0,1,1,1,0,1,0,0000000,11,15,11,16,11,35,0,0,0,1,0
23,230057,2,2,0,0,0,3,3,1,4350,13,7,2013,7,16,29,0,6,6,LISBON STREET,,0,44.06996667,-70.16888611,0,12,2,0,1,1,0,1,1,1,0,1,0,0000000,16,32,16,41,17,1,0,0,0,1,0
23,230058,1,1,0,0,0,1,1,25,5452,25,6,2013,3,5,47,0,6,6,MIDDLE ROAD,,0,44.90603611,-70.03077778,0,42,0,0,1,1,0,6,2,1,0,1,0,0000000,5,47,6,0,88,88,0,0,0,1,1
23,230059,1,1,0,0,0,4,4,25,4000,10,7,2013,4,20,19,1,2,2,US-201,,0,45.63071944,-70.26159167,0,1,0,0,1,1,0,5,2,1,0,1,0,0000000,20,10,20,30,20,33,0,0,0,2,1
23,230060,2,2,0,0,0,2,2,7,6605,15,7,2013,2,12,7,0,3,3,SR-6,,0,44.96390833,-70.77706389,0,12,2,0,1,1,0,1,1,1,0,1,0,0000000,12,10,12,27,88,88,0,0,0,1,0
23,230061,1,1,0,0,0,2,2,29,7063,23,7,2013,3,21,6,0,6,6,SCHOPPEE POINT ROAD,,0,44.61166389,-67.4834,0,3,0,0,1,1,0,6,2,5,0,5,0,0000000,21,7,21,24,88,88,0,0,0,2,0
23,230062,1,1,0,0,0,1,1,5,3608,25,7,2013,5,2,56,0,6,6,WATERFORD ROAD,,0,44.14596667,-70.77751111,0,42,0,0,1,1,0,6,2,1,0,1,0,0000000,2,56,3,3,88,88,0,0,0,1,0
23,230063,2,2,0,0,0,3,3,5,3250,11,7,2013,5,9,8,0,3,3,SR-25,,0,43.68366944,-70.47495,0,12,2,0,1,1,0,1,1,1,0,1,0,0000000,9,16,9,26,10,0,0,0,0,1,0
23,230064,2,2,0,0,0,5,5,11,1651,14,7,2013,1,12,30,0,3,3,SR-17,WINDSOR ROAD,0,44.27340556,-69.66715556,0,12,2,0,2,4,0,1,1,1,0,1,0,0000000,12,32,12,48,13,12,0,0,0,1,0
23,230065,2,2,0,0,0,2,2,27,4380,30,7,2013,3,8,17,0,3,3,SR-3,,0,44.405525,-69.32397778,0,12,2,0,1,1,0,1,1,1,0,1,0,0000000,8,18,8,28,9,0,0,0,0,1,0
23,230066,1,1,0,0,0,5,5,19,4450,4,8,2013,1,9,39,1,1,1,I-95,,0,45.36570278,-68.60621667,0,1,0,0,1,1,0,3,1,1,0,1,0,0000000,9,56,10,4,10,39,0,0,0,1,0
23,230067,1,1,0,3,3,1,1,31,550,2,8,2013,6,17,56,0,6,6,ELM STREET,,0,43.48540278,-70.46990556,0,9,0,0,1,1,0,1,1,1,0,1,0,0000000,17,56,18,11,18,22,0,0,0,1,1
23,230068,1,1,0,0,0,1,1,31,4405,3,8,2013,7,15,58,0,3,3,SR-25,,0,43.73561944,-70.66549722,0,34,0,0,1,1,0,6,1,1,0,1,0,0000000,16,0,16,1,17,0,0,0,0,1,0
23,230069,2,2,0,0,0,2,2,7,5460,9,8,2013,6,9,17,0,3,3,SR-27,,0,44.80820833,-70.1167,0,12,2,0,1,1,0,1,1,2,0,2,0,0000000,9,20,9,32,10,1,0,0,0,1,0
23,230070,1,1,0,0,0,1,1,5,5433,11,8,2013,1,15,34,0,6,6,WEYMOUTH ROAD,,0,43.94523611,-70.28735278,0,42,0,0,8,1,0,6,1,1,0,1,0,0000000,15,39,15,54,88,88,0,0,0,1,1
23,230071,2,2,0,0,0,3,3,15,5470,12,7,2013,6,10,54,1,2,2,US-1,,0,44.09108889,-69.46965,0,12,2,0,1,1,0,1,1,1,0,1,0,0000000,10,56,11,3,11,21,0,0,0,1,0