STATE,ST_CASE,VE_TOTAL,VE_FORMS,PVH_INVL,PEDS,PERNOTMVIT,PERMVIT,PERSONS,COUNTY,CITY,DAY,MONTH,YEAR,DAY_WEEK,HOUR,MINUTE,NHS,ROAD_FNC,ROUTE,TWAY_ID,TWAY_ID2,MILEPT,LATITUDE,LONGITUD,SP_JUR,HARM_EV,MAN_COLL,RELJCT1,RELJCT2,TYP_INT,WRK_ZONE,REL_ROAD,LGT_COND,WEATHER1,WEATHER2,WEATHER,SCH_BUS,RAIL,NOT_HOUR,NOT_MIN,ARR_HOUR,ARR_MIN,HOSP_HR,HOSP_MN,CF1,CF2,CF3,FATALS,DRUNK_DR
23,230072,1,1,0,0,0,1,1,1,80,2,8,2013,6,13,47,0,6,6,TURNER ROAD,,0,44.14543611,-70.22795556,0,24,0,0,1,1,0,6,1,1,0,1,0,0000000,13,49,14,1,14,18,0,0,0,1,1
23,230073,1,1,0,0,0,1,1,23,820,6,8,2013,3,18,9,1,1,1,I-295,,0,43.98911389,-69.93338333,0,1,0,0,1,1,0,3,1,1,0,1,0,0000000,18,9,18,13,18,34,0,0,0,1,1
23,230074,1,1,0,0,0,1,1,31,7200,16,8,2013,6,6,46,0,6,6,222 JENKINS ROAD,,0,43.55046111,-70.43962222,0,34,0,0,1,1,0,6,1,1,0,1,0,0000000,6,49,6,53,88,88,0,0,0,1,0
23,230075,2,2,0,0,0,2,2,31,5750,6,8,2013,3,9,57,0,6,6,CASCADE ROAD,ROSS ROAD,0,43.53118889,-70.39233333,0,12,6,0,2,2,0,1,1,1,0,1,0,0000000,9,57,10,3,10,41,0,0,0,1,0
23,230076,1,1,0,0,0,1,1,25,7350,10,8,2013,7,15,18,0,6,6,EAST MADISON ROAD,,0,44.78689444,-69.729575,0,35,0,0,1,1,0,6,1,1,0,1,0,0000000,15,22,15,26,15,36,0,0,0,1,0
23,230077,8,2,6,4,4,3,3,13,7208,11,8,2013,1,14,36,0,6,6,PORT CLYDE ROAD,,0,43.94039444,-69.23508611,0,12,1,0,1,1,0,1,1,1,0,1,0,0000000,14,36,14,47,15,6,0,0,0,1,0
23,230078,1,1,0,0,0,1,1,11,160,13,8,2013,3,16,58,1,1,1,I-95,,0,44.34548056,-69.79635833,0,34,0,1,5,1,0,6,1,10,0,10,0,0000000,17,1,17,3,88,88,0,0,0,1,0
23,230079,2,2,0,0,0,2,2,19,2050,8,8,2013,5,3,49,0,3,3,SR-7,,0,45.04748889,-69.27018056,0,12,2,0,1,1,0,1,2,1,0,1,0,0000000,3,52,4,7,4,27,0,0,0,1,0
23,230080,1,1,0,0,0,1,1,19,5055,19,8,2013,2,10,36,1,1,1,I-95 NB,,0,45.59679167,-68.52931389,0,42,0,0,1,1,0,3,1,1,0,1,0,0000000,10,42,10,56,11,25,0,0,0,1,0
23,230081,2,2,0,0,0,2,2,11,160,20,8,2013,3,14,51,1,2,2,US-201,,0,44.31488333,-69.76926667,0,12,2,0,1,1,0,1,1,1,0,1,0,0000000,15,0,15,14,15,58,0,0,0,2,0
23,230082,2,2,0,0,0,5,5,27,400,31,8,2013,7,18,22,1,2,2,US-1,NORTHPORT AVENUE,0,44.43235833,-69.013675,0,12,6,0,2,2,0,1,1,1,0,1,0,0000000,18,27,18,35,19,30,0,0,0,1,0
23,230083,2,2,0,0,0,3,3,17,1335,5,9,2013,5,13,10,0,3,3,SR-108,,0,44.44273333,-70.31668889,0,12,2,0,1,1,0,1,1,1,0,1,0,0000000,13,10,13,22,88,88,0,0,0,2,0
23,230084,1,1,0,0,0,1,1,3,5216,26,8,2013,2,20,50,0,6,6,AROOSTOOK ROAD,,0,45.63506944,-68.31915278,0,35,0,0,1,1,0,6,2,1,0,1,0,0000000,20,51,21,8,88,88,0,0,0,1,1
23,230085,2,2,0,0,0,2,2,17,9070,28,8,2013,4,10,56,0,3,3,SR-26,,0,44.332575,-70.55577778,0,12,2,0,1,1,0,1,1,1,0,1,0,0000000,10,59,11,3,11,41,0,0,0,1,0
23,230086,1,1,0,0,0,1,1,19,3425,6,9,2013,6,21,13,0,6,6,GREENFIELD ROAD,,0,45.03502222,-68.59823611,0,42,0,0,1,1,0,6,2,1,0,1,0,0000000,21,14,21,25,88,88,0,0,0,1,1
23,230087,1,1,0,1,1,1,1,11,160,30,8,2013,6,21,15,0,6,6,40 NORTHERN AVENUE,MILL STREET,0,44.32368333,-69.774725,0,9,0,0,2,3,0,1,3,1,0,1,0,0000000,21,15,21,17,21,56,0,0,0,1,0
23,230088,1,1,0,0,0,1,1,31,4399,17,9,2013,3,23,0,0,6,6,PARSONSFIELD ROAD,,0,43.69493056,-70.81758056,0,30,0,0,1,1,0,6,2,1,0,1,0,0000000,23,2,23,9,88,88,0,0,0,1,1
23,230089,2,2,0,0,0,4,4,19,1806,21,9,2013,7,19,10,0,3,3,SR-15,HUDSON HILL ROAD,0,44.94311944,-68.94566389,0,12,6,0,2,2,0,1,3,1,0,1,0,0000000,19,14,19,20,20,10,0,0,0,1,0
23,230090,2,2,0,0,0,2,2,29,1250,15,8,2013,5,13,15,0,6,6,HARRISON STREET,,0,45.17171944,-67.28614722,0,12,6,0,1,1,0,1,1,1,0,1,0,0000000,13,53,13,56,14,12,0,0,0,1,0
23,230091,1,1,0,0,0,2,2,13,1899,21,9,2013,7,1,29,0,6,6,CUSHING ROAD,,0,44.06163333,-69.22735278,0,41,0,0,1,1,0,6,2,5,0,5,0,0000000,1,29,1,46,2,34,0,0,0,1,1
23,230092,1,1,0,0,0,1,1,31,550,9,8,2013,6,2,46,0,6,6,SOUTH STREET,,0,43.49834722,-70.54086389,0,42,0,0,1,1,0,6,3,10,0,10,0,0000000,2,46,2,58,88,88,0,0,0,1,1
23,230093,1,1,0,0,0,1,1,5,7265,24,9,2013,3,7,10,0,6,6,SPURWINK ROAD,,0,43.56570278,-70.28631667,0,42,0,0,1,1,0,6,1,1,0,1,0,0000000,7,12,7,20,88,88,0,0,0,1,0
23,230094,1,1,0,1,1,1,1,19,1806,29,9,2013,1,10,39,0,3,3,SR-43,,0,44.99474167,-69.05950833,0,9,0,0,1,1,0,1,1,1,0,1,0,0000000,10,40,10,48,88,88,0,0,0,1,0
23,230095,1,1,0,1,1,2,2,5,6400,29,9,2013,1,19,22,1,1,1,I-95 SB,,0,43.68863056,-70.32328333,0,8,0,0,1,1,0,1,2,1,0,1,0,0000000,19,27,19,38,88,88,0,0,0,1,0
23,230096,1,1,0,0,0,2,2,9,1200,3,10,2013,5,18,20,0,6,6,110 BUCKSMILLS ROAD,,0,44.60408333,-68.75614444,0,42,0,0,1,1,0,6,5,1,0,1,0,0000000,19,22,18,31,19,22,0,0,0,1,0
23,230097,2,2,0,0,0,2,2,7,9100,10,9,2013,3,13,18,1,2,2,US-2,SR-156,0,44.58673611,-70.20978611,0,12,6,0,2,2,0,1,1,1,0,1,0,0000000,13,18,13,24,88,88,0,0,0,1,1
23,230098,1,1,0,0,0,1,1,29,5120,4,9,2013,4,20,15,1,2,2,US-1A,,0,44.5424,-67.88203611,0,52,0,0,1,1,0,6,3,1,0,1,0,0000000,20,15,20,28,88,88,0,0,0,1,1
23,230099,1,1,0,0,0,1,1,1,4345,20,10,2013,1,5,37,0,3,3,SR-106,,0,44.30981944,-70.12101111,0,42,0,0,1,1,0,6,2,1,0,1,0,0000000,5,50,6,10,88,88,0,0,0,1,1
23,230100,1,1,0,0,0,3,3,17,3625,16,10,2013,4,19,16,0,6,6,RIVER RD,,0,43.86205278,-70.80355278,0,42,0,0,1,1,0,4,5,1,0,1,0,0000000,20,0,20,8,20,36,0,0,0,1,0
23,230101,1,1,0,0,0,1,1,11,9130,25,9,2013,4,3,50,0,3,3,SR-17,SR-32,0,44.35490833,-69.58431111,0,35,0,0,3,2,0,6,3,1,0,1,0,0000000,3,53,4,3,88,88,0,0,0,1,1
23,230102,2,1,1,1,1,1,1,25,7905,17,9,2013,3,10,39,0,3,3,SR-43,,0,44.72355556,-69.96848611,0,8,0,0,1,1,0,1,1,1,0,1,0,0000000,10,44,10,48,88,88,0,0,0,1,0
23,230103,2,1,1,0,0,1,1,31,2450,21,9,2013,7,2,22,0,6,6,1280 STATE ROAD,,0,43.12314722,-70.78826111,0,42,0,0,1,1,0,6,2,1,0,1,0,0000000,2,28,2,32,88,88,0,0,0,1,1
23,230104,1,1,0,1,1,2,2,19,4060,2,11,2013,7,1,0,0,6,6,HIGGINSVILLE RD,,3,44.93582778,-68.95646944,0,8,0,0,1,1,0,1,2,1,0,1,0,0000000,1,7,1,15,88,88,0,0,0,1,1
23,230105,2,2,0,0,0,2,2,1,7199,24,10,2013,5,4,56,0,6,6,MIDDLE ROAD,,0,44.07551944,-70.07993611,0,12,2,0,1,1,0,1,2,1,0,1,0,0000000,4,57,5,12,5,40,0,0,0,1,0
23,230106,1,1,0,0,0,2,2,31,30,26,10,2013,7,23,50,0,6,6,LOG CABIN ROAD,,0,43.40838889,-70.49248333,0,30,0,0,1,1,0,6,2,10,0,10,0,0000000,23,52,0,1,0,45,0,0,0,1,1
23,230107,2,2,0,0,0,3,3,31,7250,12,11,2013,3,17,37,1,2,2,US-202,SR-11,0,43.42555556,-70.82945278,0,12,2,0,1,1,0,1,2,1,0,1,0,0000000,17,37,17,43,18,15,0,0,0,1,1
23,230108,2,1,1,0,0,1,1,23,350,13,11,2013,4,18,9,0,6,6,HIGH STREET,NICHOLLS STREET,0,43.90228056,-69.82068056,0,14,0,0,1,1,0,5,3,1,0,1,0,0000000,18,14,18,15,99,99,0,0,0,1,0
23,230109,2,2,0,0,0,2,2,3,2350,27,10,2013,1,16,27,1,2,2,US-1A,LAMOREAU RD,0,46.65621111,-67.86433889,0,12,2,0,2,3,0,1,1,10,0,10,0,0000000,16,29,16,39,99,99,0,0,0,1,0
23,230110,1,1,0,0,0,1,1,25,7355,12,10,2013,7,6,45,0,6,6,EAST POND ROAD,,3,44.63025833,-69.77581944,0,42,0,0,1,1,0,5,2,10,0,10,0,0000000,88,88,88,88,88,88,0,0,0,1,1
23,230111,2,2,0,0,0,4,4,27,8560,14,10,2013,2,14,30,0,3,3,SR-139,,0,44.61773889,-69.39811667,0,12,2,0,1,1,0,1,1,1,0,1,0,0000000,14,30,14,33,15,16,0,0,0,1,0
23,230112,2,1,1,0,0,1,1,5,7850,19,10,2013,7,23,3,0,6,6,CAPE ROAD,,0,43.70566389,-70.61015,0,17,0,0,1,1,0,6,2,10,0,10,0,0000000,23,7,23,18,88,88,0,0,0,1,1
23,230113,2,2,0,0,0,5,5,11,160,5,11,2013,3,14,17,1,2,2,US-201,,0,44.31488333,-69.769525,0,12,1,0,1,1,0,1,1,1,0,1,1,0000000,14,26,15,5,15,42,0,0,0,1,0
23,230114,2,2,0,0,0,5,5,1,80,2,12,2013,2,5,52,0,6,6,RIVERSIDE DRIVE,,5,44.03442222,-70.18729167,0,12,6,0,1,1,0,1,2,3,12,3,0,0000000,99,99,99,99,99,99,0,0,0,1,0
23,230115,1,1,0,0,0,2,2,13,3712,27,11,2013,4,13,30,0,6,6,ALFORD LAKE RD,,0,44.22620833,-69.20404722,0,39,0,0,1,1,0,5,1,2,0,2,0,0000000,13,36,13,43,14,25,0,0,0,1,0
23,230116,1,1,0,0,0,1,1,5,7600,11,11,2013,2,0,37,1,1,1,I-95,,0,43.66996667,-70.32998056,0,42,0,1,5,1,0,5,2,10,0,10,0,0000000,0,37,0,47,88,88,0,0,0,1,0
23,230117,1,1,0,0,0,1,1,13,8897,26,11,2013,3,12,35,0,6,6,LIBERTY ROAD,,0,44.302675,-69.44649444,0,17,0,0,1,1,0,6,1,10,0,10,0,0000000,12,35,12,52,88,88,0,0,0,1,0
23,230118,2,2,0,0,0,2,2,25,2650,27,11,2013,4,16,48,0,3,3,SR-139,,0,44.59595,-69.654225,0,12,2,0,1,1,0,1,2,2,0,2,0,0000000,16,53,17,6,17,41,0,0,0,1,1
23,230119,2,2,0,0,0,3,3,11,9300,21,11,2013,5,8,46,1,2,2,US-202,ROYAL STREET,0,44.30434167,-69.97712222,0,12,1,0,2,3,0,1,1,1,0,1,0,0000000,8,46,8,52,9,20,0,0,0,2,0
23,230120,1,1,0,1,1,1,1,31,4343,2,12,2013,2,16,39,0,6,6,MILTON MILLS ROAD,,3,43.45402222,-70.90681389,0,8,0,0,1,1,0,1,2,10,0,10,0,0000000,16,41,16,57,17,27,0,0,0,1,0
23,230121,1,1,0,0,0,1,1,9,6130,29,11,2013,6,16,41,0,6,6,BAY VIEW DRIVE,,7,44.46731944,-68.72121111,0,30,0,0,1,1,0,5,2,1,0,1,0,0000000,16,58,17,32,18,1,0,0,0,1,1
23,230122,2,2,0,0,0,3,3,19,1720,16,12,2013,2,16,45,0,3,3,SR-180,,3,44.78310278,-68.49110556,0,12,2,0,1,1,0,1,2,4,6,4,0,0000000,16,51,17,4,17,30,0,0,0,1,0
23,230123,1,1,0,1,1,1,1,1,80,4,12,2013,4,17,18,0,6,6,440 MINOT AVENUE,,0,44.08340833,-70.24540833,0,8,0,0,1,1,0,1,2,1,0,1,0,0000000,17,20,17,22,17,34,0,0,0,1,0
23,230124,1,1,0,0,0,2,2,19,4450,1,12,2013,1,9,8,1,1,1,I-95,,2,45.4891,-68.56746111,0,1,0,0,1,1,0,5,1,4,0,4,0,0000000,9,13,9,26,10,0,0,0,0,1,0
23,230125,1,1,0,0,0,6,6,3,60,6,11,2013,4,22,56,0,3,3,SR-11,,10,46.58888889,-68.38386944,0,35,0,0,1,1,0,6,2,1,0,1,0,0000000,23,30,23,57,0,53,0,0,0,1,1
23,230126,3,3,0,0,0,4,4,5,6400,12,11,2013,3,16,2,1,11,1,I-295,,0,43.66345,-70.26535,0,12,1,0,1,1,0,1,1,1,0,1,0,0000000,16,7,16,19,16,36,0,0,0,1,0
23,230127,1,1,0,0,0,1,1,15,11,8,11,2013,6,21,45,0,6,6,DOCK RD,,4,44.10419167,-69.60676389,0,24,0,0,1,1,0,5,2,1,0,1,0,0000000,21,46,21,56,88,88,0,0,0,1,1
23,230128,1,1,0,0,0,1,1,5,3050,6,12,2013,6,6,57,0,4,3,SR-136,DURHAM ROAD,1,43.87645,-70.10711944,0,42,0,0,1,1,0,5,1,2,0,2,0,0000000,6,59,7,2,7,39,0,0,0,1,0
23,230129,3,3,0,0,0,3,3,23,8350,8,12,2013,1,15,32,0,2,3,SR-196,LEWISTON ROAD,3,43.98126944,-70.03231944,0,12,2,0,1,1,0,1,5,1,0,1,0,0000000,15,34,15,43,99,99,0,0,0,1,0
23,230130,1,1,0,1,1,1,1,29,9997,11,12,2013,4,17,10,0,6,5,BOBCAT AVENUE,,4,45.21295,-67.63278889,3,8,0,0,1,1,0,1,3,10,0,10,0,0000000,17,14,17,21,99,99,0,0,0,1,0
23,230131,2,2,0,0,0,2,2,23,8350,16,12,2013,2,20,29,0,2,3,SR-196,LEWISTON ROAD,1,43.9776,-70.02656944,0,12,2,0,1,1,0,1,2,10,0,10,0,0000000,20,30,20,35,99,99,0,0,0,1,1
23,230132,2,2,0,0,0,3,3,1,4350,19,12,2013,5,12,39,0,13,3,SR-196,,2,44.06072222,-70.146775,0,12,2,0,1,1,0,1,1,10,0,10,0,0000000,12,49,13,4,99,99,0,0,0,1,1
23,230133,1,1,0,1,1,1,1,19,250,21,12,2013,7,19,50,0,15,6,VERMONT AVENUE,,1,44.81166111,-68.8023,0,8,0,0,1,1,0,1,3,3,12,3,0,0000000,99,99,99,99,99,99,0,0,0,1,0
23,230134,1,1,0,1,1,1,1,25,5480,31,12,2013,3,16,56,1,2,2,US-2,MERCER ROAD,99999,44.69144167,-69.85967778,0,8,0,0,1,1,0,1,2,1,0,1,0,0000000,16,59,17,11,17,36,0,0,0,1,0
23,230135,1,1,0,0,0,4,4,1,4500,14,12,2013,7,5,12,0,15,3,SR-125,MAIN STREET,99998,44.01018333,-70.05203611,0,42,0,0,1,1,0,4,2,1,0,1,0,0000000,5,27,5,49,6,16,0,0,0,1,0
23,230136,2,2,0,0,0,5,5,7,2357,27,12,2013,6,14,44,1,2,2,US-2,,99998,44.60465278,-70.20400556,0,12,6,0,1,1,0,2,1,4,0,4,0,0000000,14,47,14,50,99,99,0,0,0,1,0
23,230137,1,1,0,0,0,1,1,3,9027,22,6,2013,7,18,12,0,6,5,MILLER ROAD,,0,46.53625,-67.91808056,0,1,0,0,1,1,0,4,1,1,0,1,0,0000000,18,11,18,19,18,48,99,99,99,1,0
24,240001,3,3,0,0,0,5,5,33,170,1,1,2013,3,17,54,0,13,3,SR-214,,118,38.90229722,-76.69453611,0,12,11,0,1,1,0,1,2,1,0,1,0,0000000,99,99,99,99,99,99,0,0,0,1,0
24,240002,1,1,0,1,1,1,1,21,0,6,1,2013,1,19,28,0,6,4,CR-1234,,16,39.52173611,-77.41639167,0,8,0,0,1,1,0,1,2,1,0,1,0,0000000,19,28,19,37,20,15,0,0,0,1,0
24,240003,1,1,0,2,2,1,1,15,1130,9,1,2013,4,9,1,0,13,2,US-40,,39,39.58245833,-76.02571944,0,26,0,0,1,1,1,1,1,10,0,10,0,0000000,99,99,99,99,88,88,0,0,0,2,0
24,240004,1,1,0,1,1,1,1,5,0,8,1,2013,3,9,42,0,14,3,SR-542,,0,39.38399722,-76.57758333,0,8,0,0,1,1,0,7,1,1,0,1,0,0000000,99,99,99,99,88,88,0,0,0,1,0
24,240005,1,1,0,1,1,1,1,5,0,5,1,2013,7,18,56,0,13,2,US-40,HOLLY DRIVE,183,39.34495,-76.46493889,0,8,0,0,3,3,0,1,3,1,0,1,0,0000000,99,99,99,99,99,99,0,0,0,1,0
24,240006,2,2,0,0,0,2,2,43,252,13,1,2013,1,10,0,0,4,3,SR-491,,79,39.71216111,-77.49362222,0,12,2,0,1,1,0,1,1,5,0,5,0,0000000,99,99,99,99,99,99,0,0,0,1,0
24,240007,1,1,0,0,0,2,2,13,1100,13,1,2013,1,23,6,0,3,3,SR-31,,29,39.54848889,-77.06796667,0,30,0,0,1,1,0,4,2,2,0,2,0,0000000,99,99,99,99,99,99,0,0,0,1,0
24,240008,1,1,0,1,1,1,1,5,1683,15,1,2013,3,6,48,0,13,3,SR-26,LIBERTY PLACE RD,69,39.35816111,-76.77019722,0,8,0,0,3,3,0,1,3,2,0,2,0,0000000,99,99,99,99,99,99,0,0,0,1,0
24,240009,2,2,0,0,0,3,3,9,1285,15,1,2013,3,21,35,1,2,3,SR-4,,162,38.51158889,-76.56494444,0,12,6,0,1,1,0,1,2,2,0,2,0,0000000,99,99,99,99,99,99,0,0,0,1,1
24,240010,1,1,0,0,0,1,1,9,1285,18,1,2013,6,8,33,0,6,4,CR-49,,0,38.53123333,-76.63545833,0,42,0,0,1,1,0,6,1,1,0,1,0,0000000,99,99,99,99,88,88,0,0,0,1,0
24,240011,2,2,0,0,0,2,2,13,0,21,1,2013,2,6,25,1,2,3,SR-140,,8,39.49146389,-76.88528333,0,12,2,0,8,1,0,1,4,1,0,1,0,0000000,99,99,99,99,99,99,20,0,0,1,1
24,240012,2,2,0,0,0,3,3,5,0,15,1,2013,3,20,59,0,16,4,CR-8458,BANK ST,0,39.28947222,-76.52912222,0,12,6,0,3,2,0,1,3,1,0,1,0,0000000,99,99,99,99,99,99,0,0,0,1,1
24,240013,1,1,0,0,0,1,1,31,0,22,1,2013,3,5,16,1,11,1,I-270,,83,39.10715833,-77.18441389,0,25,0,0,1,1,0,3,2,1,0,1,0,0000000,99,99,99,99,88,88,0,0,0,1,0
24,240014,2,2,0,0,0,2,2,21,0,22,1,2013,3,6,30,0,3,3,SR-26,,135,39.47774722,-77.17403611,0,12,2,0,1,1,0,1,4,1,0,1,0,0000000,99,99,99,99,99,99,0,0,0,1,0
24,240015,2,2,0,0,0,2,2,43,0,25,1,2013,6,17,55,1,2,2,US-340,,0,39.33141111,-77.68562222,0,12,6,0,1,1,0,1,2,1,0,1,0,0000000,99,99,99,99,99,99,0,0,0,1,1
24,240016,1,1,0,1,1,1,1,15,0,28,1,2013,2,21,45,0,3,2,US-40,,31,39.58020833,-76.03539167,0,8,0,0,1,1,0,2,2,1,0,1,0,0000000,99,99,99,99,88,88,0,0,0,1,1
24,240017,4,4,0,0,0,4,4,5,0,30,1,2013,4,18,13,0,14,3,SR-7,,13,39.32507222,-76.50815556,0,12,8,0,1,1,0,1,3,10,0,10,0,0000000,99,99,99,99,99,99,0,0,0,1,1
24,240018,1,1,0,1,1,1,1,5,0,12,1,2013,7,18,48,0,14,4,CR-3482,,25,39.38908889,-76.54148056,0,8,0,0,1,1,0,1,3,1,0,1,0,0000000,99,99,99,99,99,99,0,0,0,1,0
24,240019,2,2,0,0,0,3,3,35,270,1,2,2013,6,11,15,0,4,3,SR-309,,14,38.93386389,-75.96744167,0,12,6,0,1,1,0,1,1,11,0,11,0,0000000,99,99,99,99,99,99,0,0,0,1,0
24,240020,1,1,0,0,0,1,1,25,0,2,2,2013,7,12,43,0,3,2,US-40,,95,39.48090833,-76.21503056,0,52,0,0,1,1,0,3,1,1,0,1,0,0000000,99,99,99,99,88,88,0,0,0,1,0
24,240021,1,1,0,1,1,1,1,33,170,7,2,2013,5,0,48,1,13,2,US-301,,208,38.90931389,-76.71798611,0,8,0,0,1,1,0,1,2,1,0,1,0,0000000,0,41,0,56,1,30,0,0,0,1,0
24,240022,3,3,0,0,0,5,5,25,0,28,1,2013,2,4,44,1,11,1,I-95,,40,39.45128889,-76.32202778,0,12,7,0,1,1,0,1,2,1,0,1,0,0000000,99,99,99,99,99,99,0,0,0,1,0
24,240023,1,1,0,0,0,1,1,33,0,8,1,2013,3,12,11,0,15,4,CR-414,,11,38.80407222,-76.98411667,0,33,0,0,1,1,0,4,1,1,0,1,0,0000000,99,99,99,99,99,99,0,0,0,1,0
24,240024,2,2,0,0,0,2,2,13,0,11,2,2013,2,6,51,0,15,4,CR-142,,48,39.62734444,-76.9333,0,12,98,0,1,1,0,1,1,1,0,1,1,0000000,99,99,99,99,99,99,0,0,0,1,0
24,240025,2,2,0,0,0,2,2,43,0,14,2,2013,5,13,7,1,11,1,I-81 RAMP,,65,39.65198333,-77.74862778,0,12,2,1,5,1,0,1,1,1,0,1,0,0000000,99,99,99,99,99,99,0,0,0,1,0
24,240026,2,2,0,0,0,2,2,3,0,14,2,2013,5,7,44,0,15,4,CR-1041,,9,39.04518611,-76.6844,0,12,6,0,1,1,0,1,1,4,0,4,0,0000000,99,99,99,99,88,88,0,0,0,1,0
24,240027,1,1,0,1,1,1,1,15,0,15,2,2013,6,19,14,0,3,2,US-40,,91,39.61275,-75.92812222,0,8,0,0,1,1,0,1,2,1,0,1,0,0000000,99,99,99,99,99,99,0,0,0,1,0
24,240028,1,1,0,0,0,1,1,15,0,17,2,2013,1,3,5,0,3,3,SR-222,CONOWINGO RD,113,39.66767222,-76.17006389,0,39,0,0,3,3,0,4,3,1,0,1,0,0000000,99,99,99,99,88,88,0,0,0,1,1
24,240029,1,1,0,0,0,1,1,3,0,16,2,2013,7,1,33,0,16,4,CR-3184,EDGEMONT ST,0,38.90936389,-76.51771667,0,19,0,0,3,3,0,5,3,2,0,2,0,0000000,99,99,99,99,99,99,0,0,0,1,1
24,240030,1,1,0,1,1,1,1,510,50,30,1,2013,4,23,34,9,99,6,IMLA ST,,0,39.28808611,-76.53904722,0,8,0,0,1,1,0,1,3,2,0,2,0,0000000,99,99,99,99,99,99,0,0,0,1,0
24,240031,1,1,0,0,0,1,1,43,0,19,2,2013,3,8,50,1,11,1,I-70,,99,39.65546389,-78.05078056,0,42,0,0,1,1,0,3,1,4,0,4,0,0000000,99,99,99,99,88,88,0,0,0,1,0
24,240032,1,1,0,1,1,1,1,5,0,5,2,2013,3,5,24,0,14,3,SR-122,,15,39.31193056,-76.72815,0,8,0,0,1,1,0,1,3,2,0,2,0,0000000,99,99,99,99,88,88,0,0,0,1,0
24,240033,2,1,1,1,3,1,3,5,0,21,2,2013,5,5,36,1,11,1,I-95,,271,39.36670278,-76.510225,0,14,0,0,1,1,0,2,2,1,0,1,0,0000000,99,99,99,99,99,99,23,0,0,1,0
24,240034,3,3,0,0,0,5,5,25,0,21,2,2013,5,15,31,0,13,3,SR-23,CO-225,26,39.57556111,-76.40069444,0,12,6,0,2,2,0,1,1,1,0,1,0,0000000,99,99,99,99,99,99,0,0,0,1,0
24,240035,1,1,0,0,0,1,1,33,565,23,2,2013,7,4,55,1,12,3,SR-210,,68,38.72380556,-76.99016389,0,42,0,0,1,1,0,6,2,2,0,2,0,0000000,99,99,99,99,99,99,0,0,0,1,1
24,240036,2,2,0,0,0,2,2,5,0,22,2,2013,6,0,30,1,11,1,I-695,,140,39.38833056,-76.72705556,0,12,1,0,1,1,0,1,3,1,0,1,0,0000000,99,99,99,99,88,88,0,0,0,1,1
24,240037,1,1,0,1,1,1,1,510,50,22,2,2013,6,10,31,0,14,6,MU-955,,0,39.30593611,-76.57968611,0,8,0,0,1,1,0,1,1,1,0,1,0,0000000,99,99,99,99,99,99,0,0,0,1,0
24,240038,1,1,0,0,0,2,2,11,440,23,2,2013,7,13,8,1,2,3,SR-404,,44,38.90761111,-75.88246111,0,53,0,0,1,1,0,4,1,2,0,2,0,0000000,99,99,99,99,99,99,0,0,0,1,0
24,240039,1,1,0,0,0,1,1,45,0,25,2,2013,2,9,4,1,2,2,US-50,,75,38.44674167,-75.69805556,0,30,0,0,1,1,0,4,1,1,0,1,0,0000000,9,4,9,8,88,88,0,0,0,1,0
24,240040,2,1,1,1,1,2,2,33,1175,20,2,2013,4,19,34,0,16,4,CR-660,,1,38.81941111,-76.99732222,0,5,0,0,1,1,0,7,3,1,0,1,0,0000000,99,99,99,99,99,99,17,0,0,1,0
24,240041,2,2,0,0,0,3,3,33,0,26,2,2013,3,1,38,1,11,1,I-95,,158,38.90344722,-76.85076667,0,12,2,0,1,1,0,1,3,1,0,1,0,0000000,99,99,99,99,99,99,0,0,0,1,1
24,240042,2,2,0,0,0,2,2,5,0,26,2,2013,3,20,22,0,13,3,SR-140,,84,39.45106389,-76.8191,0,12,2,0,1,1,0,1,3,2,0,2,0,0000000,99,99,99,99,99,99,20,0,0,1,0
24,240043,1,1,0,0,0,1,1,45,1380,27,2,2013,4,17,20,0,6,4,CR-422,DELAWARE AVE,24,38.37186111,-75.607275,0,58,0,0,3,2,0,5,1,1,0,1,0,0000000,99,99,99,99,99,99,0,0,0,1,0
24,240044,2,2,0,0,0,2,2,9,0,2,3,2013,7,13,29,0,4,3,SR-261,,8,38.62663611,-76.54064444,0,12,2,0,1,1,0,1,1,1,0,1,0,0000000,13,29,13,37,14,35,0,0,0,1,0
24,240045,1,1,0,1,1,1,1,3,1192,4,3,2013,2,19,44,1,13,3,SR-2,,0,39.12287778,-76.58697222,0,8,0,0,1,1,0,1,3,1,0,1,0,0000000,99,99,99,99,99,99,0,0,0,1,0
24,240046,1,1,0,0,0,1,1,45,0,7,3,2013,5,22,33,0,13,4,CR-1106,,7,38.34353333,-75.60944167,0,30,0,0,1,1,0,4,3,1,0,1,0,0000000,99,99,99,99,99,99,20,0,0,1,0
24,240047,2,2,0,0,0,4,4,17,0,1,2,2013,6,12,15,0,4,4,CR-155,,21,38.60786111,-77.0308,0,12,2,0,1,1,0,1,1,1,0,1,0,0000000,99,99,99,99,99,99,0,0,0,1,0
24,240048,1,1,0,0,0,3,3,31,0,1,2,2013,6,16,27,0,16,4,CR-130,,13,39.12663611,-77.05505278,0,35,0,0,1,1,0,4,1,1,0,1,0,0000000,99,99,99,99,99,99,0,0,0,1,1
24,240049,1,1,0,1,1,2,2,31,0,11,2,2013,2,22,20,0,13,3,SR-97,HEATHFIELD RD,72,39.08752222,-77.07973889,0,8,0,0,2,2,0,1,3,2,0,2,0,0000000,99,99,99,99,99,99,0,0,0,1,0