STATE,ST_CASE,VE_TOTAL,VE_FORMS,PVH_INVL,PEDS,PERNOTMVIT,PERMVIT,PERSONS,COUNTY,CITY,DAY,MONTH,YEAR,DAY_WEEK,HOUR,MINUTE,NHS,ROAD_FNC,ROUTE,TWAY_ID,TWAY_ID2,MILEPT,LATITUDE,LONGITUD,SP_JUR,HARM_EV,MAN_COLL,RELJCT1,RELJCT2,TYP_INT,WRK_ZONE,REL_ROAD,LGT_COND,WEATHER1,WEATHER2,WEATHER,SCH_BUS,RAIL,NOT_HOUR,NOT_MIN,ARR_HOUR,ARR_MIN,HOSP_HR,HOSP_MN,CF1,CF2,CF3,FATALS,DRUNK_DR
24,240050,1,1,0,1,1,1,1,31,0,26,2,2013,3,20,15,0,13,3,SR-185,EVERTON ST,64,39.05843611,-77.07306389,0,8,0,0,2,2,0,1,3,2,0,2,0,0000000,20,1,20,12,20,25,0,0,0,1,0
24,240051,2,2,0,0,0,2,2,23,0,8,3,2013,6,12,30,0,3,3,SR-135,SAND FLAT RD,45,39.42856944,-79.33089722,0,12,8,0,2,2,0,1,1,10,0,10,0,0000000,99,99,99,99,99,99,0,0,0,1,0
24,240052,2,2,0,0,0,2,2,3,0,9,3,2013,7,5,44,0,3,3,SR-260,,2,38.73494444,-76.62209722,0,12,2,0,1,1,0,1,2,1,0,1,0,0000000,99,99,99,99,99,99,0,0,0,1,1
24,240053,2,2,0,0,0,2,2,3,0,10,3,2013,1,13,38,1,13,3,SR-3,,20,39.02261389,-76.69369722,0,12,6,0,8,1,0,1,1,1,0,1,0,0000000,13,38,13,43,14,10,0,0,0,1,0
24,240054,2,2,0,0,0,2,2,25,0,11,3,2013,2,5,45,0,14,2,US-1,,196,39.67626111,-76.16209722,0,12,6,0,1,1,0,1,1,5,0,5,0,0000000,5,47,6,8,6,40,0,0,0,1,0
24,240055,1,1,0,1,1,1,1,43,0,11,3,2013,2,20,52,0,3,3,SR-65,,94,39.58933056,-77.73201111,0,8,0,0,8,1,0,1,3,1,0,1,0,0000000,20,52,21,3,21,23,0,0,0,1,1
24,240056,1,1,0,1,1,3,3,31,0,10,3,2013,1,21,8,0,15,4,CR-637,CR-629,5,38.99166389,-77.02398611,0,9,0,0,2,2,0,1,3,1,0,1,0,0000000,99,99,99,99,99,99,0,0,0,1,0
24,240057,1,1,0,0,0,1,1,33,0,13,3,2013,4,18,24,0,13,3,SR-214,,108,38.89789722,-76.71441944,0,30,0,0,1,1,0,4,1,1,0,1,0,0000000,99,99,99,99,99,99,0,0,0,1,0
24,240058,2,2,0,0,0,2,2,25,0,13,3,2013,4,8,17,1,12,3,SR-24,CO-216,62,39.49242778,-76.32692778,0,12,6,0,2,2,0,1,1,1,0,1,0,0000000,8,15,8,17,8,41,0,0,0,1,0
24,240059,1,1,0,1,1,1,1,3,1192,14,3,2013,5,6,51,0,13,3,SR-173,PITTMAN DRIVE,85,39.19304444,-76.55453056,0,8,0,0,3,2,0,1,2,1,0,1,0,0000000,99,99,99,99,99,99,0,0,0,1,0
24,240060,1,1,0,1,1,1,1,5,0,14,3,2013,5,7,30,1,11,1,I-695,,50,39.28167778,-76.73027778,0,8,0,0,1,1,0,2,1,1,0,1,0,0000000,99,99,99,99,88,88,0,0,0,1,0
24,240061,2,2,0,0,0,2,2,37,0,15,3,2013,6,8,2,0,3,3,SR-5,,226,38.24697222,-76.58750278,0,12,2,0,1,1,0,1,1,1,0,1,1,0000000,8,7,8,20,8,51,0,0,0,1,0
24,240062,1,1,0,2,2,1,1,33,1175,14,3,2013,5,16,59,0,13,3,SR-414,,24,38.81873611,-76.95923056,0,8,0,0,1,1,0,4,1,1,0,1,0,0000000,17,9,17,18,17,45,0,0,0,1,0
24,240063,1,1,0,0,0,1,1,21,0,18,3,2013,2,6,15,0,14,3,SR-75,,225,39.55224167,-77.18228056,0,30,0,0,1,1,0,4,4,1,0,1,0,0000000,99,99,99,99,88,88,0,0,0,1,0
24,240064,2,2,0,0,0,3,3,13,0,18,3,2013,2,18,44,0,4,4,CR-247,,45,39.59014167,-77.07383611,0,12,2,0,1,1,0,1,2,4,3,4,0,0000000,18,44,19,0,99,99,0,0,0,1,0
24,240065,1,1,0,1,1,1,1,5,0,19,3,2013,3,21,46,0,14,4,CR-5677,,2,39.24351944,-76.45161111,0,8,0,0,1,1,0,1,3,1,0,1,0,0000000,99,99,99,99,88,88,0,0,0,1,0
24,240066,1,1,0,0,0,1,1,5,0,20,3,2013,4,16,33,1,11,1,I-95,,27,39.34487778,-76.50970278,0,25,0,0,1,1,0,3,1,1,0,1,0,0000000,99,99,99,99,99,99,0,0,0,1,0
24,240067,1,1,0,1,1,1,1,31,630,21,3,2013,5,6,26,0,14,3,SR-117,,107,39.14684722,-77.22993333,0,8,0,0,1,1,0,1,1,1,0,1,1,0000000,99,99,99,99,88,88,0,0,0,1,0
24,240068,1,1,0,0,0,2,2,33,1558,17,3,2013,1,5,15,0,14,4,CR-123,SALIMA RD,49,38.76118056,-76.92365833,0,42,0,0,1,1,0,4,2,1,0,1,0,0000000,99,99,99,99,99,99,0,0,0,1,1
24,240069,1,1,0,0,0,1,1,33,830,18,3,2013,2,12,41,0,14,3,SR-704,,45,38.94046944,-76.8543,0,24,0,0,1,1,0,4,1,2,0,2,0,0000000,99,99,99,99,88,88,0,0,0,1,1
24,240070,1,1,0,1,1,1,1,33,0,27,3,2013,4,3,20,1,11,1,I-495,,165,38.91826944,-76.85118889,0,8,0,0,1,1,0,1,2,1,0,1,0,0000000,99,99,99,99,88,88,0,0,0,1,0
24,240071,3,3,0,0,0,4,4,33,1558,7,3,2013,5,12,1,0,15,4,CR-126,CO-2975,52,38.79521944,-76.91543611,0,12,7,0,3,3,0,1,1,1,0,1,0,0000000,99,99,99,99,99,99,0,0,0,2,1
24,240072,2,2,0,0,0,3,3,5,0,28,1,2013,2,15,42,1,11,1,I-695,,18,39.32718333,-76.48291111,0,12,6,1,5,1,0,1,1,1,0,1,0,0000000,99,99,99,99,99,99,0,0,0,1,0
24,240073,2,2,0,0,0,5,5,17,0,28,3,2013,5,12,47,0,15,4,CR-5496,,2,38.28092222,-76.86001389,0,12,6,0,1,1,0,1,1,1,0,1,0,0000000,99,99,99,99,99,99,0,0,0,1,0
24,240074,1,1,0,0,0,4,4,3,0,31,3,2013,1,0,37,0,15,4,CR-4596,,0,39.06193333,-76.72745,0,30,0,0,1,1,0,4,3,1,0,1,0,0000000,99,99,99,99,99,99,0,0,0,3,1
24,240075,1,1,0,0,0,1,1,43,0,31,3,2013,1,15,14,0,3,2,US-40,,1,39.65854722,-77.881525,0,35,0,0,1,1,0,6,1,2,0,2,0,0000000,15,14,15,23,15,53,0,0,0,1,1
24,240076,3,2,1,1,1,4,4,33,879,4,3,2013,2,11,44,0,13,3,SR-202,,113,38.92740556,-76.88085,0,12,7,0,1,1,1,1,1,1,0,1,0,0000000,99,99,99,99,99,99,3,15,0,1,0
24,240077,2,2,0,0,0,2,2,17,0,7,4,2013,1,4,24,1,2,2,US-301,,99,38.46486667,-76.98980833,0,12,2,0,1,1,0,1,2,1,0,1,0,0000000,99,99,99,99,99,99,0,0,0,2,1
24,240078,1,1,0,1,1,1,1,31,0,22,1,2013,3,18,15,0,14,4,CR-4359,,0,39.05543889,-76.95471389,0,8,0,0,1,1,0,6,3,1,0,1,0,0000000,99,99,99,99,99,99,0,0,0,1,1
24,240079,1,1,0,0,0,2,2,9,0,22,1,2013,3,23,16,0,5,3,SR-262,,12,38.65748611,-76.663075,0,1,0,0,1,1,0,5,2,1,0,1,0,0000000,23,16,23,35,23,52,0,0,0,1,1
24,240080,1,1,0,0,0,1,1,21,0,11,1,2013,6,20,37,0,16,4,CR-821,LYNN BURKE RD,0,39.37416389,-77.23189444,0,21,0,0,3,4,0,6,2,5,0,5,0,0000000,99,99,99,99,88,88,0,0,0,1,1
24,240081,1,1,0,1,1,1,1,31,0,7,2,2013,5,22,30,1,13,2,US-29,OAK LEAF DRIVE,45,39.04091944,-76.99585833,0,8,0,0,2,2,0,1,3,1,0,1,0,0000000,99,99,99,99,88,88,0,0,0,1,0
24,240082,2,2,0,0,0,4,4,33,885,25,3,2013,2,7,47,0,14,3,SR-564,,26,38.98529167,-76.82298889,0,12,6,0,1,1,0,1,1,4,0,4,0,0000000,99,99,99,99,99,99,0,0,0,2,1
24,240083,1,1,0,0,0,1,1,31,0,22,3,2013,6,12,20,0,14,4,CR-212,,65,39.14711389,-77.14588333,0,33,0,0,1,1,0,6,1,1,0,1,0,0000000,99,99,99,99,99,99,0,0,0,1,0
24,240084,1,1,0,0,0,1,1,31,0,24,3,2013,1,1,6,0,3,3,SR-108,,60,39.24753333,-77.14353333,0,42,0,0,1,1,0,6,2,1,0,1,0,0000000,99,99,99,99,88,88,0,0,0,1,1
24,240085,1,1,0,0,0,2,2,3,0,13,3,2013,4,23,7,0,14,4,CR-17,,0,39.22329444,-76.66536944,0,53,0,0,1,1,0,6,3,1,0,1,0,0000000,23,6,23,14,23,48,0,0,0,1,0
24,240086,1,1,0,1,1,1,1,510,50,5,1,2013,7,14,25,0,13,3,SR-45,WOODBOURNE AVE,0,39.35540556,-76.60975278,0,8,0,0,2,2,0,1,1,1,0,1,0,0000000,99,99,99,99,99,99,0,0,0,1,0
24,240087,2,2,0,0,0,2,2,25,0,4,4,2013,5,5,55,0,3,3,SR-136,CR-716,71,39.57265556,-76.25506944,0,12,6,0,2,3,4,1,3,1,0,1,0,0000000,5,56,6,6,99,99,0,0,0,1,0
24,240088,2,2,0,0,0,3,3,45,0,4,4,2013,5,19,4,0,14,3,SR-350,CR-733,81,38.33511944,-75.44123889,0,12,2,0,2,2,0,1,1,1,0,1,0,0000000,99,99,99,99,99,99,0,0,0,1,1
24,240089,2,2,0,0,0,3,3,3,0,6,4,2013,7,5,40,1,12,3,SR-100,,0,39.16800833,-76.72665278,0,12,1,0,1,1,0,1,3,1,0,1,0,0000000,5,39,5,47,6,22,0,0,0,1,0
24,240090,2,2,0,0,0,2,2,31,0,6,4,2013,7,2,31,0,14,3,SR-117,MATENY RD,84,39.15644722,-77.26645,0,12,2,0,2,2,0,1,3,1,0,1,0,0000000,99,99,99,99,88,88,0,0,0,1,1
24,240091,1,1,0,0,0,1,1,31,0,9,4,2013,3,13,4,1,13,2,US-29,,122,39.13221944,-76.93164167,0,1,0,0,1,1,0,1,1,1,0,1,0,0000000,99,99,99,99,88,88,0,0,0,1,0
24,240092,1,1,0,0,0,1,1,17,0,17,4,2013,4,21,44,0,6,4,CR-158,,0,38.50632222,-77.16795,0,42,0,0,1,1,0,6,2,1,0,1,0,0000000,99,99,99,99,88,88,0,0,0,1,1
24,240093,2,2,0,0,0,2,2,33,1330,3,4,2013,4,20,34,0,12,3,SR-201,,47,38.97164444,-76.91560278,0,12,1,0,1,1,0,1,3,1,0,1,0,0000000,99,99,99,99,88,88,0,0,0,1,0
24,240094,2,2,0,0,0,2,2,5,0,4,4,2013,5,14,39,0,15,4,CR-7,,17,39.427775,-76.76474167,0,11,0,0,1,1,0,1,1,1,0,1,0,0000000,99,99,99,99,88,88,14,0,0,1,0
24,240095,1,1,0,0,0,1,1,45,0,6,4,2013,7,21,44,0,6,4,CR-76,,21,38.33455833,-75.86025556,0,42,0,0,1,1,0,4,2,1,0,1,0,0000000,21,44,21,50,88,88,0,0,0,1,1
24,240096,2,1,1,1,1,1,1,510,50,9,4,2013,3,14,7,0,16,6,HOLIDAY STREET,LEXINGTON STREET,0,39.29125833,-76.61023333,0,30,0,0,3,2,0,4,1,1,0,1,0,0000000,99,99,99,99,99,99,14,0,0,1,0
24,240097,1,1,0,1,1,1,1,5,0,13,4,2013,7,20,23,0,13,2,US-40,CO-5049,155,39.32133889,-76.50635556,0,8,0,0,2,3,0,1,3,10,1,10,0,0000000,99,99,99,99,99,99,0,0,0,1,0
24,240098,1,1,0,2,2,1,1,3,0,12,4,2013,6,21,25,0,14,3,SR-177,,0,39.10732222,-76.49236667,0,8,0,0,1,1,0,2,3,1,0,1,0,0000000,21,24,21,32,22,12,15,0,0,1,0
24,240099,2,2,0,0,0,2,2,33,0,3,4,2013,4,9,23,0,14,3,SR-704,CR-360,13,38.90751944,-76.89412778,0,12,6,0,3,3,0,1,1,1,0,1,0,0000000,9,22,9,24,9,49,0,0,0,1,0
24,240100,1,1,0,0,0,1,1,5,0,29,4,2013,2,0,15,0,4,4,CR-3997,,7,39.43624722,-76.52280556,0,31,0,0,1,1,0,4,3,1,0,1,0,0000000,0,8,0,20,88,88,0,0,0,1,1
24,240101,2,2,0,0,0,2,2,45,1380,24,4,2013,4,14,46,0,14,6,E. MAIN STREET,DAVIS STREET,0,38.365625,-75.58688056,0,12,6,0,2,2,0,1,1,1,0,1,0,0000000,14,46,14,49,15,1,0,0,0,1,0
24,240102,1,1,0,1,1,1,1,17,0,1,5,2013,4,1,26,1,13,2,US-301,,240,38.63450556,-76.90238611,0,8,0,0,1,1,0,1,2,1,0,1,0,0000000,99,99,99,99,88,88,0,0,0,1,0
24,240103,2,2,0,0,0,2,2,21,0,9,5,2013,5,17,51,0,4,3,SR-464,CR-281,47,39.32818611,-77.55429722,0,12,6,0,2,2,0,1,1,1,0,1,0,0000000,99,99,99,99,99,99,0,0,0,1,0
24,240104,1,1,0,0,0,1,1,35,0,17,4,2013,4,11,8,0,6,4,CR-64,,1,39.18369167,-75.75522222,0,42,0,0,1,1,0,4,1,1,0,1,0,0000000,99,99,99,99,88,88,0,0,0,1,0
24,240105,2,2,0,0,0,2,2,5,0,10,4,2013,4,18,24,1,11,1,I-95,,149,39.32398056,-76.52730833,0,12,1,0,1,1,0,1,1,1,0,1,0,0000000,18,24,18,39,19,8,0,0,0,1,0
24,240106,3,2,1,3,3,2,2,43,0,30,4,2013,3,18,43,1,1,1,I-70,,382,39.53764167,-77.60621944,0,8,0,0,1,1,0,1,1,1,0,1,0,0000000,18,49,18,53,99,99,23,14,15,1,0
24,240107,1,1,0,0,0,1,1,25,0,10,5,2013,6,0,3,0,5,3,SR-440,,9,39.64454167,-76.30501667,0,42,0,0,1,1,0,6,2,1,0,1,0,0000000,99,99,99,99,99,99,0,0,0,1,1
24,240108,2,2,0,0,0,2,2,17,0,11,5,2013,7,5,25,1,13,2,US-301,CR-1436,252,38.64736111,-76.88813056,0,12,2,0,2,2,0,1,4,10,0,10,0,0000000,99,99,99,99,99,99,0,0,0,1,1
24,240109,1,1,0,0,0,1,1,11,0,13,5,2013,2,17,30,0,3,3,SR-331,,31,38.73926389,-75.92050556,0,34,0,0,1,1,0,4,1,1,0,1,0,0000000,99,99,99,99,88,88,0,0,0,1,0
24,240110,1,1,0,1,1,2,2,5,0,10,5,2013,6,20,51,0,13,3,SR-151,,72,39.29521389,-76.52310278,0,8,0,0,1,1,0,1,2,1,0,1,0,0000000,99,99,99,99,99,99,0,0,0,1,0
24,240111,2,2,0,0,0,2,2,9,0,18,5,2013,7,16,29,0,4,3,SR-2,NURSERY RD,4,38.42652222,-76.46334167,0,12,6,0,2,3,0,1,1,10,0,10,0,0000000,99,99,99,99,99,99,0,0,0,1,0
24,240112,2,2,0,0,0,2,2,35,0,25,5,2013,7,17,52,0,4,3,SR-544,CO-383,47,39.21936944,-75.9519,0,12,6,0,2,2,0,1,1,1,0,1,0,0000000,99,99,99,99,99,99,0,0,0,1,1
24,240113,1,1,0,1,1,0,0,5,0,25,3,2013,2,11,29,0,5,4,CR-3940,,0,39.42997778,-76.40808611,0,8,0,0,1,1,0,5,1,1,0,1,0,0000000,99,99,99,99,99,99,24,0,0,1,0
24,240114,1,1,0,1,1,2,2,21,580,2,5,2013,5,0,30,0,14,3,SR-355,,0,39.4185,-77.41037222,0,19,0,0,1,1,0,5,3,1,0,1,0,0000000,0,31,0,36,1,35,0,0,0,1,1
24,240115,1,1,0,1,1,1,1,25,0,20,5,2013,2,23,0,0,3,3,SR-20,,29,39.43857778,-76.34489444,0,8,0,0,1,1,0,1,3,1,0,1,0,0000000,99,99,99,99,99,99,0,0,0,1,0
24,240116,1,1,0,1,1,1,1,31,0,26,4,2013,6,20,36,0,16,4,CR-4119,,5,39.15298889,-77.19904167,0,8,0,0,1,1,0,1,3,1,0,1,0,0000000,99,99,99,99,99,99,0,0,0,1,0
24,240117,2,2,0,0,0,5,5,35,0,10,4,2013,4,16,2,0,5,4,CR-200,,25,38.93966944,-76.29888056,0,12,6,0,1,1,0,1,1,1,0,1,0,0000000,16,2,16,11,99,99,0,0,0,4,0
24,240118,1,1,0,0,0,4,4,5,0,21,4,2013,1,6,27,0,13,2,US-40,SR-700,160,39.34245278,-76.46842222,0,26,0,0,3,3,0,3,4,1,0,1,0,0000000,6,23,6,29,99,99,0,0,0,2,1
24,240119,1,1,0,1,1,1,1,510,50,24,4,2013,4,20,0,0,13,6,N. FULTON AVE,,0,39.30709167,-76.64620833,0,8,0,0,1,1,0,1,3,1,0,1,0,0000000,99,99,99,99,99,99,0,0,0,1,0
24,240120,1,1,0,0,0,1,1,45,0,1,5,2013,4,22,44,0,15,4,CR-406,,37,38.39275556,-75.57203056,0,53,0,0,1,1,0,4,3,1,0,1,0,0000000,22,43,22,49,88,88,0,0,0,1,0
24,240121,1,1,0,1,1,1,1,5,0,1,5,2013,4,17,8,0,14,4,CR-4718,,1,39.32129722,-76.43477778,0,8,0,0,1,1,0,1,1,1,0,1,0,0000000,17,5,17,29,17,47,0,0,0,1,0
24,240122,1,1,0,1,1,4,4,31,0,9,5,2013,5,16,37,0,14,3,SR-586,CR-4339,38,39.05308611,-77.07689167,0,33,0,0,3,2,0,4,1,1,0,1,0,0000000,99,99,99,99,99,99,0,0,0,1,0
24,240123,1,1,0,1,1,1,1,5,0,10,5,2013,6,7,44,0,14,4,CR-1700,,0,39.37745833,-76.72981111,0,8,0,0,1,1,0,1,1,1,0,1,0,0000000,99,99,99,99,99,99,0,0,0,1,0
24,240124,1,1,0,1,1,1,1,25,10,15,5,2013,4,4,53,0,13,2,US-40,,39,39.51760278,-76.15349167,0,8,0,0,1,1,0,1,3,1,0,1,0,0000000,99,99,99,99,99,99,0,0,0,1,0
24,240125,2,2,0,0,0,2,2,13,0,22,5,2013,4,9,25,0,3,3,SR-91,,16,39.480125,-76.90885556,0,12,2,0,1,1,0,1,1,1,0,1,0,0000000,99,99,99,99,99,99,0,0,0,1,0
24,240126,1,1,0,0,0,1,1,5,0,25,5,2013,7,3,19,0,16,4,CR-3989,,2,39.43049167,-76.46000278,0,17,0,0,1,1,0,4,3,1,0,1,0,0000000,3,16,3,25,88,88,0,0,0,1,1
24,240127,1,1,0,1,1,1,1,21,0,18,5,2013,7,16,42,0,4,4,CR-461,,0,39.49923889,-77.34824444,8,8,0,0,1,1,0,7,1,1,0,1,0,0000000,99,99,99,99,99,99,0,0,0,1,0
24,240128,2,2,0,0,0,2,2,27,0,30,5,2013,5,6,9,0,16,4,CR-2549,CR-496,0,39.18304444,-76.76719722,0,12,6,0,2,2,0,1,4,1,0,1,0,0000000,6,9,6,16,88,88,0,0,0,1,0
24,240129,2,2,0,0,0,5,5,5,0,1,6,2013,7,12,16,1,11,1,I-95,,0,39.25249444,-76.67968611,0,12,6,1,5,1,0,1,1,1,0,1,0,0000000,12,3,12,20,12,38,0,0,0,1,0
24,240130,1,1,0,0,0,1,1,17,0,1,6,2013,7,17,53,0,6,4,CR-102,,0,38.50909722,-76.83510833,0,1,0,0,1,1,0,4,1,1,0,1,0,0000000,99,99,99,99,88,88,0,0,0,1,1
24,240131,1,1,0,0,0,1,1,19,0,7,6,2013,6,15,51,0,4,3,SR-16,,12,38.48844722,-76.267325,0,42,0,0,1,1,0,6,1,2,0,2,0,0000000,15,47,15,53,88,88,0,0,0,1,0
24,240132,2,2,0,0,0,2,2,9,0,17,6,2013,2,16,26,1,2,3,SR-2,SIXES RD,162,38.51003333,-76.56423611,0,12,6,0,2,3,0,1,1,1,0,1,0,0000000,16,26,16,30,17,45,0,0,0,1,0
24,240133,1,1,0,1,1,4,4,5,1585,16,4,2013,3,10,51,0,13,3,SR-139,,29,39.40976944,-76.63103056,0,8,0,0,1,1,0,1,1,1,0,1,0,0000000,99,99,99,99,99,99,0,0,0,1,0
24,240134,2,2,0,0,0,4,4,27,0,27,4,2013,7,20,12,1,11,1,I-95,,82,39.20600278,-76.74983889,0,12,1,0,1,1,0,1,2,1,0,1,0,0000000,99,99,99,99,99,99,0,0,0,1,0
24,240135,2,2,0,0,0,3,3,31,0,13,4,2013,7,12,35,0,14,4,CR-780,,36,39.07220278,-77.26021944,0,12,2,0,1,1,0,1,1,1,0,1,0,0000000,13,0,13,14,13,41,0,0,0,1,0
24,240136,1,1,0,0,0,3,3,510,50,19,1,2013,7,2,27,0,13,3,SR-41,,0,39.36678611,-76.5738,0,33,0,0,1,1,0,4,3,1,0,1,0,0000000,2,32,2,45,99,99,0,0,0,2,0
24,240137,1,1,0,0,0,2,2,21,580,5,5,2013,1,1,25,0,6,4,CR-97,,48,39.478975,-77.49305278,0,42,0,0,1,1,0,6,2,1,0,1,0,0000000,1,26,1,38,88,88,0,0,0,1,0
24,240138,1,1,0,0,0,1,1,33,0,8,5,2013,4,15,2,0,14,4,CR-599,,24,38.72508889,-76.89619722,0,42,0,0,1,1,0,6,1,1,0,1,0,0000000,99,99,99,99,88,88,0,0,0,1,0
24,240139,1,1,0,0,0,1,1,35,0,15,5,2013,4,6,29,0,5,4,CR-173,,15,38.95295278,-76.170775,0,34,0,0,1,1,0,4,1,2,0,2,0,0000000,99,99,99,99,99,99,0,0,0,1,0
24,240140,1,1,0,0,0,1,1,13,0,20,5,2013,2,20,51,0,6,6,MU-72,,0,39.61091111,-76.86034167,0,42,0,0,1,1,0,4,3,1,0,1,0,0000000,20,47,20,52,21,22,0,0,0,1,1
24,240141,1,1,0,0,0,2,2,45,0,4,3,2013,2,0,51,0,6,4,CR-76,,36,38.32836667,-75.86513056,0,1,0,0,1,1,0,2,2,1,0,1,0,0000000,0,51,1,12,99,99,0,0,0,1,1
24,240142,1,1,0,1,1,1,1,33,880,5,5,2013,1,2,28,0,14,3,SR-450,,28,38.94632222,-76.8942,0,8,0,0,1,1,0,1,3,1,0,1,0,0000000,99,99,99,99,99,99,0,0,0,1,0
24,240143,2,2,0,1,1,2,2,31,0,16,5,2013,5,8,59,0,13,3,SR-586,SR-97,57,39.03592222,-77.04989444,0,12,11,0,3,3,0,1,1,1,0,1,0,0000000,99,99,99,99,99,99,0,0,0,1,0
24,240144,1,1,0,1,1,1,1,31,0,22,5,2013,4,23,8,0,13,3,SR-97,,110,39.15319722,-77.06655278,0,8,0,0,1,1,0,1,3,1,0,1,0,0000000,99,99,99,99,99,99,0,0,0,1,0
24,240145,1,1,0,0,0,1,1,510,50,23,5,2013,5,11,31,0,13,6,WABASH AVE,,0,39.33789444,-76.67519167,0,33,0,0,1,1,0,4,1,1,0,1,0,0000000,11,27,11,35,11,38,0,0,0,1,0
24,240146,2,2,0,0,0,3,3,33,0,27,5,2013,2,0,45,1,11,1,I-95,,43,38.80795556,-76.97301389,0,12,1,0,1,1,0,1,3,1,0,1,0,0000000,99,99,99,99,88,88,0,0,0,2,0
24,240147,1,1,0,1,1,1,1,31,0,21,5,2013,3,14,34,0,14,4,CR-7009,CR-212,10,39.09311389,-77.19648889,0,8,0,0,2,2,0,1,1,1,0,1,1,0000000,99,99,99,99,99,99,0,0,0,1,0
24,240148,3,3,0,0,0,6,6,33,390,9,5,2013,5,19,35,0,14,2,US-1AL,38TH STREET,4,38.93491944,-76.95091111,0,12,7,0,3,3,0,1,3,1,0,1,0,0000000,99,99,99,99,99,99,0,0,0,1,0
24,240149,1,1,0,0,0,1,1,33,0,12,5,2013,1,2,0,0,15,4,CR-4024,,4,38.81205,-76.81751111,0,42,0,0,1,1,0,6,3,5,0,5,0,0000000,99,99,99,99,99,99,0,0,0,1,0
24,240150,1,1,0,0,0,1,1,25,0,5,4,2013,6,1,38,0,13,2,US-40,,13,39.4292,-76.35571111,0,35,0,0,1,1,0,4,2,2,0,2,0,0000000,1,35,1,41,88,88,0,0,0,1,1
24,240151,3,3,0,0,0,5,5,43,0,4,5,2013,7,12,43,1,11,1,I-70,,87,39.65961111,-78.05863333,0,12,1,0,1,1,0,1,1,1,0,1,0,0000000,12,42,13,3,14,7,0,0,0,2,0
24,240152,1,1,0,0,0,1,1,13,0,3,6,2013,2,15,31,0,6,4,CR-596,,10,39.37831667,-77.09986389,0,43,0,0,1,1,0,4,1,1,0,1,0,0000000,15,47,15,53,88,88,0,0,0,1,1
24,240153,2,2,0,0,0,2,2,19,0,1,6,2013,7,21,36,0,13,3,SR-16,CR-175,158,38.546175,-76.06405833,0,12,6,0,2,2,0,1,3,1,0,1,0,0000000,21,34,21,39,88,88,0,0,0,1,1
24,240154,2,2,0,0,0,2,2,13,0,10,6,2013,2,7,55,0,3,3,SR-194,,44,39.64824444,-77.19528889,0,12,6,0,1,1,0,1,1,2,0,2,0,0000000,7,50,7,57,9,9,0,0,0,1,0
24,240155,2,2,0,0,0,2,2,13,0,10,6,2013,2,15,18,0,13,3,SR-32,,11,39.38188056,-76.96718611,0,12,6,0,1,1,0,1,1,2,0,2,0,0000000,15,16,15,18,99,99,0,0,0,1,0
24,240156,2,2,0,0,0,3,3,21,0,11,6,2013,3,8,33,0,3,3,SR-194,,34,39.49435833,-77.33083889,0,12,2,0,1,1,0,1,1,1,0,1,0,0000000,8,32,8,39,9,48,0,0,0,1,0
24,240157,2,2,0,0,0,4,4,13,0,14,6,2013,6,11,4,0,3,3,SR-31,,53,39.54783889,-77.07714722,0,12,2,0,1,1,0,1,1,1,0,1,0,0000000,11,10,11,14,11,36,0,0,0,1,0
24,240158,2,2,0,0,0,3,3,13,0,15,6,2013,7,17,15,0,5,4,CR-585,ARROWWOOD CIR,6,39.37683056,-77.13239167,0,12,6,0,2,3,0,1,1,1,0,1,0,0000000,17,12,17,16,88,88,0,0,0,1,1
24,240159,1,1,0,0,0,1,1,25,0,21,6,2013,6,11,35,1,13,2,US-1,,41,39.53357222,-76.36783333,0,11,0,0,1,1,0,1,1,1,0,1,0,0000000,11,30,11,30,11,42,0,0,0,1,0
24,240160,2,2,0,0,0,2,2,3,0,29,6,2013,7,22,14,1,11,1,I-97,,148,39.16727778,-76.64148056,0,12,1,0,1,1,0,1,2,1,0,1,0,0000000,99,99,99,99,99,99,0,0,0,1,1
24,240161,1,1,0,0,0,1,1,15,0,29,6,2013,7,20,37,0,4,3,SR-285,,24,39.540125,-75.78191111,0,34,0,0,1,1,0,4,2,1,0,1,0,0000000,20,23,20,37,88,88,0,0,0,1,1
24,240162,1,1,0,1,1,2,2,3,0,6,4,2013,7,21,7,0,3,4,CR-2420,,25,39.03699167,-76.47517778,0,8,0,0,1,1,0,1,2,1,0,1,0,0000000,21,6,21,12,88,88,0,0,0,1,1
24,240163,1,1,0,1,1,1,1,33,240,8,6,2013,7,1,47,1,11,1,I-95,,130,38.87220556,-76.84343333,0,8,0,0,1,1,0,1,2,2,0,2,0,0000000,99,99,99,99,88,88,0,0,0,1,0
24,240164,1,1,0,0,0,1,1,41,480,29,6,2013,7,3,24,0,5,4,CR-40,,20,38.83136944,-76.13781111,0,34,0,0,1,1,0,4,2,1,0,1,0,0000000,99,99,99,99,88,88,0,0,0,1,1
24,240165,1,1,0,1,1,1,1,43,0,2,5,2013,5,8,26,0,5,3,SR-632,,1,39.55476667,-77.79582222,0,8,0,0,1,1,0,1,1,1,0,1,0,0000000,99,99,99,99,88,88,0,0,0,1,0
24,240166,1,1,0,2,2,1,1,5,0,18,5,2013,7,21,32,0,14,4,CR-3482,SR-147,31,39.38338889,-76.53440278,0,8,0,0,2,2,0,1,3,2,0,2,0,0000000,99,99,99,99,99,99,0,0,0,1,0