STATE,ST_CASE,VE_TOTAL,VE_FORMS,PVH_INVL,PEDS,PERNOTMVIT,PERMVIT,PERSONS,COUNTY,CITY,DAY,MONTH,YEAR,DAY_WEEK,HOUR,MINUTE,NHS,ROAD_FNC,ROUTE,TWAY_ID,TWAY_ID2,MILEPT,LATITUDE,LONGITUD,SP_JUR,HARM_EV,MAN_COLL,RELJCT1,RELJCT2,TYP_INT,WRK_ZONE,REL_ROAD,LGT_COND,WEATHER1,WEATHER2,WEATHER,SCH_BUS,RAIL,NOT_HOUR,NOT_MIN,ARR_HOUR,ARR_MIN,HOSP_HR,HOSP_MN,CF1,CF2,CF3,FATALS,DRUNK_DR
24,240167,1,1,0,0,0,2,2,3,1018,7,4,2013,1,21,9,0,4,4,CR-5461,,0,39.10510278,-76.62935556,0,25,0,0,1,1,0,4,2,1,0,1,0,0000000,99,99,99,99,99,99,0,0,0,1,1
24,240168,1,1,0,0,0,1,1,45,0,1,5,2013,4,20,3,0,3,3,SR-12,,5,38.28285556,-75.52698889,0,32,0,0,1,1,0,4,2,1,0,1,0,0000000,99,99,99,99,99,99,0,0,0,1,0
24,240169,3,3,0,0,0,4,4,33,1620,25,5,2013,7,13,30,0,14,3,SR-382,,128,38.76443056,-76.75509722,0,12,11,0,1,1,0,1,1,1,0,1,0,0000000,13,43,13,57,14,49,0,0,0,1,0
24,240170,1,1,0,1,1,1,1,25,835,9,4,2013,3,20,11,0,3,5,MD -00007,CO - 00282,227,39.44652222,-76.33442778,0,8,0,0,1,1,0,1,2,1,0,1,0,0000000,99,99,99,99,99,99,0,0,0,1,0
24,240171,2,2,0,0,0,3,3,5,0,29,4,2013,2,16,8,0,14,4,CR-4095,,29,39.36240833,-76.38996111,0,12,2,0,1,1,0,1,1,2,0,2,0,0000000,99,99,99,99,99,99,0,0,0,1,0
24,240172,1,1,0,0,0,1,1,23,0,8,5,2013,4,23,30,0,6,4,CR-52,,16,39.6405,-79.365975,0,1,0,0,1,1,0,4,2,2,0,2,0,0000000,99,99,99,99,88,88,0,0,0,1,1
24,240173,2,2,0,0,0,5,5,43,0,1,6,2013,7,12,23,1,11,1,I-81,,20,39.61509167,-77.79288889,0,12,2,0,1,1,0,1,1,1,0,1,0,0000000,12,23,12,33,99,99,0,0,0,1,0
24,240174,1,1,0,1,1,3,3,5,0,14,6,2013,6,18,15,0,15,4,CR-5295,,8,39.25830278,-76.51693889,0,8,0,0,1,1,0,1,1,1,0,1,0,0000000,18,14,18,27,19,13,0,0,0,1,0
24,240175,5,5,0,0,0,10,10,3,0,28,6,2013,6,15,6,1,12,3,SR-295,,142,39.22388333,-76.65088333,1,12,2,0,1,1,0,1,1,1,0,1,0,0000000,99,99,99,99,99,99,0,0,0,1,0
24,240176,1,1,0,0,0,1,1,33,1620,28,6,2013,6,19,10,1,13,2,US-301,,68,38.756175,-76.81016111,0,42,0,0,1,1,0,6,1,2,0,2,0,0000000,99,99,99,99,99,99,0,0,0,1,0
24,240177,1,1,0,0,0,1,1,23,700,29,6,2013,7,19,31,0,4,3,SR-495,,211,39.67753333,-79.17299444,0,24,0,0,1,1,0,4,1,1,0,1,0,0000000,19,35,19,46,99,99,0,0,0,1,1
24,240178,2,2,0,0,0,9,9,11,560,30,6,2013,1,11,54,1,2,3,SR-404,,165,38.80467778,-75.73420556,0,12,2,0,1,1,0,1,1,1,0,1,0,0000000,11,47,12,0,13,17,0,0,0,1,1
24,240179,4,4,0,0,0,4,4,33,0,26,6,2013,4,3,32,1,11,1,I-95,,294,39.06751389,-76.91004444,0,12,9,0,1,1,0,1,3,1,0,1,0,0000000,99,99,99,99,88,88,0,0,0,1,0
24,240180,1,1,0,0,0,2,2,25,0,1,7,2013,2,7,50,1,11,1,I-95,,63,39.4768,-76.26912778,0,24,0,0,1,1,0,4,1,1,0,1,0,0000000,7,48,8,4,99,99,0,0,0,1,0
24,240181,2,2,0,0,0,2,2,5,1023,29,6,2013,7,11,38,0,5,4,CR-229,,28,39.56045556,-76.56885,0,12,1,0,8,1,0,1,1,1,0,1,0,0000000,99,99,99,99,88,88,0,0,0,1,0
24,240182,2,2,0,0,0,2,2,5,0,30,6,2013,1,11,40,1,13,3,SR-30,,59,39.55560278,-76.8396,0,1,0,0,1,1,0,1,1,1,0,1,0,0000000,11,37,11,42,12,28,0,0,0,1,0
24,240183,1,1,0,0,0,5,5,3,30,4,7,2013,5,19,11,0,16,6,MU-110,,0,38.97605278,-76.50330556,0,5,0,0,1,1,0,1,1,1,0,1,0,0000000,19,9,19,13,19,27,0,0,0,1,0
24,240184,2,2,0,0,0,2,2,21,0,5,7,2013,6,9,14,1,12,2,US-15,MONOCACY BLVD,165,39.46071111,-77.4008,0,12,6,0,2,3,0,1,1,1,0,1,0,0000000,9,13,9,20,99,99,0,0,0,1,0
24,240185,1,1,0,1,1,1,1,21,580,2,6,2013,1,17,21,0,14,2,US-40,WILLOWDALE DR,120,39.41859444,-77.45093889,0,9,0,0,3,2,0,1,1,1,0,1,0,0000000,99,99,99,99,99,99,0,0,0,1,0
24,240186,1,1,0,0,0,1,1,3,0,26,6,2013,4,1,44,1,12,3,SR-295,,64,39.13778333,-76.75649722,1,42,0,0,1,1,0,3,2,2,0,2,0,0000000,99,99,99,99,88,88,0,0,0,1,1
24,240187,1,1,0,0,0,1,1,33,0,16,6,2013,1,21,52,1,12,2,US-50,,5,38.91758333,-76.92695556,0,1,0,0,1,1,0,3,2,1,0,1,0,0000000,99,99,99,99,88,88,0,0,0,1,1
24,240188,1,1,0,0,0,2,2,3,0,8,6,2013,7,14,43,0,15,4,CR-2885,,0,38.94050833,-76.49530278,0,42,0,0,1,1,0,3,1,1,0,1,0,0000000,14,42,15,3,15,30,0,0,0,1,1
24,240189,1,1,0,0,0,2,2,31,0,10,6,2013,2,21,41,0,3,3,SR-28,,79,39.13838889,-77.3561,0,42,0,0,1,1,0,6,2,2,0,2,0,0000000,99,99,99,99,99,99,0,0,0,1,0
24,240190,1,1,0,0,0,1,1,31,0,19,6,2013,4,3,6,0,13,3,SR-586,,30,39.06039722,-77.08988611,0,30,0,0,1,1,0,4,3,1,0,1,0,0000000,99,99,99,99,99,99,0,0,0,1,0
24,240191,1,1,0,0,0,1,1,43,0,18,6,2013,3,23,12,0,3,3,SR-67,,2,39.33830278,-77.68434167,0,53,0,0,1,1,0,4,2,1,0,1,0,0000000,23,11,23,28,88,88,0,0,0,1,1
24,240192,1,1,0,0,0,1,1,33,150,26,6,2013,4,10,42,0,14,3,SR-450,,11,38.93900833,-76.92308333,0,33,0,0,1,1,0,4,1,1,0,1,0,0000000,99,99,99,99,99,99,0,0,0,1,0
24,240193,2,2,0,0,0,2,2,21,0,25,6,2013,3,9,31,0,4,3,SR-80,,120,39.34029444,-77.23980278,0,12,2,0,1,1,0,1,1,1,0,1,0,0000000,99,99,99,99,88,88,0,0,0,1,0
24,240194,1,1,0,0,0,2,2,41,480,27,6,2013,5,13,38,1,13,2,US-50,,128,38.75097222,-76.06483889,0,34,0,0,1,1,0,4,1,1,0,1,0,0000000,99,99,99,99,99,99,0,0,0,2,0
24,240195,3,3,0,0,0,3,3,33,0,2,5,2013,5,23,11,1,2,2,US-301,SHORT CUT RD,24,38.69256667,-76.87201389,0,12,6,0,2,3,0,1,2,1,0,1,0,0000000,99,99,99,99,99,99,0,0,0,2,0
24,240196,2,2,0,0,0,6,6,35,0,31,5,2013,6,15,5,0,6,4,CR-310,COVERFIELDS DR,1,39.00204167,-76.30303889,0,12,7,0,2,2,0,1,1,1,0,1,0,0000000,99,99,99,99,99,99,0,0,0,1,0
24,240197,3,3,0,0,0,6,6,31,0,9,6,2013,1,21,48,0,13,3,SR-97,CR-2039,58,39.07086389,-77.063325,0,12,6,0,2,2,0,1,3,1,0,1,0,0000000,99,99,99,99,99,99,0,0,0,3,1
24,240198,2,2,0,0,0,2,2,33,170,12,6,2013,4,3,6,0,13,3,SR-197,LONDON LN,19,38.95615,-76.74516944,0,12,6,0,2,2,0,1,3,1,0,1,0,0000000,3,9,3,20,3,40,0,0,0,1,0
24,240199,2,2,0,0,0,4,4,25,0,27,6,2013,5,20,42,0,6,4,CR-1510,MERCEDES DR,3,39.47864167,-76.23468889,0,12,2,0,1,1,0,1,3,1,0,1,0,0000000,99,99,99,99,99,99,0,0,0,1,0
24,240200,2,2,0,0,0,4,4,19,0,29,6,2013,7,15,40,0,13,3,SR-16,WOODS RD,158,38.54618333,-76.06395,0,12,6,0,2,2,0,1,1,1,0,1,0,0000000,15,31,15,39,16,8,0,0,0,1,0
24,240201,2,2,0,0,0,3,3,23,0,27,6,2013,5,13,20,0,4,3,SR-495,GLENDALE RD,90,39.53081667,-79.24080556,0,12,6,0,2,3,0,1,1,1,0,1,0,0000000,99,99,99,99,99,99,0,0,0,1,0
24,240202,1,1,0,0,0,1,1,5,0,10,7,2013,4,1,50,0,4,4,CR-6933,,2,39.45454722,-76.49531667,0,35,0,0,1,1,0,4,3,1,0,1,0,0000000,1,43,2,2,88,88,0,0,0,1,1
24,240203,1,1,0,0,0,1,1,5,0,5,7,2013,6,4,49,0,13,3,SR-147,,33,39.41465278,-76.51011944,0,42,0,0,1,1,0,6,3,1,0,1,0,0000000,99,99,99,99,99,99,0,0,0,1,0
24,240204,1,1,0,0,0,5,5,15,0,28,7,2013,1,19,2,0,16,4,CR-267,,20,39.58439444,-75.8096,0,18,0,0,1,1,0,4,1,1,0,1,0,0000000,18,57,19,3,20,27,0,0,0,1,0
24,240205,1,1,0,0,0,1,1,43,0,15,7,2013,2,1,30,0,4,3,SR-491,,61,39.70607222,-77.48884722,0,39,0,0,1,1,0,6,3,1,0,1,0,0000000,1,37,1,51,88,88,0,0,0,1,1
24,240206,1,1,0,1,1,1,1,33,170,14,7,2013,1,19,26,9,99,4,CR-6591,,99999,38.970325,-76.77934444,0,8,0,0,1,1,0,1,5,1,0,1,0,0000000,19,19,19,37,20,11,0,0,0,1,0
24,240207,3,3,0,0,0,8,8,45,0,7,7,2013,1,11,29,1,2,2,US-50,CR-539,117,38.41000278,-75.643125,0,12,6,0,2,2,0,1,1,1,0,1,0,0000000,11,28,11,36,11,50,0,0,0,1,0
24,240208,2,2,0,0,0,2,2,13,0,7,7,2013,1,20,20,0,3,3,SR-32,,68,39.44201111,-76.93391111,0,12,2,0,1,1,0,1,1,1,0,1,0,0000000,99,99,99,99,88,88,0,0,0,1,0
24,240209,1,1,0,0,0,1,1,33,170,22,7,2013,2,13,6,0,16,3,SR-978,SR-214,0,38.90287778,-76.74273056,0,33,0,0,3,2,0,4,1,1,0,1,0,0000000,99,99,99,99,99,99,0,0,0,1,0
24,240210,1,1,0,0,0,1,1,3,0,10,7,2013,4,7,1,1,12,3,SR-10,,56,39.18588611,-76.60399167,0,42,0,0,1,1,0,6,1,1,0,1,0,0000000,99,99,99,99,88,88,0,0,0,1,0
24,240211,1,1,0,0,0,2,2,5,0,12,7,2013,6,5,37,0,13,2,US-40,,201,39.36463889,-76.44103333,0,42,0,0,1,1,0,4,3,99,0,99,0,0000000,99,99,99,99,88,88,0,0,0,2,1
24,240212,2,2,0,0,0,2,2,27,0,16,7,2013,3,12,3,0,13,2,US-1,KIT KAT RD,65,39.17866111,-76.77124167,0,12,6,0,2,3,0,1,1,1,0,1,0,0000000,12,3,12,10,88,88,0,0,0,1,0
24,240213,1,1,0,1,1,2,2,3,0,17,7,2013,4,15,5,0,15,3,SR-648,CR-2136,0,39.08823333,-76.54956111,0,9,0,0,2,2,0,1,1,1,0,1,0,0000000,99,99,99,99,99,99,0,0,0,1,0
24,240214,2,2,0,0,0,2,2,45,0,16,7,2013,3,4,34,0,4,3,SR-349,,75,38.30482222,-75.84446111,0,12,2,0,1,1,0,1,2,1,0,1,0,0000000,4,34,4,42,99,99,0,0,0,1,1
24,240215,1,1,0,0,0,2,2,3,0,17,7,2013,4,1,34,0,3,3,SR-424,,78,39.0155,-76.68792778,0,33,0,0,1,1,0,4,3,1,0,1,0,0000000,99,99,99,99,99,99,0,0,0,1,1
24,240216,1,1,0,1,1,1,1,15,0,5,7,2013,6,2,44,1,2,2,US-1,,15,39.67374167,-76.16672222,0,8,0,0,1,1,0,1,2,1,0,1,0,0000000,2,41,2,55,99,99,0,0,0,1,0
24,240217,1,1,0,1,1,2,2,41,0,28,7,2013,1,22,18,1,2,2,US-50,,150,38.72193056,-76.06611667,0,8,0,0,1,1,0,1,2,1,0,1,0,0000000,13,37,13,43,14,10,0,0,0,1,1
24,240218,2,2,0,0,0,5,5,25,0,20,7,2013,7,21,20,0,4,3,SR-543,,36,39.50851111,-76.27528611,0,12,6,0,1,1,0,1,1,1,0,1,0,0000000,21,16,21,28,21,42,0,0,0,1,1
24,240219,1,1,0,1,1,1,1,5,0,20,7,2013,7,0,27,0,13,3,SR-150,,32,39.30891944,-76.47449722,0,8,0,0,1,1,0,1,3,1,0,1,0,0000000,0,33,0,37,0,59,0,0,0,1,0
24,240220,1,1,0,0,0,1,1,29,0,1,8,2013,5,18,52,0,4,3,SR-445,,119,39.20205556,-76.23310556,0,24,0,0,1,1,0,4,1,1,0,1,0,0000000,18,48,18,57,88,88,0,0,0,1,1
24,240221,2,2,0,0,0,2,2,33,0,25,7,2013,5,22,34,1,11,1,I-495,,250,39.02116944,-76.94698056,0,12,1,0,1,1,0,1,3,1,0,1,0,0000000,99,99,99,99,88,88,0,0,0,1,1
24,240222,1,1,0,0,0,2,2,43,0,8,8,2013,5,14,5,1,11,1,I-70,,194,39.65220278,-77.89009444,0,24,0,0,1,1,0,4,1,1,0,1,0,0000000,14,5,14,14,99,99,0,0,0,1,0
24,240223,2,2,0,0,0,9,9,5,0,17,7,2013,4,17,15,0,14,4,CR-2501,,5,39.30693889,-76.73405833,0,12,2,0,1,1,0,1,1,1,0,1,0,0000000,99,99,99,99,99,99,0,0,0,1,0
24,240224,2,2,0,0,0,2,2,15,0,2,8,2013,6,21,9,1,2,2,US-1,HORSE SHOE RD,48,39.69408611,-76.10141111,0,12,6,0,2,3,0,1,3,1,0,1,0,0000000,21,7,21,15,22,7,0,0,0,1,0
24,240225,1,1,0,1,1,1,1,5,0,5,8,2013,2,21,0,0,13,3,SR-150,CO-5141,10,39.29496944,-76.51170833,0,8,0,0,2,2,0,1,3,1,0,1,0,0000000,99,99,99,99,99,99,0,0,0,1,0
24,240226,2,1,1,0,1,1,2,5,0,10,8,2013,7,8,11,1,11,1,I-695,,0,39.31008611,-76.50239444,0,14,0,0,1,1,0,2,1,1,0,1,0,0000000,99,99,99,99,88,88,0,0,0,1,0
24,240227,2,2,0,0,0,3,3,35,701,11,8,2013,1,18,57,0,4,3,SR-18,,28,38.96901389,-76.24329444,0,12,2,0,1,1,0,1,1,1,0,1,0,0000000,18,58,19,9,20,3,0,0,0,1,1
24,240228,2,2,0,0,0,2,2,13,0,4,8,2013,1,0,58,1,2,3,SR-140,,123,39.59844722,-77.04406111,0,12,2,0,1,1,0,1,2,1,0,1,0,0000000,99,99,99,99,99,99,0,0,0,1,1
24,240229,1,1,0,0,0,1,1,37,0,11,6,2013,3,11,40,0,5,3,SR-470,,34,38.29889444,-76.74525,0,42,0,0,1,1,0,4,1,1,0,1,0,0000000,11,39,11,53,12,41,0,0,0,1,0
24,240230,1,1,0,0,0,1,1,31,0,6,6,2013,5,2,43,0,13,3,SR-193,,37,39.03246389,-77.07409722,0,33,0,0,1,1,0,4,3,1,0,1,0,0000000,99,99,99,99,99,99,0,0,0,1,0
24,240231,1,1,0,1,1,1,1,31,0,2,6,2013,1,13,50,0,15,4,CR-164,,0,39.03983611,-77.15702778,0,8,0,0,1,1,0,1,1,1,0,1,0,0000000,99,99,99,99,99,99,0,0,0,1,0
24,240232,1,1,0,0,0,2,2,31,0,4,7,2013,5,1,30,0,5,6,MU-77,,11,39.14185556,-77.18664722,0,30,0,0,1,1,0,6,3,1,0,1,0,0000000,99,99,99,99,99,99,0,0,0,1,0
24,240233,1,1,0,1,1,1,1,15,520,8,8,2013,5,17,20,0,13,2,US-40,,104,39.611075,-75.91353889,0,8,0,0,1,1,0,2,1,1,0,1,0,0000000,99,99,99,99,88,88,24,0,0,1,0
24,240234,1,1,0,0,0,1,1,39,0,2,8,2013,6,3,11,1,2,2,US-13,,169,38.2339,-75.68700278,0,34,0,0,1,1,0,4,2,10,1,10,0,0000000,99,99,99,99,88,88,0,0,0,1,1
24,240235,2,2,0,0,0,3,3,5,0,3,8,2013,7,18,33,0,15,4,CR-2250,,22,39.38986389,-76.78488056,0,12,6,0,1,1,0,1,1,2,0,2,0,0000000,18,31,18,42,18,49,0,0,0,1,0
24,240236,1,1,0,1,1,1,1,17,1639,1,8,2013,5,1,10,1,2,2,US-301,,198,38.58037222,-76.95519444,0,8,0,0,1,1,0,1,2,2,0,2,0,0000000,99,99,99,99,88,88,0,0,0,1,0
24,240237,1,1,0,1,1,1,1,33,1520,5,8,2013,2,0,56,0,13,4,CR-81,,13,38.83520556,-76.90201111,0,8,0,0,1,1,0,1,3,1,0,1,0,0000000,0,55,0,57,1,30,0,0,0,1,0
24,240238,1,1,0,0,0,1,1,45,0,11,8,2013,1,2,57,0,6,4,CR-1302,CR-152,0,38.33468611,-75.68058889,0,42,0,0,3,3,0,6,2,1,0,1,0,0000000,2,57,3,6,3,50,0,0,0,1,1
24,240239,3,3,0,0,0,3,3,33,0,4,8,2013,1,19,24,1,11,1,I-95,,337,39.11014444,-76.87965833,0,72,0,0,1,1,4,1,1,1,0,1,0,0000000,99,99,99,99,99,99,0,0,0,1,0
24,240240,2,2,0,0,0,4,4,43,730,14,8,2013,4,15,43,0,14,6,MU-2547,HEISTER ST,16,39.6303,-77.76285556,0,12,6,0,2,2,0,1,1,1,0,1,0,0000000,15,43,15,49,16,22,0,0,0,1,0
24,240241,2,2,0,0,0,3,3,510,50,8,8,2013,5,13,30,0,14,6,BALTIMORE ST,MARTIN LUTHER KING BLVD,0,39.28885833,-76.62780833,0,12,6,0,2,2,0,1,1,1,0,1,0,0000000,13,28,13,31,13,59,0,0,0,1,0
24,240242,1,1,0,1,1,1,1,3,0,21,8,2013,4,17,23,0,16,4,CR-2749,,10,38.93757222,-76.60132778,0,9,0,0,1,1,0,1,1,1,0,1,0,0000000,99,99,99,99,99,99,0,0,0,1,0
24,240243,1,1,0,1,1,1,1,3,0,20,8,2013,3,17,0,0,15,4,CR-1809,,2,39.14359444,-76.48244167,0,8,0,0,1,1,0,1,1,1,0,1,0,0000000,99,99,99,99,88,88,0,0,0,1,0
24,240244,1,1,0,0,0,2,2,21,0,25,8,2013,1,12,30,0,5,3,SR-550,,175,39.64918333,-77.43054722,0,72,0,0,1,1,0,1,1,1,0,1,0,0000000,12,29,12,35,99,99,0,0,0,1,0
24,240245,3,3,0,0,0,3,3,5,0,20,6,2013,5,6,14,1,11,1,I-95,,27,39.25927222,-76.67462222,0,12,1,0,1,1,0,1,2,1,0,1,0,0000000,99,99,99,99,99,99,0,0,0,1,0
24,240246,2,2,0,0,0,3,3,3,0,1,7,2013,2,17,35,0,14,3,SR-173,,0,39.13230556,-76.51507222,0,12,6,0,1,1,0,1,1,1,0,1,0,0000000,17,34,17,51,18,29,0,0,0,1,0
24,240247,1,1,0,0,0,2,2,37,0,7,7,2013,1,20,16,1,2,3,SR-235,,224,38.36481944,-76.58921111,0,34,0,0,1,1,0,4,1,1,0,1,0,0000000,99,99,99,99,99,99,0,0,0,1,1
24,240248,2,2,0,0,0,2,2,5,0,5,7,2013,6,15,0,0,5,4,CR-2255,,10,39.40441944,-76.81832778,0,1,0,0,1,1,0,1,1,1,0,1,0,0000000,99,99,99,99,99,99,0,0,0,1,0
24,240249,2,2,0,0,0,2,2,33,0,13,7,2013,7,0,55,1,11,1,I-95,,147,38.88566667,-76.84423611,0,12,1,0,1,1,0,1,2,1,0,1,0,0000000,99,99,99,99,88,88,0,0,0,1,1
24,240250,2,2,0,0,0,2,2,15,0,18,7,2013,5,17,0,0,6,4,CR-8,,15,39.70053889,-76.14449444,0,72,0,0,1,1,0,6,1,1,0,1,0,0000000,16,56,17,12,17,56,0,0,0,1,0
24,240251,4,4,0,0,0,4,4,33,0,18,7,2013,5,0,35,1,11,1,I-95,,73,38.81831667,-76.90365278,0,12,1,0,1,1,0,1,2,1,0,1,0,0000000,99,99,99,99,99,99,0,0,0,1,1
24,240252,2,2,0,0,0,2,2,21,0,21,7,2013,1,9,58,0,4,3,SR-77,,42,39.63395,-77.46880556,0,1,0,0,1,1,0,1,1,1,0,1,0,0000000,9,58,10,37,10,37,0,0,0,1,0
24,240253,1,1,0,1,1,1,1,5,255,29,9,2013,1,22,23,0,6,2,US-40,,147,39.28411667,-76.75482222,0,8,0,0,1,1,0,1,3,1,0,1,0,0000000,22,19,22,30,23,4,0,0,0,1,0
24,240254,3,1,2,1,1,1,1,510,50,25,7,2013,5,11,19,1,11,1,I-95,,42,39.26706111,-76.61809444,0,8,0,0,1,1,0,2,1,1,0,1,0,0000000,99,99,99,99,88,88,23,0,0,1,1
24,240255,1,1,0,1,1,1,1,15,0,25,7,2013,5,21,5,0,6,4,CR-558,,14,39.55766389,-75.83491111,0,8,0,0,1,1,0,1,2,1,0,1,0,0000000,99,99,99,99,88,88,0,0,0,1,0
24,240256,1,1,0,0,0,1,1,1,410,26,7,2013,6,0,52,0,14,6,MU-3690,,4,39.62967778,-78.76671944,0,30,0,0,1,1,0,5,3,1,0,1,0,0000000,0,50,0,55,1,12,0,0,0,1,1
24,240257,1,1,0,0,0,1,1,25,0,27,7,2013,7,18,29,0,16,4,CR-456,,20,39.45331944,-76.32110833,0,35,0,0,1,1,0,4,1,1,0,1,0,0000000,99,99,99,99,88,88,0,0,0,1,1
24,240258,1,1,0,0,0,1,1,39,0,29,7,2013,2,17,39,0,5,3,SR-667,,80,38.041,-75.74476111,0,42,0,0,1,1,0,6,1,1,0,1,0,0000000,17,30,17,39,18,2,0,0,0,1,0
24,240259,1,1,0,1,1,1,1,510,50,30,7,2013,3,17,22,0,13,6,EASTERN AVE,HORMEL STREET,0,39.287675,-76.53992778,0,8,0,0,2,3,0,1,1,1,0,1,0,0000000,17,22,17,46,17,49,0,0,0,1,0
24,240260,1,1,0,0,0,1,1,35,0,24,8,2013,7,20,50,0,5,4,CR-156,,5,38.967375,-76.12173889,0,34,0,0,1,1,0,4,2,1,0,1,0,0000000,99,99,99,99,99,99,0,0,0,1,1
24,240261,1,1,0,1,1,1,1,37,0,1,9,2013,1,21,0,0,3,3,SR-235,,60,38.19559444,-76.39307222,0,8,0,0,1,1,0,1,2,1,0,1,0,0000000,20,57,21,20,21,36,0,0,0,1,0
24,240262,2,2,0,0,0,5,5,33,1558,12,6,2013,4,21,46,0,13,3,SR-414,CR-123,39,38.82336667,-76.94995278,0,12,6,0,2,2,0,1,3,1,0,1,0,0000000,99,99,99,99,99,99,0,0,0,1,0
24,240263,1,1,0,1,1,1,1,27,900,11,6,2013,3,21,20,0,14,3,SR-216,US-29,42,39.14479444,-76.89715,0,8,0,1,20,1,1,1,2,1,0,1,0,0000000,99,99,99,99,88,88,0,0,0,1,0
24,240264,1,1,0,0,0,1,1,31,0,1,9,2013,1,1,47,0,13,3,SR-650,,173,39.19978333,-77.02484722,0,42,0,0,1,1,0,4,2,1,0,1,0,0000000,99,99,99,99,88,88,0,0,0,1,1
24,240265,1,1,0,0,0,1,1,33,1620,30,8,2013,6,12,30,0,16,4,CR-1505,,9,38.83769444,-76.7632,0,33,0,0,1,1,0,4,1,1,0,1,0,0000000,99,99,99,99,88,88,0,0,0,1,1
24,240266,1,1,0,1,1,1,1,33,365,31,8,2013,7,2,26,0,14,4,CR-96,,2,38.77996389,-76.92079444,0,8,0,0,1,1,0,1,3,1,0,1,0,0000000,99,99,99,99,88,88,0,0,0,1,0
24,240267,2,2,0,0,0,4,4,9,0,7,8,2013,4,10,49,0,5,4,CR-133,,35,38.70156944,-76.58944167,0,12,6,0,1,1,0,1,1,1,0,1,0,0000000,10,49,10,58,12,18,0,0,0,1,0
24,240268,1,1,0,1,1,1,1,33,320,22,8,2013,5,21,26,0,13,3,SR-202,,124,38.92951389,-76.89566111,0,8,0,0,1,1,0,1,3,1,0,1,0,0000000,99,99,99,99,88,88,0,0,0,1,0
24,240269,1,1,0,0,0,1,1,5,0,2,9,2013,2,10,1,0,15,4,CR-4542,,17,39.32485833,-76.48881389,0,33,0,0,8,1,0,4,9,1,0,1,0,0000000,99,99,99,99,88,88,0,0,0,1,1
24,240270,2,2,0,0,0,3,3,13,0,31,8,2013,7,13,34,1,13,3,SR-140,MU-173,87,39.57233611,-76.98343333,0,12,6,0,2,2,0,1,1,1,0,1,0,0000000,13,14,13,18,13,39,0,0,0,1,0
24,240271,1,1,0,0,0,1,1,31,0,30,8,2013,6,17,0,0,16,4,CR-6726,,0,39.19056667,-77.18851944,0,42,0,0,1,1,0,6,1,1,0,1,0,0000000,99,99,99,99,99,99,0,0,0,1,0
24,240272,1,1,0,0,0,1,1,13,0,7,9,2013,7,10,10,0,6,4,CR-50,,34,39.69395278,-77.140975,0,38,0,0,1,1,0,6,1,1,0,1,0,0000000,99,99,99,99,88,88,0,0,0,1,0
24,240273,2,2,0,0,0,2,2,9,0,10,9,2013,3,2,55,1,2,3,SR-3,,260,38.64074722,-76.60534722,0,12,1,0,1,1,1,1,2,1,0,1,0,0000000,2,54,3,2,3,38,0,0,0,1,0
24,240274,1,1,0,0,0,1,1,45,0,6,9,2013,6,7,28,0,5,4,CR-248,,10,38.30703889,-75.43589722,0,34,0,0,1,1,0,4,2,1,0,1,0,0000000,99,99,99,99,88,88,0,0,0,1,1
24,240275,1,1,0,0,0,1,1,17,0,12,9,2013,5,23,6,1,2,3,SR-5,,128,38.64798333,-76.87256944,0,33,0,0,1,1,0,4,2,1,0,1,0,0000000,99,99,99,99,88,88,0,0,0,1,1
24,240276,2,2,0,0,0,4,4,33,1558,25,8,2013,1,22,23,0,14,4,CR-3675,ALLENTOWN WAY,26,38.80135278,-76.90471111,0,12,6,0,2,3,0,1,9,1,0,1,0,0000000,22,26,22,34,23,17,0,0,0,1,0
24,240277,1,1,0,0,0,1,1,11,0,14,9,2013,7,6,41,0,3,3,SR-313,,229,38.94363889,-75.81215278,0,34,0,0,1,1,0,4,1,1,0,1,0,0000000,99,99,99,99,88,88,0,0,0,1,1
24,240278,1,1,0,0,0,1,1,21,1700,14,9,2013,7,16,30,0,4,4,CR-517,,14,39.53618611,-77.32139444,0,42,0,0,1,1,0,6,1,1,0,1,0,0000000,16,30,16,40,88,88,0,0,0,1,1
24,240279,1,1,0,0,0,1,1,33,0,16,9,2013,2,6,58,0,13,3,SR-198,,2,39.10251111,-76.90788611,0,33,0,0,1,1,0,3,1,1,0,1,0,0000000,99,99,99,99,99,99,0,0,0,1,0
24,240280,2,2,0,0,0,2,2,19,0,11,9,2013,4,17,0,0,3,3,SR-331,SR-16,138,38.65155833,-75.902925,0,12,6,0,2,2,0,1,1,1,0,1,0,0000000,17,12,17,18,18,16,0,0,0,1,0
24,240281,1,1,0,0,0,1,1,43,0,21,9,2013,7,1,14,0,6,4,CR-511,,42,39.55621389,-77.87467778,0,42,0,0,1,1,0,6,2,1,0,1,0,0000000,99,99,99,99,99,99,0,0,0,1,1
24,240282,1,1,0,1,1,1,1,29,0,21,9,2013,7,11,39,0,4,3,SR-289,,43,39.16166389,-76.11111389,0,9,0,0,1,1,0,1,1,1,0,1,0,0000000,99,99,99,99,99,99,0,0,0,1,0
24,240283,1,1,0,0,0,1,1,43,0,25,9,2013,4,17,4,1,11,1,I-70,,274,39.60628889,-77.75765833,0,42,0,0,1,1,0,4,1,1,0,1,0,0000000,17,5,17,16,17,46,0,0,0,1,0