STATE,ST_CASE,VE_TOTAL,VE_FORMS,PVH_INVL,PEDS,PERNOTMVIT,PERMVIT,PERSONS,COUNTY,CITY,DAY,MONTH,YEAR,DAY_WEEK,HOUR,MINUTE,NHS,ROAD_FNC,ROUTE,TWAY_ID,TWAY_ID2,MILEPT,LATITUDE,LONGITUD,SP_JUR,HARM_EV,MAN_COLL,RELJCT1,RELJCT2,TYP_INT,WRK_ZONE,REL_ROAD,LGT_COND,WEATHER1,WEATHER2,WEATHER,SCH_BUS,RAIL,NOT_HOUR,NOT_MIN,ARR_HOUR,ARR_MIN,HOSP_HR,HOSP_MN,CF1,CF2,CF3,FATALS,DRUNK_DR
24,240284,1,1,0,0,0,1,1,31,0,6,9,2013,6,23,35,0,6,3,SR-44,,8,39.26990278,-77.18874444,0,1,0,0,1,1,0,4,2,1,0,1,0,0000000,99,99,99,99,88,88,0,0,0,1,1
24,240285,1,1,0,1,1,1,1,47,0,20,9,2013,6,22,8,1,13,2,US-50,,131,38.33698333,-75.10822778,0,8,0,0,1,1,0,1,2,1,0,1,0,0000000,22,8,22,14,22,43,0,0,0,1,0
24,240286,2,2,0,0,0,3,3,5,0,20,9,2013,6,0,53,1,11,1,I-695 RAMP,SR-147,99999,39.38819167,-76.52829444,0,12,7,0,20,1,0,1,2,1,0,1,0,0000000,0,53,1,22,1,45,0,0,0,1,1
24,240287,1,1,0,1,1,8,8,5,0,4,9,2013,4,15,28,0,13,3,SR-147,,3,39.37606944,-76.54074167,0,8,0,0,1,1,0,1,1,1,0,1,0,0000000,15,27,15,36,88,88,0,0,0,1,0
24,240288,1,1,0,0,0,3,3,11,0,29,9,2013,1,8,57,0,3,3,SR-311,,38,39.09266944,-75.75832778,0,53,0,0,1,1,0,5,1,1,0,1,0,0000000,99,99,99,99,99,99,0,0,0,2,0
24,240289,1,1,0,0,0,1,1,31,0,11,9,2013,4,8,31,0,3,3,SR-108,,50,39.24256389,-77.14321389,0,42,0,0,1,1,0,5,1,1,0,1,0,0000000,8,31,9,3,9,36,0,0,0,1,1
24,240290,2,2,0,0,0,3,3,21,0,26,8,2013,2,10,1,0,13,3,SR-194,DEER RUN DR,32,39.49003333,-77.33485833,0,12,6,0,2,2,0,1,1,1,0,1,0,0000000,10,1,10,23,88,88,0,0,0,1,0
24,240291,1,1,0,1,1,1,1,15,0,25,9,2013,4,23,31,0,12,3,SR-279,,11,39.61936667,-75.83876667,0,8,0,0,1,1,0,1,3,1,0,1,0,0000000,23,51,23,56,0,3,0,0,0,1,1
24,240292,1,1,0,0,0,1,1,27,0,4,9,2013,4,18,3,1,12,1,I-895,,1,39.22024167,-76.71462222,0,24,0,0,1,1,0,5,1,1,0,1,0,0000000,99,99,99,99,99,99,0,0,0,1,1
24,240293,1,1,0,0,0,4,4,33,1610,22,9,2013,1,19,55,0,13,2,US-1,,28,38.96739722,-76.93865556,0,33,0,0,1,1,0,4,3,1,0,1,0,0000000,20,3,20,9,20,34,0,0,0,1,0
24,240294,3,3,0,0,0,3,3,25,0,16,8,2013,6,1,59,1,11,1,I-95,,24,39.44726667,-76.32981389,0,12,1,0,1,1,1,1,2,1,0,1,0,0000000,1,55,2,4,88,88,3,0,0,1,1
24,240295,2,2,0,0,0,4,4,33,0,18,8,2013,1,22,4,1,11,1,I-95,,131,38.86576111,-76.84595833,0,24,0,0,1,1,0,3,3,1,0,1,0,0000000,22,5,22,20,23,15,0,0,0,1,1
24,240296,2,2,0,0,0,3,3,17,0,16,9,2013,2,2,16,1,2,2,US-301,,195,38.58413889,-76.9491,0,12,1,0,1,1,0,1,3,1,0,1,0,0000000,99,99,99,99,88,88,0,0,0,2,1
24,240297,4,4,0,0,0,6,6,33,1175,24,8,2013,7,3,23,1,12,3,SR-210,WILSON BRIDGE DRIVE,120,38.78790278,-76.998175,0,12,1,0,3,3,0,1,2,1,0,1,0,0000000,99,99,99,99,99,99,0,0,0,1,4
24,240298,1,1,0,0,0,1,1,27,0,9,6,2013,1,23,38,1,11,1,I-70,,2,39.33795556,-77.05336667,0,31,0,0,1,1,1,4,2,10,0,10,0,0000000,23,29,0,17,0,50,0,0,0,1,0
24,240299,1,1,0,0,0,2,2,27,0,26,7,2013,6,19,1,0,6,4,CR-24,,38,39.288875,-77.06960833,0,42,0,0,1,1,0,6,1,1,0,1,0,0000000,99,99,99,99,88,88,0,0,0,2,1
24,240300,1,1,0,0,0,1,1,33,0,31,8,2013,7,11,31,0,13,3,SR-202 RAMP,,75,38.89726944,-76.82952778,0,24,0,1,5,1,0,4,1,1,0,1,0,0000000,99,99,99,99,99,99,0,0,0,1,0
24,240301,1,1,0,1,1,1,1,31,0,22,8,2013,5,20,13,0,13,3,SR-97,HENDERSON AVE,41,39.05063056,-77.05153333,0,8,0,0,2,2,0,1,1,1,0,1,0,0000000,99,99,99,99,99,99,0,0,0,1,0
24,240302,1,1,0,1,1,1,1,510,50,3,9,2013,3,3,3,0,13,2,US-1,,0,39.31041389,-76.63071667,0,8,0,0,1,1,0,1,3,1,0,1,0,0000000,99,99,99,99,99,99,0,0,0,1,0
24,240303,1,1,0,0,0,1,1,33,1175,13,9,2013,6,3,54,0,14,4,CR-148,,3,38.80061667,-76.98164167,0,42,0,0,1,1,0,4,3,1,0,1,0,0000000,99,99,99,99,99,99,0,0,0,1,1
24,240304,1,1,0,0,0,1,1,11,0,6,10,2013,1,17,12,0,3,3,SR-313,,259,38.99005833,-75.79583056,0,1,0,0,1,1,0,6,1,1,0,1,0,0000000,17,6,17,14,17,47,0,0,0,1,0
24,240305,1,1,0,1,1,2,2,29,0,25,10,2013,6,6,4,0,3,3,SR-104,,30,39.15183889,-76.20991667,0,11,0,0,1,1,0,1,2,10,0,10,0,0000000,6,15,6,28,88,88,0,0,0,1,1
24,240306,2,2,0,0,0,3,3,3,0,4,10,2013,6,12,41,1,13,3,SR-3,SR-32,0,39.06171944,-76.65083611,0,12,6,0,1,1,0,1,1,1,0,1,0,0000000,12,44,12,50,99,99,0,0,0,1,0
24,240307,1,1,0,1,1,1,1,33,0,3,10,2013,5,17,34,1,12,3,SR-4,,34,38.81458889,-76.77750278,0,9,0,0,1,1,0,1,1,1,0,1,0,0000000,99,99,99,99,99,99,0,0,0,1,0
24,240308,1,1,0,1,1,1,1,510,50,4,10,2013,6,0,37,0,13,6,NORTH AVE,,0,39.31096944,-76.61941944,0,8,0,0,1,1,0,3,3,1,0,1,0,0000000,0,35,0,41,1,4,0,0,0,1,0
24,240309,2,2,0,0,0,2,2,33,0,7,10,2013,2,2,42,1,11,1,I-495,,10,39.01995278,-76.95395,0,12,6,0,1,1,0,1,2,1,0,1,0,0000000,2,43,2,57,3,24,0,0,0,1,1
24,240310,1,1,0,0,0,1,1,5,0,26,10,2013,7,1,53,0,14,4,CR-7032,,37,39.41711389,-76.66572222,0,30,0,0,1,1,0,4,3,1,0,1,0,0000000,1,50,1,58,88,88,0,0,0,1,1
24,240311,1,1,0,0,0,1,1,33,0,15,10,2013,3,0,44,0,4,3,SR-381,,105,38.67779167,-76.80950556,0,42,0,0,1,1,0,4,3,1,0,1,0,0000000,0,47,1,20,1,56,0,0,0,1,1
24,240312,1,1,0,1,1,1,1,25,0,30,10,2013,4,11,2,1,11,1,I-95,,14,39.44193333,-76.35125833,0,8,0,0,1,1,0,1,1,1,0,1,0,0000000,10,57,11,5,88,88,0,0,0,1,0
24,240313,1,1,0,0,0,4,4,17,0,10,6,2013,2,9,8,0,14,4,CR-47,,5,38.60616944,-76.98028889,0,42,0,0,1,1,0,6,1,1,0,1,0,0000000,99,99,99,99,99,99,0,0,0,1,0
24,240314,1,1,0,1,1,1,1,17,0,13,7,2013,7,0,53,1,13,3,SR-228,,21,38.65,-76.96060556,0,8,0,0,1,1,0,1,2,1,0,1,0,0000000,99,99,99,99,99,99,0,0,0,1,1
24,240315,1,1,0,0,0,2,2,43,0,12,9,2013,5,9,55,1,11,1,I-70,,332,39.5979,-77.66081389,0,1,0,0,1,1,0,3,1,1,0,1,0,0000000,9,55,10,4,11,4,0,0,0,1,0
24,240316,1,1,0,1,1,2,2,37,0,3,10,2013,5,17,40,0,3,3,SR-234,,9,38.406425,-76.84443333,0,8,0,0,8,1,0,1,3,1,0,1,0,0000000,19,31,19,52,99,99,0,0,0,1,0
24,240317,2,2,0,0,0,3,3,9,0,6,10,2013,1,12,44,0,4,3,SR-263,,32,38.61283889,-76.56345833,0,12,2,0,8,1,0,1,1,1,0,1,0,0000000,12,47,13,25,14,11,0,0,0,2,0
24,240318,1,1,0,0,0,1,1,27,0,7,10,2013,2,19,1,1,12,2,US-29,,6,39.21481111,-76.85135,0,41,0,0,1,1,0,6,5,1,0,1,0,0000000,99,99,99,99,88,88,0,0,0,1,1
24,240319,2,2,0,0,0,2,2,3,0,7,10,2013,2,12,1,0,4,3,SR-450,,0,38.99113611,-76.63004722,0,12,11,0,1,1,0,1,1,5,2,2,0,0000000,12,7,12,18,13,22,0,0,0,1,0
24,240320,2,2,0,0,0,4,4,13,0,9,10,2013,4,18,43,0,16,3,SR-26,CO-1333,119,39.395425,-76.91738056,0,12,6,0,2,3,0,1,2,10,0,10,0,0000000,99,99,99,99,99,99,0,0,0,1,0
24,240321,1,1,0,0,0,3,3,17,0,18,10,2013,6,19,32,0,6,4,CR-470,,12,38.57758611,-76.98844167,0,42,0,0,1,1,0,6,2,1,0,1,0,0000000,99,99,99,99,99,99,0,0,0,1,1
24,240322,1,1,0,0,0,1,1,33,365,29,10,2013,3,22,58,0,16,4,CR-931,,2,38.78208056,-76.8954,0,33,0,0,1,1,0,4,2,1,0,1,0,0000000,99,99,99,99,88,88,0,0,0,1,1
24,240323,1,1,0,0,0,1,1,21,0,5,10,2013,7,2,55,1,2,2,US-15,,88,39.37353333,-77.48294167,0,1,0,0,1,1,0,3,2,1,0,1,0,0000000,2,55,3,2,3,12,0,0,0,1,1
24,240324,2,2,0,0,0,3,3,27,0,11,1,2013,6,14,57,0,15,3,SR-121,CR-175,20,39.15428611,-76.77825833,0,12,2,0,2,2,0,1,1,1,0,1,0,0000000,99,99,99,99,99,99,0,0,0,1,0
24,240325,1,1,0,0,0,1,1,3,0,14,10,2013,2,4,2,0,4,3,SR-450,,0,38.98872222,-76.59804722,0,30,0,0,1,1,0,4,2,1,0,1,0,0000000,99,99,99,99,88,88,0,0,0,1,1
24,240326,8,8,0,0,0,14,14,3,0,27,8,2013,3,16,55,1,2,3,SR-3,,64,39.07017778,-76.63756389,0,12,1,0,1,1,0,1,1,1,0,1,0,0000000,17,0,17,32,18,5,28,0,0,3,0
24,240327,1,1,0,0,0,1,1,45,0,17,10,2013,5,23,54,0,6,4,CR-333,,17,38.418925,-75.43788333,0,42,0,0,1,1,0,6,2,1,0,1,0,0000000,23,54,0,4,0,42,0,0,0,1,0
24,240328,1,1,0,0,0,1,1,5,0,12,10,2013,7,3,51,0,16,4,CR-7150,,0,39.43791111,-76.77648889,0,33,0,0,1,1,0,4,3,1,0,1,0,0000000,99,99,99,99,88,88,0,0,0,1,1
24,240329,2,2,0,0,0,1,1,33,0,10,10,2013,5,4,0,1,11,1,I-95,,195,38.96141944,-76.86698333,0,12,6,0,1,1,0,1,3,2,4,4,0,0000000,4,5,4,14,5,2,19,0,0,1,0
24,240330,2,2,0,0,0,3,3,27,0,27,9,2013,6,20,7,0,13,2,US-1,,32,39.14369444,-76.80965556,0,12,2,0,8,1,0,1,3,1,0,1,0,0000000,20,7,20,13,21,0,0,0,0,1,0
24,240331,1,1,0,1,1,2,2,47,0,27,10,2013,1,2,19,1,2,2,US-50,,96,38.34261111,-75.15923889,0,8,0,0,1,1,0,1,3,1,0,1,0,0000000,99,99,99,99,99,99,0,0,0,1,0
24,240332,3,3,0,0,0,4,4,43,0,23,10,2013,4,14,5,0,3,2,US-40AL,TOMS RD,62,39.55962778,-77.68404444,0,12,1,0,3,3,0,1,1,1,0,1,0,0000000,14,5,14,12,99,99,0,0,0,1,0
24,240333,2,2,0,0,0,3,3,33,885,23,10,2013,4,0,44,0,15,4,CR-302,,12,38.96421667,-76.89167778,0,12,2,0,1,1,0,1,3,1,0,1,0,0000000,0,46,0,51,1,24,0,0,0,1,1
24,240334,2,2,0,0,0,5,5,33,1620,28,10,2013,2,19,9,0,14,4,CR-974,,33,38.85608333,-76.82094722,0,12,6,0,1,1,0,1,3,1,0,1,0,0000000,19,13,19,22,19,59,0,0,0,1,0
24,240335,2,2,0,0,0,2,2,25,0,26,10,2013,7,11,23,0,13,3,SR-23,CO-60,4,39.5744,-76.42368611,0,12,2,0,2,2,0,1,1,1,0,1,0,0000000,11,19,11,28,12,14,0,0,0,1,0
24,240336,2,2,0,0,0,4,4,21,0,31,10,2013,5,16,35,0,3,3,SR-194,,118,39.58486389,-77.25215278,0,12,2,0,1,1,0,1,1,1,0,1,0,0000000,99,99,99,99,99,99,0,0,0,1,0
24,240337,2,2,0,0,0,2,2,510,50,31,10,2013,5,2,10,1,11,1,I-895,,37,39.25877222,-76.56825833,0,12,2,0,1,1,0,1,3,1,0,1,0,0000000,99,99,99,99,99,99,0,0,0,1,2
24,240338,2,2,0,0,0,2,2,27,0,15,10,2013,3,13,36,0,13,2,US-1,GORMAN RD,21,39.13336389,-76.81645833,0,12,1,0,3,3,0,1,1,1,0,1,0,0000000,99,99,99,99,99,99,0,0,0,1,0
24,240339,4,4,0,0,0,4,4,5,0,14,10,2013,2,11,30,1,11,1,I-695,,271,39.36945278,-76.5135,0,12,1,1,18,1,0,1,1,1,0,1,0,0000000,11,21,11,34,99,99,0,0,0,1,0
24,240340,2,2,0,0,0,3,3,33,882,1,11,2013,6,5,54,0,14,3,SR-212,DREXEL STREET,17,38.98156389,-76.97891667,0,30,0,0,3,3,0,3,3,2,0,2,0,0000000,99,99,99,99,99,99,0,0,0,2,0
24,240341,2,2,0,0,0,6,6,33,0,8,11,2013,6,12,40,1,12,3,SR-4,,63,38.81138889,-76.81767222,0,34,0,0,1,1,0,4,1,1,0,1,0,0000000,99,99,99,99,99,99,0,0,0,1,0
24,240342,1,1,0,2,2,1,1,47,0,8,11,2013,6,20,2,1,2,2,US-113,SR-376,280,38.32406944,-75.21157222,0,8,0,0,2,2,0,1,3,1,0,1,0,0000000,20,2,20,11,20,14,0,0,0,1,0
24,240343,1,1,0,0,0,1,1,11,0,6,11,2013,4,2,45,0,4,3,SR-312,,58,38.97866389,-75.87574167,0,34,0,0,1,1,0,4,2,1,0,1,0,0000000,2,46,2,53,88,88,0,0,0,1,1
24,240344,2,2,0,0,0,2,2,15,0,7,11,2013,5,2,17,0,3,2,US-40,,31,39.58051111,-76.0338,0,12,1,0,1,1,0,1,2,1,0,1,0,0000000,99,99,99,99,88,88,20,0,0,1,0
24,240345,2,2,0,0,0,3,3,33,0,22,11,2013,6,20,48,0,13,3,SR-214,CR-4638,50,38.89890833,-76.82279444,0,12,6,0,2,2,0,1,3,1,0,1,0,0000000,99,99,99,99,99,99,0,0,0,1,0
24,240346,2,2,0,0,0,2,2,31,0,12,11,2013,3,23,27,1,11,1,I-70,,90,39.12080833,-77.19745278,0,12,2,0,1,1,0,1,2,1,0,1,0,0000000,99,99,99,99,99,99,0,0,0,1,1
24,240347,3,3,0,0,0,3,3,13,0,1,11,2013,6,5,25,0,3,3,SR-91,OLD GAMBER RD,9,39.49103889,-76.89468889,0,12,2,0,2,3,0,1,3,1,0,1,0,0000000,99,99,99,99,99,99,0,0,0,1,0
24,240348,1,1,0,0,0,1,1,27,0,2,11,2013,7,3,23,0,13,2,US-1,SR-100,74,39.19008611,-76.75496389,0,33,0,1,3,2,0,5,3,1,0,1,0,0000000,3,23,3,27,4,6,0,0,0,1,1
24,240349,1,1,0,1,1,1,1,23,0,12,11,2013,3,23,8,1,11,1,I-68,,222,39.68911667,-79.10451389,0,8,0,0,1,1,0,1,2,4,0,4,0,0000000,99,99,99,99,99,99,23,0,0,1,0
24,240350,2,2,0,0,0,3,3,31,0,3,11,2013,1,17,59,0,13,3,SR-119,,60,39.15837222,-77.27360833,0,12,2,0,1,1,0,1,3,1,0,1,0,0000000,99,99,99,99,99,99,0,0,0,1,1
24,240351,4,4,0,0,0,4,4,25,0,13,11,2013,4,5,49,1,11,1,I-95,,121,39.55343333,-76.15804167,0,12,1,0,1,1,0,1,2,1,0,1,0,0000000,5,43,5,55,99,99,0,0,0,1,0
24,240352,2,1,1,2,2,1,1,5,0,14,11,2013,5,11,7,1,11,1,I-695,,263,39.38128333,-76.52025,0,8,0,0,1,1,4,2,1,1,0,1,0,0000000,11,4,11,9,11,39,0,0,0,1,0
24,240353,2,2,0,0,0,2,2,3,0,14,11,2013,5,22,54,1,11,1,I-595,,56,38.9713,-76.62257778,0,12,1,0,1,1,0,1,2,1,0,1,0,0000000,23,36,0,10,0,50,0,0,0,1,0
24,240354,1,1,0,1,1,1,1,3,673,1,11,2013,6,22,30,1,13,3,SR-003,,176,39.14194722,-76.63200556,0,8,0,0,1,1,0,1,1,1,0,1,0,0000000,99,99,99,99,99,99,0,0,0,1,0
24,240355,2,2,0,0,0,2,2,33,0,17,11,2013,1,3,46,1,11,1,I-95,,300,39.07708889,-76.90289722,0,12,2,0,1,1,0,1,2,1,0,1,0,0000000,99,99,99,99,99,99,0,0,0,1,1
24,240356,2,2,0,0,0,2,2,33,175,9,11,2013,7,14,21,0,14,4,CR-599,,22,38.72472778,-76.896,0,12,2,0,1,1,0,1,1,1,0,1,0,0000000,99,99,99,99,99,99,0,0,0,1,1
24,240357,1,1,0,1,1,1,1,25,0,23,11,2013,7,1,8,0,13,3,SR-24,,10,39.42674444,-76.31027778,0,8,0,0,1,1,0,1,2,10,0,10,0,0000000,99,99,99,99,99,99,0,0,0,1,0
24,240358,1,1,0,0,0,1,1,33,175,21,11,2013,5,23,10,0,6,4,CR-226,,2,38.66353333,-76.920925,0,42,0,0,1,1,0,6,2,1,0,1,0,0000000,23,18,23,23,0,11,0,0,0,1,1
24,240359,3,3,0,0,0,5,5,5,0,7,11,2013,5,22,3,0,13,3,SR-45,,95,39.50228611,-76.650225,0,12,2,0,1,1,0,1,2,1,0,1,0,0000000,99,99,99,99,99,99,0,0,0,2,3
24,240360,1,1,0,1,1,1,1,33,859,1,11,2013,6,20,32,0,14,3,SR-193,CR-4409,183,38.88815556,-76.78361944,0,8,0,0,3,3,0,1,3,1,0,1,0,0000000,99,99,99,99,88,88,0,0,0,1,0
24,240361,3,3,0,0,0,3,3,25,0,20,11,2013,4,6,17,0,13,2,US-40,,46,39.44303611,-76.29032778,0,12,1,0,1,1,0,1,4,1,0,1,0,0000000,6,16,6,24,88,88,0,0,0,1,0
24,240362,1,1,0,0,0,4,4,23,0,23,11,2013,7,23,3,0,4,2,US-40AL,,164,39.68040556,-78.96306667,0,30,0,0,1,1,0,6,2,4,0,4,0,0000000,99,99,99,99,99,99,0,0,0,1,1
24,240363,1,1,0,0,0,1,1,33,1620,10,11,2013,1,3,28,0,15,4,CR-4024,,32,38.81605,-76.77758056,0,42,0,0,1,1,0,5,3,1,0,1,0,0000000,3,30,3,43,88,88,0,0,0,1,1
24,240364,2,2,0,0,0,7,7,3,0,22,11,2013,6,8,14,1,11,1,I-97,,138,39.15175833,-76.64516944,0,12,6,0,1,1,0,1,1,10,0,10,0,0000000,8,19,8,52,9,10,0,0,0,1,0
24,240365,1,1,0,0,0,1,1,33,565,17,11,2013,1,5,36,0,15,4,CR-1202,,39,38.75808611,-76.99701389,0,30,0,0,1,1,0,5,3,1,0,1,0,0000000,99,99,99,99,99,99,0,0,0,1,1
24,240366,1,1,0,1,1,2,2,510,50,30,8,2013,6,22,46,0,13,2,US-1,,0,39.34985,-76.53615278,0,8,0,0,1,1,0,1,3,1,0,1,0,0000000,99,99,99,99,88,88,0,0,0,1,0
24,240367,1,1,0,0,0,1,1,510,50,4,9,2013,4,21,32,0,14,2,US-40,,0,39.30290556,-76.54488889,0,33,0,0,1,1,0,4,3,1,0,1,0,0000000,99,99,99,99,99,99,0,0,0,1,1
24,240368,1,1,0,0,0,1,1,510,50,23,9,2013,2,19,0,0,14,6,O'DONNELL STREET,,0,39.28056944,-76.56308056,0,21,0,0,1,1,0,5,3,1,0,1,0,0000000,18,28,19,7,99,99,0,0,0,1,0
24,240369,1,1,0,1,1,1,1,15,0,25,10,2013,6,15,30,0,3,2,US-40,,16,39.57575278,-76.05582222,0,8,0,0,1,1,0,1,1,1,0,1,0,0000000,15,50,15,58,16,52,19,0,0,1,0
24,240370,1,1,0,1,1,1,1,510,50,30,10,2013,4,5,16,0,13,6,E. PAPTAPSCO RD,3RD STREET,0,39.23779167,-76.60709444,0,8,0,0,3,2,0,1,3,1,0,1,0,0000000,99,99,99,99,99,99,0,0,0,1,0
24,240371,1,1,0,1,1,1,1,37,0,18,11,2013,2,19,55,0,3,3,SR-5,,427,38.473125,-76.77401389,0,8,0,0,1,1,0,1,1,1,0,1,0,0000000,99,99,99,99,88,88,0,0,0,1,0
24,240372,1,1,0,0,0,1,1,510,50,24,11,2013,1,1,56,0,13,6,CATON AVE,,0,39.279,-76.67153333,0,33,0,0,1,1,0,4,3,1,0,1,0,0000000,1,52,2,1,2,29,0,0,0,1,1
24,240373,1,1,0,0,0,1,1,5,0,18,11,2013,2,18,10,0,13,6,LOCH RAVEN DRIVE,,3,39.43393056,-76.54656944,0,24,0,0,1,1,0,4,2,1,0,1,0,0000000,18,9,18,21,99,99,0,0,0,1,0
24,240374,3,1,2,1,1,1,1,510,50,5,7,2013,6,21,20,0,13,2,US-1,,0,39.31546111,-76.58073333,0,14,0,0,1,1,0,7,3,1,0,1,0,0000000,21,22,21,33,21,48,15,14,0,1,1
24,240375,1,1,0,0,0,1,1,15,0,17,11,2013,1,17,10,0,6,4,CR-41,,21,39.6812,-76.12026944,0,11,0,0,1,1,0,1,2,1,0,1,0,0000000,99,99,99,99,88,88,0,0,0,1,0
24,240376,3,2,1,0,0,3,3,13,0,28,11,2013,5,0,58,0,6,6,BUFFALO RD,,5,39.42075,-77.14442778,0,12,2,0,1,1,0,1,2,1,0,1,0,0000000,0,58,1,3,99,99,0,0,0,2,1
24,240377,2,2,0,0,0,2,2,19,0,25,11,2013,2,15,48,1,2,2,US-50,,81,38.53965,-75.9448,0,12,1,0,1,1,0,1,1,1,0,1,0,0000000,15,42,15,43,88,88,0,0,0,1,0
24,240378,1,1,0,0,0,1,1,31,0,3,11,2013,1,1,20,0,13,3,SR-185,,56,39.04868889,-77.07535,0,33,0,0,1,1,0,4,3,1,0,1,0,0000000,99,99,99,99,99,99,0,0,0,1,0
24,240379,2,2,0,0,0,4,4,45,430,19,2,2013,3,20,2,1,2,2,US-13,,141,38.43163889,-75.56368333,0,12,11,0,1,1,0,1,2,1,0,1,0,0000000,99,99,99,99,99,99,19,0,0,1,1
24,240380,1,1,0,0,0,1,1,33,0,24,4,2013,4,14,16,1,12,3,SR-295,,115,39.06223611,-76.835775,1,1,0,0,1,1,0,3,1,1,0,1,0,0000000,99,99,99,99,99,99,0,0,0,1,0
24,240381,2,2,0,0,0,2,2,17,0,27,11,2013,4,16,54,1,2,3,SR-5BU,,14,38.62252778,-76.904075,0,12,2,0,1,1,0,1,2,2,0,2,0,0000000,99,99,99,99,99,99,0,0,0,1,1
24,240382,1,1,0,1,1,1,1,33,569,26,11,2013,3,6,15,1,12,3,SR-4,,97,38.84124444,-76.87478333,0,8,0,0,1,1,0,1,3,1,0,1,0,0000000,99,99,99,99,99,99,0,0,0,1,0
24,240383,5,5,0,0,0,10,10,33,170,22,11,2013,6,11,52,9,13,3,SR-197,LONDON LANE,19,38.956875,-76.74591111,0,33,0,0,3,2,0,3,1,1,0,1,0,0000000,11,58,12,2,12,32,0,0,0,1,0
24,240384,2,2,0,1,1,5,5,43,0,8,12,2013,1,18,15,0,16,4,CR-852,,7,39.65644167,-77.69469444,0,8,0,0,1,1,0,1,2,2,3,3,0,0000000,18,8,18,18,18,41,0,0,0,1,0
24,240385,2,2,0,1,1,1,1,25,0,10,12,2013,3,21,36,0,13,2,US-40,CO-505,11,39.42913056,-76.35570278,0,12,6,0,2,2,0,1,1,1,0,1,0,0000000,21,29,21,34,22,3,19,0,0,1,0
24,240386,2,1,1,0,0,1,1,33,1620,10,12,2013,3,4,15,0,16,4,CR-3349,,0,38.76068889,-76.80324167,0,33,0,0,1,1,0,4,3,1,0,1,0,0000000,99,99,99,99,88,88,14,0,0,1,1
24,240387,1,1,0,0,0,1,1,5,0,12,12,2013,5,3,31,1,11,1,I-695,,188,39.41938889,-76.63813611,0,24,0,0,1,1,0,4,3,1,0,1,0,0000000,99,99,99,99,88,88,0,0,0,1,1
24,240388,2,2,0,0,0,5,5,35,0,12,12,2013,5,12,8,0,4,3,SR-303,SR-309,2,38.92216111,-75.95691389,0,12,6,0,2,2,0,1,1,1,0,1,0,0000000,99,99,99,99,99,99,0,0,0,1,0
24,240389,2,2,0,0,0,2,2,9,0,13,12,2013,6,8,5,0,5,3,SR-261,CR-99,75,38.69872222,-76.54968333,0,12,6,0,2,2,0,1,1,1,0,1,0,0000000,99,99,99,99,99,99,0,0,0,1,0
24,240390,1,1,0,0,0,1,1,45,0,14,12,2013,7,12,38,0,5,3,SR-352,,89,38.343675,-75.73608333,0,34,0,0,1,1,0,4,1,10,0,10,0,0000000,9,53,9,58,10,20,0,0,0,1,0
24,240391,1,1,0,0,0,1,1,33,0,16,12,2013,2,15,17,0,13,3,SR-198,,88888,39.10043333,-76.8851,0,24,0,0,1,1,0,4,1,1,0,1,0,0000000,99,99,99,99,88,88,0,0,0,1,1
24,240392,2,2,0,0,0,2,2,27,0,14,12,2013,7,18,32,0,13,2,US-40,,136,39.29936389,-76.9074,0,12,2,0,1,1,0,1,2,1,0,1,0,0000000,18,32,18,40,19,23,0,0,0,1,0
24,240393,1,1,0,1,1,1,1,15,0,20,12,2013,6,17,21,0,4,3,SR-7C,,86,39.60519722,-75.87317222,0,8,0,0,1,1,0,1,2,1,0,1,0,0000000,99,99,99,99,99,99,0,0,0,1,0
24,240394,1,1,0,1,1,6,6,39,0,20,12,2013,6,20,5,0,6,3,SR-920,,2,38.17515,-75.69001944,0,8,0,0,1,1,0,1,2,1,0,1,0,0000000,99,99,99,99,99,99,0,0,0,1,0
24,240395,2,2,0,0,0,3,3,21,0,7,12,2013,7,23,56,1,11,1,I-70,,137,39.39880278,-77.43744167,0,12,2,0,1,1,0,1,2,1,0,1,0,0000000,23,56,0,4,99,99,0,0,0,1,1
24,240396,2,2,0,0,0,2,2,5,0,22,12,2013,1,4,36,1,11,1,I-695,,156,39.39628333,-76.68721667,0,12,1,0,1,1,0,1,2,10,0,10,0,0000000,99,99,99,99,88,88,0,0,0,1,1
24,240397,2,2,0,0,0,4,4,31,0,17,12,2013,3,11,29,0,14,4,CR-4991,INDIANOLA DR,13,39.11473333,-77.15695833,0,12,6,0,2,2,0,1,1,1,0,1,0,0000000,99,99,99,99,99,99,0,0,0,1,0
24,240398,2,2,0,0,0,4,4,31,0,28,12,2013,7,2,40,0,16,4,CR-7072,,2,39.04897222,-76.983525,0,12,2,0,1,1,0,1,3,1,0,1,0,0000000,99,99,99,99,99,99,0,0,0,1,0
24,240399,2,2,0,0,0,3,3,31,1360,28,12,2013,7,14,21,0,14,3,SR-189,GREAT FALLS RD,50,39.07601111,-77.16249167,0,12,6,0,2,2,0,1,1,1,0,1,0,0000000,99,99,99,99,99,99,0,0,0,1,0
24,240400,2,2,0,0,0,4,4,45,0,31,12,2013,3,19,56,1,2,2,US-50,CR-317,280,38.38438056,-75.37495278,0,12,6,0,2,2,0,1,2,1,0,1,0,0000000,19,57,20,2,20,19,0,0,0,2,0