STATE,ST_CASE,VE_TOTAL,VE_FORMS,PVH_INVL,PEDS,PERNOTMVIT,PERMVIT,PERSONS,COUNTY,CITY,DAY,MONTH,YEAR,DAY_WEEK,HOUR,MINUTE,NHS,ROAD_FNC,ROUTE,TWAY_ID,TWAY_ID2,MILEPT,LATITUDE,LONGITUD,SP_JUR,HARM_EV,MAN_COLL,RELJCT1,RELJCT2,TYP_INT,WRK_ZONE,REL_ROAD,LGT_COND,WEATHER1,WEATHER2,WEATHER,SCH_BUS,RAIL,NOT_HOUR,NOT_MIN,ARR_HOUR,ARR_MIN,HOSP_HR,HOSP_MN,CF1,CF2,CF3,FATALS,DRUNK_DR
24,240401,2,2,0,0,0,2,2,25,0,30,12,2013,2,7,0,1,2,2,US-1,,5,39.48119167,-76.40405,0,12,6,0,1,1,0,1,2,1,0,1,0,0000000,99,99,99,99,99,99,0,0,0,1,0
24,240402,1,1,0,1,1,1,1,33,830,23,12,2013,2,6,10,0,14,3,SR-501,,16,38.95246389,-76.970075,0,8,0,0,1,1,0,1,3,1,0,1,0,0000000,99,99,99,99,99,99,0,0,0,1,0
24,240403,2,2,0,0,0,8,8,33,240,8,12,2013,1,22,49,0,13,3,SR-214,CR-360,20,38.888525,-76.87716111,0,12,6,0,2,2,0,1,3,1,0,1,0,0000000,99,99,99,99,99,99,0,0,0,2,0
24,240404,3,3,0,0,0,3,3,13,0,19,12,2013,5,14,6,1,2,3,SR-30,,114,39.71364167,-76.91678889,0,12,2,0,1,1,0,1,1,1,0,1,0,0000000,14,0,14,9,88,88,0,0,0,1,0
24,240405,1,1,0,0,0,2,2,31,0,8,12,2013,1,11,16,0,14,4,CR-142,,7,39.07601667,-77.09308333,0,43,0,0,1,1,0,4,1,1,0,1,0,0000000,99,99,99,99,99,99,0,0,0,1,1
24,240406,1,1,0,1,1,1,1,510,50,10,5,2013,6,23,52,0,13,2,US-1,,0,39.32545,-76.56868611,0,8,0,0,1,1,0,1,3,2,0,2,0,0000000,99,99,99,99,99,99,0,0,0,1,0
24,240407,1,1,0,0,0,1,1,27,0,27,10,2013,1,13,20,1,11,1,I-95,,82,39.23521667,-76.81403056,0,35,0,0,1,1,0,4,1,1,0,1,0,0000000,99,99,99,99,99,99,0,0,0,1,0
24,240408,3,3,0,0,0,3,3,31,0,11,10,2013,6,13,37,0,14,3,SR-117,,92,39.15415833,-77.252525,0,12,2,0,1,1,0,1,1,2,0,2,0,0000000,99,99,99,99,99,99,0,0,0,1,0
24,240409,1,1,0,0,0,2,2,33,22,19,5,2013,1,6,52,0,14,3,SR-212,,40,39.00759444,-76.96619722,0,42,0,0,1,1,0,5,1,1,0,1,0,0000000,99,99,99,99,99,99,0,0,0,2,1
24,240410,1,1,0,0,0,1,1,5,0,24,12,2013,3,19,45,0,15,4,CR-4779,,3,39.28973056,-76.44158611,0,42,0,0,1,1,0,6,3,1,0,1,0,0000000,19,42,19,51,88,88,0,0,0,1,1
24,240411,3,2,1,0,0,4,4,43,0,10,12,2013,3,1,44,0,14,2,US-40AL,,0,39.63032778,-77.71624167,0,12,6,0,1,1,0,1,3,1,0,1,0,0000000,1,43,1,51,2,15,0,0,0,1,1
24,240412,1,1,0,1,1,1,1,5,455,11,12,2013,4,6,30,0,14,3,SR-151,,34,39.26740556,-76.46794444,0,8,0,0,1,1,0,1,2,1,0,1,0,0000000,99,99,99,99,88,88,0,0,0,1,0
24,240413,1,1,0,1,1,1,1,33,150,16,12,2013,2,19,16,0,5,3,SR-210,,14,38.82119167,-77.000925,0,8,0,0,1,1,0,1,3,1,0,1,0,0000000,99,99,99,99,99,99,0,0,0,1,0
24,240414,1,1,0,1,1,1,1,27,0,11,10,2013,6,7,22,0,16,4,CR-1579,,0,39.13555,-76.80971389,0,8,0,0,1,1,0,7,1,2,0,2,0,0000000,7,22,7,27,8,17,0,0,0,1,0
24,240416,1,1,0,0,0,2,2,33,0,22,8,2013,5,5,41,1,12,3,SR-295,,115,39.06463611,-76.835175,0,1,0,0,1,1,0,1,2,1,0,1,0,0000000,99,99,99,99,99,99,0,0,0,1,1
24,240417,1,1,0,1,1,1,1,33,0,9,10,2013,4,5,2,1,12,3,SR-295,,0,39.146125,-76.75268611,0,8,0,0,1,1,0,1,2,1,0,1,0,0000000,99,99,99,99,99,99,0,0,0,1,0
24,240418,1,1,0,0,0,1,1,33,0,8,12,2013,1,7,27,1,12,3,SR-295,,96,39.04043611,-76.84847778,1,99,99,0,1,1,0,6,1,1,0,1,0,0000000,99,99,99,99,99,99,0,0,0,1,0
24,240419,2,2,0,0,0,6,6,33,0,12,12,2013,5,1,59,1,12,3,SR-295,,16,38.93561389,-76.91647778,0,12,1,0,1,1,0,1,2,1,0,1,0,0000000,99,99,99,99,99,99,0,0,0,2,0
24,240420,2,2,0,0,0,3,3,31,0,16,9,2013,2,9,6,0,13,3,SR-927,TOWER OAKS BLVD,16,39.05561111,-77.149325,0,12,6,0,2,3,0,1,1,1,0,1,0,0000000,10,7,10,12,10,28,0,0,0,1,0
24,240421,1,1,0,1,1,1,1,33,879,22,11,2013,6,20,40,0,13,3,SR-202,PINEBROOK AVE,118,38.92725833,-76.89009167,0,8,0,0,3,3,0,1,3,1,0,1,0,0000000,20,41,20,43,88,88,0,0,0,1,0
24,240422,1,1,0,0,0,2,2,510,50,10,12,2013,3,6,23,0,14,6,HOLLINS FERRY RD,,0,39.26480556,-76.64404444,0,10,0,0,6,1,0,1,4,4,0,4,0,9999999,99,99,99,99,99,99,0,0,0,2,0
24,240423,1,1,0,1,1,2,2,25,0,18,12,2013,4,17,19,0,16,6,LINWOOD AVE,GILES STREET,1,39.53222222,-76.34065278,0,8,0,0,3,3,0,1,3,1,0,1,0,0000000,99,99,99,99,99,99,0,0,0,1,0
24,240424,1,1,0,0,0,1,1,33,175,26,12,2013,5,20,39,0,6,4,CR-167,,15,38.71373333,-76.837175,0,42,0,0,1,1,0,5,2,1,10,10,0,0000000,99,99,99,99,99,99,99,99,99,1,1
24,240425,2,2,0,1,1,3,3,21,580,10,7,2013,4,23,38,0,14,3,SR-85,,96,39.39093056,-77.40946389,0,8,0,0,1,1,0,1,3,1,0,1,0,0000000,23,38,23,44,88,88,0,0,0,1,0
24,240426,3,2,1,0,0,4,4,510,50,24,9,2013,3,0,20,0,13,6,NORTHERN PKWY,YORK RD,0,39.36511389,-76.61000556,0,12,6,0,2,2,0,1,3,1,0,1,0,0000000,99,99,99,99,99,99,0,0,0,3,0
24,240427,3,2,1,0,0,4,4,510,50,14,10,2013,2,16,38,0,14,6,W. BELVEDERE AVE,WILTON HGTS,0,39.34573333,-76.67607222,0,12,6,0,2,3,0,1,1,1,0,1,0,0000000,99,99,99,99,99,99,14,0,0,1,0
24,240428,2,2,0,0,0,2,2,510,50,15,11,2013,6,7,24,0,13,6,REISTERSTOWN RD,NORTHERN PKWY,0,39.34832222,-76.69254444,0,25,0,0,1,1,0,3,1,1,0,1,0,0000000,99,99,99,99,99,99,0,0,0,1,0
24,240429,1,1,0,0,0,1,1,510,50,19,12,2013,5,8,37,9,99,6,INDIAN HEAD RD,,0,39.32178611,-76.57910278,8,42,0,0,1,1,0,4,1,1,0,1,0,0000000,99,99,99,99,99,99,0,0,0,1,0
24,240430,1,1,0,1,1,1,1,510,50,31,12,2013,3,22,0,0,13,6,BELAIR RD,,99998,39.34075833,-76.54781667,0,8,0,0,1,1,0,1,3,1,0,1,0,0000000,22,6,22,18,22,35,0,0,0,1,0
24,240431,1,1,0,1,1,1,1,510,50,25,12,2013,4,22,35,0,14,6,E 25TH STREET,BRENTWOOD AVE,0,39.31809722,-76.61037778,0,8,0,0,2,3,0,1,3,1,0,1,0,0000000,99,99,99,99,99,99,0,0,0,1,0
24,240432,3,3,0,1,1,3,3,33,0,27,12,2013,6,5,45,9,9,8,SUITLAND PARKWAY,FORESTVILLE RD,58,38.83117222,-76.87611944,8,8,0,0,2,4,0,1,2,1,0,1,0,0000000,99,99,99,99,99,99,0,0,0,1,0
25,250001,3,3,0,0,0,4,4,23,770,8,1,2013,3,12,41,0,14,3,SR-28 511 W GROVE STREET,,99998,41.90034167,-70.95374722,0,12,1,0,1,1,0,1,1,10,0,10,0,0000000,99,99,99,99,99,99,0,0,0,2,0
25,250002,2,2,0,1,1,2,2,17,870,3,1,2013,5,6,33,1,11,1,I-95/SR-128,,99998,42.33103056,-71.25422778,0,8,0,0,1,1,0,1,2,1,0,1,0,0000000,6,34,6,43,88,88,14,0,0,1,0
25,250003,1,1,0,0,0,1,1,5,7,9,1,2013,4,8,35,0,16,8,PECKHAM ROAD,KEENE ROAD,0,41.736375,-70.91635833,0,42,0,0,3,3,0,2,1,1,0,1,0,0000000,8,37,8,42,9,35,0,0,0,1,0
25,250004,1,1,0,1,1,1,1,27,1520,13,1,2013,1,23,13,0,16,8,MOUNTAIN STREET EAST,,0,42.31726944,-71.775075,0,8,0,0,1,1,0,1,2,5,0,5,0,0000000,23,13,23,20,23,44,0,0,0,1,0
25,250006,1,1,0,0,0,3,3,13,1247,21,1,2013,2,1,33,0,3,3,SR-57,,99998,42.06076667,-72.80035278,0,35,0,0,1,1,0,4,2,1,0,1,0,0000000,1,37,1,45,99,99,0,0,0,1,0
25,250007,1,1,0,1,1,2,2,9,1000,27,1,2013,1,13,0,0,16,8,LOWELL STREET,,0,42.54986389,-71.01416111,0,8,0,0,1,1,0,1,1,1,0,1,0,0000000,13,1,13,8,13,48,0,0,0,1,0
25,250008,1,1,0,0,0,1,1,5,1067,25,1,2013,6,22,26,0,16,8,CEDAR STREET,PURCHASE STREET,0,41.82440278,-71.19713333,0,42,0,0,3,3,0,4,2,1,0,1,0,0000000,22,27,22,45,23,12,0,0,0,1,0
25,250009,1,1,0,0,0,1,1,13,1270,27,1,2013,1,3,15,0,16,8,BROOKDALE DRIVE,COTTAGE STREET,0,42.14241667,-72.52565833,0,33,0,0,3,3,0,2,3,1,0,1,0,0000000,3,20,3,27,4,0,0,0,0,1,0
25,250010,1,1,0,0,0,2,2,27,1100,29,1,2013,3,22,31,0,3,3,SR-122,,0,42.33443056,-71.96351389,0,39,0,0,1,1,0,4,3,2,12,12,0,0000000,22,31,22,38,23,11,0,0,0,1,0
25,250011,1,1,0,0,0,1,1,23,140,2,2,2013,7,4,0,0,16,8,WEST STREET,,0,42.08728333,-71.04609167,0,42,0,0,1,1,0,4,3,1,0,1,0,0000000,3,59,4,5,4,24,0,0,0,1,1
25,250012,1,1,0,0,0,1,1,27,123,3,2,2013,1,19,10,0,14,3,SR-140,SHREWSBURY STREET,0,42.333825,-71.72829444,0,30,0,0,1,1,0,4,3,4,0,4,0,0000000,19,10,19,29,20,13,0,0,0,1,0
25,250013,1,1,0,0,0,1,1,27,32,4,2,2013,2,15,30,0,3,3,SR-12,,99998,42.64576667,-71.95597222,0,42,0,0,1,1,0,4,1,1,0,1,0,0000000,15,33,15,39,16,8,0,0,0,1,1
25,250014,1,1,0,0,0,2,2,9,765,7,2,2013,5,16,20,1,11,1,I-93 SOUTH,SR-213,99998,77.77770000,777.77770000,0,1,0,0,1,1,0,3,1,10,0,10,0,0000000,16,21,16,26,99,99,0,0,0,1,0
25,250016,2,2,0,0,0,2,2,5,924,12,2,2013,3,14,48,1,13,3,SR-123 W MAIN ST,,99998,41.95766389,-71.2102,0,12,2,0,1,1,0,1,1,1,0,1,0,0000000,14,50,14,53,15,15,0,0,0,1,0
25,250017,1,1,0,0,0,3,3,13,500,15,2,2013,6,1,30,0,16,8,MAIN STREET,,0,42.18237778,-72.62804444,0,30,0,0,1,1,0,5,3,1,0,1,0,0000000,1,33,1,41,2,54,0,0,0,1,1
25,250018,1,1,0,0,0,1,1,5,50,19,2,2013,3,10,57,1,13,3,SR-123,PHILLIPS STREET,0,41.91498056,-71.32296111,0,42,0,0,3,3,0,5,1,1,10,10,0,0000000,10,59,11,3,11,25,0,0,0,1,0
25,250019,1,1,0,0,0,1,1,5,251,20,2,2013,4,7,30,1,11,1,I-95 WEST,,2143,41.65525556,-70.99762222,0,48,0,0,1,1,0,4,1,10,0,10,0,0000000,99,99,99,99,88,88,0,0,0,1,0
25,250020,1,1,0,0,0,1,1,5,1280,24,2,2013,1,1,17,0,16,8,FIELD STREET,,0,41.95652222,-71.11314167,0,53,0,0,1,1,0,4,3,2,3,3,0,0000000,1,13,1,24,88,88,0,0,0,1,1
25,250021,1,1,0,0,0,1,1,23,1360,25,2,2013,2,5,26,0,16,8,GREAT NECK ROAD,SQUAWS PATH,0,41.74913056,-70.67971111,0,42,0,0,3,3,0,4,4,4,0,4,0,0000000,99,99,99,99,99,99,0,0,0,1,0
25,250022,1,1,0,1,1,1,1,13,1270,18,2,2013,2,12,15,0,16,8,MAIN STREET,JEFFERSON AVENUE,0,42.11479167,-72.60647778,0,8,0,0,3,3,0,1,1,1,0,1,0,0000000,12,16,12,22,12,34,0,0,0,1,0
25,250023,1,1,0,0,0,1,1,5,1064,25,2,2013,2,7,51,1,11,1,I-495 NORTH,,174,77.77770000,777.77770000,0,58,0,0,1,1,0,5,1,10,0,10,0,0000000,7,48,7,56,88,88,99,99,99,1,0
25,250024,1,1,0,0,0,1,1,5,1280,25,2,2013,2,18,21,1,12,3,SR-24,,99998,41.87173333,-71.05579167,0,24,0,1,5,1,0,3,2,1,0,1,0,0000000,18,20,18,29,19,9,0,0,0,1,1
25,250025,1,1,0,0,0,1,1,9,550,26,2,2013,3,18,52,0,4,3,SR-133,CANDLEWOOD ROAD,99998,42.65670278,-70.81931944,0,35,0,0,3,3,0,5,3,1,0,1,0,0000000,18,56,19,1,19,38,0,0,0,1,1
25,250026,1,1,0,1,1,1,1,21,155,5,3,2013,3,19,10,0,16,8,BEACON STREET,,0,42.34594167,-71.10805278,0,8,0,0,1,1,0,1,3,1,0,1,0,0000000,19,14,19,17,19,34,0,0,0,1,0
25,250027,2,2,0,0,0,2,2,5,299,22,3,2013,6,0,56,0,14,3,SR-138,PETERSON ROAD,0,42.0174,-71.06668333,0,12,6,0,2,3,0,1,3,4,0,4,0,0000000,1,0,1,6,1,36,0,0,0,1,1
25,250028,2,2,0,0,0,4,4,9,650,23,2,2013,7,7,57,0,14,8,ESSEX STREET,TILTON PLACE,0,42.46978611,-70.94046667,0,12,6,0,1,1,0,1,1,1,0,1,0,0000000,99,99,99,99,99,99,0,0,0,1,1
25,250029,1,1,0,0,0,1,1,3,458,9,3,2013,7,11,30,0,4,3,SR-43,,99998,77.77770000,777.77770000,0,42,0,0,1,1,0,5,1,1,0,1,0,0000000,11,39,11,50,12,20,0,0,0,1,0
25,250030,1,1,0,1,1,1,1,9,1444,30,3,2013,7,20,43,1,1,1,I-95,SCOTLAND ROAD,99998,42.78045,-70.92623333,0,8,0,1,99,1,0,1,2,1,0,1,0,0000000,20,50,20,55,88,88,0,0,0,1,0
25,250031,1,1,0,0,0,1,1,13,114,5,4,2013,6,21,52,1,1,1,I-90,,298,42.16043333,-72.82806667,0,34,0,0,1,1,0,5,2,1,0,1,0,0000000,22,2,22,15,88,88,99,99,99,1,1
25,250032,2,2,0,0,0,3,3,1,121,15,2,2013,6,17,45,1,13,3,SR-6A,SANDWICH ROAD,99998,41.77314167,-70.55361667,0,12,2,0,1,1,0,1,5,1,0,1,0,0000000,17,40,18,3,18,21,0,0,0,2,0
25,250033,2,2,0,0,0,2,2,27,1500,19,3,2013,3,15,6,0,14,2,US-202,,0,42.65483056,-72.07915833,0,12,6,0,1,1,0,1,1,4,0,4,0,0000000,15,3,15,10,88,88,99,99,99,1,1
25,250034,2,2,0,0,0,3,3,17,1490,3,3,2013,1,20,35,1,13,3,SR-125,,0,77.77770000,777.77770000,0,12,2,0,1,1,0,1,2,10,0,10,0,0000000,20,34,20,39,99,99,0,0,0,1,0
25,250035,1,1,0,0,0,2,2,27,1395,24,3,2013,1,20,40,0,14,3,SR-140,,0,77.77770000,777.77770000,0,1,0,0,1,1,0,4,3,1,0,1,0,0000000,20,44,20,48,21,16,0,0,0,1,1
25,250036,2,2,0,0,0,3,3,27,350,17,2,2013,1,10,30,0,12,3,SR-31 ASHBY STATE ROAD,,99998,77.77770000,777.77770000,0,12,2,0,1,1,0,1,1,10,4,4,0,0000000,10,7,10,16,99,99,0,0,0,2,0
25,250037,1,1,0,0,0,1,1,23,770,20,4,2013,7,23,4,0,16,8,NORTH STREET,OAK STREET,0,41.90137222,-70.91222222,0,59,0,0,2,4,0,1,3,1,0,1,0,0000000,99,99,99,99,99,99,0,0,0,1,1
25,250039,2,2,0,0,0,2,2,17,1340,24,3,2013,1,0,37,0,14,3,SR-117 EAST,,99998,42.37643333,-71.25997778,0,1,0,0,1,1,0,1,3,1,0,1,0,0000000,0,38,0,43,88,88,19,0,0,1,1
25,250040,1,1,0,1,1,1,1,27,1520,27,2,2013,4,18,19,0,14,3,SR-70,MCKINLEY ROAD,99998,42.28358889,-71.79192778,0,8,0,0,2,3,0,1,3,2,0,2,0,0000000,18,19,18,27,18,51,0,0,0,1,0
25,250041,2,2,0,0,0,2,2,23,770,9,3,2013,7,21,25,1,13,2,US-44,EVERETT STREET,99998,41.90708056,-70.92196111,0,12,6,0,2,2,0,1,3,1,0,1,0,0000000,99,99,99,99,99,99,13,0,0,1,1
25,250042,2,2,0,0,0,3,3,13,1270,30,3,2013,7,10,6,1,13,2,US-20,CHESTNUT STREET,99998,42.11341944,-72.59716111,0,12,6,0,2,2,0,1,1,1,0,1,0,0000000,10,9,10,14,10,29,0,0,0,1,1
25,250043,1,1,0,0,0,1,1,27,910,1,4,2013,2,13,27,0,6,8,GREEN STREET,,0,42.24693333,-72.04455,0,30,0,0,1,1,0,4,1,1,0,1,0,0000000,13,30,13,35,14,5,0,0,0,1,1
25,250044,4,1,3,0,0,4,4,27,1520,11,3,2013,2,22,13,0,16,8,FRANKLIN STREET,,0,42.26293611,-71.78494722,0,14,0,0,1,1,0,7,3,10,0,10,0,0000000,22,22,22,26,22,44,14,0,0,1,0
25,250045,1,1,0,0,0,1,1,17,520,8,4,2013,2,13,0,1,11,1,I-90,I-495,99998,42.26534167,-71.57145833,0,33,0,1,5,1,0,3,1,1,0,1,0,0000000,13,1,13,16,14,2,0,0,0,1,0
25,250046,1,1,0,0,0,1,1,9,255,13,4,2013,7,6,49,1,12,3,SR-128,,99998,42.55650278,-70.930825,0,33,0,0,1,1,0,5,2,98,0,98,0,0000000,7,4,7,8,88,88,0,0,0,1,1
25,250047,1,1,0,1,1,1,1,17,170,3,4,2013,4,5,12,1,13,8,LAND BOULEVARD,CAMBRIDGE PARKWAY,0,42.36786944,-71.07445556,0,8,0,0,1,1,0,1,2,98,0,98,0,0000000,5,11,5,17,5,28,0,0,0,1,0
25,250048,2,2,0,0,0,3,3,23,564,30,3,2013,7,2,15,1,13,2,US-44,HARDING STREET,99998,41.90174167,-70.98136111,0,12,2,0,1,1,0,1,2,1,0,1,0,0000000,2,16,2,26,99,99,0,0,0,1,1
25,250049,2,2,0,0,0,2,2,5,1064,8,4,2013,2,19,40,0,14,3,SR-138,BROADWAY STREET,99998,41.98508611,-71.07057778,0,12,2,0,8,1,0,1,3,1,0,1,0,0000000,19,47,19,52,20,25,0,0,0,1,1
25,250050,2,2,0,0,0,3,3,17,1190,23,4,2013,3,4,35,1,13,2,US-28,MYSTIC AVENUE,99998,42.39251944,-71.08544167,0,12,6,0,2,2,0,1,3,10,0,10,0,0000000,99,99,99,99,99,99,0,0,0,1,0
25,250051,1,1,0,1,1,1,1,23,1360,26,4,2013,6,20,11,0,14,3,SR-28,CRANBERRY HIGHWAY,99998,41.76583889,-70.68353056,0,8,0,0,1,1,4,1,3,1,0,1,0,0000000,99,99,99,99,88,88,0,0,0,1,0
25,250052,2,2,0,0,0,2,2,13,500,27,4,2013,7,18,53,0,16,8,BOWERS STREET,EAST DWIGHT STREET,0,42.20455,-72.60171389,0,12,6,0,2,3,0,1,1,1,0,1,0,0000000,18,56,19,3,19,23,0,0,0,1,0
25,250053,1,1,0,0,0,5,5,23,140,28,4,2013,1,0,13,0,16,8,WESTGATE DRIVE,,0,42.09756111,-71.04998611,0,30,0,0,1,1,0,4,3,1,0,1,0,0000000,99,99,99,99,99,99,0,0,0,1,0
25,250054,1,1,0,1,1,1,1,25,136,9,5,2013,5,6,50,0,16,8,CAMBRIDGE STREET,,0,42.35391111,-71.13666667,0,8,0,0,1,1,0,1,4,10,2,2,0,0000000,6,48,6,49,7,0,16,0,0,1,0
25,250055,1,1,0,1,1,3,3,17,740,7,5,2013,3,19,5,0,16,8,FRANKLIN STREET,PRATT STREET,0,42.46762778,-71.06390833,0,8,0,0,2,2,0,1,1,1,0,1,0,0000000,19,6,19,10,19,31,0,0,0,1,0
25,250056,2,2,0,0,0,3,3,27,55,8,5,2013,4,22,55,1,11,1,I-290 WEST,,99998,42.21615,-71.832,0,24,0,0,1,1,0,4,3,2,0,2,0,0000000,23,7,23,12,23,37,0,0,0,1,0
25,250057,1,1,0,0,0,2,2,21,180,10,5,2013,6,23,51,0,16,8,BOLIVAR STREET,,0,42.15203611,-71.13703333,0,39,0,0,1,1,0,5,3,1,0,1,0,0000000,23,53,23,58,99,99,0,0,0,1,1
25,250058,2,2,0,0,0,2,2,5,385,21,5,2013,3,18,0,1,12,2,US-24,,99998,77.77770000,777.77770000,0,12,1,0,1,1,0,1,1,10,0,10,0,0000000,17,58,18,15,18,40,19,27,0,1,0
25,250059,2,1,1,0,0,2,2,9,1000,24,5,2013,6,0,36,0,16,8,WALNUT STREET,,0,42.52572222,-70.91979444,0,14,0,0,1,1,0,4,3,2,0,2,0,0000000,99,99,99,99,99,99,0,0,0,1,1
25,250060,1,1,0,0,0,1,1,9,100,5,5,2013,1,13,14,0,16,8,SOHIER ROAD,TOZER ROAD,0,42.56655,-70.87885833,0,33,0,0,3,3,0,4,1,1,0,1,0,0000000,13,7,13,10,13,24,0,0,0,1,0
25,250061,1,1,0,0,0,1,1,27,1390,25,5,2013,7,21,5,0,16,8,OTIS STREET,FISHER STREET,0,42.26925833,-71.64023889,0,42,0,0,3,3,0,5,2,10,2,2,0,0000000,21,7,21,11,21,34,0,0,0,1,0
25,250062,1,1,0,0,0,1,1,17,520,2,6,2013,1,19,52,1,11,1,I-495 SOUTH,,99998,42.21466389,-71.54695278,0,24,0,1,99,1,0,4,5,10,0,10,0,0000000,19,57,20,8,20,43,0,0,0,1,0
25,250063,1,1,0,0,0,1,1,27,40,28,5,2013,3,20,19,0,16,8,PINEDALE AVENUE,,0,42.60991111,-72.237525,0,38,0,0,1,1,0,4,2,1,0,1,0,0000000,20,21,20,25,20,43,0,0,0,1,0
25,250064,1,1,0,1,1,1,1,15,30,26,5,2013,1,16,15,1,13,3,SR-9,EAST DRIVE,99998,42.37304167,-72.51336111,0,9,0,0,2,2,0,1,1,10,0,10,0,0000000,99,99,99,99,99,99,16,0,0,1,0
25,250065,1,1,0,0,0,2,2,17,870,2,6,2013,1,19,20,1,11,1,I-95 NORTH,,99998,42.32473333,-71.24937778,0,25,0,0,1,1,0,3,5,1,10,10,0,0000000,19,20,19,27,19,48,0,0,0,1,0
25,250066,1,1,0,1,1,1,1,17,195,6,6,2013,5,2,35,1,11,1,I-495 NORTH,,99998,42.60547778,-71.34289167,0,8,0,1,98,1,0,1,3,1,0,1,0,0000000,2,46,2,47,88,88,0,0,0,1,0
25,250067,2,2,0,0,0,2,2,27,585,16,6,2013,1,13,49,1,13,3,SR-9,,99998,42.24424167,-71.92023333,0,12,2,0,1,1,0,1,1,10,0,10,0,0000000,13,50,13,50,14,20,0,0,0,1,0
25,250068,1,1,0,0,0,1,1,1,330,21,6,2013,6,17,49,0,16,8,EDGEWATER DRIVE EAST,,0,41.57327222,-70.5354,0,42,0,0,8,1,0,4,1,1,0,1,0,0000000,17,46,17,51,18,35,0,0,0,1,0
25,250069,1,1,0,0,0,8,8,23,696,9,6,2013,1,11,30,1,11,1,I-195,NORTH STREET,99998,41.67566389,-70.82150556,0,34,0,1,3,98,0,4,1,1,0,1,0,0000000,11,49,11,53,99,99,0,0,0,1,0
25,250071,1,1,0,0,0,1,1,27,1283,29,6,2013,7,11,30,1,13,3,SR-2,,99998,42.56523056,-72.05805,0,21,0,0,1,1,0,4,1,1,0,1,0,0000000,11,35,11,37,12,25,0,0,0,1,0
25,250072,1,1,0,0,0,1,1,11,612,3,7,2013,4,1,54,0,4,8,NORTH LEVERETT ROAD,,0,42.508025,-72.49473333,0,42,0,0,1,1,0,5,2,10,0,10,0,0000000,99,99,99,99,88,88,0,0,0,1,1
25,250073,1,1,0,1,1,1,1,9,1125,7,6,2013,6,4,55,1,13,3,SR-107,BALLARD STREET,99998,42.44910556,-70.98116389,0,8,0,0,3,98,0,98,3,2,10,2,0,0000000,5,17,5,26,88,88,99,99,99,1,0
25,250074,2,2,0,0,0,5,5,13,500,3,7,2013,4,15,0,1,11,1,I-91,US-202,99998,42.20106389,-72.64079444,0,12,6,1,20,1,0,1,1,10,8,8,0,0000000,15,0,15,2,15,30,0,0,0,1,0
25,250075,3,3,0,0,0,6,6,17,870,25,5,2013,7,12,34,1,11,1,I-90 RAMP TO SR-128,,99998,77.77770000,777.77770000,0,12,6,1,5,1,0,1,1,10,2,2,0,0000000,12,29,12,42,99,99,0,0,0,1,0
25,250076,1,1,0,1,1,1,1,5,1185,14,6,2013,6,23,43,0,16,8,READ STREET,,0,41.73693056,-71.16403611,0,15,0,0,1,1,0,1,3,1,0,1,0,0000000,23,46,23,49,0,22,21,0,0,1,0
25,250077,2,2,0,1,1,5,5,17,105,22,6,2013,7,22,5,1,13,2,US-3,,99998,77.77770000,777.77770000,0,8,0,0,1,1,0,1,2,1,0,1,0,0000000,99,99,99,99,88,88,19,14,0,1,0
25,250078,3,3,0,0,0,8,8,1,121,4,7,2013,5,20,2,1,2,2,US-6/SR-3 SAGAMORE BRIDGE,,99998,41.77678333,-70.54335833,0,12,7,1,18,1,0,1,1,1,0,1,0,0000000,20,5,20,12,21,9,0,0,0,2,0
25,250079,1,1,0,0,0,2,2,5,1280,6,7,2013,7,20,15,1,11,1,I-495,,99998,77.77770000,777.77770000,0,1,0,0,1,1,0,2,5,1,0,1,0,0000000,20,20,20,32,99,99,0,0,0,1,1
25,250080,1,1,0,0,0,2,2,11,450,7,7,2013,1,3,0,1,11,1,I-91 NORTH,,464,42.64011667,-72.57137778,0,24,0,0,1,1,0,3,2,1,0,1,0,0000000,2,58,3,6,88,88,0,0,0,2,0
25,250081,2,2,0,0,0,2,2,23,1400,22,6,2013,7,10,25,0,16,8,WEST STREET,,0,42.02418611,-71.05884722,0,12,2,0,8,1,0,1,1,1,0,1,0,0000000,10,20,10,24,88,88,0,0,0,1,0
25,250082,1,1,0,1,1,2,2,23,1085,9,1,2013,4,6,55,0,16,8,FOREST STREET,,0,42.14943889,-70.91948333,0,8,0,0,1,1,0,1,4,1,0,1,0,0000000,6,53,6,55,7,8,0,0,0,1,0
25,250083,2,2,0,0,0,2,2,27,1320,11,1,2013,6,15,17,0,14,3,SR-122,,99998,42.07053611,-71.62462222,0,12,2,0,1,1,0,1,1,10,0,10,0,0000000,15,16,15,19,16,18,20,0,0,1,0