STATE,ST_CASE,VE_TOTAL,VE_FORMS,PVH_INVL,PEDS,PERNOTMVIT,PERMVIT,PERSONS,COUNTY,CITY,DAY,MONTH,YEAR,DAY_WEEK,HOUR,MINUTE,NHS,ROAD_FNC,ROUTE,TWAY_ID,TWAY_ID2,MILEPT,LATITUDE,LONGITUD,SP_JUR,HARM_EV,MAN_COLL,RELJCT1,RELJCT2,TYP_INT,WRK_ZONE,REL_ROAD,LGT_COND,WEATHER1,WEATHER2,WEATHER,SCH_BUS,RAIL,NOT_HOUR,NOT_MIN,ARR_HOUR,ARR_MIN,HOSP_HR,HOSP_MN,CF1,CF2,CF3,FATALS,DRUNK_DR
25,250084,1,1,0,1,1,1,1,13,1430,13,1,2013,1,11,58,0,14,8,WESTERN AVENUE,WESTERN CIRCLE,0,42.12976667,-72.79558611,0,9,0,0,3,3,0,1,1,10,5,5,0,0000000,11,59,12,4,12,17,0,0,0,1,0
25,250085,1,1,0,0,0,1,1,9,122,25,2,2013,2,10,0,0,6,8,LAWRENCE ROAD,BROOKVIEW ROAD,0,42.66633333,-71.02736111,0,30,0,0,3,4,0,4,1,10,0,10,0,0000000,99,99,99,99,88,88,0,0,0,1,0
25,250086,1,1,0,1,1,1,1,17,1282,5,2,2013,3,18,26,0,16,8,SALEM ROAD,COUNTY ROAD,0,42.57818056,-71.18488333,0,8,0,0,3,3,0,1,2,1,0,1,0,0000000,18,33,18,33,99,99,0,0,0,1,0
25,250087,1,1,0,1,1,1,1,25,120,30,1,2013,4,17,56,0,16,8,PALMER STREET,,0,42.33138056,-71.083225,0,8,0,0,98,1,0,98,2,1,0,1,0,0000000,17,57,18,2,88,88,0,0,0,1,0
25,250088,1,1,0,1,1,1,1,25,120,27,2,2013,4,19,53,0,16,8,WILLIAM DAY BOULEVARD,L STREET,0,42.33025278,-71.03533611,0,8,0,0,3,3,0,1,3,2,0,2,0,0000000,99,99,99,99,88,88,0,0,0,1,0
25,250089,1,1,0,1,1,1,1,27,1380,15,1,2013,3,23,10,1,11,1,I-395,CUDWORTH ROAD,99998,42.079775,-71.86475556,0,8,0,1,5,1,0,1,2,1,0,1,0,0000000,23,13,23,17,99,99,0,0,0,1,0
25,250090,2,2,0,0,0,2,2,17,36,8,2,2013,6,7,34,0,12,3,SR-126,POND STREET,99998,42.23975833,-71.43241667,0,12,2,0,1,1,0,1,1,10,0,10,0,0000000,99,99,99,99,99,99,0,0,0,1,0
25,250091,2,2,0,0,0,2,2,25,120,27,3,2013,4,21,52,1,13,3,SR-28 BLUE HILL AVE,MCLELLAN STREET,99998,42.30133333,-71.08581389,0,12,98,0,2,3,0,1,6,98,0,98,0,0000000,21,55,22,0,22,17,0,0,0,1,0
25,250092,2,2,0,0,0,5,5,27,1013,6,4,2013,7,10,30,1,2,3,SR-2,SR-2A,99998,42.57658056,-72.17059722,0,12,6,1,2,3,0,1,1,1,0,1,0,0000000,10,27,10,33,99,99,0,0,0,1,0
25,250093,2,2,0,0,0,2,2,27,1520,31,5,2013,6,22,52,0,16,8,GREEN STREET,,0,42.2565,-71.79798889,0,12,6,0,1,1,0,1,3,1,0,1,0,0000000,99,99,99,99,88,88,0,0,0,1,0
25,250094,1,1,0,0,0,3,3,21,94,14,6,2013,6,6,30,1,11,1,I-495 NORTH,,99998,42.11065833,-71.46191944,0,24,0,0,1,1,0,4,1,2,0,2,0,0000000,6,37,6,46,7,0,0,0,0,1,0
25,250095,1,1,0,0,0,2,2,27,980,18,6,2013,3,12,16,1,11,1,I-395 NORTH,,99998,77.77770000,777.77770000,0,24,0,0,1,1,0,4,1,1,0,1,0,0000000,12,13,12,19,99,99,0,0,0,1,0
25,250096,1,1,0,0,0,1,1,13,137,29,4,2013,2,16,30,0,3,2,US-20 EAST,,99998,77.77770000,777.77770000,0,1,0,0,1,1,0,3,1,1,0,1,0,0000000,99,99,99,99,99,99,0,0,0,1,0
25,250097,2,2,0,0,0,3,3,5,1441,17,5,2013,6,15,36,0,14,3,SR-88,BRIGGS ROAD,99998,41.65586944,-71.08974444,0,12,6,0,2,2,0,1,1,1,0,1,0,0000000,15,36,15,40,16,20,0,0,0,1,0
25,250098,1,1,0,1,1,1,1,25,120,19,5,2013,1,15,30,0,16,8,BEACON STREET,CHARLESGATE WEST,0,42.34993333,-71.09286111,0,9,0,0,2,7,0,1,1,2,0,2,0,0000000,15,35,15,39,88,88,0,0,0,1,0
25,250099,1,1,0,0,0,1,1,21,1530,5,6,2013,4,23,20,0,14,8,CREEK STREET,,0,42.06426111,-71.34253611,0,53,0,0,1,1,0,4,2,1,0,1,0,0000000,23,20,23,25,23,40,0,0,0,1,1
25,250100,3,3,0,0,0,3,3,23,130,9,6,2013,1,6,0,1,13,3,SR-18,,99998,41.95195278,-70.96921944,0,12,2,0,1,1,0,1,1,1,0,1,0,0000000,5,52,6,0,99,99,0,0,0,1,1
25,250101,1,1,0,0,0,2,2,27,1204,11,6,2013,3,20,51,0,16,8,NORTHBORO ROAD,,0,42.31459722,-71.57666389,0,42,0,0,1,1,0,4,6,2,0,2,0,0000000,99,99,99,99,99,99,0,0,0,1,1
25,250102,1,1,0,1,1,1,1,23,1360,22,5,2013,4,20,38,0,14,2,US-6,,99998,41.75776111,-70.65870556,0,8,0,0,1,1,0,1,3,2,5,2,0,0000000,99,99,99,99,99,99,0,0,0,1,0
25,250103,2,2,0,0,0,5,5,15,1350,22,6,2013,7,16,1,1,2,3,SR-9,FISHERDICK ROAD,99998,42.26298056,-72.27789444,0,12,6,0,2,3,0,1,1,1,0,1,0,0000000,16,4,16,8,16,21,0,0,0,1,1
25,250104,1,1,0,1,1,1,1,27,1520,21,5,2013,3,13,38,1,11,1,I-290,,99998,42.27746389,-71.79755833,0,8,0,0,1,1,0,2,1,1,0,1,1,0000000,13,37,13,45,14,0,0,0,0,1,0
25,250105,1,1,0,0,0,1,1,5,299,23,6,2013,1,22,50,0,14,3,SR-138 SOUTH,,99998,42.00222778,-71.06696389,0,30,0,0,1,1,0,4,3,1,0,1,0,0000000,22,51,22,54,88,88,0,0,0,1,1
25,250106,1,1,0,1,1,1,1,9,1110,29,6,2013,7,9,8,0,14,3,SR-1A,OAK VIEW AVENUE,99998,42.48938056,-70.89737778,0,8,0,0,3,3,0,1,1,1,0,1,0,0000000,9,10,9,15,9,31,0,0,0,1,0
25,250107,1,1,0,1,1,1,1,27,1520,28,6,2013,6,21,23,0,15,8,HEYWOOD STREET,JONES STREET,0,42.24844167,-71.78810556,0,8,0,0,3,3,0,1,3,1,0,1,0,0000000,21,25,21,29,22,1,0,0,0,1,0
25,250108,2,2,0,0,0,2,2,9,654,9,7,2013,3,15,45,1,13,2,US-1 SOUTH,BROOK DRIVE,99998,42.51171944,-71.007925,0,12,6,0,2,3,0,1,1,1,0,1,0,0000000,15,52,16,1,16,25,0,0,0,1,0
25,250109,1,1,0,0,0,1,1,9,35,13,7,2013,7,18,42,1,13,3,SR-125 SOUTH,,99998,77.77770000,777.77770000,0,42,0,0,1,1,0,4,1,1,0,1,0,0000000,18,29,18,34,19,19,0,0,0,1,0
25,250110,1,1,0,0,0,4,4,25,120,20,7,2013,7,3,25,1,13,3,SR-1A SOUTH,,99998,77.77770000,777.77770000,0,20,0,0,20,1,0,1,3,98,0,98,0,0000000,3,27,3,32,99,99,0,0,0,1,1
25,250111,3,3,0,0,0,4,4,27,55,21,7,2013,1,4,34,1,11,1,I-90 WEST,,890,77.77770000,777.77770000,0,12,98,0,1,1,0,1,2,1,0,1,0,0000000,4,43,4,47,99,99,0,0,0,1,1
25,250112,1,1,0,1,1,1,1,9,470,26,7,2013,6,8,38,1,11,1,I-495 SOUTH,,99998,77.77770000,777.77770000,0,8,0,0,1,1,0,1,1,1,0,1,0,0000000,8,42,8,49,9,4,16,0,0,1,0
25,250113,2,2,0,0,0,2,2,21,925,22,7,2013,2,4,30,1,11,1,I-95 SOUTH,NEPONSET STREET,99998,42.17318056,-71.16968333,0,12,1,1,3,3,0,1,2,1,0,1,0,0000000,4,34,4,41,88,88,0,0,0,1,1
25,250114,2,2,0,0,0,4,4,23,140,6,8,2013,3,13,49,0,16,8,BOUNDARY AVENUE,NORTH QUINCY STREET,0,42.12289444,-71.00123611,0,12,6,0,2,2,0,1,1,1,0,1,0,0000000,99,99,99,99,99,99,0,0,0,3,0
25,250115,1,1,0,0,0,2,2,27,350,14,6,2013,6,22,54,0,16,8,BENSON STREET,AIRPORT ROAD,99998,42.56426111,-71.77184444,0,33,0,0,3,3,0,5,3,1,0,1,0,0000000,22,56,23,1,23,24,0,0,0,1,0
25,250116,1,1,0,2,2,1,1,17,720,7,8,2013,4,4,0,1,13,3,SR-16,MYSTIC VALLEY PARKWAY,99998,42.40640556,-71.10035556,0,8,0,1,3,4,0,1,3,1,0,1,0,0000000,99,99,99,99,99,99,0,0,0,1,0
25,250117,2,2,0,0,0,2,2,25,120,30,7,2013,3,14,45,1,11,1,I-93 NORTH,ZAKIM BRIDGE,99998,42.36685556,-71.06084444,0,12,1,0,1,1,0,1,1,1,0,1,0,0000000,14,50,15,0,15,33,28,0,0,1,0
25,250118,1,1,0,1,1,1,1,9,650,21,7,2013,1,17,39,0,16,8,BOSTON STREET,,99998,42.46074167,-70.98860833,0,8,0,0,98,98,0,98,1,1,0,1,0,0000000,17,37,17,42,88,88,0,0,0,1,0
25,250119,1,1,0,0,0,1,1,9,650,21,7,2013,1,5,5,0,16,8,OCALLAGHAN WAY,,0,42.47077222,-70.98656389,0,42,0,0,1,1,0,4,4,1,0,1,0,0000000,5,11,99,97,99,97,21,0,0,1,1
25,250120,1,1,0,0,0,2,2,25,200,8,8,2013,5,16,6,0,16,8,WASHINGTON AVENUE,,0,42.40708056,-71.03111667,0,33,0,0,1,1,0,4,1,1,0,1,0,0000000,15,59,16,5,16,32,0,0,0,1,1
25,250121,1,1,0,0,0,1,1,5,912,22,3,2013,6,7,42,0,16,8,SPRING STREET,,0,41.86445556,-71.12561944,0,42,0,0,1,1,0,4,1,1,0,1,0,0000000,7,40,7,47,8,37,0,0,0,1,1
25,250122,1,1,0,0,0,1,1,23,770,6,7,2013,7,10,18,0,16,8,SPRUCE STREET,,0,41.81625556,-70.82988889,0,30,0,0,1,1,0,4,1,1,0,1,0,0000000,99,99,99,99,99,99,0,0,0,1,1
25,250123,1,1,0,1,1,1,1,13,1430,20,5,2013,2,15,30,0,16,8,MONTGOMERY STREET,PROSPECT STREET,0,42.13422222,-72.74630278,0,9,0,0,2,4,0,1,1,1,10,10,0,0000000,15,38,15,42,99,99,0,0,0,1,0
25,250124,1,1,0,0,0,1,1,21,380,27,5,2013,2,15,0,0,16,8,UPPER UNION STREET,,0,42.04905556,-71.39493056,0,35,0,0,1,1,0,4,1,1,0,1,0,0000000,15,3,15,6,15,34,0,0,0,1,0
25,250125,2,2,0,0,0,2,2,17,740,6,8,2013,3,11,8,0,16,8,WEST WYOMING AVENUE,,99998,42.45477778,-71.07848611,0,12,6,0,8,1,0,1,1,1,0,1,0,0000000,99,99,99,99,99,99,0,0,0,1,0
25,250126,1,1,0,1,1,3,3,27,480,15,8,2013,5,18,5,0,16,8,ARIZONA AVENUE,COLORADO AVENUE,99998,42.34092778,-71.81177222,0,8,0,0,2,3,0,1,5,1,0,1,0,0000000,18,5,18,12,18,31,0,0,0,1,0
25,250127,6,6,0,0,0,6,6,9,20,26,7,2013,6,14,36,1,11,1,I-495,,99998,42.84073056,-70.93155,0,12,1,0,1,1,0,1,1,10,0,10,0,0000000,14,35,14,46,15,4,0,0,0,1,0
25,250128,1,1,0,0,0,1,1,17,36,21,7,2013,1,20,53,0,16,8,CORDAVILLE ROAD,THOMAS STREET,99998,42.26713333,-71.49761667,0,30,0,0,3,4,0,4,5,1,10,10,0,0000000,20,58,21,4,88,88,0,0,0,1,1
25,250129,1,1,0,0,0,1,1,27,785,18,8,2013,1,1,27,0,16,8,MILLBURY AVENUE,HOWE AVENUE,0,42.20328333,-71.75553611,0,43,0,0,3,4,0,4,3,1,0,1,0,0000000,1,33,1,35,88,88,0,0,0,1,1
25,250130,2,2,0,0,0,2,2,5,1280,11,8,2013,1,19,55,0,16,8,HODGES STREET,,0,41.91977222,-71.17804167,0,12,98,0,1,1,0,1,5,1,0,1,0,0000000,19,53,20,1,99,99,99,99,99,1,1
25,250131,1,1,0,0,0,2,2,17,1010,16,8,2013,6,2,48,0,16,8,HEALD STREET,,99998,42.67321389,-71.63426389,0,35,0,0,1,1,0,4,2,1,0,1,0,0000000,2,51,2,56,99,99,0,0,0,1,1
25,250132,1,1,0,0,0,2,2,27,350,26,5,2013,1,8,44,1,13,3,SR-2A,SIMONDS ROAD,99998,42.574325,-71.83760278,0,43,0,0,8,1,0,4,1,1,0,1,0,0000000,8,44,8,47,9,9,0,0,0,2,0
25,250133,1,1,0,1,1,1,1,13,1270,14,5,2013,3,19,43,1,13,2,US-20A PLAINFIELD STREET,,99998,42.11084167,-72.60397222,0,8,0,0,1,1,0,1,1,1,0,1,0,0000000,19,45,19,52,20,5,0,0,0,1,0
25,250134,1,1,0,1,1,1,1,25,120,9,6,2013,1,6,21,1,13,3,SR-28 STUART STREET,CHURCH STREET,99998,42.35048333,-71.06858333,0,8,0,0,2,3,0,1,1,1,0,1,0,0000000,6,22,6,24,6,44,0,0,0,1,0
25,250135,1,1,0,1,1,2,2,1,1385,17,8,2013,7,12,37,1,13,2,US-6,,99998,41.93486944,-70.02051667,0,9,0,0,1,1,0,1,1,1,0,1,0,0000000,12,36,12,37,13,8,99,99,99,1,0
25,250136,1,1,0,0,0,1,1,1,259,27,8,2013,3,22,37,0,14,3,SR-6A,,99998,41.74331944,-70.15761944,0,42,0,0,1,1,0,4,3,5,0,5,0,0000000,22,38,22,42,23,10,0,0,0,1,1
25,250137,2,2,0,0,0,3,3,1,1385,17,8,2013,7,20,18,1,2,2,US-6,,99998,41.955875,-70.03101944,0,12,2,0,1,1,0,1,2,1,0,1,0,0000000,20,18,20,22,99,99,0,0,0,1,1
25,250138,1,1,0,1,1,1,1,27,745,12,6,2013,4,12,21,0,13,3,SR-16 UXBRIDGE ROAD,,99998,42.10049167,-71.56966667,0,8,0,0,1,1,0,1,1,1,0,1,0,0000000,12,22,12,25,13,23,0,0,0,1,0
25,250139,1,1,0,2,2,1,1,17,660,9,1,2013,4,18,37,1,12,3,SR-99,TAYLOR STREET,99998,42.42464167,-71.04251667,0,8,0,0,3,2,0,1,2,10,0,10,0,0000000,18,40,18,46,19,12,0,0,0,1,0
25,250140,1,1,0,0,0,2,2,9,470,9,6,2013,1,22,51,1,1,1,I-495,,1066,42.78570556,-71.11411944,0,42,0,0,1,1,0,3,2,1,0,1,0,0000000,22,59,23,7,23,23,0,0,0,1,0
25,250141,1,1,0,1,1,1,1,21,58,12,3,2013,3,6,10,0,16,8,PARKER DRIVE,BODWELL STREET,0,42.13619722,-71.06065,0,8,0,0,3,3,0,1,2,10,0,10,0,0000000,6,10,6,11,6,38,0,0,0,1,0
25,250142,1,1,0,0,0,1,1,13,210,3,4,2013,4,0,30,1,1,1,I-391 EXIT 3,CHICOPEE STREET,99998,42.14993611,-72.61294167,0,26,0,1,3,3,0,4,3,10,0,10,0,0000000,0,30,0,40,0,56,20,0,0,1,1
25,250143,2,2,0,0,0,2,2,5,850,26,5,2013,1,3,18,0,16,8,RUSSELL STREET,PURCHASE STREET,99998,41.6365,-70.92723333,0,12,6,0,2,3,0,1,3,2,0,2,0,0000000,3,23,3,25,99,99,0,0,0,1,1
25,250144,1,1,0,0,0,2,2,23,475,13,7,2013,7,0,25,1,12,3,SR-3,DERBY STREET,99998,42.17825833,-70.91586111,0,33,0,1,5,1,0,4,2,1,0,1,0,0000000,0,27,0,38,1,3,0,0,0,1,0
25,250145,1,1,0,0,0,1,1,27,1439,17,7,2013,4,4,54,0,3,3,SR-12,,99998,42.61595,-71.87500833,0,42,0,0,1,1,0,4,2,1,0,1,0,0000000,88,88,88,88,88,88,0,0,0,1,1
25,250146,1,1,0,0,0,1,1,17,124,21,7,2013,1,4,4,0,14,3,SR-111,,99998,42.48083056,-71.50002778,0,42,0,0,1,1,0,4,3,1,0,1,0,0000000,4,4,4,13,88,88,0,0,0,1,1
25,250147,1,1,0,0,0,1,1,9,570,27,7,2013,7,1,50,1,11,1,I-495,,99998,42.68762222,-71.14254167,0,24,0,1,5,1,0,4,3,10,0,10,0,0000000,88,88,88,88,88,88,0,0,0,1,0
25,250148,1,1,0,1,1,2,2,27,1410,12,8,2013,2,18,46,1,2,3,SR-9,,99998,42.23419444,-72.15575,0,8,0,0,1,1,0,1,1,1,0,1,0,0000000,18,38,18,39,99,99,0,0,0,1,0
25,250149,1,1,0,1,1,1,1,23,140,22,8,2013,5,22,2,0,16,8,MAIN STREET,EAST NILSSON STREET,0,42.06860556,-71.01766111,0,8,0,0,3,2,0,1,3,1,0,1,0,0000000,22,3,22,10,22,24,0,0,0,1,1
25,250150,1,1,0,0,0,1,1,23,770,1,9,2013,1,4,47,0,16,8,SPRUCE STREET,,0,41.82305278,-70.83011944,0,72,0,0,1,1,0,1,3,2,0,2,0,0000000,4,43,4,55,5,33,0,0,0,1,1
25,250151,1,1,0,1,1,1,1,5,299,2,9,2013,2,9,21,0,16,8,SUMMER STREET,SHADY REST ROAD,0,42.0471,-71.10515278,0,8,0,0,3,3,0,4,1,2,1,2,0,0000000,9,22,9,24,9,42,0,0,0,1,0
25,250152,1,1,0,0,0,2,2,21,1060,7,9,2013,7,21,58,0,16,8,RICCIUTI DRIVE,WILLARD STREET,99998,42.24399722,-71.02977222,0,33,0,0,3,4,0,4,3,10,0,10,0,0000000,21,59,22,5,22,28,0,0,0,1,1
25,250153,1,1,0,0,0,1,1,23,560,8,9,2013,1,21,4,1,12,3,SR-27,NOTTINGHAM DRIVE,99998,42.01035556,-70.76269167,0,33,0,0,3,3,0,4,2,1,0,1,0,0000000,21,5,21,7,88,88,0,0,0,1,0
25,250154,3,1,2,0,0,2,2,27,220,3,8,2013,7,3,44,0,15,3,SR-62 CHESTNUT STREET,GREEN STREET,99998,42.41222778,-71.68219167,0,46,0,0,3,4,0,4,8,98,0,98,0,0000000,3,50,3,54,4,42,0,0,0,2,0
25,250155,2,2,0,0,0,2,2,23,1040,20,7,2013,7,3,58,0,16,8,FEDERAL FURNACE ROAD,,0,41.913625,-70.70704444,0,12,2,0,1,1,0,1,6,1,0,1,0,0000000,4,7,4,13,88,88,0,0,0,1,1
25,250156,2,2,0,0,0,4,4,9,570,31,7,2013,4,18,57,0,16,8,S BENNINGTON STREET,W PARK STREET,0,42.71634722,-71.16731111,0,12,6,0,2,2,0,1,1,1,0,1,0,0000000,99,99,99,99,99,99,0,0,0,1,0
25,250157,1,1,0,0,0,2,2,3,880,28,8,2013,4,1,15,1,13,3,SR-2,GOODRICH STREET,99998,42.70021944,-73.09336667,0,30,0,0,3,4,0,5,3,1,0,1,0,0000000,1,15,1,17,1,59,0,0,0,1,0
25,250158,7,2,5,1,1,5,5,1,190,13,7,2013,7,18,24,0,12,3,SR-28 MAIN STREET,,99998,41.68276389,-69.99495833,0,8,0,0,1,1,0,5,1,10,0,10,0,0000000,18,24,18,28,99,99,14,20,0,1,1
25,250159,2,2,0,0,0,4,4,27,1260,3,8,2013,7,22,42,0,16,8,MEADOW ROAD,SMITHVILLE ROAD,0,42.25055,-72.00583056,0,12,6,0,2,4,0,1,3,1,0,1,0,0000000,22,55,23,2,23,26,0,0,0,1,2
25,250160,2,2,0,0,0,2,2,27,585,14,8,2013,4,23,39,0,3,3,SR-56 HUNTOON MEMORIAL HIGHWAY,,99998,42.201975,-71.90031667,0,12,6,0,8,1,0,1,2,1,0,1,0,0000000,23,40,23,48,0,10,0,0,0,1,0
25,250161,2,2,0,0,0,3,3,23,181,25,8,2013,1,16,8,0,14,3,SR-58 MAIN STREET,,99998,41.88366389,-70.76537778,0,12,2,0,99,1,0,1,1,1,0,1,0,0000000,16,10,16,12,16,39,0,0,0,1,0
25,250162,1,1,0,1,1,1,1,21,1276,21,7,2013,1,20,46,0,16,8,LINCOLN STREET,GROVE STREET,99998,42.12946389,-71.09912778,0,33,0,0,3,4,0,5,2,1,0,1,0,0000000,20,50,20,51,21,7,0,0,0,1,1
25,250163,2,2,0,0,0,6,6,27,263,31,8,2013,7,19,58,0,14,3,SR-197 W MAIN STREET,CENTER ROAD,0,42.02821389,-71.93711111,0,12,6,0,2,4,0,1,3,10,0,10,0,0000000,99,99,99,99,99,99,0,0,0,1,0
25,250164,2,2,0,0,0,2,2,17,1282,12,9,2013,5,23,1,1,11,1,I-495 S EXIT 38,,99998,42.62970556,-71.26780556,0,24,0,0,1,1,0,4,2,2,0,2,0,0000000,23,2,23,15,23,36,0,0,0,1,1
25,250165,1,1,0,0,0,1,1,27,350,26,9,2013,5,10,54,0,13,3,SR-2A WARD STREET,WESTMINSTER STREET,0,42.56696667,-71.84409444,0,30,0,0,1,1,0,4,1,1,0,1,0,0000000,10,58,11,1,11,32,0,0,0,1,0
25,250166,2,2,0,0,0,3,3,5,895,14,9,2013,7,20,2,1,11,1,I-95 S,,99998,77.77770000,777.77770000,0,12,2,0,1,1,0,1,2,1,0,1,0,0000000,20,4,20,9,20,40,0,0,0,2,1
25,250167,1,1,0,0,0,2,2,21,877,20,7,2013,7,2,0,0,16,8,MAIN STREET,SHORT STREET,99998,42.10833333,-71.36559444,0,30,0,0,3,3,0,4,3,1,0,1,0,0000000,1,58,2,2,3,10,0,0,0,1,0
25,250168,3,2,1,0,0,6,6,13,500,15,9,2013,1,1,57,1,12,2,US-202 BENCH STREET,DWIGHT STREET,0,42.20997222,-72.61291389,0,12,6,0,2,2,0,1,3,1,0,1,0,0000000,1,59,2,5,2,33,0,0,0,2,0
25,250169,2,2,0,0,0,2,2,27,980,17,9,2013,3,11,5,0,14,3,SR-12 MAIN STREET,QUOBAUG AVENUE,99998,42.11234722,-71.86531111,0,12,6,0,2,3,0,1,1,1,0,1,0,0000000,11,7,11,9,11,31,0,0,0,1,0
25,250170,1,1,0,0,0,1,1,5,1441,1,9,2013,1,17,39,0,6,8,RIVER ROAD,,99998,41.526925,-71.10293611,0,42,0,0,1,1,0,4,1,10,0,10,0,0000000,99,99,99,99,99,99,0,0,0,1,1
25,250171,1,1,0,0,0,1,1,27,1439,7,9,2013,7,18,36,1,12,3,SR-2A 166 STATE ROAD WEST,,99998,42.55315,-71.95369722,0,24,0,0,1,1,0,4,1,1,0,1,0,0000000,88,88,88,88,88,88,0,0,0,1,0
25,250172,2,2,0,0,0,2,2,23,926,10,9,2013,3,8,45,0,14,3,SR-123,MAIN STREET,99998,42.16278056,-70.80685278,0,12,2,0,1,1,0,1,1,1,0,1,0,0000000,99,99,99,99,99,99,0,0,0,1,0
25,250173,2,2,0,0,0,4,4,13,1270,19,9,2013,5,9,50,0,14,8,COTTAGE STREET,BERKSHIRE AVENUE,0,42.14185556,-72.52378056,0,12,6,0,2,3,0,1,1,1,0,1,0,0000000,9,52,9,55,10,20,0,0,0,1,0
25,250174,2,2,0,0,0,3,3,23,1040,22,9,2013,1,0,29,0,14,8,FEDERAL FURNACE ROAD,,0,41.91145,-70.70920833,0,12,2,0,1,1,0,1,2,2,10,2,0,0000000,99,99,99,99,99,99,0,0,0,2,1
25,250175,2,2,0,0,0,2,2,25,9997,21,9,2013,7,16,36,0,16,8,W WASHINGTON STREET,ROSLIN STREET,0,42.28625556,-71.07116389,0,12,98,0,2,3,0,1,1,98,0,98,0,0000000,16,37,16,43,17,3,0,0,0,1,1
25,250176,2,2,0,0,0,2,2,21,380,23,9,2013,2,12,49,0,16,8,WASHINGTON STREET,,99998,42.0549,-71.43438611,0,12,6,0,1,1,0,1,1,1,0,1,0,0000000,12,48,12,56,88,88,0,0,0,1,0
25,250177,1,1,0,1,1,1,1,17,170,23,9,2013,2,19,40,1,12,2,US-3 ALEWIFE BROOK PARKWAY,TERMINAL ROAD,99998,42.39008056,-71.14211944,0,8,0,0,3,3,0,1,3,98,0,98,0,0000000,19,43,19,49,99,99,0,0,0,1,0
25,250178,2,2,0,0,0,2,2,27,902,26,9,2013,5,8,4,0,16,8,QUAKER STREET,,0,42.14344722,-71.63416111,0,12,2,0,1,1,0,1,1,1,0,1,0,0000000,8,3,8,12,99,99,0,0,0,1,0
25,250179,1,1,0,0,0,1,1,13,1430,26,9,2013,5,7,25,0,16,8,SHAKER ROAD,,0,42.08597222,-72.72909444,0,30,0,0,1,1,0,5,1,1,0,1,0,0000000,7,31,7,36,8,11,20,0,0,1,0
25,250180,2,2,0,0,0,2,2,9,35,27,9,2013,6,3,0,1,11,1,I-93 N,,99998,42.69436389,-71.20799167,0,24,0,1,19,1,0,3,2,1,0,1,0,0000000,3,35,3,43,4,6,0,0,0,1,0
25,250181,1,1,0,0,0,1,1,3,1075,1,12,2013,1,0,3,0,4,3,SR-295,BARCIA BOULEVARD,99998,42.39337778,-73.37311667,0,42,0,0,3,3,0,4,2,4,0,4,0,0000000,0,7,0,17,0,36,0,0,0,1,1
25,250182,1,1,0,0,0,1,1,13,636,14,9,2013,7,1,22,0,16,8,MILLER STREET,BLUEBIRD CIRCLE,99998,42.16064167,-72.427925,0,59,0,0,3,3,0,4,3,1,0,1,0,0000000,1,24,1,29,1,58,0,0,0,1,1
25,250183,1,1,0,0,0,1,1,21,1382,21,9,2013,7,15,4,1,12,3,SR-9,CLIFF ROAD,99998,42.31224722,-71.278825,0,33,0,0,3,3,0,4,1,10,0,10,0,0000000,15,4,15,7,15,54,0,0,0,1,0
25,250184,2,1,1,0,1,3,4,27,1520,9,8,2013,6,7,8,0,14,8,HARLEM STREET,,0,42.26916667,-71.80236944,0,19,0,0,1,1,0,5,1,1,0,1,0,0000000,7,12,7,19,7,38,0,0,0,1,1
25,250185,2,2,0,0,0,2,2,27,467,19,8,2013,2,9,45,0,13,3,SR-110 AYER ROAD,,99998,42.52933333,-71.57800833,0,12,6,0,8,1,0,1,1,1,0,1,0,0000000,9,45,9,55,10,29,0,0,0,1,0
25,250186,2,2,0,0,0,4,4,21,1451,29,9,2013,1,14,28,0,16,8,EAST STREET,,0,42.22057222,-71.17830278,0,12,2,0,1,1,0,1,1,1,0,1,0,0000000,99,99,99,99,99,99,0,0,0,1,0
25,250187,2,2,0,0,0,4,4,13,1097,30,9,2013,2,20,0,1,11,1,I-90 W MASS TURNPIKE,,343,42.1899,-72.85803611,0,12,1,0,1,1,0,1,2,10,0,10,0,0000000,99,99,99,99,99,99,23,0,0,1,0
25,250188,2,2,0,0,0,4,4,23,140,14,10,2013,2,16,58,0,13,3,SR-28 MAIN STREET,,99998,42.05564444,-71.01270833,0,12,6,0,8,1,0,1,1,1,0,1,0,0000000,17,1,17,8,17,56,0,0,0,2,0
25,250189,2,2,0,0,0,2,2,27,1380,17,10,2013,5,18,30,0,14,3,SR-16 GORE ROAD,SR-16 DOUGLAS ROAD,99998,42.05254167,-71.83755556,0,12,6,0,2,4,0,1,3,1,0,1,0,0000000,18,30,18,36,19,5,0,0,0,1,1
25,250190,2,2,0,0,0,2,2,9,35,21,10,2013,2,1,25,1,11,1,I-93,,99998,42.65543333,-71.19569722,0,12,1,0,1,1,0,1,2,1,0,1,0,0000000,1,37,1,44,88,88,0,0,0,1,0