STATE,ST_CASE,VE_TOTAL,VE_FORMS,PVH_INVL,PEDS,PERNOTMVIT,PERMVIT,PERSONS,COUNTY,CITY,DAY,MONTH,YEAR,DAY_WEEK,HOUR,MINUTE,NHS,ROAD_FNC,ROUTE,TWAY_ID,TWAY_ID2,MILEPT,LATITUDE,LONGITUD,SP_JUR,HARM_EV,MAN_COLL,RELJCT1,RELJCT2,TYP_INT,WRK_ZONE,REL_ROAD,LGT_COND,WEATHER1,WEATHER2,WEATHER,SCH_BUS,RAIL,NOT_HOUR,NOT_MIN,ARR_HOUR,ARR_MIN,HOSP_HR,HOSP_MN,CF1,CF2,CF3,FATALS,DRUNK_DR
25,250191,2,2,0,0,0,3,3,17,630,25,10,2013,6,2,40,0,16,8,MAMMOTH ROAD,WEST MEADOW ROAD,0,42.65630556,-71.34083889,0,12,2,0,2,3,0,1,3,1,0,1,0,0000000,2,42,2,47,99,99,0,0,0,1,0
25,250192,2,2,0,0,0,2,2,23,2,25,10,2013,6,13,8,1,13,3,SR-123 W BROCKTON AVENUE,HIGH STREET,99998,42.09860278,-70.96215833,0,12,2,0,2,2,0,1,1,1,0,1,0,0000000,13,9,13,11,13,42,0,0,0,1,0
25,250193,1,1,0,1,1,1,1,9,470,8,11,2013,6,1,25,1,11,1,I-495 N,,99998,42.79906389,-71.09554444,0,8,0,1,18,1,0,1,3,1,0,1,0,0000000,1,26,1,37,99,99,0,0,0,1,0
25,250194,2,2,0,0,0,5,5,9,35,8,11,2013,6,1,20,1,11,1,I-93 S,,99998,42.62412778,-71.17781389,0,59,0,1,19,1,0,4,2,1,0,1,0,0000000,1,25,1,33,2,5,14,0,0,1,0
25,250195,2,2,0,0,0,2,2,5,850,8,11,2013,6,2,5,1,12,3,SR-140 N,,44,41.68558889,-70.945975,0,1,0,0,1,1,0,1,2,1,0,1,0,0000000,2,12,2,15,99,99,0,0,0,1,0
25,250196,3,2,1,0,3,2,5,13,624,10,11,2013,1,17,51,1,11,1,I-91 N,,22,42.05736111,-72.58855,0,12,1,0,1,1,0,1,3,1,0,1,0,0000000,17,46,17,55,88,88,0,0,0,1,0
25,250197,2,2,0,0,0,3,3,13,1270,11,11,2013,2,16,59,0,16,8,MYRTLE STREET,WORCESTER STREET,0,42.15886944,-72.50593611,0,12,6,0,2,2,0,1,3,1,0,1,0,0000000,17,0,17,7,17,39,0,0,0,1,1
25,250198,2,1,1,0,1,1,2,17,1065,19,11,2013,3,20,18,1,11,1,I-95 N/SR-128,,99998,42.50343333,-71.10265833,0,14,0,1,19,1,0,4,3,1,0,1,0,0000000,20,21,20,26,20,46,0,0,0,1,1
25,250199,2,2,0,0,0,2,2,9,1386,21,11,2013,5,14,10,0,13,3,SR-1A MAIN STREET,,0,42.59279167,-70.88495278,0,12,2,0,1,1,0,1,1,1,0,1,0,0000000,14,10,14,13,14,26,0,0,0,1,0
25,250200,2,1,1,0,1,1,2,5,320,24,11,2013,1,0,42,1,11,1,I-195 E,,99998,41.69915556,-71.15286389,0,14,0,1,19,1,0,4,3,98,0,98,0,0000000,0,50,0,57,88,88,0,0,0,1,1
25,250201,2,2,0,0,0,2,2,1,1535,25,11,2013,2,10,31,0,14,8,UNION STREET,,0,41.69968056,-70.22498056,0,12,8,0,1,1,0,1,1,1,0,1,0,0000000,9,59,10,0,88,88,20,0,0,1,0
25,250202,2,2,0,0,0,2,2,1,121,3,12,2013,3,15,0,1,2,2,US-6 SCENIC HIGHWAY,HERRING POND ROAD,99998,41.77330833,-70.56131111,0,12,1,0,3,2,0,1,1,1,0,1,0,0000000,15,2,15,8,15,34,0,0,0,1,0
25,250203,2,2,0,0,0,3,3,3,1480,24,11,2013,1,10,40,0,3,2,US-7 COLD SPRING ROAD,,99998,42.67136944,-73.23732222,0,12,2,0,1,1,0,1,1,11,0,11,0,0000000,10,43,10,48,99,99,0,0,0,1,1
25,250204,1,1,0,0,0,3,3,5,670,21,9,2013,7,18,21,1,11,1,I-495 N,,99998,42.02141667,-71.24413056,0,42,0,0,1,1,0,5,5,1,0,1,0,0000000,18,27,18,33,19,0,0,0,0,1,0
25,250205,1,1,0,0,0,1,1,17,90,21,9,2013,7,3,21,0,4,8,PAGE ROAD,,0,42.49308333,-71.26439167,0,42,0,0,1,1,0,5,3,1,0,1,0,0000000,3,23,3,27,88,88,0,0,0,1,1
25,250206,1,1,0,0,0,1,1,25,120,22,9,2013,1,22,24,1,13,3,SR-28 STORROW DRIVE,,99998,42.36194444,-71.07203333,0,33,0,1,19,1,0,4,3,1,0,1,0,0000000,22,25,22,29,88,88,0,0,0,1,0
25,250207,1,1,0,0,0,1,1,17,1375,27,9,2013,6,2,5,0,14,8,NONANTUM ROAD,,0,42.36121944,-71.18351667,0,33,0,0,1,1,0,4,3,1,0,1,0,0000000,2,4,2,11,2,23,0,0,0,1,1
25,250208,1,1,0,1,1,2,2,1,259,28,9,2013,7,20,35,0,3,8,CENTER STREET,UPPER COUNTY ROAD,0,41.67646667,-70.14216389,0,8,0,0,2,2,0,1,2,1,0,1,0,0000000,20,36,20,38,21,0,0,0,0,1,0
25,250209,1,1,0,0,0,1,1,27,390,2,10,2013,4,14,0,0,14,3,SR-68 WEST STREET,,99998,42.57946944,-72.00553333,0,30,0,0,1,1,0,4,1,1,0,1,0,0000000,14,3,14,5,14,22,0,0,0,1,0
25,250210,1,1,0,0,0,1,1,25,120,2,10,2013,4,14,40,1,13,3,SR-28  STORROW DRIVE,,99998,42.35187222,-71.08814444,0,33,0,1,19,1,0,4,1,1,0,1,0,0000000,14,42,14,48,15,13,0,0,0,1,1
25,250212,1,1,0,0,0,1,1,21,125,6,10,2013,1,3,10,1,13,3,SR-37 WASHINGTON STREET,,99998,42.18648611,-71.0083,0,33,0,0,1,1,0,4,3,10,2,2,0,0000000,3,13,3,20,3,49,0,0,0,1,1
25,250213,1,1,0,0,0,1,1,7,1442,7,10,2013,2,15,14,0,5,8,OLD COUNTY ROAD,,0,41.41733333,-70.64990556,0,42,0,0,1,1,0,4,1,1,0,1,0,0000000,99,99,99,99,99,99,0,0,0,1,1
25,250214,1,1,0,1,1,3,3,9,650,8,10,2013,3,0,55,0,16,8,UNION STREET,SMITH STREET,0,42.46694444,-70.94142778,0,8,0,0,3,3,0,1,3,1,0,1,0,0000000,99,99,99,99,99,99,0,0,0,1,0
25,250215,1,1,0,0,0,1,1,11,828,8,10,2013,3,17,30,0,6,8,MAIN STREET,,0,42.52004167,-72.53111944,0,42,0,0,1,1,0,4,1,1,0,1,0,0000000,99,99,99,99,88,88,0,0,0,1,1
25,250216,1,1,0,0,0,2,2,5,1133,8,10,2013,3,16,9,0,14,2,US-6 FALL RIVER AVENUE,WHEATON AVENUE,0,41.78464444,-71.31006944,0,30,0,0,1,1,0,4,1,1,0,1,0,0000000,16,10,16,17,16,35,0,0,0,1,1
25,250217,1,1,0,0,0,1,1,17,1272,9,10,2013,4,6,31,1,3,3,SR-62 GLEASONDALE ROAD,,99998,42.42458056,-71.51337222,0,1,0,0,1,1,0,1,4,10,0,10,0,0000000,6,33,6,35,7,4,0,0,0,1,0
25,250218,1,1,0,0,0,2,2,17,520,17,10,2013,5,12,40,1,11,1,I-495 S EXIT 22 SB,,99998,42.26299444,-71.56482778,0,1,0,1,5,1,0,4,1,10,0,10,0,0000000,12,46,13,1,13,51,0,0,0,1,0
25,250219,1,1,0,0,0,3,3,11,1091,19,10,2013,7,23,30,0,9,8,POTTER ROAD,,0,42.73821111,-72.89755833,0,1,0,0,1,1,0,5,2,2,0,2,0,0000000,99,99,99,99,99,99,0,0,0,1,0
25,250220,1,1,0,0,0,1,1,27,350,19,10,2013,7,8,21,1,13,3,SR-31 MECHANIC STREET,,99998,42.58753611,-71.80513611,0,59,0,0,1,1,0,4,1,1,0,1,0,0000000,8,23,8,26,8,46,0,0,0,1,0
25,250221,1,1,0,0,0,3,3,1,75,19,10,2013,7,1,32,0,14,8,RACE LANE,,0,41.68448611,-70.40931667,0,42,0,0,1,1,0,5,2,1,0,1,0,0000000,1,36,1,44,2,14,0,0,0,1,0
25,250222,1,1,0,0,0,1,1,27,1269,22,10,2013,3,13,14,0,6,8,BURNAP ROAD,,0,42.14956111,-71.73230833,0,42,0,0,1,1,0,5,1,1,0,1,0,0000000,13,18,13,22,13,51,0,0,0,1,0
25,250223,1,1,0,1,1,1,1,13,624,22,10,2013,3,2,34,1,11,1,I-91 S,,1,42.02635556,-72.59033333,0,8,0,0,1,1,0,1,3,1,0,1,0,0000000,2,34,2,43,88,88,0,0,0,1,0
25,250224,1,1,0,0,0,1,1,5,315,25,10,2013,6,21,55,1,11,1,I-195 E,,277,41.65903056,-70.88208611,0,18,0,1,5,1,0,3,2,1,0,1,0,0000000,21,59,22,2,88,88,0,0,0,1,0
25,250225,1,1,0,0,0,2,2,23,1400,1,11,2013,6,1,18,1,12,3,SR-24 SB,,304,42.05024167,-71.05798889,0,42,0,0,1,1,0,5,2,10,2,2,0,0000000,99,99,99,99,99,99,0,0,0,1,1
25,250226,1,1,0,0,0,1,1,23,926,1,11,2013,6,15,4,1,12,3,SR-3 PILGRIM HIGHWAY,,99998,42.15735278,-70.81970278,0,42,0,0,1,1,0,5,1,10,0,10,0,0000000,15,12,15,16,99,99,0,0,0,1,0
25,250227,1,1,0,1,1,1,1,17,1282,5,11,2013,3,6,9,0,13,3,SR-38 MAIN STREET,,99998,42.61327778,-71.23688611,0,8,0,0,1,1,0,1,4,1,0,1,0,0000000,6,11,6,11,6,22,0,0,0,1,0
25,250228,1,1,0,0,0,1,1,13,1430,6,11,2013,4,8,2,0,3,3,SR-10 SOUTHHAMPTON ROAD,,99998,42.18355556,-72.72619167,0,11,0,0,1,1,0,1,1,1,10,10,0,0000000,8,3,8,9,8,25,0,0,0,1,0
25,250229,1,1,0,0,0,1,1,5,1280,8,11,2013,6,10,15,0,6,8,KINGMAN STREET,,0,41.84898333,-70.99712222,0,35,0,0,1,1,0,4,1,1,0,1,0,0000000,10,15,10,27,10,52,0,0,0,1,0
25,250230,1,1,0,0,0,1,1,27,902,8,11,2013,6,1,22,0,14,3,SR-122 PROVIDENCE ROAD,LINWOOD AVENUE,0,42.09745556,-71.64466389,0,30,0,0,3,3,0,4,3,1,0,1,0,0000000,1,30,1,32,88,88,0,0,0,1,1
25,250231,1,1,0,0,0,1,1,15,437,9,11,2013,7,23,26,0,9,8,HARRIS STREET,,0,42.28485278,-72.48428056,0,42,0,0,1,1,0,5,2,10,0,10,0,0000000,23,26,23,41,0,13,0,0,0,1,0
25,250232,1,1,0,0,0,1,1,5,1185,12,11,2013,3,23,50,1,11,1,I-195 W,,99990,41.72281111,-71.18393333,0,34,0,1,5,1,0,4,2,1,0,1,0,0000000,99,99,99,99,99,99,0,0,0,1,0
25,250233,2,1,1,1,1,1,1,13,636,28,8,2013,4,8,52,0,14,8,HIGHLAND AVENUE,,0,42.16412222,-72.47659167,0,33,0,0,1,1,0,4,1,1,10,10,0,0000000,8,51,8,54,9,20,99,99,99,1,0
25,250234,1,1,0,0,0,1,1,23,1040,13,11,2013,4,7,42,0,14,8,PLIMOTH PLANTATION HIGHWAY,,99998,41.934475,-70.62805278,0,42,0,0,1,1,0,4,1,1,0,1,0,0000000,99,99,99,99,99,99,0,0,0,1,0
25,250235,1,1,0,1,1,2,2,3,880,13,11,2013,4,21,4,1,13,3,SR-2 VETERANS MEMORIAL DRIVE,WEST MAIN STREET,99998,42.70035,-73.11575278,0,8,0,0,3,3,0,1,3,1,0,1,0,0000000,21,4,21,6,21,22,0,0,0,1,0
25,250236,1,1,0,0,0,2,2,21,925,15,11,2013,6,22,30,1,11,1,I-95 S,,99998,42.17461111,-71.16813889,0,1,0,0,1,1,0,1,2,1,0,1,0,0000000,22,31,22,43,88,88,0,0,0,2,1
25,250237,1,1,0,0,0,2,2,25,120,23,11,2013,7,2,45,0,14,8,DEDHAM PARKWAY,,99998,42.25311667,-71.14595278,0,42,0,0,1,1,0,5,3,10,0,10,0,0000000,2,30,2,31,88,88,0,0,0,1,1
25,250238,1,1,0,0,0,1,1,17,170,6,12,2013,6,23,11,1,13,3,SR-2 CONCORD TURNPIKE,,99998,42.40039444,-71.15131111,0,59,0,0,1,1,0,4,2,2,0,2,0,0000000,22,58,23,7,99,99,0,0,0,1,0
25,250239,2,2,0,0,0,5,5,15,295,7,12,2013,7,15,32,0,6,8,HENDRICK STREET,,0,42.24444722,-72.65753056,0,24,0,0,1,1,0,4,1,1,0,1,0,0000000,15,33,15,37,15,57,0,0,0,2,1
25,250240,1,1,0,0,0,3,3,9,1114,8,12,2013,1,0,39,0,13,2,US-1 LAFAYETTE ROAD,,99998,42.84721944,-70.86345833,0,42,0,0,1,1,0,5,6,1,0,1,0,0000000,0,43,0,44,1,23,0,0,0,2,1
25,250241,1,1,0,1,1,1,1,23,465,9,7,2013,3,0,20,1,13,3,SR-27 MAIN STREET,,99998,42.04038333,-70.86688889,0,8,0,0,1,1,0,4,3,1,0,1,0,0000000,99,99,99,99,99,99,0,0,0,1,1
25,250242,1,1,0,0,0,1,1,27,1260,10,12,2013,3,11,15,0,6,8,PAXTON ROAD,,0,42.27934722,-71.96941667,0,1,0,0,1,1,0,4,1,4,3,4,0,0000000,11,12,11,25,88,88,0,0,0,1,0
25,250243,1,1,0,0,0,1,1,17,1279,31,10,2013,5,11,20,1,13,3,SR-27,MAYNARD ROAD,99998,42.39226667,-71.422875,0,33,0,0,1,1,0,4,1,10,0,10,0,0000000,11,23,11,25,12,13,99,99,99,1,0
25,250244,1,1,0,1,1,1,1,25,1070,10,12,2013,3,18,53,0,13,3,SR-107 BROADWAY,SIDE LOT OF REVERE FIRE DEPT,99998,42.41048611,-71.01207222,0,8,0,0,4,1,0,1,3,4,0,4,0,0000000,99,99,99,99,88,88,0,0,0,1,0
25,250245,2,2,0,0,0,2,2,21,58,27,9,2013,6,0,30,1,13,3,SR-24S EXIT 18,,370,42.12614444,-71.49920278,0,12,1,0,1,1,0,1,2,1,0,1,0,0000000,0,30,0,37,1,21,23,0,0,1,0
25,250246,1,1,0,1,1,2,2,23,140,11,12,2013,4,16,56,1,13,3,SR-27 PLEASANT STREET,,0,42.08612222,-71.024675,0,8,0,0,1,1,0,1,2,1,0,1,0,0000000,16,56,17,52,99,99,0,0,0,1,0
25,250247,2,2,0,0,0,2,2,17,630,18,12,2013,4,20,23,0,13,3,SR-133 ANDOVER STREET,,99998,42.64453056,-71.2822,0,12,6,0,8,1,0,1,3,1,0,1,0,0000000,20,24,20,30,20,54,0,0,0,1,0
25,250248,1,1,0,1,1,2,2,17,105,25,12,2013,4,19,41,1,13,3,SR-3A BOSTON ROAD,,99998,42.53505833,-71.2358,0,8,0,0,1,1,0,1,3,1,0,1,0,0000000,19,42,19,46,20,10,0,0,0,1,0
25,250249,1,1,0,0,0,1,1,17,1340,20,12,2013,6,14,52,1,11,1,I-95 N,,99998,42.39474167,-71.26259444,0,24,0,0,1,1,0,4,1,1,0,1,0,0000000,99,99,99,99,99,99,0,0,0,1,0
25,250250,2,2,0,0,0,2,2,9,650,26,12,2013,5,11,10,1,13,3,SR-129 LYNNFIELD STREET,,99998,42.49173889,-70.97199167,0,12,6,0,1,1,0,1,1,4,0,4,0,0000000,99,99,99,99,99,99,0,0,0,1,0
25,250251,2,2,0,0,0,3,3,27,610,28,12,2013,7,3,35,1,13,3,SR-2 W,,1002,42.52661111,-71.76021389,0,12,1,0,1,1,0,1,2,1,0,1,0,0000000,99,99,99,99,99,99,0,0,0,1,1
25,250252,1,1,0,0,0,1,1,5,924,4,10,2013,6,19,20,0,16,8,NEWLAND STREET,NEWCOMB STREET,0,41.99952778,-71.16330833,0,43,0,0,3,3,0,4,3,2,0,2,0,0000000,19,16,19,22,19,46,99,99,99,1,0
25,250253,1,1,0,0,0,1,1,27,150,28,12,2013,7,1,25,0,4,8,RICE CORNER CROSS ROAD,,99998,42.17913611,-72.082475,0,30,0,0,1,1,0,4,2,1,0,1,0,0000000,99,99,99,99,99,99,0,0,0,1,0
25,250254,1,1,0,0,0,3,3,23,140,29,10,2013,3,21,0,0,16,8,BOUNDARY AVE,N QUINCY ST,99998,42.12325,-71.00185833,0,42,0,0,3,2,0,4,3,1,0,1,0,0000000,21,6,21,12,21,28,99,99,99,1,0
25,250255,1,1,0,0,0,1,1,21,825,28,11,2013,5,8,0,0,14,3,SR-28 RANDOLPH AVE,HEATHER DR,99998,42.23463889,-71.07053611,0,33,0,0,3,3,0,4,1,1,0,1,0,0000000,7,58,8,1,8,35,99,99,99,1,1
25,250257,1,1,0,1,1,2,2,27,610,6,12,2013,6,17,24,0,14,3,SR-12 CENTRAL STREET,,99998,42.52576111,-71.76028889,0,8,0,0,1,1,0,1,3,10,0,10,0,0000000,17,24,17,30,18,10,0,0,0,1,0
25,250258,1,1,0,1,1,2,2,17,37,19,12,2013,5,22,0,0,14,3,SR-225 MASS AVENUE,ORVIS ROAD,99998,42.43574722,-71.21209444,0,8,0,0,2,2,0,1,3,1,0,1,0,0000000,99,99,99,99,99,99,0,0,0,1,0
25,250259,3,1,2,0,0,1,1,17,720,14,12,2013,7,19,37,0,14,8,MEDFORD STREET,MAIN STREET,0,42.41831667,-71.11104167,0,14,0,0,3,4,0,5,3,10,4,4,0,0000000,99,99,99,99,99,99,14,0,0,1,0
25,250260,1,1,0,1,1,1,1,9,570,9,12,2013,2,17,12,0,14,8,PARKER STREET,MARKET STREET,0,42.6995,-71.15947222,0,8,0,0,3,3,0,1,3,2,0,2,0,0000000,99,99,99,99,99,99,0,0,0,1,0
25,250261,1,1,0,0,0,1,1,9,1000,7,4,2013,1,22,8,1,11,3,SR-128N EXIT 44B,,99998,42.52153889,-70.98853611,0,1,0,1,5,1,0,1,3,1,0,1,0,0000000,99,99,99,99,99,99,0,0,0,1,0
25,250262,1,1,0,0,0,1,1,9,760,7,7,2013,1,0,40,0,4,8,HADLEY ROAD,,99998,42.84766389,-71.040675,0,30,0,0,1,1,0,4,2,1,0,1,0,0000000,0,48,0,58,1,18,0,0,0,1,0
25,250263,2,2,0,0,0,2,2,27,1172,27,11,2013,4,19,48,0,14,3,SR-140 MEMORIAL DRIVE,US-20 HARTFORD TURNPIKE,99998,42.25026389,-71.71153889,0,12,2,1,3,4,0,1,3,2,0,2,0,0000000,99,99,99,99,99,99,0,0,0,1,1
25,250264,1,1,0,0,0,1,1,5,924,8,12,2013,1,2,30,0,14,5,RICHARDSON AVE,,99998,41.97863056,-71.24463056,0,21,0,0,1,1,0,4,3,1,0,1,0,0000000,99,99,99,99,99,99,0,0,0,1,0
25,250265,1,1,0,0,0,1,1,23,140,4,5,2013,7,3,7,0,16,8,COURT STREET,,99998,42.08598611,-71.017825,0,33,0,0,1,1,0,4,3,1,0,1,0,0000000,99,99,99,99,99,99,0,0,0,1,1
25,250266,1,1,0,0,0,1,1,15,244,2,9,2013,2,15,14,0,3,3,SR-9,,99998,42.48481111,-72.98843611,0,24,0,0,1,1,0,4,1,10,0,10,0,0000000,15,16,15,29,16,18,0,0,0,1,0
25,250267,2,2,0,2,2,3,3,9,1110,16,11,2013,7,21,28,0,15,8,MARLBOROUGH RD,SCENIC AVE,0,42.51130556,-70.92873611,0,8,0,0,2,3,0,1,1,1,0,1,0,0000000,99,99,99,99,99,99,14,0,0,1,0
25,250268,1,1,0,1,1,2,2,21,180,7,11,2013,5,18,20,0,14,8,CHAPMAN ST,WATTLES ST,99998,42.16404444,-71.15655,8,8,0,0,2,3,0,1,3,2,0,2,0,0000000,18,24,18,25,19,3,0,0,0,1,0
25,250269,1,1,0,0,0,1,1,21,296,25,10,2013,6,1,13,0,14,5,UNION ST,WALCOTT AVE,99998,42.16189167,-71.21096111,0,33,0,0,3,3,0,4,3,1,0,1,0,0000000,1,19,1,22,1,49,0,0,0,1,1
25,250270,1,1,0,0,0,1,1,23,1040,10,10,2013,5,23,17,0,4,8,COURT ST,,99998,41.98106944,-70.69405556,0,33,0,0,1,1,0,4,3,1,0,1,0,0000000,23,21,23,23,23,40,0,0,0,1,0
25,250271,1,1,0,1,1,1,1,23,770,11,10,2013,6,19,0,0,14,8,WOOD STREET,,99998,41.86817222,-70.90981667,0,9,0,0,1,1,0,1,2,1,0,1,0,0000000,19,0,19,1,88,88,0,0,0,1,0
25,250272,1,1,0,0,0,1,1,23,926,11,10,2013,6,1,46,0,14,5,WINTER STREET,,99998,42.16939167,-70.78280556,0,30,0,0,1,1,0,4,2,1,0,1,0,0000000,99,99,99,99,99,99,0,0,0,1,1
25,250273,3,3,0,0,0,10,10,11,422,23,11,2013,7,19,45,1,2,3,SR-2 FRENCH KING HIGHWAY,SET BACK LANE,99998,42.60702778,-72.52969444,0,12,6,0,3,4,0,1,2,4,0,4,0,0000000,19,50,19,56,20,31,0,0,0,1,0
25,250274,1,1,0,1,1,1,1,17,520,18,9,2013,4,17,0,0,14,3,SR-85 HAYDEN ROWE STREET,,99998,42.20274167,-71.50966389,0,8,0,0,8,1,0,4,1,1,0,1,0,0000000,16,44,16,48,17,6,0,0,0,1,0
25,250275,1,1,0,0,0,1,1,21,370,6,10,2013,1,5,21,1,11,1,I-95S,,99998,42.05631111,-71.23574722,0,1,0,0,1,1,0,1,2,1,10,10,0,0000000,5,22,5,29,88,88,0,0,0,1,1
25,250276,1,1,0,0,0,1,1,13,500,3,11,2013,1,0,58,1,13,3,SR-141 EASTHAMPTON RD,EXIT 17A OFF RAMP,99998,42.23169444,-72.64912778,0,24,0,1,5,1,0,4,3,1,0,1,0,0000000,1,10,1,15,88,88,0,0,0,1,1
25,250277,2,1,1,0,1,1,2,23,1085,29,9,2013,1,17,10,0,16,8,VFW DRIVE,,99998,42.14705833,-70.91890833,0,14,0,0,1,1,0,4,5,1,0,1,0,0000000,17,12,17,17,17,40,14,0,0,1,0
25,250278,2,2,0,0,0,2,2,11,258,4,11,2013,2,15,6,0,3,8,RIVER ROAD,,99998,42.51533889,-72.56983056,0,12,2,0,1,1,0,1,1,1,0,1,0,0000000,99,99,99,99,99,99,0,0,0,1,1
25,250279,2,2,0,0,0,2,2,27,350,11,9,2013,4,18,30,0,12,3,SR-31 237 ASHBY STATE ROAD,RICHARDSON ROAD,99998,42.60966389,-71.800375,0,12,6,0,2,2,0,1,3,1,0,1,0,0000000,18,18,18,23,18,50,0,0,0,1,0
25,250280,1,1,0,0,0,2,2,13,210,21,9,2013,7,17,50,1,11,1,I-391 EXWY,,99998,42.1806,-72.605,0,7,0,1,5,1,0,1,1,1,0,1,0,0000000,17,44,17,44,18,8,99,99,99,1,0
25,250281,1,1,0,0,0,2,2,5,1280,22,10,2013,3,15,30,0,16,8,HART ST,,99998,41.883,-71.08069167,0,33,0,0,1,1,0,4,1,1,0,1,0,0000000,99,99,99,99,99,99,0,0,0,1,0
25,250282,2,2,0,0,0,2,2,27,1380,24,6,2013,2,14,42,0,14,3,SR-12 70 WORCESTER ROAD,,99998,42.06948333,-71.86659167,0,12,6,0,8,1,0,1,1,1,0,1,0,0000000,14,40,14,48,15,50,0,0,0,1,0
25,250283,2,1,1,0,0,1,1,27,1520,15,11,2013,6,8,52,0,16,8,SOUTHBRIDGE STREET,,0,42.258375,-71.80447222,0,14,0,0,1,1,0,4,1,10,0,10,0,0000000,9,11,9,14,9,38,0,0,0,1,0
25,250284,1,1,0,2,2,1,1,5,1185,29,10,2013,3,19,56,0,16,8,LEPES ROAD,,0,41.73157778,-71.16675556,0,8,0,0,1,1,0,1,3,1,0,1,0,0000000,19,57,20,0,20,15,16,0,0,1,0
25,250285,1,1,0,0,0,1,1,5,1280,23,11,2013,7,1,21,0,16,8,WILLIAMS STREET,,0,41.89360556,-71.05758333,0,40,0,0,1,1,0,4,3,10,0,10,0,0000000,99,99,99,99,88,88,0,0,0,1,0
25,250286,2,2,0,0,0,2,2,15,890,27,12,2013,6,11,50,0,16,8,NORTH KING STREET,ELM STREET,99998,42.36410278,-72.64150556,0,12,6,0,2,3,0,1,1,1,0,1,0,0000000,11,52,11,55,12,27,0,0,0,1,0
25,250287,1,1,0,0,0,5,5,13,1270,27,11,2013,4,22,58,0,14,8,ROOSEVELT AVENUE,,99998,42.14444444,-72.556725,8,42,0,0,1,1,0,4,3,2,0,2,0,0000000,23,2,23,8,23,20,0,0,0,1,0
25,250288,1,1,0,0,0,1,1,13,1270,28,11,2013,5,4,1,0,16,8,PARKER STREET,,0,42.13435278,-72.49621111,0,53,0,0,1,1,0,5,3,1,0,1,0,0000000,4,8,4,14,88,88,0,0,0,1,1
25,250289,1,1,0,1,1,1,1,13,1270,1,12,2013,1,12,32,0,16,8,ALLEN STREET,,0,42.09152778,-72.50079444,8,8,0,0,1,1,0,1,1,1,0,1,0,0000000,12,34,12,40,12,57,0,0,0,1,0
25,250290,1,1,0,0,0,2,2,25,1070,13,12,2013,6,7,1,0,14,3,SR-1A,,99998,42.4207,-70.99038889,0,33,0,0,1,1,0,4,1,1,0,1,0,0000000,99,99,99,99,99,99,0,0,0,2,0
25,250291,1,1,0,1,1,1,1,3,1030,29,8,2013,5,12,7,0,15,8,CENTER STREET,WEST STREET,0,42.44859444,-73.258225,0,8,0,0,2,2,0,1,1,1,0,1,0,0000000,12,8,12,9,12,21,0,0,0,1,0
25,250292,1,1,0,1,1,2,2,1,540,23,12,2013,2,20,57,0,13,3,SR-132 IYANNOUGH ROAD,,99998,41.67554444,-70.31045278,0,8,0,0,1,1,0,1,3,10,2,2,0,0000000,20,55,20,58,21,14,0,0,0,1,0
25,250293,2,2,0,1,1,2,2,1,1535,7,12,2013,7,16,54,1,12,2,US-6,,742,41.68633889,-70.23893611,0,8,0,0,1,1,0,1,1,1,0,1,0,0000000,99,99,99,99,99,99,0,0,0,1,0
25,250294,2,2,0,0,0,2,2,21,1276,31,12,2013,3,1,34,0,14,3,SR-138,,99998,42.135375,-71.10201389,0,12,2,0,1,1,0,1,3,1,0,1,0,0000000,1,32,1,35,2,15,0,0,0,1,2
25,250295,1,1,0,1,1,1,1,27,640,22,9,2013,1,5,99,0,14,3,SR-13 ELECTRIC AVE,,99998,42.58145278,-71.75080556,0,8,0,0,1,1,0,1,2,2,0,2,0,0000000,6,1,6,13,6,45,0,0,0,1,0
25,250296,1,1,0,1,1,1,1,23,2,24,11,2013,1,19,10,0,15,3,SR-18 BEDFORD ST,,99998,42.12401389,-70.94948333,0,8,0,0,1,1,0,1,2,1,0,1,0,0000000,19,11,19,11,19,27,0,0,0,1,0
25,250297,2,2,0,0,0,3,3,21,180,15,9,2013,1,17,51,0,16,8,WALPOLE STREET,,0,42.15171944,-71.17178889,0,12,2,0,1,1,0,1,1,1,0,1,0,0000000,17,52,17,54,18,44,0,0,0,1,0
25,250298,1,1,0,0,0,1,1,27,1095,13,9,2013,6,10,42,0,5,3,SR- 32,ATHOL-RICHMOND RD,99998,42.65321111,-72.22392778,0,42,0,0,1,1,0,4,1,1,0,1,0,0000000,99,99,99,99,88,88,22,0,0,1,0
25,250299,2,2,0,0,0,2,2,27,1410,30,1,2013,4,6,45,1,5,8,WICKABOAG VALLEY ROAD,,99998,42.24146389,-72.14440556,0,12,2,0,1,1,0,1,2,5,0,5,0,0000000,6,25,6,36,7,45,0,0,0,1,0
25,250300,2,2,0,0,0,2,2,3,203,20,12,2013,6,13,44,0,3,3,SR- 9,,99998,42.48935833,-72.9635,0,12,8,0,1,1,0,1,1,10,0,10,0,0000000,13,46,14,12,15,0,0,0,0,1,0