STATE,ST_CASE,VE_TOTAL,VE_FORMS,PVH_INVL,PEDS,PERNOTMVIT,PERMVIT,PERSONS,COUNTY,CITY,DAY,MONTH,YEAR,DAY_WEEK,HOUR,MINUTE,NHS,ROAD_FNC,ROUTE,TWAY_ID,TWAY_ID2,MILEPT,LATITUDE,LONGITUD,SP_JUR,HARM_EV,MAN_COLL,RELJCT1,RELJCT2,TYP_INT,WRK_ZONE,REL_ROAD,LGT_COND,WEATHER1,WEATHER2,WEATHER,SCH_BUS,RAIL,NOT_HOUR,NOT_MIN,ARR_HOUR,ARR_MIN,HOSP_HR,HOSP_MN,CF1,CF2,CF3,FATALS,DRUNK_DR
25,250301,1,1,0,1,1,1,1,27,1520,30,11,2013,7,7,57,1,13,8,GRAFTON ST,STANDISH ST,0,42.25131944,-71.77958889,0,8,0,0,2,2,0,1,1,1,0,1,0,0000000,7,57,8,3,8,26,0,0,0,1,0
25,250302,2,2,0,0,0,2,2,21,380,27,10,2013,1,18,31,0,14,8,WASHINGTON ST,,0,42.05623889,-71.42902222,0,12,2,0,1,1,0,1,3,1,0,1,0,0000000,18,32,18,33,99,99,0,0,0,1,1
25,250303,2,2,0,0,0,2,2,23,464,29,1,2013,3,13,44,0,14,8,HANOVER ST,,99998,42.11958333,-70.88424167,8,12,2,0,1,1,0,1,1,10,0,10,0,0000000,13,45,13,48,14,12,0,0,0,1,0
25,250304,2,2,0,0,0,2,2,21,825,24,12,2013,3,16,46,1,13,1,I-93 N,,99998,42.25536667,-71.040225,0,12,7,0,1,1,0,1,5,1,0,1,0,0000000,99,99,99,99,99,99,0,0,0,1,0
25,250305,2,2,0,0,0,4,4,3,1480,26,12,2013,5,10,21,0,3,8,NEW ASHFORD ROAD,,0,42.65633611,-73.23979444,0,12,2,0,1,1,0,1,1,4,0,4,0,0000000,10,28,10,35,11,5,0,0,0,1,0
25,250306,1,1,0,0,0,2,2,27,900,5,9,2013,5,23,56,1,11,1,I-290 E,,99998,42.33263611,-71.68185,0,25,0,0,1,1,4,3,2,1,0,1,0,0000000,0,2,0,7,0,42,0,0,0,1,0
25,250307,2,2,0,0,0,3,3,5,251,15,9,2013,1,15,40,0,16,8,BAKERVILLE RD,,99998,41.58528889,-70.97841389,0,12,6,0,8,1,0,1,1,1,10,10,0,0000000,15,39,15,40,99,99,0,0,0,1,0
25,250308,1,1,0,1,1,1,1,1,330,13,10,2013,1,7,50,0,14,3,SR-28,,99998,41.55818333,-70.62075556,0,8,0,0,1,1,0,1,1,10,0,10,0,0000000,7,48,7,49,8,15,0,0,0,1,0
25,250309,1,1,0,0,0,1,1,27,1172,26,11,2013,3,22,0,0,13,8,MAIN ST,,99998,42.29724444,-71.7531,0,42,0,0,1,1,0,4,6,2,0,2,0,0000000,99,99,99,99,99,99,0,0,0,1,0
25,250310,1,1,0,0,0,1,1,25,120,12,12,2013,5,17,0,1,13,3,SR-99,,99998,42.37916667,-71.07043333,4,25,0,0,1,1,0,3,3,1,0,1,0,0000000,99,99,99,99,99,99,0,0,0,1,1
25,250311,1,1,0,1,1,1,1,25,120,5,9,2013,5,21,0,0,16,8,NORTHAMPTON ST,WASHINGTON ST,99998,42.33845833,-71.08093611,0,8,0,0,3,2,0,1,3,1,0,1,0,0000000,21,1,21,6,21,11,99,99,99,1,0
25,250312,2,1,1,2,2,1,1,25,120,26,11,2013,3,14,15,0,16,8,OLNEY STREET,,0,42.30596944,-71.07111667,0,14,0,0,1,1,0,1,1,1,0,1,0,0000000,14,17,14,19,14,31,0,0,0,1,1
25,250313,1,1,0,0,0,1,1,25,120,6,9,2013,6,1,23,0,16,8,AMERICAN LEGION HWY,,99998,42.29700833,-71.09226667,0,1,0,0,1,1,0,1,3,10,0,10,0,0000000,1,24,1,30,1,38,99,99,99,1,1
25,250314,1,1,0,1,1,1,1,25,120,23,11,2013,7,20,36,0,16,8,CUMMINS HIGHWAY,RIDLON STREET,0,42.29561667,-71.11613056,0,33,0,1,3,2,0,5,8,98,0,98,0,0000000,20,39,20,43,99,99,0,0,0,1,1
25,250315,1,1,0,1,1,1,1,25,120,24,12,2013,3,20,5,0,16,8,COLUMBUS AVE,ARMORY ST,0,42.34700833,-71.07514167,0,8,0,0,3,3,0,1,3,1,0,1,0,0000000,99,99,99,99,99,99,99,99,99,1,0
25,250316,1,1,0,1,1,1,1,23,181,6,6,2013,5,13,3,0,16,8,STONEY BROOK WAY,,99998,41.94760556,-71.06,0,8,0,0,1,1,0,1,1,1,0,1,0,0000000,99,99,99,99,99,99,0,0,0,1,0
25,250317,1,1,0,0,0,1,1,21,94,26,6,2013,4,5,1,1,11,1,I-495 S,,99998,42.11549167,-71.467525,0,42,0,0,1,1,0,3,4,1,0,1,0,0000000,5,12,5,18,6,8,0,0,0,1,0
25,250318,1,1,0,1,1,1,1,25,120,5,7,2013,6,9,45,0,16,8,CENTRE ST,,99998,42.298425,-71.13056667,0,8,0,0,8,1,0,1,1,1,0,1,0,0000000,99,99,99,99,99,99,0,0,0,1,0
25,250319,1,1,0,1,1,1,1,13,1446,11,7,2013,5,18,27,0,16,8,MAIN ST,,99998,42.10203889,-72.60915833,0,8,0,0,1,1,0,1,1,1,0,1,0,0000000,99,99,99,99,99,99,0,0,0,1,0
25,250320,1,1,0,1,1,1,1,13,1446,6,11,2013,4,4,55,0,13,2,US-20 WESTFIELD STREET,CHURCHILL ROAD,99998,42.10665278,-72.65414444,0,8,0,0,3,3,0,1,3,1,0,1,0,0000000,5,0,5,2,99,99,0,0,0,1,0
25,250321,2,2,0,0,0,5,5,23,1040,19,7,2013,6,20,31,0,16,8,COURT ST,CHERRY ST,99998,41.97465278,-70.68523889,0,12,2,0,2,2,0,1,1,1,0,1,0,0000000,99,99,99,99,99,99,0,0,0,1,0
25,250322,1,1,0,0,0,2,2,5,1268,29,9,2013,1,19,8,0,16,8,SWANSOM ROAD,STEVENS ROAD,99998,41.75026389,-71.16543333,0,30,0,0,3,3,0,5,3,1,0,1,0,0000000,19,10,19,14,19,38,0,0,0,1,0
25,250323,1,1,0,1,1,1,1,9,1000,9,8,2013,6,20,46,0,15,8,CENTRAL ST,,99998,42.52853056,-70.92797778,0,8,0,0,1,1,0,1,3,10,0,10,0,0000000,99,99,99,99,99,99,0,0,0,1,0
25,250324,1,1,0,1,1,1,1,13,1430,16,8,2013,6,20,49,1,14,2,US-20 MAIN ST,,99998,42.12131667,-72.74920278,0,8,0,0,1,1,0,1,3,1,0,1,0,0000000,20,51,20,53,21,3,0,0,0,1,0
25,250325,1,1,0,0,0,1,1,3,304,6,8,2013,3,10,58,0,6,8,CREAMERY ROAD,TOWNHOUSE HILL ROAD,99998,42.18151111,-73.41795833,0,18,0,0,3,2,0,4,1,1,0,1,0,0000000,11,3,11,9,12,6,0,0,0,1,0
25,250326,2,2,0,0,0,2,2,1,75,30,8,2013,6,14,31,0,14,8,OLD STAGE RD,RACE LANE,99998,41.67682778,-70.37409722,0,12,6,0,2,2,0,1,1,1,0,1,0,0000000,99,99,99,99,99,99,0,0,0,1,0
25,250327,2,1,1,0,0,1,1,23,130,7,9,2013,7,6,52,1,13,3,SR-28  MAIN ST,,99998,41.99829167,-70.98480556,0,38,0,0,1,1,0,4,1,1,0,1,0,0000000,6,51,6,56,99,99,0,0,0,1,0
25,250328,1,1,0,1,1,1,1,27,220,22,10,2013,3,23,40,0,16,8,MAIN ST,BROOK ST,99998,42.43218056,-71.68795,0,8,0,0,2,2,0,1,2,98,0,98,0,0000000,23,41,23,43,23,54,99,99,99,1,0
25,250330,2,2,0,1,1,2,2,21,1063,24,12,2013,3,6,32,1,13,3,SR-28 N MAIN ST,,99998,42.19698889,-71.061675,0,8,0,0,1,1,0,1,3,10,0,10,0,0000000,6,34,6,39,7,4,0,0,0,1,0
25,250331,1,1,0,1,1,1,1,17,660,26,12,2013,5,6,13,1,13,3,SR-99 BROADWAY,,99998,42.42947778,-71.04113333,0,8,0,0,1,1,0,1,2,1,0,1,0,0000000,99,99,99,99,99,99,0,0,0,1,0
25,250332,2,2,0,0,0,2,2,17,375,5,5,2013,1,8,31,0,16,8,BISHOP ST,,0,42.29016667,-71.40249167,0,12,2,0,1,1,0,1,3,1,0,1,0,0000000,99,99,99,99,99,99,0,0,0,1,0
25,250333,2,2,0,0,0,2,2,13,15,30,1,2013,4,12,2,0,16,3,SR-159 MAIN ST,COOPER ST,99998,42.08130833,-72.61599167,0,12,6,0,2,3,0,1,1,10,0,10,0,0000000,12,7,12,10,12,45,0,0,0,1,0
25,250334,1,1,0,0,0,1,1,27,436,30,1,2013,4,17,26,0,14,3,SR-122 PROVIDENCE RD,,99998,42.21404444,-71.69213333,0,30,0,0,1,1,0,4,3,1,0,1,0,0000000,99,99,99,99,99,99,0,0,0,1,0
25,250335,1,1,0,0,0,1,1,27,272,19,2,2013,3,18,53,0,6,8,PODUNK RD,,0,42.21823889,-72.04735278,0,30,0,0,1,1,0,4,5,2,0,2,0,0000000,19,0,19,2,20,18,20,0,0,1,1
25,250336,1,1,0,0,0,1,1,17,261,6,8,2013,3,17,38,0,16,8,PARKER ROAD,WHEELER ROAD,0,42.68533611,-71.27079444,0,42,0,0,3,4,0,4,6,99,0,99,0,0000000,17,38,17,43,18,5,99,99,99,1,0
25,250337,2,2,0,0,0,2,2,27,1278,7,11,2013,5,15,30,1,13,1,I-84 E,,99998,42.11700278,-72.07444167,0,12,6,0,1,1,0,1,1,2,0,2,0,0000000,15,31,15,34,99,99,0,0,0,1,0
25,250338,1,1,0,1,1,1,1,21,825,25,10,2013,6,18,12,0,16,8,HIGHLAND ST,,99998,42.24432778,-71.07346944,0,8,0,0,1,1,0,1,3,1,0,1,0,0000000,99,99,99,99,99,99,0,0,0,1,0
25,250339,2,2,0,0,0,3,3,13,1270,4,8,2013,1,9,59,9,99,3,SR-83 BELMONT AVENUE,LEYFRED TERRACE,99998,42.08983056,-72.57561389,0,12,2,0,2,2,0,1,1,1,0,1,0,0000000,99,99,99,99,99,99,0,0,0,1,0
25,250340,1,1,0,1,1,1,1,17,310,12,11,2013,3,13,17,0,16,8,SCHOOL ST,,99998,42.40597778,-71.05717778,0,8,0,0,1,1,0,4,1,1,0,1,0,0000000,99,99,99,99,99,99,99,99,99,1,0
25,250341,1,1,0,0,0,3,3,1,1120,12,12,2013,5,8,11,1,13,2,US-6 E,MIDCAPE HGWY,99998,41.7272,-70.43984444,0,33,0,0,1,1,0,3,1,98,0,98,0,0000000,99,99,99,99,99,99,99,99,99,1,0
26,260001,1,1,0,0,0,2,2,125,4905,4,1,2013,6,16,14,1,11,1,I-75,,115,42.58166944,-83.15909444,0,34,0,0,1,1,0,4,1,1,0,1,0,0000000,16,36,16,36,99,99,0,0,0,1,1
26,260002,1,1,0,0,0,2,2,87,0,4,1,2013,6,17,1,1,1,1,I-69,,7,43.01562222,-83.443525,0,59,0,1,19,1,0,4,1,1,0,1,0,0000000,17,1,17,9,99,99,0,0,0,2,0
26,260003,2,2,0,0,0,4,4,163,1210,3,1,2013,5,16,26,1,13,3,SR-153 FORD RD,SILVERY LN,135,42.32678611,-83.28226944,0,12,2,0,2,2,0,1,1,10,0,10,0,0000000,16,34,16,34,99,99,0,0,0,1,0
26,260004,1,1,0,1,1,1,1,99,1440,8,1,2013,3,22,27,1,13,3,SR-102 8 MILE RD,GRATIOT AVE,59,42.45014722,-82.967775,0,8,0,0,3,2,0,1,3,10,0,10,0,0000000,22,29,22,35,99,99,0,0,0,1,0
26,260005,1,1,0,1,1,1,1,163,1260,5,1,2013,7,18,0,1,13,3,SR-5 GRAND RIVER,SUSSEX ST,41,42.39137778,-83.19517778,0,8,0,0,2,3,0,1,2,10,0,10,0,0000000,99,99,99,99,99,99,0,0,0,1,0
26,260006,1,1,0,0,0,7,7,149,0,9,1,2013,4,6,40,0,4,4,CR-FAWN RIVER RD,,12,41.78308611,-85.55944444,0,1,0,0,1,1,0,4,2,1,0,1,0,0000000,6,41,6,49,99,99,0,0,0,2,0
26,260007,1,1,0,1,1,1,1,81,2010,10,1,2013,5,18,8,0,15,6,BRISTOL AVE,,7,42.99650833,-85.70793056,0,8,0,0,1,1,0,1,3,10,0,10,0,0000000,18,8,18,12,99,99,0,0,0,1,0
26,260008,2,2,0,0,0,2,2,93,2211,11,1,2013,6,22,0,0,4,4,CR-CLYDE RD,FENTON RD,109,42.67863333,-83.70219722,0,12,6,0,2,2,0,1,2,10,0,10,0,0000000,22,3,22,10,99,99,22,0,0,1,1
26,260009,1,1,0,0,0,1,1,55,0,13,1,2013,1,11,58,0,14,4,CR-W SILVER LAKE RD,,39,44.71323333,-85.68866944,0,30,0,0,1,1,0,4,1,10,0,10,0,0000000,12,3,12,7,88,88,0,0,0,1,1
26,260010,2,2,0,0,0,2,2,125,5113,14,1,2013,2,12,18,1,13,2,US-24 DIXIE HWY,,54,42.68770278,-83.38251111,0,12,6,0,8,1,0,1,1,10,0,10,0,0000000,12,18,12,20,99,99,0,0,0,1,0
26,260011,2,2,0,0,0,4,4,123,0,6,1,2013,1,16,35,0,4,4,CR-120TH AVE,,102,43.33729722,-85.66675,0,12,6,0,1,1,0,1,1,10,0,10,0,0000000,99,99,99,99,99,99,22,0,0,1,0
26,260012,1,1,0,0,0,7,7,163,90,15,1,2013,3,23,36,1,11,1,I-94,,194,42.28809444,-83.19345833,0,1,0,0,1,1,0,3,3,1,0,1,0,0000000,99,99,99,99,99,99,0,0,0,1,1
26,260013,2,2,0,0,0,4,4,163,1212,4,1,2013,6,12,34,1,13,3,SR-24 N TELGRAPH RD,FORD RD,1,42.32702778,-83.27283056,0,12,6,0,2,2,0,1,1,1,0,1,0,0000000,12,34,12,39,99,99,20,0,0,3,1
26,260014,4,4,0,1,1,6,6,125,1652,4,1,2013,6,18,21,0,14,3,SR-5 GRAND RIVER AVE,,151,42.46886111,-83.40497222,0,8,0,0,1,1,0,1,2,1,0,1,0,0000000,18,22,18,30,88,88,14,0,0,1,0
26,260015,1,1,0,0,0,5,5,111,0,4,1,2013,6,13,35,0,16,4,CR-E WACKERLY RD,,1,43.65452222,-84.16912222,0,35,0,0,1,1,0,4,1,1,0,1,0,0000000,13,40,13,48,99,99,22,0,0,1,0
26,260016,2,1,1,0,1,1,2,93,0,9,1,2013,4,6,5,1,2,2,US-23 RAMP015C,CENTER RD,2,42.737025,-83.76495556,0,14,0,1,3,2,0,2,2,2,0,2,0,0000000,7,0,7,12,88,88,0,0,0,1,0
26,260017,2,1,1,2,5,1,4,163,1260,5,1,2013,7,2,50,1,11,1,I-94,,300,42.379275,-83.03389444,0,14,0,0,1,1,0,2,2,1,0,1,0,0000000,99,99,99,99,99,99,19,0,0,1,0
26,260018,1,1,0,0,0,1,1,121,0,19,1,2013,7,2,34,0,6,4,CR-N CRESTON,,82,43.27155278,-86.20840278,0,3,0,0,1,1,0,5,3,1,0,1,0,0000000,2,37,2,43,99,99,22,0,0,1,1
26,260019,1,1,0,0,0,1,1,163,4571,20,1,2013,1,2,42,1,11,1,I-75,,115,42.22549167,-83.21421111,0,1,0,0,1,1,0,4,3,6,0,6,0,0000000,2,43,2,53,88,88,0,0,0,1,1
26,260020,1,1,0,0,0,1,1,107,0,21,1,2013,2,17,45,0,4,4,CR-85TH AVE,,46,43.52689722,-85.25434444,0,42,0,0,1,1,0,4,5,4,11,4,0,0000000,17,47,18,10,88,88,0,0,0,1,1
26,260021,2,2,0,0,0,2,2,99,1810,3,1,2013,5,15,40,0,14,6,15 MILE RD,UTICA RD,65,42.55333889,-82.96112222,0,12,6,0,2,2,0,1,1,1,0,1,0,0000000,99,99,99,99,99,99,0,0,0,1,0
26,260022,1,1,0,0,0,1,1,107,0,25,1,2013,6,4,55,1,2,2,US-131,,6,43.47577778,-85.47958611,0,42,0,0,1,1,0,4,2,4,11,4,0,0000000,99,99,99,99,99,99,0,0,0,1,1
26,260023,2,2,0,0,0,2,2,41,0,22,1,2013,3,8,45,0,4,4,CR-426,,3,45.84440833,-87.13373333,0,12,1,0,1,1,0,1,1,1,0,1,0,0000000,8,47,8,57,99,99,23,0,0,1,0
26,260024,1,1,0,0,0,1,1,45,0,9,1,2013,4,7,2,1,1,1,I-69,,47,42.46630278,-84.90240833,0,34,0,0,1,1,0,4,2,2,0,2,0,0000000,99,99,99,99,88,88,0,0,0,1,0
26,260025,1,1,0,0,0,3,3,65,0,11,1,2013,6,19,15,0,5,4,CR-CHURCHILL RD,,9,42.43536667,-84.44308333,0,42,0,0,1,1,0,4,2,10,0,10,0,0000000,19,15,19,22,99,99,0,0,0,1,0
26,260026,1,1,0,1,1,1,1,49,1731,24,1,2013,5,3,50,0,14,4,CR-BEECHER RD,,75,43.03136389,-83.77950278,0,9,0,0,1,1,0,1,2,4,11,4,0,0000000,3,50,99,99,99,99,0,0,0,1,0
26,260027,2,2,0,0,0,3,3,121,0,13,1,2013,1,15,57,0,6,4,CR-TYLER RD,,27,43.31748333,-86.23766944,0,12,2,0,1,1,0,1,5,4,11,4,0,0000000,99,99,99,99,99,99,22,0,0,1,1
26,260028,2,2,0,0,0,2,2,15,0,27,1,2013,1,21,20,0,3,3,SR-37,,112,42.73629722,-85.48438333,0,12,6,0,1,1,0,1,2,2,0,2,0,0000000,21,27,21,32,99,99,0,0,0,1,0
26,260029,1,1,0,1,1,1,1,107,0,7,1,2013,2,18,54,0,3,3,SR-66 30TH AVE,,197,43.75219722,-85.14755556,0,8,0,0,1,1,0,1,3,10,0,10,0,0000000,19,7,19,30,88,88,0,0,0,1,0
26,260030,2,2,0,0,0,2,2,61,0,7,1,2013,2,18,34,0,4,4,CR-ASKEL RD,,11,46.89510833,-88.60460556,0,11,0,0,1,1,0,1,2,1,0,1,0,0000000,18,38,19,9,99,99,0,0,0,1,1
26,260032,1,1,0,0,0,1,1,55,4880,12,1,2013,7,2,38,1,13,2,US-31 SR-37 SR-72,,40,44.76414167,-85.60907222,0,40,0,0,1,1,0,4,3,10,0,10,0,0000000,2,44,2,55,88,88,0,0,0,1,1
26,260033,2,2,0,0,0,2,2,77,1084,24,1,2013,5,10,32,1,11,1,I-94,,163,42.27005556,-85.46695556,0,12,1,0,1,1,0,1,1,1,0,1,0,0000000,99,99,99,99,99,99,27,0,0,1,0
26,260034,1,1,0,1,1,1,1,163,1260,11,1,2013,6,18,20,1,13,3,SR-3,,77,42.43298056,-82.97906389,0,15,0,0,1,1,0,1,2,10,0,10,0,0000000,99,99,99,99,99,99,0,0,0,1,0
26,260035,1,1,0,1,1,1,1,49,1730,14,1,2013,2,18,13,0,15,6,CHEVROLET AVE,BERKLEY ST,14,43.02370833,-83.72024444,0,8,0,0,3,2,0,1,3,10,0,10,0,0000000,18,18,18,20,99,99,0,0,0,1,0
26,260036,2,2,0,0,0,2,2,41,3464,27,1,2013,1,1,0,1,2,2,US-2,,498,45.88905278,-86.63723056,0,12,6,0,1,1,0,1,2,10,0,10,0,0000000,99,99,99,99,99,99,0,0,0,1,1
26,260037,1,1,0,0,0,1,1,159,0,11,1,2013,6,8,55,0,3,3,SR-43,,221,42.30270833,-85.88850556,0,42,0,0,1,1,0,4,1,10,0,10,0,0000000,9,0,9,7,99,99,0,0,0,1,0
26,260038,1,1,0,0,0,1,1,45,1245,19,1,2013,7,19,30,0,6,4,CR-WACOUSTA RD,EATON HWY,0,42.76992222,-84.70103889,0,59,0,0,3,3,0,4,2,10,0,10,0,0000000,19,32,19,36,88,88,22,0,0,1,1
26,260039,2,2,0,0,0,2,2,63,0,28,1,2013,2,18,49,1,2,3,SR-142 PIGEON RD,PINNEBOG RD,148,43.82189444,-83.10135,0,12,1,0,2,2,0,1,2,10,0,10,0,0000000,18,52,19,19,88,88,0,0,0,1,1
26,260040,2,2,0,0,0,2,2,25,3885,20,1,2013,1,17,59,0,13,3,SR-66,J BARLETT DR,26,42.34408889,-85.154175,0,12,2,0,2,3,0,1,3,10,0,10,0,0000000,17,58,18,6,99,99,0,0,0,1,1
26,260041,2,2,0,0,0,2,2,153,4517,30,1,2013,4,15,55,1,2,3,SR-28,,163,46.34517222,-86.02528889,0,12,6,0,1,1,0,1,1,4,11,4,0,0000000,16,7,16,45,99,99,0,0,0,1,0
26,260042,1,1,0,0,0,2,2,67,0,21,1,2013,2,8,46,0,4,4,CR-HAYES RD,,50,43.06909444,-84.93638611,0,34,0,0,1,1,0,4,1,4,0,4,0,0000000,8,46,8,59,99,99,0,0,0,1,0
26,260043,1,1,0,0,0,1,1,17,0,26,1,2013,7,13,48,0,3,3,SR-13 HURON RD,,151,43.74455833,-83.97646389,0,53,0,0,1,1,0,4,1,1,0,1,0,0000000,13,49,14,2,99,99,0,0,0,1,0
26,260044,2,2,0,0,0,4,4,21,0,17,1,2013,5,19,37,1,11,1,I-94,,3,42.17805833,-86.26783889,0,12,1,1,20,1,0,1,2,10,0,10,0,0000000,19,39,19,45,99,99,0,0,0,1,0
26,260045,2,2,0,0,0,6,6,15,0,30,1,2013,4,15,20,0,3,4,CR-BROADWAY RD,BROWN RD,77,42.75538056,-85.29062778,0,12,1,0,3,3,0,1,1,2,0,2,0,0000000,15,24,15,34,99,99,22,0,0,1,0
26,260046,2,2,0,0,0,6,6,49,1730,11,1,2013,6,17,51,1,13,3,SR-21 CORUNNA RD,,98,43.00231389,-83.736275,0,12,2,0,1,1,0,1,3,10,0,10,0,0000000,17,52,17,56,99,99,0,0,0,1,1
26,260047,2,2,0,0,0,2,2,159,0,16,1,2013,4,6,50,0,4,4,CR-388 PHOENIX ST,71.5 ST,5,42.40378056,-86.23979722,0,12,6,0,2,2,0,1,3,1,0,1,0,0000000,99,99,99,99,88,88,0,0,0,1,0
26,260048,2,2,0,0,0,4,4,165,0,28,1,2013,2,20,50,1,2,3,SR-37,,60,44.46895278,-85.69731389,0,12,6,0,1,1,0,1,2,10,0,10,0,0000000,20,53,21,0,99,99,0,0,0,2,1
26,260049,2,2,0,0,0,2,2,117,0,21,1,2013,2,22,29,0,4,4,CR-FEDERAL RD,,86,43.412575,-85.46555833,0,12,2,0,1,1,0,1,2,4,0,4,0,0000000,22,31,22,39,99,99,0,0,0,1,0
26,260050,1,1,0,0,0,1,1,165,0,20,1,2013,1,3,40,0,6,4,CR-13 1/4 RD,,5,44.37336389,-85.70185833,0,42,0,0,1,1,0,4,2,4,0,4,0,0000000,3,50,4,26,88,88,22,0,0,1,1
26,260051,2,2,0,0,0,6,6,55,0,23,1,2013,4,14,27,1,2,2,US-31,,2,44.65878333,-85.813575,0,12,2,0,1,1,0,1,1,4,0,4,0,0000000,14,27,15,2,99,99,0,0,0,1,0
26,260052,2,2,0,0,0,3,3,111,0,27,1,2013,1,3,47,0,4,4,CR-FREELAND RD,,79,43.52523333,-84.21344722,0,12,2,0,1,1,0,1,2,1,0,1,0,0000000,3,48,4,2,99,99,22,0,0,1,1
26,260053,1,1,0,0,0,1,1,73,0,27,1,2013,1,3,6,0,6,4,CR-ISABELLA RD,,111,43.72431944,-84.747875,0,34,0,0,1,1,0,4,2,10,0,10,0,0000000,3,7,3,20,88,88,22,0,0,1,1
26,260054,1,1,0,1,1,3,3,163,1210,10,1,2013,5,18,6,0,14,6,MILLER RD,,29,42.32738333,-83.16632222,0,8,0,0,1,1,0,1,3,10,0,10,0,0000000,99,99,99,99,99,99,0,0,0,1,0
26,260055,2,2,0,0,0,2,2,49,1730,28,1,2013,2,10,14,0,14,6,M L KING AVE,BALTIMORE BLVD,28,43.05803056,-83.70483889,0,12,6,0,2,2,0,1,1,2,0,2,0,0000000,10,56,11,1,99,99,0,0,0,1,1
26,260056,1,1,0,0,0,1,1,45,0,26,1,2013,7,13,23,0,4,4,CR-NARROW LAKE RD,,61,42.50815833,-84.77762222,0,18,0,0,1,1,0,5,1,1,0,1,0,0000000,13,23,13,29,88,88,0,0,0,1,0
26,260057,2,2,0,0,0,3,3,125,4020,29,1,2013,3,19,13,1,13,3,SR-59,UNIVERSITY DR,8,42.64056111,-83.289075,0,12,6,0,2,2,0,1,3,2,0,2,0,0000000,19,15,19,20,99,99,0,0,0,1,0
26,260058,2,2,0,0,0,2,2,163,1260,30,1,2013,4,3,46,1,12,3,SR-39,,142,42.42641111,-83.21906944,0,12,6,0,1,1,0,1,3,10,0,10,0,0000000,3,46,3,55,99,99,19,0,0,1,1
26,260059,2,2,0,0,0,2,2,23,0,24,1,2013,5,8,40,0,4,4,CR-BLOCK RD,CRANSON RD,46,41.82576667,-85.07594444,0,12,6,0,2,3,0,1,1,1,0,1,0,0000000,8,48,99,99,88,88,0,0,0,1,0
26,260060,2,2,0,0,0,2,2,163,738,5,1,2013,7,9,49,1,13,4,CR-N CANTON CENTER,PALMER,15,42.29292222,-83.4865,0,12,6,0,2,2,0,1,1,1,0,1,0,0000000,9,49,9,53,99,99,0,0,0,1,0
26,260061,1,1,0,0,0,1,1,99,5110,23,1,2013,4,12,1,0,14,6,RYAN,,41,42.50709722,-83.06753056,0,30,0,0,1,1,0,4,1,10,0,10,0,0000000,99,99,99,99,99,99,0,0,0,1,0
26,260062,1,1,0,0,0,1,1,99,4330,29,1,2013,3,9,38,1,11,1,I-94 RAMP 004D,,0,42.50998611,-82.91879722,0,23,0,1,5,1,0,4,1,10,0,10,0,0000000,99,99,99,99,99,99,0,0,0,1,0
26,260063,3,3,0,0,0,4,4,125,208,21,1,2013,2,12,36,0,14,6,N OPKYKE RD,SR-59 RAMP 040B,38,42.64030278,-83.249775,0,12,2,0,3,3,0,1,1,1,0,1,0,0000000,12,37,12,42,99,99,0,0,0,1,1
26,260064,22,22,0,0,0,23,23,121,3450,22,1,2013,3,10,1,1,13,2,US-31,,49,43.20553333,-86.20496389,0,12,1,1,18,1,0,1,1,4,0,4,0,0000000,99,99,99,99,99,99,19,0,0,1,0
26,260065,1,1,0,0,0,2,2,77,0,2,2,2013,7,16,51,0,4,4,CR-E MICHIGAN AVE,,18,42.28254167,-85.37797222,0,35,0,0,1,1,0,4,1,10,0,10,0,0000000,16,53,16,59,88,88,0,0,0,2,1
26,260066,1,1,0,0,0,1,1,93,0,3,2,2013,1,2,52,0,3,3,SR-106,,4,42.45343333,-84.13293611,0,42,0,0,1,1,0,4,3,1,0,1,0,0000000,2,52,3,5,88,88,0,0,0,1,1
26,260067,1,1,0,0,0,1,1,77,0,8,2,2013,6,19,45,0,14,3,SR-89,,21,42.37264722,-85.40563333,0,11,0,0,1,1,0,1,2,1,0,1,0,0000000,19,45,19,49,88,88,0,0,0,1,0
26,260068,2,2,0,0,0,2,2,157,0,9,2,2013,7,19,29,0,6,4,CR-DICKERSON RD,,135,43.61204722,-83.33296389,0,12,2,0,1,1,0,1,3,1,0,1,0,0000000,19,31,19,39,99,99,22,0,0,1,2
26,260069,1,1,0,0,0,1,1,143,0,9,2,2013,7,10,30,0,6,4,CR-CAMPGROUND RD,,17,44.25476944,-84.43239444,0,42,0,0,1,1,0,4,1,1,0,1,0,0000000,10,43,11,3,99,99,22,0,0,1,0
26,260070,1,1,0,1,1,1,1,77,2520,10,2,2013,1,0,42,0,14,6,MICHIGAN AVE,EMAJEAN ST,3,42.27702222,-85.64061667,0,8,0,0,3,3,0,1,3,1,0,1,0,0000000,99,99,99,99,88,88,0,0,0,1,0
26,260071,1,1,0,0,0,1,1,11,0,13,2,2013,4,13,7,0,4,4,CR-ARENAC STATE RD,,5,43.91718611,-83.93334167,0,42,0,0,1,1,0,4,1,10,0,10,0,0000000,13,9,13,18,88,88,22,0,0,1,0