STATE,ST_CASE,VE_TOTAL,VE_FORMS,PVH_INVL,PEDS,PERNOTMVIT,PERMVIT,PERSONS,COUNTY,CITY,DAY,MONTH,YEAR,DAY_WEEK,HOUR,MINUTE,NHS,ROAD_FNC,ROUTE,TWAY_ID,TWAY_ID2,MILEPT,LATITUDE,LONGITUD,SP_JUR,HARM_EV,MAN_COLL,RELJCT1,RELJCT2,TYP_INT,WRK_ZONE,REL_ROAD,LGT_COND,WEATHER1,WEATHER2,WEATHER,SCH_BUS,RAIL,NOT_HOUR,NOT_MIN,ARR_HOUR,ARR_MIN,HOSP_HR,HOSP_MN,CF1,CF2,CF3,FATALS,DRUNK_DR
26,260072,2,2,0,0,0,3,3,67,0,16,2,2013,7,0,10,1,1,1,I-96,,206,42.860075,-84.91397222,0,52,0,0,1,1,0,4,2,1,0,1,0,0000000,0,10,0,24,99,99,0,0,0,1,1
26,260073,2,2,0,0,0,2,2,9,0,15,2,2013,6,14,36,0,6,4,CR-SMITH LAKE RD,,17,44.89153611,-85.151625,0,12,2,0,1,1,0,1,1,4,11,4,0,0000000,14,36,14,54,88,88,0,0,0,1,0
26,260074,11,11,0,0,0,15,15,163,1260,31,1,2013,5,10,0,1,11,1,I-75,,193,42.30498333,-83.11068889,0,12,7,0,1,1,0,1,1,4,11,4,0,0000000,99,99,99,99,99,99,19,0,0,3,0
26,260075,1,1,0,0,0,1,1,11,0,9,2,2013,7,1,28,1,2,2,US-23,,32,43.95665278,-83.96533889,0,42,0,0,1,1,0,4,2,1,0,1,0,0000000,1,31,1,41,88,88,0,0,0,1,1
26,260076,1,1,0,0,0,1,1,129,0,17,2,2013,1,15,5,0,6,4,CR-PIPER LAKE RD,,40,44.4151,-84.24759167,0,42,0,0,1,1,0,4,1,1,0,1,0,0000000,15,5,15,18,99,99,22,0,0,1,1
26,260077,1,1,0,0,0,1,1,157,0,17,2,2013,1,19,22,0,4,4,CR-SAGINAW RD,,62,43.34929722,-83.46036944,0,53,0,0,1,1,0,4,2,1,0,1,0,0000000,19,23,19,28,99,99,0,0,0,1,0
26,260078,3,3,0,0,0,7,7,159,0,16,2,2013,7,18,10,0,4,4,CR-687,66TH AVE,69,42.17872778,-86.16649722,0,12,6,0,2,2,0,1,1,4,11,4,0,0000000,99,99,99,99,88,88,22,0,0,4,0
26,260079,2,2,0,0,0,2,2,137,0,11,2,2013,2,18,7,0,14,4,CR-MANCELONA RD,,10,44.91589444,-84.7028,0,12,6,0,1,1,0,1,5,4,11,4,0,0000000,18,8,18,16,99,99,0,0,0,1,0
26,260080,2,2,0,0,0,2,2,159,0,7,2,2013,5,22,11,0,3,3,SR-43,,272,42.29545278,-85.78932778,0,12,2,0,1,1,0,1,2,4,11,4,0,0000000,99,99,99,99,99,99,0,0,0,1,0
26,260081,2,2,0,1,1,2,2,163,1260,9,2,2013,7,20,35,1,13,3,SR-5 GRAND RIVER AVE,OAKFIELD,30,42.39901944,-83.21408056,0,8,0,0,2,3,0,1,2,1,0,1,0,0000000,99,99,99,99,88,88,14,0,0,1,0
26,260082,1,1,0,0,0,1,1,125,208,12,2,2013,3,14,11,1,11,1,I-75,,172,42.6218,-83.23594722,0,31,0,0,1,1,0,4,1,10,0,10,0,0000000,14,11,14,20,99,99,0,0,0,1,0
26,260083,2,2,0,0,0,3,3,145,0,13,2,2013,4,11,43,0,6,4,CR-WADSWORTH RD,GERA RD,90,43.44136111,-83.73802778,0,12,6,0,2,2,0,1,1,10,0,10,0,0000000,11,43,11,50,99,99,0,0,0,1,0
26,260084,1,1,0,1,1,1,1,115,0,14,2,2013,5,20,56,0,13,2,US-24 TELEGRAPH RD,,207,41.99279722,-83.36399167,0,8,0,0,1,1,0,1,2,1,0,1,0,0000000,20,58,21,10,88,88,0,0,0,1,0
26,260085,2,2,0,0,0,2,2,81,2553,16,2,2013,7,2,34,1,13,3,SR-37 BROADMOOR AVE SE,44TH ST SE,60,42.88351389,-85.565025,0,12,6,0,2,2,0,1,2,10,0,10,0,0000000,2,37,2,39,88,88,0,0,0,1,1
26,260086,2,1,1,0,0,6,6,163,1260,17,2,2013,1,13,20,0,16,6,WILDEMERE ST,,9,42.42306667,-83.13310833,0,14,0,0,1,1,0,4,1,1,0,1,0,0000000,99,99,99,99,99,99,0,0,0,1,1
26,260087,1,1,0,0,0,1,1,57,0,22,2,2013,6,19,17,1,2,2,US-127,,148,43.32216944,-84.600825,0,34,0,0,1,1,0,4,2,4,11,4,0,0000000,19,20,19,30,99,99,0,0,0,1,0
26,260088,1,1,0,1,1,1,1,115,0,25,2,2013,2,19,11,0,13,2,US-24 TELEGRAPH RD,,205,41.9904,-83.36563611,0,8,0,0,1,1,0,1,2,1,0,1,0,0000000,19,13,19,15,88,88,0,0,0,1,0
26,260089,2,2,0,0,0,3,3,151,0,26,2,2013,3,18,34,1,2,3,SR-53 N VAN DYKE RD,,101,43.42973333,-83.08800833,0,12,2,0,1,1,0,1,2,4,11,4,0,0000000,18,36,18,51,99,99,0,0,0,1,0
26,260090,2,2,0,0,0,2,2,45,1245,25,2,2013,2,11,20,0,14,4,CR-ST JOSEPH HWY,BROADBENT RD,191,42.72656111,-84.68163056,0,12,6,0,2,2,0,1,1,1,0,1,0,0000000,11,20,11,26,99,99,0,0,0,1,1
26,260091,1,1,0,1,1,3,3,163,5176,28,2,2013,5,20,43,0,13,6,MIDDLEBELT RD,,155,42.34137222,-83.33162222,0,8,0,0,1,1,0,1,2,1,0,1,0,0000000,99,99,99,99,99,99,0,0,0,1,0
26,260092,1,1,0,0,0,1,1,99,0,19,2,2013,3,2,39,0,3,4,CR-32 MILE RD,,150,42.80803611,-82.80639444,0,30,0,0,1,1,0,4,3,2,0,2,0,0000000,99,99,99,99,88,88,0,0,0,1,0
26,260093,2,2,0,0,0,4,4,133,0,12,2,2013,3,8,21,0,3,3,SR-66,,105,43.96542778,-85.14799444,0,51,0,0,1,1,0,1,1,1,0,1,0,0000000,99,99,99,99,99,99,0,0,0,2,0
26,260094,2,2,0,0,0,4,4,27,0,15,2,2013,6,23,22,0,3,3,SR-62,,38,41.80943056,-86.06595278,0,12,2,0,1,1,0,1,2,4,11,4,0,0000000,23,22,23,26,99,99,0,0,0,1,0
26,260095,2,2,0,0,0,4,4,55,0,17,2,2013,1,8,55,0,4,4,CR-SUMMIT CITY RD,SPARLING RD,40,44.57013333,-85.51613056,0,12,6,0,2,2,0,1,1,10,0,10,0,0000000,99,99,99,99,99,99,22,0,0,2,0
26,260096,1,1,0,0,0,5,5,25,0,18,2,2013,2,15,29,1,1,1,I-94,,143,42.29747222,-85.03436111,0,38,0,0,1,1,0,4,1,1,0,1,0,0000000,15,34,15,40,99,99,0,0,0,3,0
26,260097,1,1,0,1,1,1,1,19,0,18,2,2013,2,22,8,0,3,3,SR-115 CADILLAC HWY,,80,44.51384722,-85.97775556,0,8,0,0,1,1,0,1,2,2,0,2,0,0000000,22,12,22,20,88,88,0,0,0,1,0
26,260098,1,1,0,0,0,1,1,125,5255,16,2,2013,7,15,19,1,11,1,I-96,,72,42.49821667,-83.53653889,0,31,0,0,1,1,0,4,1,4,11,4,0,0000000,99,99,99,99,99,99,0,0,0,1,0
26,260099,1,1,0,0,0,2,2,163,633,16,2,2013,7,23,30,1,13,2,US-24 TELEGRAPH RD,,41,42.14791111,-83.26620556,0,53,0,0,1,1,0,4,3,1,0,1,0,0000000,23,32,23,35,99,99,0,0,0,1,1
26,260100,2,2,0,0,0,3,3,29,0,16,2,2013,7,10,59,0,6,4,CR-UPPER BAY SHORE RD,MURRAY RD,33,45.35028889,-85.11689444,0,12,6,0,2,2,0,1,1,10,0,10,0,0000000,11,0,11,25,99,99,22,0,0,1,0
26,260101,1,1,0,0,0,1,1,143,0,22,2,2013,6,20,4,0,6,4,CR-WACO RD,,26,44.24841389,-84.664675,0,43,0,0,1,1,0,4,2,4,11,4,0,0000000,99,99,99,99,88,88,0,0,0,1,1
26,260102,1,1,0,0,0,1,1,39,0,23,2,2013,7,7,21,0,6,4,CR-S KING RD,N HIGGINS LAKE DR,0,44.515025,-84.75118333,0,59,0,0,3,2,0,4,1,1,0,1,0,0000000,7,21,7,39,88,88,22,0,0,1,1
26,260103,2,2,0,0,0,3,3,163,1210,6,2,2013,4,7,50,0,13,6,W OUTER DR,,41,42.27890278,-83.21998611,0,12,6,0,7,1,0,1,1,1,0,1,0,0000000,99,99,99,99,99,99,0,0,0,1,1
26,260104,2,2,0,0,0,2,2,125,4020,22,2,2013,6,14,41,0,13,6,JOSLYN,,20,42.68141944,-83.28080833,0,12,2,0,1,1,0,1,1,3,0,3,0,0000000,14,44,14,57,99,99,0,0,0,1,0
26,260105,4,4,0,0,0,4,4,99,1009,27,2,2013,4,17,35,0,13,3,SR-97 GROESBECK HWY,,86,42.55779444,-82.92096389,0,12,2,0,1,1,0,1,1,10,0,10,0,0000000,17,38,17,43,99,99,0,0,0,1,0
26,260106,1,1,0,0,0,1,1,115,0,27,2,2013,4,1,59,0,14,4,CR-JACKMAN RD,,3,41.731075,-83.58556389,0,30,0,0,1,1,0,4,3,10,0,10,0,0000000,2,2,2,8,88,88,0,0,0,1,1
26,260107,1,1,0,0,0,2,2,125,1652,28,2,2013,5,13,31,1,11,1,I-696,,28,42.49416389,-83.39358611,0,34,0,0,1,1,0,4,1,10,0,10,0,0000000,13,31,13,43,99,99,0,0,0,1,0
26,260108,1,1,0,0,0,1,1,75,0,22,2,2013,6,13,5,0,4,4,CR-HANOVER RD,,105,42.10123889,-84.52681944,0,42,0,0,1,1,0,4,1,10,0,10,0,0000000,13,12,13,18,99,99,22,0,0,1,0
26,260109,2,2,0,0,0,2,2,115,0,25,2,2013,2,8,20,0,14,4,CR-SMITH RD,,40,41.73561944,-83.58841389,0,12,2,0,1,1,0,1,1,1,0,1,0,0000000,8,26,8,29,99,99,0,0,0,1,0
26,260110,6,6,0,0,0,6,6,65,2700,29,1,2013,3,8,0,1,11,1,I-496,,42,42.72450556,-84.52253611,0,12,1,0,1,1,2,1,4,10,0,10,0,0000000,8,1,8,4,99,99,0,0,0,1,0
26,260111,1,1,0,0,0,2,2,97,2920,4,3,2013,2,17,45,0,6,3,SR-185,,51,45.86496111,-84.64913611,0,42,0,0,1,1,0,4,1,1,0,1,0,0000000,17,48,17,55,88,88,0,0,0,1,1
26,260112,2,2,0,0,0,2,2,25,310,7,3,2013,5,13,44,0,14,6,CLARK RD,RIVER RD,15,42.34787222,-85.27938056,0,12,6,0,2,2,0,1,1,1,0,1,0,0000000,13,40,13,42,99,99,0,0,0,1,0
26,260113,2,2,0,0,0,3,3,81,0,1,3,2013,6,19,12,0,6,4,CR-18 MILE RD,MYERS LAKE AVE,32,43.23491389,-85.49113889,0,12,6,0,2,2,0,1,3,1,0,1,0,0000000,19,12,99,99,99,99,0,0,0,1,1
26,260115,1,1,0,0,0,2,2,75,0,10,3,2013,1,1,37,0,4,4,CR-S JACKSON RD,,17,42.12545833,-84.42108611,0,42,0,0,1,1,0,4,2,1,0,1,0,0000000,99,99,99,99,99,99,0,0,0,1,1
26,260116,1,1,0,1,1,1,1,81,2553,7,3,2013,5,20,24,0,16,6,COUNTRYWOOD DR SE,,4,42.88250556,-85.60711389,0,8,0,0,1,1,0,1,2,10,0,10,0,0000000,99,99,99,99,99,99,0,0,0,1,0
26,260117,2,2,0,0,0,4,4,33,0,13,3,2013,4,16,46,0,3,3,SR-129,,200,46.36061944,-84.36406111,0,12,6,0,1,1,0,1,1,4,11,4,0,0000000,99,99,99,99,99,99,0,0,0,1,0
26,260118,2,2,0,0,0,2,2,139,0,15,3,2013,6,14,3,0,13,3,SR-196BL,112TH AVE,15,42.80348611,-86.05811389,0,12,6,0,2,2,0,1,1,10,0,10,0,0000000,14,5,14,9,88,88,0,0,0,1,0
26,260119,1,1,0,0,0,1,1,21,0,16,3,2013,7,4,43,1,11,1,I-94,,205,41.99660278,-86.5376,0,2,0,0,1,1,0,1,2,1,0,1,0,0000000,4,52,5,0,88,88,0,0,0,1,0
26,260120,2,2,0,0,0,2,2,51,0,16,3,2013,7,7,25,0,3,3,SR-61,,26,43.98231111,-84.55656944,0,12,6,0,1,1,0,1,4,4,11,4,0,0000000,7,25,7,40,88,88,0,0,0,1,0
26,260121,1,1,0,1,1,1,1,99,4330,11,3,2013,2,22,33,1,11,1,I-94,,54,42.524575,-82.91225278,0,8,0,0,1,1,0,1,2,10,0,10,0,0000000,99,99,99,99,99,99,0,0,0,1,0
26,260122,3,3,0,0,0,5,5,145,0,20,3,2013,4,11,26,1,13,3,SR-46 GRATIOT AVE,,187,43.41515,-83.99962222,0,12,6,0,1,1,0,1,1,10,0,10,0,0000000,11,26,11,29,99,99,0,0,0,2,1
26,260123,2,2,0,0,0,2,2,161,0,20,3,2013,4,18,8,0,14,4,CR-N HEWITT RD,,9,42.24159444,-83.64782222,0,12,2,0,1,1,0,1,1,10,0,10,0,0000000,18,8,18,10,99,99,0,0,0,1,0
26,260124,3,3,0,0,0,5,5,41,1940,20,3,2013,4,20,21,1,13,2,US-2,S HILL RD,247,45.83608889,-87.0392,0,12,6,0,2,2,0,1,3,10,0,10,0,0000000,20,23,20,27,99,99,0,0,0,2,1
26,260125,3,3,0,0,0,5,5,125,4251,1,3,2013,6,13,54,0,13,6,ADAMS RD,,91,42.66051111,-83.19316111,0,12,8,0,1,1,0,1,1,10,0,10,0,0000000,13,58,13,59,99,99,0,0,0,1,1
26,260126,1,1,0,1,1,1,1,163,1260,3,3,2013,1,13,20,0,16,6,BRIGNGARD,,10,42.44654167,-82.95167222,0,8,0,0,1,1,0,4,1,1,0,1,0,0000000,99,99,99,99,99,99,0,0,0,1,0
26,260127,1,1,0,0,0,1,1,21,0,11,3,2013,2,12,45,0,6,4,CR-ELM VALLEY RD,,154,41.82717222,-86.40748889,0,42,0,0,1,1,0,4,1,1,0,1,0,0000000,12,45,12,50,14,0,0,0,0,1,0
26,260128,3,3,0,0,0,5,5,125,0,21,3,2013,5,8,30,0,15,4,CR-ANDERSONVILLE RD,,4,42.71340556,-83.47498611,0,12,8,0,1,1,0,1,1,4,11,4,0,0000000,8,31,8,43,99,99,0,0,0,1,0
26,260129,2,2,0,0,0,3,3,145,4350,14,3,2013,5,16,33,0,13,3,SR-13 S WASHINGTON AVE,,63,43.42547778,-83.94226944,0,12,2,0,1,1,0,1,1,1,0,1,0,0000000,99,99,99,99,99,99,0,0,0,1,0
26,260130,1,1,0,0,0,1,1,93,0,7,3,2013,5,7,45,0,15,4,CR-HUGHES,,18,42.59146111,-83.85174444,0,42,0,0,1,1,0,4,1,10,0,10,0,0000000,7,46,7,50,88,88,0,0,0,1,0
26,260131,2,2,0,1,1,3,3,139,0,31,3,2013,1,0,49,0,13,4,CR-OTTAWA BEACH RD,,33,42.79377778,-86.15613056,0,8,0,0,1,1,0,1,2,10,0,10,0,0000000,0,49,0,53,88,88,0,0,0,1,2
26,260133,1,1,0,1,1,1,1,125,4020,11,3,2013,2,22,5,0,13,3,SR-PERRY ST,,23,42.66330278,-83.26803056,0,8,0,0,1,1,0,1,2,1,0,1,0,0000000,22,9,22,25,88,88,0,0,0,1,0
26,260134,2,2,0,0,0,2,2,161,3582,11,3,2013,2,12,59,1,12,2,US-23,,73,42.41976667,-83.76741111,0,12,7,0,1,1,0,1,1,2,0,2,0,0000000,99,99,99,99,88,88,0,0,0,1,0
26,260135,2,2,0,0,0,2,2,27,0,21,3,2013,5,7,10,0,14,4,CR-REDFIELD RD,,19,41.76820833,-86.20121944,0,12,6,0,1,1,0,1,2,4,11,4,0,0000000,99,99,99,99,88,88,0,0,0,1,0
26,260136,4,4,0,0,0,6,6,163,1260,9,3,2013,7,15,21,0,15,6,I75 SERVICE DR,,20,42.44744444,-83.09433333,0,12,1,0,1,1,0,1,1,1,0,1,0,0000000,99,99,99,99,99,99,20,0,0,1,0
26,260137,2,2,0,0,0,2,2,81,5319,8,3,2013,6,20,11,0,13,6,BYRON CENTER AVE,AURORA POND DR,66,42.86453056,-85.72314167,0,12,6,0,2,2,0,1,3,1,0,1,0,0000000,20,11,20,14,99,99,0,0,0,1,0
26,260138,3,3,0,0,0,3,3,125,4567,24,3,2013,1,7,43,1,13,2,US-24 TELEGRAPH RD,,2,42.44574722,-83.27786667,0,12,1,0,1,1,0,1,1,10,0,10,0,0000000,99,99,99,99,99,99,0,0,0,1,0
26,260140,1,1,0,0,0,1,1,163,738,17,3,2013,1,4,24,1,11,1,I-275 RAMP 096D,,147,42.28528056,-83.4434,0,24,0,1,5,1,0,4,2,10,0,10,0,0000000,99,99,99,99,99,99,0,0,0,1,1
26,260141,1,1,0,0,0,1,1,159,0,14,3,2013,5,7,0,0,6,4,CR-BASELINE RD,,6,42.41898889,-85.99737222,0,42,0,0,1,1,0,4,2,1,0,1,0,0000000,99,99,99,99,88,88,0,0,0,1,1
26,260142,2,2,0,0,0,2,2,75,3466,30,3,2013,7,11,42,0,3,3,SR-50 BROOKLYN RD,,48,42.18950556,-84.31135,0,12,6,0,8,1,0,1,1,1,0,1,0,0000000,99,99,99,99,99,99,0,0,0,1,0
26,260143,1,1,0,0,0,1,1,143,0,19,3,2013,3,19,30,0,4,4,CR-KENO RD,,33,44.50623333,-84.45104444,0,42,0,0,1,1,0,4,1,10,0,10,0,0000000,19,32,19,48,88,88,0,0,0,1,0
26,260144,2,2,0,0,0,2,2,75,0,19,3,2013,3,6,15,0,4,4,CR-AUSTIN RD,,3,42.14581944,-84.14095556,0,12,6,0,1,1,0,1,2,10,0,10,0,0000000,99,99,99,99,88,88,0,0,0,1,0
26,260146,1,1,0,0,0,2,2,87,0,5,2,2013,3,1,37,0,6,4,CR-BARBER RD,DAVIDSON LAKE RD,0,42.88501111,-83.24114722,0,35,0,0,3,2,0,4,2,4,11,4,0,0000000,1,41,2,0,88,88,22,0,0,2,1
26,260147,1,1,0,0,0,1,1,39,0,20,3,2013,4,19,11,0,3,3,SR-72,,45,44.65675278,-84.61722222,0,1,0,0,1,1,0,4,1,10,0,10,0,0000000,19,11,99,99,88,88,0,0,0,1,0
26,260148,2,2,0,0,0,2,2,161,0,15,3,2013,6,17,31,0,6,4,CR-BUNTON RD,TALLADAY RD,28,42.12898889,-83.56064167,0,12,6,0,2,2,0,1,1,2,0,2,0,0000000,99,99,99,99,99,99,0,0,0,1,0
26,260149,1,1,0,0,0,2,2,99,1009,23,3,2013,7,4,13,0,14,4,CR-CLINTON RIVER RD,,67,42.58648333,-82.93361389,0,34,0,0,1,1,0,4,2,1,0,1,0,0000000,4,16,4,22,99,99,0,0,0,1,1
26,260150,1,1,0,0,0,1,1,93,0,24,3,2013,1,22,3,0,15,4,CR-BENNETT LAKE RD,CLAIRMONT DR,3,42.77600556,-83.83052222,0,33,0,0,1,1,0,4,2,10,0,10,0,0000000,22,4,22,17,88,88,0,0,0,1,0
26,260151,1,1,0,0,0,1,1,15,0,30,3,2013,7,2,51,0,4,4,CR-CHERRY VALLEY RD,,29,42.72331389,-85.50616667,0,30,0,0,1,1,0,4,2,1,0,1,0,0000000,2,52,3,11,88,88,0,0,0,1,1
26,260152,2,2,0,0,0,4,4,99,5110,25,3,2013,2,19,57,0,14,6,9 MILE RD,RYAN,10,42.46224167,-83.06445278,0,12,6,0,2,2,0,1,3,1,0,1,0,0000000,99,99,99,99,99,99,0,0,0,1,1
26,260153,1,1,0,1,1,1,1,99,850,19,3,2013,3,20,53,1,13,3,SR-53,,18,42.47392778,-83.02709444,0,8,0,0,1,1,0,1,3,10,0,10,0,0000000,99,99,99,99,99,99,0,0,0,1,0
26,260154,1,1,0,0,0,1,1,161,0,18,3,2013,2,4,20,0,3,4,CR-OLD US-12,,76,42.30163611,-84.00200556,0,42,0,0,1,1,0,4,2,10,0,10,0,0000000,99,99,99,99,88,88,0,0,0,1,1
26,260155,1,1,0,0,0,1,1,27,2601,29,3,2013,6,6,55,0,4,3,SR-DAILEY RD,,99,41.93726944,-86.087825,0,42,0,0,1,1,0,4,4,1,0,1,0,0000000,99,99,99,99,99,99,22,0,0,1,0
26,260156,1,1,0,0,0,1,1,25,3014,30,3,2013,7,2,14,0,3,3,SR-MICHIGAN AVE,,37,42.27498611,-84.86255,0,33,0,0,1,1,0,4,2,1,0,1,0,0000000,2,14,2,26,88,88,0,0,0,1,1
26,260157,3,3,0,0,0,4,4,49,1731,11,3,2013,2,16,12,0,14,3,SR-ELMS RD,,50,42.98523611,-83.8117,0,12,6,0,8,1,0,1,1,2,0,2,0,0000000,99,99,99,99,99,99,0,0,0,1,0
26,260158,2,2,0,0,0,2,2,157,0,27,3,2013,4,12,31,0,3,3,SR-24,WELLS RD,104,43.43853333,-83.38511944,0,12,6,0,2,2,0,1,1,1,0,1,0,0000000,12,33,12,39,99,99,0,0,0,1,0
26,260159,1,1,0,0,0,1,1,125,4567,28,3,2013,5,22,36,0,14,6,EVERGREEN RD,,3,42.44849167,-83.23953889,0,42,0,0,1,1,0,4,3,1,0,1,0,0000000,99,99,99,99,88,88,20,0,0,1,0
26,260160,4,4,0,1,1,3,3,163,1260,21,3,2013,5,2,30,1,11,1,I-94,,338,42.40240556,-82.96922222,0,12,7,1,18,1,0,1,2,1,0,1,0,0000000,99,99,99,99,88,88,0,0,0,1,0
26,260161,4,4,0,0,0,7,7,115,0,26,3,2013,3,12,19,0,14,3,SR-125 MONROE ST,JONES AVE,141,41.90788333,-83.40486667,0,12,6,0,2,3,0,1,1,1,0,1,0,0000000,12,20,12,25,88,88,20,0,0,1,0
26,260162,2,2,0,0,0,4,4,99,2934,16,2,2013,7,18,17,0,13,4,CR-23 MILE RD,,95,42.67278889,-82.91061111,0,12,6,0,1,1,0,1,2,4,0,4,0,0000000,99,99,99,99,99,99,0,0,0,1,0
26,260163,1,1,0,0,0,1,1,71,0,31,1,2013,5,13,9,0,6,4,CR-DNR RD,,3,46.23192778,-88.43518056,0,42,0,0,1,1,0,4,1,6,0,6,0,0000000,99,99,99,99,88,88,22,0,0,1,0
26,260164,2,2,0,0,0,2,2,75,4648,3,4,2013,4,5,38,0,4,4,CR-SEARS RD,,84,42.16740556,-84.48437222,0,12,1,0,1,1,0,1,2,1,0,1,0,0000000,99,99,99,99,88,88,0,0,0,1,1
26,260165,2,2,0,0,0,4,4,99,5110,11,2,2013,2,16,45,1,13,6,E 14 MILE RD,CHICAGO RD,62,42.53742778,-83.00381389,0,12,2,0,2,2,0,1,1,1,0,1,0,0000000,99,99,99,99,99,99,0,0,0,1,0
26,260166,1,1,0,0,0,1,1,161,0,3,4,2013,4,10,3,1,12,2,US-23,,11,42.09963611,-83.67559722,0,1,0,0,1,1,0,3,1,1,0,1,0,0000000,99,99,99,99,88,88,0,0,0,1,0
26,260167,1,1,0,0,0,3,3,49,0,16,2,2013,7,22,5,0,3,3,SR-57 VIENNA RD,SR-15 STATE RD,207,43.18142778,-83.52011944,0,24,0,0,3,3,0,4,2,4,11,4,0,0000000,99,99,99,99,99,99,22,0,0,1,0
26,260168,2,2,0,0,0,7,7,87,2710,4,4,2013,5,15,40,0,14,3,SR-24 S LAPEER RD,TURRILL RD,102,43.02886389,-83.32282222,0,12,6,0,2,2,0,1,1,1,0,1,0,0000000,15,43,15,54,99,99,0,0,0,1,0
26,260169,1,1,0,0,0,1,1,161,0,3,4,2013,4,7,17,0,14,4,CR-WHITTAKER RD,,72,42.18726667,-83.60643889,0,42,0,0,1,1,0,4,1,1,0,1,0,0000000,7,17,7,26,88,88,0,0,0,1,1
26,260170,1,1,0,1,1,1,1,163,738,6,4,2013,7,23,13,1,13,2,US-12 MICHIGAN,,64,42.27936667,-83.42894444,0,8,0,0,1,1,0,1,2,10,0,10,0,0000000,23,13,23,22,88,88,0,0,0,1,0
26,260171,2,2,0,0,0,2,2,59,0,2,4,2013,3,17,48,0,4,4,CR-S WALDON RD,,142,41.91069167,-84.42041944,0,12,2,0,1,1,0,1,1,1,0,1,0,0000000,17,47,17,58,99,99,22,0,0,1,0
26,260172,1,1,0,0,0,1,1,81,2010,6,4,2013,7,0,47,1,11,2,US-131,,148,42.97604444,-85.67810556,0,23,0,1,19,1,0,4,3,1,0,1,0,0000000,99,99,99,99,88,88,0,0,0,1,1
26,260173,1,1,0,0,0,1,1,139,0,6,4,2013,7,5,15,0,14,4,CR-MERCURY DR,,35,43.03400833,-86.16307778,0,33,0,0,1,1,0,4,3,10,0,10,0,0000000,5,16,5,20,88,88,0,0,0,1,1
26,260174,2,2,0,0,0,4,4,27,0,10,4,2013,4,14,21,0,3,2,US-12,,101,41.79937222,-86.05381389,0,12,2,0,1,1,0,1,1,10,0,10,0,0000000,14,22,14,26,99,99,0,0,0,2,0
26,260175,2,2,0,0,0,2,2,99,5110,11,4,2013,5,5,30,1,11,1,I-696,,20,42.48861111,-83.05103611,0,39,0,0,1,1,0,4,3,2,0,2,0,0000000,5,34,5,44,99,99,0,0,0,1,0
26,260176,2,2,0,0,0,3,3,145,0,8,4,2013,2,15,50,0,3,3,SR-83,HOLLAND RD,129,43.40718611,-83.73804444,0,12,6,0,2,2,0,1,1,2,0,2,0,0000000,15,50,15,52,99,99,0,0,0,1,0
26,260177,1,1,0,0,0,2,2,163,1260,16,4,2013,3,22,5,1,11,1,I-94,,328,42.39681667,-82.98749722,0,35,0,1,19,1,0,8,3,1,0,1,0,0000000,99,99,99,99,99,99,0,0,0,1,0
26,260178,1,1,0,0,0,4,4,49,1730,6,4,2013,7,2,10,0,13,6,FLUSHING RD,,87,43.01931111,-83.71117222,0,5,0,0,8,1,0,1,3,1,0,1,0,0000000,2,12,2,15,99,99,0,0,0,1,1
26,260179,1,1,0,1,1,1,1,99,919,8,4,2013,2,21,3,0,16,4,CR-24 MILE RD,,136,42.68893889,-82.82801389,0,8,0,0,1,1,0,1,2,1,0,1,0,0000000,21,7,21,13,99,99,0,0,0,1,0
26,260180,2,2,0,0,0,3,3,147,0,17,4,2013,4,18,17,0,4,4,CR-RATTLE RUN RD,,113,42.83059444,-82.54464167,0,12,8,0,1,1,0,1,1,2,0,2,0,0000000,18,19,18,27,99,99,0,0,0,1,1
26,260181,2,2,0,0,0,4,4,163,1210,4,4,2013,5,14,3,0,14,6,ROTUNDA DR,,45,42.31600278,-83.16379444,0,12,6,0,1,1,0,1,1,1,0,1,0,0000000,99,99,99,99,99,99,0,0,0,1,0
26,260182,1,1,0,0,0,1,1,93,2211,14,4,2013,1,12,57,1,12,2,US-23,,150,42.63843889,-83.75099444,0,57,0,0,5,1,0,3,1,2,0,2,0,0000000,13,1,13,4,88,88,0,0,0,1,0
26,260183,1,1,0,1,1,1,1,163,1260,15,4,2013,2,20,10,1,13,3,SR-3 GRATIOT,,63,42.41405556,-82.99150278,0,8,0,0,1,1,0,1,5,10,0,10,0,0000000,99,99,99,99,88,88,0,0,0,1,1
26,260184,1,1,0,1,1,1,1,99,1440,4,4,2013,5,14,43,1,13,3,SR-3 GRATIOT AVE,,7,42.45956111,-82.96111944,0,8,0,0,1,1,0,3,1,1,0,1,0,0000000,99,99,99,99,99,99,0,0,0,1,0
26,260186,2,1,1,0,0,1,1,163,5279,21,4,2013,1,22,45,0,13,6,ALLEN RD,,23,42.13348889,-83.22584167,0,33,0,0,1,1,0,4,3,1,0,1,0,0000000,22,48,22,52,88,88,0,0,0,1,1