STATE,ST_CASE,VE_TOTAL,VE_FORMS,PVH_INVL,PEDS,PERNOTMVIT,PERMVIT,PERSONS,COUNTY,CITY,DAY,MONTH,YEAR,DAY_WEEK,HOUR,MINUTE,NHS,ROAD_FNC,ROUTE,TWAY_ID,TWAY_ID2,MILEPT,LATITUDE,LONGITUD,SP_JUR,HARM_EV,MAN_COLL,RELJCT1,RELJCT2,TYP_INT,WRK_ZONE,REL_ROAD,LGT_COND,WEATHER1,WEATHER2,WEATHER,SCH_BUS,RAIL,NOT_HOUR,NOT_MIN,ARR_HOUR,ARR_MIN,HOSP_HR,HOSP_MN,CF1,CF2,CF3,FATALS,DRUNK_DR
26,260187,1,1,0,1,1,1,1,163,1260,7,4,2013,1,1,45,1,11,1,I-75,,62,42.40841944,-83.07899722,0,8,0,1,18,1,0,1,2,10,0,10,0,0000000,99,99,99,99,88,88,0,0,0,1,0
26,260188,1,1,0,0,0,1,1,149,0,21,4,2013,1,20,55,0,5,4,CR-FARRAND RD,,10,41.89886111,-85.36134167,0,34,0,0,1,1,0,4,2,1,0,1,0,0000000,21,0,21,5,88,88,0,0,0,1,1
26,260189,2,2,0,0,0,2,2,49,1730,20,4,2013,7,0,21,0,13,6,W BRISTOL RD,,9,42.97378056,-83.71401944,0,12,2,0,1,1,0,1,3,1,0,1,0,0000000,0,26,0,27,88,88,0,0,0,1,0
26,260190,2,2,0,0,0,2,2,21,4560,10,4,2013,4,11,15,1,13,6,LAKESHORE DR,SHOREHAM DR,21,42.05846389,-86.51369167,0,12,6,0,2,3,0,1,1,10,0,10,0,0000000,99,99,99,99,99,99,0,0,0,1,0
26,260191,1,1,0,0,0,1,1,163,4766,28,4,2013,1,2,10,0,14,4,CR-SAVAGE RD,,20,42.17613333,-83.43504444,0,53,0,0,1,1,0,4,3,1,0,1,0,0000000,99,99,99,99,88,88,0,0,0,1,1
26,260192,3,3,0,0,0,3,3,21,0,4,4,2013,5,14,47,0,14,4,CR-GLENLORD RD,,34,42.04358889,-86.46068056,0,12,1,0,1,1,0,1,1,1,0,1,0,0000000,14,48,15,5,99,99,0,0,0,1,0
26,260193,2,2,0,0,0,2,2,125,2935,26,4,2013,6,18,35,1,11,1,I-696,,49,42.47726667,-83.10546667,0,12,1,1,17,1,0,1,1,1,0,1,0,0000000,99,99,99,99,88,88,0,0,0,1,0
26,260194,1,1,0,1,1,1,1,87,0,29,4,2013,2,16,23,0,4,4,CR-DRYDEN RD,,105,42.94643889,-83.10655833,0,9,0,0,1,1,0,1,1,10,0,10,0,0000000,16,30,16,37,88,88,22,0,0,1,0
26,260195,1,1,0,1,1,1,1,139,2290,29,4,2013,2,21,28,1,13,2,US-31,E 16TH ST,11,42.78315833,-86.08083333,0,9,0,0,3,2,0,1,3,1,0,1,0,0000000,21,29,99,99,88,88,0,0,0,1,0
26,260196,1,1,0,0,0,1,1,41,1141,27,4,2013,7,15,52,0,5,4,CR-426 E,,16,45.91063333,-87.24101944,0,11,0,0,1,1,0,1,1,1,0,1,0,0000000,15,52,16,9,99,99,0,0,0,1,0
26,260197,1,1,0,0,0,1,1,33,0,21,4,2013,1,5,40,0,3,4,CR-W 6 MILE RD,,248,46.41840278,-84.53355,0,42,0,0,1,1,0,4,2,1,0,1,0,0000000,5,42,6,2,88,88,0,0,0,1,1
26,260198,1,1,0,0,0,2,2,149,0,27,4,2013,7,17,40,0,6,4,CR-BLUE SCHOOL RD,,33,41.81201667,-85.68197778,0,1,0,0,1,1,0,4,1,1,0,1,0,0000000,99,99,99,99,99,99,0,0,0,1,0
26,260199,1,1,0,0,0,1,1,145,0,29,4,2013,2,10,0,0,14,4,CR-GARFIELD RD,,9,43.53769444,-84.09509167,0,1,0,0,1,1,0,4,2,1,0,1,0,0000000,99,99,99,99,88,88,0,0,0,1,1
26,260200,3,3,0,0,0,3,3,99,2181,30,4,2013,3,14,16,1,11,1,I-94,,102,42.57087222,-82.85843611,0,12,9,1,18,1,0,1,1,10,0,10,0,0000000,99,99,99,99,99,99,0,0,0,1,0
26,260201,2,2,0,0,0,3,3,81,0,26,4,2013,6,13,55,0,3,3,SR-57 14 MILE RD,PODUNK AVE,146,43.17633889,-85.36254444,0,12,1,0,2,2,0,1,1,1,0,1,0,0000000,99,99,99,99,99,99,22,0,0,1,0
26,260202,2,2,0,0,0,10,10,79,0,29,4,2013,2,11,15,0,4,4,CR-612 NASH RD,CRAWFORD LAKE RD,137,44.742725,-85.07271944,0,12,6,0,2,2,0,1,1,1,0,1,1,0000000,11,17,11,25,99,99,0,0,0,3,0
26,260203,2,2,0,0,0,2,2,77,0,27,4,2013,7,9,50,1,13,3,SR-43 GULL RD,SHAFFER ST,11,42.30630278,-85.55816111,0,12,1,0,3,2,0,1,1,1,0,1,0,0000000,99,99,99,99,99,99,0,0,0,1,0
26,260204,1,1,0,0,0,1,1,49,0,14,2,2013,5,1,54,0,6,4,CR-E WILSON RD,,146,43.16554722,-83.57406944,0,53,0,0,1,1,0,4,2,10,0,10,0,0000000,99,99,99,99,99,99,22,0,0,1,0
26,260205,2,2,0,0,0,2,2,13,1144,1,5,2013,4,9,10,1,2,2,US-41,,162,46.57879167,-88.44318056,0,12,2,0,1,1,0,1,1,10,0,10,0,0000000,9,15,9,30,99,99,0,0,0,1,0
26,260206,2,2,0,0,0,4,4,121,0,7,5,2013,3,20,49,0,15,4,CR-WHITE LAKE DR,CARMEN AVE,62,43.38313056,-86.23437778,0,12,6,0,2,3,0,1,5,1,0,1,0,0000000,99,99,99,99,99,99,0,0,0,1,1
26,260207,3,3,0,0,0,5,5,21,0,5,5,2013,1,16,37,1,11,1,I-94,,246,42.04342778,-86.49802778,0,12,7,0,1,1,0,1,1,1,0,1,0,0000000,18,23,18,40,88,88,0,0,0,2,0
26,260208,1,1,0,0,0,1,1,31,0,6,5,2013,2,17,10,0,6,4,CR-DOUGLAS RD,,9,45.662675,-84.62646389,0,42,0,0,1,1,0,4,1,1,0,1,0,0000000,17,12,17,30,99,99,22,0,0,1,1
26,260209,1,1,0,0,0,1,1,33,0,7,5,2013,3,23,55,1,2,3,SR-28,,163,46.34735833,-84.91662778,0,1,0,0,1,1,0,1,2,1,0,1,0,0000000,0,9,0,27,88,88,18,0,0,1,1
26,260210,1,1,0,0,0,1,1,27,0,1,5,2013,4,21,15,0,14,4,CR-IRONWOOD DR,,3,41.76541944,-86.217475,0,53,0,0,1,1,0,4,2,1,0,1,0,0000000,99,99,99,99,99,99,0,0,0,1,0
26,260211,1,1,0,0,0,1,1,121,0,9,5,2013,5,13,58,1,12,2,US-24 RAMP 007A,,1,43.20286389,-86.20468611,0,59,0,1,5,1,0,8,1,1,0,1,0,0000000,13,58,14,1,99,99,0,0,0,1,0
26,260212,2,2,0,0,0,6,6,97,3359,12,5,2013,1,9,30,1,2,2,US-2,,562,45.88235278,-84.8347,0,12,7,0,8,1,0,1,1,2,0,2,0,0000000,9,34,9,42,99,99,0,0,0,1,0
26,260213,3,3,0,0,0,6,6,163,1210,13,5,2013,2,15,19,1,13,2,US-12 MICHIGAN AVE,AMERICAN,181,42.31258611,-83.20787778,0,12,1,0,3,3,0,1,1,1,0,1,0,0000000,99,99,99,99,99,99,0,0,0,1,0
26,260214,1,1,0,1,1,1,1,99,1009,12,5,2013,1,23,38,1,13,3,SR-59 HALL RD,,35,42.62735833,-82.96428889,0,8,0,0,1,1,0,1,2,10,0,10,0,0000000,23,35,23,40,99,99,0,0,0,1,0
26,260215,2,2,0,0,0,4,4,163,5279,14,5,2013,3,23,25,0,14,6,VAN HORN RD,,47,42.12368333,-83.26018889,0,12,6,0,8,1,0,1,2,10,0,10,0,0000000,23,26,23,27,99,99,0,0,0,1,1
26,260216,1,1,0,0,0,1,1,99,5110,15,5,2013,4,15,16,1,11,1,I-696 RAMP,,2,42.48841667,-83.04513889,0,35,0,1,5,1,0,8,1,1,0,1,0,0000000,99,99,99,99,88,88,0,0,0,1,0
26,260217,2,2,0,0,0,2,2,163,1210,16,5,2013,5,2,33,0,15,6,MICHIGAN,GULLEY,23,42.29742778,-83.28568889,0,12,6,0,2,2,0,1,3,1,0,1,0,0000000,99,99,99,99,88,88,0,0,0,1,0
26,260218,1,1,0,0,0,1,1,155,0,18,5,2013,7,22,57,0,4,4,CR-S BYRON RD,,2,42.78254722,-83.94238889,0,30,0,0,1,1,0,4,2,10,0,10,0,0000000,22,59,23,15,88,88,22,0,0,1,1
26,260219,1,1,0,0,0,2,2,145,0,19,5,2013,1,19,9,0,14,4,CR-TITTABAWASSEE,,152,43.48101944,-84.06810556,0,33,0,0,1,1,0,4,1,1,0,1,0,0000000,99,99,99,99,99,99,0,0,0,1,1
26,260220,1,1,0,0,0,1,1,147,0,21,5,2013,3,0,30,0,6,4,CR-CARNEY RD,,10,43.05853611,-82.77403889,0,42,0,0,1,1,0,4,2,1,0,1,0,0000000,99,99,99,99,88,88,0,0,0,1,1
26,260221,1,1,0,0,0,1,1,15,0,23,5,2013,5,18,15,0,3,3,SR-37,,8,42.62305833,-85.27829167,0,42,0,0,1,1,0,4,1,10,0,10,0,0000000,18,15,18,17,88,88,20,22,0,1,0
26,260222,3,3,0,0,0,6,6,81,0,25,5,2013,7,18,17,0,3,3,SR-37,,7,42.77871667,-85.50669167,0,12,1,0,1,1,0,1,1,10,0,10,0,0000000,99,99,99,99,99,99,0,0,0,2,1
26,260223,2,2,0,0,0,2,2,163,1260,27,5,2013,2,13,12,0,13,6,MCNICHOLS,HUBBELL,185,42.41646111,-83.18943333,0,12,1,0,3,2,0,1,1,2,0,2,0,0000000,99,99,99,99,99,99,0,0,0,1,1
26,260224,3,3,0,0,0,6,6,49,0,27,5,2013,2,14,35,0,3,3,SR-15 STATE RD,,166,43.10751389,-83.51881111,0,12,1,0,1,1,0,1,1,1,0,1,0,0000000,14,36,14,45,99,99,0,0,0,1,0
26,260225,1,1,0,1,1,1,1,73,0,21,5,2013,3,22,9,0,3,3,SR-20 REMUS RD,,5,43.59575,-85.07643611,0,8,0,0,1,1,0,4,2,1,0,1,0,0000000,99,99,99,99,88,88,0,0,0,1,0
26,260226,1,1,0,0,0,3,3,1,0,26,5,2013,1,4,42,0,4,4,CR-F32,,24,44.65937222,-83.88521667,0,52,0,0,1,1,0,4,4,1,0,1,0,0000000,4,47,5,18,99,99,0,0,0,1,1
26,260228,2,2,0,0,0,2,2,149,0,1,5,2013,4,16,9,1,2,2,US-131 S WASHINGTON ST,WHISPERING PINES RD,52,41.83048333,-85.66281944,0,12,6,0,2,3,0,1,1,1,0,1,0,0000000,99,99,99,99,88,88,0,0,0,1,1
26,260229,1,1,0,0,0,1,1,121,0,30,5,2013,5,6,49,0,4,4,CR-SCENIC DR,,30,43.26179722,-86.35572222,0,42,0,0,1,1,0,4,1,1,0,1,0,0000000,99,99,99,99,88,88,0,0,0,1,0
26,260230,1,1,0,0,0,1,1,57,0,5,5,2013,1,19,9,0,3,4,CR-W WASHINGTON RD,,157,43.29193333,-84.68124722,0,1,0,0,1,1,0,4,1,1,0,1,0,0000000,19,11,19,20,88,88,0,0,0,1,1
26,260231,1,1,0,0,0,1,1,25,0,26,5,2013,1,14,45,0,6,4,CR-12 MILE RD,,25,42.20002778,-85.06034722,0,44,0,0,1,1,0,1,1,1,0,1,0,0000000,99,99,99,99,99,99,0,0,0,1,0
26,260232,1,1,0,1,1,2,2,139,0,5,5,2013,1,15,24,0,4,4,CR-24TH AVE,,33,43.07824444,-85.84765278,0,9,0,0,1,1,0,1,1,1,0,1,0,0000000,15,25,15,32,88,88,0,0,0,1,0
26,260233,1,1,0,1,1,4,4,91,3360,31,5,2013,6,18,58,0,6,6,LINCOLN ST,,1,41.72439444,-84.22751111,0,8,0,0,1,1,0,1,1,1,0,1,0,0000000,99,99,99,99,99,99,0,0,0,1,0
26,260234,1,1,0,0,0,1,1,67,0,26,5,2013,1,13,52,0,4,4,CR-JORDAN LAKE RD,,49,42.84727222,-85.13389167,0,5,0,0,1,1,0,1,1,1,0,1,0,0000000,99,99,99,99,99,99,22,0,0,1,1
26,260235,1,1,0,0,0,1,1,163,1260,2,5,2013,5,22,45,1,11,1,I-75,,47,42.38980833,-83.06996667,0,35,0,0,1,1,0,4,3,1,0,1,0,0000000,22,45,22,50,88,88,0,0,0,1,0
26,260236,2,2,0,0,0,2,2,81,0,8,5,2013,4,16,37,0,15,4,CR-NORTHLAND DR NE,KUTTSHILL DR NE,5,43.08490556,-85.56616389,0,12,6,0,2,3,0,1,1,2,0,2,0,0000000,16,37,16,43,99,99,0,0,0,1,0
26,260237,1,1,0,0,0,2,2,161,0,9,5,2013,5,2,33,1,11,1,I-94,,250,42.23413056,-83.70390833,0,34,0,0,1,1,0,4,2,1,0,1,0,0000000,99,99,99,99,99,99,0,0,0,1,1
26,260238,1,1,0,0,0,1,1,105,0,10,5,2013,6,17,0,1,2,2,US-10,,64,43.9555,-86.32451667,0,33,0,0,1,1,0,4,1,10,0,10,0,0000000,17,3,17,7,99,99,0,0,0,1,0
26,260239,2,2,0,0,0,4,4,163,2260,12,4,2013,6,3,37,1,13,3,SR-1 WOODWARD AVE,,16,42.39686667,-83.09119444,0,12,2,0,1,1,0,1,3,2,0,2,0,0000000,99,99,99,99,99,99,20,0,0,3,1
26,260240,2,2,0,0,0,2,2,115,0,3,5,2013,6,16,11,0,14,3,SR-125 N MONROE ST,DEXTER ST,165,41.93928333,-83.38781944,0,12,6,0,2,3,0,1,1,1,0,1,0,0000000,16,15,16,18,99,99,0,0,0,1,0
26,260241,2,2,0,0,0,4,4,163,2850,9,5,2013,5,23,14,0,14,6,NEWBURGH RD,SCHOOLCRAFT RD,71,42.38208333,-83.41203611,0,12,6,0,2,2,0,1,3,1,0,1,0,0000000,23,14,23,20,99,99,0,0,0,1,0
26,260244,1,1,0,0,0,4,4,25,355,4,5,2013,7,6,36,0,5,4,CR-MECHEM RD,,32,42.39876667,-85.237625,0,1,0,0,1,1,0,4,1,1,0,1,0,0000000,6,36,6,45,99,99,0,0,0,3,1
26,260246,4,4,0,0,0,8,8,99,4731,4,5,2013,7,14,28,1,13,6,MOUND RD,PRODUCT DR,69,42.54758611,-83.048025,0,12,1,0,3,3,0,1,1,1,0,1,0,0000000,14,29,14,31,99,99,27,0,0,1,0
26,260247,1,1,0,0,0,1,1,81,0,17,5,2013,6,2,30,0,6,4,CR-36TH ST SE,,44,42.89996944,-85.39673611,0,42,0,0,1,1,0,4,2,10,0,10,0,0000000,6,30,6,42,88,88,0,0,0,1,1
26,260248,1,1,0,0,0,1,1,161,0,18,5,2013,7,9,20,1,11,1,I-94,,153,42.29113889,-83.83867222,0,21,0,1,19,1,0,4,1,1,0,1,0,0000000,99,99,99,99,88,88,0,0,0,1,0
26,260249,1,1,0,0,0,1,1,15,2220,15,5,2013,4,13,57,0,14,6,N MICHIGAN,,13,42.657175,-85.2862,0,1,0,0,1,1,0,1,1,1,0,1,0,0000000,14,1,14,5,99,99,0,0,0,1,0
26,260250,2,2,0,0,0,2,2,123,0,19,5,2013,1,17,44,0,6,4,CR-ELM AVE,,65,43.38852778,-85.64210556,0,12,6,0,8,1,0,1,1,1,0,1,0,0000000,17,44,17,55,99,99,0,0,0,1,1
26,260251,2,2,0,0,0,2,2,87,2710,27,5,2013,2,15,55,0,14,6,E GENESEE ST,S SAGINAW ST,86,43.0509,-83.30493333,0,12,6,0,2,2,0,1,1,10,0,10,0,0000000,16,0,99,99,99,99,0,0,0,1,0
26,260252,2,2,0,0,0,4,4,111,0,18,5,2013,7,15,19,0,6,4,CR-11 MILE RD,W PRAIRIE RD,9,43.59681389,-84.46915,0,12,6,0,2,2,0,1,1,1,0,1,0,0000000,15,20,15,32,99,99,22,0,0,1,0
26,260255,2,2,0,0,0,2,2,17,0,24,5,2013,6,18,57,0,6,4,CR-PREVO RD,KAISER-TOWER RD,60,43.76753611,-83.96810556,0,12,6,0,2,2,0,1,1,1,0,1,0,0000000,18,59,19,7,99,99,22,0,0,1,0
26,260256,1,1,0,0,0,2,2,163,1260,23,5,2013,5,4,38,9,13,6,DIX,,35,42.31631944,-83.12043611,0,30,0,0,1,1,0,4,3,10,0,10,0,0000000,99,99,99,99,88,88,20,0,0,1,1
26,260257,1,1,0,1,1,1,1,139,0,25,5,2013,7,1,46,1,13,2,US-31,,0,42.80036111,-86.083275,0,8,0,1,18,1,0,1,2,1,0,1,0,0000000,1,46,1,48,88,88,0,0,0,1,0
26,260258,3,3,0,0,0,7,7,125,0,24,5,2013,6,8,31,0,2,3,SR-15 ORTONVILLE RD,,86,42.83817222,-83.44748889,0,12,6,0,8,1,0,1,1,10,0,10,0,0000000,8,32,8,33,99,99,0,0,0,1,0
26,260259,1,1,0,0,0,2,2,161,0,24,5,2013,6,23,39,0,16,4,CR-PEABODY ST,,0,42.25423333,-83.58518889,0,5,0,0,1,1,0,1,2,1,0,1,0,0000000,23,38,23,47,99,99,0,0,0,1,0
26,260260,2,2,0,0,0,3,3,145,0,22,5,2013,4,12,45,0,3,4,CR-JUNCTION RD,,5,43.33576111,-83.82568889,0,12,6,0,1,1,0,1,1,2,0,2,0,0000000,12,45,12,49,99,99,0,0,0,2,0
26,260261,1,1,0,0,0,1,1,97,563,25,5,2013,7,18,50,0,6,4,CR-GREENE RD,,21,46.02796389,-84.83145833,0,42,0,0,1,1,0,4,1,1,0,1,0,0000000,18,51,99,99,88,88,22,0,0,1,0
26,260262,1,1,0,0,0,1,1,17,0,31,5,2013,6,11,50,0,4,4,CR-SHORE RD,,10,43.88115556,-83.93927778,0,35,0,0,1,1,0,4,1,10,0,10,0,0000000,11,53,12,1,99,99,22,0,0,1,0
26,260263,2,2,0,0,0,3,3,99,5110,18,5,2013,7,14,5,0,13,6,12 MILE RD,MILTON AVE,14,42.50593333,-83.05738333,0,12,6,0,2,3,0,1,1,1,0,1,0,0000000,99,99,99,99,99,99,0,0,0,1,0
26,260264,1,1,0,0,0,1,1,115,0,22,5,2013,4,20,39,0,6,4,CR-HEAD O LAKE RD,,13,41.75999167,-83.72539722,0,30,0,0,1,1,0,4,1,1,0,1,0,0000000,20,40,20,55,88,88,22,0,0,1,1
26,260265,1,1,0,0,0,1,1,99,5110,1,6,2013,7,18,5,1,11,1,I-696,,3,42.48693056,-83.08250833,0,25,0,0,1,1,0,3,1,10,0,10,0,0000000,18,6,18,10,88,88,0,0,0,1,0
26,260266,2,2,0,0,0,4,4,125,3641,3,6,2013,2,13,46,0,16,6,PEARSON RD,COOLIDGE,7,42.45476944,-83.18173611,0,12,6,0,2,2,0,1,1,1,0,1,0,0000000,13,47,13,50,99,99,0,0,0,1,0
26,260267,2,2,0,0,0,2,2,115,0,3,6,2013,2,18,37,1,13,2,US-24 N TELEGRAPH RD,,280,42.08643333,-83.30042778,0,12,6,0,8,1,0,1,1,1,0,1,0,0000000,18,39,18,41,99,99,0,0,0,1,0
26,260268,2,2,0,0,0,2,2,115,0,5,6,2013,4,5,53,0,15,4,CR-VIVIAN,,16,41.96056111,-83.36018611,0,12,2,0,1,1,0,1,4,1,0,1,0,0000000,5,53,6,2,99,99,0,0,0,1,0
26,260269,1,1,0,0,0,1,1,25,0,4,6,2013,3,11,0,1,11,1,I-94,,108,42.295,-85.09994167,0,57,0,0,1,1,0,3,1,1,0,1,0,0000000,99,99,99,99,88,88,0,0,0,1,0
26,260270,1,1,0,0,0,6,6,155,5030,17,5,2013,6,16,40,0,6,4,CR-COUNTY LINE RD,,38,42.87949722,-83.92775833,0,42,0,0,1,1,0,4,1,1,0,1,0,0000000,99,99,99,99,99,99,22,0,0,2,0
26,260271,1,1,0,0,0,1,1,137,0,8,6,2013,7,20,2,0,4,4,CR-CRAPO LAKE,,5,44.86426389,-84.48626944,0,1,0,0,1,1,0,4,1,10,0,10,0,0000000,99,99,20,22,88,88,22,0,0,1,1
26,260272,3,3,0,0,0,4,4,145,0,4,6,2013,3,14,49,1,13,3,SR-47 MIDLAND RD,,52,43.47668611,-84.08928056,0,12,2,0,1,1,0,1,1,1,0,1,0,0000000,99,99,99,99,99,99,0,0,0,1,0
26,260273,1,1,0,0,0,2,2,73,0,18,5,2013,7,5,42,0,4,4,CR-WEIDMAN RD,,104,43.68409722,-84.80265833,0,35,0,0,1,1,0,4,2,10,0,10,0,0000000,5,42,5,50,99,99,22,0,0,1,1
26,260274,2,2,0,0,0,3,3,121,0,16,5,2013,5,14,32,0,6,4,CR-FRUITVALE RD,WHITBECK RD,26,43.44427222,-86.37603889,0,12,6,0,2,2,0,1,1,1,0,1,0,0000000,99,99,99,99,99,99,0,0,0,1,0
26,260276,3,3,0,0,0,4,4,81,0,1,6,2013,7,21,5,0,3,3,SR-37,,157,43.19691111,-85.72353333,0,12,8,0,1,1,0,1,2,10,0,10,0,0000000,21,8,21,9,99,99,22,0,0,1,1
26,260277,2,2,0,0,0,8,8,115,2723,3,6,2013,2,12,5,1,2,2,US-24 S TELEGRAPH RD,WOOD RD,83,41.83902778,-83.4834,0,12,6,0,2,2,0,1,1,1,0,1,0,0000000,12,9,12,12,99,99,0,0,0,1,1
26,260278,2,2,0,0,0,2,2,99,919,2,6,2013,1,21,31,0,14,4,CR-JEFFERSON AVE,21 MILE RD,9,42.641875,-82.81585,0,12,6,0,2,2,0,1,2,1,0,1,0,0000000,99,99,99,99,99,99,0,0,0,1,0
26,260279,2,2,0,0,0,2,2,147,0,5,6,2013,4,7,58,0,4,4,CR-RATTLE-RUN,,85,42.85713056,-82.58500556,0,12,2,0,1,1,0,1,1,1,0,1,0,0000000,7,58,99,99,88,88,0,0,0,1,0
26,260280,2,2,0,0,0,2,2,163,1260,5,6,2013,4,0,29,1,11,1,I-94,,351,42.41025556,-82.94695,0,12,1,0,1,1,0,1,3,1,0,1,0,0000000,0,49,0,56,88,88,0,0,0,1,0
26,260281,1,1,0,0,0,1,1,163,4571,10,6,2013,2,3,4,0,13,6,NORTHLINE RD,,45,42.21339167,-83.21280278,0,33,0,0,1,1,0,4,3,2,0,2,0,0000000,3,4,3,10,99,99,0,0,0,1,1
26,260282,1,1,0,0,0,1,1,163,1260,8,6,2013,7,23,40,0,14,6,JOY AVE,,61,42.357275,-83.25286667,0,18,0,0,1,1,0,1,3,1,0,1,0,0000000,99,99,99,99,99,99,0,0,0,1,0
26,260283,2,2,0,0,0,3,3,115,0,7,6,2013,6,14,49,1,2,2,US-23,,78,41.8339,-83.67661111,0,12,1,0,1,1,1,1,1,10,0,10,0,0000000,14,52,15,5,99,99,0,0,0,1,0
26,260284,2,2,0,0,0,2,2,163,1260,9,6,2013,1,21,10,0,13,6,7 MILE RD,HASSE ST,193,42.43328611,-83.05673611,0,12,6,0,2,3,0,1,1,1,0,1,0,0000000,99,99,99,99,99,99,0,0,0,1,0
26,260285,2,2,0,0,0,2,2,25,0,13,6,2013,5,10,28,0,3,3,SR-96,13 MILE RD,77,42.28114444,-85.04256111,0,12,6,0,2,2,0,1,1,1,0,1,0,0000000,99,99,99,99,99,99,0,0,0,1,1
26,260286,4,4,0,0,0,7,7,81,0,11,6,2013,3,16,57,0,3,3,SR-57/14 MILE RD,,147,43.17635,-85.36209722,0,12,1,0,1,1,0,1,1,10,0,10,0,0000000,99,99,99,99,99,99,0,0,0,1,0
26,260287,1,1,0,0,0,1,1,31,0,14,6,2013,6,18,23,0,6,4,CR-GRATIOT ST,,2,45.41840833,-84.60913889,0,1,0,0,1,1,0,1,1,1,0,1,0,0000000,18,25,18,30,99,99,0,0,0,1,1
26,260288,1,1,0,1,1,3,3,139,0,13,6,2013,5,18,58,0,14,4,CR-RILEY ST,104TH AVE,87,42.82684722,-86.03893889,0,9,0,0,3,2,0,1,1,1,0,1,0,0000000,18,59,19,2,99,99,0,0,0,1,0
26,260290,1,1,0,0,0,1,1,3,236,16,6,2013,1,17,27,0,3,3,SR-94,,73,46.33285556,-86.817725,1,42,0,0,1,1,0,4,1,1,0,1,0,0000000,17,27,17,51,88,88,0,0,0,1,1
26,260291,1,1,0,0,0,1,1,3,0,19,6,2013,4,14,40,0,3,4,CR-H-13,,63,46.33908333,-86.615425,0,42,0,0,1,1,0,4,1,1,0,1,0,0000000,14,35,99,99,88,88,0,0,0,1,0
26,260292,3,3,0,0,0,5,5,45,2000,15,6,2013,7,12,50,0,14,3,SR-43 SAGINAW HWY,,164,42.74085556,-84.734575,0,12,6,0,8,1,0,1,1,10,0,10,0,0000000,99,99,99,99,99,99,0,0,0,1,0
26,260293,1,1,0,0,0,2,2,121,0,20,6,2013,5,16,30,0,6,4,CR-FRUITVALE RD,LAMOS RD,15,43.44465,-86.39684167,0,5,0,0,2,2,0,1,1,1,0,1,0,0000000,99,99,99,99,99,99,0,0,0,1,0
26,260294,3,3,0,0,0,5,5,147,0,23,6,2013,1,17,40,0,14,3,SR-29 DIXIE HWY,,42,42.67549167,-82.63189167,0,12,6,0,8,1,0,1,1,1,0,1,0,0000000,17,40,17,45,99,99,0,0,0,1,0
26,260295,2,2,0,0,0,5,5,67,0,25,6,2013,3,10,25,0,4,4,CR-CHARLOTTE HWY,PEAKE RD,43,42.84278611,-84.89124167,0,12,6,0,2,2,0,1,1,10,0,10,0,0000000,10,27,10,35,99,99,0,0,0,1,0
26,260296,2,2,0,0,0,5,5,81,0,25,6,2013,3,10,16,0,4,4,CR-17 MILE RD NE,MYERS LAKE AVE NE,151,43.22038889,-85.49105,0,12,6,0,2,2,0,1,1,10,0,10,0,0000000,10,16,10,24,99,99,0,0,0,1,0
26,260297,2,2,0,0,0,2,2,115,1586,24,4,2013,4,8,37,0,13,2,US-24 TELEGRAPH RD,,59,41.80613056,-83.50116667,0,12,2,0,1,1,0,1,1,2,0,2,0,0000000,8,38,8,47,99,99,0,0,0,1,1
26,260298,3,3,0,0,0,4,4,27,2601,26,6,2013,4,13,42,0,3,4,CR-POKAGON HWY,DAILEY RD,47,41.91200278,-86.08760556,0,12,6,0,2,2,0,1,1,10,0,10,0,0000000,99,99,99,99,99,99,22,0,0,1,0
26,260299,3,3,0,0,0,4,4,15,0,9,6,2013,1,16,39,0,3,3,SR-43,,96,42.54278889,-85.38826667,0,12,6,0,8,1,0,1,1,10,0,10,0,0000000,16,39,16,55,99,96,14,0,0,1,1
26,260301,2,2,0,0,0,2,2,9,0,19,6,2013,4,20,46,1,2,2,US-131/SR-66 WILLIAMS ST,HINMAN ST,39,44.90346111,-85.05926111,0,12,6,0,2,2,0,1,1,1,0,1,0,0000000,99,99,99,99,88,88,0,0,0,1,0
26,260302,1,1,0,0,0,2,2,77,2520,28,6,2013,6,3,41,0,14,6,PATERSON ST,,4,42.30340833,-85.59525556,0,42,0,0,1,1,0,5,3,1,0,1,0,0000000,99,99,99,99,88,88,0,0,0,2,0
26,260304,1,1,0,0,0,1,1,75,0,14,6,2013,6,13,10,0,14,4,CR-HORTON RD,,62,42.18501111,-84.45698056,0,34,0,0,1,1,0,4,1,1,0,1,0,0000000,13,10,13,14,99,99,0,0,0,1,0
26,260305,2,2,0,0,0,3,3,99,4731,7,5,2013,3,18,25,0,14,6,RYAN RD,,102,42.594675,-83.07085278,0,12,6,0,8,1,0,1,1,1,0,1,0,0000000,18,27,18,30,99,99,0,0,0,1,0
26,260306,1,1,0,1,1,2,2,163,4295,14,6,2013,6,22,42,0,13,6,MIDDLEBELT RD,JOAN ST,100,42.26228056,-83.32875278,0,8,0,0,2,3,0,1,2,1,0,1,0,0000000,99,99,99,99,88,88,0,0,0,1,0
26,260307,1,1,0,1,1,1,1,65,2700,13,5,2013,2,23,25,0,13,6,MICHIGAN AVE,,8,42.73356111,-84.53743611,0,9,0,0,1,1,0,1,3,1,0,1,0,0000000,23,25,23,27,99,99,0,0,0,1,0