STATE,ST_CASE,VE_TOTAL,VE_FORMS,PVH_INVL,PEDS,PERNOTMVIT,PERMVIT,PERSONS,COUNTY,CITY,DAY,MONTH,YEAR,DAY_WEEK,HOUR,MINUTE,NHS,ROAD_FNC,ROUTE,TWAY_ID,TWAY_ID2,MILEPT,LATITUDE,LONGITUD,SP_JUR,HARM_EV,MAN_COLL,RELJCT1,RELJCT2,TYP_INT,WRK_ZONE,REL_ROAD,LGT_COND,WEATHER1,WEATHER2,WEATHER,SCH_BUS,RAIL,NOT_HOUR,NOT_MIN,ARR_HOUR,ARR_MIN,HOSP_HR,HOSP_MN,CF1,CF2,CF3,FATALS,DRUNK_DR
26,260308,1,1,0,0,0,1,1,77,0,24,5,2013,6,23,50,0,6,4,CR-34TH ST,,0,42.11504722,-85.43139167,0,42,0,0,1,1,0,4,2,1,0,1,0,0000000,23,55,0,0,88,88,0,0,0,1,1
26,260309,2,2,0,0,0,3,3,21,0,16,6,2013,1,18,8,0,3,2,US-12 PULASKI HWY,MAYFLOWER RD,209,41.80506667,-86.32248333,0,12,6,0,2,2,1,1,1,1,0,1,0,0000000,18,10,18,12,99,99,0,0,0,1,0
26,260310,2,2,0,0,0,3,3,161,0,25,4,2013,5,13,33,1,11,1,I-94,,327,42.21764722,-83.55568889,0,12,7,0,1,1,0,1,1,2,0,2,0,0000000,99,99,99,99,99,99,0,0,0,1,0
26,260311,1,1,0,0,0,1,1,147,0,16,6,2013,1,17,28,0,3,3,SR-19 EMMETT RD,,129,43.09751667,-82.76665,0,34,0,0,1,1,0,4,1,10,0,10,0,0000000,17,29,99,99,99,99,0,0,0,1,1
26,260312,1,1,0,1,1,1,1,163,1260,5,6,2013,4,4,47,1,12,3,SR-39,,104,42.37096389,-83.21650833,0,8,0,0,1,1,0,1,3,10,0,10,0,0000000,99,99,99,99,99,99,0,0,0,1,0
26,260313,2,2,0,0,0,3,3,111,1486,17,6,2013,2,19,39,0,3,3,SR-30,,81,43.79835278,-84.36721111,0,12,2,0,1,1,0,1,1,10,0,10,0,0000000,19,39,19,48,99,99,0,0,0,1,0
26,260314,1,1,0,0,0,5,5,17,271,9,6,2013,1,0,42,0,16,4,CR-KAWKAWLIN RIVER DR,,8,43.64908611,-83.8996,0,32,0,0,1,1,0,4,2,1,0,1,0,0000000,0,44,0,50,99,99,0,0,0,1,1
26,260315,2,2,0,0,0,2,2,105,0,16,6,2013,1,14,19,1,2,2,US-10,QUARTERLINE RD,61,43.95546667,-86.32954167,0,12,6,0,2,3,0,1,1,1,0,1,0,0000000,14,24,14,29,99,99,22,0,0,1,0
26,260316,1,1,0,0,0,1,1,105,548,23,6,2013,1,0,37,0,4,4,CR-BENSON RD,,14,43.97372222,-86.120375,0,11,0,0,1,1,0,1,2,1,0,1,0,0000000,0,42,0,54,88,88,0,0,0,1,0
26,260317,1,1,0,1,1,1,1,21,0,9,6,2013,1,21,57,0,4,4,CR-TERRITORIAL RD,,55,42.126025,-86.3585,0,8,0,0,1,1,0,1,2,10,0,10,0,0000000,21,59,22,7,88,88,0,0,0,1,0
26,260318,1,1,0,0,0,1,1,165,0,16,6,2013,1,23,4,0,3,3,SR-42-16 RD,,118,44.41078889,-85.48168056,0,1,0,0,1,1,0,4,2,10,0,10,0,0000000,23,6,23,23,88,88,0,0,0,1,1
26,260319,1,1,0,1,1,1,1,125,0,13,6,2013,5,0,0,1,13,3,SR-24,,117,42.83587778,-83.27173333,0,8,0,0,1,1,0,1,2,2,0,2,0,0000000,0,2,0,2,88,88,0,0,0,1,0
26,260320,1,1,0,1,1,1,1,125,1690,18,6,2013,3,8,45,1,13,3,SR-1 WOODWARD AVE,COLLEGE AVE,123,42.45663333,-83.13165278,0,8,0,0,2,2,0,1,1,10,0,10,0,0000000,8,48,8,52,99,99,0,0,0,1,0
26,260321,1,1,0,0,0,1,1,91,0,23,6,2013,1,18,31,0,6,4,CR-TREAT HWY,,41,41.77553611,-84.00096667,0,32,0,0,1,1,0,4,1,1,0,1,0,0000000,18,26,18,34,99,99,0,0,0,1,0
26,260322,1,1,0,0,0,1,1,163,1260,27,6,2013,5,0,15,1,11,1,I-375 RAMP,,1,42.34050833,-83.04224722,0,25,0,1,5,1,0,4,3,10,0,10,0,0000000,0,5,0,15,88,88,0,0,0,1,0
26,260323,1,1,0,1,1,1,1,77,1084,29,6,2013,7,10,40,0,14,3,SR-43 GULL RD,,36,42.32595278,-85.51638056,0,9,0,0,8,1,0,1,1,1,0,1,0,0000000,10,45,10,58,99,99,0,0,0,1,0
26,260324,2,2,0,0,0,3,3,161,567,27,6,2013,5,17,45,0,4,4,CR-AUSTIN RD,,32,42.15193333,-83.96699722,0,12,6,0,1,1,0,1,1,2,0,2,0,0000000,99,99,99,99,99,99,0,0,0,1,0
26,260325,3,3,0,0,0,4,4,125,2935,29,6,2013,7,10,50,0,13,6,DEQUINDRE RD,,56,42.528675,-83.08661111,0,12,2,0,1,1,0,1,1,10,0,10,0,0000000,10,55,10,58,99,99,0,0,0,2,0
26,260326,1,1,0,1,1,1,1,149,0,14,6,2013,6,14,30,0,4,4,CR-LUTZ RD,,71,41.90251667,-85.62446389,0,9,0,0,1,1,0,1,1,1,0,1,0,0000000,14,33,14,39,99,99,0,0,0,1,0
26,260327,1,1,0,1,1,1,1,81,2553,30,5,2013,5,15,48,0,14,6,EAST PARIS,,29,42.93335278,-85.57000556,0,8,0,0,1,1,0,1,1,10,0,10,0,0000000,15,48,15,53,99,99,19,0,0,1,0
26,260328,1,1,0,1,1,2,2,163,2820,2,6,2013,1,22,19,1,13,6,SOUTHFIELD RD,RIVER DR,9,42.24508611,-83.15975,0,8,0,0,1,1,0,1,3,1,0,1,0,0000000,99,99,22,20,99,99,0,0,0,1,0
26,260329,2,2,0,0,0,2,2,125,510,25,6,2013,3,15,42,1,13,3,SR-1 WOODWARD AVE,,18,42.582125,-83.24399167,0,12,6,0,8,1,0,1,1,1,0,1,0,0000000,15,40,15,42,99,99,0,0,0,1,0
26,260330,1,1,0,0,0,2,2,99,1009,25,6,2013,3,0,37,0,15,4,CR-KELLY RD,,30,42.56755833,-82.93425,0,42,0,0,1,1,0,4,2,10,0,10,0,0000000,0,40,0,46,88,88,0,0,0,2,1
26,260331,1,1,0,1,1,2,2,163,1260,15,3,2013,6,20,48,1,11,1,I-94,,349,42.40804722,-82.94990278,0,8,0,0,1,1,0,1,2,2,0,2,0,0000000,99,99,99,99,99,99,0,0,0,1,0
26,260332,1,1,0,1,1,1,1,77,3727,2,7,2013,3,2,51,0,14,3,SR-43 W MAIN ST,,38,42.29571667,-85.692025,0,8,0,0,1,1,0,1,2,10,0,10,0,0000000,2,57,3,0,99,99,0,0,0,1,0
26,260333,2,2,0,0,0,3,3,139,0,2,7,2013,3,21,13,0,4,4,CR-OSBORN ST,104TH AVE,10,43.00480278,-86.04547778,0,12,6,0,2,2,0,1,5,10,0,10,0,0000000,21,15,21,20,99,99,22,0,0,1,0
26,260335,2,2,0,0,0,3,3,125,4905,1,7,2013,2,0,8,1,11,1,I-75,,105,42.56621111,-83.15875278,0,12,1,0,1,1,0,1,3,1,0,1,0,0000000,0,18,0,39,88,88,0,0,0,2,0
26,260336,2,2,0,0,0,2,2,49,1730,1,7,2013,2,17,3,1,13,3,SR-54 DORT HWY,,119,43.06998611,-83.67408889,0,12,2,0,1,1,0,1,1,10,0,10,0,0000000,99,99,99,99,99,99,0,0,0,1,0
26,260337,1,1,0,0,0,1,1,163,1260,10,3,2013,1,23,6,0,16,6,CHERRYLAWN,,3,42.44021389,-83.15576389,0,33,0,0,1,1,0,4,2,10,0,10,0,0000000,99,99,99,99,99,99,0,0,0,1,1
26,260338,2,2,0,0,0,3,3,145,0,9,3,2013,7,11,3,0,6,4,CR-HOULIHAN RD,COLE RD,22,43.35103333,-83.94451944,0,12,6,0,2,2,0,1,1,10,0,10,0,0000000,99,99,99,99,99,99,0,0,0,1,0
26,260339,1,1,0,0,0,1,1,163,1260,16,4,2013,3,3,5,0,14,6,NEVADA AVE,,15,42.42566667,-83.0802,0,33,0,0,1,1,0,4,3,6,0,6,0,0000000,99,99,99,99,88,88,0,0,0,1,1
26,260340,2,2,0,0,0,3,3,163,1260,2,7,2013,3,16,35,0,14,6,E NEVADA ST,GABLE ST,35,42.42631667,-83.04239444,0,12,6,0,2,2,0,1,1,1,0,1,0,0000000,99,99,99,99,99,99,20,0,0,1,0
26,260341,2,1,1,0,1,2,3,5,0,3,7,2013,4,14,48,1,2,2,US-131,,79,42.53441111,-85.65967222,0,51,0,0,1,1,0,2,1,1,0,1,0,0000000,99,99,99,99,99,99,0,0,0,1,0
26,260342,1,1,0,1,1,1,1,55,4880,5,7,2013,6,1,54,0,16,6,WASHINGTON ST,,6,44.76179444,-85.60963611,0,9,0,0,1,1,0,1,2,1,0,1,0,0000000,1,54,1,57,99,99,0,0,0,1,0
26,260343,1,1,0,0,0,2,2,123,0,5,7,2013,6,20,2,0,3,3,SR-20 W ONE MILE RD,,122,43.56825,-85.79653056,0,42,0,0,1,1,0,4,1,1,0,1,0,0000000,99,99,99,99,99,99,0,0,0,1,1
26,260344,1,1,0,0,0,3,3,107,0,6,7,2013,7,12,2,1,2,2,US-131,,66,43.56205278,-85.49133333,0,1,0,0,1,1,0,4,1,1,0,1,0,0000000,12,2,12,19,99,99,0,0,0,1,0
26,260345,1,1,0,1,1,1,1,47,0,4,7,2013,5,13,46,0,6,4,CR-LUCE ST,,1,45.42319722,-84.82816111,0,9,0,0,1,1,0,1,1,1,0,1,0,0000000,99,99,99,99,99,99,0,0,0,1,0
26,260346,2,2,0,0,0,2,2,165,0,6,7,2013,7,13,50,1,2,3,SR-37,W 4 RD,60,44.46835556,-85.69733056,0,12,6,0,2,2,0,1,1,1,0,1,0,0000000,13,50,13,58,88,88,0,0,0,1,0
26,260347,1,1,0,0,0,1,1,125,0,7,7,2013,1,23,39,0,15,4,CR-HOLCOMB,,6,42.754225,-83.45231944,0,58,0,0,1,1,0,4,2,1,0,1,0,0000000,23,39,23,43,88,88,0,0,0,1,1
26,260348,1,1,0,0,0,2,2,91,0,5,7,2013,6,16,41,0,4,4,CR-CLINTON MACON RD,,28,42.06581944,-83.91229167,0,34,0,0,1,1,0,4,1,1,0,1,0,0000000,99,99,99,99,99,99,0,0,0,2,1
26,260349,2,2,0,0,0,3,3,129,0,7,7,2013,1,15,34,0,4,4,CR-GREENWOOD RD,STILLWAGON RD,42,44.17588889,-84.32543889,0,12,6,0,2,2,0,1,1,1,0,1,0,0000000,15,35,15,48,88,88,0,0,0,2,0
26,260350,2,2,0,0,0,4,4,125,0,6,7,2013,7,16,47,0,3,4,CR-MILFORD RD,NATURE TRAIL,87,42.70326111,-83.60543333,0,12,8,0,3,2,0,1,1,10,0,10,0,0000000,99,99,99,99,99,99,22,0,0,1,0
26,260351,2,2,0,0,0,2,2,99,4154,11,7,2013,5,9,44,0,3,4,CR-ROMEO PLANK RD,28 MILE RD,31,42.74550278,-82.96052222,0,12,2,0,2,2,0,1,1,1,0,1,0,0000000,99,99,99,99,99,99,22,0,0,1,0
26,260352,1,1,0,1,1,1,1,49,1730,11,7,2013,5,21,56,1,13,3,SR-54 DORT HWY,,112,43.060125,-83.67392222,0,8,0,0,1,1,0,1,3,10,0,10,0,0000000,99,99,99,99,99,99,0,0,0,1,0
26,260353,1,1,0,0,0,1,1,163,1260,12,7,2013,6,20,1,1,11,1,I-96,,135,42.38139444,-83.14715,0,39,0,0,1,1,0,4,1,1,0,1,0,0000000,20,5,20,20,99,99,0,0,0,1,0
26,260354,1,1,0,0,0,1,1,11,0,13,7,2013,7,2,21,0,5,4,CR-WYATT RD,,38,44.01202778,-83.92008611,0,33,0,0,1,1,0,4,2,1,0,1,0,0000000,2,26,2,30,88,88,22,0,0,1,1
26,260355,2,2,0,0,0,4,4,123,0,5,7,2013,6,16,55,0,3,3,SR-37 EVERGREEN DR,,40,43.47688889,-85.773825,0,12,2,0,1,1,0,1,1,1,0,1,0,0000000,16,59,17,7,99,99,0,0,0,1,0
26,260356,1,1,0,0,0,2,2,7,0,14,7,2013,1,12,6,1,1,1,I-75,,333,45.65914167,-84.63697222,0,1,0,0,1,1,0,1,1,1,0,1,0,0000000,12,9,12,19,99,99,0,0,0,1,1
26,260357,1,1,0,0,0,1,1,81,2020,8,7,2013,2,4,9,1,11,1,I-196,,19,42.90324722,-85.78108333,0,35,0,0,1,1,0,4,2,1,0,1,0,0000000,4,9,4,20,99,99,0,0,0,1,0
26,260358,2,2,0,0,0,2,2,115,0,16,7,2013,3,4,8,0,3,3,SR-50 CUSTER RD,IDA-MAYBEE RD,112,41.94548611,-83.55945833,0,12,6,0,2,2,0,1,2,1,0,1,0,0000000,4,12,4,18,88,88,0,0,0,1,0
26,260359,1,1,0,0,0,1,1,61,0,7,7,2013,1,14,0,0,4,4,CR-MISERY BAY RD,,5,46.99668056,-88.92257778,0,34,0,0,1,1,0,4,9,99,0,99,0,0000000,99,99,99,99,88,88,22,0,0,1,1
26,260360,2,2,0,0,0,2,2,99,0,16,7,2013,3,15,30,0,4,4,CR-NORTH AVE,,170,42.87123333,-82.88288889,0,12,8,0,1,1,0,1,1,10,0,10,0,0000000,99,99,99,99,88,88,0,0,0,1,0
26,260361,1,1,0,0,0,2,2,77,2520,18,7,2013,5,23,7,1,12,2,US-131,,122,42.24425278,-85.63946667,0,59,0,0,1,1,0,4,2,1,0,1,0,0000000,99,99,99,99,99,99,0,0,0,1,1
26,260362,1,1,0,1,1,2,2,67,0,21,7,2013,1,1,44,0,6,4,CR-JESSUP RD,,14,43.06429722,-84.84640556,0,8,0,0,1,1,0,1,2,1,0,1,0,0000000,99,99,99,99,88,88,0,0,0,1,1
26,260363,2,2,0,0,0,3,3,139,0,17,7,2013,4,16,1,0,14,4,CR-LAKEWOOD BLVD,120TH AVE,66,42.80484167,-86.07793889,0,12,6,0,2,2,0,1,1,1,0,1,0,0000000,16,2,16,6,99,99,0,0,0,1,0
26,260364,1,1,0,0,0,2,2,161,0,19,7,2013,6,10,5,1,11,1,I-94,,252,42.22833611,-83.69128333,0,1,0,0,1,1,0,4,1,1,0,1,0,0000000,99,99,99,99,99,99,0,0,0,1,0
26,260365,3,3,0,0,0,3,3,75,4448,22,7,2013,2,18,22,1,1,1,I-94,,88,42.26916389,-84.54845556,0,12,1,0,1,1,0,1,1,1,0,1,0,0000000,99,99,99,99,99,99,0,0,0,1,0
26,260366,2,2,0,0,0,4,4,75,4448,24,7,2013,4,17,13,0,4,4,CR-N DEARING RD,,40,42.2654,-84.53941111,0,12,6,0,8,1,0,1,1,1,0,1,0,0000000,17,15,17,23,88,88,22,0,0,1,0
26,260367,1,1,0,0,0,2,2,147,0,27,7,2013,7,3,24,0,6,4,CR-BRICKER RD,,66,43.07469722,-82.73623333,0,32,0,0,1,1,0,4,2,1,0,1,0,0000000,99,99,99,99,88,88,22,0,0,1,1
26,260368,1,1,0,1,1,3,3,81,785,22,7,2013,2,12,26,0,14,4,CR-CASCADE RD SE,THORNAPPLE RIVER DR SE,68,42.912175,-85.49796111,0,8,0,0,3,2,0,1,1,1,0,1,0,0000000,99,99,99,99,99,99,0,0,0,1,0
26,260369,1,1,0,0,0,2,2,133,0,24,7,2013,4,13,50,1,2,2,US-131,,234,44.14594722,-85.46608611,0,1,0,0,1,1,0,4,1,1,0,1,0,0000000,99,99,99,99,99,99,0,0,0,1,0
26,260370,1,1,0,2,2,1,1,163,1260,27,7,2013,7,2,30,1,12,3,SR-3 GRATIOT AVE,,246,42.34370278,-83.03850833,0,8,0,0,1,1,0,1,2,2,0,2,0,0000000,99,99,99,99,99,99,0,0,0,2,0
26,260372,5,5,0,0,0,8,8,125,4905,1,4,2013,2,16,11,1,13,6,ROCHESTER RD,,66,42.59170556,-83.129075,0,12,6,0,8,1,0,1,1,1,0,1,0,0000000,16,12,16,17,99,99,0,0,0,1,0
26,260374,3,2,1,0,0,5,5,163,4815,21,5,2013,3,7,51,0,14,6,BEECH DALY,,22,42.19811389,-83.28721111,0,12,2,0,1,1,0,1,1,1,0,1,0,0000000,7,51,8,0,99,99,0,0,0,1,1
26,260375,2,1,1,1,1,3,3,163,1260,10,7,2013,4,1,45,1,11,1,I-96,,144,42.38447222,-83.17225833,0,8,0,0,1,1,0,2,3,2,0,2,0,0000000,99,99,99,99,99,99,19,0,0,1,0
26,260376,2,2,0,0,0,2,2,119,0,19,5,2013,1,8,21,1,2,3,SR-32,,252,45.00892778,-83.93812222,0,12,6,0,1,1,0,1,1,1,0,1,0,0000000,99,99,99,99,99,99,0,0,0,1,1
26,260377,2,2,0,0,0,2,2,17,2543,13,7,2013,7,10,25,0,14,3,SR-13 HURON RD,COTTAGE GROVE RD,137,43.72432778,-83.97291389,0,12,1,0,2,2,0,1,1,10,0,10,0,0000000,10,25,10,36,88,88,0,0,0,1,0
26,260378,2,2,0,0,0,4,4,163,4166,12,6,2013,4,10,45,1,13,2,US-24 TELEGRAPH RD,PLYMOUT/N US-24 RAMP,195,42.37117778,-83.27543611,0,12,6,0,2,2,0,1,1,10,0,10,0,0000000,99,99,99,99,99,99,0,0,0,1,0
26,260379,1,1,0,0,0,1,1,3,0,3,7,2013,4,2,38,0,4,4,CR-H15,,39,46.36248333,-86.47,0,1,0,0,1,1,0,4,2,10,0,10,0,0000000,2,38,2,48,88,88,0,0,0,1,1
26,260380,1,1,0,1,1,2,2,159,0,4,7,2013,5,0,11,0,6,4,CR-68TH ST,,15,42.39663889,-86.20718611,0,8,0,0,1,1,0,1,2,5,0,5,0,0000000,99,99,99,99,88,88,22,0,0,1,0
26,260381,2,2,0,0,0,3,3,139,5340,13,7,2013,7,7,19,0,14,6,STATE ST,I-196 BL,25,42.80556389,-86.01881389,0,12,6,0,2,2,0,1,1,1,0,1,0,0000000,7,20,7,23,99,99,0,0,0,1,0
26,260382,1,1,0,0,0,1,1,65,0,10,7,2013,4,6,44,0,6,4,CR-OSBORNE RD,,11,42.59985,-84.27920833,0,42,0,0,1,1,0,4,1,10,0,10,0,0000000,6,44,7,0,88,88,22,0,0,1,1
26,260383,1,1,0,0,0,1,1,99,2761,14,7,2013,1,14,50,1,11,1,I-94,,239,42.73361111,-82.73056944,0,21,0,0,1,1,0,4,1,1,0,1,0,0000000,99,99,99,99,88,88,0,0,0,1,1
26,260384,1,1,0,0,0,1,1,145,0,14,7,2013,1,17,31,0,4,4,CR-W RIDGE RD,,13,43.13324444,-84.30068889,0,35,0,0,1,1,0,4,1,1,0,1,0,0000000,99,99,99,99,99,99,0,0,0,1,1
26,260385,1,1,0,0,0,1,1,161,150,16,7,2013,3,13,18,1,12,3,SR-14,,39,42.30489167,-83.74409722,0,1,0,1,18,1,0,1,1,1,0,1,0,0000000,99,99,99,99,88,88,0,0,0,1,0
26,260386,5,5,0,0,0,6,6,99,5110,17,7,2013,4,17,32,1,13,3,SR-53 VAN DYKE AVE,,49,42.51979722,-83.02883611,0,12,2,0,8,1,0,1,1,1,0,1,0,0000000,17,33,17,36,99,99,14,0,0,1,0
26,260387,2,2,0,0,0,2,2,81,0,9,7,2013,3,11,30,0,13,4,CR-DIVISION AVE,,40,42.817275,-85.66306667,0,12,6,0,8,1,0,1,1,1,0,1,0,0000000,99,99,99,99,99,99,0,0,0,1,0
26,260388,2,2,0,0,0,2,2,81,0,17,7,2013,4,6,31,0,3,4,CR-LINCOLN LAKE AVE,,148,43.07941944,-85.35241667,0,12,6,0,8,1,0,1,4,1,0,1,0,0000000,6,32,6,47,88,88,22,0,0,1,0
26,260389,2,2,0,0,0,3,3,147,2558,20,7,2013,7,1,52,0,14,4,CR-LAPEER RD,,148,42.98332222,-82.51914444,0,12,2,0,1,1,0,1,2,2,0,2,0,0000000,1,52,2,0,88,88,0,0,0,2,2
26,260390,2,2,0,0,0,2,2,125,0,21,7,2013,1,11,48,0,14,4,CR-CLARKSTON RD,,47,42.75989444,-83.34656111,0,12,8,0,1,1,0,1,1,1,0,1,0,0000000,11,50,11,54,99,99,0,0,0,1,0
26,260391,2,2,0,0,0,2,2,147,4060,22,7,2013,2,18,27,1,13,3,SR-25 MILITARY ST,,196,42.96165556,-82.42579444,0,12,7,0,8,1,0,1,1,1,0,1,0,0000000,18,27,18,29,88,88,0,0,0,1,1
26,260392,1,1,0,0,0,1,1,115,0,21,7,2013,1,12,2,0,14,3,SR-125 N MONROE ST,,188,41.9711,-83.37345,0,42,0,0,1,1,0,4,1,1,0,1,0,0000000,12,4,12,10,99,99,0,0,0,1,0
26,260393,1,1,0,0,0,2,2,125,203,22,7,2013,2,2,30,1,12,3,SR-59 RAMP 082B,,2,42.64313056,-83.21868056,0,42,0,1,5,1,0,8,2,1,0,1,0,0000000,99,99,99,99,99,99,0,0,0,1,1
26,260394,1,1,0,0,0,1,1,99,2181,2,7,2013,3,20,30,1,11,1,I-94 RAMP 010A,,0,42.59196389,-82.85696944,0,1,0,1,5,1,0,8,1,10,0,10,0,0000000,20,30,99,99,99,99,0,0,0,1,1
26,260395,1,1,0,1,1,1,1,163,1260,24,7,2013,4,2,25,1,13,3,SR-102 8 MILE SERVICE,ST MARYS,1,42.44445833,-83.20790833,0,8,0,0,1,1,0,1,2,1,0,1,0,0000000,99,99,99,99,88,88,0,0,0,1,0
26,260396,3,3,0,0,0,9,9,159,0,19,7,2013,6,23,0,0,3,3,SR-43,,201,42.30273333,-85.92699167,0,12,8,0,1,1,0,1,2,2,0,2,0,0000000,99,99,99,99,99,99,0,0,0,1,0
26,260397,1,1,0,0,0,1,1,35,0,20,7,2013,7,18,40,0,4,4,CR-BAILEY LAKE AVE,,57,43.89424444,-84.64351389,0,35,0,0,1,1,0,4,1,1,0,1,0,0000000,18,45,18,57,88,88,0,0,0,1,1
26,260398,2,2,0,0,0,4,4,163,1260,21,7,2013,1,9,0,0,13,3,SR-8 DAVISON AVE,OAKMAN,8,42.38630833,-83.14389722,0,12,6,0,2,2,0,1,1,1,0,1,0,0000000,99,99,99,99,88,88,20,0,0,1,0
26,260399,3,1,2,0,0,1,1,125,1650,27,7,2013,7,1,29,0,14,6,FARMINGTON RD,,18,42.46670833,-83.37653889,0,33,0,0,1,1,0,4,3,2,0,2,0,0000000,1,32,99,99,88,88,0,0,0,1,0
26,260400,2,2,0,0,0,3,3,65,0,26,7,2013,6,23,10,0,4,4,CR-WILLIAMSTON RD,,14,42.44451389,-84.31344444,0,12,7,0,1,1,0,1,2,10,0,10,0,0000000,23,14,23,25,99,99,0,0,0,1,2
26,260401,1,1,0,0,0,1,1,33,1178,27,7,2013,7,7,10,0,4,4,CR-MACKINAC TRL,,50,46.34459722,-84.41901111,0,42,0,0,1,1,0,4,2,10,0,10,0,0000000,7,0,7,30,88,88,0,0,0,1,1
26,260402,2,2,0,0,0,3,3,35,0,27,7,2013,7,14,30,0,3,3,SR-115 LUDINGTON DR,OAKRIDGE DR,101,43.85364167,-84.89598056,0,12,6,0,2,3,0,1,1,1,0,1,0,0000000,14,36,14,43,99,99,0,0,0,2,0
26,260403,1,1,0,0,0,1,1,161,0,28,7,2013,1,12,20,1,12,2,US-23,,122,42.25826111,-83.68374722,0,1,0,0,1,1,0,4,1,1,0,1,0,0000000,12,24,12,28,99,99,0,0,0,1,0
26,260404,1,1,0,0,0,1,1,125,0,18,7,2013,5,11,25,1,11,1,I-75,,370,42.75813333,-83.50588056,0,1,0,0,1,1,0,4,1,1,0,1,0,0000000,11,27,11,35,99,99,0,0,0,1,0
26,260405,1,1,0,0,0,1,1,19,0,29,7,2013,2,7,31,0,6,4,CR-FEWINS RD,,5,44.673975,-85.91822778,0,42,0,0,1,1,0,4,4,10,0,10,0,0000000,7,34,7,40,88,88,22,0,0,1,1
26,260407,2,2,0,0,0,3,3,161,0,29,7,2013,2,8,26,1,13,2,US-12 W MICHIGAN AVE,,160,42.20033611,-83.69750833,0,12,2,0,1,1,0,1,1,10,0,10,0,0000000,8,29,8,32,99,99,0,0,0,2,0
26,260408,1,1,0,0,0,2,2,63,0,14,7,2013,1,21,40,0,3,3,SR-25 LAKESHORE RD,,224,43.98453333,-82.75726111,0,11,0,0,1,1,0,1,5,1,0,1,0,0000000,21,46,22,0,99,99,22,0,0,1,1
26,260409,2,2,0,0,0,3,3,139,0,16,7,2013,3,21,0,0,14,4,CR-JAMES ST,112TH AVE,76,42.81234167,-86.05826944,0,12,6,0,2,2,0,1,1,1,0,1,0,0000000,21,0,21,2,99,99,0,0,0,1,0
26,260410,1,1,0,0,0,1,1,163,4815,26,7,2013,6,20,16,1,11,1,I-94,,153,42.26516667,-83.26066389,0,52,0,0,1,1,1,4,1,1,0,1,0,0000000,99,99,99,99,88,88,0,0,0,1,0
26,260411,1,1,0,0,0,2,2,149,4760,27,7,2013,7,0,20,0,15,6,E HATCH ST,JEAN ST,5,41.80401667,-85.412625,0,42,0,0,3,3,0,4,3,1,0,1,0,0000000,0,22,0,24,99,99,0,0,0,1,1
26,260412,1,1,0,0,0,3,3,163,0,24,7,2013,4,16,59,0,13,3,SR-14 RAMP 147C,,4,42.38650833,-83.48065833,0,33,0,1,5,1,0,5,1,1,0,1,0,0000000,99,99,99,99,99,99,0,0,0,1,0
26,260413,1,1,0,0,0,1,1,125,3641,18,7,2013,5,10,32,0,14,6,COOLIDGE HWY,,26,42.48222222,-83.18313611,0,1,0,0,1,1,0,6,1,1,0,1,0,0000000,10,32,10,35,99,99,0,0,0,1,0
26,260414,1,1,0,0,0,1,1,163,2120,18,7,2013,5,7,30,0,16,6,BROMBACH ST,,4,42.39700556,-83.06170278,0,44,0,0,1,1,0,1,7,8,0,8,0,0000000,99,99,99,99,88,88,0,0,0,1,0
26,260415,2,2,0,0,0,7,7,63,0,27,7,2013,7,19,0,0,4,4,CR-STEIN RD,MAXWELL RD,80,43.77361111,-83.22009722,0,12,6,0,2,2,0,1,1,10,0,10,0,0000000,99,99,99,99,99,99,22,0,0,4,0
26,260416,1,1,0,0,0,2,2,163,4166,2,6,2013,1,3,51,1,13,3,SR-5 GRAND RIVER,,9,42.43569444,-83.305875,0,42,0,0,1,1,0,3,3,1,0,1,0,0000000,3,52,3,56,99,99,0,0,0,1,1
26,260417,2,2,0,0,0,2,2,93,2114,26,4,2013,6,16,6,0,14,3,SR-36,,115,42.46466389,-83.85177778,0,12,2,0,1,1,0,1,1,1,0,1,0,0000000,16,9,16,13,99,99,0,0,0,1,0
26,260418,1,1,0,0,0,2,2,65,0,5,6,2013,4,6,30,1,12,2,US-127,,13,42.74076389,-84.51043889,0,1,0,1,18,1,4,1,4,10,0,10,0,0000000,6,32,6,40,99,99,0,0,0,1,0
26,260419,1,1,0,0,0,1,1,119,0,22,4,2013,2,19,10,0,4,4,CR-489,,24,44.87399444,-84.25215556,0,35,0,0,1,1,0,4,1,10,0,10,0,0000000,99,99,99,99,88,88,0,0,0,1,0
26,260420,1,1,0,0,0,4,4,79,0,5,7,2013,6,1,57,0,4,4,CR-INGERSOLL RD,,51,44.56938889,-85.23148611,0,42,0,0,1,1,0,4,2,1,0,1,0,0000000,1,59,2,18,99,99,0,0,0,1,1
26,260421,1,1,0,0,0,1,1,15,0,20,6,2013,5,22,3,0,4,4,CR-623 DOSTER RD,,19,42.47700556,-85.54333611,0,1,0,0,1,1,0,4,5,1,0,1,0,0000000,99,99,99,99,88,88,20,22,0,1,1
26,260423,2,2,0,0,0,2,2,107,0,5,7,2013,6,18,40,0,4,4,CR-160TH AVE,,9,43.75094167,-85.40319167,0,12,2,0,8,1,0,1,1,1,0,1,0,0000000,18,40,18,45,88,88,0,0,0,1,1