STATE,ST_CASE,VE_TOTAL,VE_FORMS,PVH_INVL,PEDS,PERNOTMVIT,PERMVIT,PERSONS,COUNTY,CITY,DAY,MONTH,YEAR,DAY_WEEK,HOUR,MINUTE,NHS,ROAD_FNC,ROUTE,TWAY_ID,TWAY_ID2,MILEPT,LATITUDE,LONGITUD,SP_JUR,HARM_EV,MAN_COLL,RELJCT1,RELJCT2,TYP_INT,WRK_ZONE,REL_ROAD,LGT_COND,WEATHER1,WEATHER2,WEATHER,SCH_BUS,RAIL,NOT_HOUR,NOT_MIN,ARR_HOUR,ARR_MIN,HOSP_HR,HOSP_MN,CF1,CF2,CF3,FATALS,DRUNK_DR
26,260424,2,2,0,0,0,3,3,11,0,30,7,2013,3,10,6,0,4,4,CR-PINE RIVER RD,,74,43.98288333,-83.89636111,0,12,6,0,8,1,0,1,1,1,0,1,0,0000000,10,7,10,10,99,99,22,0,0,1,0
26,260425,3,3,0,0,0,6,6,79,0,8,7,2013,2,10,8,1,2,2,US-131,PLUM VALLEY RD,205,44.84425,-85.12477778,0,12,6,0,2,2,0,1,1,2,0,2,0,0000000,10,8,10,21,99,99,0,0,0,2,0
26,260426,4,1,3,0,0,1,1,161,0,2,8,2013,6,19,45,1,13,3,SR-17 WASHTENAW AVE,,35,42.25441667,-83.68310556,0,33,0,1,19,1,0,4,5,1,0,1,0,0000000,19,45,19,53,88,88,0,0,0,1,1
26,260427,2,2,0,1,1,1,1,163,1260,1,8,2013,5,4,20,1,11,1,I-94 RAMP 215B,,1,42.357975,-83.07804167,0,8,0,1,20,1,0,1,3,10,0,10,0,0000000,99,99,99,99,99,99,0,0,0,1,0
26,260428,5,2,3,1,3,4,6,163,1260,1,8,2013,5,17,10,0,16,6,PLAINVIEW AVE,TIREMAN ST,12,42.35031944,-83.23439167,0,12,6,0,2,2,0,1,1,10,0,10,0,0000000,99,99,99,99,99,99,14,0,0,1,0
26,260429,1,1,0,0,0,3,3,45,890,2,8,2013,6,14,22,1,11,1,I-96,,141,42.57825833,-84.81828056,0,1,0,1,19,1,0,3,1,1,0,1,0,0000000,14,22,14,25,99,99,0,0,0,1,0
26,260430,1,1,0,0,0,1,1,65,2700,1,8,2013,5,3,24,0,13,3,SR-99  MARTIN LUTHER KING,,9,42.72954722,-84.567375,0,30,0,0,1,1,0,4,3,1,0,1,0,0000000,3,21,3,25,99,99,0,0,0,1,1
26,260431,2,1,1,0,1,2,3,75,2040,6,8,2013,3,17,1,1,1,1,I-94,,274,42.29085556,-84.18989167,0,14,0,0,1,1,0,2,1,1,0,1,0,0000000,17,2,17,27,99,99,0,0,0,1,0
26,260432,2,2,0,0,0,2,2,99,4154,5,8,2013,2,17,41,0,3,4,CR-32 MILE,,73,42.80522222,-82.95758889,0,12,2,0,1,1,0,1,1,1,0,1,0,0000000,17,41,17,51,99,99,0,0,0,1,0
26,260433,1,1,0,0,0,1,1,111,1486,9,8,2013,6,1,0,0,3,3,SR-30,,93,43.80400833,-84.385875,0,38,0,0,1,1,0,4,2,1,0,1,0,0000000,1,4,1,16,88,88,0,0,0,1,1
26,260434,2,2,0,0,0,3,3,91,0,4,8,2013,1,16,0,0,14,4,CR-SAND CREEK HWY,CADMUS RD,5,41.87413056,-84.08209722,0,12,6,0,2,2,0,1,1,1,0,1,0,0000000,16,12,16,16,99,99,22,0,0,1,0
26,260435,1,1,0,1,1,8,8,63,0,10,8,2013,7,22,44,0,4,4,CR-N CASEVILLE RD,WOODHILL DR,137,43.926775,-83.28229167,0,8,0,0,3,3,0,1,2,1,0,1,0,0000000,22,48,22,55,88,88,0,0,0,1,1
26,260436,2,2,0,0,0,3,3,55,3105,2,8,2013,6,9,38,1,2,3,SR-37,,0,44.55595833,-85.657275,0,12,8,0,1,1,0,1,1,2,0,2,0,0000000,9,42,9,52,99,99,0,0,0,2,0
26,260437,1,1,0,0,0,1,1,81,0,11,8,2013,1,2,38,0,6,4,CR-108TH ST,,30,42.76868889,-85.48681389,0,42,0,0,1,1,0,4,2,10,0,10,0,0000000,2,38,2,55,88,88,22,0,0,1,1
26,260438,1,1,0,0,0,1,1,13,0,11,8,2013,1,16,44,0,6,4,CR-MAJOR RD,,20,46.80419167,-88.1967,0,42,0,0,1,1,0,4,1,1,0,1,0,0000000,16,49,17,26,88,88,22,0,0,1,1
26,260439,2,2,0,0,0,5,5,139,0,2,8,2013,6,16,50,1,11,1,I-196,,26,42.79530833,-86.00545833,0,12,7,0,1,1,0,1,1,10,0,10,0,0000000,16,52,16,58,99,99,0,0,0,1,0
26,260440,1,1,0,0,0,3,3,47,3930,9,8,2013,6,9,32,0,99,6,CLIFFS DR,,0,45.36493611,-85.01921389,0,5,0,0,1,1,0,1,1,1,0,1,0,0000000,99,99,99,99,99,99,0,0,0,1,0
26,260441,1,1,0,0,0,2,2,29,0,4,8,2013,1,17,51,0,6,4,CR-SPRINGBROOK RD,,7,45.23519167,-84.87835,0,1,0,0,1,1,0,4,1,1,0,1,0,0000000,99,99,99,99,88,88,22,0,0,1,1
26,260442,1,1,0,0,0,1,1,145,0,10,8,2013,7,9,51,1,13,3,SR-46 GRATIOT RD,GASLIGHT LN,27,43.41603611,-84.08142222,0,33,0,0,1,1,0,4,1,1,0,1,0,0000000,99,99,99,99,88,88,0,0,0,1,0
26,260443,1,1,0,0,0,2,2,25,0,5,8,2013,2,23,53,1,1,1,I-69,,0,42.07321111,-84.98211111,0,1,0,0,1,1,0,3,2,2,0,2,0,0000000,23,55,0,3,99,99,0,0,0,1,1
26,260444,1,1,0,0,0,1,1,139,1110,7,8,2013,4,6,0,0,6,6,RIVER ST,,3,43.05695556,-85.93709444,0,18,0,0,1,1,0,4,3,2,0,2,0,0000000,6,17,6,19,88,88,0,0,0,1,0
26,260445,2,2,0,0,0,2,2,93,2360,3,8,2013,7,16,8,0,13,3,SR-GRAND RIVER AVE,,109,42.61497222,-83.96029167,0,12,6,0,8,1,0,1,1,1,0,1,0,0000000,16,9,16,12,99,99,0,0,0,1,0
26,260446,2,2,0,0,0,2,2,91,3817,14,8,2013,4,5,40,1,2,2,US-223,,271,41.85491667,-83.92714167,0,12,8,0,1,1,0,1,2,1,0,1,0,0000000,5,43,5,50,99,99,0,0,0,1,0
26,260447,3,3,0,0,0,4,4,159,1143,13,8,2013,3,15,16,0,4,3,SR-140,,60,42.33013889,-86.26290833,0,12,8,0,1,1,0,1,1,1,0,1,0,0000000,15,16,15,18,99,99,0,0,0,1,0
26,260448,1,1,0,1,1,1,1,65,0,18,8,2013,1,18,20,0,5,4,CR-KINNEVILLE RD,,24,42.46564722,-84.39609722,0,8,0,0,1,1,0,1,1,1,0,1,0,0000000,18,33,18,36,99,99,0,0,0,1,0
26,260449,1,1,0,0,0,1,1,65,0,20,8,2013,3,10,49,1,12,2,US-127,,98,42.56203889,-84.44425278,0,34,0,0,1,1,0,3,1,1,0,1,0,0000000,10,48,10,55,88,88,0,0,0,1,0
26,260450,1,1,0,0,0,1,1,17,2543,10,8,2013,7,8,53,0,6,4,CR-TOWNLINE 14,,87,43.65241389,-83.99336111,0,1,0,0,1,1,0,4,7,1,0,1,0,0000000,8,53,9,10,88,88,22,0,0,1,1
26,260451,2,2,0,0,0,2,2,165,0,10,8,2013,7,18,0,0,4,4,CR-34 RD,39 RD,101,44.2812,-85.43688056,0,12,6,0,2,2,0,1,1,10,0,10,0,0000000,18,7,18,11,99,99,0,0,0,1,0
26,260452,2,2,0,0,0,3,3,149,3385,14,8,2013,4,18,1,0,6,4,CR-DICKINSON RD,BURKE RD,8,41.80928056,-85.70129167,0,12,6,0,2,2,0,1,1,1,0,1,0,0000000,99,99,99,99,99,99,22,0,0,1,1
26,260453,5,5,0,0,0,7,7,81,5089,9,8,2013,6,10,55,1,11,1,I-96 RAMP 030G,ALPINE AVE,4,43.01670556,-85.68885833,0,12,7,1,3,2,0,1,1,1,0,1,0,0000000,99,99,99,99,99,99,14,0,0,1,0
26,260454,2,1,1,0,0,1,1,81,2010,17,8,2013,7,23,11,0,14,6,MONROE AVE,,11,42.97841389,-85.67243889,0,30,0,0,1,1,0,4,3,1,0,1,0,0000000,23,12,23,14,99,99,0,0,0,1,1
26,260455,1,1,0,0,0,1,1,115,0,9,8,2013,6,13,5,0,6,4,CR-FINZEL RD,,26,42.037525,-83.44056667,0,10,0,0,6,1,0,1,1,1,0,1,0,258208E,13,11,13,22,88,88,0,0,0,1,1
26,260456,2,2,0,0,0,3,3,5,0,17,8,2013,7,23,20,0,3,4,CR-BLUE STAR HWY,60TH ST,91,42.69449444,-86.13525,0,12,6,0,2,2,0,1,2,1,0,1,0,0000000,99,99,99,99,99,99,0,0,0,1,1
26,260457,1,1,0,1,1,1,1,163,1260,25,8,2013,1,0,45,1,13,3,SR-102 8 MILE RD,,61,42.44991389,-82.964725,0,8,0,0,1,1,0,1,2,1,0,1,0,0000000,99,99,99,99,99,99,0,0,0,1,1
26,260458,2,2,0,0,0,2,2,75,4448,12,8,2013,2,15,35,1,1,1,I-94,,108,42.26895556,-84.50787222,0,12,1,0,1,1,0,1,1,1,0,1,0,0000000,15,35,15,41,99,99,0,0,0,1,0
26,260459,1,1,0,1,1,1,1,163,1260,28,8,2013,4,22,10,1,13,3,SR-3 GRATIOT AVE,,76,42.43120278,-82.98024444,0,8,0,0,1,1,0,1,2,1,0,1,0,0000000,99,99,99,99,99,99,0,0,0,1,0
26,260460,1,1,0,0,0,2,2,145,0,24,6,2013,2,1,40,0,6,4,CR-GASPER RD,,91,43.25925,-84.05104167,0,34,0,0,1,1,0,4,2,1,0,1,0,0000000,99,99,99,99,99,99,22,0,0,1,1
26,260461,2,2,0,0,0,3,3,3,0,8,8,2013,5,14,30,0,4,4,CR-H58,,3,46.53050556,-86.22160278,0,12,8,0,1,1,0,1,1,1,0,1,0,0000000,14,36,15,0,88,88,0,0,0,2,0
26,260462,1,1,0,0,0,2,2,99,4521,14,8,2013,4,21,20,1,12,3,SR-53,,83,42.66245833,-83.01472222,0,34,0,0,1,1,0,4,2,1,0,1,0,0000000,21,24,21,27,88,88,0,0,0,2,1
26,260463,1,1,0,1,1,1,1,21,0,12,8,2013,2,17,5,0,4,4,CR-THREE OAKS RD,,62,41.85300556,-86.60976667,0,9,0,0,1,1,0,1,1,2,0,2,0,0000000,99,99,99,99,88,88,0,0,0,1,0
26,260464,2,2,0,0,0,2,2,145,0,20,8,2013,3,14,50,1,2,3,SR-46 GRATIOT RD,,99,43.41656389,-84.17446667,0,12,2,0,1,1,0,1,1,1,0,1,0,0000000,99,99,99,99,99,99,0,0,0,1,0
26,260465,2,2,0,0,0,2,2,63,0,16,8,2013,6,14,3,0,4,4,CR-ELKTON RD,,121,43.84923611,-83.18131944,0,12,2,0,1,1,0,1,1,1,0,1,0,0000000,14,3,14,11,99,99,22,0,0,1,0
26,260466,2,2,0,0,0,8,8,163,1260,18,8,2013,1,0,27,1,12,3,SR-10,,62,42.39869167,-83.11010556,0,12,7,0,1,1,0,1,3,1,0,1,0,0000000,0,27,0,35,99,99,0,0,0,3,1
26,260467,2,2,0,0,0,3,3,31,0,21,8,2013,4,14,47,1,2,2,US-23,,80,45.64870278,-84.35506111,0,12,6,0,8,1,0,1,1,1,0,1,0,0000000,14,51,15,1,99,99,0,0,0,1,0
26,260468,1,1,0,1,1,1,1,49,1730,21,8,2013,4,16,48,1,13,3,SR-54 S DORT HWY,,64,42.99578889,-83.65369167,0,8,0,0,1,1,0,1,1,1,0,1,0,0000000,16,49,17,1,99,99,0,0,0,1,0
26,260469,2,2,0,0,0,3,3,81,0,18,8,2013,1,17,50,0,15,4,CR-OLD ALPINE AVE NW,,32,43.13860556,-85.69036111,0,12,6,0,1,1,0,1,1,1,0,1,0,0000000,17,51,17,55,99,99,22,0,0,1,1
26,260470,2,2,0,0,0,3,3,87,2710,24,8,2013,7,0,24,0,14,3,SR-24 N MAIN ST,,126,43.06303056,-83.31934444,0,12,2,0,1,1,0,1,3,1,0,1,0,0000000,0,27,0,31,99,99,0,0,0,1,1
26,260471,1,1,0,0,0,1,1,21,0,29,8,2013,5,17,26,0,4,4,CR-E SHAWNEE RD,,65,41.94299444,-86.43758611,0,58,0,0,1,1,0,4,1,1,0,1,0,0000000,17,29,17,35,99,99,0,0,0,1,0
26,260472,1,1,0,1,1,2,2,81,2010,29,8,2013,5,18,18,0,14,6,MADISON AVE,DELAWARE ST,45,42.94533056,-85.65903333,0,9,0,0,2,3,0,1,1,1,0,1,0,0000000,18,19,18,24,99,99,0,0,0,1,0
26,260473,1,1,0,1,1,2,2,115,0,30,8,2013,6,21,49,0,13,2,US-24 N TELEGRAPH RD,,212,41.99946389,-83.35946389,0,8,0,0,1,1,0,1,3,1,0,1,0,0000000,21,51,21,59,99,99,0,0,0,1,0
26,260474,2,2,0,0,0,3,3,125,4567,10,8,2013,7,18,31,0,14,6,LAHSER RD,11 MILE RD,30,42.48701389,-83.26137778,0,12,6,0,2,2,0,1,1,1,0,1,0,0000000,99,99,99,99,99,99,0,0,0,1,0
26,260475,2,2,0,0,0,4,4,125,5113,24,8,2013,7,16,1,0,13,4,CR-ELIZABETH LAKE RD,EXMOORE RD,42,42.63898056,-83.36816111,0,12,6,0,2,3,0,1,1,1,0,1,0,0000000,99,99,99,99,99,99,0,0,0,1,0
26,260476,2,2,0,0,0,3,3,65,0,30,8,2013,6,11,44,0,14,3,SR-43 GRAND RIVER AVE,SR-52 PERRY RD,183,42.67621944,-84.21901944,0,12,6,0,2,3,0,1,1,1,0,1,0,0000000,11,44,11,51,99,99,0,0,0,1,0
26,260477,1,1,0,0,0,2,2,143,0,31,8,2013,7,13,36,0,6,4,CR-CAMPGROUND RD,,14,44.25908611,-84.47093333,0,42,0,0,1,1,0,4,1,1,0,1,0,0000000,13,38,13,56,88,88,22,0,0,2,1
26,260478,1,1,0,1,1,1,1,163,1212,26,7,2013,6,21,53,1,13,2,US-24 N TELEGRAPH RD,HASS,169,42.334275,-83.27276111,0,8,0,0,3,2,0,1,3,1,0,1,0,0000000,21,56,22,5,99,99,0,0,0,1,0
26,260479,1,1,0,0,0,1,1,65,0,17,8,2013,7,22,10,1,11,1,I-96,,212,42.65954167,-84.19844722,0,1,0,1,19,1,0,4,2,1,0,1,0,0000000,22,10,22,20,99,99,0,0,0,1,1
26,260480,4,4,0,0,0,4,4,55,0,22,8,2013,5,6,30,0,15,4,CR-SECORD RD,N WEST SILVER LAKE RD,19,44.71586944,-85.68584167,0,12,1,0,3,3,0,1,4,10,0,10,0,0000000,6,33,6,36,99,99,22,0,0,1,0
26,260481,2,2,0,0,0,3,3,139,5340,20,8,2013,3,1,8,0,13,7,I-196 BL,S STATE ST,53,42.80533056,-86.01878333,0,12,6,0,2,2,0,1,3,1,0,1,0,0000000,1,8,1,10,88,88,0,0,0,1,0
26,260482,2,2,0,0,0,3,3,65,0,17,8,2013,7,21,10,0,3,3,SR-52,SWAN RD,23,42.51853333,-84.19021389,0,12,6,0,2,2,0,1,2,1,0,1,0,0000000,99,99,99,99,99,99,0,0,0,1,1
26,260483,4,4,0,0,0,4,4,157,0,10,8,2013,7,16,37,0,3,3,SR-15 STATE RD,,24,43.25787778,-83.52945278,0,12,1,0,8,1,0,1,1,1,0,1,0,0000000,16,39,16,54,99,99,0,0,0,1,0
26,260484,1,1,0,2,2,1,1,139,0,20,8,2013,3,2,13,1,13,2,US-31,,25,42.8035,-86.08469444,0,8,0,0,1,1,0,1,2,1,0,1,0,0000000,2,14,2,17,99,99,22,0,0,1,0
26,260485,1,1,0,0,0,1,1,59,0,23,8,2013,6,21,50,0,3,3,SR-49,,2,41.701775,-84.74755833,0,53,0,0,1,1,0,4,2,1,0,1,0,0000000,99,99,99,99,88,88,0,0,0,1,1
26,260486,2,2,0,0,0,3,3,125,0,28,8,2013,4,10,59,1,11,1,I-96,,9,42.51714722,-83.65263889,0,12,1,1,18,1,0,1,1,10,0,10,0,0000000,99,99,99,99,99,99,19,0,0,1,0
26,260487,1,1,0,0,0,1,1,159,1143,23,8,2013,6,6,6,0,6,4,CR-48TH AVE,,20,42.24345278,-86.30286944,0,1,0,0,1,1,0,4,2,10,0,10,0,0000000,99,99,99,99,88,88,22,0,0,1,0
26,260488,2,2,0,0,0,3,3,163,1260,25,8,2013,1,3,0,1,13,3,SR-3 GRATIOT AVE,CONNER ST,56,42.40490556,-82.99748333,0,12,6,0,2,2,0,1,3,1,0,1,0,0000000,99,99,99,99,99,99,0,0,0,1,1
26,260489,2,2,0,0,0,3,3,163,738,26,8,2013,2,13,10,1,13,2,US-12 MICHIGAN AVE,HANNAN RD,65,42.27919722,-83.427125,0,12,6,0,2,2,0,1,1,10,0,10,0,0000000,13,11,13,18,99,99,0,0,0,1,0
26,260490,1,1,0,1,1,1,1,77,0,26,8,2013,2,22,28,1,11,1,I-94,,48,42.23753889,-85.67733056,0,8,0,0,1,1,0,1,2,1,0,1,0,0000000,99,99,99,99,99,99,0,0,0,1,0
26,260491,1,1,0,1,1,1,1,163,2820,20,7,2013,7,19,17,0,16,6,EUCLID AVE,,3,42.25551667,-83.17918333,0,8,0,0,8,1,0,1,1,1,0,1,0,0000000,19,18,19,23,99,99,0,0,0,1,0
26,260492,1,1,0,0,0,1,1,67,2650,19,8,2013,2,20,7,0,4,6,JORDAN LAKE RD,,3,42.78086389,-85.13328333,0,10,0,0,6,1,0,1,1,1,0,1,0,234481T,20,11,20,20,88,88,0,0,0,1,0
26,260493,1,1,0,0,0,1,1,115,0,8,8,2013,5,1,31,0,14,4,CR-N DIXIE HWY,,83,41.99333611,-83.28813611,0,1,0,0,1,1,0,4,3,10,0,10,0,0000000,1,33,1,48,88,88,22,0,0,1,1
26,260494,2,2,0,0,0,2,2,99,1009,24,8,2013,7,20,47,1,13,3,SR-3 GRATIOT AVE,ABRAHM ST,79,42.55301944,-82.90075,0,12,6,0,2,2,0,1,3,1,0,1,0,0000000,20,49,20,55,99,99,0,0,0,1,0
26,260496,2,2,0,0,0,7,7,85,891,25,8,2013,1,13,59,1,2,2,US-10,E HAWKINS RD,250,43.88781944,-85.60224722,0,12,6,0,2,2,0,1,1,1,0,1,0,0000000,13,59,14,9,99,99,0,0,0,1,0
26,260497,1,1,0,1,1,1,1,163,1260,4,9,2013,4,20,55,0,14,6,FENKELL ST,FREELAND ST,66,42.40188056,-83.18607222,0,9,0,0,1,1,0,1,5,1,0,1,0,0000000,99,99,99,99,99,99,0,0,0,1,1
26,260498,2,2,0,0,0,2,2,125,4020,21,8,2013,4,13,48,1,13,3,SR-59 HURON ST,STATE ST,206,42.637575,-83.29911389,0,12,1,0,3,2,0,1,1,1,0,1,0,0000000,13,51,13,52,99,99,0,0,0,1,0
26,260499,2,2,0,0,0,2,2,163,1260,7,9,2013,7,21,15,0,13,6,7 MILE RD,,93,42.42926389,-83.25187778,0,12,6,0,8,1,0,1,2,1,0,1,0,0000000,99,99,99,99,99,99,0,0,0,1,1
26,260500,1,1,0,0,0,1,1,159,0,19,8,2013,2,23,30,0,4,4,CR-352,,26,42.1226,-85.99872778,0,53,0,0,1,1,0,4,2,10,0,10,0,0000000,99,99,99,99,99,99,0,0,0,1,1
26,260501,1,1,0,0,0,1,1,103,0,9,9,2013,2,12,40,1,2,2,US-41,,274,46.54864167,-87.47266389,0,33,0,0,1,1,0,4,1,10,0,10,0,0000000,12,41,12,46,88,88,0,0,0,1,0
26,260502,2,2,0,0,0,2,2,121,3450,1,9,2013,1,22,58,1,13,3,SR-SEAWAY DR,SHERMAN BLVD,42,43.20526667,-86.26010278,0,12,1,0,3,2,0,1,3,10,0,10,0,0000000,99,99,99,99,99,99,0,0,0,1,2
26,260503,3,3,0,0,0,5,5,163,1260,28,8,2013,4,21,30,1,11,1,I-96,,123,42.378675,-83.21199722,0,12,1,0,1,1,0,1,3,1,0,1,0,0000000,99,99,99,99,99,99,0,0,0,1,2
26,260504,1,1,0,1,1,4,4,37,0,31,8,2013,7,12,53,0,6,4,CR-TOWNSEND RD,,3,42.98619722,-84.47824444,0,9,0,0,8,1,0,1,1,10,0,10,0,0000000,12,53,13,3,88,88,22,0,0,1,0
26,260505,1,1,0,0,0,1,1,81,2010,20,8,2013,3,22,0,1,13,2,US-131 RAMP 077C,,3,42.9727,-85.67617778,0,24,0,1,5,1,0,4,2,1,0,1,0,0000000,99,99,99,99,99,99,0,0,0,1,1
26,260506,2,2,0,0,0,4,4,67,0,21,8,2013,4,15,3,0,4,4,CR-GRAND RIVER AVE,MORRISON LAKE RD,50,42.886425,-85.21329444,0,12,6,0,2,2,0,1,1,1,0,1,0,0000000,99,99,99,99,99,99,0,0,0,1,0
26,260507,1,1,0,0,0,2,2,87,0,28,8,2013,4,23,30,0,6,4,CR-MAPLE GROVE RD,,6,43.02215556,-83.26299444,0,42,0,0,1,1,0,4,2,1,0,1,0,0000000,23,49,23,55,99,99,22,0,0,1,1
26,260508,2,2,0,0,0,3,3,49,0,31,8,2013,7,16,46,0,15,4,CR-JENNINGS RD,,2,43.04936389,-83.752925,0,12,6,0,8,1,0,1,1,10,0,10,0,0000000,99,99,99,99,99,99,0,0,0,1,0
26,260509,1,1,0,0,0,1,1,139,0,31,8,2013,7,14,28,0,14,4,CR-FILLMORE ST,,181,42.93628611,-85.85788611,0,1,0,0,1,1,0,4,1,10,0,10,0,0000000,14,30,14,34,99,99,0,0,0,1,0
26,260510,1,1,0,0,0,1,1,21,0,11,9,2013,4,23,9,0,16,4,CR-MARQUETTE WOODS RD,,8,42.02893611,-86.51895556,0,30,0,0,1,1,0,4,2,10,0,10,0,0000000,23,14,23,22,88,88,0,0,0,1,1
26,260511,1,1,0,0,0,1,1,23,0,11,9,2013,4,14,0,0,3,3,SR-60 MENDON RD,,36,42.059,-85.22777778,0,1,0,0,1,1,0,4,1,1,0,1,0,0000000,14,3,14,10,99,99,0,0,0,1,1
26,260512,2,2,0,0,0,2,2,21,0,1,8,2013,5,11,51,0,3,4,CR-RED ARROW HWY,,158,41.913625,-86.58303889,0,12,1,0,8,1,0,1,1,1,0,1,0,0000000,11,52,12,2,99,99,0,0,0,1,0
26,260513,1,1,0,1,1,1,1,99,1009,29,6,2013,7,2,30,0,13,3,SR-97 GROESBECK,,97,42.57180278,-82.91025833,0,8,0,0,1,1,0,1,2,10,0,10,0,0000000,2,32,2,35,88,88,0,0,0,1,1
26,260514,2,2,0,0,0,3,3,163,4975,27,7,2013,7,21,36,0,14,6,SERVICE DR I-94,HANNAN RD,1,42.21989722,-83.42438611,0,12,6,0,2,2,0,1,2,10,0,10,0,0000000,99,99,99,99,99,99,0,0,0,1,0
26,260515,1,1,0,0,0,1,1,33,325,15,9,2013,1,0,1,0,6,4,CR-CHICKASEE RD,,16,46.43331111,-84.509075,0,44,0,0,1,1,0,1,2,10,0,10,0,0000000,8,39,8,50,88,88,0,0,0,1,1
26,260516,1,1,0,0,0,2,2,43,0,24,8,2013,7,23,30,0,3,3,SR-69,,133,45.99051389,-87.79505556,0,24,0,0,1,1,0,4,3,1,0,1,0,0000000,23,58,0,17,99,99,0,0,0,1,1
26,260517,2,2,0,0,0,2,2,117,0,5,9,2013,5,5,29,1,2,3,SR-46 E HOWARD CITY EDMORE RD,CEDAR LAKE RD,253,43.40801667,-84.985125,0,12,1,0,3,3,0,1,2,1,0,1,0,0000000,99,99,99,99,88,88,0,0,0,1,1
26,260518,1,1,0,1,1,1,1,115,1340,12,9,2013,5,7,46,0,4,6,ANN ARBOR ST,TECUMSEH ST,0,41.95915556,-83.67046111,0,9,0,0,3,3,0,1,1,1,0,1,0,0000000,7,46,8,26,99,99,0,0,0,1,0
26,260519,1,1,0,0,0,1,1,159,3850,3,9,2013,3,7,15,0,15,6,CR 665,SR-40,25,42.20459722,-85.88600278,0,1,0,0,2,3,0,1,4,1,0,1,0,0000000,88,88,88,88,88,88,0,0,0,1,1
26,260520,1,1,0,1,1,1,1,5,0,23,8,2013,6,12,1,0,2,3,SR-89,,74,42.46772778,-85.74124167,0,8,0,0,1,1,0,1,1,1,0,1,0,0000000,99,99,99,99,99,99,0,0,0,1,0
26,260521,2,2,0,0,0,4,4,77,0,18,7,2013,5,9,40,0,15,4,CR-E D AVE,N 28TH ST,5,42.37618889,-85.49426389,0,12,6,0,2,2,0,1,1,1,0,1,0,0000000,99,99,99,99,99,99,0,0,0,1,0
26,260522,2,2,0,0,0,4,4,77,3727,20,7,2013,7,11,43,0,13,4,CR-STADIUM AVE,11TH ST,59,42.26762778,-85.65805556,0,12,6,0,2,2,0,1,1,1,0,1,0,0000000,99,99,99,99,99,99,0,0,0,1,1
26,260523,2,2,0,0,0,2,2,97,0,27,4,2013,7,13,37,0,3,3,SR-134,,177,45.99954167,-84.35269444,0,12,2,0,1,1,0,1,1,1,0,1,0,0000000,13,37,13,48,99,99,0,0,0,1,0
26,260524,2,2,0,0,0,6,6,69,0,3,9,2013,3,19,7,0,3,3,SR-65,BISSONETTE RD,288,44.48801389,-83.68533056,0,12,6,0,2,2,0,1,1,1,0,1,0,0000000,19,7,19,22,99,99,0,0,0,1,0
26,260525,1,1,0,0,0,4,4,29,0,1,9,2013,1,14,8,0,6,4,CR-COMMODORE DR,PORT DR,1,45.25779444,-85.156975,0,5,0,0,2,3,0,1,1,1,0,1,0,0000000,14,8,14,23,99,99,0,0,0,1,1
26,260526,1,1,0,1,1,1,1,151,0,6,9,2013,6,20,20,0,4,4,CR-GALBRAITH LINE RD,,106,43.18854167,-82.78765278,0,8,0,0,1,1,0,1,5,1,0,1,0,0000000,20,23,20,31,99,99,0,0,0,1,0
26,260527,1,1,0,1,1,1,1,165,0,6,9,2013,6,21,10,1,2,3,SR-115,,200,44.285675,-85.49375278,0,8,0,0,1,1,0,2,2,1,0,1,0,0000000,21,16,21,20,99,99,0,0,0,1,0
26,260528,1,1,0,0,0,2,2,99,4330,3,9,2013,3,0,2,1,11,1,I-696 RAMP 023A,,2,42.49446944,-82.92476667,0,33,0,1,5,1,0,8,3,1,0,1,0,0000000,0,4,0,8,99,99,0,0,0,2,1
26,260529,1,1,0,0,0,1,1,27,0,9,9,2013,2,20,7,0,6,4,CR-CHAIN LAKE ST,,33,41.86053056,-85.90502778,0,1,0,0,1,1,0,1,1,1,0,1,0,0000000,99,99,99,99,99,99,22,0,0,1,0
26,260530,2,2,0,0,0,2,2,49,1731,14,9,2013,7,22,4,1,13,4,CR-BRISTOL RD,,10,42.97507222,-83.73788889,0,12,1,0,1,1,0,1,3,1,0,1,0,0000000,99,99,99,99,99,99,0,0,0,1,1
26,260531,2,2,0,0,0,2,2,21,0,9,9,2013,2,14,25,1,11,1,I-94,,328,42.10381667,-86.40112222,0,12,2,0,1,1,0,1,1,1,0,1,0,0000000,14,24,14,26,99,99,0,0,0,1,1
26,260532,7,7,0,0,0,10,10,81,0,10,9,2013,3,8,0,1,12,2,US-131,,239,43.09438056,-85.62915556,0,12,1,0,1,1,0,1,4,1,0,1,0,0000000,99,99,99,99,99,99,0,0,0,2,0
26,260533,1,1,0,0,0,1,1,31,0,21,9,2013,7,16,6,0,4,4,CR-S STRAITS HWY,,129,45.36502222,-84.63691389,0,43,0,0,1,1,0,4,1,10,0,10,0,0000000,16,7,16,18,88,88,0,0,0,1,1
26,260534,1,1,0,0,0,1,1,17,0,21,9,2013,7,22,1,0,6,4,CR-S FOMM RD,KINNEY RD,0,43.49310556,-83.77820556,0,34,0,0,3,3,0,4,2,1,0,1,0,0000000,22,1,22,8,88,88,22,0,0,1,1
26,260535,1,1,0,0,0,1,1,25,0,22,9,2013,1,18,55,0,5,4,CR-A DR S,,19,42.23924722,-85.02478611,0,42,0,0,1,1,0,4,1,10,0,10,0,0000000,19,1,19,14,88,88,22,0,0,1,0