STATE,ST_CASE,VE_TOTAL,VE_FORMS,PVH_INVL,PEDS,PERNOTMVIT,PERMVIT,PERSONS,COUNTY,CITY,DAY,MONTH,YEAR,DAY_WEEK,HOUR,MINUTE,NHS,ROAD_FNC,ROUTE,TWAY_ID,TWAY_ID2,MILEPT,LATITUDE,LONGITUD,SP_JUR,HARM_EV,MAN_COLL,RELJCT1,RELJCT2,TYP_INT,WRK_ZONE,REL_ROAD,LGT_COND,WEATHER1,WEATHER2,WEATHER,SCH_BUS,RAIL,NOT_HOUR,NOT_MIN,ARR_HOUR,ARR_MIN,HOSP_HR,HOSP_MN,CF1,CF2,CF3,FATALS,DRUNK_DR
26,260536,1,1,0,0,0,1,1,127,0,11,9,2013,4,7,10,0,4,4,CR-GARFIELD RD,,77,43.55544722,-86.17086944,0,11,0,0,1,1,0,1,4,10,0,10,0,0000000,7,18,7,29,99,99,22,0,0,1,0
26,260537,2,2,0,0,0,3,3,101,0,12,9,2013,5,8,11,0,4,4,CR-SPRINGDALE RD,TOMASEK RD,50,44.48493889,-85.95892778,0,12,6,0,2,2,0,1,1,1,0,1,0,0000000,8,10,8,17,99,99,22,0,0,2,0
26,260538,1,1,0,0,0,1,1,33,0,14,9,2013,7,1,30,0,4,3,SR-134 E CHANNEL RD,,62,45.99876111,-83.77483056,0,1,0,0,1,1,0,4,3,1,0,1,0,0000000,2,12,2,21,88,88,0,0,0,1,1
26,260539,1,1,0,0,0,1,1,91,4214,1,9,2013,1,23,39,0,6,4,CR-THOMPSON HWY,,4,41.72591111,-83.88053056,0,34,0,0,1,1,0,4,2,10,0,10,0,0000000,23,54,0,7,88,88,22,0,0,1,0
26,260540,1,1,0,0,0,1,1,61,0,13,9,2013,6,12,50,0,3,3,SR-26,,127,47.15741667,-88.44923611,0,1,0,0,1,1,0,1,1,1,0,1,0,0000000,12,52,13,2,99,99,0,0,0,1,0
26,260541,2,2,0,0,0,3,3,145,0,13,9,2013,6,17,39,0,6,4,CR-BALDWIN RD,FRANDSCHE RD,70,43.20174167,-84.14925278,0,12,6,0,2,2,0,1,1,1,0,1,0,0000000,99,99,99,99,99,99,0,0,0,1,0
26,260542,1,1,0,0,0,1,1,15,0,14,9,2013,7,19,2,0,5,4,CR-CRESSEY RD,,21,42.42856111,-85.50157778,0,11,0,0,1,1,0,1,1,1,0,1,0,0000000,19,4,19,18,99,99,22,0,0,1,0
26,260543,1,1,0,0,0,2,2,93,0,7,9,2013,7,1,3,0,15,4,CR-FLINT RD,,16,42.54461667,-83.76899722,0,34,0,0,1,1,0,4,2,1,0,1,0,0000000,1,5,1,12,99,99,0,0,0,1,1
26,260544,2,2,0,0,0,4,4,129,0,21,9,2013,7,6,20,0,3,3,SR-55,GRAY,92,44.27684167,-84.2668,0,12,6,0,2,2,0,1,3,10,0,10,0,0000000,6,21,6,27,99,99,0,0,0,1,0
26,260545,1,1,0,0,0,1,1,101,0,21,9,2013,7,6,45,0,6,4,CR-PINE CREEK RD,,25,44.24661667,-86.24518333,0,30,0,0,1,1,0,4,2,10,0,10,0,0000000,6,50,6,55,88,88,22,0,0,1,1
26,260546,1,1,0,1,1,1,1,163,1260,24,9,2013,3,19,7,0,14,6,W CHICAGO ST,,20,42.36515833,-83.20976667,0,9,0,0,1,1,0,1,1,1,0,1,0,0000000,99,99,99,99,99,99,0,0,0,1,0
26,260547,5,5,0,0,0,10,10,21,0,14,9,2013,7,15,17,0,3,2,US-12,,17,41.79903611,-86.68826111,0,12,1,0,1,1,4,1,1,1,0,1,0,0000000,15,19,15,25,99,99,0,0,0,1,0
26,260548,2,2,0,0,0,2,2,65,0,28,8,2013,4,3,15,1,11,1,I-96,,212,42.65860833,-84.19778889,0,12,2,1,18,1,0,1,2,2,0,2,0,0000000,3,15,3,24,88,88,0,0,0,1,1
26,260549,1,1,0,0,0,1,1,99,5110,8,9,2013,1,22,27,0,14,6,13 MILE RD,,5,42.52133333,-83.01984722,0,33,0,0,1,1,0,4,3,1,0,1,0,0000000,99,99,99,99,99,99,0,0,0,1,0
26,260550,1,1,0,1,1,2,2,161,150,7,8,2013,4,14,53,1,13,6,PLYMOUTH RD,,19,42.30243611,-83.71033056,0,8,0,0,1,1,0,1,1,10,0,10,0,0000000,14,53,15,0,99,99,0,0,0,1,0
26,260551,2,2,0,0,0,2,2,163,1920,25,8,2013,1,18,11,1,13,3,SR-153 FORD RD,MOELLER AVE,99,42.32505833,-83.3535,0,12,6,0,2,2,0,1,1,1,0,1,0,0000000,99,99,99,99,99,99,0,0,0,1,0
26,260552,1,1,0,1,1,1,1,125,0,3,9,2013,3,22,23,1,13,3,SR-102 8 MILE RD,,78,42.44572778,-83.16975833,0,8,0,0,1,1,0,1,2,1,0,1,0,0000000,22,23,22,29,99,99,0,0,0,1,0
26,260553,1,1,0,0,0,1,1,163,1260,29,8,2013,5,3,5,1,11,1,I-94,,349,42.40783611,-82.95079167,0,30,0,0,1,1,0,4,3,1,0,1,0,0000000,99,99,99,99,99,99,0,0,0,1,1
26,260554,1,1,0,0,0,1,1,161,0,13,9,2013,6,2,17,1,11,1,I-94,,171,42.28860833,-83.80399722,0,18,0,0,1,1,0,3,2,1,0,1,0,0000000,99,99,99,99,88,88,0,0,0,1,1
26,260555,2,2,0,0,0,2,2,99,924,28,9,2013,7,7,18,0,14,3,SR-29 23 MILE RD,,145,42.67430278,-82.81368611,0,12,2,0,1,1,0,1,4,5,0,5,0,0000000,99,99,99,99,99,99,0,0,0,1,0
26,260556,1,1,0,0,0,1,1,21,0,19,9,2013,5,23,58,0,16,4,CR-LINCO RD,,10,41.985475,-86.51985278,0,1,0,0,1,1,0,4,2,10,0,10,0,0000000,0,1,0,8,99,99,18,22,0,1,0
26,260557,2,2,0,0,0,2,2,67,0,2,9,2013,2,14,35,0,4,4,CR-GRAND RIVER AVE,JORDAN LAKE RD,90,42.88615556,-85.134175,0,12,6,0,2,2,0,1,1,10,0,10,0,0000000,14,35,14,35,99,99,0,0,0,1,0
26,260558,1,1,0,0,0,1,1,145,0,28,9,2013,7,11,44,0,4,4,CR-N FORDNEY RD,,86,43.43042778,-84.19048889,0,1,0,0,1,1,0,4,1,1,0,1,0,0000000,99,99,99,99,88,88,22,0,0,1,0
26,260559,1,1,0,0,0,1,1,27,0,22,9,2013,1,4,1,0,6,4,CR-TOPASH ST,,25,42.04183889,-86.15599167,0,30,0,0,1,1,0,4,2,1,0,1,0,0000000,4,3,4,8,88,88,0,0,0,1,1
26,260560,1,1,0,0,0,1,1,163,1260,28,9,2013,7,15,11,1,11,1,I-96,,31,42.37940833,-83.19321944,0,25,0,0,1,1,0,3,1,1,0,1,0,0000000,15,14,15,22,99,99,0,0,0,1,0
26,260561,1,1,0,1,1,2,2,115,0,21,9,2013,7,20,8,0,15,4,CR-WHITEFORD CENTER RD,,59,41.72941389,-83.63001111,0,8,0,0,1,1,0,1,5,1,0,1,0,0000000,20,11,20,21,99,99,0,0,0,1,1
26,260562,3,1,2,0,4,1,5,115,0,20,9,2013,6,12,24,0,9,2,US-23 RAMP RA2A,,0,41.83103333,-83.67813611,0,14,0,1,5,1,0,4,1,10,0,10,0,0000000,12,28,12,41,88,88,0,0,0,1,0
26,260563,1,1,0,1,1,1,1,163,1260,22,9,2013,1,14,39,0,13,6,7 MILE RD,,107,42.42991944,-83.22475556,0,8,0,0,1,1,0,1,1,1,0,1,0,0000000,99,99,99,99,99,99,0,0,0,1,0
26,260564,1,1,0,0,0,1,1,87,0,26,9,2013,5,0,37,0,4,4,CR-COLUMBIAVILLE RD,,18,43.15861667,-83.41823889,0,42,0,0,1,1,0,4,2,1,0,1,0,0000000,0,39,0,57,88,88,0,0,0,1,1
26,260565,1,1,0,0,0,1,1,65,0,18,9,2013,4,18,23,1,1,1,I-96,,193,42.666075,-84.23311389,0,1,0,0,1,1,0,4,1,1,0,1,0,0000000,18,23,18,45,88,88,0,0,0,1,0
26,260566,1,1,0,0,0,1,1,77,0,19,9,2013,5,19,20,1,13,2,US-131 BUS,,16,42.31443333,-85.58810278,0,1,0,0,1,1,0,5,1,10,0,10,0,0000000,99,99,99,99,88,88,0,0,0,1,1
26,260567,1,1,0,1,1,1,1,49,1730,28,9,2013,7,23,53,1,13,3,SR-54,,91,43.035425,-83.65541111,0,8,0,0,1,1,0,1,3,10,0,10,0,0000000,23,57,0,5,99,99,0,0,0,1,0
26,260568,2,2,0,0,0,2,2,99,4290,14,9,2013,7,9,20,0,14,6,32 MILE RD,,45,42.80295,-82.99853333,0,1,0,0,8,1,0,1,1,1,0,1,0,0000000,99,99,99,99,99,99,0,0,0,1,0
26,260569,1,1,0,0,0,1,1,119,0,24,8,2013,7,19,30,0,6,4,CR-GRANHOLM RD,,16,44.87654722,-84.21335,0,42,0,0,1,1,0,4,1,1,0,1,0,0000000,99,99,99,99,88,88,22,0,0,1,0
26,260570,2,2,0,0,0,2,2,79,0,3,9,2013,3,9,55,1,2,3,SR-72,,81,44.71333333,-85.02651944,0,12,2,0,1,1,0,1,1,1,0,1,0,0000000,9,55,10,3,99,99,22,0,0,1,0
26,260571,2,2,0,0,0,1,1,49,0,6,9,2013,6,23,55,0,16,4,CR-DORAN ST,,1,43.06208333,-83.74096389,0,12,2,0,1,1,0,1,2,1,0,1,0,0000000,23,54,23,58,99,99,0,0,0,1,1
26,260572,2,2,0,0,0,2,2,49,686,25,9,2013,4,1,12,1,11,1,I-69,,178,43.01938889,-83.59906667,0,12,2,1,18,1,0,1,2,10,0,10,0,0000000,1,16,1,18,99,99,0,0,0,1,0
26,260573,2,2,0,0,0,3,3,121,3450,28,9,2013,7,16,2,0,15,6,MCGRAFT PARK RD,,5,43.21123333,-86.27952778,0,12,8,0,1,1,0,1,1,1,0,1,0,0000000,99,99,99,99,99,99,0,0,0,1,2
26,260574,2,2,0,0,0,3,3,93,0,1,8,2013,5,11,35,0,14,4,CR-PLEASANT VALLEY RD,,2,42.54887778,-83.71219722,0,12,2,0,1,1,0,1,1,1,0,1,0,0000000,99,99,99,99,99,99,0,0,0,1,0
26,260575,4,2,2,0,2,2,4,161,4799,28,9,2013,7,6,11,1,1,1,I-94,,9,42.29208889,-84.07585833,0,14,0,0,1,1,0,3,2,5,0,5,0,0000000,99,99,99,99,99,99,0,0,0,1,0
26,260577,1,1,0,1,1,1,1,11,0,9,6,2013,1,8,52,0,6,4,CR-MANOR RD,,43,44.02658333,-83.741275,0,8,0,0,1,1,0,1,1,1,0,1,0,0000000,8,54,9,1,99,99,22,0,0,1,0
26,260578,1,1,0,1,1,1,1,5,0,14,6,2013,6,10,21,0,6,4,CR-130TH AVE,,96,42.63843889,-85.71018611,0,9,0,0,1,1,0,1,1,1,0,1,0,0000000,99,99,99,99,99,99,0,0,0,1,0
26,260579,2,2,0,0,0,2,2,25,4649,21,6,2013,6,15,24,1,13,3,SR-96 DICKMAN RD,WYNDTREE DR,16,42.33224167,-85.26961944,0,12,6,0,2,2,0,1,1,1,0,1,0,0000000,15,28,15,30,99,99,0,0,0,1,0
26,260580,1,1,0,0,0,1,1,5,0,3,6,2013,2,10,18,0,4,4,CR-109TH AVE,,45,42.48380833,-86.15842778,0,34,0,0,1,1,0,4,1,1,0,1,0,0000000,99,99,99,99,88,88,0,0,0,1,0
26,260581,1,1,0,0,0,1,1,123,0,14,8,2013,4,20,12,0,3,3,SR-37 MASON DR,,47,43.35806944,-85.80231389,0,1,0,0,1,1,0,4,1,1,0,1,0,0000000,20,12,20,25,88,88,0,0,0,1,1
26,260582,2,2,0,0,0,3,3,91,0,19,8,2013,2,20,40,0,3,3,SR-50 MONROE RD,ONSTED,34,42.03787778,-84.19005,0,12,6,0,2,2,0,1,5,1,0,1,0,0000000,99,99,99,99,99,99,0,0,0,2,0
26,260583,3,3,0,0,0,4,4,163,4815,17,8,2013,7,2,34,1,13,6,EUREKA RD,,55,42.19658889,-83.29905556,0,12,1,0,8,1,0,1,3,1,0,1,0,0000000,2,34,2,40,99,99,0,0,0,1,2
26,260584,2,2,0,0,0,3,3,125,0,20,9,2013,6,20,43,0,14,4,CR-ANDERSONVILLE,,2,42.70353889,-83.44105556,0,12,2,0,1,1,0,1,2,2,0,2,0,0000000,20,43,20,48,99,99,0,0,0,1,1
26,260585,2,2,0,0,0,2,2,55,0,27,9,2013,6,6,42,0,4,4,CR-CEDAR RUN RD,GRAY RD,65,44.75933056,-85.69473056,0,12,6,0,2,3,0,1,3,1,0,1,0,0000000,6,42,6,53,99,99,22,0,0,1,0
26,260586,1,1,0,0,0,1,1,101,3680,23,9,2013,2,11,0,0,3,3,SR-22 MAIN ST,,72,44.36151944,-86.1976,0,42,0,0,1,1,0,4,1,1,0,1,0,0000000,11,6,11,13,99,99,0,0,0,1,0
26,260587,2,2,0,0,0,3,3,5,0,25,9,2013,4,5,55,1,1,1,I-196,,31,42.46060833,-86.23076389,0,57,0,0,1,1,0,3,2,1,0,1,0,0000000,99,99,99,99,99,99,0,0,0,1,0
26,260588,1,1,0,1,1,1,1,93,0,26,9,2013,5,20,40,0,4,4,CR-OLD 23,,204,42.71319167,-83.76226667,0,8,0,0,1,1,0,1,2,1,0,1,0,0000000,20,40,20,50,88,88,0,0,0,1,0
26,260589,2,2,0,0,0,2,2,5,0,26,9,2013,5,19,14,0,4,4,CR-142ND AVE,26TH ST,100,42.72497778,-85.80112222,0,12,6,0,2,2,0,1,1,1,0,1,0,0000000,99,99,99,99,88,88,0,0,0,1,0
26,260590,1,1,0,1,1,1,1,115,0,28,9,2013,7,0,5,1,13,2,US-24 TELEGRAPH RD,,114,41.87516111,-83.44959167,0,8,0,0,1,1,0,1,2,1,0,1,0,0000000,0,9,0,18,88,88,0,0,0,1,0
26,260591,2,2,0,0,0,3,3,159,0,29,9,2013,1,16,50,0,3,3,SR-40,,179,42.30260833,-85.87873056,0,12,6,0,8,1,0,1,1,1,0,1,0,0000000,16,51,17,2,99,99,0,0,0,1,0
26,260592,2,2,0,0,0,2,2,69,0,21,9,2013,7,13,25,0,6,4,CR-CURTIS RD,TRAIL 649,89,44.36546944,-83.68618611,0,12,6,0,2,2,0,1,1,1,0,1,0,0000000,99,99,99,99,99,99,22,0,0,1,0
26,260593,1,1,0,1,1,1,1,163,1210,20,9,2013,6,20,6,1,13,6,WARREN,,2,42.34371111,-83.192525,0,8,0,0,1,1,0,1,3,2,0,2,0,0000000,99,99,99,99,99,99,0,0,0,1,0
26,260594,1,1,0,0,0,2,2,125,0,20,9,2013,6,9,56,0,16,4,CR-HALL RD,ANDERSONVILLE RD,6,42.74515833,-83.53715278,0,24,0,0,3,3,0,4,1,10,0,10,0,0000000,9,59,10,1,99,99,0,0,0,1,0
26,260595,2,2,0,0,0,2,2,163,2430,14,9,2013,7,12,1,1,13,6,INKSTER,AVONDALE,136,42.30444167,-83.31050833,0,12,7,0,3,2,0,1,1,1,0,1,0,0000000,99,99,99,99,99,99,0,0,0,1,0
26,260596,1,1,0,0,0,3,3,5,1713,13,7,2013,7,6,28,0,6,4,CR-OTTOGAN,,91,42.76892222,-86.02148611,0,32,0,0,1,1,0,4,1,1,0,1,0,0000000,99,99,99,99,99,99,0,0,0,1,1
26,260597,1,1,0,1,1,1,1,163,2820,20,9,2013,6,20,53,1,13,6,SOUTHFIELD RD,ELECTRIC AVE,1,42.24955278,-83.17469444,0,9,0,0,3,2,0,1,3,2,0,2,0,0000000,20,55,21,0,99,99,0,0,0,1,0
26,260598,2,2,0,1,1,1,1,11,0,5,7,2013,6,17,35,0,4,4,CR-MAPLE RIDGE RD,,97,44.14199722,-83.94541111,0,8,0,0,1,1,0,1,1,1,0,1,0,0000000,17,35,17,52,99,99,0,0,0,1,0
26,260599,2,2,0,0,0,3,3,99,5110,29,9,2013,1,11,22,1,13,6,MOUND,CHICAGO,55,42.52786944,-83.04743611,0,12,6,0,2,2,0,1,1,2,0,2,0,0000000,99,99,99,99,99,99,0,0,0,1,0
26,260600,2,2,0,0,0,2,2,163,1260,15,5,2013,4,17,24,1,13,6,WARREN,BEECHWOOD,40,42.34459722,-83.11850556,0,12,6,0,2,2,0,1,1,1,0,1,0,0000000,99,99,99,99,99,99,0,0,0,1,0
26,260601,1,1,0,0,0,2,2,163,1260,31,5,2013,6,23,50,0,14,6,OUTER DR,,5,42.44129722,-83.02577222,0,33,0,0,1,1,0,4,2,10,0,10,0,0000000,99,99,99,99,99,99,0,0,0,2,0
26,260602,2,2,0,0,0,4,4,163,1260,21,6,2013,6,0,45,1,13,6,WARREN AVE,PENNSYLVANIA ST,46,42.38190833,-82.99795,0,12,7,0,1,1,0,1,2,1,0,1,0,0000000,99,99,99,99,99,99,0,0,0,1,0
26,260603,1,1,0,0,0,1,1,77,0,8,9,2013,1,16,0,0,4,4,CR-RIVERVIEW DR,,82,42.40895278,-85.56241111,0,42,0,0,1,1,0,6,1,1,0,1,0,0000000,16,0,16,5,99,99,0,0,0,1,0
26,260604,3,3,0,0,0,9,9,163,1260,22,9,2013,1,2,0,0,16,6,HURLBUT ST,EDSEL FORD SERVICE DR,0,42.39186667,-83.0017,0,12,11,0,3,3,0,1,2,10,0,10,0,0000000,99,99,99,99,99,99,0,0,0,4,2
26,260605,2,2,0,0,0,2,2,125,0,2,10,2013,4,15,5,1,2,3,SR-15 ORTONVILLE RD,,86,42.83756944,-83.44741111,0,12,6,0,8,1,0,1,1,1,0,1,0,0000000,15,5,15,9,99,99,0,0,0,1,0
26,260606,1,1,0,0,0,2,2,49,686,7,10,2013,2,1,36,0,16,6,VASSAR RD,,42,43.00774444,-83.57533611,0,42,0,0,1,1,0,4,3,10,0,10,0,0000000,1,38,1,44,88,88,0,0,0,2,0
26,260607,2,2,0,0,0,2,2,3,0,9,10,2013,4,4,50,0,3,4,CR-HWY13,,82,46.37401389,-86.615775,0,12,2,0,1,1,0,1,2,1,0,1,0,0000000,4,50,5,0,99,99,0,0,0,1,0
26,260608,2,2,0,0,0,2,2,139,0,10,10,2013,5,21,5,1,13,2,US-31,JAMES ST,31,42.81200833,-86.08853333,0,12,6,0,2,2,0,1,3,1,0,1,0,0000000,21,5,21,6,88,88,0,0,0,1,0
26,260609,1,1,0,0,0,1,1,115,0,13,10,2013,1,0,46,1,1,1,I-275 RAMP 002D,,1,42.02009722,-83.34904722,0,42,0,1,5,1,0,4,2,1,0,1,0,0000000,0,50,1,3,88,88,0,0,0,1,1
26,260610,1,1,0,0,0,3,3,159,0,13,10,2013,1,17,50,0,6,4,CR-64TH AVE,,13,42.18623611,-85.90226667,0,42,0,0,1,1,0,4,1,1,0,1,0,0000000,17,52,17,53,99,99,22,0,0,1,0
26,260611,2,2,0,0,0,6,6,133,0,6,10,2013,1,13,46,1,2,3,SR-115,,36,44.13221389,-85.29710833,0,12,8,0,1,1,0,1,1,2,0,2,0,0000000,99,99,99,99,99,99,0,0,0,1,2
26,260612,2,2,0,0,0,2,2,163,1260,27,5,2013,2,11,20,1,13,6,7 MILE RD,FREELAND ST,126,42.43086111,-83.18626667,0,12,1,0,3,3,0,1,1,10,0,10,0,0000000,99,99,99,99,99,99,0,0,0,1,0
26,260613,1,1,0,0,0,2,2,163,1260,7,7,2013,1,6,55,0,13,6,W 7 MILE RD,,172,42.43241111,-83.09678611,0,40,0,0,1,1,0,4,1,1,0,1,0,0000000,99,99,99,99,99,99,0,0,0,1,0
26,260614,1,1,0,1,1,1,1,163,1260,18,7,2013,5,0,30,1,13,3,SR-3 GRATIOT AVE,,76,42.43179722,-82.97985556,0,8,0,0,1,1,0,1,3,1,0,1,0,0000000,99,99,99,99,99,99,0,0,0,1,0
26,260615,1,1,0,0,0,1,1,31,0,3,10,2013,5,1,38,0,6,4,CR-WHITE RD,,30,45.37209167,-84.62620833,0,42,0,0,1,1,0,4,2,1,0,1,0,0000000,1,38,1,48,88,88,22,20,0,1,1
26,260616,2,2,0,0,0,3,3,147,4060,5,10,2013,7,21,22,0,14,6,LAPEER AVE,17TH ST,186,42.97718889,-82.445025,0,12,6,0,2,3,0,1,3,1,0,1,0,0000000,99,99,99,99,99,99,0,0,0,1,1
26,260617,1,1,0,1,1,1,1,163,1260,7,10,2013,2,5,20,1,13,6,SCHAEFER HWY,,71,42.37746389,-83.17814167,0,8,0,0,1,1,0,1,2,2,0,2,0,0000000,99,99,99,99,99,99,0,0,0,1,0
26,260618,3,3,0,0,0,4,4,81,2553,10,10,2013,5,21,51,9,13,6,PATTERSON AVE SE,36TH ST SE,26,42.89803056,-85.548,0,12,6,0,2,2,0,1,3,1,0,1,0,0000000,99,99,99,99,99,99,0,0,0,2,2
26,260619,1,1,0,0,0,1,1,63,0,12,10,2013,7,11,41,0,4,4,CR-N VERONA RD,,159,43.91229167,-82.88436111,0,1,0,0,1,1,0,1,1,1,0,1,0,0000000,11,42,11,58,99,99,0,0,0,1,0
26,260620,2,2,0,0,0,2,2,81,0,15,10,2013,3,5,23,0,14,4,CR-NORTHLAND DR NE,INDIAN LAKES RD NE,126,43.19729167,-85.55110556,0,12,6,0,2,2,0,1,2,1,0,1,0,0000000,5,24,5,32,99,99,0,0,0,1,0
26,260621,1,1,0,0,0,1,1,81,0,13,10,2013,1,7,56,0,4,4,CR-LINCOLN LAKE AVE NE,,251,43.22806944,-85.35190833,0,30,0,0,1,1,0,4,1,1,0,1,0,0000000,7,56,8,12,88,88,0,0,0,1,0
26,260622,1,1,0,1,1,2,2,5,0,15,10,2013,3,6,40,0,6,4,CR-LINCO RD,,46,41.98566667,-86.44919167,0,15,0,0,1,1,0,1,2,10,0,10,0,0000000,99,99,99,99,88,88,22,0,0,1,0
26,260623,2,2,0,0,0,3,3,117,2350,13,10,2013,1,19,4,0,4,6,N ENSLEY ST,S SHAW ST,74,43.39567778,-85.47005,0,12,6,0,2,2,0,1,1,1,0,1,0,0000000,19,7,19,11,99,99,0,0,0,2,1
26,260624,1,1,0,1,1,1,1,145,0,13,10,2013,1,11,43,0,14,4,CR-WEISS ST,HEMMETER RD,23,43.44396111,-84.00498333,0,9,0,0,3,2,0,1,1,1,0,1,0,0000000,11,43,11,50,99,99,0,0,0,1,0
26,260625,2,2,0,0,0,2,2,37,0,16,10,2013,4,18,22,0,3,3,SR-100 WRIGHT RD,,8,42.782075,-84.73951389,0,12,6,0,1,1,0,1,1,2,0,2,0,0000000,18,22,18,28,88,88,0,0,0,1,0
26,260626,2,2,0,0,0,2,2,133,0,9,10,2013,4,11,46,1,2,2,US-10,170TH AVE,72,43.87264444,-85.42386389,0,12,2,0,2,2,0,1,1,1,0,1,0,0000000,99,99,99,99,88,88,0,0,0,1,0
26,260627,4,4,0,0,0,5,5,81,800,15,10,2013,3,6,47,0,3,3,SR-37,,196,43.22953056,-85.78730556,0,12,8,0,1,1,0,1,2,10,0,10,0,0000000,6,52,7,7,99,99,0,0,0,1,0
26,260628,2,2,0,0,0,3,3,105,0,16,10,2013,4,10,59,1,13,2,US-31,N DENNIS RD,41,43.95609444,-86.3695,0,12,1,0,2,3,0,1,1,2,0,2,0,0000000,11,1,11,5,99,99,0,0,0,1,0
26,260629,2,2,0,0,0,7,7,81,0,16,10,2013,4,18,20,0,4,4,CR-CEDAR SPRINGS AVE NE,EGNER AVE NE,19,43.25969444,-85.55140278,0,12,6,0,2,3,0,1,9,2,0,2,0,0000000,18,23,18,26,99,99,22,0,0,2,0
26,260630,1,1,0,2,2,1,1,87,0,11,10,2013,6,23,47,0,14,4,CR-SAGINAW RD,,66,43.06602222,-83.310675,0,8,0,0,1,1,0,1,2,1,0,1,0,0000000,23,58,0,15,99,99,0,0,0,1,0
26,260631,2,2,0,0,0,2,2,81,0,10,10,2013,5,17,15,0,3,3,SR-50,,3,42.87498056,-85.37096111,0,12,1,0,1,1,0,1,1,1,0,1,0,0000000,17,16,17,20,99,99,0,0,0,1,0
26,260632,1,1,0,1,1,1,1,49,1730,19,10,2013,7,21,50,0,14,6,E CARPENTER RD,,45,43.07578611,-83.68449722,0,8,0,0,1,1,0,1,2,2,0,2,0,0000000,99,99,99,99,99,99,0,0,0,1,0
26,260633,1,1,0,0,0,1,1,77,2520,12,10,2013,7,3,2,0,14,6,PATERSON ST,RIVERVIEW DR,17,42.30324722,-85.5698,0,39,0,0,3,3,0,4,3,1,0,1,0,0000000,99,99,99,99,88,88,20,0,0,1,1
26,260634,1,1,0,1,1,1,1,163,1260,12,10,2013,7,0,15,1,13,6,W 7 MILE RD,,81,42.42898333,-83.27541111,0,8,0,0,1,1,0,1,3,1,0,1,0,0000000,99,99,99,99,99,99,0,0,0,1,0
26,260635,1,1,0,1,1,1,1,149,0,20,10,2013,1,20,26,0,16,4,CR-BOGEN,,15,41.766725,-85.43732222,0,8,0,0,1,1,0,1,2,10,0,10,0,0000000,99,99,99,99,88,88,22,0,0,1,0
26,260637,1,1,0,1,1,2,2,163,1260,8,10,2013,3,20,40,1,13,2,US-12 MICHIGAN AVE,,43,42.33119722,-83.11023333,0,9,0,0,1,1,0,1,3,1,0,1,0,0000000,99,99,99,99,88,88,0,0,0,1,0
26,260638,1,1,0,0,0,1,1,157,0,17,10,2013,5,20,22,0,4,4,CR-BRAY RD,,56,43.30323889,-83.66256111,0,53,0,0,1,1,0,4,2,2,0,2,0,0000000,99,99,99,99,88,88,22,0,0,1,0
26,260639,2,2,0,0,0,3,3,49,1931,3,10,2013,5,16,8,1,13,3,SR-54 DORT HWY,,154,43.12113056,-83.67612778,0,12,6,0,1,1,0,1,1,1,0,1,0,0000000,16,8,16,19,99,99,0,0,0,1,0
26,260640,1,1,0,1,1,2,2,55,0,11,10,2013,6,22,15,1,13,2,US-31,FOUR MILE RD,29,44.74586667,-85.53616389,0,8,0,0,3,2,0,1,3,1,0,1,0,0000000,22,22,22,25,99,99,0,0,0,1,0
26,260641,1,1,0,0,0,3,3,107,0,14,10,2013,2,11,46,1,2,2,US-131,,13,43.48691944,-85.48397778,0,1,0,0,1,1,0,3,1,1,0,1,0,0000000,99,99,99,99,99,99,0,0,0,1,0
26,260642,1,1,0,0,0,1,1,159,0,18,10,2013,6,14,39,0,6,4,CR-40TH ST,,8,42.240675,-85.93726667,0,42,0,0,1,1,0,4,1,10,0,10,0,0000000,14,43,14,47,99,99,0,0,0,1,0
26,260643,1,1,0,0,0,4,4,133,0,18,10,2013,6,16,45,0,6,4,CR-20TH AVE,,93,44.12585556,-85.12746944,0,1,0,0,1,1,0,4,1,2,0,2,0,0000000,99,99,99,99,99,99,22,0,0,1,0
26,260644,2,2,0,0,0,2,2,25,310,22,10,2013,3,14,17,0,14,3,SR-89 MICHIGAN AVE,SIGEL ST,33,42.34724167,-85.23989167,0,12,6,0,2,3,0,1,1,1,0,1,0,0000000,14,15,14,16,99,99,0,0,0,1,0
26,260645,1,1,0,1,1,3,3,49,0,13,10,2013,1,19,30,0,6,4,CR-LIPPINCOTT BLVD,,32,43.00586944,-83.49178889,0,8,0,0,1,1,0,1,2,1,0,1,0,0000000,19,30,19,34,99,99,0,0,0,1,1
26,260646,1,1,0,1,1,1,1,77,4030,6,10,2013,1,23,0,1,11,1,I-94,,107,42.24386111,-85.5637,0,8,0,1,18,1,0,1,3,10,0,10,0,0000000,99,99,99,99,88,88,0,0,0,1,0
26,260647,2,2,0,0,0,2,2,115,0,23,10,2013,4,9,20,0,3,3,SR-151 SAMARIA RD,,34,41.80717778,-83.62176667,0,12,1,0,1,1,0,1,1,1,0,1,0,0000000,9,26,9,36,99,99,22,0,0,1,0
26,260648,1,1,0,0,0,1,1,75,4648,13,10,2013,1,4,21,0,16,4,CR-COX RD,,6,42.18915278,-84.55854722,0,42,0,0,1,1,0,4,2,1,0,1,0,0000000,99,99,99,99,88,88,22,0,0,1,0