STATE,ST_CASE,VE_TOTAL,VE_FORMS,PVH_INVL,PEDS,PERNOTMVIT,PERMVIT,PERSONS,COUNTY,CITY,DAY,MONTH,YEAR,DAY_WEEK,HOUR,MINUTE,NHS,ROAD_FNC,ROUTE,TWAY_ID,TWAY_ID2,MILEPT,LATITUDE,LONGITUD,SP_JUR,HARM_EV,MAN_COLL,RELJCT1,RELJCT2,TYP_INT,WRK_ZONE,REL_ROAD,LGT_COND,WEATHER1,WEATHER2,WEATHER,SCH_BUS,RAIL,NOT_HOUR,NOT_MIN,ARR_HOUR,ARR_MIN,HOSP_HR,HOSP_MN,CF1,CF2,CF3,FATALS,DRUNK_DR
26,260649,2,2,0,0,0,2,2,11,0,15,10,2013,3,7,18,1,2,2,US-23 W HURON RD,,14,43.9945,-83.94930278,0,12,1,0,1,1,0,1,4,1,0,1,0,0000000,7,22,7,24,99,99,0,0,0,1,0
26,260650,2,2,0,0,0,3,3,163,1260,31,10,2013,5,1,40,1,13,6,MACK AVE,ALTER RD,55,42.38729167,-82.94766944,0,12,6,0,2,2,0,1,3,2,0,2,0,0000000,99,99,99,99,99,99,0,0,0,1,1
26,260651,1,1,0,0,0,2,2,127,0,25,10,2013,6,6,7,1,2,2,US-31,,5,43.47705,-86.34491944,0,1,0,0,1,1,0,3,2,10,0,10,0,0000000,6,7,6,28,99,99,0,0,0,1,0
26,260652,2,2,0,0,0,2,2,123,0,18,10,2013,6,14,15,0,3,3,SR-37 MASON DR,22 MILE RD,0,43.292925,-85.81058889,0,12,6,0,2,2,0,1,1,10,0,10,0,0000000,99,99,99,99,99,99,0,0,0,1,0
26,260653,1,1,0,0,0,1,1,75,0,23,10,2013,4,11,10,0,5,4,CR-CEMENT CITY RD,,24,42.09544444,-84.26671389,0,42,0,0,1,1,0,4,1,1,0,1,0,0000000,99,99,99,99,88,88,0,0,0,1,0
26,260654,1,1,0,0,0,1,1,15,0,25,10,2013,6,19,1,0,5,4,CR-605 WOODSCHOOL RD,,36,42.73578611,-85.35867222,0,42,0,0,1,1,0,4,5,1,0,1,0,0000000,19,2,19,21,88,88,0,0,0,1,1
26,260655,1,1,0,0,0,1,1,105,0,1,10,2013,3,20,17,0,6,4,CR-WASHINGTON RD,,10,43.816775,-86.25852778,0,11,0,0,1,1,0,1,2,10,0,10,0,0000000,20,21,20,29,99,99,0,0,0,1,0
26,260656,2,2,0,0,0,5,5,81,2010,29,10,2013,3,0,18,1,11,1,I-196,,75,42.95696944,-85.70595833,0,24,0,0,1,1,0,4,2,1,0,1,0,0000000,0,18,0,22,99,99,0,0,0,2,1
26,260657,1,1,0,0,0,1,1,81,785,30,10,2013,4,8,58,1,11,1,I-96,,210,42.88835,-85.48565833,0,39,0,0,1,1,0,3,1,10,0,10,0,0000000,8,59,9,9,88,88,0,0,0,1,0
26,260658,1,1,0,1,1,4,4,45,1245,25,10,2013,6,7,10,1,13,3,SR-99 LANSING RD,,55,42.71636667,-84.60327778,0,8,0,0,1,1,0,1,2,1,0,1,0,0000000,99,99,99,99,88,88,0,0,0,1,0
26,260659,1,1,0,0,0,3,3,105,548,25,10,2013,6,7,44,1,2,2,US-10,,182,43.94595556,-86.09104722,0,1,0,0,1,1,0,4,4,10,0,10,0,0000000,7,44,7,55,99,99,0,0,0,1,0
26,260660,2,2,0,0,0,2,2,81,5089,31,10,2013,5,14,21,1,13,3,SR-11 WILSON AVE SW,,58,42.92557778,-85.77354167,0,12,8,0,1,1,0,1,1,2,0,2,0,0000000,14,21,14,30,88,88,22,0,0,1,0
26,260661,1,1,0,0,0,2,2,91,4282,25,10,2013,6,23,13,0,6,4,CR-HALLENBECK HWY,,14,41.97655833,-84.2664,0,43,0,0,1,1,0,4,2,10,0,10,0,0000000,23,14,23,19,99,99,0,0,0,1,1
26,260662,2,2,0,0,0,2,2,99,5110,18,10,2013,6,9,40,1,13,6,12 MILE RD,,55,42.50826389,-82.97819167,0,12,6,0,8,1,0,1,1,1,0,1,0,0000000,99,99,99,99,99,99,0,0,0,1,0
26,260663,2,2,0,0,0,3,3,163,1260,23,10,2013,4,21,55,1,11,1,I-75,,198,42.31051667,-83.09906389,0,38,0,0,1,1,0,5,3,1,0,1,0,0000000,21,50,22,0,99,99,0,0,0,1,1
26,260664,1,1,0,0,0,1,1,99,0,26,10,2013,7,5,15,0,6,4,CR-MCPHALL RD,,5,42.87910556,-82.91043056,0,34,0,0,1,1,0,4,3,10,0,10,0,0000000,5,23,5,29,88,88,22,0,0,1,1
26,260665,1,1,0,1,1,6,6,161,5330,6,10,2013,1,3,26,0,14,6,N HURON ST,LEFORGE RD,21,42.25443056,-83.62227222,0,8,0,0,3,3,0,1,3,1,0,1,0,0000000,99,99,99,99,99,99,0,0,0,1,0
26,260666,1,1,0,0,0,1,1,125,2230,29,10,2013,3,18,30,1,11,1,I-75,,17,42.46724167,-83.108725,0,35,0,0,1,1,0,4,1,10,0,10,0,0000000,99,99,99,99,99,99,13,0,0,1,0
26,260667,1,1,0,0,0,1,1,45,0,27,10,2013,1,2,14,0,16,4,CR-SMITHVILLE RD,,7,42.50497778,-84.63076944,0,53,0,0,1,1,0,4,2,1,0,1,0,0000000,99,99,99,99,88,88,22,0,0,1,1
26,260668,1,1,0,0,0,1,1,163,2430,4,10,2013,6,19,0,1,13,2,US-12 MICHIGAN AVE,INKSTER,127,42.29429167,-83.31012778,0,30,0,0,1,1,0,4,1,1,0,1,0,0000000,99,99,99,99,99,99,0,0,0,1,0
26,260669,2,2,0,0,0,2,2,17,0,20,10,2013,1,13,42,0,14,4,CR-E MIDLAND RD,S MACKINAW RD,88,43.60289444,-83.99215556,0,12,6,0,2,2,0,1,1,1,0,1,0,0000000,99,99,99,99,99,99,0,0,0,1,0
26,260670,2,2,0,2,2,1,1,163,1260,22,10,2013,3,13,45,1,12,3,SR-10,,2,42.44253889,-83.20064722,0,8,0,0,1,1,0,1,1,1,0,1,0,0000000,13,47,14,1,99,99,14,0,0,1,0
26,260671,2,2,0,0,0,2,2,155,0,25,10,2013,6,18,5,0,6,4,CR-BREWER RD,FRIEGEL RD,18,42.906275,-84.26153611,0,12,6,0,2,2,0,1,5,10,0,10,0,0000000,18,5,18,14,88,88,0,0,0,1,0
26,260672,4,4,0,0,0,4,4,125,4251,23,10,2013,4,12,41,1,13,3,SR-150 ROCHESTER RD,,109,42.65400833,-83.13264444,0,12,1,0,1,1,0,1,1,1,0,1,0,0000000,12,42,12,44,99,99,0,0,0,1,0
26,260673,2,2,0,2,2,1,1,5,0,24,10,2013,5,19,58,1,1,1,I-196,,143,42.61892778,-86.21691667,0,12,9,0,1,1,0,1,2,4,11,4,0,0000000,99,99,99,99,99,99,19,0,0,2,0
26,260674,2,2,0,0,0,2,2,163,1260,27,10,2013,1,0,45,1,13,6,E WARREN AVE,,88,42.40779167,-82.92510278,0,12,6,0,1,1,0,1,3,10,0,10,0,0000000,99,99,99,99,99,99,0,0,0,1,1
26,260675,1,1,0,1,1,6,6,163,4571,25,10,2013,6,21,54,1,13,3,SR-85 FORT HWY,QUARRY RD,88,42.19109444,-83.18011111,0,9,0,0,2,2,0,1,3,1,0,1,0,0000000,21,56,22,0,99,99,0,0,0,1,0
26,260676,2,2,0,0,0,3,3,125,5113,31,10,2013,5,18,36,0,14,4,CR-SASHABAW RD,,13,42.70050278,-83.36960278,0,12,6,0,1,1,0,1,3,2,0,2,0,0000000,18,36,18,39,99,99,0,0,0,1,0
26,260677,1,1,0,0,0,1,1,163,1260,29,6,2013,7,17,45,1,13,3,SR-85 W FORT ST,,150,42.27567222,-83.15555833,0,30,0,0,1,1,0,4,1,1,0,1,0,0000000,99,99,99,99,88,88,0,0,0,1,1
26,260678,1,1,0,1,1,3,3,163,1260,25,2,2013,2,17,55,0,15,6,CHESTER AVE,,1,42.41957778,-82.93095556,0,8,0,0,1,1,0,1,5,1,0,1,0,0000000,99,99,99,99,99,99,0,0,0,1,0
26,260679,2,2,0,1,1,2,2,163,1260,10,5,2013,6,16,20,1,13,6,SCHAEFER,,53,42.35208333,-83.17721389,0,8,0,0,1,1,0,1,1,2,0,2,0,0000000,99,99,99,99,99,99,0,0,0,1,0
26,260680,1,1,0,1,1,1,1,163,1260,22,6,2013,7,3,10,1,13,6,LIVERNOIS AVE,,34,42.34412222,-83.12993889,0,8,0,0,1,1,0,1,2,1,0,1,0,0000000,99,99,99,99,99,99,0,0,0,1,0
26,260681,1,1,0,0,0,3,3,163,1260,6,7,2013,7,1,50,0,15,6,CHENE ST,CHENE CT,9,42.34674444,-83.02605,0,42,0,0,1,1,0,4,3,1,0,1,0,0000000,99,99,99,99,99,99,0,0,0,1,0
26,260682,2,2,0,0,0,3,3,23,0,19,10,2013,7,15,57,1,2,2,US-12,,251,41.94873056,-84.86436667,0,12,2,0,1,1,0,1,1,1,0,1,0,0000000,99,99,99,99,99,99,0,0,0,1,0
26,260683,1,1,0,0,0,1,1,149,0,27,10,2013,1,1,10,0,4,4,CR-LUTZ RD,,35,41.85260833,-85.62368889,0,42,0,0,1,1,0,4,2,1,0,1,0,0000000,1,21,1,31,88,88,0,0,0,1,1
26,260684,2,2,0,0,0,2,2,163,1260,25,7,2013,5,7,55,1,13,3,SR-3 GRATIOT AVE,ST AUBIN,13,42.34936667,-83.03424167,0,12,1,0,3,2,0,1,1,1,0,1,0,0000000,99,99,99,99,99,99,0,0,0,1,0
26,260685,1,1,0,0,0,2,2,143,0,28,8,2013,4,12,50,1,1,1,I-75,,32,44.3133,-84.42982778,0,51,0,0,1,1,0,4,1,1,0,1,0,0000000,12,51,13,0,99,99,0,0,0,1,0
26,260686,2,2,0,0,0,2,2,99,4731,6,9,2013,6,6,32,1,13,6,MOUND RD,,94,42.58344167,-83.0499,0,12,7,0,7,1,0,1,3,1,0,1,0,0000000,99,99,99,99,99,99,0,0,0,1,0
26,260687,1,1,0,1,1,2,2,125,2660,29,9,2013,1,20,37,1,13,3,SR-24 S BROADWAY,,70,42.77836944,-83.239375,0,8,0,0,1,1,0,1,1,2,0,2,0,0000000,20,35,20,37,88,88,0,0,0,1,0
26,260688,2,2,0,1,1,2,2,163,1260,12,9,2013,5,23,10,1,13,3,SR-96,RADFORD ST,87,42.35952222,-83.11613333,0,8,0,0,2,3,0,1,2,10,0,10,0,0000000,99,99,99,99,99,99,0,0,0,1,0
26,260689,3,3,0,0,0,3,3,5,0,19,8,2013,2,5,58,0,4,4,CR-142ND AVE,,110,42.72523056,-85.78150556,0,12,2,0,1,1,0,1,2,5,0,5,0,0000000,99,99,99,99,99,99,22,0,0,1,0
26,260690,1,1,0,1,1,1,1,163,1260,22,3,2013,6,23,5,1,13,3,SR-102 EIGHT MILE RD,,85,42.44578056,-83.15588611,0,8,0,0,1,1,0,1,2,1,0,1,0,0000000,99,99,99,99,99,99,0,0,0,1,0
26,260691,1,1,0,0,0,1,1,77,0,24,9,2013,3,4,37,0,3,4,CR-DOUGLAS AVE,,44,42.35282778,-85.60901944,0,11,0,0,1,1,0,1,2,1,0,1,0,0000000,4,37,4,45,88,88,0,0,0,1,0
26,260692,1,1,0,1,1,2,2,163,1260,17,5,2013,6,22,25,1,13,3,SR-102 8 MILE RD,,65,42.45005833,-82.95611944,0,8,0,0,1,1,0,1,2,1,0,1,0,0000000,99,99,99,99,99,99,0,0,0,1,0
26,260693,1,1,0,0,0,1,1,77,0,24,9,2013,3,4,38,0,3,4,CR-DOUGLAS AVE,,44,42.35256667,-85.60889722,0,18,0,0,1,1,0,1,2,1,0,1,0,0000000,99,99,99,99,88,88,0,0,0,1,0
26,260694,1,1,0,1,1,1,1,125,0,25,6,2013,3,22,58,1,13,3,SR-102 8 MILE RD,WYOMING AVE,82,42.44596111,-83.16149444,0,8,0,0,2,2,0,1,3,2,0,2,0,0000000,99,99,99,99,99,99,0,0,0,1,1
26,260695,2,2,0,0,0,2,2,21,410,26,7,2013,6,1,23,0,14,6,EMPIRE AVE.,BISHOP AVE,12,42.10161111,-86.44283333,0,12,6,0,2,2,0,1,3,1,0,1,0,0000000,1,23,1,23,88,88,0,0,0,1,1
26,260696,1,1,0,1,1,1,1,163,1260,10,7,2013,4,22,15,1,13,6,7 MILE RD,SAINT MARYS ST,115,42.43031389,-83.20733333,0,8,0,0,2,2,0,1,3,1,0,1,0,0000000,99,99,99,99,99,99,0,0,0,1,0
26,260697,1,1,0,0,0,2,2,163,1260,10,7,2013,4,17,44,1,13,3,SR-1 WOODWARD AVE,,41,42.36466944,-83.06955278,0,30,0,0,1,1,0,4,1,1,0,1,0,0000000,99,99,99,99,99,99,20,0,0,1,0
26,260698,1,1,0,0,0,1,1,77,4030,7,10,2013,2,16,44,1,12,2,US-131,,82,42.23826667,-85.63859722,0,21,0,1,19,1,0,3,1,1,0,1,0,0000000,99,99,99,99,88,88,0,0,0,1,0
26,260699,2,2,0,0,0,3,3,163,633,8,10,2013,3,19,31,1,13,2,US-24 TELEGRAPH RD,,46,42.15618889,-83.26645278,0,12,2,0,8,1,0,1,5,1,0,1,0,0000000,19,28,19,30,99,99,0,0,0,1,0
26,260700,2,2,0,0,0,2,2,5,80,19,8,2013,2,6,10,0,5,4,CR-56TH ST,,19,42.70955556,-86.09473333,0,12,2,0,1,1,0,1,2,1,0,1,0,0000000,99,99,99,99,99,99,0,0,0,1,0
26,260701,2,2,0,0,0,4,4,45,0,11,9,2013,4,13,34,1,11,1,I-96,,23,42.73676944,-84.66846111,0,12,6,1,18,1,0,1,1,10,0,10,0,0000000,13,36,13,38,99,99,0,0,0,1,1
26,260702,2,2,0,0,0,2,2,163,2820,18,9,2013,4,19,31,1,13,6,SOUTHFIELD RD,,8,42.24574722,-83.16226389,0,12,6,0,8,1,0,1,1,1,0,1,0,0000000,19,31,19,34,99,99,0,0,0,1,0
26,260703,1,1,0,1,1,1,1,73,0,16,9,2013,2,17,50,0,4,4,CR-MERIDIAN RD,BASELINE RD,55,43.64019722,-84.84858889,0,9,0,0,2,2,0,1,1,1,0,1,0,0000000,99,99,99,99,99,99,0,0,0,1,0
26,260704,1,1,0,1,1,1,1,55,0,19,9,2013,5,22,55,1,2,2,US-31,,20,44.65888889,-85.77815833,0,8,0,0,1,1,0,1,3,10,0,10,0,0000000,22,57,23,1,99,99,0,0,0,1,0
26,260705,2,2,0,0,0,5,5,99,1009,28,9,2013,7,13,19,0,14,4,CR-19 MILE RD,DALCOMA DR,10,42.61270556,-82.962775,0,12,2,0,3,3,0,1,1,1,0,1,0,0000000,13,21,13,23,99,99,0,0,0,1,1
26,260706,2,2,0,0,0,5,5,101,0,30,9,2013,2,12,50,0,3,3,SR-55 CABERFAE HWY,LOW BRIDGE RD,212,44.22297778,-85.89828611,0,12,6,0,2,3,0,1,1,1,0,1,0,0000000,12,59,13,7,99,99,0,0,0,1,0
26,260707,1,1,0,1,1,1,1,163,1260,29,9,2013,1,3,27,0,15,6,TURNER ST,,1,42.36413056,-83.13152222,0,9,0,0,1,1,0,1,3,1,0,1,0,0000000,99,99,99,99,99,99,0,0,0,1,0
26,260708,1,1,0,0,0,1,1,21,0,1,11,2013,6,23,44,0,15,4,CR-WASHINGTON AVE,,60,42.072225,-86.48511944,0,53,0,0,1,1,0,4,3,2,0,2,0,0000000,23,48,23,55,99,99,0,0,0,1,1
26,260709,2,2,0,0,0,7,7,91,0,2,11,2013,7,4,58,1,2,2,US-12,SR-52,49,42.07152778,-84.01344167,0,12,6,0,2,2,0,1,3,10,0,10,0,0000000,4,59,5,13,99,99,0,0,0,2,1
26,260710,1,1,0,0,0,1,1,77,0,1,11,2013,6,22,28,0,4,4,CR-Q AVE,,0,42.19739444,-85.76457222,0,42,0,0,1,1,0,4,2,2,0,2,0,0000000,99,99,99,99,88,88,0,0,0,1,0
26,260711,2,2,0,0,0,4,4,75,4242,3,11,2013,1,5,32,1,2,2,US-127,,64,42.36416389,-84.42905833,0,12,1,0,1,1,0,1,2,1,0,1,0,0000000,5,35,5,46,99,99,0,0,0,1,2
26,260712,1,1,0,1,1,1,1,163,1260,2,11,2013,7,0,35,0,15,6,KERCHEVAL AVE,,1,42.37419167,-82.95996944,0,8,0,0,1,1,0,1,3,1,0,1,0,0000000,99,99,99,99,99,99,0,0,0,1,0
26,260713,1,1,0,1,1,2,2,81,785,4,11,2013,2,18,12,0,14,4,CR-CASCADE RD,HALL ST,39,42.94141667,-85.53892778,0,8,0,0,3,2,0,1,3,10,0,10,0,0000000,99,99,99,99,88,88,0,0,0,1,0
26,260714,2,2,0,0,0,4,4,161,0,25,10,2013,6,13,50,1,12,3,SR-14,,35,42.3253,-83.67765556,0,12,6,0,7,1,0,1,1,10,0,10,0,0000000,99,99,99,99,99,99,0,0,0,2,0
26,260715,2,1,1,0,0,1,1,163,1260,1,11,2013,6,5,40,0,14,6,WHITTIER,,32,42.41565556,-82.94995556,0,14,0,0,1,1,0,4,2,1,0,1,0,0000000,99,99,99,99,88,88,0,0,0,1,0
26,260716,2,2,0,1,1,2,2,163,1260,5,11,2013,3,18,25,0,14,6,LONYO RD,,15,42.33530556,-83.14793333,0,8,0,0,1,1,0,1,2,10,0,10,0,0000000,99,99,99,99,99,99,0,0,0,1,0
26,260717,1,1,0,0,0,2,2,159,1143,8,11,2013,6,21,45,0,4,4,CR-378,,31,42.30825833,-86.24324444,0,42,0,0,1,1,0,4,2,1,0,1,0,0000000,21,52,21,56,99,99,22,0,0,1,0
26,260718,1,1,0,1,1,2,2,125,4020,2,11,2013,7,23,11,1,13,2,US-24 TELEGRAPH RD,,27,42.63128889,-83.32549722,0,8,0,0,1,1,0,1,3,1,0,1,0,0000000,23,11,23,15,88,88,0,0,0,1,1
26,260719,1,1,0,1,1,1,1,49,1730,3,11,2013,1,21,10,1,13,6,W PIERSON RD,SUSAN ST,52,43.06083889,-83.71932778,0,9,0,0,3,2,0,1,3,1,0,1,0,0000000,99,99,99,99,88,88,0,0,0,1,1
26,260720,1,1,0,1,1,1,1,81,5089,1,11,2013,6,22,33,1,13,3,SR-11 WILSON AVE NW,CHESTERFIELD BLVD NW,23,42.97574444,-85.77645278,0,8,0,0,3,2,0,1,3,2,0,2,0,0000000,22,32,22,50,88,88,19,0,0,1,0
26,260722,2,2,0,0,0,4,4,161,4426,11,11,2013,2,15,43,0,3,4,CR-PONTIAC TRAIL,,100,42.39871667,-83.64553611,0,12,2,0,1,1,0,1,1,2,0,2,0,0000000,99,99,99,99,99,99,0,0,0,1,0
26,260723,1,1,0,1,1,1,1,163,1260,1,11,2013,6,2,45,0,14,6,JOY RD,,101,42.35858333,-83.17581944,0,8,0,0,1,1,0,1,2,2,0,2,0,0000000,99,99,99,99,99,99,0,0,0,1,0
26,260724,2,2,0,0,0,2,2,7,0,12,11,2013,3,12,40,1,2,2,US-23,,101,45.19055556,-83.43082222,0,12,6,0,1,1,0,1,1,4,0,4,0,0000000,99,99,99,99,88,88,22,0,0,1,0
26,260725,1,1,0,1,1,1,1,53,0,13,11,2013,4,20,48,1,2,2,US-2,MIKADO RD,102,46.48191667,-89.98975,0,8,0,0,3,2,0,1,2,1,0,1,0,0000000,20,49,20,59,88,88,0,0,0,1,0
26,260726,1,1,0,0,0,1,1,79,0,16,11,2013,7,5,25,0,4,4,CR-STARVATION LAKE RD,,9,44.85157222,-85.04719722,0,34,0,0,1,1,0,4,2,10,0,10,0,0000000,7,30,7,38,88,88,22,0,0,1,1
26,260727,2,2,0,0,0,2,2,165,0,5,11,2013,3,7,10,1,13,3,SR-115,13TH ST,217,44.26885278,-85.46954722,0,12,6,0,2,2,0,1,4,10,0,10,0,0000000,7,11,7,15,99,99,0,0,0,1,0
26,260728,1,1,0,1,1,2,2,163,1260,16,11,2013,7,19,0,1,13,3,SR-102 8 MILE RD,SCHAEFER HWY,72,42.44518333,-83.181,0,8,0,0,3,2,0,1,3,1,0,1,0,0000000,99,99,99,99,99,99,0,0,0,1,0
26,260729,1,1,0,1,1,2,2,147,4060,5,11,2013,3,23,22,0,14,6,GRATIOT AVE,,13,43.01704722,-82.43065556,0,8,0,0,1,1,0,1,3,1,0,1,0,0000000,23,22,23,27,99,99,0,0,0,1,0
26,260730,2,2,0,0,0,2,2,37,0,21,11,2013,5,6,11,0,3,3,SR-21 BLUE WATER HWY,ESSEX CENTER RD,90,43.00156389,-84.66043056,0,12,6,0,2,2,0,1,2,10,0,10,0,0000000,6,11,6,18,99,99,0,0,0,1,0
26,260731,1,1,0,1,1,1,1,113,0,19,11,2013,3,18,29,0,3,3,SR-42 WALKER RD,,24,44.38975,-85.29713056,0,8,0,0,1,1,0,1,2,10,0,10,0,0000000,99,99,99,99,99,99,0,0,0,1,0
26,260732,1,1,0,0,0,1,1,113,0,8,11,2013,6,7,17,0,4,4,CR-N NELSON RD,,25,44.40042222,-84.97351667,0,42,0,0,1,1,0,4,1,1,0,1,0,0000000,7,26,7,42,88,88,22,0,0,1,0
26,260733,1,1,0,0,0,1,1,49,1730,8,11,2013,6,18,45,0,14,6,E PASADENA AVE,,46,43.046875,-83.69616944,0,30,0,0,1,1,0,4,3,10,0,10,0,0000000,99,99,99,99,88,88,0,0,0,1,1
26,260734,1,1,0,0,0,1,1,45,0,11,11,2013,2,12,39,0,4,4,CR-E BELLEVUE HWY,,151,42.45099444,-84.62475278,0,53,0,0,1,1,0,4,1,2,0,2,0,0000000,12,52,13,0,88,88,22,0,0,1,0
26,260735,1,1,0,0,0,2,2,15,0,11,11,2013,2,22,30,0,3,3,SR-37,,127,42.59456667,-85.26811111,0,34,0,0,1,1,0,4,2,1,0,1,0,0000000,0,8,0,13,88,88,18,0,0,1,1
26,260736,2,2,0,0,0,2,2,77,4030,19,11,2013,3,15,11,1,13,6,WESTNEDGE AVE,TRADE CENTRE WAY,23,42.238975,-85.58956667,0,12,6,0,2,4,0,1,1,1,0,1,0,0000000,99,99,99,99,99,99,0,0,0,1,0
26,260737,1,1,0,0,0,1,1,163,1260,17,11,2013,1,22,25,1,13,3,SR-5 GRAND RIVER AVE,WARWICK,21,42.40499722,-83.22895833,0,30,0,0,1,1,0,4,6,6,0,6,0,0000000,99,99,99,99,99,99,0,0,0,1,0
26,260738,2,2,0,0,0,2,2,149,0,21,11,2013,5,9,17,0,3,3,SR-60,MAHNKE RD,32,41.98045556,-85.56700833,0,12,8,0,2,2,0,1,1,10,0,10,0,0000000,9,23,9,32,99,99,0,0,0,1,0
26,260739,1,1,0,0,0,1,1,147,0,30,11,2013,7,22,56,0,5,4,CR-CONNELL RD,,21,43.08778889,-82.80559722,0,1,0,0,1,1,0,4,2,10,0,10,0,0000000,23,0,23,4,88,88,0,0,0,1,1
26,260740,1,1,0,1,1,1,1,125,3628,11,11,2013,2,7,53,1,11,1,I-96,,88,42.49161389,-83.50653889,0,8,0,0,1,1,0,1,1,10,0,10,0,0000000,7,55,8,12,99,99,23,0,0,1,0
26,260741,2,2,0,0,0,2,2,77,4030,14,11,2013,5,16,26,1,13,6,SPRINKLE,,43,42.23749722,-85.54009444,0,12,2,0,1,1,0,1,1,1,0,1,0,0000000,16,26,16,31,99,99,0,0,0,1,0
26,260742,2,2,0,0,0,2,2,99,4380,9,11,2013,7,11,50,1,13,6,HARPER AVE,SHADY LANE ST,4,42.45566667,-82.91238889,0,12,1,0,3,2,0,1,1,10,0,10,0,0000000,99,99,99,99,99,99,0,0,0,1,0
26,260743,1,1,0,0,0,1,1,75,0,17,11,2013,1,19,43,0,5,4,CR-CHURCHILL RD,,40,42.40426111,-84.44335556,0,16,0,0,1,1,0,1,2,6,0,6,0,0000000,19,43,19,53,88,88,22,0,0,1,0
26,260744,1,1,0,1,1,1,1,163,1260,19,9,2013,5,3,0,0,15,6,CHRYSLER DR,CLAY ST,3,42.37854444,-83.06218333,0,9,0,0,3,2,0,1,3,1,0,1,0,0000000,99,99,99,99,99,99,0,0,0,1,0
26,260745,2,2,0,0,0,2,2,91,3817,25,10,2013,6,15,0,1,13,2,US-223,,232,41.87255556,-83.99697222,0,12,6,0,8,1,0,1,1,10,0,10,0,0000000,99,99,99,99,99,99,0,0,0,1,0
26,260746,2,2,0,0,0,3,3,125,4020,1,11,2013,6,20,17,1,13,2,US-24 BR,JOHNSON,6,42.64645278,-83.30158333,0,12,6,0,2,2,0,1,3,1,0,1,0,0000000,20,23,20,25,99,99,20,0,0,2,0
26,260747,1,1,0,0,0,1,1,161,0,12,11,2013,3,2,30,0,4,4,CR-STONEY CREEK RD,,80,42.16686667,-83.6473,0,42,0,0,1,1,0,4,2,10,0,10,0,0000000,99,99,99,99,88,88,0,0,0,1,1
26,260749,2,2,0,0,0,6,6,115,2723,15,11,2013,6,16,10,1,13,2,US-24 TELEGRAPH RD,STEIN,95,41.85379167,-83.47118889,0,12,6,0,2,2,0,1,1,1,0,1,0,0000000,16,8,99,99,88,88,0,0,0,1,0
26,260750,2,2,0,0,0,2,2,163,1260,20,11,2013,4,18,28,1,11,1,I-75,,7,42.33714444,-83.03868611,0,12,1,1,18,1,0,1,3,1,0,1,0,0000000,99,99,99,99,18,54,0,0,0,1,0
26,260751,1,1,0,1,1,1,1,115,0,16,11,2013,7,20,15,0,14,3,SR-125 DIXIE HWY,DUNBAR RD,134,41.8992,-83.41231389,0,8,0,0,3,2,0,1,3,10,0,10,0,0000000,20,20,20,24,99,99,0,0,0,1,0
26,260752,1,1,0,0,0,1,1,21,290,17,11,2013,1,9,55,0,5,4,CR-W HINCHMAN RD,,12,41.97188333,-86.51092222,0,42,0,0,1,1,0,4,1,10,0,10,0,0000000,99,99,99,99,88,88,22,0,0,1,0
26,260753,2,2,0,0,0,2,2,35,0,20,11,2013,4,17,47,0,4,3,SR-61 TEMPLE DR,OLD STATE AVE,142,44.02811944,-84.86933889,0,12,6,0,2,2,0,1,2,10,0,10,0,0000000,17,52,17,59,99,99,0,0,0,1,1
26,260754,2,2,0,0,0,2,2,77,47,25,11,2013,2,17,31,0,4,4,CR-W D AVE,,55,42.37596667,-85.66441944,0,12,6,0,1,1,0,1,5,1,0,1,0,0000000,99,99,99,99,99,99,0,0,0,1,0
26,260755,1,1,0,0,0,2,2,81,0,23,11,2013,7,23,43,0,14,4,CR-NORTHLAND DR NE,,118,43.18568611,-85.55105,0,53,0,0,1,1,0,4,2,1,0,1,0,0000000,99,99,99,99,99,99,0,0,0,1,1
26,260756,1,1,0,0,0,1,1,47,0,30,11,2013,7,14,35,0,6,4,CR-FIVE MILE CREEK RD,,5,45.47834444,-85.06755833,0,42,0,0,1,1,0,4,1,10,0,10,0,0000000,14,36,14,52,88,88,22,0,0,1,0
26,260757,2,2,0,0,0,3,3,27,1320,27,11,2013,4,7,8,0,15,3,SR-51 FRONT ST,,6,41.98331944,-86.10798056,0,12,6,0,1,1,0,1,1,4,0,4,0,0000000,7,22,7,27,99,99,0,0,0,1,0
26,260758,1,1,0,0,0,1,1,69,0,29,11,2013,6,0,26,0,3,3,SR-65,,25,44.19779722,-83.80340833,0,33,0,0,1,1,0,4,2,4,0,4,0,0000000,0,29,0,43,88,88,0,0,0,1,0
26,260759,1,1,0,1,1,2,2,163,1260,29,11,2013,6,23,0,0,14,6,OUTER DR,,49,42.38355278,-83.25741667,0,8,0,0,1,1,1,1,2,1,0,1,0,0000000,99,99,99,99,99,99,0,0,0,1,0
26,260760,1,1,0,0,0,1,1,49,1730,27,11,2013,4,23,24,1,13,6,FENTON RD,,143,42.99875833,-83.69316111,0,21,0,0,1,1,0,3,3,10,0,10,0,0000000,23,28,23,32,99,99,0,0,0,1,1