STATE,ST_CASE,VE_TOTAL,VE_FORMS,PVH_INVL,PEDS,PERNOTMVIT,PERMVIT,PERSONS,COUNTY,CITY,DAY,MONTH,YEAR,DAY_WEEK,HOUR,MINUTE,NHS,ROAD_FNC,ROUTE,TWAY_ID,TWAY_ID2,MILEPT,LATITUDE,LONGITUD,SP_JUR,HARM_EV,MAN_COLL,RELJCT1,RELJCT2,TYP_INT,WRK_ZONE,REL_ROAD,LGT_COND,WEATHER1,WEATHER2,WEATHER,SCH_BUS,RAIL,NOT_HOUR,NOT_MIN,ARR_HOUR,ARR_MIN,HOSP_HR,HOSP_MN,CF1,CF2,CF3,FATALS,DRUNK_DR
26,260761,1,1,0,0,0,2,2,81,0,25,11,2013,2,19,17,0,3,4,CR-100TH ST SE,,115,42.78614722,-85.56525556,0,42,0,0,1,1,0,4,2,4,0,4,0,0000000,19,18,19,36,99,99,22,0,0,1,0
26,260762,1,1,0,0,0,1,1,19,0,23,11,2013,7,11,45,0,4,4,CR-PIONEER RD,,57,44.62530833,-85.99829722,0,1,0,0,1,1,0,4,1,4,11,4,0,0000000,99,99,99,99,99,99,0,0,0,1,0
26,260763,2,2,0,0,0,4,4,25,310,29,11,2013,6,15,35,0,15,4,CR-WAUBASCON,,22,42.36274167,-85.21041389,0,12,2,0,1,1,0,1,1,10,0,10,0,0000000,99,99,99,99,99,99,0,0,0,1,0
26,260764,2,2,0,0,0,5,5,125,0,11,11,2013,2,19,45,0,14,4,CR-SEYMOUR LAKE RD,,23,42.808675,-83.37878889,0,12,6,0,1,1,0,1,2,1,0,1,0,0000000,19,50,19,55,99,99,22,0,0,1,0
26,260765,1,1,0,0,0,2,2,15,0,25,11,2013,2,15,54,0,3,3,SR-37,,1,42.597025,-85.27022778,0,1,0,0,1,1,0,4,1,10,0,10,0,0000000,15,58,16,4,99,99,0,0,0,1,0
26,260766,1,1,0,0,0,3,3,99,5110,17,11,2013,1,0,23,1,13,6,12 MILE RD,,5,42.50545833,-83.07664167,0,33,0,0,1,1,0,4,3,2,0,2,0,0000000,99,99,99,99,99,99,0,0,0,1,1
26,260767,3,1,2,2,3,1,2,163,2850,18,11,2013,2,2,56,1,11,1,I-96,,60,42.38343889,-83.33109444,0,14,0,0,1,1,0,2,3,10,0,10,0,0000000,2,56,3,6,99,99,14,23,0,1,0
26,260768,2,2,0,0,0,2,2,13,0,26,11,2013,3,10,38,1,2,2,US-41,,272,46.71315833,-88.4348,0,12,6,0,1,1,0,1,1,10,0,10,0,0000000,10,38,10,38,99,99,0,0,0,1,0
26,260769,1,1,0,1,1,1,1,17,0,30,11,2013,7,3,14,0,3,3,SR-13 HURON RD,,204,43.82135833,-83.96674444,0,8,0,0,1,1,1,1,2,10,0,10,0,0000000,3,16,3,23,99,99,0,0,0,1,0
26,260770,2,2,0,0,0,3,3,81,0,25,11,2013,2,15,15,0,14,4,CR-84TH ST SW,CLYDE PARK AVE SW,51,42.81199722,-85.68338611,0,12,6,0,2,2,0,1,1,4,11,4,0,0000000,15,16,15,23,99,99,0,0,0,1,0
26,260772,3,3,0,0,0,5,5,99,4731,7,9,2013,7,23,14,1,13,6,SCHOENHERR RD,,13,42.6073,-82.99191111,0,33,0,0,1,1,0,3,3,1,0,1,0,0000000,23,15,23,17,99,99,0,0,0,2,1
26,260773,1,1,0,0,0,2,2,159,0,11,10,2013,6,22,0,0,6,4,CR-42ND AVE,,17,42.26651111,-85.83011389,0,5,0,0,1,1,0,1,3,10,0,10,0,0000000,99,99,99,99,99,99,22,0,0,1,1
26,260774,1,1,0,0,0,2,2,161,0,10,10,2013,5,3,6,0,14,4,CR-BRIDGE RD,,3,42.20708333,-83.55770278,0,5,0,0,1,1,0,1,2,1,0,1,0,0000000,3,6,99,99,99,99,0,0,0,1,0
26,260775,1,1,0,1,1,1,1,65,0,11,11,2013,2,19,27,1,11,1,I-96,,212,42.65868611,-84.19794167,0,8,0,1,18,1,0,1,2,4,11,4,0,0000000,19,27,19,40,88,88,19,0,0,1,0
26,260776,1,1,0,1,1,1,1,163,1260,18,4,2013,5,22,20,1,13,6,E 7 MILE RD,BARLOW ST,224,42.43469167,-82.99595556,0,9,0,0,1,1,0,1,2,2,0,2,0,0000000,99,99,99,99,99,99,0,0,0,1,0
26,260777,1,1,0,0,0,3,3,163,2260,26,5,2013,1,19,15,0,14,6,PURITAN ST,JOSLYN ST,57,42.41040833,-83.11644722,0,42,0,0,1,1,0,4,1,1,0,1,0,0000000,99,99,99,99,88,88,0,0,0,1,0
26,260778,1,1,0,1,1,1,1,163,1260,14,7,2013,1,3,39,1,13,6,E JEFFERSON AVE,,32,42.35701389,-82.98686389,0,8,0,0,1,1,0,1,2,1,0,1,0,0000000,99,99,99,99,99,99,0,0,0,1,0
26,260779,1,1,0,1,1,1,1,163,1260,1,5,2013,4,22,30,1,13,3,SR-3 GRATIOT AVE,,48,42.39476389,-83.00406389,0,8,0,0,1,1,0,1,2,1,0,1,0,0000000,99,99,99,99,99,99,0,0,0,1,0
26,260780,1,1,0,0,0,1,1,163,1260,14,7,2013,1,3,30,1,13,6,WYOMING AVE,,69,42.43093611,-83.16095833,0,19,0,0,1,1,0,5,3,1,0,1,0,0000000,99,99,99,99,88,88,0,0,0,1,1
26,260781,2,2,0,0,0,2,2,163,1260,25,7,2013,5,23,50,0,15,6,CADILLAC,,12,42.37659167,-82.9929,0,12,1,0,1,1,0,1,2,1,0,1,0,0000000,99,99,99,99,99,99,0,0,0,1,0
26,260782,2,2,0,0,0,4,4,33,4480,8,8,2013,5,10,35,0,14,6,3 MILE RD,SEYMOUR RD,17,46.46309167,-84.33788611,0,12,6,0,2,2,0,1,1,1,0,1,0,0000000,99,99,99,99,99,99,0,0,0,1,0
26,260783,1,1,0,1,1,1,1,163,1260,6,9,2013,6,13,0,0,15,6,EDSEL FORD SERVICE DR,NEWPORT,4,42.40284167,-82.96641111,0,8,0,0,1,1,0,1,1,1,0,1,0,0000000,99,99,99,99,99,99,0,0,0,1,0
26,260784,1,1,0,0,0,1,1,39,2050,20,6,2013,5,11,37,0,6,6,OGEMAW ST,PENINSULAR AVE,1,44.66383056,-84.71608889,0,1,0,0,2,2,0,1,1,10,0,10,0,0000000,88,88,88,88,88,88,0,0,0,1,0
26,260785,1,1,0,1,1,1,1,163,0,26,8,2013,2,22,29,1,11,1,I-94,,4,42.21864444,-83.53605278,0,8,0,0,1,1,0,1,3,1,0,1,0,0000000,22,30,22,36,88,88,0,0,0,1,0
26,260786,1,1,0,1,1,1,1,163,1260,21,9,2013,7,2,30,0,16,6,CHAPEL ST,,2,42.43284444,-83.25478333,0,8,0,0,1,1,0,1,2,2,0,2,0,0000000,99,99,99,99,88,88,0,0,0,1,0
26,260788,3,3,0,0,0,4,4,23,4130,20,9,2013,6,19,53,1,2,2,US-12 CHICAGO ST,,246,41.94658889,-84.87491389,0,12,2,0,1,1,0,1,3,2,0,2,0,0000000,99,99,99,99,99,99,0,0,0,1,0
26,260789,1,1,0,1,1,3,3,117,0,3,10,2013,5,21,47,1,2,3,SR-46 HOWARD CITY EDMORE RD,,0,43.42503333,-85.47717778,0,8,0,0,1,1,0,1,2,10,0,10,0,0000000,21,49,21,50,99,99,0,0,0,1,0
26,260790,1,1,0,1,1,1,1,163,2065,5,10,2013,7,17,0,0,15,4,CR-WEST RD,BELLEVUE RD,11,42.12458056,-83.17340278,0,9,0,0,2,3,0,1,1,1,0,1,0,0000000,99,99,99,99,99,99,0,0,0,1,1
26,260791,2,2,0,0,0,3,3,163,1260,7,9,2013,7,2,45,1,13,3,SR-102 8 MILE RD,HAYES,60,42.44987778,-82.96609444,0,12,6,0,2,2,0,1,6,1,0,1,0,0000000,99,99,99,99,99,99,0,0,0,1,0
26,260792,1,1,0,1,1,1,1,163,1260,7,9,2013,7,3,50,1,13,2,US-12 MICHIGAN AVE,,53,42.33145556,-83.090075,0,8,0,0,1,1,0,1,2,1,0,1,0,0000000,99,99,99,99,99,99,0,0,0,1,0
26,260793,1,1,0,0,0,1,1,163,1260,8,9,2013,1,4,15,0,14,6,VERNOR HWY,,25,42.36511667,-82.99080278,0,33,0,0,1,1,0,5,3,1,0,1,0,0000000,99,99,99,99,99,99,0,0,0,1,0
26,260794,1,1,0,1,1,2,2,71,0,31,10,2013,5,11,4,0,3,3,SR-69,,17,46.09773333,-88.29876111,0,8,0,0,1,1,0,1,1,5,0,5,0,0000000,99,99,99,99,99,99,0,0,0,1,0
26,260795,1,1,0,0,0,1,1,93,0,4,10,2013,6,7,21,1,13,4,CR-E GRAND RIVER AVE,,175,42.57623889,-83.84135833,0,40,0,0,1,1,0,4,2,10,0,10,0,0000000,7,25,7,33,88,88,0,0,0,1,1
26,260796,1,1,0,1,1,1,1,21,0,4,10,2013,6,22,35,1,13,3,SR-139 MARTIN LUTHER KING DR,,6,42.11168056,-86.43429722,0,8,0,0,1,1,0,1,2,10,0,10,0,0000000,99,99,99,99,88,88,0,0,0,1,0
26,260797,1,1,0,1,1,1,1,77,0,1,11,2013,6,19,30,1,13,4,CR-9TH ST,,9,42.24326944,-85.67753889,0,8,0,0,1,1,0,1,2,2,0,2,0,0000000,19,31,19,36,99,99,0,0,0,1,0
26,260798,2,2,0,0,0,2,2,77,0,1,11,2013,6,13,0,0,14,4,CR-N 32ND ST,,56,42.36816667,-85.455075,0,12,2,0,1,1,0,1,1,10,0,10,0,0000000,13,5,13,8,99,99,0,0,0,1,0
26,260799,1,1,0,3,3,1,1,65,2700,2,11,2013,7,2,25,1,13,3,SR-27 N LARCH ST,E MICHIGAN AVE,6,42.73353056,-84.54469167,0,8,0,0,3,2,0,1,3,2,0,2,0,0000000,2,30,2,33,99,99,0,0,0,1,0
26,260800,1,1,0,0,0,1,1,163,0,5,11,2013,3,10,9,0,16,4,CR-MERRIMAN RD,,37,42.17607778,-83.34481667,0,32,0,0,1,1,0,4,1,10,0,10,0,0000000,99,99,99,99,88,88,22,0,0,1,0
26,260801,2,2,0,0,0,5,5,125,4251,15,11,2013,6,18,50,1,13,6,DEQUINDRE RD,,155,42.66904167,-83.09368889,0,12,6,0,1,1,0,1,2,10,0,10,0,0000000,18,51,19,0,99,99,0,0,0,1,1
26,260802,2,2,0,0,0,3,3,55,0,20,11,2013,4,8,23,1,13,2,US-31,,68,44.66632222,-85.68086111,0,12,6,0,8,1,0,1,1,10,0,10,0,0000000,8,26,8,31,99,99,22,0,0,1,0
26,260803,1,1,0,0,0,1,1,125,4020,22,11,2013,6,14,18,0,16,6,N MERRIMAC,S MERRIMAC,4,42.65945556,-83.30564167,0,38,0,0,3,3,0,5,1,1,0,1,0,0000000,14,18,14,25,88,88,0,0,0,1,1
26,260804,2,2,0,0,0,3,3,161,150,22,11,2013,6,12,34,1,13,6,JACKSON AVE,RAMP 008B,4,42.28273889,-83.78804722,0,12,6,1,2,2,0,1,1,10,0,10,0,0000000,12,36,99,99,99,99,0,0,0,1,0
26,260805,1,1,0,1,1,1,1,81,6,22,11,2013,6,18,20,1,13,3,SR-21 E FULTON ST,,102,42.96140278,-85.50471389,0,8,0,0,1,1,0,1,2,1,0,1,0,0000000,99,99,99,99,88,88,0,0,0,1,0
26,260806,1,1,0,0,0,2,2,21,0,15,11,2013,6,15,3,0,9,8,WILSON RD,,99999,41.77831667,-86.70986389,3,42,0,0,1,1,0,4,1,1,0,1,0,0000000,99,99,99,99,99,99,0,0,0,1,1
26,260807,1,1,0,0,0,2,2,161,0,28,11,2013,5,2,28,0,3,4,CR-PLYMOUTH RD,,41,42.33918333,-83.59294722,0,43,0,0,1,1,0,4,2,1,0,1,0,0000000,2,23,2,30,88,88,0,0,0,2,1
26,260808,1,1,0,0,0,1,1,115,0,13,11,2013,4,0,3,0,15,4,CR-NEWPORT RD,,12,42.00167778,-83.30817778,0,32,0,0,1,1,0,4,2,1,0,1,0,0000000,0,3,0,11,88,88,0,0,0,1,1
26,260809,1,1,0,1,1,1,1,99,1009,29,11,2013,6,23,25,1,13,3,SR-3 GRATIOT AVE,,15,42.62218889,-82.86486667,0,8,0,0,1,1,0,1,2,10,0,10,0,0000000,99,99,99,99,99,99,0,0,0,1,0
26,260810,1,1,0,1,1,2,2,51,350,24,11,2013,1,9,25,0,6,6,GLIDDEN ST,,0,43.879675,-84.48491389,0,8,0,0,1,1,0,1,1,10,0,10,0,0000000,99,99,99,99,99,99,0,0,0,1,0
26,260811,1,1,0,0,0,2,2,93,0,22,7,2013,2,10,22,1,12,2,US-23,,137,42.61892222,-83.74819444,0,1,0,0,1,1,0,3,1,1,0,1,0,0000000,10,24,10,30,99,99,0,0,0,1,0
26,260812,2,2,0,0,0,3,3,93,0,21,9,2013,7,14,9,0,3,4,CR-ARGENTINE RD,CLYDE RD,51,42.67450278,-83.83791389,0,12,6,0,2,2,0,1,1,10,0,10,0,0000000,14,9,14,28,99,99,0,0,0,1,0
26,260813,1,1,0,1,1,1,1,45,890,25,10,2013,6,2,19,0,14,4,CR-LANSING RD,,23,42.58539722,-84.80271389,0,8,0,0,1,1,0,2,2,1,0,1,0,0000000,2,19,2,24,88,88,0,0,0,1,1
26,260814,1,1,0,1,1,2,2,93,0,18,11,2013,2,2,40,1,13,3,SR-I96 BL,,137,42.599575,-83.90906389,0,8,0,0,1,1,0,1,2,6,0,6,0,0000000,99,99,99,99,88,88,0,0,0,1,0
26,260815,1,1,0,0,0,1,1,77,0,18,11,2013,2,2,14,0,14,4,CR-N RIVERVIEW DR,,38,42.34681389,-85.55133611,0,42,0,0,1,1,0,4,2,10,0,10,0,0000000,2,14,2,25,88,88,0,0,0,1,1
26,260816,1,1,0,0,0,1,1,77,1084,21,11,2013,5,6,39,1,11,1,I-94,,173,42.26985556,-85.44741389,0,25,0,0,1,1,0,3,2,10,0,10,0,0000000,6,39,6,45,88,88,0,0,0,1,0
26,260817,1,1,0,1,1,1,1,91,3690,13,11,2013,4,18,38,0,4,6,ONSTED,,45,41.99455278,-84.18930833,0,8,0,0,1,1,0,1,2,1,0,1,0,0000000,99,99,99,99,88,88,0,0,0,1,0
26,260818,1,1,0,0,0,1,1,49,0,27,11,2013,4,16,7,0,16,4,CR-W JULIAH AVE,,8,43.07806667,-83.69825833,0,30,0,0,1,1,0,4,1,1,0,1,0,0000000,99,99,99,99,99,99,0,0,0,1,0
26,260819,1,1,0,0,0,2,2,5,0,23,11,2013,7,12,55,0,3,4,CR-10TH ST,,3,42.42383611,-85.63071667,0,42,0,0,1,1,0,4,1,1,0,1,0,0000000,99,99,99,99,99,99,22,0,0,1,1
26,260820,1,1,0,0,0,1,1,163,1260,1,12,2013,1,22,45,0,16,6,CAMDEN AVE,ANNSBURY AVE,0,42.40222778,-82.97964444,0,42,0,0,3,3,0,4,2,1,0,1,0,0000000,99,99,99,99,88,88,0,0,0,1,0
26,260821,1,1,0,1,1,1,1,125,2230,20,11,2013,4,19,2,0,15,3,SR-CRYSLER DR,E 8 MILE RD,0,42.44706944,-83.09529722,0,8,0,0,3,2,0,1,3,10,0,10,0,0000000,99,99,99,99,99,99,0,0,0,1,0
26,260822,2,2,0,0,0,3,3,5,2290,4,12,2013,4,6,19,1,13,3,SR-40 LINCOLN RD,,188,42.73735556,-86.06515,0,12,6,0,8,1,0,1,3,1,0,1,0,0000000,6,19,6,20,88,88,0,0,0,1,0
26,260823,1,1,0,0,0,1,1,113,0,6,12,2013,6,23,40,0,4,4,CR-FAHRNEY RD,,96,44.50491111,-85.32096389,0,42,0,0,1,1,0,4,3,1,0,1,0,0000000,23,44,99,99,88,88,22,0,0,1,1
26,260824,1,1,0,1,1,1,1,21,0,7,12,2013,7,21,30,0,4,4,CR-RIVERSIDE RD,BRODERICK,53,42.17333333,-86.38832222,0,9,0,0,3,2,0,1,3,10,0,10,0,0000000,21,30,21,45,99,99,0,0,0,1,0
26,260825,2,2,0,0,0,2,2,77,4030,1,12,2013,1,2,43,1,13,6,SPRINKLE RD,,18,42.20173889,-85.54053333,0,12,2,0,1,1,0,1,2,1,0,1,0,0000000,2,44,2,47,88,88,0,0,0,1,0
26,260826,1,1,0,1,1,1,1,81,5319,2,12,2013,2,17,34,1,13,6,S DIVISION AVE SW,CLEMENTS ST SE,99,42.90367222,-85.66554167,0,8,0,0,2,3,0,1,3,10,0,10,0,0000000,17,36,17,41,99,99,0,0,0,1,0
26,260827,1,1,0,0,0,1,1,57,0,12,12,2013,5,5,44,0,6,4,CR-SMITH,,31,43.17059444,-84.66937222,0,42,0,0,1,1,0,4,2,1,0,1,0,0000000,5,44,6,1,88,88,22,0,0,1,1
26,260828,2,2,0,0,0,3,3,161,5330,3,12,2013,3,14,36,0,14,6,E HURON RIVER DR,MCAULEY DR,6,42.25970278,-83.64976944,0,12,2,0,2,3,0,1,1,10,0,10,0,0000000,14,36,14,38,99,99,0,0,0,1,0
26,260829,1,1,0,0,0,2,2,145,0,14,12,2013,7,18,15,0,14,4,CR-MCCARTY RD,,38,43.46552222,-84.00626111,0,34,0,0,1,1,0,4,2,4,11,4,0,0000000,18,14,18,29,99,99,0,0,0,1,0
26,260830,1,1,0,0,0,1,1,117,0,7,12,2013,7,20,10,0,4,4,CR-N WYMAN RD,,60,43.37882778,-85.04400833,0,42,0,0,1,1,0,4,2,1,0,1,0,0000000,20,12,20,15,88,88,0,0,0,1,1
26,260831,1,1,0,0,0,1,1,163,1260,14,12,2013,7,2,20,1,11,1,I-94,,255,42.34698611,-83.10951944,0,25,0,0,1,1,0,3,2,4,0,4,0,0000000,99,99,99,99,88,88,0,0,0,1,1
26,260832,2,2,0,0,0,3,3,35,0,10,12,2013,3,12,43,1,2,2,US-10 LUDINGTON DR,,80,43.85711111,-84.93485,0,12,2,0,1,1,0,1,1,4,11,4,0,0000000,99,99,99,99,99,99,0,0,0,1,0
26,260833,1,1,0,1,1,1,1,163,1260,12,12,2013,5,14,46,1,13,3,SR-3 GRATIOT AVE,,9,42.34468889,-83.03774722,0,8,0,0,1,1,0,1,1,1,0,1,0,0000000,99,99,99,99,99,99,0,0,0,1,0
26,260834,1,1,0,1,1,2,2,163,1260,13,12,2013,6,7,0,1,13,3,SR-3 GRATIOT AVE,,79,42.43467222,-82.97794722,0,8,0,0,1,1,0,1,3,1,0,1,0,0000000,99,99,99,99,99,99,0,0,0,1,0
26,260835,1,1,0,0,0,2,2,107,0,12,12,2013,5,15,45,0,6,4,CR- 19 MILE RD,,42,43.74166944,-85.210375,0,35,0,0,1,1,0,4,1,4,11,4,0,0000000,21,45,21,57,88,88,22,0,0,2,0
26,260836,2,2,0,0,0,2,2,99,2181,12,12,2013,5,20,13,1,13,4,CR-METROPOLITAN PKWY,UNION LAKE RD,115,42.57006111,-82.863725,0,12,6,0,2,2,0,1,2,10,0,10,0,0000000,20,19,20,22,99,99,22,0,0,1,1
26,260837,3,3,0,0,0,4,4,163,4295,9,12,2013,2,6,20,1,11,1,I-94,,111,42.24097222,-83.33252778,0,12,6,1,18,1,0,1,3,4,11,4,0,0000000,99,99,99,99,99,99,0,0,0,1,0
26,260838,1,1,0,0,0,1,1,163,1260,14,12,2013,7,16,9,0,14,6,VAN DYKE ST,,17,42.373525,-83.01084167,0,42,0,0,1,1,0,4,1,4,11,4,0,0000000,99,99,99,99,99,99,0,0,0,1,0
26,260839,1,1,0,0,0,2,2,163,1260,7,12,2013,7,4,0,1,13,6,7 MILE RD,,112,42.43018889,-83.21316944,0,30,0,0,1,1,0,4,3,10,0,10,0,0000000,99,99,99,99,88,88,0,0,0,1,0
26,260840,1,1,0,1,1,3,3,163,1260,6,12,2013,6,19,9,1,13,3,SR-1 WOODWARD AVE,,21,42.41913056,-83.10649444,0,8,0,0,1,1,0,1,3,10,0,10,0,0000000,99,99,99,99,99,99,0,0,0,1,0
26,260841,1,1,0,1,1,2,2,103,0,17,12,2013,3,3,0,0,6,4,CR-KCB DAM RD,,12,46.81916944,-87.71740278,0,8,0,0,1,1,0,1,2,10,0,10,0,0000000,5,15,5,20,88,88,22,23,0,1,1
26,260842,2,2,0,0,0,2,2,59,0,20,12,2013,6,13,2,0,4,4,CR-E STATE RD,MILNES RD,18,41.92726389,-84.59293611,0,12,6,0,2,2,0,1,1,5,0,5,0,0000000,13,3,13,5,99,99,0,0,0,1,0
26,260843,1,1,0,1,1,1,1,99,850,5,12,2013,5,18,54,0,14,6,10 MILE RD,,32,42.47754167,-83.02230833,0,8,0,0,1,1,0,1,3,1,0,1,0,0000000,99,99,99,99,99,99,0,0,0,1,0
26,260844,2,1,1,1,2,1,2,147,0,21,12,2013,7,5,45,0,4,4,CR-BORDMAN RD,,40,42.89533889,-82.83987222,0,8,0,0,1,1,0,4,3,5,0,5,0,0000000,5,48,5,55,88,88,19,0,0,1,0
26,260845,2,2,0,0,0,2,2,49,1730,24,12,2013,3,20,43,1,13,6,DAVISON RD,N CENTER RD,20,43.03320278,-83.63538611,0,12,6,0,2,2,0,1,2,1,0,1,0,0000000,99,99,99,99,99,99,0,0,0,1,0
26,260846,1,1,0,1,1,1,1,81,5319,24,12,2013,3,18,36,0,15,6,PORTER ST SW,,12,42.92102778,-85.71569722,0,8,0,0,1,1,0,1,3,10,0,10,0,0000000,18,34,18,40,88,88,0,0,0,1,0
26,260847,1,1,0,0,0,1,1,163,2080,6,12,2013,6,23,33,1,13,6,LAKESHORE RD,,17,42.40758889,-82.88628333,0,33,0,0,1,1,0,3,3,1,0,1,0,0000000,99,99,99,99,88,88,0,0,0,1,1
26,260848,1,1,0,0,0,1,1,25,931,27,12,2013,6,7,23,0,4,4,CR-L DR S,,47,42.15934167,-84.86998889,0,42,0,0,1,1,0,6,2,1,0,1,0,0000000,7,26,7,37,88,88,0,0,0,1,0
26,260849,2,2,0,0,0,2,2,109,2179,23,12,2013,2,19,27,0,4,4,CR-557,,7,45.63816667,-87.42035556,0,12,2,0,1,1,0,1,2,10,0,10,0,0000000,19,27,19,57,88,88,22,0,0,2,1
26,260850,2,2,0,0,0,2,2,163,1260,16,12,2013,2,17,0,1,13,6,W WARREN AVE,WOODMONT,28,42.343525,-83.20725278,0,12,1,0,3,2,0,1,1,10,0,10,0,0000000,99,99,99,99,99,99,0,0,0,1,1
26,260851,2,2,0,0,0,2,2,115,0,20,12,2013,6,7,39,1,13,2,US-24 N TELEGRAPH RD,MALL RD,175,41.95431111,-83.39723611,0,12,6,0,2,2,0,1,1,2,0,2,0,0000000,7,41,7,42,99,99,0,0,0,1,0
26,260853,1,1,0,0,0,2,2,21,0,14,12,2013,7,15,15,0,3,3,SR-139,,31,41.87074444,-86.28093333,0,42,0,0,1,1,0,4,1,4,11,4,0,0000000,15,15,15,24,99,99,0,0,0,1,0
26,260854,1,1,0,0,0,1,1,103,0,31,12,2013,3,23,10,0,6,4,CR-HEIDTMAN RD CO RD TB,BRANCH RD CO RD 545,0,46.40582222,-87.28350556,0,18,0,0,3,3,0,5,3,1,0,1,0,0000000,23,27,23,44,88,88,22,0,0,1,1
26,260855,1,1,0,1,1,2,2,49,1731,19,12,2013,5,17,47,0,14,4,CR-BEECHER RD,RIVER FOREST DR,96,43.01676667,-83.74719722,0,8,0,0,1,1,0,1,1,2,0,2,0,0000000,99,99,99,99,99,99,0,0,0,1,0
26,260856,1,1,0,0,0,1,1,161,3582,21,12,2013,7,1,37,0,4,4,CR-SEVEN MILE RD,,21,42.42057222,-83.69978056,0,42,0,0,1,1,0,4,2,5,0,5,0,0000000,99,99,99,99,88,88,0,0,0,1,1
26,260857,1,1,0,0,0,2,2,27,0,31,12,2013,3,0,20,0,14,4,CR-BERTRAND ST,,3,41.77483333,-86.22096667,0,42,0,0,1,1,0,4,2,4,11,4,0,0000000,2,5,2,14,99,99,0,0,0,1,0
26,260858,1,1,0,1,1,1,1,81,131,2,12,2013,2,16,11,1,13,3,SR-37,,39,43.03181389,-85.68953889,0,8,0,0,1,1,0,11,3,1,0,1,0,0000000,99,99,99,99,99,99,0,0,0,1,0
26,260859,1,1,0,0,0,1,1,163,4766,29,12,2013,1,3,57,0,14,4,CR-SUMPTER RD,,49,42.15785556,-83.48222222,0,53,0,0,1,1,0,4,2,10,0,10,0,0000000,99,99,99,99,88,88,0,0,0,1,0
26,260860,1,1,0,1,1,2,2,123,0,13,10,2013,1,19,46,0,4,4,CR-36TH ST,,30,43.48996111,-85.58715278,0,8,0,0,1,1,0,1,2,1,0,1,0,0000000,19,46,19,52,88,88,0,0,0,1,0
26,260861,4,4,0,0,0,5,5,65,0,7,9,2013,7,14,55,0,14,4,CR-MERIDIAN RD,,206,42.70771111,-84.36343889,0,12,2,0,1,1,0,1,1,10,0,10,0,0000000,99,99,99,99,99,99,0,0,0,1,0
26,260862,2,2,0,0,0,3,3,163,1210,23,11,2013,7,3,5,1,11,1,I-94,,205,42.30181944,-83.18141389,0,12,1,0,1,1,0,1,3,1,0,1,0,0000000,99,99,99,99,99,99,0,0,0,1,1
26,260863,1,1,0,0,0,1,1,119,0,30,9,2013,2,11,54,0,6,4,CR-SAUER RD,,7,45.16311944,-83.88258333,0,42,0,0,1,1,0,4,1,1,0,1,0,0000000,99,99,99,99,99,99,22,0,0,1,0
26,260864,1,1,0,0,0,2,2,77,47,3,12,2013,3,7,40,0,6,4,CR-W G AVE,,14,42.33160833,-85.72087778,0,42,0,0,1,1,0,4,4,10,0,10,0,0000000,7,42,7,50,88,88,22,0,0,2,0
26,260865,2,2,0,0,0,2,2,151,0,19,11,2013,3,16,0,0,3,3,SR-25 LAKESHORE RD,,368,43.68671667,-82.6112,0,12,2,0,1,1,0,1,1,1,0,1,0,0000000,16,0,16,22,99,99,0,0,0,1,1
26,260866,3,3,0,0,0,3,3,45,890,10,11,2013,1,17,46,0,14,6,PACKARD HWY,,5,42.58219722,-84.82543889,0,12,1,0,1,1,0,1,5,10,0,10,0,0000000,17,45,17,50,99,99,0,0,0,1,2
26,260867,2,2,0,0,0,2,2,137,0,9,12,2013,2,7,40,1,2,3,SR-32,,47,44.96999167,-84.38532778,0,12,6,0,1,1,0,1,1,4,11,4,0,0000000,7,40,8,4,88,88,0,0,0,1,0
26,260868,2,2,0,0,0,2,2,55,5,10,12,2013,3,17,17,1,13,2,US-31,,44,44.75890833,-85.51529722,0,12,6,0,1,1,0,1,5,4,11,4,0,0000000,99,99,99,99,88,88,0,0,0,1,0
26,260869,1,1,0,0,0,1,1,27,0,21,12,2013,7,8,29,0,4,4,CR-CALVIN HILL ST,NORTH SHORE DR,0,41.83267222,-85.99084444,0,59,0,0,1,1,0,4,2,5,0,5,0,0000000,8,30,8,39,88,88,22,0,0,1,0
26,260870,1,1,0,0,0,1,1,125,4251,27,12,2013,6,10,23,0,14,6,CROOKS RD,,107,42.64921389,-83.17133333,0,59,0,0,1,1,0,4,1,10,0,10,0,0000000,10,27,10,31,99,99,0,0,0,1,0
26,260871,1,1,0,1,1,1,1,161,0,28,12,2013,7,17,50,1,13,2,US-2 MICHIGAN AVE,,39,42.24777222,-83.57364444,0,8,0,0,1,1,0,1,3,1,0,1,0,0000000,17,50,18,1,99,99,0,0,0,1,0
26,260872,1,1,0,1,1,2,2,77,4030,21,12,2013,7,17,46,0,14,6,ROMENCE RD,S WESTNEDGE AVE,27,42.21551944,-85.58941944,0,8,0,0,3,2,0,1,3,2,0,2,0,0000000,99,99,99,99,99,99,0,0,0,1,0