STATE,ST_CASE,VE_TOTAL,VE_FORMS,PVH_INVL,PEDS,PERNOTMVIT,PERMVIT,PERSONS,COUNTY,CITY,DAY,MONTH,YEAR,DAY_WEEK,HOUR,MINUTE,NHS,ROAD_FNC,ROUTE,TWAY_ID,TWAY_ID2,MILEPT,LATITUDE,LONGITUD,SP_JUR,HARM_EV,MAN_COLL,RELJCT1,RELJCT2,TYP_INT,WRK_ZONE,REL_ROAD,LGT_COND,WEATHER1,WEATHER2,WEATHER,SCH_BUS,RAIL,NOT_HOUR,NOT_MIN,ARR_HOUR,ARR_MIN,HOSP_HR,HOSP_MN,CF1,CF2,CF3,FATALS,DRUNK_DR
26,260873,2,2,0,0,0,4,4,77,3727,16,12,2013,2,10,15,1,12,2,US-131,,106,42.27096389,-85.65456111,0,12,1,1,18,1,0,1,1,10,0,10,0,0000000,99,99,99,99,99,99,19,0,0,1,0
26,260874,1,1,0,1,1,1,1,163,5176,27,12,2013,6,17,58,0,14,6,WARREN RD,,79,42.33867778,-83.3971,0,8,0,0,1,1,0,1,3,1,0,1,0,0000000,17,59,99,99,88,88,0,0,0,1,0
26,260875,3,3,0,0,0,3,3,21,0,31,12,2013,3,5,30,1,11,1,I-94,,318,42.10865,-86.39807222,0,12,6,0,1,1,0,1,2,4,0,4,0,0000000,5,32,5,40,99,99,0,0,0,1,0
26,260876,2,2,0,0,0,4,4,161,0,26,12,2013,5,17,0,1,2,2,US-23,,14,42.33618333,-83.74423611,0,54,11,0,1,1,0,1,1,10,0,10,0,0000000,99,99,99,99,88,88,14,0,0,1,0
26,260877,2,1,1,0,1,2,3,125,208,9,12,2013,2,14,19,1,11,1,I-75,,257,42.70513889,-83.31358611,0,24,0,0,1,1,0,3,1,4,11,4,0,0000000,99,99,99,99,99,99,0,0,0,1,0
26,260878,1,1,0,0,0,2,2,145,4350,25,12,2013,4,16,56,0,14,6,W CENTER ST,,4,43.40165833,-83.96596667,0,25,0,0,1,1,0,4,1,10,0,10,0,0000000,99,99,99,99,99,99,0,0,0,1,0
26,260879,1,1,0,1,1,1,1,163,2430,19,12,2013,5,18,0,1,13,6,INKSTER,,133,42.29937222,-83.31031111,0,8,0,0,1,1,0,1,3,2,0,2,0,0000000,99,99,99,99,88,88,0,0,0,1,0
26,260880,2,2,0,0,0,3,3,37,307,10,12,2013,3,18,25,1,11,1,I-69,,114,42.80311111,-84.47706389,0,12,1,0,1,1,0,1,2,4,11,4,0,0000000,18,25,18,35,99,99,0,0,0,1,0
26,260881,1,1,0,2,2,1,1,77,0,11,11,2013,2,20,35,1,13,3,SR-BL 94,LAKE ST,4,42.28017778,-85.55285,0,8,0,0,3,2,0,1,2,1,0,1,0,0000000,99,99,99,99,99,99,0,0,0,1,0
26,260882,2,2,0,0,0,3,3,5,3755,30,7,2013,3,8,12,9,99,9,46TH ST,140TH ST,99999,42.71069444,-85.997025,0,12,6,0,2,2,0,1,1,1,0,1,0,0000000,99,99,99,99,99,99,22,0,0,1,0
26,260883,1,1,0,0,0,1,1,143,0,16,6,2013,1,18,52,0,6,4,CR-EMERY RD,,28,44.27293333,-84.47065833,0,1,0,0,1,1,0,4,1,1,0,1,0,0000000,99,99,99,99,88,88,22,0,0,1,1
26,260884,1,1,0,0,0,1,1,143,0,25,10,2013,6,12,20,0,4,4,CR-N ST HELEN RD F97,,7,44.38362778,-84.41023056,0,42,0,0,1,1,0,4,1,1,0,1,0,0000000,99,99,99,99,88,88,22,0,0,1,0
26,260885,1,1,0,1,1,1,1,125,1652,3,10,2013,5,3,8,1,11,1,I-696,,18,42.46287778,-83.41326111,0,8,0,1,18,1,0,1,2,10,0,10,0,0000000,99,99,99,99,99,99,0,0,0,1,0
26,260886,1,1,0,0,0,1,1,145,0,23,9,2013,2,9,21,0,6,4,CR-CENTER RD,,1,43.39029167,-84.01524722,0,53,0,0,1,1,0,4,1,10,0,10,0,0000000,99,99,99,99,88,88,0,0,0,1,0
26,260887,1,1,0,1,1,1,1,163,1260,6,11,2013,4,19,35,0,14,6,GRAND BLVD,HASTINGS ST,44,42.37390278,-83.06376111,0,8,0,0,2,3,0,1,2,1,0,1,0,0000000,99,99,99,99,99,99,0,0,0,1,0
26,260888,2,2,0,0,0,2,2,121,1850,3,12,2013,3,17,47,0,14,4,CR-FRUITPORT RD,WALKER RD,9,43.12491111,-86.17573333,0,12,6,0,2,2,0,1,2,2,0,2,0,0000000,17,47,17,54,99,99,0,0,0,1,0
26,260889,1,1,0,0,0,1,1,9,0,20,12,2013,6,19,25,0,4,4,CR-DERENZY RD,,10,44.99041667,-85.19310278,0,34,0,0,1,1,0,4,2,4,11,4,0,0000000,99,99,99,99,88,88,0,0,0,1,1
26,260890,1,1,0,0,0,2,2,159,0,13,6,2013,5,10,45,0,4,4,CR-388,,71,42.40430556,-86.13510833,0,34,0,0,1,1,0,4,1,1,0,1,0,0000000,99,99,99,99,99,99,0,0,0,1,0
26,260891,2,2,0,0,0,2,2,47,0,19,8,2013,2,11,30,0,4,4,CR-81 PLEASANTVIEW RD,VAN RD,21,45.59382222,-84.87348333,0,12,6,0,2,2,0,1,1,1,0,1,0,0000000,99,99,99,99,99,99,22,0,0,1,0
26,260892,3,3,0,0,0,3,3,163,1260,26,7,2013,6,18,35,1,13,6,7 MILE RD,STRASBURG ST,222,42.43461944,-82.99853333,0,12,6,0,2,2,0,1,1,1,0,1,0,0000000,99,99,99,99,99,99,0,0,0,1,0
26,260893,1,1,0,0,0,1,1,17,0,25,9,2013,4,14,33,0,4,4,CR-WHEELER RD,11 MILE RD,30,43.64003056,-84.10823611,0,34,0,0,3,2,0,4,1,1,0,1,0,0000000,99,99,99,99,99,99,0,0,0,1,0
26,260894,1,1,0,0,0,3,3,163,1260,3,8,2013,7,5,30,1,13,3,SR-5 GRAND RIVER,,6,42.41563056,-83.25553333,0,30,0,0,1,1,0,4,3,1,0,1,0,0000000,99,99,99,99,99,99,0,0,0,1,0
26,260895,2,2,0,0,0,3,3,157,0,28,9,2013,7,13,54,0,4,4,CR-VASSAR RD,,31,43.43835278,-83.58105,0,12,7,0,1,1,0,1,1,1,0,1,0,0000000,99,99,99,99,99,99,22,0,0,1,0
26,260896,1,1,0,0,0,2,2,147,0,10,8,2013,7,0,42,1,13,3,SR-I69BL,,281,42.965675,-82.45643056,0,1,0,0,1,1,0,4,3,1,0,1,0,0000000,99,99,99,99,99,99,0,0,0,1,1
26,260897,3,1,2,0,0,3,3,163,1260,23,8,2013,6,22,50,0,16,6,LANTZ ST,,4,42.43881111,-83.02653611,0,14,0,0,1,1,0,7,3,1,0,1,0,0000000,99,99,99,99,99,99,14,0,0,1,1
26,260898,2,2,0,0,0,4,4,163,633,2,9,2013,2,20,34,0,14,4,CR-SIBLEY RD,HEIDEN DR,59,42.16689167,-83.28901944,0,12,1,0,3,3,0,1,2,1,0,1,0,0000000,99,99,99,99,99,99,0,0,0,1,0
26,260899,1,1,0,1,1,2,2,163,1260,14,9,2013,7,19,0,1,13,6,WARREN,,77,42.401225,-82.94299722,0,30,0,0,1,1,0,4,1,1,0,1,0,0000000,99,99,99,99,99,99,0,0,0,1,0
26,260900,2,2,0,0,0,2,2,37,5180,28,10,2013,2,12,51,0,4,6,MAIN ST,WILLOW ST,21,42.92931389,-84.79699167,0,12,1,0,3,2,0,1,1,1,0,1,0,0000000,99,99,99,99,99,99,0,0,0,1,0
26,260901,3,3,0,0,0,5,5,99,5110,25,9,2013,4,16,14,1,11,1,I-696,,35,42.49175556,-83.02286111,0,12,1,1,18,1,0,1,1,1,0,1,0,0000000,99,99,99,99,99,99,0,0,0,1,0
26,260902,1,1,0,0,0,1,1,163,1260,19,10,2013,7,6,45,1,13,2,US-12 MICHIGAN AVE,18TH ST,58,42.33135,-83.08134444,0,30,0,0,1,1,0,4,3,2,0,2,0,0000000,99,99,99,99,99,99,0,0,0,1,0
26,260903,2,2,0,0,0,3,3,163,1260,27,10,2013,1,2,55,1,13,3,SR-8 W DAVISON ST,LAWTON ST,19,42.39201944,-83.12471111,0,12,6,0,2,3,0,1,6,1,0,1,0,0000000,99,99,99,99,99,99,0,0,0,1,0
26,260904,1,1,0,1,1,1,1,163,1260,2,11,2013,7,1,30,1,13,6,7 MILE RD,,113,42.43021667,-83.21198333,0,8,0,0,1,1,0,1,3,2,0,2,0,0000000,99,99,99,99,88,88,0,0,0,1,1
26,260905,3,3,0,0,0,5,5,163,1260,17,11,2013,1,12,26,1,11,1,I-94,,304,42.38332222,-83.02994167,0,12,7,1,18,1,0,1,1,2,0,2,0,0000000,99,99,99,99,99,99,0,0,0,1,0
27,270001,1,1,0,0,0,1,1,59,0,1,1,2013,3,7,50,0,4,4,CR-12 APOLLO ST NE,CR-9 269TH AVE NE,49,45.45540556,-93.13400556,0,35,0,0,3,3,0,5,2,10,0,10,0,0000000,7,50,8,6,99,99,0,0,0,1,1
27,270002,3,3,0,0,0,3,3,35,0,3,1,2013,5,11,19,0,4,4,CR-12,,49,46.46413889,-93.93788333,0,12,6,0,1,1,0,1,1,1,0,1,0,0000000,11,19,11,24,88,88,0,0,0,1,0
27,270003,3,3,0,0,0,5,5,25,7790,3,1,2013,5,15,34,0,14,2,US-61,,1632,45.31078889,-92.986975,0,12,1,0,1,1,0,1,1,1,0,1,0,0000000,99,99,99,99,99,99,0,0,0,1,0
27,270004,1,1,0,0,0,1,1,9,6250,4,1,2013,6,14,41,0,14,6,WILSON AVE SE,,4,45.56368333,-94.14985833,0,19,0,0,1,1,0,5,1,1,0,1,0,0000000,14,41,14,50,99,99,0,0,0,1,0
27,270005,2,2,0,0,0,2,2,171,4860,6,1,2013,1,18,5,0,4,4,CR-39,,206,45.29393056,-93.75281111,0,12,2,0,1,1,0,1,6,1,0,1,0,0000000,18,12,18,32,18,51,0,0,0,1,0
27,270007,2,2,0,0,0,2,2,3,1492,10,1,2013,5,23,29,1,12,2,US-10,,2305,45.16857778,-93.29221944,0,12,2,0,1,1,0,1,3,2,0,2,0,0000000,99,98,99,98,88,88,0,0,0,1,2
27,270008,1,1,0,0,0,4,4,21,0,12,1,2013,7,17,41,1,2,2,US-2,,1401,47.36595556,-94.39965833,3,42,0,0,1,1,0,4,2,1,0,1,0,0000000,17,47,17,53,19,13,0,0,0,3,0
27,270009,1,1,0,0,0,1,1,141,0,16,1,2013,4,5,41,0,4,4,CR-15,,17,45.34075278,-93.67293056,0,42,0,0,1,1,0,4,2,10,0,10,0,0000000,5,41,6,0,88,88,0,0,0,1,0
27,270010,2,2,0,0,0,2,2,171,5487,16,1,2013,4,8,20,0,14,4,CR-39,MASON AVE NE,265,45.28858889,-93.63261667,0,12,6,0,2,3,0,1,1,10,0,10,0,0000000,8,29,8,35,8,55,0,0,0,1,0
27,270011,1,1,0,0,0,1,1,13,0,16,1,2013,4,10,0,0,5,4,CR-28 206TH ST,,91,44.13785,-93.86928333,0,1,0,0,1,1,0,4,1,1,0,1,0,0000000,14,17,99,98,88,88,0,0,0,1,0
27,270012,2,2,0,0,0,3,3,75,0,18,1,2013,6,15,1,1,2,3,SR-61,,335,47.0965,-91.56117778,0,12,6,0,1,1,0,1,1,4,10,4,0,0000000,15,1,15,11,15,46,0,0,0,1,1
27,270013,2,2,0,0,0,2,2,15,0,19,1,2013,7,7,14,1,2,3,SR-15,,521,44.24197778,-94.43663611,0,12,6,0,1,1,0,1,2,10,0,10,0,0000000,7,19,7,22,7,58,0,0,0,1,0
27,270016,7,1,6,0,0,1,1,139,6450,23,1,2013,4,11,17,1,13,3,SR-13,,912,44.77805833,-93.36961389,0,14,0,0,1,1,0,5,1,1,0,1,0,0000000,11,19,11,21,88,88,14,0,0,1,0
27,270017,3,3,0,0,0,4,4,7,0,30,1,2013,4,10,36,0,3,3,SR-72,,65,47.75061389,-94.51230278,0,12,2,0,1,1,0,1,1,10,0,10,0,0000000,10,42,10,49,11,23,0,0,0,1,0
27,270018,1,1,0,0,0,1,1,17,0,2,2,2013,7,1,35,0,3,3,SR-73,,207,46.61902778,-92.89344167,0,42,0,0,1,1,0,4,2,10,0,10,0,0000000,1,35,1,55,88,88,0,0,0,1,1
27,270019,2,2,0,0,0,5,5,105,0,2,2,2013,7,18,41,1,1,1,I-90,,387,43.63811111,-95.69414167,0,12,6,0,1,1,0,1,2,10,3,3,0,0000000,99,99,99,99,99,99,0,0,0,2,0
27,270020,2,2,0,0,0,2,2,23,0,4,2,2013,2,6,48,1,2,3,SR-7,,560,45.12662778,-95.92746667,0,50,0,0,1,1,0,1,4,10,0,10,0,0000000,6,46,7,0,88,88,14,0,0,1,0
27,270021,2,2,0,0,0,2,2,57,0,7,2,2013,5,19,32,0,4,4,CR-16,RECREATIONAL SNOWMOBILE TRAIL,35,47.295725,-94.80200278,0,12,6,0,2,2,0,1,2,1,0,1,0,0000000,19,36,19,59,88,88,0,0,0,1,1
27,270022,1,1,0,0,0,1,1,157,0,8,2,2013,6,20,15,0,4,4,CR-4,,206,44.36716389,-92.22961944,0,30,0,0,1,1,0,5,6,10,0,10,0,0000000,20,24,20,34,88,88,0,0,0,1,0
27,270023,1,1,0,0,0,1,1,145,0,9,2,2013,7,23,29,0,6,4,CR-195,,5,45.49190278,-94.67076667,0,1,0,0,1,1,0,4,2,11,4,4,0,0000000,23,29,23,29,99,99,0,0,0,1,1
27,270024,2,2,0,0,0,4,4,49,0,11,2,2013,2,8,58,1,2,2,US-52,,882,44.38657778,-92.82647778,0,12,6,0,1,1,0,1,1,11,10,11,0,0000000,8,59,9,17,99,99,0,0,0,1,0
27,270025,1,1,0,0,0,1,1,137,0,13,2,2013,4,6,0,0,5,4,CR-52 ARKOLA RD,,92,47.16836667,-92.61707222,0,10,0,0,6,1,0,1,2,5,0,5,0,061246P,6,5,6,30,88,88,0,0,0,1,0
27,270026,2,2,0,0,0,5,5,163,5339,13,2,2013,4,17,27,1,13,3,SR-36,GREELY ST,2024,45.03588889,-92.82338333,0,12,1,0,3,2,0,1,5,10,0,10,0,0000000,99,99,17,27,99,99,0,0,0,1,0
27,270027,1,1,0,0,0,1,1,163,1517,14,2,2013,5,23,27,0,15,6,103RD ST S,,2,44.80097778,-92.97138056,0,21,0,0,1,1,0,4,2,1,0,1,0,0000000,23,29,23,36,88,88,0,0,0,1,1
27,270028,2,1,1,0,0,4,4,123,6330,15,2,2013,6,2,24,0,14,4,CR-64 HAZELWOOD ST,,18,44.98509167,-93.03543889,0,14,0,0,1,1,0,7,3,1,0,1,0,0000000,2,24,2,26,99,99,0,0,0,2,1
27,270029,1,1,0,0,0,1,1,139,0,16,2,2013,7,17,27,0,3,4,CR-6 UNION TRAIL,,3,44.61306389,-93.84791667,0,42,0,0,1,1,0,4,1,1,0,1,0,0000000,17,36,17,50,88,88,0,0,0,1,1
27,270030,2,2,0,0,0,2,2,173,0,18,2,2013,2,7,34,1,2,3,SR-23,,984,44.74282778,-95.57681667,0,12,6,0,1,1,0,2,1,6,0,6,0,0000000,7,30,7,39,8,36,0,0,0,1,0
27,270031,4,3,1,0,1,6,7,27,0,18,2,2013,2,11,37,1,1,1,I-94,,220,46.68152778,-96.43381944,0,45,0,0,1,1,2,1,1,4,11,4,0,0000000,99,99,99,99,99,99,0,0,0,2,0
27,270032,2,2,0,0,0,2,2,37,1945,22,2,2013,6,7,58,0,14,3,SR-13,,1057,44.85766389,-93.1777,0,12,6,0,1,1,0,1,1,10,4,4,0,0000000,99,99,99,99,99,99,0,0,0,1,0
27,270033,2,2,0,0,0,2,2,141,2110,24,2,2013,1,1,25,0,14,4,CR-13 TWIN LAKES RD,,23,45.32141389,-93.52238333,0,12,2,0,1,1,0,1,2,1,0,1,0,0000000,1,25,1,38,2,9,0,0,0,1,2
27,270034,1,1,0,0,0,1,1,33,7630,24,2,2013,1,19,11,0,4,4,CR-15,,165,43.89136111,-95.152325,0,42,0,0,1,1,0,5,2,1,0,1,0,0000000,19,11,19,16,19,25,0,0,0,1,1
27,270035,1,1,0,0,0,1,1,123,6330,24,2,2013,1,19,16,1,13,2,US-61,,1331,44.92198611,-93.01766389,2,52,0,0,1,1,0,4,3,1,0,1,0,0000000,19,18,19,35,88,88,0,0,0,1,1
27,270036,2,2,0,0,0,2,2,121,0,25,2,2013,2,7,45,0,3,3,SR-29,CR-28,680,45.71536389,-95.38706389,0,12,6,0,2,2,0,1,1,5,10,5,0,0000000,7,45,8,14,8,50,0,0,0,1,0
27,270037,2,2,0,0,0,2,2,119,0,26,2,2013,3,14,54,0,3,3,SR-32,,695,47.65216944,-96.27998611,0,12,2,0,1,1,0,1,1,1,0,1,0,0000000,14,58,15,5,15,36,0,0,0,1,0
27,270038,2,2,0,0,0,4,4,99,0,27,2,2013,4,15,19,0,3,3,SR-56,,245,43.57705556,-92.76940278,0,12,6,0,1,1,0,1,1,10,0,10,1,0000000,15,19,15,25,99,99,0,0,0,1,0
27,270039,2,2,0,0,0,2,2,91,0,27,2,2013,4,15,21,0,4,4,CR-26,,159,43.65963056,-94.54047222,0,12,6,0,1,1,0,1,1,11,10,11,0,0000000,15,21,15,31,99,99,0,0,0,1,0
27,270040,1,1,0,0,0,1,1,99,0,27,2,2013,4,23,36,1,1,1,I-90,,1988,43.77024444,-92.6316,0,1,0,0,1,1,0,3,2,10,7,7,0,0000000,23,40,23,57,88,88,0,0,0,1,0
27,270041,2,2,0,0,0,2,2,163,3910,28,2,2013,5,6,7,1,13,3,SR-36,CR-15 MANNING AVE N,167,45.03591389,-92.86292778,0,12,6,0,2,2,0,1,3,10,0,10,0,0000000,6,9,6,15,6,53,0,0,0,1,0
27,270042,1,1,0,0,0,1,1,43,0,1,3,2013,6,6,33,1,2,2,US-169,,242,43.82573056,-94.16386667,0,11,0,0,1,1,0,1,1,10,0,10,0,0000000,99,99,99,99,99,99,0,0,0,1,0
27,270043,1,1,0,1,1,1,1,115,0,2,3,2013,7,19,16,0,3,3,SR-48,,47,46.0114,-92.83521944,0,8,0,0,1,1,0,1,2,1,0,1,0,0000000,99,99,99,99,88,88,0,0,0,1,0
27,270044,1,1,0,0,0,1,1,37,4673,3,3,2013,1,1,50,0,15,4,CR-63,,42,44.87489444,-93.10600833,0,42,0,0,1,1,0,6,2,10,0,10,0,0000000,1,51,1,58,88,88,0,0,0,1,1
27,270045,1,1,0,0,0,4,4,91,0,3,3,2013,1,8,6,0,3,3,SR-4,,76,43.60983333,-94.77422222,0,1,0,0,1,1,0,4,1,1,0,1,0,0000000,99,99,99,99,99,99,0,0,0,1,1
27,270046,1,1,0,0,0,1,1,131,0,8,3,2013,6,6,45,0,4,4,CR-3 FAIRBANKS AVE,,9,44.53142222,-93.38291667,0,35,0,0,1,1,0,5,4,1,0,1,0,0000000,6,55,99,97,99,97,0,0,0,1,0
27,270047,2,2,0,0,0,2,2,173,0,8,3,2013,6,11,29,1,2,2,US-212,,420,44.87288333,-95.64170833,0,12,2,0,1,1,0,1,1,1,0,1,0,0000000,11,31,11,38,12,13,0,0,0,1,0
27,270048,1,1,0,0,0,2,2,9,0,8,3,2013,6,18,31,0,6,4,CR-80 35TH AVE NE - 25TH ST NE,35TH AVE NE,10,45.60284167,-94.09089722,0,42,0,0,1,1,0,4,5,1,0,1,0,0000000,18,33,18,43,99,99,0,0,0,1,1
27,270049,3,3,0,0,0,4,4,3,671,14,3,2013,5,10,47,1,13,3,SR-65,CR-12 109TH AVE NE,134,45.16828611,-93.23523333,0,12,6,0,2,2,0,1,1,1,0,1,0,0000000,10,47,10,55,11,21,0,0,0,1,0
27,270050,1,1,0,0,0,2,2,93,0,16,3,2013,7,17,33,0,4,4,CR-27,733 AVE,47,45.1947,-94.29090556,0,1,0,0,1,1,0,4,1,10,0,10,0,0000000,17,34,17,49,99,99,0,0,0,1,1
27,270051,2,2,0,0,0,4,4,69,0,17,3,2013,1,14,19,1,2,3,SR-11,,170,48.57258611,-96.77789722,0,12,2,0,1,1,0,1,1,11,4,4,0,0000000,14,18,14,23,15,3,0,0,0,2,1
27,270052,2,2,0,0,0,2,2,75,0,21,3,2013,5,14,46,0,4,4,CR-12,CR-124 HOLM RD,29,47.06913056,-91.72054722,0,12,6,0,2,3,0,1,1,1,0,1,0,0000000,14,47,14,56,15,6,0,0,0,1,1
27,270053,1,1,0,0,0,1,1,53,4760,22,3,2013,6,18,25,0,16,6,E 26TH ST,,27,44.95556111,-93.24192778,0,10,0,0,6,1,0,1,1,1,0,1,0,379693Y,19,4,19,13,88,88,0,0,0,1,0
27,270054,1,1,0,1,1,1,1,53,4760,23,3,2013,7,2,32,0,16,6,32ND ST E,,10,44.94476944,-93.23207778,0,8,0,0,1,1,0,1,3,1,0,1,0,0000000,2,33,2,39,2,48,0,0,0,1,0
27,270055,2,2,0,0,0,4,4,1,0,23,3,2013,7,8,2,1,2,2,US-169,CR-3,2677,46.71085278,-93.60131389,0,12,6,0,2,2,0,1,1,1,0,1,0,0000000,8,2,8,8,99,99,0,0,0,1,0
27,270056,2,2,0,0,0,4,4,53,4760,23,3,2013,7,13,5,0,14,6,FREMONT AVE N,22ND AVE N,7,45.00150833,-93.29567222,0,12,6,0,2,2,0,1,1,10,0,10,0,0000000,13,12,13,14,13,26,0,0,0,1,0
27,270057,1,1,0,1,1,2,2,137,0,24,3,2013,1,21,19,0,4,4,CR-7,,5,46.8946,-92.37468056,0,8,0,0,1,1,0,1,2,1,0,1,0,0000000,21,19,21,40,99,99,0,0,0,1,0
27,270058,2,2,0,0,0,2,2,9,0,26,3,2013,3,7,43,0,5,4,CR-78,CR-12,78,45.77946944,-94.13294167,0,12,6,0,2,2,0,1,1,10,0,10,0,0000000,7,47,8,4,99,99,0,0,0,1,0
27,270059,1,1,0,1,1,3,3,53,4760,30,3,2013,7,2,17,0,14,4,CR-3 LAKE ST E,CR-152 CEDAR AVE S,139,44.94838056,-93.24741944,0,9,0,0,2,2,0,1,3,10,0,10,0,0000000,99,98,99,98,88,88,0,0,0,1,1
27,270060,1,1,0,0,0,1,1,157,0,31,3,2013,1,5,20,1,2,2,US-61,,520,44.27337222,-91.98731667,0,42,0,0,1,1,0,4,2,10,0,10,0,0000000,5,34,5,47,6,2,0,0,0,1,1
27,270061,1,1,0,0,0,1,1,103,0,4,4,2013,5,18,53,0,5,4,CR-41,,57,44.17219167,-94.08778056,0,24,0,0,1,1,0,4,1,1,0,1,0,0000000,18,53,19,1,19,18,0,0,0,1,0
27,270062,2,2,0,0,0,4,4,109,0,6,4,2013,7,9,43,0,3,2,US-14,SR-42,2245,43.99905278,-92.24916389,0,12,6,0,2,2,0,1,1,1,0,1,0,0000000,9,43,9,50,88,88,0,0,0,1,0
27,270063,2,2,0,0,0,3,3,21,0,6,4,2013,7,12,19,1,2,3,SR-371,,1037,47.25811111,-94.62731111,3,12,6,0,1,1,0,1,1,4,3,4,0,0000000,99,99,99,99,99,99,0,0,0,1,0
27,270064,2,2,0,0,0,4,4,109,0,6,4,2013,7,12,54,0,4,4,CR-9,CR-10,150,44.020525,-92.13911944,0,12,6,0,2,2,0,1,1,1,10,10,0,0000000,12,54,99,99,99,99,0,0,0,2,0
27,270065,3,3,0,0,0,10,10,37,202,6,4,2013,7,14,36,0,14,4,CR-38 MCANDREWS RD,GARDEN VIEW DR,33,44.75546667,-93.23801111,0,12,6,0,2,2,0,1,1,10,2,2,0,0000000,14,36,14,43,15,40,0,0,0,1,0
27,270066,3,3,0,0,0,11,11,53,4760,7,4,2013,1,13,4,1,11,1,I-94,,2265,45.04393056,-93.28450833,0,12,7,1,18,1,0,1,1,1,0,1,0,0000000,13,5,13,11,99,99,0,0,0,3,0
27,270067,1,1,0,1,1,1,1,123,6542,7,4,2013,1,15,15,0,14,4,CR-51 LEXINGTON AVE,VICTORIA ST,113,45.07189722,-93.14726389,0,8,0,0,2,3,0,1,1,10,0,10,0,0000000,99,99,99,99,99,99,0,0,0,1,0
27,270068,2,2,0,0,0,2,2,53,821,7,4,2013,1,18,5,0,14,4,CR-152 BROOKLYN BLVD,WELCOME AVE N,15,45.09313611,-93.35388611,0,12,6,0,2,2,0,1,1,10,0,10,0,0000000,18,5,18,15,99,99,20,0,0,1,0
27,270069,1,1,0,0,0,2,2,53,820,8,4,2013,2,1,38,0,15,6,SHINGLE CREEK PKWY,,5,45.06427778,-93.31066667,0,42,0,0,1,1,0,5,3,2,0,2,0,0000000,1,38,1,41,99,99,0,0,0,1,1
27,270070,1,1,0,0,0,1,1,47,0,8,4,2013,2,14,24,1,1,1,I-35,,38,43.55006944,-93.35883611,0,1,0,0,1,1,0,3,1,10,0,10,0,0000000,14,25,14,34,16,0,0,0,0,1,0
27,270071,2,2,0,0,0,2,2,19,0,9,4,2013,3,11,41,0,3,4,CR-10,,47,44.91676389,-93.82878333,0,12,2,0,1,1,0,1,1,12,6,12,0,0000000,12,16,12,21,88,88,0,0,0,1,0
27,270072,1,1,0,0,0,1,1,169,0,12,4,2013,6,21,42,1,1,1,I-90,,2543,43.95595,-91.65741667,0,1,0,0,1,1,0,3,2,10,4,4,0,0000000,21,43,99,99,88,88,0,0,0,1,0
27,270073,1,1,0,0,0,1,1,37,4673,13,4,2013,7,6,57,1,11,1,I-494,I-35E,709,44.86261667,-93.14853333,0,59,0,1,19,1,0,4,1,10,0,10,0,0000000,6,59,7,6,7,38,0,0,0,1,0
27,270074,2,2,0,0,0,4,4,145,6430,15,4,2013,2,15,5,0,4,4,CR-72 BELTLINE RD,2ND ST S,45,45.73807778,-94.97116389,0,12,6,0,2,2,0,1,1,10,0,10,0,0000000,15,6,15,11,15,23,0,0,0,1,0
27,270075,2,2,0,0,0,2,2,163,0,18,4,2013,5,15,5,1,11,1,I-94,,2572,44.95610833,-92.79296667,0,12,8,0,1,1,0,1,1,4,12,4,0,0000000,88,88,88,88,88,88,0,0,0,1,0
27,270076,2,2,0,0,0,3,3,25,5260,18,4,2013,5,17,13,0,14,4,CR-30 FOREST BLVD,,127,45.517525,-92.979875,0,12,6,0,1,1,0,1,1,4,7,4,1,0000000,17,15,17,33,18,12,0,0,0,1,0
27,270077,2,2,0,0,0,4,4,23,0,21,4,2013,1,15,50,0,3,3,SR-29,CR-13,63,45.02174722,-95.71673056,0,12,6,0,2,2,0,1,1,10,0,10,0,0000000,15,47,15,58,16,6,0,0,0,1,0
27,270078,2,2,0,0,0,2,2,35,0,24,4,2013,4,12,20,0,3,4,CR-3,CR-11,189,46.61703611,-94.13184444,0,12,6,0,2,2,0,1,1,4,0,4,0,0000000,12,20,99,99,99,99,0,0,0,1,0
27,270079,2,2,0,0,0,2,2,131,5270,24,4,2013,4,12,50,0,13,3,SR-19 W 5TH ST,SR-3 WATER ST,1762,44.45508889,-93.16434722,0,12,6,0,2,2,0,1,1,1,0,1,0,0000000,12,52,12,52,99,99,0,0,0,1,0
27,270080,2,2,0,0,0,3,3,53,2030,28,4,2013,1,14,35,0,14,4,CR-158 VERNON AVE,INTERLACHAN BLVD,25,44.9122,-93.35410833,0,12,7,0,3,2,0,1,1,1,0,1,0,0000000,14,35,14,40,15,6,0,0,0,1,0
27,270082,1,1,0,0,0,3,3,9,0,29,4,2013,2,19,0,1,13,2,US-10,,1679,45.69146111,-94.17198611,0,35,0,0,1,1,0,4,1,10,0,10,0,0000000,19,0,19,8,99,99,0,0,0,1,0
27,270083,2,2,0,0,0,2,2,37,0,30,4,2013,3,6,43,0,3,4,CR-86 280TH ST W,,14,44.54394722,-93.25215556,0,12,2,0,1,1,0,1,4,10,0,10,0,0000000,6,43,7,1,99,99,0,0,0,1,0