STATE,ST_CASE,VE_TOTAL,VE_FORMS,PVH_INVL,PEDS,PERNOTMVIT,PERMVIT,PERSONS,COUNTY,CITY,DAY,MONTH,YEAR,DAY_WEEK,HOUR,MINUTE,NHS,ROAD_FNC,ROUTE,TWAY_ID,TWAY_ID2,MILEPT,LATITUDE,LONGITUD,SP_JUR,HARM_EV,MAN_COLL,RELJCT1,RELJCT2,TYP_INT,WRK_ZONE,REL_ROAD,LGT_COND,WEATHER1,WEATHER2,WEATHER,SCH_BUS,RAIL,NOT_HOUR,NOT_MIN,ARR_HOUR,ARR_MIN,HOSP_HR,HOSP_MN,CF1,CF2,CF3,FATALS,DRUNK_DR
27,270084,2,2,0,0,0,3,3,79,4150,1,5,2013,4,14,26,1,2,2,US-169,,794,44.483325,-93.88891667,0,12,1,0,1,1,0,1,1,10,0,10,0,0000000,14,26,99,99,99,99,0,0,0,1,0
27,270085,1,1,0,0,0,1,1,89,0,3,5,2013,6,19,2,0,4,4,CR-2,,420,48.22389444,-95.71149722,0,1,0,0,1,1,0,4,1,1,0,1,0,0000000,19,3,99,99,88,88,0,0,0,1,1
27,270086,2,2,0,0,0,2,2,145,7260,4,5,2013,7,9,35,0,14,4,CR-813RD ST NE,2ND AVE NE,16,45.5587,-94.20985,0,12,6,0,2,2,0,1,1,10,2,2,0,0000000,9,45,9,50,10,8,0,0,0,1,0
27,270087,1,1,0,1,1,2,2,35,0,7,5,2013,3,17,17,0,4,4,CR-2,,222,46.21435,-93.91836389,0,9,0,0,1,1,0,1,1,1,0,1,0,0000000,17,17,99,99,99,99,0,0,0,1,0
27,270088,1,1,0,0,0,2,2,137,0,8,5,2013,4,16,12,0,6,4,CR-737 HARRIS RD,,1,47.03961667,-92.45923333,0,1,0,0,1,1,0,1,8,10,0,10,0,0000000,16,12,16,45,99,99,0,0,0,1,0
27,270089,1,1,0,0,0,1,1,25,0,31,3,2013,1,4,22,1,1,1,I-35,,1450,45.46846389,-92.99607222,0,34,0,0,1,1,0,3,2,1,0,1,0,0000000,99,99,5,43,5,58,0,0,0,1,0
27,270090,2,1,1,0,1,1,2,109,0,2,5,2013,5,5,35,0,4,4,CR-25,,70,43.99627778,-92.54963056,0,45,0,0,1,1,2,1,2,4,11,4,0,0000000,5,39,5,58,99,99,0,0,0,1,0
27,270091,1,1,0,3,3,1,1,151,0,7,5,2013,3,8,38,0,6,5,60TH ST SE,,15,45.23845278,-95.42493056,0,10,0,0,6,1,0,1,1,1,0,1,0,037900D,8,35,8,51,9,3,0,0,0,1,0
27,270092,1,1,0,0,0,3,3,25,5260,8,5,2013,4,19,7,1,11,1,I-35,,1464,45.48834167,-92.99703056,0,51,0,0,1,1,0,3,1,2,10,2,0,0000000,19,7,19,15,99,99,0,0,0,1,0
27,270093,2,2,0,0,0,3,3,49,0,9,5,2013,5,18,29,1,2,2,US-52,CR-9,894,44.39956111,-92.84391667,0,12,6,0,2,2,0,1,1,10,2,2,0,0000000,18,26,18,38,19,17,0,0,0,1,0
27,270094,2,2,0,0,0,3,3,53,4760,10,5,2013,6,16,5,0,14,6,26TH ST W,BLAISDELL AVE S,8,44.95552222,-93.28128889,0,12,6,0,2,2,0,1,1,1,0,1,0,0000000,16,6,16,10,16,22,0,0,0,1,0
27,270095,1,1,0,0,0,1,1,105,0,13,5,2013,2,22,12,0,4,4,CR-4,,1,43.5435,-95.45528333,0,59,0,0,1,1,0,4,1,1,0,1,0,0000000,22,12,22,28,22,50,0,0,0,1,1
27,270096,1,1,0,0,0,1,1,137,0,14,5,2013,3,18,26,0,3,3,SR-135,,231,47.58817222,-92.22598889,0,34,0,0,1,1,0,4,1,1,0,1,0,0000000,18,26,18,37,99,99,0,0,0,1,0
27,270097,1,1,0,0,0,1,1,157,0,14,5,2013,3,20,40,0,3,3,SR-60,,2057,44.32943889,-92.23072222,0,42,0,0,1,1,0,5,5,1,0,1,0,0000000,20,42,99,98,88,88,0,0,0,1,0
27,270098,2,2,0,0,0,2,2,115,3320,15,5,2013,4,14,4,0,3,4,CR-61,,227,46.02499722,-92.93962222,0,12,2,0,1,1,0,1,1,1,0,1,0,0000000,14,5,14,7,14,27,0,0,0,1,0
27,270099,1,1,0,1,1,1,1,63,0,18,5,2013,7,11,10,0,4,4,CR-4,,199,43.52146667,-95.10243333,0,8,0,0,1,1,0,1,1,1,0,1,0,0000000,11,14,11,24,11,46,0,0,0,1,0
27,270100,1,1,0,0,0,1,1,19,7160,18,5,2013,7,19,4,0,15,4,CR-11,,136,44.87214444,-93.68184444,0,34,0,0,1,1,0,5,1,1,0,1,0,0000000,19,7,19,18,88,88,0,0,0,1,1
27,270101,2,2,0,0,0,2,2,53,4760,19,5,2013,1,3,4,0,16,6,27TH ST W,EMERSON AVE S,4,44.95372778,-93.29441667,0,12,6,0,2,2,0,1,3,10,0,10,0,0000000,88,88,88,88,88,88,0,0,0,1,1
27,270102,3,3,0,0,0,6,6,139,6450,20,5,2013,2,12,10,1,13,3,SR-13,DAKOTA AVE,917,44.777975,-93.35948611,0,12,6,0,2,2,0,1,1,10,0,10,0,0000000,12,9,12,14,13,8,14,0,0,1,0
27,270103,2,2,0,0,0,2,2,45,0,20,5,2013,2,12,19,0,4,4,CR-21,,90,43.63060278,-91.92992778,0,12,1,0,1,1,0,1,1,1,0,1,0,0000000,12,20,12,28,99,99,0,0,0,1,0
27,270104,2,2,0,0,0,2,2,121,0,21,5,2013,3,10,31,1,2,3,SR-28,CR-29,841,45.68657778,-95.27588611,0,12,6,0,2,2,0,1,1,10,0,10,0,0000000,99,99,99,99,99,99,0,0,0,1,0
27,270105,2,2,0,0,0,2,2,171,3430,21,5,2013,3,12,23,1,2,2,US-12,,1239,45.06068889,-94.07671111,0,12,2,0,1,1,0,1,1,10,2,2,0,0000000,12,24,99,99,99,99,0,0,0,1,0
27,270106,2,2,0,0,0,3,3,41,0,25,5,2013,7,2,3,1,1,1,I-94,,1091,45.83211667,-95.26604167,0,12,7,0,1,1,0,1,2,10,0,10,0,0000000,2,4,99,99,99,99,0,0,0,1,1
27,270107,1,1,0,0,0,2,2,79,0,25,5,2013,7,7,58,0,4,3,SR-112,,131,44.38409444,-93.78933889,0,35,0,0,1,1,0,4,1,10,0,10,0,0000000,7,56,8,2,99,99,0,0,0,1,0
27,270108,1,1,0,1,1,1,1,53,5990,25,5,2013,7,17,12,0,15,6,ROGERS DR,,9,45.19164444,-93.54555556,0,8,0,0,1,1,0,1,1,10,0,10,0,0000000,17,12,17,18,88,88,0,0,0,1,0
27,270109,1,1,0,0,0,1,1,87,0,26,5,2013,1,18,22,0,4,4,CR-4 300TH AVE,,193,47.38613333,-95.63657778,3,34,0,0,1,1,0,4,1,10,0,10,0,0000000,99,99,99,99,88,88,0,0,0,1,1
27,270110,2,2,0,0,0,4,4,97,0,27,5,2013,2,16,44,1,2,2,US-10,190TH ST,1395,46.03515833,-94.43399167,0,12,6,0,2,2,0,1,1,10,0,10,0,0000000,16,44,16,52,99,99,0,0,0,1,0
27,270111,2,2,0,0,0,2,2,37,0,30,5,2013,5,16,0,0,3,4,CR-46 160TH ST E,,121,44.7172,-93.06063333,0,12,2,0,1,1,0,1,1,10,0,10,0,0000000,16,3,16,15,16,51,0,0,0,1,0
27,270112,2,2,0,0,0,3,3,23,0,30,5,2013,5,17,44,1,2,2,US-SR7,CR-15,716,44.949325,-95.74446944,0,12,6,0,2,2,0,1,1,1,0,1,0,0000000,17,43,17,50,18,2,0,0,0,1,0
27,270113,2,2,0,0,0,2,2,55,0,31,5,2013,6,15,57,0,4,3,SR-76,,159,43.68725278,-91.53752222,0,12,8,0,1,1,0,1,1,10,0,10,0,0000000,15,57,16,9,88,88,0,0,0,1,0
27,270114,3,1,2,0,0,1,1,161,0,31,5,2013,6,16,21,1,2,2,US-14,,1525,44.10053889,-93.61490556,0,14,0,0,1,1,0,5,1,10,0,10,0,0000000,16,22,16,31,88,88,0,0,0,1,1
27,270115,2,2,0,0,0,2,2,9,0,31,5,2013,6,23,23,0,3,3,SR-25,,1086,45.75028333,-94.01741389,0,12,2,0,1,1,0,1,2,10,0,10,0,0000000,23,29,23,44,88,88,0,0,0,1,1
27,270116,2,2,0,0,0,3,3,171,4500,1,6,2013,7,9,14,0,3,3,SR-55,ELM ST,1484,45.23115833,-93.99431111,0,12,6,1,8,1,0,1,1,1,0,1,0,0000000,9,16,99,99,99,99,0,0,0,2,0
27,270118,2,2,0,0,0,3,3,17,0,1,6,2013,7,17,42,0,4,4,CR-1 CANOSIA RD,CR-2 N CLOQUET RD,178,46.73564444,-92.366475,0,12,6,0,2,2,0,1,1,10,0,10,0,0000000,17,42,17,50,18,30,0,0,0,1,1
27,270119,1,1,0,0,0,1,1,11,0,1,6,2013,7,23,3,0,6,5,430TH ST,,20,45.28343611,-96.35893889,0,1,0,0,1,1,0,4,2,1,0,1,0,0000000,23,10,23,26,0,1,0,0,0,1,0
27,270120,2,2,0,0,0,3,3,53,821,1,6,2013,7,12,55,1,12,2,US-169,,1370,45.07396389,-93.40142222,0,12,1,0,1,1,0,1,1,10,0,10,0,0000000,12,56,13,5,13,25,0,0,0,1,0
27,270122,1,1,0,0,0,1,1,63,0,7,6,2013,6,18,52,0,5,4,CR-10,,9,43.63250556,-95.07879167,0,35,0,0,1,1,0,5,1,1,0,1,0,0000000,18,54,19,2,88,88,0,0,0,1,1
27,270123,1,1,0,0,0,1,1,83,350,8,6,2013,7,2,31,1,2,2,US-14,,304,44.23961944,-95.864775,0,59,0,0,1,1,0,4,3,10,0,10,0,0000000,2,31,2,39,88,88,0,0,0,1,1
27,270124,3,3,0,0,0,3,3,37,1945,8,6,2013,7,8,57,1,13,3,SR-55,LONE OAK RD,2025,44.84802222,-93.12623056,0,12,6,0,2,2,0,1,1,10,0,10,0,0000000,8,57,9,6,88,88,0,0,0,1,0
27,270125,1,1,0,0,0,1,1,85,0,17,6,2013,2,7,52,0,6,5,BOONE RD,,5,44.772675,-94.06258889,0,34,0,0,1,1,0,4,9,10,0,10,0,0000000,7,52,7,58,88,88,0,0,0,1,1
27,270127,3,3,0,0,0,5,5,49,0,19,6,2013,4,14,30,0,3,4,CR-9,CR-1,86,44.39917222,-92.87087222,0,12,6,0,2,2,0,1,1,1,0,1,0,0000000,14,32,14,57,88,88,0,0,0,2,0
27,270128,2,1,1,1,2,1,2,115,3320,17,6,2013,2,22,50,1,1,1,I-35,SR-48 RAMP FIRE MONUMENT RD,1829,46.00739444,-92.93386944,0,8,0,1,5,1,0,2,3,1,0,1,0,0000000,99,99,99,99,99,99,14,23,0,1,0
27,270129,1,1,0,0,0,1,1,61,1420,18,6,2013,3,11,45,1,2,2,US-169,,3080,47.2518,-93.47831389,0,11,0,0,1,1,0,1,1,1,0,1,0,0000000,11,48,11,55,12,15,0,0,0,1,0
27,270130,2,2,0,0,0,4,4,85,3460,18,6,2013,3,13,23,1,13,3,SR-22,SCHOOL RD,1234,44.89365556,-94.39528611,0,12,6,0,2,2,0,1,1,10,0,10,0,0000000,13,23,13,26,13,47,0,0,0,1,0
27,270131,1,1,0,0,0,1,1,111,7190,22,6,2013,7,14,27,0,4,4,CR-40,,5,46.25826111,-95.52762778,0,35,0,0,1,1,0,4,1,1,0,1,0,0000000,14,26,14,29,15,0,0,0,0,1,0
27,270132,2,2,0,0,0,2,2,37,3990,22,6,2013,7,18,13,0,14,4,CR-23 CEDAR AVE,CR-50 202ND ST,143,44.65607778,-93.21728611,0,12,1,0,3,3,0,1,1,1,0,1,0,0000000,18,15,18,20,99,99,0,0,0,1,0
27,270133,1,1,0,0,0,1,1,35,4470,23,6,2013,1,16,33,0,6,6,GOLDENSTEIN RD,,1,46.74183056,-94.134475,0,42,0,0,1,1,0,5,9,99,0,99,0,0000000,88,88,88,88,88,88,0,0,0,1,1
27,270134,1,1,0,0,0,2,2,143,0,23,6,2013,1,18,32,0,4,4,CR-12 250TH ST,361ST AVE LEG,151,44.58655833,-93.98790833,0,35,0,0,1,1,0,4,1,1,0,1,0,0000000,18,34,18,44,99,99,0,0,0,1,1
27,270136,2,2,0,0,0,3,3,97,0,25,6,2013,3,13,58,0,4,3,SR-27,CR-8 370TH AVE,1641,46.07741944,-93.89317778,0,12,6,0,2,2,0,1,1,1,0,1,0,0000000,99,99,99,99,99,99,0,0,0,1,0
27,270137,3,3,0,0,0,3,3,15,0,26,6,2013,4,17,51,1,2,3,SR-15,SHAG RD,544,44.27320556,-94.43168611,0,12,11,0,3,3,0,1,1,1,0,1,0,0000000,17,48,17,55,18,12,0,0,0,1,0
27,270138,3,3,0,0,0,4,4,59,0,27,6,2013,5,15,17,0,3,3,SR-65,,455,45.62659444,-93.19868889,0,12,1,0,8,1,0,1,1,1,0,1,0,0000000,15,17,99,99,99,99,0,0,0,1,0
27,270139,2,2,0,0,0,4,4,37,202,27,6,2013,5,19,55,0,14,4,CR-46 160TH ST W,HARWELL AVE,32,44.71749167,-93.23465833,0,12,6,0,2,3,0,1,1,1,0,1,0,0000000,19,55,20,0,88,88,0,0,0,1,2
27,270140,1,1,0,0,0,1,1,141,2110,27,6,2013,5,23,7,0,16,6,PROCTOR RD,,8,45.32473611,-93.57715556,0,42,0,0,1,1,0,5,2,1,0,1,0,0000000,22,20,22,35,88,88,0,0,0,1,0
27,270141,2,2,0,0,0,3,3,53,5910,25,6,2013,3,12,44,1,11,1,I-35W,,92,44.86898611,-93.29890278,0,12,1,0,1,1,0,1,1,1,0,1,0,0000000,12,49,12,57,13,15,0,0,0,1,0
27,270143,2,2,0,0,0,3,3,137,0,4,7,2013,5,11,9,0,3,4,CR-4 RICE LAKE RD,OLD HWY 4,115,46.948525,-92.15586944,0,12,6,0,8,1,0,1,1,1,0,1,0,0000000,11,9,11,29,88,88,0,0,0,1,0
27,270144,1,1,0,0,0,2,2,27,0,6,7,2013,7,20,38,0,6,4,CR-114 28TH AVE N,,15,46.90579167,-96.35194722,0,34,0,0,1,1,0,4,5,1,0,1,0,0000000,20,38,20,59,21,59,0,0,0,1,1
27,270145,2,2,0,0,0,3,3,3,3007,5,6,2013,4,8,17,0,14,4,CR-18 LEXINGTON AVE,LEVER ST,156,45.28261667,-93.15198056,0,12,99,0,3,3,0,1,1,10,2,2,0,0000000,8,17,8,28,9,40,0,0,0,2,0
27,270146,2,2,0,0,0,3,3,137,1900,12,4,2013,6,14,30,0,14,4,CR-37 JEAN DULUTH RD,,19,46.84693889,-92.04876944,0,12,6,0,1,1,0,1,1,4,0,4,0,0000000,14,39,14,48,15,10,0,0,0,2,0
27,270147,2,2,0,0,0,3,3,33,0,25,6,2013,3,17,59,0,3,3,SR-62,,153,43.86247778,-95.28986389,0,12,8,0,1,1,0,1,1,1,0,1,0,0000000,18,2,18,12,18,27,0,0,0,1,1
27,270148,2,2,0,0,0,3,3,7,0,1,7,2013,2,16,54,1,2,2,US-71,LAKEWOOD DR NW,3152,47.53399167,-94.89678333,0,12,6,0,2,2,0,1,1,1,0,1,0,0000000,16,54,16,56,17,19,0,0,0,1,1
27,270149,1,1,0,1,1,1,1,53,4760,3,7,2013,4,22,30,0,14,6,28TH ST W,PLEASANT AVE S,7,44.95195833,-93.28296667,0,9,0,0,2,2,0,1,3,1,0,1,0,0000000,22,30,22,35,22,47,0,0,0,1,0
27,270150,1,1,0,0,0,2,2,49,1050,7,7,2013,1,10,15,0,4,4,CR-24,,95,44.49384722,-92.90595833,0,11,0,0,1,1,0,1,1,1,0,1,0,0000000,10,20,10,22,99,99,0,0,0,1,0
27,270151,2,2,0,0,0,3,3,35,0,8,7,2013,2,14,29,0,6,3,SR-6,,187,46.551525,-93.95397778,0,12,2,0,1,1,0,1,1,1,0,1,0,0000000,14,30,14,39,14,58,0,0,0,2,1
27,270152,2,2,0,0,0,3,3,137,0,9,7,2013,3,15,39,0,3,3,SR-194,,31,46.84359444,-92.35353889,0,12,2,0,1,1,0,1,1,1,0,1,0,0000000,99,99,99,99,99,99,0,0,0,2,0
27,270153,1,1,0,0,0,1,1,119,0,9,7,2013,3,19,35,0,6,5,130TH ST SW,,27,47.97826389,-96.96226111,0,34,0,0,1,1,0,4,1,1,0,1,0,0000000,19,35,19,45,88,88,0,0,0,1,0
27,270154,2,2,0,0,0,2,2,139,3640,11,7,2013,5,8,49,0,14,4,CR-9,190TH ST,3,44.674125,-93.64159444,0,12,6,0,2,2,0,1,1,1,0,1,0,0000000,8,49,8,54,9,25,0,0,0,1,0
27,270155,2,2,0,0,0,3,3,5,270,11,7,2013,5,14,8,1,2,2,US-10,CR-11,380,46.85803611,-95.97893611,0,12,6,0,2,3,1,1,1,1,0,1,0,0000000,99,99,99,99,99,99,0,0,0,1,0
27,270156,1,1,0,0,0,1,1,3,1492,28,6,2013,6,5,7,0,14,4,CR-1 COON RAPIDS BLVD,,108,45.168425,-93.33244167,0,1,0,0,1,1,0,3,4,1,0,1,0,0000000,99,99,99,99,99,99,0,0,0,1,0
27,270157,2,2,0,1,1,2,2,53,4760,11,7,2013,5,21,33,1,13,3,SR-55 OLSON MEMORIAL HWY,JAMES AVE N,1890,44.98426667,-93.30066389,0,15,0,0,2,3,0,1,5,1,0,1,0,0000000,21,34,21,39,88,88,0,0,0,1,0
27,270158,1,1,0,0,0,1,1,57,0,11,7,2013,5,22,35,0,6,4,CR-45,,6,47.20890278,-94.72849167,0,42,0,0,1,1,0,5,2,1,0,1,0,0000000,22,35,23,1,88,88,0,0,0,1,1
27,270159,1,1,0,0,0,1,1,109,5960,13,7,2013,7,0,49,0,16,6,SW 23RD ST,SW 4TH AVE,3,43.988375,-92.46781389,0,1,0,0,3,2,0,1,3,1,0,1,0,0000000,0,49,0,55,1,10,0,0,0,1,1
27,270161,2,2,0,0,0,6,6,123,4536,10,7,2013,4,13,19,0,14,4,CR-58 EDGERTON ST,ROSELAWN AVE,30,44.99909722,-93.07628889,0,12,6,0,2,2,0,1,1,10,0,10,0,0000000,13,20,13,23,13,40,0,0,0,1,0
27,270162,1,1,0,0,0,1,1,119,4100,13,7,2013,7,19,44,0,4,4,CR-4 390TH AVE SE,,1,47.50091667,-95.63752222,0,34,0,0,1,1,0,4,1,1,0,1,0,0000000,19,52,19,59,88,88,0,0,0,1,1
27,270163,1,1,0,0,0,1,1,49,0,14,7,2013,1,18,42,0,4,4,CR-11,,53,44.21713889,-92.88178333,0,35,0,0,1,1,0,4,1,1,0,1,0,0000000,18,42,18,57,88,88,0,0,0,1,0
27,270164,1,1,0,0,0,1,1,127,0,15,7,2013,2,12,28,0,6,5,110TH ST,,2,44.20974722,-95.11511667,0,10,0,0,6,1,0,1,1,1,0,1,0,193554V,12,28,12,44,99,99,0,0,0,1,0
27,270165,2,2,0,0,0,2,2,93,0,16,7,2013,3,14,29,0,4,3,SR-24,330TH ST,117,45.224625,-94.379175,0,12,6,0,2,2,0,1,1,10,0,10,0,0000000,14,32,14,58,88,88,0,0,0,1,0
27,270166,2,2,0,0,0,6,6,109,0,17,7,2013,4,11,55,1,2,2,US-52,,459,43.94395556,-92.35075833,0,12,6,0,8,1,0,1,1,1,0,1,0,0000000,99,99,99,99,99,99,0,0,0,1,0
27,270167,2,2,0,0,0,5,5,3,3007,18,7,2013,5,10,47,1,13,3,SR-65,181ST AVE NE,224,45.29802778,-93.2343,0,12,6,0,2,2,0,1,1,1,0,1,0,0000000,10,47,10,52,99,99,0,0,0,1,0
27,270168,2,2,0,0,0,2,2,17,0,19,7,2013,6,13,35,0,4,4,CR-4,CR-5,189,46.59123611,-92.53934167,0,12,6,0,2,3,0,1,1,1,0,1,0,0000000,13,35,13,48,14,44,0,0,0,1,0
27,270169,1,1,0,0,0,1,1,53,1680,19,7,2013,6,18,23,0,14,4,CR-12,,123,45.22352222,-93.48326389,0,42,0,0,1,1,0,4,1,1,0,1,0,0000000,18,24,18,35,88,88,0,0,0,1,0
27,270170,1,1,0,0,0,6,6,153,0,4,6,2013,3,5,10,1,2,3,SR-210,,890,46.32531111,-94.85556944,0,35,0,0,1,1,0,4,2,2,0,2,0,0000000,5,10,5,20,5,45,0,0,0,2,1
27,270171,1,1,0,0,0,1,1,75,0,25,6,2013,3,21,26,1,2,3,SR-61,,209,46.97886389,-91.7488,0,11,0,0,1,1,0,1,5,1,0,1,0,0000000,21,19,21,27,21,59,0,0,0,1,0
27,270172,1,1,0,0,0,2,2,35,0,1,7,2013,2,11,14,0,3,3,SR-18,,74,46.35194722,-94.05715278,0,11,0,0,1,1,0,1,1,1,0,1,0,0000000,11,19,11,24,12,23,0,0,0,1,0
27,270173,1,1,0,0,0,3,3,31,0,13,6,2013,5,5,0,0,5,4,CR-45 PIKE LAKE RD,,58,47.74533889,-90.47033056,0,34,0,0,1,1,0,4,1,1,0,1,0,0000000,5,7,5,16,5,50,0,0,0,1,1
27,270174,2,2,0,0,0,6,6,137,0,2,7,2013,3,18,30,0,3,3,SR-73,SR-1,1146,47.86305556,-92.8702,0,12,6,0,2,2,0,1,1,1,0,1,0,0000000,18,34,18,45,99,99,0,0,0,1,0
27,270175,1,1,0,0,0,2,2,115,0,4,7,2013,5,12,0,1,1,1,I-35,,2034,46.28619167,-92.82023333,0,1,0,0,1,1,0,1,1,1,0,1,0,0000000,99,99,99,99,99,99,0,0,0,2,0
27,270176,2,2,0,0,0,2,2,37,0,4,7,2013,5,17,7,0,6,5,180TH ST E,,35,44.68800556,-92.95336667,0,1,0,0,1,1,0,1,1,10,0,10,0,0000000,99,99,99,99,99,99,0,0,0,1,0
27,270177,1,1,0,0,0,1,1,127,7290,14,7,2013,1,0,58,0,9,4,CR-105 MAIN ST,,1,44.22303611,-95.47191389,0,42,0,0,1,1,0,4,3,1,0,1,0,0000000,1,3,1,9,1,35,0,0,0,1,1
27,270178,2,2,0,0,0,5,5,123,4536,19,7,2013,6,10,55,0,14,4,CR-25 COUNTY RD B,BIRMINGHAM ST,82,45.006525,-93.04080278,0,12,2,0,2,2,0,1,1,1,0,1,0,0000000,10,58,11,4,11,28,0,0,0,1,0
27,270179,2,2,0,0,0,3,3,63,0,19,7,2013,6,12,3,1,2,3,SR-60,,216,43.72708611,-95.42760278,0,12,1,0,1,1,0,1,1,1,0,1,0,0000000,12,4,12,15,99,99,0,0,0,1,0
27,270180,1,1,0,0,0,1,1,75,0,20,7,2013,7,7,45,0,6,5,DRUMMOND GRADE,,10,47.18128056,-91.78438611,0,34,0,0,1,1,0,5,4,1,0,1,0,0000000,7,49,8,17,88,88,0,0,0,1,1
27,270181,1,1,0,0,0,2,2,131,0,21,7,2013,1,14,6,0,3,3,SR-21,,9,44.32685833,-93.30256111,0,1,0,0,1,1,0,4,1,1,0,1,0,0000000,99,99,99,99,99,99,0,0,0,1,0
27,270182,1,1,0,0,0,1,1,7,0,22,7,2013,2,9,58,0,4,4,CR-39,,75,47.51400833,-94.49384167,3,1,0,0,1,1,1,1,8,98,0,98,0,0000000,10,6,99,99,88,88,0,0,0,1,1
27,270183,4,4,0,0,0,6,6,171,0,23,7,2013,3,10,10,0,3,3,SR-55,DEMPSEY AVE,1508,45.21797778,-93.94989444,0,12,1,0,3,2,0,1,1,1,0,1,0,0000000,10,12,99,99,99,99,0,0,0,2,0
27,270184,3,3,0,0,0,3,3,171,0,23,7,2013,3,17,38,0,4,4,CR-35,CR-9,154,45.15173056,-93.95144167,0,12,6,0,2,2,0,1,1,1,0,1,0,0000000,17,38,17,49,18,21,0,0,0,1,0
27,270185,2,2,0,0,0,2,2,49,5840,24,7,2013,4,5,58,1,13,2,US-61,HILL ST,915,44.56309444,-92.54193333,0,12,6,0,2,3,0,1,1,1,0,1,0,0000000,5,53,5,55,6,4,0,0,0,1,0
27,270186,2,2,0,0,0,2,2,131,0,24,7,2013,4,10,11,0,4,4,CR-46 BAGLEY AVE,,100,44.47040833,-93.29652778,0,12,6,0,8,1,0,1,1,10,0,10,0,0000000,10,13,10,18,88,88,0,0,0,1,0
27,270187,2,2,0,0,0,2,2,161,0,24,7,2013,4,14,26,0,3,3,SR-30,SR-83,1579,43.89140833,-93.69754444,0,12,6,0,2,2,0,1,1,1,0,1,0,0000000,14,21,14,35,16,2,0,0,0,1,0
27,270188,1,1,0,0,0,1,1,109,5960,25,7,2013,5,8,3,1,13,2,US-14 RAMP,,2094,44.03678611,-92.515275,0,34,0,1,5,1,0,10,9,99,0,99,0,0000000,8,1,8,5,88,88,0,0,0,1,1
27,270189,3,3,0,0,0,5,5,19,0,26,7,2013,6,17,0,0,3,4,CR-33,CR-34,70,44.78636111,-93.929475,0,12,6,0,2,2,0,1,1,10,0,10,0,0000000,17,0,99,99,99,99,0,0,0,1,0
27,270190,1,1,0,0,0,3,3,109,0,27,7,2013,7,3,46,0,3,3,SR-30,,2183,43.89179722,-92.54875833,0,32,0,0,1,1,0,4,2,1,0,1,0,0000000,3,46,99,99,99,99,0,0,0,1,0
27,270191,2,2,0,0,0,7,7,37,0,27,7,2013,7,12,8,1,2,2,US-52,CR-86 280TH ST,1008,44.54255278,-92.94155556,0,12,6,0,2,2,0,1,1,10,0,10,0,0000000,12,6,12,13,12,27,0,0,0,2,0
27,270192,1,1,0,0,0,1,1,105,0,28,7,2013,1,2,0,0,4,4,CR-9 MCCALL AVE,,167,43.80146111,-95.71249722,0,35,0,0,1,1,0,4,2,1,0,1,0,0000000,2,23,2,44,88,88,0,0,0,1,1
27,270193,2,2,0,0,0,3,3,25,1200,28,7,2013,1,12,57,1,2,2,US-8,JOHN SILVER LN,94,45.37740556,-92.87871944,0,12,6,0,2,3,0,1,1,1,0,1,0,0000000,12,57,13,44,13,55,0,0,0,1,0
27,270194,2,2,0,0,0,2,2,137,0,28,7,2013,1,14,45,1,2,2,US-53,CR-950 BODAS RD,561,47.40139722,-92.51925278,0,12,6,0,2,2,0,1,1,1,0,1,0,0000000,14,49,14,54,16,0,0,0,0,1,0
27,270195,1,1,0,0,0,5,5,5,0,31,7,2013,4,2,44,0,9,5,280TH AVE,,1,46.71891667,-95.825075,0,34,0,0,1,1,0,4,2,1,0,1,0,0000000,2,46,2,57,99,99,0,0,0,1,0
27,270196,1,1,0,0,0,2,2,137,0,31,7,2013,4,10,10,0,3,3,SR-73,,650,47.21381667,-93.01884444,0,11,0,0,1,1,0,1,1,1,0,1,0,0000000,10,8,10,24,11,0,0,0,0,1,0
27,270197,3,3,0,0,0,3,3,99,0,7,3,2013,5,18,44,0,3,3,SR-56,,315,43.67849167,-92.86911111,0,12,2,0,1,1,0,1,2,1,0,1,0,0000000,18,46,18,56,99,99,0,0,0,1,3
27,270198,2,2,0,0,0,2,2,93,0,31,7,2013,4,14,58,0,3,3,SR-4,,1340,45.30145556,-94.67241944,0,12,8,0,1,1,0,1,1,1,0,1,0,0000000,15,2,15,12,15,33,0,0,0,1,0
27,270199,1,1,0,0,0,2,2,53,2008,1,8,2013,5,19,46,0,14,4,CR-4 EDEN PRAIRIE RD,KURTZ RD,53,44.88559722,-93.47548333,0,30,0,0,1,1,0,4,5,1,0,1,0,0000000,99,99,99,99,99,99,0,0,0,1,1
27,270200,1,1,0,0,0,2,2,171,0,2,8,2013,6,17,48,0,6,5,HUBER RD,,3,45.38160556,-94.05550556,0,1,0,0,1,1,0,4,1,1,0,1,0,0000000,17,48,18,10,18,38,0,0,0,2,1
27,270201,1,1,0,0,0,2,2,53,4495,6,8,2013,3,3,7,0,16,6,UPLAND LANE N,,2,45.122125,-93.48014722,0,30,0,0,1,1,0,4,3,1,0,1,0,0000000,3,12,3,17,99,99,0,0,0,1,1
27,270202,2,2,0,0,0,2,2,137,0,6,8,2013,3,6,37,1,2,2,US-2,,2526,46.79986944,-92.32419722,0,12,2,0,1,1,0,2,1,10,5,5,0,0000000,99,99,99,99,99,99,0,0,0,1,0