STATE,ST_CASE,VE_TOTAL,VE_FORMS,PVH_INVL,PEDS,PERNOTMVIT,PERMVIT,PERSONS,COUNTY,CITY,DAY,MONTH,YEAR,DAY_WEEK,HOUR,MINUTE,NHS,ROAD_FNC,ROUTE,TWAY_ID,TWAY_ID2,MILEPT,LATITUDE,LONGITUD,SP_JUR,HARM_EV,MAN_COLL,RELJCT1,RELJCT2,TYP_INT,WRK_ZONE,REL_ROAD,LGT_COND,WEATHER1,WEATHER2,WEATHER,SCH_BUS,RAIL,NOT_HOUR,NOT_MIN,ARR_HOUR,ARR_MIN,HOSP_HR,HOSP_MN,CF1,CF2,CF3,FATALS,DRUNK_DR
27,270203,1,1,0,0,0,1,1,95,0,6,8,2013,3,8,30,1,2,2,US-169,,1811,45.60929444,-93.60749444,0,59,0,0,1,1,0,4,1,10,0,10,0,0000000,8,24,8,29,88,88,0,0,0,1,1
27,270204,1,1,0,1,1,1,1,171,5487,8,8,2013,5,12,9,0,15,4,CR-19,,83,45.27382222,-93.66360833,0,8,0,0,1,1,0,2,1,1,0,1,0,0000000,12,15,12,34,12,54,0,0,0,1,0
27,270205,1,1,0,0,0,3,3,171,5487,10,8,2013,7,0,41,0,15,4,CR-42 PARRISH AVE NE,,39,45.28661944,-93.56553333,0,5,0,0,1,1,0,1,2,1,0,1,0,0000000,0,39,0,47,88,88,0,0,0,1,1
27,270206,1,1,0,0,0,1,1,37,5180,10,8,2013,7,11,55,0,3,3,SR-50,,220,44.60120833,-92.93286389,0,1,0,0,1,1,0,1,1,10,0,10,0,0000000,11,55,99,99,99,99,25,0,0,1,0
27,270207,1,1,0,1,1,2,2,7,0,31,7,2013,4,3,0,0,4,4,CR-22,,96,47.58526667,-94.991925,0,8,0,0,1,1,0,1,2,1,0,1,0,0000000,99,98,99,98,88,88,0,0,0,1,0
27,270208,1,1,0,0,0,3,3,109,0,12,8,2013,2,22,52,1,2,2,US-52,,513,43.97403333,-92.45038889,0,58,0,0,1,1,0,3,2,10,0,10,0,0000000,22,52,99,99,99,99,0,0,0,1,0
27,270209,2,2,0,0,0,5,5,53,4760,15,8,2013,5,1,10,0,14,6,26TH ST E,BLOOMINGTON AVE S,22,44.95554167,-93.25240278,0,12,6,0,2,2,0,1,3,10,0,10,0,0000000,1,11,1,14,1,22,0,0,0,1,1
27,270210,1,1,0,0,0,1,1,9,0,15,8,2013,5,17,19,0,3,3,SR-95,,56,45.5893,-93.94255833,0,42,0,0,1,1,0,4,1,1,0,1,0,0000000,17,21,17,35,88,88,0,0,0,1,0
27,270211,1,1,0,1,1,3,3,123,6330,16,8,2013,6,13,32,0,15,6,CLEVELAND AVE,,2,44.91370278,-93.18737778,0,8,0,0,1,1,0,1,1,10,0,10,0,0000000,13,32,13,34,13,45,0,0,0,1,0
27,270212,3,3,0,0,0,5,5,35,0,16,8,2013,6,14,33,1,2,3,SR-210,CR-147,1311,46.43075278,-94.06827222,0,12,1,0,3,3,0,1,1,1,0,1,0,0000000,14,43,14,54,15,40,0,0,0,1,0
27,270213,2,2,0,0,0,3,3,115,5967,17,8,2013,7,14,45,0,3,3,SR-70,CR-106 GOVERNMENT RD,220,45.77342778,-92.93142222,0,12,6,0,2,2,0,1,1,1,0,1,0,0000000,99,99,99,99,99,99,0,0,0,1,1
27,270214,1,1,0,0,0,2,2,171,0,17,8,2013,7,18,11,0,6,4,CR-123 112TH ST,DUFFIELD AVE,45,45.31573889,-93.97509722,0,34,0,0,1,1,0,4,1,10,0,10,0,0000000,18,11,18,25,19,0,0,0,0,1,1
27,270215,1,1,0,1,1,1,1,53,1496,25,7,2013,5,18,8,0,16,8,D ST,F ST,0,45.09595278,-93.52957222,0,8,0,0,2,3,0,1,1,98,0,98,0,0000000,99,99,99,99,88,88,0,0,0,1,0
27,270216,1,1,0,0,0,2,2,3,1225,18,8,2013,1,0,50,0,14,4,CR-32 CO RD J,,40,45.12421944,-93.15255833,0,42,0,0,1,1,0,4,2,1,0,1,0,0000000,0,49,0,57,1,21,0,0,0,1,1
27,270217,2,2,0,0,0,2,2,3,9997,22,8,2013,5,5,0,0,3,4,CR-24 NORRIS LAKE RD NW,XENON ST NW,45,45.37113333,-93.42949722,0,12,6,0,2,2,0,1,3,1,0,1,0,0000000,99,99,99,99,99,99,0,0,0,1,0
27,270218,1,1,0,0,0,1,1,159,0,22,8,2013,5,16,47,0,4,4,CR-26,,94,46.48721111,-94.88453889,0,1,0,0,1,1,0,1,1,1,0,1,0,0000000,16,47,17,3,88,88,0,0,0,1,0
27,270219,1,1,0,0,0,1,1,81,0,23,8,2013,6,17,39,0,4,4,CR-5,,34,44.43614444,-96.24185,0,35,0,0,1,1,0,4,1,1,0,1,0,0000000,17,41,17,49,18,17,0,0,0,1,0
27,270220,1,1,0,1,1,1,1,53,4760,23,8,2013,6,21,20,1,13,3,SR-55 OLSON MEMORIAL HWY,VAN WHILE MEMORIAL BLVD,1893,44.98445833,-93.29415,0,8,0,0,3,2,0,1,3,1,0,1,0,0000000,21,20,21,21,21,32,0,0,0,1,0
27,270221,2,2,0,1,1,2,2,153,0,24,8,2013,7,21,46,1,2,2,US-71,,1718,45.77719444,-94.94348611,0,8,0,0,1,1,0,1,2,1,0,1,0,0000000,21,46,99,99,88,88,19,0,0,1,0
27,270222,1,1,0,0,0,1,1,145,6250,25,8,2013,1,1,24,1,13,4,CR-75,,159,45.55451944,-94.25868056,0,24,0,0,1,1,0,4,2,10,0,10,0,0000000,1,24,1,30,88,88,0,0,0,1,1
27,270223,2,2,0,0,0,3,3,57,0,25,8,2013,1,9,52,0,5,4,CR-36,,101,47.35967778,-94.82205,0,12,8,0,1,1,0,1,1,1,0,1,0,0000000,9,50,10,15,10,53,0,0,0,1,1
27,270224,2,2,0,0,0,2,2,3,28,26,8,2013,2,14,14,0,14,4,CR-9 ROUND LAKE BLVD,,65,45.28863611,-93.34693889,0,12,2,0,1,1,0,1,1,1,0,1,0,0000000,14,14,14,21,99,99,0,0,0,1,0
27,270225,1,1,0,0,0,1,1,61,0,26,8,2013,2,15,57,0,4,4,CR-7 SCENIC HWY 7,,330,47.70586667,-93.57916111,0,24,0,0,1,1,0,4,1,1,0,1,0,0000000,16,0,16,15,16,35,0,0,0,1,0
27,270226,2,2,0,0,0,2,2,33,0,29,8,2013,5,7,34,0,3,3,SR-62,CR-5,137,43.86252222,-95.32083889,0,12,6,0,2,2,0,1,1,1,0,1,0,0000000,7,36,7,47,8,24,0,0,0,1,0
27,270227,3,2,1,0,0,2,2,157,0,31,8,2013,7,10,22,1,2,2,US-61,,560,44.32837222,-92.00165,0,12,1,0,1,1,0,1,1,10,0,10,0,0000000,10,17,10,25,10,51,0,0,0,1,0
27,270228,1,1,0,0,0,2,2,61,0,2,9,2013,2,2,15,0,6,5,LAKEVIEW ST,MORROW AVE,1,47.32503056,-93.20441944,0,53,0,0,1,1,0,5,6,1,0,1,0,0000000,2,17,2,29,4,7,0,0,0,1,1
27,270229,2,2,0,0,0,2,2,35,770,4,9,2013,4,17,13,1,13,3,SR-371B BUSINESS 371,GREENWOOD ST,39,46.32338889,-94.21018056,0,12,6,0,2,2,0,1,1,1,0,1,0,0000000,17,12,17,16,88,88,0,0,0,1,0
27,270230,1,1,0,1,1,1,1,163,3910,4,9,2013,4,17,41,0,14,3,SR-5,,1965,44.99586667,-92.91481111,0,9,0,0,4,1,0,1,1,1,0,1,0,0000000,17,41,17,49,99,99,0,0,0,1,0
27,270231,2,2,0,0,0,2,2,13,0,5,9,2013,5,13,40,1,2,3,SR-60,,890,44.08978056,-94.31546944,0,12,1,0,1,1,0,1,1,1,0,1,0,0000000,99,99,99,99,99,99,0,0,0,1,0
27,270232,2,2,0,0,0,3,3,109,5960,5,9,2013,5,16,28,1,13,4,CR-22 SALEM RD,FOX VALLEY DR SW,25,44.00497778,-92.48627222,0,12,6,0,2,2,1,1,1,1,0,1,0,0000000,16,29,99,99,99,99,0,0,0,1,0
27,270233,2,2,0,0,0,2,2,111,0,6,9,2013,6,15,8,0,3,3,SR-34,,142,46.65968611,-96.12189167,0,12,2,0,1,1,0,1,1,1,0,1,0,0000000,15,8,99,99,99,99,0,0,0,1,0
27,270234,2,2,0,0,0,3,3,3,1108,6,9,2013,6,17,9,0,14,4,CR-22 VIKING BLVD NW,UNIVERSITY AVE NE,144,45.31993889,-93.26576944,0,12,1,0,3,2,0,1,1,1,0,1,0,0000000,17,9,99,99,88,88,0,0,0,1,0
27,270235,1,1,0,1,1,1,1,19,5110,6,9,2013,6,20,24,0,3,4,CR-33 STATE AVE S,,159,44.88322778,-93.97039444,0,15,0,0,1,1,0,1,2,1,0,1,0,0000000,20,24,20,36,20,56,0,0,0,1,0
27,270236,1,1,0,0,0,1,1,137,0,8,9,2013,1,0,39,0,3,4,CR-4,,161,47.0128,-92.14385,0,53,0,0,1,1,0,4,2,1,0,1,0,0000000,0,47,1,2,1,23,0,0,0,1,1
27,270237,2,2,0,0,0,4,4,129,0,8,9,2013,1,20,43,1,2,2,US-71,,933,44.71253333,-94.99493333,0,12,1,0,1,1,0,1,2,10,0,10,0,0000000,20,38,20,44,99,99,0,0,0,2,0
27,270238,1,1,0,0,0,1,1,165,0,8,9,2013,1,20,50,0,4,4,CR-3,,104,43.99385278,-94.65022222,0,11,0,0,1,1,0,1,2,10,0,10,0,0000000,20,50,21,1,88,88,0,0,0,1,0
27,270239,2,2,0,0,0,3,3,53,4760,9,9,2013,2,0,58,0,14,3,SR-65 CENTRAL AVE NE,OLD US-12 SE 4TH ST,19,44.98777222,-93.25404167,0,12,6,0,2,2,0,1,3,10,0,10,0,0000000,99,99,99,99,99,99,20,0,0,1,1
27,270240,1,1,0,1,1,1,1,53,821,13,9,2013,6,10,4,0,14,4,CR-4 BROOKLYN BLVD,WELCOME AVE,15,45.09299167,-93.35392222,0,15,0,0,3,3,0,1,1,1,0,1,0,0000000,10,9,10,13,10,28,0,0,0,1,0
27,270241,2,2,0,0,0,6,6,111,0,11,9,2013,4,18,40,0,3,3,SR-108,,595,46.32928056,-95.46956667,0,12,2,0,1,1,0,1,1,1,0,1,0,0000000,18,40,99,99,99,99,0,0,0,2,0
27,270242,2,2,0,0,0,3,3,123,6330,13,9,2013,6,7,46,0,14,4,CR-64 PROSPERITY AVE,IVY AVE E,14,44.98113889,-93.03799167,0,12,6,0,2,2,0,1,1,1,0,1,0,0000000,7,47,7,52,8,0,0,0,0,1,0
27,270243,1,1,0,0,0,1,1,27,0,14,9,2013,7,10,52,0,4,4,CR-10 130TH ST,,50,46.76050278,-96.527475,0,32,0,0,1,1,0,4,1,10,0,10,0,0000000,10,52,11,8,88,88,0,0,0,1,1
27,270244,2,2,0,0,0,2,2,163,0,14,9,2013,7,15,8,0,3,4,CR-3 OLINDA AVE N,CR-4 170TH ST N,0,45.19464444,-92.82688889,0,12,6,0,2,3,0,1,1,10,0,10,0,0000000,15,9,15,20,16,4,0,0,0,1,0
27,270245,1,1,0,0,0,1,1,83,0,27,8,2013,3,6,15,0,6,5,300TH AVE,,47,44.46855278,-95.69560278,0,34,0,0,1,1,0,4,1,1,0,1,0,0000000,6,17,6,27,88,88,0,0,0,1,0
27,270246,1,1,0,0,0,1,1,29,0,2,9,2013,2,21,20,0,5,4,CR-37 210TH ST,,20,47.31055833,-95.33970556,3,11,0,0,1,1,0,1,2,1,0,1,0,0000000,21,21,21,37,22,40,0,0,0,1,1
27,270247,4,4,0,0,0,5,5,53,2750,13,9,2013,6,10,35,1,13,3,SR-55,BOONE AVE N,1846,44.98471389,-93.39030278,0,12,6,0,2,2,0,1,1,1,0,1,0,0000000,99,99,99,99,99,99,0,0,0,1,0
27,270248,2,2,0,0,0,3,3,129,0,16,9,2013,2,8,7,0,4,4,CR-1,CR-4,77,44.67234444,-95.09651667,0,12,6,0,2,2,0,1,1,1,0,1,0,0000000,8,12,8,25,9,0,0,0,0,1,0
27,270249,2,2,0,0,0,3,3,85,0,16,9,2013,2,15,42,1,2,2,US-212,CR-107 4TH AVE,1261,44.76801944,-94.03555833,0,12,1,0,3,3,1,1,1,1,0,1,0,0000000,15,42,15,49,16,9,0,0,0,1,0
27,270250,2,2,0,0,0,2,2,137,3280,16,9,2013,2,16,55,1,13,2,US-169,23RD ST,3407,47.42418889,-92.92368333,0,12,6,0,2,2,0,1,1,1,0,1,0,0000000,16,51,16,52,17,22,0,0,0,1,0
27,270251,2,2,0,0,0,2,2,53,820,16,9,2013,2,19,50,1,11,1,I-694,,344,45.07223611,-93.31208611,0,25,0,0,1,1,0,4,5,1,0,1,0,0000000,19,54,99,99,88,88,0,0,0,1,1
27,270252,2,2,0,0,0,2,2,61,0,16,9,2013,2,22,34,0,3,3,SR-65,,1665,47.25513889,-93.18252778,0,12,8,0,1,1,0,1,2,1,0,1,0,0000000,88,88,88,88,88,88,0,0,0,1,1
27,270253,1,1,0,0,0,1,1,119,0,20,9,2013,6,7,0,0,9,4,CR-64,,20,47.985175,-97.02043333,0,34,0,0,1,1,0,4,4,10,2,2,0,0000000,99,99,99,99,99,99,0,0,0,1,0
27,270254,1,1,0,0,0,1,1,53,2750,21,9,2013,7,7,31,0,14,4,CR-40 GLENWOOD AVE,,26,44.9805,-93.32119722,0,38,0,0,1,1,0,5,9,10,0,10,0,0000000,7,31,99,97,99,97,0,0,0,1,1
27,270255,2,2,0,0,0,3,3,63,0,20,9,2013,6,11,3,1,2,2,US-71,CR-4,15,43.52264722,-94.99433333,0,12,6,0,2,2,0,1,1,10,0,10,0,0000000,11,3,11,12,11,37,0,0,0,2,0
27,270256,1,1,0,0,0,1,1,53,4626,1,9,2013,1,22,21,0,15,4,CR-115 HAMEL RD,,38,45.04134444,-93.56299167,0,42,0,0,1,1,0,4,2,1,0,1,0,0000000,23,15,99,98,88,88,0,0,0,1,1
27,270257,1,1,0,1,1,1,1,53,4760,12,9,2013,5,18,34,0,16,6,1ST ST S,MARQUETTE AVE,1,44.98315833,-93.26516944,0,8,0,0,3,3,0,1,1,1,0,1,0,0000000,18,37,18,41,18,59,0,0,0,1,0
27,270258,2,2,0,0,0,3,3,95,0,16,9,2013,2,17,56,0,3,3,SR-95,CR-7,155,45.58883889,-93.73720278,0,12,6,0,2,2,0,1,1,1,0,1,0,0000000,17,57,18,12,99,99,0,0,0,1,0
27,270259,1,1,0,0,0,1,1,153,0,20,9,2013,6,5,25,0,4,4,CR-21,,35,46.13861667,-94.8643,0,1,0,0,1,1,0,4,2,1,0,1,0,0000000,5,29,5,42,88,88,0,0,0,1,0
27,270260,1,1,0,1,1,1,1,7,530,22,9,2013,1,4,48,1,13,3,SR-197 PAUL BUNYAN DR S,,24,47.46402222,-94.86948333,0,8,0,0,1,1,0,1,2,1,0,1,0,0000000,4,48,4,54,5,11,0,0,0,1,0
27,270261,4,4,0,0,0,4,4,3,671,23,9,2013,2,17,38,1,13,3,SR-65,89TH AVE NE,109,45.13158889,-93.23506111,0,12,7,0,3,2,0,1,1,1,0,1,0,0000000,17,38,17,44,88,88,0,0,0,1,0
27,270262,4,4,0,0,0,8,8,53,4810,24,9,2013,3,7,42,1,13,3,SR-7,CR-101,1862,44.91390556,-93.50315278,0,12,6,0,2,2,0,1,1,1,0,1,0,0000000,7,42,99,99,99,99,0,0,0,1,0
27,270263,1,1,0,0,0,2,2,3,4184,24,9,2013,3,18,0,1,11,1,I-35W,,384,45.19146111,-93.07676944,0,18,0,0,1,1,1,2,1,1,0,1,0,0000000,18,0,18,9,99,99,0,0,0,1,0
27,270264,2,2,0,0,0,4,4,105,0,28,9,2013,7,13,4,0,4,4,CR-25,CR-9,97,43.70081667,-95.71312778,0,12,6,0,2,2,0,1,1,1,0,1,0,0000000,13,4,13,11,99,99,0,0,0,1,0
27,270265,2,2,0,0,0,2,2,141,0,7,9,2013,7,6,31,0,3,3,SR-25,,832,45.43685,-93.90197222,0,12,6,0,1,1,0,1,4,1,0,1,0,0000000,6,31,6,45,6,55,0,0,0,1,0
27,270266,1,1,0,0,0,1,1,53,6198,26,9,2013,5,23,33,0,14,4,CR-153 KENZIE TERRACE,,48,45.01523333,-93.22224722,0,33,0,0,1,1,1,3,3,1,0,1,0,0000000,99,98,99,98,88,88,0,0,0,1,1
27,270267,1,1,0,1,1,2,2,95,2460,27,9,2013,6,21,40,1,2,3,SR-23,,2324,45.73585,-93.71032778,0,8,0,0,1,1,0,1,3,1,0,1,0,0000000,21,40,21,52,88,88,0,0,0,1,0
27,270268,2,2,0,0,0,5,5,79,0,27,9,2013,6,22,12,0,4,4,CR-26 LEXINGTON RD,,138,44.44251667,-93.64420278,0,12,2,0,1,1,0,1,2,1,0,1,0,0000000,22,3,22,8,99,99,0,0,0,4,2
27,270269,2,2,0,0,0,2,2,93,0,30,9,2013,2,7,10,1,2,2,US-12,,1128,45.08120556,-94.29283611,0,12,8,0,1,1,0,1,1,10,0,10,0,0000000,7,10,7,21,88,88,0,0,0,1,0
27,270270,2,2,0,0,0,2,2,85,2710,1,10,2013,3,7,37,1,13,2,US-212,SR-22,1195,44.76345833,-94.15811111,0,12,6,0,2,2,0,1,1,1,0,1,0,0000000,7,37,7,40,7,51,0,0,0,1,0
27,270271,2,2,0,0,0,2,2,59,0,1,10,2013,3,12,38,0,3,3,SR-47,,426,45.50040556,-93.36851111,0,12,8,0,1,1,0,1,1,1,0,1,0,0000000,12,38,99,99,99,99,0,0,0,1,0
27,270272,1,1,0,0,0,1,1,43,0,3,10,2013,5,7,8,0,3,3,SR-109,,265,43.71768889,-93.66828056,0,35,0,0,1,1,0,4,4,1,0,1,0,0000000,88,88,88,88,88,88,0,0,0,1,0
27,270273,3,3,0,0,0,3,3,53,2008,4,10,2013,6,7,55,1,12,2,US-212,CR-4 EDEN PRAIRIE RD,1562,44.85440278,-93.48173333,0,12,2,1,18,1,0,1,1,10,0,10,0,0000000,7,55,8,0,8,36,0,0,0,1,0
27,270274,2,2,0,0,0,2,2,163,6455,4,10,2013,6,11,27,0,3,3,SR-95,220TH ST N,878,45.26735556,-92.77473611,0,12,6,0,2,2,0,1,1,10,0,10,0,0000000,11,27,99,98,88,88,0,0,0,1,0
27,270275,1,1,0,0,0,4,4,155,7540,18,8,2013,1,1,31,0,3,2,US-75,,1720,45.80824444,-96.49023611,0,5,0,0,1,1,0,1,3,1,0,1,0,0000000,1,31,1,37,88,88,0,0,0,1,1
27,270276,1,1,0,1,1,3,3,163,7716,5,10,2013,7,2,26,0,15,6,WOOLLANE DR,,32,44.91926111,-92.96634444,0,8,0,0,1,1,0,1,2,2,10,2,0,0000000,2,28,2,38,3,2,0,0,0,1,1
27,270277,1,1,0,1,1,1,1,21,1980,10,10,2013,5,15,5,0,5,4,CR- 70 EAST GULL LAKE RD,GULL RIVER ROAD,8,46.39396111,-94.35012222,0,9,0,0,2,3,0,1,1,1,0,1,0,0000000,15,14,15,26,88,88,0,0,0,1,1
27,270278,2,2,0,0,0,3,3,91,0,11,10,2013,6,11,39,0,6,4,CR-103 20TH AVE,90TH ST,80,43.61690833,-94.83443333,0,12,6,0,2,2,0,1,1,10,0,10,1,0000000,11,20,11,33,12,5,0,0,0,1,0
27,270279,1,1,0,0,0,1,1,111,0,11,10,2013,6,11,39,0,6,4,CR-81,,51,46.15025556,-95.66623889,0,35,0,0,1,1,0,4,1,10,0,10,0,0000000,11,41,11,54,88,88,0,0,0,1,0
27,270280,1,1,0,0,0,1,1,147,5500,26,9,2013,5,18,21,0,19,4,CR-23 W FRONTAGE RD,,120,44.13606389,-93.24920833,0,1,0,0,1,1,0,2,1,6,0,6,0,0000000,99,99,99,99,99,99,0,0,0,1,0
27,270281,2,2,0,0,0,5,5,109,0,14,10,2013,2,16,38,0,3,2,US-14,,2213,44.00161111,-92.31794722,0,12,2,0,1,1,0,1,1,1,0,1,0,0000000,16,38,99,99,99,99,0,0,0,1,0
27,270282,2,2,0,0,0,2,2,33,0,17,10,2013,5,16,55,0,6,5,410TH ST.,,28,43.89126111,-95.00851944,0,12,2,0,1,1,0,1,1,10,2,2,0,0000000,17,2,17,14,17,41,0,0,0,1,0
27,270283,1,1,0,1,1,1,1,59,1020,17,10,2013,5,14,57,0,16,5,329TH AVE.,AIRPORT WAY,4,45.56570278,-93.26204167,0,9,0,1,2,3,0,1,1,2,10,2,0,0000000,14,57,15,3,88,88,0,0,0,1,0
27,270284,2,2,0,0,0,4,4,27,0,4,10,2013,6,17,12,0,3,2,US-75,,2409,46.74022778,-96.76520556,0,12,6,0,1,1,0,1,1,10,2,2,0,0000000,17,10,17,21,17,55,0,0,0,1,1
27,270285,2,2,0,0,0,2,2,67,0,24,10,2013,5,9,46,0,3,3,SR-7,CR-2,1204,44.93584444,-94.77826111,0,12,6,0,2,2,0,1,1,10,0,10,0,0000000,9,45,9,53,99,99,0,0,0,1,0
27,270286,1,1,0,0,0,2,2,103,0,24,10,2013,5,21,24,0,3,3,SR-111,,48,44.3409,-94.19063611,0,34,0,0,1,1,0,4,2,1,0,1,0,0000000,21,31,21,57,99,99,0,0,0,1,1
27,270287,1,1,0,0,0,1,1,37,1945,25,10,2013,6,7,33,0,15,6,CLUBVIEW DR,,11,44.84573056,-93.1473,0,38,0,0,1,1,0,5,1,1,0,1,0,0000000,7,33,99,99,99,99,0,0,0,1,0
27,270288,1,1,0,1,1,3,3,47,0,25,10,2013,6,18,51,0,3,4,CR-46,,119,43.647725,-93.41419444,0,8,0,0,1,1,0,1,2,1,0,1,0,0000000,18,51,18,56,19,13,0,0,0,1,0
27,270289,3,3,0,0,0,6,6,139,6510,25,10,2013,6,20,31,1,13,2,US-169,CR-77,1094,44.77603056,-93.53216944,0,12,6,0,1,1,0,1,1,10,0,10,0,0000000,20,31,20,38,21,15,0,0,0,1,0
27,270290,1,1,0,0,0,11,11,97,5790,27,10,2013,1,2,45,0,6,6,EAGLE DR,,0,46.08351389,-94.49361667,0,5,0,0,1,1,0,1,6,1,0,1,0,0000000,2,45,99,99,99,99,0,0,0,1,0
27,270291,1,1,0,0,0,3,3,57,0,21,10,2013,2,2,0,0,3,3,SR-200,,1130,47.20196944,-94.735325,0,1,0,0,1,1,0,1,2,10,0,10,0,0000000,99,99,99,99,99,99,0,0,0,1,1
27,270292,1,1,0,0,0,1,1,81,0,27,10,2013,1,5,47,0,3,2,US-75,,568,44.29022222,-96.28191111,0,34,0,0,1,1,0,4,2,1,0,1,0,0000000,88,88,88,88,88,88,0,0,0,1,1
27,270293,2,2,0,0,0,4,4,139,0,27,10,2013,1,14,5,1,2,2,US-169,,885,44.59413056,-93.81453611,0,12,1,0,1,1,0,1,1,1,0,1,0,0000000,14,2,14,12,15,1,0,0,0,1,0
27,270294,1,1,0,1,1,2,2,163,1517,29,10,2013,3,14,4,0,14,4,CR-22 70TH ST,,10,44.847875,-92.97828056,0,8,0,0,1,1,0,1,1,10,0,10,0,0000000,14,5,14,11,88,88,0,0,0,1,0
27,270295,1,1,0,0,0,1,1,115,0,30,10,2013,4,18,45,0,3,4,CR-61,,448,46.30951389,-92.84693333,0,42,0,0,1,1,0,4,2,2,5,2,0,0000000,18,44,18,58,88,88,0,0,0,1,0
27,270296,1,1,0,1,1,1,1,19,1090,31,10,2013,5,17,37,0,14,4,CR-61 CHASKA BLVD,,35,44.79861667,-93.58483889,0,8,0,0,1,1,0,1,1,10,2,2,0,0000000,17,37,17,37,88,88,0,0,0,1,0
27,270297,1,1,0,0,0,1,1,5,0,1,11,2013,6,1,30,0,5,4,CR-22,,46,46.74557222,-95.92241944,0,34,0,0,1,1,0,4,2,10,0,10,0,0000000,1,36,1,46,88,88,20,0,0,1,1
27,270298,1,1,0,1,1,1,1,123,6330,1,11,2013,6,18,42,0,14,4,CR-38 RANDOLPH ST.,,27,44.92686667,-93.13219444,0,8,0,0,1,1,0,1,3,1,0,1,0,0000000,18,42,18,47,19,7,0,0,0,1,0
27,270299,1,1,0,1,1,1,1,123,4536,4,11,2013,2,17,45,0,14,3,SR-120,,33,44.96463889,-92.98478611,0,8,0,0,1,1,0,1,5,10,0,10,0,0000000,17,45,17,47,17,55,0,0,0,1,0
27,270300,2,2,0,0,0,2,2,137,0,1,11,2013,6,19,13,1,2,2,US-53,,857,47.75892222,-92.65375556,0,12,1,0,1,1,0,1,2,1,0,1,0,0000000,19,11,19,17,88,88,0,0,0,1,0
27,270301,2,2,0,0,0,2,2,127,0,5,11,2013,3,15,53,0,4,4,CR-13,,169,44.52541389,-94.98655,3,12,6,0,1,1,0,1,9,4,0,4,0,0000000,15,53,16,1,88,88,0,0,0,1,0
27,270302,2,2,0,0,0,2,2,117,0,5,11,2013,3,17,37,1,2,3,SR-23,,199,43.86627222,-96.39234444,0,12,6,0,1,1,0,1,5,4,0,4,0,0000000,17,37,17,37,18,14,0,0,0,1,0
27,270303,1,1,0,1,1,1,1,55,990,5,11,2013,3,20,40,0,4,4,CR-3 W MAIN ST,NORTH SPRAGUE STREET,2,43.63452778,-91.50154167,0,8,0,0,3,3,0,1,3,2,8,2,0,0000000,20,40,20,42,21,24,0,0,0,1,0
27,270304,4,4,0,0,0,7,7,53,4760,3,11,2013,1,1,0,1,13,3,SR-55 OLSON MEMORIOL HWY,MORGAN AVE N,1888,44.98427778,-93.30481667,0,12,1,0,3,2,0,1,3,1,0,1,0,0000000,1,1,1,8,99,99,13,0,0,2,1
27,270305,1,1,0,0,0,1,1,25,5260,6,11,2013,4,5,28,1,11,1,I-35,,1494,45.53201667,-92.99096944,0,1,0,0,1,1,0,3,4,10,0,10,0,0000000,99,99,99,97,99,97,0,0,0,1,0
27,270307,1,1,0,0,0,1,1,53,4760,12,8,2013,2,21,33,0,16,6,W RIVER PKWY,,15,44.98146944,-93.26006667,8,38,0,0,1,1,0,4,8,98,0,98,0,0000000,99,98,99,98,88,88,0,0,0,1,1
27,270308,1,1,0,0,0,1,1,59,0,8,11,2013,6,0,2,0,4,4,CR-5 NW,,77,45.49993611,-93.39415278,0,34,0,0,1,1,0,5,2,1,0,1,0,0000000,0,7,99,99,99,99,0,0,0,1,1
27,270309,2,2,0,0,0,4,4,61,0,8,11,2013,6,14,13,1,2,2,US-2,,2044,47.07773611,-93.169875,0,12,6,0,1,1,0,1,1,4,10,4,0,0000000,14,11,14,33,15,20,0,0,0,1,0
27,270310,1,1,0,0,0,1,1,171,0,12,11,2013,3,13,53,0,6,5,127TH ST NE,,57,45.33060278,-93.86221111,0,42,0,0,1,1,0,4,1,1,0,1,0,0000000,13,53,14,9,88,88,0,0,0,1,0
27,270311,1,1,0,0,0,8,8,37,7510,14,11,2013,5,2,23,0,16,6,BERNARD ST E,,25,44.91595833,-93.07075833,0,1,0,0,1,1,0,1,3,1,0,1,0,0000000,2,31,2,34,99,99,0,0,0,1,1
27,270312,1,1,0,1,1,1,1,111,0,14,11,2013,5,16,0,0,3,3,SR-29,CR-6 145TH ST,1019,46.173125,-95.32664167,0,9,0,0,2,3,0,1,1,1,0,1,0,0000000,16,0,99,99,99,99,0,0,0,1,0
27,270313,1,1,0,0,0,1,1,109,0,9,11,2013,7,8,11,0,14,5,60TH AVE NW,,5,44.090975,-92.55830278,0,34,0,0,1,1,0,4,1,10,0,10,0,0000000,8,13,8,24,8,51,0,0,0,1,0
27,270314,1,1,0,0,0,1,1,111,0,15,11,2013,6,22,23,0,4,4,CR-17,,9,46.695,-95.86611389,0,34,0,0,1,1,0,4,2,98,0,98,0,0000000,22,23,22,40,99,99,0,0,0,1,0
27,270315,1,1,0,1,1,1,1,9,6440,16,11,2013,7,5,36,1,13,2,US-10,,1754,45.5983,-94.14888333,0,8,0,0,1,1,0,1,2,1,0,1,0,0000000,5,43,6,0,6,5,0,0,0,1,0