STATE,ST_CASE,VE_TOTAL,VE_FORMS,PVH_INVL,PEDS,PERNOTMVIT,PERMVIT,PERSONS,COUNTY,CITY,DAY,MONTH,YEAR,DAY_WEEK,HOUR,MINUTE,NHS,ROAD_FNC,ROUTE,TWAY_ID,TWAY_ID2,MILEPT,LATITUDE,LONGITUD,SP_JUR,HARM_EV,MAN_COLL,RELJCT1,RELJCT2,TYP_INT,WRK_ZONE,REL_ROAD,LGT_COND,WEATHER1,WEATHER2,WEATHER,SCH_BUS,RAIL,NOT_HOUR,NOT_MIN,ARR_HOUR,ARR_MIN,HOSP_HR,HOSP_MN,CF1,CF2,CF3,FATALS,DRUNK_DR
27,270316,1,1,0,0,0,1,1,169,0,16,11,2013,7,20,30,0,4,4,CR-11,,27,43.87238056,-91.51344444,0,35,0,0,1,1,0,4,2,2,0,2,0,0000000,21,7,21,14,88,88,0,0,0,1,1
27,270317,1,1,0,0,0,1,1,37,1945,10,11,2013,1,0,25,0,14,4,CR-32 CLIFF RD,,78,44.79026389,-93.13795556,0,1,0,0,1,1,0,4,2,1,0,1,0,0000000,0,25,0,45,88,88,0,0,0,1,1
27,270318,2,2,0,0,0,3,3,137,0,10,11,2013,1,1,9,0,4,4,CR-22,,10,47.77709444,-93.06191111,0,35,0,0,1,1,0,4,2,4,0,4,0,0000000,99,99,99,99,88,88,0,0,0,1,2
27,270319,1,1,0,0,0,1,1,131,4270,10,11,2013,1,7,9,0,4,4,CR-34 CLEARWATER TRL,,38,44.45044167,-93.37117778,0,34,0,0,1,1,0,4,2,1,0,1,0,0000000,7,9,7,26,88,88,0,0,0,1,1
27,270320,1,1,0,1,1,1,1,123,5320,30,9,2013,2,18,59,0,14,6,7TH AVE E,OAK HILL DR,3,45.00748056,-93.0007,0,8,0,0,3,3,0,1,5,1,0,1,0,0000000,99,99,99,99,99,99,0,0,0,1,0
27,270321,1,1,0,0,0,1,1,19,1170,17,11,2013,1,8,13,0,16,6,LAKE SUSAN HILLS DRIVE,,8,44.84649167,-93.55385278,0,53,0,0,1,1,0,4,1,10,0,10,0,0000000,8,13,8,19,9,6,0,0,0,1,0
27,270322,1,1,0,0,0,1,1,135,0,17,10,2013,5,19,0,0,6,5,220TH ST,,10,48.71805,-95.74228056,0,1,0,0,1,1,0,1,5,1,0,1,0,0000000,99,99,99,99,88,88,0,0,0,1,0
27,270323,2,2,0,0,0,4,4,139,0,17,11,2013,1,15,34,0,3,4,CR-15 HARLOW AVE,DREXEL AVE.,62,44.61941111,-93.55838333,0,12,2,0,2,3,0,1,1,10,0,10,0,0000000,15,36,15,46,16,14,0,0,0,1,1
27,270324,1,1,0,2,2,1,1,53,5910,17,11,2013,1,18,7,0,14,4,CR-35 PORTLAND AVE S,,41,44.88515833,-93.26788333,0,8,0,0,1,1,0,1,3,1,0,1,0,0000000,18,8,18,10,18,30,0,0,0,2,0
27,270325,2,2,0,0,0,5,5,95,0,19,11,2013,3,7,40,1,2,3,SR-23,CR-112 127TH AVE.,2343,45.74504722,-93.67329722,0,12,6,0,2,3,0,1,1,1,0,1,0,0000000,8,40,99,99,99,99,0,0,0,1,0
27,270326,1,1,0,0,0,5,5,53,6300,21,11,2013,5,6,16,1,12,3,SR-100 RAMP,,59,44.94376111,-93.34784167,0,3,0,1,5,1,0,4,3,2,0,2,0,0000000,6,11,6,20,6,42,0,0,0,2,0
27,270327,2,2,0,0,0,2,2,145,0,21,11,2013,5,9,11,0,14,4,CR-2,MINNESOTA STREET,182,45.56473333,-94.31794444,0,12,6,0,2,2,0,1,1,10,0,10,0,0000000,9,11,9,15,99,99,0,0,0,1,0
27,270328,1,1,0,0,0,2,2,153,0,22,11,2013,6,23,13,0,5,4,CR-66,,25,46.26747222,-94.76068056,0,34,0,0,1,1,0,5,2,1,0,1,0,0000000,23,16,23,32,23,55,0,0,0,1,1
27,270329,2,2,0,0,0,2,2,139,6450,23,11,2013,7,2,38,1,13,3,SR-OLD101,,207,44.78428611,-93.39738889,0,12,2,1,18,1,0,1,2,1,0,1,0,0000000,2,39,99,99,88,88,0,0,0,1,1
27,270330,1,1,0,0,0,1,1,37,4673,28,11,2013,5,20,39,0,14,3,SR-110,,19,44.88367778,-93.12631667,0,59,0,0,1,1,0,4,3,10,0,10,0,0000000,20,44,20,44,21,18,0,0,0,1,0
27,270331,2,2,0,1,1,2,2,9,0,28,11,2013,5,0,8,1,13,2,US-02,,1698,45.66388056,-94.17635833,0,8,0,0,1,1,0,1,3,1,0,1,0,0000000,0,8,99,99,99,99,19,0,0,1,0
27,270332,1,1,0,0,0,1,1,139,0,26,11,2013,3,2,20,0,3,4,CR-8,,109,44.63406944,-93.40445,0,30,0,0,1,1,0,4,2,10,6,6,0,0000000,4,44,4,50,88,88,0,0,0,1,1
27,270333,2,2,0,0,0,3,3,129,5400,27,11,2013,4,13,1,1,2,2,US-212,,776,44.77626389,-94.97725,0,12,8,0,1,1,0,1,1,1,0,1,0,0000000,12,59,13,5,14,13,0,0,0,1,0
27,270334,3,3,0,0,0,3,3,163,5334,13,8,2013,3,22,16,0,15,6,HELMO AVE N,,19,44.97732778,-92.95245833,0,12,1,0,1,1,0,1,3,1,0,1,0,0000000,22,16,22,19,22,46,0,0,0,1,0
27,270335,2,2,0,0,0,2,2,137,0,30,8,2013,6,15,53,0,3,4,CR-4 RICE LAKE RD,CR-43 EMERSON RD,118,46.95259167,-92.15931111,0,12,6,0,2,2,0,1,1,1,0,1,0,0000000,99,99,99,99,99,99,0,0,0,1,0
27,270336,1,1,0,0,0,1,1,107,0,30,11,2013,7,2,41,0,3,3,SR-HWY 200,,342,47.325475,-96.23281944,0,35,0,0,1,1,0,4,2,10,0,10,0,0000000,2,40,2,57,88,88,0,0,0,1,1
27,270337,1,1,0,0,0,3,3,143,0,13,11,2013,4,11,33,0,5,4,CR-17,,54,44.54525278,-94.04995556,0,1,0,0,1,1,0,1,1,1,0,1,0,0000000,11,23,11,31,11,48,0,0,0,1,0
27,270339,1,1,0,0,0,1,1,11,0,2,12,2013,2,13,14,0,4,3,SR-7,,149,45.40451667,-96.58580556,0,34,0,0,1,1,0,4,1,10,0,10,0,0000000,13,7,13,25,88,88,0,0,0,1,0
27,270340,2,2,0,0,0,3,3,145,0,2,12,2013,2,14,51,1,1,1,I-94,,1631,45.52447222,-94.30002222,0,12,11,0,1,1,0,1,1,4,0,4,0,0000000,15,6,15,15,15,45,19,0,0,1,0
27,270341,1,1,0,0,0,1,1,171,0,24,8,2013,7,2,37,0,6,5,HAUG AVE NE,,2,45.28974722,-93.74282222,0,1,0,0,1,1,0,1,6,1,0,1,0,0000000,99,99,99,99,99,99,0,0,0,1,1
27,270342,2,2,0,0,0,2,2,37,3490,3,9,2013,3,14,40,0,14,4,CR-26 70TH ST,CR-56 CONCORD BLVD,80,44.84786667,-93.020475,0,12,6,0,2,3,0,1,1,1,0,1,0,0000000,14,39,14,48,15,23,0,0,0,1,1
27,270343,2,2,0,0,0,2,2,67,0,13,9,2013,6,15,2,1,2,2,US-12,CR-4,841,45.13919444,-94.83888056,0,12,6,0,2,2,0,1,1,1,0,1,0,0000000,99,99,15,9,15,35,0,0,0,1,0
27,270344,2,2,0,0,0,2,2,1,0,2,12,2013,2,16,16,1,2,3,SR-HIGHWAY 210,,1483,46.52153056,-93.78814444,0,12,6,0,1,1,0,1,1,4,0,4,0,0000000,16,19,16,30,16,55,0,0,0,1,0
27,270345,1,1,0,1,1,1,1,123,4536,22,9,2013,1,4,57,0,14,3,SR-5 STILLWATER RD,,1854,44.96413056,-93.00353333,0,8,0,0,1,1,0,1,3,1,0,1,0,0000000,4,57,5,1,88,88,0,0,0,1,0
27,270346,1,1,0,0,0,1,1,97,0,9,10,2013,4,14,6,0,4,4,CR-14 230TH ST,,44,46.09316389,-94.55678056,0,1,0,0,98,99,0,2,1,1,0,1,0,0000000,99,99,99,99,99,99,0,0,0,1,0
27,270347,3,1,2,0,0,1,1,119,1550,7,11,2013,5,8,0,0,14,4,CR-9,,163,47.760275,-96.59415833,0,14,0,0,1,1,0,5,1,1,0,1,0,0000000,8,1,8,9,8,23,0,0,0,1,0
27,270348,1,1,0,1,1,1,1,13,0,9,11,2013,7,6,30,0,4,4,CR-2,,16,44.23983056,-93.92710556,0,8,0,0,1,1,0,1,4,10,0,10,0,0000000,6,31,6,50,7,54,0,0,0,1,0
27,270349,2,2,0,0,0,5,5,37,3990,4,12,2013,4,9,45,0,14,4,CR-9 DODD BLVD,,71,44.67323889,-93.25233056,0,12,6,0,1,1,0,1,1,4,3,4,0,0000000,9,45,9,49,88,88,0,0,0,1,0
27,270350,1,1,0,0,0,1,1,43,2570,5,12,2013,5,7,3,0,4,3,SR-254,,63,43.58892222,-93.92806944,0,35,0,0,1,1,0,4,2,1,0,1,0,0000000,6,58,7,5,88,88,0,0,0,1,0
27,270351,2,2,0,0,0,3,3,111,0,4,12,2013,4,11,37,1,2,2,US-59,,2483,46.66406944,-96.01406667,0,12,6,0,1,1,0,1,1,4,0,4,0,0000000,11,40,11,53,12,21,0,0,0,1,0
27,270352,2,2,0,0,0,2,2,23,1230,5,12,2013,5,20,55,1,2,3,SR-23,,1253,44.95171667,-95.37185556,0,12,6,0,1,1,0,1,3,4,3,4,0,0000000,20,53,21,1,23,31,0,0,0,1,0
27,270353,1,1,0,0,0,1,1,139,6510,6,12,2013,6,8,25,1,13,2,US-169,SR-13,11680,44.79295556,-93.40324722,0,58,0,1,5,1,0,4,3,1,0,1,0,0000000,8,25,99,98,88,88,0,0,0,1,0
27,270354,1,1,0,0,0,1,1,153,0,6,12,2013,6,14,25,0,6,5,RED ROCK RD,,19,46.27584722,-94.71013611,0,10,0,0,6,1,0,1,1,1,0,1,0,097605F,14,41,15,1,88,88,0,0,0,1,0
27,270355,3,3,0,0,0,4,4,53,5732,9,12,2013,2,15,20,1,13,3,SR-55,XENIUM LN,1809,45.00824722,-93.45106944,0,12,6,0,2,2,0,1,1,1,0,1,0,0000000,15,13,99,97,99,97,0,0,0,1,0
27,270356,4,1,3,0,0,1,1,149,4930,11,12,2013,4,14,9,1,13,3,SR-25 W 5TH ST,,480,45.58568333,-95.91476111,0,10,0,0,6,1,0,1,1,1,0,1,0,067933R,14,9,14,15,14,37,0,0,0,1,0
27,270358,2,2,0,0,0,2,2,107,0,12,12,2013,5,14,10,0,3,3,SR-32,,521,47.39950556,-96.28176667,0,12,2,0,1,1,0,1,1,10,0,10,0,0000000,14,9,14,20,88,88,0,0,0,2,0
27,270359,2,2,0,0,0,3,3,171,0,12,12,2013,5,15,10,0,3,4,CR-6,CR-35,133,45.15232778,-94.07327222,0,12,6,0,2,2,0,1,1,1,0,1,0,0000000,15,10,15,41,16,11,0,0,0,1,0
27,270360,2,2,0,0,0,2,2,27,0,16,12,2013,2,4,24,1,1,1,I-94,,220,46.68118889,-96.43349167,0,12,6,0,1,1,0,1,2,11,4,4,0,0000000,4,24,99,99,99,99,19,0,0,1,0
27,270361,2,2,0,0,0,2,2,93,0,17,12,2013,3,9,2,0,4,3,SR-24,,82,45.20183056,-94.42403056,0,12,2,0,1,1,0,1,1,11,10,11,0,0000000,9,2,9,15,99,99,0,0,0,1,0
27,270362,2,2,0,0,0,3,3,97,6100,20,12,2013,6,10,57,1,2,2,US-10,CR-26 CENTER ST,1564,45.8301,-94.29421111,0,12,6,0,3,2,0,1,1,10,0,10,0,0000000,10,57,11,11,11,49,0,0,0,1,0
27,270363,1,1,0,1,1,1,1,61,6690,20,12,2013,6,20,17,0,3,3,SR-46,VILLAGE RD,269,47.62979444,-94.13663333,3,8,0,0,2,3,0,1,2,1,0,1,0,0000000,20,16,20,38,88,88,0,0,0,1,0
27,270364,1,1,0,1,1,2,2,53,4760,20,12,2013,6,21,44,0,14,4,CR-152 OSSEO RD,49TH AVE N,54,45.044,-93.31938056,0,8,0,0,3,7,0,1,3,10,0,10,0,0000000,21,44,99,99,22,5,0,0,0,1,0
27,270365,3,3,0,0,0,3,3,137,7200,23,12,2013,2,4,58,1,13,2,US-53,12TH AVE W,650,47.50991667,-92.551975,0,12,6,0,2,2,0,1,3,10,0,10,0,0000000,4,58,5,7,5,29,14,0,0,1,0
27,270366,1,1,0,0,0,3,3,139,0,28,12,2013,7,3,32,1,1,1,I-35,,783,44.59438889,-93.29808611,0,1,0,0,1,1,0,1,2,10,0,10,0,0000000,99,99,99,99,99,99,0,0,0,1,1
27,270367,1,1,0,0,0,1,1,7,530,28,12,2013,7,4,46,0,16,6,SHERMAN DR NE,,15,47.49442222,-94.80960278,0,53,0,0,1,1,0,4,6,1,0,1,0,0000000,99,99,99,99,88,88,0,0,0,1,1
27,270368,1,1,0,0,0,1,1,133,0,31,12,2013,3,8,0,0,6,5,110TH AVE,,32,43.68175,-96.25243333,0,1,0,0,1,1,0,1,9,10,11,11,0,0000000,8,2,8,14,88,88,0,0,0,1,0
27,270369,1,1,0,0,0,2,2,13,4480,9,12,2013,2,7,0,1,12,2,US-169,SR-66,529,44.15998333,-94.02018333,0,25,0,1,19,1,0,3,4,1,0,1,0,0000000,99,99,99,99,99,99,0,0,0,1,0
27,270370,1,1,0,0,0,2,2,71,0,28,6,2013,6,13,2,0,4,8,PALMQUIST RD,,0,48.05885833,-93.11021111,3,5,0,8,98,98,0,98,8,98,99,98,0,9999999,99,98,99,98,99,98,99,99,99,1,0
28,280001,1,1,0,0,0,2,2,47,1020,1,1,2013,3,3,45,0,16,6,ONEAL RD,,0,30.471525,-89.08074722,0,53,0,0,1,1,0,4,3,1,0,1,0,0000000,3,47,4,0,4,42,0,0,0,1,1
28,280002,1,1,0,0,0,1,1,109,0,1,1,2013,3,3,48,0,4,4,CR-CONNIE HARRIEL RD,,99998,30.7093,-89.39823333,0,1,0,0,1,1,0,1,2,10,0,10,0,0000000,4,2,4,22,5,10,0,0,0,1,0
28,280003,1,1,0,0,0,2,2,85,0,1,1,2013,3,12,56,1,1,1,I-55,,99998,31.553725,-90.47956667,0,42,0,0,1,1,0,6,1,2,10,2,0,0000000,13,15,13,36,13,49,0,0,0,1,1
28,280004,1,1,0,0,0,1,1,159,0,1,1,2013,3,15,1,0,3,3,SR-397,,99998,33.07665278,-89.01089444,0,42,0,0,1,1,0,6,1,2,0,2,0,0000000,99,98,99,98,88,88,0,0,0,1,0
28,280005,1,1,0,0,0,2,2,109,0,1,1,2013,3,20,21,0,4,4,CR-BURGETOWN RD,,99998,30.60160278,-89.67680556,0,42,0,0,1,1,0,4,2,2,10,2,0,0000000,20,37,21,10,21,49,0,0,0,1,1
28,280006,2,2,0,0,0,2,2,79,0,3,1,2013,5,12,18,0,13,3,SR-16,,99998,32.79205833,-89.37370833,0,12,6,0,1,1,0,1,1,1,0,1,0,0000000,99,98,99,98,88,88,0,0,0,2,0
28,280007,1,1,0,0,0,1,1,45,0,4,1,2013,6,11,48,0,13,3,SR-603,,99998,30.37302778,-89.43228889,0,35,0,0,1,1,0,3,1,1,0,1,0,0000000,11,48,99,98,88,88,0,0,0,1,0
28,280008,1,1,0,0,0,1,1,163,0,4,1,2013,6,16,55,1,12,2,US-49,,99998,32.79814722,-90.37175556,0,42,0,0,1,1,0,4,5,10,0,10,0,0000000,16,55,99,98,88,88,0,0,0,1,0
28,280009,1,1,0,0,0,2,2,59,1900,5,1,2013,7,5,23,0,16,6,WASHINGTON AVE,EASTWOOD ST,0,30.34616944,-88.53048056,0,33,0,0,1,1,0,4,3,1,0,1,0,0000000,5,26,6,0,6,55,0,0,0,1,0
28,280010,1,1,0,0,0,2,2,139,0,7,1,2013,2,14,19,0,4,3,SR-2,,99998,34.74646111,-88.87478056,0,42,0,0,1,1,0,4,1,1,0,1,0,0000000,88,88,88,88,88,88,0,0,0,2,1
28,280011,1,1,0,0,0,1,1,39,0,7,1,2013,2,18,19,1,2,2,US-98,,99998,30.95640556,-88.61803889,0,32,0,0,1,1,0,4,2,1,0,1,0,0000000,99,98,99,98,88,88,0,0,0,1,0
28,280012,1,1,0,0,0,1,1,117,0,7,1,2013,2,20,25,0,4,3,SR-4,,99998,34.69555,-88.62041944,0,42,0,0,1,1,0,4,2,1,0,1,0,0000000,20,25,20,38,20,55,0,0,0,1,1
28,280013,2,2,0,0,0,3,3,153,0,5,1,2013,7,12,48,0,4,4,CR-RESERVOIR ROAD,,99998,31.63736389,-88.78545278,0,54,11,0,1,1,0,1,1,10,0,10,0,0000000,12,48,12,53,13,22,14,0,0,1,0
28,280014,1,1,0,1,1,1,1,21,0,11,1,2013,6,2,46,0,4,3,SR-18,,99998,31.96607778,-90.95348611,0,9,0,0,1,1,0,1,2,2,10,2,0,0000000,88,88,88,88,88,88,0,0,0,1,1
28,280015,2,2,0,0,0,3,3,161,2730,11,1,2013,6,19,10,0,16,6,BLACKMUR DRIVE,,0,34.14863333,-89.62294722,0,12,2,0,1,1,0,1,3,1,0,1,0,0000000,19,12,19,36,20,11,0,0,0,2,1
28,280016,1,1,0,1,1,3,3,123,0,12,1,2013,7,18,30,0,3,3,SR-35,,99998,32.46640556,-89.48469722,0,8,0,0,1,1,0,1,2,1,0,1,0,0000000,18,30,18,42,19,24,0,0,0,1,0
28,280017,1,1,0,0,0,1,1,49,1220,13,1,2013,1,0,1,1,1,1,I-55,,99998,32.24218333,-90.21519722,0,30,0,1,19,1,0,4,3,1,0,1,0,0000000,0,1,99,98,88,88,0,0,0,1,1
28,280018,1,1,0,0,0,1,1,85,0,13,1,2013,1,21,24,1,13,2,US-51,,99998,31.35888611,-90.47014167,0,1,0,0,1,1,0,4,2,2,0,2,0,0000000,9,24,9,38,88,88,0,0,0,1,1
28,280019,1,1,0,0,0,1,1,77,0,15,1,2013,3,21,18,0,4,3,SR-487,,99998,31.420275,-90.03346111,0,34,0,0,1,1,0,4,2,2,0,2,0,0000000,99,98,99,98,88,88,0,0,0,1,1
28,280020,1,1,0,0,0,3,3,45,0,16,1,2013,4,1,43,0,4,4,CR-KILN-DELISLE,,99998,30.41632222,-89.37940556,0,30,0,0,1,1,0,4,2,5,0,5,0,0000000,1,48,2,36,3,11,0,0,0,1,1
28,280021,1,1,0,0,0,1,1,89,0,16,1,2013,4,22,30,0,3,3,SR-43,,99998,32.66000278,-89.93298333,0,42,0,0,1,1,0,4,2,2,0,2,0,0000000,99,98,99,98,88,88,0,0,0,1,1
28,280022,3,3,0,0,0,3,3,75,1590,9,1,2013,4,15,16,0,13,3,SR-19,JIMMY RIDGERS PARKWAY,99998,32.364425,-88.65856667,0,12,1,0,2,3,0,1,1,2,0,2,0,0000000,15,20,15,36,16,11,0,0,0,1,0
28,280023,2,2,0,0,0,3,3,47,1380,12,1,2013,7,10,41,0,16,6,JEFF DAVIS AVE,,0,30.34983333,-89.15095,0,12,2,0,1,1,0,1,1,10,0,10,0,0000000,10,41,10,45,11,20,0,0,0,1,0
28,280024,1,1,0,0,0,3,3,123,0,12,1,2013,7,21,9,0,4,4,CR-OLD JACKSON RD,,99998,32.47143611,-89.41490278,0,33,0,0,1,1,0,4,2,1,0,1,0,0000000,21,23,22,0,22,42,0,0,0,1,1
28,280025,2,2,0,0,0,2,2,27,470,16,1,2013,4,14,27,0,16,6,HWY 322,,99998,34.16053333,-90.51548889,0,12,2,0,1,1,0,1,1,10,0,10,0,0000000,14,28,15,0,15,22,0,0,0,1,1
28,280026,1,1,0,0,0,1,1,87,0,17,1,2013,5,5,2,0,3,3,SR-50,,99998,33.53491111,-88.31083333,0,42,0,0,1,1,0,4,2,4,3,4,0,0000000,99,98,99,98,88,88,0,0,0,1,0
28,280027,1,1,0,0,0,3,3,23,0,19,1,2013,7,0,40,0,4,3,SR-512,,99998,32.04124167,-88.73528889,0,1,0,0,1,1,0,4,2,1,0,1,0,0000000,0,55,1,12,1,39,0,0,0,1,0
28,280028,2,2,0,0,0,5,5,47,230,19,1,2013,7,5,18,1,1,1,I-110,,99998,30.41468056,-88.89400556,0,12,1,1,18,1,0,1,3,1,0,1,0,0000000,5,36,6,11,6,55,0,0,0,2,1
28,280029,1,1,0,0,0,1,1,127,0,19,1,2013,7,19,42,0,4,4,CR-DAVID SHERMAN RD,,99998,31.78948889,-90.10727778,0,42,0,0,1,1,0,4,2,1,0,1,0,0000000,99,98,99,98,88,88,0,0,0,1,0
28,280030,1,1,0,1,1,1,1,49,0,19,1,2013,7,22,21,1,1,7,I-55,,99998,32.12099167,-90.29260278,0,8,0,0,1,1,0,1,2,1,0,1,0,0000000,88,88,88,88,88,88,0,0,0,1,0
28,280031,3,3,0,0,0,10,10,121,0,21,1,2013,2,14,29,1,1,1,I-20,,99998,32.27631944,-90.17198611,0,12,6,0,1,1,0,1,1,1,0,1,0,0000000,14,38,15,0,15,36,0,0,0,1,0
28,280032,2,2,0,0,0,3,3,105,2430,25,1,2013,6,2,2,0,16,6,LOUISVILLE ST,BOXWOOD LANE,0,33.45042222,-88.82243056,0,12,2,0,2,3,0,1,3,10,0,10,0,0000000,2,16,2,36,3,22,0,0,0,1,2
28,280033,1,1,0,0,0,1,1,29,1060,25,1,2013,6,16,28,0,16,6,FROST ST,,0,31.85909444,-90.39137222,0,10,0,0,6,1,0,1,1,1,0,1,0,299847K,99,98,99,98,88,88,0,0,0,1,1
28,280034,2,2,0,0,0,4,4,91,0,25,1,2013,6,20,24,0,3,3,SR-44,,99998,31.34588889,-89.6958,0,12,1,0,1,1,0,1,2,1,0,1,0,0000000,20,30,20,46,21,10,0,0,0,1,1
28,280035,1,1,0,0,0,1,1,113,0,28,1,2013,2,17,21,0,4,4,CR-OLD INDUSTRIAL RD,,99998,31.19806667,-90.43813889,0,34,0,0,1,1,0,4,1,1,0,1,0,0000000,99,98,99,98,88,88,0,0,0,1,0
28,280036,1,1,0,0,0,1,1,67,0,29,1,2013,3,12,27,0,4,4,CR-61,,99998,31.64194722,-89.13081944,0,43,0,0,1,1,0,4,1,1,0,1,0,0000000,12,27,12,32,12,53,0,0,0,1,1
28,280037,2,2,0,0,0,4,4,39,0,1,2,2013,6,19,21,0,4,4,CR-BARTON AGRICOLA RD,,99998,30.81164722,-88.55585,0,12,2,0,1,1,0,1,2,1,0,1,0,0000000,19,32,20,0,20,22,0,0,0,2,0
28,280038,1,1,0,0,0,1,1,77,0,1,2,2013,6,21,53,0,4,4,CR-CARMEL NEW HOPE RD,,99998,31.49441667,-90.17349444,0,35,0,0,1,1,0,6,2,1,0,1,0,0000000,99,98,99,98,88,88,0,0,0,1,1
28,280039,1,1,0,0,0,1,1,139,0,2,2,2013,7,8,40,0,3,3,SR-4,,99998,34.72211944,-88.77285,0,42,0,0,1,1,0,4,1,10,0,10,0,0000000,99,98,99,98,88,88,0,0,0,1,1
28,280040,1,1,0,0,0,1,1,29,0,3,2,2013,1,5,53,0,4,4,CR-SYLVARINA ROAD,,99998,31.74109722,-90.52114722,0,34,0,0,1,1,0,5,2,1,0,1,0,0000000,5,30,5,53,6,21,0,0,0,1,1
28,280041,1,1,0,1,1,4,4,27,0,2,2,2013,7,20,36,1,13,2,US-HWY 61 NORTH,,99998,34.323625,-90.49945,0,8,0,0,1,1,0,1,2,1,0,1,0,0000000,99,98,99,98,88,88,0,0,0,1,0
28,280042,2,2,0,0,0,3,3,29,0,2,2,2013,7,12,52,0,13,2,US-28 EAST,I-55 ON RAMP,99998,31.87353889,-90.41225833,0,12,6,1,5,1,0,1,1,1,0,1,0,0000000,12,52,12,54,13,17,0,0,0,1,0
28,280043,2,2,0,0,0,3,3,147,0,5,2,2013,3,8,30,1,2,2,US-98,,99998,31.13007222,-90.12431389,0,12,1,0,1,1,0,1,1,5,0,5,0,0000000,8,38,9,11,9,42,0,0,0,1,1
28,280044,1,1,0,0,0,2,2,75,0,5,2,2013,3,18,35,0,4,3,SR-39,,99998,32.34913056,-88.73075278,0,42,0,0,1,1,0,4,2,1,0,1,0,0000000,19,0,19,44,99,99,0,0,0,1,0
28,280045,1,1,0,1,1,1,1,35,1050,6,2,2013,4,20,2,0,16,2,US-49,CLASSIC,99998,31.35937222,-89.34917778,0,8,0,0,2,2,0,1,3,2,0,2,0,0000000,20,7,20,28,20,39,0,0,0,1,0
28,280046,1,1,0,0,0,1,1,43,0,6,2,2013,4,22,34,0,4,4,CR-GREENSBORO RD,,99998,33.67753611,-89.63426389,0,34,0,0,1,1,0,4,2,1,0,1,0,0000000,22,34,22,45,99,99,20,0,0,1,0
28,280047,1,1,0,1,1,1,1,149,0,8,2,2013,6,21,2,1,2,2,US-61,,99998,32.486,-90.80743056,0,9,0,0,1,1,0,1,2,1,0,1,0,0000000,88,88,88,88,88,88,0,0,0,1,0
28,280048,1,1,0,0,0,1,1,111,0,10,2,2013,1,0,0,0,3,3,SR-29,,99998,31.199175,-89.03773889,0,42,0,0,1,1,0,4,2,1,0,1,0,0000000,99,98,99,98,88,88,20,0,0,1,1
28,280049,3,3,0,0,0,3,3,131,0,11,2,2013,2,18,24,1,2,2,US-49,MCHENRY AVE,99998,30.71248056,-89.13490556,0,12,6,0,2,2,0,1,2,2,0,2,0,0000000,18,31,18,46,19,11,0,0,0,1,0
28,280050,1,1,0,0,0,1,1,145,0,13,2,2013,4,4,36,0,4,2,US-78,,99998,34.53998056,-89.09942222,0,1,0,0,1,1,0,4,2,2,10,2,0,0000000,4,36,4,56,99,99,0,0,0,1,0
28,280051,2,2,0,0,0,2,2,93,0,14,2,2013,5,19,58,1,2,2,US-72,,99998,34.978625,-89.57729167,0,12,6,0,1,1,0,1,2,10,0,10,0,0000000,20,12,20,39,21,10,0,0,0,1,0
28,280052,1,1,0,0,0,1,1,121,2125,16,2,2013,7,16,13,0,16,6,PINEWOOD DR,,0,32.22708333,-90.14455556,0,32,0,0,1,1,0,4,1,1,0,1,0,0000000,16,13,16,15,88,88,0,0,0,1,1
28,280053,3,3,0,0,0,6,6,81,0,16,2,2013,7,19,0,0,4,4,CR-1467,CR-814,99998,34.18599444,-88.567725,0,12,2,0,1,1,0,1,2,1,0,1,0,0000000,19,3,19,20,20,10,0,0,0,1,0
28,280054,1,1,0,0,0,1,1,95,0,16,2,2013,7,22,14,0,3,3,SR-8,SR-278,99998,33.89764444,-88.32947778,0,42,0,0,3,3,0,6,2,1,0,1,0,0000000,99,98,99,98,99,98,0,0,0,1,1
28,280055,2,2,0,0,0,2,2,59,0,3,2,2013,1,17,14,1,2,2,US-90,FRANKLIN CREEK ROAD,99998,30.45778333,-88.417775,0,12,6,0,3,2,1,1,1,1,0,1,0,0000000,17,14,17,32,18,20,0,0,0,1,0
28,280056,1,1,0,0,0,1,1,7,0,17,2,2013,1,19,6,0,3,3,SR-4,,99998,33.03266111,-89.60955833,0,34,0,0,1,1,0,4,2,1,0,1,0,0000000,99,98,99,98,88,88,0,0,0,1,0
28,280057,1,1,0,0,0,1,1,115,0,19,2,2013,3,6,30,0,4,3,SR-341,,99998,34.19943333,-88.94164722,0,32,0,0,1,1,0,4,4,1,0,1,0,0000000,6,30,6,41,7,10,0,0,0,1,1
28,280058,2,2,0,0,0,3,3,153,0,21,2,2013,5,13,30,1,2,2,US-84,RESERVOIR RD,99998,31.68295556,-88.69317778,0,12,6,0,2,2,0,1,1,1,0,1,0,0000000,13,37,14,22,15,9,0,0,0,1,0
28,280059,1,1,0,0,0,2,2,47,0,21,2,2013,5,17,31,1,12,2,US-49,,99998,30.53377222,-89.11238333,0,33,0,0,1,1,0,4,5,10,0,10,0,0000000,17,31,17,49,18,0,0,0,0,1,0
28,280060,1,1,0,1,1,2,2,47,1020,21,2,2013,5,20,28,1,1,1,I-10,,99998,30.43071389,-89.101,0,8,0,0,1,1,0,1,2,1,0,1,0,0000000,88,88,88,88,88,88,0,0,0,1,0