STATE,ST_CASE,VE_TOTAL,VE_FORMS,PVH_INVL,PEDS,PERNOTMVIT,PERMVIT,PERSONS,COUNTY,CITY,DAY,MONTH,YEAR,DAY_WEEK,HOUR,MINUTE,NHS,ROAD_FNC,ROUTE,TWAY_ID,TWAY_ID2,MILEPT,LATITUDE,LONGITUD,SP_JUR,HARM_EV,MAN_COLL,RELJCT1,RELJCT2,TYP_INT,WRK_ZONE,REL_ROAD,LGT_COND,WEATHER1,WEATHER2,WEATHER,SCH_BUS,RAIL,NOT_HOUR,NOT_MIN,ARR_HOUR,ARR_MIN,HOSP_HR,HOSP_MN,CF1,CF2,CF3,FATALS,DRUNK_DR
28,280061,2,2,0,0,0,2,2,89,0,21,2,2013,5,20,45,0,13,3,SR-16,CR-MIGGINS RD,99998,32.65913611,-89.84138333,0,12,2,0,2,2,0,1,2,2,0,2,0,0000000,21,2,21,39,22,13,0,0,0,1,0
28,280062,2,2,0,0,0,2,2,121,0,22,2,2013,6,6,53,0,4,4,CR-GREENFIELD RD,,99998,32.238025,-90.06889167,0,12,2,0,1,1,0,1,1,1,0,1,0,0000000,7,1,7,25,8,19,0,0,0,1,0
28,280063,2,2,0,0,0,2,2,95,0,4,2,2013,2,14,49,1,2,2,US-45,HAMILTON ROAD,99999,33.73916667,-88.43916667,0,12,6,0,2,2,0,1,1,1,0,1,0,0000000,14,57,15,50,16,19,0,0,0,1,0
28,280064,1,1,0,1,1,1,1,49,1220,23,2,2013,7,5,20,0,16,3,SR-18,,99998,32.26869722,-90.30306111,0,8,0,0,1,1,0,1,2,2,0,2,0,0000000,88,88,88,88,88,88,0,0,0,1,0
28,280065,1,1,0,0,0,1,1,115,0,24,2,2013,1,13,25,0,4,4,CR-BELDEN ENDVILLE RD,,99998,34.23009444,-89.08339722,0,1,0,0,1,1,0,4,1,1,0,1,0,0000000,99,98,99,98,88,88,0,0,0,1,0
28,280066,1,1,0,0,0,1,1,121,300,26,2,2013,3,6,46,1,12,1,I-20,,99998,32.27992222,-90.01185,0,42,0,0,1,1,0,3,4,10,0,10,0,0000000,99,98,99,98,88,88,0,0,0,1,0
28,280067,1,1,0,0,0,1,1,163,0,26,2,2013,3,7,46,1,2,2,US-49,,99998,32.79596111,-90.37171944,0,42,0,0,1,1,0,6,1,10,0,10,0,0000000,99,98,99,98,88,88,0,0,0,1,0
28,280068,2,2,0,0,0,3,3,121,0,28,2,2013,5,15,51,0,3,3,SR-13,,99998,32.07435,-89.78224444,0,12,2,0,1,1,0,1,1,1,0,1,0,0000000,16,9,16,36,17,22,0,0,0,1,0
28,280069,1,1,0,0,0,1,1,29,0,28,2,2013,5,18,27,1,1,1,I-55,,99998,31.79683611,-90.42739722,0,32,0,0,1,1,0,6,2,1,0,1,0,0000000,18,27,18,37,88,88,0,0,0,1,0
28,280070,2,2,0,0,0,4,4,29,0,3,2,2013,1,13,43,1,1,1,I-55,,99998,31.95234444,-90.38872778,0,12,1,0,1,1,0,1,1,1,0,1,0,0000000,13,47,14,11,14,58,0,0,0,1,0
28,280071,1,1,0,0,0,1,1,57,0,4,2,2013,2,10,41,1,2,2,US-78,,0,34.24593889,-88.45368056,0,42,0,0,1,1,0,6,1,1,0,1,0,0000000,10,41,10,45,11,17,0,0,0,1,0
28,280072,2,2,0,0,0,4,4,149,2690,4,2,2013,2,21,55,1,2,2,US-HWY 61 SOUTH,DANA ROAD,99998,32.29024167,-90.89641944,0,12,6,0,2,2,0,1,2,1,0,1,0,0000000,21,55,21,58,22,20,0,0,0,1,0
28,280073,1,1,0,0,0,4,4,159,0,10,2,2013,1,9,50,0,4,4,CR-BROOKSVILLE RD,,99998,33.19851389,-88.82768889,0,53,0,0,1,1,0,4,1,2,10,2,0,0000000,10,4,10,22,11,15,0,0,0,1,0
28,280074,2,2,0,0,0,2,2,33,0,4,2,2013,2,16,29,0,6,4,CR-PLEASANT HILL,TCHULAHOMA,99998,34.88330833,-89.954225,0,12,6,0,1,1,0,1,1,2,0,2,0,0000000,16,29,16,33,16,58,0,0,0,1,0
28,280075,1,1,0,0,0,2,2,65,0,22,2,2013,6,17,52,0,4,4,CR-SUMRALL RD,,99998,31.54625278,-89.63693333,0,42,0,0,1,1,0,4,3,2,0,2,0,0000000,88,88,88,88,88,88,0,0,0,2,1
28,280076,1,1,0,1,1,1,1,59,0,22,2,2013,6,18,42,0,4,4,CR-POINTE AUX CHENES RD,,99998,30.37273056,-88.74515833,0,8,0,0,1,1,0,1,2,10,0,10,0,0000000,19,11,19,36,19,52,0,0,0,1,1
28,280077,2,2,0,0,0,2,2,29,0,3,3,2013,1,19,46,0,4,3,SR-801,,99998,31.99766667,-90.70338333,0,12,1,0,1,1,0,1,2,1,0,1,0,0000000,88,88,88,88,88,88,0,0,0,1,2
28,280078,2,2,0,0,0,7,7,73,0,1,3,2013,6,22,32,1,1,1,I-59,,99998,31.12628056,-89.37305833,0,12,1,0,1,1,0,1,2,1,0,1,0,0000000,22,32,22,44,23,10,0,0,0,2,0
28,280079,1,1,0,0,0,1,1,11,0,2,3,2013,7,5,19,0,2,3,SR-450,US-61,99998,33.56331667,-90.79422778,0,34,0,0,1,1,0,4,2,1,0,1,0,0000000,5,19,5,33,6,1,0,0,0,1,1
28,280080,1,1,0,0,0,1,1,49,1220,28,2,2013,5,99,99,0,16,6,FORTIFICATION ST,,0,32.30857778,-90.16096667,0,31,0,0,1,1,0,6,1,1,0,1,0,0000000,99,98,99,98,88,88,0,0,0,1,1
28,280081,1,1,0,1,1,1,1,35,1050,6,3,2013,4,19,1,1,12,2,US-49,,99998,31.33246389,-89.32898333,0,8,0,0,1,1,0,1,3,1,0,1,0,0000000,19,1,19,3,19,30,0,0,0,1,1
28,280082,1,1,0,0,0,2,2,121,1918,7,3,2013,5,21,1,0,16,6,S PEARSON RD,,0,32.25924444,-90.13291944,0,1,0,0,1,1,0,4,3,1,0,1,0,0000000,21,20,21,36,21,44,0,0,0,1,1
28,280083,2,2,0,0,0,3,3,85,0,8,3,2013,6,8,13,0,4,3,SR-550,,99998,31.58339444,-90.45233333,0,12,2,0,1,1,0,1,1,1,0,1,0,0000000,8,24,8,39,9,0,0,0,0,1,0
28,280084,1,1,0,0,0,2,2,121,1918,2,3,2013,7,0,27,1,1,2,US-49,I-20,99998,32.27590833,-90.17388889,0,43,0,1,5,1,0,4,3,1,0,1,0,0000000,0,27,0,39,1,6,0,0,0,1,1
28,280085,1,1,0,0,0,1,1,101,0,3,3,2013,1,2,30,0,3,3,SR-429,,99998,32.57644167,-89.14648611,0,1,0,0,1,1,0,5,2,1,0,1,0,0000000,99,98,99,98,88,88,0,0,0,1,1
28,280086,1,1,0,0,0,1,1,91,0,3,3,2013,1,7,57,1,2,2,US-98,,99998,31.23403889,-89.83703611,0,24,0,0,1,1,0,5,1,1,0,1,0,0000000,7,57,8,23,8,46,99,99,99,1,0
28,280087,2,2,0,0,0,7,7,81,2610,8,3,2013,6,16,13,0,16,6,CLIFF GOOKIN,PRESIDENT EXT,1000,34.22420833,-88.72463056,0,12,6,0,8,1,0,1,1,1,0,1,0,0000000,16,13,16,23,16,57,0,0,0,1,0
28,280088,1,1,0,1,1,1,1,67,0,15,3,2013,6,6,43,1,1,1,I-59,,99998,31.61499722,-89.20549444,0,8,0,0,1,1,0,1,2,1,0,1,0,0000000,6,43,7,8,7,32,0,0,0,1,0
28,280089,1,1,0,0,0,3,3,1,1720,15,3,2013,6,23,22,0,16,6,ALDRICH ST,OLD D'DEVEREAUX ST,0,31.56017778,-91.39510833,0,30,0,0,1,1,0,4,2,1,0,1,0,0000000,23,45,1,5,1,29,0,0,0,1,1
28,280090,1,1,0,0,0,1,1,115,0,11,3,2013,2,12,20,1,2,3,SR-341,,99998,34.18928611,-89.07989444,0,32,0,0,1,1,0,5,1,1,0,1,0,0000000,99,99,99,99,88,88,0,0,0,1,0
28,280091,1,1,0,0,0,1,1,33,1830,12,3,2013,3,20,4,0,6,6,SANDIDGE ROAD WEST,LATHAM ROAD,0,34.92661111,-89.89243056,0,35,0,0,1,1,0,5,5,1,0,1,0,0000000,99,98,99,98,88,88,0,0,0,1,0
28,280092,1,1,0,0,0,1,1,87,540,9,3,2013,7,1,38,0,16,6,BLUECUTT ROAD,PARK CREEK DRIVE,0,33.53035556,-88.42117222,0,41,0,0,3,3,0,5,3,1,0,1,0,0000000,99,99,99,99,88,88,0,0,0,1,1
28,280093,1,1,0,0,0,3,3,43,0,16,3,2013,7,19,53,0,4,4,CR-GRAYSPORT CROSSING,,99998,33.77055833,-89.61725,0,30,0,0,1,1,0,4,2,1,0,1,0,0000000,20,2,20,16,20,45,0,0,0,1,1
28,280094,1,1,0,0,0,1,1,37,0,16,3,2013,7,20,59,1,12,2,US-84,,99998,31.469175,-90.86041111,0,1,0,0,1,1,0,6,2,1,0,1,0,0000000,99,98,99,98,88,88,0,0,0,1,0
28,280095,4,4,0,0,0,8,8,107,0,9,3,2013,7,14,32,1,2,2,US-51 SOUTH,,99998,34.2731,-89.93860278,0,12,1,0,1,1,0,1,1,1,0,1,0,0000000,14,32,14,38,15,10,0,0,0,1,0
28,280096,1,1,0,0,0,1,1,127,0,19,3,2013,3,21,15,0,4,3,SR-469,,99998,31.94459444,-90.060975,0,34,0,0,1,1,0,6,2,1,0,1,0,0000000,99,98,99,98,88,88,0,0,0,1,0
28,280097,1,1,0,1,1,2,2,23,0,19,3,2013,3,7,39,0,4,3,SR-513,CR-320,99998,32.17581667,-88.82121667,0,8,0,0,2,2,0,1,1,1,0,1,0,0000000,7,39,7,50,8,10,0,0,0,1,0
28,280098,1,1,0,1,1,1,1,49,1220,20,3,2013,4,16,0,0,16,6,NEATUM STREET,,0,32.33814722,-90.19430833,0,8,0,0,1,1,0,1,1,1,0,1,0,0000000,16,6,16,11,16,36,0,0,0,1,0
28,280099,1,1,0,0,0,2,2,109,0,21,3,2013,5,8,37,0,4,4,CR-BOUIE RD,,99998,30.60442778,-89.54941389,0,1,0,0,1,1,0,4,1,1,0,1,0,0000000,8,49,9,11,9,36,0,0,0,1,0
28,280100,2,2,0,0,0,3,3,109,0,23,3,2013,7,18,48,0,14,3,SR-43,,99998,30.56222222,-89.707725,0,12,6,0,1,1,0,1,2,2,10,2,0,0000000,19,0,19,33,20,11,0,0,0,1,1
28,280101,1,1,0,0,0,1,1,17,0,24,3,2013,1,5,46,0,4,3,SR-15,,99998,34.06661111,-89.00415278,0,32,0,0,1,1,0,4,2,2,0,2,0,0000000,5,46,6,2,88,88,0,0,0,1,0
28,280102,1,1,0,0,0,2,2,5,0,24,3,2013,1,9,48,0,4,3,SR-570,,99998,31.31627778,-90.65328333,0,35,0,0,1,1,0,6,1,10,0,10,0,0000000,10,2,10,22,10,49,0,0,0,1,1
28,280103,1,1,0,0,0,1,1,39,0,30,3,2013,7,2,29,0,4,3,SR-AGRICOLA LATONIA RD,CR-RED CREEK CHURCH RD,99998,30.85784722,-88.4751,0,35,0,0,3,3,0,4,2,5,0,5,0,0000000,99,98,99,98,88,88,0,0,0,1,1
28,280104,1,1,0,1,1,1,1,79,420,17,3,2013,1,4,27,1,2,3,SR-25,,0,32.76936667,-89.55471111,0,8,0,0,1,1,0,1,2,1,0,1,0,0000000,4,27,4,30,99,99,0,0,0,1,0
28,280105,1,1,0,0,0,1,1,67,0,30,3,2013,7,5,38,0,4,4,CR-GAIN SEALS RD,,99998,31.76687778,-89.25175,0,34,0,0,1,1,0,6,2,1,0,1,0,0000000,5,38,5,45,6,11,0,0,0,1,0
28,280106,1,1,0,0,0,1,1,135,0,17,3,2013,1,9,35,0,3,3,SR-32 W,,99998,33.97882222,-90.21941667,0,1,0,0,1,1,0,2,1,1,0,1,0,0000000,99,98,99,98,88,88,0,0,0,1,0
28,280107,1,1,0,0,0,1,1,35,0,17,3,2013,1,12,40,1,2,2,US-49,,99998,31.13540278,-89.22953889,0,1,0,0,1,1,0,5,1,1,0,1,0,0000000,12,40,13,10,13,25,0,0,0,1,0
28,280108,2,2,0,0,0,5,5,49,0,17,3,2013,1,14,50,1,1,1,I-20 E - EXIT 27 W,,99998,32.36092222,-90.46889444,0,12,7,0,1,1,0,1,1,1,0,1,0,0000000,14,50,15,9,15,22,0,0,0,1,0
28,280109,1,1,0,0,0,1,1,107,120,30,3,2013,7,8,4,1,2,3,SR-6 W,,99998,34.30856667,-89.96273889,0,59,0,0,1,1,0,4,2,2,0,2,0,0000000,8,4,8,7,88,88,0,0,0,1,0
28,280110,2,2,0,0,0,4,4,127,1510,31,3,2013,1,15,32,1,2,2,US-49 S,HWY-28 W,99998,31.86689444,-89.73853333,0,12,8,0,2,2,0,1,1,2,0,2,0,0000000,15,32,15,37,16,15,0,0,0,1,0
28,280111,1,1,0,0,0,1,1,45,0,31,3,2013,1,15,51,0,6,4,CR-HARBOR DRIVE N,,99998,30.3055,-89.42631111,0,34,0,0,1,1,0,5,1,1,0,1,0,0000000,99,98,99,98,88,88,0,0,0,1,1
28,280112,1,1,0,0,0,1,1,111,0,2,4,2013,3,17,45,0,6,4,CR-WHATLEY ROAD,,0,31.05343611,-89.07060833,0,1,0,0,1,1,0,5,1,1,0,1,0,0000000,17,52,99,99,88,88,0,0,0,1,1
28,280113,1,1,0,0,0,3,3,43,0,2,4,2013,3,16,37,1,1,1,I-55 N,,99998,33.69511389,-89.81692222,0,24,0,0,1,1,0,3,1,1,0,1,0,0000000,88,88,88,88,88,88,0,0,0,3,0
28,280114,1,1,0,0,0,1,1,107,0,2,4,2013,3,21,28,0,6,4,CR-EUREKA ROAD E,,99998,34.22948333,-89.83193611,0,42,0,0,1,1,0,6,2,1,0,1,0,0000000,99,98,99,98,88,88,0,0,0,1,1
28,280115,2,2,0,0,0,2,2,47,0,4,4,2013,5,16,51,0,6,4,CR-SAUCIER LIZANA RD,,0,30.58125833,-89.2146,0,12,2,0,1,1,0,1,1,10,0,10,0,0000000,16,51,17,3,99,99,0,0,0,1,0
28,280116,2,2,0,0,0,2,2,49,1220,1,4,2013,2,17,31,0,16,6,ROSE STREET,,0,32.30622222,-90.20131944,0,12,2,0,1,1,0,1,1,1,0,1,0,0000000,17,31,17,39,18,11,0,0,0,1,0
28,280117,2,2,0,0,0,2,2,105,0,5,4,2013,6,0,23,1,2,2,US-82,,99998,33.50328611,-88.998825,0,12,2,0,1,1,0,1,2,2,10,2,0,0000000,0,23,0,24,88,88,0,0,0,1,1
28,280118,1,1,0,0,0,1,1,61,0,5,4,2013,6,15,29,1,1,1,I-59,,0,31.90718056,-89.01566111,0,1,0,0,1,1,0,5,1,1,0,1,0,0000000,15,29,15,37,16,0,0,0,0,1,0
28,280119,1,1,0,1,1,2,2,81,0,2,3,2013,7,17,49,0,5,4,CR-GRAHAM DRIVE,,99998,34.221925,-88.76785,0,8,0,0,1,1,0,1,5,4,0,4,0,0000000,17,49,17,55,88,88,0,0,0,1,0
28,280120,1,1,0,0,0,2,2,141,0,3,1,2013,5,17,34,1,2,3,SR-25,SR-42,99998,34.54256111,-88.22195,0,1,0,0,3,3,0,4,2,1,0,1,0,0000000,17,30,17,34,17,52,0,0,0,1,0
28,280121,1,1,0,0,0,2,2,73,0,10,2,2013,1,3,51,0,5,4,CR-COALTOWN ROAD,,99998,31.16680278,-89.43103611,0,34,0,0,1,1,0,4,6,99,0,99,0,0000000,3,51,3,55,99,99,20,0,0,1,1
28,280122,1,1,0,1,1,1,1,61,0,23,2,2013,7,5,11,0,6,4,CR-23 SOUTH,,99998,31.95565833,-89.21086111,0,8,0,0,1,1,0,1,2,5,0,5,0,0000000,5,11,5,16,88,88,16,0,0,1,0
28,280123,2,2,0,0,0,4,4,163,0,30,3,2013,7,15,10,0,4,4,CR-OLD HWY 16 EAST,NIVENS ROAD SOUTH,99998,32.82772222,-90.27809722,0,12,6,0,2,3,0,1,1,2,0,2,0,0000000,15,10,15,17,15,36,0,0,0,1,0
28,280124,2,2,0,0,0,9,9,101,0,5,4,2013,6,15,30,0,2,3,SR-503 E,,99998,32.24500833,-89.14825833,0,12,8,0,1,1,0,1,1,1,0,1,1,0000000,15,49,16,0,88,88,99,99,99,1,0
28,280125,2,2,0,0,0,2,2,151,0,10,2,2013,1,12,11,0,5,4,CR-HORSE SHOE BAYOU ROAD NORTH,,99998,33.44404722,-91.00189167,0,12,2,0,1,1,0,1,1,2,0,2,0,0000000,12,11,12,15,88,88,0,0,0,1,1
28,280126,1,1,0,0,0,3,3,119,0,27,3,2013,4,15,26,0,5,4,CR-SABINO ROAD EAST,,99998,34.20622778,-90.29723889,0,1,0,0,1,1,0,5,1,1,0,1,0,0000000,15,26,15,30,15,52,0,0,0,2,0
28,280127,2,2,0,0,0,5,5,147,0,30,3,2013,7,12,35,0,6,4,CR-ENON SARTINVILLE RD,,99998,31.31673333,-90.21728889,0,12,6,0,1,1,0,1,1,10,0,10,0,0000000,12,35,12,51,13,22,0,0,0,1,0
28,280128,1,1,0,0,0,2,2,109,0,5,4,2013,6,23,10,1,1,1,I-59 SOUTH,,100,30.52364444,-89.66063611,0,42,0,0,1,1,0,5,2,1,0,1,0,0000000,23,15,23,34,0,4,0,0,0,1,1
28,280129,1,1,0,0,0,1,1,59,0,6,4,2013,7,22,42,0,5,4,CR-MCCLELLAN ROAD,COMSTOCK ROAD,99998,30.479475,-88.85543611,0,1,0,0,3,3,0,5,2,1,0,1,0,0000000,22,42,22,46,23,25,0,0,0,1,1
28,280130,1,1,0,0,0,1,1,57,0,6,4,2013,7,22,57,0,4,3,SR-HWY 371,,99998,34.41920556,-88.47516389,0,1,0,0,1,1,0,4,2,1,0,1,0,0000000,22,57,23,13,23,40,0,0,0,1,0
28,280131,1,1,0,0,0,1,1,85,0,7,4,2013,1,0,35,0,5,4,CR-NOLA ROAD,,99998,31.60348056,-90.28246111,0,34,0,0,1,1,0,5,2,1,0,1,0,0000000,99,98,99,98,88,88,0,0,0,1,1
28,280132,2,2,0,1,1,3,3,99,0,6,4,2013,7,19,48,0,5,3,SR-19 SOUTH,BIA241,99998,32.70728889,-89.05303889,0,8,0,0,2,2,0,1,2,1,0,1,0,0000000,88,88,88,88,88,88,16,0,0,1,0
28,280133,1,1,0,0,0,1,1,49,0,9,4,2013,3,17,21,0,5,4,CR-QUEENS HILL ROAD WEST,,99998,32.38897222,-90.52223056,0,1,0,0,1,1,0,1,1,1,0,1,0,0000000,99,98,99,98,88,88,0,0,0,1,0
28,280134,2,2,0,0,0,2,2,87,0,9,4,2013,3,16,52,0,2,3,SR-182,,99998,33.49519167,-88.42753889,0,1,0,0,1,1,0,1,1,1,0,1,0,0000000,88,88,88,88,88,88,0,0,0,1,1
28,280135,1,1,0,0,0,1,1,59,0,9,4,2013,3,23,34,0,4,3,SR-57,,99998,30.50648611,-88.70314444,0,34,0,0,1,1,0,5,3,1,0,1,0,0000000,23,0,23,24,23,53,0,0,0,1,0
28,280136,2,2,0,0,0,3,3,33,1090,9,4,2013,3,11,30,1,1,1,I-55 NORTH,,99998,34.90768333,-89.99088056,0,12,8,0,1,1,0,1,1,1,0,1,0,0000000,11,30,11,37,99,99,0,0,0,1,0
28,280137,2,2,0,0,0,2,2,141,0,11,4,2013,5,10,6,1,1,3,SR-25,,99998,34.90904444,-88.24538611,0,12,8,0,1,1,0,1,1,2,10,2,0,0000000,10,0,10,6,10,44,0,0,0,1,0
28,280138,2,1,1,0,0,1,1,93,370,11,4,2013,5,10,40,0,3,2,US-78 EAST,,99998,34.85582222,-89.69325,0,14,0,0,1,1,0,2,1,2,10,2,0,0000000,10,40,10,41,88,88,0,0,0,1,0
28,280139,1,1,0,0,0,2,2,115,0,11,4,2013,5,11,25,0,4,3,SR-9 NORTH,,99998,34.320625,-88.94966667,0,35,0,0,1,1,0,6,1,2,0,2,0,0000000,11,25,11,40,11,47,0,0,0,1,0
28,280140,2,2,0,0,0,3,3,151,0,12,4,2013,6,10,15,1,2,2,US-61 NORTH,AIRPORT ROAD,99998,33.18387778,-90.8398,0,12,6,0,2,3,0,1,1,1,0,1,0,0000000,10,15,10,27,10,43,0,0,0,1,0
28,280141,1,1,0,0,0,1,1,161,0,12,4,2013,6,22,47,0,4,3,SR-7,,99998,33.87768889,-89.81737222,0,42,0,0,1,1,0,6,2,1,0,1,0,0000000,22,47,99,98,88,88,0,0,0,1,1
28,280142,2,2,0,0,0,2,2,67,0,17,4,2013,4,21,42,1,2,2,US-84,,99998,31.69021111,-89.11821944,0,12,2,0,1,1,0,1,2,1,0,1,0,0000000,22,38,23,22,23,59,0,0,0,1,1
28,280143,1,1,0,0,0,1,1,109,0,12,4,2013,6,22,45,0,5,4,CR-BURNT BRIDGE ROAD,,99998,30.56068333,-89.75241111,0,35,0,0,1,1,0,4,2,1,0,1,0,0000000,99,99,99,99,88,88,0,0,0,1,1
28,280144,2,2,0,0,0,3,3,87,0,13,4,2013,7,7,50,1,2,2,US-45A NORTH,,99998,33.49652778,-88.65844444,0,12,1,0,1,1,0,1,1,1,0,1,0,0000000,7,50,7,58,8,16,0,0,0,1,0
28,280145,2,2,0,0,0,3,3,1,0,13,4,2013,7,19,23,1,2,2,US-84,,99998,31.55798056,-91.23590833,0,12,1,0,1,1,0,1,1,1,0,1,0,0000000,19,23,20,20,20,45,0,0,0,1,1
28,280146,1,1,0,0,0,2,2,81,0,14,4,2013,1,4,40,0,6,4,CR-461,,99998,34.33088611,-88.74630556,0,42,0,0,1,1,0,4,2,1,0,1,0,0000000,4,40,4,55,88,88,0,0,0,2,1
28,280147,2,2,0,0,0,5,5,1,0,16,4,2013,3,15,13,1,2,2,US-61N,DOUGLAS ROAD,99998,31.63578889,-91.20629167,0,12,2,0,2,2,0,1,1,1,0,1,0,0000000,15,13,15,15,15,25,0,0,0,2,1
28,280148,1,1,0,0,0,1,1,147,0,18,4,2013,5,4,20,0,5,4,CR-LES HAMMOND SOUTH,,99998,31.15841389,-90.04415833,0,42,0,0,1,1,0,4,2,1,0,1,0,0000000,99,98,99,98,88,88,0,0,0,1,0
28,280149,2,2,0,0,0,4,4,87,0,18,4,2013,5,19,0,1,2,2,US-82 E,,99998,33.48091944,-88.59283889,0,12,1,0,1,1,0,1,1,1,0,1,0,0000000,19,0,19,7,19,13,0,0,0,2,0
28,280150,2,2,0,0,0,2,2,93,0,20,4,2013,7,18,15,1,2,2,US-72 WEST,JORDAN ROAD,500,34.95417222,-89.48596667,0,12,1,0,3,3,0,1,1,1,0,1,0,0000000,88,88,88,88,88,88,0,0,0,1,0
28,280151,1,1,0,0,0,1,1,51,0,20,4,2013,7,21,42,0,3,3,SR-17,,99998,32.90865833,-89.95988333,0,34,0,0,1,1,0,6,2,1,0,1,0,0000000,99,98,99,98,88,88,0,0,0,1,0
28,280152,2,2,0,0,0,2,2,49,0,22,4,2013,2,1,9,1,1,1,I-20 EAST,,99998,32.36084167,-90.46767778,0,12,1,0,1,1,0,1,2,1,0,1,0,0000000,88,88,88,88,88,88,0,0,0,1,0
28,280153,1,1,0,0,0,1,1,145,0,23,4,2013,3,1,2,0,3,3,SR-348,,99998,34.47386667,-88.93936111,0,35,0,0,1,1,0,6,2,1,0,1,0,0000000,1,2,99,99,99,99,0,0,0,1,0
28,280154,1,1,0,0,0,1,1,137,0,24,4,2013,4,2,42,0,4,3,SR-3 NORTH,,99998,34.60127778,-90.20780556,0,35,0,0,1,1,0,6,2,2,0,2,0,0000000,2,42,3,16,88,88,0,0,0,1,0
28,280155,1,1,0,0,0,3,3,75,0,25,4,2013,5,7,27,0,5,4,CR-ZERO ROAD,,99998,32.28031111,-88.65877222,0,43,0,0,1,1,0,4,1,10,0,10,0,0000000,7,27,7,38,7,52,0,0,0,1,0
28,280156,1,1,0,0,0,4,4,83,0,25,4,2013,5,20,21,1,2,2,US-82,,99998,33.52664167,-90.29403611,0,32,0,0,1,1,0,6,2,1,0,1,0,0000000,20,21,20,46,21,13,0,0,0,1,0
28,280157,1,1,0,0,0,1,1,135,0,26,4,2013,6,6,55,0,3,3,SR-8,,99998,33.74894722,-90.28255,0,1,0,0,1,1,0,1,1,1,0,1,0,0000000,99,98,99,98,88,88,0,0,0,1,0
28,280158,1,1,0,0,0,1,1,45,0,26,4,2013,6,21,8,1,1,1,I-10 EAST,,172,30.37235833,-89.37690278,0,21,0,1,19,1,0,4,2,1,0,1,0,0000000,99,98,99,98,88,88,0,0,0,1,0
28,280159,2,2,0,0,0,5,5,133,0,26,4,2013,6,21,30,1,2,2,US-49 WEST,,99998,33.59441944,-90.522525,0,12,6,0,1,1,0,1,2,1,0,1,0,0000000,88,88,88,88,88,88,0,0,0,4,0
28,280160,1,1,0,0,0,6,6,93,0,27,4,2013,7,10,2,1,2,2,US-78,,99998,34.82368333,-89.55952778,0,1,0,0,1,1,0,5,1,2,0,2,0,0000000,10,2,10,19,10,47,0,0,0,1,0
28,280161,1,1,0,0,0,2,2,115,0,29,4,2013,2,16,30,0,5,3,SR-178,,99998,34.37796389,-88.87158333,0,42,0,0,1,1,0,6,1,1,0,1,0,0000000,16,30,16,46,17,12,0,0,0,1,0
28,280162,1,1,0,0,0,1,1,93,0,30,4,2013,3,10,9,0,6,4,CR-WATSON ROAD,,99998,34.78722222,-89.68869444,0,42,0,0,1,1,0,4,1,1,0,1,0,0000000,88,88,88,88,88,88,0,0,0,1,0
28,280163,2,2,0,0,0,3,3,71,0,1,5,2013,4,20,40,0,5,4,CR-WEST WELLSGATE DRIVE,,99998,34.36253611,-89.59906111,0,12,1,0,1,1,0,1,2,1,0,1,0,0000000,20,40,20,45,21,13,0,0,0,1,0
28,280164,1,1,0,1,1,1,1,75,0,1,5,2013,4,23,15,1,2,2,US-45,,99998,32.57374444,-88.50287778,0,8,0,0,1,1,0,1,2,2,0,2,0,0000000,88,88,88,88,88,88,0,0,0,1,0
28,280165,1,1,0,0,0,1,1,11,0,3,5,2013,6,0,27,0,2,3,SR-8,,99998,33.84132778,-91.00584444,0,34,0,0,1,1,0,4,3,2,0,2,0,0000000,99,98,99,98,88,88,0,0,0,1,1
28,280166,2,2,0,0,0,5,5,31,0,3,5,2013,6,10,28,1,2,2,US-84 EAST,35,99998,31.63914167,-89.740975,0,12,6,0,2,2,0,1,1,2,0,2,0,0000000,10,16,10,18,10,28,0,0,0,1,0
28,280167,1,1,0,0,0,2,2,153,0,5,5,2013,1,2,50,0,6,4,CR-PLEASANT GROVE STRENGTH,,99998,31.62931111,-88.89556111,0,42,0,0,1,1,0,4,2,10,0,10,0,0000000,2,50,3,5,99,99,0,0,0,1,1
28,280168,1,1,0,0,0,1,1,19,0,5,5,2013,1,16,14,0,4,2,US-9 NORTH,,99998,33.37373611,-89.19728333,0,1,0,0,1,1,0,1,1,1,0,1,0,0000000,99,98,99,98,88,88,0,0,0,1,0
28,280169,2,2,0,0,0,3,3,79,0,9,5,2013,5,16,34,0,4,3,SR-43,,99998,32.86936389,-89.6645,0,12,2,0,1,1,0,1,1,1,0,1,0,0000000,16,34,16,51,99,99,0,0,0,1,0
28,280170,1,1,0,0,0,4,4,7,0,21,2,2013,5,17,51,0,4,3,SR-19,,99998,33.00731944,-89.40537222,0,42,0,0,1,1,0,6,2,2,10,2,0,0000000,17,51,18,31,99,99,0,0,0,1,0
28,280171,1,1,0,1,1,1,1,49,1220,28,4,2013,1,18,28,0,13,6,CS-WOODROW WILSON BLVD,,99998,32.32656667,-90.16606389,0,8,0,0,1,1,0,1,1,1,0,1,0,0000000,18,28,18,35,99,99,0,0,0,1,0
28,280172,2,2,0,0,0,2,2,59,0,9,5,2013,5,19,23,0,6,4,CR-LEMOYNE BLVD,,99998,30.44328333,-88.84334722,0,12,6,0,1,1,0,1,5,1,0,1,0,0000000,19,23,19,25,99,99,0,0,0,1,1