STATE,ST_CASE,VE_TOTAL,VE_FORMS,PVH_INVL,PEDS,PERNOTMVIT,PERMVIT,PERSONS,COUNTY,CITY,DAY,MONTH,YEAR,DAY_WEEK,HOUR,MINUTE,NHS,ROAD_FNC,ROUTE,TWAY_ID,TWAY_ID2,MILEPT,LATITUDE,LONGITUD,SP_JUR,HARM_EV,MAN_COLL,RELJCT1,RELJCT2,TYP_INT,WRK_ZONE,REL_ROAD,LGT_COND,WEATHER1,WEATHER2,WEATHER,SCH_BUS,RAIL,NOT_HOUR,NOT_MIN,ARR_HOUR,ARR_MIN,HOSP_HR,HOSP_MN,CF1,CF2,CF3,FATALS,DRUNK_DR
28,280173,1,1,0,0,0,3,3,11,480,11,5,2013,7,23,55,0,16,6,CS-S CHRISMAN,,99998,33.72014167,-90.7194,0,38,0,0,1,1,0,6,3,1,0,1,0,0000000,23,55,23,58,99,99,0,0,0,1,1
28,280174,1,1,0,0,0,1,1,85,320,12,5,2013,1,6,10,0,14,6,CS-E CONGRESS STREET,,99998,31.58020833,-90.43458333,0,42,0,0,1,1,0,4,1,1,0,1,0,0000000,6,10,6,12,99,99,0,0,0,1,1
28,280175,2,2,0,0,0,3,3,137,0,13,5,2013,2,16,15,0,4,3,SR-4,NORTH CROCKETT ROAD,99998,34.61947778,-90.08319722,0,12,6,0,2,3,0,1,1,1,0,1,0,0000000,16,16,16,28,99,99,0,0,0,1,0
28,280176,1,1,0,0,0,1,1,133,0,14,5,2013,3,0,0,0,4,3,SR-3,,99998,33.38825278,-90.58725833,0,43,0,0,1,1,0,6,2,1,0,1,0,0000000,99,98,99,98,88,88,0,0,0,1,1
28,280177,1,1,0,0,0,2,2,29,0,14,5,2013,3,19,47,0,9,4,CR-SIX MILE ROAD,,99998,31.97653333,-90.33367778,0,35,0,0,1,1,1,6,1,1,0,1,0,0000000,19,47,19,55,99,99,0,0,0,1,0
28,280178,3,3,0,0,0,5,5,17,0,15,5,2013,4,23,30,1,2,2,US-45,CR-406,99998,33.89852222,-88.72975556,0,12,6,0,2,2,0,1,2,1,0,1,0,0000000,23,30,23,55,99,99,0,0,0,1,0
28,280179,1,1,0,0,0,2,2,151,0,17,5,2013,6,2,0,1,13,2,US-61 SOUTH,,99998,33.52489722,-90.82478056,0,42,0,0,1,1,0,4,3,2,0,2,0,0000000,2,17,2,35,99,99,0,0,0,1,0
28,280180,5,5,0,0,0,10,10,59,1900,17,5,2013,6,14,59,1,2,2,US-90,CHICOT ROAD,99998,30.37922222,-88.52531667,0,12,6,0,2,2,0,1,1,1,0,1,0,0000000,14,53,14,57,99,99,0,0,0,1,0
28,280181,2,2,0,0,0,2,2,83,0,21,5,2013,3,10,55,1,2,2,US-82,,99998,33.51012222,-90.11442222,0,12,1,0,1,1,0,1,1,1,0,1,0,0000000,88,88,88,88,88,88,0,0,0,1,0
28,280182,1,1,0,0,0,1,1,151,990,23,5,2013,5,15,2,0,16,5,LAKE FRONT ROAD,,99998,33.45338333,-91.00294444,0,35,0,0,1,1,0,6,1,1,0,1,0,0000000,15,2,15,4,99,99,0,0,0,1,0
28,280183,2,2,0,0,0,2,2,107,0,23,5,2013,5,22,0,0,4,2,US-51,,99998,34.39336389,-89.92794167,0,12,6,0,8,1,0,1,2,1,0,1,0,0000000,22,6,22,22,99,99,0,0,0,1,1
28,280184,1,1,0,0,0,1,1,97,0,24,5,2013,6,3,5,0,4,3,SR-404,,99998,33.63429167,-89.70305278,0,34,0,0,1,1,0,4,2,1,0,1,0,0000000,3,5,3,30,88,88,0,0,0,1,0
28,280185,2,2,0,0,0,2,2,73,0,25,5,2013,7,2,28,1,1,1,I-59,,99998,31.13891667,-89.36908889,0,12,1,0,1,1,0,1,2,1,0,1,0,0000000,2,28,2,48,99,99,0,0,0,1,1
28,280186,1,1,0,0,0,1,1,71,1860,25,5,2013,7,19,0,0,4,3,SR-7 NORTH,,99998,34.37022222,-89.502425,0,34,0,1,5,1,0,5,1,1,0,1,0,0000000,99,98,99,98,88,88,0,0,0,1,0
28,280187,1,1,0,0,0,3,3,39,0,26,5,2013,1,0,4,0,2,3,SR-613,,99998,30.84782222,-88.53831111,0,42,0,0,1,1,0,6,2,1,0,1,0,0000000,0,4,0,24,99,99,0,0,0,1,1
28,280188,1,1,0,0,0,1,1,73,0,26,5,2013,1,6,14,0,5,4,CR-ROCKY BRANCH ROAD,,99998,31.40491111,-89.55930833,0,34,0,0,1,1,0,4,4,1,0,1,0,0000000,6,14,6,27,88,88,0,0,0,1,1
28,280189,1,1,0,0,0,1,1,119,0,26,5,2013,1,19,27,0,2,3,SR-322,,99998,34.20425556,-90.24374722,0,34,0,0,1,1,0,4,1,1,0,1,0,0000000,99,98,99,98,88,88,0,0,0,1,1
28,280190,1,1,0,1,1,1,1,47,0,29,5,2013,4,0,32,0,6,4,CR-WOLF RIVER ROAD,,99998,30.44646389,-89.21461111,0,8,0,0,1,1,0,1,2,1,0,1,0,0000000,88,88,88,88,88,88,0,0,0,1,0
28,280191,1,1,0,0,0,1,1,43,0,29,5,2013,4,7,3,1,2,3,SR-8,,99998,33.76063333,-89.57621389,0,24,0,0,1,1,0,5,1,1,0,1,0,0000000,99,98,99,98,88,88,0,0,0,1,0
28,280192,2,2,0,0,0,3,3,81,0,29,5,2013,4,18,34,0,5,4,CR-811,,99998,34.31515833,-88.68480833,0,12,2,0,1,1,0,1,1,1,0,1,0,0000000,18,34,18,40,99,99,0,0,0,1,1
28,280193,1,1,0,0,0,1,1,7,0,2,6,2013,1,18,2,0,2,3,SR-14,,99998,33.04047778,-89.382125,0,42,0,0,1,1,0,4,1,10,0,10,0,0000000,99,98,99,98,88,88,0,0,0,1,1
28,280194,1,1,0,0,0,1,1,115,0,3,6,2013,2,0,20,0,6,4,CR-BRAY ROAD,SR-336,99998,34.2956,-89.15400556,0,1,0,0,3,3,0,5,2,1,0,1,0,0000000,99,98,99,98,88,88,0,0,0,1,0
28,280195,2,2,0,0,0,5,5,23,0,3,6,2013,2,7,9,1,2,2,US-45,280,99998,31.96853333,-88.72746111,0,12,6,0,2,2,0,1,1,1,0,1,0,0000000,7,9,7,48,99,99,0,0,0,2,0
28,280196,2,2,0,0,0,2,2,149,0,3,6,2013,2,7,29,1,2,2,US-61 NORTH,OAKRIDGE ROAD,99998,32.386825,-90.82708056,0,12,6,0,2,2,0,1,1,1,0,1,0,0000000,88,88,88,88,88,88,0,0,0,1,0
28,280197,1,1,0,0,0,1,1,109,0,3,6,2013,2,16,20,1,2,3,SR-43,,99998,30.8895,-89.73323333,0,1,0,0,1,1,0,5,1,1,0,1,0,0000000,99,98,99,98,88,88,0,0,0,1,0
28,280198,1,1,0,0,0,1,1,149,0,5,6,2013,4,16,34,0,6,4,CR-TUCKER ROAD,,99998,32.36858056,-90.73490278,0,1,0,0,1,1,0,5,1,1,0,1,0,0000000,88,88,88,88,88,88,0,0,0,1,0
28,280199,2,2,0,0,0,4,4,149,0,6,6,2013,5,18,59,0,4,4,CR-FISHER FERRY RD,,99998,32.28453333,-90.86771667,0,12,6,0,1,1,0,1,1,1,0,1,0,0000000,88,88,88,88,88,88,0,0,0,2,1
28,280200,1,1,0,0,0,1,1,43,0,7,6,2013,6,6,56,0,6,4,CR-MURFF DRIVE,,99998,33.69979722,-89.76103056,0,42,0,0,1,1,0,5,1,1,0,1,0,0000000,6,56,7,5,99,99,0,0,0,1,0
28,280201,3,3,0,0,0,4,4,145,1740,12,3,2013,3,14,3,0,4,3,SR-30,NEW ALBANY,99998,34.49796389,-89.02974167,0,12,1,0,2,2,0,1,1,1,0,1,0,0000000,14,3,14,5,99,99,0,0,0,1,0
28,280202,2,2,0,0,0,3,3,71,0,7,4,2013,1,12,15,0,4,2,US-278/SR-6,SR-423,99998,34.31641111,-89.34885556,0,12,6,0,3,2,0,1,1,1,0,1,0,0000000,12,15,12,15,99,99,0,0,0,1,0
28,280203,2,2,0,0,0,5,5,135,0,7,6,2013,6,21,50,1,2,2,US-49 EAST,RAILROAD AVENUE,99998,33.96104722,-90.36896111,0,12,6,0,2,3,0,1,2,1,0,1,0,0000000,21,21,22,3,99,99,0,0,0,1,0
28,280204,1,1,0,0,0,1,1,107,0,1,3,2013,6,14,25,0,4,3,SR-310 WEST,,99998,34.51135,-89.77553056,0,42,0,0,1,1,0,6,1,1,0,1,0,0000000,14,25,14,50,99,99,0,0,0,1,0
28,280205,2,2,0,0,0,3,3,33,1145,12,3,2013,3,21,29,1,2,3,SR-302,DUNBARTON DRIVE,99998,34.96261667,-90.05428889,0,12,6,0,2,2,0,1,2,1,0,1,0,0000000,21,29,21,29,99,99,0,0,0,1,0
28,280206,2,2,0,0,0,3,3,33,1830,8,6,2013,7,15,20,0,16,6,ALEXANDER DRIVE,FOX RUN DRIVE,0,34.96624167,-89.81252222,0,12,2,0,2,2,0,1,1,1,0,1,0,0000000,15,20,15,20,99,99,0,0,0,1,0
28,280207,2,2,0,0,0,4,4,11,0,12,6,2013,4,17,11,0,4,3,SR- 161,,99998,33.91633889,-90.75426667,0,59,0,0,1,1,0,4,1,1,0,1,0,0000000,17,11,17,19,99,99,0,0,0,1,1
28,280208,1,1,0,0,0,1,1,113,0,13,6,2013,5,18,48,0,6,4,CR-RAYBORN ROAD,,0,31.31841944,-90.27777778,0,1,0,0,1,1,0,5,1,1,0,1,0,0000000,99,98,99,98,88,88,0,0,0,1,0
28,280209,1,1,0,0,0,2,2,81,2610,13,6,2013,5,20,17,0,16,6,CLIFF GOOKIN,,0,34.22416111,-88.74286944,0,30,0,0,1,1,0,5,1,1,0,1,0,0000000,20,17,20,21,99,99,0,0,0,1,1
28,280210,1,1,0,0,0,1,1,77,0,14,6,2013,6,21,55,0,2,3,SR-43,,99998,31.47505556,-89.98039167,0,1,0,0,1,1,0,5,2,1,0,1,0,0000000,22,14,22,52,88,88,0,0,0,1,0
28,280211,2,2,0,0,0,2,2,89,1500,14,6,2013,6,7,49,1,1,1,I-55 SOUTH,,99998,32.47159167,-90.13372222,0,12,1,0,1,1,0,1,1,1,0,1,0,0000000,7,50,7,53,99,99,0,0,0,1,0
28,280212,2,2,0,0,0,2,2,155,0,15,6,2013,7,7,20,1,2,2,US-82,,99998,33.54821667,-89.20160833,0,12,1,0,1,1,0,1,1,1,0,1,0,0000000,7,20,7,22,99,99,0,0,0,1,0
28,280213,6,6,0,0,0,10,10,149,0,15,6,2013,7,16,27,1,1,1,I-20 WEST,,99998,32.35629722,-90.728,0,12,1,0,1,1,0,1,1,1,0,1,0,0000000,16,27,16,29,99,99,19,27,0,2,0
28,280214,1,1,0,0,0,1,1,33,2422,16,6,2013,1,19,45,0,16,6,STEFFANI DRIVE,KELSEY CREEK DRIVE,0,34.94169167,-89.98871389,0,33,0,0,3,5,0,4,5,1,0,1,0,0000000,19,45,19,47,99,99,0,0,0,1,0
28,280216,2,2,0,0,0,4,4,97,0,20,6,2013,5,21,46,1,2,2,US-82 EAST,,99998,33.45293611,-89.42326111,0,12,7,0,1,1,0,1,2,1,0,1,0,0000000,21,46,22,1,99,99,0,0,0,1,1
28,280217,1,1,0,0,0,5,5,81,0,22,6,2013,7,16,8,1,2,2,US-45,,99998,34.15833611,-88.70278056,0,24,0,0,1,1,0,3,1,1,0,1,0,0000000,16,8,16,13,99,99,0,0,0,2,0
28,280218,1,1,0,0,0,1,1,23,0,25,6,2013,3,22,0,1,1,1,I-59 SOUTH,,99998,32.20290278,-88.84349722,0,24,0,0,1,1,0,6,2,1,0,1,0,0000000,99,98,99,98,88,88,0,0,0,1,0
28,280219,2,2,0,0,0,2,2,39,0,27,6,2013,5,14,45,1,2,3,SR-63 SOUTH,,99998,30.82652222,-88.59805556,0,12,1,0,1,1,0,1,1,1,0,1,0,0000000,14,34,14,45,99,99,0,0,0,1,0
28,280220,1,1,0,0,0,2,2,93,0,28,6,2013,6,20,37,1,2,2,US-78,,99998,34.68249444,-89.37075556,0,35,0,0,1,1,0,6,2,1,0,1,0,0000000,20,37,20,45,99,99,0,0,0,1,0
28,280221,1,1,0,0,0,1,1,49,1220,29,6,2013,7,9,20,1,1,1,I-220,,99998,32.35639722,-90.23973889,0,35,0,0,1,1,0,6,1,1,0,1,0,0000000,99,98,99,98,88,88,0,0,0,1,0
28,280222,2,2,0,0,0,2,2,33,2422,29,6,2013,7,19,51,0,16,6,STATELINE ROAD,,0,34.99183056,-90.01043333,0,12,6,0,8,1,0,1,5,1,0,1,0,0000000,19,51,21,0,99,99,0,0,0,1,0
28,280223,1,1,0,0,0,1,1,3,560,30,6,2013,1,0,0,0,16,6,NORTH SHILOH ROAD,,0,34.95688056,-88.49106389,0,33,0,0,1,1,0,4,3,1,0,1,0,0000000,99,98,99,98,88,88,0,0,0,1,1
28,280224,1,1,0,0,0,1,1,43,0,30,6,2013,1,2,2,0,6,4,CR-GREENBORRA ROAD,,99998,33.73867222,-89.67577778,0,11,0,0,1,1,0,1,2,1,0,1,0,0000000,2,10,2,33,88,88,0,0,0,1,1
28,280225,2,2,0,0,0,2,2,153,0,1,7,2013,2,21,20,1,2,2,US-84,RESERVOIR ROAD,99998,31.68246389,-88.69329167,0,12,6,0,3,2,0,1,3,1,0,1,0,0000000,21,20,21,32,99,99,0,0,0,1,0
28,280226,1,1,0,0,0,2,2,115,0,2,7,2013,3,7,51,0,2,3,SR-342,,99998,34.20599722,-88.95247778,0,1,0,0,1,1,0,4,1,1,0,1,0,0000000,7,51,7,57,99,99,0,0,0,1,0
28,280227,2,2,0,0,0,2,2,17,0,3,7,2013,4,15,1,1,2,2,US-45,,0,33.89633056,-88.7292,0,12,1,0,1,1,0,1,1,1,0,1,0,0000000,88,88,88,88,88,88,0,0,0,1,0
28,280228,2,2,0,0,0,5,5,11,0,4,7,2013,5,10,25,1,2,2,US-61,,99998,33.83190278,-90.73118056,0,12,2,0,1,1,0,1,1,1,0,1,0,0000000,10,25,10,48,99,99,0,0,0,2,0
28,280229,2,2,0,0,0,3,3,85,0,5,7,2013,6,15,36,0,6,4,CR-MALLALIEU DRIVE,,99998,31.50992778,-90.36653333,0,12,2,0,1,1,0,1,1,2,10,2,0,0000000,15,36,15,54,99,99,0,0,0,1,0
28,280230,1,1,0,1,1,1,1,45,0,5,7,2013,6,22,8,1,1,1,I-10 EAST,,20,30.32747778,-89.55803611,0,8,0,0,1,1,0,1,2,10,0,10,0,0000000,88,88,88,88,88,88,0,0,0,1,0
28,280231,1,1,0,0,0,1,1,117,0,6,7,2013,7,6,5,0,6,4,CR-5031,CR-5020,0,34.59595,-88.57996389,0,34,0,0,3,3,0,4,1,2,0,2,0,0000000,99,98,99,98,88,88,0,0,0,1,1
28,280232,1,1,0,0,0,1,1,41,0,6,7,2013,7,23,0,1,2,3,SR-63,LOVEWELL ROAD,99998,31.39416389,-88.74467778,0,42,0,0,3,3,0,5,2,2,0,2,0,0000000,99,98,99,98,88,88,0,0,0,1,0
28,280233,2,2,0,0,0,2,2,101,0,6,7,2013,7,20,45,0,2,3,SR-492,EVANS TABERNACLE ROAD,99998,32.54613056,-89.22021389,0,12,6,0,2,3,0,1,2,10,0,10,0,0000000,20,45,21,0,99,99,0,0,0,1,0
28,280234,1,1,0,0,0,4,4,47,1380,7,7,2013,1,1,47,1,2,2,US-90 W,,99998,30.35257222,-89.13156111,0,42,0,0,1,1,0,5,2,10,0,10,0,0000000,1,47,1,49,99,99,0,0,0,2,1
28,280235,1,1,0,0,0,1,1,107,0,7,7,2013,1,15,23,0,6,4,CR-ROBINSON,,0,34.50978889,-89.94141111,0,34,0,0,1,1,0,5,1,1,0,1,0,0000000,99,98,99,98,88,88,0,0,0,1,0
28,280236,2,2,0,0,0,5,5,9,0,8,7,2013,2,13,14,1,2,2,US-72,US-7,99998,34.94654167,-89.29724444,0,12,6,1,2,2,0,1,1,1,0,1,0,0000000,13,14,13,37,99,99,0,0,0,1,0
28,280237,1,1,0,0,0,1,1,77,0,10,7,2013,4,19,19,0,6,4,CR-CARMEL NEW HOPE ROAD,,99998,31.52955833,-90.15083333,0,42,0,0,1,1,0,4,1,1,0,1,0,0000000,19,19,19,20,99,99,0,0,0,1,0
28,280238,3,3,0,0,0,6,6,133,0,9,7,2013,3,14,1,0,2,3,SR-8,,99998,33.73153889,-90.55627222,0,12,8,0,1,1,0,1,1,1,0,1,0,0000000,14,1,14,10,99,99,0,0,0,1,0
28,280239,1,1,0,0,0,1,1,81,0,12,7,2013,6,17,50,0,4,3,SR-178,,0,34.26638889,-88.58383056,0,59,0,0,1,1,0,5,1,1,0,1,0,0000000,17,50,17,56,99,99,0,0,0,1,0
28,280240,1,1,0,0,0,3,3,137,0,13,7,2013,7,2,20,1,1,1,I-55 NORTH,,2710,34.70317778,-89.96473333,0,34,0,0,1,1,0,4,2,1,0,1,0,0000000,2,20,2,49,99,99,0,0,0,1,0
28,280241,2,2,0,0,0,3,3,75,1590,13,7,2013,7,15,7,0,2,3,SR-19,,99998,32.34911944,-88.73514722,0,12,2,0,1,1,0,1,1,1,0,1,0,0000000,15,7,15,10,99,99,0,0,0,1,1
28,280242,1,1,0,1,1,1,1,93,370,14,7,2013,1,1,8,1,2,2,US-78,,99998,34.856125,-89.69281111,0,8,0,0,1,1,0,1,2,1,0,1,0,0000000,88,88,88,88,88,88,16,0,0,1,0
28,280243,1,1,0,0,0,1,1,31,0,20,7,2013,7,2,55,1,2,2,US-84,,99998,31.63914167,-89.688825,0,19,0,0,1,1,0,4,2,1,0,1,0,0000000,2,55,2,59,99,99,0,0,0,1,1
28,280244,1,1,0,1,1,1,1,49,1220,20,7,2013,7,13,45,1,1,1,I-55,,0,32.3568,-90.15168056,0,8,0,0,1,1,0,1,1,1,0,1,0,0000000,13,45,13,47,99,99,0,0,0,1,0
28,280245,1,1,0,0,0,1,1,139,0,20,7,2013,7,19,0,0,6,4,CR-744,,99998,34.62397778,-88.90081944,0,1,0,0,1,1,0,5,1,1,0,1,0,0000000,99,98,99,98,88,88,0,0,0,1,0
28,280246,1,1,0,0,0,1,1,11,0,20,7,2013,7,22,38,1,2,2,US-61,,99998,33.82251389,-90.72287222,0,1,0,0,1,1,0,1,2,1,0,1,0,0000000,99,98,99,98,88,88,0,0,0,1,1
28,280247,2,2,0,0,0,3,3,121,870,23,7,2013,3,13,39,1,2,2,US-49,,0,32.17089444,-90.13178889,0,12,6,0,1,1,0,1,1,1,0,1,0,0000000,88,88,88,88,88,88,0,0,0,2,0
28,280248,2,2,0,0,0,2,2,107,0,25,7,2013,5,9,4,0,4,2,US-278/SR-6,GOODHOPE ROAD,99998,34.31921667,-89.85988889,0,12,6,0,2,2,0,1,1,1,0,1,0,0000000,88,88,88,88,88,88,0,0,0,1,0
28,280249,4,4,0,0,0,5,5,43,1010,26,7,2013,6,8,43,0,16,6,LAKEVIEW DRIVE,VANCE ROAD,99998,33.76944722,-89.79564444,0,12,6,0,2,2,0,1,1,1,0,1,0,0000000,8,43,99,99,99,99,14,0,0,1,0
28,280250,1,1,0,0,0,1,1,13,0,27,7,2013,7,18,45,0,2,3,SR-9W,,99998,34.05769167,-89.37896111,0,42,0,0,1,1,0,4,1,1,0,1,0,0000000,99,98,99,98,88,88,0,0,0,1,0
28,280251,2,2,0,0,0,2,2,123,0,28,7,2013,1,0,20,1,1,1,I-20 EAST,,0,32.33611111,-89.48252222,0,12,2,0,1,1,0,1,2,10,0,10,0,0000000,0,20,99,99,99,99,0,0,0,2,0
28,280252,2,2,0,0,0,2,2,87,0,28,7,2013,1,16,32,1,2,2,US-45,TARLTON ROAD,99998,33.30538889,-88.550625,0,12,6,0,2,2,0,1,1,1,0,1,0,0000000,16,32,16,40,99,99,0,0,0,1,0
28,280253,1,1,0,0,0,1,1,141,0,28,7,2013,1,5,30,0,3,4,CR-69,,99998,34.47685556,-88.18841667,0,38,0,0,1,1,0,6,2,1,0,1,0,0000000,99,98,99,98,88,88,0,0,0,1,1
28,280254,2,2,0,0,0,2,2,33,0,28,7,2013,1,15,30,1,2,3,SR-302,,99998,34.961075,-89.79232778,0,12,1,0,1,1,0,1,1,1,0,1,0,0000000,15,30,15,53,99,99,0,0,0,1,0
28,280255,2,2,0,0,0,2,2,137,2290,30,7,2013,3,11,12,0,16,6,WEST MAIN STREET,WEST STREET,0,34.61705833,-89.97010278,0,12,6,0,2,3,0,1,1,1,0,1,0,0000000,88,88,88,88,88,88,0,0,0,1,0
28,280256,1,1,0,0,0,1,1,107,0,30,7,2013,3,22,0,1,1,1,I-55,,99998,34.43433056,-89.89855278,0,35,0,0,1,1,0,5,2,10,0,10,0,0000000,99,98,99,98,88,88,0,0,0,1,0
28,280257,1,1,0,0,0,1,1,47,0,1,8,2013,5,0,16,0,6,4,CR-VIDALIA ROAD,,99998,30.43683889,-89.29380833,0,32,0,0,1,1,0,4,3,1,0,1,0,0000000,0,16,0,29,99,99,0,0,0,1,1
28,280258,1,1,0,0,0,2,2,3,0,1,8,2013,5,5,15,0,5,4,CR-400,CR-323,99998,34.85816111,-88.48536944,0,1,0,0,2,3,0,1,2,1,0,1,0,0000000,5,16,5,26,99,99,0,0,0,1,0
28,280259,1,1,0,1,1,1,1,81,2610,1,8,2013,5,5,40,0,14,6,ALLYSON DRIVE,,0,34.29018333,-88.71796667,0,8,0,0,1,1,0,1,4,1,0,1,0,0000000,5,40,5,46,99,99,0,0,0,1,0
28,280260,1,1,0,0,0,1,1,161,0,1,8,2013,5,6,30,0,2,3,SR-32,,99998,34.06910278,-89.54065,0,42,0,0,1,1,0,6,1,1,0,1,0,0000000,99,98,99,98,88,88,0,0,0,1,0
28,280261,1,1,0,0,0,1,1,35,0,1,8,2013,5,6,50,0,5,4,CR-SUNRISE ROAD,,99998,31.31121667,-89.22196944,0,42,0,0,1,1,0,4,1,1,0,1,0,0000000,99,98,99,98,88,88,0,0,0,1,1
28,280262,1,1,0,0,0,1,1,29,0,2,8,2013,6,4,0,1,1,1,I-55 SOUTH,,99998,31.73799444,-90.44255556,0,42,0,0,1,1,0,6,2,1,0,1,0,0000000,99,98,99,98,88,88,0,0,0,1,0
28,280263,1,1,0,0,0,1,1,127,0,3,8,2013,7,0,34,0,2,3,SR-43,,0,31.82289722,-89.88628889,0,1,0,0,1,1,0,5,2,1,0,1,0,0000000,99,98,99,98,88,88,0,0,0,1,1
28,280264,1,1,0,0,0,3,3,25,0,3,8,2013,7,1,17,0,6,4,CR-EAST TIBBBEE ROAD,,0,33.52450278,-88.61345833,0,32,0,0,1,1,0,5,2,1,0,1,0,0000000,1,17,1,25,99,99,0,0,0,1,1
28,280265,1,1,0,0,0,2,2,105,0,6,8,2013,3,21,0,0,2,3,SR-389,,0,33.50885833,-88.83362222,0,42,0,0,1,1,0,5,2,1,0,1,0,0000000,21,0,21,21,99,99,0,0,0,1,0
28,280266,1,1,0,0,0,1,1,59,0,7,8,2013,4,6,8,0,5,4,CR-TANNER WILLIAMS ROAD,,99998,30.72445278,-88.46984722,0,38,0,0,1,1,0,6,4,10,0,10,0,0000000,99,98,99,98,88,88,0,0,0,1,1
28,280267,1,1,0,0,0,1,1,141,0,9,8,2013,6,8,0,0,4,3,SR-365,,0,34.90387778,-88.30408611,0,42,0,0,1,1,0,6,2,1,0,1,0,0000000,99,98,99,98,88,88,0,0,0,1,1
28,280268,2,2,0,0,0,2,2,91,0,9,8,2013,6,17,5,1,2,2,US-98 WEST,BRANTON BAY ROAD,99998,31.19090556,-89.99840278,0,12,6,0,2,2,0,1,1,1,0,1,0,0000000,17,5,17,41,99,99,0,0,0,1,1
28,280269,1,1,0,0,0,1,1,95,0,10,8,2013,7,19,38,1,2,3,SR-25,,99998,33.75154444,-88.63445278,0,42,0,0,1,1,0,4,5,1,0,1,0,0000000,99,98,99,98,88,88,0,0,0,1,1
28,280270,1,1,0,0,0,2,2,95,0,17,8,2013,7,9,36,0,6,4,CR-GREENBRIAR ROAD,,99998,33.90449444,-88.44853611,0,42,0,0,1,1,0,4,1,1,0,1,0,0000000,9,41,9,51,99,99,0,0,0,1,1
28,280271,1,1,0,0,0,1,1,159,0,12,8,2013,2,6,20,1,2,3,SR-25,,99998,33.26645556,-88.93797778,0,34,0,0,1,1,0,4,1,1,0,1,0,0000000,6,20,6,42,99,99,0,0,0,1,0
28,280272,1,1,0,0,0,1,1,81,0,12,8,2013,2,17,15,0,6,4,CR-BIRMINGHAM RIDGE ROAD,,0,34.45287778,-88.77661667,0,1,0,0,1,1,0,5,1,1,0,1,0,0000000,17,30,17,39,88,88,0,0,0,1,1
28,280273,1,1,0,0,0,2,2,65,0,12,8,2013,2,18,59,0,3,3,SR-35,,0,31.54298333,-89.74859444,0,42,0,0,1,1,0,5,5,2,10,2,0,0000000,18,59,19,4,99,99,0,0,0,1,0
28,280274,2,2,0,0,0,2,2,145,0,13,8,2013,3,9,51,1,2,2,US-78,,99998,34.47026111,-89.00716667,0,12,1,0,1,1,1,1,1,1,0,1,0,0000000,88,88,88,88,88,88,28,0,0,1,0
28,280275,1,1,0,0,0,1,1,109,0,13,8,2013,3,14,12,1,1,1,I-59,,0,30.52221389,-89.66143611,0,42,0,0,1,1,0,5,1,2,0,2,0,0000000,14,12,14,27,99,99,0,0,0,1,0
28,280276,1,1,0,0,0,1,1,33,0,22,6,2013,7,16,17,0,6,4,CR-LOVE ROAD,,0,34.75264722,-89.98078333,0,34,0,0,1,1,0,5,1,1,0,1,0,0000000,16,28,16,42,17,40,0,0,0,1,0
28,280277,1,1,0,0,0,1,1,49,0,20,7,2013,7,12,45,1,1,1,I-20 EAST/US-80,,99998,32.35894444,-90.44262222,0,1,0,0,1,1,0,3,1,1,0,1,0,0000000,12,45,13,2,99,99,0,0,0,1,0
28,280278,3,3,0,0,0,5,5,113,0,26,7,2013,6,16,21,0,3,3,SR-24,,99998,31.20942778,-90.52941111,0,12,2,0,1,1,0,1,1,1,0,1,0,0000000,16,18,16,23,99,99,0,0,0,1,0
28,280279,1,1,0,0,0,2,2,149,0,28,7,2013,1,9,10,1,1,1,I-20,,0,32.36103333,-90.673675,0,24,0,0,1,1,0,5,1,1,0,1,0,0000000,9,15,9,30,99,99,0,0,0,1,1
28,280280,1,1,0,0,0,1,1,93,0,31,5,2013,6,23,23,0,2,3,SR-4,,0,34.65690556,-89.61764722,0,42,0,0,1,1,0,5,2,10,0,10,0,0000000,23,23,23,57,99,99,0,0,0,1,0
28,280281,2,2,0,0,0,8,8,49,0,15,6,2013,7,18,1,0,2,3,SR-18,SPRINGRIDGE ROAD,99998,32.26591389,-90.33897222,0,12,6,0,2,2,0,1,1,1,0,1,0,0000000,18,1,18,17,99,99,0,0,0,1,1
28,280282,1,1,0,0,0,1,1,65,0,7,7,2013,1,4,38,0,5,4,CR-GRANBY ROAD,,99998,31.58314167,-89.76128333,0,42,0,0,1,1,0,4,2,1,0,1,0,0000000,4,38,5,3,88,88,0,0,0,1,1
28,280283,2,2,0,0,0,3,3,131,0,13,7,2013,7,20,58,1,2,2,US-49,,99998,30.82967222,-89.13641667,0,12,99,0,1,1,0,1,3,10,0,10,0,0000000,20,58,21,5,99,99,0,0,0,1,1
28,280284,1,1,0,0,0,2,2,59,1900,13,7,2013,7,21,47,0,16,6,GRIERSON STREET,,0,30.41334167,-88.49768889,0,30,0,0,1,1,0,5,3,10,0,10,0,0000000,21,47,21,49,99,99,0,0,0,1,0
28,280285,1,1,0,1,1,1,1,47,1380,17,7,2013,4,6,52,1,2,2,US-90 EAST,,0,30.33896111,-89.16670556,0,8,0,0,1,1,0,1,1,1,0,1,0,0000000,6,52,6,55,99,99,0,0,0,1,0