STATE,ST_CASE,VE_TOTAL,VE_FORMS,PVH_INVL,PEDS,PERNOTMVIT,PERMVIT,PERSONS,COUNTY,CITY,DAY,MONTH,YEAR,DAY_WEEK,HOUR,MINUTE,NHS,ROAD_FNC,ROUTE,TWAY_ID,TWAY_ID2,MILEPT,LATITUDE,LONGITUD,SP_JUR,HARM_EV,MAN_COLL,RELJCT1,RELJCT2,TYP_INT,WRK_ZONE,REL_ROAD,LGT_COND,WEATHER1,WEATHER2,WEATHER,SCH_BUS,RAIL,NOT_HOUR,NOT_MIN,ARR_HOUR,ARR_MIN,HOSP_HR,HOSP_MN,CF1,CF2,CF3,FATALS,DRUNK_DR
28,280286,1,1,0,0,0,5,5,15,0,21,7,2013,1,13,20,1,1,1,I-55,,99998,33.33185556,-89.77548333,0,1,0,0,1,1,0,5,1,1,0,1,0,0000000,13,23,13,34,99,99,0,0,0,1,0
28,280287,3,3,0,0,0,8,8,3,560,27,7,2013,7,15,49,1,2,2,US-72,SALEM ROAD,99998,34.90880278,-88.49123333,0,12,1,0,2,3,0,1,1,1,0,1,0,0000000,15,49,15,57,99,99,0,0,0,1,0
28,280288,2,2,0,0,0,2,2,151,0,30,7,2013,3,14,38,1,2,2,US-82,SEVEN OAKS ROAD,99998,33.40053056,-90.98929167,0,12,8,0,2,3,0,1,1,1,0,1,0,0000000,14,38,14,47,99,99,0,0,0,1,0
28,280289,1,1,0,1,1,2,2,49,1220,31,7,2013,4,20,46,0,16,6,BULLARD STREET,,0,32.32705556,-90.22761389,0,8,0,0,1,1,0,1,3,1,0,1,0,0000000,20,39,20,46,99,99,19,0,0,1,0
28,280290,2,2,0,0,0,4,4,87,0,9,8,2013,6,6,49,1,2,2,US-45A,FIRETOWER ROAD,99998,33.34235833,-88.53837222,0,12,6,0,2,2,0,1,1,1,0,1,0,0000000,6,49,7,2,99,99,0,0,0,1,0
28,280291,1,1,0,0,0,1,1,123,0,24,6,2013,2,9,47,1,2,2,US-80,,99998,32.35703889,-89.53776389,0,42,0,0,1,1,0,4,1,1,0,1,0,0000000,9,47,9,51,99,99,0,0,0,1,0
28,280292,1,1,0,0,0,1,1,61,0,15,7,2013,2,11,56,1,1,1,I-59 NORTH,,99998,32.04468889,-88.91818056,0,42,0,0,1,1,0,6,1,10,0,10,0,0000000,11,56,12,16,99,99,0,0,0,1,0
28,280293,1,1,0,0,0,1,1,135,0,17,3,2013,1,20,29,0,4,4,CR-TEASDALE ROAD,,99998,34.09984722,-90.02253611,0,38,0,0,1,1,0,6,2,1,0,1,0,0000000,20,39,20,57,99,99,0,0,0,1,0
28,280294,2,2,0,0,0,2,2,107,0,26,5,2013,1,23,30,0,5,4,CR-HENDERSON ROAD,,99998,34.26678889,-89.80247222,0,12,1,0,1,1,0,1,6,98,0,98,0,0000000,23,20,23,20,99,99,0,0,0,1,1
28,280295,2,2,0,0,0,2,2,147,0,7,7,2013,1,12,58,0,5,4,CR-ENON SARTINVILLE ROAD,JAYESS ROAD,99998,31.32483333,-90.20126389,0,12,6,0,2,2,0,1,1,1,0,1,0,0000000,12,58,13,20,99,99,0,0,0,1,0
28,280296,2,2,0,0,0,3,3,85,0,12,7,2013,6,22,12,0,2,3,SR-583,,99998,31.481275,-90.38912222,0,12,2,0,1,1,0,1,2,1,0,1,0,0000000,22,12,22,27,99,99,0,0,0,1,0
28,280297,2,2,0,0,0,2,2,141,1210,2,8,2013,6,17,43,0,16,6,PLEASANT HILL ROAD,,0,34.79212222,-88.19449444,0,12,2,0,1,1,0,1,1,1,0,1,0,0000000,17,43,17,46,99,99,0,0,0,1,0
28,280298,1,1,0,0,0,2,2,85,320,13,7,2013,7,12,54,1,1,1,I-55 SOUTH,,0,31.58028611,-90.47454167,0,1,0,0,1,1,0,5,1,1,0,1,0,0000000,12,54,13,21,99,99,0,0,0,1,0
28,280299,3,3,0,0,0,4,4,67,800,2,7,2013,3,22,8,1,1,1,I-59 NORTH,,99998,31.61339167,-89.20668611,0,12,1,1,18,1,0,1,2,1,0,1,0,0000000,22,1,22,3,99,99,19,0,0,1,0
28,280300,3,3,0,0,0,9,9,81,100,6,7,2013,7,14,57,0,3,3,SR-145 NORTH,PRATTS ROAD,99998,34.47883333,-88.66225,0,12,6,0,2,2,0,1,1,1,0,1,0,0000000,14,57,15,2,99,99,0,0,0,2,0
28,280301,2,2,0,0,0,3,3,123,0,18,6,2013,3,20,19,0,6,4,CR-STAGE ROAD,,99998,32.33519167,-89.636725,0,12,2,0,1,1,0,1,2,1,0,1,0,0000000,20,30,21,22,99,99,0,0,0,1,1
28,280302,1,1,0,0,0,3,3,65,0,4,6,2013,3,12,13,0,6,4,CR-GRAVES KEYS ROAD,,99998,31.50882222,-89.68985556,0,30,0,0,1,1,0,6,1,1,0,1,0,0000000,12,13,12,37,99,99,0,0,0,2,1
28,280303,1,1,0,0,0,2,2,23,820,14,7,2013,1,14,30,0,6,4,CR-250,,99998,31.9162,-88.86183889,0,42,0,0,1,1,0,4,1,1,0,1,0,0000000,14,38,14,50,99,99,0,0,0,1,0
28,280304,2,2,0,0,0,4,4,151,0,12,8,2013,2,10,50,0,2,3,SR-438,,99998,33.26937778,-90.950375,0,12,7,0,4,1,0,1,1,1,0,1,0,0000000,10,53,11,6,99,99,0,0,0,2,0
28,280305,2,2,0,0,0,3,3,57,0,16,8,2013,6,16,0,0,2,3,SR-371,OZARK METHODIST CHURCH ROAD,99998,34.40671944,-88.46138056,0,12,6,0,2,3,0,1,1,1,0,1,0,0000000,16,0,16,28,99,99,0,0,0,1,0
28,280306,1,1,0,0,0,3,3,27,470,17,8,2013,7,13,28,0,16,6,WESTOVER DRIVE,,0,34.22000556,-90.57533056,0,39,0,0,1,1,0,4,1,1,0,1,0,0000000,13,30,13,40,99,99,0,0,0,1,1
28,280307,1,1,0,1,1,2,2,5,0,17,8,2013,7,21,50,0,2,3,SR-48 WEST,,99998,31.110725,-90.918375,0,8,0,0,1,1,0,1,2,1,0,1,0,0000000,88,88,88,88,88,88,0,0,0,1,0
28,280308,1,1,0,1,1,1,1,17,0,18,8,2013,1,0,26,0,2,3,SR-47,,99998,33.81214722,-88.84963333,0,8,0,0,1,1,0,1,2,1,0,1,0,0000000,88,88,88,88,88,88,0,0,0,1,1
28,280309,2,2,0,0,0,2,2,99,0,19,8,2013,2,6,22,0,2,3,SR-16,491,99998,32.75912778,-88.94849444,0,12,6,0,2,2,0,1,4,2,0,2,0,0000000,6,22,6,52,99,99,0,0,0,1,0
28,280310,2,2,0,0,0,2,2,133,0,19,8,2013,2,17,0,1,2,2,US-82 WEST,,99998,33.458075,-90.62983333,0,12,1,0,1,1,0,1,1,1,0,1,0,0000000,17,4,17,18,99,99,0,0,0,1,0
28,280311,1,1,0,0,0,1,1,105,0,13,7,2013,7,23,54,0,5,4,CR-STURGIS MABEN ROAD,,99998,33.52596111,-89.06621944,0,42,0,0,1,1,0,6,2,1,0,1,0,0000000,99,98,99,98,88,88,0,0,0,1,1
28,280312,1,1,0,0,0,1,1,49,0,21,8,2013,4,9,44,0,6,4,CR-MIDWAY ROAD,,99998,32.16730278,-90.37661944,0,34,0,0,1,1,0,4,1,10,0,10,0,0000000,99,98,99,98,88,88,0,0,0,1,0
28,280313,1,1,0,1,1,1,1,109,0,22,8,2013,5,19,25,0,6,4,CR-HILLSDALE GUPOUND,,0,30.91110278,-89.41500833,0,9,0,0,1,1,0,5,2,10,0,10,0,0000000,88,88,88,88,88,88,0,0,0,1,0
28,280314,1,1,0,0,0,1,1,121,0,23,8,2013,6,4,18,1,2,3,SR-25,,99998,32.53569167,-89.81944722,0,42,0,0,1,1,0,5,2,1,0,1,0,0000000,99,98,99,98,88,88,0,0,0,1,1
28,280315,1,1,0,0,0,1,1,95,0,23,8,2013,6,12,15,0,6,4,CR-MCCULLEN ROAD,,99998,33.92866667,-88.48061111,0,42,0,0,1,1,0,5,1,10,0,10,0,0000000,12,16,12,23,88,88,0,0,0,1,0
28,280316,1,1,0,0,0,5,5,107,0,24,8,2013,7,22,0,0,2,3,SR-310 SOUTH,HUNTERS CHAPEL ROAD,99998,34.51009444,-89.88048611,0,35,0,0,3,3,0,4,2,1,0,1,0,0000000,23,19,23,19,99,99,0,0,0,1,1
28,280317,1,1,0,0,0,1,1,85,0,25,8,2013,1,17,14,0,6,4,CR-JACKSON LIBERTY ROAD,,0,31.52005,-90.57311667,0,42,0,0,1,1,0,4,1,1,0,1,0,0000000,99,98,99,98,88,88,0,0,0,1,1
28,280318,1,1,0,0,0,1,1,23,0,26,8,2013,2,9,17,0,2,3,SR-18 EAST,,0,32.04271389,-88.88900833,0,42,0,0,1,1,0,6,1,1,0,1,0,0000000,9,17,10,13,88,88,0,0,0,1,0
28,280319,1,1,0,0,0,1,1,43,0,26,8,2013,2,11,25,0,6,4,CR-JAMES H. BIDDY ROAD,,99998,33.70991389,-89.70261944,0,1,0,0,1,1,0,5,1,1,0,1,0,0000000,99,98,99,98,88,88,0,0,0,1,0
28,280320,1,1,0,0,0,1,1,45,0,26,8,2013,2,13,26,0,2,3,SR-603,,99998,30.44963889,-89.43261389,0,30,0,0,1,1,0,5,1,10,0,10,0,0000000,99,98,99,98,88,88,0,0,0,1,0
28,280321,1,1,0,0,0,2,2,83,0,26,8,2013,2,18,40,0,6,4,CR-296,,0,33.63724444,-90.41808889,0,34,0,0,1,1,0,5,1,1,0,1,0,0000000,18,34,18,50,99,99,0,0,0,1,0
28,280322,2,2,0,0,0,2,2,31,0,26,8,2013,2,19,58,0,6,4,CR-GARNER ROAD,,99998,31.72959722,-89.71429444,0,12,1,0,1,1,0,1,3,1,0,1,0,0000000,19,58,20,0,99,99,0,0,0,1,2
28,280323,1,1,0,1,1,2,2,121,0,27,8,2013,3,20,49,0,6,4,CR-CLEARY ROAD,,0,32.12299167,-90.18367222,0,8,0,0,1,1,0,1,2,1,0,1,0,0000000,88,88,88,88,88,88,0,0,0,1,1
28,280324,1,1,0,0,0,1,1,67,0,28,8,2013,4,9,32,0,2,3,SR-29,LYON RANCH ROAD,99998,31.52554444,-89.13376667,0,1,0,0,3,2,0,5,1,1,0,1,0,0000000,9,32,9,56,99,99,0,0,0,1,0
28,280325,2,2,0,0,0,2,2,121,0,30,8,2013,6,8,46,0,2,3,SR-468,,99998,32.22601111,-90.01175278,0,12,6,0,1,1,0,1,1,1,0,1,0,0000000,88,88,88,88,88,88,0,0,0,1,0
28,280326,1,1,0,0,0,1,1,43,1010,30,8,2013,6,22,48,0,16,6,RIVERDALE ROAD,,0,33.84073056,-89.81335,0,30,0,0,1,1,0,5,2,1,0,1,0,0000000,99,98,99,98,88,88,0,0,0,1,1
28,280327,1,1,0,0,0,1,1,149,0,31,8,2013,7,4,12,0,2,3,SR-465,,99998,32.48720278,-90.98139722,0,1,0,0,1,1,0,5,2,1,0,1,0,0000000,99,98,99,98,88,88,0,0,0,1,1
28,280328,1,1,0,0,0,1,1,137,0,31,8,2013,7,23,35,0,2,3,SR-4,,99998,34.612875,-90.12694722,0,42,0,0,1,1,0,5,2,1,0,1,0,0000000,99,98,99,98,88,88,0,0,0,1,0
28,280329,2,2,0,0,0,3,3,153,0,1,9,2013,1,15,23,1,2,2,US-84 EAST,RESERVOIR ROAD,99998,31.68304444,-88.69333611,0,12,6,0,2,2,0,1,1,10,0,10,0,0000000,15,23,15,42,99,99,0,0,0,2,0
28,280330,2,2,0,0,0,8,8,121,0,1,9,2013,1,18,21,1,2,2,US-49 SOUTH,MUSE ROAD,99998,32.10346389,-90.04935278,0,12,6,0,2,2,0,1,1,1,0,1,0,0000000,18,21,18,38,99,99,0,0,0,1,0
28,280331,1,1,0,1,1,1,1,109,0,1,9,2013,1,20,29,0,2,3,SR-53 SOUTH,,99998,30.61312778,-89.40345833,0,8,0,0,1,1,0,1,2,1,0,1,0,0000000,88,88,88,88,88,88,0,0,0,1,0
28,280332,1,1,0,0,0,1,1,73,0,18,8,2013,1,19,24,0,6,4,CR-PURVIS OLOH ROAD,,99998,31.23456389,-89.55293611,0,42,0,0,1,1,0,5,1,2,0,2,0,0000000,19,24,99,99,88,88,0,0,0,1,0
28,280333,1,1,0,0,0,1,1,123,0,20,8,2013,3,16,30,0,6,4,CR-HILLSBORO ROAD,,0,32.36268611,-89.62983889,0,1,0,0,1,1,0,5,1,1,0,1,0,0000000,17,2,17,10,88,88,0,0,0,1,0
28,280334,1,1,0,0,0,5,5,29,0,31,8,2013,7,2,21,0,6,4,CR-2177 OLD RED STAR ROAD,,0,31.71043611,-90.54196111,0,42,0,0,1,1,0,5,2,1,0,1,0,0000000,2,21,2,36,99,99,0,0,0,3,1
28,280335,1,1,0,0,0,1,1,143,0,20,6,2013,5,21,39,0,6,4,CR-LIMERICK ROAD,,99998,34.62596111,-90.3405,0,34,0,0,1,1,0,5,2,1,0,1,0,0000000,99,98,99,98,88,88,0,0,0,1,1
28,280336,1,1,0,1,1,1,1,49,0,9,4,2013,3,17,46,0,9,8,NATCHEZ TRACE,,0,32.27949167,-90.470925,1,9,0,0,1,1,0,1,1,98,0,98,0,0000000,88,88,88,88,88,88,0,0,0,1,0
28,280337,2,2,0,0,0,4,4,155,0,1,7,2013,2,19,0,0,6,4,CR-CLARKSON ROAD,,99998,33.705,-89.23560833,0,12,2,0,1,1,0,1,1,1,0,1,0,0000000,18,25,18,31,99,99,0,0,0,1,0
28,280338,1,1,0,0,0,3,3,135,0,31,7,2013,4,21,7,0,6,4,CR-TALLAHA ROAD,,0,33.97863056,-90.06911111,0,1,0,0,1,1,0,5,2,1,0,1,0,0000000,21,8,21,13,99,99,0,0,0,2,0
28,280339,1,1,0,0,0,3,3,95,0,28,4,2013,1,20,37,0,6,4,CR-WREN CEMETARY ROAD,,99998,33.98719722,-88.60138889,0,42,0,0,1,1,0,5,2,10,0,10,0,0000000,20,37,20,49,99,99,0,0,0,1,0
28,280340,1,1,0,0,0,1,1,149,0,24,5,2013,6,13,34,1,1,1,I-20 WEST,,70,32.31391389,-90.88806111,0,42,0,0,1,1,0,5,1,1,0,1,0,0000000,99,98,99,98,88,88,0,0,0,1,0
28,280341,1,1,0,0,0,1,1,45,0,28,5,2013,3,18,56,0,2,3,SR-603 NORTH,,99998,30.50083333,-89.43428611,0,38,0,0,1,1,0,5,1,1,0,1,0,0000000,18,56,19,5,99,99,0,0,0,1,0
28,280342,1,1,0,0,0,1,1,23,0,28,7,2013,1,22,50,0,6,4,CR-280,CR-260,99998,31.96365278,-88.77507222,0,30,0,0,3,3,0,4,2,5,0,5,0,0000000,99,98,99,98,88,88,0,0,0,1,1
28,280343,1,1,0,0,0,1,1,21,0,3,8,2013,7,20,53,0,6,4,CR-WOODVINE ROAD,,99998,31.86183056,-90.97296389,0,1,0,0,1,1,0,4,2,1,0,1,0,0000000,99,98,99,98,88,88,0,0,0,1,1
28,280344,1,1,0,0,0,1,1,95,0,7,8,2013,4,0,16,0,6,4,CR-ATHENS QUINCY ROAD,,99998,33.87623611,-88.43474444,0,1,0,0,1,1,0,5,2,1,0,1,0,0000000,99,98,99,98,88,88,0,0,0,1,0
28,280345,1,1,0,0,0,4,4,133,0,18,8,2013,1,17,15,0,6,4,CR-KINLOCK ROAD,,0,33.43373056,-90.65591111,0,34,0,0,1,1,0,5,1,1,0,1,0,0000000,17,15,17,23,99,99,0,0,0,1,0
28,280346,1,1,0,0,0,1,1,147,0,23,8,2013,6,8,4,0,6,4,CR-DILLON'S BRIDGE ROAD,,99998,31.138825,-90.13935556,0,34,0,0,1,1,0,4,2,1,0,1,0,0000000,99,98,99,98,88,88,0,0,0,1,0
28,280347,2,2,0,0,0,3,3,27,0,25,8,2013,1,17,16,0,6,4,CR-ROBERSTON ROAD,,99998,34.21088611,-90.53764167,0,12,2,0,1,1,0,1,1,1,0,1,0,0000000,17,19,17,23,99,99,0,0,0,1,0
28,280348,1,1,0,0,0,2,2,47,1910,30,8,2013,6,13,35,0,16,6,HEIRN AVENUE,,0,30.3174,-89.25150278,0,10,0,0,6,1,0,1,1,1,0,1,0,340281Y,13,26,13,27,99,99,0,0,0,1,0
28,280349,1,1,0,0,0,1,1,27,0,31,8,2013,7,22,26,0,6,4,CR-NEW AFRICA ROAD,,99998,34.05909722,-90.59019444,0,42,0,0,1,1,0,5,2,1,0,1,0,0000000,99,98,99,98,88,88,0,0,0,1,0
28,280350,1,1,0,0,0,3,3,113,0,2,9,2013,2,5,41,0,6,4,CR-COUNTY LINE ROAD WEST,,99998,31.3381,-90.52707222,0,42,0,0,1,1,0,5,2,1,0,1,0,0000000,5,41,5,50,99,99,0,0,0,1,1
28,280351,1,1,0,0,0,1,1,51,0,2,9,2013,2,16,30,1,2,2,US-49 EAST,,99998,33.10918889,-90.28211667,0,35,0,0,1,1,0,6,1,1,0,1,0,0000000,16,30,17,5,99,99,0,0,0,1,0
28,280352,1,1,0,0,0,1,1,73,2070,3,9,2013,3,8,33,1,2,2,US-11 SOUTH,BUS BARN ROAD,99998,31.14318611,-89.40537222,0,59,0,0,3,3,0,4,1,1,0,1,0,0000000,8,8,99,99,88,88,0,0,0,1,0
28,280353,3,3,0,0,0,4,4,121,300,3,9,2013,3,16,30,0,2,3,SR-HWY 471 SOUTH,,99998,32.30379167,-89.99365278,0,12,2,0,1,1,0,1,1,1,0,1,1,0000000,16,30,16,40,99,99,0,0,0,1,0
28,280354,1,1,0,0,0,1,1,109,0,14,9,2013,7,21,4,1,1,1,I-59,,170,30.671175,-89.57545278,0,1,0,0,1,1,3,3,2,1,0,1,0,0000000,99,98,99,98,88,88,0,0,0,1,1
28,280355,1,1,0,1,1,1,1,67,1310,3,9,2013,3,18,50,1,1,1,I-59 NORTH,US-84 CHANTILLY STREET,99998,31.69735556,-89.11604167,0,8,0,1,3,2,0,1,5,2,0,2,0,0000000,88,88,88,88,88,88,0,0,0,1,1
28,280356,1,1,0,0,0,1,1,85,0,16,9,2013,2,14,23,0,4,4,CR-CALIFORNIA RD,,99998,31.59025278,-90.50497222,0,34,0,0,1,1,0,4,1,1,0,1,0,0000000,99,98,99,98,88,88,0,0,0,1,0
28,280357,1,1,0,0,0,1,1,27,0,14,9,2013,7,0,40,1,13,2,US-49,,99998,34.49414167,-90.57837222,0,24,0,0,1,1,0,4,2,1,0,1,0,0000000,99,98,99,98,88,88,0,0,0,1,1
28,280358,1,1,0,0,0,1,1,75,0,15,9,2013,1,7,33,0,4,4,CR-SANDERS RD,,99998,32.24986667,-88.53593056,0,35,0,0,1,1,0,4,1,1,0,1,0,0000000,99,98,99,98,88,88,0,0,0,1,1
28,280359,1,1,0,0,0,2,2,33,0,15,9,2013,1,15,11,0,4,4,CR-CRAFT RD,,99998,34.85775556,-89.86138889,0,32,0,0,1,1,0,4,1,1,0,1,0,0000000,15,16,15,33,16,10,0,0,0,1,1
28,280360,1,1,0,0,0,1,1,137,0,14,9,2013,7,11,20,1,1,1,I-55,,99998,34.6919,-89.96581389,0,31,0,0,1,1,0,4,1,1,0,1,0,0000000,11,36,11,49,12,40,0,0,0,1,0
28,280361,1,1,0,0,0,1,1,43,0,3,9,2013,3,20,52,0,2,3,SR-8,,99998,33.78145556,-89.77367778,0,34,0,0,1,1,0,4,2,1,0,1,0,0000000,99,98,99,98,88,88,0,0,0,1,1
28,280362,3,3,0,0,0,4,4,127,1510,18,9,2013,4,13,18,1,12,2,US-49,,0,31.87508333,-89.759225,0,12,6,0,7,1,0,1,1,1,0,1,0,0000000,13,22,13,42,14,11,0,0,0,1,0
28,280363,1,1,0,1,1,1,1,11,0,4,9,2013,4,17,15,0,2,3,SR-1 SOUTH,,99998,33.53714167,-91.08031667,0,9,0,0,1,1,0,1,1,1,0,1,0,0000000,88,88,88,88,88,88,0,0,0,1,0
28,280364,1,1,0,0,0,2,2,101,0,19,9,2013,5,22,40,0,3,3,SR-DECATUR-LITTLE RD,,99998,32.44536111,-89.09761667,0,42,0,0,1,1,0,4,2,1,0,1,0,0000000,22,50,23,10,23,56,20,0,0,2,1
28,280365,1,1,0,0,0,3,3,43,0,20,9,2013,6,13,57,1,1,1,I-55,,99998,33.72773056,-89.83151389,0,24,0,0,1,1,0,4,1,2,0,2,0,0000000,14,2,14,22,15,0,0,0,0,1,0
28,280366,1,1,0,0,0,1,1,59,0,20,9,2013,6,19,7,0,4,4,CR-INDUSTRIAL RD,,99998,30.36705,-88.4984,0,38,0,0,1,1,0,4,2,10,0,10,0,0000000,88,88,88,88,88,88,0,0,0,1,0
28,280367,1,1,0,0,0,1,1,73,0,20,9,2013,6,22,26,0,4,4,CR-STEELMAN RD,,99998,31.27821944,-89.38129722,0,42,0,0,1,1,0,4,2,10,0,10,0,0000000,22,26,99,99,88,88,0,0,0,1,1
28,280368,1,1,0,0,0,2,2,23,0,5,9,2013,5,4,40,1,2,2,US-45 NORTH,,99998,31.9141,-88.71474444,0,34,0,0,1,1,0,5,2,1,0,1,0,0000000,5,0,5,48,99,99,0,0,0,1,0
28,280369,2,2,0,0,0,3,3,115,0,21,9,2013,7,5,22,0,4,3,SR-41,,0,34.232575,-88.996025,0,12,1,0,1,1,0,1,2,2,10,2,0,0000000,5,43,5,59,6,40,0,0,0,1,0
28,280370,1,1,0,0,0,2,2,51,0,5,9,2013,5,8,0,1,1,1,I-55 NORTH,,99998,33.10393889,-89.89341389,0,24,0,0,1,1,0,4,1,1,0,1,0,0000000,8,19,8,28,99,99,0,0,0,1,0
28,280371,1,1,0,0,0,1,1,35,1050,21,9,2013,7,23,12,1,11,1,I-59,,99998,31.26030833,-89.33722778,0,34,0,0,1,1,0,4,2,10,0,10,0,0000000,23,12,99,99,88,88,0,0,0,1,0
28,280372,1,1,0,0,0,1,1,151,990,22,9,2013,1,2,6,0,16,6,RAILROAD AVE,,0,33.41139167,-91.04339167,0,43,0,0,1,1,0,4,2,2,0,2,0,0000000,99,98,99,98,88,88,0,0,0,1,0
28,280373,2,2,0,0,0,3,3,121,0,6,9,2013,6,13,29,0,6,4,CR-FLORENCE BYRAM ROAD,,99998,32.17528611,-90.23933056,0,12,2,0,1,1,0,1,1,1,0,1,0,0000000,13,30,13,41,99,99,0,0,0,1,1
28,280374,1,1,0,0,0,1,1,117,280,25,9,2013,4,7,58,0,16,6,9TH ST,,0,34.66911389,-88.58501944,0,34,0,0,1,1,0,4,1,2,0,2,0,0000000,7,58,8,11,88,88,0,0,0,1,0
28,280375,1,1,0,0,0,2,2,149,0,25,9,2013,4,12,57,0,14,3,SR-465,,99998,32.53089444,-91.02818611,0,42,0,0,1,1,0,4,1,1,0,1,0,0000000,88,88,88,88,88,88,0,0,0,2,1
28,280376,1,1,0,0,0,1,1,81,2220,26,9,2013,5,7,51,0,13,2,US-45,,99998,34.37669722,-88.69766111,0,24,0,0,1,1,0,3,1,1,0,1,0,0000000,7,51,99,99,88,88,0,0,0,1,0
28,280377,1,1,0,0,0,1,1,99,1940,26,9,2013,5,9,46,0,13,3,SR-16,CO RD 618,99998,32.77035278,-89.07688889,0,1,0,0,1,1,0,4,1,1,0,1,0,0000000,9,48,10,11,88,88,0,0,0,1,0
28,280378,1,1,0,2,2,2,2,59,0,6,9,2013,6,20,57,0,2,3,SR-609,OLD FORT BAYOU ROAD,99998,30.43851389,-88.83361944,0,8,0,0,2,3,0,1,2,1,0,1,0,0000000,88,88,88,88,88,88,0,0,0,2,0
28,280379,2,2,0,0,0,3,3,121,0,27,9,2013,6,12,49,0,14,3,SR-3,CO RD OLD HWY 43,0,32.46941389,-89.86359167,0,12,6,0,2,2,0,1,1,1,0,1,0,0000000,13,0,13,22,13,51,0,0,0,1,0
28,280380,1,1,0,0,0,1,1,47,0,27,9,2013,6,23,50,0,4,4,CR-CUEVAS DELISLE,,99998,30.38403333,-89.24322778,0,34,0,0,1,1,0,4,2,1,0,1,0,0000000,23,50,99,99,88,88,0,0,0,1,1
28,280381,2,2,0,0,0,4,4,109,0,27,9,2013,6,19,42,0,13,3,SR-607,,0,30.463325,-89.68235,0,12,2,0,1,1,0,1,2,1,0,1,0,0000000,19,54,20,12,20,46,0,0,0,1,0
28,280382,1,1,0,0,0,3,3,107,0,29,9,2013,1,17,9,1,1,1,I-55,,99998,34.189125,-89.92549167,0,42,0,0,1,1,0,3,1,2,10,2,0,0000000,17,17,17,38,18,22,0,0,0,2,0
28,280383,2,2,0,0,0,2,2,87,0,7,9,2013,7,22,20,1,2,2,US-45 NORTH,,99998,33.55710833,-88.43298889,0,12,2,0,1,1,0,1,3,1,0,1,0,0000000,22,20,22,30,99,99,0,0,0,1,0
28,280384,2,2,0,0,0,2,2,79,0,29,9,2013,1,21,5,0,3,3,SR-488,,0,32.70778333,-89.32981944,0,12,6,0,1,1,0,1,2,2,10,2,0,0000000,88,88,88,88,88,88,0,0,0,1,0
28,280385,2,2,0,0,0,2,2,163,0,30,9,2013,2,6,57,0,14,3,SR-16,,0,32.75608056,-90.152725,0,12,2,0,1,1,0,1,1,1,0,1,0,0000000,7,7,7,19,7,47,0,0,0,1,0
28,280386,1,1,0,0,0,1,1,41,0,8,9,2013,1,7,27,0,6,4,CR-LOUISE DRIVE,SR-63 NORTH,99998,31.39925278,-88.74108056,0,35,0,0,3,3,0,4,3,1,0,1,0,0000000,99,98,99,98,88,88,0,0,0,1,1
28,280387,1,1,0,0,0,1,1,101,0,30,9,2013,2,7,45,0,13,3,SR-489,,99998,32.39275278,-89.29453056,0,42,0,0,1,1,0,4,1,2,0,2,0,0000000,7,45,99,98,88,88,0,0,0,1,0
28,280388,1,1,0,0,0,1,1,137,0,8,9,2013,1,21,0,0,6,4,CR-YELLOW DOG ROAD,,99998,34.62661389,-89.91614722,0,35,0,0,1,1,0,4,2,1,0,1,0,0000000,99,98,99,98,88,88,0,0,0,1,1
28,280389,1,1,0,0,0,1,1,75,0,9,9,2013,2,18,43,0,6,4,CR- HILLVIEW DRIVE,,99998,32.51917222,-88.66692222,0,53,0,0,1,1,0,4,1,1,0,1,0,0000000,18,58,19,5,99,99,0,0,0,1,0
28,280390,2,2,0,0,0,2,2,39,0,11,9,2013,4,7,5,1,2,2,US-98 EAST,SR-198,99998,30.92536944,-88.51438056,0,12,6,0,2,2,0,1,1,10,0,10,0,0000000,7,10,7,20,99,99,0,0,0,1,0
28,280391,2,2,0,0,0,2,2,23,0,12,9,2013,5,11,0,1,2,2,US-45 SOUTH,HWY 210,99998,31.85756667,-88.72045833,0,12,6,0,2,2,0,1,1,1,0,1,0,0000000,88,88,88,88,88,88,0,0,0,1,0
28,280392,2,2,0,0,0,5,5,57,0,13,9,2013,6,16,50,1,2,2,US-78 EAST,,99998,34.24243333,-88.40239722,0,12,2,0,1,1,0,1,1,1,0,1,0,0000000,16,50,17,9,99,99,0,0,0,1,0
28,280393,1,1,0,0,0,1,1,109,0,1,10,2013,3,13,0,1,1,1,I-59 NORTH,,99998,30.84460833,-89.49609167,0,42,0,0,1,1,0,4,1,1,0,1,0,0000000,88,88,88,88,88,88,0,0,0,1,1
28,280394,1,1,0,0,0,1,1,141,0,1,10,2013,3,14,51,1,2,3,SR-25 NORTH,,99998,34.46934167,-88.20464167,0,35,0,0,1,1,0,4,1,1,0,1,0,0000000,14,51,14,52,99,99,0,0,0,1,0
28,280395,1,1,0,0,0,10,10,113,0,4,10,2013,6,12,46,1,1,1,I-55,,99998,31.093875,-90.48760556,0,1,0,0,1,1,0,1,1,1,0,1,0,0000000,13,8,13,22,13,51,0,0,0,2,0
28,280396,1,1,0,0,0,3,3,35,0,4,10,2013,6,15,57,1,11,1,I-59,,99998,31.34898889,-89.35174167,0,42,0,0,1,1,0,3,1,2,10,2,0,0000000,16,4,16,22,16,49,0,0,0,1,0