STATE,ST_CASE,VE_TOTAL,VE_FORMS,PVH_INVL,PEDS,PERNOTMVIT,PERMVIT,PERSONS,COUNTY,CITY,DAY,MONTH,YEAR,DAY_WEEK,HOUR,MINUTE,NHS,ROAD_FNC,ROUTE,TWAY_ID,TWAY_ID2,MILEPT,LATITUDE,LONGITUD,SP_JUR,HARM_EV,MAN_COLL,RELJCT1,RELJCT2,TYP_INT,WRK_ZONE,REL_ROAD,LGT_COND,WEATHER1,WEATHER2,WEATHER,SCH_BUS,RAIL,NOT_HOUR,NOT_MIN,ARR_HOUR,ARR_MIN,HOSP_HR,HOSP_MN,CF1,CF2,CF3,FATALS,DRUNK_DR
28,280397,1,1,0,0,0,1,1,23,0,5,10,2013,7,9,40,1,12,2,US-45,,99998,32.19557222,-88.70764722,0,32,0,0,1,1,0,4,1,10,0,10,0,0000000,88,88,88,88,88,88,0,0,0,1,0
28,280399,2,2,0,0,0,4,4,163,0,1,10,2013,3,16,40,1,1,1,I-55 SOUTH,,99998,32.80309722,-90.05862222,0,12,1,0,1,1,0,1,1,1,0,1,0,0000000,16,40,17,3,99,99,0,0,0,1,0
28,280400,3,3,0,0,0,4,4,47,1020,5,10,2013,7,15,13,0,16,6,28TH ST,39TH ST,0,30.39641111,-89.05077778,0,12,6,0,2,3,0,1,1,1,0,1,0,0000000,15,18,15,36,16,11,0,0,0,1,0
28,280401,1,1,0,0,0,1,1,121,2125,6,10,2013,1,7,34,0,13,2,US-49,,99998,32.26767222,-90.15996944,0,32,0,0,1,1,0,4,1,10,0,10,0,0000000,7,45,8,11,8,54,0,0,0,1,0
28,280402,1,1,0,0,0,2,2,93,0,6,10,2013,1,14,12,0,4,4,CR-TASKA RD,,99998,34.93323611,-89.53190833,0,1,0,0,1,1,0,1,1,1,0,1,0,0000000,14,20,15,22,99,99,0,0,0,1,0
28,280403,1,1,0,0,0,1,1,39,0,6,10,2013,1,20,51,1,2,3,SR-57,,99998,30.82683611,-88.78006944,0,42,0,0,1,1,0,4,2,1,0,1,0,0000000,20,51,99,99,88,88,0,0,0,1,0
28,280404,2,2,0,0,0,7,7,19,0,7,10,2013,2,17,45,0,14,3,SR-12,WEIR SALEM RD,0,33.27857222,-89.28391389,0,12,2,0,2,2,0,1,1,1,0,1,0,0000000,17,58,18,13,18,49,0,0,0,1,0
28,280405,2,2,0,0,0,3,3,59,1680,7,10,2013,2,21,25,0,13,3,SR-63,,0,30.40988889,-88.51291389,0,12,6,0,4,1,0,1,3,1,0,1,0,0000000,21,28,21,45,22,20,0,0,0,1,0
28,280406,1,1,0,1,1,1,1,83,1000,1,10,2013,3,19,55,1,2,2,US-82 WEST,CYPRESS,99998,33.50909444,-90.19956944,0,8,0,0,2,2,0,1,2,10,0,10,0,0000000,88,88,88,88,88,88,0,0,0,1,0
28,280407,1,1,0,1,1,1,1,19,0,2,10,2013,4,5,44,0,2,3,SR-9 SOUTH,BLUFF SPRINGS ROAD,99998,33.50555833,-89.24027778,0,8,0,0,3,3,0,1,2,2,10,2,0,0000000,88,88,88,88,88,88,0,0,0,1,0
28,280408,2,2,0,0,0,2,2,1,1720,28,9,2013,7,17,10,0,16,6,MARTIN LUTHER KING,,0,31.55981389,-91.39745,0,12,2,0,1,1,0,1,1,1,0,1,0,0000000,17,15,17,56,18,11,0,0,0,1,0
28,280409,2,2,0,0,0,2,2,51,0,25,4,2013,5,12,32,0,6,4,CR-ROSEBANK MT OLIVE ROAD,,99998,33.16989444,-90.19324167,0,12,2,0,1,1,0,1,1,1,0,1,0,0000000,12,32,12,42,99,99,0,0,0,1,1
28,280410,1,1,0,0,0,2,2,93,0,23,8,2013,6,22,44,0,6,4,CR-WILDCAT BOTTOM ROAD,,99998,34.92951111,-89.52958611,0,1,0,0,1,1,0,4,2,1,0,1,0,0000000,22,44,23,1,99,99,0,0,0,1,0
28,280411,1,1,0,0,0,1,1,101,0,2,10,2013,4,22,30,0,2,3,SR-489 NORTH,,99998,32.36431111,-89.30878056,0,42,0,0,1,1,1,6,2,1,0,1,0,0000000,22,37,23,15,88,88,0,0,0,1,1
28,280412,2,2,0,0,0,2,2,39,0,3,10,2013,5,6,42,0,6,4,CR-RIVER ROAD,,0,30.77809444,-88.64743056,0,12,2,0,1,1,0,1,1,1,0,1,0,0000000,88,88,88,88,88,88,0,0,0,2,0
28,280413,2,2,0,0,0,3,3,33,0,3,10,2013,5,16,25,0,6,4,CR-BYHALIA ROAD,,99998,34.86024167,-89.75144444,0,12,6,0,4,1,0,1,1,1,0,1,0,0000000,88,88,88,88,88,88,0,0,0,2,1
28,280414,2,2,0,0,0,2,2,71,0,8,10,2013,3,7,22,1,2,2,US-278 EAST,,99998,34.30197222,-89.26126111,0,12,1,0,1,1,0,1,1,1,0,1,0,0000000,7,22,7,35,99,99,0,0,0,1,0
28,280415,2,2,0,0,0,2,2,61,0,9,10,2013,4,15,29,0,2,3,SR-15 NORTH,,99998,32.17729444,-89.17875278,0,12,2,0,1,1,0,1,1,1,0,1,0,0000000,15,29,15,59,99,99,0,0,0,2,0
28,280416,2,2,0,0,0,4,4,113,0,13,10,2013,1,13,10,1,1,1,I-55,,99998,31.2897,-90.47873333,0,12,9,1,5,1,0,1,1,1,0,1,0,0000000,88,88,88,88,88,88,0,0,0,2,0
28,280417,1,1,0,0,0,1,1,29,0,14,10,2013,2,17,50,0,4,4,CR-BEAUREGARD RD,,99998,31.71788889,-90.57980278,0,38,0,0,1,1,0,6,1,1,0,1,0,0000000,88,88,88,88,88,88,0,0,0,1,0
28,280418,1,1,0,0,0,6,6,63,0,15,10,2013,3,17,45,1,13,2,US-61,,99998,31.75411667,-91.05234722,0,34,0,0,1,1,0,6,1,1,0,1,0,0000000,18,5,18,36,19,0,0,0,0,1,0
28,280419,1,1,0,0,0,2,2,57,0,15,10,2013,3,7,25,0,4,4,CR-PATTON FLAT OAKLAND,,99998,34.28085556,-88.23446111,0,43,0,0,1,1,0,4,1,1,0,1,0,0000000,7,36,8,11,8,42,0,0,0,1,0
28,280420,1,1,0,0,0,2,2,69,0,10,10,2013,5,5,0,0,2,3,SR-16,HWY-397,99998,32.77474167,-88.70152222,0,42,0,0,3,3,0,4,2,5,0,5,0,0000000,5,0,5,3,99,99,0,0,0,1,0
28,280421,1,1,0,0,0,1,1,91,0,10,10,2013,5,13,9,0,2,3,SR-35 NORTH,,99998,31.20045833,-89.86161389,0,34,0,0,1,1,0,4,1,1,0,1,0,0000000,13,9,13,22,88,88,0,0,0,1,0
28,280422,1,1,0,0,0,1,1,89,0,11,10,2013,6,1,22,1,1,1,I-55 NORTH,,0,32.41065,-90.1472,0,24,0,1,5,1,0,4,2,1,0,1,0,0000000,88,88,88,88,88,88,0,0,0,1,1
28,280423,1,1,0,0,0,2,2,143,0,11,10,2013,6,18,19,1,2,2,US-61 SOUTH,,0,34.77548889,-90.34153889,0,1,0,0,1,1,0,5,1,1,0,1,0,0000000,18,19,18,31,99,99,0,0,0,1,0
28,280424,1,1,0,0,0,1,1,37,0,11,10,2013,6,18,47,0,6,4,CR-MCNAIR ROAD,,99998,31.51210278,-90.93826111,0,42,0,0,1,1,0,4,5,1,0,1,0,0000000,18,47,99,99,99,98,0,0,0,1,0
28,280425,1,1,0,1,1,1,1,37,0,11,10,2013,6,22,25,1,2,2,US-84 WEST,,99998,31.46881111,-90.86268333,0,8,0,0,1,1,0,1,2,5,0,5,0,0000000,22,25,23,47,99,99,0,0,0,1,0
28,280426,3,3,0,0,0,3,3,81,2220,12,10,2013,7,5,55,1,2,2,US-45 SOUTH,,99998,34.403475,-88.69638056,0,12,1,0,1,1,0,1,2,1,0,1,0,0000000,5,55,5,59,99,99,0,0,0,1,0
28,280427,3,3,0,0,0,3,3,47,0,16,10,2013,4,17,16,0,6,4,CR-JOHN CLARK ROAD,CR-DARA HILLS ROAD,99998,30.48126111,-89.14515833,0,12,2,0,2,3,0,1,1,1,0,1,0,0000000,17,16,17,42,99,99,0,0,0,1,0
28,280428,1,1,0,0,0,2,2,23,0,17,10,2013,5,4,25,1,1,1,I-59 NORTH,,99998,32.17110278,-88.86633333,0,21,0,0,1,1,0,3,2,2,0,2,0,0000000,4,27,5,0,99,99,0,0,0,1,0
28,280429,1,1,0,0,0,1,1,101,0,17,10,2013,5,9,45,0,2,3,SR-494,,99998,32.5242,-89.04259444,0,42,0,0,1,1,1,6,1,10,0,10,0,0000000,9,46,99,99,99,99,0,0,0,1,0
28,280430,1,1,0,0,0,1,1,143,0,17,10,2013,5,18,27,0,6,4,CR-HAMBRICK ROAD,,99998,34.78743056,-90.27369444,0,35,0,0,1,1,0,4,1,1,0,1,0,0000000,18,27,18,33,99,99,0,0,0,1,0
28,280431,1,1,0,0,0,3,3,31,0,19,10,2013,7,10,5,1,2,2,US-84 WEST,,99998,31.67261667,-89.49042778,0,42,0,0,1,1,0,3,1,2,0,2,0,0000000,10,10,10,40,99,99,0,0,0,2,0
28,280432,2,2,0,0,0,2,2,107,0,21,10,2013,2,6,0,0,2,3,SR-315 NORTH,,0,34.21951944,-89.72511111,0,12,1,0,1,1,0,1,2,1,0,1,0,0000000,88,88,88,88,88,88,0,0,0,1,0
28,280433,2,1,1,0,0,1,1,27,470,22,10,2013,3,12,2,0,16,6,MAPLE,,0,34.20475833,-90.58600833,0,14,0,0,1,1,0,5,1,1,0,1,0,0000000,88,88,88,88,88,88,0,0,0,1,0
28,280434,1,1,0,0,0,1,1,23,0,23,10,2013,4,5,6,1,1,1,I-59-NORTH,,99998,32.16228611,-88.86711944,0,42,0,0,1,1,0,4,2,1,0,1,0,0000000,88,88,88,88,88,88,0,0,0,1,0
28,280435,1,1,0,1,1,3,3,155,840,23,10,2013,4,9,30,1,2,2,US-82 EAST,,99998,33.52311667,-89.263525,0,8,0,0,1,1,0,3,1,10,0,10,0,0000000,9,30,9,45,99,99,20,0,0,3,0
28,280436,2,2,0,0,0,4,4,75,0,24,10,2013,5,13,35,0,2,3,SR-19 SOUTH,494,99998,32.43371667,-88.79208611,0,12,6,0,2,4,0,1,1,1,0,1,0,0000000,13,39,13,58,99,99,0,0,0,3,0
28,280437,1,1,0,0,0,3,3,49,0,24,10,2013,5,19,28,0,2,3,SR-27 NORTH,,99998,32.11238333,-90.60728611,0,34,0,0,1,1,0,4,2,1,0,1,0,0000000,19,30,19,48,99,99,0,0,0,1,0
28,280438,2,2,0,0,0,2,2,33,1090,25,10,2013,6,13,42,1,2,2,US-51 NORTH,,99998,34.83915556,-89.99496389,0,12,2,0,1,1,0,1,1,1,0,1,0,0000000,13,42,13,46,99,99,0,0,0,1,0
28,280439,1,1,0,0,0,1,1,51,0,26,10,2013,7,2,0,1,2,2,US-49 EAST,,99998,33.11114167,-90.27446667,0,42,0,0,1,1,0,4,2,1,0,1,0,0000000,88,88,88,88,88,88,0,0,0,1,1
28,280440,1,1,0,0,0,1,1,79,0,26,10,2013,7,0,40,0,2,3,SR-35 NORTH,,99998,32.82133611,-89.53935833,0,42,0,0,1,1,0,4,2,1,0,1,0,0000000,88,88,88,88,88,88,0,0,0,1,1
28,280441,2,2,0,0,0,5,5,7,0,26,10,2013,7,15,30,0,2,3,SR-12 EAST,SR-19,99998,33.06604444,-89.57823611,0,12,6,0,2,2,0,1,1,1,0,1,0,0000000,15,30,15,44,99,99,0,0,0,2,0
28,280442,2,2,0,0,0,4,4,93,0,6,10,2013,1,17,35,0,6,4,CR-MOORE LOOP,CR-MOORE CROSSING,99998,34.82336944,-89.68146111,0,12,6,0,2,2,0,1,1,1,0,1,0,0000000,17,35,17,51,99,99,0,0,0,1,0
28,280443,1,1,0,1,1,2,2,75,1590,15,10,2013,3,18,58,0,2,3,SR-OLD HIGHWAY 80 WEST,,99998,32.35636389,-88.74808889,0,8,0,0,1,1,0,1,3,1,0,1,0,0000000,18,58,19,1,99,99,0,0,0,1,0
28,280444,1,1,0,1,1,1,1,49,1220,15,10,2013,3,21,36,1,13,2,US-49 MEDGAR EVERS BLVD,GARY DRIVE,99998,32.3714,-90.24864444,0,8,0,0,3,3,0,1,3,1,0,1,0,0000000,21,36,21,38,99,99,0,0,0,1,0
28,280445,2,1,1,1,1,3,3,49,0,20,10,2013,1,0,7,1,1,1,I-20 EAST,,99998,32.36098333,-90.46843889,0,14,0,0,1,1,0,4,2,5,0,5,0,0000000,0,17,0,25,99,99,0,0,0,1,0
28,280446,1,1,0,0,0,1,1,121,875,26,10,2013,7,18,43,0,16,6,HUGH WARD BLVD,,0,32.35901389,-90.02947222,0,42,0,0,1,1,0,4,5,1,0,1,0,0000000,88,88,88,88,88,88,0,0,0,1,0
28,280447,2,2,0,0,0,3,3,145,0,26,10,2013,7,18,48,0,2,3,SR-30,CR-150,99998,34.54206111,-88.91125,0,53,0,0,3,3,0,4,2,10,0,10,0,0000000,88,88,88,88,88,88,0,0,0,1,1
28,280448,1,1,0,0,0,4,4,123,0,2,6,2013,1,6,39,0,4,4,CR-OLD JACKSON RD,,99998,32.457975,-89.45543056,0,1,0,0,1,1,0,4,1,1,0,1,0,0000000,6,45,7,1,7,22,0,0,0,2,0
28,280449,1,1,0,0,0,1,1,163,0,1,5,2013,4,9,58,0,4,4,CR-OLD BENTON RD,,99998,32.81855,-90.24763333,0,1,0,0,1,1,0,4,1,2,0,2,0,0000000,88,88,88,88,88,88,0,0,0,1,1
28,280450,1,1,0,0,0,2,2,21,0,6,10,2013,1,13,15,0,6,4,CR-BARLAND ROAD,,99998,31.88811389,-90.80404167,0,35,0,0,1,1,0,4,1,1,0,1,0,0000000,13,28,13,40,99,99,0,0,0,1,1
28,280451,1,1,0,0,0,1,1,83,0,11,10,2013,6,2,0,0,6,4,CR-518,,99998,33.66385278,-90.20813333,0,35,0,0,1,1,0,4,6,98,0,98,0,0000000,6,56,99,99,88,88,0,0,0,1,0
28,280452,1,1,0,0,0,1,1,21,0,12,10,2013,7,15,15,0,6,4,CR-CURTIS LUSTER ROAD,,99998,32.076675,-90.76990278,0,18,0,0,1,1,0,4,1,2,0,2,0,0000000,88,88,88,88,88,88,0,0,0,1,0
28,280453,2,2,0,0,0,2,2,77,1640,15,10,2013,3,7,10,0,2,3,SR-27 NORTH,TOMMY JOLLY DRIVE,99998,31.54525556,-90.12178611,0,12,6,0,2,2,0,1,1,1,0,1,0,0000000,88,88,88,88,88,88,0,0,0,1,1
28,280454,1,1,0,0,0,1,1,119,0,29,10,2013,3,22,30,0,6,4,CR-WEST MARKS,CR-LONG ROAD,99998,34.26317222,-90.305725,0,42,0,0,3,3,0,4,2,1,0,1,0,0000000,88,88,88,88,88,88,0,0,0,1,0
28,280455,1,1,0,0,0,1,1,95,0,28,10,2013,2,11,51,0,6,4,CR-DOSTER ROAD,CR- COUNTY BARD ROAD,99998,33.99059167,-88.44278333,0,42,0,0,3,3,0,4,1,10,0,10,0,0000000,11,52,99,99,88,88,0,0,0,1,0
28,280456,1,1,0,0,0,2,2,153,0,28,10,2013,2,23,25,0,6,4,CR-MAGNOLIA HILL ROAD,,99998,31.69577222,-88.67779722,0,34,0,0,1,1,0,6,2,1,0,1,0,0000000,23,25,23,28,99,99,0,0,0,1,1
28,280457,1,1,0,0,0,1,1,53,0,14,9,2013,7,2,34,0,4,4,CR-RD BEASLEY BAYOU RD,,99998,33.25968056,-90.609775,0,1,0,0,1,1,0,4,3,1,0,1,0,0000000,88,88,88,88,88,88,0,0,0,1,1
28,280458,1,1,0,0,0,1,1,49,0,31,10,2013,5,16,10,1,1,1,I-20 EAST,,99998,32.35415278,-90.39733056,0,42,0,0,1,1,0,4,1,2,0,2,0,0000000,88,88,88,88,88,88,0,0,0,1,0
28,280459,1,1,0,0,0,1,1,147,0,1,11,2013,6,19,23,0,2,3,SR-583,,99998,31.31649167,-90.22194167,0,42,0,0,1,1,0,4,2,1,0,1,0,0000000,99,98,99,98,88,88,0,0,0,1,1
28,280460,1,1,0,0,0,1,1,29,0,3,11,2013,1,5,0,0,6,4,CR-LEE AVENUE,,99998,31.98983056,-90.33314722,0,42,0,0,1,1,0,4,3,1,0,1,0,0000000,4,27,4,37,88,88,0,0,0,1,0
28,280461,2,2,0,0,0,5,5,145,0,3,11,2013,1,11,0,0,2,3,SR-370,,99998,34.57324167,-88.83504167,0,12,2,0,1,1,0,1,1,1,0,1,0,0000000,11,0,11,2,99,99,0,0,0,1,0
28,280462,1,1,0,0,0,2,2,81,0,4,11,2013,2,16,24,0,6,4,CR-261,,99998,34.22790556,-88.78505833,0,35,0,0,1,1,0,4,1,1,0,1,0,0000000,16,24,16,27,99,99,0,0,0,1,0
28,280463,1,1,0,0,0,1,1,61,0,5,11,2013,3,9,18,1,1,1,I-59 NORTH,,1080,31.81829722,-89.05182222,0,31,0,0,1,1,0,5,1,1,0,1,0,0000000,9,8,99,98,88,88,0,0,0,1,0
28,280464,1,1,0,0,0,1,1,67,1310,5,11,2013,3,21,25,0,16,6,WEST 5TH STREET,NORTH 15TH AVENUE,0,31.69441944,-89.14666389,0,30,0,0,3,2,0,4,3,1,0,1,0,0000000,99,98,99,98,88,88,20,0,0,1,0
28,280465,2,2,0,0,0,2,2,75,0,6,11,2013,4,6,50,0,2,3,SR-19 SOUTH,,99998,32.43192222,-88.79033889,0,12,6,0,1,1,0,1,1,1,0,1,0,0000000,6,50,6,54,99,99,0,0,0,2,0
28,280466,1,1,0,1,1,1,1,121,870,6,11,2013,4,18,41,1,2,2,US-49 SOUTH,,99998,32.13704444,-90.12778611,0,8,0,0,1,1,0,1,2,2,0,2,0,0000000,88,88,88,88,88,88,0,0,0,1,0
28,280467,2,2,0,0,0,4,4,31,0,7,11,2013,5,16,12,1,2,2,US-84 EAST,SR-184,99998,31.63334722,-89.588875,0,12,6,0,3,2,0,1,1,1,0,1,0,0000000,16,12,16,20,99,99,0,0,0,2,0
28,280468,1,1,0,0,0,4,4,59,1900,9,11,2013,7,1,41,0,16,6,WASHINGTON AVENUE,,0,30.34571667,-88.53193056,0,33,0,0,1,1,0,4,2,1,0,1,0,0000000,1,40,1,41,99,99,0,0,0,1,1
28,280469,1,1,0,0,0,4,4,71,1860,9,11,2013,7,4,44,0,2,3,SR-7,,99998,34.3604,-89.50661389,0,1,0,0,1,1,0,5,3,1,0,1,0,0000000,4,44,4,47,99,99,0,0,0,2,1
28,280470,2,2,0,0,0,2,2,51,0,10,11,2013,1,2,15,0,2,3,SR-17 SOUTH,,99998,33.24013611,-90.04201944,0,12,2,0,1,1,0,1,2,10,0,10,0,0000000,2,25,2,49,99,99,0,0,0,2,1
28,280471,3,3,0,0,0,4,4,49,1220,4,8,2013,1,14,43,0,16,6,OLD CANTON ROAD,,0,32.384275,-90.11734722,0,12,2,0,1,1,0,1,1,1,0,1,0,0000000,14,43,14,45,99,99,0,0,0,1,1
28,280472,1,1,0,0,0,2,2,89,0,10,11,2013,1,13,30,0,2,3,SR-16 EAST,,99998,32.67608333,-89.79207778,0,1,0,0,1,1,0,5,1,1,0,1,0,0000000,13,30,13,46,99,99,0,0,0,1,0
28,280473,1,1,0,0,0,1,1,35,1050,11,11,2013,2,6,22,0,16,6,TUSCAN AVENUE,,0,31.30625556,-89.28339167,0,38,0,0,1,1,0,5,4,1,0,1,0,0000000,88,88,88,88,88,88,0,0,0,1,1
28,280474,2,2,0,0,0,3,3,117,0,12,11,2013,3,14,55,0,2,3,SR-4,,99998,34.69523611,-88.61989167,0,12,2,0,1,1,0,1,1,10,0,10,0,0000000,14,55,15,0,99,99,0,0,0,1,0
28,280475,1,1,0,0,0,1,1,151,0,13,11,2013,4,12,50,0,2,3,SR-1 NORTH,,0,33.14081389,-91.06605833,0,59,0,0,1,1,0,5,1,1,0,1,0,0000000,12,50,13,17,99,99,0,0,0,1,0
28,280476,1,1,0,0,0,1,1,123,0,14,11,2013,5,10,9,0,2,3,SR-13 SOUTH,,0,32.55406389,-89.61841944,0,42,0,0,1,1,0,5,1,1,0,1,0,0000000,10,9,10,20,88,88,0,0,0,1,0
28,280477,1,1,0,1,1,1,1,59,1680,15,11,2013,6,3,43,1,2,3,SR-63 NORTH,FREDERICK STREET,99998,30.39881111,-88.50924167,0,8,0,0,3,2,0,1,2,10,0,10,0,0000000,88,88,88,88,88,88,0,0,0,1,0
28,280478,3,3,0,1,1,3,3,49,1220,15,11,2013,6,18,2,0,16,6,GALLATIN STREET,,0,32.28753889,-90.1929,0,8,0,0,1,1,0,1,3,1,0,1,0,0000000,88,88,88,88,88,88,0,0,0,1,0
28,280479,2,2,0,0,0,2,2,73,0,16,11,2013,7,21,50,0,6,4,CR-CARTER CIRCLE,,99998,31.272325,-89.35589722,0,12,7,0,1,1,0,1,2,10,0,10,0,0000000,88,88,88,88,88,88,0,0,0,1,2
28,280480,1,1,0,0,0,1,1,33,0,17,11,2013,1,18,45,0,2,3,SR-305 NORTH,,99998,34.77372778,-89.81190833,0,35,0,0,1,1,0,4,2,10,0,10,0,0000000,99,98,99,98,88,88,0,0,0,1,0
28,280481,4,4,0,0,0,5,5,47,0,17,11,2013,1,21,57,1,2,2,US-90,VETERANS AVENUE,99998,30.39354167,-88.94716111,0,12,1,0,3,2,0,1,2,2,0,2,0,0000000,21,57,22,0,99,99,0,0,0,1,1
28,280482,2,2,0,0,0,4,4,47,230,16,11,2013,7,19,58,1,2,2,US-90 WEST,HOPKINS BLVD,0,30.39427778,-88.89527778,0,12,6,1,2,3,0,1,3,1,0,1,0,0000000,19,58,20,0,99,99,0,0,0,2,1
28,280483,1,1,0,0,0,2,2,45,0,18,11,2013,2,4,50,1,1,1,I-10 WEST,,60,30.33081111,-89.55028056,0,42,0,0,1,1,0,3,2,2,0,2,0,0000000,4,50,4,55,99,99,0,0,0,1,1
28,280484,2,2,0,0,0,3,3,155,0,18,11,2013,2,15,0,0,2,3,SR-15,NATCHEZ TRACE PARKWAY,99998,33.66310278,-89.060075,0,12,6,0,2,2,0,1,1,1,0,1,0,0000000,15,0,15,13,99,99,0,0,0,1,0
28,280485,2,2,0,0,0,2,2,81,0,20,11,2013,4,14,47,0,6,4,CR-1498,,99998,34.326675,-88.57533056,0,12,2,0,1,1,0,1,1,1,0,1,1,0000000,14,47,15,0,99,99,0,0,0,1,0
28,280486,1,1,0,0,0,1,1,51,0,21,11,2013,5,5,45,1,1,1,I-55 NORTH,,99998,32.92674444,-89.99236667,0,32,0,0,1,1,0,3,4,10,0,10,0,0000000,99,98,99,98,88,88,0,0,0,1,0
28,280487,2,2,0,0,0,2,2,141,0,21,11,2013,5,16,10,1,2,3,SR-25,,99998,34.73150556,-88.22408056,0,12,2,0,1,1,0,1,1,10,0,10,0,0000000,16,10,16,14,99,99,0,0,0,1,0
28,280488,1,1,0,0,0,2,2,149,2690,1,11,2013,6,0,8,0,16,6,GRANGE HALL ROAD,,0,32.25155,-90.91776667,0,42,0,0,1,1,0,4,3,10,0,10,0,0000000,88,88,88,88,88,88,0,0,0,2,1
28,280489,1,1,0,0,0,3,3,97,1240,15,11,2013,6,14,44,0,16,6,PECAN DRIVE,,0,33.43338611,-89.57321389,0,42,0,0,1,1,0,4,1,10,0,10,0,0000000,14,44,14,48,99,99,0,0,0,1,0
28,280490,1,1,0,0,0,1,1,1,0,22,11,2013,6,12,29,0,6,4,CR-MORGANTOWN ROAD,,99998,31.59041111,-91.33462778,0,42,0,0,1,1,0,4,9,99,0,99,0,0000000,0,29,99,99,99,99,0,0,0,1,0
28,280491,2,2,0,0,0,2,2,3,0,22,11,2013,6,17,35,1,2,2,US-72 WEST,CR-735,99998,34.93125278,-88.58090833,0,12,6,0,2,3,0,1,2,2,10,2,0,0000000,88,88,88,88,88,88,0,0,0,1,0
28,280492,3,3,0,0,0,3,3,121,1918,23,10,2013,4,9,50,0,2,3,SR-475,CR-REUBEN BROWN ROAD,99998,32.25566944,-90.08166111,0,12,2,0,2,3,0,1,1,1,0,1,0,0000000,88,88,88,88,88,88,0,0,0,1,0
28,280493,1,1,0,0,0,1,1,3,0,23,11,2013,7,19,59,0,6,4,CR-400,,0,34.89586111,-88.49764444,0,43,0,0,1,1,0,5,3,1,0,1,0,0000000,19,59,20,3,99,99,0,0,0,1,1
28,280494,1,1,0,0,0,1,1,63,0,23,11,2013,7,21,20,0,6,4,CR-MABLE ALDRIDGE ROAD,,0,99.99990000,999.99990000,0,42,0,0,1,1,0,5,6,98,0,98,0,0000000,18,28,18,33,99,99,0,0,0,1,0
28,280495,1,1,0,1,1,1,1,47,230,24,11,2013,1,3,16,0,2,3,SR-67,,99998,30.4704,-88.90855278,0,8,0,0,1,1,0,1,2,1,0,1,0,0000000,88,88,88,88,88,88,0,0,0,1,0
28,280496,1,1,0,0,0,1,1,67,1310,24,11,2013,1,10,48,1,1,1,I-59 SOUTH,,99998,31.70118056,-89.11765556,0,59,0,0,1,1,0,5,1,1,0,1,0,0000000,99,99,99,99,99,99,0,0,0,1,0
28,280497,2,2,0,0,0,2,2,71,0,22,11,2013,6,6,0,0,2,3,SR-7 NORTH,,0,34.40685278,-89.495,0,12,6,0,1,1,0,1,2,2,0,2,0,0000000,88,88,88,88,88,88,0,0,0,1,0
28,280498,1,1,0,0,0,1,1,143,0,27,11,2013,4,7,54,1,2,2,US-61 NORTH,HARRAH'S PARKWAY NORTH,99998,34.85956944,-90.24807222,0,30,0,0,3,2,0,4,1,1,0,1,0,0000000,7,54,8,11,88,88,0,0,0,1,0
28,280499,1,1,0,0,0,1,1,47,0,1,12,2013,1,0,27,0,4,3,SR-605,,99998,30.54909444,-89.02864444,0,33,0,0,1,1,0,4,2,1,0,1,0,0000000,99,98,99,98,88,88,0,0,0,1,1
28,280500,1,1,0,0,0,1,1,67,0,1,12,2013,1,18,35,1,2,2,US-84,,99998,31.67176389,-89.28464167,0,1,0,0,1,1,0,4,2,1,0,1,0,0000000,18,51,19,22,19,36,0,0,0,1,0
28,280501,2,2,0,0,0,2,2,47,230,27,11,2013,4,21,56,0,2,3,SR-67 SOUTH,,99998,30.48664722,-88.91271667,0,12,2,0,1,1,0,1,2,1,0,1,0,0000000,21,56,21,57,99,99,0,0,0,2,0
28,280502,1,1,0,0,0,1,1,9,0,2,12,2013,2,13,48,0,4,3,SR-5,,99998,34.892875,-89.21059444,0,35,0,0,1,1,0,4,1,1,0,1,0,0000000,13,48,99,99,99,99,0,0,0,1,0
28,280503,1,1,0,1,1,1,1,33,0,28,11,2013,5,0,11,1,2,3,SR-302,,99998,34.96224444,-89.73529722,0,8,0,0,1,1,0,1,2,1,0,1,0,0000000,88,88,88,88,88,88,0,0,0,1,0
28,280504,1,1,0,0,0,1,1,131,0,29,11,2013,6,5,10,0,6,4,CR-NEW HOPE ROAD,,99998,30.85900278,-89.17134167,0,23,0,0,1,1,0,5,2,1,0,1,0,0000000,99,98,99,98,88,88,0,0,0,1,1
28,280505,1,1,0,0,0,2,2,49,0,2,12,2013,2,19,36,0,4,4,CR-MCFARLAND RD,,99998,32.24914444,-90.33999444,0,42,0,0,1,1,0,4,2,1,0,1,0,0000000,19,40,19,52,20,22,0,0,0,1,0
28,280506,1,1,0,0,0,1,1,117,0,2,12,2013,2,23,46,0,13,3,SR-364,,99998,34.6853,-88.407175,0,34,0,0,1,1,0,4,2,5,0,5,0,0000000,99,98,99,98,88,88,0,0,0,1,0
28,280507,1,1,0,0,0,1,1,115,0,3,12,2013,3,7,44,0,14,3,SR-336,,99998,34.26976111,-89.043725,0,42,0,0,1,1,0,4,1,5,0,5,0,0000000,7,44,99,99,99,99,0,0,0,1,0