STATE,ST_CASE,VE_TOTAL,VE_FORMS,PVH_INVL,PEDS,PERNOTMVIT,PERMVIT,PERSONS,COUNTY,CITY,DAY,MONTH,YEAR,DAY_WEEK,HOUR,MINUTE,NHS,ROAD_FNC,ROUTE,TWAY_ID,TWAY_ID2,MILEPT,LATITUDE,LONGITUD,SP_JUR,HARM_EV,MAN_COLL,RELJCT1,RELJCT2,TYP_INT,WRK_ZONE,REL_ROAD,LGT_COND,WEATHER1,WEATHER2,WEATHER,SCH_BUS,RAIL,NOT_HOUR,NOT_MIN,ARR_HOUR,ARR_MIN,HOSP_HR,HOSP_MN,CF1,CF2,CF3,FATALS,DRUNK_DR
28,280508,1,1,0,0,0,4,4,107,0,29,11,2013,6,19,0,0,6,4,CR-HENTZ ROAD,,0,34.225875,-89.92639444,0,35,0,0,1,1,0,5,2,1,0,1,0,0000000,19,4,19,12,99,99,0,0,0,1,1
28,280509,1,1,0,0,0,1,1,69,0,2,11,2013,7,1,49,0,6,4,CR-NEW HOPE ROAD,CR-OLD JACKSON ROAD,99998,32.73700556,-88.73425,0,42,0,0,3,3,0,4,2,1,0,1,0,0000000,99,98,99,98,88,88,0,0,0,1,1
28,280510,1,1,0,0,0,1,1,143,0,1,11,2013,6,4,41,0,4,4,CR-OLD HWY 61,,99998,34.77816944,-90.34273333,0,34,0,0,1,1,0,4,2,1,0,1,0,0000000,88,88,88,88,88,88,0,0,0,1,1
28,280511,1,1,0,0,0,1,1,49,1220,29,11,2013,6,20,51,0,6,6,STATE STREET,,0,32.28820278,-90.18250556,0,10,0,0,6,1,0,1,3,1,0,1,0,9999999,20,51,20,58,99,99,0,0,0,1,0
28,280512,2,2,0,0,0,2,2,133,0,3,12,2013,3,12,10,1,2,2,US-49 WEST,,99998,33.59342778,-90.522675,0,12,8,0,1,1,0,1,1,1,0,1,0,0000000,88,88,88,88,88,88,0,0,0,1,1
28,280513,1,1,0,0,0,1,1,81,2300,3,12,2013,3,13,11,1,2,2,US-45 SOUTH,,99998,34.11726667,-88.70149167,0,21,0,0,1,1,0,3,1,1,0,1,0,0000000,99,99,99,99,88,88,0,0,0,1,0
28,280514,2,2,0,0,0,3,3,31,0,4,12,2013,4,15,41,1,2,2,US-84 EAST,,99998,31.62584167,-89.61712222,0,12,1,0,1,1,0,1,1,10,0,10,0,0000000,15,41,15,45,99,99,0,0,0,1,1
28,280515,1,1,0,0,0,1,1,105,0,4,12,2013,4,23,16,0,6,4,CR-OLD WEST POINT ROAD,,99998,33.528325,-88.68925556,0,42,0,0,1,1,0,5,2,10,0,10,0,0000000,99,98,99,98,88,88,0,0,0,1,1
28,280516,1,1,0,0,0,1,1,73,0,5,12,2013,5,1,53,0,6,4,CR-WPA ROAD,OLD HWY 24,0,31.27086944,-89.50143889,0,42,0,0,3,2,0,5,2,10,0,10,0,0000000,1,53,2,1,99,99,0,0,0,1,0
28,280517,2,2,0,0,0,2,2,43,0,5,12,2013,5,11,20,0,2,3,SR-8,,99998,33.76218333,-89.55204444,0,12,8,0,1,1,0,1,1,1,0,1,0,0000000,11,20,11,25,99,99,0,0,0,1,0
28,280518,1,1,0,0,0,3,3,85,0,5,12,2013,5,18,44,1,2,2,US-51,,99998,31.64954167,-90.42688056,0,1,0,0,1,1,0,5,2,10,0,10,0,0000000,18,44,18,54,99,99,0,0,0,1,0
28,280519,1,1,0,1,1,3,3,11,0,7,12,2013,7,4,0,1,2,2,US-61SOUTH,,0,34.04273333,-90.73988611,0,8,0,0,1,1,0,1,2,6,0,6,0,0000000,88,88,88,88,88,88,0,0,0,1,0
28,280520,1,1,0,0,0,1,1,131,0,7,12,2013,7,99,99,0,6,4,CR-KING BEE ROAD,CR-ONEAL ROAD,99998,30.80098056,-89.01888611,0,1,0,1,3,3,0,5,2,2,0,2,0,0000000,18,37,18,44,99,99,0,0,0,1,1
28,280521,2,2,0,0,0,3,3,33,1830,12,12,2013,5,8,17,0,13,2,US-78,,0,34.93321667,-89.80840278,0,12,1,0,1,1,0,1,1,1,0,1,0,0000000,8,29,8,45,9,21,0,0,0,1,0
28,280522,1,1,0,0,0,1,1,65,0,12,12,2013,5,21,4,0,4,3,SR-42,,99998,31.551975,-89.83038889,0,32,0,0,1,1,0,4,2,1,0,1,0,0000000,99,99,99,99,99,99,0,0,0,1,0
28,280523,1,1,0,0,0,1,1,129,0,13,12,2013,6,19,36,0,4,4,CR-8,,99998,31.81073611,-89.49078611,0,34,0,0,1,1,0,4,2,1,0,1,0,0000000,99,98,99,98,88,88,0,0,0,1,1
28,280524,1,1,0,0,0,1,1,113,0,13,12,2013,6,22,11,0,4,4,CR-FERNWOOD RD,,99998,31.17078056,-90.39376389,0,42,0,0,1,1,0,6,2,1,10,10,0,0000000,99,98,99,98,88,88,0,0,0,1,0
28,280525,1,1,0,0,0,2,2,49,371,14,12,2013,7,21,20,0,16,6,SPRINGRIDGE RD,,0,32.17059444,-90.31583889,0,30,0,0,1,1,0,4,2,1,0,1,0,0000000,21,26,21,50,22,20,0,0,0,1,0
28,280526,1,1,0,0,0,1,1,159,0,16,12,2013,2,7,9,0,4,3,SR-15,,99998,32.96901389,-89.07288333,0,1,0,0,1,1,0,4,1,1,0,1,0,0000000,99,99,99,99,99,99,0,0,0,1,0
28,280527,3,3,0,0,0,3,3,35,1050,18,12,2013,4,19,0,0,13,2,US-49,OLLIE WILLIAMS RD,99998,31.18631389,-89.25154722,0,12,6,0,2,2,0,1,3,1,0,1,0,0000000,19,11,19,39,20,20,0,0,0,1,0
28,280528,1,1,0,0,0,1,1,31,0,8,12,2013,1,19,23,1,2,2,US-84 WEST,,0,31.67455278,-89.48482778,0,42,0,0,1,1,0,5,2,2,10,2,0,0000000,19,23,19,40,99,99,0,0,0,1,0
28,280529,1,1,0,0,0,1,1,145,0,18,12,2013,4,21,0,0,13,3,SR-178,,99998,34.55373056,-89.11543333,0,35,0,0,1,1,0,6,1,1,0,1,0,0000000,88,88,88,88,88,88,20,0,0,1,1
28,280530,2,2,0,0,0,2,2,95,0,9,12,2013,2,3,41,1,2,2,US-45 NORTH,DRYDEN ROAD,99998,33.98286389,-88.61816111,0,12,6,0,3,3,0,1,2,2,0,2,0,0000000,3,47,4,13,99,99,0,0,0,1,0
28,280531,3,3,0,0,0,3,3,29,630,10,12,2013,3,9,50,0,2,3,SR-27,NORTH JACKSON STREET,99998,32.00707222,-90.34566111,0,12,2,0,2,2,0,1,1,10,0,10,0,0000000,9,50,9,54,99,99,0,0,0,1,1
28,280532,1,1,0,0,0,4,4,9,0,10,12,2013,3,19,20,0,6,4,CR-340 LITTLE EGYPT ROAD,,0,34.84401944,-89.16309444,0,42,0,0,1,1,0,5,2,1,0,1,0,0000000,19,20,19,21,99,99,0,0,0,1,0
28,280533,2,2,0,0,0,2,2,5,0,11,12,2013,4,10,52,0,2,3,SR-24 WEST,,99998,31.19813056,-90.61948611,0,12,2,0,1,1,0,1,1,1,0,1,0,0000000,88,88,88,88,88,88,0,0,0,1,1
28,280534,2,2,0,0,0,4,4,89,1500,19,12,2013,5,19,23,0,16,6,HIGHLAND COLONY PARKWAY,LAKE CASTLE ROAD,0,32.45855278,-90.15576111,0,12,6,0,2,2,0,1,3,1,0,1,0,0000000,19,23,19,32,99,99,0,0,0,1,0
28,280535,1,1,0,1,1,2,2,93,0,19,12,2013,5,20,14,1,2,2,US-78 WEST,,99998,34.84014444,-89.61478889,0,8,0,1,5,1,0,1,2,10,0,10,0,0000000,88,88,88,88,88,88,0,0,0,1,0
28,280536,3,3,0,0,0,3,3,47,1020,20,12,2013,6,10,2,1,2,2,US-90 WEST,33RD AVENUE,99998,30.36300833,-89.10141944,0,12,6,0,3,2,0,1,1,1,0,1,0,0000000,10,2,10,6,99,99,0,0,0,1,0
28,280537,2,2,0,0,0,3,3,91,0,20,12,2013,6,10,30,1,2,2,US-98 EAST,FIRETOWER CUTOFF ROAD,99998,31.21031111,-89.92659444,0,12,6,0,2,2,0,1,1,10,0,10,0,0000000,10,52,10,56,99,99,0,0,0,1,0
28,280538,1,1,0,1,1,2,2,127,1510,24,12,2013,3,23,55,0,16,6,5TH AVE NE,,0,31.87870278,-89.72658333,0,9,0,0,1,1,0,1,3,1,0,1,0,0000000,88,88,88,88,88,88,0,0,0,1,0
28,280539,1,1,0,0,0,1,1,15,0,25,12,2013,4,14,20,0,13,3,SR-35,,99998,33.48838889,-89.88819722,0,34,0,0,1,1,0,4,1,1,0,1,0,0000000,14,41,15,10,15,48,0,0,0,1,0
28,280540,1,1,0,1,1,1,1,93,1140,26,12,2013,5,10,5,0,16,3,SR-178 MEMPHIS ST,PARK ST,0,34.77030278,-89.44858333,0,8,0,0,2,2,0,1,1,1,0,1,0,0000000,88,88,88,88,88,88,0,0,0,1,0
28,280541,3,3,0,1,1,3,3,49,1220,20,12,2013,6,19,53,1,2,2,US-80 EAST,,0,32.28646389,-90.210775,0,8,0,0,1,1,0,1,3,1,0,1,0,0000000,88,88,88,88,88,88,0,0,0,1,0
28,280542,1,1,0,0,0,1,1,57,0,21,12,2013,7,1,38,0,6,4,CR-JOHN RANKIN HWY,,99998,34.43426111,-88.36456944,0,42,0,0,1,1,0,5,2,10,0,10,0,0000000,99,98,99,98,88,88,0,0,0,1,1
28,280543,1,1,0,1,1,1,1,49,0,21,12,2013,7,7,17,1,2,2,US-49 SOUTH,,99998,32.46106944,-90.29061667,0,8,0,0,1,1,0,1,4,10,0,10,0,0000000,88,88,88,88,88,88,0,0,0,1,0
28,280545,4,4,0,0,0,9,9,99,0,22,12,2013,1,12,45,0,2,3,SR-19 NORTH,,99998,32.894325,-89.20242778,0,12,6,0,1,1,0,1,1,1,0,1,0,0000000,13,2,13,37,99,99,0,0,0,1,1
28,280546,2,2,0,0,0,6,6,107,0,23,12,2013,2,12,0,1,2,2,US-278,TERZA ROAD,99998,34.32343056,-89.84235,0,12,6,0,2,2,0,1,1,10,0,10,0,0000000,12,37,12,37,99,99,0,0,0,1,0
28,280547,1,1,0,0,0,1,1,75,0,23,12,2013,2,23,10,0,2,3,SR-493,,99998,32.49560278,-88.72638056,0,42,0,0,1,1,0,5,2,1,0,1,0,0000000,99,98,99,98,88,88,0,0,0,1,0
28,280548,2,2,0,0,0,2,2,43,0,26,12,2013,5,10,37,1,2,3,SR-8 WEST,CR-DONLEY ROAD,99998,33.78590833,-89.89531944,0,12,6,0,2,3,0,1,1,1,0,1,0,0000000,88,88,88,88,88,88,0,0,0,1,0
28,280549,1,1,0,1,1,2,2,141,0,26,12,2013,5,18,5,1,2,3,SR-25 SOUTH,,0,34.79720278,-88.20753611,0,8,0,0,1,1,0,1,2,1,0,1,0,0000000,88,88,88,88,88,88,0,0,0,1,0
28,280550,1,1,0,0,0,1,1,121,0,26,12,2013,5,20,20,0,2,3,SR-43 NORTH,,99998,32.24626389,-89.77155556,0,42,0,0,1,1,0,5,2,1,0,1,0,0000000,20,20,20,38,99,99,0,0,0,1,0
28,280551,1,1,0,0,0,1,1,145,0,27,12,2013,6,21,44,0,6,4,CR-73 NORTH,,0,34.53091389,-89.05895833,0,34,0,0,1,1,0,5,2,1,0,1,0,0000000,21,44,21,49,99,99,0,0,0,1,1
28,280552,1,1,0,0,0,1,1,95,0,28,12,2013,7,21,43,0,6,4,CR-FLOWER FARM ROAD,,99998,33.71183056,-88.40558056,0,42,0,0,1,1,0,5,2,2,0,2,0,0000000,99,98,99,98,88,88,0,0,0,1,0
28,280553,1,1,0,0,0,1,1,67,0,30,12,2013,2,16,33,0,2,3,SR-29 NORTH,,0,31.48300833,-89.096875,0,42,0,0,1,1,0,5,1,1,0,1,0,0000000,99,98,99,98,88,88,0,0,0,1,0
28,280554,1,1,0,0,0,1,1,75,1545,31,12,2013,3,20,20,1,2,2,US-45 NORTH,,0,32.43106944,-88.64034722,0,42,0,0,1,1,0,5,2,10,0,10,0,0000000,20,19,99,99,88,88,0,0,0,1,0
28,280555,1,1,0,0,0,1,1,33,2422,31,12,2013,3,21,59,1,1,1,I-55 SOUTH,,99998,34.93394722,-89.99573889,0,33,0,1,5,1,0,8,2,1,0,1,0,0000000,21,59,22,0,99,99,0,0,0,1,1
28,280556,1,1,0,1,1,1,1,91,0,29,12,2013,1,21,9,0,2,3,SR-35 NORTH,,0,31.21913889,-89.87111667,0,8,0,0,1,1,0,1,2,1,0,1,0,0000000,21,9,21,16,99,99,0,0,0,1,0
28,280557,2,2,0,1,1,3,3,59,1680,28,12,2013,7,19,14,0,16,6,SHORTCUT ROAD,,0,30.391075,-88.51283056,0,8,0,0,1,1,0,1,2,1,0,1,0,0000000,88,88,88,88,88,88,0,0,0,1,0
28,280558,2,2,0,2,2,2,2,59,1680,28,12,2013,7,5,43,1,1,1,I-10 EAST,,99998,30.43804167,-88.55855278,0,8,0,0,1,1,0,1,2,2,0,2,0,0000000,5,43,6,0,99,99,0,0,0,2,0
28,280559,1,1,0,0,0,2,2,5,0,6,11,2013,4,21,35,0,4,3,SR-24,,99998,31.16558333,-90.76809167,0,35,0,0,1,1,0,6,1,10,0,10,0,0000000,21,54,22,12,22,39,0,0,0,1,0
28,280560,1,1,0,0,0,4,4,157,0,30,11,2013,7,2,23,0,4,3,SR-24,,99998,31.08160833,-91.17783889,0,35,0,0,1,1,0,4,2,1,0,1,0,0000000,2,33,3,11,4,0,0,0,0,1,0
28,280561,1,1,0,0,0,1,1,93,0,29,12,2013,1,18,35,0,4,4,CR- LAWS RD,,99998,34.64239722,-89.55907778,0,34,0,0,1,1,0,4,2,1,0,1,0,0000000,88,88,88,88,88,88,0,0,0,1,0
29,290001,1,1,0,0,0,1,1,67,0,1,1,2013,3,1,30,0,4,3,SR-N,CR-315,18,36.83833333,-92.58552778,0,59,0,0,1,1,0,4,2,8,0,8,0,0000000,99,98,99,98,88,88,0,0,0,1,1
29,290002,1,1,0,0,0,1,1,97,0,3,1,2013,5,23,35,0,4,3,SR-E,CR-118,25,37.15466667,-94.26947222,0,42,0,0,3,3,0,4,2,8,0,8,0,0000000,99,98,99,98,88,88,0,0,0,1,1
29,290003,2,2,0,1,1,2,2,510,7080,2,1,2013,4,17,18,0,14,6,N BROADWAY AVE,WALTER AVE,10,38.71350833,-90.23016944,0,8,0,0,2,4,0,1,3,1,0,1,0,0000000,99,98,99,98,88,88,14,0,0,1,0
29,290004,3,3,0,1,1,3,3,189,2780,5,1,2013,7,23,21,1,11,1,I-270,,69,38.77319444,-90.31183333,0,8,0,0,1,1,0,1,3,1,0,1,0,0000000,23,15,23,18,23,40,23,0,0,1,0
29,290005,2,2,0,0,0,3,3,163,0,6,1,2013,1,14,15,1,2,2,US-54,,81,39.34459167,-91.29695278,0,12,2,0,1,1,0,4,1,1,0,1,0,0000000,14,29,14,59,15,42,0,0,0,2,0
29,290006,1,1,0,0,0,1,1,51,0,7,1,2013,2,9,55,1,12,2,US-54,,144,38.51919444,-92.23305556,0,35,0,0,1,1,0,3,1,1,0,1,0,0000000,99,99,99,99,99,99,0,0,0,1,0
29,290007,1,1,0,1,1,1,1,99,0,7,1,2013,2,17,45,0,14,3,SR-A,,67,38.22566667,-90.45036111,0,8,0,0,1,1,0,1,2,8,1,8,0,0000000,99,98,99,98,88,88,19,0,0,1,0
29,290008,2,2,0,0,0,3,3,107,0,9,1,2013,4,12,3,0,4,3,SR-224,,112,39.17111111,-93.90988889,0,12,2,0,1,1,0,1,1,1,0,1,0,0000000,12,5,12,13,99,99,0,0,0,1,0
29,290009,1,1,0,1,1,2,2,15,8130,9,1,2013,4,19,18,1,2,3,SR-7,MAIN ST,111,38.24475,-93.38569444,0,8,0,0,1,1,0,1,2,10,0,10,0,0000000,19,23,19,28,99,99,0,0,0,1,1
29,290010,2,2,0,0,0,3,3,91,5490,14,1,2013,2,13,46,1,2,2,US-60,SR-17,219,37.00118889,-91.67465833,0,12,6,0,2,2,0,1,1,1,0,1,0,0000000,99,99,99,99,99,99,0,0,0,1,0
29,290011,2,2,0,0,0,6,6,97,0,12,1,2013,7,12,24,1,1,1,I-44,,169,37.07908333,-94.14738889,0,12,2,0,1,1,0,1,1,10,0,10,0,0000000,10,6,10,10,99,99,0,0,0,2,0
29,290012,1,1,0,0,0,2,2,227,0,18,1,2013,6,20,26,0,3,3,SR-Y,,14,40.52469444,-94.34130556,0,35,0,0,1,1,0,4,2,1,0,1,0,0000000,20,35,21,8,21,54,0,0,0,1,0
29,290013,1,1,0,0,0,1,1,69,0,19,1,2013,7,6,0,0,4,3,SR-164,,0,36.03841667,-90.29311111,0,1,0,0,1,1,0,4,2,1,0,1,0,0000000,99,98,99,98,88,88,0,0,0,1,1
29,290014,2,2,0,0,0,2,2,195,0,19,1,2013,7,4,45,0,3,3,SR-240,,57,39.12822222,-93.11513889,0,12,2,0,1,1,0,1,2,1,0,1,0,0000000,4,57,5,39,6,25,0,0,0,1,0
29,290015,1,1,0,0,0,1,1,43,0,22,1,2013,3,22,10,0,6,6,ELK VALLEY RD,,21,36.97391667,-93.20313889,0,38,0,0,1,1,0,4,2,10,0,10,0,0000000,22,16,22,22,22,57,0,0,0,1,0
29,290016,1,1,0,0,0,2,2,99,0,16,1,2013,4,1,28,0,15,4,CR-MILLER RD,,15,38.40105556,-90.40916667,0,58,0,0,1,1,0,4,2,8,1,8,0,0000000,1,32,1,42,2,20,0,0,0,1,1
29,290017,1,1,0,0,0,3,3,207,0,16,1,2013,4,14,45,0,5,3,SR-AB,,27,36.93713889,-89.87269444,0,1,0,0,1,1,0,4,1,1,0,1,0,0000000,14,53,15,6,15,56,0,0,0,1,0
29,290018,1,1,0,0,0,1,1,219,0,16,1,2013,4,22,0,0,4,4,CR-TOWNSHIP LINE RD,,30,38.87277778,-91.16069444,0,34,0,0,1,1,0,4,2,1,0,1,0,0000000,22,28,22,42,99,99,0,0,0,1,1
29,290019,1,1,0,0,0,3,3,187,0,17,1,2013,5,1,35,0,5,3,SR-AA,,52,37.66325,-90.47655556,0,1,0,0,1,1,0,4,2,1,0,1,0,0000000,1,52,2,18,3,52,0,0,0,1,1
29,290020,1,1,0,0,0,5,5,175,0,20,1,2013,1,20,5,1,2,2,US-63,,244,39.27769444,-92.35341667,0,1,0,0,1,1,0,3,2,1,0,1,0,0000000,20,15,20,22,21,13,0,0,0,1,0
29,290021,1,1,0,0,0,2,2,219,0,12,1,2013,7,10,5,0,6,7,I-70 NOR,,100,38.82063889,-91.09738889,0,42,0,0,1,1,0,4,1,10,0,10,0,0000000,10,12,10,31,11,2,0,0,0,1,1
29,290022,1,1,0,0,0,2,2,117,0,25,1,2013,6,22,0,0,4,3,SR-190,,30,39.83830556,-93.71213889,0,35,0,0,1,1,0,4,2,1,0,1,0,0000000,99,98,99,98,88,88,0,0,0,2,1
29,290023,1,1,0,0,0,1,1,179,0,26,1,2013,7,10,30,0,4,3,SR-H,,56,37.18197222,-90.87022222,0,58,0,0,1,1,0,4,1,1,0,1,0,0000000,99,98,99,98,88,88,0,0,0,1,0
29,290024,1,1,0,1,1,1,1,189,2780,27,1,2013,1,17,54,0,16,6,HUMES LN,,12,38.80819722,-90.32546944,0,8,0,0,1,1,0,1,3,2,0,2,0,0000000,17,54,17,57,18,25,0,0,0,1,0
29,290025,1,1,0,0,0,1,1,119,0,28,1,2013,2,19,20,0,6,4,CR-E INDIAN CREEK RD,,5,36.73773611,-94.11681111,0,30,0,0,1,1,0,4,2,10,0,10,0,0000000,99,98,99,98,88,88,0,0,0,1,0
29,290026,2,2,0,0,0,3,3,69,0,26,1,2013,7,4,13,0,4,3,SR-J,,67,36.56455556,-90.05797222,0,12,2,0,1,1,0,1,2,10,5,5,0,0000000,4,14,4,29,5,23,0,0,0,1,1
29,290027,1,1,0,0,0,2,2,63,0,28,1,2013,2,4,0,0,3,3,SR-31,,108,39.89247222,-94.54586111,0,1,0,0,1,1,0,4,2,5,0,5,0,0000000,99,98,99,98,88,88,0,0,0,2,1
29,290028,2,2,0,0,0,3,3,23,0,29,1,2013,3,18,0,1,2,2,US-67,,156,36.80116667,-90.45425,0,1,0,0,1,1,0,3,2,10,0,10,0,0000000,18,5,18,10,18,35,0,0,0,1,0
29,290029,2,2,0,0,0,2,2,99,0,31,1,2013,5,13,30,0,3,3,SR-110,,32,38.14213889,-90.52672222,0,12,2,0,1,1,0,1,1,10,0,10,0,0000000,13,32,13,39,99,99,0,0,0,1,0
29,290030,2,2,0,0,0,2,2,510,7080,15,1,2013,3,11,50,0,15,6,MERAMEC ST,,4,38.58812778,-90.25808333,0,12,2,0,1,1,0,1,1,10,0,10,0,0000000,11,51,11,58,12,23,0,0,0,1,0
29,290031,1,1,0,0,0,1,1,95,4120,16,1,2013,4,7,26,0,14,6,JAMES A REED,,24,38.97472222,-94.49305833,0,30,0,0,1,1,0,4,3,1,0,1,0,0000000,7,27,7,33,7,59,0,0,0,1,0
29,290032,1,1,0,0,0,1,1,95,4120,23,1,2013,4,16,8,1,12,2,US-71,,64,39.03655556,-94.55419444,0,25,0,0,1,1,0,3,1,10,0,10,0,0000000,99,98,99,98,88,88,0,0,0,1,0
29,290033,1,1,0,0,0,1,1,95,4120,26,1,2013,7,22,6,0,13,6,HOLMES RD,,93,38.87776111,-94.58678333,0,24,0,0,1,1,0,4,2,10,0,10,0,0000000,99,98,99,98,88,88,0,0,0,1,1
29,290034,1,1,0,0,0,1,1,95,4120,27,1,2013,1,0,19,0,6,6,VAN BRUNT BLVD,,8,39.08718889,-94.52035,0,30,0,0,1,1,0,4,3,1,0,1,0,0000000,0,21,0,27,0,43,0,0,0,1,1
29,290035,1,1,0,0,0,1,1,37,0,1,1,2013,3,17,31,0,6,4,CR-245,,8,38.67011111,-94.25413889,0,24,0,0,1,1,0,4,2,1,0,1,0,0000000,99,98,99,98,88,88,0,0,0,1,1
29,290036,1,1,0,0,0,1,1,23,6410,25,1,2013,6,18,51,0,14,3,SR-142,,220,36.73194444,-90.39805556,0,35,0,0,1,1,0,4,2,10,0,10,0,0000000,18,50,18,55,19,21,0,0,0,1,1
29,290037,2,2,0,1,1,1,1,145,7240,29,1,2013,3,4,30,0,6,6,OSAGE ST,CEMETERY RD,2,36.84551389,-94.61264722,0,12,6,0,1,1,0,1,2,10,0,10,0,0000000,99,99,99,99,99,99,23,15,0,1,0
29,290038,1,1,0,0,0,5,5,217,5590,2,2,2013,7,7,7,1,11,1,I-49,,109,37.80494444,-94.31325,0,1,0,0,1,1,0,4,2,10,0,10,0,0000000,7,11,7,24,99,99,0,0,0,1,0
29,290039,2,2,0,0,0,2,2,39,0,2,2,2013,7,7,20,0,3,3,SR-32,,180,37.70888889,-93.84611111,0,12,6,0,1,1,0,1,1,8,0,8,0,0000000,7,40,7,45,99,99,0,0,0,1,0
29,290040,1,1,0,0,0,2,2,115,0,2,2,2013,7,11,20,0,4,3,SR-139,,100,39.89136111,-93.30491667,0,59,0,0,1,1,0,4,1,10,0,10,0,0000000,11,33,12,32,13,38,0,0,0,1,0
29,290041,1,1,0,0,0,1,1,1,0,3,2,2013,1,9,0,0,4,3,SR-K,,7,40.21805556,-92.71583333,0,1,0,0,1,1,0,4,1,1,0,1,0,0000000,99,98,99,98,88,88,0,0,0,1,0
29,290042,4,3,1,0,0,3,3,510,7080,4,2,2013,2,23,23,0,13,6,PAGE BLVD,VANDEVENTER ST,34,38.648875,-90.23419722,0,12,7,0,2,2,0,1,3,1,0,1,0,0000000,23,24,23,28,0,15,0,0,0,1,1
29,290043,2,2,0,0,0,3,3,97,0,6,2,2013,4,17,32,0,4,3,SR-HH,CR-175,34,37.13977778,-94.37247222,0,12,2,0,1,1,0,1,1,10,0,10,0,0000000,99,98,99,98,88,88,0,0,0,2,0
29,290044,2,2,0,0,0,2,2,77,0,12,2,2013,3,4,30,0,4,3,SR-AB,,26,37.26436111,-93.42966667,0,12,2,0,1,1,0,1,2,1,0,1,0,0000000,4,36,4,56,5,29,0,0,0,1,0
29,290045,2,2,0,0,0,5,5,207,2230,9,1,2013,4,14,17,1,13,3,SR-25,CONDER DR,243,36.80213333,-89.94731944,0,12,1,0,3,3,0,1,1,1,0,1,0,0000000,14,25,14,31,15,38,0,0,0,1,0
29,290046,2,2,0,0,0,2,2,207,2230,9,1,2013,4,17,13,0,14,6,ONE MILE RD,ARVIN RD,7,36.79986667,-89.97038333,0,12,6,0,2,2,0,1,3,1,0,1,0,0000000,99,99,99,99,99,99,0,0,0,1,0
29,290047,2,2,0,0,0,2,2,101,0,26,1,2013,7,23,40,0,6,4,CR-1771,,24,38.80360833,-94.07884444,0,12,2,0,1,1,0,1,3,10,0,10,0,0000000,23,56,0,12,1,22,0,0,0,1,2
29,290048,1,1,0,0,0,2,2,95,840,27,1,2013,1,22,10,0,16,6,SW 19TH ST,US 40,3,39.00922222,-94.28653611,0,30,0,0,3,2,0,4,3,10,0,10,0,0000000,22,21,22,26,22,51,20,0,0,1,1
29,290049,1,1,0,0,0,3,3,53,0,29,1,2013,3,18,35,1,1,1,I-70,,12,38.94880556,-93.02622222,0,35,0,0,1,1,0,4,2,2,0,2,0,0000000,18,48,19,5,20,18,0,0,0,1,0
29,290050,1,1,0,0,0,2,2,105,0,31,1,2013,5,15,20,1,1,1,I-44,,276,37.76002778,-92.51716667,0,59,0,0,1,1,0,4,1,10,0,10,0,0000000,15,33,15,45,17,5,0,0,0,1,0
29,290051,2,2,0,0,0,3,3,510,7080,6,2,2013,4,1,14,0,14,6,CASS AVE,N 20TH ST,14,38.64349444,-90.20514167,0,12,1,0,1,1,0,1,3,1,0,1,0,0000000,1,14,1,23,2,2,0,0,0,1,1
29,290052,1,1,0,1,1,1,1,189,1970,7,2,2013,5,19,33,0,16,8,MUCKERMAN,,1,38.64688889,-90.445625,0,8,0,0,8,1,0,1,3,10,0,10,0,0000000,19,39,19,43,19,47,0,0,0,1,0
29,290053,1,1,0,0,0,1,1,95,4120,6,2,2013,4,13,40,0,14,6,LEES SUMMIT RD,,72,39.00488889,-94.38900833,0,34,0,0,1,1,0,4,1,1,0,1,0,0000000,13,44,13,55,14,16,0,0,0,1,0
29,290054,1,1,0,0,0,1,1,189,0,3,2,2013,1,11,35,1,11,1,I-44,,2,38.54555556,-90.42958333,0,24,0,1,5,1,0,4,1,1,0,1,0,0000000,11,41,11,46,12,13,0,0,0,1,1
29,290055,1,1,0,0,0,1,1,59,0,8,2,2013,6,3,40,1,2,2,US-65,,67,37.80569444,-93.15705556,0,34,0,0,1,1,0,4,2,10,0,10,0,0000000,99,98,99,98,88,88,0,0,0,1,0
29,290056,2,2,0,0,0,2,2,71,0,12,2,2013,3,16,39,0,3,3,SR-100,,56,38.61538889,-91.29094444,0,12,2,0,1,1,0,1,1,1,0,1,0,0000000,99,98,99,98,88,88,0,0,0,2,0
29,290057,1,1,0,0,0,1,1,65,0,13,2,2013,4,19,40,0,3,3,SR-19,,267,37.51197222,-91.468,0,42,0,0,1,1,0,4,2,10,0,10,0,0000000,19,56,20,13,88,88,0,0,0,1,0
29,290058,1,1,0,0,0,1,1,91,0,13,2,2013,4,21,40,0,6,4,CR-1740,,8,36.82866667,-91.73711111,0,35,0,0,1,1,0,4,2,1,0,1,0,0000000,99,98,99,98,88,88,0,0,0,1,1
29,290059,1,1,0,1,1,1,1,99,0,14,2,2013,5,4,14,1,2,2,US-67,,15,38.04397222,-90.49419444,0,8,0,0,1,1,0,1,2,1,0,1,0,0000000,99,98,99,98,88,88,0,0,0,1,0
29,290060,1,1,0,0,0,2,2,225,0,14,2,2013,5,4,50,0,4,3,SR-B,CENTURY FARM RD,127,37.14677778,-93.04741667,0,38,0,0,3,10,0,4,2,1,0,1,0,0000000,99,98,99,98,88,88,0,0,0,2,0