STATE,ST_CASE,VE_TOTAL,VE_FORMS,PVH_INVL,PEDS,PERNOTMVIT,PERMVIT,PERSONS,COUNTY,CITY,DAY,MONTH,YEAR,DAY_WEEK,HOUR,MINUTE,NHS,ROAD_FNC,ROUTE,TWAY_ID,TWAY_ID2,MILEPT,LATITUDE,LONGITUD,SP_JUR,HARM_EV,MAN_COLL,RELJCT1,RELJCT2,TYP_INT,WRK_ZONE,REL_ROAD,LGT_COND,WEATHER1,WEATHER2,WEATHER,SCH_BUS,RAIL,NOT_HOUR,NOT_MIN,ARR_HOUR,ARR_MIN,HOSP_HR,HOSP_MN,CF1,CF2,CF3,FATALS,DRUNK_DR
29,290061,1,1,0,0,0,1,1,57,0,14,2,2013,5,16,15,0,6,4,CR-167,,11,37.35433333,-93.77463889,0,38,0,0,1,1,0,4,1,1,0,1,0,0000000,99,98,99,98,88,88,0,0,0,1,0
29,290063,1,1,0,1,1,1,1,97,4100,3,1,2013,5,6,2,1,13,3,SR-66,,46,37.08471667,-94.53684722,0,8,0,0,1,1,0,1,6,1,0,1,0,0000000,6,4,6,9,6,32,0,0,0,1,0
29,290064,2,2,0,0,0,2,2,127,6050,22,2,2013,6,9,53,1,2,2,US-61,MAIN CROSS ST,149,39.79958611,-91.51676389,0,12,6,0,2,3,0,1,1,10,0,10,0,0000000,99,98,99,98,88,88,0,0,0,1,0
29,290065,1,1,0,1,1,1,1,510,7080,13,2,2013,4,20,41,0,16,6,HALLSFERRY RD,VERONICA AVE,3,38.71828889,-90.23760556,0,8,0,0,2,2,0,1,3,1,0,1,0,0000000,20,40,20,53,21,16,0,0,0,1,0
29,290066,1,1,0,0,0,2,2,510,7080,20,2,2013,4,5,40,0,13,3,SR-115 NATURAL BRIDGE AVE,SALISBURY ST,42,38.65785556,-90.20945,0,46,0,0,3,2,0,4,3,10,0,10,0,0000000,5,45,5,55,5,58,0,0,0,1,0
29,290067,1,1,0,0,0,1,1,209,0,28,2,2013,5,7,50,1,2,3,SR-13,,224,36.54354722,-93.42865833,0,35,0,0,1,1,0,4,1,10,0,10,0,0000000,99,98,99,98,88,88,0,0,0,1,0
29,290068,1,1,0,0,0,2,2,73,0,3,3,2013,1,12,53,0,4,3,SR-ZZ,,6,38.46794444,-91.45313889,0,35,0,0,1,1,0,4,1,10,0,10,0,0000000,13,0,13,14,99,99,0,0,0,1,0
29,290069,2,2,0,0,0,2,2,510,7080,23,2,2013,7,6,5,1,11,1,I-55,,56,38.60281389,-90.21445,0,12,2,1,18,1,0,1,1,10,0,10,0,0000000,6,5,6,13,6,41,0,0,0,1,1
29,290070,1,1,0,0,0,1,1,95,4490,1,1,2013,3,0,23,1,12,2,US-50,,159,38.90201389,-94.34019444,0,21,0,1,19,1,0,4,3,4,10,4,0,0000000,99,98,99,98,88,88,0,0,0,1,0
29,290071,1,1,0,0,0,4,4,185,0,2,3,2013,7,23,35,0,6,4,CR-SW 430,,13,37.96727778,-94.00991667,0,52,0,0,1,1,0,4,2,1,0,1,0,0000000,0,7,0,53,1,38,0,0,0,3,1
29,290072,4,3,1,0,0,4,4,113,0,4,3,2013,2,6,25,0,3,3,SR-79,,179,38.98111111,-90.73888889,0,12,1,0,1,1,0,1,1,1,0,1,0,0000000,99,98,99,98,88,88,0,0,0,1,0
29,290073,2,2,0,0,0,2,2,47,4450,9,3,2013,7,14,0,0,4,2,US-69,SR-MM,21,39.42572222,-94.22972222,0,12,6,0,2,2,0,1,1,2,10,2,0,0000000,14,13,14,22,15,6,0,0,0,1,0
29,290074,1,1,0,0,0,6,6,169,0,9,3,2013,7,15,36,1,11,1,I-44,,65,37.78155556,-92.29405556,0,57,0,0,1,1,0,4,1,1,0,1,0,0000000,15,43,15,54,16,36,0,0,0,1,0
29,290075,2,2,0,0,0,2,2,183,0,9,3,2013,7,21,12,0,14,3,SR-N,,74,38.76533333,-90.83608333,0,12,2,0,1,1,0,1,2,1,0,1,0,0000000,21,13,21,22,21,58,0,0,0,1,1
29,290076,2,2,0,0,0,4,4,167,3830,12,3,2013,3,11,42,1,2,3,SR-13,SR-123,55,37.7645,-93.55997222,0,12,6,0,2,2,0,1,1,10,0,10,0,0000000,11,42,11,58,12,21,0,0,0,1,0
29,290077,1,1,0,1,1,3,3,187,0,12,3,2013,3,16,50,1,13,3,SR-8,SR-P,54,37.86552778,-90.54788889,0,8,0,0,3,2,0,1,1,1,0,1,0,0000000,16,53,16,58,17,38,0,0,0,1,0
29,290078,1,1,0,1,1,1,1,77,7460,29,1,2013,3,21,40,1,13,2,US-160 CAMPBELL AVE,WEAVER RD,300,37.12468056,-93.29654722,0,8,0,0,3,2,0,1,3,2,10,2,0,0000000,99,98,99,98,88,88,0,0,0,1,0
29,290079,2,2,0,0,0,3,3,51,4040,6,3,2013,4,21,57,1,12,2,US-54,,39,38.53917778,-92.20963889,0,12,2,1,18,1,0,1,2,1,0,1,0,0000000,22,4,22,7,22,39,0,0,0,1,1
29,290080,1,1,0,0,0,1,1,145,0,15,3,2013,6,19,29,0,6,4,CR-ASPEN RD,,52,37.03841667,-94.25963889,0,34,0,0,1,1,0,4,1,1,0,1,0,0000000,99,98,99,98,88,88,0,0,0,1,0
29,290081,2,2,0,0,0,2,2,157,0,14,3,2013,5,13,30,0,4,3,SR-H,,19,37.85580556,-89.91716667,0,12,2,0,1,1,0,1,1,2,0,2,0,0000000,99,98,99,98,88,88,0,0,0,1,0
29,290082,2,2,0,0,0,2,2,181,0,14,3,2013,5,22,15,0,3,3,SR-142,,136,36.5995,-90.90252778,0,12,2,0,1,1,0,1,2,1,0,1,0,0000000,22,17,22,23,23,0,0,0,0,1,0
29,290083,1,1,0,0,0,1,1,165,0,15,3,2013,6,11,4,1,13,3,SR-152,,79,39.24519444,-94.74666667,0,24,0,0,1,1,0,4,1,1,0,1,0,0000000,99,98,99,98,88,88,0,0,0,1,0
29,290084,2,2,0,0,0,2,2,221,0,15,3,2013,6,15,42,1,2,3,SR-8,OLD HWY 8D,234,37.91105556,-90.70372222,0,1,0,0,3,3,0,1,1,1,0,1,0,0000000,15,46,15,55,16,9,14,0,0,1,0
29,290085,1,1,0,0,0,1,1,181,0,15,3,2013,6,19,0,0,3,3,SR-21,,168,36.61422222,-90.85244444,0,58,0,0,1,1,0,4,1,1,0,1,0,0000000,99,98,99,98,88,88,0,0,0,1,0
29,290086,1,1,0,0,0,1,1,99,0,15,3,2013,6,20,15,0,4,3,SR-B,,4,38.33858333,-90.64713889,0,35,0,0,1,1,0,4,2,1,0,1,0,0000000,20,19,20,25,20,47,0,0,0,1,0
29,290088,1,1,0,0,0,2,2,77,6710,18,3,2013,2,19,29,0,16,6,MILLER RD,,16,37.11083333,-93.45866667,0,34,0,0,1,1,0,4,1,1,0,1,0,0000000,99,99,99,99,99,99,0,0,0,1,0
29,290089,1,1,0,0,0,1,1,27,0,20,3,2013,4,12,5,0,5,4,CR-4037,,11,38.6105,-92.10652778,0,53,0,0,1,1,0,4,1,1,0,1,0,0000000,12,5,12,16,88,88,0,0,0,1,1
29,290090,3,3,0,0,0,3,3,77,0,20,3,2013,4,14,17,1,13,2,US-160,CR-157,309,37.11119444,-93.29694444,0,12,6,0,2,2,0,1,1,1,0,1,0,0000000,14,17,14,22,14,41,0,0,0,1,0
29,290091,1,1,0,0,0,1,1,165,4120,19,2,2013,3,20,37,0,15,6,NW OLD TIFFANY SPRINGS RD,,9,39.26116667,-94.64031667,0,33,0,0,1,1,0,4,3,1,0,1,0,0000000,99,98,99,98,88,88,0,0,0,1,1
29,290092,1,1,0,1,1,1,1,95,4120,4,3,2013,2,18,41,0,13,2,US-24 INDEPENDENCE AVE,,42,39.10555556,-94.52904167,0,8,0,0,1,1,0,1,3,1,0,1,0,0000000,18,41,18,47,19,29,0,0,0,1,0
29,290093,2,2,0,0,0,4,4,510,7080,14,3,2013,5,12,28,0,14,6,N BROADWAY AVE,BRANCH ST,57,38.65583889,-90.19213889,0,12,6,0,2,2,0,1,1,10,0,10,0,0000000,12,27,12,37,99,99,0,0,0,1,0
29,290094,2,2,0,0,0,3,3,189,4311,1,2,2013,6,20,45,0,14,6,LADUE RD,,82,38.65366667,-90.38775833,0,12,2,0,1,1,0,1,2,10,0,10,0,0000000,20,50,20,58,21,13,0,0,0,3,2
29,290095,1,1,0,0,0,2,2,9,0,21,3,2013,5,14,40,0,3,3,SR-76,,13,36.746525,-94.04436667,0,1,0,0,1,1,0,4,1,10,4,4,0,0000000,14,44,15,0,99,99,0,0,0,1,1
29,290096,2,2,0,0,0,2,2,39,0,21,3,2013,5,17,50,0,4,3,SR-J,,76,37.73297222,-93.77991667,0,12,6,0,1,1,0,1,1,4,0,4,0,0000000,99,99,99,99,99,99,0,0,0,1,0
29,290097,1,1,0,0,0,1,1,37,0,22,3,2013,6,1,15,0,4,3,SR-J,,22,38.77188889,-94.44016667,0,32,0,0,1,1,0,4,2,2,3,3,0,0000000,1,26,1,32,88,88,0,0,0,1,1
29,290098,1,1,0,0,0,1,1,47,0,23,3,2013,7,22,20,1,11,1,I-35,,92,39.33166667,-94.392,0,52,0,0,1,1,0,5,2,10,4,4,0,0000000,22,21,22,28,88,88,0,0,0,1,0
29,290099,2,2,0,0,0,2,2,71,0,25,3,2013,2,8,30,1,2,3,SR-47,,106,38.41733333,-90.98680556,0,12,6,0,1,1,0,1,1,10,0,10,0,0000000,8,43,8,46,9,9,0,0,0,1,0
29,290100,1,1,0,1,1,3,3,107,0,25,3,2013,2,22,35,1,1,1,I-70,,119,38.99527778,-93.71527778,0,8,0,0,1,1,0,1,2,10,0,10,0,0000000,99,98,99,98,88,88,0,0,0,1,0
29,290101,1,1,0,0,0,1,1,19,1800,14,3,2013,5,14,57,0,14,3,SR-TT,,17,38.95543333,-92.39811389,0,33,0,0,1,1,0,4,1,1,0,1,0,0000000,99,99,99,99,99,99,0,0,0,1,1
29,290102,1,1,0,1,1,2,2,213,980,15,3,2013,6,19,51,0,14,3,SR-248,,93,36.66400278,-93.24242778,0,8,0,0,1,1,0,1,3,1,0,1,0,0000000,19,57,20,17,20,41,0,0,0,1,0
29,290103,2,2,0,0,0,2,2,113,0,17,3,2013,1,20,50,0,4,3,SR-W,,159,39.03938889,-90.86033333,0,12,2,0,1,1,0,1,2,2,0,2,0,0000000,20,47,21,2,22,37,0,0,0,1,0
29,290104,3,3,0,0,0,3,3,219,8530,22,3,2013,6,15,16,1,1,1,I-70,,127,38.82814722,-91.04338889,0,57,0,1,19,1,0,3,1,1,0,1,0,0000000,15,16,15,22,99,99,0,0,0,1,0
29,290105,2,2,0,0,0,3,3,21,0,26,3,2013,3,11,15,1,2,2,US-36,,30,39.7475,-94.6575,0,12,9,0,1,1,0,1,1,1,0,1,0,0000000,99,98,99,98,88,88,0,0,0,2,0
29,290106,2,2,0,0,0,3,3,47,0,26,3,2013,3,20,25,1,2,2,US-69,112TH ST,163,39.29555556,-94.37180556,0,12,6,0,2,2,0,1,2,1,0,1,0,0000000,20,30,20,37,20,49,0,0,0,1,0
29,290107,1,1,0,0,0,1,1,183,7010,27,3,2013,4,6,49,1,12,3,SR-364,,18,38.75416667,-90.39052778,0,25,0,0,1,1,0,3,1,1,0,1,0,0000000,99,98,99,98,88,88,0,0,0,1,0
29,290108,5,5,0,0,0,5,5,77,6710,27,3,2013,4,9,3,1,13,2,US-60,FARM RD 93,232,37.13604722,-93.45214444,0,12,1,0,3,2,0,1,1,10,0,10,0,0000000,99,98,99,98,88,88,14,0,0,2,0
29,290109,1,1,0,0,0,1,1,221,0,28,3,2013,5,23,50,0,6,4,CR-CANNON MINES RD,,47,38.06211111,-90.69172222,0,35,0,0,1,1,0,4,2,10,0,10,0,0000000,99,98,99,98,88,88,0,0,0,1,1
29,290110,2,2,0,0,0,4,4,69,7230,29,3,2013,6,21,20,1,2,2,US-412,SR-P,138,36.13411111,-90.15030556,0,12,6,0,2,2,0,1,3,10,0,10,0,0000000,99,99,99,99,99,99,0,0,0,2,0
29,290111,4,2,2,1,1,3,3,95,4120,15,3,2013,6,16,42,0,16,6,WINCHESTER AVE,,2,39.10060556,-94.50065833,0,12,6,0,1,1,0,1,1,10,0,10,0,0000000,16,44,16,55,17,13,15,0,0,1,0
29,290113,1,1,0,0,0,2,2,221,0,25,3,2013,2,11,25,0,6,5,PRIDE PLACE,,2,38.18886111,-90.81908333,0,1,0,0,1,1,0,1,1,4,0,4,0,0000000,99,98,99,98,88,88,0,0,0,1,0
29,290115,1,1,0,1,1,1,1,510,7080,22,3,2013,6,5,57,0,13,6,S SKINKER BLVD,ROSEBURY AVE,17,38.63730278,-90.30351389,0,8,0,0,2,2,0,1,3,10,0,10,0,0000000,5,58,6,6,6,20,0,0,0,1,0
29,290116,1,1,0,0,0,1,1,213,980,6,4,2013,7,13,11,0,16,6,CLIFF DR,POCAHONTAS,3,36.63887778,-93.23237778,0,33,0,0,3,3,0,4,1,1,0,1,0,0000000,99,98,99,98,88,88,0,0,0,1,0
29,290117,1,1,0,0,0,2,2,213,0,3,4,2013,4,10,30,1,2,2,US-65,,67,36.58455556,-93.23475,0,24,0,0,1,1,0,4,1,1,0,1,0,0000000,10,34,10,37,12,9,0,0,0,1,0
29,290118,1,1,0,0,0,1,1,95,0,7,4,2013,1,21,45,0,4,4,CR-BLUE MILLS RD,,92,39.16722222,-94.20027778,0,38,0,0,1,1,0,4,2,2,10,2,0,0000000,21,42,21,42,22,14,0,0,0,1,0
29,290119,2,2,0,0,0,4,4,31,0,5,4,2013,6,15,40,1,2,3,SR-34,,22,37.35969444,-89.8545,0,12,2,0,1,1,0,1,1,1,0,1,0,0000000,15,43,15,55,99,99,0,0,0,1,0
29,290120,1,1,0,0,0,3,3,81,0,13,2,2013,4,20,20,0,5,3,SR-W,SR-M,0,40.47125,-94.06863889,0,35,0,0,3,3,0,4,2,10,0,10,0,0000000,20,20,20,42,21,19,0,0,0,1,0
29,290121,1,1,0,1,1,1,1,105,4480,29,1,2013,3,12,40,0,13,6,ELM,ADAMS AVE,24,37.67729722,-92.657375,0,8,0,0,3,2,0,1,1,2,0,2,0,0000000,99,99,99,99,99,99,0,0,0,1,0
29,290122,2,2,0,0,0,2,2,55,0,19,1,2013,7,10,15,0,6,4,CR-ARGO RD,,21,38.17933056,-91.33188333,0,12,1,0,8,1,0,1,9,1,0,1,0,0000000,99,99,99,99,99,99,0,0,0,1,0
29,290123,1,1,0,0,0,1,1,223,6260,13,2,2013,4,11,30,0,4,3,SR-HH,,58,37.13350556,-90.70641389,0,35,0,0,1,1,0,4,1,1,0,1,0,0000000,11,39,11,41,12,25,0,0,0,1,0
29,290124,2,2,0,0,0,2,2,189,6030,14,3,2013,5,5,40,0,3,6,OLD HWY 66,,24,38.486075,-90.70165278,0,12,2,0,1,1,0,1,2,1,0,1,0,0000000,5,50,5,58,6,34,0,0,0,1,0
29,290125,1,1,0,0,0,2,2,101,0,6,4,2013,7,14,50,0,4,3,SR-2,,239,38.59002778,-93.71741667,0,43,0,0,1,1,0,4,1,1,0,1,0,0000000,14,56,15,18,15,59,0,0,0,1,1
29,290126,1,1,0,0,0,1,1,183,0,9,4,2013,3,16,50,0,4,3,SR-D,,181,38.70491667,-90.71561111,0,42,0,0,1,1,0,4,1,1,0,1,0,0000000,99,98,99,98,88,88,0,0,0,1,1
29,290127,2,2,0,0,0,2,2,19,0,4,4,2013,5,9,43,0,6,4,CR-OAKLAND GRAVEL RD,CR-STARKE AVE,25,39.00188611,-92.29988889,0,12,6,0,2,3,0,1,1,1,0,1,0,0000000,9,46,9,51,10,17,0,0,0,1,0
29,290128,3,3,0,0,0,5,5,85,0,9,4,2013,3,13,15,0,4,3,SR-64,,53,37.85991667,-93.29313889,0,12,2,0,1,1,0,1,1,10,0,10,0,0000000,13,22,13,43,14,38,0,0,0,2,0
29,290129,1,1,0,0,0,1,1,119,5740,16,2,2013,7,5,35,0,3,3,SR-59,,174,36.54566111,-94.48996944,0,42,0,0,1,1,0,4,3,10,0,10,0,0000000,99,98,99,98,88,88,0,0,0,1,0
29,290130,2,1,1,0,0,3,3,95,4120,16,3,2013,7,4,8,0,14,6,GREGORY BLVD,,35,38.99796944,-94.54398889,0,1,0,0,1,1,0,4,3,99,0,99,0,0000000,4,10,4,15,4,35,0,0,0,1,0
29,290131,2,2,0,0,0,2,2,95,4120,7,4,2013,1,0,26,0,16,6,BANNISTER RD,WORNALL RD,36,38.95605556,-94.59598333,0,12,6,0,2,2,0,1,3,1,0,1,0,0000000,99,98,99,98,88,88,0,0,0,1,0
29,290132,2,2,0,0,0,3,3,131,0,14,4,2013,1,12,55,0,3,3,SR-87,CR-BOULDER RD,23,38.40027778,-92.56333333,0,12,2,0,2,4,0,1,1,1,0,1,0,0000000,12,59,13,8,14,10,0,0,0,2,0
29,290133,2,2,0,0,0,5,5,183,0,14,4,2013,1,17,5,0,3,3,SR-94,,153,38.68111111,-90.73355556,0,1,0,0,1,1,0,1,1,1,0,1,0,0000000,17,9,17,31,17,49,0,0,0,1,0
29,290134,1,1,0,0,0,5,5,109,0,14,4,2013,1,17,44,0,6,4,CR-1180,,10,36.94027778,-93.73719444,0,7,0,0,1,1,0,1,1,1,0,1,0,0000000,17,38,17,47,19,22,0,0,0,1,0
29,290135,1,1,0,2,2,1,1,189,5780,15,4,2013,2,11,5,1,13,3,SR-115 NATURAL BRIDGE AVE,,44,38.69761111,-90.28766667,0,8,0,0,1,1,0,4,1,1,0,1,0,0000000,11,15,11,24,11,30,0,0,0,1,0
29,290136,1,1,0,0,0,1,1,155,1450,16,4,2013,3,7,15,0,14,6,WARD AVE,,198,36.16819444,-89.66383333,0,1,0,0,1,1,0,4,1,1,0,1,0,0000000,7,21,7,32,88,88,0,0,0,1,0
29,290137,2,1,1,0,0,1,1,105,0,19,4,2013,6,22,40,0,5,3,SR-MM,,89,37.7165,-92.50608333,0,1,0,0,1,1,0,4,2,1,0,1,0,0000000,99,98,99,98,88,88,14,0,0,1,1
29,290138,1,1,0,0,0,1,1,71,7630,20,3,2013,4,4,24,0,14,6,VINE ST,,17,38.21714722,-91.13630556,0,42,0,0,1,1,0,4,3,1,0,1,0,0000000,99,98,99,98,88,88,0,0,0,1,0
29,290139,3,3,0,0,0,3,3,510,7080,9,4,2013,3,14,25,1,11,1,I-70,W FLORISSANT AVE,27,38.68322222,-90.22817778,0,25,0,1,19,1,0,2,1,1,0,1,0,0000000,99,98,99,98,88,88,14,0,0,1,0
29,290140,4,4,0,0,0,6,6,510,7080,11,4,2013,5,15,55,0,13,6,S KINGSHIGHWAY BLVD,REBER PL,64,38.60747778,-90.26885278,0,12,1,0,3,3,0,1,1,10,0,10,0,0000000,99,99,99,99,99,99,0,0,0,1,1
29,290141,1,1,0,0,0,1,1,21,7070,6,4,2013,7,17,40,0,16,6,PEAR ST,,20,39.73297778,-94.79786667,0,35,0,0,1,1,0,4,1,1,0,1,0,0000000,17,41,17,46,18,2,0,0,0,1,1
29,290143,1,1,0,0,0,2,2,19,1800,7,4,2013,1,2,19,0,14,6,MEXICO GRAVEL RD,,14,38.98543889,-92.27312778,0,43,0,0,1,1,0,4,3,1,0,1,0,0000000,2,21,2,29,2,55,0,0,0,1,1
29,290144,2,2,0,0,0,3,3,183,7100,13,4,2013,7,17,0,0,14,6,WILLOTT RD,,18,38.77568333,-90.59334167,0,12,2,0,1,1,0,1,1,1,0,1,0,0000000,99,99,99,99,99,99,0,0,0,2,0
29,290145,1,1,0,0,0,1,1,67,0,14,4,2013,1,12,10,0,3,3,SR-14,,351,36.89548333,-92.44020556,0,1,0,0,1,1,0,4,1,1,0,1,0,0000000,12,15,12,37,13,40,0,0,0,1,0
29,290146,1,1,0,0,0,1,1,203,0,20,4,2013,7,5,0,0,4,3,SR-T,,51,36.93713889,-91.60219444,0,35,0,0,1,1,0,4,2,1,0,1,0,0000000,99,98,99,98,88,88,0,0,0,1,1
29,290147,1,1,0,0,0,1,1,67,0,26,4,2013,6,7,25,0,4,3,SR-181,,46,37.02772222,-92.12011111,0,34,0,0,1,1,0,4,1,2,0,2,0,0000000,7,26,7,40,9,0,0,0,0,1,0
29,290148,2,2,0,0,0,2,2,223,0,26,4,2013,6,14,5,0,4,3,SR-T,,24,36.93294444,-90.27883333,0,12,2,0,1,1,0,1,1,2,0,2,0,0000000,99,99,99,99,99,99,0,0,0,1,0
29,290150,1,1,0,0,0,2,2,189,2700,27,4,2013,7,20,56,1,11,1,I-270,,302,38.771,-90.27352778,0,25,0,0,1,1,0,3,3,2,10,2,0,0000000,21,0,21,9,21,35,0,0,0,1,1
29,290151,2,2,0,0,0,2,2,109,0,28,4,2013,1,16,0,0,3,3,SR-96,,217,37.19180556,-93.67783333,0,12,2,0,1,1,0,1,1,1,0,1,0,0000000,99,98,99,98,88,88,0,0,0,1,0
29,290152,1,1,0,0,0,1,1,113,0,29,4,2013,2,14,55,0,3,3,SR-47,,79,38.99802778,-90.87238889,0,59,0,0,1,1,0,4,1,1,0,1,0,0000000,15,9,15,21,15,58,0,0,0,1,0
29,290153,1,1,0,1,1,1,1,71,0,1,5,2013,4,21,24,0,4,3,SR-YY,,117,38.49694444,-91.0925,0,8,0,0,1,1,0,1,2,10,0,10,0,0000000,99,98,99,98,88,88,0,0,0,1,0
29,290154,2,2,0,0,0,2,2,51,4040,2,5,2013,5,14,31,1,12,2,US-50,,169,38.56093889,-92.15676944,0,12,6,0,1,1,0,1,1,2,0,2,0,0000000,99,99,99,99,99,99,0,0,0,1,0
29,290155,1,1,0,0,0,2,2,77,7460,5,2,2013,3,0,14,1,11,1,I-44,,83,37.25037222,-93.22141667,0,1,0,1,19,1,0,8,3,1,0,1,0,0000000,0,16,0,26,1,4,0,0,0,1,1
29,290156,2,2,0,0,0,3,3,95,3382,21,4,2013,1,18,46,0,6,5,SMART RD,HAINES RD,20,38.87205556,-94.3042,0,12,2,0,2,3,0,1,1,1,0,1,0,0000000,18,48,18,53,99,99,0,0,0,1,0
29,290157,1,1,0,0,0,3,3,510,7080,27,4,2013,7,23,29,0,14,6,N BROADWAY AVE,ANGELICA ST,48,38.66729722,-90.19845,0,42,0,0,3,2,0,4,3,2,0,2,0,0000000,99,98,99,98,88,88,0,0,0,1,1
29,290158,1,1,0,1,1,2,2,510,7080,30,4,2013,3,10,50,0,13,3,SR-115 NATURAL BRIDGE AVE,,24,38.66711944,-90.23067222,0,8,0,0,1,1,0,1,1,1,0,1,0,0000000,10,48,10,59,11,14,0,0,0,1,0
29,290159,1,1,0,0,0,1,1,141,0,30,4,2013,3,11,35,0,3,3,SR-52,,99,38.43080556,-92.89211111,0,35,0,0,1,1,0,4,1,1,0,1,0,0000000,99,98,99,98,88,88,0,0,0,1,0
29,290160,1,1,0,0,0,3,3,77,0,6,5,2013,2,1,46,0,6,4,CR-132,,42,37.20736111,-93.14327778,0,24,0,0,1,1,0,4,2,10,0,10,0,0000000,1,50,2,14,2,51,0,0,0,1,0
29,290161,1,1,0,0,0,1,1,177,0,7,5,2013,3,19,45,0,6,4,CR-E 188TH ST,,4,39.43763889,-93.97413889,0,38,0,0,1,1,0,4,1,1,0,1,0,0000000,99,98,99,98,88,88,0,0,0,1,0
29,290162,2,2,0,0,0,2,2,113,0,2,5,2013,5,15,31,0,3,3,SR-47,,79,39.00111111,-90.87,0,12,2,0,1,1,0,1,1,10,0,10,0,0000000,15,36,16,9,16,41,0,0,0,2,0
29,290163,1,1,0,0,0,1,1,9,0,3,5,2013,6,0,4,1,2,3,SR-37,,125,36.74991667,-93.9,0,53,0,0,1,1,0,4,2,2,3,3,0,0000000,99,99,99,99,99,99,0,0,0,1,0
29,290164,2,2,0,0,0,2,2,209,0,3,5,2013,6,6,35,0,4,3,SR-86,,33,36.50583333,-93.52702778,0,12,6,0,1,1,0,1,1,4,3,4,1,0000000,6,58,7,16,7,56,0,0,0,1,0
29,290165,1,1,0,0,0,1,1,65,0,4,5,2013,7,9,50,0,3,3,SR-32,,136,37.63611111,-91.57113889,0,33,0,0,1,1,0,4,1,10,0,10,0,0000000,9,52,9,54,88,88,0,0,0,1,0
29,290166,1,1,0,0,0,3,3,187,0,3,5,2013,6,23,10,0,4,3,SR-F,,14,37.76652778,-90.36788889,0,38,0,0,1,1,0,4,2,10,2,2,0,0000000,23,19,23,37,0,22,0,0,0,1,1
29,290167,1,1,0,0,0,2,2,203,0,7,5,2013,3,21,32,0,4,3,SR-T,,3,36.98677778,-91.63113889,0,32,0,0,1,1,0,4,2,1,0,1,0,0000000,21,34,21,40,22,20,0,0,0,1,0
29,290168,4,4,0,0,0,14,14,21,0,9,5,2013,5,4,45,1,11,1,I-29,,103,39.67975,-94.78797222,0,12,7,0,1,1,0,1,2,10,0,10,0,0000000,4,57,5,12,99,99,14,0,0,2,0
29,290169,2,2,0,0,0,2,2,97,0,9,5,2013,5,8,2,0,4,3,SR-96,,24,37.20066667,-94.51558333,0,12,6,0,1,1,0,1,1,10,0,10,0,0000000,8,2,8,11,8,51,0,0,0,1,0
29,290170,2,2,0,0,0,7,7,113,0,9,5,2013,5,17,54,0,4,3,SR-C,,27,38.94666667,-90.89111111,0,12,2,0,1,1,0,1,1,1,0,1,0,0000000,17,56,18,4,18,33,0,0,0,1,0
29,290171,2,2,0,0,0,2,2,169,0,11,5,2013,7,11,10,0,4,3,SR-AB,,299,37.76725,-92.40355556,0,12,2,0,1,1,0,1,1,1,0,1,0,0000000,11,20,11,57,12,42,0,0,0,1,1
29,290172,1,1,0,0,0,1,1,221,0,11,5,2013,7,22,37,0,4,3,SR-C,,203,37.78055556,-90.82094444,0,35,0,0,1,1,0,4,2,10,0,10,0,0000000,22,39,22,53,88,88,0,0,0,1,1
29,290173,2,2,0,0,0,4,4,69,0,12,5,2013,1,5,0,0,4,3,SR-MM,,37,36.577,-90.02955556,0,12,2,0,1,1,0,1,2,1,0,1,0,0000000,5,41,6,27,7,1,0,0,0,1,0
29,290174,1,1,0,0,0,2,2,77,7460,4,4,2013,5,15,14,0,14,6,PRIMROSE ST,,20,37.15013889,-93.26356389,0,33,0,0,1,1,0,5,1,1,0,1,0,0000000,15,18,15,25,15,42,0,0,0,1,0
29,290175,1,1,0,0,0,2,2,203,0,1,5,2013,4,16,20,0,5,3,SR-Y,,38,36.94397222,-91.43933333,0,35,0,0,1,1,0,4,1,10,0,10,0,0000000,16,47,17,27,18,31,0,0,0,1,0
29,290176,1,1,0,0,0,1,1,61,0,13,5,2013,2,16,45,0,4,3,SR-13,,88,40.00955556,-93.98527778,0,1,0,0,1,1,0,4,1,1,0,1,0,0000000,16,52,16,56,99,99,0,0,0,1,1
29,290177,2,2,0,0,0,3,3,99,0,14,5,2013,3,15,29,1,2,3,SR-30,SCOTTSDALE RD,103,38.40305556,-90.58902778,0,12,6,0,2,2,0,1,1,1,0,1,0,0000000,15,40,15,54,16,32,0,0,0,1,0
29,290178,1,1,0,1,1,1,1,105,6240,15,5,2013,4,23,20,1,11,1,I-44,,275,37.55830278,-92.78990556,0,8,0,0,1,1,0,1,2,10,0,10,0,0000000,99,98,99,98,88,88,23,0,0,1,0
29,290179,1,1,0,0,0,1,1,183,0,15,5,2013,4,23,26,0,4,3,SR-N,,31,38.7715,-90.90880556,0,42,0,0,1,1,0,4,2,10,0,10,0,0000000,99,98,99,98,88,88,0,0,0,1,1
29,290180,2,2,0,0,0,5,5,101,0,12,5,2013,1,0,28,1,2,2,US-50,,102,38.83361111,-93.94122222,0,12,1,0,1,1,0,1,2,1,0,1,0,0000000,0,29,0,36,99,99,0,0,0,2,0
29,290181,1,1,0,1,1,4,4,95,4120,17,3,2013,1,20,37,1,11,1,I-35,,38,39.09643056,-94.59113056,0,8,0,1,18,1,0,1,3,98,0,98,0,0000000,99,98,99,98,88,88,0,0,0,1,1