STATE,ST_CASE,VE_TOTAL,VE_FORMS,PVH_INVL,PEDS,PERNOTMVIT,PERMVIT,PERSONS,COUNTY,CITY,DAY,MONTH,YEAR,DAY_WEEK,HOUR,MINUTE,NHS,ROAD_FNC,ROUTE,TWAY_ID,TWAY_ID2,MILEPT,LATITUDE,LONGITUD,SP_JUR,HARM_EV,MAN_COLL,RELJCT1,RELJCT2,TYP_INT,WRK_ZONE,REL_ROAD,LGT_COND,WEATHER1,WEATHER2,WEATHER,SCH_BUS,RAIL,NOT_HOUR,NOT_MIN,ARR_HOUR,ARR_MIN,HOSP_HR,HOSP_MN,CF1,CF2,CF3,FATALS,DRUNK_DR
29,290182,1,1,0,1,1,1,1,95,4120,10,4,2013,4,14,30,1,12,2,US-71,E 55TH ST,130,39.02636389,-94.55327778,0,8,0,1,3,2,0,1,1,2,0,2,0,0000000,14,32,14,40,14,52,0,0,0,1,0
29,290183,1,1,0,0,0,2,2,47,0,28,4,2013,1,18,32,0,4,3,SR-H,,22,39.31491111,-94.23536667,0,32,0,0,1,1,0,4,1,1,0,1,0,0000000,18,30,18,36,19,13,0,0,0,1,0
29,290184,2,2,0,0,0,2,2,21,7070,7,5,2013,3,19,41,1,12,2,US-36,,111,39.74762222,-94.80888333,0,12,1,0,1,1,0,1,1,1,0,1,0,0000000,19,45,19,49,20,19,0,0,0,1,1
29,290185,2,2,0,0,0,2,2,113,0,13,5,2013,2,12,42,0,14,3,SR-47,,52,38.99144444,-90.82555556,0,12,6,0,1,1,0,1,1,1,0,1,0,0000000,99,98,99,98,88,88,0,0,0,1,0
29,290186,4,2,2,0,0,5,5,510,7080,9,4,2013,3,14,16,0,16,6,OSAGE ST,NEBRASKA AVE,6,38.58338056,-90.23455,0,12,6,0,2,2,0,1,1,1,0,1,0,0000000,14,23,14,28,14,45,0,0,0,1,0
29,290187,2,2,0,0,0,2,2,91,8330,22,4,2013,2,8,9,1,13,2,US-63,,283,36.71743611,-91.85072778,0,12,2,0,1,1,1,1,1,1,0,1,0,0000000,9,11,9,20,9,40,0,0,0,1,0
29,290188,2,2,0,0,0,4,4,77,7460,7,5,2013,3,15,32,0,13,6,REPUBLIC RD,QUAIL CREEK AVE,42,37.13823056,-93.31199444,0,1,0,0,2,3,0,1,1,1,0,1,0,0000000,99,99,99,99,99,99,0,0,0,1,0
29,290189,1,1,0,0,0,1,1,221,0,7,5,2013,3,23,30,0,4,3,SR-E,,108,37.94666667,-90.75916667,0,1,0,0,1,1,0,4,2,10,0,10,0,0000000,23,40,23,45,88,88,0,0,0,1,0
29,290190,2,2,0,0,0,4,4,31,1390,14,5,2013,3,13,12,0,16,6,LASALLE,,2,37.35851667,-89.57599722,0,12,2,0,1,1,0,1,1,1,0,1,0,0000000,13,14,13,24,14,8,0,0,0,1,0
29,290191,2,2,0,0,0,2,2,69,4150,16,5,2013,5,14,33,1,13,2,US-412,,225,36.22641667,-90.05108333,0,12,6,0,1,1,0,1,1,10,0,10,0,0000000,99,98,99,98,88,88,0,0,0,1,0
29,290192,2,2,0,0,0,2,2,37,0,16,5,2013,5,16,19,1,2,3,SR-7,WALKER RD,197,38.61536111,-94.32947222,0,12,6,0,2,2,4,1,1,10,0,10,0,0000000,99,98,99,98,88,88,0,0,0,1,0
29,290193,1,1,0,0,0,1,1,45,0,18,5,2013,7,23,37,0,6,3,SR-B,,35,40.41602778,-91.57833333,0,1,0,0,1,1,0,4,2,1,0,1,0,0000000,23,49,0,1,88,88,0,0,0,1,0
29,290194,1,1,0,0,0,2,2,181,0,19,5,2013,1,0,2,0,4,3,SR-C,US-160,167,36.65036111,-90.97644444,0,34,0,0,1,1,0,4,2,10,0,10,0,0000000,0,4,0,19,1,3,0,0,0,2,1
29,290196,1,1,0,0,0,2,2,221,0,19,5,2013,1,15,25,0,6,4,CR-RADIO STATION RD,,9,37.97844444,-90.75191667,0,32,0,0,1,1,0,4,1,1,0,1,0,0000000,17,34,17,42,18,4,0,0,0,1,0
29,290197,1,1,0,1,1,1,1,187,2670,21,5,2013,3,22,55,1,12,2,US-67,,210,37.77875,-90.44480556,0,8,0,0,1,1,0,1,3,1,0,1,0,0000000,99,98,99,98,88,88,0,0,0,1,0
29,290198,1,1,0,1,1,1,1,229,5480,24,5,2013,6,12,43,0,3,8,UNNAMED RD,,271,37.15053333,-92.26206667,0,8,0,0,1,1,0,1,1,1,0,1,0,0000000,99,99,99,99,99,99,0,0,0,1,0
29,290200,1,1,0,0,0,1,1,510,7080,19,5,2013,1,23,40,0,15,6,HAMILTON AVE,,7,38.66529444,-90.28841667,0,33,0,0,1,1,0,4,3,1,0,1,0,0000000,23,39,23,46,0,22,0,0,0,1,1
29,290202,3,2,1,0,0,2,2,99,2020,25,2,2013,2,17,11,1,13,2,US-61,,174,38.23335833,-90.39073333,0,12,1,0,1,1,0,1,1,10,0,10,0,0000000,17,19,17,21,17,40,0,0,0,1,0
29,290203,1,1,0,0,0,1,1,169,0,21,5,2013,3,8,1,0,3,3,SR-28,,107,37.96480556,-92.09088889,0,42,0,0,1,1,0,4,1,10,0,10,0,0000000,99,98,99,98,88,88,0,0,0,1,0
29,290204,1,1,0,1,1,1,1,187,2670,24,5,2013,6,22,31,1,13,3,SR-32,,159,37.792,-90.43472222,0,8,0,0,1,1,0,1,2,1,0,1,0,0000000,22,32,22,37,22,48,0,0,0,1,0
29,290205,2,2,0,0,0,2,2,9,0,25,5,2013,7,9,49,1,2,3,SR-37,,241,36.60977778,-93.9385,0,12,1,0,1,1,0,1,1,1,0,1,0,0000000,99,98,99,98,88,88,0,0,0,1,0
29,290206,1,1,0,0,0,1,1,143,6430,25,5,2013,7,16,53,0,4,3,SR-162,,156,36.43905556,-89.69830556,0,2,0,0,1,1,0,1,1,1,0,1,0,0000000,99,98,99,98,88,88,0,0,0,1,0
29,290207,1,1,0,0,0,2,2,157,0,26,5,2013,1,19,25,0,6,4,CR-444,,19,37.67780556,-89.53533333,0,1,0,0,1,1,0,4,1,1,0,1,0,0000000,19,31,19,55,21,0,0,0,0,1,1
29,290208,1,1,0,0,0,1,1,167,0,26,5,2013,1,21,45,0,6,4,CR-36TH RD,,7,37.45980556,-93.57205556,0,35,0,0,1,1,0,4,2,1,0,1,0,0000000,99,98,99,98,88,88,0,0,0,1,1
29,290209,1,1,0,0,0,1,1,97,1440,28,5,2013,3,23,45,0,14,4,CR-CIVIL WAR RD,,75,37.18866667,-94.32597222,0,23,0,0,1,1,0,4,2,1,0,1,0,0000000,0,23,0,40,0,50,0,0,0,1,0
29,290210,2,2,0,0,0,3,3,189,650,29,5,2013,4,21,20,0,16,6,AIRPORT RD,EVERGREEN AVE,8,38.75,-90.33163889,0,12,6,0,2,2,0,1,3,1,0,1,0,0000000,21,29,21,39,22,0,0,0,0,1,1
29,290211,1,1,0,0,0,1,1,143,0,31,5,2013,6,2,35,0,4,3,SR-162,,49,36.4515,-89.88219444,0,58,0,0,1,1,0,4,2,10,2,2,0,0000000,99,98,99,98,88,88,0,0,0,1,1
29,290212,1,1,0,0,0,1,1,223,0,31,5,2013,6,17,15,0,6,4,CR-373,,33,37.09055556,-90.57369444,0,42,0,0,1,1,0,4,1,10,0,10,0,0000000,17,36,18,3,18,57,0,0,0,1,0
29,290213,1,1,0,1,1,1,1,107,0,31,5,2013,6,22,21,0,13,7,I-70 SOR,,3,39.01230556,-94.10438889,0,8,0,0,1,1,0,1,2,1,0,1,0,0000000,22,26,22,31,23,1,0,0,0,1,0
29,290214,2,2,0,0,0,3,3,189,0,29,5,2013,4,18,50,1,11,1,I-55,,38,38.51633333,-90.33452778,0,24,0,0,1,1,0,4,1,1,0,1,0,0000000,99,98,99,98,88,88,0,0,0,1,1
29,290215,1,1,0,0,0,1,1,43,0,1,6,2013,7,16,55,0,4,3,SR-M,,13,37.00925,-93.3405,0,32,0,0,1,1,0,4,1,1,0,1,0,0000000,99,98,99,98,88,88,0,0,0,1,0
29,290216,2,2,0,0,0,3,3,167,0,1,6,2013,7,19,5,0,4,3,SR-123,,37,37.77197222,-93.55955556,0,12,2,0,1,1,0,1,1,1,0,1,0,0000000,19,12,19,27,19,58,0,0,0,1,0
29,290217,1,1,0,0,0,1,1,77,0,2,6,2013,1,12,8,1,2,3,SR-360,,41,37.19686111,-93.44880556,0,59,0,1,5,1,0,4,1,10,0,10,0,0000000,99,98,99,98,88,88,0,0,0,1,1
29,290218,2,2,0,0,0,2,2,189,5035,3,6,2013,2,15,25,1,13,3,SR-364,,9,38.69636111,-90.46175,0,12,6,0,1,1,0,1,1,1,0,1,0,0000000,99,98,99,98,88,88,0,0,0,1,1
29,290219,1,1,0,0,0,3,3,189,0,6,4,2013,7,22,27,0,4,4,CR-HILLSBORO RD,,22,38.50623056,-90.51100556,0,35,0,0,1,1,0,4,2,1,0,1,0,0000000,22,33,22,43,99,99,0,0,0,1,0
29,290220,2,2,0,0,0,2,2,189,650,15,3,2013,6,12,50,0,4,6,FROST AVE,,5,38.76318333,-90.34243333,0,1,0,0,8,1,0,1,1,10,0,10,0,0000000,99,98,99,98,88,88,0,0,0,1,0
29,290221,1,1,0,0,0,1,1,47,0,6,6,2013,5,14,40,0,4,3,SR-33,,30,39.42836111,-94.36988889,0,42,0,0,1,1,0,4,1,10,0,10,0,0000000,99,98,99,98,88,88,0,0,0,1,0
29,290222,1,1,0,0,0,1,1,131,0,6,6,2013,5,21,50,0,3,3,SR-17,,266,38.02383333,-92.28205556,0,42,0,0,1,1,0,4,2,1,0,1,0,0000000,99,98,99,98,88,88,0,0,0,1,1
29,290223,1,1,0,0,0,1,1,99,0,6,6,2013,5,22,30,0,6,4,CR-DUTCH CREEK RD,,22,38.3655,-90.67255556,0,42,0,0,1,1,0,4,2,1,0,1,0,0000000,99,98,99,98,88,88,0,0,0,1,1
29,290224,2,2,0,0,0,3,3,11,0,7,6,2013,6,11,46,0,5,3,SR-U,CR-SE 80TH LN,25,37.43825,-94.15225,0,12,6,0,2,2,0,1,1,10,0,10,0,0000000,11,49,11,57,99,99,0,0,0,1,0
29,290225,2,2,0,0,0,3,3,155,0,7,6,2013,6,17,20,0,4,3,SR-153,SR-EE,15,36.36541667,-89.93419444,0,12,6,0,2,3,0,1,1,1,0,1,0,0000000,17,28,17,43,18,30,0,0,0,1,0
29,290227,3,3,0,0,0,3,3,189,7760,22,4,2013,2,16,45,1,11,1,I-64,,119,38.63847222,-90.46363889,0,12,1,0,1,1,0,1,1,1,0,1,0,0000000,16,42,16,49,99,99,0,0,0,1,0
29,290228,1,1,0,0,0,1,1,99,0,27,4,2013,7,2,16,1,13,3,SR-30,INDUSTRAIL DR,152,38.35516389,-90.64914167,0,46,0,0,3,2,0,4,3,2,0,2,0,0000000,2,17,2,21,2,51,0,0,0,1,1
29,290229,1,1,0,1,1,1,1,95,4120,23,4,2013,3,19,10,0,14,6,STERLING AVE,,51,39.04658333,-94.44759167,0,8,0,0,1,1,0,1,1,10,0,10,0,0000000,19,15,19,19,99,99,0,0,0,1,0
29,290230,2,2,0,0,0,7,7,47,4120,10,5,2013,6,18,56,1,11,1,I-435,,85,39.25520833,-94.50936389,0,12,1,0,1,1,0,1,1,10,0,10,0,0000000,18,57,19,4,99,99,0,0,0,1,0
29,290231,1,1,0,0,0,1,1,165,4120,19,5,2013,1,15,32,0,4,6,N AMBASSADOR DR,,17,39.28694167,-94.67676667,0,42,0,0,1,1,0,4,1,10,0,10,0,0000000,99,98,99,98,88,88,0,0,0,1,0
29,290232,1,1,0,0,0,5,5,71,0,6,6,2013,5,2,11,0,6,4,CR-PORTERFORD RD,,5,38.42269444,-91.00505556,0,32,0,0,1,1,0,4,2,1,0,1,0,0000000,2,11,2,16,4,10,0,0,0,3,1
29,290233,1,1,0,0,0,1,1,189,0,10,5,2013,6,4,17,1,13,3,SR-AC HALLS FERRY RD,GREEN SLOPE DR,66,38.76238889,-90.25830278,0,42,0,0,3,2,0,4,2,10,0,10,0,0000000,4,19,4,24,4,36,0,0,0,1,1
29,290234,1,1,0,0,0,1,1,99,0,8,6,2013,7,16,40,0,6,4,CR-HEADS CREEK RD,,3,38.381225,-90.52915,0,42,0,0,1,1,0,4,1,1,0,1,0,0000000,16,35,16,44,17,25,0,0,0,1,0
29,290235,2,2,0,0,0,2,2,15,0,11,6,2013,3,20,6,1,2,3,SR-7,,73,38.23191667,-93.45313889,0,12,2,0,1,1,0,1,1,1,0,1,0,0000000,20,11,20,48,21,45,0,0,0,1,0
29,290236,1,1,0,0,0,2,2,97,4100,30,5,2013,5,0,41,0,14,6,CONNECTICUT AVE,,19,37.05528056,-94.49616389,0,33,0,0,1,1,0,4,2,2,0,2,0,0000000,99,99,99,99,99,99,0,0,0,1,1
29,290237,2,2,0,0,0,6,6,29,0,31,5,2013,6,13,30,1,2,3,SR-7,,109,38.10405556,-92.87816667,0,12,6,0,1,1,0,1,1,1,0,1,0,0000000,13,36,14,1,14,47,0,0,0,1,0
29,290238,1,1,0,0,0,3,3,221,0,1,6,2013,7,18,45,0,6,4,CR-FLOYD TOWER RD,,37,37.97377778,-91.04208333,0,1,0,0,1,1,0,1,1,1,0,1,0,0000000,18,44,19,1,19,32,0,0,0,1,0
29,290239,1,1,0,0,0,2,2,21,7070,2,6,2013,1,1,49,0,16,6,EASTON RD,,15,39.73194167,-94.80489722,0,34,0,0,1,1,0,4,2,10,0,10,0,0000000,1,58,2,7,99,99,0,0,0,1,0
29,290240,1,1,0,0,0,3,3,43,9997,7,6,2013,6,17,53,1,2,2,US-65,,5,36.8225,-93.22586111,0,35,0,0,1,1,0,4,1,1,0,1,0,0000000,17,57,18,8,99,99,0,0,0,1,0
29,290241,1,1,0,0,0,1,1,53,0,8,6,2013,7,18,30,0,4,3,SR-K,,7,38.98738889,-92.96091667,0,1,0,0,1,1,0,4,1,1,0,1,0,0000000,18,31,18,45,88,88,0,0,0,1,1
29,290242,2,2,0,0,0,6,6,125,0,9,6,2013,1,14,54,1,2,2,US-63,,160,38.12841667,-91.84283333,0,12,6,0,1,1,0,1,1,1,0,1,0,0000000,14,57,15,9,15,10,0,0,0,1,0
29,290243,1,1,0,0,0,2,2,9,0,10,6,2013,2,14,20,0,3,3,SR-76,,44,36.70608333,-94.02477778,0,35,0,0,1,1,0,4,1,1,0,1,0,0000000,14,26,14,41,15,19,0,0,0,1,0
29,290244,1,1,0,1,1,1,1,189,2690,11,6,2013,3,12,47,1,13,3,SR-141,GRAVOIS RD,235,38.51180556,-90.445,0,8,0,0,3,2,0,1,1,1,0,1,0,0000000,12,47,12,53,13,6,0,0,0,1,0
29,290245,1,1,0,0,0,1,1,3,0,12,6,2013,4,18,27,0,4,2,US-59,,55,39.96672222,-94.91727778,0,35,0,0,1,1,0,4,1,1,0,1,0,0000000,99,98,99,98,88,88,0,0,0,1,1
29,290246,1,1,0,0,0,1,1,95,4490,12,6,2013,4,19,50,1,11,1,I-470,,15,39.025,-94.36055556,0,57,0,0,1,1,0,3,1,1,0,1,0,0000000,99,98,99,98,88,88,0,0,0,1,1
29,290247,2,2,0,0,0,4,4,186,0,13,6,2013,5,12,17,0,4,2,US-61,,227,37.92735556,-89.99886111,0,12,6,0,1,1,0,1,1,10,0,10,0,0000000,12,16,12,25,99,99,0,0,0,3,0
29,290248,1,1,0,0,0,1,1,11,0,13,6,2013,5,22,5,0,4,3,SR-T,,18,37.47269444,-94.18852778,0,1,0,0,1,1,0,1,2,1,0,1,0,0000000,99,99,99,99,99,99,0,0,0,1,1
29,290249,3,3,0,0,0,7,7,95,4120,24,5,2013,6,16,33,0,16,6,CLEVELAND AVE,72ND ST,6,38.99558056,-94.54301111,0,12,6,0,2,2,0,1,1,1,0,1,0,0000000,16,34,16,46,17,0,0,0,0,1,0
29,290250,1,1,0,0,0,1,1,99,0,11,6,2013,3,16,12,0,4,3,SR-WW,,17,38.26575,-90.75866667,0,42,0,0,1,1,0,4,1,1,0,1,0,0000000,16,11,16,35,88,88,0,0,0,1,1
29,290251,2,2,0,0,0,5,5,209,6670,14,6,2013,6,16,5,1,2,3,SR-13,SR-248,46,36.75941667,-93.35922222,0,12,6,0,2,2,0,1,1,1,0,1,0,0000000,16,5,16,20,17,16,0,0,0,2,0
29,290252,1,1,0,0,0,2,2,155,0,15,6,2013,7,17,55,0,6,4,CR-50C-1,,3,36.20969444,-89.73233333,0,1,0,0,1,1,0,4,1,1,0,1,0,0000000,18,3,18,7,18,29,0,0,0,1,0
29,290253,2,2,0,0,0,4,4,189,1575,15,6,2013,7,20,15,1,11,1,I-64,,23,38.67297222,-90.62966667,0,12,6,0,1,1,0,1,2,2,10,2,0,0000000,20,13,20,24,99,99,0,0,0,1,1
29,290254,2,2,0,0,0,3,3,143,0,16,6,2013,1,22,20,0,4,2,US-61,,165,36.63386111,-89.54394444,0,12,2,0,1,1,0,1,2,1,0,1,0,0000000,22,29,22,36,23,16,0,0,0,1,1
29,290255,1,1,0,0,0,3,3,175,0,18,6,2013,3,10,30,0,6,4,CR-2560,,3,39.30461111,-92.49933333,0,42,0,0,1,1,0,4,1,1,0,1,0,0000000,10,42,10,58,12,2,0,0,0,1,0
29,290256,2,2,0,0,0,3,3,9,0,18,6,2013,3,14,29,1,2,3,SR-37,,69,36.83258333,-93.92130556,0,12,2,0,1,1,0,1,1,1,0,1,0,0000000,99,98,99,98,88,88,0,0,0,1,0
29,290257,1,1,0,0,0,2,2,167,0,19,6,2013,4,9,25,1,2,3,SR-13,,229,37.707,-93.51591667,0,1,0,0,1,1,0,4,1,1,0,1,0,0000000,99,98,99,98,88,88,0,0,0,2,0
29,290258,4,4,0,0,0,5,5,167,6370,21,6,2013,6,16,30,0,4,3,SR-H,,123,37.44513889,-93.27183333,0,12,2,0,1,1,0,1,1,1,0,1,0,0000000,99,99,99,99,99,99,0,0,0,1,0
29,290259,2,2,0,0,0,2,2,95,3940,11,6,2013,3,19,34,1,2,3,SR-7,,57,39.057425,-94.27180833,0,12,2,0,1,1,0,1,1,1,0,1,0,0000000,99,99,99,99,99,99,0,0,0,1,0
29,290260,1,1,0,0,0,4,4,95,3940,18,6,2013,3,15,45,0,6,6,I ST,,0,39.02591944,-94.37640833,0,5,0,0,1,1,0,1,1,10,0,10,0,0000000,99,99,99,99,99,99,0,0,0,1,0
29,290261,1,1,0,0,0,1,1,47,4120,3,6,2013,2,15,0,1,11,1,I-35 RP,,0,39.17166667,-94.555,0,34,0,1,5,1,0,8,1,1,0,1,0,0000000,15,4,15,16,15,29,0,0,0,1,0
29,290262,1,1,0,0,0,1,1,39,0,17,6,2013,2,10,0,0,4,3,SR-39,,9,37.856,-93.89286111,0,34,0,0,1,1,0,4,1,1,0,1,0,0000000,9,50,10,2,10,53,0,0,0,1,0
29,290263,2,2,0,0,0,3,3,109,0,23,6,2013,1,11,20,0,6,4,CR-1220,,6,37.10436111,-93.66355556,0,12,2,0,1,1,0,1,1,10,0,10,0,0000000,11,45,12,33,12,53,0,0,0,1,0
29,290264,2,2,0,0,0,2,2,510,7080,15,6,2013,7,2,46,1,13,3,SR-231 BROADWAY ST,RIVER CITY BLVD,0,38.53766944,-90.26903889,0,12,6,0,2,2,0,1,3,10,0,10,0,0000000,99,98,99,98,88,88,0,0,0,2,0
29,290265,1,1,0,0,0,1,1,510,7080,18,6,2013,3,6,42,0,13,3,SR-D PAGE BLVD,BELT AVE,9,38.66306944,-90.27615,0,33,0,0,3,2,4,4,1,1,0,1,0,0000000,99,98,99,98,88,88,0,0,0,1,0
29,290266,1,1,0,0,0,1,1,65,0,15,6,2013,7,16,10,0,3,3,SR-19,,87,37.72230556,-91.48497222,0,53,0,0,1,1,0,4,1,1,0,1,0,0000000,16,17,16,51,17,46,0,0,0,1,1
29,290267,3,3,0,0,0,4,4,139,4090,22,6,2013,7,12,0,1,1,1,I-70,,2,38.84597222,-91.26808333,0,57,0,0,1,1,0,3,1,10,0,10,0,0000000,12,4,12,21,13,11,14,0,0,1,0
29,290268,3,3,0,0,0,4,4,221,0,23,6,2013,1,0,5,0,4,3,SR-U,,128,37.79580556,-90.65775,0,12,1,0,1,1,0,1,2,1,0,1,0,0000000,0,13,0,34,1,43,0,0,0,2,1
29,290269,1,1,0,0,0,2,2,95,4120,28,5,2013,3,2,44,0,13,6,BLUE RIDGE BLVD,,38,38.96759167,-94.498375,0,33,0,0,1,1,0,4,3,10,0,10,0,0000000,99,99,99,99,99,99,0,0,0,1,1
29,290270,1,1,0,0,0,1,1,143,0,23,6,2013,1,8,30,1,1,1,I-55,,15,36.43019444,-89.68222222,0,1,0,0,1,1,0,3,1,1,0,1,0,0000000,99,98,99,98,88,88,0,0,0,1,0
29,290272,1,1,0,0,0,1,1,175,0,25,6,2013,3,13,50,1,2,2,US-63,,85,39.34230556,-92.39086111,0,51,0,0,1,1,0,1,1,10,0,10,0,0000000,99,98,99,98,88,88,0,0,0,1,1
29,290273,2,2,0,0,0,4,4,161,6910,24,6,2013,2,21,9,0,14,6,FORUM DR,SR-BB,0,37.95151389,-91.75234722,0,12,2,0,2,2,0,1,3,1,0,1,0,0000000,21,12,21,16,21,37,0,0,0,1,0
29,290274,2,2,0,0,0,3,3,77,7460,30,4,2013,3,13,28,0,13,6,BATTLEFIELD RD,,54,37.15946667,-93.26540833,0,12,6,0,8,1,0,1,1,1,0,1,0,0000000,13,30,13,37,14,5,0,0,0,1,1
29,290275,2,2,0,0,0,2,2,71,0,25,6,2013,3,9,20,0,6,4,CR-DRY BRANCH,,20,38.33744444,-91.06302778,0,12,2,0,1,1,0,1,1,1,0,1,0,0000000,99,98,99,98,88,88,0,0,0,1,0
29,290276,1,1,0,0,0,1,1,223,0,29,6,2013,7,10,30,1,2,2,US-67,,266,37.27852778,-90.43627778,0,1,0,0,1,1,0,1,1,1,0,1,0,0000000,99,98,99,98,88,88,0,0,0,1,0
29,290277,1,1,0,0,0,1,1,17,0,29,6,2013,7,15,50,0,4,3,SR-51,,372,37.16452778,-89.99811111,0,1,0,0,1,1,0,4,1,10,0,10,0,0000000,99,98,99,98,88,88,0,0,0,1,0
29,290278,2,2,0,0,0,6,6,71,0,29,6,2013,7,18,45,1,2,3,SR-100,SR-M,310,38.48561111,-90.88641667,0,12,6,0,2,2,0,1,1,10,0,10,0,0000000,18,57,19,10,19,48,0,0,0,2,1
29,290279,2,2,0,0,0,6,6,43,0,30,6,2013,1,19,25,1,2,2,US-65,SAWMILL RD,131,36.90730556,-93.24316667,0,12,6,0,2,2,0,1,1,1,0,1,0,0000000,99,98,99,98,88,88,0,0,0,1,0
29,290280,2,2,0,0,0,6,6,31,0,1,7,2013,2,12,35,1,11,1,I-55,,131,37.55797222,-89.74116667,0,12,7,0,1,1,0,1,1,10,0,10,0,0000000,12,42,13,1,13,58,0,0,0,1,0
29,290281,1,1,0,0,0,2,2,173,0,1,7,2013,2,16,24,0,6,4,CR-SALEM LN,,11,39.51016667,-91.48977778,0,5,0,0,1,1,0,1,1,1,0,1,0,0000000,99,98,99,98,88,88,0,0,0,1,0
29,290282,2,2,0,0,0,3,3,3,0,1,7,2013,2,17,0,0,13,2,US-71 BUS,CR-339,48,39.91572222,-94.81166667,0,12,6,0,8,1,0,1,1,1,0,1,0,0000000,17,2,17,5,17,51,0,0,0,1,0
29,290283,2,2,0,1,1,3,3,95,4120,3,6,2013,2,20,55,0,13,6,BLUE PKWY,CLEVELAND AVE,100,39.03619722,-94.54093889,0,9,0,0,3,2,0,1,3,1,0,1,0,0000000,20,56,21,4,21,16,0,0,0,1,0
29,290284,1,1,0,0,0,1,1,165,4120,7,6,2013,6,2,43,0,15,6,NW MACE RD,,15,39.22941667,-94.67571389,0,1,0,0,1,1,0,4,3,1,0,1,0,0000000,2,46,2,54,3,17,0,0,0,1,1
29,290285,2,2,0,0,0,7,7,37,0,25,6,2013,3,22,25,1,1,1,I-49,,107,38.71,-94.44302778,0,12,1,0,1,1,0,1,2,1,0,1,0,0000000,23,3,23,13,23,46,0,0,0,1,0
29,290286,2,2,0,0,0,3,3,131,0,30,6,2013,1,16,20,1,2,2,US-54,SR-AA,228,38.37405556,-92.41286111,0,12,6,0,2,2,0,1,1,10,0,10,0,0000000,99,98,99,98,88,88,0,0,0,2,0
29,290287,1,1,0,0,0,2,2,169,0,4,7,2013,5,2,34,0,6,4,CR-HARTFORD RD,,24,37.85358333,-92.07733333,0,42,0,0,1,1,0,4,2,1,0,1,0,0000000,2,52,3,33,4,55,0,0,0,1,1
29,290288,2,2,0,0,0,6,6,37,0,4,7,2013,5,17,34,0,4,3,SR-B,,14,38.48594444,-94.30866667,0,12,6,0,1,1,0,1,1,1,0,1,0,0000000,17,36,17,48,18,26,0,0,0,5,1
29,290289,1,1,0,0,0,1,1,219,0,5,7,2013,6,7,20,0,6,4,CR-WESTWOODS RD,,1,38.836,-91.07113889,0,1,0,0,1,1,0,4,1,1,0,1,0,0000000,7,18,7,29,88,88,0,0,0,1,1
29,290291,1,1,0,0,0,1,1,97,0,6,7,2013,7,9,5,1,1,1,I-44,,106,37.0815,-94.26,0,1,0,0,1,1,0,1,1,10,0,10,0,0000000,99,98,99,98,88,88,0,0,0,1,0
29,290292,1,1,0,0,0,1,1,153,0,6,7,2013,7,23,30,0,6,4,CR-529,,10,36.51505556,-92.34925,0,42,0,0,1,1,0,4,2,1,0,1,0,0000000,99,98,99,98,88,88,0,0,0,1,1
29,290293,2,2,0,0,0,2,2,99,0,7,7,2013,1,0,38,0,14,4,CR-HIGH RIDGE BLVD,,14,38.46136111,-90.53577778,0,12,2,0,1,1,0,1,2,1,0,1,0,0000000,0,24,0,25,0,52,0,0,0,1,2
29,290294,1,1,0,0,0,2,2,510,7080,16,5,2013,5,11,47,0,16,6,MARGARETTA AVE,,0,38.68106389,-90.25547778,0,5,0,0,1,1,0,1,1,1,0,1,0,0000000,11,44,11,48,12,12,0,0,0,1,0
29,290295,1,1,0,0,0,1,1,71,0,18,5,2013,7,12,16,0,3,3,SR-100,,112,38.59722222,-91.2125,0,32,0,0,1,1,0,4,1,1,0,1,0,0000000,12,13,12,19,13,22,0,0,0,1,0
29,290296,1,1,0,0,0,2,2,221,0,6,7,2013,7,12,35,0,3,3,SR-21,,15,38.07713889,-90.68516667,0,59,0,0,1,1,0,4,1,10,0,10,0,0000000,99,99,99,99,99,99,0,0,0,1,1
29,290297,2,2,0,0,0,2,2,99,6220,31,5,2013,6,23,58,1,11,1,I-55,,105,38.30633889,-90.40296944,0,12,6,0,1,1,0,1,2,2,0,2,0,0000000,23,59,0,9,0,42,0,0,0,1,1
29,290298,2,2,0,0,0,3,3,127,3470,29,3,2013,6,13,46,0,16,6,GRAND AVE,MARKET ST,8,39.70372222,-91.36847222,0,12,6,0,2,2,0,1,1,1,0,1,0,0000000,99,99,99,99,99,99,0,0,0,1,0
29,290299,2,2,0,0,0,2,2,77,7460,13,5,2013,2,15,5,0,15,6,CATALPA,OAK GROVE,5,37.19190833,-93.24391667,0,12,6,0,2,2,0,1,1,1,0,1,0,0000000,15,6,15,16,15,33,0,0,0,1,0
29,290300,2,2,0,0,0,4,4,121,4840,4,7,2013,5,16,15,1,13,2,US-36,KELLOGG ST,219,39.75536667,-92.45348056,0,12,6,0,2,2,0,1,1,1,0,1,0,0000000,16,21,16,26,16,47,0,0,0,1,0
29,290301,1,1,0,0,0,1,1,91,0,10,7,2013,4,9,15,0,4,3,SR-CC,,7,36.75880556,-92.10155556,0,35,0,0,1,1,0,4,1,1,0,1,0,0000000,99,98,99,98,88,88,0,0,0,1,0