STATE,ST_CASE,VE_TOTAL,VE_FORMS,PVH_INVL,PEDS,PERNOTMVIT,PERMVIT,PERSONS,COUNTY,CITY,DAY,MONTH,YEAR,DAY_WEEK,HOUR,MINUTE,NHS,ROAD_FNC,ROUTE,TWAY_ID,TWAY_ID2,MILEPT,LATITUDE,LONGITUD,SP_JUR,HARM_EV,MAN_COLL,RELJCT1,RELJCT2,TYP_INT,WRK_ZONE,REL_ROAD,LGT_COND,WEATHER1,WEATHER2,WEATHER,SCH_BUS,RAIL,NOT_HOUR,NOT_MIN,ARR_HOUR,ARR_MIN,HOSP_HR,HOSP_MN,CF1,CF2,CF3,FATALS,DRUNK_DR
29,290302,1,1,0,0,0,1,1,95,4120,14,6,2013,6,23,11,0,14,6,TRUMAN RD,VINCIL RD,2,39.09315,-94.48414167,0,39,0,0,3,3,0,4,2,1,0,1,0,0000000,23,15,23,18,23,35,0,0,0,1,1
29,290303,3,3,0,0,0,4,4,165,6821,29,5,2013,4,11,27,1,11,1,I-635,,24,39.17988611,-94.62176944,0,12,6,0,1,1,0,1,1,1,0,1,0,0000000,99,99,99,99,99,99,0,0,0,1,0
29,290304,2,2,0,0,0,6,6,77,0,29,6,2013,7,17,0,0,4,3,SR-123,,60,37.36288889,-93.49175,0,12,2,0,1,1,0,1,1,1,0,1,0,0000000,17,8,17,42,18,14,0,0,0,1,0
29,290305,2,2,0,0,0,3,3,91,0,10,7,2013,4,10,10,0,4,3,SR-142,,39,36.53138889,-92.05788889,0,12,2,0,1,1,0,1,1,1,0,1,0,0000000,99,98,99,98,88,88,0,0,0,1,1
29,290306,1,1,0,0,0,1,1,53,0,12,7,2013,6,22,58,0,3,3,SR-87,,164,38.80725,-92.56852778,0,42,0,0,1,1,0,4,2,1,0,1,0,0000000,99,98,99,98,88,88,0,0,0,1,0
29,290307,1,1,0,2,2,1,1,189,0,16,6,2013,1,20,10,0,16,4,CR-REDMAN BLVD,,0,38.78556944,-90.21316667,0,8,0,0,1,1,0,1,1,1,0,1,0,0000000,20,12,20,14,20,27,0,0,0,1,0
29,290308,2,2,0,0,0,2,2,165,0,22,6,2013,7,21,34,1,2,3,SR-92,,37,39.33222778,-94.89431944,0,12,2,0,8,1,0,1,2,1,0,1,0,0000000,99,99,99,99,99,99,0,0,0,1,0
29,290309,1,1,0,0,0,5,5,510,7080,6,7,2013,7,1,2,1,11,1,I-64,,25,38.63127778,-90.26523611,0,25,0,1,19,1,4,3,3,1,0,1,0,0000000,1,6,1,10,1,24,0,0,0,3,1
29,290310,1,1,0,0,0,1,1,47,7370,27,4,2013,7,18,0,0,4,3,SR-KK,,11,39.3979,-94.58723611,0,43,0,0,1,1,0,4,1,10,0,10,0,0000000,99,99,99,99,99,99,0,0,0,1,1
29,290311,1,1,0,0,0,1,1,31,1390,26,6,2013,4,10,46,0,15,6,E CAPE ROCK DR,,1,37.32781944,-89.515525,0,42,0,0,1,1,0,4,1,10,0,10,0,0000000,10,45,10,53,88,88,0,0,0,1,0
29,290312,1,1,0,0,0,3,3,17,0,12,7,2013,6,22,25,0,6,4,CR-302,,3,37.39227778,-89.93480556,0,5,0,0,1,1,0,1,2,1,0,1,0,0000000,22,27,22,28,23,11,0,0,0,1,0
29,290313,2,2,0,0,0,6,6,187,0,13,7,2013,7,21,35,1,2,3,SR-8,,38,37.86263889,-90.57638889,0,12,6,0,1,1,0,1,2,1,0,1,0,0000000,21,43,22,27,22,59,0,0,0,1,0
29,290314,1,1,0,0,0,3,3,37,0,13,7,2013,7,23,0,0,4,3,SR-K,,52,38.65861111,-94.22611111,0,1,0,0,1,1,0,1,2,1,0,1,0,0000000,23,9,23,55,0,23,0,0,0,1,1
29,290315,1,1,0,0,0,1,1,23,0,15,7,2013,2,4,15,1,2,2,US-60,,256,36.86027778,-90.62675,0,1,0,0,1,1,0,3,2,1,0,1,0,0000000,99,98,99,98,88,88,0,0,0,1,0
29,290316,2,2,0,0,0,3,3,95,4490,11,6,2013,3,12,43,0,14,3,SR-291 JEFFERSON ST,BLUE PKWY,6,38.90425556,-94.37761944,0,12,6,0,2,2,0,1,1,1,0,1,0,0000000,12,45,12,49,13,7,0,0,0,1,0
29,290317,1,1,0,0,0,4,4,97,4100,15,6,2013,7,1,15,0,14,6,N ST LOUIS AVE,,19,37.10011111,-94.49491667,0,59,0,0,1,1,0,4,2,1,0,1,0,0000000,99,99,99,99,99,99,0,0,0,2,1
29,290318,1,1,0,0,0,2,2,95,4120,4,7,2013,5,20,10,0,13,6,THE PASEO BLVD,,51,39.03366389,-94.56757222,0,30,0,0,1,1,0,4,1,1,0,1,0,0000000,20,12,20,16,20,32,0,0,0,1,1
29,290319,2,2,0,0,0,3,3,95,4120,6,7,2013,7,3,6,0,13,6,TROOST AVE,,68,39.00720556,-94.57486667,0,12,6,0,8,1,0,1,3,1,0,1,0,0000000,99,99,99,99,99,99,0,0,0,1,1
29,290320,1,1,0,0,0,4,4,77,7460,2,6,2013,1,1,50,0,15,6,BENTON,,0,37.22995556,-93.28725,0,18,0,0,1,1,0,5,6,1,0,1,0,0000000,99,99,99,99,99,99,0,0,0,1,1
29,290321,1,1,0,0,0,1,1,201,7310,17,6,2013,2,12,16,1,11,1,I-55,,3,36.87360556,-89.53290278,0,23,0,1,5,1,0,4,1,2,10,2,0,0000000,12,17,12,25,12,43,0,0,0,1,0
29,290322,3,3,0,0,0,4,4,23,0,19,7,2013,6,9,35,1,2,2,US-60,,75,36.79375,-90.33608333,0,12,6,1,18,1,0,1,1,1,0,1,0,0000000,9,46,9,51,10,26,0,0,0,1,0
29,290323,1,1,0,0,0,1,1,95,4120,4,3,2013,2,0,1,0,16,6,BLUE VALLEY PARK RD,,2,39.07622222,-94.51055278,0,17,0,0,1,1,0,4,9,99,0,99,0,0000000,99,98,99,98,88,88,0,0,0,1,0
29,290324,2,2,0,0,0,5,5,95,4120,12,6,2013,4,21,3,0,14,6,E 27TH ST,,29,39.07638056,-94.53009167,0,30,0,0,1,1,0,4,3,1,0,1,0,0000000,21,4,21,9,21,21,14,0,0,1,0
29,290325,2,2,0,0,0,4,4,201,7310,21,6,2013,6,11,29,0,13,2,US-61,,282,36.87499722,-89.57836111,0,12,6,0,8,1,0,1,1,1,0,1,0,0000000,11,29,11,32,11,58,0,0,0,1,0
29,290326,1,1,0,1,1,1,1,31,1390,19,7,2013,6,7,51,0,16,6,N FOUNTAIN,,2,37.31270833,-89.52123333,0,8,0,0,4,1,0,1,1,1,0,1,0,0000000,7,53,8,3,8,24,0,0,0,1,0
29,290327,1,1,0,0,0,2,2,131,0,29,6,2013,7,0,34,0,6,4,CR-CURRY RD,,3,38.05263889,-92.41894444,0,38,0,0,1,1,0,4,2,1,0,1,0,0000000,1,18,1,33,2,49,0,0,0,1,1
29,290328,2,2,0,0,0,6,6,71,0,14,7,2013,1,1,50,1,2,2,US-50,,32,38.41161111,-91.31130556,0,12,2,0,1,1,0,1,2,1,0,1,0,0000000,1,56,2,11,2,29,0,0,0,1,1
29,290329,2,1,1,1,1,1,1,47,0,17,7,2013,4,14,20,1,11,1,I-35,,269,39.4435,-94.3305,0,14,0,0,1,1,0,2,1,1,0,1,0,0000000,14,36,14,40,15,8,23,0,0,1,0
29,290330,1,1,0,0,0,1,1,101,0,18,7,2013,5,23,20,0,4,3,SR-23,,33,38.88613889,-93.56344444,0,35,0,0,1,1,0,4,2,1,0,1,0,0000000,99,98,99,98,88,88,0,0,0,1,1
29,290331,1,1,0,0,0,2,2,119,0,20,7,2013,7,19,10,0,3,3,SR-76,,81,36.73894444,-94.09266667,0,42,0,0,1,1,0,4,1,2,0,2,0,0000000,19,55,20,25,21,4,0,0,0,1,1
29,290332,2,2,0,0,0,2,2,77,0,24,7,2013,4,6,30,1,11,1,I-44,,137,37.22555556,-93.37055556,0,57,0,0,1,1,0,3,1,10,0,10,0,0000000,99,98,99,98,88,88,0,0,0,1,1
29,290333,1,1,0,0,0,6,6,183,0,3,7,2013,4,15,40,0,16,4,CR-OAK FOREST DR,,1,38.78652778,-90.68419444,0,5,0,0,1,1,0,1,1,10,0,10,0,0000000,15,41,15,51,16,14,0,0,0,1,0
29,290335,2,2,0,0,0,3,3,95,3280,25,7,2013,5,7,12,1,11,1,I-49,,31,38.89901944,-94.52455,0,12,7,1,5,1,0,1,1,1,0,1,0,0000000,99,98,99,98,88,88,0,0,0,2,0
29,290336,2,2,0,0,0,2,2,213,980,26,7,2013,6,16,50,0,16,6,JAMES F EPPS RD,,6,36.65115,-93.24035,0,12,6,0,1,1,0,1,1,2,0,2,0,0000000,16,53,16,56,17,12,0,0,0,1,0
29,290337,1,1,0,0,0,1,1,19,1800,7,7,2013,1,1,3,0,14,6,BROADWAY,,32,38.95138889,-92.3452,0,30,0,0,1,1,0,4,3,1,0,1,0,0000000,99,98,99,98,88,88,0,0,0,1,1
29,290338,1,1,0,0,0,2,2,189,0,20,7,2013,7,9,35,1,11,1,I-44,,12,38.49872222,-90.71513889,0,1,0,0,1,1,0,1,1,1,0,1,0,0000000,9,54,10,0,10,25,0,0,0,1,0
29,290340,3,3,0,1,1,6,6,219,8120,23,7,2013,3,21,25,0,6,4,CR-TOWNSHIP LINE RD,,31,38.87269444,-91.16113889,0,12,1,0,1,1,0,1,2,1,0,1,0,0000000,21,38,21,45,99,99,19,0,0,1,0
29,290341,1,1,0,0,0,1,1,97,0,23,7,2013,3,23,58,0,4,3,SR-K,,6,37.33947222,-94.28561111,0,32,0,0,1,1,0,4,2,10,2,2,0,0000000,99,98,99,98,88,88,0,0,0,1,0
29,290342,1,1,0,0,0,1,1,221,0,25,7,2013,5,0,30,0,4,3,SR-C,,211,37.78019444,-90.79747222,0,35,0,0,1,1,0,4,2,1,0,1,0,0000000,99,98,99,98,88,88,0,0,0,1,1
29,290343,1,1,0,0,0,1,1,43,0,28,7,2013,1,4,20,1,2,2,US-160,,182,36.8475,-93.32386111,0,43,0,0,1,1,0,4,2,10,0,10,0,0000000,99,98,99,98,88,88,0,0,0,1,1
29,290344,1,1,0,0,0,2,2,213,0,30,7,2013,3,20,15,0,6,4,CR-COON CREEK RD,,8,36.62591667,-93.17925,0,35,0,0,1,1,0,4,2,1,0,1,0,0000000,20,15,20,35,21,14,0,0,0,1,1
29,290345,1,1,0,0,0,1,1,37,0,20,6,2013,5,21,10,1,2,3,SR-291,,87,38.71447222,-94.36811111,0,1,0,0,1,1,0,1,2,1,0,1,0,0000000,21,6,21,11,21,52,0,0,0,1,0
29,290346,1,1,0,0,0,1,1,95,3940,27,7,2013,7,14,25,0,16,6,EUREKA RD,,9,39.06186111,-94.32394444,0,42,0,0,1,1,0,4,1,1,0,1,0,0000000,14,26,14,33,14,49,0,0,0,1,0
29,290347,1,1,0,0,0,2,2,187,0,24,7,2013,4,20,20,0,4,3,SR-NN,SR-221,44,37.70869444,-90.54363889,0,30,0,0,3,3,0,4,1,1,0,1,0,0000000,20,25,20,40,21,51,0,0,0,1,1
29,290348,1,1,0,0,0,1,1,109,0,30,7,2013,3,12,0,0,4,3,SR-M,,144,37.1295,-93.76902778,0,35,0,0,1,1,0,4,1,10,0,10,0,0000000,99,98,99,98,88,88,0,0,0,1,0
29,290349,1,1,0,0,0,1,1,203,0,30,7,2013,3,14,46,0,4,3,SR-T,,64,36.91786111,-91.60097222,0,42,0,0,1,1,0,4,1,2,10,2,0,0000000,99,98,99,98,88,88,20,0,0,1,1
29,290351,1,1,0,0,0,2,2,35,0,2,8,2013,6,21,30,0,6,4,CR-127,,7,37.01636111,-91.03866667,0,1,0,0,1,1,0,4,2,10,0,10,0,0000000,21,38,22,20,99,99,0,0,0,2,1
29,290352,1,1,0,0,0,1,1,113,0,3,8,2013,7,16,40,0,4,3,SR-J,,34,38.93522222,-91.00002778,0,58,0,0,1,1,0,4,1,1,0,1,0,0000000,16,40,16,48,17,9,0,0,0,1,0
29,290353,1,1,0,0,0,1,1,143,0,3,8,2013,7,20,45,0,3,3,SR-80,,21,36.75938889,-89.52655556,0,35,0,0,1,1,0,4,2,10,0,10,0,0000000,21,7,21,31,22,9,0,0,0,1,0
29,290354,1,1,0,0,0,3,3,41,0,4,8,2013,1,0,24,0,5,3,SR-PP,,21,39.41602778,-92.75763889,0,32,0,0,1,1,0,4,2,1,0,1,0,0000000,0,26,0,37,99,99,0,0,0,2,1
29,290355,1,1,0,0,0,1,1,217,5590,5,8,2013,2,15,50,0,16,6,ASH,,0,37.82930556,-94.35969444,0,59,0,0,1,1,0,4,1,1,0,1,0,0000000,15,50,15,52,88,88,0,0,0,1,0
29,290356,1,1,0,0,0,1,1,21,7070,6,8,2013,3,16,46,1,11,1,I-229,,13,39.71255556,-94.80502778,0,1,0,0,1,1,0,4,1,1,0,1,0,0000000,99,98,99,98,88,88,0,0,0,1,0
29,290357,1,1,0,1,1,1,1,510,7080,23,6,2013,1,7,44,0,13,6,RIVERVIEW BLVD,,14,38.71273333,-90.24341667,0,8,0,0,1,1,0,1,1,1,0,1,0,0000000,7,44,7,54,8,11,0,0,0,1,0
29,290358,1,1,0,1,1,4,4,37,600,27,7,2013,7,19,55,0,14,3,SR-58,,17,38.81580556,-94.55380556,0,8,0,0,1,1,0,1,1,1,0,1,0,0000000,19,56,20,1,20,31,0,0,0,1,0
29,290359,1,1,0,0,0,1,1,159,0,2,8,2013,6,23,20,0,5,3,SR-EE,,58,38.78016667,-93.18741667,0,34,0,0,1,1,0,4,2,10,0,10,0,0000000,99,98,99,98,88,88,0,0,0,1,1
29,290360,1,1,0,0,0,1,1,9,0,8,8,2013,5,3,55,0,3,3,SR-39,,35,36.87469444,-93.72033333,0,31,0,0,1,1,0,4,2,2,0,2,0,0000000,99,98,99,98,88,88,0,0,0,1,1
29,290361,2,2,0,0,0,4,4,51,0,8,8,2013,5,17,35,0,4,3,SR-B,,139,38.38816667,-92.22452778,0,12,2,0,1,1,0,1,1,1,0,1,0,0000000,99,99,99,99,99,99,0,0,0,3,0
29,290362,1,1,0,0,0,1,1,55,0,3,8,2013,7,16,5,0,6,4,CR-SIG BASS RD,,2,37.79513889,-91.29727778,0,11,0,0,1,1,0,1,1,1,0,1,0,0000000,99,99,99,99,99,99,0,0,0,1,0
29,290363,1,1,0,0,0,2,2,225,0,7,8,2013,4,14,5,0,4,3,SR-A,,68,37.24630556,-92.87975,0,23,0,0,1,1,0,4,1,10,0,10,0,0000000,99,98,99,98,88,88,0,0,0,2,0
29,290364,1,1,0,0,0,1,1,119,0,9,8,2013,6,17,45,0,5,3,SR-NN,,21,36.68791667,-94.41052778,0,42,0,0,1,1,0,4,1,10,0,10,0,0000000,99,98,99,98,88,88,0,0,0,1,1
29,290365,2,2,0,0,0,2,2,221,0,9,8,2013,6,15,25,0,3,3,SR-21,,31,38.07638889,-90.7125,0,12,6,0,1,1,0,1,1,10,2,2,0,0000000,15,36,15,48,99,99,0,0,0,2,0
29,290366,2,2,0,0,0,3,3,21,0,10,8,2013,7,7,15,1,2,2,US-36,CR-144,0,39.74841667,-94.60205556,0,12,6,0,2,2,0,1,1,1,0,1,0,0000000,7,15,7,25,7,52,0,0,0,1,0
29,290367,2,2,0,0,0,3,3,143,0,10,8,2013,7,12,55,1,1,1,I-55,,157,36.64244444,-89.542,0,12,1,0,1,1,2,1,1,10,0,10,0,0000000,13,0,13,15,13,57,0,0,0,1,0
29,290368,5,5,0,0,0,12,12,510,7080,14,5,2013,3,8,17,0,13,6,S KINGSHIGHWAY BLVD,PARKVIEW PL,49,38.63843611,-90.26574722,0,12,6,0,2,3,0,1,1,1,0,1,0,0000000,8,17,8,19,9,1,0,0,0,1,0
29,290369,1,1,0,1,1,1,1,510,7080,9,5,2013,5,19,33,0,16,6,ALCOTT AVE,,4,38.69188889,-90.25264444,0,8,0,0,1,1,0,1,3,1,0,1,0,0000000,19,33,19,42,20,4,0,0,0,1,0
29,290370,2,2,0,0,0,8,8,71,0,13,8,2013,3,16,55,1,2,2,US-50,,143,38.42647222,-91.12613889,0,12,2,0,1,1,0,1,1,1,0,1,0,0000000,17,53,18,0,99,99,0,0,0,1,1
29,290371,1,1,0,0,0,1,1,209,0,14,8,2013,4,13,32,0,4,2,US-160,,62,36.75155556,-93.31755556,0,59,0,0,1,1,0,4,1,10,0,10,0,0000000,13,30,13,53,99,99,0,0,0,1,0
29,290372,1,1,0,0,0,1,1,109,0,14,8,2013,4,18,30,0,6,4,CR-2175,,4,37.02163889,-93.82513889,0,1,0,0,1,1,0,4,1,1,0,1,0,0000000,99,98,99,98,88,88,0,0,0,1,1
29,290373,2,2,0,0,0,3,3,219,0,11,8,2013,1,10,40,0,4,3,SR-B,,116,38.73888889,-91.347,0,1,0,0,1,1,0,1,1,1,0,1,0,0000000,99,98,99,98,88,88,0,0,0,1,0
29,290374,1,1,0,0,0,1,1,95,4120,7,7,2013,1,3,50,0,14,6,GREGORY BLVD,,19,38.99867222,-94.57267222,0,42,0,0,1,1,0,4,3,2,0,2,0,0000000,99,98,99,98,88,88,0,0,0,1,1
29,290375,2,2,0,0,0,2,2,95,4120,19,7,2013,6,18,13,0,16,6,INDEPENDENCE AVE,HARDESTY AVE,48,39.10521667,-94.51910833,0,12,6,0,2,2,0,1,1,1,0,1,0,0000000,99,99,99,99,99,99,0,0,0,1,0
29,290376,3,3,0,0,0,3,3,510,7080,5,8,2013,2,19,32,1,11,1,I-270,,19,38.77021667,-90.22321944,0,12,1,0,1,1,0,1,3,1,0,1,0,0000000,20,51,21,14,21,34,0,0,0,1,0
29,290377,7,1,6,0,0,1,1,95,4120,9,8,2013,6,1,31,0,16,6,CHESTNUT,,2,39.08105556,-94.54997222,0,14,0,0,1,1,0,4,3,1,0,1,0,0000000,1,31,1,36,2,14,14,0,0,1,1
29,290379,1,1,0,0,0,1,1,43,0,15,8,2013,5,11,15,0,3,3,SR-14,,144,37.04786111,-93.38458333,0,42,0,0,1,1,0,4,1,1,0,1,0,0000000,99,98,99,98,88,88,0,0,0,1,0
29,290380,2,2,0,0,0,2,2,29,0,15,8,2013,5,15,45,0,6,4,CR-OLD RT 5,,16,37.97180556,-92.69419444,0,12,6,0,4,1,0,1,1,1,0,1,0,0000000,99,98,99,98,88,88,0,0,0,1,1
29,290381,1,1,0,0,0,3,3,175,3650,15,8,2013,5,19,30,0,6,6,RANDOLPH ST,,0,39.30708333,-92.51286111,0,42,0,0,1,1,0,4,1,10,0,10,0,0000000,20,15,20,15,99,99,0,0,0,1,1
29,290382,2,2,0,0,0,2,2,1,4230,22,5,2013,4,13,47,0,14,6,NORTHTOWN RD,NEW ST,2,40.21361389,-92.57741111,0,12,2,0,2,3,0,1,1,10,0,10,0,0000000,99,99,99,99,99,99,0,0,0,1,0
29,290383,1,1,0,0,0,2,2,209,0,12,8,2013,2,21,40,0,3,3,SR-413,,133,36.82677778,-93.50813889,0,59,0,0,1,1,0,4,2,10,0,10,0,0000000,99,98,99,98,88,88,0,0,0,2,0
29,290384,2,2,0,0,0,3,3,99,0,19,8,2013,2,10,0,1,13,3,SR-30,,6,38.49848333,-90.46991111,0,12,2,0,1,1,0,1,1,1,0,1,0,0000000,10,6,10,11,10,30,0,0,0,1,0
29,290385,1,1,0,0,0,2,2,197,0,12,8,2013,2,13,20,0,3,2,US-136,,165,40.51833333,-92.42305556,0,53,0,0,1,1,0,4,1,2,0,2,0,0000000,13,30,13,48,14,20,0,0,0,1,0
29,290386,2,1,1,0,1,1,2,71,7630,15,8,2013,5,7,5,1,11,1,I-44,,333,38.216,-91.16716667,0,14,0,0,1,1,0,4,1,1,0,1,0,0000000,99,99,99,99,99,99,0,0,0,1,0
29,290387,1,1,0,0,0,1,1,9,0,17,8,2013,7,4,10,0,4,3,SR-86,,387,36.51183333,-93.69444444,0,30,0,0,1,1,0,4,2,1,0,1,0,0000000,99,98,99,98,88,88,0,0,0,1,1
29,290388,3,3,0,0,0,2,2,510,7080,27,7,2013,7,10,27,1,11,1,I-44,,49,38.61710278,-90.24332222,0,12,1,0,1,1,0,1,1,1,0,1,0,0000000,99,98,99,98,88,88,0,0,0,1,0
29,290389,2,2,0,0,0,5,5,77,7460,23,6,2013,1,18,34,0,16,6,KANSAS AVE,MONTCLAIR ST,15,37.15793889,-93.31388056,0,12,6,0,2,2,0,1,1,1,0,1,0,0000000,18,33,18,41,19,8,0,0,0,1,0
29,290390,1,1,0,1,1,1,1,510,7080,22,6,2013,7,21,10,0,3,6,OLIVE ST,,21,38.63568889,-90.22532222,0,8,0,0,1,1,0,1,3,1,0,1,0,0000000,21,10,21,16,21,30,0,0,0,1,0
29,290391,1,1,0,0,0,1,1,133,0,20,8,2013,3,11,0,0,6,4,CR-414,,23,36.83333333,-89.37916667,0,34,0,0,1,1,0,4,1,1,0,1,0,0000000,11,13,11,18,11,53,0,0,0,1,0
29,290392,2,2,0,0,0,4,4,169,0,21,8,2013,4,18,8,1,1,1,I-44,,49,37.779,-92.32352778,0,12,1,0,1,1,0,1,1,1,0,1,0,0000000,18,17,19,10,19,57,0,0,0,1,0
29,290393,1,1,0,0,0,2,2,201,7203,9,8,2013,6,23,48,1,11,1,I-55,,238,37.21361111,-89.54333333,0,24,0,0,1,1,0,3,2,10,0,10,0,0000000,99,98,99,98,88,88,0,0,0,2,1
29,290394,2,2,0,0,0,2,2,157,0,13,8,2013,3,16,55,0,3,3,SR-51,,5,37.89730556,-89.84197222,0,12,2,0,1,1,0,1,1,1,0,1,0,0000000,99,99,99,99,99,99,0,0,0,1,1
29,290395,2,2,0,0,0,3,3,83,0,18,8,2013,1,20,46,1,2,3,SR-13,SR-Z,11,38.22077778,-93.76113889,0,12,6,0,2,2,0,1,2,1,0,1,0,0000000,20,50,20,59,21,37,0,0,0,1,1
29,290396,2,2,0,0,0,6,6,69,0,18,8,2013,1,14,17,1,2,3,SR-25,,193,36.37066667,-90.02408333,0,12,2,0,1,1,0,1,1,10,0,10,0,0000000,14,49,15,19,16,27,0,0,0,1,0
29,290397,2,2,0,0,0,2,2,173,0,19,8,2013,2,18,0,1,2,3,SR-19,,58,39.52586111,-91.486,0,12,2,0,1,1,0,1,1,1,0,1,0,0000000,99,98,99,98,88,88,0,0,0,1,0
29,290398,1,1,0,0,0,4,4,167,0,20,8,2013,3,3,23,0,6,4,CR-237TH RD,,9,37.48330556,-93.20327778,0,35,0,0,1,1,0,4,2,1,0,1,0,0000000,99,98,99,98,88,88,0,0,0,1,1
29,290399,1,1,0,1,1,1,1,187,2670,23,8,2013,6,23,0,1,12,2,US-67,,214,37.77536111,-90.44513889,0,8,0,0,1,1,0,1,2,1,0,1,0,0000000,99,98,99,98,88,88,0,0,0,1,0
29,290400,1,1,0,0,0,1,1,95,4120,23,6,2013,1,3,46,0,14,6,E BLUE RIDGE BLVD,,11,38.88963333,-94.58520278,0,30,0,0,1,1,0,4,3,10,0,10,0,0000000,99,98,99,98,88,88,0,0,0,1,1
29,290401,1,1,0,0,0,3,3,95,4120,28,7,2013,1,7,5,1,11,1,I-470,,19,38.93761944,-94.51226389,0,59,0,0,1,1,0,8,1,1,0,1,0,0000000,7,8,7,20,7,40,0,0,0,1,1
29,290402,2,2,0,0,0,4,4,95,4120,11,8,2013,1,2,40,0,16,6,EUCLID AVE,31ST ST,4,39.07001389,-94.5596,0,12,6,0,2,2,0,1,3,1,0,1,0,0000000,2,44,2,55,3,11,0,0,0,2,0
29,290403,4,4,0,0,0,8,8,47,4120,20,8,2013,3,7,18,0,14,6,NE VIVION RD,,295,39.18110278,-94.558425,0,12,2,0,1,1,0,1,1,1,0,1,0,0000000,7,19,7,27,7,51,0,0,0,1,0
29,290404,2,2,0,0,0,2,2,195,0,16,8,2013,6,9,27,0,3,3,SR-240,CR-THOMSON LN,143,39.21547222,-93.04808333,0,12,6,0,2,3,0,1,1,1,0,1,0,0000000,9,35,9,41,88,88,0,0,0,1,0
29,290405,1,1,0,0,0,1,1,169,0,20,8,2013,3,19,0,0,3,3,SR-17,,140,37.85011111,-92.21688889,0,1,0,0,1,1,0,1,1,1,0,1,0,0000000,99,98,99,98,88,88,0,0,0,1,0
29,290406,1,1,0,0,0,2,2,101,0,25,8,2013,1,16,21,0,6,4,CR-901,CR-W DIVISION,21,38.76711111,-93.91502778,0,1,0,0,3,3,0,4,1,1,0,1,0,0000000,99,98,99,98,88,88,0,0,0,1,1
29,290407,1,1,0,0,0,1,1,207,0,23,8,2013,6,6,5,0,5,3,SR-J,,29,36.89958333,-90.18319444,0,35,0,0,1,1,0,4,1,1,0,1,0,0000000,99,98,99,98,88,88,0,0,0,1,0
29,290408,1,1,0,0,0,1,1,199,0,28,8,2013,4,8,56,0,5,3,SR-D,,27,40.40397222,-92.30030556,0,59,0,0,1,1,0,4,1,1,0,1,0,0000000,99,98,99,98,88,88,0,0,0,1,0
29,290409,1,1,0,0,0,2,2,197,0,7,8,2013,4,17,42,0,4,3,SR-E,,84,40.39302778,-92.41047222,0,58,0,0,1,1,0,4,1,1,0,1,0,0000000,17,35,17,48,18,30,0,0,0,1,1
29,290410,2,2,0,0,0,2,2,89,0,22,8,2013,5,11,14,0,3,3,SR-5,,184,39.10061111,-92.73630556,0,12,8,0,1,1,0,1,1,1,0,1,0,0000000,11,27,11,47,12,42,0,0,0,1,0
29,290411,1,1,0,0,0,1,1,169,0,25,8,2013,1,99,99,0,6,4,CR-BUTTERCUP RD,,1,37.93263889,-92.19972222,0,35,0,0,1,1,0,4,9,1,0,1,0,0000000,99,98,99,98,88,88,0,0,0,1,1
29,290412,1,1,0,0,0,2,2,229,0,26,8,2013,2,16,50,0,6,4,CR-RETHERFORD,,34,37.119,-92.44869444,0,1,0,0,1,1,0,1,1,1,0,1,0,0000000,17,0,17,40,18,11,0,0,0,1,0
29,290413,1,1,0,0,0,3,3,155,0,28,8,2013,4,18,0,0,6,4,CR-407,,38,36.16438889,-89.78927778,0,1,0,0,1,1,0,1,1,1,0,1,0,0000000,99,99,99,99,99,99,0,0,0,1,1
29,290414,2,2,0,0,0,2,2,183,1884,31,8,2013,7,1,38,0,16,6,MID RIVERS MILL DR,OHMES RD,0,38.76362778,-90.63520556,0,12,6,0,2,3,0,1,3,1,0,1,0,0000000,99,98,99,98,88,88,0,0,0,1,2
29,290415,1,1,0,0,0,1,1,229,0,29,8,2013,5,14,2,0,3,3,SR-5,,141,37.30702778,-92.54513889,0,38,0,0,1,1,0,4,1,1,0,1,0,0000000,99,98,99,98,88,88,0,0,0,1,0
29,290416,3,2,1,0,0,4,4,7,4300,30,8,2013,6,11,30,1,2,2,US-54,,243,39.242,-91.64561111,0,12,7,0,1,1,0,1,1,1,0,1,0,0000000,11,47,12,24,13,11,0,0,0,1,0
29,290417,1,1,0,0,0,3,3,145,0,31,8,2013,7,4,5,0,6,4,CR-GUM,,19,36.95461111,-94.58422222,0,34,0,0,1,1,0,4,2,1,0,1,0,0000000,4,20,4,29,4,54,0,0,0,1,0
29,290418,1,1,0,0,0,1,1,217,0,1,9,2013,1,1,37,0,14,3,SR-BB,,21,37.80772222,-94.36147222,0,58,0,0,1,1,0,4,2,1,0,1,0,0000000,2,12,2,53,3,34,0,0,0,1,1
29,290419,2,2,0,0,0,5,5,510,7080,1,7,2013,2,2,24,0,14,6,DR MARTIN LUTHER KING DR,N EUCLID AVE,18,38.66206944,-90.25855,0,12,6,0,2,2,0,1,3,10,0,10,0,0000000,2,23,2,40,2,49,0,0,0,1,1
29,290420,2,2,0,0,0,4,4,189,0,23,7,2013,3,13,34,0,14,4,CR-BAYLESS AVE,UNION RD,4,38.54891667,-90.29346111,0,12,6,0,2,2,0,1,1,1,0,1,0,0000000,13,44,13,46,14,6,0,0,0,1,0
29,290421,1,1,0,1,1,2,2,189,7890,2,8,2013,6,6,46,0,4,4,CR-NORTH & SOUTH RD,,20,38.67283333,-90.33628611,0,8,0,0,1,1,0,4,1,1,0,1,0,0000000,6,46,6,49,7,7,0,0,0,1,1