STATE,ST_CASE,VE_TOTAL,VE_FORMS,PVH_INVL,PEDS,PERNOTMVIT,PERMVIT,PERSONS,COUNTY,CITY,DAY,MONTH,YEAR,DAY_WEEK,HOUR,MINUTE,NHS,ROAD_FNC,ROUTE,TWAY_ID,TWAY_ID2,MILEPT,LATITUDE,LONGITUD,SP_JUR,HARM_EV,MAN_COLL,RELJCT1,RELJCT2,TYP_INT,WRK_ZONE,REL_ROAD,LGT_COND,WEATHER1,WEATHER2,WEATHER,SCH_BUS,RAIL,NOT_HOUR,NOT_MIN,ARR_HOUR,ARR_MIN,HOSP_HR,HOSP_MN,CF1,CF2,CF3,FATALS,DRUNK_DR
29,290422,2,2,0,0,0,3,3,161,6910,4,8,2013,1,7,0,1,2,2,US-63,,94,37.92577222,-91.779725,0,12,2,0,1,1,0,1,1,10,0,10,0,0000000,99,99,99,99,99,99,0,0,0,1,0
29,290423,2,2,0,0,0,2,2,510,7080,9,8,2013,6,2,5,1,11,1,I-64,,51,38.62716667,-90.21691111,0,12,2,1,5,1,0,1,2,1,0,1,0,0000000,2,0,2,9,2,35,0,0,0,1,1
29,290424,1,1,0,0,0,4,4,189,8393,15,8,2013,5,21,40,0,16,6,HOMESTEAD MANOR,,14,38.60256389,-90.67744167,0,42,0,0,1,1,0,4,2,1,0,1,0,0000000,21,42,21,57,23,24,0,0,0,3,1
29,290425,1,1,0,0,0,1,1,47,4570,18,8,2013,1,13,59,0,4,3,SR-H,,63,39.27389722,-94.31261389,0,42,0,0,1,1,0,4,9,99,0,99,0,0000000,99,98,99,98,88,88,0,0,0,1,1
29,290426,1,1,0,1,1,1,1,37,600,27,7,2013,7,0,20,1,11,1,I-49,,269,38.81108333,-94.50211111,0,8,0,1,18,1,0,1,2,1,0,1,0,0000000,99,98,99,98,88,88,0,0,0,1,0
29,290427,1,1,0,0,0,1,1,99,0,8,8,2013,5,17,46,0,4,3,SR-TT,,18,38.13838889,-90.35988889,0,1,0,0,1,1,0,4,1,10,0,10,0,0000000,18,20,18,56,19,34,0,0,0,1,0
29,290428,1,1,0,0,0,1,1,131,0,18,8,2013,1,16,30,0,4,3,SR-A,,22,38.19238889,-92.37236111,0,1,0,0,1,1,0,4,1,1,0,1,0,0000000,16,36,16,57,17,58,0,0,0,1,0
29,290429,1,1,0,0,0,2,2,203,0,25,8,2013,1,3,5,0,6,4,CR-305,,15,37.19511111,-91.39497222,0,1,0,0,1,1,0,4,2,1,0,1,0,0000000,99,99,99,99,99,99,0,0,0,1,1
29,290430,1,1,0,0,0,2,2,45,0,25,8,2013,1,6,45,0,4,3,SR-81,,175,40.36705556,-91.72080556,0,34,0,0,1,1,0,4,1,1,0,1,0,0000000,7,10,7,43,8,21,0,0,0,1,1
29,290431,3,3,0,0,0,5,5,127,0,28,8,2013,4,14,18,1,2,3,SR-6,,32,39.92627778,-91.58402778,0,12,8,0,1,1,0,1,1,1,0,1,0,0000000,14,18,14,34,15,7,14,0,0,1,0
29,290432,1,1,0,0,0,2,2,29,0,2,9,2013,2,18,16,0,4,3,SR-A,,212,37.92113889,-92.43211111,0,34,0,0,1,1,0,4,1,1,0,1,0,0000000,99,99,99,99,99,99,0,0,0,1,1
29,290433,2,2,0,0,0,2,2,121,0,4,9,2013,4,16,25,1,2,2,US-63,SR-M,207,39.89852778,-92.47205556,0,12,6,0,2,2,0,1,1,1,0,1,0,0000000,16,29,16,39,17,59,0,0,0,1,0
29,290434,1,1,0,0,0,1,1,91,0,4,9,2013,4,23,0,0,4,3,SR-137,,43,37.04811111,-91.92325,0,42,0,0,1,1,0,4,3,1,0,1,0,0000000,9,13,9,20,88,88,0,0,0,1,1
29,290435,2,2,0,0,0,4,4,163,0,7,9,2013,7,12,27,1,2,2,US-61,SR-RA,45,39.46930556,-91.29122222,0,12,6,0,2,2,0,1,1,1,0,1,0,0000000,12,25,12,40,13,40,0,0,0,1,0
29,290436,1,1,0,0,0,1,1,77,0,29,8,2013,5,9,41,0,16,4,CR-160,,5,37.15761111,-93.21308333,0,34,0,0,1,1,0,4,1,1,0,1,0,0000000,9,43,9,54,10,22,0,0,0,1,0
29,290437,2,2,0,0,0,3,3,97,0,2,9,2013,2,11,45,0,4,3,SR-43,SR-M,39,37.30155556,-94.48613889,0,12,6,0,2,2,0,1,1,1,0,1,0,0000000,11,49,12,3,99,99,0,0,0,1,0
29,290438,1,1,0,0,0,1,1,31,3980,7,9,2013,7,6,37,0,15,3,SR-25,,14,37.358775,-89.66000833,0,34,0,0,1,1,0,4,1,1,0,1,0,0000000,99,98,99,98,88,88,0,0,0,1,1
29,290439,2,2,0,0,0,3,3,189,1040,27,7,2013,7,4,48,0,13,4,CR-HANLEY RD,,58,38.61697778,-90.33448889,0,12,6,0,8,1,0,1,3,10,0,10,0,0000000,99,98,99,98,88,88,0,0,0,1,0
29,290440,1,1,0,0,0,3,3,159,0,4,9,2013,4,17,41,0,6,4,CR-MAIN ST RD,,53,38.71530556,-93.30144444,0,34,0,0,1,1,0,4,1,1,0,1,0,0000000,17,52,18,12,19,3,0,0,0,2,1
29,290441,1,1,0,0,0,2,2,165,0,7,9,2013,7,12,28,1,1,1,I-29,,266,39.51175,-94.78655556,0,24,0,0,1,1,0,3,1,1,0,1,0,0000000,99,98,99,98,88,88,0,0,0,2,1
29,290442,1,1,0,0,0,1,1,161,0,8,9,2013,1,4,38,1,1,1,I-44,,193,37.94083333,-91.84130556,0,59,0,0,1,1,0,4,2,1,0,1,0,0000000,99,98,99,98,88,88,0,0,0,1,0
29,290443,2,1,1,0,0,2,2,131,0,8,9,2013,1,8,0,0,3,3,SR-52,,141,38.25386111,-92.48069444,0,58,0,0,1,1,0,4,1,10,0,10,0,0000000,8,0,8,9,9,0,0,0,0,1,1
29,290444,1,1,0,0,0,1,1,201,0,8,9,2013,1,18,17,0,4,2,US-61,,69,37.15186111,-89.55397222,0,1,0,0,1,1,0,4,1,10,0,10,0,0000000,18,21,18,27,88,88,0,0,0,1,1
29,290445,1,1,0,0,0,1,1,215,0,9,9,2013,2,13,40,0,4,3,SR-M,,281,37.18763889,-92.14966667,0,35,0,0,1,1,0,5,1,1,0,1,0,0000000,99,98,99,98,88,88,0,0,0,1,0
29,290446,2,2,0,0,0,3,3,47,0,7,9,2013,7,21,38,0,4,3,SR-JJ,,9,39.28877778,-94.277,0,12,2,0,1,1,0,1,2,10,0,10,0,0000000,99,98,99,98,88,88,0,0,0,1,2
29,290447,1,1,0,0,0,1,1,99,2720,7,9,2013,7,22,40,1,11,1,I-55,,99,38.20066667,-90.40266667,0,57,0,0,1,1,0,3,2,1,0,1,0,0000000,22,45,22,50,23,1,0,0,0,1,1
29,290448,1,1,0,0,0,3,3,195,0,8,9,2013,1,0,50,0,4,3,SR-YY,,101,38.97366667,-93.27155556,0,58,0,0,1,1,0,4,2,10,0,10,0,0000000,99,99,99,99,99,99,0,0,0,2,1
29,290449,1,1,0,0,0,1,1,81,0,9,9,2013,2,13,48,0,3,2,US-136,,238,40.304,-93.81586111,0,42,0,0,1,1,0,4,1,1,0,1,0,0000000,14,39,14,52,88,88,0,0,0,1,0
29,290450,2,2,0,0,0,3,3,103,0,10,9,2013,3,6,5,0,3,3,SR-15,,242,40.01141667,-92.1315,0,12,2,0,1,1,0,1,2,1,0,1,0,0000000,6,8,6,26,99,99,0,0,0,1,0
29,290451,1,1,0,0,0,2,2,131,0,11,9,2013,4,11,45,0,3,3,SR-87,,5,38.42386111,-92.54702778,0,53,0,0,1,1,0,4,1,1,0,1,0,0000000,11,51,12,4,12,49,0,0,0,1,1
29,290452,1,1,0,1,1,1,1,183,0,12,9,2013,5,7,31,0,4,3,SR-94,,430,38.87611111,-90.44494444,0,34,0,0,1,1,0,4,1,2,0,2,0,0000000,7,34,7,44,8,14,0,0,0,1,0
29,290453,2,2,0,0,0,3,3,77,0,14,9,2013,7,11,15,0,3,3,SR-125,SR-YY,141,37.22180556,-93.13580556,0,12,6,0,2,2,4,1,1,1,0,1,0,0000000,11,16,11,42,12,5,0,0,0,1,0
29,290454,2,2,0,0,0,6,6,9,0,14,9,2013,7,23,10,0,4,3,SR-RA,,28,36.54544444,-93.45372222,0,12,2,0,1,1,0,1,2,1,0,1,0,0000000,99,99,99,99,99,99,0,0,0,1,2
29,290455,2,2,0,0,0,7,7,11,0,14,9,2013,7,11,5,0,4,3,SR-43,SR-126,171,37.40358333,-94.48277778,0,12,6,0,2,2,0,1,1,1,0,1,0,0000000,11,5,11,17,12,25,0,0,0,2,0
29,290456,1,1,0,1,1,1,1,95,4490,16,3,2013,7,21,30,1,11,1,I-470,,19,39.01883333,-94.35952778,0,8,0,0,1,1,0,1,2,1,0,1,0,0000000,99,98,99,98,88,88,0,0,0,1,0
29,290457,1,1,0,0,0,2,2,213,0,19,8,2013,2,20,38,0,6,8,UNNAMED GRAVEL TRAIL,,2,36.67241667,-93.02322222,0,32,0,0,1,1,0,4,2,1,0,1,0,0000000,99,98,99,98,88,88,0,0,0,1,1
29,290458,1,1,0,0,0,3,3,187,2190,30,8,2013,6,13,30,1,12,2,US-67,,0,37.88070556,-90.51013889,0,35,0,1,5,1,0,4,1,1,0,1,0,0000000,99,99,99,99,99,99,0,0,0,1,0
29,290459,1,1,0,1,1,1,1,95,4490,5,9,2013,5,20,4,1,12,2,US-50,,139,38.90386944,-94.38016667,0,8,0,1,18,1,0,1,2,1,0,1,0,0000000,99,99,99,99,99,99,0,0,0,1,0
29,290460,5,5,0,1,1,8,8,31,1390,13,9,2013,6,1,23,1,11,1,I-55,,8,37.2359,-89.56676944,0,8,0,0,1,1,0,1,2,1,0,1,0,0000000,99,98,99,98,88,88,23,0,0,1,0
29,290461,1,1,0,0,0,1,1,113,0,15,9,2013,1,2,0,0,4,3,SR-E,,53,39.10325,-91.17644444,0,42,0,0,1,1,0,4,2,1,0,1,0,0000000,99,98,99,98,88,88,0,0,0,1,1
29,290462,2,2,0,0,0,3,3,95,3940,17,9,2013,3,10,10,0,13,6,NOLAND RD,,29,39.07615278,-94.41388611,0,12,6,0,8,1,0,1,1,2,10,2,0,0000000,10,13,10,19,99,99,0,0,0,1,0
29,290463,2,2,0,0,0,3,3,95,4120,9,7,2013,3,12,29,0,16,6,E 13TH ST,BENNINGTON AVE,5,39.09556389,-94.50548889,0,12,6,0,2,2,0,1,1,1,0,1,0,0000000,12,31,12,38,12,57,0,0,0,1,1
29,290464,1,1,0,1,1,1,1,95,4120,23,7,2013,3,19,3,1,12,3,SR-210,,183,39.154525,-94.51493333,0,8,0,1,5,1,0,2,1,1,0,1,0,0000000,9,5,9,11,88,88,0,0,0,1,0
29,290465,1,1,0,0,0,1,1,95,4120,28,8,2013,4,17,28,1,11,1,I-70,,4,39.06112778,-94.49070278,0,1,0,1,20,1,0,1,1,1,0,1,0,0000000,17,30,17,39,88,88,0,0,0,1,0
29,290466,3,3,0,0,0,8,8,77,7460,1,9,2013,1,11,48,1,13,3,SR-744,NATIONAL AVE,58,37.2407,-93.27501944,0,12,6,0,3,2,0,1,1,10,0,10,0,0000000,11,45,11,53,12,6,0,0,0,1,0
29,290467,1,1,0,0,0,2,2,207,0,7,9,2013,7,21,50,0,4,3,SR-BB,,24,37.03977778,-89.95883333,0,35,0,0,1,1,0,4,2,1,0,1,0,0000000,99,98,99,98,88,88,0,0,0,2,1
29,290468,1,1,0,0,0,1,1,71,0,17,9,2013,3,11,30,1,11,1,I-44,,165,38.38011111,-90.968,0,42,0,0,1,1,0,4,1,10,0,10,0,0000000,99,98,99,98,88,88,0,0,0,1,0
29,290469,1,1,0,0,0,1,1,209,0,18,9,2013,4,6,5,0,3,3,SR-86,,133,36.51875,-93.39627778,0,42,0,0,1,1,0,4,2,10,0,10,0,0000000,99,98,99,98,88,88,0,0,0,1,0
29,290470,2,2,0,0,0,4,4,23,0,18,9,2013,4,11,10,1,2,2,US-67,,293,36.55580556,-90.52116667,0,12,1,0,1,1,0,1,1,1,0,1,0,0000000,11,16,11,33,99,99,0,0,0,1,0
29,290471,1,1,0,0,0,1,1,187,6056,18,9,2013,4,17,50,0,16,6,COMMERCE ST,,3,37.85158333,-90.49008333,0,42,0,0,1,1,0,4,1,10,0,10,0,0000000,99,98,99,98,88,88,0,0,0,1,0
29,290472,1,1,0,0,0,1,1,19,1800,27,7,2013,7,10,52,0,15,6,NIFONG BLVD,,31,38.90955833,-92.32781389,0,38,0,0,1,1,0,4,1,10,0,10,0,0000000,99,98,99,98,88,88,0,0,0,1,0
29,290473,2,1,1,0,0,4,4,95,4120,22,8,2013,5,2,12,0,14,6,CLEVELAND AVE,,27,39.055675,-94.53975278,0,30,0,0,1,1,0,4,3,1,0,1,0,0000000,2,11,2,17,2,47,0,0,0,1,1
29,290474,1,1,0,0,0,1,1,161,0,19,9,2013,5,2,0,1,1,1,I-44,,61,37.93436111,-91.95927778,0,1,0,0,1,1,0,4,2,10,0,10,0,0000000,99,98,99,98,88,88,0,0,0,1,1
29,290475,2,2,0,0,0,4,4,101,0,19,9,2013,5,16,54,1,2,2,US-50,SR-131,72,38.8505,-93.99044444,0,12,6,0,2,2,0,1,1,1,0,1,0,0000000,16,58,17,14,18,4,0,0,0,1,0
29,290476,2,2,0,0,0,5,5,99,0,19,9,2013,5,17,0,1,2,3,SR-141,RIDGEWOOD SCHOOL RD,35,38.45863889,-90.41894444,0,12,6,0,2,2,0,1,1,1,0,1,0,0000000,17,8,17,18,17,36,0,0,0,1,0
29,290477,1,1,0,0,0,2,2,155,0,22,9,2013,1,17,40,0,6,4,CR-351,,18,36.17930556,-89.68194444,0,1,0,0,1,1,0,4,1,1,0,1,0,0000000,17,55,18,8,18,53,0,0,0,1,0
29,290478,1,1,0,1,1,1,1,186,7110,2,9,2013,2,5,5,0,3,3,SR-32,,214,37.95680556,-90.06666389,0,8,0,0,1,1,0,1,2,1,0,1,0,0000000,99,98,99,98,88,88,0,0,0,1,0
29,290479,2,2,0,0,0,4,4,91,8330,7,9,2013,7,13,26,0,14,2,US-63 BUS PORTER WAGONER BLVD,,12,36.73843056,-91.86860278,0,12,6,0,8,1,0,1,1,1,0,1,0,0000000,13,25,13,30,13,48,0,0,0,1,0
29,290480,1,1,0,0,0,1,1,101,0,14,9,2013,7,8,54,0,4,3,SR-23,,25,38.89722222,-93.56430556,0,35,0,0,1,1,0,4,1,1,0,1,0,0000000,8,49,9,10,9,57,0,0,0,1,0
29,290481,1,1,0,0,0,1,1,113,8440,18,9,2013,4,17,37,0,3,3,SR-79 MAIN ST,,169,38.99722222,-90.73805556,0,10,0,0,6,1,0,1,1,1,0,1,0,072870Y,99,99,99,99,99,99,0,0,0,1,0
29,290482,2,2,0,0,0,3,3,97,450,21,9,2013,7,12,50,0,4,3,SR-96,,119,37.19544444,-94.13202778,0,12,6,0,1,1,0,1,1,1,0,1,0,0000000,99,99,99,99,99,99,0,0,0,1,0
29,290483,1,1,0,0,0,2,2,9,0,23,9,2013,2,7,40,0,6,4,CR-2185,CR-1085,5,36.66452778,-93.91911111,0,35,0,0,3,3,0,4,1,1,0,1,0,0000000,7,44,7,54,8,26,0,0,0,1,0
29,290484,1,1,0,0,0,1,1,189,650,24,9,2013,3,11,45,1,11,1,I-70,,2,38.72813889,-90.32975,0,24,0,1,5,1,0,4,1,1,0,1,0,0000000,11,37,11,43,12,20,0,0,0,1,0
29,290485,2,2,0,0,0,2,2,145,5580,12,9,2013,5,11,44,1,13,2,US-60 BUS,WALDO HALTER MEMORIAL DR,9,36.85273056,-94.38484722,0,12,6,0,2,3,0,1,1,1,0,1,0,0000000,11,44,11,51,12,47,0,0,0,1,0
29,290486,2,2,0,0,0,2,2,99,0,24,9,2013,3,18,17,0,5,4,CR-BYRNESVILLE RD,,35,38.39058333,-90.65772222,0,12,1,0,8,1,0,1,1,1,0,1,0,0000000,18,17,18,19,88,88,0,0,0,1,0
29,290487,3,3,0,0,0,4,4,189,2575,21,9,2013,7,20,20,1,11,1,I-44,,225,38.50455556,-90.68758333,0,12,1,0,1,1,0,1,2,1,0,1,0,0000000,20,17,20,26,21,5,14,0,0,1,1
29,290488,2,2,0,0,0,2,2,57,0,27,9,2013,6,14,50,0,3,3,SR-VV,,46,37.44916667,-94.01411111,0,12,6,0,8,1,0,1,1,1,0,1,0,0000000,99,99,99,99,99,99,0,0,0,1,0
29,290489,2,1,1,0,0,1,1,95,4120,17,8,2013,7,2,37,1,11,1,I-35,,1,39.07628333,-94.60490278,0,14,0,0,1,1,1,4,6,1,0,1,0,0000000,99,98,99,98,88,88,0,0,0,1,1
29,290490,1,1,0,0,0,1,1,71,0,6,9,2013,6,9,28,0,6,4,CR-HAPPY SAC RD,,21,38.36416667,-90.99777778,0,30,0,0,1,1,0,4,1,1,0,1,0,0000000,9,33,9,49,10,31,0,0,0,1,0
29,290491,2,2,0,0,0,2,2,15,0,14,9,2013,7,8,6,1,2,3,SR-7,MAJER VILLE RD,206,38.17555556,-93.28711111,0,12,1,0,3,2,0,1,1,1,0,1,0,0000000,99,98,99,98,88,88,0,0,0,1,0
29,290492,3,3,0,0,0,3,3,183,8280,16,9,2013,2,16,10,1,12,2,US-61,,139,38.81766667,-90.84413889,0,12,2,0,1,1,0,1,1,10,0,10,0,0000000,99,98,99,98,88,88,0,0,0,2,1
29,290493,1,1,0,0,0,1,1,101,0,28,9,2013,7,1,0,0,6,4,CR-100,,17,38.78036111,-93.87155556,0,52,0,0,1,1,0,4,2,1,0,1,0,0000000,99,98,99,98,88,88,0,0,0,1,1
29,290494,1,1,0,0,0,2,2,173,0,2,10,2013,4,19,0,0,15,3,SR-O,,12,39.66825,-91.37202778,0,1,0,0,1,1,0,4,1,10,0,10,0,0000000,19,6,19,14,19,39,0,0,0,1,1
29,290495,1,1,0,0,0,1,1,189,4311,5,9,2013,5,21,23,0,14,6,LADUE RD,MCKNIGHT LN,98,38.65343333,-90.35913333,0,46,0,0,3,2,0,4,2,1,0,1,0,0000000,21,26,21,32,21,55,0,0,0,1,1
29,290496,1,1,0,0,0,2,2,95,3940,7,9,2013,7,22,52,0,16,6,ARLINGTON AVE,US 24,0,39.10083889,-94.46418611,0,39,0,0,3,3,0,4,3,1,0,1,0,0000000,99,99,99,99,99,99,0,0,0,1,0
29,290497,1,1,0,0,0,1,1,131,0,22,9,2013,1,0,45,0,3,3,SR-42,,91,38.087,-92.49663889,0,58,0,0,1,1,0,4,2,1,0,1,0,0000000,0,52,1,5,1,20,0,0,0,1,1
29,290499,2,2,0,0,0,3,3,53,0,4,10,2013,6,2,32,1,1,1,I-70,,46,38.93338889,-92.97161111,0,57,0,0,1,1,0,3,2,1,0,1,0,0000000,2,36,2,46,3,53,0,0,0,1,0
29,290500,2,2,0,0,0,5,5,189,1050,4,10,2013,6,19,25,1,13,3,SR-141,SR-370,2,38.79147222,-90.45308333,0,12,2,1,2,2,0,1,3,1,0,1,0,0000000,19,56,20,2,20,23,0,0,0,1,0
29,290501,1,1,0,0,0,4,4,71,0,5,10,2013,7,13,30,0,5,3,SR-AH,,37,38.38988889,-90.90913889,0,1,0,0,1,1,0,4,1,10,0,10,0,0000000,13,33,14,0,14,30,0,0,0,2,1
29,290502,1,1,0,0,0,2,2,95,0,14,9,2013,7,0,45,0,16,5,MILTON THOMPSON,,7,38.92073611,-94.29702778,0,53,0,0,1,1,0,4,2,1,0,1,0,0000000,99,98,99,98,88,88,0,0,0,2,1
29,290503,1,1,0,1,1,1,1,510,7080,27,9,2013,6,15,43,0,16,6,POEPPING ST,MORGANFORD RD,2,38.55718889,-90.28555556,0,9,0,0,3,2,0,1,1,1,0,1,0,0000000,15,45,15,47,16,6,0,0,0,1,0
29,290504,2,2,0,0,0,2,2,9,2348,8,10,2013,3,11,30,0,4,3,SR-86,,348,36.53916667,-93.74813889,0,12,2,0,8,1,0,1,1,1,0,1,0,0000000,99,98,99,98,88,88,0,0,0,1,0
29,290505,1,1,0,0,0,1,1,189,7940,8,10,2013,3,21,0,1,12,3,SR-141,,58,38.55819444,-90.49280556,0,59,0,0,1,1,0,4,3,1,0,1,0,0000000,99,98,99,98,88,88,0,0,0,1,1
29,290506,1,1,0,0,0,2,2,69,0,10,10,2013,5,8,41,0,6,4,CR-620,CR-637,75,36.0318,-90.19524444,0,1,0,0,3,2,0,1,1,10,0,10,0,0000000,8,43,9,1,9,35,0,0,0,1,0
29,290507,2,2,0,0,0,4,4,71,3321,28,8,2013,4,18,47,1,13,3,SR-100,,356,38.48891667,-90.81794444,0,12,6,0,8,1,0,1,1,1,0,1,0,0000000,18,46,18,53,19,26,0,0,0,1,0
29,290508,1,1,0,0,0,1,1,15,0,7,9,2013,7,23,50,1,2,2,US-65,,339,38.09261111,-93.28327778,0,34,0,0,1,1,0,4,2,1,0,1,0,0000000,0,19,0,44,1,39,0,0,0,1,1
29,290509,2,2,0,0,0,3,3,209,0,3,10,2013,5,13,45,0,4,3,SR-39,,29,36.53188889,-93.57522222,0,12,2,0,1,1,0,1,1,10,0,10,0,0000000,13,49,14,1,99,99,0,0,0,2,0
29,290510,1,1,0,0,0,2,2,147,0,6,10,2013,1,22,50,0,4,3,SR-46,,92,40.34733333,-95.01169444,0,23,0,0,1,1,0,4,2,1,0,1,0,0000000,23,0,23,26,0,8,0,0,0,1,1
29,290511,2,2,0,0,0,2,2,17,0,10,10,2013,5,8,15,1,2,3,SR-72,,173,37.46141667,-89.865,0,12,2,0,1,1,0,1,1,5,0,5,0,0000000,8,19,8,46,9,40,0,0,0,1,0
29,290512,1,1,0,0,0,2,2,103,0,10,10,2013,5,15,5,0,5,3,SR-AA,,62,40.19638889,-92.06063889,0,38,0,0,1,1,0,4,1,1,0,1,0,0000000,15,15,15,41,16,14,0,0,0,1,0
29,290513,1,1,0,0,0,2,2,187,0,12,10,2013,7,2,35,1,12,2,US-67,,172,37.85438889,-90.48677778,0,58,0,0,1,1,0,4,2,1,0,1,0,0000000,2,41,2,50,3,43,0,0,0,1,1
29,290514,2,2,0,0,0,2,2,107,0,12,10,2013,7,7,30,1,2,2,US-24,SR-131,68,39.12221944,-93.98301667,0,12,6,0,2,2,0,1,3,1,0,1,0,0000000,99,98,99,98,88,88,0,0,0,1,1
29,290515,1,1,0,0,0,1,1,223,0,13,10,2013,1,17,50,0,6,4,CR-205,,11,37.28294444,-90.31958333,0,42,0,0,1,1,0,4,1,1,0,1,0,0000000,17,50,18,10,19,10,0,0,0,1,1
29,290516,1,1,0,0,0,3,3,510,7080,21,7,2013,1,3,10,0,14,6,GOODFELLOW BLVD,,21,38.69982778,-90.26429444,0,24,0,0,1,1,0,4,3,10,0,10,0,0000000,3,5,3,19,99,99,0,0,0,1,0
29,290517,1,1,0,1,1,1,1,21,7070,19,9,2013,5,16,51,1,13,2,US-169 BELT HWY,FREDERICK AVE,36,39.77637222,-94.80323056,0,8,0,0,1,1,0,1,3,2,0,2,0,0000000,99,99,99,99,99,99,0,0,0,1,0
29,290518,1,1,0,1,1,1,1,23,6410,7,10,2013,2,11,30,0,14,2,US-60 BUS,,35,36.75845278,-90.40124722,0,8,0,0,1,1,0,1,1,1,0,1,0,0000000,99,99,99,99,99,99,0,0,0,1,0
29,290519,1,1,0,0,0,3,3,139,0,9,10,2013,4,1,30,0,13,7,I-70 NOR,,3,38.90886111,-91.52902778,0,59,0,0,1,1,0,4,2,1,0,1,0,0000000,1,46,2,25,3,14,0,0,0,1,1
29,290520,1,1,0,0,0,1,1,27,0,11,10,2013,6,21,12,0,4,3,SR-O,,115,38.78766667,-91.78958333,0,1,0,0,1,1,0,1,2,1,0,1,0,0000000,21,13,21,33,88,88,0,0,0,1,1
29,290521,1,1,0,1,1,1,1,219,8530,12,10,2013,7,1,40,1,1,1,I-70,,46,38.82822222,-91.04152778,0,8,0,0,1,1,0,1,2,1,0,1,0,0000000,1,48,1,55,88,88,0,0,0,1,0
29,290522,1,1,0,0,0,1,1,149,0,18,10,2013,6,15,45,0,4,3,SR-AA,,6,36.71458333,-91.37669444,0,32,0,0,1,1,0,4,1,1,0,1,0,0000000,99,98,99,98,88,88,0,0,0,1,0
29,290523,1,1,0,0,0,1,1,99,0,18,10,2013,6,23,23,0,6,4,CR-HYFIELD RD,,18,38.15269444,-90.51997222,0,34,0,0,8,1,0,4,2,2,0,2,0,0000000,99,98,99,98,88,88,0,0,0,1,1
29,290524,2,2,0,0,0,3,3,15,0,19,10,2013,7,14,11,0,4,3,SR-7,SR-DD,59,38.13361111,-93.09863889,0,12,6,0,2,3,0,1,1,1,0,1,0,0000000,14,32,14,50,15,59,0,0,0,1,0
29,290525,1,1,0,0,0,1,1,71,0,19,10,2013,7,16,45,0,6,4,CR-PEACOCK RD,,17,38.32233333,-91.00666667,0,23,0,0,1,1,0,4,1,1,0,1,0,0000000,99,98,99,98,88,88,0,0,0,1,0
29,290526,1,1,0,0,0,1,1,77,2624,20,10,2013,1,15,45,0,4,3,SR-125,,12,37.38352778,-93.13947222,0,35,0,0,1,1,0,4,1,1,0,1,0,0000000,99,98,99,98,88,88,0,0,0,1,1
29,290527,1,1,0,0,0,2,2,161,0,16,10,2013,4,3,15,0,4,3,SR-CC,,3,37.89994444,-91.83711111,0,31,0,0,1,1,0,4,2,1,0,1,0,0000000,3,35,3,46,4,10,0,0,0,1,1
29,290528,1,1,0,0,0,3,3,119,0,17,10,2013,5,6,0,0,4,3,SR-43,,159,36.56688889,-94.59630556,0,11,0,0,1,1,0,1,2,5,0,5,0,0000000,5,57,6,14,88,88,0,0,0,1,0
29,290529,1,1,0,0,0,1,1,81,0,17,10,2013,5,15,20,0,4,3,SR-W,,142,40.27988889,-94.05508333,0,34,0,0,1,1,0,4,1,1,0,1,0,0000000,15,22,15,27,88,88,0,0,0,1,1
29,290530,1,1,0,0,0,1,1,223,0,17,10,2013,5,19,0,0,5,3,SR-BB,,3,37.06241667,-90.41186111,0,32,0,0,1,1,0,4,2,1,0,1,0,0000000,19,0,19,25,20,39,0,0,0,1,0
29,290531,2,2,0,0,0,2,2,135,0,18,10,2013,6,6,40,0,3,3,SR-87,,241,38.54266667,-92.57494444,0,12,6,0,1,1,0,1,1,1,0,1,0,0000000,6,40,6,51,88,88,0,0,0,1,0
29,290532,1,1,0,0,0,1,1,187,0,20,9,2013,6,13,15,1,12,2,US-67,,249,37.94727778,-90.54872222,0,17,0,0,1,1,0,4,1,2,10,2,0,0000000,13,22,13,36,14,46,0,0,0,1,0
29,290533,2,2,0,0,0,2,2,69,0,15,10,2013,3,15,40,1,2,2,US-412,,182,36.18430556,-90.10547222,0,12,2,0,1,1,0,1,1,10,2,2,0,0000000,16,4,16,4,16,11,0,0,0,1,1
29,290534,2,2,0,0,0,2,2,35,0,20,10,2013,1,15,15,1,2,2,US-60,SR-21,296,36.92997222,-90.80930556,0,12,6,0,2,2,0,1,1,1,0,1,0,0000000,15,28,15,38,16,34,0,0,0,1,1
29,290535,1,1,0,1,1,1,1,95,4120,11,10,2013,6,20,0,0,13,6,INDEPENDENCE AVE,,32,39.10627778,-94.54943611,0,8,0,0,1,1,0,1,3,1,0,1,0,0000000,99,99,99,99,99,99,0,0,0,1,0
29,290536,2,2,0,0,0,2,2,23,0,18,10,2013,6,11,34,1,13,2,US-67,US-60 NOR,142,36.80213889,-90.45502778,0,12,1,0,3,2,0,1,1,1,0,1,0,0000000,11,39,11,45,12,7,0,0,0,1,0
29,290537,2,1,1,0,5,1,6,131,0,19,10,2013,7,17,39,1,2,2,US-54,,65,38.36994444,-92.52711111,0,14,0,0,1,1,0,2,1,1,0,1,0,0000000,17,34,17,52,18,22,0,0,0,2,0