STATE,ST_CASE,VE_TOTAL,VE_FORMS,PVH_INVL,PEDS,PERNOTMVIT,PERMVIT,PERSONS,COUNTY,CITY,DAY,MONTH,YEAR,DAY_WEEK,HOUR,MINUTE,NHS,ROAD_FNC,ROUTE,TWAY_ID,TWAY_ID2,MILEPT,LATITUDE,LONGITUD,SP_JUR,HARM_EV,MAN_COLL,RELJCT1,RELJCT2,TYP_INT,WRK_ZONE,REL_ROAD,LGT_COND,WEATHER1,WEATHER2,WEATHER,SCH_BUS,RAIL,NOT_HOUR,NOT_MIN,ARR_HOUR,ARR_MIN,HOSP_HR,HOSP_MN,CF1,CF2,CF3,FATALS,DRUNK_DR
29,290538,1,1,0,0,0,1,1,145,0,21,10,2013,2,19,45,0,5,3,SR-EE,,26,36.87555556,-94.14119444,0,38,0,0,1,1,0,4,2,1,0,1,0,0000000,21,2,21,17,21,31,0,0,0,1,1
29,290539,4,4,0,0,0,7,7,9,0,23,10,2013,4,6,30,0,4,3,SR-W,,80,36.74405556,-93.93194444,0,12,2,0,1,1,0,1,2,1,0,1,0,0000000,99,99,99,99,99,99,0,0,0,2,0
29,290540,1,1,0,1,1,1,1,95,4120,14,9,2013,7,20,13,1,11,1,I-49 RP,,1,38.84188889,-94.52921944,0,8,0,1,20,1,0,1,2,10,0,10,0,0000000,99,98,99,98,88,88,0,0,0,1,0
29,290541,1,1,0,1,1,1,1,47,4120,4,10,2013,6,17,8,0,16,6,N HARRISON ST,,4,39.29087778,-94.56668056,0,8,0,0,1,1,0,1,1,10,0,10,0,0000000,17,6,17,15,18,5,0,0,0,1,0
29,290542,1,1,0,1,1,0,0,189,1575,20,10,2013,1,17,25,0,16,6,SOLAR TERRACE CT,,0,38.66440556,-90.53694444,0,8,0,0,1,1,0,1,1,1,0,1,0,0000000,17,17,17,22,17,55,0,0,0,1,0
29,290543,2,2,0,0,0,6,6,113,0,22,10,2013,3,10,12,1,2,2,US-61,SR-B,178,39.12805556,-90.96369444,0,12,6,0,2,2,0,1,1,2,10,2,0,0000000,99,98,99,98,88,88,0,0,0,1,0
29,290544,2,2,0,0,0,4,4,225,6900,25,10,2013,6,19,0,1,2,2,US-60,,11,37.11233333,-93.04686111,0,12,2,0,1,1,0,1,2,1,0,1,0,0000000,19,6,19,11,99,99,0,0,0,1,1
29,290545,1,1,0,0,0,1,1,97,0,26,10,2013,7,10,28,0,4,4,CR-FIR RD,,31,37.14388889,-94.5515,0,53,0,0,1,1,0,4,1,10,0,10,0,0000000,10,30,10,38,11,11,0,0,0,1,0
29,290546,1,1,0,0,0,1,1,15,0,26,10,2013,7,14,0,0,5,3,SR-MM,,55,38.22813889,-93.34486111,0,1,0,0,1,1,0,4,1,1,0,1,0,0000000,99,98,99,98,88,88,0,0,0,1,0
29,290547,1,1,0,0,0,1,1,51,6980,27,10,2013,1,5,16,0,6,4,CR-JEFFERSON RD,,6,38.51058333,-92.44938889,0,42,0,0,1,1,0,4,2,1,0,1,0,0000000,5,15,5,34,88,88,0,0,0,1,1
29,290548,1,1,0,0,0,3,3,9,0,27,10,2013,1,22,7,0,3,3,SR-76,,176,36.65538889,-93.83852778,0,34,0,0,1,1,0,4,2,1,0,1,0,0000000,22,8,22,15,99,99,0,0,0,1,1
29,290549,1,1,0,1,1,1,1,95,3940,6,9,2013,6,20,43,1,11,1,I-70,,114,39.04688333,-94.43816667,0,8,0,0,1,1,0,1,2,1,0,1,0,0000000,20,41,20,50,99,99,0,0,0,1,0
29,290550,2,2,0,0,0,3,3,3,0,26,10,2013,7,19,0,1,1,1,I-29,,49,39.93119444,-94.92483333,0,12,1,0,1,1,0,1,2,1,0,1,0,0000000,19,17,19,44,20,2,0,0,0,1,0
29,290551,1,1,0,0,0,1,1,135,0,27,10,2013,1,3,0,0,3,3,SR-C,,80,38.50878333,-92.53589167,0,30,0,0,1,1,0,4,2,1,0,1,0,0000000,99,98,99,98,88,88,0,0,0,1,1
29,290552,1,1,0,1,1,2,2,189,2690,27,10,2013,1,0,50,1,11,1,I-44,,173,38.5425,-90.44027778,0,8,0,0,1,1,0,1,2,1,0,1,0,0000000,99,98,99,98,88,88,0,0,0,1,0
29,290553,1,1,0,0,0,1,1,183,0,29,10,2013,3,13,50,1,2,2,US-67,,26,38.86386111,-90.22269444,0,42,0,0,1,1,0,4,1,10,2,2,0,0000000,99,98,99,98,88,88,0,0,0,1,0
29,290554,2,2,0,0,0,2,2,169,7105,16,10,2013,4,23,15,1,11,1,I-44,,68,37.82458333,-92.1275,0,12,1,0,1,1,0,1,2,10,0,10,0,0000000,99,98,99,98,88,88,0,0,0,1,1
29,290555,2,2,0,0,0,2,2,510,7080,31,8,2013,7,18,5,0,16,6,JANUARY AVE,,2,38.61406667,-90.28338056,0,12,7,0,1,1,0,1,1,1,0,1,0,0000000,99,98,99,98,88,88,0,0,0,1,0
29,290556,1,1,0,0,0,1,1,29,1340,1,11,2013,6,4,20,1,2,2,US-54,,209,38.01652778,-92.73169444,0,33,0,0,1,1,0,4,3,10,0,10,0,0000000,99,98,99,98,88,88,0,0,0,1,1
29,290558,1,1,0,0,0,1,1,127,0,2,11,2013,7,2,30,1,2,2,US-61,,186,39.74605556,-91.51552778,0,59,0,0,1,1,0,4,2,10,0,10,0,0000000,99,98,99,98,88,88,0,0,0,1,1
29,290559,1,1,0,0,0,1,1,145,0,4,11,2013,2,2,40,0,6,4,CR-SORREL RD,,22,36.77433333,-94.41991667,0,42,0,0,1,1,0,4,2,10,0,10,0,0000000,99,98,99,98,88,88,0,0,0,1,1
29,290560,1,1,0,0,0,1,1,125,0,4,11,2013,2,21,0,1,2,2,US-63,,156,38.12744444,-91.85283333,0,39,0,0,1,1,0,4,2,10,0,10,0,0000000,99,98,99,98,88,88,0,0,0,1,1
29,290561,3,3,0,0,0,6,6,95,4120,10,9,2013,3,11,11,0,16,6,NOLAND RD,,31,38.99267778,-94.417275,0,12,1,0,1,1,0,1,1,1,0,1,0,0000000,99,98,99,98,88,88,0,0,0,1,0
29,290562,1,1,0,0,0,4,4,510,7080,30,9,2013,2,0,51,0,14,6,N BROADWAY ST,E GRAND AVE,43,38.67332222,-90.20363056,0,40,0,0,3,2,0,4,3,1,0,1,0,0000000,0,51,1,3,1,20,0,0,0,1,1
29,290564,2,2,0,1,1,2,2,510,7080,1,10,2013,3,23,45,0,2,3,SR-115 NATURAL BRIDGE AVE,,18,38.67513056,-90.24894444,0,8,0,0,1,1,0,1,3,1,0,1,0,0000000,99,98,99,98,88,88,0,0,0,1,0
29,290565,1,1,0,0,0,1,1,189,0,14,10,2013,2,2,14,0,4,4,CR-KENNERLY RD,SR-21,18,38.50863333,-90.37659722,0,46,0,0,3,2,0,4,3,1,0,1,0,0000000,2,16,2,20,2,30,0,0,0,1,0
29,290566,2,2,0,0,0,2,2,21,7070,10,10,2013,5,9,10,0,14,2,US-759,US-36,17,39.75095833,-94.85453056,0,12,6,0,3,3,0,1,1,1,0,1,0,0000000,9,12,9,15,9,46,0,0,0,1,0
29,290567,2,2,0,0,0,4,4,183,7010,20,10,2013,1,12,51,1,13,7,I-70 SOR,WALLS ST,241,38.78403056,-90.52508056,0,12,6,0,3,3,0,1,1,1,0,1,0,0000000,12,52,12,57,13,24,0,0,0,1,0
29,290568,1,1,0,1,1,1,1,139,5340,24,10,2013,5,1,42,0,6,6,N WALKER ST,,0,38.98495556,-91.51491389,0,8,0,0,1,1,0,1,2,1,0,1,0,0000000,99,98,99,98,88,88,0,0,0,1,1
29,290569,1,1,0,0,0,1,1,510,7080,25,10,2013,6,16,54,0,16,6,RIVERVIEW BLVD,,8,38.71228611,-90.24381944,0,39,0,0,1,1,0,4,1,2,0,2,0,0000000,99,98,99,98,88,88,0,0,0,1,0
29,290570,2,1,1,0,0,1,1,95,4120,23,9,2013,2,22,8,1,11,1,I-435,,174,39.12084444,-94.491575,0,14,0,0,1,1,0,2,2,1,0,1,0,0000000,22,10,22,16,22,47,0,0,0,1,0
29,290571,2,2,0,0,0,4,4,77,7460,24,9,2013,3,20,34,1,13,3,SR-D SUNSHINE ST,,8,37.18090278,-93.24601111,0,12,6,0,8,1,0,1,3,1,0,1,0,0000000,20,34,20,39,21,5,0,0,0,1,1
29,290573,1,1,0,0,0,1,1,95,7620,3,10,2013,5,13,0,1,13,3,SR-291,COURTNEY RD,36,39.14650278,-94.39126111,0,59,0,0,3,2,0,4,1,1,0,1,0,0000000,99,99,99,99,99,99,0,0,0,1,0
29,290574,1,1,0,0,0,2,2,97,4100,12,10,2013,7,6,2,0,14,6,W 20TH ST,,39,37.07011667,-94.54520556,0,31,0,0,1,1,0,4,3,10,0,10,0,0000000,6,5,6,17,99,99,0,0,0,1,0
29,290575,1,1,0,0,0,1,1,95,4120,15,10,2013,3,17,5,0,16,6,JACKSON AVE,,37,39.04441667,-94.53569722,0,40,0,0,1,1,0,4,1,1,0,1,0,0000000,17,6,17,12,17,36,0,0,0,1,1
29,290576,1,1,0,1,1,1,1,189,7665,6,11,2013,4,20,12,1,13,2,US-61,,195,38.55688056,-90.40705,0,8,0,0,1,1,0,1,2,10,0,10,0,0000000,20,17,20,23,20,45,0,0,0,1,0
29,290577,1,1,0,0,0,1,1,93,0,8,11,2013,6,20,15,0,3,3,SR-49,,370,37.34005556,-90.67366667,0,38,0,0,1,1,0,4,2,1,0,1,0,0000000,20,30,20,45,21,25,0,0,0,1,0
29,290578,2,2,0,0,0,16,16,101,0,15,10,2013,3,15,27,1,12,2,US-50,,198,38.77697222,-93.79636111,0,12,1,0,1,1,0,1,1,10,0,10,1,0000000,15,43,15,55,16,10,0,0,0,2,1
29,290579,1,1,0,0,0,1,1,159,0,25,10,2013,6,14,8,0,4,3,SR-W,,81,38.60430556,-93.10547222,0,34,0,0,1,1,0,4,1,1,0,1,0,0000000,99,98,99,98,88,88,0,0,0,1,1
29,290580,2,2,0,0,0,2,2,187,0,26,10,2013,7,9,40,0,4,3,SR-K,,65,37.92694444,-90.42730556,0,12,2,0,1,1,0,1,1,1,0,1,0,0000000,9,41,9,53,10,54,0,0,0,1,0
29,290581,2,2,0,0,0,2,2,147,5040,30,10,2013,4,16,12,1,13,2,US-71,,249,40.32744722,-94.87384444,0,12,2,0,1,1,0,1,1,2,0,2,0,0000000,99,99,99,99,99,99,0,0,0,1,0
29,290582,2,2,0,0,0,4,4,173,0,30,10,2013,4,19,40,1,2,2,US-61,SR-A,70,39.58802778,-91.40727778,0,12,6,0,2,2,0,1,2,2,10,2,0,0000000,19,43,19,57,20,22,0,0,0,1,0
29,290583,2,2,0,0,0,4,4,189,2575,31,10,2013,5,18,0,0,13,7,I-44 LP,,27,38.49305556,-90.69461111,0,12,2,1,18,1,0,1,2,2,10,2,0,0000000,18,5,18,12,18,46,0,0,0,1,0
29,290584,1,1,0,0,0,1,1,165,0,1,11,2013,6,8,43,1,1,1,I-29,,5,39.52266667,-94.78716667,0,42,0,0,1,1,0,4,1,1,0,1,0,0000000,8,45,8,53,88,88,0,0,0,1,0
29,290585,2,2,0,0,0,4,4,39,0,1,11,2013,6,19,20,0,4,3,SR-U,,40,37.81675,-93.94186111,0,12,2,0,1,1,0,1,2,1,0,1,0,0000000,19,35,20,31,21,38,0,0,0,1,0
29,290586,1,1,0,0,0,1,1,187,0,3,11,2013,1,1,0,0,6,4,CR-VO-TECH RD,,11,37.89186111,-90.51088889,0,58,0,0,1,1,0,4,2,10,0,10,0,0000000,1,6,1,13,1,34,0,0,0,1,0
29,290587,6,6,0,0,0,6,6,165,0,4,11,2013,2,17,30,1,1,1,I-29,,196,39.41084444,-94.78952778,0,12,1,0,1,1,0,1,2,1,0,1,0,0000000,17,37,17,52,18,54,0,0,0,1,0
29,290588,1,1,0,0,0,1,1,19,0,5,11,2013,3,7,43,0,4,3,SR-VV,,57,39.03230556,-92.33913889,0,58,0,0,1,1,0,4,9,99,0,99,0,0000000,99,98,99,98,88,88,0,0,0,1,1
29,290589,1,1,0,0,0,1,1,131,0,7,11,2013,5,18,30,0,3,3,SR-42,,139,38.07863889,-92.36755556,0,35,0,0,1,1,0,4,2,1,0,1,0,0000000,99,98,99,98,88,88,0,0,0,1,1
29,290590,1,1,0,0,0,1,1,187,0,7,11,2013,5,22,15,0,3,3,SR-221,,123,37.64622222,-90.58372222,0,35,0,0,1,1,0,4,2,10,0,10,0,0000000,99,98,99,98,88,88,0,0,0,1,1
29,290591,1,1,0,0,0,2,2,101,0,8,11,2013,6,10,25,0,4,3,SR-23,,208,38.67052778,-93.56380556,0,58,0,0,1,1,0,4,1,1,0,1,0,0000000,10,30,10,58,11,35,0,0,0,1,0
29,290592,1,1,0,0,0,1,1,37,0,8,11,2013,6,17,5,0,5,3,SR-T,,27,38.55683333,-94.24936111,0,34,0,0,1,1,0,4,1,1,0,1,0,0000000,17,3,17,16,17,38,0,0,0,1,0
29,290593,1,1,0,0,0,1,1,185,0,8,11,2013,6,22,0,1,2,2,US-54,,75,37.90147222,-93.68036111,0,42,0,0,1,1,0,4,2,1,0,1,0,0000000,99,98,99,98,88,88,0,0,0,1,0
29,290594,1,1,0,0,0,2,2,107,0,9,11,2013,7,8,16,0,4,3,SR-213,,46,39.12638889,-93.73019444,0,1,0,0,1,1,0,4,1,1,0,1,0,0000000,8,22,8,42,9,44,0,0,0,1,0
29,290595,1,1,0,0,0,1,1,161,0,9,11,2013,7,9,55,0,4,3,SR-O,,64,37.8415,-91.7495,0,53,0,0,1,1,0,4,1,1,0,1,0,0000000,9,58,10,11,10,46,0,0,0,1,0
29,290596,2,2,0,0,0,2,2,510,7080,19,10,2013,7,7,0,0,13,6,HALL ST,,37,38.72755278,-90.22288333,0,12,2,0,1,1,0,1,1,1,0,1,0,0000000,7,3,7,34,8,19,0,0,0,1,1
29,290597,3,3,0,0,0,4,4,165,0,29,10,2013,3,8,3,1,13,3,SR-45,,298,39.23747222,-94.80086667,0,12,8,0,1,1,0,1,1,10,2,2,0,0000000,99,99,99,99,99,99,0,0,0,1,1
29,290598,1,1,0,0,0,4,4,91,0,12,11,2013,3,15,40,0,6,4,CR-5500,CR-5640,9,36.96705278,-91.96474722,0,35,0,0,3,3,0,4,1,1,0,1,0,0000000,15,54,16,9,99,99,0,0,0,3,0
29,290600,1,1,0,0,0,1,1,3,0,20,11,2013,4,6,20,1,2,2,US-71,,129,39.88794444,-94.85772222,0,52,0,0,1,1,0,4,2,10,2,2,0,0000000,6,23,6,36,7,21,0,0,0,1,0
29,290601,1,1,0,0,0,1,1,215,0,20,11,2013,4,15,25,0,5,3,SR-E,,36,37.40211111,-91.94263889,0,58,0,0,1,1,0,4,1,10,0,10,0,0000000,15,31,15,41,15,57,0,0,0,1,0
29,290602,4,4,0,0,0,5,5,159,0,21,11,2013,5,15,25,0,3,3,SR-52,,82,38.53738889,-93.36147222,0,12,2,0,1,1,0,1,1,2,0,2,0,0000000,15,28,15,38,99,99,0,0,0,1,0
29,290603,1,1,0,0,0,3,3,101,8110,23,11,2013,7,1,45,0,16,5,S WASHINGTON,GREENWOOD CIR,0,38.75030556,-93.74336111,0,59,0,0,3,3,0,4,3,1,0,1,0,0000000,1,51,2,28,3,57,0,0,0,2,1
29,290604,1,1,0,1,1,2,2,219,8530,10,11,2013,1,21,35,1,1,1,I-70,,119,38.8275,-91.05552778,0,8,0,0,1,1,0,1,2,1,0,1,0,0000000,99,98,99,98,88,88,0,0,0,1,0
29,290605,2,2,0,0,0,2,2,47,0,14,11,2013,5,9,57,1,1,1,I-35,,177,39.32216667,-94.39661111,0,12,1,0,1,1,0,1,1,10,0,10,0,0000000,10,2,10,12,10,30,0,0,0,1,0
29,290606,1,1,0,0,0,1,1,95,0,15,11,2013,6,22,21,1,12,2,US-40,,112,39.01036111,-94.31386111,0,59,0,0,1,1,0,4,2,1,0,1,0,0000000,99,98,99,98,88,88,0,0,0,1,1
29,290607,2,2,0,0,0,2,2,71,0,16,11,2013,7,20,35,1,11,1,I-44,,133,38.33544444,-91.01805556,0,12,2,0,1,1,0,1,2,2,0,2,0,0000000,20,36,20,44,21,36,0,0,0,2,0
29,290608,1,1,0,0,0,2,2,189,650,17,11,2013,1,5,50,1,11,1,I-170,,88,38.74330556,-90.33680556,0,57,0,0,1,1,0,3,2,2,0,2,0,0000000,99,98,99,98,88,88,0,0,0,2,1
29,290609,1,1,0,0,0,1,1,167,0,19,11,2013,3,5,40,0,6,4,CR-514TH RD,,14,37.50522222,-93.43455556,0,38,0,0,1,1,0,4,2,1,0,1,0,0000000,99,98,99,98,88,88,0,0,0,1,1
29,290610,2,2,0,0,0,3,3,97,4100,1,10,2013,3,7,4,1,13,3,SR-49,E 11TH ST,131,37.07851389,-94.47759167,0,12,6,0,2,3,0,1,1,1,0,1,0,0000000,7,5,7,11,7,26,0,0,0,1,0
29,290611,2,2,0,0,0,3,3,7,5170,23,11,2013,7,22,2,0,6,4,CR-820,,10,39.12055556,-91.88408333,0,12,6,0,8,1,0,1,2,1,0,1,0,0000000,22,2,22,14,22,34,0,0,0,1,0
29,290612,2,2,0,0,0,7,7,95,4120,24,10,2013,5,17,19,0,13,6,HOLMES RD,,55,38.93326389,-94.58283333,0,33,0,0,1,1,0,4,1,1,0,1,0,0000000,99,99,99,99,99,99,0,0,0,2,1
29,290613,2,2,0,0,0,2,2,95,3940,26,10,2013,7,13,25,0,14,6,CRYSLER AVE,,5,39.07921667,-94.43246111,0,12,7,0,1,1,0,1,1,1,0,1,0,0000000,13,27,13,29,13,53,0,0,0,1,0
29,290614,2,2,0,0,0,2,2,183,7100,26,10,2013,7,13,0,0,13,6,MEXICO RD,,83,38.79232222,-90.58748889,0,12,6,0,8,1,0,1,1,1,0,1,0,0000000,13,0,13,4,13,18,0,0,0,1,0
29,290615,2,2,0,0,0,2,2,161,6910,12,11,2013,3,12,9,0,16,6,3RD ST,OLIVE ST,3,37.94621944,-91.76861389,0,12,6,0,2,2,0,1,1,1,0,1,0,0000000,12,10,12,15,12,26,0,0,0,1,0
29,290616,2,2,0,0,0,4,4,99,0,13,11,2013,4,22,25,0,4,4,CR-OLD HWY 21,CR-LAKE LORRAINE RD,129,38.30802778,-90.53222222,0,12,6,0,2,3,0,1,2,1,0,1,0,0000000,22,31,22,37,99,99,0,0,0,1,1
29,290617,1,1,0,0,0,1,1,77,0,20,11,2013,4,6,50,0,4,4,CR-192,,9,37.098,-93.28566667,0,35,0,0,1,1,0,4,9,99,0,99,0,0000000,99,98,99,98,88,88,0,0,0,1,1
29,290619,1,1,0,0,0,3,3,133,0,23,11,2013,7,14,15,0,5,4,CR-MILLAR,,317,36.78911111,-89.39191667,0,42,0,0,1,1,0,4,1,10,0,10,0,0000000,14,27,14,35,15,30,0,0,0,1,1
29,290620,1,1,0,0,0,1,1,145,5700,26,11,2013,3,4,54,0,3,3,SR-86,,317,36.87585556,-94.18528333,0,59,0,0,1,1,0,4,2,1,0,1,0,0000000,99,98,99,98,88,88,0,0,0,1,0
29,290621,1,1,0,0,0,1,1,169,0,28,11,2013,5,18,15,0,14,3,SR-28,,9,37.83830556,-92.09588889,0,30,0,0,1,1,0,4,2,1,0,1,0,0000000,99,98,99,98,88,88,0,0,0,1,1
29,290622,2,2,0,0,0,3,3,19,0,29,11,2013,6,7,0,0,3,3,SR-124,,178,39.13069444,-92.20330556,0,12,2,0,1,1,0,1,1,1,0,1,0,0000000,99,99,99,99,99,99,0,0,0,2,0
29,290623,2,2,0,0,0,3,3,131,0,30,11,2013,7,18,50,0,3,3,SR-42,,114,38.09011111,-92.46675,0,12,2,0,1,1,0,1,2,1,0,1,0,0000000,99,99,99,99,99,99,0,0,0,3,1
29,290624,2,2,0,0,0,2,2,23,6410,1,10,2013,3,14,57,0,15,3,SR-PP,,142,36.76711111,-90.44230556,0,12,2,0,1,1,0,1,1,10,0,10,0,0000000,99,99,99,99,99,99,0,0,0,1,0
29,290625,1,1,0,0,0,1,1,225,0,26,11,2013,3,8,20,1,2,2,US-60,,239,37.11811111,-92.68458333,0,35,0,0,1,1,0,4,1,1,0,1,0,0000000,99,98,99,98,88,88,0,0,0,1,1
29,290626,1,1,0,0,0,2,2,77,0,2,12,2013,2,9,58,1,11,1,I-44,,125,37.21116667,-93.3865,0,58,0,0,1,1,0,3,1,1,0,1,0,0000000,99,98,99,98,88,88,0,0,0,1,0
29,290627,2,2,0,0,0,4,4,37,600,4,10,2013,6,19,53,0,14,3,SR-58,MULLEN RD,40,38.81352778,-94.51230833,0,12,6,0,2,2,0,1,3,10,0,10,0,0000000,7,56,8,2,99,99,0,0,0,1,0
29,290629,1,1,0,0,0,1,1,119,0,2,12,2013,2,22,45,0,6,4,CR-SHANGHAI RD,,5,36.60216667,-94.48897222,0,42,0,0,1,1,0,4,2,5,0,5,0,0000000,99,98,99,98,88,88,0,0,0,1,1
29,290630,2,2,0,0,0,2,2,21,7070,3,11,2013,1,20,14,1,13,2,US-169,PICKETT,61,39.74087222,-94.80126389,0,12,6,0,2,2,0,1,3,1,0,1,0,0000000,99,99,99,99,99,99,0,0,0,1,0
29,290631,1,1,0,1,1,2,2,77,7460,17,11,2013,1,18,43,0,14,6,KIMBROUGH AVE,MONROE ST,6,37.20151944,-93.28695833,0,9,0,0,2,2,0,1,3,1,0,1,0,0000000,99,98,99,98,88,88,0,0,0,1,0
29,290632,3,3,0,0,0,6,6,229,0,29,11,2013,6,12,38,0,3,3,SR-38,,159,37.27177778,-92.4485,0,12,2,0,1,1,0,1,1,1,0,1,0,0000000,99,99,99,99,99,99,0,0,0,1,0
29,290633,1,1,0,0,0,1,1,229,0,3,12,2013,3,5,54,0,3,3,SR-5,,193,37.26397222,-92.51763889,0,38,0,0,1,1,0,4,2,5,0,5,0,0000000,99,98,99,98,88,88,0,0,0,1,1
29,290634,1,1,0,0,0,2,2,221,0,4,12,2013,4,13,20,0,4,3,SR-U,,48,37.87855556,-90.71513889,0,1,0,0,1,1,0,1,1,1,0,1,0,0000000,13,21,13,28,13,56,0,0,0,1,1
29,290635,1,1,0,0,0,1,1,109,0,5,12,2013,5,14,54,0,4,3,SR-97,,203,37.03538889,-93.98727778,0,42,0,0,1,1,0,4,1,4,10,4,0,0000000,99,98,99,98,88,88,0,0,0,1,0
29,290636,2,2,0,0,0,3,3,189,2210,12,8,2013,2,13,50,1,13,3,SR-100,,192,38.59958333,-90.42533333,0,12,6,0,8,1,0,1,1,2,0,2,0,0000000,99,99,99,99,99,99,0,0,0,1,0
29,290637,1,1,0,0,0,1,1,119,200,10,11,2013,1,21,48,0,3,3,SR-59,,77,99.99990000,999.99990000,0,38,0,0,1,1,0,4,2,1,0,1,0,0000000,21,49,21,53,88,88,0,0,0,1,1
29,290638,1,1,0,0,0,4,4,510,7080,25,11,2013,2,3,55,0,13,6,N KINGSHIGHWAY BLVD,LEXINGTON ST,15,38.67476667,-90.25302222,0,33,0,0,3,2,0,3,3,10,0,10,0,0000000,3,55,4,2,4,12,0,0,0,1,0
29,290639,1,1,0,0,0,1,1,77,7460,10,11,2013,1,21,38,0,13,7,I-44 BUS CHESTNUT EXPWY,,1,37.21516944,-93.298325,0,33,0,0,1,1,0,3,2,1,0,1,0,0000000,21,22,21,27,21,44,0,0,0,1,0
29,290640,2,2,0,0,0,2,2,186,0,15,11,2013,6,22,45,0,4,2,US-61,,238,37.91544444,-89.99005556,0,12,1,0,1,1,0,1,2,1,0,1,0,0000000,22,58,23,21,0,14,0,0,0,1,2
29,290641,1,1,0,0,0,1,1,189,0,21,11,2013,5,8,15,0,4,3,SR-367 WOR,,9,38.79654722,-90.23026667,0,59,0,0,1,1,0,4,1,2,0,2,0,0000000,8,20,8,26,8,55,0,0,0,1,0
29,290642,1,1,0,0,0,3,3,95,4120,29,11,2013,6,3,2,1,12,2,US-71,,137,39.03758333,-94.55525556,0,24,0,0,1,1,0,4,3,1,0,1,0,0000000,2,59,3,15,3,35,0,0,0,2,1
29,290643,2,2,0,0,0,6,6,510,7080,30,11,2013,7,14,36,0,13,3,SR-D PAGE BLVD,PENDLETON AVE,28,38.65322222,-90.24402778,0,12,2,0,3,2,0,1,1,1,0,1,0,0000000,14,41,14,46,15,2,0,0,0,1,1
29,290644,1,1,0,0,0,1,1,101,0,8,12,2013,1,18,15,1,2,2,US-50,,312,38.85413889,-94.03644444,0,35,0,0,1,1,0,4,2,5,0,5,0,0000000,18,21,18,28,18,30,0,0,0,1,0
29,290645,1,1,0,1,1,1,1,189,0,15,11,2013,6,17,5,0,3,3,SR-267 LEMAY FERRY,,34,38.512375,-90.31768333,0,8,0,0,1,1,0,1,2,1,0,1,0,0000000,17,10,17,12,17,29,0,0,0,1,0
29,290646,1,1,0,0,0,1,1,47,0,30,11,2013,7,7,23,0,6,6,MT OLIVET RD,,25,39.34131667,-94.53323611,0,42,0,0,1,1,0,4,9,1,0,1,0,0000000,7,18,7,28,88,88,0,0,0,1,1
29,290647,1,1,0,1,1,1,1,19,1800,26,10,2013,7,3,50,1,11,1,I-70,,65,38.96075833,-92.26624722,0,9,0,0,1,1,0,1,2,1,0,1,0,0000000,99,98,99,98,88,88,0,0,0,1,0
29,290648,2,2,0,0,0,3,3,95,4120,10,11,2013,1,11,26,0,14,6,E 31ST ST,,1,39.07197222,-94.60702222,0,12,6,0,8,1,0,4,1,1,0,1,0,0000000,99,99,99,99,99,99,0,0,0,1,1
29,290649,1,1,0,0,0,1,1,19,1800,17,11,2013,1,14,10,1,13,3,SR-AC,ROCK QUARRY RD,12,38.91328889,-92.31395833,0,46,0,0,3,2,0,3,1,6,0,6,0,0000000,14,11,14,16,14,30,0,0,0,1,0
29,290650,1,1,0,1,1,1,1,510,7080,5,12,2013,5,6,51,0,14,6,LINDELL BLVD,,23,38.64271111,-90.25889722,0,8,0,0,1,1,0,1,1,2,0,2,0,0000000,6,49,6,59,7,16,0,0,0,1,0
29,290651,2,2,0,1,1,1,1,153,0,12,12,2013,5,14,40,0,6,4,CR-578,,2,36.60969444,-92.14905556,0,8,0,0,1,1,0,1,1,1,0,1,0,0000000,99,98,99,98,88,88,0,0,0,1,0
29,290652,1,1,0,0,0,3,3,161,0,13,12,2013,6,9,35,1,2,2,US-63,,198,37.79155556,-91.82488889,0,52,0,0,1,1,0,4,1,2,0,2,0,0000000,9,35,9,59,11,8,0,0,0,1,0
29,290653,1,1,0,0,0,1,1,151,0,13,12,2013,6,11,45,1,2,2,US-50,,173,38.46447222,-91.73125,0,42,0,0,1,1,0,4,1,2,10,2,0,0000000,11,50,12,0,12,40,0,0,0,1,0
29,290654,2,2,0,0,0,2,2,71,0,13,12,2013,6,11,48,0,3,3,SR-100,,134,38.58808333,-91.16352778,0,12,2,0,1,1,0,1,1,2,0,2,0,0000000,99,99,99,99,99,99,0,0,0,1,0
29,290655,1,1,0,0,0,1,1,83,0,14,12,2013,7,8,43,0,4,3,SR-Z,,142,38.23255556,-93.52344444,0,42,0,0,1,1,0,4,1,10,0,10,0,0000000,99,98,99,98,88,88,0,0,0,1,0
29,290656,1,1,0,0,0,1,1,95,840,24,11,2013,1,13,12,0,15,6,E VALLEYVIEW RD,,9,39.03215556,-94.33728611,0,38,0,0,1,1,0,4,1,1,0,1,0,0000000,99,98,99,98,88,88,0,0,0,1,1
29,290657,1,1,0,0,0,1,1,95,6639,14,12,2013,7,2,57,0,14,6,E 87TH ST,,43,38.96526111,-94.46906389,0,33,0,0,1,1,0,4,3,5,0,5,0,0000000,2,59,3,4,88,88,0,0,0,1,1