STATE,ST_CASE,VE_TOTAL,VE_FORMS,PVH_INVL,PEDS,PERNOTMVIT,PERMVIT,PERSONS,COUNTY,CITY,DAY,MONTH,YEAR,DAY_WEEK,HOUR,MINUTE,NHS,ROAD_FNC,ROUTE,TWAY_ID,TWAY_ID2,MILEPT,LATITUDE,LONGITUD,SP_JUR,HARM_EV,MAN_COLL,RELJCT1,RELJCT2,TYP_INT,WRK_ZONE,REL_ROAD,LGT_COND,WEATHER1,WEATHER2,WEATHER,SCH_BUS,RAIL,NOT_HOUR,NOT_MIN,ARR_HOUR,ARR_MIN,HOSP_HR,HOSP_MN,CF1,CF2,CF3,FATALS,DRUNK_DR
29,290658,1,1,0,1,1,1,1,189,7665,21,11,2013,5,18,25,1,13,2,US-61,MONICA DR,195,38.55743333,-90.40696111,0,8,0,0,3,2,0,1,2,2,0,2,0,0000000,18,26,18,31,18,46,0,0,0,1,0
29,290659,2,2,0,0,0,2,2,510,7080,10,11,2013,1,22,0,0,14,6,CASS AVE,25TH ST,10,38.64485278,-90.21179722,0,12,2,0,2,3,0,1,2,1,0,1,0,0000000,99,98,99,98,88,88,0,0,0,1,1
29,290660,1,1,0,0,0,1,1,105,0,15,12,2013,1,10,42,0,6,4,CR-DUNKLIN RD,,39,37.61625,-92.71366667,0,10,0,0,6,1,0,1,1,1,0,1,0,673192C,99,98,99,98,88,88,0,0,0,1,0
29,290661,1,1,0,0,0,2,2,99,0,18,12,2013,4,12,49,0,4,3,SR-CC,,49,38.14475,-90.46494444,0,42,0,0,1,1,0,4,1,1,0,1,0,0000000,99,99,99,99,99,99,0,0,0,1,0
29,290662,2,2,0,0,0,2,2,29,0,13,12,2013,6,7,55,0,4,3,SR-D,,41,37.96908333,-92.77955556,0,12,2,0,1,1,0,1,1,4,0,4,0,0000000,7,59,8,8,9,29,0,0,0,1,0
29,290663,4,4,0,0,0,5,5,189,2690,13,12,2013,6,19,24,1,1,1,I-44,,32,38.54302778,-90.46022222,0,12,2,0,1,1,0,1,3,10,0,10,0,0000000,19,40,19,52,20,14,0,0,0,1,0
29,290664,2,2,0,0,0,2,2,27,0,13,12,2013,6,11,45,1,12,2,US-54,,361,38.61119444,-92.13822222,0,12,6,0,1,1,0,1,1,2,0,2,0,0000000,11,52,11,58,12,16,0,0,0,1,0
29,290665,1,1,0,2,2,2,2,23,0,21,12,2013,7,18,45,0,4,3,SR-51,,18,36.77541667,-90.23491667,0,8,0,0,1,1,0,1,2,2,0,2,0,0000000,99,98,99,98,88,88,0,0,0,2,0
29,290666,7,7,0,0,0,9,9,109,0,13,12,2013,6,16,50,1,1,1,I-44,,32,37.17733333,-93.65902778,0,24,0,0,1,1,0,3,1,2,0,2,0,0000000,16,52,17,35,18,39,19,0,0,1,1
29,290667,1,1,0,0,0,1,1,143,0,24,12,2013,3,12,55,0,4,3,SR-E,,170,36.61833333,-89.66444444,0,30,0,0,1,1,0,4,1,10,0,10,0,0000000,13,7,13,26,88,88,0,0,0,1,0
29,290668,1,1,0,1,1,1,1,95,3280,8,12,2013,1,20,42,1,11,1,I-49,,45,38.87737222,-94.52609722,0,8,0,0,1,1,0,1,2,8,0,8,0,0000000,99,98,99,98,88,88,0,0,0,1,0
29,290670,2,2,0,0,0,6,6,35,0,22,12,2013,1,2,0,0,4,3,SR-M,,78,36.98858333,-91.02544444,0,12,7,0,8,1,0,1,2,10,0,10,0,0000000,2,0,2,3,3,23,0,0,0,1,2
29,290671,1,1,0,0,0,1,1,89,0,23,12,2013,2,7,56,0,4,3,SR-87,,188,38.99252778,-92.76783333,0,34,0,0,1,1,0,4,1,1,0,1,0,0000000,99,98,99,98,88,88,0,0,0,1,0
29,290672,3,3,0,0,0,9,9,119,6300,26,12,2013,5,14,44,1,2,2,US-71,,82,36.56613889,-94.37555556,0,12,1,0,1,1,0,1,1,1,0,1,0,0000000,99,99,99,99,99,99,0,0,0,2,0
29,290673,1,1,0,1,1,2,2,77,7596,27,12,2013,6,17,49,1,1,1,I-44,,278,37.26919444,-93.12986111,0,8,0,0,1,1,0,1,1,1,0,1,0,0000000,99,99,99,99,99,99,0,0,0,1,0
29,290674,2,2,0,0,0,3,3,189,6000,26,12,2013,5,11,40,1,11,1,I-170,,46,38.68647222,-90.35405556,0,12,1,1,18,1,0,1,1,1,0,1,0,0000000,11,45,11,51,12,44,0,0,0,1,0
29,290675,2,2,0,0,0,2,2,145,0,26,12,2013,5,21,50,0,3,3,SR-59,,95,36.91711111,-94.31608333,0,12,2,0,1,1,0,1,2,1,0,1,0,0000000,21,53,22,7,23,6,0,0,0,1,0
29,290676,1,1,0,0,0,3,3,139,0,27,12,2013,6,10,10,0,4,3,SR-J,,19,38.89280556,-91.56416667,0,58,0,0,1,1,0,4,1,1,0,1,0,0000000,10,15,10,50,11,30,0,0,0,1,0
29,290677,1,1,0,0,0,2,2,29,0,16,12,2013,2,23,20,0,6,4,CR-DRY HOLLOW,,1,37.97530556,-92.76061111,0,35,0,0,1,1,0,4,2,10,0,10,0,0000000,23,27,23,38,0,23,0,0,0,1,1
29,290678,1,1,0,0,0,1,1,143,0,24,12,2013,3,17,40,0,4,3,SR-153,,75,36.52080556,-89.80894444,0,34,0,0,1,1,0,4,2,1,0,1,0,0000000,17,47,18,11,99,99,0,0,0,1,0
29,290679,1,1,0,0,0,1,1,223,0,29,12,2013,1,7,0,1,2,3,SR-34,,410,37.244,-90.22469444,0,35,0,0,1,1,0,4,1,1,0,1,0,0000000,99,98,99,98,88,88,0,0,0,1,0
29,290680,1,1,0,1,1,0,0,510,7080,25,5,2013,7,3,2,0,16,6,CHESTNUT ST,,1,38.63132778,-90.21306667,0,8,0,0,1,1,0,1,3,1,0,1,0,0000000,3,4,3,8,3,24,0,0,0,1,0
29,290681,2,2,0,0,0,4,4,77,7460,4,12,2013,4,14,3,0,14,6,SUNSET ST,,22,37.16631389,-93.28803611,0,12,2,0,1,1,0,1,1,10,0,10,0,0000000,14,4,14,8,14,30,0,0,0,1,0
29,290682,2,2,0,0,0,3,3,189,0,6,12,2013,6,12,7,1,13,3,SR-231,,1,38.41961111,-90.34626111,0,12,6,0,1,1,0,1,1,4,10,4,0,0000000,99,99,99,99,99,99,0,0,0,1,0
29,290683,1,1,0,0,0,1,1,47,4130,13,12,2013,6,9,11,0,16,6,NE 142ND ST,,18,39.35031389,-94.36860833,0,42,0,0,1,1,0,4,1,2,3,3,0,0000000,9,17,9,20,88,88,0,0,0,1,0
29,290684,2,2,0,0,0,3,3,510,7080,14,12,2013,7,1,59,1,11,1,I-44,,9,38.60592222,-90.30721667,0,12,2,0,1,1,0,1,3,4,0,4,0,0000000,99,98,99,98,88,88,0,0,0,1,1
29,290685,1,1,0,1,1,1,1,510,7080,15,12,2013,1,2,30,0,14,3,SR-100 CHOUTEAU AVE,,45,38.62574167,-90.23555556,0,8,0,0,1,1,0,1,3,4,10,4,0,0000000,99,98,99,98,88,88,0,0,0,1,0
29,290686,1,1,0,0,0,2,2,189,7060,3,11,2013,1,21,14,1,13,3,SR-180,,34,38.70414722,-90.33824444,0,33,0,0,5,1,0,3,3,1,0,1,0,0000000,21,24,21,28,21,48,0,0,0,1,1
29,290687,1,1,0,1,1,2,2,47,4120,3,12,2013,3,17,10,1,11,1,I-35,,33,39.16833333,-94.5575,0,8,0,0,1,1,0,1,2,1,0,1,0,0000000,17,11,17,35,99,99,0,0,0,1,0
29,290688,2,2,0,0,0,3,3,183,5880,12,12,2013,5,10,53,0,4,6,TECHNOLOGY DR,WELDON SPRINGS RD,53,38.71738889,-90.70413056,0,12,6,0,2,2,0,1,1,1,0,1,0,0000000,10,54,11,2,11,30,0,0,0,1,0
29,290689,1,1,0,0,0,2,2,33,0,13,12,2013,6,9,10,1,2,2,US-24,,181,39.36761111,-93.33997222,0,35,0,0,1,1,0,4,1,10,0,10,0,0000000,9,24,9,37,10,1,0,0,0,1,0
29,290690,1,1,0,0,0,2,2,131,0,24,12,2013,3,23,40,0,6,6,MIDWAY RD,CAVE DR,6,38.29880556,-92.57802778,0,43,0,0,1,1,0,4,2,10,0,10,0,0000000,99,99,99,99,99,99,0,0,0,1,1
29,290691,1,1,0,0,0,1,1,97,4100,7,12,2013,7,21,15,1,11,1,I-49 LP RANGELINE RD,20TH ST,138,37.06919444,-94.47785833,0,59,0,1,3,2,0,3,3,10,0,10,0,0000000,21,15,21,20,21,50,0,0,0,1,0
29,290692,1,1,0,1,1,1,1,189,0,17,12,2013,3,17,25,1,13,3,SR-180 ST CHARLES ROCK RD,,79,38.69319722,-90.31753889,0,8,0,0,1,1,0,1,3,1,0,1,0,0000000,17,36,17,42,99,99,0,0,0,1,0
29,290693,4,4,0,0,0,14,14,71,0,28,12,2013,7,19,26,0,3,3,SR-100,,161,38.58711111,-91.11675,0,58,0,0,1,1,0,4,2,1,0,1,0,0000000,19,30,19,59,20,37,0,0,0,1,0
29,290694,1,1,0,1,1,1,1,95,3940,10,12,2013,3,5,45,1,12,3,SR-291,,66,39.10933611,-94.38211389,0,8,0,0,1,1,0,2,2,10,0,10,0,0000000,99,99,99,99,99,99,0,0,0,1,0
29,290695,2,2,0,0,0,3,3,95,4120,7,12,2013,7,21,58,0,14,6,E 12TH ST,HARDESTY AVE,22,39.09777222,-94.51914722,0,12,6,0,2,2,0,1,3,1,0,1,0,0000000,22,0,22,11,22,27,0,0,0,1,1
29,290696,2,2,0,0,0,2,2,165,4120,9,12,2013,2,10,1,1,11,1,I-435,,34,39.30729167,-94.665025,0,24,0,0,1,1,0,3,1,10,0,10,0,0000000,99,98,99,98,88,88,0,0,0,1,0
29,290697,1,1,0,0,0,1,1,95,4120,16,12,2013,2,17,43,1,12,3,SR-210,,164,39.15475,-94.50918611,0,1,0,0,1,1,0,3,3,1,0,1,0,0000000,17,43,17,52,18,13,0,0,0,1,1
29,290698,2,2,0,0,0,3,3,47,4120,18,12,2013,4,19,21,1,12,2,US-169,,34,39.16099444,-94.58956111,0,12,1,0,1,1,0,1,2,1,0,1,0,0000000,19,20,19,39,19,59,0,0,0,1,0
29,290699,3,3,0,0,0,5,5,95,4120,23,12,2013,2,14,56,0,13,6,PASEO BLVD,ARMOUR BLVD,31,39.06305556,-94.56713333,0,12,6,0,2,2,0,1,1,1,0,1,0,0000000,14,57,15,3,15,15,0,0,0,1,0
29,290700,2,2,0,0,0,4,4,147,5040,20,12,2013,6,11,38,0,14,3,SR-46,WALNUT ST,163,40.34610833,-94.87771667,0,12,6,0,2,2,0,1,1,10,0,10,0,0000000,99,99,99,99,99,99,0,0,0,1,0
29,290701,1,1,0,1,1,2,2,97,8220,23,12,2013,2,22,24,1,13,3,SR-171,,82,37.14105278,-94.47415,0,8,0,0,1,1,0,1,2,1,0,1,0,0000000,22,28,22,33,23,8,0,0,0,1,0
29,290702,1,1,0,0,0,2,2,99,3690,9,11,2013,7,12,45,0,5,6,PIONEER RD,,6,38.24591667,-90.54912222,0,59,0,0,1,1,0,4,1,1,0,1,0,0000000,99,99,99,99,99,99,0,0,0,1,0
29,290703,1,1,0,1,1,1,1,189,4060,20,12,2013,6,17,5,1,13,3,SR-367,ST CYR RD,59,38.73513056,-90.24138056,0,8,0,1,3,2,0,1,3,10,0,10,0,0000000,17,17,17,26,17,37,0,0,0,1,0
29,290704,2,2,0,1,1,3,3,189,0,21,12,2013,7,19,35,0,13,4,CR-CHAMBERS,,19,38.74935278,-90.26353056,0,8,0,0,1,1,0,1,2,2,0,2,0,0000000,19,37,19,44,20,9,14,0,0,1,0
29,290705,1,1,0,0,0,1,1,47,4120,21,12,2013,7,15,50,1,12,3,SR-152,,37,39.245775,-94.53890833,0,59,0,0,1,1,0,4,1,3,0,3,0,0000000,15,52,15,59,88,88,0,0,0,1,0
29,290706,1,1,0,0,0,7,7,95,4120,28,12,2013,7,0,27,0,15,6,51ST ST,BROOKLYN AVE,11,39.03398333,-94.55944167,0,30,0,0,3,2,0,4,3,1,0,1,0,0000000,0,27,0,43,99,99,0,0,0,1,0
29,290707,1,1,0,0,0,4,4,95,3940,15,4,2013,2,0,40,0,13,6,S NOLAND RD,,43,39.05588889,-94.41475,0,5,0,0,1,1,0,1,6,10,0,10,0,0000000,99,99,99,99,99,99,0,0,0,1,0
30,300001,1,1,0,0,0,2,2,21,0,2,1,2013,4,6,30,1,1,1,I-94,,2075,47.04948611,-104.803875,0,1,0,0,1,1,0,1,2,11,6,11,0,0000000,6,41,6,55,7,34,0,0,0,1,0
30,300002,1,1,0,1,1,1,1,111,0,3,1,2013,5,17,40,0,6,4,CR-BECRAFT LANE,,0,45.81222778,-108.4069944,0,8,0,0,1,1,0,1,2,1,0,1,0,0000000,17,41,17,45,18,2,0,0,0,1,0
30,300003,3,3,0,0,0,6,6,63,0,6,1,2013,1,15,27,1,2,2,US-93,,50,47.01480278,-114.1204833,0,12,8,0,1,1,0,1,1,10,0,10,0,0000000,15,28,15,34,16,10,0,0,0,1,0
30,300004,2,2,0,0,0,3,3,77,0,8,1,2013,3,12,0,1,1,1,I-90,,1723,46.54048611,-112.8357917,0,12,2,0,1,1,0,1,1,10,0,10,0,0000000,12,16,12,32,13,1,0,0,0,1,0
30,300005,3,3,0,0,0,3,3,63,830,13,1,2013,1,10,31,1,2,2,US-93,,16440,46.88243611,-114.0383222,0,12,6,0,1,1,0,1,1,1,0,1,0,0000000,10,33,10,35,11,9,0,0,0,1,0
30,300006,1,1,0,0,0,2,2,13,0,20,1,2013,1,1,30,0,6,4,CR- COTTONWOOD COULEE ROAD,,0,47.28273056,-111.1028861,0,1,0,0,1,1,0,4,2,10,0,10,0,0000000,10,41,11,8,11,40,0,0,0,1,1
30,300007,1,1,0,0,0,1,1,81,0,23,1,2013,4,10,39,1,2,2,US-93,,654,46.50333889,-114.1216556,0,31,0,0,1,1,0,4,1,10,0,10,0,0000000,10,41,10,46,88,88,0,0,0,1,0
30,300008,2,2,0,0,0,2,2,43,0,23,1,2013,4,13,20,0,3,3,SR-55,,88,45.83450833,-112.1465306,0,12,2,0,1,1,0,1,1,10,0,10,0,0000000,13,23,13,31,99,96,0,0,0,1,0
30,300009,1,1,0,0,0,2,2,79,0,25,1,2013,6,20,21,1,1,1,I-94 E,,1841,46.82446667,-105.1562556,0,52,0,0,1,1,0,4,3,1,0,1,0,0000000,20,24,20,37,20,56,0,0,0,2,0
30,300010,1,1,0,0,0,1,1,29,0,27,1,2013,1,4,0,0,6,5,BLACKMER LANE,,0,48.26939444,-114.1367778,0,38,0,0,1,1,0,5,2,10,0,10,0,0000000,6,33,6,49,88,88,0,0,0,1,1
30,300011,2,2,0,0,0,3,3,95,0,27,1,2013,1,21,58,1,1,1,I-90,,4170,45.59521667,-109.0918528,0,12,7,0,1,1,0,1,2,4,0,4,0,0000000,22,14,22,25,23,2,0,0,0,1,0
30,300012,1,1,0,0,0,1,1,77,0,30,1,2013,4,0,40,1,2,2,US-12,,260,46.55729444,-112.3291528,0,48,0,0,1,1,0,4,2,11,0,11,0,0000000,0,49,1,10,88,88,0,0,0,1,1
30,300013,1,1,0,1,1,1,1,35,0,1,2,2013,6,1,39,0,6,5,COLLEGE ROW ST,,0,48.57327222,-113.0228667,3,8,0,0,1,1,0,1,3,1,0,1,0,0000000,1,40,1,45,88,88,0,0,0,1,1
30,300014,1,1,0,0,0,1,1,27,0,9,2,2013,7,10,47,1,2,2,US-87,,1094,47.04438889,-108.8787361,0,1,0,0,1,1,0,4,1,1,0,1,0,0000000,10,53,11,2,88,88,0,0,0,1,0
30,300015,1,1,0,1,1,1,1,5,0,12,2,2013,3,23,30,1,2,2,US-2,,4251,48.52561111,-108.7874472,0,8,0,0,1,1,0,1,2,1,0,1,0,0000000,88,88,88,88,88,88,0,0,0,1,0
30,300016,2,2,0,0,0,2,2,111,100,12,2,2013,3,16,58,1,1,1,I-90 OFF RAMP,,0,45.76837222,-108.4879417,0,12,1,1,5,1,0,1,1,10,0,10,0,0000000,17,1,17,6,17,28,0,0,0,1,1
30,300017,1,1,0,0,0,1,1,83,0,13,2,2013,4,21,0,0,3,3,SR-200,,715,47.68629444,-104.1845917,0,35,0,0,1,1,0,4,2,1,0,1,0,0000000,21,7,21,16,88,88,0,0,0,1,1
30,300018,1,1,0,1,1,3,3,63,830,16,2,2013,7,21,13,1,13,2,US-93,RIVER ROAD,0,46.875975,-114.0379639,0,8,0,0,2,2,0,1,3,2,0,2,0,0000000,21,15,21,18,21,52,0,0,0,1,0
30,300019,1,1,0,1,1,1,1,17,0,16,2,2013,7,23,0,0,6,4,CR- DEADMAN ROAD,,0,46.54434444,-105.9675083,0,8,0,0,1,1,0,98,2,1,0,1,0,0000000,99,98,99,98,99,98,99,99,99,1,1
30,300020,2,2,0,0,0,2,2,9,0,23,2,2013,7,19,10,1,2,2,US-310,,62,45.07245556,-108.6864222,0,12,6,0,1,1,0,1,2,11,0,11,0,0000000,19,14,19,44,88,88,0,0,0,1,0
30,300021,2,2,0,0,0,3,3,13,0,25,2,2013,2,3,17,1,2,2,US-89/87,,713,47.35268056,-110.8993222,0,52,0,0,1,1,0,4,2,1,0,1,0,0000000,3,42,3,45,88,88,0,0,0,3,1
30,300022,1,1,0,0,0,2,2,83,0,28,2,2013,5,5,0,0,9,4,CR-143,,0,47.97039167,-104.82735,0,1,0,0,1,1,0,4,2,1,0,1,0,0000000,5,11,6,2,88,88,0,0,0,1,0
30,300023,1,1,0,0,0,1,1,29,0,2,3,2013,7,23,25,1,2,2,US-2,,1137,48.15273333,-114.4399361,0,1,0,0,1,1,0,4,2,2,0,2,0,0000000,23,36,23,44,88,88,0,0,0,1,1
30,300024,1,1,0,0,0,5,5,73,0,8,3,2013,6,16,56,0,4,3,SR-366,CR-PIONEER ROAD,25,48.26363056,-111.8813611,0,59,0,0,3,2,0,4,1,1,0,1,0,0000000,16,58,17,12,17,34,0,0,0,3,1
30,300025,1,1,0,1,1,3,3,35,0,10,3,2013,1,0,20,0,3,2,US-89,,13,48.55599444,-113.0478861,3,8,0,0,1,1,0,1,2,1,0,1,0,0000000,0,28,0,39,88,88,0,0,0,1,0
30,300026,2,2,0,0,0,2,2,31,0,18,1,2013,6,7,26,1,2,2,US-20,,70,44.66941389,-111.1451861,0,12,2,0,1,1,0,1,1,1,0,1,0,0000000,7,27,7,36,8,36,0,0,0,1,0
30,300027,1,1,0,0,0,2,2,49,0,15,3,2013,6,0,30,0,4,3,SR-279,,129,46.78600556,-112.2424139,0,1,0,0,1,1,0,4,2,10,0,10,0,0000000,0,40,1,1,1,31,0,0,0,1,0
30,300028,1,1,0,0,0,1,1,3,0,16,3,2013,7,1,40,0,3,3,SR-47,,155,45.93775556,-107.591175,0,1,0,0,1,1,0,4,2,1,0,1,0,0000000,1,51,2,4,88,88,0,0,0,1,1
30,300029,2,2,0,0,0,3,3,31,0,18,3,2013,2,7,24,0,4,4,CR- STUCKEY RD,CR- COTTONWOOD ROAD,0,45.65655833,-111.1041944,0,12,6,0,2,2,0,1,1,1,0,1,0,0000000,7,25,7,34,8,22,0,0,0,1,0
30,300030,1,1,0,0,0,1,1,111,0,19,3,2013,3,0,15,1,1,1,I-90,,4652,45.78568889,-108.228575,0,58,0,0,1,1,0,3,2,1,0,1,0,0000000,0,15,0,30,88,88,0,0,0,1,1
30,300031,1,1,0,0,0,2,2,63,0,20,3,2013,4,17,38,0,3,3,SR-83,,254,47.31693611,-113.5779361,0,35,0,0,1,1,0,4,1,99,0,99,0,0000000,17,42,17,49,19,25,0,0,0,1,1
30,300032,1,1,0,0,0,1,1,83,0,22,3,2013,6,21,20,0,3,3,SR-200,,630,47.84837222,-104.0500917,0,33,0,0,1,1,0,4,2,1,0,1,0,0000000,21,26,21,35,21,54,0,0,0,1,1
30,300033,1,1,0,0,0,2,2,111,0,25,3,2013,2,22,6,0,2,7,NORTH FRONTAGE ROAD,,0,45.81377222,-108.4177111,0,35,0,0,8,1,0,4,2,1,0,1,0,0000000,22,13,22,18,22,37,20,0,0,1,1
30,300034,1,1,0,0,0,1,1,3,0,26,3,2013,3,22,30,0,3,3,SR-47,,160,45.95692222,-107.5798222,0,11,0,0,1,1,0,1,2,1,0,1,0,0000000,22,26,22,47,88,88,0,0,0,1,0
30,300035,1,1,0,0,0,1,1,29,0,28,3,2013,5,0,20,0,6,4,CR-HELLMAN LANE,,0,48.34600278,-114.1972056,0,41,0,0,1,1,0,4,2,10,0,10,0,0000000,0,25,0,36,88,88,0,0,0,1,1
30,300036,1,1,0,1,1,1,1,93,180,3,3,2013,1,18,40,0,6,5,2100 FARRAGUT AVENUE,,0,45.99339722,-112.5027278,0,8,0,0,1,1,0,1,1,10,0,10,0,0000000,18,45,18,50,99,99,0,0,0,1,1
30,300037,1,1,0,0,0,1,1,53,0,29,3,2013,6,20,27,1,2,2,US-93,,1852,48.97169444,-115.0585167,0,1,0,0,1,1,0,4,5,10,0,10,0,0000000,20,28,20,40,88,88,0,0,0,1,1
30,300038,1,1,0,0,0,1,1,63,0,30,3,2013,7,12,55,0,4,4,CR-OLD US-93,,0,46.68834722,-114.0777583,0,1,0,0,1,1,0,4,1,1,0,1,0,0000000,12,53,13,11,13,24,0,0,0,1,1
30,300039,1,1,0,0,0,1,1,99,0,31,3,2013,1,2,30,0,3,2,US-89,,245,47.62789722,-111.9870306,0,31,0,0,1,1,0,5,2,1,0,1,0,0000000,7,26,7,39,88,88,0,0,0,1,1
30,300040,1,1,0,0,0,1,1,59,0,1,4,2013,2,11,12,0,4,3,SR-360,,69,46.59193056,-111.0121167,0,59,0,0,1,1,0,4,1,1,0,1,0,0000000,11,39,11,49,88,88,0,0,0,1,0
30,300041,2,2,0,0,0,2,2,13,0,2,4,2013,3,14,45,0,4,4,CR-VAUGHN S FRONTAGE ROAD,,55,47.53416389,-111.4265056,0,12,6,0,1,1,0,1,1,1,0,1,0,0000000,14,50,15,2,88,88,0,0,0,1,0
30,300042,1,1,0,0,0,2,2,31,130,29,3,2013,6,19,54,0,5,6,STORY MILL ROAD,,0,45.72524722,-111.0212972,0,1,0,0,1,1,0,4,1,1,0,1,0,0000000,19,54,20,2,20,27,0,0,0,1,0
30,300043,1,1,0,2,2,1,1,63,830,1,4,2013,2,16,32,0,6,6,MULLAN ROAD,,0,46.88183333,-114.0275028,0,33,0,0,1,1,0,4,1,1,0,1,0,0000000,16,34,16,34,16,47,0,0,0,1,0
30,300044,1,1,0,0,0,6,6,35,0,3,4,2013,4,22,32,0,4,4,CR- HEART BUTTE ROAD,,60,48.31735556,-112.9526083,3,1,0,0,1,1,0,4,2,10,0,10,0,0000000,22,37,23,1,23,52,0,0,0,1,1
30,300045,1,1,0,0,0,3,3,13,0,4,4,2013,5,21,40,0,5,4,CR- FIELDS ROAD,,0,47.41340833,-111.1606611,0,5,0,0,1,1,0,1,2,10,0,10,0,0000000,21,37,21,58,22,23,0,0,0,1,0
30,300046,1,1,0,0,0,1,1,97,0,7,4,2013,1,3,15,1,1,1,I-90 EB,,3790,45.74953611,-109.7762361,0,52,0,0,1,1,0,4,2,1,0,1,0,0000000,3,20,3,35,3,57,0,0,0,1,1
30,300047,1,1,0,0,0,2,2,87,0,2,4,2013,3,15,23,0,3,3,SR-39,,472,46.19138333,-106.8225917,0,1,0,0,1,1,0,4,1,1,0,1,0,0000000,15,24,15,37,16,5,0,0,0,1,1
30,300048,1,1,0,0,0,1,1,1,0,15,4,2013,2,2,30,0,6,4,CR-LOVERS LEAP ROAD,,6,45.23350556,-112.6441333,0,1,0,0,1,1,0,4,2,1,0,1,0,0000000,3,12,3,24,88,88,0,0,0,1,1
30,300049,2,2,0,0,0,3,3,77,0,16,4,2013,3,17,15,1,2,2,US-12,,22,46.53146944,-112.7568639,0,12,2,0,1,1,0,1,1,10,0,10,0,0000000,17,22,17,44,18,12,0,0,0,1,0
30,300050,1,1,0,0,0,1,1,67,0,17,4,2013,4,21,16,1,2,2,US-89,,417,45.48699444,-110.6222556,0,11,0,0,1,1,0,4,2,1,0,1,0,0000000,21,18,21,31,88,88,0,0,0,1,1
30,300051,1,1,0,0,0,1,1,3,0,20,4,2013,7,21,57,0,3,3,SR-451,,308,45.10477778,-107.3898861,3,1,0,0,1,1,0,1,2,10,0,10,0,0000000,22,4,22,18,88,88,0,0,0,1,1
30,300052,1,1,0,0,0,3,3,111,0,21,4,2013,1,11,30,0,4,4,CR- NORTH FRONTAGE ROAD,,0,45.80663056,-108.4335861,0,35,0,0,1,1,0,4,1,4,10,4,0,0000000,11,36,11,42,12,18,0,0,0,1,0
30,300053,2,2,0,0,0,6,6,47,0,21,4,2013,1,18,10,1,2,2,US-93,,349,47.35248611,-114.0967944,0,12,6,0,1,1,0,1,1,4,0,4,0,0000000,18,12,18,18,99,99,0,0,0,2,0
30,300054,1,1,0,0,0,2,2,85,0,28,4,2013,1,1,34,0,3,3,SR-13,,30,48.11241944,-105.5168444,0,1,0,0,1,1,0,4,2,1,0,1,0,0000000,1,36,1,57,2,23,0,0,0,1,1
30,300055,2,2,0,0,0,4,4,49,0,30,4,2013,3,22,29,1,2,2,US-287,,482,46.59132222,-111.9413833,0,12,2,0,1,1,0,1,3,10,0,10,0,0000000,22,33,22,48,23,9,0,0,0,2,1
30,300056,2,2,0,0,0,3,3,57,0,5,5,2013,1,13,30,0,3,3,SR-84 (NORRIS ROAD),,67,45.58431944,-111.5807917,0,1,0,0,1,1,0,1,1,1,0,1,0,0000000,13,40,14,10,88,88,0,0,0,1,0
30,300057,1,1,0,0,0,2,2,39,0,8,5,2013,4,16,40,1,1,1,I-90 W,,1409,46.70491389,-113.3775222,0,1,0,0,1,1,0,3,1,1,0,1,0,0000000,16,49,17,10,88,88,0,0,0,2,0
30,300058,1,1,0,0,0,1,1,31,0,11,5,2013,7,0,58,0,4,4,CR-205E,,79,45.88198056,-111.3805556,0,35,0,0,1,1,0,4,2,10,0,10,0,0000000,6,6,6,30,88,88,0,0,0,1,1
30,300059,2,2,0,0,0,2,2,81,0,11,5,2013,7,18,30,1,2,2,US-93,,722,46.59995556,-114.0921917,0,12,7,0,1,1,0,1,1,1,0,1,0,0000000,18,32,18,50,19,17,0,0,0,1,0
30,300060,2,2,0,0,0,7,7,63,830,11,5,2013,7,11,52,0,16,6,PHILLIPS STREET,COWPER STREET,0,46.88098611,-114.0138667,0,12,6,0,2,2,0,1,1,1,0,1,0,0000000,11,52,11,56,12,6,0,0,0,1,1
30,300061,2,2,0,0,0,2,2,29,0,8,4,2013,2,14,10,1,2,2,US-93 ALT,,6,48.15549444,-114.2990111,0,12,2,0,1,1,0,1,1,1,0,1,0,0000000,14,9,14,16,14,58,0,0,0,1,0
30,300062,1,1,0,0,0,1,1,73,0,11,5,2013,7,15,35,0,4,3,SR-358,,150,48.45589722,-112.3544028,3,35,0,0,1,1,0,4,1,10,0,10,0,0000000,15,40,16,1,16,45,0,0,0,1,0
30,300063,2,2,0,0,0,2,2,101,0,13,5,2013,2,15,27,1,1,1,I-15 SOUTH,,3892,48.87693889,-111.8953139,0,12,1,0,1,1,0,1,1,7,6,6,0,0000000,15,32,15,36,88,88,0,0,0,1,0
30,300064,1,1,0,0,0,1,1,95,0,15,5,2013,4,13,10,1,1,1,I-90,,4273,45.63745,-108.8996472,0,1,0,0,1,1,0,3,1,1,0,1,0,0000000,13,14,13,32,88,88,0,0,0,1,0
30,300065,1,1,0,0,0,1,1,33,0,15,5,2013,4,19,45,1,2,3,SR-200,,2430,47.32707222,-106.2788194,0,1,0,0,1,1,0,4,1,1,0,1,0,0000000,19,54,20,24,88,88,0,0,0,1,1
30,300066,1,1,0,2,2,1,1,63,830,16,5,2013,5,1,29,0,6,6,621 N 5TH STREET,,0,46.88215,-113.9945361,0,33,0,0,1,1,0,4,2,1,0,1,0,0000000,1,30,1,37,1,46,0,0,0,1,1