STATE,ST_CASE,VE_TOTAL,VE_FORMS,PVH_INVL,PEDS,PERNOTMVIT,PERMVIT,PERSONS,COUNTY,CITY,DAY,MONTH,YEAR,DAY_WEEK,HOUR,MINUTE,NHS,ROAD_FNC,ROUTE,TWAY_ID,TWAY_ID2,MILEPT,LATITUDE,LONGITUD,SP_JUR,HARM_EV,MAN_COLL,RELJCT1,RELJCT2,TYP_INT,WRK_ZONE,REL_ROAD,LGT_COND,WEATHER1,WEATHER2,WEATHER,SCH_BUS,RAIL,NOT_HOUR,NOT_MIN,ARR_HOUR,ARR_MIN,HOSP_HR,HOSP_MN,CF1,CF2,CF3,FATALS,DRUNK_DR
30,300067,2,2,0,0,0,5,5,21,0,17,5,2013,6,8,50,1,2,3,SR-16,,102,47.2405,-104.6436917,0,12,6,0,1,1,0,1,1,10,0,10,0,0000000,8,55,9,6,9,22,0,0,0,1,0
30,300068,2,2,0,0,0,3,3,3,0,17,5,2013,6,14,0,0,4,4,CR-314,,237,45.24392222,-106.9660083,0,12,6,0,1,1,0,1,1,2,0,2,0,0000000,14,28,15,5,88,88,0,0,0,1,0
30,300069,1,1,0,0,0,1,1,81,0,17,5,2013,6,21,36,0,4,3,SR-269,,156,46.45012778,-114.0944917,0,1,0,0,1,1,0,4,2,10,0,10,0,0000000,21,37,21,45,88,88,0,0,0,1,1
30,300070,3,3,0,0,0,6,6,47,0,24,5,2013,6,14,43,1,2,2,US-93,,211,47.20727778,-114.117675,0,12,2,0,1,1,0,1,1,10,0,10,0,0000000,14,44,14,57,15,50,14,0,0,1,0
30,300071,1,1,0,0,0,1,1,47,0,31,5,2013,6,14,45,0,5,4,CR- FOOTHILLS ROAD,,0,47.37903889,-114.0328694,0,1,0,0,1,1,0,4,1,10,0,10,0,0000000,14,50,15,4,88,88,0,0,0,1,1
30,300072,1,1,0,0,0,2,2,61,0,3,6,2013,2,14,15,1,1,1,I-90,,351,47.2817,-115.0767611,0,42,0,0,1,1,0,3,1,10,0,10,0,0000000,14,21,14,45,15,15,0,0,0,1,0
30,300073,1,1,0,0,0,1,1,29,0,5,6,2013,4,15,5,1,2,2,US-2,,1137,48.15325278,-114.4394278,0,43,0,0,1,1,3,4,1,1,0,1,0,0000000,15,11,15,19,88,88,0,0,0,1,1
30,300074,2,2,0,0,0,4,4,29,0,7,6,2013,6,10,17,1,2,2,US-2,,1290,48.29988611,-114.2507333,0,12,2,0,1,1,0,1,1,1,0,1,0,0000000,10,16,10,25,10,50,0,0,0,2,0
30,300075,1,1,0,0,0,1,1,111,0,8,6,2013,7,3,0,0,6,6,ED STREET,,0,45.72570833,-108.5426472,0,1,0,0,1,1,0,1,2,1,0,1,0,0000000,3,9,3,15,3,33,0,0,0,1,1
30,300076,1,1,0,0,0,1,1,29,0,10,6,2013,2,6,52,0,3,3,SR-83,,852,48.085025,-113.9749111,0,11,0,0,1,1,0,1,1,1,0,1,0,0000000,6,49,7,1,88,88,0,0,0,1,0
30,300077,1,1,0,0,0,2,2,53,0,15,6,2013,7,21,5,0,6,5,IRON CREEK RD.,,54,48.38060278,-115.8762194,0,35,0,0,1,1,0,4,5,1,0,1,0,0000000,21,8,21,25,88,88,0,0,0,2,1
30,300078,1,1,0,0,0,7,7,35,0,15,6,2013,7,23,57,0,4,4,CR-STARR SCHOOL ROAD,,0,48.6058,-113.255575,3,1,0,0,1,1,0,4,2,1,0,1,0,0000000,0,6,0,16,0,50,0,0,0,5,1
30,300079,1,1,0,0,0,1,1,63,0,16,6,2013,1,10,0,1,2,3,SR-200,,267,46.93548889,-113.4362111,0,52,0,0,1,1,0,4,1,1,0,1,0,0000000,10,10,10,20,88,88,0,0,0,1,0
30,300080,1,1,0,0,0,5,5,81,0,22,6,2013,7,0,2,0,5,4,CR-OLD DARBY ROAD,,0,46.04196667,-114.1788917,0,35,0,0,1,1,0,4,2,10,0,10,0,0000000,0,8,0,15,1,3,0,0,0,1,1
30,300081,1,1,0,0,0,1,1,111,0,15,6,2013,7,23,30,1,1,1,I-90,,4340,45.6637,-108.7675778,0,35,0,1,5,1,0,8,3,1,0,1,0,0000000,23,40,23,54,0,34,0,0,0,1,1
30,300082,2,2,0,0,0,2,2,29,680,15,6,2013,7,14,3,1,2,2,US-93,GRANDVIEW DRIVE,0,48.22589167,-114.3305806,0,12,6,0,2,2,0,1,1,1,0,1,0,0000000,14,4,14,11,14,24,0,0,0,1,0
30,300083,2,2,0,0,0,5,5,31,0,26,6,2013,4,17,34,0,4,3,SR-235,,50,45.72745,-111.0870028,0,12,2,0,1,1,0,1,1,10,0,10,0,0000000,17,33,17,40,18,12,0,0,0,1,1
30,300084,1,1,0,0,0,1,1,47,0,20,6,2013,5,21,19,0,3,3,SR-MT-83,,822,48.043775,-113.9740889,0,35,0,0,8,1,0,4,5,10,0,10,0,0000000,21,20,21,32,23,16,0,0,0,1,1
30,300085,2,2,0,0,0,2,2,93,0,28,6,2013,6,20,37,1,1,1,I-90,,2143,46.02398333,-112.7277278,0,12,6,0,1,1,0,1,1,1,0,1,0,0000000,20,40,20,51,21,35,0,0,0,1,1
30,300086,1,1,0,0,0,1,1,111,0,30,6,2013,1,15,0,1,1,1,I-90 W,,458,46.12181389,-107.5800833,0,1,0,0,1,1,0,1,1,1,0,1,0,0000000,15,3,15,13,88,88,0,0,0,1,0
30,300088,1,1,0,0,0,2,2,95,0,9,6,2013,1,16,49,0,4,4,CR-OLD US HIGHWAY 10,,19,45.63090833,-109.2082528,0,24,0,0,1,1,0,4,1,1,0,1,0,0000000,16,50,16,52,17,12,0,0,0,1,1
30,300089,2,2,0,0,0,8,8,73,0,9,7,2013,3,10,34,0,3,3,SR-44 (VALIER HIGHWAY E),CR- US HIGHWAY 91 N,279,48.30711111,-111.9479139,0,12,6,0,2,2,0,1,1,1,0,1,0,0000000,10,39,10,53,11,40,0,0,0,1,0
30,300090,2,2,0,0,0,3,3,47,0,9,7,2013,3,19,25,1,2,2,US-93,,739,47.79809444,-114.3098111,0,12,2,0,1,1,0,1,1,1,0,1,0,0000000,19,31,20,11,20,27,0,0,0,2,0
30,300091,1,1,0,0,0,3,3,39,0,9,6,2013,1,16,5,1,1,1,I-90 E,,1368,46.70443611,-113.4562861,0,1,0,0,1,1,0,1,1,6,1,6,0,0000000,16,7,16,36,17,23,0,0,0,1,1
30,300092,1,1,0,0,0,1,1,83,0,10,7,2013,4,10,55,0,3,3,SR-200,,576,47.70358611,-104.4611556,0,35,0,0,1,1,0,4,1,1,0,1,0,0000000,11,5,11,22,88,88,0,0,0,1,0
30,300093,1,1,0,0,0,1,1,29,0,14,7,2013,1,16,51,1,2,2,US-2,,1070,48.09152222,-114.5241917,0,24,0,0,1,1,0,4,1,1,0,1,0,0000000,16,54,17,11,88,88,0,0,0,1,0
30,300094,1,1,0,0,0,2,2,89,0,15,7,2013,2,22,21,0,3,3,SR-200,,806,47.40653333,-114.8221583,0,1,0,0,1,1,0,1,2,1,0,1,0,0000000,22,18,22,34,22,57,0,0,0,1,0
30,300095,1,1,0,0,0,1,1,29,0,12,7,2013,6,0,29,0,4,3,SR-317,,23,48.19976389,-114.2878611,0,11,0,0,1,1,0,1,2,1,0,1,0,0000000,0,28,0,39,1,2,0,0,0,1,1
30,300096,1,1,0,0,0,1,1,63,0,20,7,2013,7,14,43,0,3,3,SR-574,FRENCHTOWN FRONTAGE RD,0,47.00086389,-114.2008306,0,35,0,0,1,1,0,4,1,1,0,1,0,0000000,14,46,14,56,88,88,0,0,0,1,0
30,300097,1,1,0,0,0,1,1,111,0,14,7,2013,1,13,52,0,4,4,CR-GRAND AVENUE,,0,45.78402222,-108.6780722,0,11,0,0,1,1,0,1,1,1,0,1,0,0000000,13,52,13,55,14,32,0,0,0,1,0
30,300098,2,2,0,0,0,3,3,111,100,20,7,2013,7,20,11,1,2,6,GRAND AVENUE,6TH STREET WEST,0,45.78411389,-108.5304917,0,12,6,0,2,2,0,1,1,1,0,1,0,0000000,20,12,20,15,20,43,0,0,0,1,0
30,300099,1,1,0,0,0,5,5,35,0,18,7,2013,5,23,0,0,4,3,SR-358,,202,48.51967778,-112.3599639,3,1,0,0,1,1,0,4,2,1,0,1,0,0000000,23,8,23,21,23,50,0,0,0,1,0
30,300100,1,1,0,0,0,2,2,35,0,26,7,2013,6,0,58,0,3,2,US-89,BROWNING HIGH SCHOOL ACCESS,9,48.55589444,-113.036,3,11,0,0,2,3,0,1,3,1,0,1,0,0000000,1,5,1,12,1,33,0,0,0,1,1
30,300101,1,1,0,0,0,1,1,35,0,26,7,2013,6,2,30,0,3,3,SR-358,,3580,48.59879167,-112.3652861,3,38,0,0,1,1,0,4,2,1,0,1,0,0000000,2,49,3,1,88,88,0,0,0,1,1
30,300102,2,2,0,0,0,4,4,87,0,30,7,2013,3,15,40,0,3,2,US-12,,2523,46.39085278,-107.0049111,0,12,1,0,1,1,0,1,1,10,0,10,0,0000000,15,42,16,0,16,41,0,0,0,2,0
30,300103,1,1,0,0,0,1,1,21,500,29,6,2013,7,2,59,0,6,4,CR-TOWNE STREET,,0,47.10729444,-104.7171833,0,24,0,0,1,1,0,4,3,1,0,1,0,0000000,3,7,3,8,3,18,0,0,0,1,1
30,300104,2,2,0,0,0,3,3,29,0,12,7,2013,6,13,15,1,2,2,US-93,,1239,48.35589444,-114.3357472,0,12,2,0,1,1,0,1,1,1,0,1,0,0000000,13,16,13,32,13,36,0,0,0,1,0
30,300105,1,1,0,0,0,1,1,61,0,1,8,2013,5,17,35,1,1,1,I-90,,117,47.40558889,-115.4886194,0,24,0,0,1,1,0,4,1,1,0,1,0,0000000,17,36,17,48,88,88,0,0,0,1,0
30,300106,2,2,0,0,0,2,2,47,0,1,8,2013,5,19,40,0,6,4,CR-CHALWAIN ROAD,,0,47.295725,-114.075425,3,12,6,0,1,1,0,1,1,10,0,10,0,0000000,19,52,20,8,20,21,0,0,0,1,1
30,300107,1,1,0,0,0,1,1,29,0,2,8,2013,6,2,41,1,2,3,SR-40,US-2,0,48.37064722,-114.2410389,0,46,0,0,3,3,0,4,3,2,0,2,0,0000000,2,42,2,51,88,88,0,0,0,1,1
30,300108,2,2,0,0,0,6,6,49,0,2,8,2013,6,14,43,0,4,3,SR-453 LINCOLN ROAD,GLASS DRIVE,0,46.70441667,-111.9997389,0,12,6,0,2,2,0,1,1,1,0,1,0,0000000,14,45,14,58,15,40,0,0,0,2,0
30,300109,1,1,0,0,0,1,1,111,0,4,8,2013,1,13,0,0,4,3,SR-416,,120,45.63124444,-108.4292028,0,35,0,0,1,1,0,4,1,1,0,1,0,0000000,13,37,13,57,88,88,0,0,0,1,1
30,300110,1,1,0,0,0,1,1,43,0,4,8,2013,1,19,40,0,3,3,SR-2,,30,45.84261389,-111.915225,0,24,0,0,1,1,0,4,1,1,0,1,0,0000000,19,41,19,56,20,6,20,0,0,1,1
30,300111,2,2,0,0,0,3,3,9,0,6,8,2013,3,23,10,1,2,2,US-310,,30630,45.35803611,-108.9225167,0,12,2,0,1,1,0,1,2,1,0,1,0,0000000,23,27,23,32,0,25,0,0,0,1,1
30,300112,2,2,0,0,0,4,4,75,0,9,8,2013,6,11,40,1,2,2,US-212,,949,45.32046389,-105.1573806,0,12,2,0,1,1,0,1,1,1,0,1,0,0000000,11,44,12,24,13,0,0,0,0,1,0
30,300113,1,1,0,0,0,2,2,53,0,11,8,2013,1,2,0,0,2,3,SR-56,,299,48.38654444,-115.8267028,0,34,0,0,1,1,0,4,2,10,0,10,0,0000000,3,7,3,20,88,88,0,0,0,2,1
30,300114,2,2,0,0,0,5,5,29,0,11,8,2013,1,15,10,1,2,2,US-93,,1513,48.61261389,-114.6534417,0,12,6,0,1,1,0,1,1,1,0,1,0,0000000,15,17,15,31,16,29,0,0,0,1,1
30,300115,1,1,0,0,0,2,2,63,0,11,8,2013,1,22,44,0,6,5,7TH STREET W,,0,46.86334167,-114.0693778,0,11,0,0,1,1,0,1,2,1,0,1,0,0000000,22,45,22,54,99,99,0,0,0,1,1
30,300116,1,1,0,0,0,1,1,111,0,8,8,2013,5,11,55,1,1,1,I-94 W,,34,45.86139722,-108.3553694,0,1,0,0,1,1,0,3,1,1,0,1,0,0000000,11,50,11,55,12,28,0,0,0,1,0
30,300117,1,1,0,0,0,4,4,35,0,14,8,2013,4,22,8,1,2,2,US-2,,2192,48.53063889,-113.0550333,3,1,0,0,1,1,0,4,2,1,0,1,0,0000000,22,10,22,14,22,34,0,0,0,2,0
30,300118,2,2,0,0,0,2,2,27,0,16,8,2013,6,16,5,1,2,2,US-87,SR-200,0,47.04056667,-108.8033889,0,12,6,0,2,2,0,1,1,1,0,1,0,0000000,16,18,16,24,88,88,0,0,0,1,0
30,300119,2,2,0,0,0,3,3,23,0,17,8,2013,7,16,27,1,1,1,I-90,,1990,46.21598611,-112.7740306,0,12,2,0,1,1,0,4,1,1,0,1,0,0000000,16,23,16,35,17,5,0,0,0,1,0
30,300120,1,1,0,0,0,3,3,111,100,17,8,2013,7,13,49,0,16,6,54TH ST W,,0,45.80702222,-108.6526556,0,5,0,0,1,1,0,1,1,1,0,1,0,0000000,13,50,13,57,14,44,0,0,0,1,0
30,300121,2,2,0,0,0,4,4,47,0,18,8,2013,1,3,15,1,2,2,US-93,,280,47.29201389,-114.1712222,0,12,2,0,1,1,0,1,2,10,0,10,0,0000000,3,22,3,31,4,28,0,0,0,1,2
30,300122,1,1,0,0,0,5,5,15,0,18,8,2013,1,13,0,1,2,2,US-87,,754,48.14006389,-110.1663,0,1,0,0,1,1,0,1,1,1,0,1,0,0000000,12,55,13,6,13,22,0,0,0,1,0
30,300123,1,1,0,0,0,1,1,1,0,20,8,2013,3,13,30,0,9,8,ANTELOPE BASIN ROAD,,0,44.65716667,-111.5218333,0,1,0,0,1,1,0,1,1,10,0,10,0,0000000,88,88,88,88,88,88,0,0,0,1,0
30,300124,1,1,0,3,3,2,2,101,1110,19,8,2013,2,1,0,0,6,5,N RAILROAD AVENUE,,0,48.88509722,-111.9080667,0,8,0,0,98,99,0,98,3,1,0,1,0,0000000,1,2,1,29,1,41,0,0,0,1,1
30,300125,1,1,0,0,0,1,1,83,0,24,8,2013,7,16,39,0,3,3,SR-201,,674,47.86379444,-104.0849583,0,35,0,0,1,1,0,4,1,1,0,1,0,0000000,16,41,16,51,17,12,0,0,0,1,0
30,300126,2,2,0,0,0,3,3,81,0,20,8,2013,3,14,58,1,2,2,US-93,EAST FORK ROAD,0,45.83563333,-113.9855361,0,12,2,0,2,3,0,1,1,1,0,1,0,0000000,15,2,15,14,16,54,0,0,0,1,0
30,300127,1,1,0,0,0,1,1,55,0,25,8,2013,1,14,30,0,3,3,SR-24,,464,47.96339722,-106.2581889,0,59,0,0,1,1,0,4,1,1,0,1,0,0000000,88,88,88,88,88,88,0,0,0,1,0
30,300128,1,1,0,0,0,2,2,63,0,6,8,2013,3,18,16,1,2,2,US-12,,188,46.76867778,-114.350725,0,35,0,0,1,1,0,4,1,1,0,1,0,0000000,18,14,18,29,19,24,0,0,0,1,0
30,300129,1,1,0,0,0,1,1,83,0,26,8,2013,2,21,0,0,6,4,CR-107,,45,47.45680556,-104.4322528,0,1,0,0,1,1,0,4,2,1,0,1,0,0000000,21,13,21,38,88,88,0,0,0,1,1
30,300130,2,2,0,0,0,7,7,3,0,20,8,2013,3,5,20,1,2,2,US-212,,150,45.52109444,-107.1636,3,12,2,0,1,1,0,1,2,1,0,1,0,0000000,99,99,99,99,99,99,0,0,0,1,0
30,300131,1,1,0,1,1,1,1,111,100,28,8,2013,4,11,30,0,16,6,GRAND AVENUE,8TH STREET WEST,0,45.78408611,-108.5358278,0,8,0,0,2,2,0,1,1,1,0,1,0,0000000,11,31,11,40,88,88,0,0,0,1,0
30,300132,1,1,0,0,0,1,1,111,0,31,8,2013,7,1,20,1,2,2,US-312,,3121,45.85602222,-108.4468556,0,11,0,0,1,1,0,1,2,10,0,10,0,0000000,99,99,1,26,88,88,0,0,0,1,1
30,300133,1,1,0,0,0,1,1,53,0,1,9,2013,1,14,0,0,6,8,STAHL CREEK ROAD (NF 7021),,0,48.91033889,-114.8326639,0,1,0,0,1,1,0,4,1,1,0,1,0,0000000,15,43,16,25,88,88,0,0,0,1,1
30,300134,1,1,0,0,0,1,1,71,0,3,9,2013,3,10,30,1,2,2,US-191,,1409,48.26300556,-107.9681611,0,59,0,0,1,1,0,4,1,10,0,10,0,0000000,10,30,10,45,10,53,0,0,0,1,0
30,300135,1,1,0,0,0,1,1,97,0,4,9,2013,4,15,51,1,1,1,I-90,,3814,45.73240556,-109.7458528,0,35,0,0,1,1,0,4,1,1,0,1,0,0000000,15,55,16,12,88,88,0,0,0,1,0
30,300136,2,2,0,0,0,2,2,63,830,6,9,2013,6,20,33,1,2,2,US-93,SOUTH THIRD STREET WEST,0,46.86691944,-114.0395278,0,12,6,0,2,2,0,1,5,1,0,1,0,0000000,20,34,20,38,88,88,0,0,0,1,1
30,300137,1,1,0,0,0,5,5,57,0,8,9,2013,1,3,6,0,5,4,CR- 361,MELROSE-TWIN BRIDGES,0,45.55285,-112.4719944,0,1,0,0,1,1,0,4,2,1,0,1,0,0000000,3,19,3,53,99,99,0,0,0,1,1
30,300138,2,2,0,0,0,2,2,111,0,10,9,2013,3,11,35,0,3,3,SR-3,SOUTHVIEW DRIVE,0,45.80424444,-108.5632083,0,12,1,0,1,1,0,1,1,1,0,1,0,0000000,99,99,99,99,99,99,0,0,0,1,0
30,300139,1,1,0,0,0,4,4,7,0,20,9,2013,6,15,5,0,6,4,CR-SOUTH RAY CREEK,,0,46.37938889,-111.3934194,0,35,0,0,1,1,0,4,1,1,0,1,0,0000000,15,9,15,26,16,7,0,0,0,1,0
30,300140,1,1,0,0,0,1,1,1,0,20,9,2013,6,18,0,0,6,4,CR-WHITE PINE RIDGE ROAD,,0,44.53075833,-112.7383111,0,35,0,0,1,1,0,5,1,10,0,10,0,0000000,88,88,88,88,88,88,0,0,0,1,1
30,300141,1,1,0,0,0,1,1,29,0,21,9,2013,7,21,39,0,5,8,EAST EDGEWOOD,,0,48.41431667,-114.2787083,0,42,0,0,1,1,0,4,2,1,0,1,0,0000000,21,45,22,17,88,88,0,0,0,1,1
30,300142,1,1,0,0,0,3,3,3,0,15,9,2013,1,21,20,0,3,3,SR-418,PRYOR ROAD,0,45.45015833,-108.5140194,3,11,0,0,1,1,0,1,2,1,0,1,0,0000000,21,26,21,58,22,33,0,0,0,1,0
30,300143,1,1,0,1,1,1,1,49,0,25,9,2013,4,22,30,0,3,3,SR-229,NORTH MONTANA AVENUE,0,46.62421111,-112.0209917,0,9,0,0,1,1,0,1,2,2,0,2,0,0000000,22,39,22,47,23,2,0,0,0,1,1
30,300144,1,1,0,0,0,1,1,29,0,19,7,2013,6,22,47,0,4,5,EAST EDGEWOOD DRIVE,,0,48.41426667,-114.3199528,0,1,0,0,1,1,0,1,2,1,0,1,0,0000000,22,48,22,54,23,2,0,0,0,1,1
30,300145,1,1,0,1,1,1,1,31,0,27,9,2013,6,7,52,1,2,2,US-191,,0,45.67105833,-111.1834778,0,8,0,0,1,1,0,1,1,10,0,10,0,0000000,7,54,8,4,8,34,0,0,0,1,0
30,300146,1,1,0,0,0,1,1,89,0,21,9,2013,7,13,47,0,2,3,SR-471,,221,47.57648889,-115.7152306,0,1,0,0,1,1,0,4,1,10,0,10,0,0000000,13,17,13,25,88,88,0,0,0,1,1
30,300147,1,1,0,0,0,3,3,63,0,29,9,2013,1,3,13,0,6,8,GOLD CREEK ROAD (FS126),,0,46.91455,-113.7094194,0,1,0,0,1,1,0,4,2,10,0,10,0,0000000,3,11,3,23,4,8,0,0,0,1,1
30,300148,1,1,0,1,1,1,1,35,0,29,9,2013,1,2,0,1,2,2,US-2,,2130,48.46973056,-113.1511333,3,8,0,0,99,99,0,99,2,10,0,10,0,0000000,8,41,8,55,88,88,0,0,0,1,1
30,300149,2,2,0,1,1,5,5,97,0,30,9,2013,2,3,0,1,1,1,I-90,,3760,45.78719722,-109.8199278,0,8,0,0,1,1,0,1,2,99,0,99,0,0000000,88,88,88,88,88,88,0,0,0,1,0
30,300150,1,1,0,0,0,1,1,29,0,28,9,2013,7,0,11,0,6,6,WISCONSIN AVENUE,EAST EDGEWOOD PLACE,0,48.41567222,-114.3405056,0,42,0,0,1,1,0,4,3,10,0,10,0,0000000,0,13,0,17,0,44,0,0,0,1,1
30,300151,1,1,0,0,0,1,1,87,0,1,10,2013,3,13,0,1,2,2,US-12,,2447,46.455775,-107.1316,0,35,0,0,1,1,0,4,1,1,0,1,0,0000000,13,17,13,38,88,88,0,0,0,1,0
30,300152,1,1,0,0,0,1,1,89,0,1,10,2013,3,15,30,0,6,8,FS 508,,78,47.36981944,-114.8832889,0,1,0,0,1,1,0,4,1,10,0,10,0,0000000,15,36,16,11,88,88,0,0,0,1,0
30,300153,2,2,0,0,0,3,3,31,0,2,10,2013,4,12,30,0,3,3,SR-64,ANDESITE ROAD,31,45.26341667,-111.3155556,0,12,2,0,2,2,0,1,1,10,0,10,0,0000000,12,34,12,58,14,42,0,0,0,1,0
30,300154,1,1,0,0,0,1,1,15,0,3,10,2013,5,99,99,0,4,4,CR-UPPER BOX ELDER ROAD,,51,48.28499167,-109.9333556,0,1,0,0,1,1,0,4,2,10,0,10,0,0000000,7,38,7,48,88,88,0,0,0,1,1
30,300155,1,1,0,0,0,3,3,93,0,4,10,2013,6,6,42,1,1,1,I-90,,2165,46.01005,-112.6888528,0,1,0,0,1,1,0,4,2,4,0,4,0,0000000,6,47,6,55,7,30,0,0,0,2,0
30,300156,1,1,0,0,0,5,5,35,0,6,10,2013,1,5,45,1,2,2,US-89,,1090,48.51939167,-112.9398222,3,35,0,0,1,1,0,4,2,1,0,1,0,0000000,5,58,6,3,6,34,0,0,0,1,1
30,300157,2,2,0,0,0,2,2,31,0,6,10,2013,1,22,47,0,3,3,SR-84,,241,45.66400556,-111.2727139,0,12,2,0,1,1,0,1,2,1,0,1,0,0000000,22,53,23,2,88,88,0,0,0,2,2
30,300158,2,2,0,0,0,3,3,13,0,1,10,2013,3,9,50,1,2,2,US-87,US-89,99999,47.3491,-110.8964333,0,12,6,0,2,2,0,1,1,1,0,1,0,0000000,9,47,9,50,10,53,0,0,0,1,0
30,300159,1,1,0,0,0,1,1,91,0,31,8,2013,7,18,53,0,3,3,SR-517,,50,48.70794722,-104.3347333,0,1,0,0,1,1,0,4,1,1,0,1,0,0000000,12,22,12,36,13,1,0,0,0,1,0
30,300160,1,1,0,0,0,3,3,3,0,8,10,2013,3,0,1,0,4,3,SR-313,,294,45.416925,-107.7779583,3,38,0,0,1,1,0,5,2,1,0,1,0,0000000,99,99,99,99,88,88,0,0,0,3,1
30,300161,1,1,0,0,0,1,1,105,0,10,10,2013,5,8,30,1,2,2,US-2,,5367,48.25426944,-106.6927944,0,1,0,0,1,1,0,4,1,1,0,1,0,0000000,8,36,8,48,88,88,0,0,0,1,0
30,300162,1,1,0,0,0,2,2,53,0,13,10,2013,1,12,20,0,6,4,CR-PARMENTER CREEK ROAD,TAYLOR ROAD,0,48.37808889,-115.5749333,0,1,0,0,1,1,0,1,1,10,0,10,0,0000000,12,37,12,47,13,2,0,0,0,1,1
30,300163,1,1,0,0,0,1,1,41,0,15,10,2013,3,3,40,1,2,2,US-2,,3864,48.566975,-109.5932944,0,53,0,0,1,1,0,4,2,1,0,1,0,0000000,3,48,3,52,88,88,0,0,0,1,1
30,300164,2,2,0,0,0,3,3,29,0,17,10,2013,5,20,50,1,2,2,US-93,FIR TERRACE,1069,48.12960833,-114.2658472,0,12,2,0,1,1,0,1,2,10,0,10,0,0000000,20,47,20,53,21,21,0,0,0,2,1
30,300165,1,1,0,0,0,1,1,13,0,27,9,2013,6,13,6,0,4,3,SR-227,,19,47.45117778,-111.1555778,0,10,0,0,6,1,0,1,1,1,0,1,0,088283V,88,88,88,88,88,88,0,0,0,1,0
30,300166,2,2,0,0,0,2,2,29,0,23,10,2013,4,12,22,1,2,2,US-2,SAGER LANE,1227,48.21264722,-114.2813083,0,12,6,0,2,2,0,1,1,1,0,1,0,0000000,12,23,12,28,12,40,0,0,0,1,0
30,300167,3,2,1,1,1,2,2,105,0,25,10,2013,6,20,35,1,2,2,US-2,,5206,48.39384167,-106.9294722,0,12,1,0,1,1,0,1,2,1,0,1,0,0000000,20,48,21,6,21,53,23,0,0,1,0
30,300168,1,1,0,0,0,4,4,69,0,23,10,2013,4,23,6,0,9,4,CR-BLAKESLEE ROAD,,0,47.172125,-108.5875972,0,1,0,0,1,1,0,4,2,1,0,1,0,0000000,22,58,23,37,0,51,0,0,0,1,1
30,300169,2,2,0,0,0,2,2,63,0,26,10,2013,7,16,19,1,2,2,US-12,,78,46.73026389,-114.5293944,0,12,8,0,1,1,0,1,1,1,0,1,0,0000000,16,22,16,50,88,88,0,0,0,1,0
30,300170,1,1,0,0,0,1,1,47,0,28,10,2013,2,8,25,0,3,3,SR-83,,542,47.68459444,-113.8104917,0,1,0,0,1,1,0,4,1,1,0,1,0,0000000,8,26,8,46,88,88,0,0,0,1,0
30,300171,2,2,0,0,0,2,2,111,0,29,10,2013,3,13,40,0,3,2,US-212,BYAM ROAD,0,45.62498889,-108.7789611,0,12,1,0,2,2,0,1,1,10,0,10,0,0000000,1,40,1,50,88,88,0,0,0,1,0
30,300172,1,1,0,0,0,1,1,81,0,5,10,2013,7,20,37,0,6,5,BONANZA DRIVE,,0,45.91148056,-113.7443361,0,1,0,0,1,1,0,1,2,1,0,1,0,0000000,20,44,20,59,22,40,0,0,0,1,1
30,300173,1,1,0,1,1,4,4,93,180,18,10,2013,6,20,0,0,15,6,HARRISON AVENUE,CIVIC CENTER ROAD,0,46.00175,-112.5208889,0,8,0,0,1,1,0,1,3,1,0,1,0,0000000,20,0,20,5,20,28,0,0,0,1,0
30,300174,1,1,0,1,1,1,1,21,0,30,10,2013,4,18,56,1,1,1,I-94,,1955,46.92283333,-104.9696639,0,8,0,0,1,1,0,1,2,1,0,1,0,0000000,18,48,19,8,88,88,0,0,0,1,0
30,300175,1,1,0,0,0,4,4,93,0,31,10,2013,5,22,30,0,5,4,CR- MOOSE CREEK ROAD,,65,45.81951389,-112.52025,0,1,0,0,1,1,0,4,2,10,0,10,0,0000000,23,38,0,3,88,88,0,0,0,1,1
30,300176,1,1,0,0,0,2,2,83,0,1,11,2013,6,21,30,1,2,3,SR-16,,118,48.01224722,-104.4540722,0,1,0,0,1,1,0,1,2,1,0,1,0,0000000,21,29,21,52,88,88,0,0,0,2,1
30,300177,1,1,0,1,1,1,1,87,0,2,11,2013,7,2,25,1,2,2,US-212,,390,45.6226,-106.6727694,0,8,0,0,1,1,0,1,2,1,0,1,0,0000000,2,33,2,43,2,55,0,0,0,1,1
30,300178,1,1,0,0,0,1,1,111,0,4,11,2013,2,9,15,1,1,1,I-94,,190,45.96473611,-108.0560111,0,52,0,0,1,1,0,4,1,4,0,4,0,0000000,9,20,9,39,88,88,0,0,0,1,0
30,300179,1,1,0,0,0,2,2,49,0,4,11,2013,2,6,0,1,1,1,I-15,,2342,47.07511389,-111.9675056,0,1,0,0,1,1,0,4,2,10,0,10,0,0000000,6,20,7,8,7,59,0,0,0,1,0
30,300180,1,1,0,1,1,3,3,43,0,9,11,2013,7,2,49,1,1,1,I-90 EB,,2480,45.882475,-112.1268472,0,8,0,0,1,1,0,1,2,1,0,1,0,0000000,2,50,2,56,88,88,20,0,0,1,0
30,300181,2,2,0,0,0,3,3,29,0,7,11,2013,5,16,55,1,2,2,US-2,RIVER ROAD,0,48.36515556,-114.1680583,0,12,2,0,2,2,0,1,2,2,0,2,0,0000000,17,0,17,7,17,27,0,0,0,1,0