STATE,ST_CASE,VE_TOTAL,VE_FORMS,PVH_INVL,PEDS,PERNOTMVIT,PERMVIT,PERSONS,COUNTY,CITY,DAY,MONTH,YEAR,DAY_WEEK,HOUR,MINUTE,NHS,ROAD_FNC,ROUTE,TWAY_ID,TWAY_ID2,MILEPT,LATITUDE,LONGITUD,SP_JUR,HARM_EV,MAN_COLL,RELJCT1,RELJCT2,TYP_INT,WRK_ZONE,REL_ROAD,LGT_COND,WEATHER1,WEATHER2,WEATHER,SCH_BUS,RAIL,NOT_HOUR,NOT_MIN,ARR_HOUR,ARR_MIN,HOSP_HR,HOSP_MN,CF1,CF2,CF3,FATALS,DRUNK_DR
30,300182,1,1,0,0,0,2,2,81,0,21,10,2013,2,20,5,0,6,4,CR-BLOOD LANE,,0,46.21880556,-114.1457889,0,5,0,0,1,1,0,1,2,1,0,1,0,0000000,20,8,20,14,20,31,0,0,0,1,1
30,300183,1,1,0,0,0,1,1,13,0,14,11,2013,5,16,11,0,4,3,SR-227,,25,47.44460556,-111.1467611,0,31,0,0,1,1,0,4,1,1,0,1,0,0000000,16,14,16,28,88,88,0,0,0,1,1
30,300184,2,2,0,0,0,4,4,93,0,14,11,2013,5,16,15,1,1,1,I-90,,2171,46.00842778,-112.668875,0,12,1,0,1,1,0,1,1,1,0,1,0,0000000,16,14,16,20,17,7,0,0,0,1,0
30,300185,1,1,0,0,0,1,1,57,0,22,11,2013,6,19,50,0,4,4,CR-OLD HWY 91,,264,45.45643611,-112.6579361,0,38,0,0,1,1,0,4,2,10,1,10,0,0000000,20,19,20,54,88,88,0,0,0,1,1
30,300186,1,1,0,0,0,1,1,7,0,19,10,2013,7,6,15,0,9,8,DRY HOLLOW ROAD,,0,46.22400278,-111.4386361,0,11,0,0,1,1,0,1,2,1,0,1,0,0000000,6,19,6,45,7,4,0,0,0,1,0
30,300187,1,1,0,0,0,1,1,13,0,23,11,2013,7,19,45,0,5,4,CR-WILSON BUTTE ROAD,,53,47.38595278,-111.3251,0,35,0,0,1,1,0,4,2,1,0,1,0,0000000,19,53,20,16,21,0,0,0,0,1,1
30,300188,1,1,0,1,1,1,1,13,530,25,11,2013,2,17,11,1,2,5,CENTRAL AVE WEST/BUS. I-15,14TH ST. SW,0,47.50778611,-111.3359361,0,8,0,0,2,2,0,1,3,1,0,1,0,0000000,17,13,17,18,17,43,0,0,0,1,0
30,300189,2,2,0,0,0,2,2,111,0,27,11,2013,4,21,42,1,1,1,I-94,,20,45.84923611,-108.3709083,0,12,1,0,1,1,0,1,2,1,0,1,0,0000000,21,55,22,1,88,88,0,0,0,1,0
30,300190,2,2,0,0,0,2,2,57,0,30,11,2013,7,16,14,0,3,2,US-287,,510,45.37535556,-111.7306111,0,12,2,0,1,1,0,1,1,1,0,1,0,0000000,16,8,16,26,16,40,0,0,0,1,0
30,300191,1,1,0,0,0,1,1,23,0,1,12,2013,1,8,56,1,1,1,I-90 E,,2056,46.12645556,-112.7983444,0,38,0,0,1,1,0,4,1,10,0,10,0,0000000,8,56,9,8,88,88,0,0,0,1,0
30,300192,2,2,0,0,0,5,5,13,0,2,12,2013,2,13,15,0,5,4,CR-VAUGHN S FRONTAGE ROAD,,48,47.53991944,-111.4384028,0,12,6,0,1,1,0,1,1,4,12,4,0,0000000,13,31,13,55,14,54,0,0,0,1,0
30,300193,2,2,0,0,0,3,3,47,0,9,12,2013,2,10,47,0,3,3,SR-212,,2123,47.37388056,-114.259475,0,12,6,0,1,1,0,1,1,10,0,10,0,0000000,10,53,11,13,12,30,0,0,0,1,0
30,300194,1,1,0,0,0,1,1,17,0,19,12,2013,5,20,25,1,1,1,I-94 W,,1515,46.53715556,-105.6466556,0,48,0,0,1,1,0,3,2,1,0,1,0,0000000,20,31,20,49,21,38,0,0,0,1,0
30,300195,2,2,0,0,0,2,2,95,0,21,12,2013,7,4,30,1,1,1,I-90,,4139,45.60699167,-109.1640472,0,12,2,0,1,1,0,1,2,1,0,1,0,0000000,4,34,4,43,88,88,0,0,0,1,1
30,300196,1,1,0,0,0,2,2,3,0,21,12,2013,7,10,53,1,1,1,I-90 W,,5180,45.48684444,-107.3807917,0,35,0,0,1,1,0,4,1,4,10,4,0,0000000,10,52,11,2,11,33,0,0,0,1,0
30,300197,1,1,0,0,0,1,1,93,0,22,12,2013,1,7,47,1,1,1,I-15 N,,991,45.71218611,-112.7023389,0,35,0,0,1,1,0,3,1,10,0,10,0,0000000,7,49,8,16,88,88,0,0,0,1,0
30,300198,1,1,0,1,1,2,2,81,0,23,12,2013,2,11,45,0,4,3,SR-269,,215,46.52038333,-114.1067917,0,8,0,0,1,1,0,1,1,10,0,10,0,0000000,11,48,11,49,12,17,16,0,0,1,0
30,300199,3,1,2,3,3,2,2,61,0,27,12,2013,6,22,49,1,1,1,I-90E,,211,47.358725,-115.3110667,0,14,0,0,1,1,0,3,2,10,0,10,0,0000000,22,49,23,7,23,44,0,0,0,2,0
30,300200,1,1,0,1,1,1,1,111,0,26,12,2013,5,19,0,0,3,3,SR-416,,9,45.72981389,-108.532875,0,8,0,0,1,1,0,1,2,10,0,10,0,0000000,19,2,19,9,19,33,0,0,0,1,0
30,300201,2,2,0,0,0,3,3,111,0,11,12,2013,4,9,14,1,2,2,US-310/212,,526,45.64320278,-108.7592333,0,12,6,0,1,1,0,1,1,11,0,11,0,0000000,9,15,9,23,10,26,0,0,0,1,0
30,300202,1,1,0,0,0,1,1,61,0,23,11,2013,7,12,35,1,1,1,I-90,,330,47.29770833,-115.1030722,0,1,0,0,1,1,0,4,1,1,0,1,0,0000000,12,41,12,45,13,10,0,0,0,1,0
30,300203,1,1,0,0,0,1,1,107,0,16,10,2013,4,15,0,0,6,8,FS-J584,,0,46.74607778,-109.9872639,8,44,0,0,1,1,0,1,1,10,0,10,0,0000000,88,88,88,88,88,88,7,0,0,1,0
30,300204,1,1,0,0,0,1,1,53,0,15,12,2013,1,99,99,0,3,3,SR-56,,267,48.34328056,-115.8463833,0,42,0,0,1,1,0,4,9,99,0,99,0,0000000,88,88,88,88,88,88,99,99,99,1,0
31,310001,1,1,0,0,0,1,1,157,0,6,1,2013,1,1,34,0,6,4,CR-21ST AVE,,0,41.8228,-103.6361917,0,10,0,0,6,1,0,1,3,1,0,1,0,815969P,99,99,99,99,99,99,0,0,0,1,0
31,310002,2,2,0,0,0,6,6,139,0,18,1,2013,6,17,15,1,2,2,US-81,,1720,42.24707778,-97.42761667,0,12,6,0,1,1,0,1,1,1,0,1,0,0000000,99,99,99,99,99,99,0,0,0,2,0
31,310003,3,3,0,0,0,5,5,43,0,6,1,2013,1,14,39,1,2,2,US-77,,1803,42.38668333,-96.44462778,0,12,1,0,8,1,0,1,1,1,0,1,0,0000000,99,99,99,99,99,99,0,0,0,2,0
31,310004,2,2,0,0,0,2,2,153,0,12,1,2013,7,10,14,1,2,2,US-6,GILES RD,3510,41.17577222,-96.23431389,0,12,6,0,3,3,0,1,1,1,0,1,0,0000000,99,99,99,99,99,99,0,0,0,1,0
31,310005,2,2,0,0,0,2,2,55,4970,17,1,2013,5,6,45,0,4,3,SR-64,,556,41.32586667,-96.35294167,0,12,6,0,1,1,0,2,2,5,0,5,0,0000000,99,99,99,99,99,99,0,0,0,1,0
31,310006,2,2,0,0,0,5,5,55,0,18,1,2013,6,5,0,1,2,2,US-275,,1665,41.29244722,-96.29547222,0,12,6,0,1,1,0,1,3,1,0,1,0,0000000,99,99,99,99,99,99,0,0,0,4,0
31,310007,1,1,0,0,0,1,1,129,0,19,1,2013,7,99,99,0,6,4,CR-3800,,0,40.18290556,-98.02879722,0,42,0,0,1,1,0,4,6,1,0,1,0,0000000,88,88,88,88,88,88,0,0,0,1,1
31,310008,1,1,0,0,0,1,1,119,0,24,1,2013,5,19,8,0,6,4,CR-545TH AVE,,0,42.06263056,-97.62118611,0,34,0,0,1,1,0,4,2,1,0,1,0,0000000,99,99,99,99,99,99,0,0,0,1,1
31,310009,2,2,0,0,0,2,2,47,0,24,1,2013,5,20,6,1,1,1,I-80,,2110,40.91362222,-100.1647556,0,12,1,0,1,1,0,1,2,1,0,1,0,0000000,99,99,99,99,99,99,0,0,0,1,0
31,310010,1,1,0,0,0,3,3,11,0,2,2,2013,7,0,25,0,6,4,CR-220TH ST,,0,41.74215833,-97.85107778,0,34,0,0,1,1,0,4,2,3,0,3,0,0000000,99,99,99,99,99,99,0,0,0,1,1
31,310011,1,1,0,0,0,1,1,89,1770,2,2,2013,7,1,59,1,2,2,US-275,,215,42.25464167,-98.34259444,0,1,0,0,1,1,0,4,2,3,0,3,0,0000000,88,88,88,88,88,88,0,0,0,1,1
31,310012,2,2,0,0,0,3,3,55,3620,3,2,2013,1,0,37,1,13,6,SOUTH SADDLE CREEK ROAD,,0,41.247075,-95.98870278,0,12,6,0,1,1,0,1,3,1,0,1,0,0000000,99,99,99,99,99,99,0,0,0,1,1
31,310013,1,1,0,0,0,2,2,55,3620,27,1,2013,1,4,36,0,16,6,HAMILTON ST,,0,41.27217778,-95.981075,0,42,0,0,1,1,0,4,3,2,10,2,0,0000000,99,99,99,99,99,99,0,0,0,1,1
31,310014,1,1,0,0,0,1,1,25,0,3,2,2013,1,7,41,1,1,1,I-80,,4200,40.963275,-96.40179722,0,32,0,0,1,1,0,4,3,1,0,1,0,0000000,88,88,88,88,88,88,0,0,0,1,1
31,310015,1,1,0,1,1,1,1,109,2830,5,2,2013,3,6,54,0,14,6,VINE STREET,,0,40.82065278,-96.63018889,0,8,0,0,1,1,0,1,3,1,0,1,0,0000000,99,99,99,99,99,99,0,0,0,1,0
31,310016,1,1,0,0,0,1,1,143,0,5,2,2013,3,8,25,1,2,2,US-81,,1058,41.32831944,-97.36808056,0,1,0,0,1,1,0,4,1,1,0,1,0,0000000,88,88,88,88,88,88,0,0,0,1,0
31,310017,1,1,0,0,0,1,1,173,0,8,2,2013,6,19,50,0,3,3,SR-9,,245,42.14559444,-96.72659722,3,38,0,0,1,1,0,5,2,1,0,1,0,0000000,99,99,99,99,88,88,0,0,0,1,1
31,310018,1,1,0,0,0,2,2,53,1900,8,2,2013,6,22,28,1,13,6,E 23RD STREET,,0,41.45152778,-96.486425,0,31,0,0,1,1,0,5,3,1,0,1,0,0000000,99,99,99,99,99,99,0,0,0,1,0
31,310019,1,1,0,0,0,1,1,155,0,9,2,2013,7,13,10,0,6,4,CR-L,,0,41.21928889,-96.4261,0,58,0,0,1,1,0,1,1,1,0,1,0,0000000,99,99,99,99,99,99,0,0,0,1,1
31,310020,1,1,0,0,0,1,1,55,520,12,2,2013,3,6,0,0,3,3,SR-36,ASHWOOD DRIVE,144,41.37185278,-96.14872222,0,32,0,0,3,3,0,4,2,1,0,1,0,0000000,99,99,99,99,99,99,0,0,0,1,0
31,310021,1,1,0,0,0,1,1,27,0,28,1,2013,2,5,57,1,2,2,US-81,,1873,42.47432778,-97.42637778,0,1,0,0,1,1,0,4,2,5,0,5,0,0000000,99,99,99,99,99,99,0,0,0,1,0
31,310022,1,1,0,0,0,1,1,55,3620,12,2,2013,3,21,45,1,13,2,US-75,,964,41.34358333,-95.96386389,0,35,0,0,1,1,0,5,3,1,0,1,0,0000000,99,99,99,99,99,99,0,0,0,1,0
31,310023,1,1,0,0,0,1,1,157,0,16,2,2013,7,16,49,0,6,4,CR-SPRING CREEK ROAD,,0,41.92658889,-103.7786056,0,30,0,0,1,1,0,4,1,1,0,1,0,0000000,88,88,88,88,88,88,0,0,0,1,1
31,310024,2,2,0,0,0,3,3,109,2830,20,2,2013,4,15,14,1,13,3,SR-HIGHWAY 2,S 40TH STREET,4611,40.76263056,-96.66325278,0,12,6,0,2,2,0,1,1,1,0,1,0,0000000,99,99,99,99,99,99,0,0,0,1,0
31,310025,2,2,0,0,0,2,2,81,0,20,2,2013,4,16,27,1,1,1,I-80,,3263,40.82202778,-98.10791389,0,12,8,0,1,1,0,1,1,4,0,4,0,0000000,88,88,88,88,88,88,0,0,0,1,0
31,310026,2,2,0,0,0,4,4,161,0,21,2,2013,5,7,30,1,2,2,US-20,,1009,42.78075278,-102.2952139,0,12,6,0,1,1,0,1,1,11,10,11,0,0000000,99,99,99,99,99,99,0,0,0,1,0
31,310027,1,1,0,1,1,1,1,127,250,27,2,2013,4,20,28,1,2,3,SR-136,,2325,40.39265,-95.79332222,0,8,0,0,1,1,0,1,2,10,0,10,0,0000000,88,88,88,88,88,88,0,0,0,1,0
31,310028,1,1,0,0,0,3,3,111,0,28,1,2013,2,0,15,0,6,4,CR-WEST PLATTE VALLEY RD,CR-NORTH PRAIRIE TRACE RD,0,41.17813611,-101.1169611,0,35,0,0,3,3,0,4,2,5,0,5,0,0000000,99,99,99,99,99,99,0,0,0,1,1
31,310029,2,2,0,0,0,2,2,93,0,28,1,2013,2,7,50,1,2,2,US-281,COTTONWOOD DR,826,41.08001944,-98.362725,0,12,6,0,2,3,0,1,4,5,12,12,0,0000000,99,99,99,99,99,99,0,0,0,1,0
31,310030,2,2,0,0,0,2,2,81,0,7,3,2013,5,8,40,1,1,1,I-80,,3210,40.82069444,-98.21973056,0,12,2,0,1,1,0,1,1,1,0,1,0,0000000,99,99,99,99,99,99,0,0,0,1,0
31,310031,1,1,0,1,1,1,1,131,4760,29,1,2013,3,11,45,0,6,5,3RD STREET,,0,40.53218333,-96.02108333,0,8,0,0,1,1,0,1,1,10,0,10,0,0000000,99,99,99,99,99,99,0,0,0,1,0
31,310032,2,2,0,0,0,2,2,109,0,10,3,2013,1,8,40,0,3,3,SR-43,,158,40.69275278,-96.50662222,0,12,6,0,1,1,0,1,1,3,11,11,0,0000000,99,99,99,99,99,99,0,0,0,1,0
31,310033,1,1,0,0,0,1,1,83,0,30,1,2013,4,5,57,0,4,3,SR-46,,100,40.25715556,-99.63006667,0,38,0,0,1,1,0,4,2,1,0,1,0,0000000,99,99,99,99,99,99,0,0,0,1,0
31,310034,1,1,0,0,0,2,2,13,0,14,3,2013,5,20,5,0,3,3,SR-87,,131,42.30270556,-102.8652056,0,1,0,0,1,1,0,4,2,1,0,1,0,0000000,99,99,99,99,99,99,0,0,0,1,0
31,310035,1,1,0,0,0,2,2,111,0,16,3,2013,7,0,35,1,1,1,I-80 W,,1668,41.06505,-100.5820639,0,1,0,0,1,1,0,4,2,1,0,1,0,0000000,99,99,99,99,99,99,0,0,0,1,1
31,310036,1,1,0,1,1,1,1,157,4340,27,3,2013,4,21,20,0,14,6,AVENUE I,SCHMIDT DRIVE,0,41.85969167,-103.6754056,0,8,0,0,1,1,0,1,3,10,0,10,0,0000000,88,88,88,88,88,88,0,0,0,1,0
31,310037,1,1,0,0,0,1,1,109,2830,28,3,2013,5,8,57,0,16,6,N 48TH,FREMONT,0,40.84859444,-96.65352222,0,59,0,0,3,3,0,4,1,1,0,1,0,0000000,99,99,99,99,99,99,0,0,0,1,0
31,310038,1,1,0,0,0,2,2,153,3800,29,3,2013,6,14,13,1,2,3,SR-370,,111,41.13903333,-96.03055,0,2,0,0,1,1,0,1,1,1,0,1,0,0000000,99,99,99,99,99,99,0,0,0,1,0
31,310039,2,2,0,0,0,2,2,55,3620,2,4,2013,3,15,37,0,13,3,SR-28B W DODGE STREET,204TH STREET,32,41.26180556,-96.23393333,0,12,2,1,18,1,0,1,1,1,0,1,0,0000000,99,99,99,99,99,99,0,0,0,1,0
31,310040,1,1,0,0,0,3,3,167,0,6,4,2013,7,13,15,0,4,4,CR-566 AVENUE,,0,42.07196389,-97.21423056,0,1,0,0,1,1,0,1,1,1,0,1,0,0000000,99,99,99,99,99,99,0,0,0,1,0
31,310041,1,1,0,0,0,1,1,139,0,30,1,2013,4,16,8,0,6,4,CR-546TH AVE,,0,42.11220278,-97.60153611,0,1,0,0,1,1,0,1,1,1,0,1,0,0000000,88,88,88,88,88,88,0,0,0,1,1
31,310042,1,1,0,0,0,1,1,151,0,9,4,2013,3,18,45,0,4,4,CR-500,,0,40.60668611,-97.29266667,0,1,0,0,1,1,0,4,1,2,0,2,0,0000000,88,88,88,88,88,88,0,0,0,1,0
31,310043,1,1,0,0,0,3,3,109,4090,20,4,2013,7,1,41,0,6,6,CR-WEST RAYMOND ROAD,CR-NW 98TH,0,40.95908333,-96.85312222,0,38,0,0,3,2,0,4,2,1,0,1,0,0000000,99,99,99,99,99,99,0,0,0,2,1
31,310044,1,1,0,0,0,5,5,185,0,20,4,2013,7,10,39,1,1,1,I-80,,3610,40.82208056,-97.47726111,0,32,0,0,1,1,0,4,1,1,0,1,0,0000000,99,99,99,99,99,99,0,0,0,1,0
31,310045,1,1,0,0,0,1,1,87,0,20,4,2013,7,20,6,1,2,2,US-6,,583,40.34231944,-101.0983,0,11,0,0,1,1,0,1,2,1,0,1,0,0000000,88,88,88,88,88,88,0,0,0,1,0
31,310046,2,2,0,0,0,2,2,55,3620,25,4,2013,5,18,36,1,11,1,I-480 NB,,12,41.24435278,-95.95345833,0,12,1,0,1,1,0,1,1,1,0,1,0,0000000,99,99,99,99,99,99,0,0,0,1,0
31,310047,1,1,0,0,0,1,1,43,0,28,4,2013,1,14,39,0,3,3,SR-35,,652,42.41524722,-96.49493611,0,1,0,0,1,1,0,4,1,1,0,1,0,0000000,99,99,99,99,99,99,0,0,0,1,0
31,310048,3,3,0,0,0,6,6,43,2620,29,4,2013,2,10,0,1,2,2,US-20,,4215,42.448125,-96.57840556,0,12,11,0,1,1,0,1,1,1,0,1,0,0000000,99,99,99,99,99,99,0,0,0,1,0
31,310049,1,1,0,0,0,2,2,47,0,30,4,2013,3,15,3,1,1,1,I-80,,2213,40.84883611,-99.99629167,0,1,0,0,1,1,4,4,1,1,0,1,0,0000000,99,99,99,99,99,99,0,0,0,1,0
31,310050,2,2,0,0,0,2,2,41,0,30,4,2013,3,19,0,0,3,3,SR-70,,864,41.409075,-99.40035278,0,12,1,0,1,1,0,1,1,10,0,10,0,0000000,99,99,99,99,99,99,0,0,0,1,1
31,310051,2,2,0,0,0,2,2,149,0,3,5,2013,6,2,40,1,2,2,US-20,,2580,42.57947778,-99.56299722,0,12,2,0,1,1,0,1,2,1,0,1,0,0000000,99,99,99,99,99,99,0,0,0,1,1
31,310052,1,1,0,0,0,2,2,97,4800,4,5,2013,7,1,33,0,6,6,BROADWAY,SIXTH STREET,0,40.36813889,-96.19113611,0,53,0,0,3,2,0,4,3,1,0,1,0,0000000,88,88,88,88,88,88,0,0,0,2,1
31,310053,2,2,0,0,0,4,4,55,3620,6,5,2013,2,20,48,1,13,2,US-6 W DODGE ROAD,,3604,41.263125,-96.16201667,0,12,1,0,1,1,0,1,3,10,0,10,0,0000000,99,99,99,99,99,99,0,0,0,1,0
31,310054,1,1,0,0,0,2,2,79,0,7,5,2013,3,14,39,1,1,1,I-80 W,,2934,40.72184722,-98.70168611,0,1,0,0,1,1,0,3,1,10,0,10,0,0000000,88,88,88,88,88,88,0,0,0,1,0
31,310055,2,2,0,0,0,2,2,41,0,13,5,2013,2,21,45,0,3,3,SR-70,,766,41.40176111,-99.58756389,0,12,1,0,1,1,0,1,2,1,0,1,0,0000000,99,99,99,99,99,99,0,0,0,1,1
31,310056,1,1,0,0,0,1,1,151,0,14,5,2013,3,5,20,0,6,4,CR-1300,,0,40.65095,-97.14077778,0,10,0,0,6,1,0,1,4,1,0,1,0,073326S,88,88,88,88,88,88,0,0,0,1,0
31,310057,2,2,0,0,0,2,2,119,0,15,5,2013,4,13,45,0,6,4,CR-826 ROAD,CR-550 AVENUE,0,41.80089722,-97.52285,0,12,6,0,2,2,0,1,1,1,0,1,0,0000000,99,99,99,99,99,99,0,0,0,1,0
31,310058,1,1,0,0,0,1,1,129,0,18,5,2013,7,12,24,0,3,3,SR-14,CR-COUNTY ROAD E,55,40.06023611,-98.06673333,0,35,0,0,3,2,0,4,1,1,0,1,0,0000000,88,88,88,88,88,88,0,0,0,1,0
31,310059,2,2,0,0,0,4,4,113,0,18,5,2013,7,17,0,1,2,2,US-83,,1189,41.57743056,-100.4966722,0,12,2,0,1,1,0,1,1,1,0,1,0,0000000,99,99,99,99,99,99,0,0,0,1,1
31,310060,1,1,0,0,0,1,1,149,0,20,5,2013,2,7,20,0,3,2,US-183,,1564,42.205425,-99.52627778,0,1,0,0,1,1,0,4,1,1,0,1,0,0000000,99,99,99,99,88,88,0,0,0,1,0
31,310061,1,1,0,0,0,2,2,3,0,25,5,2013,7,17,20,0,6,4,CR-511 AVENUE,,0,41.98732778,-98.42541111,0,1,0,0,1,1,0,4,1,1,0,1,0,0000000,99,99,99,99,99,99,0,0,0,1,0
31,310062,2,2,0,0,0,3,3,111,0,26,5,2013,1,12,45,1,1,1,I-80 E,,1771,41.11307222,-100.7760556,0,12,6,0,7,1,0,1,1,1,0,1,0,0000000,99,99,99,99,99,99,0,0,0,1,0
31,310063,1,1,0,2,2,1,1,55,3620,27,5,2013,2,23,38,0,16,6,FONTENELLE,,0,41.30756667,-95.97441389,0,8,0,0,1,1,0,1,3,2,0,2,0,0000000,99,99,99,99,99,99,0,0,0,1,0
31,310064,1,1,0,0,0,5,5,5,0,31,5,2013,6,4,0,0,3,3,SR-61/SR-92,,1152,41.459225,-101.7154972,0,1,0,0,1,1,0,1,2,1,0,1,0,0000000,99,99,99,99,99,99,0,0,0,1,0
31,310065,1,1,0,0,0,1,1,89,108,3,6,2013,2,15,49,0,6,4,CR-856TH ROAD,,0,42.2261,-98.96840556,0,1,0,0,1,1,0,4,1,6,0,6,0,0000000,88,88,88,88,88,88,0,0,0,1,0
31,310066,1,1,0,0,0,4,4,53,0,3,6,2013,2,21,51,0,4,4,CR-OLD HIGHWAY 8,,0,41.40771389,-96.44633889,0,32,0,0,1,1,0,4,2,1,0,1,0,0000000,99,99,99,99,99,99,0,0,0,3,0
31,310067,1,1,0,0,0,1,1,109,0,6,6,2013,5,21,30,0,6,4,CR-NW CROUNSE,,0,40.97314722,-96.88681389,0,1,0,0,1,1,0,4,5,10,0,10,0,0000000,88,88,88,88,88,88,0,0,0,1,0
31,310068,4,4,0,0,0,9,9,55,3620,7,6,2013,6,10,54,1,13,6,S SADDLE CREEK ROAD,48TH STREET,0,41.25206111,-95.9853,0,12,1,0,3,3,0,1,1,1,10,10,0,0000000,99,99,99,99,99,99,0,0,0,1,0
31,310069,2,2,0,0,0,3,3,157,9997,7,6,2013,6,17,15,0,3,3,SR-92,CR-STEGALL ROAD,83,41.87137222,-103.947475,0,12,6,0,2,3,0,1,1,1,0,1,0,0000000,99,99,99,99,99,99,0,0,0,2,0
31,310070,1,1,0,1,1,7,7,17,0,9,6,2013,1,0,12,1,2,2,US-20,,2482,42.55008889,-99.73161667,0,8,0,0,1,1,0,1,2,1,0,1,0,0000000,88,88,88,88,88,88,0,0,0,1,0
31,310071,2,2,0,0,0,5,5,25,0,11,6,2013,3,21,58,1,2,2,US-34,,3459,40.81261111,-96.28394722,0,12,2,0,1,1,0,1,2,1,0,1,0,0000000,99,99,99,99,99,99,0,0,0,2,1
31,310072,1,1,0,0,0,1,1,81,0,12,6,2013,4,18,33,0,3,3,SR-66,,5,41.07541944,-97.99133333,0,11,0,0,1,1,0,1,1,1,0,1,0,0000000,99,99,99,99,99,99,0,0,0,1,0
31,310073,1,1,0,0,0,1,1,55,3620,14,6,2013,6,3,43,0,16,6,70TH STREET,,0,41.23177222,-96.02153611,0,42,0,0,1,1,0,4,3,10,0,10,0,0000000,99,99,99,99,99,99,0,0,0,1,1
31,310074,1,1,0,0,0,2,2,25,9997,15,6,2013,7,20,40,0,9,4,CR-ROCKBLUFF ROAD,,99998,40.93047222,-95.88538889,0,1,0,0,1,1,0,4,5,1,0,1,0,0000000,99,99,99,99,99,99,0,0,0,1,1
31,310075,1,1,0,0,0,3,3,159,0,16,6,2013,1,3,27,0,9,4,CR-BLUFF ROAD,,99998,40.91634167,-97.24415556,0,1,0,0,1,1,0,1,2,5,0,5,0,0000000,99,99,99,99,99,99,0,0,0,1,0
31,310076,1,1,0,0,0,1,1,185,0,21,6,2013,6,23,45,0,3,2,US-34,,2610,40.88690556,-97.820475,0,1,0,0,1,1,0,5,2,1,0,1,0,0000000,88,88,88,88,88,88,0,0,0,1,1
31,310077,2,2,0,0,0,2,2,109,2830,25,6,2013,3,22,21,0,16,6,VAN DORN STREET,S 18TH STREET,0,40.78446944,-96.69562222,0,12,6,0,2,3,0,1,3,1,0,1,0,0000000,99,99,99,99,99,99,0,0,0,1,0
31,310078,1,1,0,0,0,5,5,173,0,29,6,2013,7,1,58,1,2,2,US-75,,1664,42.20942778,-96.44256944,3,1,0,0,1,1,0,4,2,1,0,1,0,0000000,99,99,99,99,99,99,0,0,0,1,1
31,310079,1,1,0,0,0,2,2,101,0,30,6,2013,1,15,49,0,9,4,CR-ROAD WEST M NORTH,,99998,41.19258611,-101.9792389,0,1,0,0,1,1,0,4,1,1,0,1,0,0000000,88,88,88,88,88,88,0,0,0,2,0
31,310080,2,2,0,0,0,5,5,107,0,4,7,2013,5,20,49,0,9,4,CR-873 RD,,0,42.48116667,-97.97120833,0,12,6,0,1,1,0,1,2,1,0,1,0,0000000,99,99,99,99,99,99,0,0,0,1,0
31,310081,2,2,0,0,0,3,3,125,0,5,7,2013,6,11,25,0,3,3,SR-14,NORTH 535TH STREET,1004,41.38320833,-97.97434444,0,12,6,0,2,3,0,1,1,1,0,1,0,0000000,88,88,88,88,88,88,0,0,0,1,0
31,310082,1,1,0,0,0,1,1,179,0,10,7,2013,4,17,35,0,9,4,CR-577TH AVENUE,,0,42.19657778,-97.03725278,0,35,0,0,1,1,0,4,1,1,0,1,0,0000000,99,99,99,99,99,99,0,0,0,1,0
31,310083,1,1,0,0,0,1,1,119,0,12,7,2013,6,19,0,0,9,4,CR-838TH ROAD,,0,41.97449722,-97.53771667,0,1,0,0,1,1,0,1,1,1,0,1,0,0000000,88,88,88,88,88,88,0,0,0,1,0
31,310084,2,2,0,0,0,4,4,55,3620,12,7,2013,6,21,18,0,16,6,42ND STREET,,0,41.25216667,-95.97581667,0,40,0,0,1,1,0,4,3,1,0,1,0,0000000,88,88,88,88,88,88,14,0,0,2,1
31,310085,2,2,0,0,0,3,3,39,5210,13,7,2013,7,12,48,1,2,2,US-275,,1226,41.76565,-96.71068611,0,12,2,0,1,1,0,1,1,1,0,1,0,0000000,99,99,99,99,99,99,0,0,0,1,0
31,310086,3,3,0,0,0,3,3,153,0,15,7,2013,2,19,15,0,16,6,156TH,CHANDLER,0,41.18627222,-96.15829444,0,12,6,0,2,3,0,1,1,1,0,1,0,0000000,99,99,99,99,99,99,0,0,0,1,0
31,310087,4,4,0,0,0,6,6,25,0,19,7,2013,6,17,0,1,2,2,US-34,,3770,40.96598611,-95.9109,0,12,1,0,1,1,1,1,1,1,0,1,0,0000000,99,99,99,99,99,99,0,0,0,1,0
31,310088,2,2,0,0,0,2,2,81,0,20,7,2013,7,11,5,0,6,4,CR-W BLUE ROAD,,0,40.699375,-98.10195,0,12,2,0,1,1,0,1,1,1,0,1,0,0000000,99,99,99,99,99,99,0,0,0,1,0
31,310089,1,1,0,0,0,2,2,125,0,21,7,2013,1,10,30,0,4,4,CR-N 350TH AVENUE,,0,41.43441667,-97.81105556,0,1,0,0,1,1,0,4,1,1,0,1,0,0000000,99,99,99,99,99,99,0,0,0,1,0
31,310090,2,2,0,0,0,4,4,167,0,21,7,2013,1,19,5,0,4,3,SR-57,SR-32,475,41.83023611,-97.21372778,0,12,6,0,2,2,0,1,1,1,0,1,0,0000000,99,99,99,99,99,99,0,0,0,1,0
31,310091,2,2,0,0,0,2,2,53,0,23,7,2013,3,16,30,0,6,4,CR-F,CR-6,0,41.66984722,-96.80963611,0,12,6,0,2,2,0,1,1,1,0,1,0,0000000,99,99,99,99,99,99,0,0,0,1,0