STATE,ST_CASE,VE_TOTAL,VE_FORMS,PVH_INVL,PEDS,PERNOTMVIT,PERMVIT,PERSONS,COUNTY,CITY,DAY,MONTH,YEAR,DAY_WEEK,HOUR,MINUTE,NHS,ROAD_FNC,ROUTE,TWAY_ID,TWAY_ID2,MILEPT,LATITUDE,LONGITUD,SP_JUR,HARM_EV,MAN_COLL,RELJCT1,RELJCT2,TYP_INT,WRK_ZONE,REL_ROAD,LGT_COND,WEATHER1,WEATHER2,WEATHER,SCH_BUS,RAIL,NOT_HOUR,NOT_MIN,ARR_HOUR,ARR_MIN,HOSP_HR,HOSP_MN,CF1,CF2,CF3,FATALS,DRUNK_DR
31,310092,1,1,0,0,0,1,1,159,0,25,7,2013,5,17,5,1,1,1,I-80 E,,3795,40.82194444,-97.09444444,0,1,0,0,1,1,0,3,1,1,0,1,0,0000000,99,99,99,99,99,99,19,26,0,1,0
31,310093,1,1,0,0,0,4,4,143,0,28,7,2013,1,1,45,0,6,4,CR-K ROAD,,99998,41.06338889,-97.63651667,0,1,0,0,1,1,0,4,2,1,0,1,0,0000000,99,99,99,99,99,99,0,0,0,1,0
31,310094,2,2,0,0,0,5,5,109,0,29,7,2013,2,14,36,0,3,2,US-6 W O STREET,NW 84TH STREET,3071,40.81389722,-96.83490833,0,12,6,0,2,2,0,1,1,2,0,2,0,0000000,99,99,99,99,99,99,0,0,0,1,0
31,310095,1,1,0,0,0,1,1,67,0,29,7,2013,2,7,19,0,6,4,CR-S 59TH ROAD,,0,40.15702222,-96.64299167,0,35,0,0,1,1,0,5,2,99,0,99,0,0000000,88,88,88,88,88,88,0,0,0,1,1
31,310096,1,1,0,0,0,2,2,47,0,16,8,2013,6,19,22,0,9,4,CR-753/9TH STREET,,0,40.74310278,-99.52923333,1,1,0,0,1,1,0,4,1,1,0,1,0,0000000,99,99,99,99,99,99,0,0,0,1,0
31,310097,1,1,0,1,1,1,1,55,3620,2,8,2013,6,12,0,0,16,6,S 36TH STREET,EDWARD BABE GOMEZ AVENUE,0,41.21013889,-95.96714444,1,8,0,0,2,3,4,1,1,10,0,10,0,0000000,88,88,88,88,88,88,0,0,0,1,0
31,310098,2,2,0,0,0,2,2,139,0,6,8,2013,3,12,26,0,4,3,SR-98,CR-557 AVENUE,95,42.23582778,-97.38751667,0,12,6,0,2,2,0,1,1,1,0,1,0,0000000,99,99,99,99,99,99,0,0,0,1,1
31,310099,1,1,0,0,0,1,1,37,0,8,8,2013,5,99,99,0,6,4,CR-L,,0,41.55455833,-97.24150556,0,34,0,0,1,1,0,4,1,1,0,1,0,0000000,99,99,99,99,99,99,0,0,0,1,1
31,310100,1,1,0,0,0,2,2,79,2090,11,8,2013,1,1,28,0,3,4,CR-OLD HIGHWAY 30 WEST,,99998,40.90623056,-98.388075,0,38,0,0,1,1,0,5,3,1,0,1,0,0000000,99,99,99,99,99,99,0,0,0,1,1
31,310101,1,1,0,0,0,1,1,55,3620,14,8,2013,4,3,30,0,16,6,ELMWOOD PARK DRIVE,,0,41.25245,-96.00534444,0,30,0,0,1,1,4,4,3,1,0,1,0,0000000,99,99,99,99,99,99,0,0,0,1,1
31,310102,2,2,0,0,0,2,2,11,0,14,8,2013,4,10,10,0,3,3,SR-14,SR-56,1140,41.56803056,-97.98456944,0,12,6,0,2,2,0,1,1,10,0,10,0,0000000,99,99,99,99,99,99,0,0,0,1,0
31,310103,2,2,0,0,0,2,2,139,0,14,8,2013,4,15,2,0,3,3,SR-13,CR-542 AVENUE,189,42.28050833,-97.67923333,0,12,6,0,2,2,0,1,1,2,0,2,0,0000000,99,99,99,99,99,99,0,0,0,1,0
31,310104,2,2,0,0,0,4,4,79,2090,19,8,2013,2,14,0,1,13,2,US-34,,2284,40.84814444,-98.37841944,0,12,6,0,1,1,0,1,1,1,0,1,0,0000000,99,99,99,99,99,99,0,0,0,1,1
31,310105,2,2,0,0,0,2,2,89,3630,21,8,2013,4,12,50,0,9,4,CR-872/HIGHWAY 108,CR-872/EAST HYNES,0,42.46473333,-98.61998611,0,12,6,0,2,3,0,1,1,1,0,1,0,0000000,88,88,88,88,88,88,0,0,0,1,1
31,310106,1,1,0,0,0,1,1,67,0,24,8,2013,7,13,19,0,6,6,CR-OAK ROAD,,0,40.17568889,-96.7274,0,23,0,0,1,1,0,4,1,1,0,1,0,0000000,88,88,88,88,88,88,0,0,0,1,1
31,310107,3,3,0,0,0,4,4,31,0,28,1,2013,2,18,0,1,2,2,US-83,,2210,42.92590278,-100.5741722,0,12,6,0,1,1,0,1,2,3,12,3,0,0000000,99,99,99,99,99,99,0,0,0,1,0
31,310108,2,2,0,0,0,2,2,79,2090,30,1,2013,4,13,5,1,13,2,US-30,STUHR ROAD,3165,40.93053889,-98.32049444,0,12,6,0,2,2,0,1,1,1,0,1,0,0000000,99,99,99,99,99,99,0,0,0,1,0
31,310109,1,1,0,0,0,2,2,51,0,31,1,2013,5,23,0,0,3,3,SR-12,,2190,42.67299722,-96.9516,0,42,0,0,1,1,0,4,2,1,0,1,0,0000000,99,99,99,99,99,99,0,0,0,1,1
31,310110,1,1,0,0,0,4,4,19,0,2,9,2013,2,20,27,0,6,4,CR-5900 GIBBON RD,,0,40.73196111,-98.85503889,0,1,0,0,1,1,0,4,5,1,0,1,0,0000000,99,99,99,99,99,99,0,0,0,1,0
31,310111,1,1,0,0,0,1,1,11,4260,4,9,2013,4,1,10,0,6,5,3RD STREET,,0,41.5728,-97.86575,0,34,0,0,1,1,0,4,3,1,0,1,0,0000000,88,88,88,88,88,88,0,0,0,1,1
31,310112,1,1,0,0,0,1,1,55,0,4,9,2013,4,20,48,1,2,3,SR-92,,4660,41.2338,-96.30482778,0,1,0,0,1,1,0,4,2,1,0,1,0,0000000,99,99,99,99,99,99,0,0,0,1,1
31,310113,1,1,0,0,0,3,3,55,3620,6,9,2013,6,17,55,1,11,1,I-480,,25,41.25867778,-95.95378056,0,31,0,0,1,1,0,4,1,1,0,1,0,0000000,99,99,99,99,99,99,0,0,0,1,1
31,310114,1,1,0,0,0,2,2,31,0,7,9,2013,7,2,1,1,2,2,US-83,,1850,42.47781389,-100.5384667,0,1,0,0,1,1,0,4,2,1,0,1,0,0000000,99,99,99,99,99,99,0,0,0,1,1
31,310115,2,2,0,0,0,3,3,67,390,3,9,2013,3,20,4,1,13,2,US-77,COMMERCE ST,251,40.27589444,-96.74668333,0,12,6,0,2,2,0,1,5,1,0,1,0,0000000,99,99,99,99,99,99,0,0,0,1,0
31,310116,3,3,0,0,0,3,3,25,0,4,9,2013,4,13,30,0,3,3,SR-50,CR-MCKELVIE ROAD,689,40.89960278,-96.17817222,0,12,1,0,2,2,0,1,1,1,0,1,0,0000000,88,88,88,88,88,88,0,0,0,1,0
31,310117,1,1,0,0,0,1,1,101,0,6,9,2013,6,10,50,1,1,1,I-80,,1390,41.10821111,-101.4962917,0,1,0,0,1,1,4,3,1,1,0,1,0,0000000,88,88,88,88,88,88,0,0,0,1,0
31,310118,2,2,0,0,0,2,2,153,0,6,9,2013,6,7,34,0,6,4,CR-132ND,,0,41.185075,-96.11955833,0,12,6,0,1,1,0,1,3,1,0,1,0,0000000,99,99,99,99,99,99,0,0,0,1,0
31,310119,1,1,0,0,0,2,2,55,3620,8,9,2013,1,6,58,0,16,6,89TH ST,J ST,0,41.21542222,-96.04896667,0,19,0,0,3,3,0,4,3,1,0,1,0,0000000,88,88,88,88,88,88,0,0,0,2,0
31,310120,2,2,0,0,0,2,2,15,0,9,9,2013,2,21,30,0,4,3,SR-11,CR-SAMPLE ST,1810,42.90792778,-98.86050833,0,12,6,0,2,3,0,1,2,1,0,1,0,0000000,99,99,99,99,99,99,0,0,0,1,1
31,310121,1,1,0,0,0,1,1,131,0,10,9,2013,3,5,0,0,4,3,SR-128,,161,40.59599167,-95.87215556,0,1,0,0,1,1,0,4,2,1,0,1,0,0000000,88,88,88,88,88,88,0,0,0,1,0
31,310122,2,2,0,0,0,3,3,179,0,12,9,2013,5,99,99,1,2,3,SR-15,,1660,42.26203889,-97.01768333,0,12,6,0,1,1,0,1,2,1,0,1,0,0000000,99,99,99,99,99,99,0,0,0,1,0
31,310123,1,1,0,0,0,1,1,123,0,13,9,2013,6,0,35,0,4,3,SR-92,,690,41.71810556,-103.33025,0,34,0,0,1,1,0,4,2,1,0,1,0,0000000,88,88,88,88,88,88,0,0,0,1,1
31,310124,1,1,0,0,0,6,6,19,0,17,9,2013,3,12,20,1,1,1,I-80,,2700,40.67019722,-99.14340833,0,1,0,0,1,1,0,1,1,2,0,2,0,0000000,99,99,99,99,99,99,0,0,0,1,0
31,310125,2,2,0,0,0,4,4,19,0,15,9,2013,1,16,38,1,2,2,US-30,SR-10,2810,40.72459722,-98.95049167,0,12,6,1,2,2,0,1,1,10,0,10,0,0000000,99,99,99,99,99,99,0,0,0,1,0
31,310126,1,1,0,1,1,1,1,55,3620,20,9,2013,6,21,54,0,16,6,24TH STREET,,0,41.21501389,-95.94704444,0,8,0,0,1,1,0,1,3,1,0,1,0,0000000,99,99,99,99,99,99,0,0,0,1,0
31,310127,2,2,0,0,0,3,3,157,0,20,9,2013,6,2,50,1,2,2,US-26,,340,41.814675,-103.4537361,0,12,6,0,1,1,0,1,2,1,0,1,0,0000000,88,88,88,88,88,88,0,0,0,1,1
31,310128,1,1,0,0,0,3,3,1,0,22,9,2013,1,20,15,0,6,4,CR-ANTIOCH RD,,0,40.35913333,-98.31543611,0,1,0,0,1,1,0,4,2,1,0,1,0,0000000,99,99,99,99,99,99,0,0,0,1,1
31,310129,2,2,0,0,0,4,4,67,0,31,1,2013,5,10,53,1,2,2,US-136,,1659,40.29094722,-96.51642778,0,12,6,0,1,1,0,1,1,6,7,6,0,0000000,99,99,99,99,99,99,0,0,0,1,0
31,310130,2,2,0,0,0,6,6,125,0,20,9,2013,6,18,55,0,6,4,CR-SOUTH 370TH AVE,CR-SOUTH 580TH ST,0,41.30865278,-97.77224167,0,12,6,0,2,2,0,1,1,1,0,1,0,0000000,99,99,99,99,99,99,0,0,0,1,2
31,310131,2,2,0,0,0,4,4,19,0,21,9,2013,7,16,49,1,1,1,I-80,,2610,40.682175,-99.29446944,0,12,6,0,1,1,0,1,1,1,0,1,0,0000000,99,99,99,99,99,99,0,0,0,1,0
31,310132,1,1,0,0,0,1,1,11,0,26,9,2013,5,0,25,0,3,3,SR-91,,1230,41.68314722,-98.05441111,0,34,0,0,1,1,0,4,2,10,0,10,0,0000000,88,88,88,88,88,88,0,0,0,1,1
31,310133,1,1,0,1,1,1,1,111,4710,2,10,2013,4,18,30,0,16,5,LOCUST ST,,0,41.15972222,-101.1299528,0,15,0,0,1,1,0,1,5,1,0,1,0,0000000,99,99,99,99,99,99,0,0,0,1,0
31,310134,1,1,0,0,0,1,1,95,1790,11,10,2013,6,19,4,0,3,3,SR-8,,397,40.12605833,-97.16393333,0,1,0,0,1,1,0,4,5,1,0,1,0,0000000,99,99,99,99,99,99,0,0,0,1,1
31,310135,2,2,0,0,0,4,4,45,0,4,10,2013,6,8,15,1,2,2,US-20,,400,42.70948611,-103.3594806,0,12,6,0,1,1,0,1,1,3,4,4,0,0000000,99,99,99,99,99,99,0,0,0,3,0
31,310136,1,1,0,0,0,1,1,55,3620,11,10,2013,6,23,4,0,16,6,WEST DODGE RD,,0,41.26316111,-96.10587222,0,20,0,0,5,1,0,4,2,1,0,1,0,0000000,88,88,88,88,88,88,0,0,0,1,1
31,310137,2,2,0,0,0,4,4,153,0,11,10,2013,6,18,26,0,3,3,SR-370,180TH ST,22,41.14714722,-96.196375,0,12,6,0,2,2,0,1,1,1,0,1,0,0000000,99,99,99,99,99,99,0,0,0,1,0
31,310138,1,1,0,0,0,2,2,55,3620,20,10,2013,1,2,44,1,12,1,I-80,24TH ST,4530,41.2256,-95.94820278,0,33,0,1,5,1,0,3,3,10,0,10,0,0000000,99,99,99,99,99,99,0,0,0,1,1
31,310139,2,2,0,0,0,5,5,79,0,16,10,2013,4,18,53,1,1,1,I-80,,2990,40.75422778,-98.60990278,0,12,6,0,1,1,0,1,5,1,0,1,0,0000000,99,99,99,99,99,99,0,0,0,1,0
31,310140,1,1,0,0,0,1,1,59,0,20,10,2013,1,99,99,0,6,4,CR-RD 12,,0,40.68085,-97.61505833,0,1,0,0,1,1,0,4,2,1,0,1,0,0000000,88,88,88,88,88,88,0,0,0,1,1
31,310141,1,1,0,0,0,1,1,109,0,23,10,2013,4,21,30,0,4,4,CR-W SPRAGUE RD,,0,40.62471111,-96.74171111,0,34,0,0,1,1,0,4,3,1,0,1,0,0000000,88,88,88,88,88,88,0,0,0,1,1
31,310142,1,1,0,0,0,1,1,157,0,7,11,2013,5,16,0,0,6,4,CR-ROBIDOUX ROAD,,0,41.79951389,-103.7283083,0,35,0,0,1,1,0,4,1,1,0,1,0,0000000,88,88,88,88,88,88,0,0,0,1,1
31,310143,2,2,0,0,0,5,5,185,0,2,11,2013,7,1,10,1,2,2,US-34,,2700,40.88681667,-97.657675,0,12,6,0,1,1,0,1,2,1,0,1,0,0000000,99,99,99,99,99,99,0,0,0,1,1
31,310144,2,2,0,0,0,6,6,53,0,9,11,2013,7,23,0,1,2,2,US-30,,4240,41.45118611,-96.60336667,0,12,2,0,1,1,0,1,2,1,0,1,0,0000000,99,99,99,99,99,99,0,0,0,2,2
31,310145,3,3,0,0,0,3,3,55,3620,13,11,2013,4,9,48,0,16,6,168TH STREET,BLONDO STREET,0,41.277825,-96.17769167,0,12,6,0,2,2,0,1,1,1,0,1,0,0000000,99,99,99,99,99,99,0,0,0,1,0
31,310146,1,1,0,1,1,1,1,109,2830,1,8,2013,5,23,9,0,16,6,NW 48TH ST,,0,40.85375556,-96.78728889,0,8,0,0,1,1,0,1,3,2,0,2,0,0000000,99,99,99,99,99,99,0,0,0,1,0
31,310147,2,2,0,0,0,2,2,151,0,5,8,2013,2,8,23,0,6,4,CR-CO RD 2100,CR-CO RD C,0,40.66886667,-96.99008889,0,12,6,0,2,2,0,1,1,10,0,10,0,0000000,99,99,99,99,99,99,0,0,0,1,0
31,310148,1,1,0,0,0,2,2,93,0,23,8,2013,6,23,0,0,6,4,CR-15TH AVE,,0,41.24920556,-98.293975,0,42,0,0,1,1,0,4,2,1,0,1,0,0000000,99,99,99,99,99,99,0,0,0,1,1
31,310149,1,1,0,0,0,1,1,91,3310,27,8,2013,3,16,5,0,6,5,S LINCOLN AVE,SR-2,0,42.04071111,-101.0437167,0,19,0,0,3,2,0,4,1,1,0,1,0,0000000,99,99,99,99,99,99,0,0,0,1,0
31,310150,1,1,0,0,0,6,6,109,0,27,8,2013,3,19,3,0,5,4,CR-RAYMOND RD,,0,40.95876944,-96.71003889,0,1,0,0,1,1,0,4,1,1,0,1,0,0000000,99,99,99,99,99,99,0,0,0,1,0
31,310151,1,1,0,0,0,1,1,109,2830,15,7,2013,2,4,48,0,14,6,S 70TH STREET,,0,40.74763889,-96.62534722,0,33,0,0,1,1,0,4,3,1,0,1,0,0000000,88,88,88,88,88,88,0,0,0,1,1
31,310152,2,2,0,0,0,2,2,55,0,2,7,2013,3,17,0,0,3,3,SR-31,CR-BENNINGTON RD,300,41.36444167,-96.23461944,0,12,6,0,2,2,0,1,1,1,0,1,0,0000000,88,88,88,88,88,88,0,0,0,1,0
31,310153,2,2,0,0,0,8,8,119,3480,8,7,2013,2,19,57,1,13,2,US-275,,762,42.01826389,-97.40528056,0,12,6,0,1,1,0,1,1,10,0,10,0,0000000,88,88,88,88,88,88,0,0,0,1,0
31,310154,1,1,0,0,0,1,1,3,0,24,7,2013,4,7,16,0,6,4,CR-521 AVE,,0,42.41092778,-98.08698056,0,1,0,0,1,1,0,4,1,5,0,5,0,0000000,99,99,99,99,99,99,0,0,0,1,0
31,310155,2,2,0,0,0,4,4,153,0,15,4,2013,2,17,7,0,3,3,SR-50,SR-370,867,41.1465,-96.137925,0,12,6,0,2,2,0,1,1,10,0,10,0,0000000,99,99,99,99,99,99,0,0,0,1,0
31,310156,2,2,0,0,0,3,3,79,2090,28,4,2013,1,11,36,1,13,2,US-281,13TH STREET,705,40.93129722,-98.38305278,0,12,6,0,2,2,1,1,1,1,0,1,0,0000000,99,99,99,99,99,99,0,0,0,1,1
31,310157,1,1,0,1,1,1,1,55,3620,11,7,2013,5,22,15,0,16,6,J STREET,45TH STREET,0,41.21423333,-95.98081389,0,8,0,0,3,2,0,1,3,1,0,1,0,0000000,99,99,99,99,99,99,0,0,0,1,0
31,310158,2,2,0,0,0,2,2,25,0,14,7,2013,1,5,30,1,2,2,US-75,,3710,40.88263611,-95.91110833,0,12,2,0,1,1,0,1,4,1,0,1,0,0000000,88,88,88,88,88,88,0,0,0,2,0
31,310159,2,2,0,0,0,3,3,133,0,21,7,2013,1,9,0,0,3,3,SR-8,,1180,40.10877778,-96.07048889,0,12,1,0,1,1,0,1,1,10,0,10,0,0000000,99,99,99,99,99,99,0,0,0,1,1
31,310160,1,1,0,1,1,1,1,47,1190,21,7,2013,1,18,13,0,3,2,US-30,,2239,40.85684167,-99.98430556,0,8,0,0,1,1,0,1,1,1,0,1,0,0000000,99,99,99,99,99,99,0,0,0,1,0
31,310161,2,2,0,0,0,3,3,141,1100,22,7,2013,2,17,13,0,16,6,LOST CREEK ROAD,48TH AVE,0,41.46012778,-97.38731389,0,12,6,0,2,2,0,1,1,1,0,1,0,0000000,99,99,99,99,99,99,0,0,0,1,0
31,310162,2,2,0,0,0,2,2,55,0,17,11,2013,1,16,20,1,2,2,US-6,HARRISON STREET,3520,41.19025278,-96.23418333,0,12,6,1,2,2,0,1,1,1,0,1,0,0000000,88,88,88,88,88,88,0,0,0,1,0
31,310163,2,2,0,0,0,2,2,121,0,18,11,2013,2,20,50,1,2,2,US-30,,3490,41.22139444,-97.82474444,0,12,6,0,1,1,1,1,3,1,0,1,0,0000000,99,99,99,99,99,99,0,0,0,1,1
31,310164,1,1,0,0,0,2,2,55,0,21,11,2013,5,13,15,0,3,3,SR-36,,190,41.36444167,-96.08596111,0,1,0,0,1,1,0,4,1,3,0,3,0,0000000,99,99,99,99,99,99,0,0,0,2,0
31,310165,1,1,0,0,0,2,2,173,0,23,11,2013,7,4,0,0,6,4,CR-I AVENUE,,0,42.16479444,-96.5053,0,34,0,0,1,1,0,4,2,1,0,1,0,0000000,99,99,99,99,99,99,0,0,0,1,1
31,310166,1,1,0,0,0,1,1,27,0,25,11,2013,2,12,55,0,6,4,CR-894 RD,,0,42.78663056,-97.31205278,0,1,0,0,1,1,0,4,1,1,0,1,0,0000000,99,99,99,99,99,99,0,0,0,1,0
31,310167,1,1,0,0,0,2,2,133,0,30,11,2013,7,21,42,0,6,4,CR-718 TRL,,0,40.23964444,-96.10799722,0,1,0,0,1,1,0,4,2,1,0,1,0,0000000,99,99,99,99,99,99,0,0,0,1,0
31,310168,1,1,0,0,0,1,1,33,0,5,6,2013,4,1,30,1,2,2,US-30,,762,41.15521389,-102.6557,0,31,0,0,1,1,0,4,2,10,0,10,0,0000000,88,88,88,88,88,88,0,0,0,1,1
31,310169,1,1,0,0,0,1,1,61,0,22,6,2013,7,99,99,0,6,4,CR-23 ROAD,CR-A ROAD,0,40.00327778,-99.12227778,0,1,0,0,3,3,0,4,2,1,0,1,0,0000000,88,88,88,88,88,88,0,0,0,1,1
31,310170,3,3,0,0,0,5,5,153,0,31,8,2013,7,20,29,1,1,1,I-80,,4316,41.07924722,-96.27868611,0,12,2,0,1,1,0,1,5,1,0,1,0,0000000,99,99,99,99,99,99,0,0,0,1,1
31,310171,1,1,0,0,0,3,3,53,0,31,8,2013,7,1,20,0,5,4,CR-RIDGE ROAD,,0,41.42519167,-96.52139722,0,35,0,0,1,1,0,4,2,1,0,1,0,0000000,99,99,99,99,99,99,0,0,0,1,0
31,310172,1,1,0,0,0,3,3,37,0,5,12,2013,5,99,99,0,6,4,CR-COUNTY ROAD C,,0,41.4234,-97.09893889,0,1,0,0,1,1,0,4,2,1,0,1,0,0000000,88,88,88,88,88,88,0,0,0,1,0
31,310173,1,1,0,0,0,1,1,67,0,7,12,2013,7,99,99,0,6,4,CR-S 162ND,,0,40.44634722,-96.50149444,0,1,0,0,1,1,0,4,2,1,0,1,0,0000000,88,88,88,88,88,88,0,0,0,1,1
31,310174,1,1,0,1,1,1,1,55,3620,3,12,2013,3,17,39,0,16,6,PARKER ST,MILITARY AVE,0,41.27720833,-95.97944167,0,15,0,0,2,2,0,1,3,1,0,1,0,0000000,99,99,99,99,99,99,0,0,0,1,0
31,310175,1,1,0,0,0,1,1,41,0,7,12,2013,7,99,99,0,6,4,CR-REDFERN ROAD,,0,41.14737778,-99.77187222,0,1,0,0,1,1,0,4,2,1,0,1,0,0000000,88,88,88,88,88,88,0,0,0,1,1
31,310176,2,2,0,0,0,3,3,69,0,7,12,2013,7,15,0,1,2,2,US-26,,1000,41.44260278,-102.4566667,0,12,6,0,1,1,0,2,1,1,0,1,0,0000000,99,99,99,99,99,99,0,0,0,1,1
31,310177,2,2,0,0,0,10,10,159,0,8,12,2013,1,19,27,1,1,1,I-80,,3660,40.82119167,-97.35305278,0,12,6,0,1,1,0,1,2,4,0,4,0,0000000,88,88,88,88,88,88,0,0,0,1,0
31,310178,1,1,0,0,0,1,1,153,3800,22,11,2013,6,14,5,0,16,6,GILES ROAD,,0,41.176225,-96.04153611,0,39,0,0,1,1,0,4,1,1,0,1,0,0000000,88,88,88,88,88,88,0,0,0,1,0
31,310179,2,2,0,0,0,3,3,141,0,10,12,2013,3,8,13,1,2,2,US-81,CR-LOST CREEK PKWY,1147,41.45645556,-97.41315833,0,12,6,0,2,3,0,1,1,1,0,1,0,0000000,99,99,99,99,99,99,0,0,0,1,1
31,310180,1,1,0,0,0,1,1,47,0,14,12,2013,7,14,0,0,3,3,SR-40,,520,40.97845,-99.61028889,0,35,0,0,1,1,0,4,1,1,0,1,0,0000000,99,99,99,99,99,99,0,0,0,1,0
31,310181,2,2,0,0,0,2,2,49,0,15,12,2013,1,16,52,1,1,1,I-80,,1050,41.03986667,-102.1079917,0,12,6,0,1,1,0,1,5,1,0,1,0,0000000,99,99,99,99,99,99,0,0,0,1,1
31,310182,1,1,0,0,0,2,2,109,0,18,12,2013,4,12,0,1,1,1,I-80,,3968,40.81706389,-96.78471389,0,24,0,0,1,1,0,4,1,1,0,1,0,0000000,88,88,88,88,88,88,0,0,0,2,0
31,310183,1,1,0,1,1,0,0,19,0,19,12,2013,5,17,30,0,4,4,CR-2400 COTTONMILL AVE,,0,40.69880278,-99.14744167,0,8,0,0,1,1,0,1,5,10,0,10,0,0000000,99,99,99,99,99,99,23,0,0,1,0
31,310184,2,2,0,0,0,4,4,25,0,22,12,2013,1,10,29,1,2,2,US-34,,3745,40.93060556,-95.91141111,0,12,6,0,1,1,0,1,1,1,0,1,0,0000000,99,99,99,99,99,99,0,0,0,2,0
31,310185,1,1,0,0,0,1,1,39,0,23,12,2013,2,99,99,0,6,4,CR-K ROAD,,0,41.88783333,-96.80799722,0,1,0,0,1,1,0,1,1,1,0,1,0,0000000,99,99,99,99,99,99,0,0,0,1,0
31,310186,1,1,0,0,0,1,1,177,0,7,12,2013,7,22,0,0,6,4,CR-COUNTY ROAD 9,,0,41.54008889,-96.36683056,0,34,0,0,1,1,0,4,2,10,0,10,0,0000000,99,99,99,99,99,99,0,0,0,1,1
31,310187,1,1,0,0,0,1,1,59,0,28,12,2013,7,14,10,0,6,4,CR-COUNTY ROAD 12,,0,40.57773333,-97.61454444,0,34,0,0,1,1,0,4,1,1,0,1,0,0000000,99,99,99,99,99,99,0,0,0,1,0
31,310188,1,1,0,0,0,2,2,55,3620,30,12,2013,2,3,38,0,16,6,PRATT ST,38TH ST,0,41.29226944,-95.96970278,0,42,0,0,3,2,0,4,3,1,0,1,0,0000000,99,99,99,99,99,99,0,0,0,1,1
31,310189,3,3,0,0,0,3,3,19,2680,20,12,2013,6,13,45,0,13,3,SR-10,26TH STREET,572,40.701525,-99.08427222,0,12,1,0,2,3,0,1,1,1,0,1,0,0000000,99,99,99,99,99,99,0,0,0,1,0
31,310190,1,1,0,0,0,2,2,49,0,29,12,2013,1,9,38,1,1,1,I-80,,830,41.08823889,-102.5076417,0,1,0,0,1,1,0,4,1,1,0,1,0,0000000,99,99,99,99,99,99,0,0,0,1,0
32,320034,1,1,0,0,0,1,1,23,0,13,3,2013,4,13,30,0,3,2,US-95,,3328,77.77770000,777.77770000,0,1,0,0,1,1,0,2,1,1,0,1,0,0000000,13,29,13,58,14,34,0,0,0,1,0
32,320164,1,1,0,0,0,3,3,3,0,8,9,2013,1,7,30,1,1,1,I-15,,989,77.77770000,777.77770000,0,1,0,0,1,1,0,3,1,2,10,2,0,0000000,7,49,8,8,8,40,0,0,0,1,0
32,320178,1,1,0,0,0,1,1,33,0,11,10,2013,6,14,0,0,3,2,US-6,,1000,77.77770000,777.77770000,0,1,0,0,1,1,0,4,1,1,0,1,0,0000000,14,0,14,31,99,99,0,0,0,1,0
32,320222,1,1,0,1,1,1,1,3,0,19,12,2013,5,19,15,1,11,1,I-15 N,,400,77.77770000,777.77770000,0,8,0,0,1,1,0,1,6,1,0,1,0,0000000,19,19,19,27,19,50,0,0,0,1,0
32,320223,1,1,0,0,0,1,1,23,0,22,12,2013,1,0,30,0,4,3,SR-160,,221,77.77770000,777.77770000,0,1,0,0,1,1,0,4,2,1,0,1,0,0000000,99,99,99,99,88,88,0,0,0,1,1
33,330001,1,1,0,0,0,2,2,5,246,5,1,2013,7,22,46,0,6,6,FITZWILLAIM ROAD,,0,42.79623611,-72.12411944,0,17,0,0,1,1,0,4,2,1,0,1,0,0000000,22,46,23,15,23,40,0,0,0,1,1
33,330002,1,1,0,0,0,1,1,15,466,12,1,2013,7,2,25,0,16,6,LEDGE ROAD,,0,42.89046944,-70.89863056,0,1,0,0,1,1,0,4,2,2,0,2,0,0000000,2,25,2,37,88,88,0,0,0,1,1
33,330003,2,2,0,0,0,4,4,19,415,21,1,2013,2,19,31,0,5,3,SR-12A,,0,43.522025,-72.38141667,0,12,2,0,1,1,0,1,2,4,0,4,0,0000000,19,31,19,42,20,8,0,0,0,1,0
33,330004,2,2,0,0,0,2,2,9,30,23,1,2013,4,15,45,0,5,3,SR-104,,0,43.60498889,-71.67749444,0,12,2,0,1,1,0,1,1,1,0,1,0,0000000,15,45,15,55,88,88,0,0,0,1,0
33,330005,2,2,0,0,0,4,4,11,220,27,1,2013,1,16,52,1,2,3,SR-9,,0,43.11661667,-71.92275556,0,12,2,0,1,1,0,1,1,1,0,1,0,0000000,16,52,17,5,17,25,0,0,0,4,0
33,330006,2,2,0,0,0,2,2,9,388,26,1,2013,7,7,47,0,5,3,SR-10,PETTICOAT LANE,0,44.10007222,-72.02590556,0,12,6,0,2,3,0,1,1,1,0,1,0,0000000,7,51,7,56,8,12,0,0,0,1,0
33,330007,2,2,0,0,0,2,2,1,3,5,2,2013,3,17,3,0,5,3,SR-28,,0,43.53053056,-71.20420278,0,12,2,0,1,1,0,1,5,10,0,10,0,0000000,17,5,17,20,88,88,0,0,0,2,1
33,330008,1,1,0,0,0,1,1,11,357,10,2,2013,1,22,28,0,5,3,SR-124,,0,42.78453611,-71.92109444,0,1,0,0,1,1,0,4,2,4,0,4,0,0000000,22,28,23,7,88,88,0,0,0,1,1
33,330009,1,1,0,0,0,1,1,15,13,8,2,2013,6,12,25,0,5,3,SR-28,,0,42.96452778,-71.36133333,0,1,0,0,1,1,0,5,1,4,0,4,0,0000000,12,25,12,29,88,88,0,0,0,1,0