STATE,ST_CASE,VE_TOTAL,VE_FORMS,PVH_INVL,PEDS,PERNOTMVIT,PERMVIT,PERSONS,COUNTY,CITY,DAY,MONTH,YEAR,DAY_WEEK,HOUR,MINUTE,NHS,ROAD_FNC,ROUTE,TWAY_ID,TWAY_ID2,MILEPT,LATITUDE,LONGITUD,SP_JUR,HARM_EV,MAN_COLL,RELJCT1,RELJCT2,TYP_INT,WRK_ZONE,REL_ROAD,LGT_COND,WEATHER1,WEATHER2,WEATHER,SCH_BUS,RAIL,NOT_HOUR,NOT_MIN,ARR_HOUR,ARR_MIN,HOSP_HR,HOSP_MN,CF1,CF2,CF3,FATALS,DRUNK_DR
33,330010,1,1,0,0,0,1,1,15,430,15,2,2013,6,21,46,1,11,1,I-95,,142,43.07490833,-70.78141389,0,52,0,0,1,1,0,4,2,1,0,1,0,0000000,21,48,21,55,22,12,0,0,0,1,1
33,330011,1,1,0,0,0,2,2,15,112,8,2,2013,6,11,31,0,6,6,EAST ROAD,,0,42.9192,-70.97997222,0,42,0,0,1,1,0,4,1,4,0,4,0,0000000,11,31,11,38,11,53,0,0,0,1,0
33,330012,2,2,0,0,0,3,3,17,100,23,2,2013,7,8,58,1,13,3,SR-4,,0,43.15305556,-70.94615,0,12,2,0,1,1,0,1,1,10,0,10,0,0000000,8,58,9,7,9,31,0,0,0,1,0
33,330013,2,2,0,0,0,2,2,17,342,27,2,2013,4,13,45,0,5,3,SR-125,,0,43.46498611,-70.99126111,0,12,6,0,1,1,0,1,1,4,0,4,0,0000000,13,45,13,52,14,42,0,0,0,1,0
33,330014,2,2,0,0,0,3,3,7,170,27,2,2013,4,13,37,0,6,6,NORTH MAIN STREET,,0,44.40813889,-71.19686944,0,12,2,0,1,1,0,1,1,4,0,4,0,0000000,13,37,13,43,14,15,0,0,0,1,0
33,330015,1,1,0,0,0,1,1,15,370,16,3,2013,7,0,33,0,6,6,NORTH MAIN STREET,,0,43.08251944,-70.93466667,0,33,0,0,1,1,0,4,3,10,0,10,0,0000000,0,33,0,45,1,10,0,0,0,1,0
33,330016,1,1,0,0,0,2,2,15,435,16,3,2013,7,2,22,0,5,3,SR-102,,0,42.99830278,-71.18009167,0,42,0,0,1,1,0,4,2,1,0,1,0,0000000,2,22,2,30,3,9,0,0,0,1,1
33,330017,1,1,0,0,0,1,1,15,32,11,3,2013,2,18,33,1,2,3,SR-101,,1092,43.03948333,-71.29688333,0,1,0,0,1,1,0,3,5,1,0,1,0,0000000,18,33,18,38,88,88,0,0,0,1,0
33,330018,2,1,1,0,0,1,1,1,330,24,3,2013,1,2,36,1,2,3,SR-25,,0,43.674675,-71.482125,0,14,0,0,1,1,0,5,2,10,0,10,0,0000000,2,36,2,45,88,88,0,0,0,1,1
33,330019,1,1,0,0,0,1,1,11,310,30,3,2013,7,9,10,1,11,1,I-293,,0,42.97155,-71.47440278,0,24,0,1,5,1,0,4,1,1,0,1,0,0000000,9,10,9,20,9,45,0,0,0,1,0
33,330020,2,2,0,0,0,2,2,7,337,3,4,2013,4,16,20,0,5,3,SR-110,,0,44.53865278,-71.27211389,0,12,2,0,1,1,0,1,1,10,0,10,0,0000000,16,20,16,42,17,21,0,0,0,1,1
33,330021,2,2,0,0,0,3,3,19,50,7,4,2013,1,0,25,0,16,6,MAIN STREET,,0,43.38859167,-72.35387222,0,12,2,0,1,1,0,1,2,1,0,1,0,0000000,0,25,0,30,1,14,0,0,0,1,1
33,330022,1,1,0,0,0,1,1,17,140,14,4,2013,1,20,23,0,6,6,HORNETOWN ROAD,,0,43.36993889,-71.11373333,0,39,0,0,1,1,0,4,2,1,0,1,0,0000000,20,23,20,29,88,88,0,0,0,1,1
33,330023,1,1,0,0,0,1,1,1,17,5,4,2013,6,13,25,0,4,3,SR-106,,0,43.42661667,-71.45497778,0,1,0,0,1,1,0,4,1,1,0,1,0,0000000,13,25,13,32,88,88,0,0,0,1,0
33,330024,1,1,0,2,2,1,1,1,260,19,4,2013,6,14,32,0,16,6,MESSER STREET,OPECHEE STREET,0,43.53552778,-71.4688,0,33,0,0,3,3,0,4,1,10,0,10,0,0000000,14,32,14,36,15,1,21,0,0,1,0
33,330025,1,1,0,0,0,3,3,5,245,14,4,2013,1,4,41,0,6,6,RIVER STREET,,0,42.80649722,-72.02843889,0,39,0,0,1,1,0,4,2,10,0,10,0,0000000,4,43,4,49,5,15,0,0,0,1,1
33,330026,2,2,0,0,0,3,3,11,11,20,4,2013,7,4,40,1,2,3,SR-101,SCHOOLHOUSE ROAD,0,42.89846389,-71.59216111,0,12,6,0,2,3,0,1,2,2,0,2,0,0000000,4,40,4,57,5,32,0,0,0,2,0
33,330027,1,1,0,0,0,2,2,5,550,24,4,2013,4,22,10,0,6,6,FULLAM POND ROAD,,0,42.80443056,-72.40905,0,42,0,0,1,1,0,4,2,10,0,10,0,0000000,22,10,22,30,23,12,0,0,0,1,1
33,330028,2,2,0,0,0,2,2,15,25,30,4,2013,3,7,14,1,2,3,SR-125,,0,42.98572778,-71.07875556,0,12,2,0,1,1,0,1,1,1,0,1,0,0000000,7,14,7,28,8,12,0,0,0,1,0
33,330029,2,2,0,0,0,3,3,5,250,3,5,2013,6,10,25,1,13,3,SR-12,,0,42.94525278,-72.296525,0,12,2,0,1,1,0,1,1,1,0,1,0,0000000,10,28,10,35,10,59,0,0,0,2,0
33,330030,1,1,0,0,0,1,1,19,40,4,5,2013,7,22,59,0,6,6,STAGE ROAD,,0,43.27073611,-72.33485,0,32,0,0,1,1,0,4,2,1,0,1,0,0000000,22,59,23,19,88,88,0,0,0,1,1
33,330031,1,1,0,1,1,1,1,15,448,12,5,2013,1,0,4,0,16,6,MAIN STREET,,0,42.792425,-71.18614444,0,8,0,0,1,1,0,2,3,10,0,10,0,0000000,0,4,0,7,0,24,0,0,0,1,0
33,330032,1,1,0,0,0,1,1,11,344,17,5,2013,6,5,0,0,6,6,SOUTH MAIN STREET,,0,42.87419444,-71.66876667,0,42,0,0,1,1,0,5,4,1,0,1,0,0000000,5,0,5,16,88,88,0,0,0,1,0
33,330033,1,1,0,0,0,2,2,9,444,17,5,2013,6,18,27,0,6,6,BUFFALO ROAD,,0,43.81890556,-71.86965833,0,35,0,0,1,1,0,4,1,1,0,1,0,0000000,18,27,18,45,88,88,0,0,0,1,0
33,330034,2,2,0,2,2,3,3,15,85,3,5,2013,6,21,11,0,13,3,SR-28,ASHLEIGH DRIVE,0,42.897875,-71.33257778,0,8,0,0,2,3,0,1,3,1,0,1,0,0000000,21,11,21,16,21,35,0,0,0,1,0
33,330035,2,2,0,0,0,2,2,5,437,30,5,2013,5,18,15,1,2,3,SR-202,SR-119,0,42.76240833,-72.03815556,0,12,6,0,2,2,0,1,1,1,0,1,0,0000000,18,15,18,30,18,55,0,0,0,1,0
33,330036,1,1,0,1,1,1,1,11,299,31,5,2013,6,20,54,0,14,3,SR-102,DERLON LANE,0,42.81149167,-71.42493889,0,8,0,0,2,3,0,1,2,1,0,1,0,0000000,20,54,21,12,88,88,0,0,0,1,0
33,330037,2,2,0,0,0,2,2,11,240,3,6,2013,2,17,2,0,16,6,GREELEY STREET,SPRINGWOOD CIRCLE,0,42.79678333,-71.42345,0,12,6,0,8,1,0,1,1,1,0,1,0,0000000,17,2,17,4,17,26,0,0,0,1,1
33,330038,1,1,0,0,0,1,1,1,38,9,6,2013,1,19,49,0,5,3,SR-3,WAUKEWAN ROAD,0,43.69056944,-71.5103,0,42,0,0,3,3,0,5,1,1,0,1,0,0000000,19,49,19,55,88,88,0,0,0,1,1
33,330039,2,2,0,0,0,3,3,15,448,10,6,2013,2,19,18,1,11,1,I-93,,2,42.74671667,-71.21318333,0,12,7,0,1,1,0,1,1,2,0,2,0,0000000,19,18,19,28,88,88,0,0,0,1,1
33,330040,1,1,0,0,0,1,1,11,19,12,6,2013,4,11,9,0,4,3,SR-202,,0,43.00913889,-71.932775,0,1,0,0,1,1,0,4,1,1,0,1,0,0000000,11,9,11,20,11,52,0,0,0,1,0
33,330041,1,1,0,0,0,1,1,9,145,13,6,2013,5,11,24,1,1,1,I-93,,1098,44.17686111,-71.69065278,0,42,0,0,1,1,0,4,1,1,0,1,0,0000000,11,24,11,33,11,57,0,0,0,1,0
33,330042,1,1,0,0,0,1,1,17,481,2,6,2013,1,18,50,0,6,6,PARKER MOUNTIAN ROAD,,0,43.28959722,-71.15535,0,42,0,0,1,1,0,5,5,2,0,2,0,0000000,18,50,19,15,19,29,0,0,0,1,0
33,330043,1,1,0,0,0,1,1,9,403,23,6,2013,1,14,25,0,5,3,SR-25,JEFFERS HILL ROAD,0,44.03042222,-71.99630278,0,30,0,0,1,1,0,4,1,10,0,10,0,0000000,14,25,14,36,14,59,0,0,0,1,0
33,330044,1,1,0,0,0,1,1,11,350,26,6,2013,4,99,99,0,16,6,TEMPLE STREET,,0,42.76200833,-71.45724722,0,38,0,0,1,1,0,4,9,99,0,99,0,0000000,88,88,88,88,88,88,0,0,0,1,0
33,330045,2,2,0,0,0,3,3,5,47,27,6,2013,5,17,32,0,5,3,SR-9,SR-63,0,42.90100278,-72.45989444,0,12,6,0,2,2,0,1,1,1,0,1,0,0000000,17,32,17,40,18,6,0,0,0,1,0
33,330046,1,1,0,0,0,1,1,5,250,3,7,2013,4,15,46,1,13,3,SR-10,,216,42.95796111,-72.26914444,0,30,0,0,1,1,0,4,1,10,0,10,0,0000000,15,46,15,55,16,12,0,0,0,1,0
33,330047,2,1,1,2,2,1,1,15,551,3,7,2013,4,21,45,1,11,1,I-93,,56,42.810825,-71.27354167,0,14,0,0,1,1,0,4,2,1,0,1,0,0000000,21,46,21,58,22,18,23,0,0,1,1
33,330048,2,2,0,0,0,2,2,15,130,5,7,2013,6,11,57,0,16,6,WATSON ROAD,,0,43.01537222,-70.97135556,0,12,6,0,1,1,0,1,1,1,0,1,0,0000000,11,57,12,3,12,12,0,0,0,1,0
33,330049,1,1,0,0,0,1,1,15,13,5,7,2013,6,22,30,0,6,6,CHESTER ROAD,,0,42.98791111,-71.33922778,0,35,0,0,1,1,0,4,2,1,0,1,0,0000000,22,30,22,41,88,88,0,0,0,1,1
33,330050,1,1,0,0,0,1,1,13,124,7,7,2013,1,0,55,0,16,6,NEW RYE ROAD,,0,43.18353611,-71.36301667,0,39,0,0,1,1,0,4,2,1,0,1,0,0000000,0,55,1,7,88,88,20,0,0,1,0
33,330051,1,1,0,0,0,3,3,5,550,7,7,2013,1,9,20,0,6,6,JOHN MILL ROAD,,0,42.83371111,-72.40024722,0,42,0,0,1,1,0,4,1,1,0,1,0,0000000,9,20,9,35,10,7,0,0,0,2,1
33,330052,1,1,0,0,0,1,1,9,33,9,6,2013,1,11,30,0,5,3,SR-175,,0,43.85657222,-71.63446111,0,5,0,0,1,1,0,1,1,10,0,10,0,0000000,11,30,11,33,11,47,0,0,0,1,0
33,330053,1,1,0,0,0,1,1,15,430,12,7,2013,6,17,19,0,13,3,SR-16,,0,43.07413056,-70.78241389,0,24,0,0,1,1,0,4,1,1,0,1,0,0000000,17,19,17,24,88,88,0,0,0,1,1
33,330054,2,2,0,0,0,3,3,17,443,20,7,2013,7,16,27,0,14,3,SR-4,OLD MILL LANE,0,43.21221111,-70.84368333,0,12,2,0,3,3,0,1,1,1,0,1,0,0000000,16,30,16,34,16,48,0,0,0,1,1
33,330055,2,1,1,0,0,1,1,11,310,3,7,2013,4,21,52,0,16,6,WESTWOOD DRIVE,,0,42.94610278,-71.44580556,0,14,0,0,1,1,0,5,3,1,0,1,0,0000000,21,52,21,54,22,12,0,0,0,1,1
33,330056,1,1,0,0,0,1,1,3,560,4,8,2013,1,16,19,0,6,6,BEECH POND ROAD,,0,43.66795278,-71.19326944,0,5,0,0,1,1,0,5,1,1,0,1,0,0000000,16,19,16,32,16,47,0,0,0,1,0
33,330057,1,1,0,0,0,1,1,5,47,6,8,2013,3,16,44,0,5,3,SR-63,,0,42.86447222,-72.47686111,0,35,0,0,1,1,0,4,1,1,0,1,0,0000000,16,44,16,55,17,21,13,0,0,1,1
33,330058,3,3,0,0,0,5,5,1,154,7,8,2013,4,11,53,0,5,3,SR-11,,0,43.57707778,-71.36849444,0,12,1,0,1,1,0,1,1,1,0,1,0,0000000,11,53,11,59,12,17,0,0,0,1,0
33,330059,2,2,0,0,0,2,2,15,392,12,8,2013,2,7,30,1,2,3,SR-4,RIDGE ROAD,0,43.20929722,-71.17971944,0,12,6,0,3,3,0,1,1,1,0,1,0,0000000,7,33,7,36,7,58,0,0,0,1,0
33,330060,1,1,0,0,0,2,2,17,90,14,8,2013,4,1,30,0,16,6,MIDDLE ROAD,BACK ROAD,0,43.17459167,-70.83978333,0,5,0,0,3,3,0,4,3,1,0,1,0,0000000,1,30,1,37,88,88,0,0,0,1,1
33,330061,1,1,0,0,0,3,3,15,466,18,8,2013,1,8,58,0,16,6,STARD ROAD,,0,42.90331389,-70.87893889,0,42,0,0,1,1,0,4,1,1,0,1,0,0000000,8,58,9,5,9,22,0,0,0,1,1
33,330062,1,1,0,0,0,1,1,11,350,9,8,2013,6,15,37,0,16,6,WEST HOLLIS STREET,,0,42.74093889,-71.51477222,0,42,0,0,1,1,0,5,1,2,0,2,0,0000000,15,37,15,43,88,88,0,0,0,1,1
33,330063,2,2,0,0,0,7,7,3,243,19,8,2013,2,10,43,1,2,3,SR-16,,992,44.23701944,-71.25675,0,12,2,0,1,1,0,1,1,1,0,1,0,0000000,10,43,10,55,11,22,0,0,0,1,0
33,330064,1,1,0,0,0,3,3,11,310,17,8,2013,7,22,3,0,16,6,WELLINGTON ROAD,,0,43.00811944,-71.39970556,0,18,0,0,1,1,1,4,2,1,0,1,0,0000000,22,3,22,8,22,29,0,0,0,1,1
33,330065,1,1,0,0,0,1,1,5,9,23,8,2013,6,14,40,0,6,6,MAIN STREET,,0,42.78571667,-72.43707222,0,30,0,0,1,1,0,4,1,1,0,1,0,0000000,14,40,14,47,88,88,0,0,0,1,0
33,330066,1,1,0,0,0,1,1,17,443,24,8,2013,7,1,19,0,6,6,ROLLINS ROAD,,0,43.22503611,-70.85625833,0,42,0,0,1,1,0,4,2,1,0,1,0,0000000,1,19,1,24,88,88,0,0,0,1,1
33,330067,1,1,0,0,0,1,1,13,41,26,8,2013,2,16,42,1,1,1,I-93,,486,43.34021944,-71.61369722,0,35,0,0,1,1,0,3,1,10,0,10,0,0000000,16,42,16,51,88,88,0,0,0,1,0
33,330068,1,1,0,1,1,1,1,11,350,23,8,2013,6,17,42,0,16,6,CELINA AVE,,0,42.80125833,-71.53839722,0,9,0,0,8,1,0,1,1,1,0,1,0,0000000,17,42,17,45,17,58,0,0,0,1,0
33,330069,2,2,0,0,0,2,2,13,304,26,8,2013,2,17,38,1,2,3,SR-106,STANIELS ROAD,0,43.25380833,-71.45896111,0,12,6,0,2,2,0,1,1,10,0,10,0,0000000,17,41,17,47,88,88,0,0,0,1,0
33,330070,2,2,0,0,0,3,3,17,29,31,8,2013,7,23,30,0,5,3,SR-202,,0,43.22456667,-71.07169722,0,12,2,0,1,1,0,1,2,1,0,1,0,0000000,11,32,11,38,11,56,0,0,0,2,1
33,330071,1,1,0,0,0,1,1,15,435,29,8,2013,5,10,18,1,13,3,SR-27,,0,43.04898333,-71.20851111,0,42,0,0,1,1,0,4,1,10,0,10,0,0000000,10,18,10,25,88,88,0,0,0,1,0
33,330072,1,1,0,0,0,2,2,1,155,31,8,2013,7,11,34,0,5,3,SR-107,,0,43.40207222,-71.38562222,0,52,0,0,1,1,0,4,1,1,0,1,0,0000000,11,34,11,37,12,1,0,0,0,1,1
33,330073,1,1,0,0,0,4,4,3,15,8,9,2013,1,14,44,0,5,3,SR-302,,0,44.07814444,-71.27959167,0,42,0,0,1,1,0,4,1,1,0,1,0,0000000,14,44,14,56,15,17,0,0,0,2,0
33,330074,1,1,0,0,0,1,1,19,50,15,9,2013,1,1,8,0,16,6,HANOVER STREET,,0,43.37906111,-72.3393,0,39,0,0,1,1,0,4,2,1,0,1,0,0000000,1,8,1,11,88,88,0,0,0,1,1
33,330075,3,3,0,0,0,3,3,13,236,18,9,2013,4,8,12,1,11,1,I-93,,300,43.10475,-71.47463611,0,54,11,0,1,1,0,1,1,1,0,1,0,0000000,8,13,8,26,88,88,14,0,0,1,0
33,330076,2,2,0,0,0,3,3,11,400,18,9,2013,4,9,49,0,6,6,JAFFREY RAOD,,0,42.85857778,-71.963125,0,12,2,0,1,1,0,1,1,1,0,1,0,0000000,9,49,9,55,10,7,0,0,0,1,1
33,330077,1,1,0,1,1,1,1,17,29,7,9,2013,7,13,13,1,2,3,SR-4,,0,43.15175,-71.02888889,0,8,0,0,1,1,0,4,1,1,0,1,0,0000000,13,13,13,26,88,88,0,0,0,1,0
33,330078,1,1,0,0,0,2,2,5,483,19,9,2013,5,11,2,0,5,3,SR-12A,,0,43.002375,-72.32297222,0,35,0,0,1,1,0,5,1,1,0,1,0,0000000,11,2,11,12,11,39,0,0,0,1,0
33,330079,1,1,0,2,2,1,1,15,200,21,9,2013,7,8,31,0,14,3,SR-1A,,0,42.89821111,-70.81600833,0,9,0,0,1,1,0,1,1,1,0,1,0,0000000,8,31,8,35,8,47,0,0,0,2,0
33,330080,2,2,0,0,0,4,4,5,502,22,9,2013,1,13,46,0,5,3,SR-12,,0,43.03172222,-72.43850556,0,12,2,0,1,1,0,1,1,1,0,1,0,0000000,13,46,13,53,14,22,0,0,0,1,0
33,330081,1,1,0,0,0,1,1,7,60,21,9,2013,7,13,9,0,6,8,SOUTH HILL ROAD,,0,44.91466667,-71.45745,0,1,0,0,1,1,0,1,1,1,0,1,0,0000000,13,9,13,15,88,88,0,0,0,1,0
33,330082,1,1,0,0,0,1,1,9,308,25,9,2013,4,10,48,0,6,3,SR-10,,0,43.82771111,-72.14441389,0,1,0,0,1,1,0,5,1,1,0,1,0,0000000,10,48,11,1,11,19,0,0,0,1,0
33,330083,1,1,0,0,0,1,1,17,342,28,9,2013,7,14,40,0,5,3,SR-75,,0,43.40810556,-71.02308333,0,42,0,0,1,1,0,5,1,1,0,1,0,0000000,14,40,14,55,15,7,0,0,0,1,0
33,330084,1,1,0,0,0,2,2,5,2,1,10,2013,3,2,40,0,6,6,GILSUM MINE ROAD,,0,43.14795556,-72.36695833,0,34,0,0,1,1,0,4,2,10,0,10,0,0000000,2,47,2,55,3,12,0,0,0,1,1
33,330085,1,1,0,0,0,4,4,15,435,5,10,2013,7,1,16,0,5,3,SR-27,,0,43.03854167,-71.160725,0,24,0,0,1,1,0,4,2,1,0,1,0,0000000,1,16,1,21,2,4,0,0,0,1,0
33,330086,1,1,0,0,0,2,2,15,12,5,10,2013,7,21,5,0,6,6,MAIN STREET,,0,42.82381667,-71.12656944,0,42,0,0,1,1,0,4,3,10,0,10,0,0000000,21,6,21,15,21,41,0,0,0,1,1
33,330087,1,1,0,0,0,1,1,13,70,23,9,2013,2,11,14,0,16,6,HORSE HILL ROAD,,0,43.25043611,-71.62914167,0,42,0,0,1,1,0,4,1,1,0,1,0,0000000,11,14,11,20,11,56,0,0,0,1,0
33,330088,2,2,0,0,0,2,2,17,90,7,10,2013,2,19,45,0,16,6,PORTLAND AVE,OAK STREET,0,43.20521389,-70.85943889,0,12,6,0,2,2,0,1,3,10,0,10,0,0000000,19,45,19,49,20,4,0,0,0,1,1
33,330089,2,2,0,0,0,2,2,7,60,9,10,2013,4,12,11,0,5,3,SR-26,,0,44.86532778,-71.30101111,0,24,0,0,1,1,0,4,1,1,0,1,0,0000000,12,12,12,26,13,5,0,0,0,1,0
33,330090,1,1,0,1,1,2,2,15,200,13,10,2013,1,1,4,0,16,6,OCEAN BLVD,HIGHLAND AVE,0,42.91333889,-70.80883889,0,8,0,0,2,3,0,1,2,1,0,1,0,0000000,1,4,1,8,1,29,0,0,0,1,1
33,330091,1,1,0,0,0,1,1,15,393,15,10,2013,3,12,35,1,2,3,SR-4,,0,43.18685,-71.13930278,0,41,0,0,1,1,0,4,1,1,0,1,0,0000000,12,35,12,40,13,13,0,0,0,1,0
33,330092,1,1,0,1,1,1,1,11,299,16,10,2013,4,19,20,1,13,3,SR-3A,,0,42.89571111,-71.45374444,0,8,0,0,1,1,0,1,2,1,0,1,0,0000000,19,20,19,31,19,57,0,0,0,1,0
33,330093,1,1,0,1,1,1,1,5,250,2,10,2013,4,12,55,0,16,6,ELM STREET,,0,42.94288611,-72.28115556,0,15,0,0,1,1,0,1,1,1,0,1,0,0000000,12,55,12,59,13,16,0,0,0,1,0
33,330094,2,2,0,0,0,4,4,11,310,19,10,2013,7,12,22,0,16,6,LINCOLN STREET,MANCHESTER STREET,0,42.99017778,-71.45069722,0,12,6,0,2,2,0,1,1,1,0,1,0,0000000,12,22,12,25,12,48,0,0,0,1,0
33,330095,1,1,0,0,0,2,2,13,410,9,10,2013,4,15,32,0,6,6,CATAMOUNT ROAD,,0,43.29919167,-71.30765278,0,42,0,0,1,1,0,4,1,1,0,1,0,0000000,15,32,15,38,16,19,0,0,0,1,0
33,330096,1,1,0,0,0,1,1,15,130,27,10,2013,1,4,33,1,13,3,SR-101,,1228,43.00660556,-70.98820278,0,42,0,0,1,1,0,4,2,2,0,2,0,0000000,4,33,4,46,88,88,0,0,0,1,1
33,330097,1,1,0,0,0,1,1,17,29,31,10,2013,5,22,37,0,4,3,SR-9,,0,43.2,-71.11485556,0,42,0,0,1,1,0,4,2,2,0,2,0,0000000,22,37,22,53,88,88,0,0,0,1,1
33,330098,1,1,0,1,1,1,1,5,250,2,11,2013,7,1,58,1,13,3,SR-101,,0,42.91374444,-72.24155278,0,9,0,0,1,1,0,4,2,1,0,1,0,0000000,1,58,2,4,88,88,0,0,0,1,1
33,330099,2,2,0,0,0,3,3,1,352,2,11,2013,7,18,3,1,1,1,I-93,,734,43.63638889,-71.64988889,0,42,0,0,1,1,0,4,2,1,0,1,0,0000000,18,4,18,13,18,48,0,0,0,1,0
33,330100,1,1,0,0,0,1,1,13,237,10,11,2013,1,0,14,0,6,6,PINE STREET,,0,43.21208056,-71.74844444,0,42,0,0,1,1,0,4,2,1,0,1,0,0000000,0,14,0,20,88,88,0,0,0,1,1
33,330101,1,1,0,0,0,1,1,17,43,15,10,2013,3,15,49,0,6,6,CANAAN BACK ROAD,,0,43.20922222,-71.11083611,0,1,0,0,1,1,0,1,1,1,0,1,0,0000000,15,49,15,59,16,22,0,0,0,1,1
33,330102,1,1,0,0,0,1,1,1,14,19,10,2013,7,7,30,0,6,6,N. BARNSTEAD ROAD,,0,43.35838889,-71.17671389,0,39,0,0,1,1,0,4,2,1,0,1,0,0000000,7,30,7,40,88,88,0,0,0,1,1
33,330103,1,1,0,0,0,1,1,17,440,4,11,2013,2,13,20,0,6,6,WALNUT STREET,,0,43.30289167,-71.01843611,0,42,0,0,1,1,0,5,1,1,0,1,0,0000000,13,20,13,32,14,4,0,0,0,1,0
33,330104,1,1,0,0,0,2,2,3,80,7,11,2013,5,15,56,0,6,6,STARK ROAD,,0,43.95724444,-71.08444444,0,42,0,0,1,1,0,4,1,2,0,2,0,0000000,15,56,16,4,16,29,0,0,0,1,0
33,330105,1,1,0,0,0,1,1,15,551,13,11,2013,4,19,8,1,11,1,I-93,,72,42.81200556,-71.27591667,0,24,0,0,1,1,0,3,2,1,0,1,0,0000000,19,8,19,17,88,88,0,0,0,1,1
33,330106,2,2,0,0,0,2,2,11,234,14,11,2013,5,7,46,0,5,3,SR-130,,0,42.73438056,-71.61738889,0,12,2,0,1,1,0,1,1,1,0,1,0,0000000,7,46,7,53,88,88,0,0,0,1,0
33,330107,1,1,0,1,1,2,2,15,85,16,11,2013,7,17,32,0,16,6,TSIENNETO ROAD,,0,42.89508889,-71.32549722,0,8,0,0,1,1,0,1,3,10,0,10,0,0000000,17,32,17,38,18,4,0,0,0,1,0
33,330108,2,2,0,0,0,2,2,3,487,20,11,2013,4,14,31,0,5,3,SR-41,OSSIPEE LAKE ROAD,0,43.82931111,-71.19970556,0,12,6,0,2,3,0,1,1,1,0,1,0,0000000,14,31,14,40,88,88,0,0,0,1,1
33,330109,1,1,0,0,0,2,2,11,220,27,11,2013,4,9,1,0,5,3,SR-31,,0,43.12458056,-71.96541944,0,42,0,0,1,1,0,4,1,4,3,4,0,0000000,9,1,9,9,9,39,0,0,0,1,0
33,330110,1,1,0,0,0,1,1,3,510,14,11,2013,5,23,15,1,2,3,SR-16,,0,43.50273056,-71.02941667,0,35,0,0,1,1,0,5,2,1,0,1,0,0000000,23,15,23,25,88,88,0,0,0,1,0
33,330111,1,1,0,0,0,1,1,19,6,29,11,2013,6,15,45,0,6,6,GROUT HILL ROAD,,0,43.19385833,-72.24989722,0,34,0,0,1,1,0,4,5,10,0,10,0,0000000,15,51,16,10,88,88,0,0,0,1,1
33,330112,2,2,0,0,0,3,3,15,130,21,11,2013,5,12,38,0,16,6,EPPING ROAD,INDUSTRIAL DRIVE,0,42.99148889,-70.96985833,0,12,6,0,2,3,0,1,1,1,0,1,0,0000000,12,38,12,43,13,12,0,0,0,1,0
33,330113,2,2,0,0,0,2,2,17,90,2,12,2013,2,10,46,0,16,6,SIXTH STREET,,0,43.21316944,-70.90681667,0,12,2,0,1,1,0,1,1,1,0,1,0,0000000,10,46,10,50,11,17,0,0,0,1,0
33,330114,1,1,0,1,1,1,1,9,33,3,12,2013,3,16,40,0,5,3,SR-49,VINTINNER ROAD,0,43.85103611,-71.64332778,0,8,0,0,3,2,0,1,2,1,0,1,0,0000000,16,45,17,0,17,33,0,0,0,1,0
33,330115,1,1,0,1,1,1,1,15,356,6,12,2013,6,19,11,0,16,6,GOSLING ROAD,,0,43.09176389,-70.79963611,0,8,0,0,1,1,0,1,3,3,0,3,0,0000000,19,11,19,12,19,32,0,0,0,1,0
33,330116,2,2,0,0,0,3,3,9,280,7,12,2013,7,13,17,1,11,1,I-89,,572,43.64965833,-72.25148333,0,12,2,0,1,1,0,1,1,1,0,1,0,0000000,13,18,13,23,13,57,0,0,0,2,0
33,330117,1,1,0,0,0,1,1,11,350,9,12,2013,2,22,24,1,2,3,SR-3,EXIT 1 RAMP,20,42.70828056,-71.45011667,0,24,0,1,5,1,0,4,2,1,0,1,0,0000000,10,24,10,30,88,88,0,0,0,1,0
33,330118,2,2,0,0,0,2,2,11,340,18,12,2013,4,10,6,1,2,3,SR-101,,364,42.82993611,-71.67629444,0,12,2,0,1,1,0,1,1,10,0,10,0,0000000,10,6,10,14,10,55,0,0,0,1,0
33,330119,3,3,0,0,0,3,3,11,31,24,12,2013,3,9,5,0,5,3,SR-13,SR-130,0,42.74935,-71.66928611,0,12,1,0,2,2,0,1,1,1,0,1,0,0000000,9,5,9,8,88,88,0,0,0,1,0
33,330120,1,1,0,0,0,1,1,11,350,11,12,2013,4,7,39,0,16,6,PARK STREET,COURT STREET,0,42.76293333,-71.46508333,0,30,0,0,3,10,0,4,1,1,0,1,0,0000000,7,39,7,46,8,11,0,0,0,1,0
33,330121,1,1,0,1,1,1,1,11,11,23,12,2013,2,12,58,0,6,6,MERRIMACK ROAD,,0,42.83740278,-71.59783333,0,8,0,0,1,1,0,4,1,10,0,10,0,0000000,12,58,13,5,13,50,0,0,0,1,0
33,330122,2,2,0,0,0,2,2,11,11,27,12,2013,6,15,28,1,2,3,SR-101,,0,42.80895,-71.57246667,0,12,2,0,1,1,0,1,1,1,0,1,0,0000000,15,28,15,39,16,1,0,0,0,1,0
33,330123,2,2,0,0,0,2,2,7,60,10,12,2013,3,8,35,0,5,3,SR-3,,0,44.85222778,-71.55124167,0,12,2,0,1,1,0,1,1,10,0,10,0,0000000,8,40,8,53,9,21,0,0,0,1,0
33,330124,1,1,0,0,0,3,3,15,85,31,12,2013,3,22,34,0,16,6,GULF ROAD,,0,42.86061944,-71.22953056,0,35,0,0,1,1,0,4,2,1,0,1,0,0000000,22,34,22,41,23,16,0,0,0,1,0