STATE,ST_CASE,VE_TOTAL,VE_FORMS,PVH_INVL,PEDS,PERNOTMVIT,PERMVIT,PERSONS,COUNTY,CITY,DAY,MONTH,YEAR,DAY_WEEK,HOUR,MINUTE,NHS,ROAD_FNC,ROUTE,TWAY_ID,TWAY_ID2,MILEPT,LATITUDE,LONGITUD,SP_JUR,HARM_EV,MAN_COLL,RELJCT1,RELJCT2,TYP_INT,WRK_ZONE,REL_ROAD,LGT_COND,WEATHER1,WEATHER2,WEATHER,SCH_BUS,RAIL,NOT_HOUR,NOT_MIN,ARR_HOUR,ARR_MIN,HOSP_HR,HOSP_MN,CF1,CF2,CF3,FATALS,DRUNK_DR
34,340001,1,1,0,1,1,1,1,27,2745,8,1,2013,3,3,29,1,13,3,SR-10,,57,40.8659,-74.55481389,0,8,0,0,1,1,0,1,3,1,0,1,0,0000000,3,32,3,43,4,6,0,0,0,1,0
34,340002,2,2,0,0,0,3,3,5,2081,12,1,2013,7,15,29,0,13,3,SR-38,BRIGGS ROAD,101,39.96833056,-74.8998,0,12,7,0,3,2,0,1,1,10,1,10,0,0000000,15,31,15,41,16,18,0,0,0,1,0
34,340003,1,1,0,0,0,1,1,15,1311,9,1,2013,4,17,45,0,5,4,CR-609,,0,39.68530278,-75.17666944,0,42,0,0,1,1,0,5,2,1,0,1,0,0000000,17,51,18,2,88,88,0,0,0,1,0
34,340004,2,2,0,0,0,2,2,31,2500,21,1,2013,2,16,14,1,12,3,SR-21,VAN HOUTEN AVENUE,108,40.84550833,-74.12225833,0,12,6,1,18,1,0,1,1,1,0,1,0,0000000,16,21,16,27,16,47,0,0,0,1,0
34,340005,1,1,0,0,0,1,1,9,0,11,1,2013,6,0,10,1,12,8,GSP-444,,65,39.04366111,-74.84626111,0,1,0,0,1,1,0,3,2,1,0,1,0,0000000,0,5,0,11,88,88,0,0,0,1,1
34,340006,1,1,0,1,1,1,1,3,1060,12,1,2013,7,17,16,0,14,4,CR-29,JANE ST,0,40.852825,-73.97497778,0,8,0,0,3,3,0,1,3,10,0,10,0,0000000,17,19,17,29,17,56,0,0,0,1,0
34,340008,1,1,0,0,0,2,2,3,2940,2,1,2013,4,15,38,0,13,4,CR-507,,0,40.82958611,-74.12033889,0,5,0,0,1,1,0,1,1,10,0,10,1,0000000,15,35,15,41,16,9,0,0,0,1,0
34,340009,2,2,0,0,0,3,3,25,1465,24,1,2013,5,14,57,0,3,4,CR-549,,169,40.14405556,-74.14593056,0,12,2,0,1,1,0,1,1,1,0,1,0,0000000,14,48,15,0,16,0,0,0,0,1,0
34,340010,1,1,0,1,1,1,1,1,851,9,1,2013,4,17,34,1,13,2,US-40,,548,39.42458056,-74.5932,0,8,0,0,1,1,0,1,3,1,0,1,0,0000000,17,36,17,51,18,21,0,0,0,1,0
34,340011,2,2,0,0,0,3,3,1,2640,19,1,2013,7,22,40,0,14,4,CR-585,AMSLEY BLVD,0,39.38817222,-74.52568889,0,12,6,0,2,3,0,1,3,1,0,1,0,0000000,20,43,20,56,21,19,0,0,0,1,0
34,340012,2,1,1,0,1,1,2,3,1080,28,1,2013,2,14,43,1,12,3,SR-208,,88,41.01415278,-74.20861667,0,14,0,0,1,1,0,2,1,3,0,3,0,0000000,14,37,14,45,15,2,0,0,0,1,0
34,340013,1,1,0,0,0,1,1,11,1970,21,1,2013,2,19,24,0,15,6,NORTH HIGH STREET,,0,39.40908611,-75.039775,0,33,0,0,1,1,0,4,3,4,0,4,0,0000000,19,23,19,31,19,45,0,0,0,1,0
34,340014,1,1,0,0,0,2,2,23,2582,24,1,2013,5,7,23,0,14,4,CR-609,WASHINGTON AVENUE,0,40.542725,-74.43948889,0,33,0,0,1,1,0,4,3,1,0,1,0,0000000,99,99,99,99,99,99,0,0,0,1,0
34,340015,1,1,0,0,0,1,1,23,3705,24,1,2013,5,21,49,1,12,8,444 (GARDEN STATE PARKWAY),,1347,40.60641111,-74.31361944,0,24,0,0,1,1,0,4,3,1,0,1,0,0000000,21,53,22,5,22,43,0,0,0,1,1
34,340016,1,1,0,1,1,1,1,21,1265,29,1,2013,3,21,30,0,14,4,CR-533,,17,40.21121389,-74.69283333,0,8,0,0,1,1,0,1,3,1,0,1,0,0000000,21,33,21,37,22,3,0,0,0,1,0
34,340017,1,1,0,1,1,1,1,21,3509,27,1,2013,1,17,46,0,14,4,CR-526,,0,40.20835833,-74.61335,0,8,0,0,1,1,0,1,3,1,0,1,0,0000000,17,45,17,49,88,88,0,0,0,1,0
34,340018,1,1,0,1,1,1,1,3,1210,27,2,2013,4,21,0,0,14,4,CR-56I,PROSPECT AVE,0,40.88330833,-74.0583,0,8,0,0,3,2,0,1,3,1,0,1,0,0000000,21,3,21,5,21,17,0,0,0,1,0
34,340019,1,1,0,0,0,1,1,5,2015,6,2,2013,4,14,0,1,13,3,SR-38,,76,39.95594167,-74.94213056,0,33,0,0,1,1,0,4,1,1,0,1,0,0000000,14,3,14,6,88,88,0,0,0,1,0
34,340020,1,1,0,1,1,1,1,25,1560,12,1,2013,7,8,25,1,13,3,SR-36,CR-4,241,40.42703889,-74.19662778,0,8,0,0,2,2,0,1,1,10,0,10,0,0000000,8,26,8,34,8,52,0,0,0,1,0
34,340021,1,1,0,1,1,1,1,5,0,3,2,2013,1,0,59,0,3,4,CR-537,,0,40.065475,-74.61021944,0,8,0,0,1,1,0,1,2,4,0,4,0,0000000,1,8,1,12,88,88,0,0,0,1,1
34,340022,1,1,0,0,0,2,2,11,1845,15,2,2013,6,7,15,0,4,4,CR-646,,0,39.33028333,-74.96387222,0,42,0,0,1,1,0,5,2,1,0,1,0,0000000,7,13,7,33,8,24,0,0,0,1,1
34,340023,1,1,0,0,0,1,1,27,0,31,1,2013,5,11,12,0,14,4,CR-642,METTLE LANE,0,40.91763056,-74.61004722,0,33,0,0,3,3,0,4,1,1,0,1,0,0000000,11,15,11,27,11,48,0,0,0,1,0
34,340024,2,2,0,0,0,2,2,1,1264,26,2,2013,3,5,42,0,3,3,SR-50,,236,39.50363611,-74.68047778,0,12,6,0,7,1,0,1,4,1,0,1,0,0000000,5,44,5,49,88,88,0,0,0,1,0
34,340025,1,1,0,1,1,1,1,3,1210,16,1,2013,4,20,20,0,14,4,CR-62 I,MAIN STREET,0,40.88968611,-74.03999722,0,8,0,0,3,2,0,1,3,10,0,10,0,0000000,20,14,20,17,20,34,0,0,0,1,0
34,340026,2,2,0,0,0,2,2,23,2582,8,2,2013,6,14,3,0,14,4,CR-601,JENNIE PLACE,0,40.59260833,-74.44255556,0,12,6,0,3,3,0,1,1,3,0,3,0,0000000,14,4,14,29,15,20,0,0,0,1,1
34,340027,1,1,0,1,1,2,2,27,2745,9,2,2013,7,19,9,0,14,4,CR-617,,0,40.82661111,-74.57271944,0,8,0,0,1,1,0,1,3,1,0,1,0,0000000,7,13,99,97,99,97,0,0,0,1,0
34,340028,1,1,0,1,1,2,2,15,0,1,1,2013,3,17,23,0,13,3,SR-168,,5,39.77599722,-75.05239722,0,8,0,0,1,1,0,1,3,1,0,1,0,0000000,99,99,99,99,99,99,0,0,0,1,0
34,340029,1,1,0,1,1,1,1,31,2510,11,2,2013,2,6,31,0,13,6,CR-509Z,WEST BROADWAY,0,40.92170556,-74.1758,0,8,0,0,3,2,0,1,3,2,0,2,0,0000000,6,25,6,25,6,45,0,0,0,1,0
34,340030,1,1,0,0,0,1,1,35,0,31,1,2013,5,15,6,0,14,4,CR-525,,0,40.69569722,-74.57459722,0,16,0,0,1,1,0,1,1,1,0,1,0,0000000,15,9,15,15,88,88,0,0,0,1,0
34,340031,1,1,0,1,1,2,2,39,1700,15,1,2013,3,18,6,0,14,4,CR-514,,0,40.62761944,-74.25561389,0,8,0,0,1,1,0,1,3,1,0,1,0,0000000,18,14,18,23,18,35,0,0,0,1,0
34,340032,1,1,0,1,1,1,1,39,3395,22,1,2013,3,7,44,0,14,4,CR-619,,0,40.70410833,-74.26221389,0,8,0,0,1,1,0,1,1,1,0,1,0,0000000,7,45,7,55,8,30,0,0,0,1,0
34,340033,2,2,0,0,0,2,2,29,1505,12,1,2013,7,10,48,1,11,1,I-195,,237,40.15583889,-74.29485,0,12,6,0,1,1,0,1,1,10,0,10,0,0000000,10,52,11,10,88,88,0,0,0,1,0
34,340034,2,2,0,0,0,5,5,3,1210,14,1,2013,2,11,55,0,14,4,CR-55,SUTTON AVENUE,0,40.87846111,-74.05624167,0,12,6,0,2,3,0,1,1,1,0,1,0,0000000,11,59,12,1,12,14,0,0,0,2,0
34,340035,1,1,0,1,1,1,1,29,3360,14,3,2013,5,17,34,1,13,3,SR-37,,82,39.95968889,-74.17526944,0,8,0,0,1,1,0,1,1,1,0,1,0,0000000,17,36,17,39,18,4,0,0,0,1,0
34,340036,1,1,0,0,0,2,2,25,1798,30,3,2013,7,18,20,1,13,2,US-9,,1168,40.29040556,-74.29646389,0,33,0,0,1,1,0,4,1,1,0,1,0,0000000,18,21,18,33,19,12,0,0,0,1,0
34,340037,1,1,0,0,0,2,2,5,481,30,1,2013,4,2,1,1,12,8,700,,454,40.04245,-74.80501944,0,24,0,0,1,1,0,4,2,5,0,5,0,0000000,2,1,2,13,2,48,0,0,0,1,0
34,340038,1,1,0,1,1,1,1,7,2545,18,1,2013,6,16,1,0,14,4,CR-610,43RD STREET,0,39.95555556,-75.07012778,0,9,0,0,2,2,0,1,1,1,0,1,1,0000000,99,99,99,99,99,99,0,0,0,1,0
34,340039,1,1,0,0,0,2,2,9,0,18,1,2013,6,20,24,0,15,4,CR-620,,0,39.05760833,-74.84644722,0,42,0,0,1,1,0,4,3,1,0,1,0,0000000,20,29,20,32,20,47,0,0,0,1,1
34,340040,1,1,0,0,0,3,3,25,1352,8,2,2013,6,6,58,1,11,8,444,,1179,40.41033056,-74.20071944,0,42,0,0,1,1,0,5,1,4,0,4,0,0000000,99,99,99,99,99,99,0,0,0,1,0
34,340041,1,1,0,0,0,1,1,13,2130,27,1,2013,1,2,30,1,11,1,I-280 (SUSSEX AVE CONNECTOR),,134,40.74990556,-74.18599444,0,1,0,1,18,1,0,1,3,1,0,1,0,0000000,2,24,2,25,2,41,0,0,0,1,1
34,340042,2,2,0,0,0,2,2,21,825,17,1,2013,5,21,3,0,14,4,CR-571,,0,40.28743889,-74.56689722,0,12,6,0,4,1,0,1,3,1,0,1,0,0000000,21,5,21,17,21,53,0,0,0,1,0
34,340043,1,1,0,1,1,1,1,5,735,18,3,2013,2,6,40,1,13,2,US-130,,398,40.01731389,-74.951075,0,8,0,0,1,1,0,1,4,1,0,1,0,0000000,6,42,6,46,7,5,0,0,0,1,0
34,340044,1,1,0,1,1,5,5,23,2208,1,1,2013,3,19,29,0,13,2,US-130,,819,40.44505278,-74.46830556,0,8,0,0,1,1,0,1,3,1,0,1,0,0000000,19,31,19,34,19,56,0,0,0,1,0
34,340045,1,1,0,0,0,1,1,29,1505,19,1,2013,7,11,24,1,11,1,I-195,,168,40.15953056,-74.42278056,0,35,0,1,5,1,0,8,1,1,0,1,0,0000000,11,34,11,59,12,38,0,0,0,1,0
34,340046,2,2,0,0,0,3,3,29,1505,20,1,2013,1,13,51,0,14,4,CR-528,,0,40.08409167,-74.26608611,0,12,6,0,4,1,0,1,1,1,0,1,0,0000000,13,51,14,6,14,19,0,0,0,1,0
34,340047,2,2,0,1,1,3,3,39,1550,18,2,2013,2,0,45,1,12,8,444,,1397,40.67276111,-74.28123056,0,8,0,0,1,1,0,1,2,1,0,1,0,0000000,0,55,1,5,88,88,0,0,0,1,0
34,340048,2,2,0,0,0,2,2,29,1505,2,1,2013,4,14,48,0,16,5,DIAMOND ROAD,BEDFORD ROAD,0,40.13937778,-74.37215,0,12,1,0,3,3,0,1,1,1,0,1,1,0000000,14,54,15,3,15,49,0,0,0,1,1
34,340049,2,2,0,0,0,3,3,35,0,16,1,2013,4,20,43,0,14,4,CR-525,,0,40.62490833,-74.56881667,0,12,2,0,1,1,0,1,2,1,0,1,0,0000000,20,47,20,52,21,26,0,0,0,1,1
34,340050,1,1,0,1,1,2,2,11,0,22,3,2013,6,20,1,0,4,4,CR-623,,0,39.44595,-75.39038889,0,8,0,0,1,1,0,1,2,1,0,1,0,0000000,20,0,20,10,88,88,0,0,0,1,0
34,340051,1,1,0,0,0,4,4,11,1970,30,3,2013,7,3,33,0,14,3,SR-47,ORANGE STREET,0,39.37085278,-75.02324167,0,19,0,0,3,3,0,5,3,1,0,1,0,0000000,3,14,3,20,3,42,0,0,0,1,1
34,340052,1,1,0,0,0,2,2,29,1801,18,2,2013,2,10,58,0,14,4,CR-539,,236,39.93653333,-74.38818333,0,30,0,0,1,1,0,5,1,1,0,1,0,0000000,11,8,11,30,12,0,0,0,0,1,0
34,340054,1,1,0,1,1,1,1,23,2140,25,3,2013,2,20,41,0,13,3,SR-27,COGSWELL PLACE,154,40.49074444,-74.45776111,0,8,0,0,2,2,0,1,3,2,0,2,0,0000000,20,50,20,53,21,9,0,0,0,1,0
34,340055,1,1,0,1,1,1,1,7,3694,16,3,2013,7,23,23,0,15,4,CR-536,,0,39.72132778,-74.86960556,0,8,0,0,1,1,0,2,3,10,0,10,0,0000000,23,22,23,28,23,49,0,0,0,1,0
34,340056,1,1,0,1,1,1,1,7,0,3,3,2013,1,18,51,0,13,3,SR-168,,80,39.89211389,-75.090625,0,8,0,0,1,1,0,1,3,1,0,1,0,0000000,18,53,19,2,19,17,0,0,0,1,0
34,340057,1,1,0,1,1,2,2,23,2417,30,3,2013,7,23,25,1,13,2,US-9,OLD MILL ROAD,1264,40.43127222,-74.30293333,0,8,0,0,2,2,0,1,3,1,0,1,0,0000000,23,29,23,43,0,24,0,0,0,1,0
34,340058,1,1,0,1,1,1,1,23,779,26,3,2013,3,8,54,1,13,3,SR-18,ICKER AVE,376,40.44601667,-74.39575833,0,8,0,0,2,2,0,1,1,1,0,1,0,0000000,8,50,9,0,9,33,0,0,0,1,0
34,340059,1,1,0,0,0,1,1,1,930,1,3,2013,6,17,29,0,5,4,CR-666,,0,39.37098056,-74.82151111,0,42,0,0,1,1,0,5,1,1,0,1,0,0000000,17,45,18,2,88,88,0,0,0,1,1
34,340060,1,1,0,0,0,1,1,33,2565,1,3,2013,6,8,54,1,11,1,I-295,,11,39.67921944,-75.49096111,0,24,0,1,19,1,0,4,1,1,0,1,0,0000000,8,45,8,58,88,88,0,0,0,1,0
34,340061,1,1,0,1,1,1,1,31,660,27,1,2013,1,17,52,0,13,3,SR-46,SR-3,602,40.87081667,-74.18931111,0,9,0,1,18,1,0,1,1,1,0,1,0,0000000,17,52,17,57,88,88,0,0,0,1,0
34,340062,1,1,0,0,0,1,1,5,3047,13,3,2013,4,19,40,0,4,4,CR-620,,117,39.80343333,-74.74611389,0,30,0,0,1,1,0,5,2,1,0,1,0,0000000,19,48,19,50,20,20,0,0,0,1,1
34,340063,1,1,0,1,1,1,1,11,420,20,3,2013,4,18,32,0,16,6,MCCORMICK PLACE,,0,39.427825,-75.23273056,0,8,0,0,1,1,0,1,1,1,0,1,0,0000000,18,32,18,32,88,88,0,0,0,1,0
34,340064,1,1,0,1,1,3,3,3,2790,5,3,2013,3,19,29,0,16,6,NORTH WALNUT STREET,FRANKLIN AVE,0,40.98109167,-74.11625,0,8,0,0,1,1,0,1,2,1,0,1,0,0000000,19,31,19,40,20,10,0,0,0,1,0
34,340065,1,1,0,1,1,1,1,15,1311,7,3,2013,5,2,24,1,13,2,US-322,MULLICA HILL RD,152,39.71866667,-75.15228056,0,8,0,1,18,1,0,1,3,6,0,6,0,0000000,2,27,2,41,2,56,23,0,0,1,0
34,340066,1,1,0,1,1,1,1,21,3633,11,3,2013,2,13,5,0,14,4,CR-535,,106,40.283075,-74.56619722,0,9,0,0,1,1,0,1,1,1,0,1,0,0000000,13,7,13,13,13,37,0,0,0,1,0
34,340067,2,2,0,0,0,7,7,35,425,28,2,2013,5,6,40,1,13,2,US-22,,358,40.57841667,-74.58465278,0,12,6,0,1,1,0,1,1,2,0,2,0,0000000,6,42,6,51,7,34,0,0,0,1,0
34,340068,1,1,0,0,0,2,2,21,825,14,3,2013,5,22,14,0,13,2,US-130,,699,40.28907222,-74.52291944,0,30,0,0,1,1,0,5,3,1,0,1,0,0000000,22,17,22,31,23,0,0,0,0,1,0
34,340069,2,1,1,1,1,2,2,29,0,16,3,2013,7,16,46,1,12,8,GARDEN STATE PARKWAY 444,,747,39.85485,-74.22283056,0,8,0,0,1,1,0,2,1,3,0,3,0,0000000,16,58,17,8,88,88,19,0,0,1,0
34,340070,2,2,0,0,0,2,2,23,3144,11,3,2013,2,9,56,1,13,2,US-1,CR-522,164,40.38648611,-74.57108333,0,12,6,0,2,2,0,1,1,1,0,1,0,0000000,9,58,10,8,88,88,0,0,0,1,0
34,340071,2,2,0,0,0,2,2,29,416,9,3,2013,7,15,3,0,16,6,JORDAN RD,,0,40.06908889,-74.09208333,0,12,8,0,1,1,0,1,1,1,0,1,0,0000000,15,4,15,17,88,88,0,0,0,1,0
34,340072,4,4,0,0,0,4,4,25,0,5,3,2013,3,11,18,1,13,2,US-9,,1114,40.22250278,-74.26815,0,12,2,0,1,1,0,1,1,1,0,1,0,0000000,11,22,11,25,12,3,0,0,0,1,0
34,340073,1,1,0,0,0,1,1,25,3357,9,4,2013,3,0,22,1,12,8,444 GARDEN STATE PKWY,,1052,40.26795,-74.07788333,0,43,0,0,1,1,0,3,3,1,0,1,0,0000000,0,32,0,46,88,88,0,0,0,1,1
34,340074,3,3,0,0,0,5,5,29,416,28,1,2013,2,8,36,0,14,3,SR-88,,38,40.08247222,-74.14805556,0,12,2,0,1,1,0,1,1,10,0,10,0,0000000,9,0,9,6,9,14,0,0,0,1,0
34,340075,2,2,0,0,0,3,3,1,2230,4,2,2013,2,8,24,0,14,4,CR-662,WABASH AVE,0,39.36625556,-74.55479722,0,12,6,0,2,2,0,1,1,1,0,1,0,0000000,8,31,8,39,9,5,0,0,0,1,1
34,340076,2,2,0,0,0,3,3,5,1774,12,3,2013,3,17,7,0,14,4,CR-612,,86,39.94698333,-74.79048889,0,12,6,0,1,1,0,1,1,10,0,10,0,0000000,17,8,17,13,17,43,0,0,0,1,0
34,340077,1,1,0,1,1,1,1,29,3360,27,4,2013,7,2,16,1,13,3,SR-37,OAK RIDGE PKWY,51,39.96758611,-74.22871111,0,8,0,0,2,2,0,1,3,1,0,1,0,0000000,2,18,2,23,88,88,0,0,0,1,0
34,340078,1,1,0,0,0,2,2,1,1264,19,4,2013,6,13,13,1,12,8,ATLANTIC CITY EXPRESSWAY,,190,39.52726111,-74.70796944,0,35,0,0,1,1,0,4,1,1,0,1,0,0000000,13,13,13,23,13,57,0,0,0,1,0
34,340079,1,1,0,0,0,1,1,35,0,21,4,2013,1,16,56,1,13,2,US-206,,623,40.460625,-74.65853611,0,1,0,0,1,1,0,1,1,1,0,1,0,0000000,16,57,17,9,99,99,0,0,0,1,0
34,340081,1,1,0,1,1,1,1,27,2030,14,3,2013,5,19,28,0,13,3,SR-124,,10,40.78811389,-74.46655,0,8,0,0,1,1,0,1,5,1,0,1,0,0000000,19,33,19,35,19,39,0,0,0,1,0
34,340082,3,3,0,0,0,5,5,29,3360,1,4,2013,2,13,38,1,13,3,SR-37,SAINT CATHERINE BLVD,34,39.98278889,-74.25418056,0,12,1,0,3,2,0,1,1,10,0,10,0,0000000,13,43,13,53,14,22,0,0,0,2,0
34,340083,1,1,0,1,1,1,1,7,520,2,3,2013,7,4,43,0,14,4,CR-551,,0,39.90881389,-75.120025,0,8,0,0,1,1,0,1,2,1,0,1,0,0000000,99,99,99,99,99,99,0,0,0,1,0
34,340084,2,2,0,0,0,2,2,13,2440,22,4,2013,2,17,33,0,16,6,LINCOLN AVE,FAIRVIEW AVE,0,40.76253056,-74.24329444,0,12,6,0,2,2,0,1,1,1,0,1,0,0000000,17,34,17,44,88,88,0,0,0,1,0
34,340085,3,3,0,0,0,6,6,3,2942,4,3,2013,2,22,5,1,11,1,I-80,,622,40.90356944,-74.09731944,0,12,1,0,1,1,0,1,3,1,0,1,0,0000000,22,17,22,25,22,46,0,0,0,1,0
34,340086,2,2,0,0,0,3,3,15,1082,16,4,2013,3,9,5,0,14,3,SR-47,CR-612,556,39.60740833,-75.07154167,0,12,6,0,2,2,0,1,1,1,0,1,1,0000000,9,11,9,19,9,39,0,0,0,1,0
34,340087,1,1,0,1,1,2,2,15,1150,12,4,2013,6,0,30,0,16,6,STATE STREET,,0,39.70606944,-75.11043889,0,8,0,0,1,1,0,1,3,5,0,5,0,0000000,0,31,0,43,1,13,0,0,0,1,1
34,340088,1,1,0,0,0,1,1,29,1590,19,3,2013,3,1,58,1,13,2,US-9,SR-88,1017,40.08994444,-74.21640278,0,33,0,0,3,2,0,4,3,2,0,2,0,0000000,2,3,2,10,2,21,0,0,0,1,1
34,340089,1,1,0,0,0,4,4,15,0,23,3,2013,7,19,15,0,6,4,CR-664,,0,39.760225,-75.23177222,0,1,0,0,1,1,0,5,5,1,0,1,0,0000000,19,26,19,34,20,20,0,0,0,1,1
34,340090,1,1,0,1,1,1,1,13,2130,9,4,2013,3,9,22,0,13,4,CR-510,MORRIS AVE,0,40.73879444,-74.19127222,0,8,0,0,3,3,0,1,1,1,0,1,0,0000000,9,20,9,24,9,30,0,0,0,1,0
34,340091,1,1,0,1,1,3,3,29,1590,6,2,2013,4,20,1,0,16,5,PORTSMOUTH DRIVE,DORCHESTER DRIVE,0,40.035125,-74.18344167,0,8,0,0,3,3,0,1,3,1,0,1,0,0000000,20,2,20,14,20,35,0,0,0,1,0
34,340092,2,2,0,0,0,2,2,25,1465,3,5,2013,6,6,37,0,15,5,EAST ALDRICH ROAD,AT PINEWOOD ROAD,0,40.15927778,-74.22207222,0,12,6,0,2,2,0,1,1,1,0,1,0,0000000,6,41,7,0,7,32,0,0,0,1,0
34,340093,1,1,0,0,0,1,1,11,1970,25,4,2013,5,21,59,0,14,4,CR-627,,0,39.36866111,-75.04070278,0,30,0,0,1,1,0,5,2,1,0,1,0,0000000,21,56,22,1,88,88,0,0,0,1,0
34,340094,1,1,0,1,1,1,1,17,1520,19,4,2013,6,22,3,1,14,4,CR-501,FAIRMONT AVE,0,40.72591944,-74.07220833,0,8,0,0,2,2,0,1,3,1,0,1,0,0000000,22,3,22,10,22,22,0,0,0,1,0
34,340095,1,1,0,1,1,1,1,31,3522,29,3,2013,6,22,15,1,11,1,I-80,,535,40.89511944,-74.25921111,0,8,0,1,5,1,0,1,2,1,0,1,0,0000000,22,22,22,51,23,4,0,0,0,1,0
34,340096,3,3,0,0,0,4,4,17,1310,31,3,2013,1,0,47,1,11,1,I-280,,156,40.74348889,-74.15756111,0,12,1,0,1,1,0,1,2,1,0,1,0,0000000,0,54,1,4,99,99,0,0,0,1,0
34,340097,1,1,0,0,0,1,1,7,0,16,3,2013,7,10,46,0,15,4,CR-677,AUTUMN COURT,0,39.84019444,-75.05251389,0,1,0,0,2,2,0,1,1,10,0,10,0,0000000,10,49,10,57,11,16,0,0,0,1,0
34,340098,1,1,0,1,1,1,1,13,2130,3,3,2013,1,19,15,1,13,3,SR-21,EMMET STREET,10,40.72003611,-74.17977222,0,8,0,0,2,2,0,1,3,1,0,1,0,0000000,19,34,19,50,19,59,0,0,0,1,0
34,340099,2,2,0,0,0,4,4,1,851,12,3,2013,3,12,49,0,14,4,CR-646,,0,39.42896111,-74.569575,0,12,6,0,1,1,0,1,1,2,0,2,0,0000000,12,51,12,58,13,28,0,0,0,1,0
34,340100,3,1,2,1,2,1,2,21,2712,28,3,2013,5,9,38,0,16,6,RIVERSIDE DR,,0,40.35469444,-74.63779444,0,14,0,0,1,1,0,4,1,1,0,1,0,0000000,9,39,9,55,10,24,15,14,0,1,0
34,340101,2,2,0,0,0,3,3,23,2208,7,2,2013,5,11,43,1,13,2,US-1,US-130,246,40.46296944,-74.45441111,0,12,2,1,5,1,0,1,1,1,0,1,0,0000000,11,44,11,53,12,15,0,0,0,1,0
34,340102,2,2,0,0,0,2,2,21,935,19,4,2013,6,7,24,0,14,4,CR-611,,0,40.28601111,-74.81123889,0,12,2,0,1,1,0,1,1,10,0,10,0,0000000,7,28,7,34,7,54,0,0,0,1,1
34,340103,1,1,0,0,0,1,1,35,1417,31,3,2013,1,1,42,0,16,6,TRIANGLE RD,,0,40.51811111,-74.63913333,0,33,0,0,1,1,0,3,3,1,0,1,0,0000000,1,40,1,47,2,20,0,0,0,1,1
34,340104,2,2,0,0,0,3,3,1,851,24,5,2013,6,15,13,0,13,3,SR-152,,30,39.31548889,-74.53430833,0,12,2,0,1,1,0,1,1,1,0,1,0,0000000,15,18,15,26,16,19,0,0,0,1,1
34,340105,1,1,0,1,1,1,1,17,1310,17,3,2013,1,22,50,0,15,4,CR-697,BERGEN STREET,0,40.74323056,-74.15603333,0,8,0,0,2,2,0,1,3,1,0,1,0,0000000,99,99,99,99,99,99,0,0,0,1,0
34,340106,2,2,0,0,0,3,3,5,3047,19,5,2013,1,5,4,1,2,2,US-206,,85,39.7591,-74.7319,0,12,2,0,1,1,0,1,2,2,0,2,0,0000000,5,4,5,20,6,18,0,0,0,1,1
34,340107,1,1,0,1,1,1,1,13,1990,8,5,2013,4,6,17,0,14,4,CR-621,,0,40.82098333,-74.22069444,0,8,0,0,1,1,0,1,4,2,0,2,0,0000000,6,17,6,24,6,45,0,0,0,1,0
34,340108,4,4,0,0,0,4,4,23,1986,15,4,2013,2,13,39,1,11,1,I-95,,287,40.35003889,-74.47451111,0,12,1,1,18,1,0,1,1,1,0,1,0,0000000,13,51,14,0,14,47,0,0,0,1,0
34,340109,1,1,0,1,1,1,1,17,190,9,3,2013,7,4,40,0,14,6,BROADWAY,25TH ST,0,40.66558056,-74.11673056,0,8,0,0,2,2,0,1,3,1,0,1,0,0000000,4,47,4,52,5,13,0,0,0,1,0
34,340110,3,3,0,0,0,5,5,11,0,26,3,2013,3,16,45,0,14,4,CR-553,CR-617,0,39.47598889,-75.19766944,0,12,6,0,2,2,0,1,1,1,0,1,0,0000000,16,43,16,48,17,7,0,0,0,1,0
34,340111,1,1,0,0,0,1,1,11,1970,25,3,2013,2,11,21,1,12,3,SR-55,,223,39.36071111,-75.00543056,0,42,0,0,1,1,0,5,1,4,0,4,0,0000000,11,14,11,26,88,88,0,0,0,1,0
34,340112,1,1,0,1,1,1,1,1,90,14,3,2013,5,20,10,0,16,6,MELROSE AVE,RHODE ISLAND AVE,0,39.37134167,-74.41825556,0,9,0,0,2,3,0,1,3,1,0,1,0,0000000,20,12,20,20,88,88,0,0,0,1,0
34,340113,2,1,1,1,1,1,1,13,2130,17,3,2013,1,12,52,0,16,6,DAYTON STREET,,0,40.69403611,-74.20405278,0,8,0,0,1,1,0,1,1,1,0,1,0,0000000,12,49,12,55,13,18,14,0,0,1,0
34,340114,1,1,0,0,0,2,2,1,1264,3,3,2013,1,1,56,0,15,4,CR-559,,165,39.47266944,-74.75121667,0,42,0,0,1,1,0,5,2,1,0,1,0,0000000,1,57,2,6,2,57,0,0,0,2,1
34,340115,1,1,0,1,1,1,1,13,2130,11,3,2013,2,17,29,0,16,6,JABEZ STREET,,0,40.71999722,-74.15336389,0,9,0,0,4,1,0,1,1,1,0,1,0,0000000,17,29,17,43,88,88,0,0,0,1,0
34,340116,1,1,0,1,1,1,1,5,3691,22,3,2013,6,23,23,0,13,4,CR-626,,50,40.011275,-74.87290556,0,33,0,0,1,1,0,4,3,1,0,1,0,0000000,23,23,23,28,0,18,0,0,0,1,0