STATE,ST_CASE,VE_TOTAL,VE_FORMS,PVH_INVL,PEDS,PERNOTMVIT,PERMVIT,PERSONS,COUNTY,CITY,DAY,MONTH,YEAR,DAY_WEEK,HOUR,MINUTE,NHS,ROAD_FNC,ROUTE,TWAY_ID,TWAY_ID2,MILEPT,LATITUDE,LONGITUD,SP_JUR,HARM_EV,MAN_COLL,RELJCT1,RELJCT2,TYP_INT,WRK_ZONE,REL_ROAD,LGT_COND,WEATHER1,WEATHER2,WEATHER,SCH_BUS,RAIL,NOT_HOUR,NOT_MIN,ARR_HOUR,ARR_MIN,HOSP_HR,HOSP_MN,CF1,CF2,CF3,FATALS,DRUNK_DR
34,340117,2,2,0,1,1,2,2,13,2130,29,3,2013,6,22,13,0,16,6,ORANGE STREET,GRAY STREET,0,40.75445,-74.19383333,0,8,0,0,2,2,0,1,3,1,0,1,0,0000000,22,16,22,21,22,50,0,0,0,1,0
34,340118,1,1,0,1,1,1,1,25,1925,18,3,2013,2,22,26,1,13,3,SR-36,THOMPSON AVE,162,40.41456944,-74.05931389,0,8,0,0,3,2,0,1,3,3,0,3,0,0000000,22,32,22,46,23,18,0,0,0,1,0
34,340119,2,2,0,0,0,2,2,29,3360,9,4,2013,3,22,49,1,13,3,SR-37,RUBELLE PLACE,43,39.97390833,-74.24068889,0,12,6,0,2,2,0,1,3,1,0,1,0,0000000,22,49,22,55,88,88,0,0,0,1,1
34,340120,1,1,0,1,1,1,1,31,2240,17,3,2013,1,19,40,0,14,4,CR- 677,,0,40.96889722,-74.19044167,0,8,0,0,1,1,0,1,3,1,0,1,0,0000000,19,42,19,48,88,88,0,0,0,1,0
34,340121,2,2,0,1,1,2,2,23,844,16,4,2013,3,1,1,1,11,1,I-287,,5,40.52954167,-74.34498611,0,12,11,0,1,1,0,1,2,1,0,1,0,0000000,1,7,1,15,1,43,19,0,0,2,1
34,340122,1,1,0,1,1,3,3,35,1081,15,5,2013,4,21,22,0,13,3,SR-27,,150,40.48830556,-74.4653,0,9,0,0,1,1,0,1,2,1,0,1,0,0000000,21,22,21,25,21,42,0,0,0,1,0
34,340123,1,1,0,0,0,1,1,39,3290,13,5,2013,2,13,26,0,14,4,CR-527,,0,40.69099167,-74.37764722,0,42,0,0,1,1,0,4,1,1,0,1,0,0000000,13,34,13,40,14,9,0,0,0,1,0
34,340124,1,1,0,0,0,3,3,13,2130,18,1,2013,6,1,46,1,12,2,US-1&9,,514,40.73466389,-74.1252,0,33,0,1,5,1,0,4,3,1,0,1,0,0000000,1,50,2,6,2,33,0,0,0,1,1
34,340125,2,2,0,0,0,2,2,21,1265,19,2,2013,3,15,25,0,14,4,CR-533,,0,40.2604,-74.67699722,0,12,6,0,8,1,0,1,1,2,0,2,0,0000000,15,26,15,38,15,55,0,0,0,1,0
34,340126,3,3,0,0,0,4,4,29,1590,25,1,2013,6,10,26,1,13,3,SR-70,AIRPORT RD,520,40.05259444,-74.18196667,0,12,1,0,3,2,0,1,1,1,0,1,0,0000000,10,27,10,31,10,57,0,0,0,1,0
34,340127,2,2,0,0,0,3,3,29,1801,31,3,2013,1,18,13,0,14,4,CR-547,,0,40.03400278,-74.30591389,0,12,6,0,1,1,0,1,5,2,0,2,0,0000000,18,16,18,29,99,99,0,0,0,2,0
34,340128,1,1,0,0,0,4,4,1,0,21,3,2013,5,21,31,0,6,6,READING AVE,FRAZIER AVE,0,39.543575,-74.67671667,0,42,0,0,3,4,0,4,2,1,0,1,0,0000000,21,32,21,41,22,10,0,0,0,1,0
34,340129,1,1,0,0,0,1,1,31,2500,12,4,2013,6,3,30,0,16,6,8TH STREET,,0,40.85869722,-74.10998333,0,30,0,0,1,1,0,4,3,1,0,1,0,0000000,3,51,4,0,4,27,0,0,0,1,1
34,340131,1,1,0,0,0,2,2,23,1986,20,2,2013,4,16,7,0,16,6,CLEARBROOK DR,CROYDEN RD,0,40.30766667,-74.46294444,0,33,0,0,3,3,0,4,1,1,0,1,0,0000000,16,9,16,15,16,46,0,0,0,1,0
34,340132,1,1,0,1,1,1,1,39,2900,19,3,2013,3,21,48,0,14,6,CR-610,,0,40.65996667,-74.26380833,0,8,0,0,1,1,0,1,3,1,0,1,0,0000000,21,47,21,50,22,24,0,0,0,1,0
34,340133,1,1,0,0,0,1,1,23,844,31,3,2013,1,20,37,0,16,6,STEPHENVILLE PARKWAY,,0,40.56983889,-74.36744167,0,33,0,0,1,1,0,4,3,2,0,2,0,0000000,20,44,20,54,21,45,0,0,0,1,1
34,340134,1,1,0,1,1,1,1,13,2130,12,2,2013,3,22,40,1,13,3,SR-21,KINNEY ST,17,40.727425,-74.17173611,0,8,0,0,2,2,0,1,3,99,0,99,0,0000000,22,36,22,40,22,46,0,0,0,1,0
34,340135,1,1,0,1,1,2,2,3,950,16,3,2013,7,15,0,0,13,4,CR-507,HOOPER AVE,0,40.93374444,-74.13293056,0,8,0,0,2,2,0,1,1,4,0,4,0,0000000,15,58,16,11,16,33,0,0,0,1,0
34,340136,1,1,0,0,0,1,1,1,1264,20,3,2013,4,22,10,0,4,4,CR-559,,0,39.56235278,-74.78436389,0,30,0,0,1,1,0,5,2,1,0,1,0,0000000,22,15,22,21,22,34,0,0,0,1,1
34,340137,1,1,0,1,1,1,1,21,3380,26,3,2013,3,12,20,1,13,3,SR-33,BARLOW ST,1,40.21808333,-74.75638611,0,15,0,1,3,3,0,2,1,1,0,1,0,0000000,12,23,12,32,88,88,0,0,0,1,0
34,340138,1,1,0,0,0,2,2,7,598,1,3,2013,6,13,29,0,14,4,CR-627,,0,39.93004444,-75.01218333,0,33,0,0,1,1,0,4,1,1,0,1,0,0000000,13,30,13,33,13,53,0,0,0,1,0
34,340139,2,1,1,1,1,1,1,23,3705,22,2,2013,6,9,33,0,16,6,FAIRVIEW AVE,,0,40.58250278,-74.30388889,0,8,0,0,1,1,0,1,1,1,0,1,0,0000000,9,35,9,43,10,18,0,0,0,1,1
34,340140,2,2,0,0,0,3,3,29,0,22,5,2013,4,9,25,0,15,4,CR-539,CR-537,0,40.10341111,-74.50736389,0,12,6,0,2,2,0,1,1,1,0,1,0,0000000,9,32,9,32,10,7,0,0,0,1,0
34,340141,1,1,0,0,0,1,1,7,520,21,2,2013,5,0,22,1,13,2,US-30,,25,39.93884444,-75.09288333,0,33,0,0,1,1,0,5,3,1,0,1,0,0000000,0,23,0,32,0,45,0,0,0,1,1
34,340142,2,2,0,0,0,2,2,37,1070,26,5,2013,1,17,53,1,13,3,SR-23,,315,41.1011,-74.57668889,0,12,2,0,1,1,0,1,1,1,0,1,0,0000000,17,55,18,23,18,38,0,0,0,1,0
34,340143,1,1,0,0,0,1,1,1,851,3,5,2013,6,16,8,0,14,4,CR-615,MARSHALL DRIVE,0,39.35957778,-74.63963056,0,34,0,0,3,3,0,4,1,1,0,1,0,0000000,16,9,16,18,16,48,0,0,0,1,1
34,340144,1,1,0,0,0,2,2,35,398,3,6,2013,2,12,10,0,6,5,MAPLE AVENUE,,0,40.51024722,-74.7357,0,30,0,0,1,1,0,4,1,1,0,1,0,0000000,12,10,12,29,13,20,0,0,0,1,0
34,340145,2,2,0,0,0,2,2,15,0,7,6,2013,6,15,57,0,3,3,SR-77,,192,39.68505,-75.20650278,0,12,2,0,1,1,0,1,1,2,0,2,0,0000000,16,2,16,7,16,49,0,0,0,1,0
34,340146,2,2,0,0,0,6,6,13,2130,12,5,2013,1,16,24,0,16,6,CLINTON PLACE,MILLINGTON AVE,0,40.72064167,-74.21054167,0,12,6,0,2,3,0,1,1,1,0,1,0,0000000,16,29,16,32,16,49,0,0,0,1,0
34,340147,1,1,0,1,1,1,1,3,1330,6,4,2013,7,3,0,0,14,4,CR-40 I,LOUIS ST,0,40.87010278,-74.07233611,0,8,0,0,3,3,0,1,3,1,0,1,0,0000000,3,10,3,13,88,88,0,0,0,1,0
34,340149,2,2,0,0,0,3,3,35,3520,7,6,2013,6,14,22,0,14,4,CR-531,,0,40.64607778,-74.45118611,0,12,6,0,1,1,0,1,1,2,0,2,0,0000000,14,22,14,29,14,55,0,0,0,1,0
34,340150,2,2,0,0,0,2,2,21,3380,15,4,2013,2,16,57,0,14,6,STUYVESANT AVE,BEECHWOOD AVE,0,40.239675,-74.78942222,0,12,11,0,2,3,0,1,5,1,0,1,0,0000000,16,44,16,45,17,7,0,0,0,1,0
34,340151,2,2,0,0,0,6,6,29,1801,4,5,2013,7,17,26,1,2,3,SR-70,,362,39.95625556,-74.43300833,0,12,2,0,1,1,0,2,1,1,0,1,0,0000000,17,30,17,46,18,0,0,0,0,1,0
34,340152,1,1,0,0,0,1,1,13,574,10,6,2013,2,9,9,0,16,5,EAST BRADFORD AVENUE,TORKSHIRE DRIVE,0,40.84528333,-74.22540278,0,33,0,0,3,3,0,4,1,10,0,10,0,0000000,99,99,99,99,99,99,0,0,0,1,0
34,340153,1,1,0,0,0,2,2,21,3633,11,5,2013,7,13,15,1,13,2,US-1,,116,40.33529167,-74.63333056,0,42,0,0,1,1,0,5,1,1,0,1,0,0000000,13,13,13,18,13,55,0,0,0,1,0
34,340154,2,2,0,0,0,2,2,29,0,1,5,2013,4,16,12,1,13,3,SR-72,BREAKERS DR,202,39.73013889,-74.29375,0,12,6,0,8,1,0,1,1,1,0,1,0,0000000,16,15,16,18,16,44,0,0,0,1,1
34,340155,1,1,0,0,0,3,3,25,1465,14,6,2013,6,23,47,0,16,5,FORT PLAINS ROAD,,0,40.17958333,-74.25519167,0,30,0,0,1,1,0,4,3,1,0,1,0,0000000,23,28,23,38,0,25,0,0,0,1,1
34,340156,1,1,0,0,0,2,2,23,779,19,6,2013,4,14,20,0,16,5,VALLEY VIEW ROAD,SHERWOOD AVENUE,0,40.43839167,-74.404,0,33,0,0,3,3,0,4,1,1,0,1,0,0000000,14,21,14,33,15,2,0,0,0,1,0
34,340157,4,2,2,0,0,4,4,13,2130,7,4,2013,1,3,5,0,16,6,BROADWAY,MONTCLAIR AVE,0,40.776875,-74.15757222,0,12,6,0,2,3,0,1,3,1,0,1,0,0000000,3,12,3,19,3,37,0,0,0,1,1
34,340158,1,1,0,0,0,4,4,7,2545,16,2,2013,7,21,0,0,13,4,CR-644,SR-73 (RAMP),62,39.98241389,-75.01606111,0,33,0,1,19,1,0,4,3,1,0,1,0,0000000,21,0,21,4,21,27,0,0,0,1,0
34,340159,1,1,0,1,1,1,1,17,1520,20,6,2013,5,21,39,0,16,6,MARIN BLVD,,0,40.71566389,-74.04278611,0,9,0,0,1,1,0,1,3,1,0,1,0,0000000,21,39,21,47,21,58,0,0,0,1,0
34,340160,1,1,0,0,0,1,1,11,1845,31,5,2013,6,10,5,0,4,4,CR-552,,0,39.42965,-74.88778889,0,53,0,0,1,1,0,5,1,1,0,1,0,0000000,99,99,99,99,88,88,0,0,0,1,0
34,340161,2,2,0,0,0,2,2,15,1814,13,5,2013,2,13,19,0,14,4,CR-678,,0,39.78358889,-75.18371944,0,12,9,0,8,1,0,1,1,1,0,1,0,0000000,13,21,13,33,14,1,0,0,0,1,0
34,340162,2,2,0,0,0,2,2,7,3694,15,5,2013,4,6,50,0,14,4,CR-536 SPUR,,30,39.72676944,-74.95906667,0,12,2,0,1,1,0,1,1,1,0,1,0,0000000,6,51,6,58,7,25,0,0,0,1,0
34,340163,1,1,0,1,1,1,1,11,3460,16,5,2013,5,20,2,0,14,3,SR-47,WEST SHERMAN AVE,438,39.44668333,-75.04198056,0,8,0,0,3,2,0,1,1,1,0,1,0,0000000,99,99,99,99,99,99,0,0,0,1,1
34,340165,2,2,0,0,0,3,3,21,1265,8,6,2013,7,20,15,1,13,2,US-206,PARK AVENUE,400,40.196325,-74.72433611,0,12,6,0,2,2,0,1,5,1,0,1,0,0000000,20,14,20,39,20,52,0,0,0,1,1
34,340166,2,2,0,0,0,3,3,25,3475,21,4,2013,1,16,38,1,12,3,SR-138,ALLENWOOD RD,7,40.170675,-74.09314722,0,33,0,0,3,2,0,4,1,1,0,1,0,0000000,16,39,16,56,17,27,0,0,0,1,0
34,340167,1,1,0,0,0,1,1,23,3705,20,4,2013,7,13,35,1,13,2,US-1,,360,40.568775,-74.29555278,0,33,0,0,1,1,0,4,1,1,0,1,0,0000000,0,0,0,0,0,0,0,0,0,1,1
34,340168,1,1,0,1,1,2,2,23,2140,14,4,2013,1,0,7,1,13,3,SR-18,GEORGE ST,414,40.48703056,-74.43252222,0,8,0,0,2,3,0,1,2,1,0,1,0,0000000,0,7,0,11,0,33,0,0,0,1,0
34,340169,1,1,0,0,0,1,1,23,779,21,4,2013,1,3,54,0,14,5,CHURCH LANE,RIVA AVENUE,0,40.42420556,-74.47724722,0,24,0,0,3,2,0,4,3,1,0,1,0,0000000,99,99,99,99,88,88,0,0,0,1,1
34,340170,4,4,0,0,0,4,4,25,1925,20,4,2013,7,13,54,1,12,8,GSP 444,,1135,40.370875,-74.14458889,0,12,2,0,1,1,0,1,1,1,0,1,0,0000000,13,59,14,13,14,35,0,0,0,1,0
34,340171,2,2,0,0,0,3,3,23,2140,8,4,2013,2,18,8,0,15,6,JOYCE KILMER AVENUE,EIGHTH STREET,0,40.47455,-74.46679444,0,58,0,0,3,3,0,1,1,1,0,1,0,0000000,18,11,18,26,18,39,0,0,0,1,1
34,340172,3,3,0,0,0,4,4,31,660,26,5,2013,1,23,32,1,12,3,SR-3,,27,40.84008611,-74.16051389,0,12,2,0,1,1,0,1,3,1,0,1,0,0000000,23,36,23,38,0,8,14,0,0,2,0
34,340173,1,1,0,0,0,1,1,31,660,22,4,2013,2,6,48,1,12,8,GSA-444,,1552,40.86635,-74.17003889,0,35,0,0,1,1,0,4,1,1,0,1,0,0000000,6,57,7,14,88,88,0,0,0,1,0
34,340174,3,3,0,1,1,3,3,21,825,6,6,2013,5,13,7,1,13,2,US-130,,689,40.27845833,-74.53126944,0,8,0,0,1,1,0,1,1,1,0,1,0,0000000,13,8,13,11,13,47,0,0,0,1,0
34,340175,2,2,0,0,0,4,4,7,2545,31,1,2013,5,15,50,0,14,4,CR-626,RUSSELL AVE,0,39.94796111,-75.04886111,0,12,2,0,3,6,0,1,1,1,0,1,0,0000000,15,44,15,47,16,20,0,0,0,2,0
34,340176,2,2,0,0,0,3,3,27,2498,3,5,2013,6,14,13,0,13,3,SR-53,BROOKLAWN DRIVE,24,40.86332778,-74.46961944,0,12,6,0,1,1,0,1,1,1,0,1,0,0000000,14,14,14,25,14,54,0,0,0,1,0
34,340178,1,1,0,0,0,2,2,13,2130,4,5,2013,7,23,47,1,11,1,I-78,,560,40.71146944,-74.19936944,0,33,0,1,5,1,0,10,3,1,0,1,0,0000000,99,99,99,99,88,88,0,0,0,2,0
34,340179,2,2,0,1,1,5,5,23,2417,12,5,2013,1,20,53,1,13,2,US-9,FAIRWAY LANE,1249,40.40882778,-74.30582778,0,8,0,0,1,1,0,1,3,1,0,1,0,0000000,99,99,99,99,99,99,0,0,0,1,0
34,340180,1,1,0,0,0,2,2,25,3475,11,4,2013,5,4,27,0,15,5,RAMSHORN DRIVE,,0,40.12646944,-74.08604444,0,42,0,0,1,1,0,4,3,5,0,5,0,0000000,4,31,4,46,88,88,0,0,0,2,1
34,340181,2,2,0,0,0,2,2,21,825,15,5,2013,4,14,46,1,13,2,US-130,SR-33,673,40.25636111,-74.55166944,0,12,6,0,2,4,0,1,1,1,0,1,0,0000000,14,47,14,50,88,88,0,0,0,1,0
34,340182,1,1,0,0,0,2,2,1,90,4,4,2013,5,10,15,0,16,6,SOUTH RHODE ISLAND AVENUE,,0,39.364775,-74.41394722,0,33,0,0,1,1,0,4,1,1,0,1,0,0000000,99,99,99,99,99,99,0,0,0,1,0
34,340183,1,1,0,0,0,1,1,23,779,4,5,2013,7,12,2,1,13,3,SR-18,CR-617,355,40.42110278,-74.37634722,0,33,0,0,3,2,0,4,1,1,0,1,0,0000000,12,2,12,9,13,8,0,0,0,1,0
34,340184,2,2,0,0,0,2,2,39,860,23,5,2013,5,1,30,1,13,2,US-1,E JERSEY ST,443,40.66255278,-74.2068,0,12,1,0,2,2,0,1,3,1,0,1,0,0000000,1,32,1,35,88,88,0,0,0,1,1
34,340185,3,3,0,0,0,4,4,33,0,9,5,2013,5,16,6,0,3,3,SR-45,,8,39.58268889,-75.46026667,0,12,1,0,1,1,1,1,1,10,0,10,0,0000000,16,8,16,8,16,33,3,14,0,1,1
34,340186,1,1,0,0,0,1,1,29,1505,7,6,2013,6,23,38,0,14,4,CR-528,,0,40.08427778,-74.27906944,0,53,0,0,1,1,0,4,2,2,0,2,0,0000000,99,99,99,99,88,88,0,0,0,1,1
34,340187,2,2,0,0,0,2,2,37,1576,17,6,2013,2,10,10,1,2,3,SR-15,SR-94,166,41.0896,-74.67881111,0,12,6,0,2,2,0,1,1,1,0,1,0,0000000,10,12,10,18,10,33,0,0,0,1,0
34,340188,2,2,0,0,0,2,2,5,3149,21,6,2013,6,12,50,0,5,5,RIDGE ROAD,,0,39.92208056,-74.71881111,0,12,1,0,1,1,0,1,1,1,0,1,0,0000000,13,3,13,9,13,49,0,0,0,1,0
34,340189,2,1,1,0,0,1,1,29,3360,23,6,2013,1,1,53,0,13,4,CR-623,,0,40.02668889,-74.20109444,0,14,0,0,1,1,0,2,3,1,0,1,0,0000000,1,0,1,7,1,35,0,0,0,1,0
34,340190,1,1,0,1,1,5,5,3,2480,18,6,2013,3,21,12,1,13,3,SR-4,,44,40.91487222,-74.05053889,0,8,0,0,1,1,0,1,3,2,0,2,0,0000000,21,14,21,23,21,55,0,0,0,1,0
34,340191,2,2,0,0,0,3,3,41,1298,11,5,2013,7,4,36,0,4,4,CR-519,GARRISON RD,332,40.7463,-75.1374,0,12,2,0,3,3,0,1,2,2,0,2,0,0000000,4,35,4,58,5,18,0,0,0,1,0
34,340192,1,1,0,0,0,1,1,5,0,18,6,2013,3,17,48,1,2,3,SR-70,SR-72 (4 MILE CIRCLE),265,39.89924722,-74.59528611,0,33,0,0,3,5,0,4,1,2,0,2,0,0000000,17,45,17,54,88,88,0,0,0,1,0
34,340193,1,1,0,0,0,1,1,23,844,19,6,2013,4,17,54,0,16,5,KOSTER BLVD,,0,40.54694167,-74.34408611,0,33,0,0,1,1,0,4,1,1,0,1,0,0000000,17,55,18,3,18,35,0,0,0,1,0
34,340194,2,2,0,0,0,5,5,25,2374,29,6,2013,7,18,40,0,16,5,WICKAPECKO DRIVE,S. WANAMASSA DRIVE,0,40.22976667,-74.02616944,0,12,6,0,2,2,0,1,1,1,0,1,0,0000000,18,47,19,5,19,40,0,0,0,1,0
34,340195,1,1,0,0,0,1,1,31,3582,5,5,2013,1,20,43,0,14,4,CR-513,,0,41.07312778,-74.42762778,0,1,0,0,1,1,0,4,1,1,0,1,0,0000000,19,49,20,6,20,46,0,0,0,1,1
34,340196,1,1,0,1,1,2,2,13,2130,30,5,2013,5,1,30,0,16,6,ELIZABETH AVE,BRANFORD ST,0,40.71553333,-74.19178611,0,8,0,0,3,3,0,1,3,1,0,1,0,0000000,1,39,1,46,1,57,0,0,0,1,1
34,340197,2,2,0,0,0,3,3,29,1801,16,5,2013,5,13,7,1,2,3,SR-70,,431,39.979625,-74.36510278,0,12,2,0,1,1,0,2,1,1,0,1,0,0000000,13,10,13,17,13,41,0,0,0,1,0
34,340198,1,1,0,0,0,2,2,23,3144,6,6,2013,5,15,20,0,15,5,FRIENDSHIP ROAD,,0,40.35865556,-74.55086667,0,31,0,0,1,1,0,4,1,1,0,1,0,0000000,15,21,15,31,15,45,0,0,0,1,0
34,340199,1,1,0,0,0,1,1,13,2130,16,6,2013,1,12,0,0,13,3,SR-27,CENTER TERRACE,362,40.694325,-74.20016389,0,33,0,0,3,2,0,4,1,1,0,1,0,0000000,12,1,12,6,12,25,0,0,0,1,0
34,340200,2,1,1,0,0,1,1,13,2130,2,5,2013,5,4,7,0,15,6,CLINTON PLACE,VERNON AVE,0,40.72233333,-74.21029167,0,14,0,0,3,3,0,4,3,1,0,1,0,0000000,4,12,4,15,4,46,0,0,0,1,1
34,340201,3,3,0,0,0,5,5,5,0,10,6,2013,2,15,48,1,13,3,SR-70,,263,39.91478611,-74.54822222,0,12,2,0,1,1,0,1,1,2,0,2,0,0000000,15,50,16,4,16,15,14,0,0,1,0
34,340202,1,1,0,0,0,2,2,5,3149,18,5,2013,7,13,5,0,16,4,CR-641,,0,39.92526667,-74.75495,0,42,0,0,1,1,0,5,1,1,10,10,0,0000000,13,12,13,20,13,38,0,0,0,1,0
34,340203,2,2,0,0,0,2,2,23,3705,31,5,2013,6,1,44,0,14,4,CR-616,JERSEY AVE,0,40.52521667,-74.30038056,0,12,99,0,3,3,0,99,3,1,0,1,0,0000000,1,48,1,53,88,88,0,0,0,1,1
34,340204,2,2,0,0,0,2,2,5,3149,30,5,2013,5,16,18,0,13,3,SR-70,NEW RD,198,39.88611944,-74.71745556,0,12,6,0,2,2,0,1,1,1,0,1,0,0000000,16,16,16,24,17,20,0,0,0,1,0
34,340205,2,2,0,0,0,3,3,21,1265,24,5,2013,6,14,25,1,11,1,I-295,,615,40.20100556,-74.71001944,0,59,0,1,5,1,0,10,1,2,0,2,0,0000000,14,27,14,57,15,10,0,0,0,1,0
34,340206,2,1,1,1,1,1,1,25,2374,30,5,2013,5,6,32,0,16,6,COLD INDIAN SPRINGS RD,,0,40.23523333,-74.07410556,0,8,0,0,1,1,0,1,1,1,0,1,0,0000000,6,36,6,50,7,30,0,0,0,1,0
34,340207,2,2,0,0,0,2,2,1,2640,16,5,2013,5,9,27,0,16,6,NORTH FRANKLIN BLVD,,0,39.39189167,-74.518925,0,12,2,0,1,1,0,1,1,1,0,1,0,0000000,9,28,9,30,10,18,0,0,0,1,0
34,340208,1,1,0,1,1,2,2,29,0,5,5,2013,1,20,51,0,14,2,US-9,,819,39.84450833,-74.18799167,0,8,0,0,1,1,0,1,3,1,0,1,0,0000000,20,51,20,54,21,26,0,0,0,1,0
34,340209,2,2,0,0,0,4,4,21,1265,16,6,2013,1,3,23,1,12,3,SR-29,,12,40.18681944,-74.74423056,0,12,2,0,1,1,0,1,3,1,0,1,0,0000000,3,24,3,45,3,51,0,0,0,2,2
34,340210,1,1,0,0,0,1,1,5,0,2,6,2013,1,18,14,0,4,4,CR-669,,0,40.008,-74.682675,0,32,0,0,1,1,0,4,1,1,0,1,0,0000000,17,28,17,39,18,26,0,0,0,1,1
34,340211,2,2,0,0,0,4,4,5,1774,22,6,2013,7,12,39,0,13,3,SR-38,CR-541 BYPASS,153,39.98071667,-74.80460556,0,12,6,0,3,3,0,1,1,1,0,1,0,0000000,12,41,12,45,13,31,0,0,0,1,0
34,340212,2,2,0,1,1,2,2,15,0,29,6,2013,7,21,38,0,13,3,SR-42,,15,39.707625,-75.01123611,0,8,0,0,1,1,0,1,2,1,0,1,0,0000000,21,41,21,44,88,88,0,0,0,1,0
34,340213,1,1,0,0,0,1,1,11,3460,7,6,2013,6,15,32,1,12,3,SR-55,,298,39.4375,-75.05878889,0,42,0,0,1,1,0,3,1,2,0,2,0,0000000,15,33,15,36,16,0,0,0,0,1,0
34,340214,1,1,0,1,1,1,1,33,567,12,6,2013,4,22,6,1,12,8,700,,4,39.67911111,-75.48605,0,9,0,1,18,1,0,1,2,1,0,1,0,0000000,22,4,22,15,22,30,0,0,0,1,0
34,340215,2,2,0,0,0,5,5,15,0,19,6,2013,4,22,22,0,13,3,SR-42,HOFFMAN AVENUE,4,39.69423333,-74.997625,0,12,6,0,2,2,0,1,3,1,0,1,0,0000000,22,26,22,29,23,4,0,0,0,1,0
34,340216,1,1,0,0,0,3,3,5,3691,9,7,2013,3,1,43,1,13,2,US-130,,432,40.04824167,-74.90072222,0,30,0,0,1,1,0,4,3,1,0,1,0,0000000,1,44,1,50,2,20,0,0,0,1,0
34,340217,1,1,0,1,1,1,1,7,240,19,7,2013,6,7,35,0,14,4,CR-551 SPUR,,0,39.87753056,-75.11066389,0,8,0,0,1,1,0,1,1,1,0,1,0,0000000,7,36,7,50,7,54,0,0,0,1,0
34,340218,2,1,1,0,2,2,4,19,0,12,7,2013,6,3,26,1,11,1,I-78,,217,40.64626944,-74.81616944,0,14,0,0,1,1,0,2,2,1,0,1,0,0000000,3,27,3,46,4,56,0,0,0,1,0
34,340219,1,1,0,0,0,1,1,33,567,19,7,2013,6,18,25,0,16,5,PENNSGROVE-AUBURN ROAD,,0,39.72988889,-75.45101111,0,1,0,0,1,1,0,4,1,1,0,1,0,0000000,18,28,18,40,19,3,0,0,0,1,1
34,340220,1,1,0,1,1,2,2,23,2417,28,7,2013,1,2,29,1,13,2,US-9,FAIRWAY LANE,1248,40.40926111,-74.30581111,0,8,0,0,3,2,0,1,3,1,0,1,0,0000000,99,98,99,98,88,88,0,0,0,1,0
34,340221,2,2,0,0,0,5,5,15,3569,3,7,2013,4,23,24,1,11,1,I-295,,226,39.85228889,-75.17076111,0,12,1,0,1,1,0,1,2,1,0,1,0,0000000,23,30,23,36,0,25,0,0,0,1,1
34,340222,1,1,0,1,1,2,2,5,0,2,6,2013,1,9,49,0,4,4,CR-563,,426,39.85745,-74.54748889,0,9,0,0,1,1,0,1,1,1,0,1,0,0000000,9,49,9,57,11,17,0,0,0,1,0
34,340223,2,2,0,0,0,2,2,1,1264,3,6,2013,2,13,5,1,13,2,US-40,WRANGLEBORO RD,518,39.44889167,-74.63715833,0,12,1,0,1,1,0,1,1,2,0,2,0,0000000,13,5,13,6,13,33,0,0,0,1,0
34,340225,1,1,0,0,0,3,3,21,3380,17,6,2013,2,2,10,1,13,3,SR-31,,2,40.22883611,-74.76817778,0,33,0,0,1,1,0,4,3,1,0,1,0,0000000,2,18,2,25,2,33,0,0,0,1,1
34,340226,2,2,0,1,1,4,4,31,3522,14,6,2013,6,23,26,1,11,1,I-80,,530,40.89605833,-74.25460278,0,12,7,1,20,1,0,1,3,1,0,1,0,0000000,23,37,23,50,0,11,0,0,0,1,0
34,340227,2,2,0,0,0,9,9,27,1030,5,6,2013,4,15,27,0,14,4,CR-632,,0,40.79513333,-74.38958611,0,12,2,0,1,1,0,1,1,1,0,1,0,0000000,15,31,15,41,16,15,0,0,0,1,0
34,340228,4,4,0,0,0,4,4,33,567,22,6,2013,7,19,52,1,2,2,US-40,CR-628,42,39.68345833,-75.43173611,0,12,6,0,2,2,0,1,1,1,0,1,0,0000000,19,57,99,99,99,99,0,0,0,2,0
34,340229,1,1,0,0,0,1,1,9,742,18,7,2013,5,21,58,1,2,3,SR-347,,0,39.21358056,-74.87821111,0,24,0,0,1,1,0,4,2,1,0,1,0,0000000,22,9,22,50,23,13,0,0,0,1,0
34,340230,1,1,0,1,1,2,2,29,416,9,6,2013,1,23,55,0,15,4,CR-624,WHITEHORN CT,0,40.04198056,-74.102375,0,9,0,0,3,3,0,2,2,1,0,1,0,0000000,0,1,0,8,0,28,0,0,0,2,1
34,340231,2,2,0,0,0,3,3,13,1745,8,6,2013,7,7,23,1,13,3,SR-10,WEST NORTHFIELD RD,188,40.79583056,-74.34044722,0,12,6,0,2,2,0,1,1,10,0,10,0,0000000,99,99,99,99,99,99,0,0,0,1,0
34,340233,2,2,0,0,0,3,3,17,1520,10,6,2013,2,3,53,1,13,3,SR-440,COMMUNIPAW AVE,262,40.72388333,-74.08987778,0,12,1,1,2,2,0,1,3,1,0,1,0,0000000,3,51,3,58,4,26,0,0,0,1,0
34,340234,2,2,0,0,0,3,3,27,745,22,6,2013,7,10,26,1,11,1,I-80,,401,40.88636944,-74.47125,0,12,7,0,1,1,0,1,1,1,0,1,0,0000000,10,33,10,45,11,4,0,0,0,1,0
34,340235,1,1,0,1,1,2,2,17,1520,11,5,2013,7,3,7,0,14,4,CR-681,CR-731,0,40.74034167,-74.04375,0,33,0,0,3,4,0,5,3,2,0,2,0,0000000,99,99,99,99,99,99,0,0,0,1,1