STATE,ST_CASE,VE_TOTAL,VE_FORMS,PVH_INVL,PEDS,PERNOTMVIT,PERMVIT,PERSONS,COUNTY,CITY,DAY,MONTH,YEAR,DAY_WEEK,HOUR,MINUTE,NHS,ROAD_FNC,ROUTE,TWAY_ID,TWAY_ID2,MILEPT,LATITUDE,LONGITUD,SP_JUR,HARM_EV,MAN_COLL,RELJCT1,RELJCT2,TYP_INT,WRK_ZONE,REL_ROAD,LGT_COND,WEATHER1,WEATHER2,WEATHER,SCH_BUS,RAIL,NOT_HOUR,NOT_MIN,ARR_HOUR,ARR_MIN,HOSP_HR,HOSP_MN,CF1,CF2,CF3,FATALS,DRUNK_DR
34,340236,2,1,1,0,0,1,1,29,0,16,6,2013,1,0,30,0,15,5,VEEDER LANE,RONALD AVENUE,0,39.91453333,-74.13238889,0,14,0,0,1,1,0,4,3,1,0,1,0,0000000,0,44,0,55,1,49,0,0,0,1,1
34,340237,4,4,0,0,0,8,8,29,1801,18,4,2013,5,14,3,1,13,3,SR-70,COLONIAL DRIVE,454,40.01277222,-74.29290833,0,12,6,0,2,2,0,1,1,10,0,10,0,0000000,14,7,14,14,14,48,0,0,0,1,1
34,340238,2,2,0,0,0,2,2,1,851,23,7,2013,3,7,44,1,12,8,GSP 444,,370,39.41081944,-74.55467222,0,12,1,1,18,1,0,1,1,1,0,1,0,0000000,7,47,7,50,8,21,0,0,0,1,0
34,340239,2,2,0,0,0,2,2,5,2015,27,7,2013,7,22,4,0,14,4,CR-614,,0,39.98608611,-74.92893611,0,1,0,0,1,1,0,1,2,1,0,1,0,0000000,22,6,22,15,22,35,14,0,0,1,0
34,340240,1,1,0,0,0,2,2,5,3325,27,7,2013,7,22,30,0,3,4,CR-532,,113,39.82583056,-74.60443889,0,42,0,0,1,1,0,4,2,1,0,1,0,0000000,22,38,22,45,23,10,0,0,0,1,1
34,340241,2,2,0,0,0,3,3,5,0,29,7,2013,2,10,2,0,15,4,CR-667,PEAR AVE,0,39.97379444,-74.5815,0,12,6,0,2,2,0,1,1,1,0,1,0,0000000,10,2,10,4,10,12,0,0,0,1,0
34,340242,1,1,0,0,0,1,1,15,0,28,7,2013,1,4,36,0,6,6,GRANT AVE,JACKSON AVE,0,39.634975,-75.07093056,0,42,0,0,3,3,0,5,3,1,0,1,0,0000000,4,39,4,55,88,88,0,0,0,1,1
34,340243,1,1,0,0,0,1,1,5,481,19,7,2013,6,6,23,1,11,1,I-295,,472,40.0423,-74.83646944,0,42,0,0,1,1,0,4,4,1,0,1,0,0000000,6,31,99,97,99,97,0,0,0,1,0
34,340244,1,1,0,0,0,2,2,11,1845,25,7,2013,5,21,50,0,3,3,SR-47,,296,39.26403889,-74.96968056,0,30,0,0,1,1,0,4,3,1,0,1,0,0000000,21,50,22,2,23,2,0,0,0,1,0
34,340245,1,1,0,0,0,2,2,5,3325,10,7,2013,4,17,1,0,4,4,CR-532,,0,39.8468,-74.67636944,0,42,0,0,1,1,0,4,1,1,0,1,0,0000000,17,5,17,15,17,20,0,0,0,1,1
34,340246,1,1,0,0,0,2,2,7,3694,1,7,2013,2,23,26,1,13,3,SR-73,,121,39.73068056,-74.90561111,0,35,0,0,1,1,0,4,3,1,0,1,0,0000000,99,99,99,99,99,99,0,0,0,2,0
34,340247,2,2,0,0,0,3,3,19,0,13,7,2013,7,14,54,1,1,1,I-78,,178,40.63816389,-74.89785556,0,24,0,0,1,1,0,4,1,1,0,1,0,0000000,14,54,15,12,15,33,0,0,0,1,0
34,340248,1,1,0,1,1,1,1,13,2440,21,7,2013,1,4,42,0,16,6,FREEWAY DR WEST,SOUTH ESSEX AVE,0,40.77068889,-74.23230278,0,8,0,0,2,2,0,1,3,1,0,1,0,0000000,4,44,4,54,5,16,0,0,0,1,0
34,340249,1,1,0,0,0,1,1,5,3325,27,7,2013,7,2,29,0,6,6,SOOY PLACE RD,,0,39.86745833,-74.64945,0,1,0,0,1,1,0,4,2,1,0,1,0,0000000,2,31,2,41,3,16,0,0,0,1,1
34,340250,2,2,0,0,0,2,2,13,1480,19,5,2013,1,2,16,1,12,8,GSP 444,,1437,40.71798889,-74.23853056,0,24,0,0,1,1,0,4,2,2,0,2,0,0000000,99,99,99,99,99,99,0,0,0,1,0
34,340251,1,1,0,0,0,1,1,23,2417,17,7,2013,4,20,49,1,13,2,US-9,,1277,40.44928333,-74.29896111,0,33,0,0,1,1,0,4,5,1,0,1,0,0000000,20,54,21,3,21,43,0,0,0,1,0
34,340252,1,1,0,0,0,3,3,23,3705,26,5,2013,1,3,5,1,12,8,GSP 444,,1311,40.55925,-74.32044722,0,21,0,0,1,1,0,3,2,1,0,1,0,0000000,3,25,3,51,4,18,0,0,0,1,0
34,340253,2,2,0,0,0,5,5,35,214,1,6,2013,7,10,52,1,1,1,I-78,,292,40.64318889,-74.67678056,0,12,1,0,1,1,0,1,1,1,0,1,0,0000000,10,52,11,19,11,34,0,0,0,1,0
34,340254,2,2,0,0,0,6,6,29,0,2,8,2013,6,14,32,0,6,8,LONG SWAMP RD,,0,40.04570278,-74.51718333,0,11,0,0,1,1,0,1,1,1,0,1,0,0000000,14,36,14,41,15,2,14,0,0,1,0
34,340255,2,2,0,0,0,2,2,5,2081,1,7,2013,2,13,20,1,12,8,NJTP 700,,354,39.94256111,-74.93893889,0,12,1,0,1,1,0,1,1,2,0,2,0,0000000,13,25,13,39,88,88,0,0,0,1,0
34,340256,2,2,0,0,0,4,4,11,0,23,7,2013,3,18,31,0,16,6,EAST WALNUT ROAD,,0,39.47073333,-75.00831111,0,12,1,0,1,1,0,1,1,1,0,1,0,0000000,99,99,99,99,99,99,0,0,0,1,0
34,340257,2,2,0,0,0,2,2,23,2417,16,8,2013,6,18,54,1,13,3,SR-18,,323,40.40866389,-74.36069444,0,12,2,0,1,1,0,1,1,1,0,1,0,0000000,18,55,19,1,19,22,0,0,0,1,1
34,340258,1,1,0,0,0,1,1,27,2498,15,8,2013,5,8,58,1,11,1,I-287,,408,40.84948333,-74.42673056,0,24,0,0,5,1,0,4,1,1,0,1,0,0000000,9,1,9,16,88,88,0,0,0,1,0
34,340259,1,1,0,0,0,1,1,15,1311,17,7,2013,4,21,5,0,16,5,WOODLAND AVENUE,,0,39.74361944,-75.25928056,0,17,0,0,1,1,0,5,2,1,0,1,0,0000000,21,7,21,14,22,0,0,0,0,1,0
34,340260,1,1,0,0,0,1,1,21,1650,19,7,2013,6,10,8,1,13,2,US-1,,64,40.28318611,-74.69648333,0,33,0,1,5,1,0,10,1,1,0,1,0,0000000,10,9,10,23,88,88,0,0,0,1,0
34,340261,1,1,0,1,1,2,2,27,1690,6,7,2013,7,19,12,0,16,6,COMLY ROAD,,0,40.92539722,-74.30118333,0,8,0,0,1,1,0,1,1,1,0,1,0,0000000,19,13,19,22,19,37,0,0,0,1,0
34,340262,1,1,0,0,0,1,1,31,2500,6,7,2013,7,13,43,1,12,3,SR-21,,117,40.85831667,-74.12021111,0,1,0,1,18,1,0,1,1,1,0,1,0,0000000,13,34,13,43,14,4,0,0,0,1,0
34,340263,2,2,0,0,0,2,2,41,0,14,8,2013,4,20,19,1,2,3,SR-57,,43,40.71615,-75.08586111,0,12,2,0,1,1,0,1,3,1,0,1,0,0000000,99,99,99,99,99,99,0,0,0,1,1
34,340264,1,1,0,0,0,2,2,35,1194,18,7,2013,5,18,0,0,14,4,CR-634,,0,40.59196944,-74.4847,0,42,0,0,1,1,0,4,1,1,0,1,0,0000000,18,0,18,12,18,39,0,0,0,1,0
34,340265,1,1,0,0,0,1,1,1,1264,7,8,2013,4,17,44,1,2,8,ACE 446,,205,39.54248889,-74.7284,0,35,0,0,1,1,0,3,1,10,0,10,0,0000000,17,47,17,58,18,33,0,0,0,1,0
34,340266,1,1,0,1,1,1,1,31,2510,19,8,2013,2,10,38,0,16,6,PACIFIC ST,GOULD AVE,0,40.894325,-74.15986389,0,9,0,0,4,1,0,1,1,1,0,1,0,0000000,10,36,99,97,99,97,0,0,0,1,0
34,340267,1,1,0,0,0,1,1,1,930,6,8,2013,3,5,26,0,3,3,SR-50,,156,39.40806111,-74.74123056,0,30,0,0,1,1,0,4,2,1,0,1,0,0000000,5,34,5,55,88,88,0,0,0,1,0
34,340268,1,1,0,0,0,5,5,17,2205,10,8,2013,7,3,56,1,12,3,SR-3,,105,40.77988889,-74.0473,0,33,0,1,5,1,0,4,3,1,0,1,0,0000000,4,8,4,17,5,38,0,0,0,3,0
34,340269,3,1,2,0,0,1,1,23,770,5,8,2013,2,6,19,0,16,6,FOURTH STREET,,0,40.59533056,-74.47016111,0,14,0,0,1,1,0,2,1,1,0,1,0,0000000,6,3,6,14,6,49,14,0,0,1,1
34,340270,1,1,0,0,0,1,1,31,3522,24,8,2013,7,19,39,1,13,3,SR-23,,56,40.89660833,-74.25226667,0,24,0,1,5,1,0,4,5,1,0,1,0,0000000,19,40,19,54,20,6,0,0,0,1,0
34,340271,1,1,0,0,0,1,1,15,1082,25,8,2013,1,0,21,0,6,5,STANTON AVENUE,,0,39.64091111,-75.01620556,0,42,0,0,1,1,0,5,2,1,0,1,0,0000000,0,25,0,34,88,88,0,0,0,1,1
34,340272,1,1,0,0,0,1,1,15,9997,5,8,2013,2,6,27,1,13,2,US-130,,141,39.80420556,-75.31387778,0,42,0,1,19,1,0,4,2,1,0,1,0,0000000,6,31,6,39,88,88,0,0,0,1,0
34,340273,2,2,0,0,0,3,3,7,3330,10,8,2013,7,1,46,1,11,1,I-295,,316,39.87316667,-75.03974722,0,24,0,0,1,1,0,3,3,1,0,1,0,0000000,1,47,1,52,2,24,0,0,0,1,1
34,340274,1,1,0,1,1,1,1,25,2109,27,8,2013,3,21,10,0,13,3,SR-35,STAFFORD AVENUE,240,40.21684167,-74.03109722,0,8,0,0,2,2,0,1,3,1,0,1,0,0000000,21,14,21,23,21,37,0,0,0,1,0
34,340275,2,2,0,0,0,2,2,29,1505,23,8,2013,6,8,55,0,14,4,CR-527,,0,40.05935,-74.261325,0,12,8,0,8,1,0,1,1,1,0,1,0,0000000,8,58,9,7,9,56,0,0,0,1,0
34,340276,1,1,0,0,0,1,1,5,0,25,8,2013,1,3,28,0,6,6,LEEKTOWN RD,,0,39.625375,-74.45765833,0,42,0,0,1,1,0,5,2,1,0,1,0,0000000,99,99,99,99,88,88,0,0,0,1,1
34,340277,1,1,0,2,2,1,1,21,1460,16,8,2013,6,14,59,0,4,4,CR-518,MAPLE STREET,0,40.39082778,-74.75604444,0,8,0,0,2,2,0,1,1,1,0,1,0,0000000,15,1,15,6,15,54,0,0,0,1,0
34,340278,1,1,0,1,1,1,1,3,270,9,8,2013,6,7,46,0,16,6,E. CHURCH STREET,N. WASHINGTON AVENUE,0,40.92965833,-73.99550833,0,8,0,0,2,3,0,1,1,10,0,10,0,0000000,7,42,7,52,8,14,0,0,0,1,0
34,340279,2,2,0,0,0,2,2,7,3694,1,8,2013,5,6,49,0,14,4,CR-705,CHURCH RD,22,39.71987778,-74.97400833,0,12,6,0,2,2,0,1,1,2,0,2,0,0000000,6,50,6,53,7,57,0,0,0,1,0
34,340280,2,2,0,0,0,3,3,7,3694,14,8,2013,4,19,11,0,15,4,CR-723,,0,39.663975,-74.87886111,0,12,7,0,1,1,1,1,1,1,0,1,0,0000000,19,9,19,23,88,88,0,0,0,1,0
34,340281,1,1,0,0,0,1,1,31,0,1,8,2013,5,0,53,1,11,1,I-80,,565,40.89755,-74.19916111,0,25,0,0,1,1,0,3,3,1,0,1,0,0000000,0,58,1,5,88,88,0,0,0,1,1
34,340282,2,2,0,0,0,6,6,15,0,22,6,2013,7,12,59,0,3,3,SR-77,ELK ROAD,187,39.68015556,-75.20685556,0,12,6,0,2,2,0,1,1,1,0,1,0,0000000,13,1,13,15,13,52,0,0,0,1,0
34,340283,2,2,0,0,0,2,2,31,2500,16,8,2013,6,22,53,0,14,4,CR-619,ESSEX ST,0,40.86338333,-74.11640556,0,12,6,0,2,2,0,1,3,1,0,1,0,0000000,22,54,23,0,23,32,0,0,0,1,1
34,340284,4,4,0,0,0,7,7,39,1412,23,8,2013,6,17,4,1,13,2,US-22,,577,40.69735556,-74.22330556,0,12,7,0,1,1,0,1,1,1,0,1,0,0000000,17,7,17,21,17,48,20,0,0,1,0
34,340285,1,1,0,0,0,1,1,1,10,2,9,2013,2,15,36,1,13,2,US-30,,543,39.40127778,-74.49192222,0,30,0,1,5,1,0,5,1,2,0,2,0,0000000,15,38,15,43,16,3,0,0,0,1,0
34,340286,2,2,0,0,0,2,2,15,0,12,9,2013,5,9,8,1,2,3,SR-55,,458,39.65751111,-75.12651944,0,12,1,0,1,1,0,1,1,1,0,1,0,0000000,9,7,9,16,88,88,0,0,0,1,0
34,340287,2,2,0,0,0,2,2,35,0,11,9,2013,4,4,41,1,13,2,US-206,,589,40.43661389,-74.660925,0,12,6,0,1,1,0,1,2,10,0,10,0,0000000,4,43,5,3,88,88,0,0,0,1,0
34,340288,1,1,0,1,1,1,1,3,1750,7,9,2013,7,19,44,0,14,4,CR-40,BROOKSIDE AVENUE,0,40.87346111,-74.07806944,0,8,0,0,3,3,0,1,3,1,0,1,0,0000000,19,44,19,50,20,10,0,0,0,1,0
34,340289,1,1,0,0,0,1,1,15,1082,6,9,2013,6,22,35,1,12,3,SR-55,,398,39.58376944,-75.07288889,0,1,0,1,19,1,0,3,1,1,0,1,0,0000000,22,35,22,50,23,5,0,0,0,1,1
34,340290,1,1,0,0,0,2,2,17,2205,2,9,2013,2,3,33,1,12,3,SR-3,,104,40.77695833,-74.04408611,0,1,0,1,19,1,0,3,3,2,0,2,0,0000000,3,0,3,4,4,3,0,0,0,1,1
34,340291,1,1,0,1,1,2,2,17,790,1,9,2013,1,20,29,0,16,6,CENTRAL AVENUE,,0,40.75107778,-74.16426389,0,8,0,0,1,1,0,1,3,1,0,1,0,0000000,99,99,99,99,99,99,23,0,0,1,0
34,340292,2,2,0,0,0,3,3,35,425,10,7,2013,4,12,18,0,13,3,SR-28,FINDERNE AVE,56,40.56941111,-74.57588056,0,12,2,0,2,2,0,1,1,1,0,1,0,0000000,12,25,12,28,13,0,0,0,0,1,0
34,340293,1,1,0,0,0,1,1,25,1445,24,9,2013,3,23,53,0,14,4,CR-52,WILLIAMS WAY,0,40.38896389,-74.14581667,0,33,0,0,3,3,0,4,2,1,0,1,0,0000000,99,99,99,99,88,88,0,0,0,1,0
34,340294,1,1,0,1,1,1,1,3,820,15,8,2013,5,8,55,1,12,3,SR-3,,80,40.807,-74.076025,0,8,0,0,5,1,0,1,1,1,0,1,0,0000000,8,58,9,6,9,34,0,0,0,1,0
34,340295,1,1,0,1,1,1,1,3,820,22,8,2013,5,19,40,0,16,6,RAILROAD AVENUE,,0,40.83058889,-74.10139722,0,43,0,0,1,1,0,4,5,1,0,1,0,0000000,19,44,19,50,20,12,0,0,0,1,1
34,340296,2,2,0,0,0,2,2,35,1081,9,6,2013,1,16,12,0,13,4,CR-527,LAKESIDE RD,0,40.53433889,-74.50474167,0,12,6,0,2,3,0,1,1,1,0,1,0,0000000,16,13,16,22,16,50,0,0,0,1,0
34,340297,1,1,0,0,0,1,1,11,0,27,8,2013,3,21,30,0,3,4,CR-617,,0,39.48731389,-75.26707222,0,35,0,0,1,1,0,5,2,1,0,1,0,0000000,21,39,21,40,88,88,0,0,0,1,1
34,340298,1,1,0,0,0,1,1,37,0,1,8,2013,5,14,30,0,6,4,CR-615,,0,99.99990000,999.99990000,0,43,0,0,1,1,0,5,1,1,0,1,0,0000000,88,88,88,88,88,88,0,0,0,1,1
34,340299,2,2,0,0,0,4,4,29,0,9,6,2013,1,15,12,0,4,4,CR-539,,0,39.627825,-74.34270833,0,12,2,0,1,1,0,1,1,1,0,1,0,0000000,15,8,15,22,15,54,0,0,0,1,0
34,340300,1,1,0,0,0,1,1,27,0,19,7,2013,6,17,32,0,4,5,JEFFERSON TWP,213299,0,41.04752778,-74.54426944,0,17,0,0,1,1,0,4,1,1,0,1,0,0000000,17,38,17,49,99,99,0,0,0,1,0
34,340301,2,2,0,0,0,2,2,3,2480,18,7,2013,5,6,55,1,13,3,SR-17,SR-4,123,40.920775,-74.07144444,0,12,1,0,5,1,0,1,1,1,0,1,0,0000000,6,57,7,1,88,88,0,0,0,1,0
34,340302,1,1,0,0,0,1,1,3,1750,20,7,2013,7,15,42,0,13,2,US-46,MONEY STREET,667,40.88119167,-74.081575,0,25,0,0,3,3,0,3,1,1,0,1,0,0000000,15,39,15,46,88,88,0,0,0,1,1
34,340303,1,1,0,0,0,1,1,27,2003,15,8,2013,5,9,33,1,11,1,I-80,,473,40.86241111,-74.34938056,0,42,0,0,1,1,0,5,1,1,0,1,0,0000000,9,42,9,52,88,88,0,0,0,1,0
34,340304,2,2,0,0,0,2,2,1,851,27,7,2013,7,12,31,1,13,2,US-40,,581,39.39696389,-74.5492,0,1,0,0,1,1,0,1,1,2,0,2,0,0000000,12,33,12,46,13,5,14,0,0,1,0
34,340305,1,1,0,1,1,1,1,3,1750,14,8,2013,4,9,25,0,16,6,RENNIE PLACE,,0,40.87745556,-74.08409722,0,8,0,0,1,1,0,1,1,1,0,1,0,0000000,9,27,9,38,88,88,0,0,0,1,0
34,340306,1,1,0,0,0,2,2,3,1750,3,9,2013,3,6,17,1,13,3,SR-17,,101,40.88889167,-74.06955,0,33,0,0,1,1,0,5,4,10,0,10,0,0000000,6,21,6,28,6,56,0,0,0,1,0
34,340307,3,3,0,0,0,4,4,29,1505,21,7,2013,1,17,36,1,11,1,I-195,,186,40.16146111,-74.38821944,0,12,6,0,1,1,0,1,1,2,0,2,0,0000000,99,99,99,99,99,99,0,0,0,1,1
34,340308,1,1,0,0,0,1,1,7,3521,5,9,2013,5,6,4,0,15,4,CR-716,CHEW RD,0,39.72305833,-74.84923056,0,59,0,0,3,2,0,5,4,1,0,1,0,0000000,6,4,6,13,6,49,0,0,0,1,0
34,340309,2,2,0,1,1,2,2,1,0,13,8,2013,3,7,1,0,3,3,SR-54,WEYMOUTH ROAD,17,39.53661111,-74.91179167,0,12,1,0,2,2,0,1,1,10,0,10,0,0000000,7,2,7,20,7,47,0,0,0,1,0
34,340310,2,2,0,0,0,3,3,31,3582,18,9,2013,4,13,10,0,14,4,CR-693,,0,41.05717778,-74.39328611,0,12,2,0,1,1,0,1,1,1,0,1,0,0000000,99,99,99,99,99,99,0,0,0,1,0
34,340311,2,2,0,0,0,2,2,31,660,17,9,2013,3,21,22,0,14,3,SR-161,VANHOUTON AVE,11,40.86535278,-74.16094444,0,12,6,0,2,2,0,1,3,1,0,1,0,0000000,21,26,21,29,22,0,0,0,0,1,1
34,340312,2,2,0,0,0,3,3,7,2545,6,10,2013,1,12,6,1,13,2,US-130,WESTFIELD AVE,339,39.97147222,-75.04214167,0,12,6,0,4,1,0,1,1,1,0,1,0,0000000,12,9,12,14,12,37,0,0,0,1,0
34,340313,3,3,0,0,0,3,3,5,0,8,8,2013,5,17,27,1,2,3,SR-72,,50,39.85931944,-74.51703889,0,12,8,0,1,1,0,4,1,1,0,1,0,0000000,17,25,17,45,18,9,0,0,0,1,0
34,340314,2,2,0,0,0,2,2,23,844,9,8,2013,6,22,46,1,11,1,I-287,,12,40.52788056,-74.35918889,0,12,7,0,1,1,0,1,2,2,0,2,0,0000000,22,54,23,1,23,28,0,0,0,1,0
34,340315,2,2,0,0,0,3,3,25,0,20,9,2013,6,22,54,1,13,2,US-9,SCHANCK ROAD,1127,40.23982222,-74.27615833,0,12,6,0,2,2,0,1,3,1,0,1,0,0000000,22,56,23,15,23,35,0,0,0,1,1
34,340316,2,2,0,0,0,6,6,21,1650,2,8,2013,6,18,30,0,13,2,US-1,DARRAH LANE,23,40.26512222,-74.71829722,0,12,6,0,2,3,0,1,1,1,0,1,0,0000000,18,30,18,37,19,50,0,0,0,3,0
34,340317,1,1,0,1,1,1,1,35,2250,14,9,2013,7,20,28,1,13,2,US-22,WILSON AVENUE,442,40.6242,-74.44296389,0,8,0,0,3,2,0,1,3,1,0,1,0,0000000,20,35,20,41,21,5,0,0,0,1,0
34,340318,5,2,3,1,1,3,3,31,660,11,8,2013,1,2,16,0,16,6,RUTHERFORD BLVD,HIGH STREET,0,40.84003333,-74.136325,0,12,1,0,3,2,0,1,3,1,0,1,0,0000000,2,20,2,28,2,57,14,0,0,1,1
34,340319,1,1,0,0,0,1,1,5,0,27,8,2013,3,20,28,0,14,4,CR-680,,0,40.05324444,-74.62368333,0,11,0,0,1,1,0,1,2,1,0,1,0,0000000,20,15,20,39,99,99,0,0,0,1,0
34,340320,1,1,0,0,0,1,1,11,9997,27,8,2013,3,12,35,0,4,4,CR-610,,0,39.36513056,-75.10305,0,33,0,0,1,1,0,4,1,1,0,1,0,0000000,12,24,12,25,13,0,0,0,0,1,0
34,340321,2,2,0,0,0,2,2,7,3694,9,9,2013,2,16,30,1,13,3,SR-73,,88,39.68548056,-74.88956667,0,12,6,0,1,1,0,1,1,1,0,1,0,0000000,99,99,99,99,99,99,0,0,0,1,0
34,340322,1,1,0,0,0,1,1,5,0,30,9,2013,2,21,17,0,6,4,CR-664,,0,40.10643333,-74.59696389,0,35,0,0,1,1,0,4,2,1,0,1,0,0000000,21,24,21,27,21,57,0,0,0,1,1
34,340323,1,1,0,1,1,1,1,3,760,25,9,2013,4,9,34,0,14,4,CR-74 II,HOWARD STREET,0,40.94081389,-73.98586111,0,8,0,0,2,2,0,1,1,1,0,1,0,0000000,9,32,9,42,9,59,0,0,0,1,0
34,340324,2,1,1,0,1,4,5,19,0,31,8,2013,7,3,20,1,1,1,I-78,,105,40.64896944,-75.01511111,0,14,0,0,1,1,0,2,3,1,0,1,0,0000000,3,24,3,41,5,45,19,0,0,2,0
34,340325,1,1,0,1,1,1,1,23,2570,21,10,2013,2,6,8,0,16,6,SMITH STREET,ELM STREET,0,40.51026111,-74.27396111,0,8,0,0,3,2,0,1,4,1,0,1,0,0000000,6,11,6,16,6,43,0,0,0,1,0
34,340326,2,2,0,0,0,2,2,19,0,21,9,2013,7,6,34,1,2,3,SR-31,,127,40.39011111,-74.83145,0,12,2,0,1,1,0,1,4,5,0,5,0,0000000,99,99,99,99,99,99,0,0,0,1,0
34,340327,2,2,0,0,0,3,3,31,3522,25,9,2013,4,15,39,0,14,4,CR-502,PANCAKE HOLLOW ROAD,0,40.96963056,-74.24075278,0,12,6,0,2,3,0,1,1,1,0,1,0,0000000,15,47,16,0,16,36,0,0,0,1,0
34,340328,1,1,0,0,0,1,1,25,1090,20,10,2013,1,2,0,0,13,3,SR-79,,20,40.26762778,-74.26704444,0,33,0,0,1,1,0,4,3,1,0,1,0,0000000,1,59,2,11,3,1,0,0,0,1,1
34,340329,2,2,0,1,1,2,2,5,481,7,10,2013,2,23,55,0,14,4,CR-634,,0,40.04922222,-74.87624722,0,8,0,0,1,1,0,1,2,1,0,1,0,0000000,23,57,0,1,1,0,0,0,0,1,0
34,340330,2,2,0,0,0,2,2,25,1465,11,10,2013,6,10,25,0,3,4,CR-549,,0,40.14168333,-74.14264167,0,12,2,0,1,1,0,1,1,2,0,2,0,0000000,10,31,10,36,10,55,0,0,0,1,0
34,340331,2,2,0,0,0,3,3,5,3325,9,10,2013,4,7,4,0,15,4,CR-648,,0,39.86006389,-74.72428889,0,12,6,0,4,1,0,1,4,10,0,10,0,0000000,7,11,7,16,7,31,0,0,0,1,0
34,340332,2,2,0,0,0,3,3,17,3040,22,10,2013,3,16,44,1,14,4,CR-653,UPS DRIVE,0,40.77827778,-74.05974167,0,12,6,0,2,3,0,1,1,1,0,1,0,0000000,16,45,16,47,16,57,0,0,0,1,0
34,340333,2,2,0,0,0,2,2,3,840,25,10,2013,6,4,59,0,14,4,CR-505,,0,40.83252222,-73.97249722,0,33,0,0,1,1,0,4,4,1,0,1,0,0000000,5,3,5,17,5,47,0,0,0,1,1
34,340334,2,2,0,0,0,6,6,13,2130,13,9,2013,6,12,25,1,13,2,US-1&9,,489,40.70922778,-74.16226944,0,12,1,1,5,1,0,1,1,1,0,1,0,0000000,12,16,12,29,12,43,0,0,0,1,0
34,340335,1,1,0,0,0,4,4,13,3600,31,8,2013,7,23,32,1,11,1,I-280,,88,40.787425,-74.24886389,0,1,0,0,1,1,0,1,2,1,0,1,0,0000000,23,43,23,43,0,3,0,0,0,1,0
34,340336,1,1,0,0,0,1,1,15,0,9,5,2013,5,14,56,0,13,2,US-322,,304,39.62145278,-74.92322222,0,43,0,0,1,1,0,4,1,1,0,1,0,0000000,14,57,15,3,15,29,0,0,0,1,0
34,340337,1,1,0,0,0,2,2,1,1270,26,5,2013,1,1,36,0,6,6,SERVICE RD,,0,39.61226944,-74.82665278,0,42,0,0,1,1,0,5,2,1,0,1,0,0000000,1,46,1,57,2,18,0,0,0,1,0
34,340338,2,2,0,0,0,5,5,7,520,26,6,2013,4,13,44,1,13,2,US-30,,24,39.93965833,-75.09440278,0,12,6,0,1,1,0,1,1,1,0,1,0,0000000,13,49,13,54,14,11,0,0,0,1,0
34,340339,2,2,0,0,0,3,3,3,1060,24,6,2013,2,8,38,0,16,6,INWOOD TERRACE,CENTRAL BLVD,0,40.84038056,-73.98365556,0,12,2,0,3,2,0,1,1,1,0,1,0,0000000,8,43,8,56,9,12,0,0,0,1,0
34,340340,2,2,0,0,0,2,2,23,1960,10,6,2013,2,11,48,0,14,4,CR-606,LINCOLN AVE,0,40.44497222,-74.433375,0,12,6,0,2,2,0,1,1,1,0,1,0,0000000,12,20,12,28,12,48,0,0,0,1,0
34,340341,2,2,0,0,0,2,2,25,1760,26,8,2013,2,13,26,0,15,6,LONG BRANCH AVE,SEAVIEW AVE,0,40.31109444,-73.98379722,0,12,6,0,2,2,0,1,1,1,0,1,0,0000000,13,29,13,31,13,53,0,0,0,1,1
34,340342,1,1,0,1,1,1,1,29,3360,22,6,2013,7,22,37,1,13,3,SR-37,,113,39.94936389,-74.115525,0,8,0,0,1,1,0,1,3,1,0,1,0,0000000,22,41,22,43,99,99,0,0,0,1,0
34,340343,1,1,0,0,0,3,3,41,0,3,7,2013,4,2,32,0,6,6,PINCHERS POINT RD,,0,40.59179722,-75.18803611,0,31,0,0,1,1,0,5,2,1,0,1,0,0000000,3,3,3,25,4,39,0,0,0,2,0
34,340344,3,3,0,0,0,5,5,29,1801,14,7,2013,1,19,47,0,15,4,CR-539,,0,39.89985278,-74.38138056,0,12,6,0,1,1,0,1,1,1,0,1,0,0000000,19,56,20,12,21,6,0,0,0,2,0
34,340345,1,1,0,1,1,1,1,7,0,22,7,2013,2,22,14,1,13,3,SR-73,FRANKLIN AVE,184,39.81203056,-74.93043056,0,8,0,0,2,3,0,1,3,1,0,1,0,0000000,22,15,99,97,99,97,0,0,0,1,0
34,340346,2,2,0,0,0,5,5,13,1825,6,8,2013,3,21,1,0,16,6,ESSEX AVE,SOUTH 4TH ST,0,40.73638611,-74.25281944,0,12,6,0,2,2,0,1,3,1,0,1,0,0000000,21,5,21,8,21,34,0,0,0,2,1
34,340347,2,2,0,0,0,4,4,13,2440,23,8,2013,6,15,48,0,16,6,FREEWAY DR W,HICKORY ST,0,40.76820833,-74.22680833,0,12,6,0,2,2,0,1,1,1,0,1,0,0000000,16,4,16,4,16,35,0,0,0,1,0
34,340348,3,3,0,0,0,3,3,11,724,30,8,2013,6,7,6,0,14,4,CR-552,,0,39.44373889,-75.09081944,0,12,8,0,1,1,0,1,1,1,0,1,0,0000000,7,10,7,17,7,53,0,0,0,1,0
34,340349,2,2,0,0,0,2,2,1,1264,2,8,2013,6,5,52,0,14,4,CR-575,CONSUMER SQUARE,91,39.45390278,-74.63257778,0,12,6,0,2,3,0,1,4,1,0,1,0,0000000,5,55,6,4,99,99,0,0,0,1,0