STATE,ST_CASE,VE_TOTAL,VE_FORMS,PVH_INVL,PEDS,PERNOTMVIT,PERMVIT,PERSONS,COUNTY,CITY,DAY,MONTH,YEAR,DAY_WEEK,HOUR,MINUTE,NHS,ROAD_FNC,ROUTE,TWAY_ID,TWAY_ID2,MILEPT,LATITUDE,LONGITUD,SP_JUR,HARM_EV,MAN_COLL,RELJCT1,RELJCT2,TYP_INT,WRK_ZONE,REL_ROAD,LGT_COND,WEATHER1,WEATHER2,WEATHER,SCH_BUS,RAIL,NOT_HOUR,NOT_MIN,ARR_HOUR,ARR_MIN,HOSP_HR,HOSP_MN,CF1,CF2,CF3,FATALS,DRUNK_DR
34,340350,1,1,0,0,0,9,9,27,0,24,8,2013,7,18,57,1,12,3,SR-15,,65,40.96588889,-74.59849444,0,35,0,0,1,1,0,5,1,1,0,1,0,0000000,18,59,19,17,19,47,0,0,0,3,1
34,340351,1,1,0,0,0,1,1,9,0,30,8,2013,6,15,48,0,4,4,CR-557,MARTINSTOWN RD,0,39.25876111,-74.80564722,0,1,0,0,3,4,0,5,1,1,0,1,0,0000000,15,44,15,53,16,35,0,0,0,1,0
34,340352,2,2,0,0,0,2,2,13,2130,31,8,2013,7,15,17,0,14,4,CR-509,GRAIN ST,0,40.746325,-74.20926667,0,12,6,0,2,3,0,1,1,1,0,1,0,0000000,15,21,15,26,15,46,0,0,0,1,0
34,340353,1,1,0,0,0,1,1,13,2130,8,9,2013,1,18,1,1,11,1,I-95,,593,40.70578333,-74.15028333,0,33,0,1,5,1,0,4,1,1,0,1,0,0000000,18,34,18,45,88,88,0,0,0,1,0
34,340354,2,2,0,0,0,2,2,19,0,20,9,2013,6,9,35,1,11,1,I-78,,154,40.63208889,-74.92941944,0,12,7,0,1,1,0,1,1,1,0,1,0,0000000,9,38,9,44,88,88,0,0,0,1,0
34,340355,2,2,0,0,0,3,3,23,2970,13,6,2013,5,15,51,0,14,4,CR-535,NORTH EDWARD ST,0,40.45936111,-74.347425,0,12,2,0,2,2,0,1,1,1,0,1,0,0000000,15,51,15,57,16,35,0,0,0,1,0
34,340356,1,1,0,1,1,1,1,7,520,8,5,2013,4,20,24,0,14,4,CR-551,,0,39.91376944,-75.11986389,0,8,0,0,1,1,0,1,2,1,0,1,0,0000000,20,30,20,38,20,56,0,0,0,1,0
34,340357,3,3,0,0,0,4,4,1,851,10,9,2013,3,11,22,0,13,3,SR-152,,29,39.31581667,-74.53286944,0,12,1,0,1,1,1,1,1,1,0,1,0,0000000,11,24,11,28,11,50,3,0,0,1,0
34,340358,1,1,0,0,0,1,1,7,520,30,9,2013,2,20,42,0,15,6,CARL MILLER BLVD,,0,39.92345278,-75.11516111,0,33,0,0,1,1,0,4,3,1,0,1,0,0000000,20,40,20,43,21,6,0,0,0,1,1
34,340359,1,1,0,0,0,1,1,1,1264,19,7,2013,6,10,10,0,3,3,SR-50,OAK STREET,0,39.494275,-74.69043889,0,53,0,0,1,1,0,5,1,1,0,1,0,0000000,10,23,10,38,88,88,0,0,0,1,0
34,340360,1,1,0,0,0,1,1,1,1264,22,9,2013,1,7,23,0,14,4,CR-559,,0,39.43564444,-74.7084,0,42,0,0,1,1,0,5,1,1,0,1,0,0000000,7,27,7,33,8,59,0,0,0,1,0
34,340361,1,1,0,0,0,1,1,1,1264,25,9,2013,4,20,3,0,15,4,CR-559,,170,39.46739722,-74.74901389,0,11,0,0,1,1,0,1,2,1,0,1,0,0000000,20,3,20,11,20,57,0,0,0,1,0
34,340362,2,2,0,0,0,2,2,31,2510,16,9,2013,2,22,35,0,15,6,21ST AVE,,0,40.90608333,-74.1524,0,12,6,0,1,1,0,1,3,1,0,1,0,0000000,22,36,22,39,23,6,0,0,0,1,0
34,340363,2,2,0,0,0,15,15,13,2130,11,9,2013,4,17,8,1,14,6,PORT ST,,0,40.70031111,-74.13875556,0,12,2,0,1,1,0,1,1,1,0,1,0,0000000,17,3,17,15,17,53,0,0,0,1,0
34,340364,1,1,0,0,0,2,2,13,2130,21,9,2013,7,4,37,1,13,3,SR-21,,80,40.71911944,-74.18077222,0,33,0,0,1,1,0,4,3,1,0,1,0,0000000,4,56,4,56,88,88,0,0,0,2,1
34,340365,1,1,0,1,1,3,3,7,2545,15,9,2013,1,1,28,1,13,2,US-130,COVE RD,331,39.96145278,-75.05213611,0,8,0,0,2,2,0,1,2,1,0,1,0,0000000,1,25,1,33,1,43,0,0,0,1,1
34,340366,2,2,0,1,1,2,2,3,3511,28,9,2013,7,4,26,1,12,8,444 (GSP),,1668,40.99163333,-74.07336667,0,8,0,0,1,1,0,1,2,1,0,1,0,0000000,6,14,6,31,88,88,0,0,0,1,0
34,340367,2,2,0,0,0,2,2,11,724,11,9,2013,4,10,20,0,16,6,CR-717,CR-659,0,39.47532222,-75.11975833,0,12,6,0,2,2,0,1,1,1,0,1,0,0000000,10,20,10,27,10,48,0,0,0,1,0
34,340368,1,1,0,1,1,1,1,11,420,15,9,2013,1,0,35,0,14,3,SR-77,MARION ST,4,39.43287222,-75.23048056,0,8,0,0,1,1,0,1,3,1,0,1,0,0000000,0,36,0,39,0,59,0,0,0,1,0
34,340369,1,1,0,1,1,1,1,39,3395,22,8,2013,5,7,13,0,13,3,SR-82,BURNET AVE,11,40.70245556,-74.28963889,0,8,0,0,3,4,0,1,1,1,0,1,0,0000000,99,99,99,99,99,99,0,0,0,1,0
34,340370,1,1,0,0,0,1,1,33,2617,12,10,2013,7,0,43,0,15,4,CR-540,,0,39.52456944,-75.17070833,0,30,0,0,1,1,0,4,2,2,0,2,0,0000000,0,42,0,54,88,88,0,0,0,1,1
34,340371,1,1,0,0,0,2,2,41,1572,29,10,2013,3,1,54,1,1,1,I-80,,89,40.9355,-75.01673056,0,35,0,0,1,1,0,5,2,1,0,1,0,0000000,1,59,2,15,2,40,0,0,0,1,0
34,340372,2,2,0,0,0,2,2,25,1925,4,9,2013,4,15,4,0,15,6,WEST FRONT ST,HARBOR GREEN CIRCLE,0,40.34426667,-74.09836944,0,12,6,0,2,3,0,1,1,1,0,1,0,0000000,3,10,99,99,16,5,0,0,0,1,0
34,340373,1,1,0,1,1,1,1,15,0,1,5,2013,4,21,1,0,14,4,CR-654,,0,39.73191667,-75.06178056,0,8,0,0,1,1,0,1,3,1,0,1,0,0000000,21,6,21,7,88,88,0,0,0,1,0
34,340374,1,1,0,0,0,1,1,39,3395,15,9,2013,1,21,56,0,13,3,SR-439,MELROSE TERRACE,0,40.67263056,-74.230825,0,33,0,0,3,3,0,4,3,1,0,1,0,0000000,21,58,22,8,88,88,0,0,0,1,1
34,340375,1,1,0,1,1,1,1,19,670,23,8,2013,6,21,19,0,4,3,SR-173,,1,40.63271667,-74.92060278,0,8,0,0,1,1,0,1,3,1,0,1,0,0000000,21,22,21,32,99,99,0,0,0,1,0
34,340376,4,4,0,0,0,5,5,39,3395,5,9,2013,5,11,22,1,14,4,CR-630,BROWN AVE,0,40.71686389,-74.28248056,0,12,8,0,3,3,0,1,1,1,0,1,0,0000000,11,24,11,35,11,55,0,0,0,1,0
34,340377,3,1,2,2,2,2,2,25,1760,11,9,2013,4,19,45,1,13,3,SR-36,FIFTH AVE,51,40.30993889,-73.9919,0,14,0,0,3,2,0,2,5,1,0,1,0,0000000,19,48,19,50,20,12,19,15,14,1,0
34,340378,3,2,1,0,0,2,2,39,3395,11,10,2013,6,5,15,0,13,3,SR-439,VIVIAN TERRACE,25,40.67213889,-74.23095833,0,12,6,0,2,3,0,1,3,10,0,10,0,0000000,5,17,5,26,88,88,14,0,0,1,1
34,340379,2,2,0,0,0,5,5,21,3380,6,10,2013,1,14,3,1,12,3,SR-29,,44,40.22353056,-74.779775,0,24,0,0,1,1,0,4,1,1,0,1,0,0000000,14,47,14,51,15,3,0,0,0,3,0
34,340380,1,1,0,1,1,1,1,27,0,10,8,2013,7,23,13,1,13,3,SR-10,MARY LOUISE AVE,2,40.87613889,-74.650075,0,9,0,0,2,3,1,1,2,1,0,1,0,0000000,23,12,23,20,88,88,0,0,0,1,0
34,340381,2,2,0,0,0,2,2,27,0,4,10,2013,6,17,18,1,11,1,I-80,,344,40.91043056,-74.5689,0,12,1,1,5,1,0,1,1,1,0,1,0,0000000,17,21,17,32,88,88,0,0,0,1,0
34,340382,4,4,0,0,0,7,7,1,0,2,10,2013,4,12,27,0,13,3,SR-54,,69,39.59454722,-74.85151111,0,12,2,0,1,1,0,1,1,1,0,1,0,0000000,12,28,12,33,13,17,0,0,0,1,0
34,340383,1,1,0,1,1,1,1,15,1751,14,10,2013,2,4,37,1,13,2,US-322,,39,39.78099444,-75.34062222,0,8,0,0,1,1,0,1,3,1,0,1,0,0000000,4,41,4,43,5,3,19,0,0,1,0
34,340385,1,1,0,0,0,2,2,29,1505,27,10,2013,1,16,43,1,11,1,I-195,,176,40.15734167,-74.40891111,0,24,0,0,1,1,0,4,1,1,0,1,0,0000000,16,45,17,6,17,41,0,0,0,2,1
34,340386,1,1,0,1,1,5,5,3,960,24,10,2013,5,15,34,1,13,3,SR-63,KENNEDY DR,4,40.81625833,-74.00218611,0,8,0,0,2,3,0,1,1,1,0,1,0,0000000,15,37,15,48,16,0,0,0,0,1,0
34,340387,2,2,0,0,0,3,3,37,0,29,10,2013,3,10,7,0,14,3,SR-94,SHAUGER TER,334,41.13596389,-74.60539444,0,12,2,0,2,3,0,1,1,1,0,1,1,0000000,10,11,10,33,11,46,0,0,0,1,0
34,340388,2,2,0,0,0,24,24,3,2942,1,10,2013,3,19,26,1,12,8,GSP-444,,1602,40.907575,-74.10016111,0,12,7,1,20,1,0,1,3,1,0,1,0,0000000,20,11,20,26,20,50,0,0,0,1,0
34,340389,1,1,0,1,1,1,1,3,1210,8,10,2013,3,19,8,0,16,6,PROSPECT AVE,,0,40.88891111,-74.055425,0,8,0,0,1,1,0,1,3,1,0,1,0,0000000,19,13,19,18,19,36,0,0,0,1,0
34,340390,2,2,0,0,0,4,4,41,50,13,10,2013,1,11,30,1,11,1,I-78,,31,40.65961944,-75.14378056,0,12,1,0,1,1,0,1,1,1,0,1,0,0000000,11,33,11,42,12,13,0,0,0,1,0
34,340391,1,1,0,1,1,3,3,15,0,7,10,2013,2,22,18,0,13,2,US-322,,261,39.669125,-74.97369722,0,8,0,0,1,1,0,1,3,1,0,1,0,0000000,22,20,22,30,88,88,0,0,0,1,0
34,340392,2,2,0,1,1,2,2,11,3460,30,10,2013,4,6,52,0,14,4,CR-555,,0,39.46229444,-75.00740833,0,8,0,0,1,1,0,1,2,1,0,1,0,0000000,6,54,7,0,7,26,0,0,0,1,0
34,340393,1,1,0,0,0,1,1,15,0,27,10,2013,1,7,36,0,14,4,CR-555,,0,39.69329444,-75.0194,0,42,0,0,1,1,0,5,1,1,0,1,0,0000000,7,40,7,49,8,7,0,0,0,1,0
34,340394,2,2,0,0,0,2,2,9,0,26,10,2013,7,9,19,1,12,8,GSP-444,SHELL BAY AVE,84,39.06678889,-74.83011111,0,12,6,1,2,2,0,1,1,1,0,1,0,0000000,10,14,10,18,10,30,0,0,0,1,0
34,340395,2,2,0,0,0,2,2,21,3633,21,10,2013,2,18,15,0,15,4,CR-641,SOUTH LANE,0,40.25161111,-74.598075,0,12,6,0,2,3,0,1,1,1,0,1,0,0000000,18,20,18,30,18,55,0,0,0,1,1
34,340396,2,2,0,0,0,2,2,13,2130,10,10,2013,5,17,6,1,12,2,US-1,,489,40.71136111,-74.15890833,0,25,0,1,5,1,0,3,1,1,0,1,0,0000000,17,8,17,22,88,88,0,0,0,1,1
34,340397,1,1,0,1,1,1,1,13,3150,18,10,2013,6,23,31,0,14,4,CR-638,FIFTH ST,0,40.74102778,-74.26278611,0,8,0,0,3,3,0,1,2,1,0,1,0,0000000,99,99,99,99,99,99,0,0,0,1,0
34,340398,2,2,0,0,0,2,2,23,2417,27,6,2013,5,16,38,0,14,4,CR-516,,0,40.41016389,-74.35688333,0,12,6,1,5,1,0,1,1,1,0,1,0,0000000,16,42,17,1,17,19,0,0,0,1,0
34,340399,2,2,0,0,0,2,2,23,3144,2,8,2013,6,4,19,1,13,2,US-1,BLACKHORSE LANE,204,40.42826111,-74.51974722,0,12,1,0,2,3,0,1,3,1,0,1,0,0000000,4,23,4,33,88,88,0,0,0,1,0
34,340400,1,1,0,0,0,1,1,23,779,27,8,2013,3,10,51,0,14,4,CR-535,,0,40.43495278,-74.39885,0,33,0,0,1,1,0,3,1,1,0,1,0,0000000,10,53,11,1,11,36,0,0,0,1,0
34,340401,1,1,0,1,1,1,1,13,2130,22,10,2013,3,15,16,1,13,6,BROAD ST,TICHENOR ST,0,40.72525833,-74.178075,0,8,0,0,3,3,0,1,1,1,0,1,0,0000000,15,19,15,21,15,40,0,0,0,1,0
34,340402,2,2,0,0,0,2,2,37,70,17,10,2013,5,1,10,1,13,2,US-206,,1024,40.97376111,-74.74031944,0,1,0,0,1,1,0,1,2,1,0,1,0,0000000,99,99,99,99,99,99,0,0,0,1,0
34,340403,1,1,0,1,1,1,1,7,0,19,6,2013,4,15,46,1,13,2,US-30,EAST PARK AVE,58,39.89969444,-75.07468333,0,8,0,0,3,3,0,1,1,1,0,1,0,0000000,99,99,99,99,99,99,0,0,0,1,0
34,340404,5,1,4,1,5,1,5,17,3590,30,7,2013,3,12,45,0,15,4,CR-505,,0,40.78386667,-74.00968333,0,33,0,0,1,1,0,4,1,1,0,1,0,0000000,12,47,12,52,13,15,15,14,0,1,0
34,340405,1,1,0,0,0,1,1,23,2208,25,9,2013,4,8,25,1,13,2,US-1,,245,40.462325,-74.45465,0,1,0,1,5,1,0,4,1,1,0,1,0,0000000,8,30,8,40,9,5,0,0,0,1,1
34,340406,1,1,0,0,0,1,1,39,2900,21,8,2013,4,0,2,0,14,4,CR-610,,0,40.65761667,-74.28206667,0,21,0,0,1,1,0,4,3,1,0,1,0,0000000,0,6,0,13,88,88,0,0,0,1,1
34,340407,1,1,0,0,0,2,2,13,320,24,10,2013,5,19,35,1,12,8,GSP-444,,1524,40.82938889,-74.17771111,0,24,0,0,1,1,0,4,2,1,0,1,0,0000000,19,42,19,53,20,29,0,0,0,1,0
34,340408,1,1,0,0,0,1,1,13,230,1,10,2013,3,6,25,1,12,3,SR-21,,70,40.79455833,-74.1423,0,25,0,0,1,1,0,3,4,1,0,1,0,0000000,6,28,6,36,7,3,0,0,0,1,0
34,340409,1,1,0,0,0,1,1,29,1505,12,10,2013,7,4,47,1,11,1,I-195,,227,40.15747778,-74.31489167,0,42,0,0,1,1,0,5,2,1,0,1,0,0000000,4,49,5,0,88,88,0,0,0,1,1
34,340410,1,1,0,0,0,1,1,3,1080,4,10,2013,6,22,3,0,14,4,CR-502,,0,40.99276667,-74.21738056,0,30,0,0,1,1,0,5,3,5,0,5,0,0000000,22,9,22,18,22,52,0,0,0,1,0
34,340411,1,1,0,1,1,1,1,7,598,2,11,2013,7,2,4,0,14,4,CR-616,,0,39.93139444,-74.98159444,0,8,0,0,1,1,0,1,3,5,0,5,0,0000000,2,4,2,8,2,37,0,0,0,1,0
34,340412,2,2,0,0,0,3,3,39,2900,16,11,2013,7,5,2,0,16,6,EAST 2ND AVE,POPLAR ST,0,40.65972778,-74.25636944,0,12,1,0,2,2,0,1,3,2,0,2,0,0000000,5,4,5,8,5,35,0,0,0,1,0
34,340413,1,1,0,1,1,3,3,3,820,24,11,2013,1,19,57,0,12,3,SR-120,,11,40.814575,-74.06899167,0,8,0,0,1,1,0,1,3,1,0,1,0,0000000,19,58,20,17,20,40,0,0,0,1,0
34,340414,2,2,0,0,0,2,2,3,1060,25,11,2013,2,6,10,1,11,1,I-95,,769,40.85561111,-73.97003611,0,12,1,0,1,1,0,1,4,1,0,1,0,0000000,6,11,6,26,88,88,0,0,0,1,0
34,340415,2,2,0,0,0,2,2,39,860,14,11,2013,5,8,19,1,11,1,I-95,,552,40.65481111,-74.19131944,0,12,1,0,1,1,0,1,1,1,0,1,0,0000000,8,27,8,37,88,88,0,0,0,1,0
34,340416,2,2,0,0,0,3,3,29,1801,26,11,2013,3,15,48,1,13,3,SR-70,CR-571,468,40.02338611,-74.26945833,0,12,6,0,2,2,0,1,1,2,0,2,0,0000000,15,55,16,0,16,39,0,0,0,1,0
34,340417,2,1,1,0,0,1,1,39,3570,1,11,2013,6,16,26,0,16,6,LENOX AVE,,0,40.65425556,-74.34261389,0,14,0,0,1,1,0,2,1,1,0,1,0,0000000,16,43,16,51,17,35,0,0,0,1,0
34,340418,3,2,1,0,0,4,4,1,90,4,11,2013,2,9,45,0,16,6,ATLANTIC AVE,BARTRAM AVE,0,39.34621111,-74.46161111,0,12,6,0,2,2,0,1,1,1,0,1,0,0000000,10,1,10,6,10,21,0,0,0,1,0
34,340419,2,2,0,0,0,2,2,7,280,12,11,2013,3,8,21,0,14,4,CR-691,CR-689,0,39.78476389,-74.94768333,0,12,6,0,2,2,0,1,1,4,0,4,0,0000000,8,41,8,50,9,22,0,0,0,1,0
34,340420,1,1,0,0,0,1,1,3,1750,5,11,2013,3,19,27,1,11,1,I-80,,646,40.88338056,-74.06701111,0,24,0,0,1,1,0,4,3,1,0,1,0,0000000,19,30,19,37,19,50,0,0,0,1,1
34,340421,2,2,0,1,1,1,1,29,3360,13,11,2013,4,0,54,1,12,8,GSP-444,,875,40.0288,-74.18371944,0,12,1,0,1,1,1,1,2,1,0,1,0,0000000,1,9,1,12,1,41,0,0,0,1,0
34,340422,1,1,0,0,0,1,1,15,747,22,11,2013,6,11,13,1,12,3,SR-55,,557,39.78356111,-75.11636944,0,42,0,0,1,1,0,5,1,10,0,10,0,0000000,11,15,11,22,11,51,0,0,0,1,0
34,340423,2,2,0,0,0,2,2,25,0,5,11,2013,3,9,1,0,13,3,SR-79,US 9,2,40.24012778,-74.27604167,0,12,6,0,2,2,0,1,1,1,0,1,0,0000000,99,99,99,99,99,99,0,0,0,1,0
34,340424,1,1,0,1,1,1,1,3,2200,8,11,2013,6,16,17,0,16,6,GARDEN TERRACE,,0,40.78371944,-74.13861944,0,8,0,0,1,1,0,1,1,1,0,1,0,0000000,16,19,16,27,17,21,0,0,0,1,0
34,340425,2,2,0,0,0,5,5,27,2850,1,11,2013,6,16,48,0,13,2,US-46,,418,40.897,-74.49917778,0,33,0,0,1,1,0,4,5,1,0,1,0,0000000,17,2,17,4,17,33,0,0,0,1,1
34,340426,2,2,0,0,0,2,2,21,935,26,10,2013,7,12,43,0,14,6,FEDERAL CITY RD,BUNKER HILL RD,0,40.28315,-74.76433889,0,12,6,0,2,3,0,1,1,1,0,1,0,0000000,12,46,12,52,13,13,0,0,0,1,0
34,340427,2,2,0,1,1,2,2,37,0,22,12,2013,1,22,34,1,2,2,US-206,,1240,41.22669444,-74.80223056,0,8,0,0,1,1,0,1,2,10,0,10,0,0000000,22,39,22,59,88,88,0,0,0,1,0
34,340429,1,1,0,0,0,1,1,27,781,6,11,2013,4,15,38,0,14,4,CR-632,ORCHARD PLACE EAST,0,40.82921111,-74.35341944,0,33,0,0,3,3,0,4,1,1,0,1,0,0000000,15,37,15,38,15,59,0,0,0,1,0
34,340430,1,1,0,0,0,2,2,29,1505,19,11,2013,3,19,46,0,14,4,CR-571,CR-34,0,40.13956944,-74.39626667,0,33,0,0,3,3,0,4,3,1,0,1,0,0000000,19,51,99,97,99,97,0,0,0,2,0
34,340431,1,1,0,1,1,1,1,31,2500,22,12,2013,1,19,45,0,14,4,CR-622,RANDOLPH ST,0,40.85538611,-74.13674444,0,8,0,0,3,3,0,1,3,1,0,1,0,0000000,19,47,20,8,20,29,0,0,0,1,0
34,340432,2,2,0,0,0,2,2,27,610,15,11,2013,6,12,34,1,2,2,US-206,,862,40.77067222,-74.69183056,0,12,2,0,1,1,0,1,1,1,0,1,0,0000000,12,39,12,57,13,37,0,0,0,1,0
34,340433,1,1,0,1,1,2,2,27,610,2,11,2013,7,9,29,1,2,2,US-206,,850,40.75974167,-74.692375,0,8,0,0,1,1,0,1,1,1,0,1,0,0000000,9,31,9,52,10,35,0,0,0,1,0
34,340434,1,1,0,0,0,1,1,27,0,28,11,2013,5,4,28,0,16,6,CAMP WASHINGTON RD,,0,40.80074722,-74.78724167,0,42,0,0,1,1,0,5,2,1,0,1,0,0000000,4,29,4,48,88,88,0,0,0,1,1
34,340435,3,3,0,0,0,7,7,35,2250,9,11,2013,7,12,33,1,13,2,US-22,WESTERVELT AVE,451,40.63020833,-74.43261667,0,12,1,0,1,1,0,1,1,1,0,1,0,0000000,12,44,12,47,13,53,0,0,0,1,1
34,340436,2,2,0,0,0,2,2,27,0,1,11,2013,6,5,15,0,14,6,RIDGEDALE AVENUE,,0,40.80443333,-74.4645,0,33,0,0,1,1,0,4,3,1,0,1,0,0000000,5,18,5,25,5,40,0,0,0,1,1
34,340438,3,3,0,0,0,6,6,23,844,15,9,2013,1,15,18,1,13,2,US-1,,285,40.50038333,-74.40591111,0,12,1,0,1,1,0,1,1,1,0,1,0,0000000,15,21,15,33,15,52,0,0,0,1,1
34,340439,2,2,0,0,0,6,6,25,0,10,11,2013,1,16,47,0,3,4,CR-524,CR-527,0,40.20888056,-74.35341111,0,12,6,0,2,2,0,1,1,1,0,1,0,0000000,16,58,17,4,17,31,0,0,0,1,0
34,340440,1,1,0,1,1,2,2,23,2570,3,9,2013,3,18,11,0,16,6,HALL AVE,ELIZABETH AVE,0,40.52059167,-74.26504167,0,8,0,0,2,3,0,1,1,1,0,1,0,0000000,18,17,18,17,19,6,0,0,0,1,0
34,340441,1,1,0,0,0,1,1,29,0,7,11,2013,5,5,0,0,4,4,CR-539,,0,40.04926667,-74.45310278,0,53,0,0,1,1,0,4,3,1,0,1,0,0000000,5,1,5,31,88,88,0,0,0,1,0
34,340442,1,1,0,0,0,2,2,25,3475,24,11,2013,1,6,50,1,12,8,GARDEN STATE PARKWAY (444),,964,40.14558611,-74.10889167,0,35,0,0,1,1,0,3,4,1,0,1,0,0000000,6,51,7,0,7,40,0,0,0,1,1
34,340443,1,1,0,0,0,1,1,23,844,16,11,2013,7,10,48,1,11,1,I-95,,408,40.51073889,-74.37136111,0,24,0,0,1,1,0,10,1,1,0,1,0,0000000,10,55,11,11,11,26,0,0,0,1,0
34,340444,1,1,0,1,1,1,1,3,1060,26,11,2013,3,17,19,0,14,3,SR-67,LEMOINE AVENUE,0,40.84701111,-73.97058056,0,8,0,0,3,4,0,1,3,2,0,2,0,0000000,17,37,17,48,18,10,0,0,0,1,0
34,340445,2,2,0,0,0,2,2,31,2510,16,11,2013,7,3,37,0,16,6,HAZEL ST,MONTCLAIR AVE,0,40.89300278,-74.16356944,0,12,6,0,2,3,0,1,3,2,0,2,0,0000000,3,37,3,42,88,88,0,0,0,1,1
34,340446,2,2,0,0,0,3,3,1,1105,17,11,2013,1,18,5,0,14,4,CR-575,ALOE ST,0,39.47624167,-74.57986111,0,12,6,0,2,2,0,1,3,1,0,1,0,0000000,18,6,18,16,18,47,0,0,0,1,0
34,340447,1,1,0,1,1,1,1,7,520,10,11,2013,1,12,45,0,13,4,CR-551,ROYDEN STREET,0,39.93783889,-75.11933889,0,8,0,0,3,2,0,1,1,1,0,1,0,0000000,99,99,99,99,99,99,0,0,0,1,0
34,340448,2,2,0,0,0,2,2,15,0,8,11,2013,6,5,28,0,13,3,SR-42,,18,39.71019167,-75.01349167,0,12,1,0,1,1,0,1,3,1,0,1,0,0000000,5,32,5,47,88,88,0,0,0,1,0
34,340449,4,4,0,0,0,8,8,1,1105,4,11,2013,2,10,53,1,13,2,US-30,POMONA ROAD,464,39.47841111,-74.57525833,0,12,6,0,2,2,0,1,1,1,0,1,0,0000000,10,59,11,2,11,47,0,0,0,1,0
34,340450,1,1,0,0,0,1,1,35,3504,13,11,2013,4,15,30,0,15,4,CR-618,,0,40.62420833,-74.52145833,0,42,0,0,1,1,0,5,1,1,0,1,0,0000000,15,35,15,54,16,48,0,0,0,1,0
34,340451,1,1,0,1,1,1,1,23,1910,21,11,2013,5,6,32,0,16,6,GROVE AVE,CHRISTOL ST,0,40.55123333,-74.35558056,0,8,0,0,2,3,0,1,1,1,0,1,0,0000000,6,25,6,29,6,56,0,0,0,1,0
34,340452,2,1,1,0,0,5,5,11,3460,11,11,2013,2,19,50,0,15,4,CR-540,,0,39.49535833,-75.06675833,0,33,0,0,1,1,0,4,3,1,0,1,0,0000000,19,51,20,1,20,15,0,0,0,1,0
34,340453,1,1,0,1,1,1,1,1,0,8,11,2013,6,4,59,0,15,4,CR-623,,43,39.56710833,-74.727375,0,8,0,0,1,1,0,1,2,1,0,1,0,0000000,4,59,5,14,5,40,0,0,0,1,0
34,340454,1,1,0,0,0,1,1,39,2180,14,11,2013,5,13,55,0,14,4,CR-622,,0,40.68688333,-74.39909167,0,33,0,0,1,1,0,4,1,1,0,1,0,0000000,13,51,13,59,88,88,0,0,0,1,0
34,340455,1,1,0,0,0,1,1,11,1970,20,11,2013,4,12,48,1,13,3,SR-49,,338,39.40255,-75.08411389,0,42,0,0,1,1,0,5,1,1,0,1,0,0000000,12,48,12,53,88,88,0,0,0,1,0
34,340456,1,1,0,0,0,1,1,31,2510,19,11,2013,3,21,18,0,16,6,6TH AVE,26TH ST,0,40.93126111,-74.14488611,0,33,0,0,3,3,0,5,3,1,0,1,0,0000000,21,19,21,27,22,1,0,0,0,1,1
34,340457,1,1,0,0,0,1,1,11,1970,19,11,2013,3,14,9,1,12,3,SR-55,,287,39.43391944,-75.05563889,0,35,0,0,1,1,0,3,1,1,0,1,0,0000000,14,9,14,17,88,88,0,0,0,1,1
34,340458,1,1,0,0,0,1,1,23,704,30,11,2013,7,12,43,0,16,5,JOHN WHITE ROAD,,0,40.29744722,-74.56300833,0,24,0,0,1,1,0,4,1,1,0,1,0,0000000,12,26,12,43,88,88,0,0,0,1,1
34,340459,1,1,0,1,1,1,1,31,660,22,11,2013,6,20,25,0,14,4,CR-625,MAHAR AVENUE,0,40.87707222,-74.13415833,0,8,0,0,3,2,0,1,3,2,0,2,0,0000000,20,24,20,47,20,56,0,0,0,1,0
34,340460,1,1,0,0,0,2,2,23,779,30,11,2013,7,19,49,0,16,5,DUTCH,,0,40.44115278,-74.43808333,0,30,0,0,1,1,0,4,3,1,0,1,0,0000000,19,56,20,11,20,30,0,0,0,2,0
34,340461,1,1,0,0,0,12,12,27,2084,28,11,2013,5,21,0,1,11,1,I-80,,269,40.89065,-74.70471111,0,1,0,0,1,1,0,4,3,1,0,1,0,0000000,21,8,21,26,21,59,13,0,0,1,0
34,340462,2,2,0,0,0,6,6,13,2130,30,11,2013,7,19,41,1,11,1,I-95,,585,40.69531944,-74.15801111,0,12,7,1,18,1,0,1,3,1,0,1,0,0000000,19,41,19,46,19,59,0,0,0,1,0
34,340463,2,2,0,0,0,5,5,21,1265,20,11,2013,4,15,21,0,14,5,KLOCKNER ROAD,WHATLEY ROAD,0,40.22186111,-74.67981111,0,12,6,0,2,2,0,1,1,1,0,1,0,0000000,15,21,15,22,15,27,0,0,0,1,0
34,340464,1,1,0,0,0,1,1,33,2617,5,11,2013,3,4,36,0,15,4,CR-540,,0,39.49581944,-75.07981667,0,38,0,0,1,1,1,5,2,1,0,1,0,0000000,99,99,99,99,99,99,0,0,0,1,0
34,340465,1,1,0,1,1,1,1,3,1775,20,12,2013,6,17,10,0,16,6,VALLEY BROOK AVE,LINCOLN AVE,0,40.81165278,-74.12386667,0,8,0,0,3,3,0,1,3,1,0,1,0,0000000,17,19,17,32,18,16,0,0,0,1,0