STATE,ST_CASE,VE_TOTAL,VE_FORMS,PVH_INVL,PEDS,PERNOTMVIT,PERMVIT,PERSONS,COUNTY,CITY,DAY,MONTH,YEAR,DAY_WEEK,HOUR,MINUTE,NHS,ROAD_FNC,ROUTE,TWAY_ID,TWAY_ID2,MILEPT,LATITUDE,LONGITUD,SP_JUR,HARM_EV,MAN_COLL,RELJCT1,RELJCT2,TYP_INT,WRK_ZONE,REL_ROAD,LGT_COND,WEATHER1,WEATHER2,WEATHER,SCH_BUS,RAIL,NOT_HOUR,NOT_MIN,ARR_HOUR,ARR_MIN,HOSP_HR,HOSP_MN,CF1,CF2,CF3,FATALS,DRUNK_DR
34,340466,1,1,0,0,0,2,2,19,0,8,12,2013,1,22,19,1,1,1,I-78,,147,40.63401111,-74.94758889,0,35,0,0,1,1,0,4,2,4,0,4,0,0000000,22,19,22,37,22,43,0,0,0,2,0
34,340467,1,1,0,1,1,1,1,3,890,11,12,2013,4,17,0,0,13,3,SR-93,E. SHEFFIELD AVE,0,40.87626944,-73.98374167,0,8,0,0,3,2,0,1,2,1,0,1,0,0000000,16,59,17,5,17,28,0,0,0,1,0
34,340468,1,1,0,0,0,1,1,1,1105,11,12,2013,4,21,20,0,4,4,CR-561,S. HARVARD TERRACE,0,39.51183611,-74.52789167,0,33,0,0,1,1,0,4,2,1,0,1,0,0000000,21,20,21,31,22,8,0,0,0,1,0
34,340469,1,1,0,0,0,1,1,27,1295,25,12,2013,4,16,49,0,14,5,RIDGEDALE AVENUE,,0,40.83055556,-74.44497778,0,33,0,0,1,1,0,4,2,1,0,1,0,0000000,16,54,17,4,17,19,0,0,0,1,0
34,340470,2,2,0,0,0,2,2,7,3694,12,12,2013,5,15,27,1,13,3,SR-73,CR-723,72,39.66417778,-74.88069722,0,12,6,0,2,2,0,1,1,1,0,1,0,0000000,15,27,15,33,16,1,0,0,0,1,0
34,340471,1,1,0,1,1,1,1,5,1824,4,12,2013,4,20,48,0,14,4,CR-537,,0,39.95572778,-74.99809722,0,8,0,0,1,1,0,1,3,1,0,1,0,0000000,20,50,20,52,21,17,0,0,0,1,0
34,340472,2,2,0,0,0,3,3,5,0,5,12,2013,5,6,34,1,2,3,SR-72,,65,39.84808056,-74.49288056,0,12,2,0,1,1,0,1,4,5,0,5,0,0000000,6,34,6,47,7,34,0,0,0,1,0
34,340473,2,2,0,0,0,2,2,5,0,6,12,2013,6,20,29,0,4,4,CR-630,,0,39.99108333,-74.71145,0,12,2,0,1,1,0,1,2,2,0,2,0,0000000,20,40,20,48,21,11,0,0,0,1,2
34,340474,2,2,0,0,0,3,3,29,3360,15,12,2013,1,17,17,0,15,4,CR-637,SR-70,0,40.0427,-74.23221389,0,12,6,0,2,2,0,1,3,1,0,1,0,0000000,17,19,17,27,17,48,0,0,0,1,0
34,340475,2,2,0,0,0,2,2,5,3047,7,12,2013,7,13,48,0,14,4,CR-541,,0,39.82931944,-74.78166944,0,12,1,0,1,1,0,2,1,1,0,1,0,0000000,13,52,14,2,14,44,0,0,0,1,0
34,340476,3,3,0,0,0,4,4,29,1801,11,12,2013,4,13,3,1,13,3,SR-70,,400,40.006775,-74.33419444,0,12,8,0,1,1,0,1,1,1,0,1,0,0000000,13,15,13,28,13,50,0,0,0,1,0
34,340477,1,1,0,1,1,1,1,29,3180,16,12,2013,2,17,54,0,14,4,CR-530,CHAMBERLAIN ST,0,39.94128333,-74.2121,0,8,0,0,3,3,0,1,3,1,0,1,0,0000000,17,58,18,4,19,1,0,0,0,1,0
34,340478,2,2,0,0,0,4,4,29,3360,18,12,2013,4,9,52,0,13,4,CR-623,WHITE OAK BOTTOM ROAD,0,40.02714167,-74.20117778,0,12,6,0,2,3,0,1,1,1,0,1,0,0000000,9,53,9,57,10,27,0,0,0,1,0
34,340479,1,1,0,1,1,2,2,3,1750,22,12,2013,1,17,17,0,15,6,CENTRAL AVENUE,SOUTH MAIN STREET,0,40.87193889,-74.08761111,0,9,0,0,3,3,0,1,1,1,0,1,0,0000000,17,18,17,23,17,52,0,0,0,1,0
34,340480,1,1,0,1,1,1,1,23,2140,6,11,2013,4,18,26,1,13,2,US-1,SR-18,272,40.48508056,-74.41644722,0,8,0,1,20,1,0,1,3,1,0,1,0,0000000,18,31,18,40,18,51,0,0,0,1,0
34,340481,1,1,0,0,0,2,2,1,1105,14,12,2013,7,2,35,1,12,8,GARDEN STATE PARKWAY 444,,436,39.5083,-74.51993889,0,42,0,1,19,1,0,4,2,10,0,10,0,0000000,2,49,99,97,99,97,0,0,0,2,0
34,340482,1,1,0,0,0,2,2,11,3460,19,12,2013,5,22,7,0,14,3,SR-47,,499,39.53283333,-75.04490278,0,40,0,0,1,1,0,4,2,1,0,1,0,0000000,22,8,22,35,22,49,0,0,0,1,1
34,340483,2,2,0,0,0,2,2,11,0,24,12,2013,3,9,6,0,14,3,SR-77,CR-617,39,39.47938889,-75.20758611,0,12,1,0,2,2,0,1,1,1,0,1,0,0000000,9,5,9,11,9,42,0,0,0,1,0
34,340484,2,1,1,1,3,1,3,13,2130,15,12,2013,1,4,59,1,11,1,I-95,,596,40.70868056,-74.1511,0,8,0,1,19,1,0,2,3,1,0,1,0,0000000,5,32,99,99,99,99,19,0,0,1,0
34,340485,1,1,0,1,1,2,2,1,1105,30,12,2013,2,18,16,0,15,4,CR-561A,QUAIL HILL BLVD,0,39.49353611,-74.45283611,0,15,0,0,2,2,0,1,3,1,0,1,0,0000000,18,17,18,26,19,10,0,0,0,1,0
34,340486,2,2,0,0,0,3,3,15,1751,10,12,2013,3,16,20,0,6,4,CR-671,,0,39.79463611,-75.32959722,0,12,6,0,1,1,0,1,1,1,0,1,0,0000000,16,23,16,27,16,51,0,0,0,1,0
34,340487,1,1,0,0,0,2,2,17,190,12,12,2013,5,0,36,0,15,6,AVENUE A,,0,40.65437222,-74.13532222,0,33,0,0,1,1,0,3,3,1,0,1,0,0000000,0,40,0,45,1,35,0,0,0,1,1
34,340488,1,1,0,1,1,1,1,21,825,4,12,2013,4,16,50,1,13,2,US-130,HICKORY CORNER ROAD,675,40.2597,-74.54866667,0,8,0,0,2,2,0,1,3,1,0,1,0,0000000,16,50,16,53,16,55,0,0,0,1,0
34,340489,3,3,0,0,0,6,6,31,3370,21,12,2013,7,7,7,1,11,1,I-80,,542,40.89896944,-74.23025,0,25,0,0,1,1,0,3,3,1,0,1,0,0000000,7,13,7,21,88,88,0,0,0,1,1
34,340490,1,1,0,1,1,1,1,1,90,19,10,2013,7,19,58,1,13,8,ATLANTIC AVENUE,MICHIGAN AVENUE,66,39.35908056,-74.43546944,0,8,0,0,2,2,0,1,3,2,0,2,0,0000000,20,0,20,5,20,11,0,0,0,1,0
34,340491,1,1,0,1,1,1,1,39,1550,3,12,2013,3,6,45,0,14,6,SOUTH MICHIGAN AVE,NEWARK AVE,0,40.67458056,-74.28495556,0,8,0,0,3,2,0,1,4,1,0,1,0,0000000,6,55,7,5,7,44,0,0,0,1,0
34,340492,1,1,0,1,1,1,1,23,844,13,12,2013,6,15,55,0,13,3,SR-27,FITCH RD,0,40.52267778,-74.39212222,0,33,0,0,3,3,0,4,1,1,0,1,0,0000000,15,57,16,1,16,17,0,0,0,1,0
34,340493,1,1,0,1,1,1,1,23,3705,13,12,2013,6,18,52,0,6,6,CROWS MILL RD,DOUGLAS ST,0,40.52520556,-74.30555833,0,8,0,0,3,3,0,1,3,1,0,1,0,0000000,18,54,19,5,19,30,0,0,0,1,0
34,340494,1,1,0,1,1,1,1,23,3160,12,12,2013,5,19,3,0,15,6,NEW BRUNSWICK AVE,,0,40.57681389,-74.43911944,0,8,0,0,1,1,0,1,3,1,0,1,0,0000000,19,4,19,18,19,44,0,0,0,1,0
34,340495,2,2,0,0,0,3,3,31,3370,5,12,2013,5,22,43,1,13,2,US-46,,576,40.89335833,-74.22663611,0,12,6,1,5,1,0,1,3,2,0,2,0,0000000,22,47,22,50,23,45,0,0,0,1,0
34,340496,2,2,0,0,0,5,5,41,0,27,12,2013,6,2,59,1,1,1,I-80,,10,40.97128056,-75.12133056,0,12,2,0,1,1,0,1,3,1,0,1,0,0000000,3,4,3,17,4,9,0,0,0,1,1
34,340497,2,2,0,0,0,3,3,35,0,28,12,2013,7,17,0,0,14,4,CR-617,HAMILTON ST,0,40.48801667,-74.48303889,0,12,2,0,2,2,0,1,3,1,0,1,0,0000000,17,2,17,11,17,33,0,0,0,1,1
34,340498,1,1,0,0,0,1,1,3,3775,24,12,2013,3,22,35,0,14,4,CR-93I,,0,40.98262222,-74.16820833,0,33,0,0,1,1,0,4,3,1,0,1,0,0000000,22,38,22,43,23,16,0,0,0,1,0
34,340499,1,1,0,1,1,2,2,35,0,23,12,2013,2,20,38,0,13,3,SR-27,,109,40.4487,-74.52286944,0,8,0,0,1,1,0,1,3,10,0,10,0,0000000,20,40,20,44,88,88,0,0,0,1,0
34,340500,1,1,0,2,2,1,1,13,320,23,9,2013,2,9,16,0,14,4,CR-509,BLOOMFIELD AVENUE,143,40.77907222,-74.18938333,0,8,0,0,2,2,0,1,1,1,0,1,0,0000000,9,17,9,18,9,19,0,0,0,1,0
34,340501,2,2,0,0,0,4,4,23,844,14,10,2013,2,13,40,0,13,4,CR-514,RARITAN CENTER PARKWAY,0,40.52172778,-74.34151667,0,12,1,0,3,2,0,1,1,1,0,1,0,0000000,13,44,13,48,14,29,0,0,0,1,0
34,340502,4,4,0,0,0,5,5,23,2208,28,9,2013,7,21,56,1,13,3,SR-91,,6,40.46135278,-74.48378889,0,12,1,0,1,1,0,1,3,1,0,1,0,0000000,22,0,22,8,23,21,20,0,0,1,1
34,340503,2,1,1,0,1,4,5,21,1650,12,12,2013,5,1,9,1,11,1,I-95,,88,40.28561944,-74.69991111,0,25,0,1,19,1,0,10,3,10,0,10,0,0000000,1,9,1,20,2,34,0,0,0,3,1
34,340504,1,1,0,0,0,2,2,21,3380,14,12,2013,7,17,51,0,14,4,CR-650,SR-129,0,40.19834722,-74.75270833,0,10,0,0,6,1,0,1,3,4,0,4,0,515647X,17,51,18,2,18,14,0,0,0,2,0
34,340505,1,1,0,0,0,1,1,25,3475,14,12,2013,7,10,32,1,12,8,GSP-444,,967,40.14956944,-74.10736944,0,35,0,0,1,1,0,3,1,4,0,4,0,0000000,10,13,99,97,99,97,0,0,0,1,0
34,340506,2,2,0,0,0,2,2,27,2498,3,12,2013,3,13,58,1,11,1,I-280,,19,40.84598056,-74.34976111,0,12,1,0,1,1,0,1,1,1,0,1,0,0000000,14,4,14,15,88,88,0,0,0,1,0
34,340507,1,1,0,0,0,1,1,29,1801,26,12,2013,5,17,25,0,14,4,CR-530,,0,39.94700833,-74.34033333,0,42,0,0,1,1,0,5,3,1,0,1,0,0000000,17,29,17,47,99,99,0,0,0,1,0
34,340508,2,2,0,0,0,8,8,41,18,27,12,2013,6,23,37,0,3,4,CR-517,RUTHERFORD ROAD,0,40.90183611,-74.82385556,0,12,2,0,2,3,0,1,3,1,0,1,0,0000000,23,38,23,55,0,2,0,0,0,1,1
34,340509,1,1,0,0,0,1,1,41,314,30,12,2013,2,7,23,1,1,1,I-80,,91,40.93516111,-75.01486111,0,42,0,0,1,1,0,3,4,10,0,10,0,0000000,7,31,7,54,88,88,0,0,0,1,0
34,340510,1,1,0,1,1,1,1,39,3395,6,12,2013,6,16,39,0,14,4,CR-630,VICTOR AVE,0,40.69748611,-74.260975,0,8,0,0,3,3,0,1,2,2,0,2,0,0000000,16,42,16,52,17,23,0,0,0,1,0
34,340511,2,2,0,0,0,5,5,23,1920,9,12,2013,2,7,3,0,14,6,BAEKELAND AVENUE,,0,40.55946111,-74.51932222,0,12,6,0,1,1,0,1,4,3,0,3,0,0000000,7,11,7,31,7,59,0,0,0,1,0
34,340512,1,1,0,0,0,1,1,35,2250,27,12,2013,6,23,3,1,13,3,SR-22,CR-531,448,40.62811389,-74.4358,0,25,0,0,3,3,0,3,3,1,0,1,0,0000000,23,7,23,19,88,88,20,0,0,1,0
34,340513,1,1,0,1,1,1,1,21,3380,14,12,2013,7,7,1,0,15,6,CHESTNUT STREET,,0,40.21795833,-74.74926389,0,8,0,0,1,1,0,1,1,4,0,4,0,0000000,7,3,7,12,7,19,0,0,0,1,0
34,340514,1,1,0,1,1,1,1,33,0,3,12,2013,3,15,26,0,4,4,CR-551,,0,39.70416111,-75.41326111,0,9,0,0,1,1,0,1,1,1,0,1,0,0000000,15,23,15,34,88,88,0,0,0,1,0
34,340515,1,1,0,0,0,1,1,1,1264,24,11,2013,1,14,45,0,14,4,CR-575,,0,39.46658889,-74.60227778,0,42,0,0,1,1,0,5,1,1,0,1,0,0000000,14,45,14,53,88,88,0,0,0,1,0
34,340516,2,2,0,0,0,3,3,1,0,27,10,2013,1,14,15,1,13,2,US-30,SNOWHILL RD,347,39.59230556,-74.73903889,0,12,6,0,2,3,0,1,1,1,0,1,0,0000000,14,16,14,26,14,50,0,0,0,1,1
34,340518,1,1,0,0,0,2,2,1,0,21,12,2013,7,19,9,0,6,4,CR-612,,0,39.58515833,-74.59657778,0,42,0,0,1,1,0,5,2,1,0,1,0,0000000,19,11,19,24,19,52,0,0,0,1,0
34,340519,1,1,0,1,1,1,1,31,2500,20,10,2013,1,21,1,0,16,6,LEONARD PLACE,,0,40.86288889,-74.12919722,0,33,0,0,1,1,0,4,3,1,0,1,0,0000000,21,3,21,5,21,15,0,0,0,1,0
34,340520,1,1,0,1,1,1,1,7,598,4,11,2013,2,17,17,1,13,3,SR-38,CHURCH RD,38,39.94045278,-75.00916944,0,8,0,0,2,5,0,1,3,1,0,1,0,0000000,17,18,17,20,88,88,0,0,0,1,0
34,340521,1,1,0,1,1,1,1,13,2130,10,12,2013,3,17,45,0,16,6,FERRY ST,MAIN ST,0,40.72922778,-74.14879444,0,8,0,0,2,3,0,1,3,99,0,99,0,0000000,99,99,99,99,99,99,0,0,0,1,0
35,350001,1,1,0,0,0,2,2,17,43,4,1,2013,6,20,20,0,6,5,RACETRACK ROAD,,0,32.76480278,-108.189425,3,38,0,0,1,1,0,5,2,1,0,1,0,0000000,20,25,20,33,99,99,0,0,0,1,1
35,350002,3,3,0,1,1,3,3,1,30,8,1,2013,3,20,55,1,11,1,I-40,,1760,35.09583333,-106.2675,0,8,0,0,1,1,0,1,2,1,0,1,0,0000000,99,99,99,99,88,88,0,0,0,1,0
35,350003,2,2,0,0,0,3,3,47,0,9,1,2013,4,17,9,0,2,7,I-25 FRONTAGE ROAD 2137,,7,35.52367222,-105.2449639,0,12,6,0,99,1,0,1,1,1,0,1,0,0000000,99,99,99,99,99,99,0,0,0,1,0
35,350004,2,2,0,1,1,2,2,49,710,19,1,2013,7,20,44,0,6,6,ST. MICHAELS DR,,0,35.65853056,-105.9500278,0,8,0,0,1,1,0,1,2,1,0,1,0,0000000,20,44,20,51,20,57,0,0,0,1,0
35,350005,1,1,0,2,2,2,2,31,0,25,1,2013,6,18,16,0,3,3,SR-118,REHOBOTH DRIVE,0,35.53269722,-108.6551083,0,8,0,0,3,3,0,1,2,1,0,1,0,0000000,99,99,99,99,99,99,0,0,0,1,0
35,350006,1,1,0,1,1,1,1,9,190,9,1,2013,4,4,11,0,6,6,MABRY,,0,34.39612778,-103.1748917,0,8,0,0,1,1,0,1,2,1,0,1,0,0000000,99,99,99,99,99,99,0,0,0,1,0
35,350007,1,1,0,1,1,1,1,31,0,31,1,2013,5,1,39,0,3,3,SR-122,,87,35.38970278,-108.1800417,0,8,0,0,1,1,0,1,2,1,0,1,0,0000000,1,44,1,51,88,88,0,0,0,1,0
35,350008,1,1,0,0,0,2,2,51,0,1,2,2013,6,1,33,1,1,1,I-25 RAMP,SR-187,590,32.89166667,-107.3027778,0,33,0,1,5,1,0,6,2,1,0,1,0,0000000,99,99,2,50,99,99,0,0,0,1,1
35,350009,1,1,0,0,0,2,2,37,820,25,1,2013,6,3,0,1,1,2,US-66,,0,35.15641944,-103.7771139,0,33,0,0,1,1,0,3,2,1,0,1,0,0000000,99,99,99,99,99,99,0,0,0,1,1
35,350010,1,1,0,1,1,1,1,7,21,1,1,2013,3,17,0,0,6,5,SIERRA BLANCA TRAIL,,0,36.37746944,-105.309375,0,15,0,0,8,1,0,1,2,4,0,4,0,0000000,17,6,17,19,18,1,0,0,0,1,0
35,350011,2,2,0,0,0,2,2,43,677,7,2,2013,5,12,55,0,13,3,SR-528 PAT D'ARCO HWY,NORTHERN BLVD NE,99998,35.26603333,-106.6276444,0,12,6,1,2,3,0,1,1,1,0,1,0,0000000,12,55,13,0,99,99,0,0,0,1,0
35,350012,2,2,0,0,0,4,4,45,745,4,2,2013,2,14,35,0,3,8,INDIAN ROUTE 13,,150,36.65093889,-108.78115,3,12,2,0,1,1,0,1,1,1,0,1,0,0000000,14,45,14,58,99,99,0,0,0,1,1
35,350013,1,1,0,1,1,2,2,1,30,3,1,2013,5,9,57,1,13,6,CENTRAL AVE SE,,0,35.08223611,-106.6342083,0,8,0,0,1,1,0,1,1,1,0,1,0,0000000,9,58,9,59,10,17,0,0,0,1,0
35,350014,3,3,0,0,0,6,6,6,0,9,1,2013,4,6,30,1,1,1,I-40,,950,35.07085833,-107.675025,0,12,8,0,1,1,0,1,2,1,0,1,0,0000000,6,3,6,39,7,27,0,0,0,3,0
35,350015,1,1,0,1,1,1,1,1,30,10,2,2013,1,18,49,0,13,6,CENTRAL AVE SE,FIGUEROA ST NE,0,35.83777778,-106.5083333,0,8,0,0,2,3,0,1,3,1,0,1,0,0000000,18,54,19,0,19,15,0,0,0,1,0
35,350016,1,1,0,0,0,1,1,6,0,10,2,2013,1,16,28,0,3,3,SR-117,,344,34.81430833,-107.9097639,0,1,0,0,1,1,0,4,1,1,0,1,0,0000000,16,32,16,58,88,88,0,0,0,1,0
35,350017,2,2,0,0,0,2,2,1,30,5,2,2013,3,17,59,0,16,6,TRAMWAY SERVICE RD,,0,35.0871,-106.4978167,0,12,2,0,1,1,0,1,5,1,0,1,0,0000000,99,99,99,99,99,99,0,0,0,1,0
35,350018,1,1,0,0,0,2,2,45,0,20,2,2013,4,21,55,1,2,2,US-550,,1150,36.24889444,-107.736375,0,34,0,0,1,1,0,6,2,4,8,4,0,0000000,21,55,22,27,99,99,2,24,0,1,0
35,350019,1,1,0,0,0,1,1,47,0,26,2,2013,3,5,43,0,5,3,SR-266,,20,35.7637,-105.293,0,1,0,0,1,1,0,4,2,1,0,1,0,0000000,99,99,99,99,88,88,0,0,0,1,0
35,350020,1,1,0,1,1,1,1,1,0,23,2,2013,7,3,28,1,11,1,I-40 EAST,,1700,35.05017778,-106.4501194,0,8,0,0,1,1,0,1,2,1,0,1,0,0000000,3,36,99,97,99,97,19,0,0,1,0
35,350021,1,1,0,1,1,3,3,1,30,27,2,2013,4,20,27,0,13,6,COORS BLVD NW,ST JOSEPH DR NW,99998,35.12795278,-106.7017417,0,8,0,0,3,2,0,1,3,1,0,1,0,0000000,99,99,99,99,88,88,0,0,0,1,0
35,350022,1,1,0,0,0,1,1,17,0,26,2,2013,3,7,38,1,2,2,US-180,,1300,32.64283056,-108.1314556,0,43,0,0,1,1,0,5,1,1,0,1,0,0000000,7,53,8,17,9,0,0,0,0,1,0
35,350023,1,1,0,0,0,2,2,55,0,3,3,2013,1,12,3,1,2,2,US-285,,4000,36.933825,-105.9869833,0,1,0,0,1,1,0,1,1,1,0,1,0,0000000,12,8,12,56,14,15,0,0,0,1,0
35,350024,2,2,0,0,0,2,2,5,0,11,3,2013,2,15,56,1,2,2,US-380,RED BRIDGE ROAD,1580,33.39425,-104.4700667,0,12,6,0,2,2,0,1,1,1,0,1,0,0000000,15,54,15,59,16,23,0,0,0,1,0
35,350025,2,2,0,0,0,2,2,13,470,14,3,2013,5,1,26,0,16,6,KANSAS AVE,S SOLANO DRIVE,0,32.30776389,-106.7654917,0,12,6,0,3,2,0,1,3,1,0,1,0,0000000,0,52,1,2,1,20,0,0,0,1,2
35,350026,1,1,0,0,0,1,1,35,0,15,3,2013,6,9,15,0,5,5,TAYLOR RANCH ROAD,,0,32.80123889,-105.9774306,0,10,0,0,6,1,0,1,1,1,0,1,0,9999999,99,99,99,99,88,88,0,0,0,1,0
35,350027,2,2,0,0,0,2,2,1,30,15,3,2013,6,16,8,0,13,6,UNSER BLVD NW,MOLTEN ROCK ROAD NW,0,35.16043889,-106.726375,0,12,6,0,2,2,0,1,1,1,0,1,0,0000000,16,11,16,23,99,99,0,0,0,1,1
35,350028,1,1,0,0,0,1,1,13,0,16,3,2013,7,13,30,1,1,1,I-10,,1120,32.24177778,-107.2574889,0,1,0,0,1,1,0,4,1,6,0,6,0,0000000,13,34,13,58,88,88,0,0,0,1,0
35,350029,1,1,0,0,0,2,2,37,0,12,1,2013,7,20,50,1,1,1,I-40,,3111,35.09955,-104.0490778,0,1,0,0,1,1,0,3,2,4,0,4,0,0000000,21,1,21,53,22,49,0,0,0,1,0
35,350030,1,1,0,0,0,1,1,7,0,17,3,2013,1,15,5,1,1,1,I-25,,4230,36.50044444,-104.5684361,0,24,0,0,1,1,0,4,1,6,0,6,0,0000000,15,5,15,18,15,58,0,0,0,1,0
35,350031,1,1,0,0,0,1,1,61,100,24,2,2013,1,3,36,0,2,3,SR-47,,100,34.57933056,-106.6673889,0,1,0,0,1,1,0,4,2,1,0,1,0,0000000,99,99,99,99,88,88,0,0,0,1,0
35,350032,1,1,0,0,0,2,2,49,710,19,3,2013,3,19,17,0,13,7,OPERA DR,TANO RD BRIDGE,99998,35.72383333,-105.932425,0,25,0,0,3,3,0,10,2,1,0,1,0,0000000,19,17,19,35,88,88,0,0,0,2,1
35,350033,1,1,0,0,0,1,1,15,130,20,3,2013,4,99,99,0,9,8,CID ACCESS ROAD,,0,32.4033,-104.252,0,1,0,0,1,1,0,4,2,98,0,98,0,0000000,10,20,10,25,88,88,0,0,0,1,1
35,350034,2,2,0,0,0,2,2,41,0,21,3,2013,5,10,20,0,4,3,SR-267,ROOSEVELT ROAD,0,34.18568056,-103.386925,0,12,6,0,2,2,0,1,1,1,0,1,0,0000000,10,7,10,12,10,50,0,0,0,1,0
35,350035,1,1,0,1,1,1,1,31,340,29,3,2013,6,21,29,1,2,2,US-66,WILL STREET,0,35.52997778,-108.7217889,0,8,0,0,3,3,0,1,3,1,0,1,0,0000000,9,31,9,36,88,88,0,0,0,1,0
35,350036,1,1,0,0,0,1,1,29,230,29,3,2013,6,3,58,1,1,1,I-10,,590,32.22136944,-108.1441778,0,1,0,0,1,1,0,3,2,1,0,1,0,0000000,4,0,4,21,4,58,0,0,0,1,1
35,350037,1,1,0,1,1,1,1,49,0,20,2,2013,4,23,9,0,3,3,SR-14,,0,35.59303611,-106.0523861,0,8,0,0,1,1,0,1,2,1,0,1,0,0000000,23,11,23,17,88,88,0,0,0,1,0
35,350038,2,2,0,0,0,3,3,15,0,30,3,2013,7,14,58,1,2,2,US-285,FERGUSON ROAD,250,32.37067778,-104.1935667,0,12,6,0,2,3,0,1,1,1,0,1,0,0000000,14,55,14,59,15,24,0,0,0,1,0
35,350039,1,1,0,1,1,1,1,45,0,5,3,2013,3,7,0,1,2,2,US-491,,476,35.63512778,-108.7786167,3,8,0,0,1,1,0,2,3,1,0,1,0,0000000,99,98,99,98,99,98,0,0,0,1,0
35,350040,2,2,0,0,0,8,8,15,0,10,1,2013,5,7,5,1,2,2,US-285,,77,32.10356389,-104.0724361,0,12,6,0,1,1,1,1,1,1,0,1,0,0000000,99,99,99,99,99,99,0,0,0,2,0
35,350041,1,1,0,0,0,1,1,25,0,13,1,2013,1,7,1,0,3,3,SR-248,,10,32.51552778,-103.1273444,0,35,0,0,1,1,0,6,2,1,0,1,0,0000000,99,99,99,99,88,88,0,0,0,1,1
35,350042,2,2,0,1,1,3,3,31,0,13,1,2013,1,2,25,1,1,1,I-40,,335,35.50598889,-108.5267528,0,8,0,0,1,1,0,1,2,1,0,1,0,0000000,99,99,99,99,99,99,0,0,0,1,0
35,350043,2,2,0,0,0,3,3,1,0,10,2,2013,1,1,33,1,13,3,SR-423,EAGLE RANCH RD NW,95,35.18117778,-106.6745917,0,12,6,0,2,2,0,1,3,1,0,1,0,0000000,1,39,1,48,99,99,20,0,0,1,0
35,350044,1,1,0,0,0,2,2,3,0,27,2,2013,4,10,50,0,3,3,SR-12,,123,33.742575,-108.7268639,0,1,0,0,1,1,0,4,1,1,0,1,0,0000000,10,59,11,23,12,4,0,0,0,2,0
35,350045,1,1,0,0,0,1,1,37,0,7,3,2013,5,8,54,0,3,3,SR-469,,430,35.34601667,-103.4095306,0,10,0,0,6,1,0,1,1,1,0,1,0,596240D,8,52,9,8,88,88,0,0,0,1,0
35,350046,2,2,0,0,0,3,3,55,780,23,3,2013,7,20,2,0,6,5,SALAZAR,CAMINO DE LA MERCED,99998,36.389375,-105.5914389,0,12,6,0,2,2,0,1,3,1,0,1,0,0000000,20,6,20,9,20,21,0,0,0,1,1
35,350047,1,1,0,0,0,6,6,6,0,30,3,2013,7,19,10,1,1,1,I-40,,1100,35.02703889,-107.4387028,3,1,0,0,1,1,0,3,1,1,0,1,0,0000000,19,19,19,41,20,12,0,0,0,1,0
35,350048,3,3,0,0,0,5,5,45,310,4,4,2013,5,16,49,0,13,2,US-64 W MAIN,SR-170 LA PLATA HIWAY,500,36.73790278,-108.2520472,0,12,6,0,2,3,0,1,1,1,0,1,0,0000000,17,7,17,21,99,99,20,0,0,1,1
35,350049,2,2,0,0,0,4,4,13,0,5,4,2013,6,11,25,0,3,3,SR-404 OHARA RD,,53,32.00935,-106.5285389,0,12,2,0,1,1,0,1,1,1,0,1,0,0000000,99,99,99,99,99,99,0,0,0,1,0
35,350050,1,1,0,0,0,1,1,47,0,5,4,2013,6,3,13,1,1,1,I-25,,3416,35.54677778,-105.2274194,0,24,0,0,1,1,0,4,2,1,0,1,0,0000000,99,99,99,99,88,88,0,0,0,1,1
35,350051,1,1,0,0,0,8,8,47,0,6,4,2013,7,2,19,1,1,1,I-25,,3365,35.47436667,-105.2752611,0,34,0,0,1,1,0,3,2,1,0,1,0,0000000,2,19,3,1,99,99,0,0,0,2,1
35,350052,3,3,0,0,0,5,5,6,0,7,4,2013,1,16,21,1,1,1,I-40,,780,35.19444444,-107.9108333,0,12,7,0,1,1,0,1,1,1,0,1,0,0000000,99,99,99,99,99,99,0,0,0,1,1
35,350053,1,1,0,0,0,5,5,39,0,8,4,2013,2,7,27,0,5,3,SR-111,,75,36.40025,-106.0502361,1,34,0,0,1,1,0,5,1,1,0,1,1,0000000,7,33,8,3,99,99,0,0,0,1,0
35,350054,2,2,0,0,0,3,3,35,0,13,4,2013,7,18,21,0,6,5,ESCONDIDO ST,LUNA DR,0,32.03026111,-106.35685,0,12,6,0,2,2,0,1,1,1,0,1,0,0000000,99,99,99,99,99,99,0,0,0,1,0
35,350055,2,2,0,0,0,6,6,1,0,14,4,2013,1,13,37,1,11,1,I-40,,1430,35.04359722,-106.8944472,0,12,1,0,1,1,0,1,1,1,0,1,0,0000000,99,99,99,99,99,99,19,0,0,1,0
35,350056,2,2,0,0,0,2,2,9,190,20,4,2013,7,23,31,1,2,2,US-60,NORRIS,3090,34.39629722,-103.1784083,0,12,6,0,2,2,0,1,2,1,0,1,0,0000000,99,99,99,99,99,99,0,0,0,1,1
35,350057,1,1,0,0,0,1,1,15,50,21,4,2013,1,1,50,1,2,2,US-285,RUNYAN AVE,682,32.829975,-104.3964444,0,33,0,0,1,1,0,3,2,1,0,1,0,0000000,99,99,99,99,88,88,0,0,0,1,1
35,350058,1,1,0,0,0,1,1,3,38,22,4,2013,2,14,0,0,5,3,SR-32,,38,33.88549444,-108.6342667,1,11,0,0,1,1,0,1,1,1,0,1,0,0000000,14,15,14,46,88,88,0,0,0,1,0