STATE,ST_CASE,VE_TOTAL,VE_FORMS,PVH_INVL,PEDS,PERNOTMVIT,PERMVIT,PERSONS,COUNTY,CITY,DAY,MONTH,YEAR,DAY_WEEK,HOUR,MINUTE,NHS,ROAD_FNC,ROUTE,TWAY_ID,TWAY_ID2,MILEPT,LATITUDE,LONGITUD,SP_JUR,HARM_EV,MAN_COLL,RELJCT1,RELJCT2,TYP_INT,WRK_ZONE,REL_ROAD,LGT_COND,WEATHER1,WEATHER2,WEATHER,SCH_BUS,RAIL,NOT_HOUR,NOT_MIN,ARR_HOUR,ARR_MIN,HOSP_HR,HOSP_MN,CF1,CF2,CF3,FATALS,DRUNK_DR
35,350059,6,6,0,0,0,6,6,45,0,16,4,2013,3,16,10,1,2,2,US-491,,834,36.65363056,-108.7062833,3,12,1,0,1,1,0,1,1,6,7,6,0,0000000,16,13,16,26,99,99,14,0,0,1,0
35,350060,1,1,0,0,0,5,5,15,0,22,4,2013,2,7,24,1,1,2,US-62,,219,32.239275,-104.3046028,0,1,0,0,1,1,0,1,1,1,0,1,0,0000000,99,99,99,99,99,99,0,0,0,2,0
35,350061,2,2,0,0,0,2,2,45,0,23,4,2013,3,18,50,1,2,3,SR-170,,176,36.97329722,-108.1893611,0,12,2,0,1,1,0,1,1,1,0,1,0,0000000,99,99,99,99,99,99,0,0,0,1,0
35,350062,1,1,0,0,0,4,4,29,0,28,4,2013,1,5,20,0,4,3,SR-11,,119,31.95135556,-107.6756333,0,1,0,0,1,1,0,4,2,1,0,1,0,0000000,5,30,5,50,99,99,24,0,0,1,1
35,350063,2,2,0,1,1,3,3,1,30,29,4,2013,2,20,59,1,11,1,I-40,,1574,35.10617222,-106.6624917,0,12,1,0,1,1,0,1,3,1,0,1,0,0000000,21,1,21,6,99,99,23,0,0,1,0
35,350064,1,1,0,0,0,5,5,1,30,21,4,2013,1,19,56,1,13,6,LOUISIANA BLVD SE,,0,35.0744,-106.5685694,0,44,0,0,1,1,0,1,5,1,0,1,0,0000000,20,0,20,7,99,99,0,0,0,3,0
35,350065,1,1,0,0,0,1,1,1,30,2,5,2013,5,20,38,0,14,6,COORS BLVD SW,,0,35.07822778,-106.7106972,0,17,0,0,1,1,0,3,3,1,0,1,0,0000000,20,41,20,45,99,99,0,0,0,1,0
35,350066,1,1,0,0,0,1,1,39,0,2,5,2013,5,18,37,0,4,3,SR-17,,90,36.97865278,-106.5102944,0,1,0,0,1,1,0,4,1,1,0,1,0,0000000,18,18,18,35,99,99,0,0,0,1,0
35,350067,2,2,0,1,1,5,5,6,0,3,5,2013,6,22,25,1,1,1,I-40,,778,35.19829444,-107.9144556,0,8,0,0,1,1,0,1,2,1,0,1,0,0000000,99,99,99,99,99,99,16,0,0,1,0
35,350068,1,1,0,0,0,2,2,39,9997,3,3,2013,1,20,43,0,13,6,PO'PAY AVE,,99998,36.04565,-106.0619056,3,5,0,0,1,1,0,1,3,1,0,1,0,0000000,20,42,20,50,99,99,20,0,0,1,1
35,350069,1,1,0,0,0,1,1,31,0,4,5,2013,7,6,17,0,2,3,SR-122,,1163,35.39561944,-108.2177944,0,1,0,0,1,1,0,2,4,1,0,1,0,0000000,6,20,6,35,88,88,0,0,0,1,1
35,350070,1,1,0,1,1,1,1,1,30,6,5,2013,2,5,40,0,16,6,5535 LOS PICAROS ROAD SE,,0,35.001375,-106.6421917,0,8,0,0,1,1,0,1,2,1,0,1,0,0000000,99,99,99,99,99,99,0,0,0,1,0
35,350071,1,1,0,1,1,1,1,1,30,7,5,2013,3,21,55,0,13,6,MONTANO RD NE,CULTURE DR NE,0,35.13472222,-106.6130556,0,8,0,0,2,2,0,1,3,1,0,1,0,0000000,21,58,22,3,99,99,0,0,0,1,0
35,350072,1,1,0,1,1,1,1,17,0,11,5,2013,7,10,7,0,5,3,SR-15,,249,33.04096389,-108.2158833,1,9,0,0,1,1,0,1,1,1,0,1,0,0000000,8,3,8,35,99,99,0,0,0,1,0
35,350073,1,1,0,0,0,1,1,55,0,12,5,2013,1,21,45,0,3,3,SR-522,,180,36.9567,-105.544875,0,11,0,0,1,1,0,1,2,1,0,1,0,0000000,99,99,99,99,88,88,0,0,0,1,1
35,350074,1,1,0,0,0,1,1,39,213,29,3,2013,6,13,0,0,5,4,CR-426,CR-425,99998,36.1512,-106.679,0,1,0,0,1,1,0,1,1,1,0,1,0,0000000,99,99,99,99,88,88,0,0,0,1,0
35,350075,2,2,0,0,0,5,5,51,0,4,5,2013,7,21,37,1,1,1,I-25,,791,33.16239722,-107.2531639,0,12,6,0,1,1,0,1,2,1,0,1,0,0000000,21,34,21,40,99,99,0,0,0,1,0
35,350076,1,1,0,0,0,3,3,19,730,6,5,2013,2,7,53,1,11,1,I-40,,2721,34.954575,-104.7233111,0,35,0,0,1,1,0,3,1,1,0,1,0,0000000,7,44,7,53,99,99,0,0,0,2,0
35,350077,1,1,0,0,0,1,1,17,0,9,5,2013,5,18,34,0,3,3,SR-90,,196,32.54540278,-108.4273139,0,35,0,0,1,1,0,4,1,1,0,1,0,0000000,17,59,18,5,99,99,0,0,0,1,0
35,350078,1,1,0,0,0,2,2,31,0,10,5,2013,6,23,23,1,1,1,I-40,,373,35.48689167,-108.4651528,0,35,0,0,1,1,0,4,2,1,0,1,0,0000000,23,30,23,40,99,99,0,0,0,1,1
35,350079,1,1,0,0,0,1,1,1,30,14,5,2013,3,14,50,0,16,6,7809 4TH STREET NW,EL LLANO LN NW,99998,35.17119722,-106.6350417,0,1,0,0,3,2,0,1,1,1,0,1,0,0000000,88,88,88,88,88,88,0,0,0,1,1
35,350080,2,2,0,0,0,2,2,1,30,13,5,2013,2,14,10,0,13,6,COORS BLVD SW,PAJARITO RD SW,0,34.99183611,-106.7189222,0,12,6,0,2,2,0,1,1,1,0,1,0,0000000,99,99,99,99,88,88,0,0,0,1,0
35,350082,1,1,0,0,0,1,1,29,0,16,5,2013,5,8,30,1,2,2,US-180 N GOLD AVE,,1460,32.47235556,-107.9534528,0,24,0,0,1,1,0,4,1,1,0,1,0,0000000,8,34,8,50,99,99,0,0,0,1,0
35,350083,1,1,0,0,0,1,1,57,605,17,5,2013,6,2,35,0,15,3,SR-333,CRAVENS ROAD,99998,35.01513333,-106.0773361,0,58,0,0,1,1,0,5,2,1,0,1,0,0000000,99,99,99,99,88,88,0,0,0,1,1
35,350084,2,2,0,0,0,5,5,57,0,18,5,2013,7,23,30,1,1,1,I-40,,2131,35.00414722,-105.7320889,0,12,1,0,1,1,0,1,2,1,0,1,0,0000000,99,99,99,99,99,99,0,0,0,1,0
35,350085,2,2,0,0,0,2,2,27,0,17,5,2013,6,15,30,1,13,2,US-70,,3040,33.35281667,-105.0010861,0,12,1,0,1,1,0,1,1,1,0,1,0,0000000,15,51,16,10,88,88,0,0,0,1,1
35,350086,2,2,0,0,0,2,2,25,0,21,5,2013,3,5,15,0,5,3,SR-529,,305,32.69633333,-103.3869889,0,12,6,0,1,1,0,1,2,1,0,1,0,0000000,99,99,99,99,99,99,0,0,0,1,0
35,350087,1,1,0,1,1,1,1,49,710,23,5,2013,5,2,47,1,12,2,US-84,,1642,35.66531389,-105.9563361,0,8,0,0,1,1,0,1,2,1,0,1,0,0000000,99,99,99,99,88,88,0,0,0,1,0
35,350088,1,1,0,0,0,2,2,33,0,31,5,2013,6,13,56,1,11,1,I-25,,3795,35.919525,-104.8099694,0,1,0,0,1,1,0,3,1,1,0,1,0,0000000,99,99,99,99,99,99,0,0,0,1,0
35,350089,2,2,0,0,0,2,2,13,735,22,5,2013,4,23,6,0,14,3,SR-273,ALLUVIAL LANE,0,31.88596944,-106.6501972,0,12,1,0,3,3,0,1,2,1,0,1,0,0000000,99,99,99,99,99,99,0,0,0,1,0
35,350090,2,2,0,0,0,2,2,1,30,23,5,2013,5,14,57,0,13,6,WYOMING BLVD NE,SAN FRANCISCO RD NE,0,35.16621111,-106.5600472,0,12,6,0,2,3,0,1,1,1,0,1,0,0000000,15,0,15,5,99,99,0,0,0,1,0
35,350091,1,1,0,0,0,2,2,7,21,24,5,2013,6,13,15,0,2,3,SR-434,,343,36.39470833,-105.2862556,0,1,0,0,1,1,0,1,1,1,0,1,0,0000000,13,17,13,22,99,99,26,0,0,1,1
35,350092,2,2,0,0,0,3,3,57,605,26,5,2013,1,20,3,1,11,1,I-40,,1944,35.01218056,-106.0630722,0,12,1,0,1,1,0,1,5,1,0,1,0,0000000,99,99,99,99,99,99,0,0,0,2,1
35,350093,1,1,0,0,0,4,4,61,9997,11,5,2013,7,7,26,0,6,8,TRIBAL ROAD 10,CHICAL LADERAL,0,34.88556111,-106.6640722,3,21,0,0,1,1,0,4,1,1,0,1,0,0000000,6,40,6,51,99,99,0,0,0,1,1
35,350094,1,1,0,0,0,1,1,1,119,12,5,2013,1,5,12,0,5,8,BIA-56,,30,35.03336944,-107.0984444,3,38,0,0,1,1,0,5,2,1,0,1,0,0000000,88,88,88,88,88,88,0,0,0,1,1
35,350095,1,1,0,0,0,3,3,39,255,24,4,2013,4,20,22,0,6,8,STONE LAKE RD - RD-J8,,0,36.92611111,-106.9877778,3,1,0,0,1,1,0,6,2,1,0,1,0,0000000,21,59,22,2,99,99,0,0,0,2,1
35,350096,1,1,0,0,0,5,5,31,0,3,5,2013,6,17,42,0,5,5,IYANBITO RD,,99998,35.52286111,-108.4751028,3,1,0,0,1,1,0,1,1,1,0,1,0,0000000,99,99,99,99,99,99,0,0,0,1,1
35,350097,1,1,0,1,1,1,1,31,0,25,1,2013,6,18,47,0,2,3,SR-264,,152,35.63084722,-108.7912056,3,8,0,0,8,1,0,1,2,1,0,1,0,0000000,99,99,99,99,99,99,0,0,0,1,0
35,350098,1,1,0,0,0,4,4,53,0,9,5,2013,5,3,0,0,4,3,SR-169,,260,34.37610556,-107.4950472,3,1,0,0,1,1,0,4,2,1,0,1,0,0000000,3,0,3,8,99,99,0,0,0,2,0
35,350099,1,1,0,0,0,1,1,45,0,12,3,2013,3,20,42,0,6,8,INDIAN SERVICE ROUTE 5031,,0,36.84236944,-108.69085,3,5,0,0,1,1,0,2,2,1,0,1,0,0000000,99,99,99,99,88,88,0,0,0,1,1
35,350100,1,1,0,1,1,3,3,31,597,29,5,2013,4,23,36,1,2,2,US-491,BIA-30,190,35.777675,-108.7715694,3,8,0,0,3,3,0,1,2,1,0,1,0,0000000,23,12,23,22,99,99,0,0,0,1,0
35,350101,1,1,0,0,0,1,1,45,0,1,6,2013,7,6,10,1,2,2,US-550,,1369,35.51333333,-107.9444444,0,1,0,0,8,1,0,5,4,1,0,1,0,0000000,99,99,99,99,99,99,0,0,0,1,1
35,350102,1,1,0,0,0,1,1,1,30,3,6,2013,2,2,40,0,16,6,SAGE AVENUE,WEST SKY STREET SOUTHWEST,99998,35.05616111,-106.7390111,0,33,0,0,3,3,0,4,8,98,0,98,0,0000000,99,99,99,99,99,99,0,0,0,1,0
35,350103,2,2,0,0,0,3,3,25,410,8,6,2013,7,1,27,0,6,4,CR-65,,99998,32.71111111,-103.157275,0,12,6,0,8,1,0,1,2,2,0,2,0,0000000,99,99,99,99,99,99,0,0,0,1,1
35,350104,1,1,0,0,0,1,1,31,0,8,6,2013,7,17,19,0,4,3,SR-412,,15,35.34388889,-108.0611111,0,39,0,0,1,1,0,5,1,1,0,1,0,0000000,88,88,88,88,88,88,0,0,0,1,1
35,350105,1,1,0,0,0,1,1,33,0,10,6,2013,2,6,43,0,4,3,SR-518,,250,35.94971667,-105.2681278,0,59,0,0,1,1,0,4,4,1,0,1,0,0000000,6,46,7,6,99,99,0,0,0,1,0
35,350106,1,1,0,0,0,1,1,1,806,12,6,2013,4,14,43,1,11,1,I-40,,1770,35.09978889,-106.3626,0,25,0,0,1,1,0,3,1,1,0,1,0,0000000,99,99,99,99,99,99,0,0,0,1,0
35,350107,2,2,0,0,0,5,5,47,0,16,6,2013,1,15,13,1,13,2,US-84,,878,35.31361944,-105.1449694,0,12,2,0,1,1,0,4,1,1,0,1,0,0000000,15,14,15,37,99,99,0,0,0,1,0
35,350108,1,1,0,1,1,2,2,1,30,19,6,2013,4,21,43,0,13,6,WYOMING BLVD NE,HARWOOD AVE NE,0,35.125,-106.5511,0,9,0,0,1,1,0,1,2,1,0,1,0,0000000,21,46,21,51,99,99,0,0,0,1,0
35,350109,2,2,0,0,0,5,5,45,115,20,6,2013,5,3,56,1,13,2,US-550,ASH,99998,36.70778333,-107.9853389,0,12,7,0,2,3,0,1,3,1,0,1,0,0000000,3,58,4,5,99,99,0,0,0,1,0
35,350110,1,1,0,0,0,3,3,6,0,22,6,2013,7,6,26,1,1,1,I-40,,875,35.10236667,-107.7963722,0,1,0,0,1,1,0,4,1,1,0,1,0,0000000,99,99,99,99,99,99,0,0,0,1,0
35,350111,1,1,0,0,0,1,1,21,0,27,6,2013,5,11,30,0,4,3,SR-39,SR-56,910,36.2649,-104.2597056,0,1,0,0,1,1,0,1,1,1,0,1,0,0000000,99,99,99,99,88,88,0,0,0,1,0
35,350112,1,1,0,1,1,1,1,13,470,25,6,2013,3,20,26,0,16,6,3 CROSSES RD,KAREN DR N,0,32.33196389,-106.7878917,0,8,0,0,4,1,0,1,5,1,0,1,0,0000000,20,15,20,34,99,99,0,0,0,1,0
35,350113,1,1,0,0,0,1,1,1,30,30,6,2013,1,23,54,0,16,6,AVALON RD NW,59TH ST NW,0,35.08461389,-106.7038833,0,1,0,0,3,3,0,2,8,98,0,98,0,0000000,23,56,0,6,99,99,0,0,0,1,1
35,350114,1,1,0,0,0,4,4,41,782,3,7,2013,4,16,30,1,2,2,US-60,SR-86,3464,34.45071667,-103.9320028,0,59,0,0,3,3,0,4,1,1,0,1,0,0000000,99,99,99,99,99,99,0,0,0,1,0
35,350115,1,1,0,1,1,1,1,31,0,1,7,2013,2,22,25,1,11,1,I-40,,369,35.48838333,-108.4717306,0,8,0,0,1,1,1,1,2,1,0,1,0,0000000,99,99,99,99,99,99,0,0,0,1,0
35,350116,1,1,0,0,0,1,1,47,0,5,7,2013,6,9,38,0,5,8,FORREST ROAD 83,,830,35.53362222,-105.5813111,0,1,0,0,1,1,0,1,1,1,0,1,0,0000000,99,99,99,99,88,88,0,0,0,1,1
35,350117,1,1,0,0,0,1,1,57,0,7,7,2013,1,16,27,1,2,2,US-60,,2576,34.63281389,-105.4038444,0,1,0,0,1,1,0,4,1,1,0,1,0,0000000,16,35,16,47,88,88,0,0,0,1,1
35,350118,1,1,0,1,1,1,1,31,0,29,7,2013,2,23,36,1,12,2,US-491,,100,35.66376667,-108.7711083,3,8,0,0,1,1,0,1,2,1,0,1,0,0000000,99,99,99,99,99,99,0,0,0,1,0
35,350120,1,1,0,0,0,1,1,33,0,10,7,2013,4,8,30,1,1,1,I-25,,3788,35.90733611,-104.8243083,0,1,0,0,1,1,0,2,1,1,0,1,0,0000000,99,99,99,99,88,88,0,0,0,1,0
35,350121,2,2,0,0,0,4,4,1,30,16,6,2013,1,17,36,1,13,3,SR-423,SAN PEDRO DR NE,124,35.17430833,-106.5775472,0,12,6,0,2,2,0,1,1,1,0,1,0,0000000,17,41,17,58,99,99,0,0,0,1,0
35,350122,2,2,0,0,0,2,2,1,30,21,5,2013,3,9,48,0,15,6,WASHINGTON ST NE,PROSPECT AVE NE,0,35.10740278,-106.5955861,0,12,6,0,2,2,0,1,1,1,0,1,0,0000000,99,99,99,99,99,99,0,0,0,1,0
35,350123,3,3,0,0,0,6,6,39,280,10,7,2013,4,8,43,1,2,2,US-68,,99998,36.02771111,-106.0640556,3,12,1,0,1,1,0,1,1,1,0,1,0,0000000,99,99,99,99,99,99,0,0,0,2,0
35,350124,2,2,0,0,0,6,6,19,0,5,7,2013,6,6,15,1,1,1,I-40,,2999,35.06416944,-104.2830694,0,12,7,0,1,1,0,1,4,1,0,1,0,0000000,99,99,99,99,99,99,0,0,0,1,0
35,350125,2,2,0,0,0,4,4,45,626,14,7,2013,1,21,7,1,2,2,US-491,,495,36.19524444,-108.7108389,3,12,2,0,1,1,0,1,2,1,0,1,0,0000000,21,6,21,37,99,99,0,0,0,3,1
35,350126,2,2,0,0,0,3,3,15,50,30,7,2013,3,20,18,1,2,2,US-285,BLEVINS,721,32.78438056,-104.3954694,0,12,6,0,2,2,0,1,2,1,0,1,0,0000000,99,99,99,99,99,99,0,0,0,2,0
35,350127,1,1,0,0,0,1,1,13,735,27,7,2013,7,3,55,1,2,3,SR-136,,18,31.80866667,-106.6848972,0,1,0,0,1,1,0,3,2,1,0,1,0,0000000,3,52,4,9,88,88,0,0,0,1,1
35,350128,1,1,0,0,0,2,2,49,0,26,7,2013,6,13,37,1,1,1,I-25,,2630,35.50544722,-106.2451889,0,25,0,0,1,1,0,4,1,1,0,1,0,0000000,99,99,99,99,99,99,0,0,0,1,0
35,350129,2,2,0,0,0,2,2,29,230,23,7,2013,3,13,4,0,6,4,CR-B081,CR-B014,99998,32.24498056,-107.7172972,0,12,1,0,2,3,0,1,1,1,0,1,0,0000000,12,52,13,1,99,99,0,0,0,1,0
35,350130,1,1,0,1,1,1,1,17,0,24,7,2013,4,3,7,1,1,1,I-10,,520,32.19933889,-108.27,0,8,0,0,1,1,0,1,2,2,0,2,0,0000000,99,99,99,99,99,99,0,0,0,1,0
35,350131,2,2,0,0,0,2,2,1,30,19,7,2013,6,14,51,0,16,6,BALDWIN RD NE,MORRIS RD NE,99998,35.10445278,-106.5241639,0,12,6,0,2,2,0,1,1,1,0,1,0,0000000,99,99,99,99,99,99,0,0,0,1,0
35,350132,1,1,0,0,0,5,5,43,0,16,7,2013,3,22,0,0,4,4,CR-11,,99998,35.97016111,-106.9531,0,1,0,0,1,1,0,4,3,1,0,1,0,0000000,22,12,22,53,99,99,0,0,0,1,0
35,350133,1,1,0,0,0,2,2,5,0,14,7,2013,1,4,0,1,1,2,US-70,,3456,33.56993611,-104.3768972,0,58,0,0,1,1,0,4,3,1,0,1,0,0000000,99,99,99,99,99,99,0,0,0,1,0
35,350134,1,1,0,0,0,1,1,41,640,12,7,2013,6,6,13,0,4,3,SR-206,SR-458,588,33.81938611,-103.3395167,0,1,0,0,1,1,0,4,4,1,0,1,0,0000000,5,42,6,2,88,88,0,0,0,1,1
35,350135,2,2,0,0,0,2,2,1,30,7,1,2013,2,14,27,1,13,6,LEAD SE,CORNELL SE,99998,35.07732222,-106.6195667,0,12,6,0,2,2,0,1,1,1,0,1,0,0000000,14,28,14,38,14,54,0,0,0,1,0
35,350136,1,1,0,1,1,1,1,1,30,25,7,2013,5,23,44,1,13,6,CENTRAL AVE,75TH ST,99998,35.07786667,-106.7188583,0,8,0,0,2,3,0,1,2,1,0,1,0,0000000,23,51,23,53,99,99,0,0,0,1,0
35,350137,2,1,1,1,1,2,2,1,30,12,7,2013,6,17,22,1,12,1,I-40,,1592,35.10480278,-106.6353389,0,8,0,1,19,1,0,2,1,1,0,1,0,0000000,99,99,99,99,99,99,23,0,0,1,0
35,350138,1,1,0,0,0,2,2,45,9997,27,4,2013,7,21,11,1,2,2,US-491,,759,36.57633056,-108.7089111,3,31,0,0,1,1,0,4,2,1,0,1,0,0000000,21,10,21,24,99,99,0,0,0,1,1
35,350139,1,1,0,0,0,2,2,45,335,18,7,2013,5,0,13,0,5,8,BIA-36,,257,36.71968333,-108.6592722,3,24,0,0,1,1,0,4,2,1,0,1,0,0000000,0,16,0,24,99,99,20,0,0,1,0
35,350140,1,1,0,0,0,5,5,43,0,29,7,2013,2,18,45,1,2,2,US-550,,835,36.08762222,-107.1548833,3,1,0,0,1,1,0,4,1,1,0,1,0,0000000,18,49,19,26,99,99,0,0,0,3,0
35,350141,2,2,0,0,0,10,10,1,30,4,8,2013,1,11,4,1,11,7,I-25 S FRONTAGE RD,I-40 E FRONTAGE RD,0,35.10408333,-106.6319417,0,12,6,1,2,2,0,1,1,1,0,1,0,0000000,11,11,11,19,99,99,0,0,0,1,0
35,350142,1,1,0,0,0,2,2,45,0,7,8,2013,4,19,36,0,6,4,CR-5068,,0,36.68883333,-108.0050694,0,1,0,0,1,1,0,1,1,1,0,1,0,0000000,19,36,19,43,99,99,0,0,0,1,1
35,350143,1,1,0,1,1,1,1,1,0,10,8,2013,7,1,37,0,13,6,CENTRAL AVE SE,,0,35.075975,-106.5700056,0,8,0,0,1,1,0,1,6,1,0,1,0,0000000,1,40,1,41,99,99,0,0,0,1,0
35,350145,1,1,0,0,0,1,1,13,0,30,8,2013,6,17,16,1,1,1,I-25,,343,32.67153611,-107.0124583,0,1,0,0,1,1,0,2,1,1,0,1,0,0000000,99,99,99,99,88,88,0,0,0,1,0
35,350146,1,1,0,0,0,2,2,39,0,6,7,2013,7,17,28,0,4,3,SR-112,,390,36.65497222,-106.631125,0,1,0,0,1,1,0,1,1,2,0,2,0,0000000,17,28,17,53,99,99,0,0,0,1,1
35,350147,1,1,0,0,0,2,2,43,0,2,7,2013,3,18,9,0,3,3,SR-4,,30,35.58370278,-106.746125,3,35,0,0,1,1,0,4,5,1,0,1,0,0000000,99,99,99,99,99,99,0,0,0,1,1
35,350148,1,1,0,0,0,1,1,13,34,2,8,2013,6,16,56,0,16,6,LIVESAY DR,,0,32.00117778,-106.5834556,0,39,0,0,1,1,0,5,1,1,0,1,0,0000000,16,34,16,43,99,99,0,0,0,1,1
35,350149,2,2,0,0,0,5,5,31,9997,1,3,2013,6,14,54,1,2,3,SR-264,,0,35.62552222,-108.9548333,3,12,11,0,1,1,0,2,1,1,0,1,0,0000000,14,55,15,8,99,99,0,0,0,4,1
35,350150,1,1,0,0,0,5,5,7,0,3,8,2013,7,5,55,1,1,1,I-25,,4120,36.32545278,-104.6185,0,34,0,0,1,1,0,3,4,1,0,1,0,0000000,5,52,6,19,99,99,0,0,0,1,0
35,350151,1,1,0,0,0,2,2,55,809,4,8,2013,1,14,43,1,2,3,SR-285,,3900,36.74388889,-105.9983806,0,35,0,0,1,1,0,5,1,1,0,1,0,0000000,7,9,7,33,99,99,0,0,0,1,0
35,350152,1,1,0,1,1,1,1,55,780,26,7,2013,6,18,46,0,16,6,CAMINO DE LA MERCED,,0,36.38811944,-105.588025,0,8,0,0,1,1,0,1,1,1,0,1,0,0000000,99,99,99,99,99,99,0,0,0,1,0
35,350153,1,1,0,0,0,2,2,43,9997,17,7,2013,4,2,30,0,6,8,LOWER MISSION RD,,0,88.88880000,888.88880000,3,1,0,0,1,1,0,4,2,1,0,1,0,0000000,99,99,99,99,99,99,99,99,99,1,1
35,350154,1,1,0,0,0,3,3,31,0,6,8,2013,3,6,5,1,1,1,I-40,,340,35.50698889,-108.5296917,0,1,0,0,1,1,0,3,4,1,0,1,0,0000000,99,99,6,30,99,99,0,0,0,1,0
35,350155,1,1,0,0,0,1,1,39,0,6,8,2013,3,16,25,0,4,3,SR-537,,61,36.23348056,-107.2553,3,1,0,0,1,1,0,1,1,1,0,1,0,0000000,99,99,99,99,88,88,0,0,0,1,0
35,350156,1,1,0,0,0,1,1,13,0,9,8,2013,6,22,37,1,11,7,I-70 BATAAN MEMORIAL WEST,,99998,32.40984444,-106.6438667,0,38,0,0,1,1,0,4,2,1,0,1,0,0000000,20,39,21,10,99,99,0,0,0,1,1
35,350157,1,1,0,0,0,6,6,29,0,10,8,2013,7,4,40,1,1,1,I-10,,760,35.25802222,-107.8594194,0,24,0,0,1,1,0,3,2,1,0,1,0,0000000,5,27,5,30,99,99,0,0,0,2,0
35,350158,1,1,0,0,0,3,3,35,0,10,8,2013,7,23,5,1,13,2,US-70,,1777,32.51608333,-106.3769222,0,38,0,0,1,1,0,4,2,1,0,1,0,0000000,99,99,99,99,99,99,0,0,0,1,0
35,350159,2,2,0,0,0,6,6,43,0,13,8,2013,3,18,30,1,1,1,I-25,,2476,35.37834722,-106.4695806,3,57,0,0,1,1,0,3,1,1,0,1,0,0000000,19,10,19,24,99,99,0,0,0,3,0
35,350160,1,1,0,1,1,1,1,13,470,14,8,2013,4,20,38,0,16,6,S VALLEY DR,,0,32.2866,-106.7796861,0,9,0,0,1,1,0,1,3,1,0,1,0,0000000,99,99,99,99,99,99,0,0,0,1,0
35,350161,2,2,0,0,0,2,2,27,0,17,8,2013,7,1,0,0,6,8,FR-72,,0,33.8526,-105.651,5,12,2,0,1,1,0,1,2,1,0,1,0,0000000,99,99,99,99,99,99,0,0,0,2,2
35,350162,1,1,0,1,1,1,1,13,0,17,8,2013,7,7,38,1,2,3,SR-136,,70,31.87535278,-106.6684278,0,9,0,0,1,1,0,1,1,1,0,1,0,0000000,7,38,7,46,99,99,0,0,0,1,0
35,350163,1,1,0,0,0,2,2,6,747,17,8,2013,7,3,52,0,5,3,SR-279,,109,35.15973889,-107.3861917,0,34,0,0,1,1,0,4,2,1,0,1,0,0000000,3,40,3,55,99,99,0,0,0,1,1
35,350164,1,1,0,0,0,1,1,3,0,21,8,2013,4,4,0,1,2,2,US-180,,577,33.23641111,-108.8614917,0,1,0,0,1,1,0,5,7,1,0,1,0,0000000,99,99,99,99,88,88,0,0,0,1,1
35,350165,1,1,0,1,1,3,3,39,406,23,8,2013,6,21,51,1,2,2,US-84-285,,1944,36.04597778,-106.1075778,0,8,0,0,1,1,0,1,2,1,0,1,0,0000000,21,52,21,57,99,99,0,0,0,1,0
35,350166,1,1,0,0,0,1,1,25,410,24,8,2013,7,15,16,0,6,5,MILLEN DR,,0,32.75429444,-103.1622556,0,31,0,0,1,1,0,5,1,1,0,1,0,0000000,17,18,17,23,99,99,0,0,0,1,0
35,350167,1,1,0,0,0,6,6,31,597,22,7,2013,2,15,52,0,6,8,DEER SPRINGS RD,,99999,35.764375,-108.8465222,3,1,0,0,1,1,0,1,1,1,0,1,0,0000000,15,56,16,13,99,99,0,0,0,1,1
35,350168,2,2,0,0,0,2,2,1,30,25,7,2013,5,18,58,0,2,6,UNSER BLVD NW,BLUEWATER NW,0,35.7519,-106.7246667,0,12,6,0,2,2,0,1,1,1,0,1,0,0000000,99,99,99,99,99,99,0,0,0,1,0
35,350169,1,1,0,0,0,9,9,53,0,1,9,2013,1,7,23,1,2,2,US-60,,1230,34.09613889,-107.0966861,0,1,0,0,1,1,0,1,1,1,0,1,0,0000000,7,24,7,37,99,99,0,0,0,4,0
35,350170,2,2,0,0,0,2,2,31,159,1,9,2013,1,20,38,0,3,3,SR-566,,11,35.54406667,-108.599525,3,12,1,0,8,1,0,1,2,1,0,1,0,0000000,99,99,99,99,99,99,0,0,0,1,0
35,350171,2,2,0,0,0,5,5,53,0,4,9,2013,4,15,37,1,1,1,I-25,,1670,34.31494722,-106.8858389,0,12,1,0,1,1,0,1,1,1,0,1,0,0000000,15,38,15,51,99,99,0,0,0,1,1
35,350172,1,1,0,0,0,1,1,55,809,5,9,2013,5,22,56,0,4,2,US-64,,2241,36.64202222,-105.9499444,0,1,0,0,1,1,0,1,2,1,0,1,0,0000000,22,58,23,17,88,88,0,0,0,1,1
35,350173,2,2,0,0,0,2,2,45,0,6,9,2013,6,18,38,1,2,2,US-550,,0,36.66495,-107.9929139,0,12,1,0,8,1,0,1,1,1,0,1,0,0000000,99,99,99,99,99,99,0,0,0,1,0
35,350174,1,1,0,0,0,1,1,39,0,6,9,2013,6,6,2,0,9,4,CR-370,,55,36.31779444,-107.1512667,0,1,0,0,1,1,0,1,2,1,0,1,0,0000000,99,99,99,99,88,88,0,0,0,1,1
35,350175,2,2,0,0,0,3,3,1,30,7,9,2013,7,23,34,0,14,6,98 ST,,0,35.06393889,-106.7416944,0,12,11,0,1,1,0,1,3,1,0,1,0,0000000,99,99,99,99,99,99,0,0,0,1,1
35,350176,1,1,0,0,0,8,8,31,0,8,9,2013,1,13,16,0,16,8,BIA 7046,,99999,35.28616111,-108.9582778,3,1,0,0,1,1,0,1,1,1,0,1,0,0000000,13,9,13,20,99,99,0,0,0,1,0