STATE,ST_CASE,VE_TOTAL,VE_FORMS,PVH_INVL,PEDS,PERNOTMVIT,PERMVIT,PERSONS,COUNTY,CITY,DAY,MONTH,YEAR,DAY_WEEK,HOUR,MINUTE,NHS,ROAD_FNC,ROUTE,TWAY_ID,TWAY_ID2,MILEPT,LATITUDE,LONGITUD,SP_JUR,HARM_EV,MAN_COLL,RELJCT1,RELJCT2,TYP_INT,WRK_ZONE,REL_ROAD,LGT_COND,WEATHER1,WEATHER2,WEATHER,SCH_BUS,RAIL,NOT_HOUR,NOT_MIN,ARR_HOUR,ARR_MIN,HOSP_HR,HOSP_MN,CF1,CF2,CF3,FATALS,DRUNK_DR
35,350177,1,1,0,1,1,1,1,19,730,10,9,2013,3,0,48,1,1,1,I-40,,2729,34.94523889,-104.7020444,0,8,0,0,1,1,0,1,2,1,0,1,0,0000000,99,99,99,99,99,99,0,0,0,1,0
35,350178,1,1,0,1,1,4,4,25,0,28,9,2013,7,19,55,1,1,2,US-62,,840,32.65350833,-103.4750444,0,8,0,0,1,1,0,1,1,1,0,1,0,0000000,99,99,99,99,99,99,0,0,0,1,0
35,350179,2,2,0,0,0,2,2,9,190,12,9,2013,5,8,39,1,12,2,US-60 MABRY DR,,3885,34.39690556,-103.1853861,0,12,1,0,1,1,0,1,1,1,0,1,0,0000000,7,39,7,43,99,99,0,0,0,1,0
35,350180,1,1,0,0,0,1,1,15,0,27,9,2013,6,20,50,0,5,5,RED ROAD,SR-128,99999,32.38216389,-103.7409472,0,1,0,0,1,1,0,4,2,2,0,2,0,0000000,20,54,21,15,88,88,0,0,0,1,0
35,350181,3,3,0,3,3,5,5,45,0,8,9,2013,1,6,47,1,2,2,US-491,,383,36.01709444,-108.6640306,3,12,1,0,1,1,0,1,4,1,0,1,0,0000000,99,99,99,99,99,99,0,0,0,2,0
35,350182,2,2,0,0,0,4,4,25,550,14,9,2013,7,23,44,0,6,5,NORTH 1ST STREET,WEST JEFFERSON AVE,0,32.95123056,-103.3498361,0,12,6,0,2,2,0,1,3,1,0,1,0,0000000,23,48,23,52,99,99,0,0,0,2,1
35,350183,1,1,0,0,0,3,3,27,0,30,8,2013,6,17,20,1,2,2,US-285,,1763,34.26020833,-104.9141639,0,1,0,0,1,1,0,1,1,1,0,1,0,0000000,17,20,18,13,99,99,0,0,0,1,1
35,350184,1,1,0,1,1,1,1,31,340,12,9,2013,5,21,45,1,11,1,I-40,,205,35.52342222,-108.7778333,0,8,0,0,1,1,0,1,2,1,0,1,0,0000000,99,99,99,99,99,99,0,0,0,1,0
35,350185,1,1,0,1,1,1,1,31,340,18,9,2013,4,19,59,0,3,3,SR-602,,0,35.516975,-108.7542583,0,8,0,0,1,1,0,1,2,1,0,1,0,0000000,19,59,20,3,99,99,0,0,0,1,0
35,350186,1,1,0,0,0,1,1,43,29,18,9,2013,4,13,2,1,1,1,I-25,,2480,35.37899722,-106.4691194,0,21,0,1,19,1,0,4,1,1,0,1,0,0000000,13,5,13,15,99,99,0,0,0,1,1
35,350187,1,1,0,0,0,1,1,3,662,19,9,2013,5,20,20,0,4,3,SR-12,,121,33.73956111,-108.7436778,0,1,0,0,1,1,0,5,2,2,0,2,0,0000000,21,4,21,37,88,88,0,0,0,1,1
35,350188,1,1,0,0,0,1,1,35,0,21,9,2013,7,20,45,1,2,2,US-70,,2083,32.84215556,-106.0422667,0,11,0,0,1,1,0,1,2,1,0,1,0,0000000,99,99,99,99,88,88,0,0,0,1,0
35,350189,2,2,0,0,0,2,2,43,110,26,9,2013,5,10,0,1,13,2,US-550,SR-313,6,35.31851667,-106.5447306,0,18,0,0,2,2,1,1,1,1,0,1,0,0000000,10,16,10,16,99,99,14,0,0,1,0
35,350190,1,1,0,0,0,2,2,11,0,27,9,2013,6,7,33,1,1,2,US-285,,1645,34.10646944,-104.8126,0,1,0,0,1,1,0,2,1,1,0,1,0,0000000,99,99,99,99,99,99,0,0,0,1,0
35,350191,1,1,0,0,0,1,1,5,0,22,9,2013,1,20,26,1,2,2,US-285,,805,32.95102778,-104.4386417,0,52,0,0,1,1,0,4,2,1,0,1,0,0000000,99,99,99,99,99,99,0,0,0,1,1
35,350192,1,1,0,0,0,5,5,51,409,22,9,2013,1,17,0,0,6,5,TIERRA BLANCA ROAD,SR-27,99999,32.83736389,-107.6208917,0,1,0,0,1,1,0,4,1,1,0,1,0,0000000,99,99,99,99,99,99,0,0,0,1,0
35,350193,2,2,0,0,0,2,2,57,0,26,9,2013,5,9,50,1,1,1,I-40,,1940,35.03207778,-106.9472056,0,12,1,0,1,1,0,1,1,1,0,1,0,0000000,99,99,99,99,99,99,19,0,0,1,0
35,350194,3,3,0,0,0,6,6,57,0,22,9,2013,1,19,45,1,1,1,I-40,,2015,35.00483889,-105.9822389,0,12,8,0,1,1,0,1,2,1,10,10,0,0000000,99,99,99,99,99,99,14,0,0,1,0
35,350195,2,2,0,0,0,3,3,49,0,4,7,2013,5,11,25,1,1,1,I-25,,2945,35.55414444,-105.8200722,0,24,0,0,1,1,0,4,1,1,0,1,0,0000000,99,99,99,99,99,99,0,0,0,1,1
35,350196,1,1,0,0,0,3,3,5,670,28,10,2013,2,22,8,0,16,6,OLD CLOVIS HIGHWAY,BITTER LAKES ROAD,99998,33.48259722,-104.4671167,0,5,0,0,2,3,0,1,2,1,0,1,0,0000000,99,99,99,99,99,99,0,0,0,1,0
35,350197,1,1,0,1,1,1,1,1,30,10,2,2013,1,4,44,0,13,6,COORS BLVD NW,,0,35.17333333,-106.6739639,0,8,0,0,1,1,0,4,2,10,0,10,0,0000000,99,99,99,99,99,99,0,0,0,1,0
35,350198,1,1,0,1,1,4,4,57,0,25,10,2013,6,3,48,1,11,1,I-40,,2010,35.00453889,-105.9487861,0,8,0,0,1,1,0,1,2,1,0,1,0,0000000,99,99,99,99,99,99,0,0,0,1,0
35,350199,1,1,0,0,0,1,1,27,0,2,10,2013,4,18,30,0,15,3,SR-368 ARABELA RD,,115,33.51460278,-105.1855694,0,42,0,0,1,1,0,5,5,1,0,1,0,0000000,1,40,2,25,88,88,0,0,0,1,1
35,350200,1,1,0,0,0,1,1,5,0,2,10,2013,4,19,0,0,6,5,SUNSET AVE,RELIEF ROUTE,0,33.33229722,-104.5417139,0,1,0,0,3,2,0,5,2,1,0,1,0,0000000,99,99,99,99,88,88,0,0,0,1,1
35,350201,1,1,0,0,0,2,2,25,0,22,10,2013,3,8,5,0,6,5,EAST LAWRENCE ROAD,SR-132,99998,32.82748889,-103.1192278,0,43,0,0,1,1,0,5,1,1,0,1,0,0000000,8,10,8,18,99,99,0,0,0,1,0
35,350202,1,1,0,1,1,1,1,23,0,5,10,2013,7,20,10,1,1,1,I-10,SR-80,60,32.23480556,-108.9538667,0,8,0,1,5,1,0,1,2,1,0,1,0,0000000,99,99,99,99,99,99,3,0,0,1,0
35,350203,1,1,0,0,0,3,3,15,0,7,10,2013,2,16,29,0,6,4,CR-206,,0,32.48453056,-104.2267444,0,1,0,0,1,1,0,2,1,1,0,1,0,0000000,99,99,99,99,99,99,0,0,0,2,0
35,350204,1,1,0,0,0,1,1,19,0,21,10,2013,2,15,31,1,1,1,I-40,,2569,34.97571944,-104.9743944,0,1,0,0,1,1,0,1,1,1,0,1,0,0000000,15,25,15,44,88,88,0,0,0,1,0
35,350205,2,2,0,0,0,2,2,1,0,9,10,2013,4,10,0,0,13,6,MONTGOMERY BLVD NE,,0,35.13059722,-106.5357806,0,12,6,0,8,1,0,1,1,1,0,1,0,0000000,99,99,99,99,99,99,0,0,0,1,0
35,350206,2,2,0,0,0,4,4,45,335,20,10,2013,1,17,13,0,5,8,IR-36,,90,36.71120278,-108.3890194,3,24,0,0,1,1,0,4,5,1,0,1,0,0000000,99,99,99,99,99,99,0,0,0,1,0
35,350207,2,2,0,0,0,2,2,25,0,19,10,2013,7,20,26,1,1,2,US-180,,812,32.61675,-103.5562528,0,12,1,0,7,1,0,1,2,1,0,1,0,0000000,18,32,18,59,99,99,0,0,0,1,0
35,350208,3,3,0,0,0,3,3,15,540,8,10,2013,3,6,6,0,4,3,SR-31,NYMEYER RD,0,32.31263333,-104.0839056,0,12,6,0,2,3,0,1,4,1,0,1,0,0000000,99,99,99,99,99,99,0,0,0,1,0
35,350209,1,1,0,0,0,1,1,39,31,11,10,2013,6,0,25,0,4,3,SR-68,,70,36.08990833,-106.0491333,0,1,0,0,1,1,0,4,2,1,0,1,0,0000000,0,25,0,37,88,88,0,0,0,1,1
35,350210,2,2,0,0,0,5,5,35,0,10,10,2013,5,15,37,1,2,2,US-82,CANYON ROAD,308,32.93528056,-105.5982944,0,12,8,0,1,1,0,1,1,1,0,1,0,0000000,99,99,99,99,99,99,0,0,0,1,0
35,350211,2,2,0,0,0,2,2,15,540,14,10,2013,2,4,41,1,2,2,US-285,,180,32.24549167,-104.0879583,0,12,2,0,1,1,0,1,3,8,0,8,0,0000000,99,99,99,99,99,99,0,0,0,1,0
35,350212,2,2,0,0,0,3,3,43,216,11,10,2013,6,5,49,1,13,2,US-550,,765,36.07527778,-107.1336111,0,12,1,0,1,1,0,1,2,1,0,1,0,0000000,99,99,99,99,99,99,0,0,0,1,0
35,350213,1,1,0,0,0,1,1,13,0,15,10,2013,3,21,30,1,1,1,I-25,,210,32.52306111,-106.90975,0,1,0,0,1,1,0,3,2,1,0,1,0,0000000,99,99,99,99,88,88,0,0,0,1,1
35,350214,2,2,0,0,0,2,2,45,0,2,10,2013,4,11,54,1,2,2,US-550,,1464,36.63860833,-108.0098361,0,12,7,0,1,1,0,1,1,1,0,1,0,0000000,99,99,99,99,99,99,0,0,0,1,1
35,350215,1,1,0,0,0,1,1,53,0,8,10,2013,3,7,40,1,2,2,US-60,GRANT ST,1342,34.00506667,-106.9509194,0,1,0,0,1,1,0,2,1,1,0,1,0,0000000,7,59,8,4,88,88,0,0,0,1,0
35,350216,3,3,0,0,0,3,3,37,0,12,10,2013,7,16,39,1,1,1,I-40,,3581,35.11194444,-103.3028639,0,12,1,1,20,1,0,1,1,1,0,1,1,0000000,16,40,16,52,99,99,0,0,0,1,0
35,350217,1,1,0,0,0,1,1,45,310,9,10,2013,4,14,25,0,14,6,PINON HILLS BLVD,SPORTS COMPLEX DRIVE,0,36.75665278,-108.2365972,0,1,0,0,1,1,0,3,1,1,0,1,0,0000000,14,26,14,32,99,99,0,0,0,1,1
35,350218,1,1,0,0,0,2,2,43,677,15,6,2013,7,23,23,1,13,3,SR-528,HONDUROUS DR,120,35.29159167,-106.6002278,0,11,0,0,2,2,0,1,3,1,0,1,0,0000000,99,99,99,99,99,99,0,0,0,1,0
35,350219,4,4,0,1,1,5,5,5,0,21,10,2013,2,11,39,1,2,2,US-285,CHICKSAW ROAD,900,33.13949444,-104.445125,0,12,1,0,3,2,0,1,1,1,0,1,0,0000000,3,44,4,10,99,99,19,0,0,1,1
35,350220,1,1,0,1,1,1,1,1,30,30,10,2013,4,20,17,1,13,6,COORS BLVD,MONTANO RD NW,24,35.149775,-106.6862889,0,8,0,0,1,1,0,1,3,1,0,1,0,0000000,99,99,99,99,99,99,0,0,0,1,0
35,350221,2,2,0,0,0,2,2,5,670,26,9,2013,5,7,12,0,16,6,NORTH ATKINSON AVE,4TH STREET,99998,33.39657778,-104.5054833,0,12,2,0,3,3,0,1,1,1,0,1,0,0000000,7,14,7,18,99,99,0,0,0,1,1
35,350222,2,2,0,0,0,2,2,1,30,17,9,2013,3,1,53,1,13,6,CENTRAL AVE SE,SAN MATEO,99998,35.077675,-106.5861167,0,12,6,0,2,2,0,1,3,1,0,1,0,0000000,99,99,99,99,99,99,0,0,0,1,1
35,350223,2,2,0,0,0,4,4,1,30,3,10,2013,5,23,6,1,13,3,SR-423,,99998,35.18209167,-106.6408583,0,12,1,0,1,1,0,1,3,1,0,1,0,0000000,99,99,99,99,99,99,20,0,0,2,0
35,350224,1,1,0,1,1,2,2,45,310,7,11,2013,5,20,30,0,14,8,INDN SERVICE 36,,285,36.72571111,-108.686225,3,8,0,0,1,1,0,1,2,1,0,1,0,0000000,99,99,99,99,99,99,0,0,0,1,0
35,350225,1,1,0,0,0,1,1,35,20,4,11,2013,2,23,10,0,16,6,ALAMO ST,,0,32.97541111,-105.9673833,0,35,0,0,1,1,0,4,2,1,0,1,0,0000000,99,99,99,99,88,88,0,0,0,1,1
35,350226,1,1,0,0,0,1,1,57,0,6,11,2013,4,15,49,1,1,1,I-40,,2070,35.00534722,-105.8361472,0,1,0,0,1,1,0,3,1,1,0,1,0,0000000,99,99,99,99,88,88,0,0,0,1,0
35,350227,2,2,0,0,0,2,2,1,30,26,11,2013,3,17,43,0,14,6,JEFFERSON ST NE,,0,35.15050833,-106.5932167,0,12,6,0,7,1,0,1,3,1,0,1,0,0000000,99,99,99,99,99,99,0,0,0,1,0
35,350228,1,1,0,0,0,2,2,6,0,26,11,2013,3,0,54,1,1,1,I-40,,1172,35.00978333,-107.3196056,3,44,0,0,1,1,0,1,2,1,0,1,0,0000000,99,99,99,99,99,99,0,0,0,1,0
35,350230,1,1,0,0,0,4,4,41,0,22,11,2013,6,12,55,1,2,2,US-70,,3869,33.84539722,-103.7617528,0,1,0,0,1,1,0,2,1,4,3,4,0,0000000,99,99,99,99,99,99,0,0,0,1,0
35,350231,1,1,0,0,0,1,1,13,0,9,11,2013,7,16,35,0,2,3,SR-404,,70,32.02265,-106.4922972,0,1,0,0,1,1,0,1,5,1,0,1,0,0000000,99,99,99,99,99,99,0,0,0,1,0
35,350232,2,2,0,0,0,3,3,5,0,6,11,2013,4,18,55,1,2,2,US-285,DARBY RD,1008,33.28503611,-104.4662056,0,12,1,0,1,1,0,1,2,1,0,1,0,0000000,99,99,99,99,99,99,0,0,0,1,0
35,350233,1,1,0,0,0,1,1,11,0,9,11,2013,7,14,0,0,5,3,SR-247,,465,34.12851389,-104.8748722,0,1,0,0,1,1,0,5,1,1,0,1,0,0000000,99,99,99,99,88,88,0,0,0,1,0
35,350234,1,1,0,0,0,1,1,7,0,7,11,2013,5,16,51,0,3,2,US-64,,3340,36.70053333,-104.5538556,0,31,0,0,1,1,0,4,1,1,0,1,0,0000000,16,44,17,3,88,88,0,0,0,1,1
35,350235,1,1,0,0,0,1,1,3,644,20,11,2013,4,11,30,0,2,3,SR-32,US-60,309,34.13727222,-108.5869972,0,25,0,0,1,1,0,4,1,2,0,2,0,0000000,99,99,99,99,88,88,0,0,0,1,0
35,350236,2,2,0,0,0,2,2,6,360,21,11,2013,5,6,30,1,1,1,I-40,,840,35.13377778,-107.8434222,0,12,6,0,1,1,0,1,1,1,0,1,0,0000000,99,99,99,99,99,99,0,0,0,1,0
35,350237,2,2,0,0,0,3,3,31,0,1,11,2013,6,8,38,1,1,1,I-40,,617,35.369,-108.0672833,3,12,6,0,1,1,0,1,1,1,0,1,0,0000000,99,99,99,99,99,99,0,0,0,1,0
35,350238,1,1,0,0,0,2,2,49,710,18,11,2013,2,14,54,0,16,6,ESPLANDOR,PORTAVELA,99998,35.64538611,-105.9640083,0,5,0,0,3,3,0,1,1,98,0,98,0,0000000,14,54,15,5,99,99,0,0,0,1,1
35,350239,1,1,0,0,0,3,3,25,0,17,11,2013,1,10,22,0,3,2,US-380,,2050,33.377775,-103.6750583,0,38,0,0,1,1,0,5,1,1,0,1,0,0000000,10,20,10,46,99,99,0,0,0,1,0
35,350240,1,1,0,0,0,3,3,37,0,3,11,2013,1,17,59,0,4,3,SR-469,,390,35.31419722,-103.3412083,0,1,0,0,1,1,0,5,2,1,0,1,0,0000000,99,99,99,99,99,99,0,0,0,2,0
35,350241,2,2,0,0,0,3,3,31,340,23,11,2013,7,19,23,1,11,1,I-40,,261,35.534025,-108.6772278,0,12,1,0,1,1,0,1,3,4,0,4,0,0000000,99,99,99,99,99,99,19,0,0,1,0
35,350242,2,2,0,0,0,3,3,25,0,10,11,2013,1,13,18,1,2,2,US-62-180,,683,32.55207222,-103.7346389,0,12,1,0,1,1,0,1,1,1,0,1,0,0000000,13,16,13,41,99,99,0,0,0,1,0
35,350243,1,1,0,0,0,2,2,35,585,12,9,2013,5,21,55,0,3,8,BIA-4,BIA-6,99998,33.28460833,-105.7006472,3,1,0,0,8,1,0,1,2,2,0,2,0,0000000,99,99,99,99,99,99,0,0,0,1,1
35,350244,2,2,0,0,0,6,6,1,0,2,10,2013,4,11,39,0,14,7,I-40 RAMP,ATRISCO VISTA BLVD,1530,35.06438889,-106.7874,0,12,6,0,2,2,0,1,1,1,0,1,0,0000000,12,1,12,9,99,99,0,0,0,1,1
35,350245,3,3,0,0,0,7,7,1,30,28,11,2013,5,17,26,1,13,2,US-500,SUNSTAR BLVD SW,81,35.02685833,-106.7022972,0,12,7,0,3,2,0,1,2,1,0,1,0,0000000,99,99,99,99,99,99,0,0,0,1,1
35,350246,1,1,0,1,1,1,1,1,30,3,12,2013,3,20,39,1,13,7,I-40 RAMP,COORS BLVD NW,0,35.10953611,-106.7031833,0,8,0,1,5,1,0,1,3,1,0,1,0,0000000,99,99,99,99,99,99,0,0,0,1,0
35,350247,1,1,0,0,0,1,1,57,0,15,11,2013,6,12,41,0,4,3,SR-41,,12,34.61941667,-106.0610389,0,1,0,0,1,1,0,1,1,1,0,1,0,0000000,12,42,13,0,88,88,0,0,0,1,1
35,350248,2,2,0,0,0,2,2,49,280,4,11,2013,2,9,0,1,2,2,US-84 US-285,SR-106,3320,35.97628333,-106.0441833,3,12,2,0,2,2,0,1,1,1,0,1,0,0000000,99,99,99,99,99,99,0,0,0,1,1
35,350249,1,1,0,1,1,1,1,1,30,16,12,2013,2,6,47,0,14,6,COAL AVE SW,2ND ST SW,0,35.08029444,-106.6499167,0,8,0,0,2,2,0,1,1,1,0,1,0,0000000,99,99,99,99,99,99,0,0,0,1,0
35,350250,2,2,0,0,0,5,5,31,0,28,12,2013,7,21,19,1,11,1,I-40,,412,35.46364722,-108.4042056,0,12,7,0,1,1,0,1,2,1,0,1,0,0000000,99,99,99,99,99,99,0,0,0,1,0
35,350251,2,2,0,0,0,2,2,57,0,6,12,2013,6,7,49,1,1,1,I-40,,2320,34.99701944,-105.4112722,0,12,1,0,1,1,0,1,4,1,0,1,0,0000000,7,48,8,30,99,99,0,0,0,1,0
35,350252,2,2,0,0,0,3,3,5,670,28,12,2013,7,15,6,1,13,1,I-70 MAIN STREET,W 12 STREET,0,33.40575833,-104.5226944,0,12,6,0,2,2,0,1,1,1,0,1,0,0000000,99,99,99,99,99,99,0,0,0,1,0
35,350253,2,2,0,0,0,2,2,9,0,18,12,2013,4,10,30,0,3,3,SR-209,,0,34.56209167,-103.1965472,0,12,2,0,1,1,0,1,1,1,0,1,0,0000000,99,99,99,99,99,99,0,0,0,1,0
35,350254,1,1,0,1,1,2,2,6,360,31,12,2013,3,18,38,0,6,6,WEST SANTA FE AVENUE,ASPEN,99998,35.14471667,-107.8382333,0,8,0,0,1,1,0,1,2,1,0,1,0,0000000,99,99,99,99,99,99,0,0,0,1,0
35,350255,1,1,0,0,0,1,1,59,0,26,12,2013,5,11,33,0,4,3,SR-456,,215,36.92379722,-103.6199167,0,1,0,0,1,1,0,4,1,1,0,1,0,0000000,99,99,99,99,88,88,0,0,0,1,1
35,350256,1,1,0,1,1,2,2,43,0,5,12,2013,5,10,22,1,11,1,I-25,,2545,35.43800833,-106.3737222,3,8,0,0,1,1,0,2,1,6,0,6,0,0000000,99,99,99,99,99,99,0,0,0,1,0
35,350257,1,1,0,0,0,1,1,6,594,23,12,2013,2,6,20,1,1,1,I-40,,1208,34.99321667,-107.2619778,3,24,0,0,1,1,0,4,2,1,0,1,0,0000000,6,25,6,33,99,99,0,0,0,1,0
35,350258,1,1,0,1,1,1,1,15,130,31,12,2013,3,17,31,0,3,3,SR-524 LEA ST,HALAGUENO ST,0,32.41446667,-104.2304278,0,8,0,0,2,2,0,1,2,1,0,1,0,0000000,99,99,99,99,99,99,0,0,0,1,0
35,350259,1,1,0,1,1,2,2,45,617,16,11,2013,7,18,4,1,2,2,US-491,,414,36.06634722,-108.6825389,3,8,0,0,1,1,0,1,2,1,0,1,0,0000000,99,99,18,48,0,0,0,0,0,1,0
35,350260,1,1,0,0,0,4,4,7,0,16,12,2013,2,7,24,1,2,2,US-56,,30,36.34201111,-104.5485167,0,1,0,0,1,1,0,4,1,1,0,1,0,0000000,7,26,7,59,99,99,0,0,0,1,0
35,350261,1,1,0,1,1,1,1,1,0,29,9,2013,1,22,59,1,1,1,I-25,,2350,35.20151944,-106.5777722,0,8,0,1,18,1,0,1,3,1,0,1,0,0000000,99,99,99,99,99,99,0,0,0,1,0
35,350262,2,2,0,0,0,3,3,31,842,25,11,2013,2,13,39,0,13,3,SR-602,,200,35.24840833,-108.7597528,3,12,6,0,1,1,0,1,1,1,0,1,0,0000000,99,99,99,99,99,99,0,0,0,1,0
35,350263,2,2,0,1,1,2,2,1,30,28,11,2013,5,20,23,1,13,6,COORS BLVD NW,,0,35.12010833,-106.7017444,0,8,0,0,1,1,0,1,2,1,0,1,0,0000000,99,99,99,99,99,99,14,0,0,1,0
35,350264,1,1,0,1,1,1,1,1,30,23,10,2013,4,20,47,0,13,6,ZUNI ROAD SE,VALENCIA DRIVE SE,0,35.07277778,-106.5807944,0,15,0,0,2,3,0,1,3,1,0,1,0,0000000,20,50,20,56,99,99,0,0,0,1,0
35,350265,2,2,0,0,0,5,5,25,410,24,8,2013,7,10,22,0,3,6,N TURNER AVE,W ROJO DRIVE,0,32.71786389,-103.1403861,0,12,6,0,8,1,0,1,1,1,0,1,0,0000000,99,99,99,99,99,99,0,0,0,1,0
35,350266,2,2,0,0,0,4,4,43,677,29,12,2013,1,1,54,0,13,6,UNSER BLVD SE,SOUTHERN BLVD SE,0,35.24164722,-106.6969111,0,12,6,0,2,2,0,1,3,1,0,1,0,0000000,1,55,1,59,99,99,0,0,0,2,1
35,350267,1,1,0,1,1,1,1,1,30,12,12,2013,5,13,51,1,13,6,LOMAS BLVD NE,BROADWAY BLVD NE,99998,35.09020556,-106.6432972,0,8,0,0,2,2,0,1,1,1,0,1,0,0000000,13,53,13,54,99,99,0,0,0,1,0
35,350268,1,1,0,0,0,1,1,19,0,1,12,2013,1,23,23,1,2,2,US-84,,790,35.21249167,-105.0751417,0,59,0,0,1,1,0,5,2,1,0,1,0,0000000,99,99,99,99,88,88,0,0,0,1,1
35,350269,2,2,0,0,0,2,2,45,0,30,11,2013,7,8,38,1,2,2,US-550,CR-7100,0,36.55315556,-107.9776889,0,12,6,0,2,3,0,1,1,5,0,5,0,0000000,99,99,99,99,99,99,0,0,0,1,0
35,350270,1,1,0,1,1,1,1,1,30,4,10,2013,6,19,9,1,13,3,SR-448,EAGLE RANCH BLVD NW,62,35.19610833,-106.658875,0,8,0,0,1,1,0,1,3,1,0,1,0,0000000,99,99,99,99,99,99,0,0,0,1,0
35,350271,2,2,0,0,0,4,4,45,867,6,12,2013,6,5,58,1,2,2,US-64,,360,36.75961111,-108.4574806,0,12,2,0,1,1,0,1,2,1,0,1,0,0000000,5,57,6,10,99,99,0,0,0,2,0
35,350272,3,3,0,0,0,7,7,45,0,23,12,2013,2,21,41,0,6,8,BIA-36,,249,36.71573611,-108.6417778,3,12,2,0,1,1,0,1,2,1,0,1,0,0000000,99,99,99,99,99,99,14,0,0,1,0
35,350273,1,1,0,0,0,2,2,6,0,13,10,2013,1,23,7,0,2,3,SR-124,,35,35.06462778,-107.7162417,0,1,0,0,1,1,0,2,2,1,0,1,0,0000000,99,99,99,99,99,99,0,0,0,1,1
35,350274,2,2,0,0,0,2,2,1,30,19,10,2013,7,19,31,1,11,1,I-25,BOBBY FOSTER RD SE,2183,34.99901667,-106.6460861,0,12,1,0,1,1,0,1,2,1,0,1,0,0000000,99,99,99,99,99,99,0,0,0,1,1
35,350275,1,1,0,0,0,1,1,51,0,18,10,2013,6,16,20,0,5,3,SR-59,,134,33.45061389,-107.8683139,5,42,0,0,1,1,0,5,1,1,0,1,0,0000000,16,15,17,23,88,88,0,0,0,1,1
35,350276,2,2,0,0,0,2,2,35,585,27,11,2013,4,19,5,1,2,2,US-70,BOTELLO ROAD,2580,33.25545833,-105.7012556,3,12,6,0,2,3,0,1,3,1,0,1,0,0000000,99,99,99,99,99,99,0,0,0,1,1
35,350277,2,2,0,0,0,3,3,43,110,16,8,2013,6,14,22,1,13,2,US-550,SOUTH HILL,2,35.31656944,-106.5369917,0,12,6,0,2,2,1,1,1,1,0,1,0,0000000,14,23,14,30,99,99,0,0,0,1,0
35,350278,1,1,0,0,0,2,2,13,470,2,10,2013,4,13,15,0,5,4,CR-D66,EL CENTRO,99998,32.43170833,-106.7041528,0,1,0,0,3,2,0,5,1,1,0,1,0,0000000,13,18,13,37,99,99,0,0,0,1,1
35,350279,2,2,0,0,0,7,7,1,30,29,11,2013,6,20,9,0,13,6,ZUNI AVE,DAKOTA ST SE,0,35.07270833,-106.5740917,0,12,6,0,2,2,0,1,3,1,0,1,0,0000000,99,99,99,99,99,99,0,0,0,1,1
36,360001,1,1,0,1,1,1,1,59,2160,7,1,2013,2,12,50,0,4,6,ATLANTIC AVE,WESTEND AVE,0,40.64318333,-73.59716389,0,8,0,0,3,2,0,1,1,1,0,1,0,0000000,99,99,99,99,99,99,0,0,0,1,0
36,360002,1,1,0,0,0,1,1,27,6380,8,1,2013,3,19,44,0,6,6,WHEELER HILL RD,,0,41.58295833,-73.93821667,0,42,0,0,1,1,0,5,2,10,0,10,0,0000000,19,47,19,49,88,88,0,0,0,1,0
36,360003,1,1,0,0,0,1,1,87,5980,5,1,2013,7,4,30,1,2,3,SR-987C,,0,99.99990000,999.99990000,0,33,0,0,1,1,0,4,2,1,0,1,0,0000000,4,10,4,16,88,88,0,0,0,1,0
36,360004,1,1,0,1,1,1,1,59,4600,8,1,2013,3,13,58,0,5,4,CR-106,,0,40.855175,-73.53508056,0,8,0,0,1,1,0,1,1,1,0,1,0,0000000,13,59,14,2,14,4,0,0,0,1,0
36,360005,1,1,0,0,0,5,5,81,4170,2,1,2013,4,4,0,1,1,1,I-495,,0,99.99990000,999.99990000,0,25,0,0,1,1,0,3,3,1,0,1,0,0000000,99,99,99,99,99,99,0,0,0,1,1
36,360006,2,2,0,0,0,2,2,9,5410,9,1,2013,4,10,44,1,1,1,I-86,,0,42.10245278,-78.83119444,0,24,0,0,1,1,0,4,1,10,3,3,0,0000000,10,47,11,4,11,54,0,0,0,1,0
36,360007,1,1,0,1,1,1,1,81,4170,11,1,2013,6,18,38,0,15,6,COMMONWEALTH BLVD,,0,40.74235833,-73.72534722,0,8,0,0,1,1,0,1,6,98,0,98,0,0000000,99,99,99,99,99,99,0,0,0,1,0
36,360008,1,1,0,1,1,1,1,7,540,12,1,2013,7,23,27,0,2,3,SR-7 BRANDYWINE HWY,FREDERICK ST,0,42.111225,-75.89841667,0,8,0,0,2,2,0,1,2,5,0,5,0,0000000,99,99,99,99,99,99,0,0,0,1,0
36,360009,1,1,0,1,1,2,2,59,2600,15,1,2013,3,22,58,0,16,5,HENDRICKSON AVE,FRONT ST,0,40.70936667,-73.60961667,0,8,0,0,2,3,0,1,2,2,0,2,0,0000000,22,59,23,5,23,22,0,0,0,1,0
36,360010,1,1,0,0,0,1,1,63,3220,16,1,2013,4,5,57,0,6,5,MT HOPE RD,,0,43.15305556,-78.97094722,0,42,0,0,1,1,0,4,2,10,0,10,0,0000000,5,58,6,10,88,88,0,0,0,1,1