STATE,ST_CASE,VE_TOTAL,VE_FORMS,PVH_INVL,PEDS,PERNOTMVIT,PERMVIT,PERSONS,COUNTY,CITY,DAY,MONTH,YEAR,DAY_WEEK,HOUR,MINUTE,NHS,ROAD_FNC,ROUTE,TWAY_ID,TWAY_ID2,MILEPT,LATITUDE,LONGITUD,SP_JUR,HARM_EV,MAN_COLL,RELJCT1,RELJCT2,TYP_INT,WRK_ZONE,REL_ROAD,LGT_COND,WEATHER1,WEATHER2,WEATHER,SCH_BUS,RAIL,NOT_HOUR,NOT_MIN,ARR_HOUR,ARR_MIN,HOSP_HR,HOSP_MN,CF1,CF2,CF3,FATALS,DRUNK_DR
36,360011,1,1,0,1,1,1,1,59,3360,17,1,2013,5,5,23,0,16,5,E PARK AVE,LONG BEACH BLVD,0,40.58842222,-73.65821111,0,8,0,0,2,2,0,1,3,10,0,10,0,0000000,99,99,99,99,99,99,0,0,0,1,0
36,360012,1,1,0,1,1,1,1,5,4170,13,1,2013,1,2,50,0,16,6,138TH ST,,0,40.80803889,-73.92034444,0,8,0,0,1,1,0,1,3,5,0,5,0,0000000,99,99,99,99,99,99,0,0,0,1,0
36,360013,1,1,0,1,1,1,1,61,4170,18,1,2013,6,14,32,0,16,6,9TH AVE,29TH ST,0,40.75025,-73.99855833,0,8,0,0,2,2,0,1,1,1,0,1,0,0000000,14,32,14,35,99,99,0,0,0,1,0
36,360014,1,1,0,0,0,1,1,75,4540,19,1,2013,7,21,42,0,6,4,CR-176,,0,43.40726389,-76.40111944,0,30,0,0,1,1,0,4,2,10,0,10,0,0000000,21,42,21,51,88,88,0,0,0,1,1
36,360015,2,2,0,0,0,2,2,13,5660,17,1,2013,5,3,5,1,1,1,I-86,,0,99.99990000,999.99990000,0,12,1,0,1,1,0,1,2,3,12,3,0,0000000,3,6,3,16,88,88,0,0,0,1,0
36,360016,1,1,0,1,1,2,2,7,3064,20,1,2013,1,3,7,0,16,5,COURT ST,,0,42.10217778,-75.8448,0,9,0,0,1,1,0,2,3,1,0,1,0,0000000,3,8,3,14,99,99,0,0,0,1,1
36,360017,2,2,0,0,0,3,3,27,5030,19,1,2013,7,20,14,0,6,4,CR-77,SILVER LANE,0,41.63549444,-73.88920556,0,12,2,0,2,3,0,1,3,1,0,1,0,0000000,99,99,99,99,99,99,0,0,0,1,1
36,360018,2,1,1,0,2,1,3,73,2219,20,1,2013,1,2,47,0,3,3,SR-104,,0,99.99990000,999.99990000,0,14,0,0,1,1,0,2,2,10,0,10,0,0000000,2,49,2,59,99,99,0,0,0,1,0
36,360019,3,3,0,0,0,7,7,1,50,21,1,2013,2,16,2,0,13,5,WASHINGTON AVE,BREVATOR ST,0,42.67790556,-73.79991389,0,12,6,0,2,2,0,1,1,1,0,1,0,0000000,16,3,16,6,16,31,0,0,0,1,0
36,360020,2,2,0,0,0,4,4,23,3530,21,1,2013,2,15,29,0,3,3,SR-221,CR-133,0,99.99990000,999.99990000,0,12,6,0,3,4,0,1,1,4,0,4,0,0000000,15,30,15,39,16,27,0,0,0,1,0
36,360021,2,1,1,0,0,1,1,63,4210,22,1,2013,3,23,51,0,16,5,PORTER RD,,0,43.10895833,-78.98401944,0,14,0,0,1,1,0,5,3,10,0,10,0,0000000,99,99,99,99,99,99,0,0,0,1,0
36,360022,1,1,0,0,0,1,1,91,5470,10,1,2013,5,18,5,0,13,3,SR-9,AVENUE OF THE PINES,0,43.06335,-73.78821389,0,33,0,0,3,3,0,5,3,10,0,10,0,0000000,18,7,18,19,19,39,0,0,0,1,0
36,360023,1,1,0,0,0,1,1,57,170,23,1,2013,4,8,50,1,2,3,SR-5,,0,42.90969444,-74.10873889,0,42,0,0,1,1,0,4,1,1,0,1,0,0000000,8,51,8,54,10,0,0,0,0,1,0
36,360024,1,1,0,0,0,2,2,55,5230,24,1,2013,5,16,43,0,16,6,BENNINGTON DR,BENNINGTON GREEN LN,0,43.215675,-77.63908056,0,42,0,0,3,3,0,5,1,10,0,10,0,0000000,16,43,16,47,99,99,0,0,0,1,1
36,360025,1,1,0,0,0,1,1,43,3290,25,1,2013,6,1,30,0,3,3,SR-5,,0,43.02304444,-74.90861389,0,1,0,0,1,1,0,4,2,10,0,10,0,0000000,99,99,99,99,88,88,0,0,0,1,1
36,360026,1,1,0,1,1,1,1,47,4170,25,1,2013,6,7,13,0,16,6,E 105TH ST,AVE K,0,40.64429444,-73.89096111,0,8,0,0,3,2,0,1,1,1,0,1,1,0000000,7,13,7,16,88,88,0,0,0,1,0
36,360027,1,1,0,1,1,1,1,59,2600,19,1,2013,7,23,19,0,16,6,JERUSALEM AVE,CATHERINE ST,0,40.70223333,-73.61251944,0,8,0,0,2,3,0,1,3,1,0,1,0,0000000,23,19,23,19,23,30,0,0,0,1,0
36,360028,1,1,0,0,0,1,1,29,611,8,1,2013,3,8,2,0,3,3,SR-391,,0,42.69094167,-78.78231944,0,42,0,0,1,1,0,4,1,1,0,1,0,0000000,8,2,8,9,88,88,0,0,0,1,0
36,360029,2,2,0,0,0,2,2,91,1087,20,1,2013,1,16,55,0,3,3,SR-67,,0,99.99990000,999.99990000,0,12,2,0,1,1,0,1,5,1,0,1,0,0000000,16,55,16,58,17,59,0,0,0,1,1
36,360030,1,1,0,0,0,1,1,121,6400,26,1,2013,7,0,24,0,6,5,POPLAR TREE RD,,0,99.99990000,999.99990000,0,42,0,0,1,1,0,4,2,1,0,1,0,0000000,0,44,0,54,99,99,0,0,0,1,1
36,360031,1,1,0,1,1,1,1,29,750,28,1,2013,2,17,15,0,16,6,NIAGARA ST,,0,42.91546389,-78.89940556,0,8,0,0,1,1,0,1,3,2,0,2,0,0000000,17,17,17,29,17,46,0,0,0,1,0
36,360032,1,1,0,0,0,1,1,111,3560,27,1,2013,1,3,21,0,6,5,BINGHAM RD,,0,41.58813611,-74.00721667,0,30,0,0,1,1,0,4,2,1,0,1,0,0000000,3,21,3,44,4,39,0,0,0,1,1
36,360033,1,1,0,0,0,1,1,87,2580,28,1,2013,2,16,35,0,6,4,CR-47,,0,99.99990000,999.99990000,0,42,0,0,1,1,0,4,5,3,12,3,0,0000000,16,38,17,0,17,37,0,0,0,1,0
36,360034,1,1,0,1,1,1,1,59,2600,30,1,2013,4,18,25,0,16,6,GRAND AVE,LORENZ AVE,0,40.66197222,-73.60757222,0,8,0,0,2,3,0,1,3,5,0,5,0,0000000,18,26,18,30,18,43,0,0,0,1,0
36,360035,1,1,0,1,1,2,2,61,4170,30,1,2013,4,1,0,0,16,6,W 125TH ST,BROADWAY,0,40.81568889,-73.95828889,0,8,0,0,2,2,0,1,3,2,0,2,0,0000000,99,99,99,99,99,99,0,0,0,1,0
36,360037,1,1,0,0,0,1,1,29,2485,30,1,2013,4,22,43,0,6,5,MUNDY ST,FULLER ST,0,42.78637222,-78.82040278,0,26,0,0,3,3,0,4,3,1,0,1,0,0000000,22,43,22,46,23,13,0,0,0,1,0
36,360038,2,1,1,0,0,1,1,29,750,24,1,2013,5,18,29,0,16,6,HUMBOLDT PKWY,,0,42.91643611,-78.84313056,0,14,0,0,1,1,0,4,3,10,0,10,0,0000000,18,32,18,40,19,5,0,0,0,1,0
36,360039,1,1,0,1,1,1,1,59,5250,24,1,2013,5,11,40,0,16,6,MERRICK RD,OCEANSIDE RD,0,40.65386944,-73.63133611,0,8,0,0,2,2,0,1,1,1,0,1,0,0000000,99,99,99,99,88,88,0,0,0,1,0
36,360040,1,1,0,1,1,1,1,81,4170,29,1,2013,3,13,10,0,16,6,PARSONS BLVD,NORTHERN BLVD,0,40.76463611,-73.82348333,0,8,0,0,2,2,0,1,1,10,0,10,0,0000000,13,11,13,16,13,35,0,0,0,1,0
36,360041,1,1,0,0,0,1,1,59,2600,9,1,2013,4,10,54,1,13,3,SR-908M,,0,99.99990000,999.99990000,0,24,0,0,1,1,0,3,1,1,0,1,0,0000000,10,58,11,10,11,20,0,0,0,1,0
36,360042,1,1,0,0,0,1,1,67,1800,12,1,2013,7,2,30,1,2,3,SR-31,,0,99.99990000,999.99990000,0,48,0,0,1,1,0,4,2,10,0,10,0,0000000,8,10,8,48,88,88,0,0,0,1,1
36,360043,1,1,0,1,1,3,3,59,2160,29,1,2013,3,19,15,1,13,3,SR-27,HENRY ST,0,40.65654722,-73.58095556,0,8,0,0,2,2,0,1,3,2,0,2,0,0000000,99,99,99,99,99,99,0,0,0,1,0
36,360044,2,2,0,0,0,3,3,119,4120,30,1,2013,4,17,57,1,13,2,US-1,I-95,0,40.90039444,-73.79514722,0,12,2,1,2,3,0,1,3,2,0,2,0,0000000,17,57,18,4,18,27,0,0,0,1,0
36,360045,1,1,0,1,1,1,1,47,4170,31,1,2013,5,22,52,0,16,6,MYRTLE AVE,WYCOFF AVE,0,40.69956944,-73.91065556,0,8,0,0,1,1,0,1,3,1,0,1,0,0000000,99,99,99,99,99,99,0,0,0,1,0
36,360046,2,2,0,0,0,3,3,65,6680,25,1,2013,6,11,7,0,6,4,CR-840,,0,99.99990000,999.99990000,0,12,1,0,1,1,0,1,1,10,0,10,0,0000000,11,7,11,13,11,37,0,0,0,1,0
36,360047,2,2,0,0,0,2,2,15,535,17,1,2013,5,23,24,1,1,1,I-86,,0,99.99990000,999.99990000,0,12,1,0,1,1,0,1,2,10,0,10,0,0000000,23,30,23,30,3,30,0,0,0,1,1
36,360048,2,2,0,0,0,4,4,17,30,28,1,2013,2,13,40,1,1,1,I-88,,0,99.99990000,999.99990000,0,12,6,0,5,1,0,1,1,10,0,10,0,0000000,13,40,13,50,99,99,0,0,0,1,0
36,360049,2,2,0,0,0,2,2,69,3490,1,2,2013,6,15,13,0,6,4,CR-25,,0,42.98223333,-77.13135833,0,12,6,0,1,1,0,1,1,10,0,10,0,0000000,15,15,15,22,99,99,0,0,0,1,0
36,360050,1,1,0,0,0,1,1,25,180,2,2,2013,7,17,38,0,6,4,CR-2,FALL CLOVE RD,0,42.20421667,-74.851575,0,1,0,0,1,1,0,4,2,10,0,10,0,0000000,17,38,17,57,88,88,0,0,0,1,0
36,360051,2,2,0,0,0,3,3,87,5760,22,1,2013,3,20,12,1,1,1,I-87,,0,99.99990000,999.99990000,0,12,2,0,1,1,0,1,2,1,0,1,0,0000000,20,14,20,27,21,0,0,0,0,1,0
36,360052,1,1,0,0,0,1,1,119,472,3,2,2013,1,14,39,0,6,5,DEER RIDGE RD,,0,41.22037778,-73.73265833,0,42,0,0,1,1,0,4,1,10,0,10,0,0000000,14,40,14,44,99,99,0,0,0,1,0
36,360053,2,2,0,0,0,4,4,83,5958,20,1,2013,1,17,3,0,3,3,SR-22,,0,99.99990000,999.99990000,0,12,2,0,1,1,0,1,2,10,0,10,0,0000000,17,3,17,3,22,35,0,0,0,1,1
36,360054,1,1,0,0,0,2,2,87,4063,3,2,2013,1,23,25,0,6,4,CR-23,CAIRNSMUIR RD,0,41.14888611,-73.96654722,0,31,0,0,3,3,0,4,3,10,0,10,0,0000000,23,27,23,33,88,88,0,0,0,2,1
36,360055,2,2,0,0,0,3,3,109,4072,8,2,2013,6,16,23,0,6,4,CR-130,,0,42.36877222,-76.55761667,0,12,6,0,1,1,0,1,1,4,0,4,0,0000000,16,28,16,41,17,10,0,0,0,1,0
36,360056,2,2,0,0,0,2,2,29,613,28,1,2013,2,8,4,1,2,3,SR-5,,0,42.58488056,-79.10364722,3,12,6,0,1,1,0,1,1,4,0,4,0,0000000,8,8,8,23,12,0,0,0,0,1,0
36,360057,1,1,0,1,1,1,1,27,5030,8,2,2013,6,12,32,0,16,6,E CEDAR ST,S WOODLAWN AVE,0,41.72146667,-73.91961111,0,8,0,0,3,3,0,4,1,4,0,4,0,0000000,12,32,12,38,13,1,0,0,0,1,0
36,360058,1,1,0,1,1,1,1,9,4460,14,2,2013,5,19,6,0,13,3,SR-16,IRVING ST,0,42.0746,-78.429825,0,8,0,0,3,3,0,1,3,4,0,4,0,0000000,19,6,19,9,19,21,0,0,0,1,0
36,360059,2,2,0,0,0,2,2,47,4170,13,2,2013,4,14,51,0,16,6,ATLANTIC AVE,ELDERT LANE,0,40.68311944,-73.86630556,0,12,6,0,2,2,0,1,1,1,0,1,0,0000000,99,99,99,99,99,99,0,0,0,1,0
36,360060,2,2,0,0,0,4,4,75,2569,16,1,2013,4,22,17,1,1,1,I-81,,0,99.99990000,999.99990000,0,12,1,0,1,1,0,1,2,10,0,10,0,0000000,22,17,22,29,99,99,0,0,0,1,0
36,360061,1,1,0,0,0,1,1,27,1221,16,1,2013,4,14,25,0,6,4,CR-19,,0,41.91145278,-73.86470278,0,35,0,0,1,1,0,4,1,10,0,10,0,0000000,14,29,14,40,15,5,0,0,0,1,0
36,360062,2,2,0,0,0,3,3,53,4470,4,2,2013,2,12,10,0,3,3,SR-5,,0,43.07644444,-75.68678056,0,12,6,0,1,1,0,1,1,4,0,4,0,0000000,99,99,99,99,99,99,0,0,0,1,0
36,360063,2,2,0,0,0,2,2,75,2200,5,2,2013,3,14,31,1,2,3,SR-3,,0,43.32803611,-76.50173056,0,12,6,0,1,1,0,1,1,10,0,10,0,0000000,14,34,14,43,15,0,0,0,0,1,0
36,360064,1,1,0,0,0,4,4,71,2320,2,2,2013,7,0,1,1,2,3,SR-17,,0,99.99990000,999.99990000,0,24,0,0,1,1,0,3,2,1,0,1,0,0000000,0,1,0,18,4,30,0,0,0,1,1
36,360065,1,1,0,1,1,2,2,103,6333,7,2,2013,5,17,51,1,2,3,SR-25,LITTLE LEAF CT,0,40.94487778,-72.83143056,0,8,0,0,2,3,0,1,2,1,0,1,0,0000000,17,56,17,59,18,25,0,0,0,1,0
36,360066,1,1,0,0,0,1,1,103,1650,7,2,2013,5,20,29,0,3,3,SR-114,,0,40.97270556,-72.24504167,0,33,0,0,1,1,0,5,2,1,0,1,0,0000000,20,30,20,41,21,23,0,0,0,1,1
36,360067,1,1,0,0,0,1,1,69,4770,15,2,2013,6,8,38,0,4,6,PRE EMPTION RD,SR-96,0,42.94705278,-77.01325556,0,35,0,0,3,3,0,5,1,10,0,10,0,0000000,8,38,8,46,88,88,0,0,0,1,0
36,360068,1,1,0,0,0,1,1,67,6010,20,2,2013,4,10,45,1,13,3,SR-5,,0,43.05081389,-76.14440278,0,21,0,0,1,1,0,3,1,1,0,1,0,0000000,10,47,10,54,11,6,0,0,0,1,0
36,360069,3,3,0,0,0,5,5,19,475,15,2,2013,6,13,35,0,3,6,JERSEY SWAMP RD,SR-190,0,44.75315278,-73.55157778,0,12,6,0,2,2,0,1,1,10,0,10,0,0000000,13,35,13,40,15,0,0,0,0,1,0
36,360070,1,1,0,1,1,1,1,81,4170,15,2,2013,6,0,28,0,16,6,ROCKAWAY BLVD,,0,99.99990000,999.99990000,0,8,0,0,1,1,0,1,3,1,0,1,0,0000000,0,28,99,99,99,99,0,0,0,1,0
36,360071,1,1,0,1,1,3,3,13,2950,15,2,2013,6,17,48,0,15,6,FOOTE AVE,,0,42.08739722,-79.23205278,0,15,0,0,1,1,0,1,5,10,0,10,0,0000000,17,49,17,52,17,54,0,0,0,1,0
36,360072,1,1,0,1,1,1,1,5,4170,15,2,2013,6,18,53,0,16,6,GRAND CONCOURSE,E KINGSBRIDGE RD,0,40.86619167,-73.89427222,0,8,0,0,3,2,0,1,3,1,0,1,0,0000000,99,99,99,99,19,10,0,0,0,1,0
36,360073,1,1,0,1,1,1,1,107,406,19,2,2013,3,2,32,0,13,3,SR-17,,0,41.99998611,-76.52364167,0,8,0,0,1,1,0,1,2,1,0,1,0,0000000,2,32,2,40,5,15,0,0,0,1,0
36,360074,1,1,0,0,0,3,3,83,4000,16,2,2013,7,2,20,1,2,2,US-20,,0,42.49487778,-73.51156111,0,24,0,0,1,1,0,4,2,4,0,4,0,0000000,2,24,2,35,99,99,0,0,0,1,1
36,360075,1,1,0,1,1,1,1,59,2600,19,2,2013,3,17,39,0,16,6,MERRICK RD,JACKSON AVE,0,40.66616667,-73.48651667,0,8,0,0,3,2,0,1,3,2,0,2,0,0000000,17,39,17,42,18,7,0,0,0,1,0
36,360076,2,2,0,0,0,2,2,37,1451,20,2,2013,4,6,6,0,2,3,SR-238,,0,42.87170278,-78.292925,0,12,2,0,1,1,0,1,2,4,0,4,0,0000000,6,9,6,16,99,99,0,0,0,1,1
36,360077,1,1,0,1,1,1,1,1,50,21,2,2013,5,22,20,0,13,5,CENTRAL AVE,KING AVE,0,42.67565,-73.78503333,0,8,0,0,2,2,0,1,3,10,0,10,0,0000000,22,25,22,30,23,50,0,0,0,1,0
36,360078,2,2,0,0,0,4,4,13,5660,20,2,2013,4,0,47,1,1,1,I-86,,0,99.99990000,999.99990000,0,12,1,0,1,1,0,1,2,4,0,4,0,0000000,0,47,1,12,2,26,0,0,0,1,0
36,360079,1,1,0,1,1,1,1,47,4170,22,2,2013,6,17,40,0,13,6,CLINTON ST,ATLANTIC AVE,0,40.69025,-73.99436389,0,8,0,0,3,2,0,4,3,1,0,1,0,0000000,17,40,99,99,99,99,0,0,0,1,0
36,360080,1,1,0,0,0,2,2,111,3560,23,2,2013,7,19,54,0,6,4,CR-11,,0,41.62960278,-73.99510278,0,5,0,0,1,1,0,1,2,2,0,2,0,0000000,19,54,20,8,20,25,0,0,0,1,0
36,360081,1,1,0,0,0,1,1,101,5040,22,2,2013,6,11,0,0,2,3,SR-53,DILLENBECK RD,0,42.56091111,-77.37134167,0,52,0,0,3,3,0,4,1,10,0,10,0,0000000,12,0,12,11,88,88,0,0,0,1,0
36,360082,1,1,0,1,1,1,1,81,4170,15,2,2013,6,20,6,1,2,3,SR-878 NASSAU EXPY,,0,40.66656111,-73.81146389,0,8,0,0,1,1,0,1,3,10,0,10,0,0000000,20,6,20,19,99,99,0,0,0,1,0
36,360083,1,1,0,0,0,1,1,27,5031,23,2,2013,7,18,39,0,6,5,INDIAN PASS,,0,41.56406667,-73.71057778,0,48,0,0,1,1,0,4,2,10,0,10,0,0000000,18,39,18,48,19,31,0,0,0,1,0
36,360084,3,1,2,0,0,1,1,5,4170,4,1,2013,6,7,44,0,13,6,ELTON AVE,E 153RD ST,0,40.81843056,-73.91489722,0,14,0,0,3,2,0,7,1,10,0,10,0,0000000,99,99,99,99,88,88,0,0,0,1,0
36,360085,3,3,0,0,0,7,7,109,3146,26,2,2013,3,7,22,0,6,4,CR-122,CR-108,0,42.52666667,-76.49185833,0,12,6,0,2,2,0,1,1,1,0,1,0,0000000,99,99,99,99,99,99,0,0,0,1,0
36,360086,3,3,0,0,0,3,3,59,2600,27,2,2013,4,21,15,0,16,6,FRANKLIN AVE,CORONA AVE,0,40.66786111,-73.69830833,0,12,6,0,2,3,0,1,1,10,0,10,0,0000000,21,16,21,18,99,99,0,0,0,1,1
36,360087,2,2,0,0,0,2,2,49,4990,18,1,2013,6,10,58,1,2,3,SR-12,HELLS KITCHEN RD,0,43.60069722,-75.35850556,0,12,1,0,2,3,0,1,1,1,0,1,0,0000000,99,99,99,99,99,99,0,0,0,1,0
36,360088,3,3,0,0,0,7,7,109,6120,2,2,2013,7,17,17,0,6,6,TRUMANSBURG RD,,0,42.49475278,-76.59378611,0,12,6,0,1,1,0,1,2,10,0,10,0,0000000,17,17,17,33,19,4,0,0,0,1,0
36,360089,2,2,0,0,0,3,3,65,2043,12,2,2013,3,7,38,1,2,3,SR-365,,0,43.22021111,-75.32139722,0,12,6,0,1,1,0,1,1,4,0,4,0,0000000,7,38,7,51,8,27,0,0,0,1,0
36,360090,1,1,0,1,1,1,1,29,3140,12,2,2013,3,20,6,1,1,1,I-90,,4153,99.99990000,999.99990000,0,8,0,0,1,1,0,1,2,1,0,1,0,0000000,20,6,20,20,88,88,0,0,0,1,0
36,360091,4,2,2,0,0,4,4,3,5328,20,2,2013,4,15,10,0,2,3,SR-243,CR-23,0,42.38658333,-78.233975,0,12,2,0,3,3,0,1,1,10,0,10,0,0000000,15,10,15,24,16,7,0,0,0,1,0
36,360092,1,1,0,1,1,2,2,81,4170,27,2,2013,4,16,28,0,16,6,JAMAICA AVE,80TH ST,0,40.69208333,-73.86234167,0,8,0,0,2,3,0,1,1,10,0,10,0,0000000,99,99,99,99,99,99,0,0,0,1,1
36,360093,1,1,0,0,0,1,1,103,5210,9,3,2013,7,6,55,0,6,5,SOUNDS AVE,,0,99.99990000,999.99990000,0,42,0,0,1,1,0,4,1,1,0,1,0,0000000,6,57,7,12,8,2,0,0,0,1,0
36,360094,2,2,0,0,0,2,2,65,6626,8,3,2013,6,7,30,1,2,3,SR-5,,0,43.07539167,-75.45213056,0,12,6,0,1,1,0,1,1,4,0,4,0,0000000,7,36,7,47,8,28,0,0,0,1,0
36,360095,3,3,0,0,0,8,8,57,170,10,3,2013,1,17,52,0,2,3,SR-67,,0,42.94960278,-74.13000833,0,12,2,0,1,1,0,1,1,1,0,1,0,0000000,17,52,18,8,20,20,0,0,0,3,0
36,360096,1,1,0,1,1,1,1,47,4170,30,1,2013,4,18,31,0,16,6,LINDEN BLVD,95TH ST,0,40.65437778,-73.915475,0,8,0,0,2,2,0,1,3,1,0,1,0,0000000,99,99,99,99,99,99,0,0,0,1,0
36,360097,1,1,0,1,1,1,1,47,4170,29,1,2013,3,23,31,0,16,6,LINDEN BLVD,ROCKAWAY PKWY,0,40.65419444,-73.91234444,0,8,0,0,2,2,0,1,3,10,0,10,0,0000000,99,99,99,99,99,99,0,0,0,1,0
36,360098,2,1,1,0,1,1,2,59,5250,21,1,2013,2,20,29,1,13,3,SR-27,,0,99.99990000,999.99990000,0,30,0,0,1,1,0,4,3,4,0,4,0,0000000,99,99,99,99,99,99,0,0,0,1,1
36,360099,1,1,0,1,1,1,1,47,4170,13,3,2013,4,6,37,0,16,6,HAMILTON AVE,COURT ST,0,40.67399167,-73.99983333,0,8,0,0,3,2,0,1,3,1,0,1,0,0000000,6,37,6,38,88,88,0,0,0,1,0
36,360100,9,3,6,0,0,7,7,47,4170,5,1,2013,7,2,8,1,13,6,AVE U,E 5TH ST,0,40.59768056,-73.96678056,0,12,6,0,3,2,0,1,3,1,0,1,0,0000000,99,99,99,99,99,99,0,0,0,3,2
36,360101,1,1,0,0,0,1,1,21,332,14,1,2013,2,16,50,1,2,3,SR-987G,,0,42.34389167,-73.57588889,0,42,0,0,1,1,0,3,1,1,0,1,0,0000000,99,99,99,99,88,88,0,0,0,1,0
36,360102,1,1,0,0,0,3,3,57,820,8,3,2013,6,15,6,0,6,5,S BUEL RD,,0,42.834375,-74.64925278,0,5,0,0,1,1,0,1,1,1,0,1,0,0000000,15,6,15,24,19,6,0,0,0,1,0
36,360103,1,1,0,0,0,2,2,67,1800,26,2,2013,3,9,59,1,2,3,SR-5,,0,43.028025,-76.477025,0,17,0,0,1,1,0,4,1,1,0,1,0,0000000,10,2,10,6,10,50,0,0,0,1,0
36,360104,1,1,0,0,0,1,1,101,870,4,3,2013,2,7,5,0,3,3,SR-36,,0,42.25900278,-77.58428333,0,30,0,0,1,1,0,4,1,10,0,10,0,0000000,7,7,7,13,7,47,0,0,0,1,0
36,360105,1,1,0,0,0,1,1,103,1650,22,2,2013,6,23,26,0,6,5,RED DIRT RD,,0,99.99990000,999.99990000,0,42,0,0,1,1,0,4,2,10,0,10,0,0000000,99,99,99,99,88,88,0,0,0,1,1
36,360106,1,1,0,1,1,1,1,5,4170,4,1,2013,6,21,34,0,16,6,E 233RD ST,PAULDING AVE,0,40.89065833,-73.84874722,0,8,0,0,2,2,0,1,3,1,0,1,0,0000000,99,99,99,99,99,99,0,0,0,1,0
36,360107,1,1,0,1,1,1,1,47,4170,22,1,2013,3,14,49,0,16,6,AVENUE O,,0,40.61205278,-73.96707222,0,8,0,0,1,1,0,1,1,1,0,1,0,0000000,99,99,99,99,99,99,0,0,0,1,0
36,360108,1,1,0,0,0,1,1,67,1539,19,2,2013,3,6,55,1,1,1,I-481,,0,43.02999444,-76.06174722,0,42,0,0,1,1,0,4,1,10,0,10,0,0000000,6,55,6,59,7,21,0,0,0,1,0
36,360109,2,2,0,0,0,3,3,89,880,19,2,2013,3,16,43,0,6,5,MORLEY POTSDAM RD,,0,44.65118333,-75.14431667,0,12,6,0,1,1,0,1,1,4,0,4,0,0000000,16,44,16,54,17,23,0,0,0,2,0
36,360110,2,2,0,0,0,4,4,39,4045,22,2,2013,6,0,59,1,1,1,I-87,,1247,99.99990000,999.99990000,0,12,2,0,1,1,0,1,2,1,0,1,0,0000000,0,59,1,10,99,99,0,0,0,2,1
36,360111,1,1,0,1,1,1,1,29,2739,7,3,2013,5,10,14,0,6,5,S PROTECTION RD,,0,42.62215833,-78.51235833,0,8,0,0,1,1,0,1,1,10,0,10,0,0000000,10,14,10,25,99,99,0,0,0,1,0
36,360112,3,3,0,1,1,4,4,103,2840,16,1,2013,4,6,12,1,2,3,SR-908G,,0,99.99990000,999.99990000,0,8,0,0,1,1,0,1,3,3,0,3,0,0000000,99,99,99,99,88,88,0,0,0,1,0
36,360113,1,1,0,0,0,1,1,7,1119,8,3,2013,6,11,0,0,6,5,CASTLE CREEK RD,RANSOM RD,0,42.17480556,-75.90433333,0,34,0,0,3,3,0,4,1,10,0,10,0,0000000,99,99,99,99,99,99,0,0,0,1,0
36,360114,1,1,0,0,0,1,1,45,1077,19,3,2013,3,7,29,0,6,5,SAYRE RD,,0,43.98291111,-75.67944722,0,42,0,0,1,1,0,4,1,4,0,4,0,0000000,7,29,7,41,8,2,0,0,0,1,0
36,360115,1,1,0,0,0,1,1,65,3198,15,3,2013,6,13,28,1,2,3,SR-26,,0,99.99990000,999.99990000,0,57,0,0,1,1,0,4,1,4,0,4,0,0000000,13,28,13,33,88,88,0,0,0,1,0
36,360116,1,1,0,1,1,1,1,61,4170,4,1,2013,6,12,26,0,16,6,E 23RD ST,,0,40.74043889,-73.98694722,0,8,0,0,1,1,0,1,1,1,0,1,0,0000000,12,26,12,30,88,88,0,0,0,1,0
36,360117,1,1,0,1,1,2,2,103,360,5,1,2013,7,20,34,0,16,6,GREAT NECK RD,,0,99.99990000,999.99990000,0,33,0,0,1,1,0,4,3,1,0,1,0,0000000,99,99,99,99,99,99,0,0,0,1,0
36,360118,2,2,0,0,0,2,2,103,2920,10,1,2013,5,10,45,0,16,6,SUFFOLK AVE,,0,40.77965556,-73.25291111,0,12,6,0,8,1,0,1,1,1,0,1,0,0000000,99,99,99,99,99,99,0,0,0,1,0
36,360119,2,2,0,0,0,2,2,103,5769,11,1,2013,6,3,33,1,2,3,SR-25 JERICHO TPK,,0,40.84688056,-73.25913333,0,12,9,0,8,1,0,1,3,10,0,10,0,0000000,99,99,99,99,88,88,0,0,0,1,1
36,360120,1,1,0,0,0,1,1,103,705,12,1,2013,7,20,52,0,6,4,CR-21,,0,40.84703889,-72.93482222,0,30,0,0,1,1,0,4,3,5,0,5,0,0000000,99,99,99,99,88,88,0,0,0,1,1
36,360121,1,1,0,1,1,1,1,81,4170,12,1,2013,7,6,45,0,16,6,WOODHAVEN BLVD,COOPER AVE,0,40.71324444,-73.85986667,0,8,0,0,2,3,0,1,3,2,0,2,0,0000000,99,99,99,99,99,99,0,0,0,1,0
36,360122,1,1,0,1,1,4,4,81,4170,17,1,2013,5,18,50,0,16,6,MYRTLE AVE,,0,40.69993333,-73.90779167,0,8,0,0,1,1,0,1,3,1,0,1,0,0000000,99,99,99,99,99,99,0,0,0,1,0
36,360123,8,8,0,0,0,10,10,103,2920,13,1,2013,1,17,15,0,2,3,SR-27 MONTAUK HWY,GREENE AVE,0,40.73425556,-73.08532778,0,12,7,0,2,2,0,1,3,10,0,10,0,0000000,99,99,99,99,99,99,0,0,0,1,1
36,360124,3,3,0,0,0,3,3,63,6730,27,3,2013,4,15,48,0,6,5,WILSON-BURT RD,,0,43.30941389,-78.76623333,0,12,1,0,1,1,0,1,1,1,0,1,0,0000000,15,50,15,59,99,99,0,0,0,2,0