STATE,ST_CASE,VE_TOTAL,VE_FORMS,PVH_INVL,PEDS,PERNOTMVIT,PERMVIT,PERSONS,COUNTY,CITY,DAY,MONTH,YEAR,DAY_WEEK,HOUR,MINUTE,NHS,ROAD_FNC,ROUTE,TWAY_ID,TWAY_ID2,MILEPT,LATITUDE,LONGITUD,SP_JUR,HARM_EV,MAN_COLL,RELJCT1,RELJCT2,TYP_INT,WRK_ZONE,REL_ROAD,LGT_COND,WEATHER1,WEATHER2,WEATHER,SCH_BUS,RAIL,NOT_HOUR,NOT_MIN,ARR_HOUR,ARR_MIN,HOSP_HR,HOSP_MN,CF1,CF2,CF3,FATALS,DRUNK_DR
36,360125,2,2,0,0,0,2,2,67,5740,21,2,2013,5,17,42,0,2,3,SR-321,MOTTVILLE RD,0,42.976025,-76.42764167,0,12,6,0,2,2,0,1,5,4,0,4,0,0000000,17,43,17,47,18,28,0,0,0,1,0
36,360126,5,2,3,1,2,1,2,61,4170,20,1,2013,1,2,0,0,16,6,E 26TH ST,,0,40.74097778,-73.98232778,0,14,0,0,1,1,0,1,3,1,0,1,0,0000000,99,99,99,99,99,99,0,0,0,1,0
36,360127,2,2,0,0,0,2,2,27,2000,22,2,2013,6,22,46,1,2,2,US-9,,0,41.49777222,-73.89980556,0,12,2,0,1,1,0,1,2,10,0,10,0,0000000,22,46,22,46,1,0,0,0,0,1,1
36,360128,1,1,0,1,1,2,2,13,2267,25,3,2013,2,8,20,0,6,5,HARRIS HILL RD,,0,42.17592778,-79.19026667,0,8,0,0,1,1,0,1,1,4,0,4,0,0000000,8,22,8,35,9,4,0,0,0,1,0
36,360129,1,1,0,0,0,4,4,17,30,24,2,2013,1,2,20,0,6,5,AFTON LAKE RD,,0,42.24204444,-75.50808333,0,42,0,0,1,1,0,4,2,10,0,10,0,0000000,2,20,2,56,8,0,0,0,0,1,1
36,360130,1,1,0,2,2,1,1,85,4170,1,2,2013,6,19,32,0,16,6,JEFFERSON AVE,MASON AVE,0,40.57837778,-74.09401667,0,8,0,0,3,2,0,1,3,1,0,1,0,0000000,19,32,99,99,99,99,0,0,0,1,0
36,360131,1,1,0,0,0,1,1,59,2600,4,2,2013,2,1,30,0,2,5,PENINSULA BLVD,,0,99.99990000,999.99990000,0,42,0,0,1,1,0,4,3,1,0,1,0,0000000,1,36,1,40,99,99,0,0,0,1,1
36,360132,1,1,0,1,1,2,2,81,4170,21,2,2013,5,0,49,0,16,6,40TH AVE,,0,40.75676667,-73.94415556,0,8,0,0,1,1,0,1,3,98,0,98,0,0000000,99,99,99,99,99,99,0,0,0,1,0
36,360133,1,1,0,1,1,1,1,55,5230,4,3,2013,2,23,18,0,16,5,N GOODMAN AVE,HIGH ST,0,43.17349167,-77.57739444,0,8,0,0,3,3,0,1,3,1,0,1,0,0000000,99,99,99,99,99,99,23,0,0,1,0
36,360134,1,1,0,0,0,1,1,113,5068,15,2,2013,6,3,47,0,6,4,CR-28,,0,43.29371111,-73.71079167,0,24,0,0,1,1,0,4,2,4,0,4,0,0000000,3,47,3,51,88,88,0,0,0,1,1
36,360135,1,1,0,0,0,4,4,75,4540,26,3,2013,3,11,27,0,6,5,ENGLES RD,,0,43.37030833,-76.53346944,0,42,0,0,1,1,0,4,1,99,0,99,0,0000000,11,27,99,99,88,88,0,0,0,4,0
36,360136,2,2,0,0,0,2,2,19,1817,26,2,2013,3,7,40,1,2,2,US-11,,0,44.90049167,-73.82298611,0,12,2,0,1,1,0,1,1,10,0,10,0,0000000,7,40,7,45,10,33,0,0,0,1,0
36,360137,1,1,0,1,1,1,1,1,1290,2,3,2013,7,3,33,0,13,3,SR-5,,0,42.75807222,-73.87896667,0,8,0,0,1,1,0,1,3,1,0,1,0,0000000,3,37,3,43,88,88,0,0,0,1,0
36,360138,1,1,0,1,1,1,1,81,4170,7,3,2013,5,19,32,0,16,6,SPRINGFIELD BLVD,73RD AVE,0,40.74242778,-73.75350278,0,8,0,0,2,2,0,1,3,4,0,4,0,0000000,99,99,99,99,99,99,0,0,0,1,0
36,360139,1,1,0,0,0,2,2,119,5893,5,1,2013,7,12,31,1,1,1,I-684,,0,99.99990000,999.99990000,0,42,0,0,1,1,0,4,1,1,0,1,0,0000000,12,35,12,42,99,99,0,0,0,2,0
36,360140,1,1,0,0,0,1,1,101,1360,14,3,2013,5,13,37,0,2,3,SR-414,,0,42.17526944,-77.04050556,0,34,0,0,1,1,0,4,1,1,0,1,0,0000000,13,37,13,44,88,88,0,0,0,1,0
36,360141,3,3,0,0,0,8,8,91,1209,12,3,2013,3,11,48,1,1,1,I-87,,0,99.99990000,999.99990000,0,12,6,0,1,1,0,1,1,2,0,2,0,0000000,11,48,11,53,99,99,0,0,0,1,0
36,360142,1,1,0,1,1,1,1,93,4225,29,3,2013,6,12,51,0,16,5,UNION ST,,0,42.80117778,-73.89691389,0,8,0,0,8,1,0,1,1,10,0,10,0,0000000,12,52,12,55,13,23,0,0,0,1,0
36,360143,1,1,0,1,1,1,1,103,1050,30,3,2013,7,23,24,0,16,5,CHURCH ST,SUFFOLK AVE,0,40.79121111,-73.20012778,0,8,0,0,3,2,0,1,3,1,0,1,0,0000000,99,99,99,99,88,88,0,0,0,1,0
36,360144,1,1,0,0,0,1,1,41,3364,30,3,2013,7,2,15,0,2,3,SR-30 DEER;AMD RD,,0,43.95766111,-74.43824444,0,48,0,0,1,1,0,4,3,1,0,1,0,0000000,2,16,2,25,88,88,0,0,0,1,1
36,360145,1,1,0,1,1,1,1,111,1885,28,3,2013,5,23,25,0,6,5,SALEM ST,,0,99.99990000,999.99990000,0,24,0,0,1,1,0,4,2,10,0,10,0,0000000,23,25,23,30,0,3,0,0,0,1,1
36,360146,1,1,0,0,0,1,1,119,472,30,3,2013,7,2,20,1,1,1,I-684,,0,99.99990000,999.99990000,0,35,0,0,1,1,0,4,2,1,0,1,0,0000000,2,26,2,31,99,99,0,0,0,1,1
36,360147,1,1,0,1,1,2,2,81,4170,3,3,2013,1,19,35,0,13,6,BROADWAY,79TH ST,0,40.74431111,-73.88593889,0,8,0,0,2,2,0,1,3,1,0,1,0,0000000,19,35,19,39,19,43,0,0,0,1,0
36,360148,1,1,0,1,1,3,3,89,5020,30,3,2013,7,20,37,0,6,5,MAY RD,,0,99.99990000,999.99990000,0,8,0,0,1,1,0,2,3,1,0,1,0,0000000,20,37,20,40,20,46,0,0,0,1,1
36,360149,1,1,0,0,0,1,1,65,800,6,4,2013,7,19,24,0,6,5,REDFIELD RD,,0,43.45186944,-75.76519167,0,42,0,0,1,1,0,4,5,1,0,1,0,0000000,19,25,19,39,20,24,0,0,0,1,1
36,360150,1,1,0,1,1,1,1,63,9997,6,4,2013,7,22,3,0,6,5,LOCKPORT RD,,0,99.99990000,999.99990000,0,9,0,0,1,1,0,1,2,10,0,10,0,0000000,22,5,22,12,22,31,0,0,0,1,0
36,360151,1,1,0,0,0,1,1,123,614,8,4,2013,2,20,57,0,6,5,COUNTY HOUSE RD,COUNTY HOUSE WOODS RD,0,42.64047778,-77.12226389,0,42,0,0,3,3,0,4,2,10,0,10,0,0000000,20,59,21,3,21,21,0,0,0,1,0
36,360152,1,1,0,0,0,1,1,27,4885,28,2,2013,5,12,50,0,6,5,NORTH AVE,,0,41.77972222,-73.80578889,0,42,0,0,1,1,0,4,1,10,0,10,0,0000000,12,50,12,53,99,99,0,0,0,1,1
36,360153,2,2,0,0,0,2,2,103,5769,16,1,2013,4,2,0,1,13,3,SR-25,HUBER PL,0,40.86132778,-73.14302778,0,12,2,0,2,3,0,1,3,2,0,2,0,0000000,99,99,2,10,99,99,0,0,0,1,1
36,360154,5,3,2,0,0,5,5,5,4170,20,3,2013,4,16,4,1,13,6,WEBSTER AVE,,0,40.85923889,-73.89364444,0,12,2,0,1,1,0,1,1,1,0,1,0,0000000,16,4,16,4,16,19,0,0,0,1,0
36,360155,1,1,0,0,0,5,5,59,2600,1,4,2013,2,4,29,1,2,3,SR-908M,,0,99.99990000,999.99990000,0,24,0,0,1,1,0,4,3,10,0,10,0,0000000,4,29,4,29,5,23,0,0,0,1,1
36,360156,1,1,0,0,0,2,2,11,6520,9,4,2013,3,14,54,0,6,5,SHEPHERD RD,,0,99.99990000,999.99990000,0,42,0,0,1,1,0,4,1,1,0,1,0,0000000,14,54,15,2,16,6,0,0,0,1,0
36,360157,1,1,0,1,1,2,2,119,4309,15,2,2013,6,14,47,0,2,3,SR-22,,0,41.31195833,-73.66846667,0,8,0,0,1,1,0,1,1,1,0,1,0,0000000,14,47,14,53,15,49,0,0,0,1,0
36,360158,1,1,0,0,0,2,2,27,5031,7,4,2013,1,1,40,0,5,5,BEEKMAN RD,BAKER RD,0,41.61341944,-73.70971667,0,24,0,0,3,3,0,4,2,1,0,1,0,0000000,1,43,1,52,4,45,0,0,0,1,1
36,360159,1,1,0,1,1,1,1,29,6090,11,4,2013,5,1,26,1,1,1,I-290,,0,99.99990000,999.99990000,0,8,0,0,1,1,0,1,2,10,0,10,0,0000000,1,26,1,30,88,88,0,0,0,1,0
36,360160,1,1,0,1,1,1,1,27,5030,13,3,2013,4,20,44,0,16,6,CHURCH ST,S HAMILTON ST,0,41.7002,-73.92437778,0,8,0,0,3,2,0,1,3,1,0,1,0,0000000,20,44,20,48,21,12,0,0,0,1,0
36,360161,3,3,0,0,0,3,3,39,775,27,3,2013,4,17,52,0,2,3,SR-23,SR-32,0,42.29661667,-73.98878056,0,12,6,0,2,3,0,1,1,1,0,1,0,0000000,17,55,17,57,18,45,0,0,0,1,1
36,360162,1,1,0,0,0,1,1,119,6040,5,1,2013,7,9,49,0,16,5,TAPPAN AVE,ANDERSON AVE,0,41.09100833,-73.85919167,0,38,0,0,3,3,0,4,1,1,0,1,0,0000000,99,99,99,99,99,99,0,0,0,1,0
36,360163,1,1,0,1,1,1,1,55,4840,28,1,2013,2,18,48,0,16,5,EAST AVE,,0,43.11979722,-77.51962222,0,8,0,0,1,1,0,1,3,2,0,2,0,0000000,19,48,18,57,19,25,0,0,0,1,0
36,360164,1,1,0,1,1,1,1,119,6040,20,3,2013,4,8,54,0,16,5,N BROADWAY,,0,41.10891944,-73.86425,0,8,0,0,1,1,0,5,1,10,0,10,0,0000000,99,99,99,99,99,99,0,0,0,1,0
36,360165,2,2,0,0,0,3,3,47,4170,23,2,2013,7,14,40,0,16,6,REMSEN AVE,AVENUE J,0,40.63858611,-73.90411111,0,12,6,0,2,2,0,1,1,2,0,2,0,0000000,99,99,99,99,99,99,0,0,0,1,0
36,360166,2,2,0,0,0,2,2,91,5580,12,4,2013,6,11,16,0,6,4,CR-39 KING RD,WALL ST,0,43.13229444,-73.61898611,0,12,6,0,2,2,0,1,1,2,0,2,0,0000000,11,16,11,20,99,99,0,0,0,1,0
36,360167,1,1,0,0,0,1,1,63,4210,15,4,2013,2,7,34,0,16,5,11TH ST,CLEVELAND AVE,0,43.10672222,-79.04903333,0,31,0,0,3,2,0,4,1,1,0,1,0,0000000,7,34,7,36,7,58,0,0,0,1,0
36,360168,1,1,0,0,0,2,2,49,1410,6,4,2013,7,23,52,0,6,5,EFFLEY FALLS RD,,0,43.92058889,-75.30458056,0,1,0,0,1,1,0,4,2,1,0,1,0,0000000,23,52,0,0,2,0,0,0,0,1,1
36,360169,1,1,0,1,1,1,1,61,4170,16,4,2013,3,6,26,0,13,6,E 78TH ST,,0,40.77403333,-73.95880556,0,8,0,0,1,1,0,1,4,1,0,1,0,0000000,6,27,6,30,99,99,0,0,0,1,0
36,360170,1,1,0,0,0,1,1,65,6275,24,2,2013,1,1,56,1,1,1,I-90,,0,43.12449444,-75.57653611,0,38,0,0,1,1,0,4,2,10,0,10,0,0000000,2,3,2,18,88,88,0,0,0,1,1
36,360171,2,2,0,0,0,2,2,37,771,27,3,2013,4,8,48,0,2,3,SR-262,CHAPEL RD,0,43.07985833,-78.09671111,0,12,6,0,2,3,0,1,1,10,0,10,0,0000000,8,49,9,0,99,99,0,0,0,1,0
36,360172,2,2,0,0,0,2,2,103,705,17,4,2013,4,17,45,0,3,4,CR-101,GAZZOLA DR,0,40.78040556,-72.97215833,0,12,6,0,2,2,0,1,1,1,0,1,0,0000000,17,48,17,55,18,9,0,0,0,1,0
36,360173,2,2,0,1,1,4,4,61,4170,24,2,2013,1,1,48,0,13,6,3RD AVE,,0,40.74121667,-73.98139722,0,12,6,0,1,1,0,1,3,2,0,2,0,0000000,1,48,99,99,99,99,0,0,0,1,0
36,360174,2,2,0,0,0,2,2,49,3370,13,4,2013,7,13,22,0,3,3,SR-12,,0,99.99990000,999.99990000,0,12,2,0,1,1,0,1,1,2,0,2,0,0000000,13,24,13,56,15,5,0,0,0,1,0
36,360175,1,1,0,0,0,1,1,113,5068,10,4,2013,4,12,50,1,2,3,SR-22,,0,43.31052778,-73.61085556,0,40,0,0,1,1,0,4,1,10,0,10,0,0000000,12,50,12,56,13,1,0,0,0,1,0
36,360176,1,1,0,0,0,1,1,59,2600,20,4,2013,7,4,27,1,2,3,SR-908M,,0,40.686,-73.60192222,0,42,0,0,1,1,0,3,3,2,0,2,0,0000000,4,27,4,30,88,88,0,0,0,1,1
36,360177,2,2,0,0,0,2,2,71,4060,6,2,2013,4,3,34,1,1,1,I-84,,0,41.52170833,-74.10762222,0,12,1,1,18,1,0,1,2,10,0,10,0,0000000,3,34,3,40,99,99,0,0,0,1,0
36,360178,1,1,0,1,1,1,1,103,705,17,2,2013,1,20,0,0,2,3,SR-27A MONTAUK HWY,CONKLIN AVE,0,99.99990000,999.99990000,0,8,0,0,2,3,0,1,3,1,0,1,0,0000000,20,3,20,9,20,15,0,0,0,1,0
36,360179,1,1,0,1,1,1,1,59,1660,18,1,2013,6,10,8,0,6,5,TOWN PATH,NORTHERN BLVD,0,40.80839444,-73.6311,0,8,0,0,3,3,0,1,1,1,0,1,0,0000000,99,99,99,99,99,99,0,0,0,1,0
36,360180,1,1,0,1,1,1,1,103,620,18,2,2013,2,20,3,0,6,5,CALEBS PATH,,0,99.99990000,999.99990000,0,8,0,0,1,1,0,1,2,10,0,10,0,0000000,99,99,99,99,99,99,0,0,0,1,0
36,360181,1,1,0,0,0,1,1,103,2840,21,2,2013,5,15,35,0,6,5,BAGATELLE DR,,0,99.99990000,999.99990000,0,42,0,0,1,1,0,4,1,1,0,1,0,0000000,99,99,15,54,16,14,0,0,0,1,0
36,360182,2,2,0,2,2,1,1,59,4090,5,1,2013,7,11,53,0,16,5,PARK AVE,RAFF AVE,0,40.75192778,-73.621225,0,12,6,0,2,2,0,1,1,1,0,1,0,0000000,99,99,99,99,99,99,23,0,0,1,0
36,360183,4,4,0,0,0,5,5,103,4971,18,2,2013,2,12,55,1,2,3,SR-347 NESCONSET HWY,DAVIS AVE,0,99.99990000,999.99990000,0,12,8,0,2,2,0,1,1,1,0,1,0,0000000,99,99,99,99,99,99,0,0,0,1,0
36,360184,1,1,0,0,0,1,1,57,170,8,4,2013,2,13,38,0,2,3,SR-30,,0,99.99990000,999.99990000,0,35,0,0,1,1,0,4,1,1,0,1,0,0000000,13,39,13,44,14,25,0,0,0,1,0
36,360185,1,1,0,1,1,1,1,101,4620,11,4,2013,5,17,28,0,16,5,DELAWARE AVE,,0,42.15839167,-77.08723611,0,8,0,0,4,1,0,1,1,2,0,2,0,0000000,17,29,17,39,18,48,0,0,0,1,0
36,360186,1,1,0,0,0,1,1,121,4750,23,4,2013,3,13,5,0,6,5,S MAIN ST,,0,42.71254722,-78.00866389,0,42,0,0,8,1,0,4,1,1,0,1,0,0000000,13,5,13,7,13,36,0,0,0,1,0
36,360187,1,1,0,0,0,1,1,15,2800,23,4,2013,3,16,44,0,16,5,S MAIN ST,,0,42.16451944,-76.81890556,0,33,0,0,1,1,0,4,1,10,0,10,0,0000000,16,44,16,48,17,25,0,0,0,1,0
36,360188,1,1,0,0,0,1,1,39,290,27,4,2013,7,17,18,0,2,3,SR-9W,,0,99.99990000,999.99990000,0,24,0,0,1,1,0,4,1,1,0,1,0,0000000,17,18,17,25,88,88,0,0,0,1,1
36,360189,1,1,0,1,1,1,1,59,2600,21,4,2013,1,21,8,0,16,5,FULTON AVE,,0,40.70950278,-73.61902222,0,8,0,0,1,1,0,1,3,10,0,10,0,0000000,21,9,21,15,21,30,0,0,0,1,0
36,360190,2,1,1,0,1,10,11,29,613,18,4,2013,5,7,37,1,1,1,I-90,,4520,99.99990000,999.99990000,0,45,0,0,1,1,2,2,1,10,0,10,0,0000000,7,38,7,50,99,99,0,0,0,3,0
36,360191,2,2,0,0,0,2,2,63,3340,26,4,2013,6,14,37,0,6,5,SUNSET DR,LEETE RD,0,43.19285833,-78.73370556,0,12,6,0,2,2,0,1,1,1,0,1,0,0000000,14,38,14,48,15,28,0,0,0,1,0
36,360192,2,2,0,0,0,3,3,103,2840,15,2,2013,6,18,7,1,13,3,SR-25,,0,99.99990000,999.99990000,0,12,6,0,8,1,0,1,3,10,0,10,0,0000000,99,99,99,99,99,99,0,0,0,1,0
36,360193,3,3,0,0,0,4,4,119,6820,26,4,2013,6,16,22,1,2,3,SR-987D SAW MILL RIVER PKWY,,0,40.94990278,-73.872075,0,12,6,1,18,1,0,1,1,1,0,1,0,0000000,16,33,16,29,88,88,0,0,0,1,0
36,360194,1,1,0,0,0,1,1,81,4170,30,1,2013,4,12,50,0,16,6,222ND ST,115TH RD,0,40.69794167,-73.73667778,0,5,0,0,3,2,0,1,1,10,0,10,0,0000000,99,99,99,99,99,99,0,0,0,1,0
36,360195,1,1,0,1,1,1,1,103,2840,28,2,2013,5,18,0,1,13,3,SR-25A,,0,99.99990000,999.99990000,0,8,0,0,1,1,0,1,3,2,0,2,0,0000000,99,99,99,99,99,99,0,0,0,1,0
36,360196,1,1,0,0,0,2,2,83,1648,13,3,2013,4,5,4,0,2,3,SR-43 3RD AVE EXT,GROVE ST,0,42.63636389,-73.73447778,0,42,0,0,3,3,0,4,2,10,0,10,0,0000000,5,8,5,12,99,99,0,0,0,1,1
36,360197,1,1,0,1,1,1,1,29,750,8,4,2013,2,7,35,0,16,6,OAK ST,,0,42.88411944,-78.87106389,0,8,0,0,1,1,0,1,1,1,0,1,0,0000000,7,37,7,40,7,52,0,0,0,1,0
36,360198,1,1,0,0,0,1,1,105,532,28,4,2013,1,14,40,0,3,3,SR-55,WORMUTH RD,0,41.65976944,-74.84705833,0,32,0,0,3,3,0,4,1,1,0,1,0,0000000,99,99,14,51,16,2,0,0,0,1,0
36,360199,1,1,0,0,0,1,1,97,3860,29,4,2013,2,9,29,0,13,3,SR-224,,0,42.34840556,-76.84419444,0,53,0,0,1,1,0,4,1,1,0,1,0,0000000,9,29,9,31,88,88,0,0,0,1,0
36,360200,2,2,0,0,0,2,2,19,4880,3,5,2013,6,17,18,0,3,3,SR-3,MYRONS PL,0,44.70816944,-73.60378611,0,12,6,0,2,3,0,1,1,1,0,1,0,0000000,17,18,17,21,17,42,0,0,0,1,0
36,360201,2,2,0,0,0,3,3,101,260,18,3,2013,2,17,43,1,1,1,I-86,,0,42.36968333,-77.67730556,0,12,7,1,18,1,0,1,5,4,0,4,0,0000000,17,43,18,0,99,99,0,0,0,1,0
36,360202,1,1,0,0,0,1,1,103,2920,31,3,2013,1,5,13,1,2,3,SR-908M,,0,40.74756944,-73.27506944,0,1,0,0,1,1,0,8,3,1,0,1,0,0000000,5,13,5,25,5,52,0,0,0,1,1
36,360203,1,1,0,0,0,4,4,53,4769,18,4,2013,5,0,31,0,6,5,N BUTLER RD,,0,42.98811389,-75.65999167,0,43,0,0,1,1,0,5,2,10,0,10,0,0000000,0,32,0,47,99,99,0,0,0,1,1
36,360204,1,1,0,1,1,1,1,103,160,5,5,2013,1,0,41,1,13,3,SR-110,,0,99.99990000,999.99990000,0,8,0,0,1,1,0,1,3,1,0,1,0,0000000,0,42,0,46,1,14,19,0,0,1,0
36,360205,1,1,0,0,0,1,1,15,3790,27,4,2013,7,1,0,1,2,3,SR-13,,0,42.27490833,-76.74623056,0,53,0,0,1,1,0,4,2,10,0,10,0,0000000,11,17,11,33,88,88,0,0,0,1,1
36,360206,3,3,0,0,0,4,4,29,2485,3,5,2013,6,12,13,1,13,3,SR-5,ROGERS RD,0,42.75845556,-78.88418889,0,12,6,0,2,3,0,1,1,1,0,1,0,0000000,12,13,12,16,12,37,0,0,0,1,0
36,360207,4,4,0,0,0,4,4,119,640,25,4,2013,5,12,22,0,3,3,SR-100,CHAPPAQUA RD,0,41.16037222,-73.82149167,0,12,99,0,2,2,0,1,1,1,0,1,0,0000000,99,99,99,99,99,99,0,0,0,1,0
36,360208,1,1,0,0,0,2,2,109,4072,19,3,2013,3,14,37,0,6,5,ELMIRA RD,,0,42.38854444,-76.56596944,0,42,0,0,1,1,0,4,1,10,0,10,0,0000000,99,99,99,99,99,99,0,0,0,1,0
36,360209,1,1,0,1,1,1,1,81,4170,23,1,2013,4,18,8,0,16,6,UNION TPK,265TH ST,0,40.74921944,-73.70789722,0,8,0,0,2,3,0,1,3,1,0,1,0,0000000,99,99,99,99,99,99,0,0,0,1,0
36,360210,2,2,0,0,0,2,2,79,900,1,5,2013,4,12,49,0,2,3,SR-6,BELDEN RD,0,41.41212778,-73.691775,0,12,6,0,2,3,0,1,1,1,0,1,0,0000000,12,51,13,4,13,24,0,0,0,1,0
36,360211,1,1,0,0,0,1,1,63,6840,9,5,2013,5,6,55,0,16,5,MAIN ST,CHURCH ST,0,43.24709444,-79.05030833,0,33,0,0,3,3,0,4,4,10,0,10,0,0000000,6,55,6,57,88,88,0,0,0,1,0
36,360212,2,2,0,0,0,2,2,7,1880,18,3,2013,2,15,23,0,6,5,DAY HOLLOW RD,,0,42.11226389,-76.11046667,0,12,6,0,1,1,0,1,1,4,0,4,0,0000000,15,23,15,35,16,24,0,0,0,1,0
36,360213,1,1,0,1,1,1,1,5,4170,17,3,2013,1,15,45,0,16,6,VAN CORTLAND AVE E,MOSHOLU PKWY,0,40.87628611,-73.88271667,0,8,0,0,3,2,0,5,1,1,0,1,0,0000000,15,45,15,52,16,17,0,0,0,1,0
36,360214,1,1,0,1,1,2,2,59,4090,20,4,2013,7,20,9,1,2,3,SR-25A NORTHERN BLVD,,0,99.99990000,999.99990000,0,8,0,0,1,1,0,1,3,1,0,1,0,0000000,99,99,99,99,99,99,0,0,0,1,0
36,360215,2,2,0,0,0,3,3,29,6090,5,5,2013,1,10,32,1,11,1,I-190,I-290,0,99.99990000,999.99990000,0,34,0,1,19,1,0,8,1,1,0,1,0,0000000,10,32,99,99,88,88,0,0,0,1,1
36,360216,1,1,0,0,0,2,2,117,5790,19,4,2013,6,22,16,1,2,3,SR-104,,0,43.21193611,-76.99661389,0,1,0,0,1,1,0,4,2,10,0,10,0,0000000,22,19,22,28,23,3,0,0,0,1,0
36,360217,1,1,0,0,0,2,2,67,4903,28,4,2013,1,19,26,1,2,2,US-20,,0,42.91565278,-75.98218333,0,34,0,0,1,1,0,4,5,1,0,1,0,0000000,19,26,19,34,99,99,0,0,0,2,1
36,360218,1,1,0,0,0,1,1,119,6825,23,4,2013,3,14,7,1,2,3,SR-987G,,0,99.99990000,999.99990000,0,42,0,0,1,1,0,3,1,10,0,10,0,0000000,14,13,14,20,14,38,0,0,0,1,0
36,360219,1,1,0,0,0,1,1,59,2600,5,5,2013,1,6,26,1,2,3,SR-908M SOUTHERN STATE PKWY,,0,40.70101111,-73.49403056,0,30,0,0,1,1,0,4,1,1,0,1,0,0000000,6,27,6,32,6,41,0,0,0,1,1
36,360220,1,1,0,0,0,2,2,43,1916,5,5,2013,1,2,43,0,3,3,SR-28,,0,43.14705833,-74.97530278,0,42,0,0,1,1,0,4,2,1,0,1,0,0000000,2,43,2,55,3,47,0,0,0,2,1
36,360221,2,2,0,1,1,3,3,55,5230,9,5,2013,5,22,13,0,16,5,W MAIN ST,HENION ST,0,43.15061667,-77.63413889,0,8,0,0,3,3,0,1,3,1,0,1,0,0000000,22,13,22,16,22,38,0,0,0,1,0
36,360222,2,2,0,0,0,5,5,89,4538,3,5,2013,6,9,45,1,2,3,SR-37,,0,44.671275,-75.530675,0,12,2,0,1,1,0,1,1,1,0,1,0,0000000,9,45,9,58,10,25,0,0,0,3,1
36,360223,2,2,0,0,0,2,2,101,813,21,4,2013,1,6,35,0,6,5,MEADS CREEK RD,,0,42.24993056,-77.11595278,0,12,2,0,1,1,0,1,1,1,0,1,0,0000000,6,35,6,45,8,30,0,0,0,1,0
36,360224,2,2,0,0,0,3,3,59,2600,27,4,2013,7,13,0,1,13,3,SR-27,ROSE PL,0,40.66733333,-73.53269444,0,12,7,0,2,3,0,1,1,1,0,1,0,0000000,13,2,13,10,13,30,0,0,0,1,0
36,360225,2,2,0,0,0,2,2,47,4170,6,1,2013,1,21,12,0,16,6,CLARKSON AVE,E 38TH ST,0,40.65586389,-73.94238333,0,12,6,0,2,3,0,1,3,1,0,1,0,0000000,99,99,99,99,99,99,0,0,0,1,0
36,360226,1,1,0,1,1,2,2,11,6180,15,3,2013,6,23,46,0,6,5,CAYUGA ST,,0,42.84029444,-76.69266667,0,8,0,0,1,1,0,1,3,1,0,1,0,0000000,99,99,99,99,99,99,0,0,0,1,0
36,360227,1,1,0,0,0,2,2,47,4170,3,3,2013,1,0,8,0,16,6,ATLANTIC AVE,KINGSTON AVE,0,40.67805,-73.94138611,0,21,0,0,3,2,0,4,3,10,0,10,0,0000000,99,99,99,99,99,99,0,0,0,1,0
36,360228,2,2,0,0,0,2,2,103,705,4,3,2013,2,18,15,1,2,3,SR-112,,0,40.85894167,-72.99838611,0,12,2,0,1,1,0,1,3,1,0,1,0,0000000,18,21,18,25,99,99,0,0,0,1,0
36,360229,1,1,0,1,1,1,1,103,705,7,3,2013,5,19,17,1,13,4,CR-46,,0,40.79898889,-72.86617778,0,8,0,0,1,1,0,1,3,3,12,3,0,0000000,99,99,99,99,99,99,0,0,0,1,0
36,360230,1,1,0,0,0,1,1,103,3654,18,3,2013,2,1,5,0,16,6,EXPRESS DR S,,0,99.99990000,999.99990000,0,24,0,0,1,1,0,4,2,1,0,1,0,0000000,1,9,1,17,88,88,0,0,0,1,1
36,360231,1,1,0,1,1,1,1,25,1510,2,3,2013,7,18,57,1,2,3,SR-8,,0,42.09911111,-75.38523889,0,8,0,0,1,1,0,1,2,10,0,10,0,0000000,18,55,19,2,20,8,0,0,0,1,1
36,360232,1,1,0,0,0,1,1,103,5769,10,3,2013,1,4,14,1,2,3,SR-454,SR-347,0,99.99990000,999.99990000,0,42,0,0,1,1,0,3,3,1,0,1,0,0000000,99,99,99,99,99,99,0,0,0,1,1
36,360233,2,1,1,0,0,1,1,103,2920,22,3,2013,6,4,9,0,16,5,LAKELAND AVE,,0,40.77131111,-73.10468889,0,38,0,0,1,1,0,4,1,10,0,10,0,0000000,4,9,4,16,4,55,0,0,0,1,0
36,360234,2,2,0,0,0,2,2,103,2840,25,3,2013,2,2,23,1,1,1,I-495,,0,40.80146111,-73.33268611,0,12,1,0,1,1,0,1,2,1,0,1,0,0000000,99,99,99,99,99,99,0,0,0,1,1
36,360235,1,1,0,0,0,1,1,47,4170,4,4,2013,5,4,17,1,13,6,KINGS HWY,,0,40.64789722,-73.92429444,0,42,0,0,1,1,0,3,2,1,0,1,0,0000000,99,99,99,99,99,99,0,0,0,1,0
36,360236,1,1,0,1,1,2,2,103,705,24,3,2013,1,2,30,0,16,6,EXPRESSWAY DR N,CARROLL AVE,0,99.99990000,999.99990000,0,8,0,0,3,3,0,1,3,1,0,1,0,0000000,2,36,2,38,88,88,0,0,0,1,1