STATE,ST_CASE,VE_TOTAL,VE_FORMS,PVH_INVL,PEDS,PERNOTMVIT,PERMVIT,PERSONS,COUNTY,CITY,DAY,MONTH,YEAR,DAY_WEEK,HOUR,MINUTE,NHS,ROAD_FNC,ROUTE,TWAY_ID,TWAY_ID2,MILEPT,LATITUDE,LONGITUD,SP_JUR,HARM_EV,MAN_COLL,RELJCT1,RELJCT2,TYP_INT,WRK_ZONE,REL_ROAD,LGT_COND,WEATHER1,WEATHER2,WEATHER,SCH_BUS,RAIL,NOT_HOUR,NOT_MIN,ARR_HOUR,ARR_MIN,HOSP_HR,HOSP_MN,CF1,CF2,CF3,FATALS,DRUNK_DR
36,360237,2,2,0,0,0,2,2,119,3480,11,5,2013,7,12,48,0,16,5,MAMARONECK AVE,SAXON DR,0,40.9679,-73.74115833,0,52,0,0,3,4,0,3,1,1,0,1,0,0000000,12,48,12,50,13,16,0,0,0,2,0
36,360238,2,1,1,0,0,1,1,47,4170,10,5,2013,6,19,47,0,16,6,LIBERTY AVE,,0,40.67680278,-73.88011667,0,14,0,0,1,1,0,4,3,10,0,10,0,0000000,19,47,19,54,20,4,0,0,0,1,1
36,360239,1,1,0,0,0,1,1,81,4170,14,5,2013,3,21,58,0,14,6,VERNON BLVD,,0,40.76895,-73.93575833,0,1,0,0,1,1,0,4,3,1,0,1,0,0000000,21,58,99,99,99,99,0,0,0,1,1
36,360240,1,1,0,0,0,1,1,75,2200,15,5,2013,4,22,43,0,6,4,CR-3,,0,43.32558056,-76.49561667,0,42,0,0,1,1,0,4,2,1,0,1,0,0000000,22,43,99,99,88,88,0,0,0,1,1
36,360241,1,1,0,0,0,2,2,97,6480,20,4,2013,7,21,34,0,6,4,CR-19,,0,42.34141111,-76.96414444,0,34,0,0,1,1,0,4,2,1,0,1,0,0000000,21,34,21,45,99,99,0,0,0,1,0
36,360242,2,2,0,0,0,5,5,91,2230,28,4,2013,1,15,16,1,2,3,SR-29,,0,43.05504167,-74.04906111,0,12,2,0,1,1,0,1,1,1,0,1,0,0000000,15,16,15,25,99,99,0,0,0,1,0
36,360243,2,2,0,0,0,2,2,97,1003,17,4,2013,4,5,40,1,2,3,SR-13,,0,99.99990000,999.99990000,0,12,8,0,1,1,0,1,2,10,0,10,0,0000000,5,44,5,55,8,30,0,0,0,1,0
36,360244,2,2,0,0,0,2,2,37,4725,30,4,2013,3,14,27,1,2,3,SR-5,,0,42.99705556,-78.45794167,0,12,2,0,1,1,0,1,1,10,0,10,0,0000000,14,27,14,46,99,99,0,0,0,1,0
36,360245,2,2,0,0,0,2,2,111,3329,2,5,2013,5,22,40,1,2,2,US-9W,,0,99.99990000,999.99990000,0,12,2,0,1,1,0,1,3,1,0,1,0,0000000,22,42,99,99,23,8,0,0,0,1,1
36,360246,1,1,0,1,1,1,1,5,4170,5,1,2013,7,13,2,0,13,6,E TREMONT AVE,,0,40.84368611,-73.88751111,0,8,0,0,1,1,0,1,1,1,0,1,0,0000000,99,99,99,99,99,99,0,0,0,1,0
36,360247,1,1,0,1,1,1,1,61,4170,5,2,2013,3,10,11,0,13,6,W 41ST ST,9TH AVE,0,40.75784722,-73.99305833,0,8,0,0,2,2,0,1,1,99,0,99,0,0000000,99,99,99,99,99,99,0,0,0,1,0
36,360248,2,2,0,0,0,2,2,75,2569,3,5,2013,6,13,4,0,3,3,SR-49,I-82,0,43.28642222,-76.12611667,0,1,0,1,2,4,0,1,1,1,0,1,0,0000000,13,5,13,7,13,47,0,0,0,1,0
36,360249,2,2,0,3,3,6,6,61,4170,6,2,2013,4,14,15,0,13,6,BROADWAY,W 135TH ST,0,40.82009444,-73.95506389,0,12,6,0,2,2,0,1,1,1,0,1,0,0000000,99,99,99,99,99,99,0,0,0,1,0
36,360250,2,2,0,0,0,2,2,71,3840,5,5,2013,1,19,20,0,3,3,SR-17K,COLDENHAM RD,0,41.52563889,-74.15174722,0,12,1,0,2,3,0,1,1,1,0,1,0,0000000,19,20,19,24,19,46,0,0,0,1,0
36,360251,2,2,0,0,0,4,4,103,360,10,5,2013,6,18,37,0,16,5,COMMACK RD,SUBURBAN AVE,0,40.75354444,-73.31633889,0,12,2,0,3,3,0,1,1,1,0,1,0,0000000,99,99,99,99,99,99,0,0,0,2,0
36,360252,1,1,0,0,0,1,1,7,2543,10,5,2013,6,4,21,0,6,5,OUAQUAGA RD,,0,42.13720833,-75.72829722,0,34,0,0,1,1,0,4,2,5,0,5,0,0000000,4,21,4,37,88,88,0,0,0,1,1
36,360253,1,1,0,1,1,2,2,61,4170,28,2,2013,5,7,54,0,14,6,E 117TH ST,1ST AVE,0,40.796675,-73.93488889,0,8,0,0,2,2,0,1,1,1,0,1,0,0000000,99,99,99,99,99,99,0,0,0,1,0
36,360254,1,1,0,0,0,1,1,63,3340,18,5,2013,7,18,6,0,6,5,PLANK RD,,0,43.20881944,-78.79659444,0,31,0,0,1,1,0,4,1,1,0,1,0,0000000,18,8,18,18,99,99,0,0,0,1,1
36,360255,2,2,0,0,0,3,3,111,3329,20,4,2013,7,21,52,1,2,2,US-9W,SR-299,0,41.74203889,-73.964125,0,12,6,0,2,2,0,1,3,1,0,1,0,0000000,21,52,21,58,22,35,0,0,0,1,0
36,360256,2,2,0,0,0,2,2,59,2600,20,5,2013,2,19,48,0,2,3,SR-135,,0,40.69811111,-73.49177222,0,33,0,0,1,1,0,3,1,1,0,1,0,0000000,19,49,19,50,88,88,0,0,0,1,0
36,360257,2,2,0,0,0,2,2,29,1500,17,5,2013,6,15,24,1,13,3,SR-78,AIRVIEW TER,0,42.92381389,-78.69690833,0,12,6,0,3,3,0,11,1,1,0,1,0,0000000,16,9,17,9,88,88,0,0,0,1,0
36,360258,1,1,0,9,9,2,2,47,4170,30,3,2013,7,18,47,0,13,6,UTICA AVE,CHURCH AVE,0,40.65170833,-73.93051667,0,8,0,0,3,2,0,4,1,1,0,1,0,0000000,99,99,99,99,99,99,0,0,0,1,0
36,360259,1,1,0,0,0,1,1,13,2150,21,5,2013,3,21,50,0,6,5,CHESTNUT RD,,0,42.45601111,-79.36242222,0,42,0,0,1,1,0,4,2,1,0,1,0,0000000,21,52,22,0,88,88,0,0,0,1,1
36,360260,1,1,0,1,1,1,1,61,4170,29,1,2013,3,19,50,0,16,6,YORK AVE,E 69TH ST,0,40.76488889,-73.95516111,0,8,0,0,2,3,0,1,3,2,0,2,0,0000000,99,99,99,99,99,99,0,0,0,1,0
36,360261,1,1,0,2,2,1,1,5,4170,1,4,2013,2,4,23,0,13,6,BRUCKNER BLVD,,0,40.80401389,-73.91285278,0,8,0,0,1,1,0,1,3,1,0,1,0,0000000,99,99,99,99,99,99,0,0,0,2,0
36,360262,2,2,0,1,1,2,2,47,4170,8,3,2013,6,4,35,0,16,6,59TH ST,NEW UTRECHT AVE,0,40.62843333,-73.99628889,0,9,0,0,2,2,0,1,3,4,0,4,0,0000000,99,99,99,99,88,88,0,0,0,1,0
36,360263,1,1,0,0,0,1,1,29,1170,5,5,2013,1,9,32,0,6,5,KRAUS RD,,0,43.00091667,-78.61696944,0,53,0,0,1,1,0,4,1,1,0,1,0,0000000,8,33,9,37,10,28,0,0,0,1,0
36,360264,2,2,0,0,0,2,2,103,5210,17,5,2013,6,6,18,1,2,3,SR-25A,,0,99.99990000,999.99990000,0,12,1,0,1,1,0,1,1,1,0,1,0,0000000,6,18,6,22,99,99,0,0,0,1,0
36,360265,2,2,0,0,0,2,2,15,1850,18,5,2013,7,11,15,0,2,3,SR-328,S BROADWAY,0,42.05415278,-76.82002222,0,12,6,0,2,2,0,1,1,1,0,1,0,0000000,11,16,11,25,11,47,0,0,0,1,0
36,360266,1,1,0,0,0,1,1,119,1083,26,5,2013,1,6,5,0,2,3,SR-134,,0,41.1952,-73.83599722,0,30,0,0,1,1,0,4,1,1,0,1,0,0000000,6,7,6,14,6,51,0,0,0,1,1
36,360267,1,1,0,1,1,1,1,101,1250,9,5,2013,5,20,20,0,6,4,CR-26,,0,99.99990000,999.99990000,0,9,0,0,1,1,0,1,1,1,0,1,0,0000000,99,99,99,99,88,88,0,0,0,1,1
36,360268,2,2,0,0,0,4,4,75,4800,29,5,2013,4,13,45,0,6,4,CR-57,,0,43.26235,-76.34486667,0,12,6,0,8,1,0,1,1,1,0,1,0,0000000,13,45,13,50,14,11,0,0,0,1,0
36,360269,2,2,0,0,0,3,3,47,4170,22,4,2013,2,20,9,1,13,6,FLATBUSH AVE,TILLARY ST,0,40.69610556,-73.98463611,0,12,6,0,2,2,0,1,3,1,0,1,0,0000000,99,99,99,99,99,99,0,0,0,1,0
36,360270,1,1,0,0,0,1,1,55,1160,19,5,2013,1,22,17,1,2,3,SR-33A,STUART AVE,0,43.08287778,-77.81603889,0,34,0,0,3,4,0,4,3,1,0,1,0,0000000,22,17,22,25,23,5,0,0,0,1,1
36,360271,1,1,0,1,1,1,1,91,2484,2,6,2013,1,3,26,0,2,3,SR-4,,0,42.85355,-73.67609722,0,8,0,0,1,1,0,2,3,1,0,1,0,0000000,99,99,99,99,99,99,0,0,0,1,0
36,360272,2,2,0,0,0,6,6,71,1169,23,5,2013,5,17,31,1,1,1,I-84,,0,41.44438611,-74.37408611,0,12,6,1,5,1,0,1,1,2,0,2,0,0000000,17,31,17,40,18,20,0,0,0,1,0
36,360273,2,2,0,0,0,2,2,47,4170,11,3,2013,2,4,46,0,13,6,JAMAICA AVE,EUCLID AVE,0,40.68864722,-73.87545278,0,12,1,0,3,2,0,1,3,1,0,1,0,0000000,99,99,99,99,99,99,0,0,0,1,1
36,360274,1,1,0,1,1,1,1,47,4170,1,4,2013,2,6,17,0,13,6,4TH AVE,,0,40.62250833,-74.02843611,0,8,0,0,1,1,0,1,1,1,0,1,0,0000000,99,99,99,99,99,99,0,0,0,1,0
36,360275,1,1,0,0,0,1,1,81,4170,18,3,2013,2,19,16,0,16,6,FRANCIS LEWIS BLVD,,0,40.68689167,-73.73811667,0,42,0,0,1,1,0,4,3,4,0,4,0,0000000,99,99,99,99,99,99,0,0,0,1,0
36,360276,2,1,1,0,0,1,1,81,4170,31,5,2013,6,19,39,0,16,6,CRAFT ST,255TH ST,0,40.65030278,-73.734925,0,14,0,0,3,3,0,7,1,1,0,1,0,0000000,99,99,99,99,99,99,0,0,0,1,1
36,360277,2,2,0,0,0,2,2,47,4170,9,4,2013,3,20,28,0,16,6,KINGS HWY,CLARENDON RD,0,40.64470556,-73.92495556,0,12,6,0,2,2,0,1,3,1,0,1,0,0000000,20,28,20,29,99,99,0,0,0,1,0
36,360278,2,2,0,0,0,3,3,65,6275,23,4,2013,3,19,21,1,2,3,SR-365,HILL RD,0,43.11391111,-75.59784722,0,12,11,0,2,3,0,1,1,1,0,1,0,0000000,19,21,19,28,99,99,0,0,0,1,0
36,360279,1,1,0,0,0,6,6,23,1380,29,5,2013,4,9,36,0,16,6,W MAIN ST,FLORAL AVE,0,42.60807222,-76.19321667,0,5,0,0,2,3,0,1,1,1,0,1,0,0000000,9,38,9,40,9,59,0,0,0,1,0
36,360280,2,2,0,0,0,3,3,113,3105,17,5,2013,6,21,21,0,6,5,CALL ST,,0,43.25804722,-73.80943333,0,12,2,0,1,1,0,1,2,1,0,1,0,0000000,21,21,21,33,23,0,0,0,0,2,0
36,360281,1,1,0,1,1,1,1,59,4600,29,5,2013,4,20,55,0,16,5,OLD COUNTRY RD,,0,40.77130278,-73.49333056,0,8,0,0,1,1,0,1,3,1,0,1,0,0000000,20,56,21,1,21,20,0,0,0,1,0
36,360282,2,2,0,0,0,10,10,23,6125,29,5,2013,4,18,6,1,2,3,SR-13,,0,42.71334444,-75.99372778,0,54,11,0,1,1,0,1,1,10,0,10,0,0000000,18,9,18,14,2,10,14,0,0,7,0
36,360283,1,1,0,0,0,1,1,75,1312,21,5,2013,3,21,37,0,6,4,CR-23,,0,43.25585556,-76.00318333,0,42,0,0,1,1,0,4,2,2,0,2,0,0000000,21,37,21,39,22,28,0,0,0,1,1
36,360284,2,2,0,0,0,2,2,113,3100,4,6,2013,3,0,33,1,1,1,I-87,,0,99.99990000,999.99990000,0,12,2,0,1,1,0,1,2,1,0,1,0,0000000,0,33,0,39,88,88,0,0,0,1,0
36,360285,1,1,0,0,0,1,1,115,9997,1,6,2013,7,20,8,0,6,5,ASHGROVE RD,,0,43.0216,-73.34720556,0,42,0,0,1,1,0,4,5,1,0,1,0,0000000,20,8,20,15,88,88,0,0,0,1,1
36,360286,1,1,0,0,0,1,1,63,5081,10,6,2013,2,12,41,0,6,6,PORTER CENTER RD,,0,43.26003056,-78.95386667,0,42,0,0,1,1,0,4,1,2,0,2,0,0000000,12,42,12,51,13,15,0,0,0,1,1
36,360287,1,1,0,0,0,1,1,103,360,10,3,2013,1,5,0,0,16,5,CONKLIN ST,,0,40.74139722,-73.41302222,0,38,0,0,1,1,0,4,2,1,0,1,0,0000000,99,99,99,99,99,99,0,0,0,1,1
36,360288,3,3,0,0,0,3,3,59,4600,3,6,2013,2,9,59,1,13,3,SR-25,OLDE HAMLET DR,0,40.78919444,-73.54466111,0,12,1,0,3,2,0,1,1,2,0,2,0,0000000,99,99,99,99,99,99,0,0,0,1,0
36,360289,1,1,0,1,1,1,1,85,4170,29,3,2013,6,17,40,1,13,6,HYLAN BLVD,TYSENS LN,0,40.56396667,-74.11643889,0,8,0,0,2,2,0,1,1,1,0,1,0,0000000,99,99,99,99,99,99,0,0,0,1,0
36,360290,1,1,0,1,1,1,1,103,2920,6,4,2013,7,5,2,1,13,3,SR-27,,0,99.99990000,999.99990000,0,8,0,0,1,1,0,1,2,1,0,1,0,0000000,99,99,99,99,88,88,0,0,0,1,0
36,360291,1,1,0,1,1,1,1,103,2920,4,4,2013,5,22,45,0,16,5,JEFFERSON AVE,,0,40.79746389,-73.25065,0,8,0,0,1,1,0,1,3,10,0,10,0,0000000,99,99,99,99,88,88,0,0,0,1,0
36,360292,2,2,0,0,0,2,2,103,360,5,4,2013,6,16,8,0,16,5,GREAT E NECK RD,CROCUS CT,0,40.69128611,-73.34516944,0,12,6,0,2,2,0,1,1,1,0,1,0,0000000,16,7,16,11,16,31,0,0,0,1,1
36,360293,1,1,0,0,0,1,1,103,705,11,4,2013,5,17,6,0,16,4,CR-16,SR-112,0,99.99990000,999.99990000,0,42,0,0,3,2,0,4,1,10,0,10,0,0000000,99,99,99,99,99,99,0,0,0,1,0
36,360294,3,3,0,0,0,5,5,103,705,15,4,2013,2,14,37,1,13,4,CR-83,CANAL RD,0,40.91404444,-73.00686944,0,12,6,0,2,2,0,1,1,1,0,1,0,0000000,99,99,99,99,99,99,0,0,0,2,0
36,360295,1,1,0,1,1,1,1,103,705,9,4,2013,3,12,45,0,16,5,OLD S COUNTRY RD,,0,40.79735278,-72.90242222,0,8,0,0,8,1,0,1,1,1,0,1,0,0000000,99,99,99,99,99,99,0,0,0,1,0
36,360296,2,2,0,0,0,2,2,103,705,18,4,2013,5,12,40,1,13,4,CR-83,SUMMERFIELD DR,0,40.81039167,-73.01964722,0,12,2,0,3,2,0,1,1,1,0,1,0,0000000,12,41,12,46,99,99,0,0,0,1,0
36,360297,1,1,0,0,0,1,1,71,1431,23,4,2013,3,20,33,1,2,2,US-209,,0,41.47618611,-74.58815,0,42,0,0,1,1,0,4,2,1,0,1,0,0000000,99,99,99,99,99,99,0,0,0,1,1
36,360298,1,1,0,5,5,1,1,81,4170,11,3,2013,2,10,57,0,13,6,THOMSON AVE,SKILLMAN AVE,0,40.74521111,-73.93758333,0,59,0,0,3,2,0,4,1,1,0,1,0,0000000,99,99,99,99,99,99,0,0,0,1,0
36,360299,2,2,0,0,0,2,2,103,3590,25,4,2013,5,18,55,0,16,5,LONGFELLOW DR,,0,40.76509167,-72.83778333,0,12,1,0,8,1,0,1,5,1,0,1,0,0000000,18,55,18,57,99,99,0,0,0,1,1
36,360300,1,1,0,1,1,2,2,61,4170,6,4,2013,7,4,33,0,13,6,8TH AVE,,0,40.81560278,-73.94718889,0,8,0,0,1,1,0,1,3,1,0,1,0,0000000,99,99,99,99,99,99,0,0,0,1,0
36,360301,2,1,1,0,0,1,1,81,4170,25,2,2013,2,18,51,0,16,6,167TH ST,75TH AVE,0,40.72744444,-73.80208056,0,14,0,0,3,2,0,7,3,10,0,10,0,0000000,99,99,99,99,99,99,0,0,0,1,0
36,360302,1,1,0,1,1,1,1,103,2920,1,1,2013,3,21,5,0,2,3,SR-111 ISLIP AVE,LEMON ST,0,40.77732222,-73.21546667,0,8,0,0,3,3,0,1,3,1,0,1,0,0000000,21,8,21,13,21,23,0,0,0,1,0
36,360303,1,1,0,0,0,4,4,103,2840,18,2,2013,2,4,17,1,2,3,SR-908G,,0,40.82432222,-73.34007222,0,30,0,0,1,1,0,4,3,1,0,1,0,0000000,4,17,4,21,4,36,0,0,0,1,1
36,360304,1,1,0,0,0,1,1,67,4903,1,3,2013,6,3,32,0,2,3,SR-91,,0,42.92605278,-76.03205833,0,52,0,0,1,1,0,4,2,4,5,4,0,0000000,3,32,3,46,88,88,0,0,0,1,0
36,360305,1,1,0,0,0,3,3,103,2920,3,3,2013,1,1,31,1,2,7,SR-27 SERVICE RD,,0,40.778275,-73.02136389,0,38,0,1,5,1,0,10,2,10,0,10,0,0000000,99,99,99,99,99,99,0,0,0,1,1
36,360306,2,2,0,0,0,3,3,81,4170,17,3,2013,1,3,20,0,16,6,GRAND CENTRAL PKWY,,0,40.72105,-73.780775,0,24,0,0,1,1,0,4,3,1,0,1,0,0000000,99,99,99,99,88,88,0,0,0,1,1
36,360307,1,1,0,1,1,1,1,35,2310,15,4,2013,2,17,32,0,16,6,E PINE ST,BLOOMINGDALE AVE,0,43.04472778,-74.34418333,0,9,0,0,2,3,0,1,1,1,0,1,0,0000000,99,99,99,99,99,99,0,0,0,1,0
36,360308,1,1,0,1,1,1,1,47,4170,17,4,2013,4,15,51,0,16,6,FOSTER AVE,E 83RD ST,0,40.64191944,-73.91661667,0,8,0,0,3,2,0,1,1,98,99,98,0,0000000,99,99,99,99,99,99,0,0,0,1,0
36,360309,1,1,0,1,1,1,1,103,705,26,4,2013,6,0,6,0,16,6,MAIN ST,GROVE AVE,0,40.79984444,-72.78740278,0,8,0,0,2,3,0,1,3,1,0,1,0,0000000,99,99,99,99,99,99,0,0,0,1,0
36,360310,2,2,0,0,0,2,2,103,705,25,4,2013,5,16,52,0,6,4,CR-21,,0,40.90668333,-72.94252222,0,12,2,0,1,1,0,1,1,1,0,1,0,0000000,16,52,17,0,17,40,0,0,0,1,0
36,360311,1,1,0,1,1,1,1,5,4170,29,1,2013,3,14,13,1,13,6,GRAND CONCOURSE,E FORDHAM RD,0,40.86269444,-73.89713056,0,8,0,0,3,2,0,1,1,10,0,10,0,0000000,99,99,99,99,99,99,0,0,0,1,0
36,360312,1,1,0,1,1,1,1,61,4170,23,2,2013,7,1,0,1,2,3,SR-907L FDR DR,,0,40.76063611,-73.95621389,0,8,0,0,1,1,0,1,3,2,0,2,0,0000000,99,99,99,99,99,99,0,0,0,1,0
36,360313,1,1,0,1,1,1,1,61,4170,9,3,2013,7,2,55,0,13,6,12TH AVE,W 24TH ST,0,40.75041111,-74.00846944,0,8,0,0,3,3,0,1,3,10,0,10,0,0000000,99,99,99,99,99,99,0,0,0,1,0
36,360314,3,2,1,0,0,4,4,47,4170,3,3,2013,1,0,12,0,16,6,KENT AVE,WILSON ST,0,40.70313056,-73.965825,0,12,6,0,2,3,0,1,3,10,0,10,0,0000000,99,99,99,99,99,99,0,0,0,2,0
36,360315,1,1,0,1,1,1,1,5,4170,11,3,2013,2,19,50,0,16,6,SOUNDVIEW AVE,TAYLOR AVE,0,40.81739444,-73.86201944,0,8,0,0,2,4,0,1,3,10,0,10,0,0000000,99,99,99,99,99,99,0,0,0,1,0
36,360316,1,1,0,1,1,2,2,47,4170,30,4,2013,3,10,38,0,16,6,4TH AVE,82ND ST,0,99.99990000,999.99990000,0,8,0,0,2,2,0,1,1,1,0,1,0,0000000,99,99,99,99,99,99,0,0,0,1,0
36,360317,5,5,0,1,1,5,5,71,1169,23,3,2013,7,21,48,1,1,1,I-84,,0,99.99990000,999.99990000,0,8,0,0,1,1,0,1,2,1,0,1,0,0000000,21,48,21,48,23,50,0,0,0,1,0
36,360318,2,2,0,1,1,5,5,61,4170,30,4,2013,3,17,27,0,14,6,ST NICHOLAS AVE,W 116TH ST,0,40.80335,-73.95275556,0,8,0,0,2,2,0,1,1,1,0,1,0,0000000,99,99,99,99,99,99,0,0,0,1,0
36,360319,1,1,0,0,0,1,1,45,1981,15,5,2013,4,1,45,1,2,3,SR-12,,0,43.91533056,-75.76181667,0,34,0,0,1,1,0,4,2,1,0,1,0,0000000,1,45,1,54,88,88,0,0,0,1,1
36,360320,1,1,0,0,0,1,1,59,4090,25,5,2013,7,23,49,1,2,3,SR-908G,,0,99.99990000,999.99990000,0,33,0,0,1,1,0,4,2,10,0,10,0,0000000,99,99,99,99,99,99,0,0,0,1,1
36,360321,1,1,0,1,1,1,1,67,1179,2,5,2013,5,19,21,0,16,5,OSWEGO RD,PROVO DR,0,43.16837222,-76.24135556,0,9,0,0,2,3,0,1,1,10,0,10,0,0000000,19,21,19,26,19,49,0,0,0,1,0
36,360322,1,1,0,2,2,1,1,19,1080,20,5,2013,2,20,46,0,6,4,CR-17,,0,44.9924,-73.46473333,0,8,0,0,1,1,0,1,5,1,0,1,0,0000000,20,46,20,54,21,24,0,0,0,1,1
36,360323,1,1,0,0,0,3,3,67,1539,26,5,2013,1,12,20,1,1,1,I-90,,2771,43.09299722,-76.16416944,0,34,0,0,1,1,0,4,1,1,0,1,0,0000000,12,20,12,23,13,1,0,0,0,1,0
36,360324,1,1,0,0,0,1,1,29,1117,31,5,2013,6,15,18,0,6,5,BENNETT RD,,0,42.89018056,-78.74518056,0,59,0,0,1,1,0,4,1,1,0,1,0,0000000,15,18,15,20,88,88,0,0,0,1,1
36,360325,1,1,0,1,1,1,1,65,6012,29,5,2013,4,20,39,0,6,5,VIENNA RD,,0,43.20963889,-75.72175556,0,9,0,0,1,1,0,1,5,10,0,10,0,0000000,20,39,20,42,21,25,0,0,0,1,1
36,360326,1,1,0,0,0,1,1,77,3750,1,6,2013,7,14,53,0,6,4,CR-46,,0,42.58411111,-74.98216667,0,34,0,0,1,1,0,4,1,1,0,1,0,0000000,14,56,14,59,15,40,0,0,0,1,0
36,360327,1,1,0,0,0,2,2,55,1740,2,6,2013,1,14,11,0,16,5,MAIN ST,W HICKORY ST,0,43.11166389,-77.49621111,0,18,0,0,3,3,0,1,1,1,0,1,0,0000000,14,11,14,17,99,99,0,0,0,1,0
36,360328,3,2,1,0,0,2,2,67,6010,9,4,2013,3,11,6,0,16,3,SR-290,RIGI AVE,0,43.06897778,-76.1041,0,14,0,0,2,3,0,1,1,10,0,10,0,0000000,11,7,11,13,11,30,0,0,0,1,0
36,360329,1,1,0,0,0,2,2,55,2248,2,6,2013,1,3,24,1,2,3,SR-531,,0,43.15900833,-77.73345,0,35,0,0,1,1,0,4,3,2,0,2,0,0000000,3,24,3,30,99,99,0,0,0,1,1
36,360330,1,1,0,0,0,2,2,117,3430,10,6,2013,2,3,5,0,6,5,CANANDAIGUA RD,,0,43.05298056,-77.31310278,0,30,0,0,1,1,0,4,2,10,0,10,0,0000000,3,8,3,14,88,88,0,0,0,2,0
36,360331,3,3,0,0,0,4,4,71,2695,2,6,2013,1,1,16,1,1,1,I-87,,0,99.99990000,999.99990000,0,12,1,0,1,1,0,1,2,1,0,1,0,0000000,99,99,99,99,99,99,0,0,0,2,2
36,360332,2,1,1,2,2,1,1,61,4170,4,6,2013,3,8,15,0,16,6,AMSTERDAM AVE,W 97TH ST,0,40.79475833,-73.96988333,0,8,0,0,3,2,0,4,1,1,0,1,0,0000000,8,15,8,17,8,27,20,0,0,1,0
36,360333,1,1,0,0,0,1,1,75,2569,3,6,2013,2,21,1,0,6,5,HOGSBACK RD,,0,43.35445,-76.13440833,0,42,0,0,1,1,0,4,2,1,0,1,0,0000000,21,1,21,8,21,46,0,0,0,1,1
36,360334,1,1,0,0,0,5,5,47,4170,13,5,2013,2,3,54,1,12,6,WILLIAMSBURGH BRIDGE,,0,40.71003889,-73.96015,0,26,0,1,5,1,0,4,3,1,0,1,0,0000000,99,99,99,99,99,99,0,0,0,1,1
36,360335,1,1,0,1,1,1,1,61,4170,2,6,2013,1,6,2,0,14,6,PARK AVE,108TH ST,0,40.79425833,-73.94703056,0,9,0,0,3,2,0,1,3,1,0,1,0,0000000,99,99,99,99,99,99,0,0,0,1,0
36,360336,1,1,0,1,1,1,1,29,6090,5,6,2013,4,5,10,1,2,2,US-62 NIAGARA FALLS BLVD,WILLOWBRIDGE DR,0,43.01236944,-78.82224444,0,8,0,0,2,2,0,1,3,10,0,10,0,0000000,5,11,99,99,88,88,0,0,0,1,0
36,360337,2,2,0,0,0,2,2,29,1170,5,6,2013,4,8,56,1,13,3,SR-5,,0,42.96496944,-78.68103333,0,12,2,0,1,1,0,1,1,1,0,1,0,0000000,8,56,8,59,13,0,20,0,0,1,0
36,360338,1,1,0,0,0,1,1,89,1993,8,6,2013,7,22,33,0,6,5,COFFIN MILLS RD,,0,99.99990000,999.99990000,0,30,0,0,1,1,0,4,2,10,0,10,0,0000000,22,34,22,46,22,54,0,0,0,1,1
36,360339,1,1,0,0,0,1,1,59,2600,7,6,2013,6,10,48,1,2,3,SR-908T,,0,40.73111111,-73.54145556,0,42,0,0,1,1,0,4,1,2,0,2,0,0000000,10,48,99,99,99,99,0,0,0,1,0
36,360340,1,1,0,1,1,1,1,91,5470,7,6,2013,6,15,38,1,2,3,SR-50 BALLSTON AVE,HAMILTON ST,0,43.07496667,-73.78834167,0,8,0,0,2,2,0,1,1,2,0,2,0,0000000,15,38,15,41,15,54,0,0,0,1,1
36,360341,1,1,0,0,0,3,3,65,6308,8,6,2013,7,2,22,0,6,5,VIENNA RD,,0,43.21553333,-75.71730833,0,42,0,0,1,1,0,4,2,2,0,2,0,0000000,5,9,6,20,11,15,0,0,0,2,1
36,360342,2,2,0,0,0,2,2,105,3230,7,6,2013,6,8,56,1,2,3,SR-55,FERNDALE LOOMIS RD,0,41.77853611,-74.76265278,0,12,6,0,2,2,0,1,1,2,0,2,0,0000000,8,57,9,1,9,38,0,0,0,1,0
36,360343,2,2,0,0,0,2,2,67,6010,2,3,2013,7,0,43,0,16,6,COMSTOCK AVE,ACORN PATH,0,43.03055556,-76.12927222,0,12,6,0,2,3,0,1,3,10,0,10,0,0000000,0,45,0,50,1,5,0,0,0,1,1
36,360344,1,1,0,0,0,1,1,17,2400,3,6,2013,2,18,59,0,2,3,SR-41,SR-220,0,99.99990000,999.99990000,0,59,0,0,3,4,0,4,1,1,0,1,0,0000000,18,59,19,5,20,50,0,0,0,1,0
36,360345,1,1,0,1,1,1,1,81,4170,7,1,2013,2,6,59,0,16,6,MAIN ST,57TH RD,0,40.74610833,-73.82613333,0,8,0,0,3,3,0,1,1,1,0,1,0,0000000,99,99,99,99,99,99,0,0,0,1,0
36,360346,11,3,8,1,1,3,3,59,4090,8,6,2013,7,8,28,1,2,3,SR-25A NORTHERN BLVD,,0,40.78826944,-73.70593333,0,39,0,0,1,1,0,4,1,1,0,1,0,0000000,99,99,99,99,99,99,0,0,0,1,0
36,360347,1,1,0,1,1,1,1,81,4170,26,3,2013,3,11,54,1,13,3,SR-907D,,0,99.99990000,999.99990000,0,8,0,0,1,1,0,1,1,10,0,10,0,0000000,99,99,99,99,99,99,0,0,0,1,0
36,360348,2,2,0,0,0,2,2,117,3430,21,3,2013,5,21,40,0,3,3,SR-31,,0,43.06092222,-77.26711111,0,12,2,0,1,1,0,1,2,4,0,4,0,0000000,22,23,22,50,99,99,0,0,0,1,0