STATE,ST_CASE,VE_TOTAL,VE_FORMS,PVH_INVL,PEDS,PERNOTMVIT,PERMVIT,PERSONS,COUNTY,CITY,DAY,MONTH,YEAR,DAY_WEEK,HOUR,MINUTE,NHS,ROAD_FNC,ROUTE,TWAY_ID,TWAY_ID2,MILEPT,LATITUDE,LONGITUD,SP_JUR,HARM_EV,MAN_COLL,RELJCT1,RELJCT2,TYP_INT,WRK_ZONE,REL_ROAD,LGT_COND,WEATHER1,WEATHER2,WEATHER,SCH_BUS,RAIL,NOT_HOUR,NOT_MIN,ARR_HOUR,ARR_MIN,HOSP_HR,HOSP_MN,CF1,CF2,CF3,FATALS,DRUNK_DR
36,360349,1,1,0,1,1,1,1,81,4170,13,2,2013,4,20,58,0,16,6,WOODHAVEN BLVD,JAMAICA AVE,0,40.69366111,-73.85204444,0,8,0,0,2,2,0,1,3,10,0,10,0,0000000,99,99,99,99,99,99,0,0,0,1,0
36,360350,1,1,0,0,0,1,1,81,4170,19,1,2013,7,22,14,0,13,6,S CONDUIT AVE,,0,40.67331667,-73.85874722,0,42,0,0,1,1,0,4,3,1,0,1,0,0000000,99,99,99,99,99,99,0,0,0,1,1
36,360351,1,1,0,1,1,1,1,119,2585,26,2,2013,3,8,20,0,6,5,COMMERCE ST,ELWOOD AVE,0,41.11090556,-73.79468333,0,8,0,0,1,1,0,1,2,10,0,10,0,0000000,99,99,99,99,99,99,0,0,0,1,0
36,360352,1,1,0,1,1,1,1,81,4170,26,3,2013,3,23,16,1,13,6,ASTORIA BLVD,47TH ST,0,40.76813611,-73.90381667,0,8,0,0,2,2,0,1,3,1,0,1,0,0000000,99,99,99,99,99,99,0,0,0,1,0
36,360353,2,2,0,0,0,3,3,59,2600,11,4,2013,5,9,25,0,16,5,FRANKLIN AVE,GAVRIN BLVD,0,40.69305278,-73.68364722,0,12,6,0,2,3,0,1,1,10,0,10,0,0000000,99,99,99,99,99,99,0,0,0,1,0
36,360354,2,2,0,0,0,3,3,59,4600,29,3,2013,6,10,45,0,6,5,MANETTO HILL RD,SALLY LANE,0,40.79475556,-73.47926944,0,12,6,0,2,2,0,1,1,1,0,1,0,0000000,99,99,99,99,99,99,0,0,0,1,0
36,360355,2,2,0,0,0,3,3,103,620,16,4,2013,3,4,19,0,16,5,SUFFOLK AVE,BRENTWOOD PARKWAY,0,40.78172778,-73.24389444,0,12,6,0,2,3,0,1,3,1,0,1,0,0000000,99,99,99,99,99,99,0,0,0,1,0
36,360356,1,1,0,1,1,1,1,103,705,2,5,2013,5,16,17,1,2,3,SR-25 MIDDLE COUNTRY RD,S WASHINGTON AVE,0,40.85828889,-73.089425,0,8,0,0,2,2,0,1,1,1,0,1,0,0000000,99,99,99,99,99,99,0,0,0,1,0
36,360357,2,2,0,0,0,2,2,103,2840,2,5,2013,5,4,50,0,16,5,VANDERBILT PARKWAY,COMMACK RD,0,40.81686389,-73.29371667,0,12,6,0,2,2,0,1,3,1,0,1,0,0000000,99,99,5,8,88,88,0,0,0,1,0
36,360358,4,2,2,3,3,2,2,81,4170,23,4,2013,3,11,40,0,16,6,126TH ST,35TH AVE,0,40.75906389,-73.84511944,0,12,1,0,2,3,0,1,1,1,0,1,0,0000000,99,99,99,99,99,99,0,0,0,1,0
36,360359,2,2,0,0,0,2,2,103,705,5,5,2013,1,14,40,0,16,5,CR-101 E PATCHOGUE-YAPHANK RD,EXPRESS DR N,0,40.82958333,-72.938075,0,12,6,0,2,2,0,1,1,1,0,1,0,0000000,14,44,14,46,88,88,0,0,0,1,0
36,360360,2,2,0,0,0,2,2,103,705,11,5,2013,7,19,40,1,2,3,SR-25A BYPASS,,0,99.99990000,999.99990000,0,12,2,0,1,1,1,1,5,10,0,10,0,0000000,19,42,19,45,20,0,0,0,0,1,1
36,360361,1,1,0,0,0,2,2,103,2840,18,5,2013,7,17,25,0,16,5,W SHORE RD,,0,40.89488056,-73.42488611,0,24,0,0,1,1,0,4,1,2,0,2,0,0000000,17,29,17,40,17,50,0,0,0,1,0
36,360362,1,1,0,0,0,1,1,103,5675,19,5,2013,1,11,50,1,2,4,CR-46 WILLIAM FLOYD PARKWAY,,0,40.77150833,-72.86792778,0,42,0,0,1,1,0,4,1,2,0,2,0,0000000,99,99,99,99,99,99,0,0,0,1,0
36,360363,1,1,0,0,0,1,1,103,360,26,5,2013,1,0,18,1,2,3,SR-109,,0,40.71740833,-73.4018,0,30,0,0,1,1,0,4,2,10,0,10,0,0000000,0,18,0,27,0,55,0,0,0,1,0
36,360364,1,1,0,0,0,1,1,119,4309,20,5,2013,2,18,40,1,1,1,I-684,HARDSCRABBLE RD,0,99.99990000,999.99990000,0,1,0,1,17,1,0,1,1,1,0,1,0,0000000,18,42,18,50,19,15,0,0,0,1,0
36,360365,1,1,0,1,1,1,1,103,3590,22,5,2013,4,8,37,0,6,5,MASTIC RD,PRESIDENT RD,0,40.76873333,-72.85170833,0,8,0,0,2,2,0,1,1,10,0,10,0,0000000,99,99,99,99,99,99,0,0,0,1,0
36,360366,2,2,0,0,0,4,4,59,2240,29,5,2013,4,11,53,0,16,5,STEWART AVE,ROXBURY RD,0,40.72473889,-73.663625,0,12,1,0,2,2,0,1,1,1,0,1,0,0000000,11,55,11,55,12,10,0,0,0,1,0
36,360367,2,2,0,0,0,2,2,71,814,1,6,2013,7,18,50,0,2,3,SR-416,,0,41.49004722,-74.255225,0,12,6,0,8,1,0,1,1,1,0,1,0,0000000,18,50,18,58,19,45,0,0,0,1,0
36,360368,1,1,0,2,2,1,1,59,4600,11,6,2013,3,15,45,0,16,5,MAIN ST,,0,40.71399167,-73.43279444,0,8,0,0,1,1,0,1,1,10,0,10,0,0000000,15,46,15,51,16,14,0,0,0,1,0
36,360369,2,2,0,0,0,2,2,73,60,10,6,2013,2,10,49,0,2,3,SR-98,,0,43.34205278,-78.19060278,0,12,6,0,1,1,0,1,1,2,0,2,0,0000000,10,49,10,50,88,88,0,0,0,1,0
36,360370,1,1,0,0,0,5,5,53,4019,14,5,2013,3,16,5,1,2,2,US-20,,0,42.914325,-75.76152222,0,24,0,0,1,1,0,4,1,10,0,10,0,0000000,99,99,99,99,99,99,0,0,0,1,0
36,360371,1,1,0,0,0,1,1,47,4170,11,6,2013,3,4,23,0,13,6,S 5TH ST,,0,40.709675,-73.95927222,0,33,0,0,1,1,0,3,3,2,0,2,0,0000000,99,99,99,99,99,99,0,0,0,1,1
36,360372,1,1,0,1,1,1,1,109,3146,12,6,2013,4,7,21,0,6,5,WARREN RD,,0,99.99990000,999.99990000,0,9,0,0,8,1,0,1,1,10,0,10,0,0000000,7,25,7,30,7,54,0,0,0,1,0
36,360373,1,1,0,0,0,1,1,29,5892,12,6,2013,4,1,30,0,6,5,MAPLE HILL RD,,0,42.70930278,-78.49735,0,34,0,0,1,1,0,4,2,1,0,1,0,0000000,99,99,99,99,88,88,0,0,0,1,1
36,360374,1,1,0,1,1,1,1,47,4170,10,6,2013,2,23,47,0,16,6,EASTERN PKWY,FRANKLIN AVE,0,40.67066667,-73.95797222,0,8,0,0,2,2,0,1,3,1,0,1,0,0000000,99,99,99,99,99,99,0,0,0,1,0
36,360375,2,2,0,4,4,2,2,5,4170,17,5,2013,6,15,31,0,13,6,GRAND CONCOURSE,,0,40.84096389,-73.91258333,0,8,0,0,1,1,0,1,1,1,0,1,0,0000000,99,99,99,99,99,99,0,0,0,1,0
36,360376,1,1,0,0,0,1,1,103,620,10,5,2013,6,16,0,0,2,3,SR-111 ISLIP AVE,,0,40.78617778,-73.22011944,0,43,0,0,6,1,0,1,1,1,0,1,0,338170g,99,99,99,99,99,99,0,0,0,1,0
36,360377,1,1,0,1,1,1,1,83,528,13,6,2013,5,21,14,0,3,3,SR-22,,0,99.99990000,999.99990000,0,8,0,0,1,1,0,2,2,1,10,10,0,0000000,21,14,21,24,22,1,0,0,0,1,0
36,360378,2,2,0,0,0,2,2,91,1087,13,6,2013,5,11,58,0,2,3,SR-67,JOCKEY ST,0,42.97403611,-73.97628611,0,12,6,0,2,2,0,1,1,2,0,2,0,0000000,99,99,99,99,99,99,0,0,0,1,0
36,360379,1,1,0,1,1,1,1,5,4170,13,6,2013,5,20,57,0,16,6,W KINGSBRIDGE RD,RESERVOIR AVE,0,40.86801389,-73.89996111,0,8,0,0,2,2,0,1,3,2,0,2,0,0000000,20,57,99,99,99,99,0,0,0,1,0
36,360380,1,1,0,1,1,1,1,59,2600,14,6,2013,6,17,25,0,14,6,S FRANKLIN ST,BURNETT ST,0,40.69224167,-73.62202222,0,8,0,0,3,3,0,1,1,10,0,10,0,0000000,17,26,17,33,17,38,0,0,0,1,0
36,360381,1,1,0,1,1,1,1,103,1650,15,6,2013,7,13,26,1,2,3,SR-27 PANTIGO RD,GAY RD,0,40.96575556,-72.18231389,0,9,0,0,2,4,0,1,1,1,0,1,0,0000000,13,26,13,33,14,34,0,0,0,1,0
36,360382,1,1,0,0,0,1,1,103,360,16,6,2013,1,23,17,1,13,3,SR-908J,,0,40.64093611,-73.26902222,0,42,0,0,1,1,0,3,3,10,0,10,0,0000000,23,17,23,27,88,88,0,0,0,1,1
36,360383,1,1,0,0,0,1,1,39,970,16,6,2013,1,19,54,1,2,3,SR-23,,0,42.27275556,-73.95510556,0,24,0,0,1,1,0,4,5,1,0,1,0,0000000,19,58,20,4,20,55,0,0,0,1,1
36,360384,1,1,0,0,0,1,1,59,2600,16,6,2013,1,3,15,1,2,3,SR-908M SOUTHERN STATE PKWY,,0,40.69458056,-73.54162778,0,42,0,1,5,1,0,4,3,10,0,10,0,0000000,3,15,3,19,3,35,0,0,0,1,1
36,360385,2,2,0,0,0,2,2,103,2840,17,6,2013,2,15,0,0,6,6,WEST NECK RD,BANBURY LN,0,40.89621389,-73.46137778,0,12,1,0,3,3,0,1,1,10,0,10,0,0000000,99,99,99,99,99,99,0,0,0,1,0
36,360386,1,1,0,0,0,1,1,117,6365,17,6,2013,2,19,3,0,6,5,GANANDA PKWY,,0,43.12983333,-77.37122222,0,24,0,0,1,1,0,4,1,1,0,1,0,0000000,19,3,19,16,19,51,0,0,0,1,0
36,360387,1,1,0,1,1,2,2,47,4170,3,4,2013,4,12,47,0,13,6,FLATBUSH AVE,,0,40.68465,-73.97787778,0,8,0,0,1,1,0,1,1,1,0,1,0,0000000,99,99,99,99,88,88,0,0,0,1,0
36,360388,1,1,0,2,2,1,1,39,970,19,6,2013,4,7,30,0,6,4,CR-47 CAUTERSKILL RD,,0,42.253175,-73.90604167,0,8,0,0,1,1,0,4,1,1,0,1,0,0000000,7,35,7,45,99,99,0,0,0,1,0
36,360389,2,2,0,0,0,4,4,63,3340,18,6,2013,3,21,6,0,2,3,SR-93,CHURCH RD,0,43.21513333,-78.84848333,0,12,2,0,2,4,0,1,5,1,0,1,0,0000000,21,6,21,12,21,43,0,0,0,1,0
36,360390,1,1,0,1,1,1,1,103,5870,11,6,2013,3,17,0,0,16,5,MAIN RD,,0,41.00969167,-72.48588056,0,8,0,0,1,1,0,1,1,2,0,2,0,0000000,99,99,99,99,99,99,0,0,0,1,0
36,360391,2,2,0,0,0,2,2,29,3140,19,6,2013,4,18,35,0,16,5,BROADWAY,CEMETERY RD,0,42.89575,-78.63816667,0,12,6,0,2,3,0,1,1,1,0,1,0,0000000,18,35,18,37,19,9,0,0,0,1,0
36,360392,2,2,0,0,0,2,2,29,750,19,6,2013,4,14,0,0,16,6,GRIDER ST,,0,42.92590833,-78.8292,0,12,6,0,8,1,0,1,1,1,0,1,0,0000000,99,99,99,99,99,99,0,0,0,1,0
36,360393,1,1,0,1,1,1,1,63,4210,19,6,2013,4,8,9,0,16,6,NIAGARA ST,9TH ST,0,43.08873889,-79.0514,0,9,0,0,2,2,0,1,1,1,0,1,0,0000000,99,99,99,99,99,99,0,0,0,1,0
36,360394,4,1,3,1,1,1,1,81,4170,1,5,2013,4,19,58,0,16,6,168TH PL,HILLSIDE AVE,0,40.71044722,-73.79392222,0,8,0,0,3,2,0,1,3,1,0,1,0,0000000,99,99,99,99,99,99,0,0,0,1,0
36,360395,2,2,0,0,0,3,3,47,4170,20,6,2013,5,0,45,1,13,3,SR-907C,,0,99.99990000,999.99990000,0,25,0,0,1,1,1,3,3,1,0,1,0,0000000,99,99,99,99,99,99,0,0,0,1,0
36,360396,1,1,0,1,1,2,2,9,6823,23,6,2013,1,1,40,0,3,3,SR-16,,0,42.47711389,-78.47966389,0,8,0,0,1,1,0,1,2,1,0,1,0,0000000,1,46,1,55,88,88,0,0,0,1,0
36,360397,1,1,0,0,0,2,2,29,613,21,6,2013,6,18,21,0,16,5,ERIE RD,,0,42.59527778,-79.08970833,0,1,0,0,1,1,0,1,1,1,0,1,0,0000000,18,21,18,24,99,99,0,0,0,1,1
36,360398,1,1,0,0,0,1,1,59,4600,21,6,2013,6,3,35,1,1,1,I-495 LONG ISLAND EXPRESSWAY,,0,40.78704167,-73.52619722,0,25,0,0,1,1,0,3,3,1,0,1,0,0000000,3,39,3,50,4,4,0,0,0,1,1
36,360399,2,2,0,0,0,2,2,109,1590,22,6,2013,7,2,43,0,13,3,SR-13,,0,42.468975,-76.40769444,0,12,2,0,1,1,0,1,2,1,0,1,0,0000000,2,59,3,2,6,0,0,0,0,1,1
36,360400,2,2,0,0,0,2,2,85,4170,21,6,2013,6,9,24,1,2,6,RICHMOND TERR,SNUG HARBOR RD,0,40.64516667,-74.10772778,0,12,6,0,2,3,0,1,1,1,0,1,0,0000000,9,25,9,30,9,40,0,0,0,1,0
36,360401,2,2,0,0,0,4,4,71,3840,22,6,2013,7,16,26,1,1,1,I-84,,0,99.99990000,999.99990000,0,12,1,0,1,1,0,1,1,1,0,1,0,0000000,16,26,16,48,99,99,0,0,0,1,0
36,360402,1,1,0,1,1,1,1,87,5077,3,6,2013,2,7,59,0,13,4,CR-45,TIOKEN RD,0,41.13374722,-74.03905,0,8,0,0,3,3,0,4,1,2,10,2,0,0000000,7,42,7,50,88,88,0,0,0,1,0
36,360403,3,3,0,0,0,4,4,27,3084,23,6,2013,1,17,47,0,6,5,NOXON RD,MALONEY RD,0,41.65131389,-73.83250556,0,12,7,0,2,2,0,1,1,1,0,1,0,0000000,17,50,17,56,18,3,0,0,0,1,0
36,360404,1,1,0,0,0,3,3,29,750,23,6,2013,1,3,42,0,6,6,ELM ST,,0,42.89251389,-78.86655556,0,33,0,0,5,1,0,8,3,1,0,1,0,0000000,3,51,3,58,4,15,0,0,0,1,0
36,360405,1,1,0,0,0,1,1,7,6690,24,6,2013,2,9,56,1,1,1,I-81,,0,42.34604444,-75.98207778,0,52,0,0,1,1,0,4,1,10,0,10,0,0000000,9,56,9,58,88,88,0,0,0,1,0
36,360406,1,1,0,0,0,1,1,1,5141,24,6,2013,2,16,16,0,6,5,PUCKER ST,,0,42.43457778,-74.26686667,0,1,0,0,1,1,0,4,1,10,0,10,0,0000000,16,18,16,26,99,99,0,0,0,1,1
36,360407,2,2,0,0,0,3,3,29,1117,11,6,2013,3,19,1,1,13,3,SR-33,CALLA WAY,0,42.93696389,-78.70246111,0,12,6,0,2,3,0,1,1,10,0,10,0,0000000,19,2,19,8,19,33,0,0,0,2,0
36,360408,1,1,0,1,1,4,4,59,4600,28,6,2013,6,21,28,1,13,3,SR-27,,0,40.67569167,-73.47518333,0,8,0,0,1,1,0,1,3,10,0,10,0,0000000,21,28,21,30,21,45,0,0,0,1,0
36,360409,1,1,0,1,1,1,1,75,2569,25,6,2013,3,22,26,1,2,2,US-11,,0,43.35143889,-76.15248611,0,8,0,0,1,1,0,2,2,10,0,10,0,0000000,22,27,22,32,22,59,0,0,0,1,0
36,360410,1,1,0,0,0,2,2,63,4070,29,6,2013,7,22,13,0,14,6,RIDGE RD,,0,43.25166944,-78.64266111,0,53,0,0,1,1,0,5,2,10,0,10,0,0000000,22,13,22,16,88,88,0,0,0,2,1
36,360411,6,2,4,2,2,5,5,5,4170,24,6,2013,2,16,27,0,14,6,PITMAN AVE,DE REIMER AVE,0,40.89693889,-73.84397778,0,12,6,0,3,2,0,1,1,1,0,1,0,0000000,99,99,99,99,99,99,0,0,0,1,0
36,360412,1,1,0,1,1,1,1,63,3220,29,6,2013,7,5,7,0,13,4,CR-104,IRVING DR,0,43.14895556,-79.03851389,0,8,0,0,3,3,0,1,4,2,10,2,0,0000000,99,99,99,99,88,88,0,0,0,1,0
36,360413,1,1,0,0,0,6,6,81,4170,28,6,2013,6,3,50,1,13,3,SR-907M,,0,99.99990000,999.99990000,0,24,0,0,1,1,0,4,3,10,0,10,0,0000000,3,50,99,99,99,99,0,0,0,2,1
36,360414,2,2,0,0,0,6,6,45,1840,30,6,2013,1,13,7,0,3,4,CR-3,ELDORADO RD,0,43.79273333,-76.20015278,0,12,6,0,2,2,0,1,1,1,0,1,0,0000000,13,7,13,17,88,88,0,0,0,1,1
36,360415,1,1,0,1,1,1,1,35,2980,25,6,2013,3,9,26,0,2,3,SR-29A,,0,43.06751389,-74.38861667,0,9,0,0,1,1,0,1,1,1,0,1,0,0000000,9,29,9,33,88,88,0,0,0,1,0
36,360416,2,2,0,1,1,3,3,47,4170,26,5,2013,1,0,1,1,12,1,I-907C,,0,40.59666944,-74.00251111,0,8,0,0,1,1,0,1,3,1,0,1,0,0000000,99,99,99,99,99,99,0,0,0,1,0
36,360417,1,1,0,1,1,3,3,47,4170,27,5,2013,2,12,4,0,16,6,BENSON AVE,BAY 26TH ST,0,40.60201944,-73.99855833,0,9,0,0,2,2,0,1,1,1,0,1,0,0000000,99,99,99,99,88,88,0,0,0,1,0
36,360418,1,1,0,0,0,1,1,77,5170,30,6,2013,1,19,0,0,6,5,WALTERS WAY,,0,42.82708333,-75.015825,0,34,0,0,1,1,0,4,1,2,0,2,0,0000000,19,56,20,9,20,32,0,0,0,1,0
36,360419,2,2,0,0,0,2,2,19,475,30,6,2013,1,14,23,1,2,2,US-9,CR-22,0,44.77706389,-73.42451111,0,12,6,0,2,3,0,1,1,1,0,1,0,0000000,14,26,14,29,14,57,0,0,0,1,0
36,360420,2,2,0,0,0,3,3,59,4600,25,6,2013,3,10,37,0,16,5,SOUTH ST,LEXINGTON AVE,0,40.86569722,-73.53225833,0,12,2,1,3,4,0,1,1,1,0,1,0,0000000,10,41,10,43,10,50,0,0,0,1,0
36,360421,2,2,0,0,0,2,2,95,1240,1,7,2013,2,7,50,0,3,3,SR-7,,0,42.68086667,-74.44450278,0,12,2,0,8,1,0,1,1,10,0,10,0,0000000,7,51,8,0,8,29,0,0,0,1,0
36,360422,4,1,3,0,0,2,2,119,6820,9,6,2013,1,6,20,0,14,6,YONKERS AVE,,0,40.93576667,-73.88999722,0,24,0,0,1,1,0,3,4,1,0,1,0,0000000,99,99,99,99,99,99,0,0,0,1,0
36,360423,2,2,0,0,0,3,3,29,750,5,7,2013,6,19,15,0,16,6,LEROY AVE,HOLDEN ST,0,42.93283333,-78.83505833,0,12,6,0,2,3,0,1,1,1,0,1,0,0000000,19,20,19,25,19,42,0,0,0,1,0
36,360424,1,1,0,0,0,1,1,103,5810,1,7,2013,2,21,54,0,2,3,SR-27A MONTAUK HWY,,0,40.88581667,-72.46797222,0,24,0,0,1,1,0,4,2,10,0,10,0,0000000,22,0,22,6,22,21,0,0,0,1,0
36,360425,1,1,0,0,0,2,2,41,2883,6,7,2013,7,16,25,0,3,3,SR-30,,0,99.99990000,999.99990000,0,24,0,0,1,1,0,4,1,1,0,1,0,0000000,16,43,16,49,99,99,0,0,0,1,0
36,360426,1,1,0,0,0,1,1,91,390,2,7,2013,3,12,19,0,2,3,SR-67,,0,42.99758611,-73.88715833,0,24,0,0,1,1,0,4,1,10,0,10,0,0000000,12,21,12,26,13,49,0,0,0,1,0
36,360427,2,2,0,0,0,2,2,59,2600,4,7,2013,5,6,38,0,16,6,MERRICK RD,SOMA AVE,0,40.66124167,-73.53918056,0,12,2,0,2,3,0,1,1,10,0,10,0,0000000,6,39,6,41,7,7,0,0,0,1,0
36,360428,2,2,0,0,0,2,2,65,1220,6,7,2013,7,15,47,0,5,6,KIRKLAND AVE,,0,43.05715833,-75.37514444,0,12,2,0,1,1,0,1,1,1,0,1,0,0000000,15,47,15,53,16,25,0,0,0,1,0
36,360429,1,1,0,0,0,3,3,105,4905,6,7,2013,7,16,30,0,6,5,UPPER MONGAUP RD,,0,99.99990000,999.99990000,0,30,0,0,1,1,0,4,1,1,0,1,0,0000000,16,15,17,12,17,45,0,0,0,1,0
36,360430,1,1,0,0,0,6,6,21,1100,6,7,2013,7,15,16,1,1,1,I-90,,132,42.42418611,-73.5525,0,1,0,0,1,1,0,1,1,1,0,1,0,0000000,15,19,15,28,16,21,0,0,0,1,0
36,360431,3,3,0,0,0,4,4,1,2464,5,7,2013,6,14,8,1,2,2,US-20 WESTERN AVE,,0,42.69836111,-73.89111389,0,12,6,0,8,1,0,1,1,1,0,1,0,0000000,14,8,14,16,14,55,0,0,0,1,0
36,360432,1,1,0,0,0,1,1,33,770,5,7,2013,6,20,38,0,6,6,DEPOT ST,,0,44.90201111,-74.16901389,0,42,0,0,1,1,0,5,1,10,0,10,0,0000000,20,38,20,40,88,88,0,0,0,1,1
36,360433,1,1,0,0,0,2,2,25,6360,7,7,2013,1,15,25,0,4,6,TURNPIKE RD,,0,42.35484444,-74.96631111,0,35,0,0,1,1,0,5,1,1,0,1,0,0000000,15,40,15,53,88,88,0,0,0,2,0
36,360434,1,1,0,0,0,1,1,111,3060,7,7,2013,1,13,23,0,2,3,SR-28,,0,41.957975,-74.05211944,0,42,0,0,1,1,0,4,1,1,0,1,0,0000000,13,23,13,29,14,20,0,0,0,1,0
36,360435,2,2,0,0,0,5,5,115,2820,5,7,2013,6,17,24,1,2,3,SR-32,NORTH ST,0,43.31949444,-73.58281944,0,1,0,0,2,3,0,1,1,2,0,2,0,0000000,17,24,17,25,88,88,0,0,0,1,0
36,360436,1,1,0,0,0,1,1,9,5410,8,7,2013,2,11,25,0,6,5,BONE RUN RD,,0,42.04481389,-78.95099722,0,34,0,0,1,1,0,4,1,10,0,10,0,0000000,11,25,11,48,88,88,0,0,0,1,0
36,360437,2,2,0,0,0,2,2,55,652,8,7,2013,2,13,0,1,1,1,I-590,I-490,0,99.99990000,999.99990000,0,24,0,1,5,1,0,4,1,10,0,10,0,0000000,13,0,13,5,16,15,0,0,0,1,0
36,360438,1,1,0,0,0,1,1,115,2070,11,7,2013,5,22,25,0,16,5,PATTENS MILLS RD,,0,99.99990000,999.99990000,0,35,0,0,1,1,0,4,2,10,0,10,0,0000000,22,30,22,42,23,2,0,0,0,1,0
36,360439,2,2,0,0,0,2,2,29,156,9,7,2013,3,7,43,0,13,5,JJ AUDUBON PKWY,N FOREST RD,0,43.01080278,-78.77896111,0,12,6,0,2,2,0,1,1,10,0,10,0,0000000,7,43,7,51,8,35,0,0,0,1,0
36,360440,2,2,0,0,0,2,2,81,4170,7,7,2013,1,19,17,0,16,6,50TH AVE,212TH ST,0,40.75335,-73.76817222,0,12,6,0,2,2,0,1,1,1,0,1,0,0000000,19,25,19,40,20,20,0,0,0,1,0
36,360441,1,1,0,0,0,1,1,81,4170,11,7,2013,5,5,28,1,13,3,SR-27,,0,40.66575833,-73.73997222,0,33,0,0,1,1,0,4,3,1,0,1,0,0000000,5,29,5,31,5,58,0,0,0,1,0
36,360442,1,1,0,0,0,1,1,29,2485,12,7,2013,6,14,31,0,14,5,EVANS ST,PIERCE AVE,0,42.71605,-78.84063889,0,33,0,0,3,4,0,4,1,10,0,10,0,0000000,14,32,14,36,15,17,0,0,0,1,0
36,360443,1,1,0,0,0,1,1,71,2320,22,1,2013,3,20,0,0,6,5,SCOTCHTOWN AVE,,0,41.42658889,-74.32239722,0,42,0,0,1,1,0,4,2,10,0,10,0,0000000,20,13,20,28,20,50,0,0,0,1,0
36,360444,1,1,0,0,0,2,2,115,250,14,7,2013,1,6,30,0,6,6,KINNEY RD,,0,43.25149167,-73.48841944,0,42,0,0,1,1,0,5,1,1,0,1,0,0000000,6,32,6,48,7,38,0,0,0,1,1
36,360445,1,1,0,0,0,1,1,13,1950,6,7,2013,7,22,25,0,16,5,W MAIN ST,,0,42.11463889,-79.20264444,0,33,0,0,1,1,0,4,3,10,0,10,0,0000000,22,27,22,34,22,49,0,0,0,1,1
36,360446,2,2,0,0,0,3,3,79,630,15,7,2013,2,12,5,0,14,3,SR-312,INDEPENDENT WAY,0,41.423725,-73.62880278,0,12,6,0,2,2,0,1,1,1,0,1,0,0000000,12,5,12,12,12,38,0,0,0,1,0
36,360447,1,1,0,0,0,1,1,45,6450,6,7,2013,7,1,30,1,2,2,US-11,,0,43.92737778,-75.94028611,0,24,0,0,1,1,0,4,2,1,0,1,0,0000000,1,30,99,99,88,88,0,0,0,1,1
36,360448,2,2,0,0,0,2,2,75,5105,13,7,2013,7,16,40,0,6,4,CR-39,,0,43.49503889,-75.79234722,0,12,6,0,8,1,0,1,1,10,0,10,0,0000000,16,41,17,0,18,10,0,0,0,1,0
36,360449,2,2,0,0,0,2,2,93,4225,15,7,2013,2,13,16,0,16,5,BALLTOWN RD,,0,42.82538333,-73.89206111,0,12,2,0,1,1,0,1,1,1,0,1,0,0000000,13,17,13,20,13,59,0,0,0,1,0
36,360450,1,1,0,1,1,1,1,103,5210,16,7,2013,3,21,21,0,16,6,OLD COUNTRY RD,WOODCREST AVE,0,99.99990000,999.99990000,0,8,0,0,3,2,0,1,3,1,0,1,0,0000000,21,21,21,22,21,35,0,0,0,1,0
36,360451,1,1,0,1,1,1,1,81,4170,12,5,2013,1,13,15,0,16,6,90TH ST,ROOSEVELT ST,0,40.74842222,-73.87644722,0,8,0,0,2,2,0,1,1,1,0,1,0,0000000,99,99,99,99,99,99,0,0,0,1,0
36,360452,1,1,0,1,1,1,1,81,4170,13,6,2013,5,7,27,0,13,7,HORACE HARDING EXPRESSWAY,CLOVERDALE BLVD,0,40.75086667,-73.75109444,0,8,0,0,2,3,0,1,1,10,0,10,0,0000000,99,99,99,99,99,99,0,0,0,1,0
36,360453,1,1,0,1,1,1,1,47,4170,13,6,2013,5,0,52,0,16,6,E NEW YORK AVE,ROCKAWAY PKWY,0,40.66589167,-73.92548611,0,15,0,0,2,2,0,1,3,1,0,1,0,0000000,99,99,99,99,99,99,0,0,0,1,0
36,360454,1,1,0,0,0,1,1,27,6380,16,7,2013,3,14,40,0,6,5,S RIVER RD,,0,41.55048333,-73.97143889,0,30,0,0,1,1,0,4,1,1,0,1,0,0000000,14,43,14,50,15,22,0,0,0,1,1
36,360455,1,1,0,0,0,1,1,65,800,17,7,2013,4,4,30,0,5,3,SR-69,,0,43.35477778,-75.83263889,0,1,0,0,1,1,0,1,2,1,0,1,0,0000000,4,36,4,48,99,99,0,0,0,1,0
36,360456,3,3,0,0,0,3,3,29,1500,16,7,2013,3,8,29,0,16,5,BROADWAY,,0,42.90443889,-78.71486111,0,12,6,0,1,1,0,1,1,1,0,1,0,0000000,8,30,8,34,10,58,14,0,0,1,0
36,360457,2,2,0,0,0,3,3,55,5230,17,7,2013,4,15,36,0,16,6,SAWYER ST,,0,43.13501667,-77.641125,0,12,6,0,8,1,0,1,1,1,0,1,0,0000000,15,36,99,99,99,99,0,0,0,1,0
36,360458,1,1,0,1,1,1,1,81,4170,18,7,2013,5,18,14,1,13,6,ROCKAWAY BLVD,132ND AVE,0,40.671575,-73.78463611,0,8,0,0,2,3,0,1,1,1,0,1,0,0000000,18,23,18,28,18,45,0,0,0,1,0
36,360459,1,1,0,1,1,1,1,59,6250,19,7,2013,6,8,0,0,14,6,S CENTRAL AVE,W MERRICK RD,0,40.66773333,-73.70810556,0,8,0,0,3,2,0,1,1,1,0,1,0,0000000,8,4,8,6,88,88,0,0,0,1,0