STATE,ST_CASE,VE_TOTAL,VE_FORMS,PVH_INVL,PEDS,PERNOTMVIT,PERMVIT,PERSONS,COUNTY,CITY,DAY,MONTH,YEAR,DAY_WEEK,HOUR,MINUTE,NHS,ROAD_FNC,ROUTE,TWAY_ID,TWAY_ID2,MILEPT,LATITUDE,LONGITUD,SP_JUR,HARM_EV,MAN_COLL,RELJCT1,RELJCT2,TYP_INT,WRK_ZONE,REL_ROAD,LGT_COND,WEATHER1,WEATHER2,WEATHER,SCH_BUS,RAIL,NOT_HOUR,NOT_MIN,ARR_HOUR,ARR_MIN,HOSP_HR,HOSP_MN,CF1,CF2,CF3,FATALS,DRUNK_DR
36,360460,1,1,0,0,0,1,1,99,3350,19,7,2013,6,2,45,0,16,5,NEAL RD,,0,42.59959722,-76.82528611,0,42,0,0,1,1,0,4,2,1,0,1,0,0000000,2,51,2,57,3,41,0,0,0,1,1
36,360461,1,1,0,0,0,1,1,17,4590,23,6,2013,1,2,0,0,5,4,CR-32,,0,42.43279722,-75.60163889,0,11,0,0,1,1,0,1,2,1,0,1,0,0000000,5,51,6,6,88,88,0,0,0,1,0
36,360462,2,2,0,0,0,2,2,29,156,5,6,2013,4,14,58,1,2,3,SR-263 MILLERSPORT HWY,,0,43.0498,-78.73071111,0,12,2,0,1,1,0,1,1,1,0,1,0,0000000,15,0,15,6,99,99,0,0,0,1,0
36,360463,1,1,0,0,0,1,1,63,3220,20,7,2013,7,23,30,0,14,6,LOWER RIVER RD,,0,43.20505278,-79.04466389,0,53,0,0,1,1,0,5,2,1,0,1,0,0000000,23,32,23,47,0,51,0,0,0,1,0
36,360464,1,1,0,0,0,2,2,81,4170,20,7,2013,7,4,28,0,12,6,GRAND CENTRAL PARKWAY,,0,40.75203056,-73.72669722,0,24,0,0,1,1,0,4,3,1,0,1,0,0000000,99,99,99,99,99,99,0,0,0,1,1
36,360465,5,2,3,0,0,3,3,13,2150,18,7,2013,5,14,4,1,13,2,US-20,MCALLISTER RD,0,42.45115,-79.30626111,0,12,2,0,2,3,0,1,1,1,0,1,0,0000000,14,5,14,10,14,25,0,0,0,1,0
36,360466,1,1,0,0,0,1,1,69,830,21,7,2013,1,9,18,0,2,3,SR-488,,0,42.9207,-77.22780556,0,59,0,0,1,1,0,4,1,1,0,1,0,0000000,9,18,9,26,9,52,0,0,0,1,0
36,360467,1,1,0,1,1,1,1,81,4170,20,7,2013,7,0,34,0,16,6,31ST AVE,21ST ST,0,40.76735278,-73.92983056,0,8,0,0,2,2,0,1,3,1,0,1,0,0000000,0,34,0,52,99,99,0,0,0,1,0
36,360468,1,1,0,0,0,1,1,81,4170,22,7,2013,2,12,17,1,13,6,WOODHAVEN BLVD,89TH AVE,0,40.69129722,-73.85074444,0,30,0,0,3,2,0,3,1,10,0,10,0,0000000,12,20,12,25,12,42,0,0,0,1,0
36,360469,1,1,0,0,0,1,1,1,5141,25,7,2013,5,20,30,0,2,3,SR-85,CR-351,0,42.516025,-74.13769722,0,42,0,0,3,3,0,4,1,1,0,1,0,0000000,20,30,20,35,88,88,0,0,0,1,0
36,360470,1,1,0,1,1,1,1,7,540,15,7,2013,2,8,43,0,16,6,FRONT ST,WINDING WAY,0,42.10528611,-75.91566111,0,8,0,0,3,3,0,1,1,1,0,1,0,0000000,8,44,8,52,9,0,0,0,0,1,0
36,360471,2,2,0,0,0,2,2,77,4490,23,7,2013,3,7,12,0,3,3,SR-23,CR-11,0,42.48631389,-75.11775556,0,12,2,0,2,4,0,1,1,2,0,2,0,0000000,7,12,7,24,9,45,0,0,0,1,0
36,360472,1,1,0,0,0,2,2,101,1360,26,7,2013,6,22,30,0,6,5,RILEY HILL RD,,0,42.02732778,-76.99621944,0,5,0,0,1,1,0,4,2,1,0,1,0,0000000,99,99,99,99,99,99,0,0,0,1,0
36,360473,3,3,0,0,0,8,8,105,1805,27,7,2013,7,12,8,0,5,3,SR-97,,0,41.47865,-74.92344444,0,12,1,0,1,1,0,1,1,1,0,1,0,0000000,99,99,99,99,13,30,0,0,0,1,0
36,360474,4,1,3,0,0,1,1,47,4170,26,7,2013,6,16,40,0,16,6,E 91ST ST,,0,40.6495,-73.91493889,0,14,0,0,1,1,0,7,1,1,0,1,0,0000000,99,99,99,99,99,99,0,0,0,1,0
36,360475,1,1,0,1,1,4,4,61,4170,28,7,2013,1,5,10,0,16,6,E 32ND ST,,0,99.99990000,999.99990000,0,8,0,0,1,1,0,1,3,1,0,1,0,0000000,99,99,99,99,99,99,0,0,0,1,0
36,360476,1,1,0,1,1,1,1,81,4170,30,7,2013,3,12,39,0,16,6,164TH ST,69TH AVE,0,40.73306667,-73.80491389,0,8,0,0,2,3,0,1,1,1,0,1,0,0000000,12,39,12,49,12,59,0,0,0,1,0
36,360477,1,1,0,0,0,4,4,103,705,7,6,2013,6,1,20,0,6,5,GRAY AVE,,0,99.99990000,999.99990000,0,42,0,0,1,1,0,4,3,2,0,2,0,0000000,1,26,1,33,2,3,0,0,0,1,0
36,360478,2,2,0,0,0,3,3,35,3630,27,7,2013,7,21,25,1,2,3,SR-30A,,0,99.99990000,999.99990000,0,12,2,0,1,1,0,1,2,1,0,1,0,0000000,99,99,99,99,99,99,0,0,0,1,0
36,360479,2,2,0,0,0,4,4,103,705,8,6,2013,7,17,29,0,16,4,CR-83,,0,99.99990000,999.99990000,0,12,2,0,1,1,0,1,1,1,0,1,0,0000000,99,99,99,99,99,99,0,0,0,1,0
36,360480,1,1,0,0,0,2,2,103,705,12,6,2013,4,14,40,1,13,5,CR-83,,0,40.84521667,-73.01799444,0,24,0,0,1,1,0,4,1,1,0,1,0,0000000,14,40,14,55,99,99,0,0,0,1,0
36,360481,2,2,0,0,0,2,2,27,3084,30,7,2013,3,9,13,0,6,6,ARTHURSBURG RD,HILLSIDE LAKE RD,0,41.63706944,-73.78955833,0,12,6,0,2,2,0,1,1,1,0,1,0,0000000,9,13,9,18,9,58,0,0,0,1,0
36,360482,2,2,0,0,0,2,2,103,5769,21,6,2013,6,12,7,0,2,3,SR-111,,0,40.83598611,-73.19434167,0,12,6,0,8,1,0,1,1,1,0,1,0,0000000,99,99,99,99,99,99,0,0,0,1,0
36,360483,1,1,0,1,1,1,1,119,5530,31,7,2013,4,20,1,0,16,5,RIVER RD,,0,41.01880556,-73.78700556,0,18,0,0,1,1,3,1,5,1,0,1,0,0000000,99,99,99,99,99,99,0,0,0,1,0
36,360484,2,2,0,0,0,2,2,111,3060,3,7,2013,4,6,22,1,2,2,US-209,,0,41.93928056,-74.05115278,0,12,2,0,1,1,0,1,1,10,0,10,0,0000000,6,22,6,26,88,88,0,0,0,1,0
36,360485,1,1,0,0,0,1,1,21,3313,12,7,2013,6,18,3,0,5,4,CR-8,OLD MANORTON RD,0,42.09449444,-73.79906944,0,42,0,0,3,4,0,5,1,10,0,10,0,0000000,20,0,20,45,88,88,0,0,0,1,1
36,360486,1,1,0,1,1,1,1,83,6807,24,7,2013,4,12,24,0,16,5,FAIRFAX ST,,0,42.69317778,-73.63913333,0,8,0,0,1,1,2,1,1,1,0,1,0,0000000,12,25,12,28,13,1,0,0,0,1,0
36,360487,1,1,0,0,0,1,1,103,2577,31,7,2013,4,0,9,0,6,6,COMMERCE DR,ADAMS AVE,0,40.81057778,-73.25596389,0,19,0,0,3,3,0,5,3,1,0,1,0,0000000,0,16,0,23,99,99,0,0,0,1,1
36,360488,1,1,0,1,1,1,1,61,4170,31,7,2013,4,22,18,0,13,6,3RD AVE,E 60TH ST,0,40.76216389,-73.96607778,0,8,0,0,2,2,0,1,3,1,0,1,0,0000000,22,18,22,20,99,99,0,0,0,1,0
36,360489,2,2,0,0,0,2,2,19,3870,31,7,2013,4,16,50,0,2,3,SR-11,CR-12,0,44.92242778,-73.70560833,0,12,6,0,2,3,0,1,1,1,0,1,0,0000000,16,51,17,0,88,88,0,0,0,1,0
36,360490,1,1,0,0,0,1,1,53,1762,31,7,2013,4,22,30,1,2,3,SR-46,CANAL RD,0,42.86996389,-75.56633056,0,42,0,0,3,3,0,4,2,10,0,10,0,0000000,22,29,22,40,88,88,0,0,0,1,1
36,360491,1,1,0,0,0,1,1,83,6110,31,7,2013,4,0,3,0,6,4,CR-129 TAMARAC RD,,0,42.79606944,-73.5296,0,1,0,0,1,1,0,1,2,1,0,1,0,0000000,0,4,0,22,0,51,0,0,0,1,1
36,360492,1,1,0,0,0,2,2,75,2569,31,7,2013,4,18,8,0,5,5,BRADFORD RD,,0,43.34446111,-76.19995278,0,42,0,0,1,1,0,4,1,1,0,1,0,0000000,18,8,18,16,88,88,0,0,0,2,1
36,360493,2,2,0,0,0,4,4,103,2840,29,6,2013,7,1,14,0,16,6,WALT WHITMAN RD,PARK DR,0,99.99990000,999.99990000,0,12,7,0,2,3,0,1,3,1,0,1,0,0000000,1,15,1,20,1,45,0,0,0,2,0
36,360494,2,2,0,0,0,3,3,103,705,24,6,2013,2,19,51,0,16,6,HERKIMER ST,CARLTON AVE,0,40.80486111,-72.84056667,0,12,6,0,2,2,0,1,5,10,0,10,0,0000000,99,99,99,99,99,99,0,0,0,1,0
36,360495,1,1,0,0,0,1,1,89,619,31,7,2013,4,11,45,0,2,3,SR-37C,,0,44.92320833,-74.72075833,0,59,0,0,1,1,0,4,1,1,0,1,0,0000000,11,45,11,56,88,88,0,0,0,1,0
36,360496,5,5,0,0,0,5,5,5,4170,6,5,2013,2,11,40,0,13,6,WEST TREMONT AVE,UNIVERSITY AVE,0,40.85044167,-73.91532222,0,12,6,0,3,3,0,1,1,1,0,1,0,0000000,99,99,99,99,99,99,0,0,0,1,0
36,360497,1,1,0,1,1,1,1,5,4170,2,3,2013,7,5,25,0,16,6,GRAND CONCOURSE,FIELD PL,0,99.99990000,999.99990000,0,8,0,0,2,2,0,1,3,1,0,1,0,0000000,99,99,99,99,99,99,0,0,0,1,0
36,360498,1,1,0,0,0,3,3,47,4170,7,7,2013,1,2,44,1,12,3,SR-908J,,0,40.62474167,-73.970525,0,42,0,0,1,1,0,5,3,1,0,1,0,0000000,2,44,99,99,99,99,0,0,0,1,0
36,360499,1,1,0,0,0,1,1,65,2740,26,7,2013,6,3,32,0,5,6,KORBER RD,,0,43.27279167,-75.20072778,0,42,0,0,1,1,0,5,2,1,0,1,0,0000000,3,32,3,39,88,88,0,0,0,1,0
36,360500,1,1,0,1,1,1,1,47,4170,24,6,2013,2,9,39,0,16,6,PROSPECT EXPWY,CHURCH AVE,0,40.64510556,-73.97438611,0,8,0,0,3,2,0,1,1,1,0,1,0,0000000,99,99,99,99,88,88,0,0,0,1,0
36,360501,1,1,0,1,1,1,1,81,4170,1,8,2013,5,5,10,0,6,6,230TH PL,LANSING AVE,0,40.664375,-73.74660278,0,8,0,0,3,2,0,1,4,1,0,1,0,0000000,5,10,99,99,88,88,0,0,0,1,0
36,360503,1,1,0,1,1,1,1,59,4600,2,8,2013,6,1,40,0,16,6,CENTRAL AVE,SHERIDAN AVE,0,40.73879167,-73.48431944,0,8,0,0,3,3,0,1,3,2,0,2,0,0000000,1,40,1,42,88,88,0,0,0,1,0
36,360504,1,1,0,1,1,2,2,89,3580,2,8,2013,6,20,48,0,16,6,E ORVIS ST,,0,44.9303,-74.88366111,0,8,0,0,1,1,0,1,3,1,0,1,0,0000000,20,48,20,50,21,4,0,0,0,1,1
36,360505,1,1,0,0,0,1,1,25,1510,3,8,2013,7,6,0,0,6,5,AIRPORT RD,,0,42.04558889,-75.41985278,0,42,0,0,1,1,0,4,2,10,0,10,0,0000000,6,22,6,28,88,88,0,0,0,1,1
36,360506,2,2,0,0,0,2,2,93,5550,2,8,2013,6,17,2,0,3,3,SR-5,SR-103,0,42.88006111,-74.04,0,12,6,0,2,2,0,1,1,1,0,1,0,0000000,17,5,17,17,18,5,0,0,0,1,0
36,360507,1,1,0,0,0,1,1,91,1209,4,8,2013,1,0,22,0,13,2,US-9,,0,42.88504167,-73.77367222,0,53,0,0,1,1,0,5,2,1,0,1,0,0000000,0,22,0,23,1,0,0,0,0,1,0
36,360508,2,2,0,0,0,3,3,37,3210,4,8,2013,1,12,6,0,6,4,CR-31,SELDEN RD,0,43.02491389,-78.004325,0,12,6,0,2,2,0,1,1,10,0,10,0,0000000,12,6,99,99,99,99,0,0,0,1,0
36,360509,1,1,0,0,0,2,2,99,1976,4,8,2013,1,11,27,1,2,3,SR-96A,,0,42.82258333,-76.90026111,0,24,0,0,1,1,0,4,1,10,0,10,0,0000000,11,28,11,41,12,53,0,0,0,2,0
36,360510,1,1,0,0,0,1,1,29,1844,12,6,2013,4,7,20,1,2,3,SR-400 EXIT RAMP,,0,42.83501944,-78.69435833,0,1,0,1,20,1,0,1,1,1,0,1,0,0000000,7,31,7,40,8,0,0,0,0,1,0
36,360511,1,1,0,0,0,2,2,103,620,22,1,2013,3,10,11,0,16,6,2ND ST,,0,40.77909444,-73.25091111,0,10,0,0,6,1,0,1,1,1,0,1,0,338167y,99,99,99,99,88,88,0,0,0,2,0
36,360512,1,1,0,0,0,1,1,19,142,4,8,2013,1,3,56,0,15,4,CR-16 RAND HILL RD,,0,44.815375,-73.67457778,0,42,0,0,1,1,0,4,2,1,0,1,0,0000000,3,57,4,7,4,37,0,0,0,1,1
36,360513,1,1,0,1,1,1,1,29,6090,9,8,2013,6,5,10,1,13,2,US-62,WILLOW RIDGE DR,0,99.99990000,999.99990000,0,8,0,0,2,3,0,1,2,2,0,2,0,0000000,5,14,5,20,88,88,0,0,0,1,0
36,360514,1,1,0,1,1,1,1,61,4170,17,4,2013,4,13,15,0,13,6,E HOUSTON ST,AVE C,0,40.72068889,-73.98144167,0,8,0,0,3,2,0,1,1,1,0,1,0,0000000,99,99,99,99,99,99,0,0,0,1,0
36,360515,1,1,0,1,1,1,1,5,4170,15,5,2013,4,19,20,0,14,6,WHITE PLAINS RD,WATSON AVE,0,40.82847222,-73.86072222,0,8,0,0,3,2,0,1,1,1,0,1,0,0000000,99,99,99,99,99,99,0,0,0,1,0
36,360516,1,1,0,0,0,1,1,105,1472,7,8,2013,4,1,17,0,2,3,SR-97,,0,99.99990000,999.99990000,0,24,0,0,1,1,0,4,2,1,0,1,0,0000000,1,19,1,27,3,29,0,0,0,1,0
36,360517,1,1,0,1,1,1,1,81,4170,26,6,2013,4,10,36,0,13,6,3RD AVE,E 20TH ST,0,40.73695,-73.98451111,0,8,0,0,2,2,0,1,1,10,0,10,0,0000000,99,99,99,99,99,99,0,0,0,1,0
36,360518,2,2,0,1,1,2,2,5,4170,16,6,2013,1,3,33,0,16,6,E 233RD ST,ONEIDA AVE,0,99.99990000,999.99990000,0,8,0,0,3,3,0,1,3,1,0,1,0,0000000,99,99,99,99,88,88,0,0,0,1,0
36,360519,1,1,0,1,1,1,1,47,4170,28,6,2013,6,9,36,0,16,6,65TH ST,6TH AVE,0,40.63392222,-74.01466389,0,9,0,0,2,2,0,1,1,1,0,1,0,0000000,99,99,99,99,88,88,0,0,0,1,0
36,360520,2,2,0,0,0,3,3,103,5810,25,7,2013,5,7,5,0,4,4,CR-39,,0,40.89158333,-72.43199722,0,12,2,0,1,1,0,1,1,10,0,10,0,0000000,99,99,99,99,99,99,0,0,0,1,0
36,360521,1,1,0,0,0,4,4,117,3410,6,7,2013,7,2,30,0,6,5,OLD NEWARK LYONS RD,,0,99.99990000,999.99990000,0,5,0,0,1,1,0,1,2,10,0,10,0,0000000,2,43,99,99,99,99,0,0,0,1,0
36,360522,2,2,0,0,0,6,6,55,5600,16,7,2013,3,11,41,0,2,3,SR-36 RIGA  MUMFORD RD,NORTH RD,0,43.01870833,-77.87497222,0,12,6,0,2,2,0,1,1,1,0,1,0,0000000,11,41,11,50,99,99,0,0,0,3,0
36,360523,1,1,0,0,0,2,2,55,1160,29,7,2013,2,10,20,0,6,5,BROOK RD,,0,43.07630556,-77.70694167,0,42,0,0,1,1,0,4,1,1,0,1,0,0000000,10,20,10,34,99,99,0,0,0,1,0
36,360524,2,2,0,1,1,1,1,55,2606,28,7,2013,1,18,48,1,1,1,I-390,,0,99.99990000,999.99990000,0,8,0,0,1,1,0,1,1,10,0,10,0,0000000,18,50,18,52,88,88,0,0,0,1,0
36,360525,1,1,0,3,3,1,1,85,4170,9,8,2013,6,20,26,0,13,6,RICHMOND RD,,0,40.59581667,-74.09616111,0,8,0,0,1,1,0,1,3,10,0,10,0,0000000,99,99,99,99,99,99,0,0,0,1,0
36,360526,1,1,0,1,1,1,1,81,4170,11,8,2013,1,3,44,0,13,6,QUEENS BLVD,44TH ST,0,40.7432,-73.92061111,0,8,0,0,3,2,0,1,3,1,0,1,0,0000000,3,44,3,50,99,99,0,0,0,2,0
36,360527,1,1,0,0,0,9,9,43,2610,14,7,2013,1,13,12,1,1,1,I-90,,2204,43.01724444,-74.99995556,0,31,0,0,1,1,0,3,1,1,0,1,0,0000000,13,12,13,15,16,30,0,0,0,1,0
36,360528,1,1,0,0,0,1,1,7,3453,8,8,2013,5,22,52,0,2,3,SR-38B,,0,42.17593611,-76.11012222,0,34,0,0,1,1,0,4,2,10,0,10,0,0000000,22,52,23,17,88,88,0,0,0,1,0
36,360529,1,1,0,1,1,1,1,81,4170,11,8,2013,1,23,37,0,13,6,ROCKAWAY BLVD,1ST ST,0,40.63677222,-73.74073611,0,8,0,0,3,3,0,1,2,10,0,10,0,0000000,99,99,99,99,99,99,0,0,0,1,0
36,360530,2,2,0,0,0,2,2,71,6410,11,8,2013,1,6,5,0,6,5,PINE ISLAND TURNPIKE,SANFORDVILLE RD,0,41.27034167,-74.38064722,0,12,6,0,2,2,0,1,1,1,0,1,0,0000000,6,24,6,33,7,32,0,0,0,1,1
36,360531,1,1,0,0,0,1,1,53,703,11,8,2013,1,5,35,1,2,3,SR-8,,0,42.76456667,-75.28058333,0,11,0,0,1,1,0,1,2,5,0,5,0,0000000,5,35,5,50,88,88,0,0,0,1,0
36,360532,1,1,0,0,0,1,1,69,830,13,8,2013,3,13,36,0,16,5,GIBSON ST,,0,42.89416944,-77.27364167,0,42,0,0,1,1,0,4,1,1,0,1,0,0000000,13,36,99,99,88,88,0,0,0,1,0
36,360533,1,1,0,1,1,1,1,55,5230,14,8,2013,4,21,50,0,16,5,HOLLENBECK ST,,0,43.18559167,-77.61621111,0,9,0,0,8,1,0,1,3,1,0,1,0,0000000,21,50,21,56,22,10,0,0,0,1,0
36,360534,3,3,0,0,0,4,4,11,3839,31,7,2013,4,14,21,1,2,2,US-20,,0,42.96255,-76.73188333,0,12,6,0,1,1,0,1,1,1,0,1,0,0000000,14,22,14,38,99,99,0,0,0,1,0
36,360535,2,2,0,0,0,3,3,67,1166,13,8,2013,3,12,41,0,15,5,E TAFT RD,I-81,0,43.124,-76.12261389,0,12,6,0,2,2,0,1,1,10,0,10,0,0000000,12,42,12,44,15,18,0,0,0,1,0
36,360536,1,1,0,0,0,2,2,47,4170,15,8,2013,5,2,3,0,14,6,W BRIGHTON AVE,W 1ST ST,0,40.57643611,-73.96971944,0,50,0,0,3,2,0,3,3,1,0,1,0,0000000,2,3,99,99,99,99,0,0,0,1,1
36,360537,1,1,0,1,1,1,1,81,4170,14,8,2013,4,18,29,0,16,6,160TH AVE,84TH ST,0,40.65630556,-73.84787222,0,9,0,0,2,2,0,1,1,1,0,1,0,0000000,18,31,18,34,18,45,0,0,0,1,0
36,360538,2,1,1,0,0,1,1,111,3060,15,8,2013,5,9,9,0,6,5,JOCKEY HILL RD,,0,41.99532778,-74.046575,0,35,0,0,1,1,0,4,1,1,0,1,0,0000000,9,9,9,18,88,88,0,0,0,1,0
36,360539,2,2,0,0,0,3,3,21,6023,18,7,2013,5,15,0,0,4,4,CR-11,CR-11A,0,42.16861111,-73.60718056,0,12,2,0,2,4,0,1,1,1,0,1,0,0000000,15,12,15,20,17,1,0,0,0,1,0
36,360540,1,1,0,0,0,1,1,27,5150,28,7,2013,1,18,46,0,6,5,CHARLES ST,,0,41.92354722,-73.94869167,0,42,0,0,1,1,0,4,1,2,0,2,0,0000000,18,46,18,55,99,99,0,0,0,1,1
36,360541,2,2,0,0,0,2,2,27,1565,25,7,2013,5,18,20,0,16,6,MILL ST,FEENEY ST,0,41.74131389,-73.574675,0,12,6,0,2,3,0,1,1,10,0,10,0,0000000,18,24,18,28,19,30,0,0,0,1,0
36,360542,1,1,0,0,0,4,4,105,1954,16,3,2013,7,19,36,0,3,3,SR-42,,0,99.99990000,999.99990000,0,42,0,0,1,1,0,4,2,4,0,4,0,0000000,19,37,19,47,21,30,0,0,0,2,0
36,360543,2,2,0,0,0,3,3,47,4170,15,8,2013,5,21,10,0,16,6,MANHATTAN AVE,EAGLE ST,0,40.73517778,-73.95512222,0,12,6,0,2,2,0,1,3,1,0,1,0,0000000,21,10,99,99,99,99,0,0,0,1,0
36,360544,2,2,0,0,0,2,2,81,4170,16,8,2013,6,4,32,0,13,6,WOODHAVEN BLVD,,0,40.707175,-73.8593,0,12,2,0,1,1,0,1,3,1,0,1,0,0000000,99,99,99,99,99,99,0,0,0,1,1
36,360545,2,2,0,0,0,3,3,119,4700,15,8,2013,5,6,15,0,16,6,JOHN WALSH BLVD,,0,41.27701944,-73.93932778,0,12,6,0,8,1,0,1,1,1,0,1,0,0000000,6,15,6,20,7,3,0,0,0,1,1
36,360546,1,1,0,0,0,1,1,61,4170,16,8,2013,6,10,55,0,12,3,SR-907L,,0,40.73253611,-73.97428889,0,25,0,0,1,1,0,3,1,1,0,1,0,0000000,10,55,11,2,11,11,0,0,0,1,0
36,360547,2,2,0,0,0,7,7,69,5949,16,8,2013,6,18,0,0,6,4,CR-4,CR-20,0,42.90018056,-77.11879722,0,12,6,0,2,2,0,1,1,1,0,1,0,0000000,18,0,18,10,20,15,0,0,0,1,0
36,360548,2,2,0,0,0,3,3,123,4740,17,8,2013,7,11,33,0,4,4,CR-27,CR-4,0,42.75403611,-77.13351944,0,12,6,0,2,2,0,1,1,1,0,1,0,0000000,11,34,11,43,12,44,0,0,0,2,1
36,360549,1,1,0,0,0,1,1,45,1900,17,8,2013,7,21,20,0,6,5,PINK SCHOOLHOUSE RD,,0,99.99990000,999.99990000,0,35,0,0,1,1,0,4,2,10,0,10,0,0000000,21,20,21,32,88,88,0,0,0,1,1
36,360550,1,1,0,0,0,1,1,29,1286,17,8,2013,7,17,26,0,6,5,SENECA RD,MILE BLOCK RD,0,42.53894722,-78.95725556,0,17,0,0,3,3,0,4,1,1,0,1,0,0000000,17,28,17,28,99,99,0,0,0,1,1
36,360551,1,1,0,0,0,1,1,1,1495,17,8,2013,7,9,50,0,3,3,SR-32,CREBLE RD (CR-55),0,42.58110556,-73.87077778,0,35,0,0,3,3,0,4,1,98,0,98,0,0000000,10,17,10,29,88,88,0,0,0,1,0
36,360552,1,1,0,0,0,2,2,51,1450,18,8,2013,1,5,36,0,6,5,WHITE RD,,0,99.99990000,999.99990000,0,42,0,0,1,1,0,4,1,10,0,10,0,0000000,8,14,8,28,99,99,0,0,0,1,0
36,360553,1,1,0,0,0,2,2,99,5265,18,8,2013,1,3,9,0,3,4,CR-124,KINGS CORNERS RD,0,42.80027778,-76.78610278,0,59,0,0,3,4,0,4,2,1,0,1,0,0000000,3,10,3,20,4,8,0,0,0,1,1
36,360554,1,1,0,0,0,1,1,75,4540,18,8,2013,1,14,34,0,6,4,CR-7,,0,99.99990000,999.99990000,0,53,0,0,1,1,0,4,1,1,0,1,0,0000000,14,36,14,40,88,88,0,0,0,1,0
36,360555,3,3,0,0,0,3,3,43,3290,19,8,2013,2,14,51,0,2,3,SR-5,SR-169,0,43.04183889,-74.85898611,0,12,6,0,2,3,0,1,1,1,0,1,0,0000000,14,51,14,54,15,44,0,0,0,1,0
36,360556,1,1,0,0,0,1,1,101,616,22,8,2013,5,21,36,0,6,5,PARKER RD,,0,42.27829444,-77.14915833,0,42,0,0,1,1,0,4,2,10,0,10,0,0000000,21,36,21,55,88,88,0,0,0,1,1
36,360557,1,1,0,1,1,1,1,29,6090,22,8,2013,5,17,10,0,16,5,DELAWARE RD,SHERIDAN DR,0,42.98091944,-78.86896389,0,9,0,0,2,2,0,1,1,10,0,10,0,0000000,17,10,17,11,17,32,0,0,0,1,0
36,360558,1,1,0,1,1,1,1,91,5470,23,8,2013,6,17,27,0,16,5,LAKE AVE,GILBERT RD,0,43.08445,-73.74316944,0,9,0,0,3,3,0,1,1,1,0,1,0,0000000,17,27,17,31,99,99,0,0,0,1,0
36,360559,2,2,0,0,0,2,2,37,3210,23,8,2013,6,6,41,0,6,5,NORTH RD,,0,43.02618056,-77.95530556,0,12,6,0,1,1,0,1,1,1,0,1,0,0000000,7,36,99,99,88,88,0,0,0,1,0
36,360560,2,2,0,0,0,3,3,103,5870,24,8,2013,7,19,6,0,6,4,CR-48,KINNEYS RD,0,41.06499722,-72.44300278,0,12,6,0,2,3,0,1,5,1,0,1,0,0000000,19,6,19,10,20,40,0,0,0,1,0
36,360561,1,1,0,0,0,1,1,119,5350,25,8,2013,1,17,56,1,1,1,I-95,,0,40.98736111,-73.67974722,0,1,0,1,5,1,0,8,1,1,0,1,0,0000000,17,56,18,3,88,88,0,0,0,1,1
36,360562,3,3,0,0,0,4,4,91,5470,25,8,2013,1,22,30,1,2,3,SR-9,E WEST RD,0,43.04567222,-73.78977222,0,12,6,0,2,3,0,1,2,1,0,1,0,0000000,22,32,22,35,23,4,0,0,0,1,1
36,360563,1,1,0,0,0,2,2,39,3225,14,6,2013,6,15,2,0,6,5,FALKE RD,,0,42.27479167,-74.40758056,0,42,0,0,1,1,0,4,1,2,0,2,0,0000000,15,5,15,17,99,99,0,0,0,1,0
36,360564,4,1,3,1,1,1,1,119,700,9,8,2013,6,15,29,0,16,5,PONDEROSA RD,,0,40.94026389,-73.83324444,0,14,0,0,1,1,0,7,1,10,0,10,0,0000000,99,99,99,99,99,99,0,0,0,1,0
36,360565,2,2,0,0,0,2,2,61,4170,21,8,2013,4,16,20,0,16,6,E HOUSTON ST,BROADWAY,0,40.72541389,-73.99676389,0,12,6,0,2,2,0,1,1,1,0,1,0,0000000,99,99,99,99,88,88,0,0,0,1,0
36,360566,1,1,0,0,0,1,1,71,4130,19,8,2013,2,16,59,0,6,5,RIVER RD,,0,41.48189722,-74.012775,0,30,0,0,1,1,0,4,1,1,0,1,0,0000000,16,59,17,5,18,6,0,0,0,1,1
36,360567,2,2,0,0,0,3,3,37,1451,7,8,2013,4,17,55,1,2,2,US-20,TINKHAM RD,0,42.90160556,-78.36765833,0,12,6,0,2,2,0,1,1,1,0,1,0,0000000,17,58,18,3,18,52,0,0,0,1,0
36,360568,2,2,0,0,0,7,7,79,900,11,8,2013,1,16,30,0,3,3,SR-301,,0,41.48312778,-73.76973889,0,12,2,0,1,1,0,1,1,1,0,1,0,0000000,16,35,16,40,17,0,0,0,0,1,0
36,360569,1,1,0,0,0,2,2,59,2600,10,4,2013,4,7,10,0,16,5,BALDWIN RD,OAK AVE,0,40.69784722,-73.61583889,0,5,0,0,3,2,0,1,1,1,0,1,0,0000000,99,99,99,99,99,99,0,0,0,1,0
36,360570,1,1,0,1,1,1,1,59,2600,20,6,2013,5,22,20,0,16,5,PARK AVE,UNIONDALE AVE,0,40.69264167,-73.59581111,0,8,0,0,2,2,0,1,3,1,0,1,0,0000000,99,99,99,99,99,99,0,0,0,1,0
36,360571,2,2,0,0,0,2,2,17,2466,5,7,2013,6,16,59,0,6,4,CR-36,CR-37,0,42.42926389,-75.47918611,0,12,6,0,2,2,0,1,1,1,0,1,0,0000000,16,59,17,15,99,99,0,0,0,1,0
36,360572,3,3,0,0,0,3,3,59,4600,30,5,2013,5,11,0,1,1,1,I-495,,0,99.99990000,999.99990000,0,12,1,0,1,1,0,1,1,1,0,1,0,0000000,99,99,99,99,99,99,0,0,0,1,0