STATE,ST_CASE,VE_TOTAL,VE_FORMS,PVH_INVL,PEDS,PERNOTMVIT,PERMVIT,PERSONS,COUNTY,CITY,DAY,MONTH,YEAR,DAY_WEEK,HOUR,MINUTE,NHS,ROAD_FNC,ROUTE,TWAY_ID,TWAY_ID2,MILEPT,LATITUDE,LONGITUD,SP_JUR,HARM_EV,MAN_COLL,RELJCT1,RELJCT2,TYP_INT,WRK_ZONE,REL_ROAD,LGT_COND,WEATHER1,WEATHER2,WEATHER,SCH_BUS,RAIL,NOT_HOUR,NOT_MIN,ARR_HOUR,ARR_MIN,HOSP_HR,HOSP_MN,CF1,CF2,CF3,FATALS,DRUNK_DR
36,360573,2,2,0,0,0,3,3,59,2600,15,7,2013,2,13,10,0,14,5,PENINSULA BLVD,N VILLAGE AVE,0,40.68913889,-73.63298611,0,12,6,0,2,7,0,1,1,1,0,1,0,0000000,99,99,99,99,99,99,0,0,0,1,0
36,360574,1,1,0,1,1,1,1,61,4170,17,8,2013,7,2,16,0,13,6,E 57TH ST,,0,40.76221944,-73.97211389,0,8,0,0,1,1,0,1,3,1,0,1,0,0000000,2,16,2,31,99,99,0,0,0,1,0
36,360575,2,2,0,0,0,3,3,77,2047,19,8,2013,2,22,50,0,6,4,CR-22,,0,42.78082778,-75.01400833,0,12,2,0,1,1,0,1,2,5,0,5,0,0000000,22,50,22,59,99,99,0,0,0,1,0
36,360576,2,2,0,0,0,3,3,67,5740,24,4,2013,4,1,59,0,6,5,JORDAN RD,STUMP RD,0,42.99434167,-76.45744722,0,12,6,0,2,3,0,1,3,1,0,1,0,0000000,2,0,2,8,99,99,0,0,0,1,0
36,360577,2,2,0,0,0,2,2,47,4170,17,6,2013,2,4,34,0,16,6,LINDEN BLVD,E 53RD ST,0,40.65396944,-73.92770833,0,12,6,0,2,2,0,1,3,1,0,1,0,0000000,99,99,99,99,99,99,0,0,0,1,0
36,360578,1,1,0,1,1,1,1,1,50,15,6,2013,7,19,52,0,14,5,S PEARL ST,,0,42.63157222,-73.76485833,0,8,0,0,1,1,0,1,1,1,0,1,0,0000000,19,52,19,56,20,11,0,0,0,1,0
36,360579,1,1,0,0,0,3,3,3,1430,26,8,2013,2,15,29,1,1,1,I-86,,0,42.22475556,-78.27214167,0,35,0,0,1,1,0,4,1,10,0,10,0,0000000,15,30,15,33,16,0,0,0,0,1,0
36,360580,1,1,0,0,0,3,3,81,4170,24,8,2013,7,3,0,1,13,6,ROCKAWAY FREEWAY,BEACH 41ST ST,0,40.59326111,-73.77276944,0,50,0,0,3,2,0,3,3,1,0,1,0,0000000,3,0,3,5,3,30,20,0,0,2,0
36,360581,1,1,0,0,0,1,1,71,4060,27,8,2013,3,9,35,1,2,3,SR-207,,0,41.49513056,-74.045575,0,42,0,0,1,1,0,4,1,10,0,10,0,0000000,9,37,9,41,10,0,0,0,0,1,0
36,360582,1,1,0,1,1,1,1,29,750,20,8,2013,3,21,35,0,16,6,E FERRY ST,FILLMORE ST,0,42.91465,-78.83910833,0,8,0,0,2,2,0,1,3,1,0,1,0,0000000,21,42,21,49,22,4,0,0,0,1,0
36,360583,3,3,0,0,0,4,4,119,5802,27,8,2013,3,14,2,0,6,5,TOMAHAWK ST,,0,41.33667778,-73.75146389,0,12,1,0,1,1,0,1,1,1,0,1,0,0000000,14,5,14,17,14,36,0,0,0,1,0
36,360584,2,2,0,0,0,2,2,111,3531,14,8,2013,4,5,7,1,2,2,US-209,,0,41.82693889,-74.18914444,0,12,2,0,1,1,0,1,2,1,0,1,0,0000000,5,8,5,20,88,88,0,0,0,1,0
36,360585,1,1,0,1,1,1,1,81,4170,12,8,2013,2,1,51,0,16,6,34TH AVE,JUNCTION BLVD,0,40.75501944,-73.87285,0,8,0,0,3,2,0,1,2,10,0,10,0,0000000,1,51,99,99,99,99,0,0,0,1,0
36,360586,2,2,0,0,0,2,2,71,4130,28,8,2013,4,18,3,1,2,3,SR-207 LITTLE BRITAIN RD,,0,41.47613889,-74.13262778,0,12,6,0,1,1,0,1,1,10,0,10,0,0000000,18,3,18,10,88,88,0,0,0,1,1
36,360587,1,1,0,0,0,2,2,37,42,31,8,2013,7,8,18,0,5,5,LEDGE RD,,0,43.04541389,-78.39691667,0,30,0,0,1,1,0,4,1,1,0,1,0,0000000,99,99,99,99,99,99,0,0,0,1,0
36,360588,1,1,0,0,0,4,4,119,6040,1,9,2013,1,5,13,1,2,3,SR-987 SPRAINBROOK PARKWAY,,0,41.00821667,-73.82904722,0,24,0,0,1,1,0,4,2,1,0,1,0,0000000,5,17,5,27,88,88,0,0,0,4,0
36,360589,3,3,0,0,0,4,4,101,1360,30,8,2013,6,18,30,0,3,3,SR-414,,0,42.16777778,-77.04958611,0,12,1,0,8,1,0,1,1,1,0,1,0,0000000,18,36,18,42,22,23,0,0,0,1,0
36,360590,1,1,0,0,0,1,1,67,1166,22,6,2013,7,18,0,0,6,5,CICERO CENTER RD,ISLAND RD,0,43.16958889,-76.03831944,0,18,0,0,3,3,0,4,1,10,0,10,0,0000000,18,3,18,13,18,44,0,0,0,1,1
36,360591,2,2,0,0,0,2,2,81,4170,31,8,2013,7,23,55,1,2,3,SR-907M,,0,40.77164167,-73.87599444,0,12,98,0,1,1,0,1,3,98,0,98,0,0000000,99,99,99,99,99,99,0,0,0,1,0
36,360592,1,1,0,1,1,1,1,5,4170,31,8,2013,7,3,1,0,16,6,BRUCKNER BLVD,,0,99.99990000,999.99990000,0,8,0,0,1,1,0,1,3,1,0,1,0,0000000,99,99,99,99,88,88,0,0,0,1,0
36,360593,1,1,0,0,0,1,1,53,1762,4,9,2013,4,19,37,1,2,2,US-20,,0,42.90528056,-75.67515556,0,11,0,0,1,1,0,1,5,1,0,1,0,0000000,19,35,19,44,20,22,0,0,0,1,0
36,360594,2,2,0,0,0,2,2,81,4170,4,9,2013,4,15,38,0,16,6,39TH ST,QUEENS BLVD,0,40.74358611,-73.92625556,0,12,2,0,8,1,0,1,1,1,0,1,0,0000000,99,99,99,99,99,99,0,0,0,1,0
36,360595,2,2,0,0,0,2,2,103,705,8,9,2013,1,13,4,1,2,3,SR-27,,0,40.79384167,-72.91842222,0,12,1,0,1,1,0,2,1,1,0,1,0,0000000,99,99,99,99,88,88,0,0,0,1,0
36,360596,1,1,0,1,1,1,1,69,830,10,9,2013,3,11,24,1,13,3,SR-21,ANTIS ST,0,42.88375556,-77.27854444,0,8,0,0,2,2,0,1,1,10,0,10,0,0000000,11,26,11,30,11,48,0,0,0,1,0
36,360597,2,2,0,0,0,3,3,63,3220,8,9,2013,1,11,6,0,6,5,UPPER MOUNTAIN RD,SUSIE'S LN,0,43.17226667,-78.93823889,0,12,6,0,2,3,0,1,1,1,0,1,0,0000000,11,7,11,14,99,99,0,0,0,1,1
36,360598,1,1,0,1,1,1,1,103,1335,22,5,2013,4,6,45,0,16,5,VESPUCCI AVE,CAMPAGNOLI AVE,0,40.68287222,-73.39858889,0,15,0,0,2,2,0,1,1,10,0,10,0,0000000,99,99,99,99,99,99,0,0,0,1,0
36,360599,1,1,0,0,0,1,1,103,360,10,5,2013,6,3,30,1,13,3,SR-27,N FULTON AVE,0,40.70210556,-73.37704444,0,24,0,0,3,3,0,3,3,1,0,1,0,0000000,3,32,3,36,3,56,0,0,0,1,1
36,360600,1,1,0,0,0,2,2,103,2840,16,6,2013,1,4,20,1,1,1,I-495,,0,40.78249722,-73.40540833,0,24,0,0,1,1,0,4,3,1,0,1,0,0000000,4,34,4,46,5,21,0,0,0,1,0
36,360601,1,1,0,1,1,1,1,103,3933,23,6,2013,1,11,2,0,6,5,SALISBURY RUN,,0,40.90776667,-72.98835833,0,8,0,0,1,1,0,1,1,1,0,1,0,0000000,99,99,99,99,99,99,0,0,0,1,0
36,360602,1,1,0,0,0,1,1,81,4170,23,6,2013,1,9,45,1,13,3,SR-907M,,0,40.71916389,-73.79073611,0,24,0,0,1,1,0,3,1,1,0,1,0,0000000,99,99,99,99,99,99,0,0,0,1,0
36,360603,2,2,0,0,0,2,2,103,2840,30,6,2013,1,22,40,1,1,1,I-495,,0,40.78964444,-73.37064722,0,12,1,1,18,1,0,1,1,10,0,10,0,0000000,99,99,99,99,99,99,0,0,0,1,1
36,360604,1,1,0,0,0,1,1,103,2840,25,6,2013,3,16,54,0,6,5,WOODBURY RD,SAW MILL RD,0,99.99990000,999.99990000,0,1,0,0,2,4,0,1,1,10,0,10,0,0000000,16,56,17,3,17,22,0,0,0,1,0
36,360605,2,2,0,0,0,4,4,103,2920,4,7,2013,5,5,30,0,14,5,EXPRESS DR N,LINCOLN BLVD,0,40.80968333,-73.19938889,0,12,6,0,2,2,0,1,1,1,0,1,0,0000000,99,99,99,99,99,99,0,0,0,1,0
36,360606,1,1,0,0,0,1,1,119,1083,7,7,2013,1,20,0,0,6,5,TACONIC STATE PARKWAY,CAMPFIRE RD,0,41.18355556,-73.80463056,0,24,0,1,3,3,0,4,1,1,0,1,0,0000000,20,40,20,54,99,99,0,0,0,1,1
36,360607,1,1,0,1,1,2,2,103,705,11,7,2013,5,21,15,1,13,3,SR-347,SR-112,0,40.92501389,-73.04715278,0,9,0,0,2,2,0,1,3,1,0,1,0,0000000,21,15,99,99,99,99,0,0,0,1,0
36,360608,2,2,0,0,0,2,2,103,1337,14,7,2013,1,0,10,0,16,5,MIDDLE COUNTRY RD,WESTFIELD RD,0,40.87446389,-72.97821111,0,12,6,0,2,2,0,1,3,10,0,10,0,0000000,99,99,99,99,99,99,0,0,0,1,1
36,360609,1,1,0,1,1,1,1,103,705,14,7,2013,1,3,18,1,2,3,SR-25A,LILCO RD,0,40.94355278,-72.86229167,0,8,0,0,2,3,0,1,2,10,0,10,0,0000000,99,99,99,99,88,88,0,0,0,1,0
36,360610,1,1,0,0,0,1,1,103,5769,16,7,2013,3,17,15,1,2,3,SR-25A,DEEPWELLS LN,0,40.88505,-73.16247222,0,42,0,0,3,3,0,4,1,1,0,1,0,0000000,99,99,99,99,99,99,0,0,0,1,0
36,360611,2,2,0,0,0,2,2,103,705,27,7,2013,7,22,15,0,14,4,CR-16,EXPRESSWAY DR N,0,40.82280278,-72.97654167,0,12,6,0,2,2,0,1,3,1,0,1,0,0000000,22,23,22,30,22,50,0,0,0,1,0
36,360612,3,3,0,0,0,5,5,103,705,20,7,2013,7,19,26,0,3,4,CR-16,,0,99.99990000,999.99990000,0,12,6,0,1,1,0,1,5,2,0,2,0,0000000,19,28,19,33,99,99,0,0,0,1,0
36,360613,1,1,0,0,0,4,4,27,4835,29,8,2013,5,15,49,0,6,5,SCHULTZ HILL RD,,0,41.97333333,-73.61363611,0,42,0,0,1,1,0,4,1,1,0,1,0,0000000,15,52,15,56,20,20,0,0,0,2,0
36,360614,1,1,0,1,1,1,1,103,705,28,7,2013,1,2,28,0,2,3,SR-27A MAIN ST MONTAUK HWY,,0,40.76615556,-73.00533333,0,8,0,0,1,1,0,1,2,10,0,10,0,0000000,2,31,2,36,88,88,0,0,0,1,0
36,360615,1,1,0,0,0,2,2,29,1770,30,8,2013,6,0,16,0,6,5,E EDEN RD,,0,42.69844444,-78.83347778,0,18,0,0,1,1,0,4,3,10,0,10,0,0000000,0,16,0,21,88,88,0,0,0,2,1
36,360616,1,1,0,0,0,1,1,55,2898,30,8,2013,6,10,12,1,2,3,SR-104,,0,43.19680278,-77.55006667,0,42,0,1,19,1,0,8,1,1,0,1,0,0000000,10,13,10,17,88,88,0,0,0,1,0
36,360617,5,5,0,0,0,8,8,87,4380,23,7,2013,3,20,42,1,1,1,I-87,,0,99.99990000,999.99990000,0,12,2,0,1,1,0,1,1,1,0,1,0,0000000,99,99,99,99,99,99,0,0,0,1,0
36,360618,1,1,0,1,1,1,1,119,4530,3,9,2013,3,22,15,1,2,3,SR-9A,SR-134,0,41.18191667,-73.84663611,0,8,0,0,2,2,0,1,2,1,0,1,0,0000000,22,15,22,18,88,88,0,0,0,1,1
36,360619,1,1,0,0,0,1,1,45,1182,8,9,2013,1,1,30,0,6,5,MIDDLE RD,,0,44.28516667,-76.09969167,0,42,0,0,1,1,0,4,2,10,0,10,0,0000000,99,99,99,99,99,99,0,0,0,1,1
36,360620,1,1,0,0,0,1,1,111,3060,5,9,2013,5,1,55,0,16,5,ALBANY AVE,,0,41.93348889,-74.00829722,0,23,0,0,1,1,0,4,3,1,0,1,0,0000000,1,55,2,24,99,99,0,0,0,1,1
36,360621,1,1,0,0,0,1,1,69,2319,12,9,2013,5,23,29,0,6,5,TURNER RD,,0,42.83905,-77.23695278,0,34,0,0,1,1,0,4,2,10,0,10,0,0000000,23,29,23,41,0,10,0,0,0,1,1
36,360622,2,2,0,0,0,2,2,115,2070,10,9,2013,3,12,30,1,2,2,US-4,T OWENS RD,0,43.40433333,-73.48951389,0,12,2,0,2,3,0,1,1,10,0,10,0,0000000,12,31,12,58,13,46,0,0,0,1,1
36,360623,1,1,0,1,1,1,1,61,4170,12,9,2013,5,5,14,0,13,6,HARLEM RIVER DR,,0,40.81026111,-73.934775,0,8,0,0,1,1,0,1,2,1,0,1,0,0000000,99,99,99,99,99,99,0,0,0,1,0
36,360624,2,2,0,0,0,2,2,91,1209,13,9,2013,6,11,56,0,6,5,USHERS RD,ROSELL DR,0,42.90360833,-73.79588056,0,12,2,0,2,3,0,1,1,2,0,2,0,0000000,11,59,12,9,13,0,0,0,0,1,0
36,360625,3,1,2,1,1,2,2,81,4170,13,9,2013,6,19,3,0,16,6,117TH ST,,0,40.69032222,-73.82809167,0,8,0,0,1,1,0,1,1,1,0,1,0,0000000,99,99,99,99,99,99,0,0,0,1,1
36,360626,2,2,0,0,0,5,5,73,60,14,9,2013,7,19,10,0,3,3,SR-279,STILLWATER RD,0,43.33826944,-78.245975,0,12,6,0,2,2,0,1,1,1,0,1,0,0000000,19,10,19,14,99,99,0,0,0,1,0
36,360627,1,1,0,0,0,1,1,87,2580,15,9,2013,1,11,3,1,13,2,US-9W,,0,41.19734444,-73.97720556,0,39,0,0,1,1,0,4,1,1,0,1,0,0000000,11,8,11,10,11,46,0,0,0,1,0
36,360628,1,1,0,1,1,1,1,67,1166,14,9,2013,7,20,14,0,15,5,BREWERTON RD,,0,43.15356111,-76.123575,0,8,0,0,1,1,0,1,2,1,0,1,0,0000000,20,14,20,17,20,37,0,0,0,1,0
36,360629,1,1,0,0,0,1,1,63,3340,17,9,2013,3,12,24,0,6,5,LOWER MOUNTAIN RD,,0,43.17958333,-78.7968,0,53,0,0,1,1,0,4,1,1,0,1,0,0000000,12,24,12,27,88,88,0,0,0,1,0
36,360630,1,1,0,0,0,1,1,89,5020,17,9,2013,3,19,54,0,6,5,RIVER RD,,0,99.99990000,999.99990000,0,42,0,0,1,1,0,4,5,1,0,1,0,0000000,19,54,20,6,88,88,0,0,0,1,1
36,360631,2,2,0,0,0,3,3,21,1327,10,9,2013,3,8,0,1,2,3,SR-23,BLOODY HILL RD,0,42.17790278,-73.60066389,0,12,2,0,3,3,0,1,1,10,0,10,0,0000000,8,0,8,4,99,99,0,0,0,1,0
36,360632,1,1,0,2,2,1,1,89,3900,4,8,2013,1,20,58,0,6,4,CR-6,,0,44.524175,-75.59141111,0,8,0,0,1,1,0,2,2,10,0,10,0,0000000,20,58,21,6,21,26,0,0,0,1,0
36,360633,1,1,0,0,0,1,1,65,2057,22,8,2013,5,15,15,0,6,5,WOODGATE RD,,0,43.512725,-75.19203056,0,42,0,0,1,1,0,4,1,10,0,10,0,0000000,15,16,15,25,16,41,0,0,0,1,0
36,360634,3,3,0,0,0,4,4,69,3490,14,9,2013,7,22,24,1,2,3,SR-21,JOHNSON RD,0,99.99990000,999.99990000,0,12,6,0,2,2,0,1,3,1,0,1,0,0000000,22,24,22,29,23,35,0,0,0,1,0
36,360635,2,2,0,0,0,3,3,7,3453,27,8,2013,3,16,33,0,2,3,SR-26,,0,42.24196389,-76.01458056,0,12,2,0,1,1,0,1,1,10,0,10,0,0000000,16,33,16,41,99,99,0,0,0,2,0
36,360636,1,1,0,1,1,3,3,47,4170,13,7,2013,7,21,14,0,13,6,BAY PARKWAY,73RD ST,0,40.60932778,-73.98611111,0,8,0,0,2,2,0,1,1,1,0,1,0,0000000,99,99,99,99,99,99,0,0,0,1,0
36,360637,1,1,0,1,1,4,4,47,4170,5,7,2013,6,0,26,0,16,6,FLATBUSH AVE,ST MARKS PL,0,40.67981389,-73.97436667,0,8,0,0,3,4,0,1,3,1,0,1,0,0000000,99,99,99,99,99,99,0,0,0,1,1
36,360638,2,2,0,0,0,4,4,49,3370,15,9,2013,1,11,13,0,6,4,CR-26,,0,99.99990000,999.99990000,0,12,6,0,1,1,0,1,1,10,0,10,0,0000000,11,24,11,40,14,47,0,0,0,1,1
36,360639,1,1,0,1,1,2,2,5,4170,8,9,2013,1,2,18,0,13,6,JEROME AVE,CROSS BRONX EXPRESSWAY RAMP,0,40.84614167,-73.91344444,0,8,0,0,2,2,0,1,3,1,0,1,0,0000000,99,99,99,99,99,99,0,0,0,1,0
36,360640,3,3,0,0,0,4,4,71,3840,11,9,2013,4,19,51,0,3,3,SR-17K,BROWNS RD,0,41.52598889,-74.14603611,0,12,1,0,2,3,0,1,3,10,0,10,0,0000000,19,52,19,59,20,26,0,0,0,1,0
36,360641,1,1,0,1,1,1,1,81,4170,15,9,2013,1,14,58,0,13,6,JUNCTION BLVD,50TH AVE,0,40.74167222,-73.86753889,0,8,0,0,2,2,0,1,1,1,0,1,0,0000000,99,99,99,99,99,99,0,0,0,1,0
36,360642,1,1,0,1,1,1,1,105,532,17,9,2013,3,21,50,0,2,3,SR-17B,,0,41.67380833,-74.80164167,0,8,0,0,1,1,0,1,2,1,0,1,0,0000000,21,50,99,99,88,88,0,0,0,1,0
36,360643,2,2,0,1,1,2,2,47,4170,17,9,2013,3,11,39,0,16,6,BAY RIDGE PKWY,13TH AVE,0,40.62030278,-74.00741667,0,12,2,0,2,2,0,1,1,1,0,1,0,0000000,11,39,11,47,11,57,0,0,0,1,0
36,360644,2,2,0,0,0,2,2,11,3880,18,9,2013,4,11,25,0,5,5,ROCKEFELLER RD,,0,42.75034722,-76.45136944,0,12,6,0,8,1,0,1,1,10,0,10,0,0000000,11,27,11,28,88,88,0,0,0,1,0
36,360645,1,1,0,0,0,1,1,17,5650,18,9,2013,4,12,3,0,2,3,SR-12B,,0,42.70821111,-75.53179722,0,53,0,0,1,1,0,4,1,1,0,1,0,0000000,12,3,12,13,13,28,0,0,0,1,0
36,360646,2,2,0,0,0,5,5,117,4492,19,9,2013,5,18,50,0,6,5,KENYON RD,KNICKERBOCKER RD,0,43.239725,-77.28636944,0,12,6,0,2,2,0,1,5,1,0,1,0,0000000,18,51,19,22,19,59,0,0,0,1,0
36,360647,3,3,0,0,0,3,3,67,6010,17,4,2013,4,20,5,0,16,5,JAMES ST,SEDGWICK ST,0,43.06116944,-76.13043889,0,12,1,0,3,2,0,1,3,1,0,1,0,0000000,99,99,99,99,99,99,0,0,0,1,1
36,360648,1,1,0,1,1,1,1,61,4170,17,8,2013,7,4,19,1,13,6,AMSTERDAM AVE,,0,40.83901389,-73.93752222,0,8,0,0,1,1,0,1,3,1,0,1,0,0000000,99,99,99,99,99,99,0,0,0,1,0
36,360649,1,1,0,0,0,1,1,105,6800,13,9,2013,6,13,48,0,6,5,MAMAKATING RD,,0,41.575025,-74.46663611,0,34,0,0,1,1,0,4,1,10,0,10,0,0000000,13,49,13,55,88,88,0,0,0,1,0
36,360650,1,1,0,1,1,1,1,47,4170,15,6,2013,7,2,1,0,16,6,SHORE PARKWAY SERVICE RD,BRAGG ST,0,40.58650278,-73.93349167,0,8,0,0,3,3,0,4,3,1,0,1,0,0000000,99,99,99,99,99,99,0,0,0,1,1
36,360651,1,1,0,0,0,1,1,5,4170,26,7,2013,6,2,38,0,16,6,WEST FARMS RD,,0,40.83556389,-73.88217778,0,30,0,0,1,1,0,4,3,1,0,1,0,0000000,99,99,99,99,99,99,0,0,0,1,1
36,360652,1,1,0,0,0,1,1,55,4730,17,7,2013,4,21,7,0,6,5,SHOECRAFT RD,,0,43.173625,-77.46576111,0,1,0,0,1,1,0,4,5,1,0,1,0,0000000,21,7,21,14,88,88,0,0,0,1,1
36,360653,1,1,0,0,0,2,2,67,1179,11,8,2013,1,20,53,0,16,5,BONSTEAD RD,,0,43.21000556,-76.26589444,0,30,0,0,1,1,0,4,2,1,0,1,0,0000000,20,53,21,5,99,99,0,0,0,1,1
36,360654,1,1,0,0,0,2,2,59,5250,15,9,2013,1,5,50,0,16,5,N CENTRE AVE,,0,40.66183889,-73.65002778,0,18,0,0,1,1,0,7,3,1,0,1,0,0000000,5,52,6,0,99,99,0,0,0,1,1
36,360655,3,1,2,0,0,1,1,47,4170,7,8,2013,4,4,10,0,16,6,UTICA AVE,CLARENDON RD,0,40.64454167,-73.92962222,0,14,0,0,3,2,0,7,3,1,0,1,0,0000000,99,99,99,99,99,99,0,0,0,1,0
36,360656,1,1,0,1,1,1,1,59,4600,19,9,2013,5,0,20,0,6,5,ROUND SWAMP RD,,0,40.76044722,-73.45431944,0,8,0,0,1,1,0,1,3,1,0,1,0,0000000,0,27,0,32,0,48,0,0,0,1,0
36,360657,2,2,0,0,0,3,3,89,2330,20,9,2013,6,17,20,1,2,3,SR-58,,0,44.32033611,-75.46421667,0,12,2,0,1,1,0,1,1,1,0,1,0,0000000,17,20,17,28,99,99,0,0,0,1,0
36,360658,1,1,0,0,0,1,1,9,5410,20,9,2013,6,17,2,0,6,5,RED HOUSE RD,,0,42.13887778,-78.77757222,0,42,0,0,1,1,0,4,1,1,0,1,0,0000000,17,2,17,11,88,88,0,0,0,1,1
36,360659,1,1,0,0,0,1,1,71,6163,21,9,2013,7,8,4,1,1,1,I-87,,0,99.99990000,999.99990000,0,31,0,0,1,1,0,4,1,1,0,1,0,0000000,8,54,9,43,88,88,0,0,0,1,0
36,360660,2,2,0,0,0,2,2,59,2600,20,9,2013,6,17,34,0,16,5,REMSEN AVE,CORNELL ST,0,40.71942222,-73.61384444,0,12,6,0,2,2,0,1,1,1,0,1,0,0000000,17,35,99,99,99,99,0,0,0,1,1
36,360661,1,1,0,0,0,1,1,119,2585,21,9,2013,7,11,25,0,16,5,SAW MILL RIVER RD,BROWNS LN,0,41.091475,-73.81891667,0,5,0,0,3,3,0,1,1,1,0,1,0,0000000,99,99,99,99,99,99,0,0,0,1,0
36,360662,1,1,0,0,0,1,1,119,1644,22,9,2013,1,13,46,0,6,5,HIGHLAND AVE,HOWELL PL,0,40.94751389,-73.8081,0,5,0,0,3,3,0,4,1,1,0,1,0,0000000,13,50,13,55,99,99,0,0,0,1,0
36,360663,1,1,0,1,1,2,2,5,4170,22,9,2013,1,1,32,0,16,6,GRAND CONCOURSE,MARCY PL,0,40.83750833,-73.91474722,0,8,0,0,3,2,0,1,3,2,0,2,0,0000000,1,32,99,99,99,99,0,0,0,1,0
36,360664,1,1,0,0,0,1,1,103,705,2,8,2013,6,2,10,1,2,3,SR-25A,GNARLED HOLLOW RD,0,40.943225,-73.10214167,0,30,0,0,3,3,0,4,3,2,0,2,0,0000000,2,13,2,17,88,88,0,0,0,1,0
36,360665,1,1,0,1,1,1,1,103,2920,2,8,2013,6,22,14,1,2,3,SR-27 SUNRISE HWY,,0,40.757575,-73.10679722,0,8,0,0,1,1,0,1,2,1,0,1,0,0000000,99,99,99,99,88,88,0,0,0,1,0
36,360666,1,1,0,0,0,1,1,103,2840,11,8,2013,1,19,36,0,16,6,ROSALIE PL,VALMONT AVE,0,99.99990000,999.99990000,0,42,0,0,3,3,0,4,5,1,0,1,0,0000000,99,99,99,99,99,99,0,0,0,1,1
36,360667,1,1,0,1,1,1,1,103,2840,4,8,2013,1,3,5,0,16,5,NEW YORK AVE,,0,40.84289444,-73.41210833,0,8,0,0,1,1,0,1,3,1,0,1,0,0000000,3,8,3,16,88,88,0,0,0,1,0
36,360668,1,1,0,1,1,1,1,103,705,23,8,2013,6,0,0,0,6,5,RIDGEWAY AVE,,0,99.99990000,999.99990000,0,8,0,0,1,1,0,1,3,10,0,10,0,0000000,99,99,99,99,88,88,0,0,0,1,0
36,360669,1,1,0,0,0,4,4,103,2930,5,9,2013,5,0,2,0,16,6,LOWELL AVE,,0,99.99990000,999.99990000,0,42,0,0,1,1,0,4,2,10,0,10,0,0000000,99,99,99,99,99,99,0,0,0,1,0
36,360670,2,2,0,0,0,3,3,103,705,21,7,2013,1,13,18,0,6,4,CR-111,HOT WATER ST,0,99.99990000,999.99990000,0,12,6,0,2,3,0,1,1,10,0,10,0,0000000,99,99,99,99,99,99,0,0,0,1,0
36,360671,2,2,0,0,0,3,3,103,705,31,8,2013,7,15,56,1,2,3,SR-27A MONTAUK HWY,CR-16 HORSEBLOCK RD,0,40.79346944,-72.90768333,0,12,2,0,2,3,0,1,1,1,0,1,0,0000000,15,56,15,59,99,99,0,0,0,1,0
36,360672,1,1,0,1,1,1,1,103,2840,2,9,2013,2,10,7,0,15,5,EXPRESS DR N,BURRS LN,0,40.79049167,-73.36871111,0,9,0,0,2,3,0,1,1,10,0,10,0,0000000,99,99,99,99,99,99,0,0,0,1,0
36,360673,3,2,1,0,0,3,3,119,6040,30,6,2013,1,15,50,1,2,3,SR-987F SPRAINBROOK PARKWAY,,65,99.99990000,999.99990000,0,14,0,0,1,1,0,2,1,1,0,1,0,0000000,99,99,99,99,99,99,0,0,0,1,0
36,360674,1,1,0,0,0,5,5,59,2600,27,1,2013,1,5,45,1,2,3,SR-908M,,0,99.99990000,999.99990000,0,31,0,0,1,1,0,4,3,1,0,1,0,0000000,5,53,5,58,99,99,0,0,0,2,1
36,360675,2,2,0,0,0,6,6,103,705,22,7,2013,2,17,14,1,2,3,SR-27 SUNRISE HWY,,0,40.780125,-73.005125,0,12,1,0,1,1,0,1,1,10,0,10,0,0000000,17,14,17,19,99,99,0,0,0,1,1
36,360676,1,1,0,0,0,1,1,29,2485,11,8,2013,1,2,9,0,16,5,BIG TREE RD,SR-62,0,42.77183889,-78.82359167,0,1,0,0,3,6,0,4,3,1,0,1,0,0000000,2,8,2,11,2,39,0,0,0,1,1
36,360677,2,2,0,0,0,3,3,59,2160,23,8,2013,6,19,0,0,16,5,ATLANTIC AVE,,0,40.645325,-73.59409722,0,12,6,0,8,1,0,1,1,1,0,1,0,0000000,99,99,99,99,99,99,0,0,0,1,0
36,360678,2,2,0,0,0,9,9,17,4590,4,8,2013,1,1,42,0,6,4,CR-35,RYAN RD,0,42.40944722,-75.5669,0,12,2,0,2,3,0,1,2,1,0,1,0,0000000,1,42,1,48,9,0,0,0,0,2,0
36,360679,2,2,0,0,0,3,3,9,9997,5,9,2013,5,10,11,0,2,3,SR-98,,0,42.40601111,-78.36395833,0,12,6,0,4,1,0,1,1,1,0,1,0,0000000,99,99,99,99,99,99,0,0,0,1,0
36,360680,2,2,0,0,0,2,2,67,1539,30,8,2013,6,7,53,0,6,5,KINNE ST,FRANKLIN PARK DR,0,99.99990000,999.99990000,0,12,6,0,2,2,0,1,1,1,0,1,0,0000000,99,99,99,99,88,88,0,0,0,1,0
36,360681,2,1,1,0,0,1,1,103,2840,8,9,2013,1,15,32,0,16,5,ELWOOD RD,,0,40.86690278,-73.33620556,0,14,0,0,1,1,0,7,1,1,0,1,0,0000000,99,99,99,99,99,99,0,0,0,1,0
36,360682,1,1,0,0,0,2,2,9,3432,11,8,2013,1,19,1,0,6,4,CR-20,,0,42.43661111,-78.51028611,0,1,0,0,1,1,0,1,1,1,0,1,0,0000000,19,1,19,5,99,99,0,0,0,1,1