STATE,ST_CASE,VE_TOTAL,VE_FORMS,PVH_INVL,PEDS,PERNOTMVIT,PERMVIT,PERSONS,COUNTY,CITY,DAY,MONTH,YEAR,DAY_WEEK,HOUR,MINUTE,NHS,ROAD_FNC,ROUTE,TWAY_ID,TWAY_ID2,MILEPT,LATITUDE,LONGITUD,SP_JUR,HARM_EV,MAN_COLL,RELJCT1,RELJCT2,TYP_INT,WRK_ZONE,REL_ROAD,LGT_COND,WEATHER1,WEATHER2,WEATHER,SCH_BUS,RAIL,NOT_HOUR,NOT_MIN,ARR_HOUR,ARR_MIN,HOSP_HR,HOSP_MN,CF1,CF2,CF3,FATALS,DRUNK_DR
36,360683,2,2,0,0,0,2,2,83,6807,19,9,2013,5,13,50,0,2,3,SR-43 W SAND LAKE RD,,0,42.64879722,-73.64543056,0,12,2,0,1,1,0,1,1,1,0,1,0,0000000,13,51,14,1,14,33,0,0,0,1,0
36,360684,1,1,0,0,0,1,1,59,4600,6,8,2013,3,18,10,0,16,6,W JOHN ST,,0,40.76569167,-73.54570556,0,30,0,0,1,1,0,4,1,1,0,1,0,0000000,18,14,18,16,18,35,0,0,0,1,0
36,360685,3,3,0,0,0,7,7,103,705,8,9,2013,1,11,0,1,2,3,SR-25A MONTAUK HWY,,0,40.94527222,-72.88466389,0,12,6,0,1,1,0,1,1,1,0,1,0,0000000,11,2,11,6,12,20,0,0,0,1,0
36,360686,1,1,0,0,0,1,1,9,4760,4,8,2013,1,13,55,0,6,4,CR-644,,0,99.99990000,999.99990000,0,35,0,0,1,1,0,4,1,1,0,1,0,0000000,99,99,99,99,99,99,0,0,0,1,1
36,360687,2,2,0,1,1,2,2,81,4170,13,9,2013,6,21,49,0,13,6,QUEENS PLAZA N,27TH ST,0,40.75055833,-73.93945,0,8,0,0,2,2,0,1,3,1,0,1,0,0000000,99,99,99,99,99,99,14,0,0,1,0
36,360688,2,1,1,0,0,1,1,47,4170,24,8,2013,7,17,0,0,16,6,E 39TH ST,SNYDER AVE,0,40.64948611,-73.94079167,0,14,0,0,3,3,0,7,1,1,0,1,0,0000000,99,99,99,99,99,99,0,0,0,1,0
36,360689,3,3,0,0,0,5,5,111,3329,8,9,2013,1,20,20,0,2,3,SR-299,,0,41.73804167,-74.03787222,0,12,2,0,1,1,0,1,2,1,0,1,0,0000000,20,20,20,27,20,47,0,0,0,2,0
36,360690,2,2,0,0,0,2,2,105,3850,24,6,2013,2,12,20,0,2,3,SR-42,,0,99.99990000,999.99990000,0,1,0,0,1,1,0,1,1,1,0,1,0,0000000,99,99,99,99,99,99,0,0,0,2,0
36,360691,2,2,0,0,0,3,3,89,880,12,9,2013,5,20,52,0,6,4,CR-29 BRICK CHAPEL RD,,0,44.54210278,-75.09913056,0,12,6,0,1,1,0,1,2,2,0,2,0,0000000,20,53,21,5,21,47,0,0,0,2,0
36,360692,2,1,1,0,2,1,3,81,4170,17,9,2013,3,15,24,0,13,6,ROOSEVELT AVE,64TH ST,0,40.74592778,-73.90005,0,14,0,0,3,2,0,7,1,99,0,99,0,0000000,99,99,99,99,99,99,0,0,0,1,0
36,360693,1,1,0,0,0,1,1,75,2200,22,9,2013,1,15,20,0,2,3,SR-48,,0,43.352925,-76.43292222,0,53,0,0,1,1,0,4,1,10,0,10,0,0000000,15,20,15,28,15,58,0,0,0,1,0
36,360694,1,1,0,0,0,2,2,55,2710,17,9,2013,3,12,40,0,6,4,CR-187,,0,43.27312778,-77.80599722,0,30,0,0,1,1,0,4,1,1,0,1,0,0000000,12,40,12,41,99,99,0,0,0,1,0
36,360695,1,1,0,0,0,1,1,25,1490,22,9,2013,1,5,24,0,2,3,SR-10,WEBSTER BROOK RD,0,42.31245833,-74.85230556,0,53,0,0,3,2,0,4,2,1,0,1,0,0000000,5,24,5,40,88,88,0,0,0,1,0
36,360696,2,2,0,0,0,3,3,27,2870,20,9,2013,6,16,20,0,16,5,VIOLET AVE,,0,41.78543889,-73.91375278,0,12,6,0,8,1,0,1,1,1,0,1,0,0000000,16,20,16,26,16,40,0,0,0,1,0
36,360697,2,2,0,0,0,2,2,47,4170,21,9,2013,7,16,8,0,16,6,3RD AVE,,0,40.63555278,-74.02611944,0,12,6,0,1,1,0,1,1,1,0,1,0,0000000,16,9,16,12,16,39,0,0,0,1,0
36,360698,1,1,0,0,0,1,1,111,2242,22,9,2013,1,15,40,1,2,3,SR-44,,0,41.73535833,-74.20146111,0,1,0,0,1,1,0,1,1,1,0,1,0,0000000,15,43,16,2,16,37,0,0,0,1,0
36,360699,1,1,0,1,1,2,2,81,4170,23,9,2013,2,14,11,0,15,6,WHITESTONE EXPY SERVICE RD,,0,40.78227778,-73.82541944,0,8,0,0,1,1,0,4,1,98,0,98,0,0000000,14,12,14,15,14,34,0,0,0,1,0
36,360700,2,2,0,0,0,4,4,111,2865,22,9,2013,1,11,5,1,2,2,US-209,WYNKOOP RD,0,41.92556667,-74.06586389,0,12,6,0,2,3,0,1,1,1,0,1,0,0000000,11,5,11,8,12,31,0,0,0,2,0
36,360701,1,1,0,0,0,1,1,27,6266,26,9,2013,5,4,30,0,2,3,SR-82,,0,41.72317778,-73.73620556,0,43,0,0,1,1,0,4,2,10,0,10,0,0000000,99,99,99,99,99,99,0,0,0,1,0
36,360702,2,2,0,0,0,3,3,55,2710,24,9,2013,3,18,30,0,6,5,W RIDGE RD,,0,43.24381111,-77.811025,0,12,6,0,8,1,0,1,1,1,0,1,0,0000000,18,30,18,36,18,55,0,0,0,1,0
36,360703,2,1,1,1,1,1,1,59,4600,23,9,2013,2,7,13,0,16,6,W MAIN ST,,0,40.87223889,-73.53264167,0,8,0,0,1,1,0,1,1,1,0,1,0,0000000,7,19,7,22,7,40,0,0,0,1,0
36,360704,2,2,0,0,0,2,2,113,5068,25,9,2013,4,12,58,1,2,3,SR-9,I-87 OFF RAMP,0,43.36246111,-73.70083889,0,12,6,0,2,3,0,1,1,1,0,1,0,0000000,13,0,13,1,13,29,0,0,0,1,1
36,360705,1,1,0,0,0,1,1,83,2342,28,9,2013,7,12,37,0,2,3,SR-2,,0,42.76964444,-73.45838333,0,24,0,0,1,1,0,4,1,1,0,1,0,0000000,12,42,12,49,13,23,0,0,0,1,0
36,360706,1,1,0,0,0,1,1,103,360,25,8,2013,1,3,49,1,2,3,SR-908M,,0,99.99990000,999.99990000,0,24,0,0,1,1,0,3,3,1,0,1,0,0000000,3,49,3,54,88,88,0,0,0,1,1
36,360707,1,1,0,1,1,1,1,81,4170,28,9,2013,7,23,5,0,14,6,BROADWAY,58TH ST,0,40.75175833,-73.90359167,0,8,0,0,3,2,0,1,3,1,0,1,0,0000000,99,99,99,99,99,99,0,0,0,1,0
36,360708,1,1,0,1,1,1,1,81,4170,26,9,2013,5,11,38,0,16,6,47TH AVE,33RD ST,0,40.74267222,-73.93226111,0,15,0,0,3,2,0,1,1,1,0,1,0,0000000,11,38,11,47,99,99,0,0,0,1,0
36,360709,2,2,0,0,0,5,5,45,1900,28,9,2013,7,14,22,0,14,3,SR-342,,0,44.03652222,-75.91083889,0,12,2,0,1,1,0,1,1,1,0,1,0,0000000,14,22,14,26,99,99,0,0,0,3,0
36,360710,5,5,0,0,0,9,9,103,2920,28,9,2013,7,7,19,0,13,3,SR-454,CR-112,0,40.78251667,-73.09773333,0,12,6,0,2,2,0,1,1,1,0,1,0,0000000,7,21,7,26,7,54,0,0,0,1,1
36,360711,1,1,0,0,0,2,2,27,6080,28,9,2013,7,9,40,1,2,3,SR-9G,,0,42.06309167,-73.89701944,0,18,0,0,1,1,0,4,1,1,0,1,0,0000000,99,99,99,99,99,99,0,0,0,1,0
36,360712,2,1,1,3,3,1,1,59,2600,28,9,2013,7,7,2,0,16,5,W GRAHAM AVE,SEEBURY ST,0,40.69532778,-73.62876944,0,8,0,0,2,3,0,1,1,1,0,1,0,0000000,6,59,7,9,7,13,0,0,0,1,0
36,360713,2,2,0,0,0,2,2,47,4170,27,5,2013,2,22,13,0,16,6,BATH AVE,BAY 14TH ST,0,40.60574167,-74.00922222,0,12,6,0,2,2,0,1,3,1,0,1,0,0000000,99,99,99,99,99,99,0,0,0,1,0
36,360714,2,2,0,0,0,3,3,15,2800,28,9,2013,7,15,45,0,2,3,SR-14,GARDNER RD,0,42.1759,-76.83823333,0,12,6,0,2,2,0,1,1,1,0,1,0,0000000,99,99,99,99,99,99,0,0,0,1,0
36,360715,2,2,0,0,0,2,2,81,4170,30,7,2013,3,1,7,1,13,6,SPRINGFIELD BLVD,UNION TURNPIKE,0,40.735775,-73.74646944,0,12,6,0,2,3,0,1,3,1,0,1,0,0000000,99,99,99,99,99,99,0,0,0,1,1
36,360716,2,2,0,0,0,2,2,119,6825,10,8,2013,7,0,20,1,2,3,SR-987G TACONIC STATE PARKWAY,,161,99.99990000,999.99990000,0,12,2,0,1,1,0,1,2,1,0,1,0,0000000,0,22,0,30,99,99,0,0,0,1,1
36,360717,1,1,0,1,1,1,1,81,4170,27,7,2013,7,5,5,0,16,6,VAN WYCK EXP SERVICE RD,,0,40.70579722,-73.81755556,0,8,0,0,1,1,0,1,3,1,0,1,0,0000000,99,99,99,99,99,99,0,0,0,1,0
36,360718,1,1,0,0,0,2,2,9,9997,25,8,2013,1,16,10,0,2,3,SR-16,,0,42.36590278,-78.45240278,0,35,0,0,1,1,0,4,1,1,0,1,0,0000000,16,11,16,17,16,55,0,0,0,1,0
36,360719,1,1,0,0,0,1,1,81,4170,28,7,2013,1,5,0,0,14,6,MERRICK BLVD,241ST ST,0,40.67349444,-73.73279167,0,38,0,0,3,3,0,5,3,10,0,10,0,0000000,99,99,99,99,88,88,0,0,0,1,1
36,360720,2,2,0,1,1,1,1,55,4840,29,8,2013,5,20,30,1,1,1,I-490,,0,43.11062778,-77.50706389,0,8,0,0,1,1,0,1,3,1,0,1,0,0000000,20,30,20,38,99,99,19,23,0,1,0
36,360721,3,3,0,0,0,7,7,47,4170,28,9,2013,7,4,56,1,11,1,I-278,,0,40.65885,-74.00269167,0,12,1,0,1,1,0,1,3,1,0,1,0,0000000,5,0,5,15,6,0,0,0,0,1,0
36,360722,2,2,0,0,0,6,6,55,4730,18,9,2013,4,14,50,0,16,5,EMPIRE BLVD,,0,43.17988611,-77.50911944,0,12,1,0,1,1,0,1,1,1,0,1,0,0000000,14,50,14,53,15,19,0,0,0,1,1
36,360723,1,1,0,0,0,1,1,45,90,21,9,2013,7,4,2,1,2,3,SR-12,,0,44.30354444,-75.95320556,0,53,0,0,1,1,0,4,2,10,0,10,0,0000000,4,2,4,17,4,39,0,0,0,1,1
36,360724,1,1,0,0,0,3,3,59,2600,29,9,2013,1,11,55,0,13,5,OLD COUNTRY RD,,0,40.74702778,-73.59353056,0,42,0,0,1,1,0,4,1,1,0,1,0,0000000,11,55,12,0,12,16,0,0,0,2,0
36,360725,1,1,0,1,1,1,1,29,1770,28,9,2013,7,6,41,0,15,3,SR-75,,0,42.65662778,-78.85901111,0,49,0,0,1,1,0,1,2,10,0,10,0,0000000,6,41,6,48,88,88,0,0,0,1,0
36,360726,2,2,0,0,0,6,6,49,3370,28,9,2013,7,18,50,0,6,5,WORTH RD,,0,43.75141667,-75.746175,0,12,2,0,1,1,0,1,5,1,0,1,0,0000000,18,55,19,26,22,1,0,0,0,1,1
36,360727,2,2,0,0,0,3,3,27,3760,30,9,2013,2,9,0,1,2,2,US-44,,0,99.99990000,999.99990000,0,12,2,0,1,1,0,1,1,1,0,1,0,0000000,9,2,9,8,9,55,0,0,0,1,0
36,360728,2,2,0,0,0,2,2,11,3339,3,10,2013,5,7,22,0,4,3,SR-90,CHAMPLIN RD,0,42.64090556,-76.29600278,0,12,6,0,2,2,0,1,4,5,0,5,0,0000000,7,22,8,31,99,99,0,0,0,1,1
36,360729,1,1,0,0,0,1,1,105,3850,3,10,2013,5,20,30,0,6,5,COLD SPRING RD,WAVERLY AVE,0,99.99990000,999.99990000,0,30,0,0,3,2,0,4,2,1,0,1,0,0000000,20,40,20,55,88,88,0,0,0,1,1
36,360730,1,1,0,1,1,1,1,85,4170,4,10,2013,6,6,18,1,13,6,RICHMOND TERR,SIMONSON AVE,0,40.63692778,-74.15135833,0,8,0,0,2,3,0,1,3,1,0,1,0,0000000,6,18,6,28,6,56,0,0,0,1,1
36,360731,1,1,0,1,1,1,1,55,2395,4,10,2013,6,19,25,0,16,5,W RIDGE RD,FETZNER RD,0,43.20732222,-77.67917778,0,9,0,0,3,2,0,1,3,1,0,1,0,0000000,19,25,19,26,19,44,0,0,0,1,0
36,360732,1,1,0,0,0,1,1,71,4060,5,10,2013,7,1,35,0,16,5,S LANDER ST,BENKARD AVE,0,41.49539167,-74.01286944,0,42,0,0,3,2,0,4,3,10,0,10,0,0000000,1,35,1,41,1,55,0,0,0,1,1
36,360733,1,1,0,0,0,1,1,59,2910,6,10,2013,1,0,55,0,16,5,LONG BEACH RD,LANDGRAF LN,0,40.60859722,-73.65288889,0,30,0,0,3,3,0,4,3,5,0,5,0,0000000,0,55,0,56,1,28,0,0,0,1,1
36,360734,1,1,0,1,1,2,2,59,2600,5,10,2013,7,3,46,0,16,5,PENINSULA BLVD,GROVE ST,0,40.70166944,-73.62671389,0,9,0,0,2,2,0,1,3,1,0,1,0,0000000,3,47,3,50,99,99,0,0,0,1,1
36,360735,1,1,0,1,1,1,1,81,4170,4,10,2013,6,19,55,0,16,6,53RD AVE,206TH ST,0,40.75022778,-73.77285833,0,8,0,0,2,2,0,1,3,1,0,1,0,0000000,19,56,99,99,20,21,0,0,0,1,0
36,360736,1,1,0,0,0,1,1,39,4045,6,10,2013,1,8,25,1,2,3,SR-9W,NEW BALTIMORE RD,0,42.44761389,-73.81443889,0,24,0,0,3,3,0,4,1,2,0,2,0,0000000,8,30,8,33,99,99,0,0,0,1,0
36,360737,2,2,0,1,1,2,2,55,5230,6,10,2013,1,3,13,0,16,5,ALEXANDER ST,MONROE AVE,0,43.14901111,-77.59755278,0,8,0,0,3,2,0,1,3,2,0,2,0,0000000,3,13,3,16,88,88,0,0,0,1,0
36,360738,1,1,0,0,0,1,1,29,1275,17,9,2013,3,20,58,0,6,6,HAYES HOLLOW RD,DARIEN RD,0,42.685175,-78.64945833,0,31,0,0,3,4,0,4,3,10,0,10,0,0000000,21,6,21,10,88,88,0,0,0,1,1
36,360739,2,2,0,0,0,3,3,99,1976,4,10,2013,6,17,54,0,3,3,SR-336,,0,42.80805833,-76.83510556,0,12,2,0,8,1,0,1,1,10,0,10,0,0000000,99,99,99,99,99,99,0,0,0,1,0
36,360740,1,1,0,0,0,1,1,77,6170,7,10,2013,2,21,59,0,6,5,RIVER RD,,0,42.34937222,-75.39133333,0,42,0,0,1,1,0,4,2,10,0,10,0,0000000,22,0,22,10,88,88,0,0,0,1,0
36,360741,1,1,0,0,0,3,3,119,1644,7,10,2013,2,14,20,0,16,5,WATER ST,,0,40.96271667,-73.80724444,0,30,0,0,1,1,0,4,1,10,0,10,0,0000000,14,21,14,25,14,53,0,0,0,1,0
36,360742,2,2,0,0,0,2,2,59,2600,7,10,2013,2,7,55,0,16,6,MERRICK RD,LANCASTER AVE,0,40.65314444,-73.617075,0,12,6,0,2,3,0,1,1,10,0,10,1,0000000,7,57,8,0,8,12,0,0,0,1,0
36,360743,1,1,0,1,1,1,1,93,4225,7,10,2013,2,12,35,0,16,5,NOTT ST,,0,42.81571944,-73.89383889,0,8,0,0,1,1,0,1,1,10,0,10,0,0000000,12,35,99,99,12,45,0,0,0,1,0
36,360744,1,1,0,1,1,1,1,47,4170,8,10,2013,3,17,15,0,16,6,PROSPECT PARK WEST,3RD ST,0,40.66821667,-73.97385,0,8,0,0,2,3,0,1,1,1,0,1,0,0000000,99,99,99,99,99,99,0,0,0,1,0
36,360745,1,1,0,1,1,1,1,91,9997,8,10,2013,3,11,4,0,6,5,KING RD,,0,43.24072222,-74.12400556,0,8,0,0,1,1,2,1,1,1,0,1,0,0000000,11,4,11,18,88,88,0,0,0,1,0
36,360746,1,1,0,0,0,1,1,31,3832,12,10,2013,7,13,40,0,4,4,CR-4 ENSIGN POND RD,,0,44.03643889,-73.58708333,0,1,0,0,1,1,0,4,1,1,0,1,0,0000000,13,40,13,56,14,42,0,0,0,1,0
36,360747,1,1,0,1,1,2,2,81,4170,11,10,2013,6,21,45,0,16,6,JUNCTION BLVD,NORTHERN BLVD,0,40.75680833,-73.87363056,0,8,0,0,2,2,0,1,3,10,0,10,0,0000000,99,99,99,99,99,99,0,0,0,1,1
36,360748,2,2,0,0,0,2,2,79,4682,7,10,2013,2,9,25,0,2,3,SR-164,,0,41.47633889,-73.59868611,0,12,6,0,1,1,0,1,1,2,0,2,0,0000000,9,27,9,32,99,99,0,0,0,1,0
36,360749,1,1,0,0,0,1,1,27,5030,13,10,2013,1,3,3,1,2,3,SR-9G,MILLER PL,0,41.73408333,-73.90952222,0,59,0,0,3,3,0,4,3,1,0,1,0,0000000,3,7,3,8,3,25,0,0,0,1,1
36,360750,1,1,0,0,0,2,2,81,4170,13,10,2013,1,5,36,1,13,3,SR-907A,,0,99.99990000,999.99990000,0,25,0,0,1,1,0,4,3,1,0,1,0,0000000,99,99,99,99,99,99,0,0,0,1,1
36,360751,1,1,0,0,0,1,1,19,1080,16,10,2013,4,11,43,0,6,5,PROSPECT ST,,0,44.99206389,-73.38772222,0,43,0,0,1,1,0,4,1,10,0,10,0,0000000,11,42,11,45,12,22,0,0,0,1,0
36,360752,1,1,0,1,1,1,1,65,1220,19,10,2013,7,14,59,0,6,5,FOUNTAIN ST,,0,99.99990000,999.99990000,0,9,0,0,1,1,0,1,1,10,0,10,0,0000000,14,59,15,4,88,88,0,0,0,1,0
36,360753,1,1,0,0,0,1,1,49,2452,17,10,2013,5,7,22,0,6,5,PARTRIDGEVILLE RD,,0,43.69848611,-75.28846389,0,42,0,0,1,1,0,4,2,5,0,5,0,0000000,7,25,7,41,88,88,0,0,0,1,1
36,360754,1,1,0,0,0,1,1,63,3220,6,8,2013,3,14,46,0,16,5,CAYUGA ST,,0,43.17119167,-79.04108611,0,59,0,0,1,1,0,4,1,1,0,1,0,0000000,14,47,14,54,15,6,0,0,0,1,0
36,360755,1,1,0,0,0,3,3,63,3220,19,5,2013,1,5,53,0,6,5,WALMORE RD,,0,43.15348611,-78.93478333,0,30,0,0,1,1,0,4,4,1,0,1,0,0000000,5,53,6,5,10,35,0,0,0,1,1
36,360756,1,1,0,0,0,1,1,13,5730,19,10,2013,7,0,51,0,6,5,MILL CREEK RD,,0,42.31819722,-79.20369444,0,1,0,0,1,1,0,4,2,10,0,10,0,0000000,0,51,1,1,3,0,0,0,0,1,0
36,360757,2,1,1,0,1,1,2,115,2090,12,10,2013,7,18,6,0,16,5,MARION ST,LAWNVIEW AVE,0,43.27481111,-73.58810833,0,14,0,0,3,3,0,7,5,1,0,1,0,0000000,18,6,18,9,18,33,0,0,0,1,0
36,360758,1,1,0,0,0,3,3,27,4690,20,10,2013,1,0,33,0,2,3,SR-292,,0,41.53040833,-73.64762778,0,24,0,0,1,1,0,4,2,10,0,10,0,0000000,0,35,0,45,99,99,0,0,0,1,0
36,360759,2,2,0,0,0,2,2,3,476,22,10,2013,3,10,31,0,2,3,SR-19,CR-17,0,42.32725,-78.10680278,0,12,6,0,2,3,0,1,1,2,0,2,0,0000000,10,31,10,38,99,99,0,0,0,1,1
36,360760,1,1,0,0,0,4,4,71,4130,20,10,2013,1,5,22,0,3,3,SR-908T,,0,99.99990000,999.99990000,0,52,0,0,1,1,0,4,2,1,0,1,0,0000000,5,22,5,26,6,30,0,0,0,1,1
36,360761,1,1,0,0,0,1,1,71,4060,24,10,2013,5,21,46,1,2,3,SR-300,,0,41.57624167,-74.09942778,0,42,0,0,1,1,0,4,2,1,0,1,0,0000000,21,44,21,54,88,88,0,0,0,1,1
36,360762,1,1,0,1,1,1,1,59,2600,26,10,2013,7,18,45,1,13,3,SR-24,,0,40.70678056,-73.66618611,0,8,0,0,1,1,0,1,3,1,0,1,0,0000000,18,47,19,0,19,7,0,0,0,1,0
36,360763,1,1,0,1,1,0,0,1,50,25,10,2013,6,3,4,1,1,1,I-87,,1417,42.69988889,-73.84747222,0,8,0,0,1,1,0,2,2,1,0,1,0,0000000,3,16,3,34,88,88,0,0,0,1,0
36,360764,1,1,0,0,0,1,1,11,960,26,10,2013,7,3,18,0,3,3,SR-176,,0,99.99990000,999.99990000,0,30,0,0,1,1,0,4,2,10,0,10,0,0000000,3,18,3,27,4,22,0,0,0,1,1
36,360765,1,1,0,1,1,1,1,13,2950,9,10,2013,4,15,49,0,16,6,WASHINGTON ST,W 7TH ST,0,42.09943889,-79.24471111,0,8,0,0,2,2,0,1,1,1,0,1,0,0000000,15,49,15,53,16,10,0,0,0,1,0
36,360766,3,3,0,0,0,7,7,87,4380,14,8,2013,4,23,45,1,2,3,SR-987C PALISADES INTSTATE PKY,,0,41.06208611,-73.97471667,0,12,7,0,1,1,0,1,2,1,0,1,0,0000000,23,45,23,49,23,59,0,0,0,1,0
36,360767,1,1,0,0,0,1,1,67,3500,15,10,2013,3,2,11,0,3,3,SR-298,,0,43.116775,-76.00343611,0,31,0,0,1,1,0,4,2,5,0,5,0,0000000,2,21,2,28,88,88,0,0,0,1,1
36,360768,3,3,0,0,0,5,5,29,1117,30,8,2013,6,15,50,0,16,5,LOSSON RD,,0,42.88026667,-78.71316944,0,12,2,0,1,1,0,1,1,1,0,1,0,0000000,15,50,15,51,99,99,0,0,0,1,0
36,360769,2,2,0,0,0,2,2,111,6491,16,10,2013,4,12,8,1,2,3,SR-52,,0,41.72968056,-74.43341944,0,12,6,0,1,1,0,1,1,10,0,10,0,0000000,12,8,12,10,12,41,0,0,0,1,0
36,360770,1,1,0,0,0,2,2,39,2474,31,8,2013,7,1,47,0,6,5,KAFTAS RD,,0,42.20777222,-74.50291111,0,42,0,0,1,1,0,4,2,1,0,1,0,0000000,3,38,99,99,99,99,0,0,0,1,1
36,360771,1,1,0,1,1,1,1,75,2540,26,10,2013,7,21,45,1,2,3,SR-3,,0,43.32750278,-76.51756389,0,8,0,0,1,1,0,1,2,1,0,1,0,0000000,21,49,21,53,22,25,0,0,0,1,0
36,360772,1,1,0,0,0,2,2,17,5650,13,7,2013,7,23,5,0,6,5,BROWN RD,,0,42.74487778,-75.43620278,0,34,0,0,1,1,0,4,2,10,0,10,0,0000000,23,51,0,2,1,0,0,0,0,1,1
36,360773,3,3,0,0,0,3,3,119,1379,15,9,2013,1,12,24,0,3,3,SR-987H,,0,99.99990000,999.99990000,0,12,2,0,1,1,0,1,1,10,0,10,0,0000000,12,24,12,32,12,42,0,0,0,1,1
36,360774,2,2,0,0,0,4,4,71,6163,9,9,2013,2,20,57,1,1,1,I-87,,0,99.99990000,999.99990000,0,12,1,0,1,1,0,1,2,10,0,10,0,0000000,20,57,21,5,22,0,0,0,0,1,0
36,360775,2,2,0,0,0,3,3,111,6350,25,9,2013,4,22,42,1,2,3,SR-52,,0,41.63215,-74.37393611,0,12,2,0,1,1,0,1,2,1,0,1,0,0000000,99,99,99,99,99,99,0,0,0,1,1
36,360776,2,2,0,0,0,2,2,27,5110,21,10,2013,2,9,57,1,2,3,SR-9,,0,41.97953611,-73.88299722,0,12,6,0,8,1,0,1,1,10,0,10,0,0000000,9,59,10,4,10,20,0,0,0,1,0
36,360777,1,1,0,0,0,1,1,81,4170,28,2,2013,5,1,57,1,13,3,SR-907A,,0,99.99990000,999.99990000,0,25,0,0,1,1,0,10,3,1,0,1,0,0000000,99,99,99,99,88,88,0,0,0,1,1
36,360778,1,1,0,1,1,1,1,81,4170,16,5,2013,5,19,23,0,16,6,ATLANTIC AVE,88TH ST,0,40.68674444,-73.85408056,0,8,0,0,3,3,0,1,5,1,0,1,0,0000000,99,99,99,99,99,99,0,0,0,1,0
36,360779,1,1,0,1,1,1,1,5,4170,26,5,2013,1,4,1,1,13,2,US-1,,0,99.99990000,999.99990000,0,8,0,0,1,1,0,1,4,1,0,1,0,0000000,99,99,99,99,99,99,0,0,0,1,0
36,360780,2,2,0,0,0,2,2,25,2530,7,6,2013,6,1,36,0,2,3,SR-17,,0,41.96255833,-75.31887778,0,12,2,0,1,1,0,1,2,2,10,2,0,0000000,1,36,1,45,6,23,0,0,0,1,1
36,360781,2,2,0,1,1,7,7,61,4170,6,6,2013,5,20,57,0,16,6,125TH ST,PARK AVE,0,40.80510833,-73.93913889,0,9,0,0,2,2,0,1,3,10,0,10,0,0000000,99,99,99,99,99,99,0,0,0,1,0
36,360782,1,1,0,1,1,1,1,5,4170,10,7,2013,4,21,20,0,16,6,CRUGER AVE,ASTOR AVE,0,40.85954722,-73.86654444,0,8,0,0,2,3,0,1,3,1,0,1,0,0000000,99,99,99,99,99,99,0,0,0,1,0
36,360783,2,2,0,0,0,2,2,5,4170,28,6,2013,6,22,21,0,16,6,E 225TH ST,,0,40.88361389,-73.84773056,0,12,6,0,8,1,0,1,3,1,0,1,0,0000000,99,99,99,99,99,99,0,0,0,1,0
36,360784,2,2,0,0,0,2,2,5,4170,7,7,2013,1,23,41,0,14,6,PELHAM PKY S,WALLACE AVE,0,40.85675833,-73.86469722,0,12,7,0,3,2,0,1,3,1,0,1,0,0000000,99,99,99,99,99,99,0,0,0,1,1
36,360785,1,1,0,1,1,1,1,47,4170,22,7,2013,2,12,0,0,16,6,FLATBUSH AVE,,0,40.65436111,-73.95960278,0,8,0,0,1,1,0,1,1,1,0,1,0,0000000,99,99,99,99,99,99,0,0,0,1,0
36,360786,2,2,0,0,0,2,2,5,4170,27,7,2013,7,4,15,0,12,6,HUTCHINSON RIVER PKY,,0,40.87148333,-73.81891111,0,12,1,0,1,1,0,1,3,1,0,1,0,0000000,99,99,99,99,99,99,23,0,0,1,0
36,360787,1,1,0,1,1,1,1,47,4170,27,7,2013,7,22,10,0,15,6,NOSTRAND AVE,AVE W,0,40.59591389,-73.94098889,0,8,0,0,3,2,0,1,3,1,0,1,0,0000000,99,99,99,99,99,99,0,0,0,1,0
36,360788,2,2,0,0,0,3,3,105,3850,23,10,2013,4,12,53,0,2,3,SR-17B,KITZ RD,0,41.66733333,-74.77427222,0,12,2,0,2,4,0,1,1,10,0,10,0,0000000,12,53,13,3,99,99,0,0,0,1,0
36,360789,1,1,0,0,0,1,1,85,4170,6,8,2013,3,1,5,1,12,3,SR-278I,,0,99.99990000,999.99990000,0,24,0,0,1,1,0,3,3,1,0,1,0,0000000,99,99,99,99,99,99,0,0,0,1,1
36,360790,1,1,0,0,0,2,2,47,4170,15,8,2013,5,17,50,0,16,6,SURF AVE,,0,40.57424167,-74.00456389,0,19,0,0,1,1,0,4,1,1,0,1,0,0000000,99,99,99,99,99,99,0,0,0,1,1
36,360791,2,2,0,0,0,3,3,47,4170,11,8,2013,1,4,35,0,16,6,BROADWAY,,0,40.70737778,-73.95493333,0,12,1,0,1,1,0,1,3,1,0,1,0,0000000,99,99,99,99,99,99,0,0,0,1,1
36,360792,1,1,0,1,1,2,2,61,4170,23,8,2013,6,16,55,0,16,6,E HOUSTON ST,CLINTON ST,0,40.7214,-73.98383333,0,8,0,0,2,2,0,1,1,1,0,1,0,0000000,99,99,99,99,99,99,0,0,0,1,0
36,360793,1,1,0,0,0,2,2,61,4170,23,8,2013,6,10,36,0,15,6,FDR SERVICE RD,96TH ST,0,40.78278333,-73.94383056,0,24,0,0,3,4,0,4,1,1,0,1,0,0000000,99,99,99,99,99,99,0,0,0,1,0
36,360794,1,1,0,0,0,2,2,55,4840,26,8,2013,2,2,31,0,6,6,EAST ST,,0,43.05456667,-77.49718611,0,53,0,0,1,1,0,5,2,10,0,10,0,0000000,2,32,2,44,3,20,0,0,0,1,1