STATE,ST_CASE,VE_TOTAL,VE_FORMS,PVH_INVL,PEDS,PERNOTMVIT,PERMVIT,PERSONS,COUNTY,CITY,DAY,MONTH,YEAR,DAY_WEEK,HOUR,MINUTE,NHS,ROAD_FNC,ROUTE,TWAY_ID,TWAY_ID2,MILEPT,LATITUDE,LONGITUD,SP_JUR,HARM_EV,MAN_COLL,RELJCT1,RELJCT2,TYP_INT,WRK_ZONE,REL_ROAD,LGT_COND,WEATHER1,WEATHER2,WEATHER,SCH_BUS,RAIL,NOT_HOUR,NOT_MIN,ARR_HOUR,ARR_MIN,HOSP_HR,HOSP_MN,CF1,CF2,CF3,FATALS,DRUNK_DR
36,360795,2,2,0,0,0,3,3,55,680,14,8,2013,4,21,54,0,6,5,SWEDEN WALKER RD,EAST AVE,0,43.21977222,-77.89215278,0,12,2,0,2,3,0,1,2,1,0,1,0,0000000,21,55,21,59,22,32,0,0,0,1,0
36,360796,2,2,0,0,0,3,3,67,1179,22,8,2013,5,12,22,1,2,3,SR-31,,0,43.18638889,-76.20699444,0,12,2,0,1,1,0,1,1,1,0,1,0,0000000,12,22,12,30,13,9,0,0,0,1,1
36,360797,1,1,0,1,1,1,1,47,4170,29,8,2013,5,6,42,0,14,6,PENNSYLVANIA AVE,SEAVIEW AVE,0,40.64403611,-73.87751944,0,8,0,0,3,2,0,1,1,1,0,1,0,0000000,99,99,99,99,88,88,0,0,0,1,0
36,360798,1,1,0,0,0,1,1,47,4170,25,8,2013,1,20,41,1,13,3,SR-907C,,0,40.58409444,-73.92597778,0,44,0,0,1,1,0,1,2,1,0,1,0,0000000,99,99,99,99,99,99,0,0,0,1,1
36,360799,1,1,0,0,0,1,1,61,4170,8,9,2013,1,3,8,1,13,6,12TH AVE,56TH ST,0,40.77060278,-73.99419722,0,33,0,0,3,3,0,3,3,10,0,10,0,0000000,99,99,99,99,99,99,0,0,0,1,1
36,360800,2,2,0,0,0,4,4,47,4170,15,9,2013,1,12,39,0,14,6,LINDEN BLVE,,0,40.65636111,-73.90135833,0,30,0,0,1,1,0,10,1,1,0,1,0,0000000,99,99,99,99,99,99,0,0,0,1,0
36,360801,1,1,0,0,0,1,1,103,5870,8,9,2013,1,17,50,0,2,3,SR-25 MAIN RD,LOVE LN,0,40.99133611,-72.53419167,0,33,0,0,3,4,0,4,1,1,0,1,0,0000000,99,99,99,99,99,99,0,0,0,1,1
36,360802,2,2,0,0,0,2,2,55,5329,17,9,2013,3,17,24,0,2,3,SR-251,,0,43.0027,-77.65205833,0,54,11,0,1,1,0,1,1,1,0,1,0,0000000,17,26,17,31,88,88,14,0,0,1,0
36,360803,2,2,0,0,0,3,3,81,4170,14,9,2013,7,16,28,0,16,6,20TH AVE,24TH ST,0,40.78283611,-73.91072778,0,12,6,0,2,3,0,1,1,1,0,1,0,0000000,99,99,99,99,99,99,0,0,0,2,0
36,360804,1,1,0,1,1,1,1,27,2000,3,10,2013,5,22,36,0,3,3,SR-82,,0,41.553575,-73.85709722,0,8,0,0,1,1,0,1,2,1,0,1,0,0000000,99,99,99,99,99,99,0,0,0,1,0
36,360805,1,1,0,0,0,1,1,27,2000,6,10,2013,1,20,28,0,16,5,OLD GLENHAM RD,GREENHILL DR,0,41.521825,-73.92640833,0,30,0,0,3,2,0,4,3,1,0,1,0,0000000,99,99,99,99,88,88,0,0,0,1,1
36,360806,1,1,0,0,0,1,1,55,1160,20,10,2013,1,2,38,0,6,5,SCOTTSVILLE RD,COATES RD,0,43.06649444,-77.70658333,0,42,0,0,3,2,0,4,3,1,0,1,0,0000000,2,38,2,44,3,14,0,0,0,1,1
36,360807,1,1,0,1,1,1,1,47,4170,26,9,2013,5,14,41,0,16,6,86TH ST,BAY 14TH ST,0,40.60903611,-74.00559722,0,8,0,0,4,1,0,1,1,1,0,1,0,0000000,99,99,99,99,99,99,0,0,0,1,0
36,360808,1,1,0,0,0,2,2,103,2920,27,6,2013,5,0,9,0,16,6,GRAND BLVD,,0,40.77355,-73.22178333,0,42,0,0,1,1,0,5,3,1,0,1,0,0000000,0,10,0,15,88,88,0,0,0,2,1
36,360809,2,2,0,0,0,2,2,59,4600,17,10,2013,5,0,56,1,2,3,SR-908M,,0,40.70489722,-73.44188611,0,12,6,0,1,1,0,1,3,1,0,1,0,0000000,0,57,1,2,1,23,0,0,0,1,0
36,360810,2,2,0,0,0,2,2,59,2600,27,10,2013,1,19,0,1,13,3,SR-27,WASHINGTON AVE,0,40.674925,-73.48485833,0,12,6,0,2,2,0,1,3,1,0,1,0,0000000,19,3,19,5,19,36,0,0,0,1,0
36,360811,1,1,0,1,1,1,1,103,360,25,6,2013,3,21,25,0,16,6,NORTH WELLEOOD AVE,BERRY ST,0,40.71165,-73.39114444,0,9,0,0,3,3,0,1,3,1,0,1,0,0000000,21,26,21,31,21,48,0,0,0,1,0
36,360812,1,1,0,1,1,3,3,47,4170,19,5,2013,1,1,13,0,16,6,EASTERN PKWY,,0,40.67183056,-73.96343611,0,9,0,0,1,1,0,1,3,2,0,2,0,0000000,1,13,99,99,99,99,0,0,0,1,0
36,360813,3,1,2,0,0,2,2,65,4341,19,10,2013,7,9,56,0,6,5,ELMER HILL RD,,0,43.28138333,-75.45033333,0,59,0,0,1,1,0,4,1,1,0,1,0,0000000,9,56,10,2,10,26,0,0,0,1,1
36,360814,1,1,0,0,0,1,1,103,705,7,8,2013,4,12,45,0,16,6,JAMAICA AVE,,0,40.81403889,-72.98970833,0,53,0,0,1,1,0,5,1,1,0,1,0,0000000,12,49,12,55,99,99,0,0,0,1,0
36,360815,1,1,0,0,0,1,1,103,2920,14,8,2013,4,7,40,1,2,3,SR-27 SUNRISE HWY,,0,40.77120833,-73.05005278,0,24,0,0,1,1,0,3,1,1,0,1,0,0000000,7,39,7,43,88,88,0,0,0,1,0
36,360816,1,1,0,1,1,1,1,103,360,15,9,2013,1,21,28,0,13,3,SR-110,JEFFERSON AVE,0,40.69792222,-73.42553889,0,8,0,0,3,3,0,1,2,10,0,10,0,0000000,21,28,21,31,22,4,0,0,0,1,0
36,360817,1,1,0,1,1,1,1,103,360,12,8,2013,2,15,20,0,16,5,GREAT EAST NECK RD,MONTAUK HWY,0,40.68608333,-73.34453889,0,8,0,0,2,2,0,1,1,1,0,1,0,0000000,99,99,99,99,99,99,0,0,0,1,0
36,360818,1,1,0,0,0,1,1,103,2840,22,9,2013,1,4,30,0,6,6,CROLEY ST,PARK AVE,0,40.844675,-73.3733,0,38,0,0,3,3,0,5,3,10,2,2,0,0000000,99,99,99,99,88,88,0,0,0,1,1
36,360819,1,1,0,1,1,1,1,47,4170,26,9,2013,5,15,23,0,16,6,5TH AVE,55TH ST,0,40.64214722,-74.013375,0,8,0,0,3,2,0,1,1,1,0,1,0,0000000,99,99,99,99,99,99,0,0,0,1,0
36,360820,1,1,0,0,0,1,1,103,3654,16,9,2013,2,4,45,0,3,5,EXPRESSWAY DR N,,0,99.99990000,999.99990000,0,1,0,0,1,1,0,1,3,1,0,1,0,0000000,4,49,4,53,5,56,0,0,0,1,0
36,360821,1,1,0,1,1,1,1,67,1179,28,9,2013,7,0,15,0,16,5,OSWEGO RD,,0,43.15188056,-76.22893889,0,8,0,0,1,1,0,2,2,1,0,1,0,0000000,99,99,99,99,99,99,0,0,0,1,0
36,360822,2,2,0,0,0,4,4,55,5600,25,10,2013,6,23,7,1,1,1,I-90,,3723,99.99990000,999.99990000,0,12,1,0,1,1,0,1,2,10,0,10,0,0000000,23,7,23,17,0,8,0,0,0,1,0
36,360823,1,1,0,1,1,1,1,103,450,30,9,2013,2,6,10,0,16,5,CR-13 5TH AVE,MARVIN RD,0,99.99990000,999.99990000,0,8,0,0,2,2,0,1,4,1,0,1,0,0000000,6,13,99,99,99,99,0,0,0,1,0
36,360824,1,1,0,1,1,1,1,59,6375,15,10,2013,3,14,10,0,6,6,BRIARD ST,CARROLTON ST,0,40.68709444,-73.50421389,0,9,0,0,2,2,0,1,1,1,0,1,0,0000000,14,14,99,99,99,99,0,0,0,1,0
36,360825,1,1,0,1,1,2,2,39,6030,19,9,2013,5,23,38,0,13,3,SR-23A,HILL ST,0,42.19571667,-74.13595556,0,15,0,0,2,2,0,1,3,1,0,1,0,0000000,23,39,23,40,88,88,0,0,0,1,0
36,360826,4,4,0,0,0,6,6,5,4170,28,10,2013,2,21,35,1,11,1,I-95,,0,40.84516944,-73.91771667,0,12,1,0,1,1,0,1,3,1,0,1,0,0000000,99,99,99,99,99,99,23,14,0,1,0
36,360827,1,1,0,0,0,1,1,69,830,28,10,2013,2,0,18,1,2,3,SR-5,,0,99.99990000,999.99990000,0,53,0,0,1,1,0,4,2,1,0,1,0,0000000,0,18,0,18,1,32,0,0,0,1,1
36,360828,1,1,0,0,0,1,1,87,5980,28,10,2013,2,3,19,1,2,3,SR-9W,,0,41.22111944,-73.98573056,0,33,0,0,1,1,0,4,3,1,0,1,0,0000000,3,26,3,27,88,88,0,0,0,1,0
36,360829,2,2,0,0,0,3,3,59,2600,29,10,2013,3,5,40,0,3,5,POWERHOUSE RD,ROSLYN RD,0,99.99990000,999.99990000,0,12,6,0,2,2,0,1,3,10,0,10,0,0000000,5,44,5,49,6,10,0,0,0,1,0
36,360830,1,1,0,0,0,1,1,7,1119,29,10,2013,3,6,15,1,2,3,SR-12,,0,42.19548333,-75.86684722,0,42,0,0,1,1,0,4,2,10,0,10,0,0000000,6,15,6,21,88,88,0,0,0,1,0
36,360831,1,1,0,1,1,1,1,5,4170,30,10,2013,4,6,38,0,6,6,THIRD AVE,ST PAULS PL,0,40.83595278,-73.90291944,0,9,0,0,2,3,0,1,3,1,0,1,0,0000000,99,99,99,99,88,88,0,0,0,1,0
36,360832,2,2,0,0,0,4,4,119,5802,30,10,2013,4,8,45,0,2,3,SR-100,,0,41.30990278,-73.69430278,0,12,2,0,8,1,0,1,1,10,0,10,0,0000000,8,53,8,57,9,39,0,0,0,1,0
36,360833,2,2,0,0,0,2,2,71,3840,1,11,2013,6,7,24,0,14,3,SR-52,,0,41.54409444,-74.12810833,0,12,2,0,1,1,0,1,4,10,0,10,0,0000000,7,24,7,36,88,88,0,0,0,1,0
36,360834,2,2,0,0,0,2,2,63,3340,30,10,2013,4,12,5,0,2,3,SR-93 LOCKPORT BYPASS RD,,0,43.13724722,-78.71045833,0,12,2,0,1,1,0,1,1,1,0,1,0,0000000,12,7,12,15,88,88,0,0,0,1,0
36,360835,2,2,0,0,0,5,5,7,4935,1,11,2013,6,19,55,0,2,3,SR-369,,0,42.18760556,-75.822425,0,12,2,0,1,1,0,1,2,1,0,1,0,0000000,19,55,20,1,99,99,0,0,0,2,0
36,360836,2,2,0,0,0,2,2,29,2485,1,11,2013,6,9,40,1,2,3,SR-5,BAYVIEW RD,0,42.77996944,-78.85368889,0,12,6,0,2,2,0,1,1,10,0,10,0,0000000,9,41,9,48,10,10,0,0,0,1,0
36,360837,1,1,0,1,1,3,3,65,650,4,11,2013,2,12,49,1,2,2,US-20,,0,42.88275278,-75.20508333,0,9,0,0,8,1,0,1,1,1,0,1,0,0000000,12,50,12,53,13,23,0,0,0,1,0
36,360838,1,1,0,0,0,1,1,103,2920,4,11,2013,2,4,22,1,2,3,SR-908M SOUTHERN STATE PARKWAY,,0,40.75375,-73.23520556,0,42,0,0,1,1,0,4,3,10,0,10,0,0000000,4,22,4,24,99,99,0,0,0,1,1
36,360839,3,3,0,0,0,3,3,81,4170,31,10,2013,5,22,38,1,11,1,I-495,,0,99.99990000,999.99990000,0,12,1,0,1,1,0,1,3,2,0,2,0,0000000,22,38,99,99,23,8,0,0,0,1,0
36,360840,1,1,0,1,1,2,2,81,4170,6,11,2013,4,17,55,0,16,6,JEWEL AVE,,0,99.99990000,999.99990000,0,8,0,0,1,1,0,1,3,1,0,1,0,0000000,99,99,99,99,99,99,0,0,0,1,0
36,360841,2,1,1,3,3,1,1,47,4170,14,8,2013,4,20,31,0,16,6,JAMAICA AVE,,0,40.68163333,-73.890075,0,14,0,0,1,1,0,5,3,1,0,1,0,0000000,99,99,99,99,99,99,0,0,0,1,0
36,360842,4,4,0,0,0,4,4,87,2580,10,8,2013,7,15,30,0,6,5,SEVEN LAKES RD,,0,99.99990000,999.99990000,0,12,6,0,8,1,0,1,1,1,0,1,0,0000000,15,45,16,0,16,34,0,0,0,1,0
36,360843,1,1,0,0,0,1,1,71,6163,13,9,2013,6,22,4,0,16,5,SEVEN LAKES DR,,0,41.25361389,-74.10184444,0,42,0,0,1,1,0,4,2,10,0,10,0,0000000,99,99,99,99,88,88,0,0,0,1,1
36,360844,1,1,0,0,0,1,1,81,4170,9,11,2013,7,10,15,1,11,1,I-678,,0,40.76569444,-73.83911389,0,39,0,0,1,1,0,3,1,1,0,1,0,0000000,10,15,10,20,10,40,0,0,0,1,1
36,360845,1,1,0,0,0,1,1,91,5470,10,11,2013,1,16,1,0,2,3,SR-9P,,0,43.03711389,-73.71381389,0,42,0,0,1,1,0,4,5,1,0,1,0,0000000,16,1,16,10,88,88,0,0,0,1,1
36,360846,2,2,0,0,0,2,2,63,5323,7,11,2013,5,8,9,0,6,5,SLAYTON SETTLEMENT RD,ORANGEPORT RD,0,43.20647222,-78.5961,0,12,6,0,2,2,0,1,1,10,0,10,0,0000000,8,9,8,14,99,99,0,0,0,1,0
36,360847,2,2,0,0,0,2,2,47,4170,17,10,2013,5,4,54,0,16,6,ROCKAWAY PKWY,AVENUE M,0,40.63710278,-73.89334167,0,12,6,0,2,2,0,1,3,10,0,10,0,0000000,99,99,99,99,99,99,0,0,0,1,0
36,360848,1,1,0,1,1,2,2,87,2241,9,11,2013,7,18,45,1,2,2,US-9W,,0,41.21370833,-73.98582222,0,8,0,0,1,1,0,1,2,1,0,1,0,0000000,18,46,18,50,88,88,0,0,0,1,0
36,360849,1,1,0,0,0,1,1,5,4170,10,11,2013,1,0,15,0,16,6,BROADWAY,W 240TH ST,0,40.88663333,-73.89969722,0,21,0,0,3,2,0,1,3,1,0,1,0,0000000,99,99,99,99,88,88,0,0,0,1,1
36,360850,2,2,0,0,0,2,2,29,4500,7,11,2013,5,13,2,1,13,3,SR-20,,0,42.79721389,-78.75013056,0,12,6,0,8,1,0,1,1,10,0,10,0,0000000,99,99,99,99,99,99,0,0,0,1,0
36,360851,2,2,0,0,0,2,2,13,5991,10,11,2013,1,15,35,1,1,1,I-86,,184,99.99990000,999.99990000,0,12,2,0,1,1,0,1,1,10,0,10,0,0000000,15,35,15,45,16,20,0,0,0,1,1
36,360852,1,1,0,1,1,1,1,103,5210,28,10,2013,2,17,2,1,2,3,SR-25 E MAIN ST,HOWELL AVE,0,40.92164444,-72.65338889,0,8,0,0,2,3,0,1,1,1,0,1,0,0000000,99,99,99,99,99,99,0,0,0,1,0
36,360853,2,1,1,0,0,2,2,103,5270,7,7,2013,1,4,34,1,11,1,I-495,,0,40.81636944,-73.07665556,0,14,0,0,1,1,0,2,3,1,0,1,0,0000000,99,99,99,99,99,99,0,0,0,1,0
36,360854,2,2,0,0,0,5,5,63,3340,9,10,2013,4,19,11,0,16,5,S TRANSIT RD,RAPIDS RD,0,43.11405556,-78.69678333,0,12,6,0,2,2,0,1,5,1,0,1,0,0000000,19,11,19,14,20,13,0,0,0,1,0
36,360855,2,2,0,0,0,5,5,65,6680,9,11,2013,7,18,43,0,3,3,SR-840,,0,43.10626944,-75.34948056,0,11,0,0,1,1,0,1,2,10,0,10,0,0000000,18,43,18,48,99,99,14,0,0,1,1
36,360856,2,2,0,0,0,2,2,39,6732,9,5,2013,5,7,50,0,2,3,SR-23,,0,42.32034444,-74.17811389,0,12,2,0,1,1,0,1,1,10,0,10,0,0000000,7,55,8,2,99,99,0,0,0,1,0
36,360857,1,1,0,1,1,1,1,5,4170,27,8,2013,3,20,24,0,15,6,WHITE PLAINS RD,,0,40.81921111,-73.85757778,0,8,0,0,1,1,0,1,3,1,0,1,0,0000000,99,99,99,99,99,99,0,0,0,1,0
36,360858,2,1,1,0,2,1,3,61,4170,5,11,2013,3,1,29,0,16,6,COLUMBUS AVE,W 67TH ST,0,40.77422778,-73.9811,0,45,0,0,3,2,2,1,3,1,0,1,0,0000000,1,30,1,36,1,45,0,0,0,1,0
36,360859,2,2,0,0,0,6,6,45,6450,6,9,2013,6,14,22,1,2,3,SR-3,SALMON RUN MALL RD,0,43.97485833,-75.95423056,0,12,6,0,2,2,0,1,1,1,0,1,0,0000000,14,24,14,32,15,41,0,0,0,1,0
36,360861,1,1,0,1,1,1,1,61,4170,18,10,2013,6,4,42,0,16,6,AUDUBON AVE,W 176TH ST,0,40.84549167,-73.93470278,0,8,0,0,2,2,0,1,3,1,0,1,0,0000000,99,99,99,99,88,88,0,0,0,1,0
36,360862,4,2,2,1,1,4,4,61,4170,11,11,2013,2,12,50,0,14,6,PARK AVE,E 102ND ST,0,40.79041111,-73.94989444,0,12,6,0,2,2,0,1,1,1,0,1,0,0000000,99,99,99,99,13,25,0,0,0,1,0
36,360863,1,1,0,0,0,1,1,9,980,15,11,2013,6,19,25,0,3,3,SR-353,,0,42.3048,-78.86080833,0,42,0,0,1,1,0,5,2,1,0,1,0,0000000,19,25,19,29,20,57,0,0,0,1,0
36,360864,1,1,0,1,1,1,1,59,4600,12,11,2013,3,5,45,0,16,6,W OLD COUNTRY RD,LEVITTOWN PKWY,0,99.99990000,999.99990000,0,8,0,0,2,3,0,1,3,2,0,2,0,0000000,5,45,5,49,88,88,0,0,0,1,0
36,360865,1,1,0,1,1,1,1,59,2600,12,11,2013,3,18,45,1,2,3,SR-25 JERICHO TURNPIKE,,0,40.74306667,-73.65885556,0,8,0,0,1,1,0,1,2,1,0,1,0,0000000,18,46,18,54,19,11,0,0,0,1,0
36,360866,1,1,0,0,0,1,1,59,2240,3,10,2013,5,21,49,0,16,6,158 STEWART AVW,,0,40.72480556,-73.66724167,0,42,0,0,1,1,0,5,3,1,0,1,0,0000000,99,99,99,99,99,99,0,0,0,1,1
36,360867,1,1,0,1,1,1,1,5,4170,14,11,2013,5,23,28,1,1,1,I-95,,0,40.84493611,-73.91838056,0,8,0,1,18,1,0,1,2,1,0,1,0,0000000,99,99,99,99,99,99,0,0,0,1,0
36,360868,1,1,0,0,0,1,1,65,610,16,11,2013,7,16,29,1,2,3,SR-46,,0,43.46798333,-75.32871389,0,1,0,0,1,1,0,4,1,1,0,1,0,0000000,16,31,16,33,88,88,0,0,0,1,1
36,360869,2,2,0,1,1,3,3,5,4170,15,11,2013,6,20,14,0,13,6,BAYCHESTER AVE,,0,40.892325,-73.84339167,0,8,0,0,1,1,0,1,3,1,0,1,0,0000000,20,14,20,17,88,88,14,0,0,1,0
36,360870,1,1,0,0,0,1,1,81,4170,15,11,2013,6,22,14,1,12,3,SR-907A,,0,40.71230556,-73.728575,0,1,0,0,1,1,0,2,3,1,0,1,0,0000000,99,99,99,99,88,88,0,0,0,1,1
36,360871,1,1,0,0,0,1,1,115,790,17,11,2013,1,5,4,0,6,5,STANTON RD,,0,43.12500556,-73.36159722,0,42,0,0,1,1,0,4,2,1,0,1,0,0000000,5,30,6,0,88,88,0,0,0,1,1
36,360872,3,3,0,0,0,3,3,101,1360,18,11,2013,2,11,48,0,3,4,CR-40,,0,42.12319444,-77.06906667,0,12,6,0,1,1,0,1,1,1,0,1,0,0000000,11,49,11,55,15,17,0,0,0,1,0
36,360873,1,1,0,0,0,4,4,71,1169,23,11,2013,7,21,18,0,6,5,INGRASSIA RD,,0,41.47498889,-74.42900556,0,35,0,0,1,1,0,4,2,4,0,4,0,0000000,21,18,21,28,22,5,0,0,0,3,1
36,360874,1,1,0,1,1,1,1,119,2555,23,11,2013,7,5,6,1,1,1,I-287,,0,99.99990000,999.99990000,0,8,0,0,1,1,0,1,2,1,0,1,0,0000000,5,6,5,15,5,45,0,0,0,1,0
36,360875,1,1,0,0,0,1,1,89,5339,24,11,2013,1,19,42,0,6,4,CR-24,CR-17,0,44.50083333,-75.34298056,0,42,0,0,3,3,0,4,3,1,0,1,0,0000000,19,42,19,48,88,88,0,0,0,1,1
36,360876,2,2,0,0,0,2,2,55,5230,23,11,2013,7,2,48,1,1,1,I-490,,0,43.15706111,-77.64283333,0,12,2,0,1,1,0,1,3,10,0,10,0,0000000,2,48,3,0,3,40,0,0,0,1,1
36,360877,1,1,0,1,1,1,1,61,4170,24,11,2013,1,10,0,0,14,6,ST NICHOLAS AVE,,0,40.81454444,-73.94913889,0,8,0,0,1,1,0,1,1,1,0,1,0,0000000,99,99,99,99,99,99,0,0,0,1,1
36,360878,2,2,0,2,2,2,2,5,4170,24,11,2013,1,6,36,1,11,1,I-278,,0,99.99990000,999.99990000,0,12,1,0,1,1,0,1,3,1,0,1,0,0000000,99,99,99,99,99,99,23,0,0,1,0
36,360879,1,1,0,1,1,1,1,59,1020,25,11,2013,2,15,43,0,16,5,SPRUCE ST,CHESTNUT ST,0,40.62176944,-73.72621111,0,8,0,0,3,10,0,1,1,1,0,1,0,0000000,15,45,15,48,99,99,0,0,0,1,0
36,360880,1,1,0,1,1,1,1,59,4090,5,9,2013,5,4,27,0,16,6,HILLSIDE AVE,HERRICKS RD,0,40.75313333,-73.65755,0,8,0,0,2,2,0,1,3,1,0,1,0,0000000,99,99,99,99,99,99,0,0,0,1,0
36,360881,1,1,0,1,1,1,1,81,4170,26,11,2013,3,6,19,0,13,6,ROCKAWAY BLVD,FARMERS BLVD,0,40.65971111,-73.773775,0,8,0,0,2,2,0,1,3,1,0,1,0,0000000,6,19,6,24,6,42,0,0,0,1,0
36,360882,1,1,0,0,0,4,4,29,3070,4,10,2013,6,4,25,0,16,6,RIDEG RD,,0,42.82601944,-78.821225,0,30,0,0,1,1,0,4,3,10,0,10,0,0000000,99,99,99,99,99,99,0,0,0,1,0
36,360883,1,1,0,0,0,1,1,87,5077,6,10,2013,1,3,33,0,16,5,N HIGHLAND AVE,,0,41.07369167,-74.03604167,0,18,0,0,1,1,0,4,3,10,0,10,0,0000000,3,37,3,45,4,5,0,0,0,1,1
36,360884,1,1,0,0,0,1,1,73,3008,20,11,2013,4,23,15,0,6,5,ROOSEVELT HWY,,0,43.32319444,-78.10969722,0,42,0,0,1,1,0,4,2,1,0,1,0,0000000,23,22,23,31,0,13,0,0,0,1,0
36,360885,2,2,0,0,0,2,2,13,2150,11,11,2013,2,20,30,1,2,3,SR-20,,0,42.40978611,-79.39936389,0,12,6,0,1,1,0,1,2,4,0,4,0,0000000,20,35,20,42,99,99,0,0,0,1,0
36,360886,1,1,0,1,1,1,1,81,4170,27,11,2013,4,16,54,0,14,6,BORDEN AVE,MAURICE AVE,0,40.72719722,-73.90735556,0,9,0,0,2,2,0,1,3,2,0,2,0,0000000,16,54,16,55,17,5,0,0,0,1,0
36,360887,1,1,0,2,2,2,2,85,4170,27,11,2013,4,17,27,0,16,6,FOREST HILL RD,,0,40.59162778,-74.14526389,0,8,0,0,1,1,0,1,3,2,0,2,0,0000000,17,27,17,35,17,55,0,0,0,2,0
36,360888,1,1,0,1,1,2,2,61,4170,27,11,2013,4,17,13,0,16,6,AVENUE C,E 16TH ST,0,40.72980278,-73.97489722,0,8,0,0,2,2,0,1,3,2,0,2,0,0000000,99,99,99,99,99,99,0,0,0,1,0
36,360889,1,1,0,0,0,1,1,103,705,8,8,2013,5,7,46,0,6,4,CR-111,,0,40.84846111,-72.74044167,0,1,0,0,1,1,0,3,1,10,0,10,0,0000000,99,99,99,99,88,88,0,0,0,1,0
36,360890,3,3,0,0,0,3,3,27,2870,5,9,2013,5,10,10,0,4,3,SR-9G,,0,41.81179167,-73.90512222,0,12,6,0,1,1,0,1,1,1,0,1,0,0000000,10,10,10,18,10,48,0,0,0,1,0
36,360891,1,1,0,1,1,2,2,103,705,2,10,2013,4,7,55,0,16,5,HAWKINS RD,,0,40.88108611,-73.02957778,0,8,0,0,1,1,0,1,1,1,0,1,0,0000000,99,99,99,99,88,88,0,0,0,1,0
36,360892,1,1,0,0,0,1,1,103,705,13,10,2013,1,7,6,1,13,6,CR-83,,0,40.90914722,-73.00571111,0,24,0,0,1,1,0,3,1,10,0,10,0,0000000,7,6,7,14,88,88,0,0,0,1,1
36,360893,2,2,0,0,0,3,3,71,3840,21,1,2013,2,15,9,0,4,6,ALBANY POST RD,,0,41.56822778,-74.22425,0,12,2,0,1,1,0,1,1,10,0,10,0,0000000,15,10,15,19,99,99,0,0,0,1,1
36,360894,3,3,0,1,1,5,5,111,5480,14,10,2013,2,19,34,1,2,3,SR-32,OLD KINGS HWY,0,42.10890833,-73.96838889,0,9,0,0,2,4,0,1,2,1,0,1,0,0000000,99,99,99,99,88,88,0,0,0,1,0
36,360895,1,1,0,1,1,1,1,103,2840,18,10,2013,6,9,23,1,13,3,SR-25A,W NECK RD,0,40.87077222,-73.43077778,0,8,0,0,2,2,0,1,1,1,0,1,0,0000000,99,99,99,99,99,99,0,0,0,1,0
36,360896,2,2,0,0,0,2,2,59,4600,15,9,2013,1,12,42,1,2,3,SR-909D OCEAN PKWY,,0,40.6107,-73.42433056,0,12,1,0,1,1,0,1,1,1,0,1,0,0000000,12,46,12,54,15,10,0,0,0,1,0
36,360897,1,1,0,1,1,2,2,103,705,31,10,2013,5,2,5,0,6,6,WAVERLY AVE,,0,40.78460556,-73.04068056,0,8,0,0,1,1,0,1,2,10,0,10,0,0000000,99,99,99,99,88,88,0,0,0,1,0
36,360898,2,2,0,0,0,4,4,27,3760,18,10,2013,6,13,40,0,15,5,OVERLOOK RD,,0,99.99990000,999.99990000,0,12,2,0,1,1,0,1,1,1,0,1,0,0000000,13,30,13,38,14,8,0,0,0,1,0
36,360899,2,2,0,0,0,2,2,117,5790,13,11,2013,4,18,11,0,6,6,RIDGE RD,BARCLAY RD,0,43.22498611,-77.02209167,0,12,6,0,2,2,0,1,2,1,0,1,0,0000000,18,11,18,20,88,88,0,0,0,1,0
36,360900,2,2,0,0,0,3,3,69,2260,17,11,2013,1,17,15,0,13,3,SR-5,,0,42.87073889,-76.97730833,0,12,2,0,1,1,0,1,3,10,0,10,0,0000000,99,99,99,99,99,99,0,0,0,1,0
36,360901,1,1,0,1,1,1,1,103,4385,23,10,2013,4,20,14,0,2,3,SR-27A MONTAUK HWY,OAKNECK LN,0,40.69708056,-73.28399722,0,8,0,0,3,3,0,1,3,10,0,10,0,0000000,99,99,99,99,99,99,0,0,0,1,0
36,360902,1,1,0,1,1,1,1,103,360,25,10,2013,6,11,14,0,16,5,N WELLWOOD AVE,AUBURN ST,0,40.68768333,-73.37435833,0,8,0,0,2,3,0,1,1,1,0,1,0,0000000,99,99,99,99,99,99,0,0,0,1,0
36,360903,1,1,0,1,1,1,1,5,4170,22,11,2013,6,15,55,0,14,6,GRAND CONCOURSE AVE,E 187TH ST,0,40.86039167,-73.89829722,0,8,0,0,3,3,0,1,1,10,0,10,0,0000000,15,55,99,99,99,99,0,0,0,1,0
36,360904,3,2,1,0,0,4,4,81,4170,3,9,2013,3,19,14,0,13,6,LINDEN BLVD,,0,40.69352778,-73.75535556,0,12,99,0,1,1,0,1,1,99,0,99,0,0000000,99,99,99,99,99,99,0,0,0,1,0
36,360905,1,1,0,1,1,1,1,5,4170,29,11,2013,6,5,40,1,11,1,I-87,,0,40.88823611,-73.89226944,0,8,0,0,1,1,0,1,3,1,0,1,0,0000000,5,40,5,47,88,88,0,0,0,1,0
36,360906,1,1,0,1,1,2,2,119,6040,26,11,2013,3,16,54,0,16,5,WHITE PLAINS RD,,0,41.06411111,-73.85522222,0,8,0,0,1,1,0,1,3,2,0,2,0,0000000,16,54,16,57,17,30,0,0,0,1,0