STATE,ST_CASE,VE_TOTAL,VE_FORMS,PVH_INVL,PEDS,PERNOTMVIT,PERMVIT,PERSONS,COUNTY,CITY,DAY,MONTH,YEAR,DAY_WEEK,HOUR,MINUTE,NHS,ROAD_FNC,ROUTE,TWAY_ID,TWAY_ID2,MILEPT,LATITUDE,LONGITUD,SP_JUR,HARM_EV,MAN_COLL,RELJCT1,RELJCT2,TYP_INT,WRK_ZONE,REL_ROAD,LGT_COND,WEATHER1,WEATHER2,WEATHER,SCH_BUS,RAIL,NOT_HOUR,NOT_MIN,ARR_HOUR,ARR_MIN,HOSP_HR,HOSP_MN,CF1,CF2,CF3,FATALS,DRUNK_DR
36,360907,1,1,0,0,0,1,1,21,3313,28,11,2013,5,19,52,0,6,4,CR-19,,0,42.07509722,-73.79909167,0,30,0,0,1,1,0,4,2,1,0,1,0,0000000,19,52,19,57,20,48,0,0,0,1,0
36,360908,1,1,0,1,1,1,1,103,705,23,10,2013,4,21,27,0,13,4,CR-83,SR-25,0,99.99990000,999.99990000,0,8,0,0,2,2,0,1,3,10,0,10,0,0000000,21,31,21,35,21,51,0,0,0,1,0
36,360909,1,1,0,0,0,1,1,71,4060,30,11,2013,7,9,4,0,2,3,SR-17K,COCHECTON AVE,0,41.51037778,-74.09391111,0,31,0,0,3,3,0,4,1,1,0,1,0,0000000,9,4,9,9,9,23,0,0,0,1,0
36,360910,2,2,0,0,0,3,3,111,4875,23,3,2013,7,14,22,1,2,3,SR-32,,0,41.63353056,-74.10451667,0,52,0,0,1,1,0,4,1,1,0,1,0,0000000,14,22,14,33,15,4,0,0,0,2,0
36,360911,1,1,0,1,1,1,1,91,390,30,11,2013,7,8,44,0,3,3,SR-29,,0,43.07286944,-73.8717,0,8,0,0,1,1,0,2,1,1,0,1,0,0000000,8,45,8,53,88,88,0,0,0,1,0
36,360912,1,1,0,2,2,1,1,55,2395,1,12,2013,1,17,15,0,3,3,SR-261,LATTA RD,0,43.25400833,-77.751025,0,8,0,0,3,3,0,1,3,2,0,2,0,0000000,17,15,17,23,17,48,0,0,0,1,0
36,360913,4,1,3,0,0,1,1,81,4170,6,9,2013,6,20,12,0,16,6,JUNCTION BLVD,CHRISTIE AVE,0,40.73988611,-73.86704722,0,5,0,0,3,3,0,1,3,1,0,1,0,0000000,99,99,99,99,99,99,0,0,0,1,0
36,360914,1,1,0,1,1,1,1,5,4170,15,9,2013,1,4,57,0,6,6,BRUCKNER BLVD,EVERGREEN AVE,0,40.82366667,-73.87956667,0,8,0,0,3,3,0,1,3,1,0,1,0,0000000,99,99,99,99,88,88,0,0,0,1,0
36,360915,1,1,0,1,1,1,1,81,4170,21,9,2013,7,22,18,0,13,6,QUEENS BLVD,71ST AVE,0,40.721525,-73.84378333,0,8,0,0,3,7,0,1,2,10,0,10,0,0000000,99,99,99,99,99,99,0,0,0,1,0
36,360916,1,1,0,1,1,1,1,47,4170,6,7,2013,7,16,30,0,16,6,BROADWAY,HOOPER ST,0,40.707025,-73.95396667,0,8,0,0,2,2,0,1,1,1,0,1,0,0000000,99,99,99,99,99,99,0,0,0,1,0
36,360917,1,1,0,0,0,1,1,81,4170,7,5,2013,3,23,38,1,1,1,I-678 EXIT RAMP,,0,99.99990000,999.99990000,0,24,0,0,5,1,0,4,2,1,0,1,0,0000000,23,38,0,7,99,99,0,0,0,1,0
36,360918,2,2,0,0,0,2,2,81,4170,12,6,2013,4,17,31,0,13,6,NORTHERN BLVD,MURRAY ST,0,40.76408333,-73.81271111,0,12,6,0,2,2,0,1,1,1,0,1,0,0000000,99,99,99,99,99,99,0,0,0,1,0
36,360919,1,1,0,0,0,1,1,71,6163,19,11,2013,3,12,26,0,6,5,SEVEN LAKES DR,,0,99.99990000,999.99990000,0,17,0,0,1,1,0,4,1,1,0,1,0,0000000,12,26,12,35,88,88,0,0,0,1,0
36,360920,4,4,0,0,0,5,5,5,4170,24,9,2013,3,3,45,1,1,1,I-95 CROSS BRONX EXPRESSWAY,,0,40.833525,-73.86128056,0,12,1,0,1,1,0,1,3,1,0,1,0,0000000,99,99,99,99,99,99,0,0,0,1,0
36,360921,1,1,0,1,1,1,1,81,4170,6,10,2013,1,5,38,0,13,6,MAIN ST,CHERRY AVE,0,40.75236111,-73.82678889,0,8,0,0,2,2,0,1,1,10,0,10,0,0000000,99,99,99,99,99,99,0,0,0,1,0
36,360922,1,1,0,1,1,1,1,5,4170,2,10,2013,4,7,16,0,16,6,MELROSE AVE,E 160TH ST,0,40.82357222,-73.91414444,0,15,0,0,2,2,0,1,1,1,0,1,1,0000000,99,99,99,99,99,99,0,0,0,1,0
36,360923,2,2,0,0,0,2,2,75,2200,30,10,2013,4,14,42,0,3,4,CR-8,,0,99.99990000,999.99990000,0,12,2,0,8,1,0,1,1,1,0,1,0,0000000,14,42,14,50,15,42,0,0,0,1,0
36,360924,1,1,0,1,1,2,2,5,4170,27,11,2013,4,18,10,0,16,6,WILLIAMSBRIDGE RD,NEILL AVE,0,99.99990000,999.99990000,0,8,0,0,2,2,0,1,3,2,0,2,0,0000000,18,10,18,18,18,30,0,0,0,1,0
36,360925,1,1,0,0,0,2,2,87,4063,19,6,2013,4,20,25,1,2,2,US-9W,,0,99.99990000,999.99990000,0,24,0,0,1,1,0,4,1,1,0,1,0,0000000,20,26,20,30,21,0,0,0,0,1,1
36,360926,3,3,0,0,0,3,3,47,4170,22,10,2013,3,4,30,0,16,6,FOSTER AVE,RALPH AVE,0,40.640225,-73.91939444,0,12,6,0,2,2,0,1,3,1,0,1,0,0000000,99,99,99,99,99,99,0,0,0,1,0
36,360927,2,2,0,1,1,5,5,81,4170,12,11,2013,3,6,16,0,16,6,14TH AVE,129TH ST,0,40.78554722,-73.8392,0,8,0,0,2,2,0,1,4,4,0,4,0,0000000,99,99,99,99,88,88,0,0,0,1,0
36,360928,1,1,0,1,1,1,1,119,472,20,11,2013,4,19,55,0,14,3,SR-35,,0,41.26410556,-73.68308611,0,8,0,0,1,1,0,1,2,1,0,1,0,0000000,19,55,20,5,20,30,0,0,0,1,0
36,360929,1,1,0,0,0,1,1,55,5230,23,11,2013,7,5,15,0,14,6,INNER LOOP,,0,43.16020278,-77.596025,0,39,0,0,1,1,0,5,3,1,0,1,0,0000000,5,15,5,21,5,58,0,0,0,1,1
36,360930,2,2,0,0,0,2,2,27,5030,27,11,2013,4,12,59,0,14,3,SR-376,RAYMOND AVE,0,41.68125,-73.89605278,0,12,1,0,2,3,0,1,1,10,2,2,0,0000000,12,59,13,3,13,30,0,0,0,1,0
36,360931,1,1,0,0,0,1,1,27,3084,27,11,2013,4,14,30,0,4,3,SR-82,,0,41.6846,-73.74911389,0,42,0,0,1,1,0,5,1,10,2,2,0,0000000,14,30,14,37,15,10,0,0,0,1,0
36,360932,1,1,0,1,1,1,1,61,4170,30,11,2013,7,14,31,0,16,6,E 44TH ST,,0,40.75442222,-73.97916944,0,8,0,0,1,1,0,1,1,1,0,1,0,0000000,99,99,99,99,88,88,0,0,0,1,0
36,360933,3,3,0,0,0,9,9,47,4170,30,11,2013,7,7,55,0,14,6,OCEAN PKY,,0,40.58805,-73.96566667,0,12,1,0,1,1,0,1,3,1,0,1,0,0000000,99,99,99,99,99,99,0,0,0,1,0
36,360934,1,1,0,1,1,2,2,5,4170,5,11,2013,3,11,5,0,16,6,E 141ST ST,BEEKMAN AVE,0,99.99990000,999.99990000,0,8,0,0,2,3,0,1,1,10,0,10,0,0000000,99,99,99,99,99,99,0,0,0,1,0
36,360935,3,1,2,2,2,1,1,67,6010,3,11,2013,1,3,58,1,11,1,I-690,,0,43.05380556,-76.11898889,0,14,0,0,1,1,0,2,3,1,0,1,0,0000000,4,0,4,5,4,27,23,0,0,1,0
36,360936,2,2,0,0,0,3,3,103,1650,2,12,2013,2,11,37,0,2,3,SR-27,,0,40.99200556,-72.06780833,0,12,6,0,1,1,0,2,1,1,0,1,0,0000000,99,99,99,99,99,99,0,0,0,1,0
36,360937,1,1,0,2,2,1,1,87,3975,4,12,2013,4,17,45,0,14,6,NEW CLARKSTOWN RD,MEADOW LN,0,41.11681944,-74.02613611,0,8,0,0,3,2,0,1,2,10,0,10,0,0000000,17,46,17,48,99,99,0,0,0,1,0
36,360938,2,2,0,0,0,3,3,91,1209,4,12,2013,4,14,34,0,13,3,SR-9,CLIFTON PARK VILLAGE RD,0,42.86815,-73.77290278,0,12,6,0,2,3,0,1,1,1,0,1,0,0000000,14,34,14,57,99,99,0,0,0,1,0
36,360939,2,2,0,0,0,2,2,53,6004,4,12,2013,4,6,39,0,6,6,HARSH RD,,0,43.06751389,-75.82105556,0,12,1,0,1,1,1,1,4,3,12,3,0,0000000,6,41,6,59,8,28,23,0,0,1,0
36,360940,1,1,0,0,0,1,1,25,5700,5,12,2013,5,19,52,0,6,6,CRANE HILL RD,,0,42.30362778,-75.28692778,0,42,0,0,1,1,0,5,2,10,0,10,0,0000000,19,52,19,56,21,47,0,0,0,1,0
36,360941,2,2,0,0,0,5,5,21,3313,5,12,2013,5,9,27,0,2,3,SR-9G,,0,42.18894167,-73.84131944,0,12,2,0,1,1,0,1,1,5,0,5,0,0000000,9,27,9,37,10,6,0,0,0,1,0
36,360942,1,1,0,0,0,4,4,95,1240,1,12,2013,1,21,51,1,1,1,I-88,,930,99.99990000,999.99990000,0,34,0,0,1,1,0,3,2,10,0,10,0,0000000,21,51,22,6,23,13,0,0,0,1,0
36,360943,1,1,0,1,1,1,1,5,4170,6,12,2013,6,18,43,0,16,6,CO OP CITY BLVD,DREISER LOOP,0,40.87816111,-73.82949444,0,8,0,0,3,3,0,1,3,3,10,3,0,0000000,99,99,99,99,99,99,0,0,0,1,0
36,360944,1,1,0,1,1,1,1,59,2600,1,12,2013,1,1,17,0,16,6,FULTON AVE,BENNETT AVE,0,40.70962222,-73.61603611,0,8,0,0,2,2,0,1,3,1,0,1,0,0000000,99,99,1,19,1,39,0,0,0,1,0
36,360945,1,1,0,1,1,1,1,81,4170,7,12,2013,7,3,15,0,14,6,WOODHAVEN BLVD,JAMAICA AVE,0,40.69325556,-73.8521,0,8,0,0,3,2,0,1,3,10,3,3,0,0000000,99,99,99,99,99,99,0,0,0,1,0
36,360946,1,1,0,1,1,3,3,69,830,2,12,2013,2,18,33,0,2,3,SR-364,,0,99.99990000,999.99990000,0,8,0,0,1,1,0,1,2,10,0,10,0,0000000,18,33,18,41,19,24,0,0,0,1,0
36,360947,2,2,0,0,0,2,2,27,5030,2,12,2013,2,17,50,1,2,2,US-55 COLUMBUS DR,CHURCH ST,0,41.70220278,-73.93089722,0,12,1,0,2,3,0,1,3,10,0,10,0,0000000,17,58,18,2,18,12,0,0,0,1,0
36,360948,1,1,0,0,0,1,1,71,4980,7,12,2013,7,17,44,1,1,1,I-84,,0,99.99990000,999.99990000,0,1,0,0,1,1,0,1,2,1,0,1,0,0000000,17,45,17,48,18,20,0,0,0,1,0
36,360949,1,1,0,1,1,1,1,81,4170,9,12,2013,2,18,17,0,16,6,BOOTH MEMORIAL AVE,,0,40.74632222,-73.82528611,0,8,0,0,1,1,0,1,3,1,0,1,0,0000000,99,99,99,99,99,99,0,0,0,1,0
36,360950,1,1,0,1,1,1,1,5,4170,9,12,2013,2,19,24,0,13,6,WEBSTER AVE,,0,40.84063056,-73.90488056,0,8,0,0,1,1,0,1,3,1,0,1,0,0000000,19,17,19,25,99,99,0,0,0,1,0
36,360951,1,1,0,0,0,1,1,71,1169,10,12,2013,3,14,4,1,1,1,I-84,,0,41.45300556,-74.35832222,0,50,0,0,1,1,0,3,1,4,0,4,0,0000000,14,4,14,14,14,58,0,0,0,1,0
36,360952,2,2,0,0,0,3,3,65,403,9,12,2013,2,10,0,0,2,3,SR-365,,0,99.99990000,999.99990000,0,12,2,0,1,1,0,1,1,3,12,3,0,0000000,10,0,10,7,99,99,0,0,0,1,0
36,360953,1,1,0,0,0,1,1,111,2865,12,12,2013,5,14,22,0,6,5,GLENFORD WITTENBERG RD,,0,42.00589722,-74.14511111,0,42,0,0,1,1,0,4,1,10,0,10,0,0000000,14,22,14,33,88,88,0,0,0,1,0
36,360954,1,1,0,1,1,1,1,111,5480,25,11,2013,2,17,5,0,14,3,SR-9W,SUGAR MAPLE LN,0,42.04861667,-73.95920278,0,8,0,0,2,3,0,1,2,1,0,1,0,0000000,17,7,17,12,18,32,0,0,0,1,0
36,360955,1,1,0,1,1,1,1,67,6010,5,11,2013,3,21,54,0,16,6,MIDLAND AVE,CORTLAND AVE,0,43.031325,-76.15382778,0,9,0,0,2,2,0,1,3,10,0,10,0,0000000,21,54,21,55,22,4,0,0,0,1,0
36,360956,1,1,0,1,1,1,1,63,3220,12,12,2013,5,17,4,0,6,5,MODEL CITY RD,,0,43.19129444,-78.98341389,0,8,0,0,1,1,0,1,2,10,0,10,0,0000000,17,4,99,99,88,88,0,0,0,1,0
36,360957,1,1,0,0,0,1,1,81,4170,10,12,2013,3,1,58,0,16,6,QUEENS PLAZA S,CRESCENT ST,0,99.99990000,999.99990000,0,24,0,0,3,2,0,4,3,10,0,10,0,0000000,2,0,2,10,88,88,0,0,0,1,1
36,360958,2,2,0,0,0,3,3,91,2484,12,12,2013,5,10,54,0,2,3,SR-146,,0,42.86357222,-73.75885,0,12,6,0,8,1,0,1,1,1,0,1,0,0000000,10,54,10,56,13,0,0,0,0,1,0
36,360959,1,1,0,1,1,1,1,61,4170,31,7,2013,4,20,2,0,16,6,SHERMAN AVE,ELLWOOD ST,0,40.86215556,-73.92965,0,8,0,0,2,2,0,1,3,1,0,1,0,0000000,99,99,99,99,99,99,0,0,0,1,0
36,360960,1,1,0,1,1,1,1,47,4170,11,10,2013,6,8,29,0,14,6,REMSEN AVE,,0,40.63571389,-73.90093333,0,8,0,0,1,1,0,1,3,10,0,10,0,0000000,99,99,99,99,99,99,0,0,0,1,0
36,360961,1,1,0,1,1,1,1,47,4170,18,10,2013,6,18,48,1,13,6,EASTERN PKWY,,0,40.66894444,-73.93436667,0,8,0,0,1,1,0,1,3,1,0,1,0,0000000,18,48,18,51,19,15,0,0,0,1,0
36,360962,1,1,0,1,1,1,1,47,4170,25,10,2013,6,12,53,0,15,6,DIVISION AVE,MARCY AVE,0,40.70723056,-73.95863333,0,8,0,0,3,2,0,1,1,1,0,1,1,0000000,99,99,99,99,99,99,0,0,0,1,0
36,360963,1,1,0,1,1,1,1,47,4170,28,10,2013,2,19,18,1,13,6,PENNSYLVANIA AVE,GLENMORE AVE,0,40.67313611,-73.89619167,0,8,0,0,2,2,0,1,3,1,0,1,0,0000000,99,99,99,99,99,99,0,0,0,1,0
36,360964,1,1,0,0,0,1,1,47,4170,11,8,2013,1,2,38,1,11,1,I-278,,0,99.99990000,999.99990000,0,1,0,0,1,1,0,1,3,1,0,1,0,0000000,99,99,99,99,99,99,0,0,0,1,0
36,360965,1,1,0,1,1,1,1,67,6140,10,11,2013,1,18,9,0,2,3,SR-80,,0,42.86168611,-76.21785,0,8,0,0,1,1,0,1,3,2,0,2,0,0000000,18,9,18,13,99,99,0,0,0,1,0
36,360966,1,1,0,0,0,1,1,83,6110,11,12,2013,4,18,48,0,13,3,SR-470,2ND AVE,0,42.77111667,-73.67943333,0,30,0,0,3,3,0,4,3,4,0,4,0,0000000,18,48,18,54,19,21,0,0,0,1,0
36,360967,1,1,0,1,1,1,1,81,4170,13,11,2013,4,20,25,0,13,6,HORACE HARDING EXPY SERVICE RD,,0,40.74065278,-73.78639444,0,8,0,0,1,1,0,1,3,1,0,1,0,0000000,99,99,99,99,99,99,0,0,0,1,0
36,360968,1,1,0,0,0,1,1,85,4170,4,12,2013,4,1,54,0,16,6,GULF AVE,,0,99.99990000,999.99990000,0,30,0,0,1,1,0,4,2,1,0,1,0,0000000,1,55,1,58,2,10,0,0,0,1,0
36,360969,1,1,0,1,1,1,1,47,4170,25,11,2013,2,10,17,0,15,5,SUTTER AVE,EUCLID AVE,0,40.67285556,-73.87127778,0,8,0,0,2,2,0,1,1,1,0,1,0,0000000,10,17,10,25,99,99,0,0,0,1,0
36,360970,2,2,0,0,0,3,3,85,4170,14,12,2013,7,5,5,0,16,6,TODT HILL RD,,0,40.59478333,-74.11004722,0,12,6,0,1,1,0,1,3,10,0,10,0,0000000,99,99,99,99,99,99,0,0,0,1,1
36,360971,1,1,0,0,0,1,1,3,3291,13,12,2013,6,15,30,0,6,4,CR-5 DAGGET HOLLOW RD,,0,42.08887778,-78.21156389,0,42,0,0,1,1,0,4,1,10,0,10,0,0000000,15,37,15,50,99,99,0,0,0,1,0
36,360972,2,2,0,0,0,4,4,55,5230,13,12,2013,6,22,2,0,16,5,DEWEY AVE,ALBEMARLE ST,0,43.18808056,-77.63885278,0,12,2,0,3,2,0,1,3,10,0,10,0,0000000,22,2,22,3,99,99,0,0,0,2,0
36,360973,2,2,0,0,0,2,2,47,4170,14,12,2013,7,2,42,0,16,6,HIGHLAND PL,ARLINGTON AVE,0,40.68138333,-73.88116111,0,12,6,0,2,2,0,1,3,10,0,10,0,0000000,2,42,2,45,88,88,0,0,0,1,0
36,360974,2,2,0,0,0,3,3,45,1077,13,12,2013,6,18,18,0,6,4,CR-45,,0,99.99990000,999.99990000,0,12,6,0,1,1,0,1,2,1,0,1,0,0000000,18,34,18,58,20,25,0,0,0,1,0
36,360975,2,2,0,0,0,5,5,21,2705,27,11,2013,4,21,10,0,2,3,SR-23,,0,42.18211667,-73.54097778,0,12,1,0,1,1,0,1,2,10,0,10,0,0000000,21,15,21,26,99,99,0,0,0,1,0
36,360976,1,1,0,0,0,2,2,43,2120,16,11,2013,7,2,15,0,6,5,SOUTHSIDE RD,,0,43.08428889,-75.15437222,0,42,0,0,1,1,0,4,2,1,0,1,0,0000000,2,15,2,21,99,99,0,0,0,1,0
36,360977,1,1,0,0,0,2,2,65,3198,6,12,2013,6,3,41,0,4,6,SULPHER SPRINGS RD,SWAMP RD,0,43.37224167,-75.53691944,0,42,0,0,3,4,0,5,2,12,10,12,0,0000000,3,44,4,4,88,88,0,0,0,1,1
36,360978,1,1,0,1,1,2,2,25,2530,26,11,2013,3,19,41,1,2,3,SR-17,,0,99.99990000,999.99990000,0,23,0,0,1,1,0,4,2,3,12,3,0,0000000,19,41,19,50,88,88,0,0,0,1,0
36,360979,1,1,0,0,0,1,1,35,670,14,12,2013,7,4,10,0,6,5,MIDLINE RD,,0,43.04614722,-74.19285833,0,34,0,0,1,1,0,4,2,10,0,10,0,0000000,4,30,4,42,5,7,0,0,0,1,1
36,360980,3,3,0,0,0,3,3,57,170,16,12,2013,2,20,24,1,1,1,I-90,,0,42.92394444,-74.2017,0,12,1,0,1,1,0,2,2,10,0,10,0,0000000,20,26,20,32,21,48,0,0,0,1,0
36,360981,2,2,0,0,0,4,4,75,2200,12,12,2013,5,7,49,0,3,3,SR-3,,0,43.356125,-76.27965556,0,12,2,0,1,1,0,1,1,1,0,1,0,0000000,7,49,8,0,99,99,0,0,0,2,0
36,360982,1,1,0,0,0,2,2,105,3230,17,12,2013,3,21,10,0,16,5,CHESTNUT ST,,0,41.80091389,-74.75784722,0,30,0,0,1,1,0,4,3,10,0,10,0,0000000,21,10,21,22,99,99,0,0,0,1,1
36,360983,2,2,0,1,1,3,3,5,4170,21,10,2013,2,8,2,0,16,6,E TREMONT AVE,PURITAN AVE,0,40.83525833,-73.83216667,0,8,0,0,3,2,0,1,1,1,0,1,0,0000000,99,99,99,99,88,88,0,0,0,1,0
36,360984,1,1,0,1,1,1,1,103,360,24,10,2013,5,21,52,0,16,5,NEW HIGHWAY,,0,40.70381389,-73.39818056,0,8,0,0,1,1,0,1,2,1,0,1,0,0000000,99,99,99,99,99,99,0,0,0,1,0
36,360985,1,1,0,2,2,1,1,103,705,2,11,2013,7,21,15,0,14,3,SR-27A,OLD MONTAUK HWY,0,41.00582222,-72.02125556,0,8,0,0,3,3,0,2,2,1,0,1,0,0000000,99,99,99,99,99,99,0,0,0,1,0
36,360986,2,2,0,0,0,6,6,73,3969,17,12,2013,3,7,9,0,3,3,SR-104,,0,43.27359722,-78.04470556,0,12,2,0,1,1,0,1,4,4,0,4,1,0000000,7,9,7,21,99,99,0,0,0,1,0
36,360987,4,4,0,0,0,6,6,55,2606,19,12,2013,5,18,41,0,14,6,1300 JEFFERSON RD,,0,43.08703056,-77.59505,0,12,1,0,1,1,0,1,3,1,0,1,0,0000000,18,41,18,45,99,99,0,0,0,1,1
36,360988,3,3,0,0,0,5,5,5,4170,9,11,2013,7,7,8,1,2,3,SR-908,,0,99.99990000,999.99990000,0,30,0,0,1,1,0,3,1,1,0,1,0,0000000,99,99,99,99,99,99,0,0,0,2,1
36,360989,2,2,0,1,1,2,2,61,4170,20,12,2013,6,17,51,0,16,6,AMSTERDAM AVE,,0,40.83180278,-73.94273889,0,8,0,0,1,1,0,1,3,1,0,1,0,0000000,99,99,99,99,99,99,0,0,0,1,0
36,360990,1,1,0,0,0,1,1,103,360,11,11,2013,2,3,10,1,2,3,SR-27 SUNRISE HWY,,0,40.69365,-73.39376667,0,25,0,0,1,1,0,3,3,1,0,1,0,0000000,3,12,3,20,88,88,0,0,0,1,0
36,360991,1,1,0,1,1,1,1,81,4170,20,12,2013,6,7,57,0,14,6,NORTHERN BLVD,61ST ST,0,40.75386389,-73.90114444,0,8,0,0,3,2,0,1,1,1,0,1,0,0000000,99,99,99,99,88,88,0,0,0,1,0
36,360992,1,1,0,0,0,2,2,103,360,10,11,2013,1,22,10,0,15,5,BELMONT AVE,,0,99.99990000,999.99990000,0,5,0,1,18,1,0,1,3,1,0,1,0,0000000,99,99,99,99,99,99,0,0,0,1,0
36,360993,2,2,0,0,0,2,2,5,4170,21,12,2013,7,16,7,0,16,6,WILLIAMSBRIDGE RD,NEILL AVE,0,40.85417222,-73.85434444,0,12,2,0,2,2,0,1,1,1,0,1,0,0000000,99,99,99,99,99,99,0,0,0,1,0
36,360994,1,1,0,1,1,1,1,47,4170,21,12,2013,7,21,23,0,14,6,EASTERN PKY,ST MARKS PL,0,40.67284722,-73.91158056,0,8,0,0,3,3,0,1,3,10,0,10,0,0000000,99,99,99,99,99,99,0,0,0,1,0
36,360995,2,2,0,0,0,2,2,29,156,19,12,2013,5,10,39,0,13,3,SR-240,,0,42.96085833,-78.784,0,12,1,0,8,1,0,1,1,1,0,1,0,0000000,10,40,10,44,11,18,0,0,0,1,0
36,360996,1,1,0,1,1,1,1,81,4170,21,12,2013,7,16,30,0,13,6,QUEENS BLVD,58TH ST,0,40.7419,-73.90746667,0,8,0,0,2,2,0,1,5,1,0,1,0,0000000,99,99,99,99,99,99,0,0,0,2,0
36,360997,1,1,0,1,1,2,2,5,4170,22,12,2013,1,0,27,1,11,1,I-87,,0,40.827225,-73.93105278,0,8,0,0,1,1,0,1,3,10,0,10,0,0000000,99,99,99,99,99,99,0,0,0,1,0
36,360998,1,1,0,0,0,1,1,29,2485,22,12,2013,1,1,10,0,13,3,SR-5,,0,42.77930278,-78.85496944,0,59,0,0,1,1,0,5,3,2,6,2,0,0000000,2,30,2,39,88,88,0,0,0,1,1
36,360999,1,1,0,1,1,1,1,55,2248,21,12,2013,7,19,19,0,16,5,LONG POND RD,KERR AVE,0,43.17833889,-77.70155,0,8,0,0,3,2,0,1,3,2,0,2,0,0000000,19,19,19,25,19,36,0,0,0,1,0
36,361000,1,1,0,1,1,1,1,29,1899,22,12,2013,1,5,55,0,13,6,8488 ERIE RD,,0,42.65425833,-79.03785278,0,9,0,0,1,1,0,1,3,3,10,3,0,0000000,5,55,5,58,88,88,0,0,0,1,0
36,361001,1,1,0,0,0,1,1,53,3450,23,12,2013,2,18,43,0,6,4,CR-83 LAKE MORAINE RD,W HILL RD,0,42.85348611,-75.52932778,0,42,0,0,3,3,0,4,2,2,0,2,0,0000000,18,43,18,46,88,88,0,0,0,1,1
36,361002,1,1,0,0,0,1,1,29,4500,23,12,2013,2,9,15,0,6,5,JEWETT HOLMWOOD RD,FREEMAN RD,0,42.75080278,-78.72500556,0,42,0,0,1,1,0,4,1,1,0,1,0,0000000,9,15,9,17,10,10,0,0,0,1,0
36,361003,2,2,0,1,1,6,6,81,4170,25,12,2013,4,4,29,0,14,6,ASTORIA BLVD,,0,40.76120278,-73.86561389,0,8,0,0,1,1,0,1,3,10,0,10,0,0000000,99,99,99,99,99,99,0,0,0,1,0
36,361004,2,2,0,0,0,2,2,37,410,22,12,2013,1,1,42,1,2,3,SR-63,,0,99.99990000,999.99990000,0,12,2,0,1,1,0,1,2,3,12,3,0,0000000,1,42,1,54,99,99,0,0,0,1,1
36,361005,1,1,0,1,1,1,1,89,880,23,12,2013,2,22,39,0,6,4,CR-27,,0,44.58229722,-75.15536944,0,9,0,0,1,1,0,1,2,10,0,10,0,0000000,99,99,99,99,99,99,0,0,0,1,1
36,361006,1,1,0,0,0,1,1,15,1113,25,12,2013,4,0,31,0,3,4,CR-60,,0,42.02894167,-76.69654722,0,19,0,0,1,1,0,5,2,1,0,1,0,0000000,0,31,0,40,88,88,0,0,0,1,0
36,361007,2,2,0,0,0,1,1,103,360,3,10,2013,5,19,6,0,13,3,SR-17,,0,40.71666111,-73.32062222,0,12,1,0,1,1,0,1,2,1,0,1,0,0000000,99,99,99,99,99,99,23,0,0,1,0
36,361008,1,1,0,0,0,2,2,73,5642,26,12,2013,5,11,34,0,2,3,SR-63,,0,43.13328333,-78.38985556,0,1,0,0,1,1,0,4,1,4,0,4,0,0000000,11,34,11,42,11,57,0,0,0,1,0
36,361009,1,1,0,0,0,1,1,59,1740,27,12,2013,6,1,20,0,16,5,E ROCKAWAY RD,WAVERLY AVE,0,40.63998333,-73.67835278,0,38,0,0,3,2,0,4,3,10,0,10,0,0000000,1,23,1,28,88,88,0,0,0,1,0
36,361010,1,1,0,0,0,1,1,59,2600,26,12,2013,5,1,58,1,1,3,SR-908M,,0,40.68296111,-73.68936944,0,25,0,0,1,1,0,3,2,1,0,1,0,0000000,1,58,2,5,2,45,0,0,0,1,1
36,361011,1,1,0,1,1,2,2,103,2920,5,10,2013,7,0,40,0,13,4,CR-454,BROADWAY AVE,0,40.77429444,-73.06674722,0,8,0,0,3,2,0,1,3,10,0,10,0,0000000,99,99,99,99,88,88,0,0,0,1,0
36,361012,3,3,0,0,0,3,3,103,3654,19,10,2013,7,6,38,0,16,6,HORSEBLOCK RD,OLD MEDFORD AVE,0,40.82931389,-73.01386111,0,12,6,0,2,2,0,1,4,10,0,10,0,0000000,99,99,99,99,99,99,0,0,0,1,0
36,361013,1,1,0,2,2,1,1,103,360,5,10,2013,7,19,0,1,13,3,SR-110,,0,99.99990000,999.99990000,0,8,0,0,1,1,0,1,3,10,0,10,0,0000000,99,99,99,99,99,99,0,0,0,1,0
36,361014,4,2,2,1,1,3,3,47,4170,4,8,2013,1,7,59,0,16,6,JAMAICA AVE,CRESCENT ST,0,40.68926944,-73.87398889,0,14,0,0,3,2,0,7,1,1,0,1,0,0000000,7,59,99,99,99,99,0,0,0,1,0
36,361015,1,1,0,1,1,1,1,117,4640,9,12,2013,2,20,6,0,16,6,WEST MAIN ST,,0,43.06325556,-77.24566667,0,9,0,0,1,1,0,1,3,10,0,10,0,0000000,20,8,20,13,21,2,0,0,0,1,0
36,361016,1,1,0,1,1,1,1,103,2920,4,10,2013,6,15,30,0,16,5,5TH AVE,JENSEN RD,0,40.77151944,-73.26040833,0,9,0,0,3,2,0,1,1,1,0,1,0,0000000,99,99,99,99,99,99,0,0,0,1,0
36,361017,1,1,0,0,0,1,1,103,5769,11,11,2013,2,7,0,1,13,3,SR-908K,,0,99.99990000,999.99990000,0,42,0,0,1,1,0,4,1,10,0,10,0,0000000,7,0,7,8,88,88,0,0,0,1,0