STATE,ST_CASE,VE_TOTAL,VE_FORMS,PVH_INVL,PEDS,PERNOTMVIT,PERMVIT,PERSONS,COUNTY,CITY,DAY,MONTH,YEAR,DAY_WEEK,HOUR,MINUTE,NHS,ROAD_FNC,ROUTE,TWAY_ID,TWAY_ID2,MILEPT,LATITUDE,LONGITUD,SP_JUR,HARM_EV,MAN_COLL,RELJCT1,RELJCT2,TYP_INT,WRK_ZONE,REL_ROAD,LGT_COND,WEATHER1,WEATHER2,WEATHER,SCH_BUS,RAIL,NOT_HOUR,NOT_MIN,ARR_HOUR,ARR_MIN,HOSP_HR,HOSP_MN,CF1,CF2,CF3,FATALS,DRUNK_DR
36,361018,1,1,0,1,1,1,1,85,4170,27,12,2013,6,17,40,0,16,6,GUYON AVE,,0,40.56482222,-74.12855278,0,8,0,0,1,1,0,1,3,1,0,1,0,0000000,17,45,17,51,18,7,0,0,0,1,0
36,361019,1,1,0,0,0,1,1,15,2800,28,12,2013,7,20,15,0,14,5,GRAND CENTRAL AVE,,0,42.16395,-76.82175833,0,33,0,0,1,1,0,4,3,10,0,10,0,0000000,20,15,20,16,20,52,0,0,0,1,0
36,361020,1,1,0,1,1,1,1,59,2600,28,12,2013,7,15,28,0,16,5,ELMONT RD,CERENZIA BLVD,0,40.69761389,-73.71491944,0,8,0,0,2,3,0,1,1,1,0,1,0,0000000,15,32,15,33,16,8,0,0,0,1,1
36,361021,2,2,0,1,1,2,2,47,4170,29,12,2013,1,17,29,0,16,6,MCGUINESS BLVD,NASSAU AVE,0,40.72457778,-73.94821944,0,8,0,0,3,2,0,1,3,2,10,2,0,0000000,99,99,99,99,88,88,0,0,0,1,0
36,361022,1,1,0,0,0,2,2,63,3220,30,12,2013,2,2,14,0,6,5,WALMORE RD,,0,99.99990000,999.99990000,0,42,0,0,1,1,0,4,2,1,0,1,0,0000000,2,15,2,23,88,88,0,0,0,2,1
36,361023,1,1,0,0,0,1,1,73,3008,30,12,2013,2,16,43,0,4,3,SR-18,SR-272,0,43.31616667,-77.99559167,0,34,0,0,3,4,0,5,5,4,0,4,0,0000000,16,43,16,55,88,88,0,0,0,1,0
36,361024,1,1,0,1,1,1,1,47,4170,30,12,2013,2,7,46,0,16,6,FOSTER AVE,E 80TH ST,0,99.99990000,999.99990000,0,8,0,0,2,2,0,1,1,10,0,10,0,0000000,7,46,7,50,7,54,0,0,0,1,0
36,361025,3,2,1,0,0,2,2,81,4170,31,12,2013,3,14,42,0,16,6,172ND ST,33RD AVE,0,40.76711111,-73.79349722,0,12,6,0,2,2,0,1,1,1,0,1,0,0000000,99,99,99,99,99,99,0,0,0,1,0
36,361026,1,1,0,1,1,1,1,103,620,8,11,2013,6,18,10,0,16,6,WICKS RD,HANCOCK ST,0,40.78894722,-73.26428056,0,9,0,0,2,3,0,1,3,1,0,1,0,0000000,99,99,99,99,99,99,0,0,0,1,0
36,361027,1,1,0,1,1,1,1,103,1050,7,12,2013,7,21,59,0,13,3,SR-111,SAGE ST,0,40.78420556,-73.21906111,0,8,0,0,3,3,0,1,3,1,0,1,0,0000000,99,99,99,99,99,99,0,0,0,1,0
36,361028,2,2,0,0,0,2,2,103,3933,8,12,2013,1,16,6,0,4,6,N COUNTRY RD,,0,40.93668889,-73.04085833,0,12,2,0,1,1,0,1,5,10,0,10,0,0000000,99,99,99,99,99,99,0,0,0,1,0
36,361029,1,1,0,0,0,1,1,103,360,24,12,2013,3,19,50,0,16,6,SUNRISE HWY SRVC RD,LAUREL ST,0,40.71573611,-73.32363333,0,24,0,0,3,3,0,5,3,10,0,10,0,0000000,19,53,19,56,88,88,0,0,0,1,1
36,361030,1,1,0,1,1,1,1,29,1117,24,9,2013,3,19,43,0,14,3,SR-240,,0,42.88163056,-78.78461944,0,9,0,0,1,1,0,1,3,1,0,1,0,0000000,19,44,19,46,20,0,0,0,0,1,0
36,361031,1,1,0,0,0,2,2,21,2810,27,12,2013,6,0,27,0,3,4,CR-6,,0,42.19227222,-73.78279167,0,35,0,0,1,1,0,6,2,10,0,10,0,0000000,2,27,2,35,99,99,0,0,0,1,1
36,361032,1,1,0,1,1,1,1,81,4170,27,9,2013,6,11,37,0,16,6,ARCHER AVE,160TH ST,0,40.70267222,-73.79836667,0,8,0,0,3,2,0,1,1,1,0,1,0,0000000,99,99,99,99,99,99,0,0,0,1,0
36,361033,1,1,0,1,1,1,1,81,4170,28,10,2013,2,19,27,0,16,6,JAMAICA AVE,,0,40.70842222,-73.78012222,0,8,0,0,1,1,0,1,3,1,0,1,0,0000000,99,99,99,99,99,99,0,0,0,1,0
36,361034,1,1,0,1,1,1,1,5,4170,2,11,2013,7,0,5,0,16,6,666 E 233RD ST,,0,40.89383056,-73.85876111,0,8,0,0,1,1,0,4,3,1,0,1,0,0000000,99,99,99,99,99,99,0,0,0,1,0
36,361035,1,1,0,1,1,1,1,47,4170,22,11,2013,6,22,29,0,16,6,FLATBUSH AVE,,0,40.62851667,-73.94302222,0,8,0,0,1,1,0,1,3,10,0,10,0,0000000,99,99,99,99,99,99,0,0,0,1,0
36,361036,1,1,0,0,0,1,1,117,3410,3,12,2013,3,15,25,0,5,6,7411 JACKSON SCHOOL RD,,0,43.02389722,-77.02728611,0,53,0,0,1,1,0,5,1,1,0,1,0,0000000,15,25,15,33,88,88,0,0,0,1,0
36,361037,1,1,0,0,0,1,1,119,6040,7,12,2013,7,9,54,1,12,1,I-987D,,0,41.06928056,-73.82775278,0,39,0,0,1,1,0,5,1,10,0,10,0,0000000,9,56,10,6,99,99,0,0,0,1,0
36,361038,1,1,0,1,1,1,1,61,4170,21,12,2013,7,17,16,0,16,6,1ST AVE,E 56TH ST,0,40.75761389,-73.96330278,0,8,0,0,3,2,0,1,3,1,0,1,0,0000000,99,99,99,99,99,99,0,0,0,1,0
36,361039,2,2,0,0,0,5,5,59,2600,25,10,2013,6,6,48,1,12,1,I-908M,,0,40.68722778,-73.61898333,0,12,1,0,1,1,0,1,1,1,0,1,0,0000000,6,48,6,56,10,15,0,0,0,1,1
36,361040,1,1,0,0,0,2,2,71,1169,8,11,2013,6,15,15,1,1,1,I-84,,0,41.436825,-74.38008611,0,35,0,0,1,1,0,3,1,10,0,10,0,0000000,15,15,15,26,99,99,0,0,0,1,0
36,361041,1,1,0,1,1,1,1,61,4170,3,6,2013,2,16,15,0,14,6,1ST AVE,E 54TH ST,0,40.75635278,-73.96420278,0,8,0,0,3,2,0,1,1,10,2,2,0,0000000,99,99,99,99,99,99,0,0,0,1,0
36,361042,1,1,0,1,1,1,1,5,4170,13,6,2013,5,23,11,0,13,6,GRAND CONCOURSE,E 184TH ST,0,40.85931389,-73.89886389,0,8,0,0,3,2,0,1,3,10,2,2,0,0000000,99,99,99,99,99,99,0,0,0,1,0
36,361043,3,1,2,0,0,1,1,61,4170,1,8,2013,5,0,11,0,16,6,W 25TH ST,,0,40.74810833,-74.00115833,0,14,0,0,1,1,0,7,3,1,0,1,0,0000000,99,99,99,99,99,99,0,0,0,1,0
36,361044,1,1,0,1,1,1,1,5,4170,10,10,2013,5,10,29,0,16,6,SOUTHERN BLVD,E 181ST ST,0,40.84671667,-73.88376667,0,8,0,0,3,2,0,1,1,10,0,10,0,0000000,99,99,99,99,99,99,0,0,0,1,0
36,361045,1,1,0,1,1,1,1,5,4170,8,11,2013,6,10,25,0,16,6,LAFAYETTE AVE,HUNTS POINT AVE,0,40.81653333,-73.88787222,0,8,0,0,3,2,0,1,1,1,0,1,0,0000000,99,99,99,99,99,99,0,0,0,1,0
36,361046,1,1,0,1,1,1,1,61,4170,26,11,2013,3,12,0,0,14,6,SECOND AVE,E 89TH ST,0,40.77978889,-73.95031944,0,8,0,0,3,2,0,1,1,10,0,10,0,0000000,99,99,99,99,99,99,0,0,0,1,0
36,361047,1,1,0,0,0,1,1,103,620,14,12,2013,7,0,50,0,16,6,CORBIN AVE,PINE AIRE DR,0,40.76970556,-73.29193889,0,33,0,0,3,3,0,5,3,1,0,1,0,0000000,0,50,0,52,1,17,0,0,0,1,1
36,361048,1,1,0,0,0,1,1,55,4730,16,12,2013,2,2,32,0,13,4,CR-250,,0,43.15530833,-77.43196667,0,42,0,0,1,1,0,5,2,4,0,4,0,0000000,2,32,2,41,88,88,0,0,0,1,0
36,361049,1,1,0,1,1,1,1,11,310,23,12,2013,2,11,7,0,16,6,STANDART AVE,,0,42.94432778,-76.5514,0,8,0,0,8,1,0,1,1,10,2,2,0,0000000,11,8,11,10,11,18,0,0,0,1,0
36,361050,1,1,0,0,0,2,2,119,4120,7,10,2013,2,0,45,0,16,6,WEBSTER AVE,OTSEGO AVE,0,40.92846667,-73.79738056,0,42,0,0,3,3,0,5,3,1,0,1,0,0000000,99,99,99,99,99,99,20,0,0,1,1
36,361051,2,2,0,0,0,2,2,59,898,6,11,2013,4,0,54,0,14,6,GLEN COVE RD,,0,40.75465278,-73.61866944,0,12,6,1,5,1,0,1,2,10,0,10,0,0000000,0,54,0,56,88,88,0,0,0,1,1
36,361052,3,3,0,0,0,4,4,59,2600,5,12,2013,5,15,47,0,14,6,PENINSULA BLVD,PRESIDENT ST,0,40.69712222,-73.62974722,0,12,2,0,2,2,0,1,1,10,0,10,0,0000000,99,99,99,99,99,99,0,0,0,1,0
36,361053,1,1,0,1,1,1,1,119,4120,11,12,2013,4,11,46,0,13,2,US-1,NORTH AVE,0,40.91148889,-73.78210278,0,8,0,0,3,2,0,1,1,1,0,1,0,0000000,99,99,99,99,99,99,0,0,0,1,0
36,361054,1,1,0,0,0,1,1,59,2675,16,12,2013,2,0,55,0,14,6,155 NORTH BROADWAY,,0,40.773275,-73.52743611,0,30,0,0,1,1,0,5,3,10,0,10,0,0000000,0,57,1,3,1,21,0,0,0,1,0
36,361055,2,2,0,0,0,2,2,67,1166,17,12,2013,3,15,48,0,4,3,SR-298,,0,43.14333333,-75.97757222,0,12,6,0,1,1,0,1,1,10,4,4,0,0000000,15,49,15,58,99,99,0,0,0,1,0
36,361056,1,1,0,0,0,1,1,29,210,24,12,2013,3,13,6,0,6,6,EDEN EVANS CENTER RD,,0,42.65240833,-79.0107,0,10,0,0,6,1,0,1,1,4,0,4,0,9999999,13,7,13,11,88,88,0,0,0,1,0
36,361057,1,1,0,1,1,1,1,47,4170,28,12,2013,7,10,0,0,16,6,BUSHWICK AVE,SUYDAM ST,0,40.69659722,-73.93101389,0,8,0,0,3,2,0,1,1,1,0,1,0,0000000,99,99,99,99,99,99,0,0,0,1,0
36,361058,1,1,0,0,0,4,4,3,600,29,12,2013,1,10,44,0,6,6,CALIFORNIA HOLLOW RD,,0,42.05613056,-78.08573611,0,42,0,0,1,1,0,5,1,4,0,4,0,0000000,99,99,99,99,99,99,0,0,0,1,0
36,361059,1,1,0,1,1,1,1,59,2600,30,12,2013,2,6,39,0,13,3,SR-24,PENINSULA BLVD,0,40.70954167,-73.61611111,0,8,0,0,3,2,0,1,3,10,0,10,0,0000000,99,99,99,99,88,88,0,0,0,1,0
36,361060,1,1,0,0,0,1,1,103,620,6,12,2013,6,23,28,1,12,3,SR-908K,,0,40.74321667,-73.28124722,0,42,0,0,1,1,0,5,3,2,10,2,0,0000000,23,32,23,40,88,88,0,0,0,1,1
36,361061,2,2,0,0,0,5,5,109,4072,31,12,2013,3,17,2,0,6,6,W DANBY RD,,0,42.34485278,-76.54005556,0,12,2,0,1,1,0,1,2,10,0,10,0,0000000,17,6,17,17,99,99,0,0,0,2,0
36,361062,1,1,0,0,0,1,1,119,5350,3,4,2013,4,3,32,0,2,6,HUTCHINSON RIVER PKY,,0,41.01826944,-73.71445833,0,39,0,0,1,1,0,3,2,1,0,1,0,0000000,99,99,99,99,99,99,0,0,0,1,0
36,361063,1,1,0,0,0,1,1,87,4063,17,6,2013,2,10,40,0,3,3,SR-9W,,0,41.17057222,-73.94006389,0,35,0,0,1,1,0,5,1,1,0,1,0,0000000,99,99,99,99,99,99,0,0,0,1,0
36,361065,1,1,0,1,1,1,1,61,4170,24,4,2013,4,22,56,0,13,6,HARLEM RIVER DR,,0,40.80992222,-73.93479444,0,8,0,0,1,1,0,1,3,1,0,1,0,0000000,99,99,99,99,99,99,0,0,0,1,0
36,361066,1,1,0,0,0,1,1,119,2315,5,5,2013,1,16,15,1,1,1,I-684,,0,41.27742222,-73.68189722,0,39,0,0,1,1,0,5,1,1,0,1,0,0000000,99,99,99,99,99,99,0,0,0,1,0
36,361067,1,1,0,0,0,1,1,111,4100,12,6,2013,4,18,8,0,3,3,SR-208,CEDAR LA,0,41.72798611,-74.099375,0,53,0,0,3,3,0,5,1,1,0,1,0,0000000,99,99,99,99,99,99,0,0,0,1,0
36,361068,1,1,0,1,1,1,1,71,3830,1,7,2013,2,13,39,0,6,6,QUAKER HILL RD,EDWARD PL,0,41.32838889,-74.20115,0,9,0,0,2,3,0,1,1,10,2,2,0,0000000,99,99,99,99,99,99,0,0,0,1,0
36,361069,2,2,0,1,1,3,3,119,1870,12,8,2013,2,22,42,0,14,6,SAW MILL RIVER RD,,0,41.06141667,-73.81491944,0,8,0,0,1,1,0,1,3,1,0,1,0,0000000,99,99,99,99,99,99,0,0,0,1,0
36,361070,1,1,0,0,0,3,3,119,6820,26,11,2013,3,11,19,1,2,3,SR-987F SPRAIN BROOK PARKWAY,,0,99.99990000,999.99990000,0,42,0,0,1,1,0,3,1,10,0,10,0,0000000,11,20,11,30,11,40,0,0,0,1,0
36,361071,1,1,0,1,1,1,1,103,705,10,12,2013,3,19,52,1,1,1,I-495,,0,99.99990000,999.99990000,0,8,0,0,1,1,0,1,3,10,0,10,0,0000000,99,99,99,99,99,99,0,0,0,1,0
36,361072,2,2,0,0,0,2,2,67,3310,6,12,2013,6,14,7,0,14,5,OLD LIVERPOOL RD,,0,43.09401667,-76.19518611,0,12,6,0,4,1,0,1,1,10,0,10,0,0000000,14,9,14,10,14,35,0,0,0,1,0
36,361073,1,1,0,1,1,2,2,103,3270,12,12,2013,5,18,28,0,16,6,HOFFMAN AVE,,0,99.99990000,999.99990000,0,8,0,0,1,1,0,1,3,1,0,1,0,0000000,99,99,99,99,99,99,0,0,0,1,0
36,361074,1,1,0,0,0,1,1,59,4600,18,12,2013,4,11,57,1,2,3,SR-908M SOUTHERN STATE PKWY,,0,40.70552222,-73.44731667,0,42,0,0,1,1,0,4,1,1,0,1,0,0000000,11,57,12,11,88,88,0,0,0,1,0
36,361075,3,3,0,0,0,4,4,103,2840,31,12,2013,3,15,23,0,16,4,CR-4,DELAWARE AVE,0,99.99990000,999.99990000,0,12,7,0,3,2,0,1,1,10,0,10,0,0000000,99,99,99,99,99,99,0,0,0,1,1
36,361076,4,2,2,4,4,2,2,47,4170,2,11,2013,7,12,48,0,13,6,DEKALB AVE,CLERMONT AVE,0,40.6895,-73.97011667,0,14,0,0,3,2,0,7,1,1,0,1,0,0000000,99,99,99,99,99,99,0,0,0,1,0
36,361077,1,1,0,1,1,1,1,47,4170,23,12,2013,2,19,47,0,14,6,AVE D,,0,40.64164444,-73.93661667,0,8,0,0,1,1,0,1,5,2,0,2,0,0000000,99,99,99,99,99,99,0,0,0,1,0
36,361078,2,2,0,0,0,3,3,29,6642,27,11,2013,4,0,10,0,15,5,INDIAN CHURCH RD,,0,42.85384722,-78.76937222,0,12,6,0,1,1,0,1,3,4,0,4,0,0000000,0,10,0,15,0,39,0,0,0,1,2
36,361079,3,3,0,0,0,8,8,67,1179,24,11,2013,1,13,35,0,6,4,CR-57 OSWEGO RD,,0,43.14680833,-76.230275,0,12,8,0,1,1,0,1,1,99,0,99,0,0000000,13,44,13,51,14,18,0,0,0,1,0
36,361080,1,1,0,0,0,1,1,1,50,14,5,2013,3,9,55,0,16,5,WESTERN AVE,WASHINGTON AVE,0,42.66201944,-73.77790833,0,19,0,0,3,3,0,4,1,1,0,1,0,0000000,99,99,99,99,99,99,0,0,0,1,0
36,361081,1,1,0,0,0,2,2,29,2485,4,7,2013,5,17,50,1,1,1,I-90,,0,99.99990000,999.99990000,0,1,0,0,1,1,0,3,1,10,0,10,0,0000000,99,99,99,99,99,99,0,0,0,1,0
36,361082,3,2,1,0,1,2,3,63,3220,9,7,2013,3,12,50,0,16,5,SAUNDERS SETTLEMENT RD,,0,43.13678611,-78.95462222,0,12,6,0,1,1,0,1,1,1,0,1,0,0000000,99,99,99,99,99,99,0,0,0,1,0
36,361083,1,1,0,1,1,1,1,67,6010,13,12,2013,6,0,24,0,16,6,PARK ST,,0,43.07711111,-76.17401944,0,8,0,0,1,1,0,1,2,10,0,10,0,0000000,0,25,0,29,88,88,0,0,0,1,1
36,361084,1,1,0,2,2,1,1,29,6090,5,12,2013,5,16,56,0,13,5,KENMORE AVE,,0,42.9583,-78.83320833,0,8,0,0,8,1,0,1,3,1,0,1,0,0000000,99,99,99,99,99,99,0,0,0,1,0
36,361085,1,1,0,1,1,1,1,29,1117,19,12,2013,5,22,47,0,2,3,SR-33B GENESEE ST,ROWLAND AVE,0,42.92033056,-78.79169722,0,8,0,0,3,3,0,1,3,2,0,2,0,0000000,22,48,22,51,23,2,0,0,0,1,0
36,361086,2,2,0,0,0,3,3,119,472,19,4,2013,6,15,48,0,16,5,BEDFORD RD,HUNTVILLE RD,0,41.25279167,-73.68389444,0,12,6,0,2,3,0,1,1,1,0,1,0,0000000,99,99,99,99,99,99,0,0,0,1,0
36,361087,2,2,0,2,2,1,1,59,2600,4,3,2013,2,12,36,1,2,3,SR-908E,,0,99.99990000,999.99990000,0,12,1,0,1,1,0,1,1,1,0,1,0,0000000,99,99,99,99,99,99,23,0,0,2,0
36,361088,1,1,0,1,1,1,1,59,2600,26,9,2013,5,5,35,0,16,5,NASSAU RD,W RAYMOND AVE,0,40.68420278,-73.59251389,0,8,0,0,2,2,0,1,3,1,0,1,0,0000000,99,99,99,99,99,99,0,0,0,1,0
36,361089,1,1,0,0,0,1,1,59,2600,16,11,2013,7,4,50,1,2,3,SR-27 SUNRISE HWY,LANSDOWN AVE,0,40.66185833,-73.55627778,0,52,0,0,1,1,0,3,3,10,0,10,0,0000000,99,99,99,99,99,99,0,0,0,1,1
36,361090,1,1,0,0,0,2,2,111,4100,30,11,2013,7,5,14,1,1,1,I-87,,800,99.99990000,999.99990000,0,42,0,0,1,1,0,3,2,1,0,1,0,0000000,5,37,5,48,99,99,0,0,0,1,1
36,361091,4,2,2,0,0,3,3,81,4170,30,11,2013,7,1,25,0,16,6,98TH ST,159TH AVE,0,40.65979167,-73.83515833,0,12,6,0,2,2,0,1,3,1,0,1,0,0000000,99,99,99,99,99,99,0,0,0,1,2
36,361092,1,1,0,1,1,1,1,47,4170,28,12,2013,7,4,46,1,2,3,SR-907C BELT PARKWAY,,0,40.58430278,-73.96204444,0,8,0,1,18,1,0,1,3,1,0,1,0,0000000,99,99,99,99,99,99,0,0,0,1,0
36,361093,2,2,0,0,0,2,2,29,70,28,12,2013,7,11,45,0,6,5,TWO ROD RD,,0,42.86926389,-78.55579444,0,12,6,0,1,1,0,1,1,1,0,1,0,0000000,99,99,99,99,99,99,0,0,0,1,1
36,361094,1,1,0,1,1,1,1,59,6250,27,11,2013,4,18,50,1,2,3,SR-27 SUNRISE HWY,S FRANKLIN AVE,0,40.66019444,-73.70359444,0,9,0,0,2,2,0,1,3,2,0,2,0,0000000,99,99,99,99,99,99,0,0,0,1,0
36,361095,3,1,2,0,0,1,1,119,6820,16,6,2013,1,14,43,0,16,5,CENTRAL PARK AVE,,0,40.95331944,-73.84271944,0,30,0,0,1,1,0,4,1,1,0,1,0,0000000,14,44,14,48,88,88,0,0,0,1,0
36,361096,2,2,0,0,0,3,3,115,2360,20,7,2013,7,21,53,0,2,3,SR-22,,0,43.34881667,-73.26591667,0,12,2,0,1,1,0,1,2,10,0,10,0,0000000,21,55,22,0,23,45,0,0,0,1,0
36,361097,1,1,0,0,0,2,2,83,2779,23,8,2013,6,1,46,0,6,5,MITCHELL RD,,0,99.99990000,999.99990000,0,42,0,0,1,1,0,4,2,10,0,10,0,0000000,1,54,2,13,88,88,0,0,0,2,0
36,361098,3,3,0,0,0,7,7,119,6820,31,8,2013,7,23,11,1,2,3,SR-987D SAW MILL RVR PARKWAY,,0,40.91100278,-73.88453056,0,12,1,0,1,1,0,1,3,10,0,10,0,0000000,99,99,99,99,99,99,0,0,0,1,1
36,361099,1,1,0,0,0,1,1,87,5077,5,12,2013,5,1,50,0,6,5,CONKLIN RD,SR-45,0,41.17278333,-74.03224167,0,24,0,0,3,3,0,4,2,2,0,2,0,0000000,1,51,1,54,88,88,0,0,0,1,1
36,361100,1,1,0,1,1,1,1,81,4170,7,2,2013,5,11,15,0,16,6,28TH AVE,44TH ST,0,40.76395278,-73.91048889,0,8,0,0,2,2,0,1,1,10,0,10,0,0000000,99,99,99,99,99,99,0,0,0,1,0
36,361101,1,1,0,2,2,1,1,47,4170,26,1,2013,7,15,20,0,16,6,18TH AVE,70TH ST,0,40.61623333,-73.99310278,0,8,0,0,2,2,0,1,1,1,0,1,0,0000000,99,99,99,99,99,99,0,0,0,1,0
36,361102,1,1,0,1,1,1,1,47,4170,22,2,2013,6,13,20,0,13,5,4TH AVE,9TH ST,0,40.67038056,-73.98871389,0,8,0,0,2,2,0,1,1,1,0,1,0,0000000,99,99,99,99,99,99,0,0,0,1,0
36,361103,1,1,0,1,1,2,2,61,4170,13,3,2013,4,1,53,0,16,6,6TH AVE,W 55 ST,0,40.76299167,-73.97815278,0,8,0,0,2,2,0,1,3,1,0,1,0,0000000,99,99,99,99,99,99,0,0,0,1,0
36,361104,1,1,0,3,3,2,2,47,4170,23,3,2013,7,17,19,0,13,5,OCEAN AVE,VOORHIES AVE,0,40.58620278,-73.94893889,0,8,0,0,3,2,0,4,1,1,0,1,0,0000000,99,99,99,99,99,99,0,0,0,1,0
36,361105,1,1,0,1,1,1,1,81,4170,16,5,2013,5,23,45,0,16,6,94TH ST,30TH AVE,0,40.7613,-73.87500556,0,8,0,0,3,2,0,1,3,1,0,1,0,0000000,99,99,99,99,99,99,0,0,0,1,0
36,361106,1,1,0,2,2,2,2,85,4170,6,4,2013,7,15,20,0,16,6,PARKHILL AVE,OSGOOD AVE,0,40.61682778,-74.08089722,0,8,0,0,1,1,0,1,1,1,0,1,0,0000000,99,99,99,99,99,99,0,0,0,1,0
36,361107,1,1,0,0,0,2,2,119,3940,4,8,2013,1,4,47,0,16,5,W SANFORD BLVD,S 5TH AVE,0,40.89928056,-73.83325278,0,19,0,0,3,2,0,4,3,10,0,10,0,0000000,99,99,99,99,99,99,0,0,0,1,1
36,361108,2,2,0,0,0,3,3,119,6820,17,6,2013,2,14,5,0,16,5,KIMBALL AVE,PALMER RD,0,40.94098333,-73.84081944,0,12,6,0,2,2,0,1,1,1,0,1,0,0000000,99,99,99,99,99,99,0,0,0,1,0
36,361109,3,1,2,0,0,1,1,119,3940,9,6,2013,1,3,48,0,16,6,W BROAD ST,,0,99.99990000,999.99990000,0,14,0,0,1,1,0,7,3,1,0,1,0,0000000,99,99,99,99,99,99,0,0,0,1,0
36,361110,2,2,0,0,0,4,4,9,6648,8,9,2013,1,9,35,1,2,3,SR-219,,0,42.45130556,-78.70054444,0,12,2,0,1,1,0,1,1,10,0,10,0,0000000,9,35,9,35,12,0,0,0,0,1,0
36,361111,1,1,0,1,1,1,1,47,4170,26,8,2013,2,16,12,0,16,6,BOERUM ST,BROADWAY,0,40.70615278,-73.93975833,0,8,0,0,3,4,0,1,1,10,0,10,0,0000000,99,99,99,99,99,99,0,0,0,1,0
36,361112,2,1,1,0,0,2,2,61,4170,10,3,2013,1,6,20,0,16,6,12TH AVE,39TH ST,0,40.76005278,-74.00255278,0,14,0,0,3,2,0,7,3,1,0,1,0,0000000,99,99,99,99,99,99,0,0,0,1,0
36,361113,2,2,0,0,0,6,6,47,4170,19,9,2013,5,17,49,0,14,6,SNYDER AVE,34TH ST,0,40.64913333,-73.94548889,0,12,6,0,2,2,0,1,1,1,0,1,0,0000000,99,99,99,99,99,99,0,0,0,1,0
36,361114,1,1,0,0,0,2,2,35,3630,27,10,2013,1,2,8,0,6,4,CR-155,,0,43.07711667,-74.25311667,0,30,0,0,1,1,0,4,2,10,0,10,0,0000000,3,0,3,30,3,50,0,0,0,1,1
36,361115,3,1,2,2,2,1,1,81,4170,11,11,2013,2,7,26,0,16,6,QUEENS BLVD,,0,40.73711111,-73.87811111,0,33,0,0,1,1,0,4,1,10,0,10,0,0000000,99,99,99,99,99,99,0,0,0,2,0
36,361116,1,1,0,0,0,1,1,61,4170,4,2,2013,2,15,15,0,16,6,EAST DR,,0,99.99990000,999.99990000,0,24,0,0,1,1,0,4,1,1,0,1,0,0000000,99,99,99,99,99,99,0,0,0,1,0
36,361117,1,1,0,1,1,1,1,81,4170,12,12,2013,5,11,25,0,13,6,CASE ST,ROOSEVELT AVE,0,99.99990000,999.99990000,0,8,0,0,2,4,0,1,1,1,0,1,0,0000000,99,99,99,99,99,99,0,0,0,1,0
36,361118,1,1,0,0,0,1,1,29,156,19,12,2013,5,4,48,0,13,3,SR-263,,0,43.00465,-78.77224444,0,1,0,0,1,1,0,1,3,10,0,10,0,0000000,4,56,5,3,88,88,0,0,0,1,1
36,361119,2,2,0,0,0,2,2,71,6410,5,8,2013,2,17,16,0,14,3,SR-94,WAWAYANDA RD,0,41.23739444,-74.397925,0,12,6,0,2,3,0,1,1,1,0,1,0,0000000,17,55,18,20,99,99,0,0,0,1,0
36,361120,2,2,0,0,0,3,3,39,4045,7,11,2013,5,14,56,0,14,3,SR-9W,,0,42.61215833,-73.78624722,0,12,2,0,1,1,0,1,1,10,0,10,0,0000000,15,0,15,6,20,10,0,0,0,1,0
36,361121,1,1,0,0,0,1,1,67,5800,6,10,2013,1,1,54,0,16,6,JOHN GLEN BLVD,,0,43.11433611,-76.2655,0,59,0,0,1,1,0,3,2,10,0,10,0,0000000,1,54,2,7,2,39,0,0,0,1,1
36,361122,1,1,0,1,1,1,1,101,813,20,10,2013,1,3,40,1,11,1,I-86,,0,42.18641111,-77.14572222,0,8,0,0,1,1,0,1,2,1,0,1,0,0000000,99,99,99,99,88,88,0,0,0,1,0
36,361123,2,2,0,1,1,2,2,61,4170,22,11,2013,6,14,30,0,14,6,CANAL ST,,0,40.72031389,-74.00310833,0,8,0,0,1,1,0,1,1,10,0,10,0,0000000,99,99,99,99,99,99,0,0,0,1,0
36,361124,5,4,1,3,3,8,8,119,6820,11,10,2013,6,21,7,0,6,6,MCLEON AVE,MCCULLOM PL,0,40.90816667,-73.87305556,0,12,1,0,3,3,0,1,3,10,0,10,0,0000000,99,99,99,99,99,99,15,0,0,1,0
36,361125,1,1,0,1,1,1,1,71,6645,26,8,2013,2,16,57,0,4,4,CR-1,,0,41.34337222,-74.549875,0,8,0,0,1,1,0,1,1,1,0,1,0,0000000,17,0,17,24,18,12,0,0,0,1,0
36,361126,5,5,0,0,0,11,11,55,2248,7,12,2013,7,1,26,1,11,1,I-490,,0,43.12930556,-77.72404722,0,12,2,0,1,1,0,1,3,1,0,1,0,0000000,1,26,1,37,99,99,14,0,0,1,1
36,361127,1,1,0,1,1,1,1,81,4170,16,12,2013,2,19,55,0,16,6,LINDEN BLVD,231ST ST,0,40.691925,-73.73055556,0,8,0,0,3,2,0,1,2,1,0,1,0,0000000,99,99,99,99,99,99,0,0,0,1,0