STATE,ST_CASE,VE_TOTAL,VE_FORMS,PVH_INVL,PEDS,PERNOTMVIT,PERMVIT,PERSONS,COUNTY,CITY,DAY,MONTH,YEAR,DAY_WEEK,HOUR,MINUTE,NHS,ROAD_FNC,ROUTE,TWAY_ID,TWAY_ID2,MILEPT,LATITUDE,LONGITUD,SP_JUR,HARM_EV,MAN_COLL,RELJCT1,RELJCT2,TYP_INT,WRK_ZONE,REL_ROAD,LGT_COND,WEATHER1,WEATHER2,WEATHER,SCH_BUS,RAIL,NOT_HOUR,NOT_MIN,ARR_HOUR,ARR_MIN,HOSP_HR,HOSP_MN,CF1,CF2,CF3,FATALS,DRUNK_DR
36,361128,1,1,0,0,0,1,1,81,4170,25,12,2013,4,6,16,0,12,3,SR-907M,,0,40.71694444,-73.81988056,0,31,0,0,1,1,0,5,3,1,0,1,0,0000000,99,99,99,99,99,99,0,0,0,1,0
37,370001,1,1,0,0,0,1,1,1,2990,8,1,2013,3,22,46,0,5,6,MEBANE OAKES RD,OLD HILLSBORO RD,99999,36.05334167,-79.263,0,34,0,0,1,1,0,4,2,1,0,1,0,0000000,22,41,22,52,0,19,0,0,0,1,0
37,370002,2,2,0,0,0,2,2,11,3260,30,1,2013,4,16,13,0,3,3,SR-181,US-221,99999,36.06445556,-81.89483889,0,12,2,0,1,1,0,1,1,2,0,2,0,0000000,16,10,16,15,16,19,0,0,0,1,0
37,370003,1,1,0,0,0,1,1,15,3700,16,1,2013,4,14,23,0,6,6,SALLY FREEMAN RD,SR-42,99999,36.21205278,-76.92674167,0,34,0,0,1,1,0,4,1,10,0,10,0,0000000,99,99,99,99,88,88,0,0,0,1,0
37,370004,1,1,0,0,0,1,1,19,4160,15,1,2013,3,20,22,1,2,2,US-17,,99999,99.99990000,999.99990000,0,1,0,0,1,1,0,4,2,1,0,1,0,0000000,20,4,20,7,88,88,0,0,0,1,1
37,370005,2,2,0,0,0,4,4,21,170,1,1,2013,3,13,31,0,3,3,SR-191,LEDBETTER RD,99999,99.99990000,999.99990000,0,12,6,0,1,1,0,1,1,10,2,2,0,0000000,13,31,13,44,15,26,0,0,0,3,0
37,370006,3,3,0,1,1,3,3,21,170,14,1,2013,2,18,56,1,2,2,US-70,REDDICK RD,99999,35.58643333,-82.47690556,0,8,0,0,1,1,0,1,2,2,0,2,0,0000000,99,99,99,99,88,88,0,0,0,1,0
37,370007,2,2,0,0,0,2,2,23,4700,18,1,2013,6,1,20,1,1,1,I-40,MILE 111,99999,35.72863056,-81.58445556,0,12,6,0,1,1,0,1,2,1,0,1,0,0000000,99,99,99,99,99,99,0,0,0,1,1
37,370008,1,1,0,0,0,1,1,23,3130,23,1,2013,4,1,45,0,5,6,HENDERSON MILL RD,SR-181,99999,35.81214444,-81.78095278,0,42,0,0,1,1,0,4,2,1,0,1,0,0000000,1,40,1,54,88,88,0,0,0,1,1
37,370009,2,2,0,0,0,2,2,25,3035,15,1,2013,3,18,55,0,3,3,SR-24,BETHEL CHURCH RD,99999,35.24942222,-80.53850278,0,12,6,0,2,2,0,1,2,5,0,5,0,0000000,18,49,18,54,19,35,0,0,0,1,0
37,370010,1,1,0,0,0,2,2,27,2590,6,1,2013,1,22,14,0,16,6,ZACKS FORK RD,ROUNDABOUT RD,99999,35.94285833,-81.52251944,0,42,0,0,1,1,0,4,2,1,0,1,0,0000000,22,15,22,23,22,40,0,0,0,1,0
37,370011,1,1,0,0,0,1,1,35,1060,10,1,2013,5,2,10,0,16,6,HERMAN SIPE RD NW,LANDSDOWNE ST,99999,35.74433889,-81.23831389,0,53,0,0,1,1,0,4,2,1,0,1,0,0000000,2,8,2,16,88,88,0,0,0,1,1
37,370012,1,1,0,1,1,1,1,35,2150,15,1,2013,3,19,7,0,14,6,16TH ST NE,18TH ST NE,99999,35.77463056,-81.29630278,0,8,0,0,1,1,0,1,3,2,0,2,0,0000000,19,5,19,12,19,30,0,0,0,1,0
37,370013,4,4,0,0,0,6,6,35,3300,28,1,2013,2,15,37,0,2,3,SR-16,E P STREET EXIT,99999,35.64818889,-81.19462222,0,12,1,0,1,1,0,1,1,1,0,1,1,0000000,15,36,15,45,16,15,0,0,0,1,0
37,370014,2,2,0,0,0,2,2,39,3230,17,1,2013,5,13,52,0,4,3,SR-141,LONG BRANCH RD,99999,35.133525,-83.93587222,0,12,6,0,1,1,0,1,1,2,0,2,0,0000000,13,50,14,1,14,33,0,0,0,1,0
37,370015,1,1,0,0,0,1,1,39,3230,18,1,2013,6,19,35,0,5,6,JOE BROWN HWY,HEMBREE RD,99999,35.10875833,-84.04436944,0,43,0,0,1,1,0,4,2,1,0,1,0,0000000,19,33,19,38,88,88,0,0,0,1,1
37,370016,3,3,0,0,0,7,7,39,3230,27,1,2013,1,13,5,0,15,2,US-19,OLD RANGER RD,99999,35.08964167,-84.02886111,0,12,2,0,1,1,0,1,1,1,0,1,0,0000000,13,3,13,6,99,99,0,0,0,1,1
37,370017,2,2,0,0,0,2,2,45,3104,14,1,2013,2,18,31,1,2,2,US-74,PEACHTREE RD,99999,35.29623056,-81.669275,0,12,6,0,2,2,0,1,2,10,0,10,0,0000000,99,99,99,99,99,99,0,0,0,1,0
37,370018,1,1,0,0,0,1,1,47,5020,3,1,2013,5,18,2,0,13,2,US-701,QUALITY ST,99999,34.31180556,-78.70969722,0,1,0,0,1,1,0,4,6,10,0,10,0,0000000,99,99,99,99,99,99,0,0,0,1,1
37,370019,3,1,2,0,0,1,1,47,9997,26,1,2013,7,2,58,0,4,3,SR-242,MONROE KENNEDY RD,99999,34.44576667,-78.87136667,0,42,0,0,1,1,0,4,2,1,0,1,0,0000000,99,99,99,99,99,99,14,0,0,1,1
37,370020,2,2,0,0,0,4,4,49,4720,6,1,2013,1,18,38,0,4,3,SR-43,MILE RD,99999,35.33766111,-77.17489167,0,12,2,0,1,1,0,1,2,10,0,10,0,0000000,99,99,99,99,99,99,0,0,0,2,0
37,370021,2,2,0,0,0,2,2,49,4720,13,1,2013,1,13,58,0,4,3,SR-43,WILMAR RD,99999,35.37758889,-77.21641111,0,12,2,0,2,2,0,1,1,1,0,1,0,0000000,99,99,99,99,99,99,0,0,0,1,0
37,370022,1,1,0,0,0,2,2,49,9997,28,1,2013,2,3,40,0,3,2,US-17,NORBURY DR,99999,35.08662222,-77.1458,0,25,0,0,1,1,0,1,2,10,0,10,0,0000000,99,99,99,99,99,99,0,0,0,1,1
37,370023,2,2,0,0,0,5,5,51,1670,6,1,2013,1,14,45,0,14,2,US-401,ELLIOT BRIDGE RD,99999,35.20538611,-78.84895833,0,12,6,0,2,3,0,1,1,10,0,10,0,0000000,14,51,15,4,15,36,0,0,0,1,0
37,370024,1,1,0,0,0,1,1,51,1670,13,1,2013,1,8,38,0,16,6,MAT HAIR RD,TABOR CHURCH RD,99999,34.91837778,-78.79490556,0,53,0,0,1,1,0,4,1,1,0,1,0,0000000,8,38,8,53,88,88,0,0,0,1,1
37,370025,2,2,0,0,0,4,4,51,4440,25,1,2013,6,14,42,0,16,6,MAGNOLIA CHURCH RD,JAKE RD,99999,35.04021667,-78.70786667,0,12,6,0,2,3,0,1,1,10,3,3,0,0000000,14,41,14,53,15,21,0,0,0,1,0
37,370026,1,1,0,1,1,1,1,57,4590,4,1,2013,6,17,51,0,13,7,NATIONAL HIGHWAY,CULBRETH AVE,99999,35.89049444,-80.071625,0,8,0,0,1,1,0,1,3,1,0,1,0,0000000,17,56,18,2,18,20,0,0,0,1,0
37,370027,3,3,0,0,0,5,5,59,3090,31,1,2013,5,15,24,0,3,2,US-601,PINERIDGE RD,99999,35.80466389,-80.51176111,0,12,1,0,2,2,0,1,1,1,0,1,0,0000000,15,23,15,28,16,11,0,0,0,1,1
37,370028,1,1,0,0,0,1,1,61,2840,1,1,2013,3,1,30,0,6,6,BEASLEYS MILL RD,CARLTON CHAPEL CHURCH RD,99999,34.901175,-78.13527778,0,34,0,0,1,1,0,4,2,1,0,1,0,0000000,1,39,1,50,88,88,0,0,0,1,1
37,370029,1,1,0,0,0,1,1,61,3200,4,1,2013,6,21,11,0,5,6,GARNER CHAPEL RD,BETHEL CHURCH RD,99999,35.1492,-77.95113889,0,1,0,0,1,1,0,4,2,1,0,1,0,0000000,21,11,21,27,22,38,0,0,0,1,1
37,370030,3,3,0,0,0,5,5,63,1360,9,1,2013,4,8,58,0,3,3,SR-157,MILTON RD,99999,36.11779722,-78.929425,0,12,2,0,1,1,0,1,1,1,0,1,0,0000000,8,53,9,4,99,99,0,0,0,1,0
37,370031,1,1,0,1,1,1,1,63,1360,21,1,2013,2,18,1,0,14,6,GUESS ROAD,,99999,36.03334444,-78.92906389,0,8,0,0,1,1,0,1,3,1,0,1,0,0000000,18,1,18,8,88,88,0,0,0,1,0
37,370032,1,1,0,0,0,1,1,63,1360,23,1,2013,4,15,14,1,11,1,I-40,FAYETTEVILLE ROAD,99999,35.90906389,-78.93254722,0,39,0,1,5,1,0,3,1,1,0,1,0,0000000,99,99,99,99,88,88,0,0,0,1,0
37,370033,1,1,0,0,0,1,1,63,1360,15,1,2013,3,21,56,0,15,6,CARVER STREET,,99999,36.03962778,-78.95158056,0,33,0,0,1,1,0,4,2,10,0,10,0,0000000,19,25,19,32,88,88,0,0,0,1,0
37,370034,1,1,0,1,1,1,1,67,5120,2,1,2013,4,13,47,0,14,6,SILAS CREEK PARKWAY,,99999,36.070075,-80.28297778,0,8,0,0,1,1,0,1,1,10,0,10,0,0000000,99,99,99,99,99,99,0,0,0,1,0
37,370035,1,1,0,0,0,1,1,67,0,17,1,2013,5,2,9,0,6,4,CR-2667,,99999,36.10506944,-80.11771667,0,53,0,0,1,1,0,4,2,10,2,2,0,0000000,2,6,2,15,88,88,0,0,0,1,1
37,370036,1,1,0,1,1,1,1,67,2430,29,1,2013,3,18,41,0,6,6,OAKHURST STREET,,99999,36.12199167,-80.08078889,0,8,0,0,1,1,0,1,3,1,0,1,0,0000000,99,99,99,99,99,99,0,0,0,1,0
37,370037,1,1,0,1,1,1,1,67,5120,29,1,2013,3,19,45,1,12,2,US-421,,99999,36.07325556,-80.36111944,0,8,0,0,1,1,0,1,3,1,0,1,0,0000000,19,45,19,52,20,14,0,0,0,1,0
37,370038,1,1,0,0,0,3,3,67,5120,1,1,2013,3,18,25,0,6,6,WILLARD ROAD,,99999,36.04773333,-80.17975278,0,42,0,0,1,1,0,4,3,2,0,2,0,0000000,18,26,18,33,99,99,0,0,0,1,1
37,370039,1,1,0,0,0,1,1,69,0,26,1,2013,7,13,26,0,6,4,CR-1468,,99999,36.12067778,-78.14993056,0,42,0,0,1,1,0,4,1,1,0,1,0,0000000,13,18,13,21,14,21,0,0,0,1,0
37,370040,1,1,0,0,0,1,1,71,1800,11,1,2013,6,5,56,0,13,6,UNION ROAD,,99999,35.24012222,-81.16987778,0,33,0,0,1,1,0,4,3,2,0,2,0,0000000,5,57,6,9,6,32,0,0,0,1,1
37,370041,2,2,0,0,0,2,2,71,4400,23,1,2013,4,10,27,0,6,6,CR-1820,,99999,35.397225,-81.06998889,0,12,2,0,1,1,0,1,1,1,0,1,0,0000000,10,23,10,43,11,33,0,0,0,1,0
37,370042,2,2,0,0,0,2,2,79,0,20,1,2013,1,1,1,0,4,3,SR-58,,99999,35.47119722,-77.72477222,0,12,2,0,1,1,0,1,2,1,0,1,0,0000000,99,99,99,99,99,99,0,0,0,2,1
37,370043,1,1,0,0,0,1,1,81,1940,3,1,2013,5,16,48,0,15,6,PINECROFT ROAD,,99999,36.02955278,-79.839,0,53,0,0,1,1,0,4,1,1,0,1,0,0000000,16,50,16,55,88,88,20,0,0,1,0
37,370044,2,2,0,0,0,2,2,81,0,14,1,2013,2,0,20,1,1,1,I-40,,99999,36.10032222,-80.021475,0,12,1,0,1,1,0,1,2,1,0,1,0,0000000,0,11,0,16,0,49,0,0,0,1,1
37,370045,1,1,0,0,0,1,1,81,2170,25,1,2013,6,3,21,0,16,6,N. PENDLETON STREET,,99999,35.96694722,-79.96962222,0,10,0,0,6,1,0,1,3,10,0,10,0,736238R,3,22,3,28,88,88,0,0,0,1,0
37,370046,2,2,0,0,0,4,4,81,1940,24,1,2013,5,14,11,0,14,6,LIBERTY RD,PLEASANT GARDEN RD,99999,36.030875,-79.76790556,0,12,6,0,2,2,0,1,1,1,0,1,0,0000000,14,10,14,13,14,54,0,0,0,1,0
37,370047,2,2,0,0,0,2,2,81,4504,25,1,2013,6,7,16,1,2,2,US-220,MURPHY RD,99999,36.25249444,-79.92246389,0,12,2,0,1,1,0,1,1,10,0,10,0,0000000,99,99,99,99,99,99,0,0,0,1,0
37,370048,3,3,0,0,0,6,6,83,4930,16,1,2013,4,9,53,0,6,6,COUNTRY CLUB RD,HAMPTON FARM RD,99999,36.424975,-77.62483889,0,34,0,0,1,1,0,4,1,10,2,2,0,0000000,9,53,10,1,10,37,0,0,0,1,0
37,370049,2,2,0,0,0,5,5,101,3010,3,1,2013,5,18,47,0,6,6,RIVER RUN RD,HINNANT-EDGERTON RD,99999,35.54556111,-78.17077222,0,12,6,0,2,2,0,1,2,1,0,1,0,0000000,18,49,18,55,19,24,0,0,0,1,0
37,370050,1,1,0,0,0,4,4,105,620,12,1,2013,7,2,34,0,6,6,SWANNS STATION RD,DIXIE FARM RD,99999,35.44605556,-79.06163056,0,53,0,0,1,1,0,4,2,5,0,5,0,0000000,2,34,2,42,88,88,0,0,0,4,1
37,370051,1,1,0,0,0,9,9,119,870,1,1,2013,3,11,30,0,14,6,SUNSET RD,SUNSET CIRCLE,99999,35.31843333,-80.88846111,0,42,0,0,1,1,0,4,1,2,0,2,0,0000000,11,28,11,39,12,10,0,0,0,1,0
37,370053,2,2,0,1,1,2,2,119,870,11,1,2013,6,7,56,1,11,1,I-85,BILLY GRAHAM PKWY,99999,35.23886944,-80.92085278,0,8,0,0,1,1,0,1,1,2,10,2,0,0000000,7,54,8,0,88,88,0,0,0,1,0
37,370054,1,1,0,0,0,1,1,125,3870,8,1,2013,3,15,42,0,3,3,SR-27,MARLEY RD,99999,35.39573056,-79.53089444,0,34,0,0,1,1,0,4,1,1,0,1,0,0000000,99,99,99,99,88,88,0,0,0,1,0
37,370055,1,1,0,0,0,2,2,127,4170,21,1,2013,2,15,11,0,5,6,HALIFAX RD,DAVIS STORE RD,99999,35.86970556,-77.85059444,0,34,0,0,1,1,0,4,1,1,0,1,0,0000000,15,6,15,28,16,43,0,0,0,1,1
37,370056,1,1,0,1,1,1,1,129,5060,14,1,2013,2,5,18,1,12,2,US-421,SILVER LAKE RD,99999,34.14660556,-77.899925,0,8,0,0,1,1,0,1,2,5,0,5,0,0000000,5,14,5,18,5,34,0,0,0,1,0
37,370057,1,1,0,0,0,1,1,131,2310,8,1,2013,3,19,2,0,4,3,SR-305,JACKSON BY PASS RD,99999,36.42601389,-77.435125,0,42,0,0,1,1,0,4,2,1,0,1,0,0000000,19,1,19,11,21,5,0,0,0,1,1
37,370058,2,2,0,0,0,2,2,133,2330,12,1,2013,7,7,20,0,12,3,SR-24,TALLMAN CIRCLE,99999,34.71405556,-77.31037778,0,12,2,0,1,1,0,1,1,5,0,5,0,0000000,8,13,8,16,8,49,0,0,0,1,0
37,370059,1,1,0,0,0,1,1,133,3830,19,1,2013,7,11,55,0,6,6,RICHLANDS LOOP RD,WARREN TAYLOR RD,99999,34.92316944,-77.58039167,0,34,0,0,1,1,0,4,1,1,0,1,0,0000000,11,54,12,8,88,88,0,0,0,1,0
37,370060,2,2,0,0,0,4,4,141,690,21,1,2013,2,14,57,0,3,2,US-421,SHILOH RD,99999,34.60612778,-78.11097222,0,12,8,0,1,1,0,1,1,1,0,1,0,0000000,14,53,15,11,99,99,0,0,0,2,1
37,370061,1,1,0,0,0,1,1,147,1690,22,1,2013,3,7,30,0,3,2,US-258,SR-222,99999,35.66734167,-77.63676389,0,43,0,0,1,1,0,4,2,1,0,1,0,0000000,99,99,99,99,99,99,0,0,0,1,0
37,370062,2,2,0,1,1,3,3,147,1950,7,1,2013,2,18,35,0,13,7,STATIONSBURG RD,MOYE BLVD,99999,35.60575278,-77.40113333,0,8,0,0,1,1,0,1,2,1,0,1,0,0000000,18,33,18,39,18,51,0,0,0,1,0
37,370063,2,2,0,0,0,2,2,151,3760,8,1,2013,3,15,15,1,13,2,US-64,N BRADY ST,99999,35.73771389,-79.65499722,0,12,2,0,2,2,0,1,1,1,0,1,0,0000000,15,17,15,20,15,40,0,0,0,1,0
37,370064,2,2,0,0,0,3,3,155,1610,1,1,2013,3,0,33,0,16,6,PLEASANT HOPE RD,CHICKEN RD,99999,34.53911944,-79.10311944,0,12,1,0,1,1,0,1,2,10,0,10,0,0000000,0,26,0,41,2,14,0,0,0,1,2
37,370065,2,2,0,0,0,3,3,155,3510,12,1,2013,7,18,22,0,15,6,PARKTON TOBEMRY,BLUE RD,99999,34.89131111,-78.98989722,0,12,6,0,4,1,0,1,2,1,0,1,0,0000000,99,99,99,99,99,99,0,0,0,1,1
37,370066,1,1,0,0,0,2,2,155,4000,27,1,2013,1,2,22,0,4,3,SR-710,PURVIS RD,99999,34.58894167,-79.26303611,0,5,0,0,2,3,0,1,2,1,0,1,0,0000000,2,21,2,33,88,88,0,0,0,1,1
37,370067,1,1,0,0,0,2,2,155,3550,26,1,2013,7,12,29,0,6,6,SAINT ANNA RD,MISSION LN,99999,34.70785278,-79.14719167,0,34,0,0,1,1,0,4,1,1,0,1,0,0000000,12,57,13,7,13,39,0,0,0,1,0
37,370068,1,1,0,0,0,1,1,159,4070,5,1,2013,7,22,45,0,14,2,US-601,YOUNG RD,99999,35.75255556,-80.50778056,0,35,0,0,1,1,0,4,2,10,0,10,0,0000000,99,99,99,99,99,99,0,0,0,1,1
37,370070,1,1,0,0,0,9,9,159,4340,18,1,2013,6,20,10,0,6,6,SOUTH ROWAN AVE,17TH ST,99999,35.68598611,-80.444575,0,42,0,0,1,1,0,4,2,1,0,1,0,0000000,20,20,20,28,20,53,0,0,0,6,1
37,370071,1,1,0,1,1,1,1,159,2390,20,1,2013,1,18,14,0,99,9,LCL N CANNON BLVD,LCL SOLUTIONWORKS DR,99999,99.99990000,999.99990000,0,8,0,0,3,3,0,1,3,1,0,1,0,0000000,18,13,18,17,88,88,0,0,0,1,0
37,370072,2,2,0,0,0,3,3,161,1680,10,1,2013,5,2,8,0,4,2,US-221,BALLENGER RD,99999,35.2094,-81.77754722,0,12,2,0,1,1,0,1,2,1,0,1,0,0000000,2,12,2,23,88,88,0,0,0,1,0
37,370073,1,1,0,1,1,1,1,163,1760,31,1,2013,5,0,24,0,3,2,US-701,EBENEZER FOREST RD,99999,34.864025,-78.34353333,0,8,0,0,1,1,0,1,2,6,2,2,0,0000000,0,17,0,25,88,88,0,0,0,1,0
37,370074,1,1,0,0,0,1,1,169,1187,13,1,2013,1,19,35,0,5,6,AMOSTOWN RD,HENNIS RD,99999,36.53473056,-80.033775,0,35,0,0,1,1,0,4,2,10,0,10,0,0000000,19,8,19,30,20,45,0,0,0,1,1
37,370075,1,1,0,1,1,1,1,171,3170,8,1,2013,3,18,17,0,14,3,SR-89,BEASLEY ST,99999,36.49969722,-80.62453611,0,8,0,0,1,1,0,1,3,1,0,1,0,0000000,18,18,18,21,88,88,0,0,0,1,0
37,370076,2,2,0,0,0,3,3,173,875,15,1,2013,3,14,8,0,3,2,US-441,GREAT SMOKY MTN. PARK,99999,99.99990000,999.99990000,0,12,2,0,1,1,0,1,1,2,0,2,0,0000000,99,99,99,99,99,99,0,0,0,1,0
37,370077,2,2,0,0,0,3,3,179,4690,9,1,2013,4,8,12,0,4,3,SR-200,SR-218,99999,35.12847778,-80.43209167,0,12,6,0,2,2,0,1,1,1,0,1,0,0000000,99,99,99,99,99,99,0,0,0,1,0
37,370078,2,2,0,0,0,2,2,179,4890,18,1,2013,6,6,58,0,15,3,SR-75,MCNEELY RD,99999,34.93033611,-80.69154722,0,12,2,0,1,1,0,1,2,1,0,1,0,0000000,6,58,7,8,9,1,0,0,0,1,0
37,370079,2,2,0,0,0,2,2,179,4690,31,1,2013,5,12,18,0,4,3,SR-200,SR-218,99999,35.12853056,-80.43211389,0,12,6,0,2,2,0,1,1,1,0,1,0,0000000,12,17,12,26,13,51,0,0,0,1,0
37,370080,1,1,0,2,2,1,1,181,2120,27,1,2013,1,13,15,0,16,6,E. MONTGOMERY ST,HARRISON AVE.,99999,36.32278889,-78.39816944,0,30,0,0,1,1,0,4,1,1,0,1,0,0000000,13,16,13,20,13,41,0,0,0,1,1
37,370081,2,2,0,0,0,3,3,183,1752,3,1,2013,5,0,10,0,6,6,LAKE WHEELER RD,HILL-TOP NEEDMORE RD,99999,35.62763889,-78.73044722,0,12,6,0,2,2,0,1,2,1,0,1,0,0000000,0,8,0,11,0,43,0,0,0,1,1
37,370082,1,1,0,0,0,1,1,183,3940,3,1,2013,5,20,36,0,3,3,SR-96,JACK JONES RD,99999,35.9666,-78.43743611,0,42,0,0,1,1,0,4,2,1,0,1,0,0000000,99,99,99,99,88,88,0,0,0,1,1
37,370083,5,5,0,1,1,15,15,183,3750,7,1,2013,2,19,22,1,11,1,I-440,POOLE RD,99999,35.7687,-78.57388056,0,8,0,0,1,1,0,1,2,1,0,1,0,0000000,19,22,19,30,88,88,0,0,0,1,0
37,370084,1,1,0,0,0,1,1,183,1770,15,1,2013,3,10,19,0,19,6,RAND RD,ROLLING HILLS DR,99999,35.65581111,-78.64059444,0,53,0,0,1,1,0,4,1,10,0,10,0,0000000,10,21,10,30,10,52,0,0,0,1,1
37,370085,1,1,0,0,0,1,1,183,3750,23,1,2013,4,16,33,0,16,6,OLD CREEDMORE RD,PATRIE PLACE,99999,35.93061389,-78.6915,0,42,0,0,1,1,0,4,1,1,0,1,0,0000000,16,30,16,40,88,88,0,0,0,1,1
37,370086,2,2,0,0,0,5,5,183,4940,25,1,2013,6,14,17,0,14,6,WENDELL BLVD.,WHITLEY WAY,99999,35.78952222,-78.35365,0,12,6,0,1,1,0,1,1,3,0,3,0,0000000,14,18,14,45,15,28,0,0,0,1,0
37,370087,2,2,0,0,0,3,3,183,3750,24,1,2013,5,21,21,0,16,6,FOX RD,SUMNER BLVD.,99999,35.86311667,-78.56664444,0,12,6,0,2,2,0,1,2,1,0,1,0,0000000,21,23,21,32,21,57,0,0,0,1,0
37,370088,1,1,0,0,0,2,2,183,3750,30,1,2013,4,2,39,0,16,6,LABRADOR RD,BLUEWING RD,99999,35.84728611,-78.499125,0,42,0,0,1,1,0,4,3,1,0,1,0,0000000,2,38,2,52,99,99,0,0,0,1,1
37,370089,1,1,0,0,0,1,1,189,560,13,1,2013,1,17,6,0,6,6,OLD US-421,NORTH FORK RD,99999,36.31435833,-81.76823056,0,34,0,0,1,1,0,4,1,10,0,10,0,0000000,99,99,99,99,99,99,0,0,0,1,1
37,370090,1,1,0,0,0,1,1,195,4220,16,1,2013,4,7,13,0,6,6,FRIDAY RD,BREEN POND RD,99999,35.78235,-78.04975833,0,34,0,0,3,3,0,4,2,10,5,5,0,0000000,7,58,8,6,99,99,0,0,0,1,1
37,370091,1,1,0,0,0,1,1,197,2370,31,1,2013,5,9,16,1,1,1,I-77,US-21,99999,36.19763889,-80.81149167,0,24,0,0,1,1,0,1,1,1,0,1,0,0000000,99,99,99,99,99,99,0,0,0,1,0
37,370092,1,1,0,0,0,2,2,77,1120,29,1,2013,3,17,8,0,6,6,DOVE RD,SR-50,99999,36.09665278,-78.67461111,0,42,0,0,1,1,0,4,1,1,0,1,0,0000000,17,8,17,13,17,47,0,0,0,1,0
37,370093,3,2,1,0,0,2,2,111,2900,15,1,2013,3,13,19,0,14,6,NORTH MAIN STREET,NORTH LOGAN STREET,99999,35.68642222,-82.01182778,0,16,0,0,1,1,0,1,1,2,10,2,0,0000000,13,20,13,22,13,45,0,0,0,1,0
37,370094,1,1,0,0,0,1,1,183,3750,30,1,2013,4,9,54,0,14,6,N NEW HOPE RD,SUE ELLEN DR,99999,35.83608333,-78.57049167,0,24,0,0,1,1,0,5,1,10,0,10,0,0000000,9,40,9,50,10,6,0,0,0,1,0
37,370095,1,1,0,0,0,1,1,1,1900,10,2,2013,1,4,19,0,3,3,SR-54,JIM MINOR RD,99999,36.044175,-79.36051667,0,35,0,0,1,1,0,4,2,1,0,1,0,0000000,99,99,99,99,88,88,0,0,0,1,1
37,370096,1,1,0,0,0,1,1,19,9997,7,2,2013,5,19,15,0,9,9,E. BOILING SPRING RD,NASSAU RD,99999,34.03471667,-78.06205278,0,1,0,0,1,1,0,4,3,2,0,2,0,0000000,19,12,19,26,21,14,0,0,0,1,1
37,370097,1,1,0,0,0,1,1,27,2590,13,2,2013,4,23,58,0,5,6,ADAKO RD,BROWN MOUTAIN BEACH RD,99999,35.90192222,-81.70935833,0,42,0,0,1,1,0,4,2,10,0,10,0,0000000,23,56,0,14,0,37,0,0,0,1,1
37,370098,2,2,0,0,0,2,2,47,850,7,2,2013,5,18,53,0,4,3,SR-410,US-76,99999,34.33830833,-78.81288056,0,12,2,0,1,1,0,1,2,2,0,2,0,0000000,18,55,19,1,19,21,0,0,0,1,0
37,370099,2,2,0,0,0,5,5,49,3250,22,2,2013,6,16,1,0,3,6,BRICES CREEK RD,MARION DR,99999,35.07010556,-77.05733056,0,12,2,0,1,1,0,1,1,10,0,10,0,0000000,99,99,99,99,99,99,0,0,0,1,0
37,370100,2,2,0,0,0,2,2,51,4767,4,2,2013,2,3,59,0,3,2,US-13,JAMES DAIL RD,99999,35.12293056,-78.73328889,0,12,2,0,1,1,0,1,2,1,0,1,0,0000000,99,99,99,99,99,99,0,0,0,1,0
37,370101,2,2,0,0,0,4,4,57,2620,1,2,2013,6,13,1,0,4,6,OLD SALISBURY RD,BELMONT RD,99999,35.75649167,-80.35153889,0,12,2,0,2,3,0,1,1,1,0,1,0,0000000,13,4,13,8,99,99,0,0,0,1,0
37,370102,1,1,0,0,0,1,1,57,2620,10,2,2013,1,19,39,1,1,1,I-85,,99999,99.99990000,999.99990000,0,42,0,0,1,1,0,3,2,10,0,10,0,0000000,19,41,19,48,88,88,0,0,0,1,0
37,370103,1,1,0,0,0,1,1,57,2620,13,2,2013,4,10,21,0,6,6,HAMPTON RD,MUDDY CREEK RD,99999,35.94008889,-80.35788333,0,38,0,0,1,1,0,4,1,10,0,10,0,0000000,10,37,10,54,88,88,0,0,0,1,0
37,370104,2,2,0,0,0,4,4,57,2620,17,2,2013,1,19,1,0,6,6,HOMER LEONARD RD,BETHESDA RD,99999,35.89715278,-80.25888056,0,12,2,0,2,3,0,1,2,1,0,1,0,0000000,18,58,19,9,19,32,0,0,0,1,1
37,370105,1,1,0,1,1,1,1,63,1360,6,2,2013,4,23,19,0,16,6,BARBEE RD,FOREST RIDGE RD,99999,35.92072778,-78.91381944,0,8,0,0,1,1,0,1,2,1,0,1,0,0000000,20,54,21,4,21,26,0,0,0,1,0
37,370106,1,1,0,0,0,2,2,67,5120,10,2,2013,1,15,1,0,15,6,OLD RURAL HALL RD,NORTHCHESTER RD,99999,36.18815,-80.245225,0,42,0,0,1,1,0,4,1,1,0,1,0,0000000,15,2,15,25,99,99,0,0,0,1,0