STATE,ST_CASE,VE_TOTAL,VE_FORMS,PVH_INVL,PEDS,PERNOTMVIT,PERMVIT,PERSONS,COUNTY,CITY,DAY,MONTH,YEAR,DAY_WEEK,HOUR,MINUTE,NHS,ROAD_FNC,ROUTE,TWAY_ID,TWAY_ID2,MILEPT,LATITUDE,LONGITUD,SP_JUR,HARM_EV,MAN_COLL,RELJCT1,RELJCT2,TYP_INT,WRK_ZONE,REL_ROAD,LGT_COND,WEATHER1,WEATHER2,WEATHER,SCH_BUS,RAIL,NOT_HOUR,NOT_MIN,ARR_HOUR,ARR_MIN,HOSP_HR,HOSP_MN,CF1,CF2,CF3,FATALS,DRUNK_DR
37,370107,2,2,0,1,1,5,5,71,1800,16,2,2013,7,17,0,1,2,2,US-321,WOLFPACK RD,99999,35.17878611,-81.20209722,0,8,0,0,1,1,0,2,1,4,0,4,0,0000000,16,42,16,49,17,11,19,0,0,1,0
37,370108,1,1,0,0,0,2,2,81,1940,3,2,2013,1,3,58,0,15,6,MY. HOPE CHURCH RD,BASEMAN RD,99999,36.00987778,-79.62202222,0,59,0,0,1,1,0,4,2,10,0,10,0,0000000,3,55,4,2,99,99,0,0,0,1,1
37,370109,1,1,0,0,0,1,1,81,1940,5,2,2013,3,22,1,1,2,2,US-70,DEBANNE RD,99999,36.08529722,-79.67448056,0,42,0,0,1,1,0,5,2,1,0,1,0,0000000,21,57,22,3,88,88,0,0,0,1,1
37,370110,1,1,0,1,1,1,1,81,2170,7,2,2013,5,20,14,1,11,1,I-74,EASTCHESTER DR,99999,35.99868611,-79.987925,0,8,0,0,1,1,0,1,2,2,10,2,0,0000000,20,23,20,28,88,88,0,0,0,1,0
37,370111,1,1,0,0,0,1,1,97,4430,2,2,2013,7,22,19,0,6,6,JERICHO RD,DAMRON LN,99999,35.98600278,-80.83137222,0,43,0,0,1,1,0,4,2,2,0,2,0,0000000,99,99,99,99,88,88,0,0,0,1,1
37,370112,2,2,0,0,0,2,2,101,9997,1,2,2013,6,11,45,0,15,6,COVERED BRIDGE RD,LOOP RD,99999,35.69364722,-78.40661389,0,12,2,0,1,1,0,1,1,1,0,1,0,0000000,11,47,11,55,88,88,0,0,0,1,0
37,370113,1,1,0,0,0,3,3,101,930,16,2,2013,7,3,5,0,16,6,JOSEPHINE RD,CORNWALLIS RD,99999,35.588725,-78.53208333,0,34,0,0,1,1,0,4,2,1,0,1,0,0000000,99,99,99,99,99,99,0,0,0,1,1
37,370114,1,1,0,0,0,1,1,109,1250,10,2,2013,1,1,8,0,5,6,CAMPGROUND RD,PINE RIDGE RD,99999,35.54006667,-81.01405556,0,35,0,0,1,1,0,4,2,1,0,1,0,0000000,99,99,99,99,88,88,0,0,0,1,1
37,370115,1,1,0,1,1,1,1,109,2660,12,2,2013,3,5,33,0,6,6,BIGGERSTAFF RD,CL CATAWBA,99999,35.55941944,-81.25925556,0,8,0,0,1,1,0,1,2,1,0,1,0,0000000,5,31,5,38,5,42,0,0,0,1,0
37,370116,2,2,0,0,0,4,4,113,1710,25,2,2013,2,17,1,1,2,2,US-23,BATES BRANCH RD,99999,99.99990000,999.99990000,0,12,8,0,1,1,0,1,1,1,0,1,0,0000000,16,58,17,7,99,99,0,0,0,1,0
37,370117,2,2,0,0,0,4,4,117,3900,25,2,2013,2,20,1,1,2,2,US-64 ALT,CLARK RD,99999,35.82708889,-77.21322222,0,12,1,0,2,4,0,1,2,1,0,1,0,0000000,20,0,20,8,20,25,0,0,0,2,0
37,370118,1,1,0,0,0,4,4,119,870,17,2,2013,1,3,8,0,6,6,TYVOLA RD,OLD PINEVILLE RD,99999,35.16553056,-80.87985,0,42,0,0,1,1,0,3,3,10,0,10,0,0000000,3,9,3,13,3,42,0,0,0,1,1
37,370119,1,1,0,0,0,5,5,125,790,14,2,2013,5,6,57,0,6,6,STAR RIDGE RD,BROWN RD,99999,35.29721944,-79.40801389,0,34,0,0,1,1,0,4,1,1,0,1,0,0000000,99,99,99,99,99,99,0,0,0,1,0
37,370120,1,1,0,1,1,2,2,127,4170,6,2,2013,4,2,20,1,2,2,US-301,WEST TARBORO RD,99999,35.87839444,-77.82425278,0,8,0,0,1,1,0,1,2,1,0,1,0,0000000,99,99,99,99,88,88,0,0,0,1,0
37,370121,1,1,0,0,0,1,1,127,3930,11,2,2013,2,19,50,0,14,6,AIRPORT RD,N. CHURCH ST,99999,35.97141111,-77.789475,0,34,0,0,1,1,0,4,2,10,0,10,0,0000000,19,57,20,6,20,33,0,0,0,1,0
37,370122,1,1,0,0,0,3,3,127,320,20,2,2013,4,23,45,0,16,6,W BATTLEBORO AVE,PEARSALL ST,99999,36.04876667,-77.74873889,0,10,0,0,6,1,0,1,3,1,0,1,0,629686f,23,43,23,46,99,99,0,0,0,1,0
37,370123,1,1,0,0,0,1,1,131,4150,20,2,2013,4,15,0,0,6,6,MOUNT CARMELL CHURCH,BRITTON RD,99999,99.99990000,999.99990000,0,34,0,0,1,1,0,4,1,1,0,1,0,0000000,14,56,15,13,16,19,0,0,0,1,0
37,370124,3,3,0,0,0,3,3,133,3830,14,2,2013,5,16,51,0,6,6,GREGORY FORK RD,FOWLER MANNING RD,99999,34.869625,-77.55986944,0,12,6,0,2,3,0,1,1,1,0,1,0,0000000,16,49,16,55,17,37,0,0,0,1,1
37,370125,2,2,0,0,0,2,2,147,1970,6,2,2013,4,6,49,1,2,2,US-264,STICKS RD,99999,35.62133611,-77.17210278,0,12,6,0,2,2,0,1,4,1,0,1,0,0000000,6,50,7,0,99,99,0,0,0,1,0
37,370126,1,1,0,1,1,1,1,151,4640,19,2,2013,3,20,48,0,16,6,AUCTION RD,PROSPECT RD,99999,35.91409444,-80.03377778,0,8,0,0,1,1,0,1,2,1,0,1,0,0000000,20,51,21,2,88,88,0,0,0,1,0
37,370127,2,2,0,0,0,5,5,153,2210,16,2,2013,7,16,21,1,2,2,US-1,CADDELL RD,99999,35.02050833,-79.56288889,0,12,1,0,1,1,0,1,1,4,10,4,0,0000000,16,21,16,41,17,19,0,0,0,1,0
37,370128,1,1,0,0,0,4,4,151,2630,26,2,2013,3,19,11,0,6,6,RICHLAND CHURCH RD,OLD 421 RD,99999,35.89471389,-79.59196389,0,30,0,0,3,3,0,4,2,2,5,2,0,0000000,19,7,19,14,99,99,0,0,0,1,0
37,370129,1,1,0,0,0,1,1,155,3550,1,2,2013,6,1,34,0,6,6,PHILADELPHUS RD,SAINT ANNA RD,99999,34.71040556,-79.18481111,0,34,0,0,1,1,0,4,2,1,0,1,0,0000000,99,99,99,99,88,88,0,0,0,1,1
37,370130,2,2,0,0,0,7,7,155,2770,2,2,2013,7,16,39,0,4,2,US-301,ROZIER SIDING,99999,34.76456111,-78.985825,0,12,2,0,1,1,0,1,1,1,0,1,0,0000000,16,40,16,44,18,48,0,0,0,2,0
37,370131,1,1,0,0,0,1,1,155,4050,3,2,2013,1,12,28,0,6,6,MCRAINEY RD,OAKLAND RD,99999,34.83959167,-78.96143611,0,59,0,0,1,1,0,4,1,1,0,1,0,0000000,12,26,12,32,13,10,0,0,0,1,0
37,370132,1,1,0,1,1,1,1,155,2770,20,2,2013,4,23,7,0,4,6,ALAMAC RD,GLORIA DR,99999,34.54316389,-78.99635556,0,8,0,0,1,1,0,1,2,1,0,1,0,0000000,23,2,23,9,0,3,0,0,0,1,0
37,370133,1,1,0,0,0,1,1,155,2770,22,2,2013,6,9,9,0,4,6,OLD ALLENTON RD,OLD WHITEVILLE RD,99999,34.57654167,-78.92203889,0,31,0,0,3,3,0,4,1,10,0,10,0,0000000,9,4,9,17,88,88,0,0,0,1,0
37,370134,1,1,0,0,0,6,6,157,4470,5,2,2013,3,11,32,0,6,6,SNEAD RD,PRICE GRANGE RD,99999,36.483625,-79.87086389,0,35,0,0,1,1,0,4,1,1,0,1,0,0000000,11,41,11,53,13,7,0,0,0,1,0
37,370136,1,1,0,1,1,1,1,165,2560,15,2,2013,6,4,44,1,12,2,US-74,STEWARTSVILLE RD,99999,34.75500556,-79.44415278,0,8,0,0,1,1,0,1,2,1,0,1,0,0000000,4,28,4,41,88,88,0,0,0,1,0
37,370137,1,1,0,1,1,2,2,179,3080,1,2,2013,6,21,22,0,4,3,SR-75,SECREST RD,99999,99.99990000,999.99990000,0,8,0,0,1,1,0,1,2,1,0,1,0,0000000,21,23,21,31,21,57,0,0,0,1,0
37,370138,1,1,0,0,0,5,5,199,710,12,2,2013,3,15,3,1,2,2,US-19,SYCAMORE CIRCLE,99999,35.90364722,-82.18090278,0,52,0,0,1,1,0,4,1,10,0,10,0,0000000,99,99,99,99,99,99,0,0,0,1,0
37,370139,1,1,0,0,0,1,1,19,0,4,2,2013,2,22,15,1,2,2,US-17,,99999,99.99990000,999.99990000,0,7,0,0,1,1,0,1,2,1,0,1,0,0000000,22,15,99,99,88,88,0,0,0,1,1
37,370140,2,2,0,0,0,2,2,47,0,22,2,2013,6,15,24,1,2,2,US-74,,99999,99.99990000,999.99990000,0,12,8,0,1,1,0,1,1,1,0,1,0,0000000,15,25,15,37,99,99,0,0,0,1,0
37,370141,1,1,0,1,1,6,6,55,3235,15,2,2013,6,18,55,1,12,2,US-158,,99999,35.96241667,-75.62733333,0,8,0,0,1,1,0,1,2,1,0,1,0,0000000,18,55,19,1,19,23,0,0,0,1,0
37,370142,2,2,0,0,0,2,2,63,1360,19,2,2013,3,3,41,1,11,1,I-40,,99999,35.90958333,-78.93179444,0,12,1,0,1,1,0,1,2,1,0,1,0,0000000,99,99,99,99,99,99,0,0,0,1,1
37,370143,1,1,0,1,1,1,1,67,5120,27,2,2013,4,22,42,0,16,6,GLENN AVE,25TH ST,99999,36.12197778,-80.24114444,0,8,0,0,2,2,0,1,3,1,0,1,0,0000000,22,44,22,50,88,88,0,0,0,1,0
37,370144,2,2,0,0,0,3,3,81,2170,20,2,2013,4,14,12,0,16,6,W ENGLISH RD,,99999,35.93006944,-80.04011389,0,12,8,0,1,1,0,1,1,1,0,1,0,0000000,14,12,14,20,14,36,0,0,0,1,1
37,370145,2,2,0,0,0,2,2,85,0,14,2,2013,5,21,47,0,3,3,SR-87,,99999,99.99990000,999.99990000,0,12,1,0,1,1,0,1,2,1,0,1,0,0000000,21,31,21,34,22,15,0,0,0,1,0
37,370146,1,1,0,0,0,1,1,115,0,20,2,2013,4,11,47,1,2,2,US-25,NC-208,99999,35.93071389,-82.745725,0,35,0,0,3,3,0,4,1,1,0,1,0,0000000,11,39,11,46,88,88,0,0,0,1,1
37,370147,4,4,0,0,0,4,4,119,870,20,2,2013,4,20,6,0,16,6,BROOKSHIRE BLVD,,99999,35.31334444,-80.92994167,0,12,1,0,1,1,0,1,3,1,0,1,0,0000000,20,6,20,14,20,19,0,0,0,1,0
37,370148,1,1,0,0,0,2,2,119,870,28,2,2013,5,1,40,0,16,6,MERLANE DR,,99999,35.27415278,-80.79626944,0,43,0,0,1,1,0,4,2,1,0,1,0,0000000,1,40,1,45,2,18,0,0,0,1,1
37,370149,1,1,0,0,0,1,1,119,870,28,2,2013,5,11,52,0,16,6,N SHARON AMITY RD,,99999,35.22830833,-80.74614722,0,30,0,0,1,1,0,4,1,10,0,10,0,0000000,11,51,11,56,12,17,0,0,0,1,0
37,370150,2,2,0,0,0,4,4,129,5060,24,2,2013,1,19,51,0,16,6,CAROLINA BEACH RD,,99999,34.11912778,-77.90047778,0,12,6,0,4,1,0,1,3,1,0,1,0,0000000,19,52,19,55,88,88,0,0,0,1,2
37,370151,1,1,0,0,0,1,1,135,0,28,2,2013,5,2,34,0,3,3,SR-1009,,99999,99.99990000,999.99990000,0,1,0,0,1,1,0,4,2,1,0,1,0,0000000,2,27,2,37,88,88,0,0,0,1,1
37,370152,2,2,0,1,1,0,0,151,0,28,2,2013,5,19,46,0,3,3,SR-2132,,0,35.778325,-79.76700278,0,8,0,0,1,1,0,4,2,1,0,1,0,0000000,19,43,19,51,88,88,14,15,19,1,0
37,370153,1,1,0,0,0,1,1,153,0,20,2,2013,4,17,40,0,3,3,SR-1903,,99999,34.932075,-79.77492222,0,1,0,0,1,1,0,4,1,1,0,1,0,0000000,17,38,17,44,18,10,0,0,0,1,1
37,370154,1,1,0,0,0,1,1,157,1435,2,2,2013,7,16,48,0,13,3,SR-2066,,99999,36.49413333,-79.73685556,0,24,0,0,1,1,0,4,1,1,0,1,0,0000000,16,40,16,45,88,88,0,0,0,1,1
37,370155,2,2,0,0,0,2,2,179,3100,26,2,2013,3,17,35,1,13,2,US-601,,99999,35.00933889,-80.54333611,0,12,2,0,1,1,0,1,1,10,0,10,0,0000000,17,41,17,46,18,28,0,0,0,1,0
37,370156,2,2,0,0,0,3,3,167,2690,20,2,2013,4,18,3,0,16,6,W MAIN ST,,99999,35.25524722,-80.45748611,0,12,1,0,1,1,0,1,1,1,0,1,0,0000000,18,2,18,20,88,88,0,0,0,1,1
37,370157,2,2,0,0,0,2,2,17,9997,5,3,2013,3,13,11,0,6,6,NATMORE CHURCH RD,GREENS DAIRY RD,99999,34.42095278,-78.26105278,0,12,6,0,8,1,0,1,1,1,0,1,0,0000000,99,99,99,99,99,99,0,0,0,1,0
37,370158,2,2,0,0,0,6,6,23,3130,12,3,2013,3,14,11,0,14,2,US-64,VIEW RD,99999,35.67871111,-81.73267778,0,12,2,0,1,1,0,1,1,1,0,1,0,0000000,14,21,14,33,15,38,0,0,0,1,0
37,370159,2,2,0,0,0,3,3,35,2150,6,3,2013,4,19,19,0,3,3,SR-127,SR-10,99999,35.62932778,-81.37724444,0,12,2,0,1,1,0,1,2,1,0,1,0,0000000,19,18,19,19,99,99,0,0,0,1,0
37,370160,1,1,0,0,0,1,1,45,9997,14,3,2013,5,7,24,0,3,3,SR-180,SR-226,99999,35.23115,-81.51730556,0,32,0,0,1,1,0,4,1,1,0,1,0,0000000,7,26,7,29,88,88,0,0,0,1,0
37,370161,2,2,0,0,0,2,2,51,4440,10,3,2013,1,19,13,0,2,3,SR-24,E 1ST ST,99999,35.01233056,-78.69108333,0,12,1,0,1,1,0,1,1,1,0,1,0,0000000,19,11,19,12,19,36,0,0,0,1,2
37,370162,1,1,0,1,1,1,1,57,4590,1,3,2013,6,18,33,0,15,6,E OLD US HIGHWAY 64,GALLIMORE RD,99999,35.729775,-80.09312222,0,8,0,0,1,1,0,1,2,1,0,1,0,0000000,18,34,18,44,88,88,0,0,0,1,0
37,370163,2,2,0,0,0,2,2,57,1240,6,3,2013,4,12,31,0,3,3,SR-109,SR-49,99999,35.55558056,-80.09206389,0,12,6,1,2,2,0,1,1,1,0,1,0,0000000,12,32,12,56,13,56,0,0,0,1,0
37,370164,2,2,0,0,0,2,2,59,3090,5,3,2013,3,5,55,0,5,6,DAVIE ACADEMY RIDGE RD,ST. MATTHEWS RD,99999,35.88128611,-80.66223889,0,12,2,0,1,1,0,1,2,1,0,1,0,0000000,5,55,6,8,99,99,0,0,0,1,0
37,370165,2,2,0,0,0,3,3,67,4797,15,3,2013,6,17,39,0,3,3,SR-66,OLD 66 CIRCLE,99999,36.15619722,-80.12988056,0,12,2,0,1,1,0,1,1,1,0,1,0,0000000,17,37,17,42,18,20,0,0,0,1,0
37,370166,1,1,0,0,0,2,2,71,430,10,3,2013,1,21,51,0,6,6,SUNNYSIDE SHADY RD,WEAVER DAIRY RD,99999,35.31164444,-81.32665278,0,42,0,0,1,1,0,4,2,10,0,10,0,0000000,21,49,22,3,22,28,0,0,0,1,0
37,370167,3,3,0,0,0,4,4,87,750,2,3,2013,7,21,15,1,1,1,I-40,MILE 30,99999,99.99990000,999.99990000,0,50,0,0,1,1,0,1,2,4,0,4,0,0000000,21,19,21,25,22,35,0,0,0,1,0
37,370168,1,1,0,0,0,1,1,105,4090,9,3,2013,7,0,58,1,2,2,US-1,FARRELL RD,99999,35.59110556,-79.11855,0,24,0,0,1,1,0,3,2,1,0,1,0,0000000,1,0,1,10,2,39,0,0,0,1,1
37,370169,2,2,0,0,0,2,2,123,470,4,3,2013,2,18,55,0,14,3,SR-24,LAMMONDS WELDING RD,99999,35.35645278,-79.80768889,0,12,6,0,2,3,0,1,5,1,0,1,0,0000000,18,45,18,53,88,88,0,0,0,1,1
37,370170,2,2,0,0,0,4,4,127,0,11,3,2013,2,21,25,1,2,2,US-301,,99999,35.89168889,-77.81831667,0,12,2,0,1,1,0,1,2,10,0,10,0,0000000,21,25,22,5,99,99,0,0,0,2,1
37,370171,4,4,0,0,0,7,7,135,0,4,3,2013,2,21,2,1,1,1,I-85,,99999,36.07895278,-79.22818611,0,12,1,0,1,1,0,1,2,1,0,1,0,0000000,21,2,21,10,21,12,14,0,0,1,0
37,370172,2,2,0,0,0,2,2,145,0,13,3,2013,4,6,22,0,5,4,CR-1536,,99999,36.38356389,-78.83404167,0,12,2,0,1,1,0,1,2,1,0,1,0,0000000,6,35,6,48,99,99,0,0,0,1,0
37,370173,2,2,0,1,1,1,1,147,0,2,3,2013,7,5,25,1,2,2,US-264,,99999,35.608,-77.433425,0,12,2,0,1,1,0,1,2,1,0,1,0,0000000,99,99,99,99,99,99,19,0,0,1,0
37,370174,1,1,0,0,0,6,6,153,0,8,3,2013,6,23,52,0,6,4,CR-1141,,99999,34.97173333,-79.85646111,0,1,0,0,1,1,0,4,2,1,0,1,0,0000000,0,11,0,21,0,39,0,0,0,2,1
37,370175,2,2,0,0,0,3,3,159,0,9,3,2013,7,16,43,0,4,4,CR-1002,CR-2134,99999,35.63301944,-80.36225,0,12,6,0,2,2,0,1,1,1,0,1,0,0000000,99,99,99,99,99,99,0,0,0,1,0
37,370176,1,1,0,0,0,1,1,161,0,4,3,2013,2,16,40,0,6,4,CR-1796,,99999,35.42012778,-81.83220278,0,35,0,0,1,1,0,4,1,1,0,1,0,0000000,16,35,16,39,88,88,0,0,0,1,0
37,370177,1,1,0,0,0,1,1,161,0,11,3,2013,2,14,53,0,6,4,CR-1762,,99999,35.37364444,-81.71004444,0,42,0,0,1,1,0,4,1,10,0,10,0,0000000,14,48,15,10,88,88,0,0,0,1,0
37,370178,1,1,0,0,0,1,1,163,0,10,3,2013,1,10,25,0,6,4,CR-1900,,99999,35.10896111,-78.17447778,0,34,0,0,1,1,0,4,2,1,0,1,0,0000000,10,12,10,16,88,88,0,0,0,1,1
37,370179,1,1,0,1,1,1,1,183,0,5,3,2013,3,23,56,0,16,6,NEW BERN AVE,,99999,35.78006389,-78.62803333,0,8,0,0,1,1,0,1,3,10,0,10,0,0000000,23,57,0,9,0,13,0,0,0,1,0
37,370180,2,2,0,0,0,5,5,191,0,6,3,2013,4,7,43,0,6,4,CR-1727,CR-1726,99999,35.31419167,-77.9049,0,12,6,0,2,2,0,1,1,10,0,10,0,0000000,7,45,7,54,8,7,0,0,0,1,0
37,370181,2,2,0,0,0,2,2,191,0,12,3,2013,3,14,57,0,6,4,CR-1705,,99999,35.40962778,-77.88489444,0,12,2,0,1,1,0,1,1,10,0,10,0,0000000,14,57,15,1,99,99,0,0,0,1,0
37,370182,1,1,0,0,0,1,1,197,0,10,3,2013,1,18,7,0,5,4,CR-1605,,99999,36.13991111,-80.46827778,0,18,0,0,1,1,0,4,1,1,0,1,0,0000000,18,6,18,17,18,57,0,0,0,1,0
37,370183,1,1,0,1,1,3,3,1,700,28,2,2013,5,23,11,1,13,2,US-70,,0,99.99990000,999.99990000,0,8,0,0,1,1,0,1,2,1,0,1,0,0000000,23,11,23,19,23,33,0,0,0,1,0
37,370185,2,2,0,0,0,3,3,31,0,26,2,2013,3,19,59,0,3,3,SR-24,,0,99.99990000,999.99990000,0,12,8,0,1,1,0,1,2,10,2,2,0,0000000,20,1,20,9,20,47,0,0,0,1,0
37,370186,3,3,0,0,0,3,3,119,870,5,2,2013,3,16,13,0,16,6,ARDREY KELL RD,,0,35.02765833,-80.83235,0,12,8,0,1,1,0,1,1,1,0,1,0,0000000,16,12,16,22,17,15,0,0,0,1,0
37,370187,2,2,0,0,0,3,3,165,0,8,2,2013,6,11,54,1,2,2,US-501,SR-144,0,34.83925556,-79.45856944,0,12,6,0,2,2,0,1,1,1,0,1,0,0000000,11,56,12,4,12,36,0,0,0,1,0
37,370189,1,1,0,0,0,1,1,1,0,27,3,2013,4,14,38,0,2,3,SR-2116,,0,99.99990000,999.99990000,0,32,0,0,1,1,0,4,1,1,0,1,0,0000000,14,35,14,42,88,88,0,0,0,1,1
37,370190,1,1,0,0,0,1,1,7,0,20,3,2013,4,13,0,0,3,3,SR-109,,0,99.99990000,999.99990000,0,30,0,0,1,1,0,4,1,1,0,1,0,0000000,13,0,13,6,14,4,0,0,0,1,0
37,370192,1,1,0,0,0,1,1,19,0,23,3,2013,7,6,7,0,3,3,SR-1167,,0,33.91488611,-78.57925278,0,39,0,0,1,1,0,4,2,1,0,1,0,0000000,6,3,6,11,88,88,0,0,0,1,1
37,370193,1,1,0,1,1,2,2,25,2390,15,3,2013,6,20,1,0,16,6,CANNON BLVD,FAIRVIEW ST,0,35.48704722,-80.611225,0,8,0,0,3,2,0,1,3,1,0,1,0,0000000,20,3,20,6,88,88,0,0,0,1,0
37,370194,3,3,0,0,0,4,4,27,0,20,3,2013,4,10,44,1,2,2,US-321,,0,35.92919167,-81.52710833,0,1,0,0,1,1,0,1,1,1,0,1,0,0000000,11,53,12,11,12,44,0,0,0,1,0
37,370195,1,1,0,0,0,1,1,31,0,5,3,2013,3,11,51,1,2,2,US-70,,0,99.99990000,999.99990000,0,34,0,0,1,1,0,4,1,1,0,1,0,0000000,99,99,99,99,99,99,0,0,0,1,0
37,370196,2,2,0,0,0,2,2,35,2150,7,3,2013,5,19,7,0,14,3,SR-127,3RD AVE,0,35.73558333,-81.33553611,0,12,6,0,2,2,0,1,3,1,0,1,0,0000000,19,11,19,13,19,23,0,0,0,1,1
37,370197,1,1,0,1,1,2,2,47,0,16,3,2013,7,13,0,0,3,3,SR-1157,,0,99.99990000,999.99990000,0,8,0,0,1,1,0,1,1,1,0,1,0,0000000,12,59,13,21,13,37,0,0,0,1,0
37,370198,3,3,0,0,0,3,3,55,0,16,3,2013,7,13,46,0,3,3,SR-1217,,0,99.99990000,999.99990000,0,12,1,0,1,1,0,1,1,1,0,1,0,0000000,13,46,13,50,88,88,0,0,0,1,0
37,370199,2,2,0,0,0,3,3,57,0,20,3,2013,4,9,7,0,3,3,SR-310,,0,99.99990000,999.99990000,0,12,2,0,1,1,0,1,1,10,0,10,0,0000000,9,7,9,19,9,47,0,0,0,1,0
37,370200,1,1,0,0,0,2,2,67,5120,19,3,2013,3,19,51,0,16,6,ZIGLAR RD,,0,36.20109167,-80.30781667,0,35,0,0,1,1,0,4,3,1,0,1,0,0000000,19,53,20,6,20,38,0,0,0,1,1
37,370201,1,1,0,0,0,1,1,75,0,30,3,2013,7,13,30,0,3,3,SR-28,,0,35.37511111,-83.70996389,0,42,0,0,1,1,0,4,1,1,0,1,0,0000000,13,38,14,0,88,88,0,0,0,1,0
37,370202,1,1,0,1,1,1,1,147,1950,7,3,2013,5,19,48,0,16,6,E WENDOVER AVE,,0,99.99990000,999.99990000,0,8,0,0,1,1,0,1,3,1,0,1,0,0000000,19,49,19,53,20,12,0,0,0,1,0
37,370203,2,2,0,1,1,2,2,81,2170,26,3,2013,3,14,7,0,16,6,GREENSBORO RD,,0,35.98548889,-79.97061389,0,53,0,0,1,1,0,4,1,10,0,10,0,0000000,14,9,14,12,99,99,0,0,0,1,1
37,370204,1,1,0,0,0,7,7,83,0,27,3,2013,4,1,6,0,3,3,SR-1434,,0,36.40078333,-77.74633333,0,34,0,0,1,1,0,4,2,1,0,1,0,0000000,0,59,1,8,2,3,0,0,0,1,1
37,370205,2,2,0,0,0,4,4,85,0,18,3,2013,2,16,30,1,2,2,US-421,,0,35.41696944,-78.80095556,0,12,2,0,1,1,0,1,1,10,0,10,0,0000000,99,99,99,99,99,99,0,0,0,2,0
37,370206,1,1,0,0,0,1,1,89,0,16,3,2013,7,11,17,1,2,2,US-64,,0,35.32664444,-82.50576111,0,16,0,0,1,1,0,1,1,1,0,1,0,0000000,11,16,11,24,88,88,0,0,0,1,0
37,370207,1,1,0,0,0,1,1,93,0,22,3,2013,6,1,53,1,2,2,US-15,,0,35.14566667,-79.42180278,0,42,0,0,1,1,0,4,2,1,0,1,0,0000000,99,99,99,99,88,88,0,0,0,1,1
37,370208,1,1,0,0,0,1,1,93,0,29,3,2013,6,18,50,0,3,3,SR-1229,,0,99.99990000,999.99990000,0,38,0,0,1,1,0,4,1,1,0,1,0,0000000,99,99,99,99,88,88,0,0,0,1,0
37,370209,1,1,0,0,0,1,1,101,0,29,3,2013,6,9,10,0,3,3,SR-1501,,0,99.99990000,999.99990000,0,35,0,0,1,1,0,4,1,1,0,1,0,0000000,99,99,99,99,88,88,0,0,0,1,1
37,370210,1,1,0,0,0,1,1,101,0,31,3,2013,1,20,50,1,2,2,US-301,,0,35.53841667,-78.28335278,0,34,0,0,1,1,0,4,2,2,0,2,0,0000000,22,1,22,25,88,88,0,0,0,1,1
37,370211,1,1,0,0,0,1,1,103,0,25,3,2013,2,5,22,0,3,3,SR-1300,,0,35.13489167,-77.47543056,0,42,0,0,1,1,0,4,2,10,0,10,0,0000000,5,21,5,28,88,88,0,0,0,1,0
37,370212,1,1,0,1,1,1,1,105,4090,29,3,2013,6,11,27,0,16,6,PALMER DRIVE,,99999,35.480825,-79.19402778,0,8,0,0,8,1,0,1,1,1,0,1,0,0000000,11,27,11,31,11,53,0,0,0,1,0
37,370213,2,2,0,0,0,8,8,119,870,10,3,2013,1,11,27,0,15,6,MALLARD CREEK ROAD,,99999,35.34830556,-80.75921944,0,12,2,0,1,1,0,1,1,1,0,1,0,0000000,11,27,11,32,12,11,0,0,0,1,0
37,370214,2,2,0,0,0,4,4,119,870,16,3,2013,7,2,19,0,13,6,ALBEMARLE ROAD,N SHARON AMITY ROAD,99999,35.20165833,-80.76058056,0,12,6,0,2,2,0,1,3,1,0,1,0,0000000,2,19,2,23,2,43,0,0,0,2,0
37,370215,1,1,0,1,1,1,1,119,870,21,3,2013,5,20,46,0,13,6,WEST BLVD,JAMES STREET,99999,35.21156944,-80.89745556,0,8,0,0,3,3,0,1,3,1,0,1,0,0000000,20,45,20,51,88,88,0,0,0,1,0
37,370216,1,1,0,1,1,2,2,119,870,23,3,2013,7,22,16,0,16,6,OLD STEELE CREEK ROAD,HEMPHILL STREET,99999,35.21408333,-80.90603889,0,8,0,0,3,3,0,1,3,1,0,1,0,0000000,22,15,22,20,88,88,0,0,0,1,0
37,370217,1,1,0,0,0,1,1,127,0,30,3,2013,7,14,7,0,4,3,SR-58,,99999,36.00682778,-78.01833056,0,43,0,0,1,1,0,4,1,1,0,1,0,0000000,13,59,14,8,88,88,0,0,0,1,1
37,370218,2,2,0,0,0,3,3,129,5060,10,3,2013,1,21,9,0,13,6,S. 3RD STREET,WOOSTER STREET,99999,34.22541667,-77.94483889,0,12,6,0,2,2,0,1,3,1,0,1,0,0000000,21,8,21,13,21,31,0,0,0,1,1
37,370219,2,2,0,0,0,3,3,147,1960,28,3,2013,5,9,29,0,3,3,SR-11,,99999,35.41396944,-77.43466944,0,12,6,0,8,1,0,1,1,1,0,1,0,0000000,9,22,9,25,88,88,0,0,0,2,0
37,370220,2,2,0,0,0,3,3,147,0,27,3,2013,4,15,51,0,4,4,CR-1139,CR-1218,99999,35.57916389,-77.55298889,0,12,6,0,2,3,0,1,1,1,0,1,0,0000000,15,45,15,52,16,20,0,0,0,1,0