STATE,ST_CASE,VE_TOTAL,VE_FORMS,PVH_INVL,PEDS,PERNOTMVIT,PERMVIT,PERSONS,COUNTY,CITY,DAY,MONTH,YEAR,DAY_WEEK,HOUR,MINUTE,NHS,ROAD_FNC,ROUTE,TWAY_ID,TWAY_ID2,MILEPT,LATITUDE,LONGITUD,SP_JUR,HARM_EV,MAN_COLL,RELJCT1,RELJCT2,TYP_INT,WRK_ZONE,REL_ROAD,LGT_COND,WEATHER1,WEATHER2,WEATHER,SCH_BUS,RAIL,NOT_HOUR,NOT_MIN,ARR_HOUR,ARR_MIN,HOSP_HR,HOSP_MN,CF1,CF2,CF3,FATALS,DRUNK_DR
37,370221,2,2,0,0,0,3,3,149,0,21,3,2013,5,16,54,0,4,3,SR-9,,99999,35.39773889,-82.19517222,0,12,6,0,1,1,0,1,1,1,0,1,0,0000000,16,49,17,7,99,99,0,0,0,1,0
37,370222,2,2,0,0,0,3,3,151,160,13,3,2013,4,8,36,0,16,6,CR-2149,,99999,35.75539444,-79.78669722,0,12,2,0,1,1,0,1,1,1,0,1,0,0000000,8,34,8,37,9,4,0,0,0,2,1
37,370223,1,1,0,0,0,1,1,151,160,16,3,2013,7,14,45,0,16,6,CR-2128,,99999,35.76302778,-79.77670556,0,1,0,0,1,1,0,4,1,1,0,1,0,0000000,14,44,14,58,15,15,0,0,0,1,0
37,370224,2,2,0,0,0,3,3,155,0,18,3,2013,2,15,23,0,5,4,CR-1003,CR-1339,99999,99.99990000,999.99990000,0,12,6,0,2,2,0,1,1,1,0,1,0,0000000,15,21,15,42,16,42,0,0,0,1,0
37,370225,3,3,0,0,0,7,7,155,0,31,3,2013,1,17,0,1,1,1,I-95,,99999,34.76656111,-78.99641667,0,12,7,0,1,1,0,1,1,1,0,1,0,0000000,17,1,17,21,17,57,0,0,0,1,0
37,370226,2,2,0,0,0,2,2,157,0,18,3,2013,2,6,27,0,4,3,SR-150,,99999,36.26648611,-79.60427222,0,12,6,0,1,1,0,1,2,10,2,2,0,0000000,6,47,6,53,99,99,0,0,0,1,0
37,370227,1,1,0,0,0,1,1,157,0,23,3,2013,7,23,49,0,6,6,LONGHOOK RD,,0,36.46499722,-79.76698889,0,1,0,0,1,1,0,4,2,1,0,1,0,0000000,23,45,23,52,88,88,0,0,0,1,1
37,370228,2,2,0,0,0,4,4,159,0,31,3,2013,1,15,10,0,3,3,SR-152,,0,35.56998056,-80.64959167,0,12,2,0,1,1,0,1,1,10,0,10,0,0000000,99,99,99,99,99,99,0,0,0,2,0
37,370229,1,1,0,1,1,1,1,165,0,17,3,2013,1,11,35,0,4,3,SR-71,,0,34.77098333,-79.33514167,0,9,0,0,1,1,0,1,1,10,0,10,0,0000000,99,99,99,99,99,99,0,0,0,1,0
37,370230,1,1,0,1,1,2,2,179,2290,16,3,2013,7,22,16,0,16,6,UNIONVILLE INDIAN TRAIL RD,,0,35.07616389,-80.64633889,0,9,0,0,1,1,0,1,2,1,0,1,0,0000000,99,99,99,99,99,99,0,0,0,1,1
37,370231,2,2,0,0,0,4,4,181,0,18,3,2013,2,2,34,1,11,1,I-85,,99999,36.38448611,-78.34566389,0,12,6,0,1,1,0,1,2,10,2,2,0,0000000,2,32,3,27,4,2,19,0,0,1,0
37,370232,2,2,0,0,0,2,2,181,0,22,3,2013,6,7,25,0,4,6,VICKSBORO RD,,0,36.31853056,-78.33594444,0,12,8,0,1,1,0,1,1,1,0,1,0,0000000,7,24,7,35,8,51,0,0,0,1,0
37,370233,1,1,0,0,0,2,2,181,0,29,3,2013,6,20,13,0,4,6,CARY CHAPEL RD,,0,99.99990000,999.99990000,0,34,0,0,1,1,0,4,2,1,0,1,0,0000000,20,14,20,25,20,42,0,0,0,1,0
37,370234,1,1,0,0,0,1,1,183,3750,10,3,2013,1,1,7,0,14,6,TRYON RD,,0,35.73599722,-78.66229444,0,1,0,0,1,1,0,2,2,1,0,1,0,0000000,99,99,99,99,88,88,0,0,0,1,1
37,370235,2,2,0,0,0,2,2,183,3750,19,3,2013,3,6,14,0,13,3,SR-54,EDWARDS MILL RD,0,35.78938333,-78.72835,0,12,6,0,2,3,0,1,2,5,0,5,1,0000000,6,14,6,23,6,50,0,0,0,1,0
37,370236,1,1,0,0,0,2,2,183,3750,19,3,2013,3,23,54,0,15,6,NOWELL RD,,0,35.79461944,-78.73930556,0,33,0,0,1,1,0,4,3,1,0,1,0,0000000,23,55,0,2,0,35,0,0,0,2,1
37,370237,2,2,0,0,0,2,2,183,3750,23,3,2013,7,3,6,1,12,2,US-264,,0,35.77993889,-78.56965278,0,1,0,0,5,1,0,1,2,1,0,1,0,0000000,99,99,99,99,99,99,14,0,0,1,1
37,370238,1,1,0,0,0,1,1,183,0,24,3,2013,1,23,5,0,6,6,SHEPARD SCHOOL RD,,0,35.84760556,-78.31383889,0,59,0,0,1,1,0,4,2,1,0,1,0,0000000,99,99,99,99,88,88,20,0,0,1,1
37,370239,2,2,0,1,1,2,2,183,0,25,3,2013,2,6,32,0,13,3,SR-50,,0,35.61135833,-78.59934722,0,7,0,0,8,1,0,1,2,10,0,10,1,0000000,99,99,99,99,99,99,0,0,0,1,0
37,370240,2,2,0,0,0,4,4,189,560,25,3,2013,2,19,40,0,13,2,US-321,UNIVERSITY HALL DR,0,36.20293611,-81.66456389,0,12,6,0,2,3,0,1,3,10,4,4,0,0000000,99,99,99,99,99,99,0,0,0,1,0
37,370241,1,1,0,0,0,1,1,195,0,21,3,2013,5,1,16,0,6,6,ELM CITY RD S,,0,35.78598889,-77.86028889,0,30,0,0,1,1,0,4,2,10,0,10,0,0000000,99,99,99,99,88,88,0,0,0,1,1
37,370242,1,1,0,0,0,1,1,101,0,2,2,2013,7,2,38,0,5,4,CR-1723,,99999,35.78595278,-78.302025,0,34,0,0,1,1,0,4,2,1,0,1,0,0000000,2,36,2,49,3,32,0,0,0,1,1
37,370243,1,1,0,0,0,1,1,183,3750,6,2,2013,4,17,9,0,14,6,S. BLOUNT STREEET,,99999,35.76312222,-78.63734167,0,10,0,0,6,1,0,1,1,1,0,1,0,735481C,99,99,99,99,88,88,0,0,0,1,0
37,370244,1,1,0,0,0,1,1,9,0,30,3,2013,7,15,0,0,6,4,CR-1358,,99999,36.55970833,-81.59309444,0,1,0,0,1,1,0,4,1,1,0,1,0,0000000,15,46,16,9,17,51,0,0,0,1,1
37,370245,2,2,0,0,0,2,2,81,0,30,3,2013,7,18,1,0,14,6,LIBERTY ROAD,,99999,36.02919722,-79.76602778,0,12,1,0,1,1,0,1,1,1,0,1,0,0000000,17,57,18,1,18,21,0,0,0,1,1
37,370246,2,1,1,0,0,3,3,105,0,30,3,2013,7,1,49,0,3,3,SR-78,,99999,35.44646389,-79.17032222,0,31,0,0,1,1,0,4,2,1,0,1,0,0000000,1,43,1,51,3,46,0,0,0,2,1
37,370247,2,2,0,0,0,3,3,119,870,30,3,2013,7,0,48,0,6,6,KIMMERLY GLEN LANE,,99999,35.22686389,-80.72887778,0,12,2,0,1,1,0,1,3,2,0,2,0,0000000,0,48,0,56,1,27,0,0,0,1,1
37,370248,2,2,0,0,0,2,2,135,0,30,3,2013,7,22,35,0,4,4,CR-1710,,99999,36.03471389,-79.05475556,0,12,2,0,1,1,0,1,2,1,0,1,0,0000000,22,33,22,42,88,88,0,0,0,2,1
37,370249,2,2,0,0,0,3,3,183,3750,17,3,2013,1,13,18,0,16,6,WADE AVE,,99999,35.79774722,-78.64481944,0,12,2,0,1,1,0,1,1,10,0,10,0,0000000,13,19,13,26,13,46,0,0,0,2,1
37,370250,1,1,0,0,0,1,1,3,0,1,4,2013,2,17,20,0,3,4,CR-1313,,99999,35.95580556,-81.24103611,0,38,0,0,1,1,0,4,1,1,0,1,0,0000000,17,17,17,26,17,43,0,0,0,1,0
37,370251,2,2,0,0,0,3,3,3,0,1,4,2013,2,14,10,0,4,3,SR-127,,99999,35.89070556,-81.30444167,0,12,6,0,8,1,0,1,1,1,0,1,0,0000000,14,1,14,12,14,29,0,0,0,1,0
37,370252,1,1,0,0,0,1,1,9,0,4,4,2013,5,16,16,0,6,4,CR-1523,,99999,36.49425278,-81.44175,0,42,0,0,1,1,0,4,1,4,0,4,0,0000000,16,10,16,25,99,99,0,0,0,1,0
37,370253,2,2,0,0,0,3,3,13,0,4,4,2013,5,6,14,0,3,3,SR-1127,,0,35.44322222,-77.10110556,0,12,2,0,1,1,0,1,2,1,0,1,0,0000000,99,99,99,99,99,99,0,0,0,1,0
37,370254,1,1,0,0,0,3,3,17,0,5,4,2013,6,16,3,0,3,3,SR-53,,0,34.64645833,-78.58720278,0,34,0,0,1,1,0,4,1,1,0,1,0,0000000,15,58,16,0,16,37,0,0,0,1,0
37,370255,1,1,0,0,0,3,3,19,0,8,4,2013,2,15,59,1,2,2,US-74,,0,99.99990000,999.99990000,0,25,0,0,1,1,1,3,1,1,0,1,0,0000000,15,57,15,59,16,33,0,0,0,1,0
37,370256,2,2,0,0,0,2,2,19,0,11,4,2013,5,7,14,0,3,3,SR-179,,0,33.89809444,-78.48751389,0,12,1,0,1,1,0,1,1,1,0,1,0,0000000,7,14,7,24,9,10,0,0,0,1,0
37,370257,2,2,0,0,0,4,4,21,0,7,4,2013,1,13,40,0,3,3,SR-1220,,0,35.63026389,-82.54460556,0,12,2,0,1,1,0,1,1,1,0,1,0,0000000,13,38,13,49,14,17,0,0,0,1,0
37,370258,3,3,0,0,0,3,3,25,0,4,4,2013,5,16,38,0,3,3,SR-1442,,0,35.47397778,-80.74663333,0,12,8,0,1,1,0,1,1,2,0,2,0,0000000,16,34,16,43,17,25,0,0,0,1,0
37,370259,2,2,0,0,0,2,2,31,0,8,4,2013,2,17,0,1,2,2,US-70,,0,99.99990000,999.99990000,0,12,2,0,1,1,0,1,1,1,0,1,0,0000000,99,99,99,99,99,99,0,0,0,1,0
37,370260,1,1,0,0,0,1,1,35,0,7,4,2013,1,16,5,0,3,3,SR-1111,,0,35.6052,-81.49349167,0,1,0,0,1,1,0,4,1,10,0,10,0,0000000,16,4,16,18,88,88,0,0,0,1,0
37,370261,2,2,0,0,0,2,2,47,0,8,4,2013,2,4,15,0,3,3,SR-87,,0,99.99990000,999.99990000,0,12,6,0,4,1,0,1,2,1,0,1,0,0000000,4,18,4,31,99,99,0,0,0,1,0
37,370262,1,1,0,0,0,4,4,51,0,4,4,2013,5,0,1,0,3,3,SR-1006,,0,35.02658333,-78.73214444,0,53,0,0,1,1,0,4,2,1,0,1,0,0000000,99,99,99,99,99,99,0,0,0,3,1
37,370263,2,2,0,0,0,2,2,57,0,11,4,2013,5,5,12,0,3,3,SR-109,,0,35.61016944,-80.10202222,0,12,2,0,1,1,0,1,2,1,0,1,0,0000000,5,9,5,19,99,99,0,0,0,1,1
37,370264,1,1,0,0,0,1,1,69,0,18,4,2013,5,7,8,0,3,3,SR-1600,,0,36.04658889,-78.24741944,0,59,0,0,1,1,0,4,1,1,0,1,0,0000000,7,5,7,14,88,88,0,0,0,1,1
37,370265,1,1,0,0,0,1,1,75,0,17,4,2013,4,11,50,0,3,3,SR-28,,0,35.37343333,-83.70927778,0,1,0,0,1,1,0,1,1,1,0,1,0,0000000,11,42,12,7,88,88,0,0,0,1,0
37,370266,1,1,0,0,0,1,1,81,0,6,4,2013,7,15,19,0,3,3,SR-1859,,0,36.08035556,-80.01666944,0,59,0,0,1,1,0,4,1,1,0,1,0,0000000,15,17,15,28,15,53,0,0,0,1,0
37,370267,1,1,0,1,1,2,2,83,0,11,4,2013,5,19,5,0,3,3,SR-561,,0,36.24145278,-77.9602,0,8,0,0,1,1,0,1,1,1,0,1,0,0000000,99,99,99,99,99,99,0,0,0,1,0
37,370268,2,2,0,0,0,3,3,91,0,1,4,2013,2,15,0,0,3,3,SR-1408,SR-1409,0,36.33878611,-76.971275,0,12,6,0,2,2,0,1,1,1,0,1,0,0000000,14,56,15,6,15,33,0,0,0,1,0
37,370269,1,1,0,1,1,3,3,103,0,2,4,2013,3,20,48,0,3,3,SR-41,,0,99.99990000,999.99990000,0,9,0,0,1,1,0,1,2,1,0,1,0,0000000,20,40,20,52,88,88,0,0,0,1,0
37,370270,2,2,0,0,0,2,2,107,0,9,4,2013,3,6,45,0,3,3,SR-1700,,0,35.3696,-77.57295,0,12,2,0,1,1,0,1,1,1,0,1,0,0000000,6,48,6,59,99,99,0,0,0,1,0
37,370271,1,1,0,0,0,4,4,119,870,3,4,2013,4,21,4,0,16,6,PENCE RD,,0,35.22091667,-80.70022778,0,42,0,0,1,1,0,4,2,1,0,1,0,0000000,21,3,21,10,21,18,0,0,0,1,1
37,370272,2,2,0,0,0,3,3,119,870,6,4,2013,7,10,44,0,13,3,SR-73,,0,35.44783889,-80.82646111,0,12,2,0,1,1,0,1,1,1,0,1,0,0000000,10,44,10,56,10,59,0,0,0,1,0
37,370273,2,2,0,0,0,2,2,119,870,9,4,2013,3,19,29,0,16,6,SMITH CIR,,0,35.09169722,-80.67930278,0,1,0,0,1,1,0,1,1,1,0,1,0,0000000,19,29,19,35,20,9,0,0,0,1,1
37,370274,1,1,0,0,0,2,2,141,0,10,4,2013,4,7,49,0,3,3,SR-1412,,0,34.50548056,-77.90741944,0,53,0,0,1,1,0,4,1,1,0,1,0,0000000,7,49,7,56,8,35,0,0,0,1,0
37,370275,1,1,0,0,0,1,1,147,0,14,4,2013,1,1,6,0,4,3,SR-43,,99999,35.45245556,-77.26387222,0,34,0,0,1,1,0,4,2,1,0,1,0,0000000,1,14,1,15,88,88,0,0,0,1,1
37,370276,1,1,0,1,1,1,1,151,0,2,4,2013,3,5,56,0,4,6,OLD 421 RD,,0,35.87123889,-79.57162778,0,8,0,0,1,1,0,1,2,1,0,1,0,0000000,5,50,5,58,88,88,0,0,0,1,0
37,370277,2,2,0,0,0,3,3,151,0,16,4,2013,3,17,1,0,6,6,RACINE RD,,0,35.86427778,-79.74629722,0,12,2,0,8,1,0,1,1,1,0,1,0,0000000,16,59,17,17,99,99,0,0,0,1,0
37,370278,2,2,0,0,0,2,2,155,0,11,4,2013,5,5,33,0,4,6,TAR HEEL RD,,0,34.70107222,-78.85532778,0,21,0,0,1,1,0,4,2,5,0,5,0,0000000,5,34,5,43,88,88,0,0,0,1,0
37,370279,1,1,0,0,0,2,2,179,0,6,4,2013,7,12,18,0,6,6,TOM GREENE RD,,0,34.85245556,-80.62126389,0,42,0,0,1,1,0,4,1,1,0,1,0,0000000,99,99,99,99,99,99,0,0,0,1,0
37,370280,1,1,0,1,1,1,1,183,3750,9,4,2013,3,21,33,0,16,6,ENTERPRISE ST,,0,35.78705,-78.66396667,0,8,0,0,1,1,0,1,3,1,0,1,0,0000000,21,42,21,45,21,59,0,0,0,1,0
37,370281,1,1,0,0,0,1,1,189,0,10,4,2013,4,3,33,0,4,3,SR-194,,0,99.99990000,999.99990000,0,35,0,0,1,1,0,4,2,1,0,1,0,0000000,99,99,99,99,88,88,0,0,0,1,1
37,370282,2,2,0,0,0,2,2,191,0,12,4,2013,6,8,36,0,3,2,US-13,,0,35.41303056,-77.89726389,0,12,6,0,1,1,0,1,1,2,10,2,0,0000000,8,35,8,43,9,19,0,0,0,1,0
37,370283,1,1,0,1,1,1,1,195,0,13,4,2013,7,18,17,0,6,6,WEBB LAKE RD,,0,35.72151111,-77.75261667,0,53,0,0,1,1,0,4,1,1,0,1,0,0000000,99,99,99,99,99,99,0,0,0,1,0
37,370284,1,1,0,0,0,1,1,195,0,14,4,2013,1,4,45,1,2,2,US-264,,99999,35.67995,-77.84165,0,42,0,0,1,1,0,4,2,1,0,1,0,0000000,99,99,99,99,88,88,0,0,0,1,1
37,370285,1,1,0,0,0,1,1,199,0,13,4,2013,7,19,13,0,4,3,SR-80,,99999,35.79046389,-82.20425833,0,24,0,0,1,1,0,4,1,1,0,1,0,0000000,19,9,19,32,19,44,0,0,0,1,0
37,370286,2,2,0,0,0,2,2,1,0,23,3,2013,7,10,35,0,3,3,SR-62,OLD GLENCOE ROAD,99999,36.12913611,-79.42673889,0,12,6,0,2,2,0,1,1,10,0,10,0,0000000,10,31,10,38,11,11,0,0,0,1,0
37,370287,1,1,0,1,1,1,1,157,3800,22,3,2013,6,14,0,0,13,6,BARNES STREET,,99999,36.34007222,-79.65314444,0,9,0,0,1,1,0,1,1,1,0,1,0,0000000,14,4,14,11,88,88,0,0,0,1,0
37,370288,1,1,0,0,0,2,2,9,0,17,4,2013,4,19,48,0,6,4,CR-1340,,99999,36.46037778,-81.56498611,0,5,0,0,1,1,0,1,1,1,0,1,0,0000000,99,99,99,99,99,99,0,0,0,1,1
37,370289,1,1,0,0,0,1,1,13,0,23,4,2013,3,12,5,0,6,4,CR-1119,,99999,35.46619167,-77.00740833,0,42,0,0,1,1,0,4,1,10,0,10,0,0000000,12,3,12,10,12,26,0,0,0,1,0
37,370290,3,3,0,0,0,4,4,21,170,1,4,2013,2,9,30,1,11,1,I-40,,99999,35.55666389,-82.61376389,0,12,1,1,98,1,0,1,1,1,0,1,0,0000000,9,32,9,41,10,7,0,0,0,1,0
37,370291,1,1,0,0,0,1,1,49,0,27,4,2013,7,18,9,1,2,2,US-17,,99999,99.99990000,999.99990000,0,24,0,0,5,1,0,4,1,1,0,1,0,0000000,18,11,18,19,99,99,0,0,0,1,1
37,370292,2,2,0,0,0,2,2,51,1670,14,4,2013,1,21,12,0,14,6,S. REILLY ROAD,JEFFERY DRIVE,99999,35.06431667,-79.01374722,0,12,8,0,2,2,0,1,2,10,0,10,0,0000000,21,15,21,23,21,41,0,0,0,1,0
37,370293,1,1,0,0,0,2,2,57,0,21,4,2013,1,16,7,1,1,1,I-85,,99999,99.99990000,999.99990000,0,24,0,0,1,1,0,4,1,1,0,1,0,0000000,16,7,16,18,17,7,0,0,0,1,0
37,370294,2,2,0,0,0,3,3,57,0,28,4,2013,1,15,26,0,3,3,SR-47,,0,35.69373333,-80.164075,0,12,8,0,1,1,0,1,1,2,0,2,0,0000000,15,26,15,37,99,99,0,0,0,1,0
37,370295,1,1,0,1,1,6,6,63,1360,20,4,2013,7,12,36,0,16,6,LIBERTY ST,,0,35.99330833,-78.88958889,0,8,0,0,1,1,0,1,1,1,0,1,0,0000000,12,36,12,42,12,50,0,0,0,1,0
37,370296,1,1,0,1,1,2,2,65,3930,18,4,2013,5,22,21,0,13,2,US-64,,0,35.93224444,-77.70688611,0,9,0,0,1,1,0,1,2,10,0,10,0,0000000,22,29,22,34,88,88,0,0,0,1,0
37,370297,2,2,0,0,0,3,3,81,1940,10,4,2013,4,0,4,1,11,1,I-40,,0,36.04878056,-79.86415,0,12,6,0,1,1,0,1,2,1,0,1,0,0000000,0,5,0,13,0,39,0,0,0,1,2
37,370298,1,1,0,1,1,1,1,81,1940,13,4,2013,7,4,13,0,16,6,HIGH POINT RD,,0,36.06068889,-79.827225,0,8,0,0,1,1,0,1,3,1,0,1,0,0000000,4,9,4,16,4,39,0,0,0,1,0
37,370299,2,2,0,0,0,2,2,85,0,23,4,2013,3,20,45,0,3,3,SR-87,SR-1205,0,35.38064722,-79.10951111,0,12,6,0,2,2,0,1,2,1,0,1,0,0000000,99,99,99,99,99,99,0,0,0,1,0
37,370300,1,1,0,0,0,2,2,89,0,28,4,2013,1,17,53,1,1,1,I-26,,0,35.38698611,-82.48888889,0,24,0,0,1,1,0,4,1,2,0,2,0,0000000,17,55,18,11,19,17,0,0,0,1,0
37,370301,2,2,0,0,0,4,4,119,870,5,4,2013,6,20,44,0,16,6,OAKDALE RD,,0,35.28038333,-80.89691111,0,12,6,0,1,1,0,1,2,1,0,1,0,0000000,20,44,20,56,21,6,0,0,0,1,1
37,370302,2,2,0,0,0,8,8,121,0,6,4,2013,7,14,55,0,3,3,SR-261,SR-1338,0,36.10473333,-82.10463333,0,12,6,0,2,3,0,1,1,1,0,1,0,0000000,99,99,99,99,99,99,0,0,0,2,0
37,370303,1,1,0,1,1,1,1,129,5060,5,4,2013,6,21,11,0,16,6,MARKET ST,,0,34.25134722,-77.85494167,0,8,0,0,1,1,0,1,3,1,0,1,0,0000000,21,9,21,17,88,88,0,0,0,1,1
37,370304,2,2,0,0,0,2,2,131,0,19,4,2013,6,12,6,1,2,2,US-158,,0,99.99990000,999.99990000,0,12,2,0,1,1,0,1,1,1,0,1,0,0000000,12,53,13,1,88,88,0,0,0,1,0
37,370305,1,1,0,0,0,1,1,133,0,22,4,2013,2,4,25,1,2,2,US-258,,0,99.99990000,999.99990000,0,32,0,0,1,1,0,4,2,1,0,1,0,0000000,4,27,4,44,88,88,0,0,0,1,0
37,370306,2,2,0,0,0,3,3,145,0,26,4,2013,6,12,37,0,3,3,SR-1150,,0,99.99990000,999.99990000,0,12,2,0,1,1,0,1,1,1,0,1,0,0000000,12,38,12,43,13,21,0,0,0,1,0
37,370307,2,2,0,0,0,2,2,151,0,26,4,2013,6,15,1,1,2,2,US-64,SR-2628,0,35.74864444,-79.68894722,0,12,1,0,2,2,0,1,1,1,0,1,0,0000000,15,5,15,11,88,88,0,0,0,1,0
37,370308,2,2,0,0,0,3,3,151,0,23,4,2013,3,20,34,0,3,3,SR-2122,,0,35.79991111,-79.77757778,0,12,1,0,4,1,0,1,2,1,0,1,0,0000000,20,32,20,48,99,99,0,0,0,1,0
37,370309,2,2,0,0,0,3,3,155,0,25,4,2013,5,19,40,0,3,3,SR-1550,,0,34.65975,-79.09668333,0,12,2,0,1,1,0,1,5,1,0,1,0,0000000,19,37,19,42,20,18,0,0,0,1,0
37,370310,1,1,0,0,0,2,2,163,0,27,4,2013,7,19,17,0,3,3,SR-1823,SR-1746,0,35.11595278,-78.34439722,0,34,0,0,3,3,0,4,5,1,0,1,0,0000000,19,7,19,18,88,88,0,0,0,1,1
37,370311,2,2,0,0,0,3,3,167,0,17,4,2013,4,8,19,0,3,3,SR-138,,0,35.22206389,-80.29788333,0,12,2,0,1,1,0,1,1,1,0,1,0,0000000,8,14,8,23,8,58,0,0,0,1,0
37,370312,1,1,0,0,0,1,1,181,0,28,4,2013,1,5,30,0,3,3,SR-1514,,0,99.99990000,999.99990000,0,34,0,0,1,1,0,4,2,1,0,1,0,0000000,5,33,5,44,88,88,0,0,0,1,1
37,370313,1,1,0,0,0,1,1,183,0,21,4,2013,1,2,54,1,2,2,US-64,,0,99.99990000,999.99990000,0,42,0,0,1,1,0,4,2,1,0,1,0,0000000,2,34,2,40,3,26,0,0,0,1,0
37,370314,1,1,0,0,0,1,1,49,3250,24,3,2013,1,1,38,0,16,6,HAZEL AVE,,0,35.11934167,-77.06956111,0,42,0,0,1,1,0,4,3,1,0,1,0,0000000,1,38,1,52,88,88,0,0,0,1,1
37,370315,1,1,0,1,1,2,2,63,1360,10,3,2013,1,21,7,0,14,6,UNIVERSITY DR,,0,35.98057778,-78.91374167,0,8,0,0,1,1,0,1,3,1,0,1,0,0000000,21,8,21,13,88,88,0,0,0,1,0
37,370316,1,1,0,1,1,1,1,119,870,4,3,2013,2,9,53,0,16,6,JORDAN PLACE,,0,35.24276389,-80.81334722,0,9,0,0,1,1,0,1,1,1,0,1,0,0000000,9,52,10,1,10,17,0,0,0,1,0
37,370317,1,1,0,1,1,1,1,183,3750,8,3,2013,6,12,48,0,16,6,THORNTON ROAD,WADEFORD DR,0,35.89824167,-78.556325,0,8,0,0,2,2,0,1,1,1,0,1,0,0000000,12,49,12,54,13,18,0,0,0,1,0
37,370318,1,1,0,0,0,1,1,5,0,20,4,2013,7,17,28,0,6,6,REEVES RIDGE RD,,0,36.53365278,-81.21025,0,1,0,0,1,1,0,4,1,1,0,1,0,0000000,17,7,17,17,88,88,0,0,0,1,0
37,370320,1,1,0,0,0,1,1,17,0,27,4,2013,7,22,46,0,4,3,SR-211,BALDWIN-ELKINS,0,34.47102222,-78.62318611,0,34,0,0,1,1,0,4,2,1,0,1,0,0000000,22,39,22,54,88,88,0,0,0,1,1
37,370321,1,1,0,1,1,1,1,51,1670,16,4,2013,3,12,54,0,15,6,ROSEHILL RD,OSCEOLA DR,0,35.08604444,-78.88307778,0,8,0,0,3,3,0,1,1,1,0,1,0,0000000,99,99,99,99,99,99,0,0,0,1,0
37,370322,1,1,0,0,0,1,1,77,713,15,4,2013,2,3,20,0,4,6,OLD ROUTE 75,,0,36.16118056,-78.76149444,0,1,0,0,1,1,0,4,2,10,0,10,0,0000000,99,99,99,99,88,88,0,0,0,1,1
37,370323,2,2,0,0,0,3,3,81,1940,21,4,2013,1,2,8,0,12,7,W. WENDOVER AV,,0,36.07156111,-79.83668333,0,12,2,0,1,1,0,1,2,1,0,1,0,0000000,2,9,2,14,88,88,0,0,0,3,1
37,370324,3,3,0,0,0,5,5,81,1940,26,4,2013,6,17,51,1,2,2,US-29,,0,36.16050278,-79.72238333,0,12,8,0,1,1,0,1,1,1,0,1,0,0000000,17,52,18,8,18,25,14,0,0,1,0
37,370325,1,1,0,0,0,2,2,85,0,21,4,2013,1,20,0,0,5,6,CAMERON HILL RD,,0,35.26394167,-79.10350556,0,42,0,0,1,1,0,4,5,1,0,1,0,0000000,19,51,20,5,99,99,0,0,0,1,0
37,370326,1,1,0,0,0,2,2,85,0,22,4,2013,2,22,39,0,6,6,BROADWAY RD,,0,35.41010556,-79.06193889,0,32,0,0,1,1,0,4,2,1,0,1,0,0000000,99,99,99,99,99,99,0,0,0,2,0
37,370327,2,2,0,0,0,5,5,85,0,25,4,2013,5,22,15,0,2,3,SR-87,BROADWAY RD,0,35.38090556,-79.10921389,0,12,6,0,2,2,0,1,2,1,0,1,0,0000000,21,57,22,3,22,28,0,0,0,1,0
37,370328,2,2,0,0,0,3,3,97,0,16,4,2013,3,17,32,0,15,6,BRAWLEY SCHOOL RD,BLUME TREE RD,0,35.56906667,-80.90655833,0,12,6,0,2,3,0,1,1,10,0,10,0,0000000,99,99,99,99,99,99,0,0,0,1,0
37,370329,2,2,0,0,0,2,2,111,0,29,4,2013,2,4,25,1,1,1,I-40,,99999,35.6429,-82.04531667,0,12,1,0,1,1,0,1,2,10,0,10,0,0000000,4,21,4,34,5,3,0,0,0,1,0
37,370330,2,2,0,0,0,2,2,119,3640,6,4,2013,7,21,41,0,14,3,SR-51,,0,35.09117778,-80.90278056,0,12,2,0,1,1,0,1,3,1,0,1,0,0000000,21,43,21,49,22,29,0,0,0,1,0
37,370331,1,1,0,0,0,1,1,119,870,13,4,2013,7,20,42,0,14,6,BEATTIES FORD RD,HAMILTON CIRCLE,0,35.30063333,-80.85524167,0,34,0,0,3,3,0,4,3,1,0,1,0,0000000,20,41,20,46,21,5,0,0,0,1,1
37,370332,2,2,0,0,0,4,4,119,870,28,4,2013,1,14,48,0,15,6,E. ARROWOOD RD,,0,35.13686389,-80.88596944,0,12,2,0,1,1,0,1,1,2,0,2,0,0000000,14,48,14,55,15,8,0,0,0,1,1
37,370333,1,1,0,0,0,1,1,119,870,28,4,2013,1,7,26,1,11,1,I-277,,99999,35.22374722,-80.85341111,0,30,0,0,5,1,0,4,2,2,0,2,0,0000000,7,24,7,30,88,88,0,0,0,1,1
37,370334,1,1,0,1,1,1,1,131,0,27,4,2013,7,20,52,0,4,3,SR-35,,0,36.339275,-77.21657222,0,8,0,0,1,1,0,1,2,1,0,1,0,0000000,20,47,20,58,21,28,0,0,0,1,0
37,370335,2,2,0,0,0,3,3,155,0,28,4,2013,1,14,26,0,4,6,CABINET SHOP RD,ELROD RD,0,34.66797222,-79.28458333,0,12,6,0,2,2,0,1,1,1,0,1,0,0000000,99,99,99,99,99,99,0,0,0,1,0
37,370336,1,1,0,1,1,1,1,167,60,28,4,2013,1,20,10,0,13,3,SR-24-27 BYP,,99999,35.34331389,-80.17687778,0,8,0,0,1,1,0,1,2,2,0,2,0,0000000,20,11,20,19,88,88,0,0,0,1,0