STATE,ST_CASE,VE_TOTAL,VE_FORMS,PVH_INVL,PEDS,PERNOTMVIT,PERMVIT,PERSONS,COUNTY,CITY,DAY,MONTH,YEAR,DAY_WEEK,HOUR,MINUTE,NHS,ROAD_FNC,ROUTE,TWAY_ID,TWAY_ID2,MILEPT,LATITUDE,LONGITUD,SP_JUR,HARM_EV,MAN_COLL,RELJCT1,RELJCT2,TYP_INT,WRK_ZONE,REL_ROAD,LGT_COND,WEATHER1,WEATHER2,WEATHER,SCH_BUS,RAIL,NOT_HOUR,NOT_MIN,ARR_HOUR,ARR_MIN,HOSP_HR,HOSP_MN,CF1,CF2,CF3,FATALS,DRUNK_DR
37,370337,1,1,0,1,1,1,1,51,1670,6,2,2013,4,19,22,0,16,6,CEDAR CREEK RD,,0,34.99019444,-78.79341944,0,8,0,0,1,1,0,1,3,1,0,1,0,0000000,19,24,19,28,88,88,0,0,0,1,0
37,370338,1,1,0,0,0,1,1,147,1950,8,4,2013,2,15,8,0,16,6,ARLINGTON BLVD,,0,35.58787778,-77.37333611,0,30,0,0,1,1,0,4,1,1,0,1,0,0000000,15,12,15,13,99,99,0,0,0,1,0
37,370339,1,1,0,1,1,1,1,163,0,23,4,2013,3,15,46,1,2,2,US-421,,0,35.19635278,-78.48805556,0,8,0,0,1,1,0,1,1,1,0,1,1,0000000,15,38,15,42,88,88,0,0,0,1,0
37,370340,3,3,0,0,0,3,3,171,3170,27,4,2013,7,12,47,1,2,2,US-52,,0,36.51827778,-80.62524167,0,12,1,0,1,1,0,1,1,10,0,10,0,0000000,12,3,12,7,13,12,0,0,0,1,0
37,370341,1,1,0,0,0,2,2,17,0,2,5,2013,5,16,42,0,3,3,SR-1336,,0,34.65199722,-78.67228611,0,24,0,0,1,1,0,4,1,2,0,2,0,0000000,16,36,16,50,88,88,0,0,0,1,1
37,370342,2,2,0,0,0,2,2,31,0,4,5,2013,7,13,44,0,3,3,SR-24,,0,99.99990000,999.99990000,0,12,6,0,4,1,0,1,1,10,0,10,0,0000000,13,42,13,43,88,88,0,0,0,1,0
37,370343,4,4,0,0,0,5,5,67,5120,6,5,2013,2,16,7,1,12,2,US-52,,0,36.17815,-80.27019444,0,25,0,0,1,1,0,3,1,2,10,2,0,0000000,16,8,16,11,99,99,0,0,0,1,0
37,370344,1,1,0,0,0,1,1,77,0,1,5,2013,4,17,33,0,3,3,SR-1133,,0,36.21836944,-78.68919167,0,34,0,0,1,1,0,4,1,1,0,1,0,0000000,17,26,17,34,88,88,0,0,0,1,0
37,370345,2,2,0,0,0,4,4,109,0,2,5,2013,5,21,18,0,3,3,SR-16,,0,99.99990000,999.99990000,0,12,2,0,1,1,0,1,2,10,0,10,0,0000000,21,17,21,22,99,99,0,0,0,1,1
37,370346,2,2,0,0,0,3,3,119,870,3,5,2013,6,2,3,0,16,6,E WOODLAWN RD,MONTFORD DR,0,35.17125833,-80.84618056,0,12,6,0,2,3,0,1,3,1,0,1,0,0000000,2,3,2,9,2,29,0,0,0,1,1
37,370347,2,2,0,1,1,2,2,119,870,6,5,2013,2,23,14,1,11,1,I-77,,99999,35.11402778,-80.92492778,0,8,0,0,1,1,0,1,2,10,0,10,0,0000000,23,11,23,24,88,88,19,0,0,2,0
37,370348,1,1,0,0,0,1,1,125,0,8,5,2013,4,21,6,0,6,6,BIG OAK CHURCH RD,,0,35.37457222,-79.66923056,0,1,0,0,1,1,0,4,2,1,0,1,0,0000000,99,99,99,99,88,88,0,0,0,1,1
37,370349,3,3,0,0,0,3,3,127,0,6,5,2013,2,13,9,0,4,2,US-264A,,99999,99.99990000,999.99990000,0,12,2,0,1,1,0,1,1,2,0,2,0,0000000,13,5,13,17,88,88,0,0,0,1,0
37,370350,2,2,0,0,0,3,3,133,0,3,5,2013,6,14,38,1,2,2,US-258,,99999,34.97148889,-77.63220556,0,12,2,0,1,1,0,1,1,1,0,1,0,0000000,14,32,14,43,99,99,0,0,0,2,0
37,370351,1,1,0,0,0,1,1,133,0,6,5,2013,2,12,48,0,13,2,US-17,,99999,34.73665556,-77.46791667,0,43,0,0,1,1,0,4,1,1,0,1,0,0000000,12,51,12,56,13,19,0,0,0,1,0
37,370352,2,2,0,0,0,2,2,135,2190,5,5,2013,1,18,31,0,3,3,SR-86,,0,36.21771389,-79.18101667,0,12,2,0,1,1,0,1,1,2,0,2,0,0000000,18,26,18,35,19,21,0,0,0,1,0
37,370353,2,2,0,0,0,6,6,153,1077,3,5,2013,6,20,57,0,6,6,OLD CHEW HWY,LEDBETTER ST,0,34.90643333,-79.81705556,0,12,6,0,2,2,0,1,2,1,0,1,0,0000000,99,99,99,99,99,99,0,0,0,1,0
37,370354,1,1,0,0,0,1,1,155,0,5,5,2013,1,23,5,1,1,1,I-95,,330,99.99990000,999.99990000,0,57,0,0,1,1,0,4,2,10,0,10,0,0000000,23,4,23,15,88,88,0,0,0,1,0
37,370355,3,3,0,0,0,5,5,183,0,6,5,2013,2,16,20,1,12,2,US-64,,320,35.79621944,-78.43210278,0,12,1,0,1,1,0,1,1,2,0,2,0,0000000,16,26,16,39,88,88,0,0,0,2,0
37,370356,1,1,0,0,0,1,1,193,0,6,5,2013,2,8,15,0,3,3,SR-16,,0,36.03534167,-81.18107222,0,35,0,0,1,1,0,4,4,10,2,2,0,0000000,99,99,99,99,88,88,0,0,0,1,0
37,370357,1,1,0,0,0,1,1,81,1940,27,2,2013,4,11,11,0,16,6,MONTCASTLE DRIVE,,99999,36.02125833,-79.789075,0,53,0,0,1,1,0,4,1,1,0,1,0,0000000,11,15,11,24,12,9,0,0,0,1,0
37,370358,1,1,0,0,0,5,5,11,0,10,5,2013,6,20,57,1,2,2,US-19,,99999,35.99695556,-82.01965,0,43,0,0,1,1,0,4,2,10,0,10,0,0000000,99,99,99,99,99,99,0,0,0,1,1
37,370359,1,1,0,0,0,1,1,21,0,11,5,2013,7,16,59,0,6,4,CR-1222,,99999,35.56459444,-82.68967778,0,42,0,0,1,1,0,4,1,10,0,10,0,0000000,16,55,17,0,88,88,0,0,0,1,1
37,370360,2,2,0,0,0,3,3,21,0,7,5,2013,3,17,46,1,2,2,US-74,,99999,35.57228056,-82.50210278,0,12,6,0,1,1,0,1,1,10,2,2,0,0000000,17,43,17,52,18,23,0,0,0,1,0
37,370361,1,1,0,0,0,1,1,27,0,13,5,2013,2,16,47,0,4,3,SR-268,,99999,36.02561111,-81.48626667,0,35,0,0,1,1,0,4,1,1,0,1,0,0000000,16,48,17,0,17,45,0,0,0,1,0
37,370362,1,1,0,0,0,1,1,43,0,12,5,2013,1,10,2,0,5,4,CR-1330,,99999,35.05247778,-83.72070556,0,30,0,0,1,1,0,4,1,1,0,1,0,0000000,9,57,10,8,10,30,0,0,0,1,0
37,370363,2,2,0,0,0,2,2,45,0,15,5,2013,4,7,40,0,4,4,CR-1351,,99999,35.36126667,-81.65475556,0,12,6,0,8,1,0,1,1,1,0,1,0,0000000,7,40,7,50,8,5,0,0,0,1,0
37,370364,1,1,0,0,0,5,5,57,2620,5,5,2013,1,3,52,0,16,6,CENTRAL AVE,,99999,35.82599722,-80.27526389,0,35,0,0,1,1,0,4,2,10,0,10,0,0000000,3,42,3,49,99,99,0,0,0,3,1
37,370365,2,2,0,0,0,3,3,119,870,9,5,2013,5,21,44,0,16,6,WILKINSON BLVD,,99999,35.22420278,-80.88756667,0,5,0,0,1,1,0,1,3,1,0,1,0,0000000,21,42,21,46,21,57,14,0,0,1,0
37,370366,1,1,0,0,0,2,2,119,870,12,5,2013,1,2,32,0,16,6,WT HARRIS BLVD,,99999,35.28980278,-80.7322,0,32,0,0,1,1,0,4,3,10,0,10,0,0000000,2,30,2,40,99,99,0,0,0,1,1
37,370367,1,1,0,0,0,2,2,127,0,11,5,2013,7,20,56,0,6,4,CR-1106,,99999,35.83349167,-78.13663889,0,34,0,0,1,1,0,4,2,2,0,2,0,0000000,20,47,20,55,88,88,0,0,0,2,1
37,370368,1,1,0,0,0,1,1,169,0,6,5,2013,2,14,43,0,4,3,SR-704,SR-89,99999,36.50636389,-80.33106944,0,59,0,0,3,3,0,4,1,10,2,2,0,0000000,14,39,14,52,16,31,0,0,0,1,0
37,370369,2,2,0,0,0,3,3,21,0,3,4,2013,4,10,36,0,4,3,SR-63,CR-1384,99999,35.65760833,-82.72571944,0,12,6,0,2,3,0,1,1,1,0,1,0,0000000,10,39,10,49,11,26,0,0,0,1,0
37,370370,1,1,0,0,0,2,2,25,0,16,5,2013,5,13,37,1,2,2,US-601,,99999,35.34358333,-80.52434167,0,35,0,0,1,1,0,4,1,1,0,1,0,0000000,13,32,13,39,88,88,0,0,0,1,0
37,370371,3,3,0,0,0,4,4,47,0,17,5,2013,6,7,49,1,2,2,US-76,CR-1528,99999,34.35585833,-78.82952778,0,12,1,0,3,3,0,1,1,1,0,1,0,0000000,7,44,7,54,88,88,0,0,0,1,0
37,370372,2,2,0,0,0,2,2,57,0,14,5,2013,3,13,30,1,2,2,US-29,,99999,35.85633611,-80.19245,0,12,1,0,1,1,1,1,1,1,0,1,0,0000000,13,29,13,33,13,51,0,0,0,1,0
37,370373,3,3,0,0,0,3,3,63,1360,14,5,2013,3,11,58,0,16,6,N. ROXBORO STREET,BON AIR AVE,99999,36.02863611,-78.89008611,0,12,6,0,2,3,0,1,1,1,0,1,0,0000000,11,57,12,4,12,34,0,0,0,1,0
37,370374,1,1,0,0,0,2,2,67,0,18,5,2013,7,12,18,0,4,4,CR-1965,,99999,36.19425556,-80.11814167,0,34,0,0,1,1,0,4,1,2,0,2,0,0000000,12,15,12,32,12,56,0,0,0,1,1
37,370375,1,1,0,0,0,1,1,69,0,12,5,2013,1,19,9,0,5,4,CR-1239,,99999,36.19983333,-78.34299167,0,34,0,0,1,1,0,4,1,1,0,1,0,0000000,19,6,19,22,19,37,0,0,0,1,0
37,370376,1,1,0,0,0,1,1,69,0,10,5,2013,6,21,19,0,5,4,CR-1001,,99999,35.98106111,-78.27680278,0,42,0,0,1,1,0,4,2,1,0,1,0,0000000,99,99,99,99,88,88,0,0,0,1,1
37,370377,1,1,0,0,0,1,1,85,0,9,5,2013,5,22,58,0,6,4,CR-1117,,99999,35.29879167,-78.98249444,0,34,0,0,1,1,0,4,2,1,0,1,0,0000000,22,56,23,3,23,49,0,0,0,1,1
37,370378,1,1,0,0,0,3,3,89,0,18,5,2013,7,1,48,0,6,4,CR-1799,,99999,35.32906667,-82.31826667,0,42,0,0,1,1,0,4,2,10,0,10,0,0000000,99,99,99,99,99,99,0,0,0,1,1
37,370379,3,3,0,0,0,4,4,97,0,21,5,2013,3,14,27,1,2,2,US-64,,99999,35.81085833,-80.77147222,0,12,2,0,1,1,0,1,1,1,0,1,0,0000000,14,22,14,32,88,88,14,0,0,2,0
37,370380,1,1,0,0,0,1,1,105,0,18,5,2013,7,12,56,0,4,3,SR-42,,99999,35.50449722,-79.05080278,0,42,0,0,1,1,0,4,1,1,0,1,0,0000000,12,58,13,5,88,88,0,0,0,1,0
37,370381,1,1,0,0,0,1,1,119,870,4,5,2013,7,21,20,0,16,6,NATIONS FORD RD,,0,35.14758611,-80.89663611,0,43,0,0,1,1,0,4,3,1,0,1,0,0000000,21,19,21,26,21,52,0,0,0,1,1
37,370382,2,2,0,0,0,4,4,127,0,19,5,2013,1,0,23,1,2,2,US-64,,0,35.92159722,-78.1577,0,12,1,0,1,1,0,1,2,10,0,10,0,0000000,0,17,0,33,99,99,23,0,0,2,0
37,370383,1,1,0,0,0,1,1,129,5060,7,5,2013,3,14,15,0,16,6,COLLEGE RD,,0,34.25916111,-77.87028611,0,30,0,0,1,1,0,4,1,1,0,1,0,0000000,14,14,14,19,14,38,0,0,0,1,0
37,370384,1,1,0,0,0,5,5,155,0,18,5,2013,7,9,45,1,2,2,US-74,,0,34.59504167,-79.08974444,0,1,0,0,1,1,0,1,1,1,0,1,0,0000000,9,45,9,51,10,30,0,0,0,1,0
37,370385,1,1,0,1,1,1,1,159,0,14,5,2013,3,15,46,0,3,3,SR-1509,,0,35.61167222,-80.59310833,0,8,0,0,1,1,0,1,1,1,0,1,0,0000000,15,45,16,4,16,49,0,0,0,1,0
37,370386,1,1,0,0,0,2,2,161,0,15,5,2013,4,2,8,0,3,3,SR-1006,,0,35.29024444,-81.88952222,0,35,0,0,1,1,0,4,2,1,0,1,0,0000000,99,99,99,99,99,99,0,0,0,1,1
37,370387,1,1,0,0,0,1,1,171,0,12,5,2013,1,23,47,1,1,1,I-74,,0,36.44800556,-80.55413611,0,35,0,1,5,1,0,4,2,1,0,1,0,0000000,23,44,23,55,99,99,0,0,0,1,1
37,370388,2,2,0,0,0,2,2,171,0,16,5,2013,5,6,19,0,3,3,SR-1334,,0,36.41695,-80.83437222,0,12,2,0,1,1,0,1,4,1,0,1,0,0000000,6,18,6,32,99,99,0,0,0,1,0
37,370389,1,1,0,0,0,1,1,181,2120,4,5,2013,7,20,55,0,16,6,LINCOLN ST,,0,36.34103333,-78.41703056,0,43,0,0,1,1,0,4,2,1,0,1,0,0000000,21,1,21,4,88,88,0,0,0,1,0
37,370390,2,2,0,0,0,4,4,181,0,17,5,2013,6,15,47,0,3,3,SR-39,,0,36.34465278,-78.41281389,0,12,2,0,1,1,0,1,1,1,0,1,0,0000000,15,45,15,50,16,37,0,0,0,1,0
37,370391,1,1,0,1,1,1,1,183,3750,2,5,2013,5,18,47,0,16,6,LASSITER MILL RD,MARLOWE RD,0,35.82913056,-78.64846944,0,9,0,0,2,2,0,1,1,10,0,10,0,0000000,18,48,18,55,19,9,0,0,0,1,0
37,370392,2,2,0,0,0,3,3,191,0,17,5,2013,6,21,16,0,3,3,SR-1138,,0,35.22396389,-78.06275833,0,12,1,0,1,1,0,1,2,1,0,1,0,0000000,21,1,21,19,21,38,0,0,0,2,1
37,370393,1,1,0,1,1,1,1,57,0,30,4,2013,3,15,32,0,3,6,E. HOLLYGROVE RD,,0,35.83531944,-80.11908056,0,8,0,0,1,1,0,4,1,10,0,10,0,0000000,15,32,15,40,16,49,0,0,0,1,0
37,370394,1,1,0,0,0,1,1,191,0,16,4,2013,3,9,9,0,6,6,CAPPS BRIDGE RD,,0,35.4709,-78.0888,0,43,0,0,8,1,0,4,1,10,0,10,0,0000000,9,6,9,15,9,48,0,0,0,1,0
37,370395,1,1,0,0,0,1,1,19,0,27,5,2013,2,1,38,0,5,6,MT. PISAGH RD S.W.,,0,33.95208056,-78.31067778,0,53,0,0,1,1,0,4,2,1,0,1,0,0000000,1,38,1,44,88,88,0,0,0,1,0
37,370396,1,1,0,0,0,1,1,19,0,24,5,2013,6,19,30,0,6,6,GALLOWAY RD N.E.,,0,34.04223056,-78.24345,0,34,0,0,1,1,0,4,1,1,0,1,0,0000000,19,25,19,32,88,88,0,0,0,1,0
37,370397,1,1,0,0,0,1,1,33,0,9,5,2013,5,20,55,1,2,2,US-29,,0,36.486125,-79.49201111,0,1,0,0,1,1,0,1,2,1,0,1,0,0000000,21,0,21,19,22,13,0,0,0,1,1
37,370398,2,2,0,0,0,2,2,35,2710,14,5,2013,3,16,12,0,3,6,2ND AVE NW,23RD ST NW,0,35.73637778,-81.37746389,0,12,6,0,2,2,0,1,1,1,0,1,0,0000000,16,5,16,13,99,99,0,0,0,1,0
37,370399,1,1,0,0,0,1,1,49,0,25,5,2013,7,18,11,0,5,6,RIVER RD,,0,35.27109167,-77.22178056,0,1,0,0,1,1,0,4,1,1,0,1,0,0000000,99,99,99,99,88,88,0,0,0,1,1
37,370400,1,1,0,0,0,1,1,89,0,23,5,2013,5,15,58,1,2,2,US-64,,99999,35.32543611,-82.50444167,0,53,0,0,1,1,0,4,1,1,0,1,0,0000000,15,58,16,4,16,21,0,0,0,1,0
37,370401,2,2,0,0,0,3,3,97,4430,18,5,2013,7,7,26,0,6,6,RIDGEWAY AVE,N CENTER ST,0,35.79706944,-80.89996667,0,12,6,0,2,2,0,1,1,10,0,10,0,0000000,7,35,7,38,99,99,0,0,0,1,0
37,370402,1,1,0,0,0,1,1,111,0,25,5,2013,7,1,11,0,4,3,SR-226,,0,35.649125,-81.90226667,0,35,0,0,1,1,0,4,2,1,0,1,0,0000000,1,6,1,19,88,88,0,0,0,1,1
37,370403,1,1,0,0,0,4,4,119,870,12,5,2013,1,0,23,0,13,6,N. TRYON ST,,0,35.34190278,-80.70058889,0,38,0,0,1,1,0,4,3,2,0,2,0,0000000,99,99,99,99,99,99,0,0,0,1,1
37,370404,1,1,0,0,0,1,1,129,0,25,5,2013,7,7,30,1,1,1,I-140,,0,34.31924444,-77.93701944,0,57,0,0,1,1,0,3,1,1,0,1,0,0000000,99,99,99,99,88,88,0,0,0,1,0
37,370405,2,2,0,0,0,2,2,147,1950,20,5,2013,2,13,24,0,16,6,ARLINGTON BLVD,,0,35.60183889,-77.41076389,0,12,6,0,1,1,0,1,1,2,0,2,0,0000000,13,24,13,29,13,58,0,0,0,1,0
37,370406,1,1,0,0,0,2,2,147,0,26,5,2013,1,18,17,0,3,3,SR-1750,,0,35.469125,-77.29596667,0,42,0,0,1,1,0,4,1,1,0,1,0,0000000,18,13,18,24,99,99,0,0,0,1,0
37,370407,6,1,5,0,0,1,1,151,0,25,5,2013,7,15,9,0,3,3,SR-2217,,0,35.816175,-79.80675833,0,14,0,0,1,1,0,5,1,1,0,1,0,0000000,15,7,15,20,88,88,0,0,0,1,1
37,370408,2,2,0,0,0,2,2,153,0,26,5,2013,1,18,26,0,3,3,SR-1624,,0,34.91535833,-79.67248611,0,12,6,0,4,1,0,1,1,1,0,1,0,0000000,18,1,18,11,88,88,0,0,0,1,0
37,370409,1,1,0,0,0,1,1,159,0,27,5,2013,2,22,4,0,3,3,SR-2204,,0,35.66119722,-80.40322222,0,1,0,0,1,1,0,4,2,1,0,1,0,0000000,22,7,22,23,22,47,0,0,0,1,1
37,370410,1,1,0,1,1,1,1,167,60,12,5,2013,1,1,52,0,16,6,SNUGGS ST,,0,35.37253333,-80.19901944,0,8,0,0,1,1,0,1,2,2,0,2,0,0000000,1,46,1,55,2,10,0,0,0,1,0
37,370411,2,2,0,0,0,4,4,173,0,16,5,2013,5,17,25,0,3,3,SR-1140,,0,35.39305556,-83.47513056,0,12,2,0,1,1,0,1,1,1,0,1,0,0000000,99,99,99,99,99,99,0,0,0,1,0
37,370412,2,2,0,0,0,2,2,183,3750,22,5,2013,4,6,17,0,16,6,ATLANTIC AVE,FOREST OAKS DR,0,35.85876389,-78.60175556,0,12,6,0,2,3,0,1,1,1,0,1,1,0000000,6,21,6,30,88,88,0,0,0,1,0
37,370413,3,3,0,0,0,7,7,183,0,26,5,2013,1,22,7,1,2,2,US-64,,0,35.79874444,-78.49701944,0,12,2,0,1,1,0,1,2,1,0,1,0,0000000,22,7,22,12,88,88,0,0,0,2,1
37,370414,2,2,0,0,0,2,2,195,0,24,5,2013,6,0,15,0,3,3,SR-42,,0,35.70316111,-77.87478056,0,12,1,0,1,1,0,1,2,10,0,10,0,0000000,0,14,0,24,0,55,0,0,0,1,1
37,370415,1,1,0,1,1,1,1,157,3800,28,3,2013,5,19,45,0,14,6,S. SCALES ST.,,0,36.34813056,-79.66508056,0,8,0,0,1,1,0,1,5,1,0,1,0,0000000,19,44,19,54,20,32,0,0,0,1,0
37,370416,1,1,0,0,0,1,1,175,0,13,3,2013,4,16,45,0,4,3,SR-215,,0,35.21780833,-82.85644167,0,24,0,0,1,1,0,4,1,1,0,1,0,0000000,16,42,17,5,17,26,0,0,0,1,0
37,370417,1,1,0,0,0,1,1,31,3120,1,4,2013,2,14,18,0,14,6,BRIDGES ST EXT,,0,34.73631389,-76.79479444,0,1,0,0,1,1,0,1,1,10,0,10,0,0000000,14,19,14,22,14,42,0,0,0,1,0
37,370418,3,3,0,0,0,5,5,51,1670,14,4,2013,1,1,14,0,14,6,MORGANTON RD,,0,35.0796,-78.99315556,0,12,2,0,1,1,0,1,3,1,0,1,0,0000000,1,18,1,30,1,54,0,0,0,1,0
37,370419,2,2,0,0,0,2,2,51,1670,6,4,2013,7,4,4,0,13,6,SKIBO RD,MORGANTON RD,0,35.07226944,-78.96486389,0,12,6,0,2,2,0,1,3,1,0,1,0,0000000,4,6,4,29,4,34,0,0,0,1,0
37,370420,1,1,0,0,0,2,2,61,0,22,4,2013,2,2,56,0,6,6,CR-1827,,0,34.74878889,-77.77376667,0,34,0,0,1,1,0,4,2,1,0,1,0,0000000,2,56,3,13,88,88,0,0,0,2,1
37,370421,3,3,0,0,0,3,3,21,0,30,5,2013,5,10,40,0,3,3,SR-19,MORGAN BRANCH EST,0,35.54365278,-82.73086389,0,12,6,0,2,2,0,1,1,1,0,1,0,0000000,10,39,10,45,11,6,0,0,0,1,0
37,370422,3,3,0,0,0,5,5,45,0,30,5,2013,5,16,14,0,3,3,SR-216,BETHLEHEM RD,0,35.20178611,-81.38963056,0,12,6,0,2,2,0,1,1,1,0,1,0,0000000,16,9,16,15,16,51,0,0,0,2,0
37,370423,1,1,0,0,0,1,1,47,0,29,5,2013,4,15,12,0,4,3,SR-131,,0,34.46069722,-78.77414167,0,59,0,0,1,1,0,4,1,1,0,1,0,0000000,15,0,15,12,88,88,0,0,0,1,1
37,370424,2,2,0,0,0,3,3,83,3860,17,5,2013,6,13,32,1,13,2,US-158,SOUTH STREET,0,36.43661389,-77.64698889,0,12,6,0,2,2,0,1,1,1,0,1,0,0000000,13,33,13,37,13,55,0,0,0,1,0
37,370425,1,1,0,1,1,1,1,85,0,26,5,2013,1,23,43,0,6,6,PONDEROSA RD,,0,35.28628611,-79.10925,0,8,0,0,1,1,0,1,2,1,0,1,0,0000000,99,99,99,99,99,99,0,0,0,1,0
37,370426,2,2,0,0,0,2,2,85,0,29,5,2013,4,9,14,1,2,2,US-421,,0,35.41781944,-78.80261111,0,12,2,0,1,1,0,1,1,1,0,1,0,0000000,99,99,99,99,99,99,0,0,0,1,0
37,370427,3,3,0,0,0,3,3,87,0,30,5,2013,5,11,1,1,2,2,US-19,BLUE RIDGE PARKWAY,0,35.496025,-83.15624167,0,12,6,0,2,3,0,1,1,1,0,1,0,0000000,10,58,11,9,88,88,14,0,0,1,0
37,370428,1,1,0,0,0,5,5,101,0,29,5,2013,4,16,0,0,3,3,SR-96,,0,35.54145278,-78.28370556,0,34,0,0,1,1,0,4,1,1,0,1,0,0000000,16,34,16,35,17,4,0,0,0,1,0
37,370429,1,1,0,0,0,1,1,101,0,29,5,2013,4,23,21,0,3,3,SR-1316,,0,35.51348056,-78.674675,0,32,0,0,1,1,0,4,2,1,0,1,0,0000000,22,37,22,47,23,20,0,0,0,1,0
37,370430,1,1,0,0,0,1,1,119,870,19,5,2013,1,18,18,0,16,6,PROVIDENCE RD,,0,35.1791,-80.81878889,0,30,0,0,1,1,0,4,1,10,2,2,0,0000000,18,17,18,23,88,88,0,0,0,1,0
37,370431,2,2,0,0,0,2,2,119,870,17,5,2013,6,19,41,1,11,1,I-77,,0,35.22698056,-80.86257222,0,12,1,0,1,1,0,1,1,1,0,1,0,0000000,19,41,19,46,88,88,0,0,0,1,1
37,370432,2,2,0,0,0,3,3,119,870,27,5,2013,2,4,50,0,16,6,E W T HARRIS BLVD,IDLEWOOD RD,0,35.18596111,-80.72998056,0,12,6,0,2,4,0,1,3,1,0,1,0,0000000,4,50,4,56,5,23,0,0,0,2,1
37,370433,2,2,0,0,0,5,5,141,4508,28,5,2013,3,11,28,0,13,3,SR-50,,0,34.57140556,-77.58677778,0,12,6,0,4,1,0,1,1,1,0,1,0,0000000,10,28,10,35,11,23,0,0,0,1,0
37,370434,2,1,1,1,2,2,3,157,3800,27,5,2013,2,13,40,0,16,6,MAIN ST,,0,36.36249167,-79.66626111,0,14,0,0,1,1,0,1,1,1,0,1,0,0000000,13,42,13,56,14,15,23,0,0,1,0
37,370435,2,2,0,0,0,3,3,159,0,30,5,2013,5,7,21,1,2,2,US-70,SR-1951,0,35.7355,-80.59203056,0,12,6,0,2,2,0,1,1,1,0,1,0,0000000,7,21,7,23,7,53,0,0,0,1,0
37,370436,2,2,0,0,0,3,3,179,0,18,5,2013,7,11,19,0,3,3,SR-1149,,0,34.94552778,-80.59620833,0,12,2,0,1,1,0,1,1,10,0,10,0,0000000,11,15,11,18,12,1,0,0,0,1,1
37,370437,1,1,0,0,0,1,1,155,0,24,4,2013,4,17,16,0,4,3,SR-72,,0,34.71562222,-79.15798611,0,10,0,0,6,1,0,1,1,1,0,1,0,9999999,17,10,17,17,88,88,0,0,0,1,0
37,370438,1,1,0,0,0,3,3,51,0,31,5,2013,6,22,1,1,1,1,I-95,,99999,34.93878889,-78.92125,0,35,0,0,1,1,0,4,2,1,0,1,0,0000000,22,0,22,9,22,39,0,0,0,1,0
37,370439,1,1,0,0,0,1,1,55,2461,20,5,2013,2,22,42,0,6,6,W/ KITTY HAWK RD,,0,36.06553333,-75.71301111,0,53,0,0,1,1,0,4,2,1,0,1,0,0000000,99,99,99,99,88,88,0,0,0,1,0
37,370440,2,2,0,0,0,5,5,61,0,23,5,2013,5,22,38,0,4,3,SR-41,,0,34.83040278,-77.81638333,0,12,2,0,1,1,0,1,2,1,0,1,0,0000000,22,40,22,51,23,28,0,0,0,1,1
37,370441,1,1,0,1,1,1,1,81,1940,19,5,2013,1,4,30,0,16,6,WILLOW RD,CARTWRIGHT RD,0,36.03578056,-79.7638,0,8,0,0,2,3,0,1,2,2,10,2,0,0000000,5,8,5,15,88,88,0,0,0,1,0
37,370442,1,1,0,0,0,1,1,83,0,26,5,2013,1,18,13,0,6,6,SUMMITT RD,,0,36.43243611,-77.63786111,0,42,0,0,1,1,0,4,1,1,0,1,0,0000000,18,4,18,15,18,57,0,0,0,1,1
37,370443,1,1,0,0,0,1,1,85,0,31,5,2013,6,19,51,1,1,1,I-95,,740,35.31313611,-78.57838611,0,24,0,0,1,1,0,3,1,1,0,1,0,0000000,99,99,99,99,88,88,20,0,0,1,0
37,370444,1,1,0,1,1,1,1,119,870,29,5,2013,4,9,31,0,13,7,NORTH TRYON ST,,0,35.23626944,-80.83076111,0,8,0,0,1,1,0,1,1,1,0,1,0,0000000,9,30,9,35,10,15,0,0,0,1,0
37,370445,2,2,0,0,0,2,2,141,0,30,5,2013,5,19,49,0,4,3,SR-50,,0,34.46455278,-77.56089444,0,12,2,0,1,1,0,1,1,1,0,1,0,0000000,99,99,99,99,99,99,0,0,0,1,1
37,370446,1,1,0,0,0,2,2,15,0,8,6,2013,7,11,37,0,6,6,REPUBLICAN RD,,0,36.076,-77.04714444,0,34,0,0,1,1,0,4,1,1,0,1,0,0000000,99,99,99,99,88,88,0,0,0,2,0
37,370447,1,1,0,0,0,3,3,35,0,5,6,2013,4,13,21,0,4,6,COUNTY HOME RD,,0,35.75161389,-81.23656667,0,42,0,0,1,1,0,4,1,1,0,1,0,0000000,13,19,13,27,14,9,0,0,0,2,0
37,370448,2,2,0,0,0,2,2,69,0,8,6,2013,7,20,11,0,15,3,SR-39,HERBERT DR,0,35.85789167,-78.26841667,0,12,2,0,3,3,0,1,5,1,0,1,0,0000000,19,58,20,6,20,35,0,0,0,1,0
37,370449,1,1,0,1,1,1,1,71,0,6,6,2013,5,0,46,1,12,2,US-321,,99999,35.314525,-81.18726389,0,8,0,0,1,1,0,1,2,2,10,2,0,0000000,0,45,0,50,88,88,0,0,0,1,0
37,370450,1,1,0,1,1,1,1,71,0,6,6,2013,5,7,14,1,2,2,US-321,,0,35.29363333,-81.18806667,0,8,0,0,1,1,0,1,1,10,0,10,0,0000000,7,9,7,16,88,88,0,0,0,1,0