STATE,ST_CASE,VE_TOTAL,VE_FORMS,PVH_INVL,PEDS,PERNOTMVIT,PERMVIT,PERSONS,COUNTY,CITY,DAY,MONTH,YEAR,DAY_WEEK,HOUR,MINUTE,NHS,ROAD_FNC,ROUTE,TWAY_ID,TWAY_ID2,MILEPT,LATITUDE,LONGITUD,SP_JUR,HARM_EV,MAN_COLL,RELJCT1,RELJCT2,TYP_INT,WRK_ZONE,REL_ROAD,LGT_COND,WEATHER1,WEATHER2,WEATHER,SCH_BUS,RAIL,NOT_HOUR,NOT_MIN,ARR_HOUR,ARR_MIN,HOSP_HR,HOSP_MN,CF1,CF2,CF3,FATALS,DRUNK_DR
37,370451,1,1,0,0,0,2,2,101,0,1,6,2013,7,4,20,1,1,1,I-95,,0,35.53785278,-78.25041111,0,24,0,0,1,1,0,3,2,1,0,1,0,0000000,4,17,4,25,5,28,0,0,0,1,0
37,370452,1,1,0,0,0,1,1,107,0,2,6,2013,1,1,20,0,3,3,SR-1105,,0,35.06479167,-77.49564444,0,34,0,0,1,1,0,4,2,1,0,1,0,0000000,1,26,1,45,88,88,0,0,0,1,1
37,370453,1,1,0,0,0,3,3,119,2280,3,6,2013,2,14,16,1,11,1,I-77,,0,35.24013611,-80.85155833,0,35,0,0,1,1,0,3,1,1,0,1,0,0000000,14,14,14,23,14,57,0,0,0,1,0
37,370454,1,1,0,0,0,1,1,147,0,5,6,2013,4,19,14,0,3,3,SR-1415,,0,35.67482778,-77.37016944,0,42,0,0,1,1,0,4,1,1,0,1,0,0000000,99,99,99,99,99,99,0,0,0,1,1
37,370455,1,1,0,0,0,1,1,147,0,6,6,2013,5,0,29,0,3,3,SR-43,,0,35.44801111,-77.26375833,0,42,0,0,1,1,0,4,2,1,0,1,0,0000000,0,26,0,35,1,1,0,0,0,1,0
37,370456,1,1,0,0,0,1,1,151,4640,2,6,2013,1,3,42,1,11,1,I-85,,0,35.88513889,-79.99434444,0,42,0,0,1,1,0,3,2,1,0,1,0,0000000,3,38,4,7,4,40,0,0,0,1,1
37,370457,2,2,0,0,0,2,2,155,0,2,6,2013,1,20,37,0,3,3,SR-72,RONALD DR,0,34.61735556,-79.01132222,0,12,6,0,2,3,0,1,5,10,0,10,0,0000000,20,37,20,47,21,13,0,0,0,1,1
37,370458,2,2,0,0,0,3,3,17,0,10,6,2013,2,8,5,0,3,3,SR-1760,,0,34.48085833,-78.55728056,0,12,2,0,1,1,0,2,1,1,0,1,0,0000000,8,1,8,21,88,88,0,0,0,3,0
37,370459,1,1,0,0,0,1,1,31,0,11,6,2013,3,18,18,1,2,2,US-70,,0,34.92945556,-76.94909722,0,34,0,0,1,1,0,4,1,1,0,1,0,0000000,99,99,99,99,88,88,0,0,0,1,1
37,370460,1,1,0,0,0,1,1,133,0,11,6,2013,3,7,2,0,3,3,SR-1203,,0,34.74740556,-77.56846944,0,34,0,0,1,1,0,4,1,1,0,1,0,0000000,6,44,6,58,88,88,0,0,0,1,0
37,370461,1,1,0,0,0,1,1,143,0,10,6,2013,2,23,43,0,3,3,SR-1340,,0,36.08088056,-76.42479722,0,34,0,0,1,1,0,4,2,10,0,10,0,0000000,23,39,23,48,88,88,0,0,0,1,1
37,370462,1,1,0,1,1,1,1,19,2584,23,5,2013,5,18,56,0,4,6,OLD FAYETTEVILLE RD,WOODBURN AVE,0,34.23513333,-78.00566389,0,9,0,0,2,2,0,1,1,1,0,1,0,0000000,18,59,18,59,19,14,0,0,0,1,0
37,370463,1,1,0,1,1,1,1,51,1670,17,5,2013,6,20,57,0,14,6,SANTA FE DR,,0,35.09030278,-78.98206389,0,8,0,0,1,1,0,1,3,1,0,1,0,0000000,20,58,21,0,88,88,0,0,0,1,0
37,370464,1,1,0,0,0,1,1,193,0,2,6,2013,1,22,36,0,3,3,SR-16,,0,36.31355278,-81.35581389,0,35,0,0,1,1,0,4,2,10,0,10,0,0000000,99,99,99,99,88,88,0,0,0,1,0
37,370465,1,1,0,1,1,1,1,21,0,12,6,2013,4,6,11,1,1,1,I-26,,355,35.52147222,-82.59435278,0,8,0,0,1,1,0,1,4,1,0,1,0,0000000,7,24,7,40,88,88,0,0,0,1,0
37,370466,1,1,0,0,0,1,1,37,0,15,6,2013,7,17,1,0,6,6,TAYLORS CHAPEL,,0,35.62090833,-79.21221111,0,42,0,0,1,1,0,4,1,1,0,1,0,0000000,16,50,17,4,88,88,0,0,0,1,1
37,370467,2,2,0,0,0,5,5,39,0,9,6,2013,1,18,9,0,4,2,US-19,,0,35.20290833,-83.77174444,0,12,1,0,1,1,0,1,1,2,0,2,0,0000000,18,5,18,30,19,40,0,0,0,1,1
37,370468,2,2,0,0,0,2,2,43,0,14,6,2013,6,19,13,0,4,6,WOODS RD,WINCHESTER RD,0,35.0677,-83.78484444,0,12,6,0,2,3,0,1,1,1,0,1,0,0000000,19,12,19,20,20,2,0,0,0,1,0
37,370469,1,1,0,0,0,1,1,51,0,6,6,2013,5,11,20,0,4,3,SR-53,,0,34.94827778,-78.750125,0,53,0,0,1,1,0,4,1,2,0,2,0,0000000,11,18,11,32,88,88,0,0,0,1,0
37,370470,2,2,0,0,0,6,6,51,0,8,6,2013,7,18,58,0,6,6,SANDY CREEK RD,,0,35.06430278,-78.68013333,0,12,1,0,1,1,0,1,1,1,0,1,0,0000000,18,54,19,1,19,29,0,0,0,1,0
37,370471,1,1,0,0,0,1,1,83,0,16,6,2013,1,20,34,0,3,3,SR-1214,,0,36.21223889,-77.89895556,0,34,0,0,1,1,0,4,2,1,0,1,0,0000000,20,24,20,29,88,88,0,0,0,1,1
37,370472,1,1,0,0,0,1,1,97,3110,1,6,2013,7,18,7,0,16,6,RINEHARDT RD,,0,35.60860278,-80.82094167,0,42,0,0,1,1,0,4,1,1,0,1,0,0000000,18,4,18,11,18,31,0,0,0,1,1
37,370473,1,1,0,0,0,1,1,123,0,15,6,2013,7,10,40,0,3,3,SR-1519,,0,35.32777778,-79.88421667,0,38,0,0,1,1,0,4,1,1,0,1,0,0000000,10,42,10,50,11,13,0,0,0,1,0
37,370474,1,1,0,0,0,1,1,141,0,10,6,2013,2,18,55,0,3,3,SR-1532,,0,99.99990000,999.99990000,0,34,0,0,1,1,0,4,1,1,0,1,0,0000000,18,48,19,3,88,88,0,0,0,1,0
37,370475,1,1,0,0,0,1,1,145,0,15,6,2013,7,16,43,0,3,3,SR-1523,,0,36.39696111,-79.00576111,0,34,0,0,1,1,0,4,1,1,0,1,0,0000000,16,40,16,48,17,2,0,0,0,1,0
37,370476,3,1,2,0,0,1,1,155,2770,13,6,2013,5,1,50,0,16,6,EAST SECOND ST,,0,34.6179,-79.00652222,0,30,0,0,1,1,0,4,3,1,0,1,0,0000000,99,99,99,99,99,99,20,0,0,1,1
37,370477,1,1,0,0,0,1,1,155,0,16,6,2013,1,5,20,1,1,1,I-95,,0,34.70449167,-78.99725556,0,24,0,0,1,1,0,2,2,1,0,1,0,0000000,5,19,5,31,88,88,0,0,0,1,0
37,370478,2,2,0,0,0,2,2,161,0,13,6,2013,5,16,46,0,3,3,SR-1178,,0,35.37594444,-81.98835,0,12,6,0,1,1,0,1,1,2,10,2,0,0000000,16,41,16,49,88,88,0,0,0,1,0
37,370479,1,1,0,1,1,1,1,61,0,31,5,2013,6,18,0,0,6,4,CR-1501,,99999,35.13400833,-77.89144167,0,8,0,0,1,1,0,1,1,1,0,1,0,0000000,99,99,99,99,99,99,0,0,0,1,0
37,370480,1,1,0,0,0,1,1,21,0,17,6,2013,2,0,38,0,6,4,CR-1392,,99999,35.66907778,-82.83013056,0,1,0,0,1,1,0,4,2,1,0,1,0,0000000,99,99,99,99,88,88,0,0,0,1,1
37,370481,2,2,0,0,0,5,5,51,0,6,6,2013,5,19,13,1,2,2,US-401,CR-1609,99999,35.24331667,-78.81793056,0,12,6,0,2,2,0,1,1,2,0,2,0,0000000,16,6,16,29,99,99,0,0,0,2,0
37,370482,2,2,0,0,0,2,2,67,5120,6,6,2013,5,19,32,0,16,6,MEADOWLARK DRIVE,,99999,36.09921944,-80.366025,0,12,6,0,1,1,0,1,5,10,2,2,0,0000000,19,34,19,38,20,18,0,0,0,1,1
37,370483,1,1,0,0,0,3,3,87,0,2,6,2013,1,7,47,1,1,1,I-40,,99999,35.54076389,-82.77608333,0,24,0,0,1,1,0,4,1,1,0,1,0,0000000,7,45,8,3,88,88,0,0,0,1,0
37,370484,2,2,0,0,0,3,3,127,3930,10,6,2013,2,14,41,1,13,2,US-301,STONE ROSE DRIVE,99999,35.96093056,-77.82101389,0,12,6,0,2,2,0,1,1,10,0,10,0,0000000,13,41,14,15,88,88,0,0,0,1,0
37,370485,2,2,0,0,0,4,4,111,0,9,6,2013,1,14,4,1,2,2,US-221,,0,35.646025,-81.98590556,0,12,6,0,4,1,0,1,1,2,10,2,0,0000000,14,2,14,11,15,19,0,0,0,1,0
37,370486,1,1,0,0,0,2,2,111,0,23,6,2013,1,13,54,0,3,3,SR-226,,0,35.65815833,-81.96175278,0,1,0,0,1,1,0,4,1,1,0,1,0,0000000,13,51,14,6,14,51,0,0,0,1,0
37,370487,2,2,0,0,0,3,3,119,870,19,6,2013,4,8,59,0,16,6,BEATTIES FORD RD,,0,35.26578056,-80.85421111,0,12,2,0,1,1,0,1,1,1,0,1,0,0000000,8,57,9,7,9,40,0,0,0,1,0
37,370488,1,1,0,0,0,1,1,151,0,20,6,2013,5,9,0,0,3,3,SR-2410,,0,35.88164444,-79.597375,0,1,0,0,1,1,0,4,1,1,0,1,0,0000000,12,1,12,9,88,88,0,0,0,1,1
37,370489,1,1,0,0,0,2,2,161,0,7,6,2013,6,23,45,0,3,3,SR-1769,,0,35.39540278,-81.81533056,0,42,0,0,1,1,0,4,2,2,10,2,0,0000000,99,99,99,99,99,99,0,0,0,1,0
37,370490,1,1,0,0,0,1,1,171,0,14,6,2013,6,11,52,0,3,3,SR-1624,,0,36.54990278,-80.69851944,0,1,0,0,1,1,0,4,1,1,0,1,0,0000000,99,99,99,99,99,99,0,0,0,1,0
37,370491,1,1,0,1,1,2,2,51,1670,12,1,2013,7,19,3,0,13,7,RAEFORD RD,,0,35.04371389,-78.94888611,0,9,0,0,4,1,0,1,3,1,0,1,0,0000000,19,3,19,9,88,88,0,0,0,1,0
37,370492,2,2,0,0,0,4,4,51,1670,14,3,2013,5,21,35,0,14,6,YADKIN RD,,0,35.08530278,-78.97627222,0,12,6,0,1,1,0,1,3,1,0,1,0,0000000,21,35,21,41,21,55,0,0,0,2,0
37,370493,2,2,0,0,0,2,2,1,0,5,6,2013,4,10,3,0,6,6,COBLE MILL RD,W GREENSBORO CHAPEL HILL RD,0,35.904075,-79.48112778,0,12,6,0,2,2,0,1,1,10,0,10,0,0000000,9,57,10,3,99,99,0,0,0,1,0
37,370494,2,2,0,0,0,3,3,1,700,19,6,2013,4,17,9,0,14,3,SR-62,HATCH ST,0,36.10461111,-79.43419167,0,12,6,0,2,2,0,1,1,1,0,1,0,0000000,17,9,17,25,17,40,0,0,0,1,0
37,370495,2,2,0,0,0,3,3,53,0,23,6,2013,1,7,5,0,14,2,US-158,,0,36.21026944,-75.86558333,0,12,2,0,1,1,0,1,1,1,0,1,0,0000000,99,99,99,99,99,99,0,0,0,1,0
37,370496,4,1,3,0,5,1,6,67,2430,7,6,2013,6,16,26,0,14,6,S. MAIN ST,,0,36.10790556,-80.09783889,0,14,0,0,1,1,0,5,1,10,0,10,0,0000000,16,25,16,31,16,58,14,0,0,1,0
37,370497,2,2,0,0,0,2,2,71,1110,11,6,2013,3,12,48,0,13,6,WILKINSON BLVD,,0,35.250625,-81.07979167,0,12,2,0,8,1,0,1,1,1,0,1,0,0000000,12,48,12,59,13,7,0,0,0,1,0
37,370498,2,2,0,1,1,4,4,105,4090,8,6,2013,7,0,3,0,13,6,S. HORNER BLVD,,0,99.99990000,999.99990000,0,8,0,0,1,1,0,1,3,2,0,2,0,0000000,0,5,0,10,0,26,0,0,0,1,0
37,370499,1,1,0,0,0,2,2,125,0,22,6,2013,7,23,1,0,6,6,LONGLEAF DR,,0,35.25331667,-79.58513333,0,42,0,0,1,1,0,4,2,1,0,1,0,0000000,99,99,99,99,99,99,0,0,0,1,1
37,370500,1,1,0,1,1,2,2,129,0,22,6,2013,7,22,3,1,2,2,US-421,,0,34.26085556,-77.9571,0,8,0,0,1,1,0,1,2,1,0,1,0,0000000,22,1,22,3,22,20,0,0,0,1,0
37,370501,3,3,0,0,0,6,6,179,3100,16,6,2013,1,17,51,1,13,2,US-601,,0,35.001925,-80.54418611,0,12,8,0,1,1,0,1,1,1,0,1,0,0000000,17,51,17,59,19,13,0,0,0,1,1
37,370502,1,1,0,0,0,1,1,191,0,23,6,2013,1,20,31,0,3,3,SR-1353,,0,35.52954722,-78.00523889,0,23,0,0,1,1,0,4,2,10,0,10,0,0000000,20,27,20,32,88,88,0,0,0,1,1
37,370503,1,1,0,0,0,2,2,101,0,23,6,2013,1,18,50,0,3,3,SR-242,,0,35.42228889,-78.53156944,0,42,0,0,1,1,0,4,1,2,0,2,0,0000000,18,47,18,52,19,37,0,0,0,1,0
37,370504,1,1,0,1,1,1,1,129,5060,13,6,2013,5,22,16,0,16,6,WRIGHTSVILLE AVE,,0,34.21986667,-77.81544444,0,9,0,0,1,1,0,1,3,1,0,1,0,0000000,22,17,22,22,88,88,0,0,0,1,0
37,370505,1,1,0,0,0,1,1,183,0,23,6,2013,1,22,0,0,3,3,SR-2368,,0,35.82913056,-78.35259722,0,35,0,0,1,1,0,4,2,10,0,10,0,0000000,21,52,21,59,22,36,0,0,0,1,0
37,370506,2,2,0,0,0,5,5,17,0,15,6,2013,7,15,6,0,3,3,SR-1300,SR-1005,0,34.79826111,-78.82224167,0,12,6,0,2,2,0,1,1,1,0,1,0,0000000,15,3,15,23,16,22,0,0,0,3,0
37,370507,2,2,0,0,0,2,2,45,0,28,6,2013,6,6,25,0,3,3,SR-150,,0,35.02148333,-82.02438889,0,12,2,0,1,1,0,1,1,1,0,1,0,0000000,99,99,99,99,99,99,0,0,0,1,0
37,370508,1,1,0,0,0,1,1,57,0,29,6,2013,7,16,10,0,3,3,SR-2024,,0,35.85268056,-80.161075,0,32,0,0,1,1,0,4,1,1,0,1,0,0000000,16,7,16,17,88,88,0,0,0,1,1
37,370509,1,1,0,0,0,1,1,57,0,28,6,2013,6,16,52,0,3,3,SR-1838,,0,35.88479722,-80.21305556,0,42,0,0,1,1,0,4,1,2,0,2,0,0000000,99,99,99,99,88,88,0,0,0,1,0
37,370510,1,1,0,1,1,1,1,81,1940,19,6,2013,4,5,0,1,11,1,I-40,,0,36.04873333,-79.86425556,0,8,0,0,1,1,0,2,2,1,0,1,0,0000000,5,5,5,15,88,88,0,0,0,1,0
37,370511,1,1,0,0,0,1,1,81,0,28,6,2013,6,22,35,1,1,1,I-85,,0,36.00189167,-79.81373611,0,1,0,0,1,1,0,4,2,2,0,2,0,0000000,22,32,22,47,88,88,0,0,0,1,0
37,370512,1,1,0,1,1,1,1,111,0,28,6,2013,6,0,34,1,1,1,I-40,,0,99.99990000,999.99990000,0,8,0,0,1,1,0,1,2,1,0,1,0,0000000,0,28,0,36,88,88,0,0,0,1,0
37,370513,2,2,0,0,0,2,2,119,870,22,6,2013,7,3,4,1,11,1,I-77,,0,35.22780556,-80.86148611,0,12,2,0,1,1,0,1,2,1,0,1,0,0000000,2,59,3,14,3,36,0,0,0,1,2
37,370514,1,1,0,1,1,1,1,119,870,26,6,2013,4,22,27,0,16,6,N TRYON ST,,0,35.31804444,-80.73741944,0,8,0,0,1,1,0,1,3,10,0,10,0,0000000,22,27,22,34,22,55,0,0,0,1,0
37,370515,3,3,0,0,0,3,3,119,870,26,6,2013,4,16,39,0,16,6,LANCASTER HIGHWAY,,0,35.02128056,-80.84901111,0,12,8,0,1,1,0,1,1,1,0,1,0,0000000,16,38,16,45,88,88,0,0,0,1,1
37,370516,1,1,0,0,0,1,1,119,870,27,6,2013,5,8,14,1,11,1,I-485,,0,35.26690833,-80.96757778,0,20,0,0,1,1,0,3,1,1,0,1,0,0000000,8,14,8,22,88,88,0,0,0,1,0
37,370517,1,1,0,0,0,1,1,151,0,25,6,2013,3,14,15,0,3,3,SR-1527,,0,35.84020556,-79.87749167,0,53,0,0,1,1,0,4,1,1,0,1,0,0000000,14,9,14,18,88,88,0,0,0,1,0
37,370518,1,1,0,0,0,1,1,153,0,27,6,2013,5,1,40,0,3,3,SR-177,,0,34.96913333,-79.60571389,0,1,0,0,1,1,0,1,2,1,0,1,0,0000000,1,37,1,52,99,99,0,0,0,1,1
37,370519,1,1,0,0,0,1,1,181,0,29,6,2013,7,17,41,0,3,3,SR-1533,,0,36.31696389,-78.37697222,0,42,0,0,1,1,0,4,1,1,0,1,0,0000000,17,40,17,53,88,88,0,0,0,1,1
37,370520,1,1,0,0,0,1,1,183,3750,25,6,2013,3,2,3,0,16,6,FALLS OF NEUSE RD,,0,99.99990000,999.99990000,0,30,0,0,1,1,0,4,3,1,0,1,0,0000000,2,5,2,16,88,88,0,0,0,1,1
37,370521,1,1,0,0,0,1,1,51,1670,27,5,2013,2,1,15,0,6,6,STONEY POINT RD,,0,35.022475,-79.07604722,0,43,0,0,1,1,1,4,2,1,0,1,0,847358N,1,22,1,32,88,88,0,0,0,1,1
37,370522,2,2,0,0,0,4,4,133,2330,31,5,2013,6,12,12,0,14,3,SR-53,GUM BRANCH RD,0,34.76763611,-77.40604444,0,12,6,0,2,2,0,1,1,1,0,1,0,0000000,12,47,12,58,13,13,0,0,0,1,0
37,370523,1,1,0,0,0,1,1,1,0,27,6,2013,5,10,0,0,6,6,CRAWFORD RD,,0,35.97817222,-79.34491667,0,35,0,0,1,1,0,4,1,1,0,1,0,0000000,10,4,10,15,10,49,0,0,0,1,0
37,370524,1,1,0,1,1,1,1,49,3250,19,6,2013,4,19,51,0,16,6,OLD AIRPORT RD,,0,35.03921944,-77.02535,0,9,0,0,1,1,0,1,5,1,0,1,0,0000000,99,99,99,99,99,99,0,0,0,1,0
37,370525,1,1,0,0,0,1,1,67,5120,29,6,2013,7,22,45,1,12,2,US-52 N,,0,99.99990000,999.99990000,0,16,0,0,5,1,0,4,3,1,0,1,0,0000000,22,47,22,52,23,8,0,0,0,1,1
37,370526,1,1,0,0,0,1,1,67,0,1,6,2013,7,22,26,0,5,6,BAUX MOUNTAIN RD,,0,36.20712778,-80.21307778,0,1,0,0,1,1,0,4,2,1,0,1,0,0000000,22,22,22,32,22,55,0,0,0,1,1
37,370527,1,1,0,0,0,1,1,109,0,28,6,2013,6,2,13,0,5,6,KING WILKINSON RD,,0,35.51964167,-81.09283889,0,11,0,0,1,1,0,1,2,1,0,1,0,0000000,2,9,2,20,2,46,0,0,0,1,0
37,370528,1,1,0,0,0,1,1,135,0,23,6,2013,1,23,27,0,4,6,OLD GREENSBORO RD,JONES FERRY RD,0,35.90545833,-79.10818889,0,42,0,0,3,3,0,4,2,1,10,10,0,0000000,23,26,23,31,88,88,0,0,0,1,0
37,370529,2,2,0,0,0,3,3,151,0,30,6,2013,1,15,29,1,2,2,US-311,LILLY FLOWER RD,0,35.87611944,-79.91513611,0,12,6,0,3,3,0,1,1,10,0,10,0,0000000,15,25,15,32,16,3,0,0,0,1,1
37,370530,2,2,0,0,0,3,3,183,3750,5,6,2013,4,3,6,0,16,6,SKYCREST DR,,0,35.81172778,-78.589525,0,12,2,0,8,1,0,1,2,1,0,1,0,0000000,3,7,3,14,88,88,0,0,0,2,1
37,370531,1,1,0,1,1,1,1,25,0,29,6,2013,7,4,34,0,3,3,SR-2114,,0,35.476575,-80.59508611,0,8,0,0,1,1,0,1,2,1,0,1,0,0000000,4,24,4,31,88,88,0,0,0,1,0
37,370533,2,2,0,0,0,2,2,81,1940,24,6,2013,2,17,20,0,16,6,GUILFORD COLLEGE RD,S SWING RD,0,36.05900556,-79.90995833,0,12,6,0,2,2,0,1,1,1,0,1,0,0000000,17,21,17,25,17,49,0,0,0,1,0
37,370534,1,1,0,0,0,2,2,109,0,30,6,2013,1,21,35,0,3,3,SR-1395,,0,35.45355278,-80.96610278,0,43,0,0,1,1,0,4,2,1,0,1,0,0000000,21,33,21,52,22,30,0,0,0,1,1
37,370535,3,3,0,0,0,3,3,129,5060,24,6,2013,2,8,6,0,16,6,CAROLINA BEACH RD,WELLINGTON AVE,0,34.19375556,-77.93571667,0,12,6,0,2,3,0,1,1,10,0,10,0,0000000,8,5,8,13,88,88,0,0,0,1,1
37,370536,1,1,0,0,0,1,1,131,0,14,6,2013,6,14,49,0,3,3,SR-1108,,0,36.28150278,-77.36076667,0,42,0,0,1,1,0,4,1,1,0,1,0,0000000,99,99,99,99,99,99,0,0,0,1,0
37,370537,2,2,0,0,0,4,4,149,0,23,6,2013,1,8,35,1,1,1,I-26,,0,35.24963333,-82.20982222,0,12,1,0,1,1,0,1,1,1,0,1,0,0000000,8,33,8,38,99,99,0,0,0,1,0
37,370538,1,1,0,1,1,1,1,165,2560,19,6,2013,4,12,1,0,16,6,PLANT RD,,0,34.80806944,-79.465125,0,8,0,0,1,1,0,1,1,1,0,1,0,0000000,12,1,12,7,88,88,0,0,0,1,0
37,370539,2,2,0,0,0,3,3,179,0,16,6,2013,1,10,37,0,3,3,SR-207,WILLIAMS ROPE,0,34.98513889,-80.54970278,0,12,6,0,2,2,0,1,1,1,0,1,0,0000000,10,34,10,40,11,57,0,0,0,1,0
37,370540,4,4,0,0,0,5,5,191,1880,17,6,2013,2,14,58,0,16,6,BERKELEY BLVD,,0,35.38080556,-77.93221944,0,12,8,0,1,1,0,1,1,10,0,10,0,0000000,14,58,15,3,15,28,0,0,0,2,0
37,370541,2,2,0,0,0,2,2,1,1530,21,6,2013,6,14,44,0,14,6,UNIVERSITY DR,MANNING AVE,0,36.10938333,-79.51734167,0,12,6,0,2,2,0,1,1,1,0,1,0,0000000,14,43,14,50,15,31,0,0,0,1,0
37,370542,1,1,0,0,0,1,1,13,4860,21,6,2013,6,10,0,0,13,2,US-264,,0,35.54417222,-77.01963333,0,30,0,0,1,1,0,4,1,1,0,1,0,0000000,99,99,99,99,88,88,0,0,0,1,0
37,370543,2,2,0,0,0,5,5,21,170,21,6,2013,6,11,43,0,13,7,BROADWAY ST,WT WEAVER BLVD,0,35.61128611,-82.56614167,0,12,6,0,2,3,0,1,1,1,0,1,0,0000000,11,43,11,48,88,88,0,0,0,1,0
37,370544,1,1,0,0,0,1,1,35,9997,25,6,2013,3,11,47,0,16,6,2ND AVE PL SE,,0,35.69321111,-81.21782222,0,10,0,0,6,1,0,1,1,1,0,1,0,729605E,11,51,12,2,99,99,0,0,0,1,0
37,370545,2,2,0,0,0,2,2,129,5060,29,6,2013,7,13,50,0,15,6,GREENFIELD ST,S 15TH ST,0,34.21791389,-77.92797222,0,12,6,0,2,2,0,1,1,1,0,1,0,0000000,13,49,13,54,88,88,0,0,0,1,0
37,370546,2,2,0,0,0,6,6,167,60,14,6,2013,6,4,15,0,13,3,SR-24 BYPASS,US-52 SOUTH,99999,35.33891944,-80.19976944,0,12,6,0,2,2,0,1,6,1,0,1,0,0000000,4,15,4,24,5,42,0,0,0,1,0
37,370547,1,1,0,0,0,1,1,35,2150,30,6,2013,1,21,17,0,6,6,HEAVNER RD,,0,35.59711389,-81.39080833,0,1,0,0,1,1,0,1,2,1,0,1,0,0000000,21,17,21,22,88,88,0,0,0,1,1
37,370548,1,1,0,0,0,1,1,51,0,1,6,2013,7,23,33,0,6,6,SLOCOMB RD,,0,35.187025,-78.7916,0,1,0,0,1,1,0,1,2,1,0,1,0,0000000,23,31,23,35,0,10,0,0,0,1,1
37,370549,3,3,0,0,0,7,7,51,1670,19,6,2013,4,1,34,0,14,6,SHAW MILL RD,,0,35.11470833,-78.91986667,0,12,8,0,1,1,0,1,2,1,0,1,0,0000000,1,41,1,56,2,20,0,0,0,2,1
37,370550,2,2,0,0,0,3,3,51,1670,16,6,2013,1,11,15,0,13,6,GROVE ST,DUNN RD,0,35.0492,-78.85485,0,12,2,0,2,2,0,1,1,1,0,1,0,0000000,11,52,11,55,12,17,0,0,0,1,0
37,370551,2,1,1,0,0,1,1,51,1670,16,6,2013,1,11,1,0,16,6,SYCAMORE DAIRY RD,,0,35.07073611,-78.95467778,0,33,0,0,1,1,0,4,1,1,0,1,0,0000000,11,2,11,9,11,28,0,0,0,1,0
37,370552,2,2,0,0,0,2,2,51,1670,28,6,2013,6,22,20,0,13,6,RAEFORD RD,SANDALWOOD DR,0,35.04256389,-78.964225,0,12,6,0,2,2,0,1,3,2,10,2,0,0000000,22,22,22,28,22,39,0,0,0,1,0
37,370553,1,1,0,1,1,1,1,55,2435,10,6,2013,2,21,45,0,13,2,US-HWY 158,NEPTUNE SR,99999,35.9973,-75.65099444,0,8,0,0,2,2,0,1,3,1,0,1,0,0000000,21,45,21,50,22,3,0,0,0,1,0
37,370554,2,2,0,0,0,3,3,61,450,23,6,2013,1,19,4,0,4,3,SR-41,,0,34.94339722,-77.74750278,0,12,2,0,1,1,0,1,1,1,0,1,0,0000000,19,1,19,7,88,88,0,0,0,1,0
37,370555,1,1,0,0,0,1,1,89,2550,1,6,2013,7,22,51,0,99,9,PVA INGLES,,0,99.99990000,999.99990000,0,43,0,0,1,1,0,5,3,1,0,1,0,0000000,22,47,22,59,23,24,0,0,0,1,0
37,370556,1,1,0,0,0,1,1,5,0,8,6,2013,7,6,31,1,2,2,US-21,,0,36.51064167,-81.13029722,0,21,0,0,1,1,0,4,1,2,10,2,0,0000000,6,25,6,29,7,47,0,0,0,1,0
37,370557,2,2,0,0,0,3,3,55,3235,20,6,2013,5,17,21,1,13,2,US-64,,0,35.93258056,-75.69433333,0,12,6,0,4,1,0,1,1,1,0,1,0,0000000,17,21,17,27,88,88,0,0,0,1,0
37,370558,1,1,0,1,1,1,1,1,0,13,7,2013,7,23,34,0,3,3,SR-1002,,0,36.18541111,-79.33944722,0,8,0,0,1,1,0,1,2,2,0,2,0,0000000,23,31,23,36,88,88,0,0,0,1,0
37,370559,1,1,0,0,0,1,1,7,0,9,7,2013,3,21,16,0,3,3,SR-1627,,0,35.14151389,-80.09915,0,18,0,0,1,1,0,1,2,10,0,10,0,0000000,21,6,21,34,23,10,0,0,0,1,0
37,370560,1,1,0,0,0,1,1,13,0,7,7,2013,1,17,35,1,2,2,US-264,SR-1522,0,35.53695556,-76.97717222,0,43,0,0,1,1,0,4,1,1,0,1,0,0000000,17,32,17,37,17,54,0,0,0,1,0
37,370561,1,1,0,0,0,3,3,13,0,6,7,2013,7,4,11,0,3,3,SR-1152,,0,35.466925,-77.10079444,0,32,0,0,1,1,0,4,2,1,0,1,0,0000000,4,7,4,15,4,50,0,0,0,1,1
37,370562,1,1,0,0,0,3,3,15,0,11,7,2013,5,10,35,1,2,2,US-13,,0,36.01325833,-76.95433889,0,34,0,0,1,1,0,4,1,1,0,1,0,0000000,99,99,99,99,99,99,0,0,0,2,0
37,370563,2,2,0,0,0,2,2,23,0,6,7,2013,7,19,52,1,2,2,US-70,,0,35.73443056,-81.68448611,0,12,1,0,1,1,0,1,1,2,0,2,0,0000000,19,57,20,6,20,27,0,0,0,1,0
37,370564,2,2,0,0,0,3,3,25,0,2,7,2013,3,16,6,0,3,3,SR-1155,,0,35.32828611,-80.56318889,0,12,6,0,1,1,0,1,1,2,0,2,0,0000000,16,4,16,9,16,55,0,0,0,1,0
37,370565,2,2,0,0,0,2,2,25,0,12,7,2013,6,11,46,0,3,3,SR-1002,,0,35.39848611,-80.5992,0,12,2,0,1,1,0,1,1,10,0,10,0,0000000,11,44,11,53,12,26,0,0,0,1,0
37,370566,1,1,0,1,1,1,1,37,0,5,7,2013,6,6,27,0,3,3,SR-1506,,0,35.81062778,-79.31693056,0,8,0,0,1,1,0,1,4,10,0,10,0,0000000,6,30,6,41,6,56,0,0,0,1,1