STATE,ST_CASE,VE_TOTAL,VE_FORMS,PVH_INVL,PEDS,PERNOTMVIT,PERMVIT,PERSONS,COUNTY,CITY,DAY,MONTH,YEAR,DAY_WEEK,HOUR,MINUTE,NHS,ROAD_FNC,ROUTE,TWAY_ID,TWAY_ID2,MILEPT,LATITUDE,LONGITUD,SP_JUR,HARM_EV,MAN_COLL,RELJCT1,RELJCT2,TYP_INT,WRK_ZONE,REL_ROAD,LGT_COND,WEATHER1,WEATHER2,WEATHER,SCH_BUS,RAIL,NOT_HOUR,NOT_MIN,ARR_HOUR,ARR_MIN,HOSP_HR,HOSP_MN,CF1,CF2,CF3,FATALS,DRUNK_DR
37,370567,1,1,0,0,0,2,2,45,4180,13,7,2013,7,6,26,0,16,6,SEABOARD AVE,,0,35.29818333,-81.53938611,0,35,0,0,8,1,0,4,4,10,0,10,0,0000000,99,99,99,99,99,99,0,0,0,1,1
37,370568,2,2,0,0,0,8,8,49,0,3,7,2013,4,18,41,0,3,3,SR-101,SR-306,0,34.87471944,-76.82356944,0,12,6,0,2,3,0,1,1,1,0,1,0,0000000,18,37,18,50,19,55,0,0,0,2,1
37,370569,1,1,0,0,0,1,1,65,0,5,7,2013,6,7,14,0,3,3,SR-1004,,0,35.73800833,-77.66898611,0,32,0,0,1,1,0,4,1,10,0,10,0,0000000,7,12,7,18,88,88,0,0,0,1,0
37,370570,2,2,0,0,0,2,2,71,0,5,7,2013,6,9,26,1,1,1,I-85,,0,35.19986389,-81.36891944,0,12,6,0,5,1,0,1,1,2,10,2,0,0000000,9,23,9,38,88,88,0,0,0,1,0
37,370571,1,1,0,1,1,1,1,81,0,6,7,2013,7,1,51,0,15,6,RANDELMAN RD,,0,35.91325,-79.80856111,0,8,0,0,1,1,0,1,2,1,0,1,0,0000000,1,48,2,1,88,88,0,0,0,1,0
37,370572,1,1,0,1,1,1,1,83,0,6,7,2013,7,21,42,0,3,6,THIRTEEN BRIDGES RD,,0,36.17125,-77.64648889,0,8,0,0,1,1,0,1,2,1,0,1,0,0000000,21,25,21,37,88,88,0,0,0,1,0
37,370573,1,1,0,0,0,1,1,89,2130,10,7,2013,4,23,24,0,13,6,MARTIN LUTHER KING BLVD,,0,35.32686667,-82.44901111,0,24,0,0,1,1,0,4,3,10,0,10,0,0000000,99,99,99,99,88,88,0,0,0,1,0
37,370574,1,1,0,1,1,1,1,93,0,13,7,2013,7,22,27,1,2,2,US-401,,0,35.03168333,-79.09834167,0,8,0,0,1,1,0,1,2,1,0,1,0,0000000,99,99,99,99,99,99,0,0,0,1,0
37,370575,1,1,0,0,0,1,1,97,4650,6,7,2013,7,0,7,0,14,2,US-21,,0,35.70726111,-80.89334722,0,30,0,0,1,1,0,4,3,10,0,10,0,0000000,0,8,0,14,88,88,0,0,0,1,1
37,370576,2,2,0,0,0,2,2,101,930,12,7,2013,6,12,50,0,15,6,CLEVELAND RD,,0,35.59309722,-78.560725,0,12,6,0,1,1,0,1,1,1,0,1,0,0000000,12,50,13,0,13,32,0,0,0,1,0
37,370577,1,1,0,0,0,2,2,115,0,4,7,2013,5,20,22,0,5,6,MAX PATCH RD,,0,35.74269722,-82.95086111,0,35,0,0,1,1,0,4,1,2,0,2,0,0000000,20,25,20,59,88,88,2,0,0,1,0
37,370578,2,2,0,0,0,5,5,127,3240,7,7,2013,1,17,5,0,3,2,US-64,,0,35.98103611,-77.96594167,0,24,0,0,1,1,0,3,1,1,0,1,0,0000000,15,0,15,7,15,22,14,0,0,1,0
37,370579,1,1,0,0,0,1,1,131,0,4,7,2013,5,5,29,1,2,2,US-301,,0,36.44149167,-77.56416111,0,34,0,0,1,1,0,4,4,5,0,5,0,0000000,5,29,5,35,88,88,0,0,0,1,0
37,370580,2,2,0,0,0,3,3,143,0,12,7,2013,6,9,50,0,5,6,HARVEY POINTE RD,,0,36.14096111,-76.41140833,0,12,2,0,1,1,0,1,1,10,0,10,0,0000000,9,51,10,7,10,44,0,0,0,3,0
37,370581,1,1,0,0,0,2,2,157,1435,5,7,2013,6,2,15,0,16,6,E. STADIUM DR,,0,36.51773611,-79.68216111,0,34,0,0,1,1,0,4,3,1,0,1,0,0000000,2,17,2,25,88,88,0,0,0,1,1
37,370582,2,2,0,0,0,2,2,171,0,11,7,2013,5,18,23,0,6,6,WHITE DIRT RD,,0,36.448425,-80.76051389,0,12,2,0,1,1,0,1,1,10,0,10,0,0000000,18,22,18,26,88,88,0,0,0,1,0
37,370583,2,2,0,0,0,2,2,179,4690,1,7,2013,2,23,36,0,3,2,US-601,,0,35.07623889,-80.53054167,0,12,2,0,1,1,0,1,2,1,0,1,0,0000000,99,99,99,99,88,88,0,0,0,1,1
37,370584,2,2,0,0,0,2,2,183,0,5,7,2013,6,11,15,0,15,6,EAST GARNER RD,,0,35.69837778,-78.56360278,0,12,6,0,8,1,0,1,1,1,0,1,0,0000000,11,11,11,19,88,88,0,0,0,1,0
37,370585,1,1,0,0,0,1,1,183,3750,24,4,2013,4,7,2,0,6,6,NORWOOD RD,,0,35.93243056,-78.71768889,0,42,0,0,1,1,0,4,1,1,0,1,0,0000000,6,58,7,8,8,6,0,0,0,1,0
37,370586,1,1,0,0,0,1,1,97,3110,14,5,2013,3,15,0,0,14,6,E. IREDELL AVE,,99999,35.58245556,-80.79881111,0,33,0,0,1,1,0,4,1,1,0,1,0,0000000,14,59,15,3,15,22,0,0,0,1,0
37,370587,2,2,0,0,0,4,4,23,4700,25,6,2013,3,16,23,0,3,6,ELDRED ST SE,R & R MINI STORAGE,0,99.99990000,999.99990000,0,12,6,0,8,1,0,1,1,1,0,1,0,0000000,16,23,16,31,16,51,0,0,0,1,0
37,370588,1,1,0,0,0,2,2,1,0,18,7,2013,5,2,22,0,4,6,ALTAMAHAW UNION RIDGE RD,,0,36.18300556,-79.497625,0,42,0,0,1,1,0,4,2,1,0,1,0,0000000,2,19,2,26,88,88,0,0,0,2,0
37,370589,1,1,0,0,0,1,1,35,0,15,7,2013,2,0,4,0,6,6,BOLICK RD,,0,35.77804167,-81.13933889,0,32,0,0,1,1,0,4,2,1,0,1,0,0000000,0,1,0,9,88,88,0,0,0,1,1
37,370590,2,2,0,0,0,3,3,35,0,15,7,2013,2,20,21,0,6,6,SMURE FARM RD,,0,35.63490556,-81.19543611,0,12,2,0,1,1,0,1,1,1,0,1,0,0000000,20,20,20,25,99,99,0,0,0,1,1
37,370591,1,1,0,0,0,1,1,37,0,16,7,2013,3,14,47,0,3,3,SR-42,,0,99.99990000,999.99990000,0,35,0,0,1,1,0,4,1,1,0,1,0,0000000,14,45,14,56,88,88,0,0,0,1,0
37,370592,3,3,0,0,0,13,13,99,0,12,7,2013,6,9,59,1,2,2,US-64,,0,35.12293056,-82.93225,0,12,8,0,1,1,0,1,1,1,0,1,0,0000000,9,57,10,4,88,88,0,0,0,1,1
37,370593,1,1,0,0,0,1,1,129,0,17,7,2013,4,0,20,0,3,3,SR-1492,,0,34.12781111,-77.87881944,0,59,0,0,1,1,0,4,2,1,0,1,0,0000000,0,13,0,22,88,88,0,0,0,1,1
37,370594,2,2,0,0,0,4,4,141,0,14,7,2013,1,19,5,0,3,3,SR-11,,0,34.52766944,-78.06895833,0,12,2,0,1,1,0,1,1,1,0,1,0,0000000,18,44,18,49,19,37,0,0,0,3,1
37,370595,2,2,0,0,0,3,3,147,0,15,7,2013,2,8,22,0,3,3,SR-30,SR-1517,0,35.74467778,-77.29779444,0,12,6,0,2,4,0,1,1,5,0,5,0,0000000,7,58,8,4,8,57,0,0,0,1,0
37,370596,1,1,0,0,0,3,3,155,0,14,7,2013,1,6,41,1,1,1,I-95,,0,34.81228333,-78.98601667,0,42,0,0,1,1,0,4,1,10,0,10,0,0000000,99,99,99,99,99,99,0,0,0,1,0
37,370597,2,2,0,0,0,5,5,49,2078,20,7,2013,7,15,54,1,2,2,US-70,STATELY PINES RD,0,34.96277222,-76.95591389,0,12,6,0,2,2,0,1,1,10,0,10,0,0000000,16,7,16,21,16,55,0,0,0,1,0
37,370598,1,1,0,2,2,2,2,53,0,22,7,2013,2,11,33,0,4,3,SR-12,,0,36.28995,-75.80100556,0,8,0,0,1,1,0,2,1,1,0,1,0,0000000,11,18,11,21,88,88,0,0,0,2,0
37,370599,1,1,0,0,0,2,2,85,0,14,7,2013,1,1,11,0,4,6,BUNNLEVEL ERWIN RD,,0,35.31693889,-78.73358056,0,42,0,0,1,1,0,4,2,1,0,1,0,0000000,99,99,99,99,99,99,0,0,0,1,1
37,370600,1,1,0,1,1,1,1,87,750,18,7,2013,5,21,25,0,6,6,CHAMPION DER,,0,35.54305556,-82.84771111,0,8,0,0,1,1,0,1,3,1,0,1,0,0000000,21,31,21,34,88,88,0,0,0,1,0
37,370601,1,1,0,0,0,1,1,93,0,20,7,2013,7,18,14,0,6,6,PHILLIPI CHURCH RD,,0,34.96898056,-79.10759444,0,1,0,0,1,1,0,1,1,1,0,1,0,0000000,99,99,99,99,99,99,0,0,0,1,0
37,370602,2,2,0,0,0,2,2,147,0,16,7,2013,3,15,5,0,5,6,MILLS RD,IVY RD,0,35.52355278,-77.30654444,0,12,6,0,2,2,0,1,1,1,0,1,0,0000000,15,3,15,8,15,59,0,0,0,1,0
37,370603,2,2,0,0,0,8,8,163,0,12,7,2013,6,12,28,0,3,6,AUTRYVILLE RD,LEROY AUTRY RD,0,35.01474167,-78.57689722,0,12,6,0,2,3,0,1,1,10,0,10,0,0000000,12,19,12,29,13,19,0,0,0,1,0
37,370604,2,2,0,0,0,2,2,179,3100,8,7,2013,2,23,6,0,13,2,US-74,S. SECREST AVENUE,0,34.97848333,-80.49475,0,12,6,0,2,2,0,1,3,10,0,10,0,0000000,23,16,23,26,1,22,0,0,0,1,0
37,370605,1,1,0,0,0,1,1,197,0,15,7,2013,2,15,8,0,4,3,SR-67,,0,36.22906944,-80.68289167,0,35,0,0,1,1,0,4,1,1,0,1,0,0000000,15,11,15,19,88,88,0,0,0,1,0
37,370606,1,1,0,0,0,1,1,35,0,24,6,2013,2,5,36,0,5,6,SLANTING BRIDGE RD,,0,35.56259444,-80.990375,0,34,0,0,1,1,0,4,2,1,0,1,0,0000000,99,99,99,99,88,88,0,0,0,1,1
37,370607,2,2,0,0,0,2,2,13,0,23,7,2013,3,16,5,1,2,2,US-264,,0,35.6027,-77.12906667,0,12,1,0,1,1,0,1,1,1,0,1,0,0000000,15,58,16,5,16,25,0,0,0,1,0
37,370608,2,2,0,0,0,2,2,21,0,19,7,2013,6,11,54,0,2,3,SR-63,,0,35.63537222,-82.66948889,0,12,2,0,1,1,0,1,1,1,0,1,0,0000000,99,99,99,99,99,99,0,0,0,1,0
37,370609,2,2,0,0,0,2,2,87,0,22,7,2013,2,11,25,1,2,2,US-19,,0,35.52230278,-83.02673889,0,12,2,0,1,1,0,1,1,1,0,1,0,0000000,11,21,11,28,88,88,0,0,0,1,0
37,370610,1,1,0,1,1,1,1,97,0,20,7,2013,7,5,44,1,2,2,US-70,,0,35.7554,-80.81468889,0,8,0,0,1,1,0,1,2,1,0,1,0,0000000,99,99,99,99,99,99,0,0,0,1,0
37,370611,2,2,0,0,0,2,2,109,0,17,7,2013,4,10,12,0,3,3,SR-150,SR-1222,0,35.44402222,-81.26766389,0,12,1,0,2,2,0,1,1,1,0,1,0,0000000,10,6,10,13,10,22,0,0,0,1,0
37,370612,2,2,0,0,0,2,2,157,0,24,7,2013,4,16,47,0,3,3,SR-14,SR-2037,0,36.52286944,-79.75238611,0,12,6,0,3,3,0,1,1,1,0,1,0,0000000,16,45,16,46,99,99,0,0,0,1,0
37,370613,1,1,0,0,0,1,1,63,0,16,7,2013,3,22,7,0,3,3,SR-1639,,0,36.08016111,-78.89976389,0,38,0,0,1,1,0,4,2,1,0,1,0,0000000,21,53,22,1,88,88,0,0,0,1,0
37,370614,2,2,0,0,0,5,5,71,0,18,7,2013,5,21,20,1,2,2,US-321,,0,35.39463056,-81.20900278,0,12,9,0,1,1,0,1,2,10,0,10,0,0000000,21,18,21,28,22,2,0,0,0,1,0
37,370615,2,2,0,0,0,3,3,73,0,23,7,2013,3,18,15,0,3,3,SR-32,,0,99.99990000,999.99990000,0,12,6,0,4,1,0,1,1,1,0,1,0,0000000,18,3,18,16,19,10,0,0,0,2,0
37,370616,1,1,0,0,0,2,2,85,0,24,7,2013,4,14,55,0,3,3,SR-1006,,0,35.45391389,-78.69605833,0,34,0,0,1,1,0,4,1,1,0,1,0,0000000,14,53,15,3,15,27,0,0,0,1,0
37,370617,1,1,0,0,0,1,1,101,4140,13,7,2013,7,14,44,1,12,2,US-70,,0,35.51865,-78.28714444,0,59,0,0,1,1,0,4,1,10,0,10,0,0000000,14,40,14,45,88,88,0,0,0,1,0
37,370618,2,2,0,0,0,2,2,115,0,28,7,2013,1,9,2,0,3,2,US-25,,0,35.84055556,-82.72064167,0,12,2,0,1,1,0,1,1,1,0,1,0,0000000,8,51,8,57,99,99,0,0,0,1,0
37,370619,1,1,0,1,1,2,2,125,0,25,7,2013,5,5,13,1,13,2,US-15,,0,35.18331111,-79.43851944,0,8,0,0,1,1,0,1,2,10,0,10,0,0000000,99,99,99,99,99,99,0,0,0,1,0
37,370620,2,2,0,0,0,2,2,129,5060,14,7,2013,1,23,31,0,13,6,S. 3RD ST,,0,34.21920556,-77.94403889,0,12,6,0,8,1,0,1,3,1,0,1,0,0000000,23,30,23,35,88,88,0,0,0,1,1
37,370621,3,3,0,0,0,7,7,153,3910,2,7,2013,3,15,56,1,2,2,US-220,S. HANCOCK ST,0,34.92543611,-79.78003611,0,12,2,0,2,2,0,1,1,2,10,2,0,0000000,15,42,15,49,16,13,0,0,0,1,0
37,370622,3,3,0,0,0,7,7,155,3790,18,7,2013,5,16,14,0,15,6,E. 4TH AVE,OLD LOWERY RD,0,34.79504722,-79.157825,0,12,6,0,2,2,0,1,1,1,0,1,0,0000000,16,17,16,36,17,27,0,0,0,1,0
37,370623,2,2,0,0,0,4,4,179,9997,25,7,2013,5,19,15,0,4,6,SIKES MILL RD,BRIEF RD,0,35.14775556,-80.47548611,0,12,6,0,2,2,0,1,1,1,0,1,0,0000000,99,99,99,99,99,99,0,0,0,2,0
37,370624,2,2,0,0,0,5,5,63,1360,24,7,2013,4,14,18,0,16,6,N ROXBORO RD,MACWOOD DR,0,36.08895556,-78.91065556,0,12,2,0,3,3,0,1,1,1,0,1,0,0000000,99,99,99,99,99,99,0,0,0,1,0
37,370625,1,1,0,0,0,1,1,71,0,26,7,2013,6,19,41,0,3,3,SR-2400,,0,35.23275556,-81.19133056,0,34,0,0,1,1,0,4,1,1,0,1,0,0000000,19,39,19,54,88,88,0,0,0,1,1
37,370627,1,1,0,0,0,1,1,169,0,18,7,2013,5,9,52,0,3,3,SR-1136,,0,36.32677222,-80.38946667,0,42,0,0,1,1,0,4,1,1,0,1,0,0000000,9,39,9,52,88,88,0,0,0,1,0
37,370628,2,2,0,0,0,3,3,81,1940,26,7,2013,6,21,15,0,16,6,FREEMAN MILL RD,,0,36.035275,-79.82038056,0,12,8,0,1,1,0,1,3,1,0,1,0,0000000,21,20,21,33,99,99,0,0,0,1,2
37,370629,1,1,0,2,2,1,1,183,3750,15,6,2013,7,0,42,0,13,6,HILLSBOROUGH STREET,DIXIE TRAIL,99999,35.78946667,-78.67585833,0,8,0,0,2,2,0,1,3,1,0,1,0,0000000,0,44,0,49,1,9,0,0,0,1,1
37,370630,2,2,0,0,0,2,2,51,1670,23,7,2013,3,21,53,0,13,6,RAEFORD ROAD,BRIGHTON ROAD,99999,35.04315556,-78.95691667,0,12,6,0,2,2,0,1,3,1,0,1,0,0000000,21,54,21,58,88,88,0,0,0,1,0
37,370631,1,1,0,1,1,1,1,81,1940,27,7,2013,7,5,34,1,11,1,I-40,,99999,36.03663611,-79.81855278,0,8,0,0,20,1,0,1,2,1,0,1,0,0000000,5,39,5,45,88,88,0,0,0,1,0
37,370632,2,2,0,0,0,3,3,85,0,27,7,2013,7,17,0,0,4,4,CR-1121,,99999,35.22688333,-78.95299722,0,12,2,0,1,1,0,1,1,10,0,10,0,0000000,16,59,17,15,17,40,0,0,0,1,1
37,370633,1,1,0,0,0,1,1,155,0,26,7,2013,6,21,51,0,4,4,CR-1955,,99999,34.65795556,-78.9189,0,53,0,0,1,1,0,4,2,1,0,1,0,0000000,21,41,21,49,88,88,0,0,0,1,1
37,370634,3,3,0,0,0,6,6,183,800,6,7,2013,7,13,48,1,13,2,US-64,EDINBURGH DRIVE,99999,35.73855278,-78.79776111,0,12,1,0,3,2,0,1,1,2,0,2,0,0000000,13,50,13,58,14,18,0,0,0,1,0
37,370635,1,1,0,0,0,1,1,1,1900,14,7,2013,1,22,19,0,16,6,PROVIDENCE RD,,0,36.08073333,-79.41151111,0,43,0,0,1,1,0,4,2,10,0,10,0,0000000,22,19,22,25,22,40,0,0,0,1,0
37,370636,1,1,0,0,0,2,2,1,700,26,7,2013,6,23,0,0,16,6,MALONE RD,,0,36.07558056,-79.44954722,0,32,0,0,1,1,0,4,3,1,0,1,0,0000000,23,1,23,6,0,27,0,0,0,1,0
37,370637,1,1,0,0,0,1,1,37,0,29,7,2013,2,21,51,0,3,3,SR-1003,,0,35.75133889,-79.40963333,0,34,0,0,1,1,0,4,2,1,0,1,0,0000000,21,54,22,7,88,88,0,0,0,1,1
37,370638,2,2,0,0,0,2,2,51,1670,12,7,2013,6,10,30,0,16,6,COUNTRY CLUB DR,,0,35.09864722,-78.91461111,0,12,2,0,1,1,0,1,1,2,0,2,0,0000000,10,29,10,36,11,27,0,0,0,1,0
37,370639,2,2,0,0,0,2,2,51,0,29,7,2013,2,23,1,0,3,3,SR-1141,CUMBERLAND CREEK DR,0,35.00202778,-78.97311667,0,12,2,0,2,3,0,1,2,10,0,10,0,0000000,22,58,23,6,0,3,0,0,0,1,1
37,370640,2,2,0,0,0,3,3,127,3930,12,7,2013,6,21,59,1,12,2,US-64,,0,35.93785833,-77.75154722,0,12,2,1,20,1,0,1,2,10,0,10,0,0000000,22,1,22,7,22,33,0,0,0,1,1
37,370641,1,1,0,1,1,1,1,155,2770,30,7,2013,3,20,19,0,16,6,PEARL ST,,0,34.56136667,-79.06526667,0,8,0,0,1,1,0,1,3,1,0,1,0,0000000,20,20,20,24,88,88,0,0,0,1,0
37,370642,1,1,0,0,0,4,4,179,0,28,7,2013,1,20,59,0,3,3,SR-2139,,0,34.91606667,-80.56587778,0,35,0,0,1,1,0,4,2,1,0,1,0,0000000,20,58,21,5,21,23,0,0,0,1,1
37,370643,1,1,0,0,0,1,1,191,0,22,7,2013,2,14,27,0,3,4,CR-1702,,0,35.41502778,-77.86606667,0,34,0,0,1,1,0,4,1,1,0,1,0,0000000,14,22,14,31,14,49,0,0,0,1,0
37,370644,1,1,0,0,0,2,2,1,700,3,8,2013,7,4,5,0,16,6,DURHAM ST,,0,36.10615556,-79.450475,0,53,0,0,1,1,1,4,3,1,0,1,0,0000000,4,6,4,15,4,56,0,0,0,1,1
37,370645,1,1,0,0,0,1,1,57,0,3,8,2013,7,17,8,0,6,6,HOLLOWAY CHURCH RD,,0,35.69258611,-80.20767222,0,53,0,0,1,1,0,4,1,1,0,1,0,0000000,17,7,17,21,99,99,0,0,0,1,0
37,370646,1,1,0,0,0,1,1,77,0,2,8,2013,6,11,5,0,4,2,US-15,,99999,36.26246389,-78.61133611,0,42,0,0,1,1,0,4,1,1,0,1,0,0000000,11,6,11,15,12,14,0,0,0,1,0
37,370647,1,1,0,0,0,2,2,85,0,2,8,2013,6,2,55,0,4,3,SR-55,,0,35.45701944,-78.69013333,0,53,0,0,1,1,0,4,2,1,0,1,0,0000000,6,20,6,31,7,20,0,0,0,1,1
37,370648,3,3,0,0,0,4,4,101,0,3,8,2013,7,13,5,1,1,1,I-40,,3110,35.61093056,-78.56587222,0,12,1,0,1,1,0,1,1,1,0,1,0,0000000,13,8,13,13,88,88,0,0,0,1,0
37,370649,1,1,0,0,0,1,1,155,0,2,8,2013,6,17,22,0,3,6,HESTERTOWN RD,,0,34.59443056,-78.99438611,0,42,0,0,1,1,0,4,1,1,0,1,0,0000000,99,99,99,99,88,88,0,0,0,1,1
37,370650,1,1,0,0,0,1,1,159,0,2,8,2013,6,5,12,0,3,6,LONG FERRY RD,,0,35.69234167,-80.39048333,0,34,0,0,1,1,0,4,2,1,0,1,0,0000000,99,99,99,99,88,88,0,0,0,1,1
37,370651,1,1,0,0,0,1,1,159,0,2,8,2013,6,17,39,0,4,6,WEST C ST,,0,35.51091667,-80.65238333,0,34,0,0,1,1,0,4,1,1,0,1,0,0000000,99,99,99,99,88,88,0,0,0,1,0
37,370652,1,1,0,1,1,1,1,165,2560,6,7,2013,7,1,29,1,13,2,US-15,,99999,34.77004167,-79.48108333,0,8,0,0,1,1,0,1,2,1,0,1,0,0000000,1,22,1,27,88,88,0,0,0,1,0
37,370653,1,1,0,0,0,6,6,19,0,5,8,2013,2,13,43,0,6,8,RED BUD ROAD,OYSTER LANE,99999,33.95043611,-78.27035833,0,5,0,0,8,1,0,5,1,1,0,1,0,0000000,13,31,13,49,99,99,0,0,0,1,0
37,370654,1,1,0,0,0,1,1,35,0,29,7,2013,2,8,16,0,5,4,CR-1003,,99999,35.56654722,-81.14843333,0,42,0,0,1,1,0,4,1,1,0,1,0,0000000,8,16,8,27,8,48,0,0,0,1,0
37,370655,1,1,0,1,1,1,1,81,4504,4,8,2013,1,1,52,0,4,4,CR-2190,,99999,36.16314444,-79.90328611,0,8,0,0,1,1,0,1,3,1,0,1,0,0000000,1,50,2,0,88,88,0,0,0,1,0
37,370656,2,2,0,0,0,3,3,97,0,5,8,2013,2,20,45,0,3,2,US-21,,0,35.66076667,-80.84921667,0,12,2,0,1,1,0,1,5,1,0,1,0,0000000,20,43,20,47,88,88,0,0,0,1,1
37,370657,1,1,0,0,0,1,1,149,0,6,8,2013,3,12,34,0,4,3,SR-9,,0,35.27090278,-82.10816111,0,35,0,0,1,1,0,4,1,1,0,1,0,0000000,12,31,12,36,88,88,0,0,0,1,0
37,370658,1,1,0,0,0,3,3,151,0,2,8,2013,6,18,48,0,6,6,SPERO RD,,0,35.76753889,-79.84465,0,1,0,0,1,1,0,4,1,1,0,1,0,0000000,99,99,99,99,99,99,0,0,0,1,0
37,370659,1,1,0,0,0,2,2,161,0,1,8,2013,5,13,55,0,3,2,US-74 ALT,,0,35.40537778,-82.03519167,0,18,0,0,1,1,0,1,1,10,6,6,0,0000000,13,43,13,55,14,14,0,0,0,1,0
37,370660,1,1,0,1,1,1,1,183,3750,4,8,2013,1,20,56,1,11,1,I-440,,99999,35.77733056,-78.5733,0,8,0,0,1,1,0,1,2,1,0,1,0,0000000,20,58,21,6,88,88,0,0,0,1,0
37,370661,2,2,0,0,0,2,2,179,2290,30,7,2013,3,13,27,1,12,2,US-74,,0,35.061875,-80.63477778,0,12,8,0,1,1,0,1,1,10,0,10,0,0000000,13,25,13,35,14,9,0,0,0,1,0
37,370662,1,1,0,1,1,1,1,7,0,4,8,2013,1,4,20,1,2,2,US-52,,0,34.96411667,-80.05787222,0,8,0,0,1,1,0,1,2,1,0,1,0,0000000,4,12,4,20,88,88,0,0,0,1,0
37,370663,1,1,0,1,1,1,1,183,3750,3,8,2013,7,21,44,0,16,6,PETTIGREW ST,,0,35.77834167,-78.62127222,0,8,0,0,1,1,0,1,3,10,0,10,0,0000000,21,38,21,46,22,0,0,0,0,1,0
37,370664,2,2,0,0,0,5,5,183,3750,2,8,2013,6,20,21,0,16,6,E MILLBROOK RD,,0,35.84775556,-78.59416667,0,12,2,0,1,1,0,1,5,1,0,1,0,0000000,20,23,20,31,20,48,0,0,0,2,1
37,370665,2,2,0,0,0,2,2,21,0,5,8,2013,2,18,5,0,3,3,SR-2412,SR-2002,0,35.60173333,-82.44379444,0,12,2,0,2,2,0,1,1,1,0,1,0,0000000,99,99,99,99,99,99,0,0,0,1,0
37,370666,1,1,0,0,0,1,1,21,0,9,8,2013,6,7,45,1,1,1,I-40,,0,35.55855278,-82.5943,0,24,0,0,1,1,0,3,1,1,0,1,0,0000000,99,99,99,99,88,88,0,0,0,1,0
37,370667,2,2,0,0,0,2,2,37,0,6,8,2013,3,15,28,0,3,3,SR-751,,0,35.74863889,-78.95584444,0,12,2,0,1,1,0,1,1,1,0,1,0,0000000,15,28,15,36,16,6,0,0,0,1,1
37,370668,2,2,0,0,0,2,2,81,0,10,8,2013,7,20,7,0,3,3,SR-62,,0,35.924125,-79.90309444,0,53,0,0,1,1,0,4,1,1,0,1,0,0000000,20,5,20,11,20,49,0,0,0,1,1
37,370669,1,1,0,1,1,1,1,83,0,6,8,2013,3,21,0,0,3,3,SR-1409,,0,36.45561667,-77.87264444,0,9,0,0,1,1,0,1,2,10,0,10,0,0000000,20,49,20,59,21,33,0,0,0,1,0
37,370670,1,1,0,0,0,1,1,51,1670,8,8,2013,5,0,56,0,15,6,RIM ROAD,,0,35.04218333,-79.04706111,0,42,0,0,1,1,0,4,3,1,0,1,0,0000000,99,99,99,99,88,88,0,0,0,1,1
37,370671,2,2,0,0,0,7,7,63,1360,5,8,2013,2,20,53,0,13,6,S. ALSTON AVE,DAYTON ST,0,35.97380556,-78.89385556,0,12,6,0,2,3,0,1,5,1,0,1,0,0000000,20,54,20,58,21,18,0,0,0,1,0
37,370672,1,1,0,2,2,1,1,63,0,5,8,2013,2,12,26,0,14,3,SR-157,,0,36.09063889,-78.93336111,0,8,0,0,1,1,0,1,1,1,0,1,0,0000000,99,99,99,99,99,99,0,0,0,1,0
37,370673,1,1,0,0,0,3,3,153,0,10,8,2013,7,19,20,1,12,2,US-220,,0,34.97412222,-79.78315556,0,31,0,0,1,1,0,3,1,1,0,1,0,0000000,19,18,19,24,20,16,0,0,0,1,0
37,370674,1,1,0,0,0,5,5,155,0,11,8,2013,1,16,31,0,6,6,RED BANK RD,,0,34.71390278,-79.23756944,0,34,0,0,1,1,0,4,1,1,0,1,0,0000000,99,99,99,99,99,99,0,0,0,1,0
37,370675,2,2,0,0,0,5,5,191,0,2,8,2013,6,13,4,0,3,2,US-117 ALT,OUTLAW RD,0,35.28878611,-78.03762222,0,12,6,0,2,3,0,1,1,1,0,1,0,0000000,12,24,12,41,13,3,0,0,0,1,0
37,370676,2,2,0,0,0,2,2,191,1880,5,8,2013,2,16,6,1,13,2,US-117,CARVER BLVD,0,35.37019444,-78.01168333,0,12,6,0,2,4,0,1,1,1,0,1,0,0000000,16,7,16,12,16,27,0,0,0,1,0
37,370677,3,3,0,0,0,11,11,119,870,27,7,2013,7,23,54,0,16,6,EASTWAY DR,ARNOLD DR,0,35.22108333,-80.77969722,0,12,1,0,3,2,0,1,3,1,0,1,0,0000000,23,55,0,3,0,29,0,0,0,2,0
37,370678,2,2,0,0,0,5,5,1,0,15,8,2013,5,9,56,0,3,3,SR-62,SR-1545,0,36.12907222,-79.426675,0,12,6,0,2,2,0,1,1,1,0,1,0,0000000,9,47,9,54,10,33,0,0,0,1,0
37,370679,1,1,0,0,0,1,1,3,0,15,8,2013,5,13,36,0,3,3,SR-1119,,0,35.89527778,-81.22891667,0,40,0,0,1,1,0,4,1,1,0,1,0,0000000,13,35,13,36,14,5,0,0,0,1,0
37,370680,1,1,0,0,0,1,1,23,0,12,8,2013,2,6,14,1,1,1,I-40,,0,35.71909167,-81.69175,0,1,0,0,1,1,0,3,2,1,0,1,0,0000000,6,16,6,25,6,40,0,0,0,1,0
37,370681,1,1,0,0,0,5,5,25,1040,17,8,2013,7,6,39,1,11,1,I-85,,0,35.44508889,-80.61256111,0,24,0,0,1,1,0,3,4,10,2,2,0,0000000,6,37,6,43,99,99,0,0,0,1,1