STATE,ST_CASE,VE_TOTAL,VE_FORMS,PVH_INVL,PEDS,PERNOTMVIT,PERMVIT,PERSONS,COUNTY,CITY,DAY,MONTH,YEAR,DAY_WEEK,HOUR,MINUTE,NHS,ROAD_FNC,ROUTE,TWAY_ID,TWAY_ID2,MILEPT,LATITUDE,LONGITUD,SP_JUR,HARM_EV,MAN_COLL,RELJCT1,RELJCT2,TYP_INT,WRK_ZONE,REL_ROAD,LGT_COND,WEATHER1,WEATHER2,WEATHER,SCH_BUS,RAIL,NOT_HOUR,NOT_MIN,ARR_HOUR,ARR_MIN,HOSP_HR,HOSP_MN,CF1,CF2,CF3,FATALS,DRUNK_DR
37,370682,1,1,0,0,0,1,1,31,0,9,8,2013,6,0,1,1,2,2,US-70,,0,34.76075,-76.53003611,0,32,0,0,1,1,0,4,2,1,0,1,0,0000000,23,50,23,55,0,28,0,0,0,1,1
37,370683,1,1,0,0,0,1,1,37,0,13,8,2013,3,15,23,0,3,3,SR-2318,,0,35.55636667,-79.47166389,0,38,0,0,1,1,0,4,1,1,0,1,0,0000000,15,28,15,42,16,31,0,0,0,1,0
37,370684,1,1,0,0,0,1,1,39,0,2,8,2013,6,12,42,1,2,2,US-19,SR-1398,0,35.20084167,-83.807725,0,1,0,0,3,2,0,1,1,1,0,1,0,0000000,12,40,12,49,13,51,0,0,0,1,0
37,370685,3,3,0,0,0,10,10,47,0,10,8,2013,7,15,8,0,4,3,SR-87,SR-11,0,34.37633056,-78.27726389,0,12,6,0,2,2,0,1,1,1,0,1,0,0000000,99,99,99,99,99,99,0,0,0,2,0
37,370686,2,2,0,0,0,2,2,51,0,12,8,2013,2,9,51,0,14,6,PARKTON RD,MCDONALD,0,34.93558056,-78.96326944,0,12,1,0,2,3,0,1,1,1,0,1,0,0000000,99,99,99,99,99,99,0,0,0,1,0
37,370687,1,1,0,0,0,3,3,81,1940,11,8,2013,1,12,0,1,12,2,US-29,,99999,36.05120833,-79.76782222,0,42,0,0,1,1,0,4,1,1,0,1,0,0000000,12,2,12,10,12,25,0,0,0,1,0
37,370688,2,2,0,0,0,2,2,107,2450,12,8,2013,2,21,44,0,13,2,US-70,SR-58,0,35.26869444,-77.580925,0,12,6,0,2,2,0,1,3,1,0,1,0,0000000,22,14,22,29,23,7,0,0,0,1,0
37,370689,1,1,0,0,0,1,1,159,0,8,8,2013,5,23,36,0,4,6,OLD CONCORD RD,,0,35.57669444,-80.50093056,0,34,0,0,1,1,0,4,2,1,0,1,0,0000000,23,34,23,41,88,88,0,0,0,1,0
37,370690,2,2,0,0,0,5,5,163,0,17,8,2013,7,17,2,0,3,2,US-421,,99999,34.83346944,-78.24989444,0,12,6,0,1,1,0,1,1,2,0,2,0,0000000,17,1,17,16,17,57,0,0,0,2,0
37,370691,2,2,0,0,0,3,3,181,0,14,8,2013,4,18,49,0,6,6,VICKBORO RD,,0,36.31689444,-78.37130833,0,12,2,0,1,1,0,1,1,1,0,1,0,0000000,99,99,99,99,99,99,0,0,0,1,0
37,370692,2,2,0,0,0,2,2,183,3750,13,8,2013,3,14,46,0,15,6,ROCK QUARRY RD,S. NEW HOPE RD,0,35.73941389,-78.56869167,0,12,6,0,2,2,0,1,1,10,0,10,0,0000000,14,47,14,55,15,12,0,0,0,1,0
37,370693,1,1,0,0,0,1,1,195,0,16,8,2013,6,6,31,0,5,6,LONDON CHURCH RD,,0,35.82528889,-77.91858056,0,1,0,0,1,1,0,4,2,1,0,1,0,0000000,6,26,6,34,88,88,0,0,0,1,1
37,370694,1,1,0,0,0,3,3,21,170,11,8,2013,1,11,11,1,11,1,I-26,,99999,35.55154167,-82.60975556,0,35,0,0,1,1,0,3,1,1,0,1,0,0000000,11,15,11,23,11,46,0,0,0,2,0
37,370695,2,2,0,0,0,2,2,47,0,12,8,2013,2,20,48,0,5,4,CR-1414,CR-1300,99999,34.32218056,-78.85983333,0,12,6,0,2,3,0,1,2,1,0,1,0,0000000,99,99,99,99,99,99,0,0,0,1,0
37,370696,2,2,0,0,0,4,4,67,5120,16,8,2013,6,18,22,0,6,6,BERRYHILL LANE,,99999,36.112475,-80.37337778,0,12,6,0,8,1,0,1,1,1,0,1,0,0000000,18,22,18,29,18,50,0,0,0,1,0
37,370697,2,2,0,0,0,2,2,119,870,8,8,2013,5,21,11,0,3,6,MONROE ROAD,DUNN AVE,99999,35.20430833,-80.80736389,0,12,6,0,2,3,0,1,3,1,0,1,0,0000000,21,11,21,19,21,49,0,0,0,1,0
37,370698,1,1,0,0,0,1,1,159,0,19,8,2013,2,18,56,0,4,4,CR-1002,,99999,35.57079444,-80.502925,0,32,0,0,1,1,0,4,1,1,0,1,0,0000000,18,55,19,2,19,22,0,0,0,1,0
37,370699,2,2,0,1,1,3,3,71,1800,14,8,2013,4,5,6,0,16,6,GASTONIA DALLAS HWY,,0,35.29806944,-81.18776667,0,8,0,0,1,1,0,1,2,1,0,1,0,0000000,5,9,5,19,88,88,0,0,0,1,0
37,370700,1,1,0,0,0,1,1,147,0,18,8,2013,1,14,44,0,3,3,SR-1900,,0,35.43412222,-77.40800278,0,1,0,0,1,1,0,4,1,1,0,1,0,0000000,14,42,14,50,88,88,0,0,0,1,1
37,370701,1,1,0,0,0,1,1,165,0,18,8,2013,1,23,55,0,3,3,SR-1412,,0,34.95831389,-79.39034722,0,34,0,0,1,1,0,4,2,10,0,10,0,0000000,23,51,0,24,88,88,0,0,0,1,1
37,370702,2,2,0,0,0,2,2,167,0,21,8,2013,4,14,58,0,3,3,SR-1134,,0,35.46645278,-80.26086944,0,12,2,0,1,1,0,4,1,10,0,10,0,0000000,14,48,15,1,15,40,0,0,0,1,0
37,370703,2,2,0,0,0,4,4,195,5070,9,8,2013,6,17,9,0,16,6,HINES ST,MANCHESTER ST,0,35.71632778,-77.90551111,0,12,6,0,2,2,0,1,1,1,0,1,0,0000000,17,13,17,17,99,99,0,0,0,1,1
37,370704,1,1,0,1,1,1,1,21,0,19,8,2013,2,6,20,0,3,3,SR-3116,,0,35.49688611,-82.51348889,0,8,0,0,1,1,0,1,2,2,10,2,0,0000000,6,16,6,24,88,88,0,0,0,1,0
37,370705,1,1,0,0,0,1,1,161,0,24,8,2013,7,7,39,0,3,3,SR-1322,,0,99.99990000,999.99990000,0,43,0,0,1,1,0,4,1,1,0,1,0,0000000,7,37,8,5,8,27,0,0,0,1,0
37,370706,2,2,0,0,0,2,2,165,0,24,8,2013,7,14,26,0,3,3,SR-1332,,0,99.99990000,999.99990000,0,12,2,0,1,1,0,1,1,1,0,1,0,0000000,99,99,99,99,99,99,0,0,0,1,0
37,370707,3,3,0,0,0,4,4,167,0,22,8,2013,5,14,52,0,3,3,SR-49,SR-1451,0,35.46658056,-80.29332222,0,12,1,0,2,3,0,1,1,1,0,1,0,0000000,14,45,14,54,15,36,0,0,0,1,0
37,370708,1,1,0,1,1,1,1,63,1360,10,7,2013,4,15,53,0,14,6,HILLANDALE DR.,,0,36.02535556,-78.93598056,0,9,0,0,1,1,0,1,1,1,0,1,0,0000000,99,99,99,99,88,88,0,0,0,1,0
37,370709,1,1,0,1,1,1,1,133,0,23,8,2013,6,22,7,1,2,2,US-258,,0,34.776425,-77.49319167,0,8,0,0,1,1,0,1,2,10,0,10,0,0000000,22,2,22,6,88,88,0,0,0,1,0
37,370710,1,1,0,0,0,1,1,27,1920,6,8,2013,3,18,28,0,14,6,DUKE ST,,0,35.79655833,-81.43058056,0,30,0,0,1,1,0,4,1,1,0,1,0,0000000,18,23,18,25,18,59,0,0,0,1,1
37,370711,2,2,0,0,0,3,3,35,0,16,8,2013,6,20,46,0,3,6,SPRINGS RD,,0,35.78304167,-81.23048611,0,12,2,0,8,1,0,1,2,1,0,1,0,0000000,20,45,20,52,99,99,0,0,0,1,0
37,370712,1,1,0,1,1,1,1,37,0,27,8,2013,3,20,35,0,6,6,GOLDSTON CARBONTON RD,,0,35.54730556,-79.33475,0,8,0,0,1,1,0,1,2,1,0,1,0,0000000,20,40,20,46,88,88,0,0,0,1,0
37,370713,2,2,0,0,0,2,2,51,1670,17,8,2013,7,13,25,0,13,6,RAMSEY ST,,0,35.16015833,-78.86791389,0,12,6,0,1,1,0,1,1,2,0,2,0,0000000,99,99,99,99,99,99,0,0,0,1,0
37,370714,1,1,0,0,0,1,1,83,0,18,8,2013,1,6,39,0,6,6,MILLIS RD,,0,36.26462778,-77.95440556,0,34,0,0,1,1,0,4,4,5,0,5,0,0000000,6,30,6,38,88,88,0,0,0,1,1
37,370715,3,3,0,0,0,5,5,97,0,22,8,2013,5,12,16,0,4,3,SR-115,ZEB RD,0,36.05354722,-80.96440556,0,12,1,0,2,3,0,1,1,1,0,1,0,0000000,99,99,99,99,99,99,14,0,0,1,0
37,370716,2,2,0,0,0,2,2,97,0,21,8,2013,4,11,55,0,6,6,INDEPENDENCE LOOP,,0,35.83901389,-80.78628056,0,12,2,0,1,1,0,1,1,1,0,1,0,0000000,99,99,99,99,99,99,0,0,0,1,0
37,370717,1,1,0,1,1,1,1,113,0,19,8,2013,2,22,57,1,2,2,US-23,,0,35.25951667,-83.31614722,0,8,0,0,1,1,0,1,2,1,0,1,0,0000000,99,99,99,99,99,99,0,0,0,1,0
37,370718,1,1,0,1,1,1,1,119,870,23,8,2013,6,3,15,0,16,6,E INDEPENDENCE BLVD,,0,35.15568611,-80.731725,0,8,0,0,1,1,0,1,9,1,0,1,0,0000000,3,15,3,20,88,88,0,0,0,1,1
37,370719,1,1,0,2,2,1,1,141,0,27,8,2013,3,13,44,1,2,2,US-17,,0,34.49105,-77.56135833,0,8,0,0,1,1,3,1,1,1,0,1,0,0000000,13,45,13,48,99,99,0,0,0,1,0
37,370720,2,2,0,0,0,3,3,151,0,24,8,2013,7,9,58,1,2,2,US-64,SR-2631,0,35.74218889,-79.55889167,0,12,6,0,2,2,0,1,1,1,0,1,0,0000000,9,53,10,6,99,99,0,0,0,1,0
37,370721,1,1,0,0,0,1,1,159,0,24,8,2013,7,9,7,0,3,3,SR-1006,,0,35.654775,-80.45755556,0,16,0,0,1,1,0,1,1,1,0,1,0,0000000,99,99,99,99,88,88,0,0,0,1,0
37,370722,1,1,0,0,0,1,1,163,0,25,8,2013,1,10,25,0,3,3,SR-1751,,0,35.00243056,-78.30793889,0,34,0,0,1,1,0,4,1,1,0,1,0,0000000,10,23,10,29,10,55,0,0,0,1,0
37,370723,1,1,0,0,0,1,1,1,0,29,8,2013,5,6,0,0,6,3,SR-87,,0,35.939825,-79.33974167,0,34,0,0,1,1,0,4,4,1,0,1,0,0000000,7,2,7,14,88,88,0,0,0,1,0
37,370724,2,2,0,0,0,3,3,13,0,27,8,2013,3,22,56,0,6,6,VOA RD,,0,35.62240833,-77.12691389,0,12,2,0,1,1,0,1,2,1,0,1,0,0000000,20,38,20,45,21,30,0,0,0,1,1
37,370725,1,1,0,0,0,1,1,17,0,25,8,2013,1,3,0,0,6,6,CLYDE HATCHER,,0,34.51089722,-78.47542222,0,42,0,0,1,1,0,4,2,1,0,1,0,0000000,2,56,3,18,88,88,0,0,0,1,1
37,370726,1,1,0,0,0,1,1,17,0,30,8,2013,6,7,26,0,6,6,EXECUTIVE DR,,0,34.60035,-78.58405556,0,34,0,0,1,1,0,4,4,1,0,1,0,0000000,7,13,7,17,88,88,0,0,0,1,1
37,370727,3,3,0,0,0,8,8,47,0,25,8,2013,1,21,46,0,4,3,SR-904,SANDY PLAINS CHURCH,0,34.09120278,-78.77440556,0,12,6,0,2,2,0,1,2,1,0,1,0,0000000,99,99,99,99,99,99,0,0,0,1,1
37,370728,2,2,0,0,0,2,2,57,0,23,8,2013,6,7,43,0,6,6,BEN LEE RD,,0,35.81667222,-80.08524722,0,1,0,0,1,1,0,2,1,1,0,1,0,0000000,99,99,99,99,99,99,0,0,0,1,0
37,370729,1,1,0,1,1,1,1,67,5120,13,8,2013,3,10,43,0,15,6,W. MOUNTAIN ST,,0,36.11254444,-80.16438611,0,8,0,0,1,1,0,1,9,99,0,99,0,0000000,10,31,10,48,11,8,0,0,0,1,1
37,370730,1,1,0,0,0,1,1,77,0,18,8,2013,1,7,9,0,5,6,MAYS STORE RD,,0,36.07641667,-78.54658056,0,42,0,0,1,1,0,4,4,1,0,1,0,0000000,7,14,7,23,8,30,0,0,0,1,0
37,370731,1,1,0,0,0,1,1,119,870,29,8,2013,5,22,41,0,6,6,EAST 7TH STREET,,0,35.22163056,-80.83434167,0,33,0,0,1,1,0,4,3,1,0,1,0,0000000,22,41,22,43,88,88,0,0,0,1,1
37,370732,2,2,0,0,0,2,2,17,0,29,8,2013,5,15,58,0,6,6,HORESHOE RD,,0,34.57578056,-78.68833333,0,34,0,0,8,1,0,5,1,1,0,1,0,0000000,16,1,16,17,16,41,0,0,0,1,0
37,370733,3,3,0,0,0,3,3,21,170,28,8,2013,4,3,24,1,11,1,I-26 E,,99999,35.55454444,-82.61314444,0,12,6,0,1,1,0,1,3,1,0,1,0,0000000,5,8,5,22,88,88,0,0,0,2,0
37,370734,1,1,0,1,1,1,1,51,0,31,8,2013,7,1,5,0,6,6,LUKE UPCHURCH RD,,0,99.99990000,999.99990000,0,8,0,0,1,1,0,1,2,1,0,1,0,0000000,1,1,1,9,88,88,0,0,0,1,0
37,370735,1,1,0,0,0,2,2,57,0,29,8,2013,5,1,6,0,6,6,N. CLODFELTER RD,,0,35.97159444,-80.12083333,0,42,0,0,1,1,0,4,2,1,0,1,0,0000000,1,4,1,13,88,88,0,0,0,1,0
37,370736,2,2,0,0,0,2,2,63,1360,21,8,2013,4,18,8,0,14,6,UNIVERSITY DR,CHAPEL HILL BLVD,0,35.96824167,-78.93997222,0,12,6,0,2,2,0,1,1,2,0,2,0,0000000,13,53,13,58,14,19,0,0,0,1,0
37,370737,1,1,0,0,0,1,1,65,0,30,8,2013,6,20,55,1,2,2,US-64 ALT,,99999,35.93186667,-77.68508889,0,34,0,0,1,1,0,4,2,1,0,1,0,0000000,20,49,20,59,88,88,0,0,0,1,1
37,370738,2,2,0,0,0,2,2,71,0,30,8,2013,6,14,2,0,3,6,LOWELL SPENCER MOUNTAIN RD,,0,35.30749444,-81.10691389,0,12,2,0,1,1,0,1,1,1,0,1,0,0000000,13,32,13,44,88,88,0,0,0,1,0
37,370739,2,2,0,0,0,2,2,89,1674,19,8,2013,2,7,21,0,16,6,LA WHITE DR,CAN CREEK IND PARK DR,0,35.43581111,-82.47958889,0,12,6,0,2,3,0,1,1,10,2,2,0,0000000,7,23,7,38,88,88,0,0,0,1,0
37,370740,1,1,0,1,1,2,2,119,870,23,8,2013,6,21,30,0,16,6,OLD PINEVILLE RD,,0,35.15239167,-80.87796944,0,9,0,0,1,1,0,1,3,1,0,1,0,0000000,21,30,21,34,21,53,0,0,0,1,0
37,370741,1,1,0,0,0,2,2,155,2770,14,8,2013,4,11,18,0,16,6,LINKHAW RD,,0,34.64412222,-78.99555278,0,33,0,0,1,1,0,4,1,10,0,10,0,0000000,11,20,11,23,11,58,0,0,0,2,0
37,370742,2,1,1,0,0,1,1,155,0,31,8,2013,7,16,7,0,5,6,S. CHICKEN RD,,0,34.57965556,-79.15570278,0,34,0,0,1,1,0,4,1,1,0,1,0,0000000,16,7,16,15,17,49,14,0,0,1,1
37,370743,2,2,0,0,0,4,4,183,3750,31,8,2013,7,0,16,0,14,6,WAKE FOREST RD,CREEKSIDE DR,0,35.81701389,-78.62531944,0,12,2,0,2,2,0,1,3,1,0,1,0,0000000,99,99,99,99,99,99,0,0,0,1,1
37,370744,2,2,0,0,0,3,3,183,1770,28,6,2013,6,20,16,0,14,2,US-70,,99999,35.69117222,-78.56137222,0,12,6,0,1,1,0,1,1,10,2,2,0,0000000,19,35,19,40,20,9,0,0,0,1,0
37,370745,1,1,0,0,0,1,1,159,0,16,7,2013,3,23,26,0,6,6,SHUPING MILL RD,,0,35.52618333,-80.48148333,0,32,0,0,1,1,0,4,2,1,0,1,0,0000000,23,26,23,44,0,22,0,0,0,1,0
37,370746,1,1,0,1,1,3,3,183,4940,1,7,2013,2,14,45,0,16,6,E. BOXLEY DR.,,0,35.769725,-78.36829722,0,8,0,0,1,1,0,1,1,10,0,10,0,0000000,14,47,14,50,15,15,0,0,0,1,0
37,370747,1,1,0,0,0,2,2,13,0,30,8,2013,6,23,22,0,6,6,E. BEAR GRASS RD,,0,35.69120556,-77.07681389,0,32,0,0,1,1,0,4,2,1,0,1,0,0000000,23,21,23,34,0,35,0,0,0,1,1
37,370748,1,1,0,0,0,1,1,51,1670,18,8,2013,1,3,16,0,14,6,MORGANTON RD,,0,35.07840833,-78.98598333,0,30,0,0,1,1,0,4,3,10,0,10,0,0000000,99,99,99,99,88,88,0,0,0,1,0
37,370749,1,1,0,1,1,1,1,51,1670,19,8,2013,2,19,53,0,13,6,RAEFORD RD,,0,35.044275,-78.97485,0,8,0,0,1,1,0,1,3,10,0,10,0,0000000,19,52,19,59,20,10,0,0,0,1,0
37,370750,2,2,0,0,0,2,2,63,1360,23,8,2013,6,22,12,0,15,6,T W ALEXANDER DR,,0,35.91987222,-78.82911667,0,12,7,0,1,1,0,1,2,1,0,1,0,0000000,22,17,22,19,22,35,0,0,0,1,1
37,370751,3,3,0,0,0,8,8,83,0,23,8,2013,6,16,10,1,1,1,I-95,,99999,36.31011111,-77.7074,0,12,1,0,1,1,0,1,1,10,0,10,0,0000000,16,25,16,45,17,18,0,0,0,1,0
37,370752,1,1,0,0,0,1,1,97,0,25,8,2013,1,2,31,0,6,6,SHILOH RD,,0,35.74692778,-80.82947222,0,53,0,0,1,1,0,4,2,1,0,1,0,0000000,99,99,99,99,88,88,0,0,0,1,1
37,370753,1,1,0,0,0,2,2,99,0,27,8,2013,3,22,12,0,6,9,OLD SOCO RD,,99999,99.99990000,999.99990000,3,42,0,0,1,1,0,4,2,1,0,1,0,0000000,99,99,99,99,99,99,0,0,0,1,0
37,370754,2,2,0,0,0,3,3,119,870,30,8,2013,6,19,29,0,16,6,MOORES CHAPEL ROAD,KENDALL DR,0,35.27400278,-80.9597,0,12,6,0,2,3,0,1,5,1,0,1,0,0000000,19,28,19,36,20,4,0,0,0,1,0
37,370755,1,1,0,0,0,1,1,5,0,8,9,2013,1,8,0,0,6,4,CR-1333,,0,36.51004722,-81.23757778,0,1,0,0,1,1,0,4,4,1,0,1,0,0000000,8,4,8,12,88,88,0,0,0,1,1
37,370756,2,2,0,0,0,2,2,19,0,4,9,2013,4,10,32,1,2,2,US-17,MILL CREEK RD SE,0,34.09051389,-78.13023889,0,12,6,0,2,3,0,1,1,1,0,1,0,0000000,10,29,10,39,88,88,0,0,0,1,0
37,370757,1,1,0,0,0,1,1,65,0,4,9,2013,4,3,38,0,15,3,SR-111,EAST TARBORO,99999,35.86933611,-77.59300833,0,53,0,0,1,1,0,4,2,1,0,1,0,0000000,3,42,3,48,88,88,0,0,0,1,1
37,370758,4,4,0,0,0,4,4,67,5120,5,9,2013,5,19,26,9,99,2,US-421,,99999,36.113425,-80.14215,0,12,1,0,1,1,0,1,1,1,0,1,0,0000000,19,27,19,43,99,99,14,0,0,1,0
37,370759,1,1,0,0,0,1,1,75,0,7,9,2013,7,17,58,0,4,3,SR-143,,99999,35.32734722,-83.86911111,0,42,0,0,1,1,0,4,1,1,0,1,0,0000000,17,44,17,45,88,88,0,0,0,1,0
37,370760,1,1,0,0,0,1,1,81,4464,3,9,2013,3,15,34,0,3,3,SR-68,CR-2036,99999,36.22896944,-79.98744444,0,1,0,0,3,3,0,4,1,1,0,1,0,0000000,15,32,15,45,16,39,0,0,0,1,0
37,370761,1,1,0,1,1,2,2,81,0,6,9,2013,6,23,15,1,2,2,US-220,,99999,35.99821389,-79.828475,0,8,0,0,1,1,0,1,2,1,0,1,0,0000000,22,17,22,24,88,88,0,0,0,1,0
37,370762,1,1,0,0,0,1,1,93,0,9,9,2013,2,22,16,0,3,3,SR-211,,99999,35.04779722,-79.33963889,0,42,0,0,1,1,0,4,2,1,0,1,0,0000000,99,99,99,99,99,99,0,0,0,1,0
37,370763,2,2,0,0,0,2,2,105,0,5,9,2013,5,16,56,0,5,4,CR-1007,,99999,35.44884722,-79.31504167,0,53,0,0,1,1,0,4,1,1,0,1,0,0000000,16,53,17,6,88,88,0,0,0,1,0
37,370764,1,1,0,1,1,1,1,111,0,3,9,2013,3,12,6,0,6,4,CR-1302,,99999,35.69869167,-82.03855,0,8,0,0,1,1,1,1,1,1,0,1,0,0000000,11,56,11,57,99,99,0,0,0,1,0
37,370765,2,2,0,0,0,3,3,111,0,3,9,2013,3,15,26,1,2,2,US-221,,99999,35.83974167,-81.99636111,0,54,11,0,1,1,0,1,1,1,0,1,0,0000000,15,22,15,37,99,99,14,0,0,1,0
37,370766,2,2,0,0,0,2,2,119,870,4,9,2013,4,12,13,0,3,6,STATESVILLE ROAD,NORTHDOWNS LANE,99999,35.43106944,-80.86385,0,12,6,0,2,3,0,1,1,1,0,1,0,0000000,12,12,12,18,12,56,0,0,0,1,0
37,370767,2,2,0,0,0,2,2,121,0,4,9,2013,4,12,20,0,4,3,SR-226,,99999,36.01686944,-82.20468889,0,12,2,0,1,1,0,1,1,1,0,1,0,0000000,99,99,99,99,99,99,0,0,0,1,0
37,370768,1,1,0,0,0,1,1,125,0,1,9,2013,1,9,47,0,6,6,CR-2311,,99999,35.44096111,-79.72619167,0,38,0,0,1,1,0,4,1,1,0,1,0,0000000,9,44,9,50,88,88,0,0,0,1,0
37,370769,2,2,0,0,0,2,2,135,0,4,9,2013,4,8,7,0,5,4,CR-1364,,0,36.16679722,-79.25573333,0,12,2,0,1,1,0,1,1,1,0,1,0,0000000,8,17,8,35,9,19,0,0,0,1,0
37,370770,2,2,0,0,0,2,2,137,1933,3,9,2013,3,16,20,0,4,3,SR-306,,0,35.14685556,-76.84402222,0,12,6,0,1,1,0,1,1,10,2,2,0,0000000,16,21,16,30,18,37,0,0,0,1,0
37,370771,1,1,0,1,1,2,2,147,0,7,9,2013,7,5,50,0,6,4,CR-1756,,0,35.55204444,-77.26016111,0,8,0,0,1,1,0,1,2,5,0,5,0,0000000,99,99,99,99,99,99,0,0,0,1,0
37,370772,2,2,0,0,0,2,2,151,0,5,9,2013,5,14,51,0,4,4,CR-1004,,0,35.80869722,-79.92326111,0,12,2,0,1,1,0,1,1,1,0,1,0,0000000,14,42,15,5,99,99,0,0,0,1,0
37,370773,1,1,0,0,0,1,1,163,0,4,9,2013,4,23,30,0,6,4,CR-1924,,0,34.97380556,-78.23460556,0,34,0,0,1,1,0,4,2,1,0,1,0,0000000,23,20,23,30,23,58,0,0,0,1,0
37,370774,2,2,0,0,0,6,6,25,0,31,8,2013,7,1,10,0,4,3,SR-3,,0,99.99990000,999.99990000,0,12,6,0,1,1,0,1,2,1,0,1,0,0000000,1,7,1,23,2,1,0,0,0,1,0
37,370775,3,3,0,0,0,3,3,81,1940,22,8,2013,5,22,35,0,16,6,BERNAU AVE,HIGHPOINT RD,0,36.03390833,-79.86623889,0,12,1,0,2,3,0,1,3,1,0,1,0,0000000,22,36,22,40,23,7,14,0,0,1,0
37,370776,1,1,0,1,1,1,1,129,5060,22,8,2013,5,11,51,0,15,6,GREENFIELD ST,,0,34.21677222,-77.94196389,0,9,0,0,1,1,1,1,1,1,0,1,0,0000000,11,47,11,54,12,7,0,0,0,1,0
37,370777,1,1,0,1,1,1,1,183,3750,10,8,2013,7,4,30,1,11,1,I-40,,99999,35.75465,-78.64015,0,8,0,0,5,1,0,1,2,1,0,1,0,0000000,99,99,99,99,99,99,0,0,0,1,0
37,370778,1,1,0,0,0,2,2,27,0,15,9,2013,1,4,31,0,6,6,SUNSET ST,,0,35.80071944,-81.44858611,0,30,0,0,1,1,0,4,2,1,0,1,0,0000000,4,29,4,34,88,88,0,0,0,1,1
37,370779,1,1,0,0,0,2,2,47,0,9,9,2013,2,2,6,0,4,3,SR-242,,0,34.35673056,-78.92081667,0,34,0,0,1,1,0,4,2,1,0,1,0,0000000,2,4,2,19,3,49,0,0,0,1,1
37,370780,2,2,0,0,0,4,4,63,1360,3,9,2013,3,0,31,0,15,6,HORTON RD,STADIUM DR,0,36.05575556,-78.91908333,0,12,6,0,2,2,0,1,2,1,0,1,0,0000000,23,53,23,59,99,99,0,0,0,1,0
37,370781,3,3,0,0,0,5,5,65,3930,12,9,2013,5,12,26,0,14,3,SR-97,,0,35.97929167,-77.754125,0,12,8,0,1,1,0,1,1,1,0,1,0,0000000,12,28,12,38,99,99,0,0,0,1,0
37,370782,1,1,0,0,0,2,2,65,0,14,9,2013,7,9,3,0,3,2,US-64 ALT,,99999,35.93164167,-77.63864444,0,34,0,0,1,1,0,4,1,1,0,1,0,0000000,8,53,8,59,9,35,0,0,0,1,0
37,370783,1,1,0,0,0,1,1,67,5120,9,9,2013,2,20,40,1,11,1,I-40,,1870,99.99990000,999.99990000,0,24,0,0,1,1,0,3,2,1,0,1,0,0000000,20,40,20,49,88,88,0,0,0,1,1
37,370784,1,1,0,0,0,1,1,109,0,14,9,2013,7,21,40,0,3,3,SR-1303,,0,35.42656944,-81.21800278,0,32,0,0,1,1,0,4,2,1,0,1,0,0000000,21,40,21,46,88,88,0,0,0,1,1
37,370785,2,2,0,0,0,5,5,117,0,11,9,2013,4,17,15,0,3,3,SR-11,SR-903,0,99.99990000,999.99990000,0,12,6,0,2,2,0,1,1,1,0,1,0,0000000,99,99,99,99,99,99,0,0,0,1,0
37,370786,2,2,0,0,0,2,2,111,0,12,9,2013,5,21,49,1,2,2,US-221,,0,35.64546667,-81.98564722,0,12,6,0,1,1,0,1,2,1,0,1,0,0000000,99,99,99,99,99,99,0,0,0,1,0
37,370787,1,1,0,1,1,1,1,119,870,3,9,2013,3,17,39,0,16,6,W TRADE ST,,0,35.25470833,-80.87246111,0,8,0,0,1,1,0,1,1,1,0,1,0,0000000,17,39,17,45,88,88,0,0,0,1,0
37,370788,2,2,0,0,0,2,2,119,870,5,9,2013,5,18,41,0,16,6,N SHARON AMITY RD,CASTLETON RD,0,35.17905,-80.77873333,0,12,6,0,2,3,0,1,1,1,0,1,0,0000000,18,41,18,46,88,88,0,0,0,1,0
37,370789,3,3,0,0,0,3,3,137,0,15,9,2013,1,12,51,0,3,3,SR-1324,,0,35.13364444,-76.68191667,0,12,2,0,1,1,0,1,1,1,0,1,0,0000000,99,99,99,99,99,99,0,0,0,1,0
37,370790,1,1,0,0,0,1,1,141,0,14,9,2013,7,21,14,0,3,3,SR-210,,0,34.37138056,-77.70605556,0,34,0,0,1,1,0,4,2,10,0,10,0,0000000,21,3,21,17,88,88,0,0,0,1,1
37,370791,1,1,0,0,0,1,1,155,0,14,9,2013,7,12,20,0,3,3,SR-1003,,0,34.65869722,-79.165625,0,34,0,0,1,1,0,4,1,1,0,1,0,0000000,99,99,99,99,99,99,0,0,0,1,0
37,370792,3,3,0,0,0,3,3,163,0,11,9,2013,4,5,19,0,3,3,SR-411,SR-1214,0,34.88304167,-78.44765833,0,12,6,0,2,2,0,1,2,1,0,1,0,0000000,5,17,5,25,99,99,0,0,0,1,0
37,370793,2,2,0,0,0,4,4,169,0,13,9,2013,6,23,57,0,3,3,SR-89,,0,36.44384167,-80.27340278,0,12,2,0,1,1,0,1,2,1,0,1,0,0000000,23,54,0,3,0,50,0,0,0,2,1
37,370794,1,1,0,1,1,1,1,173,0,6,9,2013,6,17,2,0,3,3,SR-28,,0,35.37229444,-83.50453889,0,9,0,0,1,1,0,1,1,1,0,1,0,0000000,99,99,99,99,99,99,0,0,0,1,0
37,370795,2,2,0,0,0,2,2,109,0,27,8,2013,3,10,7,0,3,3,SR-150,CR-1371,99999,35.54960278,-81.08158889,0,12,6,0,2,2,0,1,1,1,0,1,0,0000000,10,5,10,10,88,88,0,0,0,1,0