STATE,ST_CASE,VE_TOTAL,VE_FORMS,PVH_INVL,PEDS,PERNOTMVIT,PERMVIT,PERSONS,COUNTY,CITY,DAY,MONTH,YEAR,DAY_WEEK,HOUR,MINUTE,NHS,ROAD_FNC,ROUTE,TWAY_ID,TWAY_ID2,MILEPT,LATITUDE,LONGITUD,SP_JUR,HARM_EV,MAN_COLL,RELJCT1,RELJCT2,TYP_INT,WRK_ZONE,REL_ROAD,LGT_COND,WEATHER1,WEATHER2,WEATHER,SCH_BUS,RAIL,NOT_HOUR,NOT_MIN,ARR_HOUR,ARR_MIN,HOSP_HR,HOSP_MN,CF1,CF2,CF3,FATALS,DRUNK_DR
37,370796,2,2,0,0,0,2,2,9,0,9,9,2013,2,15,24,1,2,2,US-221,CR-1579,99999,36.43894167,-81.40564722,0,12,6,0,2,3,0,1,1,1,0,1,0,0000000,15,23,15,27,15,47,0,0,0,1,0
37,370797,2,2,0,0,0,2,2,21,170,7,9,2013,7,20,37,1,13,2,US-25,ROCK HILL ROAD,99999,35.533775,-82.52786389,0,12,2,0,2,3,0,1,3,1,0,1,0,0000000,99,99,99,99,99,99,0,0,0,1,2
37,370798,1,1,0,0,0,1,1,21,170,14,9,2013,7,16,5,0,16,6,HAZEL MILL ROAD,,99999,35.59383333,-82.60003889,0,43,0,0,1,1,0,4,1,1,0,1,0,0000000,16,6,16,8,88,88,0,0,0,1,0
37,370799,2,2,0,0,0,2,2,27,0,18,9,2013,4,0,51,0,3,4,CR-1001,,99999,35.82956389,-81.53551667,0,12,1,0,1,1,0,1,2,1,0,1,0,0000000,0,51,0,59,1,13,0,0,0,1,0
37,370800,2,2,0,0,0,3,3,45,4180,7,9,2013,7,22,18,1,13,2,US-74,HAMRICK STREET,99999,35.28088889,-81.54981944,0,12,6,0,2,2,0,1,3,1,0,1,0,0000000,0,33,0,38,99,99,0,0,0,1,2
37,370801,1,1,0,1,1,1,1,49,0,7,9,2013,7,9,39,0,4,3,SR-43,,99999,35.19337778,-77.13198611,0,9,0,0,1,1,0,1,1,1,0,1,0,0000000,99,99,99,99,99,99,0,0,0,1,0
37,370802,1,1,0,1,1,1,1,49,0,21,9,2013,7,5,0,1,2,2,US-70,,0,35.093825,-77.03836389,0,8,0,0,1,1,0,1,2,1,0,1,0,0000000,99,99,99,99,99,99,0,0,0,1,0
37,370803,1,1,0,0,0,2,2,67,4797,9,9,2013,2,23,41,1,2,2,US-311,,0,36.20709722,-80.16947222,0,30,0,0,1,1,0,4,2,1,0,1,0,0000000,23,37,23,48,88,88,0,0,0,1,1
37,370804,1,1,0,1,1,1,1,71,1800,12,9,2013,5,5,51,0,16,6,BESSEMER CITY RD,,0,35.27333056,-81.22473611,0,8,0,0,1,1,0,1,3,1,0,1,0,0000000,5,52,6,0,6,22,0,0,0,1,0
37,370805,1,1,0,1,1,1,1,71,1800,18,9,2013,4,15,27,1,11,1,I-85,,0,35.25486667,-81.26665278,0,8,0,0,1,1,0,1,1,1,0,1,0,0000000,15,28,15,39,16,2,0,0,0,1,0
37,370806,2,2,0,0,0,3,3,97,0,15,9,2013,1,17,22,0,3,3,SR-2166,SR-2167,0,35.84208056,-80.777475,0,12,6,0,2,2,0,1,1,1,0,1,0,0000000,17,20,17,30,99,99,0,0,0,1,0
37,370807,2,2,0,0,0,2,2,101,0,4,9,2013,4,12,5,1,2,2,US-70,,0,35.81513889,-78.65309444,0,12,6,0,4,1,0,1,1,1,0,1,0,0000000,12,1,12,8,12,55,0,0,0,1,0
37,370808,1,1,0,0,0,1,1,145,0,17,9,2013,3,20,25,1,2,2,US-158,,0,36.39338889,-78.99459444,0,53,0,0,1,1,0,4,2,1,0,1,0,0000000,20,13,20,24,88,88,0,0,0,1,1
37,370809,1,1,0,1,1,1,1,127,0,19,9,2013,5,23,9,0,3,3,SR-1101,,0,35.77365556,-78.19115556,0,8,0,0,1,1,0,1,2,1,0,1,0,0000000,22,58,23,13,99,99,0,0,0,1,0
37,370810,2,2,0,0,0,2,2,151,0,18,9,2013,4,20,23,1,2,2,US-311,SR-1954,0,35.80282778,-79.82426389,0,12,6,0,2,2,0,1,2,1,0,1,0,0000000,20,23,20,36,99,99,0,0,0,1,1
37,370811,1,1,0,0,0,1,1,155,0,15,9,2013,1,2,38,0,3,3,SR-2100,,0,34.58058056,-79.10696944,0,34,0,0,1,1,0,4,2,1,0,1,0,0000000,99,99,99,99,88,88,0,0,0,1,1
37,370812,3,3,0,1,1,6,6,195,5070,17,6,2013,2,22,0,0,16,6,WARD BLVD,MARTIN LUTHER KING,0,35.70620556,-77.91244722,0,12,6,0,2,2,0,1,3,1,0,1,0,0000000,22,1,22,5,22,35,0,0,0,1,0
37,370813,1,1,0,0,0,3,3,25,0,27,9,2013,6,19,30,0,3,3,SR-1136,,0,35.29109444,-80.59299722,0,43,0,0,1,1,0,4,5,1,0,1,0,0000000,19,28,19,38,19,58,0,0,0,1,0
37,370814,2,2,0,0,0,3,3,51,0,20,9,2013,6,23,33,1,2,2,US-301,,0,34.93348056,-78.94006389,0,12,6,0,7,1,0,1,2,10,0,10,0,0000000,23,26,23,35,23,57,0,0,0,1,1
37,370815,1,1,0,0,0,1,1,61,0,22,9,2013,1,5,12,1,2,2,US-117,,0,35.11648333,-78.13609444,0,42,0,0,1,1,0,4,2,2,0,2,0,0000000,5,10,5,12,7,23,0,0,0,1,1
37,370816,2,2,0,0,0,2,2,63,1360,20,9,2013,6,15,24,0,12,3,SR-55,,0,36.01699444,-78.88968333,0,12,6,0,1,1,0,1,1,10,0,10,0,0000000,15,25,15,38,15,58,0,0,0,1,0
37,370817,1,1,0,1,1,1,1,81,0,24,9,2013,3,4,16,0,3,3,SR-68,,0,36.11002222,-79.96411667,0,9,0,0,1,1,0,1,2,1,0,1,0,0000000,4,14,4,21,88,88,0,0,0,1,0
37,370818,2,2,0,0,0,2,2,81,1940,24,9,2013,3,7,37,0,16,6,RANDLEMAN RD,VILLAGE GREEN DR,0,36.04133056,-79.80075833,0,12,7,0,4,1,0,1,1,1,0,1,0,0000000,7,44,7,48,8,19,0,0,0,1,1
37,370819,2,2,0,0,0,2,2,105,0,4,9,2013,4,18,57,0,3,3,SR-1007,SR-42,0,35.48938889,-79.18841111,0,12,6,0,2,2,0,1,1,1,0,1,0,0000000,18,58,19,20,19,39,0,0,0,1,0
37,370820,2,2,0,0,0,4,4,117,0,28,9,2013,7,5,58,0,3,3,SR-1305,SR-1306,0,35.85418333,-77.27051111,0,12,6,0,2,2,0,1,2,1,0,1,0,0000000,5,54,6,4,6,34,0,0,0,1,1
37,370821,1,1,0,0,0,5,5,119,870,18,9,2013,4,18,8,0,16,6,WEST SHARON RD,HOPETON RD,0,35.11821111,-80.86555556,0,30,0,0,1,1,0,4,1,1,0,1,0,0000000,18,9,18,16,18,52,0,0,0,2,0
37,370822,1,1,0,0,0,3,3,133,0,19,9,2013,5,11,59,1,2,2,US-17,,0,34.89263333,-77.23243056,0,42,0,0,1,1,0,3,1,1,0,1,0,0000000,11,53,11,57,13,25,0,0,0,2,0
37,370823,2,2,0,0,0,8,8,133,0,27,9,2013,6,15,15,0,3,3,SR-53,SR-1136,0,34.74251111,-77.49410833,0,12,7,0,2,3,0,1,1,1,0,1,0,0000000,15,1,15,1,16,40,0,0,0,1,1
37,370824,1,1,0,2,2,1,1,135,0,19,9,2013,5,23,35,1,2,2,US-15,,0,35.88788889,-79.06140556,0,9,0,0,1,1,0,1,2,1,0,1,0,0000000,23,48,23,58,0,9,0,0,0,2,0
37,370825,2,2,0,0,0,3,3,157,0,26,9,2013,5,7,53,0,3,3,SR-1120,,0,36.29904722,-79.95775,0,12,2,0,1,1,0,4,1,1,0,1,0,0000000,7,52,8,3,8,43,0,0,0,1,0
37,370826,1,1,0,0,0,2,2,159,0,20,9,2013,6,21,53,1,1,1,I-85,,0,35.65971389,-80.45545556,0,7,0,0,1,1,0,1,2,2,0,2,0,0000000,21,53,21,56,23,7,0,0,0,1,0
37,370827,1,1,0,0,0,3,3,161,0,21,9,2013,7,17,28,0,3,3,SR-2146,SR-2129,0,35.26466944,-81.82146944,0,30,0,0,3,4,0,4,2,2,0,2,0,0000000,17,18,17,30,19,49,0,0,0,1,0
37,370828,1,1,0,0,0,3,3,169,0,11,9,2013,4,23,45,0,3,3,SR-1105,,0,36.27258056,-80.38172222,0,53,0,0,1,1,0,4,2,1,0,1,0,0000000,23,55,0,13,0,47,0,0,0,1,1
37,370829,1,1,0,0,0,2,2,171,0,3,9,2013,3,20,43,0,3,3,SR-1809,,0,36.43186944,-80.47097778,0,42,0,0,1,1,0,4,2,1,0,1,0,0000000,20,43,20,55,99,99,0,0,0,1,0
37,370830,2,2,0,0,0,3,3,189,0,26,9,2013,5,16,51,1,2,2,US-421,,0,36.22190833,-81.69475,0,12,8,0,1,1,0,1,1,1,0,1,0,0000000,16,44,16,54,17,50,0,0,0,1,0
37,370831,1,1,0,0,0,1,1,51,0,1,4,2013,2,13,8,0,3,4,CR-1141,CR-1249,99999,35.01316389,-78.93967778,0,42,0,0,3,2,0,4,1,1,0,1,0,0000000,13,4,13,14,13,37,0,0,0,1,0
37,370832,2,2,0,0,0,4,4,129,5060,28,7,2013,1,10,30,0,13,6,N 3RD STREET,,99999,34.24700278,-77.94735556,0,12,7,0,1,1,0,1,1,1,0,1,0,0000000,10,29,10,33,10,50,0,0,0,1,0
37,370833,1,1,0,0,0,1,1,37,0,30,8,2013,6,14,30,1,2,2,US-421,,99999,35.61662778,-79.34992222,0,34,0,0,1,1,0,4,1,1,0,1,0,0000000,14,32,14,41,15,31,0,0,0,1,0
37,370834,1,1,0,0,0,1,1,155,0,14,8,2013,4,5,47,0,4,3,SR-41,,99999,34.64476667,-78.91210833,0,34,0,0,1,1,0,4,4,1,0,1,0,0000000,99,99,99,99,99,99,0,0,0,1,0
37,370835,2,2,0,0,0,3,3,183,3750,17,8,2013,7,16,56,0,16,6,LIGON STREET,GORMAN STREET,99999,35.78897778,-78.68623333,0,12,6,0,2,2,0,1,1,1,0,1,0,0000000,16,37,16,42,17,19,0,0,0,1,0
37,370836,1,1,0,0,0,1,1,3,0,10,9,2013,3,10,55,0,5,4,CR-1456,,99999,35.91055,-81.05336111,0,34,0,0,1,1,0,4,1,1,0,1,0,0000000,10,44,10,50,11,14,0,0,0,1,0
37,370837,1,1,0,0,0,3,3,7,0,29,9,2013,1,2,30,0,6,4,CR-1627,,99999,35.06871944,-80.05502778,0,42,0,0,1,1,0,4,2,1,0,1,0,0000000,5,9,5,20,5,46,0,0,0,1,0
37,370838,1,1,0,0,0,1,1,19,0,27,9,2013,6,3,5,1,2,2,US-74,,99999,34.24511389,-78.03859444,0,32,0,0,1,1,0,3,2,1,0,1,0,0000000,99,99,99,99,88,88,0,0,0,1,1
37,370839,2,2,0,0,0,2,2,25,2063,20,9,2013,6,15,37,0,3,3,SR-49,SHAMROCK ROAD,99999,35.32599444,-80.6368,0,12,6,0,2,3,0,1,1,1,0,1,0,0000000,15,38,15,45,16,15,0,0,0,1,0
37,370840,2,2,0,0,0,2,2,35,0,30,9,2013,2,16,42,0,5,4,CR-1833,CR-1831,99999,35.66228333,-81.02916111,0,12,6,0,2,3,0,1,1,1,0,1,0,0000000,16,38,16,47,99,99,0,0,0,1,0
37,370841,1,1,0,1,1,3,3,51,1670,22,9,2013,1,20,4,0,16,6,PAMALEE DRIVE,,99999,35.08730833,-78.94153056,0,8,0,0,1,1,0,1,3,10,0,10,0,0000000,20,4,20,11,88,88,0,0,0,1,1
37,370842,1,1,0,1,1,1,1,51,1670,22,9,2013,1,0,37,0,16,6,CLINTON ROAD,,99999,35.04274722,-78.84202222,0,8,0,0,1,1,0,1,2,1,0,1,0,0000000,0,42,0,47,88,88,0,0,0,1,0
37,370843,1,1,0,0,0,1,1,71,0,28,9,2013,7,19,7,0,6,4,CR-1622,CR-1625,99999,35.40358889,-81.29993056,0,19,0,0,3,3,0,4,1,1,0,1,0,0000000,19,0,19,25,88,88,0,0,0,1,1
37,370844,1,1,0,0,0,1,1,71,1800,28,9,2013,7,20,11,0,16,6,NEW HOPE ROAD,DUHART ROAD,99999,35.26786389,-81.14958889,0,33,0,0,3,98,0,4,3,1,0,1,0,0000000,20,11,20,19,20,26,0,0,0,1,1
37,370845,2,2,0,0,0,2,2,71,0,20,9,2013,6,9,28,0,4,4,CR-1126,CR-1106,99999,35.19569167,-81.26095833,0,12,6,0,2,2,0,1,1,1,0,1,0,0000000,8,56,9,9,9,49,0,0,0,1,0
37,370846,1,1,0,0,0,1,1,73,0,26,9,2013,5,13,27,0,4,3,SR-137,,99999,36.41161389,-76.807975,0,1,0,0,1,1,0,1,1,1,0,1,0,0000000,99,99,99,99,99,99,0,0,0,1,0
37,370847,1,1,0,0,0,1,1,81,1940,28,9,2013,7,2,55,1,11,1,I-40,,0,36.04873333,-79.86408333,0,24,0,0,1,1,0,4,3,1,0,1,0,0000000,2,53,2,53,3,17,0,0,0,1,0
37,370848,1,1,0,0,0,1,1,85,0,14,9,2013,7,22,31,1,2,2,US-401,,0,35.41975,-78.80688611,0,34,0,0,1,1,0,4,2,1,0,1,0,0000000,22,28,22,39,23,23,0,0,0,1,1
37,370849,2,2,0,0,0,3,3,107,0,20,9,2013,6,7,8,0,3,3,SR-11,SR-1091,0,35.37120278,-77.45584167,0,12,6,0,2,2,0,1,1,1,0,1,0,0000000,7,7,7,22,8,0,0,0,0,1,0
37,370850,1,1,0,1,1,2,2,119,870,29,9,2013,1,2,24,0,16,6,THE PLAZA,PARKWOOD AVE,0,35.23248333,-80.80753333,0,8,0,0,2,3,0,1,3,1,0,1,0,0000000,2,23,2,28,88,88,0,0,0,1,0
37,370851,2,2,0,0,0,2,2,127,0,23,9,2013,2,0,20,1,1,1,I-95,,0,36.01571944,-77.86145,0,12,7,0,1,1,0,1,2,1,0,1,0,0000000,0,18,0,27,0,53,0,0,0,1,1
37,370852,2,2,0,0,0,3,3,143,5100,21,9,2013,7,13,8,1,13,2,US-17,SR-1220,0,36.19849444,-76.45136111,0,12,6,0,2,3,0,1,1,10,0,10,0,0000000,13,5,13,9,13,43,0,0,0,1,0
37,370853,2,2,0,0,0,4,4,151,0,28,9,2013,7,19,40,1,2,2,US-421,SR-2261,0,35.84819722,-79.60476944,0,12,6,0,2,2,0,1,2,1,0,1,0,0000000,19,38,19,48,20,21,0,0,0,1,0
37,370854,1,1,0,1,1,4,4,183,3750,28,9,2013,7,22,20,0,16,6,CAPITAL BLVD,SPRING FOREST RD,0,35.80131389,-78.62552222,0,8,0,0,2,2,0,1,3,1,0,1,0,0000000,22,25,22,27,22,42,0,0,0,1,0
37,370855,2,2,0,0,0,2,2,3,0,1,10,2013,3,13,19,0,3,3,SR-1124,,0,35.88470556,-81.22791944,0,12,2,0,1,1,0,1,1,1,0,1,0,0000000,13,18,13,28,99,99,0,0,0,1,1
37,370856,1,1,0,0,0,3,3,21,0,6,10,2013,1,19,12,1,1,1,I-40,,0,35.55869444,-82.59446944,0,59,0,0,1,1,0,4,2,1,0,1,0,0000000,19,20,19,29,20,5,0,0,0,1,0
37,370857,1,1,0,0,0,2,2,33,0,4,10,2013,6,4,20,0,3,3,SR-119,,0,99.99990000,999.99990000,0,42,0,0,1,1,0,4,2,1,0,1,0,0000000,4,15,4,39,99,99,0,0,0,1,1
37,370858,2,2,0,0,0,2,2,47,4550,1,10,2013,3,6,44,0,13,3,SR-410,,0,34.15781389,-78.85568889,0,12,1,0,1,1,0,1,4,1,0,1,0,0000000,6,44,6,50,88,88,0,0,0,1,0
37,370859,1,1,0,0,0,1,1,57,0,5,10,2013,7,22,59,0,3,3,SR-2099,,0,99.99990000,999.99990000,0,34,0,0,1,1,0,4,3,1,0,1,0,0000000,22,59,23,11,0,24,0,0,0,1,0
37,370860,2,2,0,0,0,3,3,57,4803,5,10,2013,7,13,20,0,13,3,SR-109,,0,99.99990000,999.99990000,0,12,2,0,1,1,0,1,1,1,0,1,0,0000000,13,18,13,22,13,55,0,0,0,1,0
37,370861,1,1,0,0,0,1,1,57,0,6,10,2013,1,22,59,0,3,3,SR-1716,,0,35.97625833,-80.17140278,0,32,0,0,1,1,0,4,2,1,0,1,0,0000000,22,58,23,8,23,39,0,0,0,1,0
37,370862,3,3,0,0,0,3,3,75,0,5,10,2013,7,11,56,1,2,2,US-129,,0,35.24961944,-83.70218611,0,12,6,0,1,1,0,1,1,1,0,1,0,0000000,11,53,12,4,12,37,0,0,0,2,0
37,370863,1,1,0,0,0,1,1,77,0,2,10,2013,4,5,15,0,3,3,SR-1316,SR-1317,0,36.41062778,-78.74431667,0,42,0,0,3,3,0,4,2,1,0,1,0,0000000,5,16,5,31,88,88,0,0,0,1,0
37,370864,2,2,0,0,0,2,2,81,0,5,10,2013,7,0,24,0,3,3,SR-3314,,0,36.01095278,-79.72938056,0,34,0,0,1,1,0,4,2,1,0,1,0,0000000,0,26,0,35,1,12,0,0,0,1,0
37,370865,1,1,0,0,0,1,1,85,0,5,10,2013,7,23,59,0,3,3,SR-1115,,0,35.32634722,-79.04899722,0,1,0,0,1,1,0,1,2,1,0,1,0,0000000,23,53,23,58,88,88,0,0,0,1,1
37,370866,2,2,0,0,0,2,2,97,0,2,10,2013,4,16,53,0,3,3,SR-115,SR-1572,0,35.92736389,-80.95853889,0,12,6,0,2,2,0,1,1,1,0,1,0,0000000,16,42,16,48,17,13,0,0,0,1,0
37,370867,2,2,0,0,0,2,2,101,0,9,10,2013,4,6,44,1,2,2,US-70,US-70 BUSINESS,0,35.50619444,-78.28159167,0,12,6,0,2,2,0,1,2,1,0,1,0,0000000,7,5,7,26,88,88,0,0,0,1,0
37,370868,1,1,0,0,0,1,1,107,2450,7,10,2013,2,2,40,0,16,6,OLD SNOWHILL RD,,0,35.28436944,-77.57746111,0,30,0,0,1,1,0,4,3,1,0,1,0,0000000,2,40,2,51,88,88,0,0,0,1,0
37,370870,2,2,0,0,0,2,2,119,870,6,10,2013,1,16,8,1,11,1,I-77,,0,35.23326667,-80.85885278,0,12,7,0,1,1,0,1,1,1,0,1,0,0000000,16,6,16,11,16,24,0,0,0,1,0
37,370871,1,1,0,0,0,1,1,145,0,4,10,2013,6,13,30,0,3,3,SR-49,,0,99.99990000,999.99990000,0,32,0,0,1,1,0,4,1,1,0,1,0,0000000,13,26,13,33,88,88,0,0,0,1,0
37,370872,1,1,0,0,0,1,1,153,0,6,10,2013,1,12,6,0,3,3,SR-1624,SR-177,0,34.914725,-79.67188333,0,26,0,0,3,3,0,8,1,10,0,10,0,0000000,99,99,99,99,88,88,0,0,0,1,0
37,370873,1,1,0,0,0,1,1,161,0,3,10,2013,5,23,30,0,3,3,SR-2104,,0,35.25424722,-81.80275833,0,11,0,0,1,1,0,1,2,1,0,1,0,0000000,23,28,23,38,0,5,0,0,0,1,1
37,370874,2,1,1,2,2,1,1,183,0,4,10,2013,6,19,50,1,1,1,I-540,,0,35.91236389,-78.66165556,0,14,0,0,5,1,0,2,2,1,0,1,0,0000000,19,51,19,58,20,15,23,0,0,1,0
37,370875,1,1,0,0,0,1,1,47,4550,6,10,2013,1,2,9,0,16,6,PIREWAY RD,,0,99.99990000,999.99990000,0,18,0,0,1,1,0,4,3,1,0,1,0,0000000,2,12,2,28,88,88,0,0,0,1,1
37,370876,1,1,0,0,0,2,2,69,0,3,10,2013,5,13,41,1,2,2,US-1,,0,36.22096389,-78.44411944,0,30,0,0,1,1,0,4,1,1,0,1,0,0000000,99,99,99,99,88,88,0,0,0,2,0
37,370877,1,1,0,1,1,2,2,155,0,6,10,2013,1,23,13,0,3,3,SR-1006,,0,34.81475556,-79.09690833,0,8,0,0,1,1,0,1,2,10,1,10,0,0000000,23,14,23,27,0,30,0,0,0,1,0
37,370878,2,2,0,0,0,2,2,87,2835,2,8,2013,6,14,30,1,13,2,US-19,,0,35.52209167,-83.02673889,0,12,1,0,1,1,0,1,1,1,0,1,0,0000000,14,26,14,34,88,88,0,0,0,1,0
37,370879,2,2,0,0,0,2,2,21,9997,26,9,2013,5,11,41,1,13,2,US-19,,0,35.65377222,-82.58251944,0,12,1,0,1,1,0,1,1,1,0,1,0,0000000,11,45,11,47,88,88,0,0,0,1,0
37,370880,1,1,0,0,0,2,2,67,2430,17,9,2013,3,5,31,1,11,1,I-40,,0,36.08115556,-80.09242222,0,1,0,0,1,1,0,1,2,1,0,1,0,0000000,5,40,5,52,6,16,0,0,0,1,0
37,370881,1,1,0,1,1,1,1,135,860,18,9,2013,4,20,26,1,13,2,US-15/501,ESTES DR,0,35.92497222,-79.02490556,0,8,0,0,3,2,0,1,3,1,0,1,0,0000000,20,27,20,31,88,88,0,0,0,1,0
37,370882,1,1,0,0,0,1,1,155,2770,15,9,2013,1,2,29,0,13,3,SR-72,,0,34.61792222,-79.01055,0,42,0,0,1,1,0,4,3,1,0,1,0,0000000,3,20,3,31,88,88,0,0,0,1,1
37,370883,2,2,0,0,0,2,2,183,800,19,9,2013,5,16,40,0,16,6,TRYON RD,REGENCY PKWY,0,35.73622778,-78.78777222,0,12,6,0,2,2,0,1,1,1,0,1,0,0000000,16,39,16,40,17,3,0,0,0,1,0
37,370884,1,1,0,1,1,1,1,183,3750,18,9,2013,4,23,3,0,16,6,E DAVIE ST,S WILMINGTON ST,0,35.77575278,-78.63862778,0,9,0,0,2,2,0,1,3,1,0,1,0,0000000,23,3,23,6,88,88,0,0,0,1,0
37,370885,2,2,0,0,0,2,2,193,5040,20,9,2013,6,15,29,0,16,6,WINKLER MILL RD,,0,36.15403333,-81.19896389,0,12,8,0,4,1,0,1,1,1,0,1,0,0000000,15,22,15,28,15,46,0,0,0,1,0
37,370886,2,2,0,0,0,3,3,1,0,11,10,2013,6,19,45,0,3,3,SR-87,SR-1668,0,36.15765278,-79.50351944,0,12,1,0,3,3,0,1,2,1,0,1,0,0000000,19,37,19,44,88,88,0,0,0,2,0
37,370887,1,1,0,0,0,1,1,47,0,12,10,2013,7,21,38,0,3,3,SR-1504,,0,99.99990000,999.99990000,0,34,0,0,1,1,0,4,2,1,0,1,0,0000000,21,36,21,44,88,88,0,0,0,1,1
37,370888,1,1,0,1,1,1,1,47,0,11,10,2013,6,22,43,0,3,3,SR-1166,,0,34.29085,-78.72614167,0,8,0,0,1,1,0,1,2,1,0,1,0,0000000,22,24,22,33,22,50,0,0,0,1,0
37,370889,2,2,0,0,0,3,3,107,0,13,10,2013,1,0,28,0,3,3,SR-11,,0,99.99990000,999.99990000,0,12,2,0,1,1,0,1,2,2,0,2,0,0000000,0,41,1,1,2,0,0,0,0,1,1
37,370890,1,1,0,0,0,1,1,125,0,4,10,2013,6,22,50,0,3,3,SR-1814,,0,35.33823889,-79.312925,0,42,0,0,1,1,0,4,2,1,0,1,0,0000000,99,99,99,99,88,88,0,0,0,1,1
37,370891,1,1,0,0,0,1,1,127,0,12,10,2013,7,11,11,1,1,1,I-95,,0,35.76271389,-77.99855556,0,42,0,0,1,1,0,3,1,10,0,10,0,0000000,11,9,11,21,88,88,0,0,0,1,0
37,370892,1,1,0,0,0,1,1,135,0,10,10,2013,5,17,30,0,3,3,SR-1538,,0,36.13363056,-79.02143889,0,42,0,0,1,1,0,4,1,10,0,10,0,0000000,17,24,17,31,88,88,0,0,0,1,0
37,370893,1,1,0,1,1,3,3,155,0,6,10,2013,1,3,49,1,1,1,I-95,,0,34.59911667,-79.10488889,0,8,0,0,1,1,0,1,2,5,10,5,0,0000000,99,99,99,99,99,99,0,0,0,1,0
37,370894,1,1,0,1,1,4,4,157,0,10,10,2013,5,19,39,1,2,2,US-29,SR-2486,0,36.25009167,-79.66295278,0,9,0,0,2,2,0,1,2,1,0,1,0,0000000,19,49,20,13,21,0,0,0,0,1,0
37,370895,1,1,0,0,0,3,3,169,0,14,10,2013,2,8,19,0,3,3,SR-704,,0,36.50886111,-80.32023889,0,34,0,0,1,1,0,4,1,10,0,10,0,0000000,8,19,8,28,9,25,0,0,0,1,0
37,370896,2,2,0,0,0,4,4,191,0,11,10,2013,6,19,32,0,3,3,SR-55,,0,35.18406667,-78.049675,0,12,6,0,1,1,0,1,5,10,0,10,0,0000000,19,15,19,25,99,99,0,0,0,3,0
37,370897,1,1,0,0,0,1,1,51,1670,28,8,2013,4,19,3,0,16,6,SOUTHERN AVE,,0,35.03538611,-78.89054167,0,42,0,0,1,1,0,4,1,1,0,1,0,0000000,19,4,19,8,19,23,0,0,0,1,0
37,370898,1,1,0,1,1,1,1,57,1240,9,9,2013,2,11,29,0,16,6,FARMER RD,,0,35.64399722,-80.07285833,0,8,0,0,1,1,0,1,1,1,0,1,0,0000000,7,54,7,59,8,35,0,0,0,1,0
37,370899,1,1,0,1,1,1,1,1,700,20,10,2013,1,20,59,0,13,2,US-70,FULTON ST,0,36.09355,-79.44124167,0,8,0,0,2,2,0,1,2,1,0,1,0,0000000,21,0,21,6,21,38,0,0,0,1,0
37,370900,1,1,0,0,0,1,1,21,0,19,10,2013,7,3,37,0,3,3,SR-1004,,0,35.61995556,-82.65696111,0,30,0,0,1,1,0,4,2,1,0,1,0,0000000,99,99,99,99,88,88,0,0,0,1,1
37,370901,1,1,0,0,0,1,1,25,1040,2,10,2013,4,2,7,0,16,6,CONCORD PARKWAY,,0,35.40000833,-80.60811389,0,34,0,0,1,1,0,4,3,1,0,1,0,0000000,2,9,2,14,2,31,0,0,0,1,1
37,370902,2,2,0,0,0,4,4,53,0,7,10,2013,2,18,13,1,2,2,US-158,,0,99.99990000,999.99990000,0,12,2,0,1,1,0,1,1,2,0,2,0,0000000,18,6,18,26,19,5,0,0,0,1,0
37,370903,1,1,0,0,0,3,3,57,2620,6,10,2013,1,2,47,1,13,2,US-64,,0,35.83413611,-80.27863333,0,23,0,0,1,1,0,3,3,1,0,1,0,0000000,3,5,3,10,3,35,0,0,0,1,0
37,370904,1,1,0,1,1,3,3,67,5120,11,10,2013,6,19,37,0,16,6,SILAS CREEK PKWY,HAWTHORNE RD,0,36.07784722,-80.30050833,0,8,0,0,2,3,0,1,2,10,0,10,0,0000000,19,42,19,50,19,58,0,0,0,1,0
37,370905,1,1,0,0,0,1,1,71,0,20,10,2013,1,3,57,0,3,3,SR-274,,0,35.28222778,-81.23864167,0,43,0,0,1,1,0,4,2,1,0,1,0,0000000,3,53,3,58,88,88,0,0,0,1,0
37,370906,1,1,0,1,1,2,2,81,2170,20,10,2013,1,2,50,0,16,6,NATHAN HUNT DR,,0,35.94692222,-79.97748889,0,8,0,0,1,1,0,1,2,1,0,1,0,0000000,2,59,3,6,88,88,0,0,0,1,1
37,370907,2,2,0,0,0,3,3,81,0,20,10,2013,1,12,49,0,3,3,SR-3549,SR-3381,0,35.93906389,-79.67695,0,12,6,0,2,2,0,1,1,1,0,1,0,0000000,12,42,12,52,99,99,0,0,0,1,0
37,370908,1,1,0,2,2,1,1,99,9997,9,10,2013,4,21,29,0,13,2,US-441,,0,35.37283333,-83.25503056,0,8,0,0,1,1,0,1,2,1,0,1,0,0000000,21,19,21,22,21,46,0,0,0,1,0
37,370909,1,1,0,0,0,1,1,99,0,19,10,2013,7,2,42,1,2,2,US-64,,99999,35.12009722,-83.00912222,0,42,0,0,1,1,0,4,2,1,0,1,0,0000000,2,39,2,50,88,88,0,0,0,1,1
37,370910,3,3,0,0,0,3,3,109,0,9,10,2013,4,17,7,0,3,3,SR-16,,99999,35.45943611,-81.00957778,0,12,8,0,1,1,0,1,1,1,0,1,0,0000000,17,3,17,5,18,16,0,0,0,1,0
37,370911,1,1,0,0,0,1,1,111,0,19,10,2013,7,6,22,0,4,4,CR-1434,,99999,35.72900833,-82.06881389,0,32,0,0,1,1,0,4,2,1,0,1,0,0000000,6,11,6,28,88,88,0,0,0,1,0