STATE,ST_CASE,VE_TOTAL,VE_FORMS,PVH_INVL,PEDS,PERNOTMVIT,PERMVIT,PERSONS,COUNTY,CITY,DAY,MONTH,YEAR,DAY_WEEK,HOUR,MINUTE,NHS,ROAD_FNC,ROUTE,TWAY_ID,TWAY_ID2,MILEPT,LATITUDE,LONGITUD,SP_JUR,HARM_EV,MAN_COLL,RELJCT1,RELJCT2,TYP_INT,WRK_ZONE,REL_ROAD,LGT_COND,WEATHER1,WEATHER2,WEATHER,SCH_BUS,RAIL,NOT_HOUR,NOT_MIN,ARR_HOUR,ARR_MIN,HOSP_HR,HOSP_MN,CF1,CF2,CF3,FATALS,DRUNK_DR
37,370912,5,5,0,1,1,5,5,119,870,12,10,2013,7,3,42,1,12,2,US-74,,99999,35.20884167,-80.79943056,0,8,0,0,1,1,0,1,3,1,0,1,0,0000000,3,42,3,49,88,88,0,0,0,1,0
37,370913,2,2,0,0,0,3,3,131,0,10,10,2013,5,11,16,0,4,3,SR-305,,99999,36.36333056,-77.35215556,0,12,2,0,1,1,0,1,1,1,0,1,0,0000000,99,99,99,99,99,99,0,0,0,1,0
37,370914,1,1,0,0,0,1,1,133,0,17,10,2013,5,23,42,0,6,4,CR-1222,,99999,34.83013056,-77.56048611,0,30,0,0,1,1,0,5,2,1,0,1,0,0000000,23,38,23,46,88,88,0,0,0,1,1
37,370915,2,2,0,0,0,3,3,151,0,19,10,2013,7,18,49,0,6,4,CR-1544,,99999,35.82252222,-79.94012222,0,12,2,0,1,1,0,1,5,1,0,1,0,0000000,18,41,18,49,19,13,0,0,0,1,0
37,370916,1,1,0,0,0,1,1,155,0,17,10,2013,5,20,59,0,6,4,CR-1924,,99999,99.99990000,999.99990000,0,59,0,0,1,1,0,4,2,1,0,1,0,0000000,20,58,21,9,21,44,0,0,0,1,1
37,370917,2,2,0,0,0,3,3,159,1930,16,10,2013,4,22,56,0,2,3,SR-52,,99999,35.60860833,-80.43092778,0,12,6,0,1,1,0,1,2,1,0,1,0,0000000,22,58,23,4,23,36,0,0,0,2,0
37,370918,1,1,0,0,0,3,3,167,0,18,10,2013,6,18,58,0,6,4,CR-1256,,99999,35.31321667,-80.28665,0,42,0,0,1,1,0,4,2,1,0,1,0,0000000,18,50,19,3,19,43,0,0,0,1,1
37,370919,2,2,0,0,0,3,3,169,0,18,10,2013,6,14,8,0,4,3,SR-268,CR-1182,99999,36.41201111,-80.39884722,0,12,6,0,2,2,0,1,1,1,0,1,0,0000000,14,8,14,21,99,99,0,0,0,1,0
37,370920,1,1,0,0,0,1,1,183,3750,16,10,2013,4,8,24,1,11,1,I-540,,99999,35.90511111,-78.77084167,0,24,0,0,1,1,0,4,1,1,0,1,0,0000000,8,26,8,30,88,88,0,0,0,1,0
37,370921,2,2,0,0,0,2,2,195,0,5,10,2013,7,16,45,1,2,2,US-264,,99999,35.67458056,-77.91928333,0,12,1,0,1,1,0,1,1,1,0,1,0,0000000,16,48,16,57,99,99,0,0,0,1,0
37,370922,1,1,0,1,1,3,3,195,5070,5,10,2013,7,19,15,0,16,6,HINES STREET,LODGE STREET,99999,35.71953611,-77.91388333,0,8,0,0,3,2,0,1,3,1,0,1,0,0000000,19,20,19,27,88,88,0,0,0,1,1
37,370923,2,2,0,0,0,4,4,197,0,11,10,2013,6,11,54,1,1,1,I-77,,99999,36.24358333,-80.81888611,0,12,1,0,1,1,0,1,1,1,0,1,0,0000000,11,57,12,7,99,99,0,0,0,1,0
37,370924,1,1,0,0,0,1,1,101,0,30,8,2013,6,7,58,0,3,3,SR-1003,,0,35.67183056,-78.61878889,0,53,0,0,1,1,0,4,1,1,0,1,0,0000000,7,58,8,5,8,39,0,0,0,1,0
37,370925,2,2,0,0,0,3,3,133,2330,12,8,2013,2,20,21,1,13,2,US-17,BARDEN ST,0,34.77267778,-77.39766667,0,12,6,0,2,3,0,1,3,1,0,1,0,0000000,20,22,20,23,20,46,0,0,0,1,2
37,370926,2,2,0,0,0,2,2,25,1040,13,9,2013,6,18,35,1,11,1,I-85,,0,35.44501944,-80.61264722,0,12,7,0,1,1,0,1,1,1,0,1,0,0000000,18,41,18,47,19,17,0,0,0,1,0
37,370927,2,2,0,0,0,3,3,61,0,17,9,2013,3,16,33,0,3,3,SR-24,SR-1108,0,34.9933,-78.15322222,0,12,6,0,2,4,0,1,1,1,0,1,0,0000000,16,33,16,40,18,2,0,0,0,1,0
37,370928,2,2,0,0,0,3,3,63,1360,9,9,2013,2,10,51,0,16,6,N ROXBORO ST,,0,36.05589722,-78.90315,0,12,7,0,4,1,0,1,1,1,0,1,0,0000000,10,42,10,46,11,13,0,0,0,1,0
37,370929,1,1,0,0,0,3,3,121,4380,17,9,2013,3,18,18,0,16,6,OAK AVE,,0,35.92011944,-82.05848611,0,35,0,0,1,1,0,4,1,1,0,1,0,0000000,99,99,99,99,99,99,0,0,0,1,0
37,370930,1,1,0,0,0,1,1,125,0,4,9,2013,4,9,39,0,3,3,SR-1229,,0,35.31948889,-79.46874722,0,42,0,0,1,1,0,4,1,1,0,1,0,0000000,99,99,99,99,99,99,0,0,0,1,0
37,370931,1,1,0,0,0,1,1,135,780,7,9,2013,7,2,19,0,16,6,GREENSBORO ST,,0,35.91717222,-79.07480556,0,43,0,0,1,1,0,4,3,1,0,1,0,0000000,2,21,2,26,2,43,0,0,0,1,1
37,370932,2,2,0,0,0,2,2,3,0,30,10,2013,4,18,19,0,3,3,SR-90,,0,35.92210278,-81.18695556,0,12,8,0,1,1,0,4,5,1,0,1,0,0000000,18,19,18,24,88,88,0,0,0,1,1
37,370933,2,2,0,0,0,2,2,3,0,31,10,2013,5,14,16,0,3,3,SR-1144,,0,35.86465556,-81.31591111,0,12,2,0,1,1,0,1,1,10,0,10,0,0000000,14,16,14,22,99,99,0,0,0,1,0
37,370934,2,2,0,0,0,2,2,7,4770,18,10,2013,6,16,49,1,13,2,US-74,,0,34.96411667,-80.05787222,0,12,6,0,4,1,0,1,1,10,0,10,0,0000000,16,47,16,54,16,59,0,0,0,1,0
37,370935,1,1,0,2,2,1,1,17,0,17,10,2013,5,19,13,0,6,4,CR-1704,,99999,34.52843611,-78.53499722,0,8,0,0,1,1,0,1,2,1,0,1,0,0000000,19,57,20,6,21,4,0,0,0,1,0
37,370936,2,2,0,0,0,4,4,17,0,27,10,2013,1,13,9,0,4,3,SR-131,SR-211,99999,34.55185833,-78.78428889,0,12,1,0,3,2,0,1,1,1,0,1,0,0000000,13,5,13,12,13,41,0,0,0,1,0
37,370937,2,2,0,0,0,3,3,21,170,18,10,2013,6,14,20,0,16,6,HOMEWAY ROAD,,99999,35.57558333,-82.62898889,0,12,2,0,1,1,0,1,1,1,0,1,0,0000000,14,20,14,26,14,59,0,0,0,1,0
37,370938,2,2,0,0,0,4,4,21,0,23,10,2013,4,15,51,0,4,3,SR-9,,99999,35.517675,-82.25708333,0,12,6,0,8,1,0,1,1,1,0,1,0,0000000,15,52,16,15,17,1,0,0,0,2,0
37,370939,2,2,0,0,0,3,3,25,1040,25,10,2013,6,5,46,1,11,1,I-85,,99999,35.37313889,-80.70971111,0,12,1,0,1,1,0,1,2,1,0,1,0,0000000,6,0,6,15,7,12,0,0,0,1,0
37,370940,2,2,0,0,0,2,2,25,1040,28,10,2013,2,13,27,0,13,2,US-601,,99999,35.37078056,-80.54934167,0,12,6,0,8,1,0,4,1,1,0,1,0,0000000,13,27,13,31,14,11,0,0,0,1,0
37,370941,2,2,0,0,0,2,2,47,0,31,10,2013,5,11,17,0,4,3,SR-214,,99999,34.32219444,-78.54994444,0,12,1,0,1,1,0,1,1,1,0,1,0,0000000,11,14,11,26,88,88,0,0,0,1,0
37,370942,1,1,0,1,1,1,1,49,0,31,10,2013,5,18,42,0,6,4,CR-1458,,99999,35.35255,-77.27694444,0,8,0,0,1,1,0,1,2,1,0,1,0,0000000,18,38,18,49,88,88,0,0,0,1,0
37,370943,2,2,0,0,0,2,2,51,1670,7,10,2013,2,18,27,0,13,3,SR-59,WATAUGA ROAD,99999,35.03811944,-78.96092778,0,12,6,0,3,3,0,1,1,10,0,10,0,0000000,99,99,99,99,99,99,0,0,0,1,0
37,370944,1,1,0,1,1,1,1,51,1670,29,10,2013,3,19,21,0,14,3,SR-210,,99999,35.00873333,-78.82642778,0,8,0,0,1,1,0,1,3,1,0,1,0,0000000,19,22,19,28,19,55,0,0,0,1,0
37,370945,1,1,0,0,0,2,2,55,0,23,10,2013,4,23,1,0,5,3,SR-345,,99999,35.86558889,-75.64880556,0,34,0,0,1,1,0,4,2,1,0,1,0,0000000,23,1,23,8,0,24,0,0,0,1,0
37,370946,2,2,0,0,0,2,2,59,0,30,10,2013,4,19,39,1,1,1,I-40,,99999,35.93665,-80.56799444,0,12,1,0,1,1,0,1,2,1,0,1,0,0000000,19,39,19,46,88,88,0,0,0,1,0
37,370947,2,2,0,0,0,2,2,63,0,24,10,2013,5,13,10,0,5,4,CR-1616,CR-2631,99999,36.19013056,-78.84842778,0,12,1,0,2,3,0,1,1,1,0,1,0,0000000,99,99,99,99,99,99,0,0,0,1,0
37,370948,1,1,0,0,0,4,4,67,0,28,10,2013,2,13,55,0,5,4,CR-2017,,99999,36.17245,-80.04728056,0,42,0,0,1,1,0,4,1,10,0,10,0,0000000,13,55,14,13,14,57,0,0,0,2,0
37,370949,2,2,0,0,0,4,4,69,2730,26,10,2013,7,16,45,1,13,2,US-301,WADE AVE,99999,36.09600556,-78.29652778,0,12,6,0,2,2,0,1,1,1,0,1,0,0000000,16,46,16,51,17,17,0,0,0,1,1
37,370950,1,1,0,0,0,1,1,77,0,18,10,2013,6,23,1,0,6,4,CR-1618,,99999,36.22436111,-78.61623333,0,42,0,0,1,1,0,4,2,1,0,1,0,0000000,99,99,99,99,88,88,0,0,0,1,1
37,370951,1,1,0,1,1,2,2,79,0,27,10,2013,1,4,27,1,2,2,US-258,,99999,35.37014167,-77.66591389,0,8,0,0,1,1,0,1,2,1,0,1,0,0000000,99,99,99,99,99,99,0,0,0,1,0
37,370952,2,2,0,0,0,2,2,81,1940,23,10,2013,4,8,42,0,15,6,N. CHURCH STREET,FIELDS STREET,99999,36.11740833,-79.78278056,0,12,1,0,2,3,0,1,1,10,0,10,0,0000000,8,43,8,48,9,7,0,0,0,1,0
37,370953,1,1,0,0,0,2,2,83,0,23,10,2013,4,5,4,1,1,1,I-95,,99999,36.33929444,-77.69261389,0,24,0,0,1,1,0,4,2,5,0,5,0,0000000,4,59,5,20,5,56,0,0,0,1,0
37,370954,2,2,0,0,0,2,2,87,0,26,10,2013,7,12,49,1,2,2,US-276,,99999,35.47313333,-82.92526667,0,12,2,0,1,1,0,1,1,1,0,1,0,0000000,12,47,12,56,13,52,0,0,0,1,0
37,370955,1,1,0,2,2,2,2,99,0,12,10,2013,7,21,41,1,2,2,US-441,,99999,35.45709444,-83.31161389,0,8,0,0,1,1,0,1,2,1,0,1,0,0000000,99,99,99,99,99,99,0,0,0,1,0
37,370956,1,1,0,1,1,1,1,101,0,20,10,2013,1,20,0,0,6,4,CR-1162,,99999,35.49539722,-78.41946944,0,8,0,0,1,1,0,1,2,1,0,1,0,0000000,20,46,20,57,21,32,0,0,0,1,0
37,370957,1,1,0,0,0,1,1,107,0,25,10,2013,6,19,35,0,6,4,CR-1732,,99999,35.32528333,-77.54585,0,53,0,0,1,1,0,4,2,1,0,1,0,0000000,19,23,19,31,88,88,0,0,0,1,1
37,370958,2,2,0,0,0,3,3,119,870,19,10,2013,7,15,11,0,13,6,EASTWAY DRIVE,,99999,35.23734167,-80.77604722,0,12,2,0,1,1,0,1,1,10,0,10,0,0000000,15,11,15,14,15,38,0,0,0,1,1
37,370959,1,1,0,0,0,1,1,119,870,27,10,2013,1,0,46,0,16,6,CAPPS HILL MINE ROAD,,99999,35.28806389,-80.86008333,0,30,0,0,1,1,0,4,3,1,0,1,0,0000000,0,46,0,51,88,88,0,0,0,1,1
37,370960,2,2,0,0,0,3,3,119,870,29,10,2013,3,10,1,0,14,3,SR-73,,99999,35.43976111,-80.901075,0,12,6,0,4,1,0,1,1,1,0,1,0,0000000,10,0,10,5,11,5,0,0,0,1,0
37,370961,3,3,0,0,0,4,4,123,0,26,10,2013,7,12,37,0,4,3,SR-109,,99999,35.37988333,-79.94302222,0,12,2,0,1,1,0,1,1,1,0,1,0,0000000,9,41,9,55,10,27,0,0,0,1,0
37,370962,3,3,0,0,0,4,4,133,0,27,10,2013,1,22,5,1,2,2,US-17,,99999,34.51753889,-77.51978056,0,12,2,0,1,1,0,1,2,1,0,1,0,0000000,21,58,22,11,88,88,14,0,0,1,1
37,370963,1,1,0,0,0,2,2,141,0,24,10,2013,5,14,2,0,6,4,CR-1121,,99999,34.49763889,-78.11071667,0,34,0,0,1,1,0,4,1,1,0,1,0,0000000,13,53,14,3,14,48,0,0,0,1,1
37,370964,1,1,0,0,0,1,1,145,0,19,10,2013,7,3,4,1,2,2,US-158,,99999,36.36002778,-78.93161667,0,35,0,0,1,1,0,4,2,1,0,1,0,0000000,2,54,3,3,3,32,0,0,0,1,1
37,370965,1,1,0,0,0,1,1,155,0,31,10,2013,5,6,54,0,4,4,CR-1528,,99999,34.67431667,-79.05072222,0,42,0,0,1,1,0,4,2,1,0,1,0,0000000,99,99,99,99,88,88,0,0,0,1,0
37,370966,2,2,0,0,0,2,2,157,0,29,10,2013,3,14,50,1,2,2,US-311,SR-87,99999,36.46450278,-79.76271944,0,12,6,0,2,2,0,1,1,1,0,1,0,0000000,14,49,14,52,14,54,0,0,0,1,0
37,370967,1,1,0,1,1,1,1,159,0,17,10,2013,5,6,35,0,4,4,CR-2048,,99999,35.74499722,-80.56307222,0,8,0,0,1,1,0,1,2,1,0,1,1,0000000,7,19,8,4,88,88,0,0,0,1,0
37,370968,2,2,0,0,0,2,2,159,0,26,10,2013,7,7,3,0,3,3,SR-1221,,0,35.55629444,-80.58983056,0,12,8,0,1,1,0,1,4,1,0,1,0,0000000,99,99,99,99,99,99,0,0,0,1,0
37,370969,1,1,0,0,0,1,1,171,3170,24,10,2013,5,18,38,1,13,2,US-52,,0,36.50157778,-80.62246389,0,43,0,0,1,1,0,3,1,1,0,1,0,0000000,18,28,18,33,18,54,0,0,0,1,0
37,370970,1,1,0,0,0,5,5,179,0,27,10,2013,1,11,50,1,2,2,US-74,,0,34.98230833,-80.52738333,0,1,0,0,1,1,0,4,1,1,0,1,0,0000000,99,99,99,99,99,99,0,0,0,1,0
37,370971,1,1,0,0,0,1,1,181,0,23,10,2013,4,19,21,0,3,3,SR-1519,,0,36.32930556,-78.35560278,0,32,0,0,1,1,0,4,2,1,0,1,0,0000000,19,14,19,20,19,49,0,0,0,1,1
37,370972,2,2,0,0,0,4,4,181,2460,24,10,2013,5,7,31,1,13,2,US-1,SR-1551,0,36.22206389,-78.44411389,0,12,6,0,2,3,0,1,1,1,0,1,0,0000000,7,27,7,32,88,88,0,0,0,1,0
37,370973,2,2,0,0,0,2,2,183,3750,27,10,2013,1,3,52,1,11,1,I-440,,0,35.78623056,-78.57355833,0,12,2,0,1,1,0,1,2,1,0,1,0,0000000,3,56,4,0,4,28,0,0,0,2,1
37,370974,1,1,0,0,0,1,1,191,0,18,10,2013,6,15,12,1,2,2,US-117 ALT,,0,35.33192778,-78.03514167,0,59,0,0,1,1,0,4,1,1,0,1,0,0000000,14,55,15,3,16,11,0,0,0,1,1
37,370975,1,1,0,0,0,1,1,191,1880,26,10,2013,7,23,4,1,13,2,US-70,,0,35.39951111,-78.01004167,0,35,0,0,1,1,0,4,2,1,0,1,0,0000000,23,4,23,9,88,88,0,0,0,1,1
37,370976,1,1,0,1,1,1,1,191,1880,29,10,2013,3,8,3,0,16,6,W ASH ST,,0,35.38884444,-78.00661944,0,8,0,0,1,1,0,1,1,8,0,8,0,0000000,8,3,8,7,88,88,0,0,0,1,0
37,370977,2,2,0,0,0,3,3,193,0,18,10,2013,6,10,52,0,3,3,SR-18,,0,36.117675,-81.1688,0,12,8,0,1,1,0,1,1,1,0,1,0,0000000,10,47,10,56,11,51,0,0,0,1,1
37,370978,1,1,0,1,1,0,0,199,0,29,10,2013,3,18,33,0,3,3,SR-1157,,0,35.83896111,-82.21300278,0,8,0,0,1,1,0,4,5,1,0,1,0,0000000,17,46,18,8,18,54,0,0,0,1,0
37,370979,3,3,0,0,0,3,3,13,0,30,10,2013,4,19,0,0,3,3,SR-1409,,0,35.59808889,-77.12205,0,12,6,0,1,1,0,1,2,1,0,1,0,0000000,18,56,19,6,19,28,0,0,0,1,0
37,370980,1,1,0,0,0,1,1,21,170,29,10,2013,3,12,45,1,11,1,I-240,,0,35.58246944,-82.58265278,0,24,0,0,1,1,0,3,1,1,0,1,0,0000000,12,47,12,53,14,0,0,0,0,1,0
37,370981,2,2,0,0,0,2,2,29,0,31,10,2013,5,5,30,1,2,2,US-17,SR-1251,0,36.41390278,-76.34101389,0,12,6,0,2,3,0,1,2,1,0,1,0,0000000,99,99,99,99,99,99,0,0,0,1,0
37,370982,2,2,0,0,0,3,3,155,3790,25,10,2013,6,18,54,1,13,2,US-211,US-71,0,34.94016667,-79.21794167,0,12,6,0,2,3,0,1,2,1,0,1,0,0000000,18,59,19,19,20,0,0,0,0,1,0
37,370983,2,2,0,0,0,4,4,183,3750,6,10,2013,1,19,18,0,16,6,SPRING FOREST RD,HOLLENDEN DR,0,35.855425,-78.57598333,0,12,6,0,2,2,0,1,3,1,0,1,0,0000000,19,19,19,31,19,51,0,0,0,1,1
37,370984,2,2,0,0,0,3,3,193,3370,27,10,2013,1,10,50,0,16,6,CHERRY ST,6TH STREET,0,36.16032778,-81.14121944,0,12,6,0,2,3,0,1,1,1,0,1,0,0000000,10,51,10,53,99,99,0,0,0,1,0
37,370985,3,3,0,0,0,4,4,1,1530,15,11,2013,6,16,0,1,13,3,SR-100,SR-1301,0,36.112475,-79.50940833,0,12,6,0,2,2,0,1,1,1,0,1,0,0000000,16,5,16,8,16,37,14,0,0,1,0
37,370986,2,2,0,0,0,2,2,9,0,12,11,2013,3,10,53,0,3,3,SR-163,,0,36.31611667,-81.36965278,0,12,6,0,4,1,0,1,1,1,0,1,0,0000000,10,47,10,54,11,23,0,0,0,1,0
37,370987,1,1,0,0,0,1,1,13,0,18,11,2013,2,1,54,0,3,3,SR-92,,0,99.99990000,999.99990000,0,53,0,0,1,1,0,4,2,1,0,1,0,0000000,2,7,2,17,2,24,0,0,0,1,0
37,370988,1,1,0,3,3,1,1,21,170,6,11,2013,4,20,15,0,13,3,SR-280,,0,35.43135833,-82.53460833,0,8,0,0,1,1,0,1,2,1,0,1,0,0000000,19,54,19,59,20,29,0,0,0,1,0
37,370989,2,2,0,0,0,3,3,25,1040,5,11,2013,3,12,48,0,16,6,WEDDINGTON RD,CONCORD FARMS RD,0,35.35883889,-80.67555833,0,12,6,0,2,3,0,1,1,1,0,1,0,0000000,12,50,12,57,13,25,0,0,0,1,0
37,370990,1,1,0,0,0,1,1,35,2150,16,11,2013,7,16,58,1,11,1,I-40,,0,35.709775,-81.34395556,0,42,0,1,5,1,0,4,1,1,0,1,0,0000000,16,59,17,5,17,26,0,0,0,1,0
37,370991,1,1,0,0,0,1,1,37,0,6,11,2013,4,12,12,0,3,3,SR-1726,,0,35.85435556,-79.01719722,0,42,0,0,1,1,0,4,1,1,0,1,0,0000000,12,7,12,14,88,88,0,0,0,1,0
37,370992,1,1,0,1,1,1,1,37,0,12,11,2013,3,17,28,0,4,4,CR-1011,,99999,35.63765278,-79.01515833,0,8,0,0,1,1,0,1,2,1,0,1,0,0000000,17,24,17,40,18,27,0,0,0,1,0
37,370993,1,1,0,1,1,1,1,39,0,5,11,2013,3,7,30,0,4,4,CR-1428,,99999,35.19006667,-83.88635,0,8,0,0,1,1,0,1,1,1,0,1,0,0000000,7,31,7,37,8,19,0,0,0,1,0
37,370994,1,1,0,0,0,3,3,51,9997,11,11,2013,2,21,47,1,12,2,US-301,,99999,35.12754167,-78.75778611,0,32,0,0,1,1,0,4,2,1,0,1,0,0000000,21,42,21,49,22,47,0,0,0,1,0
37,370995,1,1,0,0,0,3,3,67,5120,1,11,2013,6,3,28,0,12,6,UNIVERSITY PARKWAY,,99999,36.14449167,-80.27830556,0,5,0,0,1,1,0,1,3,10,0,10,0,0000000,99,99,99,99,99,99,0,0,0,1,0
37,370996,1,1,0,0,0,2,2,69,0,1,11,2013,6,18,12,0,6,4,CR-1238,,99999,36.16552222,-78.32329167,0,34,0,0,1,1,0,4,2,1,0,1,0,0000000,17,53,18,2,99,99,0,0,0,1,1
37,370997,2,2,0,0,0,2,2,69,0,6,11,2013,4,16,15,1,2,2,US-401,,99999,36.03548333,-78.35149444,0,12,2,0,1,1,0,1,1,1,0,1,0,0000000,16,7,16,16,17,11,0,0,0,1,0
37,370998,1,1,0,0,0,1,1,85,0,9,11,2013,7,16,21,0,6,4,CR-1120,,99999,35.26599167,-78.93141111,0,42,0,0,1,1,0,4,1,1,0,1,0,0000000,16,14,16,22,88,88,0,0,0,1,0
37,370999,1,1,0,0,0,5,5,85,0,10,11,2013,1,2,34,0,6,4,CR-1513,,99999,35.41218333,-78.73123056,0,34,0,0,1,1,0,4,2,1,0,1,0,0000000,2,35,2,47,3,10,0,0,0,3,1
37,371000,2,2,0,0,0,3,3,89,9997,10,11,2013,1,13,55,0,13,3,SR-280,,99999,35.39914444,-82.57011389,0,12,6,0,8,1,0,1,1,1,0,1,0,0000000,13,49,14,1,14,31,0,0,0,1,0
37,371001,2,2,0,0,0,2,2,91,0,3,11,2013,1,6,26,1,2,2,US-13,,99999,36.32376389,-76.98302778,0,12,6,0,1,1,0,1,1,1,0,1,0,0000000,6,23,6,28,88,88,0,0,0,1,0
37,371002,2,1,1,0,1,1,2,97,0,12,11,2013,3,3,48,1,1,1,I-77,,99999,35.97444167,-80.83976944,0,14,0,1,19,1,0,4,2,1,0,1,0,0000000,99,99,99,99,99,99,0,0,0,1,0
37,371003,2,2,0,0,0,4,4,101,0,10,11,2013,1,9,34,0,6,4,CR-1700,,99999,35.69618333,-78.36333889,0,12,2,0,1,1,0,1,1,1,0,1,0,0000000,9,28,9,42,10,17,0,0,0,2,0
37,371004,1,1,0,0,0,1,1,101,0,15,11,2013,6,23,47,0,5,4,CR-2309,,99999,35.492275,-78.26069722,0,34,0,0,1,1,0,4,2,10,0,10,0,0000000,99,99,99,99,88,88,0,0,0,1,0
37,371005,1,1,0,1,1,1,1,105,0,11,11,2013,2,16,14,1,2,2,US-15,,0,35.39109444,-79.25043611,0,8,0,0,1,1,0,1,1,1,0,1,0,0000000,16,15,16,27,16,39,0,0,0,1,0
37,371006,2,2,0,0,0,2,2,119,870,1,11,2013,6,15,10,0,16,6,W TYVOLA RD,,0,35.21091111,-80.90379444,0,12,6,0,1,1,0,1,1,2,0,2,0,0000000,15,12,15,22,99,99,0,0,0,1,0
37,371007,1,1,0,0,0,4,4,119,870,1,11,2013,6,0,42,0,16,6,S TRYON ST,RIVERGATE PARKWAY,0,35.10345278,-80.98655,0,30,0,0,3,2,0,4,3,1,0,1,0,0000000,0,42,0,49,88,88,0,0,0,4,1
37,371008,2,2,0,0,0,3,3,119,870,7,11,2013,5,19,19,0,16,6,LITTLE ROCK RD,I-85,0,35.23903889,-80.93970833,0,12,2,1,2,3,0,1,3,1,0,1,0,0000000,19,19,19,26,19,54,0,0,0,1,0
37,371009,2,2,0,0,0,4,4,119,870,11,11,2013,2,11,32,0,13,3,SR-29,,0,35.31776389,-80.73733333,0,12,6,0,1,1,0,1,1,1,0,1,0,0000000,11,31,11,38,12,35,0,0,0,1,0
37,371010,2,2,0,0,0,2,2,119,870,14,11,2013,5,14,56,0,16,6,E W T HARRIS BLVD,,0,35.29621389,-80.74376667,0,12,2,0,1,1,0,1,1,1,0,1,0,0000000,14,54,15,1,15,37,0,0,0,1,1
37,371011,1,1,0,1,1,1,1,125,0,10,11,2013,1,19,15,0,3,3,SR-705,,0,35.43466389,-79.58697778,0,8,0,0,1,1,0,1,2,1,0,1,0,0000000,99,99,99,99,99,99,23,0,0,1,0
37,371012,1,1,0,7,7,3,3,65,3930,3,11,2013,1,1,22,0,16,6,TYAN ST,,0,35.92216111,-77.79411667,0,8,0,0,1,1,0,1,2,1,0,1,0,0000000,99,99,99,99,99,99,0,0,0,1,0
37,371013,1,1,0,0,0,1,1,127,0,17,11,2013,1,6,56,0,3,3,SR-97,,0,35.97116667,-77.77974444,0,34,0,0,1,1,0,4,1,10,0,10,0,0000000,6,51,7,5,88,88,0,0,0,1,0
37,371014,2,2,0,0,0,2,2,133,0,6,11,2013,4,6,43,0,3,3,SR-1230,SR-1219,0,34.86417222,-77.62854722,0,12,6,0,2,2,0,1,1,1,0,1,0,0000000,6,42,6,49,88,88,0,0,0,1,0
37,371015,1,1,0,0,0,1,1,133,0,9,11,2013,7,4,0,0,3,3,SR-1324,,0,34.82675278,-77.43446667,0,34,0,0,1,1,0,4,2,1,0,1,0,0000000,4,10,4,18,4,43,0,0,0,1,1
37,371016,3,3,0,0,0,4,4,133,0,14,11,2013,5,17,20,0,3,3,SR-172,,0,34.71120556,-77.23383889,0,12,7,0,4,1,0,1,5,1,0,1,0,0000000,17,28,17,39,18,36,0,0,0,1,0
37,371017,1,1,0,0,0,1,1,133,0,16,11,2013,7,8,48,0,3,3,SR-111,,0,34.82048333,-77.53482222,0,42,0,0,1,1,0,4,1,5,0,5,0,0000000,8,44,8,52,9,35,0,0,0,1,0
37,371018,1,1,0,0,0,1,1,153,0,2,11,2013,7,11,50,0,4,4,CR-1424,,99999,34.969825,-79.74238333,0,42,0,0,1,1,0,4,1,1,0,1,0,0000000,11,55,12,0,12,24,0,0,0,1,0
37,371019,2,2,0,0,0,2,2,157,0,15,11,2013,6,12,8,1,2,2,US-158,,99999,36.39583611,-79.54371944,0,12,2,0,1,1,0,1,1,10,0,10,0,0000000,12,0,12,13,12,43,0,0,0,1,0
37,371020,1,1,0,0,0,2,2,167,0,15,11,2013,6,5,29,0,4,3,SR-740,,99999,35.44205278,-80.15532222,0,34,0,0,1,1,0,4,2,1,0,1,0,0000000,5,24,5,31,6,46,0,0,0,2,1
37,371021,1,1,0,0,0,1,1,175,0,15,11,2013,6,4,24,1,2,2,US-64,,99999,35.276425,-82.63381944,0,42,0,0,1,1,0,4,2,1,0,1,0,0000000,4,19,4,27,88,88,0,0,0,1,0
37,371022,1,1,0,1,1,1,1,179,3100,3,11,2013,1,21,44,0,14,6,CHARLOTTE HIGHWAY,,99999,35.02285556,-80.59338333,0,8,0,0,1,1,0,1,1,10,0,10,0,0000000,21,44,21,48,22,21,0,0,0,1,0
37,371023,1,1,0,0,0,1,1,179,0,4,11,2013,2,20,29,0,4,3,SR-16,,99999,34.97941667,-80.77140556,0,11,0,0,1,1,0,1,2,1,0,1,0,0000000,18,37,18,41,18,58,0,0,0,1,0
37,371024,3,3,0,0,0,3,3,179,2290,12,11,2013,3,13,5,1,12,2,US-74,UNIONVILLE INDIAN TRAIL ROAD,99999,35.076425,-80.65289444,0,12,6,1,2,2,0,1,1,1,0,1,0,0000000,13,21,13,24,14,8,0,0,0,1,0
37,371025,1,1,0,0,0,1,1,181,0,9,11,2013,7,0,43,0,4,4,CR-1519,,99999,36.33367222,-78.35221389,0,1,0,0,1,1,0,4,2,1,0,1,0,0000000,0,28,0,34,88,88,0,0,0,1,1