STATE,ST_CASE,VE_TOTAL,VE_FORMS,PVH_INVL,PEDS,PERNOTMVIT,PERMVIT,PERSONS,COUNTY,CITY,DAY,MONTH,YEAR,DAY_WEEK,HOUR,MINUTE,NHS,ROAD_FNC,ROUTE,TWAY_ID,TWAY_ID2,MILEPT,LATITUDE,LONGITUD,SP_JUR,HARM_EV,MAN_COLL,RELJCT1,RELJCT2,TYP_INT,WRK_ZONE,REL_ROAD,LGT_COND,WEATHER1,WEATHER2,WEATHER,SCH_BUS,RAIL,NOT_HOUR,NOT_MIN,ARR_HOUR,ARR_MIN,HOSP_HR,HOSP_MN,CF1,CF2,CF3,FATALS,DRUNK_DR
37,371026,1,1,0,0,0,1,1,183,3750,3,11,2013,1,2,26,0,14,6,WAKE FOREST ROAD,,99999,35.80147222,-78.62950833,0,59,0,0,5,1,0,4,2,1,0,1,0,0000000,2,28,2,33,88,88,0,0,0,1,1
37,371027,2,2,0,0,0,2,2,191,0,17,11,2013,1,2,30,0,4,3,SR-55,,99999,35.215725,-77.83376667,0,12,2,0,1,1,0,1,2,5,10,5,0,0000000,3,2,3,6,88,88,0,0,0,2,1
37,371028,1,1,0,0,0,1,1,193,0,2,11,2013,7,14,35,0,6,6,CR-1162,,99999,36.07086111,-81.40276111,0,1,0,0,1,1,0,4,1,10,0,10,0,0000000,14,30,14,49,88,88,0,0,0,1,0
37,371029,1,1,0,3,3,1,1,193,0,6,11,2013,4,17,53,0,6,4,CR-1194,,99999,36.11970278,-81.17114722,0,15,0,0,1,1,0,1,2,10,0,10,0,0000000,17,53,17,57,99,99,0,0,0,1,0
37,371030,2,2,0,0,0,3,3,193,0,9,11,2013,7,15,45,0,5,4,CR-2355,,99999,36.14585833,-81.07951944,0,12,6,0,1,1,0,1,1,1,0,1,0,0000000,15,56,16,3,17,4,0,0,0,1,0
37,371031,2,2,0,0,0,2,2,23,1850,24,9,2013,3,17,49,1,2,2,US-70,LONDON STREET,99999,35.72791111,-81.77984722,0,12,6,0,2,2,0,1,2,1,0,1,0,0000000,19,48,19,49,20,1,0,0,0,1,0
37,371032,2,1,1,0,0,1,1,3,0,16,11,2013,7,23,36,0,6,6,CR-1452,,99999,35.97858611,-81.00985278,0,53,0,0,1,1,0,4,2,10,0,10,0,0000000,23,38,23,57,88,88,0,0,0,1,0
37,371033,4,4,0,0,0,5,5,7,0,26,11,2013,3,17,32,1,2,2,US-74,CR-1801,99999,34.94416944,-79.88730278,0,12,6,0,2,2,0,1,2,10,2,2,0,0000000,17,26,17,36,18,30,0,0,0,1,0
37,371034,1,1,0,1,1,1,1,13,0,22,11,2013,6,22,28,0,4,4,CR-1311,,99999,35.52231944,-77.00383056,0,8,0,0,1,1,0,1,2,1,0,1,0,0000000,99,99,99,99,99,99,0,0,0,1,0
37,371035,2,2,0,0,0,3,3,19,0,27,11,2013,4,9,37,0,4,3,SR-130,,99999,33.93925833,-78.29688611,0,12,2,0,1,1,0,1,1,2,0,2,0,0000000,9,37,9,57,99,99,0,0,0,1,0
37,371036,2,2,0,0,0,6,6,23,0,25,11,2013,2,17,44,0,4,4,CR-1627,,99999,35.73000833,-81.44219444,0,12,6,0,1,1,0,1,2,1,0,1,0,0000000,17,44,17,48,18,10,0,0,0,1,0
37,371037,1,1,0,0,0,2,2,31,0,30,11,2013,7,14,56,1,2,2,US-70,,99999,34.78638889,-76.61928333,0,34,0,0,1,1,0,4,1,1,0,1,0,0000000,14,54,15,1,15,37,0,0,0,1,1
37,371038,1,1,0,1,1,1,1,49,0,20,11,2013,4,21,59,1,2,2,US-70,CR-1104,99999,34.988825,-76.98197778,0,8,0,0,2,2,0,1,2,1,0,1,0,0000000,99,99,99,99,99,99,0,0,0,1,0
37,371039,1,1,0,0,0,1,1,51,0,9,11,2013,7,2,58,0,6,6,CR-1841,,99999,99.99990000,999.99990000,0,1,0,0,1,1,0,4,2,1,0,1,0,0000000,1,56,2,22,2,46,0,0,0,1,1
37,371040,1,1,0,0,0,1,1,57,0,26,11,2013,3,7,21,0,4,3,SR-109,,99999,35.68022778,-80.09953889,0,42,0,0,1,1,0,4,1,10,2,2,0,0000000,7,16,7,22,88,88,0,0,0,1,0
37,371041,1,1,0,0,0,5,5,71,0,29,11,2013,6,7,20,0,4,3,SR-273,,99999,35.20144444,-81.02368889,0,43,0,0,1,1,0,4,1,1,0,1,0,0000000,7,21,7,25,7,47,0,0,0,1,0
37,371042,1,1,0,0,0,1,1,77,0,16,11,2013,7,21,18,0,4,3,SR-56,,99999,36.13674722,-78.56113333,0,42,0,0,1,1,0,4,2,10,5,5,0,0000000,21,11,21,29,22,10,0,0,0,1,1
37,371043,1,1,0,0,0,1,1,93,0,23,11,2013,7,7,45,0,5,4,CR-1219,,99999,35.04208333,-79.35195833,0,42,0,0,1,1,0,4,1,1,0,1,0,0000000,99,99,99,99,88,88,0,0,0,1,1
37,371044,1,1,0,0,0,2,2,97,0,17,11,2013,1,1,9,1,2,2,US-21,,99999,35.92222222,-80.79273889,0,32,0,0,1,1,0,4,2,1,0,1,0,0000000,0,59,1,7,2,7,0,0,0,1,1
37,371045,1,1,0,0,0,3,3,101,0,23,11,2013,7,21,56,0,6,4,CR-1541,,99999,35.54041667,-78.66530833,0,42,0,0,1,1,0,4,2,10,0,10,0,0000000,99,99,99,99,99,99,0,0,0,3,0
37,371046,1,1,0,0,0,1,1,117,0,25,11,2013,2,14,13,0,3,3,SR-11,,99999,35.88549167,-77.32684444,0,34,0,0,1,1,0,4,1,1,0,1,0,0000000,14,6,14,12,14,43,0,0,0,1,0
37,371047,1,1,0,1,1,1,1,119,870,21,11,2013,5,18,19,0,13,6,EASTWAY DRIVE,,99999,35.21479722,-80.78078056,0,8,0,0,1,1,0,1,3,1,0,1,0,0000000,18,19,18,24,18,42,0,0,0,1,0
37,371048,1,1,0,0,0,1,1,127,0,17,11,2013,1,14,47,0,4,3,SR-58,,99999,35.99519722,-78.00035833,0,1,0,0,1,1,0,1,1,10,0,10,0,0000000,14,41,14,53,15,23,0,0,0,1,0
37,371049,1,1,0,1,1,1,1,135,0,19,11,2013,3,18,20,0,6,4,CR-1104,,99999,35.94005833,-79.13775,0,8,0,0,1,1,0,1,2,1,0,1,0,0000000,18,20,18,28,88,88,0,0,0,1,0
37,371050,1,1,0,0,0,1,1,135,0,23,11,2013,7,15,54,0,4,4,CR-1005,,99999,35.90441944,-79.10476944,0,35,0,0,1,1,0,4,1,1,0,1,0,0000000,15,51,15,58,88,88,0,0,0,1,1
37,371051,1,1,0,0,0,3,3,141,0,17,11,2013,1,4,36,1,2,2,US-421,,99999,34.66147222,-78.14053611,0,34,0,0,1,1,0,4,2,1,0,1,0,0000000,4,33,4,46,5,31,0,0,0,1,1
37,371052,1,1,0,0,0,1,1,155,0,16,11,2013,7,19,32,0,4,4,CR-1931,,99999,34.74408611,-78.93738889,0,53,0,0,1,1,0,4,2,1,0,1,0,0000000,19,32,19,43,88,88,0,0,0,1,1
37,371053,1,1,0,0,0,1,1,173,0,22,11,2013,6,13,44,0,6,6,CR-1182,CR-1177,99999,35.42026944,-83.37001111,0,35,0,0,3,3,1,4,1,10,0,10,0,0000000,13,29,13,43,88,88,0,0,0,1,0
37,371054,1,1,0,0,0,1,1,183,3750,23,11,2013,7,4,1,0,13,6,CAPITAL BLVD,,99999,35.81363611,-78.60793611,0,42,0,0,1,1,0,4,3,10,0,10,0,0000000,4,2,4,7,88,88,0,0,0,1,1
37,371055,2,2,0,0,0,2,2,183,3750,13,11,2013,4,6,19,0,14,6,WESTERN BLVD,HUNT DRIVE,99999,35.77481389,-78.656625,0,12,6,0,2,2,0,1,1,1,0,1,0,0000000,6,19,6,27,6,53,0,0,0,1,0
37,371056,2,2,0,0,0,4,4,191,0,23,11,2013,7,17,30,1,2,2,US-117,,99999,35.22095833,-78.05685278,0,12,2,0,1,1,0,1,1,10,0,10,0,0000000,17,38,17,43,18,14,0,0,0,1,1
37,371057,1,1,0,0,0,3,3,193,0,30,11,2013,7,21,13,0,5,4,CR-1103,,99999,36.09866389,-81.20146111,0,35,0,0,1,1,0,4,2,1,0,1,0,0000000,99,99,99,99,99,99,0,0,0,1,1
37,371058,2,2,0,0,0,2,2,195,5070,6,11,2013,4,15,31,0,13,6,WARD BLVD,DELANO AVE,99999,35.71766667,-77.93401111,0,59,0,0,3,2,0,4,1,1,0,1,0,0000000,15,31,15,34,16,3,0,0,0,1,0
37,371059,1,1,0,0,0,1,1,13,0,19,11,2013,3,0,35,1,2,2,US-264,,99999,35.60392222,-77.13496667,0,34,0,0,1,1,0,4,2,1,0,1,0,0000000,0,32,0,38,88,88,0,0,0,1,0
37,371060,1,1,0,0,0,1,1,21,170,22,11,2013,6,9,1,1,12,2,US-19/23,,99999,35.57898333,-82.59528333,0,1,0,0,1,1,0,4,1,10,0,10,0,0000000,9,2,9,2,9,24,0,0,0,1,0
37,371061,1,1,0,0,0,1,1,21,170,9,11,2013,7,3,50,1,12,2,US-70,,99999,35.59933889,-82.54096667,0,38,0,0,1,1,0,4,3,1,0,1,0,0000000,3,59,4,1,4,14,0,0,0,1,1
37,371062,2,2,0,0,0,3,3,35,3300,6,11,2013,4,10,28,0,13,3,SR-16,BURRIS ROAD,99999,35.68086667,-81.194375,0,12,6,0,2,2,0,1,1,1,0,1,0,0000000,10,29,10,38,11,6,0,0,0,1,0
37,371063,1,1,0,0,0,2,2,47,0,21,11,2013,5,20,20,0,6,6,CR-1333,,99999,34.28806667,-78.78806667,0,35,0,0,1,1,0,4,2,1,0,1,0,0000000,20,9,20,21,20,40,0,0,0,1,0
37,371064,1,1,0,0,0,1,1,51,1670,14,11,2013,5,7,12,0,16,6,DUNN ROAD,,99999,35.05922778,-78.840325,0,38,0,0,1,1,0,4,2,1,0,1,0,0000000,99,99,99,99,88,88,0,0,0,1,1
37,371065,3,3,0,0,0,3,3,51,1670,26,11,2013,3,15,11,1,12,2,US-401,,99999,35.10123056,-78.9025,0,12,6,0,1,1,0,1,1,2,0,2,0,0000000,15,12,15,19,16,1,0,0,0,1,0
37,371066,3,3,0,0,0,3,3,55,2435,12,11,2013,3,9,48,1,12,2,US-158,,99999,36.00522778,-75.65586389,0,12,7,0,1,1,0,1,1,1,0,1,0,0000000,9,47,9,53,88,88,0,0,0,1,0
37,371067,1,1,0,1,1,1,1,63,1360,19,11,2013,3,23,22,0,16,6,S. LASALLE STREET,,99999,36.009275,-78.94846944,0,8,0,0,1,1,0,1,2,1,0,1,0,0000000,23,23,23,29,23,38,0,0,0,1,0
37,371068,1,1,0,0,0,1,1,71,0,15,11,2013,6,7,29,0,3,4,CR-2000,,99999,35.29978056,-81.08009444,0,32,0,0,1,1,0,4,1,1,0,1,0,0000000,7,25,7,32,7,44,0,0,0,1,0
37,371069,1,1,0,0,0,3,3,71,0,28,11,2013,5,21,51,0,6,4,CR-1647,,99999,35.41820278,-81.42929444,0,1,0,0,1,1,0,4,2,1,0,1,0,0000000,21,47,21,59,22,30,0,0,0,1,1
37,371070,2,2,0,0,0,2,2,71,0,30,11,2013,7,6,31,0,4,3,SR-279,,99999,35.35365833,-81.24981389,0,11,0,0,1,1,0,1,2,1,0,1,0,0000000,6,48,6,57,88,88,14,0,0,1,0
37,371071,4,4,0,0,0,9,9,97,3110,13,11,2013,4,13,43,0,13,3,SR-150,,99999,35.59593056,-80.81583889,0,12,6,0,8,1,0,1,1,1,0,1,0,0000000,13,43,13,49,99,99,0,0,0,1,0
37,371072,2,2,0,0,0,2,2,123,4660,8,11,2013,6,14,5,0,16,6,ELDORADO STREET,BURNETT STREET,99999,35.36376111,-79.90056944,0,12,6,0,2,3,0,1,1,1,0,1,0,0000000,14,4,14,10,15,16,0,0,0,1,0
37,371073,1,1,0,0,0,1,1,163,0,28,11,2013,5,13,29,0,3,3,SR-1322,,0,35.03104167,-78.49021667,0,34,0,0,1,1,0,4,1,1,0,1,0,0000000,13,25,13,39,88,88,0,0,0,1,1
37,371074,1,1,0,0,0,1,1,169,0,23,11,2013,7,2,43,0,3,3,SR-1926,,0,36.262875,-80.13289722,0,1,0,0,1,1,0,4,2,10,0,10,0,0000000,2,38,2,49,3,34,0,0,0,1,1
37,371075,3,3,0,0,0,4,4,171,0,3,11,2013,1,16,41,0,3,3,SR-2000,,0,99.99990000,999.99990000,0,12,1,0,1,1,0,1,1,1,0,1,0,0000000,16,40,16,46,88,88,0,0,0,1,0
37,371076,2,1,1,1,4,1,4,183,800,27,11,2013,4,5,20,1,13,2,US-1,,0,35.74497222,-78.77867778,0,8,0,0,1,1,0,4,2,2,0,2,0,0000000,99,99,99,99,99,99,19,24,0,1,0
37,371077,1,1,0,0,0,1,1,23,0,5,12,2013,5,23,5,0,3,3,SR-1142,,0,35.70441389,-81.78522778,0,32,0,0,1,1,0,4,2,2,0,2,0,0000000,23,3,23,15,23,33,0,0,0,1,1
37,371078,1,1,0,0,0,1,1,37,0,2,12,2013,2,22,9,0,3,3,SR-902,,0,35.80872778,-79.25175833,0,42,0,0,1,1,0,4,2,1,0,1,0,0000000,22,6,22,20,88,88,0,0,0,1,1
37,371079,1,1,0,0,0,2,2,83,0,3,12,2013,3,22,43,0,3,3,SR-1101,,0,99.99990000,999.99990000,0,34,0,0,1,1,0,4,2,1,0,1,0,0000000,22,38,22,51,23,5,0,0,0,1,0
37,371080,1,1,0,0,0,1,1,97,0,4,12,2013,4,15,21,0,3,3,SR-150,,0,35.54495556,-81.10016389,0,35,0,0,1,1,0,4,1,5,0,5,0,0000000,99,99,99,99,88,88,0,0,0,1,0
37,371081,2,2,0,0,0,2,2,113,0,1,12,2013,1,12,7,1,2,2,US-64,SR-1486,0,35.16633889,-83.39113333,0,12,6,0,2,2,0,1,1,1,0,1,0,0000000,12,1,12,8,12,38,0,0,0,1,0
37,371082,2,2,0,0,0,6,6,133,0,4,12,2013,4,13,52,1,2,2,US-258,,0,34.7556,-77.471975,0,12,6,0,1,1,0,1,1,10,0,10,0,0000000,13,53,14,1,99,99,0,0,0,1,0
37,371083,1,1,0,0,0,1,1,133,0,6,12,2013,6,21,16,1,2,2,US-17,,0,34.49613611,-77.55314722,0,34,0,0,1,1,0,4,2,1,0,1,0,0000000,21,3,21,14,88,88,0,0,0,1,1
37,371084,2,2,0,0,0,2,2,141,0,5,12,2013,5,8,39,0,3,3,SR-1332,SR-1345,0,34.57869444,-77.98635833,0,12,6,0,2,2,0,1,1,1,0,1,0,0000000,8,36,8,44,8,58,0,0,0,1,0
37,371085,1,1,0,0,0,5,5,155,0,1,12,2013,1,19,19,0,3,3,SR-41,,0,34.63485,-78.98516944,0,1,0,0,1,1,0,4,2,1,0,1,0,0000000,19,20,19,29,20,9,0,0,0,1,0
37,371086,2,2,0,0,0,2,2,159,4070,3,12,2013,3,6,12,0,16,6,STATESVILLE RD,,0,35.71506667,-80.58476944,0,12,2,0,1,1,0,1,2,1,0,1,0,0000000,6,15,6,17,7,13,0,0,0,1,1
37,371087,1,1,0,0,0,1,1,191,3200,1,12,2013,1,14,27,1,2,2,US-117,,0,35.20703333,-78.07280278,0,24,0,0,1,1,0,4,1,1,0,1,0,0000000,14,22,14,26,88,88,0,0,0,1,1
37,371088,1,1,0,1,1,1,1,173,0,21,8,2013,4,15,27,0,6,8,ADAMS CREEK ROAD,ADAMS CREEK ROAD,99999,35.47996944,-83.352075,3,8,0,0,3,3,0,1,1,1,0,1,0,0000000,15,30,15,34,16,41,0,0,0,1,0
37,371089,2,2,0,0,0,2,2,191,0,5,9,2013,5,12,30,1,2,2,US-70,CR-1232,99999,35.44706667,-78.11303889,0,12,6,0,2,3,0,1,1,1,0,1,0,0000000,12,25,12,33,12,55,0,0,0,1,0
37,371090,2,2,0,0,0,4,4,21,4910,9,10,2013,4,5,50,0,6,6,AIKEN ROAD,,99999,35.68506111,-82.57371944,0,12,8,0,1,1,0,1,2,1,0,1,0,0000000,99,99,99,99,99,99,0,0,0,1,0
37,371091,2,2,0,0,0,2,2,85,0,19,10,2013,7,19,2,0,2,3,SR-24,,99999,35.21767222,-79.00168056,0,12,1,0,1,1,0,1,2,10,0,10,0,0000000,18,56,19,10,99,99,0,0,0,1,1
37,371092,1,1,0,0,0,1,1,135,780,2,10,2013,4,23,23,0,6,6,SEAWELL SCHOOL ROAD,,99999,35.93184722,-79.07518056,0,42,0,0,1,1,0,4,2,1,0,1,0,0000000,23,26,23,33,23,48,0,0,0,1,1
37,371093,1,1,0,0,0,2,2,183,3750,29,11,2013,6,19,10,0,3,6,LYNN ROAD,,99999,35.87203333,-78.66074444,0,33,0,0,1,1,0,4,3,1,0,1,0,0000000,19,11,19,15,88,88,0,0,0,2,1
37,371094,1,1,0,0,0,1,1,47,0,3,12,2013,3,15,56,0,4,4,CR-1004,,99999,34.26367778,-78.82062778,0,34,0,0,1,1,0,4,1,1,0,1,0,0000000,15,52,99,99,99,99,0,0,0,1,0
37,371095,1,1,0,1,1,1,1,47,0,10,12,2013,3,9,19,0,5,4,CR-1303,,99999,99.99990000,999.99990000,0,8,0,0,1,1,0,4,1,10,0,10,0,0000000,9,21,9,39,88,88,0,0,0,1,0
37,371096,2,1,1,0,0,1,1,47,0,12,12,2013,5,17,59,1,2,2,US-74,,99999,34.31645833,-78.22793333,0,14,0,0,1,1,0,4,2,1,0,1,0,0000000,17,56,18,5,88,88,0,0,0,1,0
37,371097,2,2,0,0,0,2,2,49,2078,3,12,2013,3,19,22,1,12,2,US-70,,99999,34.87281389,-76.90225833,0,12,2,0,1,1,0,1,3,1,0,1,0,0000000,21,7,21,8,88,88,20,0,0,1,1
37,371098,1,1,0,0,0,1,1,57,0,17,12,2013,3,2,37,0,3,4,CR-1741,,99999,35.99159722,-80.08034167,0,34,0,0,1,1,0,4,2,1,0,1,0,0000000,2,34,2,43,3,12,0,0,0,1,1
37,371099,3,3,0,0,0,7,7,69,0,8,12,2013,1,12,32,0,4,3,SR-39,,99999,35.85372778,-78.26906389,0,12,8,0,1,1,0,1,1,2,0,2,0,0000000,12,31,12,42,99,99,0,0,0,1,0
37,371100,2,1,1,0,0,1,1,81,1940,6,12,2013,6,19,33,0,16,6,SUMMIT AVE,,0,36.08918333,-79.77371111,0,14,0,0,1,1,0,2,3,1,0,1,0,0000000,19,36,19,39,20,3,0,0,0,1,0
37,371101,1,1,0,0,0,1,1,81,1940,5,12,2013,5,23,53,0,16,6,HORSE PEN CREEK RD,,0,36.14708889,-79.87294444,0,42,0,0,1,1,0,4,2,10,0,10,0,0000000,99,99,99,99,88,88,0,0,0,1,1
37,371102,1,1,0,1,1,1,1,85,0,6,12,2013,6,18,2,0,3,3,SR-210,,0,35.42016944,-78.80740278,0,8,0,0,1,1,0,1,2,1,0,1,0,0000000,18,6,18,13,88,88,19,0,0,1,0
37,371103,1,1,0,0,0,2,2,85,0,9,12,2013,2,16,2,0,3,3,SR-1209,,0,35.33953889,-79.04669722,0,59,0,0,1,1,0,4,1,10,0,10,0,0000000,15,59,16,0,16,47,0,0,0,1,0
37,371104,1,1,0,0,0,2,2,91,0,17,12,2013,3,22,20,0,3,3,SR-1154,,0,36.31905556,-77.162175,0,34,0,0,1,1,0,4,2,1,0,1,0,0000000,22,57,23,18,99,99,0,0,0,1,1
37,371105,1,1,0,0,0,1,1,101,0,13,12,2013,6,23,43,0,3,3,SR-1501,,0,35.57881111,-78.36243333,0,42,0,0,1,1,0,4,2,1,0,1,0,0000000,23,39,23,43,88,88,0,0,0,1,1
37,371106,3,2,1,1,1,4,4,101,0,13,12,2013,6,6,38,1,2,2,US-70,,0,35.60006111,-78.41304722,0,8,0,0,1,1,0,1,4,1,0,1,0,0000000,6,32,6,44,99,99,19,0,0,1,0
37,371107,1,1,0,0,0,1,1,101,0,18,12,2013,4,14,20,0,3,3,SR-96,,0,35.54257222,-78.28310278,0,42,0,0,1,1,0,4,1,1,0,1,0,0000000,14,17,14,26,15,30,0,0,0,1,0
37,371108,1,1,0,0,0,1,1,105,0,11,12,2013,4,18,6,1,2,2,US-1,,0,35.37396389,-79.23179722,0,32,0,0,1,1,0,4,2,1,0,1,0,0000000,17,57,18,5,88,88,0,0,0,1,0
37,371109,1,1,0,0,0,1,1,105,0,12,12,2013,5,16,37,1,2,2,US-1,,0,35.37438333,-79.23196667,0,34,0,0,1,1,0,3,1,1,0,1,0,0000000,16,36,16,47,17,24,0,0,0,1,0
37,371110,2,2,0,0,0,2,2,109,0,10,12,2013,3,14,28,0,3,3,SR-1313,,0,35.52801111,-81.03538333,0,12,2,0,1,1,0,1,1,10,0,10,0,0000000,14,24,14,29,15,59,0,0,0,1,1
37,371111,2,2,0,0,0,3,3,113,0,2,12,2013,2,17,49,1,2,2,US-64,,0,35.14501389,-83.30536944,0,12,2,0,1,1,0,1,5,10,0,10,0,0000000,17,46,17,50,18,12,0,0,0,1,1
37,371112,2,2,0,0,0,3,3,129,5060,12,12,2013,5,17,32,0,16,6,INDEPENDENCE BLVD,,0,34.204775,-77.90836389,0,12,6,0,4,1,0,1,3,1,0,1,0,0000000,17,31,17,39,17,59,0,0,0,1,1
37,371113,1,1,0,1,1,1,1,147,1950,12,12,2013,5,21,6,0,16,6,10TH ST,,0,35.60328056,-77.35665833,0,8,0,0,1,1,0,1,3,1,0,1,0,0000000,21,4,21,9,21,35,0,0,0,1,0
37,371114,1,1,0,0,0,1,1,147,0,15,12,2013,1,21,33,0,3,3,SR-1108,,0,35.43437778,-77.42172222,0,42,0,0,1,1,0,4,2,1,0,1,0,0000000,21,34,21,41,22,24,0,0,0,1,1
37,371115,2,2,0,0,0,3,3,163,0,8,12,2013,1,16,57,0,3,3,SR-1002,SR-1608,0,35.18234722,-78.55717778,0,12,6,0,2,3,0,1,1,2,0,2,0,0000000,99,99,99,99,99,99,0,0,0,1,1
37,371116,1,1,0,0,0,1,1,165,0,10,12,2013,3,3,32,0,3,3,SR-1341,,0,34.77678333,-79.49819722,0,42,0,0,1,1,0,4,2,2,0,2,0,0000000,3,29,3,52,88,88,0,0,0,1,0
37,371117,1,1,0,0,0,1,1,175,0,15,12,2013,1,23,35,0,6,6,UGUGU DR,,0,35.14942778,-82.76243333,0,43,0,0,1,1,0,4,2,1,0,1,0,0000000,23,19,23,40,88,88,0,0,0,1,1
37,371118,1,1,0,0,0,2,2,179,0,14,12,2013,7,15,29,1,2,2,US-601,,0,35.00206667,-80.54435833,0,26,0,0,1,1,0,3,1,2,0,2,0,0000000,99,99,99,99,99,99,0,0,0,1,0
37,371119,2,2,0,0,0,2,2,183,2230,6,12,2013,6,7,38,0,14,3,SR-55,OLD ADAMS RD,0,35.62753056,-78.82205833,0,12,6,0,2,3,0,1,1,1,0,1,0,0000000,7,40,7,48,8,21,0,0,0,1,0
37,371120,2,2,0,0,0,2,2,183,0,10,12,2013,3,11,14,0,3,3,SR-42,,0,99.99990000,999.99990000,0,12,2,0,1,1,0,1,1,2,0,2,0,0000000,11,11,11,17,12,24,0,0,0,1,0
37,371121,2,2,0,0,0,3,3,183,3750,15,12,2013,1,21,20,0,16,6,NORTH HILLS DR,,0,35.8581,-78.657,0,12,8,0,1,1,0,1,3,1,0,1,0,0000000,21,21,21,26,21,44,0,0,0,1,0
37,371122,1,1,0,0,0,1,1,191,0,13,12,2013,6,0,29,0,3,3,SR-1535,,0,99.99990000,999.99990000,0,34,0,0,1,1,0,4,2,1,0,1,0,0000000,7,11,7,15,88,88,0,0,0,1,1
37,371123,1,1,0,0,0,1,1,197,0,5,12,2013,5,21,34,0,3,3,SR-1605,SR-1765,0,36.12879444,-80.63918333,0,35,0,0,3,3,0,4,2,2,0,2,0,0000000,21,30,21,34,88,88,0,0,0,1,0
37,371124,2,2,0,0,0,3,3,67,5120,21,10,2013,2,7,33,0,14,6,THOMASVILLE ROAD,,99999,36.04722778,-80.19871389,0,12,2,0,1,1,0,1,1,1,0,1,0,0000000,7,33,7,57,8,15,0,0,0,1,0
37,371125,2,2,0,0,0,2,2,159,0,3,10,2013,5,9,45,0,3,3,SR-152,,99999,35.58066667,-80.71828333,0,12,6,0,8,1,0,1,1,1,0,1,0,0000000,10,39,11,8,88,88,0,0,0,1,0
37,371126,2,2,0,0,0,5,5,57,2620,17,11,2013,1,16,42,0,13,6,S. MAIN STREET,WILFRED AVE,99999,35.81059444,-80.26839444,0,12,6,0,2,3,0,1,1,10,0,10,0,0000000,16,43,16,53,17,5,0,0,0,1,0
37,371127,1,1,0,1,1,2,2,129,5060,26,11,2013,3,18,54,0,13,6,MARKET STREET,,99999,34.24366944,-77.88441944,0,8,0,0,1,1,0,1,3,2,0,2,0,0000000,18,53,19,0,88,88,0,0,0,1,0
37,371128,1,1,0,1,1,1,1,129,5060,27,11,2013,4,20,28,0,13,6,EASTWOOD ROAD,,99999,34.22395556,-77.82306389,0,8,0,0,8,1,0,1,3,1,0,1,0,0000000,20,27,20,34,88,88,0,0,0,1,0
37,371129,2,1,1,0,0,1,1,1,0,25,12,2013,4,5,25,0,2,3,SR-87,CR-1626,99999,36.12233611,-79.48595833,0,59,0,0,3,2,0,4,2,1,0,1,0,0000000,5,13,5,20,6,48,0,0,0,1,1
37,371130,1,1,0,0,0,1,1,1,700,27,12,2013,6,11,29,0,15,6,ST MARKS CHURCH ROAD,,99999,36.07843889,-79.51384167,0,30,0,0,1,1,0,4,1,1,0,1,0,0000000,11,30,11,36,11,55,0,0,0,1,0
37,371131,1,1,0,0,0,2,2,5,0,18,12,2013,4,12,24,0,4,3,SR-93,,99999,36.57123056,-81.30690833,0,1,0,0,1,1,0,4,1,1,0,1,0,0000000,12,0,12,16,88,88,0,0,0,1,0
37,371132,1,1,0,0,0,1,1,13,0,28,12,2013,7,4,44,0,4,3,SR-171,,99999,35.65238333,-77.04211389,0,34,0,0,1,1,0,4,2,1,0,1,0,0000000,4,41,4,52,5,13,0,0,0,1,1
37,371133,1,1,0,0,0,1,1,17,0,21,12,2013,7,6,53,0,6,4,CR-1730,,99999,34.41195,-78.46375556,0,32,0,0,1,1,0,4,4,1,0,1,0,0000000,6,53,7,20,88,88,0,0,0,1,1
37,371134,1,1,0,0,0,1,1,37,0,25,12,2013,4,2,43,0,4,4,CR-1006,,99999,35.64109167,-79.47645556,0,34,0,0,1,1,0,4,2,1,0,1,0,0000000,2,39,2,51,88,88,0,0,0,1,1
37,371135,1,1,0,0,0,1,1,51,1670,1,12,2013,1,17,18,0,16,8,YELLOW RIBBON ROAD,,99999,35.05556111,-79.04865,0,38,0,0,1,1,0,4,1,1,0,1,0,0000000,17,18,17,25,17,48,0,0,0,1,0
37,371136,2,2,0,1,1,2,2,51,1670,2,12,2013,2,18,21,0,12,6,ALL AMERICAN FREEWAY,,99999,35.09495833,-78.96812222,0,8,0,0,1,1,0,1,5,1,0,1,0,0000000,18,28,18,32,18,52,14,0,0,1,0
37,371137,2,2,0,1,1,4,4,51,2250,13,12,2013,6,18,55,0,13,3,SR-59,,99999,34.97948889,-78.95898333,0,8,0,0,1,1,0,11,3,1,0,1,0,0000000,18,55,19,2,19,20,14,0,0,1,0
37,371139,1,1,0,0,0,1,1,57,0,25,12,2013,4,15,12,0,4,4,CR-2087,,99999,35.85554444,-80.1126,0,30,0,0,1,1,0,4,1,1,0,1,0,0000000,15,12,15,18,88,88,0,0,0,1,1