STATE,ST_CASE,VE_TOTAL,VE_FORMS,PVH_INVL,PEDS,PERNOTMVIT,PERMVIT,PERSONS,COUNTY,CITY,DAY,MONTH,YEAR,DAY_WEEK,HOUR,MINUTE,NHS,ROAD_FNC,ROUTE,TWAY_ID,TWAY_ID2,MILEPT,LATITUDE,LONGITUD,SP_JUR,HARM_EV,MAN_COLL,RELJCT1,RELJCT2,TYP_INT,WRK_ZONE,REL_ROAD,LGT_COND,WEATHER1,WEATHER2,WEATHER,SCH_BUS,RAIL,NOT_HOUR,NOT_MIN,ARR_HOUR,ARR_MIN,HOSP_HR,HOSP_MN,CF1,CF2,CF3,FATALS,DRUNK_DR
37,371140,2,2,0,0,0,5,5,57,0,28,12,2013,7,10,14,1,2,2,US-64,,99999,35.77086667,-80.09874722,0,12,6,0,1,1,0,1,1,1,0,1,0,0000000,10,13,10,25,99,99,0,0,0,1,0
37,371141,1,1,0,0,0,1,1,63,0,6,12,2013,6,17,4,0,5,4,CR-1616,,99999,36.17265556,-78.85841389,0,1,0,0,1,1,0,4,5,1,0,1,0,0000000,17,1,17,45,99,99,0,0,0,1,0
37,371142,1,1,0,0,0,1,1,63,1360,15,12,2013,1,1,50,0,16,6,GRANDALE DRIVE,,99999,35.89904722,-78.92379167,0,34,0,0,1,1,0,4,2,2,0,2,0,0000000,2,4,2,8,88,88,0,0,0,1,1
37,371143,1,1,0,0,0,1,1,65,0,19,12,2013,5,12,45,1,2,2,US-258,,99999,35.93435833,-77.49560556,0,32,0,0,1,1,0,4,1,1,0,1,0,0000000,12,33,12,39,13,6,0,0,0,1,0
37,371144,1,1,0,0,0,1,1,67,5120,21,12,2013,7,3,56,0,4,6,REYNOLDA ROAD,,99999,36.11136944,-80.26924722,0,42,0,0,1,1,0,4,3,1,0,1,0,0000000,3,55,4,8,88,88,0,0,0,1,1
37,371145,1,1,0,0,0,1,1,71,1800,4,12,2013,4,17,13,0,13,6,BESSEMER CITY ROAD,,99999,35.28784444,-81.24396111,0,35,0,0,1,1,0,4,3,10,0,10,0,0000000,99,99,99,99,88,88,0,0,0,1,0
37,371146,2,2,0,0,0,3,3,81,1940,23,12,2013,2,8,33,1,11,1,I-85,,0,36.03121111,-79.7133,0,24,0,0,1,1,0,4,1,2,0,2,0,0000000,8,32,8,39,8,57,0,0,0,1,0
37,371147,1,1,0,0,0,2,2,85,0,22,12,2013,1,8,38,0,3,3,SR-27,,0,35.41405,-78.66483056,0,34,0,0,1,1,0,4,1,1,0,1,0,0000000,8,32,8,38,88,88,0,0,0,1,1
37,371148,1,1,0,0,0,1,1,85,0,28,12,2013,7,0,41,0,3,3,SR-1238,,0,35.3587,-78.9497,0,1,0,0,1,1,0,1,2,1,0,1,0,0000000,0,37,0,47,88,88,0,0,0,1,0
37,371149,2,2,0,0,0,2,2,89,0,13,12,2013,6,8,14,1,2,2,US-64,SR-2115,0,35.34116667,-82.54645278,0,12,6,0,2,3,0,1,1,1,0,1,0,0000000,8,8,8,18,8,28,0,0,0,1,0
37,371150,1,1,0,0,0,1,1,97,0,16,12,2013,2,15,14,0,3,3,SR-1379,SR-1004,0,35.718725,-80.96291389,0,43,0,0,3,3,0,4,1,1,0,1,0,0000000,99,99,99,99,99,99,0,0,0,1,0
37,371151,1,1,0,1,1,3,3,101,4140,11,12,2013,4,18,29,1,11,1,I-95,,0,35.53028611,-78.26576667,0,8,0,0,1,1,0,1,2,1,0,1,0,0000000,99,99,99,99,99,99,0,0,0,1,0
37,371152,2,2,0,0,0,3,3,109,0,20,12,2013,6,17,10,1,2,2,US-321,SR-1562,0,35.421675,-81.22336389,0,12,6,0,2,3,0,1,1,10,0,10,0,0000000,17,9,17,15,17,57,0,0,0,1,1
37,371154,1,1,0,0,0,1,1,133,0,21,12,2013,7,3,18,0,3,3,SR-1314,US-258,0,34.84542222,-77.52716389,0,42,0,0,3,3,0,4,2,5,0,5,0,0000000,3,13,3,22,88,88,0,0,0,1,1
37,371155,1,1,0,1,1,1,1,133,0,21,12,2013,7,18,14,0,3,3,SR-1105,,0,34.70382222,-77.54411389,0,8,0,0,1,1,0,1,2,1,0,1,0,0000000,18,11,18,21,88,88,0,0,0,1,0
37,371156,2,2,0,0,0,2,2,141,0,18,12,2013,4,17,52,0,3,3,SR-1216,,0,34.55183889,-77.98501389,0,12,2,0,1,1,0,1,2,1,0,1,0,0000000,17,45,17,57,99,99,0,0,0,1,0
37,371157,2,2,0,0,0,2,2,155,0,26,12,2013,5,16,10,0,3,3,SR-1340,,0,34.71418056,-79.20215278,0,53,0,0,1,1,0,4,1,1,0,1,0,0000000,16,6,16,12,16,42,0,0,0,1,0
37,371158,1,1,0,0,0,2,2,161,1680,4,12,2013,4,1,47,0,16,6,E MAIN ST,,0,35.33215833,-81.85529722,0,42,0,0,1,1,0,4,3,2,0,2,0,0000000,1,47,1,55,2,46,0,0,0,1,1
37,371159,1,1,0,1,1,1,1,163,0,14,12,2013,7,3,53,0,3,3,SR-1305,,0,35.00023889,-78.47851667,0,8,0,0,1,1,0,1,2,1,0,1,0,0000000,99,99,99,99,99,99,0,0,0,1,0
37,371160,1,1,0,0,0,1,1,171,0,22,12,2013,1,14,47,0,3,3,SR-1742,,0,36.49683056,-80.54801667,0,32,0,0,1,1,0,4,1,2,0,2,0,0000000,14,45,14,53,88,88,0,0,0,1,1
37,371161,1,1,0,0,0,1,1,181,0,26,12,2013,5,14,14,0,3,3,SR-1126,,0,36.31982222,-78.49047222,0,34,0,0,1,1,0,4,1,1,0,1,0,0000000,14,11,14,18,88,88,0,0,0,1,1
37,371162,2,2,0,0,0,4,4,183,0,24,12,2013,3,16,49,1,2,2,US-401,SR-2301,0,35.95701389,-78.41321111,0,12,6,0,2,2,0,1,2,1,0,1,0,0000000,16,48,16,53,17,40,0,0,0,1,0
37,371163,1,1,0,0,0,1,1,183,0,23,12,2013,2,7,49,1,2,2,US-64,,0,35.784475,-78.37126111,0,59,0,0,1,1,0,4,1,10,0,10,0,0000000,99,99,99,99,88,88,0,0,0,1,0
37,371164,1,1,0,1,1,3,3,183,0,30,12,2013,2,0,21,1,1,1,I-540,,0,35.90457778,-78.77323611,0,8,0,0,1,1,0,1,2,10,5,5,0,0000000,0,17,0,21,88,88,0,0,0,1,0
37,371165,1,1,0,0,0,1,1,191,0,20,12,2013,6,3,26,0,3,3,SR-581,,0,35.58519722,-78.04835,0,42,0,0,1,1,0,4,2,1,0,1,0,0000000,3,26,3,39,88,88,0,0,0,1,1
37,371166,1,1,0,0,0,1,1,191,0,30,12,2013,2,18,49,1,2,2,US-13,,0,35.40666667,-77.8977,0,42,0,0,1,1,0,4,2,1,0,1,0,0000000,18,54,19,0,88,88,0,0,0,1,1
37,371167,1,1,0,0,0,1,1,193,0,13,12,2013,6,14,8,0,3,3,SR-2344,,0,36.15798889,-81.02361111,0,42,0,0,1,1,0,4,1,10,0,10,0,0000000,14,9,14,24,15,12,0,0,0,1,0
37,371168,1,1,0,0,0,1,1,195,0,24,12,2013,3,20,38,1,1,1,I-95,,0,35.71992222,-78.00359444,0,42,0,0,1,1,0,3,2,1,0,1,0,0000000,20,43,20,45,88,88,0,0,0,1,0
37,371169,1,1,0,1,1,2,2,25,1040,22,12,2013,1,2,6,1,13,2,US-29,,99999,35.40549444,-80.60997778,0,8,0,0,1,1,0,1,3,10,0,10,0,0000000,2,11,2,17,88,88,0,0,0,1,1
37,371170,1,1,0,1,1,1,1,27,2270,12,12,2013,5,18,8,0,13,6,MAIN STREET,,99999,35.84777778,-81.49518611,0,8,0,0,1,1,0,1,3,1,0,1,0,0000000,18,10,18,11,18,35,0,0,0,1,0
37,371171,2,1,1,2,2,1,1,35,0,24,12,2013,3,0,14,1,1,1,I-40,,99999,35.70613333,-81.39950556,0,14,0,0,1,1,0,2,2,1,0,1,0,0000000,0,14,0,20,88,88,23,0,0,2,0
37,371172,1,1,0,0,0,1,1,45,0,26,12,2013,5,18,26,0,6,4,CR-1130,CR-1129,99999,35.22753611,-81.57042222,0,1,0,0,1,1,0,4,2,1,0,1,0,0000000,18,25,18,30,18,51,0,0,0,1,1
37,371173,1,1,0,0,0,1,1,81,1940,30,12,2013,2,10,4,0,14,6,E. CONE BLVD,,99999,36.11292778,-79.7766,0,1,0,0,1,1,0,4,1,1,0,1,0,0000000,10,4,10,10,88,88,0,0,0,1,0
37,371174,1,1,0,1,1,1,1,81,1940,30,12,2013,2,20,30,0,14,6,E. CONE BLVD,ORANGE STREET,99999,36.11318889,-79.76153056,0,8,0,0,2,2,0,1,3,1,0,1,0,0000000,20,33,20,39,99,99,0,0,0,1,0
37,371175,1,1,0,0,0,1,1,127,3930,25,12,2013,4,8,41,0,15,6,W. RALEIGH BLVD,,99999,35.89302778,-77.8338,0,35,0,0,1,1,0,4,1,1,0,1,0,0000000,8,34,8,49,88,88,0,0,0,1,0
37,371176,1,1,0,1,1,1,1,133,0,31,12,2013,3,19,59,0,13,3,SR-24,,99999,34.71600833,-77.20796111,0,8,0,0,1,1,0,1,2,1,0,1,0,0000000,19,56,20,2,99,99,0,0,0,1,0
37,371177,2,2,0,0,0,2,2,149,0,31,12,2013,3,23,16,0,4,3,SR-9,CR-1330,99999,35.28538333,-82.11701667,0,12,6,0,2,3,0,1,2,1,0,1,0,0000000,23,18,23,26,0,23,0,0,0,2,0
37,371178,1,1,0,0,0,1,1,183,3750,30,12,2013,2,3,25,0,16,6,EBENEZER CHURCH ROAD,,99999,35.86431111,-78.73538889,0,42,0,0,1,1,0,4,2,1,0,1,0,0000000,99,99,99,99,99,99,0,0,0,1,1
37,371179,1,1,0,1,1,1,1,97,0,25,11,2013,2,10,55,0,16,6,CROSSROADS DR,,0,35.81143611,-80.87531389,0,8,0,0,1,1,0,1,1,10,0,10,0,0000000,11,3,11,7,11,24,0,0,0,1,0
37,371180,2,2,0,0,0,6,6,7,4770,25,12,2013,4,15,57,1,2,2,US-74,,0,34.96299167,-80.05263611,0,12,2,0,1,1,0,1,1,1,0,1,0,0000000,16,1,16,5,16,13,0,0,0,1,0
37,371181,2,2,0,0,0,4,4,21,0,30,12,2013,2,17,18,1,2,2,US-19,,0,35.56733889,-82.62471111,0,12,2,0,1,1,0,1,5,10,0,10,0,0000000,17,22,17,38,18,15,0,0,0,1,0
37,371182,2,2,0,0,0,3,3,25,1040,10,12,2013,3,11,56,0,16,6,OLD AIRPORT RD,,0,99.99990000,999.99990000,0,12,2,0,1,1,0,1,1,10,0,10,0,0000000,11,52,11,55,12,24,0,0,0,2,0
37,371183,1,1,0,1,1,1,1,59,1074,6,12,2013,6,13,5,0,3,3,SR-801,,0,35.81813889,-80.54900556,0,8,0,0,1,1,0,1,1,1,0,1,0,0000000,13,6,13,10,88,88,0,0,0,1,0
37,371184,2,2,0,0,0,3,3,63,0,27,12,2013,6,5,50,0,3,3,SR-98,,0,99.99990000,999.99990000,0,12,2,0,1,1,0,4,2,1,0,1,0,0000000,5,54,6,7,6,48,0,0,0,2,0
37,371185,1,1,0,0,0,1,1,109,0,28,12,2013,7,11,12,0,3,3,SR-1008,,0,35.47328611,-81.26377222,0,42,0,0,1,1,0,4,1,1,0,1,0,0000000,11,13,11,21,88,88,0,0,0,1,0
37,371186,1,1,0,1,1,1,1,153,3910,8,12,2013,1,17,54,0,16,6,MIDWAY RD,,0,34.93178056,-79.79270278,0,8,0,0,1,1,0,1,2,1,0,1,0,0000000,17,50,17,55,18,5,0,0,0,1,0
37,371187,1,1,0,0,0,3,3,183,3750,23,12,2013,2,1,51,0,16,6,CAPITAL BLVD,,0,35.81583889,-78.60201389,0,25,0,0,1,1,0,3,3,2,0,2,0,0000000,99,99,99,99,99,99,0,0,0,2,1
37,371188,2,2,0,0,0,3,3,171,3580,2,11,2013,7,14,5,0,13,7,S KEY ST,,0,36.38267222,-80.47291111,0,12,2,0,7,1,0,1,1,1,0,1,0,0000000,13,56,14,1,14,36,0,0,0,1,0
37,371189,1,1,0,0,0,1,1,165,2560,23,12,2013,2,12,34,0,16,6,OLD LUMBERTON RD,,0,34.765225,-79.40621667,0,34,0,0,1,1,0,4,1,2,10,2,0,0000000,12,28,12,35,88,88,0,0,0,1,0
37,371190,1,1,0,0,0,1,1,183,3750,22,12,2013,1,13,38,0,16,6,DANA DR,,0,35.77129444,-78.72949167,0,43,0,0,1,1,0,4,1,1,0,1,0,0000000,13,39,13,47,14,22,0,0,0,1,0
37,371191,1,1,0,0,0,1,1,195,0,21,12,2013,7,18,32,0,3,3,SR-1613,,0,99.99990000,999.99990000,0,32,0,0,1,1,0,4,2,1,0,1,0,0000000,18,27,18,39,19,9,0,0,0,1,1
37,371192,1,1,0,0,0,1,1,197,0,16,12,2013,2,16,6,0,3,3,SR-1612,,0,36.20332778,-80.49775,0,34,0,0,1,1,0,4,1,1,0,1,0,0000000,15,50,16,0,16,34,0,0,0,1,0
37,371193,2,2,0,0,0,2,2,101,3710,19,8,2013,2,16,45,1,13,2,US-70,JONES JR BLVD,0,35.47344167,-78.16173056,0,12,6,0,2,3,0,1,1,10,0,10,0,0000000,99,99,99,99,99,99,0,0,0,1,0
37,371194,1,1,0,0,0,1,1,183,1770,4,10,2013,6,21,44,0,16,6,VANDORA SPRINGS RD,,0,35.70146389,-78.62812778,0,10,0,0,6,1,0,1,3,1,0,1,0,735324J,99,99,99,99,88,88,0,0,0,1,0
37,371195,2,2,0,0,0,3,3,97,4430,21,9,2013,7,13,47,0,16,6,OAKWOOD DRIVE,FRONT STREET,99999,35.78638889,-80.87532778,0,12,6,0,2,2,0,1,1,10,0,10,0,0000000,99,99,99,99,99,99,0,0,0,1,0
37,371196,1,1,0,0,0,2,2,69,2730,11,12,2013,4,12,30,0,16,6,MAIN STREET,,99999,36.10378889,-78.29758889,0,43,0,0,1,1,0,3,1,1,0,1,0,0000000,99,99,99,99,99,99,0,0,0,1,0
37,371197,3,3,0,0,0,6,6,183,110,11,12,2013,4,17,45,1,12,2,US-64,,99999,35.74262222,-78.81507222,0,12,1,0,1,1,0,1,1,1,0,1,0,0000000,99,99,99,99,99,99,0,0,0,1,0
37,371198,1,1,0,0,0,2,2,51,0,14,12,2013,7,20,58,0,3,3,SR-2212,,0,34.99690833,-78.89180833,0,40,0,0,1,1,0,4,2,2,10,2,0,0000000,20,54,21,3,21,39,0,0,0,1,1
37,371199,1,1,0,1,1,1,1,129,770,15,12,2013,1,2,41,0,16,6,NORTH LAKE PARK BOVD,,0,34.035275,-77.89390833,0,8,0,0,1,1,0,1,2,3,0,3,0,0000000,2,41,2,46,3,7,0,0,0,1,0
37,371200,2,2,0,0,0,2,2,147,240,10,12,2013,3,11,38,0,3,3,SR-11,OLD SNOW HILL RD,0,35.46766944,-77.43496944,0,12,6,0,2,2,0,1,1,10,2,2,0,0000000,11,38,11,48,12,33,0,0,0,1,0
38,380001,2,2,0,0,0,2,2,59,0,1,1,2013,3,0,45,0,6,4,CR-33 ST SW,,0,46.93425,-101.4337306,0,12,2,0,1,1,0,1,2,1,0,1,0,0000000,0,50,1,5,2,1,0,0,0,1,1
38,380002,3,3,0,0,0,3,3,53,0,13,1,2013,1,19,50,0,2,3,SR-23,,132,47.80515,-103.0100889,0,12,8,0,1,1,0,1,2,1,0,1,0,0000000,99,99,99,99,88,88,0,0,0,1,0
38,380003,2,2,0,0,0,2,2,105,0,18,1,2013,6,11,0,1,2,2,US-2,,590,48.34228056,-103.0506194,0,12,1,0,1,1,0,1,1,1,0,1,0,0000000,11,6,11,21,11,47,14,0,0,1,0
38,380004,2,2,0,0,0,2,2,89,0,24,1,2013,5,10,40,0,3,3,SR-22,,765,46.9459,-102.7897389,0,12,1,0,1,1,0,1,1,10,0,10,0,0000000,10,38,10,59,12,57,0,0,0,1,0
38,380005,2,2,0,0,0,2,2,101,2170,30,1,2013,4,19,54,0,14,6,16 ST SW,,0,48.21823056,-101.3146611,0,12,2,0,1,1,0,1,2,10,0,10,0,0000000,19,54,19,58,20,23,0,0,0,1,1
38,380006,1,1,0,0,0,3,3,37,0,2,2,2013,7,16,29,0,3,3,SR-31,,237,46.28431111,-101.3304694,0,34,0,0,1,1,0,4,2,12,6,12,0,0000000,16,45,17,0,17,39,0,0,0,1,1
38,380007,2,2,0,0,0,3,3,53,0,3,2,2013,1,20,15,0,3,3,SR-200,,45,47.85765,-103.9485389,0,12,2,0,1,1,0,1,2,1,0,1,0,0000000,20,18,20,29,88,88,0,0,0,2,1
38,380008,1,1,0,1,1,1,1,79,0,9,2,2013,7,16,5,0,6,4,CR-38 AVE NE,,0,48.81648056,-99.87625,3,15,0,0,8,1,0,1,1,1,0,1,0,0000000,16,6,16,13,16,26,0,0,0,1,0
38,380009,2,2,0,0,0,3,3,79,0,13,2,2013,4,11,37,0,3,3,SR-66,,21,48.67556944,-99.99101944,0,12,6,0,1,1,0,1,1,4,0,4,0,0000000,11,43,11,53,12,28,0,0,0,1,0
38,380010,2,2,0,0,0,3,3,9,0,13,2,2013,4,20,0,0,2,3,SR-5,,1655,48.82101944,-100.7234889,0,12,6,0,1,1,0,1,2,4,0,4,0,0000000,20,10,20,22,88,88,0,0,0,1,0
38,380011,2,2,0,0,0,2,2,53,0,16,2,2013,7,9,23,0,2,3,SR-23,,127,47.80568889,-103.0209611,0,12,2,0,1,1,0,1,1,1,0,1,0,0000000,9,28,9,43,10,3,0,0,0,1,0
38,380012,2,2,0,0,0,2,2,97,0,17,2,2013,1,15,0,1,1,1,I-29,,975,47.31368056,-97.03641111,0,12,6,0,1,1,0,1,1,1,0,1,0,0000000,15,3,15,15,88,88,0,0,0,1,0
38,380013,1,1,0,0,0,1,1,63,0,17,2,2013,1,17,43,0,4,4,CR-115 AVE NE CR-3219,,0,47.92071111,-98.11841944,0,35,0,0,1,1,0,4,1,1,0,1,0,0000000,17,46,17,57,18,16,0,0,0,1,1
38,380014,2,2,0,0,0,3,3,89,0,28,2,2013,5,6,37,0,3,3,SR-22,,759,46.95296944,-102.7897111,0,12,2,0,1,1,0,1,1,1,0,1,1,0000000,6,38,6,55,7,10,0,0,0,1,0
38,380015,2,2,0,0,0,3,3,105,0,1,3,2013,6,3,19,1,2,2,US-2,CR-133 AVE NW WILLIAMS CO 9,354,48.34221111,-103.5613694,0,12,6,0,2,2,0,1,2,1,0,1,0,0000000,3,25,3,41,88,88,0,0,0,1,1
38,380016,2,2,0,0,0,2,2,85,0,2,3,2013,7,17,29,0,3,3,SR-24,,251,46.30397222,-100.6355,3,12,2,0,1,1,0,1,5,1,0,1,0,0000000,17,26,17,40,18,40,0,0,0,1,1
38,380017,2,2,0,0,0,4,4,53,0,5,3,2013,3,13,4,1,2,2,US-85,,1446,47.80218056,-103.3332611,0,12,6,0,1,1,0,1,1,1,0,1,0,0000000,13,9,13,20,13,59,0,0,0,2,0
38,380018,2,2,0,0,0,2,2,53,0,9,3,2013,7,8,8,0,2,3,SR-23,CR-104 AVE NW,343,47.97751944,-102.8120694,0,12,6,0,2,2,0,1,1,10,0,10,0,0000000,99,99,99,97,99,97,0,0,0,1,0
38,380019,2,2,0,0,0,2,2,101,0,10,3,2013,1,12,18,1,2,2,US-52,,372,48.75871944,-102.0872,0,12,6,0,1,1,0,1,1,1,0,1,0,0000000,13,0,13,37,14,12,0,0,0,1,0
38,380020,2,2,0,0,0,2,2,105,3350,17,3,2013,1,5,53,0,3,3,SR-1804,,3160,48.1469,-103.5805,0,12,2,0,1,1,0,1,4,10,0,10,0,0000000,6,3,6,8,6,36,0,0,0,1,1
38,380021,1,1,0,0,0,2,2,3,0,20,3,2013,4,12,6,1,1,1,I-94,,2804,46.90666944,-98.25311944,0,1,0,0,1,1,0,3,1,11,0,11,0,0000000,12,6,12,18,12,50,0,0,0,2,0
38,380022,1,1,0,0,0,2,2,45,0,23,3,2013,7,0,1,0,6,4,CR-56 ST SE,,0,46.60188056,-98.40356944,0,34,0,0,1,1,0,4,2,4,0,4,0,0000000,0,5,0,37,99,99,0,0,0,1,1
38,380023,2,2,0,0,0,2,2,53,0,23,3,2013,7,7,44,1,2,2,US-85,,1500,47.80478889,-103.4475889,0,12,2,0,1,1,0,1,1,1,0,1,0,0000000,7,44,7,59,88,88,0,0,0,1,1
38,380024,2,2,0,0,0,2,2,87,0,23,3,2013,7,15,0,1,2,2,US-85,,397,46.48243889,-103.3543694,0,12,6,0,1,1,0,1,1,4,0,4,0,0000000,88,88,88,88,88,88,0,0,0,1,1
38,380025,2,2,0,0,0,2,2,25,0,31,3,2013,1,1,12,0,2,3,SR-200,,1028,47.34421111,-102.6033306,0,12,2,0,1,1,0,1,2,1,0,1,0,0000000,1,24,1,45,2,38,0,0,0,1,1
38,380026,1,1,0,0,0,1,1,53,0,31,3,2013,1,21,20,1,2,2,US-85,US-68,1593,47.80648056,-103.6456111,0,59,0,0,1,1,0,2,2,1,0,1,0,0000000,21,35,21,55,22,37,0,0,0,1,1
38,380027,1,1,0,0,0,3,3,89,0,3,4,2013,4,19,30,0,6,4,CR-78 AVE,,0,46.90136111,-102.0975806,0,1,0,0,1,1,0,1,1,1,0,1,0,0000000,19,45,19,50,21,5,0,0,0,1,1
38,380028,1,1,0,0,0,1,1,105,0,20,4,2013,7,17,10,0,6,4,CR-151 AVE NW,CR-40 ST NW CANAL ST,0,47.99166111,-103.9472889,0,34,0,0,1,1,0,4,1,1,0,1,0,0000000,17,15,17,37,18,6,0,0,0,1,1
38,380029,1,1,0,0,0,1,1,105,0,1,5,2013,4,22,13,0,3,3,SR-1804,,3156,48.14701111,-103.5729111,0,34,0,0,1,1,0,4,2,1,0,1,0,0000000,22,14,22,21,88,88,0,0,0,1,1
38,380030,1,1,0,0,0,1,1,85,0,5,5,2013,1,8,25,0,3,3,SR-24,,245,46.2951,-100.6388694,3,1,0,0,1,1,0,4,1,1,0,1,0,0000000,88,88,88,88,88,88,0,0,0,1,1
38,380031,3,3,0,0,0,3,3,53,0,7,5,2013,3,7,45,0,3,3,SR-200,,52,47.86006111,-103.9323306,0,12,1,0,8,1,0,1,1,1,0,1,0,0000000,6,44,6,50,7,24,0,0,0,1,0
38,380032,1,1,0,0,0,4,4,67,0,15,5,2013,4,8,45,0,4,4,CR-101 ST NE COUNTY RD 1,,0,48.87676111,-97.85551111,0,1,0,0,1,1,0,4,1,10,0,10,0,0000000,8,47,8,59,9,44,0,0,0,1,0
38,380033,2,2,0,0,0,3,3,53,0,16,5,2013,5,12,0,1,2,2,US-85,CR-27 ST NW,1595,47.80878056,-103.6475889,0,12,6,0,8,1,0,1,1,1,0,1,0,0000000,12,2,12,20,12,45,0,0,0,1,0
38,380034,8,8,0,0,0,11,11,101,0,16,5,2013,5,18,22,1,2,2,US-2 & US 52 BYPASS,US-83,1440,48.22178056,-101.3404111,0,12,1,0,3,2,0,1,1,1,0,1,0,0000000,18,23,18,32,19,5,0,0,0,1,0
38,380036,1,1,0,0,0,1,1,57,0,18,5,2013,7,99,99,0,6,4,CR-12 ST SW,,0,47.24143889,-101.4775611,0,1,0,0,1,1,0,1,9,10,0,10,0,0000000,23,30,23,44,0,25,0,0,0,1,1
38,380037,2,2,0,0,0,2,2,101,0,19,5,2013,1,17,11,1,2,2,US-52,,699,48.42923889,-101.6820306,0,12,2,0,1,1,0,1,1,2,0,2,0,0000000,17,14,17,19,88,88,0,0,0,2,1
38,380038,2,2,0,0,0,2,2,35,1280,22,5,2013,4,14,59,0,16,6,2 AVE N,6 ST N,0,47.92426111,-97.03588056,0,12,6,0,2,2,0,1,1,1,0,1,0,0000000,15,2,15,7,18,10,0,0,0,1,0
38,380039,2,2,0,0,0,2,2,105,0,23,5,2013,5,10,0,1,2,2,US-2,,657,48.34201944,-102.90405,0,12,1,0,1,1,0,1,1,10,0,10,0,0000000,9,58,10,6,88,88,0,0,0,1,0
38,380040,2,2,0,0,0,2,2,55,0,24,5,2013,6,22,0,0,2,3,SR-200,,2001,47.4584,-100.9699194,0,12,6,0,1,1,0,1,5,1,0,1,0,0000000,22,11,22,23,23,20,0,0,0,1,0
38,380041,1,1,0,0,0,1,1,53,0,25,5,2013,7,7,10,0,3,3,SR-22,,1480,47.86793889,-102.7390389,3,34,0,0,1,1,0,4,1,5,0,5,0,0000000,7,29,8,0,88,88,0,0,0,1,1
38,380042,1,1,0,0,0,3,3,105,0,26,5,2013,1,2,5,0,3,3,SR-1804,,3042,48.15458889,-103.3293694,0,35,0,0,1,1,0,4,2,1,0,1,0,0000000,2,20,2,36,88,88,0,0,0,3,1
38,380043,2,2,0,0,0,3,3,61,0,31,5,2013,6,18,47,0,4,4,CR-FRONTAGE ROAD HWY 23,CR-FRONTAGE ROAD,0,47.9806,-102.5771889,3,12,6,0,2,3,0,1,1,1,0,1,0,0000000,18,50,18,58,20,54,0,0,0,1,1
38,380044,1,1,0,0,0,1,1,77,10,2,6,2013,1,17,35,0,4,6,BROADWAY ST,,0,46.44456111,-96.71891111,8,35,0,0,1,1,0,4,1,1,0,1,0,0000000,17,39,17,58,18,38,0,0,0,1,1
38,380045,1,1,0,0,0,1,1,101,0,3,6,2013,2,12,24,1,2,2,US-83,,1948,48.15403889,-101.2956194,0,35,0,0,7,1,0,3,1,10,0,10,0,0000000,12,26,12,39,88,88,0,0,0,1,0
38,380046,2,2,0,0,0,2,2,35,1280,6,6,2013,5,0,20,0,16,6,20 ST S,WESTWARD DR 9TH AVE,0,47.91331111,-97.05553889,0,12,6,0,2,2,0,1,3,1,0,1,0,0000000,0,26,0,30,0,52,0,0,0,1,1
38,380047,4,4,0,0,0,4,4,105,0,6,6,2013,5,22,0,0,3,3,SR-1804,,3371,48.0127,-103.9262111,0,12,2,0,1,1,0,1,5,1,0,1,0,0000000,22,3,22,22,23,0,14,0,0,2,1
38,380048,1,1,0,0,0,1,1,101,0,7,6,2013,6,23,51,0,4,4,CR-121 AVE SW,,0,48.10998056,-101.7893111,0,35,0,0,1,1,0,4,2,2,0,2,0,0000000,99,99,99,99,99,96,0,0,0,1,0
38,380049,2,2,0,0,0,2,2,53,0,8,6,2013,7,1,45,1,2,2,US-85,,1070,47.33358889,-103.1841694,0,12,6,0,8,1,0,1,2,10,0,10,0,0000000,88,88,88,88,88,88,0,0,0,1,0
38,380050,2,2,0,0,0,7,7,77,0,8,6,2013,7,10,10,0,4,4,CR-99 ST SE,CR-179 AVE SE,0,45.97888056,-96.65955,0,12,6,0,2,2,0,1,1,1,0,1,0,0000000,10,19,11,7,11,39,0,0,0,1,0
38,380051,1,1,0,1,1,1,1,1,1520,12,6,2013,4,18,44,0,6,6,9 AVE N,2 ST N,0,46.00926944,-102.6410806,0,9,0,0,2,2,0,1,1,10,0,10,0,0000000,18,44,18,49,18,57,0,0,0,1,0
38,380052,1,1,0,0,0,2,2,89,0,15,6,2013,7,20,30,0,6,4,CR-109 AVE SW,,0,46.83976944,-102.7473611,0,1,0,0,1,1,0,1,1,1,0,1,0,0000000,20,36,20,55,21,11,0,0,0,1,0
38,380053,1,1,0,0,0,1,1,73,0,20,6,2013,5,7,42,0,3,3,SR-32,,270,46.30921111,-97.6583,0,3,0,0,1,1,0,4,1,10,0,10,0,0000000,88,88,88,88,88,88,5,0,0,1,0
38,380054,5,5,0,0,0,6,6,61,0,21,6,2013,6,6,40,1,2,2,US-2,CR-79 AVE NW,927,48.31715,-102.33155,0,12,6,0,2,2,0,1,1,5,0,5,0,0000000,6,40,6,44,8,35,0,0,0,3,0
38,380055,2,2,0,0,0,2,2,105,0,22,6,2013,7,18,31,0,3,3,SR-1804,,3395,48.00126111,-103.9731889,0,1,0,0,1,1,0,1,1,10,0,10,0,0000000,18,31,18,45,88,88,20,0,0,1,1
38,380056,2,2,0,0,0,3,3,101,2170,23,6,2013,1,1,9,1,13,2,US-83,,2036,48.28056111,-101.2956111,0,12,2,0,1,1,0,1,3,2,0,2,0,0000000,1,10,1,16,1,40,0,0,0,1,1