STATE,ST_CASE,VE_TOTAL,VE_FORMS,PVH_INVL,PEDS,PERNOTMVIT,PERMVIT,PERSONS,COUNTY,CITY,DAY,MONTH,YEAR,DAY_WEEK,HOUR,MINUTE,NHS,ROAD_FNC,ROUTE,TWAY_ID,TWAY_ID2,MILEPT,LATITUDE,LONGITUD,SP_JUR,HARM_EV,MAN_COLL,RELJCT1,RELJCT2,TYP_INT,WRK_ZONE,REL_ROAD,LGT_COND,WEATHER1,WEATHER2,WEATHER,SCH_BUS,RAIL,NOT_HOUR,NOT_MIN,ARR_HOUR,ARR_MIN,HOSP_HR,HOSP_MN,CF1,CF2,CF3,FATALS,DRUNK_DR
38,380057,2,2,0,0,0,2,2,21,0,25,6,2013,3,9,3,0,3,3,SR-1,,150,46.11146111,-98.09071111,0,12,6,0,8,1,0,1,1,1,0,1,0,0000000,9,5,9,9,9,22,0,0,0,1,0
38,380058,2,2,0,0,0,2,2,49,0,5,7,2013,6,4,0,1,2,2,US-52,,1158,48.05848056,-100.95125,0,12,2,0,1,1,0,1,2,1,0,1,0,0000000,4,4,4,11,88,88,0,0,0,1,1
38,380059,2,2,0,0,0,3,3,59,0,8,7,2013,2,9,30,0,3,3,SR-31,CR-34 ST SW,824,46.9197,-101.4288111,0,12,6,0,2,2,0,1,1,1,0,1,0,0000000,9,32,9,42,10,24,0,0,0,1,0
38,380060,1,1,0,0,0,1,1,33,0,10,7,2013,4,18,50,0,4,3,SR-16,,1084,47.32538889,-103.9183389,0,1,0,0,1,1,4,4,1,1,0,1,0,0000000,88,88,88,88,88,88,0,0,0,1,0
38,380061,2,2,0,0,0,3,3,41,0,18,7,2013,5,17,25,0,3,3,SR-22,,312,46.31996944,-102.8622194,0,12,6,0,1,1,0,2,1,1,0,1,0,0000000,17,28,17,42,19,50,0,0,0,1,0
38,380062,1,1,0,0,0,1,1,35,0,20,7,2013,7,11,59,0,4,4,CR-31 ST NE,,0,47.80581944,-97.4953,0,42,0,0,1,1,0,4,1,1,0,1,0,0000000,12,6,12,27,88,88,0,0,0,1,0
38,380063,2,1,1,0,0,1,1,25,1670,21,7,2013,1,3,0,0,6,6,5 AVE NW,,0,47.37253056,-102.7585611,0,14,0,0,1,1,0,7,3,1,0,1,0,0000000,3,24,3,33,4,43,0,0,0,1,1
38,380064,1,1,0,0,0,1,1,105,0,21,7,2013,1,13,30,0,4,4,CR-151 AVE NW,,0,48.39718889,-103.9501194,0,1,0,0,1,1,0,4,1,1,0,1,0,0000000,13,20,13,35,88,88,0,0,0,1,0
38,380065,1,1,0,0,0,1,1,93,0,28,7,2013,1,19,4,0,4,4,CR-88 AVE SE,,0,46.9351,-98.60685,0,1,0,0,1,1,0,4,1,1,0,1,0,0000000,19,13,19,20,19,46,0,0,0,1,1
38,380066,2,2,0,0,0,2,2,25,0,29,7,2013,2,4,50,0,2,3,SR-200,,892,47.35773889,-102.8864694,0,12,2,0,1,1,0,1,4,1,0,1,0,0000000,4,52,5,6,88,88,0,0,0,1,0
38,380067,2,2,0,0,0,2,2,17,0,1,8,2013,5,5,42,1,1,1,I-94,,3422,46.87748056,-96.98051944,0,12,1,0,1,1,0,1,4,1,0,1,0,0000000,99,99,99,99,99,99,0,0,0,1,2
38,380068,2,2,0,0,0,2,2,3,0,14,8,2013,4,9,9,0,2,3,SR-1,SR-46,514,46.63088056,-98.07866944,0,12,6,0,2,2,0,1,1,1,0,1,0,0000000,9,15,9,35,88,88,0,0,0,2,0
38,380069,1,1,0,0,0,5,5,45,0,17,8,2013,7,7,30,0,6,4,CR-102 AVE SE,,0,46.31986111,-98.28531944,0,38,0,0,1,1,0,4,1,1,0,1,0,0000000,8,9,8,28,8,52,0,0,0,1,1
38,380070,1,1,0,0,0,2,2,43,0,18,8,2013,1,1,15,0,4,4,CR-39 AVE SE,,0,46.88408056,-99.63723056,0,35,0,0,1,1,0,4,2,1,0,1,0,0000000,1,52,2,17,3,14,0,0,0,1,1
38,380071,1,1,0,0,0,1,1,3,0,24,8,2013,7,2,40,0,6,4,CR-119 AVE SE,,0,46.84578056,-97.95473889,0,1,0,0,1,1,0,4,2,1,0,1,0,0000000,3,20,3,34,88,88,0,0,0,1,1
38,380072,2,1,1,1,1,0,0,25,0,24,8,2013,7,14,30,0,6,5,CR-UNNAMED OILFIELD ROAD,,0,47.64305,-102.7240306,0,8,0,0,1,1,0,2,1,1,0,1,0,0000000,15,20,15,41,88,88,0,0,0,1,0
38,380073,2,2,0,0,0,2,2,53,0,27,8,2013,3,14,43,0,4,3,SR-23,CR-36 ST NW,50,47.93498056,-104.0300111,0,12,6,0,2,2,0,1,1,1,0,1,0,0000000,99,98,99,98,88,88,0,0,0,1,0
38,380074,2,2,0,0,0,2,2,15,370,28,8,2013,4,15,45,0,15,6,BOULEVARD AV E,16 ST N,0,46.81643056,-100.7678194,0,12,6,0,2,2,0,1,1,1,0,1,0,0000000,15,34,15,38,15,57,0,0,0,1,0
38,380075,1,1,0,0,0,1,1,89,800,29,8,2013,5,11,34,1,11,1,I-94,,627,46.89406944,-102.7632194,0,38,0,0,1,1,0,4,1,1,0,1,0,0000000,11,35,11,41,88,88,0,0,0,1,0
38,380076,1,1,0,0,0,1,1,105,0,29,8,2013,5,19,45,0,4,4,CR-58 ST NW,,0,48.25568056,-103.45935,0,31,0,0,1,1,0,4,1,1,0,1,0,0000000,19,44,20,26,88,88,0,0,0,1,1
38,380077,1,1,0,0,0,1,1,17,0,1,9,2013,1,18,30,0,6,4,CR-19 ST SE,,0,47.1375,-97.55893056,0,10,0,0,6,1,0,1,1,1,0,1,0,102974R,18,31,18,39,19,38,0,0,0,1,0
38,380078,1,1,0,0,0,1,1,101,0,3,9,2013,3,1,30,0,6,4,CR-153 ST SE,,0,48.06788889,-101.0545194,0,42,0,0,1,1,0,4,2,1,0,1,0,0000000,11,8,99,99,88,88,0,0,0,1,1
38,380079,1,1,0,0,0,1,1,7,0,3,9,2013,3,15,21,1,2,2,US-85,,884,47.07703056,-103.2018389,0,35,0,0,1,1,1,4,1,1,0,1,0,0000000,15,26,15,40,88,88,0,0,0,1,0
38,380080,1,1,0,0,0,3,3,59,0,8,9,2013,1,8,10,0,3,3,SR-1806,,601,46.77266111,-100.8716694,0,18,0,0,1,1,0,4,1,2,0,2,0,0000000,8,12,8,21,9,3,0,0,0,1,1
38,380081,1,1,0,0,0,2,2,63,0,9,9,2013,2,8,35,0,6,4,CR-109 AVE NE,,0,47.82496944,-98.24713889,0,1,0,0,1,1,0,4,1,10,2,2,0,0000000,8,41,9,0,9,14,0,0,0,1,0
38,380082,1,1,0,0,0,2,2,93,0,11,9,2013,4,21,20,0,4,4,CR-94 AVE SE,,0,47.04741944,-98.50958889,0,1,0,0,1,1,0,4,2,1,0,1,0,0000000,22,10,22,34,99,99,0,0,0,1,1
38,380083,2,2,0,0,0,2,2,101,820,12,9,2013,5,14,15,1,2,2,US-52,,590,48.50801111,-101.8851194,0,12,8,0,1,1,0,1,1,1,0,1,0,0000000,14,24,14,29,88,88,0,0,0,1,1
38,380084,1,1,0,0,0,3,3,105,0,13,9,2013,6,6,45,0,6,4,CR-56 ST NW,CR-140 AVE NW,0,48.22681111,-103.7122111,0,1,0,0,3,10,0,4,4,1,0,1,0,0000000,6,50,7,4,7,30,0,0,0,1,0
38,380085,1,1,0,0,0,1,1,101,2170,14,9,2013,7,2,50,0,14,6,20 AVE NW,,0,48.25643889,-101.2948611,0,1,0,0,1,1,0,4,3,1,0,1,0,0000000,2,51,2,55,3,13,0,0,0,1,1
38,380086,2,2,0,0,0,2,2,57,0,15,9,2013,1,6,13,0,2,3,SR-200,,9077,47.28066944,-101.3325694,0,12,2,0,1,1,0,1,2,1,0,1,0,0000000,6,16,6,39,7,11,0,0,0,1,1
38,380087,2,2,0,0,0,3,3,53,0,20,9,2013,6,20,56,0,2,3,SR-23,,286,47.97763056,-102.93525,0,12,2,0,1,1,0,1,2,1,0,1,0,0000000,21,0,21,25,22,0,0,0,0,1,0
38,380088,1,1,0,0,0,1,1,73,0,22,9,2013,1,15,19,0,6,4,CR-139 AVE SE,,0,46.42148056,-97.51063889,0,1,0,0,1,1,0,4,1,1,0,1,0,0000000,88,88,88,88,88,88,0,0,0,1,0
38,380089,1,1,0,0,0,3,3,53,0,23,9,2013,2,21,37,0,6,4,CR-4 ST SW,CR - 11 AVE SW,0,47.79021111,-103.2880111,0,5,0,0,2,3,0,1,2,1,0,1,0,0000000,21,37,21,44,21,55,0,0,0,1,0
38,380090,2,2,0,0,0,2,2,53,0,27,9,2013,6,22,13,1,2,2,US-85,,1436,47.79886944,-103.3128,0,12,8,0,1,1,0,1,2,1,0,1,0,0000000,22,17,22,22,22,39,0,0,0,1,0
38,380091,2,2,0,0,0,3,3,89,800,28,9,2013,7,16,26,0,16,6,CR-10,23 AVE W,0,46.87866111,-102.8202889,0,12,6,0,2,4,0,1,1,1,0,1,0,0000000,16,29,16,33,16,45,0,0,0,1,1
38,380092,1,1,0,0,0,2,2,101,2170,30,9,2013,2,19,40,0,16,6,4 AVE NW,4 ST NW,0,48.23998056,-101.2990611,0,35,0,0,3,10,0,4,5,2,0,2,0,0000000,19,43,19,46,19,59,0,0,0,1,1
38,380093,2,2,0,0,0,2,2,101,0,1,10,2013,3,19,20,0,2,3,SR-23,CR-366 ST SW,794,47.97786944,-101.84995,3,12,6,0,2,2,0,1,5,10,0,10,0,0000000,19,30,19,35,20,40,0,0,0,1,0
38,380094,2,2,0,0,0,2,2,53,0,1,10,2013,3,19,20,0,6,4,CR-125 AVE NW,CR-22 H ST NW,0,47.732,-103.2616806,0,12,6,0,2,3,0,1,5,1,0,1,0,0000000,19,24,19,30,88,88,0,0,0,1,1
38,380095,1,1,0,0,0,3,3,105,0,4,10,2013,6,17,53,0,4,4,CR-123 AVE NW,,0,48.44051111,-103.3419611,0,1,0,0,1,1,0,4,1,1,0,1,0,0000000,22,16,22,21,22,41,0,0,0,1,0
38,380096,2,2,0,0,0,3,3,35,0,6,10,2013,1,19,6,1,2,2,US-2,CR-31 ST NE,3373,47.93208056,-97.48343889,0,12,6,0,2,2,0,1,5,1,0,1,0,0000000,19,8,19,19,20,4,0,0,0,1,0
38,380097,1,1,0,0,0,1,1,3,1890,8,10,2013,3,15,30,0,4,4,CR-1 ST,,0,46.66021111,-98.19466944,0,1,0,0,1,1,0,4,1,1,0,1,0,0000000,88,88,88,88,88,88,0,0,0,1,1
38,380098,1,1,0,0,0,1,1,105,0,11,10,2013,6,1,9,0,3,3,SR-1804,,3148,48.1472,-103.5562,0,1,0,0,1,1,0,4,2,2,0,2,0,0000000,1,14,1,20,88,88,0,0,0,1,1
38,380099,1,1,0,0,0,4,4,53,0,12,10,2013,7,1,23,0,6,4,CR-30 ST NW,,0,47.84833056,-103.5947111,0,1,0,0,1,1,0,1,2,10,0,10,0,0000000,1,32,2,4,3,2,0,0,0,1,1
38,380101,1,1,0,0,0,2,2,101,1640,20,10,2013,1,0,30,1,2,2,US-52,,429,48.67753889,-102.07255,0,59,0,0,1,1,0,4,2,2,0,2,0,0000000,99,99,99,99,99,99,0,0,0,1,1
38,380102,2,2,0,0,0,5,5,105,3070,20,10,2013,1,1,15,0,6,6,TORNING ST N,1 ST NW,0,48.39678056,-102.9417194,0,12,6,0,2,2,0,1,3,2,0,2,0,0000000,1,23,1,30,99,99,0,0,0,1,2
38,380103,2,2,0,0,0,2,2,53,0,23,10,2013,4,21,0,0,3,3,SR-200,SR-156 AVE NW,56,47.86083056,-103.9258806,0,12,6,0,2,2,0,1,2,1,0,1,0,0000000,99,99,99,99,88,88,0,0,0,1,1
38,380104,1,1,0,0,0,1,1,53,0,28,10,2013,2,8,4,1,2,2,US-85,,1229,47.54323889,-103.23745,0,1,0,0,1,1,0,4,4,1,0,1,0,0000000,88,88,88,88,88,88,0,0,0,1,1
38,380105,2,2,0,0,0,2,2,105,0,28,10,2013,2,18,50,0,4,3,SR-40,,56,48.42231111,-102.9292194,0,12,2,0,1,1,0,1,2,1,0,1,0,0000000,18,53,19,0,19,7,0,0,0,2,0
38,380106,1,1,0,0,0,1,1,79,0,2,11,2013,7,22,13,0,6,4,CR-98 AVE NE BIA 10,,0,48.83435,-99.70775556,3,1,0,0,1,1,0,4,2,1,0,1,0,0000000,22,22,22,27,88,88,0,0,0,1,1
38,380107,2,2,0,0,0,3,3,15,0,4,11,2013,2,18,35,1,2,2,US-83,,567,46.70088056,-100.29065,0,11,0,0,1,1,0,1,2,1,0,1,0,0000000,18,32,18,51,19,51,0,0,0,1,0
38,380108,1,1,0,0,0,1,1,71,0,7,11,2013,5,3,0,1,2,2,US-2,,2708,48.09718056,-98.83511111,0,35,0,0,1,1,1,4,2,1,0,1,0,0000000,88,88,88,88,88,88,0,0,0,1,1
38,380109,2,2,0,0,0,2,2,101,0,7,11,2013,5,11,35,0,2,3,SR-23,,962,47.97846944,-101.49435,0,12,2,0,1,1,0,1,1,1,0,1,0,0000000,99,99,99,99,88,88,0,0,0,1,1
38,380110,1,1,0,0,0,1,1,69,0,7,11,2013,5,13,27,0,2,3,SR-3,,1810,48.07098056,-99.97686111,0,1,0,0,1,1,0,4,1,1,0,1,0,0000000,99,99,99,99,99,99,0,0,0,1,0
38,380111,2,2,0,0,0,2,2,99,0,7,11,2013,5,21,1,1,1,1,I-29,,1695,48.32101111,-97.18921111,0,12,2,0,1,1,0,1,2,1,0,1,0,0000000,21,4,21,18,22,22,0,0,0,1,1
38,380112,2,2,0,0,0,2,2,7,0,8,11,2013,6,15,15,1,2,2,US-85,,1004,47.24105,-103.2228194,0,12,2,0,1,1,0,1,1,1,0,1,0,0000000,15,5,16,10,99,99,0,0,0,1,0
38,380113,2,2,0,0,0,2,2,23,0,12,11,2013,3,17,34,0,2,3,SR-5,,455,48.89453056,-103.0744,0,12,2,0,1,1,0,1,5,1,0,1,0,0000000,88,88,88,88,88,88,0,0,0,2,1
38,380114,2,2,0,0,0,2,2,53,0,13,11,2013,4,6,12,0,3,3,SR-22,CR-23 DY NW,1389,47.7465,-102.7177389,3,12,1,0,2,3,0,1,2,1,0,1,0,0000000,6,13,6,50,99,99,0,0,0,1,0
38,380115,1,1,0,0,0,1,1,105,0,14,11,2013,5,10,48,0,4,3,SR-50,,288,48.57698889,-103.456,0,1,0,0,1,1,0,4,1,1,0,1,0,0000000,88,88,88,88,88,88,0,0,0,1,0
38,380116,2,2,0,0,0,2,2,61,0,15,11,2013,6,5,6,1,2,2,US-2,CR-74 AVE NW,978,48.32703889,-102.2245,0,12,6,0,2,2,0,1,2,5,0,5,0,0000000,5,4,5,19,6,19,0,0,0,1,0
38,380117,1,1,0,0,0,1,1,13,0,15,11,2013,6,18,18,0,4,4,CR-108 1/2 ST NW,,0,48.98926111,-102.2074611,0,35,0,0,1,1,0,4,2,1,0,1,0,0000000,88,88,88,88,88,88,20,0,0,1,1
38,380118,1,1,0,0,0,2,2,101,0,16,11,2013,7,99,99,0,6,4,CR-317 AVE SE,,0,47.906,-101.2425,0,1,0,0,1,1,0,4,2,99,0,99,0,0000000,88,88,88,88,88,88,0,0,0,2,1
38,380119,3,3,0,0,0,4,4,101,0,20,11,2013,4,16,5,1,2,2,US-83,CR-RENVILLE/WARD CO RD 6,2152,48.45786944,-101.2993694,0,12,2,0,3,2,0,1,1,11,0,11,0,0000000,16,10,16,31,18,11,0,0,0,1,1
38,380120,1,1,0,0,0,2,2,13,0,22,11,2013,6,23,30,0,6,4,CR-103 ST NW,,0,48.90881111,-102.6348694,0,35,0,0,1,1,0,4,2,1,0,1,0,0000000,99,99,99,99,99,99,0,0,0,1,1
38,380121,1,1,0,0,0,1,1,35,0,23,11,2013,7,0,5,0,6,4,CR-10 AVE NE,,0,47.81733889,-97.07928889,0,1,0,0,1,1,0,4,2,10,0,10,0,0000000,0,35,0,52,88,88,0,0,0,1,1
38,380122,1,1,0,0,0,1,1,37,0,23,11,2013,7,2,0,0,4,4,CR-70 AVE SW,,0,46.25236111,-101.8329194,0,1,0,0,1,1,0,4,3,1,0,1,0,0000000,88,88,88,88,88,88,0,0,0,1,1
38,380123,1,1,0,0,0,1,1,61,0,28,11,2013,5,1,50,0,6,4,CR-62 ST NW,CR-83 AVE NW,0,48.31118056,-102.4184694,0,43,0,0,1,1,0,4,2,1,0,1,0,0000000,88,88,88,88,88,88,0,0,0,1,1
38,380124,1,1,0,0,0,2,2,105,0,28,11,2013,5,22,30,0,6,8,CR-FOX RUN RV PARK,CR-FOX RUN RV PARK,0,48.29256944,-103.6177194,0,18,0,0,3,3,0,2,3,1,0,1,0,0000000,22,30,22,41,23,5,0,0,0,1,1
38,380125,1,1,0,0,0,1,1,105,3350,1,12,2013,1,7,35,1,2,2,US-2,,254,48.2407,-103.6254,0,34,0,0,1,1,0,4,2,12,3,3,0,0000000,7,42,7,52,8,15,0,0,0,1,0
38,380126,1,1,0,0,0,1,1,53,0,3,12,2013,3,9,0,0,6,4,CR-LONG X RD NW,,0,47.57936944,-103.1290306,0,1,0,0,1,1,0,4,1,4,0,4,0,0000000,88,88,88,88,88,88,0,0,0,1,0
38,380127,2,2,0,0,0,2,2,23,0,5,12,2013,5,18,30,1,2,2,US-85,,2220,48.64181111,-103.6272694,0,12,2,0,1,1,0,1,2,1,0,1,0,0000000,18,39,18,55,20,1,0,0,0,1,0
38,380128,1,1,0,0,0,4,4,105,3350,5,12,2013,5,22,57,1,13,2,US-2B E,,9010,48.14526667,-103.6386444,0,5,0,0,8,1,0,1,3,1,0,1,0,0000000,23,0,23,9,88,88,0,0,0,1,0
38,380129,2,2,0,0,0,5,5,79,0,6,12,2013,6,16,32,0,4,4,CR-35 AVE NE,,0,48.90833056,-99.9418,3,12,6,0,1,1,0,1,5,1,0,1,0,0000000,16,37,17,1,17,48,0,0,0,1,0
38,380130,1,1,0,0,0,5,5,11,410,20,12,2013,6,5,50,1,2,2,US-85,SR-12,165,46.17861944,-103.4098389,0,35,0,0,1,1,0,4,2,10,0,10,0,0000000,5,57,6,9,6,20,0,0,0,1,0
38,380131,2,2,0,0,0,7,7,71,0,20,12,2013,6,19,16,0,2,3,SR-20,,1021,48.09523056,-98.87165,0,12,6,0,1,1,0,1,2,1,0,1,0,0000000,19,21,19,27,19,47,0,0,0,1,1
38,380132,1,1,0,0,0,1,1,105,3350,22,12,2013,1,99,99,0,3,4,CR-13 AVE E,CR-42 ST E,0,48.18328889,-103.6041444,0,35,0,0,3,4,0,4,2,10,0,10,0,0000000,88,88,88,88,88,88,0,0,0,1,1
38,380133,2,2,0,0,0,2,2,61,0,26,12,2013,5,9,59,0,6,4,CR-73 AVE NW,,0,48.42556944,-102.25555,0,12,2,0,1,1,0,1,1,11,0,11,0,0000000,9,59,10,25,11,4,0,0,0,1,0
38,380134,2,2,0,0,0,6,6,67,0,28,12,2013,7,14,0,1,1,1,I-94,,1910,48.63011944,-97.18221944,0,12,1,1,18,1,0,1,1,11,0,11,0,0000000,14,4,14,50,15,51,0,0,0,3,0
38,380135,1,1,0,0,0,1,1,13,0,30,12,2013,2,2,15,0,6,4,CR-98 ST NW,,0,48.83641111,-102.6851306,0,35,0,0,1,1,0,4,2,99,0,99,0,0000000,88,88,88,88,88,88,0,0,0,1,1
39,390001,1,1,0,0,0,4,4,129,0,24,1,2013,5,9,36,0,4,3,SR-104,,36,39.556675,-83.00170556,0,24,0,0,1,1,0,4,1,1,0,1,0,0000000,9,40,9,51,88,88,0,0,0,1,0
39,390002,1,1,0,0,0,2,2,141,0,2,1,2013,4,15,47,0,4,3,SR-138,,32,39.38560556,-83.35380278,0,34,0,0,1,1,0,4,1,1,0,1,0,0000000,99,99,99,99,99,99,0,0,0,1,0
39,390003,2,2,0,0,0,4,4,173,0,3,1,2013,5,17,9,1,2,2,US-20,TRACY RD,72,41.51892222,-83.52836667,0,12,6,0,2,2,0,1,5,10,0,10,0,0000000,17,11,17,19,18,3,0,0,0,1,0
39,390004,1,1,0,0,0,1,1,23,0,5,1,2013,7,22,6,0,6,6,MECHANICSBURG CATAWBA RD,,0,40.00724444,-83.60588056,0,30,0,0,1,1,0,4,2,1,0,1,0,0000000,22,6,22,19,23,42,0,0,0,1,1
39,390005,1,1,0,0,0,2,2,113,0,6,1,2013,1,16,30,1,11,1,I-70,,51,39.856575,-84.39451389,0,34,0,0,1,1,0,3,1,1,0,1,0,0000000,16,18,16,26,17,32,0,0,0,1,0
39,390006,2,2,0,0,0,2,2,151,0,9,1,2013,4,10,15,1,2,3,SR-21,,45,40.70907222,-81.52275833,0,12,2,0,1,1,0,1,1,10,0,10,0,0000000,88,88,88,88,88,88,0,0,0,1,0
39,390007,3,3,0,0,0,3,3,13,0,9,1,2013,4,23,34,0,3,3,SR-148,,152,39.90675833,-80.94344444,0,12,6,0,1,1,0,1,2,5,0,5,0,0000000,23,38,23,57,1,33,0,0,0,1,0
39,390008,1,1,0,1,1,2,2,113,2090,20,1,2013,1,0,55,1,13,3,SR-49,,60,39.82828611,-84.29364167,0,8,0,0,1,1,0,1,2,1,0,1,0,0000000,88,88,88,88,88,88,0,0,0,1,0
39,390009,1,1,0,0,0,1,1,145,0,23,1,2013,4,21,20,0,6,4,CR-64 MAPLE BENNER RD,,0,38.8203,-82.95619722,0,35,0,0,1,1,0,4,2,10,0,10,0,0000000,21,20,21,24,22,0,0,0,0,1,0
39,390010,2,2,0,0,0,2,2,159,0,25,1,2013,6,10,49,0,3,3,SR-31,,149,40.44049722,-83.44756111,0,12,6,0,1,1,0,1,1,4,0,4,0,0000000,10,50,11,10,12,5,0,0,0,1,0
39,390011,2,2,0,0,0,2,2,29,0,28,1,2013,2,7,38,0,4,3,SR-517,,26,40.79951111,-80.73817222,0,12,6,0,1,1,0,1,1,3,0,3,0,0000000,7,41,7,50,8,34,0,0,0,1,0
39,390012,2,2,0,0,0,5,5,29,0,28,1,2013,2,11,14,0,4,3,SR-517,,65,40.81249167,-80.67100833,0,12,6,0,1,1,0,1,1,2,0,2,0,0000000,11,16,11,25,12,6,0,0,0,1,0
39,390013,1,1,0,0,0,1,1,167,0,27,1,2013,1,11,20,0,6,5,TR-347 HADLEY HOLLOW RD,,0,39.40579444,-81.37114167,0,42,0,0,1,1,0,4,1,1,0,1,0,0000000,11,20,11,23,88,88,0,0,0,1,0
39,390014,2,2,0,0,0,4,4,77,0,2,2,2013,7,14,18,0,4,3,SR-162,,221,41.08828333,-82.43971667,0,12,6,0,1,1,0,1,1,4,0,4,0,0000000,14,18,14,25,14,52,0,0,0,2,0
39,390015,1,1,0,0,0,1,1,49,0,1,1,2013,3,21,14,1,11,1,I-270,,65,39.94495556,-83.12056667,0,24,0,0,1,1,4,4,3,1,0,1,0,0000000,21,17,21,24,88,88,0,0,0,1,0
39,390016,1,1,0,0,0,1,1,113,2500,9,1,2013,4,5,42,0,14,6,TAYWOOD RD,,0,39.86479167,-84.29225278,0,24,0,0,1,1,0,4,3,10,0,10,0,0000000,88,88,88,88,88,88,0,0,0,1,0
39,390017,2,2,0,0,0,3,3,19,0,12,1,2013,7,18,54,0,3,3,SR-9,SR-171,178,40.62021944,-81.06766111,0,12,6,0,2,2,0,1,2,10,0,10,0,0000000,18,56,19,1,19,52,0,0,0,1,1
39,390018,1,1,0,0,0,1,1,139,4680,22,1,2013,3,12,14,0,6,6,KING ST,,0,40.77396667,-82.53955,0,30,0,0,1,1,0,4,1,10,0,10,0,0000000,12,15,12,20,12,32,0,0,0,1,0
39,390019,1,1,0,0,0,1,1,109,0,25,1,2013,6,14,34,0,15,2,US-40,,7,40.4914,-84.26167778,0,42,0,0,1,1,0,4,1,10,0,10,0,0000000,88,88,88,88,88,88,0,0,0,1,0
39,390020,1,1,0,0,0,1,1,61,0,26,1,2013,7,20,38,0,14,4,CR-351 KELLOGG AVE,CR-65 OLD KELLOGG RD,0,39.03888333,-84.34801111,0,24,0,0,3,4,0,4,2,1,0,1,0,0000000,20,38,20,44,21,7,0,0,0,1,1
39,390021,1,1,0,0,0,2,2,135,0,31,1,2013,5,18,9,0,4,2,US-40,,48,39.84018333,-84.72113056,0,1,0,0,1,1,0,1,5,4,0,4,0,0000000,18,9,18,20,19,4,0,0,0,1,0
39,390022,1,1,0,0,0,1,1,95,6270,1,2,2013,6,23,50,0,16,6,EDGEHILL RD,,0,41.67323056,-83.65558056,0,42,0,0,1,1,0,4,2,10,0,10,0,0000000,0,0,0,6,0,16,0,0,0,1,1
39,390023,2,2,0,0,0,3,3,155,0,1,2,2013,6,13,40,0,14,4,CR-54 NORTH RD,CR-142 N RIVER RD,0,41.27614167,-80.77996111,0,12,6,0,2,2,0,1,1,10,0,10,0,0000000,13,43,13,46,14,7,0,0,0,1,0
39,390024,2,2,0,0,0,3,3,147,0,3,2,2013,1,16,45,0,3,3,SR-53,CR-6,28,41.02898889,-83.23247778,0,12,6,0,2,2,0,1,1,10,0,10,0,0000000,88,88,88,88,88,88,0,0,0,1,0
39,390025,1,1,0,0,0,2,2,49,0,7,2,2013,5,5,30,1,1,1,I-71,,14,39.82061111,-83.17088333,0,24,0,0,1,1,0,3,2,1,0,1,0,0000000,5,31,5,42,6,19,0,0,0,1,0
39,390026,2,2,0,0,0,4,4,23,0,10,2,2013,1,12,45,0,6,4,CR-310 FOLK REAM RD,TR-42 JOHNSON RD,0,39.97510556,-83.92665,0,12,6,0,2,2,0,1,1,10,0,10,0,0000000,12,48,12,56,99,99,0,0,0,1,0
39,390027,1,1,0,0,0,1,1,29,0,11,2,2013,2,6,31,0,4,3,SR-172,,27,40.78780833,-81.044375,0,34,0,0,1,1,0,4,2,10,0,10,0,0000000,7,58,8,14,88,88,0,0,0,1,0
39,390028,2,2,0,0,0,4,4,35,1680,15,1,2013,3,0,55,1,11,1,I-90,,145,41.47379167,-81.69268889,0,59,0,0,1,1,0,4,3,10,0,10,0,0000000,1,19,1,19,1,24,0,0,0,1,1
39,390029,1,1,0,0,0,4,4,53,0,8,2,2013,6,15,5,0,6,4,CR-57 FAIRVIEW RD,,0,38.90422222,-82.30907222,0,34,0,0,1,1,0,4,1,10,0,10,0,0000000,15,5,15,18,16,1,0,0,0,1,0
39,390030,1,1,0,1,1,1,1,113,4960,18,2,2013,2,21,34,1,13,3,SR-725,MALL WOODS DR,148,39.63871667,-84.22835556,0,8,0,0,3,2,0,1,3,10,0,10,0,0000000,21,37,21,40,21,52,0,0,0,1,0
39,390031,2,2,0,0,0,2,2,41,0,18,1,2013,6,10,0,0,3,2,US-36,SR-257,49,40.28826389,-83.16073889,0,12,6,0,2,2,0,1,1,1,0,1,0,0000000,11,4,11,35,12,8,0,0,0,1,0
39,390032,1,1,0,0,0,1,1,35,1680,18,1,2013,6,23,55,0,15,6,S MARGINAL DR,,0,41.46902778,-81.80186944,0,16,0,0,1,1,0,1,3,10,0,10,0,0000000,23,57,0,1,0,30,0,0,0,1,0
39,390033,2,2,0,0,0,5,5,89,5570,29,1,2013,3,10,23,1,13,3,SR-13 MT VERNON RD,,135,40.10834444,-82.42799167,0,12,6,0,4,1,0,1,1,1,0,1,0,0000000,10,23,10,25,10,53,0,0,0,1,0
39,390034,1,1,0,0,0,1,1,35,1680,25,1,2013,6,15,40,0,15,6,BROOKPARK RD,,0,41.42005278,-81.68469722,0,30,0,0,1,1,0,4,1,4,0,4,0,0000000,15,43,15,57,16,13,0,0,0,1,0
39,390035,1,1,0,0,0,4,4,21,0,4,2,2013,2,16,34,0,5,4,CR-67 ZIMMERMAN RD,,0,40.14423889,-83.90106111,0,52,0,0,1,1,0,4,1,4,0,4,0,0000000,16,35,16,43,17,21,0,0,0,1,0
39,390036,1,1,0,1,1,1,1,35,1680,5,2,2013,3,16,12,0,15,6,E 142ND ST,,0,41.46318889,-81.58328611,0,8,0,0,1,1,0,2,1,1,0,1,0,0000000,16,12,16,14,16,31,0,0,0,1,1