STATE,ST_CASE,VE_TOTAL,VE_FORMS,PVH_INVL,PEDS,PERNOTMVIT,PERMVIT,PERSONS,COUNTY,CITY,DAY,MONTH,YEAR,DAY_WEEK,HOUR,MINUTE,NHS,ROAD_FNC,ROUTE,TWAY_ID,TWAY_ID2,MILEPT,LATITUDE,LONGITUD,SP_JUR,HARM_EV,MAN_COLL,RELJCT1,RELJCT2,TYP_INT,WRK_ZONE,REL_ROAD,LGT_COND,WEATHER1,WEATHER2,WEATHER,SCH_BUS,RAIL,NOT_HOUR,NOT_MIN,ARR_HOUR,ARR_MIN,HOSP_HR,HOSP_MN,CF1,CF2,CF3,FATALS,DRUNK_DR
39,390037,2,2,0,0,0,2,2,61,1610,13,2,2013,4,14,15,0,14,6,HOPPLE ST,,0,39.13754722,-84.54738889,0,12,8,0,1,1,0,1,1,4,0,4,0,0000000,14,18,14,21,14,44,0,0,0,1,1
39,390038,1,1,0,0,0,1,1,69,0,17,2,2013,1,13,53,0,6,4,CR-E,,0,41.225925,-83.88696944,0,10,0,0,6,1,0,1,1,1,0,1,0,258551Y,88,88,88,88,88,88,0,0,0,1,0
39,390039,2,2,0,0,0,3,3,125,0,21,2,2013,5,17,25,1,2,2,US-24,CR-87,99,41.20932778,-84.63129444,0,12,6,0,2,2,0,1,1,10,0,10,0,0000000,17,27,17,43,18,57,0,0,0,1,0
39,390040,1,1,0,0,0,1,1,15,6950,21,2,2013,5,22,0,0,6,6,MAIN ST,,0,38.75004722,-83.833725,0,35,0,0,1,1,0,4,2,4,0,4,0,0000000,9,56,10,11,88,88,0,0,0,1,1
39,390041,1,1,0,0,0,1,1,165,0,23,2,2013,7,0,40,0,15,4,CR-38 MASON MORROW MILLGROVE,,0,39.37433889,-84.16883611,0,30,0,0,1,1,0,4,2,10,0,10,0,0000000,88,88,88,88,88,88,0,0,0,1,1
39,390042,1,1,0,0,0,2,2,113,0,25,2,2013,2,6,6,0,16,6,GRANTS TRAIL,,0,39.64507778,-84.17565,0,38,0,0,1,1,0,4,2,1,0,1,0,0000000,6,7,6,11,99,99,0,0,0,1,1
39,390043,1,1,0,1,1,1,1,81,0,28,2,2013,5,20,54,0,16,4,CR-22A CADIZ RD,,0,40.37549167,-80.72696111,0,8,0,0,1,1,0,1,2,4,0,4,0,0000000,20,55,20,59,21,13,0,0,0,1,0
39,390045,2,2,0,0,0,2,2,129,0,2,3,2013,7,8,14,1,2,2,US-23,,154,39.69215278,-82.98566667,0,12,8,0,1,1,0,1,1,10,0,10,0,0000000,8,14,8,24,88,88,0,0,0,1,0
39,390046,2,1,1,1,1,1,1,95,8120,4,3,2013,2,16,2,1,11,1,I-75,,36,41.66360833,-83.56408333,0,8,0,0,1,1,0,8,1,1,0,1,0,0000000,16,3,16,9,88,88,0,0,0,1,0
39,390047,1,1,0,0,0,1,1,109,0,15,3,2013,6,1,44,0,3,3,SR-48,,121,40.09380278,-84.34994444,0,42,0,0,1,1,0,4,2,1,0,1,0,0000000,1,49,2,2,88,88,0,0,0,1,0
39,390048,1,1,0,0,0,1,1,61,0,7,1,2013,2,11,23,0,16,4,CR-2 JOHN GRAY RD,CR-90 PIPPIN RD,0,39.30803333,-84.57131944,0,31,0,0,3,3,0,4,1,1,0,1,0,0000000,11,25,11,33,11,53,20,0,0,1,0
39,390049,1,1,0,0,0,1,1,29,0,3,3,2013,1,21,45,0,6,4,CR-414 LISBON RD,,0,40.82385833,-80.78653611,0,53,0,0,1,1,0,4,2,4,0,4,0,0000000,21,50,22,1,22,10,0,0,0,1,0
39,390050,2,2,0,0,0,5,5,127,0,7,1,2013,2,17,20,0,4,3,SR-93,,69,39.63512222,-82.22835556,0,12,2,0,1,1,0,1,1,1,0,1,0,0000000,17,21,17,45,18,28,0,0,0,1,0
39,390052,1,1,0,0,0,1,1,155,0,8,3,2013,6,16,54,0,14,3,SR-193,,48,41.20426944,-80.66381944,0,35,0,0,1,1,0,4,1,10,0,10,0,0000000,16,54,16,59,88,88,0,0,0,1,0
39,390053,1,1,0,0,0,1,1,3,0,10,3,2013,1,0,30,0,6,6,KILL RD,,0,40.79860833,-84.38786111,0,32,0,0,1,1,0,5,2,1,0,1,0,0000000,1,5,1,18,88,88,0,0,0,1,1
39,390054,1,1,0,0,0,2,2,27,0,13,3,2013,4,8,4,0,4,3,SR-72,,68,39.45333889,-83.65091944,0,34,0,0,1,1,0,4,1,10,0,10,0,0000000,88,88,88,88,88,88,0,0,0,1,0
39,390055,1,1,0,0,0,1,1,35,1680,20,2,2013,4,4,38,0,16,6,CLIFTON BLVD,,0,41.48396111,-81.748675,0,19,0,0,1,1,0,5,3,4,0,4,0,0000000,4,42,4,45,5,11,0,0,0,1,1
39,390056,1,1,0,0,0,2,2,133,0,6,3,2013,4,22,12,0,6,5,TR-25 TRARES RD,,0,41.04298889,-81.33720833,0,35,0,0,1,1,0,4,2,1,0,1,0,0000000,22,19,22,25,99,99,0,0,0,1,0
39,390057,1,1,0,1,1,1,1,155,0,14,3,2013,5,3,50,1,13,2,US-422,,184,41.18455,-80.72025278,0,8,0,0,1,1,0,1,3,10,0,10,0,0000000,3,54,4,0,88,88,0,0,0,1,0
39,390058,1,1,0,0,0,1,1,9,0,16,3,2013,7,0,35,0,3,3,SR-550,,51,39.40193889,-82.04103056,0,35,0,0,1,1,0,4,2,2,0,2,0,0000000,0,36,0,51,88,88,0,0,0,1,1
39,390059,2,2,0,0,0,3,3,149,0,5,3,2013,3,3,15,1,1,1,I-75,,188,40.45839167,-84.16953333,0,12,8,0,1,1,0,1,2,4,0,4,0,0000000,3,27,3,39,4,1,0,0,0,1,0
39,390060,1,1,0,0,0,5,5,35,1680,23,3,2013,7,16,5,0,16,6,WHITE OAK LANE,,0,41.41361389,-81.96113889,0,42,0,0,1,1,0,4,1,10,0,10,0,0000000,16,14,16,19,17,23,0,0,0,1,1
39,390061,1,1,0,0,0,1,1,93,0,23,3,2013,7,7,18,0,14,3,SR-57 GRAFTON EASTERN RD,CR-154 MENNELL RD,74,41.26262778,-82.04194444,0,31,0,0,3,3,0,4,1,1,0,1,0,0000000,7,19,7,31,88,88,0,0,0,1,1
39,390062,2,2,0,0,0,2,2,99,0,25,3,2013,2,8,0,0,3,2,US-224,,49,41.02422778,-80.90626667,0,12,2,0,1,1,0,1,1,4,0,4,0,0000000,8,7,8,21,8,59,0,0,0,1,0
39,390063,2,2,0,0,0,2,2,165,0,16,3,2013,7,17,29,1,13,3,SR-48,CR-46 LYTLE FIVE POINTS RD,246,39.56838611,-84.16413056,0,12,6,0,2,2,0,1,1,10,0,10,0,0000000,17,29,17,33,88,88,0,0,0,1,0
39,390064,9,9,0,0,0,14,14,85,0,23,1,2013,4,11,0,1,11,1,I-90,,164,41.68361111,-81.21816667,0,12,1,0,1,1,0,1,1,4,0,4,0,0000000,11,9,11,17,12,38,0,0,0,1,0
39,390065,2,2,0,0,0,2,2,99,0,18,3,2013,2,8,39,0,3,2,US-224,,97,41.02455,-80.81896944,0,12,6,0,1,1,0,1,1,3,0,3,0,0000000,8,39,8,49,9,10,0,0,0,1,0
39,390066,1,1,0,0,0,1,1,97,0,23,3,2013,7,1,47,0,4,3,SR-29,,77,39.97936389,-83.39155,0,1,0,0,1,1,0,2,2,1,0,1,0,0000000,1,49,2,2,88,88,0,0,0,1,0
39,390067,1,1,0,0,0,1,1,101,0,30,3,2013,7,5,23,0,3,3,SR-309,,114,40.61285,-83.218825,0,53,0,0,1,1,0,4,2,10,0,10,0,0000000,5,29,5,39,88,88,0,0,0,1,1
39,390068,1,1,0,0,0,1,1,153,1720,15,3,2013,6,1,43,0,15,6,CLEVELAND MASSILLON RD,,0,40.91689167,-81.62963889,0,32,0,0,1,1,0,4,2,10,0,10,0,0000000,7,30,7,34,88,88,0,0,0,1,1
39,390070,1,1,0,0,0,4,4,129,0,23,3,2013,7,2,35,0,4,3,SR-138,,11,39.42722222,-83.24376944,0,34,0,0,1,1,0,4,2,1,0,1,0,0000000,2,52,3,28,4,0,0,0,0,2,1
39,390071,1,1,0,1,1,1,1,91,8790,28,3,2013,5,9,52,0,15,6,N DETROIT ST,,0,40.25501944,-83.75596667,0,8,0,0,1,1,0,1,1,1,0,1,0,0000000,9,54,9,57,10,15,0,0,0,1,0
39,390072,2,2,0,0,0,2,2,113,2090,4,4,2013,5,17,14,0,14,6,W 3RD ST,BROOKLYN AVE,0,39.75156667,-84.23995278,0,12,6,0,2,2,0,1,1,1,0,1,0,0000000,88,88,88,88,88,88,0,0,0,1,1
39,390073,1,1,0,1,1,1,1,49,0,1,1,2013,3,4,35,0,15,6,N CASSADY AVE,DRAKE RD,0,40.00805556,-82.92944444,0,8,0,0,1,1,0,4,3,4,0,4,0,0000000,4,37,4,45,88,88,0,0,0,1,0
39,390074,2,2,0,0,0,3,3,35,1050,2,1,2013,4,13,10,0,14,6,SMITH RD,HOLLAND RD,0,41.39567778,-81.80451111,0,12,6,0,2,2,0,1,1,10,0,10,0,0000000,13,14,13,17,13,47,0,0,0,1,0
39,390075,2,2,0,0,0,3,3,131,0,3,1,2013,5,15,24,0,4,3,SR-124,,147,39.08639167,-83.14013889,0,12,2,0,1,1,0,1,1,1,0,1,0,0000000,15,24,99,99,99,99,0,0,0,1,0
39,390076,2,2,0,0,0,2,2,35,1680,4,1,2013,6,5,55,0,3,4,CR-43 HARVARD AVE,,55,41.44975556,-81.57253611,0,12,6,0,4,1,0,1,3,1,0,1,0,0000000,6,1,6,4,6,33,0,0,0,1,1
39,390077,2,2,0,0,0,3,3,169,0,4,1,2013,6,21,33,0,3,3,SR-585 AKRON RD,,105,40.91584444,-81.78968056,0,12,6,0,1,1,0,1,2,1,0,1,0,0000000,21,36,21,47,22,25,0,0,0,1,0
39,390078,1,1,0,0,0,1,1,113,0,6,1,2013,1,5,8,1,1,1,I-75,,26,39.62481389,-84.22957778,0,34,0,0,1,1,0,4,2,10,0,10,0,0000000,4,54,5,7,88,88,0,0,0,1,0
39,390079,2,2,0,0,0,2,2,113,0,7,1,2013,2,7,44,0,13,4,CR-2 N MONTGOMERY CO LINE RD,S RANGELINE RD,61,39.92036389,-84.36936667,0,12,6,0,2,2,0,1,1,5,0,5,0,0000000,7,47,7,59,88,88,0,0,0,1,0
39,390080,1,1,0,0,0,1,1,35,2520,7,1,2013,2,17,15,1,11,1,I-90,,270,41.58820833,-81.52533611,0,59,0,0,1,1,0,4,1,10,0,10,0,0000000,88,88,88,88,88,88,0,0,0,1,0
39,390081,1,1,0,0,0,1,1,129,0,11,1,2013,6,16,45,0,15,4,CR-90 WALNUT CREEK PIKE,,0,39.70110556,-82.92146667,0,32,0,0,1,1,0,4,1,1,0,1,0,0000000,16,57,17,0,17,22,0,0,0,1,0
39,390082,1,1,0,0,0,1,1,51,0,13,1,2013,1,11,0,0,5,4,CR-15,,17,41.512025,-84.15343611,0,34,0,0,1,1,0,5,1,10,0,10,0,0000000,11,5,11,9,88,88,0,0,0,1,1
39,390083,1,1,0,0,0,2,2,7,6526,17,1,2013,5,1,0,0,5,6,MIDDLE RD,,0,41.80140556,-80.53906389,0,34,0,0,1,1,0,4,2,1,0,1,0,0000000,3,44,3,53,88,88,0,0,0,2,1
39,390084,1,1,0,0,0,1,1,173,0,17,1,2013,5,11,5,0,6,5,TR-238 CUMMINGS RD,LATCHA RD,10,41.54405556,-83.48233333,0,32,0,0,1,1,0,4,1,1,0,1,0,0000000,11,4,11,10,11,52,0,0,0,1,0
39,390085,2,2,0,0,0,4,4,87,0,18,1,2013,6,17,25,0,13,2,US-52,,211,38.41725556,-82.51051944,0,12,1,0,1,1,0,1,1,1,0,1,0,0000000,17,27,18,0,99,99,0,0,0,1,0
39,390086,1,1,0,0,0,1,1,23,0,19,1,2013,7,21,51,0,5,4,CR-316 LOWER VALLEY PIKE,,40,39.88963333,-83.99619722,0,42,0,0,1,1,0,4,2,10,0,10,0,0000000,21,53,21,57,88,88,0,0,0,1,1
39,390087,1,1,0,0,0,1,1,45,0,22,1,2013,3,23,0,0,6,5,TR-181 DELMONT RD SW,,24,39.64868611,-82.689425,0,32,0,0,1,1,0,4,2,1,0,1,0,0000000,23,55,0,9,88,88,0,0,0,1,1
39,390088,1,1,0,0,0,1,1,7,382,22,1,2013,3,21,20,0,6,5,TR-582 WOODSIDE DR,,5,41.75033889,-80.89270278,0,34,0,0,1,1,0,4,2,4,0,4,0,0000000,22,3,22,21,88,88,0,0,0,1,1
39,390089,2,2,0,0,0,3,3,85,0,30,3,2013,7,17,46,0,4,3,SR-608,,5,41.64675556,-81.18547778,0,1,0,0,1,1,0,1,1,1,0,1,0,0000000,17,46,17,49,88,88,0,0,0,1,0
39,390090,2,2,0,0,0,2,2,49,1800,21,2,2013,5,0,43,1,11,1,I-670,,78,39.98926944,-82.93762778,0,12,2,0,1,1,0,1,3,1,0,1,0,0000000,0,45,0,47,1,28,0,0,0,1,1
39,390091,1,1,0,0,0,1,1,139,0,23,1,2013,4,22,19,0,4,6,WASHINGTON NORTH RD,,0,40.69882222,-82.47307778,0,53,0,0,1,1,0,4,2,4,0,4,0,0000000,22,28,22,35,23,32,0,0,0,1,1
39,390092,1,1,0,0,0,2,2,75,0,24,1,2013,5,7,8,0,4,3,SR-60,,66,40.52906389,-82.00946389,0,35,0,0,1,1,0,4,4,4,0,4,0,0000000,7,10,7,19,88,88,0,0,0,1,0
39,390093,1,1,0,0,0,1,1,17,0,24,1,2013,5,0,5,0,4,3,SR-129 HAMILTON-SCIPIO RD,,29,39.39116944,-84.75290556,0,34,0,0,1,1,0,5,2,10,0,10,0,0000000,6,21,6,33,88,88,0,0,0,1,1
39,390094,1,1,0,0,0,1,1,63,0,25,1,2013,6,6,42,0,6,5,TR-243,,0,41.136825,-83.52052222,0,34,0,0,1,1,0,4,2,10,0,10,0,0000000,6,44,7,0,7,47,0,0,0,1,0
39,390095,1,1,0,0,0,1,1,47,0,25,1,2013,6,15,28,0,5,3,SR-753,,61,39.45460278,-83.37206667,0,34,0,0,1,1,0,5,1,1,10,10,0,0000000,15,31,15,41,88,88,0,0,0,1,0
39,390096,1,1,0,0,0,1,1,17,0,26,1,2013,7,15,15,1,2,2,US-127 N RIVERSIDE DR,,101,39.4471,-84.53633056,0,10,0,0,6,1,0,1,1,1,0,1,0,525201T,15,25,15,36,88,88,0,0,0,1,1
39,390097,1,1,0,0,0,1,1,79,0,26,1,2013,7,4,40,0,4,3,SR-327 N MINNESOTA AVE,,121,39.13665,-82.56025556,0,52,0,0,1,1,0,4,2,1,0,1,0,0000000,4,50,4,58,88,88,0,0,0,1,1
39,390098,1,1,0,0,0,1,1,7,1850,27,1,2013,1,5,33,0,5,6,MIDDLE RD,,0,41.916225,-80.54414167,0,35,0,0,1,1,0,4,2,4,0,4,0,0000000,5,38,5,48,88,88,0,0,0,1,1
39,390099,1,1,0,0,0,1,1,153,70,27,1,2013,1,2,43,0,16,6,MANCHESTER RD,,0,41.03876667,-81.54628889,0,30,0,0,1,1,0,4,3,1,0,1,0,0000000,2,43,2,47,88,88,0,0,0,1,1
39,390100,1,1,0,0,0,1,1,91,0,27,1,2013,1,3,0,0,4,3,SR-274,,200,40.47798611,-83.65443333,0,34,0,0,1,1,0,5,2,1,0,1,0,0000000,8,36,8,45,88,88,0,0,0,1,1
39,390101,2,2,0,0,0,3,3,143,0,29,1,2013,3,2,13,1,2,2,US-20 W STATE RD,CR-128,140,41.37363611,-83.17741111,0,12,6,0,2,2,0,1,2,2,0,2,0,0000000,2,13,2,20,2,46,0,0,0,1,1
39,390102,1,1,0,1,1,4,4,113,0,29,1,2013,3,17,9,0,15,6,DIAMOND MILL RD,AIR HILL RD,0,39.81975556,-84.36699722,0,9,0,0,2,3,0,1,1,10,0,10,0,0000000,16,58,17,7,17,37,0,0,0,1,0
39,390103,3,3,0,0,0,4,4,65,0,30,1,2013,4,16,16,0,3,2,US-68,,130,40.69622778,-83.61820833,0,12,2,0,1,1,0,1,1,10,0,10,0,0000000,16,50,17,13,17,40,0,0,0,1,0
39,390104,1,1,0,0,0,2,2,21,0,31,1,2013,5,6,52,0,5,4,CR-67 ZIMMERMAN ST,,0,40.13613056,-83.89104722,0,17,0,0,1,1,0,5,2,4,0,4,0,0000000,6,53,7,6,7,36,0,0,0,1,0
39,390106,2,2,0,0,0,2,2,151,4820,10,4,2013,4,12,43,1,13,3,SR-241,,108,40.81492778,-81.50828056,0,12,2,0,1,1,0,1,1,2,0,2,0,0000000,12,50,12,55,13,6,0,0,0,1,0
39,390107,2,2,0,2,2,1,1,89,0,14,4,2013,1,2,0,1,11,1,I-70,,51,39.94865,-82.67641667,0,12,11,0,1,1,0,1,2,1,0,1,1,0000000,2,0,2,3,2,30,23,0,0,1,0
39,390108,2,2,0,0,0,2,2,153,70,13,3,2013,4,7,46,0,15,6,W BATH RD,,0,41.15878611,-81.52265278,0,12,2,0,1,1,0,1,1,10,0,10,0,0000000,7,49,7,56,8,30,0,0,0,1,1
39,390109,1,1,0,0,0,1,1,35,960,13,4,2013,7,23,46,1,11,1,I-90,,218,41.54478611,-81.617225,0,25,0,0,1,1,0,3,3,10,0,10,0,0000000,23,48,23,52,0,40,0,0,0,1,1
39,390110,1,1,0,0,0,2,2,37,0,19,4,2013,6,9,3,0,5,4,CR-35 BEAMSVILLE UNION CITY RD,,0,40.19296667,-84.70420556,0,53,0,0,1,1,0,4,1,10,0,10,0,0000000,9,5,9,47,11,21,0,0,0,1,1
39,390111,1,1,0,0,0,1,1,173,0,21,4,2013,1,18,58,0,5,6,CUSTAR RD,,0,41.38780833,-83.85186389,0,43,0,0,1,1,0,4,1,1,0,1,0,0000000,19,4,19,15,88,88,0,0,0,1,0
39,390112,2,1,1,0,1,1,2,41,0,22,4,2013,2,9,22,1,1,1,I-71,,47,40.19265,-82.93865,0,45,0,0,1,1,4,2,1,1,0,1,0,0000000,9,23,9,34,10,9,0,0,0,1,0
39,390113,1,1,0,0,0,2,2,115,0,2,2,2013,7,2,47,0,4,3,SR-377,,48,39.50334444,-81.8558,0,42,0,0,1,1,0,4,2,1,0,1,0,0000000,2,53,3,20,4,15,0,0,0,1,1
39,390114,1,1,0,0,0,2,2,159,0,3,2,2013,1,6,30,0,6,4,CR-183,,0,40.35364167,-83.25174167,0,30,0,0,1,1,0,4,2,4,0,4,0,0000000,6,50,7,7,7,30,0,0,0,1,1
39,390115,1,1,0,0,0,1,1,97,0,3,2,2013,1,23,43,0,6,4,CR-5 LAFAYETTE PLAIN CITY RD,,0,40.03161111,-83.36890833,0,34,0,0,1,1,0,4,2,10,0,10,0,0000000,23,49,0,0,1,4,0,0,0,1,0
39,390116,2,2,0,0,0,2,2,65,0,4,2,2013,2,14,15,0,4,3,SR-67,,103,40.60810556,-83.69690278,0,12,2,0,1,1,0,1,1,4,0,4,0,0000000,14,19,14,27,14,47,0,0,0,1,0
39,390117,1,1,0,0,0,1,1,139,0,4,2,2013,2,16,47,1,2,3,SR-13,,73,40.91797222,-82.49861111,0,34,0,0,1,1,0,4,1,4,0,4,0,0000000,16,49,17,2,17,27,0,0,0,1,1
39,390118,1,1,0,0,0,1,1,13,0,5,2,2013,3,8,15,0,4,3,SR-331 UNIONTOWN FLUSHING RD,,91,40.13801389,-81.02344167,0,42,0,0,1,1,0,4,1,5,0,5,0,0000000,8,25,8,40,9,12,0,0,0,1,0
39,390119,2,2,0,0,0,2,2,125,0,5,2,2013,3,7,53,1,2,2,US-24,CR-87,99,41.20911944,-84.63131667,0,12,6,0,2,2,0,1,1,5,0,5,0,0000000,7,56,8,6,88,88,0,0,0,1,0
39,390120,1,1,0,1,1,1,1,169,9140,5,2,2013,3,7,31,1,13,3,SR-83 DIX EXPRESSWAY,,142,40.85453333,-81.92906389,0,8,0,0,1,1,0,1,1,10,0,10,0,0000000,7,10,7,14,7,25,19,0,0,1,0
39,390121,2,2,0,0,0,2,2,155,0,8,2,2013,6,6,48,1,12,3,SR-5,,36,41.21907778,-80.93461389,0,12,1,0,1,1,0,1,2,2,0,2,0,0000000,6,52,7,1,7,34,0,0,0,1,0
39,390122,2,2,0,0,0,2,2,61,0,9,2,2013,7,3,5,1,12,3,SR-126 RONDALD REAGAN  CO. HWY,,137,39.22323889,-84.53792778,0,12,2,0,1,1,0,1,3,1,0,1,0,0000000,3,6,3,15,88,88,0,0,0,2,2
39,390123,1,1,0,0,0,1,1,13,0,9,2,2013,7,6,30,0,6,4,CR-64,,22,40.15424722,-80.955625,0,1,0,0,1,1,0,1,2,10,0,10,0,0000000,6,30,6,41,7,49,0,0,0,1,0
39,390124,2,2,0,0,0,4,4,49,0,10,2,2013,1,15,2,1,1,1,I-270,,355,40.01111111,-82.90083333,0,24,0,0,1,1,0,3,1,10,0,10,0,0000000,15,5,15,9,88,88,14,0,0,1,0
39,390125,2,2,0,0,0,3,3,101,0,11,2,2013,2,16,32,1,2,2,US-23,CR-195 LINN HIPSHER RD,152,40.651875,-83.10518889,0,12,6,0,2,2,0,1,1,10,0,10,0,0000000,16,36,16,44,17,2,0,0,0,1,0
39,390126,2,2,0,0,0,2,2,15,5380,14,2,2013,5,5,56,0,3,2,US-68 GLOVER DR,,309,39.04176667,-83.92086944,0,12,2,0,1,1,0,1,3,10,0,10,0,0000000,5,58,6,7,99,99,0,0,0,1,0
39,390127,1,1,0,0,0,1,1,173,0,14,2,2013,5,7,6,1,1,1,I-75,,172,41.41327778,-83.61556111,0,1,0,0,1,1,0,3,4,10,0,10,0,0000000,7,14,7,40,8,16,0,0,0,1,0
39,390128,2,2,0,0,0,2,2,49,0,14,2,2013,5,14,26,0,3,4,CR-26 GEORGESVILLE RD,,34,39.94194444,-83.11194444,0,12,1,0,1,1,0,1,1,1,0,1,0,0000000,14,21,14,22,14,34,0,0,0,1,0
39,390129,1,1,0,0,0,2,2,151,1320,16,2,2013,7,0,31,1,13,3,SR-172 E TUSCARAWAS ST,,156,40.79453889,-81.35539722,0,33,0,0,1,1,0,4,3,1,0,1,0,0000000,0,37,0,43,0,58,20,0,0,1,1
39,390130,1,1,0,0,0,1,1,25,0,18,2,2013,2,18,10,0,16,5,TR-194,,18,39.25463611,-84.19199167,0,34,0,0,1,1,0,4,5,1,0,1,0,0000000,18,15,18,21,18,48,0,0,0,1,0
39,390131,1,1,0,0,0,1,1,151,6565,20,2,2013,4,3,37,1,13,2,US-62,,243,40.8308,-81.36026389,0,30,0,0,1,1,0,4,2,4,0,4,0,0000000,3,40,3,45,4,14,0,0,0,1,1
39,390132,1,1,0,0,0,1,1,35,1680,21,2,2013,5,21,1,0,14,2,US-6 DETROIT AVE,,45,41.48040556,-81.75668889,0,33,0,0,1,1,0,4,3,10,0,10,0,0000000,21,15,21,19,21,33,0,0,0,1,1
39,390133,1,1,0,1,1,4,4,61,1610,24,2,2013,1,2,4,1,11,1,I-71,,30,39.22293611,-84.82933889,0,8,0,0,1,1,0,1,3,1,0,1,0,0000000,2,5,2,11,88,88,0,0,0,1,1
39,390134,2,2,0,0,0,3,3,7,330,24,2,2013,1,17,41,1,2,2,US-20 N RIDGE RD EAST,SR-11,137,41.87613611,-80.76251389,0,12,6,0,2,2,0,1,1,10,0,10,0,0000000,17,48,17,50,18,15,0,0,0,1,1
39,390135,1,1,0,1,1,1,1,151,0,25,2,2013,2,21,55,1,13,3,SR-172 LINCOLN WAY NW,,37,40.79636389,-81.578825,0,8,0,0,1,1,0,1,2,1,0,1,0,0000000,21,59,22,7,22,22,0,0,0,1,0
39,390136,2,2,0,0,0,2,2,41,6740,26,2,2013,3,14,52,0,15,4,CR-9 N LIBERTY ST,,0,40.16679444,-83.07652222,0,59,0,0,1,1,0,5,1,2,0,2,0,0000000,14,53,14,56,15,14,14,0,0,1,0
39,390137,1,1,0,0,0,1,1,133,6830,28,2,2013,5,14,54,0,3,3,SR-44,,176,41.21905,-81.23971944,0,53,0,0,1,1,0,4,1,2,0,2,0,0000000,14,52,14,58,15,10,0,0,0,1,0
39,390138,2,2,0,0,0,2,2,5,0,28,2,2013,5,19,13,0,4,2,US-30,SR-511,39,40.78508056,-82.30635,0,12,6,0,2,2,0,1,2,2,0,2,0,0000000,19,19,19,28,19,52,0,0,0,1,0
39,390140,2,2,0,0,0,2,2,55,0,23,4,2013,3,8,17,0,4,3,SR-528,CR-43,233,41.70335278,-81.05246389,0,12,6,0,2,2,0,1,1,1,0,1,0,0000000,8,17,8,17,8,37,0,0,0,1,1
39,390141,2,2,0,0,0,3,3,77,0,29,4,2013,2,13,25,0,4,3,SR-61,SR-103,44,41.07730556,-82.67641667,0,12,6,0,2,2,0,1,1,1,0,1,0,0000000,13,25,13,30,88,88,0,0,0,1,0
39,390142,2,2,0,0,0,2,2,173,0,30,4,2013,3,17,15,1,13,2,US-6,I-75,141,41.35185,-83.61964722,0,12,6,0,2,2,0,1,1,1,0,1,0,0000000,17,20,17,38,18,12,0,0,0,1,0
39,390143,2,2,0,0,0,3,3,7,0,5,5,2013,1,10,50,0,3,3,SR-45,,62,41.59673056,-80.85839444,0,1,0,0,1,1,0,1,1,1,0,1,0,0000000,10,56,10,59,88,88,0,0,0,1,0
39,390144,2,2,0,0,0,2,2,151,0,30,3,2013,7,13,25,1,13,3,SR-172 LINCOLN WAY ST,,96,40.79480556,-81.46786389,0,12,6,0,1,1,0,1,1,1,0,1,0,0000000,13,25,13,27,13,38,0,0,0,1,0
39,390145,1,1,0,0,0,1,1,113,1450,25,4,2013,5,19,15,0,16,6,E RAHN RD,,0,39.66806111,-84.13786944,0,33,0,0,1,1,0,3,1,1,0,1,0,0000000,19,15,19,23,88,88,0,0,0,1,1
39,390146,2,2,0,0,0,4,4,49,0,27,4,2013,7,21,18,1,13,3,SR-161,,163,40.08169167,-82.89571667,0,12,1,0,5,1,0,1,3,1,0,1,0,0000000,21,18,21,22,21,49,0,0,0,1,0
39,390147,2,2,0,0,0,5,5,173,0,3,5,2013,6,14,54,1,13,3,SR-51,,31,41.59568056,-83.45516944,0,12,6,0,4,1,0,1,1,1,0,1,0,0000000,14,54,15,7,99,99,0,0,0,1,1
39,390148,1,1,0,0,0,1,1,13,0,6,5,2013,2,13,40,0,6,5,TR-250,,0,39.99589167,-80.93218333,0,42,0,0,1,1,0,4,1,1,0,1,0,0000000,15,33,15,59,88,88,0,0,0,1,0
39,390149,2,2,0,0,0,2,2,101,0,9,5,2013,5,15,32,0,3,3,SR-4,,176,40.67096111,-83.10581389,0,12,2,0,1,1,0,1,1,1,0,1,0,0000000,15,33,15,40,16,10,0,0,0,1,0
39,390150,1,1,0,1,1,1,1,35,1680,9,1,2013,4,7,50,1,13,3,SR-10 LORAIN AVE,,92,41.45003056,-81.81820278,0,8,0,1,18,1,0,1,4,2,0,2,0,0000000,88,88,88,88,88,88,0,0,0,1,0
39,390151,1,1,0,0,0,2,2,49,2270,19,4,2013,6,23,47,0,16,6,PARKWOOD PL,,0,40.08491111,-83.14095,0,5,0,0,1,1,0,1,3,10,0,10,0,0000000,23,47,23,51,0,0,0,0,0,1,0
39,390152,1,1,0,0,0,1,1,49,0,4,5,2013,7,9,40,1,13,3,SR-161,,156,40.08238333,-82.91146111,0,24,0,0,5,1,0,4,1,1,0,1,0,0000000,9,45,9,49,10,12,0,0,0,1,0
39,390153,1,1,0,0,0,1,1,95,8120,5,5,2013,1,1,5,1,11,1,I-75,BERDAN AVE,36,41.68823611,-83.56159722,0,25,0,1,5,1,0,3,3,1,0,1,0,0000000,88,88,88,88,88,88,0,0,0,1,1
39,390154,6,6,0,0,0,6,6,49,0,8,5,2013,4,9,8,1,11,1,I-70,,38,39.978425,-83.17650556,0,12,7,0,1,1,0,1,1,10,0,10,0,0000000,9,18,9,25,10,16,0,0,0,2,0
39,390155,1,1,0,1,1,1,1,99,0,10,5,2013,6,15,38,0,6,4,CR-20 PINE LAKE RD,,0,40.92983889,-80.85401111,0,9,0,0,8,1,0,1,1,10,0,10,0,0000000,15,43,15,45,16,3,0,0,0,1,0