STATE,ST_CASE,VE_TOTAL,VE_FORMS,PVH_INVL,PEDS,PERNOTMVIT,PERMVIT,PERSONS,COUNTY,CITY,DAY,MONTH,YEAR,DAY_WEEK,HOUR,MINUTE,NHS,ROAD_FNC,ROUTE,TWAY_ID,TWAY_ID2,MILEPT,LATITUDE,LONGITUD,SP_JUR,HARM_EV,MAN_COLL,RELJCT1,RELJCT2,TYP_INT,WRK_ZONE,REL_ROAD,LGT_COND,WEATHER1,WEATHER2,WEATHER,SCH_BUS,RAIL,NOT_HOUR,NOT_MIN,ARR_HOUR,ARR_MIN,HOSP_HR,HOSP_MN,CF1,CF2,CF3,FATALS,DRUNK_DR
39,390157,3,3,0,0,0,4,4,93,0,16,5,2013,5,17,25,0,4,4,CR-51 BAUMHART RD,,0,41.37398611,-82.28190278,0,12,8,0,1,1,0,1,1,10,0,10,0,0000000,17,30,17,35,18,19,0,0,0,1,0
39,390158,2,2,0,0,0,2,2,165,0,16,5,2013,5,21,20,0,15,4,CR-38 MASON MORROW MILLGROVE,,0,39.37278333,-84.23234722,0,12,2,0,1,1,0,1,2,10,0,10,0,0000000,21,21,21,26,22,2,0,0,0,1,1
39,390159,1,1,0,0,0,1,1,49,0,19,5,2013,1,23,7,0,16,5,TR-142 BROWN RD,,0,39.92268889,-83.03793611,0,43,0,0,1,1,0,4,2,1,0,1,0,0000000,23,9,23,13,23,26,0,0,0,1,1
39,390160,1,1,0,0,0,2,2,99,9230,2,5,2013,5,12,0,1,13,2,US-62,HIMROD AVE,187,41.0963,-80.63517778,0,30,0,0,3,3,0,4,1,1,0,1,0,0000000,12,5,12,11,12,26,0,0,0,1,0
39,390161,1,1,0,1,1,1,1,11,0,19,5,2013,1,1,33,1,2,2,US-33,,71,40.55715278,-84.33957222,0,8,0,0,1,1,0,1,2,1,0,1,0,0000000,88,88,88,88,88,88,0,0,0,1,0
39,390162,4,4,0,0,0,4,4,89,0,23,5,2013,5,0,26,1,1,1,I-70,,79,39.9458,-82.62402222,0,12,1,0,1,1,4,1,2,10,0,10,0,0000000,0,29,0,43,1,25,0,0,0,1,0
39,390163,1,1,0,0,0,4,4,153,3139,4,1,2013,6,0,50,1,11,1,I-77,,25,40.94725,-81.45041667,0,1,0,0,1,1,0,5,2,1,0,1,0,0000000,0,56,1,3,1,37,0,0,0,1,1
39,390164,1,1,0,0,0,1,1,133,380,25,1,2013,6,23,22,0,16,6,N PARK DR,,0,41.29469444,-81.34975,0,42,0,0,1,1,0,5,2,4,0,4,0,0000000,23,22,23,26,88,88,0,0,0,1,0
39,390166,1,1,0,0,0,3,3,99,6640,3,3,2013,1,12,8,0,16,4,CR-106 NEW CASTLE RD,,0,41.05598333,-80.53418056,0,53,0,0,1,1,0,5,1,4,0,4,0,0000000,12,6,12,12,12,29,0,0,0,2,0
39,390167,2,2,0,0,0,2,2,113,5275,22,1,2013,3,14,58,0,15,6,MAIN ST,,0,39.70252222,-84.25224722,0,12,2,0,1,1,0,1,1,10,0,10,0,0000000,15,0,15,10,15,32,0,0,0,1,0
39,390168,2,2,0,0,0,2,2,151,110,20,5,2013,2,12,30,0,15,6,E BROADWAY ST,S LIBERTY AVE,0,40.91921111,-81.09623889,0,12,6,0,2,2,0,1,1,1,0,1,0,0000000,12,33,12,38,13,6,0,0,0,1,0
39,390169,2,2,0,0,0,2,2,49,1800,2,3,2013,7,21,30,0,14,6,GENDER RD,,0,39.91111111,-82.82388889,0,12,6,0,1,1,0,1,2,4,0,4,0,0000000,21,42,21,47,22,20,0,0,0,1,1
39,390170,2,2,0,0,0,2,2,9,0,4,3,2013,2,9,50,1,2,3,SR-7,TR-468D,8,39.19351667,-81.83327222,0,12,6,0,2,3,0,1,1,1,0,1,0,0000000,9,50,9,56,10,45,0,0,0,1,0
39,390171,1,1,0,0,0,1,1,153,70,5,3,2013,3,1,13,0,15,6,E MARKET ST,,0,41.06406667,-81.479875,0,33,0,0,1,1,0,4,3,1,0,1,0,0000000,1,15,1,19,88,88,0,0,0,1,1
39,390172,1,1,0,0,0,1,1,113,2090,6,3,2013,4,7,45,0,14,6,W 3RD ST,,0,39.74751944,-84.26423611,0,33,0,0,1,1,0,4,1,10,0,10,0,0000000,7,46,7,53,8,43,0,0,0,1,0
39,390173,2,2,0,0,0,3,3,7,330,8,3,2013,6,18,34,0,14,6,W 19TH ST,SPRUCE DR,0,41.88119444,-80.82064444,0,12,7,0,8,1,0,1,5,1,0,1,0,0000000,18,34,18,40,99,99,0,0,0,1,1
39,390174,2,2,0,0,0,2,2,51,0,11,3,2013,2,17,13,1,2,2,US-20,SR-109,197,41.67093889,-84.03466111,0,12,6,0,2,2,0,1,1,10,0,10,0,0000000,17,14,17,22,88,88,0,0,0,1,1
39,390175,1,1,0,0,0,1,1,165,0,12,3,2013,3,20,10,0,6,4,CR-46 E LYTLE FIVE PTS RD,,0,39.5675,-84.17361111,0,30,0,0,1,1,0,4,2,2,0,2,0,0000000,20,14,20,14,88,88,0,0,0,1,1
39,390176,2,2,0,0,0,2,2,133,6830,13,3,2013,4,6,38,1,2,3,SR-14,,133,41.14774444,-81.20983333,0,12,2,0,1,1,0,1,2,10,0,10,0,0000000,6,41,6,50,7,11,0,0,0,1,0
39,390177,1,1,0,1,1,1,1,95,8120,14,3,2013,5,1,53,0,15,6,W ALEXIS RD,,0,41.72161667,-83.56165278,0,8,0,0,1,1,0,1,3,1,0,1,0,0000000,1,54,1,58,2,13,0,0,0,1,0
39,390178,1,1,0,0,0,2,2,27,0,16,3,2013,7,23,55,0,4,3,SR-730,,71,39.416825,-83.90221389,0,11,0,0,1,1,0,1,2,1,0,1,0,0000000,23,55,0,3,88,88,0,0,0,2,1
39,390179,1,1,0,0,0,1,1,25,0,16,3,2013,7,8,50,0,4,2,US-50,,103,39.12344444,-84.15165833,0,34,0,0,1,1,0,4,1,10,0,10,0,0000000,8,57,9,2,88,88,0,0,0,1,0
39,390180,1,1,0,0,0,8,8,155,8530,10,3,2013,1,6,50,0,14,4,CR-69 NILES WARREN RIVER RD,,0,41.22542778,-80.81088889,0,24,0,0,1,1,0,5,2,10,0,10,0,0000000,7,24,7,27,7,47,0,0,0,6,1
39,390181,2,2,0,0,0,5,5,95,8120,14,3,2013,5,19,57,0,15,6,SEAMAN ST,LONGDALE ST,0,41.64954444,-83.5048,0,12,6,0,2,3,0,1,5,1,0,1,0,0000000,19,59,20,3,88,88,0,0,0,1,1
39,390183,1,1,0,0,0,1,1,35,2840,20,3,2013,4,1,14,0,14,6,E 131ST ST,,0,41.43621667,-81.59112222,0,33,0,0,1,1,0,4,3,1,0,1,0,0000000,1,16,1,19,88,88,0,0,0,1,1
39,390184,1,1,0,0,0,1,1,25,0,21,3,2013,5,10,4,1,2,2,US-52,,68,38.94024722,-84.27776111,0,32,0,0,1,1,0,5,1,10,0,10,0,0000000,10,9,10,37,88,88,0,0,0,1,0
39,390186,3,3,0,0,0,5,5,109,0,1,6,2013,7,14,32,0,6,4,CR-37 FENNER RD,CR-132 WILSON RD,0,40.02376389,-84.26802222,0,12,6,0,2,2,0,1,1,10,0,10,0,0000000,14,33,14,38,99,99,0,0,0,1,0
39,390187,1,1,0,0,0,4,4,51,0,25,3,2013,2,13,0,0,6,4,CR-C,,0,41.51558333,-84.02194444,0,34,0,0,1,1,0,5,1,4,0,4,0,0000000,13,4,13,12,13,49,0,0,0,1,0
39,390189,1,1,0,0,0,1,1,111,1630,26,3,2013,3,12,20,1,2,3,SR-7,,229,39.78118333,-80.85678056,0,34,0,0,1,1,0,5,1,10,0,10,0,0000000,12,15,12,25,12,45,0,0,0,1,0
39,390190,1,1,0,0,0,1,1,7,190,28,3,2013,5,17,53,0,3,4,CR-33,,0,41.62541111,-80.61385278,0,32,0,0,1,1,0,5,1,10,0,10,0,0000000,88,88,88,88,88,88,0,0,0,1,0
39,390191,1,1,0,0,0,2,2,117,0,30,3,2013,7,14,50,1,1,1,I-71,,45,40.40861111,-82.82138889,0,1,0,0,1,1,0,5,1,1,0,1,0,0000000,14,58,15,7,15,43,0,0,0,1,0
39,390192,1,1,0,0,0,2,2,109,0,31,3,2013,1,12,38,0,4,3,SR-41,,140,40.07648333,-84.28423611,0,30,0,0,1,1,0,5,1,10,0,10,0,0000000,12,39,12,44,99,99,0,0,0,1,0
39,390193,1,1,0,0,0,1,1,157,0,25,5,2013,7,15,45,0,5,4,CR-86 TABOR RIDGE RD,,0,40.53543889,-81.35938889,0,34,0,0,1,1,0,4,1,1,0,1,0,0000000,99,99,99,99,99,99,0,0,0,1,1
39,390194,1,1,0,1,1,1,1,99,9230,3,2,2013,1,2,54,0,16,6,W HYLDA AVE,,0,41.07127778,-80.66063889,0,8,0,0,1,1,0,1,3,4,0,4,0,0000000,2,54,2,58,3,19,0,0,0,1,0
39,390195,2,2,0,0,0,3,3,99,0,27,5,2013,2,23,7,0,4,3,SR-534,,63,40.99186944,-80.94737778,0,12,8,0,1,1,0,1,2,2,0,2,0,0000000,23,8,23,26,0,10,0,0,0,2,0
39,390196,1,1,0,0,0,2,2,151,6565,8,1,2013,3,16,35,0,16,6,APPLEGROVE NW,ELMHURST AVE,0,40.88956667,-81.37272222,0,42,0,0,3,3,0,4,1,10,0,10,0,0000000,16,38,16,42,17,15,0,0,0,1,1
39,390197,1,1,0,0,0,1,1,35,6000,20,1,2013,1,8,36,0,15,6,BRADLEY RD,,0,41.39815,-81.96950556,0,42,0,0,1,1,0,5,6,1,0,1,0,0000000,8,42,8,44,88,88,0,0,0,1,1
39,390198,2,2,0,0,0,8,8,3,4220,5,3,2013,3,18,35,0,13,6,JAMESON AVE,DELPHOS,0,40.75026389,-84.12456944,0,12,2,0,2,2,0,1,3,4,0,4,0,0000000,18,37,18,40,19,8,0,0,0,1,0
39,390199,2,2,0,0,0,2,2,35,6360,6,3,2013,4,17,3,1,13,3,SR-3 RIDGE RD,CR-67 W SPRAGUE RD,54,41.35288889,-81.73530556,0,12,6,0,2,2,0,1,1,1,0,1,0,0000000,17,3,17,7,17,39,20,0,0,1,1
39,390200,2,2,0,0,0,6,6,147,0,26,4,2013,6,18,36,1,2,2,US-224,,190,41.08168611,-83.06795833,0,12,2,0,1,1,0,1,1,1,0,1,0,0000000,18,41,19,0,19,41,0,0,0,2,0
39,390201,1,1,0,0,0,1,1,35,6370,22,5,2013,4,20,10,0,16,6,OAKWOOD RD,,0,41.37816389,-81.77996667,0,7,0,0,1,1,0,1,5,10,0,10,0,0000000,20,15,20,18,20,39,0,0,0,1,0
39,390203,2,2,0,0,0,3,3,57,0,1,6,2013,7,18,40,0,5,6,CLIFTON RD,GRINNELL RD,0,39.77500833,-83.86799444,0,12,6,0,2,2,0,1,1,10,0,10,0,0000000,18,44,18,51,19,13,0,0,0,1,0
39,390204,2,2,0,0,0,3,3,43,0,3,6,2013,2,19,8,0,14,3,SR-101,SUPERIOR ST,75,41.43275,-82.74259167,0,12,6,0,2,3,0,1,1,1,0,1,0,0000000,19,41,19,46,20,9,0,0,0,1,0
39,390206,1,1,0,0,0,1,1,23,7800,31,3,2013,1,19,5,0,15,6,N LIMESTONE ST,,0,39.94991944,-83.80415278,0,33,0,0,1,1,0,4,1,1,0,1,0,0000000,19,5,19,7,19,55,0,0,0,1,1
39,390207,1,1,0,0,0,1,1,127,0,27,4,2013,7,19,0,0,4,3,SR-155,,25,39.59583611,-82.16611389,0,1,0,0,1,1,0,4,1,10,0,10,0,0000000,19,11,19,19,88,88,0,0,0,1,1
39,390208,1,1,0,1,1,2,2,1,0,27,4,2013,7,1,43,0,4,3,SR-73,,73,39.00053333,-83.39329444,0,8,0,0,1,1,0,1,2,1,0,1,0,0000000,88,88,88,88,88,88,0,0,0,1,0
39,390209,1,1,0,0,0,3,3,115,0,1,5,2013,4,10,30,0,4,3,SR-83,,59,39.65866389,-81.68459444,0,35,0,0,1,1,0,4,1,1,0,1,0,0000000,10,53,11,8,11,35,0,0,0,1,1
39,390210,2,2,0,0,0,2,2,143,0,8,5,2013,4,17,36,1,1,1,I-80,,128,41.40116667,-83.11253611,0,26,0,1,5,1,0,3,1,10,0,10,0,0000000,17,36,17,44,88,88,0,0,0,1,0
39,390211,1,1,0,0,0,1,1,141,0,10,5,2013,6,0,8,0,5,4,CR-222 CHARLESTON PIKE,,0,39.34348611,-82.85177222,0,24,0,0,1,1,0,4,2,10,0,10,0,0000000,0,10,0,19,1,8,0,0,0,1,1
39,390212,2,2,0,0,0,3,3,17,0,20,2,2013,4,18,59,1,13,3,SR-4,,22,39.41009722,-84.49739167,0,12,6,0,4,1,0,1,2,10,0,10,0,0000000,19,8,19,28,20,4,0,0,0,1,0
39,390213,2,1,1,0,0,1,1,113,0,7,3,2013,5,14,49,0,16,6,SHADYBROOK DR,,0,39.65455278,-84.16091111,0,14,0,0,1,1,0,1,1,10,0,10,0,0000000,14,51,14,58,15,23,0,0,0,1,0
39,390214,2,2,0,0,0,2,2,147,0,22,5,2013,4,17,30,0,6,4,CR-38,SR-19,0,41.16917778,-83.01501944,0,12,6,0,2,2,0,1,1,10,0,10,0,0000000,17,35,17,58,18,37,0,0,0,1,0
39,390215,1,1,0,0,0,1,1,121,0,25,5,2013,7,21,25,0,6,4,CR-15,,0,39.72210833,-81.42539167,0,1,0,0,1,1,0,1,2,1,0,1,0,0000000,21,28,21,43,23,11,0,0,0,1,1
39,390216,3,3,0,0,0,4,4,85,0,26,5,2013,1,12,23,0,4,3,SR-608,CR-202 GIRDLED RD,18,41.66172222,-81.196475,0,12,6,0,2,2,0,1,1,1,0,1,0,0000000,12,28,12,29,12,46,0,0,0,1,0
39,390217,2,2,0,0,0,6,6,147,0,30,5,2013,5,14,20,0,6,5,TR-79,TR-8,0,41.11019444,-82.93825,0,12,6,0,2,2,0,1,1,1,0,1,0,0000000,14,20,14,39,99,99,0,0,0,2,0
39,390218,2,2,0,0,0,2,2,161,0,31,5,2013,6,5,46,0,3,2,US-127,,66,40.82376111,-84.58116389,0,12,2,0,1,1,0,1,2,1,0,1,0,0000000,5,58,6,7,6,31,0,0,0,1,1
39,390219,3,3,0,0,0,4,4,11,0,5,6,2013,4,16,33,0,4,3,SR-501,WAPAKONETA BUCKLAND RD,45,40.61348889,-84.20309167,0,12,1,0,2,2,0,1,1,1,0,1,0,0000000,16,35,16,39,17,12,0,0,0,1,0
39,390220,1,1,0,1,1,1,1,13,0,5,6,2013,4,16,25,0,4,3,SR-9,,35,39.95800556,-80.96808333,0,8,0,0,8,1,0,1,1,10,0,10,0,0000000,16,27,16,34,88,88,0,0,0,1,0
39,390221,2,2,0,0,0,2,2,145,0,9,6,2013,1,13,34,0,14,3,SR-73,CALVERTS LANE,237,38.75929167,-83.028125,0,12,6,0,2,3,0,1,1,10,0,10,0,0000000,13,34,13,38,13,58,0,0,0,1,0
39,390222,2,2,0,0,0,2,2,89,0,3,6,2013,2,17,28,1,13,3,SR-16,,158,40.058775,-82.49758056,0,12,1,0,1,1,0,1,1,10,0,10,0,0000000,17,30,17,33,17,55,0,0,0,1,0
39,390223,90,90,0,1,1,127,127,61,0,21,1,2013,2,11,35,1,11,1,I-275,,180,39.27786667,-84.57466111,0,12,6,0,1,1,0,1,7,4,0,4,0,0000000,11,36,11,48,11,59,15,0,0,1,0
39,390224,1,1,0,0,0,1,1,61,1610,23,6,2013,1,19,8,1,11,1,I-71,,13,39.10108611,-84.50413333,0,33,0,0,1,1,0,3,1,1,0,1,0,0000000,88,88,88,88,88,88,0,0,0,1,1
39,390225,1,1,0,0,0,6,6,113,2090,7,4,2013,1,19,55,1,13,6,NEEDMORE RD,,0,39.81526667,-84.21012222,0,25,0,0,1,1,0,3,5,10,0,10,0,0000000,19,57,20,2,20,38,0,0,0,1,1
39,390226,1,1,0,0,0,1,1,173,6490,8,6,2013,7,17,40,0,15,6,W SOUTH BOUNDARY ST,,0,41.53966111,-83.64031111,0,33,0,0,1,1,0,5,1,1,0,1,0,0000000,17,42,17,46,18,27,0,0,0,1,0
39,390227,1,1,0,1,1,1,1,93,170,9,1,2013,4,18,11,0,14,6,COOPER FOSTER PARK RD,,0,41.41822222,-82.18850833,0,8,0,0,1,1,0,2,3,10,0,10,0,0000000,18,8,18,11,18,35,0,0,0,1,0
39,390228,9,1,8,0,0,1,1,153,8000,28,1,2013,2,9,5,0,14,6,SOUTHEAST AVE,,0,41.07657778,-81.407025,0,30,0,0,1,1,0,4,1,2,0,2,0,0000000,9,5,9,8,88,88,0,0,0,1,0
39,390229,2,2,0,0,0,5,5,99,0,4,4,2013,5,7,49,1,1,1,I-76,,28,41.10443056,-80.95517222,0,25,0,0,1,1,0,3,1,1,0,1,0,0000000,7,55,8,2,8,35,0,0,0,2,0
39,390230,1,1,0,0,0,1,1,129,0,8,4,2013,2,14,35,0,5,2,US-22,,102,39.59116389,-83.08066667,0,34,0,0,1,1,0,5,1,1,0,1,0,0000000,14,45,15,3,15,38,0,0,0,1,0
39,390231,1,1,0,0,0,1,1,117,0,14,4,2013,1,12,9,1,11,1,I-71,,9,40.36367778,-82.84437222,0,43,0,0,1,1,4,5,1,1,0,1,0,0000000,12,11,12,17,88,88,0,0,0,1,0
39,390232,1,1,0,0,0,1,1,45,0,17,4,2013,4,3,30,0,6,4,CR-51 BREMEN RD,,0,39.70391667,-82.49154722,0,42,0,0,1,1,0,5,2,2,0,2,0,0000000,4,50,5,4,88,88,0,0,0,1,1
39,390233,1,1,0,1,1,2,2,25,0,18,4,2013,5,21,55,0,16,4,CR-71,,0,39.00300278,-84.19318056,0,8,0,0,1,1,0,1,2,1,0,1,0,0000000,22,3,22,9,22,33,0,0,0,1,0
39,390235,2,2,0,0,0,4,4,59,0,21,4,2013,1,16,27,1,2,2,US-22,,151,40.07091944,-81.48481389,0,12,2,0,1,1,0,1,1,1,0,1,0,0000000,16,28,16,41,17,2,0,0,0,1,0
39,390236,2,2,0,0,0,3,3,103,0,13,6,2013,5,5,28,1,2,3,SR-18,,179,41.13618611,-81.750875,0,12,2,0,1,1,0,1,4,1,0,1,0,0000000,5,39,5,50,6,32,0,0,0,1,1
39,390237,1,1,0,0,0,1,1,61,0,7,6,2013,6,20,5,1,11,1,I-71,,97,39.17276944,-84.39855556,0,24,0,1,5,1,0,4,1,10,0,10,0,0000000,20,10,20,19,20,34,0,0,0,1,1
39,390238,2,2,0,0,0,4,4,113,5275,21,6,2013,6,17,1,1,13,3,SR-4 GERMANTOWN PIKE,S UNION RD,72,39.67813333,-84.30916389,0,7,0,0,2,2,0,1,1,1,0,1,0,0000000,88,88,88,88,88,88,0,0,0,1,0
39,390239,1,1,0,0,0,1,1,141,0,22,6,2013,7,22,7,0,4,3,SR-41,,135,39.34317778,-83.35992222,0,34,0,0,1,1,0,4,2,1,0,1,0,0000000,22,16,22,18,22,37,0,0,0,1,1
39,390240,1,1,0,1,1,1,1,55,0,27,6,2013,5,15,2,0,6,4,CR-18 FARMINGTON RD,,0,41.37084722,-81.01116389,0,49,0,0,1,1,0,1,1,1,0,1,0,0000000,15,8,15,32,16,27,0,0,0,1,0
39,390241,2,2,0,0,0,3,3,15,0,23,6,2013,1,21,48,0,3,2,US-68,,319,39.05498333,-83.92443056,0,11,0,0,1,1,0,1,2,1,0,1,0,0000000,21,48,21,52,22,7,0,0,0,1,0
39,390242,2,2,0,0,0,2,2,23,7800,16,3,2013,7,15,56,0,15,6,W NORTH ST,N WESTERN AV,0,39.92813333,-83.82705833,0,12,6,0,2,2,0,1,1,1,0,1,0,0000000,3,57,4,0,4,21,0,0,0,1,1
39,390243,2,2,0,0,0,3,3,113,0,21,4,2013,1,0,38,1,12,3,SR-741,,4,39.67066111,-84.22391111,0,12,2,0,1,1,0,1,2,1,0,1,0,0000000,0,53,0,59,1,28,0,0,0,2,2
39,390244,1,1,0,0,0,1,1,113,2090,23,4,2013,3,15,45,0,15,4,CR-657 DOVER ST,,0,39.75268056,-84.16645833,0,30,0,0,1,1,0,5,1,1,0,1,0,0000000,15,1,15,55,88,88,0,0,0,1,0
39,390245,1,1,0,0,0,1,1,19,0,23,4,2013,3,17,24,0,4,3,SR-9,,98,40.51863333,-81.036525,0,51,0,0,1,1,0,1,1,1,0,1,0,0000000,17,25,17,36,18,32,0,0,0,1,0
39,390246,2,2,0,0,0,3,3,125,0,24,4,2013,4,1,31,0,3,2,US-127,,124,41.16600278,-84.584025,0,12,6,0,1,1,0,1,2,2,0,2,0,0000000,1,35,1,44,3,0,0,0,0,1,1
39,390247,1,1,0,0,0,2,2,113,8180,27,4,2013,7,2,25,0,15,6,MILLER AV,,0,39.75105278,-84.28236111,0,30,0,0,1,1,0,5,2,10,0,10,0,0000000,2,59,3,9,3,32,0,0,0,1,1
39,390248,1,1,0,0,0,1,1,93,1795,27,4,2013,7,8,37,0,2,3,SR-252 E RIVER RD,,48,41.34252778,-81.90427222,0,30,0,0,1,1,0,5,1,1,0,1,0,0000000,8,41,8,45,88,88,0,0,0,1,0
39,390249,2,2,0,0,0,3,3,149,7550,28,4,2013,1,10,19,0,14,3,SR-47 W MICHIGAN ST,,0,40.28786944,-84.19233333,0,12,6,0,4,1,0,1,1,2,0,2,0,0000000,10,20,10,23,11,8,0,0,0,1,0
39,390250,3,3,0,0,0,3,3,113,2090,30,4,2013,3,18,21,0,15,6,MCCALL ST,RESACA AV,0,39.74663889,-84.24510833,0,12,6,0,2,3,0,1,1,1,0,1,0,0000000,18,22,18,25,18,38,0,0,0,1,2
39,390251,2,2,0,0,0,2,2,113,1670,17,6,2013,2,12,17,0,14,2,US-40 NATIONAL RD,HOKE RD,82,39.87510833,-84.33066944,0,12,1,0,3,3,0,1,1,1,0,1,0,0000000,12,17,12,23,13,4,0,0,0,1,0
39,390252,2,2,0,0,0,3,3,25,0,26,6,2013,4,17,27,0,15,3,SR-132,,150,39.11361389,-84.14769167,0,12,2,0,1,1,0,1,1,2,0,2,0,0000000,17,28,17,32,18,12,0,0,0,1,0
39,390253,1,1,0,0,0,1,1,11,0,29,6,2013,7,2,50,0,4,3,SR-198,,35,40.59411667,-84.21493611,0,34,0,0,1,1,0,4,2,1,0,1,0,0000000,2,55,3,3,88,88,0,0,0,1,1
39,390254,1,1,0,0,0,1,1,149,0,28,2,2013,5,14,35,0,6,4,CR-101 CANAL RD,,0,40.36359444,-84.36903056,0,42,0,0,1,1,0,5,1,10,0,10,0,0000000,88,88,88,88,88,88,0,0,0,1,1
39,390255,1,1,0,1,1,1,1,85,9010,15,5,2013,4,21,47,0,15,6,KIRTLAND RD,,0,41.63843056,-81.38745,0,8,0,0,1,1,0,1,3,1,0,1,0,0000000,21,47,21,47,88,88,19,0,0,1,0
39,390257,2,2,0,0,0,3,3,119,0,1,7,2013,2,17,40,0,6,4,CR-94,,0,40.16112222,-82.13385833,0,12,6,0,1,1,0,1,1,10,0,10,0,0000000,17,47,18,2,18,38,0,0,0,1,0
39,390258,2,2,0,0,0,4,4,29,0,6,7,2013,7,10,30,0,4,3,SR-170,,107,40.78301389,-80.54282222,0,24,0,0,1,1,0,4,1,1,0,1,0,0000000,10,34,10,42,12,0,0,0,0,1,0
39,390259,1,1,0,0,0,2,2,113,6118,6,3,2013,4,15,37,1,13,3,SR-48 FAR HILLS AVE,,94,39.71696667,-84.17198889,0,42,0,0,1,1,0,4,1,10,0,10,0,0000000,15,43,15,51,16,12,0,0,0,1,0
39,390260,1,1,0,0,0,2,2,133,6830,25,6,2013,3,19,31,0,3,3,SR-44 CHESTNUT ST,,149,41.16343333,-81.24275833,0,42,0,0,1,1,0,4,1,10,0,10,0,0000000,19,31,19,35,19,50,0,0,0,1,0
39,390261,2,2,0,0,0,2,2,55,0,8,7,2013,2,13,57,0,4,2,US-6,,79,41.59896944,-81.1579,0,12,2,0,1,1,0,1,1,1,0,1,0,0000000,14,3,14,7,88,88,0,0,0,1,0
39,390262,3,2,1,0,0,2,2,89,0,30,4,2013,3,10,30,0,3,3,SR-13 JACKSONTOWN RD,,70,40.02411667,-82.40224444,0,12,6,0,8,1,0,1,1,1,0,1,0,0000000,10,30,10,37,88,88,0,0,0,1,0
39,390263,5,5,0,0,0,12,12,41,0,2,7,2013,3,9,35,0,2,2,US-23,,153,40.34425556,-83.07395,0,12,2,0,1,1,0,1,1,10,0,10,0,0000000,9,39,9,50,10,1,0,0,0,1,0
39,390264,1,1,0,0,0,1,1,61,1610,17,2,2013,1,7,45,0,15,6,W FORK RD,,0,39.16411667,-84.55380278,0,59,0,0,1,1,0,5,3,1,0,1,0,0000000,7,45,7,50,8,31,0,0,0,1,0
39,390265,1,1,0,1,1,1,1,85,4580,22,2,2013,6,23,9,0,15,4,CR-7 HUBBARD RD,TARBELL AV,0,41.83070556,-81.04858056,0,8,0,0,2,3,0,1,2,1,0,1,0,0000000,23,9,23,11,23,28,0,0,0,1,0
39,390266,2,2,0,0,0,2,2,151,1320,23,3,2013,7,10,21,0,14,3,SR-627 FAIRCREST ST SW,CR-246 SHERMAN CHURCH AV SW,37,40.75135833,-81.4195,0,12,6,0,2,2,0,1,1,1,0,1,0,0000000,10,23,10,31,10,46,0,0,0,1,0
39,390267,2,2,0,0,0,6,6,35,570,29,3,2013,6,21,42,1,13,3,SR-8,,0,41.40105833,-81.52659722,0,33,0,0,1,1,0,4,3,1,0,1,0,0000000,21,46,21,49,22,5,0,0,0,3,1
39,390268,1,1,0,0,0,1,1,151,6565,1,3,2013,6,0,4,0,15,4,CR-67 COLUMBUS RD NE,,0,40.85318889,-81.31095833,0,34,0,0,1,1,0,5,2,3,0,3,0,0000000,0,4,0,10,88,88,0,0,0,1,1
39,390269,1,1,0,0,0,1,1,61,0,30,3,2013,7,16,25,1,1,1,I-275,,131,39.23498889,-84.62793889,0,11,0,0,1,1,0,1,1,1,0,1,0,0000000,16,25,16,32,16,56,0,0,0,1,1
39,390271,3,3,0,0,0,4,4,117,0,16,5,2013,5,15,58,0,6,5,TR-124,,0,40.49877222,-82.873775,0,12,6,0,1,1,0,1,1,1,0,1,0,0000000,15,58,16,17,16,51,20,0,0,1,0
39,390272,2,2,0,0,0,2,2,49,1800,10,3,2013,1,1,55,1,11,1,I-70,,159,39.95357222,-82.96293611,0,43,0,0,1,1,0,5,3,10,0,10,0,0000000,1,57,3,1,3,22,0,0,0,1,1
39,390273,3,3,0,0,0,3,3,59,1260,1,5,2013,4,12,46,1,1,1,I-70,,89,39.99900556,-81.57638056,0,12,6,1,18,1,0,1,1,1,0,1,0,0000000,12,38,12,49,88,88,0,0,0,1,0
39,390274,1,1,0,0,0,1,1,59,0,15,2,2013,6,18,40,0,15,4,CR-35 OLD TWENTY ONE RD,,0,40.18931944,-81.52796944,0,42,0,0,1,1,0,4,5,4,0,4,0,0000000,18,40,18,54,19,13,0,0,0,1,1
39,390275,3,3,0,0,0,5,5,49,1800,25,2,2013,2,13,41,0,16,6,W TOWN ST,GLENWOOD AVE,0,39.95515556,-83.02973056,0,12,6,0,2,2,0,1,1,1,0,1,0,0000000,13,42,13,44,14,9,0,0,0,1,0
39,390276,1,1,0,0,0,1,1,49,1800,13,3,2013,4,2,39,0,15,6,THOMPSON RD,,0,40.06431944,-82.85688333,0,42,0,0,1,1,0,4,3,1,0,1,0,0000000,2,40,2,46,88,88,0,0,0,1,1
39,390277,2,2,0,0,0,2,2,3,4220,15,5,2013,4,18,43,0,15,6,W FAUROT ST,,0,40.736025,-84.11681667,0,12,6,0,4,1,0,1,1,1,0,1,0,0000000,18,44,18,47,18,59,0,0,0,1,0