STATE,ST_CASE,VE_TOTAL,VE_FORMS,PVH_INVL,PEDS,PERNOTMVIT,PERMVIT,PERSONS,COUNTY,CITY,DAY,MONTH,YEAR,DAY_WEEK,HOUR,MINUTE,NHS,ROAD_FNC,ROUTE,TWAY_ID,TWAY_ID2,MILEPT,LATITUDE,LONGITUD,SP_JUR,HARM_EV,MAN_COLL,RELJCT1,RELJCT2,TYP_INT,WRK_ZONE,REL_ROAD,LGT_COND,WEATHER1,WEATHER2,WEATHER,SCH_BUS,RAIL,NOT_HOUR,NOT_MIN,ARR_HOUR,ARR_MIN,HOSP_HR,HOSP_MN,CF1,CF2,CF3,FATALS,DRUNK_DR
39,390278,2,2,0,0,0,2,2,157,5770,20,6,2013,5,23,20,0,15,6,6TH STREET NW,,0,40.50106111,-81.45626111,0,1,0,0,1,1,0,1,3,1,0,1,0,0000000,23,20,23,25,23,41,0,0,0,1,1
39,390279,1,1,0,0,0,2,2,167,0,4,7,2013,5,5,37,1,2,3,SR-7,,172,39.37291944,-81.50584722,0,24,0,0,1,1,0,4,4,1,0,1,0,0000000,5,39,5,48,88,88,0,0,0,2,1
39,390280,2,2,0,0,0,2,2,141,0,4,7,2013,5,21,21,0,3,2,US-50,,178,39.3409,-83.07873056,0,12,8,0,1,1,0,1,5,2,0,2,0,0000000,99,99,99,99,99,99,0,0,0,1,1
39,390281,1,1,0,0,0,1,1,157,0,6,7,2013,7,23,9,0,14,3,SR-416,,142,40.52179722,-81.42743056,0,35,0,0,1,1,0,4,2,10,0,10,0,0000000,23,10,23,16,88,88,0,0,0,1,1
39,390282,1,1,0,0,0,1,1,95,8120,10,7,2013,4,19,10,1,11,1,I-75,,80,41.68981944,-83.518625,0,24,0,1,5,1,0,4,1,1,0,1,0,0000000,88,88,88,88,88,88,0,0,0,1,0
39,390283,1,1,0,0,0,1,1,113,2090,11,7,2013,5,5,50,0,6,6,E WASHINGTON ST,,0,39.75260833,-84.18975556,0,33,0,0,1,1,0,4,4,10,0,10,0,0000000,88,88,88,88,88,88,0,0,0,1,0
39,390284,1,1,0,1,1,1,1,37,0,12,7,2013,6,8,27,0,6,4,CR-43 DELISLE FOURMANS RD,,0,40.01905,-84.60201667,0,9,0,0,1,1,0,1,1,1,0,1,0,0000000,8,29,8,34,88,88,0,0,0,1,0
39,390285,2,2,0,0,0,4,4,119,0,13,7,2013,7,18,4,0,3,3,SR-146,TR-142 TUNIS RD,65,40.02085556,-82.09156667,0,12,6,0,2,3,0,1,1,10,0,10,0,0000000,18,4,18,10,18,30,0,0,0,1,0
39,390286,2,2,0,0,0,3,3,79,0,13,7,2013,7,22,30,0,3,3,SR-93,,129,39.01114167,-82.60308889,0,12,8,0,1,1,0,1,2,1,0,1,0,0000000,22,37,22,43,23,20,0,0,0,1,1
39,390287,1,1,0,1,1,1,1,35,6000,2,5,2013,5,23,34,0,14,3,SR-17,,11,41.41862778,-81.89793611,0,8,0,0,1,1,0,1,2,1,0,1,0,0000000,99,98,99,98,99,98,0,0,0,1,1
39,390288,1,1,0,0,0,1,1,151,0,3,5,2013,6,18,30,0,6,6,PERRY DR SW,,0,40.75552778,-81.44950556,0,1,0,0,1,1,0,1,1,1,0,1,0,0000000,18,34,18,41,18,57,0,0,0,1,0
39,390289,2,2,0,0,0,4,4,143,0,3,5,2013,6,16,36,1,2,2,US-6,,30,41.34125,-83.35686111,0,12,2,0,1,1,0,1,1,1,0,1,0,0000000,16,42,16,57,17,39,0,0,0,2,0
39,390290,2,2,0,0,0,3,3,45,0,4,5,2013,7,3,15,0,5,4,CR-17 PLEASANTVILLE RD,,0,39.81625,-82.67814722,0,12,2,0,1,1,0,1,2,10,0,10,0,0000000,3,17,3,28,4,8,0,0,0,1,1
39,390291,2,2,0,0,0,4,4,125,0,5,5,2013,1,13,9,1,2,2,US-24,CR-115,145,41.23157778,-84.55351667,0,12,6,0,2,2,0,1,1,1,0,1,0,0000000,13,44,13,54,14,57,0,0,0,1,0
39,390292,1,1,0,0,0,3,3,169,0,5,5,2013,1,5,10,0,4,4,CR-7 CHURCH RD,,0,40.82583611,-81.69151944,0,35,0,0,1,1,0,4,2,1,0,1,0,0000000,6,13,6,23,6,54,0,0,0,1,1
39,390293,1,1,0,1,1,1,1,49,0,5,5,2013,1,22,0,0,15,6,REFUGEE RD,,0,39.92191667,-82.86377222,0,8,0,0,1,1,0,2,2,1,0,1,0,0000000,22,3,22,13,22,30,0,0,0,1,0
39,390294,2,2,0,0,0,3,3,95,8120,7,5,2013,3,20,36,0,15,4,CR-30 HILL AVE,,0,41.638025,-83.61945,0,12,6,0,4,1,0,1,1,1,0,1,0,0000000,20,38,20,41,99,99,0,0,0,2,1
39,390295,1,1,0,0,0,1,1,167,680,8,5,2013,4,22,30,0,3,3,SR-339 CORNER,,20,39.30353056,-81.66227778,0,35,0,0,1,1,0,4,2,10,0,10,0,0000000,22,8,22,18,22,59,0,0,0,1,0
39,390296,1,1,0,0,0,1,1,93,2480,8,5,2013,4,19,40,0,16,4,CR-112 ALBRECHT RD,,0,41.35229444,-82.15893056,0,30,0,0,1,1,0,4,1,10,0,10,0,0000000,19,44,19,59,88,88,0,0,0,1,1
39,390297,2,2,0,0,0,2,2,131,550,10,3,2013,1,16,25,0,4,4,CR-57 BEAVER PIKE RD,,0,39.03419444,-82.83957222,0,12,2,0,1,1,0,1,1,1,0,1,0,0000000,16,25,16,36,17,20,0,0,0,1,0
39,390298,4,4,0,0,0,8,8,169,9140,12,3,2013,3,20,30,1,13,3,SR-83 BURBANK RD,W MILLYOWN RD,147,40.84328889,-81.94248333,0,12,6,0,2,2,0,1,3,1,0,1,0,0000000,20,36,20,44,20,55,0,0,0,1,0
39,390299,2,2,0,0,0,2,2,51,0,10,5,2013,6,23,17,0,2,3,SR-108,CR-C,20,41.5152,-84.1342,0,12,6,0,2,2,0,1,2,1,0,1,0,0000000,23,15,23,22,99,99,0,0,0,1,0
39,390300,1,1,0,0,0,2,2,119,0,12,5,2013,1,14,18,1,1,1,I-70,,226,39.97104167,-81.816575,0,35,0,0,1,1,0,3,1,10,0,10,0,0000000,14,23,14,31,88,88,0,0,0,2,1
39,390301,1,1,0,1,1,1,1,5,0,13,5,2013,2,19,12,0,6,4,CR-500 JEFFREY RD,,0,40.99181111,-82.12774167,0,49,0,0,1,1,0,1,1,10,0,10,0,0000000,19,17,19,26,19,31,0,0,0,1,0
39,390302,2,2,0,0,0,2,2,7,6526,14,5,2013,3,7,0,0,4,3,SR-7,CR-456,175,41.75411389,-80.57281111,0,12,6,0,2,3,0,1,1,10,0,10,0,0000000,7,1,7,3,88,88,0,0,0,1,0
39,390303,1,1,0,0,0,2,2,7,3381,15,5,2013,4,11,15,0,4,3,SR-534,,81,41.60766389,-80.95328056,0,32,0,0,1,1,0,4,1,1,0,1,0,0000000,11,22,11,27,12,2,0,0,0,1,0
39,390304,2,2,0,0,0,2,2,95,8120,15,5,2013,4,14,54,1,13,3,SR-184 W ALEXIS RD,OPPORTUNITY RD,0,41.72156389,-83.57035,0,12,6,0,2,2,0,1,1,1,0,1,0,0000000,14,55,14,59,99,99,0,0,0,1,0
39,390305,1,1,0,0,0,1,1,99,9230,13,7,2013,7,7,0,1,11,1,I-680,,68,41.08928056,-80.65018333,0,25,0,0,1,1,0,3,4,1,0,1,0,0000000,7,7,7,15,7,35,0,0,0,1,0
39,390306,1,1,0,0,0,1,1,43,0,18,7,2013,5,1,22,0,4,4,CR-13 MASON RD,,0,41.34638056,-82.44575833,0,11,0,0,1,1,0,1,2,1,0,1,0,0000000,1,24,1,34,88,88,0,0,0,1,0
39,390307,2,2,0,0,0,4,4,113,2090,17,7,2013,4,21,53,1,13,3,SR-48 N MAIN ST,,146,39.78096389,-84.20772778,0,33,0,0,1,1,0,4,3,1,0,1,0,0000000,21,55,22,3,22,26,0,0,0,2,0
39,390308,1,1,0,0,0,1,1,49,0,23,7,2013,3,14,18,0,4,3,SR-665,,22,39.84986944,-83.20871111,0,24,0,0,1,1,0,4,1,10,0,10,0,0000000,14,22,14,26,88,88,0,0,0,1,0
39,390309,1,1,0,0,0,1,1,145,0,1,6,2013,7,16,45,1,13,2,US-52,,179,38.74028333,-83.02254722,0,24,0,0,5,1,0,4,1,1,0,1,0,0000000,16,46,16,51,17,15,0,0,0,1,1
39,390310,2,2,0,0,0,3,3,65,0,7,6,2013,6,12,22,0,6,4,CR-155,,0,40.59118611,-83.61838611,0,12,8,0,1,1,0,1,1,10,0,10,0,0000000,12,26,12,27,88,88,0,0,0,1,0
39,390311,1,1,0,0,0,2,2,83,0,14,6,2013,6,23,23,0,16,5,TR-255 YAUGER RD,,0,40.396975,-82.427925,0,34,0,0,1,1,0,4,2,1,0,1,0,0000000,23,24,23,32,88,88,0,0,0,2,1
39,390312,1,1,0,0,0,1,1,145,0,17,6,2013,2,13,41,0,4,3,SR-348,,16,38.84950556,-83.24386111,0,34,0,0,1,1,0,4,1,1,0,1,0,0000000,99,99,99,99,99,99,0,0,0,1,0
39,390313,3,3,0,0,0,5,5,55,0,19,6,2013,4,6,50,0,4,3,SR-87,TR-121 HAYES RD,197,41.45893889,-81.02208056,0,12,6,0,2,2,0,1,1,1,0,1,0,0000000,7,1,7,5,88,88,0,0,0,1,0
39,390314,1,1,0,0,0,1,1,171,0,19,6,2013,4,22,30,0,3,2,US-20,,48,41.63979722,-84.70648056,0,42,0,0,1,1,0,4,2,1,0,1,0,0000000,22,45,23,2,88,88,0,0,0,1,1
39,390315,2,2,0,0,0,3,3,147,0,25,6,2013,3,11,8,0,3,2,US-224,SR-587,36,41.08948889,-83.35238056,0,12,6,0,2,2,0,1,1,10,0,10,0,0000000,11,19,11,39,12,5,0,0,0,1,0
39,390316,1,1,0,0,0,3,3,49,1800,1,6,2013,7,1,36,0,14,6,NOE BIXBY RD,,0,39.92753056,-82.86472222,0,24,0,0,1,1,0,4,2,10,0,10,0,0000000,1,37,1,44,2,6,0,0,0,1,1
39,390317,1,1,0,1,1,1,1,17,5010,11,6,2013,3,23,59,0,16,6,CENTRAL AVE,,0,39.51026667,-84.35103889,0,33,0,0,1,1,0,4,2,1,0,1,0,0000000,0,4,0,9,0,34,0,0,0,1,0
39,390318,1,1,0,0,0,1,1,131,0,22,7,2013,2,15,16,0,6,4,CR-27 LAUREL RIDGE RD,,0,39.02520278,-83.18135556,0,34,0,0,1,1,0,5,1,1,0,1,0,0000000,99,99,99,99,99,99,0,0,0,1,0
39,390319,1,1,0,0,0,1,1,49,0,25,7,2013,5,21,50,0,15,6,ROBERTS RD,,0,39.97752222,-83.24067778,0,24,0,0,1,1,0,4,2,1,0,1,0,0000000,21,50,22,0,22,20,0,0,0,1,1
39,390321,1,1,0,0,0,2,2,157,0,19,5,2013,1,10,11,1,1,1,I-77,,120,40.38593333,-81.56046667,0,35,0,0,1,1,0,3,1,1,0,1,0,0000000,10,13,10,22,10,30,0,0,0,1,0
39,390322,2,2,0,0,0,4,4,141,0,20,5,2013,2,21,5,1,2,2,US-23,,192,39.43277778,-82.97527778,0,12,1,0,1,1,0,1,5,1,0,1,0,0000000,21,5,21,16,88,88,0,0,0,1,0
39,390323,2,2,0,0,0,3,3,25,0,21,5,2013,3,17,24,1,13,3,SR-125,YELTON LANE,95,39.00644722,-84.16218056,0,12,1,0,3,3,0,1,1,10,0,10,0,0000000,17,32,17,36,18,46,0,0,0,1,0
39,390324,2,2,0,0,0,2,2,135,0,23,5,2013,5,8,16,0,6,4,CR-9 MONROE CENTRAL RD,,0,39.83580278,-84.65178333,0,12,2,0,1,1,0,1,1,1,0,1,0,0000000,8,15,8,28,9,27,0,0,0,1,0
39,390325,1,1,0,0,0,1,1,145,0,24,5,2013,6,20,15,0,15,4,CR-2 LICK RUN LYRA RD,,0,38.7333,-82.825025,0,30,0,0,1,1,0,4,1,1,0,1,0,0000000,20,15,20,22,20,39,0,0,0,1,0
39,390326,1,1,0,1,1,1,1,61,1610,24,5,2013,6,20,0,0,16,6,HAMILTON AVE,,0,39.20631944,-84.54785,0,8,0,0,1,1,0,1,5,1,0,1,0,0000000,19,58,20,4,20,25,0,0,0,1,0
39,390327,2,2,0,0,0,5,5,151,0,25,5,2013,7,15,10,1,13,3,SR-43,,263,40.97945556,-81.33905278,0,12,2,0,1,1,0,4,1,1,0,1,0,0000000,15,17,15,21,16,9,0,0,0,1,0
39,390328,1,1,0,1,1,1,1,117,0,25,5,2013,7,1,18,0,6,4,CR-26,,0,40.41057778,-82.81790833,0,8,0,0,1,1,0,1,2,1,0,1,0,0000000,1,20,1,26,88,88,0,0,0,1,0
39,390329,2,2,0,0,0,3,3,11,0,26,5,2013,1,20,56,1,13,2,US-33,WAPAK FISHER RD,167,40.55571667,-84.15914722,0,12,6,0,2,2,0,1,1,1,0,1,0,0000000,20,56,21,1,21,37,0,0,0,1,0
39,390330,2,2,0,0,0,2,2,139,0,26,5,2013,1,2,1,1,2,2,US-30,,180,40.7873,-82.39361944,0,1,0,0,1,1,0,1,2,1,0,1,0,0000000,2,2,2,9,2,50,0,0,0,1,1
39,390332,2,2,0,0,0,4,4,85,4580,27,5,2013,2,13,19,1,13,2,US-20 N RIDGE RD,CR-17 MCMACKIN RD,255,41.79431667,-81.09448889,0,12,6,0,2,2,0,1,1,10,0,10,0,0000000,13,18,13,24,13,48,0,0,0,2,0
39,390333,1,1,0,0,0,1,1,89,0,27,5,2013,2,15,48,0,6,4,CR-310 HIRST RD,,0,39.983825,-82.36396389,0,34,0,0,1,1,0,5,1,1,0,1,0,0000000,15,51,15,57,99,99,0,0,0,1,0
39,390334,2,2,0,0,0,2,2,15,0,28,5,2013,3,13,29,0,2,3,SR-32,CR-52 JOHN WOODS RD,194,38.95010833,-83.68505,0,12,6,0,2,2,0,1,1,1,0,1,0,0000000,13,37,13,40,14,6,0,0,0,1,0
39,390335,1,1,0,0,0,1,1,83,0,29,5,2013,4,6,28,0,5,4,CR-17,,0,40.35803333,-82.44536389,0,34,0,0,1,1,0,5,1,1,0,1,0,0000000,6,27,6,33,88,88,0,0,0,1,1
39,390336,1,1,0,2,2,3,3,49,1800,29,5,2013,4,8,31,0,16,6,CHILDRENS DR,,0,39.95222222,-82.97666667,0,8,0,0,1,1,0,1,1,1,0,1,0,0000000,8,33,8,34,9,4,0,0,0,1,0
39,390337,1,1,0,0,0,1,1,67,0,30,5,2013,5,7,45,0,4,3,SR-151 JEWETT HOPEDALE RD,,199,40.34805556,-80.96212778,0,35,0,0,1,1,0,5,1,1,0,1,0,0000000,7,50,8,46,9,5,0,0,0,1,0
39,390338,3,3,0,2,2,1,1,35,1680,30,5,2013,5,10,44,1,11,1,I-90,,199,41.49949444,-81.69540833,0,12,7,0,1,1,0,1,1,1,0,1,0,0000000,10,59,11,13,11,44,23,0,0,1,0
39,390339,1,1,0,0,0,1,1,153,70,31,5,2013,6,1,6,1,11,1,I-77,,165,41.06369167,-81.57292778,0,24,0,1,5,1,0,4,3,10,0,10,0,0000000,1,10,1,17,88,88,0,0,0,1,0
39,390340,1,1,0,1,1,1,1,95,8120,31,5,2013,6,9,22,0,15,6,N ERIE ST,,0,41.65300556,-83.53771389,0,8,0,0,1,1,0,1,1,1,0,1,0,0000000,9,24,9,26,99,99,0,0,0,1,0
39,390341,2,2,0,0,0,2,2,89,0,31,5,2013,6,21,18,0,4,2,US-62 JOHNSTOWN UTICA RD NE,,180,40.23054444,-82.46093889,0,12,1,0,1,1,0,1,5,2,0,2,0,0000000,21,11,21,15,88,88,0,0,0,1,1
39,390342,2,2,0,0,0,2,2,95,8120,13,2,2013,4,9,15,0,13,3,SR-25 ANTHONY WAYNE TRAIL,CITY PARK AVE,79,41.63878611,-83.55553056,0,12,6,0,2,2,0,1,1,10,0,10,0,0000000,99,99,99,99,99,99,0,0,0,1,0
39,390343,3,3,0,0,0,6,6,113,5275,15,4,2013,2,20,38,1,13,3,SR-741 SPRINGBORO PIKE,,65,39.68070278,-84.221175,0,12,8,0,1,1,0,1,5,1,0,1,0,0000000,20,40,20,44,21,1,0,0,0,2,0
39,390344,1,1,0,0,0,4,4,35,1680,7,7,2013,1,13,15,0,16,6,W 95TH ST,DENISON AVE,0,41.46554722,-81.74885,0,33,0,0,3,3,0,4,1,1,0,1,0,0000000,13,13,13,16,13,33,0,0,0,1,0
39,390345,1,1,0,1,1,1,1,107,1430,6,4,2013,7,12,31,0,14,6,HAVEMANN RD,,0,40.55674167,-84.544625,0,8,0,0,1,1,0,1,1,1,0,1,0,0000000,12,40,12,43,13,7,0,0,0,1,0
39,390346,1,1,0,1,1,1,1,13,4780,3,5,2013,6,11,24,0,14,6,N ZANE HIGHWAY ST,HANOVER ST,0,40.09753889,-80.72486944,0,8,0,0,2,2,0,1,1,1,0,1,0,0000000,11,24,11,25,11,37,0,0,0,1,0
39,390347,3,3,0,0,0,5,5,95,8120,21,4,2013,1,16,55,0,15,6,WESTERN AVE,MARION ST,0,41.63444444,-83.55566111,0,12,7,0,2,2,0,1,1,1,0,1,0,0000000,17,0,17,7,17,31,0,0,0,1,0
39,390348,2,2,0,0,0,3,3,95,8120,13,7,2013,7,19,53,0,15,6,HAWLEY ST,,0,41.64081389,-83.56730833,0,12,6,0,1,1,0,1,5,1,0,1,0,0000000,19,54,19,59,20,27,0,0,0,1,1
39,390349,1,1,0,0,0,1,1,29,0,21,7,2013,1,11,19,1,2,2,US-30,,73,40.73500278,-80.95861111,0,42,0,0,1,1,0,4,1,10,0,10,0,0000000,11,22,11,23,13,10,0,0,0,1,0
39,390350,1,1,0,0,0,2,2,117,0,22,7,2013,2,0,53,0,3,3,SR-309,,42,40.67598333,-82.82768056,0,52,0,0,1,1,0,4,2,1,0,1,0,0000000,0,53,1,2,1,35,0,0,0,1,0
39,390351,2,2,0,0,0,2,2,29,0,1,8,2013,5,14,35,0,4,4,CR-424 Y AND O ROAD,,0,40.674625,-80.66084167,0,12,7,0,4,1,0,1,1,1,0,1,0,0000000,14,44,14,52,15,12,0,0,0,1,0
39,390352,1,1,0,0,0,1,1,89,5570,24,5,2013,6,21,11,1,13,3,SR-79,,138,40.061575,-82.53111944,0,24,0,0,5,1,0,4,5,1,0,1,0,0000000,21,11,21,11,88,88,0,0,0,1,1
39,390353,2,2,0,0,0,2,2,17,3260,19,7,2013,6,99,99,1,13,2,US-127 MARTIN LUTHER KING BLVD,SR-129 HIGH ST,63,39.39904444,-84.55895278,0,12,6,0,2,2,0,1,1,10,0,10,0,0000000,7,19,7,24,7,44,0,0,0,1,0
39,390354,1,1,0,0,0,2,2,55,0,2,8,2013,6,14,20,0,6,5,TR-116 PIONEER RD,,0,41.52139444,-81.05263333,0,38,0,0,1,1,0,4,1,1,0,1,0,0000000,14,20,14,26,15,8,0,0,0,1,0
39,390355,1,1,0,0,0,1,1,49,2270,4,8,2013,1,0,35,0,14,6,MUIRFIELD DR,,0,40.138425,-83.15158611,0,33,0,0,1,1,0,3,3,1,0,1,0,0000000,0,45,0,50,88,88,0,0,0,1,1
39,390356,1,1,0,1,1,1,1,5,0,6,8,2013,3,10,10,0,4,2,US-42,,178,40.94494167,-82.14867222,0,49,0,0,1,1,0,1,1,1,0,1,0,0000000,10,21,10,31,11,30,0,0,0,1,0
39,390357,2,2,0,0,0,2,2,95,7980,3,8,2013,7,11,40,1,2,2,US-20 CENTRAL AVE,,56,41.67344444,-83.77183333,0,12,8,0,1,1,0,1,1,1,0,1,0,0000000,11,40,11,46,88,88,0,0,0,1,0
39,390358,1,1,0,0,0,1,1,113,8710,5,8,2013,2,16,0,1,11,1,I-75,,58,39.67823611,-84.23098056,0,26,0,0,1,1,0,4,1,10,0,10,0,0000000,88,88,88,88,88,88,0,0,0,1,0
39,390359,1,1,0,0,0,2,2,35,1680,9,5,2013,5,23,48,0,16,6,E 61ST ST,,0,41.51556111,-81.6478,0,33,0,0,1,1,0,4,3,10,0,10,0,0000000,23,48,23,53,88,88,0,0,0,2,1
39,390360,1,1,0,0,0,1,1,161,0,3,5,2013,6,23,12,0,6,5,TR-50 WILLSHIRE OHIO CITY RD,,0,40.77111667,-84.66751944,0,11,0,0,1,1,0,1,2,1,0,1,0,0000000,23,13,23,20,88,88,0,0,0,1,1
39,390361,2,2,0,0,0,2,2,45,4050,18,7,2013,5,7,45,0,16,6,FAIR AVE,BARR DR,0,39.72625833,-82.6516,0,12,6,0,2,3,0,1,1,1,0,1,0,0000000,7,45,7,50,8,23,0,0,0,1,0
39,390362,1,1,0,1,1,1,1,123,0,23,7,2013,3,5,37,0,16,5,TR-281 WILCOX RD,,0,41.4976,-82.95681944,0,9,0,0,1,1,0,1,2,10,0,10,0,0000000,88,88,88,88,88,88,0,0,0,1,0
39,390363,2,2,0,0,0,2,2,169,1840,26,7,2013,6,13,6,0,5,6,MILL ST,MAPLE ST,0,40.926,-82.05229722,0,12,6,0,2,2,0,1,1,1,0,1,0,0000000,13,6,13,13,13,38,0,0,0,1,0
39,390364,1,1,0,0,0,2,2,43,0,27,7,2013,7,19,4,1,1,1,I-80,,117,41.32295278,-82.62060556,0,52,0,0,1,1,0,4,1,2,0,2,0,0000000,19,10,19,22,20,0,0,0,0,1,0
39,390365,1,1,0,0,0,1,1,65,0,30,7,2013,3,2,35,0,5,4,CR-75,,0,40.61845,-83.76215556,0,1,0,0,1,1,0,4,2,1,0,1,0,0000000,88,88,88,88,88,88,99,99,99,1,0
39,390366,2,2,0,0,0,2,2,131,0,30,7,2013,3,21,20,0,4,3,SR-124,,137,39.09625556,-83.15481111,0,12,8,0,1,1,0,1,2,1,0,1,0,0000000,21,35,22,14,22,59,0,0,0,1,0
39,390368,2,2,0,0,0,3,3,93,2480,27,4,2013,7,13,13,0,14,6,S GATEWAY BLVD,2ND ST,0,41.365875,-82.11781389,0,12,6,0,2,3,0,1,1,1,0,1,0,0000000,13,14,13,16,13,31,0,0,0,1,0
39,390369,1,1,0,0,0,1,1,61,0,14,5,2013,3,17,47,0,6,5,TR-23 ADAMS RD,,0,39.24075,-84.56,0,24,0,0,1,1,0,4,1,1,0,1,0,0000000,88,88,88,88,88,88,0,0,0,1,0
39,390370,1,1,0,0,0,1,1,165,0,18,5,2013,7,10,9,0,14,3,SR-123,,292,39.55603611,-84.30216111,0,24,0,0,1,1,0,4,1,2,0,2,0,0000000,10,9,10,16,10,45,0,0,0,1,0
39,390371,2,2,0,0,0,2,2,17,0,9,8,2013,6,11,15,0,14,4,CR-19 CINCINNATI DAYTON RD,,0,39.35421944,-84.39511944,0,12,6,0,4,1,0,1,1,10,0,10,0,0000000,11,16,11,21,11,41,0,0,0,1,0
39,390372,2,2,0,0,0,3,3,5,0,16,8,2013,6,17,56,0,5,3,SR-179,,43,40.71918333,-82.17984722,0,12,6,0,1,1,0,1,1,1,0,1,0,0000000,18,2,18,10,18,47,0,0,0,1,0
39,390373,1,1,0,0,0,1,1,43,0,17,8,2013,7,11,49,0,6,5,TR-137 FRAILEY RD,,0,41.37269722,-82.45831389,0,53,0,0,1,1,0,4,1,1,0,1,0,0000000,11,49,11,58,88,88,0,0,0,1,0
39,390374,2,2,0,0,0,2,2,69,0,17,6,2013,2,17,38,1,2,2,US-6,CR-2,269,41.37158333,-83.90283333,0,12,1,0,2,2,0,1,1,1,0,1,0,0000000,17,42,18,1,88,88,0,0,0,1,0
39,390375,3,3,0,0,0,5,5,35,6000,10,8,2013,7,13,1,1,13,3,SR-10 LORAIN RD,STEARNS RD,18,41.407075,-81.94335,0,12,1,0,3,2,0,1,1,10,0,10,0,0000000,13,3,13,7,13,33,0,0,0,1,0
39,390376,2,2,0,0,0,5,5,79,0,15,8,2013,5,10,38,0,4,3,SR-279,CR-2,133,38.89877222,-82.55234722,0,12,6,0,2,2,0,1,1,1,0,1,0,0000000,10,42,10,58,11,46,0,0,0,1,0
39,390377,2,2,0,0,0,4,4,113,2090,16,8,2013,6,11,40,0,14,6,W THIRD ST,,0,39.75540556,-84.21674167,0,12,6,0,4,1,0,1,1,1,0,1,0,0000000,11,46,11,51,12,18,0,0,0,1,0
39,390378,1,1,0,0,0,1,1,61,0,18,8,2013,1,22,46,0,14,6,EUCLID RD,,0,39.19258889,-84.39208889,0,42,0,0,1,1,0,4,2,98,0,98,0,0000000,22,46,22,50,23,15,0,0,0,1,1
39,390379,2,1,1,1,1,1,1,35,2520,20,7,2013,7,23,36,1,13,3,SR-2,,286,41.60296389,-81.50045,0,8,0,0,1,1,0,2,3,10,0,10,0,0000000,23,38,23,43,0,2,14,23,0,1,1
39,390380,1,1,0,1,1,1,1,49,1800,21,7,2013,1,0,40,0,14,6,NEIL AVE,COLLINS AVE,0,39.97625556,-83.01088056,0,8,0,0,2,2,0,1,3,1,0,1,0,0000000,0,42,0,47,1,5,0,0,0,1,0
39,390381,1,1,0,0,0,1,1,63,0,28,4,2013,1,3,12,0,4,3,SR-568,,104,40.99844167,-83.46748333,0,30,0,0,1,1,0,4,2,1,0,1,0,0000000,3,14,3,25,88,88,0,0,0,1,1
39,390382,1,1,0,0,0,1,1,85,0,2,5,2013,5,2,22,0,15,6,HALE RD,,0,41.75147222,-81.19291667,0,53,0,0,1,1,0,4,2,1,0,1,0,0000000,2,22,2,29,2,52,0,0,0,1,1
39,390383,1,1,0,1,1,1,1,91,610,4,6,2013,3,21,35,0,15,6,W SANDUSKY AVE,,0,40.36353333,-83.77446667,0,15,0,0,1,1,0,1,2,1,0,1,0,0000000,21,37,21,38,22,51,0,0,0,1,1
39,390384,2,2,0,0,0,4,4,35,6118,8,6,2013,7,15,44,0,14,6,RICHMOND RD,BROADWAY AVE,0,41.34988889,-81.48914167,0,12,1,0,3,2,0,1,1,1,0,1,0,0000000,15,44,15,46,16,9,0,0,0,1,0
39,390385,3,3,0,0,0,4,4,49,1800,22,6,2013,7,2,40,1,11,1,I-670,,36,39.97542778,-83.00053056,0,12,2,0,1,1,0,1,3,1,0,1,0,0000000,2,42,2,45,3,5,0,0,0,1,1
39,390386,1,1,0,1,1,2,2,129,0,24,8,2013,7,20,41,0,15,6,TARLTON RD,,0,39.56243889,-82.86070556,0,9,0,0,1,1,0,1,2,1,0,1,0,0000000,88,88,88,88,88,88,0,0,0,1,0
39,390387,1,1,0,0,0,3,3,113,5275,21,4,2013,1,14,21,1,11,1,I-75,,81,39.69713333,-84.22980833,0,31,0,0,1,1,0,4,1,98,0,98,0,0000000,14,31,14,31,14,47,0,0,0,2,0
39,390388,1,1,0,0,0,1,1,7,0,10,8,2013,7,0,41,0,3,2,US-322,,95,41.53505833,-80.81920833,0,34,0,0,1,1,0,4,2,10,0,10,0,0000000,0,41,0,50,99,99,0,0,0,1,1
39,390389,5,5,0,0,0,6,6,109,0,24,8,2013,7,16,5,1,13,3,SR-48,,6,39.93068056,-84.31455278,0,12,1,0,1,1,0,1,1,1,0,1,0,0000000,16,5,16,8,16,26,0,0,0,1,1
39,390390,1,1,0,0,0,1,1,79,0,28,8,2013,4,0,1,0,6,4,CR-21 OAKLAND RD,,0,39.08580278,-82.71198333,0,34,0,0,1,1,0,5,2,10,0,10,0,0000000,88,88,88,88,88,88,0,0,0,1,1
39,390391,2,2,0,0,0,2,2,7,0,27,8,2013,3,12,11,0,4,2,US-6,,164,41.60692222,-80.687275,0,12,2,0,1,1,0,1,1,10,0,10,0,0000000,12,12,12,30,12,51,0,0,0,1,0
39,390392,7,7,0,0,0,8,8,109,0,28,8,2013,4,21,43,1,11,1,I-75,,24,39.96003889,-84.18960278,0,12,1,0,1,1,1,1,3,1,0,1,0,0000000,21,43,21,47,22,40,0,0,0,2,0
39,390393,1,1,0,0,0,1,1,49,0,28,8,2013,4,8,25,0,4,6,NORTON RD,,0,39.88806944,-83.15600278,0,24,0,0,1,1,0,4,1,1,0,1,0,0000000,8,25,8,27,9,0,0,0,0,1,0