STATE,ST_CASE,VE_TOTAL,VE_FORMS,PVH_INVL,PEDS,PERNOTMVIT,PERMVIT,PERSONS,COUNTY,CITY,DAY,MONTH,YEAR,DAY_WEEK,HOUR,MINUTE,NHS,ROAD_FNC,ROUTE,TWAY_ID,TWAY_ID2,MILEPT,LATITUDE,LONGITUD,SP_JUR,HARM_EV,MAN_COLL,RELJCT1,RELJCT2,TYP_INT,WRK_ZONE,REL_ROAD,LGT_COND,WEATHER1,WEATHER2,WEATHER,SCH_BUS,RAIL,NOT_HOUR,NOT_MIN,ARR_HOUR,ARR_MIN,HOSP_HR,HOSP_MN,CF1,CF2,CF3,FATALS,DRUNK_DR
39,390394,1,1,0,0,0,1,1,101,0,30,8,2013,6,13,39,0,14,4,CR-175,SR-309,0,40.60026667,-83.16306389,0,42,0,0,3,2,0,4,1,1,0,1,0,0000000,13,40,13,44,13,58,0,0,0,1,0
39,390395,2,2,0,0,0,3,3,145,0,1,9,2013,1,1,34,0,6,4,CR-48 ARION RD,,0,38.85029167,-83.10973611,0,12,7,0,1,1,0,1,2,1,0,1,0,0000000,1,34,1,47,2,38,0,0,0,1,2
39,390396,1,1,0,0,0,2,2,29,0,4,9,2013,4,17,53,0,3,3,SR-7,,160,40.73912778,-80.63965556,0,24,0,0,1,1,0,4,1,1,0,1,0,0000000,18,8,18,18,18,45,0,0,0,1,1
39,390398,1,1,0,0,0,2,2,35,4480,27,3,2013,4,7,47,1,13,2,US-322 MAYFIELD RD,,110,41.8775,-81.82388889,0,33,0,0,1,1,0,6,1,3,0,3,0,0000000,7,99,7,59,99,99,0,0,0,1,0
39,390399,1,1,0,0,0,1,1,49,2270,6,4,2013,7,2,59,1,13,2,US-33 W BRIDGE ST,,39,40.17488333,-83.19999722,0,30,0,0,1,1,0,5,3,1,0,1,0,0000000,2,59,3,5,88,88,0,0,0,1,1
39,390400,2,2,0,0,0,3,3,41,0,30,4,2013,3,9,56,0,16,6,GEMINI PLACE,CARYLAKE CIRCLE,0,40.14713056,-82.99006389,0,12,6,0,4,1,0,1,1,1,0,1,0,0000000,10,2,10,12,10,53,0,0,0,1,0
39,390401,3,3,0,1,1,3,3,95,8120,13,8,2013,3,2,25,1,11,1,I-75,,13,41.636725,-83.54405278,0,8,0,0,1,1,0,1,3,1,0,1,0,0000000,88,88,88,88,88,88,0,0,0,1,0
39,390402,2,2,0,0,0,3,3,113,0,7,5,2013,3,15,34,0,16,3,SR-725,MAD RIVER RD,154,39.63600556,-84.21745278,0,12,2,0,8,1,0,1,1,1,0,1,0,0000000,15,35,15,40,16,7,0,0,0,1,0
39,390403,2,2,0,0,0,6,6,87,0,7,5,2013,3,17,10,0,6,4,CR-6,,0,38.5386,-82.55009167,0,12,2,0,1,1,0,1,1,10,0,10,0,0000000,17,13,17,26,18,14,0,0,0,1,0
39,390404,1,1,0,0,0,1,1,113,0,13,5,2013,2,10,29,0,6,4,CR- 165 FREDERICK PIKE,,0,39.83074167,-84.22339167,0,59,0,0,1,1,0,5,1,1,0,1,0,0000000,10,29,10,33,11,10,0,0,0,1,1
39,390405,1,1,0,0,0,1,1,33,0,16,5,2013,5,6,49,0,9,3,SR-98,,64,40.92645278,-82.74651667,0,34,0,0,1,1,0,4,1,1,0,1,0,0000000,6,53,7,5,7,45,0,0,0,1,0
39,390406,1,1,0,0,0,1,1,53,0,1,6,2013,7,21,54,0,6,4,CR-98 FRIENDLY RIDGE RD,,0,38.71674444,-82.23767778,0,1,0,0,1,1,0,5,2,10,0,10,0,0000000,21,52,22,11,22,51,0,0,0,1,1
39,390408,2,2,0,0,0,5,5,79,0,1,6,2013,7,15,15,0,4,3,SR-279,TR-327 SLAB HILL RD,51,38.88978611,-82.66094167,0,12,6,0,2,2,0,1,1,1,0,1,0,0000000,15,15,15,18,16,24,0,0,0,1,1
39,390409,4,2,2,0,0,2,2,25,0,3,6,2013,2,16,25,0,6,3,SR-131,,0,39.17588333,-84.21502778,0,12,6,0,4,1,0,1,1,1,0,1,0,0000000,16,29,16,33,17,2,0,0,0,1,0
39,390410,1,1,0,0,0,1,1,151,4820,4,6,2013,3,17,30,0,13,3,SR-21,,92,40.77243333,-81.51935556,0,39,0,0,1,1,0,5,1,1,0,1,0,0000000,17,34,17,38,18,24,0,0,0,1,1
39,390411,2,2,0,0,0,3,3,35,572,4,6,2013,3,13,14,0,14,4,CR-158  BARTLETT RD,,0,41.40990556,-81.51766389,0,12,2,0,1,1,0,1,1,1,0,1,0,0000000,13,19,13,22,13,38,0,0,0,1,0
39,390412,1,1,0,0,0,1,1,35,7880,6,6,2013,5,6,40,1,11,1,I-71,,24,41.31306389,-81.81112778,0,24,0,0,1,1,0,3,1,2,0,2,0,0000000,6,40,6,48,7,23,0,0,0,1,0
39,390413,2,2,0,0,0,2,2,21,0,7,6,2013,6,13,10,0,4,3,SR-235,,93,40.16023056,-83.98542778,0,12,8,0,1,1,0,1,1,1,0,1,0,0000000,13,11,13,17,14,24,0,0,0,1,0
39,390414,2,2,0,0,0,5,5,99,0,8,6,2013,7,15,1,1,1,1,I-76,,80,41.11485556,-80.85825278,0,12,1,0,1,1,1,1,1,1,0,1,0,0000000,15,10,15,12,15,36,0,0,0,2,0
39,390415,1,1,0,0,0,1,1,53,0,8,6,2013,7,23,55,0,4,4,CR-42,,0,38.78505556,-82.39403889,0,42,0,0,1,1,0,5,2,1,0,1,0,0000000,23,55,0,15,99,99,0,0,0,1,1
39,390416,1,1,0,0,0,3,3,165,2710,9,6,2013,1,6,39,0,4,3,SR-123,,259,39.52774722,-84.27539167,0,32,0,0,1,1,0,5,4,10,0,10,0,0000000,6,41,6,47,7,7,0,0,0,1,1
39,390417,1,1,0,1,1,2,2,35,4040,10,6,2013,2,5,14,0,14,2,US-6A - DETROIT AVE,,22,41.48514722,-81.79869167,0,8,0,0,1,1,0,1,3,2,0,2,0,0000000,5,15,5,19,5,45,0,0,0,1,0
39,390418,2,2,0,0,0,2,2,95,7960,10,6,2013,2,17,39,0,3,2,US-20A,,12,41.58278611,-83.85879167,0,12,2,0,1,1,0,1,1,10,0,10,0,0000000,17,39,17,50,18,31,0,0,0,1,0
39,390419,3,3,0,0,0,3,3,49,1800,11,6,2013,3,17,47,1,11,1,I-70,,160,39.95333333,-82.96083333,0,12,1,0,1,1,0,1,1,1,0,1,0,0000000,17,56,18,3,18,21,0,0,0,1,0
39,390420,1,1,0,0,0,1,1,87,0,11,6,2013,3,2,20,0,6,4,CR-21 PORTER GAP RD,,0,38.58333333,-82.69,0,1,0,0,1,1,0,1,2,5,0,5,0,0000000,2,20,2,32,88,88,0,0,0,1,1
39,390421,1,1,0,0,0,1,1,39,5890,11,6,2013,3,8,46,0,4,3,SR-15 W MAIN ST,,29,41.38209722,-84.52728333,0,30,0,0,1,1,0,5,1,1,0,1,0,0000000,8,46,8,55,88,88,0,0,0,1,1
39,390422,2,2,0,0,0,3,3,99,9230,19,8,2013,2,21,54,1,11,1,I-680,,49,41.10045,-80.67100556,0,12,1,0,1,1,0,1,3,1,0,1,0,0000000,21,58,22,2,22,20,0,0,0,1,1
39,390423,2,2,0,0,0,8,8,49,0,7,9,2013,7,23,20,0,3,2,US-62,,3,38.86900556,-83.78695556,0,12,2,0,1,1,0,1,2,1,0,1,0,0000000,23,24,23,33,0,24,0,0,0,3,1
39,390424,1,1,0,1,1,3,3,25,490,1,9,2013,1,12,30,0,15,6,N FIFTH ST,WOOD ST,0,39.07617778,-84.17256389,0,9,0,0,2,2,0,1,1,1,0,1,0,0000000,12,34,12,38,12,51,0,0,0,1,0
39,390425,2,2,0,0,0,5,5,23,0,6,9,2013,6,21,35,0,16,6,OLD COLUMBUS RD,,0,39.94373889,-83.62621667,0,12,2,0,1,1,0,1,2,10,0,10,0,0000000,21,38,21,47,88,88,0,0,0,3,1
39,390426,2,2,0,0,0,3,3,151,0,11,9,2013,4,11,4,0,4,3,SR-172,WHITACRE AVE,292,40.79433889,-81.10621111,0,12,6,0,2,2,0,1,1,10,0,10,0,0000000,11,4,11,13,11,36,0,0,0,1,0
39,390427,1,1,0,1,1,1,1,173,0,12,9,2013,5,15,34,0,15,6,ROACHTON RD,,0,41.52200833,-83.61738056,0,9,0,0,1,1,0,1,1,1,0,1,0,0000000,15,34,15,38,88,88,0,0,0,1,0
39,390428,2,2,0,0,0,2,2,37,0,30,8,2013,6,15,12,0,3,2,US-36,SR-121,83,40.05551944,-84.65352222,0,12,6,0,2,2,0,1,1,1,0,1,0,0000000,15,15,15,21,15,55,0,0,0,1,0
39,390429,1,1,0,0,0,1,1,17,5010,6,9,2013,6,0,17,0,14,6,N BREIEL BLVD,,0,39.53086944,-84.35008333,0,33,0,0,1,1,0,4,3,1,0,1,0,0000000,0,17,0,22,1,22,0,0,0,1,1
39,390430,2,2,0,0,0,2,2,119,0,10,9,2013,3,5,5,0,3,3,SR-60 FRAZEYSBURG RD,TR-117 AIRY VIEW DR,288,40.09218056,-82.06318056,0,12,6,0,2,3,1,1,3,1,0,1,0,0000000,88,88,88,88,88,88,0,0,0,1,0
39,390431,2,2,0,0,0,4,4,43,0,15,9,2013,1,19,48,0,13,2,US-250,PARKLAND DR,11,41.43192222,-82.68753333,0,12,6,0,2,3,0,1,3,2,0,2,0,0000000,19,45,19,49,20,5,0,0,0,1,0
39,390432,2,2,0,0,0,2,2,49,3500,17,9,2013,3,22,43,1,11,1,I-270,,127,40.03461667,-83.12405556,0,12,1,0,1,1,4,1,3,10,0,10,0,0000000,22,52,22,57,23,30,0,0,0,1,0
39,390433,3,3,0,0,0,3,3,17,0,13,6,2013,5,6,3,0,15,3,SR-747,,55,39.39506667,-84.45291667,0,12,2,0,1,1,0,1,1,2,0,2,0,0000000,6,5,6,10,99,99,0,0,0,1,1
39,390434,1,1,0,0,0,1,1,75,0,15,6,2013,7,19,57,0,3,3,SR-3,,20,40.65084444,-82.18685,0,34,0,0,1,1,0,5,1,1,0,1,0,0000000,19,55,20,16,88,88,0,0,0,1,1
39,390435,2,2,0,0,0,2,2,97,8750,19,6,2013,4,11,42,0,4,3,SR-29,I-70,106,39.95996389,-83.34663333,0,12,6,1,3,2,4,1,1,1,0,1,0,0000000,11,44,11,48,99,99,0,0,0,1,0
39,390436,1,1,0,0,0,2,2,35,7880,19,6,2013,4,11,17,0,15,4,CR-186 EASTLAND RD,,0,41.33525278,-81.84538611,0,59,0,0,1,1,0,4,1,1,0,1,0,0000000,11,29,11,38,11,56,0,0,0,1,0
39,390437,1,1,0,1,1,1,1,41,0,15,9,2013,1,11,58,0,6,4,CR-18 MILLER PAUL RD,,0,40.14223611,-82.82279444,0,9,0,0,1,1,0,1,1,10,0,10,0,0000000,88,88,88,88,88,88,0,0,0,1,0
39,390438,2,2,0,0,0,3,3,165,0,8,9,2013,1,14,56,1,13,3,SR-48,LYTLE FIVE POINTS RD,246,39.56829722,-84.16413333,0,12,6,0,2,2,0,1,1,1,0,1,0,0000000,15,5,15,9,15,55,0,0,0,1,0
39,390439,3,3,0,0,0,3,3,175,0,31,8,2013,7,21,0,0,3,3,SR-53,,207,40.94841667,-83.27191667,0,12,6,0,1,1,0,1,2,10,0,10,0,0000000,21,6,21,26,21,49,0,0,0,1,1
39,390440,1,1,0,0,0,1,1,71,0,15,2,2013,6,2,0,0,6,4,CR-79 SELPH RD,,0,39.24478333,-83.59639444,0,42,0,0,1,1,0,4,2,1,0,1,0,0000000,2,2,2,11,2,33,0,0,0,1,1
39,390441,7,7,0,0,0,8,8,35,1020,23,4,2013,3,8,36,1,11,1,I-77,,28,41.3221,-81.64893611,0,12,7,0,1,1,0,1,1,1,0,1,0,0000000,8,42,8,49,9,15,0,0,0,2,0
39,390442,4,4,0,0,0,4,4,35,572,17,5,2013,6,9,40,1,11,1,I-480,,248,41.70872778,-81.87735833,0,12,1,0,1,1,0,1,1,1,0,1,0,0000000,9,51,9,55,99,99,19,0,0,1,0
39,390443,1,1,0,0,0,3,3,7,6230,23,5,2013,5,20,10,0,3,3,SR-45,,187,41.88823056,-81.45554444,0,34,0,0,1,1,0,4,1,10,0,10,0,0000000,20,10,20,15,21,20,0,0,0,2,0
39,390444,1,1,0,0,0,3,3,113,3895,24,5,2013,6,8,40,0,15,6,SHROYER RD,,0,39.69998889,-84.162525,0,33,0,0,1,1,0,4,1,1,0,1,0,0000000,8,45,8,51,9,1,0,0,0,1,1
39,390445,1,1,0,0,0,2,2,85,0,25,5,2013,7,22,38,0,6,6,GRISWOLD RD,,0,41.734975,-81.04526944,0,35,0,0,1,1,0,4,3,1,0,1,0,0000000,88,88,88,88,88,88,0,0,0,2,1
39,390446,1,1,0,0,0,1,1,61,1610,31,5,2013,6,17,54,1,11,1,I-471,,1,39.10316667,-84.49961389,0,25,0,1,5,1,0,4,1,2,0,2,0,0000000,88,88,88,88,88,88,0,0,0,1,1
39,390447,1,1,0,0,0,1,1,75,0,31,5,2013,6,23,55,0,4,3,SR-60,,89,40.55807778,-82.01621944,0,38,0,0,1,1,0,5,2,10,0,10,0,0000000,0,1,0,12,0,43,0,0,0,1,0
39,390448,1,1,0,0,0,1,1,153,0,31,5,2013,6,1,55,1,12,2,US-224,,103,41.02561944,-81.49833611,0,24,0,0,1,1,0,4,3,1,0,1,0,0000000,1,55,2,5,2,23,0,0,0,1,0
39,390449,1,1,0,0,0,2,2,49,0,2,6,2013,1,14,25,0,14,6,MORSE RD,,0,40.05265556,-82.80196667,0,1,0,0,1,1,0,1,1,1,0,1,0,0000000,99,99,99,99,99,99,0,0,0,1,0
39,390450,2,2,0,0,0,3,3,155,0,17,6,2013,2,14,40,1,2,3,SR-82,SR-7,271,41.23703889,-80.56963056,0,12,6,0,2,2,0,1,1,10,0,10,0,0000000,14,45,14,48,15,15,0,0,0,1,0
39,390451,4,4,0,0,0,4,4,113,0,18,6,2013,3,18,26,1,11,1,I-70,,168,39.86491111,-84.19409167,0,12,7,0,1,1,0,1,1,1,0,1,0,0000000,18,25,18,35,88,88,0,0,0,1,0
39,390452,2,1,1,0,0,1,1,159,4800,18,6,2013,3,21,41,0,16,6,COLEMAN'S CROSSING BLVD,,0,40.23855278,-83.35011389,0,33,0,0,1,1,0,4,3,10,0,10,0,0000000,22,53,23,0,88,88,0,0,0,1,1
39,390453,1,1,0,0,0,1,1,49,8330,20,6,2013,5,19,47,0,6,6,ELLIOTT AVE,,0,39.96409722,-83.07537778,0,7,0,0,1,1,0,1,2,1,0,1,0,0000000,19,50,19,54,20,8,0,0,0,1,0
39,390454,1,1,0,0,0,2,2,61,1610,20,6,2013,5,15,52,0,16,6,MT ADAMS DR,,0,39.11146111,-84.49800278,0,39,0,0,1,1,0,4,1,1,0,1,0,0000000,15,54,15,55,15,57,0,0,0,1,0
39,390455,3,3,0,0,0,3,3,23,0,20,6,2013,5,15,55,0,4,3,SR-334,CR-385 DERR RD,22,39.97944722,-83.78499444,0,12,6,0,2,2,0,1,1,1,0,1,0,0000000,15,58,16,1,16,29,0,0,0,1,0
39,390456,2,2,0,0,0,5,5,173,0,20,6,2013,5,20,36,0,2,3,SR-420,LIBBEY RD,26,41.5222,-83.46306667,0,12,6,0,2,2,0,1,1,1,0,1,0,0000000,20,36,20,42,21,12,0,0,0,1,0
39,390457,1,1,0,0,0,1,1,49,1800,21,6,2013,6,12,12,0,16,6,COLLEGE AVE,,0,39.93980556,-82.93145833,0,30,0,0,1,1,0,4,1,1,0,1,0,0000000,12,13,12,17,88,88,0,0,0,1,0
39,390458,1,1,0,1,1,1,1,113,2090,31,5,2013,6,22,42,0,16,6,RANDOLPH ST,,0,39.74519722,-84.22922778,0,8,0,0,1,1,0,1,3,10,0,10,0,0000000,22,43,22,53,23,4,0,0,0,1,0
39,390459,2,2,0,0,0,2,2,95,8120,22,6,2013,7,13,5,1,11,1,I-75,,8,41.63289444,-83.54199722,0,12,7,0,1,1,0,1,1,1,0,1,0,0000000,13,9,13,15,99,99,0,0,0,1,0
39,390460,2,2,0,0,0,3,3,53,0,22,6,2013,7,22,55,0,4,3,SR-233,,13,38.84169167,-82.51968056,0,12,2,0,1,1,0,1,2,1,0,1,0,0000000,22,55,23,21,23,42,0,0,0,1,1
39,390461,3,3,0,0,0,7,7,141,0,22,6,2013,7,15,52,0,3,2,US-50,,331,39.27421667,-82.82083056,0,12,6,0,4,1,0,1,1,1,0,1,0,0000000,15,54,16,3,88,88,0,0,0,1,0
39,390462,2,2,0,0,0,4,4,35,1680,23,6,2013,1,19,13,0,16,6,LEE RD,SORRENTO AVE,0,41.4434,-81.56482222,0,12,6,0,2,3,0,1,1,1,0,1,0,0000000,19,14,19,21,19,42,0,0,0,1,1
39,390463,3,3,0,0,0,5,5,153,70,24,6,2013,2,19,45,1,11,1,I-76,,106,41.56820278,-81.51997222,0,12,7,0,1,1,0,1,1,1,0,1,0,0000000,88,88,88,88,88,88,19,0,0,2,1
39,390464,1,1,0,0,0,2,2,171,0,24,6,2013,2,3,20,0,6,4,CR-16,,0,41.655075,-84.51480278,0,30,0,0,1,1,0,4,2,1,0,1,0,0000000,3,25,3,38,5,0,0,0,0,1,1
39,390465,2,2,0,0,0,4,4,131,0,24,6,2013,2,19,32,0,5,4,CR-51 RIVER RD,,0,39.12342778,-82.92446389,0,12,2,0,1,1,0,1,1,1,0,1,0,0000000,19,46,20,5,20,45,0,0,0,2,0
39,390466,1,1,0,0,0,1,1,57,558,25,6,2013,3,23,35,1,12,2,US-35,,5,39.73618333,-84.09554444,0,24,0,1,5,1,0,8,3,1,0,1,0,0000000,23,38,23,49,88,88,0,0,0,1,1
39,390467,2,2,0,0,0,2,2,159,0,25,6,2013,3,15,10,0,6,4,CR-191 RAYMOND RD,,0,40.28861111,-83.40694444,0,53,0,0,1,1,0,4,1,10,0,10,0,0000000,15,11,15,21,15,37,0,0,0,1,0
39,390468,1,1,0,0,0,2,2,119,0,26,6,2013,4,18,15,0,5,5,TR-107,,0,39.93086667,-81.78938333,0,35,0,0,1,1,0,4,1,10,0,10,0,0000000,18,25,18,35,18,50,0,0,0,1,0
39,390469,1,1,0,0,0,1,1,59,1260,24,6,2013,2,18,8,0,15,6,MORTON AVE,,0,40.16667778,-81.58024444,0,34,0,0,1,1,0,4,9,99,0,99,0,0000000,18,7,18,22,88,88,0,0,0,1,1
39,390470,1,1,0,0,0,1,1,49,1800,24,6,2013,2,4,16,1,12,3,SR-161,,168,40.07972222,-82.8775,0,25,0,0,5,1,0,3,3,1,0,1,0,0000000,88,88,88,88,88,88,0,0,0,1,1
39,390471,1,1,0,1,1,1,1,49,1800,26,6,2013,4,13,43,1,13,2,US-23 SUMMIT ST,,137,39.99527778,-83.00138889,0,9,0,0,1,1,0,1,1,1,0,1,0,0000000,13,45,13,47,14,47,0,0,0,1,0
39,390472,1,1,0,0,0,1,1,123,6680,27,6,2013,5,14,10,0,15,6,E 2ND ST,,0,41.51203611,-82.93534722,0,59,0,0,1,1,0,4,1,1,0,1,0,0000000,14,10,14,12,88,88,0,0,0,1,0
39,390473,1,1,0,1,1,1,1,165,0,27,6,2013,5,20,23,0,4,3,SR-123,,130,39.397125,-84.12667222,0,9,0,0,8,1,0,1,1,10,0,10,0,0000000,20,23,20,31,20,47,0,0,0,1,0
39,390474,2,2,0,0,0,2,2,107,0,27,6,2013,5,17,39,1,13,3,SR-29,SR-118,92,40.91521667,-85.08777222,0,12,6,0,2,2,0,1,1,1,0,1,0,0000000,17,41,17,46,20,20,0,0,0,1,0
39,390475,1,1,0,0,0,3,3,45,0,28,6,2013,6,10,25,0,16,4,CR-9 WRIGHT RD,,0,39.88364444,-82.78644167,0,43,0,0,1,1,0,4,1,1,0,1,0,0000000,10,26,10,35,10,54,0,0,0,1,0
39,390476,2,2,0,0,0,3,3,37,0,30,6,2013,1,12,22,0,4,3,SR-503,ARCANUM HOLLANSBURG RD,65,39.98944444,-84.66638889,0,12,6,0,2,2,0,1,1,10,0,10,0,0000000,12,23,12,35,13,3,0,0,0,1,0
39,390477,4,4,0,0,0,8,8,165,0,28,6,2013,6,14,2,0,16,6,TOWNE BLVD,PENDLETON CIR,0,39.49416667,-84.32944444,0,12,6,0,2,2,0,1,1,1,0,1,0,0000000,14,15,14,25,14,48,0,0,0,2,0
39,390478,1,1,0,1,1,1,1,49,1800,3,7,2013,4,4,11,0,16,6,WOODLAND AVE,WOODWARD AVE,0,39.99300833,-82.95504167,0,9,0,0,2,3,0,1,3,1,0,1,0,0000000,4,14,4,16,4,30,0,0,0,1,0
39,390479,2,2,0,0,0,2,2,47,0,4,7,2013,5,11,6,0,4,3,SR-207,CR-33 COOK YANKEE TOWN RD,33,39.66121389,-83.26828333,0,12,6,0,2,2,0,1,1,2,0,2,0,0000000,11,6,11,12,12,10,0,0,0,1,0
39,390480,1,1,0,0,0,1,1,113,2090,5,7,2013,6,2,0,0,15,6,NICHOLAS RD,,0,39.73191944,-84.23240278,0,32,0,0,1,1,0,4,3,2,0,2,0,0000000,2,6,2,11,88,88,0,0,0,1,1
39,390481,1,1,0,0,0,1,1,63,0,5,7,2013,6,0,11,0,6,5,TR-234,,0,41.031775,-83.59276944,0,34,0,0,8,1,0,5,2,2,0,2,0,0000000,0,15,0,21,88,88,0,0,0,1,1
39,390482,1,1,0,0,0,1,1,133,0,6,7,2013,7,4,23,0,4,3,SR-305,,64,41.31006944,-81.03031944,0,34,0,0,1,1,0,4,2,10,0,10,0,0000000,5,35,6,32,88,88,0,0,0,1,1
39,390483,1,1,0,0,0,1,1,49,1800,2,7,2013,3,0,5,1,11,1,I-71,,266,40.08924722,-82.9871,0,52,0,1,5,1,0,4,3,10,0,10,0,0000000,0,7,0,13,88,88,0,0,0,1,1
39,390484,1,1,0,0,0,4,4,41,0,6,7,2013,7,18,37,0,14,3,SR-315,,31,40.18335556,-83.05122222,0,24,0,0,1,1,0,4,1,10,0,10,0,0000000,18,37,18,41,19,1,0,0,0,1,1
39,390485,2,2,0,0,0,3,3,73,0,6,7,2013,7,22,13,0,4,3,SR-93,TR-363,159,39.57514444,-82.37781111,0,12,6,0,2,3,0,1,2,2,0,2,0,0000000,22,14,22,21,23,4,0,0,0,1,0
39,390486,1,1,0,0,0,1,1,113,2090,2,7,2013,3,18,20,1,13,3,SR-48 N MAIN ST,,139,39.77353889,-84.19833333,0,33,0,0,1,1,0,4,1,1,0,1,0,0000000,18,22,18,26,18,42,0,0,0,1,0
39,390487,1,1,0,0,0,1,1,21,0,3,7,2013,4,19,58,0,4,3,SR-559,,89,40.18971389,-83.52091667,0,42,0,0,1,1,0,4,1,10,0,10,0,0000000,20,0,20,6,88,88,0,0,0,1,0
39,390488,2,2,0,0,0,4,4,105,7990,6,7,2013,7,17,28,0,15,3,SR-124,,261,38.99822222,-81.953,0,12,2,0,1,1,0,1,1,10,0,10,0,0000000,17,28,17,30,18,19,0,0,0,2,1
39,390489,1,1,0,0,0,1,1,91,0,7,7,2013,1,17,4,0,6,4,CR-55,,0,40.33478056,-83.71379722,0,42,0,0,1,1,0,4,1,1,0,1,0,0000000,17,4,17,7,88,88,0,0,0,1,0
39,390490,2,2,0,0,0,3,3,63,0,8,7,2013,2,14,6,0,4,4,CR-7,TR-251,0,41.03735278,-83.52007778,0,12,6,0,2,2,0,1,1,10,0,10,0,0000000,14,10,14,19,99,99,0,0,0,1,0
39,390491,2,2,0,0,0,3,3,13,0,9,7,2013,3,12,0,0,4,3,SR-9,,224,40.15431111,-80.96556111,0,12,6,0,4,1,0,1,1,10,0,10,0,0000000,12,5,12,17,12,56,0,0,0,1,0
39,390492,1,1,0,0,0,2,2,25,0,10,7,2013,4,5,16,0,4,2,US-50,,172,39.139,-84.025175,0,59,0,0,1,1,0,4,2,1,0,1,0,0000000,5,21,5,34,88,88,0,0,0,1,0
39,390493,1,1,0,0,0,1,1,113,2090,11,7,2013,5,10,4,0,13,6,WAYNE AVE,ERIE AVE,0,39.74314722,-84.16757222,0,33,0,0,3,3,0,4,1,1,0,1,0,0000000,10,4,10,8,99,99,0,0,0,1,0
39,390494,1,1,0,0,0,1,1,11,0,11,7,2013,5,12,30,0,4,3,SR-501,,39,40.6009,-84.20301389,0,42,0,0,1,1,0,4,1,10,0,10,0,0000000,12,30,12,39,88,88,0,0,0,1,0
39,390495,2,2,0,0,0,2,2,155,0,11,7,2013,5,22,0,0,14,4,CR-54 NORTH RD,TR-463 CRESTVIEW AVE,0,41.21123333,-80.76328611,0,12,6,0,2,3,0,1,2,10,0,10,0,0000000,22,1,22,8,22,33,0,0,0,1,0
39,390496,1,1,0,0,0,1,1,151,1320,12,7,2013,6,2,0,0,14,6,MARION MOTLEY BLVD,,0,40.80640278,-81.35143056,0,23,0,0,1,1,0,4,3,1,0,1,0,0000000,0,32,0,36,88,88,0,0,0,1,1
39,390497,1,1,0,0,0,1,1,153,0,23,6,2013,1,14,5,1,11,1,I-77 SOUTH,,85,41.03025,-81.50505833,0,59,0,0,1,1,0,3,1,1,0,1,0,0000000,14,8,14,13,14,21,0,0,0,1,1
39,390498,1,1,0,1,1,1,1,113,0,11,7,2013,5,17,40,0,16,6,N DIXIE DR,NEVA DR,0,39.79410278,-84.19135278,0,8,0,0,3,2,0,1,1,1,0,1,0,0000000,17,40,17,43,17,55,0,0,0,1,0
39,390499,4,4,0,0,0,6,6,61,7570,11,7,2013,5,2,39,1,11,1,I-71,,107,39.18402778,-84.39518889,0,12,8,0,1,1,0,1,3,10,0,10,0,0000000,2,41,2,50,99,99,0,0,0,1,1
39,390500,2,2,0,0,0,13,13,75,0,13,7,2013,7,5,55,0,3,3,SR-39,,262,40.54613333,-81.76211389,0,12,8,0,1,1,0,1,4,1,0,1,0,0000000,6,1,6,7,7,8,0,0,0,1,0
39,390501,2,2,0,0,0,3,3,9,0,13,7,2013,7,9,28,1,2,2,US-33,,79,39.4025,-82.16805556,0,12,7,0,8,1,0,1,1,1,0,1,0,0000000,9,32,9,39,10,5,0,0,0,1,0
39,390502,2,2,0,0,0,4,4,39,0,13,7,2013,7,10,53,0,5,6,BANNER SCHOOL RD,CARPENTER RD,0,41.35510278,-84.34165278,0,12,6,0,2,3,0,1,1,1,0,1,0,0000000,11,3,11,17,11,43,0,0,0,1,0
39,390503,1,1,0,0,0,1,1,25,0,13,7,2013,7,4,57,0,16,4,CR-128 WHITE OAK RD,,0,39.03948056,-84.24404444,0,32,0,0,1,1,0,4,2,1,0,1,0,0000000,4,57,5,1,88,88,0,0,0,1,1
39,390504,1,1,0,0,0,2,2,33,1130,14,7,2013,1,17,57,0,14,6,MANSFIELD ST,,0,40.81218056,-82.94825278,0,7,0,0,1,1,0,1,1,1,0,1,0,0000000,17,58,18,0,18,14,0,0,0,1,0
39,390505,1,1,0,0,0,1,1,71,0,3,6,2013,2,15,42,0,4,4,CR-27 NORTHSHORE DR,,0,39.18021389,-83.54488333,0,1,0,0,1,1,0,1,1,1,0,1,0,0000000,15,43,15,50,16,40,0,0,0,1,0
39,390506,2,2,0,0,0,3,3,151,1320,14,7,2013,1,0,16,1,13,6,CLEVELAND AVE,,0,40.847125,-81.39227222,0,12,1,0,1,1,0,1,3,1,0,1,0,0000000,0,19,0,22,0,39,0,0,0,1,1
39,390507,1,1,0,0,0,1,1,81,0,15,7,2013,2,22,50,0,6,5,TR-242,,0,40.47118333,-80.69506111,0,35,0,0,1,1,0,4,2,1,0,1,0,0000000,23,0,23,19,88,88,0,0,0,1,0
39,390509,1,1,0,0,0,1,1,15,0,15,7,2013,2,13,30,1,2,2,US-52,,59,38.78975278,-83.94838056,0,1,0,0,1,1,0,4,1,10,0,10,0,0000000,13,48,14,1,15,1,0,0,0,1,0
39,390510,2,2,0,0,0,2,2,119,0,15,7,2013,2,16,5,0,4,3,SR-93,,143,39.97065833,-81.95434444,0,12,8,0,1,1,0,1,1,1,0,1,0,0000000,16,11,16,23,16,35,0,0,0,1,0