STATE,ST_CASE,VE_TOTAL,VE_FORMS,PVH_INVL,PEDS,PERNOTMVIT,PERMVIT,PERSONS,COUNTY,CITY,DAY,MONTH,YEAR,DAY_WEEK,HOUR,MINUTE,NHS,ROAD_FNC,ROUTE,TWAY_ID,TWAY_ID2,MILEPT,LATITUDE,LONGITUD,SP_JUR,HARM_EV,MAN_COLL,RELJCT1,RELJCT2,TYP_INT,WRK_ZONE,REL_ROAD,LGT_COND,WEATHER1,WEATHER2,WEATHER,SCH_BUS,RAIL,NOT_HOUR,NOT_MIN,ARR_HOUR,ARR_MIN,HOSP_HR,HOSP_MN,CF1,CF2,CF3,FATALS,DRUNK_DR
39,390511,2,2,0,0,0,3,3,71,0,16,7,2013,3,14,34,0,3,2,US-50,,231,39.21811111,-83.43523889,0,12,2,0,1,1,0,1,1,1,0,1,0,0000000,14,34,14,43,15,13,0,0,0,1,0
39,390512,2,2,0,0,0,2,2,147,0,17,7,2013,4,6,50,0,6,4,CR-34,TR-32,0,41.24225278,-83.02873889,0,12,6,0,2,2,0,1,1,1,0,1,0,0000000,6,50,7,7,88,88,0,0,0,2,0
39,390513,1,1,0,0,0,1,1,99,0,20,7,2013,7,0,50,0,4,4,CR-35 SOUTH EAST RIVER RD,,0,41.08640833,-80.97107222,0,42,0,0,1,1,0,4,2,1,0,1,0,0000000,0,50,0,58,88,88,0,0,0,1,1
39,390514,1,1,0,0,0,1,1,145,0,21,7,2013,1,17,15,0,4,3,SR-140,,62,38.77549722,-82.78412222,0,34,0,0,1,1,0,4,1,10,0,10,0,0000000,17,17,17,27,18,9,0,0,0,1,0
39,390515,1,1,0,0,0,1,1,29,0,21,7,2013,1,4,50,0,6,5,TR-953,,0,40.76668056,-80.57570833,0,1,0,0,1,1,0,4,2,10,0,10,0,0000000,5,23,5,30,7,5,0,0,0,1,1
39,390516,1,1,0,0,0,1,1,153,70,21,7,2013,1,17,52,1,12,3,SR-224 W,,63,41.035475,-81.562375,0,34,0,0,5,1,0,8,1,10,0,10,0,0000000,17,53,18,0,18,13,0,0,0,1,1
39,390517,1,1,0,0,0,1,1,35,1680,22,7,2013,2,3,35,0,13,6,CEDAR GLEN PK,,0,41.50114444,-81.59848056,0,33,0,0,1,1,0,4,3,10,0,10,0,0000000,3,12,3,17,3,31,0,0,0,1,1
39,390518,2,2,0,0,0,4,4,49,1800,22,7,2013,2,11,7,1,13,2,US-23 S HIGH ST,,41,39.86184167,-83.00423889,0,12,1,0,1,1,0,1,1,2,0,2,0,0000000,11,10,11,17,11,48,0,0,0,1,0
39,390519,4,4,0,0,0,4,4,65,0,22,7,2013,2,9,12,0,3,2,US-68,TR-180,54,40.59176389,-83.64092222,0,12,6,0,2,2,0,1,1,2,0,2,0,0000000,9,13,9,19,9,39,0,0,0,1,0
39,390520,2,2,0,0,0,5,5,95,8590,22,7,2013,2,13,10,0,15,6,DUTCH RD,WATERVILLE MONCLOVA RD,0,41.52198056,-83.73788611,0,12,6,0,2,3,0,1,1,2,0,2,0,0000000,13,29,13,40,14,20,0,0,0,1,0
39,390521,2,2,0,0,0,3,3,35,6180,27,7,2013,7,10,55,0,14,3,SR-252 COLUMBIA RD,,5,41.36068056,-81.90357222,0,12,8,0,1,1,0,1,1,2,0,2,0,0000000,10,58,11,0,11,32,0,0,0,1,0
39,390522,1,1,0,0,0,5,5,117,0,27,7,2013,7,18,15,1,1,1,I-71,,19,40.37666944,-82.82730556,0,1,0,1,5,1,1,8,1,10,0,10,0,0000000,18,15,18,21,19,30,0,0,0,1,1
39,390523,2,2,0,0,0,3,3,25,0,29,7,2013,2,18,40,0,4,4,CR-14 BETHEL NEW RICHMOND RD,,0,38.95018056,-84.22695556,0,12,6,0,4,1,0,1,1,1,0,1,0,0000000,18,56,19,11,19,52,0,0,0,1,0
39,390524,1,1,0,0,0,1,1,3,0,30,7,2013,3,5,36,1,13,3,SR-81 ADA RD,,176,40.76002222,-84.04425,0,53,0,0,1,1,0,4,2,1,0,1,0,0000000,5,36,5,40,6,10,0,0,0,1,0
39,390525,2,2,0,0,0,2,2,143,0,30,7,2013,3,8,40,0,3,2,US-6,,265,41.40911111,-82.95205556,0,12,2,0,1,1,0,1,1,1,0,1,0,0000000,8,40,8,50,9,18,0,0,0,1,0
39,390526,1,1,0,0,0,1,1,167,0,30,7,2013,3,16,41,0,6,5,TR-449,,0,39.41839167,-81.66682778,0,72,0,0,1,1,0,1,1,1,0,1,0,0000000,16,41,16,44,88,88,0,0,0,1,0
39,390527,1,1,0,3,3,2,2,7,6230,21,7,2013,1,21,55,0,6,5,TR-76 FENTON RD,,0,41.51695278,-80.81025278,0,49,0,0,1,1,0,1,2,1,0,1,0,0000000,22,0,22,12,23,26,0,0,0,1,0
39,390528,2,1,1,0,1,1,2,49,1800,22,7,2013,2,22,32,1,11,1,I-270,,312,40.06652778,-82.90654167,0,14,0,0,1,1,0,2,3,10,0,10,0,0000000,22,35,22,44,99,99,0,0,0,1,0
39,390529,2,1,1,0,0,1,1,169,0,29,7,2013,2,7,10,0,4,3,SR-95,,30,40.76633889,-82.07364444,0,14,0,0,1,1,0,1,7,1,0,1,0,0000000,7,16,7,30,88,88,0,0,0,1,0
39,390530,2,2,0,0,0,3,3,17,0,26,6,2013,4,10,28,1,13,3,SR-129,,206,39.38195556,-84.45891944,0,12,6,0,1,1,0,1,1,1,0,1,0,0000000,10,30,10,36,10,51,0,0,0,1,0
39,390531,1,1,0,0,0,1,1,115,7840,1,8,2013,5,10,7,0,6,6,MARKET ST,,0,39.54587778,-81.79305278,0,33,0,0,1,1,0,4,1,1,0,1,0,0000000,10,9,10,13,88,88,0,0,0,1,0
39,390532,1,1,0,0,0,1,1,93,0,1,8,2013,5,19,30,0,6,5,TR-46 GIFFORD RD,,0,41.30275,-82.28780833,0,42,0,0,1,1,0,4,1,1,0,1,0,0000000,6,20,6,29,88,88,0,0,0,1,1
39,390533,3,3,0,0,0,3,3,49,0,1,8,2013,5,13,36,0,14,6,ALUM CREEK DR,SPEIGEL DR,0,39.83761667,-82.93377222,0,12,6,0,2,2,0,1,1,1,0,1,0,0000000,13,37,13,46,99,99,0,0,0,1,0
39,390534,2,2,0,0,0,2,2,43,0,2,8,2013,6,15,27,0,15,4,CR-10 BOGART RD,CR-110 CAMPBELL ST,0,41.39656389,-82.70691667,0,12,6,0,2,2,0,1,1,10,0,10,0,0000000,15,28,15,33,16,1,0,0,0,1,0
39,390535,1,1,0,0,0,2,2,65,0,3,8,2013,7,17,5,0,3,2,US-68,,151,40.72604167,-83.62619722,0,53,0,0,1,1,0,4,1,1,0,1,0,0000000,17,5,17,10,17,28,0,0,0,1,0
39,390536,2,2,0,0,0,2,2,159,0,3,8,2013,7,6,45,0,3,2,US-42,JEROME RD,82,40.20435556,-83.18921389,0,12,1,0,3,2,0,1,1,2,0,2,0,0000000,6,46,6,50,88,88,0,0,0,1,0
39,390537,2,2,0,0,0,2,2,93,6025,5,8,2013,2,16,46,1,11,1,I-80,,189,41.37923889,-82.00376944,0,12,7,0,1,1,0,1,1,10,0,10,0,0000000,16,58,17,9,17,45,0,0,0,1,0
39,390538,1,1,0,0,0,1,1,79,0,5,8,2013,2,14,52,0,3,3,SR-93,,9,38.85920556,-82.6084,0,42,0,0,1,1,0,4,1,1,0,1,0,0000000,88,88,88,88,88,88,0,0,0,1,1
39,390540,1,1,0,0,0,7,7,35,6040,8,8,2013,5,15,12,1,11,1,I-80,,120,41.31365833,-81.75829444,0,34,0,0,1,1,1,4,1,2,0,2,0,0000000,15,20,15,33,16,4,0,0,0,1,0
39,390541,1,1,0,0,0,1,1,35,6360,8,8,2013,5,23,20,0,14,3,SR-17 BROOKPARK RD,,14,41.41830833,-81.77896944,0,33,0,0,1,1,0,4,3,10,0,10,0,141941J,23,22,23,27,23,58,0,0,0,1,0
39,390542,2,2,0,0,0,2,2,67,0,9,8,2013,6,6,55,1,2,2,US-22,,186,40.30395556,-80.969775,0,12,2,0,1,1,0,1,1,10,0,10,0,0000000,7,3,7,7,8,4,0,0,0,1,0
39,390543,2,2,0,0,0,2,2,113,1670,13,7,2013,7,16,53,1,13,3,SR-48,,209,39.85468889,-84.2748,0,12,1,0,1,1,0,1,1,10,0,10,0,0000000,16,53,17,0,17,15,0,0,0,1,0
39,390544,2,2,0,0,0,2,2,21,0,22,7,2013,2,11,33,0,4,3,SR-235,OLD TROY PIKE,29,40.08079722,-83.99208056,0,12,6,0,2,2,0,1,1,10,0,10,0,0000000,11,38,11,40,88,88,0,0,0,1,0
39,390545,1,1,0,0,0,1,1,65,0,31,7,2013,4,19,7,0,4,3,SR-117,,29,40.57823056,-83.85194722,0,42,0,0,1,1,0,4,1,2,0,2,0,0000000,19,9,19,17,88,88,0,0,0,1,0
39,390547,2,2,0,0,0,2,2,3,0,9,8,2013,6,17,42,0,15,4,CR-93 N CABLE RD,,0,40.77366389,-84.15367778,0,12,2,0,1,1,0,1,1,1,0,1,0,0000000,17,43,17,45,17,56,0,0,0,1,0
39,390548,1,1,0,1,1,1,1,113,2090,9,8,2013,6,0,18,1,13,3,SR-48 N MAIN ST,KNECHT DR,157,39.79426667,-84.21578889,0,8,0,0,2,2,0,1,3,2,0,2,0,0000000,0,22,0,39,0,47,0,0,0,1,0
39,390549,1,1,0,0,0,2,2,133,0,10,8,2013,7,17,42,0,6,5,TR-1786 AUGUST AVE,,0,41.10746667,-81.24317778,0,24,0,0,8,1,0,4,1,10,0,10,0,0000000,17,49,18,1,18,23,0,0,0,1,0
39,390550,1,1,0,0,0,1,1,89,0,10,8,2013,7,2,30,0,6,5,TR-53 HARMONY CHURCH RD,,0,40.19253056,-82.65116944,0,34,0,0,1,1,0,4,2,10,0,10,0,0000000,7,29,7,34,8,14,0,0,0,1,1
39,390551,2,2,0,0,0,2,2,95,8120,10,8,2013,7,14,35,0,15,6,STICKNEY AVE,,0,41.69705556,-83.52718889,0,12,1,0,8,1,0,1,1,1,0,1,0,0000000,14,37,14,46,15,5,0,0,0,1,0
39,390552,1,1,0,0,0,1,1,127,0,11,8,2013,1,2,30,0,4,3,SR-93,,111,39.6922,-82.21543889,0,42,0,0,1,1,0,4,2,10,0,10,0,0000000,2,51,2,57,88,88,0,0,0,1,1
39,390553,1,1,0,0,0,4,4,51,0,11,8,2013,1,2,0,0,6,4,CR-J,,0,41.60319722,-83.96369167,0,1,0,0,1,1,0,4,2,1,0,1,0,0000000,2,0,2,7,4,16,0,0,0,1,1
39,390554,1,1,0,1,1,1,1,155,8530,9,8,2013,6,18,59,0,14,6,YOUNGSTOWN RD SE,ADELAIDE AVE,0,41.22682778,-80.7941,0,8,0,0,2,2,0,1,1,10,0,10,0,0000000,19,1,19,2,19,22,0,0,0,1,0
39,390555,2,2,0,0,0,3,3,117,0,11,8,2013,1,7,9,0,3,3,SR-95,CR-28,20,40.586825,-82.91793333,0,12,6,0,2,2,0,1,1,1,0,1,0,0000000,7,15,7,20,7,32,0,0,0,1,0
39,390556,2,2,0,0,0,3,3,91,610,11,8,2013,1,14,49,1,13,2,US-68,,987,40.37943611,-83.75520833,0,12,2,0,1,1,0,1,1,1,0,1,0,0000000,15,10,15,16,15,36,0,0,0,1,0
39,390557,1,1,0,0,0,1,1,99,0,11,8,2013,1,5,2,1,13,2,US-224,,168,41.024325,-80.82771389,0,33,0,0,1,1,0,4,3,2,0,2,0,0000000,5,2,5,5,5,35,0,0,0,1,0
39,390558,2,2,0,0,0,3,3,9,0,13,8,2013,3,7,32,1,2,2,US-33,,99,39.38976667,-82.14509722,0,12,6,0,7,1,0,1,1,5,0,5,0,0000000,7,36,7,45,8,2,0,0,0,1,0
39,390559,1,1,0,1,1,1,1,155,7675,14,8,2013,4,23,26,1,2,2,US-422,,45,41.28818056,-80.93839167,0,8,0,0,1,1,0,1,2,1,0,1,0,0000000,23,28,23,30,88,88,0,0,0,1,0
39,390560,3,3,0,0,0,6,6,147,8070,13,8,2013,3,15,12,0,15,6,MIAMI ST,NELSON ST,0,41.11818056,-83.19676111,0,12,6,0,2,2,0,1,1,1,0,1,0,0000000,15,13,15,17,15,40,0,0,0,1,0
39,390561,2,2,0,0,0,2,2,71,3520,16,8,2013,6,10,53,0,3,2,US-50,CR-6A,74,39.20433889,-83.72994167,0,12,6,0,2,2,0,1,1,1,0,1,0,0000000,10,51,10,58,11,24,0,0,0,1,0
39,390562,1,1,0,0,0,1,1,151,1320,16,8,2013,6,2,15,0,16,6,3RD ST NE,,0,40.796525,-81.35778333,0,30,0,0,1,1,0,4,3,10,0,10,0,0000000,2,15,2,21,2,32,0,0,0,1,1
39,390563,1,1,0,0,0,2,2,47,0,16,8,2013,6,19,22,1,2,2,US-35 EAST,OLD US-35,20,39.51449444,-83.40177778,0,34,0,0,3,3,0,5,1,1,0,1,0,0000000,19,35,19,55,20,32,0,0,0,2,0
39,390564,1,1,0,1,1,1,1,139,0,17,8,2013,7,20,42,1,1,1,I-71,,69,40.64736944,-82.54676389,0,8,0,0,1,1,0,1,3,1,0,1,0,0000000,20,55,21,1,21,26,0,0,0,1,0
39,390565,1,1,0,0,0,1,1,61,1610,17,8,2013,7,23,37,1,11,1,I-75,,81,39.17788889,-84.48679167,0,24,0,0,1,1,0,4,3,1,0,1,0,0000000,88,88,88,88,88,88,0,0,0,1,1
39,390566,1,1,0,0,0,1,1,173,0,18,8,2013,1,5,35,0,13,2,US-23,,17,41.19359722,-83.42079722,0,1,0,0,1,1,0,1,2,5,0,5,0,0000000,5,49,6,5,6,40,0,0,0,1,1
39,390567,1,1,0,0,0,1,1,95,8120,18,8,2013,1,17,52,0,6,6,E BANCROFT ST,CHERRY ST,0,41.66437778,-83.53768333,0,30,0,0,3,2,0,4,1,1,0,1,0,0000000,17,54,17,56,99,99,0,0,0,1,1
39,390568,2,2,0,0,0,2,2,25,0,18,8,2013,1,16,40,1,13,3,SR-125,TR-890,14,39.06523611,-84.28832778,0,12,6,0,2,2,0,1,1,1,0,1,0,0000000,16,55,16,58,17,19,0,0,0,1,0
39,390569,1,1,0,0,0,1,1,25,8990,18,8,2013,1,13,3,0,4,3,SR-276,,16,39.07193611,-84.08123889,0,34,0,0,1,1,0,4,1,1,0,1,0,0000000,13,7,13,11,13,36,0,0,0,1,0
39,390570,1,1,0,0,0,1,1,151,5930,19,8,2013,2,18,48,0,14,6,WHIPPLE AVE,,0,40.87023611,-81.42219444,0,59,0,0,1,1,0,5,1,1,0,1,0,0000000,18,56,19,2,19,30,0,0,0,1,0
39,390571,1,1,0,0,0,1,1,89,5570,15,8,2013,5,3,53,1,12,3,SR-16,SR-79,204,40.05960278,-82.41719722,0,1,0,0,5,1,0,4,3,10,0,10,0,0000000,88,88,88,88,88,88,0,0,0,1,1
39,390572,2,2,0,0,0,5,5,61,1610,19,8,2013,2,10,5,0,15,6,COLERAIN AVE,GOLDENROD DR,0,39.19509167,-84.574875,0,12,6,0,2,3,0,1,1,1,0,1,0,0000000,10,11,10,18,10,26,0,0,0,1,0
39,390573,2,2,0,0,0,2,2,147,0,20,8,2013,3,16,8,1,2,2,US-23,,56,41.07307778,-83.40168056,0,12,6,0,8,1,0,1,1,10,0,10,0,0000000,88,88,88,88,88,88,0,0,0,1,0
39,390574,3,2,1,0,0,2,2,95,8120,21,8,2013,4,23,31,0,14,6,DOUGLAS RD,,0,41.71756944,-83.60491389,0,12,2,0,1,1,0,1,3,1,0,1,0,0000000,99,98,99,98,99,98,0,0,0,1,2
39,390575,4,4,0,1,1,6,6,49,1800,21,8,2013,4,4,55,1,11,1,I-71,,232,40.04446667,-82.99723056,0,8,0,0,1,1,0,1,3,1,0,1,0,0000000,4,57,5,5,88,88,0,0,0,1,0
39,390576,2,2,0,0,0,3,3,165,0,22,8,2013,5,15,30,0,4,3,SR-123,,160,39.42426389,-84.17516944,0,12,6,0,8,1,0,1,1,10,0,10,0,0000000,15,30,15,39,16,3,0,0,0,1,0
39,390577,3,3,0,0,0,3,3,147,0,24,8,2013,7,18,43,0,3,3,SR-53,,150,41.19551667,-83.16785,0,12,1,0,1,1,0,1,1,1,0,1,0,0000000,18,43,18,50,88,88,0,0,0,1,0
39,390578,1,1,0,0,0,1,1,49,0,24,8,2013,7,12,10,1,11,1,I-270,,228,40.112375,-83.0354,0,1,0,0,1,1,0,1,1,1,0,1,0,0000000,12,11,12,17,12,44,0,0,0,1,0
39,390579,1,1,0,1,1,1,1,95,6213,25,8,2013,1,21,26,1,13,3,SR-2 NAVARRE AVE,ATHENS RD,226,41.63705556,-83.46525556,0,15,0,0,2,3,0,1,3,1,0,1,0,0000000,21,27,21,31,21,59,0,0,0,1,0
39,390580,1,1,0,0,0,1,1,113,0,25,8,2013,1,14,15,1,13,3,SR-48 N MAIN ST,,170,39.81231667,-84.22708333,0,33,0,0,1,1,0,5,1,1,0,1,0,0000000,14,16,14,19,14,39,0,0,0,1,0
39,390581,1,1,0,0,0,1,1,93,6025,26,8,2013,2,19,54,0,14,3,SR-83 AVON BELDEN RD,,146,41.410275,-82.01871111,0,35,0,0,1,1,0,5,1,1,0,1,0,0000000,88,88,88,88,88,88,0,0,0,1,1
39,390582,1,1,0,1,1,1,1,165,1345,26,8,2013,2,20,22,0,16,5,TR-2087 MONTGOMERY AVE,TR-17 DAYTON OXFORD RD,0,39.58886111,-84.29607222,0,9,0,0,3,3,0,1,1,1,0,1,0,0000000,20,22,20,23,88,88,0,0,0,1,0
39,390583,2,2,0,0,0,2,2,155,0,26,8,2013,2,18,39,0,3,3,SR-5,,229,41.38065556,-80.696325,0,12,2,0,1,1,0,1,1,1,0,1,0,0000000,18,37,18,39,19,39,0,0,0,1,1
39,390584,2,2,0,0,0,2,2,105,0,26,8,2013,2,17,24,0,4,3,SR-124,,371,38.88055833,-81.90264444,0,12,6,0,1,1,0,1,1,1,0,1,0,0000000,17,24,17,28,99,99,0,0,0,1,0
39,390585,1,1,0,0,0,1,1,5,0,28,8,2013,4,20,5,0,3,3,SR-3,,50,40.62515278,-82.23960833,0,1,0,0,1,1,0,4,5,1,0,1,0,0000000,88,88,88,88,88,88,0,0,0,1,1
39,390586,2,2,0,0,0,2,2,159,0,28,8,2013,4,8,10,0,4,3,SR-37,,77,40.397675,-83.28205556,0,12,6,0,1,1,0,1,1,10,0,10,0,0000000,8,10,8,16,8,48,0,0,0,1,0
39,390587,1,1,0,1,1,2,2,35,1680,29,8,2013,5,19,45,0,14,6,FULTON RD,PARK DR,0,41.44701389,-81.71785,0,9,0,0,2,3,0,1,5,1,0,1,0,0000000,19,46,19,51,20,1,0,0,0,1,0
39,390588,1,1,0,0,0,4,4,13,0,29,8,2013,5,1,43,0,14,2,US-40,,229,40.06653333,-80.83166667,0,34,0,0,1,1,0,4,2,1,0,1,0,0000000,1,43,1,51,2,17,0,0,0,1,1
39,390589,2,2,0,0,0,2,2,95,8120,30,8,2013,6,5,53,0,16,6,DORR ST,RICHARDS RD,0,41.65272222,-83.64099167,0,12,6,0,2,2,0,1,3,10,0,10,0,0000000,5,56,5,59,6,16,0,0,0,1,0
39,390591,1,1,0,0,0,1,1,161,0,31,8,2013,7,1,2,0,6,5,TR-145 SLANE RD,,0,40.94098611,-84.49522222,0,1,0,0,1,1,1,1,2,1,0,1,0,0000000,88,88,88,88,88,88,0,0,0,1,0
39,390592,1,1,0,1,1,2,2,95,4840,4,3,2013,2,8,32,0,15,6,KEY ST,,0,41.57245833,-83.64540833,0,8,0,0,8,1,0,4,1,1,0,1,0,0000000,8,32,8,37,8,58,0,0,0,1,0
39,390593,1,1,0,1,1,1,1,9,360,7,8,2013,4,11,23,0,13,6,E STATE ST,,0,39.33432222,-82.04328611,0,8,0,0,1,1,0,1,1,10,0,10,0,0000000,15,21,15,29,15,40,0,0,0,1,0
39,390594,1,1,0,0,0,1,1,45,0,1,9,2013,1,2,45,0,3,2,US-22,,47,39.65142778,-82.75607778,0,1,0,0,1,1,0,5,2,1,0,1,0,0000000,88,88,88,88,88,88,0,0,0,1,1
39,390595,1,1,0,0,0,4,4,111,0,1,9,2013,1,2,45,0,6,4,CR-9A,,0,39.71707778,-81.0102,0,42,0,0,1,1,0,5,2,5,0,5,0,0000000,2,54,3,15,5,8,0,0,0,1,0
39,390596,1,1,0,0,0,2,2,93,0,1,9,2013,1,20,19,0,16,5,TR-127 REED RD,,0,41.341375,-81.99043056,0,34,0,0,1,1,0,4,5,1,0,1,0,0000000,20,20,20,28,88,88,0,0,0,2,1
39,390597,2,2,0,0,0,3,3,49,1800,2,9,2013,2,13,34,0,16,6,MCNAUGHTEN RD,BASKERVILLE RD,0,39.96708889,-82.83735,0,12,2,1,2,2,0,1,1,2,0,2,0,0000000,13,38,13,40,13,48,0,0,0,1,0
39,390598,4,4,0,0,0,13,13,123,0,2,9,2013,2,16,49,0,2,3,SR-2,NIAGRA RD,163,41.53058889,-83.02011111,0,12,6,1,2,2,0,1,1,10,0,10,0,0000000,16,49,16,55,17,54,0,0,0,2,0
39,390599,2,2,0,0,0,2,2,49,1800,3,9,2013,3,17,8,0,14,6,NORTON RD,,0,39.93838056,-83.14356944,0,12,6,0,4,1,0,1,1,1,0,1,0,0000000,17,10,17,12,17,34,0,0,0,1,0
39,390600,2,2,0,0,0,2,2,55,0,4,9,2013,4,8,4,0,16,3,SR-87 KINSMAN RD,,20,41.46246389,-81.35056389,0,51,0,0,1,1,0,1,1,1,0,1,0,0000000,8,6,8,13,99,99,0,0,0,1,0
39,390601,4,3,1,0,0,3,3,95,8120,4,9,2013,4,17,44,0,15,6,ELEANOR AVE,PENNFIELD RD,0,41.69966111,-83.57389444,0,1,0,0,2,3,0,1,1,1,0,1,0,0000000,17,46,17,51,18,9,0,0,0,1,0
39,390602,3,3,0,0,0,3,3,43,3660,4,9,2013,4,16,55,1,13,2,US-6,,138,41.41279444,-82.61564167,0,12,1,0,1,1,0,1,1,1,0,1,0,0000000,17,9,17,11,17,56,0,0,0,1,1
39,390603,2,2,0,0,0,4,4,163,4500,5,9,2013,5,18,21,0,3,2,US-50,VETERANS MEMORIAL DR,174,39.25129444,-82.47256111,0,12,6,0,2,3,0,1,1,1,0,1,0,0000000,22,29,22,37,23,37,0,0,0,1,1
39,390604,2,2,0,0,0,3,3,107,0,11,8,2013,1,12,3,0,3,2,US-127,,47,40.42164722,-84.57163611,0,12,2,0,8,1,0,1,1,1,0,1,0,0000000,12,13,12,19,12,53,0,0,0,1,0
39,390605,1,1,0,1,1,1,1,99,9230,22,8,2013,5,20,25,0,15,6,ELM ST,,0,41.13289722,-80.64530278,0,9,0,0,1,1,0,1,3,1,0,1,0,0000000,20,27,20,31,20,48,0,0,0,1,0
39,390606,1,1,0,0,0,2,2,93,6025,25,8,2013,1,21,5,0,14,6,SUGAR RIDGE RD,,0,41.36351389,-82.06505278,0,24,0,0,1,1,0,4,3,1,0,1,0,0000000,21,16,21,42,22,16,0,0,0,1,1
39,390607,2,2,0,0,0,2,2,101,4740,5,9,2013,5,12,27,0,14,3,SR-529,,8,40.571275,-83.09269444,0,12,8,0,1,1,0,1,1,1,0,1,0,0000000,12,25,12,30,12,44,0,0,0,1,0
39,390608,1,1,0,0,0,1,1,49,1800,5,9,2013,5,3,33,0,14,6,N HAMILTON RD,E DUBLIN GRANVILLE RD,0,40.07884444,-82.86203889,0,24,0,0,3,3,0,4,2,1,0,1,0,0000000,3,35,3,51,88,88,0,0,0,1,1
39,390609,1,1,0,1,1,1,1,159,0,5,9,2013,5,11,47,0,6,4,CR-132 COUNTY HOME RD,,0,40.26642222,-83.30092778,0,9,0,0,1,1,0,1,1,1,0,1,0,0000000,11,47,11,47,12,12,0,0,0,1,0
39,390610,1,1,0,0,0,1,1,35,970,5,9,2013,5,20,2,0,14,6,RIVERVIEW RD,,0,41.3558,-81.60339444,0,30,0,0,1,1,0,4,5,10,0,10,0,0000000,20,24,20,28,21,27,0,0,0,1,1
39,390611,2,2,0,0,0,2,2,109,0,5,9,2013,5,19,6,0,4,3,SR-201,WALNUT GROVE RD,81,39.99803333,-84.07761389,0,12,6,0,2,2,0,1,1,1,0,1,0,0000000,19,7,19,14,19,53,0,0,0,1,0
39,390612,2,2,0,0,0,3,3,11,7240,6,9,2013,6,13,1,0,4,3,SR-29,,63,40.53874444,-84.34678611,0,12,2,0,1,1,0,1,1,1,0,1,0,0000000,12,46,12,51,13,26,0,0,0,2,0
39,390613,2,2,0,0,0,3,3,95,8120,6,9,2013,6,19,3,0,16,6,DORR ST,OLIMPHIA DR,0,41.653575,-83.67476944,0,12,6,0,2,2,0,1,5,10,0,10,0,0000000,88,88,88,88,88,88,0,0,0,1,0
39,390614,1,1,0,0,0,1,1,27,0,6,9,2013,6,17,3,0,6,5,TR-149 BEATTY RD,,0,39.41250833,-83.69278889,0,34,0,0,1,1,0,4,1,1,0,1,0,0000000,17,8,17,30,88,88,0,0,0,1,0
39,390615,3,3,0,0,0,3,3,153,8000,6,9,2013,6,7,47,1,11,1,I-76,,172,41.07695,-81.40488333,0,12,1,0,1,1,0,1,1,1,0,1,0,0000000,7,48,7,51,88,88,0,0,0,1,0
39,390616,1,1,0,0,0,1,1,129,0,7,9,2013,7,4,54,0,6,4,CR-4 COMMERCIAL POINT RD,,0,39.67533333,-83.02485833,0,34,0,0,1,1,0,4,2,1,0,1,0,0000000,88,88,88,88,88,88,0,0,0,1,1
39,390617,2,2,0,0,0,3,3,105,0,7,9,2013,7,14,13,1,2,3,SR-7,CR-22,76,39.05534722,-82.02763889,0,12,6,0,7,1,0,1,1,1,0,1,0,0000000,14,13,14,18,15,20,0,0,0,1,0
39,390618,1,1,0,0,0,1,1,61,1610,7,9,2013,7,0,45,0,6,6,RIVER RD,,0,39.08548056,-84.58036944,0,33,0,0,1,1,0,4,3,1,0,1,0,0000000,88,88,88,88,88,88,0,0,0,1,1
39,390619,2,2,0,0,0,2,2,45,130,7,9,2013,7,9,35,0,5,4,CR-16 AMANDA NORTHERN RD,,0,39.72872778,-82.76688889,0,12,6,0,1,1,0,1,1,1,0,1,0,0000000,9,54,10,15,10,51,0,0,0,1,0
39,390620,1,1,0,0,0,1,1,39,0,7,9,2013,7,16,15,0,3,2,US-127,,76,41.36170833,-84.55458889,0,34,0,0,1,1,0,4,1,10,0,10,0,0000000,88,88,88,88,88,88,0,0,0,1,0
39,390621,1,1,0,0,0,1,1,25,0,7,9,2013,7,23,20,0,6,5,TR-767 POND RUN RD,,0,38.98621389,-84.28251389,0,34,0,0,1,1,0,4,2,1,0,1,0,0000000,88,88,88,88,88,88,0,0,0,1,0
39,390622,2,2,0,0,0,3,3,25,3055,9,9,2013,2,14,18,0,6,4,CR-26 CEDARVILLE RD,CR-57 GOSHEN RD,0,39.19766667,-84.13303889,0,12,6,0,2,2,0,1,1,1,0,1,0,0000000,14,27,14,42,15,24,0,0,0,1,0
39,390623,1,1,0,0,0,1,1,25,0,11,9,2013,4,16,48,0,4,3,SR-727,,38,39.22803611,-84.09200833,0,42,0,0,1,1,0,4,1,1,0,1,0,0000000,88,88,88,88,88,88,0,0,0,1,0
39,390624,1,1,0,0,0,2,2,35,1020,1,8,2013,5,2,49,0,16,6,E MILL RD,,0,41.33709722,-81.64828611,0,30,0,0,1,1,0,4,3,2,0,2,0,0000000,2,51,3,2,3,30,0,0,0,1,1
39,390625,2,2,0,0,0,6,6,45,0,22,8,2013,5,10,0,0,15,4,CR-13 BASIL WESTERN RD,BADER RD,0,39.84431944,-82.65408056,0,12,6,0,2,2,0,1,1,1,0,1,0,0000000,10,12,10,19,10,56,0,0,0,1,0
39,390626,1,1,0,0,0,2,2,107,0,25,8,2013,1,3,31,1,2,2,US-33,,71,40.680125,-84.62411667,0,42,0,0,1,1,0,5,2,1,0,1,0,0000000,3,37,3,47,4,7,0,0,0,1,0