STATE,ST_CASE,VE_TOTAL,VE_FORMS,PVH_INVL,PEDS,PERNOTMVIT,PERMVIT,PERSONS,COUNTY,CITY,DAY,MONTH,YEAR,DAY_WEEK,HOUR,MINUTE,NHS,ROAD_FNC,ROUTE,TWAY_ID,TWAY_ID2,MILEPT,LATITUDE,LONGITUD,SP_JUR,HARM_EV,MAN_COLL,RELJCT1,RELJCT2,TYP_INT,WRK_ZONE,REL_ROAD,LGT_COND,WEATHER1,WEATHER2,WEATHER,SCH_BUS,RAIL,NOT_HOUR,NOT_MIN,ARR_HOUR,ARR_MIN,HOSP_HR,HOSP_MN,CF1,CF2,CF3,FATALS,DRUNK_DR
39,390628,1,1,0,2,2,1,1,85,6320,1,9,2013,1,21,2,0,15,6,N STATE ST,CHESTER ST,0,41.73345,-81.24609444,0,8,0,0,3,2,0,1,3,1,0,1,0,0000000,21,2,21,6,21,37,0,0,0,1,0
39,390629,2,2,0,0,0,3,3,153,6909,8,9,2013,1,14,5,0,15,3,SR-303 E STREETSBORO RD,,19,41.23958611,-81.64858889,0,12,2,0,1,1,0,1,1,1,0,1,0,0000000,14,8,14,11,14,46,0,0,0,1,0
39,390630,4,4,0,0,0,4,4,129,0,11,9,2013,4,1,20,1,2,2,US-23,TR-271 PITTSBURGH RD,55,39.55735278,-82.95867778,0,12,1,0,3,2,0,1,2,1,0,1,0,0000000,1,35,1,45,2,13,0,0,0,1,0
39,390631,3,3,0,0,0,3,3,67,0,12,9,2013,5,10,50,1,2,2,US-250,,94,40.32425,-81.14415556,0,51,0,0,1,1,0,1,1,2,0,2,0,0000000,10,52,11,5,88,88,0,0,0,1,0
39,390632,1,1,0,0,0,4,4,47,0,21,7,2013,1,17,8,0,15,6,ROBINSON RD,,0,39.53021111,-83.42131389,0,1,0,0,1,1,0,4,1,1,0,1,0,0000000,17,9,17,19,17,28,0,0,0,1,0
39,390633,2,2,0,0,0,2,2,167,4730,2,8,2013,6,13,11,1,13,3,SR-7 PIKE ST,CAPT D SEELEY MIA DR,246,39.41005556,-81.42733333,0,12,6,0,2,2,0,1,1,1,0,1,0,0000000,13,11,13,16,13,36,0,0,0,1,0
39,390634,2,2,0,0,0,2,2,113,2090,8,8,2013,5,3,18,0,14,6,W THIRD ST,S EDWIN C MOSES BLVD,0,39.75703889,-84.20706667,0,12,6,0,2,2,0,1,3,2,0,2,0,0000000,3,19,3,23,3,43,0,0,0,1,0
39,390635,2,2,0,0,0,3,3,61,0,12,8,2013,2,7,44,1,11,1,I-275,,121,39.22761111,-84.64326944,0,12,7,0,1,1,0,1,1,1,0,1,0,0000000,88,88,88,88,88,88,19,0,0,1,0
39,390636,1,1,0,0,0,1,1,153,3139,17,8,2013,7,6,16,0,15,6,MAYFAIR RD,,0,40.95194722,-81.43706667,0,42,0,0,1,1,0,4,4,1,0,1,0,0000000,88,88,88,88,88,88,0,0,0,1,1
39,390637,2,2,0,0,0,2,2,57,558,20,8,2013,3,18,40,1,12,2,US-35,,5,39.7367,-84.09550833,0,12,2,0,1,1,0,1,1,1,0,1,0,0000000,99,98,99,98,88,88,0,0,0,1,1
39,390638,1,1,0,0,0,1,1,49,1800,30,8,2013,6,19,52,0,5,6,HAYDEN RUN RD,,0,40.06751944,-83.11263056,0,31,0,0,1,1,0,4,5,1,0,1,0,0000000,19,52,19,58,20,25,0,0,0,1,1
39,390639,1,1,0,1,1,1,1,153,70,4,9,2013,4,21,9,1,13,3,SR-91 DARROW RD,,27,41.06984722,-81.44205278,0,8,0,0,1,1,0,1,3,10,0,10,0,0000000,21,11,21,17,21,33,0,0,0,1,1
39,390641,2,1,1,0,0,3,3,61,0,13,9,2013,6,19,42,0,16,6,SHEED RD,,0,39.21474444,-84.63083889,0,14,0,0,1,1,0,7,5,10,0,10,0,0000000,23,42,23,49,0,21,0,0,0,2,1
39,390642,1,1,0,0,0,2,2,133,9070,13,9,2013,6,17,39,0,6,5,TR-236 BRYANT RD,,0,41.25313889,-81.06663611,0,34,0,0,1,1,0,4,1,10,0,10,0,0000000,17,41,17,50,18,31,0,0,0,1,0
39,390643,1,1,0,0,0,1,1,17,0,14,9,2013,7,3,38,1,11,1,I-75,,67,39.37208611,-84.36515556,0,59,0,0,1,1,0,2,3,1,0,1,0,0000000,3,38,3,53,88,88,0,0,0,1,1
39,390644,2,2,0,0,0,9,9,61,1610,14,9,2013,7,19,30,0,16,6,COLUMBIA PARKWAY,,0,39.13598611,-84.40396667,0,12,1,0,1,1,0,1,1,1,0,1,0,0000000,99,98,99,98,88,88,0,0,0,1,1
39,390645,1,1,0,0,0,1,1,155,3620,14,9,2013,7,6,11,1,11,1,I-80,,85,41.17143056,-80.58746944,0,24,0,0,1,1,0,3,2,1,0,1,0,0000000,88,88,88,88,88,88,0,0,0,1,0
39,390646,1,1,0,0,0,2,2,173,8840,14,9,2013,7,17,38,1,2,2,US-6,,55,41.37226111,-83.77551111,0,31,0,0,6,1,0,1,1,1,0,1,0,155787E,17,40,17,51,18,12,0,0,0,1,0
39,390648,2,2,0,0,0,3,3,59,0,13,4,2013,7,0,7,0,15,4,CR-35 OLD TWENTY ONE RD,,0,40.14878611,-81.54130278,0,12,11,0,1,1,0,1,2,1,0,1,0,0000000,0,7,0,20,0,53,0,0,0,1,0
39,390649,1,1,0,0,0,1,1,67,0,9,6,2013,1,2,55,0,4,3,SR-151,,96,40.41115278,-81.11301667,0,32,0,0,1,1,0,4,2,1,0,1,0,0000000,3,3,3,8,3,52,0,0,0,1,0
39,390650,1,1,0,0,0,2,2,153,70,13,7,2013,7,23,6,0,14,3,SR-93 MANCHESTER RD,BRADY AVE,100,41.05286944,-81.5488,0,42,0,0,3,3,0,4,3,10,0,10,0,0000000,23,8,23,14,23,54,0,0,0,1,0
39,390651,1,1,0,0,0,2,2,113,5275,15,9,2013,1,4,23,0,15,6,SOLDIERS HOME WEST CARROLLTON,,0,39.69128889,-84.26861389,0,42,0,0,1,1,0,4,3,1,0,1,0,0000000,4,28,4,38,5,3,0,0,0,1,1
39,390652,1,1,0,0,0,2,2,99,9230,15,9,2013,1,18,46,0,14,6,E INDIANOLA AVE,,0,41.07376111,-80.63084167,0,43,0,0,1,1,0,4,1,10,0,10,0,0000000,18,49,18,52,19,21,0,0,0,1,1
39,390653,1,1,0,1,1,1,1,33,0,15,9,2013,1,20,15,1,2,2,US-30,,120,40.78925556,-82.90838056,0,8,0,0,1,1,0,1,2,10,0,10,0,0000000,20,19,20,23,88,88,19,0,0,1,0
39,390654,1,1,0,1,1,2,2,49,1800,16,9,2013,2,20,13,0,14,6,N SINCLAIR RD,,0,40.0704,-82.99818889,0,8,0,0,1,1,0,1,2,1,0,1,0,0000000,20,14,20,17,20,40,0,0,0,1,0
39,390655,3,3,0,0,0,3,3,167,4730,16,9,2013,2,7,38,0,4,3,SR-26,,50,39.43316667,-81.37203611,0,12,8,0,1,1,0,1,1,10,0,10,0,0000000,7,38,7,45,10,4,0,0,0,1,0
39,390656,1,1,0,0,0,1,1,111,0,8,8,2013,5,20,58,0,6,5,TR-230,,0,39.77390833,-80.87043333,0,42,0,0,1,1,0,5,2,10,0,10,0,0000000,88,88,88,88,88,88,0,0,0,1,1
39,390657,2,2,0,0,0,3,3,133,380,17,9,2013,3,14,7,0,6,5,TR-432,,0,41.30813333,-81.33171111,0,12,8,0,1,1,0,1,1,1,0,1,0,0000000,14,14,14,31,15,10,0,0,0,1,0
39,390658,1,1,0,0,0,2,2,153,70,17,9,2013,3,22,42,0,14,6,BRITTAIN RD,,0,41.10409167,-81.46626667,0,30,0,0,1,1,0,4,3,1,0,1,0,0000000,22,43,22,46,23,10,0,0,0,1,1
39,390659,3,3,0,0,0,3,3,19,0,17,9,2013,3,12,55,0,3,3,SR-43,TR-224 LEMON RD,218,40.68790556,-81.15152778,0,12,6,0,3,3,0,1,1,1,0,1,0,0000000,12,58,13,4,13,27,0,0,0,1,0
39,390660,2,2,0,0,0,3,3,107,0,17,9,2013,3,7,54,0,4,3,SR-49,SR-219,93,40.47984167,-84.78431111,0,12,6,0,2,2,0,1,1,1,0,1,0,0000000,8,3,8,10,8,36,0,0,0,1,0
39,390661,2,2,0,0,0,5,5,143,0,17,9,2013,3,9,38,1,1,1,I-80,,154,41.39102222,-83.06616111,0,12,7,0,1,1,1,1,1,1,0,1,0,0000000,9,42,9,49,10,37,19,0,0,1,0
39,390662,4,4,0,0,0,7,7,77,630,17,9,2013,3,23,11,1,13,2,US-20,SR-269,1,41.27348333,-82.83815833,0,12,7,0,3,2,0,1,3,1,0,1,0,0000000,23,11,23,11,23,39,0,0,0,1,1
39,390663,2,2,0,0,0,4,4,25,0,18,9,2013,4,19,3,0,15,4,CR-95 NINE MILE TOBASCO RD,,0,39.06447778,-84.29874167,0,12,8,0,1,1,0,1,1,1,0,1,0,0000000,19,5,19,10,19,27,0,0,0,1,1
39,390664,3,1,2,0,0,2,2,51,0,18,9,2013,4,15,11,0,6,4,CR-L,,0,41.6247,-84.2286,0,14,0,0,1,1,0,4,1,1,0,1,0,0000000,15,19,15,36,15,58,0,0,0,1,0
39,390665,1,1,0,0,0,1,1,55,1170,19,9,2013,5,22,29,0,4,3,SR-87,,137,41.46918889,-81.1326,0,33,0,0,1,1,0,4,3,10,0,10,0,0000000,22,29,22,29,23,2,0,0,0,1,0
39,390666,1,1,0,0,0,1,1,147,0,19,9,2013,5,2,30,0,4,3,SR-67,,35,41.03510278,-83.09786944,0,34,0,0,1,1,0,4,2,10,0,10,0,0000000,88,88,88,88,88,88,0,0,0,1,1
39,390667,1,1,0,1,1,2,2,155,5900,20,9,2013,6,19,56,0,14,3,SR-169 N MAIN ST,,40,41.1861,-80.7651,0,9,0,0,8,1,0,4,3,1,0,1,0,0000000,19,57,20,0,20,16,0,0,0,1,0
39,390668,1,1,0,0,0,1,1,49,1800,20,9,2013,6,2,15,1,11,1,I-270,EASTON WAY,329,40.04806944,-82.90198889,0,39,0,1,3,3,0,4,3,1,0,1,0,0000000,2,18,2,25,2,57,0,0,0,1,1
39,390669,1,1,0,0,0,1,1,17,3260,20,9,2013,6,16,15,0,16,6,ALLEY F,,0,39.412025,-84.57078611,0,30,0,0,1,1,0,4,1,10,0,10,0,0000000,16,23,16,25,16,38,0,0,0,1,0
39,390670,1,1,0,0,0,1,1,153,2030,20,9,2013,6,15,53,0,16,6,SAND RUN RD,,0,41.1599,-81.5872,0,32,0,0,8,1,0,5,1,10,0,10,0,0000000,88,88,88,88,88,88,0,0,0,1,0
39,390671,1,1,0,0,0,4,4,17,0,21,9,2013,7,22,19,0,6,5,STAHLHEBER,,0,39.42061389,-84.64534444,0,34,0,0,1,1,0,5,2,1,0,1,0,0000000,22,35,22,42,23,21,0,0,0,2,1
39,390672,1,1,0,0,0,1,1,173,0,21,9,2013,7,14,42,0,6,5,DOWLING RD,,0,41.477975,-83.58209444,0,43,0,0,1,1,0,4,1,1,0,1,0,0000000,14,42,14,46,88,88,0,0,0,1,0
39,390673,1,1,0,0,0,3,3,59,0,21,9,2013,7,23,46,0,4,3,SR-285,,54,40.00012778,-81.45503611,0,34,0,0,1,1,0,4,2,5,0,5,0,0000000,23,57,0,33,1,34,0,0,0,2,1
39,390674,2,2,0,0,0,2,2,97,0,22,9,2013,1,0,17,0,4,3,SR-38,US-40,170,39.93565,-83.45098889,0,12,6,0,2,2,0,1,2,1,0,1,0,0000000,0,16,0,22,88,88,0,0,0,1,1
39,390675,2,2,0,0,0,4,4,61,0,22,9,2013,1,2,3,0,14,6,DELHI RD,,0,39.094625,-84.59185556,0,12,2,0,1,1,0,1,3,1,0,1,0,0000000,2,3,2,8,2,54,0,0,0,1,0
39,390676,1,1,0,0,0,1,1,139,0,21,9,2013,7,21,50,0,6,5,ANDERSON RD,,0,40.65176389,-82.50123611,0,34,0,0,1,1,0,4,2,1,0,1,0,0000000,88,88,88,88,88,88,0,0,0,1,1
39,390677,1,1,0,1,1,1,1,123,0,23,9,2013,2,19,20,0,4,3,SR-163,,58,41.51618333,-83.30033056,0,9,0,0,1,1,0,1,1,1,0,1,0,0000000,19,23,19,30,88,88,0,0,0,1,0
39,390678,1,1,0,1,1,1,1,89,5570,22,9,2013,1,11,31,1,13,3,SR-13  N 4TH ST,,93,40.05411111,-82.40276944,0,8,0,0,1,1,0,1,1,10,0,10,0,0000000,11,31,11,31,11,42,0,0,0,1,0
39,390679,1,1,0,1,1,1,1,49,0,23,9,2013,2,12,2,1,11,1,I-71,,100,39.88586944,-83.04478611,0,8,0,0,1,1,0,1,1,1,0,1,0,0000000,88,88,88,88,88,88,0,0,0,1,0
39,390680,1,1,0,1,1,1,1,49,1800,26,9,2013,5,18,48,0,16,6,E BROAD ST,N HAMPTON RD,0,39.97251389,-82.90951111,0,8,0,0,3,2,0,1,1,1,0,1,0,0000000,18,49,18,53,19,7,0,0,0,1,0
39,390681,1,1,0,0,0,2,2,63,0,24,9,2013,3,14,28,0,6,5,TR-168,,0,40.97218611,-83.64248889,0,10,0,0,6,1,0,1,1,1,0,1,0,513728R,14,41,14,49,15,25,0,0,0,1,0
39,390682,2,2,0,0,0,4,4,87,0,26,9,2013,5,16,50,1,13,2,US-52,CR-15,136,38.46911944,-82.60238889,0,12,6,0,2,3,0,1,1,1,0,1,0,0000000,17,35,17,35,17,44,0,0,0,1,0
39,390683,1,1,0,0,0,1,1,151,1320,26,9,2013,5,19,40,1,13,3,SR-62,,201,40.82585278,-81.36851389,0,34,0,0,1,1,0,4,5,1,0,1,0,0000000,19,42,19,46,20,5,0,0,0,1,0
39,390684,1,1,0,0,0,2,2,17,5010,24,9,2013,3,0,12,0,16,6,SUTPHIN ST,STANLEY AVE,0,39.50547222,-84.38289444,0,33,0,0,3,7,0,5,3,1,0,1,0,0000000,0,21,0,33,0,57,0,0,0,1,1
39,390685,1,1,0,0,0,2,2,29,0,26,9,2013,5,15,10,0,3,3,SR-9 NEWGARDEN RD,,95,40.84232778,-80.90374444,0,42,0,0,1,1,0,4,1,1,0,1,0,0000000,15,11,15,24,15,58,0,0,0,1,0
39,390686,1,1,0,0,0,1,1,61,0,27,9,2013,6,0,52,0,15,6,OLD COLERAIN AVE,,0,39.26628611,-84.60752778,0,42,0,0,1,1,0,4,2,1,0,1,0,0000000,88,88,88,88,88,88,0,0,0,1,1
39,390687,2,2,0,0,0,2,2,165,4810,27,9,2013,6,7,20,0,16,6,WESTERN ROW RD,LEXINGTON PARK BLVD,0,39.33735,-84.31611944,0,12,6,0,2,3,0,1,1,1,0,1,0,0000000,7,33,7,37,7,58,0,0,0,1,0
39,390688,1,1,0,0,0,2,2,25,0,24,9,2013,3,21,5,0,5,3,SR-727,,20,39.20593333,-84.09555833,0,32,0,0,1,1,0,4,2,1,0,1,0,0000000,21,26,21,39,22,18,0,0,0,1,1
39,390689,2,2,0,0,0,2,2,55,3648,24,9,2013,3,18,45,0,3,2,US-322 MAYFIELD RD,CR-37 CLAY ST,168,41.53481111,-81.07145833,0,12,6,0,2,2,0,1,1,1,0,1,0,0000000,18,55,19,6,88,88,0,0,0,1,2
39,390690,1,1,0,0,0,4,4,41,0,27,9,2013,6,20,59,0,6,4,CR-19 VANS VALLEY RD,,0,40.21518889,-82.83179444,0,38,0,0,1,1,0,4,2,1,0,1,0,0000000,21,2,21,7,21,45,0,0,0,1,0
39,390691,1,1,0,1,1,2,2,57,0,28,9,2013,7,12,55,0,15,6,JASPER RD,,0,39.66639167,-83.85293611,0,8,0,0,1,1,0,1,1,1,0,1,0,0000000,13,0,13,10,88,88,0,0,0,1,0
39,390692,1,1,0,0,0,3,3,71,0,28,9,2013,7,12,16,0,4,3,SR-28,,82,39.35526944,-83.53423889,0,42,0,0,1,1,0,4,1,10,0,10,0,0000000,12,16,12,23,88,88,0,0,0,1,0
39,390693,2,2,0,0,0,2,2,105,1539,25,9,2013,4,9,59,1,2,3,SR-7,TR-94 E SHADE RD,185,39.11839444,-81.888475,0,12,8,0,2,3,0,1,1,1,0,1,0,0000000,10,0,10,10,11,15,0,0,0,1,0
39,390694,1,1,0,0,0,1,1,141,0,28,9,2013,7,15,22,0,4,3,SR-28,,15,39.34607778,-83.37663611,0,42,0,0,1,1,0,4,1,1,0,1,0,0000000,88,88,88,88,88,88,0,0,0,1,0
39,390695,2,2,0,0,0,2,2,23,3325,29,9,2013,1,3,9,1,1,1,I-70,,216,39.92903056,-83.6819,0,12,6,0,1,1,0,1,2,1,0,1,0,0000000,88,88,88,88,88,88,0,0,0,2,1
39,390696,1,1,0,0,0,1,1,129,0,29,9,2013,1,4,51,0,6,6,LOCKBOURNE EASTERN RD,,0,39.68327778,-82.94626389,0,59,0,0,1,1,0,4,2,1,0,1,0,0000000,88,88,88,88,88,88,0,0,0,1,1
39,390697,4,4,0,0,0,7,7,49,1800,23,9,2013,2,13,30,0,13,6,N HAMILTON RD,E LIVINGSTON AVE,0,39.94478056,-82.87783056,0,12,1,0,3,2,0,1,1,1,0,1,0,0000000,13,33,13,35,14,4,0,0,0,1,0
39,390698,2,2,0,0,0,3,3,157,0,25,9,2013,4,20,32,0,3,3,SR-39,,250,40.49153333,-81.27407778,0,12,6,0,1,1,0,1,2,10,0,10,0,0000000,20,36,20,39,21,43,0,0,0,1,1
39,390699,1,1,0,0,0,2,2,163,0,29,9,2013,1,22,21,1,13,3,SR-93,,14,39.09764167,-82.52648611,0,42,0,0,1,1,0,4,2,1,0,1,0,0000000,22,23,22,53,23,27,0,0,0,1,1
39,390700,3,3,0,0,0,4,4,61,1610,29,9,2013,1,5,11,1,11,1,I-75,,53,39.15973333,-84.52586944,0,12,1,0,1,1,2,1,3,10,0,10,0,0000000,5,12,5,18,99,99,19,0,0,1,0
39,390701,1,1,0,0,0,3,3,61,1610,30,9,2013,2,23,54,0,15,6,KIRBY AVE,,0,39.17757222,-84.55270833,0,42,0,0,1,1,0,4,3,1,0,1,0,0000000,88,88,88,88,88,88,0,0,0,2,1
39,390702,1,1,0,0,0,1,1,101,0,30,9,2013,2,6,10,0,4,3,SR-37,,7,40.69057222,-83.39129167,0,1,0,0,1,1,0,1,2,10,0,10,0,0000000,6,16,6,32,8,16,0,0,0,1,0
39,390703,2,2,0,0,0,4,4,141,0,30,9,2013,2,15,2,0,4,3,SR-207,,40,39.40954167,-83.02683889,0,12,2,0,1,1,0,1,1,1,0,1,0,0000000,15,10,15,22,15,45,0,0,0,1,1
39,390704,3,1,2,1,2,2,3,31,1920,17,9,2013,3,14,54,0,16,6,WHITEWOMAN ST,HILL ST,0,40.27910278,-81.87634444,0,14,0,0,3,3,0,7,1,1,0,1,0,0000000,14,56,15,1,15,19,0,0,0,1,0
39,390706,1,1,0,1,1,3,3,145,6700,1,10,2013,3,22,34,0,6,6,KENDALL AVE,,0,38.74132222,-82.96900833,0,8,0,0,1,1,0,1,3,1,0,1,0,0000000,99,99,99,99,99,99,0,0,0,1,0
39,390707,1,1,0,1,1,1,1,77,8980,1,10,2013,3,11,31,1,13,2,US-224,S MYRTLE AVE,54,41.04263889,-82.72577778,0,9,0,0,2,2,0,1,1,1,0,1,0,0000000,11,50,11,57,12,18,0,0,0,1,0
39,390708,3,3,0,0,0,3,3,95,7980,1,10,2013,3,13,12,1,13,2,US-20 CENTRAL AVE,HERR RD,63,41.67358056,-83.756325,0,12,1,0,2,3,0,1,1,1,0,1,0,0000000,13,12,13,12,13,44,0,0,0,1,0
39,390709,1,1,0,1,1,1,1,151,1320,1,10,2013,3,16,4,0,5,6,DUEBER AVE SW,NAVARRE RD SW,0,40.78653611,-81.39449167,0,8,0,0,2,2,0,1,1,10,0,10,1,0000000,16,4,16,4,16,15,0,0,0,1,0
39,390710,2,2,0,0,0,2,2,161,0,1,10,2013,3,7,45,0,3,2,US-127,SR-81,10,40.74240833,-84.58101667,0,12,6,0,2,2,0,1,1,5,0,5,0,0000000,88,88,88,88,88,88,0,0,0,1,0
39,390711,2,2,0,0,0,2,2,169,0,2,10,2013,4,6,30,0,4,3,SR-94,,14,40.72735,-81.70606389,0,12,6,0,1,1,0,1,2,10,0,10,0,0000000,6,30,6,38,7,33,0,0,0,1,0
39,390712,1,1,0,0,0,1,1,169,240,2,10,2013,4,2,45,1,2,2,US-250,,184,40.75505278,-81.84368333,0,1,0,0,1,1,0,4,2,1,0,1,0,0000000,88,88,88,88,88,88,0,0,0,1,1
39,390713,1,1,0,0,0,1,1,7,190,3,10,2013,5,21,2,0,4,4,CR-274,TR-270,0,41.59268611,-80.541725,0,59,0,0,3,3,0,4,2,5,0,5,0,0000000,21,4,99,99,88,88,0,0,0,1,0
39,390714,2,2,0,0,0,2,2,151,4820,4,10,2013,6,10,7,0,15,6,TREMONT AVE SE,1ST STREET SE,0,40.79493611,-81.52097778,0,12,6,0,2,2,0,1,1,1,0,1,0,0000000,10,7,10,8,10,24,0,0,0,1,0
39,390715,3,3,0,0,0,10,10,59,0,4,10,2013,6,13,58,1,1,1,I-77,,217,40.19495833,-81.55721944,0,24,0,0,1,1,0,4,1,2,0,2,0,0000000,14,4,14,18,14,58,0,0,0,2,0
39,390716,1,1,0,0,0,1,1,157,0,5,10,2013,7,16,50,0,6,4,CR-98 CHERRY RUN RD,,0,40.58025833,-81.56409444,0,32,0,0,1,1,0,4,1,10,0,10,0,0000000,88,88,88,88,88,88,0,0,0,1,1
39,390717,1,1,0,1,1,1,1,113,0,5,10,2013,7,22,44,0,14,6,ALEX BELL RD,,0,39.67333333,-84.22166667,0,8,0,0,1,1,0,1,2,2,0,2,0,0000000,22,44,22,44,88,88,0,0,0,1,0
39,390718,2,2,0,0,0,4,4,51,0,6,10,2013,1,20,3,0,6,4,CR-M,,0,41.64356389,-83.88888611,0,12,6,0,8,1,0,1,2,2,0,2,0,0000000,20,3,20,26,88,88,0,0,0,1,1
39,390719,2,2,0,0,0,3,3,169,0,6,10,2013,1,13,55,1,2,2,US-250 DOVER RD,,213,40.72899444,-81.79756667,0,12,8,0,1,1,0,1,1,10,0,10,0,0000000,13,57,14,2,14,53,0,0,0,2,0
39,390721,1,1,0,0,0,1,1,85,6322,9,10,2013,4,10,10,0,14,3,SR-535,,30,41.7547,-81.23445278,0,30,0,0,1,1,0,4,1,1,0,1,0,0000000,10,13,10,14,88,88,0,0,0,1,0
39,390722,1,1,0,1,1,1,1,151,0,9,10,2013,4,8,39,0,16,5,TR-371,LUTZ AVE,0,40.8729,-81.5192,0,9,0,0,2,3,0,1,1,1,0,1,0,0000000,8,40,8,46,9,0,0,0,0,1,0
39,390723,1,1,0,0,0,1,1,85,9011,9,10,2013,4,22,3,0,15,6,WHITE RD,,0,41.57278333,-81.47323333,0,59,0,0,1,1,0,4,2,1,0,1,0,0000000,88,88,88,88,88,88,0,0,0,1,0
39,390724,1,1,0,0,0,1,1,79,0,9,10,2013,4,22,22,1,13,3,SR-32,,98,39.02848056,-82.64250278,0,1,0,0,1,1,0,3,2,1,0,1,0,0000000,88,88,88,88,88,88,0,0,0,1,1
39,390725,2,2,0,0,0,2,2,55,0,10,10,2013,5,16,0,0,6,4,CR-23 BASS LAKE ROAD,,0,41.52481389,-81.21636667,0,12,6,0,8,1,0,1,1,1,0,1,0,0000000,16,4,16,8,16,25,0,0,0,1,0
39,390726,1,1,0,0,0,1,1,117,0,10,10,2013,5,19,16,0,6,4,CR-121,,0,40.50347778,-82.68440278,0,42,0,0,1,1,0,4,5,1,0,1,0,0000000,19,35,19,59,20,19,0,0,0,1,1
39,390727,1,1,0,0,0,1,1,77,8490,11,10,2013,6,13,34,0,4,3,SR-303,,20,41.23921111,-82.37381111,0,52,0,0,1,1,0,4,1,1,0,1,0,0000000,13,37,13,56,15,9,0,0,0,1,0
39,390728,2,2,0,0,0,2,2,13,0,11,10,2013,6,12,19,1,1,1,I-470,,24,40.05101389,-80.80780556,0,12,7,0,1,1,0,1,1,10,0,10,0,0000000,12,19,12,27,12,49,0,0,0,1,0
39,390729,2,2,0,0,0,2,2,133,7906,11,10,2013,6,6,55,1,2,3,SR-43,,41,41.04782222,-81.34721667,0,12,6,0,8,1,0,1,2,1,0,1,0,0000000,7,0,7,6,88,88,0,0,0,1,0
39,390730,1,1,0,0,0,1,1,149,0,9,6,2013,1,5,53,0,6,4,CR-131 LINDSEY RD,LITTLE TURTLE WAY,0,40.24948889,-84.22546944,0,1,0,0,2,3,0,1,4,1,0,1,0,0000000,6,1,6,31,7,23,0,0,0,1,1
39,390731,1,1,0,0,0,1,1,131,0,29,6,2013,7,22,57,0,6,4,CR-34 NIPGEN RD,CLINES CHAPEL RD,0,39.17845833,-83.08972222,0,38,0,0,3,3,0,5,2,10,0,10,0,0000000,23,22,23,46,0,32,0,0,0,1,0
39,390732,1,1,0,1,1,1,1,153,2030,11,10,2013,6,17,53,0,14,6,BAILEY RD,NORTH MORELAND BLVD,0,41.13251111,-81.46582778,0,8,0,0,2,3,0,1,1,1,0,1,0,0000000,17,54,17,56,18,19,0,0,0,1,0
39,390733,2,2,0,0,0,2,2,23,5273,11,10,2013,6,15,50,0,16,6,BOSART RD,,0,39.99106944,-83.75360556,0,12,6,0,8,1,0,1,1,1,0,1,0,0000000,15,54,15,56,16,35,0,0,0,1,0
39,390734,2,2,0,0,0,2,2,153,3630,12,10,2013,7,23,34,0,14,3,SR-303 STREETSBORO ST,ST. REGIS BLVD,155,41.23975,-81.39446667,0,12,6,0,2,3,0,1,3,1,0,1,0,0000000,23,36,23,40,0,19,0,0,0,1,1
39,390735,2,2,0,0,0,6,6,37,0,12,10,2013,7,12,21,0,5,3,SR-705,RHYNARD FINK RD,42,40.33711111,-84.65978611,0,12,6,0,2,2,0,1,1,1,0,1,0,0000000,12,23,12,34,99,99,0,0,0,1,0
39,390736,2,2,0,0,0,3,3,123,0,13,10,2013,1,18,14,0,4,3,SR-19,DUFF WASHA RD,92,41.59201111,-83.14498611,0,12,6,0,2,2,0,1,1,1,0,1,0,0000000,18,16,18,32,18,58,0,0,0,1,1
39,390737,2,2,0,0,0,3,3,113,2090,13,10,2013,1,16,47,0,16,6,GENEVA RD,SYLVAN DR,0,39.7555,-84.2606,0,12,6,0,2,2,0,1,1,1,0,1,0,0000000,16,47,16,51,17,29,0,0,0,1,0
39,390738,1,1,0,0,0,3,3,93,0,13,10,2013,1,16,49,0,5,4,CR-59 COWLEY RD,,0,41.30364722,-81.98161389,0,30,0,0,1,1,1,4,1,1,0,1,0,0000000,16,49,17,2,17,51,0,0,0,2,1
39,390739,1,1,0,0,0,1,1,173,0,13,10,2013,1,15,18,9,4,3,SR-65,,40,41.46435833,-83.74453056,0,1,0,0,1,1,0,1,1,1,0,1,0,0000000,15,20,15,27,99,99,0,0,0,1,0
39,390740,1,1,0,0,0,1,1,129,0,11,7,2013,5,19,24,1,1,1,I-71,,17,39.79888889,-83.21776111,0,24,0,0,1,1,0,3,1,1,0,1,0,0000000,19,34,19,59,20,21,0,0,0,1,0
39,390741,2,2,0,0,0,2,2,49,1800,30,7,2013,3,11,10,0,16,6,E BROAD ST,CEDAR CLIFF,0,39.98673056,-82.78238889,0,12,1,0,3,2,0,1,1,1,0,1,0,0000000,11,14,11,20,12,0,0,0,0,1,0
39,390742,3,3,0,0,0,5,5,65,7124,14,8,2013,4,15,25,0,4,3,SR-117,,42,40.56481111,-83.84269167,0,12,8,0,1,1,0,1,1,10,0,10,0,0000000,15,27,15,37,16,29,0,0,0,1,0
39,390743,1,1,0,0,0,1,1,135,0,24,8,2013,7,16,21,0,4,3,SR-503,,185,39.82231944,-84.53803889,0,1,0,0,1,1,0,4,1,1,0,1,0,0000000,16,21,16,26,88,88,0,0,0,1,1