STATE,ST_CASE,VE_TOTAL,VE_FORMS,PVH_INVL,PEDS,PERNOTMVIT,PERMVIT,PERSONS,COUNTY,CITY,DAY,MONTH,YEAR,DAY_WEEK,HOUR,MINUTE,NHS,ROAD_FNC,ROUTE,TWAY_ID,TWAY_ID2,MILEPT,LATITUDE,LONGITUD,SP_JUR,HARM_EV,MAN_COLL,RELJCT1,RELJCT2,TYP_INT,WRK_ZONE,REL_ROAD,LGT_COND,WEATHER1,WEATHER2,WEATHER,SCH_BUS,RAIL,NOT_HOUR,NOT_MIN,ARR_HOUR,ARR_MIN,HOSP_HR,HOSP_MN,CF1,CF2,CF3,FATALS,DRUNK_DR
39,390744,2,2,0,0,0,3,3,49,0,13,10,2013,1,20,27,1,13,2,US-23,SR-317,21,39.83201111,-83.00025278,0,12,6,0,2,2,0,1,3,1,0,1,0,0000000,20,43,20,50,21,11,0,0,0,1,0
39,390745,2,2,0,0,0,2,2,49,0,13,10,2013,1,19,38,1,11,1,I-270,,241,40.11165556,-83.01106389,0,12,1,0,1,1,0,1,2,10,0,10,0,0000000,19,44,19,53,20,16,0,0,0,1,0
39,390747,1,1,0,0,0,1,1,95,8120,16,10,2013,4,16,40,1,11,1,I-75,,19,41.6451,-83.54729167,0,20,0,0,1,1,0,8,1,1,0,1,0,0000000,99,99,99,99,99,99,0,0,0,1,0
39,390748,1,1,0,0,0,2,2,155,0,16,10,2013,4,20,55,0,6,4,CR-134,,0,41.26056667,-80.92274722,0,42,0,0,1,1,0,4,2,1,0,1,0,0000000,21,0,21,4,22,54,0,0,0,1,1
39,390749,1,1,0,0,0,1,1,37,0,16,10,2013,4,15,30,0,4,3,SR-121,,74,39.98025,-84.684,0,34,0,0,1,1,0,4,1,1,0,1,0,0000000,15,31,15,35,88,88,0,0,0,1,0
39,390751,2,2,0,0,0,2,2,49,0,17,10,2013,5,22,46,1,12,2,US-33,BIXBY RD,279,39.87088056,-82.85561111,0,12,6,0,2,2,0,1,2,1,0,1,0,0000000,88,88,88,88,88,88,0,0,0,1,0
39,390752,4,4,0,0,0,5,5,95,0,17,10,2013,5,14,51,1,11,1,I-475,,48,41.61746389,-83.69163333,0,12,6,1,18,1,0,1,1,2,0,2,0,0000000,14,52,15,0,15,23,0,0,0,1,1
39,390753,1,1,0,0,0,1,1,11,0,17,10,2013,5,13,2,1,11,1,I-75,,54,40.56155,-84.17024444,0,50,0,0,1,1,0,1,1,10,0,10,0,0000000,88,88,88,88,88,88,0,0,0,1,0
39,390754,3,3,0,0,0,3,3,25,0,17,10,2013,5,6,55,9,99,3,SR-31,,99999,39.17829722,-84.03491111,0,12,1,0,1,1,0,1,2,10,0,10,0,0000000,88,88,88,88,88,88,0,0,0,1,0
39,390755,1,1,0,0,0,1,1,121,7440,4,8,2013,1,16,12,0,3,3,SR-78,,51,39.73609444,-81.56246389,0,32,0,0,1,1,0,4,1,1,0,1,0,0000000,16,12,16,19,16,59,0,0,0,1,0
39,390756,1,1,0,0,0,1,1,121,0,10,8,2013,7,12,56,0,5,3,SR-564,,51,39.68222222,-81.40472222,0,1,0,0,1,1,0,2,1,1,0,1,0,0000000,88,88,88,88,88,88,0,0,0,1,0
39,390757,1,1,0,0,0,2,2,61,0,18,10,2013,6,12,30,0,99,4,CR-457 HARRISON AVE,,0,39.18883056,-84.65519722,0,33,0,0,1,1,0,4,1,1,0,1,0,0000000,12,52,12,56,13,27,0,0,0,1,1
39,390758,1,1,0,0,0,3,3,89,3815,18,10,2013,6,17,54,1,2,3,SR-161,,29,40.08073889,-82.70856944,0,34,0,0,1,1,0,3,1,1,0,1,0,0000000,17,54,17,59,18,20,0,0,0,1,0
39,390759,1,1,0,0,0,1,1,47,0,18,10,2013,6,19,53,9,99,2,US-22,,99999,39.51721389,-83.52149722,0,34,0,0,1,1,0,5,2,1,0,1,0,0000000,88,88,88,88,88,88,0,0,0,1,1
39,390760,2,2,0,0,0,7,7,49,0,18,10,2013,6,1,35,0,16,6,RIVERSIDE DR,FISHINGER RD,0,40.03001667,-83.09198889,0,12,6,0,2,2,0,1,3,1,0,1,0,0000000,5,36,5,42,88,88,0,0,0,6,0
39,390761,2,1,1,0,3,1,4,103,0,18,10,2013,6,16,30,1,1,1,I-71,,27,41.00248056,-81.96354167,0,14,0,0,1,1,0,2,1,1,0,1,0,0000000,16,37,16,50,17,18,0,0,0,1,0
39,390762,2,2,0,0,0,5,5,173,0,19,10,2013,7,10,24,1,1,1,I-80,,89,41.52507778,-83.45748056,0,43,0,1,5,1,0,3,1,2,0,2,0,0000000,10,28,10,42,11,12,0,0,0,1,0
39,390763,1,1,0,0,0,1,1,167,4730,19,10,2013,7,6,54,1,11,1,I-77,,13,39.42226667,-81.42688611,0,1,0,0,1,1,0,3,2,5,0,5,0,0000000,88,88,88,88,88,88,0,0,0,1,0
39,390764,1,1,0,0,0,1,1,135,2390,19,10,2013,7,20,40,0,3,2,US-35,,97,39.76031667,-84.66541111,0,34,0,0,1,1,0,4,3,10,0,10,0,0000000,20,41,20,45,21,40,0,0,0,1,1
39,390765,1,1,0,0,0,1,1,155,3620,19,10,2013,7,11,20,9,99,3,SR-7,,99999,41.20143889,-80.56813056,0,34,0,0,1,1,0,4,1,10,0,10,0,0000000,99,99,99,99,99,99,0,0,0,1,0
39,390766,1,1,0,0,0,2,2,113,3622,23,8,2013,6,14,22,0,16,6,SUMMERDALE DR,,0,39.86375833,-84.10798333,0,5,0,0,1,1,0,1,1,1,0,1,0,0000000,14,23,14,28,14,56,0,0,0,1,0
39,390768,3,3,0,0,0,5,5,49,8940,13,2,2013,4,11,52,1,13,3,SR-317 HAMILTON RD,POTH RD,155,39.98098889,-82.87233889,0,12,6,0,2,2,0,1,1,10,0,10,0,0000000,11,52,11,57,12,18,0,0,0,1,0
39,390769,1,1,0,0,0,1,1,165,7790,10,5,2013,6,11,32,0,16,6,E CENTRAL AVE,N MAIN ST,0,39.55688333,-84.23296111,0,1,0,0,2,2,0,1,1,10,0,10,0,0000000,11,33,11,36,11,58,0,0,0,1,0
39,390770,2,2,0,0,0,7,7,33,0,19,10,2013,7,15,46,0,4,4,CR-330 LINCOLN HWY,SR-598,0,40.80679167,-82.78743056,0,12,6,0,2,2,0,1,1,10,0,10,0,0000000,15,49,15,57,16,23,0,0,0,1,0
39,390771,2,2,0,0,0,3,3,113,8180,19,10,2013,7,1,39,0,5,6,LITTLE RICHMOND RD,GUENTHER RD,0,39.776025,-84.26721944,0,12,6,0,2,3,0,1,3,10,0,10,0,0000000,1,42,1,46,2,6,0,0,0,1,1
39,390772,1,1,0,0,0,1,1,19,0,19,10,2013,7,22,43,0,4,3,SR-171,,14,40.64612222,-81.23038889,0,42,0,0,1,1,0,4,2,1,0,1,0,0000000,22,49,23,0,88,88,0,0,0,1,0
39,390773,2,2,0,0,0,3,3,33,0,20,10,2013,1,12,49,0,5,3,SR-39,SR-598,58,40.88539444,-82.75751111,0,12,6,0,2,2,0,1,1,10,0,10,0,0000000,88,88,88,88,88,88,0,0,0,2,0
39,390774,2,2,0,0,0,2,2,157,0,20,10,2013,1,15,5,1,13,2,US-250,,224,40.40598333,-81.34919167,0,12,1,0,1,1,0,1,1,1,0,1,0,0000000,15,5,15,10,15,25,0,0,0,1,0
39,390776,2,2,0,0,0,2,2,63,0,21,10,2013,2,5,31,0,5,4,CR-330,CR-216,0,41.10793333,-83.47853056,0,12,6,0,2,2,0,1,2,1,0,1,0,0000000,5,37,5,50,88,88,0,0,0,1,0
39,390777,1,1,0,0,0,1,1,35,8770,22,10,2013,3,6,4,0,14,2,US-20 CENTER RIDGE RD,,51,41.45804444,-81.89122222,0,42,0,0,1,1,0,4,3,1,0,1,0,0000000,6,5,6,11,6,33,0,0,0,1,0
39,390778,1,1,0,1,1,2,2,43,0,22,10,2013,3,19,18,0,4,4,CR-10,,0,41.39620833,-82.68810833,0,8,0,0,8,1,0,1,3,1,0,1,0,0000000,19,18,19,23,19,42,0,0,0,1,0
39,390779,1,1,0,0,0,1,1,21,8300,23,10,2013,4,8,6,0,5,4,CR-95 MIDDLE URBANA RD,,0,40.04724444,-83.75750833,0,34,0,0,1,1,0,4,4,4,0,4,0,0000000,8,8,8,18,88,88,0,0,0,1,0
39,390780,2,2,0,0,0,4,4,11,7240,24,10,2013,5,17,1,0,4,3,SR-219,SR-364,10,40.49495556,-84.43453333,0,12,6,0,2,2,0,1,1,1,0,1,0,0000000,17,6,17,17,17,44,0,0,0,2,0
39,390781,1,1,0,1,1,1,1,35,1680,24,10,2013,5,20,40,0,14,3,SR-10 LORAIN AVE,MARGINAL RD,133,41.28100833,-81.44468611,0,8,0,0,2,2,0,1,3,2,0,2,0,0000000,20,40,20,45,21,3,0,0,0,1,0
39,390782,2,2,0,0,0,7,7,165,0,24,10,2013,5,18,27,0,3,3,SR-63,,28,39.43855,-84.30833611,0,12,8,0,1,1,0,1,5,10,0,10,0,0000000,22,27,22,47,23,28,0,0,0,1,0
39,390783,1,1,0,0,0,1,1,157,0,24,10,2013,5,3,27,1,1,1,I-77,,174,40.45075,-81.50630556,0,34,0,0,1,1,0,4,2,10,0,10,0,0000000,5,7,5,7,5,11,0,0,0,1,0
39,390784,2,2,0,0,0,2,2,49,1800,25,10,2013,6,15,13,1,11,1,I-70,,112,39.95688889,-83.04471944,0,12,7,0,1,1,0,1,1,10,0,10,0,0000000,88,88,88,88,88,88,0,0,0,1,0
39,390785,1,1,0,1,1,1,1,35,1680,25,10,2013,6,7,17,0,14,6,DENISON AVE,,0,41.45072778,-81.70881111,0,8,0,0,1,1,0,1,3,10,0,10,0,0000000,88,88,88,88,88,88,0,0,0,1,0
39,390786,1,1,0,1,1,2,2,51,0,25,10,2013,6,19,39,0,5,4,CR-24,,0,41.55956667,-84.32606111,0,8,0,0,1,1,0,1,2,1,0,1,0,0000000,19,42,19,50,88,88,0,0,0,1,0
39,390787,2,2,0,0,0,3,3,153,70,25,10,2013,6,11,38,0,15,6,WATERLOO RD,,0,41.02886111,-81.52432222,0,12,6,0,1,1,0,1,1,1,0,1,0,0000000,11,39,11,44,12,4,0,0,0,1,0
39,390788,1,1,0,0,0,1,1,7,5715,25,10,2013,6,12,37,0,4,3,SR-46,,56,41.57903889,-80.77531944,0,34,0,0,1,1,0,4,1,10,0,10,0,0000000,12,45,12,56,88,88,0,0,0,1,0
39,390789,1,1,0,0,0,1,1,23,7800,25,10,2013,6,8,40,0,16,6,FAIRFIELD PIKE,,0,39.87912222,-83.86264722,0,42,0,0,1,1,0,4,1,1,0,1,0,0000000,88,88,88,88,88,88,0,0,0,1,0
39,390790,1,1,0,0,0,2,2,107,0,25,10,2013,6,16,3,1,2,2,US-33,,133,40.62948889,-84.53581944,0,1,0,0,1,1,0,4,1,1,0,1,0,0000000,16,18,16,18,88,88,0,0,0,1,0
39,390791,2,2,0,0,0,2,2,95,8120,26,10,2013,7,17,55,0,15,6,S DETROIT AVE,,0,41.6218,-83.5977,0,12,8,0,1,1,0,1,1,10,0,10,0,0000000,99,99,99,99,99,99,0,0,0,1,0
39,390793,3,3,0,0,0,7,7,75,0,26,10,2013,7,12,15,0,3,3,SR-83,,108,40.57815,-81.91881944,0,12,8,0,1,1,0,1,1,10,0,10,0,0000000,12,24,12,30,12,53,0,0,0,1,0
39,390794,1,1,0,0,0,1,1,129,0,28,10,2013,2,15,20,0,4,3,SR-104,,5,39.51727222,-83.01625,0,34,0,0,1,1,0,4,1,1,0,1,0,0000000,88,88,88,88,88,88,0,0,0,1,0
39,390795,2,2,0,0,0,2,2,151,0,26,10,2013,7,21,55,1,13,3,SR-43,,219,40.92065833,-81.34505833,0,12,6,0,1,1,0,1,2,10,0,10,0,0000000,21,57,22,6,22,34,0,0,0,1,1
39,390796,2,2,0,0,0,3,3,49,0,28,10,2013,2,9,56,1,13,3,SR-3,ALBERT AVE,206,40.03035,-82.95763056,0,12,6,0,2,3,0,1,1,1,0,1,0,0000000,10,0,10,8,10,22,0,0,0,2,0
39,390797,2,2,0,0,0,2,2,165,4810,26,10,2013,7,2,17,0,14,3,SR-741,,24,39.37484167,-84.29027222,0,12,2,0,1,1,0,1,3,1,0,1,0,0000000,2,17,2,23,2,53,0,0,0,1,1
39,390798,1,1,0,0,0,2,2,161,0,29,10,2013,3,7,33,0,4,3,SR-118,,46,40.79384167,-84.61561389,0,11,0,0,1,1,0,1,4,1,0,1,0,0000000,7,35,7,40,99,99,0,0,0,1,0
39,390799,1,1,0,0,0,2,2,49,0,29,10,2013,3,0,22,0,14,6,FISHER RD,,0,39.96844722,-83.08878333,0,53,0,0,1,1,0,5,2,1,0,1,0,0000000,0,23,0,29,88,88,0,0,0,1,1
39,390800,1,1,0,0,0,1,1,87,0,30,10,2013,4,21,13,0,4,3,SR-775,,58,38.50194722,-82.39358056,0,42,0,0,1,1,0,4,2,10,0,10,0,0000000,21,13,21,23,21,47,0,0,0,1,1
39,390801,2,2,0,0,0,2,2,95,7980,28,10,2013,2,16,35,0,16,6,MCCORD RD,,0,41.689625,-83.70346944,0,12,8,0,4,1,0,1,1,10,0,10,0,0000000,16,35,16,35,16,54,0,0,0,1,0
39,390802,2,2,0,0,0,3,3,101,0,30,10,2013,4,11,0,0,4,3,SR-95,SR-203,98,40.58600833,-83.21735833,0,12,6,0,2,2,0,1,1,1,0,1,0,0000000,11,1,11,10,11,58,0,0,0,1,0
39,390803,1,1,0,0,0,1,1,3,0,30,10,2013,4,7,25,0,14,6,RESERVOIR RD,,0,40.74558611,-84.00600278,0,53,0,0,1,1,0,4,4,1,0,1,0,0000000,7,26,7,30,88,88,0,0,0,1,0
39,390804,1,1,0,0,0,1,1,61,0,31,10,2013,5,4,40,0,4,6,LAWRENCEBURG RD,,0,39.16773056,-84.80178889,0,30,0,0,1,1,0,4,2,10,0,10,0,0000000,4,49,4,58,5,37,0,0,0,1,0
39,390805,1,1,0,1,1,1,1,49,1800,31,10,2013,5,22,24,0,13,6,MORSE RD,CLEVELAND AVE,0,40.05953889,-82.95303056,0,8,0,0,3,2,0,1,3,2,0,2,0,0000000,22,25,22,31,88,88,0,0,0,1,0
39,390806,2,1,1,0,0,1,1,125,0,29,10,2013,3,0,50,1,2,2,US-24,,32,41.16826944,-84.74623056,0,14,0,0,1,1,0,2,2,1,0,1,0,0000000,0,52,1,6,88,88,0,0,0,1,0
39,390808,1,1,0,0,0,1,1,153,70,11,10,2013,6,2,17,0,16,6,LAFOLLETTE ST,COVENTRY ST,99999,41.05894167,-81.50449722,0,43,0,0,3,3,0,5,3,10,0,10,0,0000000,2,18,2,24,2,46,0,0,0,1,1
39,390809,1,1,0,0,0,9,9,49,0,2,11,2013,7,21,12,1,11,1,I-270,SR-161,304,40.081825,-82.90841944,0,25,0,1,5,1,0,4,3,10,0,10,0,0000000,21,14,21,21,21,47,0,0,0,1,0
39,390810,1,1,0,1,1,1,1,17,7099,2,11,2013,7,20,59,1,2,2,US-27,,32,39.35661667,-84.64211389,0,8,0,0,1,1,0,1,2,10,0,10,0,0000000,21,16,21,23,21,58,0,0,0,1,0
39,390811,1,1,0,0,0,2,2,13,0,2,11,2013,7,7,40,0,4,3,SR-149,,223,40.04136944,-81.04426111,0,34,0,0,1,1,0,4,2,10,0,10,0,0000000,7,46,7,49,8,21,0,0,0,1,1
39,390812,2,2,0,0,0,3,3,35,1680,3,11,2013,1,14,0,0,14,6,W 105TH STREET,FIDELITY AVE,0,41.46129444,-81.75877778,0,12,6,0,2,2,0,1,1,10,0,10,0,0000000,88,88,88,88,88,88,0,0,0,1,0
39,390813,1,1,0,0,0,2,2,163,0,5,11,2013,3,23,48,0,5,3,SR-683,,48,39.22631667,-82.56621111,0,53,0,0,1,1,0,4,2,1,0,1,0,0000000,23,54,0,1,0,16,0,0,0,1,1
39,390814,1,1,0,0,0,1,1,115,0,8,9,2013,1,14,1,0,5,3,SR-555,,167,39.56897778,-81.97251389,0,35,0,0,1,1,0,4,1,1,0,1,0,0000000,14,5,14,20,14,40,0,0,0,1,0
39,390815,1,1,0,1,1,1,1,99,9230,29,10,2013,3,14,35,0,16,6,GLENWOOD AVE,,0,41.08305556,-80.675,0,8,0,0,1,1,0,4,1,1,0,1,0,0000000,88,88,88,88,88,88,0,0,0,1,0
39,390816,1,1,0,1,1,1,1,35,2520,31,10,2013,5,19,32,0,15,6,LAKESHORE BLVD,,0,41.61631944,-81.51385556,0,8,0,0,1,1,0,1,3,2,0,2,0,0000000,19,33,19,36,19,44,0,0,0,1,0
39,390817,1,1,0,0,0,2,2,9,0,2,11,2013,7,1,15,1,2,2,US-50,,198,39.31975278,-81.98970833,0,5,0,0,1,1,0,1,2,1,0,1,0,0000000,1,32,99,99,3,14,0,0,0,1,1
39,390818,1,1,0,0,0,1,1,1,0,5,11,2013,3,21,4,0,6,4,CR-1P BEASLEY FORK RD,,0,38.73951389,-83.47205278,0,35,0,0,1,1,0,4,2,1,0,1,0,0000000,21,4,21,13,88,88,0,0,0,1,1
39,390819,3,3,0,0,0,4,4,139,0,6,11,2013,4,18,5,1,13,2,US-42,,166,40.80437778,-82.42786389,0,12,8,0,1,1,0,1,2,2,0,2,0,0000000,18,10,18,15,18,35,0,0,0,1,1
39,390820,1,1,0,0,0,1,1,151,0,8,11,2013,6,9,59,1,13,3,SR-93,,204,40.91524722,-81.561625,0,35,0,0,1,1,0,5,1,1,0,1,0,0000000,88,88,88,88,88,88,0,0,0,1,0
39,390821,1,1,0,0,0,1,1,77,0,5,12,2013,5,8,1,0,4,3,SR-99,,170,41.28206389,-82.72229167,0,34,0,0,1,1,0,4,1,10,0,10,0,0000000,88,88,88,88,88,88,0,0,0,1,0
39,390822,1,1,0,0,0,2,2,73,0,5,12,2013,5,1,46,0,4,3,SR-278,,58,39.47547778,-82.24008889,0,35,0,0,1,1,0,4,2,10,0,10,0,0000000,88,88,88,88,88,88,0,0,0,1,0
39,390823,1,1,0,0,0,1,1,129,0,5,12,2013,5,6,11,0,6,5,NORTHRIDGE RD,WINCHESTER RD,0,39.63806111,-82.89997778,0,34,0,0,1,1,0,5,2,10,0,10,0,0000000,88,88,88,88,88,88,0,0,0,1,0
39,390824,2,2,0,0,0,1,1,149,0,5,11,2013,3,18,12,0,6,4,CR-27 FORT LORAMIE SWANDERS RD,,0,40.35905833,-84.27456389,0,12,2,0,1,1,0,1,5,10,0,10,0,0000000,88,88,88,88,88,88,0,0,0,1,0
39,390825,1,1,0,0,0,1,1,51,0,1,12,2013,1,23,30,0,3,3,SR-108,,9,41.49786389,-84.13491667,0,24,0,0,1,1,0,4,2,1,0,1,0,0000000,7,14,7,20,88,88,0,0,0,1,0
39,390826,1,1,0,0,0,1,1,87,0,2,12,2013,2,2,9,0,4,3,SR-775,,72,38.52458889,-82.39180556,0,35,0,0,1,1,0,4,2,10,0,10,0,0000000,88,88,88,88,88,88,0,0,0,1,0
39,390827,1,1,0,0,0,1,1,17,0,8,11,2013,6,1,10,0,15,4,CR-18 PRINCETON RD,,0,39.387825,-84.44429444,0,34,0,0,1,1,0,4,2,10,0,10,0,0000000,88,88,88,88,88,88,20,0,0,1,1
39,390828,1,1,0,0,0,1,1,35,1680,2,12,2013,2,6,0,0,14,2,US-6,,65,41.48889167,-81.72039722,0,25,0,0,1,1,0,1,3,10,0,10,0,0000000,6,6,6,13,6,36,0,0,0,1,1
39,390829,1,1,0,0,0,1,1,51,0,3,12,2013,3,22,5,0,6,4,CR-B,,0,41.49621944,-84.23436111,0,42,0,0,1,1,0,5,2,10,0,10,0,0000000,88,88,88,88,88,88,0,0,0,1,0
39,390830,2,2,0,0,0,2,2,133,380,6,11,2013,4,8,18,1,13,3,SR-43 N AURORA RD,,248,41.33346111,-81.36320556,0,12,2,0,1,1,0,1,1,10,0,10,0,0000000,8,27,8,44,9,37,0,0,0,1,0
39,390831,1,1,0,0,0,2,2,35,570,9,11,2013,7,1,33,0,16,6,NORTHFIELD RD,,0,41.38207222,-81.52764722,0,59,0,0,1,1,0,5,3,1,0,1,0,0000000,2,48,2,49,2,49,0,0,0,1,1
39,390832,1,1,0,0,0,1,1,73,0,9,11,2013,7,18,18,0,6,5,TR-353 CLAY HILL RD,CR-14 CLAY BANK RD,0,39.550625,-82.37696944,0,42,0,0,3,3,0,4,1,10,0,10,0,0000000,88,88,88,88,88,88,0,0,0,1,1
39,390833,1,1,0,0,0,1,1,87,0,9,11,2013,7,13,20,1,13,3,SR-7,,90,38.45860556,-82.34666389,0,35,0,0,1,1,0,5,1,1,0,1,0,0000000,13,20,13,29,13,43,0,0,0,1,0
39,390834,2,2,0,0,0,6,6,47,0,10,11,2013,1,10,51,0,4,3,SR-41,WASHINGTON NEW MARTINSBURG RD,60,39.45290833,-83.43462778,0,12,6,0,2,3,0,1,1,1,0,1,0,0000000,99,99,99,99,99,99,0,0,0,1,0
39,390836,1,1,0,0,0,1,1,7,3327,10,11,2013,1,16,24,0,4,3,SR-307,,41,41.76191389,-80.92575556,0,59,0,0,1,1,0,4,1,10,0,10,0,0000000,16,25,16,30,16,51,0,0,0,1,0
39,390837,1,1,0,0,0,2,2,149,7550,10,11,2013,1,3,1,0,16,6,VANDEMARK RD,,0,40.28004722,-84.18790556,0,10,0,0,6,1,0,1,3,1,0,1,0,538763B,3,8,3,12,3,29,0,0,0,1,1
39,390838,2,2,0,0,0,4,4,61,1610,10,11,2013,1,19,0,0,15,6,COVEDALE AVE,,0,39.10970556,-84.60698333,0,12,6,0,1,1,0,1,2,1,0,1,0,0000000,19,2,19,6,20,2,0,0,0,2,1
39,390839,2,2,0,1,1,5,5,151,4820,11,11,2013,2,20,3,1,13,3,SR-172 LINCOLN WAY E,26TH STREET SE,49,40.79725,-81.48585556,0,8,0,0,2,2,0,1,3,2,0,2,0,0000000,20,5,20,11,20,32,0,0,0,1,0
39,390840,1,1,0,0,0,3,3,167,0,11,11,2013,2,22,14,0,6,4,CR-56,,0,39.56604444,-81.54545556,0,35,0,0,1,1,0,4,2,2,0,2,0,0000000,22,39,23,32,88,88,0,0,0,1,1
39,390841,2,2,0,0,0,3,3,35,1050,11,11,2013,2,19,13,0,14,3,SR-17 BROOKPARK RD,,69,41.70536944,-82.31105,0,12,6,0,8,1,0,1,3,2,0,2,0,0000000,19,14,19,21,19,55,0,0,0,1,0
39,390842,1,1,0,1,1,4,4,117,0,9,11,2013,7,19,44,0,6,5,TR-214,,0,40.37575278,-82.80160556,0,8,0,0,1,1,0,1,2,1,0,1,0,0000000,19,45,19,45,19,54,0,0,0,1,0
39,390843,3,3,0,0,0,3,3,107,0,12,11,2013,3,6,8,0,3,3,SR-29,SR-118,81,40.54545278,-84.64754167,0,12,6,0,2,2,0,1,4,1,0,1,0,0000000,6,12,6,18,88,88,0,0,0,1,0
39,390844,2,2,0,0,0,2,2,155,4937,12,11,2013,3,7,15,0,4,3,SR-87,,24,41.45836389,-80.95924167,0,12,6,0,1,1,0,1,1,4,0,4,0,0000000,7,21,7,22,8,21,0,0,0,1,0
39,390845,2,2,0,0,0,2,2,51,0,12,11,2013,3,8,42,0,6,4,CR-D,CR-3,0,41.53038056,-83.92148056,0,12,6,0,2,2,0,1,1,1,0,1,0,0000000,88,88,88,88,88,88,0,0,0,1,0
39,390846,1,1,0,0,0,1,1,73,0,12,11,2013,3,6,25,1,2,2,US-33,CR-116 CLEAR CREEK RD,64,39.59863611,-82.54679167,0,31,0,0,3,3,0,4,4,4,0,4,0,0000000,6,25,6,36,7,3,0,0,0,1,0
39,390847,1,1,0,1,1,1,1,49,0,12,11,2013,3,20,14,0,14,2,US-40,,59,39.95251389,-83.12435833,0,8,0,0,1,1,0,1,2,1,0,1,0,0000000,20,16,20,18,20,48,0,0,0,1,0
39,390848,2,2,0,0,0,2,2,73,0,12,11,2013,3,9,58,0,4,3,SR-180,,131,39.53366111,-82.54236111,0,12,6,0,1,1,0,1,1,1,0,1,0,0000000,9,58,10,7,88,88,0,0,0,2,0
39,390849,1,1,0,0,0,3,3,173,0,12,11,2013,3,10,55,0,5,6,FOSTORIA RD,,0,41.50691944,-83.41455833,0,43,0,0,1,1,0,1,1,1,0,1,0,0000000,10,55,11,4,11,35,0,0,0,2,0
39,390850,1,1,0,1,1,1,1,45,0,13,11,2013,4,5,35,0,4,4,CR-39,,0,39.80355,-82.80166667,0,8,0,0,1,1,0,1,2,1,0,1,0,0000000,88,88,88,88,88,88,0,0,0,1,0
39,390851,2,2,0,0,0,2,2,141,0,13,11,2013,4,12,34,1,2,2,US-23,,42,39.23716111,-82.98400556,0,12,1,0,1,1,0,1,1,1,0,1,0,0000000,88,88,88,88,88,88,0,0,0,1,0
39,390852,2,2,0,0,0,2,2,49,1800,13,11,2013,4,8,53,0,13,6,HAMILTON RD,HAMILTON SQUARE BLVD,0,39.8954,-82.88255556,0,12,6,0,2,2,0,1,1,1,0,1,0,0000000,8,58,9,6,9,36,0,0,0,1,0
39,390853,1,1,0,0,0,1,1,117,0,13,11,2013,4,10,15,0,4,3,SR-61,,71,40.45718333,-82.82231111,0,32,0,0,1,1,0,4,1,1,0,1,0,0000000,10,17,99,99,11,16,0,0,0,1,0
39,390854,1,1,0,0,0,4,4,119,0,15,11,2013,6,0,5,0,5,4,CR-66,,0,39.817275,-81.96376667,0,42,0,0,1,1,0,5,2,1,0,1,0,0000000,0,18,0,31,1,58,0,0,0,1,0
39,390855,2,2,0,0,0,3,3,153,1881,16,11,2013,7,14,32,1,13,3,SR-18,BROOKMONT RD,29,41.13573889,-81.63933611,0,1,0,0,2,3,0,1,1,10,0,10,0,0000000,14,33,14,39,14,56,0,0,0,1,0
39,390856,2,2,0,0,0,2,2,119,3602,16,11,2013,7,18,15,0,4,2,US-40,,20,39.95614722,-82.17990833,0,11,0,0,1,1,0,1,2,1,0,1,0,0000000,18,15,18,18,88,88,0,0,0,1,0
39,390857,2,2,0,0,0,2,2,3,0,17,11,2013,1,18,6,1,2,2,US-30,,211,40.82778611,-83.93396667,0,12,11,0,1,1,0,2,2,2,0,2,0,0000000,18,14,18,19,18,50,0,0,0,1,0
39,390858,1,1,0,0,0,1,1,95,8120,17,11,2013,1,19,49,0,14,6,S DETROIT AVE,,0,41.5874,-83.6164,0,30,0,0,1,1,0,4,3,10,0,10,0,0000000,88,88,88,88,88,88,0,0,0,1,0
39,390859,1,1,0,0,0,1,1,145,0,17,11,2013,1,2,40,0,5,4,CR-49,,0,38.78000278,-83.10742778,0,59,0,0,1,1,0,4,2,10,0,10,0,0000000,3,3,3,14,88,88,0,0,0,1,1
39,390860,2,1,1,0,0,1,1,173,6056,10,9,2013,3,20,52,0,5,6,FOSTORIA RD,,0,41.605025,-83.41576111,0,14,0,0,1,1,2,7,2,1,0,1,0,0000000,20,55,21,1,21,35,0,0,0,1,1
39,390861,2,2,0,0,0,4,4,173,6056,10,12,2013,3,11,23,0,3,5,T-WALES ROAD,DROUILLARD ROAD,99999,41.60864722,-83.492875,0,12,6,0,2,2,0,1,1,1,0,1,0,0000000,11,26,11,28,12,8,0,0,0,1,0
39,390862,1,1,0,1,1,1,1,17,3260,18,11,2013,2,8,34,0,14,6,SYMMES RD,PLEASANT AVE,0,39.37255,-84.55732778,0,8,0,0,3,2,0,1,1,1,0,1,0,0000000,8,35,8,38,9,23,0,0,0,1,0
39,390864,2,2,0,0,0,2,2,15,0,19,11,2013,3,10,3,0,3,2,US-68,,336,39.07846667,-83.92695,0,12,2,0,1,1,0,1,1,10,0,10,0,0000000,10,5,10,10,88,88,0,0,0,2,0