STATE,ST_CASE,VE_TOTAL,VE_FORMS,PVH_INVL,PEDS,PERNOTMVIT,PERMVIT,PERSONS,COUNTY,CITY,DAY,MONTH,YEAR,DAY_WEEK,HOUR,MINUTE,NHS,ROAD_FNC,ROUTE,TWAY_ID,TWAY_ID2,MILEPT,LATITUDE,LONGITUD,SP_JUR,HARM_EV,MAN_COLL,RELJCT1,RELJCT2,TYP_INT,WRK_ZONE,REL_ROAD,LGT_COND,WEATHER1,WEATHER2,WEATHER,SCH_BUS,RAIL,NOT_HOUR,NOT_MIN,ARR_HOUR,ARR_MIN,HOSP_HR,HOSP_MN,CF1,CF2,CF3,FATALS,DRUNK_DR
39,390865,1,1,0,0,0,2,2,43,8400,20,11,2013,4,22,40,0,5,4,CR-140 JOPPA RD,,0,41.37625278,-82.43983333,0,10,0,0,6,1,0,1,3,1,0,1,0,524050C,22,57,23,15,0,6,0,0,0,1,0
39,390866,1,1,0,0,0,1,1,125,6410,21,11,2013,5,16,44,0,4,3,SR-613,,109,41.09149444,-84.60580278,0,34,0,0,1,1,0,4,5,2,0,2,0,0000000,16,45,16,55,17,8,0,0,0,1,1
39,390867,1,1,0,1,1,3,3,171,1090,21,11,2013,5,20,5,0,15,6,MARKEY AVE,,0,41.46374722,-84.56335556,0,8,0,0,1,1,0,1,2,2,0,2,0,0000000,20,5,20,6,21,19,0,0,0,1,0
39,390868,1,1,0,0,0,1,1,101,0,21,11,2013,5,6,22,0,6,4,CR-123 NEWMANS CARDINGTON RD E,,0,40.49899722,-82.99515833,0,42,0,0,1,1,0,4,2,2,0,2,0,0000000,6,25,6,45,88,88,0,0,0,1,0
39,390870,2,2,0,0,0,2,2,169,1285,22,11,2013,6,18,30,0,4,4,CR-70,,0,40.99044167,-81.97374444,0,12,6,0,1,1,0,1,2,10,0,10,0,0000000,18,34,18,45,19,30,0,0,0,1,0
39,390871,1,1,0,0,0,1,1,109,0,23,11,2013,7,2,34,0,6,6,HORATIO CREEK RD,,0,40.1526,-84.43060833,0,43,0,0,1,1,0,4,2,98,0,98,0,0000000,88,88,88,88,88,88,0,0,0,1,0
39,390872,2,2,0,0,0,4,4,35,4685,23,11,2013,7,17,2,0,13,6,ROCKSIDE RD,141ST STREET,0,41.40221111,-81.58403056,0,12,6,0,2,3,0,1,3,4,0,4,0,0000000,17,52,18,0,18,25,0,0,0,1,0
39,390873,1,1,0,0,0,1,1,153,70,23,11,2013,7,2,45,0,15,6,EVANS AVE,,0,41.09437222,-81.47162778,0,42,0,0,1,1,0,5,3,10,0,10,0,0000000,2,48,2,57,3,17,0,0,0,1,1
39,390874,1,1,0,0,0,1,1,123,0,23,11,2013,7,23,45,0,4,3,SR-163,,339,41.52943056,-82.77829167,0,43,0,0,1,1,0,4,2,10,0,10,0,0000000,88,88,88,88,88,88,0,0,0,1,1
39,390875,2,2,0,0,0,2,2,65,0,24,11,2013,1,14,14,0,6,5,TR-50,TR-125,0,40.76163056,-83.67128611,0,12,6,0,2,2,0,1,1,1,0,1,0,0000000,14,21,14,31,15,21,0,0,0,1,0
39,390876,2,2,0,0,0,3,3,49,1800,26,11,2013,3,4,49,0,14,6,WILSON RD,,0,39.94266944,-83.09421111,0,12,6,0,1,1,0,1,2,4,0,4,0,0000000,4,49,4,53,88,88,0,0,0,1,0
39,390877,1,1,0,0,0,1,1,113,0,26,11,2013,3,11,48,0,6,6,OLD SPRINGFIELD ST,,0,39.90990833,-84.23971944,0,32,0,0,1,1,0,5,1,10,0,10,0,0000000,11,51,12,2,88,88,0,0,0,1,1
39,390878,1,1,0,0,0,1,1,117,0,27,11,2013,4,1,17,1,1,1,I-71,,174,40.54405833,-82.65785,0,57,0,0,1,1,0,3,2,10,0,10,0,0000000,1,18,1,25,3,8,0,0,0,1,0
39,390879,2,2,0,0,0,6,6,165,4120,27,11,2013,4,8,16,0,6,6,E MAIN ST,,0,39.43214722,-84.190525,0,12,8,0,1,1,0,1,1,1,0,1,0,0000000,13,16,13,19,13,44,0,0,0,1,0
39,390880,1,1,0,0,0,1,1,161,0,27,11,2013,4,6,8,0,6,4,CR-12 VAN WERT PAULDING COUNTY,,0,40.98961667,-84.73520833,0,53,0,0,1,1,0,4,2,1,0,1,0,0000000,88,88,88,88,88,88,0,0,0,1,0
39,390881,1,1,0,1,1,1,1,151,1320,27,11,2013,4,16,9,0,15,6,30TH STREET NW,,0,40.83139167,-81.38013611,0,8,0,0,1,1,0,1,1,10,0,10,0,0000000,16,9,16,13,16,22,0,0,0,1,0
39,390882,2,2,0,0,0,3,3,89,5570,27,11,2013,4,11,14,0,4,3,SR-79,,182,40.08364444,-82.38200278,0,12,6,0,1,1,0,1,1,10,0,10,0,0000000,11,15,11,20,12,7,0,0,0,1,1
39,390883,2,2,0,0,0,3,3,143,0,28,11,2013,5,19,17,1,1,1,I-80,,103,41.41704722,-83.15648889,0,12,1,0,1,1,0,1,2,10,0,10,0,0000000,19,19,19,35,20,30,0,0,0,2,1
39,390884,1,1,0,0,0,5,5,49,0,28,11,2013,5,0,40,0,14,3,SR-161,,1,40.10576389,-83.20608056,0,34,0,0,1,1,0,4,2,1,0,1,0,0000000,0,51,1,13,1,52,0,0,0,1,1
39,390885,1,1,0,0,0,1,1,41,0,29,11,2013,6,22,45,1,2,2,US-36,,151,40.27785278,-82.98141667,0,24,0,0,1,1,0,3,2,1,0,1,0,0000000,88,88,88,88,88,88,0,0,0,1,0
39,390886,1,1,0,0,0,1,1,123,0,29,11,2013,6,12,48,0,6,4,CR-5,,0,41.50818611,-82.85118611,0,59,0,0,1,1,0,4,1,1,0,1,0,0000000,12,50,13,0,88,88,0,0,0,1,0
39,390887,3,3,0,0,0,4,4,99,0,29,11,2013,6,14,5,9,99,2,US-62,CR-19,99999,40.90159444,-81.03215,0,12,6,0,2,2,0,1,1,1,0,1,0,0000000,14,27,14,33,15,6,0,0,0,1,0
39,390888,1,1,0,0,0,1,1,133,2850,29,11,2013,6,15,5,0,4,3,SR-82,,176,41.27554444,-81.08795,0,59,0,0,1,1,0,4,1,10,0,10,0,0000000,15,6,15,8,88,88,0,0,0,1,1
39,390889,1,1,0,0,0,1,1,101,0,30,11,2013,7,10,23,0,3,3,SR-309,,37,40.64363056,-83.34636667,0,42,0,0,1,1,0,4,1,1,0,1,0,0000000,88,88,88,88,88,88,0,0,0,1,0
39,390890,1,1,0,0,0,1,1,113,6990,6,9,2013,6,19,6,1,12,6,WOODMAN DR,,99999,39.763225,-84.12175833,0,41,0,0,1,1,0,4,1,10,0,10,0,0000000,19,7,19,13,19,43,0,0,0,1,1
39,390891,2,2,0,0,0,2,2,99,1310,25,11,2013,2,13,22,1,13,2,US-224 E MAIN ST,,130,41.0247,-80.7534,0,12,2,0,1,1,0,1,1,10,0,10,0,0000000,13,24,13,33,14,3,0,0,0,1,0
39,390892,3,3,0,0,0,3,3,153,7855,29,11,2013,6,23,28,1,12,3,SR-8,,102,41.19635278,-81.47993611,0,12,7,0,1,1,0,1,2,1,0,1,0,0000000,23,29,23,33,23,54,0,0,0,1,0
39,390893,1,1,0,0,0,1,1,153,70,3,12,2013,3,17,56,0,14,6,EAST AVE,RUSSELL AVE,0,41.06155278,-81.55623333,0,42,0,0,3,2,0,4,3,1,0,1,0,0000000,17,57,18,1,88,88,0,0,0,1,1
39,390894,3,2,1,1,6,3,8,61,7450,1,12,2013,1,18,8,1,11,1,I-275,,291,39.289725,-84.37891389,0,14,0,0,1,1,0,2,3,1,0,1,0,0000000,18,17,18,26,18,46,23,0,0,2,0
39,390895,1,1,0,0,0,1,1,89,3100,3,12,2013,3,10,55,0,15,3,SR-661 N PEARL ST,,16,40.07783056,-82.52142778,0,59,0,0,1,1,0,4,1,1,0,1,0,0000000,10,54,10,56,11,21,0,0,0,1,0
39,390896,2,2,0,0,0,2,2,77,0,3,12,2013,3,10,26,0,4,3,SR-61,CR-12,56,41.06831667,-82.6665,0,12,6,0,2,2,0,1,1,1,0,1,0,0000000,10,28,10,38,11,20,0,0,0,1,0
39,390897,2,2,0,0,0,4,4,95,8120,3,12,2013,3,16,55,0,14,6,W ALEXIS RD,,0,41.72086111,-83.61172778,0,12,2,0,1,1,0,1,1,10,0,10,0,0000000,17,0,17,12,17,28,0,0,0,1,0
39,390898,1,1,0,0,0,1,1,39,0,27,12,2013,6,21,9,0,6,4,CR-8 DEFIANCE PAULDING COUNTY,,0,41.25298889,-84.507525,0,34,0,0,1,1,0,4,2,1,0,1,0,0000000,21,9,21,17,88,88,0,0,0,1,0
39,390899,1,1,0,0,0,1,1,55,0,4,12,2013,4,14,18,0,15,4,CR-8 WILSON MILLS RD,,0,41.54837778,-81.27527222,0,34,0,0,1,1,0,4,1,1,0,1,0,0000000,14,20,14,23,14,52,0,0,0,1,0
39,390901,1,1,0,1,1,1,1,25,0,4,12,2013,4,20,17,1,13,3,SR-125,BRANDYCHASE WAY,16,39.06511944,-84.28638333,0,8,0,0,2,2,0,1,2,10,0,10,0,0000000,20,17,20,19,20,37,0,0,0,1,0
39,390902,1,1,0,0,0,1,1,129,0,4,12,2013,4,3,30,0,5,6,TARLTON RD,,0,39.56543333,-82.90165278,0,3,0,0,1,1,0,5,2,99,0,99,0,0000000,88,88,88,88,88,88,0,0,0,1,0
39,390903,1,1,0,1,1,1,1,113,2090,5,12,2013,5,20,45,0,13,6,WAYNE AVE,,0,39.74815833,-84.17276389,0,8,0,0,1,1,0,1,3,2,0,2,0,0000000,20,46,20,48,99,99,0,0,0,1,0
39,390904,1,1,0,0,0,2,2,41,735,6,12,2013,6,19,45,1,1,1,I-71,,136,40.32555556,-82.90446944,0,1,0,0,1,1,0,4,2,4,0,4,0,0000000,19,49,20,3,20,46,0,0,0,1,0
39,390905,2,2,0,0,0,6,6,35,1680,7,12,2013,7,2,36,1,13,2,US-20 EUCLID AVE,COLTMAN RD,226,41.51308333,-81.60006111,0,12,6,0,3,3,0,1,3,10,0,10,0,0000000,3,7,3,12,3,44,0,0,0,1,1
39,390906,1,1,0,0,0,3,3,81,0,8,12,2013,1,2,25,0,5,4,CR-47,,0,40.479775,-80.64055278,0,42,0,0,1,1,0,4,2,1,0,1,0,0000000,3,37,3,44,4,11,0,0,0,1,1
39,390907,2,2,0,0,0,4,4,101,0,8,12,2013,1,1,25,0,4,3,SR-203,CR-100,101,40.57163056,-83.21784167,0,12,6,0,2,2,0,1,2,10,0,10,0,0000000,1,37,1,39,2,23,0,0,0,2,1
39,390908,1,1,0,1,1,1,1,155,0,8,12,2013,1,21,52,0,6,4,CR-158 KING GRAVES RD,,0,41.26487778,-80.72200556,0,8,0,0,1,1,0,4,2,10,0,10,0,0000000,88,88,88,88,88,88,0,0,0,1,0
39,390909,2,2,0,1,1,2,2,61,1610,10,12,2013,3,17,58,0,15,6,CENTRAL PARKWAY,,0,39.12043333,-84.52575833,0,8,0,0,1,1,0,1,3,1,0,1,0,0000000,17,59,18,1,88,88,0,0,0,1,0
39,390910,1,1,0,0,0,2,2,35,960,10,12,2013,3,19,38,1,11,1,I-90,,221,41.54676944,-81.61221111,0,59,0,0,1,1,0,4,3,10,0,10,0,0000000,19,39,19,48,88,88,0,0,0,1,1
39,390911,1,1,0,0,0,1,1,85,6320,10,12,2013,3,21,5,0,15,4,CR-306 MADISON AVE,,0,41.72683889,-81.22621667,0,30,0,0,1,1,0,4,3,10,0,10,0,0000000,99,99,99,99,99,99,0,0,0,1,0
39,390912,1,1,0,0,0,1,1,99,9230,11,12,2013,4,7,17,1,13,2,US-422 MARTIN LUTHER KING JR,SR-711,8,41.12222222,-80.67638889,0,30,0,0,3,3,0,4,1,1,0,1,0,0000000,88,88,88,88,88,88,0,0,0,1,0
39,390914,2,2,0,0,0,3,3,35,4685,8,12,2013,1,13,50,0,13,6,ROCKSIDE RD,,0,41.40211944,-81.57485833,0,12,2,0,1,1,0,1,1,10,0,10,0,0000000,14,2,14,5,14,19,0,0,0,1,0
39,390915,1,1,0,1,1,1,1,139,4680,10,12,2013,3,20,4,0,15,6,PARK AVE W,HELEN AVE,0,40.75895,-82.53502222,0,8,0,0,2,3,0,1,3,1,0,1,0,0000000,88,88,88,88,88,88,0,0,0,1,0
39,390916,1,1,0,0,0,1,1,29,0,12,12,2013,5,8,0,0,4,3,SR-165,,17,40.88581389,-80.57708889,0,34,0,0,1,1,0,4,1,1,0,1,0,0000000,8,1,8,9,88,88,0,0,0,1,0
39,390917,2,2,0,0,0,2,2,51,0,13,12,2013,6,16,28,1,2,2,US-20,,205,41.67105,-84.02406389,0,12,8,0,1,1,0,1,1,1,0,1,0,0000000,88,88,88,88,88,88,0,0,0,1,1
39,390918,2,2,0,0,0,2,2,7,3931,13,12,2013,6,12,55,0,14,3,SR-84,DIBBLE RD,185,41.88459722,-80.69835278,0,12,6,0,2,3,0,1,1,10,0,10,0,0000000,88,88,88,88,88,88,0,0,0,1,0
39,390919,2,2,0,0,0,2,2,9,0,13,12,2013,6,9,23,0,3,2,US-50,SR-32,17,39.21792222,-82.23725278,0,12,6,0,2,3,0,1,1,1,0,1,0,0000000,9,23,9,32,10,0,0,0,0,1,0
39,390920,3,3,0,0,0,11,11,153,3630,14,12,2013,7,15,0,0,14,3,SR-303 W STREETSBORO ST,,113,41.2342,-81.47333611,0,12,1,0,8,1,0,1,1,4,0,4,0,0000000,15,11,15,23,15,52,0,0,0,1,0
39,390921,1,1,0,0,0,2,2,113,1070,14,12,2013,7,2,36,0,15,6,ARLINGTON RD,,0,39.84249444,-84.42465833,0,30,0,0,1,1,0,4,3,4,0,4,0,0000000,88,88,88,88,88,88,0,0,0,1,1
39,390922,1,1,0,0,0,2,2,7,0,14,12,2013,7,11,38,0,6,5,TR-292,TR-284,0,41.73628889,-80.694725,0,10,0,0,6,1,0,1,1,4,0,4,0,503115K,11,46,11,55,12,34,0,0,0,1,0
39,390923,2,2,0,0,0,2,2,49,1800,14,12,2013,7,6,14,1,11,1,I-71,,10,40.14822222,-82.97029722,0,12,1,1,5,1,0,6,3,4,0,4,0,0000000,6,19,6,24,6,52,0,0,0,1,0
39,390924,1,1,0,0,0,1,1,153,3139,15,12,2013,1,1,50,0,14,6,3498 GREENSBURG RD.,WALNUT ST.,0,40.92848611,-81.42022222,0,30,0,0,3,3,0,4,2,4,0,4,0,0000000,88,88,88,88,88,88,0,0,0,1,1
39,390925,1,1,0,1,1,1,1,43,0,15,12,2013,1,20,21,0,13,2,US-250,CR-7,21,41.42148333,-82.67739444,0,15,0,0,2,2,0,1,3,10,0,10,0,0000000,8,21,8,27,8,46,0,0,0,1,0
39,390926,2,2,0,0,0,2,2,131,0,16,12,2013,2,6,7,1,12,2,US-23,,126,39.14189722,-82.97771944,0,12,6,0,1,1,0,1,2,4,0,4,0,0000000,88,88,88,88,88,88,0,0,0,1,0
39,390927,1,1,0,1,1,1,1,173,6056,16,12,2013,2,8,30,1,13,3,SR-51 WOODVILLE RD,,46,41.61411111,-83.48275833,0,8,0,0,1,1,0,1,1,10,0,10,0,0000000,8,30,8,35,9,3,0,0,0,1,0
39,390928,1,1,0,0,0,3,3,17,0,18,12,2013,4,19,45,0,4,6,JACKSONBURG RD,,0,39.46016111,-84.5224,0,1,0,0,1,1,0,4,2,1,0,1,0,0000000,19,49,19,51,20,23,0,0,0,1,1
39,390929,1,1,0,1,1,1,1,17,7390,18,12,2013,4,5,55,1,13,2,US-127,,126,39.479825,-84.55243056,0,8,0,0,1,1,0,1,2,1,0,1,0,0000000,6,18,6,29,7,14,0,0,0,1,0
39,390930,1,1,0,1,1,1,1,141,1580,19,12,2013,5,21,59,0,16,6,RIVERSIDE DR,,0,39.33848333,-82.97851667,0,8,0,0,1,1,0,4,2,1,0,1,0,0000000,21,59,22,6,22,19,0,0,0,1,1
39,390931,2,2,0,0,0,2,2,161,0,20,12,2013,6,13,50,0,3,2,US-127,,130,40.91321111,-84.57203611,0,12,8,0,1,1,0,1,1,2,0,2,0,0000000,13,50,13,55,14,31,0,0,0,1,0
39,390932,3,1,2,0,0,1,1,145,0,20,12,2013,6,0,35,0,4,3,SR-728,,1,38.88558889,-82.99390278,0,24,0,0,1,1,0,4,2,1,0,1,0,0000000,88,88,88,88,88,88,0,0,0,1,1
39,390933,1,1,0,0,0,2,2,147,0,22,12,2013,1,21,13,0,4,3,SR-18,,330,41.24139167,-82.89139444,0,34,0,0,8,1,0,4,2,10,0,10,0,0000000,21,13,21,20,22,14,0,0,0,1,0
39,390934,1,1,0,0,0,1,1,113,0,22,12,2013,1,0,47,0,6,5,MANNING RD,,0,39.65841944,-84.30908333,0,53,0,0,1,1,0,4,2,2,0,2,0,0000000,88,88,88,88,88,88,0,0,0,1,1
39,390935,1,1,0,0,0,1,1,35,7040,22,12,2013,1,22,8,1,11,1,I-90,,59,41.47228889,-81.83957222,0,24,0,1,5,1,0,4,3,2,0,2,0,0000000,22,8,22,11,88,88,0,0,0,1,1
39,390936,3,3,0,0,0,4,4,143,0,23,12,2013,2,19,22,1,12,2,US-6,,183,41.36525,-83.09294444,0,12,8,0,1,1,0,1,2,10,0,10,0,0000000,19,25,19,31,20,13,0,0,0,2,1
39,390937,2,2,0,0,0,3,3,171,0,24,12,2013,3,12,45,0,6,4,CR-4,F.50,0,41.50586944,-84.749425,0,12,6,0,2,2,0,1,1,1,0,1,0,0000000,13,3,13,35,14,7,0,0,0,1,0
39,390938,2,2,0,0,0,2,2,91,0,24,12,2013,3,15,2,1,2,2,US-68,,16,40.26103611,-83.75439722,0,12,6,0,1,1,0,1,1,10,0,10,0,0000000,14,55,14,58,99,99,0,0,0,1,0
39,390939,1,1,0,1,1,1,1,49,0,24,12,2013,3,11,4,1,13,3,SR-317 LONDON GROVEPORT RD,ALUM CREEK DR,35,39.830125,-82.93420556,0,8,0,0,2,2,1,1,1,1,0,1,0,0000000,88,88,88,88,88,88,0,0,0,1,0
39,390940,1,1,0,0,0,1,1,25,0,24,12,2013,3,17,43,0,4,3,SR-132,,12,38.96637778,-84.27124444,0,24,0,0,1,1,0,4,5,1,0,1,0,0000000,88,88,88,88,88,88,0,0,0,1,0
39,390941,2,2,0,0,0,3,3,99,9230,12,12,2013,5,11,54,0,15,6,OAKWOOD AVE,DUNLAP AVE,0,41.10502222,-80.70718333,0,12,6,0,2,2,0,1,1,10,0,10,0,0000000,11,56,11,58,12,35,0,0,0,1,0
39,390942,1,1,0,1,1,2,2,99,9230,24,12,2013,3,18,59,0,14,6,SOUTH AVE,,0,41.07615833,-80.64625278,0,8,0,0,1,1,0,1,3,10,0,10,0,0000000,88,88,88,88,88,88,0,0,0,1,0
39,390943,3,3,0,0,0,3,3,61,1610,25,12,2013,4,0,10,0,16,6,MONTGOMERY RD,,0,39.18833889,-84.41458333,0,12,7,0,1,1,0,1,3,1,0,1,0,0000000,88,88,88,88,88,88,0,0,0,2,3
39,390944,2,2,0,0,0,2,2,139,6630,26,12,2013,5,5,30,0,4,3,SR-61,,101,40.94381389,-82.66949722,0,12,6,0,1,1,0,1,2,4,0,4,0,0000000,5,33,5,52,6,32,0,0,0,1,0
39,390945,2,2,0,0,0,6,6,77,8490,26,12,2013,5,0,30,1,2,2,US-20,,241,41.24749167,-82.41436944,0,12,6,0,1,1,0,1,2,2,0,2,0,0000000,0,33,0,36,1,11,0,0,0,1,0
39,390946,1,1,0,0,0,4,4,159,3798,26,12,2013,5,11,5,0,6,4,CR-16 BROCK RD,,0,40.15213056,-83.22752778,0,5,0,0,1,1,0,1,1,1,0,1,0,0000000,11,5,11,5,11,13,0,0,0,1,0
39,390947,2,2,0,0,0,3,3,123,0,27,12,2013,6,13,2,0,3,3,SR-51,,58,41.52389167,-83.34808056,0,12,8,0,1,1,0,1,1,1,0,1,0,0000000,13,2,13,8,13,52,0,0,0,1,0
39,390948,1,1,0,0,0,1,1,13,0,28,12,2013,7,2,30,0,5,4,CR-10,,0,40.10900556,-80.97200278,0,34,0,0,1,1,0,4,2,1,0,1,0,0000000,2,36,2,47,88,88,0,0,0,1,1
39,390949,1,1,0,0,0,1,1,31,0,28,12,2013,7,11,36,0,5,3,SR-643,,96,40.4371,-81.7802,0,38,0,0,1,1,0,4,1,1,0,1,0,0000000,88,88,88,88,88,88,0,0,0,1,0
39,390950,2,1,1,0,0,1,1,23,7800,28,12,2013,7,0,28,0,14,6,S LIMESTONE ST,E LANSDOWNE AVE,0,39.89565556,-83.81134167,0,35,0,0,3,2,0,4,3,1,0,1,0,0000000,88,88,88,88,88,88,20,0,0,1,0
39,390951,1,1,0,0,0,2,2,95,8120,29,12,2013,1,1,56,1,13,6,TELEGRAPH RD,CRABB RD,0,41.71147778,-83.54660556,0,30,0,0,1,1,0,4,3,1,0,1,0,0000000,1,59,2,4,2,23,0,0,0,1,1
39,390952,1,1,0,0,0,1,1,135,0,29,12,2013,1,16,54,0,6,6,HALDERMAN RD,,0,39.70786389,-84.538925,0,24,0,0,1,1,0,4,1,10,0,10,0,0000000,88,88,88,88,88,88,0,0,0,1,0
39,390953,1,1,0,1,1,1,1,49,1800,30,12,2013,2,20,23,0,14,6,BRICE RD,,0,39.92741111,-82.83131111,0,8,0,0,1,1,0,1,3,10,0,10,0,0000000,20,26,20,29,88,88,0,0,0,1,0
39,390954,1,1,0,0,0,1,1,135,0,29,12,2013,1,18,44,0,6,5,TR-102,TR-101,0,39.90911944,-84.8078,0,42,0,0,1,1,0,4,2,10,0,10,0,0000000,18,44,18,59,88,88,0,0,0,1,0
39,390955,1,1,0,0,0,1,1,75,0,31,12,2013,3,23,0,0,4,3,SR-514,,4,40.54093056,-82.17398056,0,52,0,0,1,1,0,4,2,10,0,10,0,0000000,88,88,88,88,88,88,0,0,0,1,0
39,390956,1,1,0,0,0,2,2,47,0,31,12,2013,3,21,49,0,6,4,CR-26 BROCK RD,,0,39.56807222,-83.43170833,0,24,0,0,1,1,0,4,2,1,0,1,0,0000000,22,1,22,28,22,56,0,0,0,1,1
39,390957,2,2,0,0,0,3,3,113,3622,13,10,2013,1,20,28,0,15,3,SR-235,,25,39.87678333,-84.05140556,0,12,2,0,1,1,0,1,2,1,0,1,0,0000000,20,28,20,33,21,9,0,0,0,1,1
40,400001,1,1,0,0,0,1,1,107,0,6,1,2013,1,7,35,0,4,4,CR-1090,,0,35.43501389,-96.12490833,0,1,0,0,1,1,0,4,2,1,0,1,0,0000000,7,29,7,35,8,5,0,0,0,1,0
40,400002,2,2,0,0,0,2,2,151,0,14,1,2013,2,10,45,0,4,4,CR-470,,0,36.76106944,-98.61265833,0,12,6,0,1,1,0,1,1,10,0,10,0,0000000,10,45,10,52,11,20,0,0,0,1,0
40,400003,1,1,0,0,0,1,1,51,0,3,1,2013,5,21,12,0,4,4,CR-2850,,0,34.93056667,-97.91712222,0,42,0,0,1,1,0,4,2,1,0,1,0,0000000,21,17,21,30,88,88,0,0,0,1,1
40,400004,1,1,0,0,0,1,1,119,0,13,1,2013,1,1,30,0,3,3,SR-51,,83,36.10143333,-97.20971111,0,42,0,0,1,1,0,3,2,10,0,10,0,0000000,1,25,1,32,88,88,0,0,0,1,1
40,400005,1,1,0,0,0,3,3,79,750,10,1,2013,5,23,51,0,4,3,SR-112,,57,35.13306667,-94.54536111,0,1,0,0,1,1,0,4,2,10,0,10,0,0000000,23,40,23,57,0,54,0,0,0,1,1
40,400006,1,1,0,0,0,1,1,51,0,12,1,2013,7,19,59,0,4,3,SR-19,,158,34.87839722,-97.71106111,0,59,0,0,1,1,0,4,2,10,0,10,0,0000000,19,54,20,6,88,88,0,0,0,1,1
40,400007,1,1,0,0,0,1,1,111,0,1,1,2013,3,7,46,0,4,4,CR-OLD MORRIS HWY,,0,35.62436667,-95.90686667,0,24,0,0,1,1,0,4,2,10,0,10,0,0000000,8,11,8,17,88,88,0,0,0,1,1
40,400008,1,1,0,1,1,1,1,109,3550,9,1,2013,4,17,21,0,16,6,S PROSPECT AVE,,0,35.43546667,-97.48574722,0,8,0,0,1,1,0,1,5,2,0,2,0,0000000,17,21,17,26,88,88,19,0,0,1,0
40,400009,2,2,0,0,0,2,2,15,0,5,1,2013,7,11,0,0,4,4,CR-1020,CS 2585,0,35.53658056,-98.38586944,0,12,6,0,2,3,0,1,1,1,0,1,0,0000000,99,99,99,99,88,88,0,0,0,1,0
40,400010,2,2,0,0,0,3,3,31,0,19,1,2013,7,23,11,1,2,2,US-62,,24,34.75380833,-98.38739722,0,12,2,0,1,1,0,1,2,1,0,1,0,0000000,23,10,23,22,0,27,0,0,0,1,1
40,400011,2,2,0,0,0,6,6,11,0,4,1,2013,6,15,50,0,4,3,SR-51,W PINE ST,17,36.05775833,-98.60589722,0,12,2,0,2,4,0,1,1,10,0,10,0,0000000,15,55,15,58,16,44,0,0,0,1,0
40,400012,3,3,0,0,0,4,4,71,0,27,1,2013,1,16,40,0,3,2,US-77,,197,36.95310833,-97.05145556,0,12,6,0,1,1,0,1,1,10,0,10,0,0000000,16,53,17,19,17,55,0,0,0,1,0
40,400013,1,1,0,1,1,1,1,85,0,1,1,2013,3,21,9,1,1,1,I-35,,12,33.73889167,-97.14441111,0,8,0,0,1,1,0,1,2,10,0,10,0,0000000,21,10,21,21,88,88,0,0,0,1,0
40,400014,1,1,0,0,0,1,1,15,0,9,1,2013,4,19,21,0,4,4,CR-1020,,0,35.53675278,-98.55867222,0,1,0,0,1,1,0,4,2,2,0,2,0,0000000,99,99,99,99,88,88,0,0,0,1,0
40,400015,2,2,0,0,0,3,3,143,4780,26,1,2013,7,22,42,0,14,6,S PEORIA AVE,,0,36.1047,-95.97568056,0,1,0,0,8,1,0,1,3,2,0,2,0,0000000,22,35,22,41,22,54,0,0,0,1,1
40,400016,2,2,0,0,0,2,2,97,0,12,1,2013,7,15,55,1,1,1,I-44,,53,36.44052222,-95.37880556,0,12,2,0,1,1,0,1,1,2,0,2,0,0000000,15,53,16,2,17,9,23,19,0,1,0
40,400017,1,1,0,0,0,1,1,131,0,24,1,2013,5,0,44,0,4,4,CR-NS4190,CR-EW45,0,36.37836667,-95.54320556,0,35,0,0,3,3,0,4,2,10,0,10,0,0000000,1,10,1,19,88,88,0,0,0,1,1
40,400018,2,2,0,0,0,2,2,109,3550,29,1,2013,3,2,58,1,13,8,KILPATRICK TPK,,38,35.59951389,-97.49556389,0,12,1,0,1,1,1,1,3,10,0,10,0,0000000,3,3,3,11,88,88,0,0,0,1,0
40,400019,1,1,0,1,1,1,1,153,5220,1,2,2013,6,20,10,0,16,4,CR-E0420,,0,36.4045,-99.40749444,0,9,0,0,1,1,0,1,2,1,0,1,0,0000000,20,10,20,15,88,88,0,0,0,1,0
40,400020,1,1,0,1,1,1,1,47,1550,22,1,2013,3,20,25,1,13,2,US-81,,149,36.38131667,-97.89012222,0,8,0,0,1,1,0,1,3,1,0,1,0,0000000,20,27,20,33,20,55,0,0,0,1,1
40,400021,2,2,0,0,0,3,3,109,3550,26,1,2013,7,15,18,0,13,6,LINCOLN BLVD,E SHERIDAN AVE,0,35.46642222,-97.50187778,0,12,6,0,2,2,0,1,1,10,0,10,0,0000000,15,18,15,21,15,30,0,0,0,1,0
40,400022,1,1,0,0,0,1,1,89,0,26,1,2013,7,18,41,1,2,2,US-70,,103,33.97115278,-94.98550278,0,34,0,0,1,1,0,4,2,2,0,2,0,0000000,18,44,18,54,88,88,0,0,0,1,1
40,400023,2,2,0,0,0,2,2,89,0,4,1,2013,6,9,50,0,4,4,CR-OLD BROKEN BOW HIGHWAY,,0,33.98705,-94.80055,0,12,2,0,1,1,0,1,1,10,0,10,0,0000000,10,8,10,50,11,22,0,0,0,1,0