STATE,ST_CASE,VE_TOTAL,VE_FORMS,PVH_INVL,PEDS,PERNOTMVIT,PERMVIT,PERSONS,COUNTY,CITY,DAY,MONTH,YEAR,DAY_WEEK,HOUR,MINUTE,NHS,ROAD_FNC,ROUTE,TWAY_ID,TWAY_ID2,MILEPT,LATITUDE,LONGITUD,SP_JUR,HARM_EV,MAN_COLL,RELJCT1,RELJCT2,TYP_INT,WRK_ZONE,REL_ROAD,LGT_COND,WEATHER1,WEATHER2,WEATHER,SCH_BUS,RAIL,NOT_HOUR,NOT_MIN,ARR_HOUR,ARR_MIN,HOSP_HR,HOSP_MN,CF1,CF2,CF3,FATALS,DRUNK_DR
40,400024,2,2,0,0,0,2,2,15,0,5,2,2013,3,7,52,0,3,2,US-281,,14,35.09278333,-98.24378611,0,12,2,0,1,1,0,1,1,1,0,1,0,0000000,7,50,7,53,8,32,0,0,0,1,0
40,400025,1,1,0,0,0,1,1,51,0,1,2,2013,6,5,39,1,1,1,I-44,,28,34.9148,-98.05280833,0,31,0,0,1,1,0,4,2,1,0,1,0,0000000,6,2,6,19,88,88,0,0,0,1,0
40,400026,1,1,0,0,0,1,1,109,3550,16,1,2013,4,12,53,1,11,1,I-40,,145,35.38483056,-97.24408611,0,43,0,0,1,1,0,4,1,1,0,1,0,0000000,12,54,13,11,88,88,0,0,0,1,1
40,400027,1,1,0,1,1,1,1,65,120,17,1,2013,5,20,19,0,16,6,E TAMARACK RD,,0,34.66674722,-99.32589167,0,9,0,0,1,1,0,1,2,1,0,1,0,0000000,21,19,22,15,0,5,0,0,0,1,1
40,400028,2,2,0,0,0,3,3,121,0,11,2,2013,2,7,56,1,2,2,US-69,W FRINK RD,167,34.88439444,-95.79002222,0,12,6,0,3,2,0,1,1,1,0,1,0,0000000,7,57,8,0,8,23,0,0,0,1,0
40,400030,4,4,0,0,0,5,5,13,1430,24,1,2013,5,8,29,1,12,2,US-69,,36,33.99643333,-96.40525278,0,12,1,0,1,1,4,1,1,5,0,5,0,0000000,8,31,8,39,9,9,26,0,0,1,0
40,400031,2,2,0,0,0,2,2,5,0,1,2,2013,6,4,35,0,4,3,SR-7,,125,34.374875,-96.19891667,0,12,2,0,1,1,0,1,2,1,0,1,0,0000000,4,38,4,46,5,28,0,0,0,2,0
40,400032,1,1,0,0,0,2,2,149,0,2,2,2013,7,0,3,0,4,4,CR-2420,,0,35.39339444,-98.67624167,0,32,0,0,1,1,0,4,2,1,0,1,0,0000000,0,22,0,37,88,88,0,0,0,1,1
40,400033,1,1,0,1,1,1,1,109,3550,6,2,2013,4,2,48,0,13,6,N MACARTHUR BLVD,NW 10TH ST,0,35.478775,-97.61896111,0,9,0,0,2,2,0,1,3,5,0,5,0,0000000,2,50,2,56,3,17,0,0,0,1,0
40,400034,1,1,0,0,0,1,1,71,0,10,2,2013,1,10,38,0,4,2,US-177,,14,36.70868889,-97.28280556,0,1,0,0,1,1,0,4,1,1,0,1,0,0000000,10,40,10,49,11,5,0,0,0,1,1
40,400035,2,2,0,0,0,2,2,27,3430,11,2,2013,2,12,56,1,11,1,I-35 OFF-RAMP,,25,35.22081389,-97.48541389,0,20,0,0,5,1,1,4,1,1,0,1,0,0000000,12,57,13,1,14,1,0,0,0,1,0
40,400036,2,2,0,0,0,3,3,19,0,12,2,2013,3,9,35,0,3,2,US-70,,100,34.17283056,-97.38820278,0,12,6,0,1,1,0,1,1,2,0,2,0,0000000,9,35,9,36,10,13,0,0,0,1,0
40,400037,2,2,0,0,0,3,3,15,0,12,2,2013,3,9,54,0,3,2,US-281,,106,35.22301667,-98.26230556,0,12,6,0,1,1,0,1,1,4,0,4,0,0000000,9,54,10,8,10,54,0,0,0,1,0
40,400038,2,2,0,0,0,2,2,113,0,15,2,2013,6,19,48,0,4,4,CR-1200,,0,36.31119722,-96.40951111,0,12,2,0,1,1,0,1,2,1,0,1,0,0000000,19,44,19,54,88,88,0,0,0,1,1
40,400039,3,3,0,0,0,6,6,93,0,18,2,2013,2,19,14,0,4,2,US-60,,267,36.25915,-98.54005556,0,12,2,0,1,1,0,1,2,10,0,10,0,0000000,19,17,19,26,88,88,14,0,0,1,1
40,400040,2,2,0,0,0,3,3,15,0,3,2,2013,1,14,50,1,1,1,I-40,,89,35.52930833,-98.46671667,0,12,1,0,1,1,0,1,1,10,0,10,0,0000000,14,49,15,0,15,47,0,0,0,1,0
40,400041,1,1,0,0,0,1,1,127,0,8,2,2013,6,19,20,0,3,2,US-271,,87,34.63536111,-95.17544167,0,42,0,0,1,1,0,4,2,10,0,10,0,0000000,19,26,19,38,99,99,0,0,0,1,0
40,400042,1,1,0,0,0,1,1,115,0,16,2,2013,7,0,27,0,4,4,CR-E120,,0,36.84452222,-94.91448611,0,1,0,0,1,1,0,4,3,10,0,10,0,0000000,0,25,0,30,88,88,0,0,0,1,1
40,400043,3,3,0,0,0,3,3,143,0,25,1,2013,6,18,14,1,2,2,US-412,,92,36.13908056,-96.09678056,0,12,2,0,1,1,0,1,3,1,0,1,0,0000000,18,14,18,38,18,56,0,0,0,1,0
40,400044,2,2,0,0,0,3,3,131,0,6,2,2013,4,20,20,0,3,3,SR-20,CR-NS420,51,36.30744167,-95.52606389,0,12,6,0,3,3,0,1,2,10,0,10,0,0000000,20,22,20,31,21,30,0,0,0,1,0
40,400045,1,1,0,0,0,3,3,115,0,17,2,2013,1,2,5,1,1,1,I-44,,60,36.74146389,-94.90798611,0,25,0,0,1,1,0,3,2,1,0,1,0,0000000,2,8,2,23,88,88,0,0,0,1,0
40,400046,2,2,0,0,0,2,2,51,0,20,2,2013,4,7,35,0,4,3,SR-19,,97,34.92219722,-97.80393333,0,12,6,0,1,1,0,1,1,4,0,4,0,0000000,7,37,7,51,88,88,0,0,0,1,0
40,400047,2,2,0,0,0,5,5,119,0,10,1,2013,5,5,3,0,3,2,US-177,,43,36.04755833,-97.05117778,0,12,2,0,1,1,0,1,2,2,0,2,0,0000000,5,1,5,8,6,5,0,0,0,3,1
40,400048,1,1,0,0,0,2,2,71,0,17,2,2013,1,15,13,0,6,4,CR-PECKHAM,,0,36.88375,-97.29153611,0,21,0,0,1,1,0,4,1,1,0,1,0,0000000,15,14,15,22,15,36,0,0,0,1,0
40,400049,3,3,0,0,0,4,4,123,0,5,3,2013,3,17,4,0,3,3,SR-19,,49,34.79678056,-96.84675833,0,12,1,0,8,1,0,1,1,10,0,10,0,0000000,17,15,17,18,17,48,0,0,0,1,0
40,400050,3,3,0,0,0,5,5,133,0,7,3,2013,5,7,30,0,4,3,SR-56,,162,35.03389167,-96.50283333,0,12,7,0,1,1,0,1,1,1,0,1,1,0000000,7,36,7,43,88,88,0,0,0,1,0
40,400051,2,2,0,0,0,2,2,49,0,7,3,2013,5,7,7,0,3,2,US-177,SR-29,10,34.65133333,-96.96760556,0,12,6,0,2,2,0,1,4,1,0,1,0,0000000,7,22,7,58,8,46,0,0,0,1,1
40,400052,1,1,0,0,0,1,1,31,0,12,3,2013,3,10,45,0,4,4,CR-POST OAK,,0,34.58433889,-98.68565556,0,34,0,0,1,1,0,4,1,10,0,10,0,0000000,10,50,11,6,88,88,0,0,0,1,0
40,400053,1,1,0,0,0,1,1,9,0,23,2,2013,7,17,25,0,3,2,US-283,,41,35.36678056,-99.63785278,0,32,0,0,1,1,0,4,1,1,0,1,0,0000000,17,29,17,36,88,88,0,0,0,1,0
40,400054,1,1,0,1,1,1,1,109,3550,18,1,2013,6,7,42,0,16,6,S DEWEY AVE,,0,35.40604444,-97.52280556,0,8,0,0,1,1,0,1,4,1,0,1,0,0000000,7,46,7,53,88,88,0,0,0,1,0
40,400055,1,1,0,1,1,1,1,109,3550,20,1,2013,1,18,25,0,13,6,S SHIELDS BLVD,SE 45TH ST,0,35.41975,-97.50791944,0,8,0,0,2,2,0,1,3,10,0,10,0,0000000,18,25,18,29,99,99,0,0,0,1,0
40,400056,2,2,0,0,0,3,3,151,0,1,2,2013,6,7,30,0,4,4,CR-500,,0,36.80015,-98.55848056,0,12,6,0,1,1,0,1,1,1,0,1,0,0000000,7,30,7,39,7,54,0,0,0,1,0
40,400057,1,1,0,1,1,1,1,109,3550,17,1,2013,5,19,10,1,11,1,I-44,,44,35.511325,-97.56001389,0,8,0,0,1,1,0,1,3,1,0,1,0,0000000,19,7,19,15,88,88,0,0,0,1,0
40,400058,1,1,0,0,0,1,1,87,4100,6,2,2013,4,5,17,0,4,3,SR-59,,79,34.9142,-97.17750278,0,32,0,0,1,1,0,4,2,2,0,2,0,0000000,5,18,5,34,88,88,0,0,0,1,0
40,400059,2,2,0,1,1,4,4,119,0,1,3,2013,6,1,4,0,3,3,SR-51,,9,36.11553889,-97.33699722,0,12,1,0,1,1,0,1,2,1,0,1,0,0000000,1,25,1,46,2,14,23,0,0,2,0
40,400060,1,1,0,0,0,4,4,123,0,3,3,2013,1,15,55,1,2,2,US-377,,143,34.70771667,-96.63483333,0,34,0,0,1,1,0,4,1,1,0,1,0,0000000,16,1,16,9,16,32,0,0,0,1,1
40,400061,2,2,0,0,0,7,7,89,0,7,3,2013,5,12,37,0,4,4,CR-E MEMORIAL,,0,34.01157222,-94.72909722,0,12,2,0,1,1,0,1,1,10,0,10,0,0000000,12,36,12,42,99,99,0,0,0,1,0
40,400062,2,2,0,0,0,2,2,35,0,8,3,2013,6,4,25,1,1,1,I-44,,53,36.57075,-95.21124722,0,12,1,0,1,1,0,1,2,1,0,1,0,0000000,4,35,4,46,88,88,0,0,0,1,1
40,400063,2,2,0,0,0,2,2,45,0,14,3,2013,5,9,5,1,2,2,US-283,,47,36.20575278,-99.88183056,0,12,6,0,1,1,0,1,1,10,0,10,0,0000000,9,5,9,10,9,32,0,0,0,1,0
40,400064,2,2,0,0,0,3,3,145,0,6,2,2013,4,19,35,1,2,2,US-69,,76,35.91919444,-95.39513333,0,12,6,0,1,1,0,1,2,1,0,1,0,0000000,19,35,19,42,88,88,0,0,0,1,0
40,400065,3,3,0,0,0,3,3,17,3550,7,2,2013,5,2,9,1,11,1,I-40,,355,35.460325,-97.70461389,0,12,2,0,1,1,0,1,2,5,0,5,0,0000000,2,7,2,19,88,88,0,0,0,1,1
40,400066,1,1,0,0,0,4,4,67,0,15,3,2013,6,22,40,0,6,4,CR-E1910,,0,34.245375,-97.94229444,0,34,0,0,1,1,0,4,2,1,0,1,0,0000000,22,48,23,0,23,9,0,0,0,1,0
40,400067,1,1,0,0,0,2,2,29,0,16,3,2013,7,0,35,0,4,4,CR-OLD HWY 3,,0,34.59124167,-96.28613889,0,1,0,0,1,1,0,1,2,1,0,1,0,0000000,7,48,8,33,9,43,0,0,0,1,0
40,400068,1,1,0,1,1,1,1,21,0,19,3,2013,3,23,57,0,3,2,US-62,,70,35.84703056,-95.02533889,0,8,0,0,1,1,0,1,2,1,0,1,0,0000000,23,55,23,58,88,88,0,0,0,1,0
40,400069,1,1,0,0,0,1,1,31,690,3,1,2013,5,23,25,1,2,2,US-62,,14,34.63798889,-98.48791111,0,38,0,0,1,1,0,4,2,1,0,1,0,0000000,23,27,23,44,0,8,0,0,0,1,1
40,400070,2,2,0,0,0,3,3,37,4190,5,1,2013,7,11,59,1,13,3,SR-97,W 91ST ST S,24,36.03189722,-96.11421389,0,12,6,0,2,2,0,1,1,1,0,1,0,0000000,12,1,12,8,12,55,0,0,0,1,0
40,400071,1,1,0,2,2,1,1,137,1420,7,1,2013,2,19,16,1,13,3,SR-7A,,7,34.500875,-97.94649167,0,8,0,0,1,1,0,1,2,10,0,10,0,0000000,19,18,19,52,99,99,0,0,0,1,0
40,400072,2,2,0,0,0,2,2,97,980,30,1,2013,4,15,0,1,2,2,US-69,LAKESIDE AVE,74,36.17872778,-95.34295,0,12,6,0,2,3,0,1,1,1,0,1,0,0000000,14,59,15,8,15,42,0,0,0,1,0
40,400073,1,1,0,0,0,7,7,13,0,17,2,2013,1,15,41,0,6,4,CR-ROCK CREEK RD,,0,33.98363333,-96.56689722,0,42,0,0,1,1,0,4,1,1,0,1,0,0000000,15,48,16,0,17,21,0,0,0,1,1
40,400074,1,1,0,0,0,1,1,81,0,21,2,2013,5,3,26,0,4,3,SR-18,,71,35.60418889,-96.88386111,0,32,0,0,1,1,0,4,2,3,0,3,0,0000000,3,25,3,44,4,36,0,0,0,1,0
40,400075,1,1,0,0,0,1,1,55,0,12,3,2013,3,16,47,0,6,4,CR-N207,,0,34.81406111,-99.28197778,0,35,0,0,1,1,0,4,1,1,0,1,0,0000000,99,99,99,99,88,88,0,0,0,1,1
40,400076,2,2,0,0,0,2,2,27,4335,27,2,2013,4,19,43,0,6,6,CEMETERY RD,96TH ST,0,35.11684167,-97.300525,0,12,6,0,2,2,0,1,2,1,0,1,0,0000000,19,46,19,54,88,88,0,0,0,1,1
40,400077,3,3,0,0,0,3,3,89,0,22,3,2013,6,10,59,1,2,2,US-259,,78,34.13840833,-94.74623611,0,12,6,0,1,1,0,1,1,2,0,2,0,0000000,10,58,11,4,88,88,0,0,0,2,0
40,400078,1,1,0,0,0,2,2,35,0,3,3,2013,1,2,15,0,4,4,CR-NS4440,,0,36.60225556,-95.089575,0,31,0,0,1,1,0,4,2,1,0,1,0,0000000,2,0,2,15,2,51,0,0,0,1,1
40,400079,2,2,0,0,0,4,4,37,0,1,2,2013,6,17,13,0,3,3,SR-33,CR-S 193RD W AVE,0,35.98855278,-96.20855,0,12,1,0,2,3,0,1,1,1,0,1,0,0000000,17,14,17,25,18,6,0,0,0,1,0
40,400080,2,2,0,0,0,2,2,103,0,25,2,2013,2,5,50,0,3,2,US-177,,78,36.40337222,-97.06722778,0,12,2,0,1,1,0,1,2,2,0,2,0,0000000,5,57,6,18,7,24,0,0,0,1,0
40,400081,2,2,0,0,0,3,3,101,0,28,2,2013,5,19,49,0,4,4,CR-OKTAHA RD,,0,35.64751111,-95.43455,0,24,0,0,1,1,0,4,2,1,0,1,0,0000000,19,46,19,59,20,39,0,0,0,1,1
40,400082,1,1,0,0,0,1,1,45,0,17,3,2013,1,2,13,0,3,2,US-283,,120,36.02834444,-99.75620556,0,1,0,0,1,1,0,4,2,1,0,1,0,0000000,2,17,2,26,88,88,0,0,0,1,1
40,400083,1,1,0,1,1,1,1,143,4780,28,3,2013,5,19,27,0,16,6,E 51ST ST SOUTH,S 75TH EAST AVE,0,36.08992222,-95.89277222,0,18,0,0,2,3,4,1,5,1,0,1,0,0000000,19,25,19,34,19,45,0,0,0,1,0
40,400084,1,1,0,0,0,1,1,27,3430,19,1,2013,7,2,42,0,16,6,TECUMSEH RD,,0,35.26177778,-97.42237222,0,1,0,0,1,1,0,4,2,10,0,10,0,0000000,99,99,99,99,88,88,0,0,0,1,1
40,400085,2,2,0,2,2,2,2,151,130,28,1,2013,2,10,4,1,13,2,US-64,,127,36.79756389,-98.65327778,0,12,1,0,1,1,0,1,1,1,0,1,0,0000000,10,2,10,5,10,31,0,0,0,1,0
40,400086,1,1,0,0,0,1,1,97,0,16,3,2013,7,99,99,0,4,4,CR-NS426,,0,36.29860556,-95.41761944,0,42,0,0,1,1,0,4,2,10,0,10,0,0000000,6,30,6,45,88,88,0,0,0,1,1
40,400087,1,1,0,0,0,1,1,111,0,17,3,2013,1,2,31,0,4,2,US-266,,28,35.46689444,-95.91682222,0,18,0,0,1,1,0,4,2,1,0,1,0,0000000,2,29,2,40,88,88,0,0,0,1,1
40,400088,1,1,0,1,1,1,1,37,0,30,3,2013,7,21,12,1,1,1,I-44,,334,36.01045,-96.11556667,0,8,0,0,1,1,0,1,2,10,0,10,0,0000000,21,11,21,18,88,88,0,0,0,1,0
40,400089,1,1,0,0,0,1,1,89,0,30,3,2013,7,13,50,1,2,2,US-70,,52,33.98822222,-94.74204167,0,31,0,0,1,1,0,4,1,10,0,10,0,0000000,14,6,14,17,88,88,0,0,0,1,0
40,400090,1,1,0,0,0,1,1,41,0,13,2,2013,4,99,99,0,3,2,US-59,,122,36.34055,-94.81831389,0,24,0,0,1,1,0,4,1,10,0,10,0,0000000,12,0,12,10,88,88,0,0,0,1,0
40,400091,1,1,0,0,0,3,3,17,0,3,3,2013,1,1,43,1,1,1,I-40 BUSINESS LOOP RAMP,,151,35.52963611,-98.04561389,0,1,0,1,5,1,0,2,2,1,0,1,0,0000000,1,45,2,22,2,46,0,0,0,1,1
40,400092,1,1,0,0,0,5,5,101,0,6,3,2013,4,17,37,0,6,4,CR-65TH ST E,,0,35.52974444,-95.27413333,0,32,0,0,1,1,0,4,1,10,0,10,0,0000000,17,38,17,51,88,88,0,0,0,1,1
40,400093,1,1,0,0,0,2,2,109,3550,16,2,2013,7,2,40,0,16,6,NW 92ND ST,,0,35.56450556,-97.53181111,0,10,0,0,6,1,0,1,3,10,0,10,0,012081L,2,39,2,45,88,88,0,0,0,2,1
40,400094,1,1,0,0,0,1,1,145,0,4,4,2013,5,18,54,1,2,2,US-69,,50,36.02660833,-95.36698056,0,57,0,0,1,1,0,3,1,1,0,1,0,0000000,18,50,18,53,88,88,0,0,0,1,1
40,400095,3,3,0,0,0,9,9,81,0,15,3,2013,6,17,18,1,1,1,I-44,,84,35.69401111,-97.000875,0,12,1,0,1,1,1,1,1,1,0,1,0,0000000,17,17,17,33,18,13,27,0,0,1,0
40,400096,1,1,0,0,0,7,7,55,0,16,3,2013,7,0,45,0,6,4,CR-S2040,,0,35.001475,-99.34290833,0,38,0,0,1,1,0,4,2,1,0,1,0,0000000,1,34,1,58,2,37,0,0,0,1,1
40,400097,2,2,0,0,0,8,8,79,0,21,3,2013,5,19,31,0,4,3,SR-112,,39,35.12437222,-94.57409167,0,12,6,0,1,1,0,1,5,10,0,10,0,0000000,19,18,19,35,20,29,0,0,0,1,0
40,400098,2,2,0,0,0,2,2,153,0,22,3,2013,6,20,25,1,2,3,SR-15,,60,36.42572778,-99.513275,0,12,6,0,1,1,0,1,5,1,0,1,0,0000000,20,24,20,33,88,88,0,0,0,1,0
40,400099,3,3,0,0,0,5,5,123,0,26,3,2013,3,17,32,0,4,3,SR-1,,45,34.66481667,-96.78786944,0,12,6,0,1,1,0,1,1,1,0,1,0,0000000,17,38,17,44,18,34,0,0,0,2,0
40,400100,1,1,0,0,0,2,2,97,0,1,4,2013,2,17,37,0,6,4,CR-E550,,0,36.22001667,-95.18309167,0,42,0,0,1,1,0,4,1,10,0,10,0,0000000,17,33,17,38,18,51,0,0,0,1,0
40,400101,1,1,0,0,0,1,1,31,0,13,4,2013,7,18,2,0,6,4,CR-GORE,,0,34.60846389,-98.219325,0,59,0,0,1,1,0,4,1,1,0,1,0,0000000,18,3,18,18,88,88,0,0,0,1,0
40,400102,1,1,0,0,0,1,1,109,3170,3,2,2013,1,14,55,0,14,6,SE 15TH ST,,0,35.44991389,-97.33218056,0,32,0,0,1,1,0,4,1,1,0,1,0,0000000,14,13,14,20,14,49,0,0,0,1,0
40,400103,1,1,0,0,0,1,1,31,2750,2,2,2013,7,3,50,0,16,6,NW CACHE RD,NW 75TH,0,34.62346944,-98.483025,0,33,0,0,3,3,0,4,3,1,0,1,0,0000000,3,52,4,2,4,30,0,0,0,1,1
40,400104,1,1,0,0,0,1,1,143,4780,14,3,2013,5,20,8,1,13,2,US-64,,0,36.14201944,-95.98365,0,42,0,0,1,1,0,3,3,1,0,1,0,0000000,20,3,20,9,20,24,0,0,0,1,1
40,400105,2,2,0,0,0,2,2,87,3378,25,3,2013,2,3,17,1,1,1,I-44,,2,35.28798889,-97.59964444,0,12,1,0,1,1,0,1,2,1,0,1,0,0000000,99,99,99,99,88,88,0,0,0,1,0
40,400106,1,1,0,0,0,1,1,71,0,13,4,2013,7,21,2,0,6,4,CR-PRENTICE,,0,36.78171111,-97.01381944,0,42,0,0,1,1,0,4,2,1,0,1,0,0000000,20,53,21,1,88,88,0,0,0,1,1
40,400107,1,1,0,0,0,1,1,115,0,14,4,2013,1,16,36,1,1,1,I-44,,54,36.73409167,-94.91295556,0,25,0,0,1,1,0,4,1,1,0,1,0,0000000,16,45,16,53,17,55,0,0,0,1,0
40,400108,2,2,0,0,0,2,2,103,3740,6,2,2013,4,6,1,0,14,2,US-77,11TH ST,120,36.27883333,-97.29355833,0,12,6,0,2,3,0,1,2,5,0,5,0,0000000,6,4,6,10,6,39,0,0,0,1,0
40,400109,1,1,0,0,0,1,1,109,1480,18,2,2013,2,20,26,0,14,6,COLTRANE RD,,0,35.63408611,-97.44280278,0,42,0,0,1,1,0,4,2,10,0,10,0,0000000,20,26,20,33,88,88,0,0,0,1,0
40,400110,1,1,0,0,0,2,2,51,3200,23,2,2013,7,99,99,0,5,4,CR-1175,,0,35.31242222,-97.95455278,0,1,0,0,1,1,0,4,2,1,0,1,0,0000000,22,19,22,49,99,99,0,0,0,1,1
40,400111,2,2,0,0,0,2,2,103,3740,6,3,2013,4,19,57,0,3,2,US-77,,80,36.27465278,-97.32756944,0,12,6,0,8,1,0,1,2,1,0,1,0,0000000,19,59,20,5,20,16,0,0,0,1,1
40,400112,2,2,0,0,0,4,4,47,1550,17,2,2013,1,17,50,0,15,6,E MAINE ST,S 10TH ST,0,36.39546667,-97.86368056,0,12,6,0,2,2,0,1,1,1,0,1,0,0000000,17,50,17,52,18,18,0,0,0,1,1
40,400113,2,2,0,0,0,6,6,47,1550,5,3,2013,3,7,40,1,13,2,US-412,,23,36.39066111,-97.84814722,0,12,1,0,1,1,0,1,1,1,0,1,0,0000000,7,43,7,48,8,3,23,0,0,1,0
40,400114,1,1,0,1,1,1,1,109,3550,28,3,2013,5,18,41,0,13,6,NW 23RD ST,,0,35.49316944,-97.57086111,0,8,0,0,1,1,0,1,1,10,0,10,0,0000000,18,41,18,51,19,5,0,0,0,1,0
40,400115,2,2,0,0,0,9,9,101,0,29,3,2013,6,15,3,0,4,2,US-266,SH-2,149,35.46655,-95.2951,0,12,6,0,2,2,0,1,1,10,0,10,1,0000000,15,0,15,7,16,2,0,0,0,1,0
40,400116,1,1,0,0,0,1,1,33,0,5,4,2013,6,15,25,1,1,1,I-44,,39,34.22399722,-98.47116944,0,21,0,0,1,1,0,4,1,10,0,10,0,0000000,15,23,15,40,88,88,0,0,0,1,0
40,400117,2,2,0,0,0,3,3,43,0,5,4,2013,6,15,50,1,2,2,US-270,,121,36.01561667,-98.77871667,0,12,2,0,1,1,0,1,1,1,0,1,0,0000000,15,52,16,1,16,27,0,0,0,1,0
40,400118,2,2,0,0,0,2,2,101,0,8,4,2013,2,18,3,0,3,3,SR-16,,27,35.74034444,-95.71822778,0,12,6,0,1,1,0,1,1,10,0,10,0,0000000,18,2,18,14,19,12,0,0,0,1,0
40,400119,1,1,0,0,0,2,2,81,900,9,4,2013,3,23,14,1,1,1,I-44,,158,35.72108333,-96.87379167,0,59,0,0,1,1,0,4,2,10,0,10,0,0000000,23,38,23,45,99,99,0,0,0,1,0
40,400120,1,1,0,0,0,6,6,133,0,14,4,2013,1,17,34,1,1,1,I-40,,33,35.38411111,-96.71806944,0,1,0,0,1,1,0,4,1,1,0,1,0,0000000,17,51,18,31,19,1,0,0,0,1,0
40,400121,1,1,0,0,0,1,1,129,0,24,4,2013,4,8,38,0,4,4,CR-N1750,,0,35.4685,-99.85860556,0,38,0,0,1,1,0,4,2,1,0,1,0,0000000,8,28,8,50,88,88,0,0,0,1,1
40,400122,1,1,0,0,0,1,1,145,0,25,4,2013,5,10,3,0,6,4,CR-670,,0,36.04621111,-95.39546667,0,42,0,0,1,1,0,4,1,10,0,10,0,0000000,9,58,10,10,88,88,0,0,0,1,0
40,400123,2,2,0,0,0,2,2,145,0,26,4,2013,6,5,40,0,4,4,CR-241ST ST,,0,36.01435833,-95.70815,0,12,2,0,1,1,0,1,3,10,0,10,0,0000000,5,40,5,50,6,27,0,0,0,1,0
40,400124,2,2,0,0,0,5,5,27,3550,18,3,2013,2,18,43,0,14,6,SW 119TH ST,S PORTLAND AVE,0,35.34852778,-97.58280278,0,12,6,0,2,2,0,1,1,1,0,1,0,0000000,18,43,18,56,19,39,0,0,0,1,0
40,400125,1,1,0,0,0,1,1,27,3550,29,3,2013,6,16,13,0,16,6,S STANLEY DRAPER DR,,0,35.33080278,-97.36081111,0,24,0,0,1,1,0,4,1,10,0,10,0,0000000,16,13,16,36,88,88,0,0,0,1,0
40,400126,1,1,0,0,0,3,3,31,690,26,2,2013,3,12,39,1,2,2,US-62,,119,34.63748056,-98.61746667,0,1,0,0,1,1,0,1,1,1,0,1,0,0000000,12,40,12,57,13,30,0,0,0,1,0
40,400127,1,1,0,1,1,1,1,109,3550,16,3,2013,7,23,42,1,13,3,SR-3,,25,35.55634444,-97.63483611,0,8,0,0,1,1,0,1,2,10,0,10,0,0000000,23,42,23,49,0,14,0,0,0,1,0
40,400128,2,2,0,0,0,2,2,119,0,18,3,2013,2,17,40,0,3,3,SR-33,SR-108,186,35.98586111,-96.90304167,0,12,6,0,2,2,0,1,1,1,0,1,0,0000000,17,39,17,56,88,88,0,0,0,1,0
40,400129,2,2,0,0,0,2,2,109,3550,6,3,2013,4,13,10,0,14,6,N WESTERN AVE,,0,35.633175,-97.53165278,0,12,6,0,1,1,0,1,1,1,0,1,0,0000000,13,10,13,18,14,18,0,0,0,1,0
40,400130,2,2,0,0,0,2,2,109,3550,18,3,2013,2,6,54,0,13,6,S MERIDIAN AVE,,0,35.43183056,-97.60101389,0,12,1,0,1,1,0,1,3,1,0,1,0,0000000,6,54,6,59,7,22,0,0,0,1,0
40,400131,1,1,0,0,0,2,2,27,3550,29,3,2013,6,15,59,0,16,6,S STANLEY DRAPER DR,,0,35.35767222,-97.37938889,0,1,0,0,1,1,0,4,1,10,0,10,0,0000000,16,0,16,20,16,49,0,0,0,1,0
40,400132,3,3,0,1,1,4,4,143,4780,7,4,2013,1,16,22,1,11,1,I-44,,11,36.08882778,-96.02106389,0,8,0,0,1,1,0,1,1,10,0,10,0,0000000,16,20,16,31,88,88,0,0,0,1,0
40,400133,1,1,0,0,0,1,1,39,0,7,4,2013,1,23,0,1,1,1,I-40,,106,35.52112222,-98.73241944,0,24,0,0,1,1,0,3,2,1,0,1,0,0000000,23,2,23,9,88,88,0,0,0,1,0
40,400135,3,3,0,0,0,3,3,109,3550,12,4,2013,6,21,3,1,11,1,I-240,,6,35.39361111,-97.564175,0,12,6,0,1,1,0,1,3,10,0,10,0,0000000,21,4,21,12,21,53,0,0,0,1,0
40,400136,1,1,0,0,0,1,1,89,0,13,4,2013,7,13,48,1,2,2,US-259,,3,33.71753333,-94.69435278,0,34,0,0,1,1,0,4,1,10,0,10,0,0000000,13,42,14,26,15,3,0,0,0,1,0
40,400137,1,1,0,0,0,2,2,97,0,18,4,2013,5,10,39,0,4,4,CR-W440,,0,36.38275556,-95.36015556,0,53,0,0,1,1,0,4,1,10,0,10,0,0000000,10,38,10,43,12,18,0,0,0,1,0
40,400138,1,1,0,0,0,1,1,109,3550,22,4,2013,2,1,20,1,11,1,I-44,,1,35.39722778,-97.57571944,0,1,0,0,1,1,0,4,3,1,0,1,0,0000000,1,20,1,40,88,88,0,0,0,1,1
40,400140,2,2,0,0,0,3,3,109,3550,29,4,2013,2,10,7,0,14,6,S EASTERN AVE,SE 15TH ST,0,35.44978333,-97.47694167,0,12,1,0,3,2,0,1,1,1,0,1,0,0000000,10,7,10,10,10,37,0,0,0,1,0
40,400141,2,2,0,0,0,4,4,71,0,1,5,2013,4,19,4,0,4,4,CR-UNION,,0,36.79776667,-97.08521944,0,12,2,0,1,1,0,4,1,10,0,10,0,0000000,19,2,19,9,19,42,0,0,0,1,0
40,400142,2,2,0,0,0,3,3,103,0,20,4,2013,7,22,51,0,3,2,US-177,,92,36.42368889,-97.06776389,0,12,2,0,1,1,0,1,2,1,0,1,0,0000000,22,54,23,20,0,55,0,0,0,2,0