STATE,ST_CASE,VE_TOTAL,VE_FORMS,PVH_INVL,PEDS,PERNOTMVIT,PERMVIT,PERSONS,COUNTY,CITY,DAY,MONTH,YEAR,DAY_WEEK,HOUR,MINUTE,NHS,ROAD_FNC,ROUTE,TWAY_ID,TWAY_ID2,MILEPT,LATITUDE,LONGITUD,SP_JUR,HARM_EV,MAN_COLL,RELJCT1,RELJCT2,TYP_INT,WRK_ZONE,REL_ROAD,LGT_COND,WEATHER1,WEATHER2,WEATHER,SCH_BUS,RAIL,NOT_HOUR,NOT_MIN,ARR_HOUR,ARR_MIN,HOSP_HR,HOSP_MN,CF1,CF2,CF3,FATALS,DRUNK_DR
40,400143,2,2,0,0,0,2,2,149,0,21,4,2013,1,0,11,0,4,3,SR-54A,CR-NS2350,40,35.37801111,-98.66670278,0,12,6,0,2,2,0,1,2,1,0,1,0,0000000,0,11,0,29,88,88,0,0,0,1,0
40,400144,2,2,0,0,0,2,2,97,0,26,4,2013,6,8,41,0,4,2,US-412 SCENIC,,3,36.17705833,-95.25918611,0,12,2,0,1,1,0,1,1,10,0,10,0,0000000,8,40,8,50,10,4,0,0,0,1,0
40,400145,2,2,0,0,0,2,2,71,0,26,4,2013,6,9,25,0,4,4,CR-NORTH AVE,,0,36.68075278,-97.13000278,0,12,6,0,8,1,0,1,1,2,0,2,0,0000000,9,27,9,35,88,88,0,0,0,1,1
40,400146,1,1,0,0,0,3,3,127,0,28,4,2013,1,19,0,0,3,2,US-271,,270,34.47046389,-95.29402222,0,1,0,0,1,1,0,1,1,1,0,1,0,0000000,18,53,19,6,19,50,0,0,0,1,1
40,400147,2,2,0,0,0,4,4,113,0,29,3,2013,6,14,10,0,4,3,SR-20,CR-5905,26,36.49698333,-96.67592222,0,12,6,0,2,2,0,1,1,1,0,1,0,0000000,14,11,14,29,14,59,0,0,0,1,0
40,400148,1,1,0,0,0,1,1,87,0,5,4,2013,6,17,30,1,11,1,I-35 OFF-RAMP,,133,35.04098611,-97.375875,0,1,0,1,5,1,0,4,1,1,0,1,0,0000000,17,34,17,51,18,15,0,0,0,1,0
40,400149,2,2,0,0,0,2,2,119,0,17,4,2013,4,7,25,0,3,3,SR-51,SR-108S,80,36.11663056,-96.908075,0,12,6,0,3,2,0,1,1,10,0,10,0,0000000,99,99,99,99,88,88,0,0,0,1,0
40,400150,1,1,0,0,0,1,1,143,4170,1,5,2013,4,1,27,0,16,6,E CHARLES PAGE BLVD,,0,36.136875,-96.10065833,0,33,0,0,1,1,0,4,3,1,0,1,0,0000000,1,27,1,38,1,50,0,0,0,1,1
40,400151,2,2,0,0,0,3,3,31,3123,7,5,2013,3,16,41,0,4,3,SR-49,SR-58,31,34.72439444,-98.46394444,0,12,6,0,2,3,0,1,1,1,0,1,0,0000000,16,49,17,1,17,55,0,0,0,1,0
40,400152,1,1,0,0,0,1,1,103,0,8,5,2013,4,12,52,0,6,4,CR-310,,0,36.32031389,-96.92495,0,10,0,0,6,1,0,1,1,10,0,10,0,673715E,12,44,13,2,88,88,0,0,0,1,0
40,400153,2,2,0,0,0,2,2,87,3870,6,3,2013,4,14,52,0,13,3,SR-39,,69,34.99865278,-97.37493333,0,12,2,0,1,1,0,1,1,10,0,10,0,0000000,14,54,14,58,88,88,0,0,0,1,1
40,400154,1,1,0,0,0,2,2,131,0,6,4,2013,7,0,19,1,1,1,I-44,,35,36.16270833,-95.75283333,0,52,0,0,1,1,0,4,2,10,0,10,0,0000000,0,33,0,33,1,22,0,0,0,1,1
40,400155,1,1,0,0,0,1,1,19,0,1,4,2013,2,16,0,0,4,4,CR-CHEEK RD,,0,34.14814167,-97.28251667,0,1,0,0,1,1,0,4,1,1,0,1,0,0000000,15,51,15,55,88,88,0,0,0,1,0
40,400156,3,3,0,2,2,3,3,69,0,10,4,2013,4,14,1,0,4,3,SR-48,,73,34.27166389,-96.42473889,0,12,1,0,1,1,0,1,1,2,0,2,0,0000000,13,55,14,14,14,50,23,0,0,1,0
40,400157,2,2,0,0,0,5,5,81,0,6,5,2013,2,7,3,0,4,3,SR-18,,104,35.85308333,-96.87652778,0,12,6,0,1,1,0,1,1,1,0,1,0,0000000,6,58,7,9,88,88,0,0,0,1,0
40,400158,1,1,0,0,0,1,1,143,4780,9,5,2013,5,2,45,0,13,6,RIVERSIDE DR,,0,36.11055833,-95.98350556,0,41,0,0,1,1,0,4,3,10,0,10,0,0000000,2,45,2,48,88,88,0,0,0,1,1
40,400159,1,1,0,0,0,1,1,9,0,12,5,2013,1,17,6,0,4,3,SR-34,,23,35.15015,-99.50192778,0,1,0,0,1,1,0,4,1,1,0,1,0,0000000,17,5,17,25,18,26,0,0,0,1,1
40,400160,1,1,0,0,0,1,1,75,0,6,5,2013,2,1,56,0,4,4,CR-NS2090,,0,35.02413056,-99.25432778,0,35,0,0,1,1,0,4,2,1,0,1,0,0000000,2,8,2,22,88,88,0,0,0,1,1
40,400161,2,2,0,0,0,2,2,121,0,13,5,2013,2,18,35,0,4,3,SR-31,,22,34.92838056,-95.68967222,0,12,2,0,1,1,0,1,1,1,0,1,0,0000000,18,38,18,48,19,27,0,0,0,2,0
40,400162,1,1,0,0,0,2,2,35,0,5,5,2013,1,16,41,1,1,1,I-44,,28,36.54001944,-95.23668889,0,25,0,0,1,1,0,3,1,10,0,10,0,0000000,16,42,16,57,18,15,0,0,0,1,1
40,400163,2,2,0,0,0,4,4,49,0,30,3,2013,7,21,20,0,3,3,SR-29,,32,34.62312778,-97.508525,0,12,2,0,1,1,0,1,2,1,0,1,0,0000000,21,14,21,22,23,3,0,0,0,2,2
40,400164,3,3,0,0,0,3,3,29,0,15,5,2013,4,15,49,1,2,2,US-75,,21,34.44530556,-96.20657222,0,12,2,0,1,1,0,1,1,10,0,10,0,0000000,15,46,15,51,16,29,0,0,0,1,0
40,400165,3,3,0,0,0,3,3,51,3416,8,3,2013,6,20,0,1,2,2,US-81,,211,34.98169722,-97.95134167,0,12,2,0,1,1,0,1,2,2,0,2,0,0000000,19,13,19,23,20,1,0,0,0,1,0
40,400166,3,3,0,0,0,4,4,17,4830,27,2,2013,4,15,12,1,2,2,US-81,,21,35.39533889,-97.93713056,0,12,1,0,1,1,0,1,1,1,0,1,0,0000000,15,22,15,37,15,57,0,0,0,1,0
40,400167,2,1,1,0,0,1,1,47,1550,6,3,2013,4,20,40,0,15,6,W OKLAHOMA AVE,,0,36.39339444,-97.89686667,0,14,0,0,1,1,0,7,2,1,0,1,0,0000000,20,40,20,44,21,5,0,0,0,1,1
40,400168,1,1,0,0,0,1,1,31,2750,15,3,2013,6,2,10,1,1,1,I-44,,10,34.52178333,-98.41271389,0,21,0,0,1,1,0,4,2,1,0,1,0,0000000,2,15,2,25,88,88,0,0,0,1,1
40,400169,2,2,0,0,0,12,12,5,4797,22,3,2013,6,8,14,1,2,2,US-69,,123,34.317525,-96.16871389,0,12,6,0,1,1,0,1,1,10,0,10,0,0000000,8,14,8,18,8,33,0,0,0,3,0
40,400170,2,2,0,0,0,5,5,37,0,10,4,2013,4,7,36,0,3,3,SR-33,,108,36.00305278,-96.433275,0,12,6,0,8,1,0,1,1,2,0,2,0,0000000,8,0,8,20,9,2,0,0,0,1,0
40,400171,2,2,0,0,0,2,2,97,0,12,4,2013,6,17,17,0,4,3,SR-82,,33,36.13846111,-95.15047222,0,12,6,0,1,1,0,1,1,10,0,10,0,0000000,17,18,17,21,88,88,0,0,0,1,0
40,400172,2,2,0,0,0,4,4,143,4780,8,5,2013,4,17,28,0,14,6,S PEORIA AVE,E 56TH ST S,0,36.08251944,-95.97573611,0,12,6,0,2,2,0,1,1,10,0,10,0,0000000,17,27,17,32,88,88,0,0,0,1,0
40,400173,1,1,0,0,0,2,2,71,3380,10,5,2013,6,99,99,0,6,6,FORK RD,,0,36.91196389,-97.02913889,0,38,0,0,1,1,0,4,2,10,0,10,0,0000000,6,35,6,42,88,88,0,0,0,2,1
40,400174,1,1,0,0,0,1,1,93,0,10,5,2013,6,17,25,0,6,4,CR-NS230,CR-EW53,0,36.24669444,-98.90302222,0,1,0,0,2,3,0,1,1,1,0,1,0,0000000,17,27,18,6,19,26,0,0,0,1,1
40,400175,1,1,0,0,0,1,1,15,0,12,5,2013,1,23,11,0,4,2,US-277,,70,34.92223056,-98.15856111,0,1,0,0,1,1,0,4,2,1,0,1,0,0000000,23,38,0,8,88,88,0,0,0,1,0
40,400176,2,2,0,0,0,3,3,133,0,15,5,2013,4,7,2,0,3,2,US-270,,49,35.12117778,-96.47843611,0,12,2,0,1,1,0,1,1,1,0,1,0,0000000,7,6,7,9,7,45,0,0,0,2,0
40,400177,2,2,0,0,0,5,5,7,0,19,5,2013,1,17,0,1,2,2,US-270,,95,36.61616389,-100.3526389,0,12,6,0,1,1,0,1,1,10,0,10,0,0000000,17,15,17,31,18,23,0,0,0,1,0
40,400178,1,1,0,0,0,4,4,99,0,14,4,2013,1,8,55,1,1,1,I-35,,51,34.44715,-97.13163333,0,24,0,0,1,1,0,4,1,1,0,1,0,0000000,8,54,9,6,9,50,0,0,0,1,0
40,400179,2,2,0,0,0,2,2,87,0,17,5,2013,6,2,58,1,1,1,I-35,,45,34.9144,-97.35527222,0,12,9,0,1,1,0,1,2,5,0,5,0,0000000,3,0,3,7,88,88,0,0,0,1,0
40,400180,1,1,0,0,0,4,4,81,0,17,5,2013,6,21,15,0,4,3,SR-66,,8,35.67001111,-97.12845,0,34,0,0,1,1,0,4,2,10,0,10,0,0000000,21,18,21,32,22,28,0,0,0,2,1
40,400181,1,1,0,0,0,1,1,15,0,15,5,2013,4,4,43,1,1,1,I-40,,70,35.52936667,-98.50057222,0,24,0,0,1,1,0,4,2,1,0,1,0,0000000,4,55,5,7,88,88,0,0,0,1,0
40,400182,1,1,0,0,0,2,2,37,0,30,4,2013,3,16,14,0,3,3,SR-33,,141,36.00224722,-96.3746,0,1,0,0,1,1,0,4,1,1,0,1,0,0000000,16,12,16,18,17,56,0,0,0,1,0
40,400183,1,1,0,0,0,1,1,75,0,24,5,2013,6,16,48,0,4,3,SR-44,,24,35.03868611,-99.18418333,0,34,0,0,1,1,0,4,1,10,0,10,0,0000000,16,44,16,45,88,88,0,0,0,1,1
40,400184,1,1,0,0,0,1,1,19,0,26,4,2013,6,8,33,1,1,1,I-35,,146,34.27837222,-97.16073333,0,59,0,0,1,1,0,4,1,10,0,10,0,0000000,8,47,8,57,9,55,0,0,0,1,0
40,400185,2,2,0,0,0,3,3,69,0,29,4,2013,2,8,22,0,4,3,SR-78,SR-22,153,34.23035278,-96.63305833,0,12,6,0,2,3,0,1,1,1,0,1,0,0000000,8,17,8,39,9,32,0,0,0,1,0
40,400186,1,1,0,1,1,1,1,101,4980,18,1,2013,6,5,30,0,6,6,3RD AVE,,0,35.48826944,-95.30646111,0,8,0,0,1,1,0,1,2,1,0,1,0,0000000,5,23,5,30,88,88,0,0,0,1,0
40,400187,2,2,0,0,0,2,2,143,4780,20,5,2013,2,20,40,0,16,6,E 81ST ST S,,0,36.04636944,-95.89242778,0,12,6,0,1,1,0,1,2,10,0,10,0,0000000,20,39,20,44,21,6,0,0,0,1,1
40,400188,1,1,0,0,0,1,1,89,0,22,5,2013,4,1,0,0,6,4,CR-NO NAME,,0,34.03064722,-94.56015833,0,18,0,0,1,1,0,1,2,10,0,10,0,0000000,4,14,4,45,88,88,0,0,0,1,0
40,400189,1,1,0,0,0,1,1,3,0,22,5,2013,4,1,45,0,3,3,SR-11,,138,36.81120556,-98.11378611,0,11,0,0,1,1,0,1,3,10,0,10,0,0000000,1,53,2,12,3,40,0,0,0,1,0
40,400190,2,2,0,1,1,2,2,109,3550,18,5,2013,7,23,13,1,11,1,I-240,,23,35.39131111,-97.533825,0,8,0,0,1,1,0,1,3,2,0,2,0,0000000,23,14,23,21,23,36,0,0,0,1,0
40,400191,1,1,0,0,0,2,2,77,0,22,5,2013,4,10,39,0,6,4,CR-SALONIA RD,,0,34.89847222,-95.00138333,0,34,0,0,1,1,0,4,1,10,0,10,0,0000000,10,41,11,19,12,28,0,0,0,1,0
40,400192,1,1,0,0,0,3,3,41,0,28,5,2013,3,19,55,0,4,4,CR-250 RD,,0,36.65596111,-94.79429167,0,42,0,0,1,1,0,4,1,1,0,1,0,0000000,19,42,19,51,21,34,0,0,0,3,0
40,400193,1,1,0,0,0,2,2,143,1870,9,3,2013,7,1,30,1,13,2,US-75,,40,35.91429444,-96.01268889,0,59,0,0,1,1,0,4,2,1,0,1,0,0000000,1,47,2,10,2,35,0,0,0,1,1
40,400194,1,1,0,0,0,1,1,101,3310,15,3,2013,6,18,9,0,16,6,E BROADWAY ST,,0,35.74651667,-95.361975,0,42,0,0,1,1,0,4,1,1,0,1,0,0000000,18,7,18,13,88,88,0,0,0,1,0
40,400195,1,1,0,0,0,2,2,101,1690,9,3,2013,7,4,9,0,6,6,W POPLAR RD,,0,35.79244167,-95.25957222,0,1,0,0,1,1,0,4,2,1,0,1,0,0000000,4,10,4,18,4,36,0,0,0,1,1
40,400196,2,2,0,0,0,3,3,143,1870,31,3,2013,1,9,12,0,3,3,SR-67,S PEORIA AVE,30,35.94471389,-95.97600556,0,12,6,0,2,2,0,1,1,1,0,1,0,0000000,9,17,9,24,10,25,0,0,0,1,0
40,400197,2,2,0,0,0,4,4,13,0,27,4,2013,7,10,48,1,2,2,US-70,,60,33.99817778,-96.53007222,0,12,2,0,1,1,0,1,1,1,0,1,0,0000000,10,49,10,56,11,47,0,0,0,1,0
40,400198,1,1,0,0,0,1,1,75,0,1,5,2013,4,14,19,0,4,4,CR-NS2300,,0,35.02935278,-98.88473333,0,5,0,0,1,1,0,5,1,10,0,10,0,0000000,14,29,14,45,88,88,24,0,0,1,0
40,400199,2,2,0,0,0,2,2,31,0,15,5,2013,4,10,20,0,4,3,SR-58,CR-WOLF,62,34.79718889,-98.51980278,0,12,6,0,2,2,0,1,1,1,0,1,0,0000000,10,24,10,43,11,23,0,0,0,1,0
40,400200,2,2,0,0,0,2,2,131,0,18,5,2013,7,7,15,0,4,4,CR-NS425,CR-EW59,0,36.16232778,-95.44003889,0,12,6,0,2,2,0,1,1,10,0,10,0,0000000,7,10,7,26,88,88,0,0,0,1,1
40,400201,1,1,0,1,1,1,1,119,4460,21,5,2013,3,18,45,1,13,3,SR-51,LEWIS ST,171,36.11566389,-97.05707778,0,8,0,0,2,4,0,1,1,10,0,10,0,0000000,19,38,20,5,21,27,0,0,0,1,0
40,400202,1,1,0,0,0,1,1,41,0,24,5,2013,6,22,32,0,4,4,CR-E400,,0,36.42338333,-94.889675,0,38,0,0,1,1,0,4,2,10,0,10,0,0000000,22,54,23,8,88,88,0,0,0,1,1
40,400203,1,1,0,0,0,2,2,39,0,6,5,2013,2,14,50,0,4,4,CR-2240,CR-1010,0,35.551425,-98.99380556,0,1,0,0,3,3,0,4,1,1,0,1,0,0000000,14,51,14,56,88,88,0,0,0,1,1
40,400204,2,2,0,0,0,4,4,125,0,17,5,2013,6,12,43,0,4,3,SR-9A,,72,35.21599167,-96.82672778,0,12,6,0,8,1,0,1,1,10,0,10,0,0000000,12,45,12,51,13,54,0,0,0,1,0
40,400205,2,2,0,0,0,3,3,109,3550,11,2,2013,2,7,27,0,14,6,S WESTERN AVE,,0,35.45413889,-97.53014167,0,12,2,0,8,1,0,1,1,1,0,1,0,0000000,7,28,7,36,7,49,0,0,0,1,0
40,400206,2,2,0,0,0,3,3,109,3550,15,2,2013,6,3,42,1,11,1,I-235,,45,35.51747222,-97.517025,0,12,2,0,1,1,0,1,2,10,0,10,0,0000000,3,42,3,53,4,4,0,0,0,1,1
40,400207,1,1,0,0,0,1,1,75,0,1,6,2013,7,15,29,0,4,3,SR-54,,184,34.89770278,-98.86671944,0,1,0,0,1,1,0,4,1,1,0,1,0,0000000,15,30,15,51,88,88,0,0,0,1,1
40,400208,1,1,0,0,0,1,1,71,0,3,6,2013,2,18,4,0,6,4,CR-RANCH DR,,0,36.79964722,-97.13876389,0,1,0,0,1,1,0,4,1,1,0,1,0,0000000,17,53,18,5,88,88,0,0,0,1,0
40,400209,3,2,1,0,1,3,4,87,0,20,5,2013,2,16,46,1,1,1,I-44,,48,35.279425,-97.60200556,0,12,6,0,1,1,0,1,1,10,0,10,0,0000000,16,40,16,46,17,28,26,0,0,1,0
40,400210,1,1,0,0,0,2,2,35,0,28,5,2013,3,17,33,0,3,2,US-59,,152,36.85054444,-95.12101667,0,32,0,0,1,1,0,4,1,10,0,10,0,0000000,17,37,17,58,18,41,1,0,0,2,0
40,400211,1,1,0,0,0,1,1,143,4780,9,6,2013,1,20,18,0,16,6,N CHOCTAW DR,,0,36.21925,-95.89811111,0,1,0,0,1,1,0,1,1,1,0,1,0,0000000,99,99,20,24,88,88,0,0,0,1,0
40,400212,1,1,0,0,0,2,2,143,590,24,5,2013,6,23,29,0,16,6,ELM PL,,0,36.081275,-95.79729167,0,33,0,0,1,1,0,4,2,1,0,1,0,0000000,23,31,23,35,0,11,0,0,0,2,1
40,400213,2,2,0,0,0,3,3,37,2490,12,4,2013,6,14,45,0,4,3,SR-66,,176,35.98125556,-96.19275278,0,12,2,0,1,1,0,1,1,1,0,1,0,0000000,15,21,15,28,16,10,0,0,0,2,0
40,400214,1,1,0,0,0,1,1,41,2474,9,4,2013,3,13,45,0,3,2,US-59,,15,36.22696944,-94.77964167,0,43,0,0,1,1,0,4,1,1,0,1,0,0000000,88,88,88,88,88,88,0,0,0,1,0
40,400215,2,2,0,0,0,4,4,81,830,14,4,2013,1,16,11,0,3,2,US-177,HAMNER PARK RD,80,35.79782222,-97.017975,0,12,1,0,3,2,0,1,1,1,0,1,0,0000000,16,11,16,25,88,88,0,0,0,1,1
40,400216,1,1,0,0,0,1,1,27,3550,11,5,2013,7,22,16,0,16,6,SE 149TH ST,,0,35.319175,-97.22305556,0,1,0,0,1,1,4,1,2,1,0,1,0,0000000,22,16,22,32,23,2,0,0,0,1,1
40,400217,1,1,0,0,0,2,2,109,3170,11,5,2013,7,11,30,0,16,6,SE 15TH ST,,0,35.4497,-97.39440278,0,33,0,0,1,1,0,4,1,1,0,1,0,0000000,11,32,11,35,11,55,0,0,0,1,0
40,400218,2,2,0,0,0,2,2,119,0,29,5,2013,4,14,1,0,3,3,SR-33,HARMONY RD,20,35.98565278,-96.73221111,0,12,6,0,2,2,0,1,1,10,0,10,0,0000000,13,58,14,4,14,34,0,0,0,1,0
40,400219,2,2,0,0,0,3,3,119,0,4,6,2013,3,11,6,0,3,3,SR-33,,44,35.98588333,-97.156775,0,12,2,0,1,1,0,1,1,1,0,1,0,0000000,11,6,11,19,12,24,0,0,0,2,0
40,400220,2,2,0,0,0,3,3,17,3550,15,5,2013,4,16,49,0,14,6,S MORGAN RD,,0,35.44966111,-97.68919722,0,12,6,0,8,1,0,1,1,10,0,10,0,0000000,16,50,17,5,17,57,0,0,0,1,0
40,400221,2,2,0,0,0,3,3,149,4250,28,4,2013,1,10,34,0,4,3,SR-44,SR-55,31,35.16037778,-99.17576667,0,12,6,0,2,2,0,1,1,10,0,10,0,0000000,99,99,99,99,99,99,0,0,0,1,0
40,400222,2,2,0,0,0,2,2,43,0,29,5,2013,4,12,1,0,4,3,SR-47,CR-NS213,90,35.84117778,-99.197925,0,12,6,0,2,2,4,1,1,10,0,10,0,0000000,12,19,12,34,88,88,0,0,0,1,0
40,400223,1,1,0,0,0,1,1,39,0,3,6,2013,2,11,25,1,2,2,US-183,,27,35.55384722,-98.96669722,0,1,0,0,1,1,4,1,1,1,0,1,0,0000000,11,22,11,27,11,53,0,0,0,1,0
40,400224,1,1,0,1,1,1,1,143,4780,13,6,2013,5,22,26,0,16,6,S 193RD EAST AVE,,0,36.13088889,-95.76168611,0,8,0,0,1,1,0,1,2,1,0,1,0,0000000,22,25,22,35,88,88,0,0,0,1,0
40,400225,1,1,0,0,0,2,2,115,0,8,6,2013,7,1,3,0,4,4,CR-S700 RD,,0,36.96557778,-94.61878611,0,1,0,0,1,1,0,4,2,10,0,10,0,0000000,0,50,0,59,1,34,0,0,0,1,1
40,400226,2,2,0,0,0,2,2,121,0,25,5,2013,7,19,52,0,3,3,SR-9,CR-FISHER RD,30,35.23915556,-95.51253889,0,12,6,0,2,2,0,1,1,1,0,1,0,0000000,19,54,20,1,20,24,0,0,0,1,2
40,400227,4,4,0,0,0,8,8,13,0,20,5,2013,2,15,11,1,2,2,US-70,,39,33.99811944,-96.30620278,0,54,11,0,1,1,0,1,1,10,0,10,0,0000000,15,11,15,19,16,51,14,0,0,1,0
40,400228,2,2,0,0,0,2,2,101,0,9,5,2013,5,16,23,0,4,2,US-64,,48,35.79890833,-95.67015556,0,12,2,0,1,1,0,1,1,2,0,2,0,0000000,16,14,16,31,17,28,0,0,0,1,0
40,400229,2,2,0,0,0,2,2,27,4335,30,5,2013,5,7,28,0,4,2,US-77,,66,35.09250278,-97.34454167,0,53,0,0,1,1,0,4,1,1,0,1,0,0000000,7,31,7,37,8,4,0,0,0,1,0
40,400230,2,2,0,0,0,3,3,53,0,26,5,2013,1,10,15,0,4,3,SR-132,,30,36.63576667,-98.01948889,0,12,2,0,1,1,0,1,1,1,0,1,0,0000000,10,22,10,43,99,99,0,0,0,2,0
40,400231,2,2,0,0,0,1,1,109,3550,30,4,2013,3,5,37,1,11,1,I-240,,87,35.39062778,-97.42134722,0,12,6,0,1,1,0,1,2,1,0,1,0,0000000,5,40,5,48,6,21,19,23,0,1,0
40,400232,1,1,0,0,0,2,2,89,2370,3,5,2013,6,22,54,1,2,2,US-70,,30,33.881025,-94.85033333,0,59,0,0,1,1,0,4,2,1,0,1,0,0000000,23,11,23,16,23,37,0,0,0,1,1
40,400233,1,1,0,0,0,1,1,109,3550,28,5,2013,3,0,32,1,11,1,I-35 OFF-RAMP,,8,35.3891,-97.47828056,0,1,0,1,5,1,0,1,3,1,0,1,0,0000000,0,34,0,38,0,56,0,0,0,1,0
40,400234,1,1,0,0,0,3,3,39,0,31,5,2013,6,6,25,1,1,1,I-40,,62,35.47990556,-99.03862778,0,1,0,0,1,1,0,1,4,1,0,1,0,0000000,6,31,6,40,7,35,0,0,0,1,0
40,400235,1,1,0,0,0,1,1,125,4300,7,6,2013,6,16,41,1,11,1,I-40,,115,35.38371111,-96.94156944,0,34,0,0,1,1,0,4,1,1,0,1,0,0000000,16,43,16,54,88,88,0,0,0,1,0
40,400236,1,1,0,0,0,2,2,143,0,7,6,2013,6,21,45,0,4,4,CR-AVERY DR,,0,36.12495833,-96.08321667,0,24,0,0,1,1,0,4,2,1,0,1,0,0000000,21,43,21,56,22,39,0,0,0,1,0
40,400237,2,2,0,0,0,2,2,27,3220,1,6,2013,7,19,25,1,13,3,SR-77H,,31,35.30641667,-97.42361944,0,12,6,0,8,1,0,1,1,1,0,1,0,0000000,19,28,19,33,20,5,0,0,0,1,1
40,400238,2,2,0,0,0,2,2,51,0,7,6,2013,6,12,14,0,4,4,CR-1540,,0,34.78333611,-97.87197778,0,12,2,0,1,1,0,1,1,10,0,10,0,0000000,99,99,99,99,88,88,0,0,0,1,0
40,400239,1,1,0,1,1,1,1,109,3550,10,6,2013,2,16,0,0,16,6,SW 25TH ST,S HARVEY AVE,0,35.43936944,-97.51813889,0,8,0,0,2,2,0,1,1,1,0,1,0,0000000,16,2,16,8,16,25,0,0,0,1,0
40,400240,2,2,0,0,0,2,2,79,0,12,6,2013,4,17,15,1,2,2,US-59,CR-HICKS RD,129,34.76545833,-94.64066944,0,12,2,0,2,3,0,1,1,1,0,1,0,0000000,17,12,17,24,18,47,0,0,0,1,0
40,400241,1,1,0,0,0,1,1,143,4170,15,6,2013,7,2,0,0,16,6,OLD NORTH RD,,0,36.15694167,-96.08506667,0,42,0,0,1,1,0,4,2,1,0,1,0,0000000,99,99,99,99,88,88,0,0,0,1,1
40,400242,1,1,0,1,1,1,1,143,4780,21,6,2013,6,15,8,0,16,6,E PINE ST,N SHERIDAN RD,0,36.17710278,-95.90461944,0,8,0,0,2,2,0,1,1,1,0,1,0,0000000,15,9,15,19,15,31,0,0,0,1,0
40,400243,2,2,0,0,0,4,4,79,3840,12,6,2013,4,17,27,1,13,2,US-59,PAUL MATHIES DR,14,35.04921944,-94.62841667,0,12,6,0,3,3,0,1,1,10,0,10,0,0000000,17,25,17,29,17,40,0,0,0,1,0
40,400244,1,1,0,0,0,2,2,95,0,2,6,2013,1,3,0,0,4,4,CR-EDGE RD,,0,33.85442778,-96.76113889,0,35,0,0,1,1,0,4,2,1,0,1,0,0000000,2,33,2,52,99,99,0,0,0,1,1
40,400245,2,2,0,0,0,2,2,149,0,6,6,2013,5,18,55,0,4,3,SR-152,,86,35.29141111,-99.21253333,0,12,6,0,1,1,0,1,1,1,0,1,0,0000000,18,58,19,8,88,88,0,0,0,1,0
40,400246,2,2,0,0,0,4,4,129,0,6,6,2013,5,22,52,0,3,3,SR-34,,20,35.58048333,-99.37693611,0,12,6,0,1,1,0,1,2,10,0,10,0,0000000,22,57,23,12,0,27,19,23,0,1,0
40,400247,3,3,0,0,0,3,3,113,0,7,6,2013,6,12,46,1,2,2,US-60,,43,36.67694167,-96.9914,0,12,6,0,1,1,0,1,1,10,0,10,0,0000000,12,48,12,59,13,24,0,0,0,1,0
40,400248,1,1,0,0,0,1,1,35,0,13,6,2013,5,17,27,0,4,3,SR-10,,78,36.93706944,-95.08956667,0,38,0,0,1,1,0,4,1,1,0,1,0,0000000,17,25,17,39,88,88,0,0,0,1,0
40,400249,1,1,0,0,0,1,1,145,0,13,6,2013,5,17,56,1,1,8,CREEK TURNPIKE,,21,36.07620556,-95.73530556,0,38,0,0,1,1,0,4,1,10,0,10,0,0000000,7,57,7,58,88,88,0,0,0,1,0
40,400250,2,2,0,0,0,5,5,109,3550,22,6,2013,7,8,49,0,3,3,SR-74,,82,35.62195833,-97.58505833,0,12,6,0,1,1,0,1,1,1,0,1,0,0000000,8,48,8,55,9,23,0,0,0,1,0
40,400251,1,1,0,0,0,1,1,17,3550,7,6,2013,6,12,37,0,14,6,N MORGAN RD,,0,35.47125833,-97.68901389,0,10,0,0,6,1,0,1,1,10,0,10,0,596862F,88,88,88,88,88,88,0,0,0,1,0
40,400252,1,1,0,0,0,1,1,133,4240,11,5,2013,7,8,11,0,14,6,CR-EW1240 RD,OLD HWY 99 RD,0,35.21758056,-96.67094444,0,35,0,0,3,3,0,4,2,10,0,10,0,0000000,8,12,8,15,88,88,0,0,0,1,1
40,400253,2,2,0,0,0,3,3,143,4780,20,6,2013,5,4,50,0,14,6,S MEMORIAL DR,E 11TH ST,0,36.14804444,-95.8866,0,12,6,0,2,2,0,1,3,1,0,1,0,0000000,4,54,5,2,5,18,0,0,0,1,0
40,400254,1,1,0,0,0,1,1,121,0,29,6,2013,7,10,37,0,3,3,SR-9,,14,35.23914167,-95.54074167,0,24,0,0,1,1,0,4,1,1,0,1,0,0000000,88,88,88,88,88,88,0,0,0,1,0
40,400255,2,2,0,0,0,2,2,109,3550,26,4,2013,6,10,29,0,14,6,N KELLEY AVE,,0,35.49720556,-97.49440278,0,12,6,0,8,1,0,1,1,10,0,10,0,0000000,10,30,10,36,10,48,0,0,0,1,0
40,400256,2,2,0,0,0,2,2,121,0,11,6,2013,3,13,21,0,3,3,SR-9,,63,35.23112222,-95.4556,0,12,6,0,8,1,0,1,1,1,0,1,0,0000000,13,22,13,31,13,57,0,0,0,1,0
40,400257,2,2,0,0,0,2,2,131,0,25,6,2013,3,14,39,1,2,2,US-412,CR-NS4230,145,36.16938611,-95.47596111,0,12,6,0,2,2,0,1,1,10,0,10,0,0000000,14,39,14,54,88,88,0,0,0,1,0
40,400258,2,2,0,0,0,3,3,81,900,27,6,2013,5,10,13,1,11,1,I-44,,154,35.71968333,-96.880875,0,12,1,0,1,1,0,1,1,1,0,1,0,0000000,10,48,11,17,11,53,26,0,0,1,0