STATE,ST_CASE,VE_TOTAL,VE_FORMS,PVH_INVL,PEDS,PERNOTMVIT,PERMVIT,PERSONS,COUNTY,CITY,DAY,MONTH,YEAR,DAY_WEEK,HOUR,MINUTE,NHS,ROAD_FNC,ROUTE,TWAY_ID,TWAY_ID2,MILEPT,LATITUDE,LONGITUD,SP_JUR,HARM_EV,MAN_COLL,RELJCT1,RELJCT2,TYP_INT,WRK_ZONE,REL_ROAD,LGT_COND,WEATHER1,WEATHER2,WEATHER,SCH_BUS,RAIL,NOT_HOUR,NOT_MIN,ARR_HOUR,ARR_MIN,HOSP_HR,HOSP_MN,CF1,CF2,CF3,FATALS,DRUNK_DR
40,400259,1,1,0,0,0,2,2,135,0,28,6,2013,6,12,45,0,4,4,CR-WILSON ROCK,,0,35.33139167,-94.58431667,0,35,0,0,1,1,0,4,1,1,0,1,0,0000000,12,40,12,48,13,35,0,0,0,1,0
40,400260,2,2,0,0,0,10,10,89,0,4,6,2013,3,16,45,0,6,4,CR-NO NAME,,0,34.34548889,-94.83894444,0,12,2,0,1,1,0,1,1,1,0,1,0,0000000,16,41,17,12,17,31,0,0,0,1,0
40,400261,2,2,0,0,0,4,4,27,3220,20,6,2013,5,18,17,0,14,6,S BROADWAY AVE,,0,35.30821111,-97.47151389,0,12,2,0,1,1,0,1,1,1,0,1,0,0000000,18,25,18,32,18,55,0,0,0,1,0
40,400262,2,2,0,0,0,5,5,15,0,21,6,2013,6,18,57,1,1,1,I-40,,3,35.53628333,-98.61768889,0,54,11,0,1,1,0,1,1,1,0,1,0,0000000,18,59,19,5,19,55,14,0,0,2,0
40,400263,2,2,0,0,0,7,7,131,0,22,6,2013,7,0,42,1,1,1,I-44,,175,36.33369444,-95.51734444,0,12,1,0,1,1,0,1,2,10,0,10,0,0000000,1,58,2,10,3,22,0,0,0,2,1
40,400264,2,2,0,0,0,4,4,11,5020,23,6,2013,1,19,58,0,6,6,N BURFORD AVE,10TH ST,0,35.85490556,-98.41059444,0,12,6,0,2,2,0,1,1,1,0,1,0,0000000,19,55,20,3,20,50,0,0,0,1,1
40,400265,1,1,0,0,0,3,3,19,210,30,6,2013,1,1,56,0,16,6,CARTER SE,,0,34.13406389,-97.12537778,0,42,0,0,1,1,0,4,2,1,0,1,0,0000000,2,5,2,15,2,56,0,0,0,1,0
40,400266,2,2,0,0,0,4,4,147,300,5,7,2013,6,10,46,1,13,2,US-75,,198,36.70861944,-95.93516111,0,12,6,0,8,1,0,1,1,1,0,1,0,0000000,10,58,11,25,12,6,0,0,0,1,0
40,400267,1,1,0,0,0,2,2,31,0,6,7,2013,7,23,17,1,2,2,US-277,,39,34.50535833,-98.40223611,0,1,0,0,1,1,0,4,2,1,0,1,0,0000000,23,20,23,34,0,25,20,0,0,1,1
40,400268,4,4,0,0,0,6,6,143,4780,29,6,2013,7,2,34,0,16,6,S MEMORIAL DR,E 49TH ST,0,36.09312778,-95.88661944,0,12,6,0,2,3,0,1,3,1,0,1,0,0000000,2,33,2,37,2,56,0,0,0,1,0
40,400269,2,2,0,0,0,5,5,145,0,5,6,2013,4,14,5,0,3,3,SR-51,,30,35.94003056,-95.36190556,0,12,6,0,8,1,0,1,1,10,0,10,0,0000000,14,10,14,36,15,13,0,0,0,1,0
40,400270,1,1,0,0,0,2,2,37,0,27,6,2013,5,22,53,0,4,4,CR-41ST SOUTH,,0,36.10925833,-96.34282222,0,42,0,0,1,1,0,4,2,1,0,1,0,0000000,22,46,23,3,23,48,0,0,0,1,1
40,400271,1,1,0,1,1,2,2,97,0,28,6,2013,6,4,38,1,1,1,I-44,,51,36.43843333,-95.38073611,0,8,0,0,1,1,4,1,2,1,0,1,0,0000000,4,33,4,48,88,88,23,19,0,1,0
40,400272,2,2,0,0,0,5,5,41,0,6,7,2013,7,0,27,1,2,2,US-412,SH-412A,19,36.21533611,-94.97695833,0,12,6,0,2,2,4,1,2,1,0,1,0,0000000,0,27,0,30,1,6,0,0,0,1,1
40,400273,3,3,0,0,0,5,5,109,3550,12,7,2013,6,17,31,1,11,1,I-40,,63,35.46225278,-97.48457222,0,12,1,0,1,1,0,1,1,1,0,1,0,0000000,17,34,17,48,18,17,28,0,0,1,0
40,400274,2,2,0,0,0,3,3,27,3430,31,5,2013,6,21,39,0,4,6,156TH AVE NE,,0,35.281275,-97.21236111,0,12,6,0,1,1,0,1,3,2,0,2,0,0000000,21,42,22,11,23,2,0,0,0,1,0
40,400275,3,3,0,0,0,4,4,143,4780,12,7,2013,6,6,30,1,12,2,US-75,,22,36.18517778,-95.96104167,0,24,0,0,1,1,0,4,4,1,0,1,0,0000000,6,37,6,42,7,10,0,0,0,2,0
40,400276,1,1,0,1,1,1,1,27,3430,26,4,2013,6,4,30,0,4,6,60TH AVE NW,,0,35.24728611,-97.52957222,0,8,0,0,1,1,0,1,2,10,0,10,0,0000000,99,99,99,99,88,88,0,0,0,1,0
40,400277,1,1,0,1,1,1,1,109,3550,11,5,2013,7,23,24,0,13,6,S MAY AVE,,0,35.41352778,-97.56553056,0,9,0,0,1,1,0,1,2,1,0,1,0,0000000,23,24,23,32,23,58,0,0,0,1,1
40,400278,2,2,0,0,0,2,2,45,0,4,7,2013,5,10,50,1,2,2,US-283,,26,36.17523333,-99.88179722,0,12,2,0,1,1,0,1,1,10,0,10,0,0000000,10,56,11,6,88,88,0,0,0,2,0
40,400279,3,3,0,0,0,4,4,109,3550,25,5,2013,7,0,17,1,11,1,I-44,,1,35.46183056,-97.57598611,0,12,6,0,1,1,0,1,3,1,0,1,0,0000000,0,18,0,35,1,2,0,0,0,1,0
40,400280,2,2,0,0,0,2,2,151,0,1,7,2013,2,15,45,0,6,6,GRANT RD,,0,36.73972778,-98.99634167,0,12,2,0,1,1,0,1,1,1,0,1,0,0000000,15,48,16,13,16,56,0,0,0,1,0
40,400281,2,2,0,0,0,2,2,89,0,3,6,2013,2,14,17,1,2,2,US-259,,41,34.373075,-94.73978056,0,12,6,0,1,1,0,1,1,10,0,10,0,0000000,14,19,15,17,16,16,0,0,0,1,0
40,400282,4,4,0,0,0,6,6,109,3550,28,6,2013,6,18,29,1,11,1,I-40,,97,35.41524444,-97.32022778,0,12,1,0,1,1,0,1,1,1,0,1,0,0000000,18,30,18,45,19,34,0,0,0,1,0
40,400283,1,1,0,0,0,1,1,101,0,3,7,2013,4,8,40,1,2,2,US-69,,8,35.56281944,-95.492825,0,35,0,0,1,1,0,3,1,1,0,1,0,0000000,8,28,8,54,88,88,0,0,0,1,1
40,400284,2,2,0,0,0,2,2,37,0,3,7,2013,4,11,14,0,4,3,SR-66,CR-S 401ST W AVE,114,35.818025,-96.43781667,0,12,6,0,2,3,0,1,1,10,0,10,0,0000000,11,16,11,25,12,28,0,0,0,1,0
40,400285,1,1,0,0,0,5,5,27,3550,6,7,2013,7,4,49,0,14,6,S MAY AVE,,0,35.37698611,-97.56558889,0,58,0,0,1,1,0,1,3,1,0,1,0,0000000,4,43,4,59,5,30,0,0,0,2,0
40,400286,1,1,0,0,0,2,2,109,3550,11,7,2013,5,0,19,0,14,6,S PORTLAND AVE,,0,35.44295833,-97.58331389,0,33,0,0,1,1,0,4,3,10,0,10,0,0000000,0,19,0,33,1,10,0,0,0,1,0
40,400287,2,2,0,0,0,3,3,47,1550,14,7,2013,1,11,27,1,13,2,US-412,S 10TH,15,36.39065278,-97.86368333,0,12,6,0,2,2,0,1,1,2,0,2,0,0000000,11,25,11,31,11,55,0,0,0,1,0
40,400288,1,1,0,1,1,1,1,19,0,17,7,2013,4,17,33,0,4,3,SR-76,,46,34.41016667,-97.50998889,0,8,0,0,1,1,0,2,1,10,0,10,0,0000000,99,99,99,99,88,88,0,0,0,1,0
40,400289,2,2,0,0,0,4,4,75,0,18,7,2013,5,0,9,1,2,2,US-62,CR-N2260,33,34.63808056,-98.94336389,0,12,6,0,2,2,0,1,2,1,0,1,0,0000000,0,12,0,25,1,13,0,0,0,1,0
40,400290,1,1,0,0,0,1,1,111,0,19,7,2013,6,14,59,0,4,4,CR-N KERN AVE,,0,35.63753333,-95.98330833,0,32,0,0,1,1,0,4,1,1,0,1,0,0000000,14,50,14,55,15,23,0,0,0,1,0
40,400291,2,2,0,0,0,3,3,11,0,20,7,2013,7,18,24,0,4,3,SR-33,,37,35.84113889,-98.35295,0,12,6,0,1,1,0,1,1,10,0,10,0,0000000,18,36,19,11,19,48,0,0,0,1,0
40,400292,2,2,0,0,0,2,2,143,4780,23,7,2013,3,2,25,1,13,2,US-169,,35,36.05874722,-95.85930833,0,12,6,0,1,1,0,1,3,10,0,10,0,0000000,2,24,2,33,88,88,0,0,0,1,1
40,400293,1,1,0,0,0,5,5,121,0,23,7,2013,3,15,31,1,2,8,INDIAN NATION TURNPIKE,,187,35.12028333,-95.89084722,0,1,0,0,1,1,0,1,1,1,0,1,0,0000000,15,37,15,53,16,19,0,0,0,2,0
40,400294,1,1,0,0,0,2,2,61,0,26,7,2013,6,23,6,0,3,3,SR-2,,9,35.07099722,-95.32444444,0,24,0,0,1,1,0,4,2,10,0,10,0,0000000,23,23,23,43,0,15,0,0,0,1,1
40,400295,1,1,0,0,0,1,1,41,0,27,7,2013,7,15,56,0,4,4,CR-SUMMERFIELD RD,,0,36.43645556,-94.83633889,0,1,0,0,1,1,0,4,1,1,0,1,0,0000000,15,57,16,3,16,39,0,0,0,1,0
40,400296,1,1,0,0,0,1,1,21,0,27,7,2013,7,19,28,0,4,3,SR-100,,15,35.76516944,-94.87543333,0,42,0,0,1,1,0,4,1,1,0,1,0,0000000,19,24,19,38,88,88,0,0,0,1,1
40,400297,2,2,0,0,0,2,2,35,0,17,7,2013,4,16,19,1,1,1,I-44,,90,36.61346389,-95.17391111,0,24,0,0,1,1,0,4,1,1,0,1,0,0000000,16,25,16,32,88,88,0,0,0,1,1
40,400298,1,1,0,0,0,2,2,143,0,27,7,2013,7,13,58,0,3,3,SR-11,,24,36.38853611,-95.99160556,0,1,0,0,1,1,0,4,1,1,0,1,0,0000000,14,1,14,20,14,58,0,0,0,1,0
40,400299,1,1,0,0,0,7,7,117,0,28,7,2013,1,16,42,1,2,2,US-412,,36,36.22423333,-96.75493889,0,24,0,0,1,1,4,4,1,1,0,1,0,0000000,16,40,16,53,17,24,0,0,0,1,0
40,400300,1,1,0,0,0,1,1,13,0,27,7,2013,7,18,15,0,4,3,SR-91,,126,33.83831944,-96.40335833,0,1,0,0,1,1,0,4,1,1,0,1,0,0000000,18,14,18,38,19,27,0,0,0,1,0
40,400301,2,2,0,0,0,2,2,51,4800,31,5,2013,6,15,37,0,3,3,SR-37,,161,35.29100833,-97.67346389,0,12,6,0,8,1,0,1,1,1,0,1,0,0000000,15,38,15,44,88,88,0,0,0,1,0
40,400302,1,1,0,0,0,1,1,89,2370,15,6,2013,7,21,51,1,13,2,US-70,SW TEXAS ST,0,33.91751111,-94.8431,0,33,0,0,3,2,0,4,3,2,0,2,0,0000000,21,55,22,9,88,88,0,0,0,1,1
40,400303,1,1,0,1,1,1,1,145,4910,20,5,2013,2,22,22,1,13,2,US-69,,100,35.95507222,-95.39520278,0,8,0,0,1,1,0,2,3,10,0,10,0,0000000,22,24,22,30,23,12,0,0,0,1,0
40,400304,2,2,0,0,0,3,3,125,2950,6,6,2013,5,9,30,0,4,3,SR-102,I-40 ON-RAMP,30,35.38386389,-97.08975556,0,12,6,1,5,1,0,1,1,1,0,1,0,0000000,9,11,9,20,10,0,0,0,0,1,0
40,400305,2,2,0,0,0,3,3,109,3550,21,7,2013,1,7,20,0,14,6,NE 13TH ST,N STONEWALL AVE,0,35.48225833,-97.49344722,0,12,1,0,2,4,0,1,1,1,0,1,0,0000000,7,13,7,19,7,29,0,0,0,1,0
40,400306,2,2,0,0,0,2,2,83,0,28,5,2013,3,10,6,0,3,3,SR-33,,75,35.871225,-97.55252778,0,12,2,0,1,1,0,2,1,1,0,1,0,0000000,10,12,10,47,11,13,0,0,0,1,0
40,400307,2,2,0,0,0,4,4,21,4600,27,6,2013,5,10,7,0,16,6,W CHOCTAW ST,S WEST AVENUE,0,35.91400833,-94.98116389,0,12,6,0,2,2,0,1,1,1,0,1,0,0000000,10,7,10,14,10,29,0,0,0,1,0
40,400308,1,1,0,0,0,1,1,81,0,20,6,2013,5,23,15,0,6,4,CR-2550,,0,35.624125,-96.68034167,0,1,0,0,1,1,0,4,2,1,0,1,0,0000000,99,99,99,99,88,88,0,0,0,1,1
40,400309,1,1,0,0,0,2,2,109,3550,9,7,2013,3,23,59,1,12,3,SR-152,,38,35.42190278,-97.62994722,0,1,0,0,1,1,0,3,2,1,0,1,0,0000000,0,2,0,10,0,44,0,0,0,1,0
40,400310,1,1,0,0,0,1,1,131,0,29,6,2013,7,11,57,0,4,4,CR-NS4120,,0,36.22619444,-95.672825,0,38,0,0,1,1,0,4,1,1,0,1,0,0000000,11,57,12,8,12,29,0,0,0,1,0
40,400311,2,2,0,0,0,2,2,109,3550,8,7,2013,2,13,41,0,14,6,N MAY AVE,INDIAN CREEK BLVD,0,35.59789444,-97.56717778,0,12,2,0,2,2,0,1,1,10,0,10,0,0000000,13,41,13,44,14,11,0,0,0,1,0
40,400312,1,1,0,0,0,3,3,137,0,30,7,2013,3,0,10,1,2,3,SR-7,,96,34.44909722,-97.82131667,0,1,0,0,1,1,0,4,2,10,0,10,0,0000000,0,9,0,17,0,55,0,0,0,2,1
40,400313,2,2,0,0,0,2,2,51,0,30,7,2013,3,21,22,1,2,2,US-81,,152,34.89615556,-97.95205833,0,12,1,0,1,1,0,1,2,10,0,10,0,0000000,21,24,21,34,22,46,0,0,0,1,0
40,400314,1,1,0,0,0,8,8,21,0,15,6,2013,7,3,46,0,4,4,CR-INDIAN RD,CR-PETTIT BAY RD,0,35.76659167,-95.24973333,0,42,0,0,3,3,0,4,2,1,0,1,0,0000000,3,35,3,53,4,48,0,0,0,2,1
40,400315,2,2,0,0,0,2,2,97,3855,23,7,2013,3,6,55,1,13,3,SR-20,CARBIDE RD,36,36.29998611,-95.25620556,0,12,6,0,2,2,0,1,1,1,0,1,0,0000000,6,49,6,56,88,88,0,0,0,1,0
40,400316,1,1,0,0,0,3,3,97,0,25,7,2013,5,17,54,0,4,4,CR-E620,,0,36.11871667,-95.30028056,0,1,0,0,1,1,0,4,1,10,0,10,0,0000000,17,52,18,10,19,36,0,0,0,1,0
40,400317,1,1,0,0,0,1,1,85,0,6,8,2013,3,19,59,1,1,1,I-35,,111,33.878925,-97.13419722,0,1,0,0,1,1,0,4,1,1,0,1,0,0000000,20,7,20,12,88,88,0,0,0,1,1
40,400318,2,2,0,0,0,2,2,49,0,29,7,2013,2,6,55,0,4,3,SR-74,,42,34.56786667,-97.51040278,0,12,6,0,1,1,0,1,4,1,0,1,0,0000000,6,55,7,5,8,8,0,0,0,1,0
40,400319,1,1,0,0,0,1,1,143,4780,11,8,2013,1,3,20,1,13,2,US-75,,21,36.18418611,-95.96233889,0,5,0,0,1,1,0,4,2,1,0,1,0,0000000,99,99,99,97,99,97,0,0,0,1,1
40,400320,1,1,0,1,1,1,1,17,3550,5,6,2013,4,14,54,0,13,6,W RENO AVE,,0,35.46433056,-97.68008889,0,33,0,0,1,1,0,4,1,1,0,1,0,0000000,88,88,88,88,88,88,0,0,0,1,0
40,400321,1,1,0,0,0,1,1,15,0,18,7,2013,5,7,35,0,3,2,US-62,,103,35.07201389,-98.208725,0,38,0,0,1,1,0,4,1,1,0,1,0,0000000,7,40,7,44,88,88,0,0,0,1,0
40,400322,1,1,0,1,1,1,1,109,3550,18,7,2013,5,17,11,1,11,1,I-240,,111,35.38826944,-97.37880833,0,8,0,0,1,1,0,2,1,1,0,1,0,0000000,16,43,16,54,88,88,0,0,0,1,0
40,400323,1,1,0,0,0,2,2,89,0,7,8,2013,4,19,10,0,4,3,SR-37,,61,33.8957,-94.96376667,0,42,0,0,1,1,0,4,1,1,0,1,0,0000000,19,0,19,10,88,88,0,0,0,1,0
40,400324,1,1,0,0,0,3,3,87,3870,3,8,2013,7,14,2,1,11,1,I-35,,179,35.09449167,-97.42233056,0,1,0,0,1,1,0,1,1,10,0,10,0,0000000,14,3,14,8,14,35,0,0,0,1,0
40,400325,1,1,0,1,1,1,1,109,1480,2,7,2013,3,16,55,0,14,6,15TH ST,,0,35.63826944,-97.45581389,0,8,0,0,1,1,0,1,1,1,0,1,0,0000000,16,55,17,1,17,24,0,0,0,1,0
40,400326,1,1,0,0,0,2,2,143,590,3,7,2013,4,15,14,1,13,3,SR-51,,126,36.068,-95.78883056,0,25,0,0,1,1,0,3,1,1,0,1,0,0000000,99,99,99,99,99,99,0,0,0,1,1
40,400327,1,1,0,0,0,1,1,51,0,12,8,2013,2,22,9,0,4,4,CR-2790,,0,34.9448,-98.02269167,0,42,0,0,1,1,0,4,2,10,0,10,0,0000000,22,11,22,19,88,88,0,0,0,1,1
40,400328,2,2,0,0,0,5,5,143,4780,19,8,2013,2,2,19,0,14,6,S MEMORIAL DR,,0,36.12998889,-95.88662778,0,12,6,0,1,1,0,1,2,1,0,1,0,0000000,2,16,2,19,2,28,0,0,0,1,2
40,400329,1,1,0,0,0,1,1,145,0,25,7,2013,5,8,4,1,2,8,MUSKOGEE TPK,,135,35.9327,-95.58255833,0,25,0,0,1,1,0,3,1,10,0,10,0,0000000,8,10,8,25,99,99,0,0,0,1,0
40,400330,1,1,0,0,0,1,1,51,0,19,8,2013,2,22,29,1,2,2,US-81,,98,34.82167222,-97.97155556,0,5,0,0,1,1,0,4,2,1,0,1,0,0000000,22,28,22,30,23,50,20,0,0,1,1
40,400331,3,3,0,0,0,5,5,145,1150,3,8,2013,7,16,7,1,13,3,SR-51,305TH E AVE,9,35.9518,-95.63581944,0,12,1,0,2,2,0,1,1,10,0,10,0,0000000,16,8,16,16,88,88,0,0,0,1,0
40,400332,2,2,0,0,0,4,4,117,0,26,7,2013,6,17,33,0,3,2,US-64,,106,36.25362778,-96.422375,0,12,6,0,1,1,0,1,1,1,0,1,0,0000000,17,28,17,31,18,0,0,0,0,2,0
40,400333,1,1,0,0,0,1,1,31,0,4,8,2013,1,1,26,0,6,4,CR-NORTH DR,,0,34.82588611,-98.39593889,0,1,0,0,1,1,0,4,2,1,0,1,0,0000000,1,21,1,37,88,88,0,0,0,1,1
40,400334,1,1,0,1,1,1,1,109,3550,9,8,2013,6,23,32,0,14,6,NW 10TH ST,,0,35.47876944,-97.66753056,0,9,0,0,1,1,0,1,2,10,0,10,0,0000000,23,32,23,36,0,4,0,0,0,1,1
40,400335,4,4,0,0,0,4,4,143,4780,15,8,2013,5,17,48,0,14,6,E 41ST ST S,S 127TH EAST AVE,0,36.10447222,-95.83577778,0,12,6,0,2,3,0,1,1,1,0,1,0,0000000,17,48,17,38,18,34,14,0,0,1,0
40,400336,1,1,0,0,0,2,2,135,0,17,8,2013,7,5,21,0,4,4,CR-4620,,0,35.54373056,-94.796375,0,32,0,0,1,1,0,4,2,1,0,1,0,0000000,5,19,5,35,6,41,0,0,0,1,1
40,400337,2,2,0,0,0,3,3,91,0,17,8,2013,7,23,15,0,4,4,CR-STIDHAM RD,,0,35.35063611,-95.69846111,0,12,2,0,1,1,0,1,2,1,0,1,0,0000000,23,19,23,29,88,88,0,0,0,2,0
40,400338,1,1,0,0,0,1,1,91,0,2,8,2013,6,23,24,0,6,4,CR-4130,,0,35.47114722,-95.62813333,0,1,0,0,1,1,0,1,2,1,0,1,0,0000000,23,35,23,50,88,88,0,0,0,1,1
40,400339,1,1,0,0,0,1,1,41,0,12,8,2013,2,8,55,0,4,4,CR-S700,,0,36.54838333,-94.62975556,0,23,0,0,1,1,0,4,1,10,0,10,0,0000000,9,4,9,18,88,88,0,0,0,1,0
40,400340,1,1,0,0,0,1,1,37,0,18,8,2013,1,21,22,1,1,1,I-44,,354,36.028925,-96.09196944,0,1,0,0,1,1,0,4,2,1,0,1,0,0000000,21,35,21,44,88,88,0,0,0,1,1
40,400341,1,1,0,1,1,1,1,143,4780,9,8,2013,6,22,45,0,14,6,E 61ST ST S,,0,36.07525833,-95.97788056,0,8,0,0,1,1,4,1,3,1,0,1,0,0000000,22,45,22,50,23,5,0,0,0,1,0
40,400342,1,1,0,0,0,1,1,113,0,16,8,2013,6,10,0,0,6,4,CR-4030,,0,36.70071111,-96.69708333,0,35,0,0,1,1,0,4,1,10,0,10,0,0000000,10,1,10,12,10,28,0,0,0,1,0
40,400343,2,2,0,0,0,2,2,131,0,24,8,2013,7,16,33,1,2,2,US-169,CR-NS4070,20,36.40605,-95.76079167,0,12,6,0,2,2,0,1,1,1,0,1,0,0000000,16,40,17,2,17,31,0,0,0,1,1
40,400344,1,1,0,1,1,1,1,109,3550,10,8,2013,7,7,40,0,16,6,S OVERHOLSER DR,N COUNTY LINE RD,0,35.48579167,-97.671425,0,8,0,0,2,3,0,1,1,10,0,10,0,0000000,7,40,7,56,8,16,0,0,0,1,0
40,400345,1,1,0,0,0,2,2,17,3550,16,8,2013,6,23,51,0,16,6,W OVERHOLSER DR,,0,35.49895,-97.69032222,0,42,0,0,1,1,0,4,2,10,0,10,0,0000000,88,88,88,88,88,88,0,0,0,2,1
40,400346,2,2,0,0,0,2,2,143,3630,19,7,2013,6,13,0,0,4,4,CR-N SHERIDAN RD,CR-E 106TH ST N,0,36.30754167,-95.90186667,0,12,6,0,2,2,0,1,1,10,0,10,0,0000000,99,99,99,99,99,99,0,0,0,1,0
40,400347,1,1,0,1,1,1,1,105,0,15,8,2013,5,22,26,1,2,2,US-60,,9,36.72801667,-95.79368611,0,8,0,0,1,1,0,1,2,10,0,10,0,0000000,22,21,22,31,88,88,0,0,0,1,0
40,400348,1,1,0,0,0,5,5,135,0,17,8,2013,7,19,22,1,1,1,I-40,,53,35.43071389,-94.72072222,0,1,0,0,1,1,0,3,1,1,0,1,0,0000000,19,18,19,26,20,5,0,0,0,2,0
40,400349,2,2,0,0,0,2,2,23,0,22,8,2013,5,10,35,1,2,2,US-271,,55,34.119875,-95.62566389,0,12,6,0,8,1,0,1,1,1,0,1,0,0000000,10,38,10,51,11,34,0,0,0,1,1
40,400350,1,1,0,0,0,1,1,41,0,22,8,2013,5,22,30,0,4,4,CR-E260 RD,,0,36.6387,-94.65781944,0,42,0,0,1,1,0,4,2,5,0,5,0,0000000,7,19,7,30,88,88,18,0,0,1,1
40,400351,1,1,0,0,0,1,1,83,0,28,8,2013,4,19,16,0,4,4,CR-76,,0,35.91308333,-97.60748333,0,35,0,0,1,1,0,4,2,1,0,1,0,0000000,19,8,19,12,88,88,0,0,0,1,1
40,400352,1,1,0,0,0,1,1,17,0,30,8,2013,6,7,16,0,4,2,US-270,,145,35.55438056,-98.11404444,0,38,0,0,1,1,0,4,1,1,0,1,0,0000000,7,23,7,33,88,88,0,0,0,1,0
40,400353,2,2,0,0,0,6,6,11,0,22,8,2013,5,4,2,0,4,4,CR-DELHI RD,,0,36.0217,-98.54765556,0,12,6,0,8,1,0,1,2,1,0,1,0,0000000,4,2,4,6,5,7,0,0,0,1,1
40,400354,1,1,0,0,0,3,3,51,0,3,8,2013,7,8,47,0,6,4,CR-1275,,0,35.16741944,-97.79026667,0,5,0,0,1,1,0,1,1,10,0,10,0,0000000,7,59,8,17,99,99,0,0,0,1,0
40,400355,2,2,0,0,0,3,3,121,0,16,8,2013,6,13,37,1,2,8,INDIAN NATION TPK,,144,35.05974444,-95.88261944,0,12,1,0,1,1,0,1,1,1,0,1,0,0000000,13,40,13,54,15,26,0,0,0,1,0
40,400356,2,2,0,0,0,4,4,33,0,19,8,2013,2,19,2,1,1,1,I-44,,2,34.17569167,-98.50068611,0,12,1,0,1,1,0,1,1,1,0,1,0,0000000,18,57,19,16,20,7,0,0,0,1,0
40,400357,1,1,0,0,0,1,1,27,3550,22,7,2013,2,23,55,0,14,6,S MERIDIAN AVE,,0,35.321825,-97.60064167,0,30,0,0,1,1,0,4,3,10,0,10,0,0000000,88,88,88,88,88,88,0,0,0,1,1
40,400358,1,1,0,1,1,1,1,111,2180,8,8,2013,5,17,59,0,14,6,E TRUDGEON ST,N B ST,0,35.44088056,-95.97945556,0,9,0,0,2,4,0,1,1,1,0,1,0,0000000,17,30,17,38,18,0,0,0,0,1,0
40,400359,2,2,0,0,0,6,6,99,0,12,8,2013,2,17,25,1,2,3,SR-7,,37,34.50613056,-97.05570833,0,12,6,0,7,1,0,1,1,2,0,2,0,0000000,17,30,17,38,17,53,0,0,0,1,0
40,400360,2,2,0,0,0,3,3,15,0,23,8,2013,6,16,13,0,4,3,SR-58,,71,35.20378056,-98.60361667,0,12,2,0,1,1,0,1,1,1,0,1,0,0000000,16,9,16,46,17,36,0,0,0,1,0
40,400361,2,2,0,0,0,4,4,145,0,14,7,2013,1,12,24,0,4,4,CR-353RD,,0,35.97487222,-95.58296667,0,12,6,0,1,1,0,1,1,1,0,1,0,0000000,12,17,12,25,13,26,0,0,0,2,0
40,400362,1,1,0,0,0,3,3,111,0,6,8,2013,3,11,6,1,11,1,I-40,,68,35.43141944,-95.96708611,0,34,0,0,1,1,0,4,1,1,0,1,0,0000000,11,5,11,14,12,15,0,0,0,1,0
40,400363,2,2,0,0,0,5,5,13,710,25,8,2013,1,10,50,1,2,2,US-69,N MCKINLEY,91,33.92305278,-96.43948889,0,12,6,0,2,3,0,1,1,1,0,1,0,0000000,10,52,11,0,11,48,0,0,0,2,0
40,400364,3,2,1,0,0,2,2,115,0,28,8,2013,4,10,35,0,3,2,US-69A,,53,36.97468889,-94.7552,0,12,7,0,1,1,0,1,1,1,0,1,0,0000000,10,32,10,40,88,88,0,0,0,1,1
40,400365,2,2,0,0,0,2,2,151,0,30,8,2013,6,21,49,0,4,3,SR-50,,25,36.79169722,-99.11536944,0,12,6,0,1,1,0,1,2,1,0,1,0,0000000,21,40,21,47,22,28,0,0,0,1,0
40,400366,1,1,0,1,1,1,1,109,3550,16,8,2013,6,0,38,0,14,6,NW 23RD ST,,0,35.49325,-97.51664167,0,9,0,0,1,1,0,1,3,2,0,2,0,0000000,0,40,0,42,0,55,0,0,0,1,0
40,400367,1,1,0,0,0,2,2,109,3550,24,8,2013,7,11,24,0,12,3,SR-74,,13,35.52612222,-97.57730833,0,57,0,0,1,1,0,3,1,1,0,1,0,0000000,11,24,11,34,11,51,0,0,0,1,0
40,400368,1,1,0,0,0,1,1,143,4780,1,9,2013,1,2,15,0,14,6,N 129TH EAST AVE,E 46TH ST N,0,36.22063333,-95.83318333,0,17,0,0,3,3,0,5,3,1,0,1,0,0000000,2,14,2,25,3,11,0,0,0,1,1
40,400369,1,1,0,0,0,1,1,73,0,1,9,2013,1,7,0,0,4,3,SR-51,,106,36.11603056,-97.70833889,0,1,0,0,1,1,0,4,4,10,0,10,0,0000000,6,58,7,14,8,2,0,0,0,1,0
40,400370,2,2,0,0,0,2,2,69,0,3,9,2013,3,18,10,0,4,3,SR-1,,100,34.38761944,-96.81863611,0,12,6,0,1,1,0,1,1,1,0,1,0,0000000,18,23,18,43,19,14,0,0,0,1,0
40,400371,1,1,0,0,0,1,1,103,0,6,9,2013,6,2,0,0,4,3,SR-15,,24,36.53517222,-97.41825,0,42,0,0,1,1,0,4,2,1,0,1,0,0000000,6,10,6,37,88,88,0,0,0,1,1
40,400372,1,1,0,0,0,2,2,109,3550,7,9,2013,7,11,19,1,11,1,I-44,,28,35.43396389,-97.56976111,0,30,0,0,1,1,0,4,1,1,0,1,0,0000000,11,19,11,26,11,45,0,0,0,1,1
40,400373,2,1,1,0,0,1,1,143,4780,7,9,2013,7,99,99,0,16,6,E LATIMER CT,,0,36.17139167,-95.87287222,0,14,0,0,1,1,0,7,2,1,0,1,0,0000000,6,36,6,51,88,88,0,0,0,1,0