STATE,ST_CASE,VE_TOTAL,VE_FORMS,PVH_INVL,PEDS,PERNOTMVIT,PERMVIT,PERSONS,COUNTY,CITY,DAY,MONTH,YEAR,DAY_WEEK,HOUR,MINUTE,NHS,ROAD_FNC,ROUTE,TWAY_ID,TWAY_ID2,MILEPT,LATITUDE,LONGITUD,SP_JUR,HARM_EV,MAN_COLL,RELJCT1,RELJCT2,TYP_INT,WRK_ZONE,REL_ROAD,LGT_COND,WEATHER1,WEATHER2,WEATHER,SCH_BUS,RAIL,NOT_HOUR,NOT_MIN,ARR_HOUR,ARR_MIN,HOSP_HR,HOSP_MN,CF1,CF2,CF3,FATALS,DRUNK_DR
40,400374,1,1,0,0,0,1,1,93,0,5,9,2013,5,5,15,0,4,2,US-60,,159,36.21705278,-98.70539167,0,58,0,0,1,1,0,2,2,1,0,1,0,0000000,5,7,5,24,5,48,0,0,0,1,1
40,400375,2,2,0,0,0,2,2,93,0,7,9,2013,7,5,55,0,3,2,US-60,,36,36.31299167,-98.47967222,0,12,2,0,1,1,0,1,2,1,0,1,0,0000000,5,51,5,59,88,88,0,0,0,1,1
40,400376,2,2,0,0,0,2,2,143,4780,10,9,2013,3,13,38,0,16,6,S HARVARD AVE,E 2ND ST,0,36.15818056,-95.940325,0,12,6,0,2,2,0,1,1,1,0,1,0,0000000,13,37,13,42,14,0,0,0,0,1,0
40,400377,2,2,0,0,0,4,4,129,0,12,9,2013,5,7,0,0,3,2,US-283,,76,35.52913056,-99.67141111,0,12,2,0,1,1,0,1,4,1,0,1,0,0000000,7,11,7,19,7,26,0,0,0,1,0
40,400378,1,1,0,0,0,1,1,143,4780,15,7,2013,2,99,99,0,16,6,E ADMIRAL PL,MINGO RD,0,36.16051667,-95.86865833,0,59,0,0,3,6,0,3,3,10,0,10,0,0000000,1,39,1,46,2,28,0,0,0,1,0
40,400380,2,2,0,0,0,4,4,61,0,4,8,2013,1,17,35,0,3,3,SR-9,,42,35.22651944,-95.38760556,0,12,6,0,8,1,0,1,1,1,0,1,0,0000000,17,48,18,12,18,55,0,0,0,1,0
40,400381,3,3,0,0,0,3,3,123,20,26,6,2013,4,17,13,1,12,2,US-377,EGYPT RD,8,34.79783056,-96.69567778,0,12,6,1,3,2,0,1,1,1,0,1,0,0000000,17,15,17,19,99,99,0,0,0,1,0
40,400382,2,2,0,0,0,2,2,19,210,29,6,2013,7,17,4,0,15,6,MARTIN LUTHER KING DR NE,L ST NE,0,34.17611944,-97.11338333,0,12,6,0,2,2,0,1,1,1,0,1,0,0000000,17,7,17,10,99,99,0,0,0,1,0
40,400383,2,2,0,0,0,4,4,71,3800,11,7,2013,5,16,6,0,16,6,W HIGHLAND AVE,N WAVERLY ST,0,36.70979444,-97.10325556,0,12,6,0,2,2,0,1,1,1,0,1,0,0000000,16,6,16,13,16,31,0,0,0,1,0
40,400384,1,1,0,0,0,1,1,19,210,12,7,2013,6,6,30,0,16,6,SPRINGDALE RD,P ST SE,0,34.15828611,-97.10811111,0,42,0,0,3,3,0,4,3,1,0,1,0,0000000,88,88,88,88,88,88,0,0,0,1,1
40,400385,2,2,0,0,0,4,4,101,3310,16,7,2013,3,19,53,1,13,2,US-62,,0,35.76976389,-95.37244167,0,12,6,0,1,1,0,1,1,10,0,10,0,0000000,19,43,19,49,20,10,0,0,0,1,0
40,400386,2,1,1,2,2,2,2,143,4780,11,9,2013,4,7,29,1,12,2,US-75,,49,36.21886389,-95.94431667,0,14,0,0,1,1,0,2,1,1,0,1,0,0000000,7,30,7,38,7,49,15,0,0,1,0
40,400387,2,2,0,0,0,3,3,143,1870,20,7,2013,7,0,44,0,3,3,SR-67,ELWOOD AVE,20,35.94428333,-95.9938,0,12,6,0,2,2,0,1,3,1,0,1,0,0000000,0,41,0,46,1,41,0,0,0,1,1
40,400388,2,2,0,0,0,2,2,93,0,26,8,2013,2,9,15,0,4,3,SR-58,CR-NS257,136,36.27516389,-98.42585556,0,12,6,0,2,2,0,1,1,1,0,1,0,0000000,9,17,9,27,10,29,0,0,0,1,1
40,400389,2,2,0,0,0,3,3,125,0,15,7,2013,2,7,17,0,3,3,SR-9,,49,35.25835,-96.83493611,0,12,6,0,1,1,0,1,1,2,0,2,0,0000000,7,20,7,36,8,35,0,0,0,1,0
40,400390,2,2,0,0,0,2,2,109,3550,17,8,2013,7,18,50,0,16,6,SW 29TH ST,,0,35.43525278,-97.6189,0,12,1,0,1,1,0,1,1,1,0,1,0,0000000,18,50,18,54,19,43,0,0,0,1,0
40,400391,2,2,0,0,0,3,3,73,0,22,8,2013,5,2,46,0,5,4,CR-E0850,CR-N2920,0,35.78372222,-97.79843889,0,12,6,0,2,2,0,1,2,1,0,1,0,0000000,2,45,3,3,88,88,0,0,0,2,0
40,400392,2,2,0,0,0,2,2,145,0,27,8,2013,3,12,11,1,2,2,US-69,CR-50TH ST,1,35.81309722,-95.40234444,0,12,6,0,2,2,0,1,1,10,0,10,0,0000000,12,6,12,15,88,88,0,0,0,1,0
40,400393,1,1,0,0,0,1,1,27,3550,27,8,2013,3,19,44,0,16,6,SW 134TH ST,,0,35.33383056,-97.63789444,0,34,0,0,1,1,0,4,5,1,0,1,0,0000000,19,45,19,57,20,24,0,0,0,1,1
40,400394,2,2,0,0,0,2,2,49,0,30,8,2013,6,21,46,1,1,1,I-35,,105,34.65321667,-97.22027222,0,12,1,0,1,1,0,1,2,1,0,1,0,0000000,21,50,21,59,88,88,0,0,0,1,1
40,400395,2,2,0,0,0,4,4,119,0,4,9,2013,4,21,56,0,3,2,US-177,,36,36.03769444,-97.05117222,0,12,2,0,1,1,0,1,2,10,0,10,0,0000000,22,1,22,9,22,59,0,0,0,1,1
40,400396,1,1,0,0,0,1,1,109,3550,7,9,2013,7,0,13,1,1,1,I-44,,73,35.52919444,-97.51736944,0,43,0,0,1,1,4,4,3,10,0,10,0,0000000,88,88,88,88,88,88,0,0,0,1,1
40,400397,1,1,0,0,0,1,1,89,0,10,9,2013,3,19,4,0,4,4,CR-RED ARROW RD,,0,34.02635,-94.67200278,0,42,0,0,1,1,0,4,1,1,0,1,0,0000000,19,5,19,15,88,88,0,0,0,1,1
40,400398,1,1,0,0,0,1,1,119,0,16,9,2013,2,19,51,1,1,1,I-35,,108,36.14193611,-97.33447778,0,43,0,0,1,1,0,4,5,10,0,10,0,0000000,19,54,20,19,88,88,0,0,0,1,0
40,400399,1,1,0,1,1,2,2,143,0,24,6,2013,2,22,17,1,12,2,US-169,,143,36.33823056,-95.82106389,0,8,0,0,1,1,0,1,2,1,0,1,0,0000000,22,14,22,21,88,88,0,0,0,1,0
40,400400,2,2,0,0,0,4,4,37,0,5,8,2013,2,15,18,0,3,3,SR-51,,47,36.10890278,-96.49568333,0,12,2,0,1,1,0,1,1,1,0,1,0,0000000,15,21,15,34,16,58,0,0,0,1,0
40,400401,3,3,0,0,0,6,6,37,0,28,8,2013,4,15,31,0,3,3,SR-66,,28,35.87063333,-96.38961944,0,12,8,0,1,1,4,1,1,1,0,1,0,0000000,15,33,15,36,16,51,0,0,0,1,0
40,400402,2,2,0,0,0,3,3,47,0,2,9,2013,2,16,55,0,6,4,CR-PHILLIPS,CR-GARLAND,0,36.44885278,-97.94406389,0,12,6,0,2,2,0,1,1,1,0,1,0,0000000,16,56,17,5,17,39,0,0,0,1,0
40,400403,1,1,0,0,0,3,3,109,3550,6,9,2013,6,16,41,1,11,1,I-35,,53,35.611975,-97.42486944,0,30,0,0,1,1,0,4,1,1,0,1,0,0000000,16,41,16,50,17,8,0,0,0,1,0
40,400404,3,3,0,0,0,3,3,19,0,9,9,2013,2,8,43,1,2,3,SR-3,,95,34.49236389,-97.41711944,0,12,1,0,1,1,4,1,1,1,0,1,0,0000000,8,40,8,55,9,26,0,0,0,1,0
40,400405,1,1,0,0,0,1,1,107,0,11,9,2013,4,16,19,1,1,1,I-40,,70,35.41593889,-96.32551389,0,57,0,0,1,1,0,3,1,1,0,1,0,0000000,16,41,16,52,88,88,0,0,0,1,0
40,400406,1,1,0,1,1,2,2,15,0,13,9,2013,6,2,16,1,1,1,I-40,,147,35.52910278,-98.36303611,0,8,0,0,1,1,0,1,2,10,0,10,0,0000000,2,26,2,38,88,88,0,0,0,1,0
40,400407,1,1,0,0,0,1,1,123,0,17,9,2013,3,4,59,0,4,3,SR-48,,118,34.83581667,-96.41976667,0,1,0,0,1,1,0,4,2,1,0,1,0,0000000,5,8,5,26,88,88,0,0,0,1,0
40,400408,1,1,0,1,1,1,1,83,0,21,9,2013,7,0,30,1,11,1,I-35,,120,35.89349444,-97.39401667,0,8,0,0,1,1,0,1,2,1,0,1,0,0000000,0,38,0,41,1,17,0,0,0,1,0
40,400409,1,1,0,1,1,1,1,71,0,24,9,2013,3,21,28,0,3,2,US-177,,9,36.60678889,-97.07576389,0,8,0,0,1,1,0,1,2,1,0,1,0,0000000,21,30,21,38,88,88,0,0,0,1,0
40,400410,2,2,0,0,0,6,6,87,0,13,7,2013,7,11,8,1,1,1,I-44,,37,35.27086111,-97.61797778,0,12,7,0,1,1,0,1,1,1,0,1,0,0000000,12,4,12,32,13,7,0,0,0,1,0
40,400411,1,1,0,1,1,1,1,109,3550,1,9,2013,1,21,32,1,11,1,I-35,,9,35.49069722,-97.46520833,0,8,0,0,1,1,0,1,3,1,0,1,0,0000000,21,35,21,39,21,54,0,0,0,1,0
40,400412,1,1,0,0,0,1,1,17,5290,7,9,2013,7,13,16,1,13,3,SR-66,,93,35.50783333,-97.77195556,0,1,0,0,1,1,0,1,1,1,0,1,0,0000000,13,16,13,32,14,2,0,0,0,1,0
40,400413,1,1,0,0,0,1,1,109,1480,16,9,2013,2,19,35,0,14,6,SORGHUM MILL RD,,0,35.71083611,-97.40708056,0,42,0,0,1,1,0,4,5,2,0,2,0,0000000,19,36,19,49,88,88,0,0,0,1,0
40,400414,2,2,0,0,0,4,4,131,0,25,9,2013,4,10,23,1,2,2,US-412,CR-265TH E AVE,29,36.16442222,-95.68133611,0,12,6,0,2,4,0,1,1,1,0,1,0,0000000,10,16,10,23,99,99,0,0,0,1,0
40,400415,1,1,0,0,0,4,4,81,0,27,8,2013,3,19,11,0,4,4,CR-NS3500,,0,35.88254167,-96.77009722,0,1,0,0,1,1,0,1,1,1,0,1,0,0000000,19,5,19,17,20,12,0,0,0,1,0
40,400416,1,1,0,0,0,1,1,119,1210,1,9,2013,1,16,51,0,16,6,E 6TH ST,,0,35.97431667,-96.75185556,0,43,0,0,1,1,0,4,1,1,0,1,0,0000000,16,53,16,57,88,88,0,0,0,1,0
40,400417,1,1,0,0,0,3,3,33,0,12,9,2013,5,15,56,0,4,3,SR-5,,10,34.26098889,-98.22672222,0,32,0,0,1,1,0,4,1,1,0,1,0,0000000,15,49,15,59,16,54,0,0,0,2,0
40,400418,2,2,0,0,0,2,2,49,0,1,10,2013,3,10,59,0,3,3,SR-29,CR-N3120,71,34.62301944,-97.43997778,0,12,6,0,2,4,0,1,1,1,0,1,0,0000000,10,59,11,7,88,88,0,0,0,1,0
40,400419,1,1,0,0,0,2,2,109,3550,17,9,2013,3,21,37,1,11,1,I-240,,24,35.39131389,-97.53205278,0,1,0,0,1,1,0,4,3,1,0,1,0,0000000,21,39,21,45,88,88,0,0,0,1,0
40,400420,2,2,0,0,0,2,2,5,4510,27,7,2013,7,15,5,1,2,2,US-69,SH-43,83,34.47089722,-96.05418611,0,12,6,0,2,3,0,1,1,1,0,1,0,0000000,15,7,15,15,88,88,0,0,0,1,1
40,400421,1,1,0,0,0,1,1,109,2080,5,8,2013,2,20,55,0,16,6,N LUTHER RD,,0,35.48948611,-97.19463611,0,1,0,0,1,1,0,1,1,1,0,1,0,0000000,19,14,19,26,20,0,0,0,0,1,0
40,400422,2,2,0,0,0,4,4,111,3560,20,7,2013,7,11,24,1,13,2,US-75,FAIRGROUNDS RD,31,35.65354167,-95.96179167,0,12,6,0,2,2,0,1,1,1,0,1,0,0000000,11,21,11,26,11,57,0,0,0,2,0
40,400423,2,2,0,0,0,4,4,31,2750,7,8,2013,4,14,59,0,13,4,CR-NW CACHE RD,,0,34.62336111,-98.43151389,0,12,6,0,8,1,0,1,1,1,0,1,0,0000000,15,1,15,7,99,99,0,0,0,1,0
40,400424,1,1,0,0,0,1,1,19,2858,11,8,2013,1,0,46,0,16,6,MEMORIAL RD,,0,34.18735556,-97.27728333,0,35,0,0,1,1,0,4,2,1,0,1,0,0000000,0,47,1,1,88,88,0,0,0,1,0
40,400425,1,1,0,1,1,1,1,99,1270,13,8,2013,3,1,47,1,2,3,SR-7,,17,34.50619167,-97.09046667,0,9,0,0,1,1,0,1,2,2,0,2,0,0000000,1,51,1,57,2,12,0,0,0,1,0
40,400426,1,1,0,0,0,2,2,107,0,27,9,2013,6,6,53,0,4,4,CR-NS3620,CR-EW960,0,35.62459722,-96.56584444,0,35,0,0,3,3,0,4,2,1,0,1,0,0000000,7,12,7,30,8,25,0,0,0,1,1
40,400427,1,1,0,0,0,1,1,109,1480,8,8,2013,5,2,53,1,11,7,I-35 FRONTAGE RD,,0,35.64866111,-97.42527222,0,33,0,0,1,1,0,4,2,2,0,2,0,0000000,2,54,3,1,3,23,0,0,0,1,0
40,400428,1,1,0,0,0,1,1,109,4990,23,8,2013,6,10,0,0,13,6,N MACARTHUR,,0,35.51663611,-97.61880556,0,33,0,0,1,1,0,4,1,1,0,1,0,0000000,10,3,10,14,88,88,0,0,0,1,0
40,400429,1,1,0,1,1,1,1,143,4780,6,9,2013,6,0,53,0,14,6,S PEORIA AVE,,0,36.09528333,-95.97572222,0,8,0,0,1,1,0,1,2,1,0,1,0,0000000,0,52,1,2,88,88,0,0,0,1,0
40,400430,2,2,0,0,0,3,3,37,0,7,9,2013,7,11,6,0,3,3,SR-33,,234,35.98857222,-96.21389722,0,12,2,0,1,1,0,1,1,1,0,1,0,0000000,11,11,11,19,88,88,0,0,0,3,1
40,400431,1,1,0,0,0,1,1,77,0,12,9,2013,5,14,32,0,3,3,SR-2,,194,34.87483611,-95.31037222,0,1,0,0,1,1,0,4,1,10,0,10,0,0000000,99,99,99,99,88,88,0,0,0,1,0
40,400432,2,2,0,0,0,2,2,97,0,19,9,2013,5,18,14,0,4,2,US-412,,14,36.18690833,-95.24383333,0,12,6,0,1,1,0,1,1,10,0,10,0,0000000,18,10,18,16,88,88,0,0,0,1,0
40,400433,1,1,0,0,0,4,4,13,0,29,9,2013,1,15,19,0,6,4,CR-WINETT,,0,33.80783333,-96.46591944,0,1,0,0,1,1,0,1,1,1,0,1,0,0000000,15,25,15,38,16,31,0,0,0,1,0
40,400434,3,3,0,0,0,3,3,119,0,21,9,2013,7,22,8,0,4,3,SR-18,,58,35.98566944,-96.82449167,0,12,2,0,1,1,0,1,2,1,0,1,0,0000000,22,6,22,10,23,22,0,0,0,1,0
40,400435,1,1,0,0,0,1,1,1,0,29,9,2013,1,21,28,1,2,2,US-59,,74,36.09324722,-94.58923611,0,11,0,0,1,1,0,1,2,1,0,1,0,0000000,21,20,21,29,21,53,0,0,0,1,0
40,400436,1,1,0,0,0,1,1,101,0,1,10,2013,3,22,4,0,4,4,CR-DAL TILE RD,,0,35.70269722,-95.38480833,0,23,0,0,1,1,0,4,1,1,0,1,0,0000000,21,57,22,6,88,88,0,0,0,1,1
40,400437,1,1,0,0,0,1,1,143,0,2,10,2013,4,0,37,0,4,4,CR-126TH ST NORTH,,0,36.33664167,-95.87516944,0,34,0,0,1,1,0,4,2,1,0,1,0,0000000,0,41,0,48,88,88,0,0,0,1,1
40,400438,1,1,0,0,0,1,1,137,0,3,10,2013,5,9,19,0,4,4,CR-278 RD,,0,34.31554167,-98.03421667,0,34,0,0,1,1,0,4,1,1,0,1,0,0000000,9,22,9,37,88,88,0,0,0,1,0
40,400439,3,3,0,0,0,3,3,143,4780,30,9,2013,2,13,24,0,16,6,E NEWTON ST,N YALE AVE,0,36.17348056,-95.92249722,0,12,6,0,2,2,0,1,1,10,0,10,0,0000000,13,23,13,31,14,1,14,0,0,1,0
40,400440,1,1,0,0,0,2,2,1,0,12,9,2013,5,19,36,1,2,2,US-59,,36,35.88060278,-94.64097222,0,43,0,0,1,1,0,4,2,1,0,1,0,0000000,19,43,20,12,20,39,0,0,0,1,0
40,400441,1,1,0,0,0,1,1,99,0,2,10,2013,4,12,32,1,1,1,I-35,,48,34.44306667,-97.128725,0,1,0,0,1,1,0,4,1,1,0,1,0,0000000,12,32,12,40,88,88,0,0,0,1,0
40,400442,2,2,0,0,0,4,4,111,0,18,9,2013,4,15,38,1,2,2,US-75,CR-LAVENDER ST,59,35.51315833,-95.95419167,0,12,6,0,2,2,0,1,1,2,0,2,0,0000000,15,9,15,34,15,55,0,0,0,1,0
40,400443,2,2,0,0,0,2,2,5,770,5,10,2013,7,22,28,1,2,2,US-69,VOCA RD,65,34.24459722,-96.21767778,0,12,6,0,2,3,0,1,2,10,0,10,0,0000000,22,28,22,41,99,99,0,0,0,1,0
40,400444,1,1,0,1,1,1,1,121,2930,9,8,2013,6,22,0,1,13,2,US-270,,11,34.92856944,-95.75195,0,15,0,0,1,1,0,1,3,10,0,10,0,0000000,22,3,22,5,22,17,0,0,0,1,1
40,400445,2,2,0,0,0,2,2,81,0,2,9,2013,2,19,9,0,6,4,CR-OLD LAKE RD,,0,35.736125,-96.91135278,0,12,2,0,8,1,0,1,1,1,0,1,0,0000000,19,56,20,10,88,88,0,0,0,1,0
40,400446,1,1,0,0,0,2,2,125,0,22,9,2013,1,13,6,0,4,3,SR-59,,12,35.07267778,-96.90999722,0,1,0,0,1,1,0,1,1,1,0,1,0,0000000,13,6,13,15,14,6,0,0,0,1,0
40,400447,2,2,0,0,0,2,2,119,0,9,10,2013,4,7,43,0,3,3,SR-33,SR-108,186,35.98586111,-96.90304167,0,12,6,0,2,2,0,1,4,1,0,1,0,0000000,7,51,8,3,8,32,0,0,0,1,0
40,400448,3,3,0,0,0,4,4,109,3550,7,9,2013,7,19,40,0,14,6,SE 29TH ST,S ANDERSON RD,0,35.435375,-97.31791944,0,12,1,0,3,2,0,1,5,1,0,1,0,0000000,19,42,19,51,88,88,0,0,0,1,1
40,400449,1,1,0,0,0,1,1,39,0,12,9,2013,5,14,8,0,4,3,SR-44,,26,35.50277222,-99.17003611,0,32,0,0,1,1,0,4,1,1,0,1,0,0000000,14,4,14,16,14,52,0,0,0,1,1
40,400450,1,1,0,1,1,5,5,89,2370,14,9,2013,7,22,10,1,13,2,US-259,,48,33.91874444,-94.77336667,0,8,0,0,1,1,0,1,2,10,0,10,0,0000000,22,13,22,19,22,43,0,0,0,1,0
40,400451,3,3,0,0,0,5,5,69,0,21,9,2013,7,20,2,0,3,3,SR-199,,15,34.18723056,-96.90738333,0,12,2,0,1,1,0,1,2,1,0,1,0,0000000,20,2,20,23,21,18,0,0,0,3,1
40,400452,2,2,0,0,0,2,2,113,0,29,9,2013,1,7,41,1,2,2,US-60,,185,36.66573611,-96.36400556,0,12,6,0,8,1,0,1,4,1,0,1,0,0000000,7,36,7,40,88,88,0,0,0,1,0
40,400453,1,1,0,1,1,1,1,109,3550,3,10,2013,5,6,13,0,14,6,S PENN AVE,,0,35.39985556,-97.54791389,0,8,0,0,1,1,0,1,3,10,0,10,0,0000000,6,17,6,20,88,88,0,0,0,1,0
40,400454,1,1,0,0,0,1,1,83,0,18,10,2013,6,23,24,0,16,6,COUNCIL RD,COOKSEY RD,0,35.89862222,-97.65666389,0,35,0,0,3,3,0,4,2,1,0,1,0,0000000,23,27,23,36,88,88,0,0,0,1,1
40,400455,3,3,0,0,0,5,5,109,3550,6,10,2013,1,0,31,1,11,1,I-240,,25,35.39131944,-97.53010278,0,12,1,0,1,1,0,1,3,10,0,10,0,0000000,0,33,0,36,1,16,0,0,0,1,1
40,400456,1,1,0,0,0,1,1,91,0,10,10,2013,5,17,58,0,16,6,STIDHAM RD,,0,35.294,-95.69853056,0,42,0,0,1,1,0,4,1,1,0,1,0,0000000,18,1,18,11,88,88,0,0,0,1,1
40,400457,1,1,0,0,0,1,1,13,0,17,10,2013,5,11,57,1,2,2,US-70,,53,33.99753889,-96.28185278,0,35,0,0,1,1,0,4,1,1,0,1,0,0000000,11,59,12,11,13,20,0,0,0,1,0
40,400458,2,2,0,0,0,2,2,143,4780,18,10,2013,6,10,6,0,14,6,S YALE AVE,E 54TH ST,0,36.08530278,-95.92233056,0,12,6,0,2,3,0,1,1,1,0,1,0,0000000,10,5,10,11,10,27,0,0,0,1,0
40,400459,2,2,0,0,0,3,3,143,590,20,10,2013,1,13,40,0,14,6,W ALBANY ST,N OLIVE AVE,0,36.07544444,-95.83318056,0,12,6,0,2,2,0,1,1,1,0,1,0,0000000,13,42,13,48,14,9,0,0,0,1,0
40,400460,1,1,0,0,0,1,1,51,0,16,9,2013,2,15,22,1,1,1,I-44,,226,35.13194167,-97.83470833,0,24,0,0,1,1,4,4,1,10,0,10,0,0000000,15,22,15,36,88,88,0,0,0,1,0
40,400461,2,2,0,0,0,2,2,109,3550,28,9,2013,7,20,47,0,14,6,E MEMORIAL RD,,0,35.60904167,-97.48965833,0,12,6,0,8,1,0,1,3,10,0,10,0,0000000,20,47,20,53,21,13,0,0,0,1,0
40,400462,1,1,0,1,1,1,1,109,3550,11,10,2013,6,7,2,0,14,6,N COUNCIL RD,,0,35.4781,-97.654325,0,8,0,0,1,1,0,1,2,1,0,1,0,0000000,7,5,7,14,7,31,0,0,0,1,0
40,400463,2,2,0,0,0,2,2,149,0,14,10,2013,2,7,36,0,4,3,SR-152,,88,35.29141111,-99.20899444,0,12,2,0,1,1,0,1,4,2,0,2,0,0000000,7,39,7,50,8,38,0,0,0,1,0
40,400464,1,1,0,1,1,1,1,33,0,7,9,2013,7,6,23,0,4,3,SR-36,,33,34.16496667,-98.52281111,0,8,0,0,1,1,4,1,2,10,0,10,0,0000000,6,20,6,44,7,25,0,0,0,1,0
40,400465,1,1,0,1,1,1,1,31,2750,1,9,2013,1,22,2,1,11,1,I-44 OFF-RAMP,,74,34.60494722,-98.37670278,0,8,0,1,5,1,0,1,2,10,0,10,0,0000000,22,4,22,12,88,88,0,0,0,1,0
40,400466,2,2,0,0,0,2,2,27,0,15,9,2013,1,14,20,0,16,4,CR-120TH AVE SE,BANNER RD,0,35.10184722,-97.26519722,0,12,6,0,2,2,0,1,1,1,0,1,0,0000000,16,24,16,45,99,99,0,0,0,1,0
40,400467,1,1,0,0,0,1,1,95,0,23,9,2013,2,16,42,0,4,2,US-377,,55,33.94068333,-96.82881944,0,42,0,0,1,1,0,4,1,1,0,1,0,0000000,16,33,16,45,88,88,0,0,0,1,0
40,400468,1,1,0,0,0,3,3,105,0,30,9,2013,2,15,15,0,4,4,CR-EW280,,0,36.61205833,-95.65665278,0,10,0,0,6,1,0,1,1,1,0,1,0,433984K,15,17,15,57,16,34,0,0,0,2,0
40,400469,2,2,0,0,0,2,2,51,0,2,10,2013,4,9,49,0,3,3,SR-4,TECUMSEH RD,33,35.26211111,-97.72445278,0,12,1,0,3,3,0,1,1,1,0,1,0,0000000,9,50,9,58,10,51,0,0,0,1,0
40,400470,1,1,0,0,0,1,1,143,4780,5,10,2013,7,12,15,1,13,2,US-64,,87,36.11323333,-95.89678056,0,1,0,0,1,1,0,1,1,10,0,10,0,0000000,12,17,12,24,12,46,0,0,0,1,0
40,400471,1,1,0,0,0,1,1,85,0,14,10,2013,2,10,52,0,4,3,SR-96,,11,33.91129167,-97.29830833,0,42,0,0,1,1,0,4,1,2,0,2,0,0000000,10,44,10,59,88,88,0,0,0,1,0
40,400472,1,1,0,0,0,1,1,45,0,18,10,2013,6,19,10,1,2,2,US-283,,38,36.19267222,-99.88183056,0,42,0,0,1,1,0,4,5,10,0,10,0,0000000,19,14,19,24,20,2,0,0,0,1,0
40,400473,1,1,0,0,0,2,2,87,3378,21,10,2013,2,2,29,1,1,1,I-44,,37,35.2709,-97.61780833,0,21,0,0,1,1,0,4,2,2,0,2,0,0000000,3,17,3,25,4,20,0,0,0,1,1
40,400474,1,1,0,0,0,1,1,109,3550,24,10,2013,5,22,43,0,16,6,NW 138TH ST,N JOEL MCDONALD DR,0,35.61177222,-97.5633,0,33,0,0,3,3,0,4,2,1,0,1,0,0000000,22,43,23,2,88,88,0,0,0,1,1
40,400475,1,1,0,0,0,2,2,143,4780,31,10,2013,5,16,18,1,13,2,US-169,,15,36.16140278,-95.86081667,0,25,0,0,1,1,0,4,1,1,0,1,0,0000000,16,16,16,27,16,58,0,0,0,1,0
40,400476,1,1,0,1,1,1,1,109,360,8,8,2013,5,5,31,0,14,6,N ROCKWELL AVE,,0,35.49326667,-97.63667222,0,8,0,0,1,1,0,1,3,10,0,10,0,0000000,5,31,5,38,88,88,0,0,0,1,0
40,400477,2,2,0,0,0,5,5,37,2490,23,8,2013,6,21,15,0,4,3,SR-66,,165,35.965325,-96.19689444,0,12,2,0,1,1,0,1,2,1,0,1,0,0000000,21,21,21,28,22,15,0,0,0,4,0
40,400478,1,1,0,0,0,1,1,31,2750,12,9,2013,5,11,38,1,13,2,US-62 OFF-RAMP,,100,34.639325,-98.38761667,0,25,0,1,5,1,0,4,1,1,0,1,0,0000000,11,29,11,39,88,88,0,0,0,1,0
40,400479,2,2,0,0,0,3,3,19,210,2,11,2013,7,5,55,1,2,2,US-70,,32,34.13418056,-97.10021389,0,12,2,0,1,1,0,1,2,1,0,1,0,0000000,5,56,6,6,6,37,0,0,0,1,0
40,400480,2,2,0,0,0,2,2,119,0,3,10,2013,5,18,48,0,4,4,CR-68TH,,0,36.04375556,-96.86628611,0,12,6,0,1,1,0,1,1,1,0,1,0,0000000,18,42,18,56,88,88,0,0,0,1,0
40,400481,2,2,0,0,0,2,2,137,0,2,11,2013,7,12,11,1,2,2,US-81,CR-ROSE RD,82,34.60865833,-97.96701667,0,12,6,0,2,2,0,1,1,1,0,1,0,0000000,12,9,12,14,12,40,0,0,0,1,0
40,400482,1,1,0,0,0,1,1,123,0,2,11,2013,7,13,21,0,4,4,CR-1680,,0,34.5781,-96.57355556,0,34,0,0,1,1,0,4,1,1,0,1,0,0000000,13,23,13,40,88,88,0,0,0,1,1
40,400483,1,1,0,0,0,1,1,149,0,1,10,2013,3,10,24,1,1,1,I-40,,80,35.42232222,-99.22428333,0,35,0,0,1,1,0,4,1,1,0,1,0,0000000,10,30,10,42,11,14,0,0,0,1,0
40,400484,4,4,0,0,0,5,5,1,0,29,10,2013,3,15,59,0,4,3,SR-51,CR-STONEY POINT RD,75,35.84928889,-94.69111389,0,12,2,0,3,3,0,1,1,1,0,1,0,0000000,16,9,16,24,16,49,14,0,0,2,0
40,400485,1,1,0,1,1,2,2,109,360,10,8,2013,7,12,5,1,13,3,SR-66,,7,35.5149,-97.65969167,0,9,0,0,1,1,0,1,1,10,0,10,0,0000000,12,4,12,6,12,31,0,0,0,1,0
40,400486,1,1,0,0,0,2,2,143,590,12,10,2013,7,1,5,1,13,8,CREEK TURNPIKE,,61,35.99174167,-95.78355833,0,32,0,0,1,1,0,4,2,10,0,10,0,0000000,1,16,1,25,1,50,0,0,0,1,0
40,400487,1,1,0,0,0,1,1,51,0,6,11,2013,4,6,46,0,4,3,SR-37,,57,35.30108056,-97.84821111,0,34,0,0,1,1,0,4,1,10,0,10,0,0000000,6,45,6,46,88,88,0,0,0,1,1
40,400488,3,3,0,0,0,4,4,131,0,26,9,2013,5,15,56,0,13,3,SR-88,,18,36.34155,-95.63251111,0,12,1,0,8,1,0,1,1,1,0,1,0,0000000,16,8,16,30,16,53,0,0,0,1,0
40,400489,2,2,0,0,0,2,2,119,0,11,10,2013,6,10,38,0,3,3,SR-33,,25,35.98476389,-97.19060833,0,12,2,0,1,1,0,1,1,1,0,1,0,0000000,99,99,99,99,88,88,0,0,0,1,0