STATE,ST_CASE,VE_TOTAL,VE_FORMS,PVH_INVL,PEDS,PERNOTMVIT,PERMVIT,PERSONS,COUNTY,CITY,DAY,MONTH,YEAR,DAY_WEEK,HOUR,MINUTE,NHS,ROAD_FNC,ROUTE,TWAY_ID,TWAY_ID2,MILEPT,LATITUDE,LONGITUD,SP_JUR,HARM_EV,MAN_COLL,RELJCT1,RELJCT2,TYP_INT,WRK_ZONE,REL_ROAD,LGT_COND,WEATHER1,WEATHER2,WEATHER,SCH_BUS,RAIL,NOT_HOUR,NOT_MIN,ARR_HOUR,ARR_MIN,HOSP_HR,HOSP_MN,CF1,CF2,CF3,FATALS,DRUNK_DR
40,400490,3,3,0,0,0,7,7,143,4780,10,10,2013,5,16,0,0,14,6,S YALE AVE,E 4TH PL,0,36.155025,-95.92253333,0,12,6,0,2,2,0,1,1,1,0,1,0,0000000,15,59,16,7,16,24,0,0,0,1,0
40,400491,3,3,0,0,0,8,8,143,4780,25,10,2013,6,21,11,0,16,6,E 81ST ST,S DELAWARE AVE,0,36.04636667,-95.94906667,0,12,6,0,2,3,0,1,3,1,0,1,0,0000000,21,12,21,22,21,38,14,0,0,1,0
40,400492,4,4,0,0,0,6,6,143,4780,31,10,2013,5,9,20,0,14,6,E 61ST ST,,0,36.07526389,-95.96083056,0,12,6,0,1,1,0,1,1,10,0,10,0,0000000,9,25,9,36,9,55,0,0,0,1,0
40,400493,3,3,0,0,0,4,4,135,0,7,11,2013,5,16,51,0,4,2,US-64,,83,35.39817222,-94.65660833,0,12,1,0,1,1,0,1,1,1,0,1,0,0000000,16,49,16,58,17,46,0,0,0,1,0
40,400494,1,1,0,0,0,1,1,9,0,10,11,2013,1,14,11,1,1,1,I-40,,40,35.22828889,-99.93051667,0,1,0,0,1,1,0,4,1,10,0,10,0,0000000,99,99,99,99,88,88,0,0,0,1,0
40,400495,2,2,0,0,0,4,4,51,960,12,11,2013,3,12,15,1,13,2,US-81,W DAKOTA AVE,36,35.04541667,-97.93685556,0,12,6,0,2,2,0,1,1,10,0,10,0,0000000,12,29,12,31,12,46,0,0,0,1,0
40,400496,1,1,0,0,0,3,3,63,0,17,11,2013,1,11,7,0,6,4,CR-NS374,,0,35.04473611,-96.35333056,0,35,0,0,1,1,0,4,1,1,0,1,0,0000000,11,2,11,23,88,88,0,0,0,1,0
40,400497,1,1,0,0,0,1,1,37,0,25,9,2013,4,10,7,0,3,3,SR-48,,168,36.11705833,-96.39097222,0,35,0,0,1,1,0,4,1,1,0,1,0,0000000,10,4,10,10,11,3,0,0,0,1,0
40,400498,2,2,0,0,0,6,6,113,4330,27,7,2013,7,22,53,1,13,3,SR-20,JAVINE HILL RD,209,36.36863611,-96.04711667,0,12,6,0,2,4,0,1,3,10,0,10,0,0000000,23,0,23,18,23,53,0,0,0,1,1
40,400499,2,2,0,0,0,2,2,109,3550,4,10,2013,6,7,5,0,4,3,SR-66,,122,35.66691667,-97.21711667,0,12,2,0,1,1,0,1,4,1,0,1,0,0000000,7,18,7,45,8,10,0,0,0,1,0
40,400500,1,1,0,1,1,1,1,109,3550,1,11,2013,6,19,16,0,14,6,N WESTERN AVE,NW 46TH ST,0,35.518425,-97.52984722,0,9,0,0,2,3,0,1,2,1,0,1,0,0000000,19,17,19,24,19,38,0,0,0,1,0
40,400501,2,2,0,0,0,2,2,143,4780,7,11,2013,5,14,5,0,14,6,S RIVERSIDE PKWY,,0,36.05125556,-95.96985,0,12,6,0,8,1,0,1,1,1,0,1,0,0000000,14,6,14,16,14,36,0,0,0,1,0
40,400502,1,1,0,3,3,1,1,143,4780,11,11,2013,2,19,20,0,14,6,S PEORIA AVE,,0,36.07243056,-95.97579167,0,8,0,0,1,1,0,1,3,1,0,1,0,0000000,19,18,19,24,19,45,0,0,0,1,0
40,400503,1,1,0,0,0,1,1,145,0,4,10,2013,6,0,5,0,4,3,SR-16,,94,35.91888056,-95.36841944,0,1,0,0,1,1,0,4,2,10,0,10,0,0000000,7,6,7,10,88,88,0,0,0,1,1
40,400504,1,1,0,1,1,1,1,143,4780,17,11,2013,1,19,15,0,16,6,E 11TH ST,,0,36.14789167,-95.85123333,0,8,0,0,1,1,0,1,1,1,0,1,0,0000000,19,15,19,20,88,88,0,0,0,1,1
40,400505,3,3,0,0,0,5,5,51,0,19,10,2013,7,14,52,0,3,2,US-62,CR-2880,136,35.04408056,-97.86496667,0,12,1,0,3,2,0,1,1,1,0,1,0,0000000,14,50,14,57,99,99,14,0,0,1,0
40,400506,2,2,0,0,0,2,2,97,0,23,10,2013,4,15,47,1,1,2,US-412,,40,36.16960556,-95.36919444,0,12,6,0,1,1,0,1,1,1,0,1,0,0000000,15,48,16,1,16,35,0,0,0,1,0
40,400507,2,1,1,1,2,1,2,83,2000,29,10,2013,3,20,1,1,1,1,I-35,,76,35.83147222,-97.40205,0,14,0,0,1,1,0,2,2,10,0,10,0,0000000,20,5,20,12,99,99,0,0,0,1,1
40,400508,2,2,0,0,0,2,2,5,0,30,10,2013,4,4,55,0,4,4,CR-BENTLEY RD,,0,34.21785,-96.07564444,0,18,0,0,1,1,0,1,2,10,0,10,0,0000000,4,47,5,17,5,52,14,0,0,1,0
40,400509,1,1,0,0,0,2,2,131,0,14,11,2013,5,11,29,0,4,4,CR-NS220,,0,36.34496667,-95.48930556,0,24,0,0,1,1,0,4,1,10,0,10,0,0000000,11,32,11,36,99,99,0,0,0,1,0
40,400510,1,1,0,1,1,1,1,143,4780,15,11,2013,6,18,31,0,14,6,S LEWIS AVE,,0,36.08804722,-95.95795278,0,8,0,0,1,1,1,1,2,10,0,10,0,0000000,18,30,18,36,18,50,0,0,0,1,0
40,400511,1,1,0,0,0,3,3,143,4780,4,10,2013,6,16,10,1,13,2,US-64,,147,36.15603056,-96.00825278,0,25,0,0,1,1,0,3,1,1,0,1,0,0000000,16,3,16,8,17,1,0,0,0,1,0
40,400512,1,1,0,0,0,1,1,109,3550,9,11,2013,7,15,25,0,16,6,SW 82ND ST,,0,35.38451389,-97.49940278,0,32,0,0,8,1,0,4,1,1,0,1,0,0000000,15,16,15,22,15,37,0,0,0,1,0
40,400513,1,1,0,0,0,1,1,109,3550,19,11,2013,3,2,4,1,11,1,I-240 ON-RAMP,I-235,11,35.393175,-97.49495556,0,34,0,1,5,1,0,4,3,1,0,1,0,0000000,2,5,2,10,88,88,0,0,0,1,1
40,400514,1,1,0,0,0,2,2,105,0,20,11,2013,4,1,29,0,16,4,CR-EW19,,0,36.74256111,-95.73598333,0,21,0,0,1,1,0,4,2,10,0,10,0,0000000,1,30,1,50,2,50,0,0,0,1,0
40,400515,1,1,0,0,0,1,1,119,0,20,11,2013,4,99,99,0,3,3,SR-51,,72,36.10055556,-97.22876944,0,21,0,0,1,1,0,4,9,1,0,1,0,0000000,10,12,10,20,88,88,0,0,0,1,0
40,400516,1,1,0,0,0,1,1,79,0,23,11,2013,7,10,38,0,4,3,SR-31,,118,35.1875,-94.72721389,0,1,0,0,1,1,0,4,1,10,0,10,0,0000000,11,10,11,23,88,88,0,0,0,1,0
40,400517,2,2,0,0,0,2,2,35,0,26,11,2013,3,16,50,0,4,4,CR-EW340,CR-NS4430,0,36.52489444,-95.11302222,0,12,6,0,2,3,0,1,1,1,0,1,0,0000000,16,50,17,6,88,88,0,0,0,1,0
40,400518,1,1,0,0,0,3,3,63,0,28,11,2013,5,0,1,0,3,2,US-270,,17,35.10383056,-96.44162222,0,42,0,0,1,1,0,4,2,1,0,1,0,0000000,0,10,0,53,2,0,0,0,0,1,1
40,400519,1,1,0,1,1,1,1,109,3550,18,11,2013,2,14,23,0,13,6,S SHIELDS BLVD,,0,35.39981667,-97.50795833,0,8,0,0,1,1,0,1,1,10,0,10,0,0000000,14,22,14,25,14,46,0,0,0,1,0
40,400520,2,2,0,0,0,3,3,115,0,16,10,2013,4,16,45,0,4,4,CR-E 30 RD,CR-S 505 RD,0,36.97219722,-94.96607778,0,12,6,0,2,2,0,1,1,10,0,10,0,0000000,16,45,16,56,17,45,0,0,0,1,0
40,400521,2,2,0,0,0,3,3,143,1870,26,8,2013,2,10,12,1,13,2,US-75,,180,35.98648056,-96.01156667,0,12,1,0,1,1,4,1,1,1,0,1,0,0000000,10,11,10,14,10,45,0,0,0,1,0
40,400522,2,2,0,0,0,2,2,109,1480,24,9,2013,3,10,53,0,16,6,S SANTA FE AVE,COUNTRYWOOD LN,0,35.64326944,-97.51389444,0,12,1,0,1,1,0,1,1,1,0,1,0,0000000,10,54,11,0,11,25,0,0,0,1,0
40,400523,1,1,0,0,0,2,2,145,0,4,10,2013,6,20,52,0,16,4,CR-E 71ST ST S,,0,36.06074167,-95.54011111,0,18,0,0,1,1,0,4,2,10,0,10,0,0000000,20,43,21,12,21,55,0,0,0,1,1
40,400524,1,1,0,0,0,5,5,41,5138,2,11,2013,7,13,14,1,13,2,US-412,,30,36.17939444,-94.60160833,0,59,0,0,1,1,0,4,1,1,0,1,0,0000000,13,34,13,50,14,22,0,0,0,1,0
40,400525,1,1,0,1,1,8,8,19,0,29,11,2013,6,0,15,1,1,1,I-35,,207,34.36532222,-97.14654167,0,9,0,0,1,1,0,1,2,1,0,1,0,0000000,0,25,0,42,88,88,0,0,0,1,0
40,400526,2,2,0,0,0,3,3,47,0,29,11,2013,6,20,15,1,2,2,US-81,,18,36.19092222,-97.88840556,0,12,2,0,1,1,0,1,2,1,0,1,0,0000000,20,10,20,15,88,88,0,0,0,3,1
40,400527,1,1,0,0,0,2,2,19,0,22,11,2013,6,20,52,0,4,3,SR-76,,20,34.37638611,-97.49246389,0,24,0,0,1,1,0,4,2,3,0,3,0,0000000,20,50,21,0,88,88,0,0,0,1,0
40,400528,2,2,0,0,0,2,2,119,4460,26,8,2013,2,15,0,0,13,3,SR-51,ARRINGTON DR,3,36.11601111,-97.04636389,0,12,6,0,8,1,0,1,1,1,0,1,0,0000000,15,11,15,20,15,58,0,0,0,1,0
40,400529,2,2,0,0,0,2,2,109,3550,31,10,2013,5,15,22,0,13,6,S SHIELDS BLVD,SE 79TH ST,0,35.38805,-97.505275,0,12,6,0,2,7,0,1,1,10,0,10,0,0000000,15,22,15,27,15,44,0,0,0,1,0
40,400530,1,1,0,1,1,1,1,89,600,24,9,2013,3,21,55,1,2,2,US-259,,65,34.007575,-94.7396,0,8,0,0,1,1,0,1,2,1,0,1,0,0000000,21,59,22,12,88,88,0,0,0,1,0
40,400531,1,1,0,0,0,1,1,77,0,3,12,2013,3,14,41,0,4,3,SR-1,,99,34.74167778,-95.10825,0,31,0,0,1,1,0,4,1,10,0,10,0,0000000,99,99,99,99,88,88,0,0,0,1,0
40,400532,2,2,0,0,0,3,3,149,0,2,12,2013,2,7,55,0,4,3,SR-152,,207,35.29126389,-98.99850833,0,12,1,0,8,1,0,1,1,1,0,1,0,0000000,8,0,8,4,8,35,0,0,0,1,0
40,400533,1,1,0,0,0,3,3,41,0,21,11,2013,5,23,15,0,4,4,CR-S 630 RD,,0,36.64881111,-94.73362222,0,24,0,0,1,1,0,4,2,10,0,10,0,0000000,88,88,88,88,88,88,0,0,0,3,1
40,400534,2,2,0,0,0,4,4,109,360,5,9,2013,5,20,39,0,13,6,N COUNCIL RD,,0,35.49346389,-97.65423889,0,12,6,0,1,1,0,1,3,1,0,1,0,0000000,20,50,21,3,21,34,0,0,0,1,0
40,400535,3,3,0,0,0,4,4,109,3550,3,12,2013,3,7,50,0,14,6,S PORTLAND,,0,35.45403333,-97.58335,0,12,6,0,1,1,0,1,1,5,0,5,0,0000000,7,52,8,2,9,23,0,0,0,1,0
40,400536,1,1,0,0,0,5,5,41,0,2,9,2013,2,0,21,0,4,4,CR-E 305,,0,36.57564722,-94.93121667,0,5,0,0,1,1,0,1,2,10,0,10,0,0000000,0,24,0,40,1,43,0,0,0,1,0
40,400537,1,1,0,2,2,2,2,21,4600,7,7,2013,1,4,0,0,13,3,SR-51,,186,35.89201944,-94.99021944,0,8,0,0,1,1,0,1,2,1,0,1,0,0000000,4,8,4,19,4,34,0,0,0,1,0
40,400538,1,1,0,1,1,1,1,109,3550,11,11,2013,2,18,15,0,14,6,N CLASSEN BLVD,,0,35.51916389,-97.53446667,0,8,0,0,1,1,0,1,3,1,0,1,0,0000000,18,15,18,19,18,36,0,0,0,1,0
40,400539,1,1,0,0,0,1,1,49,0,31,10,2013,5,21,12,0,4,4,CR-N3120,,0,34.63461667,-97.44029444,0,24,0,0,1,1,0,4,2,1,0,1,0,0000000,21,12,21,20,88,88,0,0,0,1,1
40,400540,1,1,0,0,0,1,1,131,0,2,12,2013,2,14,52,0,4,4,CR-EW320,,0,36.55519167,-95.66871944,0,42,0,0,1,1,0,4,1,10,0,10,0,0000000,99,99,99,99,88,88,0,0,0,1,1
40,400541,1,1,0,0,0,1,1,107,0,13,12,2013,6,12,38,0,4,3,SR-84,,41,35.33747222,-96.05480833,0,42,0,0,1,1,0,4,1,10,0,10,0,0000000,99,99,99,99,99,99,0,0,0,1,0
40,400542,1,1,0,1,1,1,1,81,0,19,11,2013,3,19,8,0,4,3,SR-18,,46,35.76898889,-96.87812778,0,8,0,0,1,1,0,1,1,10,0,10,0,0000000,99,99,99,99,88,88,0,0,0,1,0
40,400543,1,1,0,0,0,1,1,115,0,28,11,2013,5,2,17,1,1,1,I-44,,235,36.92939444,-94.72888333,0,42,0,0,1,1,0,4,2,1,0,1,0,0000000,2,17,2,34,3,40,0,0,0,1,0
40,400544,1,1,0,0,0,1,1,109,3550,15,8,2013,5,8,57,1,11,1,I-40 ON-RAMP,,10,35.46029167,-97.65375833,0,1,0,1,5,1,0,8,1,10,0,10,0,0000000,8,58,9,1,9,34,0,0,0,1,0
40,400545,2,2,0,0,0,6,6,27,3430,2,9,2013,2,14,49,0,3,3,SR-9,,143,35.23219444,-97.19081111,0,12,6,0,1,1,0,1,1,1,0,1,0,0000000,14,53,15,0,15,20,0,0,0,1,0
40,400546,1,1,0,0,0,2,2,7,0,5,11,2013,3,14,45,1,2,2,US-270,,60,36.61621667,-100.4144806,0,24,0,0,1,1,0,4,1,10,0,10,0,0000000,15,1,15,17,16,12,0,0,0,1,0
40,400547,2,2,0,1,1,2,2,13,0,8,11,2013,6,19,37,1,2,2,US-69,,83,34.05158611,-96.35718056,0,8,0,0,1,1,0,1,2,1,0,1,0,0000000,19,37,19,50,88,88,0,0,0,1,0
40,400548,1,1,0,0,0,3,3,9,0,22,11,2013,6,11,45,0,4,3,SR-6,,23,35.42212222,-99.80014444,0,32,0,0,1,1,0,4,1,3,0,3,0,0000000,11,42,12,10,12,33,0,0,0,1,0
40,400549,2,2,0,0,0,2,2,149,0,12,12,2013,5,5,40,1,2,2,US-183,,50,35.35956944,-98.97603889,0,12,1,0,1,1,0,1,2,1,0,1,0,0000000,5,46,5,59,6,28,0,0,0,1,0
40,400550,1,1,0,0,0,1,1,109,0,13,12,2013,6,23,13,1,12,3,SR-74,,50,35.57611111,-97.57759167,0,1,0,0,1,1,0,4,2,10,0,10,0,0000000,23,14,23,18,23,37,0,0,0,1,1
40,400551,2,2,0,0,0,5,5,79,0,14,12,2013,7,5,52,1,2,2,US-59,,25,34.92216667,-94.62397222,0,12,2,0,1,1,0,1,2,1,0,1,0,0000000,5,49,6,3,7,15,0,0,0,1,1
40,400552,2,2,0,0,0,2,2,143,0,13,12,2013,6,21,57,0,4,4,CR-76TH ST N,,0,36.26403056,-95.88216944,0,12,2,0,1,1,0,1,2,2,0,2,0,0000000,21,56,22,1,22,44,0,0,0,1,1
40,400553,2,2,0,0,0,3,3,109,3550,9,12,2013,2,11,26,0,14,6,NE 10TH ST,STANDISH AVE,0,35.478625,-97.45560833,0,12,1,0,3,3,0,1,1,10,0,10,0,0000000,11,23,11,30,11,43,0,0,0,1,0
40,400554,2,2,0,0,0,2,2,37,0,8,12,2013,1,9,21,0,3,3,SR-33,,238,35.98856111,-96.20676667,0,12,6,0,1,1,0,1,1,4,0,4,0,0000000,9,23,9,39,10,11,0,0,0,1,0
40,400555,2,2,0,0,0,2,2,143,4780,21,12,2013,7,11,50,0,16,6,N FRANKFORT AVE,E 46TH ST N,0,36.22048889,-95.98901389,0,12,6,0,2,2,0,1,1,3,0,3,0,0000000,11,52,12,4,12,35,0,0,0,1,0
40,400556,1,1,0,1,1,1,1,143,4780,22,12,2013,1,18,0,0,16,6,W PINE ST,,0,36.177,-96.00020833,0,8,0,0,1,1,0,1,3,1,0,1,0,0000000,88,88,88,88,88,88,0,0,0,1,0
40,400557,1,1,0,0,0,1,1,111,3560,1,10,2013,3,9,59,1,13,2,US-75,,38,35.663725,-95.96180556,0,59,0,0,1,1,0,4,1,1,0,1,0,0000000,10,0,10,4,88,88,21,0,0,1,0
40,400558,4,4,0,1,1,4,4,101,3310,2,10,2013,4,19,31,1,13,2,US-69,US-62,10,35.76956111,-95.40238333,0,8,0,0,3,98,0,1,2,10,0,10,0,0000000,21,55,22,0,88,88,0,0,0,1,0
40,400559,1,1,0,0,0,3,3,109,3170,6,10,2013,1,13,47,0,13,2,US-62,,41,35.49313333,-97.39161944,0,42,0,0,1,1,0,4,1,1,0,1,0,0000000,13,50,13,43,14,26,0,0,0,1,0
40,400560,1,1,0,1,1,1,1,101,3310,10,10,2013,5,15,48,1,13,2,US-64,N 6TH ST,16,35.7502,-95.37575,0,9,0,0,2,2,0,1,1,1,0,1,0,0000000,15,44,15,46,16,11,0,0,0,1,0
40,400561,2,2,0,0,0,3,3,143,590,26,10,2013,7,1,37,0,16,6,E KENOSHA ST,N 14TH ST,0,36.060975,-95.77281944,0,12,6,0,2,2,0,1,3,1,0,1,0,0000000,1,37,1,44,2,24,0,0,0,1,0
40,400562,4,4,0,0,0,7,7,101,3310,22,11,2013,6,14,21,0,16,6,S 24TH ST,US-62,0,35.75496111,-95.39566111,0,12,1,0,2,2,0,1,1,2,0,2,0,0000000,14,21,14,24,14,44,0,0,0,3,0
40,400563,1,1,0,0,0,2,2,79,0,3,11,2013,1,9,13,0,4,3,SR-1,,78,34.68655833,-94.572425,0,1,0,0,1,1,0,4,1,1,0,1,0,0000000,15,32,16,0,17,47,0,0,0,1,0
40,400565,2,2,0,0,0,2,2,103,0,22,12,2013,1,16,58,0,3,2,US-64,,27,36.28964722,-97.23729444,0,12,2,0,1,1,0,1,1,10,0,10,0,0000000,17,2,17,8,88,88,0,0,0,1,0
40,400566,2,2,0,0,0,2,2,109,3550,30,8,2013,6,22,40,0,4,3,SR-74,,116,35.67012222,-97.585025,0,12,2,0,1,1,0,1,2,1,0,1,0,0000000,22,44,22,53,23,39,0,0,0,1,1
40,400567,1,1,0,1,1,1,1,85,0,9,12,2013,2,18,40,0,4,3,SR-32,,231,33.94041667,-97.15770833,0,8,0,0,1,1,0,1,2,10,0,10,0,0000000,18,22,18,26,88,88,0,0,0,1,0
40,400568,2,2,0,0,0,3,3,43,0,19,12,2013,5,18,40,1,2,2,US-270,,198,35.92916667,-98.69240556,0,12,6,0,1,1,0,1,2,1,0,1,0,0000000,18,41,19,0,19,42,0,0,0,1,0
40,400569,1,1,0,0,0,14,14,103,0,21,10,2013,2,8,44,1,1,1,I-35,,15,36.18023889,-97.32816944,0,1,0,0,1,1,0,3,1,1,0,1,0,0000000,8,54,9,13,9,55,0,0,0,1,0
40,400570,1,1,0,0,0,3,3,71,0,24,12,2013,3,20,46,0,4,4,CR-HUBBARD RD,,0,36.75324444,-97.23792222,0,1,0,0,1,1,0,1,2,10,0,10,0,0000000,20,50,21,59,22,38,0,0,0,1,0
40,400571,1,1,0,0,0,1,1,113,0,26,12,2013,5,6,30,1,2,2,US-64,,218,36.18309444,-96.2679,0,25,0,0,1,1,0,3,2,2,0,2,0,0000000,6,42,7,0,88,88,0,0,0,1,0
40,400572,1,1,0,0,0,7,7,93,0,21,12,2013,7,13,4,1,2,2,US-270,,12,36.16247222,-98.93628333,0,1,0,0,1,1,0,4,1,3,0,3,0,0000000,99,99,99,99,99,99,0,0,0,1,0
40,400573,1,1,0,0,0,1,1,127,0,26,12,2013,5,13,42,0,3,2,US-271,,34,34.26604444,-95.59901389,0,38,0,0,1,1,0,4,1,1,0,1,0,0000000,13,18,13,24,15,11,0,0,0,1,0
40,400574,2,2,0,0,0,3,3,49,3670,23,10,2013,4,17,35,0,16,6,INDIAN MERIDIAN RD,,0,34.72786667,-97.24768333,0,12,2,0,1,1,0,1,1,1,0,1,0,0000000,17,40,17,45,18,6,0,0,0,1,0
40,400575,1,1,0,1,1,1,1,135,3290,29,9,2013,1,19,45,0,4,2,US-64,,149,35.40531111,-94.55165278,0,8,0,0,1,1,0,1,2,10,0,10,0,0000000,19,43,19,46,20,12,0,0,0,1,0
40,400576,2,2,0,0,0,4,4,27,3430,23,6,2013,1,15,11,0,16,6,ALAMEDA DR,OLIPHANT AVE,0,35.21921944,-97.33075278,0,12,6,0,2,2,0,1,1,1,0,1,0,0000000,15,12,15,22,88,88,0,0,0,1,0
40,400577,2,2,0,0,0,4,4,51,4120,11,8,2013,1,12,57,1,2,2,US-81,SR-17,79,34.78274167,-97.96643056,0,12,6,0,2,2,0,1,1,1,0,1,0,0000000,12,58,13,2,14,24,0,0,0,1,0
40,400578,2,2,0,0,0,2,2,111,0,4,11,2013,2,9,55,1,2,2,US-75,WILL SAMPSON RD,76,35.71246111,-95.98786111,0,12,6,0,2,2,0,1,1,1,0,1,0,0000000,10,9,10,30,11,1,0,0,0,1,0
40,400579,2,2,0,0,0,4,4,53,0,2,12,2013,2,6,25,0,3,2,US-81,,49,36.66404722,-97.87549167,0,12,2,0,1,1,0,1,3,5,0,5,0,0000000,6,28,6,37,7,30,0,0,0,1,0
40,400580,1,1,0,1,1,1,1,143,4780,29,12,2013,1,15,50,0,16,6,N LEWIS AVE,E 54TH ST N,0,36.23143056,-95.95837778,0,8,0,0,2,2,0,1,1,10,0,10,0,0000000,15,55,16,11,16,28,0,0,0,1,1
40,400581,1,1,0,0,0,1,1,151,0,30,12,2013,2,17,5,0,6,4,CR-480,,0,36.67541111,-98.59461389,0,10,0,0,6,1,0,1,1,1,0,1,0,673920K,17,9,17,30,88,88,0,0,0,1,0
40,400582,2,2,0,0,0,2,2,37,4190,31,10,2013,5,22,38,1,13,3,SR-66,81ST ST SOUTH,44,36.04630556,-96.07851944,0,12,6,0,2,2,0,1,3,1,0,1,0,0000000,22,32,22,40,22,58,0,0,0,1,1
40,400583,1,1,0,0,0,1,1,125,4300,29,11,2013,6,9,49,1,13,2,US-270,W FOREST RD,27,35.32290556,-96.92476389,0,42,0,0,1,1,0,4,1,1,0,1,0,0000000,9,54,9,54,10,17,0,0,0,1,0
40,400584,2,2,0,0,0,2,2,151,0,13,11,2013,4,18,0,0,3,2,US-64,CR-370,49,36.79774722,-98.79330833,0,12,6,0,2,2,0,1,2,1,0,1,0,0000000,18,26,18,34,18,50,0,0,0,1,0
40,400585,2,2,0,0,0,3,3,81,0,28,11,2013,5,17,4,0,4,3,SR-66,SR-102,0,35.679225,-97.09345278,0,12,6,0,2,2,0,1,1,1,0,1,0,0000000,17,2,17,14,18,1,0,0,0,1,0
40,400586,1,1,0,1,1,1,1,143,4780,19,12,2013,5,18,12,0,16,6,E 11TH ST,S GARNETT RD,0,36.14790556,-95.85122778,0,8,0,0,3,2,0,1,2,1,0,1,0,0000000,18,11,18,16,18,42,0,0,0,1,0
40,400587,2,2,0,0,0,3,3,143,4780,29,12,2013,1,1,15,1,2,2,US-75,,111,36.10460833,-96.00918611,0,12,1,0,1,1,0,1,3,1,0,1,0,0000000,1,29,1,34,2,0,0,0,0,1,1
40,400588,1,1,0,0,0,2,2,15,0,19,10,2013,7,3,1,0,4,4,CR-1380,,0,35.01470278,-98.34789722,0,35,0,0,1,1,0,4,2,1,0,1,0,0000000,3,18,3,32,4,33,0,0,0,1,1
40,400589,2,2,0,0,0,2,2,143,1060,8,11,2013,6,9,14,1,13,3,SR-20,59TH EAST AVE,47,36.36564444,-95.90804167,0,12,6,0,2,3,0,1,1,1,0,1,0,0000000,9,18,9,26,10,7,0,0,0,1,0
40,400590,2,2,0,0,0,4,4,153,0,24,10,2013,5,21,40,1,2,2,US-283,,158,36.54359167,-99.53281111,0,12,2,0,1,1,0,1,2,10,0,10,0,0000000,21,42,21,55,23,38,0,0,0,3,1
40,400591,1,1,0,0,0,1,1,47,1550,10,10,2013,5,23,22,0,14,6,W CHESTNUT AVE,,0,36.40569444,-97.89000278,0,43,0,0,1,1,0,5,3,10,0,10,0,0000000,23,19,23,20,23,38,0,0,0,1,0
40,400592,1,1,0,0,0,3,3,81,0,13,12,2013,6,15,27,0,4,3,SR-18,,47,35.77011389,-96.87686667,0,1,0,0,1,1,0,4,1,1,0,1,0,0000000,15,22,15,35,17,1,0,0,0,1,1
40,400593,2,2,0,0,0,4,4,133,0,15,12,2013,1,1,41,0,6,4,CR-EW119,,0,35.29003889,-96.60217222,0,35,0,0,1,1,0,4,3,1,0,1,0,0000000,99,99,99,99,88,88,14,20,0,1,0
40,400594,1,1,0,0,0,1,1,55,0,24,12,2013,3,18,48,0,3,2,US-283,,110,34.856625,-99.46943056,0,43,0,0,1,1,0,4,2,1,0,1,0,0000000,99,99,99,99,99,99,0,0,0,1,0
40,400595,2,2,0,0,0,4,4,17,3550,18,12,2013,4,15,0,0,14,6,S CZECH HALL RD,SW 25TH ST,0,35.44173611,-97.74235833,0,12,2,0,2,3,0,1,1,1,0,1,0,0000000,15,1,15,8,15,43,0,0,0,1,1
40,400596,3,3,0,1,1,4,4,143,4780,13,10,2013,1,19,57,0,16,6,E 31ST ST S,,0,36.11895,-95.83903333,0,8,0,0,1,1,0,1,2,10,0,10,0,0000000,19,57,20,1,88,88,0,0,0,1,0
40,400597,1,1,0,1,1,1,1,145,4910,8,11,2013,6,22,25,0,16,6,N STORY ST,NE 9TH ST,0,35.96866389,-95.365125,0,9,0,0,2,2,0,1,3,1,0,1,0,0000000,22,27,22,31,22,49,0,0,0,1,1
40,400598,1,1,0,0,0,2,2,91,920,19,11,2013,3,2,42,1,2,2,US-69,,191,35.48464167,-95.53183889,0,24,0,0,1,1,0,3,2,1,0,1,0,0000000,8,44,8,49,88,88,0,0,0,2,0
40,400599,2,2,0,0,0,5,5,119,1210,23,11,2013,7,10,36,1,2,3,SR-33,,19,35.98564167,-96.73381389,0,12,2,0,1,1,0,1,1,1,0,1,0,0000000,10,43,11,3,11,47,0,0,0,1,0
40,400600,1,1,0,0,0,2,2,143,4780,15,12,2013,1,13,13,1,13,2,US-169,,59,36.0936,-95.85927222,0,1,0,0,1,1,0,4,1,1,0,1,0,0000000,13,12,13,19,13,43,0,0,0,1,0
40,400601,1,1,0,0,0,2,2,145,590,5,12,2013,5,14,10,1,13,3,SR-51,,28,36.02579722,-95.72802778,0,1,0,0,1,1,0,4,1,3,0,3,0,0000000,14,11,14,17,14,58,0,0,0,1,0
40,400602,1,1,0,0,0,5,5,101,3310,5,12,2013,5,9,49,1,13,2,US-62,,29,35.77015278,-95.35144167,0,59,0,0,1,1,0,4,1,3,0,3,0,0000000,9,48,9,57,10,21,0,0,0,1,0
40,400603,2,2,0,0,0,2,2,143,0,1,11,2013,6,20,6,0,4,4,CR-GARNETT RD,,0,36.33945,-95.84803889,0,11,0,0,1,1,0,1,2,1,0,1,0,0000000,20,3,20,7,20,44,0,0,0,1,0