STATE,ST_CASE,VE_TOTAL,VE_FORMS,PVH_INVL,PEDS,PERNOTMVIT,PERMVIT,PERSONS,COUNTY,CITY,DAY,MONTH,YEAR,DAY_WEEK,HOUR,MINUTE,NHS,ROAD_FNC,ROUTE,TWAY_ID,TWAY_ID2,MILEPT,LATITUDE,LONGITUD,SP_JUR,HARM_EV,MAN_COLL,RELJCT1,RELJCT2,TYP_INT,WRK_ZONE,REL_ROAD,LGT_COND,WEATHER1,WEATHER2,WEATHER,SCH_BUS,RAIL,NOT_HOUR,NOT_MIN,ARR_HOUR,ARR_MIN,HOSP_HR,HOSP_MN,CF1,CF2,CF3,FATALS,DRUNK_DR
40,400604,1,1,0,0,0,3,3,19,0,2,11,2013,7,17,10,1,1,1,I-35,,27,34.10990833,-97.15206111,0,1,0,0,1,1,0,1,1,1,0,1,0,0000000,17,11,17,20,17,45,0,0,0,1,0
40,400605,8,8,0,0,0,8,8,17,3550,20,12,2013,6,18,40,1,13,3,SR-66,,145,35.51497778,-97.68220556,0,25,0,0,1,1,0,4,2,3,0,3,0,0000000,99,99,99,99,88,88,0,0,0,1,0
40,400606,2,2,0,0,0,2,2,101,3310,6,11,2013,4,18,0,1,13,2,US-69,,720,35.78515278,-95.402525,0,12,1,0,8,1,0,1,1,10,0,10,0,0000000,18,1,18,7,88,88,0,0,0,1,0
40,400607,1,1,0,0,0,2,2,101,0,28,11,2013,5,21,30,0,4,4,CR-COUNTRY CLUB RD,,0,35.67232222,-95.32265,0,5,0,0,1,1,0,1,2,1,0,1,0,0000000,21,34,21,55,88,88,0,0,0,1,1
40,400608,2,2,0,0,0,7,7,51,4800,1,12,2013,1,17,49,0,3,3,SR-37,,153,35.29099444,-97.68691111,0,12,6,0,1,1,0,1,5,1,0,1,0,0000000,18,18,18,38,19,19,0,0,0,1,0
40,400609,2,2,0,0,0,3,3,37,4190,2,12,2013,2,20,7,1,13,3,SR-97,,21,36.02843889,-96.11295,0,12,2,0,1,1,0,1,2,10,0,10,0,0000000,20,12,20,14,20,53,0,0,0,1,0
40,400610,3,3,0,0,0,6,6,143,3630,5,12,2013,5,11,56,0,16,6,N 129TH EAST AVE,E 106TH ST N,0,36.30755278,-95.83018056,0,12,6,0,2,2,0,1,1,10,0,10,0,0000000,99,99,99,99,99,99,0,0,0,1,0
40,400611,2,2,0,0,0,2,2,143,590,23,12,2013,2,15,49,0,16,6,E KENOSHA ST,S 241ST E AVE,0,36.06080833,-95.70807778,0,12,6,0,2,2,0,1,1,10,0,10,0,0000000,15,50,15,58,16,47,0,0,0,1,0
40,400612,2,1,1,0,1,1,2,31,0,4,12,2013,4,9,21,1,2,2,US-62,,129,34.63213889,-98.60184444,0,14,0,0,1,1,0,2,1,1,0,1,0,0000000,9,24,9,31,10,26,0,0,0,1,1
40,400613,1,1,0,0,0,5,5,67,0,29,12,2013,1,18,24,0,6,4,CR-CENTER POINT RD,,0,34.08568889,-97.59048333,0,38,0,0,1,1,0,4,2,1,0,1,0,0000000,18,21,18,37,19,6,0,0,0,1,0
40,400614,1,1,0,0,0,1,1,143,4410,5,8,2013,2,99,99,0,14,3,SR-11,W 103RD ST N,82,36.30473056,-95.99160278,0,42,0,0,3,3,0,5,9,99,0,99,0,0000000,88,88,88,88,88,88,0,0,0,1,1
40,400615,3,3,0,0,0,5,5,65,120,5,12,2013,5,17,22,1,13,2,US-62,,40,34.63773889,-99.35059167,0,12,6,0,1,1,0,1,1,4,0,4,0,0000000,16,27,16,29,16,36,0,0,0,1,0
40,400616,2,2,0,0,0,4,4,131,0,20,11,2013,4,18,59,0,4,3,SR-266,CR-NS411,75,36.24996389,-95.69463056,0,12,6,0,2,3,0,1,2,10,0,10,0,0000000,19,0,19,10,19,52,0,0,0,1,0
40,400617,4,4,0,0,0,5,5,27,3430,24,10,2013,5,9,26,1,13,3,SR-77H,,1,35.26295833,-97.42370833,0,33,0,0,1,1,0,4,1,1,0,1,0,0000000,9,27,9,33,9,52,14,0,0,1,0
40,400618,2,2,0,0,0,3,3,143,4780,18,10,2013,6,19,20,0,16,6,S 145TH E AVE,,0,36.11249444,-95.81534167,0,12,6,0,1,1,0,1,2,2,0,2,0,0000000,19,20,19,41,20,15,0,0,0,1,1
40,400619,4,1,3,0,2,1,3,143,4780,14,11,2013,5,20,39,1,11,1,I-44 EXIT RAMP,,55,36.09029444,-95.94342222,0,14,0,1,5,1,0,2,3,1,0,1,0,0000000,20,38,20,42,20,56,0,0,0,1,0
40,400620,2,2,0,0,0,3,3,27,3430,5,12,2013,5,20,51,0,3,3,SR-9,,154,35.23208056,-97.17119444,0,12,6,0,1,1,0,1,2,3,0,3,0,0000000,20,52,21,22,22,25,0,0,0,1,0
40,400621,2,2,0,0,0,2,2,153,0,18,11,2013,2,14,35,0,3,3,SR-34,CR-EW55,40,36.21645278,-99.32870278,0,12,1,0,3,2,0,1,1,1,0,1,0,0000000,14,39,14,54,15,32,0,0,0,1,0
40,400622,1,1,0,0,0,1,1,143,0,21,12,2013,7,0,49,1,2,2,US-64,,45,36.15421667,-96.17455278,0,24,0,0,1,1,0,4,2,3,0,3,0,0000000,0,54,1,1,1,42,0,0,0,1,0
40,400623,2,2,0,0,0,2,2,19,5200,29,10,2013,3,17,56,0,3,2,US-70,,87,34.17283611,-97.41073056,0,1,0,0,1,1,0,1,5,1,0,1,0,0000000,17,56,18,5,18,38,0,0,0,1,1
40,400624,1,1,0,1,1,1,1,115,3160,18,12,2013,4,18,17,1,13,2,US-69,24TH AVE NE,42,36.90403333,-94.87750833,0,8,0,0,2,3,0,1,3,1,0,1,0,0000000,18,18,18,21,18,43,0,0,0,1,0
40,400625,2,2,0,0,0,2,2,101,1690,26,12,2013,5,6,31,0,14,2,US-62,SH-10,42,35.77036667,-95.26506111,0,12,6,0,2,2,0,1,2,5,0,5,0,0000000,6,32,6,40,8,2,0,0,0,1,0
40,400626,1,1,0,0,0,2,2,93,0,21,12,2013,7,14,30,1,2,2,US-412,,5,36.42020833,-98.95146944,0,1,0,0,1,1,0,4,1,3,0,3,0,0000000,15,19,15,40,18,40,0,0,0,1,0
41,410001,2,2,0,0,0,2,2,33,860,8,1,2013,3,15,56,1,13,2,US-199 (ODOT 25),DOWELL RD,21,42.41853889,-123.3668778,0,12,6,0,2,2,0,1,1,1,0,1,0,0000000,15,52,15,54,16,20,0,0,0,1,0
41,410002,1,1,0,1,1,1,1,3,0,8,1,2013,3,12,45,0,4,4,CR-FERN RD,,34,44.49848611,-123.3614083,0,8,0,0,1,1,0,1,1,10,0,10,0,0000000,12,46,12,53,88,88,0,0,0,1,0
41,410003,1,1,0,0,0,4,4,51,1650,9,1,2013,4,6,29,0,16,6,N DELAWARE AVE,,0,45.58666111,-122.6922722,0,43,0,0,1,1,0,4,3,2,0,2,0,0000000,6,29,6,35,7,6,0,0,0,1,1
41,410004,1,1,0,0,0,1,1,33,0,4,1,2013,6,21,13,0,4,3,SR-260 (ODOT 260),,59,42.43715,-123.4282278,0,17,0,0,1,1,0,4,2,5,0,5,0,0000000,21,13,21,33,88,88,0,0,0,1,1
41,410006,1,1,0,0,0,1,1,19,0,10,1,2013,5,11,40,1,1,1,I-5,,831,42.76646944,-123.3328861,0,42,0,0,1,1,0,4,1,4,0,4,0,0000000,11,42,11,48,88,88,0,0,0,1,0
41,410007,2,2,0,0,0,6,6,29,0,11,1,2013,6,18,5,1,2,3,SR-140 (ODOT 270),,178,42.40892222,-122.5464611,0,12,6,0,1,1,0,1,2,10,0,10,0,0000000,18,7,18,20,99,99,0,0,0,2,0
41,410008,2,2,0,0,0,5,5,41,0,6,1,2013,1,10,30,1,2,2,US-101 (ODOT 9),,1526,44.47246667,-124.079825,0,54,11,0,1,1,0,1,1,1,0,1,0,0000000,10,30,10,43,88,88,14,0,0,2,0
41,410009,2,2,0,0,0,4,4,59,0,6,1,2013,1,10,52,0,3,3,SR-207 (ODOT 333),,157,45.68528611,-119.3756056,0,12,1,0,8,1,0,1,1,1,0,1,0,0000000,10,57,11,5,88,88,0,0,0,1,0
41,410010,1,1,0,0,0,6,6,43,0,13,1,2013,1,18,50,1,11,1,I-5,,2350,44.65179167,-123.0613194,0,1,0,0,1,1,0,3,2,1,0,1,0,0000000,18,51,18,54,99,99,0,0,0,1,0
41,410011,1,1,0,1,1,1,1,51,880,13,1,2013,1,17,29,1,13,6,NE 181ST AVE,NE BARR RD,0,45.53365278,-122.47725,0,8,0,0,3,3,0,1,3,1,0,1,0,0000000,17,29,17,29,18,5,0,0,0,1,0
41,410012,1,1,0,1,1,1,1,5,0,15,1,2013,3,20,10,1,13,3,SR-213 (ODOT 68),,95,45.42786667,-122.5662778,0,8,0,0,1,1,0,1,2,98,0,98,0,0000000,20,14,20,20,88,88,0,0,0,1,0
41,410013,2,2,0,0,0,2,2,29,0,16,1,2013,4,8,15,0,3,4,CR-FOOTHILL RD,,50,42.39945556,-122.8171056,0,12,6,0,1,1,0,1,1,10,0,10,0,0000000,8,15,8,33,99,99,0,0,0,1,0
41,410014,3,3,0,0,0,5,5,53,0,19,1,2013,7,18,30,1,2,3,SR-22 (ODOT 30),,65,45.00992222,-123.4126778,0,12,2,0,1,1,0,1,2,5,0,5,0,0000000,18,32,18,46,19,58,0,0,0,1,1
41,410015,2,2,0,2,2,7,7,51,1650,20,1,2013,1,2,33,0,14,6,NW 5TH AVE,NW EVERETT ST,0,45.525225,-122.6754889,0,12,6,0,2,2,0,1,3,10,5,5,0,0000000,2,33,2,36,99,99,0,0,0,1,1
41,410016,1,1,0,0,0,2,2,51,1650,23,1,2013,4,1,26,0,15,6,SE DIVISION ST,,0,45.50489444,-122.6192556,0,30,0,0,1,1,0,4,3,10,0,10,0,0000000,1,26,1,31,1,58,0,0,0,1,1
41,410017,2,2,0,0,0,3,3,67,1000,23,1,2013,4,15,45,0,14,6,NW EVERGREEN RD,,0,45.55003889,-122.973575,0,12,2,0,1,1,0,1,1,10,0,10,0,0000000,15,48,15,49,16,33,0,0,0,1,0
41,410018,1,1,0,0,0,1,1,3,420,26,1,2013,7,5,16,1,13,2,US-20 (ODOT 33),SW 35TH AVE,547,44.55454722,-123.2895667,0,30,0,0,3,2,0,4,2,1,0,1,0,0000000,99,99,99,99,99,99,0,0,0,1,0
41,410019,1,1,0,0,0,1,1,29,0,29,1,2013,3,3,0,1,13,3,SR-99 (ODOT 63),,126,42.263,-122.8036722,0,30,0,0,1,1,0,4,2,2,0,2,0,0000000,3,5,3,14,88,88,0,0,0,1,1
41,410020,1,1,0,1,1,3,3,51,1650,29,1,2013,3,17,58,0,13,6,NE GLISAN ST,NE 78TH AVE,0,45.52643056,-122.5834806,0,8,0,0,3,2,0,1,3,10,0,10,0,0000000,18,0,18,7,88,88,0,0,0,1,0
41,410021,1,1,0,0,0,1,1,57,0,2,2,2013,7,99,99,0,4,3,SR-53 (ODOT 46),,190,45.70115,-123.8800056,0,1,0,0,1,1,0,4,2,99,0,99,0,0000000,7,39,7,47,88,88,0,0,0,1,1
41,410022,2,2,0,0,0,7,7,43,0,4,2,2013,2,16,45,0,3,4,CR-DIAMOND HILL RD,CR-POWERLINE RD,0,44.28525833,-123.1277556,0,12,6,0,2,2,0,1,1,10,0,10,0,0000000,16,47,16,58,17,41,0,0,0,1,0
41,410023,1,1,0,0,0,1,1,51,1650,5,2,2013,3,16,22,0,14,6,SE 162ND AVE,,0,45.50561944,-122.4966556,0,31,0,0,1,1,0,5,1,2,0,2,0,0000000,16,22,16,31,16,54,0,0,0,1,0
41,410024,1,1,0,0,0,1,1,41,0,5,2,2013,3,14,0,0,4,4,CR-LOGSDEN RD,,21,44.71687778,-123.8802833,0,1,0,0,1,1,0,5,1,2,0,2,0,0000000,15,31,16,0,88,88,0,0,0,1,0
41,410025,1,1,0,0,0,2,2,33,0,6,2,2013,4,13,45,1,2,2,US-199 (ODOT 25),,373,42.05390833,-123.7125361,0,42,0,0,1,1,0,4,1,1,0,1,0,0000000,13,50,14,1,99,99,0,0,0,2,1
41,410026,2,2,0,0,0,3,3,15,830,7,2,2013,5,18,0,1,2,2,US-101 (ODOT 9),,3305,42.38858889,-124.4226944,0,12,1,0,1,1,0,1,2,2,0,2,0,0000000,18,5,18,9,18,47,0,0,0,1,0
41,410027,1,1,0,0,0,2,2,11,0,10,2,2013,1,8,30,1,2,2,US-101 (ODOT 9),,2222,43.58891111,-124.1836361,0,42,0,0,1,1,0,4,1,10,0,10,0,0000000,8,30,8,43,99,99,0,0,0,1,0
41,410028,1,1,0,0,0,1,1,29,0,12,2,2013,3,18,35,1,2,3,SR-238 (ODOT 272),,356,42.34078889,-122.9190278,0,30,0,0,1,1,0,4,2,1,0,1,0,0000000,18,39,18,45,88,88,0,0,0,1,0
41,410029,1,1,0,1,1,1,1,51,1650,14,2,2013,5,5,37,1,15,6,SE HOLGATE BLVD,,0,45.49032222,-122.6497083,0,8,0,0,1,1,0,1,3,10,0,10,0,0000000,5,37,5,42,6,4,0,0,0,1,0
41,410030,1,1,0,0,0,4,4,51,1650,16,2,2013,7,20,42,0,15,6,SE MARKET ST,,0,45.51149722,-122.549275,0,42,0,0,1,1,0,5,3,10,0,10,0,0000000,20,42,20,45,21,14,0,0,0,1,1
41,410031,1,1,0,0,0,1,1,5,2210,20,2,2013,4,2,47,1,11,1,I-205,,74,45.35658611,-122.6193222,0,35,0,0,1,1,0,4,3,1,0,1,0,0000000,2,47,2,50,3,44,0,0,0,1,1
41,410032,1,1,0,1,1,1,1,67,1000,25,2,2013,2,18,29,1,13,3,SR-8 (ODOT 29),,115,45.52141667,-122.9635944,0,8,0,0,1,1,0,1,2,10,0,10,0,0000000,18,29,18,34,19,8,0,0,0,1,0
41,410033,1,1,0,1,1,1,1,47,1810,25,2,2013,2,19,11,1,13,6,LANCASTER DR NE,,0,44.95973889,-122.9836056,0,8,0,0,1,1,0,1,3,1,0,1,0,0000000,19,11,19,17,88,88,0,0,0,1,0
41,410034,1,1,0,1,1,1,1,7,0,27,2,2013,4,13,12,1,2,2,US-101 (ODOT 9),,344,45.81900278,-123.9610917,0,8,0,0,1,1,0,1,1,2,0,2,0,0000000,13,15,13,45,88,88,0,0,0,1,0
41,410035,2,2,0,0,0,2,2,59,0,27,2,2013,4,15,10,0,6,4,CR-CAMPBELL RD,CR-FULTON RD,48,45.73242778,-118.7662083,0,12,6,0,2,2,0,1,1,10,0,10,0,0000000,15,19,15,27,88,88,0,0,0,1,0
41,410036,1,1,0,0,0,1,1,39,0,28,2,2013,5,18,18,0,6,4,CR-BLUE MOUNTAIN RD,,22,43.75035278,-122.987875,0,42,0,0,1,1,0,4,2,2,0,2,0,0000000,18,18,18,30,88,88,0,0,0,1,0
41,410037,1,1,0,1,1,1,1,51,1650,28,2,2013,5,19,7,0,15,6,SE 136TH AVE,,0,45.48368889,-122.5235778,0,8,0,0,1,1,0,1,3,10,0,10,0,0000000,19,7,19,12,19,26,0,0,0,1,0
41,410038,2,2,0,0,0,4,4,33,0,7,1,2013,2,17,54,1,2,2,US-199 (ODOT 25),,250,42.22103056,-123.6476194,0,12,2,0,1,1,0,1,2,1,0,1,0,0000000,17,57,18,5,99,99,0,0,0,1,1
41,410039,2,2,0,0,0,2,2,19,0,3,3,2013,1,4,29,1,1,1,I-5,,1027,42.96391944,-123.3323611,0,12,2,0,1,1,0,1,2,10,0,10,0,0000000,4,32,4,42,5,50,0,0,0,1,2
41,410040,2,2,0,1,1,2,2,29,0,3,3,2013,1,20,30,0,14,4,CR-E GREGORY RD,CR-TABLE ROCK RD,10,42.41114167,-122.8853528,0,8,0,0,3,2,0,1,2,1,0,1,0,0000000,20,30,20,35,88,88,0,0,0,1,0
41,410041,1,1,0,0,0,1,1,51,1650,3,3,2013,1,19,14,1,14,6,N GREELEY AVE,,0,45.55589444,-122.6927389,0,30,0,0,1,1,0,4,3,10,0,10,0,0000000,19,14,19,20,88,88,0,0,0,1,1
41,410042,2,2,0,0,0,6,6,51,1650,9,3,2013,7,16,57,0,15,6,SE GLADSTONE ST,SE 28TH PL,0,45.49336944,-122.6366222,0,12,6,0,2,2,0,1,1,1,0,1,0,0000000,16,57,17,3,17,40,0,0,0,2,1
41,410043,1,1,0,0,0,1,1,19,0,12,3,2013,3,16,10,0,3,3,SR-138,,287,43.29886944,-122.904,0,42,0,0,1,1,0,4,1,1,0,1,0,0000000,16,10,16,35,88,88,0,0,0,1,0
41,410044,1,1,0,0,0,1,1,47,0,14,3,2013,5,0,28,0,4,4,CR-TALBOT RD SE,,0,44.73247222,-123.0215361,0,30,0,0,1,1,0,4,2,1,0,1,0,0000000,0,30,0,40,88,88,0,0,0,1,1
41,410045,1,1,0,1,1,1,1,35,0,15,3,2013,6,19,54,1,13,3,SR-39 (ODOT 20),,41,42.20646111,-121.7205583,0,8,0,0,1,1,0,1,2,10,0,10,0,0000000,19,54,19,57,88,88,0,0,0,1,0
41,410047,3,3,0,0,0,3,3,53,0,22,3,2013,6,7,5,1,2,3,SR-22 (ODOT 30),,203,44.93298333,-123.1452944,0,12,2,0,1,1,0,1,4,1,0,1,0,0000000,7,12,7,23,99,99,0,0,0,1,0
41,410048,2,2,0,0,0,3,3,39,0,22,3,2013,6,15,40,0,4,4,CR-CAMAS SWALE RD,,12,43.91767778,-123.0414389,0,12,2,0,1,1,0,1,1,10,0,10,0,0000000,15,40,15,50,99,99,0,0,0,1,0
41,410049,2,2,0,0,0,2,2,67,0,24,3,2013,1,8,54,0,3,3,SR-219 (ODOT 140),SW FARMINGTON RD,55,45.44294167,-122.9851778,0,12,6,0,2,3,0,1,1,1,0,1,0,0000000,8,54,9,0,88,88,0,0,0,1,0
41,410050,4,4,0,0,0,5,5,67,180,28,3,2013,5,16,13,1,12,3,SR-217 (ODOT 144),,30,45.46966944,-122.7859556,0,12,1,0,1,1,0,1,1,10,0,10,0,0000000,16,13,16,20,16,54,14,0,0,1,0
41,410051,1,1,0,0,0,1,1,39,1150,29,3,2013,6,21,30,0,5,6,KALMIA ST,W 3RD AVE,0,44.21652222,-123.2066861,0,42,0,0,3,3,1,4,3,1,0,1,0,0000000,23,47,23,50,88,88,0,0,0,1,1
41,410052,1,1,0,0,0,1,1,5,1380,30,3,2013,7,20,44,0,16,6,ENGLE AVE,,0,45.14554167,-122.5771389,0,42,0,0,1,1,0,5,2,1,0,1,0,0000000,20,46,20,50,88,88,0,0,0,1,1
41,410053,2,2,0,0,0,2,2,67,0,31,3,2013,1,13,13,0,3,4,CR-SW FARMINGTON RD,,0,45.456075,-122.9022139,0,12,6,0,8,1,0,1,1,1,0,1,0,0000000,13,14,13,19,13,52,0,0,0,1,0
41,410054,1,1,0,1,1,1,1,67,0,4,4,2013,5,17,3,0,15,4,CR-SW 160TH AVE,,0,45.48383333,-122.8426972,0,33,0,0,1,1,0,4,1,10,0,10,0,0000000,17,3,17,7,17,36,0,0,0,1,0
41,410056,1,1,0,0,0,2,2,57,0,9,4,2013,3,14,12,1,2,2,US-26 (ODOT 47),,340,45.78064167,-123.3470861,0,42,0,0,1,1,0,4,1,1,0,1,0,0000000,14,14,14,35,15,21,0,0,0,1,0
41,410057,2,2,0,0,0,2,2,19,0,11,4,2013,5,15,53,1,2,3,SR-42 (ODOT 35),,705,43.14805556,-123.3751972,0,12,6,0,1,1,0,1,1,1,0,1,0,0000000,99,99,99,99,99,99,0,0,0,1,0
41,410058,1,1,0,1,1,4,4,51,1650,13,4,2013,7,19,22,1,13,6,SE DIVISION ST,,0,45.50411944,-122.5168306,0,8,0,0,1,1,0,1,5,1,0,1,0,0000000,19,22,19,25,88,88,0,0,0,1,0
41,410059,1,1,0,0,0,1,1,39,0,17,4,2013,4,4,0,1,2,3,SR-126 (ODOT 62),,510,44.05261667,-123.2665944,0,42,0,0,1,1,0,4,2,10,0,10,0,0000000,4,6,4,12,88,88,0,0,0,1,1
41,410060,1,1,0,0,0,1,1,67,2065,27,2,2013,4,8,31,0,15,6,SW HUNZIKER ST,,0,45.42763333,-122.758025,0,30,0,0,1,1,0,4,1,10,0,10,0,0000000,8,31,8,36,9,12,0,0,0,1,0
41,410061,3,3,0,0,0,6,6,7,2180,19,4,2013,6,18,53,1,2,2,US-101 (ODOT 9),,80,45.90516111,-123.7501,0,12,2,0,1,1,0,1,1,10,0,10,0,0000000,18,53,18,55,99,99,0,0,0,2,0
41,410062,2,2,0,0,0,5,5,43,0,24,4,2013,4,17,4,1,2,2,US-20 (ODOT 16),DEW RD,242,44.42388333,-122.7746556,0,12,2,0,2,3,0,1,1,1,0,1,0,0000000,17,4,17,28,17,58,0,0,0,1,0
41,410063,2,2,0,0,0,3,3,51,1650,28,4,2013,1,0,41,0,14,6,SE STARK ST,SE 122ND AVE,0,45.519025,-122.5377778,0,12,6,0,2,2,0,1,3,10,0,10,0,0000000,0,41,0,50,1,44,0,0,0,1,2
41,410064,2,2,0,0,0,3,3,71,0,19,3,2013,3,21,40,1,2,3,SR-18 (ODOT 39),,490,45.20089167,-123.139525,0,12,2,0,1,1,0,1,2,2,0,2,0,0000000,21,41,21,46,22,33,0,0,0,1,0
41,410065,2,2,0,0,0,7,7,7,0,14,4,2013,1,17,36,1,2,2,US-30 (ODOT 92),,755,46.17000833,-123.4360389,0,12,2,0,1,1,0,1,1,1,0,1,0,0000000,17,52,18,24,19,11,0,0,0,2,0
41,410066,1,1,0,0,0,2,2,47,0,1,5,2013,4,15,5,0,6,7,I-5,,2480,44.84231111,-123.0072667,0,38,0,0,1,1,0,4,1,1,0,1,0,0000000,15,8,15,13,15,42,0,0,0,1,1
41,410067,2,2,0,0,0,2,2,29,0,3,5,2013,6,23,36,1,1,1,I-5,,98,42.12843056,-122.6302972,0,12,2,0,1,1,0,1,3,1,0,1,0,0000000,23,36,23,42,0,29,0,0,0,1,1
41,410068,1,1,0,0,0,1,1,17,1205,9,5,2013,5,17,15,0,15,4,CR-HUNTINGTON RD,,0,43.6865,-121.4988972,0,42,0,0,1,1,0,4,1,10,0,10,0,0000000,17,18,17,20,88,88,0,0,0,1,0
41,410069,1,1,0,0,0,2,2,39,0,11,5,2013,7,4,30,0,3,4,CR-RIVER RD,,68,44.13998611,-123.1482278,0,1,0,0,1,1,0,1,3,1,0,1,0,0000000,4,39,4,51,88,88,0,0,0,2,1
41,410070,1,1,0,4,4,2,2,39,0,11,5,2013,7,21,38,0,4,4,CR-JASPER-LOWELL RD,,15,44.00076389,-122.9069444,0,1,0,0,1,1,0,5,3,1,0,1,0,0000000,21,38,21,42,99,99,0,0,0,1,1
41,410071,1,1,0,0,0,3,3,5,0,10,5,2013,6,23,11,0,3,4,CR-CANBY-MARQUAM RD,,65,45.24244722,-122.6870417,0,30,0,0,1,1,0,4,3,1,0,1,0,0000000,23,17,23,36,0,48,0,0,0,1,1
41,410072,1,1,0,0,0,2,2,51,1650,12,5,2013,1,4,25,0,15,6,NE 12TH AVE,,0,45.52470556,-122.6535944,0,30,0,0,1,1,0,4,2,10,0,10,0,0000000,4,42,5,19,5,51,0,0,0,1,0
41,410073,1,1,0,1,1,1,1,41,0,14,5,2013,3,9,50,1,2,2,US-101 (ODOT 9),,1188,44.91856111,-124.0093,0,8,0,0,1,1,0,1,1,1,0,1,0,0000000,10,1,10,17,10,26,0,0,0,1,0
41,410074,2,2,0,0,0,5,5,47,0,22,4,2013,2,20,44,1,2,4,CR-YERGEN RD NE,CR-CASE RD NE,0,45.22865833,-122.8784972,0,12,6,0,2,2,0,1,2,1,0,1,0,0000000,20,50,20,52,21,29,0,0,0,1,0
41,410075,2,2,0,0,0,2,2,51,880,14,5,2013,3,18,42,1,13,2,US-26 (ODOT 26),SE HILLYARD RD,154,45.47701944,-122.3969389,0,12,6,0,2,2,0,1,1,1,0,1,0,0000000,18,42,18,47,19,31,0,0,0,1,0
41,410076,1,1,0,0,0,1,1,51,1650,14,5,2013,3,22,33,1,13,3,SR-99 (ODOT 91),,38,45.47162778,-122.6805361,0,30,0,0,1,1,0,4,3,10,0,10,0,0000000,22,33,22,39,88,88,0,0,0,1,1
41,410077,2,2,0,0,0,2,2,45,0,16,5,2013,5,9,31,1,2,2,US-20 (ODOT 7),SR-201 (ODOT 455),2582,43.98870833,-117.0057083,0,12,6,0,2,2,0,1,1,10,0,10,0,0000000,9,31,9,39,88,88,0,0,0,1,0
41,410078,1,1,0,1,1,1,1,67,0,18,5,2013,7,0,17,0,3,3,SR-219 (ODOT 140),,42,45.45398056,-122.9911667,0,8,0,0,1,1,0,1,2,98,0,98,0,0000000,0,17,0,23,88,88,0,0,0,1,0
41,410079,1,1,0,0,0,1,1,57,0,20,5,2013,2,6,8,1,2,2,US-101 (ODOT 9),,818,45.55785278,-123.8967583,0,35,0,0,1,1,0,4,4,10,0,10,0,0000000,6,12,6,25,88,88,0,0,0,1,1
41,410080,2,2,0,0,0,2,2,39,0,23,5,2013,5,20,3,1,2,3,SR-126 (ODOT 62),,495,44.05268611,-123.3058194,0,12,2,0,1,1,0,1,1,10,0,10,0,0000000,20,3,20,10,99,99,0,0,0,1,0
41,410081,1,1,0,0,0,1,1,39,0,25,5,2013,7,6,45,0,4,8,USFS RD 18,,131,43.97345833,-122.5719944,5,35,0,0,1,1,0,5,1,1,0,1,0,0000000,7,5,7,25,8,38,0,0,0,1,1
41,410082,2,2,0,0,0,6,6,59,0,25,5,2013,7,15,57,0,4,4,CR-HAT ROCK RD,,2,45.90869722,-119.1666917,0,1,0,0,1,1,0,1,1,1,0,1,0,0000000,15,58,16,4,88,88,0,0,0,1,1
41,410083,1,1,0,0,0,1,1,5,1580,25,5,2013,7,15,45,0,14,6,CLACKAMAS RIVER DR,,0,45.37108889,-122.5850694,0,24,0,0,1,1,0,4,1,1,0,1,0,0000000,15,50,15,55,16,25,0,0,0,1,0
41,410084,2,2,0,0,0,3,3,67,0,26,5,2013,1,15,22,0,3,3,SR-219 (ODOT 140),SW SIMPSON RD,38,45.46655556,-123.0026,0,12,6,0,2,3,0,1,1,10,0,10,0,0000000,15,24,15,30,16,8,0,0,0,2,0
41,410085,2,2,0,0,0,3,3,51,1650,26,5,2013,1,2,19,0,14,6,SE 20TH AVE,SE MADISON ST,0,45.51288611,-122.6455889,0,12,6,0,2,2,0,1,3,2,0,2,0,0000000,2,19,2,26,2,54,0,0,0,1,2
41,410086,3,3,0,0,0,4,4,39,0,28,5,2013,3,12,43,1,2,3,SR-58 (ODOT 18),,486,43.67969722,-122.2445556,0,12,6,0,1,1,0,1,1,10,0,10,0,0000000,12,49,13,6,14,17,0,0,0,1,0
41,410087,1,1,0,0,0,1,1,17,0,29,5,2013,4,23,8,0,15,4,CR-BROOKSWOOD BLVD,,0,44.00316944,-121.3446333,0,1,0,0,1,1,0,4,2,1,0,1,0,0000000,23,8,23,18,23,42,20,0,0,1,0
41,410088,1,1,0,0,0,2,2,35,0,31,5,2013,6,19,23,0,5,4,CR-LOWER KLAMATH RD,,118,42.24438333,-121.7915972,0,1,0,0,1,1,0,4,1,1,0,1,0,0000000,19,23,19,33,99,99,0,0,0,1,1
41,410089,1,1,0,1,1,1,1,33,860,18,3,2013,2,1,35,0,14,6,REDWOOD AVE,,0,42.42235,-123.3724333,0,8,0,0,1,1,0,4,2,1,0,1,0,0000000,1,35,1,44,2,18,0,0,0,1,1
41,410090,2,2,0,0,0,3,3,35,0,12,4,2013,6,13,4,0,15,4,CR-ALTAMONT DR,CR-ANDERSON AVE,7,42.1792,-121.7472667,0,12,6,0,2,2,0,1,1,1,0,1,0,0000000,13,4,13,10,13,28,0,0,0,1,0
41,410091,1,1,0,1,1,1,1,39,430,25,4,2013,5,12,49,0,16,6,GATEWAY BLVD,LANDESS RD,0,43.79293056,-123.0511861,0,9,0,0,2,2,0,1,1,1,0,1,0,0000000,12,50,12,54,13,24,0,0,0,1,0