STATE,ST_CASE,VE_TOTAL,VE_FORMS,PVH_INVL,PEDS,PERNOTMVIT,PERMVIT,PERSONS,COUNTY,CITY,DAY,MONTH,YEAR,DAY_WEEK,HOUR,MINUTE,NHS,ROAD_FNC,ROUTE,TWAY_ID,TWAY_ID2,MILEPT,LATITUDE,LONGITUD,SP_JUR,HARM_EV,MAN_COLL,RELJCT1,RELJCT2,TYP_INT,WRK_ZONE,REL_ROAD,LGT_COND,WEATHER1,WEATHER2,WEATHER,SCH_BUS,RAIL,NOT_HOUR,NOT_MIN,ARR_HOUR,ARR_MIN,HOSP_HR,HOSP_MN,CF1,CF2,CF3,FATALS,DRUNK_DR
41,410092,1,1,0,0,0,1,1,71,0,18,5,2013,7,17,15,0,4,4,CR-FOX FARM RD,,9,45.29926389,-123.0028056,0,42,0,0,1,1,0,4,1,2,0,2,0,0000000,17,17,17,23,88,88,0,0,0,1,0
41,410093,2,2,0,0,0,5,5,59,0,10,5,2013,6,8,50,1,2,3,SR-11 (ODOT 8),SR-204 RAMP,205,45.83654722,-118.4202944,0,12,6,0,2,2,0,1,1,1,0,1,0,0000000,8,50,9,0,10,0,0,0,0,1,0
41,410094,3,3,0,0,0,3,3,19,0,31,5,2013,6,17,26,0,4,4,CR-OLD MELROSE RD,,39,43.23874722,-123.4182306,0,12,8,0,1,1,0,1,1,1,0,1,0,0000000,17,27,17,31,17,50,14,0,0,1,1
41,410095,1,1,0,1,1,1,1,39,1960,25,5,2013,7,2,36,1,12,3,SR-126B (ODOT 227),52ND ST,91,44.05600833,-122.9402944,0,8,0,1,3,3,0,1,3,1,0,1,0,0000000,2,36,2,45,88,88,0,0,0,1,1
41,410096,3,3,0,0,0,3,3,43,20,29,5,2013,4,18,19,1,13,3,SR-99 (ODOT 58),BELMONT AVE,55,44.58921667,-123.1098444,0,12,1,0,2,2,0,1,1,10,0,10,0,0000000,18,19,18,24,18,52,0,0,0,1,0
41,410097,2,2,0,0,0,2,2,51,1650,2,6,2013,1,22,30,0,13,2,US-30 (ODOT 123),,85,45.56948889,-122.6150917,0,12,2,0,1,1,0,1,3,1,0,1,0,0000000,22,30,22,36,22,58,0,0,0,1,1
41,410098,1,1,0,0,0,1,1,39,0,6,6,2013,5,8,25,1,2,3,SR-58 (ODOT 18),,383,43.73022778,-122.4199306,0,24,0,0,1,1,0,5,1,1,0,1,0,0000000,8,23,8,35,88,88,0,0,0,1,0
41,410099,1,1,0,0,0,1,1,19,0,5,6,2013,4,21,30,0,6,4,CR-BEN IRVING RD,,15,43.06593889,-123.6297028,0,17,0,0,1,1,0,5,3,1,0,1,0,0000000,6,19,6,30,88,88,18,0,0,1,1
41,410100,1,1,0,0,0,1,1,45,0,6,6,2013,5,11,48,1,2,2,US-95 (ODOT 456),,69,42.98540556,-117.10495,0,1,0,0,1,1,0,5,1,1,0,1,0,0000000,12,8,12,26,99,99,0,0,0,1,0
41,410101,1,1,0,0,0,1,1,29,0,6,6,2013,5,17,44,0,5,4,CR-LITTLE APPLEGATE,,11,42.19056667,-123.0275944,0,30,0,0,1,1,0,4,1,1,0,1,0,0000000,99,99,99,99,99,99,0,0,0,1,1
41,410102,2,2,0,0,0,2,2,51,0,18,6,2013,3,12,19,1,2,2,US-30 (ODOT 92),,156,45.67996389,-122.8742389,0,12,6,0,1,1,1,1,1,10,0,10,0,0000000,12,35,12,33,13,25,0,0,0,1,0
41,410103,1,1,0,0,0,1,1,61,0,20,6,2013,5,14,30,0,4,8,USFS RD 51,,0,45.18473056,-118.388325,0,42,0,0,1,1,0,4,1,1,0,1,0,0000000,20,13,20,41,88,88,0,0,0,1,0
41,410104,2,2,0,0,0,4,4,19,0,7,6,2013,6,17,25,1,11,1,I-5,,1204,43.166575,-123.3660056,0,24,0,0,1,1,0,4,1,1,0,1,0,0000000,17,26,17,35,18,14,0,0,0,1,0
41,410105,2,2,0,0,0,4,4,47,0,7,6,2013,6,8,3,0,6,4,CR-70TH AVE SE,,13,44.80751944,-122.9135972,0,12,6,0,8,1,0,1,1,1,0,1,0,0000000,8,3,8,10,99,99,0,0,0,1,0
41,410106,1,1,0,0,0,3,3,47,0,8,6,2013,7,20,46,0,6,4,CR-VALLEY VIEW RD SE,,8,44.76334167,-122.9466667,0,42,0,0,1,1,0,4,1,1,0,1,0,0000000,99,99,20,57,99,99,0,0,0,1,0
41,410107,1,1,0,0,0,1,1,31,0,9,6,2013,1,17,15,0,3,2,US-26 (ODOT 360),,104,44.47708611,-121.0430306,0,1,0,0,1,1,0,4,1,1,0,1,0,0000000,17,15,17,40,88,88,0,0,0,1,0
41,410108,2,2,0,0,0,2,2,51,1650,10,6,2013,2,14,29,1,13,6,NE MARTIN LUTHER KNG,,0,45.55558889,-122.6615361,0,12,7,0,1,1,0,1,1,1,0,1,0,0000000,14,29,14,23,14,48,0,0,0,1,0
41,410109,1,1,0,0,0,1,1,39,0,13,6,2013,5,7,25,1,2,3,SR-126 (ODOT 62),,400,44.06864722,-123.4774,0,30,0,0,1,1,0,4,1,2,0,2,0,0000000,7,25,7,35,88,88,0,0,0,1,0
41,410110,2,2,0,0,0,6,6,43,0,15,6,2013,7,13,29,0,3,3,SR-99E (ODOT 58),LAKE CREEK LN,214,44.35981944,-123.1084028,0,12,6,0,2,2,0,1,1,1,0,1,0,0000000,13,29,13,36,99,99,0,0,0,1,0
41,410111,2,2,0,0,0,3,3,35,0,22,6,2013,7,18,55,0,3,3,SR-31 (ODOT 19),,81,43.53836389,-121.4651583,0,12,6,0,8,1,0,1,1,1,0,1,0,0000000,18,57,19,5,19,30,0,0,0,1,1
41,410112,1,1,0,0,0,1,1,69,0,23,6,2013,1,7,45,0,3,3,SR-19 (ODOT 5),,893,44.83207222,-119.7937583,0,11,0,0,1,1,0,1,1,10,0,10,0,0000000,8,5,8,9,88,88,0,0,0,1,0
41,410113,1,1,0,0,0,1,1,57,0,23,6,2013,1,20,15,0,5,4,CR-BURTON-FRASER RD,,12,45.43315,-123.8650389,0,38,0,0,1,1,0,5,2,2,0,2,0,0000000,23,24,23,32,88,88,0,0,0,1,1
41,410114,1,1,0,0,0,1,1,39,1960,24,6,2013,2,99,99,1,13,3,SR-126 (ODOT 15),,83,44.0472,-122.8876972,0,42,0,0,1,1,0,4,2,10,0,10,0,0000000,23,58,23,58,88,88,0,0,0,1,1
41,410115,1,1,0,0,0,1,1,29,0,26,6,2013,4,23,14,0,4,4,CR-OLD STAGE RD,,89,42.40050278,-123.0225778,0,35,0,0,1,1,0,4,2,1,0,1,0,0000000,23,15,23,18,88,88,0,0,0,1,1
41,410116,2,2,0,0,0,3,3,41,0,28,6,2013,6,18,8,0,4,4,CR-LOGSDEN RD,,38,44.73513056,-123.8587556,0,12,6,0,8,1,0,1,1,1,0,1,0,0000000,18,8,18,20,88,88,0,0,0,1,0
41,410117,2,2,0,0,0,3,3,37,0,28,6,2013,6,19,15,1,2,3,SR-140 (ODOT 20),CR-PADGET RD,906,42.18105833,-120.4505472,0,12,6,0,2,2,0,1,1,1,0,1,0,0000000,19,15,19,29,19,43,0,0,0,1,1
41,410118,2,2,0,0,0,5,5,51,1650,28,6,2013,6,20,4,0,14,6,SE MADISON ST,SE 10TH AVE,0,45.51293889,-122.6556833,0,12,6,0,2,2,0,1,1,1,0,1,0,0000000,20,4,20,10,20,35,0,0,0,1,0
41,410119,3,3,0,0,0,3,3,29,0,29,6,2013,7,16,50,1,13,3,SR-99 (ODOT 63),SCENIC AVE,14,42.38937222,-122.9333,0,12,6,0,2,2,0,1,1,1,0,1,0,0000000,16,52,17,5,88,88,14,0,0,1,0
41,410120,1,1,0,0,0,2,2,35,0,1,7,2013,2,17,5,0,4,4,CR-CLOVER CREEK RD,,89,42.24673611,-122.1174389,0,1,0,0,1,1,0,4,1,1,0,1,0,0000000,17,5,17,22,88,88,0,0,0,1,1
41,410121,1,1,0,0,0,1,1,45,0,2,7,2013,3,2,15,0,6,4,CR-HALLIDAY RD,CR-FOOTHILL DR,0,44.00680833,-117.1457778,0,1,0,0,3,3,0,4,2,1,0,1,0,0000000,2,23,2,48,4,24,0,0,0,1,1
41,410122,1,1,0,0,0,1,1,51,2090,29,6,2013,7,22,45,0,14,2,US-30 (ODOT 100),,5,45.52917778,-122.3710417,0,34,0,0,1,1,0,4,3,1,0,1,0,0000000,22,45,22,52,88,88,0,0,0,1,1
41,410123,1,1,0,0,0,1,1,41,0,3,7,2013,4,9,14,0,4,4,CR-YAQUINA BAY RD,,35,44.61109167,-124.0106111,0,42,0,0,1,1,0,4,1,1,0,1,0,0000000,88,88,88,88,88,88,0,0,0,1,1
41,410124,1,1,0,0,0,1,1,45,0,5,7,2013,6,2,3,1,2,2,US-20 (ODOT 7),,2395,43.93911667,-117.3458444,0,1,0,0,1,1,0,1,2,1,0,1,0,0000000,2,3,99,97,99,97,0,0,0,1,1
41,410125,1,1,0,1,1,1,1,41,2269,5,7,2013,6,16,45,1,2,2,US-101 (ODOT 9),,1635,44.32299167,-124.1017472,0,8,0,0,1,1,0,1,1,1,0,1,0,0000000,16,45,16,51,88,88,0,0,0,1,0
41,410126,2,2,0,0,0,3,3,47,0,5,7,2013,6,17,53,0,4,4,CR-BREITENBUSH RD,,0,44.80914444,-121.8802389,0,12,2,0,1,1,0,1,1,1,0,1,0,0000000,99,99,99,99,88,88,0,0,0,1,1
41,410127,1,1,0,0,0,1,1,51,1650,5,7,2013,6,3,53,0,15,6,SE 60TH AVE,SE ASH ST,0,45.521625,-122.6023389,0,42,0,0,3,3,0,4,3,10,0,10,0,0000000,3,53,3,57,88,88,0,0,0,1,1
41,410128,1,1,0,0,0,1,1,51,1650,8,7,2013,2,16,0,0,15,6,SE 110TH AVE,,0,45.47403889,-122.5482611,0,3,0,0,1,1,0,5,1,1,0,1,0,0000000,16,0,16,6,88,88,0,0,0,1,0
41,410129,1,1,0,0,0,1,1,39,1960,8,7,2013,2,17,3,1,12,3,SR-126 (ODOT 227),,94,44.05398333,-122.9355444,0,24,0,0,1,1,0,3,1,1,0,1,0,0000000,17,3,17,8,88,88,0,0,0,1,0
41,410130,1,1,0,2,2,1,1,51,1650,9,7,2013,3,13,8,1,13,6,SE 148TH AVE,SE DIVISION ST,0,45.50420556,-122.5106278,0,8,0,0,3,3,0,1,1,1,0,1,0,0000000,13,8,13,15,13,49,0,0,0,1,0
41,410131,3,3,0,0,0,4,4,65,0,10,7,2013,4,14,46,1,2,2,US-97 (ODOT 42),,532,45.03853056,-120.7198972,0,12,6,0,1,1,0,1,1,1,0,1,0,0000000,14,46,15,25,99,99,0,0,0,2,0
41,410132,2,2,0,0,0,4,4,65,2060,10,7,2013,4,16,50,0,13,6,W 6TH ST,HOSTETLER ST,0,45.62306111,-121.21345,0,12,6,0,2,3,0,1,1,1,0,1,0,0000000,16,51,16,55,17,15,0,0,0,1,1
41,410133,1,1,0,0,0,1,1,51,1650,11,7,2013,5,2,42,0,15,6,SE MILWAUKIE AVE,,0,45.48481111,-122.6495861,0,19,0,0,1,1,0,5,3,1,0,1,0,0000000,2,42,2,46,88,88,0,0,0,1,1
41,410134,1,1,0,0,0,1,1,47,0,13,7,2013,7,23,57,1,2,3,SR-22 (ODOT 162),,477,44.72068889,-122.1283861,0,3,0,0,1,1,0,5,2,1,0,1,0,0000000,23,57,0,15,88,88,0,0,0,1,1
41,410135,1,1,0,0,0,1,1,67,0,14,7,2013,1,7,0,1,2,3,SR-47 (ODOT 102) RAMP,,809,45.64487222,-123.1352528,0,21,0,0,5,1,0,4,1,1,0,1,0,0000000,7,2,7,11,88,88,0,0,0,1,0
41,410136,2,2,0,0,0,2,2,53,0,16,7,2013,3,14,51,1,2,3,SR-22 (ODOT 30),50TH ST NW,212,44.9323,-123.1294,0,12,6,0,2,2,0,1,1,1,0,1,0,0000000,14,45,14,53,99,99,0,0,0,1,0
41,410137,1,1,0,0,0,1,1,49,0,18,7,2013,5,4,44,0,3,3,SR-207 (ODOT 320),,159,45.84615278,-119.3109306,0,1,0,0,1,1,0,4,4,1,0,1,0,0000000,4,44,4,44,88,88,20,0,0,1,1
41,410138,2,2,0,0,0,3,3,31,0,19,7,2013,6,17,30,1,2,2,US-97 (ODOT 4),,888,44.73956944,-121.0360861,0,12,2,0,1,1,0,1,1,1,0,1,0,0000000,17,30,17,35,18,12,0,0,0,2,0
41,410139,2,2,0,0,0,2,2,35,1170,19,7,2013,6,4,54,1,13,3,SR-140 (ODOT 424),US-97 RAMP,1,42.1919,-121.7998,0,12,6,0,2,3,0,1,3,1,0,1,0,0000000,4,55,5,3,99,99,0,0,0,1,0
41,410140,1,1,0,0,0,1,1,7,0,20,7,2013,7,17,26,1,2,2,US-101 (ODOT 9),,170,46.05005,-123.9140944,0,40,0,0,1,1,0,4,1,1,0,1,0,0000000,5,27,5,35,99,99,0,0,0,1,0
41,410141,1,1,0,1,1,1,1,43,0,24,7,2013,4,20,50,0,4,4,CR-KINGSTON JORDAN,,0,44.756525,-122.7738722,0,8,0,0,1,1,0,1,1,1,0,1,0,0000000,20,53,21,6,88,88,0,0,0,1,1
41,410142,1,1,0,0,0,5,5,35,0,24,7,2013,4,19,38,0,4,4,CR-SPRAGUE RIVER RD,,254,42.58001667,-121.7345111,0,1,0,0,1,1,1,1,1,10,0,10,0,0000000,19,38,20,3,20,25,0,0,0,2,0
41,410143,1,1,0,0,0,2,2,39,0,26,7,2013,6,0,30,0,5,4,CR-UPPER NORTH FORK,,34,44.13315278,-123.9155,0,1,0,0,1,1,0,5,2,1,0,1,0,0000000,2,59,3,23,99,99,0,0,0,1,1
41,410144,1,1,0,0,0,1,1,59,0,26,7,2013,6,7,2,0,3,3,SR-204 (ODOT 330),,188,45.78633056,-118.1075,0,1,0,0,1,1,0,4,1,1,0,1,0,0000000,7,2,7,35,88,88,0,0,0,1,1
41,410145,1,1,0,0,0,1,1,71,0,26,7,2013,6,0,45,0,3,3,SR-47 (ODOT 29),,308,45.39193889,-123.1365472,0,30,0,0,1,1,0,4,2,1,0,1,0,0000000,0,49,0,59,88,88,0,0,0,1,0
41,410146,2,2,0,0,0,3,3,59,0,28,7,2013,1,2,0,0,4,4,CR-E PUNKIN CENTER,,0,45.86455,-119.2736667,0,12,2,0,1,1,0,1,2,1,0,1,0,0000000,2,7,2,14,2,45,0,0,0,1,1
41,410147,2,2,0,0,0,2,2,53,0,28,7,2013,1,11,30,0,3,3,SR-51 (ODOT 193),,46,44.872725,-123.1873694,0,12,6,0,8,1,0,1,1,1,0,1,0,0000000,99,99,99,99,99,99,0,0,0,1,0
41,410148,1,1,0,1,1,1,1,67,180,15,1,2013,3,99,99,0,15,6,LAURELWOOD AVE,,0,45.48135556,-122.7609222,0,8,0,0,1,1,0,1,2,1,0,1,0,0000000,19,57,20,3,88,88,0,0,0,1,0
41,410149,1,1,0,0,0,1,1,47,1810,28,7,2013,1,23,6,0,14,6,PRINGLE RD SE,,0,44.89325278,-123.0256444,0,33,0,0,1,1,0,4,2,1,0,1,0,0000000,23,6,23,10,88,88,0,0,0,1,1
41,410150,1,1,0,0,0,1,1,39,0,29,7,2013,2,16,32,0,4,4,CR-COBURG RD,,0,44.17963889,-123.1157917,0,30,0,0,1,1,0,4,1,1,0,1,0,0000000,16,32,16,40,99,99,0,0,0,1,0
41,410151,2,2,0,0,0,4,4,39,0,31,7,2013,4,11,51,0,4,4,CR-CLEAR LAKE RD,,0,44.10394722,-123.2195944,0,12,2,0,1,1,0,1,1,1,0,1,0,0000000,11,51,11,51,99,99,0,0,0,1,0
41,410152,2,2,0,0,0,2,2,59,0,31,7,2013,4,13,0,0,4,4,CR-WESTLAND RD,,25,45.82681111,-119.3455972,0,12,2,0,1,1,0,1,1,1,0,1,0,0000000,13,4,13,13,13,45,0,0,0,1,1
41,410153,2,2,0,1,1,2,2,19,0,31,7,2013,4,16,25,1,11,1,I-5,,1236,43.20665833,-123.3588833,0,8,0,0,1,1,0,1,1,1,0,1,0,0000000,16,28,16,39,88,88,0,0,0,1,0
41,410154,2,2,0,0,0,3,3,3,0,2,8,2013,6,16,32,0,14,4,CR-WEST HILLS RD,CR-BAILEY ST,20,44.55577222,-123.3526861,0,12,6,0,2,3,0,1,1,1,0,1,0,0000000,16,32,16,39,17,2,0,0,0,1,0
41,410155,1,1,0,0,0,1,1,5,0,17,6,2013,2,19,12,1,2,2,US-26 (ODOT 26),,468,45.30597222,-121.8624,0,42,0,0,1,1,0,4,1,10,0,10,0,0000000,19,12,19,20,88,88,0,0,0,1,0
41,410156,2,2,0,0,0,5,5,53,0,2,8,2013,6,18,16,1,2,3,SR-18 (ODOT 39),,222,45.058975,-123.5516833,0,12,6,0,1,1,0,1,1,1,0,1,0,0000000,18,17,18,54,19,23,0,0,0,1,0
41,410157,2,2,0,0,0,4,4,41,0,4,8,2013,1,18,45,1,13,2,US-101 (ODOT 9),,1110,44.69019722,-124.0634417,0,12,2,0,1,1,0,1,1,1,0,1,0,0000000,6,47,6,49,99,99,0,0,0,2,0
41,410158,1,1,0,0,0,1,1,39,0,6,8,2013,3,0,22,0,5,4,CR-ROW RIVER RD,,185,43.79150556,-123.0025889,0,1,0,0,1,1,0,1,2,1,0,1,0,0000000,0,22,0,35,99,99,0,0,0,1,0
41,410159,2,2,0,0,0,2,2,31,0,8,8,2013,5,15,0,1,2,2,US-97 (ODOT 4),CR-DOVER LN,984,44.59255,-121.1478917,0,12,6,0,2,2,0,1,1,1,0,1,0,0000000,15,4,15,33,16,7,0,0,0,1,0
41,410160,3,3,0,0,0,4,4,51,1650,9,8,2013,6,17,12,1,11,1,I-5,,2959,45.45801944,-122.7089861,0,12,1,0,1,1,0,1,1,1,0,1,0,0000000,17,13,17,28,88,88,0,0,0,1,0
41,410161,3,3,0,0,0,3,3,5,0,10,8,2013,7,20,6,0,3,3,SR-99 (ODOT 81),,230,45.24861944,-122.7241861,0,12,8,0,1,1,0,1,1,1,0,1,0,0000000,20,6,99,99,99,99,0,0,0,1,0
41,410162,1,1,0,0,0,1,1,67,0,7,8,2013,4,1,11,0,14,4,CR-NW WEST UNION RD,,0,45.55760278,-122.8647444,0,53,0,0,1,1,0,5,2,1,0,1,0,0000000,1,11,1,11,88,88,0,0,0,1,1
41,410163,1,1,0,0,0,1,1,51,0,7,8,2013,4,17,55,0,4,4,CR-LARCH MOUNTAIN RD,,18,45.52303889,-122.2274583,0,1,0,0,1,1,0,1,1,1,0,1,0,0000000,17,55,18,7,88,88,0,0,0,1,0
41,410164,1,1,0,0,0,1,1,51,1650,9,8,2013,6,2,30,0,16,6,N INTERSTATE AVE,,0,45.53525833,-122.6738694,0,25,0,0,1,1,0,4,3,1,0,1,0,0000000,2,35,2,40,88,88,0,0,0,1,1
41,410165,1,1,0,0,0,1,1,5,0,10,8,2013,7,21,7,0,3,4,CR-SE SPRINGWATER RD,,0,45.34741111,-122.4288389,0,30,0,0,1,1,0,4,2,10,0,10,0,0000000,21,7,21,17,88,88,0,0,0,1,1
41,410166,2,2,0,0,0,4,4,47,0,13,8,2013,3,18,58,1,2,3,SR-22 (ODOT 162),,160,44.808125,-122.7700111,0,12,2,0,1,1,0,1,1,1,0,1,0,0000000,18,58,18,58,19,24,0,0,0,2,1
41,410167,1,1,0,0,0,1,1,17,0,14,8,2013,4,16,45,0,4,4,CR-PAULINA LAKE RD,,0,43.73524444,-121.4447083,0,58,0,0,1,1,0,4,1,10,0,10,0,0000000,16,45,99,99,88,88,0,0,0,1,1
41,410168,3,3,0,0,0,3,3,59,0,19,8,2013,2,11,29,0,3,3,SR-204 (ODOT 330),,188,45.78619722,-118.1077694,0,1,0,0,1,1,0,1,1,1,0,1,0,0000000,11,29,12,2,12,56,14,0,0,1,0
41,410169,1,1,0,0,0,1,1,1,0,19,8,2013,2,8,25,0,4,3,SR-410 (ODOT 410),,35,44.72790556,-118.1849389,0,1,0,0,1,1,0,4,1,1,0,1,0,0000000,8,27,8,43,88,88,0,0,0,1,0
41,410170,2,2,0,0,0,2,2,39,0,26,8,2013,2,21,25,0,4,4,CR-CROW RD,,23,44.03021111,-123.2237,0,12,2,0,1,1,0,1,2,1,0,1,0,0000000,21,25,21,28,88,88,0,0,0,2,0
41,410171,2,2,0,0,0,2,2,45,0,27,8,2013,3,13,15,1,13,3,SR-201 (ODOT 455),SW 18TH AVE,303,44.01036667,-117.0053694,0,12,6,0,2,2,0,1,1,1,0,1,0,0000000,13,10,13,14,88,88,0,0,0,1,0
41,410172,1,1,0,0,0,1,1,43,0,18,5,2013,7,0,46,0,3,3,SR-226 (ODOT 211),,138,44.71188056,-122.7709333,0,23,0,0,1,1,0,5,2,99,0,99,0,0000000,11,10,11,23,88,88,0,0,0,1,1
41,410173,3,3,0,0,0,5,5,5,0,1,6,2013,7,16,40,0,3,3,SR-211 (ODOT 161),MERIDIAN RD,38,45.14431111,-122.7573361,0,12,6,0,2,2,0,1,1,1,0,1,0,0000000,16,42,16,46,17,32,0,0,0,1,0
41,410174,1,1,0,0,0,1,1,25,0,1,7,2013,2,99,99,0,4,4,CR-NARROWS PRINCETON,,120,43.24465833,-118.76765,0,1,0,0,1,1,0,4,9,99,0,99,0,0000000,88,88,88,88,88,88,0,0,0,1,1
41,410175,2,2,0,0,0,4,4,9,0,1,7,2013,2,16,18,0,3,4,CR-SCAPPOOSE-VERNONIA HWY,,33,45.86996667,-123.1238667,0,12,2,0,1,1,0,1,1,1,0,1,0,0000000,99,99,99,99,99,99,0,0,0,1,2
41,410176,1,1,0,0,0,2,2,57,0,14,7,2013,1,7,50,0,3,3,SR-6 (ODOT 37),,55,45.47011389,-123.7399556,0,42,0,0,1,1,0,4,1,10,0,10,0,0000000,7,52,8,2,8,42,0,0,0,1,0
41,410177,1,1,0,0,0,1,1,9,0,29,7,2013,2,17,30,0,15,4,CR-ROSS RD,,1,45.84291944,-122.8538528,0,53,0,0,1,1,0,4,1,1,0,1,0,0000000,17,32,17,35,88,88,0,0,0,1,0
41,410178,1,1,0,0,0,1,1,43,2030,2,8,2013,6,22,22,0,16,6,8TH AVE,,0,44.38951944,-122.7346528,0,42,0,0,1,1,0,5,2,98,0,98,0,0000000,22,22,99,99,88,88,20,0,0,1,1
41,410179,1,1,0,0,0,7,7,35,0,17,8,2013,7,5,42,1,2,2,US-97 (ODOT 4),,2485,42.57356111,-121.8819444,0,1,0,0,1,1,0,1,4,1,0,1,0,0000000,5,42,5,55,6,15,0,0,0,1,0
41,410180,1,1,0,0,0,1,1,37,0,19,8,2013,2,99,99,0,4,3,SR-140 (ODOT 431),,269,42.17470556,-119.9238028,0,17,0,0,1,1,0,4,9,1,0,1,0,0000000,15,41,16,30,88,88,0,0,0,1,0
41,410181,1,1,0,0,0,1,1,29,0,25,8,2013,1,9,30,1,13,3,SR-99 (ODOT 63),MACE RD,40,42.35831389,-122.9038167,0,30,0,0,3,3,0,4,1,2,0,2,0,0000000,9,31,9,40,9,52,0,0,0,1,0
41,410182,1,1,0,0,0,1,1,5,0,31,8,2013,7,18,19,0,3,3,SR-224 (ODOT 171),,108,45.41016111,-122.5147083,0,42,0,0,1,1,0,4,1,1,0,1,0,0000000,99,99,99,99,88,88,0,0,0,1,0
41,410183,1,1,0,1,1,1,1,25,240,4,9,2013,4,15,0,1,2,2,US-20 (ODOT 7),W B ST,1318,43.59062222,-119.0544444,0,9,0,0,2,3,0,1,1,10,0,10,0,0000000,15,1,15,5,15,15,0,0,0,1,0
41,410184,1,1,0,0,0,1,1,19,0,4,9,2013,4,2,25,0,3,3,SR-138 (ODOT 138),,51,43.21236944,-123.2433417,0,24,0,0,1,1,0,4,2,1,0,1,0,0000000,99,99,99,99,88,88,0,0,0,1,1
41,410185,2,2,0,0,0,6,6,31,0,5,9,2013,5,17,14,0,6,4,CR-DOVER LN,CR-BEAR DR,29,44.59263889,-121.1599917,0,12,6,0,2,2,0,1,1,10,0,10,0,0000000,17,16,17,22,17,49,0,0,0,2,1
41,410186,1,1,0,0,0,1,1,15,0,7,9,2013,7,4,45,0,4,4,CR-NORTH BANK CHETCO RIVER RD,,48,42.07740556,-124.2057528,0,24,0,0,1,1,0,4,2,1,0,1,0,0000000,4,47,5,0,88,88,0,0,0,1,1
41,410187,1,1,0,0,0,1,1,43,0,7,9,2013,7,17,45,0,4,4,CR-JEFFERSON-SCIO DR,,25,44.71145278,-122.870625,0,34,0,0,1,1,0,4,1,1,0,1,0,0000000,17,46,17,56,88,88,0,0,0,1,0
41,410188,2,2,0,0,0,3,3,35,0,11,9,2013,4,7,32,1,2,2,US-97 (ODOT 4),SR-138 (ODOT,2131,43.080725,-121.8250528,0,12,6,0,2,3,0,1,1,1,0,1,0,0000000,7,32,7,47,99,99,0,0,0,1,0
41,410189,2,2,0,0,0,2,2,45,0,15,9,2013,1,20,44,1,2,2,US-20 (ODOT 7),,2551,43.988725,-117.0697861,0,12,2,0,1,1,0,1,2,10,0,10,0,0000000,20,42,20,53,99,99,0,0,0,1,1
41,410190,1,1,0,0,0,2,2,19,0,18,9,2013,4,16,28,1,2,3,SR-38 (ODOT 45),,295,43.65546944,-123.6578694,0,42,0,0,1,1,0,4,1,1,0,1,0,0000000,16,28,16,49,17,47,0,0,0,1,1
41,410191,1,1,0,0,0,2,2,71,0,13,8,2013,3,20,0,0,3,3,SR-240 (ODOT 151),,61,45.3211,-123.0778222,0,5,0,0,1,1,0,1,1,1,0,1,0,0000000,20,0,20,10,88,88,0,0,0,1,0
41,410192,2,2,0,0,0,3,3,35,0,30,8,2013,6,11,5,1,2,2,US-97 (ODOT 4),,2000,42.29671111,-121.8173,0,12,2,0,1,1,0,1,1,1,0,1,0,0000000,11,7,11,23,99,99,0,0,0,2,1
41,410193,1,1,0,0,0,2,2,29,0,19,9,2013,5,22,42,0,6,4,CR-SARDINE CREEK RD,,30,42.48388333,-123.0763639,0,99,98,0,1,1,0,1,2,98,0,98,0,0000000,22,43,22,55,23,38,0,0,0,1,1
41,410194,1,1,0,0,0,1,1,11,0,2,5,2013,5,7,35,1,2,2,US-101 (ODOT 9),,2781,43.06139444,-124.4152389,0,30,0,0,1,1,0,4,1,1,0,1,0,0000000,7,39,7,50,88,88,0,0,0,1,0
41,410195,1,1,0,0,0,1,1,71,1490,1,9,2013,1,13,43,0,14,6,N SPRINGBROOK RD,CRESTVIEW DR,0,45.3152,-122.9464417,0,33,0,0,3,6,0,4,1,1,0,1,0,0000000,13,43,13,45,14,27,0,0,0,1,0
41,410196,2,2,0,0,0,4,4,51,0,11,9,2013,4,23,20,0,14,4,CR-SE STARK ST,,0,45.51024167,-122.3657917,0,35,0,0,1,1,0,4,3,1,0,1,0,0000000,23,20,23,28,0,18,14,0,0,1,0
41,410197,1,1,0,0,0,1,1,5,0,28,9,2013,7,0,1,0,6,4,CR-CROOKED FINGER RD,,0,44.91786944,-122.5000139,0,3,0,0,1,1,0,4,2,2,0,2,0,0000000,0,23,1,0,88,88,0,0,0,1,1
41,410198,1,1,0,0,0,2,2,71,0,28,9,2013,7,17,34,0,6,4,CR-NE RIBBON RIDGE RD,,0,45.33513889,-123.0787944,0,1,0,0,1,1,0,4,5,2,0,2,0,0000000,17,34,17,47,88,88,0,0,0,1,0
41,410199,1,1,0,1,1,1,1,39,660,24,7,2013,4,22,8,1,13,6,COBURG RD,,0,44.05653056,-123.0851528,0,8,0,0,1,1,0,1,3,1,0,1,0,0000000,22,8,22,15,22,33,0,0,0,1,1
41,410200,1,1,0,1,1,2,2,51,880,14,9,2013,7,19,55,1,13,2,US-26 (ODOT 26),,144,45.490425,-122.4021111,0,8,0,0,1,1,0,1,2,1,0,1,0,0000000,19,56,20,0,88,88,0,0,0,1,0
41,410201,1,1,0,0,0,1,1,67,0,14,9,2013,7,13,0,0,3,4,CR-SW RIVER RD,,0,45.440925,-122.9506889,0,42,0,0,1,1,0,4,1,1,0,1,0,0000000,13,0,13,8,13,33,0,0,0,1,1