STATE,ST_CASE,VE_TOTAL,VE_FORMS,PVH_INVL,PEDS,PERNOTMVIT,PERMVIT,PERSONS,COUNTY,CITY,DAY,MONTH,YEAR,DAY_WEEK,HOUR,MINUTE,NHS,ROAD_FNC,ROUTE,TWAY_ID,TWAY_ID2,MILEPT,LATITUDE,LONGITUD,SP_JUR,HARM_EV,MAN_COLL,RELJCT1,RELJCT2,TYP_INT,WRK_ZONE,REL_ROAD,LGT_COND,WEATHER1,WEATHER2,WEATHER,SCH_BUS,RAIL,NOT_HOUR,NOT_MIN,ARR_HOUR,ARR_MIN,HOSP_HR,HOSP_MN,CF1,CF2,CF3,FATALS,DRUNK_DR
41,410202,1,1,0,0,0,1,1,39,0,20,9,2013,6,11,16,1,1,1,I-5,,1880,43.99001389,-123.0063222,0,43,0,0,1,1,0,4,1,10,0,10,0,0000000,11,16,11,21,88,88,0,0,0,1,0
41,410203,1,1,0,0,0,1,1,47,0,21,9,2013,7,5,30,0,4,4,CR-VITAE SPRINGS RD S,,0,44.865675,-123.125025,0,42,0,0,1,1,0,4,2,5,0,5,0,0000000,99,99,99,99,88,88,0,0,0,1,1
41,410204,1,1,0,1,1,1,1,49,200,20,9,2013,6,20,28,0,4,6,MAIN ST,BOARDMAN AVE,0,45.83993611,-119.7016389,0,8,0,0,3,2,0,1,3,10,0,10,0,0000000,20,29,20,34,21,18,0,0,0,1,0
41,410205,1,1,0,1,1,1,1,53,0,22,9,2013,1,2,13,1,2,3,SR-18 (ODOT 39),,295,45.07454444,-123.4533278,0,8,0,0,1,1,0,1,2,10,0,10,0,0000000,2,14,2,17,88,88,0,0,0,1,0
41,410206,2,2,0,0,0,6,6,39,0,27,9,2013,6,20,8,1,2,2,US-101 (ODOT 9),,1979,43.87037222,-124.1332444,0,12,2,0,1,1,0,1,2,2,0,2,0,0000000,20,5,20,20,20,53,0,0,0,1,0
41,410207,1,1,0,0,0,3,3,51,0,28,9,2013,7,21,2,1,1,1,I-84,,400,45.62568333,-121.9728833,0,24,0,0,1,1,0,3,2,2,0,2,0,0000000,99,99,99,99,99,99,0,0,0,1,1
41,410208,1,1,0,1,1,1,1,29,1630,30,9,2013,2,21,15,1,11,1,I-5,,241,42.27821111,-122.8116611,0,8,0,0,1,1,0,1,2,1,0,1,0,0000000,21,14,21,18,21,50,0,0,0,1,0
41,410209,1,1,0,0,0,1,1,35,0,3,10,2013,5,14,1,1,2,2,US-97 (ODOT 4),,2710,42.27001111,-121.810675,0,32,0,0,1,1,0,4,1,1,0,1,0,0000000,14,1,14,8,14,30,0,0,0,1,0
41,410210,1,1,0,0,0,1,1,19,0,6,6,2013,5,0,31,0,4,4,CR-TILLER TRAIL HWY,,380,42.91050833,-122.9353639,0,1,0,0,1,1,0,4,2,1,0,1,0,0000000,1,24,2,3,2,44,0,0,0,1,0
41,410211,2,1,1,1,1,1,1,33,0,14,8,2013,4,13,0,1,1,1,I-5,,754,42.44999444,-123.3206417,0,14,0,0,1,1,1,4,1,1,0,1,0,0000000,13,5,13,25,88,88,0,0,0,1,0
41,410212,1,1,0,0,0,7,7,5,0,30,3,2013,7,22,45,0,5,4,CR-S HILLOCKBURN RD,,0,45.21497222,-122.2869917,0,1,0,0,1,1,0,1,2,1,0,1,0,0000000,23,20,23,28,0,32,0,0,0,1,1
41,410213,3,3,0,0,0,7,7,71,1260,2,5,2013,5,14,51,0,15,6,NE FORD ST,NE 1ST ST,0,45.20858056,-123.193275,0,12,6,0,2,2,0,1,1,1,0,1,0,0000000,14,51,14,53,15,27,0,0,0,1,0
41,410214,1,1,0,0,0,2,2,59,0,19,8,2013,2,10,44,1,11,1,I-84,,2115,45.66146944,-118.746,0,24,0,0,1,1,0,4,1,1,0,1,0,0000000,10,44,11,0,11,5,0,0,0,1,0
41,410215,3,3,0,0,0,6,6,47,0,5,10,2013,7,11,42,1,2,4,CR-SILVERTON RD NE,,13,44.98213611,-122.9377194,0,12,1,0,1,1,0,1,1,1,0,1,0,0000000,11,42,11,45,12,16,14,0,0,1,0
41,410216,1,1,0,0,0,1,1,63,0,5,10,2013,7,99,99,0,4,4,CR-CROW CREEK RD,,56,45.49221389,-117.141825,0,17,0,0,1,1,0,4,2,1,0,1,0,0000000,99,99,99,99,88,88,22,0,0,1,1
41,410218,2,2,0,0,0,4,4,45,0,6,10,2013,1,9,14,1,2,2,US-20 (ODOT 7),,2563,43.98869722,-117.044275,0,12,1,0,1,1,0,1,1,1,0,1,0,0000000,9,15,9,24,99,99,0,0,0,2,0
41,410219,2,2,0,0,0,2,2,39,0,6,10,2013,1,15,32,0,15,6,HOWARD AVE,OAK DR,0,44.08800556,-123.1361833,0,12,6,0,2,3,0,1,1,1,0,1,0,0000000,15,33,15,35,15,51,0,0,0,1,1
41,410220,1,1,0,0,0,1,1,33,0,6,10,2013,1,0,35,0,4,3,SR-46 (ODOT 38),,54,42.15844167,-123.5540111,0,30,0,0,1,1,0,4,2,10,0,10,0,0000000,2,27,2,50,88,88,0,0,0,1,1
41,410221,2,2,0,0,0,7,7,17,0,12,10,2013,7,11,52,1,2,2,US-20 (ODOT 16),,990,44.30668056,-121.5689444,0,12,6,0,1,1,0,1,1,2,0,2,0,0000000,11,52,11,58,88,88,0,0,0,2,0
41,410222,1,1,0,0,0,1,1,17,0,13,10,2013,1,14,54,1,2,2,US-20 (ODOT 7),,221,43.87142778,-120.86095,0,1,0,0,1,1,0,4,1,1,0,1,0,0000000,14,54,15,14,88,88,0,0,0,1,0
41,410223,2,1,1,0,0,1,1,51,1650,15,10,2013,3,2,41,1,13,3,SR-99 (ODOT 91),,53,45.45983611,-122.7078472,0,33,0,0,1,1,0,4,3,10,0,10,0,0000000,2,41,99,99,88,88,0,0,0,1,1
41,410224,1,1,0,0,0,1,1,53,0,16,10,2013,4,0,33,0,4,4,CR-BUENA VISTA RD,,21,44.81092778,-123.1885083,0,32,0,0,1,1,0,4,2,1,0,1,0,0000000,0,33,0,46,88,88,0,0,0,1,1
41,410225,2,1,1,0,0,2,2,27,0,17,10,2013,5,3,36,1,1,1,I-84,,544,45.68755833,-121.7030028,0,14,0,0,1,1,0,5,3,1,0,1,0,0000000,3,41,4,2,5,0,0,0,0,2,0
41,410226,1,1,0,0,0,1,1,31,0,8,3,2013,6,1,20,1,2,2,US-26 (ODOT 53),,1010,44.73017778,-121.2379472,0,35,0,0,1,1,0,4,2,98,0,98,0,0000000,99,99,99,99,88,88,20,0,0,1,0
41,410227,1,1,0,0,0,1,1,31,0,25,4,2013,5,23,2,0,6,4,CR-HWY 3,,36,44.808725,-121.2308028,3,1,0,0,1,1,0,4,2,1,0,1,0,0000000,99,99,99,99,88,88,0,0,0,1,0
41,410228,1,1,0,1,1,0,0,59,0,16,4,2013,3,17,49,0,5,4,CR-WELLS STATION RD,CR-MEYERS RD,0,45.74820556,-119.1091056,0,8,0,0,2,2,0,1,1,98,0,98,0,0000000,99,99,99,99,88,88,0,0,0,1,0
41,410229,1,1,0,1,1,1,1,51,1650,4,10,2013,6,8,51,1,13,6,SE DIVISION ST,SE 156TH AVE,0,45.50438333,-122.5029972,0,8,0,0,3,3,0,1,1,1,0,1,0,0000000,8,51,8,56,9,25,0,0,0,1,0
41,410230,1,1,0,0,0,9,9,51,880,22,9,2013,1,16,5,1,11,8,RAMP I-84,,127,45.5416,-122.4748,0,1,0,0,5,1,0,8,1,2,0,2,0,0000000,16,5,16,37,17,2,0,0,0,1,0
41,410231,2,2,0,1,1,2,2,39,430,19,10,2013,7,16,56,1,13,3,SR-99 (ODOT 226),GEER AVE,142,43.80489167,-123.0559083,0,8,0,0,3,3,0,1,1,1,0,1,0,0000000,16,56,16,58,88,88,0,0,0,1,0
41,410232,1,1,0,1,1,1,1,71,1260,20,10,2013,1,15,14,1,13,3,SR-99 (ODOT 91),NE 3RD ST,377,45.21000833,-123.197975,0,15,0,0,3,2,0,1,1,1,0,1,0,0000000,15,15,15,17,88,88,0,0,0,1,0
41,410233,1,1,0,2,2,3,3,67,700,20,10,2013,1,20,20,0,16,6,MAIN ST,,0,45.517375,-123.1120972,0,8,0,0,1,1,0,1,3,1,0,1,0,0000000,20,24,20,26,99,99,0,0,0,2,0
41,410234,1,1,0,0,0,1,1,39,0,20,10,2013,1,99,99,0,5,4,CR-BIG RIVER RD,,47,43.58311389,-122.9827611,0,1,0,0,1,1,0,4,9,99,0,99,0,0000000,88,88,88,88,88,88,0,0,0,1,0
41,410235,2,2,0,0,0,2,2,67,1000,23,10,2013,4,20,28,0,15,6,SE DAVIS RD,SE HARE AVE,0,45.49411389,-122.9214,0,12,6,0,2,3,0,1,3,1,0,1,0,0000000,99,99,99,99,88,88,0,0,0,1,0
41,410236,2,2,0,0,0,3,3,39,1150,25,10,2013,6,6,40,0,3,3,SR-99 (ODOT 91),SR-36 (ODOT 229),1113,44.19305556,-123.2027278,0,12,6,0,2,2,0,1,3,5,0,5,0,0000000,6,41,6,52,7,29,0,0,0,1,0
41,410237,2,2,0,0,0,2,2,29,1310,25,10,2013,6,12,57,1,13,6,RIVERSIDE AVE,,0,42.31788056,-122.8640667,0,12,6,0,8,1,0,1,1,1,0,1,0,0000000,12,57,13,2,13,28,0,0,0,1,0
41,410238,1,1,0,0,0,1,1,11,0,26,10,2013,7,11,54,0,4,3,SR-242 (ODOT 242),,102,42.94953333,-124.1066972,0,42,0,0,1,1,0,4,1,1,0,1,0,0000000,11,55,12,10,88,88,0,0,0,1,0
41,410239,1,1,0,1,1,1,1,19,0,26,10,2013,7,16,30,1,1,1,I-5,,1017,42.94876944,-123.329175,0,8,0,0,1,1,0,1,1,1,0,1,0,0000000,16,33,16,42,17,24,23,0,0,1,0
41,410240,1,1,0,0,0,1,1,67,180,31,10,2013,5,21,43,1,13,3,SR-8 (ODOT 29),,11,45.49761389,-122.7564694,0,1,0,0,1,1,0,4,2,1,0,1,0,0000000,21,43,21,50,88,88,0,0,0,1,1
41,410241,2,2,0,0,0,4,4,23,0,22,10,2013,3,16,28,1,2,2,US-26 (ODOT 5),,1595,44.41805556,-119.0059833,0,12,1,0,1,1,0,1,1,1,0,1,0,0000000,16,30,16,37,16,48,0,0,0,1,1
41,410242,2,2,0,0,0,2,2,5,0,2,11,2013,7,22,55,0,4,4,CR-SE EAGLE CREEK RD,,0,45.31368333,-122.3425444,0,12,2,0,1,1,0,1,1,98,0,98,0,0000000,99,99,99,99,99,99,0,0,0,1,1
41,410243,3,3,0,0,0,3,3,47,0,4,11,2013,2,16,57,1,1,1,I-5,,2789,45.23761667,-122.8048556,0,12,1,0,1,1,0,1,5,2,0,2,0,0000000,16,48,17,8,99,99,0,0,0,1,0
41,410244,2,2,0,0,0,2,2,39,690,3,10,2013,5,17,9,1,13,2,US-101 (ODOT 9),43RD ST,1882,44.00384722,-124.1015778,0,12,6,0,2,3,0,1,1,1,0,1,0,0000000,17,10,17,12,88,88,0,0,0,1,0
41,410245,1,1,0,0,0,2,2,15,0,17,10,2013,5,23,44,0,4,4,CR-S BANK CHETCO RD,,20,42.06531111,-124.2437083,0,42,0,0,1,1,0,4,2,1,0,1,0,0000000,23,43,23,53,99,99,0,0,0,1,1
41,410246,4,4,0,0,0,8,8,5,0,17,11,2013,1,16,55,0,3,3,SR-99E (ODOT 81),,165,45.312125,-122.6605528,0,12,6,0,1,1,0,1,5,1,0,1,0,0000000,16,56,17,5,88,88,0,0,0,1,1
41,410247,1,1,0,1,1,1,1,67,700,18,11,2013,2,6,8,1,13,3,SR-8 (ODOT 29),,176,45.52024444,-123.0787917,0,15,0,0,1,1,0,1,4,2,10,2,0,0000000,6,8,6,12,88,88,0,0,0,1,0
41,410248,1,1,0,0,0,1,1,31,0,10,11,2013,1,1,20,0,3,2,US-26 (ODOT 360),,13,44.58895833,-121.1303639,0,32,0,0,1,1,0,5,2,1,0,1,0,0000000,7,15,7,20,88,88,0,0,0,1,0
41,410249,1,1,0,1,1,1,1,51,1650,12,11,2013,3,23,58,1,11,1,I-5,,3028,45.53353333,-122.6659611,0,8,0,0,1,1,0,1,2,10,0,10,0,0000000,99,99,99,99,88,88,0,0,0,1,0
41,410250,1,1,0,0,0,1,1,67,0,14,11,2013,5,2,49,1,13,4,CR-SW 185TH AVE,,0,45.50770278,-122.8674139,0,33,0,0,1,1,0,5,3,1,0,1,0,0000000,2,54,2,56,88,88,0,0,0,1,1
41,410251,2,2,0,0,0,3,3,41,0,18,11,2013,2,17,55,1,2,2,US-20 (ODOT 33),,235,44.62759444,-123.74695,0,12,2,0,1,1,1,1,2,2,0,2,0,0000000,17,58,18,1,88,88,0,0,0,1,0
41,410252,1,1,0,1,1,1,1,51,1650,19,11,2013,3,6,30,0,15,6,SE 111TH AVE,,0,45.48269167,-122.5490028,0,8,0,0,1,1,0,1,2,2,0,2,0,0000000,6,31,6,39,7,18,0,0,0,1,0
41,410253,1,1,0,2,2,1,1,53,1810,20,11,2013,4,20,58,0,14,6,EDGEWATER ST NW,,0,44.93786111,-123.063725,0,8,0,0,1,1,0,1,2,1,0,1,0,0000000,20,58,21,4,99,99,0,0,0,1,0
41,410254,1,1,0,0,0,1,1,43,0,23,11,2013,7,2,46,0,4,4,CR-GRAND PRAIRIE RD,,0,44.60588333,-123.0268167,0,58,0,0,1,1,0,4,2,1,0,1,0,0000000,2,46,2,55,88,88,0,0,0,1,1
41,410255,1,1,0,0,0,2,2,29,0,24,11,2013,1,14,45,0,4,4,CR-ROGUE RIVER RD,,37,42.60234722,-122.8383028,0,52,0,0,1,1,0,4,1,10,0,10,0,0000000,14,46,14,50,88,88,0,0,0,1,1
41,410256,1,1,0,1,1,1,1,43,2030,24,11,2013,1,17,1,1,13,2,US-20 (ODOT 16),,290,44.40305278,-122.6981639,0,15,0,0,1,1,0,1,3,1,0,1,0,0000000,17,1,17,4,88,88,0,0,0,1,0
41,410257,2,2,0,0,0,2,2,39,0,25,11,2013,2,7,16,1,2,3,SR-126 (ODOT 62),CR-ELLMAKER RD,484,44.05268889,-123.3183889,0,12,6,0,2,3,0,1,4,1,0,1,0,0000000,7,16,7,19,99,99,0,0,0,1,0
41,410258,1,1,0,1,1,2,2,53,0,26,11,2013,3,18,26,0,3,3,SR-51 (ODOT 193),,17,44.91554722,-123.1773194,0,8,0,0,1,1,0,1,2,1,0,1,0,0000000,18,26,18,29,18,58,0,0,0,1,0
41,410259,3,3,0,0,0,3,3,51,1650,25,11,2013,2,14,37,1,13,3,SR-99 (ODOT 91),SW MILES ST,37,45.47138333,-122.6810389,0,12,2,1,3,3,0,1,1,10,0,10,0,0000000,99,99,99,99,88,88,14,0,0,1,0
41,410260,2,2,0,0,0,2,2,43,0,28,11,2013,5,1,1,1,2,2,US-20 (ODOT 16),,203,44.48511667,-122.8309972,0,12,2,0,1,1,0,1,2,1,0,1,0,0000000,1,1,1,10,1,31,0,0,0,1,2
41,410261,2,2,0,0,0,2,2,51,880,1,12,2013,1,7,9,0,14,6,SE ORIENT DR,SE SALQUIST RD,0,45.482775,-122.3934139,0,12,1,0,3,2,0,1,3,10,0,10,0,0000000,7,9,7,13,88,88,0,0,0,1,1
41,410262,1,1,0,0,0,1,1,33,860,20,4,2013,7,12,30,1,13,2,US-199 (ODOT 25),,24,42.45946389,-123.3207306,0,40,0,0,1,1,0,4,1,1,0,1,0,0000000,88,88,88,88,88,88,0,0,0,1,0
41,410263,1,1,0,2,2,1,1,19,1780,13,8,2013,3,22,44,0,14,6,LOOKINGGLASS RD,,0,43.21012778,-123.3893278,0,8,0,0,1,1,0,1,2,1,0,1,0,0000000,22,44,22,53,23,16,0,0,0,1,1
41,410264,1,1,0,0,0,4,4,43,0,9,8,2013,6,21,10,0,4,4,CR-QUARTZVILLE RD,,266,44.57680556,-122.3213278,0,35,0,0,1,1,0,4,2,10,0,10,0,0000000,21,15,22,10,99,99,0,0,0,1,0
41,410265,3,3,0,0,0,3,3,51,2090,22,8,2013,5,14,44,0,14,6,SW 257TH AVE,SW JENNINGS LN,0,45.53606944,-122.3964194,0,12,6,0,2,3,0,1,1,1,0,1,0,0000000,14,46,14,49,15,30,0,0,0,1,0
41,410266,1,1,0,0,0,1,1,1,0,5,11,2013,3,21,30,0,5,4,CR-USFS RD 190,,0,44.70867222,-118.5013667,0,1,0,0,1,1,0,4,2,98,0,98,0,0000000,99,99,99,99,88,88,0,0,0,1,1
41,410267,1,1,0,0,0,1,1,39,1960,11,11,2013,2,4,59,0,14,6,PIONEER PARKWAY EAST,,0,44.06498611,-123.0267222,0,42,0,0,1,1,0,4,3,1,0,1,0,0000000,4,59,5,6,88,88,0,0,0,1,0
41,410268,1,1,0,1,1,1,1,67,1000,21,11,2013,5,14,54,1,13,3,SR-8 (ODOT 29),SE 10TH AVE,125,45.51996944,-122.9739083,0,8,0,0,3,2,0,1,1,1,0,1,0,0000000,14,54,15,0,15,32,0,0,0,1,0
41,410269,1,1,0,0,0,1,1,9,0,6,12,2013,6,12,11,1,2,2,US-30 (ODOT 92),,668,46.11421944,-123.3205028,0,1,0,0,1,1,0,4,1,10,0,10,0,0000000,12,12,12,18,88,88,0,0,0,1,0
41,410271,2,2,0,0,0,3,3,51,880,11,12,2013,4,23,39,1,13,6,NW DIVISION ST,NW BELLA VISTA PL,0,45.50446111,-122.4510417,0,5,0,0,2,3,0,1,3,1,0,1,0,0000000,23,39,23,42,88,88,14,0,0,1,1
41,410272,1,1,0,1,1,0,0,43,20,13,12,2013,6,21,10,0,16,6,SE MOUNTAIN VIEW DR,,0,44.60870278,-123.0671194,0,8,0,0,1,1,0,1,3,5,0,5,0,0000000,21,10,21,17,21,54,23,0,0,1,0
41,410273,1,1,0,1,1,1,1,51,1650,13,12,2013,6,18,23,1,13,2,US-26 (ODOT 26),,78,45.49751944,-122.5261611,0,8,0,0,1,1,0,1,3,10,0,10,0,0000000,18,23,18,28,18,57,0,0,0,1,0
41,410274,2,2,0,0,0,3,3,43,20,15,12,2013,1,6,42,1,13,3,SR-99E (ODOT 58),SE 9TH AVE,15,44.63339167,-123.0835028,0,12,6,0,2,2,0,1,4,2,0,2,0,0000000,6,38,6,44,7,1,0,0,0,1,0
41,410275,1,1,0,0,0,1,1,61,0,16,12,2013,2,21,5,0,3,3,SR-203 (ODOT 66),,90,45.25516389,-117.9748278,0,1,0,0,1,1,0,4,2,1,0,1,0,0000000,99,99,99,99,88,88,0,0,0,1,0
41,410276,1,1,0,1,1,1,1,35,1170,19,10,2013,7,17,57,0,15,6,CRESCENT AVE,CROSS ST,0,42.23095,-121.7800611,0,15,0,0,2,3,0,1,1,1,0,1,0,0000000,17,59,18,3,18,13,0,0,0,1,0
41,410277,1,1,0,0,0,1,1,33,0,17,12,2013,3,9,45,1,2,2,US-199 (ODOT 25),,97,42.38303056,-123.4834389,0,42,0,0,1,1,0,4,1,10,0,10,0,0000000,9,48,9,55,10,23,0,0,0,1,0
41,410278,1,1,0,0,0,1,1,5,0,17,12,2013,3,10,14,0,4,4,CR-SE KELSO RD,,0,45.41802222,-122.3825278,0,42,0,0,1,1,0,4,1,5,0,5,0,0000000,10,14,99,99,88,88,0,0,0,1,0
41,410279,1,1,0,1,1,1,1,51,1650,17,12,2013,3,15,5,1,13,6,NE GLISAN ST,NE 117TH AVE,0,45.52628056,-122.5421944,0,8,0,0,3,2,0,1,1,10,0,10,0,0000000,99,99,99,99,88,88,0,0,0,1,0
41,410280,2,2,0,0,0,3,3,43,0,22,12,2013,1,14,50,0,3,3,SR-228 (ODOT 212),,76,44.38878056,-123.0248028,0,12,2,0,1,1,0,1,1,10,0,10,0,0000000,14,52,15,0,99,99,0,0,0,1,0
41,410281,1,1,0,1,1,1,1,59,0,23,12,2013,2,16,50,1,2,3,SR-11 (ODOT 8),,329,45.96569167,-118.3872417,0,8,0,0,1,1,0,1,2,10,0,10,0,0000000,16,52,16,56,88,88,0,0,0,1,0
41,410282,2,2,0,0,0,3,3,51,0,15,10,2013,3,15,6,0,14,3,SR-43 (ODOT 3),,37,45.45253333,-122.6599972,0,12,2,0,1,1,0,1,1,98,0,98,0,0000000,99,99,99,99,99,99,0,0,0,1,0
41,410283,2,2,0,0,0,2,2,51,0,24,12,2013,3,14,47,0,3,4,CR-CORNELIUS PASS RD,,0,45.60010556,-122.8621194,0,12,2,0,1,1,0,1,1,5,10,5,0,0000000,14,48,14,52,99,99,0,0,0,1,2
41,410284,1,1,0,0,0,2,2,51,1650,27,12,2013,6,3,5,1,13,3,SR-99W (ODOT 91),,38,45.47286111,-122.6793917,0,42,0,0,1,1,0,5,3,5,0,5,0,0000000,3,5,3,8,3,30,0,0,0,1,1
41,410285,1,1,0,0,0,2,2,17,0,29,12,2013,1,16,32,1,2,2,US-20 (ODOT 7),,318,43.87121389,-120.8061972,0,1,0,0,1,1,0,4,5,1,0,1,0,0000000,16,32,16,58,99,99,0,0,0,1,1
41,410286,2,2,0,0,0,2,2,5,926,4,5,2013,7,0,13,1,13,3,SR-212 (ODOT 171),SE 135TH AVE,72,45.41043889,-122.5246389,0,12,6,0,2,2,0,1,3,1,0,1,0,0000000,99,99,99,99,88,88,0,0,0,1,2
41,410287,1,1,0,0,0,1,1,51,1650,16,12,2013,2,19,51,0,15,6,NE MARINE DR,,0,45.565,-122.519725,0,1,0,0,1,1,0,5,2,98,0,98,0,0000000,99,99,99,99,88,88,0,0,0,1,1
41,410288,1,1,0,0,0,1,1,57,0,30,12,2013,2,6,35,0,3,3,SR-6 (ODOT 37),,263,45.60603056,-123.4922139,0,24,0,0,1,1,0,4,4,10,0,10,0,0000000,6,43,7,5,88,88,0,0,0,1,0
41,410289,2,2,0,0,0,2,2,11,0,30,12,2013,2,10,42,1,2,2,US-101 (ODOT 9),TWO MILE LN,2783,43.05763333,-124.4152583,0,12,6,0,2,3,0,1,1,1,0,1,0,0000000,10,42,10,52,99,99,0,0,0,1,0
41,410290,1,1,0,0,0,2,2,51,0,16,7,2013,3,13,2,0,4,4,CR-NW GERMANTOWN RD,,0,45.58479444,-122.8153222,0,30,0,0,1,1,0,4,1,1,0,1,0,0000000,13,6,13,13,99,99,0,0,0,1,0
41,410291,1,1,0,1,1,1,1,51,1650,15,8,2013,5,10,21,1,11,1,I-205,,237,45.56010833,-122.5638778,0,9,0,0,1,1,0,1,1,1,0,1,0,0000000,99,99,99,99,99,99,0,0,0,1,0
41,410292,2,2,0,0,0,4,4,51,1650,21,8,2013,4,0,50,1,13,3,SR-99 (ODOT 81),SE HOLGATE BLVD,23,45.49034722,-122.6543,0,12,6,0,2,2,0,1,3,10,0,10,0,0000000,99,99,99,99,99,99,0,0,0,1,1
41,410293,1,1,0,1,1,1,1,11,140,17,10,2013,5,15,31,0,4,6,11TH ST SE,BALTIMORE AVE SE,0,43.11331667,-124.4129306,0,8,0,0,3,2,0,1,1,98,0,98,0,0000000,99,99,99,99,99,99,0,0,0,1,0
41,410294,1,1,0,2,2,1,1,33,0,30,10,2013,4,0,15,1,2,2,US-199 (ODOT 25),,305,42.142975,-123.6577806,0,8,0,0,1,1,0,1,3,1,0,1,0,0000000,0,10,0,17,88,88,0,0,0,2,0
41,410295,1,1,0,0,0,7,7,51,2090,21,11,2013,5,19,20,1,11,1,I-84,,170,45.54411389,-122.4050444,0,1,0,0,1,1,0,4,2,98,0,98,0,0000000,19,23,19,30,99,99,0,0,0,1,1
41,410296,1,1,0,0,0,2,2,11,0,29,11,2013,6,99,99,0,4,4,CR-SEVEN DEVILS RD,,43,43.23162778,-124.3819583,0,35,0,0,1,1,0,4,9,98,0,98,0,0000000,11,27,11,36,88,88,0,0,0,1,0
41,410297,2,2,0,0,0,2,2,39,660,2,12,2013,2,8,25,0,14,6,N TERRY ST,ROYAL AVE,0,44.07011111,-123.1882472,0,12,98,0,2,2,0,1,1,98,0,98,0,0000000,99,99,99,99,99,99,0,0,0,1,0
42,420001,1,1,0,0,0,1,1,41,0,7,1,2013,2,20,20,1,12,2,US-15 BLUE-GRAY HWY,,49,40.20858889,-76.95783611,0,21,0,0,1,1,0,5,2,1,0,1,0,0000000,99,99,99,99,88,88,0,0,0,1,0
42,420002,1,1,0,0,0,1,1,79,0,21,1,2013,2,11,9,1,13,3,SR-2002 SANS SOUCI PKWY,,42,41.22561944,-75.93335,0,35,0,0,1,1,0,4,1,1,0,1,0,0000000,11,11,11,18,11,50,0,0,0,1,0
42,420003,2,2,0,0,0,2,2,11,0,25,1,2013,6,15,33,1,2,3,SR-100 MAIN ST,TOWNSHIP 0943 RD,89,40.44539444,-75.55372222,0,12,6,0,2,4,0,1,1,4,0,4,0,0000000,99,99,99,99,99,99,0,0,0,1,1
42,420004,2,2,0,0,0,3,3,15,0,9,1,2013,4,12,32,1,2,2,US-6 MAIN ST,STEAM HOLLOW RD,154,41.77283889,-76.63128333,0,12,6,0,2,3,0,1,1,1,0,1,0,0000000,99,99,99,99,99,99,0,0,0,2,0
42,420005,2,2,0,0,0,4,4,27,0,20,1,2013,1,13,45,0,5,3,SR-1002 MARSH CREEK RD,,108,41.06432222,-77.67510278,0,12,2,0,1,1,0,1,1,1,0,1,0,0000000,13,46,13,53,99,99,0,0,0,1,1
42,420006,1,1,0,1,1,1,1,29,0,12,1,2013,7,17,46,0,14,3,SR-23 SCHUYLKILL RD,,167,40.141275,-75.54754444,0,8,0,0,1,1,0,1,2,5,0,5,0,0000000,17,46,17,50,88,88,0,0,0,1,0
42,420007,2,2,0,0,0,3,3,63,0,29,1,2013,3,22,55,1,2,2,US-422 BENJAMIN FRANKLIN HWY,,32,40.64748056,-79.26683889,0,12,2,0,1,1,0,1,2,1,0,1,0,0000000,99,99,99,99,99,99,0,0,0,1,0
42,420008,2,2,0,0,0,2,2,25,0,28,1,2013,2,12,59,1,1,1,I-80 KEYSTONE SHORTWAY RD,,2825,41.07891389,-75.59659167,0,52,0,0,1,1,0,2,1,5,0,5,0,0000000,99,99,99,99,99,99,0,0,0,1,0
42,420009,1,1,0,0,0,1,1,17,0,6,1,2013,1,15,15,0,14,3,SR-2033 WOODBOURNE RD,,31,40.16232778,-74.87095278,0,1,0,0,1,1,0,1,1,1,0,1,0,0000000,15,20,15,23,15,52,0,0,0,1,0
42,420010,1,1,0,0,0,1,1,9,0,30,1,2013,4,18,34,0,4,3,SR-96,,373,40.18810833,-78.58426944,0,42,0,0,1,1,0,4,2,5,0,5,0,0000000,18,34,18,46,88,88,0,0,0,1,0
42,420011,1,1,0,0,0,1,1,5,0,18,1,2013,6,1,46,0,4,3,SR-4006 REESEDALE RD,,34,40.89445278,-79.53406111,0,35,0,0,1,1,0,4,2,4,0,4,0,0000000,99,99,99,99,99,99,0,0,0,1,1
42,420012,1,1,0,0,0,3,3,19,0,9,1,2013,4,10,15,0,6,5,HARMONY RD,,0,40.86968611,-80.05325,0,35,0,0,1,1,0,5,1,2,0,2,0,0000000,99,99,99,99,99,99,0,0,0,2,0
42,420013,1,1,0,0,0,1,1,77,660,27,1,2013,1,3,35,0,12,3,SR-8020 RAMP RL RD,,13,40.64834167,-75.41392222,0,59,0,1,5,1,0,4,3,1,0,1,0,0000000,99,99,99,99,99,99,0,0,0,1,1
42,420014,1,1,0,0,0,1,1,5,0,28,1,2013,2,13,22,0,3,3,SR-85,,139,40.80280556,-79.24651111,0,35,0,0,1,1,0,4,1,2,0,2,0,0000000,99,99,99,99,99,99,0,0,0,1,1
42,420015,1,1,0,0,0,1,1,129,0,29,1,2013,3,2,30,1,12,2,US-119 CONNELSVL NEW STANTON R,,74,40.21183611,-79.58979167,0,43,0,0,1,1,0,3,2,99,0,99,0,0000000,88,88,88,88,88,88,0,0,0,1,1