STATE,ST_CASE,VE_TOTAL,VE_FORMS,PVH_INVL,PEDS,PERNOTMVIT,PERMVIT,PERSONS,COUNTY,CITY,DAY,MONTH,YEAR,DAY_WEEK,HOUR,MINUTE,NHS,ROAD_FNC,ROUTE,TWAY_ID,TWAY_ID2,MILEPT,LATITUDE,LONGITUD,SP_JUR,HARM_EV,MAN_COLL,RELJCT1,RELJCT2,TYP_INT,WRK_ZONE,REL_ROAD,LGT_COND,WEATHER1,WEATHER2,WEATHER,SCH_BUS,RAIL,NOT_HOUR,NOT_MIN,ARR_HOUR,ARR_MIN,HOSP_HR,HOSP_MN,CF1,CF2,CF3,FATALS,DRUNK_DR
42,420016,1,1,0,0,0,1,1,81,0,1,1,2013,3,13,30,1,11,1,I-180,,178,41.24418333,-76.82440556,0,1,0,0,1,1,0,3,1,1,0,1,0,0000000,13,38,13,46,14,27,0,0,0,1,0
42,420017,1,1,0,0,0,1,1,49,0,17,1,2013,5,2,40,0,6,5,BAGDAD RD,,0,41.95335,-80.03819167,0,53,0,0,1,1,0,4,2,4,0,4,0,0000000,99,99,99,99,88,88,0,0,0,1,1
42,420018,1,1,0,1,1,1,1,133,0,2,1,2013,4,15,19,0,15,3,SR-3042 DAYS MILL RD,,68,39.90882222,-76.77535278,0,8,0,0,1,1,0,1,1,1,0,1,0,0000000,99,99,99,99,88,88,0,0,0,1,0
42,420019,1,1,0,0,0,2,2,29,0,18,1,2013,6,23,7,0,15,3,SR-4002 REECEVILLE RD,,11,40.02865,-75.779475,0,30,0,0,1,1,0,4,2,1,0,1,0,0000000,23,7,23,10,23,28,0,0,0,1,0
42,420020,1,1,0,1,1,1,1,101,6540,29,1,2013,3,18,16,0,14,3,SR-1015 KNIGHTS RD,,26,40.096625,-74.95876944,0,8,0,0,1,1,0,1,3,1,0,1,0,0000000,18,16,18,23,19,15,0,0,0,1,0
42,420021,1,1,0,0,0,2,2,101,6540,12,1,2013,7,1,57,1,13,2,US-1 ROOSEVELT BLVD,,76,40.02403889,-75.13179722,0,42,0,0,1,1,0,4,3,1,0,1,0,0000000,1,57,2,1,2,33,0,0,0,1,0
42,420022,1,1,0,1,1,1,1,101,6540,25,1,2013,6,7,3,0,16,6,TABOR AVE,SR-73 COTTMAN AVE,0,40.0595,-75.08054444,0,8,0,0,3,2,0,1,1,1,0,1,0,0000000,7,3,7,8,7,38,0,0,0,1,0
42,420023,1,1,0,0,0,1,1,63,0,12,1,2013,7,6,25,0,4,3,SR-217 GRANGE RD,,89,40.52856667,-79.25377778,0,42,0,0,1,1,0,5,2,5,0,5,0,0000000,99,99,99,99,88,88,0,0,0,1,0
42,420024,1,1,0,1,1,1,1,95,660,2,1,2013,4,19,59,0,16,6,MAIN ST,RASPBERRY ST,0,40.62304167,-75.38196389,0,8,0,0,3,3,0,1,3,1,0,1,0,0000000,99,99,99,99,99,99,0,0,0,1,1
42,420025,1,1,0,0,0,1,1,93,0,24,1,2013,5,19,0,0,4,3,SR-642 LIBERTY VALLEY DR,,10,40.99138611,-76.758175,0,34,0,0,1,1,0,5,2,1,0,1,0,0000000,21,26,21,42,88,88,0,0,0,1,0
42,420026,1,1,0,0,0,1,1,71,0,10,1,2013,5,17,13,0,5,3,SR-4033 MEADOW VIEW RD,,53,40.18853056,-76.49385,0,1,0,0,1,1,0,1,2,1,0,1,0,0000000,99,99,99,99,88,88,0,0,0,1,1
42,420027,1,1,0,1,1,1,1,29,0,21,1,2013,2,6,44,0,14,3,SR-2020 BOOT RD,,65,40.00701944,-75.58514444,0,35,0,0,1,1,0,4,2,1,0,1,0,0000000,6,44,6,48,7,6,0,0,0,1,1
42,420028,1,1,0,1,1,1,1,85,0,8,1,2013,3,10,9,0,14,3,SR-58 MAIN ST EXT,AIRPORT RD,364,41.14369167,-80.05965278,0,8,0,0,2,3,0,1,1,1,0,1,0,0000000,10,12,10,15,10,23,0,0,0,1,0
42,420029,1,1,0,0,0,1,1,3,6600,18,1,2013,6,10,38,0,16,6,LIBERTY AVE,,0,40.441325,-80.00493056,0,33,0,0,1,1,0,4,1,1,0,1,0,0000000,10,40,10,43,11,4,0,0,0,1,0
42,420030,1,1,0,0,0,1,1,3,4666,27,1,2013,1,18,39,1,13,2,US-19 PERRY HWY,,234,40.58992778,-80.04684722,0,59,0,1,19,1,0,4,2,1,0,1,0,0000000,88,88,88,88,88,88,0,0,0,1,0
42,420031,1,1,0,0,0,2,2,73,0,4,1,2013,6,21,32,0,6,5,S VALLEY VIEW RD,,0,41.10654167,-80.46949167,0,3,0,0,1,1,0,5,2,1,0,1,0,0000000,99,99,99,99,99,99,0,0,0,1,0
42,420032,2,2,0,0,0,2,2,59,0,16,1,2013,4,19,33,0,14,3,SR-188 JEFFERSON RD,,8,39.90310556,-80.15345,0,12,2,0,1,1,0,1,2,1,0,1,0,0000000,99,99,99,99,99,99,0,0,0,1,0
42,420033,1,1,0,0,0,1,1,3,6600,31,1,2013,5,10,55,1,13,3,SR-60 STEUBENVILLE PIKE,WOODMERE DR,42,40.44044444,-80.08045833,0,42,0,0,3,2,0,5,1,4,0,4,0,0000000,11,0,11,8,88,88,0,0,0,1,0
42,420034,1,1,0,0,0,1,1,125,0,1,1,2013,3,12,20,0,4,2,US-40 CHESTNUT ST EXT,,106,40.14149722,-80.34313056,0,42,0,0,1,1,0,5,1,1,0,1,0,0000000,99,99,99,99,99,99,0,0,0,1,0
42,420035,3,3,0,0,0,3,3,107,1945,10,1,2013,5,6,2,1,13,3,SR-61 CENTER TPKE,SR-895 MARKET ST,45,40.61976944,-76.05801389,0,12,6,0,2,3,0,1,2,1,0,1,0,0000000,99,99,99,99,99,99,14,0,0,1,0
42,420036,1,1,0,0,0,1,1,25,5740,1,1,2013,3,23,18,0,3,3,SR-93 HUNTER ST,,24,40.89261389,-75.80689444,0,42,0,0,1,1,0,5,2,1,0,1,0,0000000,99,99,99,99,99,99,0,0,0,1,0
42,420037,3,3,0,0,0,5,5,39,0,24,1,2013,5,15,30,0,3,2,US-6 FRENCH CREEK PKWY,BRAKE SHOE RD,275,41.69236111,-80.15843333,0,12,9,0,2,2,0,1,1,4,0,4,0,0000000,99,99,99,99,99,99,0,0,0,1,0
42,420038,1,1,0,1,1,1,1,101,6540,1,1,2013,3,2,35,1,13,2,US-1 CITY AVE,,36,40.00864722,-75.21049722,0,8,0,0,1,1,0,1,3,1,0,1,0,0000000,88,88,88,88,88,88,0,0,0,1,0
42,420039,1,1,0,0,0,1,1,101,6540,20,1,2013,1,4,12,1,12,3,SR-63 WOODHAVEN RD,,20,40.087,-74.97128611,0,24,0,0,1,1,0,2,3,1,0,1,0,0000000,4,12,4,19,4,39,0,0,0,1,1
42,420040,1,1,0,0,0,3,3,97,0,19,1,2013,7,17,0,0,4,3,SR-3010,,108,40.71637778,-76.66998889,0,42,0,0,1,1,0,4,2,1,0,1,0,0000000,99,99,99,99,99,99,0,0,0,1,0
42,420041,1,1,0,1,1,1,1,17,910,3,1,2013,5,19,56,1,13,2,US-13 PAPER ST,FOURTH AVE,74,40.10805556,-74.85734444,0,8,0,0,2,3,0,1,3,1,0,1,0,0000000,19,7,99,97,99,97,0,0,0,1,0
42,420042,2,2,0,0,0,2,2,77,0,2,1,2013,4,4,18,0,3,3,SR-100,,129,40.63483611,-75.67735,0,12,2,0,1,1,0,1,2,1,0,1,0,0000000,99,99,99,99,99,99,0,0,0,1,0
42,420043,2,2,0,0,0,2,2,89,0,19,1,2013,7,3,1,1,11,1,I-80 KEYSTONE SHORTWAY HWY,,3032,40.99369722,-75.25654167,0,12,1,0,1,1,0,1,2,1,0,1,0,0000000,99,99,99,99,99,99,0,0,0,1,1
42,420044,3,3,0,0,0,4,4,125,0,3,1,2013,5,16,17,1,13,2,US-19 WASHINGTON RD,,151,40.18644167,-80.22293889,0,12,6,0,8,1,0,1,1,1,0,1,0,0000000,99,99,99,99,99,99,0,0,0,1,0
42,420045,3,3,0,0,0,4,4,39,733,2,1,2013,4,14,40,0,3,3,SR-77 STATE ST,SR-198 DICKSON ST,58,41.68121389,-80.04098611,0,12,6,0,2,2,0,1,1,1,0,1,0,0000000,14,45,14,56,99,99,0,0,0,1,0
42,420046,1,1,0,0,0,2,2,95,660,5,1,2013,7,18,25,0,16,6,STEFKO BLVD,,0,40.63183056,-75.35469167,0,33,0,0,1,1,0,4,3,1,0,1,0,0000000,99,99,99,99,99,99,0,0,0,1,1
42,420047,1,1,0,1,1,1,1,101,6540,18,1,2013,6,23,50,1,11,1,I-95 DELAWARE EXPY,,259,39.99273056,-75.08518333,0,8,0,0,1,1,0,1,2,1,0,1,0,0000000,0,11,0,17,88,88,0,0,0,1,0
42,420048,1,1,0,0,0,1,1,125,0,23,1,2013,4,15,17,0,6,5,HAZEL KIRK RD,,0,40.18206389,-79.96422222,0,35,0,0,1,1,0,5,1,1,0,1,0,0000000,99,99,99,99,99,99,0,0,0,1,0
42,420049,1,1,0,0,0,4,4,103,0,28,1,2013,2,11,40,0,3,2,US-6 G.A.R. HWY,,143,41.39108611,-74.95560833,0,17,0,0,1,1,0,5,1,3,0,3,0,0000000,11,43,11,59,13,15,0,0,0,2,0
42,420050,1,1,0,0,0,1,1,133,0,6,1,2013,1,11,16,0,6,3,SR-3059 ROTH CHURCH RD,,14,39.89980278,-76.87673056,0,35,0,0,1,1,0,5,1,1,0,1,0,0000000,99,99,99,99,99,99,0,0,0,1,0
42,420051,1,1,0,0,0,2,2,65,0,8,1,2013,3,23,55,1,2,2,US-219 BUFFALO PITTSBURGH HWY,,88,41.25198611,-78.742325,0,42,0,0,1,1,0,4,3,1,0,1,0,0000000,99,99,99,99,99,99,0,0,0,2,0
42,420052,1,1,0,0,0,2,2,75,0,19,1,2013,7,22,53,0,3,3,SR-501 FURNACE HILL PIKE,,15,40.27371111,-76.29606111,0,24,0,0,1,1,0,2,2,1,0,1,0,0000000,99,99,99,99,99,99,0,0,0,1,1
42,420053,4,4,0,0,0,7,7,43,0,11,1,2013,6,17,17,1,2,2,US-22 WILLIAM PENN HWY,,13,40.40805833,-77.01048056,0,12,6,0,8,1,0,1,2,2,0,2,0,0000000,99,99,99,99,99,99,0,0,0,1,0
42,420054,1,1,0,0,0,3,3,71,0,25,1,2013,6,16,34,0,5,3,SR-4008 NEWPORT RD,,203,40.20408889,-76.35953889,0,42,0,0,1,1,0,5,2,4,0,4,0,0000000,99,99,99,99,99,99,0,0,0,1,0
42,420055,1,1,0,0,0,2,2,75,0,24,1,2013,5,8,5,0,15,3,SR-241 COLEBROOK RD,,105,40.31515278,-76.43950278,0,1,0,0,1,1,0,5,1,1,0,1,0,0000000,8,33,8,38,88,88,0,0,0,1,0
42,420056,1,1,0,0,0,1,1,129,0,10,1,2013,5,16,0,0,5,3,SR-1023 NATURE RUN RD,,24,40.23018889,-79.166625,0,42,0,0,1,1,0,5,1,1,0,1,0,0000000,16,5,16,12,88,88,0,0,0,1,1
42,420057,1,1,0,0,0,1,1,25,5740,28,1,2013,2,13,35,0,3,3,SR-93 HUNTER ST,,20,40.88700556,-75.80218333,0,42,0,0,1,1,0,5,1,3,0,3,0,0000000,99,99,99,99,88,88,0,0,0,1,0
42,420058,1,1,0,1,1,1,1,3,4710,16,1,2013,4,4,45,1,13,3,SR-148 LYSLE BLVD,,28,40.35201389,-79.85948056,0,8,0,0,1,1,0,1,3,3,0,3,0,0000000,99,99,99,99,99,99,0,0,0,1,0
42,420059,2,2,0,0,0,2,2,17,0,11,1,2013,6,8,42,0,6,5,TOWNSHIP LINE RD,,0,40.21952222,-74.88571389,0,12,2,0,1,1,0,1,1,1,0,1,0,0000000,99,99,99,99,99,99,0,0,0,1,0
42,420060,2,2,0,1,1,2,2,101,6540,11,1,2013,6,17,31,1,13,3,SR-291 PENROSE AVE,,48,39.90771389,-75.18973056,0,8,0,0,1,1,0,1,3,2,0,2,0,0000000,17,27,17,33,88,88,0,0,0,1,0
42,420061,2,2,0,0,0,4,4,61,0,28,1,2013,2,7,50,1,2,2,US-22 CROGHAN PIKE,,61,40.16438889,-77.86440556,0,12,2,0,1,1,0,1,1,3,0,3,0,0000000,99,99,99,99,99,99,0,0,0,2,0
42,420062,3,3,0,0,0,7,7,85,0,12,1,2013,7,18,30,0,3,3,SR-208,,51,41.14315278,-80.16028611,0,12,6,0,8,1,0,1,3,1,0,1,0,0000000,18,40,18,50,19,4,0,0,0,1,0
42,420063,1,1,0,1,1,2,2,87,4430,16,1,2013,4,5,17,0,14,3,SR-3001 MAIN ST,,6,40.59098056,-77.5662,0,8,0,0,1,1,0,1,3,4,0,4,0,0000000,5,17,5,22,88,88,0,0,0,1,0
42,420064,2,2,0,0,0,2,2,15,0,30,1,2013,4,10,24,1,2,2,US-6 GRAND ARMY OF THE REPUBLI,LAUREL HILL RD,210,41.78649444,-76.52927222,0,12,6,0,2,3,0,1,1,1,0,1,0,0000000,88,88,88,88,88,88,0,0,0,1,0
42,420065,2,2,0,0,0,2,2,89,0,17,1,2013,5,14,12,0,3,3,SR-115,COMMERCIAL BLVD,156,41.07879167,-75.58108056,0,12,6,0,2,3,0,1,1,1,0,1,0,0000000,99,99,99,99,99,99,0,0,0,1,0
42,420066,1,1,0,0,0,2,2,85,2800,28,1,2013,2,3,20,0,15,3,SR-3006 ROEMER BLVD,,9,41.21208056,-80.48872778,0,33,0,0,1,1,0,4,3,4,0,4,0,0000000,99,99,99,99,99,99,0,0,0,1,0
42,420067,2,2,0,0,0,3,3,77,110,27,1,2013,1,1,16,0,16,6,HANOVER AV,,0,40.62045278,-75.42944167,0,12,2,0,1,1,0,1,3,1,0,1,0,0000000,99,99,99,99,99,99,0,0,0,1,2
42,420068,2,2,0,0,0,3,3,89,0,3,1,2013,5,15,45,0,3,3,SR-390 PETERSON RD,SPRUCE CABIN RD,14,41.16835833,-75.27311111,0,12,6,0,2,2,0,1,1,1,0,1,0,0000000,99,99,99,99,99,99,0,0,0,1,0
42,420069,2,2,0,0,0,2,2,81,4608,14,1,2013,2,9,50,0,14,3,SR-2016 WASHINGTON BLVD,SR-2056 SHIFFLER AVE,39,41.25114722,-76.97573889,0,12,6,0,2,2,0,1,1,1,0,1,0,0000000,9,49,9,51,10,10,0,0,0,1,0
42,420070,2,2,0,0,0,2,2,71,0,28,1,2013,2,16,40,0,3,3,SR-441 RIVER RD,,85,40.062275,-76.57635278,0,12,2,0,1,1,0,1,1,2,0,2,0,0000000,16,47,16,53,88,88,0,0,0,2,0
42,420071,2,2,0,0,0,5,5,35,4175,15,1,2013,3,14,16,1,2,2,US-220 FRANK D O'REILLY HWY,,8,41.06384444,-77.44641944,0,12,2,0,1,1,0,1,1,1,0,1,0,0000000,16,17,16,26,16,27,0,0,0,2,0
42,420072,2,2,0,0,0,4,4,75,0,11,1,2013,6,18,1,1,13,2,US-422 MAIN ST,,29,40.31991111,-76.56219722,0,12,6,0,8,1,0,1,6,5,0,5,0,0000000,99,99,99,99,99,99,0,0,0,1,1
42,420073,2,2,0,0,0,2,2,29,0,30,1,2013,4,14,36,1,2,3,SR-41 GAP NEWPORT PIKE,FERNWOOD RD,110,39.87591944,-75.88736389,0,12,6,0,2,2,0,1,1,1,0,1,0,0000000,14,33,14,42,15,45,0,0,0,1,0
42,420074,2,2,0,0,0,4,4,91,0,10,1,2013,5,16,18,0,14,3,SR-3044 WYNNEWOOD RD,,8,40.00079167,-75.28016111,0,12,2,0,1,1,0,1,1,1,0,1,0,0000000,16,20,16,23,16,41,0,0,0,1,0
42,420075,1,1,0,0,0,3,3,41,0,23,1,2013,4,16,39,0,15,3,SR-2004 LISBURN RD,,59,40.16058056,-77.02070833,0,35,0,0,1,1,0,5,1,1,0,1,0,0000000,99,99,99,99,99,99,0,0,0,1,0
42,420076,2,2,0,0,0,2,2,47,0,8,2,2013,6,6,30,0,3,3,SR-66,PENNSYLVANIA AVE,91,41.62148333,-78.82819444,0,12,6,0,2,3,0,1,2,1,0,1,0,0000000,99,99,99,99,88,88,0,0,0,1,1
42,420077,1,1,0,0,0,1,1,9,0,20,1,2013,1,13,50,1,1,1,I-99 BUD SHUSTER HW,,120,40.21879444,-78.47228889,0,35,0,0,1,1,0,4,1,1,0,1,0,0000000,13,51,14,11,88,88,0,0,0,1,0
42,420078,2,2,0,0,0,3,3,69,0,23,2,2013,7,1,35,0,4,3,SR-435 DRINKER PIKE,PHILLIPS RD,11,41.25286944,-75.50376111,0,12,6,0,2,2,0,1,3,1,0,1,0,0000000,1,41,1,52,2,15,0,0,0,1,1
42,420079,2,2,0,0,0,5,5,107,0,15,2,2013,6,9,49,0,3,3,SR-183,LUTZ VALLEY RD,39,40.57981944,-76.20703333,0,12,6,0,2,2,0,1,1,1,0,1,0,0000000,99,99,99,99,99,99,0,0,0,1,1
42,420080,2,2,0,0,0,2,2,33,0,23,2,2013,7,9,30,0,4,3,SR-453 UNION ST,SR-2006 MCCULLY ST,38,40.80618333,-78.40695556,0,12,6,0,3,7,0,1,1,1,0,1,0,0000000,99,99,99,99,88,88,0,0,0,1,0
42,420081,1,1,0,0,0,2,2,83,0,14,1,2013,2,1,30,0,6,5,FOGEL CROSSING RD,,0,41.76805278,-78.27346667,0,23,0,0,1,1,0,10,2,2,0,2,0,0000000,99,99,99,99,99,99,22,0,0,1,1
42,420082,2,2,0,0,0,2,2,43,0,4,2,2013,2,6,6,1,11,1,I-283 INTERSTATE 283 RD,,9,40.230675,-76.79546944,0,12,2,0,1,1,0,1,2,1,0,1,0,0000000,6,10,6,19,88,88,0,0,0,2,0
42,420083,2,2,0,0,0,2,2,0,0,26,2,2013,3,5,59,1,13,3,SR-100,,25,40.36939722,-75.62310833,0,12,2,0,1,1,0,1,3,1,0,1,0,0000000,99,99,99,99,99,99,0,0,0,1,0
42,420084,1,1,0,0,0,3,3,29,0,1,1,2013,3,5,2,1,12,2,US-202,,69,39.99193889,-75.58880833,0,24,0,0,1,1,0,4,2,1,0,1,0,0000000,5,2,5,10,5,38,0,0,0,1,1
42,420085,2,2,0,0,0,4,4,3,7570,16,2,2013,7,23,16,1,12,3,SR-28,,54,40.49738889,-79.92655833,0,12,1,0,1,1,0,1,2,1,0,1,0,0000000,99,99,99,99,88,88,0,0,0,1,1
42,420086,1,1,0,0,0,2,2,133,0,24,2,2013,1,21,25,0,6,5,SILVER LAKE RD,,0,40.13040278,-76.87408056,0,42,0,0,1,1,0,5,2,1,0,1,0,0000000,21,32,21,41,99,99,0,0,0,1,0
42,420087,1,1,0,0,0,1,1,73,0,24,2,2013,1,15,5,0,3,3,SR-208 PULASKI RD,,57,41.11429722,-80.42337222,0,35,0,0,1,1,0,5,1,1,0,1,0,0000000,99,99,99,99,88,88,0,0,0,1,1
42,420088,1,1,0,0,0,3,3,71,0,23,2,2013,7,2,37,0,6,5,SCHOOL HOUSE RD,STONE MILL RD,0,40.03197222,-76.34303889,0,42,0,0,3,3,0,5,2,1,0,1,0,0000000,9,45,10,15,99,99,0,0,0,1,1
42,420089,1,1,0,0,0,1,1,81,0,12,1,2013,7,22,55,0,3,3,SR-14 SR 0014 HW,SR-1004 FIELD STATION RD,50,41.42937222,-77.00945,0,59,0,0,3,3,0,4,2,5,0,5,0,0000000,99,99,99,99,88,88,0,0,0,1,1
42,420090,2,2,0,0,0,2,2,3,6600,24,2,2013,1,0,40,1,12,3,SR-28 ALLEGHENY VALLEY EXPY,,72,40.49192778,-79.89385833,0,12,2,0,1,1,0,1,2,1,0,1,0,0000000,99,99,99,99,99,99,0,0,0,1,2
42,420091,2,2,0,0,0,2,2,43,0,19,2,2013,3,11,30,0,3,3,SR-147 N RIVER RD,,126,40.52457778,-76.97032778,0,25,0,0,1,1,0,4,1,4,0,4,0,0000000,11,35,11,44,12,41,0,0,0,1,0
42,420092,2,2,0,0,0,3,3,103,0,23,2,2013,7,6,3,1,1,1,I-84 FALLEN TROOPER MEM HWY,,403,41.34990278,-74.94596944,0,24,0,0,1,1,0,2,2,5,0,5,0,0000000,6,8,6,25,7,36,0,0,0,1,0
42,420093,2,2,0,0,0,3,3,47,0,28,2,2013,5,10,47,0,4,3,SR-153,,30,41.272875,-78.69330556,0,24,0,0,1,1,0,2,1,4,0,4,0,0000000,99,99,99,99,99,99,0,0,0,1,0
42,420094,2,2,0,0,0,3,3,19,0,18,2,2013,2,10,37,0,3,3,SR-68,,113,40.82505278,-80.01097778,0,12,2,0,1,1,0,1,1,1,0,1,0,0000000,99,99,99,99,99,99,0,0,0,1,0
42,420095,1,1,0,1,1,3,3,101,6540,1,2,2013,6,11,22,1,13,3,SR-4021 MT AIRY AV,,9,40.06996111,-75.18071111,0,8,0,0,8,1,0,1,1,1,0,1,0,0000000,11,22,11,27,88,88,0,0,0,1,0
42,420096,1,1,0,1,1,1,1,101,6540,20,2,2013,4,6,7,1,13,3,SR-2009 ARAMINGO AVE,LEFEVRE ST,36,40.00564722,-75.07579444,0,8,0,0,3,7,0,1,4,1,0,1,0,0000000,6,7,6,15,7,9,0,0,0,1,0
42,420097,1,1,0,1,1,3,3,101,6540,12,2,2013,3,15,37,0,16,6,CHRISTIAN ST,EIGHTH ST,0,39.93856111,-75.15631389,0,8,0,0,3,2,0,1,1,1,0,1,0,0000000,15,37,15,49,16,20,0,0,0,1,0
42,420098,1,1,0,0,0,1,1,37,0,18,2,2013,2,21,15,0,4,3,SR-0442 SR0442 SH,,35,41.14060278,-76.528325,0,59,0,0,1,1,0,4,2,1,0,1,0,0000000,99,99,99,99,88,88,0,0,0,1,1
42,420099,1,1,0,0,0,1,1,77,0,22,2,2013,6,13,17,0,6,5,GUN CLUB RD,,0,40.70690278,-75.79138889,0,35,0,0,1,1,0,10,1,1,0,1,0,0000000,99,99,99,99,88,88,0,0,0,1,0
42,420100,1,1,0,0,0,1,1,133,0,16,2,2013,7,0,36,0,14,3,SR-4002 CANAL RD,,99,39.98458889,-76.86571111,0,42,0,0,1,1,0,5,2,2,0,2,0,0000000,0,37,0,42,88,88,0,0,0,1,0
42,420101,1,1,0,1,1,3,3,45,0,14,2,2013,5,17,1,1,13,3,SR-2019 GARRETT RD,,38,39.95543333,-75.27360556,0,8,0,0,1,1,0,1,1,1,0,1,0,0000000,99,99,99,99,99,99,0,0,0,1,0
42,420102,1,1,0,0,0,1,1,29,0,10,2,2013,1,20,12,1,13,2,US-322 DOWNINGTOWN PIKE,,189,39.96784722,-75.65815278,0,42,0,0,1,1,0,5,3,1,0,1,0,0000000,20,13,20,21,88,88,0,0,0,1,1
42,420103,1,1,0,1,1,1,1,41,0,14,2,2013,5,18,45,0,14,2,US-11 MOLLY PITCHER HWY,CONESTOGA DR,19,40.06511667,-77.49899167,0,8,0,0,3,3,0,1,3,1,0,1,0,0000000,18,40,18,44,19,1,0,0,0,1,0
42,420104,1,1,0,0,0,2,2,119,0,26,2,2013,3,22,18,1,1,1,I-0080 Z H CONFAIR MEMORIAL HW,,131,41.06896111,-76.90916667,0,35,0,0,1,1,0,10,2,3,0,3,0,0000000,22,26,22,38,23,19,0,0,0,1,0
42,420105,1,1,0,1,1,1,1,3,6600,4,2,2013,2,8,26,0,16,6,FORBES AV,JUMONVILLE ST,0,40.43735,-79.97773333,0,8,0,0,3,2,0,1,1,1,0,1,0,0000000,8,26,8,29,8,44,0,0,0,1,0
42,420106,1,1,0,0,0,1,1,131,0,26,2,2013,3,0,30,0,5,3,SR-3002 CHAINTOWN RD,,6,41.41986944,-76.08791389,0,42,0,0,1,1,0,4,2,1,0,1,0,0000000,0,44,0,56,88,88,4,0,0,1,1
42,420107,1,1,0,0,0,2,2,39,0,8,2,2013,6,10,0,1,2,2,US-322 TWENTYEIGHTH DIVISI HWY,,217,41.56335833,-80.10966389,0,24,0,0,1,1,0,2,1,4,0,4,0,0000000,9,55,10,5,10,34,0,0,0,1,0
42,420108,1,1,0,0,0,2,2,101,6540,17,2,2013,1,3,43,0,14,3,SR-1011 WELSH RD,,25,40.08881944,-75.04524167,0,33,0,0,1,1,0,4,3,1,0,1,0,0000000,3,43,3,47,4,25,0,0,0,1,0
42,420109,1,1,0,0,0,1,1,9,0,1,2,2013,6,19,28,0,2,3,SR-8005 RAMP CC RD,,20,40.02381944,-78.51139444,0,25,0,1,5,1,0,3,3,1,0,1,0,0000000,19,23,19,26,99,99,0,0,0,1,0
42,420110,1,1,0,1,1,2,2,101,6540,28,2,2013,5,12,0,1,13,3,SR-611 BROAD ST,,49,40.009175,-75.15125556,0,8,0,0,1,1,0,7,1,1,0,1,0,0000000,88,88,88,88,88,88,0,0,0,1,0
42,420111,2,1,1,0,0,1,1,101,6540,19,1,2013,7,2,25,0,15,3,SR-1004 TORRESDALE AVE,,95,40.04818056,-75.003225,0,14,0,0,1,1,0,7,3,1,0,1,0,0000000,2,23,2,29,88,88,0,0,0,1,1
42,420112,2,2,0,0,0,4,4,77,0,23,2,2013,7,18,10,1,13,3,SR-145 MACARTHUR RD,SR-1010 EBERHART RD,66,40.64903611,-75.49800833,0,12,6,0,2,3,1,1,3,2,0,2,0,0000000,99,99,99,99,99,99,0,0,0,2,0
42,420113,2,2,0,0,0,4,4,97,0,4,2,2013,2,12,15,0,3,3,SR-54,,229,40.80403333,-76.43995,0,12,2,0,1,1,0,1,1,1,0,1,0,0000000,12,7,12,19,13,0,0,0,0,2,0
42,420114,1,1,0,0,0,16,16,89,0,26,2,2013,3,20,0,1,1,1,I-380 SR 0380 SH,,51,41.14438611,-75.40328611,0,35,0,0,1,1,0,3,2,3,0,3,0,0000000,99,99,99,99,99,99,0,0,0,1,0
42,420115,2,2,0,0,0,2,2,13,0,17,2,2013,1,1,36,0,14,3,SR-4019 SIXTH AVE,,7,40.53205556,-78.37725556,0,12,8,0,1,1,0,1,2,1,0,1,0,0000000,1,42,1,46,88,88,0,0,0,1,1
42,420116,1,1,0,0,0,1,1,125,0,22,2,2013,6,20,50,0,6,3,SR-4003 PURDY RD,,37,40.47098889,-80.47835556,0,42,0,0,1,1,0,4,7,1,0,1,0,0000000,99,99,99,99,88,88,0,0,0,1,1
42,420117,1,1,0,0,0,1,1,49,0,17,2,2013,1,0,15,1,2,2,US-6 GRAND ARMY OF THE REP HWY,,159,41.92092222,-79.77405833,0,30,0,0,1,1,0,4,2,1,0,1,0,0000000,99,99,99,99,88,88,0,0,0,1,1
42,420118,2,2,0,0,0,2,2,75,0,19,2,2013,3,20,45,0,4,3,SR-897 MAIN ST,,64,40.30978611,-76.34208333,0,12,6,0,1,1,0,1,2,1,0,1,0,0000000,20,49,21,1,21,51,0,0,0,1,0
42,420119,2,2,0,0,0,2,2,17,0,7,2,2013,5,7,9,0,15,3,SR-2037 OLD LINCOLN HWY,,99999,40.13790833,-74.96960833,0,12,1,0,1,1,0,1,1,1,0,1,0,0000000,99,99,99,99,99,99,0,0,0,1,1
42,420120,2,2,0,0,0,2,2,71,0,7,2,2013,5,7,3,1,2,2,US-222,,397,40.15232778,-76.16273056,0,12,2,0,1,1,0,1,1,1,0,1,0,0000000,7,6,7,10,99,99,0,0,0,1,0
42,420121,1,1,0,0,0,1,1,111,0,22,2,2013,6,8,43,0,6,3,SR-1008 POMPEY HILL RD,,19,40.070775,-78.93513333,0,42,0,0,1,1,0,4,1,1,0,1,0,0000000,8,44,8,51,88,88,4,0,0,1,1
42,420122,2,2,0,0,0,3,3,125,0,13,2,2013,4,16,18,1,1,1,I-79,,226,40.01045556,-80.17945556,0,24,0,0,1,1,0,2,1,4,0,4,0,0000000,99,99,99,99,99,99,0,0,0,1,0
42,420123,1,1,0,0,0,1,1,67,0,26,2,2013,3,20,14,0,3,3,SR-75 TUSCARORA VALLEY RD,,109,40.38285,-77.58171944,0,30,0,0,1,1,0,4,2,2,0,2,0,0000000,20,17,20,19,88,88,0,0,0,1,0