STATE,ST_CASE,VE_TOTAL,VE_FORMS,PVH_INVL,PEDS,PERNOTMVIT,PERMVIT,PERSONS,COUNTY,CITY,DAY,MONTH,YEAR,DAY_WEEK,HOUR,MINUTE,NHS,ROAD_FNC,ROUTE,TWAY_ID,TWAY_ID2,MILEPT,LATITUDE,LONGITUD,SP_JUR,HARM_EV,MAN_COLL,RELJCT1,RELJCT2,TYP_INT,WRK_ZONE,REL_ROAD,LGT_COND,WEATHER1,WEATHER2,WEATHER,SCH_BUS,RAIL,NOT_HOUR,NOT_MIN,ARR_HOUR,ARR_MIN,HOSP_HR,HOSP_MN,CF1,CF2,CF3,FATALS,DRUNK_DR
42,420124,5,5,0,0,0,7,7,107,0,17,2,2013,1,20,52,1,1,1,I-81 AMERICAN LEGION MEM HW,,1351,40.85121111,-76.05031944,0,35,0,0,1,1,0,3,2,8,0,8,0,0000000,99,99,99,99,99,99,14,0,0,1,0
42,420125,1,1,0,1,1,1,1,49,0,3,2,2013,1,1,7,0,3,3,SR-8 WATERFORD RD,,127,42.01964722,-79.81709722,0,8,0,0,1,1,0,1,2,4,0,4,0,0000000,1,8,1,17,1,55,0,0,0,1,0
42,420126,1,1,0,0,0,1,1,43,0,26,2,2013,3,22,0,1,12,2,US-22 WM B LENTZ HW,,93,40.35245,-76.91698056,0,25,0,0,1,1,0,3,2,99,0,99,0,0000000,99,99,99,99,88,88,0,0,0,1,1
42,420127,1,1,0,0,0,1,1,129,0,3,2,2013,1,15,46,0,4,3,SR-2033 BETHEL CHURCH RD,,67,40.24587222,-79.35028056,0,42,0,0,1,1,0,4,1,4,0,4,0,0000000,99,99,99,99,99,99,0,0,0,1,0
42,420128,1,1,0,1,1,1,1,3,6600,1,2,2013,6,6,10,0,16,6,BROWNSVILLE RD,WOODFORD AVE,0,40.39319722,-79.98654722,0,8,0,0,3,2,0,1,3,1,0,1,0,0000000,6,16,6,24,6,42,0,0,0,1,0
42,420129,2,2,0,0,0,2,2,13,130,8,2,2013,6,4,14,1,13,3,SR-764 SIXTH AVE,SR-4010 SEVENTEENTH ST,51,40.50794722,-78.40018889,0,12,6,0,2,2,0,1,3,1,0,1,0,0000000,4,17,4,19,88,88,20,0,0,1,1
42,420130,2,2,0,0,0,2,2,29,0,11,2,2013,2,6,52,1,13,3,SR-252 LEOPARD RD,,31,40.03700278,-75.47311111,0,12,8,0,1,1,0,1,1,2,0,2,0,0000000,6,54,6,58,7,33,5,0,0,1,0
42,420131,2,2,0,0,0,3,3,77,660,6,2,2013,4,8,27,0,16,6,CENTRAL BLVD,,0,40.61939444,-75.41575,0,12,2,0,1,1,0,1,1,1,0,1,0,0000000,99,99,99,99,99,99,0,0,0,1,0
42,420132,1,1,0,0,0,1,1,27,0,10,2,2013,1,4,43,1,13,3,SR-3042 SKYTOP MOUNTAIN RD,SR-550 BUFFALO RUN RD,45,40.82843611,-77.96264722,0,33,0,0,3,2,0,4,3,1,0,1,0,0000000,4,49,4,58,88,88,0,0,0,1,1
42,420133,1,1,0,1,1,1,1,17,0,12,2,2013,3,6,0,0,14,3,SR-2019 KNIGHTS RD,,4,40.10124167,-74.95427778,0,8,0,0,1,1,0,2,2,1,0,1,0,0000000,99,99,99,99,88,88,0,0,0,1,0
42,420134,2,2,0,0,0,2,2,111,0,26,2,2013,3,17,52,1,2,2,US-30 LINCOLN HWY,,79,40.13348056,-78.99791667,0,12,6,0,1,1,0,1,2,5,0,5,0,0000000,17,52,17,57,99,99,0,0,0,1,1
42,420135,2,2,0,0,0,3,3,3,6600,11,2,2013,2,23,9,1,13,3,SR-2045 MIFFLIN RD,,29,40.37453056,-79.92046111,0,12,6,0,1,1,0,1,3,1,0,1,0,0000000,23,10,23,18,23,38,0,0,0,1,1
42,420136,2,2,0,0,0,2,2,79,9260,4,2,2013,2,7,50,0,14,3,SR-1021 EIGHTH ST,,28,41.33479444,-75.85949167,0,12,2,0,1,1,0,1,1,8,0,8,0,0000000,7,51,8,6,8,36,0,0,0,1,0
42,420137,2,2,0,0,0,2,2,3,0,10,2,2013,1,18,50,0,16,3,SR-1007 SHARPSHILL RD,,6,40.51070833,-79.93656944,0,12,8,0,1,1,0,1,3,1,0,1,0,0000000,99,99,99,99,99,99,0,0,0,1,0
42,420138,2,2,0,0,0,2,2,133,0,12,2,2013,3,16,23,0,14,3,SR-214 PLEASANT AVE,BLYMIRE RD,88,39.88791389,-76.64971667,0,12,6,0,2,2,0,1,1,1,0,1,0,0000000,99,99,99,99,88,88,0,0,0,1,0
42,420139,2,2,0,0,0,3,3,47,0,14,2,2013,5,18,29,0,4,3,SR-948 MONTMORENCI RD,,172,41.54121944,-78.77666944,0,12,8,0,1,1,0,1,2,4,0,4,0,0000000,99,99,99,99,88,88,0,0,0,1,0
42,420140,2,2,0,0,0,4,4,13,130,4,2,2013,2,16,1,0,14,3,SR-36 UNION AVE,THIRTYFIRST ST,173,40.49259444,-78.40649722,0,12,6,0,2,3,0,1,1,1,0,1,0,0000000,16,4,16,9,99,99,0,0,0,2,0
42,420141,7,1,6,0,0,1,1,49,2640,25,2,2013,2,22,16,0,16,6,W 21ST ST,,0,42.10677778,-80.10133611,0,14,0,0,1,1,0,7,3,1,0,1,0,0000000,22,14,22,21,22,38,4,14,0,1,0
42,420142,1,1,0,0,0,2,2,29,0,17,2,2013,1,6,15,0,15,3,SR-3036 KENNETT RD,,26,39.82385556,-75.66255278,0,42,0,0,1,1,0,4,2,1,0,1,0,0000000,6,41,6,51,99,99,0,0,0,1,1
42,420143,2,2,0,0,0,3,3,45,0,22,2,2013,6,12,22,1,13,2,US-322 CONCHESTER HWY,,60,39.84668611,-75.42876389,0,12,1,1,5,1,0,1,1,1,0,1,0,0000000,99,99,99,99,99,99,0,0,0,1,0
42,420144,1,1,0,0,0,1,1,11,0,17,2,2013,1,2,33,0,6,5,HILL RD,,0,40.34425278,-75.88888333,0,38,0,0,1,1,0,5,2,1,0,1,0,0000000,99,99,99,99,88,88,0,0,0,1,1
42,420145,1,1,0,4,4,1,1,67,0,12,3,2013,3,18,38,0,6,3,SR-3002 WILLIAM PENN HWY,,70,40.53979722,-77.32560556,0,49,0,0,1,1,0,1,1,1,0,1,0,0000000,18,39,18,45,18,47,0,0,0,1,0
42,420146,1,1,0,0,0,1,1,17,5212,15,3,2013,6,21,47,0,5,3,SR-4059 STEINSBURG RD,,13,40.45624444,-75.43034444,0,34,0,0,1,1,0,4,2,1,0,1,0,0000000,21,43,21,58,22,25,0,0,0,1,1
42,420147,1,1,0,0,0,1,1,129,5580,15,3,2013,6,3,3,0,15,3,SR-981 MOOREWOOD ST,,138,40.15314167,-79.55085,0,43,0,0,1,1,0,5,2,1,0,1,0,0000000,99,99,99,99,99,99,0,0,0,1,0
42,420148,3,3,0,0,0,5,5,91,0,5,2,2013,3,16,4,0,14,3,SR-152 LIMEKILN PIKE,BELL LN,62,40.16915278,-75.18276667,0,12,6,0,2,2,0,1,1,1,0,1,0,0000000,16,4,16,8,16,31,0,0,0,1,0
42,420149,1,1,0,0,0,1,1,129,0,22,2,2013,6,1,29,0,3,3,SR-31 DONEGAL RD,,210,40.11536944,-79.39663333,0,24,0,0,1,1,0,2,3,1,0,1,0,0000000,99,99,99,99,88,88,0,0,0,1,1
42,420150,1,1,0,0,0,2,2,89,0,1,3,2013,6,23,57,0,5,3,SR-3013 WEIR LAKE RD,,25,40.89874444,-75.42384167,0,42,0,0,1,1,0,5,2,1,0,1,0,0000000,99,99,99,99,99,99,0,0,0,1,1
42,420151,1,1,0,0,0,1,1,79,0,10,3,2013,1,14,0,0,14,3,SR-3001 ALDEN MOUNTAIN RD,SR-2008 KIRMAR AVE,26,41.18263611,-76.01195556,0,32,0,0,1,1,0,2,1,1,0,1,0,0000000,14,4,14,10,14,41,0,0,0,1,1
42,420152,3,3,0,0,0,3,3,133,0,21,2,2013,5,16,35,1,11,1,I-83 VFW OF US MEM HWY,,219,39.99545556,-76.73549444,0,12,1,0,1,1,0,1,1,1,0,1,0,0000000,16,35,16,44,99,99,0,0,0,1,0
42,420153,1,1,0,0,0,1,1,17,6649,21,3,2013,5,12,53,0,6,5,OLD EASTON RD,SIGNATURE RD,0,40.348575,-75.12779722,0,35,0,0,3,3,0,5,1,1,0,1,0,0000000,12,54,12,59,13,0,0,0,0,1,0
42,420154,1,1,0,0,0,1,1,29,0,26,2,2013,3,11,53,0,3,3,SR-82 DOE RUN RD,,86,39.93271111,-75.83053611,0,1,0,0,1,1,0,1,1,1,0,1,0,0000000,11,54,12,3,88,88,0,0,0,1,0
42,420155,1,1,0,0,0,1,1,111,0,22,2,2013,6,1,18,0,3,3,SR-281 STOYSTOWN RD,,317,40.07713611,-78.96045833,0,42,0,0,1,1,0,4,2,1,0,1,0,0000000,7,4,7,9,88,88,0,0,0,1,1
42,420156,1,1,0,1,1,3,3,43,3500,22,3,2013,6,8,5,1,13,2,US-22 CAMERON ST,,146,40.28783889,-76.88199167,0,8,0,0,1,1,0,1,1,1,0,1,0,0000000,99,99,99,99,99,99,0,0,0,1,0
42,420157,3,1,2,0,0,1,1,11,0,14,2,2013,5,1,19,0,14,3,SR-724 WEST SCHUYLKILL RD,,155,40.257675,-75.74476667,0,53,0,0,1,1,0,4,2,1,0,1,0,0000000,99,99,99,99,88,88,14,0,0,1,1
42,420158,2,2,0,0,0,4,4,97,0,5,2,2013,3,14,48,1,13,3,SR-61,MAIN ST,67,40.78800833,-76.51163333,0,12,6,0,3,3,0,1,1,1,0,1,0,0000000,14,48,14,52,15,31,0,0,0,1,0
42,420159,2,2,0,0,0,3,3,31,0,7,3,2013,5,21,18,1,2,3,SR-66 PAINT BLVD,,159,41.23133611,-79.43085833,0,12,2,0,1,1,0,1,2,1,0,1,0,0000000,21,24,21,32,22,38,0,0,0,1,1
42,420160,2,2,0,0,0,4,4,107,0,24,3,2013,1,11,35,1,2,3,SR-61,,68,40.64013889,-76.08856944,0,12,6,0,8,1,0,1,1,1,0,1,0,0000000,99,99,99,99,99,99,0,0,0,2,0
42,420161,2,2,0,0,0,3,3,133,0,30,3,2013,7,15,13,0,4,3,SR-624 LONG LEVEL RD,KNIGHTS VIEW RD,113,40.0016,-76.51286389,0,12,6,0,2,3,0,1,1,1,0,1,0,0000000,15,13,15,16,88,88,0,0,0,1,0
42,420162,1,1,0,0,0,1,1,127,0,1,3,2013,6,8,20,0,6,4,CR-348 CATTERSON RD,,0,41.38245,-75.34839444,0,42,0,0,1,1,0,4,4,1,0,1,0,0000000,8,27,8,32,88,88,4,0,0,1,0
42,420163,2,2,0,0,0,2,2,59,8930,10,3,2013,1,6,46,1,13,3,SR-21 HIGH ST,,174,39.89683889,-80.19258333,0,12,6,0,1,1,0,1,3,1,0,1,0,0000000,99,99,99,99,99,99,0,0,0,1,0
42,420164,2,2,0,0,0,2,2,111,0,3,3,2013,1,11,35,0,3,3,SR-985 SOMERSET PIKE,SIPESVILLE RD,37,40.11413333,-79.08726667,0,12,2,0,2,4,0,1,1,1,0,1,0,0000000,99,99,99,99,99,99,0,0,0,1,0
42,420165,2,2,0,0,0,2,2,67,0,13,3,2013,4,13,48,0,3,3,SR-35,OAKLAND RD,306,40.61466111,-77.31712778,0,12,6,0,2,3,0,1,1,1,0,1,0,0000000,13,38,13,53,88,88,0,0,0,1,0
42,420166,2,2,0,0,0,2,2,133,0,4,3,2013,2,8,56,0,15,3,SR-1012 EMIG RD,MUNDIS RACE RD,6,40.01610278,-76.71935556,0,12,6,0,2,3,0,1,1,1,0,1,0,0000000,8,56,9,1,88,88,0,0,0,1,0
42,420167,2,2,0,0,0,2,2,95,0,15,3,2013,6,6,31,0,14,3,SR-611 NORTH DELAWARE DR,DANSER HILL RD,111,40.73627778,-75.18662222,0,12,2,0,2,4,0,1,2,1,0,1,0,0000000,99,99,99,99,99,99,0,0,0,1,0
42,420168,2,2,0,0,0,3,3,133,0,6,3,2013,4,17,32,1,13,3,SR-94 BALTIMORE PIKE,RESERVOIR HTS DR,32,39.75495,-76.95326944,0,12,2,0,2,3,0,1,1,2,0,2,0,0000000,99,99,99,99,99,99,0,0,0,1,0
42,420169,2,2,0,0,0,2,2,17,0,18,3,2013,2,13,59,0,14,3,SR-2026 W. TRENTON AVE,SR-2024 BIG OAK RD,13,40.20930833,-74.79879167,0,12,6,0,2,3,0,1,1,1,0,1,0,0000000,14,3,14,9,14,22,0,0,0,2,0
42,420170,2,2,0,0,0,4,4,125,0,7,3,2013,5,13,10,0,3,3,SR-18 SMITH TWP STATE RD,,377,40.41691944,-80.420525,0,12,2,0,1,1,0,1,1,1,0,1,0,0000000,99,99,99,99,99,99,0,0,0,1,0
42,420171,2,2,0,0,0,2,2,107,0,19,3,2013,3,21,5,0,4,3,SR-895 SUMMER VALLEY RD,,256,40.68789444,-75.98484722,0,12,2,0,1,1,0,1,2,1,0,1,0,0000000,99,99,99,99,88,88,0,0,0,1,0
42,420172,1,1,0,0,0,1,1,89,0,5,3,2013,3,11,35,0,4,3,SR-2012 HAMILTON SOUTH RD,,4,40.901525,-75.32061667,0,42,0,0,1,1,0,4,1,1,0,1,0,0000000,99,99,99,99,88,88,0,0,0,1,0
42,420173,1,1,0,0,0,2,2,17,0,14,3,2013,5,11,38,1,12,2,US-13 BRISTOL PIKE,,133,40.16874444,-74.81255833,0,24,0,0,1,1,0,2,1,1,0,1,0,0000000,11,40,11,44,12,9,0,0,0,1,1
42,420174,1,1,0,0,0,4,4,85,0,29,3,2013,6,23,53,1,2,3,SR-18 HERMITAGE RD,,183,41.34028611,-80.41121111,0,34,0,0,1,1,0,6,2,1,0,1,0,0000000,23,58,0,7,0,47,0,0,0,1,0
42,420175,1,1,0,0,0,1,1,3,5555,23,3,2013,7,3,39,1,13,2,US-19 WASHINGTON RD,,48,40.36122222,-80.04679722,0,33,0,0,1,1,0,4,3,1,0,1,0,0000000,88,88,88,88,88,88,0,0,0,1,1
42,420176,2,2,0,0,0,2,2,101,6540,27,3,2013,4,18,23,0,16,6,LINCOLN DR,,0,40.02406111,-75.19557778,0,12,6,0,1,1,0,1,1,1,0,1,0,0000000,18,22,18,34,19,1,0,0,0,1,0
42,420177,1,1,0,0,0,1,1,133,9610,9,3,2013,7,17,1,1,13,3,SR-3065 GEORGE ST,,2,39.97019167,-76.73166389,0,33,0,0,1,1,0,4,1,1,0,1,0,0000000,17,5,17,11,17,25,0,0,0,1,0
42,420178,1,1,0,0,0,2,2,85,7595,12,3,2013,3,14,35,0,13,3,SR-18 NEW CASTLE RD,HEWITT RD,54,41.16823056,-80.44469444,0,34,0,0,3,3,0,6,1,1,0,1,0,0000000,14,36,14,43,15,17,0,0,0,1,0
42,420179,3,3,0,0,0,3,3,107,0,9,3,2013,7,13,45,0,3,3,SR-443 DETURKSVILLE RD,SR-3009 DAD BURNHAMS RD,115,40.58216111,-76.30291389,0,12,1,0,3,2,0,1,1,1,0,1,0,0000000,99,99,99,99,99,99,0,0,0,1,0
42,420180,1,1,0,1,1,1,1,101,6540,13,3,2013,4,7,27,1,13,3,SR-3003 UNIVERSITY AVE,,24,39.94918611,-75.19956667,0,8,0,0,1,1,0,1,1,1,0,1,0,0000000,7,25,7,38,7,50,0,0,0,1,0
42,420181,2,2,0,0,0,2,2,19,0,18,3,2013,2,11,12,0,14,3,SR-38 ONEIDA VALLEY RD,,33,40.91766389,-79.87971667,0,12,8,0,1,1,0,1,1,3,0,3,0,0000000,99,99,99,99,88,88,0,0,0,1,0
42,420182,2,2,0,0,0,3,3,39,0,1,3,2013,6,9,55,0,4,3,SR-408,,131,41.68338889,-79.90609167,0,12,6,0,1,1,0,1,1,4,0,4,0,0000000,9,54,10,1,88,88,0,0,0,2,0
42,420183,1,1,0,0,0,23,23,41,5112,16,3,2013,7,8,55,1,1,1,I-76 PA TURNPIKE,,2270,40.22835556,-77.14210833,0,43,0,0,1,1,0,5,1,1,0,1,1,0000000,8,55,9,11,9,43,0,0,0,2,1
42,420184,1,1,0,0,0,2,2,133,0,26,3,2013,3,21,32,1,13,2,US-30 ARSENAL RD,,161,39.98168611,-76.69305833,0,24,0,0,1,1,0,2,2,1,0,1,0,0000000,21,32,21,38,22,4,0,0,0,1,1
42,420185,2,2,0,0,0,3,3,71,0,3,3,2013,1,4,8,0,14,3,SR-741 ROHRERSTOWN RD,,3,40.07882778,-76.34950278,0,12,2,0,1,1,0,1,3,1,0,1,0,0000000,4,12,4,20,99,99,0,0,0,1,1
42,420186,2,2,0,0,0,2,2,79,0,30,3,2013,7,14,42,0,4,3,SR-4012 TRAILING PINE RD,,3,41.17394722,-76.15798333,0,12,2,0,1,1,0,1,1,1,0,1,0,0000000,14,48,14,57,15,18,0,0,0,1,0
42,420187,2,2,0,0,0,2,2,133,0,14,3,2013,5,18,22,0,15,3,SR-624 HIGH ST,,6,39.90735,-76.59939722,0,12,6,0,1,1,0,1,1,1,0,1,0,0000000,18,27,18,31,99,99,0,0,0,1,0
42,420188,2,2,0,0,0,4,4,15,0,1,3,2013,6,7,45,0,3,3,SR-14 SPRINGBROOK DR,,37,41.64798611,-76.86318056,0,12,6,0,1,1,0,1,1,1,0,1,0,0000000,99,99,99,99,99,99,0,0,0,1,0
42,420189,3,3,0,0,0,3,3,99,0,12,3,2013,3,1,8,1,2,2,US-22 WILLIAM PENN HWY,,48,40.50596111,-77.12811944,0,12,2,0,1,1,0,1,2,2,0,2,0,0000000,1,8,1,34,88,88,0,0,0,2,1
42,420190,2,2,0,0,0,3,3,85,0,23,3,2013,7,15,25,1,11,1,I-80 Z H CONFAIR HWY,,60,41.18374722,-80.40581389,0,12,7,0,1,1,0,1,1,1,0,1,0,0000000,15,26,15,36,99,99,0,0,0,1,0
42,420191,1,1,0,0,0,1,1,69,0,8,3,2013,6,23,1,0,4,3,SR-3001 NEWTON-RANSOM BLVD,,58,41.46503889,-75.77311944,0,52,0,0,1,1,0,2,2,1,0,1,0,0000000,23,1,23,12,88,88,0,0,0,1,1
42,420192,1,1,0,0,0,3,3,29,0,31,3,2013,1,22,5,1,12,2,US-30 COATESVLE DOWNINGTOW BYP,,59,39.99150556,-75.86249722,0,52,0,0,1,1,0,2,2,1,0,1,0,0000000,22,4,22,13,23,4,0,0,0,1,1
42,420193,2,2,0,0,0,5,5,99,0,14,3,2013,5,15,23,0,4,3,SR-850 VALLEY RD,,282,40.32699167,-77.0209,0,12,2,0,1,1,0,1,1,1,0,1,0,0000000,15,23,15,32,99,99,0,0,0,1,1
42,420194,2,2,0,0,0,2,2,11,0,15,3,2013,6,14,23,1,13,3,SR-61 POTTSVILLE PIKE,,16,40.36739444,-75.93265833,0,12,6,0,8,1,0,1,1,1,0,1,0,0000000,99,99,99,99,99,99,0,0,0,1,0
42,420195,2,2,0,0,0,4,4,83,0,15,3,2013,6,21,17,1,2,2,US-6 GRAND ARMY OF THE REBU HW,,471,41.79583889,-78.25265556,0,12,2,0,1,1,0,1,2,1,0,1,0,0000000,88,88,88,88,88,88,0,0,0,1,1
42,420196,3,1,2,0,0,1,1,71,0,9,3,2013,7,0,36,0,14,3,SR-23 MAIN ST,,195,40.09073889,-76.17021667,0,14,0,0,1,1,3,1,2,1,0,1,0,0000000,88,88,88,88,88,88,0,0,0,1,1
42,420197,6,2,4,0,0,3,3,21,0,29,3,2013,6,14,49,0,6,6,DWIGHT DR,,0,40.2724,-78.86007222,0,14,0,0,1,1,0,7,1,1,0,1,0,0000000,14,52,14,56,15,12,14,0,0,1,0
42,420198,2,2,0,0,0,2,2,15,9547,1,3,2013,6,10,25,1,2,2,US-6 GRAND ARMY OF REPUB HWY,PIPHER ST,296,41.77298889,-76.40625556,0,1,0,0,1,1,0,1,1,1,0,1,0,0000000,88,88,88,88,88,88,0,0,0,1,0
42,420199,3,3,0,0,0,4,4,77,0,10,3,2013,1,18,6,1,11,1,I-78,,609,40.558225,-75.423275,0,12,7,0,1,1,0,1,1,1,0,1,0,0000000,99,99,99,99,99,99,2,0,0,1,0
42,420200,3,1,2,1,1,3,3,17,0,7,3,2013,5,19,43,1,12,3,SR-309 BETHLEHEM PIKE,,59,40.35113611,-75.32933333,0,14,0,0,1,1,0,2,2,1,0,1,0,0000000,19,46,19,55,20,45,14,15,0,1,0
42,420201,2,2,0,0,0,3,3,83,0,8,2,2013,6,15,25,0,6,5,E VALLEY RD,,0,41.87123611,-78.397225,0,12,2,0,1,1,0,1,1,4,0,4,0,0000000,99,99,99,99,99,99,4,0,0,1,0
42,420202,1,1,0,0,0,2,2,43,0,16,3,2013,7,13,53,0,3,2,US-209 ST RT 209 HWY,,55,40.545775,-76.86060556,0,1,0,0,1,1,0,4,1,3,0,3,0,0000000,99,99,99,99,99,99,0,0,0,1,0
42,420203,1,1,0,1,1,1,1,91,0,4,3,2013,2,14,46,0,14,3,SR-4013 LEWIS RD,,7,40.20627222,-75.54140278,0,8,0,0,1,1,0,2,1,1,0,1,0,0000000,14,45,14,53,15,35,0,0,0,1,0
42,420204,1,1,0,0,0,2,2,63,0,5,3,2013,3,3,0,0,4,3,SR-403,,346,40.75613611,-79.03700278,0,42,0,0,1,1,0,5,2,1,0,1,0,0000000,99,99,99,99,88,88,0,0,0,2,1
42,420205,3,3,0,0,0,3,3,69,7460,9,3,2013,7,18,4,0,14,3,SR-3023 PITTSTON AVE,BROOK ST,10,41.39333056,-75.67161667,0,12,6,0,2,2,0,1,5,1,0,1,0,0000000,18,11,18,12,18,34,4,0,0,1,0
42,420206,2,2,0,0,0,2,2,29,0,5,3,2013,3,21,56,1,13,3,SR-3070 BUSINESS 30/LINCOL HWY,,46,39.98284167,-75.84140556,0,12,6,0,8,1,0,1,3,1,0,1,0,0000000,21,56,22,2,22,38,0,0,0,1,1
42,420207,1,1,0,0,0,1,1,59,0,17,3,2013,1,8,30,1,1,1,I-79,,15,39.741875,-80.06213056,0,24,0,0,1,1,0,2,1,1,0,1,0,0000000,99,99,99,99,88,88,0,0,0,1,0
42,420208,3,3,0,0,0,5,5,61,0,24,3,2013,1,21,38,1,2,2,US-522 CROGHAN PIKE,,112,40.22289722,-77.873425,0,12,2,0,1,1,0,1,2,1,0,1,0,0000000,99,99,99,99,99,99,0,0,0,1,0
42,420209,2,2,0,0,0,6,6,15,0,1,3,2013,6,16,54,0,3,3,SR-328,,3,41.99015833,-76.91894444,0,12,2,0,1,1,0,1,1,1,0,1,0,0000000,99,99,99,99,99,99,0,0,0,2,1
42,420210,5,5,0,0,0,6,6,119,0,31,3,2013,1,21,0,1,13,2,US-15 MARINE CORPS LEAG ME HWY,AJK BLVD,79,40.98835556,-76.87735278,0,12,8,0,2,3,0,1,3,2,0,2,0,0000000,99,99,99,99,99,99,14,0,0,1,0
42,420211,1,1,0,1,1,1,1,101,6540,11,3,2013,2,11,6,1,13,3,SR-532 BUSTLETON AVE,,21,40.10272778,-75.02871389,0,8,0,0,1,1,0,1,1,1,0,1,0,0000000,11,5,11,9,11,57,0,0,0,1,0
42,420212,1,1,0,0,0,2,2,15,0,15,3,2013,6,10,51,0,6,3,SR-1041,,52,41.84573333,-76.43349722,0,42,0,0,1,1,0,5,1,1,0,1,0,0000000,99,99,99,99,99,99,0,0,0,1,0
42,420213,1,1,0,0,0,2,2,127,0,5,3,2013,3,17,41,0,6,5,CZUBOWICZ RD,SR-3040,0,41.44475278,-75.33980556,0,34,0,0,3,3,0,4,1,1,0,1,0,0000000,17,45,17,52,18,39,0,0,0,1,0
42,420214,1,1,0,0,0,1,1,25,0,11,3,2013,2,6,1,0,15,3,SR-2001 FOREST INN RD,,0,40.810375,-75.59198333,0,59,0,0,1,1,0,4,3,1,0,1,0,0000000,99,99,99,99,99,99,0,0,0,1,0
42,420215,1,1,0,0,0,1,1,39,1600,15,3,2013,6,20,0,0,4,3,SR-198 LICKING ST,,77,41.75754722,-80.37393611,0,33,0,0,1,1,0,4,2,4,0,4,0,0000000,20,6,20,25,88,88,0,0,0,1,0
42,420216,1,1,0,0,0,3,3,125,0,23,3,2013,7,15,32,1,1,1,I-79,,319,40.13998889,-80.20685556,0,52,0,0,1,1,0,2,1,1,0,1,0,0000000,99,99,99,99,99,99,0,0,0,1,0
42,420217,1,1,0,0,0,1,1,31,0,30,3,2013,7,10,35,0,3,3,SR-368,,18,41.10330556,-79.64767778,0,30,0,0,1,1,0,4,1,1,0,1,0,0000000,99,99,99,99,99,99,0,0,0,1,0
42,420218,1,1,0,0,0,1,1,3,6600,30,4,2013,3,17,56,0,16,6,PANTHER HOLLOW RD,,0,99.99990000,999.99990000,0,25,0,0,1,1,0,5,1,1,0,1,0,0000000,17,52,17,56,18,10,0,0,0,1,0
42,420219,2,1,1,0,0,1,1,49,3475,8,4,2013,2,14,30,0,6,5,FIRMAN RD,,0,42.14881944,-79.95815833,0,42,0,0,1,1,0,5,1,1,0,1,0,0000000,88,88,88,88,88,88,20,14,0,1,0
42,420220,1,1,0,0,0,1,1,11,0,14,4,2013,1,2,24,1,13,3,SR-73 PHILADELPHIA AVE,,197,40.33340278,-75.64749722,0,19,0,0,1,1,0,5,3,1,0,1,0,0000000,88,88,88,88,88,88,0,0,0,1,1
42,420221,1,1,0,0,0,1,1,81,4608,20,4,2013,7,0,0,0,14,3,SR-1017 LYCOMING CREEK RD,HESHBON RD,12,41.26851111,-77.04851944,0,33,0,0,3,2,0,4,7,99,0,99,0,0000000,19,13,99,97,99,97,0,0,0,1,1
42,420222,1,1,0,0,0,1,1,23,2064,21,4,2013,1,16,45,0,4,3,SR-555 SECOND ST,,80,41.3366,-78.13654167,0,34,0,0,1,1,0,5,1,1,0,1,0,0000000,88,88,88,88,88,88,0,0,0,1,1
42,420223,1,1,0,2,2,1,1,17,3663,26,4,2013,6,23,34,0,13,3,SR-309 BETHLEHEM PIKE,,9,40.29504722,-75.27851111,0,8,0,0,1,1,0,2,2,1,0,1,0,0000000,23,33,23,43,0,23,0,0,0,1,1
42,420224,2,1,1,0,0,1,1,79,9340,20,4,2013,7,21,7,0,16,6,PENNSYLVANIA AVE,,0,41.24676667,-75.87366944,0,14,0,0,1,1,0,1,3,1,0,1,0,0000000,21,9,21,13,21,34,0,0,0,1,1
42,420225,1,1,0,0,0,1,1,81,0,1,2,2013,6,13,44,0,3,3,SR-118 LAIRDSVILLE RD,,105,41.24404722,-76.55440278,0,24,0,0,1,1,0,2,1,1,0,1,0,0000000,13,49,14,11,88,88,0,0,0,1,1
42,420226,1,1,0,0,0,1,1,35,0,23,3,2013,7,1,20,0,15,3,SR-150 WOODWARD AVE,,118,41.14845833,-77.40833056,0,30,0,0,1,1,0,4,2,1,0,1,0,0000000,99,99,99,99,99,99,0,0,0,1,1
42,420227,4,4,0,0,0,5,5,45,0,10,3,2013,1,12,26,1,13,2,US-1 TOWNSHIP LINE RD,,177,39.96405278,-75.30418889,0,12,2,0,1,1,0,1,1,1,0,1,0,0000000,99,99,99,99,99,99,0,0,0,1,0
42,420228,1,1,0,0,0,1,1,1,0,24,3,2013,1,22,36,0,6,5,STONEY POINT RD,,0,39.95156111,-77.02459444,0,59,0,0,1,1,0,4,2,1,0,1,0,0000000,99,99,99,99,88,88,4,0,0,1,1
42,420229,1,1,0,0,0,1,1,31,0,28,3,2013,5,4,15,0,3,3,SR-66,,203,41.27927778,-79.38963333,0,32,0,0,1,1,0,4,2,4,0,4,0,0000000,99,99,99,99,88,88,0,0,0,1,0
42,420230,1,1,0,0,0,1,1,117,0,19,3,2013,3,9,14,0,3,3,SR-14,,52,41.58854722,-76.88968333,0,1,0,0,1,1,0,1,1,1,0,1,0,0000000,99,99,99,99,88,88,0,0,0,1,0
42,420231,1,1,0,0,0,3,3,129,0,9,3,2013,7,17,15,0,15,3,SR-2003 SCHOOL ST,,15,40.14198056,-79.52423333,0,30,0,0,1,1,0,4,1,1,0,1,0,0000000,99,99,99,99,99,99,0,0,0,1,1