STATE,ST_CASE,VE_TOTAL,VE_FORMS,PVH_INVL,PEDS,PERNOTMVIT,PERMVIT,PERSONS,COUNTY,CITY,DAY,MONTH,YEAR,DAY_WEEK,HOUR,MINUTE,NHS,ROAD_FNC,ROUTE,TWAY_ID,TWAY_ID2,MILEPT,LATITUDE,LONGITUD,SP_JUR,HARM_EV,MAN_COLL,RELJCT1,RELJCT2,TYP_INT,WRK_ZONE,REL_ROAD,LGT_COND,WEATHER1,WEATHER2,WEATHER,SCH_BUS,RAIL,NOT_HOUR,NOT_MIN,ARR_HOUR,ARR_MIN,HOSP_HR,HOSP_MN,CF1,CF2,CF3,FATALS,DRUNK_DR
42,420232,2,2,0,0,0,4,4,3,590,17,4,2013,4,2,29,1,13,3,SR-65 OHIO RIVER BLVD,,56,40.50535,-80.08565833,0,12,6,0,1,1,0,1,3,1,0,1,0,0000000,99,99,99,99,99,99,0,0,0,2,1
42,420233,2,2,0,0,0,1,1,43,0,23,4,2013,3,9,7,1,13,2,US-422 CHOCOLATE AVE,,29,40.289225,-76.64070833,0,12,1,0,1,1,0,1,1,1,0,1,0,0000000,9,6,9,12,88,88,0,0,0,1,0
42,420234,2,2,0,0,0,2,2,133,0,8,4,2013,2,16,29,0,14,3,SR-234 EAST BERLIN RD,SR-462 MARKET ST,106,39.95075556,-76.77693333,0,12,6,0,2,4,0,1,1,1,0,1,0,0000000,99,99,99,99,99,99,0,0,0,1,0
42,420235,2,2,0,0,0,3,3,133,0,26,4,2013,6,6,49,0,4,3,SR-24 WINTERSTOWN RD,,113,39.86395,-76.61985556,0,12,2,0,1,1,0,1,1,1,0,1,0,0000000,6,51,6,57,99,99,14,0,0,1,0
42,420236,1,1,0,0,0,1,1,61,0,14,4,2013,1,2,50,0,5,3,SR-3017,,37,40.21569444,-78.12193889,0,42,0,0,1,1,0,5,2,1,0,1,0,0000000,99,99,99,99,88,88,0,0,0,1,1
42,420237,1,1,0,0,0,2,2,15,0,21,4,2013,1,17,21,0,6,5,LEROY MOUNTAIN RD,,0,41.66221667,-76.69311667,0,35,0,0,1,1,0,4,1,1,0,1,0,0000000,99,99,99,99,99,99,4,22,0,1,1
42,420238,2,2,0,0,0,2,2,51,0,4,4,2013,5,16,0,1,13,2,US-119 MEMORIAL BLVD,SR-1042 CROSSROADS RD,333,40.08980278,-79.55925833,0,12,6,0,2,2,0,1,1,1,0,1,0,0000000,99,99,99,99,99,99,0,0,0,1,0
42,420239,2,2,0,0,0,3,3,107,0,11,4,2013,5,12,32,0,3,2,US-209 GRAND AVE,,7,40.58717778,-76.56909444,0,12,2,0,1,1,0,1,1,1,0,1,0,0000000,99,99,99,99,99,99,0,0,0,1,1
42,420240,2,2,0,0,0,3,3,89,0,28,4,2013,1,11,50,0,4,3,SR-447 CREEK RD,,60,41.08714167,-75.21909444,0,12,6,0,1,1,0,1,1,1,0,1,0,0000000,99,99,99,99,99,99,0,0,0,1,0
42,420241,1,1,0,0,0,1,1,45,0,19,4,2013,6,16,41,0,15,3,SR-3101 ROCKY HILL RD,,3,39.85668611,-75.59690278,0,11,0,0,1,1,0,1,1,1,0,1,0,0000000,99,99,99,99,99,99,0,0,0,1,0
42,420242,3,3,0,0,0,4,4,97,0,22,3,2013,6,10,52,1,2,2,US-11 POINT TOWNSHIP RD,,52,40.92914722,-76.72318056,0,12,2,0,1,1,0,1,1,1,0,1,0,0000000,99,99,99,99,99,99,0,0,0,3,0
42,420243,2,2,0,0,0,3,3,3,0,7,4,2013,1,14,41,1,13,3,SR-8 WILLIAM FLINN HWY,,191,40.6526,-79.93613611,0,12,1,0,1,1,0,1,1,1,0,1,0,0000000,88,88,88,88,88,88,0,0,0,1,0
42,420244,2,2,0,0,0,2,2,101,6540,4,4,2013,5,19,28,1,13,3,SR-3005 BELMONT AVE,SR-3017 PARKSIDE AVE,26,39.97774167,-75.21338611,0,12,6,0,2,2,0,1,1,1,0,1,0,0000000,19,2,19,8,19,37,0,0,0,1,1
42,420245,2,2,0,0,0,3,3,89,0,8,4,2013,2,16,0,0,16,6,TURKEY RIDGE RD,,0,41.07781667,-75.07631389,0,1,0,0,8,1,0,1,1,1,0,1,0,0000000,99,99,99,99,99,99,0,0,0,1,0
42,420246,1,1,0,1,1,3,3,49,0,16,4,2013,3,21,37,0,14,2,US-20 BUFFALO RD,,403,42.21041944,-79.84983611,0,8,0,0,1,1,0,1,2,1,0,1,0,0000000,21,34,21,39,88,88,0,0,0,1,0
42,420247,1,1,0,0,0,2,2,115,0,25,4,2013,5,23,0,0,6,3,SR-4006 HAWLEYTON RD,,18,41.98688333,-75.97099722,0,1,0,0,1,1,0,1,3,1,0,1,0,0000000,99,99,99,99,99,99,0,0,0,1,1
42,420248,1,1,0,0,0,1,1,75,0,3,4,2013,4,16,55,0,6,3,SR-2023 SOUTH MOUNTAIN RD,,16,40.33871111,-76.19960556,0,1,0,0,1,1,0,1,1,1,0,1,0,0000000,17,4,17,19,99,99,0,0,0,1,1
42,420249,1,1,0,0,0,3,3,35,0,7,4,2013,1,7,40,1,1,1,I-80 Z H CONFAIR MEMORIAL HWY,,1716,41.02783056,-77.54526111,0,1,0,0,1,1,0,3,1,1,0,1,0,0000000,7,46,8,3,99,99,0,0,0,1,0
42,420250,1,1,0,0,0,1,1,79,0,9,4,2013,3,18,16,0,14,3,SR-92 EXETER AVE,,26,41.36010833,-75.80968056,0,30,0,0,1,1,0,5,1,1,0,1,0,0000000,18,19,18,22,88,88,0,0,0,1,0
42,420251,2,2,0,0,0,2,2,101,6540,24,4,2013,4,23,0,0,14,3,SR-1011 WELSH RD,,27,40.09085,-75.04683333,0,12,6,0,8,1,0,1,3,1,0,1,0,0000000,23,3,23,8,23,33,0,0,0,1,0
42,420252,3,3,0,0,0,3,3,19,0,9,4,2013,3,8,25,1,2,3,SR-8 WILLIAM FLINN HWY,,333,41.10931667,-80.00633611,0,12,6,0,1,1,0,1,1,1,0,1,0,0000000,8,30,8,37,9,28,0,0,0,1,0
42,420253,1,1,0,0,0,1,1,129,0,22,4,2013,2,14,44,1,1,1,I-76 EAST/WEST TPKE,,957,40.12901389,-79.29170556,0,24,0,0,1,1,0,2,1,1,0,1,0,0000000,99,99,99,99,99,99,0,0,0,1,0
42,420254,1,1,0,0,0,1,1,85,0,17,4,2013,4,9,35,0,3,3,SR-58 MERCER RD,,197,41.29715,-80.29144167,0,18,0,0,1,1,0,5,1,1,0,1,0,0000000,9,39,9,54,10,13,0,0,0,1,0
42,420255,1,1,0,0,0,1,1,21,0,6,4,2013,7,1,55,0,4,3,SR-164 MUNSTER RD,,46,40.40674722,-78.67815833,0,30,0,0,1,1,0,4,2,1,0,1,0,0000000,1,57,2,2,99,99,0,0,0,1,1
42,420256,2,2,0,0,0,5,5,77,110,28,4,2013,1,3,2,1,13,3,SR-145 FOURTH ST,CHAPEL AVE,27,40.58750833,-75.45998889,0,12,6,0,2,2,0,1,6,1,0,1,0,0000000,99,99,99,99,99,99,0,0,0,1,1
42,420257,1,1,0,0,0,3,3,125,0,5,4,2013,6,14,5,0,6,5,SHIPE RUN RD,,0,40.12435556,-80.16936944,0,42,0,0,1,1,0,5,1,1,0,1,0,0000000,99,99,99,99,99,99,4,0,0,1,0
42,420258,1,1,0,0,0,1,1,89,0,7,4,2013,1,7,55,0,6,5,NEYHART RD,,0,40.96044444,-75.30119722,0,35,0,0,1,1,0,4,1,1,0,1,0,0000000,99,99,99,99,88,88,0,0,0,1,0
42,420259,3,2,1,0,0,4,4,49,2640,21,4,2013,1,2,36,0,16,6,GERMAN ST,SIXTH ST,0,42.13168889,-80.07910278,0,12,6,0,2,2,0,1,3,1,0,1,0,0000000,2,38,2,44,2,58,0,0,0,1,2
42,420260,1,1,0,0,0,3,3,11,0,27,4,2013,7,15,33,0,6,5,SUNSET HILL RD,,0,40.35549444,-75.69426389,0,42,0,0,1,1,0,5,1,1,0,1,0,0000000,99,99,99,99,99,99,0,0,0,2,0
42,420261,2,2,0,0,0,4,4,101,6540,30,4,2013,3,20,32,1,13,3,SR-2009 HARBISON AVE,US-13 ROBBINS ST,56,40.02935556,-75.06273056,0,12,6,0,2,7,0,1,3,1,0,1,0,0000000,20,33,20,38,88,88,0,0,0,1,0
42,420262,1,1,0,0,0,1,1,117,0,20,4,2013,7,3,42,0,6,3,SR-2027 CANOE CAMP CREEK RD,,8,41.75363611,-77.04528056,0,1,0,0,1,1,0,1,2,1,0,1,0,0000000,99,99,99,99,88,88,0,0,0,1,1
42,420263,2,2,0,0,0,3,3,27,0,21,4,2013,1,15,45,0,3,3,SR-150 BALD EAGLE VALLEY RD,SR-8008 RAMP B RD,81,40.95662222,-77.76800278,0,12,6,1,2,3,0,1,1,1,0,1,0,0000000,99,99,99,99,99,99,0,0,0,1,0
42,420264,2,2,0,0,0,3,3,33,0,8,4,2013,2,9,45,1,2,2,US-322 WOODLAND RD,,347,40.91173889,-78.24413056,0,5,0,0,8,1,0,1,1,1,0,1,0,0000000,99,99,99,99,88,88,0,0,0,1,0
42,420265,2,2,0,0,0,2,2,29,0,26,4,2013,6,22,25,1,13,2,US-202 WILMINGTON PIKE,STANTON AVE,29,39.93842222,-75.59,0,12,6,0,2,3,0,1,2,1,0,1,0,0000000,22,28,22,34,23,5,0,0,0,1,1
42,420266,2,2,0,0,0,3,3,79,0,10,4,2013,4,23,6,1,13,3,SR-2002 SANS SOUCI PKWY,,35,41.22043611,-75.94365278,0,12,6,0,8,1,0,1,2,2,0,2,0,0000000,23,5,23,8,23,40,0,0,0,1,1
42,420267,2,2,0,0,0,2,2,29,0,19,4,2013,6,20,15,1,13,2,US-322 HORSESHOE PIKE,SR-8010 RAMP RD,134,40.01291111,-75.72645833,0,12,6,1,2,3,0,1,2,2,0,2,0,0000000,20,15,20,20,99,99,0,0,0,1,0
42,420268,1,1,0,0,0,1,1,101,6540,4,4,2013,5,18,57,1,13,2,US-30 GIRARD AVE,,28,39.973175,-75.21230833,0,33,0,0,1,1,0,4,1,1,0,1,0,0000000,18,55,19,1,19,19,0,0,0,1,0
42,420269,1,1,0,0,0,3,3,91,0,23,4,2013,3,0,10,0,3,3,SR-563 RIDGE RD,,25,40.33470556,-75.40691389,0,30,0,0,1,1,0,4,2,1,0,1,0,0000000,0,7,0,10,88,88,0,0,0,1,1
42,420270,1,1,0,0,0,2,2,9,0,13,4,2013,7,0,15,0,6,3,SR-4018 ROCKLICK HOLLOW RD,,19,40.13849444,-78.680975,0,43,0,0,1,1,0,4,2,1,0,1,0,0000000,0,2,0,24,99,99,0,0,0,1,1
42,420271,1,1,0,0,0,2,2,79,0,29,4,2013,2,8,35,0,5,3,SR-4011 OLD TIOGA TPKE,,68,41.25634167,-76.30789722,0,35,0,0,1,1,0,4,1,2,0,2,0,0000000,8,40,8,57,9,47,0,0,0,1,0
42,420272,2,2,0,0,0,2,2,107,1480,4,4,2013,5,14,0,0,14,2,US-209 W WATER ST,MINER ST,416,40.81506111,-75.92756389,0,12,1,0,2,4,0,1,1,1,0,1,0,0000000,99,99,99,99,99,99,0,0,0,1,0
42,420273,1,1,0,1,1,1,1,133,0,27,4,2013,7,0,51,1,1,1,I-83 VFW OF US MEM HWY,SR-8003 RAMP X RD,76,39.828075,-76.68483056,0,8,0,1,18,1,0,1,2,1,0,1,0,0000000,0,46,0,55,1,30,19,0,0,1,1
42,420274,2,2,0,0,0,3,3,65,2780,18,4,2013,5,17,38,0,14,3,SR-950 THIRD ST,BRITTON DR,58,41.13523889,-78.80752222,0,1,0,0,2,3,0,1,1,1,0,1,0,0000000,88,88,88,88,88,88,14,0,0,1,0
42,420275,1,1,0,0,0,1,1,125,8880,1,4,2013,2,20,40,1,13,2,US-40 CHESTNUT ST EXT,,161,40.17120833,-80.25517222,0,33,0,0,1,1,0,4,3,1,0,1,0,0000000,99,99,99,99,99,99,0,0,0,1,1
42,420276,2,2,0,0,0,2,2,17,0,13,4,2013,7,8,53,0,14,3,SR-2026 TRENTON AVE,,1,40.1973,-74.81365,0,12,6,0,8,1,0,1,1,1,0,1,0,0000000,8,55,9,6,9,20,0,0,0,1,0
42,420277,2,2,0,0,0,2,2,61,0,27,4,2013,7,7,35,1,2,2,US-22 WILLIAM PENN HWY,,230,40.39133611,-77.89844722,0,12,2,0,1,1,0,1,1,1,0,1,0,0000000,7,43,7,57,99,99,0,0,0,1,0
42,420278,2,2,0,0,0,2,2,101,6540,1,4,2013,2,19,14,1,11,3,SR-8008 RAMP D RD,,8,39.97360556,-75.19369444,0,25,0,1,5,1,0,2,1,1,0,1,0,0000000,19,21,19,28,88,88,0,0,0,1,0
42,420279,2,2,0,0,0,2,2,49,2470,23,4,2013,3,16,54,0,4,3,SR-699 ERIE ST,,23,41.87995556,-80.12974722,0,12,6,0,8,1,0,1,1,1,0,1,0,0000000,16,53,16,55,17,32,0,0,0,1,0
42,420280,1,1,0,0,0,1,1,79,0,26,4,2013,6,1,15,0,4,3,SR-3020 TOMHICKEN RD,,15,40.95849444,-76.18271111,0,42,0,0,1,1,0,5,2,1,0,1,0,0000000,99,99,99,99,88,88,0,0,0,1,1
42,420281,1,1,0,1,1,1,1,125,0,15,4,2013,2,17,40,1,1,1,I-79,,309,40.12615556,-80.20874444,0,8,0,0,1,1,0,2,1,1,0,1,0,0000000,99,99,99,99,99,99,23,0,0,1,0
42,420282,2,2,0,0,0,3,3,19,0,1,4,2013,2,16,20,1,2,3,SR-8 PITTSBURGH RD,CHURCH RD,51,40.74452778,-79.92527778,0,12,6,0,2,2,0,1,1,1,0,1,0,0000000,99,99,99,99,99,99,0,0,0,1,0
42,420283,2,2,0,0,0,3,3,15,0,21,4,2013,1,17,45,1,2,2,US-220,,249,41.86036944,-76.50319722,0,12,6,0,8,1,0,1,1,1,0,1,0,0000000,99,99,99,99,99,99,0,0,0,1,0
42,420284,1,1,0,0,0,1,1,17,0,20,4,2013,7,2,40,0,14,3,SR-2002 RADCLIFFE ST,,104,40.13299722,-74.82394444,0,24,0,0,1,1,0,2,3,2,0,2,0,0000000,2,43,2,52,88,88,0,0,0,1,1
42,420285,1,1,0,0,0,1,1,3,860,21,4,2013,1,18,9,1,13,3,SR-51 CLAIRTON BLVD,,154,40.375025,-79.98291389,0,59,0,0,1,1,0,4,1,1,0,1,0,0000000,99,99,99,99,99,99,0,0,0,1,0
42,420286,2,2,0,0,0,2,2,13,0,3,4,2013,4,9,29,1,2,2,US-22 WILLIAM PENN HWY,,32,40.47155,-78.49146389,0,12,1,0,1,1,0,1,1,1,0,1,0,0000000,9,26,9,35,10,2,0,0,0,1,0
42,420287,1,1,0,0,0,1,1,41,1060,9,4,2013,3,19,14,1,13,3,SR-641 TRINDLE RD,US-11 THIRTYSECOND ST,343,40.23853333,-76.93425278,0,30,0,0,3,2,0,4,1,1,0,1,0,0000000,99,99,99,99,99,99,0,0,0,1,0
42,420288,1,1,0,0,0,1,1,45,0,2,4,2013,3,9,12,0,14,3,SR-2024 MARSHALL RD,,15,39.95428333,-75.25483333,0,30,0,0,1,1,0,4,1,1,0,1,0,0000000,99,99,99,99,99,99,0,0,0,1,0
42,420289,1,1,0,0,0,2,2,101,6540,14,4,2013,1,0,43,1,13,3,SR-2009 HARBISON AVE,,47,40.01778056,-75.064825,0,25,0,0,1,1,0,3,3,1,0,1,0,0000000,0,50,0,51,1,25,0,0,0,1,0
42,420290,2,2,0,0,0,2,2,29,0,25,4,2013,5,10,58,1,12,2,US-30 COATESVLE DOWNINGTOW BYP,,44,39.98629722,-75.88939167,0,12,1,0,1,1,0,1,1,1,0,1,0,0000000,10,56,11,10,88,88,28,0,0,1,0
42,420291,1,1,0,0,0,1,1,11,0,7,4,2013,1,0,23,0,4,3,SR-662 FRANKLIN ST,,156,40.473825,-75.82786111,0,35,0,0,1,1,0,5,2,1,0,1,0,0000000,99,99,99,99,88,88,0,0,0,1,1
42,420292,3,3,0,0,0,3,3,45,0,18,4,2013,5,11,42,1,13,3,SR-320 SPROUL RD,,64,39.94735,-75.34949722,0,12,6,0,8,1,0,1,1,2,0,2,0,0000000,99,99,99,99,99,99,0,0,0,1,0
42,420293,1,1,0,0,0,4,4,129,0,10,4,2013,4,19,0,0,6,5,LINN RUN RD,,0,40.16076944,-79.23236944,0,42,0,0,1,1,0,5,5,1,0,1,0,0000000,99,99,99,99,99,99,0,0,0,1,1
42,420294,1,1,0,0,0,2,2,29,0,17,4,2013,4,20,9,0,14,3,SR-724 SCHUYLKILL RD,,4,40.23690556,-75.69251389,0,24,0,0,1,1,0,2,5,1,0,1,0,0000000,20,7,20,17,99,99,0,0,0,1,1
42,420295,2,2,0,0,0,2,2,77,0,18,4,2013,5,22,23,1,13,3,SR-145 MACARTHUR RD,,121,40.72189722,-75.52835833,0,12,8,0,1,1,0,1,2,1,0,1,0,0000000,99,99,99,99,99,99,0,0,0,1,0
42,420296,1,1,0,1,1,1,1,41,0,3,5,2013,6,23,2,0,6,5,AIRPORT RD,,0,40.05787222,-77.49528056,0,9,0,0,1,1,0,1,2,1,0,1,0,0000000,99,99,99,99,99,99,0,0,0,1,1
42,420297,1,1,0,0,0,1,1,125,0,1,5,2013,4,20,36,0,5,3,SR-211 MAIN ST,SR-4024 RURAL VALLEY RD,138,40.16004722,-80.37456111,0,1,0,0,2,3,0,1,2,1,0,1,0,0000000,99,99,99,99,99,99,0,0,0,1,1
42,420298,1,1,0,1,1,1,1,91,0,4,4,2013,5,22,33,0,14,3,SR-463 HORSHAM RD,,55,40.24513889,-75.24016667,0,8,0,0,1,1,0,1,3,1,0,1,0,0000000,22,33,22,36,22,51,0,0,0,1,0
42,420299,1,1,0,0,0,1,1,85,0,18,5,2013,7,2,57,0,3,3,SR-358 HADLEY RD,,138,41.41127222,-80.25113056,0,53,0,0,1,1,0,4,2,1,0,1,0,0000000,3,3,99,97,99,97,0,0,0,1,1
42,420300,1,1,0,0,0,1,1,49,0,25,5,2013,7,1,49,0,3,2,US-20 LAKE RD,,9,41.94863333,-80.50403056,0,31,0,0,1,1,0,5,2,1,0,1,0,0000000,1,56,2,16,88,88,0,0,0,1,1
42,420301,1,1,0,0,0,1,1,39,0,28,5,2013,3,21,6,0,5,3,SR-3004 ADAMSVILLE RD,,23,41.50425833,-80.39533333,0,43,0,0,1,1,0,1,2,2,0,2,0,0000000,21,3,21,9,22,45,0,0,0,1,1
42,420302,1,1,0,0,0,2,2,29,0,19,5,2013,1,2,33,0,3,3,SR-10 HONEY BROOK RD,,215,40.05247222,-75.91507778,0,32,0,0,1,1,0,4,2,2,0,2,0,0000000,2,31,2,39,88,88,0,0,0,1,1
42,420303,1,1,0,0,0,1,1,5,0,5,5,2013,1,4,53,1,2,2,US-20 BENJAMIN FRANKLIN HWY,,23,40.84226944,-79.65190278,0,20,0,0,1,1,0,3,2,1,0,1,0,0000000,99,99,99,99,99,99,0,0,0,1,0
42,420304,2,2,0,0,0,2,2,45,0,28,5,2013,3,15,30,1,13,2,US-322 CONCHESTER HWY,BETHEL AVE,49,39.84995833,-75.44810833,0,12,1,0,3,3,0,1,1,2,0,2,1,0000000,99,99,99,99,88,88,0,0,0,1,0
42,420305,2,2,0,1,1,2,2,17,0,16,5,2013,5,23,52,1,12,2,US-1 LINCOLN HWY,,6,40.12568056,-74.97185556,0,8,0,0,1,1,0,1,2,1,0,1,0,0000000,23,53,23,57,88,88,0,0,0,1,0
42,420306,2,2,0,0,0,2,2,11,0,21,5,2013,3,17,45,0,15,3,SR-2049 OLD AIRPORT RD,,6,40.27149444,-75.74158889,0,12,6,0,8,1,0,1,1,1,0,1,0,0000000,99,99,99,99,99,99,0,0,0,1,0
42,420307,2,2,0,0,0,2,2,49,0,17,5,2013,6,21,23,1,13,3,SR-8 WATTSBURG RD,SR-4028 GORE RD,269,42.10355,-80.02911944,0,12,1,0,3,3,0,1,3,1,0,1,0,0000000,21,37,21,45,22,13,0,0,0,1,1
42,420308,2,2,0,0,0,2,2,11,0,21,5,2013,3,6,12,1,13,2,US-222 ALLENTOWN PIKE,,192,40.44989167,-75.89534722,0,12,8,0,1,1,0,1,1,1,0,1,0,0000000,99,99,99,99,99,99,0,0,0,1,0
42,420309,2,2,0,0,0,5,5,89,0,19,5,2013,1,11,15,0,4,3,SR-196 STERLING RD,,39,41.18303056,-75.356375,0,12,6,0,1,1,0,1,1,5,0,5,0,0000000,99,99,99,99,99,99,0,0,0,1,0
42,420310,2,2,0,0,0,3,3,71,0,19,5,2013,1,0,18,1,12,2,US-30 LINCOLN HWY,,51,40.041325,-76.44046944,0,12,2,0,1,1,0,1,6,5,0,5,0,0000000,99,99,99,99,99,99,0,0,0,1,1
42,420311,2,2,0,0,0,2,2,51,0,24,5,2013,6,17,15,0,14,3,SR-168 HARTLEY HILL RD,ACADEMY RD,179,39.97295556,-79.87734167,0,12,6,0,2,2,0,1,1,1,0,1,0,0000000,99,99,99,99,99,99,0,0,0,1,0
42,420312,2,2,0,0,0,3,3,29,0,1,5,2013,4,20,25,0,15,3,SR-162 STRASBURG RD,,71,39.952775,-75.66858333,0,12,6,0,8,1,0,1,2,1,0,1,0,0000000,99,99,99,99,99,99,0,0,0,1,0
42,420313,1,1,0,0,0,1,1,75,0,7,5,2013,3,8,45,0,4,3,SR-419 MYERSTOWN RD,,98,40.31226389,-76.28357778,0,42,0,0,1,1,0,4,1,1,0,1,0,0000000,8,52,8,58,9,39,0,0,0,1,0
42,420314,2,2,0,0,0,3,3,133,0,29,5,2013,4,4,46,1,2,2,US-30 LINCOLN HWY,,49,39.920475,-76.89930556,0,12,2,0,8,1,0,1,3,5,0,5,0,0000000,4,46,5,2,5,36,0,0,0,1,0
42,420315,2,2,0,0,0,5,5,115,0,4,5,2013,7,18,15,0,4,3,SR-167 GREENWOOD ST,KENTS CROSS RD,31,41.73933889,-75.79731111,0,12,6,0,2,2,0,1,1,1,0,1,0,0000000,99,99,99,99,99,99,0,0,0,1,0
42,420316,1,1,0,1,1,1,1,77,0,25,5,2013,7,11,25,0,6,5,KINGS HWY,,0,40.47916389,-75.506375,0,8,0,0,1,1,0,1,1,1,0,1,0,0000000,99,99,99,99,88,88,0,0,0,1,0
42,420317,1,1,0,1,1,4,4,133,0,3,2,2013,1,21,7,1,11,1,I-0083 VFW OF US MEM HW,,301,40.10754722,-76.782075,0,8,0,0,1,1,0,1,2,8,0,8,0,0000000,21,6,21,17,88,88,0,0,0,1,0
42,420318,1,1,0,0,0,2,2,79,0,21,5,2013,3,21,33,1,1,1,I-80,,2614,41.05020833,-75.981875,0,42,0,0,1,1,0,3,2,1,0,1,0,0000000,99,99,99,99,99,99,0,0,0,1,0
42,420319,1,1,0,0,0,1,1,71,0,15,5,2013,4,13,50,0,6,5,EDEN RD,,0,40.06953611,-76.29844722,0,30,0,0,1,1,0,5,1,2,0,2,0,0000000,99,99,99,99,99,99,0,0,0,1,0
42,420320,1,1,0,0,0,1,1,99,0,6,5,2013,2,22,14,0,15,3,SR-850 VALLEY RD,,305,40.33032778,-76.9791,0,24,0,0,1,1,0,2,2,1,0,1,0,0000000,88,88,88,88,88,88,0,0,0,1,1
42,420321,1,1,0,0,0,1,1,129,0,9,5,2013,5,1,43,1,11,1,I-76 PENNSYLVANIA TPKE,,635,40.36136111,-79.67917778,0,1,0,0,1,1,0,2,2,1,0,1,0,0000000,88,88,88,88,88,88,0,0,0,1,1
42,420322,1,1,0,0,0,1,1,11,0,18,5,2013,7,23,52,0,3,3,SR-73 PHILADELPHIA AVE,,143,40.37472222,-75.72024444,0,24,0,0,1,1,0,2,2,2,0,2,0,0000000,88,88,88,88,88,88,0,0,0,1,1
42,420323,1,1,0,0,0,1,1,31,0,21,5,2013,3,15,0,1,2,3,SR-28,,52,41.03390833,-79.26101111,0,35,0,0,1,1,0,4,1,1,0,1,0,0000000,88,88,88,88,88,88,0,0,0,1,1
42,420324,1,1,0,0,0,2,2,129,0,26,5,2013,1,1,10,0,14,3,SR-136 GREENSBURG RD,,117,40.26856111,-79.669925,0,35,0,0,1,1,0,4,2,1,0,1,0,0000000,1,13,1,20,88,88,0,0,0,1,1
42,420325,1,1,0,1,1,1,1,3,3950,3,5,2013,6,21,10,0,16,6,GILMORE DR,,0,40.29358889,-79.90498333,0,15,0,0,1,1,0,1,6,99,0,99,0,0000000,99,99,99,99,99,99,0,0,0,1,1
42,420326,1,1,0,0,0,1,1,95,8140,4,5,2013,7,19,22,0,14,3,SR-2025 MAIN ST,,55,40.75434167,-75.26040278,0,33,0,0,1,1,0,4,1,1,0,1,0,0000000,88,88,88,88,88,88,0,0,0,1,1
42,420327,1,1,0,0,0,1,1,25,0,24,5,2013,6,20,53,0,6,3,SR-2006 LOWER SMITH GAP RD,,17,40.82653056,-75.50163056,0,35,0,0,1,1,0,4,2,2,0,2,0,0000000,99,99,99,99,88,88,0,0,0,1,1
42,420328,1,1,0,0,0,1,1,19,1747,6,5,2013,2,17,17,0,6,5,FRESHCORN RD,,0,40.73428611,-80.13775,0,42,0,0,1,1,0,5,1,1,0,1,0,0000000,88,88,88,88,88,88,0,0,0,1,0
42,420329,2,2,0,0,0,4,4,3,0,4,5,2013,7,15,20,1,13,3,SR-51 HAYDEN BLVD,CR-ROBERTS HOLLOW RD,36,40.24894167,-79.87708611,0,12,6,0,2,3,0,1,1,1,0,1,0,0000000,99,99,99,99,99,99,0,0,0,1,0
42,420330,1,1,0,0,0,1,1,61,5600,10,5,2013,6,13,42,1,2,2,US-522 CROGHAN PIKE,,236,40.38626111,-77.87362778,0,33,0,0,1,1,0,4,1,2,0,2,0,0000000,99,99,99,99,99,99,0,0,0,1,0
42,420331,2,2,0,0,0,2,2,51,0,1,5,2013,4,18,40,1,12,2,US-40 GEO C MARSHALL PKWY,,119,39.90252222,-79.7461,0,12,1,0,1,1,0,2,1,1,0,1,0,0000000,99,99,99,99,88,88,0,0,0,1,0
42,420332,1,1,0,1,1,1,1,71,0,4,5,2013,7,8,49,0,6,5,NARVON RD,,0,40.10699444,-75.97821667,0,15,0,0,8,1,0,1,1,1,0,1,0,0000000,99,99,99,99,99,99,0,0,0,1,0
42,420333,1,1,0,0,0,1,1,29,0,26,5,2013,1,0,15,0,4,3,SR-272 CHRISTINE RD,,13,39.73571944,-75.99206389,0,59,0,0,1,1,0,4,2,1,0,1,0,0000000,88,88,88,88,88,88,0,0,0,1,1
42,420334,2,2,0,0,0,4,4,47,0,23,5,2013,5,21,15,0,3,3,SR-66,,45,41.57599444,-78.87652222,0,12,2,0,1,1,0,1,2,2,0,2,0,0000000,99,99,99,99,99,99,0,0,0,3,1
42,420335,2,2,0,0,0,3,3,35,0,4,5,2013,7,20,55,0,3,3,SR-120 BUCKTAIL TRAIL HWY,,189,41.32249167,-77.78724722,0,12,2,0,1,1,0,1,2,1,0,1,0,0000000,20,55,21,0,21,35,0,0,0,2,0
42,420336,2,2,0,0,0,2,2,73,0,7,5,2013,3,13,35,0,5,3,SR-956 NESHANNOCK FALLS RD,,46,41.07769722,-80.26332222,0,12,1,0,8,1,0,1,1,1,0,1,0,0000000,99,99,99,99,88,88,0,0,0,1,0
42,420337,1,1,0,0,0,3,3,71,0,26,5,2013,1,2,0,0,6,5,BACHMANTOWN RD,,0,40.01165278,-76.17487222,0,1,0,0,1,1,0,4,2,1,0,1,0,0000000,99,99,99,99,99,99,20,0,0,1,1
42,420338,2,2,0,0,0,3,3,45,0,2,5,2013,5,16,15,1,13,2,US-1 BALTIMORE PIKE,SR-3101 ROCKY HILL RD,3,39.87214722,-75.5903,0,12,6,0,2,3,0,1,1,1,0,1,0,0000000,99,99,99,99,99,99,0,0,0,1,0
42,420339,2,2,0,0,0,4,4,123,0,26,5,2013,1,13,55,1,13,2,US-62,,267,41.91657222,-79.15015278,0,11,0,0,1,1,0,1,1,1,0,1,0,0000000,13,44,14,9,14,28,14,0,0,1,0