STATE,ST_CASE,VE_TOTAL,VE_FORMS,PVH_INVL,PEDS,PERNOTMVIT,PERMVIT,PERSONS,COUNTY,CITY,DAY,MONTH,YEAR,DAY_WEEK,HOUR,MINUTE,NHS,ROAD_FNC,ROUTE,TWAY_ID,TWAY_ID2,MILEPT,LATITUDE,LONGITUD,SP_JUR,HARM_EV,MAN_COLL,RELJCT1,RELJCT2,TYP_INT,WRK_ZONE,REL_ROAD,LGT_COND,WEATHER1,WEATHER2,WEATHER,SCH_BUS,RAIL,NOT_HOUR,NOT_MIN,ARR_HOUR,ARR_MIN,HOSP_HR,HOSP_MN,CF1,CF2,CF3,FATALS,DRUNK_DR
42,420340,1,1,0,1,1,1,1,69,7460,22,2,2013,6,13,45,0,14,3,SR-3020 LINDEN ST,WASHINGTON AVE,8,41.40909444,-75.662325,0,8,0,0,2,2,0,1,1,1,0,1,0,0000000,13,49,13,50,14,12,0,0,0,1,0
42,420341,2,2,0,0,0,2,2,3,0,2,5,2013,5,21,40,1,11,1,I-376 PENN LINCOLN PKWY,,653,40.41239167,-80.07831389,0,12,1,0,1,1,0,1,3,1,0,1,0,0000000,99,99,99,99,99,99,0,0,0,1,0
42,420342,2,2,0,0,0,2,2,45,0,28,5,2013,3,17,36,0,14,3,SR-3046 SMITHBRIDGE RD,,52,39.87431944,-75.49285556,0,12,6,0,1,1,0,1,1,2,0,2,0,0000000,99,99,99,99,99,99,0,0,0,1,0
42,420343,2,2,0,0,0,2,2,39,0,23,5,2013,5,16,15,0,3,3,SR-18 SPRINGBORO RD,,208,41.81346111,-80.37499722,0,12,2,0,1,1,0,1,1,2,0,2,0,0000000,16,17,16,37,17,34,0,0,0,1,1
42,420344,1,1,0,2,2,1,1,101,6540,24,2,2013,1,9,35,1,13,3,SR-2007 FRANKFORD AVE,,58,40.02642222,-75.06868333,0,8,0,0,1,1,0,4,1,1,0,1,0,0000000,9,35,9,41,10,14,0,0,0,1,1
42,420345,2,2,0,0,0,2,2,71,0,30,5,2013,5,22,48,1,13,3,SR-272 LANCASTER PIKE,,166,39.91188056,-76.24356389,0,12,6,0,1,1,0,1,2,1,0,1,0,0000000,99,99,99,99,99,99,0,0,0,1,0
42,420346,1,1,0,0,0,1,1,49,2640,27,5,2013,2,0,50,1,11,1,I-79 RAYMONG P SHAFER HWY,,188,42.096925,-80.12237778,0,59,0,0,1,1,0,4,3,1,0,1,0,0000000,0,58,1,3,1,39,0,0,0,1,1
42,420347,1,1,0,1,1,1,1,79,0,12,5,2013,1,16,52,0,16,3,SR-2039 WESTMINSTER RD,,52,41.28528056,-75.78100833,0,8,0,0,1,1,0,1,1,1,0,1,0,0000000,17,0,17,7,88,88,0,0,0,1,0
42,420348,2,2,0,0,0,2,2,123,0,21,5,2013,3,8,35,0,3,3,SR-27,,271,41.935425,-79.321575,0,24,0,0,1,1,0,2,1,1,0,1,0,0000000,99,99,99,99,99,99,0,0,0,1,0
42,420349,2,1,1,0,0,1,1,39,0,8,5,2013,4,7,20,0,6,3,SR-2023 MOSS GROVE RD,,50,41.63127222,-79.79874444,0,53,0,0,1,1,0,4,1,1,0,1,0,0000000,7,19,7,35,8,20,0,0,0,1,0
42,420350,1,1,0,0,0,1,1,131,2774,6,3,2013,4,23,51,0,4,3,SR-307 WINOLA RD,,5,41.48474444,-75.79630278,0,34,0,0,1,1,0,6,2,1,0,1,0,0000000,23,51,0,3,0,26,0,0,0,1,0
42,420351,1,1,0,1,1,1,1,3,2940,1,5,2013,4,8,9,0,16,4,CR-GREENSBURG PIKE,CARL AVE,0,40.42303611,-79.84329167,0,8,0,0,2,3,0,1,1,1,0,1,1,0000000,99,99,99,99,99,99,0,0,0,1,0
42,420352,1,1,0,0,0,1,1,129,0,17,5,2013,6,23,54,0,16,6,BROADWAY AVE,,0,40.27075278,-79.55272222,0,35,0,0,1,1,0,5,2,1,0,1,0,0000000,99,99,99,99,99,99,0,0,0,1,1
42,420353,1,1,0,0,0,1,1,3,6600,19,5,2013,1,1,44,1,12,3,SR-28 EAST OHIO ST,,14,40.46329167,-79.98098611,0,26,0,0,1,1,1,1,2,1,0,1,0,0000000,88,88,88,88,88,88,0,0,0,1,0
42,420354,2,2,0,0,0,2,2,125,0,14,5,2013,3,10,25,0,14,3,SR-18 HENDERSON RD,,204,40.21836111,-80.28578611,0,12,2,0,1,1,0,1,1,1,0,1,0,0000000,99,99,99,99,88,88,0,0,0,1,0
42,420355,2,2,0,0,0,2,2,77,110,27,5,2013,2,21,1,0,14,3,SR-1007 NORTH DAUPHIN ST,AMERICAN PKWY,3,40.62337222,-75.45736111,0,12,6,0,2,2,0,1,2,1,0,1,0,0000000,99,99,99,99,99,99,0,0,0,1,1
42,420356,2,2,0,0,0,3,3,71,0,12,5,2013,1,16,29,0,14,3,SR-441 WATER ST,CHARLESTOWN RD,5,39.99801389,-76.47310833,0,12,6,0,2,3,0,1,1,1,0,1,0,0000000,16,31,16,38,17,1,0,0,0,1,0
42,420357,2,2,0,0,0,3,3,77,0,17,5,2013,6,14,53,0,15,3,SR-4014 PARK AVE,OAKWOOD LN,65,40.69569444,-75.61423889,0,12,6,0,2,2,0,1,1,1,0,1,0,0000000,99,99,99,99,99,99,0,0,0,1,0
42,420358,2,2,0,0,0,4,4,107,0,16,5,2013,5,8,36,1,13,3,SR-61 CENTER AVE,MANHEIM RD,106,40.64088889,-76.15845278,0,12,6,0,2,2,0,1,1,1,0,1,0,0000000,99,99,99,99,99,99,0,0,0,1,0
42,420359,1,1,0,0,0,2,2,43,0,19,5,2013,1,1,20,1,1,1,I-81 AMERICAN LEGION MEM HWY,,807,40.38128333,-76.65813611,0,24,0,0,1,1,0,2,2,2,0,2,0,0000000,99,99,99,99,99,99,0,0,0,2,0
42,420360,2,2,0,0,0,2,2,43,0,3,2,2013,1,1,20,1,11,1,I-0081 AMERICAN LEGION MEM HW,SR-8009 RAMP B RD,726,40.32679167,-76.78722222,0,12,6,1,98,1,0,1,2,1,0,1,0,0000000,1,23,1,25,88,88,0,0,0,1,0
42,420361,1,1,0,0,0,1,1,39,0,17,5,2013,6,23,35,0,6,5,HINKSON RD,,0,41.60344167,-80.03535833,0,1,0,0,1,1,0,1,2,1,0,1,0,0000000,23,43,23,58,88,88,4,0,0,1,1
42,420362,1,1,0,0,0,1,1,95,0,21,5,2013,3,19,8,0,15,3,SR-1005 SULLIVAN TRAIL RD,,4,40.77256667,-75.27522778,0,42,0,0,1,1,0,5,1,1,0,1,0,0000000,99,99,99,99,99,99,0,0,0,1,0
42,420363,2,1,1,0,1,1,2,101,6540,2,5,2013,5,15,29,0,16,6,KEMBLE AVE,,0,40.04424444,-75.15474722,0,14,0,0,1,1,0,2,1,1,0,1,0,0000000,15,29,15,38,15,57,0,0,0,1,0
42,420364,2,2,0,0,0,5,5,101,6540,12,5,2013,1,19,8,1,13,3,SR-2008 GIRARD AVE,COLUMBIA AVE,33,39.97014167,-75.13043889,0,12,6,0,2,2,0,1,1,1,0,1,0,0000000,19,8,19,12,19,36,0,0,0,1,1
42,420365,1,1,0,1,1,1,1,27,0,12,2,2013,3,4,0,1,11,1,I-99 THOMAS D LARSON MEM HW,,723,40.82024167,-77.88006389,0,8,0,0,1,1,0,1,2,1,0,1,0,0000000,4,14,4,25,88,88,0,0,0,1,0
42,420366,2,2,0,0,0,5,5,101,6540,17,5,2013,6,20,20,1,13,2,US-1 ROOSEVELT BLVD,FIFTH ST,6,40.02352222,-75.13335278,0,12,6,0,2,2,0,1,3,1,0,1,0,0000000,20,23,20,24,20,35,0,0,0,1,0
42,420367,2,2,0,2,2,2,2,101,6540,1,5,2013,4,16,32,1,13,3,SR-2006 SPRING GARDEN ST,EIGHTEENTH ST,8,39.96320278,-75.167825,0,12,6,0,2,2,0,1,1,1,0,1,0,0000000,16,32,16,34,16,58,22,0,0,1,0
42,420368,1,1,0,0,0,2,2,39,0,30,5,2013,5,20,5,0,4,3,SR-1039 SHREVE RIDGE RD,,46,41.82479167,-79.85516389,0,35,0,0,1,1,0,4,1,1,0,1,0,0000000,20,5,20,30,99,99,4,0,0,1,0
42,420369,1,1,0,0,0,1,1,101,6540,17,5,2013,6,14,20,1,13,3,SR-3 CHESTNUT ST,,8,39.95968333,-75.23490278,0,31,0,0,1,1,0,4,1,1,0,1,0,0000000,14,15,14,17,14,34,0,0,0,1,0
42,420370,3,3,0,0,0,5,5,13,0,9,5,2013,5,16,57,0,3,3,SR-36 WOODBURY PIKE,SR-2004 CROSS COVE RD,16,40.29571389,-78.38206667,0,12,6,0,2,2,0,1,1,1,0,1,0,0000000,16,57,17,2,17,47,0,0,0,1,0
42,420371,1,1,0,0,0,1,1,7,0,5,5,2013,1,0,54,0,14,3,SR-65 MERCER RD,,94,40.80770833,-80.28869167,0,30,0,0,1,1,0,4,3,1,0,1,0,0000000,0,58,1,4,88,88,0,0,0,1,1
42,420372,1,1,0,0,0,1,1,125,0,25,5,2013,7,20,0,0,5,3,SR-2053 WEAVER SCHOOL RD,,10,40.05382778,-80.07630833,0,34,0,0,1,1,0,5,5,1,0,1,0,0000000,99,99,99,99,88,88,0,0,0,1,0
42,420373,1,1,0,1,1,1,1,77,110,21,5,2013,3,20,47,1,13,3,SR-1003 AIRPORT RD,CONGRESS ST,2,40.627475,-75.44243056,0,8,0,0,3,2,0,1,3,1,0,1,0,0000000,99,99,99,99,88,88,0,0,0,1,0
42,420374,1,1,0,0,0,1,1,101,6540,18,5,2013,7,9,24,0,14,3,SR-3021 ELMWOOD AVE,,15,39.92795,-75.22214722,0,43,0,0,1,1,0,5,1,1,0,1,0,0000000,9,23,9,29,10,1,0,0,0,1,0
42,420375,3,3,0,0,0,7,7,7,0,17,5,2013,6,16,30,1,2,3,SR-3006 CROSSINGVILLE RD,,130,41.87998333,-80.25059167,0,12,8,0,1,1,0,1,1,1,0,1,0,0000000,16,29,16,45,17,12,0,0,0,1,0
42,420376,4,4,0,0,0,5,5,41,0,10,5,2013,6,16,10,1,11,1,I-81 AMERICAN LEGION MEM HWY,,571,40.27058333,-77.039775,0,12,1,0,1,1,0,1,1,1,0,1,0,0000000,16,7,16,13,17,15,0,0,0,2,0
42,420377,1,1,0,1,1,1,1,49,2640,2,5,2013,5,14,41,1,13,3,SR-4034 BAYFRONT PKWY,SIXTH ST,41,42.13616111,-80.06700556,0,9,0,0,2,2,0,1,1,1,0,1,0,0000000,14,30,14,42,14,55,0,0,0,1,0
42,420378,3,3,0,0,0,6,6,101,6540,13,5,2013,2,22,41,1,13,3,SR-6001 ROOSEVELT BVLD,FIFTH ST,5,40.02414444,-75.13320833,0,12,6,0,2,2,0,1,3,1,0,1,0,0000000,22,40,22,42,23,0,0,0,0,1,0
42,420379,4,4,0,0,0,6,6,49,0,4,5,2013,7,23,20,1,2,2,US-6 GRAND ARMY OF THE REP HWY,,155,41.91906389,-79.78404722,0,12,2,0,1,1,0,1,2,1,0,1,0,0000000,23,24,23,29,88,88,14,0,0,1,0
42,420380,1,1,0,0,0,1,1,39,0,26,5,2013,1,4,43,0,3,3,SR-285,,25,41.60511667,-80.47104722,0,32,0,0,1,1,0,4,2,1,0,1,0,0000000,99,99,99,99,88,88,0,0,0,1,1
42,420381,1,1,0,0,0,2,2,123,0,24,5,2013,6,13,15,1,2,2,US-6 GRAND ARMY OF THE REP HWY,,449,41.72612778,-78.96810833,0,17,0,0,1,1,0,5,1,1,0,1,0,0000000,13,40,13,55,14,22,0,0,0,1,0
42,420382,2,2,0,0,0,2,2,129,4290,17,5,2013,6,14,31,0,16,6,LIGONIER ST,,0,40.30390833,-79.37354444,0,12,1,0,1,1,0,1,1,1,0,1,0,0000000,99,99,99,99,99,99,0,0,0,1,0
42,420383,1,1,0,1,1,1,1,17,0,17,5,2013,6,22,1,1,13,3,SR-132 STREET RD,VALLEY RD,8,40.222,-75.12661389,0,8,0,0,3,2,0,1,3,1,0,1,0,0000000,22,3,22,8,88,88,0,0,0,1,0
42,420384,1,1,0,1,1,2,2,91,0,8,5,2013,4,17,38,0,6,5,SWEDE RD,,0,40.13767222,-75.32948889,0,35,0,0,1,1,0,4,1,1,0,1,0,0000000,17,37,17,42,17,58,0,0,0,1,0
42,420385,1,1,0,1,1,1,1,77,110,9,5,2013,5,15,47,0,16,6,UNION ST,SIXTEENTH ST,0,40.59458056,-75.48886667,0,9,0,0,2,2,0,1,1,1,0,1,0,0000000,99,99,99,99,99,99,16,4,22,1,0
42,420386,2,1,1,0,0,1,1,13,0,12,5,2013,1,3,12,0,15,2,US-220B,,6,40.65085556,-78.26884167,0,14,0,0,1,1,0,5,2,1,0,1,0,0000000,3,9,3,15,3,44,0,0,0,1,1
42,420387,1,1,0,0,0,1,1,45,0,16,5,2013,5,19,38,0,15,3,SR-1042 EAGLE RD,,11,40.05313333,-75.37146111,0,32,0,0,1,1,0,4,1,1,0,1,0,0000000,99,99,99,99,88,88,0,0,0,1,0
42,420388,1,1,0,0,0,2,2,131,0,22,5,2013,4,21,32,0,3,3,SR-92,,123,41.52721667,-75.93491111,0,42,0,0,1,1,0,5,2,2,0,2,0,0000000,21,30,21,41,22,29,0,0,0,1,0
42,420389,1,1,0,0,0,1,1,37,0,14,5,2013,3,3,4,1,13,2,US-11 NEW BERWICK HWY,,116,41.03479167,-76.33244722,0,42,0,0,1,1,0,5,2,1,0,1,0,0000000,3,8,3,21,88,88,0,0,0,1,1
42,420390,2,2,0,0,0,5,5,71,0,15,5,2013,4,13,16,0,15,3,SR-324 MARTICVILLE RD,SPRECHER RD,90,39.97166111,-76.30521389,0,12,6,0,2,2,0,1,1,2,0,2,0,0000000,13,21,13,31,14,12,0,0,0,1,0
42,420391,2,2,0,0,0,2,2,45,0,3,5,2013,6,3,42,1,11,1,I-476 MID COUNTY EXPY,,80,39.97033611,-75.33718611,0,12,2,0,1,1,0,1,2,1,0,1,0,0000000,99,99,99,99,88,88,0,0,0,2,1
42,420392,2,1,1,0,0,1,1,133,0,4,5,2013,7,7,1,1,2,2,US-30 LINCOLN HWY,,51,39.92098333,-76.896475,0,19,0,0,1,1,0,5,1,1,0,1,0,0000000,7,0,7,12,88,88,14,0,0,1,0
42,420393,2,2,0,0,0,2,2,43,1910,23,6,2013,1,5,5,1,12,2,US-22 WILLIAM PENN HWY,,85,40.36373889,-76.927875,0,12,2,0,1,1,0,1,2,1,0,1,0,0000000,99,99,99,99,99,99,0,0,0,1,1
42,420394,2,2,0,0,0,6,6,133,0,5,6,2013,4,17,19,0,15,3,SR-124 EAST PROSPECT RD,SR-2001 FREYSVILLE RD,53,39.96067778,-76.61128889,0,12,6,0,2,2,0,1,1,1,0,1,0,0000000,17,23,99,99,99,99,0,0,0,1,0
42,420395,2,2,0,0,0,3,3,29,0,4,6,2013,3,6,35,1,13,2,US-030B BUSINESS 30/LINCOL HWY,,73,39.9892,-75.78681667,0,12,1,0,1,1,0,1,1,1,0,1,0,0000000,6,36,6,42,6,59,0,0,0,1,0
42,420396,1,1,0,0,0,1,1,125,0,21,6,2013,6,18,5,0,15,3,SR-3011 MCKEE RD,,30,40.16964722,-80.31246667,0,35,0,0,1,1,0,4,1,1,0,1,0,0000000,99,99,99,99,99,99,0,0,0,1,0
42,420397,2,2,0,0,0,2,2,75,0,8,6,2013,7,23,11,0,6,5,WOODS LN,,0,40.37154722,-76.62566389,0,12,1,0,8,1,0,1,2,1,0,1,0,0000000,99,99,99,99,88,88,4,0,0,1,2
42,420398,2,2,0,0,0,3,3,75,0,22,6,2013,7,17,56,0,3,2,US-22 ALLENTOWN BLVD,,49,40.40711667,-76.55851944,0,12,6,0,8,1,0,1,1,1,0,1,0,0000000,17,56,18,4,18,52,0,0,0,1,0
42,420399,3,3,0,0,0,3,3,61,0,22,5,2013,4,7,15,0,3,3,SR-26 MCALVEYS FORT RD,,442,40.70811111,-77.90212222,0,12,1,0,1,1,0,1,1,1,0,1,0,0000000,7,17,7,33,99,99,0,0,0,1,0
42,420400,2,2,0,0,0,4,4,33,0,24,6,2013,2,12,45,0,3,2,US-322 TWENTY EIGHTH DIVIS HWY,,79,41.07061389,-78.62895833,0,12,2,0,1,1,0,1,1,1,0,1,0,0000000,12,46,12,57,13,50,0,0,0,2,0
42,420401,1,1,0,0,0,1,1,127,0,29,6,2013,7,3,15,0,5,3,SR-2003 LONG RIDGE RD,,15,41.50543056,-75.17809722,0,35,0,0,1,1,0,4,2,1,0,1,0,0000000,3,17,3,27,88,88,0,0,0,1,0
42,420402,3,3,0,0,0,7,7,49,0,26,6,2013,4,22,2,0,14,3,SR-4018 LAKE RD,SIXTH ST,24,42.10336667,-80.15525556,0,12,6,0,2,4,0,1,3,1,0,1,0,0000000,22,6,22,11,22,28,0,0,0,1,1
42,420403,2,2,0,0,0,4,4,1,0,29,6,2013,7,16,20,1,2,2,US-30 CHAMBERSBURG RD,SR-3011 CASHTOWN RD,62,39.89375833,-77.35553611,0,12,6,0,2,2,0,1,1,1,0,1,0,0000000,99,99,99,99,99,99,0,0,0,1,0
42,420404,2,2,0,0,0,4,4,91,0,5,6,2013,4,20,57,1,13,2,US-30 LANCASTER AVE,SR-3044 WYNNEWOOD RD,30,40.00119444,-75.27621667,0,12,6,0,2,2,0,1,5,1,0,1,0,0000000,99,99,99,99,99,99,0,0,0,1,0
42,420405,1,1,0,0,0,1,1,35,0,22,6,2013,7,15,28,0,6,5,KEATING MOUNTAIN RD,,0,41.25631667,-77.900825,0,24,0,0,1,1,0,4,1,1,0,1,0,0000000,15,25,15,41,16,18,4,0,0,1,0
42,420406,1,1,0,0,0,1,1,31,0,5,6,2013,4,18,26,0,3,3,SR-68,,189,41.14193611,-79.40898056,0,18,0,0,1,1,0,4,1,1,0,1,0,0000000,18,26,18,33,18,59,0,0,0,1,1
42,420407,3,3,0,0,0,3,3,49,0,24,6,2013,2,14,43,0,14,3,SR-955 IROQUOIS AVE,PARKSIDE DR,18,42.15735,-79.9895,0,12,7,0,3,3,0,1,1,1,0,1,0,0000000,14,43,15,0,15,31,0,0,0,1,0
42,420408,2,2,0,0,0,2,2,91,3530,2,6,2013,1,1,15,1,13,3,SR-263 OLD YORK RD,MONUMENT AVE,26,40.18011111,-75.105425,0,12,1,0,2,4,0,1,3,1,0,1,0,0000000,1,15,1,18,1,30,0,0,0,1,0
42,420409,1,1,0,0,0,1,1,115,0,15,6,2013,7,21,24,0,6,3,SR-3004,,162,41.69810556,-75.84863333,0,11,0,0,1,1,0,1,2,1,0,1,0,0000000,99,99,99,99,99,99,0,0,0,1,1
42,420410,1,1,0,0,0,1,1,125,0,27,6,2013,5,18,5,1,11,1,I-79,,451,40.26562222,-80.16327222,0,35,0,1,19,1,0,4,1,1,0,1,0,0000000,99,99,99,99,88,88,0,0,0,1,0
42,420411,1,1,0,0,0,1,1,99,0,2,6,2013,1,2,28,0,3,3,SR-34 MAIN ST,,129,40.42284167,-77.17943333,0,1,0,0,1,1,0,1,2,1,0,1,0,0000000,99,99,99,99,88,88,0,0,0,1,1
42,420412,2,2,0,0,0,2,2,75,0,16,5,2013,5,20,44,0,5,3,SR-241 MOUNT WILSON RD,,65,40.27010556,-76.48593611,0,12,1,0,1,1,0,1,5,1,0,1,0,0000000,20,45,20,52,22,19,0,0,0,1,2
42,420413,1,1,0,0,0,1,1,131,0,20,5,2013,2,5,40,0,5,3,SR-4008 MESHOPPEN CRK RD,,52,41.62401389,-75.94651944,0,42,0,0,1,1,0,4,1,1,0,1,0,0000000,6,0,6,15,6,36,0,0,0,1,0
42,420414,1,1,0,1,1,1,1,133,0,9,6,2013,1,8,45,1,12,3,SR-8002 RAMP RD,,12,39.93536944,-76.80057222,0,8,0,1,20,1,0,1,1,1,0,1,0,0000000,8,45,8,54,9,9,19,0,0,1,1
42,420415,2,2,0,0,0,3,3,21,0,10,5,2013,6,16,29,0,12,3,SR-8005 RAMP K RD,,4,40.29388056,-78.84160278,0,34,0,1,5,1,0,4,1,1,0,1,0,0000000,16,34,16,37,17,2,0,0,0,1,0
42,420416,1,1,0,0,0,1,1,101,6540,12,6,2013,4,11,10,0,16,6,ALBION ST,,0,40.05358056,-75.03220556,0,42,0,0,1,1,0,5,1,1,0,1,0,0000000,11,14,11,21,11,54,0,0,0,1,0
42,420417,4,2,2,2,2,2,2,45,1270,17,6,2013,2,15,56,0,13,2,US-13 NINTH ST,SR-3006 NINTH ST,30,39.83591944,-75.39504167,0,12,6,0,2,2,0,1,1,1,0,1,0,0000000,99,99,99,99,99,99,0,0,0,1,1
42,420418,1,1,0,0,0,1,1,69,8424,3,6,2013,2,19,35,0,5,3,SR-2016 BEAR LAKE RD,,20,41.21458611,-75.61528056,0,24,0,0,1,1,0,2,1,1,0,1,0,0000000,19,31,19,40,88,88,0,0,0,1,0
42,420419,2,2,0,0,0,3,3,75,0,9,6,2013,1,3,35,1,1,1,I-81 AMERICAN LEGION HWY,,940,40.49545278,-76.51755833,0,12,6,0,1,1,0,1,2,1,0,1,0,0000000,88,88,88,88,88,88,19,0,0,1,1
42,420420,1,1,0,0,0,2,2,129,0,9,6,2013,1,2,0,1,13,2,US-30 LINCOLN HWY,,269,40.29156667,-79.33196944,0,35,0,0,1,1,0,5,2,1,0,1,0,0000000,99,99,99,99,99,99,0,0,0,1,1
42,420421,1,1,0,1,1,1,1,3,0,11,6,2013,3,9,48,0,6,3,SR-1033 HOWES RUN RD,,22,40.6671,-79.76272778,0,8,0,0,1,1,0,1,1,1,0,1,0,0000000,99,99,99,99,88,88,0,0,0,1,0
42,420422,2,2,0,0,0,2,2,101,6540,9,4,2013,3,15,0,0,14,3,SR-1001 VERREE RD,,45,40.07883056,-75.06983611,0,12,2,0,1,1,0,1,1,1,0,1,0,0000000,15,3,15,7,15,42,0,0,0,1,0
42,420423,1,1,0,0,0,1,1,133,0,30,6,2013,1,1,58,0,14,3,SR-462 MARKET ST,,11,39.94753333,-76.78103333,0,33,0,0,1,1,0,5,3,1,0,1,0,501563L,88,88,88,88,88,88,20,0,0,1,1
42,420424,1,1,0,0,0,2,2,3,6600,9,6,2013,1,21,59,1,13,3,SR-3069 LIBERTY AVE,,23,40.39911667,-80.02503611,0,30,0,0,1,1,0,5,3,1,0,1,0,0000000,21,57,22,5,22,23,0,0,0,1,1
42,420425,4,4,0,0,0,4,4,91,0,29,6,2013,7,15,32,1,12,2,US-422 POTTSTOWN BYP,,17,40.23202222,-75.62331944,0,12,7,0,1,1,1,1,1,1,0,1,0,0000000,15,32,15,39,15,50,14,0,0,1,0
42,420426,1,1,0,0,0,1,1,9,2680,30,6,2013,1,17,55,0,4,3,SR-26 NORTH SPRING ST,,243,40.01799167,-78.37445278,0,30,0,0,1,1,0,4,1,1,0,1,0,0000000,88,88,88,88,88,88,0,0,0,1,1
42,420427,1,1,0,0,0,3,3,51,0,30,6,2013,1,18,40,0,4,3,SR-281 MAE WEST RD,,63,39.79995278,-79.40501111,0,1,0,0,1,1,0,1,1,1,0,1,0,0000000,18,48,19,1,20,18,0,0,0,1,0
42,420428,2,2,0,0,0,2,2,81,0,23,5,2013,5,12,40,0,15,3,SR-2045 FAIRFIELD RD,SR-2026 BRUSHY RIDGE RD,7,41.25518056,-76.89668333,0,12,2,0,3,2,0,1,1,2,0,2,0,0000000,12,45,13,1,13,50,0,0,0,1,0
42,420429,1,1,0,0,0,1,1,95,0,1,5,2013,4,0,49,0,14,3,SR-611 S DELAWARE DR,,133,40.76016389,-75.18341667,0,42,0,0,1,1,0,5,2,1,0,1,0,0000000,99,99,99,99,88,88,0,0,0,1,1
42,420430,2,2,0,0,0,3,3,39,0,22,6,2013,7,18,17,0,3,3,SR-8 SPRING ST,,179,41.83411944,-79.81822222,0,12,6,0,8,1,0,1,1,1,0,1,0,0000000,18,21,18,30,19,16,0,0,0,1,0
42,420431,3,3,0,0,0,4,4,43,0,16,6,2013,1,9,0,1,11,1,I-76 EAST/WEST TPKE,,2468,40.21187778,-76.79805556,0,12,2,0,1,1,1,1,1,1,0,1,0,0000000,99,99,99,99,99,99,0,0,0,1,1
42,420432,1,1,0,0,0,1,1,11,0,25,6,2013,3,22,28,1,12,2,US-222 PARK RD EXT,,109,40.36341111,-75.98919722,0,24,0,0,1,1,0,2,3,1,0,1,0,0000000,99,99,99,99,88,88,0,0,0,1,1
42,420433,1,1,0,0,0,1,1,105,0,29,6,2013,7,22,45,0,6,5,RAPLEY RD,,0,41.87799167,-77.86421944,0,59,0,0,1,1,0,4,2,1,0,1,0,0000000,99,99,99,99,88,88,4,0,0,1,1
42,420434,1,1,0,1,1,1,1,71,0,4,6,2013,3,22,18,1,2,3,SR-300 283RD FIELD ARTILLE HWY,,88,40.12787778,-76.47560833,0,8,0,0,1,1,0,1,2,1,0,1,0,0000000,22,27,22,45,88,88,0,0,0,1,0
42,420435,1,1,0,0,0,1,1,101,6540,5,6,2013,4,21,4,0,16,6,FORT MIFFLIN RD,,0,39.883425,-75.21258333,0,24,0,0,1,1,0,2,3,1,0,1,0,0000000,20,57,21,5,88,88,0,0,0,1,1
42,420436,1,1,0,0,0,4,4,15,0,30,6,2013,1,1,50,0,5,3,SR-3002 OVERTON RD,,40,41.59448333,-76.45230278,0,24,0,0,1,1,0,2,2,1,0,1,0,0000000,99,99,99,99,99,99,0,0,0,1,1
42,420437,2,2,0,0,0,3,3,109,0,8,6,2013,7,14,47,1,13,2,US-11,,181,40.86063889,-76.80711944,0,35,0,0,1,1,0,4,1,1,0,1,0,0000000,14,49,14,50,88,88,0,0,0,1,1
42,420438,1,1,0,0,0,1,1,115,0,28,6,2013,6,6,10,0,15,3,SR-1018,,43,41.89915278,-75.73351944,0,42,0,0,1,1,0,4,1,1,0,1,0,0000000,99,99,99,99,88,88,0,0,0,1,1
42,420439,4,4,0,0,0,4,4,121,0,27,6,2013,5,18,27,1,1,1,I-80 Z H CONFAIR HWY,,407,41.17891944,-79.76328333,0,12,1,0,1,1,1,1,1,2,0,2,0,0000000,99,99,99,99,88,88,26,0,0,1,0
42,420440,2,2,0,0,0,2,2,3,5413,30,6,2013,1,8,58,0,16,6,HOCHBERG DR,,0,40.448675,-79.73100556,0,12,2,0,1,1,0,1,1,1,0,1,0,0000000,99,99,99,99,99,99,0,0,0,1,0
42,420441,2,2,0,0,0,3,3,19,9670,10,6,2013,2,13,41,0,14,3,SR-68 BEAVER ST,,1,40.78241667,-80.152475,0,12,8,0,1,1,0,1,1,2,0,2,0,0000000,99,99,99,99,99,99,0,0,0,1,0
42,420442,4,4,0,0,0,4,4,51,0,18,6,2013,3,15,39,1,13,2,US-119 MEMORIAL BLVD,MOYER RD,317,40.06783889,-79.56460278,0,12,6,0,2,4,0,1,1,1,0,1,0,0000000,99,99,99,99,99,99,0,0,0,1,1
42,420443,1,1,0,0,0,1,1,31,0,7,6,2013,6,13,18,0,3,3,SR-66 PAINT BLVD,,176,41.25065,-79.41483889,0,42,0,0,1,1,0,5,1,1,0,1,0,0000000,99,99,99,99,88,88,0,0,0,1,1
42,420444,1,1,0,0,0,1,1,17,0,7,6,2013,6,5,49,0,14,3,SR-2015 BENSALEM BLVD,,21,40.11881111,-74.90673889,0,42,0,0,1,1,0,5,4,2,0,2,0,0000000,5,49,5,52,6,20,0,0,0,1,0
42,420445,1,1,0,0,0,3,3,133,0,1,6,2013,7,0,13,0,6,5,PINCHTOWN RD,,0,39.96968611,-76.90254722,0,7,0,0,1,1,0,1,2,1,0,1,0,0000000,0,13,0,23,0,54,0,0,0,1,1
42,420446,1,1,0,0,0,1,1,51,0,10,6,2013,2,13,20,0,6,3,SR-2008 OLD MILL RD,,6,39.8426,-79.60036111,0,11,0,0,1,1,0,1,1,1,0,1,0,0000000,88,88,88,88,88,88,0,0,0,1,0
42,420447,1,1,0,1,1,2,2,69,6230,15,6,2013,7,2,56,0,16,6,ROBERTS RD,,0,41.38140556,-75.74496667,0,8,0,0,1,1,0,1,3,1,0,1,0,0000000,2,58,3,4,3,30,0,0,0,1,0