STATE,ST_CASE,VE_TOTAL,VE_FORMS,PVH_INVL,PEDS,PERNOTMVIT,PERMVIT,PERSONS,COUNTY,CITY,DAY,MONTH,YEAR,DAY_WEEK,HOUR,MINUTE,NHS,ROAD_FNC,ROUTE,TWAY_ID,TWAY_ID2,MILEPT,LATITUDE,LONGITUD,SP_JUR,HARM_EV,MAN_COLL,RELJCT1,RELJCT2,TYP_INT,WRK_ZONE,REL_ROAD,LGT_COND,WEATHER1,WEATHER2,WEATHER,SCH_BUS,RAIL,NOT_HOUR,NOT_MIN,ARR_HOUR,ARR_MIN,HOSP_HR,HOSP_MN,CF1,CF2,CF3,FATALS,DRUNK_DR
42,420448,1,1,0,0,0,1,1,49,0,30,6,2013,1,11,55,0,14,2,US-20 MAIN ST,,403,42.21085,-79.84838611,0,1,0,0,8,1,0,1,1,1,0,1,0,0000000,99,99,99,99,99,99,0,0,0,1,0
42,420449,2,2,0,0,0,3,3,71,0,1,6,2013,7,18,32,1,2,2,US-222 ROBERT FULTON HWY,,19,39.74838889,-76.16342778,0,12,2,0,1,1,0,1,1,1,0,1,0,0000000,18,42,99,97,99,97,0,0,0,1,0
42,420450,1,1,0,0,0,2,2,71,0,7,6,2013,6,0,27,1,13,3,SR-272 WILLOW STREET PIKE,,192,39.94341389,-76.25932222,0,52,0,0,1,1,0,2,2,2,0,2,0,0000000,0,30,0,40,1,10,0,0,0,2,1
42,420451,2,2,0,0,0,2,2,97,0,12,6,2013,4,11,29,1,13,3,SR-147,,263,40.89604444,-76.81272222,0,12,2,0,1,1,0,1,1,1,0,1,0,0000000,11,30,11,31,12,7,0,0,0,1,0
42,420452,2,2,0,0,0,2,2,133,0,18,6,2013,3,12,51,0,6,5,SALEM CHURCH RD,,0,39.94298611,-76.82857778,0,12,2,0,1,1,0,1,1,1,0,1,0,0000000,88,88,88,88,88,88,0,0,0,1,2
42,420453,2,2,0,0,0,2,2,43,0,20,6,2013,5,12,16,0,3,3,SR-230 HARRISBURG PIKE,,145,40.18190278,-76.67099167,0,1,0,0,8,1,0,1,1,1,0,1,0,0000000,12,20,12,34,13,5,0,0,0,1,0
42,420454,1,1,0,0,0,1,1,31,0,6,6,2013,5,21,21,0,3,3,SR-66,,115,41.15936389,-79.33146389,0,35,0,0,1,1,0,5,2,2,0,2,0,0000000,21,38,21,46,88,88,0,0,0,1,1
42,420455,6,1,5,0,0,1,1,71,0,14,5,2013,3,2,0,0,6,5,AUCTION RD,,0,40.14006667,-76.38807222,0,14,0,0,1,1,0,5,2,1,0,1,0,0000000,2,12,2,19,3,27,14,0,0,1,1
42,420456,1,1,0,1,1,3,3,1,0,15,6,2013,7,12,16,0,4,3,SR-3011 CARROLL'S TRACT RD,COLD SPRINGS RD,16,39.81421111,-77.36713889,0,9,0,0,2,2,0,1,1,1,0,1,0,0000000,99,99,99,99,99,99,0,0,0,1,0
42,420457,1,1,0,0,0,2,2,43,0,5,6,2013,4,23,30,0,6,5,STAUFFERS CHURCH RD,,0,40.26215833,-76.59715,0,35,0,0,1,1,0,5,2,1,0,1,0,0000000,99,99,99,99,99,99,20,0,0,1,1
42,420458,1,1,0,0,0,4,4,79,0,22,6,2013,7,23,13,0,6,4,CR-OLD AIRPORT RD,,0,41.03728056,-76.01952778,0,34,0,0,1,1,0,4,2,1,0,1,0,0000000,23,12,23,26,0,14,0,0,0,1,1
42,420459,1,1,0,0,0,1,1,29,0,6,6,2013,5,0,44,0,6,5,BORO LINE RD,,0,39.95283889,-75.91071111,0,59,0,0,1,1,0,4,2,1,0,1,0,0000000,0,45,0,58,88,88,4,0,0,1,1
42,420460,1,1,0,0,0,1,1,29,0,3,6,2013,2,5,30,0,16,3,SR-1020 WORTHINGTON RD,,2,40.05857222,-75.620075,0,42,0,0,1,1,0,4,4,2,0,2,0,0000000,5,28,5,36,5,58,0,0,0,1,0
42,420461,1,1,0,0,0,1,1,39,0,8,6,2013,7,16,4,1,1,1,I-79 RAYMOND P SHAFER HWY,,1599,41.79665556,-80.17496389,0,18,0,0,1,1,0,3,1,1,0,1,0,0000000,16,5,16,20,88,88,0,0,0,1,0
42,420462,2,2,0,0,0,2,2,121,8217,5,6,2013,4,16,32,1,13,2,US-322 TWENTYEIGHTH DIVISI HWY,,102,41.40756389,-79.85509167,0,12,2,0,1,1,0,1,1,1,0,1,0,0000000,99,99,99,99,88,88,0,0,0,1,0
42,420463,2,2,0,0,0,2,2,101,6540,25,6,2013,3,0,18,0,14,3,SR-4009 ROBERTS AVE,PULASKI AVE,12,40.02039167,-75.16278056,0,1,0,0,2,3,0,1,3,1,0,1,0,0000000,0,19,0,24,88,88,0,0,0,1,0
42,420464,4,4,0,0,0,8,8,41,0,7,6,2013,6,9,30,1,1,1,I-81 AMERICAN LEGION MEM HWY,,350,40.111425,-77.37807778,0,12,8,0,1,1,0,1,1,2,0,2,0,0000000,99,99,99,99,99,99,14,0,0,1,0
42,420465,1,1,0,0,0,5,5,19,0,19,6,2013,4,18,1,0,3,3,SR-173 CENTERVILLE PIKE,,8,41.01989722,-80.01344167,0,42,0,0,1,1,0,4,1,1,0,1,0,0000000,18,1,18,7,19,16,0,0,0,3,0
42,420466,2,2,0,0,0,2,2,17,0,25,6,2013,3,99,99,1,13,3,SR-413,,112,40.21609444,-74.93151667,0,33,0,0,1,1,0,5,1,1,0,1,0,0000000,10,42,10,48,11,0,0,0,0,1,0
42,420467,2,2,0,0,0,5,5,101,6540,31,5,2013,6,16,0,1,13,3,SR-1009 BUSTLETON AVE,WINCHESTER AVE,57,40.07751944,-75.04392778,0,12,6,0,2,3,0,1,1,1,0,1,0,0000000,16,4,16,8,16,43,0,0,0,1,0
42,420468,1,1,0,0,0,1,1,95,0,24,6,2013,2,5,8,0,3,3,SR-611 DELAWARE AVE,,286,40.94805,-75.11484722,0,43,0,0,1,1,0,1,4,1,0,1,0,0000000,88,88,88,88,88,88,0,0,0,1,0
42,420469,2,2,0,0,0,2,2,3,6600,26,6,2013,4,18,25,0,16,6,NORTH AVE,SANDUSKY AVE,0,40.45588333,-80.0046,0,12,6,0,2,3,0,1,1,1,0,1,0,0000000,18,29,18,36,18,44,0,0,0,1,0
42,420470,1,1,0,0,0,1,1,61,0,22,6,2013,7,0,20,1,2,2,US-522 CROGHAN PIKE,,85,40.18841111,-77.87852222,0,42,0,0,1,1,0,4,2,1,0,1,0,0000000,0,26,0,34,88,88,0,0,0,1,0
42,420471,1,1,0,0,0,3,3,53,0,12,6,2013,4,19,30,0,4,3,SR-4004 GERMAN HILL RD,,33,41.500725,-79.39945556,0,42,0,0,1,1,0,4,1,1,0,1,0,0000000,19,38,20,4,20,14,4,0,0,3,0
42,420472,1,1,0,0,0,1,1,29,0,1,6,2013,7,20,16,0,6,5,WILSON MILL RD,,0,39.79376389,-75.94059722,0,35,0,0,1,1,0,5,1,1,0,1,0,0000000,20,15,20,23,88,88,0,0,0,1,1
42,420473,2,2,0,0,0,2,2,37,5310,5,6,2013,4,14,39,0,3,3,SR-42 STATE ST,,281,41.11988889,-76.52990833,0,12,2,0,1,1,0,1,1,1,0,1,0,0000000,99,99,99,99,99,99,0,0,0,1,0
42,420474,1,1,0,0,0,2,2,51,0,9,6,2013,1,4,0,0,6,5,RIDGE BLVD,,0,40.02618889,-79.61883333,0,24,0,0,1,1,0,2,2,1,0,1,0,0000000,99,99,99,99,99,99,4,0,0,1,1
42,420475,1,1,0,0,0,1,1,17,0,19,6,2013,4,16,32,1,13,2,US-13 BRISTOL PIKE,SIMONS AVE,18,40.07725833,-74.95109444,0,33,0,0,3,3,0,4,1,1,0,1,0,0000000,16,34,16,37,16,53,0,0,0,1,1
42,420476,3,1,2,0,0,3,3,71,4180,15,6,2013,7,5,3,0,14,3,SR-462 KING ST,,118,40.03691667,-76.31522778,0,14,0,0,1,1,0,7,3,1,0,1,0,0000000,5,4,5,10,5,19,0,0,0,1,1
42,420477,2,2,0,0,0,2,2,101,6540,25,6,2013,3,16,5,0,16,6,LINCOLN DR,,0,40.034725,-75.18829722,0,12,8,0,1,1,0,1,1,1,0,1,0,0000000,16,37,16,42,17,11,0,0,0,1,0
42,420478,1,1,0,0,0,1,1,101,6540,16,6,2013,1,22,16,1,13,2,US-1 ROOSEVELT BLVD,SR-1002 ADAMS AVE,21,40.029975,-75.10428889,0,33,0,0,3,2,0,4,3,1,0,1,0,0000000,22,16,22,19,22,40,0,0,0,1,1
42,420479,1,1,0,0,0,1,1,69,0,17,6,2013,2,14,30,0,15,3,SR-4034 COUNTRY CLUB RD,,16,41.47763611,-75.72120278,0,52,0,0,1,1,0,2,1,1,0,1,0,0000000,14,30,14,32,88,88,0,0,0,1,1
42,420480,1,1,0,0,0,1,1,91,0,7,6,2013,6,12,54,0,6,5,E RIDGE PIKE,,0,40.10703611,-75.31658889,0,33,0,0,1,1,0,4,1,2,0,2,0,0000000,12,54,13,2,99,99,0,0,0,1,0
42,420481,2,2,0,0,0,3,3,19,0,11,6,2013,3,10,26,0,3,2,US-19 PERRY HWY,,94,40.80336111,-80.13718611,0,12,6,0,8,1,0,1,1,2,0,2,0,0000000,99,99,99,99,99,99,0,0,0,1,0
42,420482,2,2,0,0,0,4,4,77,0,16,6,2013,1,22,43,0,14,3,SR-2004 SUSQUEHANNA ST,,12,40.59227222,-75.43708889,0,42,0,0,1,1,0,4,3,1,0,1,0,0000000,99,99,99,99,99,99,0,0,0,3,2
42,420483,2,2,0,0,0,4,4,117,0,23,6,2013,1,10,40,0,6,5,COLTON RD,,0,41.73505278,-77.43304167,0,1,0,0,1,1,0,1,1,1,0,1,0,0000000,10,50,11,3,11,40,4,0,0,1,0
42,420484,2,2,0,1,1,2,2,13,130,19,6,2013,4,17,25,1,13,3,SR-764 SEVENTH AVE,SR-36 TWENTYFOURTH ST,45,40.50177778,-78.40702778,0,12,6,0,2,7,0,1,1,1,0,1,0,0000000,17,27,17,30,99,99,0,0,0,1,0
42,420485,1,1,0,0,0,1,1,29,0,4,7,2013,5,4,20,0,4,3,SR-472 LANCASTER PIKE,,109,39.80945278,-76.02566389,0,35,0,0,1,1,0,5,2,1,0,1,0,0000000,4,27,4,36,88,88,0,0,0,1,1
42,420486,1,1,0,0,0,2,2,51,0,2,7,2013,3,15,10,0,14,3,SR-201 VANDERBILT RD,,28,40.03076944,-79.64608056,0,42,0,0,1,1,0,5,1,1,0,1,0,0000000,14,19,14,24,99,99,0,0,0,1,0
42,420487,1,1,0,0,0,1,1,133,0,2,7,2013,3,12,20,0,15,3,SR-921 ZIONS VIEW RD,,73,40.05857222,-76.74251944,0,1,0,0,1,1,0,5,1,1,0,1,0,0000000,12,23,12,28,12,56,0,0,0,1,0
42,420488,1,1,0,0,0,2,2,75,0,3,7,2013,4,16,5,0,14,3,SR-4001 SIXTEENTH ST,,0,40.33874444,-76.43959444,0,30,0,0,1,1,0,5,1,1,0,1,0,0000000,99,99,99,99,99,99,0,0,0,1,0
42,420489,1,1,0,0,0,1,1,9,0,4,7,2013,5,23,45,0,5,3,SR-2007 BIG CREEK RD,,24,39.79835278,-78.36526944,0,24,0,0,1,1,0,2,2,1,0,1,0,0000000,88,88,88,88,88,88,0,0,0,1,1
42,420490,1,1,0,0,0,2,2,91,0,20,7,2013,7,11,35,1,12,2,US-422 POTTSTOWN BYP,,34,40.24115556,-75.59614167,0,35,0,0,1,1,1,4,1,1,0,1,0,0000000,11,35,11,42,12,0,0,0,0,1,0
42,420491,1,1,0,0,0,2,2,51,0,27,7,2013,7,1,53,0,4,3,SR-1051 BUTE RD,,25,39.94936389,-79.70247778,0,24,0,0,1,1,0,2,2,1,0,1,0,0000000,99,99,99,99,99,99,0,0,0,1,1
42,420492,1,1,0,0,0,2,2,133,0,25,7,2013,5,20,53,0,6,5,PHILADELPHIA ST,,0,39.97531944,-76.68626389,0,7,0,0,1,1,0,1,2,1,0,1,0,0000000,99,99,99,99,99,99,0,0,0,1,1
42,420493,1,1,0,1,1,1,1,3,6600,12,7,2013,6,16,15,0,14,3,SR-2046 BALDWIN RD,,40,40.37928611,-79.93644722,0,9,0,0,1,1,0,1,1,2,0,2,0,0000000,16,17,16,22,99,99,0,0,0,1,0
42,420494,1,1,0,0,0,2,2,83,0,16,7,2013,3,8,20,1,2,2,US-6 GRAND ARMY OF THE REPUB H,,1272,41.66890833,-78.75117778,0,35,0,0,1,1,0,5,1,1,0,1,0,0000000,99,99,99,99,99,99,0,0,0,1,1
42,420495,2,2,0,0,0,2,2,79,0,1,7,2013,2,16,50,1,13,3,SR-924 HAZLETON SHEPTON HWY,,37,40.94108611,-76.02969444,0,12,2,0,1,1,0,1,1,2,0,2,0,0000000,16,58,17,4,17,17,0,0,0,1,0
42,420496,1,1,0,1,1,2,2,3,5465,20,7,2013,7,17,30,1,13,3,SR-51 STOOPS FERRY RD,SR-4025 SEWICKLEY,325,40.53098056,-80.19001389,0,9,0,0,2,3,0,1,1,1,0,1,0,0000000,17,30,17,34,17,54,16,0,0,1,0
42,420497,1,1,0,0,0,1,1,127,0,13,7,2013,7,22,10,0,4,3,SR-1004 MILANVILLE RD,,34,41.628825,-75.11342778,0,42,0,0,1,1,0,5,2,1,0,1,0,0000000,99,99,99,99,99,99,2,0,0,1,1
42,420498,1,1,0,1,1,1,1,107,6720,18,7,2013,5,1,16,0,14,2,US-209 RIVER RD,,243,40.68728611,-76.17757778,0,8,0,0,1,1,0,1,2,1,0,1,0,0000000,99,99,99,99,88,88,0,0,0,1,0
42,420499,1,1,0,0,0,1,1,21,0,17,7,2013,4,0,33,0,5,3,SR-1009 DUTCH RD,,33,40.58086389,-78.66189444,0,42,0,0,1,1,0,4,2,1,0,1,0,0000000,0,32,0,43,88,88,0,0,0,1,1
42,420500,1,1,0,0,0,1,1,49,0,25,7,2013,5,8,15,0,4,3,SR-1001 LOGAN RD,,2,41.96101944,-79.85564444,0,30,0,0,1,1,0,5,1,1,0,1,0,0000000,8,20,8,25,88,88,0,0,0,1,1
42,420501,2,2,0,0,0,3,3,23,0,1,7,2013,2,15,25,0,3,3,SR-120 BUCKTAIL TRAIL HWY,,159,41.45811667,-78.191675,0,12,6,0,1,1,0,2,1,2,0,2,0,0000000,15,32,15,37,99,99,0,0,0,1,0
42,420502,2,2,0,0,0,3,3,17,0,16,7,2013,3,10,29,1,13,2,US-202 LOWER YORK RD,,152,40.35927778,-74.97696667,0,12,6,0,8,1,2,1,1,1,0,1,0,0000000,10,30,10,34,88,88,0,0,0,1,1
42,420503,2,2,0,0,0,2,2,79,0,16,7,2013,3,12,19,0,6,3,SR-1020 CARPENTER RD,SR-1047 LAKE ST,22,41.36257778,-75.994575,0,12,6,0,2,2,0,1,1,1,0,1,0,0000000,12,20,12,28,88,88,0,0,0,1,0
42,420504,2,2,0,0,0,2,2,63,0,16,7,2013,3,15,20,0,4,3,SR-259 YELLOW CREEK PARK RD,,126,40.54017222,-79.05783333,0,12,2,0,1,1,0,1,1,1,0,1,0,0000000,15,23,15,29,16,0,0,0,0,1,0
42,420505,1,1,0,5,5,1,1,101,6540,16,7,2013,3,22,26,1,13,2,US-1 ROOSEVELT BLVD,,79,40.02506667,-75.12818056,0,8,0,0,1,1,0,1,3,1,0,1,0,0000000,22,23,22,29,22,57,0,0,0,4,0
42,420506,1,1,0,0,0,1,1,31,0,12,7,2013,6,14,35,0,6,5,CARNEY RD,,0,41.19688333,-79.28754167,0,35,0,0,1,1,0,4,1,1,0,1,0,0000000,14,33,14,44,88,88,4,0,0,1,1
42,420507,1,1,0,0,0,1,1,39,0,10,6,2013,2,16,0,0,3,3,SR-285,,136,41.56949444,-80.27931389,0,18,0,0,1,1,0,5,1,2,0,2,0,0000000,99,99,99,99,99,99,0,0,0,1,0
42,420508,2,2,0,0,0,3,3,45,0,11,7,2013,5,20,45,1,13,2,US-202 WILMINGTON PIKE,,14,39.858375,-75.54292778,0,12,6,0,8,1,0,1,3,1,0,1,0,0000000,99,99,99,99,88,88,0,0,0,1,1
42,420509,2,2,0,0,0,3,3,97,0,14,7,2013,1,11,20,0,3,3,SR-54 ELYSBURG RD,,135,40.884925,-76.5539,0,12,2,0,1,1,0,1,1,1,0,1,0,0000000,11,30,11,32,11,45,0,0,0,1,0
42,420510,2,2,0,0,0,2,2,75,0,12,7,2013,6,16,18,0,3,2,US-22 ALLENTOWN BLVD,SR-4013 JONESTOWN RD,15,40.39042222,-76.61811111,0,12,6,0,2,2,0,1,1,1,0,1,0,0000000,16,12,16,27,99,99,0,0,0,1,0
42,420511,2,2,0,0,0,2,2,69,0,10,7,2013,4,17,13,1,1,1,I-380,,220,41.34678611,-75.56263889,0,12,1,0,1,1,0,1,1,1,0,1,0,0000000,17,14,17,22,18,12,0,0,0,1,0
42,420512,2,2,0,0,0,2,2,69,5510,5,7,2013,6,4,53,1,1,1,I-380,,214,41.33868056,-75.55578611,0,12,6,0,1,1,0,1,2,1,0,1,0,0000000,4,53,5,3,88,88,0,0,0,1,0
42,420513,2,2,0,0,0,2,2,63,0,11,7,2013,5,19,13,1,2,2,US-22 WILLIAM PENN HWY,SR-2029 OLD FARM RD,37,40.44725278,-79.20553611,0,12,6,0,2,2,0,1,1,1,0,1,0,0000000,19,13,19,16,88,88,22,0,0,1,0
42,420514,1,1,0,0,0,1,1,43,0,19,6,2013,4,14,46,1,1,1,I-76 PENNSYLVANIA TURNPIKE RD,,2473,40.21455833,-76.79000556,0,33,0,1,5,1,0,4,1,1,0,1,0,0000000,14,48,14,57,15,20,0,0,0,1,0
42,420515,2,1,1,0,1,1,2,45,0,6,7,2013,7,3,30,1,11,1,I-95 VIETNAM VETERANS MEMOR HW,,104,39.87610833,-75.27706111,0,14,0,0,1,1,0,2,3,1,0,1,0,0000000,99,99,99,99,99,99,0,0,0,1,1
42,420516,2,2,0,0,0,5,5,101,6540,29,7,2013,2,21,18,1,13,3,SR-611 BROAD ST,PATTISON AVE,5,39.90541667,-75.17355833,0,12,6,0,2,7,0,1,3,1,0,1,0,0000000,21,18,21,23,22,8,0,0,0,2,0
42,420517,1,1,0,0,0,1,1,59,0,22,7,2013,2,2,45,0,6,5,CARMICHAELS RD,,0,39.83480278,-80.02614444,0,42,0,0,1,1,0,5,2,5,0,5,0,0000000,2,50,3,3,88,88,0,0,0,1,0
42,420518,2,2,0,0,0,2,2,3,0,22,7,2013,2,19,54,1,11,1,I-279 NORTH HILLS EXPY,,108,40.55590833,-80.085125,0,12,2,0,1,1,0,1,5,1,0,1,0,0000000,19,51,20,1,88,88,0,0,0,2,0
42,420519,2,2,0,0,0,2,2,35,0,17,7,2013,4,10,35,1,1,1,I-80 Z H CONFAIR MEMORIAL HWY,,1813,41.06095278,-77.38068056,0,12,1,0,1,1,0,1,1,1,0,1,0,0000000,10,33,10,50,88,88,0,0,0,1,0
42,420520,2,2,0,0,0,3,3,19,0,10,7,2013,4,8,23,1,13,2,US-19 PERRY HWY,SR-3018 ROWAN RD,21,40.70395556,-80.10428056,0,12,6,0,2,2,0,1,1,1,0,1,0,0000000,8,24,8,30,9,10,0,0,0,1,0
42,420521,2,2,0,0,0,3,3,49,2640,30,7,2013,3,6,50,1,13,3,SR-5 TWELFTH ST,GREENGARDEN RD,229,42.110575,-80.11621389,0,12,2,0,2,2,0,1,1,1,0,1,0,0000000,6,50,7,7,7,22,0,0,0,1,0
42,420522,1,1,0,0,0,5,5,69,0,4,7,2013,5,16,53,0,6,3,SR-347 SCOTT RD,,102,41.54433056,-75.64836944,0,1,0,0,1,1,0,1,1,1,0,1,0,0000000,16,39,16,48,17,49,0,0,0,1,0
42,420523,2,2,0,0,0,2,2,49,2640,10,7,2013,4,15,35,0,16,6,MCCLELLAND AVE,TWENTYSIXTH ST,0,42.13014444,-80.02295,0,12,6,0,2,2,0,1,1,1,0,1,0,0000000,99,99,99,99,99,99,0,0,0,1,0
42,420524,2,2,0,0,0,2,2,75,0,22,7,2013,2,18,30,1,2,2,US-322 HORSESHOE PIKE,,76,40.282875,-76.45818611,0,12,6,0,1,1,0,1,1,2,0,2,0,0000000,18,36,18,37,99,99,0,0,0,1,0
42,420525,1,1,0,1,1,1,1,101,6540,3,7,2013,4,20,18,0,16,6,S TWENTYFIRST ST,,0,39.93687778,-75.17872222,0,8,0,0,1,1,0,1,1,1,0,1,0,0000000,20,19,20,25,20,36,0,0,0,1,0
42,420526,1,1,0,1,1,1,1,101,6540,13,7,2013,7,20,33,0,16,6,FIFTH ST,,0,39.91934722,-75.15574167,0,8,0,0,1,1,0,1,2,1,0,1,0,0000000,20,33,20,35,21,3,0,0,0,1,0
42,420527,1,1,0,0,0,4,4,101,6540,15,7,2013,2,3,54,1,13,2,US-1 ROOSEVELT BLVD,,5,40.02404444,-75.13360833,0,30,0,0,1,1,0,4,3,1,0,1,0,0000000,3,45,3,52,4,29,0,0,0,1,1
42,420528,1,1,0,0,0,4,4,97,0,16,7,2013,3,0,45,0,15,3,SR-4012 SNYDERTOWN RD,,22,40.86954444,-76.74434444,0,35,0,0,1,1,0,4,2,1,0,1,0,0000000,0,49,1,3,1,46,0,0,0,1,0
42,420529,1,1,0,0,0,1,1,91,0,10,7,2013,4,3,28,0,6,5,SCHLOSSER RD,,0,40.25430278,-75.40019444,0,42,0,0,1,1,0,5,2,1,0,1,0,0000000,3,27,3,35,88,88,0,0,0,1,0
42,420530,1,1,0,0,0,1,1,17,0,15,7,2013,2,20,59,0,6,5,VERMILLION DR,,0,40.18216389,-74.82586111,0,33,0,0,1,1,0,4,3,1,0,1,0,0000000,21,0,21,4,21,30,4,0,0,1,0
42,420531,3,3,0,0,0,6,6,3,5413,18,7,2013,5,18,33,1,13,3,SR-286 GOLDEN MILE HWY,,6,40.43050556,-79.71809722,0,12,6,0,1,1,0,1,1,1,0,1,0,0000000,18,35,18,44,19,9,0,0,0,2,0
42,420532,1,1,0,0,0,1,1,41,0,23,6,2013,1,3,12,0,6,5,FURNACE HOLLOW RD,,0,40.06183611,-77.40385556,0,7,0,0,1,1,0,4,2,1,0,1,0,0000000,99,99,99,99,99,99,0,0,0,1,1
42,420533,1,1,0,0,0,8,8,3,0,12,7,2013,6,23,0,0,14,3,SR-1013 SAXONBURG BL,,115,40.64805833,-79.84626389,0,5,0,0,1,1,0,1,2,1,0,1,0,0000000,23,4,23,10,99,99,0,0,0,1,0
42,420534,1,1,0,1,1,1,1,49,5235,3,7,2013,4,2,28,1,13,2,US-19 PEACH ST,,148,42.06710278,-80.09283333,0,8,0,0,1,1,0,2,3,1,0,1,0,0000000,88,88,88,88,88,88,0,0,0,1,1
42,420535,1,1,0,1,1,1,1,49,5235,18,7,2013,5,10,4,1,3,3,SR-8 WATTSBURG RD,,253,42.092275,-80.00414722,0,8,0,0,1,1,0,2,1,1,0,1,0,0000000,10,3,10,8,10,30,0,0,0,1,0
42,420536,1,1,0,1,1,1,1,101,6540,29,7,2013,2,9,20,1,13,3,SR-2014 LEHIGH AVE,AMERICAN ST,27,39.99151111,-75.13613889,0,15,0,0,2,2,0,1,1,1,0,1,0,0000000,9,23,9,26,9,58,0,0,0,1,0
42,420537,5,1,4,1,1,2,2,79,5670,5,7,2013,6,2,13,0,16,6,W UNION ST,,0,41.19546667,-76.00947778,0,8,0,0,1,1,0,1,3,1,0,1,0,0000000,2,14,2,19,3,13,14,0,0,1,0
42,420538,1,1,0,0,0,2,2,65,0,4,7,2013,5,2,0,0,6,5,SPRAGUE RD,,0,41.06768889,-78.83761389,0,42,0,0,1,1,0,5,2,1,0,1,0,0000000,2,23,2,39,99,99,4,0,0,1,0
42,420539,1,1,0,0,0,2,2,63,0,14,7,2013,1,20,27,0,4,3,SR-217 GRANGE RD,,53,40.48339444,-79.26907222,0,11,0,0,1,1,0,1,1,1,0,1,0,0000000,20,26,20,32,21,44,0,0,0,2,0
42,420540,1,1,0,0,0,5,5,125,0,30,7,2013,3,23,30,0,4,3,SR-331 BRUSH RUN RD,,7,40.19391667,-80.51202778,0,59,0,0,1,1,0,4,2,1,0,1,0,0000000,23,48,0,21,1,32,4,0,0,1,1
42,420541,1,1,0,0,0,1,1,125,2570,7,7,2013,1,1,25,0,15,3,SR-2041 BEALLSVILLE RD,,95,40.10140833,-80.01485833,0,42,0,0,1,1,0,4,2,1,0,1,0,0000000,1,33,1,44,88,88,0,0,0,1,0
42,420542,3,3,0,0,0,3,3,51,0,28,7,2013,1,12,20,1,13,3,SR-51 PITTSBURGH RD,,32,39.94385,-79.73372778,0,12,2,0,1,1,0,1,1,1,0,1,0,0000000,12,20,12,24,12,45,0,0,0,1,0
42,420543,1,1,0,0,0,2,2,117,0,16,7,2013,3,16,30,0,4,3,SR-362,,25,41.73096667,-77.40615,0,42,0,0,1,1,0,4,1,1,0,1,0,0000000,16,31,16,33,17,5,0,0,0,1,0
42,420544,1,1,0,0,0,2,2,107,0,26,7,2013,6,21,45,0,3,3,SR-443 DETURKSVILLE RD,,141,40.59598333,-76.25679444,0,42,0,0,1,1,0,4,2,1,0,1,0,0000000,99,99,99,99,88,88,0,0,0,1,0
42,420545,3,3,0,0,0,5,5,85,0,10,7,2013,4,17,53,0,3,2,US-62 FRANKLIN RD,,192,41.26092778,-80.18594167,0,12,6,0,1,1,0,1,1,2,0,2,0,0000000,17,52,18,7,99,99,5,0,0,1,0
42,420546,1,1,0,0,0,2,2,101,6540,28,7,2013,1,22,53,1,13,3,SR-3007 EAST RIVER DR,,18,39.9711,-75.19011944,0,33,0,0,1,1,0,4,3,2,0,2,0,0000000,22,55,23,4,23,46,0,0,0,1,0
42,420547,2,1,1,1,1,2,2,71,1550,14,7,2013,1,6,11,0,16,6,SIXTH ST,,0,40.03293333,-76.49563056,0,14,0,0,1,1,0,1,1,1,0,1,0,0000000,6,12,6,23,7,0,0,0,0,3,0
42,420548,2,2,0,1,1,2,2,91,0,16,7,2013,3,1,4,1,11,1,I-76 SCHUYLKILL EXPY,,3324,40.06864444,-75.29820556,0,8,0,0,1,1,0,1,2,1,0,1,0,0000000,88,88,88,88,88,88,0,0,0,2,1
42,420549,3,3,0,0,0,3,3,77,0,26,7,2013,6,10,46,1,13,3,SR-100,,68,40.56541667,-75.61332778,0,12,6,0,1,1,0,1,1,1,0,1,0,0000000,99,99,99,99,99,99,0,0,0,1,0
42,420550,3,3,0,0,0,3,3,45,0,15,7,2013,2,14,1,1,13,2,US-1 TOWNSHIP LINE RD,ARROWHEAD LN,161,39.949,-75.32410556,0,12,6,0,2,2,0,1,1,1,0,1,0,0000000,99,99,99,99,99,99,0,0,0,1,0
42,420551,5,5,0,0,0,5,5,91,0,30,7,2013,3,23,29,1,13,3,SR-63 WELSH RD,,218,40.17114722,-75.16705556,0,12,2,0,1,1,0,1,2,1,0,1,0,0000000,23,32,23,37,0,1,0,0,0,1,3
42,420552,1,1,0,0,0,1,1,15,0,23,6,2013,1,19,45,0,6,3,SR-2015 NORTH ST,,55,41.67044444,-76.35570833,0,11,0,0,1,1,0,1,1,1,0,1,0,0000000,99,99,99,99,99,99,0,0,0,1,1
42,420553,1,1,0,0,0,1,1,129,0,3,6,2013,2,19,20,0,3,3,SR-31 WEST NEWTON RUFFSDALE RD,,20,40.19267778,-79.72173056,0,1,0,0,1,1,0,5,1,1,0,1,0,0000000,19,35,19,42,88,88,0,0,0,1,1
42,420554,1,1,0,0,0,1,1,17,0,10,7,2013,4,10,9,0,15,3,SR-2049 DURHAM RD,,24,40.14158889,-74.89119167,0,30,0,0,1,1,0,4,1,1,0,1,0,0000000,10,10,10,15,10,44,0,0,0,1,0
42,420555,3,3,0,0,0,5,5,101,6540,20,7,2013,7,2,33,1,13,3,SR-2009 ARAMINGO AVE,,29,39.99926944,-75.08574722,0,12,6,0,8,1,0,1,3,1,0,1,0,0000000,99,99,99,99,99,99,0,0,0,1,1