STATE,ST_CASE,VE_TOTAL,VE_FORMS,PVH_INVL,PEDS,PERNOTMVIT,PERMVIT,PERSONS,COUNTY,CITY,DAY,MONTH,YEAR,DAY_WEEK,HOUR,MINUTE,NHS,ROAD_FNC,ROUTE,TWAY_ID,TWAY_ID2,MILEPT,LATITUDE,LONGITUD,SP_JUR,HARM_EV,MAN_COLL,RELJCT1,RELJCT2,TYP_INT,WRK_ZONE,REL_ROAD,LGT_COND,WEATHER1,WEATHER2,WEATHER,SCH_BUS,RAIL,NOT_HOUR,NOT_MIN,ARR_HOUR,ARR_MIN,HOSP_HR,HOSP_MN,CF1,CF2,CF3,FATALS,DRUNK_DR
42,420556,1,1,0,1,1,2,2,77,0,17,7,2013,4,18,20,0,4,3,SR-4024 MOUNTAIN RD,,66,40.74119444,-75.68584722,0,8,0,0,1,1,0,1,1,1,0,1,0,0000000,99,99,99,99,88,88,0,0,0,1,0
42,420557,1,1,0,1,1,1,1,33,1290,30,7,2013,3,21,50,0,14,3,SR-53,,257,40.88592222,-78.23498889,0,8,0,0,1,1,0,1,2,1,0,1,0,0000000,99,99,99,99,88,88,0,0,0,1,0
42,420558,1,1,0,0,0,1,1,107,0,7,7,2013,1,13,40,0,3,2,US-209 GRAND AVE,,32,40.59465,-76.52247222,0,42,0,0,1,1,0,4,1,1,0,1,0,0000000,99,99,99,99,88,88,0,0,0,1,0
42,420559,1,1,0,1,1,3,3,3,0,25,7,2013,5,17,35,1,13,3,SR-400 SALTSBURG RD,,126,40.48155,-79.80760833,0,8,0,0,1,1,0,1,1,1,0,1,0,0000000,17,36,17,39,88,88,0,0,0,1,0
42,420560,3,3,0,0,0,7,7,101,6540,13,7,2013,7,2,43,0,16,6,LINCOLN DR,,0,40.03445556,-75.18819444,0,12,2,0,1,1,0,1,3,1,0,1,0,0000000,2,43,2,49,3,6,0,0,0,1,0
42,420561,1,1,0,1,1,1,1,33,0,9,7,2013,3,21,14,0,14,3,SR-1001 RIVER RD,,38,41.03391944,-78.4306,0,8,0,0,1,1,0,1,2,1,0,1,0,0000000,21,16,21,30,21,39,0,0,0,1,0
42,420562,1,1,0,0,0,4,4,125,0,27,7,2013,7,1,30,0,4,3,SR-4012 JOFFRE BULGER RD,,27,40.38244444,-80.34120278,0,1,0,0,1,1,0,1,2,1,0,1,0,0000000,1,34,1,41,2,15,0,0,0,2,0
42,420563,1,1,0,1,1,2,2,91,0,24,7,2013,4,21,56,0,6,5,HANCOCK RD,,0,40.22038056,-75.26368056,0,8,0,0,1,1,0,1,3,1,0,1,0,0000000,21,57,22,4,22,28,0,0,0,1,0
42,420564,1,1,0,0,0,1,1,89,0,30,7,2013,3,23,0,0,5,3,SR-1007 MARSHALLS CREEK RD,,42,41.09752778,-75.14356389,0,42,0,0,1,1,0,4,2,1,0,1,0,0000000,16,45,16,57,88,88,0,0,0,1,1
42,420565,1,1,0,1,1,2,2,3,5300,28,7,2013,1,4,0,1,12,3,SR-28 EAST OHIO ST,,26,40.47566389,-79.97035556,0,8,0,0,1,1,0,1,3,2,0,2,0,0000000,4,1,4,16,4,40,0,0,0,1,1
42,420566,3,3,0,0,0,3,3,111,0,30,7,2013,3,17,26,1,2,2,US-30 LINCOLN HWY,SR-8002 RAMP B RD,117,40.098725,-78.95261667,0,12,6,1,2,2,1,1,1,1,0,1,0,0000000,17,26,17,29,99,99,0,0,0,1,1
42,420567,2,2,0,0,0,2,2,117,0,28,7,2013,1,21,40,0,6,5,CORWIN RD,,0,41.91137778,-77.29344722,0,12,1,0,1,1,0,1,2,1,0,1,0,0000000,21,52,21,59,99,99,0,0,0,1,0
42,420568,2,2,0,0,0,3,3,17,615,4,7,2013,5,13,45,1,11,3,SR-8001 RAMP RD,,3,40.06905,-74.96034167,0,12,7,1,5,1,0,1,1,1,0,1,0,0000000,99,99,99,99,99,99,0,0,0,1,0
42,420569,1,1,0,0,0,5,5,11,0,4,6,2013,3,20,7,0,6,5,AUGUSTA LN,,0,40.42173611,-75.81283056,0,5,0,0,1,1,0,1,1,1,0,1,0,0000000,99,99,99,99,99,99,0,0,0,1,0
42,420570,1,1,0,1,1,1,1,11,0,8,7,2013,2,12,50,0,13,3,SR-61 POTTSVILLE PIKE,BERKS ST,16,40.36704722,-75.93263611,0,8,0,0,2,2,0,1,1,1,0,1,0,0000000,88,88,88,88,88,88,0,0,0,1,0
42,420571,2,2,0,0,0,3,3,15,290,9,7,2013,3,21,52,0,14,3,SR-1064 PINE ST,PENNSYLVANIA AVE,2,41.96622778,-76.52903333,0,12,6,0,2,3,0,1,3,1,0,1,0,0000000,99,99,99,99,99,99,0,0,0,1,1
42,420572,2,1,1,1,2,1,2,79,0,22,5,2013,4,16,0,0,3,3,SR-115 BEAR CREEK BLVD,,110,41.20011667,-75.78766389,0,8,0,0,1,1,0,2,1,1,0,1,0,0000000,16,3,16,14,88,88,0,0,0,2,0
42,420573,1,1,0,0,0,1,1,3,0,6,7,2013,7,3,30,0,6,4,CR-LOUGEAY RD,,0,40.44506111,-79.81893611,0,33,0,0,1,1,0,4,3,1,0,1,0,0000000,4,11,4,22,4,42,0,0,0,1,1
42,420574,1,1,0,1,1,1,1,11,0,23,7,2013,3,6,12,0,4,3,SR-1010 FLEETWOOD\LYONS RD,,65,40.46677222,-75.80543889,0,9,0,0,1,1,0,2,4,1,0,1,0,0000000,99,99,99,99,99,99,0,0,0,1,0
42,420575,3,3,0,0,0,4,4,79,0,2,6,2013,1,8,25,1,1,1,I-81 AMERICAN LEGION MEM HWY,,1626,41.18305,-75.92629444,0,35,0,0,1,1,0,4,1,1,0,1,0,0000000,8,29,8,40,88,88,14,0,0,1,0
42,420576,1,1,0,0,0,4,4,117,0,13,7,2013,7,2,41,0,6,5,BOTTOM HILL RD,,0,41.95028333,-77.26035,0,42,0,0,1,1,0,4,2,1,0,1,0,0000000,2,40,3,5,5,10,4,0,0,1,0
42,420577,2,2,0,0,0,2,2,43,0,24,7,2013,4,18,57,1,2,3,SR-300 283RD FIELD ARTILLE HWY,,92,40.19455833,-76.64120556,0,24,0,0,1,1,0,2,1,1,0,1,0,0000000,18,50,19,2,88,88,0,0,0,1,0
42,420578,1,1,0,0,0,2,2,17,0,2,7,2013,3,4,27,0,6,5,BYPASS RD,SR-4003 DUBLIN RD,0,40.35896667,-75.21555,0,35,0,0,3,3,0,4,2,1,0,1,0,0000000,4,28,4,40,88,88,0,0,0,1,0
42,420579,2,2,0,0,0,2,2,71,0,13,7,2013,7,16,20,0,4,3,SR-625 READING RD,,9,40.13616667,-76.02748056,0,12,7,0,1,1,0,1,1,1,0,1,0,0000000,16,25,16,38,17,6,0,0,0,1,0
42,420580,1,1,0,0,0,1,1,19,0,4,8,2013,1,1,17,0,5,3,SR-4010 BRANCHTON RD,,129,41.08350556,-79.83339167,0,24,0,0,1,1,0,2,2,1,0,1,0,0000000,1,15,1,34,99,96,4,0,0,1,1
42,420581,1,1,0,0,0,2,2,11,0,22,8,2013,5,23,30,0,4,3,SR-143,,119,40.63658056,-75.85493333,0,42,0,0,1,1,0,4,2,1,0,1,0,0000000,99,99,99,99,88,88,0,0,0,2,1
42,420582,1,1,0,0,0,2,2,71,0,31,8,2013,7,18,0,0,5,3,SR-2019 CAMARGO RD,,7,39.90684444,-76.16560833,0,30,0,0,1,1,0,4,1,1,0,1,0,0000000,17,59,18,10,18,59,0,0,0,1,1
42,420583,1,1,0,0,0,1,1,71,0,25,8,2013,1,23,10,0,14,3,SR-772 ROTHSVILLE RD,,191,40.15088056,-76.26411111,0,42,0,0,1,1,0,4,2,1,0,1,0,0000000,23,10,23,16,88,88,0,0,0,1,1
42,420584,2,1,1,0,1,1,2,11,9530,23,7,2013,3,2,21,1,12,2,US-222 WARREN ST BYP,,73,40.330475,-75.97518333,0,14,0,0,1,1,0,1,2,1,0,1,0,0000000,99,99,99,99,99,99,19,0,0,1,1
42,420585,1,1,0,0,0,1,1,39,0,11,8,2013,1,21,50,0,3,3,SR-8 SPRING ST,,184,41.84199167,-79.82164167,0,11,0,0,1,1,0,1,2,1,0,1,0,0000000,21,56,99,97,99,97,0,0,0,1,1
42,420586,1,1,0,0,0,1,1,115,0,17,8,2013,7,20,51,0,4,3,SR-4001,,2,41.98129722,-75.92632222,0,1,0,0,1,1,0,4,2,1,0,1,0,0000000,99,99,99,99,99,99,0,0,0,1,1
42,420587,1,1,0,0,0,1,1,95,0,8,8,2013,5,15,20,0,15,3,SR-2028 HECKTOWN RD,,12,40.67158056,-75.32802222,0,18,0,0,1,1,0,5,1,2,0,2,0,0000000,99,99,99,99,99,99,0,0,0,1,0
42,420588,1,1,0,0,0,1,1,51,0,5,8,2013,2,20,1,0,4,3,SR-982 PLEASENT VALLEY RD,,57,40.11963056,-79.50598889,0,35,0,0,1,1,0,4,5,1,0,1,0,0000000,20,8,20,11,88,88,0,0,0,1,1
42,420589,1,1,0,0,0,1,1,9,0,6,8,2013,3,16,36,0,4,3,SR-96 HYNDMAN RD,SR-3006 MADLEY HOLLOW RD,138,39.89693889,-78.67154722,0,24,0,0,3,3,0,2,1,1,0,1,0,0000000,16,33,99,97,99,97,0,0,0,1,0
42,420590,2,2,0,0,0,2,2,31,0,10,8,2013,7,11,50,0,3,3,SR-36 COLONEL DRAKE HWY,SLOCUM SPRING DR,19,41.32904444,-79.23446667,0,12,6,0,2,4,0,1,1,1,0,1,0,0000000,99,99,99,99,88,88,22,0,0,1,0
42,420591,2,2,0,0,0,2,2,49,0,17,8,2013,7,9,58,0,4,3,SR-226,SR-3001 GRIFFEY RD,28,41.88309167,-80.47243889,0,12,6,0,2,2,0,1,1,1,0,1,0,0000000,9,58,10,9,99,99,0,0,0,1,0
42,420592,1,1,0,0,0,2,2,97,0,26,8,2013,2,10,48,0,5,3,SR-2006 RUSHTOWN RD,,23,40.88462778,-76.62036944,0,35,0,0,1,1,0,4,1,1,0,1,0,0000000,88,88,88,88,88,88,0,0,0,2,0
42,420593,1,1,0,0,0,2,2,91,0,30,8,2013,6,0,26,1,1,1,I-76 PA TURNPIKE HWY,,3266,40.08391944,-75.40385278,0,20,0,1,5,1,0,1,3,1,0,1,0,0000000,99,99,99,99,99,99,25,0,0,1,1
42,420594,1,1,0,0,0,1,1,5,0,10,8,2013,7,17,15,0,6,5,CHURCH RD,,0,40.78241111,-79.59527778,0,32,0,0,1,1,0,4,1,1,0,1,0,0000000,17,36,17,46,88,88,4,0,0,1,1
42,420595,2,2,0,0,0,4,4,83,0,11,8,2013,1,0,15,0,4,3,SR-321 WESTERBURG WAY,,23,41.64845556,-78.77429722,0,12,2,0,1,1,0,1,2,1,0,1,0,0000000,99,99,99,99,99,99,4,0,0,2,0
42,420596,1,1,0,0,0,1,1,117,0,25,8,2013,1,22,57,0,6,5,BROOKLYN RD,,0,41.78961389,-77.07648889,0,38,0,0,1,1,0,5,2,1,0,1,0,0000000,22,56,23,2,88,88,0,0,0,1,0
42,420597,1,1,0,0,0,2,2,13,0,22,8,2013,5,0,27,0,16,3,SR-2016 CHIMNEY ROCKS RD,,14,40.42393333,-78.37575556,0,24,0,0,1,1,0,2,2,1,0,1,0,0000000,0,57,1,7,99,99,0,0,0,1,1
42,420598,1,1,0,1,1,1,1,61,6260,17,8,2013,7,21,45,1,2,2,US-522 RIDGELY ST,SR-994 MEADOWS ST,132,40.24278333,-77.89305,0,8,0,0,3,2,0,1,3,1,0,1,0,0000000,21,45,21,46,22,2,0,0,0,1,0
42,420599,1,1,0,0,0,1,1,39,0,3,8,2013,7,8,35,0,5,3,SR-1037 LITTLE COOLEY RD,,20,41.77246944,-79.87489167,0,11,0,0,1,1,0,1,1,1,0,1,0,0000000,8,37,8,44,88,88,4,0,0,1,0
42,420600,2,2,0,0,0,2,2,87,0,28,6,2013,6,13,59,0,3,3,SR-655,,88,40.61151944,-77.70871389,0,12,6,0,8,1,0,1,1,2,0,2,0,0000000,14,0,14,27,14,43,0,0,0,1,0
42,420601,1,1,0,0,0,1,1,49,0,8,8,2013,5,19,54,1,2,3,SR-3006,,20,41.92106111,-80.45566111,0,30,0,0,1,1,0,5,1,1,0,1,0,0000000,19,52,99,97,99,97,0,0,0,1,1
42,420602,1,1,0,0,0,1,1,103,0,18,8,2013,1,17,7,0,3,3,SR-390 PROMISED LAND RD,,41,41.28639444,-75.23146944,0,43,0,0,1,1,0,4,1,1,0,1,0,0000000,17,5,17,17,88,88,0,0,0,1,0
42,420603,1,1,0,0,0,1,1,35,0,24,8,2013,7,10,52,1,1,1,I-80 Z H CONFAIR MEMORIAL HWY,,1890,41.059675,-77.24061667,0,1,0,0,1,1,0,3,1,1,0,1,0,0000000,10,54,11,14,12,38,0,0,0,1,0
42,420604,3,3,0,0,0,3,3,101,6540,14,8,2013,4,22,15,1,11,1,I-676 VINE ST EXPY,,2,39.96266111,-75.18322778,0,12,7,0,1,1,0,1,3,1,0,1,0,0000000,22,15,22,22,22,37,14,0,0,1,0
42,420605,1,1,0,1,1,1,1,11,0,23,8,2013,6,16,0,0,3,3,SR-662 OLD SWEDE RD,,39,40.30844167,-75.74219167,0,8,0,0,1,1,0,5,1,1,0,1,0,0000000,99,99,99,99,99,99,0,0,0,1,1
42,420606,2,2,0,0,0,7,7,13,0,8,7,2013,2,19,25,0,4,3,SR-1013 KETTLE RED,,78,40.56450556,-78.27485278,0,12,2,0,1,1,0,1,1,1,0,1,0,0000000,19,37,99,99,99,99,0,0,0,1,1
42,420607,2,2,0,0,0,3,3,91,0,6,8,2013,3,10,28,0,14,3,SR-3032 SPRING MILL RD,SR-3034 MORRIS AVE,8,40.05076944,-75.312075,0,12,6,0,2,3,0,1,1,1,0,1,0,0000000,10,30,10,32,11,5,0,0,0,1,1
42,420608,1,1,0,0,0,1,1,117,0,3,8,2013,7,12,55,0,3,3,SR-287,,214,41.84858889,-77.26296389,0,1,0,0,1,1,0,4,1,1,0,1,0,0000000,12,57,99,97,99,97,0,0,0,1,0
42,420609,1,1,0,0,0,4,4,75,0,25,8,2013,1,21,16,0,6,5,KERCHER AVE,,0,40.37671667,-76.43056111,0,30,0,0,1,1,0,4,2,1,0,1,0,0000000,21,18,21,20,99,99,0,0,0,1,0
42,420610,1,1,0,0,0,2,2,33,505,11,8,2013,1,0,30,0,6,3,SR-3021 HENRYS RD,,15,40.80001667,-78.54156111,0,1,0,0,1,1,0,4,2,1,0,1,0,0000000,99,99,99,99,99,99,0,0,0,1,1
42,420611,2,2,0,0,0,3,3,109,0,11,8,2013,1,15,35,0,4,3,SR-204,SR-1011 SALEM RD,62,40.8561,-76.93502778,0,12,2,0,2,3,0,1,1,1,0,1,0,0000000,15,40,15,49,16,45,0,0,0,1,0
42,420612,1,1,0,0,0,1,1,43,0,24,8,2013,7,1,25,0,6,5,HARMAN RD,,0,40.52867778,-76.788175,0,1,0,0,1,1,0,4,2,1,0,1,0,0000000,1,24,99,97,99,97,0,0,0,1,1
42,420613,2,2,0,0,0,5,5,91,0,27,8,2013,3,7,49,1,13,3,SR-73 WASHINGTON LN,,307,40.08691667,-75.13773056,0,12,6,0,8,1,0,1,1,1,0,1,0,0000000,7,51,7,55,8,8,0,0,0,1,0
42,420614,3,3,0,0,0,3,3,25,0,28,8,2013,4,5,50,1,1,1,I-80 KEYSTONE SHORTWAY RD,,2807,41.0833,-75.63017778,0,12,9,0,1,1,0,1,2,5,0,5,0,0000000,99,99,99,99,99,99,0,0,0,1,0
42,420615,2,1,1,0,0,1,1,133,9610,10,8,2013,7,3,38,0,16,6,S PINE ST,,0,39.96329444,-76.72129722,0,59,0,0,1,1,0,4,3,1,0,1,0,0000000,3,45,3,51,4,6,0,0,0,1,1
42,420616,1,1,0,0,0,1,1,79,0,17,8,2013,7,18,55,0,4,3,SR-1012 CHASE RD,,23,41.27794722,-75.97571389,0,38,0,0,1,1,0,4,5,1,0,1,0,0000000,18,56,19,3,88,88,0,0,0,1,1
42,420617,1,1,0,1,1,1,1,69,7460,25,8,2013,1,21,50,0,16,6,MONTAGE MOUNTAIN RD,,0,41.34689444,-75.67671944,0,8,0,0,1,1,0,2,2,1,0,1,0,0000000,99,99,99,99,99,99,0,0,0,1,1
42,420618,2,2,0,0,0,3,3,3,0,21,8,2013,4,20,32,0,5,3,SR-3082 CLINTON FRANKPORT RD,,2,40.48011944,-80.35926667,0,12,2,0,1,1,0,1,2,1,0,1,0,0000000,99,99,99,99,99,99,4,0,0,1,0
42,420619,2,2,0,0,0,2,2,73,0,5,8,2013,2,8,46,0,4,3,SR-388 STATE RD,SR -1012 FREW MILL RD,43,40.99118333,-80.26770833,0,12,6,0,2,2,0,1,1,1,0,1,0,0000000,8,48,8,52,9,50,0,0,0,1,0
42,420620,2,2,0,0,0,3,3,13,0,3,8,2013,7,10,12,0,3,3,SR-4005 MILL RUN RD,SR-36,30,40.53036667,-78.43524722,0,12,6,0,2,3,0,1,1,2,0,2,0,0000000,10,18,10,23,99,99,0,0,0,1,0
42,420621,2,2,0,0,0,2,2,11,0,19,8,2013,2,7,47,1,1,1,I-78 WILLIAM PENN HWY,,227,40.51454722,-76.11659722,0,12,1,0,1,1,0,1,1,1,0,1,0,0000000,99,99,99,99,88,88,0,0,0,1,0
42,420622,2,2,0,0,0,3,3,25,0,18,8,2013,1,22,14,0,4,3,SR-903,,31,40.89051111,-75.69670833,0,12,1,0,1,1,0,1,2,1,0,1,0,0000000,99,99,99,99,99,99,0,0,0,1,1
42,420623,1,1,0,1,1,1,1,79,0,23,8,2013,6,21,40,0,3,3,SR-309 TUNKHANNOCK HWY,OLD TANNHANNOCK RD,368,41.37308889,-75.97573889,0,9,0,0,2,4,0,1,2,1,0,1,0,0000000,99,99,99,99,99,99,0,0,0,1,0
42,420624,1,1,0,0,0,2,2,21,9180,4,8,2013,1,1,20,0,16,6,EMMETT DR,,0,40.31906389,-78.9556,0,42,0,0,1,1,0,4,3,1,0,1,0,0000000,1,21,1,29,1,57,4,0,0,1,1
42,420625,1,1,0,0,0,1,1,77,110,7,8,2013,4,22,51,0,16,6,MARTIN LUTHER KING JR DR,,0,40.58925278,-75.49009722,0,42,0,0,1,1,0,4,2,2,0,2,0,0000000,99,99,99,99,88,88,0,0,0,1,1
42,420626,2,2,0,0,0,2,2,71,0,26,8,2013,2,12,38,0,14,3,SR-4025 CLOVER LEAF RD,SCHWANGER RD,7,40.1376,-76.56201389,0,12,6,0,2,2,0,1,1,1,0,1,0,0000000,12,41,12,48,13,34,0,0,0,1,0
42,420627,1,1,0,0,0,1,1,11,0,11,8,2013,1,10,20,0,15,3,SR-568 GREEN HILLS RD,,106,40.27634444,-75.88088056,0,24,0,0,1,1,0,2,1,1,0,1,0,0000000,88,88,88,88,88,88,0,0,0,1,0
42,420628,1,1,0,1,1,1,1,45,0,5,7,2013,6,3,50,0,13,2,US-322 CONCHESTER HWY,FEATHERBED LN,22,39.86673889,-75.49237778,0,8,0,0,2,2,0,1,3,1,0,1,0,0000000,99,99,99,99,99,99,0,0,0,1,1
42,420629,1,1,0,0,0,1,1,79,0,30,8,2013,6,19,20,0,13,3,SR-92 SULLIVAN TER,,40,41.37722222,-75.80034444,0,24,0,0,1,1,0,2,5,1,0,1,0,0000000,19,28,19,35,19,47,0,0,0,1,0
42,420630,3,3,0,0,0,3,3,33,0,30,8,2013,6,15,0,1,2,2,US-322 WOODLAND RD,,352,40.90646944,-78.23683333,0,12,1,0,1,1,0,1,1,1,0,1,0,0000000,99,99,99,99,99,99,0,0,0,1,1
42,420631,1,1,0,0,0,5,5,49,2640,13,8,2013,3,20,3,0,16,6,E TWENTYSIXTH ST,,0,42.12713611,-80.03150833,0,1,0,0,1,1,0,1,1,1,0,1,0,0000000,20,14,20,20,99,99,4,0,0,1,0
42,420632,1,1,0,0,0,1,1,21,0,20,8,2013,3,7,20,1,13,2,US-422 BENJAMIN FRANKLIN HWY,,84,40.48963333,-78.74825,0,35,0,0,1,1,0,5,1,5,0,5,0,0000000,7,23,7,26,99,99,0,0,0,1,0
42,420633,1,1,0,1,1,1,1,17,615,7,8,2013,4,13,30,0,15,3,SR-2023 GALLOWAY RD,,10,40.12430833,-74.941725,0,9,0,0,8,1,0,1,1,1,0,1,0,0000000,13,29,13,34,13,48,16,0,0,1,0
42,420634,1,1,0,1,1,1,1,3,4370,18,8,2013,1,2,59,1,13,3,SR-65 OHIO RIVER BLVD,,141,40.56984722,-80.21530556,0,8,0,0,1,1,0,1,2,1,0,1,0,0000000,3,2,3,5,88,88,0,0,0,1,1
42,420635,1,1,0,3,3,1,1,85,0,8,8,2013,5,23,45,0,5,3,SR-2003 OLD ASH RD,,2,41.11873611,-80.17941944,0,8,0,0,1,1,0,4,2,1,0,1,0,0000000,23,59,0,5,0,24,0,0,0,1,1
42,420636,2,2,0,0,0,2,2,95,0,6,8,2013,3,14,58,0,3,3,SR-191 BANGOR RD,,119,40.809325,-75.24374444,0,12,2,0,1,1,0,1,1,1,0,1,0,0000000,99,99,99,99,99,99,0,0,0,1,1
42,420637,2,2,0,0,0,2,2,133,0,19,8,2013,2,13,52,0,3,3,SR-4026 OLD YORK RD,,53,40.08712222,-76.94544444,0,12,2,0,1,1,0,1,1,2,0,2,0,0000000,99,99,99,99,99,99,0,0,0,1,0
42,420638,2,2,0,0,0,2,2,1,0,14,8,2013,4,15,46,0,6,5,FOREST DR,,0,39.88440278,-77.02639444,0,53,0,0,1,1,0,5,1,1,0,1,0,0000000,88,88,88,88,88,88,0,0,0,1,1
42,420639,2,2,0,0,0,3,3,41,0,5,8,2013,2,11,35,1,11,1,I-81 AMERICAN LEGION MEM HWY,,444,40.1861,-77.23233889,0,12,6,0,1,1,0,1,1,1,0,1,0,0000000,11,32,11,33,88,88,14,0,0,1,1
42,420640,1,1,0,0,0,1,1,81,0,25,8,2013,1,2,29,0,6,5,PINE WOODS RD,,0,41.13380556,-77.192775,0,35,0,0,1,1,0,5,2,1,0,1,0,0000000,2,29,2,44,99,99,4,0,0,1,1
42,420641,3,3,0,0,0,3,3,129,0,10,8,2013,7,22,52,0,3,3,SR-400 N WASHINGTON SALTSBU RD,,93,40.51364722,-79.55621944,0,12,6,0,1,1,0,1,2,1,0,1,0,0000000,22,50,22,59,23,46,0,0,0,1,0
42,420642,2,2,0,0,0,2,2,103,0,6,8,2013,3,6,59,0,3,2,US-6 G.A.R. HWY,,19,41.44178333,-75.16720833,0,12,2,0,1,1,0,1,1,5,0,5,0,0000000,7,3,7,19,7,47,0,0,0,1,0
42,420643,1,1,0,0,0,2,2,133,0,21,8,2013,4,12,14,0,15,3,SR-262 VALLEY RD,,64,40.17345278,-76.77848611,0,42,0,0,1,1,0,5,1,1,0,1,0,0000000,12,20,12,28,12,38,0,0,0,1,0
42,420644,2,2,0,0,0,2,2,59,0,14,8,2013,4,5,35,0,4,3,SR-218 SMITH CREEK RD,,109,39.86532222,-80.20032778,0,12,6,0,1,1,0,1,2,1,0,1,0,0000000,7,48,8,3,88,88,0,0,0,1,0
42,420645,2,2,0,0,0,2,2,89,0,17,8,2013,7,14,19,1,13,2,US-209 HAMILTON WEST RD,,144,40.95023611,-75.29070278,0,12,1,0,1,1,0,1,1,1,0,1,0,0000000,99,99,99,99,88,88,0,0,0,1,0
42,420646,1,1,0,0,0,11,11,19,2670,26,4,2013,6,8,8,0,16,6,MAPLE AVE,,0,40.76551667,-80.05812222,0,10,0,0,6,1,0,1,4,98,0,98,0,145753H,8,10,8,18,9,9,0,0,0,2,0
42,420647,1,1,0,0,0,1,1,71,0,23,8,2013,6,6,44,0,14,3,SR-462 LINCOLN WAY,,151,40.03524722,-76.25425278,0,30,0,0,1,1,0,4,1,1,0,1,0,0000000,6,45,6,53,7,11,0,0,0,1,0
42,420648,1,1,0,0,0,1,1,129,0,26,8,2013,2,18,23,0,6,5,ORMSBY DR,,0,40.33678056,-79.76687778,0,30,0,0,1,1,0,5,1,1,0,1,0,0000000,18,23,18,28,88,88,4,0,0,1,1
42,420649,1,1,0,0,0,1,1,69,0,19,8,2013,2,19,0,0,4,3,SR-590 MAIN ST,,29,41.3828,-75.50638889,0,1,0,0,1,1,0,4,5,1,0,1,0,0000000,19,24,19,34,20,6,0,0,0,1,1
42,420650,2,2,0,0,0,4,4,25,0,10,8,2013,7,17,25,1,13,3,SR-248,UNION HILL RD,1,40.82762778,-75.69791667,0,12,6,0,2,3,0,1,1,1,0,1,0,0000000,99,99,99,99,99,99,0,0,0,1,0
42,420651,1,1,0,0,0,1,1,125,0,13,8,2013,3,12,55,0,4,3,SR-1055 THOMAS EIGHTY FOUR RD,,47,40.21607778,-80.11399444,0,35,0,0,1,1,0,5,1,1,0,1,0,0000000,12,55,13,8,14,2,0,0,0,1,0
42,420652,2,2,0,0,0,2,2,49,0,22,8,2013,5,16,38,1,13,3,SR-832 PENINSULA DR,SEVENTEENTH ST,96,42.095825,-80.14299722,0,12,6,0,2,3,0,1,1,1,0,1,0,0000000,16,41,16,44,88,88,0,0,0,1,0
42,420653,2,2,0,0,0,2,2,59,0,16,8,2013,6,9,34,0,3,3,SR-21 ROY E FURMAN HWY,,159,39.88069444,-80.29155833,0,12,2,0,1,1,0,1,1,1,0,1,0,0000000,9,35,9,49,11,25,0,0,0,1,0
42,420654,2,1,1,0,0,1,1,3,6600,7,8,2013,4,6,5,0,16,6,ESSEN ST,,0,40.47327778,-80.00101111,0,14,0,0,1,1,0,2,4,1,0,1,0,0000000,6,5,6,10,6,55,0,0,0,1,1
42,420655,2,2,0,0,0,4,4,49,2640,21,8,2013,4,17,19,0,16,6,TWENTYFIRST ST,,0,42.10786667,-80.09864444,0,12,2,0,8,1,0,1,1,1,0,1,0,0000000,17,20,99,97,99,97,0,0,0,1,1
42,420656,2,2,0,0,0,2,2,49,0,6,8,2013,3,14,18,1,2,2,US-6 GRAND ARMY OF THE REPUB H,WAGER RD,106,41.88480556,-79.855875,0,12,6,0,2,4,0,1,1,1,0,1,0,0000000,14,22,99,99,99,99,0,0,0,1,1
42,420657,1,1,0,1,1,1,1,125,0,30,8,2013,6,0,55,0,14,3,SR-18 PARK AVE,,156,40.16365,-80.25535278,0,8,0,0,1,1,0,1,3,1,0,1,0,0000000,0,58,1,3,2,12,0,0,0,1,0
42,420658,2,2,0,0,0,2,2,89,0,29,8,2013,5,17,45,0,4,3,SR-2012 HAMILTON EAST RD,SR-8007 RAMP K RD,25,40.92821667,-75.31664167,0,12,6,1,20,1,0,1,1,1,0,1,0,0000000,88,88,88,88,88,88,0,0,0,1,1
42,420659,1,1,0,0,0,1,1,41,0,17,8,2013,7,16,20,1,11,1,I-81 AMERICAN LEGION MEM HWY,,267,40.03744444,-77.49710278,0,42,0,0,1,1,0,5,1,1,0,1,0,0000000,16,22,99,99,88,88,0,0,0,1,0
42,420660,1,1,0,2,2,1,1,91,3530,19,8,2013,2,0,17,1,13,3,SR-263 OLD YORK RD,,31,40.18771667,-75.10358611,0,8,0,0,1,1,0,1,3,1,0,1,0,0000000,99,99,99,99,99,99,0,0,0,1,0
42,420661,1,1,0,1,1,1,1,101,6540,19,8,2013,2,23,10,0,16,6,N FIFTH ST,,0,40.04372222,-75.12889722,0,8,0,0,1,1,0,1,3,1,0,1,0,0000000,23,10,23,20,23,31,0,0,0,1,1
42,420662,1,1,0,0,0,1,1,133,0,16,8,2013,6,19,0,1,12,2,US-30 LINCOLN HWY,,109,39.94316944,-76.80045833,0,42,0,0,1,1,0,5,1,1,0,1,0,0000000,99,99,99,99,88,88,0,0,0,1,0
42,420663,1,1,0,0,0,1,1,85,0,30,8,2013,6,5,55,1,1,1,I-80 Z H CONFAIR HWY,,117,41.18406389,-80.30205,0,35,0,0,1,1,0,4,2,1,0,1,0,0000000,7,40,7,40,88,88,0,0,0,1,0