STATE,ST_CASE,VE_TOTAL,VE_FORMS,PVH_INVL,PEDS,PERNOTMVIT,PERMVIT,PERSONS,COUNTY,CITY,DAY,MONTH,YEAR,DAY_WEEK,HOUR,MINUTE,NHS,ROAD_FNC,ROUTE,TWAY_ID,TWAY_ID2,MILEPT,LATITUDE,LONGITUD,SP_JUR,HARM_EV,MAN_COLL,RELJCT1,RELJCT2,TYP_INT,WRK_ZONE,REL_ROAD,LGT_COND,WEATHER1,WEATHER2,WEATHER,SCH_BUS,RAIL,NOT_HOUR,NOT_MIN,ARR_HOUR,ARR_MIN,HOSP_HR,HOSP_MN,CF1,CF2,CF3,FATALS,DRUNK_DR
42,420664,4,4,0,0,0,8,8,91,0,10,8,2013,7,6,0,1,11,1,I-76 SCHUYLKILL EXPY,,3373,40.03140833,-75.23848611,0,12,2,0,1,1,0,1,4,1,0,1,0,0000000,6,10,6,17,6,52,0,0,0,2,1
42,420665,1,1,0,0,0,1,1,11,0,5,8,2013,2,6,33,0,4,3,SR-419 FOUR POINT RD,,91,40.46857222,-76.23036389,0,43,0,0,1,1,0,4,2,1,0,1,0,0000000,99,99,99,99,88,88,0,0,0,1,1
42,420666,1,1,0,0,0,1,1,37,5310,17,8,2013,7,15,15,0,4,3,SR-254 MAIN ST,,66,41.12437222,-76.52096389,0,30,0,0,1,1,0,4,1,1,0,1,0,0000000,15,19,15,30,88,88,0,0,0,1,0
42,420667,1,1,0,0,0,1,1,27,0,17,8,2013,7,19,0,0,6,5,TRAM RD,,0,40.93963611,-77.99894167,0,42,0,0,1,1,0,4,1,1,0,1,0,0000000,19,33,20,5,88,88,4,22,0,1,1
42,420668,1,1,0,0,0,1,1,105,0,29,8,2013,5,13,25,0,6,5,DRY RUN RD,,0,41.87858333,-78.01407778,0,11,0,0,1,1,0,1,1,1,0,1,0,0000000,99,99,99,99,99,99,4,0,0,1,0
42,420669,1,1,0,0,0,1,1,99,0,13,8,2013,3,22,40,0,6,3,SR-2005 PARADISE RD,,18,40.42730833,-77.08629444,0,42,0,0,1,1,0,4,2,1,0,1,0,0000000,22,38,22,47,88,88,0,0,0,1,1
42,420670,2,2,0,0,0,3,3,79,360,24,7,2013,4,2,30,1,11,1,I-81 AMERICAN LEGION MEM HWY,,1781,41.33600556,-75.73663611,0,12,1,0,1,1,0,1,3,1,0,1,0,0000000,3,9,3,16,3,34,0,0,0,2,1
42,420671,2,2,0,0,0,2,2,89,0,25,7,2013,5,14,42,0,15,3,SR-2012 BUSINESS ROUTE 209 HWY,ROCKDALE LN,81,40.97665,-75.24107778,0,12,6,0,2,3,0,1,1,1,0,1,0,0000000,99,99,99,99,99,99,0,0,0,1,0
42,420672,1,1,0,0,0,1,1,129,0,8,8,2013,5,18,23,0,6,5,BRICKYARD HILL RD,,0,40.19499722,-79.63296111,0,42,0,0,1,1,0,4,1,1,0,1,0,0000000,18,28,18,53,20,8,4,0,0,1,1
42,420673,2,2,0,0,0,2,2,11,0,16,8,2013,6,5,17,1,13,2,US-422 BENJAMIN FRANKLIN HWY,,269,40.27742222,-75.79387222,0,12,6,0,8,1,0,1,2,1,0,1,0,0000000,88,88,88,88,88,88,0,0,0,1,0
42,420674,1,1,0,1,1,1,1,103,0,11,8,2013,1,20,30,0,3,2,US-6 G.A.R. HWY,,11,41.44678333,-75.17906944,0,8,0,0,1,1,0,1,3,1,0,1,0,0000000,20,42,20,52,21,25,0,0,0,1,0
42,420675,2,2,0,0,0,3,3,39,0,24,8,2013,7,22,20,0,3,3,SR-18,,54,41.61634167,-80.28866944,0,1,0,0,8,1,0,1,3,1,0,1,0,0000000,22,21,22,25,22,48,0,0,0,1,0
42,420676,1,1,0,1,1,1,1,109,0,2,8,2013,6,8,16,0,4,3,SR-4018 TROXELVILLE RD,,69,40.84855833,-77.08352778,0,8,0,0,1,1,0,2,1,1,0,1,0,0000000,8,15,8,25,88,88,0,0,0,1,0
42,420677,2,2,0,0,0,4,4,45,0,23,8,2013,6,11,12,1,13,3,SR-452 MARKET ST,,16,39.84222778,-75.42523889,0,12,6,0,8,1,0,1,1,1,0,1,0,0000000,99,99,99,99,99,99,0,0,0,1,0
42,420678,1,1,0,0,0,1,1,133,0,25,8,2013,1,3,22,0,14,3,SR-116 YORK RD,,65,39.83953333,-76.906225,0,42,0,0,1,1,0,5,2,1,0,1,0,0000000,3,20,3,29,88,88,0,0,0,1,1
42,420679,1,1,0,1,1,2,2,101,6540,10,8,2013,7,23,59,0,16,6,GIRARD AVE,,0,39.97133056,-75.22646944,0,8,0,0,1,1,0,1,3,1,0,1,0,0000000,23,58,0,4,0,40,0,0,0,1,0
42,420680,1,1,0,0,0,1,1,133,0,3,8,2013,7,16,51,0,15,3,SR-3046 W COLLEGE AVE,,6,39.91871111,-76.78505278,0,35,0,0,1,1,0,4,1,1,0,1,0,0000000,99,99,99,99,88,88,0,0,0,1,1
42,420681,1,1,0,0,0,1,1,47,0,20,8,2013,3,5,50,0,4,3,SR-555,,86,41.31277222,-78.40342778,0,11,0,0,1,1,0,1,4,5,0,5,0,0000000,99,99,99,99,88,88,0,0,0,1,0
42,420682,2,2,0,0,0,4,4,43,0,30,8,2013,6,16,41,0,14,3,SR-3015 N PROGRESS AVE,INTERSTATE DR,36,40.307825,-76.85001389,0,12,6,0,2,2,0,1,1,1,0,1,0,0000000,99,99,99,99,99,99,0,0,0,1,2
42,420683,2,2,0,0,0,5,5,119,0,7,8,2013,4,12,41,0,6,5,WALBASH RD,,0,40.98828056,-77.04370556,0,12,6,0,1,1,0,1,1,2,0,2,0,0000000,12,38,12,41,88,88,4,0,0,1,0
42,420684,3,3,0,0,0,3,3,3,0,19,8,2013,2,14,43,1,11,3,SR-8007 CARNEGIE INT/RAMP C RD,I-79 RAYMOND P SHAFER HWY,5,40.39832222,-80.10521389,0,31,0,1,5,1,0,8,1,1,0,1,0,0000000,14,45,14,47,88,88,0,0,0,1,0
42,420685,2,2,0,0,0,3,3,49,0,7,8,2013,4,19,4,1,1,1,I-90 AMVET MEM HWY,,62,41.94518611,-80.40179722,0,12,1,0,1,1,0,1,1,1,0,1,0,0000000,99,99,99,99,99,99,0,0,0,1,0
42,420686,2,2,0,0,0,8,8,83,0,31,8,2013,7,16,12,1,2,2,US-219 BUFFALO PITTSBURGH HWY,,82,41.73920278,-78.68379444,0,12,2,0,1,1,0,1,1,1,0,1,0,0000000,99,99,99,99,99,99,0,0,0,6,0
42,420687,1,1,0,0,0,1,1,39,0,7,9,2013,7,15,34,0,4,3,SR-408,,182,41.66473611,-79.81634444,0,35,0,0,1,1,0,4,1,1,0,1,0,0000000,15,34,15,43,16,18,0,0,0,1,0
42,420688,1,1,0,0,0,1,1,133,0,27,9,2013,6,22,29,0,3,3,SR-74 DELTA RD,,169,39.87913611,-76.51904444,0,30,0,0,1,1,0,4,3,1,0,1,0,0000000,99,99,99,99,88,88,0,0,0,1,1
42,420689,1,1,0,0,0,1,1,33,0,10,9,2013,3,23,15,1,1,1,I-80 Z H CONFAIR MEMORIAL HWY,,1166,41.05945556,-78.44657222,0,58,0,0,1,1,0,3,2,1,0,1,0,0000000,99,99,99,99,88,88,0,0,0,1,0
42,420690,1,1,0,0,0,2,2,71,0,6,9,2013,6,23,55,0,6,5,BURKHOLDER RD,,0,40.19499167,-76.2197,0,19,0,0,1,1,0,6,2,1,0,1,0,0000000,99,99,99,99,99,99,0,0,0,1,0
42,420691,1,1,0,0,0,1,1,49,0,10,9,2013,3,21,20,0,3,3,SR-8 WATTSBURG RD,,188,42.05637778,-79.89966111,0,42,0,0,1,1,0,5,2,1,0,1,0,0000000,21,31,99,97,99,97,0,0,0,1,1
42,420692,1,1,0,0,0,2,2,111,1580,27,9,2013,6,21,0,0,3,3,SR-281 LOGAN PL,,10,39.81543611,-79.35363611,0,52,0,0,1,1,0,2,2,1,0,1,0,0000000,21,9,21,19,99,99,0,0,0,1,1
42,420693,1,1,0,0,0,1,1,11,0,22,9,2013,1,2,38,0,3,3,SR-662 OLD SWEDE RD,,45,40.31399722,-75.74989167,0,42,0,0,1,1,0,5,2,1,0,1,0,0000000,99,99,99,99,99,99,0,0,0,1,0
42,420694,1,1,0,1,1,1,1,11,9230,23,9,2013,2,16,10,0,16,6,S FIFTH AVE,PINE ST,0,40.33079167,-75.94811944,0,8,0,0,3,3,0,1,1,1,0,1,0,0000000,99,99,99,99,99,99,0,0,0,1,0
42,420695,3,1,2,0,0,1,1,55,0,31,7,2013,4,5,32,0,3,3,SR-316 WAYNE HWY,,3,39.72603611,-77.60488333,0,59,0,0,8,1,0,5,2,1,0,1,0,0000000,99,99,99,99,99,99,0,0,0,1,0
42,420696,1,1,0,0,0,1,1,11,0,16,9,2013,2,9,50,0,3,3,SR-183 BERNVILLE RD,,206,40.52070833,-76.21812222,0,35,0,0,1,1,0,4,1,1,0,1,0,0000000,99,99,99,99,88,88,0,0,0,1,0
42,420697,1,1,0,0,0,2,2,91,0,10,9,2013,3,21,46,0,6,5,REMINGTON RD,,0,39.992625,-75.27149722,0,42,0,0,1,1,0,5,3,1,0,1,0,0000000,21,49,99,97,99,97,0,0,0,2,1
42,420698,2,2,0,0,0,2,2,97,0,1,9,2013,1,16,45,0,3,3,SR-54,SR-2018 AIRPORT RD,175,40.84388333,-76.51969167,0,12,6,0,2,2,0,1,1,1,0,1,0,0000000,16,44,16,51,17,26,0,0,0,1,0
42,420699,1,1,0,0,0,1,1,121,0,20,9,2013,6,0,15,1,2,3,SR-8 WILLIAM FLINN HWY,,9,41.18236944,-79.97794722,0,34,0,0,1,1,0,4,3,1,0,1,0,0000000,0,21,99,97,99,97,0,0,0,1,1
42,420700,1,1,0,1,1,1,1,61,3820,3,9,2013,3,9,2,0,16,6,SIXTH ST,SR-26 PENN ST,0,40.48538889,-78.013625,0,8,0,0,3,2,0,1,1,1,0,1,0,0000000,9,2,9,7,9,21,0,0,0,1,0
42,420701,2,2,0,0,0,2,2,79,0,7,9,2013,7,22,45,0,14,3,SR-2008 S MAIN ST,,35,41.20123611,-75.94981944,0,12,2,0,1,1,0,1,2,1,0,1,0,0000000,22,47,22,53,23,24,0,0,0,1,1
42,420702,1,1,0,0,0,1,1,11,0,9,9,2013,2,16,52,1,13,2,US-422 BENJAMIN FRANKLIN HWY,,293,40.26507222,-75.75266111,0,42,0,0,1,1,0,5,1,1,0,1,0,0000000,99,99,99,99,88,88,0,0,0,1,0
42,420703,1,1,0,0,0,1,1,43,0,27,9,2013,6,1,33,0,3,3,SR-230 HARRISBURG PIKE,,146,40.18117778,-76.66935833,0,30,0,0,1,1,0,4,2,1,0,1,0,0000000,88,88,88,88,88,88,0,0,0,1,1
42,420704,1,1,0,0,0,2,2,85,0,29,9,2013,1,8,25,0,5,3,SR-3024 DELAWARE RD,,7,41.31001389,-80.28474722,0,30,0,0,1,1,0,4,1,1,0,1,0,0000000,8,36,8,55,99,99,0,0,0,1,0
42,420705,1,1,0,0,0,1,1,89,0,20,9,2013,6,6,50,0,4,3,SR-3004 KUNKLETOWN RD,,2,40.83886944,-75.484825,0,39,0,0,1,1,0,4,4,5,0,5,0,0000000,99,99,99,99,88,88,0,0,0,1,0
42,420706,2,2,0,0,0,5,5,51,0,25,9,2013,4,8,0,0,5,3,SR-1050 ENGLISHMAN HILL RD,,10,40.055075,-79.55694444,0,12,2,0,1,1,0,1,1,1,0,1,0,0000000,8,3,8,10,8,35,0,0,0,2,0
42,420707,2,2,0,0,0,5,5,33,0,21,9,2013,7,14,10,0,3,3,SR-153,,264,41.11475278,-78.53593056,0,12,6,0,1,1,0,1,1,2,0,2,0,0000000,99,99,99,99,99,99,22,0,0,1,0
42,420708,1,1,0,0,0,1,1,89,0,17,9,2013,3,23,30,0,4,3,SR-447 CREEK RD,,63,41.09058611,-75.21868333,1,42,0,0,1,1,0,5,2,1,0,1,0,0000000,99,99,99,98,88,88,0,0,0,1,1
42,420709,2,2,0,0,0,3,3,71,0,16,9,2013,2,8,55,0,4,3,SR-741 STRASBURG RD,,177,39.98371944,-76.11979444,0,12,8,0,1,1,0,1,1,2,0,2,0,0000000,99,99,99,99,99,99,0,0,0,1,0
42,420710,2,2,0,0,0,3,3,63,0,5,9,2013,5,16,15,0,3,3,SR-286,,249,40.65376944,-79.09378333,0,24,0,0,1,1,0,2,1,1,0,1,0,0000000,16,14,16,14,17,0,0,0,0,1,0
42,420711,2,2,0,0,0,2,2,27,0,26,9,2013,5,15,29,1,1,1,I-80 Z H CONFAIR MEMORIAL HWY,,1679,41.00168889,-77.60483056,0,12,1,0,1,1,0,1,1,1,0,1,0,0000000,15,32,16,1,99,99,0,0,0,1,0
42,420712,2,1,1,0,1,1,2,111,0,20,8,2013,3,12,58,1,2,2,US-30 LINCOLN HWY,,74,40.13639167,-79.00536667,0,14,0,0,1,1,0,2,1,1,0,1,0,0000000,12,58,13,4,14,38,0,0,0,1,0
42,420713,1,1,0,0,0,2,2,133,0,1,9,2013,1,4,0,0,15,3,SR-624 HIGH ST,GAY ST,9,39.91164722,-76.59681944,0,42,0,0,3,4,0,5,2,1,0,1,0,0000000,88,88,88,88,88,88,0,0,0,2,0
42,420714,1,1,0,1,1,1,1,77,110,5,9,2013,5,16,5,0,16,6,NORTH EIGHTEENTH ST,,0,40.60583611,-75.49899444,0,8,0,0,1,1,0,1,1,1,0,1,0,0000000,88,88,88,88,88,88,0,0,0,1,0
42,420715,1,1,0,0,0,3,3,3,6600,28,9,2013,7,23,20,0,16,6,LINCOLN AVE,LYRIC ST,0,40.46355278,-79.90333333,0,30,0,0,3,2,0,5,3,1,0,1,0,0000000,23,18,23,28,99,96,0,0,0,1,1
42,420716,1,1,0,0,0,1,1,65,0,16,6,2013,1,21,29,1,1,1,I-80 KEYSTONE SHORTWAY RD,,943,41.15754722,-78.81973611,0,35,0,0,1,1,0,3,2,1,0,1,0,0000000,99,99,99,99,88,88,0,0,0,1,0
42,420717,1,1,0,0,0,1,1,91,0,2,8,2013,6,10,45,1,13,3,SR-4031 RIDGE PIKE,,139,40.24395,-75.61015556,0,23,0,0,1,1,0,4,1,1,0,1,0,0000000,10,45,10,48,11,27,0,0,0,1,0
42,420718,1,1,0,0,0,2,2,25,0,27,9,2013,6,0,25,1,2,2,US-209,,109,40.85936389,-75.73041389,0,35,0,0,1,1,0,4,2,1,0,1,0,0000000,99,99,99,99,99,99,0,0,0,2,1
42,420719,2,2,0,0,0,2,2,25,6410,22,9,2013,1,13,40,1,13,3,SR-248,SR-2008 CENTRE ST,16,40.81661389,-75.67308889,0,12,6,0,2,3,0,1,1,1,0,1,0,0000000,99,99,99,99,99,99,0,0,0,1,0
42,420720,1,1,0,1,1,1,1,51,0,19,9,2013,5,23,24,1,13,2,US-119 MEMORIAL BLVD,,295,40.04042222,-79.57641389,0,8,0,0,1,1,0,1,2,1,0,1,0,0000000,23,24,23,28,88,88,0,0,0,1,0
42,420721,1,1,0,0,0,2,2,87,0,11,9,2013,4,11,49,0,6,5,BELLTOWN RD,,0,40.70869167,-77.415075,0,42,0,0,1,1,0,4,1,1,0,1,0,0000000,11,49,11,59,99,99,4,0,0,1,0
42,420722,1,1,0,0,0,1,1,123,0,15,9,2013,1,17,15,0,3,3,SR-957,,53,41.95574722,-79.49375278,0,32,0,0,1,1,0,4,1,1,0,1,0,0000000,99,99,99,99,88,88,0,0,0,1,1
42,420723,1,1,0,0,0,2,2,51,0,22,9,2013,1,21,44,0,5,3,SR-1012 BUENA VISTA RD,,6,40.02335833,-79.71695556,0,32,0,0,1,1,0,4,2,1,0,1,0,0000000,21,45,21,55,22,36,4,0,0,1,1
42,420724,2,2,0,0,0,2,2,3,0,17,9,2013,3,7,34,1,13,3,SR-148 FIFTH AVE,SR-2037 WESTINGHOUSE AVE,49,40.3623,-79.82609444,0,12,6,0,2,2,0,1,1,1,0,1,0,0000000,7,31,7,41,8,20,0,0,0,1,0
42,420725,2,2,0,0,0,2,2,11,0,14,9,2013,7,2,11,1,13,2,US-422 BENJAMIN FRANKLIN HWY,,289,40.26646667,-75.756925,0,12,2,0,1,1,0,1,2,1,0,1,0,0000000,99,99,99,99,99,99,0,0,0,1,1
42,420726,1,1,0,0,0,1,1,89,0,2,9,2013,2,19,47,0,6,5,COOLBAUGH RD,,0,41.13904722,-75.131975,0,42,0,0,1,1,0,4,2,1,0,1,0,0000000,99,99,99,99,88,88,0,0,0,1,0
42,420727,2,2,0,0,0,4,4,129,9200,30,9,2013,2,17,38,0,14,3,SR-136 MAIN ST,,34,40.20385833,-79.76033889,0,12,8,0,1,1,0,1,1,1,0,1,0,0000000,17,40,17,48,19,6,0,0,0,1,0
42,420728,2,2,0,0,0,2,2,75,0,10,9,2013,3,15,4,1,2,2,US-322 HORSESHOE PIKE,,19,40.27978611,-76.56533611,0,12,6,0,1,1,0,1,1,1,0,1,0,0000000,99,99,99,99,99,99,0,0,0,1,0
42,420729,1,1,0,0,0,1,1,133,0,4,9,2013,4,10,4,0,6,5,SAINT CHARLES WAY,,0,39.93001944,-76.69005278,0,33,0,0,1,1,0,4,1,1,0,1,0,0000000,99,99,99,99,99,99,0,0,0,1,0
42,420730,1,1,0,0,0,1,1,11,650,9,9,2013,2,17,15,0,3,3,SR-183 BERNVILLE RD,,209,40.52527222,-76.21883611,0,35,0,0,1,1,0,5,1,1,0,1,0,0000000,88,88,88,88,88,88,0,0,0,1,0
42,420731,1,1,0,1,1,1,1,69,200,27,9,2013,6,11,38,1,13,3,SR-6006 SCRANTON CARBONDALE HW,,48,41.49533056,-75.58812778,0,8,0,0,1,1,0,2,1,1,0,1,0,0000000,11,40,11,52,12,12,0,0,0,2,0
42,420732,1,1,0,0,0,2,2,129,0,22,9,2013,1,2,30,1,13,2,US-30 LINCOLN HWY,,271,40.29118056,-79.32965556,0,24,0,0,1,1,0,3,2,2,0,2,0,0000000,3,4,3,11,4,18,0,0,0,1,1
42,420733,2,1,1,1,1,1,1,101,6540,4,4,2013,5,8,51,1,11,3,SR-8018 RAMP RD,SR-8018 TO 3003/0040 RD,7,39.93481389,-75.19949722,0,8,0,1,5,1,0,8,1,1,0,1,0,0000000,8,51,9,0,9,15,0,0,0,1,0
42,420734,1,1,0,1,1,1,1,101,6540,23,6,2013,1,99,99,1,13,3,SR-232 OXFORD AVE,SR 73 COTTMAN AVE,22,40.06129167,-75.08350556,0,8,0,0,3,2,0,1,1,1,0,1,0,0000000,17,1,17,14,17,57,0,0,0,1,0
42,420735,2,2,0,0,0,2,2,85,0,10,4,2013,4,3,36,1,1,1,I-80 Z H CONFAIR HWY,,245,41.20069722,-80.0613,0,12,1,0,1,1,0,1,2,1,0,1,0,0000000,3,41,3,57,4,37,0,0,0,1,0
42,420736,2,2,0,0,0,2,2,17,0,21,8,2013,4,9,29,1,11,1,I-95 DELAWARE EXPY,,407,40.13037778,-74.89011667,0,12,1,0,1,1,2,1,1,1,0,1,0,0000000,9,31,9,39,88,88,26,14,0,1,0
42,420737,1,1,0,0,0,1,1,61,0,6,9,2013,6,18,18,0,4,3,SR-655 HARES VALLEY RD,,129,40.29464722,-77.991475,0,59,0,0,1,1,0,4,1,1,0,1,0,0000000,18,16,18,32,88,88,0,0,0,1,1
42,420738,1,1,0,0,0,2,2,61,0,12,9,2013,5,17,36,0,6,3,SR-3029 SMITH VALLEY RD,,50,40.343925,-77.99436389,0,42,0,0,1,1,0,4,1,1,0,1,0,0000000,17,43,17,59,99,99,4,0,0,1,0
42,420739,2,2,0,0,0,2,2,101,6540,6,8,2013,3,16,54,0,14,3,SR-1004 TORRESDALE AVE,VAN KIRK ST,57,40.01633333,-75.06181667,0,12,6,0,2,2,0,1,1,1,0,1,0,0000000,16,54,16,57,17,39,0,0,0,1,0
42,420740,2,2,0,0,0,2,2,77,0,10,9,2013,3,22,23,0,14,3,SR-1009 SCHOENERSVILLE RD,STOKE PARK RD,22,40.657675,-75.418275,0,12,6,0,2,2,0,1,2,1,0,1,0,0000000,99,99,99,99,99,99,0,0,0,1,0
42,420741,1,1,0,0,0,2,2,107,6790,29,9,2013,1,0,30,0,16,6,ELK AVE,,0,40.67872222,-76.221325,0,33,0,0,1,1,0,4,2,1,0,1,0,0000000,99,99,99,99,99,99,20,4,0,1,1
42,420742,2,2,0,0,0,3,3,107,0,24,9,2013,3,16,39,1,2,3,SR-61,SR-4003 DARKWATER RD,194,40.735575,-76.20018611,0,12,6,0,2,3,0,1,1,1,0,1,0,0000000,99,99,99,99,99,99,0,0,0,1,0
42,420743,2,2,0,0,0,2,2,65,0,17,9,2013,3,19,4,1,1,1,I-80 KEYSTONE SHORTWAY RD,,902,41.152425,-78.90396111,0,12,1,0,1,1,1,1,1,1,0,1,0,0000000,99,99,99,99,99,99,26,0,0,1,0
42,420744,1,1,0,0,0,1,1,37,0,15,3,2013,6,5,42,0,6,3,SR-1012 SCHICKSHINNEY VALLEY R,,71,41.11025,-76.24885833,0,59,0,0,1,1,0,5,2,1,0,1,0,0000000,99,99,99,99,99,99,0,0,0,1,0
42,420745,1,1,0,0,0,6,6,55,0,1,6,2013,7,23,5,0,5,3,SR-3007 LEMAR RD,,22,39.81203889,-77.81361944,0,30,0,0,1,1,0,4,2,1,0,1,0,0000000,99,99,99,99,99,99,0,0,0,1,0
42,420746,1,1,0,0,0,1,1,55,4617,4,6,2013,3,0,1,1,1,1,I-76 PA TURNPIKE HWY,,2009,40.15414722,-77.62195833,0,24,0,0,1,1,1,2,2,1,0,1,0,0000000,88,88,88,88,88,88,0,0,0,1,0
42,420747,2,2,0,0,0,5,5,7,0,4,6,2013,3,22,55,1,11,1,I-376 BEAVER VALLEY EXPY,,451,40.59249444,-80.29503889,0,12,1,0,1,1,0,1,2,1,0,1,0,0000000,22,56,23,0,23,53,0,0,0,1,1
42,420748,1,1,0,0,0,3,3,79,0,4,5,2013,7,6,45,0,4,3,SR-29,,144,41.29258611,-76.09045556,0,35,0,0,1,1,0,5,1,1,0,1,0,0000000,7,31,7,39,7,55,0,0,0,1,1
42,420749,2,2,0,0,0,2,2,131,0,17,8,2013,7,20,15,0,3,3,SR-29 JOSEPH W HUNTER HWY,,85,41.45762222,-76.0293,0,12,2,0,1,1,0,1,5,1,0,1,0,0000000,20,22,20,32,21,12,0,0,0,1,0
42,420750,1,1,0,0,0,1,1,65,0,30,9,2013,2,7,40,0,3,3,SR-310 ELK RUN AVE,,73,41.04304722,-78.94528333,0,35,0,0,1,1,0,4,1,1,0,1,0,0000000,99,99,99,99,88,88,0,0,0,1,0
42,420751,1,1,0,0,0,1,1,95,3220,26,7,2013,6,22,9,0,15,3,SR-2012 ISLAND PARK RD,,63,40.65722222,-75.24375,0,1,0,0,1,1,0,1,2,1,0,1,0,0000000,88,88,88,88,88,88,0,0,0,1,0
42,420752,2,2,0,0,0,2,2,37,0,31,7,2013,4,7,55,0,3,3,SR-42,SERENO RD,308,41.156625,-76.52095833,0,12,6,0,2,3,0,1,1,1,0,1,0,0000000,7,55,8,0,9,23,0,0,0,1,0
42,420753,2,2,0,0,0,2,2,43,0,7,9,2013,7,18,18,1,13,3,SR-230 HARRISBURG PIKE,SR-341 COLEBROOK RD,122,40.19661389,-76.70551389,0,12,6,0,2,4,0,1,1,1,0,1,0,0000000,99,99,99,99,88,88,0,0,0,1,0
42,420754,2,2,0,0,0,2,2,13,130,31,7,2013,4,7,31,1,13,3,SR-764 SEVENTH AVE,TWENTYFOURTH ST,46,40.50275556,-78.40615556,0,12,6,0,2,2,0,1,1,1,0,1,0,0000000,7,33,99,97,99,97,0,0,0,1,0
42,420755,1,1,0,0,0,1,1,91,4495,11,9,2013,4,10,52,0,14,3,SR-4014 TOWNSHIP LINE RD,OLD MILL RD,21,40.20064167,-75.51394722,0,24,0,0,3,4,0,2,1,1,0,1,0,0000000,10,53,99,97,99,97,0,0,0,1,0
42,420756,2,2,0,0,0,3,3,29,0,28,9,2013,7,12,48,1,2,2,US-322 HORSESHOE PIKE,,31,40.0839,-75.89175556,0,12,6,0,8,1,0,1,1,1,0,1,0,0000000,99,99,99,99,99,99,0,0,0,1,0
42,420757,1,1,0,0,0,1,1,101,6540,23,9,2013,2,21,5,1,13,2,US-1 ROOSEVELT BLVD,,91,40.02948333,-75.10448333,0,33,0,0,1,1,0,4,3,1,0,1,0,0000000,21,6,21,11,88,88,0,0,0,1,1
42,420758,2,2,0,0,0,3,3,85,0,6,9,2013,6,17,44,1,1,1,I-79 RAYMOND P SHAFER HWY,,1353,41.46396944,-80.16658611,0,12,6,0,1,1,0,1,1,1,0,1,0,0000000,17,52,18,3,18,36,0,0,0,3,1
42,420759,1,1,0,1,1,1,1,101,6540,30,9,2013,2,18,18,1,13,3,SR-2009 ARAMINGO AVE,,22,39.99227222,-75.09904167,0,8,0,0,1,1,0,1,1,1,0,1,0,0000000,18,20,18,23,18,48,0,0,0,1,0
42,420760,2,2,0,0,0,5,5,101,6540,29,9,2013,1,2,38,1,13,2,US-1 ROOSEVELT BLVD,,124,40.04468611,-75.05425278,0,12,2,0,1,1,0,1,3,1,0,1,0,0000000,2,37,2,43,3,42,0,0,0,1,0
42,420761,2,2,0,0,0,5,5,63,0,4,9,2013,4,9,47,0,15,2,US-422B BEN FRANKLIN RD,SHELLY DR,22,40.61650556,-79.19288056,0,12,6,0,2,2,0,1,1,1,0,1,0,0000000,9,48,9,51,10,50,0,0,0,2,0
42,420762,2,2,0,0,0,3,3,101,6540,11,9,2013,4,11,45,0,14,3,SR-3032 RACE ST,SEVENTH ST,1,39.9548,-75.15115,0,12,6,0,2,2,0,1,1,1,0,1,0,0000000,11,43,11,53,12,27,0,0,0,1,0
42,420763,1,1,0,1,1,3,3,47,0,2,9,2013,2,23,10,0,3,3,SR-255 MILLION DOLLAR HWY,,122,41.38682778,-78.55911944,0,8,0,0,1,1,0,1,2,1,0,1,0,0000000,99,99,99,99,99,99,0,0,0,1,0
42,420764,2,2,0,0,0,2,2,101,6540,20,9,2013,6,19,0,0,16,6,YORK ST,SIXTH ST,0,39.98772222,-75.14317778,0,12,6,0,2,2,0,1,5,1,0,1,0,0000000,19,4,19,10,19,42,0,0,0,1,0
42,420765,1,1,0,0,0,1,1,11,0,8,9,2013,1,0,46,0,3,3,SR-183 BERNVILLE RD,,194,40.51391667,-76.1992,0,38,0,0,1,1,0,4,2,1,0,1,0,0000000,99,99,99,99,88,88,0,0,0,1,0
42,420766,1,1,0,0,0,1,1,79,0,4,9,2013,4,5,54,1,1,1,I-80,,2629,41.05535,-75.95280278,0,42,0,0,1,1,0,3,2,1,0,1,0,0000000,99,99,99,99,88,88,0,0,0,1,0
42,420767,2,2,0,0,0,3,3,101,6540,14,9,2013,7,23,40,0,14,3,SR-1007 STATE RD,ASHBURNER ST,35,40.03703333,-75.01131944,0,12,6,0,2,3,0,1,3,1,0,1,0,0000000,23,48,23,53,0,19,0,0,0,1,0
42,420768,1,1,0,1,1,1,1,101,6540,16,9,2013,2,19,8,0,14,3,SR-1007 TACONY ST,,7,40.007825,-75.07489722,0,8,0,0,1,1,0,1,1,1,0,1,0,0000000,19,7,19,15,19,33,0,0,0,1,0
42,420769,1,1,0,1,1,1,1,91,0,9,9,2013,2,7,8,0,15,3,SR-4029 BUCHERT RD,SR-663 CHARLOTTE ST,25,40.26418889,-75.62902778,0,8,0,0,3,2,0,1,1,1,0,1,1,0000000,7,9,7,13,88,88,0,0,0,1,0
42,420770,1,1,0,0,0,1,1,33,0,25,8,2013,1,12,27,0,6,5,SIXTH STREET EXT,,0,40.97001667,-78.61091389,0,1,0,0,1,1,0,4,1,1,0,1,0,0000000,99,99,99,99,99,99,0,0,0,1,0
42,420771,2,1,1,1,1,1,1,79,6660,14,8,2013,4,19,50,0,16,6,NOTTINGHAM ST,,0,41.24084722,-75.95790278,0,8,0,0,1,1,0,1,5,1,0,1,0,0000000,99,99,99,99,99,99,0,0,0,1,0