STATE,ST_CASE,VE_TOTAL,VE_FORMS,PVH_INVL,PEDS,PERNOTMVIT,PERMVIT,PERSONS,COUNTY,CITY,DAY,MONTH,YEAR,DAY_WEEK,HOUR,MINUTE,NHS,ROAD_FNC,ROUTE,TWAY_ID,TWAY_ID2,MILEPT,LATITUDE,LONGITUD,SP_JUR,HARM_EV,MAN_COLL,RELJCT1,RELJCT2,TYP_INT,WRK_ZONE,REL_ROAD,LGT_COND,WEATHER1,WEATHER2,WEATHER,SCH_BUS,RAIL,NOT_HOUR,NOT_MIN,ARR_HOUR,ARR_MIN,HOSP_HR,HOSP_MN,CF1,CF2,CF3,FATALS,DRUNK_DR
42,420772,1,1,0,0,0,1,1,11,0,13,9,2013,6,21,36,0,14,3,SR-73 LAKE SHORE DR,,14,40.446975,-75.92191944,0,24,0,0,1,1,0,2,2,1,0,1,0,0000000,88,88,88,88,88,88,0,0,0,1,1
42,420773,2,2,0,1,1,3,3,7,0,4,9,2013,4,23,35,1,13,3,SR-18 BIG BEAVER BLVD,EASTWOOD RD,304,40.82013056,-80.32403889,0,8,0,0,2,2,0,1,3,1,0,1,0,0000000,88,88,88,88,88,88,0,0,0,1,0
42,420774,2,2,0,0,0,2,2,17,0,22,9,2013,1,1,12,1,13,3,SR-532 BUSTLETON PIKE,,31,40.145575,-75.00450556,0,12,2,0,1,1,0,1,3,2,0,2,0,0000000,1,14,1,23,2,0,0,0,0,1,1
42,420775,2,2,0,0,0,2,2,79,4310,12,7,2013,6,15,20,0,15,3,SR-2007 GIANTS DESPAIR RD,DICKERSON ST,52,41.22233889,-75.86307222,0,12,1,0,3,3,0,1,1,1,0,1,0,0000000,15,11,15,23,15,38,0,0,0,1,0
42,420776,1,1,0,1,1,1,1,79,0,4,8,2013,1,2,22,0,4,3,SR-239 POND HILL RD,,114,41.17571944,-76.17702222,0,8,0,0,1,1,0,1,2,1,0,1,0,0000000,2,33,2,42,3,57,0,0,0,1,0
42,420777,2,2,0,0,0,3,3,99,4540,8,9,2013,1,17,55,1,2,2,US-11 SUSQUEHANNA TRL,,243,40.58116667,-76.98021389,0,12,6,0,8,1,0,1,1,1,0,1,0,0000000,99,99,99,99,99,99,0,0,0,1,0
42,420778,1,1,0,0,0,1,1,7,0,18,8,2013,1,18,30,0,3,2,US-30 LINCOLN HWY,,78,40.54039444,-80.40960278,0,35,0,0,1,1,0,5,1,2,0,2,0,0000000,99,99,99,99,88,88,0,0,0,1,1
42,420779,2,2,0,0,0,2,2,7,0,11,8,2013,1,14,29,0,3,3,SR-3016 GREEN GARDEN RD,,54,40.603,-80.35630278,0,12,2,0,1,1,0,1,1,1,0,1,0,0000000,14,31,14,58,15,0,0,0,0,2,0
42,420780,2,2,0,0,0,4,4,55,0,18,4,2013,5,17,41,0,3,3,SR-316 WAYNE HWY,,98,39.84469167,-77.60657778,0,12,2,0,1,1,0,1,1,1,0,1,0,0000000,99,99,99,99,99,99,0,0,0,1,0
42,420781,2,2,0,0,0,2,2,55,0,6,9,2013,6,15,20,0,6,5,DICKEYS RD,,0,39.86815,-77.93162778,0,12,2,0,1,1,0,1,1,1,0,1,0,0000000,99,99,99,99,88,88,0,0,0,1,0
42,420782,2,1,1,1,1,1,1,55,0,18,5,2013,7,10,27,0,3,2,US-11 NORLAND AVE,,222,40.00560278,-77.59193889,0,8,0,0,1,1,0,1,1,1,0,1,0,0000000,10,20,10,31,10,47,14,0,0,1,0
42,420783,3,3,0,0,0,5,5,115,0,2,9,2013,2,19,5,0,5,3,SR-92,,47,41.69649722,-75.68122222,0,12,6,0,1,1,0,1,5,1,0,1,0,0000000,99,99,99,99,99,99,0,0,0,1,0
42,420784,1,1,0,0,0,1,1,7,0,3,8,2013,7,6,28,0,3,2,US-30 LINCOLN HWY,,106,40.51764444,-80.36803333,1,30,0,0,1,1,0,5,4,2,0,2,0,0000000,88,88,88,88,88,88,0,0,0,1,1
42,420785,1,1,0,1,1,1,1,55,8920,11,8,2013,1,1,59,0,16,6,SIXTH ST,,0,39.74811944,-77.58529167,0,8,0,0,1,1,0,1,6,1,0,1,0,0000000,88,88,88,88,88,88,0,0,0,1,0
42,420786,3,3,0,0,0,3,3,7,0,23,8,2013,6,20,57,0,15,3,SR-251 BLACKHAWK RD,KLITCH ST,75,40.76843889,-80.388825,0,12,6,0,2,3,0,1,5,1,0,1,0,0000000,88,88,88,88,88,88,0,0,0,1,0
42,420787,1,1,0,0,0,1,1,7,0,23,9,2013,2,13,47,0,15,3,SR-551 WALLACE RUN RD,TURNPIKE RAMP TOLL RD,17,40.79495278,-80.36226389,0,1,0,1,19,1,0,2,1,1,0,1,0,0000000,88,88,88,88,88,88,0,0,0,1,0
42,420788,3,3,0,0,0,4,4,101,6540,7,9,2013,7,23,27,0,14,3,SR-1003 WHITAKER AVE,,16,40.019075,-75.11500278,0,12,1,0,1,1,0,1,3,1,0,1,0,0000000,23,28,23,38,0,4,0,0,0,1,1
42,420789,1,1,0,0,0,1,1,109,0,3,9,2013,3,18,52,0,3,3,SR-104,,134,40.81616111,-77.05451944,0,30,0,0,1,1,0,4,1,1,0,1,0,0000000,99,99,99,99,88,88,0,0,0,1,1
42,420790,3,3,0,0,0,6,6,105,0,12,9,2013,5,16,20,1,2,2,US-6 GRAND ARMY OF THE REP HWY,,52,41.76590278,-78.11930278,0,12,2,0,1,1,0,1,1,2,0,2,0,0000000,99,99,99,99,99,99,0,0,0,1,0
42,420791,3,3,0,0,0,3,3,13,0,10,9,2013,3,14,9,0,4,3,SR-164 DUNNINGS WAY,SR-2010 FREEDOM ST,96,40.35672222,-78.430275,0,12,6,0,2,2,0,1,1,1,0,1,0,0000000,14,22,14,29,88,88,0,0,0,1,0
42,420792,3,2,1,0,0,4,4,101,6540,27,9,2013,6,21,0,0,14,3,SR-2016 ALLEGHENY AVE,SPANGLER ST,2,40.00561667,-75.18408333,0,12,7,0,2,2,0,1,3,1,0,1,0,0000000,21,7,21,12,21,37,0,0,0,1,0
42,420793,3,3,0,0,0,5,5,111,0,8,9,2013,1,16,30,0,3,3,SR-985 SOMERSET PIKE,,21,40.09273056,-79.09639167,0,1,0,0,1,1,0,1,1,1,0,1,0,0000000,16,34,16,41,99,99,14,0,0,1,1
42,420794,1,1,0,0,0,2,2,3,3013,9,9,2013,2,2,56,0,14,3,SR-4027 REIS RUN RD,,8,40.56917222,-80.07733889,0,38,0,0,1,1,0,5,2,1,0,1,0,0000000,2,54,3,9,3,38,0,0,0,1,0
42,420795,3,3,0,0,0,3,3,91,0,21,9,2013,7,13,11,1,13,3,SR-29 PHOENIXVILLE COLLEGE RD,ARCOLA RD,28,40.16546944,-75.47451111,0,12,6,0,2,2,0,1,1,1,0,1,0,0000000,13,11,13,17,13,45,0,0,0,1,0
42,420796,2,2,0,0,0,3,3,55,0,30,9,2013,2,9,40,1,1,1,I-76 EAST/WEST TPKE,,1947,40.14649167,-77.72132222,0,31,0,0,1,1,0,2,1,1,0,1,0,0000000,99,99,99,99,88,88,14,0,0,1,0
42,420797,1,1,0,1,1,2,2,79,9340,9,9,2013,2,0,39,0,13,3,SR-6309 DUPONT HWY,,44,41.25031944,-75.839725,0,8,0,0,1,1,0,4,3,1,0,1,0,0000000,0,44,0,46,1,0,0,0,0,1,1
42,420798,2,2,0,0,0,3,3,71,0,13,9,2013,6,20,50,0,15,3,SR-324 MARTICVILLE RD,,73,39.94919722,-76.30445556,0,1,0,0,1,1,0,1,2,1,0,1,0,0000000,99,99,99,99,88,88,0,0,0,1,1
42,420799,2,2,0,0,0,2,2,101,6540,20,9,2013,6,19,29,0,16,6,FIFTH ST,SPENCER ST,0,40.04408056,-75.12882222,0,5,0,0,2,2,0,1,3,1,0,1,0,0000000,19,27,19,33,19,49,14,0,0,1,1
42,420800,2,2,0,0,0,2,2,89,0,7,9,2013,7,18,48,0,4,3,SR-2012 HAMILTON SOUTH RD,,9,40.90598056,-75.31433611,0,12,6,0,8,1,0,1,1,1,0,1,0,0000000,99,99,99,99,99,99,0,0,0,1,1
42,420801,1,1,0,0,0,1,1,13,0,2,9,2013,2,18,58,0,15,3,SR-4019 OLD SIXTH AVENUE RD,,20,40.54879722,-78.36725833,0,30,0,0,1,1,0,5,1,1,0,1,0,0000000,19,1,19,4,19,23,0,0,0,1,0
42,420802,1,1,0,0,0,2,2,71,0,21,9,2013,7,1,35,0,14,3,SR-230 N MARKET ST,,4,40.161625,-76.63653611,0,59,0,0,1,1,0,4,2,1,0,1,0,0000000,99,99,99,99,99,99,0,0,0,1,1
42,420803,1,1,0,0,0,1,1,71,0,15,9,2013,1,3,21,0,15,3,SR-1051 CHURCH ST,,59,40.22009167,-76.13040833,0,30,0,0,1,1,0,4,2,1,0,1,0,0000000,99,99,99,99,99,99,0,0,0,1,1
42,420804,2,2,0,0,0,2,2,75,0,4,9,2013,4,9,37,1,1,1,I-81 AMERICAN LEGION MEM HWY,,869,40.41788611,-76.55183611,0,1,0,0,1,1,0,2,1,1,0,1,0,0000000,9,39,9,50,88,88,14,0,0,1,0
42,420805,1,1,0,0,0,1,1,25,0,16,9,2013,2,7,0,1,1,1,I-476 NORTHEAST EXT,,837,40.93631111,-75.64166944,0,35,0,0,1,1,0,4,1,2,0,2,0,0000000,99,99,99,99,88,88,0,0,0,1,1
42,420806,1,1,0,0,0,1,1,115,0,11,9,2013,4,15,0,0,5,3,SR-167 OWEGO ST,,256,41.97334167,-75.95529167,0,42,0,0,1,1,0,5,1,1,0,1,0,0000000,99,99,99,99,88,88,0,0,0,1,1
42,420807,1,1,0,0,0,1,1,3,0,13,9,2013,6,0,5,0,15,3,SR-2001 BUNOLA RIVER RD,,76,40.25798889,-79.90468889,0,24,0,0,1,1,0,4,2,1,0,1,0,0000000,0,13,0,18,88,88,0,0,0,1,1
42,420808,1,1,0,0,0,2,2,71,0,7,9,2013,7,23,15,1,12,3,SR-300 283RD FIELD ARTILLER RD,,26,40.15920833,-76.57623056,0,31,0,0,1,1,0,4,2,1,0,1,0,0000000,99,99,99,99,99,99,0,0,0,1,0
42,420809,1,1,0,1,1,1,1,79,0,12,9,2013,5,22,44,0,14,3,SR-2002 MAIN ST,,9,41.20789167,-75.98734722,0,8,0,0,1,1,0,1,3,2,0,2,0,0000000,22,45,22,53,23,15,0,0,0,1,0
42,420810,1,1,0,1,1,1,1,77,0,22,10,2013,3,16,5,0,6,5,SCHADT AVE,,0,40.643575,-75.48408056,0,8,0,0,1,1,0,1,1,1,0,1,0,0000000,99,99,99,99,99,99,0,0,0,1,0
42,420811,1,1,0,0,0,1,1,11,0,10,10,2013,5,9,5,0,6,5,COUNTY WELFARE RD,,0,40.38693889,-76.00124167,0,42,0,0,1,1,0,4,1,2,0,2,0,0000000,99,99,99,99,88,88,0,0,0,1,0
42,420812,1,1,0,0,0,1,1,119,0,13,10,2013,1,1,52,0,6,5,RIDGE RD,,0,41.04536944,-76.89690556,0,32,0,0,1,1,0,4,2,1,0,1,0,0000000,1,54,2,1,88,88,0,0,0,1,1
42,420813,1,1,0,1,1,1,1,79,4280,5,9,2013,5,20,5,0,13,2,US-11,SR-1004 CHURCH ST,243,41.24706111,-75.92780278,0,9,0,0,2,4,0,1,2,1,0,1,0,0000000,20,10,20,13,20,33,0,0,0,1,1
42,420814,1,1,0,1,1,1,1,73,0,29,9,2013,1,20,3,1,2,2,US-224 YOUNGSTOWN POLAND RD,,16,41.01448333,-80.49106667,0,8,0,0,1,1,0,1,5,1,0,1,0,0000000,20,6,20,16,99,96,0,0,0,1,0
42,420815,2,2,0,0,0,4,4,3,4501,2,9,2013,2,14,40,0,14,3,SR-2001 LINCOLN HWY,SR-2021 BELLBRIDGE RD,110,40.30079444,-79.865975,0,12,6,0,2,3,0,1,1,99,0,99,0,0000000,14,49,14,56,15,45,0,0,0,1,0
42,420816,2,2,0,0,0,2,2,17,0,26,9,2013,5,15,20,1,11,1,I-276 EAST/WEST TPKE,,3572,40.12468889,-74.86116111,0,12,7,0,1,1,0,1,1,1,0,1,0,0000000,15,20,15,30,16,7,0,0,0,1,0
42,420817,1,1,0,0,0,1,1,13,0,7,10,2013,2,7,45,0,4,3,SR-866 PINEY CREEK RD,,145,40.44439444,-78.22978056,0,42,0,0,1,1,0,4,4,2,0,2,0,0000000,8,51,9,13,9,49,0,0,0,1,0
42,420818,1,1,0,1,1,1,1,95,2270,18,8,2013,1,2,0,0,14,3,SR-2026 LEHIGH DR,,21,40.68420833,-75.22257222,0,8,0,0,1,1,0,2,3,1,0,1,0,0000000,99,99,99,99,99,99,0,0,0,1,1
42,420819,2,2,0,0,0,2,2,17,0,22,10,2013,3,4,22,1,13,3,SR-611 EASTON RD,,34,40.25966389,-75.13149167,0,12,6,0,8,1,0,1,2,1,0,1,0,0000000,4,22,4,26,88,88,0,0,0,1,0
42,420820,1,1,0,0,0,2,2,125,9063,13,9,2013,6,6,45,0,5,3,SR-3043 MAJORSVILLE RD,,22,39.97145556,-80.48903333,0,42,0,0,1,1,0,4,4,5,0,5,0,0000000,6,55,7,36,99,96,0,0,0,1,0
42,420821,2,2,0,0,0,2,2,21,0,17,10,2013,5,18,7,1,2,2,US-22 WILLIAM PENN HWY,,30,40.44247222,-78.88968056,0,25,0,0,1,1,0,3,5,2,0,2,0,0000000,99,99,99,99,99,99,0,0,0,1,0
42,420822,2,2,0,0,0,2,2,13,0,12,3,2013,3,10,55,0,15,3,SR-4027,,12,40.65861111,-78.25985556,0,12,6,0,1,1,0,1,1,1,0,1,0,0000000,10,50,10,57,11,40,0,0,0,1,0
42,420823,2,2,0,0,0,2,2,129,5645,9,10,2013,4,22,41,1,13,2,US-22 WILLIAM PENN HWY,,55,40.40638611,-79.60670833,0,12,1,0,1,1,0,1,3,1,0,1,0,0000000,22,40,22,48,88,88,0,0,0,1,1
42,420824,2,2,0,0,0,3,3,107,0,12,10,2013,7,15,25,0,4,3,SR-125 TREMONT RD,SR-3013 MOLLEYSTOWN RD,30,40.58991667,-76.4072,0,12,6,0,2,3,0,1,1,1,0,1,0,0000000,99,99,99,99,99,99,0,0,0,1,0
42,420825,1,1,0,0,0,1,1,77,0,6,10,2013,1,16,2,0,5,3,SR-4024 MOUNTAIN RD,,93,40.766525,-75.65018056,0,32,0,0,1,1,0,4,1,1,0,1,0,0000000,99,99,99,99,99,99,0,0,0,1,1
42,420826,2,2,0,0,0,2,2,65,0,25,10,2013,6,6,57,0,3,3,SR-36 COLONEL DRAKE HWY,,318,41.20381111,-79.11360278,0,12,6,0,1,1,0,1,2,1,0,1,0,0000000,99,99,99,99,99,99,0,0,0,1,0
42,420827,2,2,0,0,0,5,5,59,0,9,10,2013,4,8,15,0,3,3,SR-18 ROY E FURMAN HWY,,185,39.88674722,-80.24281389,0,12,6,0,8,1,0,1,1,1,0,1,0,0000000,8,19,8,29,9,4,0,0,0,1,0
42,420828,2,2,0,0,0,3,3,29,0,11,10,2013,6,22,32,1,2,3,SR-41 GAP NEWPORT PIKE,,72,39.85435833,-75.82203611,0,12,2,0,1,1,0,1,2,2,0,2,0,0000000,99,99,99,99,99,99,0,0,0,1,0
42,420829,1,1,0,0,0,1,1,89,0,29,10,2013,3,3,17,0,3,3,SR-191,,227,41.19649167,-75.29805,0,42,0,0,1,1,0,4,2,1,0,1,0,0000000,99,99,99,99,88,88,0,0,0,1,1
42,420830,2,1,1,0,0,5,5,101,6540,26,10,2013,7,12,30,0,16,6,NORCOM RD,,0,40.09041667,-75.00847222,0,14,0,0,1,1,0,5,1,1,0,1,0,0000000,12,33,12,39,13,12,0,0,0,1,0
42,420831,2,2,0,0,0,6,6,101,6540,21,10,2013,2,23,11,0,16,6,RED LION RD,,0,40.09686111,-75.01786111,0,25,0,0,1,1,0,3,3,1,0,1,0,0000000,23,10,23,14,23,36,0,0,0,1,0
42,420832,2,2,0,0,0,2,2,55,0,7,10,2013,2,3,20,0,4,2,US-11 MOLLY PITCHER HWY,,27,39.76085278,-77.72738889,0,12,2,0,1,1,1,1,2,1,0,1,0,0000000,99,99,99,99,88,88,0,0,0,1,1
42,420833,2,2,0,0,0,4,4,87,9997,23,10,2013,4,11,10,0,16,6,KISTLER RD,PARK RD,0,40.38218056,-77.87008056,0,12,6,0,2,3,0,1,1,2,0,2,0,0000000,99,99,99,99,99,99,0,0,0,1,0
42,420834,1,1,0,0,0,1,1,91,3540,20,10,2013,1,11,59,0,16,6,UNION ST,,0,40.28564167,-75.29631667,0,33,0,0,1,1,0,4,1,1,0,1,0,0000000,12,1,12,9,12,20,0,0,0,1,0
42,420835,1,1,0,0,0,2,2,107,0,28,9,2013,7,10,50,1,1,1,I-81 AMERICAN LEGION MEM HWY,,1204,40.75969444,-76.27695,0,34,0,0,1,1,0,5,1,1,0,1,0,0000000,88,88,88,88,88,88,0,0,0,2,0
42,420836,1,1,0,2,2,1,1,87,0,10,9,2013,3,15,38,0,6,3,SR-4009 WAYNESBURG RD,,9,40.55831667,-77.78346111,0,15,0,0,1,1,0,1,1,1,0,1,0,0000000,15,37,15,51,99,99,0,0,0,1,0
42,420837,1,1,0,0,0,2,2,55,0,21,9,2013,7,19,35,1,1,1,I-81 AMERICAN LEGION MEM HWY,,98,39.85724722,-77.68648611,0,24,0,0,1,1,0,2,2,2,0,2,0,0000000,99,99,99,99,99,99,0,0,0,1,0
42,420838,1,1,0,0,0,1,1,85,0,13,10,2013,1,99,99,0,6,5,HIGH RD,,0,41.44023333,-80.38699167,0,34,0,0,1,1,0,5,2,1,0,1,0,0000000,7,24,99,97,99,97,0,0,0,1,1
42,420839,1,1,0,0,0,1,1,95,0,2,10,2013,4,14,9,0,6,6,BEERSVILLE RD,DONNERSVILLE RD,0,40.76310278,-75.42646389,0,1,0,0,2,3,0,1,1,1,0,1,0,0000000,99,99,99,99,99,99,0,0,0,1,1
42,420840,1,1,0,0,0,1,1,15,0,2,10,2013,4,16,55,0,6,3,SR-1004 TURKEY PATH RD,,3,41.69775278,-76.22540278,0,1,0,0,1,1,0,1,1,1,0,1,0,0000000,88,88,88,88,88,88,0,0,0,1,1
42,420841,1,1,0,1,1,1,1,3,5413,3,10,2013,5,19,24,0,16,4,CR-MONROEVILLE BLVD,,0,40.43715833,-79.77549722,0,8,0,0,1,1,0,1,2,1,0,1,0,0000000,19,24,19,27,19,43,0,0,0,1,0
42,420842,2,2,0,0,0,2,2,69,0,4,10,2013,6,6,25,1,11,1,I-81 AMERICAN LEGION MEM HWY,,1966,41.51921111,-75.66146944,0,12,7,0,1,1,0,1,4,1,0,1,0,0000000,6,24,6,38,88,88,0,0,0,1,0
42,420843,2,2,0,0,0,2,2,63,0,23,10,2013,4,11,17,0,15,3,SR-3024 WARREN RD,MCKNIGHT RD,33,40.61166944,-79.18305556,0,12,6,0,2,3,0,1,1,2,0,2,0,0000000,11,17,11,22,11,34,0,0,0,1,0
42,420844,1,1,0,0,0,2,2,133,1516,26,10,2013,7,14,51,0,4,3,SR-516 JEFFERSON RD,,53,39.78301944,-76.80938611,0,24,0,0,1,1,0,2,1,1,0,1,0,0000000,99,99,99,99,99,99,0,0,0,1,1
42,420845,2,2,0,0,0,3,3,85,0,29,10,2013,3,13,30,0,5,3,SR-318 MIDDLESEX MERCER RD,,114,41.21329722,-80.31241111,0,59,0,0,1,1,0,4,1,1,0,1,0,0000000,13,31,13,55,14,38,14,0,0,1,0
42,420846,2,2,0,0,0,2,2,5,0,28,10,2013,2,8,10,1,12,2,US-422 BENJAMIN FRANKLIN HWY,SR-3009 CLAYPOOLE RD,38,40.83436111,-79.62451944,0,12,6,0,2,2,0,1,1,1,0,1,0,0000000,8,9,8,11,9,15,0,0,0,1,0
42,420847,2,2,0,0,0,3,3,71,0,28,10,2013,2,15,25,0,14,3,SR-3028 LAMPETER RD,ROCKVALE RD,41,40.00616944,-76.24799444,0,12,6,0,2,3,0,1,1,1,0,1,0,0000000,99,99,99,99,99,99,0,0,0,1,0
42,420848,2,2,0,0,0,2,2,49,0,24,10,2013,5,12,14,0,3,3,SR-8 MAIN ST,,6,41.85863611,-79.82975556,0,12,6,0,1,1,0,1,1,4,0,4,0,0000000,8,11,8,14,88,88,0,0,0,1,0
42,420849,1,1,0,0,0,1,1,129,0,27,10,2013,1,3,3,0,3,3,SR-711 STAHLSTOWN LIGONIER RD,,95,40.20026389,-79.26460556,0,38,0,0,1,1,0,5,2,1,0,1,0,0000000,3,3,3,11,88,88,0,0,0,1,1
42,420850,1,1,0,0,0,1,1,69,200,29,10,2013,3,13,39,0,15,3,SR-1012 SALEM RD,,34,41.49473333,-75.51521111,0,42,0,0,1,1,0,5,1,1,0,1,0,0000000,13,44,13,51,14,25,0,0,0,1,0
42,420851,1,1,0,0,0,1,1,133,0,19,10,2013,7,0,46,0,5,3,SR-4014 HARMONY GROVE RD,,26,40.01936944,-76.93368889,0,58,0,0,1,1,0,4,2,1,0,1,0,0000000,99,99,99,99,99,99,0,0,0,1,1
42,420852,2,2,0,0,0,2,2,107,0,11,9,2013,4,16,56,1,13,3,SR-61,61N 61S TO 2006 RD,122,40.64072222,-76.18353333,0,12,6,0,2,3,0,1,1,1,0,1,0,0000000,99,99,99,99,88,88,0,0,0,1,0
42,420853,2,2,0,0,0,2,2,77,660,19,9,2013,5,10,0,0,14,3,SR-1009 SCHOENERSVILLE,E CATASAUQUA RD,6,40.64006667,-75.39983889,0,12,6,0,2,2,0,1,1,1,0,1,0,0000000,99,99,99,99,99,99,0,0,0,1,0
42,420854,2,2,0,0,0,2,2,107,0,14,9,2013,7,3,10,1,2,3,SR-61,,193,40.73431667,-76.199075,0,12,2,0,1,1,0,1,2,1,0,1,0,0000000,99,99,99,99,99,99,0,0,0,2,1
42,420855,1,1,0,1,1,1,1,101,6540,11,10,2013,6,6,11,0,16,6,TWENTYSECOND ST,SR-3 CHESTNUT ST,0,39.95249444,-75.17700833,0,8,0,0,3,2,0,1,3,2,0,2,0,0000000,6,17,6,21,6,57,0,0,0,1,0
42,420856,1,1,0,1,1,1,1,95,8370,28,10,2013,2,5,58,0,14,3,SR-2017 TATAMY RD,COMMERCE LN,47,40.736575,-75.25851111,0,8,0,0,3,2,0,1,2,1,0,1,0,0000000,99,99,99,99,88,88,0,0,0,1,0
42,420857,2,2,0,0,0,2,2,45,1270,28,10,2013,2,15,54,0,16,6,FIFTH ST,PARKER ST,0,39.84503056,-75.36800278,0,12,6,0,2,2,0,1,1,1,0,1,0,0000000,99,99,99,99,99,99,4,0,0,1,1
42,420858,2,2,0,0,0,3,3,3,0,9,10,2013,4,14,28,1,13,2,US-19 PERRY HWY,BROWN RD,246,40.62173333,-80.05432778,0,12,6,0,2,3,0,1,1,1,0,1,0,0000000,14,28,14,33,15,0,0,0,0,1,0
42,420859,2,2,0,0,0,3,3,25,0,11,10,2013,6,11,23,0,3,3,SR-443 BLAKESLEE BLVD DR,,30,40.797975,-75.77660556,0,12,6,0,8,1,0,1,1,1,0,1,0,0000000,99,99,99,99,99,99,0,0,0,1,0
42,420860,1,1,0,1,1,1,1,91,0,27,10,2013,1,20,35,1,13,3,SR-309 CHELTENHAM AVE,,15,40.075275,-75.15882222,0,8,0,0,8,1,0,1,3,1,0,1,0,0000000,20,38,20,42,21,5,0,0,0,1,0
42,420861,1,1,0,0,0,4,4,3,6600,27,10,2013,1,3,3,1,13,3,SR-51 SAW MILL RUN BL,,190,40.416775,-80.01450278,0,33,0,0,1,1,0,5,3,1,0,1,0,0000000,99,99,99,99,99,99,0,0,0,2,0
42,420862,1,1,0,0,0,2,2,49,2769,17,10,2013,5,0,20,0,6,5,TOW RD,,0,42.0484,-80.24265,0,43,0,0,1,1,0,5,2,1,0,1,0,0000000,0,25,0,30,99,99,0,0,0,1,1
42,420863,1,1,0,0,0,2,2,17,0,5,10,2013,7,1,45,0,13,3,SR-332 NEWTON BPY,PENNS TRL,122,40.22231944,-74.90988889,0,25,0,0,2,2,0,1,2,1,0,1,0,0000000,1,50,1,57,99,99,0,0,0,1,1
42,420864,1,1,0,0,0,4,4,33,0,15,10,2013,3,15,41,0,5,3,SR-3006 WESTOVER RD,,52,40.740125,-78.63365278,0,42,0,0,1,1,0,4,1,1,0,1,0,0000000,99,99,99,99,99,99,0,0,0,1,0
42,420865,1,1,0,0,0,1,1,117,5489,11,10,2013,6,20,45,0,6,5,HORN HILL RD,,0,41.55684167,-77.32231944,0,7,0,0,1,1,0,5,2,1,0,1,0,0000000,20,58,99,97,99,97,0,0,0,1,1
42,420866,1,1,0,1,1,1,1,9,0,14,10,2013,2,22,8,0,4,3,SR-4009 RICHARD ST,,71,40.03721389,-78.50590556,0,8,0,0,1,1,0,1,2,1,0,1,0,0000000,22,3,99,97,99,97,0,0,0,1,0
42,420867,1,1,0,0,0,1,1,133,3586,15,10,2013,3,17,40,0,6,5,DARK HOLLOW RD,FRONT ST EXT,0,40.03963333,-76.53500556,0,24,0,0,3,4,0,2,1,1,0,1,0,0000000,17,45,17,55,18,30,0,0,0,1,1
42,420868,2,2,0,0,0,6,6,17,0,16,8,2013,6,8,36,1,11,1,I-95 DELAWARE EXPY,,341,40.06541389,-74.96741667,0,12,7,0,1,1,0,1,1,1,0,1,0,0000000,8,38,8,44,9,2,0,0,0,1,0
42,420869,1,1,0,1,1,1,1,101,6540,4,10,2013,6,22,56,0,14,3,SR-4007 CLARISSA ST,,20,40.01709167,-75.15858056,0,8,0,0,1,1,0,4,3,1,0,1,0,0000000,22,54,23,1,23,10,0,0,0,1,0
42,420870,2,2,0,0,0,2,2,99,0,9,10,2013,4,22,54,0,3,3,SR-850 LANDISBURG RD,,174,40.350025,-77.24168333,0,12,6,0,1,1,0,1,2,1,0,1,0,0000000,99,99,99,99,88,88,0,0,0,1,1
42,420871,1,1,0,1,1,1,1,73,2580,28,10,2013,2,10,27,0,14,3,SR-351 LAWRENCE AVE,SEVENTH ST,76,40.85846111,-80.29054444,0,8,0,0,3,2,0,1,1,1,0,1,0,0000000,10,34,10,38,11,31,4,0,0,1,0
42,420872,2,2,0,0,0,2,2,11,0,2,10,2013,4,10,55,0,3,3,SR-10 MAIN ST,MORVIEW BLVD,1,40.15368611,-75.89693056,0,12,6,0,2,3,0,1,1,1,0,1,0,0000000,99,99,99,99,99,99,0,0,0,1,0
42,420873,2,2,0,0,0,2,2,91,0,2,10,2013,4,13,22,0,6,4,CR-GERMANTOWN PIKE,,0,40.15969722,-75.37599444,0,12,2,0,1,1,0,1,1,1,0,1,0,0000000,13,20,13,26,14,14,0,0,0,1,1
42,420874,2,2,0,0,0,2,2,3,5413,12,10,2013,7,1,24,1,13,2,US-22B WILLIAM PENN HWY,DUFF RD,37,40.43811111,-79.77419722,0,12,6,0,2,3,0,1,3,1,0,1,0,0000000,99,99,99,99,99,99,0,0,0,1,1
42,420875,2,2,0,0,0,3,3,115,0,25,10,2013,6,18,29,0,3,3,SR-106,,116,41.65792222,-75.605625,0,12,2,0,1,1,0,1,2,1,0,1,0,0000000,99,99,99,99,99,99,0,0,0,1,1
42,420876,2,2,0,0,0,7,7,71,0,22,10,2013,3,13,47,0,4,3,SR-892,SR-1053 PEARTOWN RD,257,40.28351667,-76.15352222,0,12,6,0,2,2,0,1,1,1,0,1,0,0000000,99,99,99,99,99,99,0,0,0,1,0
42,420877,1,1,0,1,1,1,1,101,6540,22,10,2013,3,10,48,1,13,2,US-13 FRANKFORD AVE,,102,40.03724444,-75.03965278,0,8,0,0,1,1,0,1,1,1,0,1,1,0000000,10,46,10,49,88,88,0,0,0,1,0
42,420878,1,1,0,1,1,1,1,101,6540,5,10,2013,7,6,20,1,13,3,SR-1001 RISING SUN AVE,SR-4004 OLNEY AVE,7,40.03445,-75.11489444,0,8,0,0,3,2,0,1,4,1,0,1,0,0000000,6,16,6,20,88,88,0,0,0,1,0