STATE,ST_CASE,VE_TOTAL,VE_FORMS,PVH_INVL,PEDS,PERNOTMVIT,PERMVIT,PERSONS,COUNTY,CITY,DAY,MONTH,YEAR,DAY_WEEK,HOUR,MINUTE,NHS,ROAD_FNC,ROUTE,TWAY_ID,TWAY_ID2,MILEPT,LATITUDE,LONGITUD,SP_JUR,HARM_EV,MAN_COLL,RELJCT1,RELJCT2,TYP_INT,WRK_ZONE,REL_ROAD,LGT_COND,WEATHER1,WEATHER2,WEATHER,SCH_BUS,RAIL,NOT_HOUR,NOT_MIN,ARR_HOUR,ARR_MIN,HOSP_HR,HOSP_MN,CF1,CF2,CF3,FATALS,DRUNK_DR
42,420879,3,3,0,0,0,3,3,17,0,1,10,2013,3,15,1,0,14,3,SR-4085 BETHLEHEM PIKE,,23,40.32785556,-75.30314444,0,12,1,0,8,1,0,1,1,1,0,1,0,0000000,15,5,15,15,99,99,0,0,0,1,0
42,420880,3,3,0,0,0,4,4,29,0,4,10,2013,6,19,46,1,13,2,US-322 DOWNINGTOWN PIKE,,166,39.98521944,-75.69000833,0,12,2,0,1,1,0,1,2,1,0,1,0,0000000,19,42,19,48,99,99,0,0,0,1,1
42,420881,1,1,0,0,0,1,1,15,0,6,10,2013,1,23,0,0,6,5,MORRIS RD,,0,41.58144167,-76.56653333,0,1,0,0,1,1,0,4,2,1,0,1,0,0000000,99,99,99,99,88,88,4,22,0,1,1
42,420882,1,1,0,0,0,1,1,11,0,7,10,2013,2,11,7,0,6,5,LORANE RD,,0,40.28920278,-75.849475,0,42,0,0,1,1,0,4,1,2,0,2,0,0000000,99,99,99,99,99,99,0,0,0,1,0
42,420883,1,1,0,1,1,1,1,25,8260,27,10,2013,1,20,46,0,6,5,RICHARDS AVE,,0,40.82780833,-75.87359444,0,8,0,0,1,1,0,1,3,1,0,1,0,0000000,99,99,99,99,99,99,0,0,0,1,0
42,420884,2,2,0,0,0,2,2,91,0,5,10,2013,7,19,10,0,15,3,SR-2034 WILLOW GROVE AVE,ARDMORE AVE,2,40.07923333,-75.1922,0,12,2,0,2,2,0,1,3,1,0,1,0,0000000,19,11,19,21,19,50,0,0,0,1,1
42,420885,1,1,0,1,1,1,1,125,0,11,10,2013,6,15,42,1,13,2,US-19 WASHINGTON RD,,203,40.24209167,-80.17769444,0,8,0,0,1,1,0,1,1,2,0,2,0,0000000,15,44,15,48,16,40,0,0,0,1,0
42,420886,1,1,0,1,1,1,1,133,0,16,10,2013,4,18,8,0,15,3,SR-182 INDIAN ROCK DAM RD,,46,39.91153056,-76.71946389,0,8,0,0,1,1,0,1,1,1,0,1,0,0000000,99,99,99,99,99,99,0,0,0,1,0
42,420887,2,2,0,2,2,3,3,43,3500,21,10,2013,2,14,24,0,13,3,SR-230 CAMERON ST,BERRYHILL ST,18,40.25775278,-76.87079722,0,8,0,0,2,3,0,1,1,1,0,1,0,0000000,99,99,99,99,99,99,15,0,0,1,0
42,420888,2,2,0,0,0,2,2,25,6410,4,10,2013,6,15,51,1,11,1,I-476 NORTHEAST EXPY,,753,40.83111111,-75.67789722,0,12,7,0,1,1,0,1,1,1,0,1,0,0000000,99,99,99,99,99,99,0,0,0,1,1
42,420889,2,2,0,0,0,2,2,17,5212,17,10,2013,5,16,32,0,4,3,SR-4033 UPPER RIDGE RD,,50,40.38247222,-75.397425,0,12,2,0,1,1,0,1,1,1,0,1,0,0000000,16,32,16,45,17,21,0,0,0,1,2
42,420890,1,1,0,0,0,1,1,101,6540,14,10,2013,2,4,26,1,13,2,US-1 ROOSEVELT BLVD,,115,40.11421111,-74.98735556,0,42,0,0,1,1,0,4,3,1,0,1,0,0000000,4,27,4,34,88,88,0,0,0,1,0
42,420891,2,2,0,0,0,3,3,79,0,19,10,2013,7,1,15,0,4,3,SR-29,,153,41.30498333,-76.09595556,0,12,7,0,1,1,0,1,2,1,0,1,0,0000000,1,16,1,31,2,1,0,0,0,1,2
42,420892,1,1,0,0,0,1,1,13,0,26,10,2013,7,5,3,0,6,5,LOWER PINEY CREEK RD,,0,40.469575,-78.22929167,0,1,0,0,1,1,0,4,2,1,0,1,0,0000000,5,3,5,14,5,46,4,0,0,1,1
42,420893,3,3,0,0,0,6,6,55,0,19,10,2013,7,13,55,0,15,3,SR-2023 FORT RICHIE ACCESS RD,,0,39.72012778,-77.48721389,0,12,2,0,1,1,0,1,1,1,0,1,0,0000000,99,99,99,99,99,99,0,0,0,5,0
42,420894,3,3,0,0,0,5,5,45,0,1,10,2013,3,15,25,0,14,3,SR-3007 CONCORD RD,,43,39.86808889,-75.45781667,0,12,8,0,1,1,0,1,1,1,0,1,0,0000000,99,99,99,99,99,99,0,0,0,1,0
42,420895,2,2,0,0,0,39,39,119,0,9,10,2013,4,1,33,1,1,1,I-80 Z H CONFAIR MEMORIAL HWY,,2048,41.07443611,-76.96428889,0,12,1,0,1,1,0,1,2,1,0,1,0,0000000,99,99,99,99,99,99,0,0,0,1,0
42,420896,1,1,0,0,0,1,1,99,0,9,10,2013,4,9,38,0,4,3,SR-850 VALLEY RD,,234,40.32189722,-77.11075278,0,35,0,0,1,1,0,4,1,1,0,1,0,0000000,99,99,99,99,88,88,0,0,0,1,0
42,420897,1,1,0,0,0,2,2,101,6540,12,10,2013,7,22,3,0,14,3,SR-1007 STATE RD,,35,40.035425,-75.01415833,0,30,0,0,1,1,0,4,3,8,0,8,0,0000000,22,2,22,7,22,33,0,0,0,2,1
42,420898,2,2,0,0,0,5,5,25,0,12,10,2013,7,19,2,1,1,1,I-476 NORTHEAST EXT,,716,40.786475,-75.65648056,0,12,6,0,1,1,0,1,3,1,0,1,0,0000000,99,99,99,99,99,99,0,0,0,1,0
42,420899,1,1,0,0,0,1,1,111,0,31,10,2013,5,2,0,0,6,3,SR-4010 GREEN BRIDGE RD,,91,40.14893889,-79.00790278,0,24,0,0,1,1,0,4,2,1,0,1,0,0000000,2,14,2,26,3,13,0,0,0,1,1
42,420900,1,1,0,0,0,1,1,53,0,25,10,2013,6,9,12,1,2,2,US-62 OIL CITY RD,,3,41.47128056,-79.50445556,0,35,0,0,1,1,0,4,1,1,0,1,0,0000000,99,99,99,99,88,88,0,0,0,1,0
42,420901,2,2,0,0,0,5,5,45,0,8,10,2013,3,22,10,1,11,1,I-95 VIETNAM VETERANS MEMOR HW,,18,39.83489444,-75.42254444,0,12,1,0,1,1,0,1,2,1,0,1,0,0000000,99,99,99,99,99,99,0,0,0,1,1
42,420902,2,2,0,0,0,2,2,91,0,10,10,2013,5,23,2,0,6,5,RIDGE PIKE,,0,40.07440278,-75.24424722,0,12,2,0,1,1,0,1,3,1,0,1,0,0000000,23,8,23,8,23,53,0,0,0,1,2
42,420903,1,1,0,0,0,5,5,101,6540,30,10,2013,4,21,51,0,14,3,SR-4003 WISSAHICKON AVE,,2,40.01278333,-75.16907778,0,43,0,0,1,1,0,5,3,1,0,1,0,0000000,21,51,21,57,22,9,0,0,0,1,1
42,420904,2,2,0,0,0,5,5,19,0,11,10,2013,6,10,0,1,11,1,I-79 RAYMOND P SHAFFER HWY,,812,40.72974167,-80.10296944,0,12,6,0,1,1,0,1,1,1,0,1,0,0000000,10,2,10,11,10,53,0,0,0,1,0
42,420905,2,2,0,0,0,5,5,69,0,1,10,2013,3,15,30,0,14,3,SR-307 WINOLA RD,SR-4024 WINOLA RD,167,41.48761389,-75.72954722,0,12,6,0,2,4,0,1,1,1,0,1,0,0000000,15,35,15,42,16,23,0,0,0,1,0
42,420906,3,1,2,3,3,1,1,69,4980,12,10,2013,7,23,20,1,12,2,US-6 ROBERT P CASEY HWY,,189,41.53377778,-75.52724167,0,14,0,0,1,1,0,8,3,1,0,1,0,0000000,23,29,23,32,0,5,14,15,23,1,1
42,420907,2,2,0,0,0,2,2,85,9160,24,10,2013,5,5,40,0,15,3,SR-318 MAIN ST,,32,41.1727,-80.45878056,0,33,0,0,1,1,0,4,3,3,0,3,0,0000000,5,47,5,57,99,99,99,99,99,1,0
42,420908,3,3,0,0,0,3,3,101,6540,7,10,2013,2,16,1,1,13,3,SR-6001 ROOSEVELT BLVD,,101,40.10138889,-75.00596944,0,12,6,0,8,1,0,1,1,2,0,2,1,0000000,16,1,16,6,16,21,0,0,0,1,0
42,420909,2,2,0,0,0,3,3,7,0,8,10,2013,3,15,35,0,14,3,SR-151 BOCKTOWN RD,SR-8001 HOPEWELL INT/RAMP T RD,103,40.55811944,-80.28143333,0,12,6,1,2,3,0,1,1,1,0,1,0,0000000,99,99,99,99,99,99,0,0,0,1,0
42,420910,1,1,0,0,0,1,1,39,0,25,10,2013,6,20,11,0,5,3,SR-4010 WEST RD,,133,41.77277778,-80.22022222,0,53,0,0,1,1,0,4,2,1,0,1,0,0000000,99,99,99,99,88,88,0,0,0,1,0
42,420911,1,1,0,0,0,1,1,87,0,11,10,2013,6,21,15,1,2,2,US-22 WILLIAM PENN HWY,,110,40.49361667,-77.74265556,0,52,0,0,1,1,0,4,2,1,0,1,0,0000000,21,15,21,26,21,43,0,0,0,1,1
42,420912,4,4,0,0,0,5,5,11,0,11,10,2013,6,17,17,1,13,3,SR-61 POTTSVILLE PIKE,,111,40.48821111,-75.96431389,0,12,6,0,1,1,0,1,1,2,0,2,0,0000000,99,99,99,99,99,99,0,0,0,1,0
42,420913,1,1,0,0,0,1,1,9,0,18,10,2013,6,15,35,0,4,3,SR-326 BLACK VALLEY RD,,104,39.84746389,-78.5045,0,42,0,0,1,1,0,4,1,1,0,1,0,0000000,15,35,15,57,88,88,0,0,0,1,0
42,420914,1,1,0,0,0,1,1,77,0,12,10,2013,7,9,25,1,1,1,I-476 NORTHEAST EXT,,699,40.76332222,-75.64168056,0,11,0,0,1,1,0,1,1,1,0,1,0,0000000,99,99,99,99,99,99,0,0,0,1,0
42,420915,1,1,0,0,0,1,1,89,0,6,10,2013,1,22,18,0,6,5,CRAIGS MEADOW RD,,0,41.03946111,-75.1427,0,42,0,0,1,1,0,5,2,1,0,1,0,0000000,99,99,99,99,88,88,0,0,0,1,0
42,420916,1,1,0,0,0,3,3,19,0,2,10,2013,4,13,19,0,6,5,MUDDY CREEK DR,,0,40.97688611,-79.98068333,0,35,0,0,1,1,0,4,1,1,0,1,0,0000000,13,27,13,41,14,15,20,4,0,1,0
42,420917,1,1,0,0,0,1,1,51,0,19,10,2013,7,20,14,0,15,3,SR-2023 HOPWOOD COOLSPRING RD,,9,39.88317778,-79.68814444,0,35,0,0,1,1,0,4,2,1,0,1,0,0000000,20,11,20,16,20,35,0,0,0,1,1
42,420918,1,1,0,0,0,1,1,97,0,29,10,2013,3,12,29,0,3,3,SR-225,,25,40.66930833,-76.83174722,0,42,0,0,1,1,0,5,1,1,0,1,0,0000000,12,30,12,45,13,0,0,0,0,1,0
42,420919,1,1,0,0,0,1,1,27,0,6,10,2013,1,7,20,0,6,5,PURDUE MOUNTAIN RD,,0,40.87399444,-77.89506389,0,42,0,0,1,1,0,4,1,1,0,1,0,0000000,7,31,7,43,8,13,0,0,0,1,0
42,420920,3,3,0,0,0,8,8,71,0,30,10,2013,4,11,37,0,14,3,SR-272 OREGON PIKE,,274,40.12076111,-76.23498889,0,12,6,0,8,1,0,1,1,1,0,1,0,0000000,99,99,99,99,99,99,0,0,0,1,0
42,420921,1,1,0,0,0,1,1,39,0,2,11,2013,7,2,45,0,5,3,SR-1006 MCCLELLAND ST,,47,41.81053056,-80.076025,0,52,0,0,1,1,0,2,2,1,0,1,0,0000000,88,88,88,88,88,88,0,0,0,1,1
42,420922,1,1,0,0,0,1,1,79,0,3,11,2013,1,18,30,0,6,5,COMMERCE DR,,0,40.9357,-76.02526944,0,33,0,0,1,1,0,6,3,1,0,1,0,0000000,88,88,88,88,88,88,0,0,0,1,0
42,420923,1,1,0,1,1,1,1,77,0,29,11,2013,6,19,50,1,13,2,US-222,,83,40.570625,-75.54437778,0,8,0,0,1,1,0,2,2,1,0,1,0,0000000,88,88,88,88,88,88,0,0,0,1,0
42,420924,1,1,0,0,0,1,1,53,0,23,10,2013,4,19,0,0,5,3,SR-2005 LOLETA RD,,15,41.42935278,-79.11245278,0,18,0,0,1,1,0,4,2,2,0,2,0,0000000,19,6,19,14,88,88,4,0,0,1,1
42,420925,1,1,0,0,0,1,1,85,7370,17,10,2013,5,2,35,0,4,3,SR-173 MAIN ST,,172,41.35328333,-80.08223611,0,42,0,0,1,1,0,5,3,1,0,1,0,0000000,2,35,2,38,88,88,0,0,0,1,1
42,420926,1,1,0,0,0,1,1,127,0,30,11,2013,7,18,10,0,4,3,SR-507 MILLCREEK RD,,104,41.29039167,-75.33066389,0,35,0,0,1,1,0,4,2,1,0,1,0,0000000,18,13,99,97,99,97,0,0,0,1,1
42,420927,1,1,0,0,0,2,2,89,0,2,11,2013,7,18,29,0,3,2,US-209 MILFORD RD,,265,41.06473056,-75.05896389,0,11,0,0,1,1,0,1,2,1,0,1,0,0000000,99,99,99,99,99,99,0,0,0,1,1
42,420928,1,1,0,0,0,1,1,125,0,15,10,2013,3,16,37,0,15,3,SR-917 COKEBURG BENTLEYVILL RD,,27,40.10415833,-80.03775833,0,30,0,0,1,1,0,4,1,1,0,1,0,0000000,16,39,16,52,18,0,0,0,0,1,0
42,420929,1,1,0,1,1,1,1,101,6540,3,11,2013,1,1,27,1,11,1,I-76 SCHUYLKILL EXPY,,3464,39.93091111,-75.1991,0,8,0,0,1,1,0,1,3,1,0,1,0,0000000,1,52,1,57,2,31,0,0,0,1,0
42,420930,2,2,0,0,0,2,2,85,0,24,11,2013,1,19,5,1,1,1,I-79 RAYMOND P SHAFER HWY,,1192,41.23532222,-80.16089722,0,12,1,0,1,1,0,1,2,8,0,8,0,0000000,19,12,19,32,88,88,0,0,0,1,0
42,420931,1,1,0,0,0,1,1,33,0,18,11,2013,2,14,40,0,3,3,SR-36 MAIN ST,,89,40.83213333,-78.680575,0,34,0,0,1,1,0,4,1,1,0,1,0,0000000,88,88,88,88,88,88,0,0,0,1,0
42,420932,2,2,0,0,0,4,4,85,0,2,11,2013,7,15,45,0,3,2,US-62 FRANKLIN RD,BOOHER RD,322,41.34796111,-80.01733056,0,12,6,0,2,2,0,1,1,2,0,2,0,0000000,15,46,15,52,88,88,0,0,0,1,1
42,420933,1,1,0,0,0,1,1,69,0,23,11,2013,7,18,20,1,1,1,I-84 FALLEN TROOPER MEM HWY,,101,41.39551667,-75.47721944,0,35,0,0,1,1,0,3,2,4,0,4,0,0000000,99,99,99,99,99,99,0,0,0,1,0
42,420934,2,2,0,0,0,4,4,121,0,6,11,2013,4,19,20,0,4,3,SR-2013 ROCKLAND CRANBERRY RD,,41,41.30500556,-79.72466667,0,12,6,0,1,1,0,1,2,2,0,2,0,0000000,99,99,99,99,99,99,0,0,0,1,1
42,420935,2,2,0,0,0,2,2,91,8540,26,11,2013,3,14,53,1,13,3,SR-113 THIRD AVE,CLAYHOR AVE,30,40.19023056,-75.47744444,0,12,6,0,2,3,0,1,1,2,0,2,0,0000000,14,53,14,57,16,14,0,0,0,1,0
42,420936,2,2,0,0,0,5,5,127,0,2,11,2013,7,16,41,0,5,3,SR-3028 OWEGO TPKE,,96,41.50363056,-75.24476111,0,12,2,0,1,1,0,1,1,1,0,1,0,0000000,16,43,16,53,17,18,0,0,0,1,1
42,420937,1,1,0,0,0,1,1,129,0,9,11,2013,7,3,55,1,13,2,US-30 LINCOLN HWY,,281,40.28604167,-79.31366944,0,35,0,0,1,1,0,5,2,1,0,1,0,0000000,3,55,4,1,4,31,0,0,0,1,0
42,420938,2,2,0,0,0,2,2,45,0,21,11,2013,5,23,47,1,11,1,I-476 MID COUNTY EXPY,,65,39.95125278,-75.34122778,0,12,1,0,1,1,0,1,2,1,0,1,0,0000000,99,99,99,99,99,99,0,0,0,1,0
42,420939,1,1,0,0,0,1,1,69,0,7,11,2013,5,16,32,0,15,3,SR-1003 JEFFERSON ST,,28,41.62111111,-75.47073889,0,42,0,0,1,1,0,4,1,1,0,1,0,0000000,16,32,99,99,88,88,0,0,0,1,0
42,420940,2,2,0,0,0,4,4,31,0,24,11,2013,1,14,13,0,3,3,SR-68,,167,41.12069722,-79.43656111,0,12,6,0,1,1,0,1,1,4,0,4,0,0000000,14,15,14,22,99,99,0,0,0,2,0
42,420941,1,1,0,0,0,1,1,129,5645,4,11,2013,2,15,36,0,15,3,SR-4026 MELLON RD,,18,40.40225833,-79.60396944,0,30,0,0,1,1,0,4,1,1,0,1,0,0000000,15,45,15,47,16,10,0,0,0,1,0
42,420942,2,2,0,0,0,4,4,91,0,22,11,2013,6,15,10,0,15,3,SR-3004 BURNSIDE AVE,CHESTNUT AVE,4,40.13878333,-75.37578333,0,12,6,0,2,2,0,1,1,1,0,1,0,0000000,15,12,15,16,15,37,4,0,0,1,0
42,420943,1,1,0,1,1,1,1,17,0,29,11,2013,6,19,51,0,6,5,BRISTOL EMILIE RD,,0,40.15068333,-74.85682222,0,8,0,0,1,1,0,1,3,1,0,1,0,0000000,19,51,19,55,20,16,0,0,0,1,0
42,420944,1,1,0,1,1,1,1,79,2710,9,11,2013,7,22,18,0,16,6,SUSQUEHANNA AVE,,0,41.31456944,-75.82490833,0,8,0,0,1,1,0,1,2,1,0,1,0,0000000,22,20,22,23,22,54,4,0,0,1,1
42,420945,1,1,0,1,1,2,2,29,0,16,11,2013,7,20,10,1,13,2,US-30B BUSINESS 30/LINCOLN HWY,,102,39.99784722,-75.73337222,0,8,0,0,1,1,0,1,3,1,0,1,0,0000000,99,99,99,99,99,99,0,0,0,1,1
42,420946,1,1,0,0,0,1,1,91,0,23,11,2013,7,1,25,0,6,5,SWAMP PIKE,,0,40.27112778,-75.56152778,0,24,0,0,1,1,0,4,3,1,0,1,0,0000000,1,27,1,37,88,88,0,0,0,1,1
42,420947,1,1,0,1,1,1,1,87,0,13,11,2013,4,13,57,1,2,2,US-22 WILLIAM PENN HWY,,3,40.39385,-77.88198056,0,8,0,0,8,1,0,4,1,1,0,1,0,0000000,13,55,99,97,99,97,0,0,0,1,0
42,420948,1,1,0,0,0,1,1,3,2980,9,11,2013,7,16,41,0,16,6,SQUAW RUN RD,,0,40.52808333,-79.88084444,0,30,0,0,1,1,0,5,1,1,0,1,0,0000000,88,88,88,88,88,88,0,0,0,1,0
42,420949,1,1,0,0,0,2,2,3,3013,13,11,2013,4,20,49,0,14,3,SR-4043 BIG SEWICKLEY CREEK RD,WARRENDALE BAYNE RD,39,40.61413333,-80.14423333,0,42,0,0,3,3,0,6,2,1,0,1,0,0000000,20,52,20,59,21,51,0,0,0,1,1
42,420950,1,1,0,0,0,1,1,29,0,28,11,2013,5,7,7,0,6,5,MOUNT AIRY RD,,0,39.99977222,-75.82980833,0,30,0,0,1,1,0,5,1,1,0,1,0,0000000,99,99,99,99,99,99,0,0,0,1,1
42,420951,1,1,0,1,1,1,1,3,6600,30,11,2013,7,19,46,0,16,6,LIBERTY AVE,,0,40.45133056,-79.98216944,0,8,0,0,1,1,0,1,3,1,0,1,0,0000000,19,39,19,51,20,6,16,0,0,1,0
42,420952,2,2,0,0,0,2,2,61,0,13,10,2013,1,22,55,1,2,2,US-22 WILLIAM PENN HWY,,163,40.45034722,-77.96445833,0,11,0,0,1,1,0,1,2,1,0,1,0,0000000,23,3,23,6,88,88,0,0,0,1,0
42,420953,2,2,0,0,0,2,2,61,0,26,11,2013,3,10,6,1,2,2,US-522 CROGHAN PIKE,LENAPE DR,218,40.36106389,-77.86258889,0,12,6,0,2,3,0,1,1,4,0,4,0,0000000,99,99,99,99,99,99,22,4,0,1,0
42,420954,1,1,0,0,0,1,1,67,0,7,11,2013,5,13,23,0,3,3,SR-35,,412,40.68141944,-77.13682778,0,42,0,0,1,1,0,4,1,1,0,1,0,0000000,13,20,13,28,14,33,0,0,0,1,0
42,420955,1,1,0,0,0,1,1,3,6600,12,11,2013,3,11,27,1,11,1,I-376 PENN LINCOLN PKWY,,739,40.42908611,-79.94079167,0,35,0,0,1,1,0,4,1,1,0,1,0,0000000,11,23,11,44,12,1,0,0,0,1,0
42,420956,1,1,0,1,1,2,2,133,0,30,11,2013,7,21,55,1,13,2,US-15 BLUE-GRAY HWY,,39,40.08893333,-77.04758611,0,8,0,0,1,1,0,1,2,1,0,1,0,0000000,99,99,99,99,88,88,0,0,0,1,0
42,420957,2,2,0,0,0,2,2,91,0,24,11,2013,1,9,16,0,14,3,SR-2009 BYBERRY RD,MEADOWLARK DR,19,40.14575,-75.05247222,0,12,6,0,2,3,0,1,1,1,0,1,0,0000000,9,17,9,24,9,47,4,0,0,1,0
42,420958,2,2,0,0,0,6,6,129,0,8,11,2013,6,22,45,0,14,2,US-119 CRABTREE RD,FORBES TRAIL RD,185,40.34276111,-79.49889444,0,12,6,0,2,4,0,1,2,1,0,1,0,0000000,22,50,22,55,23,45,22,0,0,1,2
42,420959,1,1,0,0,0,4,4,103,0,26,11,2013,3,17,0,1,1,1,I-84 FALLEN TROOPER MEM HWY,,314,41.36155,-75.11084444,0,34,0,0,1,1,0,4,2,8,0,8,0,0000000,17,0,17,16,18,19,0,0,0,1,0
42,420960,1,1,0,0,0,1,1,71,2630,25,11,2013,2,14,43,0,16,6,OAK BLVD,RIDGEWAY AVE,0,40.17873889,-76.18921667,0,42,0,0,3,2,0,5,1,1,0,1,0,0000000,99,99,99,99,99,99,0,0,0,1,0
42,420961,6,4,2,0,0,5,5,17,0,16,10,2013,4,15,26,1,13,3,SR-532 BUSTLETON PIKE,,13,40.15271389,-75.001725,0,12,1,0,1,1,0,1,1,1,0,1,0,0000000,15,38,15,44,16,21,0,0,0,1,0
42,420962,1,1,0,0,0,1,1,43,3650,15,11,2013,6,14,38,1,13,3,SR-230 SECOND ST,,76,40.20706389,-76.7867,0,23,0,0,1,1,0,2,1,1,0,1,0,0000000,14,30,14,35,15,23,0,0,0,1,0
42,420963,2,2,0,0,0,4,4,11,0,29,11,2013,6,11,51,0,3,3,SR-562 READING AVE,DOUGLASS DR,118,40.31770556,-75.67093333,0,12,6,0,2,2,0,1,1,1,0,1,0,0000000,99,99,99,99,99,99,0,0,0,1,0
42,420964,1,1,0,1,1,1,1,69,0,9,11,2013,7,19,14,0,6,5,PEACEFUL VALLEY RD,,0,41.49264722,-75.64976111,0,8,0,0,1,1,0,1,2,1,0,1,0,0000000,19,14,19,23,19,58,0,0,0,1,1
42,420965,2,2,0,0,0,2,2,17,0,14,11,2013,5,17,55,0,14,3,SR-213 BRIDGETOWN PIKE,ELMWOOD AVE,7,40.15998056,-74.98965833,0,12,6,0,2,2,0,1,3,1,0,1,0,0000000,99,99,99,99,99,99,0,0,0,1,0
42,420966,2,2,0,0,0,3,3,43,0,22,11,2013,6,10,21,1,2,2,US-22 WILLIAM PENN HWY,,14,40.40608611,-77.01008889,0,12,8,0,1,1,0,1,1,1,0,1,0,0000000,10,19,10,28,11,11,0,0,0,1,0
42,420967,2,2,0,0,0,2,2,43,0,14,11,2013,5,12,0,0,6,5,DEVONSHIRE HEIGHTS RD,BURGUNDY RD,0,40.30714167,-76.78588889,0,38,0,0,3,3,0,5,1,1,0,1,0,0000000,12,0,12,4,88,88,14,0,0,1,0
42,420968,2,2,0,0,0,2,2,17,0,30,11,2013,7,8,40,0,14,3,SR-3003 LOWER STATE RD,,35,40.28778333,-75.15905,0,12,2,0,8,1,0,1,1,1,0,1,0,0000000,8,41,8,49,9,11,0,0,0,1,0
42,420969,2,2,0,0,0,2,2,27,0,12,11,2013,3,21,5,1,2,2,US-220A ALT 220 RD,,63,40.80685,-78.04653333,0,12,6,0,8,1,0,1,2,1,0,1,0,0000000,21,5,21,18,88,88,0,0,0,1,0
42,420970,2,2,0,0,0,2,2,81,0,22,11,2013,6,14,20,1,13,3,SR-2014 LYCOMING MALL DR,,123,41.244175,-76.86852222,0,12,2,0,1,1,0,1,1,2,0,2,0,0000000,14,21,14,28,15,1,0,0,0,2,0
42,420971,2,2,0,0,0,3,3,85,0,26,11,2013,3,15,16,0,3,2,US-62 FRANKLIN RD,,297,41.35165833,-80.06272222,0,12,2,0,1,1,0,1,1,4,0,4,0,0000000,15,17,15,33,99,99,0,0,0,1,0
42,420972,2,2,0,0,0,3,3,5,0,3,11,2013,1,1,36,1,2,2,US-422 BENJAMIN FRANKLIN HWY,,166,40.76506389,-79.42336111,0,12,2,0,1,1,0,1,2,1,0,1,0,0000000,1,36,1,42,2,51,0,0,0,1,2
42,420973,1,1,0,0,0,1,1,69,0,2,11,2013,7,22,20,1,1,1,I-81 AMERICAN LEGION MEM HWY,,2000,41.56694444,-75.65046667,0,35,0,0,1,1,0,5,2,1,0,1,0,0000000,22,18,22,37,88,88,0,0,0,1,0
42,420974,1,1,0,3,3,1,1,85,0,30,11,2013,7,16,23,0,5,3,SR-3007 PULASKI MERCWER RD,,31,41.14776667,-80.37248889,0,49,0,0,1,1,0,1,1,1,0,1,0,0000000,99,99,99,99,99,99,0,0,0,2,0
42,420975,1,1,0,2,2,1,1,71,0,3,11,2013,1,22,37,1,13,2,US-30 LINCOLN HWY,,275,39.99769167,-76.05533611,0,49,0,0,1,1,0,1,2,1,0,1,0,0000000,99,99,99,99,99,99,0,0,0,1,0
42,420976,2,2,0,0,0,2,2,49,0,13,11,2013,4,6,55,0,4,3,SR-5 WEST LAKE RD,,129,42.04161667,-80.28434444,0,12,6,0,1,1,0,1,4,4,0,4,0,0000000,7,0,7,11,88,88,0,0,0,1,0
42,420977,1,1,0,0,0,2,2,75,0,4,11,2013,2,22,45,0,5,3,SR-1011 MOUNT ZION RD,,42,40.40205,-76.37906389,0,35,0,0,1,1,0,4,2,1,0,1,0,0000000,22,46,22,47,23,32,0,0,0,1,1
42,420978,2,2,0,0,0,3,3,73,0,18,11,2013,2,13,30,1,1,1,I-376 BEAVER VALLEY EXPY,,75,41.09555278,-80.39806111,0,12,1,0,1,1,0,1,1,1,0,1,0,0000000,13,29,13,37,88,88,0,0,0,1,0
42,420979,2,2,0,0,0,2,2,67,0,19,11,2013,3,6,0,0,3,3,SR-75 TUSCARORA VALLEY RD,,106,40.37928333,-77.58834167,0,12,1,0,1,1,0,1,2,1,0,1,0,0000000,6,16,6,19,88,88,0,0,0,1,0
42,420980,2,2,0,0,0,3,3,111,0,14,11,2013,5,15,25,0,4,3,SR-1007 LAMBERTSVILLE RD,,72,40.05565556,-78.91211111,0,12,8,0,1,1,0,1,1,1,0,1,0,0000000,99,99,99,99,99,99,4,0,0,1,1
42,420981,2,2,0,0,0,3,3,51,0,4,11,2013,2,19,2,0,3,3,SR-166 NEW GENEVA RD,,23,39.76355278,-79.92961389,0,12,2,0,1,1,0,1,2,1,0,1,0,0000000,99,99,99,99,99,99,0,0,0,1,1
42,420982,1,1,0,1,1,1,1,101,6540,19,11,2013,3,21,40,1,13,3,SR-2009 GIRARD AVE,,29,39.96893056,-75.13626944,0,8,0,0,1,1,0,1,3,1,0,1,0,0000000,21,40,21,43,22,2,0,0,0,1,1
42,420983,2,1,1,1,1,1,1,1,0,21,11,2013,5,19,6,0,3,3,SR-116 FAIRFIELD RD,,0,39.73628333,-77.37126389,0,8,0,0,1,1,0,2,2,1,0,1,0,0000000,99,99,99,99,99,99,14,0,0,1,1
42,420984,1,1,0,0,0,3,3,89,0,18,11,2013,2,1,34,1,1,1,I-80 KEYSTONE SHORTWAY HWY,,2955,41.06516389,-75.35555278,0,1,0,0,1,1,0,3,2,2,0,2,0,0000000,99,99,99,99,88,88,0,0,0,1,1
42,420985,2,2,0,0,0,2,2,45,0,21,11,2013,5,7,50,0,14,3,SR-3002-EIGHTYFOURH ST,,0,39.89866111,-75.25504167,0,12,1,0,1,1,0,1,1,1,0,1,0,0000000,99,99,99,99,99,99,0,0,0,1,1