STATE,ST_CASE,VE_TOTAL,VE_FORMS,PVH_INVL,PEDS,PERNOTMVIT,PERMVIT,PERSONS,COUNTY,CITY,DAY,MONTH,YEAR,DAY_WEEK,HOUR,MINUTE,NHS,ROAD_FNC,ROUTE,TWAY_ID,TWAY_ID2,MILEPT,LATITUDE,LONGITUD,SP_JUR,HARM_EV,MAN_COLL,RELJCT1,RELJCT2,TYP_INT,WRK_ZONE,REL_ROAD,LGT_COND,WEATHER1,WEATHER2,WEATHER,SCH_BUS,RAIL,NOT_HOUR,NOT_MIN,ARR_HOUR,ARR_MIN,HOSP_HR,HOSP_MN,CF1,CF2,CF3,FATALS,DRUNK_DR
42,420986,2,2,0,0,0,3,3,39,0,15,11,2013,6,18,50,0,14,3,SR-8 SPRING ST,,28,41.63884444,-79.70813056,0,12,2,0,1,1,0,1,2,1,0,1,0,0000000,18,57,19,25,20,21,0,0,0,2,0
42,420987,2,2,0,0,0,2,2,45,1270,23,11,2013,7,15,46,0,16,6,MADISON ST,TWENTYFOURTH ST,0,39.86644444,-75.36761667,0,12,6,0,2,2,0,1,1,1,0,1,0,0000000,99,99,99,99,99,99,4,0,0,1,1
42,420988,2,2,0,0,0,2,2,101,6540,23,11,2013,7,8,47,0,16,6,SUMMERDALE AVE,PRINCETON AVE,0,40.05108889,-75.07446667,0,12,6,0,2,2,0,1,1,1,0,1,0,0000000,8,42,8,47,9,26,0,0,0,1,1
42,420989,1,1,0,1,1,2,2,101,6540,8,11,2013,6,18,50,1,13,3,SR-2008 GIRARD AVE,,24,39.97036667,-75.14781667,0,8,0,0,1,1,0,1,3,1,0,1,0,0000000,18,52,19,1,19,15,0,0,0,1,0
42,420990,2,2,0,0,0,2,2,41,0,15,11,2013,6,15,35,0,3,3,SR-233 CENTERVILLE RD,,114,40.12620833,-77.34588333,0,12,6,0,1,1,0,1,1,1,0,1,1,0000000,15,34,15,41,16,37,0,0,0,1,2
42,420991,2,2,0,0,0,3,3,91,6000,3,11,2013,1,0,33,0,16,6,E MAIN ST,,0,40.11261111,-75.33930556,0,12,6,0,1,1,0,1,3,1,0,1,0,0000000,0,34,0,41,0,58,0,0,0,1,1
42,420992,1,1,0,0,0,4,4,39,0,30,11,2013,7,2,40,0,6,5,S TOWNLINE RD,,0,41.65877778,-80.39213889,0,42,0,0,1,1,0,4,2,1,0,1,0,0000000,2,41,2,52,99,99,4,0,0,1,1
42,420993,2,2,0,0,0,2,2,97,0,5,11,2013,3,8,28,0,3,3,SR-45 PURPLE HEART HWY,,36,40.971225,-76.81464444,0,32,0,0,1,1,0,4,1,1,0,1,0,0000000,8,25,8,33,9,4,0,0,0,1,0
42,420994,1,1,0,0,0,3,3,57,0,17,11,2013,1,18,5,0,6,3,SR-2005 TIMBER RIDGE RD,,62,39.794225,-78.12162778,0,59,0,0,1,1,0,4,2,1,0,1,0,0000000,99,99,99,99,88,88,0,0,0,1,0
42,420995,1,1,0,0,0,1,1,39,0,10,11,2013,1,1,40,1,2,2,US-322 TWENTYEIGHTH DIVISI HWY,,76,41.52894167,-80.43538056,0,32,0,0,1,1,0,4,2,1,0,1,0,0000000,1,47,2,10,88,88,20,0,0,1,1
42,420996,1,1,0,0,0,1,1,39,0,2,11,2013,7,3,20,0,3,3,SR-27,,235,41.61718056,-79.63614722,0,30,0,0,1,1,0,4,2,2,0,2,0,0000000,3,25,3,40,4,12,0,0,0,1,1
42,420997,2,1,1,0,0,2,2,13,130,3,11,2013,1,1,32,1,13,3,SR-764 SIXTH AVE,,54,40.51201389,-78.39651944,0,33,0,0,1,1,0,4,3,2,0,2,0,0000000,1,33,1,36,88,88,0,0,0,2,1
42,420998,1,1,0,0,0,4,4,81,0,16,11,2013,7,1,19,1,13,2,US-220,,83,41.22868611,-77.14889167,0,33,0,0,1,1,0,4,6,1,0,1,0,0000000,99,99,99,99,99,99,0,0,0,1,1
42,420999,2,2,0,0,0,7,7,85,7550,8,11,2013,6,22,4,1,12,2,US-62 CONNELLY BLVD,,13,41.23073611,-80.50115556,0,12,2,0,1,1,0,1,3,1,0,1,0,0000000,22,20,22,22,22,56,0,0,0,3,0
42,421000,1,1,0,0,0,1,1,83,0,10,11,2013,1,23,46,1,2,2,US-6 GRAND ARMY OF THE REP HWY,,391,41.82488333,-78.38274722,0,42,0,0,1,1,0,4,2,1,0,1,0,0000000,99,99,99,99,88,88,0,0,0,1,1
42,421001,1,1,0,0,0,4,4,39,0,10,11,2013,1,11,9,0,6,5,FISHER RD,,0,41.680675,-80.10314444,0,42,0,0,1,1,0,4,1,1,0,1,0,0000000,11,11,11,22,99,99,4,0,0,1,0
42,421002,3,3,0,0,0,4,4,111,0,18,11,2013,2,13,51,1,2,2,US-30 LINCOLN HWY,,104,40.11149444,-78.97116667,0,12,2,0,1,1,0,1,1,1,0,1,0,0000000,13,54,16,56,99,99,0,0,0,1,0
42,421003,2,2,0,0,0,2,2,27,0,14,11,2013,5,17,48,0,3,3,SR-64 NITTANY VALLEY DR,,4,40.88457222,-77.71455278,0,12,6,0,8,1,0,1,2,1,0,1,0,0000000,17,50,17,55,88,88,0,0,0,1,0
42,421004,1,1,0,0,0,2,2,125,0,23,11,2013,7,20,17,1,12,1,I-43 MON VALLEY/FAYETTE EXPY,,47,40.23171389,-79.98432778,0,35,0,0,1,1,0,3,2,4,11,4,0,0000000,20,16,20,28,21,15,4,0,0,1,0
42,421005,3,3,0,0,0,5,5,21,0,11,11,2013,2,18,4,1,2,2,US-219,,114,40.37273056,-78.77035556,0,12,2,0,1,1,0,1,2,1,0,1,0,0000000,18,7,18,15,99,99,0,0,0,1,0
42,421006,2,2,0,0,0,4,4,121,0,26,11,2013,3,17,47,1,2,2,US-322,,14,41.47747778,-79.97218889,8,12,6,0,1,1,0,1,2,4,0,4,0,0000000,17,45,17,59,18,52,0,0,0,1,0
42,421007,2,2,0,1,1,2,2,101,6540,16,11,2013,7,3,15,1,13,3,SR-1001 RISING SUN AVE,,3,40.03015556,-75.11849444,0,8,0,0,1,1,0,1,3,2,0,2,0,0000000,3,19,3,25,88,88,0,0,0,1,0
42,421008,2,1,1,0,0,1,1,101,6540,24,11,2013,1,5,29,1,13,3,SR-611 BROAD ST,,12,39.91678056,-75.17135278,0,59,0,0,1,1,0,4,3,1,0,1,0,0000000,5,29,5,34,88,88,0,0,0,1,1
42,421009,1,1,0,0,0,1,1,9,0,21,11,2013,5,6,0,0,4,3,SR-96,LOVELY RD,37,40.19075,-78.58833611,0,34,0,0,3,3,0,4,4,1,0,1,0,0000000,6,9,6,25,99,99,0,0,0,1,0
42,421010,3,2,1,0,1,8,9,101,6540,27,11,2013,4,4,27,1,11,1,I-76 SCHUYLKILL EXPY,,3405,39.99888889,-75.1954,0,12,1,0,1,1,0,1,3,2,0,2,0,0000000,4,32,4,50,5,58,5,0,0,1,0
42,421011,1,1,0,0,0,1,1,49,0,23,11,2013,7,2,22,1,1,1,I-90 AMVET MEM HWY,,83,41.95430278,-80.36398333,0,59,0,0,1,1,0,4,2,1,0,1,0,0000000,2,20,2,24,88,88,0,0,0,1,1
42,421012,1,1,0,0,0,1,1,133,0,13,11,2013,4,18,42,0,6,5,POPLAR RD,,0,40.08491667,-76.95680556,0,35,0,0,1,1,0,4,2,1,0,1,0,0000000,99,99,99,99,88,88,4,0,0,1,0
42,421013,1,1,0,0,0,1,1,63,9295,14,12,2013,7,3,40,0,3,3,SR-954,,40,40.59415833,-79.14543611,0,35,0,0,1,1,0,4,2,1,0,1,0,0000000,3,53,4,2,4,13,0,0,0,1,1
42,421014,1,1,0,0,0,7,7,89,0,15,12,2013,1,9,55,0,5,3,SR-715 REEDERS RD,,69,40.99493889,-75.37572778,0,42,0,0,1,1,0,5,1,1,0,1,0,0000000,99,99,99,99,99,99,0,0,0,1,0
42,421015,3,3,0,0,0,10,10,55,0,24,11,2013,1,9,43,1,1,1,I-81 AMERICAN LEGION MEM HWY,,60,39.80421944,-77.70726111,0,12,1,0,1,1,0,1,1,4,0,4,0,0000000,99,99,99,99,99,99,19,4,0,1,0
42,421016,1,1,0,0,0,2,2,129,0,16,12,2013,2,13,49,0,6,4,CR-GREENSBURGH MT PLEASANT COR,,0,40.2483,-79.50462778,0,42,0,0,1,1,0,4,1,1,0,1,0,0000000,13,50,13,59,14,15,0,0,0,2,0
42,421017,3,3,0,0,0,3,3,17,0,16,11,2013,7,14,12,1,13,3,SR-413 DURHAM RD,SMITH RD,181,40.30109722,-75.01384722,0,12,7,0,3,3,0,1,1,1,0,1,0,0000000,14,13,14,18,14,39,0,0,0,1,0
42,421018,1,1,0,0,0,1,1,45,6865,27,12,2013,6,2,8,1,11,1,I-476 MID COUNTY EXPY,,132,40.03713889,-75.35507778,0,25,0,0,1,1,0,3,3,1,0,1,0,0000000,88,88,88,88,88,88,0,0,0,1,1
42,421019,3,3,0,0,0,3,3,3,0,8,11,2013,6,11,14,0,6,5,JP MARINO BLVD,SR-1001 FREEPORT RD,189,40.62378333,-79.72444167,0,12,1,0,3,7,0,1,1,1,0,1,0,0000000,11,17,11,23,11,42,0,0,0,1,0
42,421020,1,1,0,0,0,2,2,21,0,3,11,2013,1,2,58,0,3,3,SR-53 PORTAGE ST,,28,40.38028056,-78.72386111,0,35,0,0,1,1,0,4,2,2,0,2,0,0000000,2,58,3,7,99,99,0,0,0,1,1
42,421021,1,1,0,0,0,2,2,9,0,27,11,2013,4,2,12,0,6,3,SR-4015 ADAMS RUN RD,,6,40.12719167,-78.56971944,0,42,0,0,1,1,0,4,2,2,0,2,0,0000000,2,12,2,33,99,99,4,0,0,1,0
42,421022,2,2,0,0,0,2,2,41,5530,26,12,2013,5,6,0,0,14,3,SR-34 BALTIMORE AVE,SR-94 BALTIMORE PIKE,56,40.10305,-77.1788,0,12,6,0,2,4,0,1,2,4,0,4,0,0000000,99,99,99,99,88,88,0,0,0,1,0
42,421023,2,2,0,0,0,3,3,17,0,11,12,2013,4,13,25,0,14,3,SR-2033 WOODBOURNE RD,,31,40.16243611,-74.87106111,0,12,6,0,8,1,0,1,1,1,0,1,0,0000000,13,26,13,33,13,55,4,0,0,1,1
42,421024,2,2,0,0,0,3,3,11,6900,3,11,2013,1,15,51,0,16,6,PENN ST,,0,40.33517222,-75.91653333,0,12,7,0,1,1,0,1,1,1,0,1,0,0000000,99,99,99,99,88,88,20,0,0,1,0
42,421025,3,3,0,0,0,3,3,55,0,28,12,2013,7,9,31,0,14,3,SR-997 ANTHONY HWY,SR-2015 TOMSTOWN RD,37,39.77103889,-77.56853056,0,12,6,0,2,2,0,1,1,1,0,1,0,0000000,99,99,99,99,99,99,0,0,0,1,0
42,421026,2,2,0,0,0,2,2,17,8620,12,11,2013,3,15,33,1,13,2,US-13 PAPER ST,,102,40.13750278,-74.82182222,0,12,2,0,1,1,1,1,1,1,0,1,0,0000000,15,35,15,38,16,4,0,0,0,1,0
42,421027,2,2,0,0,0,3,3,77,0,5,12,2013,5,18,46,1,13,3,SR-100,SR-3017 WEILERS RD,57,40.53771944,-75.61509722,0,12,6,0,2,2,0,1,3,1,0,1,0,0000000,99,99,99,99,99,99,0,0,0,1,0
42,421028,2,2,0,0,0,2,2,129,0,10,12,2013,3,2,0,0,14,3,SR-31 RUFFSDALE MT PLEASANT RD,HOCKEY RD,90,40.16979722,-79.59833611,0,12,6,0,2,3,0,1,2,1,0,1,0,0000000,2,3,2,10,88,88,0,0,0,1,1
42,421029,1,1,0,0,0,1,1,63,0,2,12,2013,2,21,30,0,6,3,SR-3025 PARK DR,,3,40.54047778,-79.37255833,0,43,0,0,1,1,0,4,2,2,0,2,0,0000000,21,34,21,46,88,88,4,0,0,1,0
42,421030,1,1,0,0,0,1,1,107,0,31,12,2013,3,11,55,1,1,1,I-81 AMERICAN LEGION MEM HWY,,1295,40.79508056,-76.12545,0,35,0,0,1,1,0,3,1,1,0,1,0,0000000,99,99,99,99,88,88,0,0,0,1,0
42,421031,1,1,0,0,0,1,1,39,0,21,12,2013,7,20,53,0,3,3,SR-18 MAIN ST,,194,41.78950833,-80.36445833,0,34,0,0,1,1,0,4,2,2,0,2,0,0000000,20,54,21,0,88,88,5,0,0,1,0
42,421032,1,1,0,0,0,2,2,11,0,2,12,2013,2,19,18,0,5,3,SR-1022 HUFF'S CHURCH RD,,124,40.43508333,-75.58923611,0,42,0,0,1,1,0,4,2,1,0,1,0,0000000,99,99,99,99,99,99,0,0,0,1,0
42,421033,1,1,0,0,0,1,1,91,0,8,12,2013,1,10,17,0,14,3,SR-563 RIDGE RD,,31,40.34129444,-75.40004444,0,42,0,0,1,1,0,4,1,1,0,1,0,0000000,99,99,99,99,99,99,0,0,0,1,0
42,421034,1,1,0,1,1,1,1,11,0,30,12,2013,2,21,5,1,13,3,SR-3222 LANCASTER AVE,,12,40.30289167,-75.98765278,0,8,0,0,1,1,0,1,2,1,0,1,0,0000000,99,99,99,99,99,99,0,0,0,1,0
42,421035,2,2,0,0,0,2,2,27,0,3,12,2013,3,7,0,1,2,3,SR-144,,15,40.81232778,-77.63836111,0,12,2,0,1,1,0,2,2,5,0,5,0,0000000,7,3,7,17,88,88,0,0,0,2,0
42,421036,2,2,0,0,0,4,4,63,0,5,12,2013,5,20,30,1,2,2,US-422 BENJAMIN FRANKLIN HWY,SR-3022 PARKWOOD RD,55,40.62437222,-79.23719722,0,12,6,0,2,3,0,1,2,2,0,2,0,0000000,20,34,20,45,21,1,0,0,0,1,0
42,421037,2,2,0,0,0,2,2,95,0,12,12,2013,5,9,20,1,2,3,SR-248 NAZARETH RD,PROLOGIS RD,187,40.72063611,-75.29270833,0,12,1,0,3,2,0,1,1,1,0,1,0,0000000,99,99,99,99,99,99,0,0,0,1,1
42,421038,1,1,0,0,0,1,1,29,0,21,12,2013,7,3,27,0,14,3,SR-1039 BRIDGE ST,,24,40.18305833,-75.56471111,0,30,0,0,1,1,0,4,2,1,0,1,0,0000000,99,99,99,99,99,99,0,0,0,1,1
42,421039,1,1,0,1,1,1,1,3,6600,17,12,2013,3,19,19,0,16,6,BRIGHTON RD,WOODS RUN AV,99998,40.47650833,-80.03169167,0,8,0,0,2,2,0,1,3,1,0,1,0,0000000,19,18,19,33,19,54,0,0,0,1,1
42,421040,2,2,0,0,0,3,3,71,0,24,12,2013,3,11,3,0,15,3,SR-4005 PROSPECT RD,CONCORDIA RD,10,40.05082222,-76.45745278,0,12,6,0,2,3,0,1,1,1,0,1,0,0000000,11,9,11,17,11,42,0,0,0,1,0
42,421041,1,1,0,1,1,1,1,87,4430,7,12,2013,7,20,49,1,13,3,SR-3002 FOURTH ST,,25,40.59460833,-77.58626667,0,8,0,0,1,1,0,1,3,4,0,4,0,0000000,20,52,20,56,21,12,0,0,0,1,0
42,421042,2,2,0,0,0,7,7,89,0,22,12,2013,1,23,5,0,4,3,SR-196 STERLING RD,,35,41.17642778,-75.35635278,0,12,2,0,1,1,0,1,2,1,0,1,0,0000000,99,99,99,99,99,99,0,0,0,2,1
42,421043,1,1,0,0,0,1,1,21,0,14,12,2013,7,1,50,0,4,3,SR-403 CRAMER PK,,89,40.39235278,-78.97003611,0,34,0,0,1,1,0,5,2,1,0,1,0,0000000,99,99,99,99,88,88,0,0,0,1,1
42,421044,1,1,0,0,0,1,1,87,3300,13,12,2013,6,5,0,0,6,6,KLONDYKE DR,,99998,40.60214444,-77.580275,0,35,0,0,1,1,0,5,3,1,0,1,0,0000000,5,1,5,5,5,45,0,0,0,1,1
42,421045,1,1,0,0,0,1,1,9,0,1,12,2013,1,3,17,0,3,2,US-0030 LINCOLN HW,T454-MT DALLAS RD,225,40.01212222,-78.39548611,0,24,0,0,1,1,0,2,2,1,0,1,0,0000000,99,99,99,99,99,99,0,0,0,1,0
42,421046,1,1,0,0,0,1,1,59,0,28,12,2013,7,13,55,0,14,3,SR-188 JEFFERSON RD,,14,39.90716389,-80.14398889,0,1,0,0,1,1,0,1,1,1,0,1,0,0000000,14,2,14,8,88,88,0,0,0,1,0
42,421047,1,1,0,0,0,2,2,7,0,8,12,2013,1,22,20,0,6,5,ADAMS ST,,0,40.70786389,-80.27286667,0,42,0,0,1,1,0,5,3,4,0,4,0,0000000,99,99,99,99,99,99,0,0,0,1,0
42,421048,1,1,0,0,0,2,2,3,6600,8,12,2013,1,21,11,1,13,3,SR-400 BIGELOW BLVD,,8,40.45021667,-79.98002222,0,33,0,0,1,1,0,4,3,8,0,8,0,0000000,21,9,99,97,99,97,0,0,0,1,0
42,421049,2,2,0,0,0,3,3,49,0,15,12,2013,1,13,2,1,13,2,US-20 RIDGE RD,,200,42.06980556,-80.18571667,0,12,6,0,1,1,0,1,1,4,0,4,0,0000000,13,1,13,6,13,36,0,0,0,1,0
42,421050,1,1,0,1,1,3,3,67,0,24,12,2013,3,18,0,0,4,3,SR-35 JUNIATA TRWY,,238,40.56188333,-77.40809167,0,8,0,0,1,1,0,1,2,1,0,1,0,0000000,18,2,99,97,99,97,16,0,0,1,0
42,421051,1,1,0,0,0,1,1,17,0,14,12,2013,7,10,40,0,3,3,SR-563 MOUNTAIN VIEW DR,,118,40.47408889,-75.23036944,0,42,0,0,1,1,0,5,1,4,0,4,0,0000000,10,49,10,59,88,88,0,0,0,1,0
42,421052,1,1,0,0,0,3,3,3,6645,22,12,2013,1,23,25,1,11,1,I-76 EAST/WEST TPKE,,531,40.48295833,-79.77176667,0,24,0,0,1,1,0,4,2,1,0,1,0,0000000,23,33,23,41,0,7,0,0,0,1,0
42,421053,1,1,0,1,1,2,2,29,5855,27,12,2013,6,17,45,0,15,3,SR-3013 LIMESTONE RD,OLD LIMESTONE RD,7,39.79679722,-75.72576111,0,8,0,0,2,3,0,1,2,1,0,1,0,0000000,17,43,17,49,99,99,0,0,0,1,1
42,421054,1,1,0,0,0,3,3,31,0,29,12,2013,1,4,45,0,14,3,SR-1007 GREENVILLE PIKE,,10,41.19027222,-79.36198333,0,1,0,0,1,1,0,4,2,1,0,1,0,0000000,4,50,4,56,99,99,0,0,0,1,1
42,421055,2,2,0,0,0,3,3,75,4340,15,12,2013,1,15,5,0,16,6,JONESTOWN RD,STECKBECK ST,0,40.35216389,-76.43263611,0,12,6,0,2,3,0,1,1,1,0,1,0,0000000,99,99,99,99,99,99,0,0,0,1,0
42,421056,2,2,0,0,0,2,2,79,0,12,12,2013,5,16,22,0,15,3,SR-437 WOODLAND RD,,94,41.16071111,-75.86953333,0,12,2,0,1,1,0,1,1,1,0,1,0,0000000,16,22,16,30,17,10,0,0,0,1,0
42,421057,2,2,0,0,0,2,2,17,0,26,12,2013,5,15,51,1,13,3,SR-413 VETERANS HWY,,35,40.13257222,-74.88395,0,12,2,0,1,1,0,1,1,1,0,1,0,0000000,15,53,15,53,16,24,0,0,0,1,1
42,421058,1,1,0,0,0,1,1,77,0,6,12,2013,6,22,36,0,14,3,SR-329 OLD POST RD,,34,40.67861389,-75.55060278,0,34,0,0,1,1,0,4,2,2,0,2,0,0000000,99,99,99,99,88,88,0,0,0,1,1
42,421059,1,1,0,0,0,1,1,125,0,17,12,2013,3,5,27,0,4,3,SR-519 WESTLAND RD,,154,40.26890833,-80.26568333,0,42,0,0,1,1,0,5,2,4,0,4,0,0000000,5,37,5,49,88,88,0,0,0,1,0
42,421060,2,2,0,0,0,3,3,71,0,28,12,2013,7,23,17,0,14,3,SR-441 RIVER RD,,57,40.05593611,-76.52633333,0,12,2,0,1,1,0,1,2,1,0,1,0,0000000,23,17,23,26,99,99,0,0,0,1,1
42,421061,1,1,0,0,0,6,6,29,0,7,12,2013,7,0,32,0,6,5,WALNUT RD,,0,39.86163889,-75.70388889,0,42,0,0,1,1,0,5,2,2,0,2,0,0000000,99,99,99,99,99,99,0,0,0,1,1
42,421062,1,1,0,0,0,1,1,79,0,7,12,2013,7,14,13,0,4,3,SR-239 POND HILL RD,,116,41.17751944,-76.180025,0,35,0,0,1,1,0,4,1,1,0,1,0,0000000,14,12,14,19,88,88,0,0,0,1,0
42,421063,1,1,0,0,0,1,1,133,0,16,12,2013,2,14,2,0,5,3,SR-3058 BLUE HILL RD,,9,39.74973056,-76.88175278,0,42,0,0,1,1,0,5,1,1,0,1,0,0000000,99,99,99,99,88,88,0,0,0,1,0
42,421064,2,2,0,0,0,4,4,125,0,25,12,2013,4,18,40,0,4,3,SR-18 PROSPERITY PIKE,,76,40.06170556,-80.29855278,0,12,2,0,1,1,0,1,2,1,0,1,0,0000000,18,34,18,47,19,14,0,0,0,2,1
42,421065,1,1,0,0,0,4,4,33,0,8,12,2013,1,10,20,1,1,1,I-80 Z H CONFAIR MEMORIAL HWY,,1132,41.08115833,-78.50159722,0,35,0,0,1,1,0,4,1,1,0,1,0,0000000,99,99,99,99,99,99,0,0,0,1,0
42,421066,1,1,0,0,0,5,5,107,0,8,12,2013,1,10,44,1,1,1,I-81 AMERICAN LEGION MEM HWY,,1143,40.69586111,-76.37002222,0,24,0,0,1,1,0,4,1,1,0,1,0,0000000,99,99,99,99,99,99,0,0,0,1,0
42,421067,1,1,0,0,0,1,1,71,0,25,12,2013,4,5,18,0,6,5,T-400 CHURCH RD,,99998,39.87463889,-76.18572222,0,35,0,0,1,1,0,5,2,1,0,1,0,0000000,99,99,99,99,88,88,0,0,0,1,1
42,421068,1,1,0,0,0,1,1,95,0,22,12,2013,1,10,38,0,5,3,SR-2005 MORGAN HILL RD,,40,40.66210833,-75.20930278,0,59,0,0,1,1,0,4,1,5,0,5,0,0000000,99,99,99,99,88,88,0,0,0,1,0
42,421069,1,1,0,0,0,1,1,33,0,26,12,2013,5,12,48,0,5,3,SR-1009 DEER CREEK RD,,51,40.96886389,-78.23576944,0,35,0,0,1,1,0,4,1,1,0,1,0,0000000,99,99,99,99,99,99,0,0,0,1,0
42,421070,1,1,0,1,1,1,1,71,0,23,12,2013,2,21,14,0,15,3,SR-4011 FRUITVILLE PK,,60,40.13643333,-76.34951944,0,8,0,0,1,1,0,1,2,1,0,1,0,0000000,99,99,99,99,99,99,0,0,0,1,0
42,421071,1,1,0,0,0,1,1,7,0,12,12,2013,5,10,54,1,11,1,I-376 BEAVER VALLEY EX,,401,40.65008333,-80.324825,0,1,0,0,1,1,0,5,1,1,0,1,0,0000000,99,99,99,99,99,99,0,0,0,1,0
42,421072,1,1,0,0,0,1,1,71,6497,2,12,2013,2,5,45,1,13,3,SR-0272 WILLOW STREET PK,,186,39.93726111,-76.25506389,0,11,0,0,1,1,0,1,2,1,0,1,0,0000000,99,99,99,99,88,88,0,0,0,1,0
42,421073,1,1,0,1,1,1,1,13,130,21,12,2013,7,11,29,1,13,3,SR-4010 SEVENTEENTH ST,GRANT AVE,11,40.50178889,-78.39374444,0,8,0,0,2,2,0,1,1,2,0,2,0,0000000,11,30,99,97,99,97,0,0,0,1,0
42,421074,1,1,0,1,1,1,1,29,0,8,12,2013,1,12,28,1,1,1,I-76 EAST/WEST TPKE,,3008,40.15013611,-75.83999444,0,35,0,0,1,1,0,4,1,4,0,4,0,0000000,99,99,99,99,99,99,19,0,0,1,0
42,421075,1,1,0,1,1,1,1,29,9010,6,12,2013,6,16,53,0,14,3,SR-52 PRICE ST,NIELDS ST,102,39.94889444,-75.61033333,0,8,0,0,2,2,0,1,3,2,0,2,0,0000000,99,99,99,99,99,99,0,0,0,1,1
42,421076,1,1,0,1,1,1,1,101,6540,7,12,2013,7,22,25,1,11,3,SR-8009 RAMP RD,,29,39.96397778,-75.13878889,0,8,0,1,20,1,0,1,3,1,0,1,0,0000000,22,31,22,37,23,4,0,0,0,1,0
42,421077,1,1,0,1,1,1,1,91,1257,6,12,2013,6,20,32,1,13,3,SR-309 CHELTENHAM AVE,,12,40.07286389,-75.15620556,0,8,0,0,1,1,0,1,3,2,0,2,0,0000000,20,32,20,39,21,14,0,0,0,1,0
42,421078,1,1,0,1,1,2,2,101,6540,7,12,2013,7,11,40,1,13,3,SR-611 BROAD ST,SR-2014 LEHIGH AVE,40,39.99393056,-75.15446111,0,8,0,0,2,2,0,1,1,1,0,1,0,0000000,11,40,11,42,12,18,0,0,0,1,0
42,421079,1,1,0,0,0,1,1,39,0,30,12,2013,2,21,40,0,3,2,US-6 LAKES TO SEA HWY,,355,41.78363056,-80.095075,0,24,0,0,1,1,0,2,2,4,0,4,0,0000000,16,38,99,97,99,97,0,0,0,1,1
42,421080,1,1,0,1,1,2,2,125,8880,22,12,2013,1,2,51,1,13,3,SR-18 JEFFERSON AVE,,172,40.17952222,-80.26101389,0,8,0,0,1,1,0,1,3,2,0,2,0,0000000,3,5,3,5,3,19,0,0,0,1,1
42,421081,1,1,0,1,1,4,4,3,570,23,12,2013,2,17,37,1,13,3,SR-65 OHIO RIVER BLVD,,34,40.48679722,-80.05494444,0,8,0,0,1,1,0,1,2,1,0,1,0,0000000,17,38,17,43,88,88,0,0,0,1,0
42,421082,2,1,1,0,0,1,1,3,2849,2,12,2013,2,10,44,0,3,2,US-30 LINCOLN HWY,,14,40.49466111,-80.3166,0,14,0,0,1,1,3,1,1,1,0,1,0,0000000,99,99,99,99,99,99,0,0,0,1,0
42,421083,2,2,0,1,1,3,3,133,6920,24,12,2013,3,17,21,0,14,3,SR-24 WINTERSTOWN RD,PINE ST,135,39.88906389,-76.59761944,0,8,0,0,2,3,0,1,2,1,0,1,0,0000000,99,99,99,99,99,99,16,0,0,1,0
42,421084,2,2,0,0,0,3,3,79,6615,3,12,2013,3,15,28,0,14,3,SR-315 DUPONT HWY,,11,41.26105278,-75.818975,0,12,6,0,4,1,0,1,1,1,0,1,0,0000000,15,27,15,37,15,57,0,0,0,2,0
42,421085,2,2,0,0,0,2,2,3,6600,14,12,2013,7,17,19,0,16,6,MONASTERY ST,ST THOMAS ST,0,40.42344722,-79.98548611,0,24,0,0,2,2,0,1,1,4,0,4,0,0000000,17,16,17,28,18,22,19,0,0,1,0
42,421086,2,2,0,0,0,2,2,55,0,12,12,2013,5,2,5,1,1,1,I-81 AMERICAN LEGION MEM HWY,,234,40.00753333,-77.54374722,0,35,0,0,1,1,0,3,2,1,0,1,0,0000000,99,99,99,99,99,99,0,0,0,1,0
42,421087,1,1,0,0,0,2,2,101,6540,6,12,2013,6,2,50,0,16,6,STOKLEY ST,WESTMORELAND ST,99999,40.00528889,-75.16765,0,30,0,0,3,4,0,4,3,2,0,2,0,0000000,2,51,3,2,3,28,0,0,0,1,0
42,421088,1,1,0,1,1,1,1,69,7460,19,12,2013,5,19,15,0,14,3,SR-3025 WYOMING AVE,,9,41.41663056,-75.65631944,0,8,0,0,8,1,0,1,3,1,0,1,0,0000000,19,19,19,19,19,30,0,0,0,1,0
42,421089,1,1,0,0,0,1,1,3,4710,24,12,2013,3,23,56,1,13,3,SR-148 WALNUT ST,,15,40.33933611,-79.85925278,0,30,0,0,1,1,0,4,3,1,0,1,0,0000000,23,55,23,59,0,17,0,0,0,1,1
42,421090,1,1,0,1,1,1,1,101,6540,20,12,2013,6,17,10,0,15,3,SR-1016 LINDEN AVE,,27,40.04995278,-74.99938611,0,8,0,0,1,1,0,1,3,1,0,1,0,0000000,17,9,17,14,17,46,0,0,0,1,0
42,421091,1,1,0,0,0,1,1,17,0,8,12,2013,1,6,57,0,15,3,SR-4011 HILLTOWN PK,,40,40.33887222,-75.22862222,0,34,0,0,1,1,0,10,2,1,0,1,0,0000000,99,99,99,99,88,88,0,0,0,1,0
42,421092,1,1,0,0,0,1,1,95,0,22,12,2013,1,6,15,1,2,3,SR-248 LEHIGH DR,,6,40.78203611,-75.60333056,0,25,0,0,1,1,0,5,2,5,0,5,0,0000000,99,99,99,99,99,99,0,0,0,1,0