STATE,ST_CASE,VE_TOTAL,VE_FORMS,PVH_INVL,PEDS,PERNOTMVIT,PERMVIT,PERSONS,COUNTY,CITY,DAY,MONTH,YEAR,DAY_WEEK,HOUR,MINUTE,NHS,ROAD_FNC,ROUTE,TWAY_ID,TWAY_ID2,MILEPT,LATITUDE,LONGITUD,SP_JUR,HARM_EV,MAN_COLL,RELJCT1,RELJCT2,TYP_INT,WRK_ZONE,REL_ROAD,LGT_COND,WEATHER1,WEATHER2,WEATHER,SCH_BUS,RAIL,NOT_HOUR,NOT_MIN,ARR_HOUR,ARR_MIN,HOSP_HR,HOSP_MN,CF1,CF2,CF3,FATALS,DRUNK_DR
42,421093,1,1,0,0,0,2,2,13,0,30,12,2013,2,2,30,0,14,3,SR-3013 BEDFORD ST,,89,40.39078889,-78.43579444,0,33,0,0,1,1,0,4,2,2,0,2,0,0000000,7,45,7,51,88,88,0,0,0,2,1
42,421094,2,2,0,0,0,2,2,117,0,29,12,2013,1,11,0,0,3,3,SR-287,,136,41.72011667,-77.28277778,0,12,6,0,1,1,0,1,1,8,0,8,0,0000000,11,0,11,11,11,29,0,0,0,1,0
42,421095,2,1,1,0,0,3,3,117,0,29,12,2013,1,11,0,0,3,3,SR-14,,20,41.56933889,-76.93664167,0,14,0,0,1,1,0,4,1,4,0,4,0,0000000,99,99,99,99,99,99,0,0,0,1,0
42,421096,2,2,0,0,0,2,2,17,8845,9,12,2013,2,16,12,1,13,3,SR-2038 COUNTY LINE RD,,51,40.239975,-75.185275,0,12,6,0,1,1,0,1,1,1,0,1,0,0000000,16,14,16,22,17,36,0,0,0,1,0
42,421097,2,2,0,0,0,3,3,13,0,14,12,2013,7,10,58,0,4,3,SR-4002 SUGAR RUN RD,,48,40.46989444,-78.45901944,0,12,2,0,1,1,0,1,1,4,0,4,0,0000000,11,2,11,13,99,99,0,0,0,2,0
42,421098,2,1,1,0,0,2,2,3,6600,28,12,2013,7,1,12,0,16,6,MOONEY RD,,0,40.37885833,-79.918775,0,14,0,0,1,1,0,7,3,1,0,1,0,0000000,1,9,1,22,99,96,0,0,0,1,1
42,421099,2,2,0,0,0,2,2,129,0,2,12,2013,2,6,11,1,2,2,US-30 LINCOLN HWY,,401,40.21313333,-79.20106389,0,12,6,0,1,1,0,1,1,1,0,1,0,0000000,6,10,6,25,7,30,0,0,0,1,0
42,421100,2,2,0,0,0,2,2,55,3343,30,12,2013,2,17,35,1,2,2,US-30 LINCOLN WAY,,279,39.90663889,-77.48076389,0,12,1,0,1,1,0,1,2,1,0,1,0,0000000,99,99,99,99,99,99,0,0,0,1,0
42,421101,2,2,0,0,0,5,5,103,0,18,12,2013,4,16,0,0,5,3,SR-2003 BUSHKILL FALLS RD,,26,41.14688611,-75.02153611,0,12,2,0,1,1,0,1,1,1,0,1,0,0000000,99,99,99,99,99,99,0,0,0,1,0
42,421102,2,2,0,0,0,4,4,83,0,28,12,2013,7,15,16,0,4,3,SR-155,,154,41.89911667,-78.36789167,0,12,2,0,1,1,0,1,2,1,0,1,0,0000000,99,99,99,99,99,99,0,0,0,1,1
42,421103,2,2,0,0,0,3,3,83,0,19,12,2013,5,4,4,1,2,2,US-219 BUFFALO PITTSBURGH HWY,,155,41.82070833,-78.69473889,0,12,2,0,1,1,0,1,2,1,0,1,0,0000000,99,99,99,99,99,99,0,0,0,1,0
42,421104,3,3,0,1,1,2,2,95,0,22,12,2013,1,12,40,0,5,3,SR-4004 PENN ALLEN RD,,6,40.74222222,-75.33574444,0,12,7,0,1,1,0,1,1,5,0,5,0,0000000,99,99,99,99,99,99,19,14,15,1,0
42,421105,2,2,0,0,0,5,5,27,0,24,12,2013,3,15,38,0,4,3,SR-192 BRUSH VALLEY RD,,203,40.97127222,-77.34151111,0,12,2,0,1,1,0,1,1,4,0,4,0,0000000,15,44,16,1,99,99,0,0,0,1,0
42,421106,2,2,0,0,0,2,2,21,0,17,12,2013,3,12,33,0,14,3,SR-53 PORTAGE ST,,85,40.404925,-78.639625,0,24,0,0,1,1,0,2,1,1,0,1,0,0000000,12,35,12,40,99,99,0,0,0,1,0
42,421107,2,2,0,0,0,3,3,45,0,17,12,2013,3,5,58,1,13,3,SR-252 PROVIDENCE RD,,48,39.94200833,-75.39647778,0,12,6,0,1,1,0,1,3,4,0,4,0,0000000,99,99,99,99,99,99,0,0,0,2,0
42,421108,3,1,2,0,0,1,1,101,6540,24,12,2013,3,10,0,0,16,6,N FIFTH ST,,0,40.03073056,-75.13167222,0,14,0,0,1,1,0,7,1,1,0,1,0,0000000,10,2,10,11,10,29,14,0,0,1,0
42,421109,3,3,0,0,0,6,6,3,6600,22,12,2013,1,21,13,1,13,3,SR-51 SAW MILL RUN BLVD,LEWIS ST,199,40.42751667,-80.02345556,0,12,2,0,2,3,0,1,3,1,0,1,0,0000000,21,14,21,25,22,5,0,0,0,1,1
42,421110,4,4,0,0,0,4,4,3,2290,20,12,2013,6,18,26,1,13,2,US-30 LINCOLN HWY,,107,40.39665556,-79.83844444,0,12,2,0,1,1,0,1,3,1,0,1,0,0000000,18,27,18,36,19,1,0,0,0,1,0
42,421111,1,1,0,0,0,2,2,95,0,20,12,2013,6,3,22,1,12,2,US-22 LEHIGH VALLEY TRWY,,34,40.67649167,-75.35479444,0,35,0,0,1,1,0,5,2,1,0,1,0,0000000,99,99,99,99,99,99,0,0,0,1,1
42,421112,1,1,0,0,0,2,2,133,0,2,12,2013,2,18,5,0,15,3,SR-3017 REYNOLDS MILLS RD,,31,39.90426389,-76.72406667,0,53,0,0,1,1,0,5,2,1,0,1,0,0000000,99,99,99,99,99,99,0,0,0,1,1
42,421113,4,3,1,0,0,6,6,3,9320,27,12,2013,6,22,28,0,14,3,SR-2031 LINCOLN WAY,,29,40.350525,-79.82014167,0,12,2,0,1,1,0,1,3,1,0,1,0,0000000,23,32,23,35,22,58,0,0,0,1,1
42,421114,14,14,0,0,0,23,23,11,0,26,12,2013,5,8,44,1,1,1,I-78 WILLIAM PENN HWY,,380,40.57916389,-75.84403056,0,12,6,0,1,1,0,1,1,4,0,4,0,0000000,99,99,99,99,99,99,0,0,0,1,0
42,421115,4,4,0,0,0,7,7,129,5645,8,12,2013,1,18,48,1,13,2,US-22 WILLIAM PENN HWY,SR-9440 JUGHANDLE RAMP 250 RD,55,40.40580556,-79.604825,0,12,6,0,2,3,0,1,2,1,0,1,0,0000000,18,49,19,0,19,32,14,0,0,1,0
42,421116,1,1,0,0,0,2,2,55,0,3,12,2013,3,12,18,0,5,3,SR-4010 EDENVILLE CHESETOWN RD,,74,39.96314444,-77.72494444,0,39,0,0,1,1,0,5,1,1,0,1,0,0000000,99,99,99,99,99,99,0,0,0,1,0
42,421117,1,1,0,0,0,1,1,11,0,7,12,2013,7,17,30,0,14,3,SR-2023 FRIEDENSBURG RD,,35,40.36137778,-75.84743611,0,42,0,0,1,1,0,4,2,1,0,1,0,0000000,99,99,99,99,99,99,0,0,0,1,0
42,421118,3,2,1,0,0,3,3,73,5800,2,5,2013,5,21,56,0,15,3,SR-1007 CASCADE ST,WARREN AVE,4,40.98591667,-80.31963889,0,12,6,0,2,2,0,1,3,1,0,1,0,0000000,21,57,21,59,22,13,20,0,0,1,0
42,421119,1,1,0,0,0,7,7,129,5880,18,1,2013,6,15,50,0,16,6,ORANGE ALY,TAYLOR AVE,0,40.57075,-79.75944444,0,5,0,0,3,4,0,1,1,1,0,1,0,0000000,99,99,99,99,99,99,20,0,0,1,0
44,440001,1,1,0,0,0,1,1,3,230,29,1,2013,3,23,46,0,13,3,SR-117  WEST SHORE RD,,0,41.70091111,-71.38839722,0,33,0,0,1,1,0,4,3,5,1,5,0,0000000,23,49,23,53,88,88,0,0,0,1,1
44,440002,3,3,0,0,0,3,3,7,190,5,2,2013,3,10,12,1,13,2,US-6,,0,41.82577778,-71.42788611,0,12,6,0,1,1,0,1,1,4,1,4,0,0000000,99,99,99,99,99,99,0,0,0,1,0
44,440003,1,1,0,0,0,2,2,9,208,6,3,2013,4,13,18,0,15,3,SR-110 MINISTTERIAL RD,,0,41.44493056,-71.55558333,0,53,0,0,1,1,0,5,1,10,1,10,0,0000000,13,28,13,33,14,25,0,0,0,1,0
44,440004,1,1,0,0,0,1,1,7,50,27,3,2013,4,11,4,0,13,3,SR-5  OAKLAWN AVENUE,,0,41.76004167,-71.473875,0,33,0,0,1,1,0,4,1,1,0,1,0,0000000,11,4,11,13,11,30,0,0,0,1,0
44,440005,1,1,0,1,1,1,1,7,156,15,5,2013,4,23,12,0,14,3,SR-104 WATERMAN AVE,WOODCLIFF AVE,0,41.86257222,-71.48772778,0,9,0,0,2,3,0,1,3,1,0,1,0,0000000,23,14,23,18,23,45,0,0,0,1,0
44,440006,2,2,0,0,0,3,3,7,156,16,5,2013,5,15,38,0,13,3,SR-15  MINERAL SPRING AVE,BROOKSIDE AVE,0,41.85930278,-71.47610278,0,12,7,0,2,3,0,1,1,1,0,1,0,0000000,15,38,15,49,16,8,0,0,0,1,0
44,440007,1,1,0,1,1,1,1,7,180,9,3,2013,7,1,55,0,13,3,SR-122   LONSDALE AVE,BEECHER ST,0,41.87910278,-71.40000833,0,8,0,0,2,3,4,1,3,1,0,1,0,0000000,1,58,2,4,2,15,0,0,0,1,0
44,440008,1,1,0,1,1,2,2,7,50,5,4,2013,6,22,56,1,11,1,I-295 S,,0,41.75472778,-71.48136667,0,8,0,0,1,1,0,1,2,1,0,1,0,0000000,22,57,23,5,23,27,23,0,0,1,0
44,440009,2,2,0,0,0,3,3,3,230,9,4,2013,3,17,59,0,13,3,SR-3   COWESETT RD,HARDIG RD,0,41.68519444,-71.47985,0,12,6,0,2,3,0,1,1,1,0,1,0,0000000,18,1,18,2,18,25,0,0,0,1,0
44,440010,1,1,0,0,0,1,1,3,230,1,5,2013,4,23,9,1,11,1,I-95 S,,0,41.71574444,-71.47147778,0,1,0,1,5,1,0,3,2,1,0,1,0,0000000,23,19,23,28,23,49,0,0,0,1,1
44,440011,1,1,0,1,1,3,3,7,190,5,5,2013,1,17,52,0,16,6,ROSEDALE ST,,0,41.81039722,-71.43554444,0,8,0,0,1,1,0,1,1,1,0,1,0,0000000,17,52,17,58,18,5,0,0,0,1,0
44,440012,2,2,0,0,0,2,2,7,59,16,5,2013,5,13,40,1,2,2,US-6  DANIELSON PIKE,SR-94  FOSTER CENTER RD,0,41.814925,-71.73408056,0,12,6,0,2,2,0,1,1,1,0,1,0,0000000,13,40,13,41,14,11,0,0,0,1,0
44,440013,2,2,0,0,0,2,2,3,230,21,5,2013,3,8,52,0,13,3,SR-113   MAIN AVENUE,,0,41.71665833,-71.462275,0,12,6,0,8,1,0,1,1,1,0,1,0,0000000,8,53,8,55,9,10,0,0,0,1,0
44,440014,1,1,0,0,0,1,1,7,180,22,6,2013,7,13,0,1,11,1,I-95 S,,0,41.82571667,-71.41900556,0,31,0,0,1,1,0,4,1,1,0,1,0,0000000,12,53,12,59,13,14,0,0,0,1,0
44,440015,1,1,0,0,0,1,1,7,190,29,6,2013,7,9,8,1,11,1,I-195 W,,0,41.81280556,-71.40530556,0,33,0,1,5,1,0,4,1,1,0,1,0,0000000,9,8,9,14,88,88,0,0,0,1,0
44,440016,1,1,0,0,0,1,1,7,190,31,3,2013,1,15,52,1,11,1,I-95 N,,0,41.83983889,-71.41111389,0,35,0,0,5,1,0,4,1,1,0,1,0,0000000,15,47,15,58,16,10,0,0,0,1,0
44,440017,2,2,0,0,0,2,2,5,185,13,5,2013,2,10,0,0,13,3,SR-114   WEST MAIN RD,,0,41.57375278,-71.27314167,0,12,2,0,1,1,0,1,1,1,0,1,0,0000000,9,59,10,6,10,28,0,0,0,1,0
44,440018,1,1,0,0,0,2,2,9,155,2,7,2013,3,6,5,1,13,2,US-1  POST RD,,0,41.62998611,-71.46351667,0,38,0,0,1,1,0,4,1,10,0,10,0,0000000,6,7,6,9,6,34,0,0,0,1,0
44,440019,1,1,0,1,1,1,1,7,190,28,5,2013,3,4,18,0,16,6,BATH ST,,0,41.83159722,-71.42438056,0,8,0,0,1,1,0,5,3,1,0,1,0,0000000,4,18,4,24,4,36,0,0,0,1,0
44,440020,3,3,0,0,0,4,4,5,185,12,6,2013,4,16,45,0,13,3,SR-114  BRISTOL FERRY RD,MARE TERRACE,0,41.62040278,-71.25685278,0,33,0,0,3,3,0,4,1,1,0,1,0,0000000,16,45,16,51,17,22,0,0,0,1,1
44,440021,1,1,0,0,0,1,1,9,240,4,7,2013,5,1,21,0,14,3,SR-1A    SHORE RD,MAPLEWOOD AVE,0,41.32718611,-71.82287778,0,39,0,0,3,3,0,5,2,1,0,1,0,0000000,1,20,1,26,88,88,0,0,0,1,1
44,440022,2,1,1,0,2,1,3,7,260,4,7,2013,5,3,56,0,14,3,SR-1A,,0,41.32730833,-71.82299722,0,14,0,0,1,1,0,5,2,1,0,1,0,0000000,3,58,4,1,4,36,0,0,0,1,1
44,440023,2,2,0,0,0,5,5,7,32,5,7,2013,6,17,44,0,13,3,SR-102  BRONCOS HWY,,0,41.95237778,-71.65401667,0,12,6,0,1,1,0,1,1,1,0,1,0,0000000,17,51,18,0,18,28,0,0,0,1,1
44,440024,1,1,0,0,0,1,1,7,190,6,7,2013,7,20,26,0,16,6,MANTON AVENUE,,0,41.83263889,-71.46421111,0,33,0,0,1,1,0,4,5,1,0,1,0,0000000,20,24,20,31,20,39,0,0,0,1,0
44,440025,2,2,0,0,0,4,4,7,32,11,7,2013,5,15,28,0,13,3,SR-102  BRONCOS HWY,,0,41.96495556,-71.64580556,0,12,2,0,1,1,0,1,1,1,0,1,0,0000000,15,28,15,32,16,38,0,0,0,2,0
44,440026,2,2,0,0,0,2,2,3,230,15,7,2013,2,18,15,0,13,3,SR-117  CENTERVILLE RD,ORCHARD AVE,0,41.697825,-71.47045833,0,12,1,0,2,3,0,1,1,1,0,1,0,0000000,18,17,18,21,18,33,0,0,0,1,0
44,440027,1,1,0,1,1,2,2,9,208,18,7,2013,5,16,58,1,12,2,US-1  CMDR OLIVER HAZARD PERRY,,0,41.39519722,-71.60795,0,9,0,0,1,1,0,1,1,1,0,1,0,0000000,16,59,17,8,17,35,0,0,0,1,0
44,440028,2,2,0,0,0,4,4,7,112,21,7,2013,1,3,7,0,12,3,SR-146,,0,41.94700278,-71.48043056,0,12,2,0,1,1,0,1,3,1,0,1,0,0000000,3,7,3,20,3,50,0,0,0,3,2
44,440029,1,1,0,0,0,1,1,3,230,3,8,2013,7,15,39,0,16,6,JEFFERSON BLVD,AIRPORT CONNECTOR,0,41.72337778,-71.44495833,0,33,0,1,3,2,0,4,1,1,0,1,0,0000000,15,39,15,43,16,1,0,0,0,1,0
44,440030,1,1,0,0,0,2,2,5,212,6,8,2013,3,1,23,0,14,3,SR-81  STAFFORD RD,,0,41.650275,-71.14986667,0,30,0,0,1,1,0,5,3,1,0,1,0,0000000,1,25,1,41,2,4,0,0,0,1,1
44,440031,1,1,0,0,0,1,1,7,50,7,8,2013,4,15,56,0,14,6,PONTIAC AVENUE,,0,41.75075556,-71.45200833,0,33,0,0,1,1,0,4,1,1,0,1,0,0000000,15,58,16,1,88,88,0,0,0,1,0
44,440032,2,2,0,0,0,2,2,5,100,10,8,2013,7,20,32,0,16,6,NORTH RD,WEST WIND DR,0,41.503875,-71.37483611,0,12,1,0,2,3,0,1,5,1,0,1,0,0000000,20,33,20,36,88,88,0,0,0,1,1
44,440033,1,1,0,0,0,1,1,3,48,24,8,2013,7,1,13,0,13,3,SR-117 MAIN ST,,0,41.69093056,-71.56451111,0,33,0,0,1,1,0,4,3,1,0,1,0,0000000,1,18,1,22,2,25,0,0,0,1,1
44,440034,1,1,0,0,0,1,1,5,135,11,9,2013,4,18,37,0,13,3,SR-214  VALLEY RD,,0,41.52296111,-71.295675,0,33,0,0,1,1,0,4,1,1,0,1,0,0000000,18,36,18,39,19,3,0,0,0,1,1
44,440035,1,1,0,1,1,1,1,7,190,12,9,2013,5,21,23,1,11,1,I-95 S,,0,41.83666389,-71.41541111,0,8,0,1,18,1,0,1,3,1,0,1,0,0000000,21,17,21,27,21,39,0,0,0,1,0
44,440036,1,1,0,0,0,1,1,9,194,13,9,2013,6,1,31,0,2,3,SR-138  KINGSTOWN RD,,0,41.50044722,-71.659675,0,30,0,0,1,1,0,4,2,10,0,10,0,0000000,1,34,1,36,88,88,0,0,0,1,1
44,440037,1,1,0,1,1,1,1,7,57,15,9,2013,1,3,57,1,11,1,I-195 E,,0,41.81940556,-71.38531389,0,8,0,0,1,1,0,1,3,1,0,1,0,0000000,4,0,4,0,88,88,0,0,0,1,0
44,440038,1,1,0,1,1,1,1,7,190,17,9,2013,3,4,56,1,11,1,I-95 N,,0,41.85314167,-71.40889167,0,8,0,0,1,1,0,1,2,1,0,1,0,0000000,4,49,4,56,99,99,0,0,0,1,0
44,440039,3,1,2,1,1,2,2,7,190,29,9,2013,1,0,47,1,12,2,US-6 W,,0,41.82054167,-71.43724167,0,14,0,0,1,1,0,2,3,1,0,1,0,0000000,0,47,0,54,1,2,23,14,15,1,1
44,440040,1,1,0,1,1,1,1,7,47,3,10,2013,5,6,0,0,14,3,SR-123  DEXTER ST,HIGH ST,0,41.91261944,-71.39302778,0,8,0,0,3,2,0,1,2,1,0,1,0,0000000,6,0,6,4,6,29,0,0,0,1,0
44,440041,2,2,0,0,0,3,3,7,62,4,10,2013,6,19,16,1,2,2,US-44  PUTNAM PIKE,,0,41.90499722,-71.64602778,0,12,6,0,8,1,0,1,3,1,0,1,0,0000000,19,14,19,26,20,15,0,0,0,1,0
44,440042,1,1,0,1,1,4,4,7,57,8,10,2013,3,12,56,0,16,6,WARREN AVE,LYON AVE,0,41.81368889,-71.3705,0,9,0,0,3,3,0,1,1,1,0,1,0,0000000,12,56,13,2,13,17,0,0,0,1,0
44,440043,1,1,0,0,0,1,1,7,190,10,10,2013,5,10,17,0,12,3,SR-146 S,,0,41.83951667,-71.41681389,0,33,0,0,1,1,0,8,1,1,0,1,0,0000000,10,19,10,28,88,88,0,0,0,1,1
44,440044,2,2,0,0,0,2,2,9,155,10,10,2013,5,14,47,0,12,3,SR-4 S,OAK HILL RD,0,41.56083889,-71.48957778,0,12,1,0,2,3,0,1,1,1,0,1,0,0000000,14,52,15,6,15,39,0,0,0,1,0
44,440045,1,1,0,1,1,1,1,7,190,11,10,2013,6,23,38,1,11,1,I-95 N,,0,41.82151389,-71.42030833,0,8,0,0,1,1,0,1,3,1,0,1,0,0000000,23,37,23,40,88,88,0,0,0,1,0
44,440046,1,1,0,0,0,1,1,9,194,13,10,2013,1,4,55,0,4,3,SR-3  NOOSENECK HILL RD,,0,41.55576944,-71.66598611,0,42,0,0,1,1,0,4,2,1,0,1,0,0000000,4,58,5,10,6,0,0,0,0,1,0
44,440047,2,2,0,1,1,2,2,7,180,27,10,2013,1,4,51,1,11,1,I-95  S,,0,41.86048056,-71.404575,0,8,0,0,1,1,0,1,3,2,0,2,0,0000000,4,37,4,42,88,88,0,0,0,1,1
44,440048,1,1,0,0,0,1,1,7,47,31,10,2013,5,7,59,0,14,6,W WRENTHAM RD,,0,41.98828889,-71.46083889,0,42,0,0,1,1,0,4,6,1,0,1,0,0000000,8,24,8,39,88,88,0,0,0,1,1
44,440049,1,1,0,0,0,1,1,5,135,5,11,2013,3,4,31,0,16,6,ROCKWOOD RD,RIDGEWOOD RD,0,41.51812778,-71.29874444,0,38,0,0,3,10,0,5,3,1,0,1,0,0000000,4,27,4,32,5,1,0,0,0,1,0
44,440050,1,1,0,1,1,1,1,7,180,5,11,2013,3,7,29,0,16,6,DAGGET AVE,CENTRAL AVE,0,41.88947778,-71.34744444,0,8,0,0,2,3,0,1,1,1,0,1,0,0000000,7,31,7,33,8,10,0,0,0,1,0
44,440051,2,2,0,0,0,2,2,7,202,11,11,2013,2,13,19,0,13,3,SR-12  SCITUATE AVE,,0,41.76329722,-71.56777778,0,12,7,0,8,1,0,1,1,1,0,1,0,0000000,13,19,13,26,13,47,0,0,0,1,0
44,440052,1,1,0,0,0,3,3,9,194,22,11,2013,6,19,35,0,6,6,HILLSDALE RD,,0,41.520375,-71.64129167,0,1,0,0,1,1,0,5,6,5,0,5,0,0000000,19,36,19,48,20,50,0,0,0,1,1
44,440053,1,1,0,1,1,1,1,3,48,23,11,2013,7,18,42,0,13,3,SR-33  WASHINGTON ST,,0,41.6973,-71.54633889,0,8,0,0,1,1,0,1,3,1,0,1,0,0000000,18,41,18,41,19,5,0,0,0,1,0
44,440054,1,1,0,0,0,2,2,9,208,23,11,2013,7,0,52,1,12,2,US-1  TOWER HILL RD,SOUTH COUNTY COMMONS,0,41.45606389,-71.46863333,0,30,0,0,3,3,0,4,3,1,0,1,0,0000000,0,55,1,1,1,25,0,0,0,1,1
44,440055,1,1,0,1,1,1,1,3,230,4,12,2013,4,17,21,0,13,3,SR-117A  WARWICK AVE,,0,41.72777222,-71.40575,0,8,0,0,1,1,0,1,3,1,0,1,0,0000000,17,23,17,28,17,45,0,0,0,1,0
44,440056,1,1,0,0,0,1,1,5,185,4,12,2013,4,11,50,0,13,3,SR-114  BRISTOL FERRY RD,,0,41.62227222,-71.25673056,0,33,0,0,1,1,0,4,1,1,0,1,0,0000000,11,49,11,54,12,22,0,0,0,1,1
44,440057,3,3,0,0,0,4,4,7,190,6,12,2013,6,22,57,0,16,6,HUXLEY AVE,ADMIRAL ST,0,41.84675833,-71.43267222,0,12,2,0,2,3,0,1,3,2,0,2,0,0000000,23,5,23,10,23,34,0,0,0,1,1
44,440058,1,1,0,0,0,1,1,7,112,7,12,2013,7,21,2,0,12,3,SR-146 N  EDDIE DOWLING HWY,,0,41.92041111,-71.45564444,0,24,0,0,1,1,0,3,2,1,0,1,0,0000000,21,5,21,10,21,45,0,0,0,1,0
44,440059,2,2,0,0,0,2,2,5,150,24,12,2013,3,15,6,0,13,3,SR-138  PELL BRIDGE,,0,41.49946389,-71.32456944,0,12,2,0,1,1,0,1,1,1,0,1,0,0000000,15,5,15,11,15,39,0,0,0,1,0
44,440060,1,1,0,0,0,1,1,7,112,24,12,2013,3,20,47,0,16,6,N CROW POINT RD,HIGGINSON AVE,0,41.88623333,-71.40558889,0,38,0,0,3,2,0,5,3,1,0,1,0,0000000,20,51,20,58,21,21,0,0,0,1,1
44,440061,1,1,0,0,0,5,5,7,206,24,10,2013,5,0,56,0,19,8,PHYSICAL ROAD,,0,41.92030278,-71.53473056,4,42,0,0,1,1,0,4,2,1,0,1,0,0000000,1,15,1,24,2,31,0,0,0,1,0
44,440062,1,1,0,1,1,3,3,7,57,15,11,2013,6,17,27,0,14,6,BULLOCKS POINT AVE,,0,41.77851944,-71.36323056,0,8,0,0,1,1,0,1,2,1,0,1,0,0000000,17,28,17,36,17,57,0,0,0,1,0
45,450001,1,1,0,1,1,1,1,77,0,2,1,2013,4,1,30,0,4,3,SR-135,,0,34.75933056,-82.64113611,0,8,0,0,1,1,0,1,2,5,0,5,0,0000000,99,99,99,99,99,99,0,0,0,1,0
45,450002,2,2,0,0,0,2,2,35,0,2,1,2013,4,18,42,0,13,3,SR-642,,0,32.90623056,-80.09185833,0,12,1,0,1,1,0,1,2,1,0,1,0,0000000,99,99,99,99,99,99,0,0,0,1,0
45,450003,1,1,0,1,1,1,1,41,0,2,1,2013,4,6,45,0,4,3,SR-95,,4,34.00234722,-79.87991667,0,8,0,0,1,1,0,4,2,2,0,2,0,0000000,99,99,99,99,99,99,0,0,0,1,0
45,450004,1,1,0,0,0,2,2,13,0,3,1,2013,5,23,55,0,19,4,CR-294,,0,32.22176944,-80.74665833,0,1,0,0,1,1,0,4,2,1,0,1,0,0000000,99,99,99,99,99,99,0,0,0,1,1
45,450005,1,1,0,0,0,1,1,85,0,6,1,2013,1,3,30,0,4,4,CR-920,,0,34.13199722,-80.52194722,0,42,0,0,1,1,0,4,2,2,0,2,0,0000000,88,88,88,88,88,88,0,0,0,1,1
45,450006,1,1,0,0,0,1,1,27,0,7,1,2013,2,16,5,0,9,4,CR-400,CR-556,23,33.51024444,-80.40791944,0,42,0,0,3,3,0,4,1,1,0,1,0,0000000,16,8,16,19,99,99,0,0,0,1,0
45,450007,1,1,0,0,0,2,2,79,0,7,1,2013,2,23,58,1,2,2,US-21,,16,34.19035,-80.96705833,0,34,0,0,1,1,0,4,2,1,0,1,0,0000000,99,99,99,99,99,99,0,0,0,1,1
45,450008,1,1,0,1,1,1,1,43,0,7,1,2013,2,6,55,1,2,2,US-17,,16,33.36478333,-79.24463333,0,9,0,0,1,1,0,1,4,1,0,1,0,0000000,99,99,99,99,99,99,0,0,0,1,0
45,450009,1,1,0,0,0,1,1,29,0,8,1,2013,3,2,0,1,2,2,US-15,,5,32.97766944,-80.63480278,0,35,0,0,1,1,0,4,2,1,0,1,0,0000000,88,88,88,88,88,88,0,0,0,1,1
45,450010,2,2,0,0,0,3,3,33,0,9,1,2013,4,12,15,0,4,4,CR-23,CR-61,3,34.49279444,-79.37926667,0,12,6,0,8,1,0,1,1,1,0,1,0,0000000,12,48,13,0,14,0,0,0,0,1,0
45,450011,1,1,0,1,1,1,1,45,0,9,1,2013,4,18,34,0,15,4,CR-85,,0,34.82834722,-82.44745,0,8,0,0,1,1,0,1,3,1,0,1,0,0000000,18,34,18,42,19,0,0,0,0,1,0
45,450012,1,1,0,0,0,2,2,3,1800,9,1,2013,4,2,7,0,15,4,CR-68,,20,33.49321111,-81.94403333,0,42,0,0,1,1,0,4,2,1,0,1,0,0000000,88,88,88,88,88,88,20,0,0,2,1
45,450013,1,1,0,0,0,1,1,17,0,10,1,2013,5,11,0,1,1,1,I-26,,121,33.87100278,-81.03459167,0,42,0,0,1,1,0,4,1,1,0,1,0,0000000,11,8,11,18,11,38,0,0,0,1,1
45,450014,2,2,0,0,0,2,2,55,0,11,1,2013,6,4,30,0,9,3,SR-36,,4,34.26387778,-80.72928611,0,12,6,0,8,1,0,1,2,1,0,1,0,0000000,4,30,4,37,99,99,0,0,0,1,1
45,450015,1,1,0,1,1,4,4,63,0,11,1,2013,6,20,19,1,13,2,US-321,,15,33.88966111,-81.06336667,0,8,0,0,1,1,0,1,2,1,0,1,0,0000000,99,98,99,98,88,88,0,0,0,1,0
45,450016,1,1,0,0,0,6,6,21,0,11,1,2013,6,19,57,0,4,3,SR-54,,6,34.963475,-81.58248611,0,35,0,0,1,1,0,4,2,2,0,2,0,0000000,99,99,99,99,99,99,0,0,0,1,1
45,450017,1,1,0,0,0,1,1,29,0,12,1,2013,7,23,40,0,3,2,US-21,,30,32.733025,-80.81345278,0,35,0,0,1,1,0,4,2,1,0,1,0,0000000,88,88,88,88,88,88,0,0,0,1,1
45,450018,2,2,0,0,0,2,2,79,0,14,1,2013,2,11,50,0,3,3,SR-48,,233,33.84149722,-80.72978056,0,12,6,0,8,1,0,1,1,1,0,1,0,0000000,11,50,12,10,12,54,0,0,0,1,0
45,450019,1,1,0,1,1,1,1,19,410,14,1,2013,2,0,2,1,13,3,SR-61,CR-AVONDALE AVE,11,32.78816944,-79.98298056,0,8,0,0,3,2,0,1,2,1,0,1,0,0000000,99,98,99,98,88,88,0,0,0,1,0
45,450020,1,1,0,0,0,1,1,79,0,16,1,2013,4,10,45,0,5,3,SR-488,,10,33.83511111,-80.66208889,0,42,0,0,1,1,0,4,1,1,0,1,0,0000000,99,98,99,98,88,88,0,0,0,1,0
45,450021,1,1,0,1,1,1,1,83,0,16,1,2013,4,22,30,0,14,3,SR-296,,13,34.92062778,-81.99258611,0,8,0,0,1,1,0,1,3,2,0,2,0,0000000,99,98,99,98,88,88,0,0,0,1,0