STATE,ST_CASE,VE_TOTAL,VE_FORMS,PVH_INVL,PEDS,PERNOTMVIT,PERMVIT,PERSONS,COUNTY,CITY,DAY,MONTH,YEAR,DAY_WEEK,HOUR,MINUTE,NHS,ROAD_FNC,ROUTE,TWAY_ID,TWAY_ID2,MILEPT,LATITUDE,LONGITUD,SP_JUR,HARM_EV,MAN_COLL,RELJCT1,RELJCT2,TYP_INT,WRK_ZONE,REL_ROAD,LGT_COND,WEATHER1,WEATHER2,WEATHER,SCH_BUS,RAIL,NOT_HOUR,NOT_MIN,ARR_HOUR,ARR_MIN,HOSP_HR,HOSP_MN,CF1,CF2,CF3,FATALS,DRUNK_DR
45,450022,1,1,0,1,1,1,1,79,0,23,1,2013,4,23,55,0,13,3,SR-48,,3,33.96878333,-81.01529444,0,8,0,0,1,1,0,1,2,1,0,1,0,0000000,99,98,99,98,88,88,0,0,0,1,0
45,450023,1,1,0,0,0,2,2,19,1805,7,1,2013,2,10,27,0,6,4,CR-ACCABEE RD,CR-THOMASINA MCPERSON BLVD,0,32.85049444,-79.97747222,0,35,0,0,3,4,0,4,1,1,0,1,0,0000000,99,99,99,99,99,99,0,0,0,1,0
45,450024,2,2,0,0,0,2,2,9,0,10,1,2013,5,16,40,0,4,3,SR-12,SR-54,3,33.28523889,-81.11289167,0,12,6,0,2,2,0,1,1,1,0,1,0,0000000,99,99,99,99,99,99,0,0,0,1,0
45,450025,1,1,0,1,1,1,1,63,0,22,1,2013,3,18,35,0,4,3,SR-268,,0,34.1622,-81.38506111,0,8,0,0,8,1,0,1,2,1,0,1,0,0000000,18,37,18,46,19,6,0,0,0,1,0
45,450026,1,1,0,1,1,1,1,51,1730,19,1,2013,7,18,10,1,2,2,US-17,23RD AVE,0,33.703575,-78.87030833,0,8,0,0,2,2,0,1,3,1,0,1,0,0000000,18,16,18,19,18,47,0,0,0,1,0
45,450027,2,2,0,0,0,2,2,35,0,17,1,2013,5,8,7,1,2,2,US-78,,25,33.13535556,-80.33276111,0,12,2,0,1,1,0,1,1,1,0,1,0,0000000,99,99,99,99,99,99,0,0,0,1,0
45,450028,1,1,0,0,0,1,1,79,0,30,1,2013,4,22,0,0,4,3,SR-498,,22,34.12552778,-81.19467222,0,34,0,0,1,1,0,4,2,2,0,2,0,0000000,99,98,99,98,88,88,0,0,0,1,1
45,450030,1,1,0,1,1,1,1,63,1220,6,1,2013,1,22,36,0,14,3,SR-60,,28,34.08681111,-81.18100556,0,8,0,0,8,1,0,4,3,1,0,1,0,0000000,99,98,99,98,88,88,0,0,0,1,1
45,450031,1,1,0,0,0,2,2,9,0,19,1,2013,7,18,50,0,4,3,SR-26,,27,33.29644444,-81.17398333,0,1,0,0,1,1,0,1,2,1,0,1,0,0000000,99,99,99,99,99,99,0,0,0,1,0
45,450032,3,3,0,0,0,4,4,83,0,25,1,2013,6,8,35,0,3,3,SR-9,,0,35.03181667,-81.96899722,0,12,2,0,1,1,0,1,1,3,0,3,0,0000000,99,99,99,99,99,99,0,0,0,1,0
45,450033,1,1,0,0,0,1,1,7,0,30,1,2013,4,14,14,0,4,3,SR-143,,0,34.73835,-82.47190833,0,32,0,0,8,1,0,4,1,2,0,2,0,0000000,14,14,14,24,99,99,0,0,0,1,0
45,450034,1,1,0,0,0,2,2,69,0,30,1,2013,4,16,50,0,3,3,SR-38,,14,34.56796389,-79.66528611,0,1,0,0,1,1,0,1,1,6,0,6,0,0000000,99,99,99,99,99,99,0,0,0,1,0
45,450035,2,2,0,0,0,3,3,79,0,1,2,2013,6,13,50,0,4,3,SR-963,,0,34.22873611,-80.85091111,0,12,2,0,1,1,0,1,1,1,0,1,0,0000000,99,99,99,99,99,99,0,0,0,1,0
45,450036,2,2,0,0,0,2,2,41,0,2,2,2013,7,15,15,1,2,2,US-76,,9,34.14544444,-79.9087,0,12,8,0,1,1,0,1,1,1,0,1,0,0000000,15,20,15,25,99,99,0,0,0,1,0
45,450037,1,1,0,0,0,1,1,15,0,2,2,2013,7,20,40,0,4,3,SR-324,,0,32.98733056,-80.01001944,0,34,0,0,1,1,0,4,2,1,0,1,0,0000000,21,11,21,22,21,36,0,0,0,1,1
45,450038,1,1,0,0,0,3,3,51,0,2,2,2013,7,2,25,0,6,4,CR-CAROLINA LAKES BLVD,,0,33.74172778,-79.01142222,0,1,0,0,1,1,0,4,3,1,0,1,0,0000000,99,99,99,99,99,99,0,0,0,1,1
45,450039,3,3,0,0,0,4,4,15,985,16,1,2013,4,18,37,1,13,2,US-17,,0,33.05613333,-80.09925,0,12,7,0,8,1,0,1,2,1,0,1,0,0000000,99,99,99,99,99,99,0,0,0,1,1
45,450040,1,1,0,0,0,2,2,67,0,3,2,2013,1,5,15,0,3,2,US-501,CR-BLUFF RD,10,34.16800556,-79.34880278,0,1,0,0,3,2,0,3,2,1,0,1,0,0000000,5,15,5,16,5,45,0,0,0,1,0
45,450041,1,1,0,0,0,1,1,79,0,5,2,2013,3,18,20,1,11,1,I-20,,81,34.10992778,-80.81354722,0,24,0,0,1,1,0,4,2,1,0,1,0,0000000,88,88,88,88,88,88,0,0,0,1,0
45,450042,2,2,0,0,0,2,2,71,0,6,2,2013,4,19,2,1,2,2,US-76,,0,34.23646667,-81.56135833,0,12,6,0,8,1,0,1,2,1,0,1,0,0000000,19,25,19,29,20,13,0,0,0,1,0
45,450043,1,1,0,0,0,2,2,55,0,8,2,2013,6,21,0,0,9,3,SR-57,,12,34.42530833,-80.74438056,0,32,0,0,1,1,0,4,2,1,0,1,0,0000000,99,99,99,99,99,99,0,0,0,1,1
45,450044,1,1,0,0,0,2,2,77,0,23,1,2013,4,21,11,0,6,4,CR-RAINES RD,,0,34.94700833,-82.54644444,0,1,0,0,1,1,0,1,3,1,0,1,0,0000000,99,98,99,98,88,88,0,0,0,2,1
45,450045,1,1,0,0,0,1,1,83,2780,24,1,2013,5,6,33,0,3,3,SR-292,CHURCH STREET,0,34.948175,-82.08616667,0,35,0,0,3,3,0,4,2,1,0,1,0,634133U,7,55,8,16,8,49,0,0,0,1,1
45,450046,1,1,0,0,0,1,1,3,0,3,2,2013,1,2,10,0,4,3,SR-49,,12,33.74284722,-81.56108333,0,42,0,0,1,1,0,4,2,1,0,1,0,0000000,88,88,88,88,88,88,0,0,0,1,1
45,450047,1,1,0,0,0,1,1,45,0,5,2,2013,3,17,55,0,15,3,SR-263,,3,34.80777222,-82.44020833,0,42,0,0,1,1,0,4,2,1,0,1,0,0000000,17,57,18,6,18,17,0,0,0,1,1
45,450048,2,2,0,0,0,2,2,19,85,10,2,2013,1,6,28,1,2,2,US-17,,0,33.07518889,-79.51183611,0,12,2,0,1,1,0,1,3,1,0,1,0,0000000,99,99,99,99,99,99,0,0,0,1,1
45,450049,2,2,0,0,0,2,2,79,0,6,2,2013,4,10,50,1,2,2,US-601,,4,33.7683,-80.64064167,0,39,0,0,1,1,0,4,1,1,0,1,0,0000000,99,99,99,99,99,99,0,0,0,1,0
45,450050,2,2,0,0,0,4,4,19,1805,27,1,2013,1,16,22,1,11,1,I-526,,4,32.85431389,-80.02109722,0,12,6,0,1,1,0,1,1,1,0,1,0,0000000,99,99,99,99,99,99,0,0,0,1,1
45,450051,5,3,2,0,0,3,3,3,0,29,1,2013,3,18,42,1,13,2,US-1,CR-365,27,33.49302222,-81.91668611,0,12,6,0,2,7,0,1,3,1,0,1,0,0000000,18,44,18,50,19,12,0,0,0,1,0
45,450052,2,2,0,0,0,5,5,63,2790,3,2,2013,1,23,30,0,13,3,SR-378,US-1,0,33.99485556,-81.054575,0,12,6,0,3,3,0,1,3,1,0,1,0,0000000,23,28,23,34,23,54,0,0,0,1,1
45,450053,1,1,0,1,1,1,1,45,0,8,2,2013,6,5,50,0,14,3,SR-183,,4,34.87155278,-82.43531111,0,8,0,0,1,1,0,1,2,10,0,10,0,0000000,99,99,99,99,99,99,0,0,0,1,0
45,450054,1,1,0,0,0,1,1,55,0,16,2,2013,7,19,48,0,4,3,SR-55,,5,34.27359444,-80.81680556,0,53,0,0,1,1,0,4,2,4,0,4,0,0000000,99,99,99,99,99,99,0,0,0,1,1
45,450055,1,1,0,0,0,1,1,77,0,17,2,2013,1,1,10,0,4,3,SR-355,,5,34.91461111,-82.54832778,0,53,0,0,1,1,0,4,2,1,0,1,0,0000000,88,88,88,88,88,88,0,0,0,1,1
45,450056,1,1,0,0,0,2,2,77,0,25,1,2013,6,10,55,1,2,2,US-123,,0,34.79981944,-82.63269722,0,1,0,0,1,1,0,4,1,3,0,3,0,0000000,99,99,99,99,99,99,0,0,0,1,0
45,450057,1,1,0,0,0,1,1,45,0,31,1,2013,5,3,37,0,4,3,SR-541,,5,34.69017222,-82.356525,0,34,0,0,8,1,0,4,2,1,0,1,0,0000000,88,88,88,88,88,88,0,0,0,1,0
45,450058,3,1,2,0,0,1,1,63,0,10,2,2013,1,21,53,0,4,3,SR-685,,1,34.00120833,-81.15373611,0,34,0,0,1,1,0,4,2,2,0,2,0,0000000,99,98,99,98,88,88,14,0,0,1,1
45,450059,1,1,0,0,0,3,3,63,0,14,2,2013,5,19,0,0,4,3,SR-1917,,0,33.87570833,-81.24614722,0,38,0,0,1,1,0,4,2,1,0,1,0,0000000,99,99,99,99,99,99,0,0,0,1,1
45,450060,2,2,0,0,0,7,7,89,0,18,2,2013,2,18,32,1,2,2,US-52,CADE RD,0,33.7908,-79.79082778,0,59,0,0,3,2,0,3,2,1,0,1,0,0000000,99,99,99,99,99,99,14,0,0,1,0
45,450061,1,1,0,0,0,1,1,49,0,9,2,2013,7,21,20,0,4,3,SR-20,,1,32.60620833,-81.24775833,0,34,0,0,1,1,0,4,2,1,0,1,0,0000000,88,88,88,88,88,88,0,0,0,1,1
45,450062,3,3,0,0,0,3,3,79,520,18,2,2013,2,11,10,0,15,3,SR-268,,8,34.10183056,-80.78552778,0,12,8,0,1,1,0,1,1,1,0,1,0,0000000,99,98,99,98,88,88,0,0,0,1,0
45,450063,2,2,0,0,0,2,2,51,0,20,2,2013,4,16,51,0,3,3,SR-9,348,0,34.02706944,-78.82105,0,12,1,0,3,3,0,1,1,1,0,1,0,0000000,99,98,99,98,88,88,0,0,0,1,0
45,450064,1,1,0,0,0,1,1,67,0,21,2,2013,5,15,23,0,3,3,SR-9,,5,34.05933056,-79.43592778,0,59,0,0,1,1,0,4,1,1,0,1,0,0000000,88,88,88,88,88,88,0,0,0,1,1
45,450065,1,1,0,1,1,1,1,75,0,1,2,2013,6,3,31,1,13,2,US-601,,17,33.51753889,-80.84508611,0,8,0,0,1,1,0,1,2,1,0,1,0,0000000,3,37,3,43,3,59,0,0,0,1,0
45,450066,1,1,0,1,1,1,1,45,0,21,2,2013,5,2,19,0,4,3,SR-55,,0,34.66856111,-82.260175,0,9,0,0,1,1,0,1,2,1,0,1,0,0000000,99,99,99,99,99,99,0,0,0,1,0
45,450068,1,1,0,0,0,1,1,83,0,23,2,2013,7,1,54,0,4,3,SR-255,,0,35.05291944,-81.96962222,0,42,0,0,1,1,0,4,2,2,0,2,0,0000000,99,99,99,99,99,99,0,0,0,1,1
45,450069,2,2,0,0,0,2,2,31,600,14,1,2013,2,20,49,0,4,3,SR-340,,3,34.203625,-79.91344444,0,59,0,0,1,1,0,3,2,1,0,1,0,0000000,99,99,99,99,99,99,0,0,0,1,0
45,450070,2,2,0,0,0,5,5,31,0,25,1,2013,6,19,37,0,3,3,SR-151,541,4,34.36709722,-80.13023889,0,12,7,0,1,1,0,1,2,1,0,1,0,0000000,99,99,99,99,99,99,0,0,0,1,0
45,450071,2,2,0,0,0,3,3,13,0,6,1,2013,1,0,21,0,2,3,SR-170,TIDE WATCH DRIVE,0,32.31141389,-80.93474167,0,12,2,0,2,2,0,1,2,10,0,10,0,0000000,99,99,99,99,99,99,0,0,0,2,2
45,450072,2,2,0,0,0,4,4,45,910,14,2,2013,5,13,31,0,3,3,SR-418,,0,34.69836944,-82.18745833,0,12,2,0,1,1,0,1,1,1,0,1,0,0000000,13,32,13,39,14,21,0,0,0,1,0
45,450073,1,1,0,1,1,1,1,19,1805,21,2,2013,5,16,23,0,14,3,SR-75,SR-1242,10,32.93289167,-80.05393056,0,8,0,0,2,2,0,1,1,1,0,1,0,0000000,16,22,16,26,16,50,0,0,0,1,0
45,450074,1,1,0,0,0,1,1,29,0,23,2,2013,7,9,59,0,6,4,CR-BALDWIN LANE,,0,32.56076944,-80.45106111,0,21,0,0,1,1,0,4,1,2,0,2,0,0000000,88,88,88,88,88,88,0,0,0,1,0
45,450075,2,2,0,0,0,2,2,77,0,23,2,2013,7,13,40,0,4,3,SR-56,,0,34.79701944,-82.58967778,0,12,2,0,1,1,0,1,1,10,0,10,0,0000000,13,51,13,59,14,22,0,0,0,1,0
45,450076,2,2,0,0,0,5,5,3,0,24,2,2013,1,17,58,0,4,3,SR-302,776,7,33.46929444,-81.76269167,0,12,6,0,2,3,0,1,1,1,0,1,0,0000000,17,58,18,9,18,44,0,0,0,1,1
45,450077,1,1,0,0,0,1,1,85,0,19,2,2013,3,4,0,0,13,3,SR-441,,15,34.04172222,-80.442225,0,42,0,0,1,1,0,4,2,1,0,1,0,0000000,4,4,4,13,99,99,0,0,0,1,1
45,450078,1,1,0,0,0,1,1,79,0,24,2,2013,1,23,41,0,13,2,US-321,,15,34.19132778,-81.05640833,0,42,0,0,1,1,0,4,2,1,0,1,0,0000000,88,88,88,88,88,88,0,0,0,1,1
45,450079,1,1,0,0,0,3,3,1,0,24,2,2013,1,5,46,0,4,3,SR-71,,6,34.21640556,-82.51942222,0,34,0,0,1,1,0,4,2,1,0,1,0,0000000,99,99,99,99,99,99,0,0,0,1,1
45,450080,1,1,0,0,0,1,1,83,0,25,2,2013,2,19,55,0,4,3,SR-868,SR-1009,1,35.03025,-81.87752778,0,1,0,0,3,4,0,4,2,1,0,1,0,0000000,19,55,20,3,20,31,0,0,0,1,0
45,450081,1,1,0,1,1,1,1,7,0,25,2,2013,2,18,55,0,4,3,SR-163,,0,34.71302778,-82.70217778,0,8,0,0,1,1,0,1,5,2,0,2,0,0000000,99,99,99,99,99,99,0,0,0,1,0
45,450082,2,2,0,0,0,2,2,11,0,26,2,2013,3,8,1,0,3,3,SR-70,SR-304,7,33.28148611,-81.25193333,0,12,6,0,2,2,0,1,1,2,0,2,0,0000000,99,99,99,99,99,99,0,0,0,1,0
45,450083,1,1,0,0,0,1,1,15,0,26,2,2013,3,4,45,1,2,2,US-176,,11,33.20052222,-80.24550556,0,18,0,0,1,1,0,1,2,2,0,2,0,0000000,88,88,88,88,88,88,0,0,0,1,0
45,450084,1,1,0,1,1,3,3,75,0,26,2,2013,3,19,8,1,2,2,US-601,,0,33.55241389,-80.82715,0,8,0,0,1,1,0,1,3,1,0,1,0,0000000,99,99,99,99,99,99,0,0,0,1,0
45,450085,1,1,0,0,0,1,1,91,2970,28,2,2013,5,15,5,0,4,3,SR-491,,0,34.96957778,-81.06456111,0,34,0,0,1,1,0,4,1,1,0,1,0,0000000,88,88,88,88,88,88,0,0,0,1,1
45,450086,1,1,0,0,0,1,1,79,0,2,3,2013,7,3,55,0,4,3,SR-555,,15,34.18689167,-80.96563056,0,30,0,0,1,1,0,4,2,1,0,1,0,0000000,88,88,88,88,88,88,0,0,0,1,1
45,450087,1,1,0,0,0,1,1,41,870,20,1,2013,1,15,10,0,15,3,SR-1491,,1,34.15794722,-79.83527222,0,35,0,0,1,1,0,4,1,1,0,1,0,0000000,99,99,99,99,99,99,0,0,0,1,0
45,450088,1,1,0,1,1,1,1,41,870,5,2,2013,3,23,48,0,14,3,SR-13,,6,34.18412222,-79.75696111,0,8,0,0,1,1,0,1,2,1,0,1,0,0000000,99,99,99,99,99,99,0,0,0,1,0
45,450089,2,2,0,0,0,3,3,79,0,16,2,2013,7,9,20,0,15,3,SR-424,,10,34.10264167,-80.95031111,0,12,2,0,1,1,0,1,1,10,0,10,0,0000000,99,99,99,99,99,99,0,0,0,1,0
45,450090,2,2,0,0,0,2,2,25,0,1,3,2013,6,14,35,0,3,3,SR-151,,27,34.46023056,-80.23223333,0,12,2,0,1,1,0,1,1,1,0,1,0,0000000,14,42,14,48,99,99,0,0,0,2,0
45,450091,1,1,0,0,0,4,4,89,0,2,3,2013,7,12,24,0,4,3,SR-590,,0,33.70061944,-79.76948333,0,34,0,0,8,1,0,4,1,1,0,1,0,0000000,12,44,13,12,13,49,0,0,0,2,0
45,450092,1,1,0,0,0,1,1,55,0,17,1,2013,5,19,25,0,4,3,SR-45,,6,34.24243333,-80.58786111,0,42,0,0,1,1,0,4,1,1,0,1,0,0000000,88,88,88,88,88,88,0,0,0,1,1
45,450093,1,1,0,0,0,1,1,51,0,6,3,2013,4,9,0,0,4,3,SR-75,,0,33.99144167,-79.06779722,0,32,0,0,1,1,0,4,1,1,0,1,0,0000000,88,88,88,88,88,88,0,0,0,1,0
45,450094,1,1,0,0,0,1,1,79,0,16,2,2013,7,10,5,0,6,4,CR-COLUMBIANA DRIVE,CR-CROSSBOW DRIVE,0,34.08527222,-81.16251111,0,30,0,0,3,2,0,4,1,2,0,2,0,0000000,88,88,88,88,88,88,0,0,0,1,0
45,450095,1,1,0,0,0,1,1,45,0,7,3,2013,5,3,25,0,15,3,SR-667,,9,34.86868056,-82.31369722,0,31,0,0,1,1,0,4,2,1,0,1,0,0000000,88,88,88,88,88,88,0,0,0,1,1
45,450096,2,1,1,0,0,1,1,45,2380,12,2,2013,3,21,18,1,11,1,I-385,,28,34.73962222,-82.27348333,0,14,0,0,1,1,0,1,2,2,0,2,0,0000000,99,99,99,99,99,99,23,0,0,1,0
45,450097,2,2,0,0,0,3,3,53,0,25,2,2013,2,18,40,0,3,3,SR-336,,13,32.46132778,-80.90042778,0,34,0,0,1,1,0,4,2,2,0,2,0,0000000,99,98,99,98,88,88,0,0,0,1,0
45,450098,1,1,0,1,1,1,1,35,0,4,3,2013,2,16,56,0,4,3,SR-55,,22,33.21551944,-80.39122778,0,8,0,0,1,1,0,1,1,1,0,1,0,0000000,99,98,99,98,88,88,0,0,0,1,0
45,450099,1,1,0,0,0,4,4,19,1805,9,3,2013,7,9,19,1,1,1,I-26,,0,32.98705833,-80.08145556,0,35,0,0,1,1,0,4,1,1,0,1,0,0000000,99,99,99,99,99,99,0,0,0,1,1
45,450100,2,2,0,0,0,2,2,19,410,6,2,2013,4,19,35,1,13,3,SR-171,SR-28,6,32.73410556,-79.96883333,0,12,6,0,2,3,0,1,3,1,0,1,0,0000000,19,40,19,52,20,7,0,0,0,1,0
45,450101,2,2,0,0,0,2,2,47,0,21,2,2013,5,14,16,1,2,2,US-221,US-25,0,34.20943611,-82.144725,0,12,1,0,2,2,0,1,1,1,0,1,0,0000000,14,16,14,23,14,55,0,0,0,1,0
45,450102,2,2,0,0,0,4,4,45,0,24,2,2013,1,13,58,0,14,3,SR-81,WELCOME VIEW DRIVE,1,34.80595556,-82.45488611,0,12,7,0,2,3,0,1,1,1,0,1,0,0000000,14,2,14,8,99,99,0,0,0,1,0
45,450103,1,1,0,0,0,1,1,7,0,2,3,2013,7,21,40,0,4,3,SR-205,,0,34.54369167,-82.50875833,0,42,0,0,1,1,0,4,2,1,0,1,0,0000000,21,44,21,48,22,12,0,0,0,1,1
45,450104,2,2,0,0,0,3,3,7,40,6,3,2013,4,11,5,0,14,4,CR-MLK BLVD,1100,0,34.53986111,-82.67696389,0,12,6,0,2,2,0,1,1,1,0,1,0,0000000,11,6,11,8,11,37,0,0,0,2,0
45,450106,1,1,0,0,0,1,1,53,1080,13,2,2013,4,21,15,1,2,2,US-278,,33,32.30506389,-81.04423889,0,42,0,0,1,1,0,4,2,2,0,2,0,0000000,21,21,21,29,21,44,0,0,0,1,0
45,450107,1,1,0,0,0,1,1,45,0,15,2,2013,6,10,40,0,15,3,SR-580,,10,34.85039167,-82.27868611,0,50,0,0,1,1,0,1,1,1,0,1,0,0000000,88,88,88,88,88,88,0,0,0,1,0
45,450109,1,1,0,0,0,1,1,75,0,23,2,2013,7,20,0,0,6,4,CR-FARMERS RD,,5,33.51193333,-80.58591111,0,42,0,0,1,1,0,4,2,10,0,10,0,0000000,88,88,88,88,88,88,0,0,0,1,1
45,450110,1,1,0,0,0,1,1,41,870,27,2,2013,4,99,99,1,13,2,US-76,,19,34.19428056,-79.75183333,0,42,0,0,1,1,0,4,3,1,0,1,0,0000000,99,99,99,99,99,99,0,0,0,1,1
45,450111,1,1,0,0,0,1,1,15,0,8,3,2013,6,0,10,0,4,3,SR-1057,,0,33.40933611,-80.02352222,0,1,0,0,1,1,0,4,2,1,0,1,0,0000000,88,88,88,88,88,88,0,0,0,1,1
45,450112,1,1,0,0,0,1,1,15,0,9,3,2013,7,2,18,0,9,3,SR-1101,,2,33.22984722,-80.25528333,0,35,0,0,1,1,0,4,2,1,0,1,0,0000000,88,88,88,88,88,88,0,0,0,1,1
45,450113,1,1,0,0,0,1,1,79,0,11,3,2013,2,10,50,1,11,1,I-26,,97,34.17015556,-81.30220556,0,42,0,0,1,1,0,4,1,1,0,1,0,0000000,88,88,88,88,88,88,0,0,0,1,0
45,450114,2,2,0,0,0,3,3,63,0,12,3,2013,3,1,19,0,3,3,SR-302,,0,33.8833,-81.17038889,0,12,2,0,1,1,0,1,2,2,0,2,0,0000000,99,98,99,98,88,88,0,0,0,1,1
45,450115,3,3,0,0,0,4,4,3,0,14,3,2013,5,21,0,1,13,2,US-1,,7,33.53468611,-81.83701389,0,1,0,0,1,1,0,1,2,1,0,1,0,0000000,99,98,99,98,88,88,0,0,0,1,0
45,450116,2,2,0,0,0,3,3,7,0,15,3,2013,6,21,10,0,3,3,SR-28,MONITOR DRIVE,0,34.49126389,-82.67618611,0,12,8,0,2,3,0,1,3,1,0,1,0,0000000,99,99,99,99,99,99,0,0,0,2,0
45,450117,1,1,0,0,0,1,1,89,0,16,3,2013,7,19,10,0,4,3,SR-159,CR-FIVE BRIDGES RD,0,33.76314444,-79.72172778,0,1,0,0,1,1,0,1,1,1,0,1,0,0000000,20,20,20,23,20,47,0,0,0,1,1
45,450118,2,2,0,0,0,7,7,15,0,23,2,2013,7,23,46,1,13,3,SR-29,SR-136,4,32.96908611,-80.00521667,0,12,6,0,2,2,0,1,6,10,0,10,0,0000000,99,99,99,99,99,99,20,0,0,1,1
45,450119,1,1,0,0,0,1,1,3,0,6,3,2013,4,20,25,1,2,2,US-278,,0,33.39256944,-81.72091111,0,30,0,0,1,1,0,4,2,1,0,1,0,0000000,88,88,88,88,88,88,0,0,0,1,1
45,450120,1,1,0,0,0,1,1,67,0,18,3,2013,2,6,0,0,9,3,SR-539,,0,34.23815278,-79.32838889,0,11,0,0,1,1,0,1,2,1,0,1,0,0000000,88,88,88,88,88,88,0,0,0,1,0
45,450121,1,1,0,0,0,1,1,75,0,5,3,2013,3,22,0,0,4,3,SR-314,,17,33.33814722,-80.44869722,0,42,0,0,1,1,0,4,2,10,0,10,0,0000000,88,88,88,88,88,88,0,0,0,1,1
45,450122,2,2,0,0,0,2,2,89,0,20,3,2013,4,20,35,0,4,3,SR-45,,0,33.39537222,-79.74615278,0,12,8,0,8,1,0,1,2,1,0,1,0,0000000,99,99,99,99,99,99,0,0,0,1,0
45,450123,1,1,0,0,0,1,1,79,520,2,3,2013,7,19,36,0,6,4,CR-CROSSBOW,,0,34.08223056,-81.16564167,0,33,0,0,1,1,0,4,2,1,0,1,0,0000000,88,88,88,88,88,88,0,0,0,1,1
45,450124,2,2,0,0,0,2,2,85,0,17,3,2013,1,19,36,1,2,2,US-521,1342,22,33.97578056,-80.39839722,0,12,6,0,2,4,0,1,2,1,0,1,0,0000000,19,36,19,39,19,49,0,0,0,1,0
45,450125,2,2,0,0,0,2,2,83,0,19,3,2013,3,6,14,0,4,3,SR-43,,0,35.07276944,-81.92916944,0,12,2,0,1,1,0,1,2,1,0,1,0,0000000,7,50,8,2,8,31,0,0,0,1,0
45,450126,1,1,0,0,0,1,1,3,0,23,3,2013,7,1,40,0,4,3,SR-1467,,0,33.603925,-81.76298056,0,34,0,0,1,1,0,4,2,1,0,1,0,0000000,88,88,88,88,88,88,0,0,0,1,1
45,450127,1,1,0,0,0,1,1,51,0,26,3,2013,3,4,30,0,3,3,SR-905,,0,33.91963611,-78.80356667,0,42,0,0,1,1,0,4,2,1,0,1,0,0000000,88,88,88,88,88,88,0,0,0,1,1
45,450128,1,1,0,0,0,1,1,35,0,28,3,2013,5,15,0,0,6,4,CR-JOHNSON RD,,0,33.19269722,-80.40455,0,34,0,0,1,1,0,4,1,1,0,1,0,0000000,88,88,88,88,88,88,0,0,0,1,0
45,450129,1,1,0,0,0,1,1,31,0,30,3,2013,7,22,45,0,9,3,SR-524,,0,34.37226111,-79.81320833,0,1,0,0,1,1,0,4,2,1,0,1,0,0000000,88,88,88,88,88,88,0,0,0,1,1
45,450130,2,2,0,0,0,2,2,85,0,25,3,2013,2,13,16,1,13,2,US-76,40,11,33.96496944,-80.44376667,0,12,6,0,2,2,0,1,1,1,0,1,0,0000000,99,99,99,99,99,99,0,0,0,1,0
45,450131,1,1,0,0,0,1,1,83,0,30,3,2013,7,0,55,0,6,4,CR-SPRINGFIELD RD,,0,34.99933889,-82.01143056,0,34,0,0,1,1,0,4,2,2,0,2,0,0000000,0,58,1,5,1,25,0,0,0,1,1
45,450132,2,2,0,0,0,2,2,91,0,3,4,2013,4,14,30,1,2,2,US-21,,0,34.82935278,-80.934475,0,53,0,0,1,1,0,4,1,10,0,10,0,0000000,14,37,14,46,15,36,0,0,0,1,0
45,450133,1,1,0,0,0,1,1,19,85,1,4,2013,2,18,30,0,4,3,SR-1032,,0,33.06174167,-79.69066944,0,1,0,0,1,1,0,4,1,1,0,1,0,0000000,99,99,99,99,99,99,0,0,0,1,0
45,450134,1,1,0,0,0,2,2,45,0,19,3,2013,3,21,26,0,4,3,SR-455,,0,34.60174444,-82.25831111,0,34,0,0,1,1,0,4,3,1,0,1,0,0000000,99,98,99,98,88,88,0,0,0,1,0
45,450135,1,1,0,0,0,1,1,15,0,30,3,2013,7,1,0,0,4,3,SR-126,SR-730,1,33.32346944,-79.92536944,0,34,0,0,1,1,0,4,2,1,0,1,0,0000000,88,88,88,88,88,88,0,0,0,1,1
45,450136,2,2,0,0,0,5,5,1,0,30,3,2013,7,4,15,1,2,2,US-178,254,22,34.40908056,-82.37451111,0,12,6,0,2,2,0,1,2,1,0,1,0,0000000,99,99,99,99,99,99,0,0,0,1,0
45,450137,3,3,0,0,0,5,5,35,0,3,4,2013,4,22,5,1,2,2,US-17,,22,32.92784722,-80.38321389,0,12,2,0,1,1,0,1,2,1,0,1,0,0000000,99,99,99,99,99,99,0,0,0,2,1
45,450138,1,1,0,0,0,4,4,15,0,3,4,2013,4,22,8,0,4,3,SR-809,,0,32.93569722,-80.00652778,0,42,0,0,1,1,0,4,2,10,0,10,0,0000000,99,99,99,99,99,99,20,0,0,2,0
45,450139,1,1,0,1,1,1,1,41,0,4,4,2013,5,21,0,0,4,3,SR-293,,3,34.14045833,-79.94301389,0,8,0,0,1,1,0,1,2,2,0,2,0,0000000,21,7,21,18,21,46,0,0,0,1,1
45,450140,1,1,0,0,0,1,1,91,0,5,4,2013,6,23,30,1,11,1,I-77,,0,35.08176667,-80.94046111,0,35,0,0,1,1,0,4,2,1,0,1,0,0000000,99,99,99,99,99,99,0,0,0,1,1
45,450141,1,1,0,1,1,2,2,13,240,20,3,2013,4,2,33,1,2,2,US-278,SR-474,7,32.26808889,-80.86064722,0,8,0,0,3,3,0,1,2,2,0,2,0,0000000,99,98,99,98,88,88,0,0,0,1,0
45,450143,1,1,0,1,1,2,2,79,0,6,4,2013,7,21,50,1,2,2,US-321,,8,34.10481389,-81.025275,0,8,0,0,1,1,0,3,2,1,0,1,0,0000000,21,50,21,58,22,16,0,0,0,1,1
45,450144,2,2,0,0,0,4,4,19,1805,25,3,2013,2,16,0,0,13,3,SR-32,,0,32.848925,-79.96198889,0,12,8,0,1,1,0,1,1,1,0,1,0,0000000,16,6,16,13,16,23,0,0,0,1,0