STATE,ST_CASE,VE_TOTAL,VE_FORMS,PVH_INVL,PEDS,PERNOTMVIT,PERMVIT,PERSONS,COUNTY,CITY,DAY,MONTH,YEAR,DAY_WEEK,HOUR,MINUTE,NHS,ROAD_FNC,ROUTE,TWAY_ID,TWAY_ID2,MILEPT,LATITUDE,LONGITUD,SP_JUR,HARM_EV,MAN_COLL,RELJCT1,RELJCT2,TYP_INT,WRK_ZONE,REL_ROAD,LGT_COND,WEATHER1,WEATHER2,WEATHER,SCH_BUS,RAIL,NOT_HOUR,NOT_MIN,ARR_HOUR,ARR_MIN,HOSP_HR,HOSP_MN,CF1,CF2,CF3,FATALS,DRUNK_DR
45,450145,2,2,0,0,0,2,2,59,0,20,3,2013,4,23,25,0,4,3,SR-47,,13,34.39953056,-82.219,0,12,2,0,1,1,0,1,2,1,0,1,0,0000000,99,99,99,99,99,99,0,0,0,1,0
45,450146,2,2,0,0,0,2,2,63,0,3,4,2013,4,6,50,0,4,3,SR-34,,0,33.87256389,-81.41966667,0,12,6,0,1,1,0,4,1,1,0,1,0,0000000,99,99,99,99,99,99,0,0,0,1,0
45,450147,1,1,0,0,0,3,3,67,0,7,4,2013,1,4,59,1,2,2,US-501,,22,34.263975,-79.42166389,0,42,0,0,1,1,0,4,2,1,0,1,0,0000000,99,99,99,99,99,99,0,0,0,1,0
45,450148,1,1,0,1,1,1,1,45,0,8,4,2013,2,20,32,1,2,2,US-25,,0,34.84968889,-82.44880833,0,8,0,0,1,1,0,1,2,1,0,1,0,0000000,99,98,99,98,88,88,0,0,0,1,0
45,450149,1,1,0,0,0,2,2,27,0,4,4,2013,5,10,30,1,1,1,I-95,,12,33.75844167,-80.18082222,0,42,0,0,1,1,0,3,1,2,0,2,0,0000000,99,99,99,99,99,99,0,0,0,1,0
45,450150,2,2,0,0,0,2,2,7,0,6,4,2013,7,5,0,1,1,1,I-85,,27,34.59592778,-82.66208333,0,12,1,0,1,1,0,1,2,1,0,1,0,0000000,5,6,5,20,99,99,0,0,0,1,1
45,450151,2,2,0,0,0,2,2,41,0,10,4,2013,4,18,48,1,2,2,US-76,,25,34.19646111,-79.66926389,0,12,1,0,8,1,0,1,1,1,0,1,0,0000000,18,50,18,53,19,41,0,0,0,1,0
45,450152,1,1,0,0,0,1,1,7,0,12,4,2013,6,9,19,1,2,2,US-76,,3,34.60968889,-82.76756389,0,18,0,0,1,1,0,4,1,1,0,1,0,0000000,88,88,88,88,88,88,0,0,0,1,0
45,450153,2,2,0,0,0,2,2,85,0,13,4,2013,7,0,54,1,2,2,US-521,78,24,34.06133333,-80.50014722,0,12,6,0,2,2,0,1,2,1,0,1,0,0000000,99,98,99,98,88,88,0,0,0,1,1
45,450154,1,1,0,0,0,1,1,57,0,13,4,2013,7,12,45,0,3,3,SR-903,SILKES BLVD,0,34.70975,-80.72960833,0,33,0,0,3,3,0,4,1,1,0,1,0,0000000,88,88,88,88,88,88,0,0,0,1,0
45,450155,2,2,0,0,0,3,3,45,0,14,4,2013,1,22,34,0,4,3,SR-20,,0,34.85678056,-82.42793333,0,12,1,0,1,1,0,1,3,2,0,2,0,0000000,99,99,99,99,99,99,0,0,0,2,1
45,450156,1,1,0,0,0,4,4,61,0,14,4,2013,1,3,25,0,4,3,SR-29,,0,34.20841667,-80.28922778,0,34,0,0,1,1,0,4,2,1,0,1,0,0000000,99,99,99,99,99,99,0,0,0,1,1
45,450157,1,1,0,0,0,4,4,5,0,12,3,2013,3,0,5,0,4,4,CR-22,,103,32.99395833,-81.32522778,0,38,0,0,1,1,0,4,2,1,0,1,0,0000000,99,99,99,99,99,99,0,0,0,1,1
45,450158,1,1,0,0,0,2,2,81,0,28,3,2013,5,9,0,0,3,3,SR-702,,23,34.10236111,-81.87880556,0,42,0,0,1,1,0,4,1,1,0,1,0,0000000,99,99,99,99,99,99,0,0,0,1,0
45,450159,2,2,0,0,0,2,2,75,0,5,4,2013,6,8,40,1,2,2,US-301,FROLIC MEADOWS LANE,0,33.47040833,-80.92436111,0,12,1,0,3,3,0,1,1,1,0,1,0,0000000,8,43,8,56,9,30,0,0,0,1,0
45,450160,2,2,0,0,0,3,3,75,0,5,4,2013,6,14,15,0,4,3,SR-50,,5,33.48873333,-80.69054722,0,12,2,0,1,1,0,1,1,1,0,1,0,0000000,99,99,99,99,99,99,0,0,0,2,1
45,450161,2,2,0,0,0,3,3,17,0,9,4,2013,3,7,35,0,3,3,SR-6,,0,33.59611111,-80.73940556,0,12,8,0,1,1,0,1,1,1,0,1,0,0000000,99,99,99,99,99,99,0,0,0,1,0
45,450162,2,2,0,0,0,2,2,87,0,18,4,2013,5,5,34,0,3,3,SR-215,35,0,34.64028056,-81.52769722,0,12,2,0,2,4,0,1,2,1,0,1,0,0000000,99,99,99,99,99,99,0,0,0,1,0
45,450163,1,1,0,0,0,1,1,57,0,27,4,2013,7,2,0,0,4,3,SR-163,,13,34.68095556,-80.78086389,0,1,0,0,1,1,0,4,2,1,0,1,0,0000000,88,88,88,88,88,88,0,0,0,1,1
45,450164,1,1,0,0,0,1,1,45,0,22,4,2013,2,22,50,0,3,3,SR-146,,0,34.81209722,-82.24243611,0,33,0,0,1,1,0,4,2,1,0,1,0,0000000,22,54,22,58,23,29,0,0,0,1,1
45,450165,1,1,0,1,1,1,1,83,0,22,4,2013,2,4,20,0,4,3,SR-748,TORINO DRIVE,0,34.94856389,-81.86613611,0,8,0,0,2,3,0,1,2,1,0,1,0,0000000,4,31,4,40,5,17,0,0,0,1,1
45,450166,2,2,0,0,0,2,2,77,700,9,1,2013,4,7,25,1,2,2,US-123,WASHINGTON AVE,0,34.81976667,-82.59544167,0,12,6,0,2,2,0,1,3,1,0,1,0,0000000,99,99,99,99,99,99,0,0,0,1,0
45,450167,1,1,0,0,0,1,1,19,2697,19,1,2013,7,15,32,0,4,3,SR-316,,0,32.70345278,-80.14751667,0,42,0,0,1,1,0,4,1,1,0,1,0,0000000,88,88,88,88,88,88,0,0,0,1,0
45,450168,6,6,0,0,0,6,6,19,1805,28,1,2013,2,12,3,1,11,1,I-526,,7,32.940775,-80.05071389,0,12,1,0,1,1,0,1,1,1,0,1,0,0000000,99,99,99,99,99,99,0,0,0,1,0
45,450169,1,1,0,0,0,2,2,85,0,19,2,2013,3,20,5,1,2,2,US-76,,0,33.94685556,-80.62809167,0,42,0,0,1,1,0,4,2,1,0,1,0,0000000,20,6,99,99,99,99,0,0,0,1,0
45,450170,2,2,0,0,0,2,2,51,0,22,2,2013,6,20,30,1,2,2,US-17,MINEOLA AVE,34,33.87642778,-78.61406667,0,12,6,0,2,2,0,1,3,2,0,2,0,0000000,20,37,20,39,21,3,0,0,0,1,1
45,450171,1,1,0,1,1,2,2,51,0,28,4,2013,1,21,10,1,2,2,US-17,,20,33.77910833,-78.79150556,0,8,0,0,1,1,0,1,2,1,0,1,0,0000000,99,99,99,99,99,99,0,0,0,1,1
45,450172,1,1,0,0,0,1,1,1,0,31,3,2013,1,15,45,0,3,3,SR-28,,5,34.13291667,-82.38309722,0,43,0,0,1,1,0,4,1,2,0,2,0,0000000,88,88,88,88,88,88,0,0,0,1,0
45,450173,1,1,0,1,1,1,1,13,1145,4,4,2013,5,22,55,1,2,2,US-278,MATTHEWS DRIVE,0,32.21516111,-80.70253889,0,9,0,0,2,2,0,1,3,1,0,1,0,0000000,99,99,99,99,99,99,0,0,0,1,0
45,450174,1,1,0,0,0,1,1,75,0,12,4,2013,6,17,40,1,2,2,US-178,,44,33.30285556,-80.640075,0,34,0,0,1,1,0,4,1,1,0,1,0,0000000,17,58,18,14,18,32,0,0,0,1,0
45,450175,3,3,0,0,0,9,9,83,0,24,4,2013,4,15,36,0,6,4,CR-CLARK RD,CR-SEAY RD,0,35.05935,-82.01226667,0,12,6,0,2,2,0,1,1,1,0,1,0,0000000,15,45,16,0,16,54,0,0,0,1,0
45,450176,1,1,0,1,1,2,2,45,0,12,4,2013,6,2,45,0,14,4,CR-166,,8,34.90181667,-82.33017778,0,8,0,0,1,1,0,1,3,2,0,2,0,0000000,99,99,99,99,99,99,0,0,0,1,0
45,450177,1,1,0,0,0,1,1,63,0,26,4,2013,6,2,50,1,2,2,US-21,,12,33.88309722,-81.047275,0,35,0,0,1,1,0,4,2,1,0,1,0,0000000,2,53,3,10,4,2,0,0,0,1,1
45,450178,1,1,0,0,0,2,2,3,0,27,4,2013,7,1,39,0,4,3,SR-155,,0,33.68274167,-81.68601667,0,34,0,0,1,1,0,4,2,1,0,1,0,0000000,1,40,1,50,2,38,0,0,0,1,1
45,450179,1,1,0,0,0,1,1,73,0,26,4,2013,6,22,10,0,3,3,SR-130,,13,34.83768333,-82.91892222,0,42,0,0,1,1,0,4,2,1,0,1,0,0000000,88,88,88,88,88,88,0,0,0,1,0
45,450180,2,2,0,0,0,3,3,91,0,27,4,2013,7,17,9,1,2,2,US-21,,4,34.88350278,-80.944875,0,12,7,0,1,1,0,1,1,2,0,2,0,0000000,99,99,99,99,99,99,0,0,0,2,0
45,450181,1,1,0,0,0,1,1,79,0,27,4,2013,7,20,56,0,4,3,SR-86,,7,33.97728333,-80.82325,0,34,0,0,1,1,0,4,2,1,0,1,0,0000000,21,1,21,12,21,46,0,0,0,1,1
45,450182,1,1,0,0,0,1,1,63,0,29,4,2013,2,1,58,0,6,4,CR-FOUNDERS RD,,0,33.83437778,-81.28225,0,59,0,0,1,1,0,4,2,2,0,2,0,0000000,88,88,88,88,88,88,0,0,0,1,1
45,450183,1,1,0,0,0,1,1,79,0,5,5,2013,1,12,35,1,2,2,US-76,,43,33.94239444,-80.692375,0,34,0,0,1,1,0,4,1,2,0,2,0,0000000,88,88,88,88,88,88,0,0,0,1,0
45,450184,2,2,0,0,0,2,2,51,0,5,5,2013,1,0,0,0,3,3,SR-905,,0,33.87234167,-78.98074444,0,12,2,0,1,1,0,1,2,1,0,1,0,0000000,0,10,0,19,0,38,0,0,0,2,2
45,450185,1,1,0,0,0,3,3,3,0,3,5,2013,6,17,45,0,4,3,SR-145,,0,33.44636667,-81.83116944,0,42,0,0,1,1,0,4,1,10,0,10,0,0000000,17,55,18,6,18,37,0,0,0,2,1
45,450186,1,1,0,0,0,1,1,15,0,4,5,2013,7,2,10,0,3,3,SR-46,,0,33.26180278,-79.65846667,0,34,0,0,1,1,0,4,3,10,0,10,0,0000000,99,98,99,98,88,88,0,0,0,1,1
45,450187,1,1,0,0,0,1,1,75,0,5,5,2013,1,3,15,1,2,2,US-178,,0,33.29128611,-80.62365278,0,42,0,0,1,1,0,4,2,2,0,2,0,0000000,99,99,99,99,99,99,0,0,0,1,1
45,450188,1,1,0,0,0,1,1,89,0,11,4,2013,5,9,35,0,4,3,SR-476,SR-697,13,33.69611667,-79.790875,0,59,0,0,3,3,0,4,1,1,0,1,0,0000000,9,50,10,19,10,43,0,0,0,1,0
45,450189,1,1,0,0,0,1,1,59,0,17,4,2013,4,9,25,0,4,3,SR-72,,3,34.54681944,-82.08482778,0,34,0,0,1,1,0,4,1,1,0,1,0,0000000,88,88,88,88,88,88,0,0,0,1,0
45,450190,2,2,0,0,0,4,4,79,0,27,4,2013,7,9,25,0,15,3,SR-262,CR-935,8,33.99913611,-80.81250833,0,12,6,0,2,3,0,1,1,10,0,10,0,0000000,9,36,9,50,10,22,0,0,0,1,0
45,450191,1,1,0,1,1,1,1,45,0,1,5,2013,4,21,25,0,14,3,SR-290,,32,34.94751389,-82.27097778,0,8,0,0,1,1,0,1,2,10,0,10,0,0000000,99,98,99,98,88,88,0,0,0,1,0
45,450192,2,2,0,0,0,2,2,63,0,1,5,2013,4,21,25,1,13,3,SR-302,,20,33.94245833,-81.10392222,0,12,2,0,1,1,0,1,2,10,0,10,0,0000000,99,99,99,99,99,99,0,0,0,1,0
45,450193,2,2,0,0,0,5,5,47,0,17,3,2013,1,16,25,0,3,3,SR-225,CR-FRONTLINE RD,32,34.15494444,-82.16853889,0,12,6,0,2,2,0,1,1,1,0,1,0,0000000,16,27,16,32,16,54,0,0,0,1,0
45,450194,2,2,0,0,0,3,3,91,2200,19,3,2013,3,8,14,0,4,3,SR-245,SR-496,4,34.91302778,-80.99924167,0,12,6,0,2,3,0,1,1,10,0,10,0,0000000,8,14,8,21,8,52,0,0,0,1,0
45,450195,1,1,0,1,1,2,2,41,0,1,5,2013,4,21,30,0,3,3,SR-341,,0,33.83565833,-79.70659444,0,9,0,0,1,1,0,1,2,1,0,1,0,0000000,21,36,21,43,22,19,0,0,0,1,0
45,450196,2,2,0,0,0,4,4,23,0,6,5,2013,2,11,40,0,4,3,SR-56,,5,34.71918333,-81.05434444,0,42,0,0,1,1,0,4,1,1,0,1,1,0000000,99,99,99,99,99,99,0,0,0,3,1
45,450197,3,3,0,0,0,7,7,31,600,13,4,2013,7,12,35,0,14,3,SR-52,,0,34.29276944,-79.86378056,0,12,2,0,1,1,0,1,1,1,0,1,0,0000000,12,38,12,43,99,99,0,0,0,1,0
45,450198,1,1,0,0,0,1,1,75,0,15,4,2013,2,23,40,0,3,3,SR-4,,8,33.49968333,-81.22355833,0,42,0,0,1,1,0,4,2,2,0,2,0,0000000,88,88,88,88,88,88,0,0,0,1,0
45,450199,2,2,0,0,0,2,2,21,0,9,5,2013,5,10,37,0,4,3,SR-83,SR-670,0,35.12814167,-81.55119722,0,12,6,0,2,2,0,1,1,1,0,1,0,0000000,99,99,99,99,99,99,0,0,0,1,0
45,450200,1,1,0,0,0,1,1,91,0,15,3,2013,6,22,0,1,1,1,I-77,,0,34.95483611,-80.97846667,0,1,0,0,1,1,0,1,2,1,0,1,0,0000000,22,16,22,26,23,18,0,0,0,1,0
45,450201,1,1,0,0,0,1,1,91,0,11,5,2013,7,18,35,0,4,3,SR-716,,12,34.86390278,-80.97739444,0,34,0,0,1,1,0,4,1,10,0,10,0,0000000,88,88,88,88,88,88,0,0,0,1,1
45,450202,1,1,0,0,0,1,1,55,330,12,5,2013,1,2,59,1,2,2,US-1,CR-130,12,34.24953889,-80.64563333,0,44,0,0,2,2,0,1,3,1,0,1,0,0000000,88,88,88,88,88,88,0,0,0,1,1
45,450203,1,1,0,0,0,2,2,45,0,12,5,2013,1,16,23,0,4,3,SR-134,CR-NICHOLE PLACE,0,35.00628611,-82.23539167,0,35,0,0,3,3,0,4,1,1,0,1,0,0000000,99,98,99,98,88,88,0,0,0,1,0
45,450204,1,1,0,2,2,1,1,3,20,30,3,2013,7,14,8,1,2,2,US-1,,0,33.57239167,-81.70589167,0,33,0,0,1,1,0,4,1,1,0,1,0,0000000,14,8,14,9,14,50,0,0,0,1,0
45,450205,1,1,0,0,0,1,1,69,0,13,5,2013,2,18,15,0,4,3,SR-79,,0,34.68099167,-79.744225,0,34,0,0,1,1,0,4,1,1,0,1,0,0000000,88,88,88,88,88,88,0,0,0,1,0
45,450206,1,1,0,0,0,1,1,31,0,14,5,2013,3,0,10,0,4,3,SR-36,,0,34.39650278,-79.94095556,0,34,0,0,1,1,0,4,2,1,0,1,0,0000000,88,88,88,88,88,88,0,0,0,1,1
45,450208,1,1,0,0,0,1,1,57,0,12,5,2013,1,2,0,0,4,3,SR-19,,0,34.64043056,-80.76807778,0,32,0,0,1,1,0,4,2,1,0,1,0,0000000,88,88,88,88,88,88,0,0,0,1,1
45,450209,2,2,0,0,0,2,2,31,0,16,5,2013,5,6,25,0,2,3,SR-151,SR-448,6,34.35017778,-80.10872778,0,12,6,0,2,2,0,1,1,1,0,1,0,0000000,6,28,6,38,6,46,0,0,0,1,0
45,450210,2,2,0,0,0,3,3,41,0,16,5,2013,5,19,25,0,15,3,SR-1013,SR-1440,10,34.12766944,-79.75427222,0,12,6,0,2,2,0,1,1,1,0,1,0,0000000,19,25,19,31,19,49,0,0,0,1,0
45,450211,1,1,0,0,0,1,1,89,0,19,5,2013,1,9,36,0,3,3,SR-527,,4,33.73100278,-79.91186667,0,42,0,0,1,1,0,4,1,10,0,10,0,0000000,99,98,99,98,88,88,0,0,0,1,0
45,450212,3,3,0,0,0,6,6,81,0,30,3,2013,7,19,45,1,2,2,US-378,,23,34.04092222,-81.5343,0,12,2,0,1,1,0,1,2,10,0,10,0,0000000,99,99,99,99,99,99,0,0,0,1,0
45,450213,2,2,0,0,0,3,3,51,0,15,5,2013,4,19,25,0,4,3,SR-394,,0,33.6473,-78.95818889,0,12,2,0,1,1,0,1,1,1,0,1,0,0000000,99,99,99,99,99,99,0,0,0,1,1
45,450214,2,2,0,0,0,2,2,79,0,15,5,2013,4,21,26,1,11,1,I-26,,97,34.16405278,-81.28490556,0,12,2,0,1,1,0,1,2,1,0,1,0,0000000,22,29,22,35,22,54,0,0,0,2,1
45,450215,1,1,0,1,1,2,2,55,0,1,3,2013,6,2,30,0,9,3,SR-551,,0,34.14911111,-80.81900833,0,8,0,0,1,1,0,1,2,1,0,1,0,0000000,99,98,99,98,88,88,0,0,0,1,0
45,450216,2,2,0,0,0,3,3,55,0,7,5,2013,3,14,46,0,9,3,SR-403,,0,34.23720278,-80.56560833,0,12,7,0,8,1,0,1,1,10,0,10,0,0000000,99,99,99,99,99,99,0,0,0,1,0
45,450217,1,1,0,0,0,1,1,55,0,11,5,2013,7,1,0,0,4,3,SR-87,,5,34.44126389,-80.43125,0,34,0,0,1,1,0,4,2,1,0,1,0,0000000,88,88,88,88,88,88,0,0,0,1,1
45,450218,1,1,0,0,0,1,1,41,0,22,5,2013,4,21,40,0,4,3,SR-13,,18,34.17632222,-79.59164167,0,34,0,0,1,1,0,4,2,1,0,1,0,0000000,88,88,88,88,88,88,0,0,0,1,0
45,450219,2,2,0,0,0,2,2,51,1730,22,5,2013,4,20,16,1,13,2,US-501,SR-1315,32,33.70155,-78.90338611,0,1,0,0,2,2,0,1,1,1,0,1,0,0000000,20,22,20,29,20,47,0,0,0,1,0
45,450220,2,2,0,0,0,2,2,83,1060,24,5,2013,6,15,0,0,3,3,SR-29,908,0,34.95465,-82.16958333,0,12,1,0,3,2,0,1,1,1,0,1,1,0000000,15,3,15,18,15,36,0,0,0,1,0
45,450221,2,2,0,0,0,6,6,51,1730,26,5,2013,1,2,20,0,15,3,SR-1100,SR-1315,8,33.71559167,-78.87296944,0,12,6,0,2,2,0,1,3,1,0,1,0,0000000,99,99,99,99,99,99,0,0,0,2,1
45,450222,2,2,0,0,0,2,2,83,2780,12,4,2013,6,14,11,1,2,2,US-29,CR-FAIRFOREST CLEVELAND,0,34.93859167,-82.03416944,0,12,1,0,2,2,0,1,1,1,0,1,0,0000000,99,98,99,98,88,88,0,0,0,1,0
45,450223,2,2,0,0,0,3,3,45,0,19,5,2013,1,20,10,0,3,3,SR-417,,7,34.76216111,-82.20230556,0,12,6,0,1,1,0,1,2,10,0,10,0,0000000,99,99,99,99,99,99,0,0,0,1,1
45,450224,1,1,0,0,0,1,1,7,0,23,5,2013,5,23,25,0,4,3,SR-80,,0,34.48381944,-82.4605,0,42,0,0,1,1,0,4,2,1,0,1,0,0000000,88,88,88,88,88,88,0,0,0,1,0
45,450225,2,2,0,0,0,4,4,51,1730,24,5,2013,6,18,29,1,2,2,US-17,SR-1100,14,33.70962222,-78.86308333,0,1,0,0,2,2,0,1,1,1,0,1,0,0000000,99,99,99,99,99,99,0,0,0,2,1
45,450226,2,2,0,0,0,2,2,41,0,24,5,2013,6,22,55,1,2,2,US-378,,24,33.88390278,-79.56914722,0,12,2,0,1,1,0,1,2,1,0,1,0,0000000,99,98,99,98,88,88,0,0,0,2,0
45,450227,2,2,0,0,0,2,2,41,0,3,4,2013,4,21,58,1,2,2,US-52,,19,34.10866944,-79.78273056,0,12,2,0,1,1,0,1,2,1,0,1,0,0000000,22,2,22,10,22,31,0,0,0,1,1
45,450228,2,2,0,0,0,4,4,79,520,11,4,2013,5,20,56,0,3,3,SR-760,I-77,11,33.99511389,-80.95764722,0,12,6,0,2,2,0,1,3,10,0,10,0,0000000,20,56,21,0,21,21,0,0,0,1,0
45,450229,2,2,0,0,0,3,3,7,0,9,5,2013,5,22,40,0,3,3,SR-28,SR-520,0,34.51074444,-82.68766944,0,12,6,0,2,2,0,1,2,1,0,1,0,0000000,22,41,22,48,23,18,0,0,0,1,1
45,450230,1,1,0,0,0,3,3,3,0,25,5,2013,7,0,30,0,4,3,SR-2644,,0,33.61932222,-81.45497778,0,42,0,0,1,1,0,4,2,10,0,10,0,0000000,99,99,99,99,99,99,0,0,0,1,1
45,450231,3,3,0,0,0,11,11,51,0,25,5,2013,7,13,45,0,3,3,SR-22,,26,33.85043611,-78.81918056,0,12,7,0,1,1,0,1,1,1,0,1,0,0000000,13,55,14,3,14,24,0,0,0,1,0
45,450232,1,1,0,0,0,1,1,55,0,26,5,2013,1,17,50,0,4,3,SR-40,,3,34.43953333,-80.58265556,0,1,0,0,1,1,0,4,1,1,0,1,0,0000000,18,4,18,22,99,99,0,0,0,1,1
45,450233,1,1,0,0,0,1,1,41,0,27,5,2013,2,20,15,1,2,2,US-52,,14,34.05229444,-79.75365,0,42,0,0,1,1,0,4,1,1,0,1,0,0000000,88,88,88,88,88,88,0,0,0,1,0
45,450234,1,1,0,0,0,1,1,15,0,28,5,2013,3,2,45,1,11,1,I-26,,201,33.0172,-80.12144444,0,42,0,0,1,1,0,4,2,1,0,1,0,0000000,99,99,99,99,99,99,0,0,0,1,1
45,450235,1,1,0,1,1,1,1,51,1730,29,5,2013,4,10,0,0,14,3,SR-215,,20,33.70216111,-78.88838333,0,15,0,0,8,1,0,3,1,1,0,1,0,0000000,11,5,11,6,11,26,0,0,0,1,0
45,450236,1,1,0,1,1,1,1,19,1805,18,4,2013,5,99,99,0,4,3,SR-2464,,0,32.85567778,-80.03925278,0,8,0,0,1,1,0,1,3,1,0,1,0,0000000,99,98,99,98,88,88,0,0,0,1,0
45,450237,3,1,2,0,0,2,2,19,1805,28,4,2013,1,0,25,0,4,3,SR-1027,,0,32.84235,-79.96098611,0,14,0,0,1,1,0,5,3,1,0,1,0,0000000,99,99,99,99,99,99,0,0,0,1,1
45,450238,1,1,0,1,1,1,1,19,1805,8,5,2013,4,18,39,0,6,4,CR-GREAT OAK DRIVE,,0,32.873875,-80.05878611,0,9,0,0,1,1,0,1,1,1,0,1,0,0000000,99,99,99,99,99,99,0,0,0,1,0
45,450239,1,1,0,0,0,1,1,45,0,17,5,2013,6,22,0,0,4,3,SR-273,,0,34.86763611,-82.32861667,0,33,0,0,1,1,0,4,2,1,0,1,0,0000000,99,99,99,99,99,99,0,0,0,1,1
45,450240,2,2,0,0,0,2,2,75,0,19,5,2013,1,22,0,0,4,3,SR-174,SR-2108,0,33.32875556,-80.36898611,0,12,6,0,2,3,0,1,2,1,0,1,0,0000000,99,98,99,98,88,88,0,0,0,1,0
45,450241,1,1,0,0,0,1,1,65,0,24,5,2013,6,11,35,0,3,3,SR-28,,31,33.94634167,-82.36797222,0,35,0,0,1,1,0,4,1,1,0,1,0,0000000,88,88,88,88,88,88,0,0,0,1,0
45,450242,1,1,0,0,0,1,1,83,0,25,5,2013,7,20,59,0,6,4,CR-SLOAN RD,,0,35.02324444,-82.20180278,0,1,0,0,1,1,0,4,2,1,0,1,0,0000000,20,59,21,14,21,42,0,0,0,1,0
45,450243,2,2,0,0,0,2,2,3,0,26,5,2013,1,22,20,0,3,3,SR-19,,21,33.67948611,-81.76198056,0,12,8,0,1,1,0,1,2,1,0,1,0,0000000,22,21,22,34,23,13,0,0,0,1,1
45,450244,1,1,0,0,0,1,1,77,0,3,5,2013,6,10,20,0,3,3,SR-93,,10,34.76296667,-82.752475,0,59,0,0,1,1,0,4,1,1,0,1,0,0000000,10,30,10,49,11,18,0,0,0,1,0
45,450245,1,1,0,0,0,1,1,51,0,26,5,2013,1,13,8,0,6,4,CR-LINCOLN HEIGHTS RD,,0,33.85705833,-78.67147222,0,34,0,0,1,1,0,4,1,1,0,1,0,0000000,99,99,99,99,99,99,0,0,0,1,0
45,450246,1,1,0,1,1,1,1,45,0,28,5,2013,3,1,5,1,2,2,US-25,,25,34.81686389,-82.44198056,0,8,0,0,1,1,0,1,3,1,0,1,0,0000000,99,99,99,99,99,99,0,0,0,1,0
45,450247,2,2,0,0,0,4,4,79,0,30,5,2013,5,16,15,0,14,3,SR-12,SR-151,8,34.04174722,-80.937775,0,12,6,0,2,2,0,1,1,1,0,1,0,0000000,99,99,99,99,99,99,0,0,0,1,0
45,450248,1,1,0,0,0,2,2,33,0,31,5,2013,6,15,10,1,1,1,I-95,,0,34.34258889,-79.53358889,0,1,0,0,1,1,0,1,1,1,0,1,0,0000000,15,16,15,27,15,57,0,0,0,1,0
45,450249,1,1,0,0,0,1,1,5,0,1,6,2013,7,19,40,0,9,3,SR-345,,0,33.08633889,-81.23838889,0,32,0,0,1,1,0,4,1,1,0,1,0,0000000,19,49,19,57,20,23,0,0,0,1,0
45,450250,2,2,0,0,0,2,2,63,0,2,6,2013,1,16,35,1,2,2,US-76,,3,34.14853056,-81.32848889,0,12,2,0,8,1,0,1,1,10,0,10,0,0000000,99,98,99,98,88,88,0,0,0,1,1
45,450251,2,2,0,0,0,3,3,41,0,2,6,2013,1,22,55,1,2,2,US-52,,0,34.12552222,-79.777725,0,12,2,0,1,1,0,1,2,2,0,2,0,0000000,99,99,99,99,99,99,0,0,0,1,0
45,450252,1,1,0,0,0,3,3,29,0,2,6,2013,1,4,8,1,1,1,I-95,,68,33.08091111,-80.65423333,0,42,0,0,1,1,0,3,2,1,0,1,0,0000000,4,17,4,28,99,99,0,0,0,1,0
45,450253,1,1,0,0,0,1,1,51,1730,2,6,2013,1,15,46,0,4,3,SR-905,,7,33.69311111,-78.8998,0,34,0,0,1,1,0,4,1,1,0,1,0,0000000,88,88,88,88,88,88,0,0,0,1,0
45,450254,2,2,0,0,0,2,2,41,0,2,6,2013,1,17,10,0,3,3,SR-41,,6,33.87376389,-79.44848333,0,12,8,0,1,1,0,1,1,2,0,2,0,0000000,99,99,99,99,99,99,0,0,0,1,0
45,450255,2,2,0,0,0,4,4,55,330,11,4,2013,5,12,9,1,13,2,US-521,,0,34.29425556,-80.61175556,0,12,2,0,1,1,0,1,1,1,0,1,0,0000000,99,99,99,99,99,99,0,0,0,1,0
45,450256,2,2,0,1,1,3,3,41,870,21,5,2013,3,21,53,0,14,3,SR-51,,0,34.1444,-79.72756944,0,8,0,0,1,1,0,1,2,1,0,1,0,0000000,23,3,23,15,23,57,0,0,0,1,0
45,450257,1,1,0,0,0,1,1,85,2550,27,5,2013,2,3,22,0,14,3,SR-120,,15,33.93507222,-80.38188333,0,42,0,0,1,1,0,4,6,1,0,1,0,0000000,88,88,88,88,88,88,0,0,0,1,1
45,450258,2,2,0,0,0,2,2,19,410,30,5,2013,5,15,12,1,11,1,I-26,,0,32.83385278,-79.95735556,0,23,0,1,5,1,0,4,1,1,0,1,0,0000000,99,99,99,99,99,99,0,0,0,1,0
45,450259,1,1,0,0,0,1,1,7,0,2,6,2013,1,6,25,1,1,1,I-85,,0,34.61456389,-82.62377778,0,34,0,0,1,1,0,4,4,1,0,1,0,0000000,88,88,88,88,88,88,0,0,0,1,1
45,450260,2,2,0,0,0,2,2,29,0,4,6,2013,3,20,42,1,1,1,I-95,,42,32.77840278,-80.79300556,0,12,7,0,1,1,0,1,2,2,0,2,0,0000000,99,98,99,98,88,88,0,0,0,1,0
45,450261,1,1,0,0,0,1,1,89,0,7,6,2013,6,0,50,0,9,3,SR-503,,0,33.74315556,-79.54349722,0,34,0,0,1,1,0,4,2,2,0,2,0,0000000,99,98,99,98,88,88,0,0,0,1,1
45,450262,2,2,0,0,0,4,4,41,0,8,6,2013,7,15,40,0,4,3,SR-716,,0,33.93014167,-79.75570278,0,12,2,0,1,1,0,1,1,1,0,1,0,0000000,15,52,16,3,16,34,0,0,0,1,0