STATE,ST_CASE,VE_TOTAL,VE_FORMS,PVH_INVL,PEDS,PERNOTMVIT,PERMVIT,PERSONS,COUNTY,CITY,DAY,MONTH,YEAR,DAY_WEEK,HOUR,MINUTE,NHS,ROAD_FNC,ROUTE,TWAY_ID,TWAY_ID2,MILEPT,LATITUDE,LONGITUD,SP_JUR,HARM_EV,MAN_COLL,RELJCT1,RELJCT2,TYP_INT,WRK_ZONE,REL_ROAD,LGT_COND,WEATHER1,WEATHER2,WEATHER,SCH_BUS,RAIL,NOT_HOUR,NOT_MIN,ARR_HOUR,ARR_MIN,HOSP_HR,HOSP_MN,CF1,CF2,CF3,FATALS,DRUNK_DR
45,450263,1,1,0,1,1,1,1,51,0,11,6,2013,3,21,50,0,6,4,CR-CAROLINA FOREST BLVD,,0,33.75921667,-78.89955556,0,9,0,0,1,1,0,1,2,1,0,1,0,0000000,99,98,99,98,88,88,0,0,0,1,0
45,450264,1,1,0,0,0,1,1,51,0,12,6,2013,4,2,55,0,6,4,CR-SHELL RD,,0,33.90322778,-78.90851111,0,53,0,0,1,1,0,4,2,1,0,1,0,0000000,88,88,88,88,88,88,0,0,0,1,0
45,450265,2,2,0,0,0,3,3,89,0,18,6,2013,3,15,51,1,2,2,US-521,SR-377,17,33.58131667,-79.8219,0,12,6,0,2,2,0,1,1,1,0,1,0,0000000,99,99,99,99,99,99,0,0,0,1,0
45,450266,2,2,0,0,0,3,3,41,0,15,6,2013,7,22,19,1,13,2,US-76,SR-925,22,34.19690278,-79.70443056,0,12,6,0,2,2,0,1,3,1,0,1,0,0000000,99,99,99,99,99,99,0,0,0,1,1
45,450267,1,1,0,1,1,1,1,83,0,1,4,2013,2,23,55,0,4,3,SR-43,,0,35.187325,-81.95196111,0,8,0,0,1,1,0,1,2,1,0,1,0,0000000,99,98,99,98,88,88,0,0,0,1,0
45,450268,2,2,0,0,0,2,2,83,0,1,6,2013,7,22,44,0,3,3,SR-9,CR-ROCKY BRANCH RD,0,35.02886944,-81.96688333,0,12,6,0,2,3,0,1,6,1,0,1,0,0000000,99,99,99,99,99,99,0,0,0,1,0
45,450269,1,1,0,1,1,1,1,3,0,7,6,2013,6,23,54,0,4,3,SR-253,,0,33.58409167,-81.91739167,0,8,0,0,1,1,0,1,2,1,0,1,0,0000000,99,99,99,99,99,99,0,0,0,1,0
45,450270,1,1,0,0,0,1,1,85,0,8,6,2013,7,12,40,0,4,3,SR-51,,4,33.73628056,-80.51298333,0,35,0,0,1,1,0,4,1,10,0,10,0,0000000,99,99,99,99,99,99,0,0,0,1,0
45,450271,2,2,0,0,0,2,2,83,0,11,6,2013,3,21,27,0,4,3,SR-31,CR-DOCTORS PARK DRIVE,0,34.97595833,-81.89516389,0,12,2,0,2,2,0,1,3,1,0,1,0,0000000,99,99,99,99,99,99,0,0,0,1,1
45,450272,1,1,0,0,0,1,1,51,0,30,1,2013,4,13,25,1,2,2,US-701,,22,33.94297222,-79.02876389,0,1,0,0,1,1,0,1,1,10,0,10,0,0000000,13,26,13,26,14,14,0,0,0,1,0
45,450273,1,1,0,0,0,1,1,51,0,25,3,2013,2,21,30,0,3,3,SR-905,,0,33.901225,-78.87274444,0,42,0,0,1,1,0,4,2,1,0,1,0,0000000,99,99,99,99,99,99,0,0,0,1,1
45,450274,2,2,0,0,0,2,2,7,40,19,4,2013,6,8,41,0,13,3,SR-8,SR-472,0,34.54242778,-82.66839444,0,12,6,0,2,2,0,1,1,10,0,10,0,0000000,99,99,99,99,99,99,0,0,0,1,0
45,450275,1,1,0,1,1,1,1,33,620,12,5,2013,1,20,17,0,19,4,CR-18TH STREET,,1,34.40759722,-79.36618889,0,8,0,0,1,1,0,2,2,1,0,1,0,0000000,20,18,20,21,20,31,0,0,0,1,1
45,450276,1,1,0,0,0,1,1,63,2790,11,6,2013,3,12,0,1,11,1,I-26,,109,34.00628056,-81.11053056,0,1,0,0,1,1,0,1,1,1,0,1,0,0000000,88,88,88,88,88,88,0,0,0,1,1
45,450277,2,2,0,0,0,2,2,27,0,8,6,2013,7,19,0,0,3,3,SR-260,CR-RACCOON RD,0,33.63199167,-80.21589444,0,12,6,0,2,2,0,1,1,1,0,1,0,0000000,19,16,19,45,20,21,0,0,0,1,0
45,450278,1,1,0,0,0,2,2,91,0,14,6,2013,6,5,45,1,1,1,I-77,,72,34.84599722,-81.01844167,0,42,0,0,1,1,0,4,4,1,0,1,0,0000000,99,98,99,98,88,88,0,0,0,2,0
45,450279,1,1,0,0,0,8,8,63,0,15,6,2013,7,14,30,1,1,1,I-20,,38,33.80794167,-81.46016111,0,1,0,0,1,1,0,4,1,1,0,1,0,0000000,99,99,99,99,99,99,0,0,0,1,0
45,450280,2,2,0,0,0,2,2,45,0,15,6,2013,7,14,48,0,4,3,SR-146,,0,34.70959167,-82.33456389,0,12,2,0,1,1,0,1,1,1,0,1,0,0000000,14,50,15,4,15,34,0,0,0,1,0
45,450281,2,2,0,0,0,2,2,51,0,16,6,2013,1,15,50,0,4,3,SR-51,,0,33.58488889,-79.01081667,0,12,6,0,8,1,0,1,1,1,0,1,0,0000000,15,50,15,52,16,1,0,0,0,1,0
45,450282,2,2,0,0,0,2,2,57,0,17,6,2013,2,17,10,1,2,2,US-601,,7,34.59033889,-80.54695833,0,12,2,0,1,1,0,1,1,1,0,1,0,0000000,99,98,99,98,88,88,0,0,0,1,0
45,450283,1,1,0,1,1,2,2,23,0,17,6,2013,2,23,0,1,2,3,SR-9,,28,34.74466667,-81.03522778,0,8,0,0,1,1,0,1,3,1,0,1,0,0000000,99,99,99,99,99,99,0,0,0,1,0
45,450285,2,2,0,0,0,3,3,15,0,20,6,2013,5,18,4,0,4,3,SR-180,,0,33.28546111,-79.86942222,0,12,2,0,1,1,0,1,1,1,0,1,0,0000000,18,11,18,36,19,5,0,0,0,1,0
45,450286,1,1,0,0,0,1,1,45,0,20,6,2013,5,2,23,0,6,4,CR-BLACKS DRIVE,,0,34.85143611,-82.29119722,0,30,0,0,1,1,0,4,2,1,0,1,0,0000000,99,99,99,99,99,99,0,0,0,1,1
45,450287,1,1,0,0,0,1,1,55,0,21,6,2013,6,20,13,0,9,3,SR-46,,4,34.22490556,-80.56280556,0,34,0,0,1,1,0,4,5,1,0,1,0,0000000,99,99,99,99,99,99,0,0,0,1,1
45,450288,1,1,0,0,0,1,1,23,0,23,6,2013,1,8,0,1,2,2,US-21,,12,34.55610278,-80.90825556,0,52,0,0,1,1,0,4,1,10,0,10,0,0000000,88,88,88,88,88,88,0,0,0,1,1
45,450289,1,1,0,0,0,2,2,43,0,23,6,2013,1,0,5,0,9,3,SR-179,,0,33.50275556,-79.36130833,0,34,0,0,1,1,0,4,2,1,0,1,0,0000000,0,12,0,23,0,45,0,0,0,2,1
45,450290,1,1,0,0,0,1,1,15,0,24,6,2013,2,8,42,1,2,2,US-176,,14,33.14196944,-80.06295833,0,42,0,0,1,1,0,4,1,1,0,1,0,0000000,99,99,99,99,99,99,0,0,0,1,0
45,450291,1,1,0,1,1,5,5,51,1730,31,3,2013,1,3,5,1,2,2,US-17,,0,33.71444722,-78.85748056,0,8,0,0,1,1,0,1,2,1,0,1,0,0000000,3,16,3,22,3,38,0,0,0,1,0
45,450292,3,3,0,0,0,3,3,89,0,18,3,2013,2,5,15,1,2,2,US-521,,32,33.49573889,-79.61503611,0,12,8,0,1,1,0,1,2,2,0,2,0,0000000,99,99,99,99,99,99,0,0,0,1,0
45,450293,2,2,0,0,0,4,4,25,1910,30,3,2013,7,14,8,0,13,2,US-601,,7,34.77042778,-80.39704167,0,12,2,0,1,1,0,1,1,1,0,1,0,0000000,99,99,99,99,99,99,0,0,0,2,0
45,450294,1,1,0,0,0,2,2,43,0,5,4,2013,6,12,48,0,14,3,SR-707,,5,33.5717,-79.036375,0,59,0,0,1,1,0,4,1,10,0,10,0,0000000,99,99,99,99,99,99,0,0,0,1,0
45,450295,1,1,0,0,0,2,2,49,0,4,5,2013,7,23,30,0,4,3,SR-17,,0,32.67384722,-80.85851389,0,42,0,0,1,1,0,4,2,2,0,2,0,0000000,99,99,99,99,99,99,0,0,0,1,1
45,450296,3,3,0,0,0,6,6,75,0,29,5,2013,4,15,53,0,3,2,US-178,SR-60,13,33.590375,-80.9829,0,12,6,0,2,3,0,1,1,1,0,1,0,0000000,16,15,16,26,16,55,0,0,0,1,0
45,450297,2,2,0,0,0,2,2,45,0,11,6,2013,3,14,10,0,14,3,SR-253,CR-ARCH STREET EXT,1,34.85559167,-82.44490556,0,12,6,0,3,2,0,1,1,1,0,1,0,0000000,14,10,14,11,14,26,0,0,0,1,0
45,450298,1,1,0,1,1,1,1,79,880,8,6,2013,7,22,14,1,13,2,US-1,SR-289,5,34.0414,-80.99556667,0,8,0,0,2,2,0,1,3,1,0,1,0,0000000,22,20,22,31,23,17,0,0,0,1,0
45,450299,1,1,0,0,0,1,1,45,0,14,6,2013,6,3,0,0,4,3,SR-52,,4,34.69589722,-82.44201667,0,34,0,0,1,1,0,4,2,1,0,1,0,0000000,88,88,88,88,88,88,0,0,0,1,1
45,450300,2,2,0,0,0,2,2,79,520,15,6,2013,7,21,0,0,15,3,SR-88,SR-906,6,33.96468889,-80.92693611,0,12,6,0,2,3,0,1,5,1,0,1,0,0000000,21,4,21,7,21,37,0,0,0,1,2
45,450301,1,1,0,0,0,1,1,41,870,22,6,2013,7,16,0,0,15,3,SR-207,,8,34.19479167,-79.79150833,0,41,0,0,1,1,0,4,1,1,0,1,0,0000000,88,88,88,88,88,88,0,0,0,1,1
45,450302,2,2,0,0,0,4,4,45,0,26,6,2013,4,13,26,0,4,3,SR-342,,0,34.99458056,-82.38566667,0,12,2,0,1,1,0,1,1,10,0,10,0,0000000,99,98,99,98,88,88,0,0,0,1,0
45,450303,1,1,0,0,0,1,1,91,0,27,6,2013,5,19,35,0,4,3,SR-323,,28,34.99545556,-81.26014722,0,1,0,0,1,1,0,4,1,1,0,1,0,0000000,19,40,19,44,20,29,0,0,0,1,0
45,450304,1,1,0,0,0,3,3,45,0,28,6,2013,6,0,10,0,4,3,SR-141,SR-124,0,34.84758889,-82.45136944,0,23,0,0,1,1,0,4,2,10,0,10,0,717125J,99,99,99,99,99,99,20,0,0,1,1
45,450305,1,1,0,0,0,1,1,79,0,28,6,2013,6,2,18,0,9,3,SR-1051,,4,34.19036944,-80.92854167,0,42,0,0,1,1,0,4,2,1,0,1,0,0000000,88,88,88,88,88,88,0,0,0,1,1
45,450306,1,1,0,1,1,1,1,45,1040,14,1,2013,2,6,50,0,13,3,SR-291,SR-1051,5,34.83588056,-82.366925,0,8,0,0,2,2,0,1,4,1,0,1,0,0000000,99,99,99,99,99,99,0,0,0,1,0
45,450307,1,1,0,0,0,1,1,45,1040,21,4,2013,1,2,55,0,14,3,SR-273,,17,34.85100278,-82.33630278,0,33,0,0,1,1,0,4,3,1,0,1,0,0000000,88,88,88,88,88,88,0,0,0,1,1
45,450308,1,1,0,0,0,1,1,7,0,29,6,2013,7,3,0,0,4,3,SR-181,,1,34.33274167,-82.77393889,0,35,0,0,1,1,0,4,2,10,0,10,0,0000000,3,50,3,58,99,99,0,0,0,1,1
45,450309,1,1,0,0,0,1,1,59,0,29,6,2013,7,18,33,0,3,3,SR-252,,0,34.49405,-82.10183889,0,34,0,0,1,1,0,4,1,10,0,10,0,0000000,88,88,88,88,88,88,0,0,0,1,1
45,450310,2,2,0,0,0,3,3,13,0,30,6,2013,1,0,30,0,6,4,CR-BLUFFTON PARKWAY,,0,32.23995278,-80.82485,0,12,2,0,1,1,0,1,2,1,0,1,0,0000000,99,99,99,99,99,99,0,0,0,1,1
45,450311,1,1,0,0,0,2,2,15,0,30,6,2013,1,4,20,1,2,2,US-52,,34,33.42868889,-79.96315833,0,32,0,0,8,1,0,4,2,2,0,2,0,0000000,99,99,99,99,99,99,0,0,0,1,1
45,450312,3,3,0,0,0,5,5,19,1805,30,6,2013,1,15,0,0,14,3,SR-75,,10,32.93163611,-80.05651944,0,12,6,0,8,1,0,1,1,10,0,10,0,0000000,15,0,15,6,15,40,0,0,0,1,1
45,450313,1,1,0,0,0,5,5,31,0,30,6,2013,1,19,0,0,9,3,SR-51,,25,34.42863611,-80.07343611,0,42,0,0,1,1,0,4,1,2,0,2,0,0000000,19,8,19,11,99,99,0,0,0,1,0
45,450314,1,1,0,0,0,1,1,75,0,3,4,2013,4,23,43,0,9,3,SR-93,,0,33.55771667,-80.81865833,0,42,0,0,1,1,0,4,2,1,0,1,0,0000000,0,8,0,16,0,52,0,0,0,1,0
45,450315,1,1,0,0,0,1,1,63,1430,30,6,2013,1,1,16,0,4,3,SR-127,,0,33.98960833,-81.25579722,0,32,0,0,1,1,0,4,2,1,0,1,0,0000000,1,18,1,22,2,7,20,0,0,1,1
45,450316,1,1,0,0,0,4,4,29,0,1,7,2013,2,16,28,1,1,1,I-95,,62,33.00133056,-80.66923333,0,42,0,0,1,1,0,3,1,2,0,2,0,0000000,99,99,99,99,99,99,0,0,0,1,0
45,450317,1,1,0,0,0,1,1,5,0,1,7,2013,2,13,10,0,9,3,SR-23,,12,32.91788889,-81.3341,0,1,0,0,1,1,0,4,1,2,0,2,0,0000000,99,99,99,99,99,99,0,0,0,1,0
45,450318,1,1,0,1,1,1,1,51,0,2,7,2013,3,20,55,0,14,3,SR-1240,,3,33.62943333,-79.03381667,0,9,0,0,1,1,0,3,2,1,0,1,0,0000000,20,55,20,57,21,22,0,0,0,1,0
45,450319,2,2,0,0,0,2,2,5,0,2,7,2013,3,12,15,0,4,3,SR-3,SR-125,22,33.06981389,-81.42403889,0,12,6,0,2,2,0,1,1,2,0,2,0,0000000,99,99,99,99,99,99,0,0,0,1,0
45,450320,2,2,0,0,0,2,2,75,0,2,7,2013,3,8,53,1,2,2,US-21,,30,33.58948611,-80.86758611,0,12,2,0,1,1,0,1,1,2,0,2,0,0000000,99,99,99,99,99,99,0,0,0,1,0
45,450321,1,1,0,0,0,3,3,25,0,3,7,2013,4,19,0,0,9,3,SR-42,,9,34.60786111,-80.40468333,0,34,0,0,1,1,0,4,1,10,0,10,0,0000000,19,9,19,23,19,57,0,0,0,1,0
45,450322,1,1,0,0,0,5,5,79,0,12,6,2013,4,8,35,1,2,2,US-76,,400,33.94374722,-80.73940278,0,53,0,0,1,1,0,4,1,1,0,1,0,0000000,8,49,8,58,9,53,0,0,0,2,0
45,450323,1,1,0,0,0,1,1,45,0,3,7,2013,4,17,30,0,4,3,SR-454,,1,34.62325556,-82.35968889,0,30,0,0,1,1,0,4,1,1,0,1,0,0000000,99,99,99,99,99,99,0,0,0,1,1
45,450324,1,1,0,0,0,5,5,17,0,4,7,2013,5,19,40,1,2,2,US-176,,15,33.70899722,-80.86796944,0,34,0,0,1,1,0,4,1,1,0,1,0,0000000,99,99,99,99,99,99,0,0,0,1,1
45,450325,2,2,0,0,0,3,3,45,0,5,7,2013,6,16,49,1,13,2,US-123,,3,34.83788333,-82.42999444,0,12,2,0,1,1,0,1,1,2,0,2,0,0000000,16,49,16,55,17,8,0,0,0,1,0
45,450326,2,2,0,0,0,2,2,45,0,6,7,2013,7,20,30,0,6,4,CR-HARRIS RD,,0,34.73531667,-82.39043333,0,12,1,0,1,1,0,1,5,10,0,10,0,0000000,99,99,99,99,99,99,0,0,0,1,1
45,450327,1,1,0,0,0,1,1,19,410,7,7,2013,1,2,7,0,6,4,CR-GRAND CONCOURSE,,0,32.73468333,-79.93214722,0,33,0,0,1,1,0,10,3,1,0,1,0,0000000,88,88,88,88,88,88,0,0,0,1,1
45,450328,2,2,0,0,0,3,3,61,0,7,7,2013,1,19,31,0,4,3,SR-34,,0,34.154325,-80.28522222,0,12,2,0,1,1,0,1,1,1,0,1,0,0000000,99,99,99,99,99,99,0,0,0,1,1
45,450329,1,1,0,0,0,1,1,83,0,7,7,2013,1,14,30,1,1,1,I-26,,40,34.65156111,-81.91914444,0,57,0,0,1,1,0,3,1,10,0,10,0,0000000,88,88,88,88,88,88,0,0,0,1,1
45,450330,1,1,0,0,0,2,2,75,0,8,7,2013,2,22,0,0,4,3,SR-73,,5,33.56241389,-81.04732222,0,31,0,0,1,1,0,4,2,1,0,1,0,0000000,22,0,22,34,23,24,0,0,0,1,1
45,450331,2,1,1,1,1,1,1,17,0,10,7,2013,4,2,55,1,1,1,I-95,,121,33.86550556,-81.03244722,0,14,0,0,1,1,0,1,6,1,0,1,0,0000000,99,98,99,98,88,88,23,0,0,1,0
45,450332,1,1,0,1,1,3,3,41,0,10,7,2013,4,22,6,0,4,3,SR-164,,24,33.97838889,-79.58271667,0,8,0,0,1,1,0,1,2,1,0,1,0,0000000,22,14,22,21,22,51,0,0,0,1,0
45,450333,1,1,0,0,0,3,3,63,0,15,7,2013,2,23,55,1,2,2,US-178,,0,33.84301944,-81.48225,0,42,0,0,1,1,0,4,2,1,0,1,0,0000000,99,99,99,99,99,99,0,0,0,2,1
45,450334,2,2,0,0,0,3,3,3,0,20,7,2013,7,0,15,0,15,3,SR-65,,28,33.46785833,-81.84207222,0,12,1,0,1,1,0,1,2,1,0,1,0,0000000,0,18,0,33,1,3,0,0,0,1,0
45,450335,1,1,0,0,0,1,1,29,0,21,7,2013,1,17,50,0,4,3,SR-35,,5,32.97041111,-80.43008333,0,1,0,0,1,1,0,1,1,1,0,1,0,0000000,18,5,18,24,19,1,0,0,0,1,0
45,450336,2,2,0,0,0,3,3,53,0,22,7,2013,2,13,56,1,2,2,US-17,SR-315,0,32.15313611,-81.05474722,0,12,6,0,2,3,0,1,1,1,0,1,0,0000000,99,99,99,99,99,99,0,0,0,1,0
45,450337,2,2,0,0,0,2,2,19,0,23,7,2013,3,0,5,0,14,3,SR-61,,0,32.88461944,-80.10999722,0,12,1,0,1,1,0,1,2,1,0,1,0,0000000,99,99,99,99,99,99,0,0,0,1,1
45,450338,2,2,0,1,1,2,2,21,0,1,8,2013,5,1,3,1,1,1,I-85,,89,35.088975,-81.69384722,0,8,0,0,1,1,0,1,2,1,0,1,0,0000000,99,98,99,98,88,88,0,0,0,1,0
45,450339,2,2,0,0,0,2,2,79,0,14,4,2013,1,3,1,0,4,3,SR-1051,,0,34.14456111,-80.93508333,0,12,6,0,8,1,0,1,2,1,0,1,0,0000000,99,98,99,98,88,88,0,0,0,1,1
45,450340,2,1,1,0,0,2,2,45,0,27,4,2013,7,3,23,0,3,3,SR-291,,0,34.88673056,-82.39417778,0,33,0,0,1,1,0,3,6,1,0,1,0,0000000,99,99,99,99,99,99,0,0,0,1,1
45,450341,2,2,0,0,0,2,2,63,0,3,5,2013,6,15,30,0,4,3,SR-54,,5,33.96494444,-81.44151667,0,12,6,0,1,1,0,1,1,1,0,1,0,0000000,99,98,99,98,88,88,0,0,0,1,0
45,450342,2,2,0,0,0,5,5,25,0,12,6,2013,4,8,15,0,4,3,SR-33,SR-77,20,34.71309167,-80.14666944,0,12,6,0,2,2,0,1,1,1,0,1,0,0000000,99,99,99,99,99,99,0,0,0,1,1
45,450343,2,2,0,0,0,3,3,19,1710,8,6,2013,7,2,5,1,2,2,US-17,SR-56,34,32.823525,-79.83969167,0,12,7,0,3,2,0,1,3,1,0,1,0,0000000,2,8,2,12,2,32,0,0,0,1,1
45,450344,2,2,0,0,0,2,2,83,0,1,7,2013,2,22,20,1,1,1,I-95,,28,34.87008611,-81.98771944,0,12,1,0,1,1,0,1,2,1,0,1,0,0000000,22,20,22,36,23,16,0,0,0,1,0
45,450345,1,1,0,0,0,1,1,59,0,7,7,2013,1,4,15,0,4,3,SR-6,,14,34.41728889,-82.04882778,0,32,0,0,1,1,0,4,2,1,0,1,0,0000000,88,88,88,88,88,88,0,0,0,1,1
45,450346,2,2,0,0,0,2,2,3,1800,8,7,2013,2,11,20,1,11,1,I-20,,1,33.54040556,-81.99001667,0,12,1,0,1,1,4,1,1,1,0,1,0,0000000,99,98,99,98,88,88,0,0,0,1,1
45,450347,1,1,0,0,0,1,1,59,0,9,7,2013,3,23,39,1,2,2,US-76,,8,34.51768333,-82.15778889,0,18,0,0,1,1,0,1,2,2,0,2,0,0000000,88,88,88,88,88,88,0,0,0,1,0
45,450348,2,2,0,0,0,2,2,75,0,11,7,2013,5,16,35,1,2,2,US-301,US-15,0,33.46305,-80.49526389,0,12,1,0,2,2,0,1,1,1,0,1,0,0000000,16,41,16,50,17,29,0,0,0,1,0
45,450349,2,2,0,0,0,2,2,63,0,12,7,2013,6,17,0,0,4,3,SR-158,SR-277,11,33.99591667,-81.42655,0,12,6,0,2,2,0,1,1,1,0,1,0,0000000,17,11,17,21,18,10,0,0,0,1,0
45,450350,1,1,0,0,0,1,1,75,0,13,7,2013,7,1,20,0,4,3,SR-1757,,11,33.42058889,-80.33026667,0,42,0,0,1,1,0,4,3,1,0,1,0,0000000,88,88,88,88,88,88,0,0,0,1,1
45,450351,1,1,0,0,0,1,1,67,2330,13,7,2013,7,18,16,0,4,3,SR-83,,2,34.2788,-79.47715,0,10,0,0,6,1,0,1,1,2,0,2,0,628997D,88,88,88,88,88,88,0,0,0,1,0
45,450352,2,2,0,0,0,2,2,51,0,16,7,2013,3,17,44,0,3,3,SR-9,,27,34.00773333,-78.76464722,0,12,1,0,1,1,0,1,1,1,0,1,0,0000000,17,47,18,0,18,32,0,0,0,1,0
45,450353,1,1,0,0,0,1,1,39,0,17,7,2013,4,14,30,0,4,3,SR-21,,11,34.36364167,-80.95503611,0,35,0,0,1,1,0,4,1,10,0,10,0,0000000,99,99,99,99,99,99,0,0,0,1,0
45,450354,2,2,0,0,0,2,2,45,0,18,7,2013,5,22,43,1,12,2,US-276,,44,34.75770833,-82.28984722,0,12,2,0,1,1,0,1,2,1,0,1,0,0000000,99,99,99,99,99,99,0,0,0,1,1
45,450355,2,2,0,0,0,3,3,77,0,18,7,2013,5,18,35,0,3,3,SR-133,,17,34.91509167,-82.84425278,0,1,0,0,1,1,0,1,1,1,0,1,0,0000000,99,99,99,99,99,99,0,0,0,1,0
45,450356,2,2,0,0,0,2,2,47,0,18,7,2013,5,22,54,1,2,2,US-25,,0,34.14704167,-82.13563333,0,12,1,0,1,1,0,3,6,10,0,10,0,0000000,22,54,23,18,23,25,0,0,0,1,1
45,450357,1,1,0,0,0,4,4,45,0,20,7,2013,7,20,48,1,2,2,US-25,,0,34.73795,-82.39105278,0,1,0,0,1,1,0,4,6,1,0,1,0,0000000,99,99,99,99,99,99,0,0,0,1,1
45,450358,1,1,0,0,0,1,1,3,0,22,7,2013,2,7,4,0,4,3,SR-87,,6,33.50375,-81.82811667,0,1,0,0,1,1,0,4,1,10,0,10,0,0000000,88,88,88,88,88,88,0,0,0,1,0
45,450359,2,2,0,0,0,3,3,91,0,27,7,2013,7,21,22,1,1,1,I-77,,0,35.00303611,-80.97254444,0,1,0,0,1,1,0,1,2,1,0,1,0,0000000,99,98,99,98,88,88,0,0,0,1,1
45,450360,1,1,0,0,0,1,1,7,0,27,7,2013,7,15,3,0,3,3,SR-24,,0,34.50666389,-82.73223056,0,33,0,0,1,1,0,4,1,1,0,1,0,0000000,99,99,99,99,99,99,0,0,0,1,0
45,450361,1,1,0,0,0,1,1,63,0,28,7,2013,1,17,2,0,4,3,SR-157,,0,34.05264444,-81.45445833,0,35,0,0,1,1,0,4,1,1,0,1,0,0000000,88,88,88,88,88,88,0,0,0,1,1
45,450362,1,1,0,0,0,1,1,15,0,29,7,2013,2,2,15,0,9,3,SR-413,,20,33.15998333,-80.09064722,0,34,0,0,1,1,0,4,2,1,0,1,0,0000000,99,99,99,99,99,99,0,0,0,1,0
45,450363,1,1,0,1,1,1,1,45,0,31,7,2013,4,3,30,1,2,2,US-25,,0,34.57028056,-82.33258611,0,8,0,0,1,1,0,1,2,1,0,1,0,0000000,99,98,99,98,88,88,0,0,0,1,0
45,450364,1,1,0,0,0,2,2,91,0,20,7,2013,7,2,20,0,3,3,SR-72,,47,34.87105278,-81.06024722,0,1,0,0,1,1,0,1,2,1,0,1,0,0000000,99,99,99,99,99,99,0,0,0,1,1
45,450365,1,1,0,0,0,1,1,23,0,20,7,2013,7,19,43,0,3,2,US-321,SR-9,9,34.70495833,-81.24361111,0,33,0,0,3,3,0,4,1,1,0,1,0,0000000,99,99,99,99,99,99,20,0,0,1,1
45,450366,1,1,0,0,0,1,1,75,0,20,7,2013,7,19,40,0,3,3,SR-3,,0,33.61693333,-81.21991667,0,35,0,0,1,1,0,4,1,1,0,1,0,0000000,20,29,20,56,21,24,0,0,0,1,0
45,450367,1,1,0,0,0,1,1,7,0,21,7,2013,1,10,45,0,4,3,SR-137,,0,34.30376111,-82.67271667,0,42,0,0,1,1,0,4,1,1,0,1,0,0000000,10,46,11,6,99,99,0,0,0,1,0
45,450369,1,1,0,0,0,1,1,19,0,28,7,2013,1,3,0,0,3,3,SR-61,,0,32.88111389,-80.10229444,0,42,0,0,1,1,0,4,2,2,0,2,0,0000000,88,88,88,88,88,88,0,0,0,1,1
45,450370,1,1,0,0,0,1,1,59,0,28,7,2013,1,17,20,0,4,3,SR-36,,7,34.411875,-82.15821389,0,42,0,0,1,1,0,4,1,1,0,1,0,0000000,88,88,88,88,88,88,0,0,0,1,1
45,450371,1,1,0,0,0,1,1,21,0,29,7,2013,2,17,0,0,9,3,SR-61,,21,35.10256111,-81.76920833,0,34,0,0,1,1,0,4,1,1,0,1,0,0000000,17,27,17,45,18,7,0,0,0,1,0
45,450372,1,1,0,0,0,8,8,79,0,30,7,2013,3,2,12,1,11,1,I-26,,99,34.120775,-81.19708333,0,24,0,0,1,1,0,4,3,1,0,1,0,0000000,99,99,99,99,99,99,0,0,0,1,0
45,450373,1,1,0,1,1,1,1,51,1730,31,7,2013,4,9,20,0,4,3,SR-88,US-17,0,33.69373889,-78.88196111,0,9,0,0,2,2,0,1,1,10,0,10,0,0000000,9,54,9,59,10,18,0,0,0,1,0
45,450374,1,1,0,0,0,1,1,83,0,1,8,2013,5,16,30,0,4,3,SR-42,,3,35.11315833,-81.98827222,0,34,0,0,1,1,0,4,1,1,0,1,0,0000000,16,30,16,36,99,99,0,0,0,1,1
45,450375,1,1,0,0,0,1,1,43,0,2,8,2013,6,0,55,0,4,3,SR-5,,4,33.71280833,-79.39125278,0,42,0,0,1,1,0,4,2,1,0,1,0,0000000,88,88,88,88,88,88,0,0,0,1,0
45,450376,1,1,0,1,1,1,1,79,0,2,8,2013,6,1,7,1,2,2,US-76,,28,33.95312222,-80.92159444,0,8,0,0,8,1,0,1,2,10,0,10,0,0000000,99,98,99,98,88,88,0,0,0,1,0
45,450377,2,2,0,0,0,2,2,63,0,3,8,2013,7,13,55,0,3,2,US-1,CR-204,16,33.979725,-81.30354722,0,12,6,0,2,2,0,1,1,1,0,1,0,0000000,99,99,99,99,99,99,0,0,0,1,0
45,450378,2,1,1,1,1,1,1,89,0,8,8,2013,5,13,10,0,3,3,SR-261,,0,33.74584167,-79.39833056,0,8,0,0,1,1,2,1,1,1,0,1,0,0000000,99,99,99,99,99,99,0,0,0,1,0
45,450379,1,1,0,0,0,3,3,63,2790,9,7,2013,3,22,37,1,2,2,US-1,,0,33.99032222,-81.069075,0,31,0,0,1,1,0,4,2,1,0,1,0,0000000,99,99,99,99,99,99,0,0,0,2,1
45,450380,1,1,0,0,0,3,3,19,410,14,7,2013,1,0,56,0,6,4,CR-ASHLEY GARDENS BLVD,,0,32.84159444,-80.09079444,0,32,0,0,1,1,0,4,3,1,0,1,0,0000000,99,99,99,99,99,99,0,0,0,1,1
45,450381,4,4,0,0,0,6,6,45,0,8,8,2013,5,16,49,0,3,3,SR-11,CR-PLUMLEY SUMMIT RD,18,35.124025,-82.31524722,0,12,6,0,2,3,0,1,1,1,0,1,0,0000000,16,59,17,8,18,3,0,0,0,1,0
45,450382,2,2,0,0,0,2,2,77,0,15,7,2013,2,15,58,0,4,3,SR-133,,12,34.86846389,-82.84528611,0,12,8,0,1,1,0,1,1,1,0,1,0,0000000,16,1,16,11,16,46,0,0,0,1,0