STATE,ST_CASE,VE_TOTAL,VE_FORMS,PVH_INVL,PEDS,PERNOTMVIT,PERMVIT,PERSONS,COUNTY,CITY,DAY,MONTH,YEAR,DAY_WEEK,HOUR,MINUTE,NHS,ROAD_FNC,ROUTE,TWAY_ID,TWAY_ID2,MILEPT,LATITUDE,LONGITUD,SP_JUR,HARM_EV,MAN_COLL,RELJCT1,RELJCT2,TYP_INT,WRK_ZONE,REL_ROAD,LGT_COND,WEATHER1,WEATHER2,WEATHER,SCH_BUS,RAIL,NOT_HOUR,NOT_MIN,ARR_HOUR,ARR_MIN,HOSP_HR,HOSP_MN,CF1,CF2,CF3,FATALS,DRUNK_DR
45,450383,2,2,0,0,0,3,3,27,0,3,8,2013,7,11,30,0,3,2,US-15,,13,33.665525,-80.35769167,0,12,2,0,1,1,0,1,1,1,0,1,0,0000000,99,99,99,99,99,99,0,0,0,1,0
45,450384,1,1,0,0,0,1,1,85,0,10,8,2013,7,1,0,0,4,3,SR-109,,3,34.06975278,-80.51533611,0,34,0,0,1,1,0,4,2,1,0,1,0,0000000,1,8,1,18,2,16,0,0,0,1,1
45,450385,2,2,0,1,1,2,2,89,0,12,8,2013,2,14,45,0,3,3,SR-41,,0,33.503,-79.52504722,0,12,1,0,1,1,1,1,1,1,0,1,0,0000000,14,48,15,1,15,21,0,0,0,1,0
45,450386,1,1,0,0,0,1,1,21,0,12,8,2013,2,3,55,0,3,3,SR-5,,0,35.12524167,-81.50682778,0,33,0,0,1,1,0,4,2,1,0,1,0,0000000,88,88,88,88,88,88,0,0,0,1,0
45,450389,2,2,0,0,0,2,2,35,0,6,8,2013,3,17,30,0,4,2,US-178,,11,33.20843611,-80.43770833,0,12,6,0,1,1,0,1,1,1,0,1,0,0000000,99,98,99,98,88,88,0,0,0,1,0
45,450390,1,1,0,0,0,1,1,39,0,11,8,2013,1,2,0,0,4,3,SR-52,,4,34.54619167,-81.06938333,0,34,0,0,1,1,0,4,2,1,0,1,0,0000000,88,88,88,88,88,88,0,0,0,1,1
45,450391,3,3,0,0,0,4,4,45,1040,11,8,2013,1,22,38,0,14,3,SR-146,SR-183,20,34.83630556,-82.31634444,0,12,2,0,2,2,0,1,2,1,0,1,0,0000000,99,99,99,99,99,99,0,0,0,1,0
45,450392,3,3,0,0,0,4,4,25,0,12,8,2013,2,21,20,0,4,3,SR-71,SR-753,0,34.74494444,-80.33814722,0,12,6,0,2,3,0,1,5,1,0,1,0,0000000,21,25,21,31,21,50,0,0,0,1,0
45,450393,2,2,0,0,0,2,2,41,0,14,8,2013,4,9,58,0,4,3,SR-341,,21,33.83695556,-79.65314167,0,12,6,0,8,1,0,1,1,2,0,2,0,0000000,11,36,12,18,13,13,0,0,0,1,0
45,450394,1,1,0,1,1,1,1,87,0,16,8,2013,6,9,20,0,3,2,US-176,,8,34.78939167,-81.65878333,0,9,0,0,1,1,0,1,1,2,0,2,0,0000000,9,28,9,51,10,8,0,0,0,1,0
45,450395,2,2,0,0,0,2,2,7,0,16,8,2013,6,13,44,0,3,3,SR-20,SR-211,14,34.57856389,-82.49598889,0,12,6,0,2,2,0,1,1,2,0,2,0,0000000,13,45,13,51,99,99,0,0,0,1,0
45,450396,2,2,0,0,0,2,2,41,0,16,8,2013,6,15,50,1,2,2,US-378,,0,33.88327778,-79.57791111,0,12,6,0,1,1,0,1,1,2,0,2,0,0000000,99,98,99,98,88,88,0,0,0,1,0
45,450397,1,1,0,0,0,1,1,31,0,17,8,2013,7,0,0,0,9,3,SR-493,,20,34.34196667,-80.11693056,0,34,0,0,1,1,0,4,2,10,0,10,0,0000000,88,88,88,88,88,88,0,0,0,1,1
45,450398,2,2,0,0,0,3,3,51,0,17,8,2013,7,2,57,1,13,2,US-501,,31,33.7134,-78.92060278,0,12,1,0,1,1,0,1,2,2,0,2,0,0000000,99,99,99,99,99,99,0,0,0,1,0
45,450399,1,1,0,0,0,3,3,53,0,18,8,2013,1,1,5,0,3,2,US-321,,4,32.38177222,-81.09692222,0,30,0,0,1,1,0,4,2,2,0,2,0,0000000,99,99,99,99,99,99,0,0,0,1,1
45,450400,1,1,0,1,1,1,1,13,2326,19,6,2013,4,4,51,1,13,2,US-21,,28,32.52467778,-80.7494,0,8,0,0,1,1,0,1,2,1,0,1,0,0000000,99,98,99,98,88,88,0,0,0,1,0
45,450401,1,1,0,1,1,1,1,83,2950,10,8,2013,7,23,30,0,15,3,SR-146,,9,34.73323333,-82.02407778,0,8,0,0,1,1,0,1,2,1,0,1,0,0000000,99,99,99,99,99,99,0,0,0,1,0
45,450402,2,2,0,0,0,2,2,15,0,15,8,2013,5,21,40,0,4,3,SR-135,,7,33.20544444,-80.26039444,0,12,6,0,1,1,0,1,2,2,0,2,0,0000000,99,99,99,99,99,99,0,0,0,1,0
45,450403,1,1,0,0,0,1,1,31,0,18,8,2013,1,6,30,0,2,3,SR-151,SR-151,10,34.324275,-80.04239722,0,1,0,0,3,3,0,4,4,1,0,1,0,0000000,88,88,88,88,88,88,0,0,0,1,1
45,450404,2,2,0,0,0,2,2,59,0,20,7,2013,7,17,15,0,9,3,SR-54,,5,34.39457778,-82.117625,0,1,0,0,1,1,0,1,1,1,0,1,0,0000000,17,16,17,31,99,99,0,0,0,1,1
45,450405,2,2,0,0,0,2,2,61,0,5,8,2013,2,13,10,1,1,1,I-20,,120,34.18708056,-80.23061944,0,57,0,0,1,1,0,3,1,1,0,1,0,0000000,99,98,99,98,88,88,0,0,0,1,0
45,450406,2,2,0,0,0,5,5,45,1040,12,8,2013,2,3,15,1,11,1,I-385,,40,34.85539722,-82.36125556,0,12,2,0,1,1,0,1,2,1,0,1,0,0000000,99,99,99,99,99,99,0,0,0,1,2
45,450407,1,1,0,1,1,1,1,51,0,22,8,2013,5,17,55,1,2,2,US-501,,0,33.78465278,-78.9914,0,8,0,0,1,1,0,1,1,2,0,2,0,0000000,17,55,17,58,18,19,0,0,0,1,0
45,450408,1,1,0,0,0,1,1,45,0,24,8,2013,7,21,19,0,6,4,CR-BOMAR RD,,0,35.06209167,-82.31915,0,38,0,0,1,1,0,4,1,1,0,1,0,0000000,21,19,21,20,22,6,0,0,0,1,0
45,450409,1,1,0,0,0,4,4,7,0,25,8,2013,1,2,58,0,6,4,CR-BEATTY SQUARE,,0,34.50073056,-82.67993056,0,5,0,0,1,1,0,1,2,1,0,1,0,0000000,99,99,99,99,99,99,0,0,0,1,1
45,450410,2,2,0,0,0,2,2,51,1730,11,8,2013,1,3,16,1,2,2,US-17,CR-ARUNDEL RD,0,33.72833611,-78.86981667,0,12,6,0,2,2,0,1,3,1,0,1,0,0000000,99,99,99,99,99,99,0,0,0,1,1
45,450411,1,1,0,1,1,1,1,19,1710,18,8,2013,1,22,10,1,2,2,US-17,,0,32.872025,-79.77604167,0,8,0,0,1,1,0,1,2,1,0,1,0,0000000,99,99,99,99,99,99,0,0,0,1,0
45,450412,1,1,0,0,0,2,2,1,630,23,8,2013,6,1,5,0,3,3,SR-184,,17,34.37819167,-82.34857778,0,19,0,0,1,1,0,4,2,1,0,1,0,0000000,88,88,88,88,88,88,0,0,0,2,1
45,450413,2,2,0,0,0,3,3,51,0,27,8,2013,3,10,55,0,4,3,SR-97,,0,33.95241667,-78.9564,0,12,2,0,1,1,0,1,1,1,0,1,0,0000000,99,99,99,99,99,99,0,0,0,1,0
45,450414,2,2,0,0,0,4,4,51,0,24,8,2013,7,13,3,1,2,2,US-378,SR-134,6,33.8348,-79.14622778,0,12,6,0,2,3,0,1,1,1,0,1,0,0000000,99,98,99,98,88,88,0,0,0,1,0
45,450415,1,1,0,0,0,1,1,45,0,9,8,2013,6,15,46,0,15,3,SR-272,,5,34.69197222,-82.33315,0,34,0,0,8,1,0,4,1,1,0,1,0,0000000,88,88,88,88,88,88,0,0,0,1,1
45,450416,1,1,0,1,1,2,2,79,520,6,6,2013,5,23,25,1,11,1,I-77,,5,33.95095556,-80.986625,0,8,0,0,1,1,0,1,2,2,0,2,0,0000000,99,98,99,98,88,88,0,0,0,1,0
45,450417,1,1,0,0,0,1,1,75,0,31,8,2013,7,2,30,0,4,3,SR-49,,7,33.37091111,-80.89248611,0,42,0,0,1,1,0,4,2,1,0,1,0,0000000,88,88,88,88,88,88,0,0,0,1,1
45,450418,1,1,0,1,1,1,1,67,0,1,9,2013,1,2,15,0,9,3,SR-676,,1,34.18300833,-79.21460833,0,8,0,0,1,1,0,1,2,1,0,1,0,0000000,2,15,2,19,2,39,0,0,0,1,0
45,450419,2,2,0,0,0,4,4,45,0,1,9,2013,1,23,45,0,6,4,CR-CRANE AVE,CR-NANCY DR,0,34.86434167,-82.44056667,0,12,6,0,2,3,0,1,3,10,0,10,0,0000000,99,99,99,99,99,99,0,0,0,1,1
45,450420,1,1,0,0,0,1,1,3,0,2,9,2013,2,0,58,0,4,3,SR-19,,0,33.63211944,-81.73534167,0,35,0,0,1,1,0,4,2,1,0,1,0,0000000,88,88,88,88,88,88,0,0,0,1,1
45,450421,1,1,0,1,1,1,1,51,1730,30,8,2013,6,3,49,1,2,2,US-17,,15,33.73539722,-78.85877222,0,8,0,0,1,1,0,1,2,1,0,1,0,0000000,99,98,99,98,88,88,0,0,0,1,0
45,450422,1,1,0,0,0,1,1,19,2100,20,8,2013,3,21,15,0,4,3,SR-317,,32,32.82233333,-80.17737778,0,1,0,0,1,1,0,1,2,1,0,1,0,0000000,99,99,99,99,99,99,0,0,0,1,0
45,450423,1,1,0,0,0,1,1,85,0,24,8,2013,7,15,17,1,11,1,I-95,,135,33.90284444,-80.092525,0,1,0,1,5,1,0,4,1,1,0,1,0,0000000,15,30,15,59,16,36,0,0,0,1,0
45,450424,1,1,0,1,1,1,1,59,1410,27,2,2013,4,21,22,0,4,3,SR-183,,5,34.50963611,-82.0244,0,8,0,0,1,1,0,1,2,1,0,1,0,0000000,21,11,21,14,21,32,0,0,0,1,0
45,450425,3,3,0,0,0,3,3,51,0,4,3,2013,2,15,20,1,2,2,US-501,CR-WACCAMAW PINES DRIVE,0,33.74846944,-78.95889444,0,12,6,0,2,2,0,1,1,1,0,1,0,0000000,15,20,15,25,15,50,0,0,0,1,0
45,450426,1,1,0,0,0,2,2,85,2550,22,3,2013,6,3,15,1,2,2,US-15,,0,33.93342222,-80.36970556,0,33,0,0,1,1,0,4,2,1,0,1,0,0000000,99,99,99,99,99,99,0,0,0,1,1
45,450427,1,1,0,0,0,2,2,33,620,5,4,2013,6,11,29,1,2,2,US-301,,0,34.42371944,-79.36555278,0,33,0,0,1,1,0,4,1,1,0,1,0,0000000,11,29,11,33,12,2,0,0,0,1,0
45,450428,2,2,0,0,0,3,3,43,0,28,5,2013,3,13,25,0,3,2,US-701,,8,33.49961944,-79.25904444,0,12,1,0,8,1,0,1,1,1,0,1,0,0000000,13,48,13,58,14,23,0,0,0,1,0
45,450429,2,2,0,0,0,5,5,81,0,19,6,2013,4,21,40,0,3,3,SR-391,,8,34.06653889,-81.56065833,0,12,2,0,1,1,0,1,2,1,0,1,0,0000000,21,46,22,2,22,17,0,0,0,2,0
45,450430,1,1,0,0,0,4,4,31,0,2,8,2013,6,10,15,0,9,3,SR-39,,3,34.40881944,-80.14215278,0,34,0,0,1,1,0,4,1,1,0,1,0,0000000,10,17,10,28,10,45,0,0,0,1,0
45,450431,2,2,0,0,0,2,2,45,0,15,8,2013,5,0,21,0,4,3,SR-160,,0,34.72568889,-82.22030556,0,12,1,0,1,1,0,1,2,1,0,1,0,0000000,99,98,99,98,88,88,20,0,0,1,1
45,450432,1,1,0,0,0,3,3,77,1440,21,8,2013,4,23,20,0,15,3,SR-27,,0,34.77509167,-82.70740278,0,30,0,0,1,1,0,4,2,1,0,1,0,0000000,99,99,99,99,99,99,0,0,0,1,1
45,450433,2,2,0,0,0,3,3,1,0,21,8,2013,4,23,25,0,3,3,SR-28,,0,34.23633611,-82.45050556,0,12,2,0,1,1,0,1,2,1,0,1,0,0000000,99,99,99,99,99,99,0,0,0,2,1
45,450434,2,2,0,0,0,3,3,63,0,23,8,2013,6,7,5,0,3,3,SR-302,,0,33.81394444,-81.22286389,0,12,2,0,1,1,0,1,1,1,0,1,0,0000000,99,99,99,99,99,99,0,0,0,1,0
45,450435,1,1,0,0,0,1,1,13,0,27,8,2013,3,20,24,0,4,3,SR-27,,0,32.36083611,-80.85771389,0,32,0,0,1,1,0,4,2,1,0,1,0,0000000,99,99,99,99,99,99,0,0,0,1,1
45,450436,1,1,0,0,0,1,1,35,0,28,8,2013,4,22,45,0,4,2,US-15,,5,33.13593889,-80.57745833,0,1,0,0,1,1,0,4,2,1,0,1,0,0000000,88,88,88,88,88,88,0,0,0,1,1
45,450437,1,1,0,0,0,1,1,63,0,11,8,2013,1,2,15,0,4,3,SR-65,,0,33.77190278,-81.05852222,0,34,0,0,1,1,0,4,2,1,0,1,0,0000000,2,16,2,32,99,99,0,0,0,1,1
45,450438,2,2,0,0,0,2,2,63,0,24,8,2013,7,14,5,0,4,3,SR-624,,7,33.83983889,-81.23555833,0,1,0,0,1,1,0,4,1,1,0,1,0,0000000,99,99,99,99,99,99,0,0,0,1,0
45,450439,1,1,0,0,0,1,1,35,0,28,8,2013,4,17,8,1,1,1,I-26,,178,33.18241944,-80.38,0,42,0,0,1,1,0,4,1,1,0,1,0,0000000,88,88,88,88,88,88,0,0,0,1,0
45,450440,1,1,0,0,0,1,1,79,0,1,9,2013,1,23,20,0,4,3,SR-1050,,12,34.16086667,-80.92760556,0,31,0,0,1,1,0,4,2,1,0,1,0,0000000,88,88,88,88,88,88,0,0,0,1,1
45,450441,1,1,0,1,1,6,6,75,0,3,9,2013,3,22,15,1,2,2,US-301,SR-4,12,33.4797,-80.90405278,0,8,0,0,3,3,0,1,3,1,0,1,0,0000000,99,98,99,98,88,88,0,0,0,1,0
45,450442,1,1,0,0,0,1,1,55,0,3,9,2013,3,21,0,0,4,3,SR-12,,7,34.16863056,-80.50851389,0,42,0,0,1,1,0,4,2,1,0,1,0,0000000,88,88,88,88,88,88,0,0,0,1,1
45,450443,1,1,0,0,0,1,1,31,0,7,9,2013,7,0,45,0,9,3,SR-131,,0,34.19018889,-80.04923889,0,30,0,0,1,1,0,4,2,1,0,1,0,0000000,88,88,88,88,88,88,0,0,0,1,1
45,450444,1,1,0,0,0,1,1,83,0,8,9,2013,1,2,0,0,9,3,SR-474,,0,34.771875,-81.88647222,0,34,0,0,1,1,0,4,2,1,0,1,0,0000000,99,99,99,99,99,99,0,0,0,1,1
45,450445,1,1,0,0,0,1,1,79,520,12,3,2013,3,10,0,0,3,3,SR-277,,0,34.02975556,-81.03466667,0,23,0,0,1,1,0,4,1,10,0,10,0,0000000,88,88,88,88,88,88,0,0,0,1,0
45,450446,2,2,0,0,0,2,2,79,0,7,9,2013,7,1,55,0,3,2,US-1,,16,34.13524722,-80.83845556,0,12,2,0,1,1,0,1,2,1,0,1,0,0000000,99,99,99,99,99,99,0,0,0,1,1
45,450447,1,1,0,0,0,1,1,45,0,2,9,2013,2,19,33,0,6,4,CR-PUTNAM RD,,0,34.70078333,-82.22556111,0,53,0,0,1,1,0,4,2,1,0,1,0,0000000,99,99,99,99,99,99,0,0,0,1,1
45,450448,3,3,0,0,0,4,4,35,0,7,9,2013,7,21,5,1,2,2,US-17,,0,32.95310556,-80.30417778,0,12,6,0,1,1,0,1,2,1,0,1,0,0000000,99,99,99,99,99,99,0,0,0,1,1
45,450449,2,2,0,0,0,2,2,79,65,9,9,2013,2,15,5,0,13,2,US-1,SR-512,7,34.05729444,-80.96995,0,12,2,0,2,3,0,1,1,1,0,1,0,0000000,99,99,99,99,99,99,0,0,0,1,0
45,450450,1,1,0,0,0,2,2,15,0,11,9,2013,4,23,57,0,4,3,SR-157,,0,33.04240833,-80.11279444,0,42,0,0,1,1,0,4,3,1,0,1,0,0000000,99,99,99,99,99,99,20,0,0,2,1
45,450451,1,1,0,0,0,1,1,15,0,12,9,2013,5,4,55,0,4,3,SR-46,,0,33.07004444,-80.20349444,0,34,0,0,1,1,0,4,2,1,0,1,0,0000000,99,99,99,99,99,99,0,0,0,1,1
45,450452,5,5,0,0,0,5,5,79,520,16,9,2013,2,6,46,1,11,1,I-26,,107,34.03381111,-81.10726111,0,12,1,0,1,1,0,1,4,10,0,10,0,0000000,99,99,99,99,99,99,0,0,0,1,1
45,450453,1,1,0,0,0,1,1,79,0,17,9,2013,3,21,46,0,4,3,SR-217,,25,34.17290833,-81.21060556,0,11,0,0,1,1,0,1,2,1,0,1,0,0000000,99,99,99,99,99,99,0,0,0,1,1
45,450454,1,1,0,0,0,2,2,73,0,7,9,2013,7,16,30,0,4,3,SR-223,,0,34.79568333,-82.98121944,0,42,0,0,1,1,0,4,1,1,0,1,0,0000000,99,99,99,99,99,99,0,0,0,1,1
45,450455,2,2,0,0,0,4,4,39,0,13,9,2013,6,23,20,0,3,3,SR-34,CR-ELBOW CIRCLE RD,33,34.29133333,-80.93011389,0,12,6,0,2,3,0,1,2,1,0,1,0,0000000,99,99,99,99,99,99,0,0,0,1,0
45,450456,1,1,0,0,0,3,3,17,0,14,9,2013,7,3,5,0,9,3,SR-287,,0,33.67101111,-80.61912778,0,35,0,0,1,1,0,4,2,1,0,1,0,0000000,99,99,99,99,99,99,0,0,0,1,1
45,450457,1,1,0,0,0,4,4,39,0,18,9,2013,4,17,40,0,4,3,SR-23,,5,34.35578889,-81.11369722,0,34,0,0,1,1,0,4,1,1,0,1,0,0000000,99,99,99,99,99,99,0,0,0,1,1
45,450458,1,1,0,0,0,1,1,17,0,12,9,2013,5,16,30,1,1,1,I-26,,139,33.61635278,-80.86673889,0,42,0,0,1,1,0,3,1,1,0,1,0,0000000,99,99,99,99,99,99,0,0,0,1,0
45,450459,2,2,0,0,0,4,4,3,0,12,9,2013,5,16,30,0,4,3,SR-66,,25,33.49168333,-81.84155278,0,12,6,0,8,1,0,1,1,1,0,1,0,0000000,16,34,16,48,17,15,0,0,0,1,0
45,450460,1,1,0,1,1,4,4,43,0,14,9,2013,7,23,35,1,2,2,US-17,CR-AMELIA DRIVE,0,33.39142222,-79.33978333,0,8,0,0,2,3,0,1,2,1,0,1,0,0000000,23,40,23,43,23,54,0,0,0,1,0
45,450461,1,1,0,0,0,2,2,11,0,15,9,2013,1,19,45,0,4,3,SR-41,,6,33.28595,-81.35060556,0,11,0,0,1,1,0,1,2,1,0,1,0,0000000,99,98,99,98,88,88,0,0,0,2,0
45,450462,2,2,0,0,0,2,2,45,0,19,9,2013,5,23,45,0,4,3,SR-263,,3,34.80558056,-82.44361667,0,12,2,0,1,1,0,1,2,1,0,1,0,0000000,99,99,99,99,99,99,0,0,0,1,1
45,450463,1,1,0,0,0,1,1,79,0,29,8,2013,5,11,24,1,1,1,I-26,,0,34.02675556,-81.10001944,0,52,0,0,5,1,0,3,1,1,0,1,0,0000000,88,88,88,88,88,88,0,0,0,1,0
45,450464,1,1,0,0,0,1,1,79,520,2,9,2013,2,15,45,1,2,2,US-21,SR-2027,0,33.99539722,-81.02320278,0,30,0,0,3,2,0,4,1,1,0,1,0,0000000,99,99,99,99,99,99,0,0,0,1,0
45,450465,2,2,0,0,0,3,3,3,1235,19,9,2013,5,8,33,0,3,3,SR-125,SR-308,0,33.33091111,-81.78342222,0,12,6,0,2,2,0,1,1,1,0,1,0,0000000,99,98,99,98,88,88,0,0,0,2,0
45,450466,1,1,0,0,0,1,1,29,0,22,9,2013,1,22,20,0,3,2,US-21,,10,32.84661389,-80.85010556,0,1,0,0,1,1,0,4,2,1,0,1,0,0000000,88,88,88,88,88,88,0,0,0,1,1
45,450467,1,1,0,0,0,5,5,27,0,6,9,2013,6,15,15,1,1,1,I-95,,106,33.56601944,-80.39057778,0,42,0,0,1,1,0,4,1,1,0,1,0,0000000,17,5,17,15,99,99,0,0,0,1,0
45,450468,1,1,0,0,0,2,2,7,0,16,9,2013,2,18,0,0,3,3,SR-24,,0,34.52656944,-82.78607222,0,52,0,0,1,1,0,4,1,1,0,1,0,0000000,18,26,18,36,18,53,0,0,0,1,0
45,450469,1,1,0,1,1,1,1,51,0,18,9,2013,4,17,45,0,3,3,SR-707,,0,33.68461944,-78.98681111,0,8,0,0,8,1,0,1,1,1,0,1,0,0000000,99,99,99,99,99,99,0,0,0,1,0
45,450470,1,1,0,0,0,2,2,45,0,19,9,2013,5,1,13,0,14,3,SR-21,,1,34.90425,-82.34283333,0,33,0,0,1,1,0,4,2,10,0,10,0,0000000,99,98,99,98,88,88,0,0,0,2,1
45,450471,1,1,0,0,0,1,1,79,520,24,9,2013,3,21,0,1,11,1,I-77,,14,34.02009722,-80.94694167,0,34,0,0,1,1,0,4,2,1,0,1,0,0000000,88,88,88,88,88,88,0,0,0,1,1
45,450472,1,1,0,0,0,2,2,79,0,18,6,2013,3,23,5,0,4,3,SR-1036,,0,34.08084722,-80.95713889,0,33,0,0,1,1,0,4,3,10,0,10,0,0000000,23,9,23,16,23,31,0,0,0,1,1
45,450473,2,2,0,0,0,7,7,81,0,2,9,2013,2,16,14,0,4,3,SR-75,SR-57,0,33.89854722,-81.63363889,0,12,6,0,2,2,0,1,1,1,0,1,0,0000000,99,99,99,99,99,99,0,0,0,1,0
45,450474,1,1,0,1,1,1,1,71,0,23,9,2013,2,18,35,0,2,3,SR-72,,24,34.50541111,-81.61636944,0,9,0,0,8,1,0,1,1,1,0,1,0,0000000,99,99,99,99,99,99,0,0,0,1,0
45,450475,1,1,0,0,0,1,1,79,0,29,6,2013,7,0,5,0,15,3,SR-126,,8,34.03946944,-81.05871667,0,42,0,0,1,1,0,4,2,1,0,1,0,0000000,88,88,88,88,88,88,0,0,0,1,1
45,450476,1,1,0,1,1,1,1,51,1730,10,7,2013,4,8,20,0,6,4,CR-NORTH OCEAN BLVD,CR-BEACH PLACE,0,33.72761944,-78.83546389,0,9,0,0,2,3,0,1,1,1,0,1,0,0000000,8,23,8,26,8,46,0,0,0,1,0
45,450477,1,1,0,1,1,2,2,79,0,7,8,2013,4,20,10,0,4,3,SR-83,,0,34.14480278,-80.91166944,0,8,0,0,1,1,0,2,2,1,0,1,0,0000000,99,98,99,98,88,88,0,0,0,1,0
45,450478,2,2,0,0,0,4,4,77,700,31,8,2013,7,19,32,0,14,3,SR-21,SR-135,10,34.83716111,-82.60976111,0,12,6,0,2,2,0,1,1,1,0,1,0,0000000,99,99,99,99,99,99,0,0,0,1,0
45,450479,1,1,0,0,0,1,1,89,0,23,9,2013,2,19,28,0,4,3,SR-248,,0,33.74785833,-79.85650278,0,42,0,0,1,1,0,4,1,1,0,1,0,0000000,88,88,88,88,88,88,0,0,0,1,1
45,450480,2,2,0,0,0,2,2,21,0,25,9,2013,4,18,50,0,15,3,SR-29,,8,35.05740833,-81.67900833,0,12,6,0,8,1,0,1,1,10,0,10,0,0000000,19,53,19,58,20,17,0,0,0,1,0
45,450481,1,1,0,1,1,1,1,19,875,24,9,2013,3,17,16,0,4,3,SR-242,SR-325,10,32.65975833,-79.93219167,0,9,0,0,2,2,0,1,1,1,0,1,0,0000000,17,16,17,25,99,99,0,0,0,1,0
45,450482,2,2,0,0,0,2,2,15,0,27,9,2013,6,6,50,0,4,3,SR-199,CR-DRAYTON AVE,0,32.97763611,-80.17295556,0,12,6,0,2,2,0,1,4,1,0,1,0,0000000,99,99,99,99,99,99,0,0,0,1,0
45,450483,2,2,0,0,0,2,2,87,0,27,9,2013,6,13,36,0,3,3,SR-49,,9,34.64641944,-81.82313611,0,12,2,0,1,1,0,1,1,1,0,1,0,0000000,13,37,13,57,99,99,0,0,0,1,0
45,450484,1,1,0,0,0,1,1,19,410,27,9,2013,6,20,30,0,15,3,SR-26,,25,32.77368056,-80.01178333,0,42,0,0,1,1,0,4,2,1,0,1,0,0000000,99,99,99,99,99,99,0,0,0,1,0
45,450485,1,1,0,1,1,1,1,79,0,16,9,2013,2,21,15,0,13,2,US-1,,11,34.08580278,-80.93551111,0,8,0,0,1,1,0,1,3,1,0,1,0,0000000,99,99,99,99,99,99,0,0,0,1,0
45,450486,2,2,0,0,0,2,2,7,0,19,9,2013,5,13,40,0,13,2,US-29,SR-28,14,34.47943611,-82.64832222,0,12,6,0,2,2,0,1,1,1,0,1,0,0000000,13,42,13,43,14,2,0,0,0,1,1
45,450487,1,1,0,0,0,2,2,63,0,28,9,2013,7,9,35,0,4,3,SR-261,,0,33.91608611,-81.46417222,0,34,0,0,1,1,0,4,1,1,0,1,0,0000000,99,99,99,99,99,99,0,0,0,1,1
45,450488,1,1,0,0,0,1,1,75,0,29,9,2013,1,0,25,0,4,3,SR-400,SR-339,18,33.45351944,-81.09556111,0,35,0,0,1,1,0,4,2,1,0,1,0,0000000,88,88,88,88,88,88,0,0,0,1,1
45,450489,1,1,0,0,0,2,2,25,0,29,9,2013,1,15,0,0,4,3,SR-31,,25,34.42933333,-80.24615278,0,34,0,0,1,1,0,4,1,1,0,1,0,0000000,99,99,99,99,99,99,0,0,0,1,1
45,450490,1,1,0,0,0,1,1,51,0,29,9,2013,1,2,50,0,4,3,SR-57,,5,33.90991111,-78.64887222,0,34,0,0,1,1,0,4,2,1,0,1,0,0000000,88,88,88,88,88,88,0,0,0,1,0
45,450491,1,1,0,0,0,2,2,55,0,21,9,2013,7,6,0,1,1,1,I-20,,104,34.20854722,-80.458,0,42,0,0,1,1,0,3,4,1,0,1,0,0000000,99,98,99,98,88,88,0,0,0,2,1
45,450492,1,1,0,0,0,3,3,45,0,10,9,2013,3,17,45,0,6,4,CR-N FLAT ROCK RD,,0,34.68721111,-82.41126389,0,42,0,0,1,1,0,4,1,1,0,1,0,0000000,99,99,99,99,99,99,0,0,0,1,0
45,450493,3,3,0,0,0,4,4,39,0,24,9,2013,3,12,37,0,4,2,US-21,CR-REEDS LANE,23,34.27759167,-80.95088056,0,12,1,0,2,3,0,1,1,1,0,1,0,0000000,12,37,12,44,13,23,0,0,0,1,0
45,450494,1,1,0,0,0,1,1,7,40,24,9,2013,3,19,25,0,4,3,SR-383,,0,34.51951111,-82.69330278,0,30,0,0,1,1,0,4,5,10,0,10,0,0000000,19,28,19,32,19,51,20,0,0,1,0
45,450495,1,1,0,1,1,2,2,43,0,5,10,2013,7,15,52,0,3,2,US-701,,0,33.43295,-79.27759444,0,8,0,0,1,1,0,1,1,1,0,1,0,0000000,15,59,16,0,99,99,0,0,0,1,0
45,450496,1,1,0,0,0,2,2,51,0,6,10,2013,1,7,45,0,3,2,US-501,,4,34.00859722,-79.21249167,0,11,0,0,1,1,0,1,1,1,0,1,0,0000000,7,53,7,58,8,36,0,0,0,1,0
45,450497,1,1,0,0,0,1,1,25,0,3,10,2013,5,19,45,0,6,4,CR-ISAAC RD,,0,34.60433333,-80.05550278,0,35,0,0,1,1,0,4,2,1,0,1,0,0000000,88,88,88,88,88,88,0,0,0,1,0
45,450498,1,1,0,0,0,1,1,7,0,3,10,2013,5,6,15,0,4,3,SR-252,,5,34.447375,-82.49703333,0,53,0,0,1,1,0,4,2,1,0,1,0,0000000,88,88,88,88,88,88,0,0,0,1,1
45,450499,2,1,1,0,0,1,1,19,875,5,10,2013,7,18,0,0,4,3,SR-242,SR-247,1,32.65684722,-79.93877778,0,14,0,0,3,2,0,5,1,1,0,1,0,0000000,99,99,99,99,99,99,0,0,0,1,1
45,450500,1,1,0,0,0,1,1,35,0,6,10,2013,1,17,45,0,4,3,SR-174,,0,33.02651667,-80.33846111,0,42,0,0,1,1,0,4,1,1,0,1,0,0000000,88,88,88,88,88,88,0,0,0,1,1
45,450501,1,1,0,1,1,1,1,19,410,23,4,2013,3,23,55,1,13,2,US-17,,30,32.78694167,-79.95415833,0,8,0,0,1,1,0,1,3,1,0,1,0,0000000,99,99,99,99,99,99,0,0,0,1,0
45,450502,1,1,0,0,0,1,1,15,985,3,8,2013,7,19,45,0,4,3,SR-1093,,0,33.01471111,-80.06357778,0,1,0,0,1,1,0,4,1,1,0,1,0,0000000,19,56,20,9,20,26,0,0,0,1,0