STATE,ST_CASE,VE_TOTAL,VE_FORMS,PVH_INVL,PEDS,PERNOTMVIT,PERMVIT,PERSONS,COUNTY,CITY,DAY,MONTH,YEAR,DAY_WEEK,HOUR,MINUTE,NHS,ROAD_FNC,ROUTE,TWAY_ID,TWAY_ID2,MILEPT,LATITUDE,LONGITUD,SP_JUR,HARM_EV,MAN_COLL,RELJCT1,RELJCT2,TYP_INT,WRK_ZONE,REL_ROAD,LGT_COND,WEATHER1,WEATHER2,WEATHER,SCH_BUS,RAIL,NOT_HOUR,NOT_MIN,ARR_HOUR,ARR_MIN,HOSP_HR,HOSP_MN,CF1,CF2,CF3,FATALS,DRUNK_DR
45,450503,1,1,0,0,0,1,1,45,0,8,9,2013,1,0,34,1,2,2,US-25,,0,35.05798056,-82.42702778,0,1,0,0,1,1,0,4,2,1,0,1,0,0000000,88,88,88,88,88,88,0,0,0,1,1
45,450504,2,2,0,0,0,2,2,15,0,30,9,2013,2,0,6,1,11,1,I-26,,203,33.01315556,-80.11491389,0,12,1,0,1,1,0,1,2,1,0,1,0,0000000,99,99,99,99,99,99,0,0,0,1,0
45,450505,3,3,0,0,0,4,4,19,1805,30,7,2013,3,19,25,1,11,1,I-526,,3,32.84188056,-80.01853333,0,12,6,0,1,1,0,1,1,1,0,1,0,0000000,19,29,19,35,20,1,0,0,0,1,0
45,450506,2,1,1,2,2,1,1,85,2550,23,8,2013,6,21,20,1,13,2,US-76,,3,33.93540556,-80.35708611,0,8,0,0,1,1,0,1,3,1,0,1,0,0000000,99,99,99,99,99,99,23,0,0,1,0
45,450507,1,1,0,0,0,3,3,33,1400,31,8,2013,7,18,59,0,6,4,CR-GRIFFIN DRIVE,,0,34.34869722,-79.47036389,0,34,0,0,1,1,0,4,1,1,0,1,0,0000000,19,4,19,6,99,99,20,0,0,2,0
45,450508,1,1,0,0,0,1,1,85,0,2,10,2013,4,7,20,0,4,3,SR-58,,18,33.94482222,-80.03828056,0,42,0,0,1,1,0,4,1,1,0,1,0,0000000,99,99,99,99,99,99,0,0,0,1,1
45,450509,2,2,0,0,0,4,4,51,0,4,10,2013,6,13,59,1,12,2,US-17,,11,33.71544444,-78.89401944,0,33,0,0,1,1,0,3,1,1,0,1,0,0000000,13,59,14,10,14,16,0,0,0,2,0
45,450510,2,2,0,0,0,2,2,35,0,6,10,2013,1,18,4,1,2,2,US-17,SR-13,0,32.98033889,-80.24115,0,12,6,0,2,3,0,1,1,10,0,10,0,0000000,18,4,18,8,18,18,0,0,0,1,0
45,450511,2,2,0,0,0,2,2,89,0,9,10,2013,4,13,9,0,3,3,SR-41,,0,33.4698,-79.56331944,0,12,2,0,1,1,0,1,1,1,0,1,0,0000000,99,99,99,99,99,99,0,0,0,1,0
45,450512,1,1,0,0,0,1,1,83,0,11,10,2013,6,6,7,0,4,3,SR-62,,6,34.83475556,-82.10302778,0,42,0,0,1,1,0,4,2,1,0,1,0,0000000,88,88,88,88,88,88,0,0,0,1,0
45,450513,2,2,0,0,0,2,2,35,0,10,8,2013,7,20,13,0,4,3,SR-233,,10,33.092275,-80.30951667,0,12,6,0,8,1,0,1,5,1,0,1,0,0000000,99,99,99,99,99,99,0,0,0,1,0
45,450514,1,1,0,1,1,1,1,83,0,19,8,2013,2,22,10,1,2,2,US-221,,0,34.70224444,-82.009175,0,9,0,0,1,1,0,1,2,1,0,1,0,0000000,99,99,99,99,99,99,0,0,0,1,0
45,450515,2,2,0,0,0,3,3,59,0,26,9,2013,5,20,20,1,2,2,US-76,,0,34.43709722,-81.82840833,0,12,1,0,1,1,0,1,2,1,0,1,0,0000000,20,25,20,38,21,11,0,0,0,1,0
45,450516,3,1,2,1,3,2,4,55,0,5,10,2013,7,23,26,1,2,2,US-521,,0,34.57148889,-80.61518056,0,8,0,0,1,1,0,1,2,1,0,1,0,0000000,99,99,99,99,99,99,23,14,0,1,0
45,450517,1,1,0,0,0,1,1,27,0,6,10,2013,1,23,47,1,1,1,I-95,,105,33.57021111,-80.38448611,0,42,0,0,1,1,0,3,2,1,0,1,0,0000000,88,88,88,88,88,88,0,0,0,1,1
45,450518,1,1,0,0,0,3,3,23,0,9,10,2013,4,23,31,0,3,3,SR-72,,23,34.77277222,-81.134025,0,30,0,0,1,1,0,4,2,1,0,1,0,0000000,99,99,99,99,99,99,0,0,0,1,1
45,450519,1,1,0,0,0,1,1,45,0,11,10,2013,6,16,55,0,3,3,SR-14,,0,34.97396667,-82.24046389,0,34,0,0,1,1,0,4,1,1,0,1,0,0000000,17,2,17,13,17,27,0,0,0,1,0
45,450520,2,2,0,0,0,2,2,7,0,12,10,2013,7,5,52,1,2,2,US-76,CR-LOCKE CIRCLE,0,34.47847222,-82.597275,0,12,6,0,2,3,0,1,2,1,0,1,0,0000000,6,58,7,8,7,25,0,0,0,1,1
45,450521,2,2,0,0,0,3,3,77,0,12,10,2013,7,2,30,0,14,3,SR-93,,15,34.80231111,-82.67228889,0,12,2,0,1,1,0,1,2,1,0,1,0,0000000,99,99,99,99,99,99,0,0,0,1,1
45,450522,2,2,0,0,0,4,4,7,0,12,10,2013,7,17,35,0,3,4,CR-SAM TURNER RD,,23,34.27399167,-82.71055278,0,12,2,0,1,1,0,1,1,1,0,1,0,0000000,17,35,17,37,99,99,0,0,0,1,0
45,450523,1,1,0,0,0,1,1,31,0,16,10,2013,4,20,19,0,9,3,SR-51,,1,34.45698889,-80.07552222,0,34,0,0,1,1,0,4,2,1,0,1,0,0000000,88,88,88,88,88,88,0,0,0,1,1
45,450524,2,2,0,0,0,2,2,31,0,16,10,2013,4,19,7,0,4,3,SR-30,,3,34.20130833,-79.91548056,0,12,6,0,8,1,0,1,5,1,0,1,0,0000000,99,99,99,99,99,99,0,0,0,1,0
45,450525,2,2,0,0,0,2,2,23,0,16,10,2013,4,9,4,0,3,3,SR-97,SR-202,4,34.78550556,-81.30910833,0,12,6,0,2,3,0,1,1,1,0,1,0,0000000,9,11,9,33,10,14,0,0,0,1,0
45,450526,2,2,0,0,0,3,3,7,0,20,9,2013,6,20,34,0,4,3,SR-187,SR-159,19,34.49901944,-82.77362222,0,12,2,0,3,3,0,1,2,1,0,1,0,0000000,99,99,99,99,99,99,0,0,0,1,0
45,450527,2,2,0,0,0,2,2,45,2380,26,9,2013,5,20,30,0,13,3,SR-14,,7,34.75580833,-82.268325,0,12,6,0,8,1,0,1,5,1,0,1,0,0000000,20,36,20,49,21,33,0,0,0,1,0
45,450528,1,1,0,0,0,1,1,79,0,8,10,2013,3,10,9,0,15,3,SR-262,,12,34.00633611,-80.74571944,0,35,0,0,1,1,0,4,1,10,0,10,0,0000000,99,99,99,99,99,99,0,0,0,1,1
45,450529,2,2,0,0,0,3,3,83,1060,11,10,2013,6,18,4,0,3,3,SR-290,,0,34.93483056,-82.20711111,0,12,2,0,1,1,0,1,1,1,0,1,0,0000000,99,99,99,99,99,99,0,0,0,1,0
45,450530,1,1,0,0,0,1,1,27,0,14,10,2013,2,2,0,0,4,3,SR-53,,3,33.85853611,-79.94935278,0,34,0,0,1,1,0,4,2,1,0,1,0,0000000,88,88,88,88,88,88,0,0,0,1,1
45,450531,2,2,0,0,0,3,3,3,0,17,10,2013,5,19,5,0,14,3,SR-4,SR-1346,1,33.55078889,-81.64848611,0,12,6,0,8,1,0,1,2,1,0,1,0,0000000,19,22,19,32,20,4,0,0,0,1,0
45,450532,1,1,0,1,1,1,1,45,1040,17,10,2013,5,19,46,1,2,2,US-276,,0,34.86490833,-82.40430556,0,8,0,0,1,1,0,1,3,1,0,1,0,0000000,99,99,99,99,99,99,0,0,0,1,0
45,450533,2,2,0,1,1,3,3,79,0,11,10,2013,6,20,25,0,4,3,SR-1051,,0,34.15398056,-80.93077778,0,8,0,0,1,1,0,1,2,1,0,1,0,0000000,99,99,99,99,99,99,0,0,0,1,0
45,450534,1,1,0,0,0,1,1,89,0,18,10,2013,6,3,30,0,9,3,SR-438,,23,33.65683611,-79.790475,0,35,0,0,1,1,0,4,2,1,0,1,0,0000000,88,88,88,88,88,88,0,0,0,1,1
45,450535,1,1,0,0,0,1,1,15,0,18,10,2013,6,9,30,0,9,3,SR-356,,0,33.10626111,-80.18768333,0,42,0,0,1,1,0,4,1,1,0,1,0,0000000,88,88,88,88,88,88,0,0,0,1,0
45,450536,1,1,0,0,0,2,2,7,0,19,10,2013,7,2,14,0,6,4,CR-MICHELIN BLVD,CR-WARNER RD,0,34.50453889,-82.69624167,0,33,0,0,1,1,0,4,2,1,0,1,0,0000000,99,99,99,99,99,99,0,0,0,1,1
45,450537,1,1,0,0,0,1,1,83,2780,20,10,2013,1,2,42,0,19,3,SR-563,,10,34.96088611,-82.11104444,0,42,0,0,1,1,0,4,2,1,0,1,0,0000000,99,99,99,99,99,99,0,0,0,1,1
45,450538,1,1,0,0,0,1,1,41,0,19,10,2013,7,6,35,0,4,3,SR-342,,0,34.23037778,-79.77298889,0,34,0,0,1,1,0,4,2,2,0,2,0,0000000,88,88,88,88,88,88,0,0,0,1,1
45,450539,3,2,1,1,1,3,3,43,0,22,10,2013,3,23,20,1,2,2,US-17,CR-CENTERMARSH LANE,0,33.44726667,-79.12111944,0,8,0,0,1,1,0,1,3,2,0,2,0,0000000,23,23,23,27,23,53,0,0,0,1,0
45,450540,2,2,0,0,0,7,7,51,1730,14,6,2013,6,23,35,1,2,2,US-17,CR-FAROW PARKWAY,0,33.68468056,-78.96002222,0,12,6,0,2,4,0,1,3,1,0,1,0,0000000,99,99,99,99,99,99,0,0,0,1,1
45,450541,1,1,0,0,0,2,2,29,0,10,9,2013,3,12,10,1,1,1,I-95,,62,33.01683611,-80.66597222,0,42,0,0,1,1,0,3,1,1,0,1,0,0000000,12,42,13,2,99,99,0,0,0,1,0
45,450542,1,1,0,0,0,3,3,19,410,12,9,2013,5,0,15,0,4,4,CR-HEADQUARTERS PLANTATION DR,,0,32.75166667,-80.02036667,0,35,0,0,1,1,0,4,2,1,0,1,0,0000000,99,98,99,98,88,88,0,0,0,3,1
45,450543,3,3,0,0,0,4,4,83,0,25,9,2013,4,18,46,1,11,1,I-85,,792,35.02685,-81.87322778,0,12,6,1,5,1,0,1,1,2,0,2,0,0000000,19,10,99,99,99,99,0,0,0,1,0
45,450544,2,2,0,0,0,2,2,71,0,26,9,2013,5,7,40,0,3,3,SR-42,,0,34.20985556,-81.55435278,0,12,2,0,1,1,0,1,1,1,0,1,1,0000000,99,99,99,99,99,99,0,0,0,1,1
45,450545,1,1,0,0,0,1,1,41,0,5,10,2013,7,17,15,0,3,3,SR-57,,129,34.07796944,-79.56148889,0,53,0,0,1,1,0,4,1,1,0,1,0,0000000,17,18,17,30,17,55,0,0,0,1,0
45,450546,2,2,0,0,0,2,2,91,900,12,10,2013,7,15,25,0,15,3,SR-36,SR-660,42,34.98413056,-80.92093333,0,12,6,0,2,3,0,1,1,10,0,10,0,0000000,99,99,99,99,99,99,0,0,0,1,0
45,450548,1,1,0,1,1,1,1,41,0,19,10,2013,7,23,0,0,3,3,SR-136,,46,34.09928333,-79.82146667,0,8,0,0,1,1,0,1,2,1,0,1,0,0000000,99,98,99,98,88,88,0,0,0,1,0
45,450549,1,1,0,0,0,1,1,75,0,20,10,2013,1,6,30,1,2,2,US-176,,0,33.35076389,-80.45455833,0,32,0,0,8,1,0,4,2,1,0,1,0,0000000,99,99,99,99,99,99,0,0,0,1,1
45,450550,2,2,0,0,0,2,2,79,0,20,10,2013,1,23,28,0,3,3,SR-1026,,0,34.07432778,-80.89646389,0,12,2,0,1,1,0,1,2,1,0,1,0,0000000,99,99,99,99,99,99,0,0,0,1,1
45,450551,2,2,0,0,0,3,3,21,930,21,10,2013,2,7,20,0,4,3,SR-91,,0,35.07713333,-81.645375,0,12,2,0,1,1,0,1,1,1,0,1,0,0000000,8,22,8,25,8,52,0,0,0,1,0
45,450552,1,1,0,0,0,1,1,41,0,21,10,2013,2,21,30,0,3,3,SR-193,,0,34.20931667,-79.80733889,0,34,0,0,1,1,0,4,2,1,0,1,0,0000000,88,88,88,88,88,88,0,0,0,1,0
45,450553,1,1,0,0,0,2,2,75,0,21,10,2013,2,4,40,1,1,1,I-26,,1542,33.47625278,-80.75313333,0,42,0,0,1,1,0,4,2,1,0,1,0,0000000,99,98,99,98,88,88,0,0,0,2,0
45,450554,2,2,0,0,0,2,2,43,0,24,10,2013,5,7,18,1,2,2,US-17,SR-362,318,33.4965,-79.08588056,0,12,6,0,2,2,0,1,1,1,0,1,0,0000000,7,25,7,27,7,39,0,0,0,1,0
45,450555,2,2,0,0,0,6,6,15,0,27,10,2013,1,18,40,0,3,3,SR-41,CR-SOUTH HAMPTON RD,125,33.112575,-79.79334167,0,12,6,0,2,2,0,1,1,1,0,1,0,0000000,99,99,99,99,99,99,0,0,0,2,0
45,450556,1,1,0,1,1,1,1,29,0,28,10,2013,2,6,0,0,3,3,SR-21,,19,32.94410278,-80.61696944,0,8,0,0,1,1,0,1,2,1,0,1,0,0000000,99,98,99,98,88,88,0,0,0,1,0
45,450557,1,1,0,0,0,1,1,11,0,28,10,2013,2,7,30,0,3,3,SR-125,,105,33.14650556,-81.63016389,0,30,0,0,1,1,0,4,4,2,0,2,0,0000000,88,88,88,88,88,88,0,0,0,1,0
45,450558,2,2,0,0,0,3,3,63,0,29,10,2013,3,6,45,0,3,3,SR-34,SR-279,151,33.86790833,-81.28633056,0,12,6,0,8,1,0,1,2,1,0,1,0,0000000,7,47,7,54,8,40,0,0,0,1,0
45,450559,2,2,0,0,0,6,6,35,0,24,8,2013,7,23,30,1,2,2,US-17,,0,32.95375,-80.302975,0,12,7,0,1,1,0,1,2,1,0,1,0,0000000,99,99,99,99,99,99,0,0,0,1,0
45,450560,3,3,0,0,0,3,3,35,0,3,10,2013,5,3,15,1,2,2,US-78,SR-22,299,33.07097222,-80.25234722,0,12,1,0,2,2,0,1,2,1,0,1,0,0000000,99,99,99,99,99,99,0,0,0,1,2
45,450561,1,1,0,0,0,1,1,29,0,21,10,2013,2,4,48,0,3,3,SR-50,,68,33.03489167,-80.7016,0,32,0,0,1,1,0,4,2,10,0,10,0,0000000,88,88,88,88,88,88,0,0,0,1,0
45,450562,3,3,0,0,0,4,4,63,0,23,10,2013,4,10,2,0,3,3,SR-204,,0,33.97618889,-81.30053611,0,12,8,0,1,1,0,1,1,1,0,1,0,0000000,11,2,11,25,99,99,0,0,0,1,0
45,450563,1,1,0,0,0,4,4,53,0,26,10,2013,7,9,10,0,9,3,SR-442,,0,32.31151944,-80.97966667,0,1,0,0,1,1,0,4,1,1,0,1,0,0000000,99,99,99,99,99,99,0,0,0,1,1
45,450564,1,1,0,0,0,3,3,71,0,26,10,2013,7,20,16,0,3,3,SR-66,,0,34.453,-81.70608889,0,35,0,0,1,1,0,4,2,1,0,1,0,0000000,20,28,21,6,21,41,0,0,0,2,1
45,450565,1,1,0,1,1,2,2,7,40,4,10,2013,6,23,48,1,13,2,US-76,,117,34.53871389,-82.66743889,0,8,0,0,1,1,0,1,3,1,0,1,0,0000000,99,99,99,99,99,99,0,0,0,1,0
45,450566,1,1,0,0,0,1,1,45,1040,23,10,2013,4,17,1,0,6,4,CR-HIG VALLEY BLVD,,0,34.80378889,-82.41388056,0,59,0,0,1,1,0,4,1,1,0,1,0,0000000,17,1,17,3,17,22,0,0,0,1,1
45,450567,1,1,0,0,0,2,2,7,0,29,10,2013,3,12,10,1,11,1,I-85,,389,34.75379722,-82.47742222,0,25,0,0,1,1,0,3,1,1,0,1,0,0000000,99,99,99,99,99,99,0,0,0,1,0
45,450568,2,2,0,0,0,3,3,67,1630,3,5,2013,6,14,40,1,2,2,US-76,US-501,125,34.18718333,-79.34090278,0,12,6,0,2,3,0,1,1,2,0,2,0,0000000,14,23,14,30,14,51,0,0,0,1,0
45,450569,2,2,0,0,0,6,6,47,1050,27,9,2013,6,23,40,0,3,3,SR-225,SR-148,31,34.15812222,-82.17573333,0,12,6,1,2,2,0,1,3,1,0,1,0,0000000,99,99,99,99,99,99,0,0,0,1,0
45,450570,1,1,0,0,0,2,2,9,0,9,10,2013,4,23,30,0,3,3,SR-22,,0,33.21760278,-81.15278889,0,30,0,0,1,1,0,4,2,1,0,1,0,0000000,99,99,99,99,99,99,0,0,0,2,1
45,450571,2,2,0,0,0,3,3,51,0,29,10,2013,3,15,0,1,13,3,SR-9,CR-GATEWAY DRIVE,376,33.87284167,-78.67515,0,12,6,0,8,1,0,1,1,1,0,1,0,0000000,15,9,15,12,15,23,0,0,0,1,0
45,450572,1,1,0,1,1,1,1,15,0,30,10,2013,4,19,40,0,15,3,SR-62,,35,33.015425,-80.08840833,0,8,0,0,1,1,0,1,2,1,0,1,0,0000000,99,99,99,99,99,99,0,0,0,1,0
45,450573,1,1,0,1,1,1,1,79,0,1,11,2013,6,20,30,0,14,3,SR-52,,6,34.10116389,-80.85346944,0,8,0,0,1,1,0,1,2,2,0,2,0,0000000,99,99,99,99,99,99,0,0,0,1,0
45,450574,2,2,0,0,0,2,2,91,0,2,11,2013,7,15,10,0,3,2,US-321,,257,35.14989167,-81.21253889,0,12,7,0,8,1,0,1,1,10,0,10,0,0000000,15,12,15,19,99,99,0,0,0,1,0
45,450575,1,1,0,0,0,1,1,31,0,2,11,2013,7,21,10,0,9,3,SR-10,,35,34.3965,-79.98921944,0,42,0,0,1,1,0,5,2,1,0,1,0,0000000,88,88,88,88,88,88,0,0,0,1,0
45,450576,1,1,0,0,0,1,1,39,0,2,11,2013,7,21,25,0,3,3,SR-70,,9,34.34429167,-81.12361389,0,59,0,0,1,1,0,4,2,1,0,1,0,0000000,99,99,99,99,99,99,0,0,0,1,1
45,450577,2,2,0,0,0,3,3,75,0,3,11,2013,1,16,40,0,3,2,US-301,SR-793,175,33.48016389,-80.82200556,0,12,6,0,8,1,0,1,1,1,0,1,0,0000000,16,45,16,59,17,31,0,0,0,1,1
45,450578,2,2,0,0,0,4,4,83,0,6,11,2013,4,19,55,0,3,3,SR-55,,33,35.15115278,-81.97724444,0,12,6,0,1,1,0,1,1,1,0,1,0,0000000,99,99,99,99,99,99,0,0,0,1,1
45,450579,1,1,0,0,0,1,1,55,0,6,11,2013,4,9,20,1,2,2,US-1,,343,34.40765556,-80.35800556,0,34,0,0,8,1,0,4,1,1,0,1,0,0000000,88,88,88,88,88,88,0,0,0,1,0
45,450580,2,2,0,0,0,2,2,53,0,6,11,2013,4,17,30,1,2,2,US-17,,0,32.10373611,-81.08667778,0,12,2,0,1,1,0,1,2,1,0,1,0,0000000,99,99,99,99,99,99,0,0,0,2,0
45,450581,1,1,0,0,0,1,1,31,0,7,11,2013,5,22,45,0,9,3,SR-53,,18,34.36979444,-80.16070556,0,1,0,0,1,1,0,4,2,1,0,1,0,0000000,88,88,88,88,88,88,0,0,0,1,1
45,450583,2,1,1,0,0,3,3,79,0,24,5,2013,6,2,10,0,6,4,CR-SHALLOW BROOK RD,,0,34.10606111,-80.86414167,0,14,0,0,1,1,0,7,3,1,0,1,0,0000000,99,99,99,99,99,99,0,0,0,1,1
45,450584,1,1,0,0,0,1,1,27,0,8,8,2013,5,11,50,0,6,4,CR-PLAYERS COURSE DRIVE,,0,33.58724167,-80.22471111,0,1,0,0,1,1,0,4,1,1,0,1,0,0000000,99,99,99,99,99,99,0,0,0,1,0
45,450585,1,1,0,0,0,1,1,85,2550,2,8,2013,6,20,0,0,15,3,SR-227,,15,33.91304722,-80.37529167,0,30,0,0,1,1,0,4,1,1,0,1,0,0000000,88,88,88,88,88,88,0,0,0,1,0
45,450586,2,2,0,0,0,2,2,91,0,19,8,2013,2,13,20,0,13,3,SR-274,SR-161,33,34.99035,-81.10051389,0,12,1,0,2,2,0,1,1,2,0,2,0,0000000,99,99,99,99,99,99,0,0,0,1,0
45,450587,2,2,0,0,0,2,2,91,2200,26,8,2013,2,16,5,0,13,2,US-21,CR-TECHPARK BLVD,99,34.93308056,-80.99578333,0,12,6,0,2,2,0,1,1,1,0,1,0,0000000,99,98,99,98,99,98,0,0,0,1,1
45,450588,1,1,0,0,0,2,2,91,2200,28,8,2013,4,18,0,0,3,3,SR-122,CR-FARGO STREET,0,34.94552222,-81.043275,0,42,0,0,1,1,0,4,1,1,0,1,0,0000000,18,13,18,16,19,1,0,0,0,1,1
45,450589,1,1,0,1,1,2,2,91,2200,7,9,2013,7,22,26,0,13,2,US-21,,90,34.91806111,-80.99383333,0,8,0,0,1,1,0,1,2,1,0,1,0,0000000,22,26,22,42,22,51,0,0,0,1,0
45,450590,1,1,0,0,0,1,1,19,410,7,9,2013,7,23,46,0,6,4,CR-FORT JOHNSON RD,,0,32.73014722,-79.93373889,0,1,0,0,1,1,0,4,3,1,0,1,0,0000000,99,99,99,99,99,99,0,0,0,1,1
45,450591,2,2,0,0,0,4,4,71,0,15,9,2013,1,18,6,1,1,1,I-26,,853,34.21696389,-81.40133611,0,12,7,0,1,1,0,1,1,1,0,1,0,0000000,99,99,99,99,99,99,0,0,0,1,1
45,450592,2,2,0,0,0,22,22,59,480,27,9,2013,6,7,35,0,3,3,SR-72,,0,34.48231389,-81.87305833,0,12,2,0,1,1,0,1,1,1,0,1,1,0000000,7,57,8,24,9,2,0,0,0,1,0
45,450593,3,3,0,0,0,4,4,21,0,3,10,2013,5,17,10,1,1,1,I-85,,1057,35.16485278,-81.45034167,0,12,6,0,1,1,0,1,1,1,0,1,0,0000000,99,99,99,99,99,99,0,0,0,1,0
45,450594,2,2,0,0,0,2,2,7,2000,4,10,2013,6,15,20,0,6,4,CR-BELMINA STREET,,0,34.653975,-82.779075,0,12,2,0,1,1,0,1,1,1,0,1,1,0000000,99,99,99,99,99,99,0,0,0,1,0
45,450595,3,3,0,0,0,3,3,79,0,19,10,2013,7,21,43,0,14,3,SR-222,,33,33.94684722,-80.90261389,0,1,0,0,1,1,0,1,2,1,0,1,0,0000000,99,99,99,99,99,99,0,0,0,1,1
45,450596,2,2,0,0,0,2,2,45,0,19,10,2013,7,22,48,0,15,3,SR-87,,21,34.89227778,-82.44826389,0,12,1,0,1,1,0,1,2,1,0,1,0,0000000,99,98,99,98,99,98,0,0,0,1,0
45,450597,3,1,2,1,1,1,1,13,240,23,10,2013,4,13,9,1,2,2,US-278,,0,32.28929444,-80.92606389,0,18,0,0,1,1,1,3,1,1,0,1,0,0000000,99,99,99,99,99,99,14,0,0,1,0
45,450598,1,1,0,0,0,1,1,53,1080,24,10,2013,5,10,14,1,1,1,I-95,,81,32.42608611,-81.00351111,0,42,0,0,1,1,0,3,1,1,0,1,0,0000000,10,16,10,24,10,55,0,0,0,1,0
45,450599,1,1,0,0,0,2,2,15,0,25,10,2013,6,13,40,1,11,1,I-26,,1979,33.04768611,-80.15818333,0,42,0,0,1,1,0,3,1,1,0,1,0,0000000,99,99,99,99,99,99,0,0,0,1,0
45,450600,2,2,0,0,0,2,2,45,0,25,10,2013,6,6,20,1,2,2,US-25,,0,34.50603889,-82.29710278,0,12,6,0,1,1,0,1,2,1,0,1,0,0000000,99,99,99,99,99,99,0,0,0,1,1
45,450602,1,1,0,1,1,1,1,83,2460,31,10,2013,5,21,30,0,15,3,SR-494,,3,34.95269167,-81.89317778,0,8,0,0,1,1,0,1,3,10,0,10,0,0000000,21,32,21,39,22,1,0,0,0,1,0
45,450603,1,1,0,1,1,1,1,63,0,1,11,2013,6,19,8,0,3,3,SR-273,,0,34.03295278,-81.12444722,0,8,0,0,1,1,0,1,2,2,0,2,0,0000000,99,98,99,98,99,98,0,0,0,1,0
45,450604,1,1,0,1,1,1,1,7,0,1,11,2013,6,3,50,0,3,3,SR-247,,0,34.44855833,-82.57813333,0,8,0,0,1,1,0,1,2,1,0,1,0,0000000,99,99,99,99,99,99,0,0,0,1,0
45,450605,3,3,0,0,0,3,3,19,1316,4,11,2013,2,17,45,1,2,2,US-78,SR-CRAVEN RD,0,32.99192778,-80.10431667,0,12,6,0,2,3,0,1,1,10,0,10,0,0000000,99,99,99,99,99,99,0,0,0,1,0
45,450606,2,2,0,0,0,2,2,79,0,5,11,2013,3,18,25,1,2,2,US-76,SR-263,453,33.94361389,-80.64777222,0,12,6,0,2,3,0,1,1,10,0,10,0,0000000,99,98,99,98,99,98,0,0,0,1,1
45,450607,1,1,0,1,1,1,1,19,410,6,11,2013,4,6,10,1,2,2,US-17,,0,32.79838611,-80.08894444,0,8,0,0,1,1,0,1,4,1,0,1,0,0000000,99,99,99,99,99,99,0,0,0,1,0
45,450608,1,1,0,1,1,1,1,27,0,7,11,2013,5,16,1,1,1,1,I-95,,1220,33.74020556,-80.20743056,0,8,0,0,1,1,0,4,1,1,0,1,0,0000000,16,5,16,14,99,99,0,0,0,1,0
45,450609,1,1,0,0,0,2,2,85,0,9,11,2013,7,8,18,0,3,3,SR-261,,0,33.73831389,-80.35694167,0,34,0,0,1,1,0,4,1,1,0,1,0,0000000,8,20,8,35,99,99,0,0,0,1,1
45,450610,1,1,0,0,0,1,1,7,0,10,11,2013,1,11,55,0,3,3,SR-81,,0,34.74805,-82.50221389,0,1,0,0,1,1,0,1,1,1,0,1,0,0000000,99,99,99,99,99,99,0,0,0,1,0
45,450611,1,1,0,0,0,1,1,63,0,10,11,2013,1,23,24,0,3,3,SR-302,,0,33.78841111,-81.23404722,0,38,0,0,1,1,0,5,2,1,0,1,0,0000000,23,24,23,27,0,8,0,0,0,1,1
45,450612,1,1,0,0,0,1,1,83,1060,11,11,2013,2,6,15,0,13,2,US-29,CR-HAMPTON RD,4,34.94755278,-82.21409444,0,30,0,0,3,2,0,4,4,1,0,1,0,0000000,88,88,88,88,88,88,0,0,0,1,0
45,450613,1,1,0,1,1,1,1,75,0,13,11,2013,4,18,25,1,2,2,US-301,,129,33.48055556,-80.89658056,0,9,0,0,1,1,0,1,2,1,0,1,0,0000000,99,99,99,99,99,99,0,0,0,1,0
45,450614,1,1,0,0,0,1,1,45,0,14,11,2013,5,2,0,0,3,3,SR-347,,0,34.88519444,-82.29023611,0,34,0,0,1,1,0,4,2,1,0,1,0,0000000,88,88,88,88,88,88,0,0,0,1,1
45,450615,1,1,0,0,0,2,2,63,0,14,11,2013,5,2,45,0,3,3,SR-34,,125,33.85638889,-81.32840833,0,38,0,0,1,1,0,5,2,1,0,1,0,0000000,99,98,99,98,99,98,0,0,0,2,1
45,450616,1,1,0,0,0,1,1,45,1040,15,11,2013,6,4,6,0,6,4,CR-OLD SULPHUR SPRINGS,,0,34.82339722,-82.32058333,0,31,0,0,1,1,0,5,2,1,0,1,0,0000000,88,88,88,88,88,88,0,0,0,1,1
45,450617,1,1,0,1,1,2,2,75,2290,16,11,2013,7,18,35,0,3,3,SR-6,,96,33.48431944,-80.46923056,0,8,0,0,1,1,0,1,3,1,0,1,0,0000000,99,98,99,98,99,98,0,0,0,1,0
45,450618,1,1,0,0,0,1,1,83,0,16,11,2013,7,1,55,1,2,2,US-42,,0,35.05056944,-81.88765,0,42,0,0,1,1,0,4,2,1,0,1,0,0000000,88,88,88,88,88,88,0,0,0,1,1
45,450619,1,1,0,0,0,1,1,79,0,16,11,2013,7,15,45,1,11,1,I-20,,651,34.04216667,-81.08693056,0,24,0,0,1,1,0,4,1,1,0,1,0,0000000,88,88,88,88,88,88,0,0,0,1,1
45,450620,1,1,0,0,0,1,1,31,0,16,11,2013,7,22,48,0,9,3,SR-51,,16,34.47409444,-80.07553889,0,34,0,0,1,1,0,5,2,1,0,1,0,0000000,88,88,88,88,88,88,0,0,0,1,1
45,450621,1,1,0,1,1,6,6,31,600,19,11,2013,3,17,49,1,13,2,US-52,SR-218,43,34.28501111,-79.87248889,0,8,0,0,2,2,0,1,5,1,0,1,0,0000000,99,99,99,99,99,99,0,0,0,1,0