STATE,ST_CASE,VE_TOTAL,VE_FORMS,PVH_INVL,PEDS,PERNOTMVIT,PERMVIT,PERSONS,COUNTY,CITY,DAY,MONTH,YEAR,DAY_WEEK,HOUR,MINUTE,NHS,ROAD_FNC,ROUTE,TWAY_ID,TWAY_ID2,MILEPT,LATITUDE,LONGITUD,SP_JUR,HARM_EV,MAN_COLL,RELJCT1,RELJCT2,TYP_INT,WRK_ZONE,REL_ROAD,LGT_COND,WEATHER1,WEATHER2,WEATHER,SCH_BUS,RAIL,NOT_HOUR,NOT_MIN,ARR_HOUR,ARR_MIN,HOSP_HR,HOSP_MN,CF1,CF2,CF3,FATALS,DRUNK_DR
45,450622,1,1,0,0,0,1,1,77,0,20,11,2013,4,23,0,0,3,3,SR-11,,190,35.0557,-82.61332222,0,42,0,0,1,1,0,5,2,1,0,1,0,0000000,88,88,88,88,88,88,0,0,0,1,1
45,450623,1,1,0,0,0,1,1,45,0,20,11,2013,4,8,55,0,6,4,CR-MOON ACRES RD,,0,34.72225833,-82.38176389,0,42,0,0,1,1,0,5,1,1,0,1,0,0000000,88,88,88,88,88,88,0,0,0,1,1
45,450624,1,1,0,0,0,1,1,63,0,21,11,2013,5,0,1,0,4,3,SR-486,,14,34.00473889,-81.33195,0,34,0,0,1,1,0,5,2,1,0,1,0,0000000,88,88,88,88,88,88,0,0,0,1,1
45,450625,1,1,0,0,0,2,2,41,0,22,11,2013,6,20,20,0,9,3,SR-49,,6,33.85852778,-79.54703889,0,30,0,0,1,1,0,4,2,1,0,1,0,0000000,20,33,20,45,21,27,0,0,0,1,0
45,450626,2,2,0,0,0,2,2,27,0,23,11,2013,7,6,15,1,1,1,I-95,,1096,33.59975,-80.32850833,0,12,2,0,1,1,0,1,2,1,0,1,0,0000000,99,99,99,99,99,99,0,0,0,1,1
45,450627,1,1,0,0,0,2,2,43,0,23,11,2013,7,23,10,0,3,3,SR-36,,0,33.64821111,-79.18435833,0,34,0,0,1,1,0,4,2,1,0,1,0,0000000,99,99,99,99,99,99,0,0,0,1,1
45,450628,1,1,0,0,0,1,1,91,0,28,11,2013,5,12,18,1,11,1,I-77,,853,35.012075,-80.97001389,0,35,0,0,1,1,0,5,1,1,0,1,0,0000000,88,88,88,88,88,88,0,0,0,1,0
45,450629,1,1,0,0,0,1,1,39,0,30,11,2013,7,15,8,0,5,3,SR-43,,23,34.31436389,-80.87598333,0,42,0,0,1,1,0,4,1,1,0,1,0,0000000,99,99,99,99,99,99,0,0,0,1,1
45,450630,1,1,0,0,0,1,1,75,0,30,11,2013,7,6,55,0,3,3,SR-3,,72,33.55769444,-81.244325,0,34,0,0,1,1,0,5,4,1,0,1,0,0000000,88,88,88,88,88,88,0,0,0,1,0
45,450631,1,1,0,0,0,1,1,45,0,3,12,2013,3,9,30,0,3,3,SR-52,,0,34.67144722,-82.44591111,0,42,0,0,1,1,0,5,1,10,0,10,0,0000000,88,88,88,88,88,88,0,0,0,1,0
45,450632,2,2,0,0,0,2,2,7,0,3,12,2013,3,12,50,0,3,3,SR-247,,18,34.475525,-82.60478333,0,12,6,0,8,1,0,1,1,10,0,10,0,0000000,12,54,13,0,13,21,0,0,0,1,0
45,450633,1,1,0,0,0,1,1,41,870,4,12,2013,4,4,16,0,15,3,SR-588,,0,34.14593889,-79.77888889,0,34,0,0,1,1,0,4,3,2,0,2,0,0000000,88,88,88,88,88,88,0,0,0,1,1
45,450634,2,2,0,0,0,2,2,7,0,7,12,2013,7,7,55,0,3,3,SR-94,,0,34.79928333,-82.52366667,0,12,2,0,1,1,0,1,1,10,0,10,0,0000000,99,99,99,99,99,99,0,0,0,1,0
45,450635,1,1,0,0,0,1,1,43,0,9,12,2013,2,23,35,0,3,3,SR-22,,28,33.40091111,-79.47977778,0,34,0,0,1,1,0,4,2,5,0,5,0,0000000,88,88,88,88,88,88,0,0,0,1,1
45,450636,1,1,0,0,0,1,1,51,1730,12,9,2013,5,2,1,0,6,4,CR-FARROW PARKWAY,,0,33.66426389,-78.93836944,0,33,0,0,1,1,0,3,3,1,0,1,0,0000000,2,1,2,7,2,26,0,0,0,1,1
45,450637,1,1,0,0,0,1,1,51,1730,2,11,2013,7,15,50,0,6,4,CR-OCEAN BLVD,,0,33.73015278,-78.83237778,0,33,0,0,1,1,0,4,1,1,0,1,0,0000000,15,55,16,0,16,14,0,0,0,1,0
45,450638,1,1,0,0,0,1,1,25,420,4,11,2013,2,18,30,0,3,3,SR-603,,0,34.69809722,-79.91692222,0,19,0,0,1,1,0,4,2,1,0,1,0,0000000,99,99,99,99,99,99,0,0,0,1,0
45,450639,2,2,0,0,0,4,4,69,160,4,11,2013,2,7,28,0,15,3,SR-53,,7,34.60294444,-79.68674722,0,12,1,0,1,1,0,1,1,1,0,1,0,0000000,99,99,99,99,99,99,0,0,0,1,0
45,450640,2,2,0,0,0,3,3,51,1730,6,11,2013,4,15,53,0,3,3,SR-196,SR-121,0,33.68850556,-78.88995556,0,12,6,0,2,2,0,1,1,1,0,1,0,0000000,15,53,15,54,16,27,0,0,0,1,0
45,450641,1,1,0,0,0,1,1,47,0,20,11,2013,4,5,15,0,3,3,SR-271,,13,34.25219722,-82.10938056,0,53,0,0,1,1,0,4,2,1,0,1,0,0000000,99,99,99,99,99,99,0,0,0,1,0
45,450643,1,1,0,1,1,1,1,19,410,8,12,2013,1,3,0,0,14,3,SR-61,,60,32.838025,-80.05030833,0,8,0,0,1,1,0,1,2,2,0,2,0,0000000,99,99,99,99,99,99,0,0,0,1,0
45,450644,1,1,0,0,0,1,1,41,0,16,4,2013,3,22,15,0,3,3,SR-13,,0,34.15577222,-79.65871389,0,1,0,0,1,1,0,5,2,1,0,1,0,0000000,22,20,22,28,22,54,0,0,0,1,0
45,450645,1,1,0,2,2,1,1,79,520,23,6,2013,1,21,8,0,6,4,CR-UNION STREET,,0,34.02191389,-81.04795556,0,8,0,0,1,1,0,1,5,1,0,1,0,0000000,21,8,21,16,21,26,0,0,0,1,0
45,450646,2,2,0,0,0,5,5,51,0,30,6,2013,1,13,15,0,3,3,SR-19,SR-97,54,33.95060833,-78.94770833,0,12,6,0,2,2,0,1,1,10,0,10,0,0000000,13,29,13,42,14,14,0,0,0,1,0
45,450647,1,1,0,0,0,1,1,23,0,11,8,2013,1,19,0,0,9,3,SR-75,,21,34.56184444,-80.94225,0,53,0,0,1,1,0,5,1,1,0,1,0,0000000,99,99,99,99,99,99,0,0,0,1,1
45,450648,3,3,0,0,0,5,5,79,520,14,8,2013,4,22,50,1,13,2,US-76,SR-760,243,33.99129167,-80.97601389,0,12,6,0,2,2,0,1,3,1,0,1,0,0000000,99,99,99,99,99,99,0,0,0,1,1
45,450649,1,1,0,2,2,2,2,51,0,3,9,2013,3,3,13,0,3,3,SR-1121,,0,33.78368889,-79.009375,0,8,0,0,1,1,0,1,2,1,0,1,0,0000000,3,17,3,23,3,35,0,0,0,1,0
45,450650,2,2,0,0,0,2,2,19,1805,19,9,2013,5,0,59,0,3,3,SR-76,SR-1120,0,32.97876944,-80.130675,0,12,6,0,2,7,0,1,3,1,0,1,0,0000000,99,99,99,99,99,99,0,0,0,1,0
45,450651,1,1,0,1,1,1,1,19,1805,3,10,2013,5,20,58,0,13,3,SR-642,CR-OLIVIA DRIVE,44,32.85771389,-80.04398611,0,8,0,0,1,1,0,1,3,1,0,1,0,0000000,20,58,21,2,21,14,0,0,0,1,0
45,450652,2,2,0,0,0,2,2,79,0,11,10,2013,6,16,50,1,11,1,I-20,,735,34.07393611,-80.95816944,0,12,1,0,1,1,0,1,1,1,0,1,0,0000000,99,99,99,99,99,99,0,0,0,1,0
45,450653,1,1,0,1,1,1,1,19,1710,18,10,2013,6,13,10,0,9,3,SR-1063,,0,32.79531667,-79.86112778,0,8,0,0,1,1,0,1,1,1,0,1,0,0000000,99,99,99,99,99,99,0,0,0,1,0
45,450654,2,2,0,0,0,3,3,19,1805,18,10,2013,6,18,33,0,3,3,SR-13,,0,32.90046944,-80.0042,0,12,2,0,1,1,0,3,5,2,0,2,0,0000000,99,99,99,99,99,99,0,0,0,1,1
45,450655,1,1,0,1,1,1,1,51,1730,7,7,2013,1,23,32,0,15,3,SR-1315,,9,33.69946667,-78.91043889,0,8,0,0,1,1,0,1,3,1,0,1,0,0000000,99,99,99,99,99,99,0,0,0,1,0
45,450656,1,1,0,1,1,1,1,51,1730,12,8,2013,2,22,50,1,13,2,US-501,,323,33.70244167,-78.90493056,0,8,0,0,1,1,0,1,3,1,0,1,0,0000000,99,98,99,98,99,98,0,0,0,1,1
45,450658,2,2,0,0,0,2,2,45,0,28,10,2013,2,9,51,0,6,4,CR-JONESVILLE RD,CR-BRUCE MEADOW RD,0,34.78581944,-82.20628889,0,12,6,0,2,3,0,1,1,1,0,1,0,0000000,9,51,9,59,10,30,0,0,0,1,0
45,450659,2,2,0,0,0,4,4,75,0,2,11,2013,7,1,0,0,3,3,SR-1032,,2,33.51094167,-80.89581111,0,12,6,0,8,1,0,1,3,1,0,1,0,0000000,99,99,99,99,99,99,0,0,0,1,1
45,450660,2,2,0,0,0,6,6,67,0,4,11,2013,2,14,8,0,3,3,SR-202,,0,34.17025833,-79.30829722,0,34,0,0,1,1,0,5,1,1,0,1,0,0000000,14,12,14,19,14,35,0,0,0,1,1
45,450661,1,1,0,0,0,1,1,79,520,14,11,2013,5,4,50,0,14,3,SR-262,CR-PEYTON RD,8,33.97596389,-80.946275,0,30,0,0,3,3,0,4,1,1,0,1,0,0000000,4,50,4,55,5,48,0,0,0,1,0
45,450662,3,3,0,0,0,5,5,79,0,14,11,2013,5,12,3,0,14,2,US-76,,28,34.14059444,-81.26029722,0,12,8,0,1,1,0,1,1,1,0,1,0,0000000,99,99,99,99,99,99,0,0,0,1,0
45,450663,1,1,0,0,0,1,1,19,1805,18,11,2013,2,23,28,1,13,2,US-78,,80,32.97425278,-80.05898333,0,24,0,0,1,1,0,4,2,1,0,1,0,0000000,99,99,99,99,99,99,0,0,0,1,1
45,450664,1,1,0,0,0,1,1,17,0,24,11,2013,1,8,20,0,9,3,SR-43,,30,33.65299444,-80.69779167,0,42,0,0,1,1,0,4,1,1,0,1,0,0000000,99,99,99,99,99,99,0,0,0,1,0
45,450665,1,1,0,1,1,1,1,45,1040,29,11,2013,6,9,2,0,9,4,CR-MARSHALL CT,,30,34.80890556,-82.37139167,0,8,0,0,1,1,0,1,1,1,0,1,0,0000000,99,98,99,98,99,98,0,0,0,1,0
45,450666,1,1,0,0,0,1,1,51,0,2,12,2013,2,15,13,0,6,4,CR-LINCOLN HEIGHTS,,0,33.85765556,-78.671475,0,43,0,0,1,1,0,4,1,10,0,10,0,0000000,88,88,88,88,88,88,0,0,0,1,0
45,450667,1,1,0,1,1,4,4,13,0,2,12,2013,2,15,52,0,3,3,SR-170,,0,32.27025,-80.95275,0,9,0,0,1,1,0,1,1,1,0,1,0,0000000,15,52,15,53,16,34,0,0,0,1,0
45,450669,3,3,0,1,1,3,3,83,1550,5,12,2013,5,22,20,0,13,2,US-29,,45,34.95554722,-82.14317222,0,8,0,0,1,1,0,1,3,2,0,2,0,0000000,99,99,99,99,99,99,0,0,0,1,0
45,450670,2,2,0,0,0,3,3,69,0,10,12,2013,3,16,25,0,3,2,US-15,SR-438,215,34.68679167,-79.53521944,0,12,6,0,2,3,0,1,1,1,0,1,0,0000000,16,35,17,5,17,30,0,0,0,1,0
45,450671,1,1,0,0,0,1,1,35,0,10,12,2013,3,6,25,0,3,3,SR-642,CR-LINCOLN BLVD,0,32.90861944,-80.09880833,0,1,0,0,3,2,0,1,2,10,0,10,0,0000000,6,33,6,37,7,4,0,0,0,1,0
45,450672,2,2,0,0,0,3,3,51,0,10,12,2013,3,12,5,1,13,2,US-17,SR-1240,37,33.62120556,-79.00374722,0,12,6,0,2,2,0,1,1,1,0,1,0,0000000,12,5,12,9,12,53,0,0,0,1,0
45,450673,2,2,0,1,1,2,2,19,1805,10,12,2013,3,20,0,0,15,3,SR-280,SR-2312,7,32.92350833,-80.04911111,0,12,6,0,3,3,0,1,3,1,0,1,0,0000000,99,98,99,98,99,98,0,0,0,1,0
45,450674,2,2,0,0,0,2,2,43,0,11,12,2013,4,11,49,0,3,3,SR-51,SR-739,119,33.54921944,-79.4069,0,12,2,0,2,3,0,1,1,1,0,1,0,0000000,99,99,99,99,99,99,0,0,0,1,0
45,450675,1,1,0,0,0,1,1,13,0,12,12,2013,5,20,25,0,3,3,SR-40,,0,32.43382222,-80.77063333,0,34,0,0,1,1,0,4,2,1,0,1,0,0000000,88,88,88,88,88,88,0,0,0,1,1
45,450676,1,1,0,1,1,1,1,83,0,13,12,2013,6,0,50,0,6,4,CR-ANITA DRIVE,,0,34.91926944,-81.89935556,0,8,0,0,1,1,0,1,2,1,0,1,0,0000000,99,99,99,99,99,99,0,0,0,1,0
45,450677,1,1,0,0,0,1,1,89,0,14,12,2013,7,4,20,0,5,3,SR-79,,23,33.62133889,-79.96744444,0,35,0,0,1,1,0,4,2,1,0,1,0,0000000,88,88,88,88,88,88,0,0,0,1,0
45,450678,1,1,0,0,0,1,1,55,0,21,12,2013,7,17,33,0,4,3,SR-15,,127,34.29185278,-80.49140556,0,1,0,0,1,1,0,2,2,1,0,1,0,0000000,99,99,99,99,99,99,0,0,0,1,1
45,450679,1,1,0,0,0,2,2,39,0,21,12,2013,7,17,30,0,3,3,SR-215,,0,34.44863889,-81.30202778,0,42,0,0,1,1,0,6,1,1,0,1,0,0000000,17,30,17,31,18,28,0,0,0,1,1
45,450680,1,1,0,0,0,3,3,45,2380,24,12,2013,3,21,18,0,6,4,CR-HUNTERS WOODS DRIVE,,0,34.7138,-82.258775,0,53,0,0,1,1,0,4,3,1,0,1,0,0000000,99,99,99,99,99,99,0,0,0,2,0
45,450681,1,1,0,0,0,2,2,91,2200,26,12,2013,5,12,5,0,3,3,SR-626,,0,34.99702222,-81.22289444,0,35,0,0,1,1,0,4,1,1,0,1,0,0000000,99,99,99,99,99,99,0,0,0,1,0
45,450682,3,3,0,0,0,4,4,45,0,30,12,2013,2,22,40,0,4,3,SR-55,CR-NEELY FERRY RD,59,34.67871944,-82.25657778,0,12,2,0,1,1,0,1,2,1,0,1,0,0000000,99,99,99,99,99,99,0,0,0,2,1
45,450683,2,2,0,0,0,2,2,25,0,4,11,2013,2,14,30,0,5,3,SR-53,SR-105,44,34.80704722,-80.48582222,0,12,6,0,2,7,0,1,1,1,0,1,0,0000000,99,99,99,99,99,99,0,0,0,1,0
45,450684,2,2,0,0,0,3,3,45,0,10,11,2013,1,6,50,1,13,2,US-25,,327,34.907125,-82.46068611,0,12,2,0,1,1,0,1,1,1,0,1,0,0000000,99,98,99,98,99,98,0,0,0,1,0
45,450685,1,1,0,1,1,1,1,63,0,10,11,2013,1,22,15,1,11,1,I-26,,1113,33.97789167,-81.10617778,0,8,0,0,1,1,4,1,2,1,0,1,0,0000000,22,15,22,26,22,41,0,0,0,1,0
45,450686,2,2,0,0,0,2,2,63,0,2,12,2013,2,14,25,0,6,4,CR-12TH STREET EXT,,0,33.92659444,-81.04234444,0,12,2,0,1,1,0,1,1,1,0,1,0,0000000,14,25,14,26,15,3,0,0,0,1,0
45,450687,2,1,1,0,0,3,3,75,0,4,12,2013,4,22,46,0,15,3,SR-29,SR-678,4,33.50223889,-80.8352,0,14,0,0,3,3,0,5,2,5,0,5,0,0000000,99,99,99,99,99,99,0,0,0,1,1
45,450688,1,1,0,0,0,1,1,27,0,6,12,2013,6,0,30,0,6,3,SR-211,,0,33.62770833,-80.10984167,0,42,0,0,1,1,0,4,2,1,0,1,0,0000000,88,88,88,88,88,88,0,0,0,1,1
45,450689,2,2,0,0,0,2,2,63,0,6,12,2013,6,7,48,0,6,3,SR-104,,0,33.936725,-81.19065833,0,12,2,0,1,1,0,1,1,1,0,1,0,0000000,99,99,99,99,99,99,0,0,0,1,0
45,450690,1,1,0,1,1,2,2,45,0,8,12,2013,1,0,1,1,2,2,US-25,,0,34.82199722,-82.44592778,0,8,0,0,1,1,0,1,2,10,0,10,0,0000000,99,98,99,98,99,98,0,0,0,1,0
45,450691,1,1,0,0,0,1,1,61,0,13,12,2013,6,22,25,0,4,3,SR-17,,20,34.32494722,-80.24921389,0,34,0,0,1,1,0,4,2,1,0,1,0,0000000,88,88,88,88,88,88,0,0,0,1,1
45,450692,1,1,0,0,0,1,1,79,0,16,12,2013,2,20,0,0,5,3,SR-1790,,41,33.99875278,-80.78247222,0,53,0,0,1,1,0,4,2,1,0,1,0,0000000,88,88,88,88,88,88,0,0,0,1,1
45,450693,2,2,0,0,0,2,2,79,0,17,12,2013,3,17,24,0,15,3,SR-1051,,16,34.16043611,-80.92906389,0,12,6,0,8,1,0,1,1,1,0,1,0,0000000,17,24,17,32,18,4,0,0,0,1,0
45,450694,2,2,0,0,0,2,2,41,0,17,12,2013,3,21,31,1,2,2,US-52,,163,34.058775,-79.75773611,0,12,1,0,1,1,0,1,2,1,0,1,0,0000000,99,98,99,98,99,98,0,0,0,1,0
45,450695,1,1,0,1,1,1,1,85,2550,19,10,2013,7,23,40,0,6,3,SR-1435,,0,33.90396667,-80.35327222,0,8,0,0,1,1,0,1,2,10,0,10,0,0000000,99,99,99,99,99,99,0,0,0,1,1
45,450696,1,1,0,1,1,1,1,29,0,10,8,2013,7,4,30,1,2,2,US-17,,0,32.92509722,-80.60381111,0,8,0,0,1,1,0,1,2,1,0,1,0,0000000,99,98,99,98,99,98,0,0,0,1,0
45,450697,1,1,0,1,1,1,1,79,520,18,11,2013,2,20,14,1,13,2,US-76,,274,33.95932778,-80.93925,0,8,0,0,1,1,0,1,2,1,0,1,0,0000000,99,98,99,98,99,98,0,0,0,1,0
45,450698,2,2,0,0,0,3,3,83,0,14,12,2013,7,12,42,0,3,3,SR-50,,0,34.82228889,-81.92391944,0,12,2,0,1,1,0,1,1,2,0,2,0,0000000,99,99,99,99,99,99,0,0,0,1,0
45,450699,1,1,0,1,1,2,2,45,0,21,12,2013,7,18,42,0,3,3,SR-291,,0,34.88728056,-82.38868333,0,8,0,0,1,1,0,1,3,10,0,10,0,0000000,99,98,99,98,99,98,0,0,0,1,0
45,450700,1,1,0,0,0,1,1,91,0,22,12,2013,1,0,20,0,4,3,SR-274,SR-557,175,35.15160278,-81.091075,0,35,0,0,3,3,0,5,2,10,0,10,0,0000000,88,88,88,88,88,88,0,0,0,1,1
45,450701,2,2,0,0,0,7,7,33,620,7,7,2013,1,19,13,0,14,2,US-301,SR-78,103,34.41481389,-79.37233333,0,12,6,0,2,2,0,1,1,10,0,10,0,0000000,19,14,19,19,19,40,0,0,0,1,0
45,450702,2,2,0,0,0,3,3,29,0,22,12,2013,1,11,35,0,3,3,SR-63,,40,32.90639722,-80.91083889,0,12,2,0,1,1,0,2,1,1,0,1,0,0000000,11,39,12,5,12,46,0,0,0,1,0
45,450703,2,2,0,0,0,3,3,49,0,24,12,2013,3,21,0,1,1,1,I-95,,388,32.72848889,-80.849975,0,12,1,0,1,1,0,1,2,1,0,1,0,0000000,99,99,99,99,99,99,0,0,0,1,0
45,450704,1,1,0,0,0,1,1,51,1730,24,12,2013,3,3,55,1,2,2,US-17,,0,33.65178611,-78.93553333,0,1,0,0,1,1,0,3,2,2,0,2,0,0000000,3,55,4,9,4,20,20,0,0,1,1
45,450705,4,4,0,0,0,5,5,3,20,24,12,2013,3,12,7,0,14,3,SR-302,SR-509,129,33.52585,-81.71318889,0,12,7,0,3,3,0,1,1,1,0,1,0,0000000,12,15,12,18,12,48,20,0,0,1,0
45,450706,1,1,0,0,0,1,1,59,0,25,12,2013,4,18,5,0,3,3,SR-66,SR-24,0,34.43333333,-81.74397778,0,59,0,0,3,3,0,5,2,1,0,1,0,0000000,18,10,18,27,19,17,0,0,0,1,1
45,450707,1,1,0,0,0,1,1,71,0,26,12,2013,5,10,45,0,3,3,SR-587,,0,34.10048889,-81.51217222,0,42,0,0,1,1,0,4,1,1,0,1,0,0000000,88,88,88,88,88,88,0,0,0,1,0
45,450708,1,1,0,0,0,1,1,63,0,27,12,2013,6,20,30,1,11,1,I-26,,1113,33.97735833,-81.10583611,0,1,0,0,1,1,0,5,1,1,0,1,0,0000000,88,88,88,88,88,88,0,0,0,1,0
45,450709,2,2,0,0,0,3,3,31,0,28,12,2013,7,14,15,0,3,3,SR-23,SR-51,139,34.44038333,-80.073475,0,12,6,0,2,2,0,1,1,1,0,1,0,0000000,14,32,14,42,15,24,0,0,0,1,0
45,450710,1,1,0,1,1,1,1,13,1145,3,11,2013,1,2,45,0,3,3,SR-243,,0,32.13719444,-80.76378611,0,8,0,0,1,1,0,1,2,1,0,1,0,0000000,99,98,99,98,99,98,0,0,0,1,0
45,450711,1,1,0,1,1,1,1,19,1805,30,12,2013,2,17,50,0,3,3,SR-642,,0,32.91368611,-80.10688056,0,8,0,0,1,1,0,2,5,1,0,1,0,0000000,99,99,99,99,99,99,0,0,0,1,0
45,450712,1,1,0,0,0,2,2,51,0,31,12,2013,3,0,5,0,9,3,SR-1010,,15,33.90221389,-79.101375,0,34,0,0,1,1,0,4,2,1,0,1,0,0000000,99,99,99,99,99,99,0,0,0,1,1
45,450713,2,2,0,0,0,2,2,23,0,31,12,2013,3,16,44,0,3,3,SR-97,,355,34.59201944,-80.93041111,0,12,6,0,8,1,0,1,5,1,0,1,0,0000000,99,98,99,98,99,98,0,0,0,1,0
45,450714,1,1,0,0,0,3,3,21,0,31,12,2013,3,20,12,0,3,3,SR-18,,3,34.94068333,-81.62601111,0,35,0,0,1,1,0,4,2,1,0,1,0,0000000,99,99,99,99,99,99,0,0,0,1,0
45,450715,1,1,0,1,1,1,1,3,0,14,12,2013,7,23,58,0,3,3,SR-19,,54,33.45415833,-81.68676944,0,8,0,0,1,1,0,1,2,1,0,1,0,0000000,99,98,99,98,88,88,0,0,0,1,0
45,450716,3,3,0,0,0,3,3,45,1634,23,12,2013,2,9,11,0,3,3,SR-107,,0,34.77718611,-82.31288333,0,12,6,0,1,1,0,1,1,2,0,2,0,0000000,99,99,99,99,99,99,0,0,0,1,0
45,450717,4,4,0,0,0,5,5,75,0,2,9,2013,2,19,0,0,3,2,US-21,,22,33.21298333,-80.80832778,0,12,2,0,1,1,0,1,1,1,0,1,0,0000000,99,99,99,99,99,99,0,0,0,2,3
45,450718,1,1,0,0,0,1,1,83,0,22,9,2013,1,16,45,0,6,4,CR-SNOW MILL DRIVE,,0,34.85426667,-82.12788056,0,34,0,0,1,1,0,5,1,1,0,1,0,0000000,99,99,99,99,99,99,0,0,0,1,0
45,450720,2,2,0,0,0,2,2,75,0,20,12,2013,6,5,20,1,2,2,US-301,,54,33.396625,-80.97588889,0,12,2,0,1,1,0,1,2,1,0,1,0,0000000,99,99,99,99,99,99,0,0,0,1,1
45,450721,1,1,0,0,0,1,1,85,1640,23,9,2013,2,2,20,0,4,3,SR-1,US-76,1,33.9895,-80.20185833,0,59,0,0,1,1,0,4,3,1,0,1,0,0000000,99,99,99,99,99,99,0,0,0,1,1
45,450722,1,1,0,1,1,2,2,47,1050,1,10,2013,3,20,58,0,3,3,SR-25,,0,34.18555278,-82.15856667,0,8,0,0,1,1,0,1,2,1,0,1,0,0000000,99,99,99,99,99,99,0,0,0,1,0
45,450723,1,1,0,1,1,1,1,79,1220,21,12,2013,7,20,18,0,4,2,US-176,,87,34.13872222,-81.23168056,0,8,0,0,1,1,0,1,2,1,0,1,0,0000000,99,98,99,98,88,88,0,0,0,1,0
45,450724,2,2,0,0,0,2,2,57,0,26,12,2013,5,19,25,0,3,2,US-521,,402,34.95531667,-80.85278889,0,12,1,0,1,1,0,1,3,1,0,1,0,0000000,99,99,99,99,99,99,23,0,0,1,0
45,450725,1,1,0,0,0,1,1,75,0,27,12,2013,6,17,57,0,3,3,SR-6,,254,33.38675,-80.25261944,0,42,0,0,1,1,0,4,2,1,0,1,0,0000000,88,88,88,88,88,88,0,0,0,1,0
45,450726,2,2,0,0,0,5,5,45,910,19,7,2013,6,21,11,0,6,4,CR-WESTON STREET,,0,34.69799722,-82.20257778,0,12,1,0,1,1,0,1,5,1,0,1,0,0000000,99,99,99,99,99,99,0,0,0,1,0
45,450727,3,3,0,0,0,4,4,35,0,16,11,2013,7,1,0,0,3,3,SR-642,CR-TRUMP STREET,0,32.92768056,-80.12951667,0,12,6,0,2,2,0,1,2,10,0,10,0,0000000,99,98,99,98,88,88,0,0,0,1,1
45,450728,2,2,0,0,0,3,3,13,240,19,11,2013,3,21,44,1,2,2,US-278,,73,32.264325,-80.85708333,0,12,6,0,1,1,0,1,2,1,0,1,0,0000000,99,99,99,99,99,99,0,0,0,1,1
45,450729,1,1,0,0,0,4,4,73,0,29,11,2013,6,3,30,0,3,3,SR-24,,0,34.60538056,-83.03573611,0,35,0,0,1,1,0,4,2,1,0,1,0,0000000,3,36,3,45,4,25,20,0,0,1,1
45,450730,1,1,0,0,0,1,1,45,1060,3,10,2013,5,20,57,0,6,4,CR-CCC CAMP RD,,0,34.96538333,-82.23256944,0,31,0,0,1,1,0,4,2,1,0,1,0,0000000,88,88,88,88,88,88,20,0,0,1,1
45,450731,1,1,0,0,0,2,2,79,520,24,3,2013,1,5,20,0,3,3,SR-1534,,0,33.95990556,-80.96308056,0,42,0,0,1,1,0,5,6,2,0,2,0,0000000,99,99,99,99,99,99,0,0,0,1,1
45,450732,1,1,0,0,0,2,2,19,410,29,5,2013,4,2,0,0,3,3,SR-636,,0,32.68609722,-80.30004444,0,1,0,0,1,1,0,5,2,1,0,1,0,0000000,99,98,99,98,88,88,0,0,0,2,0
45,450733,1,1,0,0,0,1,1,63,1430,20,8,2013,3,11,52,0,14,3,SR-166,,9,33.97144444,-81.08641944,0,30,0,0,1,1,0,4,1,1,0,1,0,0000000,88,88,88,88,88,88,0,0,0,1,0
45,450734,2,2,0,0,0,3,3,25,420,8,3,2013,6,15,34,0,15,3,SR-146,SR-9,0,34.69336944,-79.90988889,0,12,6,0,3,2,0,1,1,1,0,1,0,0000000,99,99,99,99,99,99,0,0,0,1,0
45,450735,1,1,0,0,0,2,2,51,540,22,6,2013,7,5,38,0,3,3,SR-378,,0,33.84190556,-79.08183333,0,1,0,0,1,1,0,4,4,1,0,1,0,0000000,99,99,99,99,99,99,0,0,0,1,1
45,450736,1,1,0,0,0,1,1,91,0,6,8,2013,3,6,0,0,9,3,SR-11,,0,35.05484722,-81.383425,0,42,0,0,1,1,0,4,4,2,0,2,0,0000000,99,99,99,99,99,99,0,0,0,1,0
46,460001,2,2,0,0,0,2,2,111,0,9,1,2013,4,17,14,0,2,3,SR-34 W,,3376,44.01614167,-98.10038333,0,12,1,0,1,1,0,1,5,1,0,1,0,0000000,99,99,99,97,99,97,0,0,0,1,0
46,460002,1,1,0,0,0,5,5,99,2450,10,1,2013,5,22,11,0,16,6,W OAK ST,S HOLLY AVE,0,43.52576667,-96.75491111,0,42,0,0,3,3,0,4,3,10,0,10,0,0000000,22,12,22,18,22,33,0,0,0,1,1
46,460003,1,1,0,0,0,2,2,3,0,20,1,2013,1,23,36,1,1,1,I-90 W,,3082,43.70179444,-98.47672222,0,30,0,0,1,1,0,4,2,1,0,1,0,0000000,23,36,23,48,88,88,0,0,0,1,0
46,460004,7,6,1,0,0,10,10,99,2450,14,2,2013,5,11,50,0,13,6,W 41ST ST,S MINNESOTA AVE,0,43.51487222,-96.73121389,0,12,1,0,3,2,0,1,1,1,0,1,0,0000000,11,51,11,58,12,20,0,0,0,1,0