STATE,ST_CASE,VE_TOTAL,VE_FORMS,PVH_INVL,PEDS,PERNOTMVIT,PERMVIT,PERSONS,COUNTY,CITY,DAY,MONTH,YEAR,DAY_WEEK,HOUR,MINUTE,NHS,ROAD_FNC,ROUTE,TWAY_ID,TWAY_ID2,MILEPT,LATITUDE,LONGITUD,SP_JUR,HARM_EV,MAN_COLL,RELJCT1,RELJCT2,TYP_INT,WRK_ZONE,REL_ROAD,LGT_COND,WEATHER1,WEATHER2,WEATHER,SCH_BUS,RAIL,NOT_HOUR,NOT_MIN,ARR_HOUR,ARR_MIN,HOSP_HR,HOSP_MN,CF1,CF2,CF3,FATALS,DRUNK_DR
46,460005,2,2,0,0,0,2,2,121,0,2,3,2013,7,2,51,1,2,2,US-83,285TH ST,198,43.26186667,-100.651525,3,12,2,0,3,3,0,1,2,10,0,10,0,0000000,3,5,3,18,3,49,0,0,0,1,0
46,460006,2,1,1,0,1,1,2,59,0,14,2,2013,5,12,56,1,2,2,US-212,,2860,44.89699167,-98.93140833,0,45,0,0,1,1,2,1,1,11,6,11,0,0000000,99,99,99,99,99,99,0,0,0,1,1
46,460007,2,2,0,0,0,2,2,53,0,22,2,2013,6,9,52,1,2,2,US-18,299TH ST,3072,43.06766389,-98.92703611,0,12,2,0,3,4,0,1,1,1,0,1,0,0000000,9,54,9,58,88,88,0,0,0,1,0
46,460008,1,1,0,0,0,4,4,99,0,23,2,2013,7,17,13,1,1,1,I-90 E,,3940,43.60853611,-96.81847222,0,24,0,0,1,1,0,3,1,1,0,1,0,0000000,17,20,17,28,17,44,0,0,0,4,0
46,460009,1,1,0,0,0,1,1,85,0,24,2,2013,1,23,20,1,1,1,I-90 W,,2253,43.89879167,-100.0650639,0,52,0,0,1,1,0,3,2,1,0,1,0,0000000,23,23,23,32,88,88,0,0,0,1,0
46,460010,1,1,0,0,0,1,1,47,0,7,3,2013,5,6,14,1,2,2,US-18,,745,43.18910556,-103.0063083,0,1,0,0,1,1,0,4,4,1,0,1,0,0000000,88,88,88,88,88,88,0,0,0,1,1
46,460011,1,1,0,0,0,1,1,63,0,12,3,2013,3,4,0,0,4,3,SR-79,,2210,45.78840833,-102.984025,0,1,0,0,1,1,0,4,2,1,0,1,0,0000000,4,25,5,19,6,10,0,0,0,1,0
46,460012,1,1,0,0,0,1,1,37,2870,13,3,2013,4,13,5,0,16,5,3RD ST,,0,45.32745556,-97.30995556,0,10,0,0,6,1,0,1,1,1,0,1,0,393683C,13,12,13,23,13,49,0,0,0,1,0
46,460013,3,3,0,0,0,5,5,11,0,10,3,2013,1,14,59,1,2,2,US-14,,4249,44.31134167,-96.69915833,0,12,6,0,1,1,0,1,1,4,11,4,0,0000000,15,3,15,14,15,41,0,0,0,1,0
46,460014,2,2,0,0,0,3,3,11,0,16,3,2013,7,19,24,0,4,4,CR-204TH ST,CR-464TH AVE,0,44.42788611,-96.92708889,0,12,6,0,2,2,0,1,1,10,0,10,0,0000000,19,24,19,41,20,20,0,0,0,1,0
46,460015,1,1,0,0,0,4,4,113,0,23,2,2013,7,14,52,0,6,4,CR-BIA25,,0,43.43050556,-102.2127056,3,1,0,0,1,1,0,4,1,1,0,1,0,0000000,99,99,99,99,99,99,0,0,0,2,0
46,460016,2,2,0,0,0,2,2,87,0,21,3,2013,5,8,6,0,3,3,SR-42,447TH AVE,3393,43.54343611,-97.26799444,0,12,6,0,2,2,0,1,4,10,0,10,0,0000000,88,88,88,88,88,88,0,0,0,1,0
46,460017,1,1,0,0,0,1,1,85,0,30,3,2013,7,16,0,0,4,4,CR-MEDICINE BULL MEMORIAL HWY,,0,44.05902222,-99.56752222,3,1,0,0,1,1,0,4,9,1,0,1,0,0000000,88,88,88,88,88,88,0,0,0,1,0
46,460018,1,1,0,0,0,1,1,99,750,7,4,2013,1,13,52,0,6,5,FOURTH ST,,0,43.82320833,-96.70438333,0,33,0,0,1,1,0,4,1,10,0,10,0,0000000,13,54,14,3,14,12,0,0,0,1,0
46,460019,2,2,0,0,0,2,2,75,0,31,3,2013,1,23,33,1,2,2,US-83,,581,43.74949167,-100.6827917,0,12,2,0,1,1,0,1,2,1,0,1,0,0000000,23,35,23,48,0,10,0,0,0,1,0
46,460020,2,2,0,0,0,2,2,83,0,19,4,2013,6,13,15,0,3,3,SR-46,SR-11,3725,43.08363333,-96.62800556,0,12,6,0,2,2,0,1,1,1,0,1,0,0000000,13,24,13,27,99,99,0,0,0,1,0
46,460021,2,2,0,0,0,3,3,59,0,25,4,2013,5,14,38,0,3,3,SR-45,215TH ST,942,44.26891667,-98.98363889,0,12,6,0,2,2,0,1,1,1,0,1,0,0000000,14,41,15,10,15,28,0,0,0,1,0
46,460022,1,1,0,0,0,4,4,81,0,26,4,2013,6,22,41,0,6,4,CR-HOMESTAKE RD,,0,44.51755,-104.0060056,0,31,0,0,1,1,0,4,2,1,0,1,0,0000000,22,42,23,0,23,58,0,0,0,1,1
46,460023,1,1,0,0,0,1,1,93,0,27,4,2013,7,12,47,1,1,1,I-90 W,,458,44.22802222,-103.3834333,0,1,0,0,1,1,0,4,1,1,0,1,0,0000000,12,49,12,56,13,26,0,0,0,1,0
46,460024,1,1,0,1,1,1,1,109,0,9,4,2013,3,3,0,0,3,3,SR-127,,2160,45.69965278,-97.02011389,3,8,0,0,1,1,0,1,2,1,0,1,0,0000000,88,88,88,88,88,88,0,0,0,1,0
46,460025,1,1,0,1,1,1,1,135,0,3,5,2013,6,3,45,0,4,4,CR-WHITING DR,,0,42.89806944,-97.34474444,0,8,0,0,1,1,0,1,2,1,0,1,0,0000000,3,48,99,97,99,97,0,0,0,1,0
46,460026,1,1,0,0,0,1,1,11,0,3,5,2013,6,10,50,0,6,4,CR-472ND AVE,,0,44.40226667,-96.76726667,0,1,0,0,1,1,0,4,1,1,0,1,0,0000000,10,50,10,59,88,88,0,0,0,1,0
46,460027,2,2,0,0,0,7,7,103,0,7,5,2013,3,15,33,1,1,1,I-90 E,,545,44.12796111,-103.2771583,0,12,7,0,1,1,0,1,1,1,0,1,0,0000000,15,56,16,8,16,29,0,0,0,1,0
46,460028,2,2,0,0,0,3,3,41,0,8,5,2013,4,17,15,1,2,2,US-212,,1837,45.13186111,-100.7151167,3,12,6,0,4,1,0,1,1,1,0,1,0,0000000,88,88,88,88,88,88,0,0,0,2,0
46,460029,1,1,0,0,0,1,1,47,0,5,5,2013,1,8,50,1,2,2,US-18,,550,43.27439167,-103.3086611,0,59,0,0,1,1,0,4,1,1,0,1,0,0000000,8,52,9,6,9,46,0,0,0,1,0
46,460030,1,1,0,0,0,1,1,51,0,22,5,2013,4,20,45,0,4,4,CR-472ND AVE,,0,45.26173889,-96.76038889,0,35,0,0,1,1,0,4,2,2,0,2,0,0000000,88,88,88,88,88,88,0,0,0,1,1
46,460031,2,2,0,0,0,2,2,21,0,24,5,2013,6,9,28,1,2,2,US-83,,2394,45.92339167,-100.0691861,0,12,2,0,1,1,0,1,1,1,0,1,0,0000000,9,29,9,41,99,99,0,0,0,1,0
46,460032,1,1,0,0,0,2,2,31,0,2,6,2013,1,11,57,0,4,4,CR-110TH ST,,0,45.80398889,-100.525175,3,1,0,0,1,1,0,4,1,1,0,1,0,0000000,88,88,88,88,88,88,0,0,0,2,0
46,460033,1,1,0,0,0,1,1,37,0,2,6,2013,1,14,15,1,2,2,US-12W,,3397,45.34116111,-97.5726,1,17,0,0,1,1,0,4,1,1,0,1,0,0000000,14,17,14,25,88,88,0,0,0,1,0
46,460034,2,2,0,0,0,4,4,9,0,7,6,2013,6,10,0,1,2,3,SR-50,306TH ST,3660,42.95179167,-97.683325,0,12,1,0,2,3,0,1,1,1,0,1,0,0000000,10,0,10,6,99,99,0,0,0,1,0
46,460035,2,2,0,0,0,2,2,13,0,12,6,2013,4,7,43,0,3,3,SR-10,,3041,45.79168889,-98.090275,0,12,2,0,1,1,0,1,1,2,10,2,0,0000000,7,48,8,0,8,27,0,0,0,1,0
46,460036,1,1,0,0,0,1,1,93,0,7,6,2013,6,18,30,0,4,4,CR-ELK CREEK RD,,0,44.22843333,-103.3373556,0,1,0,0,1,1,0,4,1,1,0,1,0,0000000,18,36,18,44,19,29,0,0,0,1,0
46,460037,1,1,0,0,0,1,1,81,0,21,6,2013,6,3,15,1,1,1,I-90 W,,118,44.49847222,-103.8530417,0,1,0,0,1,1,0,4,2,1,0,1,0,0000000,3,24,3,32,88,88,0,0,0,1,1
46,460038,1,1,0,0,0,2,2,113,0,2,3,2013,7,3,37,0,6,4,CR-BEER RUN CONNECTOR RD,,0,43.14108611,-102.128725,3,1,0,0,1,1,0,4,2,1,0,1,0,0000000,99,99,99,99,99,99,0,0,0,1,1
46,460039,2,2,0,0,0,4,4,83,0,2,6,2013,1,15,40,0,4,4,CR-273RD ST,CR-479TH AVE,0,43.43137778,-96.63542778,0,12,1,0,2,3,0,1,1,1,0,1,0,0000000,15,44,15,56,16,49,0,0,0,1,1
46,460040,1,1,0,0,0,1,1,93,255,22,6,2013,7,1,12,0,6,4,CR-QUALL RD,,0,44.18409444,-103.3225694,0,35,0,0,1,1,0,4,2,10,0,10,0,0000000,1,16,1,32,88,88,0,0,0,1,1
46,460041,3,3,0,0,0,4,4,9,0,3,7,2013,4,22,6,1,2,3,SR-50,,3512,42.99565833,-97.96066667,0,12,7,0,1,1,0,1,2,1,0,1,0,0000000,88,88,88,88,88,88,14,0,0,1,1
46,460042,1,1,0,0,0,2,2,99,2450,2,7,2013,3,2,49,0,14,6,W 26TH ST,S KIWANIS AVE,0,43.52939722,-96.761225,0,33,0,0,3,3,0,4,3,1,0,1,0,0000000,2,49,2,55,3,5,0,0,0,1,1
46,460043,3,1,2,2,2,1,1,23,2140,8,7,2013,2,20,44,1,2,2,US-18,SR-46,3328,43.07110833,-98.52996667,0,8,0,0,3,3,0,4,1,1,0,1,0,0000000,20,50,21,0,21,21,0,0,0,2,1
46,460044,1,1,0,0,0,1,1,99,2305,8,7,2013,2,21,58,0,4,4,CR-258TH ST,,0,43.64540556,-96.73733056,0,11,0,0,1,1,0,1,2,1,0,1,0,0000000,22,1,22,13,88,88,0,0,0,1,0
46,460045,1,1,0,0,0,3,3,137,0,11,7,2013,5,2,50,0,3,3,SR-63,,1551,44.83606111,-101.2799222,3,1,0,0,1,1,0,4,2,1,0,1,0,0000000,99,99,99,99,99,99,20,0,0,2,1
46,460046,1,1,0,0,0,2,2,3,0,11,7,2013,5,9,15,1,1,1,I-90 W,,2935,43.73578333,-98.76916944,0,31,0,0,1,1,0,4,1,10,0,10,0,0000000,99,99,99,99,99,99,0,0,0,1,0
46,460047,1,1,0,0,0,4,4,113,0,19,5,2013,1,13,10,0,4,4,CR-BIA41,,0,43.25,-102.8178556,3,1,0,0,1,1,0,4,1,2,10,2,0,0000000,99,99,99,99,99,99,0,0,0,1,1
46,460048,3,3,0,0,0,27,27,77,0,22,7,2013,2,16,54,1,2,2,US-14,,3991,44.36939444,-97.16035,0,12,1,0,8,1,0,1,1,1,0,1,1,0000000,16,54,17,2,17,50,0,0,0,1,0
46,460049,2,2,0,0,0,2,2,11,0,27,6,2013,5,13,0,0,4,4,CR-216TH ST,CR-464TH AVE,0,44.25379444,-96.92841389,0,12,6,0,2,2,0,1,1,1,0,1,0,0000000,13,5,13,18,13,55,0,0,0,1,0
46,460050,1,1,0,0,0,2,2,79,0,30,7,2013,3,21,4,0,9,4,CR-232ND ST,,0,44.02211667,-97.08855833,0,1,0,0,1,1,0,4,5,1,0,1,0,0000000,21,4,21,15,21,52,0,0,0,1,0
46,460051,2,2,0,0,0,2,2,5,0,12,7,2013,6,14,17,1,13,2,US-14 W,CUSTER AVE,3470,44.37080278,-98.17421667,0,12,6,0,2,2,0,1,1,1,0,1,0,0000000,14,19,14,24,14,38,0,0,0,1,0
46,460052,2,2,0,0,0,4,4,103,0,2,8,2013,6,17,14,0,2,2,US-385,SR-44,981,44.09596111,-103.5169667,0,12,6,0,2,3,0,1,1,1,0,1,0,0000000,99,99,99,99,99,99,0,0,0,1,0
46,460053,1,1,0,0,0,1,1,29,0,3,8,2013,7,2,22,0,4,4,CR-4TH AVE SW,,0,44.89764444,-97.19216944,0,32,0,0,1,1,0,4,2,1,0,1,0,0000000,88,88,88,88,88,88,0,0,0,1,1
46,460054,2,2,0,0,0,2,2,127,0,3,8,2013,7,11,53,1,1,1,I-29 N,,184,42.69570278,-96.69706667,0,73,0,0,1,1,0,1,1,1,0,1,0,0000000,11,55,13,2,99,99,14,0,0,1,0
46,460055,1,1,0,0,0,1,1,103,0,3,8,2013,7,11,55,0,4,4,CR-NEMO RD,,0,44.08828333,-103.3351444,0,1,0,0,1,1,0,4,1,10,0,10,0,0000000,11,56,12,9,88,88,0,0,0,1,0
46,460056,2,2,0,0,0,3,3,11,360,3,8,2013,7,17,2,1,1,1,I-29 N,,1336,44.32338056,-96.75813611,0,12,2,1,18,1,1,1,1,1,0,1,0,0000000,17,4,17,10,17,25,0,0,0,2,1
46,460057,2,2,0,0,0,2,2,33,0,4,8,2013,1,16,38,0,3,3,SR-87,,622,43.80088056,-103.4358833,0,1,0,0,1,1,0,1,1,1,0,1,0,0000000,16,34,16,54,88,88,14,0,0,1,1
46,460058,1,1,0,0,0,1,1,93,0,5,8,2013,2,8,0,0,4,4,CR-VANOCKER CANYON RD,,0,44.33416667,-103.5488694,0,31,0,0,1,1,0,4,1,1,0,1,0,0000000,8,10,8,21,88,88,0,0,0,1,0
46,460059,1,1,0,0,0,1,1,37,0,5,8,2013,2,4,15,1,2,2,US-12 W,,3213,45.41272222,-97.86282778,0,32,0,0,1,1,0,4,2,99,0,99,0,0000000,88,88,88,88,88,88,0,0,0,1,0
46,460060,2,2,0,0,0,2,2,19,0,5,8,2013,2,13,20,1,2,2,US-212,KLT RD,400,44.71983611,-103.4052583,0,12,6,0,2,2,0,1,1,1,0,1,0,0000000,13,18,13,38,88,88,0,0,0,1,0
46,460061,2,2,0,0,0,4,4,7,0,6,8,2013,3,16,20,0,5,4,CR-205TH ST,CR-289TH ST,0,43.21626667,-101.9906,0,12,6,0,2,2,0,1,1,1,0,1,0,0000000,16,26,16,35,16,50,0,0,0,1,0
46,460062,1,1,0,0,0,2,2,95,0,8,8,2013,5,18,57,1,2,2,US-83,,518,43.66533333,-100.7136556,0,1,0,0,1,1,0,4,5,1,0,1,0,0000000,19,0,19,5,19,52,0,0,0,1,1
46,460063,1,1,0,0,0,1,1,135,3070,16,7,2013,3,3,0,1,13,3,SR-50,,3811,42.90904444,-97.42408611,0,35,0,0,1,1,0,4,3,1,0,1,0,0000000,88,88,88,88,88,88,0,0,0,1,1
46,460064,1,1,0,0,0,1,1,87,0,11,8,2013,1,13,10,1,1,1,I-90 E,,3749,43.66637778,-97.17,0,24,0,0,1,1,0,4,1,1,0,1,0,0000000,13,17,13,27,88,88,0,0,0,1,0
46,460065,2,2,0,0,0,2,2,31,0,12,8,2013,2,10,34,1,2,2,US-12,,1290,45.920325,-101.3009778,0,12,6,0,1,1,0,1,1,1,0,1,0,0000000,10,38,10,45,99,99,0,0,0,1,0
46,460066,2,2,0,0,0,2,2,25,2980,9,8,2013,6,18,40,0,3,3,SR-28,GRANT AVE,3129,44.63089444,-97.634225,0,12,6,0,2,2,0,1,1,1,0,1,0,0000000,18,45,18,49,19,35,0,0,0,1,0
46,460067,1,1,0,0,0,1,1,53,0,17,8,2013,7,4,50,0,4,4,CR-287TH ST,,0,43.24126944,-99.39786111,0,35,0,0,1,1,0,4,2,1,0,1,0,0000000,88,88,88,88,88,88,0,0,0,1,1
46,460068,2,2,0,0,0,4,4,81,0,23,8,2013,6,16,1,1,2,2,US-85,,53,44.21161389,-103.9933611,0,12,2,0,1,1,0,1,1,1,0,1,0,0000000,16,8,16,51,17,45,0,0,0,3,1
46,460069,2,2,0,0,0,5,5,103,2250,25,8,2013,1,14,9,1,13,2,US-16B,BLACK HILLS BLVD,661,44.03129167,-103.2205472,0,12,6,0,2,2,0,1,1,1,0,1,0,0000000,99,99,99,99,99,99,0,0,0,2,0
46,460070,1,1,0,0,0,1,1,65,0,23,6,2013,1,11,34,0,3,3,SR-34,,2147,44.34569167,-100.2559056,0,31,0,0,1,1,0,4,1,1,0,1,0,0000000,11,34,11,42,12,32,0,0,0,1,0
46,460071,1,1,0,0,0,1,1,113,0,25,7,2013,5,3,56,0,5,4,CR-BIA25,,0,43.423675,-102.210525,3,1,0,0,1,1,0,4,2,10,0,10,0,0000000,88,88,88,88,88,88,0,0,0,1,1
46,460072,1,1,0,0,0,1,1,105,0,27,7,2013,7,20,30,0,6,4,CR-138TH ST,,0,45.40055,-102.6569889,0,1,0,0,1,1,0,4,2,1,0,1,0,0000000,20,30,99,97,99,97,0,0,0,1,1
46,460073,2,2,0,0,0,3,3,109,0,30,8,2013,6,15,30,0,3,3,SR-15,,1995,45.41294722,-96.877025,0,12,2,0,1,1,0,1,1,1,0,1,0,0000000,15,47,16,19,88,88,0,0,0,1,0
46,460074,2,2,0,0,0,2,2,81,2490,30,8,2013,6,16,22,1,11,1,I-90 W,,163,44.475325,-103.7768667,0,12,2,0,1,1,1,1,1,1,0,1,0,0000000,16,23,16,30,16,56,0,0,0,1,0
46,460075,1,1,0,0,0,1,1,79,0,30,8,2013,6,19,4,0,6,4,CR-451ST AVE,,0,44.00447778,-97.18943056,0,1,0,0,1,1,0,4,1,1,0,1,0,0000000,19,1,19,10,88,88,0,0,0,1,0
46,460076,2,2,0,0,0,3,3,25,0,5,9,2013,5,17,33,0,3,3,SR-20,SR-25,3727,45.09394722,-97.53494722,0,12,6,0,2,2,0,1,1,1,0,1,0,0000000,17,39,18,0,18,21,0,0,0,1,0
46,460077,1,1,0,0,0,1,1,3,0,6,9,2013,6,0,40,0,4,4,CR-OLD HWY 16,,0,43.71288611,-98.50150556,0,1,0,0,1,1,0,4,2,1,0,1,0,0000000,88,88,88,88,88,88,0,0,0,1,1
46,460078,2,2,0,0,0,2,2,27,0,12,9,2013,5,14,0,0,3,3,SR-46,SR-19A,3566,43.08355556,-96.96344444,0,12,6,0,2,2,0,1,1,1,0,1,0,0000000,14,1,14,20,88,88,0,0,0,1,0
46,460079,2,2,0,0,0,3,3,3,0,5,9,2013,5,16,50,0,3,2,US-281,SR-258,714,43.71172222,-98.44471389,0,12,6,0,2,2,0,1,1,1,0,1,0,0000000,17,8,17,20,17,37,0,0,0,1,0
46,460080,2,2,0,0,0,2,2,39,0,19,9,2013,5,6,45,1,1,1,I-29 N,,1608,44.69757778,-96.84397222,0,12,2,0,1,1,0,1,2,2,0,2,0,0000000,6,46,7,3,7,51,0,0,0,1,0
46,460081,1,1,0,0,0,4,4,113,0,14,9,2013,7,17,14,0,6,4,CR-BIA24,,0,43.25891111,-102.7203972,3,1,0,0,1,1,0,4,1,1,0,1,0,0000000,99,99,99,99,99,99,0,0,0,1,1
46,460082,1,1,0,2,2,1,1,135,3070,19,9,2013,5,15,48,0,14,6,CITY LIMITS RD,,0,42.88421111,-97.41707222,0,8,0,0,1,1,0,1,1,10,0,10,0,0000000,15,49,15,54,16,6,0,0,0,1,0
46,460083,2,2,0,0,0,3,3,99,2450,21,9,2013,7,10,12,1,11,1,I-29,,793,43.54368611,-96.78053889,0,12,6,0,1,1,0,1,1,1,0,1,0,0000000,10,12,10,26,10,34,0,0,0,1,0
46,460084,1,1,0,0,0,1,1,129,0,22,9,2013,1,11,40,0,4,3,SR-130,,1970,45.50774444,-99.95836667,0,1,0,0,1,1,0,4,1,1,0,1,0,0000000,11,51,12,5,12,19,0,0,0,1,1
46,460085,2,2,0,0,0,3,3,35,0,25,9,2013,4,16,15,1,2,3,SR-37,,665,43.60464167,-98.00635,0,12,2,0,1,1,0,1,1,1,0,1,0,0000000,16,20,16,29,16,43,0,0,0,2,0
46,460086,1,1,0,1,1,2,2,95,0,15,9,2013,1,20,40,1,2,2,US-83,,450,43.58361667,-100.7500639,0,8,0,0,1,1,0,1,2,1,0,1,0,0000000,88,88,88,88,88,88,0,0,0,1,0
46,460087,1,1,0,0,0,2,2,23,0,29,9,2013,1,11,3,0,4,4,CR-393ND AVE,,0,43.088575,-98.34756944,0,1,0,0,1,1,0,4,1,1,0,1,0,0000000,88,88,88,88,88,88,0,0,0,2,1
46,460088,1,1,0,0,0,3,3,93,0,30,9,2013,2,19,40,0,4,4,CR-NEW UNDERWOOD RD,,0,44.382075,-102.8434194,0,1,0,0,1,1,0,4,2,1,0,1,0,0000000,19,41,20,25,21,32,0,0,0,1,1
46,460089,2,2,0,0,0,3,3,37,0,7,10,2013,2,7,50,1,2,2,US-12 W,,3346,45.34124722,-97.676075,0,12,6,0,8,1,0,1,4,1,0,1,0,0000000,7,50,8,3,8,52,0,0,0,1,0
46,460090,1,1,0,0,0,1,1,109,0,18,10,2013,6,13,44,0,6,4,CR-456TH AVE,,0,45.58706111,-97.08235556,3,1,0,0,1,1,0,4,1,1,0,1,0,0000000,88,88,88,88,88,88,0,0,0,1,1
46,460091,1,1,0,0,0,1,1,81,0,21,10,2013,2,0,3,1,1,1,I-90 W,,103,44.51917222,-103.8625417,0,31,0,1,5,1,0,8,2,10,0,10,0,0000000,0,4,0,16,88,88,0,0,0,1,1
46,460092,1,1,0,0,0,1,1,93,0,25,10,2013,6,17,37,0,2,2,US-14A,,515,44.41579167,-103.5547417,0,1,0,0,1,1,0,4,1,1,0,1,0,0000000,17,38,17,41,17,57,0,0,0,1,1
46,460093,1,1,0,0,0,1,1,23,0,26,10,2013,7,0,15,0,4,4,CR-395TH AVE,,0,42.90408333,-98.28811111,0,1,0,0,1,1,0,4,2,1,0,1,0,0000000,99,99,99,97,99,97,0,0,0,1,1
46,460094,1,1,0,0,0,1,1,25,0,26,10,2013,7,15,30,0,6,4,CR-435TH AVE,,0,44.63013611,-97.51245833,0,35,0,0,1,1,0,4,1,1,0,1,0,0000000,15,43,16,3,88,88,0,0,0,1,1
46,460095,1,1,0,0,0,5,5,29,0,29,10,2013,3,6,57,1,2,2,US-212,,3844,44.89009444,-96.96174444,0,1,0,0,1,1,0,4,2,12,0,12,0,0000000,7,0,7,11,7,28,0,0,0,1,0
46,460096,1,1,0,0,0,1,1,109,0,7,11,2013,5,7,10,0,3,3,SR-25,,2328,45.86281944,-97.17816111,3,1,0,0,1,1,0,4,2,1,0,1,0,0000000,7,11,7,33,88,88,0,0,0,1,1
46,460097,1,1,0,0,0,1,1,89,0,12,11,2013,3,8,0,0,6,4,CR-118TH ST,,0,45.67930278,-98.99702778,0,35,0,0,1,1,0,4,1,1,0,1,0,0000000,88,88,88,88,88,88,0,0,0,1,0
46,460098,1,1,0,0,0,2,2,93,0,13,11,2013,4,16,58,0,6,5,CR-LAKE ACCESS RD,,0,44.45245278,-103.442275,0,1,0,0,1,1,0,4,1,1,0,1,0,0000000,17,0,17,11,17,41,0,0,0,1,0
46,460099,4,4,0,0,0,7,7,103,2250,11,10,2013,6,21,34,0,16,6,N SPRUCE AVE,NORTH ST E,0,44.087575,-103.1984139,0,12,6,0,2,2,4,1,3,1,0,1,0,0000000,99,99,99,99,99,99,20,0,0,1,1
46,460100,2,2,0,0,0,2,2,5,0,12,11,2013,3,16,50,0,4,4,CR-214TH ST,CR-399TH AVE,0,44.28366389,-98.23428611,0,12,6,0,2,2,0,1,1,1,0,1,0,0000000,16,56,17,8,17,54,0,0,0,1,0
46,460101,2,2,0,0,0,2,2,127,0,15,11,2013,6,17,24,0,3,3,SR-46,SR-11,3735,43.08363611,-96.62799722,0,12,6,0,2,2,0,1,1,1,0,1,0,0000000,17,29,17,49,18,29,0,0,0,1,0
46,460102,2,2,0,0,0,3,3,103,285,31,10,2013,5,15,8,0,16,6,BENNETT RD,COUNTRY RD,0,44.12559167,-103.1310833,0,12,6,0,2,2,0,1,1,1,0,1,0,0000000,15,9,99,99,15,25,0,0,0,1,0
46,460103,1,1,0,1,1,2,2,83,2450,8,11,2013,6,18,12,0,14,6,W 57TH ST,S WESTERN AVE,0,43.50036389,-96.74803889,0,8,0,0,3,2,0,1,3,1,0,1,0,0000000,18,13,18,17,18,30,0,0,0,1,1
46,460104,3,3,0,0,0,4,4,83,0,22,11,2013,6,18,29,0,3,3,SR-46,,3620,43.08369167,-96.84628611,0,24,0,0,1,1,0,4,2,1,0,1,0,0000000,18,24,18,34,19,21,0,0,0,1,0
46,460105,2,2,0,0,0,2,2,13,0,27,11,2013,4,17,20,1,2,2,US-281,,2088,45.64228889,-98.51813056,0,12,2,0,1,1,0,1,2,1,0,1,0,0000000,17,26,17,39,17,58,0,0,0,1,0
46,460106,2,2,0,0,0,2,2,51,0,27,11,2013,4,17,29,0,3,3,SR-15,,1812,45.30978333,-96.63704167,0,12,1,0,1,1,0,1,2,1,0,1,0,0000000,17,33,17,42,18,1,0,0,0,1,0
46,460107,2,2,0,0,0,4,4,85,0,29,11,2013,6,8,38,1,1,1,I-90 W,293RD AVE,2141,43.91255278,-100.2863639,0,12,7,0,1,1,0,1,1,1,0,1,0,0000000,8,38,9,0,10,4,0,0,0,1,0
46,460108,1,1,0,0,0,1,1,67,0,1,12,2013,1,23,15,0,3,3,SR-44,,3640,43.40060833,-97.67548056,0,11,0,0,1,1,0,1,2,1,0,1,0,0000000,23,21,23,37,88,88,0,0,0,1,0
46,460109,2,1,1,0,0,1,1,115,2280,14,11,2013,5,16,0,0,16,6,3RD ST E,,0,44.8715,-98.51348611,0,14,0,0,1,1,0,7,1,1,0,1,0,0000000,16,0,16,4,16,9,0,0,0,1,0
46,460110,2,2,0,0,0,5,5,103,2250,23,11,2013,7,17,26,0,14,6,MAIN ST W,WHITEWOOD ST,0,44.08216389,-103.2654611,0,12,6,0,2,3,0,1,2,1,0,1,0,0000000,17,27,17,31,18,0,0,0,0,1,1
46,460111,1,1,0,0,0,1,1,11,0,21,11,2013,5,6,40,0,6,4,CR-200TH ST,,0,44.48518056,-97.11825,0,34,0,0,1,1,0,4,2,10,0,10,0,0000000,88,88,88,88,88,88,0,0,0,1,1
46,460112,1,1,0,1,1,0,0,61,0,17,12,2013,3,12,58,0,4,4,CR-421ST AVE,,0,43.56056944,-97.78678611,0,8,0,0,8,1,0,1,1,1,0,1,0,0000000,13,0,13,20,13,50,0,0,0,1,0
46,460113,2,2,0,0,0,3,3,101,0,8,12,2013,1,17,37,1,1,1,I-29 S,I-29 OFF RAMP,1221,44.15580556,-96.75984167,0,12,1,1,18,1,0,1,2,1,0,1,0,0000000,99,99,99,97,99,97,0,0,0,1,0
46,460114,2,2,0,0,0,2,2,57,0,12,12,2013,5,12,16,0,6,4,CR-183RD ST,CR-465TH AVE,0,44.73195833,-96.904875,0,12,6,0,2,2,0,1,1,1,0,1,0,0000000,12,24,12,31,13,30,0,0,0,1,0
46,460115,1,1,0,1,1,1,1,103,0,20,12,2013,6,4,36,0,16,4,CR-I90 SERVICE RD,,0,44.11021389,-103.1268806,0,8,0,0,1,1,0,1,2,10,0,10,0,0000000,4,40,4,50,5,30,0,0,0,1,0
46,460116,2,2,0,0,0,2,2,99,0,24,12,2013,3,15,31,0,3,3,SR-115,,935,43.66855278,-96.70970833,0,12,6,0,1,1,0,1,1,4,0,4,0,0000000,15,32,15,39,16,4,0,0,0,1,0
46,460117,2,2,0,0,0,4,4,97,1380,24,12,2013,3,15,5,0,3,3,SR-34,435TH AVE,3670,44.00816667,-97.51026111,0,12,6,0,2,2,0,1,1,4,0,4,0,0000000,15,6,15,14,15,57,0,0,0,1,0
46,460118,1,1,0,0,0,2,2,137,0,7,3,2013,5,0,23,0,6,4,CR-BIA RTE 15,,0,44.73943056,-101.6145889,3,35,0,0,1,1,0,4,2,99,0,99,0,0000000,99,99,99,99,99,99,0,0,0,1,0
46,460119,1,1,0,0,0,1,1,41,0,13,5,2013,2,16,15,0,6,4,CR-GREEN GRASS RD,,0,45.16702778,-101.2405806,3,59,0,0,1,1,1,4,1,1,0,1,0,0000000,99,99,99,99,99,99,0,0,0,1,0