STATE,ST_CASE,VE_TOTAL,VE_FORMS,PVH_INVL,PEDS,PERNOTMVIT,PERMVIT,PERSONS,COUNTY,CITY,DAY,MONTH,YEAR,DAY_WEEK,HOUR,MINUTE,NHS,ROAD_FNC,ROUTE,TWAY_ID,TWAY_ID2,MILEPT,LATITUDE,LONGITUD,SP_JUR,HARM_EV,MAN_COLL,RELJCT1,RELJCT2,TYP_INT,WRK_ZONE,REL_ROAD,LGT_COND,WEATHER1,WEATHER2,WEATHER,SCH_BUS,RAIL,NOT_HOUR,NOT_MIN,ARR_HOUR,ARR_MIN,HOSP_HR,HOSP_MN,CF1,CF2,CF3,FATALS,DRUNK_DR
46,460120,2,2,0,0,0,3,3,83,0,6,11,2013,4,6,24,1,1,1,I-29 N,,566,43.21944722,-96.79581944,0,52,0,0,1,1,0,3,2,1,0,1,0,0000000,6,29,6,48,7,34,0,0,0,1,0
46,460121,1,1,0,0,0,2,2,55,0,23,11,2013,7,15,45,0,4,4,CR-GRINDSTONE RD E,,0,44.038225,-101.7333361,0,38,0,0,1,1,0,4,1,1,0,1,0,0000000,15,56,16,6,16,40,0,0,0,1,0
47,470001,1,1,0,1,1,1,1,93,0,2,1,2013,4,6,53,0,6,4,CR-OLD RUTLEDGE PK,,1,36.06193611,-83.7828,0,8,0,0,1,1,0,1,2,10,0,10,0,0000000,99,99,99,99,99,99,0,0,0,1,0
47,470002,1,1,0,0,0,1,1,53,0,5,1,2013,7,3,0,0,5,4,CR-GANN RD,,83,36.05140833,-88.74413889,0,35,0,0,1,1,0,4,2,1,0,1,0,0000000,99,99,99,99,99,99,0,0,0,1,0
47,470003,2,2,0,0,0,3,3,119,470,2,1,2013,4,10,16,1,13,2,US-31 SR-6 NASHVILLE HWY,,278,35.69565833,-86.98670833,0,12,6,0,1,1,0,1,1,10,0,10,0,0000000,99,99,99,99,99,99,0,0,0,1,0
47,470004,1,1,0,1,1,2,2,97,1040,1,1,2013,3,0,1,1,2,2,US-51 SR-3 JERE B FORD HWY,,223,35.90931111,-89.41917778,0,8,0,0,1,1,0,1,2,2,0,2,0,0000000,99,99,99,99,88,88,0,0,0,1,0
47,470005,1,1,0,0,0,2,2,125,410,1,1,2013,3,4,29,1,11,1,I-24,,78,36.54636111,-87.24073056,0,42,0,0,1,1,0,3,2,2,0,2,0,0000000,99,99,99,99,88,88,0,0,0,2,1
47,470006,1,1,0,0,0,1,1,187,850,2,1,2013,4,15,2,1,11,1,I-65 RAMP,,17,35.94698333,-86.81371389,0,30,0,1,5,1,0,4,1,1,0,1,0,0000000,99,99,99,99,88,88,0,0,0,1,1
47,470007,1,1,0,0,0,1,1,35,0,7,1,2013,2,8,25,1,1,1,I-40,,56,36.052075,-85.16252222,0,35,0,0,1,1,0,4,1,1,0,1,0,0000000,99,99,99,99,99,99,0,0,0,1,0
47,470008,1,1,0,0,0,1,1,171,2477,10,1,2013,5,17,10,0,4,3,SR-107 UNICOI DR,,105,36.17594444,-82.29127778,0,34,0,0,1,1,0,4,5,10,0,10,0,0000000,99,99,99,99,88,88,0,0,0,1,0
47,470009,2,2,0,0,0,1,1,183,0,2,1,2013,4,13,15,0,4,3,SR-190 GLEASON COMO HWY,,112,36.23369722,-88.57431111,0,12,1,0,1,1,2,5,1,1,0,1,0,0000000,99,99,99,99,99,99,3,0,0,1,0
47,470010,1,1,0,0,0,1,1,189,0,11,1,2013,6,11,12,0,3,2,US-70N SR-24 CARTHAGE HWY,,209,36.22419167,-86.227525,9,34,0,0,1,1,0,4,1,10,0,10,0,0000000,99,99,99,99,88,88,0,0,0,1,0
47,470011,1,1,0,0,0,1,1,3,0,13,1,2013,1,1,8,0,6,4,CR-KNOB CREEK RD,,15,35.51686667,-86.28476944,0,35,0,0,1,1,0,4,2,10,0,10,0,0000000,99,99,99,99,99,99,0,0,0,1,1
47,470012,1,1,0,0,0,1,1,143,0,10,1,2013,5,15,33,0,5,4,CR-BRAYTON MOUNTAIN RD,,30,35.45696111,-85.1056,0,35,0,0,1,1,0,4,1,10,0,10,0,0000000,99,99,99,99,99,99,0,0,0,1,0
47,470013,1,1,0,0,0,2,2,15,0,7,1,2013,2,12,18,0,6,4,CR-SUNNY SLOPE RD,,2,35.798125,-86.098,0,38,0,0,1,1,0,4,1,1,0,1,0,0000000,99,99,99,99,99,99,0,0,0,1,0
47,470014,1,1,0,0,0,2,2,183,0,11,1,2013,6,8,30,0,4,3,SR-124,,35,36.15981944,-88.74036944,0,32,0,0,1,1,0,4,1,1,0,1,0,0000000,99,99,99,99,88,88,0,0,0,2,0
47,470015,2,2,0,0,0,3,3,59,0,5,1,2013,7,17,56,0,3,2,US-321 SR-35 NEWPORT HWY,,50,36.08894444,-82.94476944,0,12,2,0,1,1,0,1,3,10,0,10,0,0000000,99,99,99,99,99,99,0,0,0,1,0
47,470016,2,2,0,0,0,2,2,107,110,11,1,2013,6,11,4,0,4,2,US-11BR SR-39 RICEVILLE DECATU,,58,35.426625,-84.64601389,0,12,2,0,1,1,0,1,1,10,0,10,0,0000000,99,99,99,99,99,99,0,0,0,1,0
47,470017,2,2,0,1,1,2,2,157,1620,9,1,2013,4,18,19,0,14,6,GETWELL RD,,14,35.08702778,-89.93115556,0,8,0,0,1,1,0,11,3,2,0,2,0,0000000,99,99,99,99,99,99,0,0,0,1,0
47,470018,2,2,0,0,0,2,2,125,410,10,1,2013,5,10,53,0,14,2,US-79 SR-13 GUTHRIE HWY,,275,36.60762778,-87.27128611,0,12,2,0,1,1,0,1,1,1,0,1,0,0000000,99,99,99,99,88,88,0,0,0,1,0
47,470019,2,2,0,0,0,2,2,163,1280,15,1,2013,3,9,36,0,14,3,SR-355 INDUSTRY DR,,9,36.5395,-82.564,0,12,2,0,1,1,0,1,1,2,0,2,0,0000000,99,99,99,99,99,99,0,0,0,1,0
47,470020,1,1,0,0,0,1,1,125,410,12,1,2013,7,16,3,0,16,6,FROSTY MORN DR,,5,36.53926667,-87.34303611,0,7,0,0,1,1,0,1,1,2,0,2,0,0000000,99,99,99,99,88,88,0,0,0,1,0
47,470021,2,2,0,0,0,5,5,157,1620,11,1,2013,6,22,47,1,11,1,I-40 RAMP,,134,35.15598611,-89.88008333,0,12,7,1,17,1,0,1,3,1,0,1,0,0000000,99,99,99,99,99,99,0,0,0,1,1
47,470022,1,1,0,0,0,2,2,159,0,9,1,2013,4,15,0,1,1,1,I-40,,26,36.16980833,-86.047925,0,59,0,0,1,1,0,4,1,10,0,10,0,0000000,99,99,99,99,99,99,0,0,0,1,0
47,470023,1,1,0,0,0,1,1,187,850,17,1,2013,5,21,30,1,11,1,I-65 RAMP,,17,35.94653889,-86.81381111,0,34,0,1,5,1,0,4,3,1,0,1,0,0000000,99,99,99,99,99,99,0,0,0,1,0
47,470024,1,1,0,0,0,5,5,75,0,8,1,2013,3,14,42,1,1,1,I-40,,9,35.41908056,-89.36800278,0,35,0,0,1,1,0,4,1,1,0,1,0,0000000,99,99,99,99,99,99,0,0,0,1,0
47,470025,1,1,0,0,0,1,1,21,1933,10,1,2013,5,17,38,1,1,1,I-40,,71,36.07888333,-87.03908611,0,35,0,0,1,1,0,4,2,10,0,10,0,0000000,99,99,99,99,99,99,0,0,0,1,0
47,470026,1,1,0,0,0,1,1,51,2600,12,1,2013,7,20,6,0,16,6,ARNOLD FARM RD,,5,35.17860278,-86.05906111,0,1,0,0,1,1,0,4,2,1,0,1,0,0000000,99,99,99,99,88,88,0,0,0,1,1
47,470027,1,1,0,1,1,1,1,157,1620,17,1,2013,5,23,45,1,11,1,I-240,,19,35.09423056,-90.02581111,0,8,0,0,1,1,0,1,6,1,0,1,0,0000000,99,99,99,99,88,88,0,0,0,1,0
47,470028,2,2,0,0,0,2,2,147,0,3,1,2013,5,11,38,0,4,3,SR-256 GLEN RAVEN RD,CR-1012 KINNEYS RD,80,36.54481667,-87.06081111,0,12,2,0,3,3,0,1,1,1,0,1,0,0000000,99,99,99,99,99,99,19,0,0,1,0
47,470029,2,2,0,0,0,3,3,121,600,8,1,2013,3,11,23,0,3,3,SR-30,SR-58,61,35.51255278,-84.7907,0,12,6,0,2,2,0,1,1,1,0,1,0,0000000,99,99,99,99,99,99,0,0,0,1,0
47,470030,1,1,0,0,0,1,1,9,0,22,1,2013,3,10,40,0,6,4,CR-GLOVER RD,,18,35.837175,-83.87792778,0,35,0,0,1,1,0,4,1,1,0,1,0,0000000,99,99,99,99,99,99,0,0,0,1,0
47,470031,2,2,0,0,0,4,4,163,1280,18,1,2013,6,1,40,1,11,1,I-81,,23,36.44406944,-82.54242778,0,12,6,0,1,1,0,1,2,1,0,1,0,0000000,99,99,99,99,99,99,0,0,0,1,0
47,470032,1,1,0,0,0,1,1,13,0,13,1,2013,1,13,15,1,1,1,I-75,,271,36.54246944,-84.15625833,0,52,0,0,1,1,0,4,1,2,0,2,0,0000000,99,99,99,99,99,99,0,0,0,1,0
47,470033,2,2,0,0,0,3,3,167,0,4,1,2013,6,13,0,1,2,2,US-51 SR-3 HWY 51S,,108,35.502825,-89.716825,0,12,1,0,1,1,0,1,1,1,0,1,0,0000000,99,99,99,99,99,99,0,0,0,2,0
47,470035,3,3,0,0,0,3,3,133,0,18,1,2013,6,10,40,1,2,3,SR-52 CELINA HWY,,70,36.43310556,-85.34219444,0,12,8,0,1,1,0,1,1,1,0,1,0,0000000,99,99,99,99,99,99,0,0,0,1,0
47,470036,2,2,0,0,0,5,5,157,1620,19,1,2013,7,17,2,1,13,2,US-78 SR-4 LAMAR AVE,HOLMES RD,9,35.00593333,-89.88703056,0,12,6,0,2,2,0,1,1,1,0,1,0,0000000,99,99,99,99,99,99,0,0,0,1,0
47,470037,1,1,0,0,0,1,1,187,0,16,1,2013,4,5,38,1,2,3,SR-840,,2,35.90191389,-87.14484167,0,35,0,0,1,1,0,4,2,5,0,5,0,0000000,99,99,99,99,88,88,0,0,0,1,0
47,470038,3,2,1,0,0,2,2,83,800,18,1,2013,6,9,47,0,3,3,SR-49 E MAIN ST,,47,36.31825833,-87.69522778,0,12,6,0,8,1,0,1,1,1,0,1,0,0000000,99,99,99,99,88,88,0,0,0,1,0
47,470039,2,2,0,0,0,5,5,157,1620,23,1,2013,4,3,28,0,14,6,GRAHAM ST,,10,35.17335556,-89.92603889,0,12,6,0,1,1,0,1,2,1,0,1,0,0000000,99,99,99,99,88,88,14,0,0,1,0
47,470040,3,3,0,0,0,3,3,59,0,13,1,2013,1,14,50,0,3,3,SR-70 LONESOME PINE TR,CR-ALBANY RD,237,36.24341944,-82.91207778,0,12,6,0,2,3,0,1,1,1,0,1,0,0000000,99,99,99,99,99,99,0,0,0,1,0
47,470041,2,2,0,0,0,2,2,159,0,17,1,2013,5,16,30,0,5,4,CR-HOGANS CREEK RD,,58,36.233175,-85.99617778,0,12,2,0,1,1,0,1,5,1,0,1,0,0000000,99,99,99,99,99,99,0,0,0,1,1
47,470042,1,1,0,0,0,2,2,51,0,19,1,2013,7,21,40,0,6,4,CR-IRON GAP RD,,9,35.09610833,-86.13015,0,5,0,0,1,1,0,4,2,1,0,1,0,0000000,99,99,99,99,99,99,0,0,0,1,0
47,470043,1,1,0,0,0,1,1,167,0,20,1,2013,1,20,30,0,5,4,CR-QUITO DRUMMONDS RD,,33,35.43131944,-89.93866667,0,42,0,0,1,1,0,4,2,1,0,1,0,0000000,99,99,99,99,88,88,0,0,0,1,0
47,470044,1,1,0,0,0,1,1,105,998,21,1,2013,2,22,35,0,4,3,SR-95 S,,18,35.65975833,-84.16889444,0,42,0,0,1,1,0,4,2,1,0,1,0,0000000,99,99,99,99,99,99,0,0,0,1,1
47,470045,2,2,0,0,0,3,3,165,2565,22,1,2013,3,19,11,0,14,2,US-31W SR-41,,102,36.46970833,-86.65209167,0,12,1,0,1,1,0,1,2,1,0,1,0,0000000,99,99,99,99,88,88,0,0,0,1,0
47,470046,1,1,0,1,1,1,1,157,1620,23,1,2013,4,22,0,1,13,6,WINCHESTER RD,LAKE PARK DR,64,35.05227222,-89.94824444,0,8,0,0,3,3,0,1,3,1,0,1,0,0000000,99,99,99,99,88,88,0,0,0,1,0
47,470047,1,1,0,0,0,2,2,39,0,23,1,2013,4,17,30,0,5,4,CR-882 CUB CREEK-HALL RD,,31,35.73306667,-88.13974722,0,34,0,0,1,1,0,4,2,1,0,1,0,0000000,99,99,99,99,99,99,0,0,0,1,0
47,470048,1,1,0,0,0,1,1,103,0,27,1,2013,1,8,9,1,2,2,US-231 SR-10 SHELBYVILLE HWY,,162,35.21119167,-86.56623333,0,32,0,0,1,1,0,4,1,1,0,1,0,0000000,99,99,99,99,99,99,0,0,0,1,0
47,470049,2,2,0,0,0,2,2,63,1700,29,1,2013,3,14,44,0,14,6,PEACHTREE ST,E ANDREW JOHNSON HWY,37,36.22715,-83.26068333,0,12,6,0,2,2,0,1,1,1,0,1,0,0000000,99,99,99,99,99,99,0,0,0,1,1
47,470050,2,2,0,0,0,2,2,123,0,26,1,2013,7,18,32,0,5,4,CR-730 FAIRVIEW RD,,34,35.39958333,-84.29579444,0,12,2,0,1,1,0,1,1,1,0,1,0,0000000,99,99,99,99,99,99,0,0,0,1,1
47,470051,1,1,0,0,0,1,1,163,1280,29,1,2013,3,5,0,0,14,6,BLOOMINGDALE PK,,5,36.563375,-82.54749444,0,30,0,0,1,1,0,4,3,1,0,1,0,0000000,99,99,99,99,99,99,0,0,0,1,0
47,470052,2,2,0,0,0,4,4,93,1300,29,1,2013,3,7,40,0,15,6,DITCH VALLEY RD,PLUMMER RD,7,36.01021944,-83.94358333,0,12,6,0,2,3,0,1,1,10,0,10,0,0000000,99,99,99,99,99,99,0,0,0,1,0
47,470053,1,1,0,0,0,1,1,63,1700,31,1,2013,5,5,59,0,15,6,W 7TH NORTH ST,MCFARLAND ST,12,36.21528056,-83.30468056,0,19,0,0,3,2,0,5,3,1,0,1,0,0000000,99,99,99,99,99,99,0,0,0,1,0
47,470054,3,3,0,0,0,4,4,169,0,2,1,2013,4,14,58,1,2,2,US-231 SR-10,,53,36.37525833,-86.25766667,0,12,2,0,1,1,0,1,1,10,0,10,0,0000000,99,99,99,99,99,99,0,0,0,1,0
47,470055,1,1,0,0,0,3,3,3,0,27,1,2013,1,1,9,0,3,3,SR-64 E DEPOT ST,,98,35.45729444,-86.50388333,0,59,0,0,1,1,0,4,2,1,0,1,0,0000000,99,99,99,99,99,99,0,0,0,2,1
47,470056,2,2,0,0,0,2,2,103,840,25,1,2013,6,5,33,1,13,2,US-64 SR-15 WILSON PKWY,,164,35.14303056,-86.58303611,0,12,6,0,8,1,0,1,3,2,0,2,0,0000000,99,99,99,99,99,99,0,0,0,1,0
47,470057,1,1,0,1,1,1,1,157,1620,31,1,2013,5,18,3,1,13,2,US-64 SR-23 UNION AVE,,3,35.13680556,-90.01603889,0,8,0,0,1,1,0,1,3,1,0,1,0,0000000,99,99,99,99,99,99,0,0,0,1,0
47,470058,1,1,0,0,0,2,2,25,0,31,1,2013,5,7,45,0,3,4,CR-LITTLE SYCAMORE RD,,117,36.43118889,-83.52445833,0,32,0,0,1,1,0,4,1,10,0,10,0,0000000,99,99,99,99,99,99,0,0,0,1,1
47,470059,2,2,0,0,0,2,2,149,0,2,2,2013,7,8,15,1,11,1,I-24,,180,35.81362778,-86.39805833,0,12,1,0,1,1,0,1,1,4,0,4,0,0000000,99,99,99,99,99,99,19,0,0,1,0
47,470060,2,2,0,0,0,3,3,43,0,2,2,2013,7,7,48,0,3,3,SR-46,,14,35.99412778,-87.32059167,0,12,6,0,1,1,0,1,1,4,0,4,0,0000000,99,99,99,99,99,99,4,0,0,1,0
47,470061,2,2,0,0,0,5,5,147,2340,28,1,2013,2,19,26,1,13,2,US-41 SR-11,,67,36.46728889,-86.84161111,0,12,2,0,1,1,0,1,3,1,0,1,0,0000000,99,99,99,99,99,99,0,0,0,3,0
47,470062,2,2,0,0,0,2,2,185,2310,12,1,2013,7,6,46,1,13,2,US-70S SR-111 SPENCER HWY,TAFT CHURCH RD,80,35.9306,-85.48626667,0,12,1,0,2,2,0,1,4,1,0,1,0,0000000,99,99,99,99,99,99,0,0,0,1,0
47,470063,2,2,0,0,0,4,4,47,0,25,1,2013,6,23,37,0,3,3,SR-18,,50,35.05946944,-89.20143056,0,12,2,0,1,1,0,1,2,1,0,1,0,0000000,99,99,99,99,99,99,0,0,0,2,2
47,470064,1,1,0,0,0,1,1,121,0,1,2,2013,6,13,0,0,4,3,SR-304,,112,35.65463889,-84.73961944,0,42,0,0,1,1,0,4,1,1,0,1,0,0000000,99,99,99,99,88,88,0,0,0,1,0
47,470065,2,2,0,0,0,4,4,109,230,1,2,2013,6,15,50,1,2,2,US-45 SR-5 GENERAL MARCUS J WR,BUENA VISTA RD,190,35.23161944,-88.61863333,0,12,6,0,2,3,0,1,1,1,0,1,0,0000000,99,99,99,99,99,99,0,0,0,1,0
47,470066,1,1,0,0,0,1,1,105,0,3,2,2013,1,2,59,1,1,1,I-75,,21,35.76447778,-84.36418056,0,52,0,0,1,1,0,3,2,10,0,10,0,0000000,99,99,99,99,99,99,0,0,0,1,1
47,470067,2,2,0,0,0,3,3,117,0,6,2,2013,4,7,30,0,3,3,SR-64 SHELBYVILLE HWY,,7,35.50045833,-86.70199167,0,12,8,0,1,1,0,1,1,1,0,1,0,0000000,99,99,99,99,99,99,0,0,0,1,0
47,470068,1,1,0,0,0,2,2,25,0,4,2,2013,2,18,0,0,6,4,CR-BIG SPRING UNION RD,,2,36.58626944,-83.49791111,0,1,0,0,1,1,0,4,2,10,0,10,0,0000000,99,99,99,99,99,99,0,0,0,1,0
47,470069,2,2,0,0,0,2,2,141,480,4,2,2013,2,14,27,0,4,3,SR-135 BURGESS FALLS RD,,75,36.12649444,-85.53905556,0,12,2,0,1,1,0,1,1,1,0,1,0,0000000,99,99,99,99,99,99,0,0,0,1,0
47,470070,1,1,0,1,1,1,1,149,1750,5,2,2013,3,20,23,0,14,6,N RUTHERFORD BLVD,,20,35.86878056,-86.35143889,0,8,0,0,8,1,0,1,2,1,0,1,0,0000000,99,99,99,99,99,99,0,0,0,1,0
47,470071,1,1,0,0,0,1,1,89,0,6,2,2013,4,18,22,0,5,4,CR-GREEN HILL RD,,11,36.00768889,-83.46048056,0,17,0,0,1,1,0,4,2,1,0,1,0,0000000,99,99,99,99,99,99,0,0,0,1,1
47,470072,2,2,0,0,0,2,2,125,410,5,2,2013,3,12,40,0,14,6,CROSSLAND AVE,CUMBERLAND DR,14,36.52037222,-87.35250278,0,12,6,0,2,2,0,1,1,1,0,1,0,0000000,99,99,99,99,99,99,0,0,0,1,0
47,470073,1,1,0,0,0,2,2,59,1010,7,2,2013,5,13,14,0,16,6,W IRISH ST,,4,36.15353056,-82.85626389,0,10,0,0,6,1,0,1,1,1,0,1,0,731275B,99,99,99,99,99,99,0,0,0,1,1
47,470074,1,1,0,0,0,1,1,93,0,6,2,2013,4,21,23,0,6,4,CR-THORN GROVE PK,,54,35.97968611,-83.73915278,0,1,0,0,1,1,0,4,2,1,0,1,0,0000000,99,99,99,99,88,88,18,0,0,1,1
47,470075,1,1,0,1,1,3,3,37,1760,20,1,2013,1,9,20,0,14,2,US-431 SR-106 21ST AVE S,PIERCE AVE,76,36.13956944,-86.80053056,0,8,0,0,2,3,0,1,1,1,0,1,0,0000000,99,99,99,99,99,99,0,0,0,1,0
47,470076,3,3,0,0,0,7,7,93,504,26,1,2013,7,17,36,0,4,3,SR-131 TAZEWELL PK,,281,36.15838333,-83.83687222,0,12,2,0,1,1,0,1,1,1,0,1,0,0000000,99,99,99,99,99,99,0,0,0,1,0
47,470077,2,2,0,0,0,4,4,1,1820,28,1,2013,2,16,23,0,4,2,US-441 SR-71 NORRIS FWY,SR-61 ANDERSONVILLE HWY,226,36.18583333,-84.06253611,0,43,0,0,3,2,0,10,5,1,0,1,0,0000000,99,99,99,99,99,99,0,0,0,1,0
47,470078,2,2,0,0,0,2,2,127,0,31,1,2013,5,18,38,1,2,3,SR-55 LYNCHBURG HWY,SR-82 FLAT CREEK HWY,39,35.31544167,-86.35879444,0,12,6,0,2,3,0,1,2,1,0,1,0,0000000,99,99,99,99,99,99,0,0,0,1,0
47,470079,1,1,0,1,1,1,1,111,1310,16,1,2013,4,15,59,1,2,3,SR-52 BYPASS E,OAK ST,125,36.51821944,-86.01961389,0,15,0,0,2,2,0,1,1,1,0,1,0,0000000,99,99,99,99,99,99,0,0,0,1,0
47,470080,1,1,0,0,0,3,3,75,0,20,1,2013,1,3,17,0,3,3,SR-76 S,,63,35.48599167,-89.26914722,0,1,0,0,1,1,0,4,2,1,0,1,0,0000000,99,99,99,99,88,88,0,0,0,3,1
47,470081,1,1,0,0,0,1,1,97,0,21,1,2013,2,15,50,0,4,3,SR-88,,217,35.82046667,-89.37745833,0,42,0,0,1,1,0,4,1,1,0,1,0,0000000,99,99,99,99,99,99,0,0,0,1,0
47,470082,2,2,0,0,0,2,2,131,2460,8,2,2013,6,6,15,1,2,2,US-51 SR-3 JERE B FORD MEMORIA,S MARY JANE ST,101,36.33576667,-89.15971944,0,12,6,0,2,3,0,1,3,10,0,10,0,0000000,99,99,99,99,99,99,0,0,0,1,0
47,470083,1,1,0,1,1,1,1,85,0,8,2,2013,6,99,99,1,1,1,I-40,,30,35.86615,-87.88651389,0,8,0,0,1,1,0,1,2,1,0,1,0,0000000,99,99,99,99,99,99,0,0,0,1,0
47,470084,1,1,0,0,0,1,1,39,0,12,2,2013,3,10,45,0,4,3,SR-100 E,,98,35.58025,-88.08987778,0,1,0,0,1,1,0,4,1,1,0,1,0,0000000,99,99,99,99,88,88,0,0,0,1,0
47,470085,1,1,0,0,0,1,1,13,0,13,2,2013,4,17,10,0,5,4,CR-CEDAR CREEK RD,,55,36.36349444,-84.044725,0,35,0,0,1,1,0,4,1,10,0,10,0,0000000,99,99,99,99,99,99,0,0,0,1,0
47,470086,2,2,0,0,0,5,5,89,0,9,2,2013,7,18,50,0,3,3,SR-92 JEFFERSON CITY RD,CR-DUMPLIN VALLEY RD,132,36.05416389,-83.466375,0,12,6,0,2,2,0,1,2,1,0,1,0,0000000,99,99,99,99,99,99,0,0,0,1,0
47,470087,1,1,0,0,0,2,2,29,0,12,2,2013,3,5,45,1,1,1,I-40,,72,35.92675,-83.19066111,0,24,0,0,1,1,0,3,2,1,0,1,0,0000000,99,99,99,99,99,99,0,0,0,1,1
47,470088,1,1,0,1,1,1,1,97,2050,18,1,2013,6,19,57,0,14,3,SR-209 N MAIN ST,,86,35.7674,-89.51961389,0,8,0,0,1,1,0,1,3,1,0,1,0,0000000,99,99,99,99,88,88,0,0,0,1,0
47,470089,2,2,0,0,0,3,3,65,400,5,2,2013,3,20,36,1,13,3,SR-153,,91,35.13628889,-85.24704722,0,12,6,0,8,1,0,1,2,1,0,1,0,0000000,99,99,99,99,99,99,0,0,0,1,0
47,470090,1,1,0,0,0,1,1,189,0,17,2,2013,1,99,99,0,5,4,CR-ACADEMY RD,,18,36.28691667,-86.41188889,0,32,0,0,1,1,0,4,2,1,0,1,0,0000000,99,99,99,99,99,99,0,0,0,1,1
47,470091,1,1,0,0,0,2,2,123,1540,13,2,2013,4,23,18,0,3,6,HIWASSEE RD,,27,35.53021944,-84.36308889,0,34,0,0,1,1,0,4,3,1,0,1,0,0000000,99,99,99,99,99,99,0,0,0,1,1
47,470092,2,2,0,0,0,2,2,43,640,16,2,2013,7,18,8,1,13,2,US-70 SR-1 E COLLEGE ST,,109,36.07818889,-87.35728889,0,12,2,0,1,1,0,1,2,1,0,1,0,0000000,99,99,99,99,99,99,0,0,0,1,1
47,470093,1,1,0,0,0,1,1,65,400,17,2,2013,1,99,99,1,11,1,I-75 US-74,,17,35.0068,-85.20543056,0,32,0,0,1,1,0,3,3,1,0,1,0,0000000,99,99,99,99,99,99,0,0,0,1,0
47,470094,3,3,0,0,0,6,6,105,1460,20,2,2013,4,14,52,0,3,3,SR-72,GROVE ST,67,35.72438889,-84.33032778,0,12,6,0,2,3,0,1,1,1,0,1,0,0000000,99,99,99,99,99,99,0,0,0,1,0
47,470095,1,1,0,0,0,1,1,11,0,13,2,2013,4,5,25,0,5,4,CR-DRY VALLEY RD,,69,35.24711111,-84.77463056,0,35,0,0,1,1,0,4,2,2,0,2,0,0000000,99,99,99,99,99,99,0,0,0,1,0
47,470096,1,1,0,0,0,1,1,183,0,17,2,2013,1,1,20,1,2,2,US-45E SR-43,,7,36.2893,-88.84385,0,35,0,0,1,1,0,4,2,1,0,1,0,0000000,99,99,99,99,99,99,0,0,0,1,1
47,470097,1,1,0,0,0,1,1,5,0,18,2,2013,2,13,31,0,6,4,CR-CROOKED CREEK RD,,11,36.27501944,-87.98,0,42,0,0,1,1,0,4,1,1,0,1,0,0000000,99,99,99,99,99,99,6,0,0,1,0
47,470098,1,1,0,0,0,1,1,11,420,16,2,2013,7,3,43,0,16,6,KING EDWARD AVE SE,,1,35.14701944,-84.87767222,0,30,0,0,1,1,0,4,2,1,0,1,0,0000000,99,99,99,99,88,88,0,0,0,1,1
47,470099,1,1,0,0,0,1,1,1,1870,22,2,2013,6,11,3,1,2,3,SR-61 TRI-COUNTY BLVD,,19,36.02686111,-84.31846667,0,35,0,0,1,1,0,4,1,1,0,1,0,0000000,99,99,99,99,99,99,0,0,0,1,0
47,470100,2,1,1,0,0,1,1,11,0,18,2,2013,2,21,30,0,6,4,CR-HUNT RD SE,,24,35.06719167,-84.86706944,0,30,0,0,1,1,0,4,2,1,0,1,0,0000000,99,99,99,99,88,88,14,0,0,1,0
47,470101,3,3,0,0,0,3,3,63,1700,22,2,2013,6,7,24,1,13,2,US-11E SR-34 W ANDREW HWY,W ECONOMY RD,61,36.20090556,-83.33514444,0,12,2,0,2,2,0,1,1,1,0,1,0,0000000,99,99,99,99,99,99,0,0,0,2,0
47,470102,1,1,0,0,0,1,1,147,0,27,1,2013,1,3,20,0,4,3,SR-161,,15,36.55211667,-86.89697778,0,34,0,0,1,1,0,4,2,1,0,1,0,0000000,99,99,99,99,99,99,0,0,0,1,1
47,470103,2,2,0,0,0,3,3,157,1620,22,2,2013,6,20,40,0,16,6,LONGFELLOW RD,,2,35.174425,-89.93270278,0,12,6,0,8,1,0,1,3,1,0,1,0,0000000,99,99,99,99,99,99,0,0,0,1,0
47,470104,1,1,0,0,0,1,1,171,2477,23,2,2013,7,99,99,0,15,6,UNICOI DR,,26,36.23751111,-82.32676944,0,3,0,0,1,1,0,4,2,2,0,2,0,0000000,99,99,99,99,88,88,0,0,0,1,0
47,470105,1,1,0,0,0,3,3,189,1360,10,2,2013,1,3,1,1,11,1,I-40,,119,36.18391944,-86.35661111,0,42,0,0,1,1,0,4,2,1,0,1,0,0000000,99,99,99,99,88,88,0,0,0,1,1
47,470106,2,2,0,0,0,3,3,5,0,14,2,2013,5,6,48,0,3,2,US-70 SR-1,,11,36.03835556,-88.18792222,0,12,2,0,1,1,0,1,1,1,0,1,1,0000000,99,99,99,99,99,99,0,0,0,1,0
47,470107,1,1,0,1,1,1,1,63,0,28,2,2013,5,12,45,1,11,1,I-81,,4,36.13676111,-83.27888611,0,8,0,0,1,1,1,1,1,1,0,1,0,0000000,99,99,99,99,99,99,0,0,0,1,0
47,470108,1,1,0,1,1,2,2,121,600,21,2,2013,5,18,25,0,4,3,SR-304 RIVER RD,,14,35.53283889,-84.79776111,0,8,0,0,1,1,0,1,5,2,0,2,0,0000000,99,99,99,99,88,88,0,0,0,1,0