STATE,ST_CASE,VE_TOTAL,VE_FORMS,PVH_INVL,PEDS,PERNOTMVIT,PERMVIT,PERSONS,COUNTY,CITY,DAY,MONTH,YEAR,DAY_WEEK,HOUR,MINUTE,NHS,ROAD_FNC,ROUTE,TWAY_ID,TWAY_ID2,MILEPT,LATITUDE,LONGITUD,SP_JUR,HARM_EV,MAN_COLL,RELJCT1,RELJCT2,TYP_INT,WRK_ZONE,REL_ROAD,LGT_COND,WEATHER1,WEATHER2,WEATHER,SCH_BUS,RAIL,NOT_HOUR,NOT_MIN,ARR_HOUR,ARR_MIN,HOSP_HR,HOSP_MN,CF1,CF2,CF3,FATALS,DRUNK_DR
47,470109,2,2,0,0,0,3,3,163,0,24,2,2013,1,15,45,0,14,3,SR-75,AIRPORT CIR,35,36.48373056,-82.41046111,0,12,6,0,2,2,0,1,1,1,0,1,0,0000000,99,99,99,99,99,99,0,0,0,1,0
47,470110,1,1,0,0,0,3,3,13,0,27,2,2013,4,20,15,0,4,2,US-25W SR-9,,36,36.57988889,-84.07751111,0,42,0,0,1,1,0,4,2,10,0,10,0,0000000,99,99,99,99,99,99,0,0,0,1,0
47,470112,1,1,0,0,0,1,1,9,0,4,3,2013,2,20,46,0,14,4,CR-MORGANTOWN RD,,30,35.68908056,-84.10233056,0,42,0,0,1,1,0,4,2,1,0,1,0,0000000,99,99,99,99,99,99,0,0,0,1,1
47,470113,1,1,0,1,1,1,1,157,1620,1,3,2013,6,18,30,1,13,2,US-61 SR-14 S THIRD ST,,92,35.10355278,-90.05548056,0,8,0,0,1,1,0,1,3,1,0,1,0,0000000,99,99,99,99,99,99,0,0,0,1,0
47,470114,1,1,0,0,0,2,2,149,1750,16,2,2013,7,20,41,0,16,6,RIVERVIEW DR,,14,35.87831667,-86.41363889,0,42,0,0,1,1,0,4,3,1,0,1,0,0000000,99,99,99,99,99,99,0,0,0,1,0
47,470115,2,2,0,0,0,6,6,107,0,20,2,2013,4,15,30,1,2,2,US-411 SR-30,CR-850,236,35.28860556,-84.54440556,0,12,6,0,2,3,0,1,1,1,0,1,0,0000000,99,99,99,99,99,99,0,0,0,3,0
47,470116,2,2,0,0,0,2,2,187,0,1,3,2013,6,9,10,0,5,4,CR-LEIPERS CREEK RD,CR-DAVIS HOLLOW RD,5,35.85615,-87.03538056,0,12,6,0,2,3,0,1,1,10,0,10,0,0000000,99,99,99,99,99,99,0,0,0,1,0
47,470117,1,1,0,0,0,2,2,119,1730,3,3,2013,1,3,20,0,5,6,CANAAN RD,,20,35.58018889,-87.18726111,0,1,0,0,1,1,0,4,2,1,0,1,0,0000000,99,99,99,99,99,99,0,0,0,1,1
47,470118,2,2,0,0,0,2,2,65,0,5,3,2013,3,19,0,0,14,3,SR-320 E BRAINERD RD,,59,35.00356111,-85.11653889,0,12,2,0,1,1,0,1,2,10,0,10,0,0000000,99,99,99,99,99,99,0,0,0,1,0
47,470119,3,3,0,0,0,4,4,3,2200,5,3,2013,3,13,3,1,13,2,US-231 SR-10 S CANNON BLVD,BROOKHAVEN CIR,83,35.45884444,-86.46946944,0,12,6,0,2,3,1,1,1,2,0,2,0,0000000,99,99,99,99,99,99,3,0,0,1,0
47,470120,2,2,0,0,0,2,2,31,0,5,3,2013,3,99,99,0,4,3,SR-127 HILLSBORO-VIOLA RD,CR-ASBURY RD,100,35.45841111,-85.92921111,0,12,6,0,2,2,0,1,2,3,0,3,0,0000000,99,99,99,99,88,88,0,0,0,1,0
47,470121,2,2,0,0,0,2,2,149,1750,8,3,2013,6,13,0,0,15,6,MEDICAL CENTER PKWY W LOKEY AV,CRANTLAND AVE,49,35.85573889,-86.39681944,0,12,6,0,3,3,0,1,1,1,0,1,0,0000000,99,99,99,99,99,99,0,0,0,1,0
47,470122,1,1,0,0,0,1,1,13,0,10,3,2013,1,22,25,0,6,4,CR-FLAT HOLLOW RD,,10,36.42619167,-83.94508056,0,42,0,0,1,1,0,4,2,1,0,1,0,0000000,99,99,99,99,99,99,0,0,0,1,1
47,470123,1,1,0,0,0,1,1,59,0,9,3,2013,7,99,99,0,5,4,CR-SUNNYDALE RD,,69,36.06696944,-82.8091,0,42,0,0,1,1,0,4,2,1,0,1,0,0000000,99,99,99,99,99,99,0,0,0,1,0
47,470124,3,3,0,0,0,6,6,65,2260,11,3,2013,2,12,25,0,14,4,CR-2158 SEQUOYAH ACCESS RD,VINE ST,45,35.24727222,-85.18068889,0,12,1,0,3,3,0,1,1,2,0,2,0,0000000,99,99,99,99,99,99,0,0,0,1,0
47,470125,2,2,0,0,0,3,3,65,400,13,3,2013,4,13,15,1,13,3,SR-153,,105,35.15446667,-85.24876944,0,12,2,0,1,1,0,1,1,1,0,1,0,0000000,99,99,99,99,99,99,0,0,0,1,0
47,470126,2,2,0,0,0,2,2,93,1300,15,3,2013,6,2,1,1,11,1,I-40,,207,35.98586389,-83.91049444,0,12,2,0,1,1,0,1,3,10,0,10,0,0000000,99,99,99,99,99,99,0,0,0,1,1
47,470127,2,2,0,0,0,2,2,157,1620,13,3,2013,4,12,45,1,13,3,SR-176 GETWELL RD,E RAINES RD,29,35.03678333,-89.93654167,0,24,0,0,3,2,0,4,1,1,0,1,0,0000000,99,99,99,99,99,99,0,0,0,1,0
47,470128,1,1,0,0,0,1,1,173,0,13,3,2013,4,19,37,0,4,3,SR-144 HICKORY STAR RD,,68,36.24211667,-83.8681,0,35,0,0,1,1,0,4,2,1,0,1,0,0000000,99,99,99,99,99,99,0,0,0,1,0
47,470129,1,1,0,1,1,1,1,157,1620,14,3,2013,5,16,3,0,16,6,E CANDLELIGHT DR,,1,35.03176389,-90.07378611,0,8,0,0,1,1,0,1,1,1,0,1,0,0000000,99,99,99,99,99,99,0,0,0,1,0
47,470130,1,1,0,1,1,1,1,65,750,18,2,2013,2,19,56,1,13,2,US-76/41 SR-8 RINGGOLD RD,N MACK SMITH RD,13,34.98946667,-85.20926667,0,8,0,0,2,2,0,1,3,1,0,1,0,0000000,99,99,99,99,99,99,0,0,0,1,0
47,470131,2,2,0,0,0,4,4,119,0,1,3,2013,6,13,15,1,2,2,US-412 SR-99 HAMPSHIRE PK,,103,35.6155,-87.16993889,0,12,2,0,1,1,0,1,1,10,0,10,0,0000000,99,99,99,99,99,99,0,0,0,1,1
47,470132,2,2,0,0,0,2,2,157,1620,16,3,2013,7,13,30,0,16,6,DELTA RD,JONETTA ST,4,35.01809444,-90.0758,0,12,6,0,2,2,0,1,1,1,0,1,0,0000000,99,99,99,99,99,99,0,0,0,1,0
47,470133,1,1,0,0,0,1,1,189,0,15,3,2013,6,23,51,0,5,4,CR-S COMMERCE RD,,54,36.14611111,-86.10806944,0,42,0,0,1,1,0,4,2,1,0,1,0,0000000,99,99,99,99,88,88,0,0,0,1,0
47,470134,1,1,0,0,0,2,2,163,1280,15,3,2013,6,21,55,0,14,3,SR-36 LYNN GARDEN DR,,132,36.58035833,-82.56798889,0,30,0,0,1,1,0,4,3,1,0,1,0,0000000,99,99,99,99,99,99,0,0,0,2,0
47,470135,2,2,0,0,0,3,3,157,1620,16,3,2013,7,19,3,0,14,6,PARK AVE,KEATING ST,5,35.10834722,-89.98076667,0,12,2,0,2,3,0,1,1,1,0,1,0,0000000,99,99,99,99,99,99,0,0,0,1,2
47,470136,2,2,0,0,0,2,2,187,833,4,3,2013,2,16,53,0,16,6,LAKE RD,,5,35.9887,-87.13086944,0,12,9,0,1,1,0,1,1,1,0,1,0,0000000,99,99,99,99,88,88,0,0,0,1,1
47,470137,1,1,0,0,0,1,1,145,1850,19,3,2013,3,19,29,1,13,3,SR-95 OAKRIDGE TURNPIKE,IMPERIUM DRIVE,73,35.96346944,-84.35643889,0,1,0,0,1,1,0,3,1,1,0,1,0,0000000,99,99,99,99,99,99,0,0,0,1,1
47,470138,3,3,0,0,0,3,3,79,0,20,3,2013,4,6,32,1,2,2,US-641 SR-69,,6,36.21398056,-88.20014167,0,12,8,0,1,1,0,1,1,1,0,1,0,0000000,99,99,99,99,99,99,0,0,0,1,0
47,470139,2,2,0,0,0,2,2,65,400,16,3,2013,7,13,56,1,11,1,I-75 US-11/64/74 SR-2,,96,35.07701111,-85.10053889,0,12,1,0,1,1,0,1,1,1,0,1,0,0000000,99,99,99,99,88,88,0,0,0,1,1
47,470140,2,2,0,0,0,2,2,187,850,7,1,2013,2,13,20,0,15,6,S CAROTHERS RD,,17,35.89506111,-86.81726111,0,5,0,0,1,1,0,1,1,1,0,1,0,0000000,99,99,99,99,99,99,14,0,0,1,0
47,470141,1,1,0,0,0,1,1,37,1760,11,1,2013,6,0,6,0,3,3,SR-100,,92,36.06131111,-86.9105,0,43,0,0,1,1,0,4,2,1,0,1,0,0000000,99,99,99,99,88,88,0,0,0,1,1
47,470142,2,1,1,0,1,1,2,37,1760,5,2,2013,3,19,29,0,16,6,BLAIR BLVD,CHESTERFIELD AVE,12,36.13197222,-86.816125,0,24,0,0,1,1,1,4,3,1,0,1,0,0000000,99,99,99,99,99,99,0,0,0,1,0
47,470143,1,1,0,0,0,1,1,5,0,21,2,2013,5,3,30,0,4,3,SR-192,,38,35.87251944,-88.14466111,0,42,0,0,1,1,0,4,2,10,0,10,0,0000000,99,99,99,99,88,88,20,0,0,1,1
47,470144,2,2,0,0,0,2,2,131,1860,24,2,2013,1,14,1,0,4,3,SR-183 W PALESTINE AVE,,89,36.26088056,-89.19987222,0,12,6,0,8,1,0,1,1,1,0,1,0,0000000,99,99,99,99,99,99,0,0,0,1,0
47,470145,1,1,0,0,0,1,1,149,2250,3,3,2013,1,18,36,0,14,3,SR-266 SAM RIDLEY PKWY,,43,35.99848056,-86.50561944,0,44,0,0,1,1,0,4,2,1,0,1,0,0000000,99,99,99,99,99,99,6,0,0,1,1
47,470146,2,2,0,0,0,4,4,17,1180,29,3,2013,6,13,10,0,3,2,US-70 SR-1 E MAIN ST,US-70 SR-364 VETERANS DR S,190,35.99506944,-88.43651111,0,12,6,0,2,2,0,1,1,2,0,2,0,0000000,99,99,99,99,99,99,0,0,0,1,1
47,470147,2,2,0,0,0,5,5,185,2310,16,3,2013,7,10,39,1,13,2,US-70 SR-26 W BROCKMAN WAY,,106,35.933525,-85.47928611,0,12,6,0,8,1,0,1,1,1,0,1,0,0000000,99,99,99,99,99,99,0,0,0,1,1
47,470148,1,1,0,0,0,1,1,5,330,16,3,2013,7,14,5,0,16,6,THE NESTERS RD,,2,36.03328056,-88.13011944,0,1,0,0,1,1,0,1,1,1,0,1,0,0000000,99,99,99,99,99,99,0,0,0,1,0
47,470149,1,1,0,0,0,1,1,97,0,16,3,2013,7,12,30,0,5,4,CR-CENTRAL-CURVE RD,,59,35.80746111,-89.51493056,0,53,0,0,1,1,0,4,1,1,0,1,0,0000000,99,99,99,99,88,88,0,0,0,1,0
47,470150,2,2,0,0,0,3,3,45,0,18,3,2013,2,17,56,0,4,3,SR-77,CR-TRIMBLE RD,55,36.11944722,-89.1832,0,12,6,0,2,2,0,1,1,10,0,10,0,0000000,99,99,99,99,99,99,0,0,0,1,0
47,470151,1,1,0,0,0,3,3,45,0,12,3,2013,3,16,30,1,2,2,US-51 SR-3,,150,36.08326944,-89.33266111,0,38,0,0,1,1,0,4,1,1,0,1,0,0000000,99,99,99,99,99,99,0,0,0,1,0
47,470152,1,1,0,0,0,4,4,51,0,19,3,2013,3,7,30,0,4,3,SR-130 OLD TULLAHOMA RD,,27,35.30895556,-86.22605,0,34,0,0,1,1,0,4,1,1,0,1,0,0000000,99,99,99,99,99,99,0,0,0,1,0
47,470153,2,2,0,0,0,4,4,93,1300,20,3,2013,4,8,22,1,13,2,US-25W SR-9 CLINTON PK,,94,36.00913333,-84.00375833,0,12,2,0,1,1,0,1,1,1,0,1,0,0000000,99,99,99,99,99,99,0,0,0,1,0
47,470154,2,2,0,0,0,2,2,9,30,25,3,2013,2,8,58,1,13,2,US-129 SR-115 AIRPORT HWY,STARLITE RD,190,35.85428056,-83.96136944,0,12,6,0,2,3,0,1,1,11,0,11,0,0000000,99,99,99,99,99,99,0,0,0,1,0
47,470155,3,3,0,0,0,5,5,99,1350,17,3,2013,1,17,35,1,13,2,US-64 SR-15 W GAINES ST,OLD WAYNESBORO HWY,148,35.24261111,-87.35507222,0,12,1,0,3,2,0,1,1,1,0,1,0,0000000,99,99,99,99,99,99,14,0,0,2,0
47,470156,1,1,0,0,0,1,1,1,0,24,3,2013,1,0,53,0,6,4,CR-OFFUTT SPUR RD,,7,36.18080833,-84.12676944,0,38,0,0,1,1,0,4,2,2,0,2,0,0000000,99,99,99,99,88,88,0,0,0,1,1
47,470157,1,1,0,0,0,1,1,183,0,24,3,2013,1,99,99,0,5,4,CR-HYNDSVER RD,,38,36.37601944,-88.75070833,0,42,0,0,1,1,0,4,3,2,0,2,0,0000000,99,99,99,99,99,99,0,0,0,1,1
47,470158,1,1,0,0,0,1,1,149,0,25,3,2013,2,16,11,0,4,3,SR-102 ALAMVILLE RD,,11,35.86400556,-86.58084444,0,59,0,0,1,1,0,4,1,1,0,1,0,0000000,99,99,99,99,88,88,0,0,0,1,0
47,470159,1,1,0,0,0,1,1,155,0,27,3,2013,4,21,14,0,6,4,CR-E BALL HOLLOW RD,,2,35.79296111,-83.29040833,0,35,0,0,8,1,0,4,2,1,0,1,0,0000000,99,99,99,99,88,88,4,0,0,1,1
47,470160,2,2,0,0,0,5,5,123,2369,21,3,2013,5,14,55,0,16,6,WILLIAMS ST,MONROE ST,17,35.60058889,-84.46783056,0,12,6,0,2,4,0,1,1,1,0,1,0,0000000,99,99,99,99,99,99,0,0,0,1,1
47,470161,1,1,0,0,0,1,1,157,1620,27,3,2013,4,15,1,1,13,3,SR-177 GERMANTOWN RD,,10,35.06646667,-89.81245833,0,42,0,0,1,1,0,4,1,1,0,1,0,0000000,99,99,99,99,88,88,0,0,0,1,0
47,470162,1,1,0,0,0,1,1,177,0,27,3,2013,4,6,50,0,4,3,SR-287 W GREENHILL RD,,261,35.83357778,-85.82042778,0,38,0,0,1,1,0,4,1,10,0,10,0,0000000,99,99,99,99,99,99,0,0,0,1,1
47,470163,1,1,0,0,0,1,1,163,1280,1,4,2013,2,8,10,0,14,4,CR-BLOOMINGDALE RD,CR-TIMBERTREE BRANCH RD,72,36.58083889,-82.43551944,0,34,0,0,3,3,0,4,4,5,0,5,0,0000000,99,99,99,99,88,88,0,0,0,1,0
47,470164,2,2,0,0,0,3,3,179,1250,27,3,2013,4,17,5,0,15,6,E LAKEVIEW DR,,17,36.34983333,-82.33513611,0,12,6,0,1,1,0,1,1,10,0,10,0,0000000,99,99,99,99,99,99,0,0,0,1,0
47,470165,1,1,0,1,1,1,1,157,1620,28,3,2013,5,22,1,1,13,2,US-51 SR-3 ELVIS PRESLEY BLVD,,41,35.05428056,-90.025,0,8,0,0,1,1,0,1,3,1,0,1,0,0000000,99,99,99,99,88,88,0,0,0,1,0
47,470166,2,2,0,0,0,2,2,35,540,29,3,2013,6,16,50,1,1,1,I-40,,145,35.99153889,-85.02826111,0,12,6,0,1,1,0,1,1,2,0,2,0,0000000,99,99,99,99,99,99,0,0,0,1,1
47,470167,2,2,0,0,0,2,2,125,410,31,3,2013,1,18,15,0,14,2,US-41A SR-112 MADISON ST,,106,36.51425556,-87.29696111,0,12,6,0,8,1,0,1,1,1,0,1,0,0000000,99,99,99,99,99,99,0,0,0,1,0
47,470168,1,1,0,0,0,2,2,113,0,23,3,2013,7,1,55,0,15,4,CR-8176 CHRISTMASVILLE RD,,58,35.712675,-88.76736111,0,42,0,0,1,1,0,4,3,1,0,1,0,0000000,99,99,99,99,99,99,0,0,0,1,0
47,470169,2,2,0,0,0,3,3,117,1380,1,4,2013,2,15,30,0,14,3,SR-373 MOORESVILLE HWY,OLD COLUMBIA HWY,77,35.45311944,-86.81046667,0,12,6,0,2,3,0,1,1,1,0,1,0,0000000,99,99,99,99,99,99,0,0,0,1,0
47,470171,3,3,0,1,1,4,4,21,0,14,3,2013,5,6,25,0,5,4,CR-CHEATHAM DAM RD,,1,36.3188,-87.19523889,0,12,6,0,1,1,0,1,2,1,0,1,0,0000000,99,99,99,99,99,99,23,0,0,1,0
47,470172,1,1,0,0,0,1,1,25,0,28,3,2013,5,21,30,0,5,4,CR-DOGWOOD RD,,108,36.47630278,-83.59777778,0,42,0,0,1,1,0,4,2,10,0,10,0,0000000,99,99,99,99,99,99,0,0,0,1,0
47,470173,1,1,0,0,0,1,1,13,0,1,4,2013,2,5,0,0,6,4,CR-MIDDLESBORO RD,,145,36.39685833,-84.08654444,0,43,0,0,1,1,0,4,2,5,0,5,0,0000000,99,99,99,99,99,99,0,0,0,1,0
47,470174,1,1,0,0,0,1,1,139,0,1,4,2013,2,5,15,0,5,4,CR-COOKSTON CREEK RD,,31,35.08029167,-84.65996667,0,42,0,0,1,1,0,4,2,5,0,5,0,0000000,99,99,99,99,88,88,4,0,0,1,0
47,470175,1,1,0,0,0,1,1,109,0,3,4,2013,4,8,58,0,4,3,SR-142,,57,35.14763056,-88.47296944,0,34,0,0,1,1,0,4,1,1,0,1,0,0000000,99,99,99,99,99,99,0,0,0,1,0
47,470176,1,1,0,0,0,1,1,135,0,6,4,2013,7,18,30,0,5,4,CR-1775 DENTON RD,,3,35.61208889,-87.98853056,0,35,0,0,1,1,0,4,1,1,0,1,0,0000000,99,99,99,99,99,99,0,0,0,1,1
47,470177,2,2,0,0,0,2,2,15,0,6,4,2013,7,12,45,0,3,3,SR-53 GASSAWAY RD,,143,35.82931667,-86.03839167,0,12,7,0,1,1,0,1,1,1,0,1,0,0000000,12,43,12,46,88,88,0,0,0,1,0
47,470178,3,3,0,0,0,6,6,157,1620,13,4,2013,7,13,50,1,13,2,US-61 SR-14 S THIRD ST,SR-175 SHELBY DR,29,35.02078611,-90.08780833,0,1,0,0,3,2,0,1,1,1,0,1,0,0000000,99,99,99,99,99,99,26,0,0,1,0
47,470179,1,1,0,0,0,3,3,89,0,4,4,2013,5,23,30,1,1,1,I-81,,30,36.09661667,-83.34872778,0,52,0,0,1,1,0,4,2,10,0,10,0,0000000,99,99,99,99,99,99,0,0,0,2,0
47,470180,3,3,0,1,1,3,3,157,1620,2,4,2013,3,20,28,1,13,6,WINCHESTER RD,CAZASSA RD,33,35.05365278,-90.00189444,0,8,0,0,3,2,0,1,3,2,0,2,0,0000000,99,99,99,99,99,99,0,0,0,1,0
47,470181,2,2,0,0,0,4,4,189,1360,30,3,2013,7,14,40,0,15,6,WINWOOD DR,WOODSIDE DR,12,36.20995278,-86.33758056,0,12,6,0,2,2,0,1,1,10,0,10,0,0000000,99,99,99,99,99,99,0,0,0,1,0
47,470182,2,2,0,0,0,2,2,157,450,6,4,2013,7,16,58,0,14,6,WOLF RIVER BLVD,JOHN RIDGE DR,25,35.08526944,-89.69220556,0,1,0,0,2,2,0,1,1,1,0,1,0,0000000,99,99,99,99,17,30,14,0,0,1,0
47,470183,1,1,0,0,0,1,1,181,0,7,4,2013,1,12,40,0,4,3,SR-203 LUTTS RD,CR-NICHOLS BRANCH RD,2,35.13391111,-87.98265,0,1,0,0,2,3,0,1,1,1,0,1,0,0000000,99,99,99,99,99,99,0,0,0,1,0
47,470184,1,1,0,0,0,1,1,59,0,11,4,2013,5,0,20,0,4,3,SR-348 MCDONALD RD,,88,36.18351944,-83.01911111,0,30,0,0,1,1,0,4,2,1,0,1,0,0000000,99,99,99,99,99,99,0,0,0,1,1
47,470185,1,1,0,0,0,1,1,93,1300,9,4,2013,3,7,1,1,11,1,I-640 US-25W SR-9,,14,36.009925,-83.93770278,0,24,0,0,1,1,0,4,4,1,0,1,0,0000000,99,99,99,99,99,99,0,0,0,1,0
47,470186,1,1,0,0,0,1,1,17,1180,9,4,2013,3,19,22,1,2,3,SR-22 W PARIS ST,,1,36.00678333,-88.43043333,0,35,0,0,1,1,0,4,1,1,0,1,0,0000000,99,99,99,99,99,99,0,0,0,1,0
47,470187,1,1,0,1,1,3,3,113,1200,22,3,2013,6,20,5,0,15,6,OLD HUMBOLDT RD,,8,35.70206944,-88.84365833,0,8,0,0,1,1,0,1,2,2,0,2,0,0000000,99,99,99,99,99,99,23,0,0,1,0
47,470188,1,1,0,0,0,2,2,37,1760,20,1,2013,1,1,39,0,16,6,WHEELER AVE,,2,36.09552222,-86.73350556,0,42,0,0,1,1,0,4,3,1,0,1,0,0000000,99,99,99,99,88,88,0,0,0,2,1
47,470189,1,1,0,0,0,2,2,37,1760,20,2,2013,4,99,99,0,16,6,BARCLAY AVE,,6,36.17484444,-86.71941944,0,5,0,0,1,1,0,1,2,1,0,1,0,0000000,99,99,99,99,88,88,99,99,99,1,0
47,470190,1,1,0,0,0,1,1,37,1760,22,2,2013,6,21,59,0,14,3,SR-155 THOMPSON LN,,155,36.11036389,-86.77225556,0,50,0,1,5,1,0,4,3,1,0,1,0,0000000,99,99,99,99,22,24,0,0,0,1,0
47,470191,1,1,0,0,0,1,1,37,1760,1,3,2013,6,8,42,0,14,6,BRICK CHURCH PK,MASONWOOD DR,26,36.24280833,-86.78046944,0,32,0,0,1,1,0,4,1,10,0,10,0,0000000,99,99,99,99,99,99,0,0,0,1,0
47,470192,1,1,0,0,0,1,1,37,1760,19,3,2013,3,13,26,1,12,3,SR-155 BRILEY PKWY,,201,36.22976111,-86.84121111,0,42,0,0,1,1,0,4,1,1,0,1,0,0000000,99,99,99,99,13,45,0,0,0,1,0
47,470193,2,2,0,0,0,4,4,93,1300,9,4,2013,3,16,32,0,14,3,SR-131 LOVELL RD,,28,35.93013056,-84.1472,0,12,2,0,1,1,0,1,1,1,0,1,0,0000000,99,99,99,99,99,99,0,0,0,2,0
47,470194,2,2,0,0,0,3,3,93,0,10,4,2013,4,16,13,0,5,4,CR-KIMBERLIN HEIGHTS RD,,38,35.92589167,-83.76460833,0,12,2,0,1,1,0,1,1,1,0,1,0,0000000,99,99,99,99,99,99,0,0,0,1,0
47,470195,1,1,0,1,1,1,1,157,1620,13,4,2013,7,11,10,0,14,6,PEABODY AVE,,4,35.13264167,-90.01840556,0,8,0,0,1,1,0,1,1,1,0,1,0,0000000,99,99,99,99,99,99,0,0,0,1,0
47,470196,3,3,0,0,0,3,3,157,1620,14,4,2013,1,1,40,0,15,6,PILOT DR,,37,35.04258889,-89.93123056,0,12,6,0,1,1,0,1,2,1,0,1,0,0000000,99,99,99,99,99,99,0,0,0,1,1
47,470197,1,1,0,0,0,2,2,163,1280,14,4,2013,1,18,7,1,11,1,I-81,,31,36.45224167,-82.52524167,0,1,0,1,19,1,0,4,1,1,0,1,0,0000000,99,99,99,99,99,99,0,0,0,1,0
47,470198,2,2,0,0,0,3,3,139,0,10,4,2013,4,6,29,1,2,2,US-64/74 SR-40,,202,35.0535,-84.4529,0,12,2,0,1,1,0,1,2,1,0,1,0,0000000,99,99,99,99,99,99,14,0,0,2,1
47,470199,1,1,0,0,0,1,1,103,0,9,4,2013,3,14,30,1,2,2,US-231 SR-10 SHELBYVILLE HWY,,181,35.23936389,-86.56379722,0,59,0,0,1,1,0,4,1,1,0,1,0,0000000,99,99,99,99,99,99,0,0,0,1,0
47,470200,1,1,0,0,0,2,2,165,0,10,4,2013,4,99,99,0,5,4,CR-DUTCH CREEK RD,,4,36.61808889,-86.32863889,0,5,0,0,1,1,0,1,1,1,0,1,0,0000000,99,99,99,99,88,88,0,0,0,1,0
47,470201,1,1,0,0,0,1,1,135,0,13,4,2013,7,18,10,1,2,2,US-412 SR-20,,90,35.61771111,-87.88499722,0,34,0,0,1,1,0,4,1,1,0,1,0,0000000,99,99,99,99,99,99,0,0,0,1,0
47,470202,1,1,0,0,0,3,3,129,0,11,4,2013,5,22,30,0,6,4,CR-LEONARD WILLIAMS RD,,1,36.0577,-84.53086111,0,42,0,0,1,1,0,4,2,2,0,2,0,0000000,99,99,99,99,99,99,0,0,0,1,0
47,470203,1,1,0,0,0,1,1,63,1700,14,4,2013,1,1,27,0,16,6,SHIELDS FERRY RD,,4,36.232775,-83.29651111,0,30,0,0,1,1,0,4,2,1,0,1,0,0000000,99,99,99,99,99,99,0,0,0,1,1
47,470204,1,1,0,0,0,1,1,179,1250,18,4,2013,5,18,0,0,14,6,E OAKLAND AVE,,16,36.36034167,-82.381225,0,30,0,0,1,1,0,4,1,1,0,1,0,0000000,99,99,99,99,99,99,0,0,0,1,1
47,470205,2,2,0,0,0,2,2,125,410,5,4,2013,6,5,12,0,14,3,SR-237 ROSSVIEW RD,,20,36.55478056,-87.25380278,0,12,2,0,1,1,0,1,2,5,0,5,0,0000000,99,99,99,99,99,99,0,0,0,1,0
47,470206,2,2,0,0,0,2,2,177,0,14,4,2013,1,3,20,1,2,2,US-70S SR-1 SPARTA HWY,SR-136 ROCK ISLAND RD,240,35.77620556,-85.61291667,0,12,6,0,2,2,0,1,2,1,0,1,0,0000000,99,99,99,99,99,99,0,0,0,1,1
47,470207,3,2,1,0,0,2,2,163,1953,18,4,2013,5,16,47,0,4,4,CR-DEVAULT BRIDGE RD,,42,36.44996389,-82.37401111,0,12,2,0,1,1,0,1,1,1,0,1,0,0000000,99,99,99,99,99,99,0,0,0,1,0
47,470208,1,1,0,2,2,1,1,157,1620,20,4,2013,7,22,23,1,13,3,SR-176 NEW GETWELL RD,,57,35.07459167,-89.93169722,0,8,0,0,1,1,0,1,3,1,0,1,0,0000000,99,99,99,99,99,99,0,0,0,2,1
47,470209,4,4,0,0,0,7,7,9,1570,20,4,2013,7,10,7,1,13,2,US-321 SR-73 W LAMAR ALEXANDER,SR-335 WILLIAM BLOUNT DR,77,35.75679722,-84.04548889,0,12,1,0,2,2,0,1,1,1,0,1,0,0000000,99,99,99,99,99,99,0,0,0,1,1
47,470210,2,2,0,0,0,3,3,157,1620,21,4,2013,1,0,15,0,15,6,SCHOOLFIELD RD,LAKE PARK RD,6,35.229825,-89.96841944,0,12,6,0,2,2,0,1,3,1,0,1,0,0000000,99,99,99,99,99,99,0,0,0,1,0
47,470211,1,1,0,0,0,1,1,65,400,16,4,2013,3,23,58,0,3,3,SR-27 SUCK CREEK RD,,1,35.10248889,-85.35478056,0,42,0,0,1,1,0,4,2,1,0,1,0,0000000,99,99,99,99,88,88,18,0,0,1,1
47,470212,2,2,0,0,0,4,4,141,480,30,3,2013,7,18,39,0,6,4,CR-LONG LANE RD,,1,36.1081,-85.53353056,0,12,6,0,1,1,0,1,2,1,0,1,0,0000000,99,99,99,99,99,99,0,0,0,1,1
47,470213,1,1,0,0,0,1,1,17,0,5,4,2013,6,99,99,0,3,2,US-70 SR-1 BROADWAY OF AMERICA,,105,35.90090278,-88.52670833,0,35,0,0,1,1,0,4,2,1,0,1,0,0000000,99,99,99,99,88,88,0,0,0,1,1
47,470214,1,1,0,2,2,1,1,65,400,19,4,2013,6,23,32,1,13,2,US-11 SR-2 BAILEY AVE,KELLY ST S,24,35.03175556,-85.27167778,0,8,0,0,2,2,0,1,3,1,0,1,0,0000000,99,99,99,99,99,99,0,0,0,1,1
47,470216,1,1,0,0,0,1,1,173,0,22,4,2013,2,11,42,0,6,4,CR-WALKER FORD RD,,15,36.32986389,-83.7016,0,1,0,0,1,1,0,1,1,1,0,1,0,0000000,99,99,99,99,99,99,0,0,0,1,0
47,470217,2,2,0,0,0,2,2,65,400,24,4,2013,4,14,47,1,11,1,I-24 US-27,,90,35.02086944,-85.29703611,0,12,1,0,1,1,0,1,1,2,0,2,0,0000000,99,99,99,99,99,99,28,0,0,1,0
47,470218,1,1,0,0,0,1,1,61,1033,23,4,2013,3,14,17,0,16,6,20TH AVE N,,14,35.38919167,-85.65326111,0,30,0,0,1,1,0,4,1,1,0,1,0,0000000,99,99,99,99,99,99,0,0,0,1,0