STATE,ST_CASE,VE_TOTAL,VE_FORMS,PVH_INVL,PEDS,PERNOTMVIT,PERMVIT,PERSONS,COUNTY,CITY,DAY,MONTH,YEAR,DAY_WEEK,HOUR,MINUTE,NHS,ROAD_FNC,ROUTE,TWAY_ID,TWAY_ID2,MILEPT,LATITUDE,LONGITUD,SP_JUR,HARM_EV,MAN_COLL,RELJCT1,RELJCT2,TYP_INT,WRK_ZONE,REL_ROAD,LGT_COND,WEATHER1,WEATHER2,WEATHER,SCH_BUS,RAIL,NOT_HOUR,NOT_MIN,ARR_HOUR,ARR_MIN,HOSP_HR,HOSP_MN,CF1,CF2,CF3,FATALS,DRUNK_DR
47,470219,2,2,0,0,0,2,2,111,0,21,4,2013,1,19,50,0,6,4,CR-TANYARD RD,CR-WOODARD RD,26,36.48394722,-85.92638889,0,12,7,0,2,3,0,1,2,1,0,1,0,0000000,99,99,99,99,99,99,0,0,0,1,0
47,470220,1,1,0,1,1,2,2,157,1620,24,4,2013,4,20,10,0,14,6,FRAYSER BLVD,ARDMORE ST,25,35.21705278,-89.98637222,0,8,0,0,3,3,0,1,3,1,0,1,0,0000000,99,99,99,99,99,99,0,0,0,1,0
47,470222,2,2,0,0,0,6,6,123,0,19,4,2013,6,22,45,1,2,2,US-411 SR-33,,107,35.5584,-84.3028,0,12,2,0,1,1,0,1,2,1,0,1,0,0000000,99,99,99,99,99,99,0,0,0,1,1
47,470223,3,3,0,0,0,3,3,93,0,27,4,2013,7,10,55,0,14,3,SR-131 E EMORY RD,,206,36.0855,-83.9199,0,12,1,0,1,1,0,1,1,2,0,2,0,0000000,99,99,99,99,99,99,19,0,0,1,0
47,470224,1,1,0,0,0,2,2,43,0,19,4,2013,6,99,99,0,6,4,CR-COWAN RD,,10,36.04854444,-87.38413889,0,53,0,0,1,1,0,4,1,1,0,1,0,0000000,99,99,99,99,99,99,0,0,0,1,1
47,470225,1,1,0,1,1,1,1,157,1620,20,4,2013,7,7,36,1,13,2,US-51 SR-3 ELVIS PRESLEY BLVD,,24,35.02927778,-90.02518056,0,8,0,0,8,1,0,1,1,1,0,1,0,0000000,99,99,99,99,88,88,0,0,0,1,0
47,470226,2,2,0,0,0,3,3,163,290,29,4,2013,2,19,20,0,15,4,CR-CARDEN HOLLOW RD,,6,36.53644444,-82.26721111,0,12,6,0,1,1,0,1,1,1,0,1,0,0000000,99,99,99,99,99,99,0,0,0,1,1
47,470227,2,2,0,0,0,4,4,183,0,22,4,2013,2,10,18,1,2,2,US-45E SR-43,,150,36.40543889,-88.8548,0,12,1,0,1,1,2,1,1,1,0,1,0,0000000,99,99,99,99,99,99,3,0,0,1,0
47,470228,1,1,0,0,0,1,1,37,0,31,3,2013,1,6,7,1,11,1,I-65,,163,36.25923889,-86.73823333,0,25,0,0,1,1,0,3,1,2,0,2,0,0000000,99,99,99,99,6,14,0,0,0,1,1
47,470229,2,2,0,0,0,5,5,35,533,10,4,2013,4,18,25,0,4,2,US-70 SR-1,REDWINE RD,236,35.90900556,-84.89653333,0,12,7,0,2,3,0,1,1,1,0,1,0,0000000,99,99,99,99,99,99,0,0,0,1,1
47,470230,1,1,0,0,0,1,1,61,0,1,5,2013,4,11,10,0,4,3,SR-50,,28,35.310125,-85.86523056,0,38,0,0,1,1,0,4,1,1,0,1,0,0000000,99,99,99,99,99,99,0,0,0,1,0
47,470231,2,1,1,0,0,1,1,65,400,26,4,2013,6,99,99,0,16,6,VIRGINIA AVE,,2,35.00117222,-85.32835278,0,14,0,0,1,1,0,4,2,2,0,2,0,0000000,99,99,99,99,99,99,0,0,0,1,1
47,470232,2,2,0,0,0,3,3,187,0,2,5,2013,5,7,0,0,3,2,US-31 SR-6 COLUMBIA PK,CR-KITTRELL RD,80,35.86102222,-86.88411111,0,12,6,0,2,3,0,1,1,98,0,98,1,0000000,99,99,99,99,99,99,0,0,0,1,1
47,470233,4,4,0,0,0,4,4,37,960,24,4,2013,4,12,7,1,11,1,I-65,,211,36.31831389,-86.70240278,0,12,7,0,1,1,0,1,1,1,0,1,0,0000000,99,99,99,99,88,88,14,0,0,1,0
47,470234,1,1,0,0,0,1,1,35,0,27,4,2013,7,20,37,1,2,2,US-127 SR-28 N MAIN ST,,299,36.16495556,-85.02711667,0,35,0,0,1,1,0,4,2,2,0,2,0,0000000,99,99,99,99,99,99,0,0,0,1,0
47,470235,1,1,0,1,1,1,1,65,400,4,5,2013,7,14,8,0,14,3,SR-58 OCHS HWY,,299,35.00620556,-85.33149444,0,9,0,0,1,1,0,1,1,2,0,2,0,0000000,99,99,99,99,88,88,0,0,0,1,0
47,470236,1,1,0,0,0,2,2,165,1085,4,5,2013,7,99,99,0,16,6,SAUNDERSVILLE RD,,4,36.32783611,-86.59933611,0,30,0,0,1,1,0,4,3,2,0,2,0,0000000,99,99,99,99,88,88,0,0,0,2,1
47,470237,2,2,0,0,0,4,4,59,2473,1,5,2013,4,14,58,0,5,3,SR-107 ERWIN HWY,HARLAN ST,8,36.18555,-82.76183056,0,12,6,0,2,3,0,1,1,1,0,1,0,0000000,99,99,99,99,99,99,0,0,0,1,0
47,470238,1,1,0,0,0,7,7,149,0,5,5,2013,1,11,10,1,2,3,SR-840,,174,36.00489167,-86.42837222,0,35,0,0,1,1,0,3,1,10,0,10,0,0000000,99,99,99,99,99,99,0,0,0,1,0
47,470239,1,1,0,0,0,1,1,165,0,15,4,2013,2,10,12,0,3,3,SR-174 LONG HOLLOW PK,,89,36.38594444,-86.57306389,0,38,0,0,1,1,0,4,1,1,0,1,0,0000000,99,99,99,99,99,99,0,0,0,1,0
47,470240,2,2,0,1,1,2,2,59,1010,5,5,2013,1,22,20,1,13,2,US-11EBR SR-107 TUSCULUM BLVD,,182,36.17456667,-82.79180833,0,8,0,0,1,1,0,1,3,2,0,2,0,0000000,99,99,99,99,99,99,0,0,0,1,0
47,470241,2,2,0,0,0,3,3,123,0,29,4,2013,2,14,14,0,3,3,SR-72,CR-DIAMOND BRANCH RD,18,35.58140833,-84.11528333,0,12,6,0,2,3,0,1,1,1,0,1,0,0000000,99,99,99,99,99,99,0,0,0,1,0
47,470242,2,2,0,0,0,3,3,9,0,30,4,2013,3,17,40,1,2,2,US-321 SR-73 E LAMAR ALEXANDER,CR-W MILLERS COVE RD,227,35.71491389,-83.82040556,0,12,6,0,2,3,0,1,1,1,0,1,0,0000000,99,99,99,99,99,99,0,0,0,1,0
47,470243,2,2,0,0,0,5,5,93,0,2,5,2013,5,17,32,0,4,3,SR-170 RACCOON VALLEY DR,,32,36.090775,-84.04136111,0,12,2,0,1,1,0,1,1,10,0,10,0,0000000,99,99,99,99,99,99,0,0,0,3,1
47,470245,1,1,0,0,0,1,1,93,1300,8,5,2013,4,7,48,0,16,4,CR-TIPTON STATION RD,,3,35.89598889,-83.83324722,0,42,0,0,1,1,0,4,1,2,0,2,0,0000000,99,99,99,99,99,99,0,0,0,1,0
47,470246,1,1,0,0,0,1,1,155,0,7,5,2013,3,15,7,0,6,4,CR-PERRY CATLETT DR,CR-LUTHER CATLETT CIR,1,35.94877222,-83.54623889,0,35,0,0,3,3,0,5,1,10,0,10,0,0000000,99,99,99,99,99,99,0,0,0,1,0
47,470247,2,2,0,0,0,4,4,63,1700,5,5,2013,1,12,50,1,13,6,E MORRIS BLVD,,8,36.24251389,-83.22356389,0,12,6,0,1,1,0,1,1,2,0,2,0,0000000,99,99,99,99,99,99,0,0,0,2,0
47,470248,1,1,0,0,0,1,1,169,0,15,4,2013,2,0,55,0,4,3,SR-141 HWY 141 N,,28,36.4182,-86.18071389,0,35,0,0,1,1,0,4,2,1,0,1,0,0000000,99,99,99,99,88,88,0,0,0,1,0
47,470249,1,1,0,0,0,1,1,147,499,10,5,2013,6,2,33,0,3,2,US-431 SR-65 TOM AUSTIN MEMORI,,7,36.39818333,-86.90041944,0,34,0,0,1,1,0,4,2,1,0,1,0,0000000,99,99,99,99,99,99,0,0,0,1,1
47,470250,1,1,0,0,0,1,1,35,0,1,5,2013,4,9,5,1,2,2,US-137 SR-28 US-127 S,,107,35.91209444,-84.99216389,0,24,0,0,1,1,0,4,1,1,0,1,0,0000000,99,99,99,99,99,99,0,0,0,1,1
47,470251,1,1,0,0,0,1,1,179,1250,12,5,2013,1,13,1,0,16,6,COLLEGE HEIGHTS RD,,3,36.296725,-82.36643889,0,42,0,0,1,1,0,4,1,1,0,1,0,0000000,99,99,99,99,99,99,0,0,0,1,1
47,470252,1,1,0,0,0,1,1,133,0,8,5,2013,4,19,12,0,6,4,CR-CHARLEY BROWN RD,,5,36.438525,-85.46306389,0,42,0,0,1,1,0,4,1,1,0,1,0,0000000,99,99,99,99,99,99,0,0,0,1,0
47,470253,1,1,0,0,0,2,2,71,2140,10,5,2013,6,13,55,1,13,2,US-64 SR-15 MAIN ST,PICKWICK ST N,73,35.22456389,-88.24649167,0,30,0,0,3,2,0,4,1,10,0,10,0,0000000,99,99,99,99,99,99,0,0,0,1,0
47,470254,1,1,0,0,0,3,3,113,1200,27,4,2013,7,8,1,1,11,1,I-40,,100,35.64613056,-88.90483056,0,42,0,0,1,1,0,4,1,2,0,2,0,0000000,99,99,99,99,99,99,0,0,0,1,0
47,470255,2,2,0,0,0,2,2,157,1620,8,5,2013,4,7,45,0,14,6,MILL BRANCH RD,NONCONNAH BLVD,53,35.07095,-90.00755556,0,12,6,1,2,2,0,1,1,1,0,1,0,0000000,99,99,99,99,99,99,0,0,0,1,0
47,470256,2,2,0,0,0,4,4,57,173,7,5,2013,3,14,18,1,2,2,US-25 E SR-32,PENINSULA DR,22,36.291725,-83.2846,0,12,6,0,3,3,0,1,1,10,0,10,0,0000000,99,99,99,99,99,99,0,0,0,1,0
47,470257,2,2,0,1,1,2,2,37,1760,9,2,2013,7,2,57,1,11,1,I-24,,241,36.04573889,-86.65988611,0,8,0,0,1,1,0,1,3,1,0,1,0,0000000,99,99,99,99,88,88,0,0,0,1,0
47,470258,2,2,0,0,0,5,5,167,0,27,4,2013,7,15,28,0,4,3,SR-206 ATOKA IDAVILLE RD,CR-FAYNE RD,52,35.43481667,-89.73140556,0,12,6,0,2,2,0,1,1,1,0,1,0,0000000,99,99,99,99,99,99,0,0,0,1,0
47,470259,2,2,0,0,0,2,2,157,1620,14,5,2013,3,8,40,1,11,1,I-240 RAMP,,29,35.11208056,-90.02883611,0,1,0,1,5,1,0,1,1,1,0,1,0,0000000,99,99,99,99,99,99,0,0,0,1,0
47,470260,1,1,0,0,0,1,1,111,0,6,5,2013,2,14,30,0,4,3,SR-262 UNION CAMP RD,,9,36.4891,-85.97792222,0,35,0,0,1,1,0,4,1,2,0,2,0,0000000,99,99,99,99,99,99,0,0,0,1,0
47,470261,3,3,0,0,0,3,3,55,0,3,5,2013,6,13,50,1,13,2,US-31A SR-11 LEWISBURG HWY,,194,35.21451667,-87.00215,0,12,6,0,1,1,0,1,1,1,0,1,0,0000000,99,99,99,99,99,99,0,0,0,1,0
47,470262,1,1,0,0,0,1,1,11,420,6,5,2013,2,14,42,0,14,3,SR-306 EIREKA RD NW,,3,35.23843889,-84.88620833,0,34,0,0,1,1,0,4,1,10,0,10,0,0000000,99,99,99,99,88,88,0,0,0,1,1
47,470263,1,1,0,0,0,1,1,93,504,2,2,2013,7,2,30,0,5,6,ROBERTS RD,,34,36.12275,-83.80365,0,42,0,0,1,1,0,4,2,1,0,1,0,0000000,99,99,99,99,99,99,0,0,0,1,1
47,470264,1,1,0,0,0,2,2,177,0,8,3,2013,6,99,99,0,6,4,CR-ROY FOSTER RD,,3,35.81805,-85.78608889,0,35,0,0,1,1,0,4,2,1,0,1,0,0000000,99,99,99,99,88,88,4,0,0,1,1
47,470265,1,1,0,0,0,2,2,43,0,8,5,2013,4,20,52,0,4,3,SR-235 SYLVIA RD,,28,36.1206,-87.43375,0,11,0,0,1,1,0,1,2,1,0,1,0,0000000,99,99,99,99,99,99,0,0,0,1,0
47,470266,1,1,0,0,0,1,1,109,842,17,5,2013,6,15,20,0,4,3,SR-199 FINGER-LEAPWOOD RD,,27,35.35691944,-88.59500556,0,21,0,0,1,1,0,4,1,10,0,10,0,0000000,99,99,99,99,99,99,0,0,0,1,1
47,470267,1,1,0,0,0,1,1,107,0,9,5,2013,5,12,38,0,3,3,SR-30 S WHITE ST,,132,35.40906944,-84.58164444,0,1,0,0,1,1,1,1,1,1,0,1,0,0000000,99,99,99,99,88,88,4,26,0,1,0
47,470268,1,1,0,0,0,1,1,121,0,10,5,2013,6,20,32,0,3,3,SR-58,,88,35.41333056,-84.88799722,0,24,0,0,1,1,0,4,5,10,0,10,0,0000000,99,99,99,99,99,99,0,0,0,1,0
47,470269,1,1,0,0,0,1,1,121,0,12,5,2013,1,17,7,0,5,4,CR-LAMONTVILLE RD,CR-MT CARMEL RD,12,35.38980833,-84.88137778,0,30,0,0,1,1,0,4,1,1,0,1,0,0000000,99,99,99,99,88,88,0,0,0,1,1
47,470270,1,1,0,0,0,1,1,123,2369,11,5,2013,7,99,99,1,13,3,SR-68,,16,35.59610556,-84.49250278,0,42,0,0,1,1,0,4,9,1,0,1,0,0000000,99,99,99,99,99,99,18,0,0,1,0
47,470271,1,1,0,0,0,1,1,167,0,18,5,2013,7,99,99,0,4,3,SR-59 W,,22,35.50185,-89.9132,0,42,0,0,1,1,0,4,2,1,0,1,0,0000000,99,99,99,99,88,88,0,0,0,1,1
47,470272,1,1,0,0,0,1,1,177,0,10,5,2013,6,0,20,0,6,4,CR-SPRING VALLEY RD,CR-BYBEE BRANCH RD,11,35.71738611,-85.82361111,0,1,0,0,3,3,0,4,2,1,0,1,0,0000000,99,99,99,99,88,88,0,0,0,1,0
47,470273,1,1,0,0,0,1,1,83,0,20,5,2013,2,11,50,0,6,4,CR-LIME KILN RD,,18,36.29695,-87.74695833,0,42,0,0,1,1,0,4,1,1,0,1,0,0000000,99,99,99,99,88,88,0,0,0,1,0
47,470274,3,3,0,0,0,3,3,85,1500,14,5,2013,3,14,22,0,3,2,US-70 SR-1 BROADWAY OF AMERICA,SR-231 MAIN ST,224,36.10751111,-87.633725,0,12,6,0,2,3,0,1,1,1,0,1,0,0000000,99,99,99,99,99,99,0,0,0,1,0
47,470275,2,2,0,0,0,2,2,37,1760,7,4,2013,1,23,18,0,14,2,US-41/31A SR-11 DICKERSON PK,,153,36.211025,-86.76541111,0,12,6,0,8,1,0,1,3,1,0,1,0,0000000,99,99,99,99,99,99,0,0,0,1,0
47,470276,2,2,0,0,0,2,2,111,0,7,5,2013,3,14,10,1,2,3,SR-52 W,,27,36.52892778,-86.17911389,0,12,2,0,1,1,0,1,1,1,0,1,0,0000000,99,99,99,99,99,99,0,0,0,1,0
47,470277,2,2,0,1,1,2,2,125,410,16,5,2013,5,14,59,1,11,1,I-24,,14,36.62978611,-87.31687222,0,12,7,0,1,1,1,2,1,1,0,1,0,0000000,99,99,99,99,99,99,14,19,27,1,0
47,470278,2,2,0,0,0,2,2,177,1530,14,5,2013,3,17,40,0,4,3,SR-127 SHELLSFORD RD,CR-ZERA HILLIS RD,38,35.65953889,-85.74973333,0,12,2,0,2,3,0,1,1,1,0,1,0,0000000,99,99,99,99,99,99,0,0,0,2,1
47,470279,2,2,0,0,0,2,2,65,400,11,5,2013,7,19,22,1,13,2,US-27 SR-27,,61,35.01088333,-85.29404444,0,12,2,0,1,1,0,1,1,10,0,10,0,0000000,99,99,99,99,99,99,0,0,0,1,1
47,470280,2,2,0,0,0,2,2,157,1620,18,5,2013,7,14,15,0,16,6,HOLLY CIR,AIRWAYS BLVD,38,35.05006389,-89.98973333,0,12,6,0,3,3,0,1,1,1,0,1,0,0000000,99,99,99,99,99,99,0,0,0,1,0
47,470281,2,2,0,0,0,3,3,119,470,8,5,2013,4,14,10,1,2,2,US-43 S SR-6 LAWRENCEBURG HWY,OLD ZION RD,144,35.58601111,-87.13305,0,12,6,0,2,2,0,1,1,1,0,1,0,0000000,99,99,99,99,99,99,0,0,0,2,0
47,470282,2,2,0,0,0,3,3,113,0,18,5,2013,7,10,57,1,1,1,I-40,,59,35.62451111,-88.97726667,0,12,1,0,1,1,0,1,1,1,0,1,0,0000000,99,99,99,99,88,88,27,0,0,1,0
47,470283,2,2,0,0,0,3,3,55,0,21,4,2013,1,12,39,0,5,4,CR-INDUSTRIAL LOOP RD,,30,35.23603056,-87.04737778,0,12,2,0,1,1,0,1,1,1,0,1,0,0000000,99,99,99,99,99,99,0,0,0,1,0
47,470284,1,1,0,0,0,3,3,131,0,19,5,2013,1,10,25,0,4,3,SR-21,,56,36.34473889,-89.31395833,0,42,0,0,1,1,0,4,1,1,0,1,0,0000000,99,99,99,99,99,99,0,0,0,2,0
47,470285,2,2,0,0,0,2,2,77,0,20,5,2013,2,17,47,1,2,2,US-412 SR-20,CR-SAND RIDGE RD,76,35.67875,-88.4792,0,12,6,0,2,4,0,1,1,1,0,1,0,0000000,99,99,99,99,99,99,0,0,0,1,0
47,470286,3,3,0,0,0,3,3,163,1280,11,5,2013,7,20,51,1,11,1,I-26 US-23 JAMES H QUILLEN PKW,,61,36.54034167,-82.58235833,0,12,2,0,1,1,0,1,2,10,0,10,0,0000000,99,99,99,99,99,99,0,0,0,2,1
47,470287,1,1,0,1,1,1,1,79,1910,7,5,2013,3,10,58,1,13,2,US-641 SR-54 N MARKET ST,,124,36.32064444,-88.32475833,0,9,0,0,1,1,0,1,1,1,0,1,0,0000000,99,99,99,99,99,99,16,0,0,1,0
47,470288,1,1,0,1,1,2,2,93,1300,24,5,2013,6,16,36,1,13,3,SR-62 WESTERN AVE,SULLIVAN RD,118,35.97531944,-84.00231667,0,9,0,0,3,3,0,1,1,1,0,1,0,0000000,99,99,99,99,99,99,0,0,0,1,0
47,470289,1,1,0,0,0,1,1,93,1300,23,5,2013,5,22,41,1,13,2,US-441 SR-71 CHAPMAN HWY,,70,35.92952222,-83.899425,0,33,0,0,1,1,0,4,3,10,0,10,0,0000000,99,99,99,99,99,99,0,0,0,1,1
47,470290,2,2,0,0,0,2,2,117,0,24,5,2013,6,10,43,0,4,3,SR-129 LYNNVILLE HWY,,0,35.37378056,-86.92443056,0,12,6,0,8,1,0,1,1,1,0,1,0,0000000,99,99,99,99,99,99,0,0,0,1,0
47,470291,1,1,0,0,0,2,2,65,2260,25,5,2013,7,3,0,0,14,6,THRASHER RD,,3,35.21040278,-85.21308333,0,1,0,0,1,1,0,4,2,1,0,1,0,0000000,99,99,99,99,99,99,0,0,0,1,1
47,470292,1,1,0,0,0,1,1,157,1620,26,5,2013,1,19,0,0,15,6,RAINES RD,,12,35.035875,-90.10358056,0,33,0,0,1,1,0,4,1,1,0,1,0,0000000,99,99,99,99,99,99,0,0,0,1,0
47,470293,2,2,0,0,0,2,2,165,1970,25,5,2013,7,8,8,1,2,3,SR-109,,143,36.52125,-86.50148611,0,12,6,0,1,1,0,1,1,1,0,1,0,0000000,99,99,99,99,88,88,0,0,0,1,0
47,470294,1,1,0,0,0,1,1,149,0,25,5,2013,7,11,30,1,11,1,I-24,,234,35.75104722,-86.34363889,0,24,0,0,1,1,0,3,1,1,0,1,0,0000000,99,99,99,99,99,99,0,0,0,1,0
47,470295,1,1,0,0,0,1,1,9,0,18,5,2013,7,1,27,1,13,2,US-321 SR-73 E LAMAR ALEXANDER,,171,35.75836944,-83.88070556,0,21,0,0,1,1,0,3,2,2,0,2,0,0000000,99,99,99,99,88,88,0,0,0,1,1
47,470296,1,1,0,0,0,1,1,19,0,24,5,2013,6,3,50,0,14,3,SR-91 STONEY CREEK RD,,55,36.36960278,-82.15858889,0,33,0,0,1,1,0,4,2,2,0,2,0,0000000,99,99,99,99,99,99,0,0,0,1,0
47,470297,3,3,0,0,0,7,7,149,0,9,5,2013,5,16,40,1,2,2,US-70 S SR-1 JOHN BRAGG HWY,CR-DOUBLE SPRINGS RD,206,35.83115,-86.33508611,0,12,6,0,2,3,0,1,1,1,0,1,0,0000000,99,99,99,99,99,99,0,0,0,1,1
47,470298,1,1,0,0,0,5,5,177,0,9,5,2013,5,20,40,0,5,4,CR-VERVILLA RD,,65,35.64311111,-85.81878333,0,38,0,0,1,1,0,4,2,1,0,1,0,0000000,99,99,99,99,99,99,0,0,0,1,0
47,470299,1,1,0,1,1,1,1,111,0,17,5,2013,6,16,45,0,5,4,CR-ROCKY MOUND RD,,4,36.53951111,-86.18806944,0,8,0,0,1,1,0,1,1,10,0,10,0,0000000,99,99,99,99,99,99,0,0,0,1,0
47,470300,2,2,0,0,0,3,3,57,0,18,5,2013,7,15,40,0,3,2,US-11W SR-1,,217,36.30944167,-83.41666389,0,12,6,0,8,1,0,1,1,2,0,2,0,0000000,99,99,99,99,99,99,0,0,0,1,1
47,470301,2,2,0,0,0,3,3,143,0,20,5,2013,2,9,42,0,5,4,CR-BLACK OAK RIDGE RD,,29,35.46118611,-85.03348333,0,12,2,0,1,1,0,1,1,1,0,1,0,0000000,99,99,99,99,99,99,0,0,0,1,0
47,470302,1,1,0,0,0,1,1,167,0,22,5,2013,4,99,99,0,6,4,CR-ANTIOCH-COTTON LAKE RD,,31,35.56916389,-89.51451111,0,32,0,0,1,1,0,4,1,1,0,1,0,0000000,99,99,99,99,88,88,18,0,0,1,1
47,470303,1,1,0,0,0,1,1,149,0,23,5,2013,5,23,10,0,6,4,CR-NEW TOWN RD,,5,35.69931111,-86.53591944,0,5,0,0,1,1,0,1,2,10,0,10,0,0000000,99,99,99,99,88,88,0,0,0,1,1
47,470304,1,1,0,0,0,2,2,3,2200,27,5,2013,2,16,56,0,14,6,GOWAN DR,,12,35.49508889,-86.45068056,0,30,0,0,1,1,0,4,1,1,0,1,0,0000000,99,99,99,99,99,99,0,0,0,1,1
47,470305,1,1,0,0,0,2,2,165,890,28,5,2013,3,17,50,1,13,3,SR-25,,187,36.39561389,-86.37586389,0,53,0,0,1,1,0,4,1,1,0,1,0,0000000,99,99,99,99,99,99,0,0,0,1,0
47,470307,2,2,0,1,1,2,2,157,90,17,5,2013,6,2,58,0,16,6,HARRELL RD,,1,35.27605833,-89.63621389,0,12,8,0,1,1,0,1,2,10,0,10,0,0000000,99,99,99,99,88,88,0,0,0,1,1
47,470308,2,2,0,1,1,6,6,41,0,26,5,2013,1,18,58,0,5,4,CR-CASEY COVE RD,,48,36.01978889,-85.82613889,0,9,0,0,1,1,0,1,1,1,0,1,0,0000000,99,99,99,99,99,99,0,0,0,1,1
47,470309,3,3,0,1,1,7,7,37,1760,20,3,2013,4,23,24,1,11,1,I-24,,246,36.04149444,-86.65259167,0,8,0,0,1,1,0,1,2,1,0,1,0,0000000,99,99,99,99,88,88,23,0,0,1,0
47,470310,3,3,0,0,0,8,8,165,890,18,5,2013,7,16,33,1,13,3,SR-25,,184,36.39690556,-86.38989722,0,12,2,0,8,1,0,1,1,1,0,1,0,0000000,99,99,99,99,99,99,0,0,0,2,0
47,470311,1,1,0,0,0,2,2,189,0,27,5,2013,2,18,5,0,5,4,CR-COLES FERRY PK,,76,36.25586111,-86.32273889,0,43,0,0,1,1,0,4,1,1,0,1,0,0000000,99,99,99,99,99,99,0,0,0,2,1
47,470312,1,1,0,0,0,1,1,161,0,28,5,2013,3,15,50,0,6,4,CR-JOINER HOLLOW RD,,6,36.56548889,-87.78983056,0,42,0,0,1,1,0,4,1,1,0,1,0,0000000,99,99,99,99,88,88,0,0,0,1,1
47,470313,5,5,0,0,0,7,7,113,0,11,5,2013,7,8,55,0,3,2,US-70 SR-1 US HWY 70/412,,245,35.71706667,-88.71692778,0,12,1,0,1,1,0,1,1,1,0,1,0,0000000,99,99,99,99,99,99,0,0,0,1,0
47,470314,1,1,0,0,0,2,2,31,2470,8,3,2013,6,23,43,0,15,6,N WASHINGTON ST,E OGEE ST,1,35.37183889,-86.21535278,0,34,0,0,1,1,0,4,3,10,0,10,0,0000000,99,99,99,99,99,99,0,0,0,1,1
47,470315,1,1,0,1,1,1,1,157,1620,24,5,2013,6,99,99,1,13,6,WINCHESTER RD,,11,35.05477778,-90.04155833,0,8,0,0,1,1,0,1,9,1,0,1,0,0000000,99,99,99,99,99,99,0,0,0,1,0
47,470316,2,2,0,0,0,4,4,65,0,28,5,2013,3,17,31,0,14,4,CR-OOLTEWAH GEORGETOWN RD,CR-MOUNTAIN VIEW RDCR,42,35.11840278,-85.04694722,0,12,6,0,2,2,0,1,1,1,0,1,0,0000000,99,99,99,99,99,99,0,0,0,1,0
47,470317,1,1,0,0,0,1,1,35,540,30,5,2013,5,16,18,0,4,3,SR-298 GENESIS RD,,35,35.99774444,-85.00313056,0,30,0,0,1,1,0,4,1,1,0,1,0,0000000,16,17,16,23,16,38,0,0,0,1,1
47,470318,2,2,0,0,0,3,3,1,0,1,6,2013,7,10,43,0,4,2,US-25W SR-9 LAKE CITY HWY,CR-OLD LAKE CITY HWY,65,36.14437778,-84.15204444,0,12,6,0,2,3,0,1,1,1,0,1,0,0000000,99,99,99,99,99,99,0,0,0,1,0
47,470319,1,1,0,0,0,1,1,133,0,3,6,2013,2,14,38,1,2,3,SR-111 COOKEVILLE HWY,,62,36.31373889,-85.36416111,0,35,0,0,1,1,0,4,1,1,0,1,0,0000000,99,99,99,99,99,99,0,0,0,1,1
47,470320,2,2,0,0,0,4,4,157,1620,2,6,2013,1,22,51,0,5,6,CHELSEA AVE,SPRINGDALE ST,32,35.17451944,-89.9834,0,12,6,0,2,2,0,1,2,1,0,1,0,0000000,99,99,99,99,99,99,20,0,0,1,0
47,470321,2,2,0,0,0,3,3,9,1570,30,5,2013,5,13,32,1,13,2,US-321 SR-73 E LAMAR ALEXANDER,HARMON RD,149,35.75638333,-83.92183333,0,12,6,0,2,3,0,1,1,1,0,1,0,0000000,99,99,99,99,99,99,0,0,0,1,0
47,470322,2,2,0,0,0,5,5,151,1880,31,5,2013,6,19,20,1,2,2,US-27 SR-29 ALBERTA ST,UNDERPASS DR,165,36.48138333,-84.53780278,0,12,6,0,2,3,0,1,1,10,0,10,0,0000000,99,99,99,99,99,99,0,0,0,1,0
47,470323,2,2,0,0,0,4,4,29,0,3,6,2013,2,16,0,0,3,2,US-25/70 SR-9 HWY 25W,,101,35.95363056,-83.12158889,0,12,1,0,8,1,0,1,1,1,0,1,0,0000000,99,99,99,99,99,99,0,0,0,2,0
47,470324,2,2,0,0,0,2,2,181,0,22,5,2013,4,16,25,1,2,2,US-64 SR-15 SAVANNAH HWY,,69,35.29782778,-87.87229167,0,12,6,0,1,1,1,1,1,1,0,1,0,0000000,99,99,99,99,99,99,3,0,0,2,0
47,470325,2,2,0,0,0,2,2,3,0,18,5,2013,7,2,15,0,3,3,SR-64 WALKING HORSE PKWY,COBLE RD,90,35.45576111,-86.51733889,0,12,6,0,2,2,0,1,2,2,0,2,0,0000000,99,99,99,99,99,99,20,0,0,1,2
47,470326,1,1,0,0,0,1,1,41,0,4,6,2013,3,13,49,0,4,3,SR-96 DALE RIDGE RD,,64,36.04986944,-85.88122778,0,1,0,0,1,1,0,4,1,1,0,1,0,0000000,99,99,99,99,99,99,0,0,0,1,0
47,470327,1,1,0,1,1,1,1,37,0,26,4,2013,6,20,50,1,11,1,I-65,,161,36.25658056,-86.73846944,0,8,0,0,1,1,0,1,3,1,0,1,0,0000000,99,99,99,99,99,99,0,0,0,1,0
47,470328,2,2,0,0,0,3,3,37,1760,5,1,2013,7,13,10,1,11,1,I-40,,162,36.15906667,-86.82183611,0,12,1,1,5,1,0,1,1,1,0,1,0,0000000,99,99,99,99,99,99,0,0,0,1,0