STATE,ST_CASE,VE_TOTAL,VE_FORMS,PVH_INVL,PEDS,PERNOTMVIT,PERMVIT,PERSONS,COUNTY,CITY,DAY,MONTH,YEAR,DAY_WEEK,HOUR,MINUTE,NHS,ROAD_FNC,ROUTE,TWAY_ID,TWAY_ID2,MILEPT,LATITUDE,LONGITUD,SP_JUR,HARM_EV,MAN_COLL,RELJCT1,RELJCT2,TYP_INT,WRK_ZONE,REL_ROAD,LGT_COND,WEATHER1,WEATHER2,WEATHER,SCH_BUS,RAIL,NOT_HOUR,NOT_MIN,ARR_HOUR,ARR_MIN,HOSP_HR,HOSP_MN,CF1,CF2,CF3,FATALS,DRUNK_DR
47,470329,2,2,0,0,0,3,3,37,1760,14,2,2013,5,15,18,1,12,2,US-31W SR-11 DICKERSON PK,SR-155 BRILEY PKWY RAMP,175,36.24194722,-86.75699722,0,12,2,1,5,1,0,1,1,1,0,1,0,0000000,99,99,99,99,99,99,0,0,0,1,0
47,470330,2,2,0,0,0,3,3,139,0,9,5,2013,5,22,3,1,2,2,US-411 SR-33/30,CR-ANTIOCH CHURCH RD,202,35.21876111,-84.59036944,0,12,2,0,2,3,1,1,2,1,0,1,0,0000000,99,99,99,99,99,99,3,0,0,1,0
47,470331,2,2,0,0,0,3,3,65,400,2,6,2013,1,21,54,1,13,3,SR-58,CR-S HICKORY VALLEY RD,77,35.10465556,-85.15960556,0,12,6,0,2,3,0,1,2,10,0,10,0,0000000,99,99,99,99,99,99,0,0,0,1,0
47,470332,1,1,0,0,0,1,1,149,0,8,6,2013,7,15,45,0,6,4,CR-BETTY FORD RD,,7,35.91518056,-86.33243056,0,42,0,0,1,1,0,4,1,1,0,1,0,0000000,99,99,99,99,99,99,0,0,0,1,0
47,470333,1,1,0,0,0,1,1,161,0,8,6,2013,7,13,23,0,4,3,SR-232,,97,36.44821111,-87.97925833,0,5,0,0,1,1,0,4,1,1,0,1,0,0000000,99,99,99,99,99,99,0,0,0,1,1
47,470334,2,2,0,0,0,8,8,125,410,7,6,2013,6,16,48,0,14,3,SR-236 TINY TOWN RD,,16,36.63190556,-87.40735833,0,12,6,0,8,1,0,1,1,1,0,1,0,0000000,99,99,99,99,99,99,0,0,0,1,0
47,470335,2,2,0,0,0,2,2,35,0,10,6,2013,2,8,1,0,3,3,SR-68,,42,35.87878889,-84.93521944,0,12,6,0,1,1,0,1,1,2,0,2,0,0000000,8,5,8,13,8,58,0,0,0,1,0
47,470336,2,2,0,0,0,4,4,37,1760,3,5,2013,6,3,19,1,11,1,I-40,,167,36.16675,-86.79538056,0,12,2,0,1,1,0,1,3,1,0,1,0,0000000,99,99,99,99,3,48,0,0,0,2,0
47,470337,1,1,0,1,1,1,1,31,1550,12,6,2013,4,21,31,1,13,3,SR-55 NEW MANCHESTER HWY,,138,35.47563889,-86.0816,0,8,0,0,1,1,0,1,3,1,0,1,0,0000000,99,99,99,99,99,99,0,0,0,1,0
47,470338,1,1,0,0,0,1,1,81,0,26,5,2013,1,16,59,0,4,3,SR-438 COBLE TO ONLY RD,,83,35.78336944,-87.62913889,0,35,0,0,1,1,0,4,1,1,0,1,0,0000000,99,99,99,99,99,99,0,0,0,1,1
47,470339,1,1,0,0,0,4,4,1,0,28,5,2013,3,0,50,0,4,2,US-25W SR-9,,69,36.13885,-84.15285278,0,34,0,0,1,1,0,4,2,1,0,1,0,0000000,99,99,99,99,99,99,0,0,0,1,1
47,470340,2,2,0,0,0,3,3,9,0,6,6,2013,5,14,0,1,13,2,US-129/411 SR-33,,73,35.70915,-84.02951389,0,12,6,0,1,1,0,1,1,10,0,10,0,0000000,99,99,99,99,99,99,0,0,0,1,0
47,470341,1,1,0,0,0,1,1,21,0,5,6,2013,4,21,20,0,3,3,SR-12,,93,36.3042,-87.08465833,0,42,0,0,1,1,0,5,2,10,0,10,0,0000000,99,99,99,99,88,88,0,0,0,1,1
47,470342,1,1,0,0,0,1,1,59,0,7,6,2013,6,9,11,0,5,4,CR-GAP CREEK RD,,49,36.22564444,-83.02587778,0,1,0,0,1,1,0,4,1,10,0,10,0,0000000,99,99,99,99,88,88,0,0,0,1,0
47,470343,1,1,0,0,0,1,1,43,0,24,4,2013,4,14,35,0,6,4,CR-BAKERS WORK RD,,15,36.06234167,-87.22597778,0,42,0,0,1,1,0,4,1,1,0,1,0,0000000,99,99,99,99,99,99,0,0,0,1,0
47,470344,3,2,1,0,0,2,2,157,1620,11,6,2013,3,9,45,0,16,6,AVON RD,,5,35.15713889,-89.90179444,0,14,0,0,1,1,0,7,1,1,0,1,0,0000000,99,99,99,99,99,99,4,14,0,1,0
47,470345,2,2,0,0,0,3,3,177,1530,14,6,2013,6,10,5,1,13,2,US-70 S SR-1 BOBBY RAY MEMORIA,MULLICAN ST,123,35.70051944,-85.77558889,0,12,6,0,2,2,0,1,1,1,0,1,0,0000000,99,99,99,99,99,99,0,0,0,1,0
47,470346,2,1,1,2,2,1,1,157,1620,10,6,2013,2,7,29,0,15,6,TUTWILER AVE,PECAN GARDEN CIRCLE E,8,35.15151389,-89.92256389,0,39,0,0,3,3,0,4,1,1,0,1,0,0000000,99,99,99,99,99,99,0,0,0,1,0
47,470347,1,1,0,0,0,2,2,33,0,8,6,2013,7,22,19,0,6,4,CR-CROSSROADS RD,,37,35.75191111,-89.130775,0,35,0,0,1,1,0,4,2,1,0,1,0,0000000,99,99,99,99,99,99,0,0,0,1,1
47,470348,1,1,0,0,0,1,1,167,0,8,6,2013,7,99,99,0,6,4,CR-BRAMMER RD,,3,35.4822,-89.56538056,0,34,0,0,1,1,0,4,4,1,0,1,0,0000000,99,99,99,99,88,88,0,0,0,1,0
47,470349,2,2,0,0,0,2,2,27,0,14,6,2013,6,13,10,1,2,3,SR-52 LIVINGSTON HWY,CR-OLD 52 LOOP,269,36.59025278,-85.60635833,0,12,6,0,2,3,0,1,1,1,0,1,0,0000000,99,99,99,99,99,99,0,0,0,1,0
47,470350,2,2,0,0,0,3,3,69,0,11,6,2013,3,7,40,0,3,3,SR-18 N,CR-PINE TOP RD,239,35.33455,-88.9273,0,12,6,0,2,3,0,1,1,1,0,1,0,0000000,99,99,99,99,99,99,0,0,0,1,0
47,470351,9,9,0,0,0,18,18,149,0,13,6,2013,5,0,10,1,11,1,I-24,,178,35.81583056,-86.40086111,0,12,1,0,1,1,0,1,3,1,0,1,0,0000000,99,99,99,99,99,99,14,27,0,2,0
47,470352,2,2,0,0,0,6,6,9,865,10,6,2013,2,19,5,1,2,2,US-321 SR-73 W LAMAR ALEXANDER,LANE DR,47,35.7548,-84.097,0,12,6,0,2,2,0,1,1,1,0,1,0,0000000,99,99,99,99,99,99,0,0,0,1,0
47,470353,3,3,0,0,0,3,3,63,1700,14,6,2013,6,19,16,1,13,2,US-11E SR-34 E ANDREW JOHNSON,,137,36.24588056,-83.21996944,0,12,2,0,1,1,0,1,1,1,0,1,0,0000000,99,99,99,99,99,99,14,0,0,1,1
47,470354,2,2,0,0,0,3,3,145,1060,21,6,2013,6,10,50,1,13,2,US-27 SR-29/61 HANNAH HWY,,106,35.96103056,-84.52423889,0,12,7,0,1,1,0,1,1,1,0,1,0,0000000,99,99,99,99,99,99,0,0,0,1,0
47,470356,2,2,0,0,0,2,2,69,0,15,6,2013,7,9,30,0,3,3,SR-18,,248,35.3465,-88.91801944,0,12,2,0,1,1,0,1,1,1,0,1,0,0000000,99,99,99,99,99,99,0,0,0,1,0
47,470357,2,2,0,0,0,3,3,183,0,16,6,2013,1,19,50,0,4,3,SR-89 SALEM RD,,114,36.2517,-88.78520833,0,12,2,0,1,1,0,1,1,1,0,1,0,0000000,99,99,99,99,99,99,0,0,0,1,0
47,470358,1,1,0,0,0,1,1,91,318,2,6,2013,1,5,36,0,3,3,SR-67,,22,36.36385,-82.014375,0,32,0,0,1,1,0,4,2,1,0,1,0,0000000,99,99,99,99,99,99,0,0,0,1,0
47,470359,1,1,0,0,0,1,1,113,0,8,6,2013,7,99,99,0,6,4,CR-SWINK RD,,7,35.43761389,-88.86080556,0,34,0,0,1,1,0,6,9,1,0,1,0,0000000,99,99,99,99,88,88,99,99,99,1,1
47,470360,1,1,0,0,0,1,1,93,504,15,6,2013,7,18,31,0,6,4,CR-BORUFF RD,,7,36.14338611,-83.82742222,0,1,0,0,1,1,0,1,1,1,0,1,0,0000000,99,99,99,99,88,88,0,0,0,1,0
47,470361,1,1,0,0,0,1,1,93,1300,15,6,2013,7,3,40,1,13,3,SR-62 WESTERN AVE,TENNESSEE AVE,142,35.97444444,-83.9592,0,19,0,0,1,1,0,4,3,1,0,1,0,0000000,99,99,99,99,88,88,0,0,0,1,1
47,470362,2,2,0,0,0,8,8,157,1620,15,6,2013,7,9,30,1,13,3,SR-204 COVINGTON PK,,21,35.19831111,-89.89525833,0,30,0,0,1,1,0,4,1,1,0,1,0,0000000,99,99,99,99,99,99,0,0,0,1,0
47,470363,1,1,0,0,0,1,1,85,0,18,6,2013,3,16,22,1,1,1,I-40,,21,35.86463889,-87.90363333,0,52,0,1,5,1,0,4,1,1,0,1,0,0000000,99,99,99,99,99,99,0,0,0,1,0
47,470364,1,1,0,0,0,1,1,129,0,17,6,2013,2,12,35,0,3,3,SR-62 KNOXVILLE HWY,,294,36.05588889,-84.44000833,0,52,0,0,1,1,0,4,1,10,0,10,0,0000000,99,99,99,99,99,99,0,0,0,1,0
47,470365,2,2,0,0,0,3,3,17,0,17,6,2013,2,12,37,0,3,2,US-70 SR-1,,268,36.03768056,-88.3113,0,12,2,0,1,1,0,1,1,10,0,10,0,0000000,99,99,99,99,99,99,0,0,0,1,0
47,470366,1,1,0,0,0,1,1,37,960,10,6,2013,2,12,35,0,16,6,HARDAWAY DR,,5,36.29166667,-86.71730278,0,18,0,0,1,1,0,4,1,1,0,1,0,0000000,99,99,99,99,99,99,0,0,0,1,0
47,470367,1,1,0,0,0,1,1,93,1300,21,6,2013,6,1,53,1,13,3,SR-62 OAK RIDGE WAY,,85,35.98781944,-84.05647778,0,30,0,0,1,1,0,4,2,10,0,10,0,0000000,99,99,99,99,88,88,0,0,0,1,0
47,470368,3,3,0,0,0,4,4,157,1620,15,6,2013,7,3,34,1,13,2,US-51 SR-3 ELVIS PRESLEY BLVD,E RAINES RD,28,35.03548056,-90.02513056,0,12,6,0,2,2,0,1,3,1,0,1,0,0000000,99,99,99,99,99,99,0,0,0,1,1
47,470369,4,3,1,0,0,7,7,149,1750,20,6,2013,5,13,5,0,16,6,CASON TR,RIVER ROCK BLVD,7,35.82508889,-86.4328,0,12,6,0,2,2,0,1,1,1,0,1,0,0000000,99,99,99,99,99,99,0,0,0,1,0
47,470370,1,1,0,1,1,2,2,157,1620,22,6,2013,7,23,50,1,11,1,I-240,,37,35.099125,-90.02836667,0,8,0,0,1,1,0,1,3,1,0,1,0,0000000,99,99,99,99,88,88,0,0,0,1,0
47,470371,3,3,0,0,0,5,5,157,1620,23,6,2013,1,3,22,1,11,1,I-240,,40,35.09428056,-90.02629167,0,12,2,0,1,1,0,1,3,1,0,1,0,0000000,99,99,99,99,99,99,14,0,0,3,1
47,470372,1,1,0,1,1,1,1,157,1620,24,6,2013,2,22,38,0,14,6,WHITTEN RD,,48,35.19944722,-89.83855,0,8,0,0,1,1,0,1,2,1,0,1,0,0000000,99,99,99,99,99,99,0,0,0,1,0
47,470373,1,1,0,1,1,1,1,163,1280,24,6,2013,2,18,50,0,16,6,LITTLE VALLEY RD,DIANA RD,2,36.50068056,-82.57633056,0,9,0,0,2,3,0,1,5,1,0,1,0,0000000,99,99,99,99,88,88,16,0,0,1,0
47,470374,2,2,0,0,0,2,2,33,0,14,6,2013,6,9,50,1,2,2,US-412 SR-20,,170,35.73959722,-89.08372778,0,12,1,0,1,1,0,1,1,1,0,1,0,0000000,99,99,99,99,88,88,0,0,0,1,0
47,470375,2,2,0,0,0,2,2,57,2105,25,6,2013,3,14,44,0,3,2,US-11W SR-1 MAIN ST,,154,36.27958056,-83.522475,0,12,6,0,8,1,0,1,1,1,0,1,0,0000000,99,99,99,99,99,99,0,0,0,1,0
47,470377,1,1,0,0,0,1,1,137,0,27,6,2013,5,99,99,0,5,4,CR-KOGER MOUNTAIN RD,,24,36.59506111,-85.01938056,0,34,0,0,1,1,0,4,2,1,0,1,0,0000000,99,99,99,99,99,99,0,0,0,1,1
47,470378,1,1,0,0,0,1,1,61,442,28,6,2013,6,11,45,0,6,4,CR-COMPANY FARM RD,,17,35.34026111,-85.68828889,0,42,0,0,1,1,0,4,1,1,0,1,0,0000000,99,99,99,99,99,99,0,0,0,1,0
47,470379,1,1,0,0,0,1,1,19,760,29,6,2013,7,99,99,1,13,2,US-321 SR-67 W ELK ST,,32,36.32751944,-82.2699,0,23,0,0,1,1,0,4,1,1,0,1,0,0000000,99,99,99,99,88,88,0,0,0,1,0
47,470380,1,1,0,0,0,1,1,49,56,30,6,2013,1,12,25,0,5,6,ALLARDT-TINCH RD,,5,36.37388889,-84.88518056,0,35,0,0,1,1,0,4,1,10,0,10,0,0000000,99,99,99,99,99,99,0,0,0,1,0
47,470381,1,1,0,0,0,1,1,79,1910,30,6,2013,1,5,21,0,15,6,VALLEYWOOD DR,,4,36.30433056,-88.29643889,0,30,0,0,1,1,0,4,4,1,0,1,0,0000000,99,99,99,99,99,99,0,0,0,1,1
47,470382,1,1,0,0,0,1,1,165,0,30,6,2013,1,1,6,0,4,3,SR-76,,11,36.47931944,-86.63841944,0,53,0,0,1,1,0,4,2,1,0,1,0,0000000,99,99,99,99,88,88,0,0,0,1,0
47,470383,1,1,0,0,0,1,1,189,1727,1,7,2013,2,11,53,0,16,6,OLD LEBANON DIRT RD,,7,36.18978056,-86.49691111,0,42,0,0,1,1,0,4,1,1,0,1,0,0000000,99,99,99,99,99,99,0,0,0,1,0
47,470384,1,1,0,0,0,1,1,185,0,1,7,2013,2,6,49,0,3,2,US-70 SR-1 CROSSVILLE HWY,,6,35.94078889,-85.3349,0,34,0,0,1,1,0,4,1,1,0,1,0,0000000,99,99,99,99,99,99,0,0,0,1,0
47,470385,2,2,0,0,0,2,2,99,0,24,6,2013,2,8,48,1,2,2,US-43 SR-6 ANDREW JACKSON HWY,,302,35.3714,-87.272,0,12,7,0,1,1,0,1,1,1,0,1,0,0000000,99,99,99,99,99,99,0,0,0,1,0
47,470386,2,2,0,0,0,2,2,31,1550,27,6,2013,5,20,3,1,13,3,SR-55 MCMINNVILLE HWY,RAGSDALE RD,150,35.49255,-86.072,0,12,8,0,3,3,0,1,1,1,0,1,0,0000000,20,4,20,7,20,54,0,0,0,1,0
47,470387,2,2,0,0,0,2,2,157,1620,27,6,2013,5,1,26,1,13,3,SR-176 GETWELL RD,,6,35.00340556,-89.93683056,0,12,6,0,1,1,0,1,3,1,0,1,0,0000000,99,99,99,99,88,88,0,0,0,1,0
47,470389,2,2,0,0,0,3,3,29,1780,7,7,2013,1,16,0,1,13,2,US-25W/70 SR-9 W BROADWAY,CLEVENGER CUTOFF RD,17,35.96913056,-83.2602,0,12,6,0,2,2,0,1,1,2,0,2,0,0000000,99,99,99,99,99,99,0,0,0,1,0
47,470390,2,2,0,0,0,8,8,157,1620,25,6,2013,3,6,55,1,13,6,WINCHESTER RD,,56,35.052575,-89.96244167,0,12,2,0,1,1,0,1,1,1,0,1,0,0000000,99,99,99,99,99,99,0,0,0,1,0
47,470391,2,2,0,0,0,2,2,93,0,27,6,2013,5,12,52,1,13,3,SR-33 MAYNARDVILLE PK,CR-QUARRY RD,169,36.10258056,-83.90993056,0,12,2,0,2,3,0,1,1,10,0,10,0,0000000,99,99,99,99,99,99,0,0,0,1,0
47,470392,1,1,0,0,0,2,2,149,0,29,6,2013,7,23,15,0,15,4,CR-ARMSTRONG VALLEY RD,,33,35.7814,-86.47206944,0,39,0,0,1,1,0,4,2,1,0,1,0,0000000,99,99,99,99,99,99,0,0,0,2,0
47,470393,2,2,0,0,0,2,2,157,1620,30,6,2013,1,5,30,1,11,1,I-40,,23,35.14945833,-90.02453889,0,12,2,1,20,1,0,1,1,1,0,1,0,0000000,99,99,99,99,99,99,0,0,0,1,1
47,470394,1,1,0,0,0,1,1,167,0,26,6,2013,4,15,0,0,3,3,SR-14,,40,35.44088056,-89.66421111,0,59,0,0,1,1,0,3,1,1,0,1,0,0000000,99,99,99,99,99,99,0,0,0,1,0
47,470395,2,2,0,0,0,2,2,45,710,1,7,2013,2,14,47,0,14,6,SYLVAN RD,ELMO OZMENT DR,6,36.05663611,-89.34345556,0,12,6,0,2,2,0,1,1,1,0,1,0,0000000,99,99,99,99,99,99,0,0,0,1,2
47,470396,1,1,0,0,0,1,1,157,1620,4,7,2013,5,16,59,0,14,6,BERRYHILL RD,,45,35.19014167,-89.76191667,0,34,0,0,1,1,0,4,1,1,0,1,0,0000000,99,99,99,99,88,88,0,0,0,1,0
47,470397,3,1,2,0,0,2,2,157,1620,4,7,2013,5,23,2,0,16,6,GREER ST,,2,35.09683333,-89.95473333,0,33,0,0,1,1,0,4,3,1,0,1,0,0000000,99,99,99,99,99,99,14,20,0,1,1
47,470398,1,1,0,0,0,1,1,95,0,5,7,2013,6,15,58,0,5,4,CR-TANK TWO RD,,20,36.21698889,-89.49806111,0,34,0,0,1,1,0,4,1,10,0,10,0,0000000,99,99,99,99,88,88,0,0,0,1,1
47,470399,1,1,0,0,0,2,2,141,50,5,7,2013,6,13,20,1,2,3,SR-111,,90,36.20315,-85.45908611,0,1,0,0,1,1,0,3,1,10,0,10,0,0000000,99,99,99,99,99,99,0,0,0,2,0
47,470400,1,1,0,0,0,2,2,9,0,6,7,2013,7,23,49,0,14,4,CR-MORGANTON RD,,55,35.71203056,-84.06743056,0,34,0,0,1,1,0,4,2,2,0,2,0,0000000,99,99,99,99,99,99,0,0,0,2,1
47,470401,1,1,0,1,1,1,1,93,1300,8,7,2013,2,23,45,0,15,6,MARTIN LUTHER KING JR AVE,N OLIVE ST,14,35.97993056,-83.89706944,0,8,0,0,2,3,0,1,3,1,0,1,0,0000000,99,99,99,99,88,88,0,0,0,1,0
47,470402,2,2,0,0,0,3,3,157,1620,8,7,2013,2,15,55,0,15,6,TULANE RD,WHITEHAVEN LN,15,35.01644722,-90.04295833,0,12,7,0,2,3,0,1,1,1,0,1,0,0000000,99,99,99,99,99,99,0,0,0,1,0
47,470403,1,1,0,0,0,5,5,65,400,5,7,2013,6,4,22,1,11,1,I-24 SR-27,,76,35.03231111,-85.31888889,0,25,0,0,1,1,0,3,3,2,0,2,0,0000000,99,99,99,99,99,99,0,0,0,1,0
47,470404,2,2,0,0,0,2,2,81,0,29,6,2013,7,16,40,0,3,3,SR-100,CR-NEW HOPE RD,302,35.93181111,-87.2471,0,12,6,0,2,2,0,1,1,1,0,1,0,0000000,99,99,99,99,99,99,0,0,0,1,0
47,470405,2,2,0,0,0,3,3,29,0,6,7,2013,7,23,0,0,4,3,SR-340,,118,36.08465,-83.06016111,0,12,2,0,1,1,0,1,2,10,0,10,0,0000000,99,99,99,99,99,99,0,0,0,1,0
47,470406,2,2,0,0,0,3,3,89,0,9,7,2013,3,14,53,0,3,2,US-411 SR-35,,14,35.93268889,-83.33473056,0,12,2,0,1,1,0,1,1,1,0,1,0,0000000,99,99,99,99,99,99,0,0,0,1,0
47,470407,1,1,0,1,1,1,1,85,1775,6,6,2013,5,6,40,0,3,2,US-70 SR-1 BROADWAY AVE,,20,36.02131389,-87.966175,0,9,0,0,1,1,0,2,1,2,0,2,0,0000000,99,99,99,99,88,88,0,0,0,1,0
47,470408,2,2,0,0,0,2,2,93,1300,23,6,2013,1,23,0,1,13,2,US-441 SR-33 BROADWAY,MCCROSKEY AVE,85,35.99233889,-83.92025,0,12,1,0,2,3,0,1,3,1,0,1,0,0000000,99,99,99,99,99,99,0,0,0,1,0
47,470409,3,3,0,0,0,5,5,19,0,9,7,2013,3,12,17,0,3,2,US-19E SR-37,,129,36.2357,-82.18911111,0,12,8,0,1,1,0,1,1,1,0,1,0,0000000,99,99,99,99,99,99,0,0,0,1,0
47,470410,2,2,0,0,0,3,3,167,0,6,7,2013,7,0,40,1,2,2,US-51 SR-3 HWY 51 N,,214,35.62693056,-89.61741944,0,12,2,0,1,1,0,1,2,1,0,1,0,0000000,99,99,99,99,99,99,0,0,0,1,2
47,470411,1,1,0,0,0,1,1,9,0,14,7,2013,1,10,37,0,5,4,CR-WILDWOOD RD,,13,35.80523889,-83.87128056,0,43,0,0,1,1,0,4,1,1,0,1,0,0000000,99,99,99,99,99,99,0,0,0,1,0
47,470412,1,1,0,0,0,1,1,157,1620,14,7,2013,1,14,35,1,11,1,I-55,,52,35.06326111,-90.02322778,0,24,0,0,1,1,0,3,1,1,0,1,0,0000000,99,99,99,99,88,88,0,0,0,1,0
47,470413,2,2,0,0,0,3,3,157,450,19,6,2013,4,23,22,1,13,2,US-72 SR-57 POPLAR ST,HOUSTON LEVEE RD,170,35.05168056,-89.7326,0,12,6,0,2,2,0,1,3,1,0,1,0,0000000,99,99,99,99,88,88,0,0,0,1,0
47,470414,1,1,0,0,0,1,1,91,2185,10,7,2013,4,21,7,0,4,3,SR-133,,13,36.54367778,-81.89581667,1,35,0,0,1,1,0,4,2,2,0,2,0,0000000,99,99,99,99,88,88,0,0,0,1,0
47,470415,1,1,0,0,0,4,4,107,0,7,7,2013,1,12,40,1,1,1,I-75,,26,35.33181667,-84.75871111,0,42,0,0,1,1,0,3,1,2,0,2,0,0000000,99,99,99,99,99,99,0,0,0,2,0
47,470416,2,2,0,0,0,5,5,109,1035,6,7,2013,7,14,50,0,5,6,STICINE RD,,11,35.010725,-88.50768333,0,12,6,0,8,1,0,1,1,10,0,10,0,0000000,99,99,99,99,99,99,0,0,0,1,0
47,470417,1,1,0,0,0,1,1,77,0,13,7,2013,7,15,35,0,4,3,SR-114 MIDDLEBURG RD,,39,35.55486667,-88.24358889,0,42,0,0,1,1,0,4,1,1,0,1,0,0000000,99,99,99,99,88,88,0,0,0,1,1
47,470418,2,2,0,0,0,2,2,91,0,9,7,2013,3,20,40,0,3,3,SR-67 STATE HWY 67,,90,36.42824722,-81.931525,0,12,2,0,1,1,0,1,2,1,0,1,0,0000000,99,99,99,99,99,99,0,0,0,1,0
47,470419,2,2,0,0,0,2,2,119,470,12,7,2013,6,22,4,0,14,3,SR-243 TROTWOOD AVE,,67,35.57914444,-87.12374444,0,12,2,0,1,1,0,1,2,1,0,1,0,0000000,99,99,99,99,99,99,0,0,0,1,0
47,470420,1,1,0,0,0,1,1,129,2367,13,7,2013,7,7,30,1,2,2,US-27 SR-29,,247,36.26425833,-84.66073333,0,42,0,0,1,1,0,4,1,1,0,1,0,0000000,99,99,99,99,99,99,0,0,0,1,0
47,470421,2,2,0,0,0,4,4,9,1570,13,7,2013,7,15,25,1,13,2,US-321 SR-73 E LAMAR ALEXANDER,,149,35.75638889,-83.9214,0,12,2,0,1,1,0,1,1,2,0,2,0,0000000,99,99,99,99,99,99,0,0,0,1,0
47,470422,1,1,0,0,0,1,1,37,1760,5,6,2013,4,16,46,1,11,1,I-440 RAMP,,25,36.12242222,-86.80584167,0,35,0,1,5,1,0,4,1,1,0,1,0,0000000,99,99,99,99,88,88,0,0,0,1,1
47,470423,1,1,0,1,1,1,1,157,1620,14,7,2013,1,20,40,0,14,6,S PERKINS RD,,33,35.08275,-89.90725,0,8,0,0,1,1,0,1,5,1,0,1,0,0000000,99,99,99,99,99,99,0,0,0,1,0
47,470424,1,1,0,0,0,1,1,37,1760,6,6,2013,5,19,27,0,15,6,CHESTNUT ST,,18,36.14414444,-86.76865,0,5,0,0,1,1,0,1,1,1,0,1,0,0000000,99,99,99,99,99,99,0,0,0,1,0
47,470425,3,3,0,0,0,4,4,149,1750,8,7,2013,2,16,46,1,13,2,US-231 SR-10 MEMORIAL BLVD,E NORTHFIELD BLVD,149,35.86799722,-86.38708056,0,12,1,0,2,2,0,1,1,1,0,1,0,0000000,99,99,99,99,99,99,0,0,0,1,0
47,470426,2,2,0,0,0,3,3,157,1620,19,7,2013,6,5,10,1,13,3,SR-175 SHELBY DR,,71,35.02091667,-89.98435833,0,12,2,0,1,1,0,1,4,1,0,1,0,0000000,99,99,99,99,99,99,0,0,0,1,0
47,470427,1,1,0,0,0,1,1,157,1620,12,7,2013,6,99,99,1,13,6,N SECOND ST,,21,35.19243056,-90.04911389,0,24,0,0,1,1,0,4,9,1,0,1,0,0000000,99,99,99,99,88,88,18,0,0,1,0
47,470428,1,1,0,0,0,1,1,65,0,13,7,2013,7,14,6,0,16,4,CR-DALLAS LAKE RD,,12,35.20646944,-85.15431389,0,34,0,0,1,1,0,4,1,10,0,10,0,0000000,99,99,99,99,99,99,0,0,0,1,0
47,470429,2,2,0,0,0,4,4,53,2430,12,7,2013,6,19,50,0,3,2,US-45W SR-5 JAMES A HADLEY SR,CHRISTMASVILLE RD,148,35.98464444,-88.93033333,0,12,6,0,2,3,0,1,1,1,0,1,0,0000000,99,99,99,99,99,99,0,0,0,1,1
47,470430,1,1,0,0,0,2,2,3,0,13,7,2013,7,14,49,0,6,4,CR-HALEY RD,,5,35.48430556,-86.31748056,0,1,0,0,1,1,0,4,1,1,0,1,0,0000000,99,99,99,99,99,99,0,0,0,2,1
47,470431,4,4,0,0,0,10,10,73,405,6,7,2013,7,22,35,1,13,2,US-11W SR-1 LEE HWY,SILVER LAKE RD,368,36.5273,-82.68756944,0,12,6,0,3,2,0,1,3,10,0,10,0,0000000,99,99,99,99,99,99,0,0,0,1,0
47,470432,1,1,0,0,0,1,1,125,410,15,7,2013,2,18,16,0,16,6,DUNLAP LN,,8,36.58490833,-87.27910833,0,42,0,0,1,1,0,3,1,1,0,1,0,0000000,99,99,99,99,88,88,0,0,0,1,1
47,470433,2,2,0,0,0,2,2,157,1620,15,7,2013,2,10,36,1,13,6,WINCHESTER RD,,23,35.05411111,-90.01923611,0,12,6,0,8,1,0,1,1,1,0,1,0,0000000,99,99,99,99,88,88,0,0,0,1,0
47,470434,2,2,0,0,0,4,4,25,1065,15,7,2013,2,15,29,0,5,6,LONDONDERRY RD,,45,36.54915833,-83.66265278,0,12,2,0,1,1,0,1,1,1,0,1,0,0000000,99,99,99,99,99,99,0,0,0,1,1
47,470435,1,1,0,0,0,3,3,119,0,16,7,2013,3,13,34,0,5,4,CR-DRY CREEK RD,,53,35.51264722,-87.21171111,0,34,0,0,1,1,0,4,1,1,0,1,0,0000000,99,99,99,99,99,99,0,0,0,1,0
47,470436,1,1,0,0,0,1,1,31,0,15,7,2013,2,19,15,1,1,1,I-24,,186,35.43731111,-86.03698333,0,42,0,0,1,1,0,4,5,2,0,2,0,0000000,99,99,99,99,88,88,0,0,0,1,0
47,470437,2,2,0,0,0,2,2,179,1250,16,7,2013,3,16,10,0,14,6,KNOB CREEK RD,PEACHTREE ST,3,36.31860833,-82.37675833,0,12,6,0,2,3,0,1,1,1,0,1,0,0000000,99,99,99,99,99,99,0,0,0,1,0
47,470438,2,2,0,0,0,2,2,25,2375,3,7,2013,4,17,59,0,3,3,SR-33 BROAD ST,MCNEELY ST,122,36.44772778,-83.57793333,0,12,6,0,2,3,0,1,1,2,0,2,0,0000000,99,99,99,99,99,99,0,0,0,1,0
47,470439,2,2,0,0,0,3,3,5,330,15,7,2013,2,14,14,0,3,2,US-70 BYPASS SR-1,US-70BR SR-391,85,36.02846944,-88.07072222,0,12,6,0,2,3,0,1,1,1,0,1,0,0000000,99,99,99,99,88,88,0,0,0,1,0