STATE,ST_CASE,VE_TOTAL,VE_FORMS,PVH_INVL,PEDS,PERNOTMVIT,PERMVIT,PERSONS,COUNTY,CITY,DAY,MONTH,YEAR,DAY_WEEK,HOUR,MINUTE,NHS,ROAD_FNC,ROUTE,TWAY_ID,TWAY_ID2,MILEPT,LATITUDE,LONGITUD,SP_JUR,HARM_EV,MAN_COLL,RELJCT1,RELJCT2,TYP_INT,WRK_ZONE,REL_ROAD,LGT_COND,WEATHER1,WEATHER2,WEATHER,SCH_BUS,RAIL,NOT_HOUR,NOT_MIN,ARR_HOUR,ARR_MIN,HOSP_HR,HOSP_MN,CF1,CF2,CF3,FATALS,DRUNK_DR
47,470440,3,3,0,0,0,6,6,187,0,28,6,2013,6,15,28,0,4,3,SR-46 OLD HILLSBORO RD,,12,35.9965,-86.90035833,0,12,6,0,1,1,0,1,1,1,0,1,0,0000000,99,99,99,99,99,99,14,0,0,1,0
47,470441,2,2,0,0,0,2,2,147,1888,18,7,2013,5,19,30,0,4,3,SR-52 E CHURCH ST,,20,36.60065556,-86.68236944,0,34,0,0,1,1,0,4,5,1,0,1,0,0000000,99,99,99,99,88,88,0,0,0,2,1
47,470442,2,2,0,0,0,3,3,93,1300,27,7,2013,7,3,36,1,11,1,I-640 SR-25W,,25,36.01898889,-83.92241111,0,12,6,0,1,1,0,1,3,1,0,1,0,0000000,99,99,99,99,99,99,0,0,0,1,1
47,470443,2,2,0,0,0,3,3,165,0,18,7,2013,5,17,33,1,3,2,US-31 E SR-6,CR-DESHEA CREEK RD,190,36.428925,-86.38127222,0,12,6,0,2,2,0,1,1,1,0,1,0,0000000,99,99,99,99,99,99,0,0,0,1,0
47,470444,1,1,0,0,0,1,1,67,0,14,7,2013,1,20,45,0,5,4,CR-MULBERRY GAP RD/BROWN TOWN,,14,36.58645556,-83.2332,0,35,0,0,1,1,0,4,2,1,0,1,0,0000000,99,99,99,99,99,99,0,0,0,1,0
47,470445,1,1,0,0,0,2,2,163,1953,18,7,2013,5,17,5,1,2,2,US-11 E/19 W SR-34 BRISTOL HWY,,19,36.41919444,-82.32470833,0,16,0,0,1,1,0,1,1,2,0,2,0,0000000,99,99,99,99,99,99,0,0,0,1,0
47,470446,1,1,0,2,2,1,1,19,0,17,7,2013,4,13,8,0,14,3,SR-91 STONEY CREEK RD,,113,36.41561944,-82.07728889,0,8,0,0,1,1,0,2,1,1,0,1,0,0000000,99,99,99,99,99,99,0,0,0,1,0
47,470447,4,4,0,0,0,7,7,187,833,11,7,2013,5,16,6,0,13,3,SR-100 FAIRVIEW BLVD W,,89,35.99966111,-87.08015,0,12,8,0,1,1,0,1,1,2,0,2,0,0000000,99,99,99,99,99,99,0,0,0,1,0
47,470448,1,1,0,0,0,1,1,37,1760,2,6,2013,1,9,35,0,14,6,MYATT DR,,14,36.28444722,-86.69245,0,1,0,0,1,1,0,4,1,1,0,1,0,0000000,99,99,99,99,88,88,0,0,0,1,1
47,470449,1,1,0,0,0,2,2,37,1760,8,6,2013,7,5,15,0,14,2,US-31 SR-6 8TH AVE S,,69,36.132175,-86.77914167,0,30,0,0,1,1,0,4,3,1,0,1,0,0000000,99,99,99,99,5,34,0,0,0,1,0
47,470450,1,1,0,0,0,1,1,37,1760,20,6,2013,5,22,6,1,13,3,SR-45 OLD HICKORY BLVD,,159,36.19525833,-86.61928056,0,42,0,0,1,1,0,4,3,1,0,1,0,0000000,99,99,99,99,22,22,0,0,0,1,0
47,470451,1,1,0,1,1,2,2,37,1760,5,6,2013,4,22,16,1,13,2,US-31E SR-6 GALLATIN PK,,175,36.24874444,-86.71991111,0,8,0,0,1,1,0,1,3,1,0,1,0,0000000,99,99,99,99,88,88,0,0,0,1,0
47,470452,2,2,0,0,0,3,3,37,1760,16,6,2013,1,2,0,1,11,1,I-24,,239,36.04701111,-86.66171111,0,12,6,0,1,1,0,1,3,1,0,1,0,0000000,99,99,99,99,88,88,19,0,0,1,1
47,470453,2,2,0,0,0,2,2,113,1200,25,7,2013,5,13,40,0,14,2,US-45 SR-5 N HIGHLAND AVE,HOLIDAY DR,171,35.6781,-88.83031111,0,12,6,0,2,3,0,1,1,1,0,1,0,0000000,99,99,99,99,99,99,0,0,0,1,0
47,470454,1,1,0,0,0,1,1,141,0,23,7,2013,3,17,50,0,3,2,US-70 N SR-24 NASHVILLE HWY,,19,36.17894722,-85.77615278,0,1,0,0,1,1,0,1,1,1,0,1,0,0000000,99,99,99,99,99,99,0,0,0,1,0
47,470455,1,1,0,1,1,2,2,125,410,17,7,2013,4,20,56,1,13,2,US-41A/79 SR-12 PROVIDENCE BLV,,166,36.55055556,-87.38431389,0,15,0,0,1,1,0,1,3,1,0,1,0,0000000,99,99,99,99,88,88,0,0,0,1,0
47,470456,1,1,0,0,0,1,1,59,0,24,7,2013,4,1,15,0,4,3,SR-340 FISH HATCHERY RD,,71,36.13067778,-83.12813056,0,34,0,0,1,1,0,4,2,1,0,1,0,0000000,99,99,99,99,88,88,0,0,0,1,0
47,470457,1,1,0,0,0,1,1,1,0,24,7,2013,4,23,47,1,1,1,I-75,,37,36.15570833,-84.068925,0,1,0,0,1,1,0,3,2,1,0,1,0,0000000,99,99,99,99,99,99,0,0,0,1,0
47,470458,1,1,0,0,0,3,3,65,0,30,6,2013,1,21,0,1,1,1,I-75,,145,35.12145278,-85.04318056,0,24,0,0,1,1,0,4,2,2,0,2,0,0000000,99,99,99,99,99,99,0,0,0,1,0
47,470459,1,1,0,1,1,0,0,53,2430,19,7,2013,6,99,99,0,3,2,US-45W SR-5 JAMES A HADLEY SR,SR-54,160,35.938475,-88.94113056,0,8,0,0,3,2,0,1,5,10,0,10,0,0000000,99,99,99,99,88,88,0,0,0,1,0
47,470460,1,1,0,0,0,1,1,125,410,19,7,2013,6,21,48,0,15,6,WHITFIELD RD,,5,36.57693611,-87.33672222,0,38,0,0,1,1,0,4,2,1,0,1,0,0000000,99,99,99,99,88,88,0,0,0,1,1
47,470461,2,2,0,0,0,2,2,51,0,27,7,2013,7,15,53,0,4,3,SR-50 LYNCHBURG HWY,,10,35.19698611,-86.28875,0,12,6,0,8,1,0,1,1,1,0,1,0,0000000,99,99,99,99,99,99,0,0,0,1,0
47,470462,2,2,0,0,0,5,5,149,0,20,7,2013,7,2,30,1,11,1,I-24,,25,35.98325556,-86.57903056,0,12,2,0,1,1,0,1,2,1,0,1,0,0000000,99,99,99,99,99,99,0,0,0,1,0
47,470463,1,1,0,0,0,1,1,109,0,14,7,2013,1,17,10,0,4,3,SR-224 GILCHRIST-STANTONVILLE,,161,35.26783889,-88.45518889,0,41,0,0,1,1,0,4,1,10,0,10,0,0000000,99,99,99,99,99,99,0,0,0,1,0
47,470464,1,1,0,0,0,1,1,27,360,23,7,2013,3,7,5,0,3,3,SR-53 DALE HOLLOW HWY,,73,36.54779722,-85.49690833,0,52,0,0,1,1,0,4,1,10,0,10,0,0000000,99,99,99,99,99,99,0,0,0,1,0
47,470465,1,1,0,0,0,1,1,41,0,18,7,2013,5,13,15,0,4,3,SR-146 SHORT MOUNTAIN RD,,52,35.92879167,-85.84896389,0,34,0,0,1,1,0,4,1,1,0,1,0,0000000,99,99,99,99,88,88,0,0,0,1,0
47,470466,1,1,0,0,0,1,1,185,0,21,7,2013,1,15,34,0,5,4,CR-DUCK POND RD,,2,35.98545,-85.5058,0,35,0,0,1,1,0,4,1,10,0,10,0,0000000,99,99,99,99,99,99,0,0,0,1,0
47,470467,1,1,0,0,0,1,1,179,1250,25,2,2013,2,15,48,0,14,3,SR-400 E WATAUGA AVE,,6,36.32304722,-82.35456111,0,33,0,0,1,1,0,4,1,1,0,1,0,0000000,99,99,99,99,99,99,0,0,0,1,0
47,470468,1,1,0,0,0,1,1,177,0,2,7,2013,3,20,9,0,5,4,CR-IVY BLUFF TRAIL,,34,35.70611111,-85.96271389,0,42,0,0,1,1,0,4,5,1,0,1,0,0000000,99,99,99,99,99,99,0,0,0,1,0
47,470469,1,1,0,0,0,1,1,65,400,25,7,2013,5,21,26,1,13,2,US-27 SR-27 ROSSVILLE BLVD,,72,34.99465833,-85.29085,0,33,0,0,1,1,0,4,3,1,0,1,0,0000000,99,99,99,99,88,88,0,0,0,1,0
47,470470,2,2,0,0,0,3,3,121,0,20,3,2013,4,13,38,0,3,3,SR-68,CR-OAK GROVE RD,11,35.62411111,-84.7644,0,12,6,0,2,2,0,1,1,1,0,1,0,0000000,99,99,99,99,99,99,0,0,0,1,0
47,470471,1,1,0,1,1,1,1,65,400,31,7,2013,4,20,50,1,13,2,US-11/64 SR-2 LEE HWY,,180,35.04155556,-85.16793889,0,8,0,0,1,1,0,1,3,1,0,1,0,0000000,99,99,99,99,99,99,0,0,0,1,0
47,470472,1,1,0,0,0,2,2,147,0,26,7,2013,6,16,25,1,1,1,I-24,,49,36.42429722,-87.05953056,0,59,0,0,1,1,0,3,1,1,0,1,0,0000000,99,99,99,99,99,99,0,0,0,2,0
47,470473,1,1,0,0,0,2,2,129,0,21,7,2013,1,18,29,0,4,3,SR-299 AIRPORT RD,,9,35.93781667,-84.68381111,0,34,0,0,1,1,0,4,1,10,0,10,0,0000000,99,99,99,99,99,99,0,0,0,1,1
47,470474,2,2,0,0,0,2,2,45,0,26,7,2013,6,21,41,0,3,3,SR-78 LAKE RD,,77,36.13341667,-89.43173056,0,12,2,0,1,1,0,1,2,10,0,10,0,0000000,99,99,99,99,88,88,0,0,0,2,0
47,470476,1,1,0,0,0,1,1,3,2200,1,8,2013,5,23,30,0,6,4,CR-NARROWS RD,,2,35.45155556,-86.454275,0,42,0,0,1,1,0,4,2,5,0,5,0,0000000,99,99,99,99,99,99,0,0,0,1,0
47,470477,2,2,0,0,0,3,3,53,0,1,8,2013,5,19,5,0,4,3,SR-105 BROECK CUMMINGS HWY,CR-ATKINS RD,253,36.08094444,-88.75538889,0,1,0,0,3,3,0,1,1,1,0,1,0,0000000,99,99,99,99,99,99,14,0,0,1,1
47,470478,3,3,0,0,0,6,6,77,0,23,7,2013,3,21,50,1,1,1,I-40,,140,35.79386111,-88.37383889,0,11,0,0,1,1,0,1,2,10,0,10,0,0000000,99,99,99,99,99,99,0,0,0,4,0
47,470479,2,2,0,0,0,2,2,179,0,1,8,2013,5,18,20,0,6,4,CR-HORACE DILLOW RD,CR-NOFATTIE RD,42,36.18455833,-82.5648,0,12,6,0,2,2,0,1,1,1,0,1,0,0000000,99,99,99,99,99,99,0,0,0,1,0
47,470480,2,2,0,0,0,2,2,35,540,19,5,2013,1,9,11,0,5,4,CR-TAYLOR CHAPEL RD,CR-CLINTON WRIGHT RD,133,35.91157778,-85.08418889,0,12,6,0,2,3,0,1,1,2,0,2,0,0000000,99,99,99,99,99,99,0,0,0,1,0
47,470481,2,1,1,0,0,2,2,163,1280,24,5,2013,6,16,32,0,15,6,KONNAROCK RD,,4,36.52283056,-82.52693333,0,31,0,0,1,1,0,4,1,1,0,1,0,0000000,99,99,99,99,99,99,0,0,0,1,0
47,470482,2,2,0,0,0,2,2,87,2585,31,7,2013,4,9,35,0,3,3,SR-151 HUDSON CREEK HWY,,34,36.5026,-85.79106944,0,12,2,0,1,1,0,1,1,1,0,1,0,0000000,99,99,99,99,88,88,0,0,0,1,0
47,470483,1,1,0,0,0,1,1,9,0,4,8,2013,1,19,51,0,6,6,WEBB RD,CR-BERRY WILLIAMS RD,0,35.68429444,-83.75853889,0,35,0,0,1,1,0,4,1,10,0,10,0,0000000,99,99,99,99,99,99,0,0,0,1,0
47,470484,1,1,0,0,0,1,1,9,0,3,8,2013,7,18,6,0,3,2,US-129 SR-115,,98,35.50573056,-83.98381111,0,1,0,0,1,1,0,4,1,1,0,1,0,0000000,99,99,99,99,99,99,0,0,0,1,0
47,470485,2,2,0,0,0,3,3,65,0,4,8,2013,1,17,34,0,3,3,SR-58,CR-SUTTON RD,181,35.20495556,-85.03868056,0,12,6,0,2,3,0,1,1,10,0,10,0,0000000,99,99,99,99,88,88,0,0,0,1,0
47,470486,2,2,0,0,0,2,2,189,0,4,8,2013,1,1,21,0,3,2,US-70 SR-26 SPARTA HWY,,61,36.17527778,-86.25856667,0,12,2,0,1,1,0,1,2,1,0,1,0,0000000,99,99,99,99,99,99,0,0,0,1,0
47,470487,1,1,0,0,0,1,1,1,1850,12,2,2013,3,10,53,0,5,4,CR-BATLEY RD,,17,36.03092778,-84.29435833,0,35,0,0,1,1,0,4,1,1,0,1,0,0000000,99,99,99,99,99,99,0,0,0,1,0
47,470488,2,2,0,0,0,5,5,189,0,31,7,2013,4,16,35,0,5,4,CR-GLADEVILLE RD,,59,36.11681667,-86.41467222,0,12,6,0,1,1,0,1,1,2,0,2,0,0000000,99,99,99,99,99,99,0,0,0,1,0
47,470489,2,2,0,0,0,2,2,93,1300,7,8,2013,4,2,20,1,11,1,I-40,,183,35.96393889,-83.9365,0,12,2,0,1,1,0,1,3,10,0,10,0,0000000,99,99,99,99,88,88,0,0,0,1,1
47,470490,2,2,0,0,0,2,2,93,1300,8,8,2013,5,5,2,1,11,1,I-40,,73,35.91203889,-84.11881944,0,12,1,0,1,1,0,1,3,10,0,10,0,0000000,99,99,99,99,99,99,19,27,0,1,0
47,470491,1,1,0,0,0,1,1,13,0,7,7,2013,1,13,10,1,2,3,SR-63 GENERAL STINER HWY,,154,36.44663333,-83.9419,0,35,0,0,1,1,0,4,1,1,0,1,0,0000000,99,99,99,99,99,99,0,0,0,1,0
47,470492,1,1,0,0,0,1,1,157,930,11,2,2013,2,0,30,1,13,2,US-72 SR-57 POPLAR AVE,,108,35.09669722,-89.82603889,0,33,0,0,1,1,0,4,3,10,0,10,0,0000000,99,99,99,99,99,99,0,0,0,1,0
47,470493,1,1,0,0,0,1,1,189,0,4,7,2013,5,7,40,0,6,4,CR-KENNEDY CREEK RD,,1,35.96511389,-86.08166111,0,42,0,0,1,1,0,4,1,2,0,2,0,0000000,99,99,99,99,99,99,0,0,0,1,0
47,470494,3,3,0,0,0,6,6,5,0,26,7,2013,6,22,30,1,1,1,I-40,,2,35.84261111,-88.08231111,0,12,2,0,1,1,0,1,2,1,0,1,0,0000000,99,99,99,99,88,88,0,0,0,2,1
47,470495,1,1,0,0,0,1,1,93,1300,26,7,2013,6,3,25,1,13,2,US-441 SR-33 N BROADWAY ST,,118,36.03607222,-83.932275,0,32,0,0,1,1,0,4,3,1,0,1,0,0000000,99,99,99,99,99,99,0,0,0,1,1
47,470496,1,1,0,0,0,1,1,155,0,18,7,2013,5,19,30,0,6,4,CR-CEDAR SPRINGS VALLEY RD,,54,35.90811389,-83.65805,0,35,0,0,1,1,0,4,1,10,0,10,0,0000000,99,99,99,99,99,99,0,0,0,1,1
47,470497,1,1,0,0,0,1,1,155,1948,17,7,2013,4,19,24,0,14,3,SR-449 VETERANS BLVD,GOLDRUSH RD,22,35.809475,-83.53728333,0,26,0,0,3,2,0,10,1,1,0,1,0,0000000,99,99,99,99,99,99,0,0,0,1,1
47,470498,1,1,0,0,0,3,3,65,400,30,7,2013,3,6,40,1,13,6,AMNICOLA HWY,,60,35.07172778,-85.26951944,0,35,0,0,1,1,0,4,4,1,0,1,0,0000000,99,99,99,99,99,99,0,0,0,1,0
47,470500,1,1,0,0,0,1,1,157,1620,3,8,2013,7,12,0,1,11,1,I-240/40 RAMP,,194,35.15081667,-89.88325833,0,21,0,1,5,1,0,8,1,2,0,2,0,0000000,99,99,99,99,99,99,0,0,0,1,0
47,470501,1,1,0,1,1,1,1,157,1620,6,8,2013,3,13,19,0,15,6,SPRINGDALE ST,HUBERT CIR,7,35.16791944,-89.98381667,0,8,0,0,3,3,0,1,1,1,0,1,0,0000000,99,99,99,99,99,99,0,0,0,1,0
47,470502,1,1,0,0,0,1,1,157,1620,8,8,2013,5,18,54,1,11,1,I-40,,121,35.17479167,-89.90685278,0,1,0,0,1,1,0,4,3,1,0,1,0,0000000,99,99,99,99,88,88,0,0,0,1,0
47,470503,2,2,0,0,0,2,2,157,0,25,7,2013,5,7,0,1,13,2,US-51 SR-3,CR-WORTHAM RD,250,35.30705,-89.94693889,0,12,6,0,2,2,0,1,1,1,0,1,0,0000000,99,99,99,99,99,99,0,0,0,1,0
47,470504,2,2,0,0,0,2,2,163,0,3,8,2013,7,16,15,1,13,2,US-11E/19W SR-34 BRISTOL HWY,CR-CHERRY RD,27,36.42876111,-82.31358056,0,12,6,0,2,3,0,1,1,1,0,1,0,0000000,99,99,99,99,99,99,0,0,0,1,0
47,470505,2,2,0,0,0,2,2,93,1300,20,2,2013,4,20,14,1,13,3,SR-162 PELLISSIPPI PKWY,GEORGE LIGHT RD,4,35.975,-84.17835,0,12,6,0,2,3,0,1,2,1,0,1,0,0000000,99,99,99,99,99,99,0,0,0,1,0
47,470506,1,1,0,0,0,4,4,31,0,30,5,2013,5,15,40,0,4,3,SR-127 HILLSBORO-VIOLA RD,,60,35.41385,-85.97081944,0,42,0,0,1,1,0,4,1,1,0,1,0,0000000,99,99,99,99,99,99,0,0,0,1,0
47,470507,1,1,0,0,0,1,1,83,0,4,8,2013,1,18,45,0,5,4,CR-1781 TENNESSEE RIDGE RD,,33,36.28602778,-87.76731111,0,42,0,0,1,1,0,4,2,5,0,5,0,0000000,99,99,99,99,99,99,0,0,0,1,1
47,470508,2,2,0,0,0,2,2,157,1620,8,8,2013,5,20,30,1,13,6,SYCAMORE VIEW RD,I-40 RAMP,43,35.16665,-89.85816667,0,12,6,1,3,3,0,1,3,1,0,1,0,0000000,99,99,99,99,99,99,0,0,0,1,0
47,470509,1,1,0,0,0,1,1,123,2369,9,8,2013,6,18,10,1,1,1,I-75,,24,35.6183,-84.49646667,0,42,0,0,1,1,0,4,1,2,0,2,0,0000000,99,99,99,99,99,99,0,0,0,1,1
47,470510,3,3,0,0,0,3,3,119,470,8,8,2013,5,22,35,1,12,2,US-412/43 SR-6 NEW LAWRENCEBUR,,228,35.6371,-87.02518056,0,12,6,0,1,1,0,1,2,1,0,1,0,0000000,99,99,99,99,99,99,0,0,0,1,1
47,470511,1,1,0,0,0,1,1,115,0,6,8,2013,3,19,47,0,6,4,CR-AETNA MOUNTAIN RD,,13,35.002625,-85.49670278,0,34,0,0,1,1,0,4,2,1,0,1,0,0000000,99,99,99,99,99,99,0,0,0,1,1
47,470512,2,2,0,0,0,2,2,37,1760,8,7,2013,2,18,34,1,13,2,US-41A/31A SR-11 2ND AVE S,CHESTNUT ST,121,36.14574444,-86.76470556,0,12,6,0,2,2,0,1,1,1,0,1,0,0000000,99,99,99,99,19,1,0,0,0,1,0
47,470513,1,1,0,0,0,1,1,75,0,16,7,2013,3,0,45,1,1,1,I-40,,236,35.58973889,-89.07735,0,24,0,0,1,1,0,4,2,1,0,1,0,0000000,99,99,99,99,88,88,0,0,0,1,0
47,470514,2,2,0,0,0,3,3,157,1620,9,8,2013,6,2,18,1,13,2,US-61 SR-14 S THIRD ST,,58,35.05542778,-90.06009444,0,12,7,0,4,1,0,1,3,1,0,1,0,0000000,99,99,99,99,99,99,0,0,0,1,1
47,470515,1,1,0,0,0,3,3,115,0,7,8,2013,4,1,37,1,1,1,I-24 US-64,,127,35.09271944,-85.73713056,0,34,0,0,1,1,0,3,2,10,0,10,0,0000000,99,99,99,99,99,99,0,0,0,2,1
47,470516,1,1,0,0,0,1,1,43,0,4,8,2013,1,99,99,0,6,4,CR-PUMPKIN AVE,,1,36.26851944,-87.21833889,0,34,0,0,1,1,0,4,2,1,0,1,0,0000000,99,99,99,99,88,88,0,0,0,1,1
47,470517,1,1,0,0,0,5,5,29,0,7,8,2013,4,12,45,0,3,2,US-25 E SR-32,,300,36.02943611,-83.24709167,0,32,0,0,1,1,0,4,1,1,0,1,0,0000000,99,99,99,99,99,99,0,0,0,2,0
47,470518,2,2,0,0,0,4,4,109,0,8,8,2013,5,15,30,0,5,4,CR-TOWSEY SCHOOL RD,,43,35.24133889,-88.68993889,0,12,2,0,1,1,0,1,1,1,0,1,0,0000000,99,99,99,99,99,99,0,0,0,1,0
47,470519,2,2,0,0,0,2,2,93,1300,1,8,2013,5,18,9,1,13,2,US-441 SR-33 BROADWAY,BRIEF RD,121,36.03966944,-83.9298,0,12,6,0,2,3,0,1,1,1,0,1,0,0000000,99,99,99,99,99,99,0,0,0,1,0
47,470520,2,2,0,0,0,7,7,65,750,11,8,2013,1,2,30,1,11,1,I-24,,121,35.01436667,-85.25191944,0,24,0,0,1,1,0,4,3,10,0,10,0,0000000,99,99,99,99,99,99,0,0,0,1,0
47,470521,2,2,0,0,0,2,2,113,1200,13,8,2013,3,7,0,0,14,2,US-45 BYP SR-186,ASHPORT RD,71,35.71833611,-88.8532,0,12,1,0,2,2,0,1,1,10,0,10,0,0000000,99,99,99,99,99,99,0,0,0,1,0
47,470522,1,1,0,0,0,2,2,37,1760,21,3,2013,5,13,54,0,16,6,SAUNDERS AVE,KINSINGTON DR,20,36.23785278,-86.73181389,0,30,0,0,1,1,0,4,1,1,0,1,0,0000000,99,99,99,99,99,99,0,0,0,1,0
47,470523,2,2,0,0,0,2,2,37,1760,1,4,2013,2,7,38,0,15,6,MCMURRAY DR,WILKERSON DR,10,36.05471389,-86.72714722,0,12,6,0,2,3,0,1,1,1,0,1,0,0000000,99,99,99,99,99,99,0,0,0,1,0
47,470524,1,1,0,0,0,1,1,3,0,3,8,2013,7,12,55,0,5,4,CR-MT HERMAN RD,,4,35.3617,-86.4894,0,42,0,0,1,1,0,4,1,2,0,2,0,0000000,99,99,99,99,99,99,0,0,0,1,0
47,470525,2,2,0,0,0,5,5,177,1530,3,8,2013,7,19,53,1,13,2,US-70S SR-1 BOBBY RAY MEMORIAL,OLD SMITHVILLE RD,116,35.70099444,-85.78769722,0,12,6,0,2,2,0,1,1,1,0,1,0,0000000,99,99,99,99,99,99,14,0,0,1,0
47,470526,1,1,0,0,0,2,2,179,0,10,8,2013,7,9,2,1,1,1,I-81,,27,36.41522778,-82.58776944,0,34,0,0,1,1,0,6,1,2,0,2,0,0000000,99,99,99,99,99,99,0,0,0,1,0
47,470527,2,2,0,0,0,2,2,93,0,17,8,2013,7,8,22,0,14,3,SR-331 TAZEWELL PK,CR-LUTTRELL RD,39,36.06720833,-83.88388056,0,12,2,0,2,7,0,1,1,1,0,1,0,0000000,99,99,99,99,99,99,0,0,0,1,0
47,470528,1,1,0,0,0,1,1,113,0,18,8,2013,1,18,36,0,15,4,CR-CHRISTMASVILLE RD,,51,35.70658333,-88.77385833,0,35,0,0,1,1,0,4,1,1,0,1,0,0000000,99,99,99,99,88,88,4,0,0,1,1
47,470529,1,1,0,0,0,1,1,37,1535,11,5,2013,7,2,49,1,13,2,US-31E SR-6 GALLATIN PK,,205,36.29044722,-86.70378056,0,34,0,0,1,1,0,4,2,2,0,2,0,0000000,99,99,99,99,88,88,0,0,0,1,1
47,470530,2,2,0,0,0,2,2,37,1105,19,4,2013,6,22,26,1,11,1,I-40,,310,36.16908056,-86.57276111,0,12,7,0,1,1,0,1,2,1,0,1,0,0000000,99,99,99,99,99,99,0,0,0,1,0
47,470531,1,1,0,0,0,1,1,109,10,14,8,2013,4,15,54,1,2,2,US-64 SR-15 W MAIN ST,,245,35.23498056,-88.3959,0,42,0,0,1,1,0,4,1,1,0,1,0,0000000,99,99,99,99,88,88,0,0,0,1,0
47,470532,1,1,0,0,0,1,1,37,1760,27,5,2013,2,21,9,0,3,2,US-41A SR-112 CLARKSVILLE PK,,78,36.29155278,-86.88283889,0,34,0,0,1,1,0,4,2,1,0,1,0,0000000,99,99,99,99,88,88,0,0,0,1,1
47,470533,1,1,0,0,0,1,1,37,1760,30,5,2013,5,3,2,1,12,2,US-31E SR-6 ELLINGTON PKWY,,145,36.22596944,-86.74611111,0,3,0,0,1,1,0,4,2,1,0,1,0,0000000,99,99,99,99,88,88,0,0,0,1,1
47,470534,2,2,0,0,0,3,3,123,0,4,8,2013,1,11,24,0,3,3,SR-68,,355,35.24841944,-84.31156944,0,12,2,0,1,1,0,1,1,1,0,1,0,0000000,99,99,99,99,99,99,0,0,0,1,0
47,470535,4,4,0,0,0,8,8,37,1760,27,7,2013,7,3,3,1,11,1,I-40,,207,36.14713056,-86.74351111,0,12,2,0,1,1,0,1,3,1,0,1,0,0000000,99,99,99,99,99,99,0,0,0,2,1
47,470536,1,1,0,0,0,5,5,75,0,11,8,2013,1,17,55,1,1,1,I-40,,172,35.55841389,-89.18425,0,34,0,0,1,1,0,4,1,1,0,1,0,0000000,99,99,99,99,99,99,0,0,0,3,1
47,470537,1,1,0,0,0,2,2,75,0,12,8,2013,2,10,5,1,1,1,I-40,,170,35.55733056,-89.18755,0,1,0,0,1,1,0,3,1,10,0,10,0,0000000,99,99,99,99,99,99,0,0,0,1,0
47,470538,2,2,0,0,0,2,2,125,410,16,8,2013,6,17,57,1,13,2,US-79 SR-13 WILMA RUDOLPH BLVD,OLD TRENTON RD,234,36.56174167,-87.31419444,0,12,6,0,2,3,0,1,1,1,0,1,0,0000000,99,99,99,99,99,99,0,0,0,1,0
47,470539,1,1,0,0,0,1,1,155,920,17,8,2013,7,0,50,0,16,6,CARTERTOWN RD,,4,35.73075833,-83.48693056,0,34,0,0,1,1,0,4,2,1,0,1,0,0000000,99,99,99,99,99,99,0,0,0,1,1
47,470540,1,1,0,1,1,1,1,167,0,17,8,2013,7,12,45,0,5,4,CR-CHARLESTON MASON RD,,8,35.48621111,-89.52001944,0,8,0,0,1,1,0,1,1,1,0,1,0,0000000,99,99,99,99,99,99,0,0,0,1,0
47,470541,1,1,0,0,0,1,1,81,0,4,8,2013,1,99,99,0,6,4,CR-946 ONLY RD,,3,35.8883,-87.6303,0,42,0,0,1,1,0,4,4,1,0,1,0,0000000,99,99,99,99,88,88,0,0,0,1,1
47,470542,2,2,0,0,0,3,3,149,2250,4,8,2013,1,9,42,0,15,6,WEAKLEY LN,BUTTONWOOD DR,16,36.01971389,-86.49324722,0,12,2,0,2,3,0,1,1,10,0,10,0,0000000,99,99,99,99,99,99,0,0,0,1,0
47,470543,1,1,0,0,0,1,1,157,1620,20,8,2013,3,2,51,0,14,6,HORN LAKE RD,,42,35.05070833,-90.06878611,0,33,0,0,1,1,0,4,2,1,0,1,0,0000000,99,99,99,99,88,88,0,0,0,1,1
47,470544,2,2,0,0,0,2,2,157,1620,21,8,2013,4,12,4,1,11,1,I-240,,95,35.1353,-90.02428611,0,12,7,0,1,1,0,2,1,1,0,1,0,0000000,99,99,99,99,88,88,0,0,0,1,0
47,470545,2,2,0,0,0,2,2,131,2480,1,8,2013,5,15,38,1,13,3,SR-431 E REELFOOT AVE,,52,36.41275,-89.03485,0,12,2,0,1,1,0,1,1,1,0,1,0,0000000,99,99,99,99,99,99,0,0,0,1,0
47,470547,1,1,0,0,0,1,1,41,660,3,8,2013,7,18,0,0,3,2,US-70 SR-26 NASHVILLE HWY,,91,36.01464444,-85.95643611,0,35,0,0,1,1,0,4,1,1,0,1,0,0000000,99,99,99,99,99,99,0,0,0,1,1
47,470548,1,1,0,0,0,1,1,119,0,16,8,2013,6,18,47,0,4,3,SR-166,,113,35.55229722,-87.24870833,0,42,0,0,1,1,0,4,1,1,0,1,0,0000000,99,99,99,99,88,88,0,0,0,1,0
47,470549,1,1,0,0,0,1,1,13,0,20,8,2013,3,18,47,1,1,1,I-75,,222,36.48721389,-84.21630833,0,1,0,0,1,1,0,3,1,2,0,2,0,0000000,99,99,99,99,99,99,0,0,0,1,0
47,470550,1,1,0,0,0,1,1,49,0,25,8,2013,1,8,15,1,2,2,US-127 SR-28 S YORK HWY,,100,36.30181667,-84.97468056,0,32,0,0,1,1,0,4,1,1,0,1,0,0000000,99,99,99,99,88,88,0,0,0,1,0