STATE,ST_CASE,VE_TOTAL,VE_FORMS,PVH_INVL,PEDS,PERNOTMVIT,PERMVIT,PERSONS,COUNTY,CITY,DAY,MONTH,YEAR,DAY_WEEK,HOUR,MINUTE,NHS,ROAD_FNC,ROUTE,TWAY_ID,TWAY_ID2,MILEPT,LATITUDE,LONGITUD,SP_JUR,HARM_EV,MAN_COLL,RELJCT1,RELJCT2,TYP_INT,WRK_ZONE,REL_ROAD,LGT_COND,WEATHER1,WEATHER2,WEATHER,SCH_BUS,RAIL,NOT_HOUR,NOT_MIN,ARR_HOUR,ARR_MIN,HOSP_HR,HOSP_MN,CF1,CF2,CF3,FATALS,DRUNK_DR
47,470551,1,1,0,0,0,2,2,149,0,18,8,2013,1,8,35,0,4,3,SR-266 E JEFFERSON PK,,154,35.93813889,-86.34488056,0,42,0,0,1,1,0,4,1,10,0,10,0,0000000,99,99,99,99,99,99,0,0,0,1,0
47,470552,1,1,0,0,0,2,2,157,1620,26,8,2013,2,1,14,0,15,6,CASTALIA ST,,5,35.100025,-89.99465278,0,1,0,0,1,1,0,1,3,1,0,1,0,0000000,99,99,99,99,99,99,0,0,0,1,0
47,470553,2,2,0,0,0,2,2,157,1620,23,8,2013,6,12,2,0,14,6,QUINCE RD,,73,35.07981111,-89.85144444,0,1,0,0,8,1,0,1,1,1,0,1,0,0000000,99,99,99,99,99,99,0,0,0,1,0
47,470554,2,2,0,0,0,2,2,23,0,24,8,2013,7,3,15,0,3,3,SR-100,,177,35.465475,-88.54615,0,12,2,0,1,1,0,1,2,1,0,1,0,0000000,99,99,99,99,88,88,0,0,0,2,1
47,470555,2,2,0,0,0,2,2,73,0,24,8,2013,7,15,5,0,4,3,SR-113,SR-334 MELINDA FERRY RD,38,36.32882222,-83.085575,0,12,6,0,2,3,0,1,1,1,0,1,0,0000000,99,99,99,99,99,99,0,0,0,1,0
47,470556,2,2,0,0,0,3,3,179,0,25,8,2013,1,13,15,1,13,3,SR-36,,74,36.44108333,-82.45581944,0,12,6,0,1,1,0,1,1,1,0,1,0,0000000,99,99,99,99,99,99,0,0,0,1,0
47,470557,1,1,0,0,0,1,1,53,1170,27,8,2013,3,20,37,1,13,2,US-70ABP/79BP SR-366,,38,35.82410556,-88.921075,0,42,0,0,1,1,0,4,3,1,0,1,0,0000000,99,99,99,99,99,99,0,0,0,1,0
47,470558,1,1,0,0,0,1,1,119,470,29,8,2013,5,2,9,1,13,2,US-31 SR-6 NASHVILLE HWY,,249,35.65843333,-87.00791111,0,35,0,0,1,1,0,4,2,1,0,1,0,0000000,99,99,99,99,88,88,0,0,0,1,1
47,470560,2,2,0,2,2,4,4,157,1620,18,8,2013,1,2,56,1,11,1,I-40 DR MARTIN LUTHER KING JR,,87,35.190575,-89.95460833,0,8,0,0,1,1,0,2,3,1,0,1,0,0000000,99,99,99,99,88,88,23,0,0,2,0
47,470561,1,1,0,0,0,2,2,93,1300,23,8,2013,6,0,10,0,14,6,STRAWBERRY PLAINS PK,,80,35.99639167,-83.78230278,0,1,0,0,1,1,0,4,3,1,0,1,0,0000000,99,99,99,99,99,99,0,0,0,1,1
47,470562,2,2,0,0,0,2,2,167,0,19,8,2013,2,19,10,0,6,4,CR-BEAVER RD,,35,35.49446944,-89.80541111,0,12,6,0,8,1,0,1,5,1,0,1,0,0000000,99,99,99,99,99,99,0,0,0,1,0
47,470563,1,1,0,1,1,1,1,93,1300,27,8,2013,3,22,19,1,13,2,US-441 SR-33 N BROADWAY ST,,112,36.02806111,-83.9281,0,8,0,0,1,1,0,1,3,1,0,1,0,0000000,99,99,99,99,88,88,0,0,0,1,0
47,470564,2,2,0,0,0,3,3,103,0,27,8,2013,3,15,2,1,2,2,US-231/431 SR-10 HUNTSVILLE HW,,57,35.0716,-86.57206944,0,12,6,0,8,1,0,1,1,1,0,1,0,0000000,99,99,99,99,99,99,0,0,0,2,0
47,470565,2,2,0,0,0,3,3,1,1850,12,7,2013,6,11,9,1,13,3,SR-95 OAK RIDGE TPKE,ELZA DR,85,36.05723056,-84.20081944,0,12,6,0,2,3,0,1,1,1,0,1,0,0000000,99,99,99,99,99,99,0,0,0,1,0
47,470566,2,2,0,0,0,2,2,165,0,27,8,2013,3,4,25,1,2,3,SR-52,,114,36.57623056,-86.39301944,0,12,2,0,1,1,0,1,2,1,0,1,0,0000000,99,99,99,99,99,99,0,0,0,1,0
47,470567,3,3,0,0,0,4,4,189,0,24,8,2013,7,20,18,1,2,3,SR-109,CR-STEWART RD,118,36.293625,-86.44375833,0,12,6,0,2,3,0,1,2,1,0,1,0,0000000,99,99,99,99,99,99,0,0,0,1,0
47,470568,1,1,0,1,1,1,1,113,1200,1,9,2013,1,21,25,1,13,2,US-45BP SR-186 KEITH SHORT BYP,,30,35.65846111,-88.85361944,0,8,0,0,1,1,0,1,3,10,0,10,0,0000000,99,99,99,99,99,99,0,0,0,1,0
47,470569,2,2,0,0,0,2,2,113,1200,19,8,2013,2,5,40,0,15,6,BROWNS CHURCH RD,NORTH PKWY E,0,35.64213611,-88.77515,0,12,6,0,2,2,0,1,4,5,0,5,0,0000000,99,99,99,99,99,99,0,0,0,1,0
47,470570,1,1,0,0,0,2,2,55,0,22,8,2013,5,10,10,0,5,4,CR-KERR HILL RD,,6,35.33038056,-87.04188056,0,34,0,0,1,1,0,4,1,1,0,1,0,0000000,99,99,99,99,99,99,0,0,0,1,0
47,470571,1,1,0,0,0,1,1,187,833,17,8,2013,7,99,99,0,3,3,SR-100,,15,35.93908056,-87.167525,0,42,0,0,1,1,0,4,4,2,0,2,0,0000000,99,99,99,99,88,88,18,0,0,1,0
47,470572,2,2,0,0,0,2,2,125,0,21,8,2013,4,9,45,0,3,3,SR-76,SR-238 PORT ROYAL RD,229,36.55270278,-87.14184167,0,12,6,0,2,3,0,1,1,1,0,1,0,0000000,99,99,99,99,99,99,0,0,0,1,0
47,470573,1,1,0,0,0,3,3,115,0,25,8,2013,1,1,15,0,5,4,CR-KETNER MILL RD,,94,35.14649444,-85.53203889,0,34,0,0,1,1,0,4,2,10,0,10,0,0000000,99,99,99,99,99,99,0,0,0,1,1
47,470574,2,2,0,0,0,3,3,133,1420,28,8,2013,4,14,20,1,2,3,SR-111 BRADFORD HICKS DR,SR-294 BYRDSTOWN HWY,140,36.39683611,-85.30166944,0,12,6,0,2,3,0,1,1,1,0,1,0,0000000,99,99,99,99,99,99,0,0,0,1,0
47,470575,1,1,0,0,0,1,1,133,0,30,8,2013,6,99,99,0,3,3,SR-52 JAMESTOWN HWY,,219,36.39584444,-85.17164722,0,42,0,0,1,1,0,4,9,1,0,1,0,0000000,99,99,99,99,99,99,0,0,0,1,0
47,470576,1,1,0,0,0,1,1,155,0,30,8,2013,6,20,10,0,5,4,CR-PORTERFIELD GAP RD,,5,35.91371111,-83.742625,0,1,0,0,1,1,0,4,5,1,0,1,0,0000000,99,99,99,99,99,99,0,0,0,1,0
47,470577,2,2,0,0,0,3,3,159,0,24,8,2013,7,17,56,0,5,4,CR-BEASLEY BEND RD,,18,36.31723056,-86.0482,0,12,6,0,8,1,1,1,1,1,0,1,0,0000000,99,99,99,99,99,99,0,0,0,1,0
47,470578,1,1,0,0,0,1,1,113,0,16,6,2013,1,22,13,0,4,3,SR-98 BEECH BLUFF RD,,42,35.61031667,-88.73181111,0,1,0,0,1,1,0,4,2,1,0,1,0,0000000,99,99,99,99,88,88,0,0,0,1,0
47,470579,1,1,0,0,0,1,1,93,1300,3,9,2013,3,7,57,0,16,6,BRADSHAW GARDEN DR,,4,35.99679167,-83.97921389,0,42,0,0,1,1,0,4,1,10,0,10,0,0000000,99,99,99,99,88,88,0,0,0,1,0
47,470580,1,1,0,0,0,1,1,93,0,30,8,2013,6,17,29,0,15,4,CR-EVERETT RD,,8,35.88748056,-84.24272778,0,24,0,0,1,1,0,4,1,1,0,1,0,0000000,99,99,99,99,99,99,0,0,0,1,0
47,470581,1,1,0,0,0,2,2,155,0,9,8,2013,6,19,16,0,3,2,US-441 SR-71 NEWFOUND GAP RD,,133,35.68693889,-83.53580278,1,42,0,0,1,1,0,4,1,2,0,2,0,0000000,99,99,99,99,99,99,0,0,0,1,1
47,470582,1,1,0,0,0,1,1,55,0,22,8,2013,5,1,55,1,1,1,I-65,,92,35.1243,-86.87741111,0,1,0,0,1,1,0,1,2,1,0,1,0,0000000,99,99,99,99,99,99,0,0,0,1,0
47,470583,2,2,0,0,0,4,4,55,1980,26,8,2013,2,14,20,1,13,2,US-31 SR-7 ELKTON HWY,US-64 SR-15,175,35.17013056,-87.01566944,0,12,6,0,2,2,0,1,1,1,0,1,0,0000000,99,99,99,99,99,99,0,0,0,1,0
47,470584,1,1,0,0,0,1,1,37,1760,5,5,2013,1,3,13,0,14,2,US-431 SR-106 BROADWAY,DIVISION ST,82,36.14854722,-86.79915,0,43,0,0,3,4,0,5,3,2,0,2,0,0000000,99,99,99,99,88,88,0,0,0,1,0
47,470585,5,5,0,0,0,6,6,37,1760,21,7,2013,1,13,12,1,11,1,I-440,,12,36.14048889,-86.82283889,0,35,0,0,1,1,0,3,1,2,0,2,0,0000000,99,99,99,99,99,99,0,0,0,1,0
47,470586,1,1,0,0,0,6,6,131,0,30,8,2013,6,10,58,0,6,4,CR-CHAPEL HILL RD,,36,36.445775,-88.89441111,0,1,0,0,1,1,0,4,1,1,0,1,0,0000000,99,99,99,99,99,99,0,0,0,1,0
47,470587,1,1,0,0,0,1,1,151,0,31,8,2013,7,19,5,0,6,4,CR-CORDELL RD,,5,36.3702,-84.4484,0,35,0,0,1,1,0,4,1,10,0,10,0,0000000,99,99,99,99,88,88,0,0,0,1,1
47,470588,1,1,0,0,0,3,3,155,0,1,9,2013,1,3,55,0,5,4,CR-WHITES SCHOOL RD,,13,35.84613889,-83.63078611,0,34,0,0,1,1,0,4,2,1,0,1,0,0000000,99,99,99,99,99,99,0,0,0,1,1
47,470589,1,1,0,0,0,1,1,31,1550,3,9,2013,3,4,0,1,11,1,I-24,,152,35.48037222,-86.06609444,0,42,0,0,1,1,0,4,2,1,0,1,0,0000000,99,99,99,99,99,99,0,0,0,1,0
47,470590,1,1,0,0,0,3,3,119,470,2,7,2013,3,13,4,1,13,3,SR-50 WILLIAMSPORT PK,,104,35.63190556,-87.11266944,0,32,0,0,1,1,0,4,1,1,0,1,0,0000000,99,99,99,99,99,99,0,0,0,1,0
47,470591,1,1,0,0,0,3,3,145,0,19,8,2013,2,18,55,0,5,4,CR-EAGLE FURNACE RD,CR-LEDGERWOOD DR,43,35.776675,-84.7104,0,30,0,0,1,1,0,4,1,1,0,1,0,0000000,99,99,99,99,99,99,0,0,0,1,1
47,470592,1,1,0,0,0,2,2,17,0,13,8,2013,3,17,45,0,4,3,SR-77 GORDON BROWNING HWY,,262,36.14123611,-88.33145,0,42,0,0,1,1,0,4,1,1,0,1,0,0000000,99,99,99,99,99,99,0,0,0,1,0
47,470593,1,1,0,0,0,1,1,187,0,19,8,2013,2,13,16,0,5,4,CR-LEIPERS CREEK RD,,3,35.80821944,-87.07301111,0,35,0,0,1,1,0,4,1,1,0,1,0,0000000,99,99,99,99,99,99,0,0,0,1,0
47,470594,1,1,0,0,0,1,1,17,0,26,8,2013,2,6,30,0,6,4,CR-MOUNT ZION CHURCH RD,,3,35.99740833,-88.374825,0,1,0,0,1,1,0,1,1,1,0,1,0,0000000,99,99,99,99,88,88,0,0,0,1,0
47,470595,2,2,0,0,0,3,3,5,0,5,9,2013,5,1,10,1,1,1,I-40,,18,35.85528889,-88.0588,0,12,1,0,1,1,0,1,2,1,0,1,0,0000000,99,99,99,99,99,99,0,0,0,1,0
47,470596,1,1,0,0,0,1,1,105,0,24,8,2013,7,16,25,0,5,4,CR-STEEKEE RD,,33,35.70746389,-84.34434167,0,24,0,0,1,1,0,4,1,1,0,1,0,0000000,99,99,99,99,99,99,0,0,0,1,0
47,470597,2,2,0,0,0,6,6,103,840,31,8,2013,7,18,11,1,13,2,US-431 SR-273 S MAIN ST,E MAPLE ST,180,35.14963333,-86.57101944,0,12,6,0,2,2,0,1,1,1,0,1,0,0000000,99,99,99,99,99,99,20,0,0,1,1
47,470598,1,1,0,0,0,1,1,139,0,24,8,2013,7,23,45,0,4,3,SR-314 PARKSVILLE RD,,34,35.144825,-84.64258056,0,32,0,0,1,1,0,4,2,1,0,1,0,0000000,99,99,99,99,99,99,0,0,0,1,0
47,470599,2,2,0,0,0,2,2,155,0,1,9,2013,1,13,13,0,3,2,US-411/441 SR-35 CHAPMAN HWY,CR-SHILOH CHURCH RD,68,35.85720556,-83.67936944,0,12,6,0,2,3,0,1,1,1,0,1,0,0000000,99,99,99,99,99,99,0,0,0,1,0
47,470600,1,1,0,0,0,1,1,117,0,2,9,2013,2,8,52,0,3,2,US-31A SR-11 NASHVILLE HWY,,212,35.55561667,-86.70729167,0,34,0,0,1,1,0,4,1,1,0,1,0,0000000,99,99,99,99,99,99,0,0,0,1,0
47,470601,1,1,0,0,0,1,1,157,1620,21,8,2013,4,1,27,1,13,3,SR-14 JACKSON AVE,,125,35.15683889,-90.03451389,0,30,0,0,1,1,0,4,3,1,0,1,0,0000000,99,99,99,99,99,99,0,0,0,1,0
47,470602,3,3,0,0,0,7,7,93,0,23,8,2013,6,18,7,0,14,3,SR-168 W GOVERNOR JOHN SEVIER,CR-AUSTIN PARK LN,85,35.92448056,-83.81741111,0,12,2,0,2,3,0,1,1,1,0,1,0,0000000,99,99,99,99,99,99,0,0,0,1,0
47,470603,1,1,0,0,0,2,2,93,1300,3,9,2013,3,13,9,1,13,2,US-441 SR-71 CHAPMAN HWY,GWINFIELD DR,72,35.93058889,-83.90105,0,1,0,0,3,3,0,4,1,10,0,10,0,0000000,99,99,99,99,99,99,0,0,0,1,0
47,470604,1,1,0,0,0,2,2,55,770,2,9,2013,2,18,0,0,6,4,CR-WITT RD,,34,35.04231111,-86.90976944,0,1,0,0,1,1,0,4,1,1,0,1,0,0000000,99,99,99,99,99,99,0,0,0,1,1
47,470605,1,1,0,0,0,1,1,63,1700,10,9,2013,3,0,30,0,5,6,KIDWELLS RIDGE RD,,48,36.24206111,-83.37808889,0,42,0,0,1,1,0,4,2,1,0,1,0,0000000,99,99,99,99,99,99,0,0,0,1,0
47,470606,2,2,0,0,0,3,3,47,0,6,9,2013,6,8,45,1,1,1,I-40,,84,35.34903889,-89.51843056,0,12,6,0,1,1,0,1,1,1,0,1,0,0000000,99,99,99,99,88,88,0,0,0,2,0
47,470607,1,1,0,0,0,1,1,163,0,7,9,2013,7,99,99,1,13,3,SR-36 FORT HENRY DR,,2,36.44586667,-82.46018889,0,34,0,0,1,1,0,4,9,1,0,1,0,0000000,99,99,99,99,88,88,99,99,99,1,1
47,470608,1,1,0,1,1,1,1,19,760,12,9,2013,5,21,53,0,14,3,SR-91 ELIZABETHTON HWY,,20,36.32656389,-82.28013056,0,8,0,0,1,1,0,1,3,2,0,2,0,0000000,99,99,99,99,99,99,0,0,0,1,0
47,470609,2,2,0,0,0,3,3,125,410,5,9,2013,5,9,25,0,14,3,SR-48 COLLEGE ST,N NINTH ST,61,36.5327,-87.34768333,0,12,6,0,2,2,0,1,1,1,0,1,0,0000000,99,99,99,99,99,99,0,0,0,1,0
47,470610,1,1,0,0,0,2,2,113,1200,2,9,2013,2,0,15,0,15,3,SR-PARKSBURG RD,,27,35.55381389,-88.79085,0,30,0,0,1,1,0,4,2,10,0,10,0,0000000,99,99,99,99,88,88,0,0,0,2,1
47,470611,1,1,0,0,0,2,2,93,1300,11,9,2013,4,1,18,0,15,6,SANDERSON RD,,6,35.96770556,-83.9743,0,19,0,0,1,1,0,4,3,1,0,1,0,0000000,99,99,99,99,88,88,0,0,0,2,0
47,470612,1,1,0,0,0,1,1,119,0,7,9,2013,7,4,25,0,3,3,SR-50 WILLIAMSPORT PK,,69,35.65111111,-87.16806111,0,35,0,0,1,1,0,4,2,1,0,1,0,0000000,99,99,99,99,88,88,0,0,0,1,1
47,470613,1,1,0,0,0,2,2,93,1300,20,8,2013,3,10,29,0,3,3,SR-169 MIDDLEBROOK PK,,67,35.95041944,-84.01446111,0,42,0,0,1,1,0,4,1,10,0,10,0,0000000,99,99,99,99,99,99,0,0,0,1,0
47,470614,2,2,0,0,0,2,2,19,0,10,9,2013,3,6,10,1,13,2,US-19E/321 SR-37,,179,36.30043889,-82.18546944,0,12,2,0,1,1,0,1,2,1,0,1,0,0000000,99,99,99,99,88,88,0,0,0,1,1
47,470615,2,2,0,0,0,2,2,119,1730,3,9,2013,3,8,45,1,2,2,US-43 SR-6 NEW LAWRENCEBURG HW,SR-166 FIRST AVE,86,35.5437,-87.22083889,0,12,6,0,2,2,0,1,1,1,0,1,0,0000000,99,99,99,99,88,88,0,0,0,1,0
47,470616,1,1,0,1,1,2,2,167,520,15,9,2013,1,1,6,1,13,2,US-51 SR-3,E RIPLEY AVE,170,35.56993889,-89.64655,0,9,0,0,2,2,0,1,3,1,0,1,0,0000000,99,99,99,99,88,88,0,0,0,1,0
47,470617,2,2,0,0,0,2,2,157,1620,17,9,2013,3,22,13,1,13,2,US-61 SR-14 S THIRD ST,,37,35.02956111,-90.07908889,0,12,2,0,1,1,0,1,3,1,0,1,0,0000000,99,99,99,99,99,99,0,0,0,1,0
47,470618,1,1,0,0,0,1,1,41,0,7,9,2013,7,99,99,0,5,4,CR-FOUR SEASONS RD,,73,35.924375,-85.72281944,0,42,0,0,1,1,0,4,9,1,0,1,0,0000000,99,99,99,99,99,99,18,0,0,1,1
47,470619,1,1,0,0,0,1,1,115,0,9,9,2013,2,4,30,0,3,3,SR-108,,103,35.31006389,-85.56246667,0,42,0,0,1,1,0,4,2,1,0,1,0,0000000,99,99,99,99,88,88,0,0,0,1,0
47,470620,1,1,0,0,0,2,2,129,0,31,8,2013,7,99,99,0,4,3,SR-298 GENESIS RD,,47,36.11369444,-84.76653056,0,42,0,0,1,1,0,4,2,1,0,1,0,0000000,99,99,99,99,99,99,0,0,0,1,1
47,470621,1,1,0,0,0,1,1,161,0,8,9,2013,1,11,15,0,4,3,SR-232,,77,36.42198889,-87.967325,0,34,0,0,1,1,0,4,1,1,0,1,0,0000000,99,99,99,99,99,99,0,0,0,1,0
47,470622,1,1,0,0,0,1,1,179,985,12,9,2013,5,23,55,0,16,4,CR-HIDEAWAY HILLS RD,,1,36.41361111,-82.43359444,0,32,0,0,1,1,0,4,3,1,0,1,0,0000000,99,99,99,99,88,88,0,0,0,1,1
47,470623,1,1,0,0,0,2,2,125,410,14,9,2013,7,19,38,0,16,6,REASONS DR,,0,36.61885556,-87.33491667,0,30,0,0,1,1,0,4,3,1,0,1,0,0000000,99,99,99,99,99,99,0,0,0,1,0
47,470624,2,2,0,0,0,4,4,61,1033,5,9,2013,5,17,17,0,3,3,SR-108,,65,35.37409722,-85.60651944,0,12,2,0,1,1,0,1,1,1,0,1,0,0000000,99,99,99,99,99,99,0,0,0,1,0
47,470625,2,2,0,0,0,2,2,55,0,9,9,2013,2,17,55,1,2,2,US-64 SR-15 FAYETTEVILLE HWY,CR-PIGSAH RIDGE RD,217,35.19471111,-86.89133889,0,12,6,0,2,3,0,1,5,1,0,1,0,0000000,99,99,99,99,99,99,0,0,0,1,0
47,470626,1,1,0,0,0,3,3,49,0,14,9,2013,7,1,0,0,6,4,CR-MT HELEN RD,,15,36.39131389,-84.7746,0,35,0,0,1,1,0,4,2,1,0,1,0,0000000,99,99,99,99,99,99,0,0,0,1,1
47,470627,3,3,0,0,0,4,4,43,640,6,9,2013,6,19,45,1,13,3,SR-46,BAR-B-Q-RD,70,36.05698611,-87.37130278,0,12,6,0,2,3,0,1,2,1,0,1,0,0000000,99,99,99,99,99,99,14,0,0,1,0
47,470628,1,1,0,2,2,2,2,187,272,6,9,2013,6,22,39,1,11,1,I-65,,178,35.98738889,-86.80025,0,8,0,0,1,1,0,1,2,1,0,1,0,0000000,99,99,99,99,99,99,19,23,0,2,0
47,470629,1,1,0,0,0,1,1,147,2565,11,9,2013,4,23,19,0,5,4,CR-CALISTA RD,,20,36.49381111,-86.6631,0,43,0,0,1,1,0,4,2,1,0,1,0,0000000,99,99,99,99,99,99,0,0,0,1,0
47,470630,1,1,0,1,1,1,1,189,0,11,9,2013,4,5,43,0,5,4,CR-E DIVISION ST,,49,36.19098889,-86.43521111,0,8,0,0,1,1,0,1,2,5,0,5,0,0000000,99,99,99,99,99,99,0,0,0,1,0
47,470631,1,1,0,1,1,1,1,65,400,10,9,2013,3,6,38,1,13,3,SR-17 BONNY OAKS DR,ADDISON RD,77,35.07954167,-85.22713333,0,8,0,0,2,4,0,1,4,1,0,1,0,0000000,99,99,99,99,99,99,0,0,0,1,0
47,470632,2,2,0,0,0,4,4,163,1280,14,9,2013,7,20,13,1,13,3,SR-36 FORT HENRY DR,,62,36.51390278,-82.51932778,0,12,2,0,1,1,0,1,3,1,0,1,0,0000000,99,99,99,99,99,99,0,0,0,2,0
47,470633,1,1,0,0,0,2,2,45,710,26,7,2013,6,18,20,0,15,6,UPPER FINLEY RD,,45,36.04423889,-89.41798056,0,32,0,0,1,1,0,4,1,1,0,1,0,0000000,99,99,99,99,99,99,0,0,0,1,1
47,470634,2,2,0,0,0,2,2,3,2200,31,8,2013,7,2,26,1,13,2,US-41A SR-16 UNION ST,COLLOREDO BLVD,176,35.49131944,-86.46821111,0,12,1,0,2,2,0,1,3,1,0,1,0,0000000,99,99,99,99,99,99,0,0,0,1,1
47,470635,3,3,0,0,0,3,3,65,400,3,8,2013,7,6,22,1,13,3,SR-153,,94,35.13785,-85.2476,0,12,2,0,1,1,0,1,4,1,0,1,0,0000000,99,99,99,99,99,99,0,0,0,1,1
47,470636,1,1,0,0,0,1,1,149,0,19,8,2013,2,15,50,1,2,2,US-70S SR-1 JOHN BRAGG HWY,,253,35.82463889,-86.25348889,0,52,0,0,1,1,0,4,1,1,0,1,0,0000000,99,99,99,99,99,99,0,0,0,1,0
47,470637,2,1,1,2,2,1,1,29,0,16,9,2013,2,6,45,1,1,1,I-40,,125,35.8514,-83.18316944,0,14,0,0,1,1,0,2,2,1,0,1,0,0000000,99,99,99,99,99,99,19,0,0,2,0
47,470638,2,2,0,0,0,3,3,59,0,16,9,2013,2,13,25,1,1,1,I-81,,4,36.20041944,-83.1257,0,12,6,0,1,1,0,1,1,1,0,1,0,0000000,99,99,99,99,88,88,0,0,0,1,1
47,470639,2,2,0,0,0,4,4,81,0,21,9,2013,7,14,47,1,1,1,I-40,,111,35.95768056,-87.55183056,0,12,6,0,1,1,0,2,1,1,0,1,0,0000000,99,99,99,99,88,88,23,0,0,2,0
47,470640,3,3,0,0,0,4,4,149,0,23,9,2013,2,10,15,1,11,1,I-24,,38,35.96728889,-86.5663,0,54,11,0,1,1,0,1,1,1,0,1,0,0000000,99,99,99,99,99,99,14,0,0,1,0
47,470641,3,3,0,0,0,5,5,85,0,20,9,2013,6,23,2,1,1,1,I-40,,25,35.86486111,-87.8961,0,12,6,0,1,1,0,1,2,2,0,2,0,0000000,99,99,99,99,99,99,0,0,0,1,0
47,470642,1,1,0,0,0,1,1,159,0,24,9,2013,3,6,45,0,4,3,SR-264 TEMPERANCE HALL HWY,,3,36.10818056,-85.9397,0,42,0,0,1,1,0,4,4,10,0,10,0,0000000,99,99,99,99,99,99,0,0,0,1,0
47,470644,1,1,0,0,0,4,4,11,0,20,9,2013,6,18,54,0,6,4,CR-BRYAN CIR SE,,6,35.09631111,-84.86943056,0,30,0,0,1,1,0,4,1,1,0,1,0,0000000,99,99,99,99,99,99,0,0,0,1,1
47,470645,2,2,0,0,0,2,2,99,0,13,9,2013,6,15,55,1,2,2,US-64 SR-15 WAYNESBORO HWY,CR-SHOTWELL RD,113,35.27623889,-87.39321111,0,12,6,0,3,2,0,1,1,1,0,1,0,0000000,99,99,99,99,99,99,0,0,0,1,0
47,470646,1,1,0,0,0,4,4,145,0,15,9,2013,1,20,37,0,4,3,SR-327 BLAIR RD,,48,35.98128889,-84.41131944,0,1,0,0,1,1,0,4,2,10,0,10,0,0000000,99,99,99,99,99,99,0,0,0,1,0
47,470647,1,1,0,0,0,4,4,111,0,11,9,2013,4,99,99,0,5,4,CR-AKERSVILLE RD,,79,36.62675,-85.9814,0,42,0,0,1,1,0,4,1,2,0,2,0,0000000,99,99,99,99,99,99,0,0,0,1,0
47,470648,2,2,0,0,0,3,3,59,403,14,9,2013,7,21,50,0,6,4,CR-FISHPOND RD,,1,36.12451111,-82.62456111,0,12,2,0,1,1,0,1,2,1,0,1,0,0000000,99,99,99,99,99,99,0,0,0,2,0
47,470649,3,3,0,0,0,3,3,145,1850,22,9,2013,1,17,0,1,13,3,SR-95,,20,35.91230278,-84.33215,0,12,6,0,1,1,0,1,1,1,0,1,0,0000000,99,99,99,99,99,99,14,0,0,1,0
47,470650,2,2,0,0,0,3,3,63,1700,17,9,2013,3,7,35,1,13,2,US-25E SR-32 S DAVY CROCKETT P,,37,36.18485,-83.27290833,0,12,6,0,1,1,0,1,1,10,0,10,0,0000000,99,99,99,99,99,99,0,0,0,1,0
47,470651,1,1,0,0,0,1,1,33,0,9,9,2013,2,18,14,0,5,4,CR-OLD HWY 20 OLD JACKSON RD,,44,35.71486667,-88.97546111,0,11,0,0,1,1,0,1,1,1,0,1,0,0000000,99,99,99,99,99,99,0,0,0,1,1
47,470652,3,3,0,0,0,4,4,65,1999,12,9,2013,5,20,25,0,14,6,DAYTON BLVD,E MIDVALE DR,5,35.08929167,-85.31251944,0,12,6,0,2,4,0,1,5,2,0,2,0,0000000,99,99,99,99,99,99,0,0,0,1,0
47,470653,2,2,0,0,0,2,2,93,0,18,9,2013,4,17,51,0,5,4,CR-STRAWBERRY PLAINS PK,,95,36.01114167,-83.76455556,0,12,2,0,1,1,0,1,5,1,0,1,0,0000000,99,99,99,99,99,99,0,0,0,1,0
47,470654,2,2,0,0,0,3,3,71,0,20,9,2013,6,17,5,1,2,2,US-64 SR-15,SR-226 AIRPORT RD,101,35.22660556,-88.19885,0,12,6,0,2,2,0,1,1,2,0,2,0,0000000,99,99,99,99,99,99,0,0,0,1,0
47,470655,2,2,0,0,0,2,2,123,1540,20,9,2013,6,15,59,0,5,6,OLD US HWY 411 ENGLEWOOD RD,MONROE ST,5,35.51545833,-84.36486111,0,12,2,0,2,7,0,1,1,1,0,1,0,0000000,99,99,99,99,99,99,0,0,0,1,0
47,470656,1,1,0,0,0,1,1,165,0,20,9,2013,6,22,30,0,5,4,CR-BRINKLYE BRANCH RD,,30,36.41339167,-86.59688611,0,35,0,0,1,1,0,4,2,2,0,2,0,0000000,99,99,99,99,88,88,0,0,0,1,1
47,470657,1,1,0,0,0,1,1,59,0,21,9,2013,7,7,35,0,5,4,CR-HORTON HWY,,134,36.37083611,-82.73216944,0,35,0,0,1,1,0,4,1,2,0,2,0,0000000,99,99,99,99,88,88,0,0,0,1,0
47,470658,2,2,0,0,0,2,2,51,2600,22,9,2013,1,11,25,0,15,6,SHARP SPRINGS RD,,8,35.20156944,-86.10675,0,12,2,0,1,1,0,1,1,1,0,1,0,0000000,99,99,99,99,99,99,0,0,0,1,0
47,470659,2,2,0,0,0,3,3,93,1300,22,9,2013,1,15,44,0,16,6,WYNN AVE/DAVENPORT RD,COTTRELL ST,11,35.94885,-83.89492778,0,12,6,0,2,2,0,1,1,1,0,1,0,0000000,99,99,99,99,99,99,0,0,0,1,1
47,470660,1,1,0,0,0,1,1,189,0,23,9,2013,2,7,18,1,2,3,SR-840,,27,36.08815,-86.42743056,0,35,0,0,1,1,0,4,1,1,0,1,0,0000000,99,99,99,99,99,99,0,0,0,1,0