STATE,ST_CASE,VE_TOTAL,VE_FORMS,PVH_INVL,PEDS,PERNOTMVIT,PERMVIT,PERSONS,COUNTY,CITY,DAY,MONTH,YEAR,DAY_WEEK,HOUR,MINUTE,NHS,ROAD_FNC,ROUTE,TWAY_ID,TWAY_ID2,MILEPT,LATITUDE,LONGITUD,SP_JUR,HARM_EV,MAN_COLL,RELJCT1,RELJCT2,TYP_INT,WRK_ZONE,REL_ROAD,LGT_COND,WEATHER1,WEATHER2,WEATHER,SCH_BUS,RAIL,NOT_HOUR,NOT_MIN,ARR_HOUR,ARR_MIN,HOSP_HR,HOSP_MN,CF1,CF2,CF3,FATALS,DRUNK_DR
47,470661,1,1,0,1,1,1,1,163,1280,24,9,2013,3,6,39,0,14,3,SR-36 LYNN GARDEN DR,,125,36.57909167,-82.56795278,0,8,0,0,1,1,0,1,3,1,0,1,0,0000000,99,99,99,99,99,99,0,0,0,1,0
47,470662,1,1,0,0,0,1,1,65,0,24,9,2013,3,18,50,1,12,2,US-27 SR-29,,97,35.17914444,-85.26964167,0,35,0,0,1,1,0,3,5,10,0,10,0,0000000,99,99,99,99,99,99,0,0,0,1,0
47,470663,1,1,0,0,0,1,1,133,0,22,9,2013,1,14,20,0,5,4,CR-OLD SR-42 RICKMAN RD,,18,36.25172222,-85.38075,0,34,0,0,1,1,0,4,1,1,0,1,0,0000000,99,99,99,99,99,99,0,0,0,1,0
47,470664,1,1,0,0,0,1,1,189,0,22,9,2013,1,16,58,0,5,4,CR-POPLAR HILL RD,,19,36.16410833,-86.21926111,0,34,0,0,1,1,0,4,1,10,0,10,0,0000000,99,99,99,99,99,99,0,0,0,1,1
47,470665,1,1,0,0,0,1,1,163,1280,27,9,2013,6,17,50,0,16,4,CR-SLAUGHTER ST,,1,36.46829167,-82.57165278,0,34,0,0,8,1,0,4,1,1,0,1,0,0000000,99,99,99,99,99,99,0,0,0,1,0
47,470666,1,1,0,0,0,1,1,189,1360,27,9,2013,6,21,22,0,15,4,CR-HICKORY RIDGE RD,,21,36.20175556,-86.37708889,0,34,0,0,1,1,0,4,2,1,0,1,0,0000000,99,99,99,99,99,99,0,0,0,1,0
47,470667,2,2,0,0,0,3,3,157,1620,16,9,2013,2,12,12,1,13,3,SR-14 AUSTIN PEAY HWY,,230,35.23158333,-89.898875,0,12,6,0,8,1,0,1,1,1,0,1,0,0000000,99,99,99,99,99,99,0,0,0,1,0
47,470668,4,4,0,0,0,7,7,163,1280,21,9,2013,7,17,54,1,13,3,SR-36 FT HENRY DR,THORNTON DR,60,36.510875,-82.51698889,0,12,6,0,2,2,0,1,1,10,0,10,0,0000000,99,99,99,99,99,99,0,0,0,1,0
47,470669,2,2,0,0,0,2,2,13,0,29,9,2013,1,14,35,0,4,3,SR-116,,29,36.26836111,-84.19101944,0,12,8,0,1,1,0,1,1,1,0,1,0,0000000,99,99,99,99,99,99,0,0,0,1,1
47,470670,1,1,0,0,0,2,2,89,0,3,8,2013,7,7,48,1,13,3,SR-92 JEFFERSON CITY RD,,160,36.0916,-83.47441944,0,33,0,0,1,1,0,4,1,1,0,1,0,0000000,99,99,99,99,99,99,0,0,0,1,1
47,470671,2,2,0,0,0,3,3,83,800,3,10,2013,5,17,51,0,3,3,SR-49 W MAIN ST,MOBLEY LN,33,36.31623056,-87.7187,0,12,6,0,2,4,0,1,1,1,0,1,0,0000000,99,99,99,99,99,99,0,0,0,1,0
47,470672,2,2,0,0,0,2,2,59,0,4,10,2013,6,9,9,0,4,3,SR-351 107 CUTOFF,,109,36.14776111,-82.72528056,0,12,2,0,1,1,0,1,1,1,0,1,0,0000000,99,99,99,99,99,99,0,0,0,1,0
47,470673,2,2,0,1,1,2,2,75,0,17,9,2013,3,10,15,0,4,2,US-70 SR-1,,211,35.59191944,-89.1955,0,12,1,0,1,1,2,1,1,1,0,1,0,0000000,99,99,99,99,99,99,0,0,0,1,0
47,470674,1,1,0,0,0,2,2,61,0,26,9,2013,5,15,38,0,6,4,CR-CABBAGE PATCH RD,,14,35.44086111,-85.83193056,0,43,0,0,1,1,0,4,1,1,0,1,0,0000000,99,99,99,99,99,99,0,0,0,2,0
47,470675,1,1,0,0,0,1,1,61,0,1,10,2013,3,19,0,1,1,1,I-24 US-64,,32,35.26611111,-85.88448056,0,57,0,0,1,1,0,3,2,1,0,1,0,0000000,99,99,99,99,88,88,0,0,0,1,0
47,470676,3,2,1,0,0,2,2,117,0,30,9,2013,2,17,0,0,4,2,US-431 SR-106 FRANKLIN PK,,60,35.51301111,-86.81426111,0,12,6,0,8,1,0,1,1,1,0,1,0,0000000,99,99,99,99,99,99,0,0,0,1,0
47,470677,1,1,0,0,0,1,1,3,0,2,10,2013,4,23,50,0,4,3,SR-269 BELL BUCKLE-WARTRACE RD,,84,35.5371,-86.34311944,0,34,0,0,1,1,0,4,2,1,0,1,0,0000000,99,99,99,99,99,99,0,0,0,1,0
47,470678,1,1,0,0,0,1,1,135,0,29,9,2013,1,1,14,1,2,2,US-412 SR-20,,60,35.62293889,-87.93601944,0,34,0,0,1,1,0,4,2,1,0,1,0,0000000,99,99,99,99,88,88,20,0,0,1,0
47,470679,1,1,0,0,0,4,4,77,2120,30,9,2013,2,14,55,0,4,3,SR-104,,340,35.45001944,-88.29698056,0,1,0,0,1,1,0,4,1,10,0,10,0,0000000,99,99,99,99,99,99,0,0,0,1,0
47,470680,2,2,0,0,0,4,4,1,440,4,10,2013,6,7,2,1,2,3,SR-61 N CHARLES G SEIVERS BLVD,I-75 RAMP,210,36.16798056,-84.08051111,0,12,6,1,3,2,0,1,4,5,0,5,0,0000000,99,99,99,99,99,99,0,0,0,1,1
47,470681,1,1,0,0,0,1,1,3,0,4,10,2013,6,8,48,1,2,2,US-41A SR-16,,1,35.44755,-86.33208056,0,42,0,0,1,1,0,4,1,1,0,1,0,0000000,99,99,99,99,99,99,0,0,0,1,1
47,470682,1,1,0,0,0,1,1,157,1620,4,10,2013,6,5,42,0,14,6,CLIFTON AVE,,6,35.208,-89.98431111,0,33,0,0,1,1,0,4,4,1,0,1,0,0000000,99,99,99,99,99,99,0,0,0,1,0
47,470683,1,1,0,0,0,2,2,29,0,5,10,2013,7,16,45,1,2,2,US-25 SR-9 DIXIE HWY,,126,35.93867778,-83.08545,0,1,0,0,1,1,0,1,1,1,0,1,0,0000000,99,99,99,99,99,99,0,0,0,1,1
47,470684,1,1,0,0,0,1,1,65,0,5,10,2013,7,14,11,0,5,4,CR-GRASSHOPPER RD,,5,35.31178889,-85.02006111,0,34,0,0,1,1,0,4,1,10,0,10,0,0000000,99,99,99,99,88,88,0,0,0,1,1
47,470685,2,2,0,0,0,3,3,157,1620,6,10,2013,1,0,15,0,14,6,JAMES RD,,32,35.19938056,-89.98176111,0,12,7,0,1,1,0,1,3,2,0,2,0,0000000,99,99,99,99,99,99,0,0,0,1,1
47,470686,1,1,0,0,0,3,3,157,1620,6,10,2013,1,3,54,0,14,6,PRESCOTT RD,KIMBALL AVE,10,35.09343333,-89.94936944,0,30,0,0,3,3,0,4,3,2,0,2,0,0000000,99,99,99,99,99,99,0,0,0,1,1
47,470687,1,1,0,0,0,1,1,133,0,5,10,2013,7,17,35,0,5,4,CR-WINDLE COMMUNITY RD,,13,36.29113889,-85.39153056,0,34,0,0,1,1,0,4,1,1,0,1,0,0000000,99,99,99,99,99,99,0,0,0,1,1
47,470688,2,2,0,0,0,2,2,157,1620,28,9,2013,7,8,0,1,11,1,I-240,,79,35.43328611,-89.58494722,0,12,2,0,1,1,0,1,1,1,0,1,0,0000000,99,99,99,99,99,99,0,0,0,1,0
47,470689,1,1,0,0,0,2,2,159,0,7,10,2013,2,18,7,1,1,1,I-40,,119,36.16168056,-85.88593056,0,52,0,0,1,1,0,3,5,1,0,1,0,0000000,99,99,99,99,99,99,0,0,0,2,0
47,470690,1,1,0,0,0,1,1,149,0,30,7,2013,3,14,55,0,6,4,CR-CUTOFF RD,,9,35.98155,-86.39335,0,17,0,0,1,1,0,4,1,10,0,10,0,0000000,99,99,99,99,99,99,0,0,0,1,0
47,470691,2,2,0,0,0,3,3,141,480,8,10,2013,3,21,35,0,14,6,INTERSTATE DR,,12,36.13821111,-85.50655,0,12,6,0,8,1,0,1,3,1,0,1,0,0000000,99,99,99,99,99,99,0,0,0,1,0
47,470692,2,2,0,0,0,2,2,173,1961,16,9,2013,2,18,5,0,16,6,STOWERS DR,,2,36.17711944,-83.79388889,0,1,0,0,1,1,0,1,1,10,0,10,0,0000000,99,99,99,99,99,99,0,0,0,1,0
47,470693,1,1,0,0,0,1,1,93,1300,7,10,2013,2,19,25,0,4,3,SR-170 RACCOON VALLEY DR,,11,36.07118611,-84.06967222,0,30,0,0,1,1,0,4,2,1,0,1,0,0000000,99,99,99,99,99,99,0,0,0,1,0
47,470694,1,1,0,0,0,1,1,157,1620,7,10,2013,2,12,41,1,11,1,I-40 RAMP,,16,35.15166111,-90.03982222,0,24,0,1,5,1,0,4,1,1,0,1,0,0000000,99,99,99,99,99,99,0,0,0,1,0
47,470695,4,4,0,0,0,23,23,89,0,2,10,2013,4,14,0,1,1,1,I-40,,129,36.05643889,-83.36728056,0,57,0,0,1,1,0,3,1,1,0,1,0,0000000,99,99,99,99,99,99,14,0,0,8,0
47,470696,2,2,0,0,0,4,4,187,0,28,9,2013,7,22,50,0,3,2,US-31A/41A SR-11 HORTON HWY,CR-TALIAFERRO RD,48,35.81732222,-86.661775,0,12,6,0,2,2,0,1,2,1,0,1,0,0000000,99,99,99,99,99,99,0,0,0,1,0
47,470697,2,2,0,0,0,2,2,143,0,4,10,2013,6,16,30,1,2,2,US-27 SR-29 RHEA COUNTY HWY,,248,35.71771111,-84.83266111,0,12,6,0,8,1,0,1,1,1,0,1,0,0000000,99,99,99,99,99,99,0,0,0,1,0
47,470698,2,2,0,1,1,5,5,159,0,4,10,2013,6,13,45,0,3,3,SR-80 PLEASANT SHADE HWY,,19,36.30971111,-85.97311944,0,9,0,0,1,1,0,2,1,1,0,1,0,0000000,99,99,99,99,99,99,0,0,0,1,0
47,470699,2,2,0,0,0,3,3,159,0,7,10,2013,2,7,40,0,3,3,SR-53 ALEXANDRIA HWY,,11,36.09761111,-86.01871944,0,12,2,0,1,1,0,1,1,5,0,5,0,0000000,99,99,99,99,99,99,0,0,0,1,0
47,470700,1,1,0,0,0,1,1,81,0,10,10,2013,5,1,50,0,3,3,SR-100,,232,35.8971,-87.3472,0,42,0,0,1,1,0,4,2,1,0,1,0,0000000,99,99,99,99,88,88,0,0,0,1,0
47,470701,2,2,0,0,0,5,5,5,0,4,10,2013,6,19,15,0,3,2,US-70 SR-1,,2,36.04606944,-88.13756111,0,12,2,0,1,1,0,1,2,1,0,1,0,0000000,99,99,99,99,99,99,0,0,0,1,0
47,470702,1,1,0,0,0,1,1,91,0,11,10,2013,6,99,99,0,3,2,US-421 SR-34 SHADY ST,,79,36.49993889,-81.87495,0,1,0,0,1,1,0,4,2,1,0,1,0,0000000,99,99,99,99,88,88,0,0,0,1,1
47,470703,1,1,0,0,0,1,1,153,0,12,10,2013,7,3,30,0,4,3,SR-283 E VALLEY RD,,21,35.2804,-85.42196944,0,30,0,0,1,1,0,4,2,1,0,1,0,0000000,99,99,99,99,88,88,0,0,0,1,1
47,470704,1,1,0,0,0,2,2,183,0,12,10,2013,7,99,99,0,5,4,CR-PARKERS LEVEE RD,,24,36.26378889,-88.89241111,0,42,0,0,1,1,0,4,2,99,0,99,0,0000000,99,99,99,99,88,88,0,0,0,2,1
47,470705,2,2,0,0,0,2,2,119,470,17,4,2013,4,19,38,0,14,3,SR-243 TROTWOOD AVE,WKRM LN,109,35.60995,-87.06146944,0,12,1,0,2,4,0,1,1,1,0,1,0,0000000,99,99,99,99,99,99,0,0,0,1,0
47,470706,1,1,0,0,0,1,1,37,1760,1,6,2013,7,13,43,1,13,3,SR-255 HARDING PL,,18,36.07862222,-86.74521111,0,43,0,0,1,1,0,4,1,1,0,1,0,0000000,99,99,99,99,99,99,0,0,0,1,0
47,470707,1,1,0,0,0,1,1,93,0,23,4,2013,3,14,29,0,14,2,US-441 SR-71 NORRIS FRWY,,113,36.10348056,-83.97146944,0,35,0,0,1,1,0,4,1,1,0,1,0,0000000,99,99,99,99,99,99,0,0,0,1,0
47,470708,2,2,0,0,0,4,4,125,410,10,5,2013,6,11,14,0,14,6,MEMORIAL DR,,8,36.52138611,-87.30230278,0,12,6,0,8,1,0,1,1,2,0,2,0,0000000,99,99,99,99,99,99,0,0,0,1,0
47,470710,2,2,0,0,0,3,3,21,1933,11,10,2013,6,16,44,0,3,2,US-70 SR-1 PEGRAM AVE,,92,36.09403056,-87.0394,0,12,2,0,1,1,0,1,1,1,0,1,0,0000000,99,99,99,99,99,99,0,0,0,1,1
47,470711,1,1,0,0,0,1,1,65,400,14,10,2013,2,0,10,0,14,6,N ACCESS RD,,16,35.10783889,-85.2314,0,24,0,0,1,1,0,4,2,1,0,1,0,0000000,99,99,99,99,88,88,0,0,0,1,1
47,470712,1,1,0,0,0,1,1,93,1300,16,10,2013,4,1,52,0,16,4,CR-BOB GRAY RD,,15,35.93653056,-84.1197,0,42,0,0,1,1,0,4,2,10,0,10,0,0000000,99,99,99,99,88,88,0,0,0,1,0
47,470713,1,1,0,0,0,1,1,37,1245,2,10,2013,4,5,46,0,16,6,GRAYS POINT RD,,26,36.29108056,-86.90168889,0,32,0,0,1,1,0,4,3,10,0,10,0,0000000,99,99,99,99,88,88,0,0,0,1,0
47,470714,1,1,0,0,0,2,2,31,0,13,10,2013,1,8,25,0,3,3,SR-53 WOODBURY HWY,,63,35.57691944,-86.07833056,0,32,0,0,1,1,0,4,1,1,0,1,0,0000000,99,99,99,99,99,99,0,0,0,1,0
47,470715,2,2,0,0,0,3,3,157,930,15,10,2013,3,12,0,1,13,6,WINCHESTER RD,FOREST HILL IRENE RD,36,35.04768056,-89.75991944,0,12,6,0,2,2,0,1,1,1,0,1,0,0000000,99,99,99,99,99,99,0,0,0,1,0
47,470716,1,1,0,0,0,1,1,37,1760,22,7,2013,2,15,7,0,16,6,W HAMILTON RD,,10,36.21353889,-86.82516111,0,42,0,0,1,1,0,4,1,1,0,1,0,0000000,99,99,99,99,88,88,0,0,0,1,0
47,470717,1,1,0,0,0,3,3,9,0,17,3,2013,1,22,10,0,6,4,CR-CLOYDS CHURCH RD,,4,35.69928056,-84.15571111,0,5,0,0,1,1,0,1,2,1,0,1,0,0000000,99,99,99,99,99,99,0,0,0,1,1
47,470718,1,1,0,1,1,4,4,37,1760,28,7,2013,1,0,42,1,13,2,US-41/70S SR-1 MURFREESBORO RD,,219,36.13018056,-86.71566944,0,15,0,0,1,1,0,1,3,10,0,10,0,0000000,99,99,99,99,99,99,0,0,0,1,0
47,470719,1,1,0,0,0,1,1,37,1760,30,8,2013,6,5,45,1,11,1,I-65,,35,36.07728333,-86.76640833,0,35,0,0,1,1,0,4,1,1,0,1,0,0000000,99,99,99,99,99,99,0,0,0,1,0
47,470720,1,1,0,0,0,2,2,37,1760,27,8,2013,3,20,54,0,14,6,ELM HILL PK,,10,36.14228056,-86.64481111,0,30,0,0,1,1,0,4,3,1,0,1,0,0000000,99,99,99,99,99,99,0,0,0,1,1
47,470721,2,2,0,0,0,4,4,37,1760,3,8,2013,7,17,16,0,3,3,SR-12 ASHLAND CITY HWY,,74,36.211,-86.88703889,0,12,8,0,1,1,0,1,1,10,0,10,0,0000000,99,99,99,99,99,99,0,0,0,1,0
47,470722,1,1,0,0,0,1,1,157,1620,18,10,2013,6,20,54,1,11,1,I-240,,23,35.14831667,-90.02308889,0,1,0,1,19,1,0,8,3,1,0,1,0,0000000,99,99,99,99,88,88,0,0,0,1,1
47,470723,2,2,0,0,0,2,2,105,1370,17,9,2013,3,13,46,1,11,1,I-75,,146,35.824825,-84.28461667,0,12,1,0,1,1,0,1,1,1,0,1,0,0000000,99,99,99,99,99,99,0,0,0,1,0
47,470724,1,1,0,0,0,1,1,9,0,19,10,2013,7,2,19,0,14,4,CR-MORGANTOWN RD,,56,35.71242778,-84.06681111,0,42,0,0,1,1,0,4,2,1,0,1,0,0000000,99,99,99,99,99,99,0,0,0,1,0
47,470725,1,1,0,0,0,3,3,37,1760,7,7,2013,1,15,12,0,16,6,PETTUS RD,,5,36.01843889,-86.66441944,0,53,0,0,1,1,0,4,1,1,0,1,0,0000000,99,99,99,99,99,99,0,0,0,2,0
47,470726,2,2,0,0,0,2,2,77,0,11,10,2013,6,6,16,1,2,2,US-412 SR-20,,179,35.62831111,-88.3108,0,12,1,0,1,1,0,1,2,10,0,10,0,0000000,99,99,99,99,99,99,0,0,0,1,0
47,470727,1,1,0,1,1,1,1,37,1760,3,9,2013,3,19,57,1,13,2,US-31E SR-6 GALLATIN PK,,174,36.24730556,-86.72082222,0,15,0,0,1,1,0,1,3,1,0,1,0,0000000,99,99,99,99,99,99,0,0,0,1,0
47,470729,1,1,0,0,0,2,2,181,0,9,9,2013,2,99,99,0,4,3,SR-227 PUMPING STATION RD,CR-1763 BIG CYPRESS RD,1,35.006025,-87.81386944,0,39,0,0,3,4,0,4,2,1,0,1,0,0000000,99,99,99,99,99,99,0,0,0,1,1
47,470730,1,1,0,1,1,1,1,37,1760,5,9,2013,5,9,39,1,13,2,US-70 S SR-1 HARDING RD,,135,36.12777778,-86.84349444,0,8,0,0,4,1,0,1,1,1,0,1,0,0000000,99,99,99,99,9,56,0,0,0,1,0
47,470731,3,3,0,0,0,3,3,9,0,19,8,2013,2,15,35,0,14,3,SR-33 OLD KNOXVILLE HWY,,191,35.84988889,-83.94203056,0,12,1,0,8,1,0,1,1,10,0,10,0,0000000,99,99,99,99,99,99,0,0,0,1,0
47,470732,1,1,0,1,1,1,1,37,1760,14,9,2013,7,4,52,1,12,3,SR-155 BRILEY PKWY,,157,36.23791389,-86.73646944,0,8,0,0,1,1,0,2,3,1,0,1,0,0000000,99,99,99,99,88,88,0,0,0,1,0
47,470733,1,1,0,0,0,1,1,93,1300,24,8,2013,7,17,9,0,16,6,ESSARY DR,,3,36.04021111,-83.91625,0,34,0,0,1,1,0,4,1,1,0,1,0,0000000,99,99,99,99,99,99,0,0,0,1,0
47,470734,2,2,0,0,0,2,2,37,1760,21,9,2013,7,23,14,1,13,2,US-70 SR-24 LEBANON PK,,160,36.15374722,-86.72108889,0,12,2,0,8,1,0,11,3,1,0,1,0,0000000,99,99,99,99,88,88,0,0,0,1,0
47,470735,2,2,0,0,0,2,2,69,0,28,10,2013,2,6,40,0,3,3,SR-57,,106,35.05263056,-89.009,0,12,2,0,1,1,0,1,1,1,0,1,0,0000000,99,99,99,99,99,99,0,0,0,1,0
47,470736,2,2,0,0,0,3,3,171,2477,12,10,2013,7,20,38,1,1,1,I-26 US-19W/23 JAMES H QUILLEN,,61,36.18631111,-82.37811111,0,12,2,0,1,1,0,1,2,1,0,1,0,0000000,99,99,99,99,99,99,0,0,0,1,1
47,470737,1,1,0,1,1,2,2,165,890,18,10,2013,6,18,35,1,13,3,SR-25 HARTSVILLE PK,,159,36.3908,-86.43208056,0,8,0,0,1,1,0,1,3,1,0,1,0,0000000,99,99,99,99,99,99,0,0,0,1,0
47,470739,1,1,0,0,0,5,5,59,0,22,10,2013,3,2,45,0,5,4,CR-GREYSTONE RD,,68,36.0967,-82.70923056,0,42,0,0,1,1,0,4,2,1,0,1,0,0000000,99,99,99,99,99,99,0,0,0,1,1
47,470740,2,2,0,0,0,4,4,119,470,15,10,2013,3,17,40,0,6,4,CR-MT OLIVET RD,,10,35.62844167,-86.97795,0,12,2,0,1,1,0,1,5,10,0,10,0,0000000,99,99,99,99,99,99,0,0,0,1,0
47,470741,1,1,0,0,0,1,1,149,1750,18,10,2013,6,7,10,1,13,3,SR-96 E CLARK BLVD,,125,35.86033889,-86.37366944,0,53,0,0,1,1,0,4,1,5,0,5,0,0000000,99,99,99,99,99,99,0,0,0,1,0
47,470742,2,2,0,0,0,2,2,65,750,26,10,2013,7,12,55,1,13,2,US-41/76 SR-8 RINGGOLD RD,,39,34.99841111,-85.25451944,0,12,2,0,1,1,0,1,1,1,0,1,0,0000000,99,99,99,99,99,99,0,0,0,1,0
47,470743,1,1,0,0,0,1,1,155,2170,28,10,2013,2,18,45,0,4,3,SR-338 DOUGLAS DAM RD,,129,35.90883889,-83.56733889,0,24,0,0,1,1,0,4,2,10,0,10,0,0000000,99,99,99,99,99,99,0,0,0,1,0
47,470744,2,2,0,0,0,4,4,9,30,20,10,2013,1,17,43,0,14,6,W BESSEMER ST,MCCAMMON AVE,13,35.76686389,-83.98313889,0,12,6,0,2,2,0,1,1,1,0,1,0,0000000,99,99,99,99,99,99,0,0,0,1,0
47,470745,1,1,0,0,0,2,2,51,820,8,10,2013,3,19,45,0,6,4,CR-ROCK CREEK RD,,29,35.28571944,-86.16701111,0,30,0,0,1,1,0,4,2,1,0,1,0,0000000,99,99,99,99,99,99,0,0,0,2,1
47,470746,1,1,0,0,0,1,1,105,0,20,10,2013,1,99,99,0,3,3,SR-72,,124,35.74101389,-84.42295278,0,1,0,0,1,1,0,4,2,1,0,1,0,0000000,99,99,99,99,99,99,0,0,0,1,1
47,470747,1,1,0,0,0,1,1,93,1300,14,10,2013,2,11,13,1,11,1,I-140 SR-62 PELLISSIPPI PKWY,,51,35.85891944,-84.06501944,0,34,0,0,1,1,0,3,1,1,0,1,0,0000000,99,99,99,99,99,99,0,0,0,1,0
47,470748,1,1,0,0,0,1,1,123,0,23,10,2013,4,21,37,0,6,4,CR-MASON RD,,7,35.56301667,-84.28082222,0,30,0,0,1,1,0,4,2,1,0,1,0,0000000,99,99,99,99,88,88,0,0,0,1,0
47,470749,1,1,0,0,0,2,2,157,1620,25,10,2013,6,4,25,0,16,6,OLD COLEMAN RD,,5,35.23168333,-89.91465833,0,35,0,0,1,1,0,4,2,1,0,1,0,0000000,99,99,99,99,99,99,0,0,0,1,0
47,470750,1,1,0,0,0,2,2,157,1620,27,10,2013,1,1,3,1,11,1,I-240,,81,35.07776111,-89.98671944,0,24,0,0,1,1,0,4,3,1,0,1,0,0000000,99,99,99,99,88,88,0,0,0,2,0
47,470751,1,1,0,0,0,1,1,43,0,26,10,2013,7,18,58,0,5,4,CR-ROCK SPRINGS RD,,80,36.27162222,-87.30681389,0,1,0,0,1,1,0,1,2,1,0,1,0,0000000,99,99,99,99,99,99,0,0,0,1,0
47,470752,1,1,0,0,0,2,2,115,1974,26,10,2013,7,9,26,0,4,3,SR-283 ALVIN C YORK HWY,,35,35.19945556,-85.47753611,0,34,0,0,1,1,0,4,1,1,0,1,0,0000000,99,99,99,99,99,99,0,0,0,1,0
47,470753,1,1,0,0,0,1,1,111,0,28,10,2013,2,16,19,0,4,3,SR-261 GALEN RD,,88,36.59496944,-85.93730833,0,53,0,0,1,1,0,4,1,10,0,10,0,0000000,99,99,99,99,99,99,0,0,0,1,0
47,470754,5,5,0,0,0,6,6,69,0,21,10,2013,2,8,10,0,3,3,SR-18 N,,273,35.37840833,-88.89866944,0,12,8,0,1,1,0,1,1,1,0,1,0,0000000,99,99,99,99,99,99,14,0,0,1,0
47,470755,2,2,0,0,0,3,3,35,0,22,10,2013,3,7,6,0,3,3,SR-68,,123,35.7818,-84.88273889,0,12,2,0,1,1,0,1,1,1,0,1,0,0000000,7,39,7,56,8,20,0,0,0,1,2
47,470756,3,3,0,0,0,3,3,43,0,1,11,2013,6,13,47,1,1,1,I-40,,134,36.02053056,-87.26243056,0,12,1,0,1,1,0,1,1,1,0,1,0,0000000,99,99,99,99,99,99,26,0,0,1,0
47,470757,2,2,0,0,0,2,2,53,0,5,11,2013,3,19,0,1,2,2,US-45E SR-43 MILAN HWY,CR-VICK RD,167,36.01388889,-88.80183056,0,12,6,0,2,3,0,1,2,1,0,1,0,0000000,99,99,99,99,99,99,0,0,0,1,0
47,470758,1,1,0,0,0,1,1,9,1570,3,10,2013,5,12,48,0,16,6,COURT ST,TUDOR DR,31,35.73361111,-83.95075278,0,34,0,0,3,3,0,4,1,1,0,1,0,0000000,99,99,99,99,99,99,0,0,0,1,0
47,470759,2,2,0,0,0,3,3,77,0,22,11,2013,6,0,15,1,1,1,I-40,,72,35.76047778,-88.48918889,0,12,1,0,1,1,0,1,2,10,0,10,0,0000000,99,99,99,99,99,99,0,0,0,1,0
47,470760,4,4,0,0,0,7,7,75,0,31,10,2013,5,23,15,1,1,1,I-40,,205,35.57428056,-89.12993056,0,12,1,0,1,1,0,1,2,10,0,10,0,0000000,99,99,99,99,99,99,14,0,0,1,0
47,470761,4,4,0,1,1,4,4,117,0,7,11,2013,5,1,11,1,1,1,I-65,,80,35.41831111,-86.87745,0,12,11,0,1,1,0,1,2,2,0,2,0,0000000,99,99,99,99,88,88,23,0,0,1,0
47,470762,2,2,0,0,0,3,3,117,0,7,11,2013,5,1,11,1,1,1,I-65,,80,35.41831111,-86.87745,0,12,9,0,1,1,0,2,2,2,0,2,0,0000000,99,99,99,99,99,99,19,23,0,1,0
47,470763,1,1,0,0,0,2,2,37,1760,10,9,2013,3,21,50,0,15,6,DODSON CHAPEL RD,,6,36.17183056,-86.61463889,0,38,0,0,1,1,0,4,2,1,0,1,0,0000000,99,99,99,99,99,99,0,0,0,1,0
47,470764,2,2,0,0,0,3,3,73,2080,9,4,2013,3,15,1,0,5,6,E MAIN ST,,17,36.41236111,-82.99496944,0,12,2,0,1,1,0,1,1,1,0,1,0,0000000,99,99,99,99,99,99,0,0,0,1,0
47,470765,1,1,0,0,0,1,1,73,405,3,3,2013,1,6,55,1,13,2,US-11W SR-1 LEE HWY,,357,36.51845833,-82.70503056,0,34,0,0,1,1,0,4,1,4,0,4,0,0000000,99,99,99,99,99,99,0,0,0,1,0
47,470766,1,1,0,0,0,1,1,61,2420,10,3,2013,1,15,10,0,16,6,ALTAMONT ST,,12,35.26621111,-85.74246667,0,42,0,0,1,1,0,4,1,1,0,1,0,0000000,99,99,99,99,99,99,0,0,0,1,0
47,470767,2,2,0,0,0,2,2,37,1760,5,11,2013,3,14,23,0,3,2,US-70 SR-24 CHARLOTTE PK,SAWYER BROWN RD,32,36.11236944,-86.92956111,0,12,6,0,2,3,0,1,1,1,0,1,0,0000000,99,99,99,99,99,99,0,0,0,1,0
47,470768,2,2,0,0,0,3,3,55,0,23,10,2013,4,16,50,1,2,2,US-64 SR-15 LAWRENCEBURG HWY,CR-BIG DRY CREEK RD,65,35.21218056,-87.11013889,0,12,6,0,2,2,0,1,1,1,0,1,0,0000000,99,99,99,99,88,88,0,0,0,1,0
47,470769,1,1,0,0,0,1,1,65,400,12,10,2013,7,10,5,0,14,6,SHALLOWFORD RD,,6,35.05292778,-85.17978889,0,33,0,0,1,1,0,4,1,1,0,1,0,0000000,99,99,99,99,88,88,0,0,0,1,0
47,470770,2,2,0,0,0,3,3,25,0,25,10,2013,6,14,5,0,5,4,CR-CAVE SPRINGS RD,CR-CAMPBELL DR,45,36.50443889,-83.531,0,12,6,0,2,3,0,1,1,1,0,1,0,0000000,99,99,99,99,99,99,0,0,0,1,0
47,470771,2,2,0,0,0,7,7,157,1620,27,10,2013,1,2,55,1,11,1,I-40,,89,35.1123,-89.574725,0,12,7,0,1,1,0,1,3,1,0,1,0,0000000,99,99,99,99,99,99,0,0,0,1,1
47,470772,2,2,0,0,0,2,2,183,0,27,10,2013,1,6,15,1,2,2,US-45E SR-43,CR-MT VERNON RD,104,36.25608056,-88.83138056,0,12,6,0,2,2,0,1,2,1,0,1,0,0000000,99,99,99,99,99,99,0,0,0,1,0