STATE,ST_CASE,VE_TOTAL,VE_FORMS,PVH_INVL,PEDS,PERNOTMVIT,PERMVIT,PERSONS,COUNTY,CITY,DAY,MONTH,YEAR,DAY_WEEK,HOUR,MINUTE,NHS,ROAD_FNC,ROUTE,TWAY_ID,TWAY_ID2,MILEPT,LATITUDE,LONGITUD,SP_JUR,HARM_EV,MAN_COLL,RELJCT1,RELJCT2,TYP_INT,WRK_ZONE,REL_ROAD,LGT_COND,WEATHER1,WEATHER2,WEATHER,SCH_BUS,RAIL,NOT_HOUR,NOT_MIN,ARR_HOUR,ARR_MIN,HOSP_HR,HOSP_MN,CF1,CF2,CF3,FATALS,DRUNK_DR
47,470773,2,2,0,0,0,3,3,13,0,3,10,2013,5,19,38,0,4,4,CR-HUNTERS BRANCH RD,,1,36.35966667,-84.1422,0,12,2,0,1,1,0,1,2,1,0,1,0,0000000,99,99,99,99,99,99,0,0,0,1,1
47,470774,2,2,0,0,0,4,4,157,1620,3,10,2013,5,16,25,1,13,6,WALNUT GROVE RD,HALEY HARVEST RD,36,35.13301944,-89.80462222,0,12,6,0,2,3,0,1,1,1,0,1,0,0000000,99,99,99,99,99,99,0,0,0,1,0
47,470775,2,2,0,0,0,2,2,133,0,26,10,2013,7,14,25,0,4,3,SR-293 TOMMY DOTSON HWY,,2,36.281,-85.4578,0,12,2,0,1,1,0,1,1,1,0,1,0,0000000,99,99,99,99,99,99,0,0,0,1,0
47,470776,4,4,0,0,0,5,5,93,1300,28,10,2013,2,12,4,1,13,2,US-129 SR-115 ALCOA HWY,GINN DR,26,35.90798056,-83.95448056,0,12,1,0,2,2,0,1,1,10,0,10,0,0000000,99,99,99,99,99,99,0,0,0,1,0
47,470777,2,2,0,0,0,2,2,149,1750,27,10,2013,1,16,45,1,13,2,US-231 SR-10 S CHURCH ST,CALUMET TRCE,102,35.79531944,-86.39911111,0,1,0,0,2,2,0,1,1,1,0,1,0,0000000,99,99,99,99,99,99,0,0,0,1,0
47,470778,3,3,0,0,0,3,3,31,0,28,10,2013,2,6,46,0,4,4,CR-WATTENDORF MEMORIAL HWY,,13,35.3567,-86.085,0,12,8,0,1,1,0,1,4,10,0,10,0,0000000,7,10,7,20,8,5,0,0,0,1,0
47,470779,2,2,0,0,0,2,2,87,880,29,10,2013,3,99,99,0,3,3,SR-56 S GRUNDY QUARLES HWY,,96,36.3431,-85.65773056,0,12,6,0,8,1,0,1,1,1,0,1,0,0000000,99,99,99,99,88,88,0,0,0,1,0
47,470780,1,1,0,0,0,1,1,3,0,31,10,2013,5,99,99,0,5,4,CR-UNIONVILLE DEASON RD,,84,35.60421111,-86.4492,0,32,0,0,1,1,0,4,2,2,0,2,0,0000000,99,99,99,99,88,88,0,0,0,1,1
47,470781,1,1,0,0,0,4,4,89,2570,31,10,2013,5,18,24,0,16,6,DOUGLAS AVE,,2,36.10208889,-83.28877222,0,5,0,0,1,1,0,1,2,1,0,1,0,0000000,99,99,99,99,99,99,0,0,0,1,0
47,470782,1,1,0,0,0,1,1,17,1140,29,10,2013,3,12,5,0,4,3,SR-114,,206,36.0326,-88.27621944,0,34,0,0,1,1,0,4,1,1,0,1,0,0000000,99,99,99,99,99,99,0,0,0,1,0
47,470783,1,1,0,0,0,1,1,69,0,25,10,2013,6,23,2,0,5,4,CR-EBENEZER RD,,10,35.3276,-88.92031944,0,53,0,0,1,1,0,4,2,1,0,1,0,0000000,99,99,99,99,99,99,0,0,0,1,0
47,470784,3,3,0,0,0,4,4,113,0,24,10,2013,5,7,30,1,2,2,US-45E SR-5,,11,35.4877,-88.71631111,0,12,6,0,1,1,0,1,1,1,0,1,0,0000000,99,99,99,99,99,99,0,0,0,1,0
47,470785,1,1,0,0,0,2,2,157,160,30,10,2013,4,22,10,0,15,6,BRUNSWICK RD,,38,35.25126389,-89.77401389,0,1,0,0,1,1,0,4,2,1,0,1,0,0000000,99,99,99,99,99,99,0,0,0,1,0
47,470786,2,2,0,0,0,3,3,71,541,24,10,2013,5,15,55,1,2,2,US-64 SR-15,,20,35.22213889,-88.33898889,0,12,2,0,1,1,0,1,1,1,0,1,0,0000000,99,99,99,99,99,99,0,0,0,1,0
47,470787,2,2,0,0,0,2,2,81,0,8,11,2013,6,22,7,0,3,3,SR-7,,24,35.84181111,-87.25251944,0,12,2,0,1,1,0,1,2,1,0,1,0,0000000,99,99,99,99,88,88,0,0,0,1,0
47,470788,1,1,0,0,0,1,1,155,0,5,11,2013,3,4,4,0,14,3,SR-338 BOYDS CREEK HWY,,38,35.90096667,-83.70272778,0,35,0,0,1,1,0,4,2,1,0,1,0,0000000,99,99,99,99,88,88,0,0,0,1,0
47,470789,1,1,0,0,0,2,2,93,1300,8,11,2013,6,20,54,0,15,6,TEXAS AVE,,2,35.97836944,-83.96476667,0,30,0,0,1,1,0,4,3,1,0,1,0,0000000,99,99,99,99,99,99,0,0,0,1,1
47,470790,1,1,0,0,0,1,1,145,0,9,11,2013,7,0,1,1,2,2,US-27 SR-29 BITTER CREEK HWY,,131,35.97810278,-84.484,0,42,0,0,1,1,0,4,2,1,0,1,0,0000000,99,99,99,99,99,99,0,0,0,1,1
47,470791,1,1,0,0,0,1,1,73,0,11,11,2013,2,11,15,0,4,3,SR-347 BEECH CREEK RD,,191,36.43111944,-82.72091944,0,32,0,0,1,1,0,4,1,1,0,1,0,0000000,99,99,99,99,99,99,0,0,0,1,0
47,470792,1,1,0,0,0,1,1,37,1760,12,11,2013,3,6,21,1,11,1,I-65,,30,36.07562778,-86.76786944,0,42,0,0,1,1,0,4,1,3,0,3,0,0000000,99,99,99,99,88,88,0,0,0,1,0
47,470793,1,1,0,0,0,1,1,163,250,8,11,2013,6,21,23,0,16,4,CR-PLEASANT GROVE RD,,32,36.50458333,-82.21711667,0,34,0,0,1,1,0,4,2,1,0,1,0,0000000,99,99,99,99,99,99,0,0,0,1,0
47,470794,1,1,0,0,0,1,1,5,0,13,11,2013,4,18,30,0,5,4,CR-PARK RD / CAMDEN RD,,7,35.88620833,-88.21841111,0,42,0,0,1,1,0,4,2,1,0,1,0,0000000,99,99,99,99,88,88,0,0,0,1,1
47,470795,1,1,0,0,0,1,1,105,0,14,11,2013,5,12,20,0,3,3,SR-72 LOUDON HWY,,141,35.74493889,-84.44416944,0,34,0,0,1,1,0,4,1,1,0,1,0,0000000,99,99,99,99,99,99,0,0,0,1,1
47,470796,1,1,0,0,0,1,1,145,0,15,11,2013,6,1,27,0,5,4,CR-SWAN POND RD,,38,35.90766667,-84.51966944,0,1,0,0,1,1,0,4,2,1,0,1,0,0000000,99,99,99,99,99,99,0,0,0,1,1
47,470797,1,1,0,0,0,1,1,73,0,16,11,2013,7,11,10,0,14,3,SR-346 CARTER VALLEY RD,,129,36.57463889,-82.68810833,0,1,0,0,1,1,0,4,1,10,0,10,0,0000000,99,99,99,99,99,99,0,0,0,1,0
47,470798,1,1,0,0,0,3,3,93,1300,17,11,2013,1,1,12,0,15,6,WOODSON DR,,12,35.92127222,-83.94783889,0,30,0,0,1,1,0,4,2,1,0,1,0,0000000,99,99,99,99,99,99,0,0,0,1,1
47,470799,1,1,0,0,0,1,1,65,400,15,11,2013,6,9,52,1,11,1,I-24,,48,35.02938611,-85.35448889,0,35,0,0,1,1,0,4,1,10,0,10,0,0000000,99,99,99,99,99,99,0,0,0,1,0
47,470800,1,1,0,0,0,1,1,93,0,9,11,2013,7,11,0,0,4,3,SR-131 TAZEWELL PK,,277,36.15376944,-83.84006389,0,34,0,0,1,1,0,4,1,1,0,1,0,0000000,99,99,99,99,99,99,0,0,0,1,0
47,470801,1,1,0,0,0,3,3,11,420,20,11,2013,4,19,57,0,6,4,CR-CANDIES CREEK RIDGE RD,,5,35.21923333,-84.87781111,0,34,0,0,1,1,0,4,2,1,0,1,0,0000000,99,99,99,99,99,99,0,0,0,1,1
47,470802,1,1,0,1,1,1,1,157,1620,14,11,2013,5,22,39,1,13,3,SR-277 AIRWAYS BLVD,,2,35.10852222,-89.98490278,0,8,0,0,1,1,0,1,3,1,0,1,0,0000000,99,99,99,99,88,88,0,0,0,1,0
47,470803,1,1,0,1,1,2,2,55,1980,2,11,2013,7,20,40,0,16,6,W WOODRING ST,,1,35.20324444,-87.03215,0,8,0,0,8,1,0,1,3,1,0,1,0,0000000,99,99,99,99,88,88,0,0,0,1,1
47,470804,2,2,0,0,0,2,2,63,1700,2,11,2013,7,13,54,0,15,6,CHEROKEE DR,,91,36.23145278,-83.31250556,0,12,2,0,1,1,0,1,1,1,0,1,0,0000000,99,99,99,99,99,99,0,0,0,1,1
47,470805,2,2,0,0,0,5,5,89,0,10,11,2013,1,19,10,0,3,2,US-25E SR-32,,27,36.08120556,-83.26918889,0,11,0,0,1,1,0,1,2,1,0,1,0,0000000,99,99,99,99,99,99,0,0,0,1,0
47,470806,2,2,0,0,0,3,3,157,1620,11,11,2013,2,3,0,1,13,3,SR-14 JACKSON AVE,,182,35.17327778,-89.94196389,0,12,7,0,1,1,0,1,3,1,0,1,0,0000000,99,99,99,99,88,88,0,0,0,1,1
47,470807,2,2,0,0,0,2,2,23,0,27,11,2013,4,8,20,0,5,4,CR-GLENDALE RD,,12,35.48211111,-88.56226111,0,12,2,0,1,1,0,1,1,1,0,1,0,0000000,99,99,99,99,99,99,0,0,0,1,0
47,470808,2,2,0,0,0,3,3,103,0,29,11,2013,6,20,30,1,2,2,US-64 SR-15 WINCHESTER HWY,,290,35.08533889,-86.39203889,0,12,2,0,1,1,0,1,2,1,0,1,0,0000000,99,99,99,99,99,99,0,0,0,1,1
47,470809,1,1,0,0,0,1,1,123,2380,30,11,2013,7,18,46,0,3,3,SR-39 MECCA PK,,69,35.37241111,-84.30701111,0,42,0,0,1,1,0,4,2,1,0,1,0,0000000,99,99,99,99,99,99,0,0,0,1,0
47,470810,1,1,0,0,0,1,1,9,30,2,12,2013,2,7,16,0,14,6,MIDDLESETTLEMENTS RD,ATCHLEY DR,11,35.76908889,-84.0027,0,33,0,0,1,1,0,4,4,10,0,10,0,0000000,99,99,99,99,88,88,0,0,0,1,0
47,470811,1,1,0,0,0,2,2,179,1250,2,12,2013,2,10,9,0,16,4,CR-KNOB CREEK DOCK RD,,2,36.38381111,-82.36092222,0,42,0,0,1,1,0,4,1,10,0,10,0,0000000,99,99,99,99,88,88,0,0,0,2,0
47,470812,1,1,0,0,0,1,1,65,0,29,11,2013,6,3,25,0,15,4,CR-2207 SNOW HILL RD,,27,35.11991944,-85.06908056,0,42,0,0,1,1,0,4,2,1,0,1,0,0000000,99,99,99,99,99,99,0,0,0,1,0
47,470813,3,3,0,0,0,3,3,163,1280,30,11,2013,7,16,18,0,14,3,SR-36 LYNN GARDEN DR,ECHO AVE,127,36.58230278,-82.56818056,0,12,6,0,3,3,0,1,1,1,0,1,0,0000000,99,99,99,99,99,99,0,0,0,1,0
47,470814,2,2,0,0,0,3,3,155,0,14,11,2013,5,7,42,1,13,2,US-411/441 SR-35 CHAPMAN HWY,CR-TITTSWORTH SPRINGS RD,26,35.86233889,-83.74358056,0,12,6,0,2,2,0,1,1,1,0,1,0,0000000,99,99,99,99,99,99,0,0,0,2,0
47,470815,2,2,0,0,0,4,4,141,170,13,11,2013,4,14,45,0,3,2,US-70N SR-24 NASHVILLE HWY,LANCE DR,124,36.17046111,-85.6148,0,12,2,0,3,3,0,1,1,1,0,1,0,0000000,99,99,99,99,99,99,0,0,0,1,0
47,470816,1,1,0,0,0,1,1,157,1620,17,11,2013,1,0,50,1,11,1,I-240,,185,35.14307778,-89.87302778,0,25,0,0,1,1,1,3,3,1,0,1,0,0000000,99,99,99,99,88,88,0,0,0,1,0
47,470817,2,2,0,1,1,3,3,157,1620,17,11,2013,1,18,33,1,11,1,I-240,,8,35.13971944,-90.023675,0,8,0,0,1,1,0,1,3,1,0,1,0,0000000,99,99,99,99,99,99,0,0,0,1,0
47,470818,1,1,0,1,1,3,3,189,1360,14,11,2013,5,19,56,0,14,2,US-70N SR-24 CARTHAGE HWY,,183,36.21148056,-86.27125,0,8,0,0,1,1,0,1,2,1,0,1,0,0000000,99,99,99,99,88,88,0,0,0,1,0
47,470819,2,2,0,0,0,2,2,3,0,3,12,2013,3,8,2,0,3,3,SR-64 WALKING HORSE PKWY,,46,35.47413056,-86.58656944,0,12,6,0,1,1,0,1,1,10,0,10,0,0000000,99,99,99,99,99,99,0,0,0,1,0
47,470820,1,1,0,0,0,2,2,65,400,3,12,2013,3,0,10,0,14,6,S GERMANTOWN RD,,16,35.02373056,-85.24663889,0,33,0,0,1,1,0,4,2,1,0,1,0,0000000,99,99,99,99,99,99,0,0,0,1,1
47,470821,2,2,0,0,0,2,2,149,0,4,12,2013,4,4,48,1,1,1,I-24,,289,35.68336111,-86.29071111,0,12,1,0,1,1,0,1,3,10,0,10,0,0000000,99,99,99,99,99,99,0,0,0,1,0
47,470822,2,2,0,0,0,2,2,17,0,14,11,2013,5,2,40,1,2,3,SR-22 HUNTINGDON MCKENZIE RD,,205,36.09568056,-88.48303889,0,12,1,0,1,1,0,1,2,1,0,1,0,0000000,99,99,99,99,88,88,0,0,0,1,0
47,470823,3,3,0,0,0,3,3,61,0,2,11,2013,7,5,45,1,1,1,I-24 US-64,,27,35.27188889,-85.88953056,0,12,2,0,1,1,0,1,2,1,0,1,0,0000000,99,99,99,99,99,99,0,0,0,1,0
47,470824,3,3,0,0,0,5,5,93,1300,10,11,2013,1,1,11,1,11,1,I-40,,189,35.97008056,-83.925,0,12,2,0,1,1,0,1,3,1,0,1,0,0000000,99,99,99,99,99,99,0,0,0,1,2
47,470825,2,2,0,0,0,2,2,37,1760,10,11,2013,1,23,57,1,11,1,I-40,,195,36.15441111,-86.75996944,0,12,1,0,1,1,0,1,3,1,0,1,0,0000000,99,99,99,99,99,99,0,0,0,1,1
47,470826,1,1,0,0,0,1,1,185,0,21,11,2013,5,15,12,0,5,4,CR-S BUNKER HILL RD,,47,36.0529,-85.5402,0,24,0,0,1,1,0,4,1,1,0,1,0,0000000,99,99,99,99,88,88,0,0,0,1,1
47,470827,1,1,0,1,1,1,1,157,1620,22,11,2013,6,17,50,0,14,6,HORN LAKE RD,,13,35.00866667,-90.06815278,0,8,0,0,1,1,0,1,3,1,0,1,0,0000000,99,99,99,99,88,88,0,0,0,1,0
47,470828,1,1,0,0,0,2,2,179,1250,22,11,2013,6,1,7,0,14,6,CARROLL CREEK RD,,6,36.383675,-82.3998,0,35,0,0,1,1,0,4,3,1,0,1,0,0000000,99,99,99,99,99,99,0,0,0,1,1
47,470829,1,1,0,0,0,2,2,31,0,21,11,2013,5,22,46,0,5,4,CR-LYNDELL BELL RD,,73,35.45668889,-86.21388056,0,35,0,0,1,1,0,4,2,1,0,1,0,0000000,22,55,23,8,0,8,0,0,0,1,0
47,470830,1,1,0,0,0,1,1,65,400,20,11,2013,4,22,24,1,12,2,US-27 SR-29,,88,35.17126111,-85.27923056,0,52,0,0,1,1,0,4,2,1,0,1,0,0000000,99,99,99,99,99,99,0,0,0,1,0
47,470831,1,1,0,0,0,1,1,65,400,21,11,2013,5,6,22,0,16,6,LOWER MILL RD,,13,35.16466944,-85.23093056,0,42,0,0,1,1,0,4,2,99,0,99,0,0000000,99,99,99,99,88,88,0,0,0,1,0
47,470832,1,1,0,1,1,1,1,65,400,23,11,2013,7,4,0,1,13,3,SR-153,,84,35.12446944,-85.24041111,0,8,0,0,1,1,0,1,2,10,0,10,0,0000000,99,99,99,99,88,88,0,0,0,1,0
47,470833,2,2,0,0,0,4,4,145,2070,24,11,2013,1,11,6,1,13,2,US-27 SR-61 N GATEWAY AVE,TYLER POINTE RD,7,35.88113056,-84.66243056,0,12,6,0,2,3,0,1,1,1,0,1,0,0000000,99,99,99,99,99,99,0,0,0,1,0
47,470834,1,1,0,0,0,1,1,189,1360,13,11,2013,4,19,15,0,16,6,ROCKY RD,,1,36.20943056,-86.3276,0,53,0,0,1,1,0,4,2,1,0,1,0,0000000,99,99,99,99,88,88,0,0,0,1,1
47,470835,1,1,0,1,1,1,1,65,400,20,11,2013,4,21,5,1,13,3,SR-153,,112,35.16466111,-85.248,0,8,0,0,1,1,0,1,2,1,0,1,0,0000000,99,99,99,99,88,88,0,0,0,1,1
47,470837,1,1,0,0,0,1,1,11,0,28,11,2013,5,21,50,1,1,1,I-75,,190,35.31353056,-84.80253056,0,42,0,0,1,1,0,4,2,1,0,1,0,0000000,99,99,99,99,88,88,0,0,0,1,1
47,470838,1,1,0,0,0,1,1,167,0,9,11,2013,7,18,30,0,5,4,CR-GAINESVILLE RD,,52,35.41758056,-89.6219,0,42,0,0,1,1,0,4,2,1,0,1,0,0000000,99,99,99,99,99,99,0,0,0,1,1
47,470839,2,2,0,0,0,2,2,93,1300,28,11,2013,5,13,6,0,14,4,CR-HEISKELL RD,E COPELAND DR,88,36.05528889,-84.02691111,0,12,6,0,2,2,0,1,1,1,0,1,0,0000000,99,99,99,99,99,99,0,0,0,1,0
47,470840,1,1,0,1,1,1,1,113,1200,14,11,2013,5,20,0,1,13,2,US-412 SR-20 NORTH PKWY,PARKRIDGE DR,131,35.64858056,-88.78936111,0,15,0,0,2,3,0,1,3,1,0,1,0,0000000,99,99,99,99,99,99,0,0,0,1,0
47,470841,2,2,0,0,0,2,2,149,1750,14,12,2013,7,18,24,0,15,6,JOE B JACKSON PKWY,ELAM RD,14,35.78641944,-86.36921944,0,12,6,0,2,3,0,1,3,10,0,10,0,0000000,99,99,99,99,99,99,0,0,0,1,0
47,470842,2,2,0,0,0,2,2,65,400,10,7,2013,4,16,40,1,13,3,SR-319 HIXSON PK,,71,35.14948056,-85.20695,0,12,6,0,8,1,0,1,1,10,0,10,0,0000000,99,99,99,99,99,99,0,0,0,1,0
47,470843,2,2,0,0,0,4,4,157,1620,23,11,2013,7,22,45,1,11,1,I-240,,64,35.07191667,-90.014925,0,12,1,0,1,1,0,1,3,1,0,1,0,0000000,99,99,99,99,99,99,0,0,0,1,0
47,470844,1,1,0,0,0,1,1,81,0,28,7,2013,1,12,0,0,5,4,CR-1854 MISSIONARY RIDGE RD,,53,35.95761111,-87.41543889,0,42,0,0,1,1,0,4,1,1,0,1,0,0000000,99,99,99,99,88,88,0,0,0,1,0
47,470845,2,2,0,0,0,6,6,45,0,17,11,2013,1,18,24,0,6,4,CR-HARRIS RD,,16,36.11348889,-89.43893056,0,12,6,0,1,1,0,1,6,2,0,2,0,0000000,99,99,99,99,99,99,0,0,0,1,0
47,470846,2,2,0,0,0,2,2,37,1760,12,11,2013,3,2,34,1,11,1,I-40,,102,36.1361,-86.89288056,0,12,2,0,1,1,0,1,2,1,0,1,0,0000000,99,99,99,99,99,99,0,0,0,1,1
47,470847,1,1,0,0,0,1,1,163,1280,10,10,2013,5,6,35,0,14,4,CR-LEBANON RD,,21,36.45266111,-82.5034,0,35,0,0,1,1,0,4,2,1,0,1,0,0000000,99,99,99,99,99,99,0,0,0,1,0
47,470848,2,2,0,0,0,2,2,37,1760,29,10,2013,3,21,35,1,13,2,US-31A/41A SR-11 NOLENSVILLE P,,47,36.04813889,-86.71346944,0,12,1,0,1,1,0,1,3,1,0,1,0,0000000,99,99,99,99,88,88,0,0,0,1,0
47,470849,2,2,0,0,0,2,2,65,400,18,12,2013,4,15,20,1,11,1,I-75 US-74,,126,35.09675,-85.05548889,0,24,0,0,1,1,0,3,1,1,0,1,0,0000000,99,99,99,99,99,99,0,0,0,1,0
47,470850,3,3,0,0,0,3,3,163,1280,23,12,2013,2,13,36,1,11,1,I-26 US-23 JAMES H QUILLEN PKW,,11,36.53996389,-82.58286111,0,24,0,0,1,1,0,3,1,2,0,2,0,0000000,99,99,99,99,99,99,14,0,0,1,0
47,470851,2,2,0,0,0,4,4,187,833,11,12,2013,4,16,58,0,13,3,SR-100/96 FAIRVIEW BLVD,,74,35.98798889,-87.10251944,0,12,1,0,8,1,0,1,1,1,0,1,0,0000000,99,99,99,99,99,99,0,0,0,1,0
47,470852,7,7,0,0,0,11,11,37,1760,15,11,2013,6,14,52,1,11,1,I-24,,245,36.04243056,-86.6538,0,12,1,0,1,1,0,1,1,2,0,2,0,0000000,99,99,99,99,99,99,28,0,0,1,0
47,470853,1,1,0,0,0,4,4,177,0,1,12,2013,1,1,30,0,4,3,SR-108 VIOLA RD,,87,35.62315,-85.79256944,0,42,0,0,1,1,0,4,2,1,0,1,0,0000000,99,99,99,99,99,99,0,0,0,4,0
47,470854,2,1,1,0,0,1,1,37,1760,19,10,2013,7,11,40,0,16,6,MCALPINE AVE,,5,36.21753056,-86.71903889,0,53,0,0,1,1,0,4,1,1,0,1,0,0000000,99,99,99,99,99,99,0,0,0,1,0
47,470855,1,1,0,1,1,1,1,125,410,27,12,2013,6,7,14,1,13,3,SR-76 MARTIN LUTHER KING JR PK,,171,36.52255,-87.23143333,0,8,0,0,1,1,0,1,1,1,0,1,0,0000000,99,99,99,99,88,88,0,0,0,1,0
47,470856,1,1,0,0,0,1,1,157,1620,12,10,2013,7,3,24,1,13,2,US-64/70 SR-277 E PKWY S BLVD,,21,35.13573333,-89.98309167,0,33,0,0,1,1,0,4,3,1,0,1,0,0000000,99,99,99,99,88,88,0,0,0,1,1
47,470857,2,2,0,0,0,2,2,75,300,31,12,2013,3,5,28,1,13,2,US-70A/79 SR-76 DUPREE AVE,,136,35.6055,-89.24053056,0,12,6,0,8,1,0,1,3,1,0,1,0,0000000,99,99,99,99,99,99,0,0,0,1,0
47,470858,2,2,0,0,0,2,2,35,0,8,12,2013,1,20,56,0,4,2,US-70 E SR-1,,179,35.95564444,-84.97448056,0,12,2,0,1,1,0,1,2,2,0,2,0,0000000,99,99,99,99,99,99,0,0,0,1,1
47,470860,2,2,0,0,0,2,2,163,1280,2,12,2013,2,17,27,1,13,3,SR-36 FT HENRY DR,ATOKA LN,59,36.50966667,-82.51610833,0,12,6,0,2,2,0,1,5,1,0,1,0,0000000,99,99,99,99,99,99,0,0,0,1,0
47,470861,2,2,0,0,0,2,2,41,40,4,12,2013,4,17,50,0,3,3,SR-53 BRUSH CREEK RD,NEW HOPE RD,46,36.07721944,-86.02253056,0,12,6,0,2,2,0,1,2,1,0,1,0,0000000,99,99,99,99,99,99,0,0,0,1,0
47,470862,2,2,0,0,0,3,3,43,0,5,12,2013,5,11,15,0,3,3,SR-96,CR-1847 WHITE BLUFF RD,77,36.0346,-87.23179722,0,12,6,0,2,3,0,1,1,2,0,2,0,0000000,99,99,99,99,99,99,0,0,0,1,0
47,470863,1,1,0,0,0,2,2,79,1910,10,12,2013,3,16,24,1,13,2,US-23/641 SR-69 VETERANS DR,,123,36.29281944,-88.32101944,0,24,0,0,1,1,0,4,5,1,0,1,0,0000000,99,99,99,99,99,99,0,0,0,1,1
47,470864,1,1,0,1,1,1,1,37,1760,19,12,2013,5,13,0,1,13,2,US-31/41 SR-6 ROSA L PARKS BLV,CHURCH ST,86,36.1616,-86.78381944,0,8,0,0,2,2,0,1,1,10,0,10,0,0000000,99,99,99,99,88,88,0,0,0,1,0
47,470865,2,2,0,0,0,2,2,93,1300,21,12,2013,7,2,49,1,11,1,I-40,,169,35.95916944,-83.9613,0,12,2,0,1,1,0,1,3,10,0,10,0,0000000,99,99,99,99,99,99,0,0,0,1,1
47,470866,1,1,0,0,0,1,1,119,470,6,12,2013,6,21,0,0,14,6,TOM J HITCH PKWY,,32,35.62948056,-87.00895,0,34,0,0,1,1,0,4,2,2,0,2,0,0000000,99,99,99,99,99,99,0,0,0,1,1
47,470867,3,3,0,0,0,8,8,1,440,6,12,2013,6,16,38,1,13,2,US-25W SR-9 CLINCH AVE,,107,36.09495,-84.13368056,0,12,6,0,1,1,0,1,1,2,0,2,0,0000000,99,99,99,99,99,99,0,0,0,1,1
47,470868,1,1,0,0,0,1,1,75,0,11,12,2013,4,14,30,0,6,4,CR-SUGAR CREEK RD,,23,35.5422,-89.28616111,0,10,0,0,6,1,0,1,1,1,0,1,0,348453G,99,99,99,99,88,88,0,0,0,1,0
47,470869,2,2,0,0,0,2,2,61,0,1,12,2013,1,11,11,0,4,3,SR-108,CR-FIRETOWER RD,222,35.44415,-85.79775,0,12,6,0,2,3,0,1,1,1,0,1,0,0000000,99,99,99,99,99,99,0,0,0,1,0
47,470870,2,2,0,0,0,2,2,93,1300,11,12,2013,4,13,58,0,14,6,SCHAAD RD,,51,35.99005,-84.04336111,0,12,2,0,1,1,0,1,1,1,0,1,0,0000000,99,99,99,99,99,99,0,0,0,1,0
47,470871,1,1,0,0,0,1,1,143,0,3,12,2013,3,17,50,0,5,4,CR-TOESTRING VALLEY RD,,44,35.69026944,-84.79668889,0,42,0,0,1,1,0,4,2,2,0,2,0,0000000,99,99,99,99,99,99,0,0,0,1,1
47,470872,1,1,0,0,0,1,1,71,0,4,12,2013,4,19,41,0,5,4,CR-PYBURNS DR,,35,35.10155,-88.21186111,0,1,0,0,1,1,0,4,2,10,0,10,0,0000000,99,99,99,99,99,99,0,0,0,1,0
47,470873,2,2,0,0,0,2,2,157,1620,5,12,2013,5,18,20,1,13,6,HICKORY HILL RD,,40,35.06439167,-89.86605833,0,12,6,0,1,1,0,1,3,2,0,2,0,0000000,99,99,99,99,99,99,0,0,0,1,0
47,470874,1,1,0,0,0,3,3,93,829,13,12,2013,6,17,25,1,11,1,I-40/75,,31,35.89488889,-84.18993056,0,34,0,0,1,1,0,4,5,10,0,10,0,0000000,99,99,99,99,99,99,0,0,0,1,0
47,470875,1,1,0,1,1,1,1,109,10,4,12,2013,4,17,58,1,2,2,US-64 SR-15 W MAIN ST,,247,35.23593056,-88.39288889,0,8,0,0,1,1,0,1,3,10,0,10,0,0000000,99,99,99,99,99,99,0,0,0,1,0
47,470876,2,2,0,1,1,4,4,9,0,14,12,2013,7,18,44,1,13,2,US-129/411 SR-33,,64,35.70038056,-84.04098056,0,8,0,0,1,1,0,1,2,2,0,2,0,0000000,99,99,99,99,99,99,23,0,0,1,0
47,470877,1,1,0,0,0,2,2,147,0,14,12,2013,7,15,31,1,1,1,I-24,,10,36.45941111,-87.11285,0,24,0,0,1,1,0,4,1,2,0,2,0,0000000,99,99,99,99,99,99,0,0,0,2,0
47,470878,1,1,0,1,1,2,2,125,410,14,12,2013,7,99,99,0,15,6,TYLERTOWN RD,,5,36.63300556,-87.31179167,0,8,0,0,1,1,0,1,9,2,0,2,0,0000000,99,99,99,99,88,88,0,0,0,1,1
47,470879,2,2,0,0,0,2,2,125,410,16,12,2013,2,18,56,1,13,2,US-41A SR-12 FT CAMPBELL BLVD,LAFAYETTE RD,175,36.55665833,-87.39684444,0,12,2,0,2,2,0,1,3,1,0,1,0,0000000,99,99,99,99,88,88,0,0,0,1,0
47,470880,1,1,0,0,0,1,1,83,0,18,12,2013,4,4,40,0,4,3,SR-46 RUSKIN RD,,4,36.2202,-87.54431944,0,53,0,0,1,1,0,4,4,1,0,1,0,0000000,99,99,99,99,88,88,0,0,0,1,0
47,470881,1,1,0,0,0,2,2,9,0,19,12,2013,5,11,36,0,3,2,US-129 SR-115,,102,35.51241944,-83.98828889,0,42,0,0,1,1,0,4,1,1,0,1,0,0000000,99,99,99,99,99,99,0,0,0,1,0
47,470882,1,1,0,0,0,2,2,157,1620,20,12,2013,6,14,13,1,11,1,I-40 RAMP DR MARTIN LUTHER KIN,,131,35.16038889,-89.89625,0,44,0,1,17,1,1,1,1,10,0,10,0,0000000,99,99,99,99,99,99,3,0,0,1,0