STATE,ST_CASE,VE_TOTAL,VE_FORMS,PVH_INVL,PEDS,PERNOTMVIT,PERMVIT,PERSONS,COUNTY,CITY,DAY,MONTH,YEAR,DAY_WEEK,HOUR,MINUTE,NHS,ROAD_FNC,ROUTE,TWAY_ID,TWAY_ID2,MILEPT,LATITUDE,LONGITUD,SP_JUR,HARM_EV,MAN_COLL,RELJCT1,RELJCT2,TYP_INT,WRK_ZONE,REL_ROAD,LGT_COND,WEATHER1,WEATHER2,WEATHER,SCH_BUS,RAIL,NOT_HOUR,NOT_MIN,ARR_HOUR,ARR_MIN,HOSP_HR,HOSP_MN,CF1,CF2,CF3,FATALS,DRUNK_DR
47,470883,1,1,0,0,0,1,1,169,0,23,12,2013,2,4,50,1,2,2,US-231 SR-10,,18,36.3253,-86.25821111,0,42,0,0,1,1,0,4,2,2,0,2,0,0000000,99,99,99,99,99,99,0,0,0,1,1
47,470884,1,1,0,0,0,2,2,91,2185,20,12,2013,6,10,36,0,4,3,SR-133,,106,36.61369722,-81.80389167,0,21,0,0,1,1,0,4,1,1,0,1,0,0000000,99,99,99,99,99,99,0,0,0,2,0
47,470885,1,1,0,0,0,1,1,17,0,21,12,2013,7,2,43,0,5,4,CR-TERRY RD,,29,35.94403889,-88.57041944,0,1,0,0,1,1,0,4,2,10,0,10,0,0000000,99,99,99,99,99,99,0,0,0,1,1
47,470886,1,1,0,1,1,2,2,37,1760,21,12,2013,7,21,32,0,14,6,ANDREW JACKSON PKWY,,1,36.21706111,-86.59761944,0,8,0,0,8,1,0,1,3,2,0,2,0,0000000,99,99,99,99,99,99,0,0,0,1,0
47,470887,1,1,0,1,1,1,1,93,1300,21,12,2013,7,19,33,1,13,2,US-25W SR-9 CLINTON HWY,,51,36.00728889,-83.99171111,0,8,0,0,1,1,0,1,3,10,0,10,0,0000000,99,99,99,99,99,99,0,0,0,1,0
47,470888,1,1,0,0,0,1,1,103,0,21,12,2013,7,14,50,1,2,2,US-64 SR-15 PULASKI HWY,,113,35.18446944,-86.64576944,0,52,0,0,1,1,0,4,1,2,0,2,0,0000000,99,99,99,99,99,99,0,0,0,1,0
47,470890,2,2,0,0,0,2,2,157,1620,21,12,2013,7,6,10,0,14,6,MT MORIAH RD EXTD,,8,35.072125,-89.86258333,0,12,6,0,8,1,0,1,4,10,0,10,0,0000000,99,99,99,99,99,99,0,0,0,1,0
47,470891,1,1,0,0,0,1,1,11,0,30,12,2013,2,11,16,1,2,3,SR-60 GEORGETOWN RD NW,,235,35.27043056,-84.93116111,0,42,0,0,1,1,0,4,1,1,0,1,0,0000000,99,99,99,99,88,88,0,0,0,1,0
47,470892,1,1,0,0,0,1,1,35,0,30,12,2013,2,5,9,0,4,2,US-70 SR-1,,200,35.93973056,-84.94426111,0,11,0,0,1,1,0,1,2,1,0,1,0,0000000,5,18,5,27,6,4,0,0,0,1,0
47,470893,1,1,0,1,1,2,2,157,1620,28,12,2013,7,1,32,1,11,1,I-55/69,,16,35.0181,-90.00267778,0,8,0,0,1,1,0,1,3,1,0,1,0,0000000,99,99,99,99,88,88,0,0,0,1,0
47,470894,1,1,0,0,0,1,1,185,0,25,12,2013,4,99,99,1,2,2,US-70S SR-1 RAMP MEMORIAL HWY,,76,35.8751,-85.4711,0,25,0,1,5,1,0,4,2,1,0,1,0,0000000,99,99,99,99,88,88,0,0,0,1,1
47,470895,2,2,0,0,0,5,5,187,833,22,12,2013,1,17,44,1,1,1,I-40,,6,36.02683056,-87.17838889,0,12,1,0,1,1,0,1,2,1,0,1,0,0000000,99,99,99,99,99,99,27,0,0,1,0
47,470896,2,2,0,0,0,5,5,157,0,15,12,2013,1,1,10,0,14,4,CR-HACKS CROSS RD,,23,35.02836111,-89.79573889,0,12,2,0,1,1,0,1,2,1,0,1,0,0000000,99,99,99,99,99,99,0,0,0,1,1
47,470897,1,1,0,1,1,1,1,145,0,25,12,2013,4,99,99,1,1,1,I-40,,220,35.88088056,-84.35041944,0,8,0,0,1,1,0,1,2,1,0,1,0,0000000,99,99,99,99,88,88,99,99,99,1,0
47,470898,1,1,0,0,0,1,1,47,0,30,6,2013,1,14,27,0,6,4,CR-JOANN RD,,10,35.22446944,-89.42975,0,30,0,0,1,1,0,4,1,1,0,1,0,0000000,99,99,99,99,99,99,0,0,0,1,1
47,470899,1,1,0,0,0,1,1,119,0,24,12,2013,3,6,49,0,5,4,CR-RALIEGH BEARD RD,,45,35.79221111,-87.12646111,0,42,0,0,1,1,0,5,1,10,0,10,0,0000000,99,99,99,99,99,99,0,0,0,1,0
47,470900,2,2,0,0,0,2,2,157,1620,26,12,2013,5,11,14,1,13,3,SR-204 NEW COVINGTON PK,,46,35.23338333,-89.89335,0,12,6,0,8,1,0,1,1,1,0,1,0,0000000,99,99,99,99,99,99,0,0,0,1,0
47,470901,2,2,0,0,0,4,4,9,865,28,12,2013,7,11,48,1,2,2,US-321 SR-73 W LAMAR ALEXANDER,ENDSLEY QUARRY LN,26,35.75531944,-84.13178056,0,12,6,0,2,3,0,1,1,10,0,10,0,0000000,99,99,99,99,99,99,0,0,0,1,0
47,470902,2,2,0,0,0,3,3,189,0,28,12,2013,7,22,40,1,1,1,I-40,,230,36.18588056,-86.16091111,0,12,6,0,1,1,0,1,2,2,0,2,0,0000000,99,99,99,99,88,88,0,0,0,1,0
47,470903,1,1,0,0,0,1,1,185,0,28,12,2013,7,0,15,0,6,4,CR-INDIAN MOUND RD,,20,35.94371944,-85.64151111,0,42,0,0,1,1,0,4,2,1,0,1,0,0000000,99,99,99,99,88,88,0,0,0,1,0
47,470904,1,1,0,0,0,2,2,97,2050,30,12,2013,2,22,38,0,6,4,CR-EDITH NANKIPOO RD,,20,35.7925,-89.53376111,0,1,0,0,1,1,0,4,2,1,0,1,0,0000000,99,99,99,99,99,99,0,0,0,1,1
47,470905,1,1,0,0,0,1,1,157,1620,30,12,2013,2,2,15,1,11,1,I-40,,119,35.17662778,-89.90832222,0,42,0,0,1,1,0,5,3,1,0,1,0,0000000,99,99,99,99,88,88,0,0,0,1,1
47,470907,1,1,0,0,0,1,1,157,1620,31,12,2013,3,15,56,1,13,2,US-78 SR-4 LAMAR AVE,,16,35.01483611,-89.89329444,0,30,0,0,1,1,0,4,1,1,0,1,0,0000000,99,99,99,99,88,88,0,0,0,1,0
47,470908,2,2,0,0,0,3,3,65,400,27,12,2013,6,19,49,0,14,6,SHALLOWFORD RD,,5,35.03126944,-85.12581111,0,34,0,0,1,1,0,4,3,1,0,1,0,0000000,99,99,99,99,99,99,0,0,0,1,0
47,470909,3,3,0,0,0,6,6,93,0,25,12,2013,4,18,18,0,5,4,CR-MINE RD,,3,36.06931944,-83.73893056,0,12,1,0,1,1,0,1,2,1,0,1,0,0000000,99,99,99,99,99,99,23,0,0,2,1
47,470910,1,1,0,1,1,1,1,37,1760,26,12,2013,5,19,0,1,11,1,I-24,,158,36.15718889,-86.75976111,0,8,0,1,18,1,0,1,3,1,0,1,0,0000000,99,99,99,99,99,99,0,0,0,1,0
47,470911,1,1,0,0,0,1,1,117,1380,22,12,2013,1,11,26,0,14,6,HULL AVE,,14,35.44195,-86.81606944,0,1,0,0,1,1,0,4,1,10,0,10,0,0000000,99,99,99,99,88,88,0,0,0,1,0
47,470913,1,1,0,0,0,1,1,37,1760,9,12,2013,2,3,10,0,15,6,PARAGON MILLS RD,ASTER DR,75,36.08935,-86.7183,0,33,0,0,1,1,0,4,3,2,0,2,0,0000000,99,99,99,99,88,88,0,0,0,1,0
47,470914,2,2,0,0,0,3,3,187,0,30,12,2013,2,17,50,0,4,2,US-431 SR-106 LEWISBURG PK,SR-840,71,35.82326111,-86.85066944,0,12,2,1,3,3,0,1,2,10,0,10,0,0000000,99,99,99,99,99,99,0,0,0,1,1
47,470915,1,1,0,0,0,1,1,189,0,31,12,2013,3,20,15,0,5,4,CR-FRANKLIN RD,,73,36.13721944,-86.41006111,0,38,0,0,1,1,0,4,2,1,0,1,0,0000000,99,99,99,99,88,88,0,0,0,1,1
47,470916,1,1,0,2,2,1,1,37,1760,6,12,2013,6,6,33,1,13,2,US-70S SR-001 WEST END AVE,,162,36.14956111,-86.80298056,0,8,0,0,1,1,0,11,4,2,0,2,0,0000000,99,99,99,99,99,99,0,0,0,1,0
47,470917,1,1,0,0,0,1,1,37,1760,8,12,2013,1,1,12,0,15,6,3RD AVE N,,17,36.18728056,-86.79388056,0,30,0,0,1,1,0,4,3,2,0,2,0,0000000,99,99,99,99,88,88,0,0,0,1,0
47,470918,2,2,0,0,0,2,2,9,0,19,12,2013,5,14,30,0,6,6,LITTLE RIVER RD,,13,35.82631111,-83.9409,1,12,8,0,1,1,0,1,1,1,0,1,0,0000000,99,99,99,99,99,99,0,0,0,1,0
47,470919,2,2,0,0,0,5,5,125,410,10,12,2013,3,22,42,0,16,6,KELSEY DR,,2,36.56196389,-87.41271944,0,12,6,0,8,1,0,1,3,1,0,1,0,0000000,99,99,99,99,99,99,0,0,0,1,0
47,470920,1,1,0,0,0,1,1,37,1760,14,12,2013,7,21,45,0,14,6,W TRINITY LN,,9,36.20685,-86.80831944,0,40,0,0,1,1,0,4,3,1,0,1,0,0000000,99,99,99,99,88,88,0,0,0,1,0
47,470921,3,3,0,0,0,6,6,125,410,8,11,2013,6,16,57,0,14,3,SR-374 WARFIELD BLVD,,28,36.54670833,-87.29090556,0,12,1,0,1,1,0,1,1,1,0,1,0,0000000,99,99,99,99,99,99,0,0,0,1,0
47,470922,3,3,0,0,0,3,3,37,1760,18,12,2013,4,22,4,1,11,1,I-24,,197,36.09473889,-86.70713056,0,12,1,0,1,1,0,1,3,1,0,1,0,0000000,99,99,99,99,99,99,0,0,0,1,0
47,470923,4,4,0,0,0,4,4,65,400,13,11,2013,4,12,17,1,13,3,SR-58 AMNICOLA HWY,,74,35.09520833,-85.24792222,0,12,6,0,8,1,0,11,1,1,0,1,0,0000000,99,99,99,99,99,99,0,0,0,1,0
47,470924,3,3,0,0,0,8,8,37,1760,21,11,2013,5,7,20,1,11,1,I-65,,164,36.26119722,-86.73841667,0,12,1,0,1,1,0,1,1,1,0,1,0,0000000,99,99,99,99,99,99,28,0,0,1,0
47,470925,3,3,0,0,0,8,8,37,1760,20,12,2013,6,8,57,0,14,6,EDMONDSON PK,WHISPERING HILLS DR,43,36.0721,-86.73291111,0,12,6,0,2,2,0,1,1,10,0,10,0,0000000,99,99,99,99,99,99,0,0,0,1,0
47,470926,2,1,1,0,0,3,3,37,1760,26,12,2013,5,0,57,0,14,6,JEFFERSON ST,,22,36.16918056,-86.80856944,0,33,0,0,1,1,0,4,3,1,0,1,0,0000000,99,99,99,99,99,99,20,0,0,1,0
47,470927,1,1,0,0,0,1,1,15,0,7,10,2013,2,18,32,0,4,3,SR-281 MANHUSTOWN RD,,33,35.78146944,-86.00468889,0,38,0,0,1,1,0,5,2,1,0,1,0,0000000,99,99,99,99,88,88,0,0,0,1,0
47,470928,1,1,0,0,0,1,1,145,0,14,11,2013,5,15,0,0,5,4,CR-WINTON CHAPEL RD,,53,35.78411944,-84.69905,0,42,0,0,1,1,0,4,1,1,0,1,0,0000000,99,99,99,99,99,99,0,0,0,1,0
47,470929,1,1,0,0,0,2,2,5,0,27,8,2013,3,18,45,0,4,3,SR-69A,,68,36.14708889,-88.09731944,0,30,0,0,1,1,0,4,1,1,0,1,0,0000000,99,99,99,99,99,99,0,0,0,1,0
47,470930,1,1,0,1,1,1,1,37,1760,10,12,2013,3,15,6,0,14,6,GALLATIN AVE,W EASTLAND AVE,13,36.18337222,-86.74856111,0,8,0,0,8,1,0,1,1,99,0,99,0,0000000,99,99,99,99,99,99,0,0,0,1,0
47,470931,1,1,0,1,1,1,1,157,1620,4,9,2013,4,20,20,0,16,6,NEWBERRY AVE,,3,35.05223889,-89.87144722,0,8,0,0,1,1,0,1,3,1,0,1,0,0000000,99,99,99,99,99,99,0,0,0,1,0
47,470933,1,1,0,0,0,1,1,93,1300,30,12,2013,2,21,11,1,11,1,I-40,,142,35.94233889,-84.00133056,0,35,0,1,19,1,0,10,3,1,0,1,0,0000000,99,99,99,99,99,99,0,0,0,1,0
47,470934,1,1,0,0,0,1,1,129,0,28,12,2013,7,18,20,0,5,4,CR-ROME RD,,46,36.18121944,-84.72818889,0,1,0,0,1,1,0,4,2,2,0,2,0,0000000,99,99,99,99,99,99,0,0,0,1,1
47,470935,2,2,0,0,0,1,1,157,1620,10,8,2013,7,17,50,0,15,6,CULLEY RD,,25,35.14998611,-89.78478056,0,12,1,0,1,1,0,1,1,1,0,1,0,0000000,99,99,99,99,99,99,0,0,0,1,0
48,480001,1,1,0,0,0,2,2,113,1730,1,1,2013,3,7,36,0,16,5,MEANDERING WAY,,0,32.96073056,-96.77856667,0,33,0,0,1,1,0,4,1,2,0,2,0,0000000,7,37,7,40,7,55,0,0,0,1,1
48,480002,1,1,0,0,0,1,1,127,0,1,1,2013,3,4,0,0,6,4,CR-MARTINEZ RD,,0,28.46109167,-99.78046389,0,1,0,0,1,1,0,4,2,1,0,1,0,0000000,88,88,88,88,88,88,0,0,0,1,0
48,480003,1,1,0,0,0,2,2,157,6660,1,1,2013,3,5,50,1,12,8,UA90,SAVOY ST,274,29.62106389,-95.62978611,0,46,0,0,3,2,0,3,4,2,0,2,0,0000000,5,53,6,4,6,35,0,0,0,1,1
48,480004,2,2,0,0,0,5,5,201,0,1,1,2013,3,22,45,0,6,4,CR-KINGSLAND BLVD,,0,29.77192222,-95.78630278,0,12,1,0,1,1,0,1,2,1,0,1,0,0000000,22,51,23,8,23,26,0,0,0,1,1
48,480005,1,1,0,0,0,1,1,367,0,1,1,2013,3,23,50,0,6,4,CR-TIN TOP RD,,0,32.68593889,-97.78921111,0,42,0,0,1,1,0,4,2,1,0,1,0,0000000,88,88,88,88,88,88,0,0,0,1,0
48,480006,1,1,0,0,0,1,1,439,260,1,1,2013,3,2,56,0,16,5,PARK SPRINGS BLVD,SHADY VALLEY DR,0,32.71785833,-97.16894722,0,46,0,0,3,2,0,4,3,2,0,2,0,0000000,99,98,99,98,88,88,0,0,0,1,1
48,480007,2,1,1,0,0,2,2,453,330,1,1,2013,3,17,15,0,16,5,BERGER ST,,0,30.26975278,-97.68783889,0,14,0,0,1,1,0,2,1,10,0,10,0,0000000,99,99,17,18,17,33,0,0,0,2,1
48,480008,5,5,0,0,0,13,13,201,3280,2,1,2013,4,16,33,1,13,3,SR-6,,136,29.74084722,-95.64416111,0,12,8,0,1,1,0,1,1,1,0,1,0,0000000,16,33,16,50,17,29,0,0,0,1,0
48,480010,1,1,0,1,1,1,1,9,0,3,1,2013,5,6,0,0,4,8,FM172,,36,33.63244444,-98.49941944,0,8,0,0,1,1,0,1,2,1,0,1,0,0000000,99,98,99,98,88,88,0,0,0,1,0
48,480011,1,1,0,0,0,1,1,201,3280,3,1,2013,5,2,45,1,12,2,US-59/SOUTHWEST FWY,,69,29.72987778,-95.45628056,0,25,0,1,19,1,0,3,3,1,0,1,0,0000000,88,88,88,88,88,88,0,0,0,1,1
48,480012,2,2,0,0,0,6,6,229,0,3,1,2013,5,17,8,1,1,1,I-10,,392,31.20535833,-105.462175,0,12,6,0,1,1,0,1,2,4,0,4,0,0000000,17,13,17,55,19,55,0,0,0,2,0
48,480013,2,2,0,0,0,3,3,363,0,3,1,2013,5,17,43,0,4,8,FM 2201,,26,32.61245556,-98.17301111,0,12,2,0,1,1,0,1,1,1,0,1,0,0000000,17,51,18,14,18,52,0,0,0,2,0
48,480014,1,1,0,1,1,1,1,409,3380,3,1,2013,5,2,7,0,14,3,SR-361,,50,27.88186944,-97.21018333,0,8,0,0,1,1,0,1,2,10,0,10,0,0000000,99,98,99,98,88,88,0,0,0,1,0
48,480015,1,1,0,1,1,1,1,439,2990,3,1,2013,5,4,49,1,13,2,US-377/DENTON HWY,,327,32.81008333,-97.26446667,0,8,0,0,1,1,0,1,2,1,0,1,0,0000000,4,50,4,55,5,29,0,0,0,1,0
48,480016,1,1,0,1,1,1,1,441,30,3,1,2013,5,7,4,0,14,8,BU 20,SEWELL,57,32.45026389,-99.75549722,0,8,0,0,3,3,0,1,2,1,0,1,0,0000000,7,6,7,10,7,19,0,0,0,1,0
48,480017,1,1,0,0,0,2,2,453,330,3,1,2013,5,4,10,1,11,1,I-35,,15,30.11353056,-97.806275,0,34,0,0,1,1,0,4,3,1,0,1,0,0000000,4,10,4,22,4,46,0,0,0,1,0
48,480018,1,1,0,1,1,1,1,61,3030,4,1,2013,6,6,23,0,16,5,BUCHANAN AVE,D ST,0,26.18426111,-97.70002222,0,8,0,0,3,2,0,1,2,10,0,10,0,0000000,99,99,99,99,99,99,0,0,0,1,0
48,480019,2,2,0,0,0,7,7,203,4360,4,1,2013,6,18,0,1,13,2,US-80/GRAND AVE,SL-390/ERNEST SMITH PKWY,187,32.54873611,-94.39511111,0,12,6,0,2,2,0,1,3,1,0,1,0,0000000,99,99,99,99,99,99,0,0,0,1,0
48,480020,1,1,0,1,1,4,4,409,0,4,1,2013,6,23,7,1,2,2,US-77,,131,27.98344167,-97.55292778,0,8,0,0,1,1,0,1,2,10,0,10,0,0000000,99,98,99,98,88,88,0,0,0,1,0
48,480021,2,1,1,0,0,1,1,439,260,5,1,2013,7,2,45,0,16,5,NEW YORK AVE,,0,32.64500833,-97.07645833,0,38,0,0,1,1,0,4,3,1,0,1,0,0000000,99,98,99,98,88,88,14,0,0,1,1
48,480022,1,1,0,0,0,2,2,439,2450,5,1,2013,7,13,18,1,11,1,I-35,,119,32.81660278,-97.31311389,0,52,0,0,1,1,0,4,1,1,0,1,0,0000000,13,25,13,30,13,44,0,0,0,1,0
48,480023,1,1,0,1,1,1,1,121,3192,7,1,2013,2,16,28,1,13,8,FM 2499,,92,33.08408333,-97.07818056,0,9,0,0,1,1,0,1,1,1,0,1,0,0000000,16,12,16,29,16,57,0,0,0,1,0
48,480024,3,3,0,0,0,3,3,201,3280,7,1,2013,2,8,40,1,12,2,US-90A,,25,29.63258611,-95.50247222,0,12,8,0,1,1,0,1,1,1,0,1,0,0000000,8,47,8,56,9,37,0,0,0,1,0
48,480025,2,2,0,0,0,4,4,439,2450,7,1,2013,2,11,20,0,16,5,CAMPUS DR,JOE B. RUSHING RD,0,32.67222778,-97.29524444,0,12,1,0,2,2,0,1,1,1,0,1,0,0000000,11,26,11,30,12,12,0,0,0,1,0
48,480026,2,2,0,0,0,2,2,21,460,8,1,2013,3,10,10,1,13,8,SL 150 CHESTNUT ST,PECAN ST,8,30.11055833,-97.317525,0,12,6,0,2,2,0,1,1,2,0,2,0,0000000,99,99,99,99,99,99,0,0,0,1,0
48,480027,1,1,0,0,0,1,1,113,1730,8,1,2013,3,9,45,1,11,1,I-35,,65,32.64186111,-96.82308889,0,21,0,1,19,1,0,4,1,2,0,2,0,0000000,9,54,10,1,10,29,0,0,0,1,0
48,480028,1,1,0,0,0,1,1,183,0,8,1,2013,3,15,48,0,3,3,SR-149,,292,32.38959722,-94.66650556,0,32,0,0,1,1,0,4,1,2,0,2,0,0000000,15,49,16,0,16,25,0,0,0,1,0
48,480029,2,2,0,0,0,2,2,201,3280,8,1,2013,3,5,35,1,12,8,LOOP 8,BOHEME DR,104,29.76706944,-95.56208611,0,12,6,1,2,3,0,1,3,2,0,2,0,0000000,99,98,99,98,88,88,0,0,0,1,0
48,480030,2,2,0,0,0,5,5,249,0,8,1,2013,3,18,21,1,2,3,SR-359,,182,27.83892778,-98.01400556,0,12,6,0,1,1,0,1,2,10,0,10,0,0000000,99,99,99,99,99,99,0,0,0,1,1
48,480031,3,3,0,0,0,5,5,265,0,8,1,2013,3,16,10,0,3,3,SR-173/BANDERA HWY,,111,29.89444722,-99.10563056,0,12,6,0,1,1,0,1,1,2,0,2,0,0000000,99,99,99,99,99,99,0,0,0,1,1
48,480032,1,1,0,1,1,1,1,303,4140,8,1,2013,3,11,23,1,13,2,US-84/AVENUE Q DR,,38,33.548425,-101.8551611,0,15,0,0,8,1,0,1,1,10,0,10,0,0000000,99,99,99,99,88,88,0,0,0,1,0
48,480033,2,2,0,0,0,3,3,317,0,8,1,2013,3,13,0,1,2,3,SR-349/TOM CRADDICK HWY,,147,32.09456944,-102.0993889,0,12,6,0,1,1,0,1,1,10,0,10,0,0000000,13,6,13,18,13,39,0,0,0,1,0
48,480034,1,1,0,0,0,1,1,453,330,8,1,2013,3,7,30,0,16,5,SARA DR,,0,30.2685,-97.68790556,0,24,0,0,1,1,0,4,1,2,0,2,0,0000000,88,88,88,88,88,88,0,0,0,1,1
48,480035,2,2,0,0,0,2,2,453,4290,8,1,2013,3,14,22,1,2,2,US-290E/HWY 290E,OLD KIMBRO ROAD,108,30.350625,-97.50045833,0,12,1,0,3,2,0,1,1,2,0,2,0,0000000,14,26,14,34,14,58,0,0,0,1,0
48,480036,1,1,0,0,0,1,1,113,1240,9,1,2013,4,14,8,1,12,7,US-67,,137,32.60996944,-96.92593056,0,30,0,0,1,1,0,4,1,2,0,2,0,0000000,14,8,14,14,14,45,0,0,0,1,0
48,480037,2,2,0,0,0,2,2,287,0,9,1,2013,4,8,17,0,3,2,US-77,,145,30.34081111,-96.97339167,0,12,6,0,1,1,0,1,1,2,0,2,0,0000000,99,98,99,98,88,88,0,0,0,1,0
48,480038,1,1,0,0,0,2,2,327,0,9,1,2013,4,12,20,0,4,2,US-83 RAMP,,252,30.88352778,-99.76499444,0,1,0,0,20,1,0,1,1,2,0,2,0,0000000,99,99,99,99,99,99,0,0,0,1,0
48,480039,1,1,0,1,1,1,1,355,1550,9,1,2013,4,18,20,0,16,5,AYERS ST,ROOSEVELT DR,0,27.75493889,-97.41543611,0,8,0,0,3,3,0,1,3,10,0,10,0,0000000,99,98,99,98,88,88,0,0,0,1,0
48,480041,1,1,0,1,1,1,1,35,1390,10,1,2013,5,18,19,0,4,8,FM219 W 5TH ST,N AVE D,187,31.78347778,-97.57404444,0,8,0,0,3,2,0,1,3,1,0,1,0,0000000,99,99,99,99,99,99,0,0,0,1,0
48,480042,1,1,0,0,0,1,1,113,4530,10,1,2013,5,6,7,0,16,5,TOWNE CENTRE DR,,0,32.80140278,-96.62981944,0,24,0,0,1,1,0,4,3,10,0,10,0,0000000,6,9,6,16,6,59,0,0,0,1,0
48,480043,1,1,0,1,1,1,1,201,0,10,1,2013,5,18,20,1,11,1,I-10,,436,29.78401111,-95.11011389,0,9,0,0,1,1,0,1,2,10,0,10,0,0000000,18,32,18,49,19,11,0,0,0,1,0
48,480044,1,1,0,1,1,1,1,441,30,10,1,2013,5,18,40,0,16,5,SAYLES BLVD,,0,32.44611944,-99.74793333,0,8,0,0,1,1,0,1,2,1,0,1,0,0000000,99,98,99,98,88,88,0,0,0,1,0
48,480045,1,1,0,0,0,1,1,145,0,11,1,2013,6,8,8,0,4,8,FM413,,84,31.22930556,-96.76226944,0,32,0,0,1,1,0,4,1,1,0,1,0,0000000,88,88,88,88,88,88,0,0,0,1,0
48,480046,3,3,0,0,0,5,5,287,0,11,1,2013,6,10,0,1,2,2,US-290,,62,30.18546667,-96.959525,0,12,2,0,1,1,0,1,1,1,0,1,0,0000000,10,5,10,10,11,6,0,0,0,1,0
48,480047,1,1,0,0,0,1,1,29,6090,12,1,2013,7,7,57,0,15,8,FM2536 OLD PEARSALL RD,,163,29.36253611,-98.59277778,0,1,0,0,1,1,0,4,3,10,0,10,0,0000000,88,88,88,88,88,88,0,0,0,1,1
48,480048,1,1,0,0,0,1,1,201,3280,12,1,2013,7,2,42,0,16,5,SPACE CENTER BLVD,,0,29.57056667,-95.10516667,0,30,0,0,1,1,0,4,3,2,0,2,0,0000000,88,88,88,88,88,88,0,0,0,1,1
48,480049,2,2,0,0,0,7,7,113,1730,13,1,2013,1,18,52,1,12,7,US-67 MARVIN D LOVE FWY,WHEATLAND RD,100,32.64747222,-96.88543333,0,12,6,1,2,2,0,1,3,1,0,1,0,0000000,18,54,18,59,19,20,0,0,0,1,0
48,480050,1,1,0,0,0,4,4,121,0,13,1,2013,1,2,46,0,4,8,FM2450,,42,33.37098333,-97.24839444,0,32,0,0,1,1,0,4,2,10,0,10,0,0000000,3,8,3,24,4,5,0,0,0,1,1
48,480051,1,1,0,1,1,1,1,201,3280,13,1,2013,1,22,30,0,16,5,MESA DR,,0,29.85904444,-95.26246111,0,8,0,0,1,1,0,1,3,1,0,1,0,0000000,22,36,22,43,23,14,0,0,0,1,0
48,480052,1,1,0,0,0,6,6,229,0,13,1,2013,1,13,22,1,1,1,I-10,,715,31.05282222,-104.9430333,0,1,0,0,1,1,0,3,1,1,0,1,0,0000000,99,99,99,99,99,99,0,0,0,3,0
48,480053,1,1,0,0,0,1,1,191,0,14,1,2013,2,7,32,0,4,8,FM-657,,48,34.62252222,-100.737425,0,1,0,0,1,1,0,4,2,1,0,1,0,0000000,88,88,88,88,88,88,0,0,0,1,0
48,480054,1,1,0,0,0,2,2,201,3280,14,1,2013,2,17,55,1,11,1,I-610 RAMP,,35,29.740175,-95.26566389,0,25,0,1,5,1,0,4,3,10,0,10,0,0000000,99,99,99,99,88,88,20,0,0,2,0
48,480055,1,1,0,0,0,1,1,439,2800,14,1,2013,2,16,58,1,11,1,I-20 RAMP,,125,32.67769722,-97.06494167,0,33,0,1,5,1,0,10,1,1,0,1,0,0000000,17,5,17,22,17,46,0,0,0,1,0
48,480056,1,1,0,1,1,1,1,29,3942,15,1,2013,3,18,43,1,13,3,SR-16,SENECA DR,90,29.49122778,-98.61291389,0,8,0,0,2,2,0,1,3,1,0,1,0,0000000,18,41,18,44,18,58,0,0,0,1,0
48,480057,1,1,0,1,1,2,2,167,1920,15,1,2013,3,18,1,1,11,1,I-45,,142,29.47075278,-95.09436667,0,8,0,1,18,1,0,1,3,1,0,1,0,0000000,99,99,99,99,99,99,0,0,0,1,0
48,480058,2,2,0,0,0,3,3,439,590,15,1,2013,3,17,49,1,13,2,US-377,SPROLES DR,50,32.67351389,-97.46921111,0,12,2,0,2,2,0,1,1,10,0,10,0,0000000,99,99,99,99,99,99,0,0,0,1,0
48,480059,2,2,0,0,0,3,3,453,330,15,1,2013,3,11,31,1,11,1,I-35,,40,30.15266111,-97.79150556,0,12,7,1,18,1,0,1,1,10,0,10,0,0000000,99,98,99,98,88,88,0,0,0,1,0
48,480060,2,2,0,0,0,2,2,29,6090,16,1,2013,4,8,55,0,16,5,WEST AVE,LOCKHILL SELMA,0,29.53504722,-98.52042778,0,12,6,0,2,2,0,1,1,1,0,1,0,0000000,99,99,99,99,99,99,0,0,0,1,0
48,480061,3,3,0,0,0,3,3,53,0,16,1,2013,4,7,9,0,3,3,SR-29,,36,30.71698611,-98.00935,0,12,1,0,8,1,0,1,1,1,0,1,0,0000000,99,99,99,99,99,99,0,0,0,1,0
48,480062,2,2,0,0,0,2,2,91,0,16,1,2013,4,17,16,1,13,3,SR-46,CR-S CRANES RD,195,29.77287222,-98.27563611,0,12,1,0,3,3,0,1,1,2,0,2,0,0000000,99,99,99,99,99,99,0,0,0,1,0
48,480063,1,1,0,1,1,1,1,61,3030,17,1,2013,5,6,53,1,13,8,SL499 COL BILL CARD JR BLVD,N BREEDLOVE RD,26,26.22377222,-97.69763611,0,8,0,0,2,2,0,1,3,1,0,1,0,0000000,99,99,6,54,7,16,0,0,0,1,0