STATE,ST_CASE,VE_TOTAL,VE_FORMS,PVH_INVL,PEDS,PERNOTMVIT,PERMVIT,PERSONS,COUNTY,CITY,DAY,MONTH,YEAR,DAY_WEEK,HOUR,MINUTE,NHS,ROAD_FNC,ROUTE,TWAY_ID,TWAY_ID2,MILEPT,LATITUDE,LONGITUD,SP_JUR,HARM_EV,MAN_COLL,RELJCT1,RELJCT2,TYP_INT,WRK_ZONE,REL_ROAD,LGT_COND,WEATHER1,WEATHER2,WEATHER,SCH_BUS,RAIL,NOT_HOUR,NOT_MIN,ARR_HOUR,ARR_MIN,HOSP_HR,HOSP_MN,CF1,CF2,CF3,FATALS,DRUNK_DR
48,480064,1,1,0,1,1,2,2,113,1730,17,1,2013,5,19,18,1,13,8,SS244 E NORTHWEST HWY,JUPITER RD0,370,32.86422222,-96.68324722,0,8,0,0,2,2,0,1,3,1,0,1,0,0000000,19,19,19,26,19,52,0,0,0,1,0
48,480065,1,1,0,1,1,1,1,201,0,17,1,2013,5,7,35,1,13,8,BU90U BEAUMONT HWY,,293,29.83745556,-95.198925,0,8,0,0,1,1,0,1,1,1,0,1,0,0000000,99,99,99,99,99,99,0,0,0,1,0
48,480066,2,2,0,0,0,3,3,375,150,17,1,2013,5,15,57,1,12,7,US-87/287 S DUMAS DR,E WILLOW CREEK DR,264,35.27991111,-101.8340083,0,12,6,1,2,2,0,1,1,1,0,1,0,0000000,99,99,99,99,99,99,0,0,0,1,0
48,480067,1,1,0,0,0,1,1,21,0,18,1,2013,6,13,18,0,3,3,SR-95,BIG SANDY RD,67,30.24621667,-97.32124167,0,42,0,0,3,3,0,4,1,1,0,1,0,0000000,88,88,88,88,88,88,20,0,0,1,0
48,480068,1,1,0,1,1,1,1,113,1730,18,1,2013,6,5,32,1,11,7,I-30 TOM LANDRY FWY,,124,32.76919444,-96.82441111,0,8,0,0,1,1,0,1,2,1,0,1,0,0000000,99,98,99,98,88,88,0,0,0,1,0
48,480069,1,1,0,3,3,2,2,183,0,18,1,2013,6,18,40,0,3,3,SR-31,,4,32.37725556,-94.97916944,0,8,0,0,1,1,0,1,2,1,0,1,0,0000000,99,99,99,99,99,99,19,0,0,2,0
48,480071,1,1,0,0,0,1,1,21,6430,19,1,2013,7,0,44,0,3,3,SR-95,,50,30.00527222,-97.16670556,0,18,0,0,1,1,0,4,3,1,0,1,0,0000000,88,88,88,88,88,88,0,0,0,1,1
48,480072,1,1,0,0,0,2,2,27,3690,19,1,2013,7,0,59,0,14,8,FM-3470,,46,31.08128611,-97.77006389,0,39,0,0,1,1,0,4,2,1,0,1,0,0000000,0,59,1,6,1,40,0,0,0,1,0
48,480073,1,1,0,0,0,5,5,187,0,19,1,2013,7,0,55,0,6,4,CR-LAUBACH RD,,0,29.62826389,-97.92561944,0,1,0,0,1,1,0,4,2,1,0,1,0,0000000,1,30,1,38,2,24,0,0,0,1,1
48,480074,1,1,0,0,0,1,1,201,3280,19,1,2013,7,15,26,1,11,1,I-610 RAMP,,206,29.70923056,-95.26779722,0,25,0,1,5,1,0,4,1,1,0,1,0,0000000,88,88,88,88,88,88,0,0,0,1,0
48,480075,2,2,0,0,0,4,4,249,0,19,1,2013,7,20,52,0,4,8,FM 625,,32,27.70878056,-98.19311944,0,12,2,0,1,1,0,1,2,1,0,1,0,0000000,21,9,21,28,22,13,19,0,0,1,0
48,480076,2,2,0,0,0,2,2,381,150,19,1,2013,7,0,45,1,11,7,I-27,45TH AVE,123,35.16384167,-101.8714028,0,12,1,1,2,2,0,1,3,1,0,1,0,0000000,99,98,99,98,88,88,0,0,0,1,2
48,480077,1,1,0,0,0,4,4,413,0,19,1,2013,7,16,13,0,6,4,CR-245,,0,30.75998056,-100.3043472,0,1,0,0,1,1,0,4,1,1,0,1,0,0000000,16,16,16,42,17,29,0,0,0,1,0
48,480078,2,2,0,0,0,3,3,439,2450,19,1,2013,7,18,11,0,16,5,SANDSHELL DR,,0,32.85325,-97.31093333,0,12,6,0,8,1,0,1,5,1,0,1,0,0000000,18,13,18,17,19,2,0,0,0,1,1
48,480079,1,1,0,0,0,1,1,485,7490,19,1,2013,7,11,31,1,12,2,US-277,,101,33.90379444,-98.49850278,0,25,0,0,1,1,0,4,1,1,0,1,0,0000000,11,40,11,41,11,56,0,0,0,1,0
48,480080,2,2,0,0,0,3,3,29,6090,20,1,2013,1,1,48,1,12,2,US-90,,39,29.40749722,-98.59926667,0,24,0,0,1,1,0,3,3,1,0,1,0,0000000,99,99,99,99,99,99,0,0,0,2,1
48,480081,2,2,0,0,0,2,2,113,1730,20,1,2013,1,1,50,0,16,5,PRAIRIE CREEK,,0,32.77384167,-96.66535,0,12,1,0,6,1,0,1,3,1,0,1,0,794833R,99,98,99,98,88,88,0,0,0,1,1
48,480082,1,1,0,0,0,3,3,113,1730,20,1,2013,1,5,12,0,16,5,MIDWAY RD,,0,32.89201111,-96.83817222,0,39,0,0,1,1,0,4,3,1,0,1,0,0000000,5,16,5,23,6,2,0,0,0,1,1
48,480083,4,4,0,0,0,6,6,171,0,20,1,2013,1,12,40,1,2,2,US-290,,84,30.22091944,-98.75125278,0,12,8,0,1,1,0,1,1,1,0,1,0,0000000,99,99,99,99,99,99,14,0,0,1,0
48,480084,1,1,0,0,0,1,1,187,0,20,1,2013,1,16,26,0,14,8,FM 1518,,19,29.56689167,-98.29895556,0,42,0,0,1,1,0,4,1,1,0,1,0,0000000,88,88,88,88,88,88,0,0,0,1,0
48,480085,1,1,0,0,0,1,1,85,5390,22,1,2013,3,0,26,0,16,5,HEDGCOXE RD,,0,33.08572222,-96.75460556,0,33,0,0,1,1,0,4,3,1,0,1,0,0000000,88,88,88,88,88,88,0,0,0,1,1
48,480086,3,3,0,0,0,3,3,201,0,22,1,2013,3,0,40,1,13,3,SR-6,,154,29.71173889,-95.64369167,0,12,1,0,1,1,0,1,3,1,0,1,0,0000000,99,99,99,99,99,99,0,0,0,1,1
48,480087,1,1,0,1,1,1,1,423,0,22,1,2013,3,15,25,0,6,4,CR-PEARL ST,,0,32.37271667,-95.25600278,0,8,0,1,8,1,0,1,1,1,0,1,1,0000000,99,98,99,98,88,88,0,0,0,1,0
48,480088,2,2,0,0,0,2,2,289,1000,23,1,2013,4,5,27,1,1,1,I-45,,267,31.45460833,-96.07945,0,12,1,0,1,1,0,1,3,1,0,1,0,0000000,99,99,99,99,99,99,0,0,0,1,1
48,480089,2,2,0,0,0,3,3,439,260,23,1,2013,4,5,43,1,13,8,FM 157,ASHFORD LN,107,32.78133056,-97.09600556,0,12,6,0,2,3,0,1,6,1,0,1,0,0000000,5,43,5,46,6,12,0,0,0,1,0
48,480090,3,3,0,0,0,3,3,21,0,24,1,2013,5,6,49,0,3,3,SR-95,,8,30.40101667,-97.372825,0,12,2,0,1,1,0,1,4,10,0,10,0,0000000,99,98,99,98,88,88,0,0,0,1,0
48,480091,1,1,0,1,1,1,1,29,6090,24,1,2013,5,17,20,0,16,5,AUTUMN SUNRISE,,0,29.53172778,-98.67478333,0,9,0,0,1,1,0,4,1,1,0,1,0,0000000,17,43,17,49,18,14,0,0,0,1,0
48,480092,1,1,0,1,1,1,1,113,2800,24,1,2013,5,19,28,0,16,5,CARRIER PKWY,HOLIDAY HILLS,0,32.75490833,-97.01819444,0,8,0,0,1,1,0,1,3,1,0,1,0,0000000,99,99,99,99,99,99,0,0,0,1,0
48,480093,2,2,0,0,0,3,3,121,1840,24,1,2013,5,8,5,0,14,8,FM-428,,28,33.24931944,-97.11559167,0,12,6,0,1,1,0,1,1,10,0,10,0,0000000,8,6,8,7,8,20,20,0,0,2,0
48,480094,2,2,0,0,0,2,2,339,0,24,1,2013,5,10,10,0,4,3,SR-75,ESPERANZA RD,26,30.48845,-95.4915,0,12,2,0,1,1,0,1,1,10,0,10,0,0000000,10,7,10,14,10,39,0,0,0,1,0
48,480095,4,4,0,0,0,4,4,423,0,24,1,2013,5,18,4,0,3,3,SR-155,FM 16,59,32.48599444,-95.16945,0,12,2,0,1,1,0,1,2,1,0,1,0,0000000,18,1,18,9,18,47,0,0,0,1,0
48,480096,1,1,0,1,1,1,1,29,6090,25,1,2013,6,18,40,0,16,5,GEVERS ST,,0,29.38601389,-98.45679444,0,8,0,0,1,1,0,1,3,1,0,1,0,0000000,99,99,99,99,88,88,0,0,0,1,0
48,480097,1,1,0,0,0,1,1,201,3280,25,1,2013,6,22,17,0,16,5,BRIAR FOREST DR,,0,29.75554444,-95.62676944,0,42,0,0,1,1,0,3,3,10,0,10,0,0000000,88,88,88,88,88,88,0,0,0,1,0
48,480098,2,2,0,1,1,2,2,39,2490,26,1,2013,7,19,30,1,13,3,SR-288,,90,28.97620556,-95.37356389,0,8,0,0,1,1,0,1,2,1,0,1,0,0000000,19,35,19,42,19,58,0,0,0,1,0
48,480099,1,1,0,0,0,2,2,217,0,26,1,2013,7,23,15,0,4,2,US-77,,27,32.08454722,-97.01554722,0,42,0,0,1,1,0,4,3,5,0,5,0,0000000,23,32,23,50,0,37,0,0,0,1,1
48,480100,2,2,0,0,0,5,5,441,30,26,1,2013,7,20,13,0,13,8,BU-83 D,BUTTERNUT ST,88,32.42021667,-99.73858056,0,12,2,0,2,3,0,1,3,1,0,1,0,0000000,20,14,20,19,20,36,0,0,0,1,0
48,480101,2,2,0,0,0,4,4,19,0,27,1,2013,1,16,36,0,3,3,SR-16,,117,29.73530278,-99.11530278,0,12,11,0,1,1,0,1,1,1,0,1,0,0000000,16,39,16,41,17,30,0,0,0,1,2
48,480102,1,1,0,0,0,1,1,29,6090,27,1,2013,1,13,47,1,11,7,I-35 PAN AM EXPY,,161,29.34763056,-98.54221389,0,33,0,0,1,1,0,4,1,10,0,10,0,0000000,88,88,88,88,88,88,0,0,0,1,1
48,480103,1,1,0,0,0,1,1,121,3960,27,1,2013,1,5,15,0,16,5,WATERS RIDGE DR,,0,33.01871667,-96.97050278,0,43,0,0,1,1,0,4,3,5,0,5,0,0000000,88,88,88,88,88,88,0,0,0,1,0
48,480104,1,1,0,0,0,1,1,201,3280,27,1,2013,1,21,19,1,12,7,US-90 LAKE HOUSTON PKWY,,126,29.80866667,-95.21508056,0,20,0,1,5,1,0,8,3,1,0,1,0,0000000,99,99,99,99,88,88,0,0,0,1,1
48,480105,2,2,0,0,0,6,6,439,2800,27,1,2013,1,13,55,1,11,1,I-30 TOM LANDRY HWY,,309,32.75966111,-97.03585278,0,12,1,1,18,1,1,1,1,1,0,1,0,0000000,13,55,14,4,14,23,23,0,0,3,0
48,480106,2,2,0,0,0,3,3,459,0,27,1,2013,1,19,10,0,4,8,FM 726,,3,32.69101111,-94.82363889,0,1,0,0,1,1,0,1,2,1,0,1,0,0000000,19,12,19,22,19,45,14,0,0,1,0
48,480107,3,3,0,0,0,3,3,373,0,28,1,2013,2,7,30,0,3,2,US-190,NETTLES CEMETARY RD,52,30.70791944,-94.86441111,0,12,1,0,3,2,0,1,1,1,0,1,0,0000000,7,44,7,55,8,25,0,0,0,1,1
48,480108,1,1,0,0,0,2,2,439,2450,28,1,2013,2,0,52,1,11,1,I-30 WEST FWY,,213,32.73305556,-97.36145833,0,25,0,1,5,1,0,3,3,1,0,1,0,0000000,1,1,1,7,1,37,0,0,0,1,1
48,480109,1,1,0,0,0,4,4,439,2450,29,1,2013,3,12,10,1,12,2,US- 81 / 287,,213,32.90034444,-97.33356667,0,34,0,1,19,1,0,8,1,1,0,1,0,0000000,12,20,12,31,12,56,0,0,0,1,0
48,480111,1,1,0,0,0,1,1,453,330,30,1,2013,4,0,30,0,16,5,E HOWARD LN,HARRISGLENN DR,0,30.40629167,-97.64224722,0,1,0,0,3,2,0,3,2,1,0,1,0,0000000,88,88,88,88,88,88,0,0,0,1,1
48,480112,2,1,1,0,1,1,2,467,0,30,1,2013,4,14,10,1,1,1,I-20,,26,32.64244722,-96.04760278,0,14,0,0,1,1,0,2,1,1,0,1,0,0000000,99,98,99,98,88,88,0,0,0,1,0
48,480113,1,1,0,1,1,1,1,27,6810,31,1,2013,5,20,39,0,14,8,FM1741,,227,31.05498333,-97.37500278,0,8,0,0,1,1,0,1,3,1,0,1,0,0000000,20,40,20,47,21,36,0,0,0,1,0
48,480114,1,1,0,1,1,2,2,29,6090,31,1,2013,5,20,38,1,13,8,SL368,,127,29.49665,-98.427575,0,8,0,0,1,1,0,1,2,1,0,1,0,0000000,99,99,99,99,99,99,0,0,0,1,0
48,480115,1,1,0,0,0,1,1,251,0,2,1,2013,4,0,1,0,6,4,CR-600 E RENFRO ST,,0,32.50482222,-97.25582222,0,1,0,0,1,1,0,4,2,10,0,10,0,0000000,88,88,88,88,88,88,0,0,0,1,0
48,480116,1,1,0,0,0,3,3,323,0,2,1,2013,4,15,6,0,4,8,FM1021 EL INDIO HWY,,41,28.66858056,-100.4535667,0,30,0,1,19,1,0,4,1,1,0,1,0,0000000,99,99,99,99,99,99,0,0,0,1,0
48,480117,1,1,0,0,0,4,4,391,0,2,1,2013,4,11,23,1,2,2,US-77,,298,28.21340556,-97.35490833,0,1,0,0,1,1,0,1,1,2,0,2,0,0000000,11,30,11,56,12,30,0,0,0,1,0
48,480118,3,1,2,2,2,1,1,71,0,3,1,2013,5,21,7,1,1,1,I-10,,113,29.83918056,-94.72149722,0,14,0,0,1,1,0,8,2,1,0,1,0,0000000,99,98,99,98,88,88,14,15,0,1,1
48,480119,2,2,0,0,0,5,5,355,0,4,1,2013,6,11,8,0,4,8,FM70,,233,27.57597778,-97.72219167,0,12,2,0,1,1,0,1,1,1,0,1,0,0000000,11,22,11,37,12,4,0,0,0,3,0
48,480120,1,1,0,0,0,7,7,497,0,4,1,2013,6,9,0,1,2,2,US-81,,73,33.156725,-97.51961944,0,1,0,0,1,1,0,3,1,1,0,1,0,0000000,9,4,9,11,9,42,0,0,0,1,0
48,480122,2,2,0,0,0,4,4,365,0,5,1,2013,7,10,51,1,13,2,US-79,,213,32.17485278,-94.28238611,0,12,2,0,1,1,0,1,1,10,0,10,0,0000000,11,6,11,16,12,20,0,0,0,1,0
48,480123,1,1,0,0,0,4,4,253,0,6,1,2013,1,1,45,0,3,2,US-180,,105,32.75071389,-99.72989444,0,31,0,0,1,1,0,4,2,1,0,1,0,0000000,1,51,2,28,2,56,0,0,0,2,0
48,480124,1,1,0,0,0,3,3,485,0,6,1,2013,1,2,23,0,4,8,BU 287J,,193,33.94728889,-98.64383056,0,30,0,0,1,1,0,4,2,1,0,1,0,0000000,2,45,2,56,3,18,0,0,0,1,1
48,480125,2,2,0,0,0,4,4,449,0,7,1,2013,2,18,0,0,4,3,SR-49,CR-4230,55,33.1312,-94.89418056,0,12,1,0,3,3,0,1,3,1,0,1,0,0000000,18,2,18,15,18,38,0,0,0,2,0
48,480126,2,2,0,0,0,2,2,1,5170,8,1,2013,3,9,44,0,13,8,SL 256,,90,31.7353,-95.63064444,0,12,6,0,8,1,0,1,1,2,0,2,0,0000000,99,99,99,99,99,99,0,0,0,1,0
48,480127,2,2,0,0,0,4,4,157,0,8,1,2013,3,20,0,1,2,3,SR-36,FOSTER SCHOOL RD,97,29.43385,-95.83136944,0,12,6,0,2,2,0,1,5,10,0,10,0,0000000,20,0,20,11,20,54,0,0,0,2,0
48,480128,3,3,0,4,4,3,3,133,0,9,1,2013,4,19,45,1,1,1,I-20,,107,32.49801111,-98.53863056,0,12,6,0,1,1,0,1,2,2,0,2,0,0000000,99,99,99,99,99,99,23,19,0,1,0
48,480129,3,3,0,0,0,7,7,135,0,9,1,2013,4,16,0,0,13,8,SL 338,,237,31.94111944,-102.3683194,0,12,6,0,1,1,0,1,1,2,0,2,0,0000000,15,48,15,54,16,29,0,0,0,1,1
48,480130,1,1,0,1,1,2,2,473,0,9,1,2013,4,21,14,0,6,4,CR-OLD HOUSTON HWY,,0,30.0792,-96.02211944,0,8,0,0,1,1,0,1,2,2,0,2,0,0000000,21,16,21,21,22,25,0,0,0,1,0
48,480131,2,2,0,0,0,2,2,39,2490,10,1,2013,5,18,58,1,13,3,SR-332,,162,28.98896389,-95.352075,0,12,6,0,1,1,0,1,3,1,0,1,0,0000000,18,58,19,10,19,43,0,0,0,1,0
48,480132,1,1,0,1,1,1,1,221,2780,10,1,2013,5,19,27,1,13,2,US-377,,87,32.46199722,-97.71775,0,8,0,0,1,1,0,1,2,1,0,1,0,0000000,99,98,99,98,88,88,0,0,0,1,0
48,480133,1,1,0,0,0,2,2,453,330,10,1,2013,5,4,6,0,16,5,GEORGIAN DR,BEAVER ST,0,30.35205556,-97.69984722,0,30,0,0,3,3,0,4,2,5,0,5,0,0000000,4,6,4,10,4,35,0,0,0,1,0
48,480134,2,2,0,0,0,3,3,21,0,11,1,2013,6,14,35,0,4,8,FM2104,,72,30.11380556,-97.0811,0,12,2,0,1,1,0,1,1,10,0,10,0,0000000,14,46,15,12,15,49,0,0,0,3,0
48,480135,2,2,0,0,0,2,2,329,4560,11,1,2013,6,17,16,0,14,8,FM868,,28,32.00454722,-102.1378194,0,12,6,0,8,1,0,1,1,1,0,1,0,0000000,99,99,99,99,99,99,0,0,0,1,0
48,480136,2,2,0,0,0,3,3,201,3280,12,1,2013,7,22,6,0,16,5,TIDWELL RD,,0,29.84729167,-95.35516111,0,12,2,0,1,1,0,1,3,10,0,10,0,0000000,22,6,22,16,22,52,0,0,0,1,1
48,480137,2,2,0,0,0,2,2,363,0,12,1,2013,7,3,30,0,4,8,FM1821,,7,32.85355833,-98.08342778,0,12,6,0,1,1,0,1,3,10,0,10,0,0000000,99,98,99,98,88,88,0,0,0,1,0
48,480138,1,1,0,0,0,2,2,37,0,13,1,2013,1,18,35,1,1,1,I-30,,49,33.36440278,-94.63462222,0,1,0,0,1,1,0,1,2,1,0,1,0,0000000,18,36,18,59,19,38,0,0,0,1,0
48,480139,2,2,0,0,0,8,8,257,0,13,1,2013,1,21,21,1,2,2,US-175,,141,32.635575,-96.46848333,0,12,1,0,1,1,0,1,3,1,0,1,0,0000000,99,99,99,99,21,42,0,0,0,2,0
48,480140,2,2,0,0,0,2,2,173,0,14,1,2013,2,6,55,1,2,2,US-87,FM821,1,32.08605833,-101.3917667,0,12,6,0,2,3,0,1,4,1,0,1,0,0000000,7,4,7,30,8,7,0,0,0,1,0
48,480141,1,1,0,0,0,1,1,181,6350,14,1,2013,2,3,6,1,13,2,US-82,US-75,196,33.67046667,-96.60940278,0,21,0,1,19,1,0,4,3,10,0,10,0,0000000,88,88,88,88,88,88,0,0,0,1,0
48,480142,1,1,0,0,0,4,4,215,0,14,1,2013,2,22,50,0,6,4,CR-MILE 2 W RD,,0,26.22254444,-97.94351944,0,34,0,0,1,1,0,4,2,2,0,2,0,0000000,99,98,99,98,88,88,0,0,0,1,0
48,480143,1,1,0,1,1,1,1,439,260,14,1,2013,2,1,34,1,13,8,FM 157,,136,32.739275,-97.097375,0,8,0,0,1,1,0,1,3,1,0,1,0,0000000,1,35,1,38,1,59,0,0,0,1,0
48,480144,1,1,0,0,0,1,1,63,0,15,1,2013,3,4,10,0,4,8,FM 557,,105,32.92416111,-94.84925278,0,42,0,0,1,1,0,4,2,10,0,10,0,0000000,88,88,88,88,88,88,0,0,0,1,0
48,480145,2,2,0,0,0,2,2,221,2780,15,1,2013,3,7,44,0,4,8,FM 51,,78,32.47905,-97.78835278,0,23,0,0,1,1,0,4,1,3,0,3,0,0000000,7,49,7,58,8,37,0,0,0,1,0
48,480146,2,2,0,0,0,4,4,249,90,15,1,2013,3,15,30,1,13,3,SR-44,,93,27.74751111,-98.09528056,0,12,2,0,1,1,0,1,1,10,0,10,0,0000000,99,99,99,99,99,99,0,0,0,1,0
48,480147,2,2,0,0,0,4,4,329,0,15,1,2013,3,7,0,0,4,8,FM 1788,,189,31.82859722,-102.1888889,0,12,2,0,1,1,0,4,2,1,0,1,0,0000000,7,10,7,27,7,57,0,0,0,3,1
48,480148,2,2,0,0,0,2,2,375,0,15,1,2013,3,11,6,1,2,2,US-87,,140,35.56321944,-101.9437833,0,12,2,0,1,1,0,1,1,1,0,1,0,0000000,99,98,99,98,88,88,0,0,0,2,0
48,480149,1,1,0,0,0,1,1,27,0,16,1,2013,4,21,47,0,6,4,CR-IVY GAP,,0,31.067025,-97.87988056,0,35,0,0,1,1,0,4,2,1,0,1,0,0000000,88,88,88,88,88,88,0,0,0,1,1
48,480150,2,2,0,0,0,3,3,375,0,16,1,2013,4,10,48,1,1,1,I-40,,20,35.20415556,-102.1482111,0,24,0,0,1,1,0,3,1,1,0,1,0,0000000,99,98,99,98,88,88,20,0,0,1,0
48,480151,2,2,0,0,0,2,2,375,0,16,1,2013,4,20,49,1,11,1,I-40,,274,35.19989444,-101.6853472,0,12,11,0,1,1,0,1,2,1,0,1,0,0000000,88,88,88,88,88,88,0,0,0,1,1
48,480152,2,2,0,0,0,2,2,157,0,17,1,2013,5,15,50,0,3,2,US-90A,HERMAN SULAK RD,434,29.53922222,-95.99843333,0,12,6,0,2,3,0,1,1,1,0,1,0,0000000,99,99,99,99,99,99,0,0,0,1,0
48,480153,2,2,0,0,0,2,2,313,0,17,1,2013,5,8,45,1,2,2,US-190,,82,30.92238611,-96.07457778,0,12,2,0,1,1,0,1,1,1,0,1,0,0000000,88,88,88,88,88,88,0,0,0,2,0
48,480154,2,2,0,0,0,2,2,339,0,17,1,2013,5,10,0,0,6,4,CR-GENE CAMPBELL BLVD,,0,30.16993333,-95.26256111,0,12,2,0,1,1,0,1,1,1,0,1,0,0000000,10,3,10,13,10,52,0,0,0,1,0
48,480155,1,1,0,0,0,1,1,39,130,18,1,2013,6,13,38,0,16,5,PHILLIPS ST,,0,29.42502222,-95.26289722,0,42,0,0,1,1,0,4,1,1,0,1,0,0000000,13,42,13,54,14,18,0,0,0,1,0
48,480156,1,1,0,1,1,3,3,181,6350,18,1,2013,6,20,12,0,16,5,TRAVIS ST,,0,33.606,-96.60548056,0,8,0,0,1,1,0,1,2,1,0,1,0,0000000,88,88,88,88,88,88,0,0,0,1,0
48,480157,2,2,0,0,0,2,2,183,3680,18,1,2013,6,11,8,1,13,3,SR-135,,184,32.41455278,-94.90895278,0,12,1,0,8,1,0,1,1,1,0,1,0,0000000,11,9,11,12,12,5,0,0,0,1,0
48,480158,1,1,0,0,0,1,1,189,0,18,1,2013,6,0,5,0,3,2,US-70,,99,34.18823333,-101.9174889,0,53,0,0,1,1,0,4,2,1,0,1,0,0000000,88,88,88,88,88,88,0,0,0,1,1
48,480159,2,2,0,0,0,2,2,251,2690,18,1,2013,6,1,35,0,5,8,FM 2331,,8,32.43641944,-97.53606667,0,1,0,0,1,1,0,4,2,1,0,1,0,0000000,88,88,88,88,88,88,14,0,0,1,0
48,480160,1,1,0,0,0,3,3,389,0,18,1,2013,6,23,20,0,4,8,FM 1450,,27,31.37993333,-103.4223472,0,1,0,0,1,1,0,4,2,1,0,1,0,0000000,99,99,99,99,99,99,0,0,0,1,1
48,480161,2,2,0,0,0,2,2,423,0,18,1,2013,6,22,20,1,13,8,SL 323,,226,32.38754167,-95.27160556,0,12,6,0,8,1,0,1,2,1,0,1,0,0000000,22,22,22,28,23,23,0,0,0,1,0
48,480162,1,1,0,0,0,1,1,453,330,18,1,2013,6,15,27,0,16,5,NORTHEAST DR,,0,30.31548056,-97.68144444,0,34,0,0,1,1,0,4,1,1,0,1,0,0000000,15,28,15,36,15,59,0,0,0,1,0
48,480163,1,1,0,0,0,1,1,61,0,19,1,2013,7,1,45,0,4,8,FM1846,,8,26.21238611,-97.58142778,0,1,0,0,1,1,0,4,2,1,0,1,0,0000000,88,88,88,88,88,88,0,0,0,1,1
48,480164,1,1,0,0,0,2,2,89,0,19,1,2013,7,5,37,1,1,1,I-10,,210,29.70916944,-96.50459444,0,24,0,0,1,1,0,3,3,1,0,1,0,0000000,99,98,99,98,88,88,0,0,0,1,1
48,480165,1,1,0,0,0,2,2,201,3280,19,1,2013,7,2,6,0,16,5,BOLIN RD,,0,29.82226944,-95.4814,0,34,0,0,1,1,0,4,3,1,0,1,0,0000000,2,6,2,13,2,52,0,0,0,1,1
48,480166,1,1,0,0,0,1,1,201,3280,19,1,2013,7,3,5,1,13,2,US-90/LAKE HOUSTON PKWY,,12,29.81469722,-95.20825,0,33,0,0,1,1,0,4,3,10,0,10,0,0000000,3,11,3,18,4,21,0,0,0,1,0
48,480167,2,2,0,0,0,3,3,231,5590,19,1,2013,7,13,15,0,3,3,SR-276/QUINLAN PKWY,,10,32.90362222,-96.110425,0,12,6,0,8,1,0,1,1,1,0,1,0,0000000,99,99,99,99,99,99,0,0,0,1,0
48,480168,1,1,0,0,0,1,1,453,330,19,1,2013,7,17,7,0,16,5,LAMPLIGHT VILLAGE AVE,,0,30.417475,-97.69524444,0,30,0,0,1,1,0,4,1,1,0,1,0,0000000,88,88,88,88,88,88,0,0,0,1,1
48,480169,1,1,0,0,0,2,2,479,0,19,1,2013,7,10,20,1,2,2,US-59,,21,27.77674167,-98.83979444,0,1,0,0,1,1,0,2,1,1,0,1,0,0000000,99,99,99,99,99,99,0,0,0,1,0
48,480170,1,1,0,0,0,6,6,53,0,20,1,2013,1,17,34,0,6,4,CR-340/MORMON MILL RD,,0,30.614825,-98.24168056,0,1,0,0,1,1,0,1,1,1,0,1,0,0000000,17,51,18,14,18,50,0,0,0,1,0
48,480171,2,2,0,1,1,2,2,201,0,20,1,2013,1,5,20,0,6,4,CR-VETERAN'S MEMORIAL DR,,0,29.92914444,-95.45346944,0,12,1,0,8,1,0,1,2,5,0,5,0,0000000,99,99,99,99,99,99,0,0,0,1,1
48,480172,1,1,0,1,1,1,1,201,3280,20,1,2013,1,3,21,0,16,5,BLALOCK RD,,0,29.79862778,-95.52419722,0,8,0,0,1,1,0,1,3,5,0,5,0,0000000,3,26,3,31,3,53,0,0,0,1,1
48,480173,1,1,0,0,0,1,1,201,3280,20,1,2013,1,0,10,1,12,8,SL 8 RAMP,,76,29.93858611,-95.38295,0,25,0,1,5,1,0,4,3,1,0,1,0,0000000,0,20,0,24,1,27,0,0,0,1,1
48,480174,2,2,0,0,0,2,2,39,0,21,1,2013,2,7,17,0,3,3,SR-35,FM 521,392,29.14810278,-95.5135,0,12,6,0,2,3,0,1,4,5,0,5,0,0000000,7,21,7,35,8,10,0,0,0,1,0
48,480175,2,2,0,0,0,2,2,57,0,21,1,2013,2,6,59,0,4,3,SR-185,,48,28.58228056,-96.83242222,0,12,2,0,1,1,0,2,1,5,0,5,0,0000000,99,99,99,99,99,99,0,0,0,1,0
48,480176,2,2,0,0,0,2,2,177,0,21,1,2013,2,18,45,0,3,8,UA-90,FM 443,302,29.46205833,-97.26267222,0,12,1,0,2,3,0,1,2,1,0,1,0,0000000,19,8,19,36,20,27,0,0,0,1,0
48,480177,1,1,0,1,1,1,1,289,0,21,1,2013,2,21,55,0,5,8,FM 1146,,14,31.33991667,-96.27774167,0,8,0,0,1,1,0,1,2,1,0,1,0,0000000,99,98,99,98,88,88,0,0,0,1,1
48,480178,2,2,0,0,0,3,3,467,0,21,1,2013,2,11,30,0,3,3,SR-19,,157,32.45966111,-95.85657778,0,12,6,0,1,1,0,1,1,1,0,1,0,0000000,11,43,12,23,12,54,0,0,0,1,0
48,480179,2,2,0,0,0,5,5,99,0,22,1,2013,3,12,53,0,4,8,FM 215,CR-248,72,31.55813056,-97.69227222,0,12,6,0,2,3,0,1,1,1,0,1,0,0000000,99,98,99,98,88,88,0,0,0,1,0
48,480180,2,1,1,0,2,1,3,213,300,22,1,2013,3,13,50,0,14,2,US-175,,264,32.22803611,-95.81904167,0,14,0,0,1,1,0,2,1,1,0,1,0,0000000,99,98,99,98,88,88,0,0,0,2,0