STATE,ST_CASE,VE_TOTAL,VE_FORMS,PVH_INVL,PEDS,PERNOTMVIT,PERMVIT,PERSONS,COUNTY,CITY,DAY,MONTH,YEAR,DAY_WEEK,HOUR,MINUTE,NHS,ROAD_FNC,ROUTE,TWAY_ID,TWAY_ID2,MILEPT,LATITUDE,LONGITUD,SP_JUR,HARM_EV,MAN_COLL,RELJCT1,RELJCT2,TYP_INT,WRK_ZONE,REL_ROAD,LGT_COND,WEATHER1,WEATHER2,WEATHER,SCH_BUS,RAIL,NOT_HOUR,NOT_MIN,ARR_HOUR,ARR_MIN,HOSP_HR,HOSP_MN,CF1,CF2,CF3,FATALS,DRUNK_DR
48,480181,1,1,0,1,1,1,1,85,5390,23,1,2013,4,5,30,1,12,2,US-75,,121,33.02538611,-96.71005278,0,8,0,0,1,1,0,1,2,1,0,1,0,0000000,99,98,99,98,88,88,0,0,0,1,0
48,480182,2,2,0,0,0,2,2,139,2240,23,1,2013,4,17,56,1,13,8,SL287,,53,32.31545,-96.6537,0,12,6,0,1,1,1,1,1,1,0,1,0,0000000,99,98,99,98,88,88,0,0,0,1,0
48,480183,1,1,0,1,1,1,1,187,0,23,1,2013,4,5,42,0,6,4,CR-WEIL RD,,0,29.62868333,-98.13901667,0,8,0,0,1,1,0,1,2,5,0,5,0,0000000,99,98,99,98,88,88,0,0,0,1,0
48,480184,1,1,0,0,0,2,2,201,0,23,1,2013,4,1,55,0,6,4,CR-BREEN DR,,0,29.89956944,-95.47068611,0,34,0,0,1,1,0,4,2,1,0,1,0,0000000,99,98,99,98,88,88,0,0,0,2,1
48,480185,1,1,0,1,1,1,1,139,7270,24,1,2013,5,18,45,0,16,5,KAUFMAN ST,,0,32.39158611,-96.83457778,0,8,0,0,1,1,0,1,2,1,0,1,0,0000000,99,98,99,98,88,88,0,0,0,1,0
48,480186,1,1,0,1,1,1,1,201,6247,24,1,2013,5,18,47,1,13,3,SR-NASA,,94,29.56336667,-95.04273056,0,8,0,0,1,1,0,1,2,1,0,1,0,0000000,99,98,99,98,88,88,0,0,0,1,0
48,480187,1,1,0,0,0,1,1,237,0,24,1,2013,5,15,50,0,4,8,FM1810,,286,33.31638611,-97.992825,0,38,0,0,1,1,0,4,1,1,0,1,0,0000000,88,88,88,88,88,88,0,0,0,1,0
48,480188,2,2,0,0,0,2,2,323,0,24,1,2013,5,4,22,1,2,2,US-277 DEL RIO BLVD,,244,28.77350556,-100.5031306,0,12,1,0,1,1,0,1,3,1,0,1,0,0000000,99,99,99,99,99,99,0,0,0,1,1
48,480189,2,2,0,0,0,3,3,123,0,25,1,2013,6,23,36,0,4,8,UA77,,54,29.23590833,-97.21253889,0,12,2,0,1,1,0,1,2,1,0,1,0,0000000,23,53,23,58,0,56,0,0,0,2,2
48,480190,1,1,0,0,0,1,1,215,0,25,1,2013,6,2,40,0,15,8,FM493,,143,26.29449722,-98.03776389,0,30,0,0,1,1,0,4,2,1,0,1,0,0000000,99,98,99,98,88,88,0,0,0,1,1
48,480191,1,1,0,0,0,4,4,419,0,25,1,2013,6,17,11,0,3,3,SR-87,,367,31.602175,-93.97095,0,1,0,0,1,1,0,1,1,1,0,1,0,0000000,17,56,18,35,19,21,0,0,0,1,0
48,480192,1,1,0,1,1,4,4,141,2190,26,1,2013,7,19,55,0,16,5,EDGEMERE BLVD,IVANHOE DR,0,31.79051111,-106.3063056,0,8,0,0,3,2,0,1,2,1,0,1,0,0000000,19,57,20,0,20,13,0,0,0,1,0
48,480193,1,1,0,1,1,1,1,201,0,26,1,2013,7,5,15,1,11,1,I-10,,427,29.77841667,-95.12273889,0,8,0,1,18,1,0,1,3,1,0,1,0,0000000,5,24,5,30,6,0,0,0,0,1,0
48,480194,1,1,0,1,1,1,1,215,50,26,1,2013,7,1,9,1,13,8,BU 83,,48,26.18104722,-98.10829722,0,8,0,0,1,1,0,1,2,1,0,1,0,0000000,99,99,99,99,99,99,0,0,0,1,1
48,480195,1,1,0,0,0,15,15,355,1550,26,1,2013,7,5,29,1,11,7,I-37,,144,27.86129444,-97.61716389,0,59,0,1,19,1,0,10,3,1,0,1,0,0000000,5,30,5,40,6,8,20,0,0,1,0
48,480196,2,2,0,0,0,5,5,473,0,26,1,2013,7,1,24,0,4,8,FM 359,FM 529,217,29.917625,-96.02332222,0,12,6,0,2,2,0,1,3,10,0,10,0,0000000,1,26,1,35,2,19,0,0,0,1,1
48,480197,2,2,0,1,1,2,2,201,3280,27,1,2013,1,5,12,1,11,7,I-10 EAST FWY,,391,29.77019444,-95.18451111,0,8,0,1,18,1,0,1,2,1,0,1,0,0000000,88,88,88,88,88,88,0,0,0,1,0
48,480198,2,2,0,0,0,2,2,309,7210,28,1,2013,2,20,2,1,13,3,SR-396 N VALLEY MILLS DR,,26,31.52894167,-97.17331111,0,12,6,0,8,1,0,1,3,1,0,1,0,0000000,20,5,20,7,20,29,0,0,0,1,0
48,480199,2,2,0,0,0,2,2,139,0,30,1,2013,4,7,32,0,3,8,FM 55 NASH RD,,92,32.21896667,-96.80463889,0,12,6,0,1,1,0,4,1,1,0,1,0,0000000,99,99,99,99,88,88,0,0,0,1,0
48,480200,4,4,0,0,0,6,6,113,2800,31,1,2013,5,22,32,1,11,1,I-30 TOM LANDRY FWY,,23,32.75859167,-96.99668333,0,12,9,1,18,1,1,1,2,1,0,1,0,0000000,22,32,22,40,99,99,3,0,0,2,1
48,480201,1,1,0,1,1,1,1,141,9997,11,1,2013,6,8,20,1,11,7,I-10/GATEWAY WEST BLVD,,421,31.62377222,-106.2123278,0,8,0,0,1,1,0,1,1,1,0,1,0,0000000,99,98,99,98,88,88,0,0,0,1,0
48,480202,2,2,0,0,0,3,3,381,150,11,1,2013,6,19,58,0,16,5,34TH AVE,MEADOW DR,0,35.17829722,-101.8792722,0,12,2,0,3,3,0,1,9,1,0,1,0,0000000,17,37,17,46,18,6,0,0,0,1,1
48,480203,1,1,0,1,1,2,2,479,3899,19,1,2013,7,19,28,0,16,5,SANTA MARIA AVE,,0,27.51090556,-99.51025833,0,8,0,0,1,1,0,1,2,1,0,1,0,0000000,19,28,19,31,19,41,0,0,0,1,0
48,480204,1,1,0,0,0,2,2,463,0,20,1,2013,1,7,58,0,4,8,FM 1049,,36,29.262875,-99.618475,0,38,0,0,1,1,0,4,2,1,0,1,0,0000000,99,99,99,99,99,99,0,0,0,1,1
48,480205,2,1,1,0,0,2,2,215,0,27,1,2013,1,4,30,0,6,4,CR-ALBERTA RD,CR-VETERANS BLVD/I RD,0,26.25241667,-98.15728611,0,44,0,0,3,2,0,1,3,1,0,1,0,0000000,99,99,99,99,99,99,14,0,0,1,1
48,480206,3,2,1,0,0,5,5,201,3280,29,1,2013,3,3,40,0,16,5,FAIRLAND DR,SUNBEAM ST,0,29.64996667,-95.37366111,0,12,6,0,2,2,0,1,3,1,0,1,0,0000000,3,41,3,47,4,14,14,0,0,1,0
48,480207,1,1,0,0,0,2,2,15,0,1,2,2013,6,16,26,0,6,4,CR-SAGE LN,,0,29.83223611,-96.16756944,0,10,0,0,6,1,0,1,1,1,0,1,0,022753S,16,26,16,32,18,19,0,0,0,1,0
48,480208,2,2,0,0,0,2,2,85,2320,1,2,2013,6,14,29,0,3,3,SR-78,,194,33.12631667,-96.40901111,0,12,2,0,1,1,0,1,1,1,0,1,0,0000000,99,99,99,99,99,99,0,0,0,1,0
48,480209,2,2,0,1,1,2,2,113,1730,1,2,2013,6,23,34,1,11,1,I-635,,103,32.92396389,-96.77858056,0,8,0,0,1,1,1,1,2,1,0,1,0,0000000,23,36,23,42,0,0,23,0,0,1,0
48,480210,2,2,0,0,0,2,2,149,6240,1,2,2013,6,21,35,0,16,5,BAUMGARTEN ST,,0,29.67668611,-96.91043333,0,12,2,0,1,1,0,1,6,1,0,1,0,0000000,21,54,22,17,22,58,0,0,0,1,1
48,480211,1,1,0,1,1,2,2,181,6350,1,2,2013,6,23,23,1,2,2,US-75,,187,33.58145278,-96.60314444,0,8,0,0,1,1,0,1,2,1,0,1,0,0000000,88,88,88,88,88,88,0,0,0,1,0
48,480212,1,1,0,1,1,1,1,265,3382,1,2,2013,6,11,10,0,16,5,3RD ST,,0,30.07891389,-99.234975,0,8,0,0,1,1,0,1,1,1,0,1,1,0000000,99,99,99,99,99,99,0,0,0,1,0
48,480213,1,1,0,0,0,2,2,291,0,1,2,2013,6,3,18,0,6,4,CR-379,,0,30.28760556,-95.13104444,0,42,0,0,1,1,0,4,2,1,0,1,0,0000000,2,7,2,19,2,42,0,0,0,1,0
48,480214,2,2,0,0,0,3,3,313,4971,1,2,2013,6,8,10,1,2,2,US-190,,147,30.9094,-96.121775,0,12,2,0,1,1,0,1,1,1,0,1,0,0000000,88,88,88,88,88,88,0,0,0,2,0
48,480215,2,2,0,0,0,3,3,401,0,1,2,2013,6,6,20,0,3,3,SR-322,,11,32.35760556,-94.72296667,0,53,0,0,1,1,0,4,2,1,0,1,0,0000000,6,25,6,50,7,20,0,0,0,1,0
48,480216,2,1,1,0,2,1,3,439,2450,1,2,2013,6,11,6,0,16,5,WHITE SETTLEMENT,,0,32.76006944,-97.39291389,0,38,0,0,1,1,0,4,1,1,0,1,0,0000000,88,88,88,88,88,88,13,14,0,1,0
48,480217,1,1,0,1,1,1,1,29,6090,2,2,2013,7,4,40,1,11,1,I-410,,202,29.52048056,-98.50529444,0,8,0,1,18,1,0,1,3,1,0,1,0,0000000,88,88,88,88,88,88,0,0,0,1,0
48,480218,1,1,0,1,1,1,1,201,0,2,2,2013,7,1,15,1,13,3,SR-6,,56,29.85749444,-95.645025,0,8,0,0,1,1,0,1,3,1,0,1,0,0000000,1,18,1,22,1,47,0,0,0,1,0
48,480219,2,2,0,0,0,8,8,201,0,2,2,2013,7,1,56,1,13,8,FM 1960,,304,29.99846111,-95.17509167,0,12,6,0,1,1,0,1,3,1,0,1,0,0000000,2,1,2,6,2,25,0,0,0,1,2
48,480220,3,3,0,0,0,7,7,201,0,2,2,2013,7,19,15,1,13,8,FM 1960,,169,30.02449167,-95.39326944,0,12,1,0,1,1,0,1,3,1,0,1,0,0000000,19,15,19,21,20,0,0,0,0,2,0
48,480222,1,1,0,0,0,1,1,303,4140,2,2,2013,7,7,48,1,13,2,US-84,,87,33.52109722,-101.7833917,0,1,0,0,1,1,0,4,2,1,0,1,0,0000000,88,88,88,88,88,88,0,0,0,1,1
48,480223,1,1,0,0,0,7,7,349,0,2,2,2013,7,8,10,1,1,1,I-45,,241,32.13728056,-96.45825833,0,1,0,0,1,1,0,3,1,1,0,1,0,0000000,8,18,8,29,9,14,0,0,0,2,0
48,480224,1,1,0,1,1,1,1,379,0,2,2,2013,7,21,0,0,4,8,FM515,,7,32.86613333,-95.72682778,0,8,0,0,1,1,0,1,2,1,0,1,0,0000000,99,98,99,98,88,88,0,0,0,1,0
48,480225,2,2,0,0,0,2,2,405,0,2,2,2013,7,4,50,1,2,2,US-96,,30,31.48988889,-94.12642778,0,12,8,0,1,1,0,1,2,1,0,1,0,0000000,99,98,99,98,88,88,0,0,0,1,1
48,480226,1,1,0,1,1,1,1,453,330,2,2,2013,7,20,52,0,16,5,S 1ST ST,,0,30.22138611,-97.77267778,0,8,0,0,1,1,0,1,3,1,0,1,0,0000000,20,52,20,59,21,12,0,0,0,1,0
48,480227,1,1,0,0,0,5,5,29,6090,3,2,2013,1,0,2,1,11,1,I-410,MARBACH,78,29.417725,-98.64950833,0,25,0,1,19,1,0,3,3,1,0,1,0,0000000,99,99,99,99,99,99,0,0,0,1,1
48,480228,1,1,0,0,0,2,2,35,0,3,2,2013,1,2,7,0,4,8,FM219,,64,31.7484,-97.79968056,0,32,0,0,1,1,0,4,2,10,0,10,0,0000000,2,22,3,0,3,33,0,0,0,1,1
48,480229,1,1,0,1,1,1,1,113,1730,3,2,2013,1,2,29,1,12,2,US-175,,74,32.70048889,-96.65018889,0,8,0,0,1,1,0,1,3,1,0,1,0,0000000,99,98,99,98,88,88,0,0,0,1,0
48,480230,2,2,0,0,0,5,5,121,0,3,2,2013,1,15,20,0,14,8,FM407 JUSTIN RD,CEDARCREST LN,92,33.07213611,-97.10875833,0,12,6,0,2,2,1,1,1,1,0,1,0,0000000,15,24,15,34,16,11,0,0,0,1,0
48,480231,2,1,1,0,1,1,2,201,3280,3,2,2013,1,10,20,1,11,1,I-45 NORTH FWY,,301,29.84130556,-95.38992222,0,25,0,0,1,1,0,3,1,1,0,1,0,0000000,99,98,99,98,88,88,0,0,0,1,0
48,480232,2,2,0,0,0,3,3,215,0,3,2,2013,1,18,25,0,15,8,FM2812 REDBIRD ST,,35,26.37882222,-98.09648056,0,12,6,0,8,1,0,1,3,1,0,1,0,0000000,99,99,99,99,99,99,0,0,0,1,0
48,480233,1,1,0,0,0,1,1,313,0,3,2,2013,1,2,9,0,3,3,SR-90,FM1452,40,30.89714444,-95.92191667,0,42,0,0,3,2,0,4,2,1,0,1,0,0000000,88,88,88,88,88,88,0,0,0,1,1
48,480234,1,1,0,0,0,1,1,325,0,3,2,2013,1,16,45,0,3,3,SR-173,,104,29.48631944,-99.11713333,0,1,0,0,1,1,0,4,1,1,0,1,0,0000000,88,88,88,88,88,88,0,0,0,1,0
48,480235,2,2,0,0,0,4,4,381,150,3,2,2013,1,21,12,0,16,5,S WASHINGTON ST,SW 41ST AVE,0,35.171025,-101.8485222,0,12,6,0,2,2,0,1,3,1,0,1,0,0000000,99,99,99,99,99,99,0,0,0,1,0
48,480236,1,1,0,0,0,5,5,401,0,3,2,2013,1,22,0,1,2,2,US-259,,28,32.22917222,-94.84941944,0,1,0,0,1,1,0,3,2,1,0,1,0,0000000,22,3,22,27,22,59,0,0,0,2,0
48,480237,1,1,0,0,0,1,1,435,0,3,2,2013,1,1,0,0,4,8,RM864,,54,30.59501389,-100.51805,0,1,0,0,1,1,0,4,2,1,0,1,0,0000000,88,88,88,88,88,88,0,0,0,1,1
48,480238,1,1,0,0,0,3,3,29,6090,4,2,2013,2,0,52,0,16,5,CUPPLES RD,,0,29.38681944,-98.55055556,0,26,0,1,19,1,0,3,6,1,0,1,0,0000000,1,21,1,39,2,0,0,0,0,2,1
48,480239,3,3,0,0,0,4,4,145,0,4,2,2013,2,15,38,0,4,8,FM147,,40,31.33875556,-96.84392778,0,12,8,0,1,1,0,1,1,1,0,1,0,0000000,15,47,16,11,16,51,0,0,0,2,0
48,480240,1,1,0,0,0,1,1,349,0,4,2,2013,2,13,3,1,1,1,I-45,,12,31.88726111,-96.35301389,0,1,0,0,1,1,0,4,1,1,0,1,0,0000000,88,88,88,88,88,88,0,0,0,1,0
48,480241,1,1,0,0,0,1,1,411,0,4,2,2013,2,16,45,0,4,8,RM501,,98,31.02783056,-98.57593611,0,42,0,0,1,1,0,4,1,1,0,1,0,0000000,17,17,17,57,18,45,0,0,0,1,0
48,480242,2,2,0,0,0,2,2,439,2450,4,2,2013,2,2,38,1,11,1,I-30,,162,32.749675,-97.28625556,0,12,2,0,1,1,0,1,3,1,0,1,0,0000000,99,98,99,98,88,88,0,0,0,2,1
48,480243,2,2,0,0,0,2,2,497,0,4,2,2013,2,6,38,0,3,3,SR-114,CR-3341,214,33.16779167,-97.70615,0,12,6,0,2,2,0,1,2,10,0,10,0,0000000,6,41,6,53,7,42,0,0,0,1,0
48,480245,2,2,0,0,0,2,2,39,4306,5,2,2013,3,5,32,1,13,3,SR-6 MORRIS AVE,,49,29.47430556,-95.37722222,0,12,6,0,1,1,0,1,2,5,0,5,0,0000000,99,98,99,98,88,88,0,0,0,1,0
48,480246,1,1,0,0,0,2,2,201,0,5,2,2013,3,22,2,0,6,4,CR-HIGH STONE,,0,29.8742,-95.72541389,0,33,0,0,1,1,0,4,3,1,0,1,0,0000000,22,3,22,8,22,41,0,0,0,1,0
48,480247,2,2,0,0,0,2,2,201,0,5,2,2013,3,16,50,1,13,8,FM1960,WOODEDGE DR,40,29.94465,-95.56578333,0,12,6,0,2,3,0,1,1,1,0,1,0,0000000,16,57,17,6,17,41,0,0,0,1,0
48,480248,3,3,0,0,0,3,3,329,4560,5,2,2013,3,16,7,1,12,7,SL250,BS349 N BIG SPRING ST,207,32.04303056,-102.0854111,0,12,6,1,2,2,0,1,1,1,0,1,0,0000000,99,98,99,98,88,88,0,0,0,1,0
48,480249,2,2,0,0,0,3,3,89,0,6,2,2013,4,11,37,0,3,3,SR-71,,69,29.49731944,-96.42045,0,12,6,0,1,1,0,1,1,2,0,2,0,0000000,99,99,11,45,12,29,0,0,0,2,0
48,480250,2,2,0,0,0,2,2,397,2330,6,2,2013,4,8,54,0,4,3,SR-66 HOLIDAY,,73,32.93610556,-96.41260278,0,12,6,0,8,1,0,1,1,1,0,1,0,0000000,8,56,9,1,9,27,0,0,0,1,0
48,480251,1,1,0,0,0,1,1,423,0,6,2,2013,4,23,40,1,13,3,SR-64/ERWIN ST,,56,32.35982222,-95.38343056,0,42,0,0,1,1,0,5,2,10,0,10,0,0000000,88,88,88,88,88,88,0,0,0,1,0
48,480252,1,1,0,1,1,1,1,453,330,6,2,2013,4,20,10,1,12,8,SL 1/MOPAC BLVD,,121,30.31935833,-97.75618056,0,8,0,0,1,1,0,1,3,10,0,10,0,0000000,99,98,99,98,88,88,0,0,0,1,0
48,480253,1,1,0,0,0,1,1,201,3280,7,2,2013,5,1,58,0,16,5,HARDY RD,,0,29.85114444,-95.35950556,0,42,0,0,1,1,0,4,3,1,0,1,0,0000000,88,88,88,88,88,88,20,0,0,1,1
48,480254,2,2,0,0,0,2,2,331,0,7,2,2013,5,7,25,0,4,8,FM 485,,5,30.94836944,-97.07219444,0,12,6,0,1,1,0,1,1,10,0,10,0,0000000,99,99,99,99,99,99,0,0,0,1,0
48,480255,1,1,0,0,0,1,1,439,2450,7,2,2013,5,1,44,0,16,5,OVERTON PARK DR,,0,32.70283056,-97.38267778,0,42,0,0,1,1,0,4,2,1,0,1,0,0000000,1,45,1,49,2,16,20,0,0,1,1
48,480256,1,1,0,0,0,1,1,467,0,7,2,2013,5,11,0,0,6,4,CR-1507,,0,32.60102222,-95.62137222,0,42,0,0,1,1,0,4,1,10,0,10,0,0000000,88,88,88,88,88,88,0,0,0,1,0
48,480257,1,1,0,1,1,1,1,473,0,7,2,2013,5,20,32,1,1,7,I-10,,26,29.78164722,-95.99381667,0,8,0,0,1,1,0,1,2,1,0,1,0,0000000,99,98,99,98,88,88,0,0,0,1,0
48,480258,1,1,0,0,0,3,3,303,0,8,2,2013,6,17,50,0,6,4,CR-7900/210TH ST,,0,33.39969444,-101.8278,0,1,0,0,1,1,0,4,1,1,0,1,0,0000000,17,51,18,3,18,38,0,0,0,1,0
48,480259,1,1,0,0,0,1,1,367,9997,8,2,2013,6,10,22,1,1,7,I-20,,255,32.752325,-97.69104444,0,24,0,1,5,1,0,4,1,1,0,1,0,0000000,88,88,88,88,88,88,0,0,0,1,0
48,480260,2,2,0,0,0,4,4,141,2190,9,2,2013,7,22,36,1,11,1,I-10,,248,31.77988889,-106.4179389,0,12,7,0,1,1,0,1,3,1,0,1,0,0000000,22,35,23,7,23,26,0,0,0,1,1
48,480261,1,1,0,0,0,1,1,139,7270,9,2,2013,7,2,18,0,14,8,FM387 E BUTCHER RD,COVENTRY LN,24,32.45896667,-96.82165278,0,32,0,0,1,1,0,4,2,1,0,1,0,0000000,99,99,99,99,3,13,0,0,0,1,1
48,480263,1,1,0,0,0,1,1,289,0,9,2,2013,7,20,30,0,3,3,SR-7,,33,31.27246944,-95.92571944,0,1,0,0,1,1,0,4,2,10,0,10,0,0000000,99,99,99,99,99,99,0,0,0,1,1
48,480264,1,1,0,1,1,1,1,355,1550,9,2,2013,7,20,58,0,16,5,WALDRON RD,,0,27.65840833,-97.288675,0,8,0,0,1,1,0,1,3,1,0,1,0,0000000,99,99,99,99,99,99,0,0,0,1,1
48,480265,1,1,0,0,0,1,1,491,0,9,2,2013,7,16,24,0,4,8,FM112,,187,30.47726389,-97.16680556,0,1,0,0,1,1,0,1,1,1,0,1,0,0000000,88,88,88,88,88,88,0,0,0,1,1
48,480266,2,2,0,0,0,4,4,29,6090,10,2,2013,1,13,47,1,12,2,US-90,,89,29.39606389,-98.51701389,0,12,1,0,1,1,0,1,1,10,0,10,0,0000000,99,99,99,99,99,99,23,0,0,1,1
48,480267,2,2,0,0,0,2,2,39,190,10,2,2013,1,0,21,1,13,7,SL274,W MAGNOLIA ST,5,29.16639167,-95.43361111,0,34,0,0,3,3,0,10,2,10,0,10,0,0000000,0,22,0,27,0,54,0,0,0,1,0
48,480268,1,1,0,0,0,1,1,167,2570,10,2,2013,1,22,11,0,4,8,FM3005,,114,29.17723333,-94.9822,0,43,0,0,1,1,0,5,3,1,0,1,0,0000000,88,88,88,88,88,88,0,0,0,1,0
48,480269,1,1,0,1,1,1,1,201,0,10,2,2013,1,4,30,0,6,4,CR-FAIRBANKS NORTH HOUSTON RD,,0,29.866825,-95.52439444,0,8,0,0,1,1,0,1,2,10,0,10,0,0000000,4,39,4,47,5,24,0,0,0,1,0
48,480271,1,1,0,0,0,5,5,297,0,10,2,2013,1,6,59,1,2,2,US-59,,31,28.34488611,-97.93382778,0,42,0,0,1,1,0,4,2,1,0,1,0,0000000,99,99,99,99,99,99,0,0,0,4,0
48,480272,2,2,0,0,0,5,5,439,2450,10,2,2013,1,0,9,1,11,7,I-35,,59,32.62389444,-97.32115278,0,12,6,0,1,1,0,1,3,10,0,10,0,0000000,99,98,99,98,88,88,0,0,0,1,0
48,480273,1,1,0,0,0,1,1,471,0,10,2,2013,1,5,53,1,1,1,I-45,,78,30.62456944,-95.50732778,0,1,0,0,1,1,0,4,4,10,0,10,0,0000000,99,99,99,99,99,99,0,0,0,1,1
48,480274,2,2,0,0,0,3,3,479,0,11,2,2013,2,15,20,1,2,7,I-35,SR-255,225,27.82891944,-99.41161667,0,12,6,0,2,2,0,1,1,10,0,10,0,0000000,99,99,99,99,99,99,0,0,0,1,0
48,480275,1,1,0,0,0,10,10,479,0,10,2,2013,1,23,30,0,6,4,CR-WORSMER RD,,0,27.42071667,-99.34308889,0,1,0,0,1,1,0,4,2,1,0,1,0,0000000,99,99,99,99,99,99,0,0,0,1,1
48,480276,1,1,0,0,0,1,1,201,3280,12,2,2013,3,15,25,0,16,5,SMITH,,0,29.74917222,-95.37615833,0,42,0,0,1,1,0,4,1,10,0,10,0,0000000,15,39,15,55,16,14,0,0,0,1,1
48,480277,1,1,0,1,1,1,1,287,0,12,2,2013,3,2,35,0,3,2,US-77,,24,30.50854444,-96.98516389,0,8,0,0,1,1,0,1,2,2,0,2,0,0000000,99,98,99,98,88,88,0,0,0,1,0
48,480278,1,1,0,1,1,2,2,363,0,12,2,2013,3,4,25,1,1,1,I-20,,194,32.62542778,-98.08063889,0,8,0,0,1,1,0,1,2,1,0,1,0,0000000,99,98,99,98,88,88,23,0,0,1,0
48,480279,3,3,0,0,0,3,3,453,330,12,2,2013,3,10,58,1,13,8,RM 2222,,78,30.34086944,-97.76835833,0,12,2,0,1,1,0,1,1,10,0,10,0,0000000,10,58,11,8,11,29,0,0,0,1,0
48,480280,3,1,2,3,3,1,1,201,0,13,2,2013,4,15,57,1,11,1,I-45,,460,30.06828611,-95.43459444,0,14,0,0,1,1,0,2,1,1,0,1,0,0000000,15,52,16,8,16,35,14,15,0,1,0
48,480281,2,2,0,0,0,2,2,141,9997,7,1,2013,2,20,46,1,11,7,I-10,,388,31.65740833,-106.2387,0,12,1,0,1,1,0,1,3,10,0,10,0,0000000,99,98,99,98,88,88,0,0,0,1,0
48,480282,1,1,0,0,0,1,1,243,2432,16,1,2013,4,13,57,0,3,3,SR-17,,113,30.77198056,-103.7539361,0,1,0,0,1,1,0,4,1,1,0,1,0,0000000,88,88,88,88,88,88,0,0,0,1,0
48,480283,1,1,0,0,0,1,1,243,0,18,1,2013,6,14,0,0,4,3,SR-166,,670,30.54176111,-103.9837861,0,38,0,0,1,1,0,4,1,1,0,1,0,0000000,88,88,88,88,88,88,0,0,0,1,0
48,480284,1,1,0,1,1,3,3,309,7210,18,1,2013,6,13,25,1,11,1,I-35,,168,31.56988889,-97.11626111,0,8,0,0,1,1,0,1,1,1,0,1,0,0000000,13,32,13,38,14,46,0,0,0,1,0
48,480285,1,1,0,0,0,1,1,85,0,19,1,2013,7,19,27,0,5,8,FM 2933,CR-413,9,33.26884167,-96.54765278,0,43,0,0,3,3,0,5,2,1,0,1,0,0000000,19,41,19,55,20,23,0,0,0,1,1
48,480286,2,1,1,0,1,1,2,85,5730,20,1,2013,1,0,58,1,12,3,SR-190/PRESIDENT GEORGE BUSH,,107,33.00202222,-96.68076389,0,14,0,0,1,1,0,2,3,1,0,1,0,0000000,99,98,99,98,88,88,0,0,0,1,1
48,480287,1,1,0,0,0,1,1,181,0,22,1,2013,3,18,40,0,4,8,BU-377,,49,33.60413333,-96.91234722,0,1,0,0,1,1,0,4,2,1,0,1,0,0000000,88,88,88,88,88,88,0,0,0,1,1
48,480288,2,2,0,0,0,2,2,339,0,24,1,2013,5,19,30,0,3,8,FM 1314,,147,30.15748611,-95.30879722,0,12,6,0,8,1,0,1,3,1,0,1,0,0000000,99,98,99,98,88,88,0,0,0,1,1
48,480289,2,2,0,0,0,7,7,441,0,25,1,2013,6,20,21,0,3,3,SR-36,CR-107/POTOSI RD,117,32.38152778,-99.65685,0,12,2,0,2,2,0,1,2,1,0,1,0,0000000,20,25,20,39,21,48,0,0,0,2,1
48,480290,2,2,0,0,0,3,3,165,0,27,1,2013,1,2,16,1,2,2,US-62,CR-307,217,32.72516944,-102.7086889,0,12,6,0,2,2,0,1,2,10,0,10,0,0000000,2,16,2,24,2,59,0,0,0,1,1
48,480291,2,2,0,0,0,2,2,201,0,27,1,2013,1,8,36,0,6,4,CR-LOUETTA RD,,0,30.01965278,-95.52636667,0,1,0,0,8,1,0,1,1,10,0,10,0,0000000,88,88,88,88,88,88,13,0,0,1,0
48,480292,2,2,0,0,0,4,4,59,0,28,1,2013,2,15,57,0,3,3,SR-36,,258,32.16414167,-99.26571389,0,12,2,0,1,1,0,1,1,1,0,1,0,0000000,99,99,99,99,99,99,0,0,0,3,0
48,480293,2,2,0,0,0,2,2,181,0,28,1,2013,2,9,30,1,2,3,SR-56,CR-JP CAVE RD,243,33.63527778,-96.53720278,0,12,6,0,2,3,0,1,1,10,0,10,0,0000000,9,38,9,58,10,27,0,0,0,1,0
48,480294,1,1,0,0,0,6,6,207,0,28,1,2013,2,8,30,0,4,8,FM 600,,102,33.04328333,-99.664825,0,1,0,0,1,1,0,4,1,1,0,1,0,0000000,8,48,9,15,10,15,0,0,0,1,0
48,480295,1,1,0,0,0,1,1,207,0,29,1,2013,3,7,36,1,2,2,US-277,,253,33.05258333,-99.76443056,0,1,0,0,1,1,0,4,4,2,0,2,0,0000000,7,43,7,58,8,20,0,0,0,1,0
48,480296,2,2,0,0,0,3,3,253,0,29,1,2013,3,19,0,1,2,2,US-83,,396,32.53156111,-99.76138889,0,12,6,0,7,1,0,1,2,10,7,7,0,0000000,19,6,19,18,19,35,0,0,0,1,0
48,480297,2,2,0,0,0,2,2,309,7210,30,1,2013,4,16,9,0,16,5,OLD LORENA RD,,0,31.47548889,-97.28171111,0,12,2,0,1,1,0,1,1,1,0,1,0,0000000,99,99,99,99,99,99,0,0,0,2,0
48,480298,2,2,0,0,0,2,2,135,0,31,1,2013,5,11,15,1,13,3,SR-302,CR-10TH,26,31.83961111,-102.4086444,0,12,6,0,2,2,0,1,1,1,0,1,0,0000000,11,41,11,48,12,3,0,0,0,1,0