STATE,ST_CASE,VE_TOTAL,VE_FORMS,PVH_INVL,PEDS,PERNOTMVIT,PERMVIT,PERSONS,COUNTY,CITY,DAY,MONTH,YEAR,DAY_WEEK,HOUR,MINUTE,NHS,ROAD_FNC,ROUTE,TWAY_ID,TWAY_ID2,MILEPT,LATITUDE,LONGITUD,SP_JUR,HARM_EV,MAN_COLL,RELJCT1,RELJCT2,TYP_INT,WRK_ZONE,REL_ROAD,LGT_COND,WEATHER1,WEATHER2,WEATHER,SCH_BUS,RAIL,NOT_HOUR,NOT_MIN,ARR_HOUR,ARR_MIN,HOSP_HR,HOSP_MN,CF1,CF2,CF3,FATALS,DRUNK_DR
48,480299,2,2,0,0,0,2,2,507,0,31,1,2013,5,12,0,0,4,8,FM 1025,FM 117,172,28.87375278,-99.60261944,0,12,6,0,2,4,0,1,1,1,0,1,0,0000000,99,99,99,99,99,99,0,0,0,1,0
48,480300,1,1,0,0,0,1,1,457,0,15,2,2013,6,11,40,1,2,2,US-69,,52,30.70960278,-94.41164722,0,38,0,0,1,1,0,4,1,1,0,1,0,0000000,88,88,88,88,88,88,23,0,0,1,0
48,480301,1,1,0,1,1,1,1,29,6090,16,2,2013,7,2,33,1,11,1,I-410,,148,29.48944444,-98.57370556,0,8,0,1,18,1,0,1,3,1,0,1,0,0000000,99,99,99,99,88,88,0,0,0,1,0
48,480302,2,2,0,0,0,4,4,207,0,16,2,2013,7,22,10,1,2,2,US-277,,30,33.37106111,-99.65190833,0,12,2,0,1,1,0,1,2,1,0,1,0,0000000,22,19,22,37,23,22,0,0,0,1,1
48,480303,1,1,0,0,0,1,1,259,0,16,2,2013,7,1,0,0,4,8,RM-474,,80,29.88225833,-98.67203611,0,53,0,0,1,1,0,4,2,1,0,1,0,0000000,88,88,88,88,88,88,0,0,0,1,1
48,480304,1,1,0,0,0,1,1,367,0,16,2,2013,7,13,40,0,6,4,CR-HILLTOP MEADOWS DR,,0,32.92474167,-97.639,0,53,0,0,1,1,0,4,1,1,0,1,0,0000000,88,88,88,88,88,88,0,0,0,1,0
48,480305,1,1,0,1,1,3,3,453,0,16,2,2013,7,19,11,1,2,3,SR-71,,63,30.35323889,-98.06475833,0,8,0,0,1,1,0,1,2,1,0,1,0,0000000,99,99,99,99,88,88,0,0,0,1,0
48,480306,1,1,0,0,0,1,1,493,0,16,2,2013,7,6,55,0,4,3,SR-80,,34,29.21509444,-97.74313889,0,1,0,0,1,1,0,4,4,1,0,1,0,0000000,88,88,88,88,88,88,0,0,0,1,1
48,480307,2,2,0,0,0,3,3,245,0,17,2,2013,1,7,20,1,2,3,SR-73,,72,29.82571667,-94.26490833,0,12,1,0,1,1,0,1,1,1,0,1,0,0000000,7,23,7,35,8,20,0,0,0,1,0
48,480308,1,1,0,0,0,1,1,251,0,17,2,2013,1,4,42,0,6,4,CR-308,,0,32.31919444,-97.24408056,0,1,0,0,1,1,0,4,2,1,0,1,0,0000000,88,88,88,88,88,88,0,0,0,1,0
48,480309,1,1,0,0,0,2,2,339,0,17,2,2013,1,17,0,0,6,4,CR-NAVAJO LN,,0,30.15141389,-95.60731667,0,1,0,0,1,1,0,4,1,1,0,1,0,0000000,99,98,99,98,88,88,0,0,0,1,0
48,480310,2,2,0,0,0,2,2,423,7070,17,2,2013,1,1,0,1,2,3,SR-31,,38,32.32923333,-95.41726944,0,12,1,0,1,1,0,1,2,10,0,10,0,0000000,99,98,99,98,88,88,0,0,0,1,1
48,480311,1,1,0,1,1,1,1,453,330,17,2,2013,1,23,13,1,11,7,I-35,,233,30.34020278,-97.70001389,0,8,0,0,1,1,0,1,3,1,0,1,0,0000000,99,98,99,98,88,88,0,0,0,1,0
48,480312,1,1,0,0,0,1,1,73,0,18,2,2013,2,21,0,0,5,8,FM856,,21,32.07669167,-95.04207778,0,42,0,0,1,1,0,4,2,10,0,10,0,0000000,88,88,88,88,88,88,0,0,0,1,0
48,480313,3,3,0,0,0,4,4,113,3420,18,2,2013,2,20,49,0,16,5,S BELTLINE RD,S TRINITY BLVD,0,32.79868333,-96.99453333,0,12,1,0,3,3,0,1,3,1,0,1,0,0000000,20,50,20,55,21,15,0,0,0,1,1
48,480314,1,1,0,0,0,2,2,299,0,18,2,2013,2,6,54,0,4,3,SR-16,,23,30.88585,-98.65612778,0,1,0,0,1,1,0,4,2,10,0,10,0,0000000,7,1,7,27,8,20,0,0,0,1,0
48,480315,1,1,0,0,0,1,1,13,0,19,2,2013,3,5,19,0,4,8,FM1333,,99,28.9693,-98.72363611,0,1,0,0,1,1,0,4,2,1,0,1,0,0000000,88,88,88,88,88,88,0,0,0,1,0
48,480316,1,1,0,1,1,1,1,29,6090,19,2,2013,3,23,41,0,16,5,E MULBERRY AVE,,0,29.45685278,-98.47898611,0,8,0,0,1,1,0,4,3,1,0,1,0,0000000,23,42,23,48,0,13,0,0,0,1,1
48,480317,2,2,0,0,0,6,6,29,6090,19,2,2013,3,11,45,1,12,7,SL1604,FM1560,14,29.57012222,-98.65048611,0,12,6,1,2,2,0,1,1,1,0,1,0,0000000,11,45,11,56,12,25,0,0,0,2,0
48,480318,2,1,1,0,0,1,1,113,2800,19,2,2013,3,11,44,1,12,3,SR-161,,187,32.80463333,-97.01824722,0,14,0,0,1,1,0,2,1,1,0,1,0,0000000,99,98,99,98,88,88,0,0,0,1,0
48,480319,2,2,0,0,0,2,2,173,0,19,2,2013,3,18,40,0,4,8,RM33,,273,31.70848889,-101.4619361,0,12,2,0,1,1,0,1,1,2,0,2,0,0000000,99,98,99,98,88,88,0,0,0,1,0
48,480320,2,2,0,1,1,4,4,245,0,19,2,2013,3,7,52,0,3,2,US-90,,114,30.06078056,-94.24068056,0,10,0,0,6,1,0,1,1,1,0,1,0,762730C,8,18,8,28,8,48,14,0,0,1,0
48,480321,1,1,0,0,0,1,1,423,0,19,2,2013,3,0,30,1,2,2,US-69,,60,32.45010278,-95.37623889,0,42,0,0,1,1,0,4,2,1,0,1,0,0000000,88,88,88,88,88,88,0,0,0,1,0
48,480322,1,1,0,0,0,1,1,29,6090,20,2,2013,4,21,5,0,16,5,CROSSWIND WAY,,0,29.543575,-98.37848889,0,33,0,0,1,1,0,4,2,10,0,10,0,0000000,88,88,88,88,88,88,0,0,0,1,0
48,480323,1,1,0,1,1,1,1,113,2590,20,2,2013,4,6,17,1,14,3,SR-78 S. GARLAND AVE,,87,32.88824167,-96.65339444,0,8,0,0,1,1,0,1,2,2,0,2,0,0000000,6,17,6,23,6,37,0,0,0,1,0
48,480324,1,1,0,0,0,1,1,177,0,20,2,2013,4,10,35,0,3,8,BU 90A,,139,29.50578333,-97.51234167,0,1,0,0,1,1,0,4,1,2,0,2,0,0000000,88,88,88,88,88,88,0,0,0,1,0
48,480325,1,1,0,0,0,1,1,457,0,20,2,2013,4,23,40,0,4,8,FM 1943,,111,30.56420278,-94.25071667,0,18,0,0,1,1,0,1,2,1,0,1,0,0000000,99,98,99,98,88,88,0,0,0,1,0
48,480326,1,1,0,0,0,6,6,209,0,21,2,2013,5,14,13,0,6,4,CR-FITZHUGH RD,,0,30.25459167,-98.11459167,0,1,0,0,1,1,0,4,1,1,0,1,0,0000000,14,14,14,35,15,58,0,0,0,1,0
48,480327,2,2,0,0,0,2,2,257,0,21,2,2013,5,5,13,1,2,2,US-175,CR-156,97,32.52054167,-96.26988611,0,12,6,0,2,2,0,1,2,2,0,2,0,0000000,88,88,88,88,88,88,0,0,0,1,0
48,480328,1,1,0,0,0,2,2,29,6090,22,2,2013,6,3,19,1,11,7,I-10,,155,29.53942778,-98.57142778,0,33,0,1,19,1,0,8,3,1,0,1,0,0000000,3,18,3,22,3,50,0,0,0,2,1
48,480329,3,3,0,0,0,9,9,89,0,22,2,2013,6,15,45,0,3,3,SR-71,,41,29.66492222,-96.53191944,0,12,1,0,8,1,0,1,1,1,0,1,0,0000000,15,45,15,55,16,28,0,0,0,2,0
48,480330,2,2,0,0,0,6,6,201,3280,22,2,2013,6,19,11,0,16,5,GENOA RED BLUFF,OLD GENOA RED BLUFF,0,29.63025833,-95.18231667,0,12,6,0,2,3,0,1,2,10,0,10,0,0000000,88,88,88,88,88,88,0,0,0,1,1
48,480331,1,1,0,0,0,1,1,231,0,22,2,2013,6,6,55,0,4,8,FM 2101,,81,32.982,-96.0578,0,38,0,0,1,1,0,4,2,1,0,1,0,0000000,88,88,88,88,88,88,0,0,0,1,0
48,480332,1,1,0,0,0,1,1,25,0,22,2,2013,6,7,19,0,4,8,FM 623,,109,28.57468056,-97.85148889,0,23,0,0,1,1,0,4,1,1,0,1,0,0000000,88,88,88,88,88,88,0,0,0,1,0
48,480333,1,1,0,1,1,1,1,453,330,22,2,2013,6,3,49,1,11,7,I-35,,106,30.17670556,-97.78013611,0,8,0,0,1,1,0,1,2,1,0,1,0,0000000,99,99,99,99,88,88,0,0,0,1,0
48,480334,1,1,0,0,0,2,2,183,0,23,2,2013,7,13,5,0,6,4,CR-OLD HIGHWAY 135,,0,32.41108889,-94.92376111,0,1,0,0,1,1,0,4,1,1,0,1,0,0000000,13,5,13,12,13,52,0,0,0,1,0
48,480335,1,1,0,1,1,1,1,201,3280,23,2,2013,7,14,47,0,16,5,65TH ST,,0,29.73954167,-95.31116111,0,8,0,0,4,1,0,1,1,1,0,1,0,0000000,14,47,14,51,15,52,0,0,0,1,0
48,480336,1,1,0,0,0,1,1,209,0,23,2,2013,7,13,6,0,4,8,RM 150,,10,30.15953056,-98.07558333,0,17,0,0,1,1,0,4,1,1,0,1,0,0000000,99,99,99,99,99,96,0,0,0,1,0
48,480337,2,2,0,0,0,2,2,329,0,23,2,2013,7,8,40,1,2,3,SR-158,CR-BRIARWODD AVE,62,32.01462222,-102.2105389,0,12,6,0,2,2,0,1,1,1,0,1,0,0000000,8,39,8,47,9,7,0,0,0,1,0
48,480338,2,2,0,1,1,6,6,157,0,24,2,2013,1,18,45,1,13,3,SR-6,,29,29.64936111,-95.65092222,0,12,1,0,1,1,0,1,3,1,0,1,0,0000000,19,12,19,22,19,54,23,0,0,1,0
48,480339,1,1,0,0,0,2,2,303,4140,24,2,2013,1,1,40,0,16,5,KENT ST,,0,33.63585,-101.8553417,0,1,0,0,1,1,0,4,2,1,0,1,0,0000000,99,99,99,99,88,88,0,0,0,2,1
48,480340,1,1,0,1,1,1,1,29,6090,25,2,2013,2,4,35,1,11,1,I-37,,94,29.33391667,-98.41861667,0,8,0,0,1,1,0,1,3,10,0,10,0,0000000,99,99,99,99,88,88,0,0,0,1,0
48,480341,2,2,0,0,0,6,6,29,6090,25,2,2013,2,13,5,0,16,5,GENERAL MCMULLEN,,0,29.43291667,-98.55388056,0,12,6,0,8,1,0,1,1,1,0,1,0,0000000,13,7,13,12,13,41,0,0,0,1,0
48,480342,2,2,0,0,0,2,2,365,0,26,2,2013,3,7,51,0,4,8,FM 699,FM 2517,100,32.11010833,-94.27726389,0,12,6,0,2,2,0,1,1,1,0,1,0,0000000,99,98,99,98,88,88,0,0,0,1,0
48,480343,1,1,0,1,1,4,4,29,6090,27,2,2013,4,19,37,1,13,8,FM-78,,124,29.47622778,-98.37013611,0,9,0,0,1,1,0,1,2,1,0,1,0,0000000,99,99,99,99,88,88,0,0,0,1,0
48,480344,1,1,0,0,0,1,1,85,92,27,2,2013,4,22,22,0,16,5,WATTERS RD,,0,33.10278889,-96.68477778,0,42,0,0,1,1,0,4,3,1,0,1,0,0000000,22,25,22,29,22,53,0,0,0,1,1
48,480345,1,1,0,0,0,1,1,423,7070,27,2,2013,4,20,55,1,13,8,SL 323,FM 2493,49,32.30347778,-95.32274722,0,46,0,0,3,2,0,3,3,1,0,1,0,0000000,88,88,88,88,88,88,0,0,0,1,1
48,480346,2,2,0,0,0,3,3,77,0,28,2,2013,5,7,5,0,4,8,FM-1954,,2,33.80250833,-98.41945,0,12,2,0,1,1,0,1,1,1,0,1,0,0000000,7,14,7,28,7,53,0,0,0,2,0
48,480347,1,1,0,0,0,1,1,493,0,28,2,2013,5,9,59,0,4,8,FM-541,,39,29.08163889,-98.05614722,0,59,0,0,1,1,0,4,1,1,0,1,0,0000000,10,43,11,3,11,42,0,0,0,1,0
48,480348,1,1,0,0,0,1,1,201,3280,13,2,2013,4,14,45,1,12,3,SR-288,,75,29.64984722,-95.38705278,0,24,0,0,1,1,0,4,1,1,0,1,0,0000000,88,88,88,88,88,88,0,0,0,1,0
48,480349,1,1,0,1,1,1,1,201,3280,13,2,2013,4,21,55,0,16,5,ELYSIAN ST,,0,29.77588056,-95.35051111,0,8,0,0,1,1,0,1,3,1,0,1,0,0000000,99,98,99,98,88,88,0,0,0,1,0
48,480350,2,2,0,0,0,2,2,201,5230,13,2,2013,4,8,40,1,13,3,SR-NASA RD 1,,82,29.56670556,-95.06225278,0,12,2,0,1,1,0,1,1,10,0,10,0,0000000,8,57,9,9,9,46,0,0,0,1,0
48,480352,1,1,0,1,1,1,1,439,2450,13,2,2013,4,20,8,1,13,8,SS580 CAMP BOWIE BLVD,,47,32.724425,-97.46727778,0,8,0,0,1,1,0,1,2,1,0,1,0,0000000,99,99,99,99,20,37,0,0,0,1,0
48,480353,2,2,0,0,0,2,2,467,0,13,2,2013,4,22,12,0,3,3,SR-19,FM1861,227,32.36059444,-95.84804444,0,12,6,0,2,2,0,1,2,1,0,1,0,0000000,99,98,99,98,88,88,0,0,0,1,1
48,480354,1,1,0,0,0,1,1,113,1730,14,2,2013,5,6,15,1,13,7,SS348,,219,32.86460278,-96.89965278,0,5,0,0,1,1,0,1,3,1,0,1,0,0000000,88,88,88,88,88,88,0,0,0,1,0
48,480355,1,1,0,1,1,1,1,135,5030,14,2,2013,5,20,27,1,13,2,US-385,ORCHARD ST,202,31.874825,-102.3824472,0,8,0,0,3,3,0,1,3,1,0,1,0,0000000,99,98,99,98,88,88,0,0,0,1,0
48,480356,1,1,0,0,0,1,1,157,0,14,2,2013,5,14,15,0,14,8,FM2759,,16,29.53365,-95.673,0,42,0,0,1,1,0,4,1,1,0,1,0,0000000,14,22,14,38,15,19,0,0,0,1,0
48,480357,2,2,0,0,0,6,6,157,0,14,2,2013,5,18,50,1,12,3,SR-99,HARLEM RD,72,29.65722778,-95.71476389,0,12,6,1,2,2,0,1,3,1,0,1,0,0000000,99,98,99,98,88,88,0,0,0,1,0
48,480358,2,2,0,0,0,3,3,201,0,14,2,2013,5,2,15,1,12,8,SL8 N SAM HOUSTON PKWY,BAMMEL N HOUSTON RD,8,29.93691389,-95.49793333,0,12,6,1,2,2,0,1,3,1,0,1,0,0000000,2,20,2,28,3,15,0,0,0,2,0
48,480359,1,1,0,1,1,1,1,201,0,14,2,2013,5,20,15,0,6,4,CR-ALDINE MAIL RD,,0,29.90224722,-95.36590278,0,8,0,0,1,1,1,1,2,1,0,1,0,0000000,20,22,20,24,20,57,0,0,0,1,0
48,480360,1,1,0,0,0,1,1,355,1550,14,2,2013,5,1,39,0,16,5,MORGAN AVE,,0,27.77800833,-97.41978889,0,42,0,0,1,1,0,4,3,1,0,1,0,0000000,88,88,88,88,88,88,0,0,0,1,1
48,480361,2,2,0,0,0,3,3,485,7490,14,2,2013,5,21,19,1,12,2,US-82,,306,33.89164444,-98.50869722,0,12,2,0,1,1,0,1,2,1,0,1,0,0000000,21,22,21,28,21,55,0,0,0,2,1
48,480362,2,2,0,0,0,2,2,505,7660,14,2,2013,5,16,10,1,2,2,US-83,PARK DR,339,26.86831111,-99.25464167,0,12,9,0,2,2,0,1,1,1,0,1,0,0000000,16,19,16,23,17,34,0,0,0,1,1
48,480363,2,2,0,0,0,5,5,29,0,15,2,2013,6,15,10,1,1,7,I-10,,195,29.48900556,-98.21954722,0,12,2,0,1,1,0,1,1,1,0,1,0,0000000,15,12,15,24,16,19,0,0,0,1,0
48,480364,1,1,0,1,1,2,2,61,940,15,2,2013,6,18,17,0,16,5,E JACKSON ST,,0,25.90292222,-97.49190833,0,8,0,0,8,1,0,1,5,10,0,10,0,0000000,99,98,99,98,88,88,0,0,0,1,0
48,480365,1,1,0,0,0,1,1,309,7210,1,2,2013,6,22,45,0,14,8,FM1637 N 18TH ST,,172,31.57446389,-97.16714444,0,24,0,0,1,1,0,4,3,1,0,1,0,0000000,22,50,22,52,23,24,0,0,0,1,0
48,480366,2,2,0,0,0,3,3,479,0,2,2,2013,7,16,55,1,1,1,I-35,,135,27.84491944,-99.40629444,0,12,6,0,1,1,0,1,1,1,0,1,0,0000000,99,99,99,99,99,99,0,0,0,1,0
48,480367,1,1,0,1,1,1,1,215,1970,3,2,2013,1,5,50,0,14,8,FM493,,224,26.17771667,-98.04150833,0,8,0,0,1,1,0,1,2,98,0,98,0,0000000,99,98,99,98,88,88,0,0,0,1,0
48,480368,1,1,0,0,0,2,2,305,0,3,2,2013,1,13,20,0,4,8,FM179,,40,32.96508333,-102.0320944,0,1,0,0,1,1,0,4,1,1,0,1,0,0000000,13,52,14,30,14,56,0,0,0,1,0
48,480369,1,1,0,0,0,3,3,177,0,4,2,2013,2,12,12,0,6,4,CR-294,,0,29.31784722,-97.40213333,0,5,0,0,1,1,0,1,1,1,0,1,0,0000000,99,98,99,98,88,88,0,0,0,1,0
48,480370,2,2,0,0,0,3,3,389,0,4,2,2013,2,12,20,1,2,2,US-285,,61,31.92514444,-103.9793472,0,12,8,0,1,1,0,1,1,1,0,1,0,0000000,99,99,99,99,99,99,0,0,0,1,0
48,480371,2,2,0,0,0,3,3,291,0,5,2,2013,3,9,29,0,3,8,FM 1960,,102,30.04623889,-94.93535278,0,12,2,0,1,1,0,1,1,1,0,1,0,0000000,9,36,9,45,11,5,0,0,0,1,0
48,480372,2,2,0,0,0,2,2,279,0,6,2,2013,4,10,56,1,2,2,US-84,FM 37,147,33.99779167,-102.4252528,0,12,6,0,2,2,0,1,1,1,0,1,0,0000000,99,99,99,99,99,99,0,0,0,1,0
48,480373,2,2,0,0,0,2,2,329,0,6,2,2013,4,18,40,0,4,8,FM 1787,FM 1492,76,31.66656667,-102.2081778,0,12,6,0,2,3,0,1,5,1,0,1,0,0000000,99,98,99,98,88,88,0,0,0,1,0
48,480374,2,2,0,0,0,4,4,209,0,8,2,2013,6,12,31,0,4,8,FM 1826,NUTTY BROWN RD,21,30.161725,-97.95288056,0,12,6,0,2,2,0,1,1,1,0,1,0,0000000,99,99,99,99,99,99,0,0,0,1,0
48,480375,3,3,0,0,0,3,3,297,0,11,2,2013,2,18,10,0,4,3,SR-72,,30,28.44730278,-98.30018889,0,12,1,0,8,1,0,1,2,1,0,1,0,0000000,18,13,18,31,20,3,0,0,0,1,0
48,480376,2,2,0,0,0,2,2,439,4965,11,2,2013,2,3,22,1,11,7,I-820,HOLIDAY LN,227,32.83894722,-97.22783611,0,12,1,1,2,2,1,1,3,1,0,1,0,0000000,3,30,3,37,4,10,0,0,0,1,0
48,480377,1,1,0,0,0,1,1,429,0,12,2,2013,3,10,33,0,4,8,FM 1287,,129,32.91381944,-98.58208611,0,1,0,0,1,1,0,4,1,10,0,10,0,0000000,88,88,88,88,88,88,0,0,0,1,0
48,480378,1,1,0,1,1,1,1,199,4172,14,2,2013,5,22,45,1,13,2,US-69,,111,30.24092778,-94.20803333,0,8,0,0,1,1,0,1,2,1,0,1,0,0000000,99,98,99,98,88,88,0,0,0,1,0
48,480379,1,1,0,0,0,2,2,91,4870,15,2,2013,6,0,14,1,13,8,SL-46,CASTLEWOOD DR,136,29.72025,-98.14996667,0,59,0,0,1,1,0,4,2,1,0,1,0,0000000,99,98,99,98,88,88,0,0,0,2,1
48,480380,2,2,0,0,0,3,3,201,3280,15,2,2013,6,6,28,0,16,5,BEECHNUT ST,BRAEBURN VALLEY,0,29.69096389,-95.51771111,0,12,6,0,2,2,0,1,3,1,0,1,1,0000000,6,28,6,34,6,58,0,0,0,1,1
48,480381,2,2,0,0,0,4,4,3,0,17,2,2013,1,18,9,1,13,3,SR-115,,531,32.32449722,-102.5131028,0,12,1,0,1,1,0,1,1,1,0,1,0,0000000,99,98,99,98,88,88,0,0,0,1,1
48,480382,1,1,0,0,0,2,2,135,0,17,2,2013,1,15,28,0,6,4,CR-TRIPP AVE,,0,31.84486944,-102.479925,0,30,0,0,1,1,0,4,1,1,0,1,0,0000000,15,26,15,33,15,47,0,0,0,1,1
48,480383,2,2,0,0,0,3,3,157,5970,17,2,2013,1,3,35,0,14,8,FM 1640/AVENUE I,READING RD/LANE DR,39,29.55804444,-95.77334722,0,12,6,0,2,2,0,1,3,1,0,1,0,0000000,3,38,4,2,4,19,0,0,0,1,2
48,480384,1,1,0,0,0,1,1,167,2570,17,2,2013,1,0,11,1,13,8,FM 3005/SAN LUIS PASS RD,,93,29.19620278,-94.95475556,0,43,0,0,1,1,0,4,2,1,0,1,0,0000000,88,88,88,88,88,88,0,0,0,1,1
48,480385,2,2,0,0,0,3,3,201,3280,17,2,2013,1,2,45,1,11,1,I-10 EAST,,326,29.77646667,-95.29491944,0,12,1,0,1,1,0,1,3,1,0,1,0,0000000,2,51,2,56,3,18,0,0,0,1,2
48,480387,1,1,0,0,0,1,1,113,6685,19,2,2013,3,20,58,0,16,5,TRIPP RD,,0,32.79756111,-96.59413056,0,42,0,0,1,1,0,4,3,10,0,10,0,0000000,21,18,21,23,21,37,0,0,0,1,1
48,480388,1,1,0,0,0,2,2,329,0,19,2,2013,3,21,5,0,4,8,FM 1788,,136,31.90493056,-102.2133194,0,38,0,0,1,1,0,4,2,2,0,2,0,0000000,99,98,99,98,88,88,0,0,0,1,0
48,480389,1,1,0,0,0,4,4,453,330,19,2,2013,3,14,56,0,16,5,RIATA VISTA CIR,,0,30.43071944,-97.73681389,0,42,0,0,1,1,0,4,1,1,0,1,0,0000000,14,57,14,58,15,26,0,0,0,1,1
48,480390,1,1,0,0,0,1,1,135,0,20,2,2013,4,23,50,0,6,4,CR-16TH ST,,0,31.8287,-102.4885889,0,1,0,0,1,1,0,4,2,1,0,1,0,0000000,88,88,88,88,88,88,0,0,0,1,1
48,480391,1,1,0,1,1,1,1,141,2190,20,2,2013,4,20,32,0,16,5,S TIERRA ESTE DR,W TIERRA LIMPIA DR,0,31.79108056,-106.2596806,0,8,0,0,2,3,0,1,2,7,11,11,0,0000000,20,32,20,36,21,0,0,0,0,1,0
48,480392,1,1,0,0,0,1,1,439,4965,20,2,2013,4,3,2,1,11,7,I-820,SR-26,235,32.83260278,-97.21570278,0,46,0,1,3,2,1,4,3,2,0,2,0,0000000,3,3,3,6,3,20,0,0,0,1,0
48,480393,1,1,0,0,0,3,3,61,0,21,2,2013,5,23,15,0,6,4,CR-N CENTRAL AVE,,0,25.96278056,-97.44416389,0,53,0,0,1,1,0,4,2,1,0,1,0,0000000,99,98,99,98,88,88,0,0,0,1,1
48,480394,1,1,0,0,0,2,2,453,330,21,2,2013,5,23,45,0,16,5,OLD MANCHACA RD,,0,30.17262222,-97.83085833,0,42,0,0,1,1,0,4,3,1,0,1,0,0000000,1,55,2,3,2,47,20,18,0,1,0
48,480395,2,2,0,0,0,2,2,61,6110,22,2,2013,6,6,20,0,15,8,FM732,,32,26.08172222,-97.63295,0,12,8,0,1,1,0,1,6,5,0,5,0,0000000,99,98,99,98,88,88,0,0,0,1,1
48,480396,2,2,0,0,0,2,2,323,2030,22,2,2013,6,18,26,1,13,8,FM3443 S VETERANS BLVD,BU77N N VETERANS BLVD,24,28.708925,-100.4764111,0,12,8,0,2,2,0,1,1,1,0,1,0,0000000,99,99,99,99,99,99,0,0,0,1,0
48,480397,2,2,0,0,0,3,3,453,0,22,2,2013,6,6,55,1,12,7,SR-130,FM812,28,30.14000833,-97.66388056,0,12,2,1,3,2,0,1,1,1,0,1,0,0000000,99,98,99,98,88,88,0,0,0,1,0
48,480398,1,1,0,0,0,3,3,479,3899,22,2,2013,6,23,13,1,1,1,I-35,,120,27.82175556,-99.41343611,0,57,0,0,1,1,0,3,3,1,0,1,0,0000000,99,99,99,99,99,99,0,0,0,1,0
48,480399,2,2,0,0,0,2,2,483,0,22,2,2013,6,20,20,0,3,3,SR-152,CR-28,125,35.44451389,-100.0513667,0,12,6,0,2,4,0,1,2,1,0,1,0,0000000,99,99,99,99,99,99,0,0,0,1,0
48,480400,1,1,0,1,1,1,1,85,1730,23,2,2013,7,2,14,0,16,5,COIT RD,,0,32.99136111,-96.76796111,0,8,0,0,1,1,0,1,3,1,0,1,0,0000000,99,98,99,98,88,88,0,0,0,1,0
48,480401,1,1,0,0,0,1,1,113,1730,23,2,2013,7,17,47,1,11,1,I-30,I-30 RAMP,106,32.76550278,-96.85493611,0,1,0,1,5,1,0,8,1,1,0,1,0,0000000,17,51,17,58,18,20,0,0,0,1,1
48,480402,3,3,0,0,0,3,3,139,9997,23,2,2013,7,19,47,1,2,2,US-67,,48,32.44631389,-97.07348056,0,12,1,0,1,1,0,1,2,1,0,1,0,0000000,99,99,99,99,99,99,0,0,0,1,1
48,480403,1,1,0,0,0,1,1,201,3280,23,2,2013,7,21,11,1,13,3,SR-6,,139,29.73621111,-95.6441,0,33,0,0,1,1,0,3,3,1,0,1,0,0000000,99,99,99,99,99,99,0,0,0,1,0
48,480404,1,1,0,0,0,1,1,359,0,23,2,2013,7,4,45,0,3,2,US-385,,38,35.58943056,-102.2881667,0,1,0,0,1,1,0,4,2,10,0,10,0,0000000,88,88,88,88,88,88,0,0,0,1,0
48,480405,2,2,0,0,0,2,2,25,0,24,2,2013,1,7,30,1,1,2,US-181,,42,28.48735556,-97.77809167,0,12,6,0,1,1,0,1,4,5,0,5,0,0000000,88,88,88,88,88,88,0,0,0,1,0
48,480406,1,1,0,1,1,1,1,29,6090,25,2,2013,2,15,10,0,16,5,FRIO ST,COMMERCE ST,0,29.42608611,-98.50383333,0,15,0,0,3,2,0,1,1,1,0,1,0,0000000,15,13,15,23,15,59,0,0,0,1,0
48,480407,2,2,0,0,0,2,2,113,1730,25,2,2013,2,17,37,0,16,5,FOREST LN,GRISSOM LN,0,32.90919167,-96.88661389,0,12,6,0,2,3,1,1,1,10,0,10,0,0000000,17,39,17,44,18,13,0,0,0,1,0
48,480408,2,2,0,0,0,3,3,373,0,25,2,2013,2,10,14,0,3,2,US-190,,266,30.71904167,-94.70532222,0,12,6,0,8,1,0,1,1,10,0,10,0,0000000,99,99,99,99,99,99,0,0,0,1,0
48,480409,1,1,0,0,0,1,1,463,0,25,2,2013,2,11,53,0,4,3,SR-55,,108,29.47760278,-100.03055,0,32,0,0,1,1,0,4,1,1,0,1,0,0000000,99,99,99,99,99,99,0,0,0,1,0
48,480410,1,1,0,0,0,1,1,469,0,25,2,2013,2,12,40,0,3,3,SR-185,,109,28.72893889,-96.954275,0,1,0,0,1,1,0,3,1,6,0,6,0,0000000,88,88,88,88,88,88,0,0,0,1,0
48,480411,2,2,0,0,0,2,2,165,0,27,2,2013,4,6,27,1,13,2,US-62,,105,32.726025,-102.9022667,0,12,1,0,1,1,0,1,6,1,0,1,0,0000000,99,99,99,99,99,99,0,0,0,1,0
48,480412,3,3,0,0,0,6,6,297,0,27,2,2013,4,6,8,1,13,2,US-59,,31,28.34361667,-97.92536667,0,12,2,0,1,1,0,1,4,1,0,1,0,0000000,6,28,6,52,7,32,0,0,0,1,0
48,480413,1,1,0,0,0,2,2,361,7200,27,2,2013,4,1,51,1,11,1,I-10,,84,30.129325,-93.961,0,1,0,0,1,1,0,4,3,1,0,1,0,0000000,1,59,2,24,3,4,0,0,0,1,0