STATE,ST_CASE,VE_TOTAL,VE_FORMS,PVH_INVL,PEDS,PERNOTMVIT,PERMVIT,PERSONS,COUNTY,CITY,DAY,MONTH,YEAR,DAY_WEEK,HOUR,MINUTE,NHS,ROAD_FNC,ROUTE,TWAY_ID,TWAY_ID2,MILEPT,LATITUDE,LONGITUD,SP_JUR,HARM_EV,MAN_COLL,RELJCT1,RELJCT2,TYP_INT,WRK_ZONE,REL_ROAD,LGT_COND,WEATHER1,WEATHER2,WEATHER,SCH_BUS,RAIL,NOT_HOUR,NOT_MIN,ARR_HOUR,ARR_MIN,HOSP_HR,HOSP_MN,CF1,CF2,CF3,FATALS,DRUNK_DR
48,480414,3,3,0,0,0,3,3,453,0,27,2,2013,4,20,3,0,14,8,FM 3177,,33,30.30811667,-97.61699444,0,12,6,0,8,1,0,1,2,1,0,1,0,0000000,20,5,20,19,88,88,0,0,0,1,0
48,480415,3,3,0,0,0,3,3,85,4230,28,2,2013,5,12,46,1,13,3,SR-5 MCDONALD ST,TWIN KNOLL DR,146,33.23261944,-96.61162778,0,12,1,0,8,1,0,1,1,1,0,1,0,0000000,12,47,12,53,13,32,0,0,0,1,0
48,480416,2,2,0,0,0,4,4,285,0,28,2,2013,5,7,59,0,4,3,SR-95,,115,29.46676667,-97.15571111,0,12,6,0,1,1,0,1,1,10,0,10,0,0000000,99,99,99,99,99,99,0,0,0,1,0
48,480417,1,1,0,0,0,1,1,293,0,28,2,2013,5,8,7,0,3,2,US-84,,50,31.67316389,-96.57655278,0,59,0,0,1,1,0,4,1,1,0,1,0,0000000,88,88,88,88,88,88,0,0,0,1,0
48,480418,1,1,0,0,0,1,1,199,0,15,2,2013,6,4,25,1,12,2,US-69,,10,30.20651111,-94.19078611,0,25,0,0,1,1,0,3,2,1,0,1,0,0000000,4,28,4,36,5,3,0,0,0,1,0
48,480419,2,2,0,0,0,3,3,201,3280,15,2,2013,6,23,4,1,13,3,SR-60,,75,29.82983333,-95.645625,0,12,2,0,1,1,0,1,2,1,0,1,0,0000000,23,5,23,17,23,51,0,0,0,1,1
48,480420,2,2,0,0,0,6,6,135,0,2,3,2013,7,18,33,0,14,8,FM 1936,DUNN ST,178,31.82907778,-102.4395306,0,12,6,0,2,3,0,1,5,1,0,1,0,0000000,99,98,99,98,88,88,0,0,0,1,0
48,480421,1,1,0,0,0,1,1,309,0,2,3,2013,7,18,16,0,4,8,FM308 LEROY PKWY,,69,31.70282778,-97.04925556,0,38,0,0,1,1,0,4,1,1,0,1,0,0000000,88,88,88,88,88,88,0,0,0,1,1
48,480422,1,1,0,0,0,1,1,339,1510,2,3,2013,7,1,0,1,13,3,SR-75 S FRAZIER ST,,166,30.29085278,-95.4564,0,33,0,0,1,1,0,4,3,1,0,1,0,0000000,88,88,88,88,88,88,0,0,0,1,1
48,480423,1,1,0,0,0,1,1,423,0,2,3,2013,7,9,40,1,1,1,I-20,,20,32.49294444,-95.56055,0,52,0,0,1,1,0,4,1,1,0,1,0,0000000,88,88,88,88,88,88,0,0,0,1,0
48,480424,1,1,0,0,0,2,2,439,260,2,3,2013,7,22,57,1,11,1,I-20 RONALD REAGAN MEM HWY,,40,32.67581667,-97.19148056,0,24,0,0,1,1,0,4,2,1,0,1,0,0000000,99,99,99,99,99,99,0,0,0,1,1
48,480425,1,1,0,1,1,1,1,469,0,2,3,2013,7,3,30,1,13,2,US-87,,47,28.95039167,-97.125625,0,8,0,0,1,1,0,1,2,1,0,1,0,0000000,99,98,99,98,88,88,0,0,0,1,0
48,480426,2,2,0,0,0,2,2,29,0,3,3,2013,1,2,20,1,2,2,US-90,,40,29.37523611,-98.73918056,0,12,2,0,1,1,0,1,2,1,0,1,0,0000000,99,99,99,99,99,99,0,0,0,1,1
48,480427,2,2,0,0,0,2,2,61,3030,3,3,2013,1,15,7,0,16,5,N GRANADA ST,W BARCELONA AVE,0,26.22458333,-97.71580833,0,12,6,0,2,2,0,1,1,1,0,1,0,0000000,15,7,15,13,15,42,0,0,0,1,0
48,480428,2,2,0,0,0,2,2,121,3960,3,3,2013,1,12,33,0,14,8,FM407,MCGEE LN,141,33.07145278,-97.026975,0,12,7,0,3,2,0,1,1,1,0,1,0,0000000,12,35,12,41,13,7,0,0,0,1,0
48,480429,2,2,0,0,0,5,5,163,0,3,3,2013,1,4,34,0,4,3,SR-85,,122,28.66120833,-99.21008611,0,12,8,0,1,1,0,1,2,1,0,1,0,0000000,4,45,5,6,6,18,0,0,0,1,0
48,480430,2,2,0,0,0,4,4,201,0,3,3,2013,1,3,30,1,2,2,US-290 HEMPSTEAD HWY,,26,30.04508889,-95.89296667,0,12,2,0,1,1,0,1,2,1,0,1,0,0000000,3,34,3,40,4,53,0,0,0,3,1
48,480431,1,1,0,0,0,1,1,283,0,3,3,2013,1,1,45,0,4,8,FM624,,25,28.20155556,-98.99267778,0,52,0,0,1,1,0,4,2,1,0,1,0,0000000,88,88,88,88,88,88,0,0,0,1,0
48,480432,1,1,0,0,0,1,1,367,6555,3,3,2013,1,12,30,0,16,5,POJO RD,,0,32.97872778,-97.69646389,0,1,0,0,1,1,0,3,1,10,0,10,0,0000000,99,99,99,99,99,99,0,0,0,1,0
48,480433,1,1,0,0,0,1,1,439,2450,3,3,2013,1,2,5,0,16,5,RANDOL MILL RD,,0,32.78018056,-97.18347222,0,42,0,0,1,1,0,4,2,1,0,1,0,0000000,88,88,88,88,88,88,0,0,0,1,1
48,480434,2,2,0,0,0,3,3,481,0,3,3,2013,1,11,50,1,2,2,US-59,CR-357,303,29.155675,-96.33364722,0,12,6,0,2,3,0,1,1,1,0,1,0,0000000,11,50,12,2,12,19,0,0,0,2,0
48,480435,1,1,0,1,1,1,1,71,4666,4,3,2013,2,6,10,0,3,3,SR-146,,43,29.824425,-94.8984,0,8,0,0,8,1,0,11,2,1,0,1,0,0000000,6,10,6,26,6,57,0,0,0,1,0
48,480436,1,1,0,0,0,1,1,229,0,4,3,2013,2,18,4,1,1,1,I-10,,672,31.07396667,-105.01315,0,1,0,0,1,1,0,4,2,1,0,1,0,0000000,88,88,88,88,88,88,0,0,0,1,1
48,480437,1,1,0,0,0,3,3,339,0,4,3,2013,2,1,36,0,6,4,CR-OLD HOUSTON RD,,0,30.23201667,-95.30161111,0,32,0,0,1,1,0,4,2,1,0,1,0,0000000,1,40,1,56,2,21,0,0,0,1,1
48,480438,1,1,0,0,0,1,1,453,330,4,3,2013,2,7,29,1,13,8,FM734 E PARMER LN,,70,30.35022222,-97.58778333,0,1,0,0,1,1,0,1,1,1,0,1,0,0000000,88,88,88,88,88,88,0,0,0,1,0
48,480439,2,2,0,0,0,5,5,463,0,4,3,2013,2,17,40,0,5,8,FM481,,135,29.11641389,-99.89595,0,12,6,0,1,1,0,1,1,1,0,1,0,0000000,99,99,99,99,99,99,0,0,0,1,1
48,480440,2,2,0,0,0,6,6,479,0,4,3,2013,2,5,30,1,2,2,US-59 LLOYD BENTSEN HWY,,252,27.64578889,-99.18146389,0,12,8,0,1,1,0,1,2,1,0,1,0,0000000,5,53,6,55,8,2,0,0,0,1,0
48,480441,1,1,0,0,0,1,1,141,2190,11,1,2013,6,0,34,0,16,5,YARBROUGH DR,,0,31.71599444,-106.3650833,0,33,0,0,1,1,0,3,3,1,0,1,0,0000000,88,88,88,88,88,88,0,0,0,1,1
48,480442,3,3,0,0,0,5,5,123,0,12,1,2013,7,14,37,0,4,8,FM 237,,49,28.96383056,-97.42093056,0,12,2,0,1,1,0,1,1,10,0,10,0,0000000,14,40,14,45,15,21,0,0,0,1,0
48,480443,1,1,0,1,1,1,1,113,1730,6,2,2013,4,17,45,0,16,5,GREENPOINT ST,,0,32.80556944,-96.67801667,0,8,0,0,4,1,0,1,1,10,0,10,0,0000000,17,56,18,0,18,31,0,0,0,1,0
48,480444,2,2,0,0,0,2,2,41,970,19,2,2013,3,9,47,0,4,8,FM 2818,SANDY POINT RD,41,30.682725,-96.42158611,0,12,6,0,2,2,0,1,1,1,0,1,0,0000000,9,48,9,56,10,23,0,0,0,1,0
48,480445,2,2,0,0,0,4,4,257,6830,23,2,2013,7,1,2,0,14,8,FM 986 ROCKWALL AVE,ALAMO ST,81,32.74399167,-96.27938889,0,12,6,0,2,2,0,1,3,1,0,1,0,0000000,1,9,1,13,2,4,0,0,0,1,2
48,480446,1,1,0,0,0,3,3,303,4140,23,2,2013,7,4,31,0,16,5,ERSKINE ST,,0,33.60685,-101.9364111,0,30,0,0,1,1,0,4,3,1,0,1,0,0000000,4,33,4,40,4,54,0,0,0,1,1
48,480447,1,1,0,1,1,3,3,219,0,6,3,2013,4,16,0,0,4,8,FM 3261,,38,33.554125,-102.3213667,0,9,0,0,1,1,0,1,1,10,0,10,0,0000000,99,98,99,98,88,88,0,0,0,1,0
48,480448,1,1,0,0,0,1,1,279,0,6,3,2013,4,6,48,1,2,2,US-84,,94,34.04431944,-102.4990694,0,1,0,0,1,1,0,4,4,1,0,1,0,0000000,88,88,88,88,88,88,0,0,0,1,1
48,480449,1,1,0,0,0,2,2,409,0,6,3,2013,4,2,36,1,1,1,I-37,,131,28.04228056,-97.75420556,0,32,0,0,1,1,0,3,2,1,0,1,0,0000000,2,50,3,13,3,46,0,0,0,1,0
48,480451,5,5,0,0,0,7,7,29,6090,7,3,2013,5,21,13,1,12,2,US-281,,79,29.62425,-98.46348333,0,5,0,0,1,1,0,1,2,10,0,10,0,0000000,99,98,99,98,88,88,14,0,0,1,0
48,480452,2,2,0,0,0,2,2,37,0,7,3,2013,5,8,38,1,1,1,I-30,,272,33.47194167,-94.30608611,0,12,1,0,1,1,1,1,1,1,0,1,0,0000000,99,99,99,99,99,99,19,0,0,1,0
48,480453,2,2,0,0,0,3,3,37,0,7,3,2013,5,7,25,1,11,1,I-30,,305,33.47528889,-94.26076944,0,12,1,0,1,1,0,1,1,1,0,1,0,0000000,99,98,99,98,88,88,0,0,0,1,0
48,480454,1,1,0,0,0,1,1,67,0,7,3,2013,5,21,56,0,3,3,SR-77,,103,33.0334,-94.05147778,0,30,0,0,1,1,0,4,2,1,0,1,0,0000000,88,88,88,88,88,88,0,0,0,1,1
48,480455,1,1,0,0,0,1,1,201,3280,7,3,2013,5,1,55,0,16,5,W TIDWELL RD,,0,29.84643056,-95.45513889,0,42,0,0,1,1,0,3,3,1,0,1,0,0000000,88,88,88,88,88,88,0,0,0,1,1
48,480456,2,2,0,0,0,2,2,201,3280,7,3,2013,5,15,12,1,11,1,I-610,,77,29.81008889,-95.34304167,0,12,1,0,1,1,0,1,1,1,0,1,0,0000000,99,99,99,99,99,99,0,0,0,1,0
48,480457,1,1,0,0,0,1,1,321,0,7,3,2013,5,5,7,0,4,8,FM2668,,169,28.84738611,-95.98305278,0,1,0,0,1,1,0,4,2,1,0,1,0,0000000,88,88,88,88,88,88,0,0,0,1,0
48,480458,2,2,0,0,0,3,3,363,0,7,3,2013,5,21,5,0,3,2,US-281,,265,32.63155556,-98.10719167,0,12,8,0,1,1,0,1,2,1,0,1,0,0000000,21,31,21,48,22,25,0,0,0,1,0
48,480459,2,2,0,0,0,5,5,27,6810,8,3,2013,6,19,4,0,14,8,FM1741 S 31ST ST,SLEEPY HOLLOW LN,237,31.05181111,-97.38606944,0,12,6,0,2,3,0,1,2,10,0,10,0,0000000,19,3,19,11,20,13,0,0,0,2,0
48,480460,1,1,0,0,0,1,1,29,6090,8,3,2013,6,0,31,1,12,2,US-281,,259,29.44160833,-98.47849722,0,18,0,1,18,1,0,1,3,1,0,1,0,0000000,88,88,88,88,88,88,0,0,0,1,1
48,480461,1,1,0,0,0,2,2,181,1830,8,3,2013,6,3,19,1,12,2,US-75,,71,33.76413889,-96.58538333,0,1,0,0,1,1,0,3,2,1,0,1,0,0000000,3,20,3,28,3,54,0,0,0,1,0
48,480462,1,1,0,0,0,1,1,317,0,8,3,2013,6,8,50,1,1,1,I-20,,62,32.13677222,-101.8098722,0,59,0,0,1,1,0,3,1,1,0,1,0,0000000,99,99,99,99,99,99,0,0,0,1,0
48,480463,2,2,0,0,0,4,4,337,0,8,3,2013,6,5,26,0,4,8,FM455,,104,33.55913611,-97.62603611,0,12,8,0,1,1,0,1,2,1,0,1,0,0000000,5,29,5,48,6,20,0,0,0,1,0
48,480464,1,1,0,1,1,1,1,201,3280,9,3,2013,7,1,5,1,11,1,I-10,,378,29.77114444,-95.20576389,0,8,0,0,1,1,0,1,3,10,0,10,0,0000000,99,98,99,98,88,88,0,0,0,1,0
48,480465,1,1,0,0,0,3,3,349,0,9,3,2013,7,21,45,0,5,8,FM1839,,51,32.09884722,-96.54176944,0,11,0,0,1,1,0,1,2,1,0,1,0,0000000,21,45,21,51,22,36,0,0,0,1,0
48,480466,2,2,0,0,0,5,5,389,0,9,3,2013,7,5,45,1,1,1,I-20,,545,31.42080556,-103.3957472,0,12,8,0,1,1,0,1,2,1,0,1,0,0000000,99,99,99,99,99,99,0,0,0,1,0
48,480467,3,3,0,0,0,5,5,439,2450,9,3,2013,7,20,30,0,16,5,MCCART AVE,,0,32.66516667,-97.356,0,12,1,0,1,1,0,1,3,2,0,2,0,0000000,99,99,99,99,99,99,0,0,0,1,0
48,480468,2,2,0,0,0,4,4,441,30,9,3,2013,7,12,30,1,11,1,I-20,US-83,105,32.48315556,-99.76560556,0,12,6,1,5,1,0,1,1,2,0,2,0,0000000,99,98,99,98,88,88,0,0,0,1,0
48,480469,2,2,0,0,0,2,2,451,6080,9,3,2013,7,19,31,0,15,8,SL378 CHRISTOVAL RD,,13,31.40587222,-100.4299528,0,1,0,0,8,1,0,1,3,10,0,10,0,0000000,99,98,99,98,88,88,0,0,0,1,1
48,480470,2,2,0,2,2,4,4,29,6090,10,3,2013,1,0,18,0,16,5,ST MARYS ST,W TRAVIS ST,0,29.42753611,-98.49133333,0,12,6,0,2,2,0,1,3,10,0,10,0,0000000,0,18,0,25,1,0,0,0,0,1,1
48,480471,2,2,0,0,0,4,4,157,0,10,3,2013,1,0,12,0,6,4,CR-CINCO RANCH BLVD,,0,29.74374167,-95.77612778,0,12,6,0,8,1,0,1,3,2,0,2,0,0000000,0,12,0,17,1,3,0,0,0,1,2
48,480473,2,2,0,0,0,4,4,201,0,10,3,2013,1,3,20,0,6,4,CR-KRENEK RD,,0,29.89856389,-95.03927222,0,12,1,0,8,1,0,1,2,10,0,10,0,0000000,3,36,3,56,4,20,0,0,0,1,1
48,480474,2,2,0,0,0,2,2,201,3280,10,3,2013,1,20,14,0,16,5,TIDWELL RD,TRUMPET,0,29.85036111,-95.255425,0,12,6,0,2,3,0,1,3,1,0,1,0,0000000,20,19,20,27,20,52,0,0,0,1,0
48,480475,2,2,0,0,0,6,6,319,0,10,3,2013,1,16,45,0,3,2,US-377,,57,30.76533056,-99.40458056,0,12,6,0,1,1,0,1,1,1,0,1,0,0000000,17,13,17,45,19,0,0,0,0,1,0
48,480476,2,2,0,0,0,6,6,341,0,10,3,2013,1,15,20,0,4,8,FM 1284,MORTON ELEVATOR RD,43,35.90825556,-101.87415,0,12,6,0,2,2,0,1,1,1,0,1,0,0000000,99,99,99,99,99,99,0,0,0,5,0
48,480477,2,2,0,0,0,3,3,339,0,10,3,2013,1,3,0,0,6,4,CR-BIRNHAM WOODS,,0,30.12653056,-95.38376944,0,12,2,0,1,1,0,1,2,2,0,2,0,0000000,3,3,3,12,3,58,0,0,0,1,2
48,480478,1,1,0,0,0,1,1,451,0,10,3,2013,1,15,30,0,4,8,RM 853,,84,31.44435833,-100.5534,0,1,0,0,1,1,0,4,1,10,0,10,0,0000000,99,99,99,99,99,99,0,0,0,1,0
48,480479,1,1,0,0,0,3,3,71,0,11,3,2013,2,19,15,0,16,5,SHAWNEE RD,OSAGE RD,0,29.78258889,-94.87838889,0,5,0,0,2,3,0,1,1,1,0,1,0,0000000,99,98,99,98,88,88,0,0,0,1,0
48,480480,1,1,0,1,1,1,1,113,1190,11,3,2013,2,14,48,1,11,7,I-35,,321,32.96393889,-96.91657222,0,8,0,0,1,1,0,1,1,99,0,99,0,0000000,99,98,99,98,88,88,0,0,0,1,0
48,480481,1,1,0,0,0,2,2,113,1730,11,3,2013,2,0,30,1,12,7,US-75/CENTRAL EXPY,BLACKBURN ST,137,32.80738333,-96.79370833,0,46,0,1,3,2,0,3,3,1,0,1,0,0000000,0,35,0,41,1,4,0,0,0,1,1
48,480482,2,2,0,0,0,4,4,113,2590,11,3,2013,2,21,28,1,14,3,SR-78/LAVON DR,ROSEWOOD HILLS DR,64,32.91917778,-96.62814444,0,12,6,0,2,3,0,1,3,1,0,1,0,0000000,21,27,21,33,22,15,0,0,0,2,1
48,480483,1,1,0,0,0,5,5,243,0,11,3,2013,2,13,25,0,3,3,SR-17,,206,30.65965556,-103.8001389,0,43,0,0,1,1,0,4,1,1,0,1,0,0000000,13,26,13,40,14,42,0,0,0,1,0
48,480484,2,2,0,0,0,2,2,339,1510,11,3,2013,2,11,0,0,14,3,SR-75/FRAZIER ST,VELLEY DR,59,30.355925,-95.47326667,0,12,6,0,2,3,0,1,1,1,0,1,0,0000000,11,4,11,13,11,46,0,0,0,1,0
48,480485,1,1,0,1,1,1,1,439,260,11,3,2013,2,12,15,1,13,8,SS-303/PIONEER PKEY,,0,32.72505278,-97.19772778,0,9,0,0,1,1,0,1,1,1,0,1,0,0000000,12,16,12,21,12,48,0,0,0,1,0
48,480486,2,2,0,0,0,3,3,439,2450,11,3,2013,2,18,44,0,16,5,SYCAMORE SCHOOL RD,COLFAX LN,0,32.63517222,-97.32823889,0,12,6,0,2,2,0,1,5,1,0,1,0,0000000,18,44,18,47,19,12,0,0,0,2,0
48,480487,2,2,0,0,0,4,4,439,2450,11,3,2013,2,20,6,1,11,7,I-20/JIW WRIGHT FWY,WHITE SETTLEMENT,59,32.76079167,-97.47895556,0,12,6,1,2,2,0,1,3,1,0,1,0,0000000,20,14,20,19,21,43,0,0,0,2,0
48,480488,1,1,0,0,0,1,1,439,3347,11,3,2013,2,4,25,0,16,5,MID-CITIES BLVD,,0,32.86473611,-97.17669722,0,30,0,0,1,1,0,4,6,1,0,1,0,0000000,4,42,5,3,6,41,0,0,0,1,0
48,480489,2,2,0,0,0,3,3,453,0,11,3,2013,2,13,10,0,14,8,FM973,,6,30.45635833,-97.46875833,0,12,2,0,1,1,0,1,1,1,0,1,0,0000000,13,13,13,31,14,14,0,0,0,2,0
48,480490,1,1,0,0,0,1,1,27,0,12,3,2013,3,10,45,0,6,4,CR-SUNSHINE RD,,0,30.8924,-97.32829722,0,32,0,0,1,1,0,4,1,1,0,1,0,0000000,88,88,88,88,88,88,0,0,0,1,1
48,480491,1,1,0,1,1,2,2,85,5390,12,3,2013,3,16,22,1,13,3,SR-289 PRESTON RD,LORIMAR DR,268,33.05041389,-96.79446389,0,8,0,0,3,2,0,1,1,1,0,1,0,0000000,16,23,16,32,16,39,0,0,0,1,0
48,480492,1,1,0,0,0,1,1,201,0,12,3,2013,3,2,20,0,6,4,CR-BARKER CYPRESS RD,,0,29.968425,-95.67327222,0,33,0,0,1,1,0,3,2,1,0,1,0,0000000,88,88,88,88,88,88,0,0,0,1,1
48,480493,1,1,0,0,0,1,1,201,3280,12,3,2013,3,21,40,0,16,5,N CESAR CHAVEZ BLVD,AVE W,0,29.752375,-95.30198056,0,33,0,0,3,3,0,4,3,1,0,1,0,0000000,88,88,88,88,88,88,0,0,0,1,1
48,480494,1,1,0,0,0,1,1,347,0,12,3,2013,3,6,20,0,3,3,SR-7,,86,31.56348889,-94.71224444,0,42,0,0,1,1,0,4,2,1,0,1,0,0000000,6,27,6,33,6,47,0,0,0,1,0
48,480495,2,2,0,0,0,2,2,423,0,12,3,2013,3,0,2,1,1,1,I-20,,170,32.45717222,-95.30610833,0,12,2,0,1,1,0,1,2,1,0,1,0,0000000,99,98,99,98,88,88,0,0,0,1,1
48,480496,1,1,0,0,0,1,1,53,0,13,3,2013,4,7,45,0,4,8,FM2147,,47,30.54434444,-98.23349167,0,1,0,0,1,1,0,1,1,1,0,1,0,0000000,7,51,8,7,8,53,0,0,0,1,0
48,480497,1,1,0,1,1,7,7,197,0,13,3,2013,4,1,0,1,2,2,US-287,,42,34.36330556,-99.98791667,1,11,0,0,1,1,0,1,2,10,0,10,0,0000000,1,0,1,4,1,35,19,0,0,1,0
48,480498,1,1,0,0,0,1,1,309,0,13,3,2013,4,16,45,0,16,5,E SIMPSON RD,,0,31.56263056,-97.44159167,0,10,0,0,6,1,0,1,1,1,0,1,0,023076V,88,88,88,88,88,88,0,0,0,1,0
48,480499,1,1,0,0,0,1,1,419,0,13,3,2013,4,3,56,1,2,2,US-96,,48,31.91376111,-94.22547778,0,53,0,0,1,1,0,4,2,1,0,1,0,0000000,88,88,88,88,88,88,0,0,0,1,1
48,480500,1,1,0,1,1,3,3,453,330,13,3,2013,4,14,18,0,16,5,E CESAR CHAVEZ ST,CHICON ST,0,30.25715833,-97.72457778,0,8,0,0,3,2,0,1,1,1,0,1,0,0000000,14,20,14,23,14,33,0,0,0,1,0
48,480501,1,1,0,0,0,1,1,453,330,13,3,2013,4,6,6,1,12,7,SR-130,,445,30.20871667,-97.62158889,0,1,0,0,1,1,0,4,2,1,0,1,0,0000000,6,7,6,15,6,24,0,0,0,1,1
48,480502,2,2,0,0,0,4,4,469,7190,13,3,2013,4,15,42,1,12,7,SL-463/ZAC LENTZ PKWY,FM 1350/SALEM RD,26,28.86139444,-96.97992222,0,12,6,1,2,2,1,1,1,10,0,10,0,0000000,99,99,99,99,99,99,0,0,0,1,0
48,480503,1,1,0,0,0,1,1,473,0,13,3,2013,4,18,12,0,5,8,FM1736,,39,30.17826389,-96.12563889,0,32,0,0,1,1,0,4,1,1,0,1,0,0000000,88,88,88,88,88,88,0,0,0,1,1
48,480504,2,2,0,0,0,3,3,339,0,14,3,2013,5,18,45,0,4,8,FM1097,BIG HORN TRL,20,30.43678611,-95.45161111,0,12,6,0,2,3,0,1,1,1,0,1,0,0000000,19,9,19,15,19,44,0,0,0,1,0
48,480505,1,1,0,0,0,1,1,409,0,14,3,2013,5,23,10,1,1,1,I-37,,162,28.073425,-97.79223889,0,1,0,0,1,1,0,4,2,1,0,1,0,0000000,88,88,88,88,88,88,0,0,0,1,0
48,480506,1,1,0,0,0,1,1,441,30,14,3,2013,5,14,30,0,14,8,FM600/WEST LAKE ROAD,,21,32.50809722,-99.72299444,0,38,0,0,1,1,0,4,1,1,0,1,0,0000000,88,88,88,88,88,88,0,0,0,1,1
48,480507,2,2,0,0,0,2,2,29,6090,15,3,2013,6,5,5,0,16,5,WETMORE,,0,29.53513056,-98.45248333,0,12,2,0,1,1,0,1,2,1,0,1,0,0000000,5,9,5,20,5,42,0,0,0,1,1
48,480508,3,3,0,0,0,4,4,113,1190,15,3,2013,6,7,55,0,16,5,PRESIDENT GEORGE BUSH TURNPIKE,,0,32.98306944,-96.92278056,0,12,1,0,1,1,0,1,1,1,0,1,0,0000000,8,5,8,10,8,45,23,0,0,1,0
48,480509,2,2,0,0,0,4,4,113,4530,15,3,2013,6,20,46,0,16,5,TOWNE CENTRE DR,GUS THOMASON,0,32.79880278,-96.63383889,0,12,6,0,2,2,0,1,3,1,0,1,0,0000000,20,47,20,53,21,3,0,0,0,1,0
48,480510,1,1,0,0,0,1,1,201,0,15,3,2013,6,23,51,0,6,4,CR-GRANT RD,,0,29.96664167,-95.557825,0,33,0,0,1,1,0,4,3,1,0,1,0,0000000,88,88,88,88,88,88,0,0,0,1,1
48,480511,1,1,0,0,0,1,1,201,3280,15,3,2013,6,9,4,1,11,1,I-45 NORTH FWY RAMP,,375,29.94176944,-95.41472778,0,25,0,1,5,1,0,8,1,1,0,1,0,0000000,88,88,88,88,88,88,0,0,0,1,0
48,480512,1,1,0,0,0,2,2,203,0,15,3,2013,6,22,35,1,1,1,I-20,,221,32.492425,-94.33014167,0,1,0,0,1,1,0,1,2,1,0,1,0,0000000,22,45,22,50,23,10,0,0,0,1,1
48,480513,1,1,0,0,0,1,1,381,150,15,3,2013,6,18,36,0,16,5,OSAGE ST,,0,35.14964722,-101.8129556,0,38,0,0,1,1,0,4,1,1,0,1,0,0000000,88,88,88,88,88,88,0,0,0,1,0
48,480514,1,1,0,0,0,4,4,463,0,15,3,2013,6,2,1,0,3,2,US-83,,109,29.49108333,-99.73521944,0,38,0,0,1,1,0,4,2,1,0,1,0,0000000,99,99,99,99,99,99,0,0,0,2,1
48,480515,2,2,0,0,0,2,2,465,0,15,3,2013,6,3,0,1,2,2,US-90,,617,29.46709167,-101.0178389,0,31,0,0,1,1,0,3,2,1,0,1,0,0000000,88,88,88,88,88,88,14,0,0,1,1
48,480516,1,1,0,0,0,1,1,29,6090,16,3,2013,7,11,10,1,11,1,I-410,,306,29.47365556,-98.40535833,0,33,0,1,19,1,0,8,1,1,0,1,0,0000000,11,10,11,19,11,37,0,0,0,1,0
48,480518,3,3,0,0,0,10,10,73,0,16,3,2013,7,7,56,1,2,2,US-79,,17,31.97516944,-95.17422778,0,12,6,0,1,1,0,1,1,1,0,1,0,0000000,88,88,88,88,88,88,0,0,0,4,0
48,480519,2,2,0,0,0,2,2,121,7353,16,3,2013,7,14,36,1,13,3,SR-114,,211,32.99519444,-97.20034722,0,1,0,0,1,1,1,1,1,1,0,1,0,0000000,14,37,15,2,15,38,26,0,0,1,0
48,480520,1,1,0,0,0,1,1,141,2190,16,3,2013,7,20,55,1,12,1,I-54 PATRIOT FWY,,129,31.87664444,-106.4411833,0,1,0,0,1,1,0,10,3,1,0,1,0,0000000,88,88,88,88,88,88,0,0,0,1,0
48,480521,1,1,0,0,0,1,1,141,2190,16,3,2013,7,0,23,1,1,1,I-10,,315,31.73688333,-106.3216667,0,1,0,0,1,1,0,2,3,1,0,1,0,0000000,88,88,88,88,88,88,0,0,0,1,0
48,480522,2,2,0,0,0,4,4,167,6213,16,3,2013,7,7,56,1,13,8,FM 646,,148,29.39738611,-95.09212778,0,12,1,0,1,1,0,1,1,1,0,1,0,0000000,99,98,99,98,88,88,0,0,0,1,0
48,480523,1,1,0,0,0,1,1,187,6290,16,3,2013,7,1,43,0,14,2,US-90,FM 464,231,29.56918889,-98.00019444,0,30,0,0,3,2,0,3,3,1,0,1,0,0000000,88,88,88,88,88,88,0,0,0,1,1
48,480524,2,1,1,0,0,1,1,201,3280,16,3,2013,7,22,10,0,16,5,DORWAYNE CT,,0,29.76322778,-95.2198,0,31,0,0,1,1,0,4,3,1,0,1,0,0000000,99,98,99,98,88,88,14,0,0,1,1
48,480525,1,1,0,1,1,2,2,203,0,16,3,2013,7,21,11,1,1,1,I-20,,253,32.495075,-94.26538333,0,8,0,0,1,1,0,1,2,1,0,1,0,0000000,99,98,99,98,88,88,0,0,0,1,0
48,480526,2,2,0,0,0,3,3,331,0,16,3,2013,7,6,15,0,15,8,FM 485,,41,30.91459167,-96.93783889,0,12,6,0,1,1,0,1,2,10,0,10,0,0000000,99,99,99,99,99,99,0,0,0,1,1
48,480527,2,2,0,0,0,2,2,467,0,16,3,2013,7,10,20,0,15,8,FM 47,CR-3838,77,32.747175,-95.98731389,0,12,6,0,2,3,0,1,1,1,0,1,0,0000000,99,98,99,98,88,88,0,0,0,1,0
48,480528,1,1,0,1,1,2,2,5,0,17,3,2013,1,6,44,1,13,3,SR-103,,51,31.34805556,-94.63636944,0,8,0,0,1,1,0,1,2,1,0,1,0,0000000,99,98,99,98,88,88,0,0,0,1,0
48,480529,2,2,0,0,0,3,3,29,6090,17,3,2013,1,21,51,0,16,5,THOUSAND OAKS,GRAYSON WAY,0,29.58319444,-98.4482,0,12,2,0,1,1,0,1,3,1,0,1,0,0000000,99,99,99,99,88,88,0,0,0,1,1