STATE,ST_CASE,VE_TOTAL,VE_FORMS,PVH_INVL,PEDS,PERNOTMVIT,PERMVIT,PERSONS,COUNTY,CITY,DAY,MONTH,YEAR,DAY_WEEK,HOUR,MINUTE,NHS,ROAD_FNC,ROUTE,TWAY_ID,TWAY_ID2,MILEPT,LATITUDE,LONGITUD,SP_JUR,HARM_EV,MAN_COLL,RELJCT1,RELJCT2,TYP_INT,WRK_ZONE,REL_ROAD,LGT_COND,WEATHER1,WEATHER2,WEATHER,SCH_BUS,RAIL,NOT_HOUR,NOT_MIN,ARR_HOUR,ARR_MIN,HOSP_HR,HOSP_MN,CF1,CF2,CF3,FATALS,DRUNK_DR
48,480531,1,1,0,0,0,1,1,135,0,17,3,2013,1,7,51,0,4,8,FM181,,130,31.97643333,-102.681925,0,38,0,0,1,1,0,4,1,1,0,1,0,0000000,88,88,88,88,88,88,0,0,0,1,1
48,480532,2,2,0,0,0,5,5,157,3280,17,3,2013,1,5,19,0,14,8,FM2234,CHIMNEY ROCK RD,55,29.58061667,-95.48003056,0,38,0,0,3,3,0,4,3,10,0,10,0,0000000,99,99,5,25,6,12,13,0,0,1,1
48,480533,1,1,0,0,0,1,1,201,480,17,3,2013,1,18,58,0,16,5,MASSEY TOMPKINS RD,,0,29.76691111,-94.92741111,0,53,0,0,1,1,0,4,1,1,0,1,0,0000000,19,1,19,8,19,22,0,0,0,1,0
48,480534,1,1,0,1,1,1,1,231,7385,17,3,2013,1,0,10,0,3,3,SR-276,,62,32.90364722,-96.02312778,0,8,0,0,1,1,0,1,2,1,0,1,0,0000000,99,98,99,98,88,88,0,0,0,1,0
48,480535,2,2,0,0,0,3,3,315,0,17,3,2013,1,7,27,0,3,3,SR-49,,98,32.79465,-94.43050556,0,12,2,0,1,1,0,1,4,10,0,10,0,0000000,7,30,7,38,8,23,0,0,0,2,0
48,480536,3,3,0,0,0,4,4,453,330,17,3,2013,1,14,21,1,13,8,FM2222,,23,30.38754722,-97.82408056,0,12,8,0,1,1,0,1,1,1,0,1,0,0000000,14,21,14,27,15,14,0,0,0,1,0
48,480537,2,2,0,0,0,5,5,57,0,18,3,2013,2,13,45,0,4,3,SR-185,,40,28.58838056,-96.8383,0,12,6,0,1,1,0,1,1,1,0,1,0,0000000,13,40,13,56,14,30,0,0,0,3,0
48,480538,1,1,0,1,1,1,1,29,6090,18,3,2013,2,0,35,0,16,5,PLEASANTON RD,WARE BLVD,0,29.34891667,-98.50384722,0,8,0,0,2,3,0,1,3,1,0,1,0,0000000,99,98,99,98,88,88,0,0,0,1,0
48,480539,2,2,0,0,0,2,2,203,0,18,3,2013,2,20,25,1,13,8,SL281,,52,32.46527222,-94.66831389,0,12,2,0,1,1,0,1,2,10,0,10,0,0000000,99,98,99,98,88,88,0,0,0,2,1
48,480540,1,1,0,0,0,1,1,381,150,18,3,2013,2,2,53,0,16,5,FULTON DR,,0,35.16702778,-101.8934861,0,33,0,0,1,1,0,4,9,1,0,1,0,0000000,99,99,2,54,3,20,0,0,0,1,1
48,480541,2,2,0,0,0,2,2,157,0,19,3,2013,3,11,42,1,2,3,SR-36,,96,29.43423889,-95.83120833,0,12,2,0,1,1,0,1,1,1,0,1,0,0000000,11,42,11,51,12,26,0,0,0,1,0
48,480542,1,1,0,0,0,1,1,337,0,19,3,2013,3,20,56,0,4,8,FM1749,FM455,122,33.53439722,-97.59670556,0,30,0,0,3,3,0,4,2,1,0,1,0,0000000,99,99,99,99,99,99,0,0,0,1,0
48,480543,1,1,0,1,1,1,1,339,7500,19,3,2013,3,1,20,0,4,8,FM1097 E STEWART ST,,6,30.42849444,-95.47101667,0,8,0,0,1,1,0,1,2,1,0,1,0,0000000,99,98,99,98,88,88,0,0,0,1,0
48,480544,1,1,0,0,0,1,1,85,0,20,3,2013,4,20,25,1,12,7,US-75,,117,33.24913611,-96.61915,0,59,0,0,5,1,0,4,2,1,0,1,0,0000000,20,28,20,37,21,7,0,0,0,1,0
48,480545,2,2,0,0,0,3,3,113,1730,20,3,2013,4,1,57,1,11,1,I-20 LBJ FWY,,168,32.64936389,-96.77431667,0,12,1,0,1,1,0,1,2,1,0,1,0,0000000,2,7,2,20,2,40,19,23,0,2,0
48,480546,2,2,0,0,0,2,2,113,2590,20,3,2013,4,8,2,1,11,1,I-635 LBJ FWY,,110,32.850875,-96.64205,0,12,7,0,1,1,0,1,1,1,0,1,0,0000000,8,2,8,8,8,42,0,0,0,1,0
48,480547,2,2,0,0,0,2,2,245,0,20,3,2013,4,7,0,0,3,8,SS93 W PORT ARTHUR RD,,17,30.00960556,-94.07653889,0,12,1,0,8,1,0,1,2,2,0,2,0,0000000,7,11,7,24,8,8,0,0,0,1,0
48,480548,2,2,0,0,0,2,2,329,0,20,3,2013,4,20,30,1,1,7,I-20,,236,32.05565833,-101.9568417,0,12,6,0,8,1,0,1,3,1,0,1,0,0000000,99,98,99,98,88,88,0,0,0,1,1
48,480549,2,2,0,0,0,5,5,355,0,20,3,2013,4,15,40,1,2,2,US-77,FM2826,100,27.73987778,-97.69998333,0,12,1,0,3,2,0,1,1,10,0,10,0,0000000,15,44,15,51,16,18,0,0,0,1,0
48,480550,2,2,0,0,0,4,4,95,0,21,3,2013,5,12,41,0,3,2,US-83,,233,31.24824444,-99.84523611,0,12,6,0,1,1,0,1,1,1,0,1,0,0000000,99,99,99,99,99,99,0,0,0,3,0
48,480551,2,2,0,0,0,3,3,135,0,21,3,2013,5,16,41,1,13,8,BI-20,,149,31.88577222,-102.2877361,0,59,0,0,1,1,0,4,1,1,0,1,0,0000000,16,47,16,54,17,10,0,0,0,1,0
48,480552,1,1,0,0,0,1,1,439,4300,21,3,2013,5,2,9,0,16,5,BROAD ST,,0,32.56588611,-97.12439722,0,42,0,0,1,1,0,3,3,1,0,1,0,0000000,99,99,99,99,99,99,0,0,0,1,0
48,480553,2,2,0,0,0,2,2,459,0,21,3,2013,5,9,24,0,5,8,FM 2454,TOAD RD,55,32.83286389,-94.98523611,0,12,2,0,1,1,0,1,1,1,0,1,0,0000000,99,98,99,98,88,88,0,0,0,1,0
48,480554,1,1,0,0,0,1,1,499,4610,21,3,2013,5,10,57,0,4,8,FM 49,,4,32.6656,-95.48153333,0,33,0,0,1,1,0,4,1,10,0,10,0,0000000,88,88,88,88,88,88,0,0,0,1,0
48,480555,1,1,0,0,0,2,2,29,6090,22,3,2013,6,23,54,0,16,5,DIANE,,0,29.40450833,-98.39796944,0,43,0,0,1,1,0,4,3,10,0,10,0,0000000,23,54,0,5,0,48,0,0,0,1,0
48,480556,2,2,0,0,0,3,3,277,0,22,3,2013,6,23,1,0,4,8,FM 197,,175,33.87110556,-95.54521389,0,12,6,0,1,1,0,1,2,2,0,2,0,0000000,99,99,99,99,99,99,0,0,0,1,1
48,480557,1,1,0,1,1,1,1,309,545,22,3,2013,6,14,14,1,11,7,I-35,,182,31.58884167,-97.10915833,0,8,0,0,1,1,0,1,1,1,0,1,0,0000000,99,99,99,99,88,88,0,0,0,1,0
48,480558,2,2,0,0,0,9,9,409,0,22,3,2013,6,17,3,0,3,2,US-181,SR-89,107,28.03647222,-97.48356389,0,12,6,0,2,2,0,1,1,10,0,10,0,0000000,17,6,17,10,18,5,0,0,0,1,0
48,480559,2,2,0,0,0,3,3,453,330,22,3,2013,6,22,45,0,16,5,PECAN BROOK DR,MANOR RD,0,30.31865556,-97.66137222,0,12,6,0,2,3,0,1,3,1,0,1,0,0000000,22,47,22,53,23,15,0,0,0,1,1
48,480560,2,2,0,0,0,7,7,41,1440,23,3,2013,7,21,51,1,13,8,FM 2818,,126,30.58639167,-96.34277222,0,12,6,0,8,1,0,1,2,1,0,1,0,0000000,21,52,22,0,22,16,0,0,0,2,0
48,480561,2,2,0,0,0,2,2,61,0,23,3,2013,7,3,40,0,4,8,FM732/NARCISO MARTINEZ HWY,CR-CALLE PALOMA,55,26.05395,-97.65762222,0,12,6,0,2,3,0,1,2,1,0,1,0,0000000,99,99,99,99,88,88,0,0,0,1,1
48,480562,1,1,0,0,0,1,1,113,1240,23,3,2013,7,1,51,1,12,7,US-67/J ELMER WEAVER FWY,,149,32.59628611,-96.94087778,0,32,0,0,1,1,0,4,3,1,0,1,0,0000000,88,88,88,88,88,88,20,0,0,1,1
48,480563,2,2,0,0,0,5,5,135,0,23,3,2013,7,0,20,1,2,2,US-385,CR-COTTONWOOD RD,116,31.9954,-102.4210194,0,12,6,0,2,2,0,1,2,1,0,1,0,0000000,0,15,0,24,0,52,0,0,0,1,1
48,480564,2,2,0,0,0,2,2,165,0,23,3,2013,7,11,17,1,13,2,US-180,CR-G AVE,266,32.7112,-102.6295,0,12,2,0,2,4,0,1,1,1,0,1,0,0000000,99,98,99,98,88,88,0,0,0,1,0
48,480565,1,1,0,0,0,1,1,171,0,23,3,2013,7,0,31,0,4,8,RM 783,,87,30.19863056,-99.21446944,0,38,0,0,1,1,0,4,2,1,0,1,0,0000000,88,88,88,88,88,88,0,0,0,1,0
48,480566,1,1,0,0,0,1,1,201,3280,23,3,2013,7,8,0,1,12,2,US-290/NORTHWEST FWY,,314,29.86576667,-95.53796111,0,30,0,0,1,1,0,4,1,10,0,10,0,0000000,88,88,88,88,88,88,0,0,0,1,0
48,480567,1,1,0,0,0,2,2,201,3280,23,3,2013,7,23,0,0,16,5,BINGLE RD,,0,29.8156,-95.50086944,0,1,0,0,1,1,0,4,3,1,0,1,0,0000000,23,17,23,29,0,0,0,0,0,1,1
48,480568,1,1,0,1,1,1,1,215,4197,23,3,2013,7,4,2,1,12,2,US-83,,256,26.19569722,-98.20549167,0,8,0,0,1,1,0,1,2,10,0,10,0,0000000,99,98,99,98,88,88,0,0,0,1,0
48,480569,1,1,0,0,0,5,5,249,0,23,3,2013,7,23,46,0,6,4,CR-440,,0,27.65065,-98.13285,0,1,0,0,1,1,0,4,2,1,0,1,0,0000000,99,99,99,99,99,99,0,0,0,2,0
48,480570,2,2,0,0,0,5,5,339,0,23,3,2013,7,5,40,1,2,3,SR-105,,16,30.31638889,-95.18741111,0,12,6,0,1,1,0,1,2,2,0,2,0,0000000,5,43,5,44,7,4,0,0,0,4,0
48,480571,1,1,0,0,0,1,1,389,0,23,3,2013,7,13,15,1,11,1,I-20,,464,31.40048056,-103.5261306,0,24,0,0,1,1,0,4,1,1,0,1,0,0000000,13,18,13,23,13,48,0,0,0,1,0
48,480572,1,1,0,1,1,1,1,453,330,23,3,2013,7,7,54,1,13,2,US-183,,281,30.19975,-97.68410556,0,8,0,0,1,1,0,99,1,10,0,10,0,0000000,99,98,99,98,88,88,0,0,0,1,0
48,480573,1,1,0,0,0,1,1,201,3280,24,3,2013,1,0,7,0,16,5,N CESAR CHAVEZ BLVD,AVE W,0,29.7524,-95.30202778,0,33,0,0,3,10,0,4,3,1,0,1,0,0000000,99,98,99,98,88,88,0,0,0,1,1
48,480574,1,1,0,0,0,1,1,473,0,24,3,2013,1,14,40,0,4,8,FM362,,139,29.968175,-95.95162778,0,32,0,0,1,1,0,4,1,1,0,1,0,0000000,14,40,14,56,15,32,0,0,0,1,0
48,480575,1,1,0,0,0,1,1,29,6090,25,3,2013,2,3,42,1,11,1,I-410,,82,29.426975,-98.64966389,0,59,0,0,1,1,0,4,3,1,0,1,0,0000000,88,88,88,88,88,88,0,0,0,1,1
48,480576,1,1,0,0,0,2,2,29,6090,25,3,2013,2,14,40,1,12,8,SL1604,,321,29.60164444,-98.40598611,0,25,0,1,19,1,0,3,1,1,0,1,0,0000000,99,98,99,98,88,88,0,0,0,1,0
48,480577,1,1,0,0,0,8,8,37,0,25,3,2013,2,6,40,1,1,1,I-30,,75,33.38726667,-94.59720556,0,1,0,0,1,1,0,4,4,1,0,1,0,0000000,6,42,6,58,7,51,0,0,0,3,0
48,480578,1,1,0,0,0,5,5,75,0,25,3,2013,2,0,30,1,2,2,US-287,,130,34.37088889,-100.014,0,1,0,0,1,1,0,4,2,1,0,1,0,0000000,0,45,0,53,1,23,0,0,0,1,0
48,480579,2,2,0,0,0,4,4,113,1730,25,3,2013,2,4,59,1,13,8,SL12 S BUCKNER BLVD,CORDELL DR,84,32.75224722,-96.68295,0,12,6,0,2,3,0,1,3,1,0,1,0,0000000,5,2,5,7,5,33,0,0,0,1,0
48,480580,1,1,0,0,0,1,1,13,0,26,3,2013,3,2,53,0,3,3,SR-16,,135,28.997875,-98.57624167,0,42,0,0,1,1,0,4,2,1,0,1,0,0000000,88,88,88,88,88,88,0,0,0,1,1
48,480581,2,2,0,0,0,12,12,135,0,26,3,2013,3,7,10,1,13,8,SL338,CR-YUKON RD,256,31.923175,-102.3483278,0,12,6,0,2,2,0,1,4,1,0,1,0,0000000,7,20,7,25,7,49,0,0,0,3,0
48,480582,4,4,0,0,0,4,4,29,6090,27,3,2013,4,14,55,1,11,1,I-10,,204,29.48490278,-98.53328611,0,12,1,1,18,1,0,1,1,1,0,1,0,0000000,99,99,99,99,99,99,14,0,0,1,0
48,480583,1,1,0,0,0,1,1,29,6293,29,3,2013,6,0,57,0,16,5,N. EVANS RD,,0,29.59758056,-98.31226111,0,30,0,0,1,1,0,4,6,1,0,1,0,0000000,88,88,88,88,88,88,0,0,0,1,1
48,480584,1,1,0,0,0,1,1,1,0,30,3,2013,7,18,45,0,4,8,FM 315,,29,32.02522778,-95.61223056,0,1,0,0,1,1,0,4,1,1,0,1,0,0000000,88,88,88,88,88,88,0,0,0,1,0
48,480585,1,1,0,0,0,3,3,255,0,30,3,2013,7,0,0,0,6,4,CR-179,CR-180,0,28.72903056,-97.97629167,0,38,0,0,3,3,0,4,2,1,0,1,0,0000000,99,99,99,99,99,99,0,0,0,1,1
48,480586,1,1,0,0,0,1,1,329,4560,30,3,2013,7,15,7,1,13,8,SL 250,,229,32.05216944,-102.0504083,0,33,0,0,1,1,0,4,1,1,0,1,0,0000000,88,88,88,88,88,88,0,0,0,1,1
48,480588,2,2,0,0,0,4,4,407,0,30,3,2013,7,17,37,0,3,8,FM 2025,CR-HICKMAN CREEK DR,69,30.47090833,-95.13202778,1,12,1,0,3,3,0,1,1,1,0,1,0,0000000,99,99,99,99,99,99,0,0,0,1,0
48,480589,1,1,0,0,0,2,2,439,2450,30,3,2013,7,2,23,1,13,8,FM 1187 RENDON CROWLEY,,205,32.57830278,-97.31234444,0,32,0,0,1,1,0,4,2,2,3,3,0,0000000,2,23,2,27,3,8,0,0,0,1,1
48,480590,2,1,1,0,0,1,1,451,6080,30,3,2013,7,19,21,0,16,5,ROCK BROOK DR,,0,31.41981111,-100.4919,0,43,0,0,1,1,0,4,1,1,0,1,0,0000000,88,88,88,88,88,88,0,0,0,1,1
48,480592,4,4,0,0,0,5,5,439,2450,31,3,2013,1,6,50,1,11,1,I-20 RONALD REAGAN MEMORIAL HW,,112,32.66436111,-97.29051944,0,18,0,0,1,1,0,1,1,10,0,10,0,0000000,7,2,7,8,7,47,14,19,0,1,0
48,480593,1,1,0,1,1,1,1,201,3280,1,3,2013,6,18,3,0,16,5,D AMICO ST,ROCHOW,0,29.75933889,-95.40038611,0,8,0,0,2,2,0,1,5,1,0,1,0,0000000,99,98,99,98,88,88,0,0,0,1,0
48,480594,1,1,0,0,0,4,4,113,1730,2,3,2013,7,2,55,1,12,7,US-175 C F HAWN FWY,,44,32.72088889,-96.69584167,0,1,0,0,5,1,0,1,2,1,0,1,0,0000000,2,56,3,2,3,32,20,0,0,1,1
48,480595,2,2,0,0,0,3,3,51,0,5,1,2013,7,20,39,0,3,8,FM60,,8,30.39080556,-96.55185,0,12,6,0,1,1,0,1,2,5,0,5,0,0000000,99,99,99,99,99,99,0,0,0,1,0
48,480596,1,1,0,1,1,1,1,201,3280,2,2,2013,7,18,30,0,16,5,GESSNER DR,,0,29.816725,-95.54513333,0,8,0,0,1,1,0,1,3,1,0,1,0,0000000,18,35,18,43,19,23,0,0,0,1,1
48,480597,2,2,0,0,0,2,2,67,0,5,2,2013,3,7,12,0,3,3,SR-155,,167,32.8827,-94.602575,0,12,8,0,1,1,0,1,4,10,0,10,0,0000000,99,98,99,98,88,88,0,0,0,1,0
48,480598,2,2,0,0,0,4,4,215,0,1,3,2013,6,21,15,0,15,8,FM1423 VAL VERDE RD,,65,26.20467778,-98.08271389,0,12,7,0,1,1,0,1,2,1,0,1,0,0000000,99,99,99,99,99,99,0,0,0,1,0
48,480599,1,1,0,0,0,1,1,379,0,2,3,2013,7,10,22,0,6,4,CR-1300,,0,32.80666111,-95.79875,0,1,0,0,1,1,0,1,1,1,0,1,0,0000000,99,99,99,99,99,99,0,0,0,1,0
48,480600,2,2,0,0,0,2,2,135,0,5,3,2013,3,5,15,1,13,8,SL338,,181,31.93558611,-102.4374806,0,12,2,0,1,1,0,1,2,1,0,1,0,0000000,99,98,99,98,88,88,0,0,0,1,0
48,480601,1,1,0,0,0,4,4,289,0,5,3,2013,3,22,10,1,1,1,I-45,,198,31.36978056,-96.01876944,0,1,0,0,1,1,0,3,2,1,0,1,0,0000000,22,23,23,0,23,38,0,0,0,1,1
48,480602,2,2,0,0,0,2,2,309,7210,5,3,2013,3,17,55,0,16,5,22ND ST,OLIVE AVE,0,31.57378889,-97.17305833,0,12,6,0,2,2,0,1,1,1,0,1,0,0000000,18,7,18,16,18,51,0,0,0,1,0
48,480603,1,1,0,0,0,1,1,329,0,5,3,2013,3,6,55,1,2,3,SR-158,,145,31.94833056,-101.9162694,0,38,0,0,1,1,0,4,2,1,0,1,0,0000000,88,88,88,88,88,88,0,0,0,1,1
48,480604,1,1,0,0,0,1,1,479,0,5,3,2013,3,6,27,1,1,1,I-35,,244,27.996,-99.368,0,42,0,0,1,1,0,4,4,1,0,1,0,0000000,99,99,99,99,99,99,0,0,0,1,0
48,480605,2,2,0,0,0,2,2,139,4570,6,3,2013,4,20,40,1,12,7,US-67,,18,32.46606944,-97.03063056,0,12,1,0,1,1,0,1,2,1,0,1,0,0000000,99,98,99,98,88,88,23,0,0,1,0
48,480606,2,2,0,0,0,2,2,47,2290,6,3,2013,4,22,50,1,13,2,US-281,SR-285/RICE ST,302,27.22632222,-98.14121667,0,12,6,0,2,2,1,1,3,1,0,1,0,0000000,99,99,99,99,99,99,0,0,0,1,0
48,480607,1,1,0,1,1,1,1,39,5249,9,3,2013,7,3,15,1,13,8,FM 518/BROADWAY ST,MORENCI,36,29.55929444,-95.32253056,0,8,0,0,2,2,0,1,2,10,0,10,0,0000000,88,88,88,88,88,88,0,0,0,1,1
48,480608,2,2,0,0,0,2,2,439,3840,9,3,2013,7,6,40,1,12,3,SR-199/LAKE WORTH BLVD,,93,32.81057778,-97.42880556,0,12,2,0,1,1,0,1,4,2,0,2,0,0000000,99,98,99,98,88,88,0,0,0,1,1
48,480609,2,2,0,0,0,2,2,111,0,11,3,2013,2,9,26,0,5,8,FM3489/MACKEY LN,FM1727,0,36.07953056,-102.5851639,0,12,6,0,2,2,0,1,1,1,0,1,0,0000000,9,24,9,29,9,49,0,0,0,1,0
48,480610,2,2,0,0,0,3,3,215,0,12,3,2013,3,16,25,0,6,4,CR-MILE 6 RD,CR-SAN VICENTE,0,26.25396944,-98.00856111,0,12,6,0,3,3,0,1,1,1,0,1,0,0000000,16,33,16,57,17,15,0,0,0,1,0
48,480611,1,1,0,0,0,3,3,439,2450,12,3,2013,3,22,15,0,16,5,CLEBURNE RD,,0,32.61371389,-97.38853889,0,30,0,0,1,1,0,4,3,1,0,1,0,0000000,22,18,22,21,23,1,0,0,0,1,1
48,480612,1,1,0,0,0,1,1,27,3690,13,3,2013,4,19,40,0,16,5,WEST LN,,0,31.10287778,-97.75340833,0,1,0,0,1,1,0,1,2,1,0,1,0,0000000,99,99,99,99,99,99,0,0,0,1,0
48,480613,1,1,0,0,0,1,1,41,970,13,3,2013,4,7,34,1,12,3,SR-6,,201,30.72006389,-96.41501667,0,1,0,1,19,1,0,4,1,1,0,1,0,0000000,99,99,99,99,99,99,0,0,0,1,0
48,480614,1,1,0,0,0,2,2,29,6090,14,3,2013,5,3,33,1,11,1,I-35,,106,29.29913056,-98.62966111,0,52,0,0,1,1,0,3,2,1,0,1,0,0000000,3,33,3,43,4,34,0,0,0,1,1
48,480615,2,2,0,0,0,4,4,61,0,15,3,2013,6,18,15,0,4,8,PR-100,,209,26.16721111,-97.17426667,0,12,6,0,1,1,0,1,1,1,0,1,0,0000000,99,99,99,99,99,99,0,0,0,1,1
48,480616,3,3,0,0,0,7,7,439,3840,15,3,2013,6,20,47,0,14,8,FM 1220,,98,32.81845556,-97.42003611,0,12,6,0,1,1,0,1,3,1,0,1,0,0000000,99,98,99,98,88,88,0,0,0,1,0
48,480617,2,2,0,2,2,8,8,29,6090,16,3,2013,7,22,30,0,16,5,COMMERCE,,0,29.42011111,-98.47150833,0,8,0,0,1,1,0,1,3,1,0,1,0,0000000,22,30,22,35,22,54,14,0,0,2,0
48,480618,2,1,1,0,0,1,1,201,0,16,3,2013,7,14,53,0,6,4,CR-WIND FREE DR,WIND FOREST DR,0,29.89347778,-95.54590278,0,33,0,0,3,10,0,3,1,10,0,10,0,0000000,14,59,15,11,15,42,0,0,0,1,0
48,480619,2,2,0,0,0,3,3,429,0,16,3,2013,7,14,30,0,4,8,FM 207,,157,32.67909722,-98.79814167,0,1,0,0,1,1,0,4,1,1,0,1,0,0000000,99,99,99,99,99,99,0,0,0,1,1
48,480620,4,4,0,0,0,7,7,439,2850,16,3,2013,7,20,28,1,12,3,SR-114,,101,32.93021944,-97.04749722,0,12,1,0,1,1,0,1,2,1,0,1,0,0000000,20,32,20,38,21,14,0,0,0,1,0
48,480621,4,4,0,0,0,6,6,201,0,19,3,2013,3,10,17,1,12,7,US-90 CROSBY FWY,UVALDE,140,29.82893333,-95.18255278,0,12,6,0,2,2,0,1,1,1,0,1,0,0000000,10,28,10,43,10,56,14,0,0,1,0
48,480622,2,2,0,0,0,3,3,201,3280,21,3,2013,5,5,35,0,16,5,HEMPSTEAD,WEST BY NORTHWEST BLVD,0,29.85561111,-95.53565833,0,12,1,0,2,3,0,1,2,1,0,1,0,0000000,5,44,5,51,6,17,0,0,0,1,0
48,480623,1,1,0,0,0,3,3,285,0,21,3,2013,5,7,28,0,3,8,UA90,,43,29.45405278,-96.87233889,0,32,0,0,1,1,0,4,4,1,0,1,0,0000000,7,34,8,6,10,4,0,0,0,2,0
48,480624,1,1,0,0,0,1,1,21,0,22,3,2013,6,23,45,0,4,8,FM3000,,38,30.36165556,-97.32778889,0,42,0,0,1,1,0,4,2,1,0,1,0,0000000,88,88,88,88,88,88,0,0,0,1,1
48,480625,1,1,0,1,1,1,1,273,3700,22,3,2013,6,20,9,1,13,3,SR-141 E KING AVE,,127,27.51562778,-97.8591,0,8,0,0,1,1,0,1,5,1,0,1,0,0000000,20,20,20,20,20,49,0,0,0,1,0
48,480626,2,2,0,0,0,3,3,329,4560,22,3,2013,6,22,10,0,16,5,S MIDKIFF RD,,0,31.96607222,-102.1076528,0,24,0,1,19,1,0,4,2,6,0,6,0,0000000,22,16,22,20,22,43,0,0,0,1,1
48,480627,2,2,0,0,0,7,7,339,0,22,3,2013,6,22,26,0,6,4,CR-WALNUT CREEK LN,,0,30.11893889,-95.72734167,0,12,2,0,1,1,0,1,6,1,0,1,0,0000000,22,30,22,36,23,35,0,0,0,1,1
48,480628,3,3,0,0,0,5,5,37,0,23,3,2013,7,17,58,0,3,3,SR-8 N MCCOY BLVD,,57,33.48964722,-94.408,0,12,6,0,1,1,0,1,1,2,0,2,0,0000000,18,4,18,12,18,58,14,0,0,2,0
48,480629,1,1,0,0,0,1,1,41,970,23,3,2013,7,8,17,1,13,8,FM1179,,123,30.63848333,-96.36073611,0,42,0,0,1,1,0,4,1,2,0,2,0,0000000,88,88,88,88,88,88,0,0,0,1,0
48,480630,1,1,0,0,0,1,1,85,4230,23,3,2013,7,16,48,0,16,5,MCKINNEY RANCH PKWY,,0,33.15883889,-96.65483611,0,1,0,0,1,1,0,4,1,10,0,10,0,0000000,16,48,16,54,17,12,0,0,0,1,0
48,480631,2,2,0,0,0,2,2,187,6290,23,3,2013,7,9,12,1,11,1,I-10,,124,29.57828611,-98.00141944,0,57,0,0,1,1,0,3,1,10,0,10,0,0000000,99,98,99,98,88,88,0,0,0,1,0
48,480632,2,2,0,0,0,3,3,201,0,23,3,2013,7,3,51,1,12,3,SR-249,,187,29.91070556,-95.47929167,0,12,6,0,8,1,0,1,3,10,0,10,0,0000000,99,98,99,98,88,88,0,0,0,1,1
48,480633,1,1,0,0,0,2,2,203,4080,23,3,2013,7,20,11,1,13,2,US-80,,11,32.50348889,-94.68258333,0,32,0,0,1,1,0,3,2,2,0,2,0,0000000,20,16,20,23,20,37,0,0,0,1,1
48,480634,1,1,0,0,0,1,1,215,0,23,3,2013,7,0,23,0,6,4,CR-BRIDGE AVE MILE4 1/2 RD,,0,26.13087778,-97.98204167,0,30,0,0,1,1,0,4,2,1,0,1,0,0000000,88,88,88,88,88,88,0,0,0,1,0
48,480635,2,2,0,0,0,4,4,135,0,24,3,2013,1,10,45,1,11,1,I-20,,329,31.81646667,-102.3909278,0,12,2,0,1,1,0,1,1,1,0,1,0,0000000,10,38,10,46,11,7,0,0,0,2,0
48,480636,1,1,0,1,1,1,1,113,1730,25,3,2013,2,0,30,1,11,1,I-30,,109,32.79785,-96.68385833,0,8,0,0,1,1,0,1,3,1,0,1,0,0000000,99,98,99,98,88,88,0,0,0,1,0
48,480637,3,3,0,1,1,2,2,367,5705,25,3,2013,2,6,25,1,13,3,SR-199,,154,32.925825,-97.61027778,0,12,6,0,1,1,0,1,2,1,0,1,0,0000000,99,98,99,98,88,88,15,23,0,1,0
48,480638,1,1,0,0,0,1,1,437,0,25,3,2013,2,7,37,1,1,1,I-27,,153,34.51894444,-101.79515,0,59,0,0,1,1,0,3,2,1,0,1,0,0000000,88,88,88,88,88,88,0,0,0,1,0
48,480639,1,1,0,0,0,2,2,157,6660,26,3,2013,3,13,34,0,16,5,AUSTIN PKWY,,0,29.58065278,-95.61206389,0,30,0,0,1,1,0,3,1,1,0,1,0,0000000,13,37,13,42,14,39,0,0,0,2,0
48,480640,1,1,0,0,0,1,1,199,4172,26,3,2013,3,23,38,1,13,2,US-69,,93,30.26446389,-94.22175,0,58,0,0,1,1,0,4,2,1,0,1,0,0000000,88,88,88,88,88,88,0,0,0,1,1
48,480641,1,1,0,0,0,2,2,203,0,27,3,2013,4,19,42,0,3,8,FM2625,,97,32.42975,-94.44366944,0,1,0,0,1,1,0,4,5,1,0,1,0,0000000,19,56,20,8,20,31,0,0,0,1,1
48,480642,2,2,0,0,0,5,5,339,0,27,3,2013,4,17,35,0,3,3,SR-242,CR-KROPIK RD,174,30.21958056,-95.24576111,0,12,2,0,2,2,0,1,1,1,0,1,0,0000000,17,41,18,6,18,46,0,0,0,1,1
48,480643,2,2,0,0,0,3,3,1,5170,28,3,2013,5,21,24,1,13,2,US-79/OAK ST,,36,31.73208333,-95.67394167,0,12,8,0,1,1,0,1,3,1,0,1,0,0000000,99,99,99,99,99,99,0,0,0,1,0
48,480644,2,2,0,0,0,3,3,233,780,28,3,2013,5,21,10,0,13,3,SR-136/CEDAR,BULLDOG BLVD,0,35.66291944,-101.3985528,0,12,6,0,2,3,0,1,3,1,0,1,0,0000000,21,18,21,44,22,25,0,0,0,1,0
48,480645,2,2,0,0,0,4,4,419,0,28,3,2013,5,14,42,0,3,3,SR-7,,69,31.87413333,-94.10456389,0,12,6,0,8,1,0,1,1,1,0,1,0,0000000,14,57,15,27,99,99,0,0,0,1,0