STATE,ST_CASE,VE_TOTAL,VE_FORMS,PVH_INVL,PEDS,PERNOTMVIT,PERMVIT,PERSONS,COUNTY,CITY,DAY,MONTH,YEAR,DAY_WEEK,HOUR,MINUTE,NHS,ROAD_FNC,ROUTE,TWAY_ID,TWAY_ID2,MILEPT,LATITUDE,LONGITUD,SP_JUR,HARM_EV,MAN_COLL,RELJCT1,RELJCT2,TYP_INT,WRK_ZONE,REL_ROAD,LGT_COND,WEATHER1,WEATHER2,WEATHER,SCH_BUS,RAIL,NOT_HOUR,NOT_MIN,ARR_HOUR,ARR_MIN,HOSP_HR,HOSP_MN,CF1,CF2,CF3,FATALS,DRUNK_DR
48,480646,3,3,0,0,0,9,9,491,6780,28,3,2013,5,20,24,1,13,2,US-79/SECOND ST,,30,30.560475,-97.45706944,0,12,6,0,8,1,0,1,2,1,0,1,0,0000000,20,28,20,32,21,6,14,0,0,2,0
48,480647,1,1,0,0,0,1,1,3,0,29,3,2013,6,15,57,0,3,8,FM1788,,96,32.19148056,-102.3572,0,1,0,0,1,1,0,4,1,1,0,1,0,0000000,88,88,88,88,88,88,0,0,0,1,0
48,480648,2,2,0,0,0,4,4,5,0,29,3,2013,6,18,57,1,2,2,US-69,,185,31.42085,-94.8053,0,12,6,0,8,1,0,1,1,1,0,1,0,0000000,19,6,19,29,20,36,0,0,0,1,0
48,480649,2,2,0,0,0,3,3,29,6090,29,3,2013,6,13,5,1,13,8,SL-353,,258,29.33032778,-98.59266667,0,12,6,0,8,1,0,1,1,10,0,10,0,0000000,13,30,13,45,14,10,0,0,0,1,0
48,480650,3,3,0,0,0,4,4,201,0,29,3,2013,6,21,11,1,11,7,I-10,MASON RD,37,29.78563611,-95.75145833,0,12,6,1,2,2,0,1,3,10,0,10,0,0000000,99,98,99,98,88,88,0,0,0,1,0
48,480651,1,1,0,1,1,1,1,201,9997,29,3,2013,6,22,51,1,13,8,FM528,,23,29.52440278,-95.14234722,0,8,0,0,1,1,0,1,2,2,0,2,0,0000000,88,88,88,88,88,88,0,0,0,1,0
48,480652,1,1,0,1,1,1,1,215,4197,29,3,2013,6,9,33,0,16,5,TRENTON AVE HEB PARKING LOT,,0,26.26681944,-98.21797222,0,8,0,0,1,1,0,1,1,1,0,1,0,0000000,9,33,9,40,10,0,0,0,0,1,0
48,480653,1,1,0,0,0,1,1,369,0,29,3,2013,6,12,17,1,2,2,US-60,,152,34.544075,-102.857875,0,30,0,0,1,1,0,4,1,1,0,1,0,0000000,99,99,99,99,99,99,0,0,0,1,0
48,480654,2,2,0,1,1,1,1,389,0,29,3,2013,6,5,10,1,1,1,I-20,,284,31.3063,-103.7996389,0,12,6,0,1,1,0,1,2,1,0,1,0,0000000,5,17,5,40,6,24,19,15,0,1,0
48,480655,1,1,0,1,1,2,2,405,0,29,3,2013,6,20,3,0,3,3,SR-147,,141,31.22162222,-94.32625556,0,8,0,0,1,1,0,1,2,1,0,1,0,0000000,99,98,99,98,88,88,0,0,0,1,0
48,480656,2,2,0,0,0,3,3,9,0,30,3,2013,7,14,43,0,4,3,SR-25,FM368,81,33.68683056,-98.744975,0,12,6,0,2,2,0,1,1,1,0,1,0,0000000,14,43,15,10,15,38,0,0,0,1,1
48,480657,1,1,0,0,0,1,1,39,0,30,3,2013,7,17,55,0,6,4,CR-748,,0,29.3885,-95.48698056,0,1,0,0,1,1,0,1,1,1,0,1,0,0000000,88,88,88,88,88,88,0,0,0,1,1
48,480658,1,1,0,0,0,2,2,157,6660,30,3,2013,7,4,29,1,13,8,FM2759 CRABB RIVER RD,,54,29.55642778,-95.69299167,0,33,0,0,1,1,0,4,2,10,0,10,0,0000000,99,98,99,98,88,88,0,0,0,2,1
48,480659,1,1,0,0,0,1,1,339,0,30,3,2013,7,16,10,0,4,8,FM149,,138,30.42962778,-95.69284444,0,1,0,0,1,1,0,4,1,1,0,1,0,0000000,99,99,99,99,99,99,0,0,0,1,0
48,480660,1,1,0,0,0,1,1,355,0,30,3,2013,7,5,41,1,2,3,SR-44,,8,27.78338889,-97.60615833,0,1,0,0,1,1,0,3,2,10,0,10,0,0000000,99,99,5,47,6,21,0,0,0,1,1
48,480661,1,1,0,0,0,2,2,439,260,30,3,2013,7,2,42,0,16,5,GREAT SOUTHWEST PKWY,ABRAM ST,0,32.73773333,-97.04603333,0,46,0,0,3,2,0,4,3,2,0,2,0,0000000,99,99,99,99,99,99,0,0,0,1,1
48,480662,1,1,0,1,1,1,1,439,4300,30,3,2013,7,2,34,1,13,8,FM 1187,,292,32.58761111,-97.16867778,0,8,0,0,1,1,0,1,2,2,0,2,0,0000000,99,98,99,98,88,88,0,0,0,1,1
48,480663,1,1,0,0,0,1,1,39,0,31,3,2013,1,21,57,0,6,4,CR-45,,0,29.24607778,-95.40224444,0,11,0,0,1,1,0,1,2,1,0,1,0,0000000,88,88,88,88,88,88,0,0,0,1,1
48,480664,2,2,0,0,0,2,2,39,130,31,3,2013,1,18,28,1,13,3,SR-35,FM 2403,151,29.38991389,-95.25201667,0,12,6,0,3,2,0,1,3,2,0,2,0,0000000,18,37,19,2,19,21,0,0,0,1,0
48,480665,1,1,0,0,0,1,1,91,4870,31,3,2013,1,3,43,0,14,5,BS-46C SEGUIN AVE,,207,29.70178611,-98.12573889,0,30,0,0,1,1,0,4,3,1,0,1,0,0000000,99,99,99,99,99,99,0,0,0,1,0
48,480666,1,1,0,0,0,1,1,131,0,31,3,2013,1,8,16,0,4,8,FM 1329,,227,27.42214167,-98.26480556,0,1,0,0,1,1,0,4,2,1,0,1,0,0000000,99,98,99,98,88,88,0,0,0,1,0
48,480667,1,1,0,0,0,1,1,469,0,31,3,2013,1,18,17,0,6,4,CR-REIMANN RD,,0,28.79093889,-97.06424722,0,1,0,0,1,1,0,4,1,1,0,1,0,0000000,99,99,99,99,99,99,0,0,0,1,1
48,480668,2,2,0,0,0,4,4,491,2620,31,3,2013,1,15,13,0,16,5,WILLIAMS DRIVE,DELL WEBB BLVD,0,30.69976667,-97.73945,0,12,6,0,2,3,0,1,1,2,0,2,0,0000000,15,13,15,19,16,2,0,0,0,2,0
48,480669,1,1,0,1,1,1,1,29,6090,1,4,2013,2,23,9,1,13,8,SL 13 MILITARY DR,,16,29.35661944,-98.53356111,0,8,0,0,1,1,0,1,3,1,0,1,0,0000000,99,99,99,99,88,88,0,0,0,1,0
48,480670,2,2,0,0,0,3,3,61,940,1,4,2013,2,12,47,1,12,2,US-77,,342,25.95154444,-97.50477778,0,12,1,1,5,1,0,1,1,10,0,10,0,0000000,12,47,12,54,13,4,0,0,0,1,0
48,480671,3,3,0,0,0,5,5,91,0,1,4,2013,2,15,40,1,13,8,FM306,,83,29.8939,-98.21063611,0,12,8,0,1,1,0,1,1,1,0,1,0,0000000,16,8,16,19,16,43,0,0,0,1,1
48,480672,3,3,0,0,0,4,4,339,1510,1,4,2013,2,9,15,1,11,7,I-45,CRIGHTON RD,105,30.26549722,-95.45734444,0,12,1,1,3,3,0,1,1,10,0,10,0,0000000,99,99,99,99,99,99,0,0,0,1,0
48,480673,2,2,0,0,0,2,2,395,0,1,4,2013,2,4,35,0,3,3,SR-14,SR-6,55,31.11467222,-96.71208056,0,12,6,0,2,3,0,1,2,10,0,10,0,0000000,99,98,99,98,88,88,0,0,0,1,0
48,480674,1,1,0,1,1,3,3,89,0,2,4,2013,3,15,32,0,3,8,UA90,,247,29.58948056,-96.39296389,0,8,0,0,1,1,0,1,1,10,0,10,0,0000000,99,99,99,99,99,99,0,0,0,1,0
48,480675,2,2,0,1,1,3,3,141,2190,2,4,2013,3,20,29,1,13,8,BU54A DYER ST,E SUNVALLEY DR,143,31.91014722,-106.4013917,0,8,0,0,2,2,0,1,3,1,0,1,0,0000000,20,29,20,36,21,0,0,0,0,1,0
48,480676,1,1,0,0,0,1,1,205,0,2,4,2013,3,6,0,0,4,8,FM281,,86,36.03703611,-102.3925389,0,1,0,0,1,1,0,4,3,2,0,2,0,0000000,7,16,7,31,8,3,0,0,0,1,0
48,480677,4,4,0,0,0,5,5,255,0,2,4,2013,3,9,31,1,2,2,US-181,,48,28.95898056,-97.99247222,0,12,2,0,1,1,0,1,1,10,0,10,0,0000000,10,8,10,38,11,11,14,0,0,1,0
48,480678,1,1,0,1,1,2,2,303,4140,2,4,2013,3,21,21,0,16,5,50TH ST,,0,33.548775,-101.8575472,0,8,0,0,1,1,0,1,3,10,0,10,0,0000000,21,24,21,26,21,42,0,0,0,1,0
48,480679,3,3,0,1,1,2,2,341,0,2,4,2013,3,5,56,1,2,7,US-87,,111,35.86562222,-101.9830694,0,23,0,0,1,1,0,4,3,3,0,3,0,0000000,6,1,6,4,6,47,19,0,0,1,0
48,480680,1,1,0,1,1,1,1,401,0,2,4,2013,3,10,20,1,2,2,US-259,,27,32.33507778,-94.86857778,0,8,0,0,1,1,0,1,1,1,0,1,0,0000000,99,98,99,98,88,88,0,0,0,1,0
48,480681,2,2,0,0,0,2,2,453,330,2,4,2013,3,11,38,0,14,8,FM3177/DECKER LN,,44,30.29387222,-97.62629722,0,12,6,0,1,1,0,1,1,10,0,10,0,0000000,11,40,11,52,12,17,0,0,0,1,0
48,480682,1,1,0,1,1,1,1,201,0,3,4,2013,4,21,25,0,6,4,CR-ALDERSON,,0,29.78805556,-95.1761,0,8,0,0,1,1,0,1,3,2,0,2,0,0000000,99,99,99,99,99,99,0,0,0,1,0
48,480683,1,1,0,1,1,1,1,209,6170,3,4,2013,4,1,33,1,11,1,I-35,,75,29.87805278,-97.92749167,0,8,0,0,1,1,0,1,3,2,0,2,0,0000000,1,34,1,42,2,18,0,0,0,1,0
48,480684,1,1,0,0,0,1,1,215,4650,3,4,2013,4,16,30,1,12,2,US-83,,196,26.19662222,-98.29491667,0,1,0,0,1,1,0,4,1,1,0,1,0,0000000,16,32,16,40,16,59,0,0,0,1,0
48,480685,1,1,0,0,0,2,2,375,0,3,4,2013,4,6,50,1,11,1,I-40,,292,35.2073,-101.6523389,0,24,0,0,1,1,0,3,2,2,0,2,0,0000000,7,19,7,38,8,9,0,0,0,1,0
48,480686,1,1,0,1,1,1,1,113,1190,4,4,2013,5,21,50,0,16,5,BELTLINE RD,,0,32.953825,-96.90628889,0,8,0,0,1,1,0,1,3,10,0,10,0,0000000,21,57,21,59,22,24,0,0,0,1,1
48,480687,2,2,0,1,1,2,2,113,6001,4,4,2013,5,6,38,1,13,3,SR-66/LAKEVIEW,,328,32.90906111,-96.589925,0,9,0,0,1,1,0,1,2,10,0,10,0,0000000,6,39,6,45,7,6,0,0,0,1,0
48,480688,3,3,0,0,0,5,5,135,0,4,4,2013,5,2,10,1,1,1,I-20,,196,31.73671944,-102.5929306,0,12,2,0,1,1,0,1,2,1,0,1,0,0000000,2,13,2,27,3,17,0,0,0,1,1
48,480689,1,1,0,0,0,2,2,157,0,4,4,2013,5,23,0,0,4,8,FM2759,,23,29.53261944,-95.66473056,0,11,0,0,1,1,0,1,2,1,0,1,0,0000000,99,99,99,99,99,99,0,0,0,1,1
48,480690,1,1,0,1,1,3,3,201,0,4,4,2013,5,6,34,0,6,4,CR-GULF BANK RD,,0,29.88941389,-95.38352778,0,8,0,0,1,1,0,1,2,1,0,1,0,0000000,99,98,99,98,88,88,0,0,0,1,0
48,480691,1,1,0,0,0,3,3,303,0,4,4,2013,5,18,9,0,4,8,FM 400,,216,33.53225,-101.6572611,0,1,0,0,1,1,0,4,1,1,0,1,0,0000000,18,11,18,12,19,3,0,0,0,2,0
48,480692,2,2,0,0,0,2,2,329,4560,4,4,2013,5,12,21,0,16,5,LONGVIEW AVE,,0,31.97570833,-102.0711667,0,12,6,0,8,1,0,1,1,1,0,1,0,0000000,99,99,99,99,99,99,0,0,0,1,0
48,480693,2,2,0,0,0,2,2,439,260,4,4,2013,5,21,0,1,12,3,SR-360 WATSON RD,SP 303 PIONEER PKWY,147,32.71222778,-97.06241944,0,24,0,1,3,2,0,4,3,1,0,1,0,0000000,21,0,21,7,21,26,0,0,0,1,1
48,480694,1,1,0,0,0,1,1,41,1440,5,4,2013,6,11,39,0,14,8,FM 2154 WELLBORN RD,SOUTHWEST PKWY,100,30.59100556,-96.33089167,0,35,0,0,3,3,0,4,1,1,0,1,0,0000000,88,88,88,88,88,88,0,0,0,1,0
48,480696,1,1,0,0,0,1,1,161,0,5,4,2013,6,17,0,1,1,1,I-45,,57,31.55191944,-96.13079444,0,1,0,0,1,1,0,4,1,10,0,10,0,0000000,88,88,88,88,88,88,0,0,0,1,0
48,480697,1,1,0,0,0,2,2,181,0,5,4,2013,6,23,45,0,6,4,CR-WATERCREST DR,,0,33.8228,-96.70390833,0,1,0,0,1,1,0,4,3,1,0,1,0,0000000,0,45,1,3,1,36,0,0,0,1,1
48,480698,1,1,0,0,0,4,4,205,0,5,4,2013,6,4,45,1,2,2,US-87,,151,35.87767778,-102.3898056,0,43,0,0,1,1,1,3,2,1,0,1,0,0000000,4,50,5,14,6,18,0,0,0,1,0
48,480699,1,1,0,0,0,5,5,353,0,5,4,2013,6,18,10,0,4,8,FM 608,,154,32.24346111,-100.4787306,0,1,0,0,1,1,0,4,1,1,0,1,0,0000000,99,99,99,99,99,99,0,0,0,2,0
48,480700,2,2,0,0,0,2,2,381,0,5,4,2013,6,21,17,0,4,8,FM 2186,,45,35.11721944,-101.9823694,0,12,1,0,8,1,0,1,2,1,0,1,0,0000000,99,98,99,98,88,88,0,0,0,1,0
48,480701,1,1,0,0,0,1,1,411,0,5,4,2013,6,17,15,0,4,8,RM 501,,46,30.98001944,-98.635275,0,43,0,0,1,1,0,4,1,1,0,1,0,0000000,88,88,88,88,88,88,0,0,0,1,0
48,480702,2,2,0,0,0,3,3,25,0,6,4,2013,7,17,30,1,2,2,US-181,,11,28.64746389,-97.81845833,0,12,2,0,1,1,0,2,1,1,0,1,0,0000000,99,99,99,99,99,99,0,0,0,2,0
48,480703,2,2,0,0,0,3,3,113,1730,6,4,2013,7,0,15,1,13,8,SL 12 WALTON WALKER BLVD,,93,32.692625,-96.89267222,0,1,0,0,1,1,0,1,3,10,0,10,0,0000000,0,18,0,29,0,59,0,0,0,1,1
48,480704,1,1,0,0,0,1,1,113,1730,6,4,2013,7,22,20,1,12,2,US-175 C F HAWN FWY,,63,32.70432222,-96.66660833,0,24,0,0,1,1,0,10,3,1,0,1,0,0000000,22,26,22,34,22,48,0,0,0,1,1
48,480705,5,5,0,0,0,13,13,201,0,6,4,2013,7,11,35,1,13,8,FM 1960,,284,29.99928056,-95.20637222,0,12,6,0,1,1,0,1,1,1,0,1,0,0000000,11,40,11,52,12,19,0,0,0,1,0
48,480706,1,1,0,0,0,1,1,201,0,6,4,2013,7,22,50,1,1,1,I-10 RAMP,,472,29.79133333,-95.04991111,0,24,0,1,5,1,0,4,2,1,0,1,0,0000000,88,88,88,88,88,88,0,0,0,1,1
48,480707,1,1,0,0,0,1,1,201,3280,6,4,2013,7,23,5,1,11,7,I-610,,351,29.74147222,-95.45760278,0,33,0,1,19,1,0,4,3,1,0,1,0,0000000,88,88,88,88,88,88,0,0,0,1,0
48,480708,1,1,0,0,0,6,6,201,3280,6,4,2013,7,23,39,0,16,5,EDGEBROOK DR,,0,29.65084167,-95.21446944,0,31,0,0,1,1,0,4,3,10,0,10,0,0000000,23,39,23,45,0,30,0,0,0,1,0
48,480709,1,1,0,0,0,1,1,201,9997,6,4,2013,7,7,0,1,12,3,SR-288 SOUTH FWY,,114,29.59281944,-95.38617778,0,31,0,1,19,1,0,8,1,10,0,10,0,0000000,88,88,88,88,88,88,0,0,0,1,0
48,480710,1,1,0,0,0,1,1,209,6170,6,4,2013,7,23,0,0,16,5,HILLCREST DR,,0,29.89641111,-97.94785278,0,1,0,0,1,1,0,1,2,1,0,1,0,0000000,23,1,23,10,0,2,0,0,0,1,0
48,480711,2,2,0,0,0,5,5,215,0,6,4,2013,7,12,1,0,6,4,CR-SHARP RD,ROGERS RD,0,26.31846389,-98.07770278,0,12,6,0,2,2,0,1,1,1,0,1,0,0000000,99,99,99,99,99,99,0,0,0,1,0
48,480712,3,3,0,0,0,3,3,259,0,6,4,2013,7,2,30,1,1,1,I-10,,98,29.89213056,-98.81441944,0,12,1,0,1,1,0,1,2,1,0,1,0,0000000,99,98,99,98,88,88,0,0,0,1,0
48,480713,1,1,0,0,0,2,2,265,0,6,4,2013,7,23,5,0,6,4,CR-BEAR CREEK RD,,0,30.06135833,-99.20899444,0,42,0,0,1,1,0,4,2,1,0,1,0,0000000,23,15,23,19,23,44,0,0,0,1,0
48,480714,2,2,0,0,0,5,5,375,150,6,4,2013,7,16,59,0,16,5,ROSS-MIRROR ST,,0,35.21624722,-101.8183583,0,12,2,0,1,1,0,1,1,1,0,1,0,0000000,99,99,99,99,99,99,0,0,0,1,1
48,480715,2,2,0,0,0,2,2,467,0,6,4,2013,7,12,20,0,4,3,SR-110,,69,32.59193889,-95.66056389,0,12,2,0,1,1,0,1,1,1,0,1,0,0000000,99,99,99,99,99,99,0,0,0,1,0
48,480716,1,1,0,0,0,1,1,497,0,6,4,2013,7,9,58,0,6,4,CR-4227,,0,33.17641667,-97.5472,0,1,0,0,1,1,0,4,1,1,0,1,0,0000000,88,88,88,88,88,88,0,0,0,1,0
48,480717,2,2,0,0,0,5,5,29,6090,7,4,2013,1,15,0,1,13,8,SL-13 MILITARY DR,CURTIS,44,29.35675278,-98.48624167,0,12,1,0,2,2,0,1,1,1,0,1,0,0000000,15,2,15,12,15,45,0,0,0,1,1
48,480718,1,1,0,0,0,1,1,61,940,7,4,2013,1,19,22,0,16,5,SAN MARCELO BLVD,,0,25.95880556,-97.49204722,0,33,0,0,1,1,0,4,1,1,0,1,0,0000000,19,23,19,31,19,47,0,0,0,1,0
48,480719,1,1,0,0,0,1,1,95,0,7,4,2013,1,5,5,1,2,2,US-87,,1,31.21630556,-99.82413056,0,53,0,0,1,1,0,4,2,1,0,1,0,0000000,88,88,88,88,88,88,0,0,0,1,1
48,480720,1,1,0,0,0,1,1,149,0,7,4,2013,1,15,40,0,6,4,CR-POST OAK RD,,0,29.99956944,-96.84708889,0,38,0,0,1,1,0,4,1,1,0,1,0,0000000,88,88,88,88,88,88,0,0,0,1,1
48,480721,1,1,0,0,0,4,4,163,1930,7,4,2013,1,18,10,1,1,1,I-35,,115,28.661475,-99.18191389,0,1,0,0,1,1,0,3,1,1,0,1,0,0000000,99,99,99,99,99,99,0,0,0,1,0
48,480722,1,1,0,1,1,2,2,183,4080,7,4,2013,1,1,41,1,13,2,US-80,,121,32.50195833,-94.75973889,0,8,0,0,1,1,0,1,3,1,0,1,0,0000000,1,42,1,50,2,2,0,0,0,1,0
48,480723,1,1,0,1,1,1,1,201,3280,7,4,2013,1,2,50,1,12,2,US-290 NORTHWEST FWY,,347,29.84131944,-95.49255556,0,8,0,0,1,1,0,1,3,1,0,1,0,0000000,99,98,99,98,88,88,0,0,0,1,0
48,480724,1,1,0,0,0,2,2,201,3280,7,4,2013,1,3,41,1,11,1,I-610,,35,29.73968611,-95.26493611,0,52,0,0,1,1,0,4,3,1,0,1,0,0000000,3,41,3,50,4,21,0,0,0,1,1
48,480725,1,1,0,0,0,3,3,309,0,7,4,2013,1,9,45,1,11,1,I-35,,93,31.47207778,-97.16346667,0,24,0,0,1,1,1,4,1,1,0,1,0,0000000,99,99,99,99,99,99,0,0,0,1,0
48,480726,2,2,0,0,0,2,2,321,0,7,4,2013,1,6,46,0,4,3,SR-60,,266,28.77174444,-95.94071944,0,12,2,0,1,1,0,1,2,1,0,1,0,0000000,99,99,99,99,99,99,0,0,0,1,0
48,480727,2,2,0,0,0,5,5,373,1560,7,4,2013,1,16,33,0,3,2,US-287,S RAYBURN HILL DR,113,30.99061389,-94.79958333,0,12,6,0,2,3,0,1,1,1,0,1,0,0000000,99,99,99,99,99,99,0,0,0,2,0
48,480728,1,1,0,0,0,1,1,443,0,7,4,2013,1,12,35,0,4,8,RM2400,,237,30.52132778,-102.05565,0,1,0,0,1,1,0,4,1,1,0,1,0,0000000,88,88,88,88,88,88,0,0,0,1,1
48,480729,2,2,0,0,0,2,2,451,0,7,4,2013,1,21,43,0,4,8,FM2288,,26,31.52695556,-100.5635278,0,12,6,0,1,1,0,1,2,1,0,1,0,0000000,21,44,21,55,22,32,0,0,0,1,0
48,480730,3,3,0,0,0,4,4,453,0,7,4,2013,1,15,9,0,6,4,CR-HAMILTON POO RD,,0,30.35991111,-98.169475,0,12,2,0,1,1,0,1,1,1,0,1,0,0000000,15,11,15,34,17,41,0,0,0,1,0
48,480731,1,1,0,0,0,1,1,473,0,7,4,2013,1,13,51,0,4,8,FM 1489,,39,29.74268333,-95.97849167,0,59,0,0,1,1,0,4,1,1,0,1,0,0000000,88,88,88,88,88,88,0,0,0,1,0
48,480732,1,1,0,0,0,1,1,71,0,8,4,2013,2,0,10,0,4,8,FM 563,,48,29.83416111,-94.67650556,0,42,0,0,1,1,0,4,2,1,0,1,0,0000000,88,88,88,88,88,88,0,0,0,1,1
48,480733,1,1,0,1,1,1,1,85,4230,8,4,2013,2,6,22,1,13,2,US-380 W. UNIVERSITY DR,LAKE FOREST DR,72,33.21813611,-96.67917778,0,8,0,0,3,2,0,1,2,1,0,1,0,0000000,6,27,6,39,6,59,0,0,0,1,0
48,480734,1,1,0,0,0,1,1,113,4530,8,4,2013,2,21,17,1,11,1,I-635,,76,32.80493333,-96.62728611,0,1,0,0,1,1,0,10,3,10,0,10,0,0000000,88,88,88,88,88,88,0,0,0,1,0
48,480735,5,2,3,0,0,3,3,167,2570,8,4,2013,2,15,0,0,16,5,13TH ST,M AVE,0,29.29856667,-94.78645833,0,12,6,0,2,2,0,1,1,1,0,1,0,0000000,15,23,15,25,15,44,14,0,0,1,1
48,480736,1,1,0,0,0,1,1,227,640,8,4,2013,2,0,37,0,14,3,SR-176 ANDREWS HWY,,110,32.26111389,-101.5045333,0,59,0,0,1,1,0,3,2,1,0,1,0,0000000,88,88,88,88,88,88,0,0,0,1,0
48,480737,1,1,0,0,0,1,1,279,0,8,4,2013,2,11,8,0,6,4,CR-65,,0,34.1039,-102.5714528,0,10,0,0,6,1,0,1,1,1,0,1,0,014864N,88,88,88,88,88,88,0,0,0,1,0
48,480738,1,1,0,1,1,0,0,291,0,8,4,2013,2,14,59,0,6,4,CR-2058,,0,30.23915833,-94.69461944,0,8,0,0,8,1,0,1,1,1,0,1,0,0000000,99,99,99,99,99,99,0,0,0,1,0
48,480739,2,2,0,0,0,3,3,309,5845,8,4,2013,2,21,36,1,13,2,US-77 N ROBINSON DR,PEPLOW DR,50,31.47959444,-97.119625,0,12,1,0,3,2,0,1,3,1,0,1,0,0000000,21,34,21,48,21,59,0,0,0,1,0
48,480740,1,1,0,1,1,1,1,375,150,8,4,2013,2,17,57,1,11,1,I-40,,209,35.19324722,-101.7961167,0,8,0,1,18,1,0,1,1,1,0,1,0,0000000,88,88,88,88,88,88,0,0,0,1,0
48,480741,2,2,0,0,0,3,3,423,0,8,4,2013,2,12,35,1,2,2,US-271,CR-353,108,32.43654722,-95.14645,0,12,6,0,2,2,0,1,1,1,0,1,0,0000000,12,40,12,51,13,34,0,0,0,1,0
48,480742,1,1,0,0,0,1,1,39,850,9,4,2013,3,21,18,1,2,3,SR-36 N BROOKS ST,,212,29.06871944,-95.5893,0,42,0,0,1,1,0,4,2,10,0,10,0,0000000,88,88,88,88,88,88,0,0,0,1,0
48,480743,2,1,1,1,1,1,1,61,3780,9,4,2013,3,8,1,1,12,7,US-83,,13,26.16576667,-97.84253333,0,8,0,0,1,1,0,4,4,1,0,1,0,0000000,99,98,99,98,88,88,0,0,0,1,1
48,480744,2,1,1,0,1,1,2,201,0,9,4,2013,3,22,8,1,11,1,I-10,,397,29.77088333,-95.17338333,0,14,0,0,1,1,0,2,3,10,0,10,0,0000000,22,15,22,22,22,54,0,0,0,1,0
48,480745,1,1,0,0,0,1,1,439,2850,9,4,2013,3,23,41,0,16,5,SHADYBROOK DR,,0,32.948075,-97.08629167,0,33,0,0,1,1,0,4,3,1,0,1,0,0000000,88,88,88,88,88,88,0,0,0,1,0
48,480746,2,2,0,0,0,2,2,59,0,9,4,2013,3,0,12,1,1,1,I-20,,41,32.4262,-99.57163889,0,12,1,0,1,1,0,1,2,1,0,1,0,0000000,0,32,0,43,1,4,0,0,0,1,1
48,480747,1,1,0,1,1,1,1,453,330,9,4,2013,3,6,4,1,12,3,SR-71,,150,30.20269167,-97.63874722,0,8,0,0,1,1,1,1,2,10,0,10,0,0000000,6,9,6,14,6,34,0,0,0,1,0
48,480748,1,1,0,1,1,1,1,37,0,10,4,2013,4,21,50,0,15,8,FM2516,QUAILBROOK RD,1,33.36831944,-94.12265556,0,8,0,0,2,3,0,1,2,10,0,10,0,0000000,99,98,99,98,88,88,0,0,0,1,0
48,480749,3,3,0,0,0,4,4,39,0,10,4,2013,4,17,15,0,6,4,CR-172 PARKER SCHOOL RD,,0,29.35520833,-95.30063056,0,12,8,0,1,1,0,1,1,10,0,10,0,0000000,99,99,99,99,99,99,0,0,0,1,0
48,480750,2,2,0,0,0,3,3,59,0,10,4,2013,4,13,18,0,4,8,FM2228,,193,32.26343056,-99.22659167,0,12,2,0,1,1,0,1,1,10,0,10,0,0000000,13,26,13,53,14,28,0,0,0,1,0
48,480751,2,2,0,0,0,2,2,217,0,10,4,2013,4,22,20,0,3,3,SR-22,,109,31.97518056,-97.25860278,0,12,2,0,1,1,0,1,2,1,0,1,0,0000000,22,28,22,55,23,41,0,0,0,2,0
48,480752,1,1,0,0,0,46,46,113,3420,11,4,2013,5,8,59,0,16,5,PRESIDENT GEORGE BUSH TURNPIKE,,0,32.87960556,-96.98969167,0,20,0,0,1,1,0,4,1,1,0,1,0,0000000,9,1,9,13,9,33,0,0,0,3,0
48,480753,2,2,0,0,0,2,2,119,0,11,4,2013,5,7,26,1,2,3,SR-24,,106,33.36439444,-95.71941944,0,12,2,0,1,1,0,1,1,10,0,10,0,0000000,99,98,99,98,88,88,0,0,0,2,1
48,480754,1,1,0,0,0,1,1,181,1830,11,4,2013,5,21,55,0,14,3,SR-91,,3,33.75165833,-96.54636111,0,58,0,0,1,1,0,1,1,1,0,1,0,0000000,99,99,99,99,99,99,0,0,0,1,1
48,480755,3,3,0,0,0,4,4,201,3280,11,4,2013,5,5,20,1,11,1,I-69/US-59,,79,29.75908611,-95.35102222,0,12,2,0,1,1,0,1,3,2,0,2,0,0000000,5,23,5,29,6,10,0,0,0,1,0
48,480756,2,2,0,0,0,5,5,293,0,11,4,2013,5,15,30,0,6,4,CR-498,CR-496,0,31.67354444,-96.42279722,0,12,6,0,2,2,0,1,1,1,0,1,0,0000000,15,36,15,55,16,30,0,0,0,1,0
48,480757,2,2,0,0,0,2,2,361,0,11,4,2013,5,12,10,0,15,8,FM-1078,BANCROFT RD,8,30.13844444,-93.812025,0,12,6,0,2,3,0,1,1,10,0,10,0,0000000,12,12,12,20,13,14,0,0,0,1,0
48,480758,2,2,0,0,0,4,4,27,6810,12,4,2013,6,13,35,0,15,8,FM 93,FM 1741,138,31.03728056,-97.39250556,0,12,6,0,2,3,0,1,1,1,0,1,0,0000000,99,99,99,99,99,99,0,0,0,1,0
48,480759,2,2,0,0,0,4,4,157,0,12,4,2013,6,7,41,0,4,8,FM 359,,195,29.62962222,-95.799975,0,12,6,0,1,1,0,1,1,1,0,1,1,0000000,7,41,7,51,8,35,0,0,0,1,0
48,480760,2,2,0,0,0,2,2,183,0,12,4,2013,6,12,34,0,4,8,FM 2087,,47,32.419525,-94.80205556,0,12,2,0,1,1,0,1,1,1,0,1,0,0000000,12,35,12,48,13,42,0,0,0,1,0