STATE,ST_CASE,VE_TOTAL,VE_FORMS,PVH_INVL,PEDS,PERNOTMVIT,PERMVIT,PERSONS,COUNTY,CITY,DAY,MONTH,YEAR,DAY_WEEK,HOUR,MINUTE,NHS,ROAD_FNC,ROUTE,TWAY_ID,TWAY_ID2,MILEPT,LATITUDE,LONGITUD,SP_JUR,HARM_EV,MAN_COLL,RELJCT1,RELJCT2,TYP_INT,WRK_ZONE,REL_ROAD,LGT_COND,WEATHER1,WEATHER2,WEATHER,SCH_BUS,RAIL,NOT_HOUR,NOT_MIN,ARR_HOUR,ARR_MIN,HOSP_HR,HOSP_MN,CF1,CF2,CF3,FATALS,DRUNK_DR
48,480761,2,2,0,0,0,2,2,201,3890,12,4,2013,6,12,4,0,16,5,13TH ST,FAIRMONT PKWY,0,29.65226111,-95.03267778,0,12,6,0,2,3,0,1,1,1,0,1,0,0000000,12,7,12,25,12,55,0,0,0,1,0
48,480762,2,2,0,0,0,2,2,309,0,12,4,2013,6,20,30,0,4,8,FM 185,,65,31.52116944,-97.47193333,0,11,0,0,1,1,0,1,2,1,0,1,0,0000000,20,37,20,43,21,27,0,0,0,1,1
48,480763,2,2,0,0,0,3,3,469,0,12,4,2013,6,13,30,1,2,2,US-87,FM 1686,254,28.71952222,-96.87373056,0,12,6,0,2,2,0,1,1,1,0,1,0,0000000,13,34,13,52,14,40,0,0,0,1,0
48,480764,2,2,0,0,0,6,6,29,6090,13,4,2013,7,23,56,1,12,2,US-90,,71,29.38377222,-98.69356944,0,12,6,1,18,1,0,1,2,1,0,1,0,0000000,0,9,0,25,0,55,0,0,0,4,1
48,480765,1,1,0,0,0,1,1,59,0,13,4,2013,7,20,50,0,6,4,CR-100,,0,32.502425,-99.60561111,0,38,0,0,1,1,0,4,2,1,0,1,0,0000000,88,88,88,88,88,88,0,0,0,1,1
48,480766,1,1,0,0,0,1,1,61,0,13,4,2013,7,18,21,0,15,8,FM 3069,,0,26.12938889,-97.433775,0,43,0,0,1,1,0,4,1,1,0,1,0,0000000,88,88,88,88,88,88,0,0,0,1,1
48,480767,3,3,0,0,0,4,4,113,5730,13,4,2013,7,22,50,1,12,2,US-75 CENTRAL EXPY,,38,32.94008889,-96.74581111,0,12,1,1,18,1,0,1,3,1,0,1,0,0000000,22,57,23,9,23,39,0,0,0,1,1
48,480768,2,2,0,0,0,2,2,157,0,13,4,2013,7,18,30,0,6,7,CR-ALIEF CLODINE,,0,29.70781944,-95.68706667,0,33,0,1,19,1,0,10,1,1,0,1,0,0000000,99,99,99,99,99,99,14,0,0,1,0
48,480769,2,2,0,0,0,1,1,201,0,13,4,2013,7,2,10,0,6,4,CR-ADLONG SCHOOL RD,,0,29.93304444,-95.02091111,0,12,2,0,1,1,0,1,2,1,0,1,0,0000000,2,30,2,52,3,22,0,0,0,1,1
48,480770,1,1,0,0,0,5,5,361,5100,13,4,2013,7,15,51,1,11,7,I-10,,127,30.13009444,-93.90427778,0,1,0,0,1,1,0,4,1,1,0,1,0,0000000,99,99,99,99,99,99,0,0,0,1,0
48,480771,1,1,0,1,1,5,5,427,2582,13,4,2013,7,22,5,1,2,2,US-83,,353,26.329475,-98.69691944,0,8,0,0,1,1,0,1,2,1,0,1,0,0000000,99,98,99,98,88,88,0,0,0,1,0
48,480772,1,1,0,0,0,1,1,453,0,13,4,2013,7,20,53,0,4,8,FM969,,280,30.22323611,-97.49092222,0,1,0,0,1,1,0,4,2,1,0,1,0,0000000,88,88,88,88,88,88,0,0,0,1,1
48,480773,2,2,0,0,0,2,2,1,5170,14,4,2013,1,6,30,1,13,2,US-79 W OAK ST,,47,31.72278056,-95.68879444,0,12,6,0,1,1,1,1,4,1,0,1,0,0000000,99,98,99,98,88,88,0,0,0,1,0
48,480774,2,1,1,0,0,1,1,27,3690,14,4,2013,1,17,46,0,16,5,BRIDGEWOOD DR,JACK BARNES AVE,0,31.08099444,-97.79888056,0,1,0,0,2,10,0,1,1,1,0,1,0,0000000,99,98,99,98,88,88,0,0,0,1,1
48,480775,2,2,0,0,0,6,6,113,1730,14,4,2013,1,14,52,1,13,8,FM1382 S BELTLINE RD,EAGLE FORD DR,78,32.64345833,-96.97348611,0,12,6,0,2,3,0,1,1,1,0,1,0,0000000,14,57,15,3,15,27,0,0,0,1,0
48,480776,1,1,0,1,1,1,1,201,3280,14,4,2013,1,1,45,0,16,5,MCGOWEN ST,,0,29.74788333,-95.37821667,0,8,0,0,1,1,0,1,3,1,0,1,0,0000000,99,99,99,99,99,99,0,0,0,1,0
48,480777,3,3,0,0,0,4,4,201,3280,14,4,2013,1,4,13,1,12,3,SR-8,,92,29.93898056,-95.35598056,0,12,2,1,18,1,0,1,3,1,0,1,0,0000000,99,99,99,99,99,99,0,0,0,2,2
48,480778,1,1,0,0,0,2,2,339,0,14,4,2013,1,2,30,0,6,4,CR-N CLARK RD,,0,30.48617778,-95.43445833,0,42,0,0,1,1,0,4,2,10,0,10,0,0000000,99,98,99,98,88,88,0,0,0,2,1
48,480779,2,2,0,0,0,3,3,439,3347,14,4,2013,1,13,13,1,13,3,SR-10 W HURST BLVD,MELBOURNE RD,29,32.80914167,-97.19824167,0,12,6,0,2,3,0,1,1,1,0,1,0,0000000,13,13,13,19,13,41,0,0,0,1,1
48,480780,2,2,0,0,0,5,5,453,0,14,4,2013,1,20,15,1,2,3,SR-71,WOLF LN,48,30.18256667,-97.54121944,0,12,6,0,2,2,0,1,2,1,0,1,0,0000000,20,15,20,28,21,11,0,0,0,1,1
48,480781,1,1,0,1,1,1,1,473,0,14,4,2013,1,2,9,0,6,4,CR-GARRETT RD,,0,29.84565,-96.05143333,0,8,0,0,1,1,0,1,2,1,0,1,0,0000000,99,99,99,99,99,99,0,0,0,1,0
48,480782,1,1,0,0,0,9,9,63,0,15,4,2013,2,9,53,0,4,8,FM1520,,32,33.05157222,-95.015975,0,23,0,0,1,1,0,4,1,1,0,1,0,0000000,9,59,10,4,10,35,0,0,0,1,0
48,480783,2,2,0,0,0,2,2,85,200,15,4,2013,2,16,29,1,2,3,SR-121 SAM RAYBURN HWY,,74,33.339875,-96.47073333,0,12,99,0,1,1,0,1,1,1,0,1,0,0000000,99,98,99,98,88,88,0,0,0,1,0
48,480784,1,1,0,0,0,3,3,157,0,15,4,2013,2,2,58,0,4,8,FM1093,,25,29.702525,-95.74137222,0,1,0,0,1,1,0,4,2,1,0,1,0,0000000,99,99,3,3,3,53,0,0,0,1,1
48,480786,1,1,0,0,0,1,1,303,4140,15,4,2013,2,21,56,0,16,5,82ND ST,ABERDEEN AVE,0,33.51990278,-101.9251361,0,19,0,0,3,3,0,4,3,1,0,1,0,0000000,88,88,88,88,88,88,0,0,0,1,0
48,480787,1,1,0,0,0,1,1,395,0,15,4,2013,2,10,55,0,4,8,FM937,,25,31.29428056,-96.36353333,0,32,0,0,1,1,0,4,1,1,0,1,0,0000000,99,99,99,99,99,99,0,0,0,1,0
48,480788,1,1,0,1,1,1,1,439,2450,15,4,2013,2,23,35,0,16,5,PORTALES AVE,S NORMANDALE ST,0,32.72842778,-97.46953611,0,8,0,0,3,3,0,1,3,1,0,1,0,0000000,99,99,99,99,99,99,0,0,0,1,0
48,480789,1,1,0,0,0,1,1,467,0,15,4,2013,2,11,45,0,4,3,SR-198,,117,32.42104444,-95.99245833,0,38,0,0,1,1,0,4,1,1,0,1,0,0000000,99,99,99,99,99,99,0,0,0,1,0
48,480790,1,1,0,0,0,1,1,5,0,16,4,2013,3,14,0,0,6,4,CR-EL PASO,,0,31.21586111,-94.79887778,0,42,0,0,1,1,0,4,1,1,0,1,0,0000000,88,88,88,88,88,88,0,0,0,1,0
48,480792,2,2,0,0,0,3,3,135,0,16,4,2013,3,9,22,1,13,3,SR-302,BI20E/2ND,38,31.82380556,-102.4077778,0,12,6,1,2,3,0,1,1,1,0,1,0,0000000,9,25,9,28,9,32,0,0,0,1,0
48,480793,2,2,0,0,0,2,2,147,0,16,4,2013,3,0,40,0,3,3,SR-121,,121,33.54573056,-96.21328056,0,12,2,0,1,1,0,1,2,1,0,1,0,0000000,0,50,0,59,1,34,0,0,0,1,0
48,480794,3,3,0,0,0,5,5,201,0,16,4,2013,3,6,35,0,6,4,CR-CLAY RD,CR-PORTER RD,0,29.83125,-95.78997778,0,12,6,0,2,2,0,1,1,1,0,1,0,0000000,6,47,6,54,7,57,0,0,0,1,0
48,480795,1,1,0,0,0,3,3,201,3280,16,4,2013,3,22,50,0,16,5,PARDEE RD,,0,29.80583333,-95.32376111,0,30,0,0,1,1,0,5,3,10,0,10,0,0000000,23,14,23,21,23,40,0,0,0,1,0
48,480796,2,2,0,0,0,2,2,265,3670,16,4,2013,3,17,48,0,14,3,SR-173/BANDERA HWY,,12,30.02113056,-99.12881111,0,12,6,0,1,1,0,1,1,1,0,1,0,0000000,18,12,18,14,18,51,0,0,0,1,1
48,480797,1,1,0,0,0,1,1,303,0,16,4,2013,3,16,9,0,4,8,FM179,,49,33.63953056,-102.0096,0,1,0,0,1,1,0,4,1,1,0,1,0,0000000,99,99,99,99,99,99,0,0,0,1,0
48,480798,1,1,0,1,1,1,1,361,5100,16,4,2013,3,22,54,1,11,1,I-10,,237,30.11841944,-93.72863056,0,8,0,0,1,1,0,1,2,10,0,10,0,0000000,99,98,99,98,88,88,0,0,0,1,0
48,480799,2,2,0,0,0,3,3,29,6090,17,4,2013,4,23,43,1,13,8,SL353/NEW LAREDO HWY,PRICE AVE,228,29.36036111,-98.55626667,0,12,6,0,2,2,0,1,3,1,0,1,0,0000000,23,43,23,45,0,35,0,0,0,1,1
48,480800,2,2,0,0,0,2,2,157,0,17,4,2013,4,15,50,0,4,8,FM723,,207,29.61943056,-95.81155,0,12,2,0,1,1,0,1,1,2,0,2,0,0000000,99,98,99,98,88,88,0,0,0,1,0
48,480801,1,1,0,0,0,3,3,181,0,17,4,2013,4,16,31,0,6,4,CR-WEST LINE RD,,0,33.61585556,-96.94009722,0,38,0,0,1,1,0,4,1,10,0,10,0,0000000,17,3,17,16,18,5,0,0,0,2,1
48,480802,2,2,0,0,0,2,2,201,0,17,4,2013,4,8,20,0,6,4,CR-TELGE RD,,0,29.99199444,-95.65351389,0,12,6,0,8,1,0,1,1,1,0,1,0,0000000,8,33,8,46,9,10,0,0,0,1,1
48,480803,4,4,0,0,0,5,5,209,0,18,4,2013,5,9,20,0,4,8,RR 1826,,4,30.17884167,-97.92876667,0,12,6,0,1,1,0,1,1,2,0,2,0,0000000,9,20,9,37,10,25,0,0,0,1,0
48,480804,1,1,0,0,0,2,2,215,0,18,4,2013,5,15,15,1,2,2,US-281,,95,26.66450833,-98.11529444,0,1,0,0,1,1,0,3,1,1,0,1,0,0000000,15,25,15,54,16,23,0,0,0,1,1
48,480805,2,2,0,0,0,3,3,241,0,18,4,2013,5,16,50,1,2,2,US-96,,80,30.73214444,-93.926925,0,12,2,0,1,1,0,1,1,2,0,2,0,0000000,88,88,88,88,88,88,0,0,0,2,0
48,480806,2,1,1,0,1,1,2,251,1030,18,4,2013,5,14,45,1,11,1,I-35W S BURLESON RD,,176,32.48318333,-97.27877222,0,14,0,1,19,1,0,2,1,1,0,1,0,0000000,14,48,14,54,15,48,0,0,0,1,0
48,480807,1,1,0,0,0,1,1,265,0,18,4,2013,5,0,51,1,1,7,I-10,,28,30.27202222,-99.49869722,0,32,0,0,1,1,0,10,2,10,0,10,0,0000000,0,51,1,20,2,24,0,0,0,1,0
48,480808,1,1,0,0,0,3,3,441,30,18,4,2013,5,12,10,0,16,5,OLD ANSON RD,AMBLER AVE,0,32.47439722,-99.74451111,0,5,0,0,3,3,0,4,1,1,0,1,0,0000000,99,99,99,99,99,99,0,0,0,1,0
48,480809,2,2,0,0,0,2,2,469,7190,18,4,2013,5,11,0,0,14,8,SL 463 ZAC LENTZ PKWY,,158,28.82095,-96.93336944,0,12,6,0,1,1,0,1,1,2,0,2,0,0000000,99,98,99,98,99,98,0,0,0,1,0
48,480810,1,1,0,0,0,1,1,471,0,18,4,2013,5,1,30,0,4,3,SR-75,,103,30.769525,-95.67191667,0,1,0,0,1,1,0,4,2,1,0,1,0,0000000,88,88,88,88,88,88,0,0,0,1,1
48,480811,1,1,0,1,1,1,1,29,6090,19,4,2013,6,18,45,0,16,5,CALLAGHAN RD,,0,29.51366111,-98.55001944,0,8,0,0,1,1,0,1,1,1,0,1,0,0000000,18,49,18,55,19,12,0,0,0,1,0
48,480812,1,1,0,0,0,1,1,157,0,19,4,2013,6,1,41,1,12,3,SR-99,,63,29.64618889,-95.70869167,0,33,0,0,1,1,1,4,3,1,0,1,0,0000000,2,36,2,51,3,12,0,0,0,1,0
48,480813,2,2,0,0,0,2,2,157,3580,19,4,2013,6,18,44,1,11,1,I-10,,22,29.77745,-95.81843333,0,12,1,0,1,1,0,1,1,1,0,1,0,0000000,99,99,99,99,99,99,0,0,0,1,0
48,480814,1,1,0,0,0,1,1,315,0,19,4,2013,6,2,22,0,4,8,FM729,,26,32.852175,-94.65186389,0,32,0,0,1,1,0,4,2,1,0,1,0,0000000,88,88,88,88,88,88,0,0,0,1,0
48,480815,3,3,0,0,0,4,4,331,0,19,4,2013,6,14,31,1,2,2,US-79,,30,30.68416667,-96.93346111,0,12,2,0,1,1,0,1,1,1,0,1,0,0000000,99,98,99,98,88,88,14,0,0,1,0
48,480816,2,2,0,0,0,2,2,355,1550,19,4,2013,6,18,6,0,16,5,OCEAN DR,AYERS ST,0,27.77594444,-97.39324722,0,12,2,0,2,3,0,1,1,1,0,1,0,0000000,18,8,18,10,18,19,0,0,0,1,0
48,480817,1,1,0,0,0,1,1,373,0,19,4,2013,6,16,10,1,2,2,US-59,,260,30.77075833,-94.898575,0,59,0,0,1,1,0,4,1,1,0,1,0,0000000,88,88,88,88,88,88,0,0,0,1,0
48,480818,1,1,0,0,0,3,3,373,4020,19,4,2013,6,21,10,0,14,8,FM1316 OLD ISRAEL RD,,14,30.72733333,-94.92080556,0,53,0,0,1,1,0,4,2,1,0,1,0,0000000,21,18,21,47,22,33,0,0,0,1,0
48,480819,2,2,0,0,0,3,3,389,0,19,4,2013,6,15,50,1,1,1,I-20,,319,31.33305556,-103.7525,0,12,1,0,1,1,0,1,1,1,0,1,0,0000000,99,99,99,99,99,99,0,0,0,1,1
48,480820,2,2,0,0,0,2,2,15,0,20,4,2013,7,22,57,0,4,8,FM109,,77,29.98501389,-96.49806389,0,12,2,0,1,1,0,1,2,1,0,1,0,0000000,23,15,23,43,0,35,0,0,0,1,2
48,480821,1,1,0,1,1,1,1,39,0,20,4,2013,7,20,45,0,14,8,FM-2403,,15,29.377175,-95.25400833,0,9,0,0,1,1,0,99,2,1,0,1,0,0000000,99,98,99,98,88,88,0,0,0,1,0
48,480822,2,2,0,1,1,9,9,113,1730,20,4,2013,7,2,8,1,12,2,US-67 MARVIN D LOVE FWY,,30,32.67488056,-96.8583,0,8,0,0,1,1,0,1,3,1,0,1,0,0000000,2,11,2,16,2,47,23,0,0,1,0
48,480823,1,1,0,0,0,1,1,113,2310,20,4,2013,7,19,26,0,16,5,DENTON DR,,0,32.93093611,-96.89928611,0,33,0,0,1,1,0,4,1,1,0,1,0,0000000,88,88,88,88,88,88,0,0,0,1,0
48,480824,3,3,0,0,0,4,4,201,0,20,4,2013,7,12,25,0,14,8,FM2920,,148,30.07405278,-95.51511389,0,12,7,0,8,1,0,1,1,1,0,1,0,0000000,99,99,99,99,99,99,0,0,0,1,0
48,480825,1,1,0,1,1,1,1,253,0,20,4,2013,7,10,2,0,3,2,US-83,,187,32.7835,-99.91439167,0,8,0,0,1,1,4,2,1,1,0,1,0,0000000,99,98,99,98,88,88,0,0,0,1,0
48,480826,2,2,0,0,0,4,4,303,4140,20,4,2013,7,2,12,0,16,5,82ND ST,,0,33.51967778,-101.9216306,0,12,9,0,1,1,0,1,3,1,0,1,0,0000000,2,13,2,20,2,40,0,0,0,1,1
48,480827,1,1,0,0,0,1,1,365,0,20,4,2013,7,23,25,0,5,8,FM124,,65,32.21850833,-94.46398056,0,59,0,0,1,1,0,4,2,1,0,1,0,0000000,88,88,88,88,88,88,0,0,0,1,0
48,480828,3,3,0,2,2,1,1,439,2450,20,4,2013,7,15,48,1,11,1,I-30,,175,32.75705833,-97.26480278,0,12,7,0,1,1,0,1,1,1,0,1,0,0000000,15,49,15,57,16,23,19,0,0,1,0
48,480829,1,1,0,0,0,1,1,441,0,20,4,2013,7,14,26,1,11,1,I-20,,37,32.45850833,-99.88033056,0,1,0,0,1,1,0,10,1,1,0,1,0,0000000,99,99,99,99,99,99,0,0,0,1,1
48,480830,1,1,0,1,1,2,2,453,330,20,4,2013,7,0,50,1,12,2,US-183,LOYOLA LN,121,30.302675,-97.66108611,0,8,0,0,3,2,0,1,3,1,0,1,0,0000000,99,98,99,98,88,88,0,0,0,1,0
48,480831,1,1,0,0,0,1,1,491,330,20,4,2013,7,1,30,0,16,5,ANDERSON MILL RD,,0,30.44691389,-97.79653056,0,34,0,0,1,1,0,4,3,1,0,1,0,0000000,88,88,88,88,88,88,0,0,0,1,1
48,480832,1,1,0,0,0,1,1,29,6090,21,4,2013,1,22,16,0,16,7,JUDSON RD,,0,29.56912778,-98.36650833,0,33,0,0,1,1,0,4,3,1,0,1,0,0000000,88,88,88,88,88,88,0,0,0,1,1
48,480833,1,1,0,0,0,1,1,123,0,21,4,2013,1,5,17,1,2,2,US-87,,83,29.11823056,-97.40448611,0,1,0,0,1,1,0,4,2,1,0,1,0,0000000,88,88,88,88,88,88,0,0,0,1,0
48,480834,1,1,0,0,0,5,5,141,2190,21,4,2013,1,0,52,0,16,5,LOPEZ RD,,0,31.82526944,-106.2265806,0,39,0,0,1,1,0,4,2,1,0,1,0,0000000,1,11,1,29,1,45,0,0,0,1,0
48,480835,1,1,0,0,0,1,1,249,0,21,4,2013,1,18,13,0,6,4,CR-424,CR-420,0,27.35032222,-98.21369444,0,38,0,0,3,3,0,5,1,1,0,1,0,0000000,88,88,88,88,88,88,0,0,0,1,0
48,480836,1,1,0,0,0,1,1,287,0,21,4,2013,1,3,35,0,4,8,FM180,,70,30.23028611,-96.76164444,0,38,0,0,1,1,0,4,2,1,0,1,0,0000000,88,88,88,88,88,88,0,0,0,1,1
48,480837,1,1,0,0,0,2,2,325,0,21,4,2013,1,3,0,1,1,1,I-35,,98,29.19365,-98.83110556,0,1,0,0,1,1,0,3,2,10,0,10,0,0000000,3,13,3,29,3,59,0,0,0,1,1
48,480838,1,1,0,0,0,1,1,499,0,21,4,2013,1,2,0,0,4,3,SR-182,,103,32.80627778,-95.49411389,0,42,0,0,1,1,0,4,2,1,0,1,0,0000000,88,88,88,88,88,88,0,0,0,1,0
48,480839,1,1,0,1,1,1,1,61,940,22,4,2013,2,6,15,1,13,3,SR-4,,119,25.91878333,-97.46065833,0,8,0,0,1,1,0,1,2,1,0,1,0,0000000,99,98,99,98,88,88,0,0,0,1,0
48,480840,1,1,0,0,0,4,4,409,0,22,4,2013,2,7,24,0,6,4,CR-3567,,0,27.91768889,-97.35995833,0,1,0,0,1,1,0,4,1,1,0,1,0,0000000,7,26,7,32,7,56,0,0,0,1,0
48,480841,2,2,0,0,0,3,3,457,0,22,4,2013,2,16,53,0,4,8,FM 92,PR 8595,187,30.60104444,-94.17588889,0,12,6,0,2,3,0,1,1,1,0,1,0,0000000,17,0,17,25,18,23,0,0,0,1,0
48,480842,1,1,0,0,0,1,1,3,0,23,4,2013,3,15,51,0,4,3,SR-128,,114,32.14232778,-102.8914694,0,1,0,0,1,1,0,4,1,1,0,1,0,0000000,88,88,88,88,88,88,0,0,0,1,1
48,480843,1,1,0,0,0,2,2,69,0,23,4,2013,3,0,33,0,6,4,CR-601,,0,34.74611667,-102.1305194,0,34,0,0,1,1,0,4,2,7,0,7,0,0000000,99,99,99,99,99,99,0,0,0,1,1
48,480844,2,2,0,0,0,2,2,89,0,23,4,2013,3,1,27,0,3,3,SR-71,,21,29.81136389,-96.67858056,0,12,11,0,1,1,0,1,2,1,0,1,0,0000000,99,98,99,98,88,88,19,23,0,1,0
48,480845,1,1,0,0,0,1,1,113,1730,23,4,2013,3,4,9,0,16,5,BERNAL DR,,0,32.78728889,-96.89578333,0,1,0,0,1,1,0,1,3,10,0,10,0,0000000,4,11,4,19,4,42,0,0,0,1,1
48,480846,2,2,0,1,1,1,1,157,6568,23,4,2013,3,14,21,1,12,2,US-59,,4,29.64423056,-95.5757,0,12,1,1,18,1,0,1,1,1,0,1,0,0000000,99,99,99,99,99,99,23,0,0,1,0
48,480847,2,2,0,0,0,3,3,183,0,23,4,2013,3,22,33,1,13,2,US-259,CR-1493 HENDERSON LN,106,32.57266667,-94.73568611,0,12,6,0,2,2,0,1,2,1,0,1,0,0000000,22,36,22,43,22,54,0,0,0,1,0
48,480848,3,1,2,1,2,3,4,201,0,23,4,2013,3,14,10,1,11,2,US-59,,70,29.90261389,-95.31107778,0,30,0,0,1,1,0,5,1,1,0,1,0,0000000,14,12,14,22,14,48,14,0,0,1,0
48,480849,1,1,0,0,0,1,1,201,0,23,4,2013,3,3,12,0,6,4,CR-WADE RD,FIG ORCHARD RD,0,29.83101389,-95.01707778,0,34,0,0,1,1,0,4,2,10,0,10,0,0000000,88,88,88,88,88,88,0,0,0,1,0
48,480850,2,2,0,0,0,3,3,297,0,23,4,2013,3,22,41,1,1,1,I-37,,273,28.46603056,-98.11582778,0,12,2,0,1,1,0,1,2,10,0,10,0,0000000,22,50,23,27,0,11,0,0,0,2,1
48,480851,2,2,0,0,0,2,2,361,7200,23,4,2013,3,7,38,1,14,3,SR-12,N CREEKWOOD ST,202,30.17635,-93.92753056,0,12,6,0,2,2,0,1,1,1,0,1,0,0000000,7,40,7,51,8,41,0,0,0,1,0
48,480852,1,1,0,0,0,2,2,93,0,24,4,2013,4,21,5,0,4,8,FM587,,107,32.09745833,-98.77106111,0,32,0,0,1,1,0,4,2,1,0,1,0,0000000,99,98,99,98,88,88,0,0,0,2,0
48,480853,1,1,0,0,0,1,1,157,6660,24,4,2013,4,22,20,0,16,5,DULLES AVE,,0,29.60406944,-95.58229444,0,42,0,0,1,1,0,4,3,1,0,1,0,0000000,88,88,88,88,88,88,0,0,0,1,0
48,480854,1,1,0,0,0,1,1,29,6090,25,4,2013,5,1,0,1,1,1,I-37,,31,29.32918333,-98.41761667,0,39,0,1,5,1,0,4,3,10,0,10,0,0000000,88,88,88,88,88,88,0,0,0,1,1
48,480855,2,2,0,0,0,3,3,39,0,25,4,2013,5,6,1,0,14,3,SR-332,,57,29.04921389,-95.48792778,0,12,2,0,1,1,0,1,4,1,0,1,0,0000000,6,4,6,12,6,34,0,0,0,1,0
48,480856,1,1,0,0,0,1,1,81,0,25,4,2013,5,2,24,0,3,3,SR-158,,15,31.90831667,-100.7976694,0,1,0,0,1,1,0,1,2,1,0,1,0,0000000,99,98,99,98,88,88,0,0,0,1,0
48,480857,2,2,0,0,0,2,2,235,0,25,4,2013,5,0,53,0,3,2,US-67,,87,31.13719444,-101.2480278,0,12,2,0,1,1,0,1,3,10,0,10,0,0000000,1,9,1,43,2,11,0,0,0,1,0
48,480858,2,2,0,0,0,2,2,289,0,25,4,2013,5,15,31,0,3,3,SR-7,,31,31.24575556,-96.22239444,0,12,8,0,1,1,0,1,1,1,0,1,0,0000000,99,98,99,98,88,88,0,0,0,1,0
48,480859,1,1,0,0,0,1,1,349,1570,25,4,2013,5,23,2,0,16,5,W PARK ROW BLVD,,0,32.06325,-96.50773889,0,42,0,0,1,1,0,4,2,10,0,10,0,0000000,99,99,23,10,23,40,0,0,0,1,0
48,480860,2,2,0,0,0,5,5,423,0,25,4,2013,5,12,15,0,15,8,FM2813,CR-128,11,32.23888889,-95.33172778,0,12,2,0,2,3,0,1,1,1,0,1,0,0000000,12,18,12,29,12,59,0,0,0,1,0
48,480861,1,1,0,0,0,4,4,423,0,25,4,2013,5,22,20,0,3,3,SR-31,,193,32.36242222,-95.13264722,0,11,0,0,1,1,0,1,3,10,0,10,0,0000000,22,19,22,30,23,8,0,0,0,1,0
48,480862,1,1,0,0,0,1,1,439,2450,25,4,2013,5,0,47,1,11,1,I-30 RAMP,,125,32.72799444,-97.50747222,0,32,0,1,5,1,0,8,2,1,0,1,0,0000000,0,55,1,9,1,40,0,0,0,1,0
48,480863,1,1,0,1,1,1,1,439,2450,25,4,2013,5,21,20,1,13,8,FM 731 CROWLEY RD,SYCAMORE SCHOOL RD,130,32.63465278,-97.34876389,0,9,0,0,3,2,0,1,3,1,0,1,0,0000000,99,99,99,99,99,99,0,0,0,1,0
48,480864,2,2,0,0,0,3,3,469,0,25,4,2013,5,22,41,1,13,2,US-77 ZAC LENTZ PKWY,,40,28.84126111,-97.054025,0,12,6,0,1,1,0,1,2,10,0,10,0,0000000,88,88,88,88,88,88,0,0,0,1,1
48,480865,4,4,0,0,0,4,4,61,940,26,4,2013,6,13,43,1,12,2,US-77/83,,309,25.99816667,-97.52605278,0,12,6,1,18,1,0,1,1,10,0,10,0,0000000,13,46,13,49,14,17,0,0,0,1,0
48,480866,1,1,0,0,0,1,1,99,1540,26,4,2013,6,2,43,1,12,2,US-190,,42,31.12035278,-97.88071111,0,43,0,0,1,1,0,4,3,1,0,1,0,0000000,88,88,88,88,88,88,0,0,0,1,1
48,480867,2,2,0,0,0,4,4,135,0,26,4,2013,6,22,35,0,14,8,FM 1936,CR-42ND,151,31.86760556,-102.4512333,0,12,6,0,2,2,0,1,3,1,0,1,0,0000000,99,99,99,99,99,99,0,0,0,2,1
48,480868,3,1,2,2,4,1,3,171,0,26,4,2013,6,21,43,1,1,1,I-10,,10,30.18227778,-99.29766667,0,14,0,0,1,1,0,4,2,1,0,1,0,0000000,21,54,22,13,23,12,19,0,0,1,0
48,480869,1,1,0,0,0,4,4,181,0,26,4,2013,6,16,28,0,6,4,CR-BENNETT RD,,0,33.55112778,-96.57993611,0,38,0,0,1,1,0,4,1,10,0,10,0,0000000,16,31,17,4,17,31,0,0,0,1,0
48,480870,1,1,0,0,0,1,1,201,3280,26,4,2013,6,22,8,1,13,8,UA 90 SSGT MACARIO GARCIA DR,,200,29.75156944,-95.297975,0,25,0,0,1,1,0,3,3,1,0,1,0,0000000,88,88,88,88,88,88,0,0,0,1,1
48,480871,2,2,0,0,0,2,2,373,0,26,4,2013,6,14,44,0,3,2,US-190,FOREST HILLS LOOP,262,30.80263889,-95.062475,0,12,1,0,3,3,0,1,1,1,0,1,0,0000000,14,51,15,30,16,41,0,0,0,1,1
48,480872,1,1,0,0,0,1,1,113,1730,27,4,2013,7,3,52,1,11,1,I-30,,133,32.77715833,-96.80835833,0,24,0,0,1,1,0,4,3,1,0,1,0,0000000,88,88,88,88,88,88,0,0,0,1,1
48,480873,2,2,0,0,0,2,2,199,0,27,4,2013,7,0,10,1,2,2,US-69,,20,30.49718333,-94.39781389,0,12,1,0,1,1,0,1,2,1,0,1,0,0000000,99,98,99,98,88,88,0,0,0,1,0
48,480874,1,1,0,1,1,1,1,201,3280,27,4,2013,7,5,33,1,12,2,US-59,,54,29.72937222,-95.43288889,0,8,0,1,18,1,0,1,3,10,0,10,0,0000000,5,33,5,42,6,13,0,0,0,1,0
48,480876,1,1,0,0,0,3,3,249,0,27,4,2013,7,10,9,0,4,8,FM 738,,27,27.97851667,-97.93897222,0,1,0,0,1,1,0,4,1,1,0,1,0,0000000,99,99,99,99,99,99,0,0,0,1,0