STATE,ST_CASE,VE_TOTAL,VE_FORMS,PVH_INVL,PEDS,PERNOTMVIT,PERMVIT,PERSONS,COUNTY,CITY,DAY,MONTH,YEAR,DAY_WEEK,HOUR,MINUTE,NHS,ROAD_FNC,ROUTE,TWAY_ID,TWAY_ID2,MILEPT,LATITUDE,LONGITUD,SP_JUR,HARM_EV,MAN_COLL,RELJCT1,RELJCT2,TYP_INT,WRK_ZONE,REL_ROAD,LGT_COND,WEATHER1,WEATHER2,WEATHER,SCH_BUS,RAIL,NOT_HOUR,NOT_MIN,ARR_HOUR,ARR_MIN,HOSP_HR,HOSP_MN,CF1,CF2,CF3,FATALS,DRUNK_DR
48,480877,1,1,0,0,0,1,1,277,0,27,4,2013,7,21,30,0,4,8,FM 2122,,32,33.57215278,-95.68349167,0,42,0,0,1,1,0,4,2,1,0,1,0,0000000,88,88,88,88,88,88,0,0,0,1,1
48,480878,1,1,0,0,0,2,2,347,0,27,4,2013,7,1,20,1,2,2,US-259,,87,31.71944167,-94.67760278,0,5,0,0,1,1,0,2,2,1,0,1,0,0000000,2,4,2,13,2,26,0,0,0,1,1
48,480879,2,2,0,0,0,4,4,403,0,27,4,2013,7,13,25,1,2,2,US-96,FM 201,133,31.17705556,-93.97198333,0,12,2,0,3,3,0,1,1,1,0,1,0,0000000,99,99,99,99,99,99,0,0,0,1,0
48,480880,1,1,0,0,0,5,5,415,6440,27,4,2013,7,15,42,1,13,3,SR-350,,156,32.69283611,-100.9191556,0,30,0,0,1,1,0,4,1,1,0,1,0,0000000,15,55,16,3,17,17,0,0,0,1,0
48,480881,1,1,0,2,2,1,1,439,260,27,4,2013,7,22,43,1,13,8,SS303/PIONEER PKWY,,196,32.71073889,-97.077425,0,8,0,0,1,1,0,1,3,1,0,1,0,0000000,22,44,22,46,23,2,0,0,0,1,0
48,480882,2,2,0,1,1,2,2,113,1730,28,4,2013,1,1,28,1,13,2,US-175/CF HAWN FWY,,29,32.75411389,-96.76541111,0,8,0,0,1,1,0,1,3,1,0,1,0,0000000,99,98,99,98,88,88,0,0,0,1,0
48,480883,2,2,0,0,0,4,4,143,0,28,4,2013,1,16,32,0,3,2,US-281,,27,32.48705,-98.13496944,0,12,2,0,1,1,0,1,1,1,0,1,0,0000000,99,98,99,98,88,88,0,0,0,4,0
48,480884,1,1,0,1,1,1,1,313,0,28,4,2013,1,22,30,1,1,1,I-45,,186,31.0918,-95.96049722,0,8,0,1,17,1,0,1,2,10,0,10,0,0000000,99,98,99,98,88,88,0,0,0,1,0
48,480885,2,2,0,0,0,7,7,439,2450,28,4,2013,1,13,52,1,12,3,SR-199 JACKSBORO HWY,HANGER CUTOFF RD,35,32.85636389,-97.5129,0,12,6,0,2,2,0,1,1,1,0,1,0,0000000,99,99,99,99,88,88,0,0,0,3,0
48,480886,1,1,0,0,0,4,4,375,150,29,4,2013,2,12,0,1,12,7,US-87 DUMAS DR,,288,35.24553056,-101.8313889,0,33,0,0,1,1,0,8,1,1,0,1,0,0000000,88,88,88,88,88,88,0,0,0,1,1
48,480887,3,3,0,0,0,6,6,401,0,30,4,2013,3,16,35,0,14,3,SR-43,CR-214D,22,32.185,-94.76806111,0,12,1,0,2,3,0,1,1,1,0,1,0,0000000,99,99,99,99,99,99,0,0,0,2,0
48,480888,1,1,0,1,1,1,1,181,0,20,4,2013,7,22,29,1,2,2,US-82,,257,33.65136944,-96.5091,0,8,0,0,1,1,0,1,2,1,0,1,0,0000000,22,26,22,33,22,56,0,0,0,1,1
48,480889,2,2,0,0,0,3,3,441,30,9,1,2013,4,18,52,1,11,7,I-20/OVERLAND TRL,,49,32.47384444,-99.69491667,0,59,0,0,1,1,1,4,2,2,0,2,0,0000000,99,99,99,99,99,99,0,0,0,1,0
48,480890,1,1,0,0,0,1,1,475,4660,19,1,2013,7,19,25,1,13,8,BI-20D/SEALY AVE,,143,31.57907778,-102.9501194,0,59,0,0,1,1,0,3,3,1,0,1,0,0000000,19,28,19,32,19,53,0,0,0,1,0
48,480891,1,1,0,0,0,1,1,201,0,23,2,2013,7,21,0,1,13,2,US-290,,165,29.96320278,-95.68801111,0,25,0,0,1,1,0,3,3,1,0,1,0,0000000,88,88,88,88,88,88,0,0,0,1,1
48,480892,3,3,0,0,0,3,3,201,3280,5,3,2013,3,3,1,1,12,2,US-290,,367,29.82015833,-95.46935556,0,25,0,0,1,1,0,3,3,10,0,10,0,0000000,99,98,99,98,88,88,14,0,0,1,1
48,480893,2,2,0,0,0,4,4,439,2450,12,3,2013,3,18,25,0,16,5,OLD MANSFIELD RD,,0,32.71029444,-97.30035,0,33,0,0,1,1,0,4,1,1,0,1,0,0000000,18,29,18,33,18,47,0,0,0,1,0
48,480894,1,1,0,0,0,2,2,303,4140,16,3,2013,7,20,33,1,11,1,I-27,,55,33.57341111,-101.842825,0,18,0,0,1,1,0,1,3,1,0,1,0,0000000,20,36,20,38,20,57,0,0,0,1,1
48,480895,1,1,0,1,1,1,1,201,3280,21,3,2013,5,13,25,0,16,5,S POST OAK RD,,0,29.66396389,-95.46388611,0,8,0,0,1,1,0,1,1,10,0,10,0,0000000,13,28,13,37,14,1,0,0,0,1,0
48,480896,3,3,0,0,0,5,5,201,3280,27,3,2013,4,1,20,1,13,3,SR-3 GALVESTON RD,E EDGEBROOK DR,38,29.64786944,-95.22126667,0,12,6,0,2,2,0,1,2,1,0,1,0,0000000,1,21,1,26,2,12,0,0,0,2,2
48,480897,4,4,0,0,0,5,5,329,0,27,4,2013,7,5,45,1,2,3,SR-158,,117,31.96200833,-101.9646056,0,12,8,0,1,1,0,1,2,1,0,1,0,0000000,6,14,6,26,7,12,14,0,0,2,0
48,480898,1,1,0,0,0,2,2,165,0,5,4,2013,6,1,38,0,6,4,CR-421,,0,32.56084722,-102.4310333,0,1,0,0,1,1,0,4,2,1,0,1,0,0000000,99,99,99,99,99,99,0,0,0,1,1
48,480899,2,2,0,0,0,2,2,201,3280,5,4,2013,6,22,43,1,11,1,I-45,,269,29.79789167,-95.37187222,0,1,0,0,1,1,0,1,3,1,0,1,0,0000000,99,98,99,98,88,88,0,0,0,1,1
48,480900,2,2,0,0,0,3,3,371,0,8,4,2013,2,17,29,0,3,2,US-67,,277,30.59531944,-103.3140972,0,12,2,0,1,1,0,1,1,6,0,6,0,0000000,17,33,18,4,18,57,0,0,0,1,0
48,480901,1,1,0,0,0,2,2,201,3280,9,4,2013,3,1,20,0,16,5,BELLAIRE BLVD,,0,29.70505,-95.52055,0,33,0,0,1,1,0,4,3,1,0,1,0,0000000,1,20,1,25,2,0,0,0,0,1,0
48,480902,1,1,0,0,0,1,1,349,0,10,4,2013,4,1,0,0,5,8,FM 3041,,105,32.12599444,-96.43161667,0,1,0,0,1,1,0,4,2,1,0,1,0,0000000,99,99,99,99,99,99,0,0,0,1,0
48,480904,1,1,0,1,1,2,2,201,0,13,4,2013,7,21,51,1,11,1,I-10,,381,29.77064167,-95.18333889,0,8,0,1,18,1,0,1,3,1,0,1,0,0000000,88,88,88,88,88,88,0,0,0,1,0
48,480905,1,1,0,0,0,1,1,27,0,14,4,2013,1,19,0,0,4,8,FM 2843,,98,30.90303333,-97.68700833,0,43,0,0,1,1,0,4,1,1,0,1,0,0000000,19,16,19,34,19,58,0,0,0,1,0
48,480906,2,2,0,0,0,2,2,355,5850,16,4,2013,3,23,52,1,13,3,SR-44,,105,27.78490556,-97.64516667,0,12,6,0,1,1,0,1,3,1,0,1,0,0000000,88,88,88,88,88,88,0,0,0,1,0
48,480907,2,2,0,1,1,6,6,453,330,18,4,2013,5,20,35,1,11,1,I-35,,250,30.36063889,-97.68643611,0,8,0,0,1,1,0,1,3,1,0,1,0,0000000,88,88,88,88,88,88,0,0,0,1,0
48,480908,1,1,0,1,1,1,1,113,1730,21,4,2013,1,22,45,1,11,7,I-45 JULIUS SCHEPPS FWY,,191,32.76235833,-96.77474722,0,9,0,1,19,1,0,3,3,1,0,1,0,0000000,22,56,23,2,23,35,16,20,0,1,0
48,480909,2,2,0,0,0,4,4,453,330,21,4,2013,1,20,24,1,12,2,US-290,JOE TANNER LN,1,30.23542778,-97.8577,0,12,1,0,3,3,0,1,3,1,0,1,0,0000000,99,99,99,99,99,99,0,0,0,1,1
48,480910,1,1,0,0,0,2,2,183,4080,22,4,2013,2,3,38,1,11,1,I-20,,159,32.44812778,-94.71499722,0,52,0,1,19,1,0,10,3,1,0,1,0,0000000,3,38,4,2,4,21,0,0,0,1,0
48,480911,3,3,0,0,0,1,1,39,0,23,4,2013,3,5,11,0,4,8,FM2611,,20,28.92593889,-95.61754444,0,12,1,0,1,1,0,1,2,5,0,5,0,0000000,99,98,99,98,88,88,0,0,0,1,0
48,480912,2,2,0,0,0,2,2,135,0,23,4,2013,3,19,31,1,1,1,I-20,,178,31.72398889,-102.6212167,0,12,2,0,1,1,0,1,1,1,0,1,0,0000000,99,98,99,98,88,88,0,0,0,1,1
48,480913,1,1,0,0,0,1,1,201,3280,23,4,2013,3,0,45,0,16,5,S POST OAK RD,,0,29.667275,-95.46259722,0,38,0,0,1,1,0,4,3,1,0,1,0,0000000,88,88,88,88,88,88,0,0,0,1,0
48,480914,2,2,0,0,0,4,4,239,0,23,4,2013,3,7,54,0,5,8,FM822,,158,29.02234444,-96.69432778,0,12,2,0,1,1,0,1,1,1,0,1,0,0000000,8,0,8,28,9,34,0,0,0,1,0
48,480915,1,1,0,0,0,2,2,427,0,23,4,2013,3,18,55,1,2,2,US-83,,6,26.54507778,-99.09313611,0,38,0,0,1,1,1,4,1,1,0,1,0,0000000,19,11,19,22,20,42,0,0,0,1,0
48,480916,2,2,0,0,0,2,2,91,0,24,4,2013,4,16,40,1,13,3,SR-46,,168,29.78309444,-98.32156111,0,12,2,0,1,1,0,1,1,1,0,1,0,0000000,16,45,16,58,17,19,0,0,0,1,0
48,480917,1,1,0,0,0,2,2,121,0,24,4,2013,4,15,0,0,6,4,CR-KELLER HASLET RD N,,0,33.01463056,-97.35895278,0,42,0,0,1,1,0,4,1,1,0,1,0,0000000,99,99,99,99,99,99,0,0,0,1,1
48,480918,2,2,0,0,0,2,2,245,490,24,4,2013,4,20,13,1,12,2,US-69,,26,30.14027222,-94.17467222,0,12,2,0,1,1,0,1,3,1,0,1,0,0000000,20,18,20,26,20,48,0,0,0,1,1
48,480919,1,1,0,0,0,2,2,491,0,25,4,2013,5,0,39,0,6,4,CR-228,,0,30.86896944,-97.79535278,0,30,0,0,1,1,1,4,2,1,0,1,0,0000000,99,99,99,99,99,99,0,0,0,1,1
48,480920,3,3,0,0,0,4,4,1,5170,26,4,2013,6,15,9,1,13,8,SL256,FM320,11,31.76074722,-95.65826944,0,12,6,0,2,2,0,1,1,1,0,1,0,0000000,99,99,99,99,99,99,0,0,0,1,0
48,480921,1,1,0,1,1,1,1,1,5170,27,4,2013,7,23,55,1,13,2,US-287,,35,31.73156667,-95.60225556,0,8,0,0,1,1,0,1,2,1,0,1,0,0000000,99,98,99,98,88,88,0,0,0,1,0
48,480922,1,1,0,0,0,1,1,141,0,27,4,2013,7,16,53,1,1,1,I-10,,514,31.50884167,-106.12265,0,1,0,0,1,1,0,3,1,1,0,1,0,0000000,88,88,88,88,88,88,0,0,0,1,0
48,480923,3,3,0,0,0,6,6,113,1730,23,2,2013,7,15,45,1,11,1,I-20,,95,32.66063611,-96.89297778,0,12,1,0,1,1,0,1,1,1,0,1,0,0000000,15,35,15,50,16,36,0,0,0,1,0
48,480924,1,1,0,0,0,1,1,355,0,27,4,2013,7,3,20,0,6,4,CR-63,,0,27.63713056,-97.60066944,0,34,0,0,1,1,0,4,2,10,0,10,0,0000000,88,88,88,88,88,88,0,0,0,1,1
48,480925,1,1,0,0,0,1,1,363,0,27,4,2013,7,23,5,0,3,2,US-281,,243,32.66081944,-98.09984722,0,42,0,0,1,1,0,4,2,1,0,1,0,0000000,88,88,88,88,88,88,0,0,0,1,1
48,480926,4,4,0,0,0,6,6,113,1730,28,4,2013,1,21,45,1,11,1,I-20,,73,32.66995,-96.93001389,0,12,1,0,1,1,0,1,3,1,0,1,0,0000000,21,39,21,50,23,39,0,0,0,1,0
48,480927,1,1,0,0,0,2,2,135,0,28,4,2013,1,4,55,1,2,2,US-385,,64,32.06641111,-102.4440083,0,1,0,0,1,1,0,4,2,1,0,1,0,0000000,99,99,99,99,99,99,0,0,0,1,0
48,480928,1,1,0,0,0,2,2,261,0,28,4,2013,1,12,36,1,2,2,US-77,,72,27.18006667,-97.79347778,0,42,0,0,1,1,0,4,1,2,0,2,0,0000000,99,99,99,99,99,99,0,0,0,1,0
48,480929,1,1,0,0,0,6,6,291,1770,28,4,2013,1,22,0,0,3,2,US-90,,12,29.97312778,-94.98470278,0,58,0,0,1,1,0,4,1,10,0,10,0,0000000,22,0,22,5,23,3,0,0,0,1,0
48,480930,1,1,0,0,0,2,2,387,0,28,4,2013,1,8,30,0,3,3,SR-37,,110,33.51048056,-95.21415833,0,39,0,0,1,1,0,4,1,1,0,1,0,0000000,99,99,99,99,88,88,0,0,0,2,0
48,480931,2,2,0,0,0,2,2,135,0,29,4,2013,2,13,35,1,13,2,US-385,CR-W 87TH ST,160,31.93421111,-102.4016278,0,12,6,0,3,2,0,1,1,1,0,1,0,0000000,99,99,99,99,13,41,0,0,0,1,0
48,480932,1,1,0,0,0,2,2,141,2190,29,4,2013,2,1,14,1,11,7,I-10,,272,31.77285556,-106.3812833,0,33,0,0,1,1,0,4,6,1,0,1,0,0000000,99,99,99,99,99,99,0,0,0,1,0
48,480933,1,1,0,0,0,1,1,181,6350,29,4,2013,2,8,58,1,13,2,US-82,,177,33.67076944,-96.64264444,0,35,0,0,1,1,0,10,1,1,0,1,0,0000000,9,7,9,28,10,14,0,0,0,1,0
48,480934,1,1,0,1,1,1,1,245,4840,29,4,2013,2,10,0,0,16,5,NEDERLAND AVE,N 17TH ST,0,29.97084444,-93.99291944,0,8,0,0,3,3,0,1,1,1,0,1,0,0000000,10,1,10,5,10,34,0,0,0,1,0
48,480935,2,2,0,0,0,2,2,467,0,29,4,2013,2,21,30,0,4,8,FM314,,54,32.45243611,-95.62190833,0,12,2,0,1,1,0,1,2,1,0,1,0,0000000,99,98,99,98,88,88,0,0,0,2,1
48,480936,2,2,0,0,0,8,8,209,990,30,4,2013,3,13,25,0,15,8,FM2770 JACK C HAYS TRL,,10,30.07553611,-97.85198611,0,12,6,0,1,1,0,1,1,1,0,1,0,0000000,99,99,99,99,99,99,0,0,0,2,0
48,480937,1,1,0,1,1,2,2,441,0,30,4,2013,3,2,45,1,1,1,I-20,,70,32.47481111,-100.0415556,0,8,0,0,1,1,0,1,2,1,0,1,0,0000000,99,98,99,98,88,88,19,0,0,1,0
48,480938,2,2,0,0,0,2,2,451,0,30,4,2013,3,13,13,1,2,2,US-67,,51,31.55298333,-100.2921139,0,12,1,0,1,1,0,1,1,1,0,1,0,0000000,99,99,13,13,13,35,0,0,0,1,0
48,480939,2,2,0,0,0,3,3,479,0,30,4,2013,3,2,45,0,4,3,SR-44,,131,28.03103889,-99.26295833,0,12,2,0,1,1,0,1,2,1,0,1,0,0000000,99,99,99,99,99,99,0,0,0,2,0
48,480940,2,2,0,0,0,2,2,135,0,1,5,2013,4,15,55,0,3,8,FM554,CR-GOLDENFOD DR,10,32.02103333,-102.3757444,0,12,6,0,2,2,0,1,1,1,0,1,0,0000000,99,99,16,3,16,31,0,0,0,2,0
48,480941,2,2,0,0,0,2,2,143,0,1,5,2013,4,22,15,1,2,3,SR-6,,188,32.09206944,-98.36438056,0,12,2,0,1,1,0,1,2,1,0,1,0,0000000,99,99,99,99,99,99,0,0,0,1,1
48,480942,1,1,0,1,1,1,1,201,0,1,5,2013,4,1,30,0,6,4,CR-STUEBNER AIRLINE RD,,0,30.04685556,-95.53873611,0,8,0,0,1,1,1,1,2,1,0,1,0,0000000,99,99,99,99,99,99,0,0,0,1,0
48,480943,5,5,0,0,0,10,10,481,0,1,5,2013,4,21,21,0,4,3,SR-60,,39,29.284,-96.06825,0,12,8,0,1,1,0,1,2,1,0,1,0,0000000,99,99,99,99,88,88,14,0,0,3,1
48,480944,2,2,0,0,0,2,2,3,0,2,5,2013,5,6,41,1,2,2,US-385,,166,32.29826944,-102.5397806,0,12,2,0,1,1,0,1,4,10,0,10,0,0000000,99,99,99,99,99,99,0,0,0,2,1
48,480945,1,1,0,0,0,1,1,51,0,2,5,2013,5,20,10,1,2,3,SR-21,,198,30.60128056,-96.58913056,0,42,0,0,1,1,0,5,5,6,0,6,0,0000000,88,88,88,88,88,88,0,0,0,1,0
48,480946,2,2,0,0,0,4,4,183,3680,2,5,2013,5,6,6,0,3,3,SR-42,FM 1252,57,32.43761667,-94.86210278,0,12,6,0,2,2,0,1,4,10,0,10,0,0000000,6,5,6,10,6,48,0,0,0,1,1
48,480947,1,1,0,0,0,3,3,407,0,2,5,2013,5,3,30,0,3,3,SR-156,,128,30.60423056,-95.15103056,0,42,0,0,1,1,0,5,2,1,0,1,0,0000000,3,38,4,21,5,36,0,0,0,1,1
48,480948,1,1,0,1,1,2,2,85,4230,3,5,2013,6,16,7,0,16,5,CARIG DR,ELDORADO PKWY,0,33.17231667,-96.64387778,0,8,0,0,3,2,0,1,1,1,0,1,0,0000000,16,9,16,27,16,41,0,0,0,1,0
48,480949,1,1,0,0,0,2,2,157,0,3,5,2013,6,22,40,0,6,4,CR-POOL HILL RD,,0,29.70281667,-95.94442222,0,1,0,0,1,1,0,4,2,1,0,1,0,0000000,99,98,99,98,88,88,0,0,0,1,1
48,480950,2,2,0,0,0,4,4,201,0,3,5,2013,6,23,50,0,14,8,FM 525/ALDINE BENDER RD,HARDY RD,20,29.93293056,-95.37906389,0,12,6,0,2,4,0,1,2,1,0,1,0,0000000,23,55,23,58,0,31,0,0,0,1,1
48,480951,1,1,0,0,0,3,3,201,3280,3,5,2013,6,2,17,1,12,3,SR-288 SOUTH FWY,,95,29.62030833,-95.38725,0,1,0,1,18,1,0,1,2,1,0,1,0,0000000,2,17,2,29,2,52,0,0,0,1,1
48,480952,1,1,0,1,1,2,2,215,0,3,5,2013,6,14,37,1,13,8,FM 88 TEXAS BLVD,,150,26.229325,-97.99204722,0,8,0,0,1,1,0,4,1,1,0,1,0,0000000,14,35,14,42,15,18,0,0,0,1,0
48,480953,1,1,0,0,0,1,1,231,0,3,5,2013,6,9,23,1,2,3,SR-34,,92,32.86725556,-96.14865278,0,24,0,0,1,1,0,4,1,1,0,1,0,0000000,88,88,88,88,88,88,0,0,0,1,0
48,480954,2,2,0,0,0,3,3,459,0,3,5,2013,6,18,6,0,3,3,SR-155,,62,32.65653056,-95.02545556,0,12,2,0,1,1,0,1,1,1,0,1,0,0000000,88,88,88,88,88,88,0,0,0,1,0
48,480955,2,2,0,0,0,2,2,1,0,4,5,2013,7,4,34,0,3,2,US-287,,45,31.71959722,-95.59310833,0,12,2,0,1,1,0,1,2,1,0,1,0,0000000,88,88,88,88,88,88,0,0,0,1,1
48,480956,2,2,0,0,0,2,2,27,0,4,5,2013,7,16,29,0,4,8,FM 2268,,201,30.88623056,-97.41179167,0,1,0,0,1,1,0,4,1,10,0,10,0,0000000,16,34,16,52,17,8,14,0,0,1,0
48,480957,1,1,0,0,0,2,2,39,0,4,5,2013,7,23,53,0,4,8,FM 2917,,74,29.26926111,-95.19175278,0,10,0,0,6,1,0,1,3,1,0,1,0,448634M,88,88,88,88,88,88,0,0,0,2,1
48,480958,1,1,0,1,1,1,1,85,92,4,5,2013,7,11,49,0,16,5,MAIN ST,ARBOR RIDGE DR,0,33.10010556,-96.62385556,0,15,0,0,2,2,0,1,1,1,0,1,0,0000000,11,50,11,55,12,24,0,0,0,1,0
48,480959,4,4,0,0,0,4,4,121,1840,4,5,2013,7,6,20,1,11,1,I-35W,,128,33.15012222,-97.19421389,0,12,8,0,1,1,0,1,4,1,0,1,0,0000000,6,25,6,40,6,58,0,0,0,2,1
48,480960,1,1,0,0,0,1,1,149,0,4,5,2013,7,22,0,1,1,7,I-10,,95,29.69880556,-97.04828889,0,24,0,0,1,1,0,4,2,1,0,1,0,0000000,88,88,88,88,88,88,0,0,0,1,1
48,480961,3,3,0,0,0,5,5,157,5970,4,5,2013,7,4,35,1,12,7,US-59/SW FWY,,167,29.53193333,-95.79860278,0,59,0,0,1,1,0,10,6,1,0,1,0,0000000,99,98,99,98,88,88,14,0,0,1,1
48,480962,1,1,0,0,0,3,3,199,0,4,5,2013,7,2,40,0,6,4,CR-WHEELER RD,,0,30.26503056,-94.23826944,0,42,0,0,1,1,0,4,3,1,0,1,0,0000000,99,98,99,98,88,88,0,0,0,3,1
48,480963,2,2,0,0,0,3,3,213,2938,4,5,2013,7,9,33,0,14,3,SR-334/MAIN,,158,32.33075278,-96.10329444,0,12,6,0,1,1,0,1,1,1,0,1,0,0000000,9,36,10,0,10,31,0,0,0,2,0
48,480964,2,2,0,0,0,5,5,401,0,4,5,2013,7,19,40,0,4,3,SR-315,,36,31.96676944,-94.66093056,0,12,6,0,1,1,0,1,5,1,0,1,0,0000000,99,99,99,99,99,99,0,0,0,3,0
48,480965,1,1,0,0,0,1,1,29,6090,5,5,2013,1,21,0,1,13,3,SR-PA1502/WUZBACH,,248,29.55779167,-98.51812778,0,33,0,0,1,1,0,3,1,1,0,1,0,0000000,88,88,88,88,88,88,0,0,0,1,0
48,480966,1,1,0,0,0,2,2,29,6090,5,5,2013,1,21,58,1,11,1,I-35 RAMP,,220,29.42280278,-98.50176944,0,25,0,1,5,1,0,4,2,1,0,1,0,0000000,21,58,22,0,22,25,0,0,0,1,1
48,480967,1,1,0,0,0,1,1,31,0,5,5,2013,1,19,14,0,4,8,RM1623,,23,30.16035,-98.56116111,0,38,0,0,1,1,0,4,5,1,0,1,0,0000000,88,88,88,88,88,88,0,0,0,1,1
48,480968,1,1,0,0,0,5,5,75,0,5,5,2013,1,20,50,0,5,8,FM2530,,15,34.46025278,-100.1886444,0,35,0,0,1,1,0,4,2,1,0,1,0,0000000,21,0,21,11,88,88,0,0,0,1,1
48,480969,2,2,0,0,0,5,5,113,1730,5,5,2013,1,2,47,1,13,8,SL12/NORTHWEST HWY,,210,32.85796389,-96.86210833,0,12,2,0,1,1,0,1,3,1,0,1,0,0000000,2,49,3,5,3,30,0,0,0,1,1
48,480970,1,1,0,1,1,2,2,113,1730,5,5,2013,1,2,30,1,11,1,I-45/JULIUS SCHEPPS FREEWAY,,129,32.69357222,-96.74991667,0,8,0,0,1,1,0,1,3,1,0,1,0,0000000,99,98,99,98,88,88,0,0,0,1,1
48,480971,1,1,0,1,1,1,1,113,1730,5,5,2013,1,20,30,1,14,3,SR-78 GARLAND RD,,106,32.86361667,-96.67108611,0,8,0,0,1,1,0,1,3,1,0,1,0,0000000,20,43,20,49,21,13,19,0,0,1,0
48,480972,1,1,0,0,0,2,2,113,1730,5,5,2013,1,2,23,1,11,1,I-635 LBJ FWY,,50,32.91693333,-96.74362778,0,25,0,0,1,1,0,3,3,1,0,1,0,0000000,2,23,2,30,3,8,0,0,0,1,1
48,480973,2,2,0,0,0,3,3,113,2310,5,5,2013,1,1,38,1,11,1,I-35E,,291,32.92189167,-96.89953333,0,12,1,0,1,1,0,1,3,1,0,1,0,0000000,99,98,99,98,88,88,0,0,0,1,2
48,480974,2,2,0,0,0,4,4,215,0,5,5,2013,1,18,25,0,6,4,CR-TOWER RD,CR-MILE 17 1/2 RD,0,26.31248889,-98.08694167,0,12,6,0,2,2,0,1,1,1,0,1,0,0000000,18,25,18,35,18,47,0,0,0,1,0
48,480975,1,1,0,0,0,1,1,329,0,5,5,2013,1,16,20,1,2,8,SL250,,243,32.05752222,-102.0274639,0,1,0,0,1,1,0,3,1,1,0,1,0,0000000,16,20,16,26,16,41,0,0,0,1,0
48,480976,1,1,0,1,1,2,2,339,0,5,5,2013,1,16,30,0,3,8,FM1314,,59,30.25446944,-95.3973,0,8,0,0,1,1,0,1,1,1,0,1,0,0000000,99,98,99,98,88,88,0,0,0,1,0
48,480977,1,1,0,0,0,1,1,453,0,5,5,2013,1,1,30,0,15,8,FM1626,,112,30.14291667,-97.84288889,0,34,0,0,1,1,0,4,2,1,0,1,0,0000000,88,88,88,88,88,88,0,0,0,1,1
48,480978,1,1,0,0,0,1,1,481,0,5,5,2013,1,1,30,1,2,2,US-59,,282,29.17330556,-96.30796389,0,24,0,0,1,1,0,3,3,1,0,1,0,0000000,88,88,88,88,88,88,0,0,0,1,0
48,480979,1,1,0,0,0,2,2,91,0,6,5,2013,2,23,54,0,6,4,CR-RIVER RD,,0,29.7987,-98.14885556,0,38,0,0,1,1,0,4,2,1,0,1,0,0000000,23,55,0,11,1,29,0,0,0,1,1
48,480980,2,2,0,0,0,3,3,141,2190,6,5,2013,2,16,35,0,16,5,WESTWIND DR,,0,31.83985833,-106.5321111,0,12,6,0,1,1,0,1,1,1,0,1,0,0000000,16,38,16,41,17,45,0,0,0,1,0
48,480981,1,1,0,0,0,2,2,339,0,6,5,2013,2,1,16,1,4,8,FM1774 MAGNOLIA BLVD,,69,30.18309722,-95.7042,0,42,0,0,1,1,0,4,2,1,0,1,0,0000000,99,99,99,99,99,99,0,0,0,1,1
48,480982,1,1,0,0,0,1,1,237,0,7,5,2013,3,22,10,0,6,4,CR-GREEN ELM RD,,0,33.21301667,-97.96671389,0,42,0,0,1,1,0,4,2,1,0,1,0,0000000,88,88,88,88,88,88,0,0,0,1,1
48,480983,2,2,0,0,0,2,2,407,0,7,5,2013,3,16,13,0,3,3,SR-150,,147,30.57180556,-95.14235,0,12,6,0,8,1,0,1,1,1,0,1,0,0000000,16,25,16,46,17,42,0,0,0,1,0
48,480984,1,1,0,0,0,3,3,451,0,7,5,2013,3,14,8,0,6,4,CR-BURMA RD,,0,31.541275,-100.6872583,0,34,0,0,1,1,0,4,1,1,0,1,0,0000000,99,98,99,98,88,88,0,0,0,1,1
48,480985,1,1,0,1,1,1,1,453,330,7,5,2013,3,22,8,0,16,5,N LAMAR BLVD,,0,30.33478889,-97.72078611,0,8,0,0,1,1,0,1,3,1,0,1,0,0000000,99,99,22,11,22,25,0,0,0,1,0
48,480986,1,1,0,0,0,1,1,489,0,7,5,2013,3,3,40,0,4,3,SR-186,,137,26.51581389,-97.45475556,0,1,0,0,1,1,0,4,2,1,0,1,0,0000000,88,88,88,88,88,88,0,0,0,1,1
48,480987,2,2,0,0,0,2,2,147,3260,8,5,2013,4,14,20,1,2,2,US-82,,156,33.59689167,-95.90825,0,12,6,0,1,1,0,1,1,1,0,1,0,0000000,99,98,99,98,88,88,0,0,0,1,0
48,480988,1,1,0,0,0,1,1,183,0,8,5,2013,4,6,53,0,6,4,CR-OLD LONGVIEW HWY,CR-TEXAS ST,0,32.529775,-94.90328056,0,59,0,0,3,2,0,4,1,1,0,1,0,0000000,88,88,88,88,88,88,20,0,0,1,0
48,480989,2,2,0,0,0,2,2,187,0,8,5,2013,4,20,45,0,3,8,FM725,,44,29.61929444,-98.06137778,0,1,0,0,1,1,0,4,2,1,0,1,0,0000000,99,98,99,98,88,88,0,0,0,2,2
48,480990,2,2,0,0,0,2,2,329,9997,8,5,2013,4,6,35,1,11,7,I-20,,27,31.89515278,-102.2473167,0,12,2,0,8,1,0,1,3,1,0,1,0,0000000,99,98,99,98,88,88,0,0,0,1,0
48,480991,4,4,0,0,0,6,6,475,0,8,5,2013,4,14,35,1,1,1,I-20,,366,31.61156667,-102.8300278,0,12,6,0,1,1,0,1,1,1,0,1,0,0000000,99,99,99,99,99,99,0,0,0,1,0