STATE,ST_CASE,VE_TOTAL,VE_FORMS,PVH_INVL,PEDS,PERNOTMVIT,PERMVIT,PERSONS,COUNTY,CITY,DAY,MONTH,YEAR,DAY_WEEK,HOUR,MINUTE,NHS,ROAD_FNC,ROUTE,TWAY_ID,TWAY_ID2,MILEPT,LATITUDE,LONGITUD,SP_JUR,HARM_EV,MAN_COLL,RELJCT1,RELJCT2,TYP_INT,WRK_ZONE,REL_ROAD,LGT_COND,WEATHER1,WEATHER2,WEATHER,SCH_BUS,RAIL,NOT_HOUR,NOT_MIN,ARR_HOUR,ARR_MIN,HOSP_HR,HOSP_MN,CF1,CF2,CF3,FATALS,DRUNK_DR
48,480992,1,1,0,0,0,3,3,15,6280,9,5,2013,5,2,47,1,11,7,I-10,,48,29.75983333,-96.21815278,0,32,0,1,19,1,0,10,2,1,0,1,0,0000000,2,48,2,55,4,9,0,0,0,1,1
48,480993,3,3,0,0,0,3,3,23,0,9,5,2013,5,12,59,1,2,2,US-277,,94,33.51228056,-99.41488611,0,12,8,0,1,1,0,1,1,10,0,10,0,0000000,99,98,99,98,88,88,0,0,0,2,0
48,480994,2,2,0,0,0,2,2,91,0,9,5,2013,5,15,29,0,3,3,SR-46,,13,29.81846667,-98.53049167,0,12,6,0,1,1,0,1,1,2,0,2,0,0000000,99,98,99,98,88,88,0,0,0,1,0
48,480995,2,2,0,0,0,4,4,279,6650,9,5,2013,5,21,9,1,2,2,US-84,,60,34.07167778,-102.5306917,0,12,6,0,1,1,0,1,1,6,0,6,0,0000000,21,8,21,16,21,51,0,0,0,2,1
48,480996,1,1,0,0,0,1,1,375,0,9,5,2013,5,4,30,1,2,2,US-87,,146,35.55527222,-101.9395333,0,52,0,0,1,1,0,3,2,1,0,1,0,0000000,88,88,88,88,88,88,0,0,0,1,0
48,480997,2,2,0,0,0,2,2,27,0,10,5,2013,6,8,11,0,3,3,SR-95,,59,30.89603056,-97.38191389,0,12,2,0,1,1,0,1,1,2,0,2,0,0000000,8,10,8,24,9,16,0,0,0,1,0
48,480998,2,2,0,0,0,2,2,29,6090,10,5,2013,6,22,10,1,11,1,I-10,,33,29.60177222,-98.60079722,0,12,1,0,1,1,0,1,3,10,0,10,0,0000000,99,99,99,99,99,99,0,0,0,1,0
48,480999,2,2,0,0,0,2,2,253,0,10,5,2013,6,14,24,0,3,2,US-83,,29,32.91025556,-100.1342028,0,12,6,0,1,1,0,4,1,2,0,2,0,0000000,99,98,99,98,88,88,0,0,0,1,0
48,481000,3,3,0,0,0,5,5,329,4560,10,5,2013,6,9,47,1,11,1,I-20,,143,31.97235833,-102.0733194,0,12,1,1,18,1,1,1,1,10,0,10,0,0000000,9,49,9,53,10,19,0,0,0,1,0
48,481001,1,1,0,0,0,1,1,29,6090,11,5,2013,7,5,58,1,11,7,I-10,MARTIN LUTHER KING,55,29.41328333,-98.432175,0,21,0,1,3,2,0,3,3,10,0,10,0,0000000,88,88,88,88,88,88,0,0,0,1,1
48,481002,3,3,0,0,0,9,9,113,1730,11,5,2013,7,18,18,0,16,5,JIM MILLER RD,UMPHRESS RD,0,32.74144167,-96.70005833,0,12,6,0,2,4,0,1,1,1,0,1,0,0000000,18,22,18,25,18,48,0,0,0,2,1
48,481003,3,2,1,0,3,8,11,113,2800,11,5,2013,7,18,41,1,11,1,I-20,,16,32.67588611,-97.02803611,0,12,7,1,18,1,0,1,1,1,0,1,0,0000000,99,99,99,99,99,99,0,0,0,1,0
48,481004,2,2,0,1,1,2,2,113,3420,11,5,2013,7,23,11,1,12,3,SR-161,,141,32.86803611,-97.000275,0,8,0,0,1,1,0,1,2,1,0,1,0,0000000,99,98,99,98,88,88,0,0,0,1,0
48,481005,2,2,0,0,0,2,2,113,3420,11,5,2013,7,2,10,0,16,5,BELT LINE RD,,0,32.78341389,-96.99456111,0,12,6,0,8,1,0,1,3,1,0,1,0,0000000,99,99,99,99,99,99,0,0,0,1,1
48,481006,1,1,0,0,0,1,1,139,5132,11,5,2013,7,6,31,0,15,8,FM 664,,98,32.53200833,-96.88056389,0,32,0,0,1,1,0,4,4,1,0,1,0,0000000,99,99,99,99,99,99,0,0,0,1,1
48,481007,1,1,0,0,0,1,1,157,0,11,5,2013,7,3,24,0,6,4,CR-OLD RICHMOND,,0,29.63395,-95.67323056,0,35,0,0,1,1,0,5,2,10,0,10,0,0000000,88,88,88,88,88,88,0,0,0,1,0
48,481008,1,1,0,1,1,3,3,201,0,11,5,2013,7,21,50,0,6,4,CR-HUFFSMITH KUYJENDAHL RD,,0,30.11311667,-95.58052222,0,8,0,0,1,1,0,1,2,1,0,1,0,0000000,99,98,99,98,88,88,0,0,0,1,0
48,481009,1,1,0,1,1,1,1,257,0,11,5,2013,7,4,32,1,2,2,US-175,,92,32.52393056,-96.27128889,0,8,0,0,1,1,0,1,2,1,0,1,0,0000000,4,44,4,53,5,37,0,0,0,1,0
48,481010,1,1,0,0,0,1,1,373,0,11,5,2013,7,23,8,0,3,2,US-287,,160,30.95658889,-94.70558889,0,42,0,0,1,1,1,4,2,1,0,1,0,0000000,88,88,88,88,88,88,1,6,0,1,1
48,481011,2,2,0,0,0,3,3,439,2450,11,5,2013,7,17,15,0,16,5,N BEACH ST,,0,32.84915,-97.29015833,0,59,0,0,1,1,0,3,1,1,0,1,0,0000000,17,23,17,36,18,20,0,0,0,1,0
48,481012,1,1,0,1,1,1,1,439,2450,11,5,2013,7,19,0,0,16,5,RANDOL MILL RD,,0,32.76292222,-97.161675,0,9,0,0,1,1,0,1,1,1,0,1,0,0000000,19,11,19,19,19,34,0,0,0,1,0
48,481013,1,1,0,1,1,1,1,453,330,11,5,2013,7,1,10,1,12,3,SR-71,,142,30.20844167,-97.65010278,0,8,0,0,1,1,0,1,2,10,0,10,0,0000000,99,98,99,98,88,88,0,0,0,1,0
48,481014,1,1,0,0,0,1,1,27,3690,12,5,2013,1,0,26,0,16,5,EDGEFIELD ST,ROBINETT RD,0,31.09918611,-97.78625833,0,1,0,0,3,3,0,1,2,1,0,1,0,0000000,0,27,0,31,0,56,0,0,0,1,1
48,481015,2,2,0,0,0,4,4,405,0,12,5,2013,1,13,10,0,3,3,SR-147,,49,31.48068611,-94.13721389,0,12,8,0,1,1,0,1,1,10,0,10,0,0000000,13,52,99,99,99,99,0,0,0,1,0
48,481016,1,1,0,1,1,1,1,409,240,12,5,2013,1,20,38,1,13,8,BS35L W WHEELER AVE,,320,27.92028889,-97.16937778,0,8,0,0,1,1,0,1,3,1,0,1,0,0000000,20,44,20,46,20,49,0,0,0,1,0
48,481017,1,1,0,0,0,2,2,415,0,12,5,2013,1,19,59,0,6,4,CR-MOUNTAIN VIEW DR,,0,32.63708333,-100.9299944,0,53,0,0,1,1,0,4,5,1,0,1,0,0000000,20,0,20,9,99,99,0,0,0,1,0
48,481018,1,1,0,0,0,1,1,423,0,12,5,2013,1,23,25,0,6,4,CR-2177 MIXON RD,,0,32.14404444,-95.20108889,0,42,0,0,1,1,0,4,2,1,0,1,0,0000000,88,88,88,88,88,88,0,0,0,1,0
48,481019,3,3,0,0,0,7,7,5,1900,13,5,2013,2,14,40,1,13,2,US-59,,86,31.21318889,-94.77489444,0,12,6,0,8,1,0,1,1,1,0,1,0,0000000,14,48,14,57,15,7,0,0,0,2,0
48,481020,2,1,1,0,0,1,1,135,5030,13,5,2013,2,1,25,1,12,3,SR-191 E 42ND ST,,37,31.88465,-102.3747472,0,31,0,0,1,1,0,4,3,1,0,1,0,0000000,99,98,99,98,88,88,0,0,0,1,1
48,481021,1,1,0,1,1,1,1,367,0,13,5,2013,2,6,29,0,6,4,CR-HILLTOP MEADOWS DR,,0,32.93253611,-97.64104444,0,8,0,0,1,1,0,1,4,10,0,10,1,0000000,99,98,99,98,88,88,0,0,0,1,0
48,481022,1,1,0,0,0,2,2,381,0,13,5,2013,2,7,10,0,6,4,CR-OSAGE ST,,0,35.09587222,-101.81295,0,43,0,0,1,1,0,4,1,1,0,1,0,0000000,99,99,99,99,99,99,0,0,0,1,0
48,481023,3,3,0,0,0,4,4,439,260,13,5,2013,2,7,29,0,16,5,FIELDER RD,PARK ROW DR,0,32.72124167,-97.13196111,0,12,2,0,2,2,0,1,1,1,0,1,0,0000000,99,99,99,99,99,99,0,0,0,1,0
48,481025,2,2,0,0,0,3,3,493,0,13,5,2013,2,13,27,0,4,8,FM 536,,149,29.12914722,-98.18479444,0,12,2,0,1,1,0,1,1,1,0,1,0,0000000,13,43,13,57,14,31,0,0,0,1,1
48,481026,2,2,0,0,0,2,2,499,0,13,5,2013,2,6,25,0,3,3,SR-37,CR-4919,121,32.84159167,-95.405325,0,12,6,0,2,3,0,1,1,1,0,1,0,0000000,7,3,7,26,8,1,0,0,0,1,0
48,481027,1,1,0,0,0,3,3,29,6090,14,5,2013,3,6,40,1,12,3,SR-151,,25,29.43210833,-98.63413889,0,1,0,1,5,1,0,1,4,10,0,10,0,0000000,99,98,99,98,88,88,0,0,0,1,0
48,481028,1,1,0,0,0,1,1,37,0,14,5,2013,3,3,26,0,6,4,CR-BOWIE PARKWAY,,0,33.444,-94.22836944,2,1,0,0,1,1,0,1,2,1,0,1,0,0000000,88,88,88,88,88,88,0,0,0,1,1
48,481029,2,2,0,0,0,2,2,89,0,14,5,2013,3,11,24,0,3,2,US-90A,,41,29.50888611,-96.63847222,0,12,8,0,1,1,0,1,1,1,0,1,0,0000000,99,98,99,98,88,88,0,0,0,1,0
48,481030,2,2,0,0,0,3,3,113,2590,14,5,2013,3,5,21,0,14,3,SR-78,TOWN CENTER BLVD,40,32.95461111,-96.61786111,0,12,6,0,2,3,0,1,3,1,0,1,0,0000000,5,21,5,28,5,56,0,0,0,1,1
48,481031,1,1,0,0,0,2,2,277,0,14,5,2013,3,18,0,0,4,8,FM1500,,63,33.80323333,-95.630225,0,42,0,0,1,1,0,4,1,1,0,1,0,0000000,18,9,18,46,20,0,0,0,0,1,0
48,481032,2,1,1,0,1,1,2,439,4300,14,5,2013,3,15,7,1,12,2,US-287,,283,32.58061944,-97.13094167,0,31,0,0,1,1,0,3,1,1,0,1,0,0000000,99,98,99,98,88,88,0,0,0,1,0
48,481033,1,1,0,0,0,1,1,347,0,15,5,2013,4,0,45,0,3,3,SR-7,,72,31.61458056,-94.51855833,0,52,0,0,1,1,0,4,2,10,0,10,0,0000000,88,88,88,88,88,88,0,0,0,1,0
48,481034,1,1,0,0,0,1,1,441,30,15,5,2013,4,0,32,0,14,8,FM1750,,19,32.42184167,-99.70791944,0,33,0,0,1,1,0,4,2,10,0,10,0,0000000,88,88,88,88,88,88,0,0,0,1,0
48,481035,1,1,0,0,0,4,4,161,0,16,5,2013,5,16,0,1,1,1,I-45,,122,31.64531389,-96.15916944,0,43,0,0,1,1,0,3,1,1,0,1,0,0000000,99,99,99,99,99,99,0,0,0,1,0
48,481036,2,2,0,0,0,2,2,201,3280,16,5,2013,5,11,23,1,12,2,US-59,,157,29.65220556,-95.567625,0,12,1,1,18,1,0,1,1,10,0,10,0,0000000,99,98,99,98,88,88,0,0,0,1,1
48,481037,1,1,0,0,0,1,1,453,0,16,5,2013,5,23,47,0,6,4,CR-S IMPERIAL DR,,0,30.261025,-97.62976111,0,1,0,0,1,1,0,4,2,10,0,10,0,0000000,88,88,88,88,88,88,0,0,0,1,1
48,481038,1,1,0,1,1,1,1,473,0,16,5,2013,5,7,7,0,5,8,FM2855,,20,29.84605833,-95.89015556,0,9,0,0,1,1,0,1,2,10,0,10,0,0000000,99,98,99,98,88,88,0,0,0,1,0
48,481039,1,1,0,0,0,1,1,29,6090,17,5,2013,6,23,30,1,11,1,I-10 RAMP,,183,29.50495,-98.54919167,0,23,0,1,5,1,0,4,2,1,0,1,0,0000000,88,88,88,88,88,88,0,0,0,1,1
48,481040,2,2,0,0,0,2,2,185,0,17,5,2013,6,22,20,0,3,3,SR-90,,315,30.43143889,-96.03939444,0,12,2,0,1,1,0,4,2,1,0,1,0,0000000,99,99,99,99,99,99,0,0,0,1,2
48,481041,1,1,0,1,1,1,1,213,5238,17,5,2013,6,20,39,0,3,3,SR-198,,37,32.28959722,-96.11005833,0,8,0,0,1,1,0,2,5,1,0,1,0,0000000,20,51,21,3,21,32,0,0,0,1,1
48,481042,4,4,0,0,0,8,8,245,0,17,5,2013,6,11,20,0,4,8,FM 365,,111,29.91373333,-94.06910833,0,12,6,0,1,1,0,1,1,1,0,1,0,0000000,11,25,11,35,12,48,14,0,0,1,0
48,481043,1,1,0,1,1,1,1,329,4560,17,5,2013,6,23,40,0,16,5,MIDKIFF RD,WADLEY AVE,0,32.01970556,-102.1248889,0,8,0,0,3,2,0,1,3,1,0,1,0,0000000,88,88,88,88,88,88,0,0,0,1,1
48,481044,1,1,0,0,0,1,1,339,1510,17,5,2013,6,1,7,1,11,7,I-45,,176,30.361625,-95.48416667,0,43,0,1,19,1,0,4,2,1,0,1,0,0000000,88,88,88,88,88,88,0,0,0,1,0
48,481045,1,1,0,0,0,1,1,341,0,17,5,2013,6,7,17,1,2,2,US-87,,16,35.86636944,-102.150375,0,1,0,0,1,1,0,1,4,5,0,5,0,0000000,7,17,7,28,8,4,0,0,0,1,0
48,481046,1,1,0,0,0,5,5,413,0,17,5,2013,6,14,30,0,4,8,RM 864,,71,30.79942222,-100.1477778,0,38,0,0,1,1,0,4,1,1,0,1,0,0000000,14,37,15,23,15,47,0,0,0,1,0
48,481047,2,2,0,0,0,2,2,461,0,17,5,2013,6,16,34,0,3,3,SR-329,,74,31.42604167,-102.201025,0,12,1,0,8,1,0,1,1,1,0,1,0,0000000,16,29,16,43,18,5,0,0,0,1,0
48,481048,3,3,0,0,0,6,6,491,1242,17,5,2013,6,21,13,1,13,8,RM 1431 WHITESTONE BLVD,VISTA RIDGE BLVD,42,30.53188889,-97.79188056,0,12,1,0,3,3,0,1,3,1,0,1,0,0000000,21,14,21,23,21,49,0,0,0,1,1
48,481049,1,1,0,0,0,1,1,51,0,18,5,2013,7,18,53,0,6,4,CR-415,,0,30.36593333,-96.58005,0,38,0,0,1,1,0,4,1,1,0,1,0,0000000,18,56,19,4,20,14,0,0,0,1,0
48,481050,1,1,0,0,0,1,1,57,0,18,5,2013,7,13,4,0,4,8,FM 2433,,1,28.61311667,-96.70637778,0,59,0,0,1,1,0,4,1,1,0,1,0,0000000,99,99,99,99,99,99,0,0,0,1,1
48,481051,1,1,0,0,0,1,1,73,0,18,5,2013,7,2,28,0,3,3,SR-204,,21,31.83196944,-94.95816944,0,42,0,0,1,1,0,4,2,1,0,1,0,0000000,88,88,88,88,88,88,0,0,0,1,0
48,481052,3,3,0,0,0,5,5,121,0,18,5,2013,7,0,46,0,14,8,FM 156,CR-SAN REYNOLDS RD,210,33.0536,-97.30178889,0,12,6,0,2,3,0,1,3,1,0,1,0,0000000,99,98,99,98,88,88,0,0,0,1,2
48,481053,2,2,0,0,0,3,3,199,0,18,5,2013,7,3,16,1,2,3,SR-105,,235,30.24975,-94.58758889,0,12,2,0,1,1,0,1,2,1,0,1,0,0000000,3,50,4,24,5,6,0,0,0,1,1
48,481054,1,1,0,0,0,1,1,289,0,18,5,2013,7,11,14,0,5,8,FM 1511,,164,31.39711944,-95.8842,0,1,0,0,1,1,0,4,1,1,0,1,0,0000000,99,99,99,99,99,99,0,0,0,1,0
48,481055,1,1,0,1,1,2,2,323,2030,18,5,2013,7,23,44,0,14,8,FM 1021/EL INDIO HWY,,29,28.68296389,-100.4691278,0,8,0,0,1,1,0,11,3,1,0,1,0,0000000,88,88,88,88,88,88,0,0,0,1,0
48,481056,2,2,0,0,0,5,5,339,1510,18,5,2013,7,19,55,0,14,8,FM 3083,AIRPORT RD,59,30.34275556,-95.42892222,0,12,6,0,2,2,0,1,3,1,0,1,0,0000000,19,55,20,43,21,4,0,0,0,1,1
48,481057,1,1,0,0,0,1,1,339,0,18,5,2013,7,2,38,0,16,5,GLADSTELL ST,,0,30.29603889,-95.45245,0,1,0,0,1,1,0,5,2,1,0,1,0,0000000,88,88,88,88,88,88,20,0,0,1,1
48,481058,1,1,0,1,1,1,1,423,7070,18,5,2013,7,20,51,1,13,3,SR-64/ERWIN ST,,89,32.3502,-95.32909722,0,8,0,0,1,1,0,1,2,10,0,10,0,0000000,20,52,20,56,21,8,0,0,0,1,0
48,481059,2,2,0,0,0,2,2,491,0,18,5,2013,7,13,25,1,13,8,FM 734,DALLAS DR,50,30.45043056,-97.74775,0,12,6,0,2,3,0,1,1,1,0,1,0,0000000,13,24,13,31,13,46,0,0,0,1,0
48,481060,1,1,0,0,0,1,1,29,6090,19,5,2013,1,2,25,1,11,1,I-410,,235,29.51631944,-98.45351111,0,20,0,0,1,1,0,8,3,1,0,1,0,0000000,2,25,2,32,3,18,0,0,0,1,1
48,481061,2,1,1,0,0,1,1,113,2590,19,5,2013,1,12,37,0,16,5,CLEARWOOD DR,,0,32.95303889,-96.67625278,0,14,0,0,1,1,0,2,1,1,0,1,0,0000000,12,38,12,42,13,6,0,0,0,1,0
48,481062,1,1,0,1,1,1,1,113,2800,19,5,2013,1,21,39,0,16,5,CORN VALLEY RD,,0,32.69080833,-97.00310833,0,8,0,0,1,1,0,1,2,1,0,1,0,0000000,99,98,99,98,88,88,0,0,0,1,1
48,481063,2,2,0,0,0,2,2,201,3280,19,5,2013,1,3,9,1,13,8,SS261,W LITTLE YOUR RD,60,29.86926111,-95.41241944,0,12,6,0,2,2,0,1,3,1,0,1,0,0000000,3,11,3,16,3,49,0,0,0,1,1
48,481064,1,1,0,0,0,4,4,329,4560,19,5,2013,1,0,47,0,16,5,W ILLINOIS AVE,,0,31.99957778,-102.0795861,0,33,0,0,1,1,0,4,3,1,0,1,0,0000000,0,48,0,51,1,11,0,0,0,1,1
48,481065,3,3,0,0,0,3,3,423,0,19,5,2013,1,10,27,0,6,4,CR-2142,CR-2152,0,32.18725556,-95.12558333,0,1,0,0,2,3,0,1,1,1,0,1,0,0000000,99,99,99,99,11,5,0,0,0,1,0
48,481066,2,2,0,0,0,2,2,439,2450,19,5,2013,1,12,12,0,16,5,GRANBURY RD,WENDEL DR,0,32.65618889,-97.40345,0,12,6,0,2,3,0,1,1,1,0,1,0,0000000,99,98,99,98,88,88,0,0,0,1,0
48,481067,3,3,0,0,0,6,6,255,0,20,5,2013,2,0,20,0,3,3,SR-72,FM1145,111,28.80433611,-97.86920833,0,12,9,0,3,3,2,1,2,1,0,1,0,0000000,99,99,99,99,99,99,0,0,0,4,2
48,481068,1,1,0,0,0,1,1,289,0,20,5,2013,2,16,15,0,5,8,FM1119 CASS ST,,40,31.22551111,-95.94548333,0,52,0,0,1,1,0,4,1,1,0,1,0,0000000,88,88,88,88,88,88,0,0,0,1,0
48,481069,2,2,0,0,0,4,4,347,2600,20,5,2013,2,5,15,1,2,2,US-59,,19,31.81426667,-94.49990278,0,12,1,0,1,1,0,1,2,1,0,1,0,0000000,5,29,5,51,6,21,0,0,0,1,1
48,481070,1,1,0,1,1,1,1,5,0,22,5,2013,4,20,50,1,2,2,US-59 S TEMPLE DR,,128,31.15593333,-94.79825278,0,8,0,0,1,1,0,1,2,1,0,1,0,0000000,99,98,99,98,88,88,0,0,0,1,0
48,481071,1,1,0,0,0,2,2,499,0,23,5,2013,5,3,23,0,4,8,FM 2869,,668,32.64768056,-95.23791111,0,1,0,0,1,1,0,4,2,1,0,1,0,0000000,99,99,99,99,99,99,0,0,0,1,0
48,481072,2,2,0,0,0,2,2,157,0,24,5,2013,6,17,30,0,6,4,CR-TRAMMEL-FRESNO RD,,0,29.53588056,-95.46446944,0,12,8,0,1,1,0,1,1,1,0,1,0,0000000,88,88,88,88,88,88,0,0,0,1,1
48,481073,2,2,0,0,0,4,4,423,7070,24,5,2013,6,17,20,0,16,5,GRANDE BLVD,SUTHRELAND DR,0,32.27991667,-95.30236944,0,12,6,0,2,2,0,1,1,10,0,10,0,0000000,17,24,17,30,17,49,0,0,0,1,0
48,481074,1,1,0,0,0,1,1,439,2450,24,5,2013,6,0,25,1,11,1,I-820/WEST LOOP HWY,,41,32.73154444,-97.48102222,0,1,0,0,1,1,0,8,3,10,0,10,0,0000000,88,88,88,88,88,88,0,0,0,1,1
48,481076,1,1,0,0,0,3,3,291,0,25,5,2013,7,23,22,0,4,3,SR-61,,42,29.89608056,-94.61205,0,42,0,0,1,1,0,4,2,1,0,1,0,0000000,0,4,0,48,1,17,0,0,0,1,1
48,481077,2,2,0,0,0,3,3,329,4560,25,5,2013,7,20,35,0,14,8,BI 20/FRONT ST,,184,32.00735278,-102.0519944,0,12,2,0,8,1,0,1,1,10,0,10,0,0000000,88,88,88,88,88,88,0,0,0,1,1
48,481078,2,2,0,0,0,9,9,29,6090,26,5,2013,1,8,54,1,11,1,I-410,,176,29.51059722,-98.53843056,0,12,1,0,1,1,0,1,1,10,0,10,0,0000000,8,54,9,14,9,43,23,0,0,1,0
48,481079,2,2,0,0,0,7,7,71,7555,26,5,2013,1,17,50,9,3,3,SR-124,,208,29.81645,-94.38376944,0,12,7,0,1,1,0,1,1,1,0,1,0,0000000,18,2,18,48,19,14,0,0,0,1,0
48,481081,1,1,0,0,0,1,1,187,6237,10,3,2013,1,12,57,0,15,8,FM 1103,,23,29.62334444,-98.23834722,0,1,0,0,8,1,0,1,1,1,0,1,0,0000000,12,57,13,3,13,41,0,0,0,1,0
48,481082,2,2,0,0,0,2,2,251,1370,15,3,2013,6,22,55,1,2,2,US-67,FM 1434,142,32.31952222,-97.45803611,0,12,2,0,2,3,0,1,2,1,0,1,0,0000000,99,99,99,99,99,99,0,0,0,1,0
48,481083,1,1,0,0,0,3,3,201,0,19,3,2013,3,19,25,0,16,5,HOMESTEAD RD,,0,29.90353611,-95.30109167,0,33,0,0,1,1,0,4,2,10,0,10,0,0000000,19,29,19,34,20,5,0,0,0,1,1
48,481084,2,2,0,0,0,2,2,427,5930,19,3,2013,3,19,42,1,13,2,US-83,SAN JUAN AVE,175,26.40152222,-99.00185556,0,12,2,0,2,3,0,1,3,1,0,1,0,0000000,19,45,19,55,20,17,0,0,0,1,1
48,481085,2,2,0,2,2,2,2,201,3280,1,4,2013,2,13,5,0,16,5,MARTIN LUTHER KING BLVD,THRUSH DR,0,29.65995833,-95.33646389,0,12,6,0,2,2,0,1,1,10,0,10,0,0000000,13,9,13,17,13,36,0,0,0,1,1
48,481086,3,3,0,2,2,3,3,201,3280,5,4,2013,6,23,26,1,12,2,US-59,,91,29.72623333,-95.46901944,0,12,1,0,1,1,0,1,3,1,0,1,0,0000000,23,32,23,44,0,9,23,0,0,1,1
48,481087,2,2,0,0,0,3,3,113,1730,14,4,2013,1,16,27,0,16,5,GREENVILLE AVE,,0,32.85404722,-96.76918889,0,12,6,0,8,1,0,1,1,1,0,1,0,0000000,16,27,16,29,16,50,0,0,0,1,0
48,481088,1,1,0,0,0,1,1,165,6300,14,4,2013,1,22,18,1,13,2,US-62,CR-104,20,32.74031667,-102.6402361,0,33,0,0,3,3,0,3,2,1,0,1,0,0000000,88,88,88,88,88,88,0,0,0,1,1
48,481089,1,1,0,1,1,3,3,221,6960,19,4,2013,6,19,2,1,2,2,US-377,PECAN LN,136,32.38826944,-97.92420278,0,8,0,0,1,1,0,1,1,1,0,1,0,0000000,99,98,99,98,88,88,0,0,0,1,0
48,481090,2,2,0,0,0,2,2,397,5910,24,4,2013,4,22,28,0,3,3,SR-205,,28,32.88785,-96.43332778,0,12,1,0,1,1,0,1,3,1,0,1,0,0000000,22,29,22,32,22,55,20,0,0,1,0
48,481091,2,2,0,0,0,2,2,215,7330,5,5,2013,1,5,20,1,12,2,US-83,,387,26.17265,-98.00601944,0,12,2,1,18,1,0,1,3,1,0,1,0,0000000,99,99,99,99,99,99,0,0,0,1,0
48,481092,3,3,0,0,0,4,4,347,4810,6,5,2013,2,9,14,1,13,2,US-59,,246,31.56593611,-94.67785556,0,54,11,0,1,1,0,1,1,1,0,1,0,0000000,9,20,9,29,9,59,14,0,0,1,0
48,481093,2,2,0,0,0,2,2,303,4140,8,5,2013,4,6,56,0,16,5,INDIANA AVE,94TH ST,0,33.50937778,-101.8876861,0,12,6,0,2,3,0,1,4,1,0,1,0,0000000,6,58,7,12,7,22,0,0,0,1,0
48,481094,1,1,0,0,0,2,2,121,0,9,5,2013,5,21,57,0,6,4,CR-DR SANDERS RD,,0,33.23689167,-96.97477778,0,53,0,0,1,1,0,4,2,1,0,1,0,0000000,99,99,99,99,99,99,0,0,0,1,0
48,481095,3,3,0,0,0,8,8,157,0,10,5,2013,6,10,9,0,4,8,FM 723,,142,29.63599167,-95.81185833,0,12,2,0,1,1,0,1,1,2,3,3,0,0000000,10,12,10,16,10,45,0,0,0,1,0
48,481096,1,1,0,0,0,1,1,339,0,10,5,2013,6,5,5,0,6,4,CR-DEER RUN LN,CR-COACH LIGHT ST,0,30.15538056,-95.15169167,0,38,0,0,3,3,0,4,2,1,0,1,0,0000000,88,88,88,88,88,88,0,0,0,1,0
48,481097,1,1,0,0,0,1,1,85,4230,11,5,2013,7,17,45,0,16,5,VIRGINIA RD,,0,33.20345,-96.72988889,0,33,0,0,1,1,0,3,1,1,0,1,0,0000000,17,47,18,8,18,25,0,0,0,1,0
48,481098,1,1,0,0,0,1,1,135,0,11,5,2013,7,3,45,1,13,2,US-385,,166,31.92492222,-102.3985556,0,1,0,0,1,1,0,1,2,1,0,1,0,0000000,88,88,88,88,88,88,0,0,0,1,1
48,481099,1,1,0,1,1,2,2,177,0,12,5,2013,1,21,15,0,4,2,US-90,,22,29.66156389,-97.52990278,0,8,0,0,1,1,0,1,2,1,0,1,0,0000000,88,88,88,88,88,88,0,0,0,1,0
48,481100,2,2,0,0,0,2,2,201,0,12,5,2013,1,8,45,1,13,2,US-290,,154,29.97402778,-95.70161111,0,12,1,1,18,1,0,1,1,1,0,1,0,0000000,99,99,99,99,99,99,0,0,0,1,0
48,481101,1,1,0,0,0,1,1,355,1550,13,5,2013,2,21,15,1,12,3,SR-358,,84,27.68078333,-97.31389167,0,25,0,0,1,1,0,3,3,10,0,10,0,0000000,88,88,88,88,88,88,0,0,0,1,1
48,481102,3,3,0,0,0,4,4,265,3670,14,5,2013,3,9,17,1,13,3,SR-27,,39,30.07055278,-99.18775,0,12,6,0,8,1,0,1,1,1,0,1,0,0000000,9,39,9,43,10,1,0,0,0,1,0
48,481103,3,3,0,0,0,4,4,491,5990,14,5,2013,3,14,5,1,13,8,RM620 ROUND ROCK AVE,DEEPWOOD DR,98,30.51261111,-97.70163333,0,12,6,1,2,2,0,1,1,1,0,1,0,0000000,14,11,14,15,14,32,0,0,0,1,0
48,481104,1,1,0,0,0,2,2,183,4080,15,5,2013,4,22,57,0,16,5,4TH ST,,0,32.54026111,-94.73148611,0,33,0,0,1,1,0,4,3,10,0,10,0,0000000,22,58,23,2,23,17,0,0,0,1,1
48,481105,2,2,0,0,0,2,2,127,0,16,5,2013,5,6,3,1,2,2,US-277,,74,28.6252,-99.99646389,0,12,1,0,8,1,0,1,2,1,0,1,0,0000000,6,6,6,31,6,57,0,0,0,1,0
48,481106,2,2,0,0,0,2,2,201,3280,17,5,2013,6,7,51,0,16,5,HARWIN DR,,0,29.71767222,-95.52484722,0,12,2,0,1,1,0,1,1,1,0,1,0,0000000,99,98,99,98,88,88,0,0,0,1,0
48,481107,1,1,0,0,0,1,1,471,0,17,5,2013,6,2,24,1,1,1,I-45,,244,30.79474167,-95.67747778,0,57,0,0,1,1,0,3,2,1,0,1,0,0000000,88,88,88,88,88,88,0,0,0,1,1