STATE,ST_CASE,VE_TOTAL,VE_FORMS,PVH_INVL,PEDS,PERNOTMVIT,PERMVIT,PERSONS,COUNTY,CITY,DAY,MONTH,YEAR,DAY_WEEK,HOUR,MINUTE,NHS,ROAD_FNC,ROUTE,TWAY_ID,TWAY_ID2,MILEPT,LATITUDE,LONGITUD,SP_JUR,HARM_EV,MAN_COLL,RELJCT1,RELJCT2,TYP_INT,WRK_ZONE,REL_ROAD,LGT_COND,WEATHER1,WEATHER2,WEATHER,SCH_BUS,RAIL,NOT_HOUR,NOT_MIN,ARR_HOUR,ARR_MIN,HOSP_HR,HOSP_MN,CF1,CF2,CF3,FATALS,DRUNK_DR
48,481108,2,2,0,0,0,4,4,485,7490,17,5,2013,6,5,9,0,16,5,SOUTHWEST PKWY,MCNIEL,0,33.85781667,-98.54793333,0,12,6,0,2,2,0,1,3,5,0,5,0,0000000,5,12,5,18,5,37,0,0,0,1,0
48,481109,1,1,0,0,0,1,1,485,7490,17,5,2013,6,12,26,1,12,2,US-287,,285,33.94606944,-98.53073056,0,33,0,0,5,1,0,8,1,10,0,10,0,0000000,12,29,12,34,13,0,0,0,0,1,0
48,481110,1,1,0,1,1,3,3,135,5030,18,5,2013,7,12,10,0,16,5,E 8TH ST,,0,31.85763889,-102.3587611,0,8,0,0,1,1,0,1,1,1,0,1,0,0000000,12,11,12,13,12,24,0,0,0,1,0
48,481111,1,1,0,0,0,1,1,163,5260,18,5,2013,7,0,4,0,16,5,W TRINITY ST,N WILLOW ST,0,28.89686667,-99.10033889,0,39,0,0,3,3,0,4,3,10,0,10,0,0000000,99,99,99,99,99,99,0,0,0,1,0
48,481112,1,1,0,1,1,1,1,201,0,18,5,2013,7,22,35,1,13,3,SR-6,,62,29.84854444,-95.64578056,0,8,0,0,1,1,0,1,3,1,0,1,0,0000000,22,35,22,54,23,12,0,0,0,1,0
48,481113,1,1,0,1,1,1,1,215,4650,18,5,2013,7,10,7,0,14,8,FM396 N BRYAN RD,,33,26.20845,-98.31064167,0,8,0,0,1,1,0,1,1,10,0,10,0,0000000,99,99,99,99,99,99,0,0,0,1,0
48,481114,1,1,0,0,0,1,1,355,1550,18,5,2013,7,23,53,1,12,3,SR-358,,25,27.76452222,-97.46814444,0,25,0,0,1,1,0,3,3,1,0,1,0,0000000,88,88,88,88,88,88,0,0,0,1,0
48,481115,2,2,0,0,0,2,2,381,150,18,5,2013,7,22,9,1,13,8,FM1541 S WASHINGTON ST,SW 41ST AVE,14,35.17111111,-101.8484694,0,12,6,0,2,2,0,1,3,1,0,1,0,0000000,22,10,22,18,22,43,0,0,0,1,2
48,481116,2,2,0,0,0,2,2,471,0,18,5,2013,7,13,4,0,4,8,FM980,,61,30.84244722,-95.51821667,0,12,6,0,1,1,1,1,1,1,0,1,0,0000000,13,14,13,23,14,3,0,0,0,1,0
48,481117,1,1,0,0,0,2,2,201,3280,19,5,2013,1,14,22,0,16,5,ALLEN PKWY,,0,29.76073611,-95.40131389,0,42,0,0,1,1,0,4,1,1,0,1,0,0000000,14,25,14,28,15,28,0,0,0,1,1
48,481118,1,1,0,0,0,1,1,339,0,19,5,2013,1,23,20,0,4,8,FM1488 MAGNOLIA PKWY,,16,30.19738333,-95.77751667,0,24,0,0,1,1,0,4,2,1,0,1,0,0000000,88,88,88,88,88,88,0,0,0,1,1
48,481119,2,2,0,0,0,4,4,473,0,19,5,2013,1,12,36,1,4,8,FM1774,CR-ALCHESTER RD,4,30.23961111,-95.81753889,0,12,2,0,2,3,0,1,1,1,0,1,0,0000000,99,99,99,99,99,99,0,0,0,2,0
48,481120,2,2,0,0,0,4,4,339,0,20,5,2013,2,0,15,0,6,4,CR-HARDIN STORE RD,,0,30.14118889,-95.64473889,0,12,2,0,1,1,0,1,2,10,0,10,0,0000000,99,99,99,99,99,99,0,0,0,1,1
48,481121,1,1,0,1,1,1,1,439,260,21,5,2013,3,21,33,0,16,5,COLLINS ST,ORAM ST,0,32.72208889,-97.09746944,0,8,0,0,2,3,0,1,3,1,0,1,0,0000000,21,34,21,36,21,50,0,0,0,1,0
48,481122,2,2,0,0,0,2,2,39,0,22,5,2013,4,6,18,0,3,8,FM-2004,,42,29.24943889,-95.16773333,0,12,6,0,8,1,0,1,4,10,0,10,0,0000000,99,99,99,99,99,99,0,0,0,1,0
48,481123,1,1,0,0,0,1,1,135,5030,22,5,2013,4,21,11,0,16,5,DIXIE BLVD,,0,31.88821389,-102.3780083,0,38,0,0,1,1,0,4,5,1,0,1,0,0000000,99,99,99,99,99,99,20,0,0,1,0
48,481124,3,3,0,0,0,11,11,467,0,22,5,2013,4,7,18,0,4,8,FM 751,,90,32.72839444,-96.02408611,0,12,6,0,1,1,0,1,1,1,0,1,1,0000000,7,42,7,48,8,41,0,0,0,1,0
48,481125,2,2,0,0,0,2,2,479,0,22,5,2013,4,14,20,1,1,1,I-35,,137,27.88386944,-99.39928333,0,12,9,0,1,1,0,1,1,1,0,1,0,0000000,99,98,99,98,88,88,0,0,0,1,0
48,481126,3,3,0,1,1,2,2,27,6810,23,5,2013,5,11,51,1,1,7,I-35,,281,31.16198889,-97.32086389,0,12,1,0,1,1,0,1,1,1,0,1,0,0000000,99,98,99,98,88,88,23,0,0,1,0
48,481127,1,1,0,0,0,1,1,29,6090,30,5,2013,5,6,0,1,13,8,FM 2696 BLANCO RD,,165,29.55039722,-98.51172222,0,5,0,0,1,1,0,1,1,10,0,10,0,0000000,88,88,88,88,88,88,0,0,0,1,0
48,481128,1,1,0,0,0,1,1,43,0,23,5,2013,5,12,54,0,3,2,US-67,,173,30.43707778,-103.4869722,0,1,0,0,1,1,0,4,1,1,0,1,0,0000000,99,98,99,98,88,88,0,0,0,1,0
48,481129,2,2,0,0,0,7,7,99,0,23,5,2013,5,23,24,0,3,3,SR-36,FM 184,278,31.29961944,-97.61495278,0,12,6,0,2,3,0,1,2,2,0,2,0,0000000,23,22,23,45,0,27,0,0,0,1,0
48,481130,1,1,0,0,0,1,1,141,0,23,5,2013,5,5,46,1,13,3,SR-20,,393,31.60982222,-106.2521889,0,43,0,0,1,1,0,4,2,1,0,1,0,0000000,88,88,88,88,88,88,0,0,0,1,1
48,481131,2,2,0,0,0,2,2,167,2505,23,5,2013,5,19,2,1,13,8,FM 528/PARKWOOD AVE,MOORE RD,9,29.472525,-95.23178889,0,12,6,0,2,2,0,1,5,5,0,5,0,0000000,99,99,99,99,99,99,0,0,0,1,0
48,481132,2,2,0,1,1,3,3,201,0,23,5,2013,5,22,10,1,13,3,SR-6,,32,29.89269167,-95.64031944,0,8,0,0,1,1,0,1,2,10,0,10,0,0000000,22,11,22,30,22,52,0,0,0,1,0
48,481133,2,2,0,0,0,7,7,201,3280,23,5,2013,5,15,36,1,11,7,US-59/EASTEX FWY,QUITMAN ST,58,29.78376111,-95.34032778,0,12,6,0,2,2,0,1,1,1,0,1,0,0000000,15,40,15,46,16,29,20,0,0,1,0
48,481134,2,2,0,0,0,2,2,309,4220,23,5,2013,5,11,35,0,3,2,US-84/MCGREGOR DR,GARFIELD,59,31.44605833,-97.40344722,0,12,6,0,2,2,0,1,1,10,0,10,0,0000000,99,99,99,99,99,99,0,0,0,1,0
48,481135,3,3,0,0,0,9,9,339,0,23,5,2013,5,17,50,0,15,8,FM1485,,233,30.19766944,-95.2536,0,12,6,0,1,1,0,1,1,1,0,1,0,0000000,17,50,18,8,18,52,0,0,0,1,0
48,481136,1,1,0,0,0,3,3,485,7490,23,5,2013,5,22,50,1,13,8,SL 11/BEVERLY LOOP,,71,33.91804167,-98.53905,0,33,0,0,1,1,0,3,3,1,0,1,0,0000000,22,51,22,54,23,14,0,0,0,1,1
48,481137,1,1,0,0,0,1,1,439,260,24,5,2013,6,23,0,1,11,1,I-35/RONALD REAGAN MEMORIAL,,54,32.67513333,-97.1667,0,21,0,1,19,1,0,4,3,2,0,2,0,0000000,88,88,88,88,88,88,0,0,0,1,0
48,481138,1,1,0,0,0,1,1,453,330,24,5,2013,6,16,44,0,14,8,FM 973,,138,30.178325,-97.64760833,0,1,0,0,1,1,0,1,1,2,0,2,0,0000000,16,45,17,1,17,37,0,0,0,1,0
48,481139,2,2,0,0,0,3,3,467,0,24,5,2013,6,16,35,0,4,3,SR-64,,57,32.63034722,-95.95151944,0,12,6,0,8,1,0,1,1,10,0,10,0,0000000,16,43,16,52,17,44,0,0,0,1,0
48,481140,1,1,0,0,0,1,1,29,6090,25,5,2013,7,18,5,1,12,2,US-90,,33,29.40690556,-98.60701667,0,3,0,0,1,1,0,1,3,2,0,2,0,0000000,88,88,88,88,88,88,5,0,0,1,0
48,481141,1,1,0,0,0,1,1,201,3280,25,5,2013,7,0,0,0,16,5,GRIGGS RD,,0,29.71,-95.3027,0,33,0,0,1,1,0,3,3,10,0,10,0,0000000,88,88,88,88,88,88,0,0,0,1,1
48,481142,1,1,0,1,1,1,1,201,3280,25,5,2013,7,6,40,1,11,7,I-45 GULF FWY,,179,29.70563611,-95.30196389,0,8,0,1,18,1,0,1,4,1,0,1,0,0000000,6,50,6,54,7,15,0,0,0,1,0
48,481143,2,2,0,0,0,3,3,215,2110,25,5,2013,7,21,39,1,13,8,BU 281W CLOSNER BLVD,ALBERTA RD,76,26.25476389,-98.17385,0,12,6,0,2,2,0,1,3,1,0,1,0,0000000,99,99,99,99,99,99,0,0,0,1,0
48,481144,2,2,0,0,0,5,5,223,6670,25,5,2013,7,11,50,0,14,8,SL 301,ELIZABETH LN,17,33.15391111,-95.57493056,0,12,6,0,3,3,0,1,1,1,0,1,0,0000000,11,50,11,57,12,17,0,0,0,1,0
48,481145,1,1,0,1,1,2,2,229,0,25,5,2013,7,21,34,1,2,2,US-62,,361,31.78398333,-105.4974,0,8,0,0,1,1,0,1,2,1,0,1,0,0000000,88,88,88,88,88,88,19,0,0,1,0
48,481146,1,1,0,0,0,1,1,309,0,25,5,2013,7,8,0,0,4,8,FM 2311 HERITAGE PKWY,,46,31.75768889,-97.043175,0,42,0,0,1,1,0,4,1,10,0,10,0,0000000,88,88,88,88,88,88,0,0,0,1,0
48,481147,2,2,0,0,0,3,3,339,0,25,5,2013,7,21,10,0,4,8,FM 2978,,57,30.15999167,-95.59794167,0,12,2,0,1,1,0,1,2,1,0,1,0,0000000,21,12,21,40,22,9,0,0,0,1,0
48,481148,3,3,0,0,0,10,10,39,0,26,5,2013,1,17,21,0,4,8,FM 1462,CR-442,93,29.37483056,-95.31533333,0,12,1,0,3,3,0,1,1,1,0,1,0,0000000,17,22,17,33,18,4,0,0,0,1,1
48,481149,1,1,0,1,1,1,1,145,0,26,5,2013,1,2,15,0,4,8,FM 434,,76,31.31225556,-97.053675,0,8,0,0,1,1,0,1,2,1,0,1,0,0000000,88,88,88,88,88,88,0,0,0,1,0
48,481150,5,1,4,0,0,1,1,199,4172,26,5,2013,1,19,16,0,14,8,FM 3513 VILLAGE CREEK PKWY,,31,30.22140278,-94.19225278,0,38,0,0,1,1,0,4,1,1,0,1,0,0000000,88,88,88,88,88,88,14,0,0,1,1
48,481151,2,2,0,0,0,4,4,203,0,26,5,2013,1,20,19,1,1,1,I-20,,270,32.49584722,-94.24371944,0,57,0,0,1,1,0,3,1,1,0,1,0,0000000,99,98,99,98,88,88,14,0,0,1,0
48,481152,1,1,0,0,0,1,1,239,0,26,5,2013,1,19,41,0,4,8,FM1822,,59,28.91013333,-96.62767222,0,1,0,0,1,1,0,4,5,1,0,1,0,0000000,19,45,20,23,21,12,0,0,0,1,1
48,481153,1,1,0,0,0,1,1,375,0,26,5,2013,1,23,28,0,3,3,SR-136,,91,35.4935,-101.6380861,0,1,0,0,1,1,0,1,2,1,0,1,0,0000000,88,88,88,88,88,88,0,0,0,1,1
48,481154,2,2,0,0,0,5,5,453,9997,26,5,2013,1,20,19,1,2,2,US-183,LAWS RD,386,30.05615,-97.69013889,0,12,6,0,2,2,0,1,5,1,0,1,0,0000000,20,20,20,35,20,55,0,0,0,1,1
48,481155,1,1,0,0,0,1,1,467,0,26,5,2013,1,1,28,0,4,8,FM1395,,163,32.72726111,-95.88546111,0,35,0,0,1,1,0,4,2,10,0,10,0,0000000,88,88,88,88,88,88,0,0,0,1,1
48,481156,1,1,0,1,1,1,1,29,6090,27,5,2013,2,22,8,0,16,5,SW 29TH ST,,0,29.4258,-98.55095556,0,9,0,0,1,1,0,1,2,1,0,1,0,0000000,22,8,22,13,22,44,0,0,0,1,0
48,481157,1,1,0,1,1,1,1,47,0,27,5,2013,2,10,41,1,2,2,US-281,,319,26.94760833,-98.13800833,0,8,0,0,1,1,0,1,9,99,0,99,0,0000000,99,98,99,98,88,88,0,0,0,1,0
48,481158,2,2,0,0,0,2,2,85,2520,27,5,2013,2,11,48,0,14,8,FM2478 CUSTER RD,COTTON RIDGE RD,53,33.18463333,-96.73278611,0,12,6,0,2,2,0,1,1,10,0,10,0,0000000,11,50,11,55,12,9,0,0,0,1,0
48,481159,8,8,0,0,0,15,15,133,0,27,5,2013,2,13,43,1,1,1,I-20,,107,32.49805278,-98.53840833,0,25,0,0,1,1,0,3,1,1,0,1,0,0000000,14,5,14,28,15,20,14,0,0,4,0
48,481160,1,1,0,0,0,1,1,201,0,27,5,2013,2,8,25,0,6,4,CR-CYPRESS N HOUSTON RD,,0,29.95192778,-95.60766667,0,30,0,0,1,1,0,4,1,10,0,10,0,0000000,88,88,88,88,88,88,0,0,0,1,1
48,481161,1,1,0,0,0,1,1,201,3280,27,5,2013,2,2,0,0,16,5,MEMORIAL DR,,0,29.76175,-95.41002778,0,52,0,1,19,1,0,10,2,1,0,1,0,0000000,88,88,88,88,88,88,0,0,0,1,1
48,481162,2,2,0,0,0,2,2,215,5330,27,5,2013,2,12,26,1,12,7,US-281,,62,26.22959444,-98.17824444,0,12,6,0,8,1,0,1,1,1,0,1,0,0000000,88,88,88,88,88,88,0,0,0,1,0
48,481163,1,1,0,0,0,3,3,485,7490,26,5,2013,1,18,30,0,16,5,SABOTA AVE,,0,33.86151389,-98.59650278,0,5,0,0,1,1,0,1,1,1,0,1,0,0000000,18,31,18,36,18,54,0,0,0,1,0
48,481164,2,2,0,0,0,4,4,5,0,28,5,2013,3,16,54,1,2,2,US-69,FM 2021,200,31.40068611,-94.79273056,0,12,6,0,2,2,0,1,1,1,0,1,0,0000000,16,59,17,7,17,37,0,0,0,1,0
48,481165,2,2,0,0,0,2,2,85,200,28,5,2013,3,7,20,1,2,3,SR-121 SAM RAYBURN HWY,,109,33.30906389,-96.5181,0,12,2,0,1,1,0,1,1,1,0,1,0,0000000,7,25,7,47,8,24,0,0,0,1,0
48,481166,1,1,0,0,0,1,1,113,1730,28,5,2013,3,19,1,0,16,5,MARSH LN,,0,32.88521667,-96.85606944,0,42,0,0,1,1,0,3,1,10,0,10,0,0000000,99,98,99,98,88,88,0,0,0,1,1
48,481167,2,1,1,1,1,2,2,145,0,28,5,2013,3,16,0,1,2,3,SR-6,,246,31.17393056,-96.74805,0,14,0,0,1,1,0,2,1,1,0,1,0,0000000,88,88,88,88,88,88,14,0,0,1,0
48,481168,2,2,0,0,0,2,2,201,3280,28,5,2013,3,22,15,1,12,2,US-90A MAIN ST,SL 8 SOUTH SAM HOUSTON W PKWY,12,29.62633611,-95.51725,0,12,6,1,2,2,1,1,2,10,0,10,0,0000000,88,88,88,88,88,88,0,0,0,1,0
48,481169,1,1,0,0,0,2,2,401,0,28,5,2013,3,16,20,0,6,4,CR-2147D,,0,32.3294,-94.65666944,0,1,0,0,1,1,0,1,1,1,0,1,0,0000000,16,19,16,35,17,38,23,0,0,1,0
48,481170,2,2,0,0,0,2,2,439,2450,28,5,2013,3,7,50,1,11,1,I-35W NORTH FWY,,15,32.90983889,-97.31706944,0,12,98,0,1,1,0,1,1,10,0,10,0,0000000,88,88,88,88,88,88,0,0,0,1,0
48,481171,2,2,0,0,0,2,2,135,5030,29,5,2013,4,4,49,1,13,7,BI20E,JBS PARKWAY,76,31.86873889,-102.3210806,0,12,6,0,2,3,0,1,2,1,0,1,0,0000000,4,49,4,54,5,7,0,0,0,1,0
48,481172,1,1,0,0,0,1,1,139,0,29,5,2013,4,0,43,0,5,8,FM 780,,32,32.52018056,-96.58495,0,11,0,0,1,1,0,1,2,1,0,1,0,0000000,88,88,88,88,88,88,0,0,0,1,0
48,481173,1,1,0,1,1,1,1,215,4197,29,5,2013,4,18,48,0,16,5,DOVE AVE,,0,26.25647222,-98.25315556,0,8,0,0,1,1,0,1,1,1,0,1,0,0000000,18,49,18,55,19,19,0,0,0,1,1
48,481174,1,1,0,0,0,1,1,251,0,29,5,2013,4,0,50,1,1,1,I-35W,,2,32.2531,-97.16198889,0,23,0,0,1,1,0,4,2,1,0,1,0,0000000,1,6,1,19,2,5,19,0,0,1,0
48,481175,2,2,0,0,0,2,2,5,0,30,5,2013,5,9,5,1,2,2,US-69,,147,31.2266,-94.5254,0,12,1,0,8,1,0,1,1,1,0,1,0,0000000,9,0,9,9,9,43,0,0,0,1,0
48,481176,1,1,0,0,0,1,1,113,3420,30,5,2013,5,12,47,0,16,5,IRBY LN,,0,32.81535278,-96.96783333,0,10,0,0,6,1,0,1,1,10,0,10,0,597739K,88,88,88,88,88,88,0,0,0,1,0
48,481177,2,2,0,0,0,3,3,201,3280,30,5,2013,5,21,47,1,11,1,I-610/NORTH LOOP,,28,29.81286389,-95.42768333,0,12,1,0,1,1,0,1,3,10,0,10,0,0000000,15,40,16,3,16,32,0,0,0,1,1
48,481178,2,2,0,0,0,2,2,303,4140,30,5,2013,5,10,18,1,13,2,US-84/SLATON HWY,SL-289/MLK JR,65,33.529175,-101.8175472,0,12,6,0,2,2,0,1,1,1,0,1,0,0000000,10,20,10,25,10,42,0,0,0,1,0
48,481179,1,1,0,0,0,2,2,341,0,30,5,2013,5,21,36,0,4,8,FM1060,,12,36.05413611,-101.6502083,0,11,0,0,1,1,0,1,2,1,0,1,0,0000000,99,99,99,99,99,99,0,0,0,1,0
48,481180,2,2,0,0,0,3,3,453,0,30,5,2013,5,17,55,0,3,8,FM812,,67,30.10353056,-97.61498889,0,12,6,0,1,1,0,1,1,1,0,1,0,0000000,18,0,18,19,18,35,0,0,0,1,0
48,481181,2,2,0,0,0,4,4,9,0,31,5,2013,6,14,0,1,2,2,US-82,BU82F,145,33.81064444,-98.71350833,0,12,6,0,2,3,0,1,1,1,0,1,0,0000000,13,58,14,10,14,36,0,0,0,1,0
48,481182,2,2,0,0,0,2,2,127,0,31,5,2013,6,15,45,0,4,8,FM 190,,28,28.54441944,-99.67935833,0,12,6,0,1,1,0,1,1,1,0,1,0,0000000,88,88,88,88,88,88,0,0,0,1,0
48,481183,2,2,0,0,0,2,2,135,0,31,5,2013,6,8,35,1,2,2,US-385 GRANT AVE,FM 1787 APPLE ST,119,31.68172778,-102.3389139,0,12,6,0,2,2,0,1,1,1,0,1,0,0000000,88,88,88,88,88,88,0,0,0,1,0
48,481184,2,2,0,0,0,2,2,201,0,31,5,2013,6,12,44,1,13,3,SR-6,,34,29.88918333,-95.64251111,0,12,6,0,8,1,0,1,1,1,0,1,0,0000000,12,52,13,10,13,30,0,0,0,1,0
48,481185,2,2,0,0,0,2,2,225,0,31,5,2013,6,9,0,0,3,3,SR-7,,30,31.31098611,-95.615925,0,12,6,0,1,1,1,1,1,10,0,10,0,0000000,88,88,88,88,88,88,0,0,0,1,0
48,481186,1,1,0,0,0,1,1,329,0,31,5,2013,6,13,44,1,2,3,SR-158,,151,31.94587778,-101.9068528,0,1,0,0,1,1,0,4,1,1,0,1,0,0000000,88,88,88,88,88,88,0,0,0,1,0
48,481187,1,1,0,0,0,1,1,201,3280,5,4,2013,6,3,41,0,16,5,NORTH HOUSTON ROSSLYN,LITTLE YORK RD,0,29.86583333,-95.48677222,0,46,0,0,3,2,0,4,3,1,0,1,0,0000000,88,88,88,88,88,88,0,0,0,1,1
48,481188,1,1,0,0,0,1,1,309,7210,9,4,2013,3,16,44,0,16,5,FORRESTER LN,,0,31.56768889,-97.18842222,0,53,0,0,1,1,0,4,1,1,0,1,0,0000000,16,47,16,51,17,21,0,0,0,1,0
48,481189,1,1,0,0,0,1,1,113,4530,4,5,2013,7,5,37,1,11,1,I-635 RAMP,,68,32.7922,-96.62546667,0,26,0,1,5,1,0,4,1,1,0,1,0,0000000,88,88,88,88,88,88,0,0,0,1,1
48,481190,2,2,0,0,0,3,3,439,2420,4,5,2013,7,13,56,1,13,8,BU287 MANSFIELD HWY,FOREST HILL DR,76,32.68045556,-97.2742,0,12,6,0,2,3,0,1,1,1,0,1,0,0000000,13,17,13,26,13,48,0,0,0,1,0
48,481191,3,3,0,0,0,4,4,201,0,11,5,2013,7,11,45,0,6,4,CR-VETERANS MEMORIAL DR,CR-RICHEY RD,0,29.96937222,-95.48436944,0,12,6,0,2,3,0,1,1,1,0,1,0,0000000,99,99,99,99,99,99,0,0,0,1,0
48,481192,3,3,0,0,0,3,3,469,7190,17,5,2013,6,21,57,1,13,2,US-87,MOCKINGBIRD LN,142,28.83494167,-97.00985833,0,12,6,0,2,2,0,1,3,10,0,10,0,0000000,99,99,99,99,99,99,0,0,0,1,1
48,481193,2,2,0,0,0,2,2,201,0,19,5,2013,1,16,40,0,6,4,CR-ROBERTS RD,CR-ZUBE RD,0,30.02346389,-95.81527778,0,12,6,0,2,3,0,1,1,1,0,1,0,0000000,16,49,17,5,17,31,0,0,0,1,0
48,481194,2,2,0,0,0,2,2,259,740,24,5,2013,6,17,6,1,11,1,I-10 RAMP,US-87 RAMP,211,29.76864167,-98.719225,0,12,6,1,20,1,0,1,1,2,0,2,0,0000000,17,14,17,14,17,44,0,0,0,1,0
48,481195,2,2,0,0,0,3,3,121,1190,27,5,2013,2,17,43,0,16,5,HEBRON PKWY,LUKE LN,0,33.02209444,-96.911475,0,12,6,0,2,3,0,1,1,1,0,1,0,0000000,17,43,17,47,18,12,0,0,0,1,0
48,481196,2,2,0,1,1,1,1,201,3280,28,5,2013,3,22,41,1,12,8,SL-8,,78,29.93332778,-95.37569444,0,8,0,0,1,1,0,1,3,1,0,1,0,0000000,99,98,99,98,88,88,23,0,0,1,0
48,481197,1,1,0,0,0,1,1,21,0,1,6,2013,7,8,27,0,6,4,CR-OLD MCDADE RD,,0,30.34214167,-97.35546111,0,42,0,0,1,1,0,4,1,10,0,10,0,0000000,88,88,88,88,88,88,0,0,0,1,1
48,481198,1,1,0,0,0,1,1,29,6090,1,6,2013,7,4,50,1,11,1,I-10,,143,29.547825,-98.58369167,0,25,0,0,1,1,0,4,3,1,0,1,0,0000000,4,50,5,6,5,23,0,0,0,1,1
48,481199,2,2,0,0,0,4,4,99,0,1,6,2013,7,14,56,0,3,3,SR-36,,295,31.29629722,-97.59027778,0,12,2,0,1,1,0,1,1,1,0,1,0,0000000,99,99,99,99,99,99,0,0,0,2,0
48,481200,1,1,0,1,1,2,2,113,1730,1,6,2013,7,22,51,1,12,2,US-175,,75,32.69928333,-96.64694444,0,8,0,0,1,1,0,1,3,1,0,1,0,0000000,88,88,88,88,88,88,0,0,0,1,0
48,481201,2,2,0,0,0,2,2,113,2800,1,6,2013,7,8,0,1,13,8,SS303 E PIONEER PKWY,FM1382 S BELTLINE RD,27,32.70931667,-96.99425833,0,12,1,0,3,2,0,1,1,1,0,1,0,0000000,8,2,8,9,8,35,0,0,0,1,0
48,481202,1,1,0,0,0,1,1,113,3420,1,6,2013,7,6,4,0,16,5,PRESIDENT GEORGE BUSH TPKE,,0,32.90670833,-96.95531389,0,59,0,0,1,1,0,3,3,10,0,10,0,0000000,88,88,88,88,88,88,0,0,0,1,1
48,481203,1,1,0,1,1,3,3,187,6237,1,6,2013,7,1,13,1,11,1,I-35,,20,29.59961667,-98.27723333,0,8,0,0,1,1,0,1,2,1,0,1,0,0000000,99,98,99,98,88,88,0,0,0,1,0
48,481204,2,2,0,0,0,3,3,201,0,1,6,2013,7,14,50,0,6,4,CR-HUFFMAN CLEVELAND RD,CR-KINGWOOD DR,0,30.09218611,-95.11091944,0,12,1,0,2,3,0,1,1,1,0,1,0,0000000,99,98,99,98,88,88,0,0,0,1,0
48,481205,1,1,0,0,0,2,2,203,0,1,6,2013,7,16,38,0,4,8,FM1997,,99,32.58105833,-94.38351944,0,38,0,0,1,1,0,4,1,10,0,10,0,0000000,16,39,16,46,17,8,0,0,0,1,1
48,481206,1,1,0,0,0,5,5,215,0,1,6,2013,7,19,0,0,6,4,CR-VALLEY VIEW RD,,0,26.13523611,-98.08229722,0,1,0,0,1,1,0,4,1,1,0,1,0,0000000,19,4,19,13,19,41,0,0,0,1,0
48,481207,1,1,0,1,1,1,1,227,0,1,6,2013,7,1,28,1,1,7,I-20,CR-S MIDWAY RD,295,32.26718056,-101.4036278,0,8,0,0,2,3,0,1,2,1,0,1,0,0000000,99,98,99,98,88,88,0,0,0,1,0
48,481208,1,1,0,0,0,2,2,321,470,1,6,2013,7,2,29,0,13,3,SR-35 7TH ST,,122,28.98255833,-95.94089167,0,43,0,0,1,1,0,4,3,10,0,10,0,0000000,99,99,99,99,99,99,0,0,0,1,0
48,481209,1,1,0,0,0,3,3,355,1550,1,6,2013,7,2,25,1,12,7,SR-358 S PADRE ISLAND DR,,148,27.67525556,-97.30054722,0,33,0,0,1,1,0,4,3,10,0,10,0,0000000,2,26,2,35,2,53,0,0,0,1,1
48,481210,1,1,0,0,0,2,2,419,0,1,6,2013,7,22,34,0,3,3,SR-87,,190,31.79572222,-94.1375,0,1,0,0,1,1,0,4,2,10,0,10,0,0000000,99,99,99,99,99,99,0,0,0,1,1
48,481211,1,1,0,1,1,1,1,29,6090,2,6,2013,1,7,55,0,16,5,W EISENHAUER RD,,0,29.49641111,-98.38580278,0,8,0,0,1,1,0,4,1,2,0,2,0,0000000,7,57,8,0,8,14,0,0,0,1,0
48,481212,2,2,0,0,0,3,3,29,6090,2,6,2013,1,21,2,1,11,1,I-410,,116,29.46717222,-98.61852778,0,1,0,0,8,1,0,1,1,1,0,1,0,0000000,21,2,21,11,21,37,14,0,0,1,1
48,481213,3,3,0,0,0,3,3,157,0,2,6,2013,1,18,0,1,2,3,SR-36,,158,29.35940278,-95.78985833,0,12,8,0,1,1,0,1,1,1,0,1,0,0000000,99,98,99,98,88,88,0,0,0,2,1
48,481214,1,1,0,0,0,1,1,167,3850,2,6,2013,1,3,29,1,11,7,I-45,,24,29.35118611,-94.9635,0,32,0,0,1,1,0,4,2,10,0,10,0,0000000,88,88,88,88,88,88,0,0,0,1,1
48,481215,1,1,0,0,0,4,4,215,0,2,6,2013,1,0,15,0,6,4,CR-SEMINARY RD,,0,26.38811944,-98.16199722,0,34,0,0,1,1,0,4,2,1,0,1,0,0000000,0,30,0,45,0,54,0,0,0,1,1
48,481216,2,2,0,0,0,3,3,229,0,2,6,2013,1,3,14,1,2,2,US-62,,217,31.81279722,-105.6633611,0,12,2,0,1,1,0,1,2,1,0,1,0,0000000,3,58,4,39,6,2,0,0,0,1,1
48,481217,1,1,0,0,0,2,2,347,0,2,6,2013,1,19,55,0,5,8,FM1087,,41,31.82872222,-94.63251389,0,1,0,0,1,1,0,4,1,1,0,1,0,0000000,99,98,99,98,88,88,0,0,0,2,0
48,481218,2,2,0,0,0,2,2,467,0,2,6,2013,1,9,2,0,4,8,FM47,,175,32.46675,-96.02948333,0,12,2,0,1,1,0,1,1,1,0,1,0,0000000,99,99,99,99,99,99,0,0,0,1,0