STATE,ST_CASE,VE_TOTAL,VE_FORMS,PVH_INVL,PEDS,PERNOTMVIT,PERMVIT,PERSONS,COUNTY,CITY,DAY,MONTH,YEAR,DAY_WEEK,HOUR,MINUTE,NHS,ROAD_FNC,ROUTE,TWAY_ID,TWAY_ID2,MILEPT,LATITUDE,LONGITUD,SP_JUR,HARM_EV,MAN_COLL,RELJCT1,RELJCT2,TYP_INT,WRK_ZONE,REL_ROAD,LGT_COND,WEATHER1,WEATHER2,WEATHER,SCH_BUS,RAIL,NOT_HOUR,NOT_MIN,ARR_HOUR,ARR_MIN,HOSP_HR,HOSP_MN,CF1,CF2,CF3,FATALS,DRUNK_DR
48,481219,2,2,0,0,0,3,3,491,0,2,6,2013,1,14,22,0,4,8,FM1660,FM973,40,30.48035,-97.45903611,0,12,6,0,2,2,0,1,1,1,0,1,0,0000000,99,98,99,98,88,88,0,0,0,1,0
48,481220,1,1,0,1,1,1,1,29,6090,3,6,2013,2,3,54,1,11,1,I-10 RAMP,,2,29.39554444,-98.50846667,0,8,0,1,20,1,0,1,3,1,0,1,0,0000000,99,98,99,98,88,88,19,0,0,1,0
48,481221,1,1,0,1,1,3,3,113,2590,3,6,2013,2,16,44,0,16,5,BROADWAY BLVD,E OATES RD,0,32.85759444,-96.60241667,0,8,0,0,3,2,0,1,1,1,0,1,0,0000000,16,45,16,48,17,17,0,0,0,1,0
48,481222,1,1,0,0,0,1,1,113,3880,3,6,2013,2,17,28,1,11,1,I-20 LBJ FWY,,141,32.64211389,-96.81302222,0,25,0,0,1,1,0,3,1,1,0,1,0,0000000,99,99,17,34,18,5,0,0,0,1,1
48,481223,3,2,1,2,2,3,3,201,480,3,6,2013,2,12,40,1,11,1,I-10,,535,29.81063333,-94.94653611,0,12,1,0,1,1,0,1,1,1,0,1,0,0000000,12,45,13,0,13,25,23,0,0,1,0
48,481224,3,3,0,0,0,6,6,201,3280,3,6,2013,2,13,0,0,16,5,TIDWELL RD,HIRSCH RD,0,29.84815833,-95.32380278,0,12,6,0,2,2,0,1,1,1,0,1,0,0000000,13,0,13,3,13,21,20,0,0,1,0
48,481225,1,1,0,0,0,13,13,247,0,3,6,2013,2,6,9,0,4,3,SR-359,,80,27.32371944,-98.65280833,0,1,0,0,1,1,0,1,4,1,0,1,0,0000000,6,12,6,19,99,99,20,0,0,1,0
48,481226,1,1,0,0,0,1,1,329,0,3,6,2013,2,10,30,0,6,4,CR-FAIRGROUNDS RD,,0,32.00798333,-102.0499833,0,10,0,0,6,1,0,1,1,1,0,1,0,796341S,88,88,88,88,88,88,23,0,0,1,0
48,481228,1,1,0,0,0,1,1,21,0,4,6,2013,3,12,17,0,3,3,SR-95,,86,30.21703889,-97.31533333,0,32,0,0,1,1,0,4,1,1,0,1,0,0000000,88,88,88,88,88,88,0,0,0,1,0
48,481229,1,1,0,0,0,2,2,27,0,4,6,2013,3,2,19,1,12,2,US-190,,31,31.11974722,-97.76823889,0,24,0,0,1,1,1,4,2,1,0,1,0,0000000,2,19,2,26,3,5,0,0,0,1,1
48,481230,3,3,0,0,0,6,6,61,3030,4,6,2013,3,7,0,0,16,5,W BUCHANAN ST,H ST,0,26.18431944,-97.70438889,0,12,6,0,2,2,0,1,1,1,0,1,0,0000000,7,5,7,11,7,39,0,0,0,1,0
48,481231,3,3,0,0,0,7,7,155,0,4,6,2013,3,12,5,0,3,2,US-70,,55,33.98273056,-99.6314,0,12,1,0,1,1,0,1,1,1,0,1,0,0000000,99,99,99,99,99,99,0,0,0,1,0
48,481232,2,2,0,0,0,2,2,177,0,4,6,2013,3,15,45,1,2,2,US-183,CR-197,134,29.47066944,-97.44386944,0,1,0,0,8,1,0,1,1,1,0,1,0,0000000,16,12,16,44,17,16,0,0,0,1,0
48,481233,2,2,0,0,0,2,2,201,0,4,6,2013,3,15,13,1,12,7,SL 8,,29,29.92158889,-95.20052222,0,12,1,0,1,1,0,1,1,1,0,1,0,0000000,88,88,88,88,88,88,23,0,0,1,0
48,481234,3,1,2,2,2,5,5,215,50,4,6,2013,3,15,5,1,12,2,US-83,,336,26.18643056,-98.08663611,0,14,0,0,1,1,0,2,1,1,0,1,0,0000000,15,10,15,15,15,47,23,0,0,1,0
48,481235,2,2,0,0,0,3,3,245,1312,4,6,2013,3,18,30,0,3,2,US-90,ORANGE ST,67,30.04774722,-94.33396944,0,12,6,0,2,3,0,1,1,1,0,1,0,0000000,99,99,99,99,99,99,0,0,0,2,0
48,481236,1,1,0,0,0,2,2,267,0,4,6,2013,3,10,13,1,1,1,I-10,,74,30.49598056,-100.0035389,0,1,0,0,1,1,0,3,1,1,0,1,0,0000000,10,31,11,12,11,56,0,0,0,1,0
48,481237,2,2,0,0,0,2,2,401,3120,4,6,2013,3,12,14,1,13,2,US-79,,35,32.13345278,-94.80234722,0,12,6,0,8,1,0,1,1,10,0,10,0,0000000,99,99,99,99,99,99,0,0,0,1,0
48,481238,2,2,0,0,0,3,3,421,0,4,6,2013,3,14,41,1,2,2,US-54,,141,36.46028056,-101.8549361,0,12,2,0,1,1,1,1,1,1,0,1,0,0000000,88,88,88,88,88,88,0,0,0,2,0
48,481239,2,2,0,0,0,2,2,497,0,4,6,2013,3,16,15,1,2,2,US-81/287,CR-1596,47,33.38934722,-97.72391389,0,12,6,0,7,1,0,1,1,1,0,1,0,0000000,88,88,88,88,88,88,0,0,0,1,0
48,481240,2,2,0,0,0,2,2,13,0,5,6,2013,4,13,45,0,4,3,SR-97,SP 162,93,28.9202,-98.58821389,0,12,6,0,2,3,0,1,1,1,0,1,0,0000000,88,88,88,88,88,88,0,0,0,1,0
48,481241,2,2,0,0,0,4,4,49,0,5,6,2013,4,8,12,0,4,8,FM-2632,,25,31.78923056,-99.04948889,0,12,2,0,1,1,0,1,1,1,0,1,0,0000000,8,18,8,37,9,54,0,0,0,1,0
48,481242,1,1,0,0,0,3,3,113,1730,5,6,2013,4,5,47,1,11,1,I-35 RAMP,,175,32.78716944,-96.81269444,0,59,0,1,5,1,0,10,3,1,0,1,0,0000000,5,48,5,53,6,13,0,0,0,2,0
48,481243,2,2,0,0,0,4,4,21,0,6,6,2013,5,15,41,1,2,2,US-290,,98,30.29665,-97.27058056,0,12,6,0,1,1,0,1,1,1,0,1,0,0000000,88,88,88,88,88,88,0,0,0,1,1
48,481244,3,3,0,0,0,6,6,85,200,6,6,2013,5,13,23,1,2,3,SR-121,,90,33.32553889,-96.49252778,0,12,6,0,1,1,0,1,1,2,0,2,0,0000000,99,99,99,99,99,99,0,0,0,1,0
48,481245,2,2,0,0,0,2,2,113,1730,6,6,2013,5,7,32,1,11,1,I-635,,29,32.89784167,-96.71441389,0,12,6,0,1,1,0,1,1,2,0,2,0,0000000,7,35,7,38,8,12,0,0,0,1,0
48,481246,2,2,0,0,0,3,3,183,4080,6,6,2013,5,12,32,1,13,8,SS 502,HAWKINS PKWY,50,32.54670278,-94.74907222,0,1,0,0,3,2,0,1,1,2,0,2,0,0000000,12,32,12,40,12,52,0,0,0,1,0
48,481247,2,2,0,0,0,5,5,213,300,6,6,2013,5,14,26,0,14,2,US-175,,267,32.22800556,-95.81607222,0,12,6,1,18,1,0,1,1,2,0,2,0,0000000,14,32,14,38,14,56,0,0,0,1,0
48,481248,1,1,0,0,0,1,1,287,2640,6,6,2013,5,23,51,0,16,5,ORANGE ST,INDUSTRY ST,0,30.17881111,-96.93075556,0,42,0,0,3,2,0,4,3,1,0,1,0,0000000,88,88,88,88,88,88,0,0,0,1,1
48,481249,2,2,0,0,0,2,2,309,0,6,6,2013,5,11,43,0,4,8,FM 2113,,78,31.402675,-97.28389444,0,12,6,0,8,1,0,1,1,1,0,1,0,0000000,88,88,88,88,88,88,0,0,0,1,0
48,481250,2,2,0,0,0,3,3,347,2600,6,6,2013,5,13,30,1,2,2,US-59,,14,31.82701389,-94.48927778,0,12,6,0,1,1,0,1,1,10,0,10,0,0000000,99,99,99,99,99,99,0,0,0,1,0
48,481251,1,1,0,1,1,1,1,355,1550,6,6,2013,5,23,25,0,16,5,CRUISER ST,,0,27.59006111,-97.22618333,0,18,0,0,1,1,0,7,3,1,0,1,0,0000000,23,26,23,33,23,56,0,0,0,1,0
48,481252,2,2,0,0,0,4,4,423,0,6,6,2013,5,9,53,0,4,8,FM 279,,2,32.36574167,-95.45038056,0,12,6,0,1,1,0,1,1,2,0,2,0,0000000,99,99,99,99,99,99,0,0,0,1,0
48,481253,4,2,2,1,2,2,3,439,2850,6,6,2013,5,13,48,1,12,3,SR-114,,108,32.93229167,-97.03783333,0,14,0,0,1,1,1,2,1,10,0,10,0,0000000,13,52,14,3,14,29,23,14,15,1,0
48,481254,1,1,0,0,0,2,2,491,0,6,6,2013,5,21,58,0,6,4,CR-279,,0,30.64891944,-97.91036389,0,31,0,0,1,1,0,4,2,1,0,1,0,0000000,99,99,99,99,99,99,0,0,0,1,1
48,481255,3,2,1,0,0,2,2,29,6090,7,6,2013,6,16,36,0,16,5,PALO ALTO,,0,29.35083056,-98.55229167,0,12,2,0,8,1,0,1,1,10,0,10,0,0000000,88,88,88,88,88,88,0,0,0,1,0
48,481256,2,2,0,0,0,2,2,113,1730,7,6,2013,6,17,10,0,16,5,MARTIN LUTHER KING JR BLVD,HOLMES ST,0,32.76073611,-96.778175,0,12,6,0,2,2,0,1,1,1,0,1,0,0000000,17,10,17,13,17,21,0,0,0,1,0
48,481257,1,1,0,0,0,2,2,113,2800,7,6,2013,6,20,36,1,13,3,SR-180 MAIN ST,,57,32.74946944,-96.93287778,0,24,0,0,1,1,1,4,5,1,0,1,0,0000000,20,38,20,46,21,5,0,0,0,1,0
48,481258,2,2,0,0,0,4,4,127,0,7,6,2013,6,4,15,0,3,2,US-83,,5,28.63686944,-99.84419167,0,12,2,0,1,1,0,1,2,10,0,10,0,0000000,99,99,99,99,99,99,0,0,0,3,1
48,481259,2,2,0,0,0,2,2,217,0,7,6,2013,6,6,5,1,2,3,SR-31,,39,31.75867222,-96.88964722,0,12,2,0,1,1,0,1,4,10,0,10,0,0000000,6,53,7,11,8,20,0,0,0,1,0
48,481260,2,2,0,0,0,6,6,493,0,7,6,2013,6,6,33,0,4,3,SR-119,,109,29.15624444,-97.82949167,0,24,0,0,1,1,0,4,4,1,0,1,0,0000000,7,3,7,28,8,1,0,0,0,1,0
48,481261,2,2,0,0,0,3,3,501,0,7,6,2013,6,12,42,0,4,2,US-82,FM769 STATE LINE RD,215,33.08933333,-103.0627667,0,12,6,0,2,2,0,1,1,1,0,1,0,0000000,99,98,99,98,88,88,0,0,0,2,0
48,481262,1,1,0,0,0,1,1,9,0,8,6,2013,7,18,29,0,4,3,SR-25,,27,33.59173611,-98.59670833,0,34,0,0,1,1,0,4,1,1,0,1,0,0000000,88,88,88,88,88,88,0,0,0,1,1
48,481263,1,1,0,0,0,1,1,121,0,8,6,2013,7,10,47,0,3,8,FM455,,73,33.35817222,-97.26775,0,1,0,0,1,1,0,4,1,1,0,1,0,0000000,10,48,11,8,11,49,0,0,0,1,1
48,481264,1,1,0,0,0,4,4,143,0,8,6,2013,7,5,10,0,3,2,US-281,,367,32.03157778,-98.08197778,0,1,0,1,19,1,0,3,2,1,0,1,0,0000000,5,19,5,27,6,21,0,0,0,1,0
48,481265,1,1,0,1,1,1,1,167,0,8,6,2013,7,0,37,0,5,8,SL108,CR-BROADWAY,64,29.39854167,-94.74055556,0,8,0,0,2,3,0,1,2,10,0,10,0,0000000,99,98,99,98,88,88,0,0,0,1,0
48,481266,1,1,0,1,1,1,1,201,0,8,6,2013,7,5,30,1,13,8,FM1960,,276,29.99946111,-95.22004444,0,8,0,0,1,1,0,1,2,10,0,10,0,0000000,99,98,99,98,88,88,0,0,0,1,0
48,481267,1,1,0,1,1,1,1,201,0,8,6,2013,7,16,46,1,13,3,SR-6,,165,29.6984,-95.64390833,0,9,0,0,1,1,0,2,1,10,0,10,0,0000000,99,98,99,98,88,88,0,0,0,1,1
48,481268,3,3,0,0,0,5,5,201,0,15,6,2013,7,23,13,1,13,3,SR-6,,33,29.89045556,-95.64170833,0,12,1,0,1,1,0,1,3,1,0,1,0,0000000,23,17,23,26,99,99,0,0,0,1,1
48,481269,2,2,0,0,0,3,3,215,0,8,6,2013,7,19,45,1,12,7,US-83,SILVER SPUR,117,26.23758056,-98.40493611,0,12,6,0,2,3,0,1,1,1,0,1,0,0000000,99,99,99,99,99,99,0,0,0,1,0
48,481270,2,2,0,0,0,2,2,291,0,8,6,2013,7,5,48,0,4,8,FM1010,,68,30.24778056,-95.08910833,0,12,2,0,1,1,0,1,2,1,0,1,0,0000000,6,10,6,31,7,5,0,0,0,1,0
48,481271,1,1,0,0,0,3,3,411,0,8,6,2013,7,4,10,0,4,8,RM 501,,71,30.99894167,-98.60750556,0,35,0,0,1,1,0,4,2,1,0,1,0,0000000,88,88,88,88,88,88,0,0,0,1,1
48,481272,2,2,0,0,0,2,2,201,0,16,6,2013,1,20,50,0,6,4,CR-VETERANS MEMORIAL DR,,0,29.97500833,-95.4886,0,12,6,0,8,1,0,1,5,10,0,10,0,0000000,99,99,99,99,99,99,0,0,0,1,0
48,481273,1,1,0,0,0,1,1,113,1730,9,6,2013,1,20,10,0,16,5,MASTERS DR,,0,32.73169167,-96.6483,0,30,0,0,1,1,0,4,1,1,0,1,0,0000000,88,88,88,88,88,88,0,0,0,1,1
48,481274,3,3,0,1,1,3,3,113,1730,9,6,2013,1,5,30,1,11,1,I-30,,104,32.79625,-96.69012778,0,8,0,0,1,1,0,1,3,1,0,1,0,0000000,88,88,88,88,88,88,0,0,0,1,0
48,481275,1,1,0,1,1,1,1,201,0,9,6,2013,1,20,45,0,6,4,CR-MAGNOLIA AVE,,0,29.86677222,-95.07008889,0,8,0,0,1,1,0,1,2,1,0,1,0,0000000,21,15,21,47,22,6,0,0,0,1,0
48,481276,1,1,0,0,0,1,1,223,0,9,6,2013,1,2,55,0,4,8,FM 2297,,46,33.06019722,-95.61861389,0,1,0,0,1,1,0,4,2,1,0,1,0,0000000,3,3,3,10,3,35,0,0,0,1,1
48,481277,1,1,0,0,0,3,3,349,0,9,6,2013,1,1,10,1,1,1,I-45,,109,31.98667222,-96.42466389,0,11,0,0,1,1,0,1,2,1,0,1,0,0000000,1,11,1,41,2,24,0,0,0,1,0
48,481278,1,1,0,0,0,1,1,401,0,9,6,2013,1,13,49,1,2,2,US-259,CR-186,66,32.35613889,-94.85401944,0,21,0,0,1,1,0,4,1,1,0,1,0,0000000,88,88,88,88,88,88,0,0,0,1,0
48,481279,3,3,0,0,0,7,7,439,4300,9,6,2013,1,17,31,0,16,5,BROAD ST,LOWES FARM PKWY,0,32.58110833,-97.06957778,0,12,2,0,2,3,0,1,1,1,0,1,0,0000000,17,31,17,36,18,15,0,0,0,2,0
48,481280,1,1,0,1,1,1,1,477,0,9,6,2013,1,1,13,0,5,8,FM 1370,,0,30.31500278,-96.16147778,0,8,0,0,1,1,0,1,2,10,0,10,0,0000000,88,88,88,88,88,88,19,0,0,1,0
48,481281,2,2,0,0,0,2,2,201,3280,10,6,2013,2,2,35,1,11,1,I-45/GULF FWY,,108,29.62606944,-95.22678333,0,12,2,0,1,1,0,1,3,1,0,1,0,0000000,88,88,88,88,88,88,0,0,0,2,1
48,481282,1,1,0,0,0,1,1,215,0,10,6,2013,2,0,5,0,6,4,CR-MILE 12 NORTH RD,,0,26.22895,-97.93428056,0,30,0,0,1,1,0,4,2,1,0,1,0,0000000,88,88,88,88,88,88,0,0,0,1,1
48,481283,2,2,0,0,0,3,3,373,0,10,6,2013,2,20,50,0,4,8,FM3277,,31,30.72615278,-95.09776111,0,12,6,0,8,1,0,1,2,1,0,1,0,0000000,88,88,88,88,88,88,0,0,0,1,1
48,481284,2,2,0,0,0,2,2,127,0,11,6,2013,3,7,4,0,3,2,US-83,,37,28.58101944,-99.83731944,0,1,0,0,1,1,0,1,1,10,0,10,0,0000000,99,99,99,99,99,99,0,0,0,1,0
48,481285,1,1,0,0,0,3,3,201,3280,11,6,2013,3,10,15,1,11,1,I-45/GULF FWY,,39,29.553575,-95.15437222,0,24,0,1,19,1,0,4,1,10,0,10,0,0000000,10,14,10,22,10,55,0,0,0,2,0
48,481286,1,1,0,1,1,2,2,291,0,11,6,2013,3,10,2,0,4,8,FM1409,,145,29.98488056,-94.85603056,0,9,0,0,1,1,0,1,1,1,0,1,0,0000000,88,88,88,88,88,88,0,0,0,1,0
48,481287,2,2,0,0,0,2,2,385,0,11,6,2013,3,15,55,0,4,3,SR-41,,163,30.06678889,-99.71938611,0,12,6,0,1,1,0,1,1,1,0,1,0,0000000,16,0,16,32,18,30,0,0,0,1,0
48,481288,1,1,0,0,0,1,1,401,0,11,6,2013,3,14,20,0,14,8,FM1249,,53,32.33169167,-94.77665556,0,1,0,0,1,1,0,1,1,1,0,1,0,0000000,88,88,88,88,88,88,0,0,0,1,1
48,481289,1,1,0,0,0,1,1,439,2450,11,6,2013,3,6,0,1,11,1,I-820/NORTHEAST/JIM WRIGHT FWY,,169,32.83948333,-97.32367222,0,1,0,0,1,1,0,3,1,1,0,1,0,0000000,88,88,88,88,88,88,0,0,0,1,0
48,481290,1,1,0,0,0,1,1,29,6090,12,6,2013,4,6,20,1,11,1,I-410/LOOP 410 HWY,,12,29.32210278,-98.61659722,0,24,0,0,1,1,0,10,4,2,0,2,0,0000000,88,88,88,88,88,88,0,0,0,1,0
48,481291,1,1,0,0,0,1,1,91,0,12,6,2013,4,23,14,0,6,4,CR-W AMMANN RD,,0,29.76941944,-98.55881111,0,43,0,0,1,1,0,4,2,10,0,10,0,0000000,88,88,88,88,88,88,0,0,0,1,0
48,481292,2,2,0,0,0,2,2,113,1730,12,6,2013,4,7,38,1,12,2,US-75 N CENTRAL EXPY,,45,32.93343611,-96.75363611,0,12,99,0,1,1,0,1,1,1,0,1,0,0000000,99,98,99,98,88,88,0,0,0,1,0
48,481293,2,2,0,0,0,2,2,113,1730,12,6,2013,4,0,31,0,16,5,MILLER RD,PLANO RD,0,32.89455556,-96.70046944,0,12,6,0,2,2,0,1,3,1,0,1,0,0000000,0,33,0,37,1,2,20,0,0,1,0
48,481294,2,2,0,0,0,3,3,225,0,12,6,2013,4,5,25,0,3,3,SR-19,,337,31.10450556,-95.43354722,0,12,2,0,1,1,0,1,2,1,0,1,0,0000000,99,98,99,98,88,88,0,0,0,3,0
48,481295,2,2,0,0,0,3,3,227,0,12,6,2013,4,18,20,0,3,3,SR-350,,222,32.47748611,-101.22065,0,12,2,0,1,1,0,1,1,1,0,1,0,0000000,18,29,18,55,19,50,0,0,0,1,0
48,481296,1,1,0,0,0,2,2,249,0,12,6,2013,4,0,12,1,2,2,US-281,,304,27.60392222,-98.08978889,0,1,0,0,1,1,0,4,2,1,0,1,0,0000000,99,99,99,99,99,99,0,0,0,1,0
48,481297,1,1,0,0,0,1,1,423,0,12,6,2013,4,22,5,0,3,3,SR-64,,360,32.24122778,-95.04736111,0,32,0,0,1,1,0,4,2,1,0,1,0,0000000,88,88,88,88,88,88,0,0,0,1,1
48,481299,2,2,0,0,0,3,3,499,0,12,6,2013,4,12,7,1,2,2,US-69,FM779,73,32.73026944,-95.54726389,0,12,6,0,2,2,0,1,1,1,0,1,0,0000000,99,99,99,99,99,99,0,0,0,1,0
48,481300,1,1,0,0,0,1,1,229,0,13,6,2013,5,5,53,1,1,1,I-10,,676,31.06778056,-104.9971278,0,52,0,0,1,1,0,4,2,1,0,1,0,0000000,99,99,99,99,99,99,0,0,0,1,0
48,481301,1,1,0,0,0,1,1,299,0,13,6,2013,5,12,45,0,3,3,SR-71,,96,30.86014444,-98.82920556,0,38,0,0,1,1,0,4,1,1,0,1,0,0000000,88,88,88,88,88,88,0,0,0,1,0
48,481302,2,2,0,0,0,3,3,339,1510,13,6,2013,5,7,13,1,11,1,I-45,,124,30.29143056,-95.46386389,0,12,1,0,1,1,0,1,1,1,0,1,0,0000000,7,15,7,20,7,40,19,0,0,1,0
48,481303,2,2,0,0,0,2,2,457,0,13,6,2013,5,15,10,0,3,2,US-190,,55,30.81223889,-94.33453889,0,12,2,0,1,1,0,1,1,1,0,1,0,0000000,15,11,15,20,16,39,0,0,0,1,0
48,481304,2,2,0,0,0,2,2,1,0,14,6,2013,6,9,40,0,4,8,FM645,CR-2223,113,31.81741389,-95.8341,0,12,6,0,2,3,0,1,1,1,0,1,0,0000000,99,99,99,99,99,99,0,0,0,1,0
48,481305,1,1,0,0,0,4,4,61,940,14,6,2013,6,13,55,1,12,2,US-77,,263,26.06544722,-97.56895278,0,1,0,0,1,1,0,1,1,1,0,1,0,0000000,13,55,14,8,14,32,0,0,0,2,0
48,481306,2,2,0,0,0,2,2,113,1730,14,6,2013,6,8,10,1,12,8,SL12,,117,32.72547222,-96.91783056,0,12,6,0,1,1,0,1,1,1,0,1,0,0000000,99,98,99,98,88,88,0,0,0,1,0
48,481307,2,2,0,0,0,2,2,201,0,14,6,2013,6,13,0,0,6,4,CR-CYPRESS ROSEHILL RD,,0,30.05322222,-95.69743333,0,12,6,0,8,1,0,1,1,1,0,1,0,0000000,99,98,99,98,88,88,0,0,0,1,0
48,481309,1,1,0,0,0,3,3,19,0,15,6,2013,7,19,48,1,2,3,SR-16,,53,29.74463889,-99.00585,0,1,0,0,1,1,0,4,1,1,0,1,0,0000000,19,48,20,10,21,16,0,0,0,2,1
48,481310,2,2,0,0,0,9,9,29,6090,15,6,2013,7,22,6,1,11,1,I-35,,175,29.35875,-98.52437222,0,12,7,0,1,1,0,1,3,10,0,10,0,0000000,22,6,22,15,22,38,0,0,0,1,0
48,481311,2,2,0,0,0,7,7,39,2490,15,6,2013,7,3,48,0,16,5,LOCUST ST,8TH ST,0,28.94868889,-95.36327222,0,12,6,0,2,2,0,1,3,1,0,1,0,0000000,3,57,4,30,4,55,0,0,0,2,1
48,481312,1,1,0,0,0,2,2,113,1730,15,6,2013,7,0,50,1,11,1,I-35E STEMMONS FWY,,208,32.81155833,-96.84999722,0,33,0,0,1,1,0,4,2,10,0,10,0,0000000,0,57,1,3,1,25,0,0,0,1,1
48,481313,1,1,0,1,1,1,1,121,6881,15,6,2013,7,15,59,1,12,7,SR-121,,32,33.06831111,-96.88457778,0,8,0,0,1,1,0,1,1,10,0,10,0,0000000,16,0,16,4,16,20,0,0,0,1,0
48,481315,3,3,0,0,0,10,10,231,0,15,6,2013,7,12,25,1,1,1,I-30,,61,33.01866111,-96.205275,0,12,1,1,18,1,0,1,1,1,0,1,0,0000000,12,30,12,39,13,38,19,27,0,1,0
48,481316,1,1,0,0,0,2,2,277,5220,15,6,2013,7,20,52,1,13,2,US-271 MAIN ST,STONE AVE,31,33.69166944,-95.55408056,0,46,0,0,3,3,0,3,3,2,0,2,0,0000000,20,53,21,2,21,11,0,0,0,2,0
48,481317,1,1,0,0,0,1,1,435,0,15,6,2013,7,11,55,0,6,4,CR-202 / BOND RD,,0,30.58666944,-100.6241361,0,38,0,0,1,1,0,4,1,10,0,10,0,0000000,12,22,12,59,13,48,0,0,0,1,0
48,481318,1,1,0,0,0,2,2,439,2450,15,6,2013,7,23,20,0,16,5,RIVERSIDE DR,,0,32.74180278,-97.30303889,0,23,0,1,19,1,0,4,3,1,0,1,0,0000000,23,28,23,35,23,59,0,0,0,1,1
48,481319,2,2,0,1,1,1,1,29,6090,16,6,2013,1,23,5,1,11,1,I-10,,193,29.49030556,-98.54619722,0,12,1,1,18,1,0,1,3,1,0,1,0,0000000,88,88,88,88,88,88,23,0,0,1,0
48,481320,2,2,0,0,0,7,7,29,6090,16,6,2013,1,18,3,0,16,5,CULEBRA RD,,0,29.45004167,-98.579175,0,12,6,0,1,1,0,1,1,1,0,1,0,0000000,18,3,18,9,18,27,20,0,0,4,0
48,481321,1,1,0,1,1,1,1,201,3280,16,6,2013,1,20,43,0,16,5,WIRT RD,,0,29.80459167,-95.48491111,0,8,0,0,1,1,0,1,3,1,0,1,0,0000000,20,44,20,48,21,19,0,0,0,1,0
48,481322,2,2,0,0,0,2,2,401,0,16,6,2013,1,0,34,1,2,2,US-79,,65,32.11121111,-94.84368056,0,12,6,0,1,1,0,1,2,1,0,1,0,0000000,88,88,88,88,88,88,0,0,0,1,1
48,481323,2,2,0,1,1,2,2,439,2450,16,6,2013,1,4,17,0,16,5,RACE ST,,0,32.77311944,-97.30742778,0,8,0,0,1,1,0,1,2,1,0,1,0,0000000,88,88,88,88,88,88,0,0,0,1,0
48,481324,1,1,0,0,0,1,1,353,0,17,6,2013,2,20,53,1,1,1,I-20,,110,32.445475,-100.5073917,0,24,0,0,1,1,0,4,2,2,0,2,0,0000000,88,88,88,88,88,88,0,0,0,1,0
48,481325,1,1,0,0,0,2,2,407,6344,17,6,2013,2,16,49,0,3,8,SL 424,,11,30.50089444,-94.99478333,0,40,0,0,1,1,0,4,1,1,0,1,0,0000000,99,99,99,99,99,99,0,0,0,1,0
48,481326,1,1,0,0,0,1,1,251,0,18,6,2013,3,12,30,1,2,2,US-67,,71,32.28626667,-97.59214167,0,1,0,0,1,1,0,4,1,1,0,1,0,0000000,88,88,88,88,88,88,0,0,0,1,0
48,481327,2,2,0,0,0,2,2,473,0,18,6,2013,3,17,11,0,4,8,FM 1488,,105,30.1643,-95.9396,0,12,6,0,1,1,0,1,1,2,0,2,0,0000000,17,11,17,13,18,17,0,0,0,1,0
48,481328,1,1,0,0,0,1,1,401,0,19,6,2013,4,10,22,0,3,3,SR-64,,76,32.16775,-94.860925,0,1,0,0,1,1,0,1,1,1,0,1,0,0000000,88,88,88,88,88,88,0,0,0,1,0
48,481329,1,1,0,0,0,1,1,457,0,19,6,2013,4,22,20,1,2,2,US-69,,65,30.58373056,-94.40120556,0,1,0,0,1,1,0,4,2,1,0,1,0,0000000,88,88,88,88,88,88,0,0,0,1,0
48,481330,1,1,0,0,0,1,1,201,3280,20,6,2013,5,5,15,0,16,5,SKYLINE DR,,0,29.72829167,-95.48653333,0,43,0,0,1,1,0,4,3,1,0,1,0,0000000,88,88,88,88,88,88,0,0,0,1,1
48,481331,1,1,0,0,0,1,1,339,0,20,6,2013,5,17,55,0,6,4,CR-NICHOLS SAWMILL RD,,0,30.12365278,-95.771375,0,30,0,0,1,1,0,4,1,1,0,1,0,0000000,88,88,88,88,88,88,0,0,0,1,1
48,481332,1,1,0,0,0,1,1,401,0,20,6,2013,5,19,16,0,3,3,SR-43,,19,32.24565833,-94.65108611,0,24,0,0,1,1,0,4,1,1,0,1,0,0000000,88,88,88,88,88,88,0,0,0,1,0
48,481333,1,1,0,0,0,5,5,405,0,20,6,2013,5,9,0,0,4,8,FM1277,,198,31.33039722,-94.28171111,0,32,0,0,1,1,0,4,1,1,0,1,0,0000000,9,19,9,52,10,47,0,0,0,2,0
48,481334,3,3,0,0,0,3,3,29,6090,21,6,2013,6,11,40,1,11,7,I-410,FM2252,258,29.51639722,-98.41106111,0,12,1,1,3,2,0,1,1,1,0,1,0,0000000,11,44,11,54,12,26,0,0,0,1,0
48,481335,1,1,0,0,0,1,1,215,4197,21,6,2013,6,11,38,0,16,5,W UVALDE AVE,,0,26.18636667,-98.24592222,0,33,0,0,1,1,0,4,1,1,0,1,0,0000000,88,88,88,88,88,88,0,0,0,1,0
48,481336,1,1,0,1,1,1,1,201,3280,22,6,2013,7,6,47,0,16,5,W GREENS RD,,0,29.94629167,-95.43248056,0,8,0,0,1,1,0,4,1,1,0,1,0,0000000,99,98,99,98,88,88,0,0,0,1,0
48,481337,1,1,0,1,1,1,1,29,6090,23,6,2013,1,23,55,1,11,1,I-35,,325,29.51180278,-98.39731389,0,8,0,0,1,1,0,1,3,1,0,1,0,0000000,99,98,99,98,88,88,0,0,0,1,0