STATE,ST_CASE,VE_TOTAL,VE_FORMS,PVH_INVL,PEDS,PERNOTMVIT,PERMVIT,PERSONS,COUNTY,CITY,DAY,MONTH,YEAR,DAY_WEEK,HOUR,MINUTE,NHS,ROAD_FNC,ROUTE,TWAY_ID,TWAY_ID2,MILEPT,LATITUDE,LONGITUD,SP_JUR,HARM_EV,MAN_COLL,RELJCT1,RELJCT2,TYP_INT,WRK_ZONE,REL_ROAD,LGT_COND,WEATHER1,WEATHER2,WEATHER,SCH_BUS,RAIL,NOT_HOUR,NOT_MIN,ARR_HOUR,ARR_MIN,HOSP_HR,HOSP_MN,CF1,CF2,CF3,FATALS,DRUNK_DR
48,481338,2,2,0,0,0,4,4,201,3280,23,6,2013,1,18,25,1,12,8,UA90 RAMP S MAIN ST,,27,29.63489167,-95.49659167,0,33,0,0,5,1,0,4,1,1,0,1,0,0000000,18,32,18,37,19,3,0,0,0,1,1
48,481339,1,1,0,1,1,1,1,251,0,23,6,2013,1,17,0,0,3,3,SR-174,,26,32.30378611,-97.38714167,0,8,0,0,1,1,0,1,1,1,0,1,0,0000000,17,1,17,17,17,47,0,0,0,1,0
48,481341,1,1,0,1,1,1,1,29,6090,24,6,2013,2,8,41,0,16,5,WURZBACH RD,,0,29.50831667,-98.58098333,0,8,0,0,1,1,0,4,1,1,0,1,0,0000000,8,41,8,50,8,58,0,0,0,1,0
48,481342,2,2,0,0,0,2,2,483,6330,16,3,2013,7,18,29,0,3,2,US-83/MAIN ST,BI-40/12TH ST,160,35.22645,-100.2491306,0,12,6,0,2,2,0,1,1,1,0,1,0,0000000,88,88,88,88,88,88,0,0,0,1,0
48,481343,1,1,0,0,0,1,1,29,6090,30,3,2013,7,23,47,1,13,8,SL-353/NEW LAREDO HWY,,236,29.35330278,-98.56628333,0,59,0,0,1,1,0,4,3,1,0,1,0,0000000,23,47,23,56,0,30,0,0,0,1,0
48,481344,1,1,0,0,0,1,1,213,6314,30,3,2013,7,15,34,0,3,8,FM85/CEDER CREEK PKWY,,75,32.32169444,-96.24426111,0,34,0,0,1,1,0,4,1,1,0,1,0,0000000,15,34,15,54,16,36,0,0,0,1,0
48,481345,2,2,0,0,0,4,4,355,1550,20,4,2013,7,23,22,1,11,7,I-37/ANTELOPE ST,PORT AVE,10,27.79756944,-97.41470833,0,12,6,1,2,2,0,1,3,10,0,10,0,0000000,23,23,23,38,23,52,20,0,0,1,2
48,481346,1,1,0,1,1,1,1,201,3280,15,5,2013,4,0,5,0,16,5,WOOLWORTH,,0,29.77677222,-95.30847222,0,8,0,0,1,1,0,1,2,1,0,1,0,0000000,0,7,0,10,0,30,0,0,0,1,0
48,481347,2,2,0,0,0,2,2,141,2190,23,5,2013,5,5,25,1,11,1,I-10,,304,31.74587778,-106.3347361,0,12,1,0,1,1,0,1,1,1,0,1,0,0000000,99,99,99,99,99,99,0,0,0,1,0
48,481348,1,1,0,0,0,2,2,245,4840,23,5,2013,5,2,29,0,16,5,CANAL AVE,,0,29.97608889,-94.00943056,0,34,0,0,1,1,0,4,3,1,0,1,0,0000000,88,88,88,88,88,88,0,0,0,1,1
48,481349,2,2,0,0,0,5,5,201,3280,25,5,2013,7,2,45,0,16,5,PIERCE ST,DOWLING ST,0,29.74220278,-95.35885278,0,12,6,0,2,2,0,1,3,1,0,1,0,0000000,88,88,88,88,88,88,0,0,0,1,0
48,481350,1,1,0,0,0,2,2,273,0,25,5,2013,7,2,10,1,2,2,US-77,,202,27.29425,-97.81314444,0,1,0,0,1,1,0,3,2,10,0,10,0,0000000,99,99,99,99,99,99,0,0,0,1,1
48,481351,1,1,0,1,1,4,4,113,1730,26,5,2013,1,0,1,1,12,2,US-75/CENTRAL EXPY,,47,32.93083611,-96.75719722,0,8,0,0,1,1,0,1,3,1,0,1,0,0000000,0,3,99,99,99,99,0,0,0,1,0
48,481352,1,1,0,0,0,1,1,309,7210,28,5,2013,3,1,58,1,12,7,SR-6/SL340,,212,31.49648333,-97.15758056,0,33,0,0,1,1,0,4,3,1,0,1,0,0000000,2,1,2,5,2,15,0,0,0,1,1
48,481353,1,1,0,0,0,1,1,303,4140,1,6,2013,7,0,59,1,12,2,US-62/MARSHA SHARP FWY,,173,33.55287778,-101.9401306,0,23,0,1,19,1,0,3,3,1,0,1,0,0000000,88,88,88,88,88,88,0,0,0,1,1
48,481354,2,2,0,0,0,3,3,361,885,1,6,2013,7,8,33,0,14,8,FM1442/ROUNDBUNCH RD,,5,30.06451389,-93.90380833,0,12,2,0,1,1,0,1,1,10,0,10,0,0000000,8,34,8,48,9,22,0,0,0,1,1
48,481355,2,2,0,0,0,2,2,141,2190,5,6,2013,4,23,21,0,16,5,ZARAGOZA RD,SAUL KLEINFIELD,0,31.75606389,-106.2740194,0,12,6,0,2,2,0,1,3,10,0,10,0,0000000,88,88,88,88,88,88,0,0,0,1,0
48,481356,2,2,0,0,0,4,4,113,387,6,6,2013,5,22,5,1,11,1,I-20,,257,32.69113056,-96.63217778,0,12,1,1,18,1,0,1,3,1,0,1,0,0000000,88,88,88,88,88,88,0,0,0,1,0
48,481357,1,1,0,0,0,1,1,199,0,6,6,2013,5,16,0,0,3,8,FM770,,95,30.29358056,-94.48355,0,32,0,0,1,1,0,4,1,1,0,1,0,0000000,99,99,99,99,99,99,0,0,0,1,0
48,481358,2,2,0,0,0,2,2,141,9997,8,6,2013,7,0,6,1,11,1,I-10,,418,31.61513333,-106.2052306,0,12,1,0,1,1,0,1,2,1,0,1,0,0000000,88,88,88,88,88,88,0,0,0,1,0
48,481359,1,1,0,1,1,1,1,113,6260,9,6,2013,1,20,34,1,12,7,US-175/CF HAWN FWY,,120,32.66665833,-96.581125,0,8,0,0,1,1,0,1,1,1,0,1,0,0000000,99,99,99,99,99,99,0,0,0,1,0
48,481360,1,1,0,0,0,2,2,225,0,9,6,2013,1,19,27,0,4,8,FM1280,,18,31.13893889,-95.41871944,0,42,0,0,1,1,0,4,1,1,0,1,0,0000000,19,30,19,32,20,15,0,0,0,1,1
48,481362,2,2,0,0,0,7,7,139,7270,11,6,2013,3,19,22,1,14,8,FM 877,,116,32.36386111,-96.84011667,0,12,8,0,1,1,0,1,1,1,0,1,0,0000000,19,27,19,53,20,27,0,0,0,1,1
48,481363,2,2,0,0,0,2,2,375,150,11,6,2013,3,16,28,9,19,2,US-60,,30,35.22197222,-101.7758444,0,12,6,0,8,1,0,1,1,1,0,1,0,0000000,88,88,88,88,88,88,0,0,0,1,0
48,481364,1,1,0,1,1,1,1,113,2590,12,6,2013,4,16,55,0,16,5,COUNTRY CLUB RD,MERIDIAN WAY,0,32.92699722,-96.61380278,0,9,0,0,2,3,0,1,1,1,0,1,0,0000000,17,2,20,35,20,52,0,0,0,1,0
48,481365,1,1,0,1,1,1,1,489,0,12,6,2013,4,23,46,0,3,8,BU 77,,98,26.45678333,-97.78629444,0,8,0,0,1,1,0,2,2,1,0,1,0,0000000,88,88,88,88,88,88,0,0,0,1,0
48,481366,1,1,0,0,0,1,1,201,480,13,6,2013,5,1,16,1,11,7,I-10,CROSBY CEDAR BAYOU,525,29.80813611,-94.96211111,0,39,0,1,3,3,0,10,2,1,0,1,0,0000000,88,88,88,88,88,88,0,0,0,1,0
48,481367,1,1,0,0,0,1,1,237,3460,13,6,2013,5,8,10,1,2,2,US-281,,316,33.19511111,-98.14439722,0,53,0,0,1,1,0,4,1,1,0,1,0,0000000,88,88,88,88,88,88,0,0,0,1,0
48,481368,1,1,0,0,0,1,1,389,0,13,6,2013,5,1,10,0,6,4,CR-409,CR-411,0,31.40467222,-103.6124861,0,1,0,0,1,1,0,4,2,1,0,1,0,0000000,88,88,88,88,88,88,0,0,0,1,1
48,481369,1,1,0,0,0,1,1,453,330,13,6,2013,5,21,55,0,16,5,CITY PARK RD,,0,30.36397222,-97.80682222,0,38,0,0,1,1,0,4,2,1,0,1,0,0000000,88,88,88,88,88,88,0,0,0,1,1
48,481370,1,1,0,0,0,1,1,453,330,13,6,2013,5,5,34,0,16,5,BURNET RD,,0,30.33156111,-97.74002778,0,30,0,0,1,1,0,4,3,1,0,1,0,0000000,88,88,88,88,88,88,0,0,0,1,0
48,481371,1,1,0,0,0,2,2,453,330,13,6,2013,5,1,20,1,11,7,I-35,,120,30.19229722,-97.76850556,0,33,0,0,5,1,0,8,3,1,0,1,0,0000000,1,20,1,26,1,50,0,0,0,1,1
48,481372,1,1,0,1,1,1,1,37,6850,14,6,2013,6,0,40,0,16,5,GRADY T WALLACE PARK RD,,0,33.38417778,-94.08812222,0,8,0,0,4,1,0,1,3,1,0,1,0,0000000,0,40,0,45,1,2,0,0,0,1,0
48,481373,2,2,0,0,0,2,2,39,1395,14,6,2013,6,4,49,1,12,7,SR-288/332,DIXIE DR,112,29.01023056,-95.42044722,0,33,0,0,3,2,0,3,2,1,0,1,0,0000000,99,98,99,98,88,88,0,0,0,1,1
48,481374,2,2,0,0,0,4,4,135,5030,14,6,2013,6,22,52,0,14,8,FM1882 S COUNTY RD WEST,,63,31.817225,-102.3818778,0,12,1,0,8,1,0,1,3,1,0,1,0,0000000,22,54,22,58,23,4,0,0,0,1,1
48,481375,1,1,0,0,0,2,2,265,3670,14,6,2013,6,21,53,0,14,3,SR-16 S SIDNEY BAKER ST,,32,30.01513333,-99.14151389,0,42,0,0,1,1,0,4,2,2,0,2,0,0000000,22,12,22,14,22,55,0,0,0,1,0
48,481376,1,1,0,0,0,1,1,73,0,15,6,2013,7,21,0,0,5,8,FM343,,360,31.78677222,-95.03351944,0,1,0,0,1,1,0,4,2,10,0,10,0,0000000,88,88,88,88,88,88,0,0,0,1,1
48,481377,3,3,0,0,0,5,5,201,0,17,6,2013,2,13,40,0,6,4,CR-KUYKENDAHL RD,,0,30.06332222,-95.50116944,0,12,1,0,8,1,0,1,1,1,0,1,0,0000000,13,46,13,59,14,26,0,0,0,1,0
48,481378,1,1,0,0,0,2,2,113,2590,15,6,2013,7,0,46,0,16,5,BOBBIE LN,,0,32.92045833,-96.68913333,0,5,0,0,1,1,0,1,3,1,0,1,0,0000000,99,99,99,99,99,99,0,0,0,1,0
48,481379,2,2,0,0,0,4,4,135,0,15,6,2013,7,23,45,1,11,1,I-20,,299,31.80653333,-102.4406611,0,12,1,0,1,1,0,1,2,1,0,1,0,0000000,99,99,99,99,0,7,0,0,0,1,1
48,481380,2,2,0,0,0,3,3,141,9997,15,6,2013,7,4,8,0,14,8,FM258 SOCORRO RD,,47,31.62870833,-106.2917167,0,12,8,0,1,1,0,1,3,10,0,10,0,0000000,4,33,4,38,5,6,0,0,0,1,2
48,481381,1,1,0,0,0,5,5,5,0,16,6,2013,1,13,30,1,2,2,US-69,,182,31.20060833,-94.47407778,0,1,0,0,1,1,0,4,1,1,0,1,0,0000000,13,8,13,25,13,59,0,0,0,1,0
48,481382,1,1,0,0,0,1,1,89,0,16,6,2013,1,0,10,0,4,8,FM-155,,70,29.6501,-96.77138889,0,1,0,0,1,1,0,4,2,1,0,1,0,0000000,0,28,0,55,2,15,0,0,0,1,1
48,481383,1,1,0,1,1,2,2,201,0,16,6,2013,1,22,50,1,13,8,FM 1960,,14,29.91776667,-95.61364444,0,8,0,0,1,1,0,1,2,1,0,1,0,0000000,22,50,22,56,23,6,0,0,0,1,0
48,481384,2,2,0,0,0,7,7,201,3280,16,6,2013,1,16,40,0,12,7,US-59,MCGOWEN ST,10,29.74004722,-95.36520556,0,12,6,1,2,2,0,1,1,1,0,1,0,0000000,16,50,17,3,17,23,0,0,0,1,1
48,481385,1,1,0,2,2,1,1,29,6090,17,6,2013,2,9,10,0,16,5,RAY ELLISON BLVD,,0,29.39195278,-98.65661111,0,8,0,0,1,1,0,2,1,10,0,10,0,0000000,9,9,9,17,9,37,0,0,0,1,0
48,481386,1,1,0,0,0,2,2,61,0,17,6,2013,2,1,30,0,4,8,FM 1847,,58,26.2414,-97.46134167,0,30,0,0,1,1,0,4,3,1,0,1,0,0000000,99,99,99,99,99,99,0,0,0,1,1
48,481387,1,1,0,0,0,1,1,71,0,17,6,2013,2,21,20,0,6,4,CR-US ARMY CORPS RD,,0,29.822,-94.73819722,0,57,0,0,1,1,0,4,2,1,0,1,0,0000000,88,88,88,88,88,88,0,0,0,1,0
48,481388,1,1,0,0,0,1,1,113,1730,17,6,2013,2,1,45,1,11,7,I-635,US-75,63,32.92501389,-96.76416389,0,1,0,1,3,2,0,1,3,1,0,1,0,0000000,1,54,2,1,2,29,0,0,0,1,0
48,481389,2,2,0,0,0,2,2,453,330,18,6,2013,3,6,3,0,16,5,GUADALUPE ST,,0,30.30458611,-97.73699722,0,12,6,0,8,1,0,1,3,10,0,10,0,0000000,6,3,6,8,6,23,0,0,0,1,0
48,481390,2,2,0,0,0,2,2,115,0,19,6,2013,4,22,10,1,2,3,SR-349,,24,32.66918611,-101.9693972,0,12,2,0,1,1,0,1,2,2,0,2,0,0000000,99,99,99,99,99,99,0,0,0,1,1
48,481391,2,2,0,0,0,2,2,139,9997,19,6,2013,4,13,50,1,12,3,SR-360,,3,32.54551667,-97.08397222,0,33,0,0,1,1,0,4,1,1,0,1,0,0000000,13,56,14,13,14,34,0,0,0,1,0
48,481392,2,2,0,0,0,2,2,159,0,19,6,2013,4,14,29,0,3,3,SR-37,FM 71,19,33.34133611,-95.249475,0,12,1,0,2,2,0,1,1,1,0,1,0,0000000,14,24,14,36,15,54,0,0,0,1,0
48,481393,1,1,0,0,0,1,1,49,950,20,6,2013,5,22,4,0,14,2,US-183,,212,31.78394722,-98.94680556,0,1,0,0,1,1,0,4,2,1,0,1,0,0000000,88,88,88,88,88,88,0,0,0,1,0
48,481394,2,2,0,0,0,3,3,113,2800,20,6,2013,5,15,14,0,16,5,N. BELT LINE RD,LONE STAR PARK-GATE 1,0,32.77268056,-96.99460833,0,12,1,0,3,3,0,1,1,1,0,1,0,0000000,15,14,15,20,15,39,0,0,0,1,0
48,481395,2,2,0,0,0,2,2,147,0,20,6,2013,5,5,50,1,2,2,US-82,,106,33.60447778,-96.20995833,0,12,2,0,1,1,0,1,2,1,0,1,0,0000000,5,54,6,0,7,3,0,0,0,1,0
48,481396,1,1,0,1,1,2,2,453,330,20,6,2013,5,21,25,1,11,1,I-35,,197,30.29247778,-97.72123889,0,8,0,0,1,1,0,1,3,1,0,1,0,0000000,88,88,88,88,88,88,16,0,0,1,0
48,481397,1,1,0,0,0,2,2,13,0,21,6,2013,6,10,15,1,1,1,I-37,,157,28.79735556,-98.33826389,0,1,0,0,1,1,0,10,1,1,0,1,0,0000000,10,49,11,20,12,14,0,0,0,1,0
48,481398,3,3,0,0,0,3,3,141,2190,21,6,2013,6,11,23,0,16,5,SUNLAND PARK DR,,0,31.823,-106.5367778,0,12,2,0,1,1,0,1,1,1,0,1,0,0000000,11,28,11,33,11,56,0,0,0,1,1
48,481399,1,1,0,0,0,1,1,201,3280,21,6,2013,6,3,0,1,12,7,US-59,CLUB CREEK DR,133,29.67748333,-95.54068889,0,33,0,1,19,1,0,10,3,10,0,10,0,0000000,88,88,88,88,88,88,0,0,0,1,1
48,481400,1,1,0,0,0,2,2,315,0,21,6,2013,6,21,1,0,4,8,FM 729,,76,32.80136944,-94.58794722,0,42,0,0,1,1,0,4,2,1,0,1,0,0000000,88,88,88,88,88,88,20,0,0,2,1
48,481401,1,1,0,0,0,2,2,357,0,21,6,2013,6,19,35,0,4,8,FM759,,67,36.18813889,-100.9932889,0,1,0,0,1,1,0,4,1,1,0,1,0,0000000,19,56,20,3,20,38,0,0,0,1,0
48,481402,1,1,0,0,0,1,1,365,0,21,6,2013,6,23,10,0,4,8,FM1794,,53,32.3004,-94.4176,0,34,0,0,1,1,0,4,2,1,0,1,0,0000000,99,99,99,99,99,99,0,0,0,1,0
48,481403,2,2,0,0,0,3,3,457,0,21,6,2013,6,13,33,1,2,2,US-69,,73,30.8062,-94.42778056,0,12,6,0,1,1,0,1,1,1,0,1,0,0000000,99,99,99,99,99,99,0,0,0,1,0
48,481404,1,1,0,0,0,1,1,37,6850,22,6,2013,7,5,22,1,11,1,I-30RAMP,,386,33.45175278,-94.10498611,0,1,0,1,5,1,0,8,4,1,0,1,0,0000000,88,88,88,88,88,88,0,0,0,1,1
48,481405,2,2,0,0,0,4,4,113,1730,22,6,2013,7,2,59,1,13,8,SL-12/BUCKNER BLVD,MILITARY PKWY,72,32.78305833,-96.737625,0,12,6,0,2,2,0,1,3,1,0,1,0,0000000,3,0,3,5,3,49,0,0,0,1,0
48,481406,1,1,0,0,0,4,4,141,2190,22,6,2013,7,7,56,0,16,5,DELTA DR,,0,31.76476944,-106.4482111,0,21,0,0,1,1,0,4,1,1,0,1,0,0000000,99,99,99,99,99,99,0,0,0,2,1
48,481408,1,1,0,0,0,3,3,317,0,22,6,2013,7,21,45,0,4,8,FM829,,189,32.264,-101.9169194,0,1,0,0,1,1,0,4,2,7,6,6,0,0000000,99,99,99,99,99,99,0,0,0,1,0
48,481409,2,2,0,0,0,3,3,439,260,22,6,2013,7,21,7,0,16,5,FIELDER RD,PECAN PARK DR,0,32.74815,-97.13171944,0,12,6,0,2,2,0,1,3,1,0,1,0,0000000,21,7,21,13,21,53,0,0,0,1,1
48,481410,1,1,0,0,0,2,2,457,0,22,6,2013,7,10,44,0,6,4,CR-KIRKLAND SPRINGS DR,,0,30.82136667,-94.48167222,0,42,0,0,1,1,0,4,1,1,0,1,0,0000000,99,99,99,99,99,99,0,0,0,2,0
48,481411,1,1,0,0,0,1,1,475,0,22,6,2013,7,6,15,0,14,3,SR-115,,66,31.560125,-103.1307806,0,38,0,0,1,1,0,4,2,1,0,1,0,0000000,88,88,88,88,88,88,0,0,0,1,0
48,481412,2,2,0,0,0,2,2,113,1730,23,6,2013,1,1,57,1,11,1,I-635 RAMP,,126,32.91447778,-96.868475,0,26,0,0,1,1,1,4,3,1,0,1,0,0000000,99,98,99,98,88,88,0,0,0,1,1
48,481413,1,1,0,0,0,4,4,113,1730,23,6,2013,1,4,35,1,13,8,SS348 WALTON WALKER BLVD,,217,32.86599722,-96.89950556,0,25,0,0,1,1,0,3,3,1,0,1,0,0000000,4,37,4,54,5,15,0,0,0,1,1
48,481414,1,1,0,0,0,1,1,291,0,23,6,2013,1,0,41,0,4,8,FM1409,,177,29.94485278,-94.84228056,0,34,0,0,1,1,0,4,2,1,0,1,0,0000000,88,88,88,88,88,88,0,0,0,1,0
48,481415,1,1,0,0,0,1,1,409,0,23,6,2013,1,22,20,0,6,4,CR-3375,,0,28.04605556,-97.32547222,0,53,0,0,1,1,0,4,2,1,0,1,0,0000000,88,88,88,88,88,88,0,0,0,1,1
48,481416,1,1,0,0,0,1,1,451,6080,23,6,2013,1,15,49,1,12,2,US-87 N BRYANT BLVD,,323,31.51314722,-100.4804417,0,59,0,0,1,1,0,3,1,1,0,1,0,0000000,15,49,15,53,16,9,0,0,0,1,0
48,481417,1,1,0,1,1,8,8,453,330,23,6,2013,1,19,15,1,13,8,SL111 AIRPORT BLVD,,127,30.26834167,-97.69634722,0,8,0,0,1,1,0,1,1,1,0,1,0,0000000,19,48,19,52,20,8,0,0,0,1,0
48,481418,1,1,0,0,0,2,2,347,0,24,6,2013,2,22,30,1,2,2,US-59,,291,31.50476111,-94.70465278,0,1,0,0,1,1,0,3,2,1,0,1,0,0000000,99,99,99,99,99,99,0,0,0,1,1
48,481419,2,2,0,0,0,3,3,37,0,25,6,2013,3,15,7,1,1,1,I-30,,262,33.47046111,-94.317325,0,12,1,0,1,1,1,1,1,1,0,1,0,0000000,15,7,15,21,16,2,0,0,0,1,0
48,481420,1,1,0,2,2,1,1,113,1730,25,6,2013,3,19,0,1,11,1,I-30,,107,32.79696944,-96.68679444,0,26,0,0,1,1,0,3,1,1,0,1,0,0000000,19,5,19,11,19,33,0,0,0,1,0
48,481421,2,2,0,0,0,3,3,171,0,25,6,2013,3,19,3,0,4,8,RM 1631,,10,30.271725,-98.843175,0,12,6,0,1,1,0,1,1,1,0,1,0,0000000,19,24,19,38,20,21,0,0,0,1,1
48,481422,2,2,0,0,0,5,5,215,5330,25,6,2013,3,13,3,0,16,5,SIOUX,,0,26.21965833,-98.18598889,0,12,6,0,8,1,0,1,1,1,0,1,0,0000000,13,4,13,10,13,33,0,0,0,1,0
48,481423,3,3,0,0,0,4,4,249,0,25,6,2013,3,13,6,1,2,2,US-281,FM 716,64,27.36833889,-98.12207778,0,12,6,0,2,2,0,1,1,1,0,1,0,0000000,99,99,99,99,99,99,0,0,0,1,0
48,481424,2,2,0,0,0,2,2,329,4560,25,6,2013,3,14,21,1,2,3,SR-349,,85,31.95505833,-102.247375,0,12,6,0,1,1,0,1,1,1,0,1,0,0000000,14,22,14,35,15,1,0,0,0,1,0
48,481425,1,1,0,0,0,1,1,407,0,25,6,2013,3,5,42,0,5,8,FM 945,,132,30.43997222,-95.12176389,0,53,0,0,1,1,0,4,2,1,0,1,0,0000000,99,98,99,98,88,88,0,0,0,1,1
48,481426,4,4,0,0,0,5,5,433,0,25,6,2013,3,15,53,0,3,2,US-83,,11,33.119325,-100.2250333,0,12,8,0,1,1,0,1,1,1,0,1,0,0000000,16,0,16,6,16,28,0,0,0,1,0
48,481427,1,1,0,1,1,1,1,201,3280,26,6,2013,4,6,10,1,11,1,I-45,,54,29.57087778,-95.17007222,0,8,0,0,1,1,0,1,1,1,0,1,0,0000000,88,88,88,88,88,88,0,0,0,1,0
48,481428,2,2,0,0,0,2,2,347,0,26,6,2013,4,18,27,0,3,3,SR-7,,93,31.61958889,-94.48488333,0,12,2,0,1,1,0,1,1,1,0,1,0,0000000,88,88,88,88,88,88,0,0,0,1,0
48,481429,2,2,0,0,0,2,2,367,1518,26,6,2013,4,16,12,0,3,2,US-180,,38,32.79991944,-98.0005,0,12,6,0,7,1,0,1,1,1,0,1,0,0000000,88,88,88,88,88,88,0,0,0,1,0
48,481430,1,1,0,0,0,1,1,449,0,26,6,2013,4,22,35,0,6,4,CR-4660,,0,33.09326667,-94.88727222,0,1,0,0,1,1,0,1,2,1,0,1,0,0000000,88,88,88,88,88,88,0,0,0,1,1
48,481431,1,1,0,0,0,1,1,29,6090,27,6,2013,5,22,56,1,11,1,I-410,,175,29.50971111,-98.54051944,0,25,0,0,1,1,0,3,3,1,0,1,0,0000000,22,56,23,5,23,22,0,0,0,1,1
48,481432,1,1,0,0,0,1,1,113,1240,27,6,2013,5,8,23,0,16,5,JOE WILSON RD,,0,32.59996389,-96.92533611,0,39,0,0,1,1,0,4,1,10,0,10,0,0000000,88,88,88,88,88,88,19,0,0,1,1
48,481433,1,1,0,1,1,1,1,157,4655,27,6,2013,5,20,42,0,16,5,RIVERSTONE BLVD,,0,29.57049167,-95.57436111,0,40,0,0,1,1,0,4,2,1,0,1,0,0000000,20,52,21,17,21,37,0,0,0,1,0
48,481434,1,1,0,1,1,1,1,157,5970,27,6,2013,5,22,2,1,12,7,US-59/FREEWAY,,152,29.53548889,-95.77414722,0,8,0,0,1,1,0,1,2,1,0,1,0,0000000,21,57,22,5,22,25,19,0,0,1,0
48,481435,2,2,0,0,0,8,8,187,4870,27,6,2013,5,9,3,1,13,3,SR-46,CANAL LN,38,29.64893611,-98.04098611,0,12,6,0,2,3,0,1,1,1,0,1,0,0000000,9,21,9,37,10,10,0,0,0,1,0
48,481436,2,2,0,0,0,2,2,493,0,27,6,2013,5,22,10,1,2,2,US-87,,13,29.35785833,-98.19642222,0,12,6,0,1,1,0,1,2,1,0,1,0,0000000,22,37,22,54,23,28,0,0,0,1,0
48,481437,1,1,0,2,2,3,3,29,6090,28,6,2013,6,22,59,1,13,8,FM 471/CULEBRA RD,,51,29.48952778,-98.69132778,0,8,0,0,1,1,0,1,3,1,0,1,0,0000000,23,7,23,17,23,37,0,0,0,1,0
48,481438,2,2,0,0,0,3,3,29,6090,28,6,2013,6,20,7,0,16,5,ZARZAMORA ST,,0,29.39671944,-98.53114722,0,12,6,0,1,1,0,1,3,10,0,10,0,0000000,20,7,20,11,88,88,0,0,0,1,0
48,481439,1,1,0,1,1,1,1,113,1730,28,6,2013,6,21,35,0,16,5,FEGUSON ROAD,,0,32.83558611,-96.67247778,0,8,0,0,1,1,0,1,3,1,0,1,0,0000000,88,88,88,88,88,88,0,0,0,1,0
48,481440,1,1,0,1,1,1,1,113,1730,28,6,2013,6,0,44,1,11,7,I-35/STEMMONS FWY,,205,32.81212222,-96.85343333,0,8,0,0,1,1,0,1,3,10,0,10,0,0000000,88,88,88,88,88,88,0,0,0,1,0
48,481441,2,2,0,0,0,2,2,315,0,28,6,2013,6,17,1,0,4,8,FM 729,CR-HOLIDAY HARBOR DR,138,32.78379722,-94.4912,0,12,6,0,2,3,0,1,1,1,0,1,0,0000000,99,99,99,99,99,99,0,0,0,1,0
48,481442,1,1,0,1,1,1,1,361,7200,28,6,2013,6,1,17,0,16,5,ORANGE ST,,0,30.12368333,-94.00350278,0,9,0,0,1,1,0,4,2,1,0,1,0,0000000,1,18,2,5,2,16,0,0,0,1,0
48,481443,1,1,0,0,0,1,1,401,4895,28,6,2013,6,6,0,0,4,8,FM 850 INDUSTRIAL BLVD RD,,48,32.26664444,-94.92517222,0,1,0,0,1,1,0,4,1,1,0,1,0,0000000,88,88,88,88,88,88,0,0,0,1,0
48,481444,1,1,0,0,0,4,4,481,2130,28,6,2013,6,14,33,1,13,2,US-59,,229,29.20588056,-96.242475,0,1,0,0,1,1,0,4,1,1,0,1,0,0000000,14,32,14,37,15,37,0,0,0,1,1
48,481445,1,1,0,0,0,3,3,493,0,28,6,2013,6,16,7,1,3,3,SR-123,,43,29.31261667,-97.9629,0,42,0,0,1,1,0,4,1,1,0,1,0,0000000,99,99,99,99,99,99,0,0,0,1,0
48,481446,1,1,0,0,0,1,1,5,0,29,6,2013,7,16,4,0,4,8,FM 1818,,118,31.19357222,-94.48295278,1,1,0,0,1,1,0,4,1,1,0,1,0,0000000,88,88,88,88,88,88,0,0,0,1,0
48,481447,1,1,0,0,0,1,1,29,0,29,6,2013,7,16,39,0,2,8,FM 471 CULEBRA RD,,110,29.51661667,-98.78160278,0,30,0,0,1,1,0,4,1,1,0,1,0,0000000,88,88,88,88,88,88,0,0,0,1,0
48,481448,1,1,0,0,0,2,2,53,0,29,6,2013,7,14,24,0,5,8,RR 1174,,38,30.81533889,-98.07712222,0,1,0,0,1,1,0,1,1,1,0,1,0,0000000,99,99,99,99,99,99,0,0,0,1,1
48,481449,2,2,0,0,0,2,2,113,1730,29,6,2013,7,15,35,0,16,5,CARLISLE ST,HALL ST,0,32.80586667,-96.80129167,0,12,6,0,2,2,0,1,1,1,0,1,0,0000000,15,37,15,40,15,57,0,0,0,1,0
48,481450,1,1,0,0,0,1,1,113,1730,29,6,2013,7,5,30,1,13,8,SL 12 GREAT TRINITY FOREST WAY,,234,32.706175,-96.73958333,0,42,0,0,1,1,0,5,3,1,0,1,0,0000000,88,88,88,88,88,88,0,0,0,1,0
48,481451,2,2,0,0,0,2,2,113,1730,29,6,2013,7,6,41,1,13,3,SR-180 DAVIS ST,,67,32.749625,-96.92362778,0,12,2,0,1,1,0,1,1,1,0,1,0,0000000,6,41,6,47,7,12,0,0,0,1,1
48,481452,1,1,0,0,0,1,1,113,2800,29,6,2013,7,9,2,0,16,5,W WARRIOR TRL,CORN VALLEY RD,0,32.69848056,-97.00271667,0,33,0,0,3,3,0,3,1,1,0,1,0,0000000,9,8,9,22,9,51,0,0,0,1,0