STATE,ST_CASE,VE_TOTAL,VE_FORMS,PVH_INVL,PEDS,PERNOTMVIT,PERMVIT,PERSONS,COUNTY,CITY,DAY,MONTH,YEAR,DAY_WEEK,HOUR,MINUTE,NHS,ROAD_FNC,ROUTE,TWAY_ID,TWAY_ID2,MILEPT,LATITUDE,LONGITUD,SP_JUR,HARM_EV,MAN_COLL,RELJCT1,RELJCT2,TYP_INT,WRK_ZONE,REL_ROAD,LGT_COND,WEATHER1,WEATHER2,WEATHER,SCH_BUS,RAIL,NOT_HOUR,NOT_MIN,ARR_HOUR,ARR_MIN,HOSP_HR,HOSP_MN,CF1,CF2,CF3,FATALS,DRUNK_DR
48,481453,2,2,0,0,0,2,2,213,0,29,6,2013,7,21,0,0,3,8,FM 85,,48,32.32288889,-96.28910833,0,12,2,0,1,1,0,1,2,1,0,1,0,0000000,21,22,21,27,22,4,0,0,0,1,1
48,481454,2,1,1,0,1,1,2,201,3280,29,6,2013,7,1,10,1,13,8,SS 261 DURHAM DR,,10,29.81392778,-95.41115,0,33,0,0,1,1,0,4,3,1,0,1,0,0000000,88,88,88,88,88,88,0,0,0,1,0
48,481455,2,2,0,0,0,2,2,201,3280,29,6,2013,7,3,0,1,12,7,US-290,GESSNER DR,312,29.86740833,-95.54095833,0,12,6,1,2,2,0,1,3,1,0,1,0,0000000,88,88,88,88,88,88,0,0,0,1,1
48,481456,1,1,0,0,0,1,1,201,3280,29,6,2013,7,1,30,0,16,5,MCGOWEN ST,,0,29.74495278,-95.37331944,0,30,0,0,1,1,0,4,3,10,0,10,0,0000000,1,30,1,35,1,48,0,0,0,1,1
48,481457,1,1,0,0,0,5,5,475,0,29,6,2013,7,23,25,0,3,8,BI 20B,,101,31.43703333,-103.4659139,0,1,0,0,1,1,0,4,2,1,0,1,0,0000000,23,0,23,45,23,57,0,0,0,2,0
48,481458,1,1,0,0,0,1,1,491,0,29,6,2013,7,14,0,0,4,8,FM 3405,,24,30.70615278,-97.85696944,0,1,0,0,1,1,0,4,1,1,0,1,0,0000000,88,88,88,88,88,88,0,0,0,1,0
48,481459,2,2,0,0,0,4,4,29,6090,30,6,2013,1,0,30,0,14,8,FM 471,,24,29.47715278,-98.65105278,0,12,6,0,1,1,0,1,3,1,0,1,0,0000000,0,35,0,57,1,37,0,0,0,1,0
48,481460,2,2,0,0,0,6,6,61,0,30,6,2013,1,10,15,1,13,3,SR-100,,86,26.06927778,-97.44287778,0,12,2,0,1,1,0,1,1,1,0,1,0,0000000,10,18,10,25,10,45,0,0,0,5,1
48,481461,2,2,0,0,0,2,2,113,1730,30,6,2013,1,16,51,1,13,8,PA-1811 N CORINTH ST,E CLARENDON DR,409,32.74859167,-96.79951667,0,12,6,0,2,3,0,1,1,1,0,1,0,0000000,16,53,16,56,17,8,0,0,0,1,1
48,481462,1,1,0,0,0,1,1,201,3280,30,6,2013,1,21,5,0,16,5,N KIRKWOOD RD,,0,29.76277222,-95.58973889,0,42,0,0,1,1,0,3,3,1,0,1,0,0000000,21,5,21,11,21,44,0,0,0,1,0
48,481463,2,2,0,0,0,3,3,217,0,30,6,2013,1,12,40,1,1,1,I-35,,61,31.92302778,-97.10030556,0,12,1,0,1,1,0,1,1,1,0,1,0,0000000,12,59,13,7,13,48,0,0,0,1,0
48,481464,1,1,0,0,0,1,1,217,0,30,6,2013,1,1,30,0,4,3,SR-171,,202,32.03518889,-97.15171667,0,35,0,0,1,1,0,4,2,1,0,1,0,0000000,88,88,88,88,88,88,0,0,0,1,0
48,481465,1,1,0,0,0,1,1,231,0,30,6,2013,1,6,13,0,3,3,SR-11,,249,33.33919167,-95.98373056,0,32,0,0,1,1,0,4,4,1,0,1,0,0000000,88,88,88,88,88,88,0,0,0,1,0
48,481466,1,1,0,0,0,2,2,245,2905,30,6,2013,1,7,43,1,13,8,FM366 PURE ATLANTIC RD,,81,29.96152778,-93.90533611,0,31,0,0,1,1,0,4,1,1,0,1,0,0000000,99,98,99,98,88,88,0,0,0,2,0
48,481467,2,2,0,0,0,2,2,353,0,30,6,2013,1,12,15,1,2,2,US-84,,64,32.462375,-100.5781306,0,12,6,0,1,1,0,2,1,1,0,1,0,0000000,12,18,12,55,14,5,0,0,0,1,1
48,481468,2,2,0,0,0,4,4,29,6090,20,1,2013,1,15,0,1,13,8,SS536 ROOSEVELT AVE,E WHITE,253,29.36651667,-98.48125556,0,12,6,0,2,7,0,1,1,1,0,1,0,0000000,15,0,15,5,15,45,0,0,0,1,0
48,481469,2,2,0,0,0,3,3,201,0,21,3,2013,5,21,30,0,6,4,CR-KIETH HARROW BLVD,QUEENSTON BLVD,0,29.84920833,-95.66836667,0,12,6,0,2,2,0,1,3,1,0,1,0,0000000,21,43,21,57,22,15,0,0,0,1,1
48,481470,1,1,0,0,0,1,1,201,0,3,4,2013,4,19,47,0,6,4,CR-W CANINO,,0,29.87550556,-95.40248889,0,30,0,0,1,1,0,4,2,2,0,2,0,0000000,99,99,99,99,99,99,0,0,0,1,1
48,481471,1,1,0,0,0,1,1,205,0,1,5,2013,4,16,50,1,2,2,US-54,,69,35.90938611,-102.7137639,0,1,0,0,1,1,0,1,1,10,0,10,0,0000000,16,51,17,6,17,34,0,0,0,1,0
48,481472,2,2,0,0,0,4,4,427,5780,3,5,2013,6,21,30,1,2,2,US-83,,339,26.35961944,-98.7832,0,12,6,0,8,1,0,1,2,1,0,1,0,0000000,99,99,99,99,99,99,0,0,0,1,0
48,481473,2,2,0,1,1,3,3,201,3280,12,5,2013,1,2,59,1,11,1,I-45 GULF FWY,,53,29.56898333,-95.16855556,0,12,7,0,1,1,0,1,2,1,0,1,0,0000000,99,98,99,98,88,88,23,0,0,1,0
48,481474,1,1,0,0,0,2,2,201,0,20,5,2013,2,14,30,1,11,1,I-10,,393,29.770475,-95.18120278,0,25,0,0,1,1,0,3,1,1,0,1,0,0000000,99,98,99,98,88,88,0,0,0,1,0
48,481475,1,1,0,0,0,1,1,303,4140,21,5,2013,3,14,49,1,12,8,SL289,,39,33.55789167,-101.7879583,0,1,0,0,1,1,0,4,1,1,0,1,0,0000000,14,52,14,59,15,17,0,0,0,1,0
48,481476,1,1,0,0,0,1,1,439,2450,13,6,2013,5,22,46,0,16,5,COLD SPRINGS RD,,0,32.77989722,-97.32661111,0,43,0,0,1,1,0,4,3,1,0,1,0,0000000,99,99,99,99,99,99,0,0,0,1,0
48,481477,5,2,3,0,0,3,3,91,4870,14,6,2013,6,19,59,1,13,8,BI35H ELLIOT KNOX BLVD,,27,29.69282222,-98.11866667,0,12,6,0,8,1,0,1,5,10,0,10,0,0000000,99,98,99,98,88,88,0,0,0,1,1
48,481478,4,2,2,4,6,10,12,439,0,15,6,2013,7,23,58,0,6,4,CR-BURLESON RETTA RD,,0,32.56076667,-97.30312222,0,14,0,0,1,1,0,4,2,1,0,1,0,0000000,0,2,0,13,0,49,14,18,23,4,1
48,481479,1,1,0,1,1,1,1,453,330,18,6,2013,3,10,45,1,12,2,US-290,,70,30.23401667,-97.86508889,0,9,0,0,1,1,0,1,1,1,0,1,0,0000000,99,99,99,99,99,99,0,0,0,1,0
48,481480,3,3,0,0,0,4,4,283,0,19,6,2013,4,13,34,0,4,3,SR-72,SR-97,0,28.49663611,-98.80111111,0,12,1,0,3,3,0,1,1,1,0,1,0,0000000,99,99,99,99,99,99,0,0,0,1,0
48,481481,1,1,0,0,0,1,1,453,0,20,6,2013,5,22,46,0,6,4,CR-OLD LAMPASAS TRL,,0,30.42015278,-97.79950556,0,24,0,0,1,1,0,4,2,1,0,1,0,0000000,88,88,88,88,88,88,0,0,0,1,1
48,481482,1,1,0,1,1,4,4,201,0,22,6,2013,7,23,0,1,13,3,SR-6,,72,29.834525,-95.64564167,0,8,0,0,1,1,0,1,3,1,0,1,0,0000000,99,99,99,99,99,99,0,0,0,1,0
48,481483,1,1,0,1,1,1,1,453,330,23,6,2013,1,6,4,1,12,8,SL 1 S. MOPAC EXPWY,,191,30.24060278,-97.8159,0,8,0,1,18,1,0,1,6,1,0,1,0,0000000,88,88,88,88,88,88,0,0,0,1,0
48,481484,1,1,0,1,1,1,1,201,6510,25,6,2013,3,17,20,0,16,5,BELLAIRE BLVD,STELLA LINK,0,29.705875,-95.44016667,0,8,0,0,3,2,0,1,1,1,0,1,0,0000000,88,88,88,88,88,88,0,0,0,1,0
48,481485,2,2,0,0,0,5,5,135,0,26,6,2013,4,7,55,1,13,8,SL 338,SP 588 YUKON RD,256,31.92295556,-102.3484611,0,12,6,0,2,2,0,1,1,1,0,1,0,0000000,7,52,7,58,8,21,0,0,0,1,0
48,481486,2,2,0,0,0,3,3,479,0,26,6,2013,4,15,50,0,4,3,SR-359,,317,27.46097778,-99.00812222,0,12,2,0,1,1,0,2,1,1,0,1,0,0000000,15,56,16,21,17,30,0,0,0,1,0
48,481487,2,2,0,0,0,2,2,257,0,27,6,2013,5,6,0,1,1,1,I-20,,114,32.71324167,-96.33629722,0,12,1,0,1,1,0,1,1,1,0,1,0,0000000,88,88,88,88,88,88,0,0,0,1,0
48,481488,2,2,0,0,0,2,2,479,0,27,6,2013,5,14,0,1,2,2,US-83,,184,27.95368889,-99.512775,0,12,1,0,8,1,0,1,1,1,0,1,0,0000000,88,88,88,88,88,88,0,0,0,1,0
48,481489,2,2,0,0,0,2,2,85,5390,28,6,2013,6,1,40,1,13,3,SR-289 PRESTON RD,TL 4 PGBT RAMP,293,33.01267222,-96.79529722,0,12,1,1,3,2,0,1,3,1,0,1,0,0000000,88,88,88,88,88,88,0,0,0,1,1
48,481490,1,1,0,0,0,1,1,339,0,30,6,2013,1,1,55,0,3,8,FM 1314,,123,30.18725278,-95.32825556,0,42,0,0,1,1,0,4,2,1,0,1,0,0000000,88,88,88,88,88,88,0,0,0,1,1
48,481491,1,1,0,0,0,3,3,453,330,30,6,2013,1,3,28,1,12,2,US-290,,33,30.32146944,-97.68749167,0,30,0,0,1,1,0,3,3,2,0,2,0,0000000,3,28,3,32,3,56,0,0,0,1,1
48,481492,1,1,0,0,0,1,1,121,0,1,7,2013,2,2,28,1,1,1,I-35,,90,33.39305,-97.17655,0,21,0,1,19,1,0,10,2,1,0,1,0,0000000,88,88,88,88,88,88,0,0,0,1,1
48,481493,1,1,0,0,0,2,2,183,4080,1,7,2013,2,21,34,1,13,8,SL281,,25,32.53516389,-94.768425,0,25,0,0,8,1,0,3,3,1,0,1,0,0000000,21,35,21,40,21,53,0,0,0,1,1
48,481494,2,2,0,0,0,3,3,227,640,1,7,2013,2,16,39,1,11,1,I-20,,284,32.26526944,-101.4288083,0,18,0,0,1,1,0,1,1,1,0,1,0,0000000,99,99,99,99,99,99,0,0,0,2,0
48,481495,2,2,0,0,0,2,2,355,0,1,7,2013,2,7,36,0,4,8,FM70,,66,27.83696944,-97.90081944,0,12,2,0,1,1,0,1,1,10,0,10,0,0000000,99,99,99,99,99,99,0,0,0,1,0
48,481496,1,1,0,0,0,4,4,371,0,1,7,2013,2,17,38,1,1,1,I-10,,16,30.95040278,-103.3950583,0,38,0,0,1,1,0,4,1,10,0,10,0,0000000,99,99,99,99,99,99,0,0,0,2,0
48,481497,1,1,0,1,1,1,1,29,6090,2,7,2013,3,8,5,1,13,8,FM78 SEGUIN RD,,132,29.48099167,-98.35953889,0,8,0,0,1,1,0,1,1,1,0,1,0,0000000,99,98,99,98,88,88,0,0,0,1,0
48,481498,1,1,0,0,0,2,2,59,380,2,7,2013,3,6,0,1,11,1,I-20,,153,32.39821944,-99.37332222,0,52,0,1,19,1,0,3,2,1,0,1,0,0000000,99,98,99,98,88,88,0,0,0,2,0
48,481499,2,2,0,0,0,3,3,61,0,2,7,2013,3,10,15,0,3,2,US-281 MILITARY HWY,FM509,84,26.051325,-97.73638611,0,12,6,0,2,2,0,1,1,1,0,1,0,0000000,11,30,11,40,12,9,0,0,0,1,0
48,481500,2,2,0,0,0,3,3,67,4000,2,7,2013,3,11,59,1,2,2,US-59,SR-11,261,33.01295,-94.35294444,0,12,6,0,2,3,0,1,1,1,0,1,0,0000000,12,6,12,11,14,2,0,0,0,1,0
48,481501,2,2,0,1,1,4,4,199,0,2,7,2013,3,18,43,0,3,8,FM92,,103,30.38061944,-94.17396944,0,9,0,0,1,1,0,2,1,10,0,10,0,0000000,18,49,19,23,20,14,0,0,0,1,0
48,481502,1,1,0,0,0,2,2,23,0,3,7,2013,4,23,25,0,5,8,FM 2395,,43,33.49016944,-99.30963056,0,1,0,0,1,1,0,4,2,1,0,1,0,0000000,88,88,88,88,88,88,0,0,0,1,1
48,481503,1,1,0,1,1,1,1,29,6090,3,7,2013,4,19,46,0,16,5,CYPRESS ST,MAVERICK ST,0,29.44068056,-98.49795833,0,15,0,0,3,2,0,1,5,1,0,1,0,0000000,19,45,19,53,20,14,0,0,0,1,0
48,481504,1,1,0,0,0,1,1,113,1539,3,7,2013,4,3,15,1,11,1,I-635 RAMP,,73,32.93332778,-97.00756389,0,59,0,0,5,1,0,4,2,1,0,1,0,0000000,88,88,88,88,88,88,0,0,0,1,1
48,481505,2,2,0,0,0,2,2,121,255,3,7,2013,4,19,20,1,11,1,I-35W,,82,33.09171111,-97.22924167,0,12,1,0,1,1,0,1,1,1,0,1,0,0000000,19,26,19,40,20,22,0,0,0,1,1
48,481506,2,2,0,0,0,4,4,157,0,3,7,2013,4,17,10,0,15,8,FM360/BEASLEY-NEEDVILLE RD,CR-VINCIK-EHLERT RD,14,29.46929444,-95.92216944,0,12,6,0,2,2,0,1,1,1,0,1,0,0000000,17,33,17,54,18,16,0,0,0,1,0
48,481507,2,2,0,0,0,2,2,297,0,3,7,2013,4,18,12,1,2,2,US-281,CR-GOODHOPE RD,107,28.51728056,-98.18541944,0,12,7,0,3,2,0,1,1,1,0,1,0,0000000,88,88,88,88,88,88,0,0,0,1,0
48,481508,1,1,0,0,0,1,1,365,0,3,7,2013,4,16,4,1,13,2,US-79,,119,32.31333333,-94.153825,0,34,0,0,1,1,0,4,1,1,0,1,0,0000000,88,88,88,88,88,88,0,0,0,1,1
48,481509,2,2,0,0,0,4,4,491,0,3,7,2013,4,21,8,1,12,7,SR-45/RM620,,150,30.47378056,-97.77408056,0,12,6,0,8,1,0,1,3,1,0,1,0,0000000,88,88,88,88,88,88,0,0,0,1,0
48,481510,2,2,0,0,0,2,2,497,0,3,7,2013,4,11,10,1,2,2,US-81/287,,140,33.28328056,-97.63143056,0,12,1,0,1,1,0,1,1,1,0,1,0,0000000,99,99,99,99,99,99,0,0,0,1,0
48,481511,2,2,0,0,0,3,3,19,0,4,7,2013,5,20,30,1,2,3,SR-16,,163,29.68646667,-98.84884167,0,12,2,0,1,1,0,1,1,1,0,1,0,0000000,20,45,20,56,21,29,0,0,0,2,0
48,481512,2,2,0,0,0,2,2,29,0,4,7,2013,5,22,9,1,13,8,FM1976 GIBBS SPRAWL RD,,51,29.51073611,-98.33431111,0,12,2,0,1,1,0,1,2,1,0,1,0,0000000,99,98,99,98,88,88,0,0,0,1,1
48,481513,1,1,0,1,1,3,3,29,6090,4,7,2013,5,21,30,1,13,8,SL13 SW MILITARY DR,COMMERCIAL AVE,26,29.35662778,-98.51635556,0,9,0,0,3,2,0,1,3,1,0,1,0,0000000,21,35,21,44,22,40,0,0,0,1,0
48,481514,2,2,0,0,0,2,2,29,6090,4,7,2013,5,21,57,1,12,7,SL1604,,308,29.60065,-98.42524444,0,12,6,0,8,1,0,1,2,1,0,1,0,0000000,21,57,22,5,88,88,0,0,0,1,1
48,481515,1,1,0,0,0,2,2,67,0,4,7,2013,5,22,0,0,4,8,FM1399,,71,33.11405833,-94.46262222,0,42,0,0,1,1,0,4,2,1,0,1,0,0000000,99,99,99,99,99,99,0,0,0,1,0
48,481516,1,1,0,0,0,3,3,165,0,4,7,2013,5,3,38,1,2,2,US-62,,128,32.89419167,-102.6160583,0,1,0,0,1,1,0,3,2,10,0,10,0,0000000,3,46,4,1,5,38,0,0,0,1,0
48,481517,1,1,0,0,0,1,1,201,3280,4,7,2013,5,3,55,0,16,5,BENNINGTON ST,,0,29.81714444,-95.31049722,0,33,0,0,1,1,0,4,3,10,0,10,0,0000000,3,59,4,8,4,26,0,0,0,1,1
48,481518,1,1,0,0,0,1,1,201,3280,4,7,2013,5,1,50,1,12,1,I-610 RAMP,,78,29.72633056,-95.46078889,0,26,0,1,19,1,0,3,3,1,0,1,0,0000000,88,88,88,88,88,88,0,0,0,1,1
48,481519,1,1,0,0,0,5,5,203,0,4,7,2013,5,13,52,1,1,1,I-20,,348,32.48321944,-94.11230833,0,1,0,0,1,1,0,10,1,1,0,1,0,0000000,14,28,14,38,15,25,0,0,0,1,0
48,481520,3,3,0,0,0,4,4,251,0,4,7,2013,5,23,18,0,4,8,FM157,,84,32.44221667,-97.108775,0,12,99,0,1,1,0,1,2,1,0,1,0,0000000,99,98,99,98,88,88,14,0,0,2,1
48,481521,2,2,0,0,0,4,4,495,0,4,7,2013,5,23,55,0,3,3,SR-302,,249,31.89618333,-102.8436056,0,12,6,0,1,1,0,1,3,1,0,1,0,0000000,88,88,88,88,88,88,0,0,0,1,1
48,481522,1,1,0,0,0,1,1,5,0,5,7,2013,6,11,30,0,6,4,CR-RYANS LAKE RD,,0,31.193175,-94.79496111,0,38,0,0,1,1,0,4,1,1,0,1,0,0000000,88,88,88,88,88,88,0,0,0,1,0
48,481523,1,1,0,1,1,1,1,11,0,5,7,2013,6,16,32,0,4,3,SR-207,,76,35.07176944,-101.3630111,0,8,0,0,1,1,0,1,1,1,0,1,0,0000000,88,88,88,88,88,88,0,0,0,1,0
48,481524,1,1,0,0,0,1,1,113,3420,5,7,2013,6,21,30,0,16,5,VALLEY VIEW LN,,0,32.85160278,-97.02151111,0,40,0,0,1,1,0,4,2,1,0,1,0,0000000,88,88,88,88,88,88,0,0,0,1,1
48,481525,1,1,0,0,0,1,1,201,480,5,7,2013,6,4,0,1,12,7,SR-146 ROBERT LANIER DR,,130,29.75047778,-94.97305278,0,33,0,0,1,1,0,4,3,1,0,1,0,0000000,4,2,4,9,4,25,0,0,0,1,1
48,481526,1,1,0,1,1,2,2,201,3280,5,7,2013,6,18,20,1,11,1,I-610 NORTH LP,,109,29.80439444,-95.29085,0,8,0,1,18,1,0,1,1,1,0,1,0,0000000,88,88,88,88,88,88,19,0,0,1,0
48,481527,1,1,0,0,0,1,1,215,2110,5,7,2013,6,22,7,0,16,5,CONQUEST DR,,0,26.25739722,-98.172925,0,59,0,0,1,1,0,4,2,1,0,1,0,0000000,99,99,99,99,99,99,0,0,0,1,0
48,481528,1,1,0,0,0,2,2,225,0,5,7,2013,6,21,40,0,3,3,SR-7 GOLIAD AVE,,55,31.2929,-95.57841944,0,1,0,0,1,1,1,4,2,1,0,1,0,0000000,88,88,88,88,88,88,3,0,0,1,1
48,481529,1,1,0,0,0,1,1,241,0,5,7,2013,6,3,24,0,4,8,FM 1747,,55,30.87365,-94.12565556,0,35,0,0,1,1,0,4,2,1,0,1,0,0000000,88,88,88,88,88,88,0,0,0,1,1
48,481530,1,1,0,0,0,3,3,261,0,5,7,2013,6,0,18,1,2,2,US-77,,61,26.69808056,-97.76896389,0,42,0,0,1,1,0,4,2,1,0,1,0,0000000,99,99,99,99,99,99,0,0,0,1,0
48,481531,2,2,0,0,0,4,4,293,4540,5,7,2013,6,11,58,0,13,2,US-84 MILAM ST,WALMART DR,254,31.68571667,-96.45362222,0,12,6,0,2,3,0,1,1,1,0,1,0,0000000,12,12,12,18,12,57,0,0,0,1,0
48,481532,1,1,0,0,0,1,1,325,0,5,7,2013,6,11,0,0,4,8,FM471,,96,29.26913889,-98.870975,0,18,0,0,1,1,0,4,1,1,0,1,0,0000000,88,88,88,88,88,88,0,0,0,1,0
48,481533,2,2,0,0,0,4,4,405,6100,5,7,2013,6,19,14,0,3,3,SR-21,FM3483,130,31.52682222,-94.091525,0,12,6,0,2,3,0,1,1,1,0,1,0,0000000,99,99,99,99,99,99,0,0,0,1,1
48,481534,1,1,0,0,0,1,1,439,2450,5,7,2013,6,15,0,0,16,5,BOCA RATON BLVD,CANYON CREEK TRL,0,32.76920556,-97.22070556,0,38,0,0,3,3,0,4,1,1,0,1,0,0000000,88,88,88,88,88,88,0,0,0,1,0
48,481535,1,1,0,2,2,1,1,485,0,5,7,2013,6,12,45,0,6,4,CR-MCFALL RD,,0,33.872925,-98.75238889,0,11,0,0,1,1,0,4,1,1,0,1,0,0000000,12,45,13,0,13,31,0,0,0,1,0
48,481536,1,1,0,0,0,2,2,11,0,6,7,2013,7,6,14,1,2,2,US-287,,319,35.03020556,-101.093725,0,1,0,0,1,1,0,3,4,1,0,1,0,0000000,6,19,6,38,7,39,0,0,0,1,0
48,481537,1,1,0,2,2,1,1,29,6090,6,7,2013,7,2,24,0,16,5,COMMERCE ST,,0,29.41978333,-98.47011111,0,9,0,0,1,1,0,1,3,1,0,1,0,0000000,2,24,2,26,2,50,0,0,0,1,1
48,481538,2,2,0,0,0,2,2,39,130,6,7,2013,7,10,56,1,13,3,SR-6,HOBBS RD,105,29.443125,-95.28513611,0,12,6,0,2,3,0,1,1,1,0,1,0,0000000,99,98,99,98,88,88,0,0,0,1,0
48,481539,2,2,0,0,0,2,2,113,1190,6,7,2013,7,19,39,1,11,1,I-35E,,334,32.97974444,-96.92840556,0,12,7,0,1,1,0,1,1,1,0,1,0,0000000,99,98,99,98,88,88,0,0,0,1,1
48,481540,2,2,0,0,0,5,5,113,2590,6,7,2013,7,23,10,1,11,1,I-30 RAMP,,261,32.835425,-96.60788333,0,12,1,0,20,1,0,1,3,1,0,1,0,0000000,99,98,99,98,88,88,0,0,0,1,1
48,481541,2,1,1,0,0,1,1,209,6170,6,7,2013,7,7,6,1,11,1,I-35,,121,29.937625,-97.88505278,0,14,0,0,1,1,0,2,1,1,0,1,0,0000000,88,88,88,88,88,88,23,0,0,1,0
48,481542,1,1,0,0,0,2,2,271,820,6,7,2013,7,5,50,0,4,8,SL 166,,3,29.31513056,-100.4271333,0,38,0,0,1,1,0,4,2,1,0,1,0,0000000,99,99,99,99,99,99,20,0,0,1,1
48,481543,1,1,0,1,1,1,1,9,0,7,7,2013,1,0,30,1,2,2,US-82,,79,33.77011389,-98.82549167,0,8,0,0,1,1,0,1,2,1,0,1,0,0000000,88,88,88,88,88,88,0,0,0,1,0
48,481544,1,1,0,0,0,1,1,37,0,7,7,2013,1,12,28,0,4,8,FM 2516,,52,33.3562,-94.07973611,0,1,0,0,1,1,0,4,1,1,0,1,0,0000000,88,88,88,88,88,88,0,0,0,1,0
48,481545,2,2,0,0,0,5,5,215,4197,7,7,2013,1,3,5,1,13,8,FM 2061,VIOLET AVE,69,26.24439167,-98.20546944,0,12,7,0,3,2,0,1,2,1,0,1,0,0000000,3,12,3,17,3,37,0,0,0,1,0
48,481546,2,2,0,0,0,1,1,235,0,7,7,2013,1,0,45,0,3,2,US-67,,79,31.13269444,-101.2341806,0,12,6,0,1,1,0,1,2,1,0,1,0,0000000,88,88,88,88,88,88,23,0,0,1,0
48,481547,2,2,0,0,0,2,2,291,1770,7,7,2013,1,21,7,0,3,3,SR-321,,216,30.10766944,-94.92280833,0,12,6,0,8,1,0,1,2,1,0,1,0,0000000,88,88,88,88,88,88,0,0,0,1,0
48,481548,2,2,0,0,0,2,2,89,0,8,7,2013,2,8,1,1,1,1,I-10,,244,29.71668056,-96.46196944,0,57,0,0,1,1,0,3,1,2,0,2,0,0000000,99,99,99,99,99,99,0,0,0,1,0
48,481549,1,1,0,1,1,1,1,131,0,8,7,2013,2,10,5,0,4,8,FM 1329,,5,27.74123889,-98.24768611,0,8,0,0,1,1,0,1,1,1,0,1,0,0000000,88,88,88,88,88,88,0,0,0,1,0
48,481550,1,1,0,0,0,1,1,187,0,8,7,2013,2,12,14,0,4,8,FM 1979,,33,29.78392222,-97.89842222,0,21,0,0,1,1,0,4,9,99,0,99,0,0000000,88,88,88,88,88,88,0,0,0,1,1
48,481551,1,1,0,0,0,2,2,191,0,8,7,2013,2,19,20,1,2,2,US-287,,130,34.601175,-100.4651417,0,1,0,0,1,1,0,3,1,1,0,1,0,0000000,19,24,19,42,21,12,0,0,0,1,0
48,481552,2,2,0,0,0,6,6,215,2110,8,7,2013,2,15,26,1,12,2,US-281,,292,26.36615556,-98.1452,0,12,6,0,1,1,0,1,9,2,0,2,0,0000000,99,99,99,99,99,99,0,0,0,1,0
48,481553,1,1,0,0,0,1,1,357,0,8,7,2013,2,0,30,0,6,4,CR-30,,0,36.47648333,-100.5496528,0,35,0,0,1,1,0,4,2,1,0,1,0,0000000,88,88,88,88,88,88,0,0,0,1,1
48,481554,1,1,0,0,0,1,1,473,5515,8,7,2013,2,19,51,1,2,8,BU290H,,76,30.0687,-95.97643611,0,32,0,0,1,1,0,4,1,1,0,1,0,0000000,88,88,88,88,88,88,0,0,0,1,0
48,481555,1,1,0,0,0,1,1,27,0,9,7,2013,3,19,55,0,3,3,SR-36,,42,31.21935556,-97.46355,0,25,0,0,1,1,1,3,1,1,0,1,0,0000000,88,88,88,88,88,88,0,0,0,1,0
48,481556,2,2,0,0,0,2,2,29,6090,9,7,2013,3,22,40,1,13,3,SR-16 BANDERA RD,GUILBEAU RD,66,29.51926944,-98.63710278,0,12,6,0,2,2,0,1,3,1,0,1,0,0000000,99,98,99,98,88,88,0,0,0,1,0
48,481557,3,3,0,0,0,3,3,251,0,9,7,2013,3,7,27,0,3,3,SR-174,CR-FOXX RUN RD,46,32.27688333,-97.39201944,0,12,6,0,2,3,0,1,1,1,0,1,0,0000000,7,31,7,40,8,44,0,0,0,1,0
48,481558,3,3,0,0,0,6,6,255,0,9,7,2013,3,6,11,1,3,3,SR-123,,78,28.96493056,-97.91422222,0,12,2,0,1,1,0,1,2,5,0,5,0,0000000,6,16,6,30,7,10,3,14,0,1,0
48,481559,2,2,0,0,0,3,3,27,4924,10,7,2013,4,0,36,1,12,2,US-190,,141,31.07627222,-97.60615278,0,12,2,0,1,1,0,1,3,1,0,1,0,0000000,0,44,0,59,1,21,0,0,0,1,1
48,481560,2,2,0,0,0,3,3,29,6090,10,7,2013,4,18,36,0,16,5,JONES MALTSBERGER RD,,0,29.56138889,-98.45913056,0,12,2,0,1,1,0,1,1,1,0,1,0,0000000,18,42,18,53,19,28,0,0,0,1,0
48,481561,2,2,0,0,0,3,3,39,130,10,7,2013,4,13,51,1,13,3,SR-35,,198,29.464625,-95.24561111,0,12,2,0,1,1,0,1,1,1,0,1,0,0000000,14,2,14,13,14,34,0,0,0,1,0
48,481562,1,1,0,0,0,2,2,41,1440,10,7,2013,4,23,34,1,2,7,SR-6,,138,30.55446667,-96.25219722,0,1,0,0,1,1,0,10,3,1,0,1,0,0000000,99,99,23,40,0,26,0,0,0,1,0
48,481564,2,2,0,0,0,3,3,113,1730,10,7,2013,4,17,23,0,16,5,CANADA DR,VILBIG RD,0,32.79050556,-96.84786944,0,12,6,0,2,4,0,1,1,1,0,1,0,0000000,17,26,17,35,17,53,0,0,0,1,0
48,481565,3,3,0,0,0,3,3,157,4655,10,7,2013,4,16,2,1,12,8,UA90,,10,29.6256,-95.51979722,0,12,2,0,1,1,0,1,1,1,0,1,0,0000000,99,99,99,99,99,99,0,0,0,2,1
48,481566,2,2,0,0,0,8,8,201,3280,10,7,2013,4,14,10,0,16,5,WOODWARD ST,STASSEN ST,0,29.67311111,-95.37365,0,12,6,0,2,2,0,1,1,1,0,1,0,0000000,14,12,14,17,14,46,0,0,0,1,0