STATE,ST_CASE,VE_TOTAL,VE_FORMS,PVH_INVL,PEDS,PERNOTMVIT,PERMVIT,PERSONS,COUNTY,CITY,DAY,MONTH,YEAR,DAY_WEEK,HOUR,MINUTE,NHS,ROAD_FNC,ROUTE,TWAY_ID,TWAY_ID2,MILEPT,LATITUDE,LONGITUD,SP_JUR,HARM_EV,MAN_COLL,RELJCT1,RELJCT2,TYP_INT,WRK_ZONE,REL_ROAD,LGT_COND,WEATHER1,WEATHER2,WEATHER,SCH_BUS,RAIL,NOT_HOUR,NOT_MIN,ARR_HOUR,ARR_MIN,HOSP_HR,HOSP_MN,CF1,CF2,CF3,FATALS,DRUNK_DR
48,481567,1,1,0,1,1,1,1,215,4197,10,7,2013,4,17,59,0,16,5,W CHICAGO AVE,,0,26.20226389,-98.24018333,0,8,0,0,4,1,0,1,1,1,0,1,0,0000000,99,99,99,99,99,99,0,0,0,1,0
48,481568,1,1,0,0,0,2,2,309,0,10,7,2013,4,14,6,1,1,1,I-35,,49,31.34509722,-97.22128333,0,1,0,0,1,1,1,3,1,1,0,1,0,0000000,14,22,14,31,15,1,0,0,0,1,1
48,481569,2,2,0,0,0,2,2,29,6090,11,7,2013,5,23,4,1,11,1,I-410,,127,29.47904444,-98.60674722,0,12,1,0,1,1,1,1,3,1,0,1,0,0000000,99,98,99,98,88,88,0,0,0,1,0
48,481570,2,2,0,0,0,3,3,41,1440,11,7,2013,5,10,28,1,13,3,SR-40 WILLIAM D FITCH PKWY,BARRON RD,206,30.55523611,-96.29305556,0,12,6,0,2,2,0,1,1,10,0,10,0,0000000,99,98,99,98,88,88,0,0,0,1,0
48,481571,1,1,0,1,1,1,1,113,1730,11,7,2013,5,5,36,1,13,3,SR-180/DAVIS RD,,79,32.74955833,-96.90209167,0,8,0,0,1,1,0,1,3,1,0,1,0,0000000,5,36,5,42,6,6,0,0,0,1,0
48,481572,2,2,0,0,0,5,5,367,5705,11,7,2013,5,13,18,1,13,3,SR-199,,157,32.92216944,-97.60376944,0,12,6,0,1,1,0,1,1,1,0,1,0,0000000,99,99,99,99,99,99,0,0,0,1,0
48,481573,1,1,0,0,0,1,1,375,0,11,7,2013,5,18,30,0,4,8,RM 1061,,151,35.33496111,-102.08375,0,58,0,0,1,1,0,5,1,1,0,1,0,0000000,88,88,88,88,88,88,0,0,0,1,0
48,481574,1,1,0,0,0,1,1,457,1458,11,7,2013,5,19,39,1,2,2,US-69/WHEELER AVE,,168,30.92775,-94.41548056,0,42,0,0,1,1,0,4,1,1,0,1,0,0000000,99,99,99,99,99,99,0,0,0,1,0
48,481575,1,1,0,0,0,1,1,477,0,11,7,2013,5,14,25,0,4,8,FM 390,,130,30.31764722,-96.30084444,0,42,0,0,1,1,1,4,1,1,0,1,0,0000000,88,88,88,88,88,88,0,0,0,1,0
48,481577,1,1,0,0,0,1,1,341,0,12,7,2013,6,17,15,1,2,2,US-87,,69,35.78616944,-101.95805,0,52,0,0,1,1,0,3,1,1,0,1,0,0000000,88,88,88,88,88,88,0,0,0,1,0
48,481578,4,4,0,0,0,8,8,451,0,12,7,2013,6,17,4,1,13,2,US-87/BRYANT BLVD,AVE N,277,31.44285,-100.44205,0,12,6,0,2,2,0,1,1,1,0,1,0,0000000,17,5,17,10,17,35,14,20,0,1,0
48,481579,2,2,0,0,0,2,2,455,0,12,7,2013,6,16,40,0,3,3,SR-19,,73,30.96915,-95.3939,0,12,2,0,1,1,0,1,1,1,0,1,0,0000000,88,88,88,88,88,88,0,0,0,2,0
48,481580,1,1,0,0,0,1,1,9,0,13,7,2013,7,22,24,1,2,2,US-82,,128,33.7997,-98.74283056,0,32,0,0,1,1,0,4,2,1,0,1,0,0000000,88,88,88,88,88,88,0,0,0,1,0
48,481581,3,3,0,0,0,4,4,27,3690,13,7,2013,7,15,34,0,14,8,FM-3470,,54,31.07773333,-97.75683333,0,12,6,0,8,1,0,1,1,1,0,1,0,0000000,15,35,15,38,15,56,0,0,0,1,1
48,481582,2,2,0,0,0,2,2,29,6090,13,7,2013,7,19,23,0,16,5,THEO AVE,DE SOTO ST,0,29.38833333,-98.52713056,0,12,6,0,2,2,0,1,1,1,0,1,0,0000000,88,88,88,88,88,88,0,0,0,1,1
48,481583,1,1,0,0,0,1,1,91,0,13,7,2013,7,10,18,0,6,4,CR-RIVER RD,,0,29.79964167,-98.148775,0,24,0,0,1,1,0,4,1,1,0,1,0,0000000,88,88,88,88,88,88,0,0,0,1,0
48,481584,1,1,0,0,0,4,4,117,0,13,7,2013,7,16,45,0,3,2,US-385,,160,34.96021944,-102.4032222,0,1,0,0,1,1,0,4,1,1,0,1,0,0000000,16,48,16,58,17,43,0,0,0,1,0
48,481585,1,1,0,1,1,2,2,455,0,13,7,2013,7,22,25,0,3,8,FM-356,,132,30.86156944,-95.19434444,0,8,0,0,1,1,0,1,2,1,0,1,0,0000000,88,88,88,88,88,88,0,0,0,1,0
48,481586,1,1,0,0,0,2,2,29,6090,14,7,2013,1,2,14,0,16,5,BROADWAY,,0,29.534175,-98.44732778,0,38,0,0,1,1,0,4,3,1,0,1,0,0000000,99,99,99,99,99,99,0,0,0,1,1
48,481587,1,1,0,0,0,2,2,39,3800,14,7,2013,1,6,56,0,16,5,JUNIPER ST,,0,29.04124167,-95.41590278,0,1,0,0,1,1,0,4,2,10,0,10,0,0000000,88,88,88,88,88,88,0,0,0,2,1
48,481588,3,2,1,0,0,5,5,113,1730,14,7,2013,1,14,26,1,13,8,SL 12,,201,32.85795556,-96.87418611,0,12,1,0,1,1,0,1,1,1,0,1,0,0000000,14,29,14,33,14,52,14,0,0,1,0
48,481589,2,2,0,0,0,4,4,113,1730,14,7,2013,1,16,57,1,13,8,SL 12,,219,32.86327222,-96.84666389,0,12,6,0,1,1,0,1,1,2,0,2,0,0000000,16,58,17,6,17,19,0,0,0,1,0
48,481590,1,1,0,0,0,1,1,185,175,14,7,2013,1,8,12,0,3,3,SR-90,,259,30.49307778,-95.98838056,0,38,0,0,1,1,0,4,1,10,0,10,0,0000000,88,88,88,88,88,88,0,0,0,1,0
48,481591,1,1,0,0,0,1,1,439,2990,14,7,2013,1,16,55,0,16,5,OLD DENTON RD,,0,32.83654722,-97.27209167,0,32,0,0,1,1,0,4,1,2,0,2,0,0000000,88,88,88,88,88,88,0,0,0,1,0
48,481592,2,2,0,0,0,2,2,113,3420,15,7,2013,2,10,0,0,16,5,N MACARTHUR BLVD,,0,32.86596944,-96.95976111,0,42,0,0,1,1,0,3,1,2,0,2,0,0000000,10,2,10,6,10,21,14,0,0,1,0
48,481593,1,1,0,0,0,5,5,217,0,15,7,2013,2,14,42,1,1,1,I-35,,31,31.88191667,-97.08254444,0,25,0,0,1,1,1,3,1,2,0,2,0,0000000,14,45,14,56,15,44,0,0,0,1,0
48,481594,2,2,0,0,0,2,2,339,0,15,7,2013,2,17,8,0,3,8,FM1488,,65,30.22814722,-95.70891389,0,12,6,0,1,1,0,1,1,2,0,2,0,0000000,99,99,99,99,99,99,0,0,0,1,0
48,481595,1,1,0,0,0,1,1,347,0,15,7,2013,2,13,30,1,2,2,US-59,,138,31.70528333,-94.63716389,0,1,0,0,1,1,0,4,1,1,0,1,0,0000000,88,88,88,88,88,88,0,0,0,1,0
48,481596,2,2,0,0,0,2,2,383,0,15,7,2013,2,9,0,0,4,3,SR-137,,22,31.62081389,-101.6248694,0,12,6,0,1,1,1,4,1,2,0,2,0,0000000,99,99,99,99,99,99,0,0,0,1,0
48,481597,1,1,0,0,0,1,1,29,0,16,7,2013,3,23,0,0,6,4,CR-BULVERDE RD,,0,29.65420278,-98.42892778,0,30,0,0,1,1,0,4,2,10,0,10,0,0000000,99,99,99,99,99,99,0,0,0,1,1
48,481598,1,1,0,0,0,3,3,227,0,16,7,2013,3,8,40,0,4,3,SR-176,,7,32.27093056,-101.6787944,0,38,0,0,1,1,0,4,1,2,0,2,0,0000000,99,98,99,98,88,88,0,0,0,1,0
48,481599,1,1,0,0,0,1,1,193,0,17,7,2013,4,5,10,0,3,3,SR-22,,55,31.72133889,-98.02103611,0,42,0,0,1,1,0,4,2,10,0,10,0,0000000,88,88,88,88,88,88,0,0,0,1,0
48,481600,1,1,0,0,0,1,1,229,0,17,7,2013,4,8,49,1,1,1,I-10,,332,31.33085278,-105.8806222,0,1,0,0,1,1,0,3,1,2,0,2,0,0000000,88,88,88,88,88,88,0,0,0,1,0
48,481601,1,1,0,0,0,1,1,329,4560,17,7,2013,4,16,58,0,16,5,LOCKHEED DR,MIDLAND DR,0,32.00071389,-102.1365694,0,31,0,0,3,3,0,5,1,2,0,2,0,0000000,17,1,17,6,17,21,0,0,0,1,0
48,481602,2,2,0,0,0,2,2,439,2450,17,7,2013,4,2,38,1,11,1,I-35,,14,32.91079444,-97.31708333,0,12,1,0,1,1,0,1,2,10,0,10,0,0000000,99,99,99,99,99,99,0,0,0,1,1
48,481603,1,1,0,1,1,1,1,439,2450,17,7,2013,4,22,30,1,13,3,SR-180,TANDY AVE,165,32.72863056,-97.19888056,0,8,0,0,1,1,0,1,2,10,0,10,0,0000000,88,88,88,88,88,88,0,0,0,1,0
48,481604,1,1,0,0,0,1,1,439,2800,17,7,2013,4,16,10,0,16,5,NORTH CARRIER PKWY,,0,32.78545556,-97.05526944,0,33,0,0,1,1,0,4,1,10,0,10,0,0000000,88,88,88,88,88,88,0,0,0,1,0
48,481605,1,1,0,0,0,4,4,29,6090,18,7,2013,5,2,37,0,16,5,MEDICAL DR,,0,29.51325833,-98.56842222,0,33,0,0,1,1,0,4,3,1,0,1,0,0000000,99,99,99,99,99,99,0,0,0,2,1
48,481606,1,1,0,1,1,1,1,113,3420,18,7,2013,5,22,12,1,12,3,SR-183,,78,32.83690556,-96.91557222,0,8,0,0,1,1,0,1,3,1,0,1,0,0000000,88,88,88,88,88,88,0,0,0,1,0
48,481607,2,2,0,0,0,2,2,367,7280,18,7,2013,5,15,46,0,14,2,US-180,,57,32.75695833,-97.73464444,0,12,2,0,1,1,0,1,1,1,0,1,0,0000000,88,88,88,88,88,88,0,0,0,2,0
48,481608,2,2,0,0,0,2,2,265,3670,19,7,2013,6,8,53,0,14,8,SL-98,FRANCISCO LEMOS,63,30.047375,-99.15317778,0,46,0,0,3,2,0,8,1,1,0,1,0,0000000,8,55,8,57,9,7,14,0,0,1,0
48,481609,1,1,0,0,0,1,1,303,0,19,7,2013,6,19,57,0,4,8,FM 400,,10,33.40855278,-101.6422778,0,1,0,0,1,1,0,4,1,1,0,1,0,0000000,20,1,20,19,20,41,0,0,0,1,1
48,481610,2,2,0,0,0,2,2,329,0,19,7,2013,6,16,29,1,2,3,SR-158,,17,31.90797778,-101.7778694,0,12,6,0,1,1,0,1,1,1,0,1,0,0000000,88,88,88,88,88,88,0,0,0,1,0
48,481611,2,2,0,0,0,11,11,425,0,19,7,2013,6,13,16,1,2,2,US-67,,81,32.18708889,-97.87064722,0,12,2,0,1,1,0,1,1,1,0,1,0,0000000,13,18,13,25,99,99,0,0,0,4,0
48,481612,2,2,0,0,0,2,2,439,2450,19,7,2013,6,22,43,0,14,8,FM1220 BOAT CLUB RD,FALCON RIDGE CIR,60,32.87515278,-97.42589722,0,12,6,0,8,1,0,1,3,1,0,1,0,0000000,99,98,99,98,88,88,0,0,0,1,0
48,481613,1,1,0,1,1,1,1,113,0,20,7,2013,7,23,3,1,11,1,I-30 W TOM LANDRY FWY,,16,32.75930833,-97.00881944,0,8,0,0,1,1,0,1,3,1,0,1,0,0000000,99,98,99,98,88,88,23,0,0,1,1
48,481614,1,1,0,1,1,1,1,465,1820,20,7,2013,7,9,7,0,16,5,MARTHA ST,,0,29.36446667,-100.8948444,0,8,0,0,1,1,0,1,1,10,0,10,0,0000000,9,10,9,12,9,25,0,0,0,1,0
48,481615,1,1,0,1,1,1,1,29,6090,21,7,2013,1,20,40,1,12,7,US-281,,103,29.59038611,-98.47343889,0,8,0,0,1,1,0,1,3,1,0,1,0,0000000,99,98,99,98,88,88,0,0,0,1,0
48,481616,1,1,0,0,0,2,2,39,0,21,7,2013,1,20,20,0,6,4,CR-203 MAIN ST,,0,29.289325,-95.27529444,0,31,0,0,1,1,0,4,5,1,0,1,0,0000000,99,99,99,99,99,99,0,0,0,1,1
48,481617,1,1,0,1,1,1,1,201,3280,21,7,2013,1,2,39,0,16,5,RICHMOND AVE,,0,29.73440278,-95.39151111,0,9,0,0,1,1,0,1,3,1,0,1,0,0000000,2,40,2,47,2,56,0,0,0,1,0
48,481618,1,1,0,0,0,1,1,439,7258,21,7,2013,1,2,54,1,11,1,I-20 RAMP,,94,32.66696389,-97.3198,0,39,0,1,5,1,0,4,3,1,0,1,0,0000000,88,88,88,88,88,88,0,0,0,1,1
48,481619,2,2,0,0,0,3,3,29,6090,23,7,2013,3,17,47,1,11,7,I-10,,143,29.54944444,-98.58429722,0,1,0,0,1,1,0,1,1,1,0,1,0,0000000,99,99,99,99,99,99,0,0,0,1,0
48,481620,1,1,0,0,0,2,2,375,150,28,1,2013,2,21,23,1,13,2,US-60 N PIERCE ST,,24,35.21729444,-101.8311889,0,31,0,0,1,1,0,4,3,1,0,1,0,0000000,21,23,21,27,22,22,0,0,0,1,1
48,481621,3,3,0,0,0,5,5,221,0,9,2,2013,7,13,30,1,2,2,US-377,,80,32.42651944,-97.84014167,0,12,2,0,1,1,0,1,1,10,0,10,0,0000000,99,99,99,99,99,99,14,0,0,1,0
48,481622,1,1,0,1,1,1,1,139,5685,27,2,2013,4,15,24,1,13,3,SR-342,ALLEN LN,37,32.50041111,-96.81051111,0,9,0,0,3,3,0,1,1,1,0,1,0,0000000,15,26,15,34,16,8,16,0,0,1,0
48,481623,1,1,0,1,1,3,3,397,4242,2,3,2013,7,23,35,0,3,3,SR-205,FIRESIDE DR,81,32.85079167,-96.39074167,0,8,0,0,3,3,0,2,6,1,0,1,0,0000000,99,99,99,99,99,99,23,0,0,1,0
48,481624,1,1,0,1,1,1,1,115,3860,26,3,2013,3,21,55,0,16,5,11TH ST,L AVE,0,32.74056111,-101.9659056,0,8,0,0,2,2,0,1,3,1,0,1,0,0000000,99,99,99,99,99,99,0,0,0,1,1
48,481625,1,1,0,1,1,1,1,397,0,17,4,2013,4,17,54,0,5,8,FM 3549,,63,32.95111667,-96.41872222,0,8,0,0,1,1,1,1,1,1,0,1,0,0000000,99,99,99,99,99,99,0,0,0,1,0
48,481626,1,1,0,1,1,1,1,29,6090,29,5,2013,4,13,10,0,16,5,PECAN VALLEY DR,,0,29.36605278,-98.43949167,0,8,0,0,1,1,0,1,1,10,0,10,0,0000000,13,11,13,15,13,45,0,0,0,1,0
48,481627,1,1,0,0,0,4,4,183,0,1,6,2013,7,5,11,0,4,8,FM 2206,,3,32.48485833,-94.84739722,0,5,0,0,1,1,0,1,2,1,0,1,0,0000000,88,88,88,88,88,88,0,0,0,1,1
48,481628,1,1,0,0,0,1,1,375,150,7,6,2013,6,20,40,0,16,5,FOREST ST,,0,35.232775,-101.88355,0,1,0,0,1,1,0,1,1,1,0,1,0,0000000,99,99,99,99,99,99,0,0,0,1,1
48,481629,1,1,0,1,1,1,1,453,330,12,6,2013,4,22,55,0,16,5,OLTORF ST,,0,30.23099444,-97.73473056,0,19,0,0,1,1,3,5,1,1,0,1,0,0000000,23,6,23,11,23,20,0,0,0,1,1
48,481630,1,1,0,0,0,2,2,355,1550,16,6,2013,1,2,20,0,14,8,SS-407,,104,27.79766667,-97.47383333,0,32,0,0,1,1,0,4,3,10,0,10,0,0000000,99,99,99,99,99,99,0,0,0,1,1
48,481631,1,1,0,0,0,1,1,505,7660,21,6,2013,6,17,25,0,16,5,23RD ST,,0,26.91918611,-99.275125,0,33,0,0,1,1,0,4,1,1,0,1,0,0000000,17,44,18,21,20,0,0,0,0,1,0
48,481632,1,1,0,1,1,1,1,201,0,22,6,2013,7,21,10,0,6,4,CR-ANTOINE DR,,0,29.96010278,-95.47946667,0,8,0,0,1,1,0,1,3,1,0,1,0,0000000,21,16,21,27,22,11,0,0,0,1,0
48,481633,2,2,0,0,0,3,3,201,0,22,6,2013,7,19,7,0,6,4,CR-UVALDE RD,,0,29.79012222,-95.18692778,0,12,1,0,1,1,0,1,1,10,0,10,0,0000000,19,18,19,20,19,43,0,0,0,1,0
48,481634,2,2,0,0,0,6,6,201,0,23,6,2013,1,18,30,0,6,4,CR-FRICK RD,DOSS PARK RD,0,29.92310278,-95.454775,0,12,6,0,3,3,0,1,1,1,0,1,0,0000000,18,45,18,56,19,20,0,0,0,1,1
48,481635,2,2,0,0,0,6,6,453,4290,23,6,2013,1,5,48,1,2,2,US-290,OLD KIMBRO RD,130,30.35039722,-97.50071944,0,12,1,0,3,2,0,1,2,1,0,1,0,0000000,6,2,6,18,6,43,0,0,0,1,1
48,481636,1,1,0,0,0,1,1,55,4040,24,6,2013,2,12,24,0,16,5,SR 130,,0,29.87082222,-97.70736944,0,32,0,0,1,1,0,3,1,1,0,1,0,0000000,88,88,88,88,88,88,0,0,0,1,0
48,481637,2,2,0,0,0,3,3,201,0,24,6,2013,2,2,30,0,6,4,CR-HOLLYVALE DR,,0,29.91478056,-95.39619167,0,12,2,0,1,1,0,1,2,10,0,10,0,0000000,2,46,3,4,3,34,0,0,0,1,1
48,481639,1,1,0,0,0,1,1,409,2871,30,6,2013,1,10,22,1,2,3,SR-35,SR-361,230,27.9168,-97.2805,0,59,0,1,3,2,0,4,1,1,0,1,0,0000000,10,27,10,38,10,45,0,0,0,1,0
48,481640,1,1,0,1,1,1,1,201,0,2,7,2013,3,21,43,1,12,3,SR-249,,173,29.92296111,-95.49803889,0,8,0,0,1,1,0,1,2,1,0,1,0,0000000,88,88,88,88,88,88,0,0,0,1,0
48,481641,1,1,0,0,0,1,1,201,0,4,7,2013,5,1,31,0,6,4,CR-ELDRIDGE PKWY,,0,29.94847778,-95.60713056,0,42,0,0,1,1,0,4,2,1,0,1,0,0000000,88,88,88,88,88,88,0,0,0,1,1
48,481642,1,1,0,1,1,3,3,141,0,6,7,2013,7,23,24,1,13,8,FM 1281/HORIZON BLVD,,29,31.66118889,-106.237125,0,8,0,0,1,1,0,1,3,1,0,1,0,0000000,23,30,23,31,0,8,0,0,0,1,0
48,481643,1,1,0,0,0,1,1,201,3280,6,7,2013,7,20,35,0,16,5,WINDSWEPT LN,,0,29.72611389,-95.49275278,0,52,0,0,1,1,0,4,3,1,0,1,0,0000000,20,42,20,46,21,25,0,0,0,1,1
48,481644,1,1,0,0,0,2,2,219,0,6,7,2013,7,4,6,0,3,3,SR-114,,208,33.59293056,-102.25935,0,1,0,0,1,1,0,3,2,1,0,1,0,0000000,4,0,4,8,4,57,0,0,0,1,0
48,481645,4,4,0,0,0,15,15,27,0,7,7,2013,1,16,42,1,1,1,I-35,,28,30.89166944,-97.56955,0,12,1,0,1,1,0,1,1,1,0,1,0,0000000,16,50,17,5,17,56,0,0,0,1,0
48,481646,1,1,0,0,0,1,1,181,1830,7,7,2013,1,6,23,1,12,2,US-75 RAMP,,100,33.72118056,-96.58496111,0,23,0,1,5,1,0,4,3,1,0,1,0,0000000,88,88,88,88,88,88,0,0,0,1,1
48,481647,1,1,0,0,0,1,1,245,5430,7,7,2013,1,6,19,0,16,5,DRYDEN RD,,0,29.91891111,-93.91233333,0,30,0,0,1,1,0,4,1,10,0,10,0,0000000,88,88,88,88,88,88,0,0,0,1,0
48,481648,1,1,0,2,2,1,1,201,0,8,7,2013,2,22,35,0,6,4,CR-ALDINE WESTFIELD RD,,0,30.03003056,-95.38085,0,8,0,0,1,1,0,1,2,1,0,1,0,0000000,22,40,22,48,23,26,0,0,0,1,1
48,481649,1,1,0,0,0,1,1,329,0,10,7,2013,4,2,29,1,11,1,I-20,,91,31.9387,-102.1626194,0,18,0,0,1,1,1,4,2,1,0,1,0,0000000,88,88,88,88,88,88,0,0,0,1,1
48,481650,2,2,0,0,0,3,3,141,2190,11,7,2013,5,3,4,1,13,3,SR-20/DONIPHAN DR,,91,31.86961944,-106.5906806,0,12,1,0,1,1,0,1,2,1,0,1,0,0000000,3,7,3,17,3,47,0,0,0,1,1
48,481651,1,1,0,0,0,1,1,73,0,12,7,2013,6,23,10,0,5,8,FM855,,87,32.06335278,-95.32891667,0,32,0,0,1,1,1,4,2,1,0,1,0,0000000,88,88,88,88,88,88,0,0,0,1,1
48,481652,2,2,0,0,0,2,2,201,3280,13,7,2013,7,2,20,1,13,8,FM1093 WESTHEIMER RD,ROGERDALE RD,82,29.73680833,-95.55990278,0,12,6,0,2,2,0,1,3,10,0,10,0,0000000,99,98,99,98,88,88,0,0,0,1,1
48,481653,2,2,0,0,0,3,3,303,0,13,7,2013,7,2,12,0,5,8,FM2378,,242,33.52109722,-102.0782944,0,12,1,0,1,1,0,1,2,1,0,1,0,0000000,99,99,2,17,2,57,23,0,0,1,0
48,481654,1,1,0,0,0,12,12,427,0,13,7,2013,7,16,5,0,4,8,FM490,,100,26.50858056,-98.52600278,0,1,0,0,1,1,0,1,1,1,0,1,0,0000000,17,16,17,45,18,54,0,0,0,3,0
48,481655,2,2,0,0,0,3,3,479,0,13,7,2013,7,12,18,0,4,3,SR-44,,242,27.98439167,-99.08308333,0,12,2,0,1,1,0,1,1,1,0,1,0,0000000,99,99,13,2,13,55,20,0,0,1,0
48,481656,2,2,0,0,0,4,4,135,5030,14,7,2013,1,13,15,1,12,3,SR-191 E 42ND ST,SR-385 N ANDREWS HWY,30,31.88235,-102.3849,0,12,6,0,2,2,0,1,1,1,0,1,0,0000000,13,16,13,23,13,36,0,0,0,1,0
48,481657,1,1,0,0,0,1,1,201,3280,14,7,2013,1,9,47,1,11,1,I-45 GULF FWY,,156,29.68348611,-95.27579167,0,25,0,0,1,1,0,3,1,10,0,10,0,0000000,9,53,9,56,10,34,0,0,0,1,0
48,481658,3,3,0,0,0,7,7,473,0,14,7,2013,1,15,20,0,4,8,FM359,,301,29.80965,-95.97905,0,12,6,0,1,1,0,1,1,1,0,1,0,0000000,99,99,99,99,99,99,0,0,0,2,1
48,481660,2,2,0,0,0,2,2,7,5890,16,7,2013,3,9,43,0,3,8,BS35L,SMOKEHOUSE RD,35,27.98620833,-97.08301111,0,12,6,0,2,3,0,1,1,1,0,1,0,0000000,99,98,99,98,88,88,0,0,0,1,0
48,481661,3,3,0,0,0,5,5,29,6090,16,7,2013,3,22,58,1,11,1,I-35,,174,29.35771111,-98.52518889,0,12,2,1,18,1,0,1,3,1,0,1,0,0000000,23,2,23,8,23,45,0,0,0,2,1
48,481662,1,1,0,0,0,2,2,283,0,16,7,2013,3,12,20,1,11,1,I-35,,182,28.40506389,-99.25620278,0,1,0,0,1,1,0,1,1,2,0,2,0,0000000,88,88,88,88,88,88,0,0,0,1,0
48,481663,2,2,0,0,0,2,2,395,0,16,7,2013,3,10,16,1,2,2,US-190,,59,30.82867222,-96.53513333,0,12,2,0,1,1,0,1,1,1,0,1,0,0000000,10,13,10,24,10,47,0,0,0,1,1
48,481664,1,1,0,1,1,1,1,37,0,17,7,2013,4,23,58,0,14,8,FM 989 S. KINGS HWY,,74,33.40916944,-94.11916389,0,9,0,0,1,1,0,1,2,10,0,10,0,0000000,88,88,88,88,88,88,0,0,0,1,0
48,481665,1,1,0,0,0,1,1,201,3280,17,7,2013,4,12,0,0,16,5,BELLFORT ST,,0,29.66780833,-95.38199722,0,33,0,0,1,1,0,3,1,2,0,2,0,0000000,99,99,99,99,99,99,0,0,0,1,0
48,481666,1,1,0,1,1,2,2,367,7503,17,7,2013,4,15,38,1,1,1,I-20 FORT WORTH HWY,,273,32.74206667,-97.65928333,0,8,0,0,1,1,0,1,1,2,0,2,0,0000000,99,99,99,99,99,99,0,0,0,1,0
48,481667,1,1,0,0,0,1,1,495,0,17,7,2013,4,1,45,0,4,8,FM 1232,,131,31.764775,-103.1097778,0,10,0,0,6,1,0,1,2,2,0,2,0,864593F,88,88,88,88,88,88,0,0,0,1,0
48,481668,1,1,0,1,1,2,2,27,3690,18,7,2013,5,1,44,0,14,8,FM 3470 STAN SCHLUETER LP,,44,31.08218611,-97.77310556,0,8,0,0,1,1,0,1,2,1,0,1,0,0000000,88,88,88,88,88,88,0,0,0,1,0
48,481669,1,1,0,0,0,3,3,141,2190,18,7,2013,5,21,57,1,11,7,I-10 W. GATEWAY WEST BLVD,LOMALAND AVE,307,31.74459444,-106.3316833,0,21,0,1,3,2,0,4,3,2,0,2,0,0000000,22,2,22,13,22,24,0,0,0,1,0
48,481670,1,1,0,0,0,2,2,453,0,18,7,2013,5,8,55,1,12,3,SR-45 / TL 130,,323,30.36207778,-97.58558889,0,24,0,0,1,1,0,4,1,1,0,1,0,0000000,9,0,9,12,9,39,0,0,0,1,0
48,481671,2,2,0,0,0,5,5,29,6090,19,7,2013,6,20,27,1,11,1,I-10,,3,29.64135833,-98.61754722,0,57,0,0,1,1,0,3,1,1,0,1,0,0000000,20,44,20,50,21,11,0,0,0,2,0
48,481672,2,2,0,0,0,2,2,85,2520,19,7,2013,6,2,34,1,13,2,US-380,DALLAS PKWY,11,33.21911389,-96.81949444,0,12,6,1,2,2,0,1,3,1,0,1,0,0000000,88,88,88,88,88,88,0,0,0,1,1
48,481673,1,1,0,0,0,1,1,329,0,19,7,2013,6,22,35,0,6,4,CR-60,,0,32.01098056,-102.2260389,0,35,0,0,1,1,0,4,2,1,0,1,0,0000000,88,88,88,88,88,88,0,0,0,1,1
48,481674,1,1,0,1,1,1,1,453,330,19,7,2013,6,22,48,1,11,1,I-35,,163,30.24454722,-97.735075,0,8,0,0,1,1,0,1,3,1,0,1,0,0000000,88,88,88,88,88,88,0,0,0,1,0
48,481675,2,2,0,0,0,4,4,29,6090,20,7,2013,7,5,25,1,13,8,SL-353/NEW LAREDO HWY,,260,29.32772778,-98.59571667,0,12,8,0,1,1,0,1,2,1,0,1,0,0000000,5,25,5,31,5,34,0,0,0,1,1
48,481676,1,1,0,2,2,1,1,215,4197,20,7,2013,7,21,38,1,13,3,SR-336/10TH ST,,81,26.19217222,-98.23193611,0,8,0,0,1,1,0,1,2,1,0,1,0,0000000,21,38,21,46,22,7,0,0,0,1,0
48,481677,1,1,0,1,1,2,2,363,4630,20,7,2013,7,21,5,0,2,2,US-180,,326,32.80354444,-98.15859167,0,49,0,0,1,1,0,1,5,1,0,1,0,0000000,21,9,21,43,22,22,0,0,0,1,1
48,481678,1,1,0,0,0,1,1,453,330,20,7,2013,7,7,26,1,12,2,US-183/RESEARCH BLVD,,74,30.34796944,-97.71285556,0,25,0,0,1,1,0,4,1,1,0,1,0,0000000,88,88,88,88,88,88,0,0,0,1,0
48,481679,2,2,0,0,0,5,5,467,0,20,7,2013,7,11,0,1,1,1,I-20,,246,32.51463056,-95.68730556,0,54,11,0,1,1,0,1,1,1,0,1,0,0000000,11,23,11,28,12,15,14,0,0,1,0
48,481680,1,1,0,0,0,1,1,29,6090,21,7,2013,1,1,30,0,16,5,MAIN,CAMDEN,0,29.43346389,-98.49390278,0,25,0,0,3,2,0,3,3,1,0,1,0,0000000,1,30,1,40,1,56,0,0,0,1,0
48,481681,1,1,0,0,0,2,2,71,0,21,7,2013,1,10,50,1,1,1,I-10,,153,29.84003611,-94.65862778,0,30,0,0,1,1,0,4,1,10,0,10,0,0000000,99,99,99,99,99,99,0,0,0,1,0
48,481682,1,1,0,0,0,1,1,77,0,21,7,2013,1,3,55,1,2,2,US-287,,130,33.81533056,-98.21849444,0,33,0,1,5,1,0,4,3,1,0,1,0,0000000,88,88,88,88,88,88,0,0,0,1,1