STATE,ST_CASE,VE_TOTAL,VE_FORMS,PVH_INVL,PEDS,PERNOTMVIT,PERMVIT,PERSONS,COUNTY,CITY,DAY,MONTH,YEAR,DAY_WEEK,HOUR,MINUTE,NHS,ROAD_FNC,ROUTE,TWAY_ID,TWAY_ID2,MILEPT,LATITUDE,LONGITUD,SP_JUR,HARM_EV,MAN_COLL,RELJCT1,RELJCT2,TYP_INT,WRK_ZONE,REL_ROAD,LGT_COND,WEATHER1,WEATHER2,WEATHER,SCH_BUS,RAIL,NOT_HOUR,NOT_MIN,ARR_HOUR,ARR_MIN,HOSP_HR,HOSP_MN,CF1,CF2,CF3,FATALS,DRUNK_DR
48,481683,1,1,0,0,0,3,3,91,4870,18,7,2013,5,21,54,1,11,7,I-35,,128,29.71358056,-98.08947778,0,59,0,0,1,1,0,4,2,1,0,1,0,0000000,21,56,21,59,22,14,0,0,0,1,0
48,481684,2,2,0,0,0,8,8,113,1730,21,7,2013,1,2,50,0,16,5,S HAMPTON RD,,0,32.74186667,-96.85690278,0,12,1,0,1,1,0,1,3,10,0,10,0,0000000,99,99,99,99,99,99,0,0,0,1,0
48,481685,1,1,0,0,0,1,1,113,1870,21,7,2013,1,2,42,1,11,1,I-35,,44,32.61235833,-96.82326111,0,1,0,0,1,1,0,4,3,1,0,1,0,0000000,2,42,2,47,3,16,0,0,0,1,1
48,481686,1,1,0,0,0,1,1,113,4530,21,7,2013,1,21,26,0,16,5,CREEK CROSSING RD,,0,32.75206389,-96.55155556,0,38,0,0,1,1,0,4,3,1,0,1,0,0000000,21,27,21,31,21,58,0,0,0,1,1
48,481687,1,1,0,0,0,1,1,355,1550,21,7,2013,1,2,31,1,12,7,SR-358 S PADRE ISLAND DR,,139,27.68057222,-97.31408056,0,59,0,0,1,1,0,4,2,1,0,1,0,0000000,2,31,2,39,2,53,0,0,0,1,1
48,481688,2,2,0,0,0,5,5,135,0,22,7,2013,2,13,57,1,1,1,I-20,,179,31.726425,-102.6175833,0,12,2,0,1,1,0,1,1,1,0,1,0,0000000,14,0,14,3,14,32,0,0,0,3,0
48,481689,2,2,0,0,0,5,5,365,1200,22,7,2013,2,16,58,0,15,8,BU59D S SHELBY ST,,19,32.15460833,-94.33719722,0,12,6,0,8,1,0,1,1,1,0,1,0,0000000,17,9,17,14,18,0,0,0,0,1,0
48,481690,2,2,0,0,0,2,2,29,6090,23,7,2013,3,15,21,1,11,1,I-410,SR-151,89,29.43381389,-98.64581944,0,12,1,1,18,1,0,1,1,1,0,1,0,0000000,99,98,99,98,88,88,0,0,0,1,0
48,481691,2,2,0,0,0,3,3,215,4197,23,7,2013,3,11,26,0,16,5,W NOLANA AVE,N 12TH ST,0,26.23971389,-98.22638611,0,12,6,0,2,2,0,1,1,1,0,1,0,0000000,99,99,99,99,99,99,0,0,0,1,0
48,481692,1,1,0,1,1,1,1,291,0,23,7,2013,3,22,28,0,4,8,FM160,,8,30.07383333,-94.66956389,0,8,0,0,1,1,0,1,2,1,0,1,0,0000000,99,98,99,98,88,88,0,0,0,1,0
48,481693,1,1,0,0,0,1,1,113,2310,24,7,2013,4,8,44,1,11,1,I-635,,22,32.90931667,-96.92980833,0,35,0,0,1,1,0,4,1,1,0,1,0,0000000,88,88,88,88,88,88,0,0,0,1,0
48,481694,2,2,0,0,0,2,2,121,6881,24,7,2013,4,3,28,0,16,5,SAM RAYBURN TW,,0,33.08397222,-96.84777778,0,12,2,0,1,1,0,1,3,1,0,1,0,0000000,99,99,99,99,99,99,0,0,0,1,2
48,481695,2,2,0,0,0,3,3,279,0,24,7,2013,4,7,54,1,2,2,US-84,,280,33.87978333,-102.2654833,0,12,1,0,1,1,0,1,1,1,0,1,0,0000000,99,98,99,98,88,88,0,0,0,2,0
48,481696,3,3,0,0,0,6,6,439,260,24,7,2013,4,2,20,1,11,1,I-30,,243,32.75985833,-97.14882222,0,12,1,0,1,1,0,1,2,1,0,1,0,0000000,2,20,2,28,2,41,0,0,0,3,1
48,481698,1,1,0,0,0,1,1,467,0,24,7,2013,4,1,49,0,6,4,CR-1117,,0,32.659775,-95.82141389,0,42,0,0,1,1,0,4,2,1,0,1,0,0000000,88,88,88,88,88,88,0,0,0,1,1
48,481699,3,3,0,0,0,3,3,15,0,25,7,2013,5,20,12,0,6,4,CR-NEW WEHDEM RD,,0,30.079,-96.37304722,0,12,6,0,8,1,0,1,5,10,0,10,0,0000000,99,98,99,98,88,88,0,0,0,1,0
48,481700,1,1,0,2,2,2,2,29,0,25,7,2013,5,21,34,0,6,4,CR-WEICHOLD RD,,0,29.46988889,-98.31036944,0,8,0,0,1,1,0,1,2,1,0,1,0,0000000,99,99,99,99,99,99,0,0,0,1,0
48,481701,2,2,0,0,0,2,2,85,92,25,7,2013,5,23,45,0,16,5,WATTERS RD,,0,33.14076667,-96.67685833,0,33,0,0,1,1,0,4,3,1,0,1,0,0000000,23,56,0,17,0,35,0,0,0,1,1
48,481702,2,2,0,0,0,3,3,93,0,25,7,2013,5,14,1,0,3,3,SR-36,,57,31.87233056,-98.49601944,0,12,6,0,8,1,0,1,1,1,0,1,0,0000000,88,88,88,88,88,88,0,0,0,2,0
48,481703,2,2,0,0,0,3,3,181,0,25,7,2013,5,21,20,0,3,2,US-377,,21,33.84483056,-96.83588056,0,11,0,0,1,1,0,1,2,1,0,1,0,0000000,21,26,21,59,23,17,0,0,0,1,0
48,481704,1,1,0,1,1,1,1,113,1730,20,7,2013,7,16,34,0,16,5,PRESTONWOOD  BLVD,BELT LINE RD,0,32.95408056,-96.81369722,0,8,0,0,3,2,0,1,1,2,0,2,0,0000000,16,35,16,40,17,7,0,0,0,1,0
48,481705,2,2,0,0,0,2,2,351,0,25,7,2013,5,13,10,0,5,8,FM 2460,CR-4067,52,30.62575,-93.74818056,0,12,6,0,2,3,0,1,1,1,0,1,0,0000000,88,88,88,88,88,88,0,0,0,1,0
48,481706,1,1,0,0,0,1,1,485,7490,25,7,2013,5,0,34,0,16,5,HARRISON ST,SPEEDWAY AVE,0,33.88806944,-98.51186944,0,33,0,0,3,2,0,4,2,1,0,1,0,0000000,0,36,0,43,1,1,0,0,0,1,0
48,481707,2,2,0,0,0,2,2,91,0,26,7,2013,6,6,25,0,5,8,FM1102/HUNTER RD,,83,29.7831,-98.05586944,0,12,6,0,8,1,0,1,4,1,0,1,0,0000000,6,37,7,5,7,39,0,0,0,1,0
48,481708,1,1,0,0,0,1,1,113,1730,26,7,2013,6,16,23,1,13,3,SR-289/PRESTON RD,,83,32.88089444,-96.80403889,0,30,0,0,1,1,0,3,1,1,0,1,0,0000000,16,26,16,30,16,49,0,0,0,1,0
48,481709,1,1,0,1,1,1,1,291,157,26,7,2013,6,4,36,1,13,2,US-90/MAIN ST,,179,30.053,-94.74028056,0,8,0,0,1,1,0,1,2,1,0,1,0,0000000,88,88,88,88,88,88,0,0,0,1,0
48,481710,2,2,0,0,0,2,2,321,0,26,7,2013,6,21,48,0,4,3,SR-60,,91,29.02273056,-95.97441111,0,12,6,0,8,1,0,1,2,1,0,1,0,0000000,88,88,88,88,88,88,0,0,0,1,0
48,481711,2,2,0,0,0,6,6,321,470,26,7,2013,6,21,50,0,13,3,SR-60,GRACE ST,111,28.99226389,-95.97041944,0,12,6,0,2,2,0,1,2,1,0,1,0,0000000,99,99,99,99,99,99,0,0,0,1,0
48,481712,1,1,0,0,0,1,1,329,4560,26,7,2013,6,2,11,1,2,3,SR-349,,87,31.96502778,-102.2506472,0,52,0,0,1,1,0,4,3,1,0,1,0,0000000,88,88,88,88,88,88,0,0,0,1,0
48,481713,2,2,0,0,0,3,3,21,460,27,7,2013,7,14,30,1,12,3,SR-21,SL 150,0,30.11123056,-97.29351944,0,12,6,0,2,4,0,1,1,1,0,1,0,0000000,88,88,88,88,88,88,0,0,0,1,0
48,481714,1,1,0,0,0,1,1,29,6090,27,7,2013,7,2,34,1,11,1,I-35 ELMIRA ST,,230,29.43599444,-98.4956,0,33,0,0,1,1,0,4,3,2,0,2,0,0000000,88,88,88,88,88,88,0,0,0,1,1
48,481715,1,1,0,0,0,1,1,85,6072,27,7,2013,7,8,4,0,16,5,ST PAUL RD,,0,33.04981667,-96.53552222,0,53,0,0,1,1,0,4,1,1,0,1,0,0000000,88,88,88,88,88,88,0,0,0,1,0
48,481716,1,1,0,0,0,4,4,113,1730,27,7,2013,7,15,9,0,16,5,DOLPHIN RD,,0,32.77867222,-96.73772778,0,43,0,0,1,1,0,3,1,1,0,1,0,0000000,15,11,15,14,15,36,0,0,0,1,0
48,481717,1,1,0,0,0,2,2,113,3420,27,7,2013,7,23,39,0,16,5,PRES GEORGE BUSH TRNPK/SR-161,,0,32.88658333,-96.98329444,0,1,0,1,19,1,0,4,3,1,0,1,0,0000000,23,40,23,44,0,7,0,0,0,1,0
48,481718,2,2,0,0,0,5,5,215,4197,27,7,2013,7,2,43,1,13,3,SR-336 10TH ST,FM 495 PECAN BLVD,65,26.217825,-98.2276,0,12,6,0,2,2,0,1,3,1,0,1,0,0000000,99,99,99,99,99,99,0,0,0,2,1
48,481719,2,2,0,0,0,3,3,375,150,27,7,2013,7,0,37,1,12,7,US-87 FILLMORE ST,9TH AVE,303,35.20424167,-101.8351583,0,12,6,0,2,2,0,1,3,1,0,1,0,0000000,0,36,0,41,1,2,0,0,0,1,1
48,481720,1,1,0,0,0,1,1,439,260,27,7,2013,7,2,15,1,12,1,I-35 RONALD REAGAN MEMORIAL,,115,32.67783889,-97.06438333,0,24,0,1,5,1,0,4,2,10,0,10,0,0000000,88,88,88,88,88,88,0,0,0,1,1
48,481721,1,1,0,0,0,1,1,439,502,27,7,2013,7,2,40,0,16,5,BEDFORD RD,,0,32.83446944,-97.161,0,1,0,0,1,1,0,4,3,1,0,1,0,0000000,88,88,88,88,88,88,0,0,0,1,0
48,481722,3,3,0,0,0,7,7,481,2130,27,7,2013,7,21,20,1,13,2,US-59,CR-404,231,29.20268056,-96.24435833,0,12,6,0,2,2,0,1,2,1,0,1,0,0000000,88,88,88,88,88,88,0,0,0,1,0
48,481723,1,1,0,1,1,1,1,29,6090,28,7,2013,1,3,30,0,16,5,COMMERCE ST,,0,29.42073889,-98.47439167,0,8,0,0,1,1,0,1,3,1,0,1,0,0000000,88,88,88,88,88,88,0,0,0,1,0
48,481724,2,2,0,0,0,3,3,113,1730,28,7,2013,1,0,44,1,11,1,I-30,,31,32.76918611,-96.80633333,0,1,0,0,1,1,0,1,3,1,0,1,0,0000000,99,99,99,99,99,99,23,0,0,1,2
48,481725,3,3,0,0,0,5,5,121,1190,28,7,2013,1,19,10,0,16,5,SAM RAYBURN TOLLWAY,,0,33.02229444,-96.93425278,0,58,0,1,18,1,0,1,1,1,0,1,0,0000000,19,10,19,14,19,40,0,0,0,1,0
48,481726,1,1,0,1,1,1,1,135,0,28,7,2013,1,13,56,0,6,4,CR-LONG AVE,CR-MARIA DR,0,31.85511944,-102.5224556,0,9,0,0,2,2,0,1,1,1,0,1,0,0000000,13,52,14,3,14,18,0,0,0,1,0
48,481727,5,5,0,0,0,4,4,187,6237,28,7,2013,1,6,13,1,11,1,I-35 RAMP,,13,29.5917,-98.29313056,0,12,1,1,20,1,0,1,3,10,0,10,0,0000000,6,13,6,19,6,48,0,0,0,1,0
48,481728,1,1,0,0,0,1,1,195,0,28,7,2013,1,7,20,0,5,8,FM 1261,,119,36.41579444,-101.2751111,0,38,0,0,1,1,0,4,6,1,0,1,0,0000000,88,88,88,88,88,88,0,0,0,1,1
48,481729,2,2,0,0,0,3,3,201,3280,28,7,2013,1,20,10,0,16,5,REED RD,JUTLAND,0,29.65850278,-95.34883333,0,12,6,0,2,2,0,1,1,1,0,1,0,0000000,20,8,20,13,20,27,0,0,0,1,0
48,481730,1,1,0,0,0,3,3,201,3280,28,7,2013,1,3,12,0,16,5,BELLFORT ST,,0,29.65285,-95.55255556,0,43,0,0,1,1,0,3,3,1,0,1,0,0000000,3,12,3,18,3,47,0,0,0,1,1
48,481731,1,1,0,0,0,3,3,403,0,28,7,2013,1,3,40,0,4,8,FM1592 GRAVELHILL RD,,14,31.41443056,-93.96855833,0,38,0,0,1,1,0,4,2,1,0,1,0,0000000,99,99,99,99,99,99,0,0,0,1,1
48,481732,1,1,0,1,1,1,1,113,1730,29,7,2013,2,20,56,1,12,8,SL12,,216,32.86307222,-96.90078056,0,8,0,0,1,1,0,1,3,1,0,1,0,0000000,21,13,21,18,21,40,0,0,0,1,0
48,481733,1,1,0,1,1,1,1,113,6260,29,7,2013,2,5,0,1,12,7,US-175,,122,32.66504167,-96.57789167,0,8,0,0,1,1,0,1,2,1,0,1,0,0000000,99,98,99,98,88,88,0,0,0,1,0
48,481734,1,1,0,0,0,1,1,223,0,29,7,2013,2,7,0,0,4,8,FM2285,,113,33.23764444,-95.68856111,0,1,0,0,1,1,0,1,1,1,0,1,0,0000000,88,88,88,88,88,88,0,0,0,1,0
48,481735,2,1,1,0,1,5,6,255,0,29,7,2013,2,13,27,0,3,3,SR-72,,101,28.86531389,-97.72486944,0,14,0,0,1,1,0,2,1,1,0,1,0,0000000,13,39,14,11,14,56,0,0,0,1,0
48,481736,1,1,0,0,0,1,1,299,0,29,7,2013,2,0,32,0,3,3,SR-29,,78,30.76839167,-98.54555278,0,38,0,0,1,1,0,4,2,1,0,1,0,0000000,88,88,88,88,88,88,0,0,0,1,1
48,481737,1,1,0,0,0,1,1,353,6720,29,7,2013,2,10,30,1,11,1,I-20,,193,32.48215556,-100.3593667,0,31,0,1,5,1,0,10,1,10,0,10,0,0000000,88,88,88,88,88,88,0,0,0,1,0
48,481738,2,1,1,4,4,1,1,439,2450,29,7,2013,2,1,20,1,11,1,I-820,,54,32.75361667,-97.47911389,0,8,0,0,1,1,0,2,2,1,0,1,0,0000000,1,21,1,29,1,55,19,0,0,2,0
48,481739,1,1,0,0,0,4,4,351,0,30,7,2013,3,15,5,0,6,4,CR-4570,,0,30.63879722,-93.70859167,0,5,0,0,1,1,0,1,1,1,0,1,0,0000000,15,13,15,48,16,39,0,0,0,1,0
48,481740,1,1,0,0,0,2,2,367,5705,30,7,2013,3,7,15,0,5,8,FM2257 KNOB HILL RD,,135,32.97954444,-97.60971944,0,32,0,0,1,1,0,4,1,10,0,10,0,0000000,99,99,99,99,99,99,0,0,0,1,0
48,481741,1,1,0,0,0,4,4,371,0,31,7,2013,4,2,30,1,1,1,I-10,,684,30.8924,-102.38855,0,1,0,0,1,1,0,1,2,1,0,1,0,0000000,2,44,3,12,3,34,0,0,0,1,0
48,481742,1,1,0,1,1,1,1,491,0,31,7,2013,4,5,49,1,1,7,I-35,,209,30.76875,-97.6277,0,8,0,0,1,1,0,1,2,1,0,1,0,0000000,99,99,99,99,99,99,0,0,0,1,0
48,481743,1,1,0,0,0,1,1,53,4310,28,5,2013,3,11,48,0,4,8,FM1431,,101,30.59130556,-98.29611944,0,33,0,0,1,1,0,4,1,1,0,1,0,0000000,11,47,11,52,13,15,0,0,0,1,0
48,481744,1,1,0,0,0,1,1,479,3899,1,6,2013,7,7,14,1,2,8,FM1472/MINES RD,,83,27.65348056,-99.61436944,0,1,0,0,1,1,0,4,2,1,0,1,0,0000000,88,88,88,88,88,88,0,0,0,1,0
48,481745,2,2,0,1,1,3,3,245,5430,8,6,2013,7,3,57,0,16,5,PROCTOR ST,,0,29.89523333,-93.91281944,0,8,0,0,1,1,0,1,3,10,0,10,0,0000000,88,88,88,88,88,88,0,0,0,1,0
48,481746,1,1,0,0,0,2,2,281,0,12,6,2013,4,15,19,1,13,2,US-281,,255,31.0877,-98.18845,0,35,0,0,1,1,0,4,1,1,0,1,0,0000000,15,21,15,27,15,53,0,0,0,1,0
48,481747,2,2,0,0,0,3,3,479,3899,15,6,2013,7,6,48,1,13,8,SL-20/BOB BULLOCK LOOP,CLARK BLVD,197,27.51666667,-99.44883611,0,12,6,0,2,2,0,1,1,1,0,1,0,0000000,6,48,6,55,7,15,0,0,0,1,1
48,481748,1,1,0,0,0,1,1,245,4840,2,7,2013,3,20,8,1,12,2,US-69,,121,29.96753056,-94.02035556,0,25,0,0,1,1,0,3,1,1,0,1,0,0000000,88,88,88,88,88,88,0,0,0,1,0
48,481749,1,1,0,0,0,1,1,201,0,11,7,2013,5,1,4,1,11,7,I-45,,459,30.06769167,-95.43509167,0,33,0,0,1,1,0,4,2,1,0,1,0,0000000,99,99,99,99,99,99,0,0,0,1,0
48,481750,1,1,0,0,0,1,1,201,0,14,7,2013,1,19,56,0,6,4,CR-CLAY RD,,0,29.83481389,-95.65525,0,42,0,0,1,1,0,3,2,2,0,2,0,0000000,99,99,99,99,99,99,0,0,0,1,1
48,481751,2,2,0,0,0,3,3,451,0,14,7,2013,1,16,3,0,5,8,FM1692 N HEDWIG RD,BLEDSOE RD,10,31.45939722,-100.1409167,0,12,6,0,2,2,0,1,1,1,0,1,0,0000000,16,3,16,26,17,28,0,0,0,1,0
48,481752,2,2,0,0,0,2,2,453,330,16,7,2013,3,12,4,1,12,7,US-183 RESEARCH BLVD,DUVAL RD,17,30.41905833,-97.74644722,0,12,6,0,2,2,0,1,1,1,0,1,0,0000000,12,4,12,6,12,29,0,0,0,1,0
48,481753,2,2,0,0,0,2,2,453,330,19,7,2013,6,12,34,1,13,8,FM969 E M L KING JR BLVD,,139,30.28596111,-97.66738333,0,12,2,0,1,1,0,1,1,1,0,1,0,0000000,12,37,12,45,13,2,0,0,0,1,0
48,481754,2,2,0,0,0,2,2,453,330,19,7,2013,6,21,59,0,3,8,FM2304 MANCHACA RD,,58,30.16462222,-97.82935278,0,12,6,0,8,1,0,1,3,1,0,1,0,0000000,99,98,99,98,88,88,0,0,0,1,0
48,481755,1,1,0,0,0,1,1,309,4095,21,7,2013,1,21,53,1,1,1,I-35,,30,31.39496944,-97.20896944,0,26,0,0,1,1,1,4,2,1,0,1,0,0000000,88,88,88,88,88,88,0,0,0,1,0
48,481756,2,2,0,0,0,2,2,453,330,21,7,2013,1,3,21,0,16,5,MCCALLEN PASS DR,,0,30.40318056,-97.66896111,0,12,2,0,1,1,0,1,2,1,0,1,0,0000000,3,22,3,26,3,59,0,0,0,1,1
48,481757,1,1,0,0,0,7,7,479,0,24,7,2013,4,23,45,0,4,3,SR-359,,212,27.46282778,-99.17142778,0,38,0,0,1,1,0,4,2,1,0,1,0,0000000,99,99,99,99,99,99,0,0,0,1,0
48,481758,2,2,0,0,0,2,2,453,330,25,7,2013,5,7,15,1,13,8,RM620,,153,30.45029167,-97.82980833,0,12,8,0,8,1,0,1,1,1,0,1,0,0000000,99,98,99,98,88,88,0,0,0,1,0
48,481759,1,1,0,0,0,1,1,215,0,28,7,2013,1,1,30,0,6,4,CR-MILE 6 W RD,,0,26.25425,-98.00865,0,30,0,0,1,1,0,4,2,1,0,1,0,0000000,88,88,88,88,88,88,0,0,0,1,1
48,481760,1,1,0,0,0,6,6,291,9997,30,7,2013,3,0,15,0,3,3,SR-146,,110,29.88698056,-94.89447778,0,32,0,0,1,1,0,4,2,1,0,1,0,0000000,0,23,0,39,1,8,0,0,0,1,0
48,481761,1,1,0,0,0,4,4,73,0,1,8,2013,5,17,55,1,2,2,US-79,,19,31.97475556,-95.17885,0,1,0,0,1,1,0,4,1,1,0,1,0,0000000,18,6,18,11,18,25,0,0,0,1,0
48,481762,1,1,0,0,0,1,1,163,0,1,8,2013,5,17,57,1,2,8,BI 35E N. OAK ST,,26,28.90684722,-99.09072778,0,30,0,0,1,1,0,4,1,1,0,1,0,0000000,99,99,99,99,88,88,0,0,0,1,0
48,481763,3,3,0,0,0,3,3,209,0,1,8,2013,5,9,18,1,2,3,SR-21 CAMINO REAL HWY,,154,30.01807778,-97.71603611,0,12,6,0,8,1,0,1,1,1,0,1,0,0000000,99,99,99,99,99,99,0,0,0,1,0
48,481764,2,2,0,0,0,7,7,265,0,1,8,2013,5,17,0,0,4,3,SR-41,SR-27 JUNCTION HWY,212,30.17907778,-99.37440556,0,12,6,0,2,2,0,1,1,1,0,1,0,0000000,17,5,17,26,18,38,0,0,0,1,0
48,481765,1,1,0,0,0,3,3,291,0,1,8,2013,5,15,4,1,2,2,US-59,,10,30.37825833,-95.06894444,0,1,0,0,1,1,0,4,1,1,0,1,0,0000000,99,99,99,99,99,99,0,0,0,2,0
48,481766,1,1,0,0,0,1,1,1,0,2,8,2013,6,23,50,0,4,8,FM 19,,120,32.028425,-95.48871389,0,1,0,0,1,1,0,4,2,1,0,1,0,0000000,99,99,99,99,99,99,0,0,0,1,1
48,481767,1,1,0,1,1,1,1,113,1730,2,8,2013,6,6,30,0,16,5,FITZHUGH AVE ALLEY,,0,32.81116944,-96.78092222,0,8,0,0,1,1,0,1,9,1,0,1,0,0000000,6,48,6,53,7,8,0,0,0,1,0
48,481768,1,1,0,0,0,2,2,121,6881,2,8,2013,6,13,34,1,13,8,FM 423 MAIN ST,,32,33.10743611,-96.89190556,0,24,0,0,1,1,0,4,1,1,0,1,0,0000000,88,88,88,88,88,88,0,0,0,1,0
48,481769,2,2,0,0,0,4,4,329,9997,2,8,2013,6,8,52,1,13,8,BI 20E,,12,31.89535833,-102.2692639,0,12,6,0,7,1,0,1,1,1,0,1,0,0000000,8,49,9,2,9,45,0,0,0,1,0
48,481770,2,2,0,0,0,3,3,365,0,2,8,2013,6,23,1,0,5,8,FM 999,,111,31.99003056,-94.44375,0,12,6,0,1,1,0,1,2,1,0,1,0,0000000,23,4,23,24,0,17,0,0,0,1,0
48,481771,1,1,0,0,0,1,1,401,3120,2,8,2013,6,1,47,1,13,2,US-259 KILGORE DR,SR-322,68,32.18961111,-94.80422222,0,18,0,0,3,3,0,4,3,1,0,1,0,0000000,1,56,2,6,2,48,0,0,0,1,1
48,481772,1,1,0,0,0,1,1,453,330,2,8,2013,6,1,2,1,11,7,I-35,,287,30.411425,-97.67429167,0,33,0,0,1,1,0,4,3,1,0,1,0,0000000,88,88,88,88,88,88,0,0,0,1,1
48,481773,2,2,0,0,0,2,2,497,5710,2,8,2013,6,1,54,0,3,3,SR-114,,19,33.03915,-97.443825,0,12,1,0,1,1,0,1,2,1,0,1,0,0000000,2,2,2,18,2,45,0,0,0,1,0
48,481774,1,1,0,0,0,1,1,61,3030,3,8,2013,7,3,0,1,14,8,FM106,,23,26.19113333,-97.62101389,0,1,0,0,1,1,0,4,2,1,0,1,0,0000000,99,99,99,99,99,99,0,0,0,1,1
48,481775,1,1,0,0,0,1,1,85,5390,3,8,2013,7,15,35,0,16,5,COIT RD,W PLANO PKWY,0,33.01024722,-96.766725,0,33,0,0,3,2,0,3,1,1,0,1,0,0000000,15,36,15,40,15,49,0,0,0,1,1
48,481776,2,2,0,0,0,4,4,113,1730,3,8,2013,7,4,15,1,13,2,US-175,,23,32.76190556,-96.77168889,0,12,2,0,1,1,0,1,3,1,0,1,0,0000000,99,99,4,17,4,36,0,0,0,4,2
48,481777,1,1,0,0,0,1,1,113,2800,3,8,2013,7,16,4,1,11,1,I-30,,4,32.759725,-97.02878889,0,52,0,1,19,1,0,4,1,1,0,1,0,0000000,88,88,88,88,88,88,0,0,0,1,0
48,481778,1,1,0,0,0,1,1,157,5970,3,8,2013,7,2,30,1,2,2,US-59 SOUTHWEST FWY,,202,29.53477778,-95.85394722,0,1,0,0,1,1,0,4,2,1,0,1,0,0000000,88,88,88,88,88,88,0,0,0,1,1
48,481779,2,2,0,0,0,4,4,181,0,3,8,2013,7,18,1,0,3,2,US-377,LYNCH CROSSING RD,55,33.59175833,-96.91198889,0,12,6,0,2,3,0,1,1,1,0,1,0,0000000,99,99,99,99,99,99,0,0,0,1,0
48,481780,1,1,0,0,0,1,1,231,2860,3,8,2013,7,17,6,1,11,1,I-30 RAMP,,170,33.13530833,-96.07308056,0,58,0,0,5,1,0,4,1,1,0,1,0,0000000,17,14,17,42,17,50,0,0,0,1,0
48,481781,2,2,0,0,0,2,2,251,1030,3,8,2013,7,0,21,0,2,3,SR-174 SW WILSHIRE BLVD,,158,32.48763611,-97.37584167,0,12,2,0,1,1,0,1,2,1,0,1,0,0000000,0,26,0,29,1,4,0,0,0,1,1
48,481782,2,2,0,0,0,2,2,329,4560,3,8,2013,7,0,1,0,5,3,SR-191,,67,31.98178611,-102.2217861,0,12,7,0,1,1,0,1,3,1,0,1,0,0000000,99,98,99,98,88,88,0,0,0,1,0
48,481783,1,1,0,0,0,1,1,373,5095,3,8,2013,7,2,53,0,3,8,FM356,,32,30.83361389,-95.12979722,0,32,0,0,1,1,0,4,2,1,0,1,0,0000000,88,88,88,88,88,88,0,0,0,1,0
48,481784,1,1,0,0,0,2,2,381,0,3,8,2013,7,19,52,0,6,4,CR-MCCORMICK RD,,0,35.072425,-101.8750639,0,32,0,0,1,1,0,4,1,1,0,1,0,0000000,99,98,99,98,88,88,0,0,0,2,1
48,481785,1,1,0,0,0,2,2,397,1730,3,8,2013,7,14,0,1,11,1,I-30,,26,32.88805278,-96.49325833,0,25,0,0,1,1,0,3,1,1,0,1,0,0000000,99,99,99,99,99,99,0,0,0,1,0
48,481786,1,1,0,0,0,2,2,413,0,3,8,2013,7,0,20,1,2,2,US-277,,123,30.92281944,-100.5844889,0,1,0,0,1,1,0,4,2,1,0,1,0,0000000,0,31,1,6,1,49,0,0,0,1,1
48,481787,2,2,0,0,0,7,7,451,0,3,8,2013,7,6,59,1,2,2,US-87,,222,31.58849167,-100.6142139,0,18,0,0,1,1,0,1,1,1,0,1,0,0000000,7,5,7,9,7,50,0,0,0,1,0
48,481788,2,2,0,1,1,1,1,61,0,4,8,2013,1,21,2,1,3,3,SR-48,,19,25.96170833,-97.40563611,0,8,0,0,1,1,0,1,2,1,0,1,0,0000000,21,12,21,27,21,43,23,0,0,1,1
48,481789,2,2,0,0,0,7,7,215,0,4,8,2013,1,0,8,0,4,8,FM492 N DOFFING RD,CR-MILE 4 RD,61,26.28178056,-98.37781667,0,12,6,0,2,3,0,1,2,1,0,1,0,0000000,99,99,99,99,99,99,0,0,0,1,1
48,481790,1,1,0,0,0,1,1,251,1370,4,8,2013,1,6,32,0,14,8,FM4,E 2ND ST,12,32.34640278,-97.36663889,0,1,0,0,3,4,0,4,2,1,0,1,0,0000000,99,99,99,99,88,88,0,0,0,1,0
48,481791,1,1,0,0,0,2,2,337,0,4,8,2013,1,2,12,0,4,8,FM677,,72,33.61805833,-97.51713889,0,1,0,0,1,1,1,4,2,1,0,1,0,0000000,2,16,2,41,99,99,0,0,0,1,1
48,481792,1,1,0,0,0,2,2,433,0,4,8,2013,1,0,20,0,3,3,SR-283,,325,33.110675,-100.0363528,0,5,0,0,1,1,0,1,2,1,0,1,0,0000000,0,36,0,53,1,7,0,0,0,1,1
48,481793,1,1,0,0,0,2,2,459,0,4,8,2013,1,9,10,0,5,8,FM49,,42,32.72245833,-95.08572778,0,35,0,0,1,1,0,4,1,1,0,1,0,0000000,9,14,9,24,9,54,0,0,0,1,0
48,481794,1,1,0,0,0,1,1,29,6090,5,8,2013,2,21,46,0,16,5,W BITTERS RD,,0,29.58141389,-98.50404444,0,33,0,0,1,1,0,4,3,1,0,1,0,0000000,88,88,88,88,88,88,0,0,0,1,1
48,481795,1,1,0,1,1,1,1,29,6090,5,8,2013,2,2,45,0,16,5,THOUSAND OAKS DR,,0,29.53416389,-98.39112778,0,8,0,0,1,1,0,1,3,1,0,1,0,0000000,99,98,99,98,88,88,0,0,0,1,0
48,481796,1,1,0,0,0,7,7,37,0,5,8,2013,2,6,40,1,1,1,I-30,,266,33.47158611,-94.30920833,0,1,0,0,1,1,0,4,4,1,0,1,0,0000000,6,43,6,52,7,41,0,0,0,3,0