STATE,ST_CASE,VE_TOTAL,VE_FORMS,PVH_INVL,PEDS,PERNOTMVIT,PERMVIT,PERSONS,COUNTY,CITY,DAY,MONTH,YEAR,DAY_WEEK,HOUR,MINUTE,NHS,ROAD_FNC,ROUTE,TWAY_ID,TWAY_ID2,MILEPT,LATITUDE,LONGITUD,SP_JUR,HARM_EV,MAN_COLL,RELJCT1,RELJCT2,TYP_INT,WRK_ZONE,REL_ROAD,LGT_COND,WEATHER1,WEATHER2,WEATHER,SCH_BUS,RAIL,NOT_HOUR,NOT_MIN,ARR_HOUR,ARR_MIN,HOSP_HR,HOSP_MN,CF1,CF2,CF3,FATALS,DRUNK_DR
48,481797,1,1,0,0,0,1,1,105,0,5,8,2013,2,8,24,0,4,8,RM2083 PANDALE RD,,33,30.65300833,-101.2717444,0,38,0,0,1,1,0,4,1,1,0,1,0,0000000,88,88,88,88,88,88,0,0,0,1,0
48,481798,2,2,0,0,0,4,4,121,1840,5,8,2013,2,16,30,1,13,8,SL288,,34,33.18798889,-97.10603056,0,12,6,0,8,1,0,1,1,1,0,1,0,0000000,99,98,99,98,88,88,0,0,0,1,0
48,481799,2,2,0,0,0,2,2,375,150,5,8,2013,2,7,23,0,14,8,SL279 BUSHLAND BLVD,,179,35.20614722,-101.8878361,0,12,6,0,8,1,0,1,1,1,0,1,0,0000000,99,99,7,23,7,37,0,0,0,1,0
48,481800,1,1,0,0,0,1,1,177,0,6,8,2013,3,0,25,1,1,1,I-10,,15,29.652175,-97.53149444,0,52,0,0,1,1,0,4,2,1,0,1,0,0000000,99,99,99,99,99,99,0,0,0,1,0
48,481801,4,4,0,0,0,4,4,201,3280,6,8,2013,3,6,56,1,13,8,FM 1093,ELDRIDGE PKWY,43,29.73593889,-95.62385833,0,12,6,0,2,2,0,1,1,1,0,1,0,0000000,7,5,7,11,7,48,20,0,0,1,1
48,481802,2,2,0,0,0,3,3,213,0,6,8,2013,3,20,56,0,4,8,FM 315,,66,32.26861944,-95.50309722,0,12,6,0,1,1,0,1,2,1,0,1,0,0000000,21,0,21,21,21,57,0,0,0,1,1
48,481803,1,1,0,0,0,2,2,427,0,6,8,2013,3,23,43,0,6,4,CR-ALVAREZ RD,,0,26.39554167,-98.89965,0,42,0,0,1,1,0,4,3,1,0,1,0,0000000,23,46,23,55,0,19,0,0,0,2,1
48,481804,1,1,0,0,0,1,1,457,0,6,8,2013,3,5,25,0,3,2,US-190,,82,30.83341944,-94.29762778,0,53,0,0,1,1,0,4,2,1,0,1,0,0000000,88,88,88,88,88,88,0,0,0,1,0
48,481805,1,1,0,0,0,2,2,463,0,6,8,2013,3,15,29,0,3,2,US-83,,187,29.40808333,-99.75060278,0,42,0,0,1,1,0,4,1,1,0,1,0,0000000,88,88,88,88,88,88,0,0,0,1,0
48,481806,1,1,0,1,1,1,1,91,4870,7,8,2013,4,6,50,1,11,1,I-35,,159,29.747925,-98.05702778,0,8,0,0,1,1,0,1,4,1,0,1,0,0000000,88,88,88,88,88,88,0,0,0,1,0
48,481807,1,1,0,0,0,4,4,109,0,7,8,2013,4,7,35,1,1,1,I-10,,17,31.07125556,-104.3883222,0,35,0,0,1,1,0,3,1,1,0,1,0,0000000,99,99,99,99,99,99,0,0,0,1,0
48,481808,2,2,0,0,0,2,2,303,4140,7,8,2013,4,22,13,1,12,8,SL 289,SLIDE RD,183,33.59612222,-101.923225,0,12,6,1,2,2,0,1,3,1,0,1,0,0000000,22,15,22,22,22,31,0,0,0,1,0
48,481809,1,1,0,0,0,1,1,349,0,7,8,2013,4,1,4,1,1,7,I-45,,262,32.16527778,-96.46996389,0,24,0,1,19,1,0,4,2,1,0,1,0,0000000,1,27,1,40,2,21,0,0,0,1,0
48,481810,1,1,0,0,0,1,1,349,0,7,8,2013,4,16,35,0,6,4,CR-2190,,0,32.00296389,-96.3044,0,38,0,0,1,1,0,4,1,1,0,1,0,0000000,88,88,88,88,88,88,0,0,0,1,0
48,481811,1,1,0,0,0,1,1,507,0,7,8,2013,4,19,30,0,3,2,US-57,,265,28.94188333,-99.42921389,0,1,0,0,1,1,0,4,1,1,0,1,0,0000000,99,99,99,99,99,99,0,0,0,1,0
48,481812,1,1,0,0,0,1,1,85,2282,8,8,2013,5,11,32,1,12,2,US-75 CENTRAL EXPY,,42,33.135725,-96.65429444,0,1,0,0,1,1,0,1,1,1,0,1,0,0000000,11,29,11,36,12,17,0,0,0,1,0
48,481813,2,2,0,0,0,2,2,19,0,9,8,2013,6,14,18,0,4,8,FM 1283,,76,29.62602222,-98.93665278,0,12,6,0,4,1,0,1,1,1,0,1,0,0000000,88,88,88,88,88,88,0,0,0,1,0
48,481814,1,1,0,1,1,2,2,135,5030,9,8,2013,6,21,46,1,13,8,BI 20E 2ND ST,,113,31.85887222,-102.3394972,0,8,0,0,1,1,0,1,1,1,0,1,0,0000000,21,47,21,52,22,3,0,0,0,1,0
48,481815,1,1,0,0,0,1,1,201,480,9,8,2013,6,13,2,1,12,8,SP 330 DECKER DR,,40,29.75698056,-94.997775,0,24,0,1,19,1,0,8,1,1,0,1,0,0000000,88,88,88,88,88,88,0,0,0,1,0
48,481816,2,2,0,0,0,2,2,215,5330,9,8,2013,6,15,54,1,13,2,US-281 S. CAGE BLVD,ANAYA RD,474,26.10886667,-98.19850278,0,12,6,0,2,2,0,1,1,1,0,1,0,0000000,99,99,99,99,99,99,0,0,0,1,0
48,481817,6,6,0,0,0,9,9,217,0,9,8,2013,6,16,30,1,1,1,I-35W,,204,32.11958056,-97.115825,0,12,1,0,1,1,1,1,1,1,0,1,0,0000000,16,36,16,50,17,3,3,0,0,1,0
48,481818,2,2,0,0,0,3,3,97,0,10,8,2013,7,16,13,0,4,8,FM 902,,107,33.55334722,-96.95377778,0,12,6,0,1,1,0,4,1,1,0,1,0,0000000,16,17,16,47,17,12,0,0,0,1,1
48,481819,1,1,0,0,0,1,1,201,3280,10,8,2013,7,21,0,0,16,5,HARVARD ST,WHITNEY ST,0,29.83055833,-95.39935556,0,34,0,0,3,2,0,4,2,2,0,2,0,0000000,88,88,88,88,88,88,0,0,0,1,1
48,481820,2,2,0,0,0,2,2,453,330,10,8,2013,7,1,19,1,12,3,SR-71 BEN WHITE BLVD,RIVERSIDE DR,90,30.21816667,-97.69054444,0,12,1,1,3,2,0,1,3,1,0,1,0,0000000,1,21,1,23,1,58,0,0,0,1,0
48,481821,1,1,0,0,0,1,1,497,0,10,8,2013,7,17,30,0,5,8,FM2952,,55,33.24068889,-97.82891944,0,1,0,0,1,1,0,4,1,1,0,1,0,0000000,88,88,88,88,88,88,0,0,0,1,1
48,481822,1,1,0,0,0,1,1,31,0,11,8,2013,1,14,42,0,4,8,RM32,,28,30.06370278,-98.383475,0,1,0,0,1,1,0,4,1,1,0,1,0,0000000,99,98,99,98,88,88,0,0,0,1,1
48,481823,1,1,0,0,0,3,3,105,0,11,8,2013,1,18,15,1,1,1,I-10,,41,30.72177222,-101.7605944,0,39,0,0,1,1,0,4,1,1,0,1,0,0000000,18,18,18,46,19,50,0,0,0,2,0
48,481824,4,4,0,0,0,5,5,177,0,11,8,2013,1,21,3,0,4,3,SR-97,,89,29.465375,-97.45593333,0,12,8,0,1,1,0,1,2,1,0,1,0,0000000,99,99,99,99,99,99,0,0,0,1,1
48,481825,2,2,0,0,0,3,3,201,3280,11,8,2013,1,18,31,0,16,5,WOODLAND HILLS DR,TREE LN,0,30.05946944,-95.21197778,0,12,6,0,2,2,0,1,1,1,0,1,0,0000000,99,98,99,98,88,88,0,0,0,1,1
48,481826,2,2,0,0,0,9,9,259,0,11,8,2013,1,14,14,0,4,3,SR-27,8TH ST,13,29.96754444,-98.90544722,0,12,6,0,2,2,0,1,1,1,0,1,0,0000000,14,16,14,27,15,41,0,0,0,1,0
48,481827,1,1,0,0,0,1,1,439,2450,11,8,2013,1,3,0,1,11,1,I-820 JIM WRIGHT FWY,,149,32.83865556,-97.35753611,0,24,0,0,1,1,0,3,2,1,0,1,0,0000000,88,88,88,88,88,88,0,0,0,1,0
48,481828,2,2,0,0,0,3,3,91,0,12,8,2013,2,9,1,1,2,3,SR-46,,130,29.80532778,-98.36996944,0,12,1,0,8,1,0,1,1,1,0,1,0,0000000,9,11,9,25,9,52,0,0,0,1,0
48,481829,2,2,0,0,0,2,2,113,1730,12,8,2013,2,19,37,0,16,5,N ADAMS AVE,W 9TH ST,0,32.74638056,-96.830225,0,12,6,0,2,2,0,1,1,1,0,1,0,0000000,19,41,19,46,19,56,0,0,0,1,0
48,481830,2,2,0,0,0,3,3,129,0,12,8,2013,2,15,25,1,2,2,US-287,,154,34.92013611,-100.8432,0,12,1,0,1,1,0,1,1,2,0,2,0,0000000,15,34,15,45,17,0,0,0,0,1,0
48,481831,1,1,0,1,1,1,1,201,3280,12,8,2013,2,19,25,0,16,5,MEMORIAL DR,MEMORIAL LOOP DR,0,29.76450556,-95.43112778,0,9,0,0,2,2,0,1,1,1,0,1,0,0000000,19,29,19,36,20,4,0,0,0,1,0
48,481832,4,4,0,0,0,12,12,215,0,12,8,2013,2,15,25,0,14,8,FM 2221,WESTERN RD,199,26.32748056,-98.39181944,0,12,6,0,2,2,0,1,1,1,0,1,0,0000000,15,24,15,42,16,23,20,0,0,6,0
48,481833,3,3,0,0,0,4,4,349,0,12,8,2013,2,16,15,1,1,1,I-45,,239,32.14372222,-96.46243611,0,12,1,0,1,1,0,1,1,1,0,1,0,0000000,16,25,16,32,17,36,0,0,0,2,0
48,481834,2,2,0,0,0,2,2,453,330,12,8,2013,2,2,10,1,12,2,US-183,,271,30.21427778,-97.68324167,0,12,1,1,20,1,0,1,2,1,0,1,0,0000000,2,9,2,16,3,8,0,0,0,1,0
48,481835,1,1,0,1,1,1,1,69,0,13,8,2013,3,17,33,0,5,8,FM 1524,,106,34.424075,-102.3130861,0,8,0,0,1,1,0,1,1,10,0,10,0,0000000,99,99,99,99,99,99,0,0,0,1,0
48,481836,1,1,0,1,1,1,1,215,5330,13,8,2013,3,6,24,1,12,2,US-281,,69,26.222625,-98.17978611,0,8,0,0,1,1,0,1,3,1,0,1,0,0000000,88,88,88,88,88,88,0,0,0,1,0
48,481837,1,1,0,0,0,2,2,251,1613,13,8,2013,3,13,21,1,2,2,US-377,,25,32.53669444,-97.61417778,0,32,0,0,1,1,0,4,1,1,0,1,0,0000000,13,36,13,46,14,38,0,0,0,1,0
48,481838,1,1,0,1,1,1,1,113,1730,14,8,2013,4,13,40,1,11,1,I-45,,197,32.77438611,-96.77831667,0,25,0,0,1,1,0,4,1,10,0,10,0,0000000,13,47,13,52,14,4,0,0,0,1,0
48,481839,1,1,0,1,1,1,1,153,0,14,8,2013,4,22,30,0,3,2,US-70,,56,34.12578333,-101.4749083,0,8,0,0,1,1,0,1,2,2,0,2,0,0000000,88,88,88,88,88,88,0,0,0,1,0
48,481840,1,1,0,0,0,1,1,185,0,14,8,2013,4,19,34,0,4,8,FM 244,,32,30.533625,-96.01620833,0,42,0,0,1,1,0,4,1,10,0,10,0,0000000,88,88,88,88,88,88,0,0,0,1,0
48,481841,2,2,0,0,0,2,2,265,3670,14,8,2013,4,9,54,1,13,3,SR-27 JUNCTION HWY,MILL RUN W DR,31,30.07343333,-99.19902778,0,12,7,0,2,3,0,1,1,1,0,1,0,0000000,99,98,99,98,88,88,0,0,0,1,0
48,481842,2,2,0,0,0,4,4,309,0,14,8,2013,4,18,19,0,4,8,FM2490 WORTHAM BEND DR,APACHE TRL,39,31.68415833,-97.2801,0,12,6,0,2,2,0,1,1,1,0,1,0,0000000,99,99,99,99,99,99,0,0,0,1,0
48,481843,3,3,0,0,0,3,3,325,0,14,8,2013,4,6,55,0,4,8,FM463,,30,29.24201944,-98.85368611,0,12,6,0,8,1,0,1,4,1,0,1,0,0000000,7,11,7,25,8,2,0,0,0,1,0
48,481844,1,1,0,1,1,1,1,215,5330,15,8,2013,5,21,37,1,13,3,SR-495 FERGUSON AVE,N SUGAR RD,117,26.21328333,-98.193125,0,8,0,0,3,2,0,1,3,1,0,1,0,0000000,99,98,99,98,88,88,0,0,0,1,0
48,481845,2,2,0,0,0,3,3,383,0,15,8,2013,5,17,32,0,3,2,US-67,,101,31.19037222,-101.4370778,0,12,2,0,1,1,0,1,1,1,0,1,0,0000000,17,32,17,33,18,0,0,0,0,1,0
48,481846,1,1,0,0,0,1,1,177,0,16,8,2013,6,2,30,0,4,3,SR-97,,100,29.58298333,-97.36667222,0,1,0,0,1,1,0,4,2,1,0,1,0,0000000,88,88,88,88,88,88,0,0,0,1,1
48,481847,1,1,0,0,0,2,2,255,0,16,8,2013,6,14,11,0,3,3,SR-72,,70,28.76226389,-97.91514444,0,1,0,0,1,1,0,4,1,10,0,10,0,0000000,99,99,99,99,99,99,0,0,0,1,0
48,481848,2,2,0,0,0,4,4,287,0,16,8,2013,6,16,30,0,3,2,US-77,,183,30.290225,-96.94918056,0,12,1,0,1,1,0,1,1,1,0,1,0,0000000,16,34,16,46,17,55,0,0,0,1,1
48,481849,1,1,0,0,0,1,1,289,0,16,8,2013,6,21,30,0,5,8,FM1119,,151,31.12369722,-95.83901389,0,31,0,0,1,1,0,4,2,1,0,1,0,0000000,88,88,88,88,88,88,0,0,0,1,0
48,481850,1,1,0,0,0,1,1,347,0,16,8,2013,6,2,43,0,3,3,SR-7,,105,31.58219722,-94.68940833,0,42,0,0,1,1,0,4,2,1,0,1,0,0000000,88,88,88,88,88,88,0,0,0,1,1
48,481851,1,1,0,0,0,1,1,439,2450,16,8,2013,6,0,58,0,16,5,CLARKE DR,,0,32.82134444,-97.44336944,0,39,0,0,1,1,0,4,2,1,0,1,0,0000000,88,88,88,88,88,88,0,0,0,1,0
48,481852,1,1,0,1,1,1,1,29,6090,17,8,2013,7,20,45,0,16,5,S GEN MCMULLEN DR,WALLACE DR,0,29.41825833,-98.55559722,0,8,0,0,3,3,0,1,3,1,0,1,0,0000000,99,98,99,98,88,88,19,0,0,1,1
48,481853,1,1,0,0,0,1,1,29,6090,17,8,2013,7,17,29,0,16,5,CROSSWINDS WAY,,0,29.5434,-98.37808056,0,33,0,0,1,1,0,4,1,1,0,1,0,0000000,88,88,88,88,88,88,0,0,0,1,0
48,481854,1,1,0,0,0,5,5,67,0,17,8,2013,7,18,22,1,2,2,US-59,,171,33.0903,-94.23292222,0,1,0,0,1,1,0,1,1,1,0,1,0,0000000,18,30,18,34,19,3,0,0,0,2,0
48,481855,1,1,0,1,1,1,1,265,0,17,8,2013,7,23,48,1,13,8,RM783 HARPER RD,,52,30.07768611,-99.15102778,0,8,0,0,1,1,0,1,2,1,0,1,0,0000000,23,48,23,54,0,19,0,0,0,1,0
48,481856,1,1,0,0,0,1,1,157,6660,18,8,2013,1,10,28,0,16,5,7TH ST,,0,29.63086389,-95.61570833,0,42,0,0,1,1,0,4,1,1,0,1,0,0000000,10,39,11,0,11,17,0,0,0,1,0
48,481857,1,1,0,0,0,1,1,181,0,18,8,2013,1,20,51,0,14,3,SR-56,,176,33.62705278,-96.64868333,0,1,0,0,8,1,0,1,2,1,0,1,0,0000000,99,99,99,99,99,99,0,0,0,1,0
48,481858,1,1,0,0,0,1,1,401,0,19,8,2013,2,19,50,0,6,4,CR-447,,0,32.04868333,-94.84069444,0,42,0,0,1,1,0,4,5,1,0,1,0,0000000,88,88,88,88,88,88,0,0,0,1,0
48,481859,2,2,0,0,0,2,2,29,0,20,8,2013,3,13,6,0,3,8,FM1560 GALM RD,,61,29.52421944,-98.71802778,0,12,6,0,8,1,0,1,1,1,0,1,0,0000000,99,98,99,98,88,88,0,0,0,1,0
48,481860,1,1,0,0,0,1,1,29,6090,20,8,2013,3,2,13,1,13,8,SL13,,56,29.35518056,-98.48060278,0,30,0,0,1,1,0,4,3,1,0,1,0,0000000,88,88,88,88,88,88,0,0,0,1,1
48,481861,2,1,1,0,1,1,2,113,1730,21,8,2013,4,0,44,1,11,1,I-10,,84,32.67125278,-96.82244167,0,14,0,0,1,1,0,2,2,10,0,10,0,0000000,88,88,88,88,88,88,23,0,0,1,0
48,481862,1,1,0,1,1,1,1,439,2450,21,8,2013,4,1,30,1,13,8,FM 731,,141,32.60813889,-97.35148333,0,8,0,0,1,1,0,1,2,1,0,1,0,0000000,88,88,88,88,88,88,0,0,0,1,0
48,481863,2,2,0,0,0,4,4,121,1840,22,8,2013,5,6,39,1,13,2,US-377,,12,33.23780556,-97.03291389,0,12,6,0,1,1,0,1,2,1,0,1,0,0000000,6,40,6,49,7,14,0,0,0,1,0
48,481864,1,1,0,0,0,1,1,201,3280,22,8,2013,5,12,20,0,16,5,DACOMA ST,,0,29.80952222,-95.44475833,0,43,0,0,1,1,0,4,1,1,0,1,0,0000000,12,28,12,39,13,10,0,0,0,1,0
48,481866,1,1,0,1,1,2,2,353,0,22,8,2013,5,2,22,1,1,1,I-20,,288,32.48655278,-100.2079583,0,8,0,0,1,1,0,1,3,1,0,1,0,0000000,99,98,99,98,88,88,0,0,0,1,0
48,481867,2,2,0,0,0,2,2,29,6090,23,8,2013,6,23,17,1,11,1,I-35 RAMP,I-410,124,29.31746111,-98.61104722,0,1,0,1,20,1,0,1,3,1,0,1,0,0000000,88,88,88,88,88,88,0,0,0,1,0
48,481868,1,1,0,0,0,2,2,77,0,23,8,2013,6,6,40,0,6,4,CR-4 WIRE RD,,0,33.52956944,-97.99233333,0,42,0,0,1,1,0,4,2,1,0,1,0,0000000,6,31,7,5,8,7,0,0,0,1,0
48,481869,1,1,0,0,0,1,1,439,2450,23,8,2013,6,23,54,0,16,5,GRANBURY RD,,0,32.69191389,-97.36325,0,30,0,0,1,1,0,4,2,1,0,1,0,0000000,88,88,88,88,88,88,0,0,0,1,0
48,481870,1,1,0,1,1,1,1,201,3280,25,8,2013,1,8,30,1,11,1,I-610,,106,29.67978056,-95.45648056,0,8,0,0,1,1,0,1,1,10,0,10,0,0000000,88,88,88,88,88,88,0,0,0,1,0
48,481871,1,1,0,0,0,1,1,439,2450,25,8,2013,1,4,15,1,11,2,US-30 WEST FWY,,190,32.73311111,-97.39906389,0,30,0,0,1,1,0,3,3,1,0,1,0,0000000,88,88,88,88,88,88,0,0,0,1,0
48,481872,1,1,0,1,1,1,1,201,3280,10,2,2013,1,22,20,0,16,5,CARSON RD,,0,29.63001667,-95.31524167,0,8,0,0,1,1,0,1,2,10,0,10,0,0000000,99,98,99,98,88,88,0,0,0,1,0
48,481873,2,2,0,0,0,3,3,479,3899,12,1,2013,7,15,32,1,11,1,I-35,,118,27.65801944,-99.47670278,0,12,7,0,1,1,0,1,1,1,0,1,0,0000000,99,98,99,98,88,88,0,0,0,1,0
48,481874,2,2,0,0,0,4,4,303,4140,25,1,2013,6,21,44,1,13,8,FM2255 4TH ST,FLINT AVE,83,33.59233056,-101.8822056,0,12,6,0,2,2,0,1,3,1,0,1,0,0000000,21,45,21,46,22,1,0,0,0,1,2
48,481875,2,2,0,0,0,5,5,29,6090,13,5,2013,2,18,0,0,16,5,PALO ALTO RD,SIOUX ST,0,29.35161667,-98.55233056,0,12,6,0,2,2,0,1,1,1,0,1,0,0000000,18,2,18,9,19,37,0,0,0,1,0
48,481876,2,2,0,0,0,2,2,201,3280,15,5,2013,4,13,40,0,16,5,ALDINE WESTFIELD RD,,0,29.87075,-95.35171667,0,12,6,0,8,1,0,1,1,10,0,10,0,0000000,13,53,13,58,14,28,0,0,0,1,0
48,481877,1,1,0,0,0,2,2,141,2190,29,5,2013,4,2,55,1,11,1,I-10,,75,31.89012222,-106.5829833,0,20,0,0,5,1,0,4,3,1,0,1,0,0000000,99,98,99,98,88,88,0,0,0,2,1
48,481878,1,1,0,0,0,2,2,201,0,16,6,2013,1,18,30,0,6,4,CR-GRACE LN,,0,29.84431111,-95.09311389,0,53,0,0,1,1,0,4,1,1,0,1,0,0000000,18,31,18,54,19,30,0,0,0,1,1
48,481879,2,2,0,1,1,4,4,27,570,21,6,2013,6,3,37,1,11,1,I-35,,131,31.02140278,-97.47906111,0,12,1,0,1,1,1,1,2,1,0,1,0,0000000,99,99,99,99,99,99,15,0,0,1,0
48,481880,1,1,0,1,1,1,1,201,0,5,7,2013,6,2,40,1,11,1,I-45,,430,30.02167222,-95.42941389,0,8,0,0,1,1,0,1,3,1,0,1,0,0000000,2,41,2,48,3,13,0,0,0,1,0
48,481881,3,3,0,0,0,4,4,201,0,5,7,2013,6,20,45,1,12,7,SL-8/SAM HOUSTON PKWY,BAMMEL N HOUSTON RD,8,29.93755278,-95.49792222,0,12,6,1,2,2,0,1,3,1,0,1,0,0000000,20,49,20,53,21,52,0,0,0,1,1
48,481882,2,2,0,0,0,2,2,159,0,8,7,2013,2,23,10,1,1,1,I-30,,101,33.1611,-95.1337,0,12,8,1,18,1,0,1,2,1,0,1,0,0000000,23,3,23,11,23,43,0,0,0,1,1
48,481883,1,1,0,0,0,1,1,355,1550,27,7,2013,7,2,22,1,12,7,SR-358/PADRE ISLAND DR,,80,27.72065278,-97.39631944,0,25,0,0,1,1,0,10,3,10,0,10,0,0000000,88,88,88,88,88,88,0,0,0,1,1
48,481884,1,1,0,1,1,1,1,201,0,1,8,2013,5,6,1,0,6,4,CR-LOUETTA RD,,0,30.03907778,-95.49086389,0,8,0,0,1,1,0,1,2,10,0,10,0,0000000,6,16,6,27,6,53,0,0,0,1,0
48,481885,1,1,0,0,0,1,1,201,0,4,8,2013,1,1,30,0,6,4,CR-OLD GREENS RD,,0,29.95265278,-95.38334444,0,24,0,0,1,1,0,4,2,1,0,1,0,0000000,88,88,88,88,88,88,0,0,0,1,0
48,481886,1,1,0,0,0,3,3,201,0,4,8,2013,1,0,15,0,6,4,CR-HARDY ST,,0,30.05215,-95.41045,0,32,0,0,1,1,0,4,2,1,0,1,0,0000000,23,59,0,10,1,4,0,0,0,2,0
48,481887,3,3,0,1,1,4,4,439,2450,4,8,2013,1,21,40,1,11,1,I-35W/SOUTH FWY,,35,32.69863889,-97.32048889,0,8,0,0,1,1,0,1,3,1,0,1,0,0000000,88,88,88,88,88,88,0,0,0,1,0
48,481888,1,1,0,0,0,1,1,201,0,5,8,2013,2,2,40,0,6,4,CR-NORTHCREST DR,,0,30.09524722,-95.51722222,0,30,0,0,1,1,0,4,2,1,0,1,0,0000000,88,88,88,88,88,88,0,0,0,1,1
48,481889,2,2,0,0,0,3,3,201,0,5,8,2013,2,10,45,0,4,8,FM 1942,BOHEMIAN HALL RD,35,29.87663333,-95.02365833,0,12,6,0,2,3,0,1,1,10,0,10,0,0000000,10,55,11,17,11,38,0,0,0,1,0
48,481890,4,3,1,0,0,6,6,41,970,7,8,2013,4,17,26,1,13,8,FM 1179/BRIARCREST DR,,89,30.66038333,-96.33099722,0,12,6,0,1,1,1,1,1,10,0,10,0,0000000,17,26,17,26,17,49,0,0,0,1,0
48,481891,2,1,1,0,0,2,2,251,1370,9,8,2013,6,23,56,0,16,5,BERKLEY DR,,0,32.33014167,-97.39939167,0,14,0,0,1,1,0,5,3,1,0,1,0,0000000,23,59,0,4,1,4,0,0,0,1,0
48,481892,1,1,0,0,0,1,1,339,1510,10,8,2013,7,23,45,1,13,8,SL 336,,107,30.33126944,-95.48713889,0,42,0,0,1,1,0,4,2,1,0,1,0,0000000,22,54,23,4,23,27,0,0,0,1,0
48,481893,1,1,0,0,0,2,2,375,150,10,8,2013,7,21,25,0,16,5,EASTERN ST,,0,35.21819444,-101.7777583,0,10,0,0,6,1,1,1,2,1,0,1,0,014602G,99,99,99,99,99,99,0,0,0,1,1
48,481894,1,1,0,1,1,2,2,141,2190,12,8,2013,2,20,15,1,13,2,US-62,SAN MARCIAL ST,78,31.767975,-106.4581417,0,8,0,0,3,2,0,1,3,1,0,1,0,0000000,99,99,99,99,99,99,0,0,0,1,0
48,481895,3,3,0,1,1,9,9,141,2190,12,8,2013,2,21,39,1,13,3,SR-20,,164,31.80292778,-106.5094694,0,8,0,0,1,1,0,1,3,1,0,1,0,0000000,88,88,88,88,88,88,0,0,0,1,0
48,481896,1,1,0,0,0,3,3,201,3280,12,8,2013,2,12,13,0,12,7,US-59,,10,29.85174444,-95.33340278,0,33,0,0,1,1,0,4,1,1,0,1,0,0000000,12,21,12,26,13,22,0,0,0,1,0
48,481897,2,2,0,0,0,7,7,341,0,12,8,2013,2,23,26,1,2,2,US-287,FM 119,172,35.916075,-101.981175,0,12,6,0,2,3,0,1,2,1,0,1,0,0000000,23,32,99,99,99,99,14,0,0,5,1
48,481898,1,1,0,0,0,1,1,131,0,14,8,2013,4,8,20,0,4,3,SR-359,,91,27.40038333,-98.57864167,0,32,0,0,1,1,0,4,1,1,0,1,0,0000000,9,25,9,49,10,37,0,0,0,1,0
48,481899,1,1,0,0,0,1,1,233,0,14,8,2013,4,20,6,0,3,3,SR-152,,64,35.634275,-101.2961,0,1,0,0,1,1,0,3,3,10,0,10,0,0000000,88,88,88,88,88,88,0,0,0,1,0
48,481900,1,1,0,0,0,2,2,283,0,14,8,2013,4,14,5,1,1,1,I-35,,220,28.05227222,-99.35041944,0,1,0,0,1,1,0,4,1,1,0,1,0,0000000,14,28,15,3,16,3,0,0,0,1,0
48,481901,1,1,0,0,0,1,1,285,2970,14,8,2013,4,16,15,0,16,5,KROSCHELL AVE,LAY ST,0,29.44106667,-96.95401944,0,38,0,0,3,10,0,4,1,1,0,1,0,0000000,99,99,99,99,99,99,0,0,0,1,0
48,481902,1,1,0,1,1,2,2,135,5030,15,8,2013,5,22,2,1,13,8,SL338,,285,31.89538611,-102.3174889,0,8,0,0,1,1,0,1,3,1,0,1,0,0000000,22,2,22,8,22,23,0,0,0,1,0
48,481903,2,2,0,0,0,2,2,157,6568,15,8,2013,5,9,15,1,12,8,UA90 S MAIN ST,AVE B,316,29.61711667,-95.56286389,0,12,6,0,2,2,0,1,1,10,0,10,0,0000000,9,23,9,27,9,57,0,0,0,1,0
48,481904,2,2,0,0,0,2,2,201,0,15,8,2013,5,8,28,0,4,8,FM1488,,3,30.14534167,-95.94853611,0,12,8,0,1,1,0,1,1,10,0,10,0,0000000,8,48,9,24,10,10,0,0,0,1,0
48,481905,2,2,0,0,0,2,2,201,3280,15,8,2013,5,23,37,0,16,5,WESTHEIMER RD,,0,29.74218889,-95.42120278,0,1,0,0,8,1,0,1,3,1,0,1,0,0000000,23,37,23,46,0,30,0,0,0,1,1
48,481906,2,2,0,0,0,4,4,89,0,16,8,2013,6,12,54,1,3,3,SR-71,FM1890,90,29.74435,-96.59625,0,12,6,0,2,3,0,1,1,1,0,1,0,0000000,12,56,13,18,14,17,0,0,0,1,0
48,481907,1,1,0,0,0,1,1,239,0,16,8,2013,6,7,24,0,4,3,SR-172,,225,28.720875,-96.45418611,0,42,0,0,1,1,0,4,1,1,0,1,0,0000000,88,88,88,88,88,88,0,0,0,1,0
48,481908,2,2,0,0,0,3,3,113,2590,17,8,2013,7,11,4,0,16,5,CUMBERLAND DR,BROADWAY BLVD,0,32.88317778,-96.62629722,0,12,6,0,2,3,0,1,1,1,0,1,0,0000000,11,4,11,8,11,57,0,0,0,1,0
48,481909,1,1,0,0,0,2,2,227,640,17,8,2013,7,23,11,1,11,1,I-20,,234,32.25900278,-101.5065306,0,1,0,0,1,1,0,3,2,1,0,1,0,0000000,99,98,99,98,88,88,0,0,0,2,1
48,481910,1,1,0,1,1,1,1,367,364,17,8,2013,7,2,35,1,12,3,SR-199 NW PARKWAY ST,,192,32.90160278,-97.55038333,0,8,0,0,1,1,0,1,2,1,0,1,0,0000000,99,98,99,98,88,88,19,0,0,1,0