STATE,ST_CASE,VE_TOTAL,VE_FORMS,PVH_INVL,PEDS,PERNOTMVIT,PERMVIT,PERSONS,COUNTY,CITY,DAY,MONTH,YEAR,DAY_WEEK,HOUR,MINUTE,NHS,ROAD_FNC,ROUTE,TWAY_ID,TWAY_ID2,MILEPT,LATITUDE,LONGITUD,SP_JUR,HARM_EV,MAN_COLL,RELJCT1,RELJCT2,TYP_INT,WRK_ZONE,REL_ROAD,LGT_COND,WEATHER1,WEATHER2,WEATHER,SCH_BUS,RAIL,NOT_HOUR,NOT_MIN,ARR_HOUR,ARR_MIN,HOSP_HR,HOSP_MN,CF1,CF2,CF3,FATALS,DRUNK_DR
48,481911,1,1,0,0,0,2,2,423,0,17,8,2013,7,23,23,0,15,8,FM 2813,,10,32.23875,-95.33273333,0,1,0,0,1,1,0,4,2,1,0,1,0,0000000,23,39,23,45,1,2,0,0,0,1,1
48,481912,3,3,0,0,0,3,3,113,1730,18,8,2013,1,0,30,1,11,1,I-20,,65,32.67066111,-96.94333333,0,12,1,0,1,1,0,1,3,1,0,1,0,0000000,88,88,88,88,88,88,0,0,0,1,1
48,481913,2,2,0,0,0,6,6,201,3280,18,8,2013,1,6,0,0,12,2,US-59,,15,29.73443056,-95.37036667,0,12,1,1,18,1,0,1,1,1,0,1,0,0000000,5,59,6,14,6,23,0,0,0,1,0
48,481914,1,1,0,1,1,1,1,479,3899,18,8,2013,1,22,3,0,16,5,CHICAGO ST,,0,27.53734722,-99.50645833,0,9,0,0,8,1,0,1,2,1,0,1,0,0000000,22,3,22,9,22,19,0,0,0,1,0
48,481915,1,1,0,0,0,4,4,55,0,19,8,2013,2,2,45,9,9,3,SR-130,,99999,29.828875,-97.74323056,0,11,0,0,1,1,0,1,2,1,0,1,0,0000000,99,99,99,99,99,99,0,0,0,1,0
48,481916,3,2,1,0,1,3,4,103,0,19,8,2013,2,16,45,1,2,2,US-385,,251,31.29148333,-102.3488389,0,12,2,0,1,1,0,1,1,1,0,1,0,0000000,99,99,99,99,99,99,0,0,0,1,1
48,481917,1,1,0,0,0,1,1,339,1510,19,8,2013,2,22,52,0,16,5,CRIGHTON RD,,0,30.26576667,-95.44673889,0,42,0,0,1,1,0,4,2,1,0,1,0,0000000,88,88,88,88,88,88,0,0,0,1,0
48,481918,1,1,0,0,0,2,2,113,1730,20,8,2013,3,23,32,1,12,7,US-175,,64,32.70416667,-96.66566111,0,21,0,0,1,1,0,4,3,1,0,1,0,0000000,99,99,99,99,88,88,0,0,0,2,0
48,481919,1,1,0,0,0,1,1,201,3280,20,8,2013,3,13,3,0,16,5,SELINSKY,8TH ST,0,29.63754722,-95.332875,0,44,0,0,1,1,0,1,1,10,0,10,0,0000000,5,59,6,12,6,30,0,0,0,1,0
48,481920,3,3,0,0,0,3,3,281,0,20,8,2013,3,13,20,1,2,2,US-183,,149,31.16743056,-98.34041111,0,12,8,0,1,1,0,1,1,1,0,1,0,0000000,13,23,13,54,14,33,0,0,0,1,0
48,481921,1,1,0,0,0,3,3,291,0,20,8,2013,3,1,44,0,4,8,FM 770,,65,29.95138056,-94.68291111,0,42,0,0,1,1,0,4,2,1,0,1,0,0000000,2,16,2,47,3,17,0,0,0,1,0
48,481922,1,1,0,0,0,1,1,497,0,20,8,2013,3,13,35,0,4,8,FM 1810,,125,33.29245,-97.75241944,0,1,0,0,1,1,0,4,1,1,0,1,0,0000000,13,37,13,49,14,28,0,0,0,1,0
48,481923,1,1,0,0,0,3,3,201,5230,21,8,2013,4,22,38,0,16,5,CRENSHAW,,0,29.63754444,-95.15560556,0,33,0,0,1,1,0,3,3,1,0,1,0,0000000,22,46,22,50,23,20,0,0,0,1,0
48,481924,2,2,0,0,0,2,2,357,0,21,8,2013,4,16,20,0,5,8,FM 3045,,79,36.28987778,-100.8270472,0,12,6,0,1,1,0,1,1,1,0,1,0,0000000,88,88,88,88,88,88,0,0,0,1,0
48,481925,2,2,0,0,0,2,2,201,3280,22,8,2013,5,10,0,0,16,5,ALAMEDA GENOA RD,,0,29.62069444,-95.34334444,0,12,6,0,8,1,0,1,1,1,0,1,0,0000000,88,88,88,88,88,88,0,0,0,1,0
48,481926,1,1,0,0,0,1,1,271,0,22,8,2013,5,6,53,1,2,2,US-90,,371,29.23888056,-100.1612306,0,1,0,0,1,1,0,4,2,1,0,1,0,0000000,88,88,88,88,88,88,0,0,0,1,1
48,481927,2,2,0,0,0,2,2,355,1550,22,8,2013,5,13,14,1,13,8,SS 544/AGNES ST,,125,27.78636111,-97.42764444,0,12,1,0,1,1,0,11,1,10,0,10,0,0000000,99,99,99,99,99,99,0,0,0,1,0
48,481928,2,2,0,0,0,4,4,389,0,22,8,2013,5,22,40,1,1,1,I-10 RAMP,,254,31.00006667,-103.6969361,0,12,1,1,5,1,0,1,2,10,0,10,0,0000000,88,88,88,88,88,88,0,0,0,1,0
48,481929,2,2,0,0,0,10,10,115,0,23,8,2013,6,10,25,0,3,3,SR-137,FM 2052,217,32.69523056,-101.9493194,0,12,6,0,2,2,0,1,1,1,0,1,0,0000000,11,4,11,44,12,28,0,0,0,2,0
48,481930,1,1,0,0,0,1,1,167,3920,23,8,2013,6,22,49,0,16,5,LEAGUE CITY PKWY,,0,29.47896667,-95.16497222,0,33,0,0,1,1,0,4,2,10,0,10,0,0000000,88,88,88,88,88,88,0,0,0,1,1
48,481931,1,1,0,1,1,2,2,187,0,23,8,2013,6,23,26,0,3,3,SR-123,,42,29.74425278,-97.94949722,0,8,0,0,1,1,0,1,2,1,0,1,0,0000000,99,98,99,98,88,88,19,0,0,1,0
48,481932,2,2,0,0,0,4,4,201,5230,23,8,2013,6,10,33,0,16,5,GENOA RED BLUFF RD,RED BLUFF RD,0,29.63489444,-95.10827222,0,12,6,0,2,2,0,1,1,1,0,1,0,0000000,10,37,10,46,11,9,0,0,0,1,0
48,481933,2,2,0,0,0,2,2,217,0,23,8,2013,6,5,51,0,4,3,SR-81,,125,32.08330278,-97.12746667,0,12,6,0,1,1,0,1,2,1,0,1,0,0000000,99,98,99,98,88,88,0,0,0,1,0
48,481934,1,1,0,0,0,4,4,223,0,23,8,2013,6,14,4,0,3,3,SR-11,,30,33.02924167,-95.41418889,0,42,0,0,1,1,0,4,1,1,0,1,0,0000000,14,9,14,25,15,21,0,0,0,1,0
48,481935,2,2,0,0,0,2,2,233,0,23,8,2013,6,17,8,0,3,3,SR-152,,63,35.63501944,-101.2980694,0,12,11,0,8,1,0,1,1,1,0,1,0,0000000,99,98,99,98,88,88,0,0,0,1,0
48,481936,1,1,0,0,0,1,1,259,0,23,8,2013,6,23,35,0,5,8,FM289,,46,29.897725,-98.81872778,0,1,0,0,1,1,0,1,2,1,0,1,0,0000000,88,88,88,88,88,88,0,0,0,1,1
48,481937,2,2,0,0,0,3,3,281,0,23,8,2013,6,20,43,0,15,8,FM2657,FM2808,118,31.07253611,-97.92237778,0,12,6,0,2,3,1,1,2,1,0,1,0,0000000,20,45,20,53,21,22,0,0,0,1,0
48,481938,2,2,0,0,0,6,6,353,0,23,8,2013,6,1,20,1,1,1,I-20,,99,32.44435556,-100.5085,0,12,6,1,5,1,1,1,2,1,0,1,0,0000000,99,98,99,98,88,88,0,0,0,2,0
48,481939,2,2,0,0,0,2,2,373,0,23,8,2013,6,11,40,0,3,2,US-190,WALDING RD,305,30.74868333,-95.01869722,0,12,6,0,2,2,0,1,1,10,0,10,0,0000000,99,99,99,99,99,99,0,0,0,1,0
48,481940,1,1,0,0,0,1,1,403,0,23,8,2013,6,2,55,0,4,8,FM83,,12,31.35672222,-93.81912222,0,42,0,0,1,1,0,4,2,1,0,1,0,0000000,88,88,88,88,88,88,0,0,0,1,0
48,481941,2,2,0,0,0,3,3,35,4690,24,8,2013,7,14,55,0,3,3,SR-174,FM 927,102,32.01506944,-97.60903056,0,12,6,0,2,2,0,1,1,10,0,10,0,0000000,14,55,15,15,16,17,0,0,0,2,0
48,481942,2,2,0,0,0,2,2,85,200,24,8,2013,7,8,25,1,2,3,SR-121,,91,33.32456389,-96.49402778,0,12,2,0,1,1,0,1,1,1,0,1,0,0000000,8,41,9,2,9,24,0,0,0,1,1
48,481943,2,2,0,0,0,5,5,99,0,24,8,2013,7,16,10,0,3,3,SR-36,,89,31.52226667,-97.78072222,0,12,6,0,1,1,0,1,1,1,0,1,0,0000000,99,99,99,99,99,99,0,0,0,1,1
48,481945,2,2,0,0,0,6,6,291,0,24,8,2013,7,16,18,0,3,2,US-90,,30,29.99113056,-94.96118889,0,12,1,0,1,1,0,1,1,1,0,1,0,0000000,16,48,17,14,17,34,0,0,0,1,0
48,481946,1,1,0,0,0,2,2,397,5910,24,8,2013,7,20,24,0,16,5,JOHN KING BLVD,,0,32.92073333,-96.43446667,0,33,0,0,1,1,0,4,2,1,0,1,0,0000000,99,99,99,99,99,99,0,0,0,1,1
48,481947,1,1,0,0,0,2,2,419,0,24,8,2013,7,18,35,0,3,3,SR-7,,45,31.7369,-94.24736944,0,1,0,0,1,1,0,4,1,1,0,1,0,0000000,99,99,99,99,99,99,20,0,0,1,0
48,481948,1,1,0,0,0,1,1,439,4300,24,8,2013,7,19,47,1,12,3,SR-360,,254,32.55768056,-97.08477222,0,1,0,0,1,1,0,3,5,10,0,10,0,0000000,19,52,20,8,20,32,0,0,0,1,0
48,481949,2,2,0,0,0,2,2,3,0,25,8,2013,1,22,51,0,3,3,SR-115,FM 181,157,32.18199722,-102.7487722,0,12,6,0,2,2,0,1,2,1,0,1,0,0000000,99,99,99,99,99,99,0,0,0,1,0
48,481950,2,2,0,0,0,3,3,85,0,25,8,2013,1,9,13,0,4,5,FM 3286,,125,33.09591389,-96.53726389,0,12,2,0,1,1,0,2,1,1,0,1,0,0000000,9,37,9,52,10,12,0,0,0,2,0
48,481951,1,1,0,0,0,1,1,113,3420,25,8,2013,1,2,10,1,12,3,SR-161 RAMP GEORGE BUSH TPKE,,166,32.83479722,-97.01781944,0,23,0,1,5,1,0,4,3,1,0,1,0,0000000,88,88,88,88,88,88,0,0,0,1,1
48,481952,1,1,0,0,0,3,3,135,5030,25,8,2013,1,3,34,1,13,7,I-20,,366,31.84265556,-102.3309,0,30,0,0,1,1,0,4,2,1,0,1,0,0000000,3,34,3,42,4,7,0,0,0,1,1
48,481953,4,4,0,0,0,5,5,185,0,25,8,2013,1,14,43,1,4,8,FM1774,,38,30.30852778,-95.83925833,0,12,1,0,8,1,0,1,1,1,0,1,0,0000000,14,52,15,10,16,5,14,0,0,1,0
48,481954,2,2,0,0,0,2,2,257,0,25,8,2013,1,0,35,0,4,8,FM987,CR-272,7,32.67175833,-96.360425,0,12,6,0,2,3,0,1,2,1,0,1,0,0000000,0,35,0,38,1,20,0,0,0,1,1
48,481955,1,1,0,0,0,1,1,395,0,25,8,2013,1,17,25,0,4,8,FM46,,94,30.92002222,-96.40882222,0,38,0,0,1,1,0,4,1,10,0,10,0,0000000,88,88,88,88,88,88,0,0,0,1,0
48,481956,2,2,0,0,0,2,2,77,3130,26,8,2013,2,11,50,1,2,2,US-82 E OMEGA ST,SP510,30,33.81481389,-98.18616944,0,12,6,0,2,3,0,1,1,1,0,1,0,0000000,11,50,11,52,12,19,0,0,0,1,0
48,481957,3,3,0,0,0,4,4,173,0,26,8,2013,2,22,35,0,4,8,RM33,,63,32.01153889,-101.4829778,0,12,8,0,1,1,0,1,2,1,0,1,0,0000000,99,99,99,99,99,99,0,0,0,2,1
48,481958,1,1,0,0,0,1,1,179,0,26,8,2013,2,6,0,0,4,3,SR-273,,322,35.27592222,-100.6095694,0,31,0,0,1,1,0,4,2,1,0,1,0,0000000,88,88,88,88,88,88,0,0,0,1,1
48,481959,2,2,0,0,0,2,2,217,0,26,8,2013,2,5,45,0,4,8,FM66,,114,32.20091389,-97.08872778,0,12,2,0,1,1,0,1,2,1,0,1,0,0000000,5,47,5,58,6,46,0,0,0,1,0
48,481960,1,1,0,0,0,1,1,217,0,26,8,2013,2,7,5,0,4,3,SR-171,,66,31.95498611,-96.98690833,0,35,0,0,1,1,0,4,1,1,0,1,0,0000000,7,5,7,24,7,57,0,0,0,1,0
48,481961,1,1,0,1,1,1,1,61,940,27,8,2013,3,22,42,0,14,8,FM 1847 PAREDES LINE RD,,107,25.97508611,-97.48483889,0,8,0,0,1,1,0,1,2,1,0,1,0,0000000,88,88,88,88,88,88,0,0,0,1,0
48,481962,3,3,0,0,0,3,3,143,0,27,8,2013,3,12,22,0,3,2,US-281,,44,32.46286111,-98.14275556,0,12,8,0,1,1,0,1,1,10,0,10,0,0000000,12,25,12,49,13,33,0,0,0,1,0
48,481963,1,1,0,0,0,1,1,167,3920,27,8,2013,3,9,21,1,11,1,I-45,,159,29.48638611,-95.1038,0,30,0,1,5,1,0,8,1,10,0,10,0,0000000,88,88,88,88,88,88,0,0,0,1,0
48,481965,2,2,0,0,0,2,2,27,3690,28,8,2013,4,19,29,0,16,5,TRIMMIER RD,,0,31.08685,-97.73536111,0,12,2,0,8,1,0,1,1,1,0,1,0,0000000,88,88,88,88,88,88,0,0,0,1,0
48,481966,1,1,0,1,1,1,1,363,0,28,8,2013,4,21,22,1,1,1,I-20,,176,32.61294722,-98.10496111,0,8,0,1,18,1,0,1,2,1,0,1,0,0000000,88,88,88,88,88,88,0,0,0,1,0
48,481967,2,2,0,0,0,2,2,395,0,28,8,2013,4,7,35,0,5,8,FM 2954,,82,31.21277778,-96.56028333,0,12,1,0,1,1,0,1,1,1,0,1,0,0000000,7,44,8,13,8,46,0,0,0,1,1
48,481968,1,1,0,0,0,1,1,29,6090,29,8,2013,5,22,38,0,16,5,HOUSTON ST,,0,29.4251,-98.47477778,0,30,0,0,1,1,0,4,3,1,0,1,0,0000000,22,38,22,44,23,2,0,0,0,1,1
48,481969,2,2,0,0,0,4,4,61,940,30,8,2013,6,16,40,1,13,2,US-281,,104,25.95278611,-97.56004444,0,12,2,0,1,1,0,1,1,1,0,1,0,0000000,16,40,16,49,17,5,0,0,0,1,0
48,481970,2,2,0,0,0,3,3,251,1030,30,8,2013,6,15,35,1,11,7,I-35W S BURLESON BLVD,,219,32.53813333,-97.31185556,0,12,6,0,8,1,0,1,1,1,0,1,0,0000000,15,45,15,59,16,14,0,0,0,1,0
48,481971,1,1,0,1,1,1,1,325,0,30,8,2013,6,22,30,0,4,3,SR-132,,81,29.15981944,-98.8883,0,9,0,0,1,1,0,1,2,1,0,1,0,0000000,99,99,99,99,99,99,0,0,0,1,0
48,481972,1,1,0,0,0,1,1,29,0,31,8,2013,7,19,19,0,3,8,SL 1604,,15,29.45081944,-98.28728056,0,1,0,0,1,1,0,4,1,1,0,1,0,0000000,88,88,88,88,88,88,0,0,0,1,1
48,481973,2,2,0,0,0,7,7,71,0,31,8,2013,7,20,33,1,3,3,SR-124,,87,29.66586944,-94.37293056,0,12,8,0,1,1,0,1,2,1,0,1,0,0000000,20,44,20,52,21,52,0,0,0,1,1
48,481974,1,1,0,0,0,1,1,121,1840,31,8,2013,7,2,34,1,11,1,I-35E,,156,33.16865556,-97.08356389,0,1,0,0,1,1,0,10,3,1,0,1,0,0000000,88,88,88,88,88,88,0,0,0,1,1
48,481975,2,2,0,0,0,6,6,201,3280,31,8,2013,7,17,41,1,12,7,SR-249/TOMBALL PKWY,FM 1960,134,29.96022778,-95.54758056,0,12,6,1,2,2,0,1,1,1,0,1,0,0000000,17,41,17,47,18,5,0,0,0,1,0
48,481976,1,1,0,0,0,1,1,203,0,31,8,2013,7,3,25,0,15,8,FM 968,,3,32.47995,-94.69798056,0,1,0,0,1,1,0,4,2,1,0,1,0,0000000,88,88,88,88,88,88,0,0,0,1,1
48,481977,1,1,0,0,0,2,2,209,6170,31,8,2013,7,1,49,1,11,7,I-35,,121,29.93531111,-97.885725,0,24,0,0,1,1,0,4,2,1,0,1,0,0000000,1,50,1,56,2,39,0,0,0,1,1
48,481978,2,2,0,0,0,8,8,329,4560,31,8,2013,7,22,43,1,2,8,SL 230,,44,31.95126944,-102.1451472,0,1,0,0,1,1,0,3,3,1,0,1,0,0000000,22,43,22,53,23,2,14,0,0,1,0
48,481979,2,2,0,0,0,2,2,339,0,31,8,2013,7,18,40,0,14,3,SR-242,CR-LEXINGTON DRIVE,66,30.20853889,-95.41881944,0,12,6,0,2,2,0,1,1,1,0,1,0,0000000,18,49,18,52,19,20,0,0,0,1,1
48,481980,2,2,0,0,0,3,3,29,6090,23,1,2013,4,7,5,1,12,3,SR-151 RAMP,MILITARY DR,28,29.43410556,-98.630775,0,12,1,1,3,2,0,1,4,1,0,1,0,0000000,88,88,88,88,88,88,0,0,0,1,0
48,481981,2,2,0,0,0,6,6,29,6090,24,2,2013,1,17,50,0,16,5,HACKBERRY ST,HOUSTON ST,0,29.42506389,-98.47327222,0,12,6,0,2,2,0,1,3,10,0,10,0,0000000,19,51,19,58,20,17,0,0,0,1,0
48,481982,2,2,0,1,1,2,2,355,1550,13,5,2013,2,21,15,1,12,3,SR-358,,138,27.681,-97.31421111,0,18,0,0,1,1,0,1,2,10,0,10,0,0000000,21,16,21,21,21,48,15,19,0,1,0
48,481983,2,1,1,0,0,2,2,29,6090,18,5,2013,7,22,42,0,16,5,TIMBERCREEK,,0,29.42576667,-98.63332778,0,42,0,0,1,1,0,4,2,1,0,1,0,0000000,22,42,22,49,23,15,0,0,0,1,1
48,481984,2,2,0,0,0,2,2,141,2190,17,6,2013,2,7,38,1,13,2,US-62,,150,31.79201944,-106.3783194,0,33,0,0,1,1,0,4,1,1,0,1,0,0000000,7,40,7,40,8,22,0,0,0,1,0
48,481985,2,2,0,0,0,4,4,29,6090,19,6,2013,4,13,25,1,11,7,I-35,NEW BRAUNFELS AVE,253,29.43893611,-98.46096667,0,12,6,1,2,2,0,1,1,1,0,1,0,0000000,13,28,13,33,14,9,0,0,0,1,0
48,481986,1,1,0,1,1,1,1,141,2190,25,6,2013,3,13,37,1,12,2,US-54,,87,31.813575,-106.441425,0,8,0,1,5,1,0,10,1,1,0,1,0,0000000,88,88,88,88,88,88,0,0,0,1,0
48,481987,1,1,0,0,0,2,2,385,0,10,7,2013,4,22,0,0,5,8,RR-336,,212,29.81946111,-99.77855,0,1,0,0,1,1,0,4,2,1,0,1,0,0000000,99,99,99,99,99,99,0,0,0,1,1
48,481988,2,2,0,0,0,2,2,113,1190,14,7,2013,1,17,57,0,16,5,MCCOY RD,TRINITY MILLS RD,0,32.98398333,-96.897175,0,12,6,1,2,2,0,1,1,2,0,2,0,0000000,17,58,18,4,18,25,0,0,0,1,0
48,481989,4,4,0,0,0,4,4,113,1730,19,7,2013,6,17,33,0,16,5,ROYAL LN,,0,32.8935,-96.74258056,0,12,7,0,1,1,0,1,1,1,0,1,0,0000000,17,33,17,37,18,15,0,0,0,1,1
48,481990,2,2,0,0,0,3,3,439,3347,21,7,2013,1,18,45,1,12,3,SR-121,,200,32.83374722,-97.19983056,0,12,6,1,18,1,1,1,1,1,0,1,0,0000000,18,45,18,50,19,12,0,0,0,1,1
48,481992,1,1,0,0,0,1,1,141,0,1,8,2013,5,19,50,1,12,8,SL375,,98,31.76233611,-106.4454278,0,1,0,0,1,1,0,3,1,1,0,1,0,0000000,99,99,99,99,99,99,0,0,0,1,0
48,481993,2,2,0,0,0,3,3,165,0,2,8,2013,6,20,0,0,4,3,SR-83,CR-121,63,32.92623056,-102.4680333,0,12,6,0,2,2,0,1,1,1,0,1,0,0000000,99,99,99,99,99,99,0,0,0,1,0
48,481994,1,1,0,0,0,3,3,371,0,4,8,2013,1,5,45,1,1,1,I-10,,110,30.92729167,-103.2344472,0,32,0,0,1,1,0,4,2,1,0,1,0,0000000,8,10,8,32,10,11,0,0,0,1,0
48,481995,1,1,0,0,0,1,1,453,0,5,8,2013,2,15,25,0,14,8,FM3177 DECKER LN,,53,30.282525,-97.63367778,0,32,0,0,1,1,0,4,1,1,0,1,0,0000000,15,27,15,33,15,49,0,0,0,1,0
48,481996,1,1,0,0,0,1,1,439,1442,8,8,2013,5,3,48,0,16,5,ALEXANDRA DR,ALEXANDRA CT,0,32.87532222,-97.14801667,0,1,0,0,2,3,0,1,3,1,0,1,0,0000000,88,88,88,88,88,88,0,0,0,1,1
48,481997,1,1,0,1,1,1,1,309,545,9,8,2013,6,2,50,1,13,2,US-84,,16,31.593875,-97.09595278,0,8,0,0,1,1,0,1,2,1,0,1,0,0000000,99,98,99,98,88,88,0,0,0,1,0
48,481998,1,1,0,0,0,1,1,201,0,13,8,2013,3,1,30,0,6,4,CR-BOHEMIAN HALL RD,,0,29.89261111,-95.02348333,0,53,0,0,1,1,0,4,2,1,0,1,0,0000000,88,88,88,88,88,88,0,0,0,1,1
48,481999,2,2,0,0,0,3,3,13,5400,14,8,2013,4,22,46,0,4,8,FM476 BENSDALE RD,,70,28.97366667,-98.49531944,0,12,2,0,1,1,0,1,2,1,0,1,0,0000000,23,3,23,22,23,46,0,0,0,1,0
48,482000,3,3,0,0,0,3,3,21,460,16,8,2013,6,6,16,0,14,3,SR-95,,149,30.12755278,-97.31305833,0,12,8,0,1,1,0,1,1,10,0,10,0,0000000,6,17,6,24,7,3,0,0,0,1,0
48,482001,4,4,0,0,0,4,4,121,3798,17,8,2013,7,15,33,1,11,7,I-35E N STEMMONS RD,,116,33.12573611,-97.03605,0,12,1,0,1,1,0,1,1,1,0,1,0,0000000,15,36,15,51,16,20,0,0,0,1,0
48,482003,2,1,1,0,1,1,2,201,3280,18,8,2013,1,22,7,1,11,1,I-610,,122,29.79724722,-95.27215278,0,14,0,1,19,1,0,2,3,1,0,1,0,0000000,21,55,22,2,22,44,0,0,0,1,0
48,482004,2,2,0,0,0,2,2,223,6670,18,8,2013,1,21,12,1,11,1,I-30,,151,33.11628056,-95.60316944,0,12,1,1,18,1,0,1,2,1,0,1,0,0000000,21,18,21,52,22,36,0,0,0,1,0
48,482005,2,2,0,0,0,9,9,391,0,18,8,2013,1,16,35,0,3,3,SR-35,,135,28.30204167,-96.94430833,0,12,2,0,1,1,0,1,1,1,0,1,0,0000000,16,43,17,18,17,51,0,0,0,2,0
48,482006,1,1,0,0,0,3,3,21,0,19,8,2013,2,11,12,1,2,3,SR-71,,171,30.09784167,-97.27088056,1,1,0,0,1,1,0,4,1,10,0,10,0,0000000,11,12,11,14,11,59,0,0,0,1,0
48,482007,1,1,0,1,1,1,1,453,0,19,8,2013,2,10,59,0,6,4,CR-COULVER RD,,0,30.12216944,-97.73648333,0,8,0,0,1,1,0,1,1,10,0,10,0,0000000,88,88,88,88,88,88,0,0,0,1,0
48,482008,1,1,0,0,0,3,3,149,0,20,8,2013,3,23,20,0,6,4,CR-388 / OLD PLUM HWY,,0,29.93512222,-96.96684444,0,43,0,0,1,1,0,4,2,1,0,1,0,0000000,23,23,23,32,0,18,0,0,0,1,1
48,482009,2,2,0,0,0,3,3,181,1830,21,8,2013,4,13,0,1,12,2,US-75,,95,33.72857222,-96.58525833,0,12,1,1,18,1,0,1,1,1,0,1,0,0000000,88,88,88,88,88,88,0,0,0,1,0
48,482011,1,1,0,0,0,2,2,231,0,21,8,2013,4,12,45,0,3,2,US-69,,46,33.23410556,-96.16535556,0,53,0,0,1,1,0,4,1,1,0,1,0,0000000,12,45,12,53,13,26,0,0,0,1,0
48,482012,1,1,0,0,0,1,1,283,0,21,8,2013,4,2,2,1,1,7,I-35,,66,28.51585556,-99.21578333,0,24,0,0,1,1,0,4,2,1,0,1,0,0000000,88,88,88,88,88,88,0,0,0,1,1
48,482013,1,1,0,0,0,2,2,201,0,22,8,2013,5,3,0,0,6,4,CR-N FRY RD,CRWINDSTONE MANOR,0,29.8363,-95.71873056,0,32,0,0,3,3,0,4,2,1,0,1,0,0000000,3,3,3,5,3,57,0,0,0,1,1
48,482014,2,2,0,0,0,3,3,227,640,22,8,2013,5,17,43,1,1,1,I-20,,291,32.26716944,-101.4070306,0,51,0,0,1,1,0,1,1,2,0,2,0,0000000,99,99,99,99,99,99,0,0,0,1,0
48,482015,1,1,0,0,0,2,2,113,4530,23,8,2013,6,0,30,1,11,1,I-635,,101,32.84106944,-96.63363056,0,31,0,0,1,1,0,3,3,1,0,1,0,0000000,99,98,99,98,88,88,0,0,0,2,1
48,482016,2,2,0,0,0,4,4,453,0,23,8,2013,6,21,1,1,2,3,SR-71,,40,30.38297222,-98.08458333,0,12,2,0,1,1,0,1,2,1,0,1,0,0000000,21,10,21,32,22,8,0,0,0,1,0
48,482017,1,1,0,0,0,1,1,467,0,23,8,2013,6,13,10,1,1,1,I-20,,49,32.62384722,-95.99744444,0,50,0,0,1,1,0,4,1,1,0,1,0,0000000,99,99,99,99,99,99,0,0,0,1,0
48,482018,1,1,0,1,1,1,1,113,1730,26,8,2013,2,23,25,1,12,3,SR-67 MARVIN D LOVE FWY,,3,32.70613056,-96.83132222,0,8,0,0,1,1,0,1,3,1,0,1,0,0000000,23,42,23,47,23,58,0,0,0,1,0
48,482019,3,3,0,0,0,5,5,29,6090,27,8,2013,3,6,35,1,11,7,I-410,VALLEY HI,54,29.38063889,-98.64100278,0,12,6,1,2,2,0,1,3,1,0,1,0,0000000,6,35,6,47,88,88,0,0,0,1,0
48,482020,2,1,1,0,0,1,1,135,5030,27,8,2013,3,23,34,0,16,5,E 38TH ST,CASTLE RD,0,31.88298889,-102.368825,0,33,0,0,3,3,0,4,3,1,0,1,0,0000000,88,88,88,88,88,88,14,0,0,1,1
48,482021,2,2,0,0,0,3,3,291,1770,27,8,2013,3,18,8,0,3,3,SR-146,FM1413,63,29.96094167,-94.90630833,0,12,6,0,2,3,0,1,1,1,0,1,0,0000000,18,37,18,52,19,15,0,0,0,1,0
48,482022,1,1,0,0,0,1,1,231,0,28,8,2013,4,7,24,1,1,1,I-30,,214,33.12930278,-95.99953056,0,38,0,0,1,1,0,4,4,1,0,1,0,0000000,88,88,88,88,88,88,0,0,0,1,1
48,482023,2,2,0,0,0,6,6,39,0,29,8,2013,5,6,55,1,2,3,SR-288,CR-56,122,29.437575,-95.42761944,0,12,6,0,2,2,0,1,4,1,0,1,0,0000000,6,58,7,13,7,36,0,0,0,1,0
48,482024,1,1,0,1,1,2,2,91,4870,30,8,2013,6,15,7,1,11,1,I-35,,98,29.68699167,-98.12193889,0,8,0,0,1,1,0,1,1,1,0,1,0,0000000,15,26,15,32,15,59,0,0,0,1,0
48,482025,2,1,1,0,1,2,3,401,0,30,8,2013,6,16,40,0,4,8,FM2658,,41,32.23837778,-94.59010833,0,14,0,0,1,1,0,5,1,1,0,1,0,0000000,99,99,99,99,99,99,0,0,0,1,0
48,482026,1,1,0,0,0,2,2,37,0,31,8,2013,7,16,50,1,2,2,US-82,,40,33.50046667,-94.56486667,0,43,0,0,1,1,0,4,1,1,0,1,0,0000000,99,99,99,99,99,99,0,0,0,1,0
48,482027,1,1,0,0,0,2,2,85,720,31,8,2013,7,12,45,0,3,3,SR-78,RIDGEWAY DR,71,33.29830556,-96.39481667,0,1,0,0,3,3,0,1,1,1,0,1,0,0000000,12,54,13,14,13,55,0,0,0,1,0
48,482028,1,1,0,0,0,1,1,231,0,31,8,2013,7,12,52,1,1,1,I-30,,102,33.06322222,-96.1541,0,1,0,0,1,1,0,1,1,1,0,1,0,0000000,99,99,99,99,99,99,0,0,0,1,0
48,482029,1,1,0,0,0,2,2,29,6090,1,9,2013,1,2,17,1,11,1,I-35,,253,29.43818333,-98.46114444,0,26,0,0,1,1,0,4,3,1,0,1,0,0000000,2,17,2,31,2,50,0,0,0,1,1