STATE,ST_CASE,VE_TOTAL,VE_FORMS,PVH_INVL,PEDS,PERNOTMVIT,PERMVIT,PERSONS,COUNTY,CITY,DAY,MONTH,YEAR,DAY_WEEK,HOUR,MINUTE,NHS,ROAD_FNC,ROUTE,TWAY_ID,TWAY_ID2,MILEPT,LATITUDE,LONGITUD,SP_JUR,HARM_EV,MAN_COLL,RELJCT1,RELJCT2,TYP_INT,WRK_ZONE,REL_ROAD,LGT_COND,WEATHER1,WEATHER2,WEATHER,SCH_BUS,RAIL,NOT_HOUR,NOT_MIN,ARR_HOUR,ARR_MIN,HOSP_HR,HOSP_MN,CF1,CF2,CF3,FATALS,DRUNK_DR
48,482257,1,1,0,1,1,2,2,493,0,28,9,2013,7,19,53,1,2,2,US-87,FM 1107,277,29.25025,-97.83836389,0,8,0,0,2,2,0,1,2,10,0,10,0,0000000,99,99,99,99,99,99,0,0,0,1,0
48,482258,2,2,0,0,0,5,5,39,130,29,9,2013,1,13,6,0,14,8,FM 1462,CR 172 / PARKER SCHOOL RD,128,29.39876389,-95.263675,0,12,2,0,2,2,0,1,1,2,0,2,0,0000000,99,99,99,99,99,99,0,0,0,1,0
48,482259,2,2,0,0,0,7,7,445,0,29,9,2013,1,2,30,1,2,2,US-62 / 385,,8,32.96262222,-102.5331278,0,12,1,0,1,1,0,1,2,1,0,1,0,0000000,2,52,3,13,4,1,0,0,0,5,2
48,482260,1,1,0,1,1,1,1,113,1730,30,9,2013,2,23,30,1,11,1,I-35E STEMMONS FWY,,165,32.78381111,-96.81178056,0,8,0,1,18,1,0,1,3,1,0,1,0,0000000,88,88,88,88,88,88,0,0,0,1,0
48,482261,1,1,0,0,0,1,1,201,3280,30,9,2013,2,10,50,0,16,5,MARTIN LUTHER KING BLVD,,0,29.66396111,-95.33711111,0,42,0,0,1,1,0,3,1,10,0,10,0,0000000,88,88,88,88,88,88,0,0,0,1,0
48,482262,1,1,0,0,0,1,1,323,2030,30,9,2013,2,11,40,0,4,3,SR-131,,59,29.00103333,-100.489975,0,1,0,0,1,1,0,4,1,1,0,1,0,0000000,88,88,88,88,88,88,0,0,0,1,0
48,482263,2,2,0,0,0,2,2,479,3899,4,6,2013,3,12,19,1,13,2,US-83,MAGANA HEIN RD,82,27.40053611,-99.47836667,0,12,6,0,2,3,0,1,1,1,0,1,0,0000000,12,19,12,25,12,47,0,0,0,1,0
48,482264,2,2,0,0,0,3,3,241,0,12,7,2013,6,16,5,0,3,3,SR-63,,148,30.92227778,-94.06626389,0,12,6,0,8,1,0,1,1,1,0,1,0,0000000,99,99,99,99,99,99,0,0,0,1,0
48,482265,1,1,0,0,0,2,2,113,1730,13,7,2013,7,15,49,0,16,5,AVERILL WAY,,0,32.86646667,-96.80223889,0,19,0,0,1,1,0,5,1,1,0,1,0,0000000,15,50,15,57,16,15,0,0,0,1,0
48,482266,2,1,1,1,1,0,0,141,2190,16,7,2013,3,15,2,0,16,5,DESIERTO SECO RD,,0,31.86711667,-106.5603611,0,8,0,0,1,1,0,1,1,10,0,10,0,0000000,15,12,15,16,15,41,0,0,0,1,0
48,482267,1,1,0,1,1,1,1,303,4140,28,7,2013,1,21,54,0,16,5,SLIDE RD,,0,33.54973611,-101.9224389,0,15,0,0,1,1,0,1,3,1,0,1,0,0000000,99,98,99,98,88,88,0,0,0,1,0
48,482268,1,1,0,0,0,1,1,439,0,7,8,2013,4,23,25,0,6,5,BONDS RANCH RD,,0,32.92271667,-97.45758056,0,1,0,0,1,1,0,4,2,1,0,1,0,0000000,88,88,88,88,88,88,0,0,0,1,1
48,482269,2,2,0,0,0,4,4,201,0,31,8,2013,7,11,10,0,6,4,CR-LAKE HOUSTON PKWY,,0,30.00722778,-95.16783889,0,12,7,0,1,1,0,1,1,1,0,1,0,0000000,11,17,11,22,12,4,0,0,0,1,0
48,482270,1,1,0,0,0,1,1,201,0,31,8,2013,7,21,35,0,6,5,RANKIN RD,,0,29.96581667,-95.41489167,0,43,0,0,1,1,0,4,2,1,0,1,0,0000000,21,39,21,45,22,10,0,0,0,1,1
48,482271,2,1,1,0,1,1,2,201,0,5,9,2013,5,2,5,1,13,7,US-290,,190,29.92988056,-95.63972778,0,14,0,0,1,1,0,4,2,1,0,1,0,0000000,99,98,99,98,88,88,0,0,0,1,0
48,482272,3,3,0,0,0,4,4,201,0,7,9,2013,7,11,56,1,11,1,I-10,,418,29.77573889,-95.13356111,0,12,1,0,1,1,0,1,1,10,0,10,0,0000000,99,98,99,98,88,88,0,0,0,1,1
48,482273,2,2,0,0,0,3,3,389,0,7,9,2013,7,0,45,1,1,1,I-20,,73,31.15445,-103.9838861,0,12,1,0,1,1,0,1,2,1,0,1,0,0000000,99,98,99,98,88,88,0,0,0,1,0
48,482274,1,1,0,0,0,5,5,453,330,8,9,2013,1,1,46,1,11,7,I-35,,262,30.37579444,-97.67602778,0,30,0,0,1,1,0,4,2,1,0,1,0,0000000,1,48,1,52,2,15,0,0,0,1,1
48,482275,1,1,0,0,0,1,1,29,4015,14,9,2013,7,15,28,1,13,2,US-218 W PAT BOOKER RD,,3,29.56345556,-98.33937778,0,33,0,1,19,1,0,4,1,1,0,1,0,0000000,15,30,15,34,15,51,0,0,0,1,0
48,482276,1,1,0,0,0,2,2,201,0,14,9,2013,7,9,35,0,6,4,CR-W CEDAR BAYOU LYNCHBURG RD,,0,29.78344722,-95.01089444,0,32,0,0,1,1,0,4,1,1,0,1,0,0000000,9,57,10,25,10,46,0,0,0,1,0
48,482277,2,2,0,0,0,3,3,201,0,15,9,2013,1,0,30,1,13,8,FM1960,,144,30.02029722,-95.43305833,0,33,0,0,1,1,0,4,3,1,0,1,0,0000000,0,38,0,46,1,28,0,0,0,1,2
48,482278,1,1,0,1,1,1,1,201,0,15,9,2013,1,3,20,0,6,4,CR-AIRLINE DR,,0,29.90311111,-95.40072778,0,8,0,0,1,1,0,1,3,1,0,1,0,0000000,99,98,99,98,88,88,0,0,0,1,0
48,482279,1,1,0,0,0,2,2,201,0,15,9,2013,1,6,50,0,6,4,CR-WOODFOREST BLVD,,0,29.78880833,-95.14307778,0,33,0,0,1,1,0,4,1,1,0,1,0,0000000,99,99,99,99,99,99,0,0,0,1,1
48,482280,2,2,0,0,0,3,3,201,3280,17,9,2013,3,10,40,1,13,8,FM1093 WESTHEIMER RD,HILLCROFT ST,118,29.73761389,-95.50085833,0,12,6,0,2,2,0,1,1,1,0,1,0,0000000,10,54,10,58,11,31,0,0,0,1,0
48,482281,1,1,0,0,0,2,2,201,0,20,9,2013,6,22,45,1,2,2,US-290,,27,30.05745833,-95.89086667,0,24,0,1,19,1,0,4,2,2,0,2,0,0000000,22,45,22,54,0,4,0,0,0,1,0
48,482282,1,1,0,1,1,1,1,141,2190,21,9,2013,7,20,55,1,13,3,SR-20,,183,31.77848611,-106.5043833,0,8,0,0,1,1,0,1,3,1,0,1,0,0000000,20,56,20,59,21,13,0,0,0,1,0
48,482283,2,2,0,0,0,3,3,201,3280,22,9,2013,1,0,2,1,13,8,FM 865 CULLEN BLVD,ACRES DR,44,29.64238333,-95.35595278,0,12,6,0,2,3,0,1,3,1,0,1,0,0000000,0,2,0,5,0,23,0,0,0,1,0
48,482284,3,3,0,0,0,4,4,439,4965,22,9,2013,1,16,20,0,16,5,RUFE SNOW BLVD,,0,32.85919444,-97.23808611,0,12,6,0,8,1,0,1,1,1,0,1,0,0000000,16,27,16,44,17,9,0,0,0,1,0
48,482285,1,1,0,0,0,1,1,113,1730,23,9,2013,2,3,0,1,11,1,I-20,,256,32.68800833,-96.63505556,0,24,0,0,1,1,0,4,3,1,0,1,0,0000000,99,99,99,99,88,88,0,0,0,1,1
48,482286,2,2,0,0,0,4,4,141,2190,24,9,2013,3,13,52,0,16,5,WALTER JONES BLVD,,0,31.82713333,-106.3669806,0,12,6,0,1,1,0,1,1,1,0,1,0,0000000,14,5,14,15,14,31,0,0,0,1,0
48,482287,1,1,0,0,0,1,1,201,0,25,9,2013,4,22,49,0,6,4,CR-LITTLE YORK RD,,0,29.86581667,-95.52995556,0,34,0,0,1,1,0,4,2,1,0,1,0,0000000,23,5,23,14,23,44,0,0,0,1,1
48,482288,2,2,0,0,0,3,3,201,480,25,9,2013,4,12,45,1,12,7,SS 330 DECKER DR,,20,29.77789722,-95.02029722,0,12,6,0,1,1,0,1,1,10,0,10,0,0000000,99,99,99,99,99,99,0,0,0,1,0
48,482289,2,2,0,0,0,2,2,439,260,25,9,2013,4,7,6,1,11,7,I-30,COOPER ST,263,32.759325,-97.11449722,0,12,6,1,2,4,0,1,2,1,0,1,0,0000000,7,7,7,11,7,32,0,0,0,1,0
48,482290,2,2,0,0,0,2,2,201,0,27,9,2013,6,1,30,0,6,4,CR-BAMMEL N HOUSTON DR,CR-KLEINBROOK DR,0,29.95670833,-95.49831667,0,12,6,0,2,2,0,1,3,10,0,10,0,0000000,1,37,1,44,2,32,0,0,0,1,1
48,482291,1,1,0,1,1,1,1,201,0,27,9,2013,6,20,55,1,13,8,FM 529/SPENCER ROAD,,140,29.87936944,-95.62506111,0,8,0,0,1,1,0,1,2,1,0,1,0,0000000,88,88,88,88,88,88,0,0,0,1,0
48,482292,1,1,0,0,0,1,1,59,0,28,9,2013,7,2,17,0,4,8,FM 603/CR-227,,109,32.26354167,-99.5713,0,32,0,0,1,1,0,5,2,1,0,1,0,0000000,88,88,88,88,88,88,0,0,0,1,1
48,482293,3,2,1,0,2,2,4,113,1730,28,9,2013,7,11,17,1,11,1,I-20/LYNDON B JOHNSON FWY,,75,32.67024167,-96.92811667,0,12,1,0,1,1,0,1,1,1,0,1,0,0000000,11,21,11,27,12,13,0,0,0,1,1
48,482294,2,2,0,0,0,4,4,37,6850,29,9,2013,1,2,3,1,13,2,US-71/STATE LINE AVE,14TH ST,50,33.43453889,-94.04315556,0,12,6,0,2,2,0,1,3,2,0,2,0,0000000,2,2,2,10,2,23,0,0,0,2,1
48,482295,2,2,0,0,0,2,2,283,0,30,9,2013,2,14,20,0,4,3,SR-7,,220,28.4375,-98.8876,0,12,1,0,1,1,0,1,1,1,0,1,0,0000000,88,88,88,88,88,88,0,0,0,1,0
48,482296,1,1,0,1,1,3,3,13,0,1,10,2013,3,20,18,0,3,3,SR-16,,32,29.14311944,-98.59056944,0,8,0,0,1,1,0,2,2,1,0,1,0,0000000,88,88,88,88,88,88,0,0,0,1,0
48,482297,1,1,0,0,0,2,2,113,1730,1,10,2013,3,1,0,0,16,5,BRYAN ST,,0,32.78464167,-96.796725,0,31,0,0,1,1,0,4,3,1,0,1,0,0000000,1,2,1,6,1,26,0,0,0,1,1
48,482298,2,2,0,0,0,2,2,203,4360,1,10,2013,3,11,21,1,13,2,US-59/EAST END BLVD,ELYSIAN FIELDS RD,125,32.53593889,-94.34993056,0,12,6,0,2,2,0,1,1,1,0,1,0,0000000,11,25,11,27,11,47,0,0,0,1,0
48,482299,2,2,0,0,0,4,4,423,0,1,10,2013,3,20,48,0,3,3,SR-31,CR-2279,191,32.36231944,-95.13611944,0,12,6,0,2,3,0,1,2,1,0,1,0,0000000,20,46,20,57,21,30,0,0,0,1,0
48,482300,1,1,0,0,0,3,3,439,2990,1,10,2013,3,18,39,0,16,5,CARSON RD,,0,32.78537222,-97.2567,0,10,0,0,6,1,0,1,5,1,0,1,0,598344S,18,45,18,53,19,15,0,0,0,1,0
48,482301,2,2,0,0,0,2,2,469,0,1,10,2013,3,18,16,0,4,8,FM236,,96,28.836,-97.12102222,0,12,6,0,1,1,0,1,1,1,0,1,0,0000000,99,99,99,99,99,99,0,0,0,1,0
48,482303,2,2,0,0,0,4,4,201,3280,2,10,2013,4,3,30,0,16,5,TEXAS AVE,CHARTRES,0,29.75475556,-95.35390833,0,12,6,0,2,2,1,1,3,10,0,10,0,0000000,3,33,3,39,4,22,0,0,0,1,1
48,482304,2,2,0,0,0,2,2,255,0,2,10,2013,4,7,40,1,2,2,US-181,,71,28.93345278,-97.96220833,0,12,2,0,1,1,0,1,1,1,0,1,0,0000000,99,98,99,98,88,88,0,0,0,2,0
48,482305,2,2,0,1,1,3,3,27,0,3,10,2013,5,19,22,0,3,3,SR-36 AIRPORT RD,,57,31.21145,-97.45386667,0,8,0,0,1,1,0,2,2,1,0,1,0,0000000,19,22,19,40,20,20,0,0,0,1,1
48,482306,1,1,0,0,0,1,1,89,0,3,10,2013,5,11,11,0,4,2,US-90,,93,29.691925,-96.65545833,0,38,0,0,1,1,0,4,1,2,0,2,0,0000000,88,88,88,88,88,88,0,0,0,1,0
48,482307,1,1,0,0,0,1,1,309,0,3,10,2013,5,6,14,1,1,1,I-35,,101,31.83388333,-97.09146389,0,20,0,0,5,1,1,4,2,10,0,10,0,0000000,99,98,99,98,88,88,0,0,0,1,0
48,482308,1,1,0,0,0,2,2,357,0,3,10,2013,5,8,35,0,4,8,FM377,,83,36.39095833,-100.6814639,0,1,0,0,1,1,0,1,1,1,0,1,0,0000000,8,43,8,57,9,27,0,0,0,1,0
48,482309,1,1,0,0,0,1,1,113,0,4,10,2013,6,22,0,0,6,4,CR-LIBERTY GROVE RD,,0,32.95329167,-96.51761944,0,1,0,0,1,1,0,1,2,1,0,1,0,0000000,99,99,99,99,99,99,0,0,0,1,1
48,482310,1,1,0,0,0,1,1,113,1730,4,10,2013,6,15,20,1,12,7,US-67 MARVIN D LOVE FWY,,46,32.65535556,-96.87446111,0,30,0,0,1,1,0,4,1,1,0,1,0,0000000,15,21,15,27,16,50,0,0,0,1,1
48,482311,1,1,0,0,0,1,1,161,0,4,10,2013,6,3,50,0,3,3,SR-14,,42,31.75924444,-96.47119722,0,42,0,0,1,1,0,4,2,10,0,10,0,0000000,88,88,88,88,88,88,0,0,0,1,0
48,482312,2,2,0,0,0,4,4,181,6350,4,10,2013,6,17,24,0,14,8,FM 1417,,10,33.59849167,-96.58980833,0,12,1,0,8,1,0,1,1,1,0,1,0,0000000,17,31,17,46,18,33,0,0,0,1,1
48,482313,2,2,0,0,0,3,3,185,0,4,10,2013,6,9,0,0,3,3,SR-30,SR-90,200,30.58453611,-95.944075,0,12,6,0,2,2,0,1,1,1,0,1,0,0000000,9,7,9,21,9,57,0,0,0,1,0
48,482314,2,2,0,0,0,2,2,339,1510,4,10,2013,6,14,40,1,13,3,SR-75 FRAZIER ST,SL 336,173,30.28066111,-95.45630833,0,12,6,0,2,2,0,1,1,10,0,10,0,0000000,14,41,14,50,15,15,0,0,0,1,1
48,482315,1,1,0,0,0,4,4,371,0,4,10,2013,6,7,15,1,1,1,I-10,,163,30.7425,-101.8600306,0,1,0,0,1,1,0,3,2,1,0,1,0,0000000,99,99,99,99,99,99,0,0,0,1,0
48,482316,1,1,0,0,0,1,1,53,0,5,10,2013,7,6,15,0,3,2,US-183,,126,30.95233056,-98.03416667,0,38,0,0,1,1,0,4,2,1,0,1,0,0000000,88,88,88,88,88,88,0,0,0,1,1
48,482317,2,2,0,0,0,2,2,105,0,5,10,2013,7,16,20,0,4,2,US-190,SH-163,303,30.91053611,-101.1614028,0,12,6,0,2,2,0,1,1,1,0,1,0,0000000,16,28,16,40,17,42,0,0,0,1,0
48,482318,1,1,0,1,1,1,1,113,387,5,10,2013,7,22,5,0,16,5,LAKE JUNE RD,,0,32.73399444,-96.629,0,9,0,0,1,1,0,1,3,2,0,2,0,0000000,88,88,88,88,88,88,0,0,0,1,1
48,482319,1,1,0,0,0,2,2,121,3960,5,10,2013,7,14,46,1,11,1,I-35E,,44,33.05505,-97.01115556,0,1,0,1,18,1,0,1,1,10,0,10,0,0000000,14,48,14,55,15,8,0,0,0,1,1
48,482320,2,2,0,0,0,3,3,157,6660,5,10,2013,7,22,20,1,12,8,UA90,ALKIRE LAKES DR,285,29.62459167,-95.61119444,0,12,6,0,2,3,0,1,3,1,0,1,0,0000000,22,31,22,49,23,10,0,0,0,1,0
48,482321,1,1,0,0,0,1,1,191,0,5,10,2013,7,20,26,0,6,4,CR-8,,0,34.35927222,-100.8232917,0,1,0,0,1,1,0,4,2,1,0,1,0,0000000,88,88,88,88,88,88,0,0,0,1,0
48,482322,2,2,0,0,0,3,3,201,3280,5,10,2013,7,19,45,1,11,1,I-45 NORTH FWY,,252,29.76705278,-95.36661944,0,5,0,0,1,1,0,1,3,10,0,10,0,0000000,99,98,99,98,88,88,14,0,0,1,0
48,482323,1,1,0,0,0,1,1,223,0,5,10,2013,7,15,32,0,5,8,FM3389,,105,33.03970278,-95.71428333,0,1,0,0,1,1,0,1,1,10,0,10,0,0000000,88,88,88,88,88,88,0,0,0,1,0
48,482324,1,1,0,0,0,1,1,303,0,5,10,2013,7,1,12,1,1,1,I-27,,246,33.82057222,-101.8406722,0,1,0,0,1,1,0,10,3,1,0,1,0,0000000,1,12,1,17,1,56,0,0,0,1,1
48,482325,2,2,0,0,0,2,2,325,0,5,10,2013,7,7,14,0,4,8,FM471,,2,29.52215833,-98.81416389,0,12,2,0,1,1,0,1,1,10,0,10,0,0000000,7,22,7,45,8,22,0,0,0,1,0
48,482326,1,1,0,0,0,1,1,469,0,5,10,2013,7,10,30,0,4,8,FM1090,,20,28.6796,-96.74752778,0,1,0,0,1,1,0,4,1,1,0,1,0,0000000,88,88,88,88,88,88,0,0,0,1,0
48,482327,1,1,0,0,0,2,2,141,2190,6,10,2013,1,5,38,1,12,2,US-54 GATEWAY NORTH BLVD,,232,31.9862,-106.3456472,0,1,0,0,1,1,0,4,2,1,0,1,0,0000000,5,42,5,51,6,32,0,0,0,1,0
48,482328,2,2,0,0,0,2,2,267,0,6,10,2013,1,20,20,0,3,2,US-83,,38,30.67015833,-99.78153056,0,12,2,0,1,1,0,1,2,1,0,1,0,0000000,99,98,99,98,88,88,0,0,0,2,0
48,482329,1,1,0,0,0,1,1,279,0,6,10,2013,1,22,2,1,2,2,US-84,,49,34.08716111,-102.5549222,0,30,0,0,1,1,0,4,2,1,0,1,0,0000000,22,6,22,11,22,50,0,0,0,1,1
48,482330,1,1,0,1,1,1,1,21,460,7,10,2013,2,22,38,1,13,3,SR-21,,139,30.11036389,-97.34389167,0,8,0,0,1,1,0,1,2,1,0,1,0,0000000,99,98,99,98,88,88,0,0,0,1,0
48,482331,2,2,0,1,1,2,2,201,3280,7,10,2013,2,22,0,1,13,3,SR-6,,94,29.81301111,-95.64541667,0,12,1,0,1,1,0,1,2,1,0,1,0,0000000,22,12,22,24,23,21,23,0,0,1,0
48,482332,1,1,0,0,0,1,1,215,0,7,10,2013,2,3,0,0,6,4,CR-LOTT RD,,0,26.14117222,-98.05634722,0,18,0,0,1,1,0,4,2,1,0,1,0,0000000,88,88,88,88,88,88,0,0,0,1,1
48,482333,3,3,0,0,0,3,3,439,260,7,10,2013,2,18,4,1,12,7,SR-360 WATSON RD,,125,32.74416944,-97.06223889,0,24,0,0,1,1,0,10,5,1,0,1,0,0000000,88,88,88,88,88,88,14,0,0,1,0
48,482334,3,3,0,0,0,3,3,439,9997,7,10,2013,2,19,15,1,11,1,I-35W,,15,32.56066944,-97.318975,0,12,6,1,5,1,0,1,5,1,0,1,0,0000000,88,88,88,88,88,88,14,0,0,1,0
48,482336,2,2,0,0,0,4,4,445,0,8,10,2013,3,20,36,1,2,2,US-82/380,,124,33.18164722,-102.3813639,0,12,2,0,1,1,0,1,2,1,0,1,0,0000000,20,55,21,28,21,55,0,0,0,2,0
48,482337,2,2,0,0,0,2,2,39,130,9,10,2013,4,21,0,1,12,3,SR-35 SOUTH GORDON,,52,29.39809167,-95.24707222,0,12,6,0,8,1,0,1,2,1,0,1,0,0000000,99,99,99,99,99,99,0,0,0,1,0
48,482338,1,1,0,2,2,1,1,29,6090,9,10,2013,4,4,58,1,13,8,SS 421 CULEBRA RD,ZARZAMORA ST,25,29.44516111,-98.524925,0,8,0,0,3,2,0,1,3,1,0,1,0,0000000,4,59,5,2,5,36,0,0,0,1,0
48,482339,2,2,0,0,0,2,2,61,940,9,10,2013,4,9,27,0,16,5,PORT ISABEL RD,CESAR LN,0,25.95678611,-97.460875,0,12,6,0,3,3,0,1,1,1,0,1,0,0000000,9,27,9,34,9,51,0,0,0,1,0
48,482340,2,2,0,0,0,2,2,355,1550,9,10,2013,4,7,54,0,16,5,MCKINZIE RD,,0,27.813325,-97.57228056,0,12,2,0,1,1,0,1,1,1,0,1,0,0000000,88,88,88,88,88,88,0,0,0,1,0
48,482341,1,1,0,0,0,1,1,491,5990,9,10,2013,4,20,46,1,11,7,I-35,,35,30.53223889,-97.69111389,0,30,0,0,1,1,0,4,3,1,0,1,0,0000000,20,49,20,56,21,10,0,0,0,1,0
48,482342,3,3,0,0,0,3,3,29,0,10,10,2013,5,19,20,0,3,8,SL-1604,,111,29.32541389,-98.68586389,0,12,1,0,1,1,0,1,1,1,0,1,0,0000000,19,30,19,39,19,55,0,0,0,1,0
48,482343,3,3,0,1,1,1,1,113,1730,10,10,2013,5,2,28,1,11,1,I-635/LYNDON B JOHNSON FWY,,97,32.92600278,-96.822275,0,8,0,1,18,1,1,1,2,1,0,1,0,0000000,99,99,99,99,99,99,19,23,0,1,1
48,482344,1,1,0,0,0,4,4,149,0,10,10,2013,5,12,17,0,4,8,FM 154,,113,29.79968056,-97.08795,0,1,0,0,1,1,0,1,1,1,0,1,0,0000000,12,19,12,35,12,51,0,0,0,1,0
48,482345,1,1,0,0,0,1,1,201,5230,10,10,2013,5,23,59,0,16,5,HEIGHTS ST,,0,29.69218889,-95.17198056,0,43,0,0,1,1,0,4,2,1,0,1,0,0000000,88,88,88,88,88,88,0,0,0,1,0
48,482346,2,2,0,0,0,2,2,231,0,10,10,2013,5,12,1,0,3,2,US-69,,47,33.23325,-96.16501944,0,12,1,0,8,1,0,1,1,1,0,1,0,0000000,99,99,99,99,99,99,0,0,0,1,0
48,482347,2,2,0,0,0,2,2,257,4190,10,10,2013,5,7,50,0,4,3,SR-198,,13,32.38886944,-96.07943889,0,12,1,0,8,1,0,1,1,1,0,1,0,0000000,88,88,88,88,88,88,0,0,0,1,1
48,482348,2,2,0,0,0,3,3,297,0,10,10,2013,5,6,22,0,3,3,SR-72,,46,28.51095,-98.1209,0,12,2,0,1,1,0,1,2,1,0,1,0,0000000,99,99,99,99,99,99,0,0,0,1,0
48,482350,1,1,0,0,0,1,1,471,0,10,10,2013,5,20,35,0,4,8,FM 1791,,110,30.63455,-95.6968,0,1,0,0,1,1,0,4,2,1,0,1,0,0000000,20,41,21,6,21,52,0,0,0,1,0
48,482351,2,2,0,0,0,2,2,29,6090,11,10,2013,6,6,28,1,13,8,SL13 SW MILITARY DR,SL353 NEW LAREDO HWY,0,29.358275,-98.55928056,0,12,6,0,8,1,0,1,3,10,0,10,0,0000000,6,29,6,29,7,10,0,0,0,1,0
48,482352,1,1,0,0,0,2,2,31,0,11,10,2013,6,16,27,1,2,2,US-281,,393,29.94366667,-98.41021667,0,32,0,0,1,1,0,4,1,1,0,1,0,0000000,16,43,16,58,17,24,0,0,0,1,0
48,482353,1,1,0,0,0,2,2,257,0,11,10,2013,6,23,30,0,3,3,SR-243,,133,32.57890556,-96.23437778,0,1,0,0,1,1,0,4,2,1,0,1,0,0000000,7,12,7,18,8,5,18,0,0,1,0
48,482354,2,2,0,0,0,2,2,499,0,11,10,2013,6,10,0,0,3,3,SR-154,CR-1895,67,32.88115,-95.54941944,0,12,6,0,2,3,0,1,1,1,0,1,0,0000000,10,8,10,18,10,58,0,0,0,1,0
48,482355,2,2,0,0,0,3,3,3,0,12,10,2013,7,6,33,0,3,3,SR-115,SL1910,18,32.32364444,-102.5169639,0,12,6,0,2,2,0,1,2,1,0,1,0,0000000,6,42,7,7,8,6,0,0,0,2,0
48,482356,1,1,0,0,0,2,2,187,6290,12,10,2013,7,2,24,1,1,1,I-10,,207,29.61016389,-97.86963333,0,1,0,0,1,1,0,3,3,1,0,1,0,0000000,2,45,2,57,3,33,0,0,0,1,0
48,482357,1,1,0,0,0,1,1,315,0,12,10,2013,7,13,13,0,4,8,FM729,,152,32.779125,-94.46941667,0,1,0,0,1,1,0,4,1,1,0,1,0,0000000,99,99,99,99,99,99,0,0,0,1,0
48,482358,1,1,0,0,0,1,1,439,260,12,10,2013,7,14,23,0,16,5,E GREEN OAKS BLVD,,0,32.652825,-97.09346111,0,44,0,0,1,1,0,1,1,1,0,1,0,0000000,14,23,14,30,14,44,0,0,0,1,0
48,482359,1,1,0,0,0,2,2,29,6090,13,10,2013,1,14,15,1,11,1,I-37,,31,29.33002778,-98.41351667,0,1,0,1,5,1,0,1,1,2,0,2,0,0000000,99,98,99,98,88,88,0,0,0,2,0
48,482360,1,1,0,0,0,4,4,29,6090,13,10,2013,1,0,12,1,12,8,SS371 GENERAL HUDNELL DR,,1,29.40058611,-98.53701944,0,42,0,1,5,1,0,10,3,2,0,2,0,0000000,0,13,0,23,0,54,0,0,0,1,1
48,482361,2,2,0,0,0,4,4,309,0,12,10,2013,7,14,54,0,3,2,US-84,,161,31.63963333,-96.92553611,0,12,2,0,1,1,0,1,1,2,0,2,0,0000000,14,54,15,6,15,39,0,0,0,2,1
48,482362,1,1,0,0,0,1,1,253,0,13,10,2013,1,7,43,0,4,8,FM1812,,134,32.61180278,-100.0025306,0,35,0,0,1,1,0,4,2,10,0,10,0,0000000,88,88,88,88,88,88,0,0,0,1,1
48,482363,2,2,0,0,0,2,2,277,5220,13,10,2013,1,8,50,0,15,8,FM1497 SE 3RD ST,SL286,15,33.63111389,-95.55480278,0,12,6,0,2,2,0,1,1,10,0,10,0,0000000,8,51,8,57,9,19,0,0,0,1,0
48,482364,2,2,0,0,0,4,4,299,0,13,10,2013,1,15,2,0,3,3,SR-71,RM962,210,30.53666944,-98.44301667,0,12,6,0,2,3,0,1,1,2,0,2,0,0000000,99,99,99,99,99,99,0,0,0,1,0
48,482365,1,1,0,0,0,1,1,477,0,13,10,2013,1,0,18,0,4,8,FFM912,,0,30.29234167,-96.21952778,0,42,0,0,1,1,0,4,2,10,0,10,0,0000000,88,88,88,88,88,88,0,0,0,1,0
48,482366,2,2,0,0,0,2,2,21,0,14,10,2013,2,10,10,1,2,3,SR-21,,8,30.21746667,-97.11601389,0,12,6,0,1,1,0,1,1,2,0,2,0,0000000,99,98,99,98,88,88,0,0,0,1,0
48,482367,4,4,0,0,0,5,5,133,0,14,10,2013,2,10,54,1,1,1,I-20,,107,32.49773611,-98.539075,0,12,7,0,1,1,0,1,1,2,0,2,0,0000000,99,98,99,98,88,88,0,0,0,1,0
48,482368,2,2,0,0,0,4,4,291,3025,14,10,2013,2,20,53,0,3,3,SR-146,2003,227,30.16388889,-94.73955278,0,12,1,0,3,4,0,1,2,1,0,1,0,0000000,21,2,21,19,22,5,0,0,0,1,0
48,482369,1,1,0,0,0,1,1,439,2450,14,10,2013,2,6,20,1,11,1,I-820,,276,32.78208889,-97.21258611,0,24,0,0,1,1,0,4,2,2,0,2,0,0000000,88,88,88,88,88,88,0,0,0,1,0
48,482370,2,2,0,0,0,2,2,497,9997,14,10,2013,2,5,31,0,4,3,SR-101,1776,23,33.40679167,-97.81828889,0,51,0,0,3,2,0,1,2,2,0,2,0,0000000,99,98,99,98,88,88,0,0,0,1,0
48,482371,2,2,0,0,0,4,4,201,3280,15,10,2013,3,0,9,1,11,1,I-10 KATY FWY,,248,29.77732222,-95.41809722,0,12,6,1,18,1,0,1,2,1,0,1,0,0000000,0,15,0,22,0,35,0,0,0,1,1
48,482372,1,1,0,1,1,1,1,439,2450,15,10,2013,3,6,40,1,13,8,SS 580 CAMP BOWIE BLVD,RENZEL BLVD,43,32.72456111,-97.47505,0,8,0,0,3,3,0,1,3,1,0,1,0,0000000,6,40,6,44,7,3,0,0,0,1,0