STATE,ST_CASE,VE_TOTAL,VE_FORMS,PVH_INVL,PEDS,PERNOTMVIT,PERMVIT,PERSONS,COUNTY,CITY,DAY,MONTH,YEAR,DAY_WEEK,HOUR,MINUTE,NHS,ROAD_FNC,ROUTE,TWAY_ID,TWAY_ID2,MILEPT,LATITUDE,LONGITUD,SP_JUR,HARM_EV,MAN_COLL,RELJCT1,RELJCT2,TYP_INT,WRK_ZONE,REL_ROAD,LGT_COND,WEATHER1,WEATHER2,WEATHER,SCH_BUS,RAIL,NOT_HOUR,NOT_MIN,ARR_HOUR,ARR_MIN,HOSP_HR,HOSP_MN,CF1,CF2,CF3,FATALS,DRUNK_DR
48,482373,2,2,0,0,0,2,2,209,0,16,10,2013,4,6,24,1,2,2,US-290,,150,30.19657778,-97.99888056,0,12,6,0,1,1,0,2,2,2,0,2,0,0000000,99,99,99,99,88,88,0,0,0,1,0
48,482374,2,2,0,0,0,2,2,465,1820,16,10,2013,4,17,31,0,16,5,E 4TH ST,AVE D,0,29.36874722,-100.9016972,0,12,6,0,2,2,0,1,1,1,0,1,0,0000000,17,32,17,38,17,56,0,0,0,1,0
48,482375,2,2,0,0,0,2,2,503,0,16,10,2013,4,6,15,1,2,3,SR-114,,120,33.33237778,-98.66151944,0,12,2,0,1,1,0,1,2,1,0,1,0,0000000,88,88,88,88,88,88,0,0,0,2,0
48,482376,2,2,0,0,0,2,2,29,6090,17,10,2013,5,18,26,0,16,5,BITTERS RD,,0,29.5932,-98.52771667,0,12,6,0,8,1,0,1,1,1,0,1,0,0000000,99,99,99,99,99,99,0,0,0,1,1
48,482377,2,2,0,0,0,2,2,209,0,17,10,2013,5,12,1,0,3,8,RM 12,,225,29.91714722,-98.04500833,0,12,6,0,1,1,0,1,1,1,0,1,0,0000000,12,14,12,37,13,23,0,0,0,1,0
48,482378,2,2,0,0,0,2,2,325,0,17,10,2013,5,14,16,0,4,8,PR 37,,31,29.63803611,-98.82840278,0,12,6,0,1,1,0,1,1,1,0,1,0,0000000,88,88,88,88,88,88,0,0,0,1,0
48,482379,1,1,0,0,0,1,1,29,6090,18,10,2013,6,0,7,1,11,7,I-410,,90,29.43641111,-98.644375,0,33,0,1,19,1,0,10,3,1,0,1,0,0000000,88,88,88,88,88,88,0,0,0,1,1
48,482380,1,1,0,0,0,1,1,245,0,18,10,2013,6,0,30,0,4,8,FM 365,,147,29.92901389,-94.258125,0,59,0,0,1,1,0,4,3,1,0,1,0,0000000,99,99,99,99,99,99,0,0,0,1,1
48,482381,1,1,0,1,1,1,1,201,3280,19,10,2013,7,17,30,0,16,5,MAGNOLIA COVE,,0,30.0325,-95.17288056,0,8,0,0,1,1,0,1,1,1,0,1,0,0000000,17,35,17,41,18,17,0,0,0,1,0
48,482382,1,1,0,0,0,1,1,201,3280,19,10,2013,7,20,0,0,16,5,BEVERLYHILL ST,,0,29.72987222,-95.53301944,0,42,0,0,1,1,0,4,2,1,0,1,0,0000000,99,99,99,99,88,88,0,0,0,1,1
48,482383,1,1,0,0,0,1,1,355,0,19,10,2013,7,4,45,0,4,8,FM 666,,2,27.93452222,-97.77606667,0,59,0,0,1,1,0,4,2,1,0,1,0,0000000,99,98,99,98,88,88,0,0,0,1,1
48,482384,1,1,0,0,0,1,1,439,2450,19,10,2013,7,14,30,0,16,5,CALLOWAY CEMETERY RD,,0,32.81081667,-97.090425,0,10,0,0,6,1,0,1,1,1,0,1,0,598361H,99,98,99,98,88,88,0,0,0,1,0
48,482385,1,1,0,0,0,1,1,139,4570,21,10,2013,2,18,45,1,13,8,BU 287Q MAIN ST,14TH ST,76,32.48009722,-96.98752778,0,30,0,0,3,2,0,8,5,1,0,1,0,0000000,18,46,18,48,19,26,0,0,0,1,0
48,482386,2,2,0,0,0,4,4,245,0,22,10,2013,3,0,30,1,1,1,I-10,,131,29.99308889,-94.20238333,0,57,0,0,1,1,0,3,2,1,0,1,0,0000000,1,1,1,26,2,5,0,0,0,1,0
48,482387,1,1,0,3,3,3,3,29,6090,23,10,2013,4,7,15,0,16,5,CULEBRA RD,CONSUELO,0,29.44928611,-98.58139722,0,8,0,0,1,1,0,11,3,1,0,1,0,0000000,7,22,7,30,7,57,0,0,0,1,0
48,482388,2,2,0,0,0,3,3,209,6170,24,10,2013,5,15,56,1,13,7,I-35,SR-123,100,29.87012778,-97.93911944,0,12,6,1,2,2,0,1,1,1,0,1,0,0000000,99,98,99,98,88,88,0,0,0,1,0
48,482389,2,2,0,0,0,2,2,201,3280,25,7,2013,5,13,30,0,16,5,LAKE HOUSTON PKWY,MAGNOLIA COVE DR,0,30.03581389,-95.17433611,0,12,6,0,2,2,0,1,1,10,0,10,0,0000000,13,30,13,35,14,47,0,0,0,1,0
48,482391,2,2,0,0,0,2,2,201,3280,7,9,2013,7,0,45,1,12,3,SR-288,,70,29.65793611,-95.38696389,0,12,1,0,1,1,0,1,3,1,0,1,0,0000000,0,45,0,57,1,8,0,0,0,1,0
48,482392,1,1,0,0,0,1,1,201,3280,15,9,2013,1,5,35,1,11,1,I-610,,58,29.81299167,-95.37466389,0,42,0,1,19,1,0,4,3,1,0,1,0,0000000,5,35,5,43,6,8,0,0,0,1,0
48,482393,2,2,0,0,0,3,3,309,7210,27,9,2013,6,13,20,1,12,3,SR-6,,194,31.50993333,-97.18565556,0,12,1,0,1,1,0,1,1,1,0,1,0,0000000,13,24,13,31,14,1,0,0,0,1,0
48,482395,5,5,0,0,0,12,12,309,7210,3,10,2013,5,10,26,0,14,8,SL396 N VALLEY MILLS DR,BOSQUE BLVD,13,31.53196389,-97.19504444,0,12,1,0,3,2,0,1,1,10,0,10,0,0000000,11,29,11,31,11,53,0,0,0,1,1
48,482396,1,1,0,1,1,1,1,361,7200,3,10,2013,5,23,9,1,11,7,I-10,,105,30.12979722,-93.93756111,0,8,0,0,1,1,0,1,2,1,0,1,0,0000000,99,98,99,98,88,88,0,0,0,1,0
48,482397,2,2,0,0,0,2,2,181,6350,4,10,2013,6,8,27,0,3,8,FM1417 HERITAGE PKWY,,11,33.69237778,-96.64927778,0,12,1,0,8,1,0,1,1,1,0,1,0,0000000,99,99,99,99,99,99,0,0,0,1,0
48,482398,1,1,0,0,0,2,2,309,0,5,10,2013,7,12,55,1,2,3,SR-31,,75,31.63965833,-97.01325556,0,1,0,0,1,1,0,3,1,10,0,10,0,0000000,13,9,13,19,13,58,0,0,0,1,0
48,482399,1,1,0,0,0,1,1,329,4560,5,10,2013,7,4,45,1,12,7,SL250,,36,31.96078889,-102.1442056,0,33,0,0,1,1,0,4,3,1,0,1,0,0000000,4,46,4,52,5,10,0,0,0,1,0
48,482400,1,1,0,1,1,1,1,339,0,8,10,2013,3,18,30,0,6,4,CR-BRECKENRIDGE DR,,0,30.20074444,-95.5902,0,9,0,0,8,1,0,1,1,1,0,1,0,0000000,99,99,99,99,18,54,0,0,0,1,0
48,482401,3,3,0,0,0,3,3,201,3280,10,10,2013,5,9,0,1,11,1,I-610,,74,29.81160278,-95.34724722,0,12,1,0,1,1,0,1,1,1,0,1,0,0000000,9,11,9,17,9,39,23,0,0,1,0
48,482402,1,1,0,0,0,1,1,319,0,10,10,2013,5,10,0,0,5,8,RM1222,,11,30.84451944,-99.38788333,0,1,0,0,1,1,0,4,1,1,0,1,0,0000000,88,88,88,88,88,88,0,0,0,1,0
48,482403,1,1,0,0,0,3,3,453,5325,10,10,2013,5,18,38,1,12,3,SR-130,,244,30.47539444,-97.59049722,0,1,0,0,1,1,0,3,1,10,0,10,0,0000000,18,44,18,55,99,99,0,0,0,3,0
48,482404,1,1,0,0,0,1,1,361,7200,11,10,2013,6,10,10,1,14,3,SR-12,,198,30.16770278,-93.94366389,0,32,0,0,1,1,0,4,1,10,0,10,0,0000000,88,88,88,88,88,88,0,0,0,1,0
48,482405,2,2,0,0,0,2,2,439,260,11,10,2013,6,15,22,1,13,8,FM157,,114,32.655625,-97.13465,0,12,6,0,8,1,0,1,1,1,0,1,0,0000000,15,22,15,29,15,53,0,0,0,1,0
48,482406,1,1,0,0,0,3,3,183,4080,12,10,2013,7,14,48,1,11,1,I-20,,154,32.44480833,-94.72411667,0,25,0,0,1,1,0,3,1,2,0,2,0,0000000,14,55,14,59,15,7,0,0,0,1,0
48,482407,1,1,0,0,0,1,1,215,0,11,10,2013,6,16,22,0,6,4,CR-RANCHO ALTO DR,,0,26.382925,-98.09398333,0,1,0,0,1,1,0,4,1,1,0,1,0,0000000,88,88,88,88,88,88,0,0,0,1,1
48,482408,2,2,0,0,0,3,3,113,1190,13,10,2013,1,3,47,0,16,5,PRESIDENT GEORGE BUSH TPKE,,0,32.98518333,-96.89338333,0,12,2,0,1,1,0,1,3,1,0,1,0,0000000,3,50,4,1,4,31,0,0,0,2,1
48,482409,1,1,0,0,0,1,1,329,4560,12,10,2013,7,21,57,1,11,1,I-20,,123,31.96476667,-102.1065528,0,1,0,0,1,1,0,3,2,1,0,1,0,0000000,21,59,22,7,22,18,0,0,0,1,0
48,482410,1,1,0,0,0,2,2,141,2190,13,10,2013,1,4,16,1,12,8,SL375,,60,31.79049722,-106.2681083,0,26,0,0,1,1,0,3,3,1,0,1,0,0000000,4,18,4,27,5,2,0,0,0,1,0
48,482411,1,1,0,0,0,1,1,239,0,13,10,2013,1,3,41,0,5,8,FM 616,,342,28.8099,-96.64179722,0,42,0,0,1,1,0,4,2,1,0,1,0,0000000,99,98,99,98,88,88,0,0,0,1,1
48,482412,2,2,0,0,0,2,2,145,0,14,10,2013,2,12,40,0,4,8,BS 7,,120,31.28983611,-97.07166667,0,12,6,0,1,1,0,1,1,2,0,2,0,0000000,99,98,99,98,88,88,0,0,0,1,0
48,482413,2,2,0,0,0,4,4,133,0,15,10,2013,3,17,45,1,1,1,I-20,,90,32.48672222,-98.5646,0,43,0,0,1,1,0,3,5,2,0,2,0,0000000,17,42,17,50,18,45,0,0,0,1,0
48,482414,1,1,0,0,0,1,1,289,0,16,10,2013,4,4,50,0,4,8,FM 39,,237,31.26272222,-96.12126111,0,1,0,0,1,1,0,1,2,2,0,2,0,0000000,4,46,4,55,6,20,0,0,0,1,0
48,482415,1,1,0,0,0,1,1,43,0,17,10,2013,5,17,45,0,4,3,SR-118,,179,30.17066389,-103.5830583,0,1,0,0,1,1,0,4,1,1,0,1,0,0000000,99,98,99,98,88,88,0,0,0,1,0
48,482416,2,2,0,0,0,2,2,175,0,17,10,2013,5,6,30,0,4,8,FM 2442,,17,28.71000833,-97.67443056,0,12,2,0,1,1,0,1,2,1,0,1,0,0000000,6,32,6,56,8,2,0,0,0,1,0
48,482417,1,1,0,1,1,1,1,201,3280,17,10,2013,5,22,50,0,16,5,ALLUM RD,,0,29.64102778,-95.44977778,0,8,0,0,1,1,0,1,3,10,0,10,0,0000000,99,98,99,98,88,88,0,0,0,1,1
48,482418,3,3,0,0,0,4,4,297,0,17,10,2013,5,14,0,0,3,3,SR-72,,100,28.46283333,-98.19248056,0,12,6,0,8,1,0,1,1,1,0,1,0,0000000,99,99,99,99,99,99,0,0,0,1,0
48,482419,2,2,0,0,0,3,3,11,0,18,10,2013,6,17,46,1,2,2,US-287,,170,35.10103056,-101.3332833,0,12,6,0,1,1,1,1,5,10,0,10,0,0000000,99,98,99,98,88,88,0,0,0,1,0
48,482420,2,2,0,0,0,3,3,203,0,18,10,2013,6,18,7,0,3,8,FM 2208,,57,32.53896111,-94.70085833,0,12,6,0,8,1,0,1,1,1,0,1,0,0000000,17,56,18,2,18,15,0,0,0,1,1
48,482421,1,1,0,0,0,2,2,339,0,18,10,2013,6,3,45,0,6,5,CR-CREIGHTON RD,,0,30.28633889,-95.40815,0,42,0,0,1,1,0,4,2,1,0,1,0,0000000,99,99,99,99,99,99,0,0,0,1,1
48,482422,1,1,0,1,1,1,1,389,0,19,10,2013,7,1,55,1,1,1,I-20,,427,31.39653056,-103.5856194,0,8,0,0,1,1,0,1,2,1,0,1,0,0000000,1,59,1,59,2,32,0,0,0,1,0
48,482423,1,1,0,0,0,1,1,477,1041,19,10,2013,7,19,45,1,2,2,US-290,,57,30.17675,-96.59535,0,11,0,0,1,1,0,1,2,1,0,1,0,0000000,99,99,99,99,99,99,0,0,0,1,0
48,482424,1,1,0,0,0,1,1,113,3880,20,10,2013,1,2,40,1,11,1,I-20,,152,32.64376389,-96.79267778,0,24,0,0,1,1,0,4,3,1,0,1,0,0000000,88,88,88,88,88,88,0,0,0,1,1
48,482425,2,2,0,0,0,3,3,201,3280,20,10,2013,1,2,22,0,16,5,DOWLING ST,POLK,0,29.74750278,-95.35470278,0,12,6,0,2,2,0,1,2,1,0,1,0,0000000,2,23,2,28,3,26,0,0,0,1,2
48,482426,2,2,0,1,1,1,1,201,3280,20,10,2013,1,3,25,1,11,1,I-610/NORTH LP,,40,29.81305278,-95.40453889,0,8,0,0,1,1,0,1,3,1,0,1,0,0000000,88,88,88,88,88,88,19,23,0,1,1
48,482427,2,2,0,0,0,3,3,453,330,20,10,2013,1,4,39,1,11,1,I-35,,100,30.16785,-97.78576389,0,12,1,0,1,1,0,1,3,1,0,1,0,0000000,4,41,4,44,5,9,0,0,0,1,1
48,482428,1,1,0,0,0,1,1,21,0,21,10,2013,2,5,37,0,6,4,CR-SAND HILLS RD,,0,29.95192222,-97.43369722,0,42,0,0,1,1,0,4,2,10,0,10,0,0000000,88,88,88,88,88,88,0,0,0,1,0
48,482429,1,1,0,1,1,1,1,29,6090,21,10,2013,2,7,36,0,16,5,BUENA VISTA ST,,0,29.42616667,-98.51745833,0,8,0,0,1,1,0,1,1,1,0,1,0,0000000,99,99,99,99,99,99,0,0,0,1,0
48,482430,3,3,0,0,0,4,4,361,5100,21,10,2013,2,19,28,1,11,1,I-10 RAMP,,226,30.12021111,-93.74195,0,57,0,1,5,1,0,3,5,5,0,5,0,0000000,99,98,99,98,88,88,0,0,0,2,1
48,482431,1,1,0,1,1,1,1,61,940,22,10,2013,3,1,15,0,16,5,PRICE RD,,0,25.93138056,-97.46477222,0,9,0,0,1,1,0,1,2,2,0,2,0,0000000,1,18,1,20,2,1,0,0,0,1,1
48,482432,2,2,0,0,0,2,2,113,2590,22,10,2013,3,15,7,0,16,5,JUPITER RD,MILLER PARK DR,0,32.904825,-96.68299444,0,12,6,0,2,2,0,1,1,1,0,1,0,0000000,15,7,15,11,15,33,0,0,0,1,0
48,482433,2,2,0,0,0,2,2,453,0,22,10,2013,3,16,15,0,6,4,CR-DESSAU RD,,0,30.39725556,-97.64243333,0,12,6,0,4,1,0,1,1,1,0,1,0,0000000,16,18,16,21,17,33,0,0,0,1,0
48,482434,2,2,0,0,0,1,1,185,0,23,10,2013,4,8,27,0,5,8,FM 3090,,134,30.47630833,-96.05858056,0,12,1,0,1,1,0,1,1,10,0,10,0,0000000,99,99,99,99,99,99,0,0,0,1,0
48,482435,1,1,0,2,2,1,1,215,2110,23,10,2013,4,9,25,0,16,5,CANTON RD,,0,26.27745,-98.17883611,0,9,0,0,1,1,0,1,1,1,0,1,0,0000000,9,22,9,26,9,34,0,0,0,1,0
48,482436,1,1,0,0,0,2,2,359,0,23,10,2013,4,7,37,1,1,1,I-40,,72,35.21563889,-102.9096583,0,31,0,0,1,1,0,4,1,1,0,1,0,0000000,8,0,8,53,9,31,0,0,0,1,0
48,482437,1,1,0,0,0,1,1,407,0,23,10,2013,4,10,46,0,3,3,SR-150,,141,30.56779167,-95.15190278,1,1,0,0,1,1,2,4,1,1,0,1,0,0000000,10,56,11,23,12,14,0,0,0,1,0
48,482438,3,3,0,0,0,4,4,453,330,23,10,2013,4,0,53,1,12,8,LP 1 MOPAC BLVD,,63,30.40208056,-97.72845,0,12,2,0,1,1,0,1,2,1,0,1,0,0000000,0,56,1,4,1,31,0,0,0,2,1
48,482439,1,1,0,0,0,2,2,499,0,23,10,2013,4,21,20,0,6,4,CR-4760,CR-4761,0,32.86496111,-95.31332778,0,1,0,0,3,4,0,1,2,1,0,1,0,0000000,99,99,99,99,99,99,0,0,0,1,0
48,482440,2,2,0,0,0,2,2,27,3027,24,10,2013,5,15,26,0,14,8,FM 3481 STILLHOUSE LAKE RD,,7,31.0466,-97.65726389,0,12,6,0,1,1,0,1,1,10,0,10,0,0000000,15,26,15,29,16,10,0,0,0,1,0
48,482441,1,1,0,0,0,1,1,157,6568,24,10,2013,5,14,5,0,16,5,CRAVENS RD,,0,29.634425,-95.53905833,0,35,0,0,1,1,0,4,1,1,0,1,0,0000000,14,11,14,18,15,2,0,0,0,1,0
48,482442,2,2,0,0,0,2,2,99,1540,25,10,2013,6,20,5,1,13,2,US-190,LAURA ST,35,31.12000833,-97.89206111,0,12,2,0,2,3,0,1,3,1,0,1,0,0000000,20,10,20,13,20,53,0,0,0,1,0
48,482443,1,1,0,0,0,1,1,329,4560,25,10,2013,6,17,10,1,2,3,SR-191,,51,31.97528889,-102.2470639,0,25,0,0,5,1,0,3,1,1,0,1,0,0000000,17,11,17,20,17,34,0,0,0,1,0
48,482444,1,1,0,0,0,1,1,363,0,25,10,2013,6,6,45,1,1,7,I-20,,20,32.52214167,-98.3447,0,1,0,0,1,1,0,10,2,1,0,1,0,0000000,88,88,88,88,88,88,0,0,0,1,0
48,482445,2,2,0,0,0,2,2,453,330,25,10,2013,6,22,13,0,16,5,MANCHACA RD,,0,30.230625,-97.787875,0,12,6,0,8,1,0,1,3,1,0,1,0,0000000,22,14,22,16,22,49,0,0,0,1,0
48,482446,2,2,0,0,0,3,3,29,6090,26,10,2013,7,14,41,0,16,5,E HILDEBRAND,PARK HILL,0,29.46647778,-98.48701944,0,12,6,0,2,7,0,1,1,10,0,10,0,0000000,14,41,14,48,99,99,0,0,0,1,0
48,482447,1,1,0,0,0,1,1,209,0,26,10,2013,7,19,47,0,6,4,CR-266 OLD BASTROP HWY,,0,29.82242222,-97.95307222,0,38,0,0,1,1,0,4,1,1,0,1,0,0000000,99,99,99,99,99,99,0,0,0,1,1
48,482448,1,1,0,0,0,1,1,303,0,26,10,2013,7,0,44,0,6,4,CR-2800,,0,33.65245278,-101.7667806,0,35,0,0,1,1,0,4,2,10,0,10,0,0000000,88,88,88,88,88,88,0,0,0,1,1
48,482449,2,2,0,0,0,5,5,453,330,26,10,2013,7,21,45,1,13,8,SL360 N CAPITAL OF TX HWY,,167,30.33638333,-97.80530278,0,12,1,0,1,1,0,1,2,1,0,1,0,0000000,21,45,21,55,22,25,0,0,0,1,1
48,482450,2,2,0,0,0,5,5,491,0,26,10,2013,7,17,20,0,5,8,RM1869,,10,30.6535,-97.96529444,0,12,6,0,1,1,0,1,1,10,0,10,0,0000000,17,28,17,33,18,30,0,0,0,1,1
48,482451,1,1,0,1,1,1,1,113,1730,27,10,2013,1,4,45,1,12,2,US-175,,77,32.69843333,-96.64534444,0,8,0,0,1,1,0,2,3,2,0,2,0,0000000,99,99,99,99,88,88,0,0,0,1,0
48,482452,1,1,0,0,0,1,1,113,3420,27,10,2013,1,9,33,1,13,3,SR-356,,109,32.83191667,-96.985,0,42,0,0,1,1,0,3,1,10,0,10,0,0000000,9,34,9,38,9,56,0,0,0,1,0
48,482453,1,1,0,0,0,1,1,149,2370,27,10,2013,1,19,1,0,4,2,US-90,,42,29.68770833,-97.11050833,0,26,0,0,1,1,0,1,3,1,0,1,0,0000000,99,98,99,98,88,88,0,0,0,1,0
48,482454,2,2,0,0,0,3,3,201,3280,27,10,2013,1,14,20,0,16,5,ALMEDA GENOA RD,,0,29.61666111,-95.36303611,0,12,6,0,1,1,0,1,1,1,0,1,0,0000000,15,9,15,18,15,54,0,0,0,2,1
48,482455,1,1,0,0,0,1,1,439,2450,27,10,2013,1,3,34,0,14,8,FM 1220 BOAT CLUB RD,,33,32.89786944,-97.44794722,0,24,0,0,1,1,0,4,2,10,0,10,0,0000000,99,98,99,98,88,88,0,0,0,1,1
48,482456,1,1,0,1,1,1,1,39,0,28,10,2013,2,20,24,0,6,4,CR-QUAIL RUN DR,,0,29.384475,-95.24744444,0,8,0,0,1,1,0,1,2,1,0,1,0,0000000,20,35,21,2,21,22,0,0,0,1,0
48,482457,2,2,0,0,0,2,2,71,0,28,10,2013,2,11,45,1,1,7,I-10,,100,29.83515278,-94.54466667,0,12,2,0,5,1,0,1,1,1,0,1,0,0000000,99,99,99,99,88,88,0,0,0,1,0
48,482458,1,1,0,0,0,1,1,91,0,29,10,2013,3,15,2,1,13,3,SR-46,,159,29.79094167,-98.331125,0,42,0,0,1,1,0,4,1,1,0,1,0,0000000,99,98,99,98,88,88,0,0,0,1,0
48,482459,1,1,0,1,1,1,1,215,2110,29,10,2013,3,6,4,1,2,7,I-69/281,,297,26.35706944,-98.14699722,0,8,0,0,1,1,0,1,2,1,0,1,0,0000000,99,98,99,98,88,88,0,0,0,1,0
48,482460,2,2,0,0,0,3,3,215,4197,30,10,2013,4,19,25,1,13,8,FM 2220,BU 83,174,26.20826389,-98.26148889,0,12,6,0,2,2,0,1,3,1,0,1,0,0000000,99,99,99,99,99,99,0,0,0,1,0
48,482462,1,1,0,0,0,1,1,391,0,30,10,2013,4,18,20,0,4,8,FM1360,,43,28.20011667,-97.32650833,0,32,0,0,1,1,0,4,1,1,0,1,0,0000000,88,88,88,88,88,88,0,0,0,1,0
48,482463,1,1,0,1,1,1,1,29,6090,31,10,2013,5,19,29,1,13,8,FM2252,,126,29.55370833,-98.40321667,0,8,0,0,1,1,0,1,3,1,0,1,0,0000000,99,98,99,98,88,88,0,0,0,1,0
48,482464,1,1,0,1,1,1,1,201,480,25,1,2013,6,16,46,0,16,5,300 LAREDO ST,,0,29.73785833,-94.98764444,0,8,0,0,1,1,0,1,1,1,0,1,0,0000000,16,52,17,2,17,33,0,0,0,1,0
48,482465,1,1,0,1,1,1,1,463,0,25,8,2013,1,6,35,1,2,2,US-90,,170,29.20113611,-99.85169167,0,8,0,0,1,1,0,1,2,1,0,1,0,0000000,99,98,99,98,88,88,0,0,0,1,0
48,482466,1,1,0,0,0,1,1,201,0,17,9,2013,3,5,6,0,6,4,CR-PEEK RD,,0,29.83892222,-95.77355556,0,11,0,0,1,1,0,1,2,1,0,1,0,0000000,88,88,88,88,88,88,0,0,0,1,0
48,482467,1,1,0,0,0,1,1,201,0,21,9,2013,7,0,3,0,6,4,CR-FAIRBANKS N HOUSTON RD,,0,29.87583889,-95.52470556,0,31,0,0,1,1,0,3,2,10,0,10,0,0000000,88,88,88,88,88,88,0,0,0,1,1
48,482468,2,2,0,0,0,2,2,201,0,25,9,2013,4,20,40,0,6,4,CR-W LITTLE YORK RD,CR PLANTATION CREST DR,0,29.86208056,-95.71558889,0,12,6,0,2,2,0,1,3,1,0,1,0,0000000,20,55,21,12,22,24,0,0,0,1,0
48,482469,2,2,0,0,0,3,3,201,0,29,9,2013,1,10,38,0,4,8,FM1942,,59,29.85066944,-94.99403889,0,12,6,0,1,1,0,1,1,2,0,2,0,0000000,10,45,10,50,11,22,0,0,0,2,0
48,482470,1,1,0,1,1,1,1,29,390,2,10,2013,4,6,7,1,13,8,SL345 FREDERICKSBURG RD,,264,29.48881111,-98.55012778,0,8,0,0,1,1,0,1,3,2,0,2,0,0000000,6,7,6,21,6,33,0,0,0,1,0
48,482471,2,2,0,1,1,1,1,201,0,3,10,2013,5,18,5,1,12,7,SL8,,173,29.93367222,-95.22242222,0,12,1,0,1,1,0,1,1,1,0,1,0,0000000,18,6,18,17,18,43,15,23,0,1,0
48,482472,2,2,0,0,0,2,2,201,0,4,10,2013,6,20,55,0,6,4,CR-BRITTMOORE RD,,0,29.85393333,-95.56938611,0,12,6,0,8,1,0,1,3,1,0,1,0,0000000,99,98,99,98,88,88,0,0,0,1,1
48,482473,1,1,0,0,0,3,3,201,0,4,10,2013,6,21,51,0,6,4,CR-IMPERIAL VALLEY DR,,0,29.97573333,-95.40797222,0,33,0,0,1,1,0,3,3,1,0,1,0,0000000,21,54,21,59,22,28,0,0,0,1,1
48,482474,1,1,0,0,0,1,1,201,0,4,10,2013,6,1,10,0,6,4,CR-E HARDY RD,,0,30.02013056,-95.40209722,0,43,0,0,1,1,0,5,3,1,0,1,0,0000000,88,88,88,88,88,88,0,0,0,1,1
48,482475,1,1,0,1,1,3,3,201,0,6,10,2013,1,21,35,1,11,1,I-10,,430,29.78008611,-95.11869167,0,8,0,0,1,1,0,1,2,1,0,1,0,0000000,99,98,99,98,88,88,0,0,0,1,0
48,482476,2,2,0,0,0,3,3,201,3280,6,10,2013,1,2,40,0,16,5,ALMEDA GENOA RD,MARTIN LUTHER KING JR BLVD,0,29.62098611,-95.34092222,0,12,6,0,2,2,0,1,2,1,0,1,0,0000000,2,42,2,49,3,31,0,0,0,2,1
48,482477,2,2,0,0,0,4,4,121,3960,12,10,2013,7,16,3,1,13,8,BS121H,OAKWOOD LN,108,33.02456111,-96.99296667,0,12,6,0,2,3,0,1,1,1,0,1,0,0000000,16,3,16,7,16,41,0,0,0,1,0
48,482478,2,1,1,0,0,4,4,201,0,12,10,2013,7,4,15,0,6,4,CR-CORPUS CHRISTI ST,,0,29.78317222,-95.16713056,0,1,0,0,1,1,0,4,3,10,0,10,0,0000000,99,99,99,99,99,99,0,0,0,1,1
48,482479,1,1,0,0,0,2,2,201,0,12,10,2013,7,4,45,0,6,4,CR-HERMANN RD,CR-ASHWORTH ST,0,29.89523056,-95.30290833,0,31,0,0,3,10,0,4,2,10,0,10,0,0000000,4,51,5,2,5,29,0,0,0,1,1
48,482480,2,2,0,0,0,6,6,201,0,12,10,2013,7,16,45,0,6,4,CR-HUFSMITH KOHRVILLE RD,,0,30.06395556,-95.58907778,0,12,2,0,1,1,0,1,1,2,0,2,0,0000000,99,99,99,99,99,99,0,0,0,1,0
48,482481,1,1,0,1,1,1,1,201,0,14,10,2013,2,3,19,1,12,3,SR-249,,228,29.89810556,-95.41933611,0,8,0,0,1,1,0,1,2,10,0,10,0,0000000,99,98,99,98,88,88,0,0,0,1,0
48,482482,2,2,0,0,0,2,2,147,0,15,10,2013,3,12,30,1,2,2,US-82,,102,33.60866111,-95.99930278,0,12,6,0,1,1,0,1,1,2,0,2,0,0000000,99,99,99,99,99,99,0,0,0,1,0
48,482483,1,1,0,1,1,1,1,201,3280,15,10,2013,3,6,45,0,16,5,HOMESTEAD RD,,0,29.86137222,-95.30062778,0,9,0,0,1,1,0,1,6,1,0,1,0,0000000,6,46,6,51,7,10,0,0,0,1,0
48,482484,2,2,0,0,0,2,2,201,0,16,10,2013,4,0,47,1,13,8,FM 529,,100,29.87986667,-95.69048333,0,12,9,0,8,1,0,1,2,1,0,1,0,0000000,0,50,0,54,2,4,0,0,0,1,0
48,482485,1,1,0,0,0,1,1,467,0,18,10,2013,6,23,39,0,3,3,SR-19,,55,32.62050556,-95.84782778,0,43,0,0,1,1,0,4,2,1,0,1,0,0000000,99,98,99,98,88,88,0,0,0,1,1
48,482486,2,2,0,0,0,2,2,201,3280,19,10,2013,7,6,23,0,16,5,POST OAK RD,,0,29.65032778,-95.46388889,0,33,0,0,1,1,0,4,1,10,0,10,0,0000000,99,98,99,98,88,88,0,0,0,1,1
48,482487,1,1,0,0,0,3,3,29,6090,20,10,2013,1,9,20,1,12,3,SR-151,,10,29.47471667,-98.697775,0,30,0,1,19,1,0,3,1,1,0,1,0,0000000,99,99,99,99,99,99,0,0,0,1,0