STATE,ST_CASE,VE_TOTAL,VE_FORMS,PVH_INVL,PEDS,PERNOTMVIT,PERMVIT,PERSONS,COUNTY,CITY,DAY,MONTH,YEAR,DAY_WEEK,HOUR,MINUTE,NHS,ROAD_FNC,ROUTE,TWAY_ID,TWAY_ID2,MILEPT,LATITUDE,LONGITUD,SP_JUR,HARM_EV,MAN_COLL,RELJCT1,RELJCT2,TYP_INT,WRK_ZONE,REL_ROAD,LGT_COND,WEATHER1,WEATHER2,WEATHER,SCH_BUS,RAIL,NOT_HOUR,NOT_MIN,ARR_HOUR,ARR_MIN,HOSP_HR,HOSP_MN,CF1,CF2,CF3,FATALS,DRUNK_DR
48,482488,2,2,0,0,0,2,2,39,0,20,10,2013,1,18,46,0,15,8,FM 523,,160,29.09836944,-95.37176111,0,12,2,0,1,1,0,1,5,1,0,1,0,0000000,18,48,18,57,19,25,0,0,0,1,1
48,482489,1,1,0,1,1,1,1,135,5030,12,10,2013,7,12,43,0,16,5,TEXAS AVE,7TH ST,0,31.85073889,-102.3697389,0,8,0,0,3,3,0,1,1,1,0,1,0,0000000,12,42,12,47,12,58,0,0,0,1,0
48,482490,1,1,0,0,0,1,1,113,1730,23,10,2013,4,21,16,0,16,5,HUNNICUTT RD,,0,32.78605,-96.71276111,0,1,0,0,1,1,0,4,3,1,0,1,0,0000000,21,19,21,23,21,45,0,0,0,1,0
48,482491,2,2,0,0,0,3,3,291,0,23,10,2013,4,11,29,1,13,3,SR-105,,39,30.31360556,-95.10153611,0,12,2,0,1,1,0,1,1,1,0,1,0,0000000,11,46,12,12,12,44,0,0,0,2,0
48,482492,1,1,0,1,1,1,1,39,0,24,10,2013,5,19,14,0,14,3,SR-332,,47,29.05394722,-95.50248056,0,8,0,0,1,1,0,1,2,1,0,1,0,0000000,88,88,88,88,88,88,0,0,0,1,0
48,482493,1,1,0,1,1,1,1,201,0,24,10,2013,5,2,57,0,6,4,CR-BARKER CYPRESS RD,,0,29.86805833,-95.68324722,0,8,0,0,1,1,0,1,2,1,0,1,0,0000000,88,88,88,88,88,88,0,0,0,1,0
48,482494,2,2,0,0,0,3,3,449,4750,24,10,2013,5,16,18,1,13,2,US-271 FERGUSON RD,EDWARDS AVE,190,33.15458889,-94.97468889,0,12,6,0,2,3,0,1,1,1,0,1,0,0000000,16,19,16,25,16,49,0,0,0,1,0
48,482495,3,3,0,0,0,7,7,213,3902,25,10,2013,6,7,45,1,2,2,US-175,FM 2588,295,32.11166389,-95.67606944,0,12,6,0,2,2,0,1,1,1,0,1,0,0000000,7,49,7,58,9,15,0,0,0,2,0
48,482496,1,1,0,1,1,2,2,29,6090,26,10,2013,7,19,30,0,16,5,MOURSOND BLVD,,0,29.33706389,-98.50386944,0,8,0,0,1,1,0,1,3,1,0,1,0,0000000,88,88,88,88,88,88,0,0,0,1,0
48,482497,2,2,0,0,0,4,4,85,2520,26,10,2013,7,15,0,0,14,8,FM 3537 MAIN ST,INDEPENDENCE PKWY,132,33.15227778,-96.75021667,0,12,6,0,2,2,1,1,1,10,0,10,0,0000000,15,2,15,6,15,46,0,0,0,1,0
48,482498,2,2,0,0,0,3,3,233,0,26,10,2013,7,7,23,0,4,3,SR-136,FM 281,32,36.02334722,-101.46225,0,12,6,0,2,2,0,1,2,1,0,1,0,0000000,7,27,8,5,8,52,0,0,0,2,0
48,482499,1,1,0,0,0,2,2,3,0,27,10,2013,1,4,10,0,3,8,FM 1788,,102,32.19194722,-102.3571667,0,1,0,0,1,1,0,4,2,1,0,1,0,0000000,99,99,99,99,99,99,0,0,0,1,1
48,482500,2,2,0,0,0,2,2,29,6090,27,10,2013,1,17,12,1,11,1,I-10,,148,29.54756389,-98.5831,0,12,6,1,18,1,0,1,1,1,0,1,0,0000000,99,99,99,99,99,99,0,0,0,1,1
48,482501,1,1,0,0,0,5,5,341,0,27,10,2013,1,19,49,1,2,2,US-287,,43,35.99396111,-101.9956194,0,1,0,0,1,1,0,3,2,1,0,1,0,0000000,19,55,20,28,21,16,0,0,0,2,1
48,482502,2,2,0,0,0,8,8,409,0,27,10,2013,1,10,18,1,2,2,US-77,,55,28.08188611,-97.47712222,0,59,0,0,7,1,0,3,1,1,0,1,0,0000000,11,0,11,30,12,45,0,0,0,1,1
48,482503,1,1,0,0,0,1,1,113,2310,28,10,2013,2,10,30,1,11,1,I-35E,,291,32.92185278,-96.89985278,0,24,0,0,1,1,0,10,1,1,0,1,0,0000000,99,99,99,99,99,99,0,0,0,1,0
48,482504,2,2,0,0,0,5,5,135,0,28,10,2013,2,8,2,1,11,1,I-20,,274,31.78956667,-102.4741694,0,12,6,0,1,1,0,1,1,1,0,1,0,0000000,8,4,8,12,8,36,0,0,0,1,0
48,482505,1,1,0,0,0,1,1,165,0,28,10,2013,2,4,34,1,2,2,US-385,,319,32.54114167,-102.6196333,0,32,0,0,1,1,0,3,2,1,0,1,0,0000000,88,88,88,88,88,88,0,0,0,1,0
48,482506,1,1,0,0,0,1,1,349,0,28,10,2013,2,17,18,1,1,1,I-45,,68,31.96576111,-96.42094167,0,57,0,1,19,1,0,3,1,1,0,1,0,0000000,88,88,88,88,88,88,0,0,0,1,0
48,482507,2,2,0,0,0,2,2,383,0,29,10,2013,3,23,10,0,3,2,US-67,,52,31.21665833,-101.5835417,0,12,2,0,1,1,0,2,2,10,0,10,0,0000000,23,12,23,30,0,16,0,0,0,1,0
48,482509,1,1,0,0,0,1,1,113,2800,30,10,2013,4,13,5,1,12,7,SR-161,,215,32.76566111,-97.02884444,0,33,0,1,19,1,0,10,1,2,0,2,0,0000000,88,88,88,88,88,88,0,0,0,1,1
48,482510,3,3,0,0,0,4,4,127,0,30,10,2013,4,8,45,0,4,8,FM 133,,91,28.31664167,-99.48578056,0,12,11,0,1,1,0,1,1,1,0,1,0,0000000,99,99,99,99,99,99,0,0,0,1,0
48,482511,2,2,0,0,0,2,2,231,0,30,10,2013,4,14,3,0,3,3,SR-224,,152,33.22448056,-95.96493889,0,12,2,0,1,1,0,2,1,2,0,2,0,0000000,14,4,14,11,14,53,0,0,0,1,0
48,482512,1,1,0,0,0,1,1,201,3280,31,10,2013,5,1,37,1,11,1,I-610/NORTH LP W,,16,29.80798889,-95.44341944,0,20,0,1,5,1,0,8,2,2,0,2,0,0000000,88,88,88,88,88,88,0,0,0,1,1
48,482513,1,1,0,1,1,2,2,201,3280,31,10,2013,5,20,0,0,16,5,BOONE RD,POMPANO LN,0,29.69348611,-95.57486944,0,8,0,0,3,3,0,1,2,1,0,1,0,0000000,20,12,20,18,20,35,0,0,0,1,0
48,482514,2,2,0,0,0,2,2,391,0,31,10,2013,5,5,35,0,3,2,US-183,,37,28.39278056,-97.30968056,0,12,2,0,1,1,0,1,2,10,0,10,0,0000000,99,98,99,98,88,88,0,0,0,1,0
48,482515,2,2,0,0,0,2,2,441,0,31,10,2013,5,16,15,0,3,8,FM1750,FM707,62,32.35766944,-99.7083,0,12,6,0,2,2,0,1,1,1,0,1,0,0000000,16,17,16,26,17,15,0,0,0,1,0
48,482516,1,1,0,1,1,1,1,453,330,31,10,2013,5,21,16,1,12,2,US-183/ED BLUESTEIN BLVD,,115,30.30962778,-97.661825,0,8,0,0,1,1,0,1,2,1,0,1,0,0000000,99,98,99,98,88,88,0,0,0,1,0
48,482517,1,1,0,0,0,5,5,141,2190,24,8,2013,7,2,56,1,2,8,LP 375/PURPLE HEART MEMORIAL,,153,31.89908889,-106.3820472,0,25,0,0,1,1,0,3,3,1,0,1,0,0000000,99,99,99,99,99,99,0,0,0,1,1
48,482518,1,1,0,0,0,1,1,141,2190,30,8,2013,6,2,9,1,13,8,BU-54A/DYER ST,,108,31.86592222,-106.4308028,0,25,0,0,1,1,0,3,2,1,0,1,0,0000000,88,88,88,88,88,88,0,0,0,1,1
48,482519,2,2,0,0,0,5,5,5,4160,2,9,2013,2,17,56,1,13,2,US-69/ELLEN TROUT/LP 287,FM 2251/SAYERS ST,81,31.37178889,-94.73376667,0,12,6,0,2,2,0,1,1,10,0,10,0,0000000,99,99,99,99,99,99,0,0,0,1,0
48,482520,1,1,0,1,1,1,1,303,4140,12,9,2013,5,21,34,1,13,8,FM 2255/4TH,,53,33.59234167,-101.9347139,0,8,0,0,1,1,0,1,3,1,0,1,0,0000000,21,36,21,41,21,49,0,0,0,1,0
48,482521,1,1,0,1,1,1,1,201,3280,13,9,2013,6,5,55,1,13,8,FM 1093,FOUNTAINVIEW DR,128,29.73783056,-95.48424722,0,9,0,0,2,2,0,1,2,1,0,1,0,0000000,99,99,99,99,99,99,0,0,0,1,0
48,482522,2,2,0,0,0,3,3,439,2450,14,9,2013,7,11,50,1,11,1,I-820,,45,32.73971944,-97.48121111,0,1,0,1,18,1,0,1,1,1,0,1,0,0000000,11,52,12,7,12,30,0,0,0,1,0
48,482523,2,2,0,0,0,2,2,141,2190,28,9,2013,7,21,49,1,13,8,BU 54,,112,31.87033611,-106.4279389,0,12,98,0,8,1,0,1,3,1,0,1,0,0000000,21,50,21,56,22,16,0,0,0,1,0
48,482524,1,1,0,1,1,1,1,439,2450,1,10,2013,3,23,30,0,16,5,ALTA MERE DR,,0,32.72361111,-97.44101667,0,8,0,0,1,1,0,1,2,1,0,1,0,0000000,23,32,23,37,0,42,0,0,0,1,0
48,482525,1,1,0,0,0,1,1,451,6080,6,10,2013,1,2,45,0,16,5,14TH ST,,0,31.47849167,-100.4280861,0,59,0,0,1,1,0,4,2,1,0,1,0,0000000,99,98,99,98,88,88,0,0,0,1,1
48,482526,2,2,0,0,0,6,6,201,0,8,10,2013,3,15,32,1,13,8,FM 1960,,164,30.02691389,-95.39967222,0,12,2,0,1,1,0,11,1,1,0,1,0,0000000,15,33,15,45,16,14,0,0,0,1,1
48,482527,2,2,0,0,0,6,6,485,1020,20,10,2013,1,18,17,1,11,1,I-44,,145,34.09401667,-98.55623333,0,12,2,0,1,1,0,1,1,1,0,1,0,0000000,99,98,99,98,88,88,0,0,0,2,0
48,482528,1,1,0,0,0,3,3,453,330,24,10,2013,5,21,12,1,12,3,SR-71I,,128,30.21984444,-97.67131667,0,1,0,0,1,1,0,1,3,1,0,1,0,0000000,21,13,21,20,21,50,0,0,0,1,0
48,482529,1,1,0,1,1,1,1,141,2190,25,10,2013,6,19,39,1,11,1,I-10,,345,31.70471111,-106.2882583,0,8,0,0,1,1,0,1,3,1,0,1,0,0000000,99,98,99,98,88,88,0,0,0,1,0
48,482530,1,1,0,0,0,7,7,441,30,26,10,2013,7,7,19,1,11,1,I-20,,89,32.47525278,-99.79393889,0,1,0,0,1,1,0,4,4,1,0,1,0,0000000,7,21,7,33,7,56,0,0,0,1,0
48,482531,1,1,0,0,0,1,1,155,0,28,10,2013,2,0,20,0,3,2,US-70,,57,34.05245,-99.96491944,0,1,0,0,1,1,0,1,2,1,0,1,0,0000000,88,88,88,88,88,88,0,0,0,1,0
48,482532,1,1,0,1,1,1,1,453,0,29,10,2013,3,19,37,0,6,4,CR-FLEISCHER DR,,0,30.44415,-97.66955,0,8,0,0,1,1,0,1,2,1,0,1,0,0000000,19,39,19,43,20,4,0,0,0,1,0
48,482533,2,2,0,0,0,5,5,113,1730,30,10,2013,4,15,21,0,16,5,WESTMORELAND RD,8TH ST,0,32.74800278,-96.87408611,0,12,6,0,2,2,0,1,1,2,0,2,0,0000000,15,22,15,25,15,53,0,0,0,2,0
48,482534,1,1,0,2,2,1,1,41,970,31,10,2013,5,4,44,1,13,2,US-190/STATE HWY 21,,4,30.69248333,-96.36535833,0,8,0,0,1,1,0,1,3,2,0,2,0,0000000,88,88,88,88,88,88,0,0,0,2,0
48,482535,3,3,0,0,0,4,4,201,0,31,10,2013,5,21,5,1,13,8,FM 1960,,264,29.99925278,-95.24078333,0,12,2,0,1,1,0,1,2,1,0,1,0,0000000,21,6,21,18,21,54,0,0,0,1,0
48,482536,1,1,0,0,0,1,1,91,0,4,4,2013,5,1,8,1,13,8,FM 306,,72,29.85088056,-98.1269,0,38,0,0,1,1,0,4,2,10,0,10,0,0000000,99,99,99,99,99,99,0,0,0,1,0
48,482537,2,2,0,0,0,5,5,245,490,28,10,2013,2,17,4,0,3,2,US-90/COLLEGE ST,TODD ST,143,30.065025,-94.20876389,0,12,6,0,2,2,0,1,1,2,0,2,0,0000000,17,7,17,16,17,54,0,0,0,1,0
48,482538,1,1,0,0,0,4,4,389,0,28,10,2013,2,7,0,1,1,1,I-20,,44,31.13041944,-104.0254194,0,39,0,0,1,1,0,4,4,1,0,1,0,0000000,99,99,7,32,9,30,0,0,0,1,0
48,482539,1,1,0,1,1,3,3,453,0,29,10,2013,3,12,59,1,13,8,FM 2244/BEE CAVE RD,,67,30.30491944,-97.84173889,0,9,0,0,1,1,0,1,1,1,0,1,0,0000000,99,99,99,99,99,99,0,0,0,1,0
48,482540,1,1,0,1,1,3,3,29,6090,1,11,2013,6,0,50,0,16,5,FRIO CITY RD,,0,29.40424722,-98.52004722,0,8,0,0,1,1,0,1,3,1,0,1,0,0000000,99,98,99,98,88,88,0,0,0,1,0
48,482541,2,2,0,0,0,2,2,29,6090,1,11,2013,6,8,33,0,16,5,PLEASANTON RD,E FORMOSA,0,29.34252778,-98.50390278,0,12,6,0,2,2,0,1,1,1,0,1,0,0000000,8,35,8,45,9,13,20,0,0,1,0
48,482542,2,2,0,0,0,3,3,41,970,1,11,2013,6,13,35,1,13,8,FM2818 N HARVEY MITCHELL PKWY,,24,30.70594722,-96.4289,0,12,2,0,1,1,0,1,1,1,0,1,0,0000000,13,39,13,47,14,9,0,0,0,2,0
48,482543,2,2,0,0,0,2,2,85,5390,1,11,2013,6,21,23,0,16,5,SAM RAYBURN TOLLWAY,,0,33.11037222,-96.77171667,0,1,0,0,1,1,0,10,3,1,0,1,0,0000000,21,26,21,34,21,59,0,0,0,1,1
48,482544,2,2,0,0,0,3,3,121,1840,1,11,2013,6,5,33,0,14,2,US-77 N ELM ST,W WINDSOR DR,229,33.24230833,-97.13668889,0,12,6,0,2,2,0,1,3,1,0,1,0,0000000,5,34,5,39,6,4,0,0,0,1,0
48,482545,2,2,0,0,0,2,2,143,0,1,11,2013,6,16,25,1,2,2,US-281,CR-240,379,32.01796111,-98.06867778,0,12,6,0,3,3,0,1,1,1,0,1,0,0000000,88,88,88,88,88,88,0,0,0,1,0
48,482546,1,1,0,1,1,2,2,201,3280,1,11,2013,6,21,54,1,11,1,I-610,,92,29.80924167,-95.31880278,0,8,0,0,1,1,0,1,2,1,0,1,0,0000000,99,98,99,98,88,88,0,0,0,1,0
48,482547,2,2,0,0,0,2,2,219,0,1,11,2013,6,13,44,0,4,3,SR-114,,82,33.60229444,-102.4799167,0,12,2,0,1,1,0,1,1,1,0,1,0,0000000,13,44,13,50,14,48,0,0,0,1,0
48,482548,2,2,0,1,1,1,1,415,0,1,11,2013,6,3,5,1,2,2,US-84,,112,32.83282222,-100.9865528,0,8,0,0,1,1,0,1,2,1,0,1,0,0000000,3,3,3,12,4,14,19,0,0,1,0
48,482549,2,2,0,0,0,3,3,71,0,2,11,2013,7,10,40,0,4,8,FM1985,,21,29.66920278,-94.58125556,0,12,6,0,1,1,0,1,1,1,0,1,0,0000000,88,88,88,88,88,88,0,0,0,1,0
48,482550,2,2,0,0,0,2,2,145,0,2,11,2013,7,6,0,0,3,3,SR-7,,78,31.29348889,-96.95045833,0,12,2,0,1,1,0,1,2,1,0,1,0,0000000,99,99,99,99,99,99,0,0,0,1,1
48,482551,2,2,0,0,0,2,2,157,0,2,11,2013,7,20,45,0,4,8,FM723,,222,29.59936111,-95.81127222,0,12,6,0,1,1,0,1,2,1,0,1,0,0000000,20,52,20,57,22,23,0,0,0,1,0
48,482552,1,1,0,0,0,1,1,167,0,2,11,2013,7,12,45,1,12,3,SR-146 RAMP,,164,29.330525,-94.93464444,0,24,0,1,5,1,0,4,1,1,0,1,0,0000000,88,88,88,88,88,88,0,0,0,1,0
48,482553,2,2,0,0,0,4,4,201,0,2,11,2013,7,10,50,0,6,4,CR-TALCOTT LN,CR-TARPON RD,0,29.85569722,-95.14612778,0,12,6,0,2,2,0,1,1,1,0,1,0,0000000,10,51,10,56,11,28,0,0,0,1,0
48,482554,1,1,0,1,1,1,1,201,3280,2,11,2013,7,22,22,0,16,5,AIRLINE DR,,0,29.91398889,-95.40459722,0,8,0,0,1,1,0,1,3,1,0,1,0,0000000,22,22,22,29,23,8,0,0,0,1,0
48,482555,5,5,0,0,0,7,7,277,0,2,11,2013,7,15,8,0,4,8,FM197,,153,33.86601389,-95.57975278,0,12,2,0,1,1,0,1,1,1,0,1,0,0000000,15,8,15,19,16,10,14,0,0,1,0
48,482556,2,2,0,0,0,2,2,331,2612,2,11,2013,7,12,50,1,2,2,US-79,FM2095,63,30.78423056,-96.72264722,0,12,6,0,2,3,0,1,1,1,0,1,0,0000000,99,98,99,98,88,88,0,0,0,1,0
48,482557,1,1,0,0,0,1,1,347,0,2,11,2013,7,20,22,1,2,2,US-59,,88,31.75776667,-94.57694167,0,1,0,0,1,1,0,4,2,1,0,1,0,0000000,88,88,88,88,88,88,0,0,0,1,0
48,482558,1,1,0,0,0,1,1,375,150,2,11,2013,7,3,41,0,16,5,NE 16TH ST,MARTIN RD,0,35.22931389,-101.81055,0,59,0,0,3,2,0,4,2,1,0,1,0,0000000,99,99,99,99,99,99,0,0,0,1,0
48,482559,2,2,0,0,0,3,3,495,0,2,11,2013,7,21,45,0,3,3,SR-18,,158,31.76508056,-103.0555167,0,12,6,0,1,1,0,1,2,1,0,1,0,0000000,21,45,22,29,23,6,0,0,0,2,0
48,482560,1,1,0,1,1,1,1,113,1730,3,11,2013,1,17,8,1,12,8,SL12 WALTON WALKER BLVD,,215,32.86311667,-96.90083333,0,8,0,0,1,1,0,1,3,1,0,1,0,0000000,17,8,17,13,99,99,0,0,0,1,0
48,482561,1,1,0,0,0,1,1,339,1510,3,11,2013,1,15,20,1,11,7,I-45,,111,30.27598889,-95.45635278,0,33,0,1,5,1,0,10,1,1,0,1,0,0000000,99,99,99,99,99,99,0,0,0,1,0
48,482562,2,2,0,0,0,3,3,467,1140,3,11,2013,1,1,27,1,1,1,I-20,,95,32.59962222,-95.92532222,0,12,1,0,1,1,0,1,2,1,0,1,0,0000000,1,24,1,34,2,46,20,0,0,1,0
48,482563,2,2,0,0,0,2,2,139,0,4,11,2013,2,0,34,1,1,1,I-35,,144,32.28585,-96.86768611,0,12,1,0,1,1,0,1,3,2,0,2,0,0000000,99,98,99,98,88,88,0,0,0,1,1
48,482564,3,3,0,0,0,4,4,143,0,4,11,2013,2,10,26,0,3,2,US-281,CR-223,246,32.18351667,-98.16516389,0,24,0,0,3,3,0,4,1,2,0,2,0,0000000,10,27,10,31,11,11,0,0,0,1,0
48,482565,2,2,0,0,0,2,2,201,0,4,11,2013,2,16,5,0,6,4,CR-KATY HOCKLEY RD,,0,29.98266944,-95.80918333,0,12,2,0,1,1,0,1,1,10,0,10,0,0000000,99,98,99,98,88,88,0,0,0,1,1
48,482566,2,2,0,0,0,2,2,467,0,4,11,2013,2,11,34,0,6,4,CR-4106,,0,32.47626389,-95.78988611,0,12,6,0,1,1,0,4,1,2,0,2,0,0000000,11,38,11,49,99,99,0,0,0,1,0
48,482567,1,1,0,0,0,1,1,29,6090,5,11,2013,3,22,47,1,11,7,I-410,,238,29.51558889,-98.44196389,0,43,0,1,5,1,0,10,3,1,0,1,0,0000000,99,98,99,98,88,88,0,0,0,1,1
48,482568,1,1,0,0,0,1,1,83,0,5,11,2013,3,4,53,0,4,2,US-283,,30,32.03940278,-99.42307222,0,32,0,0,1,1,0,4,2,10,0,10,0,0000000,88,88,88,88,88,88,0,0,0,1,0
48,482569,2,2,0,0,0,3,3,93,0,5,11,2013,3,18,46,0,3,3,SR-36,FM 1702,155,31.84453611,-98.33761111,0,12,6,0,2,2,0,1,2,2,0,2,0,0000000,18,46,19,6,20,5,0,0,0,1,0
48,482570,2,2,0,0,0,2,2,135,0,5,11,2013,3,1,4,1,13,2,US-385,HILLMONT RD,163,31.92969722,-102.3999111,0,12,1,0,2,2,0,1,3,1,0,1,0,0000000,99,98,99,98,88,88,0,0,0,1,1
48,482571,1,1,0,1,1,3,3,201,0,5,11,2013,3,22,25,0,6,4,CR-SPRING CYPRESS RD,,0,30.02298889,-95.57038889,0,9,0,0,1,1,0,1,2,10,0,10,0,0000000,99,98,99,98,88,88,0,0,0,1,0
48,482572,3,3,0,0,0,4,4,303,4140,5,11,2013,3,16,34,0,16,5,QUAKER AVE,RALEIGH AVE,0,33.53578333,-101.9061222,0,12,6,0,2,3,0,1,1,1,0,1,0,0000000,16,38,16,42,16,55,0,0,0,1,0
48,482573,1,1,0,0,0,2,2,365,0,5,11,2013,3,20,50,0,4,8,FM 123,,39,32.23201944,-94.1045,0,42,0,0,1,1,0,4,2,10,0,10,0,0000000,21,5,21,38,22,9,0,0,0,2,0
48,482574,3,3,0,0,0,6,6,451,6080,5,11,2013,3,22,54,1,13,2,US-87/BRYANT BLVD,33RD ST,341,31.48872222,-100.4684694,0,12,6,0,2,3,0,1,3,10,0,10,0,0000000,22,56,23,0,23,17,0,0,0,1,1
48,482575,1,1,0,1,1,1,1,123,7640,6,11,2013,4,8,55,0,16,5,7TH/SEVENTH ST,,0,28.98392222,-97.51245278,0,8,0,0,1,1,2,1,1,1,0,1,0,0000000,99,99,99,99,88,88,0,0,0,1,0
48,482576,1,1,0,0,0,1,1,197,0,6,11,2013,4,8,15,1,2,2,US-287,,215,34.26835833,-99.64619444,0,42,0,0,1,1,0,4,1,1,0,1,0,0000000,88,88,88,88,88,88,0,0,0,1,0
48,482577,1,1,0,0,0,1,1,499,0,6,11,2013,4,11,15,0,4,8,FM 14,,210,32.6144,-95.20813889,0,42,0,0,1,1,0,4,1,2,0,2,0,0000000,88,88,88,88,88,88,0,0,0,1,0
48,482578,2,2,0,0,0,3,3,113,387,7,11,2013,5,19,40,1,11,1,I-20 RAMP,,7,32.70066667,-96.62585278,0,12,6,1,20,1,0,1,3,1,0,1,0,0000000,99,99,99,99,99,99,0,0,0,2,0
48,482579,1,1,0,0,0,2,2,113,1730,7,11,2013,5,1,49,0,16,5,FRANKFORD RD,,0,32.99748611,-96.76350556,0,57,0,0,1,1,0,4,3,1,0,1,0,0000000,99,99,99,99,99,99,0,0,0,1,0
48,482580,1,1,0,0,0,2,2,201,3280,7,11,2013,5,21,15,0,16,5,IRVINGTON BLVD,,0,29.81901944,-95.36120833,0,30,0,0,1,1,0,3,3,10,0,10,0,0000000,19,14,19,17,19,50,0,0,0,2,1
48,482581,1,1,0,0,0,1,1,439,2990,7,11,2013,5,18,38,1,11,1,I-820,,203,32.83931944,-97.26737778,0,26,0,0,1,1,1,4,2,1,0,1,0,0000000,99,99,99,99,99,99,0,0,0,1,0
48,482582,2,2,0,0,0,3,3,23,0,8,11,2013,6,15,15,1,2,2,US-82/277,,163,33.68637778,-99.03885,0,12,2,0,1,1,0,1,1,1,0,1,0,0000000,99,98,99,98,88,88,0,0,0,3,0
48,482583,1,1,0,1,1,2,2,113,1730,8,11,2013,6,17,30,1,13,2,US-175,,22,32.76311667,-96.77280833,0,8,0,0,1,1,0,1,5,1,0,1,0,0000000,17,40,17,48,17,56,0,0,0,1,0
48,482584,1,1,0,0,0,3,3,113,1730,8,11,2013,6,4,54,1,11,1,I-35 N STEMMONS FWY,,198,32.80754167,-96.84281944,0,42,0,0,1,1,0,4,3,1,0,1,0,0000000,4,54,5,0,5,22,0,0,0,1,1
48,482585,1,1,0,0,0,1,1,113,3420,8,11,2013,6,14,35,1,13,8,SP482 STOREY LN,,100,32.837425,-96.90683611,0,21,0,1,19,1,0,3,1,1,0,1,0,0000000,88,88,88,88,88,88,0,0,0,1,0
48,482586,2,2,0,0,0,4,4,175,0,8,11,2013,6,14,43,1,2,2,US-59,,172,28.52509444,-97.60364444,0,12,2,0,1,1,0,1,1,1,0,1,0,0000000,99,99,14,56,16,0,0,0,0,2,0
48,482587,1,1,0,0,0,1,1,325,0,8,11,2013,6,9,0,0,4,8,FM471,,7,29.52220278,-98.81427778,0,1,0,0,1,1,0,4,1,1,0,1,0,0000000,88,88,88,88,88,88,0,0,0,1,0
48,482588,1,1,0,0,0,1,1,395,3070,8,11,2013,6,0,26,1,2,2,US-79/190,,10,30.86841389,-96.60329444,0,34,0,0,1,1,0,4,2,1,0,1,0,0000000,88,88,88,88,88,88,0,0,0,1,1
48,482589,1,1,0,1,1,1,1,61,940,9,11,2013,7,11,17,0,16,5,E 10TH ST,E ELIZABETH ST,0,25.90240278,-97.499625,0,8,0,0,3,2,0,1,1,1,0,1,0,0000000,11,17,11,23,11,34,0,0,0,1,0
48,482590,1,1,0,0,0,2,2,193,0,9,11,2013,7,13,13,0,3,2,US-281,,317,31.55675,-98.15940278,0,35,0,0,1,1,0,4,1,10,0,10,0,0000000,99,98,99,98,88,88,0,0,0,2,0
48,482591,1,1,0,0,0,1,1,451,6080,9,11,2013,7,22,1,1,12,2,US-67 W HOUSTON HARTE,,41,31.45215,-100.4838861,0,1,0,0,1,1,0,4,3,1,0,1,0,0000000,88,88,88,88,88,88,0,0,0,1,1
48,482592,1,1,0,0,0,2,2,229,1805,10,11,2013,1,15,5,0,6,4,CR-LUTRIC RD,,0,31.89284444,-105.1650444,0,1,0,0,1,1,0,4,1,1,0,1,0,0000000,99,99,99,99,99,99,0,0,0,1,1
48,482593,1,1,0,1,1,2,2,381,150,10,11,2013,1,0,10,1,11,7,I-27,SW 45TH AVE,123,35.16385556,-101.8712472,0,8,0,1,3,2,0,1,3,1,0,1,0,0000000,88,88,88,88,88,88,0,0,0,1,0
48,482594,2,2,0,0,0,3,3,391,0,10,11,2013,1,18,18,0,3,3,SR-35,,100,28.39543333,-96.90719167,0,12,2,0,1,1,0,1,2,1,0,1,0,0000000,18,30,19,10,19,45,0,0,0,1,0
48,482595,1,1,0,0,0,2,2,409,240,10,11,2013,1,18,40,0,16,5,W MATLOCK AVE,,0,27.91366944,-97.15166944,0,42,0,0,1,1,0,4,3,1,0,1,0,0000000,18,39,18,43,18,58,0,0,0,1,1
48,482596,1,1,0,1,1,1,1,441,30,10,11,2013,1,4,38,1,13,3,SR-351 E AMBLER AVE,,13,32.47456389,-99.72159167,0,8,0,0,1,1,0,1,2,1,0,1,0,0000000,88,88,88,88,88,88,0,0,0,1,0
48,482597,2,2,0,0,0,2,2,37,0,11,11,2013,2,2,11,1,1,1,I-30,,23,33.33247778,-94.67164444,0,12,2,0,1,1,0,1,2,1,0,1,0,0000000,99,99,99,99,99,99,0,0,0,1,1
48,482598,2,2,0,0,0,3,3,139,9997,11,11,2013,2,2,37,1,12,2,US-287,SR-360,11,32.52373333,-97.08630833,0,12,1,0,3,3,0,1,2,1,0,1,0,0000000,2,48,2,59,3,25,0,0,0,1,0
48,482599,1,1,0,0,0,1,1,177,0,11,11,2013,2,11,0,1,1,1,I-10,,4,29.65213333,-97.53498889,0,1,0,0,1,1,0,3,1,1,0,1,0,0000000,99,99,99,99,99,99,0,0,0,1,0
48,482600,1,1,0,1,1,2,2,361,0,11,11,2013,2,19,35,1,11,1,I-10,,106,30.094725,-94.08487778,0,8,0,0,1,1,1,1,3,1,0,1,0,0000000,99,98,99,98,88,88,0,0,0,1,0