STATE,ST_CASE,VE_TOTAL,VE_FORMS,PVH_INVL,PEDS,PERNOTMVIT,PERMVIT,PERSONS,COUNTY,CITY,DAY,MONTH,YEAR,DAY_WEEK,HOUR,MINUTE,NHS,ROAD_FNC,ROUTE,TWAY_ID,TWAY_ID2,MILEPT,LATITUDE,LONGITUD,SP_JUR,HARM_EV,MAN_COLL,RELJCT1,RELJCT2,TYP_INT,WRK_ZONE,REL_ROAD,LGT_COND,WEATHER1,WEATHER2,WEATHER,SCH_BUS,RAIL,NOT_HOUR,NOT_MIN,ARR_HOUR,ARR_MIN,HOSP_HR,HOSP_MN,CF1,CF2,CF3,FATALS,DRUNK_DR
48,482601,2,2,0,0,0,4,4,375,0,11,11,2013,2,12,45,1,11,1,I-40,,122,35.1874,-101.9490833,0,12,1,0,1,1,0,1,1,1,0,1,0,0000000,99,99,99,99,99,99,0,0,0,1,0
48,482602,1,1,0,1,1,1,1,439,2450,11,11,2013,2,8,0,0,16,5,BEATY ST,,0,32.73948333,-97.20899722,0,8,0,0,1,1,0,1,1,1,0,1,0,0000000,99,98,99,98,88,88,0,0,0,1,0
48,482603,1,1,0,1,1,1,1,29,6090,12,11,2013,3,22,30,1,12,7,SR-151 STOTZER FWY,,22,29.46508056,-98.69230833,0,8,0,0,1,1,0,1,3,1,0,1,0,0000000,88,88,88,88,88,88,0,0,0,1,0
48,482604,1,1,0,0,0,1,1,31,670,12,11,2013,3,23,13,0,3,2,US-281,W MAIN ST,285,30.09377778,-98.42365,0,30,0,0,3,3,0,4,3,1,0,1,0,0000000,88,88,88,88,88,88,0,0,0,1,1
48,482605,1,1,0,1,1,1,1,113,1730,12,11,2013,3,7,46,0,16,5,MILLMAR DR,,0,32.82651389,-96.68039722,0,8,0,0,1,1,0,1,1,10,0,10,0,0000000,7,48,7,58,8,31,0,0,0,1,0
48,482606,2,2,0,0,0,3,3,203,0,12,11,2013,3,15,26,1,2,2,US-59,CR-3022 LIBERTY CHURCH RD,173,32.466075,-94.35614444,0,12,6,0,2,2,0,1,1,1,0,1,0,0000000,88,88,88,88,88,88,0,0,0,1,0
48,482607,2,2,0,0,0,3,3,333,0,12,11,2013,3,14,37,0,4,3,SR-16,,38,31.42653611,-98.61933889,0,1,0,0,8,1,0,1,1,1,0,1,0,0000000,14,37,14,45,15,29,0,0,0,1,0
48,482608,2,2,0,0,0,3,3,419,0,12,11,2013,3,9,50,0,3,3,SR-7,,22,31.82263056,-94.15388611,0,12,2,0,1,1,0,1,1,10,0,10,0,0000000,99,99,99,99,99,99,0,0,0,1,0
48,482609,1,1,0,1,1,1,1,113,1730,13,11,2013,4,20,50,1,13,3,SR-310 CENTRAL EXPY,,132,32.68799444,-96.73773611,0,8,0,0,1,1,0,1,2,1,0,1,0,0000000,99,98,99,98,88,88,0,0,0,1,0
48,482610,2,2,0,0,0,2,2,303,0,13,11,2013,4,2,17,0,4,8,FM400,FM40,133,33.59301667,-101.6565444,0,12,6,0,2,2,0,1,2,1,0,1,0,0000000,99,99,99,99,99,99,0,0,0,1,1
48,482611,2,2,0,0,0,2,2,423,0,13,11,2013,4,3,5,0,14,8,FM 14,,141,32.40665278,-95.27992222,0,12,2,0,1,1,1,1,2,1,0,1,0,0000000,3,16,3,19,3,42,0,0,0,2,0
48,482612,2,2,0,0,0,2,2,439,260,13,11,2013,4,22,42,0,16,5,DOTTIE LYNN PKWY,,0,32.73388611,-97.18121667,0,30,0,0,1,1,0,3,3,1,0,1,0,0000000,99,99,99,99,99,99,0,0,0,1,1
48,482613,1,1,0,0,0,1,1,37,0,14,11,2013,5,4,28,1,1,1,I-30,,319,33.47510278,-94.25894444,0,24,0,1,19,1,0,4,2,10,0,10,0,0000000,88,88,88,88,88,88,0,0,0,1,0
48,482614,1,1,0,0,0,1,1,59,0,14,11,2013,5,5,17,1,1,1,I-20,,157,32.39829722,-99.37335833,0,24,0,1,19,1,0,3,2,1,0,1,0,0000000,88,88,88,88,88,88,0,0,0,1,0
48,482615,1,1,0,0,0,1,1,113,1730,15,11,2013,6,3,0,1,11,7,I-35E STEMMONS FWY,MANANA DR,260,32.87393611,-96.89748611,0,18,0,1,3,3,1,4,3,10,0,10,0,0000000,88,88,88,88,88,88,0,0,0,1,1
48,482616,2,2,0,0,0,3,3,453,0,15,11,2013,6,18,17,0,14,8,FM 973,PFLUGER-BERKMAN LN,8,30.45375833,-97.47014167,0,12,6,0,2,4,0,1,2,1,0,1,0,0000000,18,44,18,56,19,54,99,99,99,1,0
48,482617,1,1,0,0,0,2,2,85,1260,16,11,2013,7,13,20,0,3,8,FM 455,,35,33.34769444,-96.81011111,0,1,0,0,1,1,0,1,1,1,0,1,0,0000000,13,29,13,41,14,21,0,0,0,1,0
48,482618,2,2,0,0,0,3,3,183,0,17,11,2013,1,19,40,1,13,8,FM 2208 ALPINE ST,,3,32.53259167,-94.70261667,0,12,1,0,8,1,0,1,2,1,0,1,0,0000000,99,99,99,99,99,99,0,0,0,1,0
48,482619,2,2,0,0,0,4,4,439,2450,17,11,2013,1,2,50,1,11,1,I-35W SOUTH FWY,,50,32.71874444,-97.32044167,0,12,1,0,1,1,0,1,3,1,0,1,0,0000000,99,99,99,99,99,99,0,0,0,1,1
48,482620,2,2,0,0,0,2,2,21,0,18,11,2013,2,3,45,0,3,8,FM 812,,21,30.08201111,-97.58462778,0,12,2,0,1,1,0,2,2,5,0,5,0,0000000,4,2,4,19,4,57,0,0,0,1,1
48,482621,2,2,0,0,0,2,2,55,0,18,11,2013,2,15,25,1,2,7,US-183,FM1185,61,29.95141944,-97.67336944,0,12,6,1,2,2,0,1,1,1,0,1,0,0000000,99,98,99,98,88,88,0,0,0,1,0
48,482622,1,1,0,1,1,1,1,439,2420,19,9,2013,5,15,48,1,11,1,I-20,,143,32.66333889,-97.24371944,0,8,0,0,1,1,0,1,1,1,0,1,0,0000000,99,98,99,98,88,88,0,0,0,1,0
48,482623,1,1,0,0,0,1,1,325,0,30,9,2013,2,15,0,1,2,2,US-90,,104,29.361175,-98.81884722,0,1,0,0,1,1,0,3,1,1,0,1,0,0000000,99,99,99,99,99,99,0,0,0,1,0
48,482624,2,2,0,0,0,2,2,329,4560,8,10,2013,3,20,52,1,2,3,SR-191,,60,31.97820833,-102.2368167,0,12,1,0,1,1,0,1,3,1,0,1,0,0000000,20,55,21,3,21,26,0,0,0,1,0
48,482625,2,2,0,0,0,2,2,139,7270,23,10,2013,4,17,7,1,13,2,US-77,,139,32.36600556,-96.85481111,0,12,6,0,8,1,0,1,1,1,0,1,0,0000000,17,11,17,30,17,53,0,0,0,1,0
48,482626,1,1,0,1,1,1,1,181,6350,30,10,2013,4,19,23,0,14,8,FM1417 S HERITAGE PKWY,,67,33.60982778,-96.64495278,0,8,0,0,1,1,0,1,3,2,0,2,0,0000000,99,98,99,98,88,88,0,0,0,1,0
48,482627,1,1,0,0,0,2,2,201,0,3,11,2013,1,1,54,0,6,4,CR-W LITTLE YORK RD,,0,29.86671944,-95.58788056,0,30,0,0,1,1,0,4,2,1,0,1,0,0000000,1,56,2,3,3,4,0,0,0,1,1
48,482628,5,5,0,0,0,6,6,453,0,6,11,2013,4,19,7,1,13,2,US-290,,43,30.23369722,-97.906525,0,12,8,0,1,1,0,1,3,10,0,10,0,0000000,19,7,19,9,19,25,0,0,0,1,0
48,482629,1,1,0,0,0,1,1,85,92,7,11,2013,5,14,3,0,16,5,W EXCHANGE PKWY,,0,33.11686111,-96.71610556,0,42,0,0,1,1,0,4,1,1,0,1,0,0000000,88,88,88,88,88,88,0,0,0,1,0
48,482630,2,2,0,0,0,2,2,473,0,9,11,2013,7,13,24,0,4,8,FM362,CR-CAMERON RD,33,30.10207778,-95.93934167,0,12,6,0,2,3,0,1,1,10,0,10,0,0000000,13,25,13,29,14,30,0,0,0,1,0
48,482631,2,2,0,0,0,3,3,201,0,10,11,2013,1,1,25,1,13,8,FM 1960,CR-MILLSTONE DR,170,30.02345,-95.39080556,0,12,2,0,1,1,0,1,3,1,0,1,0,0000000,1,25,1,31,2,10,0,0,0,1,1
48,482632,2,2,0,0,0,3,3,209,0,11,11,2013,2,6,45,0,15,8,FM 1626,,19,30.11145833,-97.875225,1,52,0,0,1,1,1,4,1,1,0,1,0,0000000,88,88,88,88,88,88,0,0,0,1,0
48,482633,1,1,0,0,0,3,3,153,0,13,11,2013,4,5,31,0,3,2,US-70,,92,34.10973889,-101.4236083,0,32,0,0,1,1,0,3,1,1,0,1,0,0000000,6,15,6,45,7,23,0,0,0,1,0
48,482634,1,1,0,1,1,1,1,347,4810,13,11,2013,4,7,51,0,15,3,SR-7 S. MAIN ST,FM 2259 SHAWNEE ST,197,31.60010278,-94.64611944,0,9,0,0,2,2,0,1,1,1,0,1,0,0000000,7,54,7,59,8,18,0,0,0,1,0
48,482635,1,1,0,0,0,1,1,21,0,15,11,2013,6,19,1,0,4,8,FM 609,,158,29.72644444,-97.06769722,0,1,0,0,1,1,0,1,2,10,0,10,0,0000000,88,88,88,88,88,88,0,0,0,1,1
48,482636,2,1,1,0,1,1,2,29,6293,15,11,2013,6,2,26,1,11,7,I-35,,397,29.57931111,-98.31738889,0,45,0,0,1,1,2,1,3,1,0,1,0,0000000,88,88,88,88,88,88,0,0,0,1,1
48,482637,2,2,0,0,0,3,3,39,0,15,11,2013,6,18,30,1,2,3,SR-288,CR-48,231,29.46540833,-95.41488056,0,12,6,0,2,2,0,1,3,1,0,1,0,0000000,18,37,18,49,19,31,0,0,0,1,0
48,482638,5,5,0,0,0,6,6,201,0,15,11,2013,6,11,9,1,12,8,SL-8,,24,29.937775,-95.46723889,0,12,1,0,1,1,0,1,1,1,0,1,0,0000000,99,99,99,99,99,99,25,14,0,2,0
48,482639,2,2,0,0,0,4,4,339,0,15,11,2013,6,6,55,0,4,8,FM 1485,ROADWAY LN,31,30.14852778,-95.16300833,0,12,6,0,3,3,0,1,1,10,0,10,0,0000000,99,99,99,99,99,99,0,0,0,1,0
48,482640,1,1,0,0,0,2,2,465,0,15,11,2013,6,7,50,0,4,8,FM 1024,,274,29.70435833,-101.1952306,0,1,0,0,1,1,0,1,1,1,0,1,0,0000000,7,54,8,22,9,19,0,0,0,1,0
48,482641,1,1,0,0,0,1,1,39,0,16,11,2013,7,22,10,0,6,4,CR-244,,0,29.05227222,-95.61510556,0,32,0,0,1,1,0,4,2,10,0,10,0,0000000,99,98,99,98,88,88,0,0,0,1,1
48,482642,1,1,0,0,0,1,1,97,2550,16,11,2013,7,7,4,1,11,1,I-35,,189,33.68993333,-97.16098056,0,57,0,0,1,1,0,3,4,10,0,10,0,0000000,88,88,88,88,88,88,0,0,0,1,0
48,482643,2,2,0,0,0,2,2,113,1730,16,11,2013,7,19,19,1,13,3,SR-289 PRESTON RD,CAMPBELL RD,12,32.98336111,-96.80428611,0,12,6,0,2,2,0,1,3,1,0,1,0,0000000,19,32,19,47,20,17,0,0,0,1,0
48,482644,1,1,0,0,0,2,2,179,0,16,11,2013,7,18,22,1,13,2,US-60,,166,35.61458056,-100.7307361,0,1,0,0,1,1,0,1,5,1,0,1,0,0000000,99,99,99,99,99,99,0,0,0,1,0
48,482645,1,1,0,1,1,1,1,325,0,16,11,2013,7,18,55,1,1,7,I-35,,125,29.21301944,-98.80555,0,8,0,0,1,1,0,1,2,1,0,1,0,0000000,99,99,99,99,99,99,0,0,0,1,0
48,482646,1,1,0,0,0,1,1,401,0,16,11,2013,7,2,47,0,4,8,FM1716,,127,32.35291667,-94.64932778,0,32,0,0,1,1,0,4,2,5,0,5,0,0000000,99,98,99,98,88,88,0,0,0,1,0
48,482647,1,1,0,1,1,6,6,423,3990,16,11,2013,7,19,40,1,2,2,US-69 S MAIN ST,,44,32.47079167,-95.38895833,0,8,0,0,1,1,0,1,2,10,0,10,0,0000000,19,40,19,47,20,25,0,0,0,1,0
48,482648,1,1,0,0,0,2,2,113,1730,17,11,2013,1,18,11,1,13,8,SL12 NORTHWEST HWY,,266,32.86543333,-96.76891111,0,43,0,1,5,1,0,3,1,1,0,1,0,0000000,18,12,18,15,18,31,0,0,0,1,1
48,482649,1,1,0,0,0,2,2,113,3420,17,11,2013,1,3,50,1,12,8,SL12 N WALTON WALKER BLVD,,201,32.84593889,-96.91233611,0,26,0,1,19,1,0,4,3,10,0,10,0,0000000,3,51,4,4,4,21,0,0,0,1,1
48,482650,1,1,0,0,0,1,1,239,0,17,11,2013,1,9,9,1,2,2,US-59,,181,28.93296111,-96.73705,0,1,0,0,1,1,0,3,1,1,0,1,0,0000000,99,98,99,98,88,88,0,0,0,1,1
48,482651,1,1,0,0,0,2,2,157,3580,18,11,2013,2,22,46,1,11,1,I-10,PIN OAK RD,22,29.77729722,-95.81965833,0,21,0,1,19,1,0,4,3,1,0,1,0,0000000,99,99,99,99,99,99,0,0,0,1,0
48,482652,2,2,0,0,0,3,3,151,0,19,11,2013,3,9,18,0,3,2,US-180,,117,32.74081667,-100.4758861,0,12,7,0,1,1,0,1,1,1,0,1,0,0000000,9,22,9,33,10,11,0,0,0,1,0
48,482653,1,1,0,1,1,1,1,439,2255,19,11,2013,3,18,10,1,13,3,SR-10 EULESS BLVD,RAIDER DR,68,32.81648611,-97.1347,0,8,0,0,2,2,0,1,3,1,0,1,0,0000000,18,11,18,17,18,38,0,0,0,1,0
48,482654,1,1,0,0,0,2,2,201,5230,20,11,2013,4,17,38,0,16,5,SOUTH ST,,0,29.69606944,-95.17112778,0,33,0,0,8,1,0,4,3,10,0,10,0,0000000,88,88,88,88,88,88,0,0,0,1,0
48,482655,1,1,0,1,1,3,3,113,1730,21,11,2013,5,10,22,0,16,5,MIDWAY RD,,0,32.86071667,-96.83674722,0,8,0,0,1,1,0,1,1,10,0,10,0,0000000,99,99,99,99,99,99,0,0,0,1,0
48,482656,1,1,0,1,1,2,2,113,1730,21,11,2013,5,21,35,0,16,5,WELDON ST,,0,32.80434167,-96.79198333,0,9,0,0,1,1,0,1,3,2,0,2,0,0000000,88,88,88,88,88,88,0,0,0,1,0
48,482657,2,2,0,0,0,2,2,147,0,21,11,2013,5,8,20,0,3,3,SR-121,,111,33.47308333,-96.26958333,0,12,2,0,1,1,0,1,1,1,0,1,0,0000000,8,23,8,25,9,5,0,0,0,1,0
48,482658,1,1,0,0,0,1,1,193,0,21,11,2013,5,12,3,0,5,8,FM 1241,,100,31.55116944,-98.09346111,0,59,0,0,1,1,0,4,1,10,0,10,0,0000000,88,88,88,88,88,88,0,0,0,1,0
48,482659,1,1,0,0,0,1,1,203,0,21,11,2013,5,4,30,0,3,2,US-80,,261,32.52624167,-94.27327778,0,43,0,0,1,1,0,4,1,1,0,1,0,0000000,99,98,99,98,88,88,0,0,0,1,1
48,482660,1,1,0,0,0,1,1,439,502,21,11,2013,5,23,12,1,12,3,SR-121/183 RAMP,,164,32.83773611,-97.14753056,0,18,0,0,5,1,0,4,3,10,0,10,0,0000000,88,88,88,88,88,88,0,0,0,1,1
48,482661,2,2,0,0,0,3,3,29,6090,22,11,2013,6,1,5,0,16,5,SAN PEDRO,,0,29.48778333,-98.49927222,0,12,6,0,8,1,0,1,3,10,0,10,0,0000000,1,7,1,12,1,37,0,0,0,1,1
48,482662,2,2,0,0,0,2,2,113,1730,22,11,2013,6,7,30,1,13,8,SL12 W NORTHWEST HWY,,220,32.86353333,-96.84577222,0,12,6,0,1,1,0,1,1,2,0,2,0,0000000,99,98,99,98,88,88,0,0,0,1,0
48,482663,1,1,0,0,0,1,1,157,3580,22,11,2013,6,1,5,0,4,8,FM1463,,22,29.77098333,-95.83928333,0,32,0,0,1,1,0,4,2,2,0,2,0,0000000,99,98,99,98,88,88,0,0,0,1,1
48,482664,1,1,0,1,1,1,1,201,6970,22,11,2013,6,15,59,0,16,5,CHERRY ST,,0,30.08383056,-95.61150556,0,8,0,0,1,1,0,1,1,10,0,10,0,0000000,99,99,99,99,99,99,0,0,0,1,0
48,482665,1,1,0,1,1,1,1,203,4360,22,11,2013,6,6,43,1,13,2,US-80 VICTORY DR,MAE DR,228,32.54111667,-94.32664722,0,8,0,0,2,3,0,1,2,2,0,2,0,0000000,99,98,99,98,88,88,0,0,0,1,0
48,482666,1,1,0,0,0,1,1,289,0,22,11,2013,6,22,0,0,4,8,FM39,,260,31.22628056,-96.13055556,0,42,0,0,1,1,0,4,2,2,0,2,0,0000000,99,98,99,98,88,88,0,0,0,1,1
48,482667,2,2,0,0,0,5,5,413,0,22,11,2013,6,21,50,1,2,2,US-277,,69,31.00224444,-100.56455,0,12,2,0,1,1,0,1,2,3,0,3,0,0000000,22,5,22,16,22,26,0,0,0,1,0
48,482668,1,1,0,0,0,1,1,403,0,23,11,2013,7,17,45,0,3,3,SR-21,,9,31.48312778,-93.96885556,0,42,0,0,1,1,0,4,2,2,0,2,0,0000000,99,98,99,98,88,88,0,0,0,1,0
48,482670,1,1,0,0,0,1,1,5,4160,24,11,2013,1,2,40,0,15,8,FM1336 GOBBLERS KNOB RD,,20,31.30396944,-94.75575833,0,1,0,0,1,1,0,4,2,1,0,1,0,0000000,99,98,99,98,88,88,0,0,0,1,0
48,482671,1,1,0,0,0,2,2,9,0,24,11,2013,1,0,45,0,6,4,CR-HILBERS RD,,0,33.61627222,-98.47836944,0,1,0,0,1,1,0,4,2,1,0,1,0,0000000,1,22,1,34,2,24,0,0,0,1,1
48,482672,1,1,0,0,0,2,2,439,2450,24,11,2013,1,13,5,1,11,1,I-30 EAST FWY,,227,32.76036111,-97.17123333,0,1,0,0,5,1,0,4,1,2,0,2,0,0000000,13,8,13,13,13,45,0,0,0,1,0
48,482673,1,1,0,1,1,1,1,27,570,29,8,2013,5,16,23,1,11,1,I-35,,152,31.04444167,-97.46773889,0,8,0,1,18,1,1,1,1,1,0,1,0,0000000,99,98,99,98,88,88,0,0,0,1,0
48,482674,3,1,2,1,1,2,2,113,2310,9,11,2013,7,15,46,0,16,5,VALWOOD PKWY,,0,32.93895,-96.87800278,0,14,0,0,1,1,0,4,1,10,0,10,0,0000000,99,99,99,99,99,99,0,0,0,1,0
48,482675,3,3,0,0,0,4,4,29,0,16,11,2013,7,19,53,0,4,8,SL1604,,298,29.21878889,-98.37726944,0,12,1,0,8,1,0,1,2,10,0,10,0,0000000,20,1,20,21,20,57,0,0,0,1,0
48,482676,1,1,0,0,0,1,1,385,0,17,11,2013,1,16,30,0,4,8,RM337,,10,29.74019444,-99.60318333,0,17,0,0,1,1,0,4,1,1,0,1,0,0000000,99,98,99,98,88,88,0,0,0,1,0
48,482677,1,1,0,1,1,1,1,423,0,17,11,2013,1,21,7,0,6,4,CR-1125 GREENBRIAR RD,,0,32.33711944,-95.37839167,0,8,0,0,1,1,0,1,2,10,0,10,0,0000000,99,98,99,98,88,88,0,0,0,1,0
48,482678,2,2,0,0,0,3,3,499,0,17,11,2013,1,13,54,1,2,2,US-69,FM779,73,32.73021111,-95.54723333,0,12,6,0,2,2,1,1,1,1,0,1,0,0000000,14,5,14,15,14,41,0,0,0,1,0
48,482679,1,1,0,0,0,1,1,201,3280,22,11,2013,6,23,42,1,12,8,UA90,,79,29.78590833,-95.3668,0,30,0,0,1,1,0,4,3,1,0,1,0,0000000,99,98,99,98,88,88,0,0,0,1,1
48,482680,4,4,0,0,0,5,5,283,0,22,11,2013,6,11,26,1,1,1,I-35,,71,28.52031667,-99.21493611,0,12,6,0,1,1,0,1,1,2,0,2,0,0000000,99,99,99,99,99,99,19,0,0,1,0
48,482681,1,1,0,1,1,1,1,29,6090,24,11,2013,1,20,58,1,13,8,SS536 ROOSEVELT AVE,,248,29.37394722,-98.48125833,0,8,0,0,1,1,0,1,3,2,0,2,0,0000000,99,98,99,98,88,88,0,0,0,1,0
48,482682,1,1,0,1,1,1,1,201,3280,24,11,2013,1,2,54,1,11,1,I-45 GULF FWY RAMP,,100,29.61933333,-95.21922222,0,8,0,0,20,1,0,1,3,1,0,1,0,0000000,99,98,99,98,88,88,0,0,0,1,0
48,482683,1,1,0,0,0,7,7,181,0,25,11,2013,2,5,10,1,2,2,US-82,,273,33.64986111,-96.48025,0,42,0,0,1,1,0,4,2,2,0,2,0,0000000,99,98,99,98,88,88,0,0,0,1,0
48,482684,3,3,0,0,0,3,3,201,3280,25,11,2013,2,1,20,1,13,8,FM1093 WESTHEIMER RD,S DAIRY ASHFORD RD,54,29.73609722,-95.605825,0,12,6,0,2,2,0,1,3,1,0,1,0,0000000,99,98,99,98,88,88,0,0,0,1,1
48,482685,1,1,0,1,1,1,1,215,5330,27,11,2013,4,5,7,1,13,3,SR-495 W FERGUSON RD,FM3362 N JACKSON RD,112,26.21443611,-98.20156389,0,8,0,0,2,2,0,1,2,1,0,1,0,0000000,5,7,5,27,5,32,0,0,0,1,0
48,482686,2,1,1,0,2,1,3,297,0,27,11,2013,4,5,2,1,1,1,I-37,,72,28.23979444,-97.91273056,0,14,0,0,1,1,0,2,2,1,0,1,0,0000000,6,13,6,31,7,5,23,0,0,2,0
48,482687,2,2,0,0,0,2,2,329,0,27,11,2013,4,18,35,1,2,3,SR-158,,118,31.96133333,-101.9623306,0,12,1,0,8,1,0,1,2,1,0,1,0,0000000,99,98,99,98,88,88,0,0,0,1,0
48,482688,1,1,0,0,0,1,1,121,1840,28,11,2013,5,14,34,1,11,1,I-35,,144,33.22307222,-97.17144444,0,59,0,0,1,1,1,4,1,1,0,1,0,0000000,14,36,14,39,14,58,0,0,0,1,0
48,482689,2,2,0,0,0,3,3,439,2450,28,11,2013,5,18,58,0,16,5,OAKLAND BLVD,,0,32.75256111,-97.2617,0,12,2,0,1,1,0,1,2,1,0,1,0,0000000,18,58,19,5,19,46,0,0,0,1,1
48,482690,1,1,0,0,0,1,1,167,6860,30,11,2013,7,4,49,0,14,8,FM517,,134,29.46933611,-95.01519167,0,33,0,0,1,1,0,4,2,1,0,1,0,0000000,99,98,99,98,88,88,0,0,0,1,1
48,482691,1,1,0,0,0,3,3,201,0,9,2,2013,7,4,11,0,6,4,CR-MESA DR,,0,29.88222778,-95.25724722,0,34,0,0,1,1,0,4,2,1,0,1,0,0000000,99,99,99,99,99,99,0,0,0,1,0
48,482692,1,1,0,0,0,1,1,167,3850,4,9,2013,4,20,24,1,13,8,FM1765 TEXAS AVE,,27,29.37828611,-95.00420278,0,33,0,0,1,1,0,4,3,1,0,1,0,0000000,20,28,20,48,21,20,0,0,0,1,1
48,482693,1,1,0,0,0,1,1,309,545,21,10,2013,2,17,24,1,11,7,I-35,,191,31.60164167,-97.10813056,0,39,0,0,5,1,0,4,1,1,0,1,0,0000000,88,88,88,88,88,88,0,0,0,1,0
48,482694,2,2,0,0,0,2,2,187,6290,22,10,2013,3,14,4,1,13,8,UA90 COURT ST,PEACH ST,152,29.56903889,-97.95115278,0,12,6,0,2,3,0,1,1,1,0,1,0,0000000,99,98,99,98,88,88,0,0,0,1,0
48,482695,2,2,0,0,0,6,6,493,6610,2,11,2013,7,19,10,1,2,2,US-87,6TH ST,202,29.22646389,-97.95826111,0,12,6,0,2,3,0,1,5,1,0,1,0,0000000,19,18,19,24,20,11,0,0,0,1,0
48,482696,1,1,0,0,0,7,7,85,5530,10,11,2013,1,4,7,0,16,5,MONTE CARLO BLVD,,0,33.1906,-96.53640556,0,33,0,0,1,1,0,4,3,1,0,1,0,0000000,4,11,4,26,4,49,0,0,0,2,0
48,482697,1,1,0,1,1,1,1,29,6090,11,11,2013,2,5,0,1,13,2,US-87,,58,29.39020833,-98.352425,0,8,0,0,8,1,0,2,2,10,0,10,0,0000000,99,98,99,98,88,88,0,0,0,1,0
48,482698,1,1,0,1,1,1,1,157,0,11,11,2013,2,8,40,0,6,4,CR-ADDICKS CLODINE RD,CR-BEECHNUT ST,0,29.68883056,-95.66323333,0,8,0,0,2,2,0,1,1,1,0,1,0,0000000,99,98,99,98,88,88,0,0,0,1,0
48,482699,3,3,0,0,0,3,3,453,330,12,11,2013,3,22,25,1,11,1,I-35,,124,30.19635833,-97.76559722,0,12,7,0,1,1,0,1,2,1,0,1,0,0000000,22,26,22,32,22,46,0,0,0,1,0
48,482700,2,2,0,0,0,3,3,85,7620,14,11,2013,5,2,12,0,16,5,COUNTRY CLUB RD,RIVER OAKS CIR,0,33.04583056,-96.56845,0,12,1,0,3,2,0,1,3,1,0,1,0,0000000,99,98,99,98,88,88,0,0,0,1,1
48,482701,2,2,0,0,0,2,2,309,545,14,11,2013,5,23,25,1,11,1,I-35,,181,31.58838889,-97.10970556,0,12,2,1,5,1,0,1,3,1,0,1,0,0000000,23,32,23,39,0,7,0,0,0,1,1
48,482702,2,2,0,0,0,5,5,113,1730,15,11,2013,6,18,25,0,16,5,PRAIRIE CREEK RD,DUNLAP DR,0,32.7263,-96.66598889,0,12,6,0,2,3,0,1,3,1,0,1,0,0000000,99,99,99,99,99,99,0,0,0,3,0
48,482703,1,1,0,2,2,1,1,135,0,15,11,2013,6,19,52,1,13,2,US-385,,177,31.91032222,-102.3938417,0,8,0,0,8,1,0,1,3,1,0,1,0,0000000,19,48,19,53,20,14,0,0,0,1,0
48,482704,3,3,0,0,0,4,4,201,5230,15,11,2013,6,21,22,0,16,5,PASADENA BLVD,HARDING / EVA ST,0,29.68255,-95.19560833,0,12,6,0,2,2,0,1,2,1,0,1,0,0000000,21,24,21,32,22,18,0,0,0,1,0
48,482705,1,1,0,0,0,1,1,157,0,16,11,2013,7,15,30,0,6,4,CR-FULSHEAR DR,,0,29.710525,-95.90591389,0,32,0,0,1,1,0,4,1,10,0,10,0,0000000,15,18,15,25,16,7,0,0,0,1,0
48,482706,1,1,0,0,0,1,1,201,0,16,11,2013,7,2,5,0,6,4,CR-TELGE RD,CR-CYPRESS N HOUSTON RD,0,29.94530833,-95.64886389,0,33,0,0,3,2,0,8,3,10,0,10,0,0000000,99,98,99,98,88,88,0,0,0,1,1
48,482707,1,1,0,1,1,1,1,339,0,16,11,2013,7,18,3,1,1,7,I-69,,98,30.15002222,-95.21857222,0,8,0,1,20,1,0,1,2,10,0,10,0,0000000,99,98,99,98,88,88,23,0,0,1,0
48,482708,2,2,0,0,0,1,1,201,3280,17,11,2013,1,6,3,1,12,8,SL 8 SAM HOUSTON TOLL RD,,23,29.65348056,-95.55036944,0,12,1,1,18,1,0,1,4,1,0,1,0,0000000,88,88,88,88,88,88,19,0,0,1,1
48,482709,2,2,0,1,1,3,3,381,150,17,11,2013,1,18,6,0,16,5,BELL ST,45TH AVE,0,35.16155,-101.9021778,0,8,0,0,3,2,0,1,1,1,0,1,0,0000000,99,99,99,99,99,99,0,0,0,1,0
48,482710,1,1,0,1,1,2,2,179,5190,18,11,2013,2,14,15,0,16,5,STARKWEATHER ST,KINGSMILL AVE,0,35.53894444,-100.9574667,0,8,0,0,3,2,0,1,1,1,0,1,0,0000000,99,99,99,99,99,99,0,0,0,1,0
48,482711,2,2,0,0,0,3,3,201,0,18,11,2013,2,14,28,0,6,4,CR-SPRING CYPRESS,,0,30.01426944,-95.58613889,0,12,6,0,8,1,0,1,1,10,0,10,0,0000000,14,29,14,40,15,55,0,0,0,1,0
48,482712,2,2,0,0,0,2,2,229,0,18,11,2013,2,21,14,1,2,2,US-62,,70,31.82733056,-105.8903972,0,12,6,0,1,1,0,1,2,2,0,2,0,0000000,99,99,99,99,99,99,0,0,0,1,1