STATE,ST_CASE,VE_TOTAL,VE_FORMS,PVH_INVL,PEDS,PERNOTMVIT,PERMVIT,PERSONS,COUNTY,CITY,DAY,MONTH,YEAR,DAY_WEEK,HOUR,MINUTE,NHS,ROAD_FNC,ROUTE,TWAY_ID,TWAY_ID2,MILEPT,LATITUDE,LONGITUD,SP_JUR,HARM_EV,MAN_COLL,RELJCT1,RELJCT2,TYP_INT,WRK_ZONE,REL_ROAD,LGT_COND,WEATHER1,WEATHER2,WEATHER,SCH_BUS,RAIL,NOT_HOUR,NOT_MIN,ARR_HOUR,ARR_MIN,HOSP_HR,HOSP_MN,CF1,CF2,CF3,FATALS,DRUNK_DR
48,482713,1,1,0,0,0,1,1,485,1020,18,11,2013,2,8,33,1,11,7,I-44,,118,34.05446111,-98.557675,0,35,0,0,1,1,0,10,1,1,0,1,0,0000000,8,40,8,51,9,9,0,0,0,1,0
48,482714,1,1,0,0,0,2,2,141,2190,19,11,2013,3,12,59,0,16,5,CALIFORNIA AVE,,0,31.76567778,-106.4960028,0,5,0,0,1,1,0,1,1,1,0,1,0,0000000,12,59,13,4,13,22,0,0,0,1,0
48,482715,3,3,0,0,0,4,4,355,0,19,11,2013,3,11,40,1,13,3,SR-44,,42,27.78096667,-97.54616389,0,12,2,0,1,1,0,1,1,1,0,1,0,0000000,11,43,11,58,12,27,0,0,0,2,0
48,482716,1,1,0,0,0,1,1,91,0,20,11,2013,4,15,15,1,13,3,SR-46,,162,29.78564722,-98.32783889,0,32,0,0,1,1,0,4,1,1,0,1,0,0000000,88,88,88,88,88,88,0,0,0,1,1
48,482717,1,1,0,1,1,1,1,353,6720,20,11,2013,4,18,34,1,13,8,BI-20M BROADWAY AVE,LOCUST ST,160,32.4706,-100.40735,0,15,0,0,2,2,0,1,3,1,0,1,0,0000000,18,37,18,38,18,48,0,0,0,1,0
48,482718,1,1,0,0,0,5,5,423,0,20,11,2013,4,18,10,0,6,4,CR-3199 PINNACLE DR,,0,32.33473611,-95.01461111,0,1,0,0,1,1,0,1,2,10,0,10,0,0000000,18,45,19,17,19,38,0,0,0,1,0
48,482719,2,2,0,0,0,2,2,135,5030,21,11,2013,5,8,9,1,11,1,I-20,,390,31.86633889,-102.3018,0,12,1,1,18,1,0,1,1,1,0,1,0,0000000,99,99,99,99,99,99,0,0,0,1,0
48,482720,2,2,0,0,0,3,3,167,3920,21,11,2013,5,22,18,1,12,8,FM 646,,62,29.48581944,-95.06231944,0,12,2,0,1,1,0,1,2,1,0,1,0,0000000,22,20,22,26,23,10,0,0,0,1,0
48,482721,2,2,0,0,0,6,6,105,0,22,11,2013,6,21,35,1,1,1,I-10,,567,30.70563056,-101.2019194,0,12,1,0,1,1,0,1,3,3,0,3,0,0000000,21,41,21,47,22,10,0,0,0,1,1
48,482722,1,1,0,0,0,2,2,201,0,22,11,2013,6,2,10,0,6,4,CR-CIMARRON PKWY,,0,29.76914167,-95.75452778,0,38,0,0,1,1,0,4,3,10,0,10,0,0000000,2,23,2,27,3,9,0,0,0,1,1
48,482723,1,1,0,1,1,2,2,201,3280,22,11,2013,6,21,15,1,13,8,FM 1093/WESTHEIMER RD,,37,29.73561944,-95.63335,0,8,0,0,1,1,0,3,3,10,0,10,0,0000000,99,98,99,98,88,88,0,0,0,1,0
48,482724,2,2,0,0,0,4,4,257,3610,22,11,2013,6,18,20,1,2,2,US-175,HORSE LN,172,32.4229,-96.2071,0,12,6,0,2,4,0,1,2,2,0,2,0,0000000,18,33,18,38,19,58,0,0,0,1,0
48,482725,3,3,0,0,0,5,5,283,0,22,11,2013,6,9,31,1,1,1,I-35,,28,28.46393056,-99.23215,0,12,8,0,1,1,0,1,1,10,0,10,0,0000000,99,99,99,99,99,99,0,0,0,1,0
48,482726,1,1,0,1,1,1,1,339,0,22,11,2013,6,17,46,0,4,8,FM 1485,,45,30.14728056,-95.13838056,0,8,0,0,1,1,0,1,2,10,0,10,0,0000000,99,98,99,98,88,88,0,0,0,1,0
48,482727,3,3,0,1,1,12,12,359,0,22,11,2013,6,23,17,1,1,1,I-40,,139,35.26273333,-102.5256611,0,12,1,0,1,1,0,1,2,4,0,4,0,0000000,99,99,99,99,99,99,19,0,0,4,0
48,482728,1,1,0,1,1,1,1,113,1730,23,11,2013,7,23,50,1,13,7,SR-175/CENTRAL EXPY,,28,32.75646389,-96.76761667,0,8,0,0,1,1,0,1,2,2,0,2,0,0000000,23,54,23,58,0,32,0,0,0,1,0
48,482729,2,2,0,0,0,2,2,181,0,23,11,2013,7,3,25,0,3,3,SR-11,,22,33.59251944,-96.55888056,0,24,0,0,1,1,0,4,2,10,0,10,0,0000000,3,36,3,49,4,23,0,0,0,1,1
48,482730,1,1,0,0,0,1,1,251,0,23,11,2013,7,18,30,0,6,4,CR-109,,0,32.39861111,-97.15376111,0,38,0,0,1,1,0,4,2,10,0,10,0,0000000,88,88,88,88,88,88,0,0,0,1,1
48,482731,3,3,0,0,0,6,6,339,0,23,11,2013,7,13,29,0,15,8,FM1485,,8,30.15028056,-95.20101667,0,12,6,0,1,1,0,1,1,2,0,2,0,0000000,99,99,99,99,99,99,0,0,0,1,1
48,482732,1,1,0,0,0,1,1,341,0,23,11,2013,7,21,39,1,2,2,US-287 N DUMAS AVE,,115,35.89303611,-101.9770778,0,18,0,0,1,1,0,4,2,4,0,4,0,0000000,99,98,99,98,88,88,0,0,0,1,0
48,482733,1,1,0,0,0,1,1,451,0,23,11,2013,7,6,5,1,2,2,US-277,,82,31.187125,-100.5022361,0,26,0,0,1,1,0,4,2,3,0,3,0,0000000,6,9,6,30,7,9,0,0,0,1,0
48,482734,2,2,0,0,0,2,2,39,0,24,11,2013,1,18,23,0,4,8,FM521,,46,29.10387778,-95.54151111,0,12,2,0,1,1,0,1,2,1,0,1,0,0000000,18,29,19,3,19,54,0,0,0,2,2
48,482735,1,1,0,0,0,11,11,109,0,24,11,2013,1,3,11,1,1,1,I-10,,125,31.0453,-104.7115028,0,1,0,0,1,1,0,4,2,3,0,3,0,0000000,3,21,3,47,99,99,0,0,0,1,0
48,482736,4,4,0,0,0,7,7,113,1730,24,11,2013,1,21,8,1,13,8,SL12 W LEDBETTER DR,S WESTMORELAND RD,85,32.69132222,-96.88051389,0,12,1,0,3,2,0,1,3,10,0,10,0,0000000,21,13,21,16,21,39,0,0,0,2,0
48,482737,2,2,0,0,0,2,2,157,0,24,11,2013,1,20,32,0,15,8,FM762,,44,29.54140278,-95.73240556,0,12,2,0,1,1,0,1,2,10,0,10,0,0000000,88,88,88,88,88,88,0,0,0,1,1
48,482738,2,2,0,1,1,3,3,201,3280,24,11,2013,1,2,15,1,11,1,I-45 NORTH FWY,,336,29.88863889,-95.412275,0,8,0,0,1,1,0,1,3,10,0,10,0,0000000,88,88,88,88,88,88,19,0,0,1,0
48,482739,1,1,0,0,0,1,1,231,0,24,11,2013,1,21,4,1,2,2,US-69,,292,33.02548056,-95.9836,0,32,0,0,1,1,0,4,2,10,0,10,0,0000000,88,88,88,88,88,88,0,0,0,1,1
48,482740,1,1,0,1,1,1,1,29,6090,25,11,2013,2,15,50,0,16,5,S HACKBERRY ST,,0,29.38520833,-98.47344167,0,8,0,0,1,1,0,4,1,10,0,10,0,0000000,99,98,99,98,88,88,20,0,0,1,0
48,482741,1,1,0,0,0,1,1,59,0,25,11,2013,2,22,6,1,1,1,I-20,,291,32.37872222,-99.15376667,0,52,0,0,1,1,0,3,2,2,0,2,0,0000000,88,88,88,88,88,88,0,0,0,1,0
48,482742,2,2,0,0,0,2,2,85,5390,25,11,2013,2,21,46,1,12,7,SR-121 SAM RAYBURN TLWY,INDEPENDENCE PKWY,180,33.11853611,-96.75090833,0,12,6,0,2,2,0,1,2,10,0,10,0,0000000,99,99,99,99,99,99,0,0,0,1,0
48,482743,1,1,0,0,0,3,3,471,0,25,11,2013,2,3,55,1,1,1,I-45,,282,30.83750833,-95.71929444,0,42,0,0,1,1,0,4,2,2,0,2,0,0000000,4,3,4,23,5,13,0,0,0,1,1
48,482744,1,1,0,0,0,1,1,113,1730,26,11,2013,3,19,50,1,11,1,I-35,,113,32.76906667,-96.806925,0,52,0,1,19,1,0,8,3,1,0,1,0,0000000,99,99,99,99,99,99,0,0,0,1,1
48,482745,2,2,0,0,0,3,3,131,0,26,11,2013,3,17,2,1,2,3,SR-44,,151,27.79408333,-98.37419722,0,12,2,0,1,1,0,1,1,1,0,1,0,0000000,17,17,17,54,18,26,0,0,0,2,0
48,482746,1,1,0,0,0,1,1,73,0,27,11,2013,4,23,10,1,2,2,US-79,,26,32.00116389,-95.01175,0,42,0,0,1,1,0,4,2,1,0,1,0,0000000,88,88,88,88,88,88,0,0,0,1,1
48,482747,1,1,0,0,0,1,1,85,5730,27,11,2013,4,2,50,0,16,5,RENNER RD,,0,33.00213889,-96.64265278,0,43,0,0,1,1,0,4,3,10,0,10,0,0000000,88,88,88,88,88,88,0,0,0,1,1
48,482748,1,1,0,0,0,1,1,417,0,28,11,2013,5,14,0,0,5,8,FM 576,,128,32.54468056,-99.1979,0,35,0,0,1,1,0,4,1,1,0,1,0,0000000,88,88,88,88,88,88,0,0,0,1,0
48,482749,3,3,0,0,0,5,5,121,1840,29,11,2013,6,10,33,1,13,2,US-380 UNIVERSITY DR,,97,33.23201389,-97.22293889,0,12,1,0,1,1,1,1,1,1,0,1,0,0000000,10,36,10,44,11,9,0,0,0,1,0
48,482750,1,1,0,0,0,1,1,425,0,29,11,2013,6,15,38,0,4,3,SR-144,,56,32.25444167,-97.7302,0,42,0,0,1,1,0,4,1,1,0,1,0,0000000,88,88,88,88,88,88,0,0,0,1,0
48,482751,1,1,0,0,0,1,1,495,0,29,11,2013,6,4,53,0,3,3,SR-115,,155,31.791725,-103.1394639,0,1,0,0,1,1,0,4,2,1,0,1,0,0000000,99,99,99,99,99,99,0,0,0,1,1
48,482752,2,2,0,0,0,6,6,29,6090,30,11,2013,7,23,15,1,11,1,I-410,,357,29.40225556,-98.38939444,0,12,7,0,1,1,0,1,2,1,0,1,0,0000000,23,15,23,25,23,45,0,0,0,1,1
48,482753,1,1,0,0,0,3,3,215,4197,30,11,2013,7,2,35,1,13,8,FM2220 N WARE RD,,167,26.21886944,-98.25963611,0,33,0,0,1,1,0,3,3,1,0,1,0,0000000,99,99,99,99,99,99,0,0,0,1,1
48,482754,2,2,0,0,0,5,5,201,3280,6,9,2013,6,13,50,1,11,1,I-610,,93,29.80926111,-95.31685556,0,12,6,0,1,1,0,1,1,1,0,1,0,0000000,99,99,99,99,99,99,0,0,0,1,0
48,482755,2,2,0,0,0,3,3,201,3280,19,11,2013,3,9,14,0,12,2,US-59,,59,29.72877778,-95.44207222,0,12,7,0,1,1,0,1,1,1,0,1,0,0000000,99,98,99,98,88,88,0,0,0,1,0
48,482756,2,2,0,0,0,2,2,201,3280,21,11,2013,5,22,26,1,11,1,I-610,,108,29.80418056,-95.29311111,0,12,2,0,1,1,0,1,3,10,0,10,0,0000000,99,99,99,99,99,99,0,0,0,1,1
48,482757,1,1,0,0,0,2,2,61,0,25,11,2013,2,17,30,0,6,4,CR-EBONY RD,,0,26.11551111,-97.481675,0,42,0,0,1,1,0,4,1,10,0,10,0,758604B,99,98,99,98,88,88,0,0,0,1,1
48,482759,2,2,0,0,0,2,2,453,0,27,11,2013,4,5,53,1,13,8,FM969,,154,30.27942222,-97.64422778,0,12,2,0,1,1,0,1,3,1,0,1,0,0000000,5,54,6,1,6,56,0,0,0,1,0
48,482760,2,2,0,0,0,3,3,441,0,29,11,2013,6,15,20,1,1,1,I-20,,139,32.460725,-99.93718056,0,12,2,0,1,1,0,1,1,1,0,1,0,0000000,15,28,15,44,16,20,0,0,0,2,0
48,482761,1,1,0,0,0,1,1,29,6090,30,11,2013,7,23,38,1,11,1,I-410,,410,29.32931944,-98.41725,0,39,0,1,5,1,0,4,3,10,0,10,0,0000000,23,40,23,45,0,14,0,0,0,1,1
48,482762,2,2,0,0,0,2,2,393,0,30,11,2013,7,6,43,1,2,2,US-60,,102,35.713925,-100.6058361,0,12,6,0,1,1,0,1,2,1,0,1,0,0000000,6,44,6,55,99,99,0,0,0,1,0
48,482763,1,1,0,1,1,3,3,141,2190,22,8,2013,5,19,50,0,16,5,N RAYNOR ST,JEFFERSON,0,31.81131667,-106.4597889,0,9,0,0,3,2,0,1,3,1,0,1,0,0000000,19,50,19,54,20,9,0,0,0,1,0
48,482764,1,1,0,1,1,1,1,201,0,14,9,2013,7,20,20,1,13,3,SR-6,,43,29.87626944,-95.645325,0,8,0,0,1,1,0,1,3,1,0,1,0,0000000,99,99,99,99,99,99,0,0,0,1,0
48,482765,2,2,0,0,0,2,2,167,3850,21,9,2013,7,13,5,1,13,8,FM1764,FM2004,54,29.40165,-95.03420833,0,12,6,0,2,2,0,1,1,2,0,2,0,0000000,99,99,99,99,99,99,0,0,0,1,0
48,482766,1,1,0,1,1,1,1,201,0,29,9,2013,1,3,30,0,6,4,CR-MAUDEAS DR,CR-EINRA,0,29.88110833,-95.04123333,0,8,0,0,2,2,0,1,2,2,0,2,0,0000000,99,99,99,99,99,99,0,0,0,1,0
48,482767,1,1,0,1,1,2,2,251,3538,12,10,2013,7,21,23,0,2,3,SR-174 BROADWAY ST,COOPER ST,182,32.45386944,-97.38441944,0,9,0,0,2,2,0,1,2,1,0,1,0,0000000,21,25,21,30,22,2,0,0,0,1,0
48,482768,9,2,7,0,0,5,5,241,3480,15,11,2013,6,23,55,1,13,2,US-96 N WHEELER ST,FM776 E MILAM ST,202,30.92293889,-93.99683611,0,12,6,0,2,2,0,1,3,1,0,1,0,0000000,23,58,0,2,0,22,20,0,0,2,0
48,482769,2,2,0,0,0,2,2,479,3899,15,11,2013,6,9,38,0,16,5,SPRINGFIELD AVE,,0,27.54381111,-99.49173056,0,12,2,0,1,1,0,1,1,1,0,1,0,0000000,9,38,9,42,10,5,0,0,0,1,0
48,482770,1,1,0,0,0,4,4,257,0,16,11,2013,7,1,25,0,6,4,CR-120,,0,32.62525278,-96.09274167,0,38,0,0,1,1,0,4,2,1,0,1,0,0000000,99,99,99,99,99,99,0,0,0,1,1
48,482771,1,1,0,0,0,1,1,283,0,18,11,2013,2,16,4,0,5,8,FM 469,,101,28.57789722,-99.196925,0,10,0,0,6,1,0,1,1,10,0,10,0,448979H,88,88,88,88,88,88,0,0,0,1,0
48,482772,2,2,0,1,1,3,3,201,0,21,11,2013,5,14,45,1,12,7,SL 8 SAM HOUSTON PKWY,,10,29.93693889,-95.49474167,0,8,0,0,1,1,0,1,1,1,0,1,0,0000000,99,99,99,99,99,99,23,0,0,1,0
48,482773,3,3,0,0,0,4,4,355,0,22,11,2013,6,5,24,0,3,8,FM 1694,CR-48,31,27.83274722,-97.61985,0,12,1,0,3,3,0,1,2,10,0,10,0,0000000,5,26,5,34,6,18,0,0,0,1,0
48,482774,1,1,0,0,0,1,1,335,4090,23,11,2013,7,23,6,1,1,1,I-20,,306,32.41422222,-100.7078778,0,1,0,0,1,1,0,1,3,4,0,4,0,0000000,88,88,88,88,88,88,19,0,0,1,0
48,482775,2,1,1,0,2,2,4,375,0,23,11,2013,7,20,20,1,2,2,US-87,,185,35.39511944,-101.8346778,0,14,0,0,1,1,0,5,2,10,0,10,0,0000000,99,99,99,99,99,99,19,0,0,2,0
48,482776,1,1,0,1,1,1,1,113,1730,24,11,2013,1,19,23,0,16,5,WESTMORELAND RD,,0,32.71296111,-96.87429444,0,8,0,0,1,1,0,1,3,10,0,10,0,0000000,99,99,99,99,99,99,0,0,0,1,0
48,482777,3,3,0,0,0,5,5,3,0,27,11,2013,4,18,6,0,4,3,SR-176,,385,32.3252,-102.4297194,0,18,0,0,8,1,0,1,5,1,0,1,0,0000000,99,99,99,99,99,99,0,0,0,1,0
48,482778,1,1,0,0,0,1,1,37,6850,27,11,2013,4,3,11,1,11,7,I-30 SAINT MICHAELS DR,,399,33.45935278,-94.08155278,0,32,0,0,1,1,0,4,2,1,0,1,0,0000000,88,88,88,88,88,88,0,0,0,1,1
48,482779,1,1,0,0,0,1,1,123,0,27,11,2013,4,6,41,0,4,3,SR-72,,23,28.91956111,-97.62886667,0,1,0,0,1,1,0,1,4,10,0,10,0,0000000,88,88,88,88,88,88,0,0,0,1,0
48,482780,1,1,0,1,1,1,1,187,0,27,11,2013,4,21,32,0,6,4,CR-ZIPP RD,,0,29.66158056,-98.08770833,0,8,0,0,1,1,0,1,2,1,0,1,0,0000000,21,44,21,54,22,19,0,0,0,1,0
48,482781,1,1,0,1,1,2,2,201,480,27,11,2013,4,22,50,1,11,7,I-10,,493,29.79951667,-95.01561944,0,8,0,0,1,1,0,1,2,1,0,1,0,0000000,99,99,99,99,99,99,0,0,0,1,0
48,482782,2,1,1,0,0,1,1,135,5030,28,11,2013,5,3,42,0,16,5,17TH ST,,0,31.85740833,-102.3806528,0,14,0,0,1,1,0,5,3,1,0,1,0,0000000,99,98,99,98,88,88,0,0,0,1,1
48,482783,1,1,0,0,0,2,2,229,0,28,11,2013,5,3,31,1,1,1,I-10,,167,31.23906389,-105.7870667,0,11,0,1,18,1,0,1,2,1,0,1,0,0000000,99,98,99,98,88,88,19,0,0,2,0
48,482784,1,1,0,0,0,3,3,133,0,29,11,2013,6,1,28,0,6,4,CR-454,,0,32.43533056,-98.75191944,0,1,0,0,1,1,0,4,2,1,0,1,0,0000000,99,98,99,98,88,88,0,0,0,1,1
48,482786,2,2,0,0,0,3,3,467,1140,29,11,2013,6,16,47,0,4,3,SR-198/BUFFALO ST,SHORT ST,14,32.54036944,-95.8751,0,12,6,0,2,3,0,1,1,1,0,1,0,0000000,99,98,99,98,88,88,0,0,0,2,0
48,482787,2,2,0,0,0,2,2,135,0,30,11,2013,7,12,30,1,2,8,SL 338,FM 3503,357,31.79576944,-102.3030694,0,12,6,1,2,2,0,1,1,1,0,1,0,0000000,12,36,12,42,13,16,0,0,0,1,0
48,482788,1,1,0,0,0,1,1,141,2190,30,11,2013,7,22,58,0,16,5,LEE TREVINO DR,,0,31.74033056,-106.3243167,0,25,0,0,1,1,0,3,3,1,0,1,0,0000000,99,99,99,99,99,99,0,0,0,1,1
48,482789,2,2,0,0,0,4,4,427,0,30,11,2013,7,13,16,1,2,2,US-83,,14,26.55016944,-99.09378056,0,12,6,0,1,1,1,1,1,1,0,1,0,0000000,13,29,13,54,14,24,6,0,0,1,0
48,482790,2,2,0,0,0,8,8,439,2450,30,11,2013,7,18,7,0,16,5,WICHITA ST,MARTIN ST,0,32.6946,-97.28031111,0,12,6,0,2,3,0,1,3,1,0,1,0,0000000,18,9,19,16,19,53,0,0,0,1,0
48,482791,2,2,0,0,0,2,2,473,0,30,11,2013,7,21,25,0,6,4,CR-JOSEPH RD,CR-PINEWOOD VALLEY DR,0,30.16133333,-95.8105,0,12,6,0,2,3,0,1,2,1,0,1,0,0000000,99,98,99,98,88,88,0,0,0,1,1
48,482792,3,3,0,0,0,4,4,27,570,1,12,2013,1,18,13,0,4,8,FM1670,,104,31.04927222,-97.509025,0,12,2,0,1,1,0,1,2,1,0,1,0,0000000,18,13,18,24,18,54,0,0,0,1,1
48,482793,2,2,0,0,0,2,2,35,0,1,12,2013,1,11,53,0,6,4,CR-4150,,0,31.77400278,-97.65456389,0,1,0,0,1,1,0,1,1,10,0,10,0,0000000,99,98,99,98,88,88,0,0,0,1,0
48,482794,2,2,0,0,0,4,4,113,2800,1,12,2013,1,14,53,1,12,3,SR-161,ROBINSON RD,316,32.72918056,-97.02010833,0,12,6,1,2,2,0,1,1,10,0,10,0,0000000,14,54,14,59,15,12,0,0,0,1,0
48,482795,1,1,0,0,0,1,1,157,0,1,12,2013,1,4,10,0,6,4,CR-W SYCAMORE,,0,29.52472778,-95.47034722,0,42,0,0,1,1,0,4,2,1,0,1,0,0000000,99,98,99,98,88,88,0,0,0,1,1
48,482796,2,2,0,0,0,2,2,185,0,1,12,2013,1,21,24,1,2,3,SR-6,,58,30.34861389,-96.05255556,0,12,6,0,7,1,0,1,2,1,0,1,0,0000000,99,98,99,98,88,88,0,0,0,1,0
48,482797,2,2,0,0,0,3,3,185,0,1,12,2013,1,13,20,1,2,3,SR-105,,409,30.37190278,-96.12796667,0,12,2,0,8,1,0,1,1,1,0,1,0,0000000,13,34,13,45,14,47,0,0,0,1,0
48,482798,1,1,0,0,0,1,1,201,3280,1,12,2013,1,2,25,1,11,1,I-10,,38,29.78516944,-95.75098056,0,25,0,0,1,1,0,3,3,1,0,1,0,0000000,99,98,99,98,88,88,0,0,0,1,1
48,482799,1,1,0,1,1,1,1,201,3280,1,12,2013,1,22,15,0,16,5,WAUGH DR,W GRAY ST,0,29.75323333,-95.39804167,0,9,0,0,2,2,0,1,3,1,0,1,0,0000000,22,32,22,37,23,8,0,0,0,1,0
48,482800,2,2,0,0,0,2,2,201,3280,1,12,2013,1,20,18,1,12,3,SR-288,,19,29.72878889,-95.37244722,0,12,7,0,1,1,0,1,2,1,0,1,0,0000000,99,98,99,98,88,88,0,0,0,1,1
48,482801,1,1,0,0,0,1,1,203,0,1,12,2013,1,14,46,0,3,3,SR-43,,270,32.40944444,-94.43651389,0,32,0,0,1,1,0,4,1,1,0,1,0,0000000,99,98,99,98,88,88,0,0,0,1,0
48,482802,2,2,0,0,0,2,2,249,0,1,12,2013,1,9,15,0,4,8,FM624,CR-305,134,27.96932778,-97.96048333,0,12,6,0,2,2,0,1,1,1,0,1,0,0000000,9,31,9,49,10,26,0,0,0,1,0
48,482803,2,2,0,0,0,5,5,5,0,2,12,2013,2,16,50,1,2,2,US-59,,11,31.43893333,-94.72679722,0,55,6,0,1,1,0,5,1,1,0,1,1,0000000,16,54,17,2,17,25,0,0,0,1,0
48,482804,2,2,0,0,0,3,3,291,0,2,12,2013,2,9,42,1,2,3,SR-105,,144,30.27409167,-94.78784444,0,12,6,0,1,1,0,1,1,1,0,1,0,0000000,99,98,99,98,88,88,0,0,0,2,1
48,482805,2,2,0,0,0,2,2,121,1840,3,12,2013,3,9,16,0,3,8,FM2164 N LOCUST ST,FM3163 MILAM RD E,58,33.29826944,-97.13173056,0,12,6,0,2,3,0,1,1,5,0,5,0,0000000,9,19,9,39,10,0,0,0,0,1,0
48,482806,2,2,0,0,0,2,2,89,0,4,12,2013,4,16,57,1,1,1,I-10,,162,29.69363889,-96.58043611,0,12,1,0,1,1,0,1,1,10,0,10,0,0000000,17,0,17,5,17,31,20,0,0,1,0
48,482807,2,2,0,2,2,2,2,113,1730,4,12,2013,4,1,51,1,11,1,I-35E N STEMMONS FWY,,176,32.7931,-96.81411667,0,8,0,0,1,1,0,1,3,1,0,1,0,0000000,1,52,1,58,2,28,23,0,0,1,0
48,482808,2,2,0,0,0,2,2,217,0,4,12,2013,4,11,24,0,4,3,SR-171,,123,32.12734444,-97.22498056,0,12,6,0,1,1,0,1,1,1,0,1,0,0000000,99,98,99,98,88,88,0,0,0,1,0
48,482809,1,1,0,1,1,1,1,439,260,4,12,2013,4,17,14,1,13,8,FM157,,119,32.76480556,-97.09706667,0,8,0,0,1,1,0,1,1,10,0,10,0,0000000,17,14,17,17,17,39,0,0,0,1,0
48,482810,2,2,0,0,0,3,3,471,0,4,12,2013,4,15,35,1,1,1,I-45,,65,30.60429722,-95.50579444,0,12,1,0,1,1,0,1,1,1,0,1,0,0000000,99,99,99,99,99,99,0,0,0,1,0
48,482811,3,3,0,0,0,5,5,61,3030,5,12,2013,5,6,46,0,16,5,CAMELOT DR,,0,26.16449444,-97.67408333,0,12,2,0,1,1,0,1,4,5,0,5,0,0000000,99,99,99,99,99,99,0,0,0,1,0
48,482813,2,2,0,0,0,3,3,219,0,5,12,2013,5,9,17,0,3,3,SR-114,,254,33.58408889,-102.1855806,0,12,6,0,1,1,0,1,1,3,0,3,0,0000000,99,99,99,99,99,99,0,0,0,1,0
48,482814,3,3,0,1,1,2,2,27,6810,6,12,2013,6,5,50,1,11,1,I-35,,244,31.12310556,-97.3491,0,8,0,0,1,1,0,2,3,3,0,3,0,0000000,99,99,99,99,99,99,0,0,0,1,0
48,482815,1,1,0,0,0,1,1,183,4080,6,12,2013,6,2,25,1,13,3,SR-149,,247,32.43551389,-94.71647778,0,10,0,0,6,1,0,1,2,2,0,2,0,426542N,88,88,88,88,88,88,0,0,0,1,1
48,482816,2,2,0,0,0,1,1,439,260,6,12,2013,6,0,13,1,11,1,I-20,,74,32.675575,-97.13284167,0,12,1,0,1,1,0,1,3,1,0,1,0,0000000,99,99,99,99,99,99,0,0,0,1,0
48,482817,1,1,0,0,0,1,1,29,6090,7,12,2013,7,12,30,0,3,3,SR-16,,91,29.23755556,-98.58388333,0,34,0,0,1,1,0,3,1,99,0,99,0,0000000,88,88,88,88,88,88,0,0,0,1,1
48,482818,1,1,0,0,0,2,2,53,0,7,12,2013,7,5,57,0,6,4,CR-341,,0,30.62226667,-98.22961389,0,33,0,0,1,1,0,4,2,10,0,10,0,0000000,88,88,88,88,88,88,0,0,0,2,1
48,482819,1,1,0,0,0,2,2,89,0,7,12,2013,7,18,9,1,1,1,I-10,,211,29.70939722,-96.50501944,0,1,0,0,1,1,0,10,2,2,0,2,0,0000000,99,99,99,99,99,99,0,0,0,1,0
48,482820,1,1,0,0,0,7,7,177,0,7,12,2013,7,20,7,1,1,1,I-10,,80,29.68878611,-97.25228889,0,1,0,1,19,1,0,4,2,2,0,2,0,0000000,99,99,99,99,99,99,0,0,0,1,0
48,482821,1,1,0,0,0,3,3,287,0,7,12,2013,7,7,56,0,4,8,FM696,,295,30.40662222,-97.10953056,0,41,0,0,1,1,0,4,1,10,0,10,0,0000000,7,55,8,10,9,11,0,0,0,2,1
48,482822,1,1,0,0,0,1,1,387,0,7,12,2013,7,9,32,0,4,8,FM1699,,31,33.62856667,-94.85374722,0,1,0,0,1,1,0,4,1,10,0,10,0,0000000,99,98,99,98,88,88,0,0,0,1,1
48,482823,4,4,0,1,1,9,9,453,330,7,12,2013,7,20,8,1,12,2,US-290/SR-71,,20,30.22712778,-97.77086667,0,8,0,0,1,1,0,1,3,2,0,2,0,0000000,99,98,99,98,88,88,0,0,0,1,0
48,482824,1,1,0,0,0,1,1,113,1730,8,12,2013,1,0,6,0,16,5,ROYAL LN,,0,32.89464722,-96.79926667,0,42,0,0,1,1,0,4,3,10,0,10,0,0000000,99,98,99,98,88,88,0,0,0,1,1
48,482825,2,2,0,0,0,2,2,157,6660,8,12,2013,1,6,40,1,12,8,UA90,DAIRY ASHFORD RD,290,29.62641389,-95.60302778,0,12,6,0,2,2,0,1,4,10,0,10,0,0000000,6,50,7,5,7,26,0,0,0,1,1
48,482826,2,2,0,0,0,3,3,201,3280,8,12,2013,1,17,30,0,16,5,W LAKE HOUSTON PKWY,NORTHPARK DR,0,30.06768611,-95.18830833,0,59,0,0,3,2,0,3,3,1,0,1,0,0000000,17,39,17,44,18,46,0,0,0,1,1
48,482827,1,1,0,0,0,4,4,289,0,8,12,2013,1,13,39,1,1,1,I-45,,229,31.41201944,-96.04273611,0,1,0,0,1,1,0,3,9,5,0,5,0,0000000,13,52,14,0,15,3,0,0,0,1,0
48,482828,1,1,0,0,0,1,1,355,1550,8,12,2013,1,23,20,1,11,7,I-37,,10,27.79790833,-97.41514444,0,24,0,0,1,1,0,10,3,2,0,2,0,0000000,23,27,23,34,23,42,0,0,0,1,0