STATE,ST_CASE,VE_TOTAL,VE_FORMS,PVH_INVL,PEDS,PERNOTMVIT,PERMVIT,PERSONS,COUNTY,CITY,DAY,MONTH,YEAR,DAY_WEEK,HOUR,MINUTE,NHS,ROAD_FNC,ROUTE,TWAY_ID,TWAY_ID2,MILEPT,LATITUDE,LONGITUD,SP_JUR,HARM_EV,MAN_COLL,RELJCT1,RELJCT2,TYP_INT,WRK_ZONE,REL_ROAD,LGT_COND,WEATHER1,WEATHER2,WEATHER,SCH_BUS,RAIL,NOT_HOUR,NOT_MIN,ARR_HOUR,ARR_MIN,HOSP_HR,HOSP_MN,CF1,CF2,CF3,FATALS,DRUNK_DR
48,482829,1,1,0,0,0,2,2,85,5390,10,12,2013,3,18,30,0,16,5,E PARKER RD,,0,33.044125,-96.67866944,0,30,0,0,1,1,0,3,3,1,0,1,0,0000000,18,32,18,40,18,58,0,0,0,1,0
48,482830,4,4,0,0,0,7,7,29,6090,11,12,2013,4,18,57,1,12,2,US-281,,64,29.64361667,-98.45263611,0,1,0,0,1,1,0,1,2,1,0,1,0,0000000,99,98,99,98,88,88,14,0,0,1,0
48,482831,1,1,0,0,0,1,1,201,3280,11,12,2013,4,2,10,1,11,7,I-610,,59,29.81428333,-95.37261944,0,33,0,0,1,1,0,4,3,10,0,10,0,0000000,88,88,88,88,88,88,0,0,0,1,1
48,482832,1,1,0,0,0,1,1,21,0,12,12,2013,5,14,34,0,4,8,FM 535,,106,30.07984722,-97.49819722,0,43,0,0,1,1,1,4,1,1,0,1,0,0000000,88,88,88,88,88,88,0,0,0,1,0
48,482833,2,2,0,0,0,2,2,201,3280,12,12,2013,5,2,14,1,12,7,US-59 HAMILTON ST,ELGIN ST,13,29.736975,-95.36938889,0,12,6,1,2,2,0,1,3,1,0,1,0,0000000,88,88,88,88,88,88,0,0,0,1,1
48,482834,1,1,0,1,1,1,1,29,6090,14,12,2013,7,4,57,0,16,5,WURZBACH RD,,0,29.49748333,-98.59269444,0,8,0,0,1,1,0,1,3,1,0,1,0,0000000,99,99,99,99,99,99,0,0,0,1,0
48,482835,1,1,0,1,1,3,3,201,0,24,6,2013,2,23,30,1,13,8,FM 1960,,179,30.01980833,-95.37747778,0,8,0,0,1,1,0,1,3,1,0,1,0,0000000,99,98,99,98,88,88,0,0,0,1,0
48,482836,1,1,0,0,0,1,1,141,2190,5,9,2013,5,10,3,1,11,1,I-10,,141,31.81469167,-106.5482583,0,24,0,1,5,1,0,3,1,1,0,1,0,0000000,99,99,99,99,99,99,0,0,0,1,0
48,482837,1,1,0,1,1,1,1,453,0,18,11,2013,2,21,25,0,4,8,FM 969 WEBBERVILLE RD,,0,30.24892222,-97.58644167,0,8,0,0,1,1,0,1,2,1,0,1,0,0000000,99,99,99,99,99,99,0,0,0,1,0
48,482838,2,2,0,0,0,3,3,453,0,18,11,2013,2,22,0,1,12,3,SR-71,TL 130,159,30.19397778,-97.62473056,0,12,1,0,1,1,0,1,3,1,0,1,0,0000000,22,4,22,8,22,27,0,0,0,2,0
48,482839,1,1,0,0,0,4,4,201,0,25,11,2013,2,21,56,0,6,4,CR-VETERANS MEMORIAL DR,,0,29.95281389,-95.47169167,0,32,0,0,1,1,0,4,2,2,0,2,0,0000000,21,57,22,3,23,19,0,0,0,2,0
48,482840,2,2,0,0,0,2,2,201,0,27,11,2013,4,22,7,1,13,8,FM 529,,162,29.88006944,-95.58820278,0,12,6,0,8,1,0,1,3,1,0,1,0,0000000,88,88,88,88,88,88,0,0,0,1,1
48,482841,3,3,0,0,0,7,7,309,7210,27,11,2013,4,15,30,1,11,1,I-35,,180,31.58826667,-97.10948056,0,12,1,0,1,1,0,1,1,1,0,1,0,0000000,15,30,15,31,16,0,0,0,0,1,0
48,482843,2,2,0,0,0,6,6,453,0,27,11,2013,4,18,45,0,14,8,FM973,,15,30.44398056,-97.47627778,0,12,2,0,1,1,0,1,2,10,0,10,0,0000000,18,51,19,1,19,55,0,0,0,2,0
48,482844,1,1,0,0,0,1,1,27,0,1,12,2013,1,21,12,0,4,8,FM1237,,224,31.18500833,-97.36883611,0,1,0,0,1,1,0,4,2,1,0,1,0,0000000,21,28,21,47,22,13,0,0,0,1,0
48,482845,1,1,0,0,0,1,1,321,0,1,12,2013,1,7,49,0,4,8,FM457,,88,28.96445833,-95.80739722,0,42,0,0,1,1,0,4,4,10,0,10,0,0000000,88,88,88,88,88,88,0,0,0,1,1
48,482846,2,2,0,0,0,2,2,203,4360,4,12,2013,4,19,30,0,14,8,SL390 ERNEST F SMITH PKWY,,79,32.57333889,-94.32221667,0,12,2,0,1,1,0,1,2,1,0,1,0,0000000,19,38,19,42,20,12,0,0,0,2,1
48,482847,1,1,0,0,0,3,3,103,0,5,12,2013,5,8,15,1,2,2,US-385,,39,31.60105556,-102.327675,0,1,0,0,1,1,0,3,1,3,0,3,0,0000000,99,99,99,99,99,99,0,0,0,1,0
48,482848,2,2,0,0,0,2,2,475,0,5,12,2013,5,18,40,0,4,3,SR-18,,297,31.30762222,-102.8728472,0,12,2,0,1,1,0,1,2,2,0,2,0,0000000,99,98,99,98,88,88,0,0,0,1,1
48,482849,2,2,0,0,0,3,3,481,0,5,12,2013,5,9,0,1,2,2,US-59,CR-313,322,29.13961667,-96.35871111,0,12,6,0,2,3,0,1,1,2,0,2,0,0000000,99,98,99,98,88,88,0,0,0,1,0
48,482850,2,2,0,0,0,2,2,215,0,6,12,2013,6,7,30,0,6,4,CR-TERRY RD,CR-ROGERS RD,0,26.32079722,-98.09362222,0,12,6,0,2,2,0,1,1,1,0,1,0,0000000,7,29,7,43,8,6,0,0,0,1,0
48,482851,1,1,0,1,1,1,1,339,0,6,12,2013,6,10,43,0,6,4,CR-SUMMER HILLS BLVD,CR-WISP WILLOW WAY,0,30.09648056,-95.27762222,0,53,0,0,3,3,0,3,1,2,0,2,0,0000000,10,38,10,46,11,43,0,0,0,1,0
48,482852,1,1,0,1,1,1,1,71,9997,7,12,2013,7,19,38,0,4,8,FM 3180,,70,29.805225,-94.84913333,0,8,0,0,1,1,0,1,2,1,0,1,0,0000000,88,88,88,88,88,88,0,0,0,1,0
48,482853,2,1,1,1,1,2,2,161,0,7,12,2013,7,19,30,1,1,1,I-45,,308,31.86468889,-96.32155,0,14,0,0,1,1,0,3,2,3,0,3,0,0000000,19,33,19,49,21,30,15,19,0,1,0
48,482854,3,3,0,3,3,6,6,453,0,7,12,2013,7,22,37,1,13,2,US-183,,293,30.17783333,-97.68893889,0,24,0,0,1,1,0,4,2,3,0,3,0,0000000,22,53,23,0,23,28,0,0,0,1,0
48,482855,1,1,0,0,0,1,1,19,0,8,12,2013,1,13,50,0,4,8,FM 470,,262,29.71255833,-99.14412222,0,38,0,0,1,1,0,4,1,1,0,1,0,0000000,88,88,88,88,88,88,0,0,0,1,1
48,482857,4,4,0,0,0,7,7,309,7210,8,12,2013,1,17,57,1,13,2,US-84,,242,31.56415556,-97.13470556,0,12,1,0,1,1,0,1,1,10,0,10,0,0000000,99,99,99,99,99,99,14,0,0,1,0
48,482858,2,2,0,0,0,3,3,413,0,8,12,2013,1,19,10,1,2,2,US-277,,17,31.06710833,-100.5117028,0,12,2,0,1,1,0,1,2,1,0,1,0,0000000,19,21,19,35,20,0,0,0,0,1,1
48,482859,1,1,0,0,0,1,1,27,0,9,12,2013,2,12,43,0,6,4,CR-95,,0,31.04339722,-97.34407222,0,42,0,0,1,1,0,4,1,2,0,2,0,0000000,88,88,88,88,88,88,0,0,0,1,0
48,482860,1,1,0,0,0,1,1,303,0,9,12,2013,2,16,40,0,6,4,CR-1000,,0,33.75300278,-102.0790583,0,10,0,0,6,1,0,1,1,1,0,1,0,014903C,88,88,88,88,88,88,0,0,0,1,0
48,482861,1,1,0,0,0,1,1,453,0,9,12,2013,2,0,30,1,2,8,RM 620,,63,30.38683056,-97.94265,0,52,0,0,1,1,0,4,2,5,0,5,0,0000000,88,88,88,88,88,88,0,0,0,1,1
48,482862,2,2,0,0,0,2,2,181,6980,10,12,2013,3,17,20,0,3,3,SR-11,,120,33.51726944,-96.45196944,0,12,2,0,1,1,0,1,5,1,0,1,0,0000000,99,98,99,98,88,88,0,0,0,1,0
48,482863,2,2,0,0,0,2,2,367,0,10,12,2013,3,4,50,1,2,2,US-377,,48,32.57736111,-97.6011,0,12,1,0,1,1,0,1,2,1,0,1,0,0000000,99,98,99,98,88,88,23,0,0,1,0
48,482864,1,1,0,0,0,1,1,3,0,11,12,2013,4,4,40,0,4,3,SR-176,,361,32.32526944,-102.4699694,0,1,0,0,1,1,0,4,2,1,0,1,0,0000000,88,88,88,88,88,88,0,0,0,1,0
48,482865,2,2,0,0,0,3,3,59,0,11,12,2013,4,11,49,0,4,3,SR-206,,15,32.17073056,-99.1315,0,12,2,0,1,1,0,1,1,1,0,1,0,0000000,11,49,12,0,13,7,0,0,0,1,0
48,482866,2,2,0,0,0,3,3,273,0,12,12,2013,5,9,30,0,3,3,SR-141,,26,27.54061111,-98.0171,0,12,2,0,1,1,0,1,1,10,0,10,0,0000000,9,56,10,14,10,39,0,0,0,1,0
48,482867,2,2,0,0,0,4,4,39,0,13,12,2013,6,17,10,1,13,8,BS288B,,54,29.08986944,-95.41453889,0,12,2,0,1,1,1,1,1,1,0,1,0,0000000,17,12,17,22,18,5,0,0,0,1,0
48,482868,1,1,0,0,0,1,1,71,0,13,12,2013,6,16,30,0,4,3,SR-61,,80,29.88503333,-94.61440278,0,31,0,0,1,1,0,4,1,2,0,2,0,0000000,99,99,99,99,99,99,0,0,0,1,0
48,482869,1,1,0,0,0,1,1,401,0,13,12,2013,6,14,7,0,4,8,FM 1249,,52,32.33088056,-94.7782,0,42,0,0,1,1,0,4,1,10,0,10,0,0000000,14,14,14,26,15,11,0,0,0,1,0
48,482870,1,1,0,0,0,2,2,17,0,14,12,2013,7,2,0,0,4,8,FM 54,,220,33.87273056,-102.68445,0,35,0,0,1,1,0,4,2,1,0,1,0,0000000,99,99,99,99,99,99,0,0,0,1,1
48,482871,2,2,0,1,1,3,3,265,3670,14,12,2013,7,18,17,0,14,8,SS98 THOMPSON,WESLEY DR,65,30.04681944,-99.14985278,0,8,0,0,2,3,0,1,2,1,0,1,0,0000000,99,99,99,99,99,99,0,0,0,1,0
48,482872,1,1,0,0,0,1,1,459,0,14,12,2013,7,6,44,0,4,3,SR-154,,236,32.70985833,-94.764125,0,35,0,0,1,1,0,4,4,10,0,10,0,0000000,99,98,99,98,88,88,0,0,0,1,0
48,482873,1,1,0,1,1,1,1,27,3230,15,12,2013,1,1,42,0,3,3,SR-95 S FRANKLIN ST,FANNIN ST,79,30.87582778,-97.40305278,0,43,0,0,3,2,0,4,2,1,0,1,0,0000000,1,46,2,14,2,42,0,0,0,1,1
48,482874,1,1,0,0,0,2,2,201,3280,15,12,2013,1,2,17,1,11,1,I-45,,131,29.65284167,-95.25136667,0,26,0,0,1,1,0,4,3,1,0,1,0,0000000,99,99,99,99,99,99,0,0,0,1,1
48,482875,1,1,0,0,0,1,1,303,0,15,12,2013,1,19,20,0,4,8,FM179,CR-5200,31,33.79533889,-102.0268278,0,58,0,0,2,2,0,1,2,1,0,1,0,0000000,99,98,99,98,88,88,0,0,0,1,1
48,482876,2,2,0,0,0,3,3,329,4560,15,12,2013,1,6,29,1,2,3,SR-349/FM1788,,111,31.93373889,-102.2258306,0,12,2,0,1,1,0,1,2,1,0,1,0,0000000,6,29,6,49,7,11,0,0,0,1,1
48,482877,2,2,0,0,0,2,2,201,3280,16,12,2013,2,5,52,1,12,7,SL8,,171,29.59974722,-95.31338611,0,12,1,0,1,1,0,1,3,1,0,1,0,0000000,99,98,99,98,88,88,23,0,0,1,0
48,482878,1,1,0,0,0,2,2,203,0,16,12,2013,2,12,9,1,1,1,I-20,,218,32.4919,-94.3354,0,52,0,0,1,1,0,4,1,1,0,1,0,0000000,12,9,12,13,12,31,0,0,0,1,0
48,482879,2,2,0,1,1,2,2,201,3280,17,12,2013,3,6,36,0,16,5,HEMPSTEAD RD,,0,29.80813611,-95.469225,0,8,0,0,1,1,0,1,2,1,0,1,0,0000000,99,98,99,98,88,88,0,0,0,1,0
48,482880,1,1,0,1,1,1,1,29,6090,18,12,2013,4,4,55,1,11,1,I-37,,33,29.33276944,-98.41783333,0,8,0,0,1,1,2,3,3,1,0,1,0,0000000,99,99,99,99,99,99,0,0,0,1,0
48,482881,2,2,0,1,1,2,2,121,9997,18,12,2013,4,13,25,0,16,5,JOHN DAY DR,,0,33.01683611,-97.37686111,0,8,0,0,1,1,2,1,1,1,0,1,0,0000000,99,99,99,99,99,99,0,0,0,1,0
48,482882,1,1,0,0,0,1,1,223,1680,18,12,2013,4,6,45,0,4,8,FM275,,45,33.146475,-95.84033889,0,18,0,0,1,1,0,4,2,1,0,1,0,0000000,99,98,99,98,88,88,0,0,0,1,0
48,482883,2,2,0,0,0,4,4,383,0,18,12,2013,4,21,10,0,3,2,US-67,FM1555 TEXON RD,142,31.23069722,-101.7015917,0,12,6,0,2,2,0,1,2,10,0,10,0,0000000,99,99,99,99,21,33,0,0,0,1,0
48,482884,1,1,0,0,0,1,1,439,2450,18,12,2013,4,2,20,0,16,5,MCCART AVE,,0,32.64548333,-97.36976944,0,30,0,0,1,1,0,4,3,1,0,1,0,0000000,99,98,99,98,88,88,0,0,0,1,1
48,482885,2,2,0,0,0,3,3,29,6090,21,12,2013,7,17,1,1,11,1,I-410/SR-16,,118,29.47016944,-98.61563611,0,12,7,0,1,1,0,1,1,1,0,1,0,0000000,99,99,99,99,99,99,0,0,0,1,0
48,482886,1,1,0,1,1,3,3,201,7286,20,11,2013,4,19,10,1,13,8,FM528 NASA PKWY,,30,29.52743333,-95.13253611,0,8,0,0,1,1,0,1,2,2,0,2,0,0000000,19,15,19,19,19,58,0,0,0,1,0
48,482887,2,2,0,1,1,2,2,113,1730,24,11,2013,1,2,30,0,16,5,HARRY HINES BLVD,,0,32.82250556,-96.85057778,0,8,0,0,1,1,0,1,3,1,0,1,0,0000000,99,98,99,98,88,88,0,0,0,1,0
48,482888,1,1,0,2,2,1,1,439,2450,26,11,2013,3,16,0,0,16,5,S MAIN ST,,0,32.72905,-97.32636389,0,8,0,0,1,1,0,1,1,1,0,1,0,0000000,16,6,16,6,16,29,0,0,0,1,0
48,482889,2,2,0,1,1,6,6,201,0,28,11,2013,5,0,1,1,12,2,US-290 NORTHWEST FWY,,208,29.91500278,-95.61499444,0,8,0,0,1,1,0,1,3,1,0,1,0,0000000,0,8,0,20,1,4,19,0,0,1,0
48,482890,2,2,0,0,0,2,2,201,3280,30,11,2013,7,20,2,1,11,1,I-10 KATY FWY,,146,29.78436111,-95.57484722,0,12,8,0,1,1,0,1,3,10,0,10,0,0000000,20,2,20,10,20,41,0,0,0,1,2
48,482891,2,2,0,0,0,2,2,29,6090,2,12,2013,2,8,55,1,13,8,FM2252 PERRIN BEITEL RD,WYE DR,116,29.5411,-98.41106111,0,12,6,0,2,3,0,1,1,1,0,1,0,0000000,99,98,99,98,88,88,0,0,0,1,0
48,482892,2,2,0,1,1,3,3,201,0,5,12,2013,5,18,0,0,6,4,CR-MILLER RD 2,CR-MILLER RD 1,0,29.83849167,-95.143275,0,8,0,0,2,2,0,1,2,10,0,10,0,0000000,18,0,18,7,19,11,23,0,0,1,0
48,482893,1,1,0,0,0,4,4,15,0,7,12,2013,7,4,4,0,6,4,CR-SETTLERS WAY DR,,0,29.78288333,-96.21223056,0,32,0,0,1,1,0,4,2,1,0,1,0,0000000,4,10,4,15,5,13,0,0,0,1,1
48,482894,1,1,0,0,0,1,1,157,6568,8,12,2013,1,18,47,1,12,2,US-59 SOUTHWEST FWY,,16,29.63113333,-95.59003333,0,25,0,0,1,1,0,3,3,10,0,10,0,0000000,18,59,19,18,19,37,0,0,0,1,0
48,482895,3,3,0,0,0,6,6,329,0,9,12,2013,2,6,50,1,2,3,SR-349 FM1788,,71,31.98216944,-102.2559417,0,12,8,0,1,1,0,1,4,5,0,5,0,0000000,6,56,7,8,7,35,0,0,0,1,0
48,482896,1,1,0,0,0,2,2,499,0,10,12,2013,3,14,25,0,4,8,FM14,,195,32.63329722,-95.216075,0,1,0,0,1,1,0,4,1,1,0,1,0,0000000,99,99,99,99,99,99,0,0,0,1,0
48,482897,1,1,0,1,1,1,1,481,0,11,12,2013,4,0,1,0,3,3,SR-71,,213,29.12224444,-96.25357778,0,8,0,0,1,1,0,2,2,1,0,1,0,0000000,99,98,99,98,88,88,0,0,0,1,0
48,482898,1,1,0,0,0,2,2,15,0,12,12,2013,5,18,9,0,6,4,CR-CENTER HILL RD,,0,29.96280278,-96.25622222,0,1,0,0,1,1,0,4,2,10,0,10,0,0000000,99,99,99,99,99,99,0,0,0,1,0
48,482899,2,2,0,0,0,2,2,135,5030,12,12,2013,5,12,42,1,12,7,SR-191,SS588 N FAUDREE RD,94,31.91906667,-102.291675,0,12,6,1,2,2,0,1,1,10,0,10,0,0000000,12,45,12,57,13,22,0,0,0,1,0
48,482900,2,2,0,0,0,2,2,169,0,12,12,2013,5,16,14,1,2,2,US-84,,199,33.15466667,-101.3434528,0,12,2,0,1,1,0,1,1,1,0,1,0,0000000,99,99,99,99,17,10,0,0,0,1,0
48,482901,1,1,0,1,1,1,1,339,0,12,12,2013,5,13,2,0,6,4,CR-LAKE WOODLANDS DR,,0,30.16575,-95.46168611,0,8,0,0,1,1,0,1,1,1,0,1,0,0000000,13,3,13,11,13,21,0,0,0,1,0
48,482902,1,1,0,0,0,3,3,33,0,13,12,2013,6,22,20,0,4,8,FM1054,,19,32.94749167,-101.6668639,0,59,0,0,1,1,0,4,3,1,0,1,0,0000000,99,99,99,99,99,99,0,0,0,1,0
48,482903,1,1,0,0,0,3,3,73,0,13,12,2013,6,16,10,1,2,2,US-69,,23,32.11959167,-95.30075833,0,53,0,0,1,1,0,4,1,2,0,2,0,0000000,16,10,16,28,17,18,0,0,0,2,0
48,482904,2,2,0,0,0,5,5,113,6260,13,12,2013,6,23,15,0,16,5,COMBINE RD,,0,32.61365278,-96.53449722,0,12,2,0,1,1,0,1,2,5,0,5,0,0000000,99,99,99,99,99,99,0,0,0,1,0
48,482905,2,2,0,0,0,5,5,113,1730,14,12,2013,7,14,26,0,16,5,W JEFFERSON BLVD,,0,32.74525278,-96.84716389,0,30,0,0,1,1,0,3,1,10,0,10,0,0000000,14,28,14,32,14,49,0,0,0,3,0
48,482906,2,2,0,0,0,3,3,135,0,14,12,2013,7,16,10,1,13,3,SR-302 SL338,CR-8TH ST,29,31.83593889,-102.4098472,0,12,6,0,2,2,0,1,1,1,0,1,0,0000000,16,13,16,16,16,36,0,0,0,2,1
48,482907,3,3,0,0,0,3,3,201,3280,14,12,2013,7,2,0,1,11,1,I-10 EAST FWY,,351,29.77371667,-95.25081389,0,12,1,0,1,1,0,1,2,10,0,10,0,0000000,2,12,2,18,2,52,0,0,0,1,0
48,482908,1,1,0,0,0,4,4,471,3340,14,12,2013,7,4,50,0,16,5,AVE I,BOWERS BLVD,0,30.71244167,-95.54813056,0,33,0,0,3,2,0,4,3,2,0,2,0,0000000,99,99,99,99,99,99,0,0,0,3,1
48,482909,1,1,0,0,0,2,2,117,0,15,12,2013,1,4,27,0,6,4,CR-7,,0,34.83720556,-102.4237944,0,1,0,0,1,1,0,4,2,1,0,1,0,0000000,99,98,99,98,88,88,0,0,0,1,1
48,482910,2,2,0,0,0,2,2,135,0,15,12,2013,1,2,0,0,14,8,FM2020 W UNIVERSITY BLVD,,68,31.85225,-102.4525972,0,12,8,0,1,1,0,1,2,1,0,1,0,0000000,99,99,99,99,99,99,0,0,0,1,2
48,482911,1,1,0,0,0,3,3,201,3280,15,12,2013,1,2,45,1,11,1,I-610,,88,29.67956111,-95.43796667,0,25,0,0,1,1,0,3,3,1,0,1,0,0000000,2,46,2,55,3,11,0,0,0,1,1
48,482912,1,1,0,1,1,1,1,201,0,16,12,2013,2,4,14,0,6,4,CR-BAMMEL N HOUSTON RD,,0,29.940575,-95.49788056,0,8,0,0,1,1,0,1,3,1,0,1,0,0000000,88,88,88,88,88,88,0,0,0,1,0
48,482913,3,2,1,0,1,3,4,211,0,16,12,2013,2,13,40,0,3,2,US-83,SR-33,221,35.80618611,-100.3976389,0,12,6,0,2,2,0,1,1,1,0,1,0,0000000,13,45,13,54,14,20,0,0,0,1,0
48,482914,3,3,0,0,0,5,5,71,9997,18,12,2013,4,11,42,1,13,3,SR-146,,50,29.81414167,-94.90125278,0,12,6,0,1,1,0,1,1,1,0,1,0,0000000,11,44,12,0,12,34,0,0,0,1,0
48,482916,1,1,0,0,0,1,1,201,0,18,12,2013,4,0,35,0,6,4,CR-HUFSMITH KOHRVILLE RD,,0,30.06444444,-95.58873056,0,42,0,0,1,1,0,4,2,1,0,1,0,0000000,88,88,88,88,88,88,0,0,0,1,0
48,482917,2,2,0,0,0,2,2,217,0,18,12,2013,4,19,47,1,1,1,I-35,,46,31.90171111,-97.09123056,0,12,1,0,1,1,0,1,2,10,0,10,0,0000000,19,48,20,2,21,19,0,0,0,1,0
48,482918,2,2,0,0,0,6,6,233,0,18,12,2013,4,17,59,0,3,3,SR-136,,75,35.62930833,-101.5173944,0,12,6,0,8,1,0,1,5,1,0,1,0,0000000,99,99,99,99,99,99,0,0,0,1,0
48,482919,1,1,0,0,0,1,1,267,0,18,12,2013,4,7,13,0,3,2,US-83,,28,30.66958889,-99.78158889,0,38,0,0,1,1,0,4,2,5,0,5,0,0000000,88,88,88,88,88,88,0,0,0,1,1
48,482920,1,1,0,0,0,1,1,339,0,18,12,2013,4,4,2,0,6,4,CR-RIVER PLANTATION,STONEWALL JACKSON DR,0,30.24488333,-95.43842222,0,3,0,0,3,3,0,5,2,1,0,1,0,0000000,4,6,4,16,4,44,0,0,0,1,0
48,482921,1,1,0,0,0,1,1,433,0,18,12,2013,4,3,5,0,3,2,US-83,,186,33.16805,-100.2416,0,52,0,0,1,1,0,4,2,10,0,10,0,0000000,99,98,99,98,88,88,0,0,0,1,1
48,482922,1,1,0,0,0,1,1,39,130,19,12,2013,5,4,9,1,13,8,BS35/GORDON ST,,13,29.4399,-95.2448,0,30,0,0,1,1,0,4,2,1,0,1,0,0000000,99,98,99,98,88,88,0,0,0,1,0
48,482923,1,1,0,0,0,1,1,195,0,20,12,2013,6,0,30,0,4,3,SR-15,,14,36.29531944,-101.6190611,0,31,0,0,1,1,0,4,2,1,0,1,0,0000000,99,98,99,98,88,88,0,0,0,1,1
48,482924,1,1,0,0,0,2,2,493,0,20,12,2013,6,21,12,0,4,3,SR-80,,34,29.2143,-97.74341944,0,32,0,0,1,1,0,4,2,10,0,10,0,0000000,99,99,99,99,88,88,0,0,0,1,1
48,482925,1,1,0,1,1,1,1,5,4160,21,12,2013,7,18,40,0,14,8,FM 58/CHESTNUT DR,,6,31.31823611,-94.71194444,0,8,0,0,1,1,0,1,2,5,0,5,0,0000000,99,98,99,98,88,88,19,0,0,1,0
48,482926,1,1,0,0,0,1,1,113,1730,21,12,2013,7,3,20,1,13,3,SR-180/DAVIS ST,,80,32.74957778,-96.90094722,0,35,0,0,1,1,0,4,3,2,0,2,0,0000000,99,98,99,98,88,88,0,0,0,1,1
48,482927,1,1,0,1,1,1,1,183,4080,21,12,2013,7,0,17,0,16,5,GREEN ST,,0,32.47336667,-94.73544167,0,8,0,0,1,1,0,1,2,2,0,2,0,0000000,0,17,0,22,0,36,0,0,0,1,0
48,482928,1,1,0,0,0,3,3,259,0,21,12,2013,7,22,40,0,6,4,CR-SCHEELE RD,,0,29.75496111,-98.67238056,0,38,0,0,1,1,0,4,2,1,0,1,0,0000000,99,98,99,98,88,88,0,0,0,1,0
48,482929,2,2,0,0,0,3,3,347,0,21,12,2013,7,13,25,1,2,2,US-59,,257,31.55253056,-94.68546111,0,12,1,0,1,1,0,1,1,2,0,2,0,0000000,99,99,99,99,99,99,0,0,0,1,0
48,482930,2,2,0,0,0,4,4,363,0,21,12,2013,7,22,40,0,2,2,US-180,CR-KELLER RD,325,32.80355,-98.16078056,0,12,6,0,2,2,0,1,2,5,0,5,0,0000000,99,99,99,99,99,99,0,0,0,1,2
48,482931,2,2,0,0,0,3,3,451,0,21,12,2013,7,12,39,0,3,2,US-67,TWIN BUTTES MARINA PARK RD,98,31.40390278,-100.5631417,0,12,2,0,3,3,0,1,1,1,0,1,0,0000000,12,43,12,49,13,8,0,0,0,1,0
48,482932,1,1,0,0,0,1,1,453,0,21,12,2013,7,22,11,0,6,4,CR-QUANAH PARKER TRL,,0,30.3789,-97.93101111,0,53,0,0,1,1,0,2,2,1,0,1,0,0000000,22,23,22,35,23,32,0,0,0,1,1
48,482933,1,1,0,0,0,1,1,73,0,22,12,2013,1,17,45,0,5,8,FM 1247,,61,31.46899722,-94.99228611,0,18,0,0,1,1,0,1,2,1,0,1,0,0000000,88,88,88,88,88,88,0,0,0,1,1
48,482934,2,2,0,1,1,1,1,201,3280,22,12,2013,1,2,24,1,11,1,I-610,,59,29.81391389,-95.37216667,0,12,6,1,18,1,0,1,3,2,0,2,0,0000000,88,88,88,88,88,88,19,23,0,1,1
48,482935,1,1,0,0,0,3,3,201,3280,22,12,2013,1,23,17,1,12,7,US-59,,133,29.67765,-95.54059722,0,33,0,0,1,1,0,10,3,1,0,1,0,0000000,23,21,23,35,23,51,0,0,0,1,0
48,482936,1,1,0,1,1,1,1,439,2450,22,12,2013,1,18,33,1,13,8,BU 287,,76,32.68094722,-97.27505278,0,8,0,0,1,1,0,1,3,1,0,1,0,0000000,18,34,18,39,19,5,0,0,0,1,0
48,482937,1,1,0,0,0,1,1,455,0,22,12,2013,1,0,20,0,3,3,SR-19,,56,30.98671944,-95.41581944,0,42,0,0,1,1,0,4,2,10,0,10,0,0000000,88,88,88,88,88,88,0,0,0,1,1
48,482939,2,2,0,0,0,2,2,29,6090,24,12,2013,3,2,34,1,11,1,I-35,,219,29.42100278,-98.50160833,0,12,2,0,1,1,0,1,3,1,0,1,0,0000000,99,99,99,99,99,99,0,0,0,1,1
48,482940,1,1,0,0,0,1,1,201,3280,24,12,2013,3,1,3,0,16,5,HEMPSTEAD RD,,0,29.80695278,-95.46719722,0,33,0,0,1,1,0,4,6,10,0,10,0,0000000,88,88,88,88,88,88,0,0,0,1,1
48,482941,1,1,0,1,1,1,1,201,3280,24,12,2013,3,18,27,1,13,8,SS261 N SHEPHERD DR,,33,29.83109167,-95.41070278,0,8,0,0,1,1,0,1,3,1,0,1,0,0000000,18,29,18,36,19,0,0,0,0,1,0
48,482942,1,1,0,0,0,1,1,225,0,24,12,2013,3,10,15,0,3,3,SR-19,,28,31.27756389,-95.46855,0,32,0,0,1,1,0,4,1,1,0,1,0,0000000,99,98,99,98,88,88,0,0,0,1,0
48,482943,1,1,0,0,0,1,1,241,0,24,12,2013,3,5,55,0,4,8,FM1005,,17,30.81045278,-93.97858056,0,1,0,0,1,1,0,4,2,1,0,1,0,0000000,99,98,99,98,88,88,0,0,0,1,0
48,482944,1,1,0,0,0,1,1,29,6090,25,12,2013,4,11,15,1,11,1,I-35,,340,29.53508056,-98.38730833,0,25,0,0,1,1,0,3,1,1,0,1,0,0000000,99,98,99,98,88,88,0,0,0,1,0
48,482945,2,2,0,0,0,3,3,249,0,25,12,2013,4,15,12,1,2,2,US-281,CR-116,26,27.76865833,-98.10454722,0,12,6,0,2,2,0,1,1,1,0,1,0,0000000,99,99,99,99,99,99,0,0,0,2,0