STATE,ST_CASE,VE_TOTAL,VE_FORMS,PVH_INVL,PEDS,PERNOTMVIT,PERMVIT,PERSONS,COUNTY,CITY,DAY,MONTH,YEAR,DAY_WEEK,HOUR,MINUTE,NHS,ROAD_FNC,ROUTE,TWAY_ID,TWAY_ID2,MILEPT,LATITUDE,LONGITUD,SP_JUR,HARM_EV,MAN_COLL,RELJCT1,RELJCT2,TYP_INT,WRK_ZONE,REL_ROAD,LGT_COND,WEATHER1,WEATHER2,WEATHER,SCH_BUS,RAIL,NOT_HOUR,NOT_MIN,ARR_HOUR,ARR_MIN,HOSP_HR,HOSP_MN,CF1,CF2,CF3,FATALS,DRUNK_DR
48,482946,1,1,0,0,0,2,2,29,6090,26,12,2013,5,14,32,0,16,5,SWEET MAIDEN,,0,29.34302778,-98.60258611,0,5,0,0,1,1,0,1,1,10,0,10,0,0000000,99,98,99,98,88,88,0,0,0,1,0
48,482947,1,1,0,0,0,1,1,361,5100,27,12,2013,6,23,40,1,11,1,I-10,,185,30.11266667,-93.80893611,0,52,0,0,5,1,0,8,3,1,0,1,0,0000000,99,98,99,98,88,88,0,0,0,1,0
48,482948,1,1,0,1,1,1,1,439,260,27,12,2013,6,18,46,0,16,5,SUBLETT RD,,0,32.64477778,-97.11090833,0,8,0,0,1,1,0,1,3,1,0,1,0,0000000,18,47,18,58,19,18,0,0,0,1,0
48,482949,1,1,0,0,0,1,1,29,6090,28,12,2013,7,7,51,1,11,1,I-410,,456,29.32208611,-98.48652222,0,1,0,0,1,1,0,4,1,1,0,1,0,0000000,99,99,99,99,99,99,0,0,0,1,0
48,482950,1,1,0,1,1,6,6,215,4197,16,11,2013,7,17,59,1,13,3,SR-336 N 10TH ST,DATEPALM AVE,71,26.20705278,-98.22942778,0,8,0,0,1,1,0,1,5,1,0,1,0,0000000,17,59,18,6,18,22,0,0,0,1,0
48,482951,4,3,1,0,0,4,4,389,0,7,12,2013,7,9,30,1,1,1,I-10,,52,31.07647222,-104.01285,0,51,0,0,1,1,0,1,1,5,0,5,0,0000000,99,98,99,98,88,88,14,19,23,2,0
48,482952,1,1,0,0,0,2,2,201,0,8,12,2013,1,5,45,1,13,8,FM1960,,284,29.99899722,-95.20721111,0,32,0,0,1,1,0,4,2,10,0,10,0,0000000,99,98,99,98,88,88,0,0,0,2,0
48,482953,1,1,0,0,0,1,1,217,3210,9,12,2013,2,1,35,1,11,1,I-35,,91,31.96796389,-97.11895833,0,21,0,1,19,1,0,4,3,5,0,5,0,0000000,99,98,99,98,88,88,0,0,0,1,0
48,482954,5,5,0,0,0,8,8,291,3980,9,12,2013,2,15,50,1,13,2,US-90,SR-146,160,30.057975,-94.77146111,0,12,6,0,2,3,0,1,1,2,0,2,0,0000000,99,99,99,99,99,99,14,0,0,1,0
48,482955,1,1,0,0,0,1,1,61,0,10,12,2013,3,7,42,0,6,4,CR-HUDSON RD,,0,26.09219167,-97.64882778,0,1,0,0,1,1,0,4,2,2,0,2,0,0000000,99,98,99,98,88,88,0,0,0,1,0
48,482956,2,2,0,1,1,3,3,201,0,10,12,2013,3,20,45,1,13,3,SR-6,,62,29.84889444,-95.64576667,0,8,0,0,1,1,0,1,3,1,0,1,0,0000000,20,47,20,53,21,33,0,0,0,1,0
48,482957,1,1,0,0,0,1,1,221,0,11,12,2013,4,17,29,0,6,4,CR-OAK TRAIL DR,,0,32.48271944,-97.81918611,0,1,0,0,1,1,0,1,1,1,0,1,0,0000000,99,98,99,98,88,88,0,0,0,1,1
48,482958,1,1,0,0,0,1,1,181,6350,12,12,2013,5,6,55,1,12,2,US-75 SAM RAYBURN FWY,,130,33.68015278,-96.60771111,0,24,0,0,1,1,0,4,3,1,0,1,0,0000000,99,98,99,98,88,88,0,0,0,1,0
48,482959,1,1,0,0,0,3,3,209,0,13,12,2013,6,22,16,0,4,8,RM12,,76,30.09823611,-98.09619167,0,30,0,0,1,1,0,4,2,5,0,5,0,0000000,22,44,23,4,23,40,0,0,0,1,0
48,482960,2,2,0,0,0,2,2,375,0,13,12,2013,6,23,30,1,13,8,BI40D,INDIAN HILL RD,128,35.19119444,-101.9638861,0,12,6,0,2,3,0,1,2,1,0,1,0,0000000,99,98,99,98,88,88,0,0,0,1,1
48,482961,2,2,0,0,0,3,3,201,5230,15,12,2013,1,1,14,0,16,5,FAIRMONT PKWY,NATIONS DR,0,29.64965556,-95.14845556,0,12,6,0,2,2,0,1,3,1,0,1,0,0000000,1,21,1,37,2,0,0,0,0,1,1
48,482962,2,2,0,0,0,3,3,485,7490,15,12,2013,1,19,50,1,13,3,SR-240,,443,33.93069444,-98.50064722,0,12,2,0,1,1,0,1,2,1,0,1,0,0000000,19,54,20,1,20,26,0,0,0,1,0
48,482963,1,1,0,1,1,1,1,181,1830,16,12,2013,2,23,15,1,12,7,US-75,,91,33.73406667,-96.58481944,0,8,0,0,1,1,0,1,2,1,0,1,0,0000000,99,99,99,99,99,99,0,0,0,1,0
48,482964,1,1,0,1,1,1,1,491,5990,17,12,2013,3,6,45,1,11,7,I-35,,46,30.54745,-97.69286111,0,9,0,0,1,1,0,1,2,1,0,1,0,0000000,99,98,99,98,88,88,0,0,0,1,0
48,482965,1,1,0,0,0,3,3,201,3280,18,12,2013,4,20,7,0,16,5,ANTOINE DR,,0,29.80865833,-95.47513611,0,38,0,0,1,1,0,4,1,1,0,1,0,0000000,99,99,99,99,99,99,0,0,0,1,0
48,482966,2,2,0,0,0,3,3,215,7330,18,12,2013,4,19,0,0,14,8,FM1015,,94,26.156875,-97.95836389,0,12,6,0,8,1,0,1,2,10,0,10,0,0000000,19,5,19,12,19,42,0,0,0,1,0
48,482967,2,2,0,0,0,2,2,473,0,19,12,2013,5,0,33,1,2,2,US-290,,57,30.11883056,-96.09513056,0,12,1,0,1,1,0,1,2,1,0,1,0,0000000,99,98,99,98,88,88,19,23,0,1,0
48,482968,2,2,0,0,0,2,2,67,0,20,12,2013,6,3,3,0,3,3,SR-155,,65,32.95861667,-94.4581,0,12,8,0,1,1,0,1,2,10,0,10,0,0000000,3,29,3,50,4,3,0,0,0,1,0
48,482969,1,1,0,1,1,1,1,201,3280,20,12,2013,6,19,0,0,16,5,NORMANDY,,0,29.77210833,-95.20633333,0,9,0,0,1,1,0,1,3,10,0,10,0,0000000,19,8,19,12,19,32,0,0,0,1,0
48,482970,2,2,0,0,0,2,2,11,0,21,12,2013,7,10,55,1,2,2,US-287,,295,35.03246111,-101.1376389,0,12,6,0,1,1,0,1,1,4,0,4,0,0000000,10,59,11,14,12,34,0,0,0,1,0
48,482971,2,2,0,0,0,6,6,27,6810,21,12,2013,7,23,39,0,14,8,FM 2305 ADAMS AVE,,5,31.11918333,-97.43566389,0,12,2,0,8,1,0,1,3,1,0,1,0,0000000,23,48,23,56,0,20,0,0,0,1,1
48,482972,1,1,0,0,0,1,1,453,0,21,12,2013,7,5,44,1,12,3,SR-130,,322,30.36406111,-97.58504722,0,21,0,0,1,1,0,3,2,2,0,2,0,0000000,88,88,88,88,88,88,0,0,0,1,1
48,482973,1,1,0,1,1,2,2,497,0,21,12,2013,7,22,44,0,6,4,CR-4699,,0,33.04866944,-97.65133889,0,8,0,0,1,1,0,1,2,5,0,5,0,0000000,88,88,88,88,88,88,0,0,0,1,0
48,482974,1,1,0,0,0,2,2,407,0,22,12,2013,1,1,21,0,3,8,FM-2025,,124,30.39374722,-95.10326111,0,24,0,0,1,1,0,4,2,1,0,1,0,0000000,88,88,88,88,88,88,0,0,0,1,1
48,482975,1,1,0,0,0,2,2,77,0,23,12,2013,2,16,43,0,4,8,FM 172,,49,33.67766389,-98.36114444,0,38,0,0,1,1,0,4,1,1,0,1,0,0000000,16,54,17,15,17,38,0,0,0,1,1
48,482976,1,1,0,1,1,1,1,203,0,23,12,2013,2,20,10,1,1,1,I-20,,117,32.48493056,-94.50583889,0,8,0,0,1,1,0,1,2,1,0,1,0,0000000,88,88,88,88,88,88,0,0,0,1,0
48,482977,1,1,0,1,1,1,1,201,3280,24,12,2013,3,22,20,1,11,1,I-45,,143,29.66880556,-95.26230556,0,8,0,1,18,1,0,1,3,10,0,10,0,0000000,88,88,88,88,88,88,0,0,0,1,0
48,482978,1,1,0,1,1,1,1,201,3280,24,12,2013,3,20,0,0,16,5,ALMEDA GENOA RD,,0,29.62090833,-95.32388889,0,8,0,0,1,1,0,3,2,1,0,1,0,0000000,88,88,88,88,88,88,0,0,0,1,0
48,482979,1,1,0,1,1,1,1,5,4160,25,12,2013,4,22,25,0,14,8,CHESTNUT DR,,3,31.32244722,-94.71369167,0,9,0,0,1,1,0,1,2,1,0,1,0,0000000,88,88,88,88,88,88,0,0,0,1,0
48,482981,1,1,0,2,2,1,1,29,6090,26,12,2013,5,20,41,0,16,5,CULEBRA RD,,0,29.44705833,-98.54445833,0,8,0,0,1,1,0,1,2,2,0,2,0,0000000,20,41,20,52,21,31,0,0,0,1,0
48,482982,2,2,0,0,0,2,2,227,0,26,12,2013,5,14,15,0,4,8,FM 669,X AVENUE,175,32.29765,-101.4662694,0,12,6,0,2,3,0,1,1,1,0,1,0,0000000,88,88,88,88,88,88,0,0,0,1,0
48,482983,1,1,0,0,0,1,1,265,0,26,12,2013,5,21,12,1,1,1,I-10,,294,30.01221944,-98.95565,0,42,0,0,1,1,0,4,2,1,0,1,0,0000000,88,88,88,88,88,88,0,0,0,1,0
48,482984,2,2,0,0,0,3,3,5,0,27,12,2013,6,17,40,1,2,3,SR-103,,37,31.39346944,-94.90741944,0,12,2,0,1,1,0,1,5,1,0,1,0,0000000,99,99,99,99,99,99,0,0,0,2,2
48,482985,2,2,0,0,0,5,5,205,0,27,12,2013,6,9,54,0,3,2,US-385,,48,35.63655,-102.3157806,0,12,2,0,1,1,0,1,1,1,0,1,0,0000000,99,99,99,99,99,99,0,0,0,1,0
48,482986,2,2,0,0,0,2,2,423,0,27,12,2013,6,12,15,0,6,4,CR-21 REDBIRD RD,CR-26 JAMESTOWN RD,0,32.35539444,-95.11137222,0,12,6,0,2,2,0,1,1,1,0,1,0,0000000,88,88,88,88,88,88,0,0,0,1,0
48,482987,3,3,0,0,0,8,8,453,330,27,12,2013,6,23,16,1,13,8,FM 620,,131,30.40447222,-97.85358611,0,12,1,0,1,1,0,1,2,1,0,1,0,0000000,23,53,0,11,0,41,0,0,0,2,1
48,482988,3,3,0,0,0,5,5,27,6810,28,12,2013,7,14,55,0,16,5,H AVE,MLK DR,0,31.08759167,-97.3403,0,12,6,0,2,2,0,1,1,1,0,1,0,0000000,99,99,99,99,99,99,0,0,0,2,1
48,482989,1,1,0,0,0,1,1,29,0,29,12,2013,1,23,2,0,6,4,CR-TALLEY RD,,0,29.45363056,-98.75515,0,42,0,0,1,1,0,4,3,10,0,10,0,0000000,99,98,99,98,88,88,0,0,0,1,1
48,482990,1,1,0,0,0,1,1,29,6090,29,12,2013,1,6,17,1,11,7,I-35,,284,29.45413611,-98.41406111,0,35,0,1,19,1,0,8,3,5,0,5,0,0000000,99,98,99,98,88,88,0,0,0,1,0
48,482992,2,2,0,0,0,2,2,143,0,30,12,2013,2,6,40,1,2,2,US-67,CR-378,58,32.18126111,-98.26871111,0,12,1,0,3,2,0,1,2,1,0,1,0,0000000,88,88,88,88,88,88,0,0,0,1,0
48,482993,1,1,0,0,0,1,1,399,0,30,12,2013,2,21,30,0,4,8,SL 438,,3,31.95688333,-99.99763333,0,52,0,0,1,1,0,4,2,1,0,1,0,0000000,88,88,88,88,88,88,0,0,0,1,1
48,482994,2,2,0,0,0,7,7,61,3030,31,12,2013,3,13,21,0,14,8,FM 509,HAINE DR,141,26.16656667,-97.65254167,0,12,6,0,2,2,0,1,1,2,0,2,0,0000000,13,21,13,31,14,8,0,0,0,3,0
48,482995,2,2,0,0,0,3,3,185,9997,31,12,2013,3,10,52,0,3,3,SR-30,FM 244,74,30.59460556,-96.07808611,0,12,6,0,2,2,0,1,1,1,0,1,0,0000000,99,99,99,99,99,99,0,0,0,1,0
48,482996,1,1,0,0,0,1,1,259,740,28,9,2013,7,2,0,0,16,5,ADLER,,0,29.80465,-98.72674444,0,42,0,0,1,1,0,4,2,10,0,10,0,0000000,99,98,99,98,88,88,0,0,0,1,0
48,482997,1,1,0,1,1,1,1,201,0,12,11,2013,3,5,15,1,11,1,I-45,,409,29.989475,-95.42415556,0,8,0,0,1,1,0,1,3,1,0,1,0,0000000,99,98,99,98,88,88,0,0,0,1,0
48,482998,1,1,0,0,0,1,1,453,330,24,11,2013,1,2,26,0,16,5,OLD BEE CAVES RD,,0,30.24930833,-97.88648889,0,42,0,0,1,1,0,4,6,10,0,10,0,0000000,88,88,88,88,88,88,0,0,0,1,0
48,482999,1,1,0,1,1,2,2,453,330,27,11,2013,4,21,58,1,13,8,FM 969,,143,30.28484444,-97.66046389,0,8,0,0,1,1,0,1,2,1,0,1,0,0000000,88,88,88,88,88,88,0,0,0,1,0
48,483000,2,2,0,0,0,2,2,245,5470,3,12,2013,3,19,33,1,13,8,FM 366,4TH ST,34,29.98685556,-93.97248611,0,12,6,0,2,2,0,1,3,5,0,5,0,0000000,19,37,19,42,20,8,0,0,0,1,0
48,483001,2,2,0,0,0,2,2,259,740,4,12,2013,4,12,8,1,11,1,I-10,,171,29.81489722,-98.75415556,0,54,11,1,18,1,0,1,1,10,0,10,0,0000000,12,9,12,12,12,55,14,0,0,1,0
48,483002,1,1,0,0,0,2,2,479,3899,7,12,2013,7,2,39,0,16,5,CUATRO VIENTOS RD,,0,27.49219444,-99.44394444,0,25,0,0,1,1,0,3,3,1,0,1,0,0000000,2,37,2,47,3,20,0,0,0,1,1
48,483003,1,1,0,1,1,1,1,215,50,14,12,2013,7,6,8,1,13,8,FM 907,,132,26.15398056,-98.128275,0,8,0,0,1,1,0,1,3,1,0,1,0,0000000,88,88,88,88,88,88,0,0,0,1,0
48,483004,1,1,0,0,0,1,1,487,0,16,12,2013,2,9,20,0,6,5,CR-111N,,0,34.15945278,-99.18466944,0,1,0,0,1,1,0,4,1,1,0,1,0,0000000,88,88,88,88,88,88,0,0,0,1,1
48,483005,2,2,0,0,0,2,2,141,2190,19,12,2013,5,18,21,0,16,5,LEE TREVINO,YERMOLAND AVE,0,31.73352222,-106.3273444,0,12,6,0,2,3,0,1,3,1,0,1,0,0000000,88,88,88,88,88,88,0,0,0,1,0
48,483006,1,1,0,1,1,1,1,113,1730,20,12,2013,6,19,22,1,11,1,I-20,,229,32.67894444,-96.67712222,0,8,0,0,1,1,0,1,2,10,0,10,0,0000000,88,88,88,88,88,88,19,0,0,1,0
48,483007,1,1,0,1,1,2,2,113,1730,20,12,2013,6,20,0,0,16,5,COLORADO BLVD,,0,32.75855833,-96.81894444,0,8,0,0,1,1,0,1,3,10,0,10,0,0000000,20,2,20,5,20,17,0,0,0,1,0
48,483008,2,2,0,0,0,2,2,3,0,21,12,2013,7,15,0,0,3,3,SR-115,,203,32.15428889,-102.8129194,0,12,2,0,1,1,0,1,1,1,0,1,0,0000000,88,88,88,88,88,88,0,0,0,1,1
48,483009,1,1,0,0,0,2,2,113,1730,21,12,2013,7,4,40,1,11,1,I-35,,97,32.68858611,-96.82315,0,20,0,0,1,1,0,10,3,10,0,10,0,0000000,4,42,4,50,5,23,0,0,0,1,1
48,483010,1,1,0,0,0,3,3,113,1730,21,12,2013,7,10,36,1,12,2,US-175,,41,32.72346944,-96.69901389,0,24,0,0,1,1,0,4,1,2,0,2,0,0000000,10,34,10,40,11,9,0,0,0,1,0
48,483011,1,1,0,0,0,1,1,427,0,21,12,2013,7,23,0,0,4,8,FM649,,17,26.769925,-98.84332222,0,1,0,0,1,1,0,4,2,1,0,1,0,0000000,99,98,99,98,88,88,0,0,0,1,0
48,483012,1,1,0,1,1,5,5,479,3899,21,12,2013,7,14,19,1,11,7,I-35,,18,27.51823611,-99.50344167,0,8,0,0,1,1,0,1,1,1,0,1,0,0000000,99,99,99,99,99,99,0,0,0,1,0
48,483013,1,1,0,0,0,1,1,163,0,22,12,2013,1,20,34,0,6,4,CR-1000,,0,28.91172778,-99.10207222,0,42,0,0,1,1,0,4,2,1,0,1,0,0000000,99,98,99,98,88,88,0,0,0,1,0
48,483014,3,2,1,0,1,5,6,163,0,23,12,2013,2,13,50,1,1,1,I-35,,202,28.93228333,-99.09506389,0,12,6,0,1,1,0,1,1,1,0,1,0,0000000,99,99,99,99,99,99,0,0,0,1,0
48,483015,1,1,0,1,1,1,1,273,0,23,12,2013,2,1,8,1,2,2,US-77,,175,27.32603056,-97.82292778,0,8,0,0,1,1,0,1,2,1,0,1,0,0000000,99,99,99,99,99,99,0,0,0,1,0
48,483016,2,2,0,0,0,2,2,201,3280,25,12,2013,4,12,35,1,12,7,US-59,SAM HOUSTON PKWY,148,29.66089444,-95.55724167,0,12,6,1,2,2,0,1,1,1,0,1,0,0000000,12,37,12,44,13,30,0,0,0,1,0
48,483017,2,2,0,0,0,8,8,57,0,26,12,2013,5,16,23,0,3,2,US-87,FM2433,47,28.61540556,-96.70753333,0,12,6,0,2,3,0,1,1,1,0,1,0,0000000,16,23,16,30,17,11,0,0,0,2,0
48,483018,1,1,0,0,0,1,1,215,2110,26,12,2013,5,14,10,1,12,7,US-281 N 25TH AVE,,300,26.35368056,-98.14703889,0,40,0,0,1,1,0,4,1,2,0,2,0,0000000,99,98,99,98,88,88,0,0,0,1,0
48,483019,2,2,0,0,0,2,2,395,0,26,12,2013,5,6,50,1,2,2,US-190/SR-6,HEATH LN,96,30.78831944,-96.49851944,0,12,6,0,2,3,0,1,4,1,0,1,0,0000000,99,98,99,98,88,88,0,0,0,1,0
48,483020,1,1,0,1,1,2,2,113,1730,27,12,2013,6,16,35,1,11,1,I-30,,101,32.79638056,-96.68975556,0,8,0,0,1,1,0,1,2,1,0,1,0,0000000,99,98,99,98,88,88,0,0,0,1,0
48,483021,1,1,0,0,0,1,1,215,5291,27,12,2013,6,7,50,0,16,5,TOM GILL RD,,0,26.28795,-98.438375,0,52,0,0,1,1,0,4,1,2,0,2,0,0000000,99,98,99,98,88,88,0,0,0,1,1
48,483022,2,2,0,0,0,2,2,437,0,27,12,2013,6,7,10,1,1,1,I-37,,59,34.61056111,-101.8094444,0,12,1,0,1,1,0,1,2,1,0,1,0,0000000,99,98,99,98,88,88,0,0,0,1,1
48,483023,1,1,0,0,0,1,1,113,1730,28,12,2013,7,16,53,1,11,1,I-35 STEMMONS FWY,,284,32.91150833,-96.89782222,0,1,0,1,18,1,1,1,1,1,0,1,0,0000000,16,54,17,0,17,19,0,0,0,1,0
48,483024,1,1,0,0,0,1,1,149,0,29,12,2013,1,20,10,1,3,3,SR-71,,81,29.88726111,-96.76104167,0,1,0,0,1,1,0,4,2,1,0,1,0,0000000,20,39,21,3,21,35,0,0,0,1,0
48,483025,2,2,0,0,0,2,2,167,0,29,12,2013,1,19,12,1,11,1,I-45 GULF FWY,,160,29.32464167,-94.92576111,0,12,1,0,1,1,0,1,2,10,0,10,0,0000000,99,98,99,98,88,88,0,0,0,1,0
48,483026,1,1,0,0,0,1,1,309,0,29,12,2013,1,6,15,1,2,3,SR-6,,280,31.54265278,-97.05523333,0,35,0,0,1,1,0,4,2,1,0,1,0,0000000,99,98,99,98,88,88,0,0,0,1,0
48,483027,2,2,0,0,0,2,2,321,0,29,12,2013,1,4,45,0,4,8,FM521,,37,28.96093611,-95.69608333,0,12,2,0,1,1,0,1,2,1,0,1,0,0000000,99,98,99,98,88,88,0,0,0,1,0
48,483028,2,2,0,0,0,6,6,367,0,29,12,2013,1,17,22,0,4,8,FM1885,,169,32.8309,-97.86453333,0,12,2,0,1,1,0,1,1,3,0,3,0,0000000,99,99,99,99,99,99,0,0,0,2,0
48,483029,2,2,0,0,0,6,6,441,0,29,12,2013,1,14,30,0,3,2,US-277,,90,32.34356667,-99.88374167,0,12,2,0,1,1,0,1,1,3,0,3,0,0000000,14,34,14,39,15,41,0,0,0,1,0
48,483030,1,1,0,0,0,1,1,113,1730,30,12,2013,2,1,33,1,11,1,I-30 RAMP,,46,32.77871944,-96.78350278,0,42,0,1,5,1,0,4,3,1,0,1,0,0000000,99,98,99,98,88,88,0,0,0,1,0
48,483031,1,1,0,1,1,1,1,167,1920,30,12,2013,2,4,58,0,14,8,FM517 41ST,,83,29.44163056,-95.093175,0,9,0,0,1,1,0,1,2,1,0,1,0,0000000,99,98,99,98,88,88,0,0,0,1,0
48,483032,1,1,0,0,0,1,1,231,0,30,12,2013,2,9,40,0,3,2,US-69,,34,33.23711389,-96.16730556,0,53,0,0,1,1,0,4,1,1,0,1,0,0000000,99,98,99,98,88,88,0,0,0,1,0
48,483033,1,1,0,0,0,1,1,113,1539,31,12,2013,3,6,5,1,11,1,I-635,,80,32.94191389,-97.0146,0,23,0,0,1,1,0,3,2,1,0,1,0,0000000,99,98,99,98,88,88,0,0,0,1,0
48,483034,1,1,0,0,0,1,1,145,0,31,12,2013,3,5,20,0,3,8,BS6N,,49,31.282675,-96.88704444,0,11,0,0,1,1,0,1,2,1,0,1,0,0000000,5,40,6,22,6,56,0,0,0,1,0
48,483035,1,1,0,0,0,1,1,321,0,31,12,2013,3,22,11,0,4,3,SR-60,,183,28.89496389,-95.95476389,0,42,0,0,1,1,0,4,2,10,0,10,0,0000000,99,98,99,98,88,88,0,0,0,1,1
48,483036,1,1,0,0,0,1,1,487,0,31,12,2013,3,1,5,0,3,2,US-283,,176,34.19434167,-99.27635833,0,1,0,0,1,1,0,1,2,1,0,1,0,0000000,99,98,99,98,88,88,0,0,0,1,0
48,483037,2,2,0,0,0,5,5,491,0,31,12,2013,3,6,14,0,4,8,FM973,,53,30.50911389,-97.45383333,0,12,2,0,1,1,0,1,2,1,0,1,0,0000000,6,16,6,24,7,7,0,0,0,2,1
48,483038,3,2,1,0,1,4,5,427,5780,15,9,2013,1,11,46,1,2,2,US-83,S KCTM RD,349,26.34608333,-98.75280556,0,12,2,0,1,1,0,1,1,10,0,10,0,0000000,99,99,99,99,99,99,0,0,0,1,0
48,483039,1,1,0,0,0,2,2,43,0,12,12,2013,5,16,48,0,4,2,US-118,,70,29.88523333,-103.5814389,0,1,0,0,1,1,0,1,1,1,0,1,0,0000000,99,99,99,99,99,99,0,0,0,1,0
48,483040,3,3,0,0,0,10,10,453,5325,14,12,2013,7,15,39,1,13,7,SR-45,N HEATHERWIDE BLVD,248,30.48296111,-97.61413611,0,12,6,1,2,2,0,1,1,1,0,1,0,0000000,15,47,15,48,16,16,0,0,0,2,0
48,483041,1,1,0,1,1,2,2,201,0,15,12,2013,1,19,57,1,13,8,FM1960 CYPRESS CREEK PKWY,,131,30.01285556,-95.453075,0,8,0,0,1,1,0,1,3,1,0,1,0,0000000,19,59,20,1,20,43,0,0,0,1,0
48,483042,1,1,0,1,1,1,1,201,0,16,12,2013,2,18,19,0,6,4,CR-ELLA BLVD,,0,30.00330278,-95.44258333,0,8,0,0,1,1,0,1,2,1,0,1,0,0000000,18,28,18,42,19,7,0,0,0,1,0
48,483043,1,1,0,1,1,1,1,441,4500,21,12,2013,7,2,6,1,1,1,I-20,,89,32.47715833,-100.0079556,0,8,0,0,1,1,0,2,2,2,0,2,0,0000000,99,98,99,98,88,88,23,0,0,1,0
48,483044,1,1,0,0,0,23,23,427,0,25,12,2013,4,21,6,0,4,8,FM490,,93,26.51376111,-98.54111944,0,1,0,0,1,1,1,4,2,2,0,2,0,0000000,21,16,21,43,22,54,0,0,0,1,1
48,483045,2,2,0,0,0,3,3,329,0,28,12,2013,7,11,8,1,11,1,I-20,,90,31.93779167,-102.1645667,0,57,0,0,1,1,0,3,1,1,0,1,0,0000000,11,9,11,19,11,42,0,0,0,1,0
48,483046,2,2,0,0,0,6,6,397,0,7,6,2013,6,14,52,0,4,8,FM548,HODGES LN,13,32.89582222,-96.33967222,0,1,0,0,1,1,0,4,1,1,0,1,0,0000000,99,98,99,98,88,88,14,0,0,1,1
48,483047,2,2,0,0,0,2,2,27,6810,12,10,2013,7,16,34,0,14,3,SR-317,,102,31.13765,-97.43708611,0,12,6,0,8,1,0,1,1,1,0,1,0,0000000,99,99,99,99,99,99,0,0,0,1,0
48,483048,3,3,0,0,0,4,4,113,1730,24,12,2013,3,6,45,1,13,8,SL12,,199,32.85839444,-96.87826389,0,24,0,0,1,1,0,3,4,1,0,1,0,0000000,6,48,6,52,7,27,0,0,0,1,0
48,483049,1,1,0,0,0,2,2,465,0,19,12,2013,5,4,52,1,2,2,US-277,,40,30.06248611,-100.7270167,0,1,0,0,1,1,0,4,2,1,0,1,0,0000000,99,98,99,98,88,88,0,0,0,2,1
48,483050,1,1,0,0,0,2,2,97,2550,17,6,2013,2,23,56,0,16,5,RICE AVE,,0,33.60817778,-97.13895,0,33,0,0,1,1,0,4,3,1,0,1,0,0000000,0,21,0,27,1,2,18,0,0,1,1
48,483051,2,2,0,0,0,2,2,209,0,19,11,2013,3,4,56,0,6,4,CR-122 BEBEE RD,,0,30.01931944,-97.84575278,0,12,6,0,1,1,0,1,2,1,0,1,0,0000000,99,98,99,98,88,88,0,0,0,1,0
48,483052,2,2,0,0,0,5,5,359,0,21,12,2013,7,11,22,0,4,8,RM1061,,104,35.47543056,-102.1721472,0,12,6,0,1,1,0,1,1,4,0,4,0,0000000,11,22,11,57,12,47,0,0,0,1,0
48,483053,2,2,0,0,0,2,2,181,1830,30,12,2013,2,18,41,0,14,8,FM120,,59,33.76193889,-96.58659167,0,12,6,0,8,1,0,1,3,1,0,1,0,0000000,99,98,99,98,88,88,0,0,0,1,0
48,483054,1,1,0,0,0,1,1,203,0,13,10,2013,1,17,45,0,3,3,SR-43,,264,32.41871667,-94.4385,0,42,0,0,1,1,0,4,1,10,0,10,0,0000000,88,88,88,88,88,88,0,0,0,1,0
48,483055,2,2,0,0,0,3,3,183,3680,3,12,2013,3,15,13,1,13,3,SR-135,FM2207 GOFORTH RD,188,32.40958333,-94.90549444,0,12,6,0,2,2,0,1,1,1,0,1,0,0000000,15,18,15,21,15,44,0,0,0,1,0
48,483056,3,3,0,1,1,4,4,201,0,24,12,2013,3,22,31,1,12,3,SR-249 TOMBALL PKWY,,172,29.92443611,-95.49991667,0,8,0,0,1,1,0,1,3,1,0,1,0,0000000,99,99,99,99,99,99,0,0,0,1,0
48,483057,3,3,0,0,0,6,6,141,2190,18,6,2013,3,22,45,1,13,8,FM76 NORTH LOOP DR,PENDALE RD,58,31.71644444,-106.3270583,0,12,6,0,2,2,0,1,3,1,0,1,0,0000000,22,54,23,0,23,23,0,0,0,1,1
48,483058,4,4,0,0,0,7,7,141,2190,13,10,2013,1,1,36,1,11,1,I-10,,270,31.77499167,-106.3847583,0,12,2,0,1,1,0,1,3,1,0,1,0,0000000,99,98,99,98,88,88,14,0,0,2,2
48,483059,1,1,0,0,0,1,1,217,0,7,11,2013,5,21,38,0,3,3,SR-174,,28,32.17821667,-97.38547778,0,11,0,0,1,1,0,1,2,1,0,1,0,0000000,21,42,22,8,22,48,0,0,0,1,0
48,483060,1,1,0,0,0,1,1,141,9997,12,11,2013,3,19,42,0,14,8,FM 258 SOCORRO RD,GLORIETTA RD,64,31.60619722,-106.2780889,0,33,0,0,3,4,0,4,3,1,0,1,0,0000000,88,88,88,88,88,88,0,0,0,1,0