STATE,ST_CASE,VE_TOTAL,VE_FORMS,PVH_INVL,PEDS,PERNOTMVIT,PERMVIT,PERSONS,COUNTY,CITY,DAY,MONTH,YEAR,DAY_WEEK,HOUR,MINUTE,NHS,ROAD_FNC,ROUTE,TWAY_ID,TWAY_ID2,MILEPT,LATITUDE,LONGITUD,SP_JUR,HARM_EV,MAN_COLL,RELJCT1,RELJCT2,TYP_INT,WRK_ZONE,REL_ROAD,LGT_COND,WEATHER1,WEATHER2,WEATHER,SCH_BUS,RAIL,NOT_HOUR,NOT_MIN,ARR_HOUR,ARR_MIN,HOSP_HR,HOSP_MN,CF1,CF2,CF3,FATALS,DRUNK_DR
48,483061,2,2,0,0,0,2,2,141,2190,14,11,2013,5,2,22,1,11,1,I-10,,327,31.72323333,-106.3077056,0,12,2,0,1,1,0,1,3,1,0,1,0,0000000,2,39,2,46,3,10,0,0,0,1,1
48,483062,2,2,0,0,0,3,3,141,2190,16,11,2013,7,2,18,1,11,7,I-10,FM2316 MCRAE BLVD,290,31.75921944,-106.355325,0,12,6,1,2,2,0,1,3,1,0,1,0,0000000,2,18,2,26,2,39,0,0,0,1,0
48,483063,2,2,0,1,1,6,6,437,0,21,12,2013,7,18,1,1,1,1,I-27,,31,34.57443611,-101.7937944,0,23,0,1,19,1,0,4,2,98,0,98,0,0000000,99,99,99,99,99,99,19,0,0,1,1
48,483064,2,2,0,0,0,5,5,141,2190,2,12,2013,2,13,5,1,12,7,US-54 GATEWAY SOUTH,,138,31.88746389,-106.4416611,0,12,1,0,1,1,0,1,1,1,0,1,0,0000000,13,13,13,25,14,0,23,0,0,1,0
48,483065,1,1,0,0,0,2,2,141,2190,18,11,2013,2,1,25,1,11,1,I-10,,197,31.76489444,-106.4846417,0,24,0,0,1,1,0,8,3,1,0,1,0,0000000,1,33,1,51,2,16,0,0,0,1,0
48,483066,1,1,0,0,0,1,1,329,0,23,12,2013,2,18,10,0,5,8,FM1379,,19,31.87334722,-101.8105833,0,35,0,0,1,1,0,4,1,1,0,1,0,0000000,18,10,18,24,18,56,0,0,0,1,1
48,483067,1,1,0,0,0,2,2,141,2433,30,12,2013,2,0,7,1,12,8,SS601,,46,31.82790833,-106.3669306,0,33,0,0,1,1,0,4,3,1,0,1,0,0000000,99,99,99,99,0,32,0,0,0,1,0
48,483068,2,2,0,0,0,3,3,479,3899,14,4,2013,1,3,51,0,16,5,DEL MAR BLVD,COUNTRY CLUB DR,0,27.57725556,-99.46486111,0,12,6,0,2,2,0,1,3,1,0,1,0,0000000,3,51,3,55,4,19,0,0,0,1,2
48,483069,2,1,1,0,0,1,1,141,2190,8,10,2013,3,9,2,0,16,5,MONTOYA DR,,0,31.86361389,-106.5963083,0,39,0,0,1,1,0,4,1,1,0,1,0,0000000,9,7,9,10,9,48,14,0,0,1,0
48,483070,1,1,0,0,0,2,2,389,5280,23,11,2013,7,17,15,1,11,1,I-20,,466,31.39819167,-103.5137972,0,24,0,0,1,1,0,3,1,3,0,3,0,0000000,99,99,99,99,99,99,0,0,0,1,0
48,483071,2,2,0,0,0,2,2,157,0,22,6,2013,7,18,20,1,12,7,SR-99,CR-AIRPORT BLVD,65,29.77200278,-95.77665,0,12,6,1,2,2,0,1,1,1,0,1,0,0000000,18,31,18,41,19,33,0,0,0,1,0
48,483072,1,1,0,1,1,1,1,29,6090,7,11,2013,5,18,36,0,16,5,VANCE JACKSON,GARDINA,0,29.48010556,-98.53493889,0,8,0,0,3,2,0,1,3,1,0,1,0,0000000,18,36,18,42,19,3,0,0,0,1,0
48,483073,1,1,0,1,1,0,0,453,330,29,11,2013,6,9,44,0,16,5,LUCAS DR,BEVERLY HILLS DR,0,30.33718056,-97.76655833,0,8,0,0,2,10,0,1,1,1,0,1,0,0000000,99,98,99,98,88,88,0,0,0,1,0
48,483074,1,1,0,1,1,1,1,479,3899,1,11,2013,6,10,16,0,16,5,SAN AGUSTIN AVE,FARRAGUT ST,0,27.50567222,-99.50559722,0,15,0,0,3,2,0,1,1,1,0,1,0,0000000,99,98,99,98,88,88,0,0,0,1,0
48,483075,2,2,0,0,0,13,13,135,5030,21,12,2013,7,0,22,1,13,8,SL338,UNIVERSITY BLVD,294,31.88343889,-102.3134278,0,12,6,0,2,2,0,1,2,2,0,2,0,0000000,0,24,0,28,0,46,0,0,0,1,1
48,483076,1,1,0,0,0,1,1,61,6110,27,12,2013,6,5,41,0,15,8,FM510 SAN JOSE RD,,14,26.13527222,-97.59719167,0,24,0,0,1,1,0,4,2,2,0,2,0,0000000,5,50,5,59,6,44,0,0,0,1,0
48,483078,3,3,0,0,0,3,3,251,1370,16,8,2013,6,14,20,0,14,3,SR-171 WEATHERFORD HWY,CR-1010,140,32.41473611,-97.45260833,0,12,1,0,3,3,0,1,1,1,0,1,0,0000000,14,23,14,44,15,19,0,0,0,1,0
48,483079,2,2,0,0,0,3,3,355,1550,16,11,2013,7,1,27,1,12,7,SR-358 PADRE ISLAND DR,,81,27.71977778,-97.39415556,0,12,6,0,8,1,0,1,3,10,0,10,0,0000000,1,27,1,35,1,48,0,0,0,1,0
48,483080,2,2,0,0,0,3,3,375,150,11,12,2013,4,2,37,1,11,1,I-40,,133,35.18689722,-101.9279889,0,12,1,0,1,1,0,1,3,1,0,1,0,0000000,99,99,99,99,99,99,0,0,0,1,0
48,483081,2,2,0,0,0,5,5,85,4230,26,6,2013,4,13,4,1,13,3,SR-5 MCDONALD ST,SS399 RAMP,195,33.167625,-96.6285,0,12,6,0,2,2,0,1,1,1,0,1,0,0000000,13,4,13,8,13,29,0,0,0,1,0
48,483082,1,1,0,0,0,1,1,29,3705,24,3,2013,1,5,0,1,13,8,FM78,,97,29.4571,-98.40816389,0,42,0,0,1,1,0,4,2,1,0,1,0,0000000,88,88,88,88,88,88,0,0,0,1,0
48,483083,4,4,0,0,0,6,6,113,4530,3,12,2013,3,9,9,1,11,1,I-635 LBJ FWY,,103,32.84339167,-96.6343,0,12,1,0,1,1,0,1,1,1,0,1,0,0000000,9,10,9,19,9,54,0,0,0,1,0
48,483084,5,5,0,0,0,7,7,303,4140,29,4,2013,2,19,43,1,13,3,SR-114 19TH ST,QUAKER AVE,152,33.57778333,-101.9050806,0,12,6,0,2,2,0,1,1,1,0,1,0,0000000,19,46,19,51,20,7,0,0,0,1,1
48,483085,3,1,2,0,2,1,3,201,0,11,12,2013,4,10,30,1,13,7,SR-249 TOMBALL PKWY,,0,30.09940556,-95.63718889,0,14,0,0,1,1,1,4,1,1,0,1,0,0000000,99,99,99,99,99,99,14,0,0,1,0
48,483086,2,2,0,0,0,2,2,31,3530,12,10,2013,7,10,35,1,2,2,US-281,VICTORY,146,30.28152222,-98.40602778,0,12,1,0,3,3,0,1,1,10,0,10,0,0000000,99,98,99,98,88,88,0,0,0,1,0
48,483087,3,3,0,0,0,3,3,113,1730,11,12,2013,4,21,20,0,16,5,MOCKINGBIRD LN,WILLIAMSON RD,0,32.83913333,-96.74531389,0,12,6,0,2,3,0,1,3,1,0,1,0,0000000,21,20,21,24,22,27,0,0,0,1,0
48,483088,1,1,0,0,0,1,1,167,6860,15,6,2013,7,23,42,0,16,5,13TH AVE,,0,29.39723611,-94.91795,0,42,0,0,1,1,0,4,3,1,0,1,0,0000000,99,99,99,99,99,99,0,0,0,1,0
48,483089,1,1,0,1,1,1,1,209,0,27,4,2013,7,22,0,0,14,8,FM1626,,16,30.02886111,-97.87284167,0,8,0,0,1,1,0,2,2,2,0,2,0,0000000,99,98,99,98,88,88,0,0,0,1,0
48,483090,1,1,0,0,0,1,1,29,60,8,6,2013,7,10,7,0,16,5,BROADWAY,,0,29.49354444,-98.466575,0,43,0,0,1,1,0,4,1,1,0,1,0,0000000,10,10,10,12,10,43,0,0,0,1,0
48,483091,1,1,0,1,1,1,1,39,3537,22,8,2013,5,10,45,1,13,3,SR-36,,300,28.97985278,-95.47518056,0,8,0,0,1,1,1,1,1,10,0,10,0,0000000,99,98,99,98,88,88,0,0,0,1,0
48,483092,2,2,0,0,0,3,3,41,1440,14,10,2013,2,17,22,1,13,8,BS6R TEXAS AVE,SOUTHWEST PKWY,72,30.60732222,-96.30909167,0,12,6,0,2,2,0,1,1,1,0,1,0,0000000,17,22,17,28,17,43,0,0,0,1,0
48,483093,1,1,0,1,1,1,1,439,2450,2,11,2013,7,1,15,1,13,3,SR-183 ALTA MERE DR,,7,32.72740556,-97.44096389,0,8,0,0,1,1,0,1,3,1,0,1,0,0000000,99,99,99,99,99,99,0,0,0,1,0
48,483094,1,1,0,0,0,1,1,309,0,25,12,2013,4,14,15,0,4,8,FM1860 LAKE CREEK RD,,48,31.48980556,-96.88680833,0,1,0,0,1,1,0,1,1,1,0,1,0,0000000,99,99,99,99,99,99,0,0,0,1,0
48,483095,2,2,0,0,0,2,2,507,0,29,10,2013,3,6,10,0,4,8,FM 1867,,119,28.66122222,-99.56933611,0,12,1,0,8,1,0,1,2,10,0,10,0,0000000,88,88,88,88,88,88,0,0,0,1,0
48,483096,1,1,0,0,0,1,1,439,0,11,11,2013,2,13,56,1,13,2,US-377 BENBROOK HWY,,108,32.61639444,-97.53678056,0,1,0,0,1,1,0,4,1,1,0,1,0,0000000,99,99,99,99,99,99,0,0,0,1,1
48,483097,2,2,0,0,0,2,2,201,0,25,6,2013,3,1,55,1,11,7,I-10 KATY FWY,SR-99 GRAND PKWY,22,29.78588333,-95.7766,0,12,1,1,3,2,1,1,3,1,0,1,0,0000000,99,98,99,98,88,88,0,0,0,1,1
48,483098,1,1,0,0,0,1,1,309,7210,29,8,2013,5,13,26,1,12,3,SR-6/SL340,,203,31.50175,-97.17348056,0,43,0,0,1,1,0,4,1,1,0,1,0,0000000,13,28,13,33,13,55,0,0,0,1,0
48,483099,1,1,0,1,1,1,1,309,0,8,10,2013,3,20,28,0,4,3,SR-164,,69,31.53634444,-96.84778611,0,8,0,0,1,1,0,1,2,1,0,1,0,0000000,20,30,20,47,21,26,0,0,0,1,0
48,483100,1,1,0,1,1,1,1,479,3899,15,12,2013,1,18,30,1,13,8,SS400 CLARK BLVD,,10,27.51688611,-99.45192222,0,8,0,0,1,1,0,1,3,1,0,1,0,0000000,18,30,18,35,18,48,0,0,0,1,0
48,483101,1,1,0,0,0,2,2,113,1730,6,4,2013,7,15,3,1,12,8,SP366 WOODDALL RODGERS FWY,,17,32.78626111,-96.80545833,0,25,0,0,1,1,0,3,1,1,0,1,0,0000000,14,54,15,0,15,23,0,0,0,1,0
48,483102,1,1,0,1,1,2,2,141,2190,14,4,2013,1,21,42,0,16,5,TRAWOOD DR,DEAN MARTIN RD,0,31.76555,-106.2989833,0,8,0,0,2,3,0,1,2,1,0,1,0,0000000,99,99,99,99,99,99,0,0,0,1,0
48,483103,1,1,0,0,0,2,2,113,1730,26,5,2013,1,7,35,1,11,1,I-30 R L THORTON FWY,,98,32.79373333,-96.70159167,0,30,0,0,1,1,0,4,1,10,0,10,0,0000000,7,34,7,37,7,53,0,0,0,1,0
48,483104,2,2,0,0,0,2,2,439,2450,18,7,2013,5,20,34,0,16,5,SYLVANIA AVE,,0,32.77881667,-97.30866667,0,12,6,0,8,1,0,1,3,1,0,1,0,0000000,20,34,20,37,20,57,0,0,0,1,0
48,483105,1,1,0,0,0,1,1,113,1730,8,9,2013,1,4,33,1,12,2,US-175 C F HAWN FWY,,98,32.68187222,-96.61453333,0,26,0,0,1,1,0,3,3,1,0,1,0,0000000,99,98,99,98,88,88,0,0,0,1,1
48,483106,2,2,0,0,0,2,2,39,5249,17,9,2013,3,6,27,1,13,8,FM518 BROADWAY,GARDEN RD,37,29.55941667,-95.32056667,0,12,6,0,2,2,0,1,3,10,0,10,0,0000000,6,38,6,45,7,18,0,0,0,1,0
48,483107,1,1,0,0,0,15,15,47,2290,23,11,2013,7,20,47,1,12,2,US-281,VILLARREAL ST,16,27.21536667,-98.14254722,0,33,0,0,3,3,1,4,3,98,0,98,0,0000000,21,4,21,33,22,19,20,0,0,5,0
48,483108,2,2,0,0,0,5,5,201,0,13,7,2013,7,16,5,0,6,4,CR-WEST RD,,0,29.90996944,-95.58296667,0,12,6,0,8,1,0,1,1,1,0,1,0,0000000,99,99,99,99,99,99,0,0,0,1,0
48,483109,1,1,0,1,1,1,1,479,3899,30,12,2013,2,20,31,0,13,2,US-59 LAFAYETTE ST,,474,27.53076667,-99.50059722,0,8,0,0,1,1,0,1,3,10,0,10,0,0000000,99,99,99,99,99,99,0,0,0,1,0
49,490001,1,1,0,0,0,2,2,11,1320,19,1,2013,7,8,37,1,11,1,I-215,,281,40.83403889,-111.9201528,0,25,0,0,1,1,0,6,1,5,0,5,0,0000000,8,47,8,51,99,99,0,0,0,2,0
49,490002,1,1,0,0,0,2,2,45,0,27,1,2013,1,5,7,1,1,1,I-80,,325,40.72565,-113.3982806,0,1,0,0,1,1,0,3,2,3,0,3,0,0000000,5,48,5,48,99,99,0,0,0,1,0
49,490003,3,3,0,0,0,5,5,45,610,24,1,2013,5,18,1,0,3,3,SR-112,,13,40.58695833,-112.4126,0,12,2,0,1,1,0,1,2,10,0,10,0,0000000,18,3,18,7,99,99,0,0,0,1,1
49,490004,1,1,0,0,0,1,1,17,1990,2,2,2013,7,14,50,0,3,3,SR-12,,181,37.66273056,-112.1004222,0,31,0,0,1,1,0,4,1,1,0,1,0,0000000,15,25,15,49,99,99,0,0,0,1,1
49,490005,1,1,0,0,0,1,1,37,0,10,2,2013,1,8,17,1,2,2,US-191,,812,37.99235278,-109.3528194,0,1,0,0,1,1,0,4,1,10,0,10,0,0000000,8,43,8,43,88,88,0,0,0,1,0
49,490006,1,1,0,1,1,1,1,49,1560,15,2,2013,6,7,33,0,16,6,600 S,700 W,0,40.225825,-111.6706778,0,9,0,0,2,3,0,1,1,1,0,1,0,254714S,7,33,7,38,99,99,0,0,0,1,0
49,490007,2,2,0,0,0,2,2,35,1820,22,2,2013,6,8,58,1,11,1,I-15,,3026,40.68659722,-111.9027694,0,12,6,0,1,1,0,1,1,4,0,4,0,0000000,8,58,9,5,99,99,0,0,0,1,0
49,490008,1,1,0,1,1,1,1,13,0,6,3,2013,4,7,18,0,3,3,SR-87,,35,40.21148611,-110.3889389,0,9,0,0,1,1,0,1,1,1,0,1,0,0000000,7,20,7,31,8,5,0,0,0,1,0
49,490009,1,1,0,1,1,1,1,57,1350,25,2,2013,2,19,45,0,14,3,SR-204,26TH ST,99998,41.218625,-111.9789194,0,8,0,0,2,2,0,1,3,10,0,10,0,0000000,19,50,19,53,88,88,0,0,0,1,0
49,490010,4,1,3,0,0,1,1,5,9997,27,2,2013,4,1,38,1,2,2,US-91,,99998,41.79115556,-111.8336306,0,31,0,0,1,1,0,5,3,1,0,1,0,0000000,1,40,1,49,88,88,14,0,0,1,1
49,490011,3,3,0,0,0,4,4,35,1700,3,2,2013,1,10,43,0,13,3,SR-186,400 W,99998,40.77151667,-111.9024667,0,12,1,0,3,2,0,1,1,1,0,1,0,0000000,10,43,10,50,11,9,0,0,0,1,0
49,490012,3,3,0,0,0,5,5,35,0,18,2,2013,2,0,50,1,11,1,I-80,,1025,40.72468333,-112.2220194,0,34,0,0,1,1,0,4,2,1,0,1,0,0000000,1,5,1,5,88,88,14,0,0,2,0
49,490013,1,1,0,1,1,1,1,35,0,7,3,2013,5,6,55,0,16,5,1100 E,,0,40.68848056,-111.8595111,0,8,0,0,1,1,0,2,1,1,0,1,0,0000000,6,55,6,58,99,99,0,0,0,1,0
49,490014,2,2,0,0,0,3,3,5,9997,23,2,2013,7,18,0,0,3,3,SR-30,,1007,41.76207778,-112.0082306,0,12,2,0,1,1,0,1,5,11,0,11,0,0000000,18,2,18,17,18,45,0,0,0,2,0
49,490015,3,3,0,0,0,3,3,11,210,25,2,2013,2,20,15,1,11,1,I-15,,3201,40.93016111,-111.8913222,0,12,9,0,1,1,0,1,2,10,0,10,0,0000000,20,19,20,26,21,3,0,0,0,1,0
49,490016,1,1,0,1,1,1,1,35,1820,1,3,2013,6,19,14,0,13,2,US-89,,99998,40.69241667,-111.8882667,0,8,0,0,1,1,0,1,6,1,0,1,0,0000000,99,99,99,99,99,99,0,0,0,1,1
49,490017,1,1,0,0,0,1,1,21,95,1,3,2013,6,17,7,0,6,5,SILVER MINE BENCH RD,,0,37.69811111,-113.7135778,0,1,0,0,1,1,0,2,1,1,0,1,0,0000000,17,14,17,29,88,88,0,0,0,1,1
49,490018,1,1,0,0,0,1,1,11,910,19,3,2013,3,20,34,0,13,3,SR-232,I-15 ON-RAMP,99998,41.07346944,-111.9776222,0,5,0,1,5,1,0,1,3,1,0,1,0,0000000,20,34,20,39,99,99,0,0,0,1,0
49,490019,2,2,0,2,2,2,2,53,1670,4,3,2013,2,9,7,0,16,5,DIXIE DR,,0,37.10487778,-113.623075,0,12,1,0,1,1,0,1,1,1,0,1,0,0000000,9,10,9,15,9,37,0,0,0,1,0
49,490020,1,1,0,0,0,1,1,3,1520,27,3,2013,4,10,44,0,6,5,5700 W,,0,41.90205,-112.1697861,0,59,0,0,1,1,0,5,1,1,0,1,0,0000000,10,56,11,5,88,88,0,0,0,1,0
49,490021,1,1,0,0,0,1,1,49,1560,19,2,2013,3,13,15,1,13,2,US-189,,99998,40.22588056,-111.658775,0,23,0,0,1,1,0,5,1,1,0,1,0,0000000,13,16,13,18,13,30,0,0,0,1,0
49,490022,2,2,0,0,0,2,2,53,220,11,3,2013,2,17,5,0,3,3,SR-18,W FRONTIER RD,268,37.41685833,-113.6319889,0,12,6,0,2,2,0,1,1,1,0,1,0,0000000,17,11,17,30,88,88,14,0,0,1,1
49,490023,2,1,1,1,1,1,1,5,2080,31,3,2013,1,17,6,0,6,5,200 S,,0,41.63454722,-111.9387944,0,8,0,0,1,1,0,1,1,1,0,1,0,0000000,17,6,17,14,17,36,17,0,0,1,0
49,490024,3,1,2,0,0,1,1,57,1350,31,3,2013,1,6,19,0,14,3,SR-203,20TH ST,0,41.23066944,-111.9479111,0,30,0,0,3,2,0,5,2,1,0,1,0,0000000,6,19,6,30,99,99,0,0,0,1,0
49,490025,2,2,0,0,0,2,2,49,1390,23,3,2013,7,13,46,0,16,5,400 N,1200 W,0,40.304425,-111.7243194,0,12,6,0,2,2,0,1,1,10,0,10,0,0000000,13,50,13,51,99,99,0,0,0,1,0
49,490026,3,1,2,0,0,1,1,19,0,1,4,2013,2,11,3,0,3,2,US-191,,1245,38.55632222,-109.5399917,0,14,0,0,1,1,0,2,1,1,0,1,0,0000000,11,3,11,8,88,88,0,0,0,1,0
49,490027,2,2,0,0,0,2,2,39,75,1,4,2013,2,13,25,0,3,2,US-89,,2347,39.05615556,-111.8213972,0,12,6,0,1,1,0,1,1,10,0,10,0,0000000,13,35,13,41,13,57,0,0,0,1,0
49,490028,1,1,0,0,0,1,1,57,1610,3,4,2013,4,5,36,1,11,1,I-15,,3394,41.17354444,-112.0193361,0,1,0,0,1,1,0,4,2,1,0,1,0,0000000,5,36,5,42,88,88,0,0,0,1,0
49,490029,2,2,0,0,0,3,3,35,1710,17,4,2013,4,16,48,0,16,6,HIGHLAND DR,SR-209,0,40.58035,-111.8339361,0,12,6,0,2,2,0,1,1,1,0,1,0,0000000,16,50,16,52,99,99,0,0,0,1,0
49,490030,2,2,0,0,0,3,3,35,0,28,4,2013,1,11,28,1,1,1,I-80,,1353,40.74380556,-111.6878944,0,12,1,0,1,1,0,1,1,1,0,1,0,0000000,11,29,11,41,88,88,0,0,0,1,0
49,490031,1,1,0,0,0,1,1,23,0,8,4,2013,2,5,26,1,2,2,US-6,,1103,39.58556944,-112.3325667,0,35,0,0,1,1,0,4,2,10,0,10,0,0000000,5,29,5,58,88,88,0,0,0,1,0
49,490032,1,1,0,1,1,1,1,35,9997,9,4,2013,3,12,8,0,16,6,SUPERNAL WAY,,0,40.60133333,-111.79255,0,8,0,0,4,1,0,1,1,1,0,1,0,0000000,12,8,99,99,99,99,0,0,0,1,0
49,490033,1,1,0,0,0,1,1,39,0,11,4,2013,5,9,16,0,6,4,CR-OAKER HILLS,,0,39.80046389,-111.5090611,0,5,0,0,1,1,0,2,1,2,0,2,0,0000000,9,18,9,48,88,88,23,0,0,1,0
49,490034,1,1,0,0,0,1,1,13,0,14,4,2013,1,13,0,0,3,4,CR-181,,0,40.33917778,-110.0415833,0,1,0,0,1,1,0,4,1,1,0,1,0,0000000,17,0,17,11,88,88,0,0,0,1,1
49,490035,1,1,0,0,0,2,2,23,0,18,4,2013,5,11,5,0,3,3,SR-132,,411,39.707175,-111.7135556,0,31,0,0,1,1,0,6,1,1,0,1,0,0000000,11,7,99,99,99,99,0,0,0,1,1
49,490036,1,1,0,0,0,1,1,49,0,23,4,2013,3,18,20,0,6,5,DIAMOND FORK RD,,111,40.11756667,-111.3818639,5,17,0,0,1,1,0,5,9,1,0,1,0,0000000,10,54,11,30,88,88,18,0,0,1,1
49,490037,1,1,0,0,0,1,1,49,0,25,4,2013,5,19,15,0,6,6,NEBO LOOP RD,,0,39.96645556,-111.6908278,0,39,0,0,1,1,0,5,1,1,0,1,0,0000000,19,16,19,28,88,88,0,0,0,1,0
49,490038,2,2,0,0,0,2,2,53,760,26,4,2013,6,13,38,1,13,3,SR-9,2600 W,99998,37.17528611,-113.3378056,0,12,6,0,2,2,0,1,1,1,0,1,0,0000000,13,41,13,43,15,18,0,0,0,1,0
49,490039,1,1,0,0,0,1,1,53,1670,25,4,2013,5,21,34,0,13,3,SR-18,,70,37.1706,-113.6179556,0,31,0,0,1,1,0,4,2,1,0,1,0,0000000,21,47,99,99,88,88,0,0,0,1,1
49,490041,1,1,0,1,1,0,0,53,1950,29,4,2013,2,16,0,0,6,5,OLD CHURCH RD,,0,37.25405833,-113.2897833,0,8,0,0,8,1,0,4,1,1,0,1,0,0000000,16,18,16,21,99,99,0,0,0,1,0
49,490042,2,2,0,0,0,2,2,11,1320,14,4,2013,1,12,51,1,11,1,I-15,,3150,40.85979167,-111.9033917,0,12,1,1,5,1,0,1,1,1,0,1,0,0000000,12,52,13,1,99,99,0,0,0,1,0
49,490043,1,1,0,0,0,1,1,45,0,31,3,2013,1,17,49,0,6,5,SILVER AVE,,0,40.45170833,-112.3608278,0,1,0,0,1,1,0,2,1,1,0,1,0,0000000,17,49,18,0,99,99,0,0,0,1,0
49,490044,1,1,0,0,0,1,1,53,932,12,5,2013,1,10,45,0,6,5,OAK GROVE DR,,0,37.25842778,-113.3690583,0,17,0,0,1,1,0,6,1,1,0,1,0,0000000,10,54,11,5,12,2,0,0,0,1,0
49,490045,1,1,0,0,0,1,1,35,1240,13,5,2013,2,23,48,1,11,1,I-215,,118,40.63619444,-111.9067722,0,25,0,1,19,1,0,4,2,1,0,1,0,0000000,23,48,23,57,88,88,0,0,0,1,0
49,490046,2,2,0,4,4,2,2,3,150,28,3,2013,5,14,47,0,14,3,SR-13,700 S,99998,41.49596389,-112.0160611,0,12,6,0,2,2,0,1,1,1,0,1,0,0000000,14,49,14,51,99,99,0,0,0,1,0
49,490047,1,1,0,0,0,1,1,47,0,18,5,2013,7,12,0,0,3,2,US-191,,3692,40.654725,-109.4905694,0,24,0,0,1,1,0,5,1,1,0,1,0,0000000,12,8,12,24,88,88,0,0,0,1,0
49,490048,3,1,2,0,0,10,10,53,1670,24,5,2013,6,5,36,1,11,1,I-15,,70,37.09012778,-113.5754694,0,38,0,0,1,1,0,5,2,1,0,1,0,0000000,5,36,5,43,99,99,0,0,0,2,0
49,490049,1,1,0,4,4,1,1,49,0,27,4,2013,7,21,11,0,3,3,SR-147,,15,40.06736944,-111.7874333,0,8,0,0,1,1,0,1,2,1,0,1,0,0000000,21,12,21,24,21,35,2,0,0,1,0
49,490050,2,2,0,0,0,3,3,21,0,1,5,2013,4,4,10,1,1,1,I-15,,871,37.98394722,-112.7364806,0,12,1,0,1,1,0,1,2,1,0,1,0,0000000,4,17,4,34,5,34,0,0,0,1,0
49,490052,2,2,0,0,0,2,2,35,1700,1,5,2013,4,9,30,1,11,1,I-80,,1081,40.77007222,-112.1009111,0,12,1,0,1,1,2,2,1,10,0,10,0,0000000,88,88,88,88,88,88,0,0,0,1,0
49,490053,2,2,0,0,0,2,2,35,2113,9,5,2013,5,9,27,0,16,5,MEADOW BROOK EXPRESSWAY,,0,40.68610833,-111.9217389,0,12,2,0,1,1,0,1,1,1,0,1,0,0000000,9,28,9,35,10,12,0,0,0,1,0
49,490054,2,2,0,0,0,4,4,35,1020,15,5,2013,4,20,18,0,16,5,3100 S,7200 W,0,40.70374167,-112.0633667,0,12,6,0,2,2,0,1,2,1,0,1,0,0000000,20,18,20,24,21,2,0,0,0,1,0
49,490055,2,2,0,0,0,4,4,57,1350,24,5,2013,6,20,52,1,13,2,US-89,,99998,41.24501944,-111.9699278,0,12,7,0,1,1,0,1,5,1,0,1,0,0000000,20,52,20,57,21,20,0,0,0,1,0
49,490056,1,1,0,0,0,1,1,27,0,5,6,2013,4,12,40,0,3,3,SR-50,,1399,39.13573611,-112.0605389,0,11,0,0,1,1,0,1,1,1,0,1,0,0000000,12,45,13,0,13,21,0,0,0,1,0
49,490057,1,1,0,0,0,4,4,19,0,6,6,2013,5,17,22,1,1,1,I-70,,1728,38.9262,-109.99335,0,31,0,0,1,1,0,3,1,1,0,1,0,0000000,18,11,18,25,19,9,0,0,0,1,0
49,490058,1,1,0,0,0,1,1,41,0,10,6,2013,2,8,10,1,1,1,I-70,,822,38.78472778,-111.4975972,0,35,0,0,1,1,0,4,1,1,0,1,0,0000000,88,88,88,88,88,88,0,0,0,1,0
49,490059,1,1,0,1,1,1,1,35,2113,10,6,2013,2,21,44,0,14,3,SR-172,JEANETTE AVE,0,40.68435833,-112.0247917,0,15,0,0,2,2,0,1,3,1,0,1,0,0000000,21,47,21,51,21,56,0,0,0,1,0
49,490060,2,2,0,0,0,2,2,49,940,4,6,2013,3,13,5,1,11,1,I-15,,2819,40.40859167,-111.8609528,0,12,1,0,1,1,0,1,1,1,0,1,0,0000000,13,22,13,30,99,99,0,0,0,1,0
49,490061,3,3,0,0,0,3,3,11,1320,20,5,2013,2,17,21,1,11,1,I-215,SR-67,271,40.83223611,-111.9434222,0,12,1,1,18,1,0,1,1,10,0,10,0,0000000,17,21,17,31,18,12,0,0,0,1,0
49,490062,2,2,0,0,0,4,4,49,0,26,5,2013,1,16,15,1,2,2,US-189,,126,40.36394722,-111.5587806,0,12,6,0,1,1,0,1,1,1,0,1,0,0000000,16,20,16,32,16,51,0,0,0,1,0
49,490063,2,2,0,0,0,3,3,35,1700,29,5,2013,4,18,20,0,16,6,WEST TEMPLE ST,,0,40.73791944,-111.8939306,0,12,6,0,8,1,0,1,1,10,0,10,0,0000000,18,20,18,24,88,88,0,0,0,1,0
49,490064,3,3,0,0,0,4,4,55,0,20,6,2013,5,8,33,0,2,3,SR-24,,625,38.30703333,-111.5099389,0,24,0,0,1,1,0,5,1,1,0,1,0,0000000,8,33,8,46,99,99,0,0,0,2,0
49,490065,2,2,0,0,0,4,4,35,1020,2,6,2013,1,13,45,0,13,3,SR-111,,99998,40.69202222,-112.0918556,0,12,2,0,1,1,0,1,1,1,0,1,0,0000000,13,45,13,50,14,21,0,0,0,1,0
49,490066,2,2,0,0,0,2,2,5,990,3,6,2013,2,13,42,1,13,2,US-89,,99998,41.739075,-111.8317611,0,12,6,0,8,1,1,1,1,1,0,1,0,0000000,13,42,13,44,14,3,0,0,0,1,0