STATE,ST_CASE,VE_TOTAL,VE_FORMS,PVH_INVL,PEDS,PERNOTMVIT,PERMVIT,PERSONS,COUNTY,CITY,DAY,MONTH,YEAR,DAY_WEEK,HOUR,MINUTE,NHS,ROAD_FNC,ROUTE,TWAY_ID,TWAY_ID2,MILEPT,LATITUDE,LONGITUD,SP_JUR,HARM_EV,MAN_COLL,RELJCT1,RELJCT2,TYP_INT,WRK_ZONE,REL_ROAD,LGT_COND,WEATHER1,WEATHER2,WEATHER,SCH_BUS,RAIL,NOT_HOUR,NOT_MIN,ARR_HOUR,ARR_MIN,HOSP_HR,HOSP_MN,CF1,CF2,CF3,FATALS,DRUNK_DR
49,490067,1,1,0,0,0,3,3,3,0,28,6,2013,6,16,13,1,1,1,I-15,,3786,41.69768333,-112.1890972,0,31,0,1,19,1,0,8,1,1,0,1,0,0000000,16,19,16,37,99,99,0,0,0,2,0
49,490068,1,1,0,0,0,1,1,5,990,17,6,2013,2,22,52,0,16,5,1500 N,,0,41.7584,-111.8007556,0,34,0,0,1,1,0,4,3,1,0,1,0,0000000,22,52,22,57,88,88,0,0,0,1,1
49,490069,5,2,3,3,8,4,9,11,210,27,6,2013,5,12,48,1,11,1,I-15,,3191,40.92215,-111.8910222,0,54,11,1,18,1,0,1,1,1,0,1,0,0000000,12,51,12,57,13,49,19,14,15,1,0
49,490070,1,1,0,0,0,5,5,21,0,24,6,2013,2,14,24,1,1,1,I-15,,983,38.13019722,-112.6283333,0,1,0,0,1,1,0,3,1,10,0,10,0,0000000,14,28,14,51,99,99,0,0,0,1,0
49,490071,3,3,0,0,0,5,5,5,990,12,4,2013,6,17,51,1,13,2,US-89/91,600 S,99998,41.72100278,-111.835375,0,12,1,0,2,3,0,1,1,1,0,1,0,0000000,17,55,17,58,99,99,0,0,0,1,0
49,490072,1,1,0,0,0,1,1,35,1240,5,7,2013,6,20,50,0,16,6,700 W,,0,40.63648611,-111.9102167,0,52,0,0,1,1,0,5,5,10,0,10,0,0000000,20,53,20,55,99,99,0,0,0,1,1
49,490073,1,1,0,0,0,1,1,11,910,6,7,2013,7,8,51,1,13,2,US-89,,99999,41.06333333,-111.9103667,0,31,0,0,1,1,0,6,1,1,0,1,0,0000000,8,52,9,0,88,88,0,0,0,1,1
49,490074,1,1,0,1,1,1,1,35,2113,6,7,2013,7,23,24,1,13,3,SR-68,,99998,40.68352778,-111.9388639,0,8,0,0,1,1,0,1,3,1,0,1,0,0000000,23,25,23,29,99,99,0,0,0,1,1
49,490075,1,1,0,1,1,1,1,57,638,8,7,2013,2,7,50,0,14,3,SR-204,400 N,99998,41.26672778,-111.9776694,0,9,0,0,3,2,0,1,1,1,0,1,0,0000000,7,52,7,56,99,99,0,0,0,1,0
49,490076,2,2,0,0,0,2,2,11,1320,3,7,2013,4,13,46,1,11,1,I-15,,3132,40.83576944,-111.9157944,0,5,0,1,18,1,0,1,1,1,0,1,0,0000000,13,47,13,52,99,99,0,0,0,1,0
49,490077,1,1,0,0,0,1,1,41,0,11,7,2013,5,9,57,0,6,5,STATE CANAL RD,,0,38.84204444,-111.9726722,0,1,0,0,1,1,0,5,1,10,0,10,0,0000000,9,58,10,20,88,88,0,0,0,1,0
49,490078,1,1,0,0,0,8,8,15,0,7,7,2013,1,12,41,1,1,1,I-70,,1583,38.98043333,-110.2363417,0,1,0,0,1,1,1,1,1,1,0,1,0,0000000,12,47,12,56,99,99,0,0,0,2,0
49,490079,1,1,0,0,0,1,1,53,0,15,7,2013,2,19,3,1,1,1,I-15,,237,37.24962222,-113.3441556,0,35,0,0,1,1,0,3,1,10,0,10,0,0000000,19,5,19,15,88,88,0,0,0,1,0
49,490080,1,1,0,0,0,1,1,27,500,13,7,2013,7,13,20,1,1,1,I-15,,1642,38.95455278,-112.3476417,0,57,0,0,1,1,0,3,1,1,0,1,0,0000000,13,21,13,28,13,43,0,0,0,1,0
49,490081,1,1,0,0,0,2,2,23,0,18,7,2013,5,14,0,0,6,5,NEBO LOOP RD,,0,39.78508611,-111.6792722,0,1,0,0,1,1,0,5,1,1,0,1,0,0000000,14,6,14,24,14,57,0,0,0,1,0
49,490082,1,1,0,0,0,1,1,35,685,19,7,2013,6,9,10,1,13,3,SR-85,,99998,40.50786944,-112.005125,0,1,0,0,1,1,0,1,1,1,0,1,0,0000000,9,11,9,21,88,88,0,0,0,1,0
49,490083,1,1,0,0,0,2,2,15,0,20,7,2013,7,20,15,0,6,5,MILLERS FLAT,,0,39.47980556,-111.2447389,0,1,0,0,1,1,0,2,1,1,0,1,0,0000000,88,88,88,88,88,88,0,0,0,1,0
49,490084,2,2,0,0,0,4,4,35,1710,3,7,2013,4,11,55,0,16,5,ALTA CANYON RD,,0,40.59509444,-111.8207333,0,12,2,0,1,1,0,1,1,1,0,1,0,0000000,11,58,12,4,99,99,0,0,0,1,0
49,490085,2,2,0,0,0,2,2,3,390,6,7,2013,7,20,45,1,1,1,I-15,,3776,41.67672222,-112.1373417,0,12,6,0,1,1,0,1,5,10,0,10,0,0000000,20,49,20,59,99,99,0,0,0,1,0
49,490086,1,1,0,1,1,1,1,57,638,1,8,2013,5,21,40,0,14,3,SR-235,,99999,41.28297778,-111.9691778,0,15,0,0,1,1,0,1,2,1,0,1,0,0000000,21,41,21,47,99,99,0,0,0,1,0
49,490087,1,1,0,0,0,1,1,25,0,3,8,2013,7,16,0,1,2,2,US-89,,776,37.19532222,-112.6617944,0,1,0,0,1,1,0,2,1,1,0,1,0,0000000,16,22,16,27,88,88,0,0,0,1,0
49,490088,1,1,0,0,0,1,1,57,1650,2,8,2013,6,9,15,0,16,6,4800 S,2700 W,0,41.176175,-112.0448444,0,10,0,0,6,1,0,1,1,1,0,1,0,805615T,9,26,9,35,88,88,0,0,0,1,0
49,490089,2,2,0,0,0,4,4,15,0,7,8,2013,4,11,10,1,2,2,US-6,,2857,39.13905278,-110.3365917,0,12,6,0,1,1,0,1,1,1,0,1,0,0000000,11,13,11,35,12,45,0,0,0,1,0
49,490090,4,4,0,0,0,10,10,37,0,16,8,2013,6,15,0,1,2,2,US-191,,980,38.25056111,-109.3809722,0,12,2,0,1,1,0,1,1,1,0,1,0,0000000,15,2,15,30,16,23,14,0,0,3,0
49,490091,2,2,0,0,0,2,2,1,90,22,8,2013,5,7,5,0,16,6,1175 N,SR-160,0,38.29019722,-112.6413667,0,12,6,0,2,2,0,1,1,10,0,10,0,0000000,7,19,7,26,88,88,0,0,0,1,1
49,490092,2,2,0,0,0,2,2,39,420,22,8,2013,5,14,40,0,14,2,US-89,,99998,39.372,-111.5870306,0,12,2,0,1,1,0,1,1,10,0,10,0,0000000,14,41,14,47,15,52,0,0,0,1,0
49,490093,2,2,0,0,0,3,3,49,0,26,5,2013,1,7,33,0,3,3,SR-73,,296,40.36161944,-112.0473722,0,12,6,0,1,1,0,1,1,1,0,1,0,0000000,7,34,7,43,99,99,0,0,0,1,1
49,490094,2,1,1,0,0,1,1,35,1700,30,5,2013,5,20,8,0,16,5,200 S,,0,40.76499722,-111.9006444,0,14,0,0,1,1,0,7,3,1,0,1,0,0000000,20,8,20,11,20,29,0,0,0,1,0
49,490095,1,1,0,0,0,1,1,15,1380,11,7,2013,5,11,36,0,3,3,SR-29,,99998,39.23205833,-111.0504889,0,33,0,0,1,1,0,4,1,1,0,1,0,0000000,11,37,11,45,12,24,0,0,0,1,0
49,490096,1,1,0,1,1,1,1,57,1350,25,7,2013,5,3,4,0,14,3,SR-53,,0,41.22302222,-111.9906444,0,8,0,0,1,1,0,1,2,1,0,1,0,0000000,3,6,3,8,99,99,0,0,0,1,0
49,490097,1,1,0,1,1,1,1,49,1680,13,7,2013,7,5,10,0,16,4,CR-2862 ARROWHEAD TRAIL RD,,0,40.05781111,-111.7158944,0,8,0,0,1,1,0,1,2,1,0,1,0,0000000,5,32,5,39,88,88,0,0,0,1,0
49,490098,1,1,0,0,0,1,1,35,1120,5,7,2013,6,16,10,0,13,2,US-89,,99998,40.61358889,-111.8907111,0,33,0,0,1,1,0,5,1,1,0,1,0,0000000,16,10,16,14,16,27,0,0,0,1,0
49,490099,1,1,0,0,0,2,2,21,1430,12,7,2013,6,9,4,1,1,1,I-15,,828,37.925475,-112.7680667,0,1,0,0,1,1,0,3,1,10,0,10,0,0000000,9,10,9,25,9,48,0,0,0,1,0
49,490100,1,1,0,0,0,2,2,37,0,19,7,2013,6,0,0,0,6,8,NAVAJO RT 35,,0,37.02857222,-109.3617472,3,1,0,0,1,1,0,5,2,1,0,1,0,0000000,0,3,0,20,99,99,0,0,0,1,1
49,490101,1,1,0,0,0,1,1,35,124,20,7,2013,7,10,44,0,16,6,15000 S,,0,40.47871111,-111.9651278,0,1,0,0,1,1,0,1,1,1,0,1,0,0000000,10,44,10,48,99,99,0,0,0,1,0
49,490102,1,1,0,0,0,1,1,35,2113,20,7,2013,7,2,23,0,16,6,3600 W,SR-201 FRONTAGE RD,0,40.72570833,-111.9771639,0,38,0,0,3,3,0,5,3,1,0,1,0,0000000,2,23,2,30,88,88,0,0,0,1,1
49,490103,2,2,0,0,0,2,2,43,0,20,7,2013,7,13,21,1,1,1,I-80,,1699,40.98903611,-111.4050778,0,12,2,0,1,1,0,1,1,1,0,1,0,0000000,13,21,13,34,88,88,0,0,0,2,0
49,490104,1,1,0,0,0,2,2,39,0,22,7,2013,2,16,40,0,6,6,MANTI CANYON RD,,99999,39.25595556,-111.5549806,5,42,0,0,1,1,0,5,1,1,0,1,0,0000000,16,40,17,15,88,88,0,0,0,1,0
49,490105,1,1,0,0,0,4,4,25,0,26,7,2013,6,10,10,1,2,2,US-89,,525,37.03900278,-112.2947833,0,1,0,0,1,1,0,4,1,1,0,1,0,0000000,10,10,10,36,11,23,0,0,0,1,0
49,490106,1,1,0,2,2,1,1,35,2100,27,7,2013,7,21,10,0,16,6,CENTER PARK DR,JORDAN LANDING BLVD,0,40.62003889,-111.9825306,0,8,0,0,3,2,0,1,3,1,0,1,0,0000000,21,12,21,15,21,33,0,0,0,1,0
49,490107,1,1,0,0,0,1,1,17,0,6,8,2013,3,17,30,1,2,2,US-89,,1384,37.934825,-112.4253778,0,1,0,0,1,1,0,4,1,1,0,1,0,0000000,17,31,17,39,99,99,0,0,0,1,0
49,490108,1,1,0,0,0,3,3,27,0,4,8,2013,1,8,25,1,1,1,I-15,,1345,38.61118611,-112.6091667,0,1,0,0,1,1,0,3,1,10,0,10,0,0000000,8,30,8,56,9,30,0,0,0,1,0
49,490109,2,2,0,0,0,3,3,35,1700,9,8,2013,6,5,21,0,14,3,SR-269,SR-270,99998,40.75625556,-111.8939306,0,12,6,0,2,2,0,1,3,1,0,1,0,0000000,5,21,5,29,99,99,0,0,0,1,0
49,490110,1,1,0,0,0,1,1,35,0,8,8,2013,5,19,22,1,13,3,SR-266,,99998,40.67431667,-111.8786528,0,25,0,0,1,1,4,3,1,1,0,1,0,0000000,19,22,19,25,99,99,0,0,0,1,0
49,490111,1,1,0,0,0,2,2,35,1800,10,8,2013,7,0,17,0,16,6,3200 W,,0,40.55190556,-111.9671861,0,33,0,0,1,1,0,4,3,1,0,1,0,0000000,0,18,0,24,0,42,0,0,0,1,1
49,490112,2,2,0,0,0,3,3,35,1710,10,8,2013,7,20,48,1,13,3,SR-71,,99998,40.60144444,-111.8721944,0,12,6,0,8,1,0,1,3,1,0,1,0,0000000,20,52,20,55,99,99,0,0,0,1,0
49,490113,1,1,0,0,0,1,1,13,0,13,8,2013,3,5,0,0,6,6,BLACK TAIL DUGWAY,,0,40.25866111,-110.4461028,0,1,0,0,1,1,0,5,2,1,0,1,0,0000000,5,23,5,46,88,88,0,0,0,1,1
49,490114,1,1,0,0,0,2,2,51,0,16,8,2013,6,13,0,1,2,2,US-40,,79,40.62799722,-111.4433694,0,57,0,0,1,1,0,3,1,1,0,1,0,0000000,13,1,13,9,14,36,0,0,0,1,0
49,490115,1,1,0,0,0,2,2,53,1670,16,8,2013,6,13,33,1,11,1,I-15,,69,37.09163333,-113.5726389,0,1,0,0,1,1,0,4,1,1,0,1,0,0000000,13,33,13,40,14,5,0,0,0,1,0
49,490116,2,2,0,0,0,3,3,49,1560,15,8,2013,5,10,24,0,16,6,300 W,940 N,0,40.24639722,-111.6639833,0,12,6,0,2,2,0,1,1,1,0,1,0,0000000,10,25,10,28,10,46,0,0,0,1,0
49,490117,1,1,0,0,0,1,1,51,0,19,8,2013,2,12,30,1,2,2,US-40,,107,40.59287778,-111.4367611,0,57,0,0,1,1,0,3,1,1,0,1,0,0000000,12,30,12,37,13,2,0,0,0,1,0
49,490118,1,1,0,1,1,3,3,35,1710,22,9,2013,1,20,11,1,13,3,SR-71,8275 S,99998,40.60093056,-111.8722167,0,9,0,0,2,2,0,1,3,1,0,1,0,0000000,20,12,20,16,88,88,0,0,0,1,0
49,490119,1,1,0,1,1,1,1,53,1670,3,9,2013,3,19,46,1,13,3,SR-7,,51,37.00562778,-113.5238056,0,9,0,0,1,1,0,1,1,1,0,1,0,0000000,19,47,20,1,88,88,0,0,0,1,0
49,490120,1,1,0,0,0,1,1,27,1740,22,8,2013,5,21,55,1,1,1,I-15,,1882,39.25028333,-112.1166278,0,1,0,1,18,1,0,1,2,10,0,10,0,0000000,21,58,22,5,22,36,0,0,0,1,0
49,490121,2,2,0,1,1,3,3,49,0,15,10,2013,3,20,30,1,2,2,US-189,,131,40.35649167,-111.5740583,0,8,0,0,1,1,0,1,2,1,0,1,0,0000000,20,37,20,48,88,88,0,0,0,1,0
49,490122,2,2,0,0,0,2,2,51,0,20,9,2013,6,10,47,1,2,2,US-40,,549,40.193075,-110.9607444,0,12,2,0,1,1,0,2,1,1,0,1,0,0000000,10,48,11,16,12,43,0,0,0,1,0
49,490123,2,2,0,0,0,2,2,5,1600,30,9,2013,2,17,45,1,2,2,US-91,,447,41.99048611,-111.8127611,0,12,1,0,8,1,0,1,1,1,0,1,0,0000000,17,48,17,57,88,88,0,0,0,1,0
49,490124,1,1,0,0,0,5,5,27,0,26,8,2013,2,15,45,1,1,1,I-15,,1390,38.66924167,-112.5885667,0,1,0,0,1,1,0,3,1,2,0,2,0,0000000,15,47,16,11,16,38,0,0,0,1,0
49,490125,4,4,0,0,0,5,5,45,0,21,9,2013,7,21,14,1,1,1,I-80,,87,40.74048056,-113.9324889,0,1,0,0,1,1,0,1,2,1,0,1,0,0000000,21,14,21,31,99,99,14,0,0,1,0
49,490126,1,1,0,0,0,2,2,35,0,1,9,2013,1,7,33,1,11,1,I-80,,1045,40.75420833,-112.1728389,0,57,0,0,1,1,0,3,4,10,0,10,0,0000000,7,36,7,47,8,15,0,0,0,1,0
49,490127,1,1,0,0,0,1,1,21,190,7,9,2013,7,15,32,1,1,1,I-15,,464,37.54848333,-113.1973917,0,21,0,0,1,1,0,3,1,1,0,1,0,0000000,15,34,15,55,99,99,0,0,0,1,0
49,490128,1,1,0,0,0,1,1,35,0,4,6,2013,3,19,5,1,1,1,I-80,,1363,40.73933611,-111.6729278,0,25,0,1,19,1,0,3,1,1,0,1,0,0000000,19,6,19,17,88,88,0,0,0,1,1
49,490129,1,1,0,0,0,2,2,57,1810,14,6,2013,6,1,54,0,16,6,40TH ST,,0,41.19056667,-111.9756889,0,33,0,0,1,1,0,4,3,1,0,1,0,0000000,1,54,2,2,2,20,0,0,0,1,0
49,490130,1,1,0,0,0,1,1,43,0,10,9,2013,3,12,20,0,3,3,SR-65,,249,41.00756111,-111.5175139,0,1,0,0,1,1,0,2,1,1,0,1,0,0000000,12,21,12,28,88,88,0,0,0,1,0
49,490131,2,1,1,0,0,1,1,45,1940,15,11,2013,6,7,2,0,16,6,VALLEY VIEW DR,,0,40.54366111,-112.2788,0,1,0,0,1,1,0,1,1,2,0,2,0,0000000,7,2,7,7,88,88,0,0,0,1,1
49,490132,2,2,0,0,0,2,2,55,0,28,9,2013,7,18,40,0,3,3,SR-24,,1138,38.37159444,-110.7529111,0,12,11,0,1,1,0,1,1,1,0,1,0,0000000,18,45,18,57,19,10,19,0,0,1,0
49,490133,2,2,0,0,0,2,2,53,1670,30,11,2013,7,19,37,1,13,3,SR-18,,99998,37.11258056,-113.5949972,0,12,6,0,8,1,0,1,3,1,0,1,0,0000000,19,38,19,43,99,99,0,0,0,1,0
49,490134,2,2,0,0,0,2,2,35,1630,18,9,2013,4,7,44,0,14,6,12600 S,,0,40.52237222,-111.9978722,0,12,6,0,8,1,0,1,1,1,0,1,0,0000000,7,44,7,48,8,10,0,0,0,1,0
49,490135,1,1,0,0,0,1,1,57,1350,4,11,2013,2,14,47,0,16,5,16TH ST,,0,41.23828056,-111.9506278,0,1,0,0,1,1,0,1,1,1,0,1,0,0000000,14,48,14,54,99,99,0,0,0,1,0
49,490136,1,1,0,0,0,1,1,27,700,7,10,2013,2,20,40,1,2,3,SR-257,US-6,693,39.33123611,-112.652425,0,1,0,0,2,2,0,1,3,1,0,1,0,0000000,20,41,20,45,20,58,0,0,0,1,1
49,490137,2,2,0,0,0,2,2,35,0,30,9,2013,2,15,54,0,16,6,3900 S,900 E,0,40.68705556,-111.865525,0,12,6,0,2,2,0,1,1,1,0,1,0,0000000,15,55,15,58,16,8,0,0,0,1,0
49,490138,1,1,0,0,0,1,1,13,9997,4,9,2013,4,20,48,0,6,6,5000 S,45000 W,0,40.22686944,-110.8396583,0,1,0,0,3,2,0,2,2,1,0,1,0,0000000,20,57,21,7,88,88,0,0,0,1,1
49,490139,2,2,0,0,0,2,2,57,1350,1,9,2013,1,2,34,0,16,5,ADAMS AVE,30TH ST,0,41.2102,-111.9678889,0,12,6,0,2,2,0,1,3,1,0,1,0,0000000,2,35,2,42,99,99,0,0,0,1,2
49,490140,1,1,0,0,0,1,1,15,0,3,9,2013,3,15,30,1,1,1,I-70,,1129,38.84392222,-110.982725,0,35,0,0,1,1,0,5,9,99,0,99,0,0000000,88,88,88,88,88,88,0,0,0,1,0
49,490141,1,1,0,0,0,4,4,35,1924,1,9,2013,1,19,16,1,11,1,I-215,,143,40.65205278,-111.9522528,0,25,0,0,1,1,0,4,5,1,0,1,0,0000000,19,16,19,18,19,45,0,0,0,1,0
49,490142,1,1,0,0,0,3,3,49,0,17,9,2013,3,15,23,1,2,2,US-6,,2036,39.93429722,-111.1998472,0,35,0,0,1,1,0,6,1,2,0,2,0,0000000,15,21,15,56,16,26,0,0,0,2,0
49,490143,1,1,0,0,0,1,1,35,1700,18,10,2013,6,6,30,1,11,1,I-80,,1195,40.76431667,-111.9207972,0,20,0,1,5,1,0,4,6,1,0,1,0,0000000,6,35,6,50,99,99,0,0,0,1,0
49,490144,1,1,0,1,1,1,1,35,1700,27,10,2013,1,23,4,0,16,6,900 W,125 S,0,40.76670833,-111.9168472,0,8,0,0,1,1,0,1,3,1,0,1,0,0000000,0,5,0,8,88,88,0,0,0,1,0
49,490145,1,1,0,0,0,1,1,41,1590,23,10,2013,4,12,27,0,16,5,800 S,,0,38.75691667,-112.1009667,0,33,0,0,1,1,0,4,1,1,0,1,0,0000000,12,33,12,38,13,1,0,0,0,1,0
49,490146,1,1,0,0,0,5,5,1,0,1,10,2013,3,23,2,1,1,1,I-15,,1194,38.39908056,-112.6566556,0,1,0,0,1,1,0,3,2,1,0,1,0,0000000,23,13,23,20,23,34,0,0,0,2,0
49,490147,1,1,0,1,1,1,1,57,1350,8,10,2013,3,13,47,0,16,6,F AVE,,0,41.22017778,-111.9972611,0,8,0,0,1,1,0,1,1,1,0,1,0,0000000,13,48,13,51,88,88,0,0,0,1,0
49,490148,1,1,0,0,0,1,1,35,2113,8,10,2013,3,11,32,0,16,6,6400 W,PARKWAY BLVD,0,40.7096,-112.0439639,0,38,0,0,3,3,0,5,1,10,0,10,0,0000000,11,33,11,40,88,88,0,0,0,1,0
49,490149,3,3,0,0,0,3,3,57,1350,10,10,2013,5,17,46,0,14,3,SR-79,SR-204,99999,41.20825278,-111.9792472,0,12,1,0,2,2,0,1,5,2,0,2,0,0000000,17,47,17,53,99,99,0,0,0,1,0
49,490150,1,1,0,0,0,2,2,47,1567,14,4,2013,1,10,25,0,5,4,CR-2762,,99999,40.230975,-109.7898806,3,1,0,0,1,1,0,1,1,99,0,99,0,0000000,10,25,10,40,11,6,0,0,0,1,1
49,490151,1,1,0,0,0,3,3,7,0,7,7,2013,1,1,38,0,6,6,PONDTOWN RD,,0,39.80142222,-111.2072833,0,1,0,0,1,1,0,2,2,10,0,10,0,0000000,1,44,2,21,4,48,0,0,0,1,1
49,490152,1,1,0,0,0,2,2,53,1670,15,10,2013,3,22,26,0,16,6,RED CLIFFS DR,EAST RIDGE DR,0,37.11454167,-113.553625,0,46,0,0,3,3,0,4,3,1,0,1,0,0000000,22,28,22,32,99,99,0,0,0,1,1
49,490153,2,2,0,0,0,3,3,7,0,16,10,2013,4,12,11,1,2,2,US-6,SR-123,2560,39.52565556,-110.5730611,0,12,6,0,2,2,0,1,1,1,0,1,0,0000000,12,12,12,25,13,10,0,0,0,1,0
49,490154,1,1,0,0,0,1,1,53,2050,17,10,2013,5,13,20,0,14,3,SR-212,,99999,37.138425,-113.46875,0,35,0,0,1,1,0,5,1,1,0,1,0,0000000,13,22,13,23,88,88,0,0,0,1,0
49,490155,1,1,0,0,0,3,3,21,840,20,10,2013,1,21,18,1,1,1,I-15,,496,37.54889167,-113.1961889,0,72,0,0,1,1,0,1,2,1,0,1,0,0000000,21,23,21,31,22,5,0,0,0,1,0
49,490156,1,1,0,0,0,1,1,49,1860,24,10,2013,5,19,42,0,16,6,2000 W,,0,40.1734,-111.6471444,0,30,0,0,1,1,0,4,2,1,0,1,0,0000000,19,55,19,59,88,88,0,0,0,1,0
49,490157,2,1,1,0,0,2,2,11,2140,24,10,2013,5,22,31,0,16,6,1500 S,,0,40.87466944,-111.9199778,0,14,0,0,1,1,0,2,2,1,0,1,0,0000000,22,44,22,56,23,32,0,0,0,1,1
49,490158,1,1,0,1,1,1,1,7,1540,26,10,2013,7,19,21,0,14,3,SR-55,,99999,39.59944167,-110.7962389,0,8,0,0,1,1,0,1,3,1,0,1,0,0000000,19,24,19,25,19,35,0,0,0,1,0
49,490159,1,1,0,0,0,1,1,45,0,1,8,2013,5,15,45,0,6,6,VALLEY OVERLOOK RD,,0,40.49286389,-112.1827333,0,1,0,0,1,1,0,4,1,99,0,99,0,0000000,88,88,88,88,88,88,0,0,0,1,0
49,490160,1,1,0,0,0,2,2,35,865,23,8,2013,6,15,12,0,14,6,5600 W,,0,40.66035278,-112.0246083,0,21,0,0,1,1,0,5,1,1,0,1,0,0000000,15,14,15,21,99,99,0,0,0,1,0
49,490161,2,1,1,1,1,1,1,49,1390,25,8,2013,1,1,22,0,16,6,100 W,,0,40.31268611,-111.6981917,0,14,0,0,1,1,0,2,3,1,0,1,0,0000000,1,26,1,32,1,40,0,0,0,1,1
49,490162,1,1,0,0,0,4,4,49,0,25,8,2013,1,17,35,0,6,6,ISRAEL CANYON RD,,0,40.31802222,-111.9270806,0,1,0,0,1,1,0,4,1,10,0,10,0,0000000,17,41,18,4,19,10,0,0,0,1,1
49,490163,1,1,0,0,0,1,1,37,0,5,10,2013,7,6,10,0,3,3,SR-162,,99999,37.15536667,-109.0520694,0,1,0,0,1,1,0,99,2,99,0,99,0,0000000,6,10,7,3,88,88,0,0,0,1,0
49,490164,2,2,0,0,0,3,3,35,1700,26,8,2013,2,18,39,0,13,3,SR-68,,99998,40.75570278,-111.9389917,0,12,2,0,1,1,0,1,1,1,0,1,0,0000000,18,39,18,47,99,99,0,0,0,1,0
49,490165,1,1,0,1,1,1,1,35,0,24,10,2013,5,13,40,0,16,6,MILLCREEK CANYON RD,,0,40.6909,-111.7701833,0,9,0,0,1,1,0,2,1,1,0,1,0,0000000,13,40,13,50,14,5,0,0,0,1,0
49,490166,4,3,1,0,0,6,6,35,0,4,10,2013,6,16,18,1,13,2,US-89,,99998,40.68154444,-111.8884806,0,12,1,0,1,1,0,1,1,1,0,1,0,0000000,16,18,16,26,16,45,0,0,0,1,0
49,490167,3,3,0,0,0,3,3,5,0,6,11,2013,4,6,56,0,16,5,1200 W,,0,41.66371389,-111.8612444,0,12,2,0,1,1,0,1,4,10,0,10,0,0000000,7,1,7,8,99,99,0,0,0,1,0
49,490168,1,1,0,0,0,1,1,21,1450,6,11,2013,4,22,45,1,1,1,I-15,,760,37.83808333,-112.87205,0,31,0,0,1,1,0,4,2,1,0,1,0,0000000,7,0,7,11,88,88,18,0,0,1,0
49,490169,1,1,0,0,0,2,2,19,0,6,11,2013,4,23,25,0,6,5,MURPHY LN,,0,38.54101111,-109.4960528,0,1,0,0,1,1,0,2,2,1,0,1,0,0000000,23,25,23,36,0,2,0,0,0,1,1
49,490170,2,2,0,0,0,4,4,35,1240,7,11,2013,5,12,28,1,13,3,SR-71,,99998,40.65985,-111.8658,0,12,2,0,1,1,0,1,1,1,0,1,0,0000000,12,28,12,31,99,99,0,0,0,1,0
49,490171,1,1,0,0,0,1,1,21,0,11,11,2013,2,16,20,0,3,3,SR-20,WEST FRONTAGE RD,1,38.07124722,-112.6875778,0,1,0,0,3,3,0,4,1,1,0,1,0,0000000,16,28,16,52,88,88,0,0,0,1,0
49,490172,3,3,0,0,0,3,3,35,2100,15,11,2013,6,13,58,0,14,6,OLD BINGHAM HIGHWAY,SR-85,0,40.5678,-112.0323972,0,12,6,0,2,2,0,1,1,10,0,10,1,0000000,14,5,14,9,88,88,0,0,0,1,0
49,490173,2,2,0,0,0,2,2,39,0,18,11,2013,2,6,50,1,2,2,US-89,,2459,39.15632778,-111.762775,0,18,0,0,1,1,0,1,1,1,0,1,0,0000000,7,0,7,8,7,17,0,0,0,2,0
49,490174,1,1,0,2,2,1,1,57,1350,21,11,2013,5,18,46,0,14,3,SR-204,BINFORD ST,99998,41.21771944,-111.9789083,0,8,0,0,3,3,0,1,3,6,0,6,0,0000000,18,46,99,99,99,99,0,0,0,1,0
49,490175,1,1,0,1,1,2,2,57,1510,23,11,2013,7,21,19,0,14,3,SR-134,,0,41.30585278,-111.9882639,0,8,0,0,1,1,0,1,2,1,0,1,0,0000000,21,19,21,22,21,43,0,0,0,1,0
49,490176,1,1,0,1,1,1,1,35,9997,25,11,2013,2,18,6,0,13,3,SR-171,2940 E,99998,40.69983889,-111.8092917,0,8,0,0,2,3,0,1,2,1,0,1,0,0000000,18,6,18,12,18,28,0,0,0,1,0
49,490177,1,1,0,1,1,2,2,35,1700,25,11,2013,2,18,52,0,16,6,1000 W,,0,40.73362778,-111.9190778,0,8,0,0,1,1,0,1,2,1,0,1,0,0000000,99,99,99,99,99,99,0,0,0,1,0
49,490178,2,2,0,0,0,4,4,7,0,9,12,2013,2,7,50,1,2,2,US-6,,2427,39.57915278,-110.7859167,0,12,2,0,1,1,0,1,1,1,0,1,0,0000000,7,55,7,57,8,13,0,0,0,1,0
49,490179,2,2,0,0,0,2,2,37,0,11,12,2013,4,0,40,1,2,2,US-191,,100,37.12745278,-109.5481694,0,12,8,0,1,1,0,1,2,1,0,1,0,0000000,0,52,1,20,4,35,0,0,0,1,0
49,490180,2,2,0,0,0,3,3,39,75,12,12,2013,5,16,40,1,2,2,US-89,,2344,39.05882222,-111.8183944,0,12,2,0,1,1,0,1,1,1,0,1,0,0000000,16,41,17,0,99,99,0,0,0,3,0
49,490181,2,2,0,0,0,2,2,49,1860,15,12,2013,1,14,31,1,13,2,US-89,SR-75,99998,40.18563056,-111.6107083,0,12,6,0,2,2,0,1,1,1,0,1,0,0000000,14,34,14,36,15,8,0,0,0,1,0