STATE,ST_CASE,VE_TOTAL,VE_FORMS,PVH_INVL,PEDS,PERNOTMVIT,PERMVIT,PERSONS,COUNTY,CITY,DAY,MONTH,YEAR,DAY_WEEK,HOUR,MINUTE,NHS,ROAD_FNC,ROUTE,TWAY_ID,TWAY_ID2,MILEPT,LATITUDE,LONGITUD,SP_JUR,HARM_EV,MAN_COLL,RELJCT1,RELJCT2,TYP_INT,WRK_ZONE,REL_ROAD,LGT_COND,WEATHER1,WEATHER2,WEATHER,SCH_BUS,RAIL,NOT_HOUR,NOT_MIN,ARR_HOUR,ARR_MIN,HOSP_HR,HOSP_MN,CF1,CF2,CF3,FATALS,DRUNK_DR
49,490182,1,1,0,1,1,1,1,57,1350,18,12,2013,4,18,6,0,14,3,SR-204,,99998,41.21601111,-111.9789833,0,8,0,0,1,1,0,1,2,1,0,1,0,0000000,18,6,18,11,88,88,0,0,0,1,0
49,490183,2,2,0,0,0,2,2,49,40,22,12,2013,1,17,13,0,14,3,SR-73,,99998,40.3872,-111.8654222,0,12,6,0,1,1,0,1,2,4,0,4,0,0000000,17,14,17,18,99,99,0,0,0,1,0
49,490184,1,1,0,1,1,1,1,35,1700,30,12,2013,2,17,54,0,16,6,MARIO CAPECCHI DR,100 N,0,40.76990278,-111.8389222,0,8,0,0,2,3,0,1,5,1,0,1,0,0000000,17,54,17,59,99,99,0,0,0,1,0
49,490185,1,1,0,0,0,3,3,1,0,30,12,2013,2,14,50,1,1,1,I-15,,1285,38.49258611,-112.6170889,0,1,0,0,1,1,0,1,1,1,0,1,0,0000000,14,50,15,18,15,44,0,0,0,1,1
49,490186,3,3,0,1,1,3,3,35,1700,27,11,2013,4,18,11,1,11,1,I-80,,1178,40.76594444,-111.9427917,0,8,0,1,18,1,0,1,2,1,0,1,0,0000000,18,11,18,16,88,88,0,0,0,1,0
49,490187,1,1,0,0,0,1,1,35,0,28,11,2013,5,15,8,1,11,1,I-215,,7,40.70609444,-111.7960194,0,43,0,1,19,1,0,8,1,1,0,1,0,0000000,15,10,15,13,88,88,0,0,0,1,0
49,490188,1,1,0,0,0,1,1,5,0,26,11,2013,3,16,19,1,2,2,US-89,,4761,41.83483056,-111.5930667,0,42,0,0,1,1,0,6,1,1,0,1,0,0000000,16,21,16,40,88,88,0,0,0,1,0
49,490189,2,1,1,0,0,2,2,57,1350,18,10,2013,6,23,18,0,16,6,AIRPORT RD,,0,41.20177222,-111.9987361,0,1,0,0,1,1,0,2,3,1,0,1,0,0000000,23,21,23,27,99,99,14,0,0,1,1
49,490190,2,2,0,0,0,2,2,41,1590,22,9,2013,1,15,45,0,16,6,COLLEGE AVE,SR-120,0,38.74997222,-112.1019111,0,12,6,0,2,2,0,1,1,1,0,1,0,0000000,15,49,15,55,16,19,0,0,0,1,0
49,490191,1,1,0,0,0,1,1,43,359,14,11,2013,5,20,18,1,1,1,I-84,,1196,40.972125,-111.4425861,0,1,0,1,18,1,0,1,2,10,0,10,0,0000000,20,26,20,32,88,88,0,0,0,1,0
49,490192,2,2,0,0,0,2,2,49,1390,20,7,2013,7,13,13,1,13,3,SR-265,US-89,99998,40.27333611,-111.6847556,0,5,0,0,3,2,0,2,1,1,0,1,0,0000000,13,13,13,16,13,30,14,20,0,1,0
49,490194,1,1,0,0,0,2,2,45,0,29,6,2013,7,2,54,1,1,1,I-80,,349,40.72981389,-113.4394778,0,1,0,0,1,1,0,1,2,10,0,10,0,0000000,3,9,3,48,4,33,0,0,0,1,0
49,490195,1,1,0,0,0,1,1,27,0,27,6,2013,5,19,7,0,3,3,SR-125,,140,39.43123611,-112.32335,0,32,0,0,1,1,0,4,1,10,0,10,0,0000000,19,8,19,27,88,88,0,0,0,1,0
49,490196,1,1,0,0,0,5,5,41,0,22,6,2013,7,4,50,1,1,1,I-70,,533,38.91280556,-111.8841806,0,31,0,0,1,1,0,4,2,1,0,1,0,0000000,5,1,5,14,5,44,0,0,0,4,0
49,490197,2,2,0,0,0,10,10,45,0,28,10,2013,2,17,39,1,1,1,I-80,,336,40.73189444,-113.4861694,0,12,1,0,1,1,0,1,1,1,0,1,0,0000000,17,43,18,18,99,99,0,0,0,1,0
49,490198,2,2,0,0,0,2,2,35,1700,21,6,2013,6,12,12,0,16,6,500 E,,0,40.74623889,-111.8767806,0,12,6,0,8,1,0,1,1,1,0,1,0,0000000,99,99,99,99,99,99,0,0,0,1,0
49,490199,1,1,0,1,1,1,1,35,1924,6,12,2013,6,8,37,0,15,6,MEADOWBROOK EXPRESSWAY,1115 W,0,40.68574167,-111.9239167,0,8,0,0,3,3,0,1,1,10,0,10,0,0000000,8,37,8,40,8,58,0,0,0,1,0
49,490200,1,1,0,0,0,1,1,35,1924,14,11,2013,5,10,50,0,16,6,MEADOWBROOK EXPRESSWAY,,0,40.68703889,-111.9157111,0,42,0,0,1,1,0,4,1,1,0,1,0,0000000,99,99,99,99,88,88,0,0,0,1,0
49,490201,2,2,0,0,0,4,4,11,280,4,12,2013,4,14,3,0,14,3,SR-37,,99998,41.13991111,-112.0473083,0,12,2,0,1,1,0,1,1,1,0,1,0,0000000,14,3,14,8,14,17,0,0,0,1,0
49,490202,3,3,0,0,0,4,4,11,1910,16,11,2013,7,15,34,0,14,3,SR-127,,99998,41.08923056,-112.0942056,0,30,0,0,1,1,0,4,1,10,0,10,0,0000000,15,34,15,36,88,88,0,0,0,1,0
49,490203,1,1,0,1,1,1,1,57,2095,22,11,2013,6,17,37,0,16,6,1800 S,,0,41.23421389,-112.0308361,0,8,0,0,1,1,0,1,2,1,0,1,0,0000000,17,37,17,48,99,99,0,0,0,1,0
49,490204,1,1,0,0,0,1,1,35,0,9,9,2013,2,12,21,0,3,3,SR-65,,1,40.75103056,-111.7145222,0,39,0,1,19,1,0,4,1,1,0,1,0,0000000,99,99,99,99,88,88,0,0,0,1,0
49,490205,1,1,0,1,1,1,1,49,9997,29,11,2013,6,22,53,0,16,6,800 W,,0,40.38458333,-111.93545,0,8,0,0,1,1,0,1,2,1,0,1,0,0000000,22,54,22,57,99,99,0,0,0,1,0
50,500001,1,1,0,0,0,1,1,27,241,25,1,2013,6,13,2,1,1,1,I-91 SB,,673,43.60593056,-72.34188056,0,35,0,0,1,1,0,3,1,1,0,1,0,0000000,13,21,13,26,14,3,0,0,0,1,0
50,500002,1,1,0,1,1,1,1,3,70,26,1,2013,7,11,6,0,14,3,SR-67A,,12,42.91206389,-73.2289,0,8,0,0,1,1,0,1,1,1,0,1,0,0000000,11,7,11,15,11,23,0,0,0,1,0
50,500003,2,2,0,0,0,3,3,25,275,28,1,2013,2,14,43,0,5,3,SR-30,,95,43.14500556,-72.85549167,0,12,6,0,1,1,0,1,1,4,0,4,0,0000000,14,43,15,11,15,52,0,0,0,1,0
50,500004,1,1,0,0,0,2,2,25,100,5,2,2013,3,19,2,0,6,5,TH-5 UPPER DUMMERSTON RD.,,99999,42.87694722,-72.58961667,0,1,0,0,1,1,0,4,2,1,0,1,0,0000000,19,4,19,10,19,39,0,0,0,1,1
50,500005,1,1,0,0,0,2,2,25,232,7,2,2013,5,12,51,0,5,5,MINC-0510 WEATHERHEAD HOLLOW R,,99999,42.77915556,-72.60193611,0,42,0,0,1,1,0,4,1,1,0,1,0,0000000,12,55,13,3,13,40,0,0,0,1,0
50,500006,2,2,0,0,0,2,2,11,612,20,2,2013,4,7,14,0,3,3,SR-105,,74,44.91028056,-72.89101667,0,12,6,0,1,1,0,1,1,10,0,10,0,0000000,7,19,7,38,8,14,0,0,0,1,0
50,500007,1,1,0,0,0,1,1,21,487,22,2,2013,6,23,4,0,6,5,TH-32 TWEED RIVER RD.,,99999,43.76253333,-72.81666944,0,42,0,0,1,1,0,4,2,10,0,10,0,0000000,23,9,23,31,88,88,0,0,0,1,1
50,500008,3,3,0,0,0,6,6,27,242,7,3,2013,5,9,29,1,2,2,US-4,,46,43.645325,-72.39423889,0,12,8,0,1,1,0,1,1,10,0,10,0,0000000,9,30,9,37,10,6,0,0,0,2,0
50,500009,1,1,0,0,0,1,1,1,2,3,4,2013,4,16,0,0,3,3,SR-17,,36,44.06767778,-73.382525,0,42,0,0,1,1,0,4,1,1,0,1,0,0000000,16,0,16,13,88,88,0,0,0,1,1
50,500010,1,1,0,1,1,1,1,21,580,10,4,2013,4,19,58,0,13,5,FAU-3056 STRONGS AVE.,,4,43.60409167,-72.97701111,0,8,0,0,1,1,0,1,3,2,0,2,0,0000000,19,58,20,1,20,18,0,0,0,1,1
50,500011,1,1,0,0,0,2,2,11,612,14,4,2013,1,2,47,0,6,5,TH-1 BOARDING HOUSE ST,,99999,44.90681667,-72.97598056,0,19,0,0,1,1,0,4,2,2,0,2,0,0000000,2,45,2,58,3,29,0,0,0,1,1
50,500012,3,3,0,0,0,3,3,7,199,17,4,2013,4,19,9,0,14,3,SR-2A,,12,44.49913611,-73.11335278,0,12,1,0,1,1,0,1,5,1,0,1,1,0000000,19,12,19,15,19,51,0,0,0,1,1
50,500013,2,2,0,0,0,5,5,11,190,26,4,2013,6,23,1,0,3,3,SR-105,,24,44.91661944,-72.77904167,0,12,2,0,1,1,0,1,2,1,0,1,0,0000000,1,50,1,50,2,30,0,0,0,1,1
50,500014,2,2,0,0,0,3,3,11,207,27,4,2013,7,11,24,0,6,5,FAS-0280 FLETCHER RD,TH-29 WILKINS RD,19,44.67091944,-72.97393889,0,12,6,0,2,2,0,1,1,1,0,1,0,0000000,11,30,11,36,12,4,0,0,0,1,0
50,500015,1,1,0,0,0,1,1,17,540,3,5,2013,6,18,6,0,6,5,TH-72 DAVIS RD.,,99999,43.92507222,-72.578925,0,42,0,0,1,1,0,4,1,10,0,10,0,0000000,18,10,18,24,88,88,0,0,0,1,1
50,500016,3,3,0,0,0,5,5,27,536,9,5,2013,5,15,54,1,2,2,US-4,,0,43.62961667,-72.45474444,0,12,2,0,1,1,0,1,1,1,0,1,0,0000000,99,99,99,99,88,88,0,0,0,1,0
50,500017,2,2,0,0,0,3,3,27,800,16,5,2013,5,6,0,1,2,2,US-4,,27,43.60152222,-72.57604167,0,12,2,0,1,1,0,1,1,5,0,5,0,0000000,6,6,6,18,7,10,0,0,0,1,0
50,500018,1,1,0,0,0,2,2,5,320,18,5,2013,7,14,31,0,4,3,SR-122,,30,44.56798889,-72.04392778,0,30,0,0,1,1,0,4,1,1,0,1,0,0000000,14,34,14,41,15,19,0,0,0,1,0
50,500019,1,1,0,0,0,1,1,7,246,11,5,2013,7,4,27,0,6,5,TH-20 BUCK HILL WEST,,99999,44.32551389,-73.10031111,0,42,0,0,1,1,0,4,2,1,0,1,0,0000000,4,31,4,56,88,88,0,0,0,1,1
50,500020,1,1,0,0,0,2,2,15,140,2,6,2013,1,19,29,0,3,3,SR-104,,13,44.64113333,-72.91384167,0,42,0,0,1,1,0,4,1,1,0,1,0,0000000,19,29,19,38,20,11,0,0,0,1,0
50,500021,2,2,0,0,0,2,2,27,242,6,6,2013,5,9,11,1,2,2,US-2,,60,43.66543333,-72.38823333,0,12,2,0,1,1,0,1,1,1,0,1,0,0000000,9,11,9,18,9,50,0,0,0,1,0
50,500022,2,2,0,0,0,3,3,25,672,8,6,2013,7,19,58,0,4,3,SR-142,,37,42.76179444,-72.51000556,0,12,2,0,1,1,0,1,1,10,0,10,0,0000000,20,1,20,10,21,51,0,0,0,1,1
50,500023,1,1,0,0,0,1,1,19,9997,11,6,2013,3,21,10,0,4,3,SR-5A,,12,44.80285833,-72.08568611,0,17,0,0,1,1,0,4,2,2,0,2,0,0000000,21,21,21,40,88,88,0,0,0,1,1
50,500024,2,2,0,0,0,2,2,21,90,13,6,2013,5,9,6,1,2,2,US-7,,10,43.76991389,-73.051175,0,12,2,0,1,1,0,2,1,10,0,10,0,0000000,9,6,9,13,10,25,0,0,0,1,0
50,500025,1,1,0,0,0,2,2,27,638,16,6,2013,1,17,5,0,3,3,SR-107,,59,43.79239722,-72.67529444,0,42,0,0,1,1,0,4,1,2,0,2,0,0000000,17,28,17,49,18,16,0,0,0,1,0
50,500026,2,2,0,0,0,3,3,27,686,21,6,2013,6,20,2,0,4,3,SR-131,BRANCH BROOK RD,16,43.40070833,-72.50918056,0,12,6,0,2,3,0,1,1,1,0,1,0,0000000,20,2,20,10,20,42,0,0,0,1,0
50,500027,1,1,0,0,0,1,1,17,662,7,7,2013,1,0,0,0,4,3,SR-110,STRAFFORD RD.,31,43.89139167,-72.48958611,0,21,0,0,1,1,0,4,3,1,0,1,0,0000000,0,7,0,25,1,9,0,0,0,1,1
50,500028,1,1,0,0,0,3,3,3,70,11,7,2013,5,11,9,0,16,5,CRESCENT BLVD,,99999,42.87219722,-73.19441111,0,42,0,0,1,1,0,4,1,1,0,1,0,0000000,11,9,11,14,11,45,0,0,0,1,0
50,500029,1,1,0,0,0,2,2,25,342,12,7,2013,6,15,15,1,2,3,SR-9,,44,42.86355278,-72.73846111,0,42,0,0,1,1,0,4,1,1,0,1,0,0000000,15,24,15,39,16,10,0,0,0,2,0
50,500030,1,1,0,0,0,1,1,17,764,13,7,2013,7,15,45,0,4,3,SR-14,,5,44.07844167,-72.572675,0,52,0,0,1,1,0,4,1,1,0,1,0,0000000,15,50,16,5,88,88,0,0,0,1,0
50,500031,2,2,0,0,0,4,4,11,612,18,7,2013,5,14,0,0,6,5,TH-11 DUFFY HILL RD.,,99999,44.86678889,-72.84580278,0,12,6,0,1,1,0,1,1,1,0,1,0,0000000,14,1,14,15,14,58,0,0,0,1,0
50,500032,1,1,0,0,0,1,1,7,285,28,7,2013,1,0,30,0,3,3,SR-15,RACEWAY ROAD,18,44.509875,-72.97097778,0,32,0,0,3,3,0,4,2,1,0,1,0,0000000,0,35,0,46,88,88,0,0,0,1,0
50,500033,1,1,0,0,0,2,2,17,465,1,8,2013,5,3,0,0,6,5,TH-26 EMERY RD.,EASTMAN RD.,99999,44.12945556,-72.40778056,0,42,0,0,3,3,0,4,2,10,0,10,0,0000000,5,45,5,57,88,88,0,0,0,2,1
50,500034,1,1,0,0,0,2,2,25,100,3,8,2013,7,2,27,1,13,3,SR-9,,41,42.860575,-72.60592778,0,17,0,0,1,1,0,4,3,1,0,1,0,0000000,2,32,2,38,3,27,20,0,0,1,1
50,500035,1,1,0,0,0,1,1,21,520,8,8,2013,5,8,44,0,14,3,SR-3,,32,43.66528611,-73.02325833,0,31,0,0,1,1,0,4,1,1,0,1,0,0000000,8,46,8,59,9,27,0,0,0,1,0
50,500036,1,1,0,0,0,2,2,27,800,18,8,2013,1,18,36,0,6,5,TH-35 FLETCHER HILL,RIVERSIDE PARK RD.,99999,43.60020278,-72.56911944,0,24,0,0,3,4,0,4,1,1,0,1,0,0000000,18,31,18,42,19,52,0,0,0,1,1
50,500037,1,1,0,0,0,1,1,19,9997,25,8,2013,1,11,0,0,4,3,SR-242,,34,44.94629722,-72.44862222,0,1,0,0,1,1,0,4,1,1,0,1,0,0000000,11,7,11,15,11,46,0,0,0,1,0
50,500038,3,3,0,0,0,3,3,19,9997,30,8,2013,6,19,17,0,4,3,SR-5A,TH-3 OLD 5A,40,44.74953056,-72.05214167,0,12,6,0,2,4,0,1,1,10,0,10,0,0000000,19,21,19,43,88,88,0,0,0,1,1
50,500039,2,2,0,0,0,2,2,7,790,1,9,2013,1,17,27,0,15,5,FAU-5110 (WEST SPRING ST.),,6,44.49517222,-73.19138889,0,12,6,0,4,1,0,1,1,1,0,1,0,0000000,17,30,17,32,17,44,0,0,0,1,0
50,500040,2,2,0,0,0,2,2,27,144,9,9,2013,2,17,30,0,2,3,SR-103,,30,43.38466389,-72.64886944,0,12,6,0,1,1,0,1,1,10,0,10,0,0000000,17,25,17,44,18,28,0,0,0,1,0
50,500041,1,1,0,0,0,1,1,21,395,15,9,2013,1,2,57,0,2,3,SR-103,,64,43.44825833,-72.84783889,0,31,0,0,1,1,0,4,2,1,0,1,0,0000000,2,57,3,10,3,42,0,0,0,1,1
50,500042,1,1,0,0,0,2,2,1,237,25,9,2013,4,13,23,0,4,3,SR-125,,26,43.92701667,-72.92961389,0,1,0,0,1,1,0,1,1,1,0,1,0,0000000,13,30,13,35,13,58,0,0,0,1,0
50,500043,1,1,0,1,1,1,1,11,207,25,9,2013,4,14,15,0,6,5,TH-25 HUNTVILLE RD.,,99999,44.69935833,-72.98403611,0,8,0,0,1,1,0,1,1,10,0,10,0,0000000,14,17,14,23,14,45,0,0,0,1,0
50,500044,1,1,0,0,0,1,1,25,400,26,9,2013,5,16,48,0,4,5,MC-106 (DEPOT RD.),,62,42.94591944,-72.66271667,0,31,0,0,1,1,0,4,1,1,0,1,0,0000000,99,99,18,50,88,88,0,0,0,1,0
50,500045,1,1,0,0,0,1,1,23,385,29,9,2013,1,4,41,0,6,5,MINC 0710 (TH-2 RIVER RD.),,99999,44.28005,-72.66662778,0,35,0,0,1,1,0,4,2,5,0,5,0,0000000,4,44,4,55,88,88,0,0,0,1,1
50,500046,1,1,0,0,0,1,1,19,303,30,9,2013,2,9,16,0,5,5,MINC-0768 MINES RD.,VAG RD.,99999,44.76472778,-72.51951111,0,7,0,0,3,3,0,4,9,1,0,1,0,0000000,9,11,9,28,88,88,0,0,0,1,1
50,500047,1,1,0,0,0,2,2,23,71,6,10,2013,1,16,43,1,11,1,I-89 NB,,476,44.17436389,-72.57549444,0,17,0,0,1,1,0,4,1,2,0,2,0,0000000,16,39,16,58,17,24,0,0,0,2,0
50,500048,2,2,0,0,0,4,4,19,388,23,10,2013,4,16,0,0,4,3,SR-111,,81,44.86637778,-71.9572,0,12,2,0,1,1,0,1,1,1,0,1,0,0000000,16,0,16,18,17,54,0,0,0,1,0
50,500049,1,1,0,0,0,1,1,19,661,7,11,2013,5,6,10,0,3,3,SR-105,,12,44.97779444,-72.52833889,0,24,0,0,1,1,0,4,2,1,0,1,0,0000000,6,17,6,37,7,28,0,0,0,1,0
50,500050,1,1,0,0,0,1,1,15,791,9,11,2013,7,19,11,0,4,5,MC-0247 NORTH WOLCOTT RD.,,51,44.61926111,-72.44529722,0,1,0,0,1,1,0,2,2,10,0,10,0,0000000,19,11,19,39,88,88,0,0,0,1,1
50,500051,2,2,0,0,0,3,3,21,90,15,11,2013,6,16,19,1,2,2,US-7,,4,43.76241389,-73.04996111,0,12,2,0,1,1,0,2,1,1,0,1,0,0000000,16,17,16,29,17,17,0,0,0,2,0
50,500052,1,1,0,0,0,1,1,25,100,18,11,2013,2,20,52,0,5,5,MINC-0512 HINESBURG RD.,,99999,42.84383889,-72.62955833,0,18,0,0,1,1,0,4,2,1,0,1,0,0000000,20,53,21,2,21,33,0,0,0,1,1
50,500053,1,1,0,0,0,2,2,21,510,21,11,2013,5,16,4,0,6,5,TH-6 THRALL RD.,,99999,43.51496667,-73.20993333,0,42,0,0,1,1,0,4,1,10,0,10,0,0000000,16,5,16,24,17,16,0,0,0,1,0
50,500054,1,1,0,0,0,3,3,17,540,23,11,2013,7,16,16,1,1,1,I-89 SB,,336,43.98352222,-72.62780278,0,42,0,0,1,1,0,4,5,4,0,4,0,0000000,16,21,16,33,17,50,0,0,0,1,0
50,500055,1,1,0,0,0,1,1,9,145,1,12,2013,1,0,0,0,4,3,SR-102,,64,44.99123889,-71.54240833,0,32,0,0,1,1,0,4,2,10,0,10,0,0000000,0,39,0,51,88,88,0,0,0,1,1
50,500056,1,1,0,0,0,1,1,1,572,23,11,2013,7,99,99,0,4,3,SR-125,STEAM MILL RD.,39,43.95583889,-72.99665556,0,42,0,0,3,3,0,4,1,4,0,4,0,0000000,88,88,88,88,88,88,0,0,0,1,0
50,500057,1,1,0,1,1,1,1,25,100,6,12,2013,6,19,5,0,15,6,FAU-2044 UNION HILL,SR-9,1,42.85228889,-72.56842222,0,8,0,0,2,3,0,1,3,2,0,2,0,0000000,19,8,19,11,19,31,0,0,0,1,0
50,500058,1,1,0,0,0,1,1,19,254,7,12,2013,7,20,40,0,4,2,US-5,,34,44.84146944,-72.26083056,0,1,0,0,1,1,0,4,2,1,0,1,0,0000000,20,43,20,55,21,12,0,0,0,1,0
50,500059,1,1,0,1,1,2,2,21,295,8,12,2013,1,1,20,0,4,5,FAS 0159 KILLINGTON RD.,,14,43.65115,-72.78935278,0,8,0,0,1,1,0,2,3,10,0,10,0,0000000,11,6,11,10,88,88,18,0,0,1,0
50,500060,2,2,0,0,0,2,2,7,120,9,12,2013,2,9,26,0,14,5,FAU-5009 VT 127,,32,44.52190278,-73.25378889,0,12,6,0,1,1,0,1,1,10,0,10,1,0000000,9,26,9,35,88,88,0,0,0,1,0
50,500061,2,2,0,0,0,2,2,1,2,17,12,2013,3,18,47,0,3,3,SR-22A,,57,44.11118333,-73.29432778,0,12,2,0,1,1,0,1,2,10,0,10,0,0000000,18,53,19,28,20,42,0,0,0,1,1
50,500062,2,2,0,0,0,3,3,15,202,19,12,2013,5,14,1,0,3,3,SR-100,,21,44.70326389,-72.559675,0,12,2,0,1,1,0,1,1,10,0,10,0,0000000,14,4,14,30,15,2,0,0,0,2,0
50,500063,2,2,0,0,0,2,2,23,430,11,12,2013,4,11,40,0,6,5,TH-61 LITTLE NORTHFIELD RD.,,99999,44.12399167,-72.71189167,0,12,2,0,1,1,0,1,1,10,0,10,0,0000000,11,41,11,52,12,21,0,0,0,1,0
51,510001,1,1,0,0,0,1,1,155,0,1,1,2013,3,0,30,0,4,4,CR-643,,44,37.07106389,-80.696825,0,1,0,1,18,1,0,1,2,1,10,10,0,0000000,99,99,99,99,88,88,0,0,0,1,1
51,510002,1,1,0,0,0,1,1,67,0,2,1,2013,4,16,34,0,5,4,CR-643,RT-821,18,36.99405,-79.95621944,0,53,0,0,1,1,0,4,1,1,10,10,0,0000000,4,38,4,44,5,31,0,0,0,1,0
51,510003,2,2,0,0,0,2,2,700,1720,3,1,2013,5,6,15,0,13,2,US-62,WARWICK BLVD,259,37.180775,-76.57018611,0,12,6,0,2,2,0,1,3,1,10,10,0,0000000,99,99,99,99,99,99,0,0,0,1,0
51,510004,1,1,0,1,1,1,1,33,0,3,1,2013,5,18,29,0,4,2,US-1,,1279,38.02978333,-77.51632222,0,8,0,0,1,1,0,1,2,1,10,10,0,0000000,99,99,99,99,99,99,0,0,0,1,0
51,510005,2,2,0,0,0,2,2,175,0,4,1,2013,6,10,46,1,2,2,US-58,,4474,36.65828056,-76.93346944,0,12,1,1,18,1,2,1,1,1,10,10,0,0000000,99,99,99,99,99,99,0,0,0,1,0
51,510006,1,1,0,0,0,1,1,41,0,4,1,2013,6,21,55,0,4,4,CR-654,,3,37.37656667,-77.50829167,0,42,0,0,1,1,0,4,2,1,10,10,0,0000000,9,56,10,3,99,99,0,0,0,1,1
51,510007,1,1,0,0,0,3,3,810,2540,5,1,2013,7,1,58,0,16,6,BAY COLONY DRIVE,,0,36.87451111,-75.98916389,0,1,0,0,1,1,0,1,3,1,10,10,0,0000000,99,99,99,99,99,99,0,0,0,1,1
51,510008,1,1,0,0,0,2,2,95,0,6,1,2013,1,19,39,0,6,4,CR-606,,53,37.38761389,-76.72231111,0,42,0,0,1,1,0,4,2,1,10,10,0,0000000,7,41,7,55,99,99,0,0,0,1,1
51,510009,1,1,0,0,0,2,2,5,0,9,1,2013,4,16,25,0,9,3,SR-18 POTTS CREEK ROAD,VINE PATCH ROAD,90,37.65124722,-80.13859167,0,42,0,0,3,4,0,4,1,1,10,10,0,0000000,99,99,99,99,99,99,0,0,0,1,0
51,510010,2,2,0,0,0,2,2,153,0,9,1,2013,4,5,18,1,2,2,US-15,STEPPING STONE DR,1966,38.82693611,-77.63338889,0,12,1,0,2,2,0,1,3,1,10,10,0,0000000,5,18,5,25,5,49,0,0,0,1,0
51,510011,1,1,0,0,0,1,1,31,0,9,1,2013,4,8,16,0,4,4,CR-621,,34,37.330225,-79.15037222,0,34,0,0,1,1,0,4,1,1,10,10,0,0000000,99,99,99,99,88,88,0,0,0,1,0
51,510012,1,1,0,0,0,1,1,79,0,11,1,2013,6,1,10,0,4,4,CR-604,,14,38.2874,-78.44031944,0,42,0,0,1,1,0,4,2,1,10,10,0,0000000,1,15,1,22,99,99,0,0,0,1,0
51,510013,1,1,0,0,0,1,1,710,1760,11,1,2013,6,2,21,0,13,2,US-60,,2865,36.92183889,-76.19215,0,33,0,0,1,1,0,4,3,1,10,10,0,0000000,99,99,99,99,88,88,0,0,0,1,1
51,510014,2,2,0,0,0,3,3,147,0,11,1,2013,6,15,45,1,2,2,US- 460,S GENITO ROAD,2641,37.23615,-78.2422,0,12,6,0,2,3,0,1,1,2,0,2,0,0000000,99,99,99,99,99,99,0,0,0,1,0
51,510015,1,1,0,0,0,2,2,15,0,13,1,2013,1,0,41,0,5,4,CR-778,,66,38.20861111,-78.88145556,0,42,0,0,1,1,0,4,2,5,0,5,0,0000000,99,99,99,99,99,99,0,0,0,1,0
51,510016,3,3,0,0,0,4,4,197,0,7,1,2013,2,14,15,0,4,3,SR-100,,115,36.90703889,-80.802,0,12,1,0,1,1,0,1,1,1,10,10,0,0000000,99,99,99,99,99,99,0,0,0,1,0
51,510017,1,1,0,0,0,1,1,117,0,12,1,2013,7,23,22,1,1,1,I-85,,0,36.71318889,-78.11357222,0,35,0,0,1,1,0,3,2,5,0,5,0,0000000,99,99,99,99,88,88,0,0,0,1,0
51,510018,1,1,0,0,0,1,1,173,0,16,1,2013,4,11,16,0,6,4,CR-11,,9,36.88098611,-81.373375,0,38,0,0,1,1,0,4,1,2,0,2,0,0000000,99,99,99,99,99,99,0,0,0,1,1
51,510019,3,3,0,0,0,3,3,167,0,14,1,2013,2,13,35,1,2,2,US-58,,678,36.834425,-82.21236667,0,59,0,0,1,1,0,3,1,2,0,2,0,0000000,1,41,1,55,99,99,14,0,0,1,0
51,510020,1,1,0,0,0,1,1,65,0,14,1,2013,2,23,30,0,6,4,CR-639,,44,37.83276111,-78.32999722,0,35,0,0,1,1,0,4,2,2,0,2,0,0000000,99,99,99,99,99,99,0,0,0,1,1
51,510021,1,1,0,0,0,1,1,47,0,19,1,2013,7,13,53,0,4,4,CR-663,STEVENSBURG RD,68,38.50009167,-77.89269722,0,35,0,0,3,4,0,4,1,1,10,10,0,0000000,1,53,1,59,88,88,20,0,0,1,0
51,510022,2,2,0,0,0,4,4,85,0,19,1,2013,7,18,18,0,14,3,SR-156,,567,37.58659167,-77.30809722,0,12,2,0,1,1,0,1,2,1,10,10,0,0000000,99,99,99,99,99,99,0,0,0,1,1
51,510023,1,1,0,0,0,1,1,135,0,21,1,2013,2,17,1,0,6,4,CR-605,,7,37.14131944,-77.95447222,0,42,0,0,1,1,0,4,5,1,10,10,0,0000000,99,99,99,99,88,88,0,0,0,1,0
51,510024,3,3,0,0,0,3,3,700,1720,18,1,2013,6,5,10,1,11,1,I-64,,4,37.03205833,-76.37378333,0,24,0,0,1,1,0,3,2,4,0,4,0,0000000,99,99,99,99,99,99,19,0,0,1,0
51,510025,2,2,0,0,0,2,2,59,0,22,1,2013,3,6,40,1,11,1,I-95 SOUTH,,1677,38.74771389,-77.18781111,0,12,1,0,1,1,4,1,4,1,10,10,0,0000000,99,99,99,99,99,99,0,0,0,1,1
51,510026,2,2,0,0,0,2,2,590,720,15,1,2013,3,17,45,0,4,5,E FRANKLIN TURNPIKE,FORESTDALE DR,0,36.62260833,-79.38115,0,12,6,0,2,3,0,1,2,2,0,2,0,0000000,5,38,5,40,99,99,0,0,0,1,0
51,510027,2,2,0,0,0,2,2,155,0,21,1,2013,2,16,16,0,3,3,SR-100,4TH STREET,289,37.10636389,-80.69185556,0,12,6,0,2,3,0,1,1,1,10,10,0,0000000,4,18,4,19,5,4,0,0,0,1,0