STATE,ST_CASE,VE_TOTAL,VE_FORMS,PVH_INVL,PEDS,PERNOTMVIT,PERMVIT,PERSONS,COUNTY,CITY,DAY,MONTH,YEAR,DAY_WEEK,HOUR,MINUTE,NHS,ROAD_FNC,ROUTE,TWAY_ID,TWAY_ID2,MILEPT,LATITUDE,LONGITUD,SP_JUR,HARM_EV,MAN_COLL,RELJCT1,RELJCT2,TYP_INT,WRK_ZONE,REL_ROAD,LGT_COND,WEATHER1,WEATHER2,WEATHER,SCH_BUS,RAIL,NOT_HOUR,NOT_MIN,ARR_HOUR,ARR_MIN,HOSP_HR,HOSP_MN,CF1,CF2,CF3,FATALS,DRUNK_DR
51,510028,2,2,0,0,0,2,2,165,0,22,1,2013,3,19,50,0,3,3,SR-42,BUTTERMILK CREEK RD,2315,38.50158889,-78.86951944,0,12,2,0,1,1,0,1,2,1,10,10,0,0000000,99,99,99,99,99,99,0,0,0,1,0
51,510029,2,2,0,0,0,2,2,85,0,13,1,2013,1,9,27,0,15,4,CR-643,KIWI LANE,15,37.62106111,-77.33988333,0,12,1,0,2,3,0,1,1,2,10,2,0,0000000,9,29,9,34,10,8,0,0,0,1,0
51,510030,2,2,0,0,0,2,2,810,2540,22,1,2013,3,6,56,0,3,6,400 PRINCESS ANNE RD,,32,36.58994722,-76.018225,0,12,2,0,1,1,0,1,4,1,10,10,0,0000000,99,99,99,99,99,99,0,0,0,1,0
51,510031,2,2,0,0,0,2,2,71,0,24,1,2013,5,8,34,1,2,2,US-460,GRILL RD,966,37.32059167,-80.65833611,0,12,6,0,2,2,0,1,1,1,10,10,0,0000000,99,99,99,99,99,99,0,0,0,1,0
51,510032,1,1,0,0,0,1,1,670,1290,24,1,2013,5,1,13,0,16,6,MOULTRIE ST,DANVILLE ST,0,37.29089722,-77.30824444,0,42,0,0,3,3,0,4,3,1,10,10,0,0000000,99,99,99,99,88,88,0,0,0,1,1
51,510033,1,1,0,0,0,1,1,69,0,24,1,2013,5,0,0,0,6,4,CR-600,,72,39.09219167,-78.426475,0,42,0,0,1,1,0,4,2,4,0,4,0,0000000,99,99,99,99,88,88,0,0,0,1,1
51,510034,2,2,0,0,0,3,3,195,2160,24,1,2013,5,21,5,1,2,2,US-839,,570,36.908625,-82.33162778,0,12,2,0,1,1,0,1,2,1,10,10,0,0000000,99,99,99,99,99,99,0,0,0,1,0
51,510035,1,1,0,0,0,4,4,27,0,24,1,2013,5,21,55,0,3,3,SR-80,,428,37.09808611,-82.13323889,0,1,0,0,1,1,0,4,2,1,10,10,0,0000000,99,99,99,99,99,99,0,0,0,2,1
51,510036,1,1,0,0,0,1,1,15,0,24,1,2013,5,0,30,0,4,2,US-11,,2216,37.95669444,-79.18156111,0,42,0,0,1,1,0,4,2,4,0,4,0,0000000,12,34,12,52,99,99,0,0,0,1,1
51,510037,3,3,0,0,0,3,3,161,0,23,1,2013,4,21,44,1,11,1,I-81,,1368,37.29547778,-80.09147222,0,12,1,1,18,1,1,1,2,1,10,10,0,0000000,9,43,9,50,2,40,0,0,0,1,0
51,510038,2,2,0,0,0,3,3,155,0,25,1,2013,6,11,53,1,2,2,US-11,,1035,37.12815278,-80.64654722,0,12,6,0,1,1,0,1,1,4,0,4,0,0000000,99,99,99,99,99,99,0,0,0,1,0
51,510039,1,1,0,0,0,2,2,85,0,13,1,2013,1,12,22,0,5,4,CR-610,,8,37.797275,-77.75663889,0,31,0,0,1,1,0,4,1,1,10,10,0,0000000,99,99,99,99,99,99,0,0,0,1,0
51,510040,3,3,0,0,0,3,3,15,0,28,1,2013,2,19,53,1,1,1,I-64,,909,38.11941667,-79.04610278,0,12,6,1,18,1,0,1,2,1,10,10,0,0000000,7,53,7,58,9,54,0,0,0,1,1
51,510041,2,2,0,0,0,2,2,117,0,29,1,2013,3,14,30,0,3,2,US-15,,9,36.5575,-78.54163889,0,12,2,0,1,1,0,1,1,1,10,10,0,0000000,99,99,99,99,88,88,0,0,0,1,0
51,510042,1,1,0,0,0,1,1,137,0,31,1,2013,5,0,25,0,6,4,CR-614,,8,38.31781667,-77.80576389,0,42,0,0,1,1,0,4,2,2,0,2,0,0000000,99,99,99,99,88,88,0,0,0,1,1
51,510043,2,2,0,0,0,2,2,15,0,29,1,2013,3,20,10,0,4,4,CR-664,,89,38.01167778,-78.94976111,0,12,1,0,1,1,0,1,2,1,10,10,0,0000000,8,12,8,21,99,99,23,0,0,1,1
51,510044,1,1,0,1,1,1,1,710,1760,30,1,2013,4,18,41,1,13,3,SR-168,NORVIEW AVE,264,36.8918,-76.25804167,0,15,0,0,3,3,0,1,3,1,10,10,0,0000000,99,99,99,99,99,99,0,0,0,1,0
51,510045,1,1,0,1,1,0,0,590,720,17,1,2013,5,11,37,0,5,5,BLAIR LOOP RD,,0,36.59253889,-79.44778611,0,8,0,0,1,1,0,1,1,2,0,2,0,0000000,99,99,99,99,99,99,0,0,0,1,0
51,510046,1,1,0,0,0,3,3,87,0,22,1,2013,3,16,9,0,15,6,OAKLEYS LANE,,0,37.54052778,-77.35171944,0,34,0,0,1,1,0,4,1,1,10,10,0,0000000,4,0,4,9,4,32,20,0,0,1,0
51,510047,2,2,0,0,0,2,2,89,0,30,1,2013,4,20,10,0,4,4,CR-87,,73,36.68731111,-80.00210278,0,12,2,0,1,1,0,1,2,2,0,2,0,0000000,99,99,99,99,99,99,0,0,0,1,1
51,510048,1,1,0,0,0,1,1,700,1720,4,1,2013,6,17,43,0,15,6,HIDEN BLVD,,7,37.06615,-76.50658333,0,33,0,0,1,1,0,3,3,1,10,10,0,0000000,17,47,17,49,18,4,0,0,0,1,1
51,510049,1,1,0,1,1,1,1,153,0,31,1,2013,5,10,23,0,16,4,CR-1451,,1,38.55054444,-77.32876111,0,8,0,0,1,1,0,1,1,1,10,10,0,0000000,99,99,99,99,99,99,0,0,0,1,0
51,510050,1,1,0,0,0,1,1,790,2330,15,1,2013,3,15,14,0,14,3,SR-261,,6,38.14269167,-79.06198056,0,33,0,0,1,1,0,4,1,2,0,2,0,0000000,3,16,3,22,3,50,0,0,0,1,0
51,510051,1,1,0,0,0,1,1,89,0,1,2,2013,6,9,20,0,6,4,CR-677,,8,36.72502222,-80.08128889,0,42,0,0,1,1,0,4,1,1,10,10,0,0000000,99,99,99,99,88,88,0,0,0,1,1
51,510052,1,1,0,0,0,1,1,187,0,1,2,2013,6,0,30,0,5,4,CR-658,,43,39.00231389,-78.12256111,0,35,0,0,1,1,0,4,2,1,10,10,0,0000000,99,99,99,99,88,88,0,0,0,1,1
51,510053,1,1,0,0,0,1,1,145,0,3,2,2013,1,23,15,0,5,4,CR-684,,0,37.57215278,-77.97292222,0,31,0,0,1,1,0,4,2,1,10,10,0,0000000,99,99,99,99,88,88,0,0,0,1,0
51,510054,1,1,0,0,0,1,1,67,0,4,2,2013,2,21,56,0,4,4,CR-919,,14,37.01848611,-79.90796667,0,42,0,0,1,1,0,4,2,1,10,10,0,0000000,10,4,10,10,11,13,0,0,0,1,0
51,510055,1,1,0,0,0,1,1,810,2540,6,2,2013,4,18,54,1,12,2,US-13,,4,36.897075,-76.14750278,0,24,0,1,5,1,0,4,3,1,10,10,0,0000000,7,3,7,38,88,88,0,0,0,1,0
51,510056,1,1,0,0,0,1,1,191,0,8,2,2013,6,3,0,0,4,3,SR-80,,27,36.80169722,-81.89584722,0,23,0,0,1,1,0,4,2,1,10,10,0,0000000,3,32,3,50,4,42,0,0,0,1,0
51,510057,1,1,0,1,1,1,1,87,0,7,2,2013,5,21,8,0,15,4,CR-,REYNOLDS ROAD,6,37.57114444,-77.38857222,0,8,0,0,3,2,0,1,2,2,0,2,0,0000000,99,99,99,99,99,99,0,0,0,1,0
51,510058,2,2,0,0,0,3,3,89,0,7,2,2013,5,18,40,0,3,2,US-58,RT-695,2555,36.61985833,-80.00735278,0,12,6,0,2,3,0,1,2,2,0,2,0,0000000,99,99,99,99,99,99,0,0,0,1,1
51,510059,2,2,0,0,0,2,2,770,2100,8,2,2013,6,5,33,0,14,3,SR-24,,14,37.27300833,-79.9153,0,12,1,0,1,1,0,1,3,1,10,10,0,0000000,5,33,5,37,5,50,0,0,0,1,0
51,510060,1,1,0,0,0,2,2,760,2060,9,2,2013,7,23,18,0,14,3,SR-147,,84,37.56648889,-77.51094167,0,42,0,0,1,1,0,4,2,1,10,10,0,0000000,99,99,99,99,88,88,0,0,0,2,1
51,510061,1,1,0,1,1,1,1,175,0,10,2,2013,1,1,23,1,2,2,US-460,,3551,36.90249167,-76.88678333,0,8,0,0,1,1,0,1,2,1,10,10,0,0000000,99,99,99,99,99,99,0,0,0,1,0
51,510062,1,1,0,1,1,1,1,69,0,10,2,2013,1,19,28,1,2,2,US-522,,1385,39.19965556,-78.16378333,0,8,0,0,1,1,0,1,2,1,10,10,0,0000000,99,99,99,99,88,88,0,0,0,1,0
51,510063,1,1,0,0,0,4,4,730,1910,10,2,2013,1,6,2,1,2,2,US-301,,518,37.22363611,-77.38502222,0,33,0,0,1,1,0,4,3,1,10,10,0,0000000,99,99,99,99,99,99,0,0,0,1,0
51,510064,2,2,0,0,0,3,3,153,0,4,2,2013,2,14,8,0,14,4,CR-600,JEFFERSON DAVIS HWY,0,38.62095278,-77.282775,0,12,6,0,2,4,0,1,1,1,10,10,0,0000000,99,99,99,99,99,99,0,0,0,1,0
51,510065,1,1,0,1,1,1,1,760,2060,9,2,2013,7,2,18,1,13,2,US-360,,1380,37.51003889,-77.46238333,0,8,0,0,1,1,0,1,2,1,10,10,0,0000000,99,99,99,99,99,99,0,0,0,1,0
51,510066,1,1,0,0,0,2,2,53,0,13,2,2013,4,3,37,1,2,2,US-1,,2968,37.07784722,-77.58717222,0,33,0,0,1,1,0,4,3,1,10,10,0,0000000,99,99,99,99,99,99,20,0,0,1,0
51,510067,1,1,0,0,0,1,1,650,1180,16,2,2013,7,0,37,1,11,1,I-64,,2711,37.01263333,-76.32363889,0,25,0,0,1,1,0,3,3,1,10,10,0,0000000,12,39,12,47,1,13,0,0,0,1,1
51,510068,1,1,0,0,0,2,2,810,2540,14,2,2013,5,13,15,1,2,2,US-60,,298,36.91971944,-76.02296667,0,42,0,0,1,1,0,4,1,1,10,10,0,0000000,99,99,99,99,99,99,0,0,0,1,0
51,510069,5,2,3,0,0,2,2,520,300,15,2,2013,6,20,43,0,15,6,STATE STREET,,14,36.59498333,-82.18474167,0,12,6,0,1,1,0,7,3,1,10,10,0,0000000,99,99,99,99,99,99,14,0,0,1,1
51,510070,2,2,0,0,0,4,4,15,0,16,2,2013,7,19,24,0,4,3,SR-608,,141,38.10228056,-79.19342778,0,12,2,0,1,1,0,1,2,4,0,4,0,0000000,7,10,7,15,8,34,0,0,0,1,0
51,510071,1,1,0,0,0,1,1,63,0,17,2,2013,1,0,30,0,3,2,US-221,,570,36.88386667,-80.36561667,0,24,0,0,1,1,0,4,2,1,10,10,0,0000000,0,36,0,42,1,50,0,0,0,1,1
51,510072,1,1,0,1,1,1,1,95,0,16,2,2013,7,23,9,0,16,4,CR-615,,37,37.28365278,-76.73555278,0,8,0,0,1,1,0,1,3,4,2,4,0,0000000,99,99,99,99,99,99,0,0,0,1,0
51,510073,2,2,0,0,0,2,2,137,0,20,2,2013,4,10,20,0,3,2,US-33,,685,38.16016944,-78.25513611,0,12,2,0,1,1,0,1,1,1,10,10,0,0000000,99,99,99,99,99,99,0,0,0,1,1
51,510074,1,1,0,0,0,1,1,143,0,23,2,2013,7,19,33,1,2,2,US-58,,2786,36.63516667,-79.66351667,0,43,0,0,1,1,0,4,2,1,10,10,0,0000000,99,99,99,99,88,88,0,0,0,1,1
51,510075,1,1,0,0,0,2,2,187,0,23,2,2013,7,22,45,1,1,1,I-66,,22,38.99595278,-78.26153889,0,35,0,0,1,1,0,3,2,1,10,10,0,0000000,22,57,23,3,23,30,0,0,0,1,1
51,510076,1,1,0,0,0,1,1,65,0,22,2,2013,6,9,53,0,3,2,US-15,,1203,37.96981944,-78.22016111,0,59,0,0,1,1,0,2,1,2,0,2,0,0000000,99,99,99,99,88,88,0,0,0,1,0
51,510077,2,2,0,0,0,2,2,680,1490,25,2,2013,2,17,31,0,14,2,US-501,,38,37.41362222,-79.17727222,0,12,1,0,1,1,0,1,1,1,10,10,0,0000000,17,33,17,36,17,55,0,0,0,1,0
51,510078,1,1,0,0,0,1,1,171,0,24,2,2013,1,14,0,0,4,3,SR-263,,77,38.76662222,-78.72363611,0,31,0,0,1,1,0,4,1,1,10,10,0,0000000,14,11,14,32,88,88,0,0,0,1,1
51,510079,1,1,0,0,0,1,1,29,0,28,2,2013,5,0,16,0,3,3,SR-20,,61,37.37235,-78.29246944,0,42,0,0,1,1,0,6,2,1,10,10,0,0000000,99,99,99,99,88,88,0,0,0,1,1
51,510080,1,1,0,0,0,2,2,109,0,24,2,2013,1,14,3,0,3,2,US-33,,1052,37.86622778,-77.76998056,0,38,0,0,1,1,0,4,1,1,10,10,0,0000000,99,99,99,99,99,99,0,0,0,1,0
51,510081,1,1,0,0,0,1,1,87,0,28,2,2013,5,3,0,1,1,1,I-295 SOUTH,,298,37.45493611,-77.31928889,0,59,0,0,1,1,0,2,2,1,10,10,0,0000000,99,99,99,99,88,88,0,0,0,1,1
51,510083,1,1,0,0,0,1,1,103,0,27,2,2013,4,19,32,0,4,3,SR-354,,61,37.65935833,-76.51473611,0,1,0,0,1,1,0,4,2,1,10,10,0,0000000,99,99,99,99,88,88,0,0,0,1,1
51,510084,1,1,0,0,0,3,3,59,0,23,2,2013,7,3,2,0,14,3,SR-228,DRANESVILLE DR,37,39.00366389,-77.37424444,0,33,0,0,3,3,0,4,2,2,0,2,0,0000000,99,99,99,99,99,99,0,0,0,1,0
51,510085,1,1,0,0,0,2,2,165,0,5,2,2013,3,15,33,0,6,4,CR-756,,22,38.41843889,-79.07128889,0,38,0,0,1,1,0,4,1,1,10,10,0,0000000,99,99,99,99,99,99,0,0,0,1,1
51,510086,1,1,0,0,0,1,1,199,0,28,2,2013,5,20,20,1,11,1,I-64,,2398,37.29922222,-76.68035556,0,42,0,0,1,1,0,6,2,1,10,10,0,0000000,20,20,20,28,20,46,0,0,0,1,1
51,510087,1,1,0,0,0,1,1,75,0,1,3,2013,6,23,56,0,4,4,CR-621,,93,37.68865833,-77.70998333,0,35,0,0,1,1,0,4,2,1,10,10,0,0000000,0,6,0,6,88,88,0,0,0,1,1
51,510088,1,1,0,0,0,1,1,121,0,1,3,2013,6,8,46,0,6,4,CR-720,,2,37.14217778,-80.48856389,0,42,0,0,1,1,0,4,1,1,10,10,0,0000000,8,47,8,59,88,88,0,0,0,1,0
51,510089,2,2,0,0,0,5,5,51,0,1,3,2013,6,18,30,0,3,3,SR-83,,43,37.13406389,-82.54928889,0,24,0,0,1,1,0,4,2,3,0,3,0,0000000,99,99,99,99,99,99,0,0,0,2,1
51,510090,1,1,0,0,0,1,1,67,0,1,3,2013,6,8,50,0,4,4,CR-697,,83,37.09068333,-79.83595,0,42,0,0,1,1,0,4,1,1,10,10,0,0000000,99,99,99,99,88,88,0,0,0,1,0
51,510091,1,1,0,0,0,1,1,101,0,3,3,2013,1,0,50,0,6,4,CR-629,,47,37.68840833,-77.05061667,0,35,0,0,1,1,0,6,2,1,10,10,0,0000000,99,99,99,99,99,99,0,0,0,1,1
51,510092,1,1,0,0,0,1,1,760,2060,1,3,2013,6,7,0,1,12,3,SR-146,,6,37.54964722,-77.48125,0,42,0,0,1,1,0,3,2,1,10,10,0,0000000,99,99,99,99,88,88,0,0,0,1,1
51,510093,1,1,0,1,1,1,1,760,2060,2,3,2013,7,1,43,1,13,2,US-360,,1361,37.492325,-77.48874167,0,8,0,0,1,1,0,1,3,1,10,10,0,0000000,99,99,99,99,99,99,0,0,0,1,0
51,510094,3,3,0,0,0,3,3,139,0,4,3,2013,2,16,22,1,2,2,US-211,,55,38.642075,-78.60441389,0,12,1,0,1,1,0,1,1,1,10,10,0,0000000,99,99,99,99,88,88,0,0,0,1,0
51,510095,1,1,0,0,0,1,1,121,0,2,3,2013,7,19,52,1,11,1,I-81,,1132,37.114775,-80.43419167,0,34,0,1,19,1,0,3,2,1,10,10,0,0000000,99,99,99,99,88,88,0,0,0,1,1
51,510096,1,1,0,0,0,2,2,11,0,3,3,2013,1,23,40,0,4,4,CR-692,,22,37.42803889,-78.716475,0,34,0,0,1,1,0,4,2,1,10,10,0,0000000,23,27,23,45,23,52,0,0,0,1,1
51,510097,2,2,0,0,0,2,2,165,0,5,3,2013,3,9,4,0,4,2,US-11,,2720,38.54755,-78.7623,0,59,0,0,1,1,0,4,1,1,10,10,0,0000000,99,99,99,99,99,99,0,0,0,1,1
51,510098,2,2,0,0,0,3,3,59,0,4,3,2013,2,12,24,0,14,4,CR-289,I-95,17,38.76900278,-77.18362778,0,12,6,1,2,3,0,1,1,1,10,10,0,0000000,99,99,99,99,99,99,0,0,0,1,0
51,510099,2,2,0,1,1,2,2,710,1760,5,3,2013,3,20,7,0,14,3,SR-247,,25,36.87708333,-76.26123889,0,8,0,0,1,1,0,1,3,2,0,2,0,0000000,99,99,99,99,99,99,0,0,0,1,0
51,510100,1,1,0,0,0,3,3,810,2540,2,3,2013,7,17,24,0,16,6,2800 ANSOL LANE,ARMON AVE,99999,36.83698889,-76.07045278,0,42,0,0,1,1,0,4,5,1,10,10,0,0000000,99,99,99,99,99,99,0,0,0,1,1
51,510101,3,3,0,0,0,3,3,61,0,4,3,2013,2,11,46,1,2,2,US-17,SUMERDUCK RD,1945,38.45615833,-77.66268889,0,12,6,0,2,3,0,1,1,1,10,10,0,0000000,11,46,11,55,12,40,0,0,0,1,0
51,510102,1,1,0,0,0,1,1,810,2540,2,3,2013,7,16,16,0,3,6,520 PRINCESS ANNE RD,,35,36.59515278,-76.01874722,0,53,0,0,1,1,0,4,1,1,10,10,0,0000000,16,18,16,20,17,9,0,0,0,1,0
51,510103,1,1,0,0,0,1,1,167,0,7,3,2013,5,2,40,0,6,9,CRUMS CHURCH ROAD,,99999,37.06770556,-81.92864444,0,35,0,0,1,1,0,4,2,1,10,10,0,0000000,2,46,3,8,5,6,0,0,0,1,0
51,510104,1,1,0,0,0,1,1,153,0,9,3,2013,7,10,12,0,4,9,RUSSELL RD,I-95,99999,38.52248333,-77.37155833,0,1,0,0,2,3,0,1,1,1,10,10,0,0000000,99,99,99,99,88,88,0,0,0,1,0
51,510105,2,2,0,0,0,2,2,23,0,7,3,2013,5,23,30,1,2,2,US-460,,1064,37.349075,-79.84226944,0,12,2,0,1,1,0,1,2,1,10,10,0,0000000,99,99,99,99,99,99,0,0,0,1,1
51,510106,1,1,0,0,0,3,3,13,0,10,3,2013,1,4,58,1,2,2,US-29,,8,38.89915278,-77.07182222,0,33,0,0,1,1,0,3,3,1,10,10,0,0000000,99,99,99,99,99,99,0,0,0,1,1
51,510107,1,1,0,0,0,1,1,11,0,10,3,2013,1,15,10,0,6,4,CR-638,,37,37.24601111,-78.69123333,0,53,0,0,1,1,0,4,1,1,10,10,0,0000000,15,10,15,25,16,56,0,0,0,1,0
51,510108,1,1,0,0,0,2,2,25,0,10,3,2013,1,4,23,1,1,1,I-85,,253,36.80778889,-77.9782,0,35,0,0,1,1,0,3,3,1,10,10,0,0000000,99,99,99,99,99,99,0,0,0,1,0
51,510109,1,1,0,0,0,1,1,171,0,9,3,2013,7,1,50,0,5,4,CR-617,,9,38.65503333,-78.69597778,0,35,0,0,1,1,0,4,2,1,10,10,0,0000000,99,99,99,99,88,88,0,0,0,1,0
51,510110,1,1,0,1,1,1,1,87,0,11,3,2013,2,0,59,0,14,4,CR-157,FAIRLAKE LN,3,37.64903889,-77.55431389,0,8,0,0,3,2,0,1,2,1,10,10,0,0000000,99,99,99,99,99,99,0,0,0,1,0
51,510111,1,1,0,0,0,2,2,700,1720,3,3,2013,1,23,30,1,13,3,SR-143,,202,37.13737778,-76.51906667,0,5,0,1,18,1,0,1,3,1,10,10,0,0000000,99,99,99,99,99,99,0,0,0,1,0
51,510112,1,1,0,0,0,1,1,137,0,10,3,2013,1,3,20,0,4,4,CR-612,,53,38.15648611,-78.00006944,0,42,0,0,1,1,0,4,2,1,10,10,0,0000000,99,99,99,99,88,88,0,0,0,1,1
51,510113,1,1,0,0,0,2,2,35,0,12,3,2013,3,9,10,0,4,3,SR-94,,152,36.78745,-80.982575,0,42,0,0,1,1,0,4,1,1,10,10,0,0000000,99,99,99,99,99,99,0,0,0,1,0
51,510114,1,1,0,0,0,1,1,27,0,12,3,2013,3,15,0,0,3,3,SR-80,,434,37.10295833,-82.13620278,0,59,0,0,1,1,0,5,1,1,10,10,0,0000000,99,99,99,99,88,88,0,0,0,1,1
51,510115,1,1,0,0,0,1,1,45,0,13,3,2013,4,9,10,0,4,3,SR-311,,161,37.42743056,-80.14114167,0,30,0,0,1,1,0,4,1,1,10,10,0,0000000,9,12,9,26,88,88,0,0,0,1,0
51,510116,1,1,0,0,0,2,2,169,0,7,3,2013,5,18,35,0,4,4,CR-671,,130,36.80319444,-82.45609167,0,35,0,0,1,1,0,4,5,1,10,10,0,0000000,18,40,19,11,20,42,0,0,0,1,0
51,510117,3,3,0,0,0,6,6,153,0,14,3,2013,5,17,18,1,11,1,I-95 SOUTH,,0,38.569375,-77.33403056,0,12,1,0,1,1,0,1,1,1,10,10,0,0000000,99,99,99,99,99,99,0,0,0,1,0
51,510118,2,2,0,0,0,4,4,710,1760,13,3,2013,4,11,0,0,14,3,SR-247,3700 NANSEMOND CIRCLE,39,36.88548056,-76.24455833,0,12,6,0,2,2,0,1,1,1,10,10,0,0000000,99,99,99,99,99,99,0,0,0,1,1
51,510119,1,1,0,0,0,3,3,71,0,16,3,2013,7,16,19,1,11,1,I-95 HOV,,1530,37.31435833,-80.46578889,0,42,0,0,1,1,0,4,1,1,10,10,0,0000000,99,99,99,99,99,99,0,0,0,1,0
51,510120,1,1,0,0,0,1,1,143,0,17,3,2013,1,2,50,0,4,4,CR-640,,38,36.75081111,-79.33323889,0,1,0,0,1,1,0,4,2,5,0,5,0,0000000,4,20,4,25,88,88,0,0,0,1,1
51,510121,1,1,0,0,0,1,1,810,2540,13,3,2013,4,9,43,0,4,6,BLACKWATER RD,,15,36.57203611,-76.07636389,0,34,0,0,1,1,0,4,1,1,10,10,0,0000000,10,3,10,13,99,99,0,0,0,1,0
51,510122,2,2,0,0,0,2,2,69,0,18,3,2013,2,17,33,1,1,1,I-81 SOUTH,,3009,39.00922222,-78.29838889,0,12,6,1,18,1,0,1,1,3,0,3,0,0000000,17,38,17,42,18,37,0,0,0,1,0
51,510123,1,1,0,1,1,1,1,87,0,17,3,2013,1,21,30,0,3,4,CR-615,,28,37.5749,-77.34076389,0,8,0,0,1,1,0,1,2,3,0,3,0,0000000,99,99,99,99,99,99,0,0,0,1,0
51,510124,3,3,0,0,0,3,3,810,2540,19,3,2013,3,11,31,0,14,6,1300 LONDON BRIDGE RD,SHIPPS CORNER RD,0,36.79245833,-76.06746389,0,12,6,0,2,2,0,1,1,1,10,10,0,0000000,99,99,99,99,99,99,0,0,0,1,0
51,510125,1,1,0,1,1,1,1,710,1760,16,3,2013,7,19,27,0,14,3,SR-168,,278,36.91170833,-76.25535833,0,8,0,0,1,1,0,1,3,1,10,10,0,0000000,99,99,99,99,99,99,0,0,0,1,0
51,510126,2,2,0,1,1,2,2,59,0,6,3,2013,4,21,50,0,14,4,CR-650,,42,38.880075,-77.22760833,0,8,0,0,1,1,0,1,3,1,10,10,0,0000000,99,99,99,99,99,99,0,0,0,1,0
51,510127,1,1,0,0,0,1,1,33,0,20,1,2013,1,13,39,0,5,4,CR-661,,18,38.05798611,-77.52828333,0,5,0,0,1,1,0,1,1,1,10,10,0,0000000,1,36,1,42,2,17,0,0,0,1,0
51,510128,2,2,0,0,0,2,2,47,0,22,3,2013,6,21,30,0,3,2,US-522,,788,38.51278056,-78.06491111,0,12,8,0,1,1,0,1,2,1,10,10,0,0000000,99,99,99,99,99,99,0,0,0,1,1
51,510129,2,2,0,0,0,2,2,810,2540,22,3,2013,6,16,38,0,14,6,HOLLAND ROAD,CHESTNUT OAK WAY,47,36.77703889,-76.07136389,0,12,8,0,2,3,0,1,1,1,10,10,0,0000000,99,99,99,99,99,99,0,0,0,1,0
51,510130,1,1,0,0,0,2,2,7,0,23,3,2013,7,20,55,0,6,4,CR-607,,17,37.2608,-78.00776111,0,42,0,0,1,1,0,4,2,1,10,10,0,0000000,21,6,21,6,99,99,0,0,0,1,0
51,510131,1,1,0,0,0,2,2,175,0,24,3,2013,1,19,0,0,4,4,CR-671,,94,36.645825,-77.02429444,0,34,0,0,1,1,0,4,2,3,0,3,0,0000000,99,99,99,99,99,99,7,0,0,1,0
51,510132,1,1,0,0,0,1,1,41,0,11,3,2013,2,23,4,0,14,4,CR-637,,55,37.45306944,-77.46890833,0,32,0,0,1,1,0,4,3,1,10,10,0,0000000,23,5,23,9,23,53,0,0,0,1,0
51,510133,1,1,0,0,0,5,5,125,0,24,3,2013,1,20,23,0,5,4,CR-671,,53,37.68156389,-78.92741111,0,42,0,0,1,1,0,4,2,4,0,4,0,0000000,99,99,99,99,99,99,0,0,0,1,0
51,510134,1,1,0,0,0,1,1,191,0,25,3,2013,2,23,10,0,4,4,CR-633,,93,36.67595556,-82.166725,0,18,0,0,1,1,0,4,2,4,0,4,0,0000000,99,99,99,99,99,99,0,0,0,1,0
51,510135,1,1,0,0,0,1,1,143,0,23,3,2013,7,21,0,0,4,3,SR-668,,148,37.09911111,-79.28045278,0,35,0,0,1,1,0,4,2,1,10,10,0,0000000,99,99,99,99,88,88,0,0,0,1,0
51,510136,1,1,0,0,0,2,2,165,0,24,3,2013,1,15,20,0,6,4,CR-607,,36,38.432025,-78.562375,0,30,0,0,1,1,0,4,1,4,0,4,0,0000000,99,99,99,99,99,99,0,0,0,1,1
51,510137,1,1,0,0,0,1,1,3,0,27,3,2013,4,18,20,0,3,3,SR-20,,320,37.95199722,-78.53056389,0,42,0,0,1,1,0,4,1,1,10,10,0,0000000,99,99,99,99,88,88,0,0,0,1,1
51,510138,2,2,0,0,0,2,2,740,1970,11,3,2013,2,6,22,0,14,6,901 PORT CENTRE PKWY,EDWARDS STREET,1,36.82310556,-76.29773056,0,12,6,0,2,2,0,1,3,1,10,10,0,0000000,99,99,99,99,99,99,0,0,0,1,0
51,510139,11,11,0,0,0,16,16,35,0,31,3,2013,1,13,15,1,1,1,I-77,,66,36.64143056,-80.71471389,0,35,0,0,1,1,0,4,1,5,0,5,0,0000000,99,99,99,99,99,99,19,0,0,2,0
51,510140,2,2,0,0,0,2,2,177,0,27,3,2013,4,21,5,0,6,4,CR-628,,22,38.215475,-77.54897222,0,12,2,0,1,1,0,1,2,1,10,10,0,0000000,99,99,99,99,99,99,0,0,0,1,0
51,510141,2,2,0,0,0,2,2,3,0,29,3,2013,6,15,51,0,4,3,SR-6,,299,37.82538056,-78.61192222,0,12,2,0,1,1,0,1,1,1,10,10,0,0000000,15,51,99,99,99,99,0,0,0,1,1
51,510142,1,1,0,0,0,1,1,111,0,19,2,2013,3,4,30,0,4,3,SR-174,,10,36.95419167,-78.108425,0,19,0,0,1,1,0,4,2,1,10,10,0,0000000,4,46,4,57,88,88,0,0,0,1,0