STATE,ST_CASE,VE_TOTAL,VE_FORMS,PVH_INVL,PEDS,PERNOTMVIT,PERMVIT,PERSONS,COUNTY,CITY,DAY,MONTH,YEAR,DAY_WEEK,HOUR,MINUTE,NHS,ROAD_FNC,ROUTE,TWAY_ID,TWAY_ID2,MILEPT,LATITUDE,LONGITUD,SP_JUR,HARM_EV,MAN_COLL,RELJCT1,RELJCT2,TYP_INT,WRK_ZONE,REL_ROAD,LGT_COND,WEATHER1,WEATHER2,WEATHER,SCH_BUS,RAIL,NOT_HOUR,NOT_MIN,ARR_HOUR,ARR_MIN,HOSP_HR,HOSP_MN,CF1,CF2,CF3,FATALS,DRUNK_DR
51,510143,1,1,0,0,0,3,3,117,0,28,3,2013,5,21,15,1,2,2,US-58,WATKINS RD,3790,36.69899167,-78.07405,0,59,0,0,1,1,0,2,2,1,10,10,0,0000000,99,99,99,99,99,99,0,0,0,1,0
51,510144,2,2,0,0,0,2,2,740,1970,29,3,2013,6,2,3,1,11,1,I-264,,62,36.83168056,-76.30128056,0,12,1,1,18,1,0,1,3,1,10,10,0,0000000,99,99,99,99,99,99,0,0,0,1,1
51,510145,2,2,0,0,0,2,2,810,2540,29,3,2013,6,7,24,0,14,6,FIRST COLONIAL RD,OLD DONATION PARKWAY,16,36.86558333,-76.02896667,0,12,6,0,2,2,0,1,1,1,10,10,0,0000000,99,99,99,99,99,99,0,0,0,1,0
51,510146,2,2,0,0,0,1,1,630,1020,31,3,2013,1,0,3,1,1,1,I-95 NORTH,,1313,38.31085278,-77.50256667,0,12,1,0,1,1,0,2,2,1,10,10,0,0000000,0,3,0,11,0,41,0,0,0,1,0
51,510147,2,2,0,0,0,2,2,59,0,28,2,2013,5,0,24,1,13,1,I-495,SR-236,58,38.8343,-77.21815,0,12,2,1,18,1,0,1,2,1,10,10,0,0000000,0,26,0,30,99,99,20,0,0,1,0
51,510148,3,3,0,0,0,3,3,35,0,31,3,2013,1,13,15,1,1,1,I-77,,64,36.64153333,-80.71467222,0,12,1,1,18,1,0,1,1,5,0,5,0,0000000,99,99,99,99,99,99,0,0,0,1,0
51,510149,1,1,0,0,0,1,1,41,0,31,3,2013,1,1,38,0,4,4,CR-621,,50,37.31405278,-77.51178889,0,32,0,0,1,1,0,4,2,1,10,10,0,0000000,99,99,99,99,88,88,0,0,0,1,1
51,510150,1,1,0,0,0,2,2,85,0,31,3,2013,1,4,0,1,1,1,I-95,,894,37.65828889,-77.44211111,0,1,0,0,1,1,0,4,2,1,10,10,0,0000000,99,99,99,99,99,99,0,0,0,1,1
51,510151,2,2,0,0,0,3,3,41,0,29,3,2013,6,18,42,1,13,2,US-60,MOOREFIELD PARK DR,1657,37.50374722,-77.57529444,0,12,6,0,2,2,0,1,1,1,10,10,0,0000000,18,54,19,2,19,27,0,0,0,1,0
51,510152,1,1,0,0,0,4,4,35,0,30,3,2013,7,15,15,1,1,1,I-77,,29,36.77950278,-80.82576667,0,35,0,0,1,1,0,4,1,1,10,10,0,0000000,99,99,99,99,99,99,0,0,0,1,0
51,510153,1,1,0,0,0,1,1,810,2540,30,3,2013,7,2,45,1,11,1,I-264 WEST,,229,36.84380833,-76.03055278,0,24,0,0,1,1,0,4,3,1,10,10,0,0000000,99,99,99,99,99,99,0,0,0,1,1
51,510154,1,1,0,0,0,4,4,590,720,22,3,2013,6,11,36,1,2,2,US-58,,65,36.57998333,-79.43390556,0,33,0,0,1,1,0,4,1,1,10,10,0,0000000,99,99,99,99,99,99,0,0,0,1,0
51,510155,1,1,0,0,0,1,1,171,0,2,3,2013,7,23,30,0,4,4,CR-675,,87,38.85417222,-78.60463611,0,42,0,0,1,1,0,4,2,1,10,10,0,0000000,23,44,23,55,0,28,0,0,0,1,1
51,510156,2,2,0,1,1,2,2,710,1760,16,3,2013,7,20,31,0,15,6,700 COLONIAL AVE,500 BOISSEVAIN AVE,0,36.85965833,-76.29613333,0,8,0,0,3,2,0,1,2,2,0,2,0,0000000,99,99,99,99,99,99,15,0,0,1,0
51,510157,2,2,0,0,0,3,3,15,0,4,4,2013,5,22,42,1,1,1,I-81,,2353,38.28089167,-78.9352,0,12,6,0,1,1,0,1,2,2,0,2,0,0000000,99,99,99,99,99,99,0,0,0,2,0
51,510158,1,1,0,0,0,2,2,171,0,4,4,2013,5,22,20,1,11,1,I-81,,2673,38.65958611,-78.66939444,0,1,0,0,1,1,0,2,1,2,0,2,0,0000000,99,99,99,99,88,88,0,0,0,2,0
51,510159,1,1,0,2,2,1,1,197,0,5,4,2013,6,3,50,0,6,5,RT-11,,48,36.94342222,-80.96093333,0,8,0,0,1,1,0,1,2,2,0,2,0,0000000,99,99,99,99,88,88,0,0,0,1,0
51,510160,1,1,0,0,0,9,9,175,0,5,4,2013,6,7,2,1,2,2,US-58,,4235,36.70730556,-77.14440833,0,32,0,0,1,1,0,4,1,1,10,10,0,0000000,99,99,99,99,99,99,0,0,0,1,0
51,510161,2,2,0,1,1,2,2,3,0,29,3,2013,6,19,48,0,3,2,US-250,BROWNSVILLE RD,833,38.05110278,-78.696075,0,8,0,0,3,3,0,1,1,1,10,10,0,0000000,99,99,99,99,88,88,0,0,0,1,0
51,510162,2,2,0,0,0,5,5,25,0,2,4,2013,3,5,42,1,2,1,I-85,,261,36.838275,-77.92534167,0,12,2,1,18,1,0,1,2,1,10,10,0,0000000,99,99,99,99,99,99,0,0,0,5,1
51,510163,3,3,0,0,0,5,5,23,0,6,4,2013,7,17,58,0,4,2,US-11,,1689,37.4467,-79.858675,0,12,2,0,1,1,0,1,1,1,10,10,0,0000000,99,99,99,99,99,99,0,0,0,2,1
51,510164,1,1,0,0,0,2,2,65,0,6,4,2013,7,0,8,0,6,4,CR-640,,21,37.76227222,-78.37220556,0,42,0,0,1,1,0,4,2,1,10,10,0,0000000,99,99,0,28,88,88,0,0,0,2,1
51,510165,1,1,0,0,0,4,4,149,0,6,4,2013,7,0,25,0,6,6,TIMBER RD,,16,37.16278889,-77.3477,0,42,0,0,1,1,0,4,2,1,10,10,0,0000000,99,99,99,99,99,99,0,0,0,1,1
51,510166,1,1,0,0,0,1,1,87,0,7,4,2013,1,17,15,0,4,4,CR-37,,11,37.47777222,-77.317,0,42,0,0,1,1,0,4,1,1,10,10,0,0000000,17,19,17,25,88,88,0,0,0,1,0
51,510167,1,1,0,0,0,1,1,93,0,7,4,2013,1,16,17,0,3,2,US-258,,195,36.72041389,-76.88274167,0,5,0,0,1,1,0,1,1,1,10,10,0,0000000,99,99,99,99,88,88,0,0,0,1,0
51,510168,1,1,0,0,0,1,1,760,2060,8,4,2013,2,12,36,0,16,6,WALMSLEY BLVD,,39,37.46086111,-77.44421389,0,38,0,0,1,1,0,6,1,1,10,10,0,0000000,99,99,99,99,88,88,0,0,0,1,0
51,510169,3,3,0,0,0,3,3,165,0,3,4,2013,4,5,20,0,3,3,SR-259,TURLEYTOWN RD,82,38.63647778,-78.85053889,0,12,1,0,2,3,0,1,2,1,10,10,0,0000000,99,99,99,99,99,99,0,0,0,1,1
51,510170,2,2,0,0,0,2,2,117,0,7,4,2013,1,2,18,1,2,2,US-58,,3763,36.71488333,-78.11561667,0,12,2,1,18,1,0,1,3,1,10,10,0,0000000,99,99,99,99,99,99,0,0,0,1,1
51,510171,1,1,0,0,0,3,3,165,0,8,4,2013,2,23,12,0,6,4,CR-979,,4,38.40960833,-78.65975,0,35,0,0,1,1,0,4,2,1,10,10,0,0000000,99,99,99,99,99,99,0,0,0,1,1
51,510172,1,1,0,0,0,1,1,87,0,2,4,2013,3,15,22,0,5,9,WILSON RD,,0,37.45949722,-77.36713333,0,30,0,0,1,1,0,4,1,1,10,10,0,0000000,15,22,15,30,99,99,0,0,0,1,1
51,510173,1,1,0,0,0,1,1,177,0,8,4,2013,2,14,50,0,13,3,SR-208,FOSTER RD,442,38.23785278,-77.5475,0,30,0,0,1,1,0,3,1,1,10,10,0,0000000,14,51,14,56,15,17,0,0,0,1,0
51,510174,1,1,0,0,0,2,2,3,0,10,4,2013,4,13,2,1,13,2,US-29,,1447,38.07257778,-78.26406667,0,42,0,0,1,1,0,4,1,1,10,10,0,0000000,13,2,13,12,13,41,0,0,0,2,0
51,510175,1,1,0,0,0,1,1,155,0,10,4,2013,4,17,59,0,6,4,CR-627,,39,37.16491111,-80.63308056,0,40,0,0,1,1,0,4,1,1,10,10,0,0000000,99,99,99,99,88,88,0,0,0,1,0
51,510176,1,1,0,0,0,1,1,33,0,9,4,2013,3,20,31,0,6,4,CR-652,,142,37.95373889,-77.47164722,0,42,0,0,1,1,0,4,2,1,10,10,0,0000000,20,44,20,51,88,88,0,0,0,1,1
51,510177,1,1,0,0,0,3,3,53,0,9,4,2013,3,18,45,0,6,4,CR-698,,10,36.92408333,-77.54245556,0,35,0,0,1,1,0,4,1,1,10,10,0,0000000,99,99,99,99,99,99,20,0,0,1,0
51,510178,1,1,0,0,0,1,1,700,1720,11,4,2013,5,2,30,0,14,2,US-60,,2655,37.00217222,-76.44262222,0,33,0,0,1,1,0,4,3,1,10,10,0,0000000,2,31,2,37,88,88,0,0,0,1,1
51,510179,1,1,0,0,0,1,1,67,0,10,4,2013,4,6,38,0,3,3,SR-40,,274,36.95219167,-79.94026667,0,42,0,0,1,1,0,4,1,1,10,10,0,0000000,99,99,99,99,88,88,0,0,0,1,1
51,510180,1,1,0,0,0,2,2,77,0,11,4,2013,5,11,30,0,3,2,US-58,,1790,36.61497778,-81.09107778,0,1,0,0,1,1,0,4,1,1,10,10,0,0000000,99,99,99,99,99,99,0,0,0,1,0
51,510181,1,1,0,0,0,1,1,191,0,2,4,2013,3,19,40,1,11,1,I-81 RAMP,,0,36.65011389,-82.0845,0,35,0,1,5,1,0,4,5,1,10,10,0,0000000,99,99,20,8,20,24,0,0,0,1,0
51,510182,1,1,0,1,1,1,1,800,2390,10,4,2013,4,21,39,0,14,6,E. PINNER STREET,,9,36.73675278,-76.57051111,0,8,0,0,1,1,0,1,3,1,10,10,0,0000000,99,99,99,99,99,99,0,0,0,1,0
51,510183,1,1,0,0,0,1,1,41,0,11,4,2013,5,8,19,0,16,4,CR-2907,,7,37.44124167,-77.6623,0,42,0,0,1,1,0,4,1,1,10,10,0,0000000,8,34,8,49,9,24,0,0,0,1,0
51,510184,1,1,0,1,1,1,1,67,0,12,4,2013,6,7,35,0,4,4,CR-697,,70,37.09446389,-79.85538611,0,8,0,0,1,1,0,1,1,2,0,2,0,0000000,99,99,99,99,99,99,0,0,0,1,0
51,510185,1,1,0,1,1,1,1,19,0,12,4,2013,6,5,15,1,2,2,US-460,,1749,37.352925,-79.6475,0,8,0,0,1,1,0,1,2,2,0,2,0,0000000,99,99,99,99,99,99,0,0,0,1,0
51,510186,1,1,0,0,0,1,1,165,0,14,4,2013,1,2,8,1,1,1,I-81,,2520,38.56616389,-78.74348611,0,32,0,0,1,1,0,4,2,1,10,10,0,0000000,99,99,99,99,99,99,0,0,0,1,0
51,510187,1,1,0,0,0,1,1,117,0,14,4,2013,1,9,30,0,4,3,SR-49,,216,36.70960556,-78.54471667,0,42,0,0,1,1,0,4,1,1,10,10,0,0000000,99,99,99,99,88,88,0,0,0,1,0
51,510188,1,1,0,0,0,1,1,810,2540,14,4,2013,1,17,5,0,4,6,3300 INDIAN CREEK RD,,9,36.57979722,-76.10584167,0,1,0,0,1,1,0,4,1,1,10,10,0,0000000,17,7,17,17,18,2,0,0,0,1,1
51,510189,2,2,0,0,0,2,2,171,0,15,4,2013,2,0,0,0,4,2,US-11,,3076,38.96196944,-78.41521111,0,12,2,0,1,1,0,1,2,1,10,10,0,0000000,99,99,99,99,99,99,0,0,0,1,1
51,510191,2,2,0,0,0,2,2,127,0,16,4,2013,3,22,35,1,1,1,I-64,,2241,37.45807222,-76.87804722,0,12,2,1,18,1,0,1,2,1,10,10,0,0000000,22,39,22,46,99,99,0,0,0,2,2
51,510192,1,1,0,0,0,1,1,33,0,19,4,2013,6,19,0,1,2,2,US-17,,1590,38.19628056,-77.28060278,0,16,0,0,1,1,0,1,1,2,0,2,0,0000000,99,99,99,99,88,88,0,0,0,1,1
51,510193,1,1,0,0,0,1,1,175,0,17,4,2013,4,11,30,1,2,2,US-58,,4207,36.68426944,-77.39883056,0,1,0,0,1,1,0,3,1,1,10,10,0,0000000,99,99,99,99,88,88,0,0,0,1,0
51,510194,2,2,0,0,0,3,3,710,1760,19,4,2013,6,4,28,1,13,3,SR-168,,265,36.89435556,-76.25712222,0,12,2,0,1,1,0,1,2,1,10,10,0,0000000,4,33,4,43,5,9,0,0,0,2,1
51,510195,1,1,0,0,0,1,1,115,0,20,4,2013,7,8,50,0,3,3,SR-14,,563,37.44501667,-76.39905,0,1,0,0,1,1,0,4,1,1,10,10,0,0000000,8,58,9,4,10,46,0,0,0,1,0
51,510196,3,3,0,0,0,6,6,65,0,19,4,2013,6,17,15,0,4,2,US-250,,1109,37.98006389,-78.24715,0,12,8,0,1,1,0,1,1,1,10,10,0,0000000,99,99,99,99,99,99,0,0,0,1,1
51,510197,1,1,0,0,0,1,1,167,0,25,4,2013,5,9,45,1,2,2,US- 19,,398,36.93501667,-81.98384167,0,35,0,0,1,1,0,3,1,1,10,10,0,0000000,99,99,99,99,99,99,0,0,0,1,0
51,510198,1,1,0,0,0,3,3,167,0,25,4,2013,5,20,30,1,2,2,US- 58,,723,36.81545,-82.15914444,0,53,0,0,1,1,0,6,1,1,10,10,0,0000000,99,99,99,99,99,99,0,0,0,1,1
51,510199,1,1,0,0,0,1,1,800,2390,21,4,2013,1,23,6,0,3,6,LAKE PRINCE DR,,181,36.798775,-76.63796111,0,42,0,0,1,1,0,4,2,1,10,10,0,0000000,99,99,99,99,88,88,0,0,0,1,0
51,510200,1,1,0,0,0,1,1,179,0,27,4,2013,7,0,22,0,15,4,CR-644,,22,38.49980556,-77.52452222,0,42,0,0,1,1,0,5,2,1,10,10,0,0000000,99,99,99,99,88,88,0,0,0,1,1
51,510201,1,1,0,1,1,1,1,590,720,27,4,2013,7,11,6,1,2,2,US-58,,82,36.59481111,-79.40969722,0,8,0,1,18,1,0,1,1,1,10,10,0,0000000,99,99,99,99,99,99,0,0,0,1,0
51,510202,1,1,0,1,1,1,1,171,0,27,4,2013,7,17,15,1,1,1,I-81 SOUTH,,270,38.70343333,-78.65567778,0,8,0,1,19,1,0,8,1,1,10,10,0,0000000,99,99,99,99,88,88,23,0,0,1,0
51,510203,3,3,0,0,0,3,3,59,0,27,4,2013,7,0,0,1,11,1,I-95,,1684,38.74795556,-77.18674167,0,20,0,1,19,1,0,8,3,1,10,10,0,0000000,0,0,0,5,88,88,0,0,0,1,1
51,510204,1,1,0,0,0,1,1,121,0,26,4,2013,6,1,39,0,4,4,CR-785,,21,37.243575,-80.36928611,0,35,0,0,1,1,0,4,2,1,10,10,0,0000000,1,39,1,51,2,18,2,0,0,1,1
51,510205,2,2,0,0,0,2,2,79,0,29,4,2013,2,8,30,1,2,2,US-33,MUTTON HOLLOW RD,498,38.33133333,-78.49244444,0,12,2,0,2,3,0,1,1,2,0,2,0,0000000,99,99,99,99,88,88,0,0,0,1,0
51,510206,1,1,0,0,0,6,6,678,1450,10,5,2013,6,20,28,1,2,2,US-11 BUSINESS,,20,37.78962778,-79.42931667,0,21,0,0,1,1,0,4,3,2,0,2,0,0000000,99,99,99,99,99,99,0,0,0,2,0
51,510207,1,1,0,1,1,1,1,107,0,26,4,2013,6,23,50,0,14,3,SR-606,BARRISTER ST,0,38.99527778,-77.48255278,0,8,0,0,3,2,0,1,2,1,10,10,0,0000000,99,99,99,99,88,88,0,0,0,1,0
51,510208,2,2,0,0,0,2,2,135,0,25,4,2013,5,8,42,0,4,4,CR-619,,6,37.18793056,-78.11748333,0,12,2,0,1,1,0,1,1,1,10,10,0,0000000,99,99,99,99,99,99,0,0,0,1,0
51,510209,1,1,0,0,0,2,2,177,0,30,4,2013,3,3,32,1,11,1,I-95 SOUTH,,10,38.24242222,-77.50182222,0,34,0,1,19,1,0,8,2,1,10,10,0,0000000,3,46,3,53,4,17,0,0,0,1,0
51,510210,1,1,0,0,0,2,2,810,2540,30,4,2013,3,0,35,0,14,6,WESLEYAN DRIVE,,19,36.86852222,-76.15411111,0,30,0,0,1,1,0,4,3,1,10,10,0,0000000,0,38,0,42,1,22,0,0,0,1,1
51,510211,2,2,0,0,0,2,2,810,2540,30,4,2013,3,7,50,0,14,6,INDIAN RIVER RD,FERRELL PARKWAY,2,36.79593333,-76.17306667,0,12,6,0,3,2,0,1,1,1,10,10,0,0000000,7,51,8,1,8,24,0,0,0,1,0
51,510212,1,1,0,1,1,1,1,59,0,4,4,2013,5,22,50,1,13,3,SR-7,NRA CROSSROAD CENTER,669,38.85176111,-77.13171389,0,8,0,0,3,2,0,1,2,2,0,2,0,0000000,99,99,99,99,99,99,0,0,0,1,0
51,510213,1,1,0,0,0,1,1,185,0,30,4,2013,3,20,49,0,4,3,SR-61,,111,37.15535278,-81.34297222,0,1,0,0,1,1,0,1,2,1,10,10,0,0000000,99,99,99,99,99,99,0,0,0,1,1
51,510214,2,2,0,0,0,3,3,133,0,26,4,2013,6,22,8,1,2,2,US-360,,2031,37.96521944,-76.56530833,0,12,2,1,18,1,0,1,2,1,10,10,0,0000000,99,99,99,99,99,99,0,0,0,1,1
51,510215,1,1,0,0,0,1,1,59,0,7,4,2013,1,1,28,0,14,4,CR-29,JONES BRANCH DR,10,38.930025,-77.212125,0,25,0,0,5,1,0,4,3,1,10,10,0,0000000,99,99,1,21,1,55,0,0,0,1,1
51,510216,2,2,0,0,0,2,2,59,0,30,4,2013,3,4,32,1,11,1,I-95,,1660,38.76548889,-77.18236944,0,12,1,1,18,1,0,1,2,2,0,2,0,0000000,99,99,99,99,99,99,0,0,0,1,1
51,510217,1,1,0,0,0,2,2,97,0,2,5,2013,5,1,49,1,2,2,US-360,,1689,37.79693333,-77.08158056,0,1,0,0,1,1,0,4,2,1,10,10,0,0000000,99,99,99,99,99,99,0,0,0,1,1
51,510218,1,1,0,0,0,4,4,25,0,2,5,2013,5,23,1,0,3,3,SR-46,,238,36.83051667,-77.912575,0,18,0,0,1,1,0,1,3,1,10,10,0,0000000,99,99,99,99,99,99,0,0,0,2,0
51,510219,2,2,0,0,0,3,3,41,0,4,5,2013,7,1,44,1,12,3,SR-150,,132,37.44109167,-77.454325,0,12,2,0,1,1,0,1,2,1,10,10,0,0000000,1,39,1,44,99,99,0,0,0,1,1
51,510220,1,1,0,1,1,2,2,59,0,16,4,2013,3,22,24,0,14,6,599 ELDEN STREET,VAN BUREN STREET,17,38.96906389,-77.38055278,0,8,0,0,3,2,0,1,3,1,10,10,0,0000000,99,99,99,99,99,99,0,0,0,1,0
51,510221,1,1,0,2,2,1,1,510,40,4,5,2013,7,11,5,0,15,9,STEVENSON AVE,,0,38.81311944,-77.14089722,0,8,0,0,1,1,0,1,1,1,10,10,0,0000000,99,99,99,99,99,99,0,0,0,1,0
51,510222,2,2,0,0,0,4,4,57,0,4,5,2013,7,18,55,1,2,2,US-360,STATE ROUTE 619,1818,37.88575278,-76.89915,0,12,6,0,2,2,0,1,1,1,10,10,0,0000000,99,99,99,99,99,99,0,0,0,1,0
51,510223,1,1,0,0,0,4,4,145,0,4,5,2013,7,20,30,1,2,2,US-60,,1686,37.52051944,-77.81551944,0,42,0,0,1,1,0,4,2,1,10,10,0,0000000,99,99,99,99,99,99,0,0,0,3,1
51,510224,1,1,0,0,0,1,1,185,0,4,5,2013,7,3,57,1,2,2,US-460,,784,37.23710833,-81.2592,0,34,0,0,1,1,0,4,2,1,10,10,0,0000000,4,0,4,9,5,45,0,0,0,1,0
51,510225,2,2,0,0,0,3,3,99,0,6,5,2013,2,15,17,0,3,3,SR-205,TETOTUM ROAD,74,38.26148056,-77.04586111,0,12,6,0,2,3,0,1,1,2,0,2,0,0000000,99,99,99,99,99,99,0,0,0,2,0
51,510226,2,2,0,0,0,2,2,550,468,7,5,2013,3,7,31,0,3,6,ELBOW RD,,15,36.73783056,-76.17428333,0,12,6,1,18,1,0,1,1,1,10,10,0,0000000,7,35,7,42,99,99,0,0,0,1,0
51,510227,2,2,0,0,0,4,4,179,0,10,5,2013,6,11,59,0,4,4,CR-648,,49,38.45751111,-77.47363056,0,12,2,0,1,1,0,1,1,1,10,10,0,0000000,99,99,99,99,99,99,0,0,0,1,1
51,510228,2,2,0,0,0,2,2,53,0,10,5,2013,6,18,0,0,14,2,US-1,FORD AVE,661,37.19689722,-77.46624722,0,12,6,1,2,3,0,1,1,1,10,10,0,0000000,18,3,18,16,18,41,0,0,0,1,1
51,510229,1,1,0,1,1,1,1,41,0,11,5,2013,7,1,3,0,14,4,CR-650,,9,37.46526944,-77.52120556,0,8,0,0,1,1,0,1,2,2,0,2,0,0000000,99,99,99,99,99,99,0,0,0,1,0
51,510230,2,2,0,0,0,3,3,33,0,10,5,2013,6,1,7,1,2,2,US-17,,1612,38.21473611,-77.29561667,0,12,2,0,1,1,0,1,2,1,10,10,0,0000000,99,99,1,24,99,99,0,0,0,1,1
51,510231,1,1,0,0,0,1,1,145,0,10,5,2013,6,21,28,0,3,3,SR-711,,63,37.59575278,-77.81421944,0,42,0,0,1,1,0,4,2,1,10,10,0,0000000,21,32,21,42,99,99,0,0,0,1,0
51,510232,2,2,0,0,0,2,2,125,0,12,5,2013,1,12,20,0,3,3,SR-151,,197,37.85496667,-78.91698333,0,12,2,0,1,1,0,1,1,1,10,10,0,0000000,99,99,99,99,88,88,0,0,0,1,1
51,510233,1,1,0,0,0,2,2,71,0,5,5,2013,1,15,10,0,3,3,SR-100,,446,37.27943889,-80.74226667,0,35,0,0,1,1,0,4,1,1,10,10,0,0000000,15,12,15,17,15,38,0,0,0,1,1
51,510234,2,1,1,0,2,1,3,800,2390,14,5,2013,3,12,30,1,2,2,US-460,,3693,36.795325,-76.67684444,0,1,0,0,1,1,0,4,1,1,10,10,0,0000000,99,99,99,99,99,99,0,0,0,1,1
51,510235,1,1,0,0,0,1,1,135,0,15,5,2013,4,0,37,1,2,2,US-460,,2771,37.14124444,-78.08484722,0,1,0,0,1,1,0,4,2,1,10,10,0,0000000,0,43,0,52,99,99,0,0,0,1,0
51,510236,1,1,0,0,0,1,1,195,0,15,5,2013,4,16,50,0,6,4,CR-628,,29,36.94386944,-82.32103056,0,17,0,0,1,1,0,4,1,1,10,10,0,0000000,17,11,17,25,18,13,0,0,0,1,0
51,510237,2,2,0,0,0,2,2,630,1020,1,5,2013,4,11,41,0,14,2,US-1,,5,38.30505,-77.46166111,0,12,6,0,1,1,0,1,1,1,10,10,0,0000000,11,42,11,46,12,6,0,0,0,1,0
51,510238,1,1,0,0,0,1,1,810,2540,18,5,2013,7,6,0,1,11,1,I-264 WEST RAMP,,0,36.845675,-76.18194444,0,42,0,1,5,1,0,4,2,1,10,10,0,0000000,99,99,99,99,88,88,0,0,0,1,1
51,510239,1,1,0,0,0,1,1,141,0,15,5,2013,4,6,45,0,4,4,CR-773,,112,36.605875,-80.47038056,0,42,0,0,1,1,0,4,1,1,10,10,0,0000000,99,99,99,99,88,88,0,0,0,1,0
51,510240,2,2,0,0,0,2,2,185,0,18,5,2013,7,16,0,0,6,4,CR-657,,9,37.27991944,-81.40446389,0,12,2,0,1,1,0,1,1,1,10,10,0,0000000,99,99,99,99,88,88,0,0,0,1,0
51,510241,1,1,0,1,1,1,1,650,1180,18,5,2013,7,5,29,0,14,2,US-60,,1860,37.00907222,-76.40239444,0,8,0,0,1,1,0,1,2,2,0,2,0,0000000,99,99,99,99,99,99,0,0,0,1,0
51,510242,1,1,0,0,0,1,1,109,0,19,5,2013,1,3,45,0,3,2,US-522,,312,37.93095,-77.89936111,0,42,0,0,1,1,0,4,2,5,0,5,0,0000000,3,54,4,6,88,88,0,0,0,1,1
51,510243,2,2,0,0,0,4,4,95,0,18,5,2013,7,14,54,0,14,2,US-60,,2265,37.40620833,-76.84470833,0,42,0,0,1,1,0,4,1,2,0,2,0,0000000,99,99,99,99,99,99,14,0,0,1,0
51,510244,2,2,0,0,0,3,3,179,0,19,5,2013,1,2,51,1,11,1,I-95 NORTH,,1351,38.35029444,-77.4806,0,18,0,0,1,1,0,4,2,2,0,2,0,0000000,99,99,99,99,99,99,0,0,0,1,0
51,510245,2,2,0,0,0,2,2,760,2060,15,5,2013,4,15,40,0,19,2,US-60,PEMBER LANE,1860,37.50656944,-77.49643056,0,12,6,0,2,2,0,1,1,1,10,10,0,0000000,15,46,15,50,16,17,0,0,0,1,0
51,510246,1,1,0,0,0,2,2,109,0,23,5,2013,5,10,25,0,3,2,US-33,,796,38.08262222,-78.10748056,0,42,0,0,1,1,0,4,1,1,10,10,0,0000000,99,99,99,99,88,88,0,0,0,2,0
51,510247,1,1,0,0,0,1,1,33,0,25,5,2013,7,18,20,0,5,4,CR-33,,47,38.09255833,-77.45103889,0,42,0,0,1,1,0,4,1,1,10,10,0,0000000,99,99,99,99,88,88,0,0,0,1,1
51,510248,1,1,0,0,0,3,3,59,0,25,5,2013,7,5,50,1,11,1,I-95,,1648,38.71405278,-77.21871667,0,42,0,0,1,1,4,4,1,1,10,10,0,0000000,99,99,99,99,99,99,0,0,0,1,1
51,510249,2,2,0,0,0,2,2,7,0,26,5,2013,1,14,10,0,4,3,SR-38,,54,37.31116667,-77.91758889,0,12,2,0,1,1,0,1,1,1,10,10,0,0000000,14,11,14,18,15,13,0,0,0,1,0
51,510250,1,1,0,0,0,1,1,175,0,27,5,2013,2,9,15,1,2,2,US-460,,3505,36.92915833,-76.92757222,0,42,0,0,1,1,0,4,1,1,10,10,0,0000000,99,99,99,99,88,88,0,0,0,1,1
51,510251,1,1,0,0,0,1,1,141,0,27,5,2013,2,11,30,0,3,3,SR-58,,2515,36.60115556,-80.078375,0,24,0,0,1,1,0,3,1,1,10,10,0,0000000,11,38,11,47,88,88,0,0,0,1,0
51,510252,1,1,0,0,0,2,2,75,0,21,4,2013,1,22,57,0,4,3,SR-6,,780,37.66256111,-77.86813889,0,42,0,0,1,1,0,4,2,1,10,10,0,0000000,99,99,99,99,88,88,0,0,0,2,1
51,510253,1,1,0,2,2,1,1,700,1720,27,5,2013,2,15,44,0,14,6,TIMBERNECK LANE,,7,37.11908889,-76.48831944,0,33,0,0,1,1,0,4,1,1,10,10,0,0000000,99,99,99,99,99,99,0,0,0,1,1
51,510254,2,1,1,1,1,1,1,35,0,25,5,2013,7,8,35,1,1,1,I-77,,58,36.63656944,-80.71908611,0,14,0,0,1,1,0,2,1,1,10,10,0,0000000,99,99,99,99,99,99,23,0,0,1,0
51,510255,1,1,0,1,1,1,1,121,0,28,5,2013,3,23,24,0,14,2,US-11,,1216,37.13858889,-80.34531111,0,8,0,0,1,1,0,1,2,1,10,10,0,0000000,99,99,99,99,23,38,0,0,0,1,0
51,510256,3,3,0,0,0,4,4,59,0,25,5,2013,7,12,20,1,11,1,I-66,,620,38.87835278,-77.26801667,0,12,1,1,18,1,0,1,1,1,10,10,0,0000000,99,99,99,99,99,99,0,0,0,1,0
51,510257,1,1,0,0,0,1,1,75,0,31,5,2013,6,14,0,1,1,3,SR-288,,2,37.67006111,-77.6485,0,23,0,1,5,1,0,4,1,1,10,10,0,0000000,14,3,14,18,14,48,0,0,0,1,1