STATE,ST_CASE,VE_TOTAL,VE_FORMS,PVH_INVL,PEDS,PERNOTMVIT,PERMVIT,PERSONS,COUNTY,CITY,DAY,MONTH,YEAR,DAY_WEEK,HOUR,MINUTE,NHS,ROAD_FNC,ROUTE,TWAY_ID,TWAY_ID2,MILEPT,LATITUDE,LONGITUD,SP_JUR,HARM_EV,MAN_COLL,RELJCT1,RELJCT2,TYP_INT,WRK_ZONE,REL_ROAD,LGT_COND,WEATHER1,WEATHER2,WEATHER,SCH_BUS,RAIL,NOT_HOUR,NOT_MIN,ARR_HOUR,ARR_MIN,HOSP_HR,HOSP_MN,CF1,CF2,CF3,FATALS,DRUNK_DR
51,510258,2,2,0,0,0,2,2,99,0,29,4,2013,2,11,15,1,2,3,SR-218,,105,38.301825,-77.29070833,0,12,2,0,1,1,0,1,1,2,0,2,0,0000000,99,99,99,99,99,99,0,0,0,1,0
51,510259,1,1,0,0,0,1,1,143,0,26,5,2013,1,20,20,0,6,4,CR-744,,204,36.66445556,-79.41733333,0,35,0,0,1,1,0,4,2,1,10,10,0,0000000,20,23,20,32,21,1,0,0,0,1,0
51,510260,1,1,0,0,0,2,2,49,0,28,5,2013,3,17,10,1,2,3,SR-45,,143,37.46213056,-78.28166944,0,32,0,0,1,1,0,4,1,1,10,10,0,0000000,99,99,99,99,99,99,0,0,0,1,1
51,510261,4,4,0,0,0,4,4,107,0,23,5,2013,5,18,56,1,12,3,SR-267,,89,39.008275,-77.49442778,0,18,0,0,1,1,0,3,1,2,0,2,0,0000000,18,57,19,0,99,99,0,0,0,1,1
51,510262,1,1,0,0,0,1,1,67,0,27,5,2013,2,14,10,1,2,4,CR-616,,77,37.10973889,-79.71551111,0,1,0,0,1,1,0,1,1,1,10,10,0,0000000,99,99,99,99,99,99,0,0,0,1,1
51,510263,1,1,0,0,0,1,1,710,1760,31,5,2013,6,7,58,0,14,6,AZALEA GARDEN RD,,2,36.86044444,-76.23328333,0,33,0,0,1,1,0,4,1,1,10,10,0,0000000,99,99,99,99,99,99,0,0,0,1,0
51,510264,2,2,0,0,0,2,2,137,0,20,5,2013,2,10,41,1,2,3,SR-3,,179,38.34140278,-77.74169722,0,12,6,0,7,1,0,1,1,1,10,10,0,0000000,10,51,10,55,11,41,0,0,0,1,0
51,510265,1,1,0,1,1,1,1,185,0,1,6,2013,7,3,0,1,2,2,US-460,,588,37.06856667,-81.72838889,0,8,0,0,1,1,0,1,2,1,10,10,0,0000000,99,99,99,99,88,88,0,0,0,1,0
51,510266,1,1,0,0,0,1,1,111,0,1,6,2013,7,11,47,1,2,4,CR-655,,69,36.88142778,-78.26348611,0,11,0,0,1,1,0,1,1,1,10,10,0,0000000,99,99,11,59,88,88,0,0,0,1,1
51,510267,1,1,0,0,0,1,1,87,0,1,6,2013,7,12,17,1,11,1,I-64,,1838,37.60706667,-77.52633611,0,59,0,0,1,1,0,4,1,1,10,10,0,0000000,99,99,12,21,88,88,0,0,0,1,1
51,510268,1,1,0,0,0,1,1,175,0,1,6,2013,7,17,0,1,2,3,SR-35,,251,36.83068056,-77.127375,0,1,0,0,1,1,0,4,1,1,10,10,0,0000000,17,2,17,12,99,99,0,0,0,1,0
51,510269,1,1,0,0,0,1,1,149,0,1,6,2013,7,19,26,1,2,3,SR-10,,375,37.22093889,-77.12504444,0,30,0,0,1,1,0,4,1,1,10,10,0,0000000,19,27,17,44,88,88,0,0,0,1,0
51,510270,2,2,0,0,0,3,3,550,468,21,5,2013,3,20,45,0,4,6,INDIAN CREEK RD,SANDERSON RD,9,36.60581111,-76.19666389,0,12,6,0,2,3,0,1,2,1,10,10,0,0000000,99,99,99,99,99,99,0,0,0,1,0
51,510271,3,3,0,0,0,4,4,35,0,7,6,2013,6,0,50,1,1,1,I-77,,126,36.71960278,-80.74611389,0,24,0,0,1,1,0,4,2,2,0,2,0,0000000,99,99,99,99,99,99,5,0,0,1,0
51,510272,2,2,0,1,1,1,1,121,0,4,6,2013,3,13,35,1,11,1,I-81,,1093,37.096175,-80.50605833,0,8,0,1,18,1,2,1,1,1,10,10,0,0000000,13,54,14,6,99,99,0,0,0,1,0
51,510273,1,1,0,0,0,1,1,95,0,29,3,2013,6,11,40,0,16,4,CR-734,,1,37.24908611,-76.73915278,0,18,0,0,1,1,0,4,1,1,10,10,0,0000000,11,58,12,2,12,13,0,0,0,1,0
51,510274,1,1,0,1,1,1,1,13,0,4,6,2013,3,12,39,0,16,9,315 S HIGHLAND ST,,0,38.89,-77.10995833,0,15,0,0,1,1,0,1,1,1,10,10,0,0000000,99,99,99,99,99,99,0,0,0,1,0
51,510275,2,2,0,0,0,4,4,31,0,7,6,2013,6,15,50,0,3,2,US-301,,477,37.13042222,-79.02495833,0,12,2,0,1,1,0,1,1,2,0,2,0,0000000,99,99,99,99,99,99,0,0,0,1,0
51,510276,1,1,0,0,0,1,1,99,0,8,6,2013,7,20,38,1,2,3,SR-218,,265,38.29329722,-77.066025,0,42,0,0,1,1,0,4,1,1,10,10,0,0000000,20,40,20,45,23,24,0,0,0,1,0
51,510277,1,1,0,0,0,2,2,41,0,8,6,2013,7,1,45,0,15,4,CR-625,,13,37.27056667,-77.42943611,0,34,0,0,1,1,0,4,2,1,10,10,0,0000000,99,99,99,99,99,99,0,0,0,1,1
51,510278,3,3,0,0,0,5,5,810,2540,8,6,2013,7,17,4,0,14,3,SR-149,2400 THREE OAKS DR,18,36.75678611,-76.02483611,0,53,0,0,3,3,0,4,1,1,10,10,0,0000000,99,99,99,99,99,99,0,0,0,1,1
51,510279,1,1,0,0,0,1,1,83,0,9,6,2013,1,23,25,1,2,4,CR-601,,21,36.66110833,-78.77865278,0,38,0,0,1,1,0,4,2,1,10,10,0,0000000,99,99,99,99,88,88,0,0,0,1,1
51,510280,1,1,0,0,0,3,3,179,0,10,6,2013,2,1,50,1,1,1,I-95,,1394,38.40458889,-77.4315,0,35,0,0,1,1,0,3,2,2,0,2,0,0000000,99,99,99,99,99,99,7,0,0,1,0
51,510281,2,2,0,0,0,4,4,19,0,12,6,2013,4,19,15,0,3,3,SR-122,RT-747,301,37.16511944,-79.33176667,0,12,6,0,2,2,0,1,1,1,10,10,0,0000000,99,99,19,30,19,50,0,0,0,2,0
51,510283,5,5,0,0,0,5,5,770,2100,12,6,2013,4,17,2,1,11,1,I-581,,25,37.29615,-79.95574722,0,12,6,1,18,1,0,1,1,1,10,10,0,0000000,99,99,99,99,99,99,0,0,0,2,1
51,510284,1,1,0,0,0,1,1,143,0,11,6,2013,3,21,20,1,2,4,CR-773,,8,36.96348333,-79.47548889,0,1,0,0,1,1,0,1,2,1,10,10,0,0000000,99,99,99,99,88,88,0,0,0,1,1
51,510285,1,1,0,0,0,2,2,760,2060,8,6,2013,7,14,40,1,11,1,I-95 NORTH,,766,37.58801389,-77.47002222,0,25,0,0,1,1,0,3,1,1,10,10,0,0000000,99,99,99,99,99,99,0,0,0,1,0
51,510286,2,2,0,0,0,2,2,710,1760,14,6,2013,6,11,36,1,11,1,I-64,,2812,36.88244167,-76.21699444,0,12,1,1,18,1,0,1,1,1,10,10,0,0000000,11,38,11,47,99,99,0,0,0,1,1
51,510287,1,1,0,1,1,1,1,590,720,14,6,2013,6,16,35,0,14,3,SR-293,,59,36.61208056,-79.38368333,0,8,0,0,1,1,0,1,1,1,10,10,0,0000000,99,99,99,99,99,99,0,0,0,1,0
51,510288,1,1,0,0,0,2,2,810,2540,8,6,2013,7,2,30,0,16,6,1900KINGSLAND LANE,,99999,36.77054167,-76.04348889,0,5,0,0,1,1,0,1,2,2,0,2,0,0000000,99,99,99,99,99,99,0,0,0,1,1
51,510289,1,1,0,0,0,3,3,41,0,16,6,2013,1,0,52,0,4,4,CR-669,RHODES LANE,46,37.27653056,-77.49863611,0,42,0,0,3,3,0,4,3,1,10,10,0,0000000,99,99,99,99,99,99,0,0,0,1,1
51,510290,1,1,0,1,1,1,1,61,0,15,6,2013,7,11,5,0,4,4,CR-647,,75,38.833075,-77.92479444,0,9,0,0,1,1,0,1,1,1,10,10,0,0000000,99,99,99,99,99,99,0,0,0,1,0
51,510291,1,1,0,0,0,3,3,87,0,15,6,2013,7,2,22,0,4,4,CR-,,75,37.57735556,-77.54957778,0,42,0,0,1,1,0,3,2,1,10,10,0,0000000,99,99,99,99,99,99,0,0,0,2,1
51,510292,1,1,0,0,0,1,1,69,0,16,6,2013,1,11,30,1,12,3,SR-37,,89,39.18594444,-78.16356389,0,24,0,0,1,1,0,4,1,1,10,10,0,0000000,11,30,11,33,11,47,0,0,0,1,0
51,510293,1,1,0,0,0,3,3,41,0,16,6,2013,1,16,29,1,2,4,CR-626,,3,37.33045278,-77.55025,0,42,0,0,1,1,0,4,1,1,10,10,0,0000000,99,99,99,99,99,99,0,0,0,1,0
51,510294,1,1,0,0,0,2,2,147,0,16,6,2013,1,22,55,0,6,4,CR-609,,18,37.18511944,-78.36131667,0,42,0,0,1,1,0,4,2,1,10,10,0,0000000,99,99,99,99,99,99,0,0,0,2,1
51,510295,2,2,0,0,0,3,3,87,0,16,6,2013,1,14,20,0,15,3,SR-6,STARLING DRIVE,90,37.59531389,-77.57591944,0,12,6,0,2,2,0,1,1,1,10,10,0,0000000,99,99,99,99,99,99,0,0,0,1,0
51,510296,1,1,0,0,0,1,1,177,0,17,6,2013,2,19,38,0,16,4,CR-1234,CARR DRIVE,4,38.25283056,-77.49326389,0,33,0,0,3,2,0,4,1,1,10,10,0,0000000,19,39,19,39,20,35,0,0,0,1,1
51,510297,2,2,0,0,0,2,2,195,0,21,6,2013,6,11,7,1,2,2,US-23,,353,36.88783889,-82.7261,0,24,0,0,1,1,0,4,1,1,10,10,0,0000000,99,99,99,99,99,99,0,0,0,1,0
51,510298,1,1,0,0,0,3,3,37,0,23,6,2013,1,1,45,1,2,2,US-360,,317,36.88186111,-78.55751389,0,42,0,0,1,1,0,3,2,2,0,2,0,0000000,99,99,99,99,99,99,0,0,0,1,0
51,510299,2,2,0,0,0,3,3,109,0,22,6,2013,7,21,0,0,3,2,US-522,DAYS BRIDGE ROAD,438,38.09240278,-77.88722778,0,12,1,0,2,2,0,1,2,1,10,10,0,0000000,99,99,99,99,99,99,0,0,0,2,1
51,510300,2,2,0,0,0,2,2,41,0,24,6,2013,2,23,52,1,13,3,SR-10,MEADOWVILLE RD,199,37.34956111,-77.36161389,0,12,6,0,3,2,0,1,3,1,10,10,0,0000000,23,55,0,3,88,88,0,0,0,1,0
51,510301,1,1,0,0,0,1,1,121,0,9,4,2013,3,1,45,1,2,4,CR-688,,4,37.12615,-80.5137,0,53,0,0,1,1,0,4,2,1,10,10,0,0000000,1,46,1,57,88,88,0,0,0,1,1
51,510302,1,1,0,0,0,1,1,47,0,23,6,2013,1,15,45,0,3,2,US-15,,1555,38.41630556,-78.04888611,0,42,0,0,1,1,0,4,1,1,10,10,0,0000000,99,99,99,99,88,88,0,0,0,1,1
51,510303,2,2,0,0,0,6,6,33,0,26,6,2013,4,1,16,1,1,1,I-95 NORTH,,1075,37.97515833,-77.49235833,0,12,8,1,18,1,4,1,2,1,10,10,0,0000000,99,99,99,99,99,99,0,0,0,1,0
51,510304,2,2,0,0,0,3,3,760,2060,23,6,2013,1,0,20,1,13,2,US-360,EAST 36TH STREET,1376,37.505175,-77.46861944,0,12,6,0,2,3,0,1,3,2,0,2,0,0000000,99,99,99,99,99,99,0,0,0,1,0
51,510305,1,1,0,1,1,1,1,700,1720,16,6,2013,1,21,3,0,13,2,US-60,HILLTOP DRIVE,2506,37.18531111,-76.57190278,0,8,0,0,3,2,0,1,3,1,10,10,0,0000000,99,99,99,99,88,88,0,0,0,1,0
51,510306,1,1,0,0,0,1,1,33,0,28,6,2013,6,7,20,0,6,4,CR-625,,18,37.99246111,-77.12920833,0,72,0,0,1,1,0,4,1,1,10,10,0,0000000,99,99,99,99,88,88,0,0,0,1,0
51,510307,1,1,0,0,0,1,1,125,0,26,6,2013,4,10,48,0,6,4,CR-634,,19,37.8857,-78.87051111,0,35,0,0,1,1,0,4,1,1,10,10,0,0000000,99,99,99,99,99,99,0,0,0,1,1
51,510308,1,1,0,0,0,1,1,17,0,3,6,2013,2,17,55,0,3,2,US-220,,1383,37.92800833,-79.8843,0,38,0,0,1,1,0,4,1,1,10,10,0,0000000,18,25,18,46,19,42,0,0,0,1,0
51,510309,2,2,0,0,0,3,3,117,0,27,6,2013,5,23,0,1,2,2,US-15,,1190,36.5776,-78.54876667,0,12,2,0,1,1,0,1,2,1,10,10,0,0000000,99,99,99,99,99,99,0,0,0,1,1
51,510310,1,1,0,0,0,2,2,143,0,28,6,2013,6,4,16,1,2,4,CR-729,,12,36.61880556,-79.33901389,0,30,0,0,1,1,0,4,2,1,10,10,0,0000000,99,99,99,99,99,99,0,0,0,1,0
51,510311,1,1,0,0,0,1,1,69,0,28,6,2013,6,5,55,1,2,3,SR-37,,30,39.15645833,-78.211225,0,1,0,0,1,1,0,4,4,1,10,10,0,0000000,6,1,6,8,88,88,0,0,0,1,0
51,510312,2,2,0,0,0,4,4,107,0,28,6,2013,6,15,20,1,2,3,SR-267,,56,39.03958056,-77.52791111,0,12,2,0,1,1,0,1,1,2,0,2,0,0000000,99,99,99,99,99,99,0,0,0,1,0
51,510313,2,2,0,0,0,3,3,71,0,20,6,2013,5,18,10,0,3,3,SR-100,,391,37.22794444,-80.73406111,0,12,2,0,1,1,0,1,1,1,10,10,0,0000000,18,11,18,21,18,57,0,0,0,1,1
51,510314,2,2,0,0,0,4,4,147,0,11,6,2013,3,9,38,0,6,4,CR-652,,29,37.33245,-78.53878333,0,12,2,0,1,1,0,1,1,1,10,10,0,0000000,99,99,99,99,99,99,0,0,0,1,0
51,510315,2,2,0,0,0,2,2,59,0,16,6,2013,1,14,0,0,14,4,CR-645,MAPLE BRANCH,124,38.76543056,-77.36696111,0,12,6,0,2,3,0,1,1,1,10,10,0,0000000,14,0,14,4,14,25,0,0,0,1,0
51,510316,2,2,0,0,0,4,4,1,0,25,6,2013,3,15,40,1,2,2,US-13,SSR-648,1190,37.70700556,-75.69773889,0,12,6,0,2,2,0,1,1,1,10,10,0,0000000,15,40,15,47,16,25,0,0,0,1,0
51,510317,1,1,0,0,0,1,1,15,0,10,6,2013,2,13,0,0,4,4,CR-608,,145,38.02108611,-79.03282778,0,33,0,0,1,1,0,4,1,1,10,10,0,0000000,18,27,18,27,19,28,0,0,0,1,0
51,510318,2,2,0,0,0,3,3,59,0,29,5,2013,4,14,36,1,13,2,US-1,SHERWOOD HALL LANNE,1873,38.74196389,-77.08556667,0,12,6,0,2,2,0,1,1,1,10,10,0,0000000,99,99,99,99,99,99,0,0,0,1,0
51,510319,2,2,0,1,1,2,2,710,1760,19,6,2013,4,21,35,0,13,2,US-60,,2828,36.94678333,-76.24001111,0,9,0,0,1,1,0,1,3,1,10,10,0,0000000,21,39,21,43,88,88,0,0,0,1,0
51,510320,2,2,0,0,0,4,4,59,0,1,6,2013,7,1,44,0,13,3,SR-286,SUGARLAND VALLEY DR,222,38.98901111,-77.361275,0,12,2,0,3,4,0,1,2,1,10,10,0,0000000,99,99,99,99,99,99,0,0,0,2,1
51,510321,1,1,0,0,0,1,1,53,0,30,6,2013,1,14,40,0,4,4,CR-650,,82,37.03830833,-77.63755,0,43,0,0,1,1,0,4,1,1,10,10,0,0000000,99,99,99,99,88,88,0,0,0,1,0
51,510322,1,1,0,2,2,1,1,87,0,20,6,2013,5,22,56,0,15,2,US-60,,1951,37.51851667,-77.36624444,0,8,0,0,1,1,0,1,2,1,10,10,0,0000000,99,99,99,99,99,99,0,0,0,1,0
51,510323,1,1,0,0,0,1,1,730,1910,30,6,2013,1,16,37,0,13,2,US-301,TEXAS AVE,517,37.22121389,-77.38245,0,1,0,0,1,1,0,1,1,1,10,10,0,0000000,99,99,99,99,88,88,0,0,0,1,1
51,510324,2,2,0,0,0,2,2,9,0,3,7,2013,4,11,20,0,3,2,US-60,,853,37.62773611,-79.11769167,0,12,6,0,1,1,0,1,1,1,10,10,0,0000000,11,23,11,33,88,88,0,0,0,1,1
51,510325,1,1,0,0,0,1,1,93,0,1,7,2013,2,20,24,1,2,2,US-17,,494,36.96246667,-76.51924722,0,24,0,0,1,1,0,1,3,2,0,2,0,0000000,20,27,20,32,20,56,0,0,0,1,0
51,510326,1,1,0,0,0,2,2,187,0,4,7,2013,5,14,25,1,1,1,I-66,,109,38.92625,-78.12925556,0,24,0,0,1,1,0,4,1,2,0,2,0,0000000,99,99,99,99,88,88,0,0,0,1,0
51,510327,3,3,0,0,0,3,3,153,0,4,7,2013,5,12,31,0,6,4,CR-619,,225,38.57105556,-77.41691944,0,12,2,0,1,1,0,1,1,1,10,10,0,0000000,99,99,99,99,99,99,0,0,0,1,0
51,510328,1,1,0,0,0,1,1,25,0,4,7,2013,5,5,46,0,4,4,CR-611,,180,36.66756111,-77.77046111,0,35,0,0,1,1,0,4,4,1,10,10,0,0000000,99,99,99,99,88,88,0,0,0,1,1
51,510329,1,1,0,0,0,1,1,7,0,5,7,2013,6,10,50,0,4,4,CR-708,,121,37.27148333,-77.84659167,0,42,0,0,1,1,0,4,1,1,10,10,0,0000000,10,52,11,3,88,88,0,0,0,1,1
51,510330,2,2,0,0,0,2,2,61,0,6,7,2013,7,9,54,0,4,4,CR-713,,41,38.92717778,-77.8405,0,12,6,0,4,1,0,1,1,1,10,10,0,0000000,99,99,10,1,10,30,0,0,0,1,1
51,510331,2,2,0,0,0,7,7,35,0,7,7,2013,1,18,0,0,3,2,US-58,,2100,36.73385,-80.62865,0,12,6,0,1,1,0,1,1,2,0,2,0,0000000,99,99,99,99,99,99,0,0,0,1,0
51,510332,2,2,0,0,0,3,3,520,300,26,2,2013,3,18,26,1,13,2,US-11,,22,36.60953611,-82.17440833,0,12,2,0,1,1,0,1,1,1,10,10,0,0000000,99,99,99,99,99,99,0,0,0,1,0
51,510333,2,2,0,0,0,2,2,650,1180,7,7,2013,1,20,24,0,16,9,WINDMILL POINT RD,,99999,37.08351389,-76.29670833,0,12,6,0,1,1,0,1,1,1,10,10,0,0000000,99,99,99,99,99,99,0,0,0,1,1
51,510334,1,1,0,0,0,2,2,5,0,3,7,2013,4,12,0,1,2,2,US-220,,1280,37.63026667,-79.81394444,0,42,0,0,1,1,0,4,1,2,0,2,0,0000000,99,99,99,99,99,99,0,0,0,1,0
51,510335,2,2,0,0,0,4,4,195,0,9,7,2013,3,11,35,1,2,2,US-23,RT-671,568,37.11499444,-82.61518889,0,12,6,0,2,2,0,1,1,1,10,10,0,0000000,99,99,99,99,99,99,0,0,0,1,0
51,510336,1,1,0,0,0,2,2,163,0,2,7,2013,3,1,0,0,6,4,CR-601,,54,38.01964444,-79.43246944,0,52,0,0,1,1,0,4,2,1,10,10,0,0000000,1,5,1,20,2,0,0,0,0,1,0
51,510337,1,1,0,1,1,1,1,195,0,9,7,2013,3,11,35,0,5,4,CR-753,RT-671,55,37.11499444,-82.61518889,0,8,0,0,1,1,0,1,1,1,10,10,0,0000000,99,99,99,99,99,99,0,0,0,1,0
51,510338,5,5,0,0,0,6,6,179,0,14,7,2013,1,18,49,1,2,2,US-17,,1,38.39055556,-77.54897778,0,12,1,0,1,1,0,1,1,1,10,10,0,0000000,99,99,99,99,99,99,0,0,0,1,0
51,510339,1,1,0,1,1,1,1,153,0,13,7,2013,7,4,26,0,13,2,US-1,,1714,38.60364722,-77.29363889,0,8,0,0,1,1,0,1,2,1,10,10,0,0000000,99,99,99,99,99,99,0,0,0,1,0
51,510340,1,1,0,0,0,1,1,165,0,16,7,2013,3,17,25,0,6,6,HOLLY HILL STREET,TURNER AVE,0,38.614625,-78.80126667,0,53,0,0,3,3,0,4,1,1,10,10,0,0000000,17,26,17,31,88,88,0,0,0,1,1
51,510341,2,2,0,0,0,2,2,710,1760,16,7,2013,3,19,50,1,11,1,I-264,,96,36.84553611,-76.25374167,0,12,6,0,1,1,4,1,5,1,10,10,0,0000000,19,58,20,3,88,88,0,0,0,1,1
51,510342,1,1,0,0,0,5,5,85,0,14,7,2013,1,11,11,1,2,2,US-360,,1566,37.66008056,-77.21727778,0,42,0,0,1,1,0,4,1,1,10,10,0,0000000,99,99,99,99,99,99,0,0,0,1,0
51,510343,2,2,0,0,0,3,3,161,0,16,7,2013,3,10,20,0,6,4,CR-821,PEACEFUL DR,1,37.23823056,-80.18432778,0,12,6,0,2,2,0,1,1,1,10,10,0,0000000,99,99,99,99,99,99,0,0,0,2,0
51,510344,2,2,0,0,0,3,3,65,0,20,7,2013,7,11,45,0,3,2,US-15,,1022,37.45314444,-78.16686389,0,12,6,0,8,1,0,1,1,1,10,10,0,0000000,99,99,99,99,99,99,0,0,0,1,0
51,510345,2,2,0,0,0,3,3,710,1760,21,7,2013,1,2,0,1,11,1,I-264,,98,36.845975,-76.25324167,0,25,0,0,1,1,0,3,3,1,10,10,0,0000000,99,99,99,99,99,99,0,0,0,1,1
51,510346,1,1,0,0,0,1,1,550,468,12,7,2013,6,7,20,0,16,6,BLUE RIDGE RD,,99999,36.70131389,-76.17364444,0,59,0,0,1,1,0,4,1,2,0,2,0,0000000,99,99,99,99,88,88,0,0,0,1,0
51,510348,3,3,0,0,0,5,5,59,0,22,7,2013,2,11,57,1,11,1,I-95,,1687,38.75789444,-77.18365,0,12,7,1,18,1,0,1,1,1,10,10,0,0000000,99,99,99,99,99,99,0,0,0,1,0
51,510349,1,1,0,0,0,1,1,109,0,19,7,2013,6,3,45,1,1,1,I-64,,1430,37.94043611,-78.10833333,0,34,0,0,1,1,0,4,2,1,10,10,0,0000000,3,48,3,59,4,35,0,0,0,1,1
51,510350,2,2,0,0,0,2,2,165,0,24,7,2013,4,15,50,0,5,4,CR-617,,73,38.63829722,-78.79510278,0,12,2,0,1,1,0,1,1,1,10,10,0,0000000,15,55,15,59,99,99,0,0,0,1,1
51,510351,2,2,0,0,0,2,2,137,0,23,7,2013,3,21,5,0,4,4,CR-647,,26,38.2247,-78.2257,0,12,6,0,1,1,0,1,2,1,10,10,0,0000000,99,99,99,99,99,99,0,0,0,1,1
51,510352,1,1,0,0,0,1,1,105,0,25,7,2013,5,16,11,0,3,2,US-58,,60,36.74223333,-83.05740278,0,24,0,0,1,1,0,4,1,1,10,10,0,0000000,16,14,16,15,17,35,0,0,0,1,1
51,510353,1,1,0,0,0,1,1,73,0,23,7,2013,3,23,19,1,2,2,US-17,,805,37.402,-76.52482778,0,35,0,0,1,1,0,3,2,1,10,10,0,0000000,23,21,23,30,23,49,0,0,0,1,1
51,510354,1,1,0,0,0,1,1,71,0,27,7,2013,7,16,4,0,4,3,SR-42,,574,37.20526389,-80.80822222,0,42,0,0,1,1,0,4,1,1,10,10,0,0000000,99,99,99,99,88,88,0,0,0,1,0
51,510355,1,1,0,0,0,2,2,49,0,29,7,2013,2,13,56,0,3,3,SR-45,RT-45,139,37.461075,-78.28334444,0,38,0,0,1,1,0,4,1,1,10,10,0,0000000,99,99,99,99,88,88,0,0,0,2,0
51,510356,2,2,0,0,0,2,2,149,0,26,7,2013,6,8,58,0,14,3,SR-106,BULL HILL RD,15,37.21396111,-77.31336111,0,12,6,0,2,2,0,1,1,1,10,10,0,0000000,8,59,9,2,99,99,0,0,0,1,0
51,510357,3,3,0,0,0,4,4,137,0,27,7,2013,7,14,15,0,3,3,SR-20,,769,38.26900556,-77.94196389,0,12,6,0,1,1,0,1,1,2,0,2,0,0000000,99,99,99,99,99,99,0,0,0,1,0
51,510358,1,1,0,0,0,1,1,760,2060,31,7,2013,4,14,19,1,11,1,I-95,,735,37.52348889,-77.4279,0,42,0,0,1,1,0,4,1,1,10,10,0,0000000,14,24,14,34,14,50,0,0,0,1,1
51,510359,3,3,0,0,0,4,4,53,0,31,7,2013,4,20,36,1,1,1,I-95,,452,36.99991111,-77.67783611,0,12,6,1,18,1,0,1,2,2,0,2,0,0000000,99,99,99,99,99,99,14,0,0,1,1
51,510360,1,1,0,0,0,1,1,800,2390,26,7,2013,6,13,32,0,6,6,MANNING RD,,99999,36.69682778,-76.64868056,0,34,0,0,1,1,0,4,1,1,10,10,0,0000000,13,33,13,45,99,99,0,0,0,1,0
51,510361,1,1,0,0,0,3,3,199,0,13,7,2013,7,2,47,1,13,3,SR-134,,17,37.10939722,-76.43963611,0,42,0,0,1,1,0,4,2,1,10,10,0,0000000,99,99,99,99,99,99,0,0,0,2,1
51,510362,2,2,0,0,0,3,3,33,0,24,7,2013,4,11,0,0,6,4,CR-639,SR-633,60,38.02222222,-77.49220833,0,12,2,0,2,2,0,1,1,1,10,10,0,0000000,99,99,99,99,99,99,0,0,0,1,0
51,510363,1,1,0,0,0,1,1,47,0,2,7,2013,3,13,50,0,4,4,CR-640,,42,38.58546667,-78.00016389,0,42,0,0,1,1,0,5,1,1,10,10,0,0000000,99,99,99,99,88,88,0,0,0,1,0
51,510364,1,1,0,0,0,2,2,195,0,1,7,2013,2,10,14,0,4,3,SR-158,,8,36.93976389,-82.47672222,0,42,0,1,5,1,0,6,1,1,10,10,0,0000000,10,42,10,45,11,12,0,0,0,1,1
51,510365,1,1,0,0,0,1,1,33,0,31,7,2013,4,16,26,1,1,1,I-95,,1153,38.08475,-77.51613056,0,42,0,0,1,1,0,3,1,1,10,10,0,0000000,99,99,99,99,99,99,0,0,0,1,0
51,510366,2,2,0,0,0,1,1,115,0,22,7,2013,2,2,0,0,4,4,CR-660,,53,37.43760833,-76.37965278,0,12,2,0,1,1,0,1,2,1,10,10,0,0000000,99,99,99,99,99,99,23,0,0,1,0
51,510367,1,1,0,0,0,1,1,700,1720,21,7,2013,1,6,35,9,99,2,US-17,J CLYDE MORRIS BLVD,551,37.08247222,-76.47979444,0,33,0,0,3,2,0,4,1,1,10,10,0,0000000,99,99,99,99,88,88,0,0,0,1,0
51,510368,2,2,0,0,0,3,3,185,0,1,8,2013,5,17,7,1,2,2,US-19,WITTENS MILL RD,745,37.15661389,-81.474125,0,12,6,0,2,2,0,1,1,1,10,10,0,0000000,17,30,18,6,18,38,0,0,0,1,0
51,510369,1,1,0,0,0,1,1,145,0,1,8,2013,5,22,29,0,4,3,SR-13,,138,37.51624444,-78.02169722,0,35,0,0,1,1,0,4,2,1,10,10,0,0000000,99,99,99,99,88,88,0,0,0,1,1
51,510370,1,1,0,1,1,2,2,73,0,1,8,2013,5,19,57,0,14,3,SR-216,HEYWOOD LN,21,37.27027778,-76.46242778,0,8,0,0,3,4,0,1,5,2,0,2,0,0000000,99,99,99,99,99,99,0,0,0,1,0
51,510371,1,1,0,0,0,2,2,41,0,3,8,2013,7,3,15,1,11,1,I-295,,387,37.34376667,-77.33508611,0,1,0,0,1,1,0,3,2,1,10,10,0,0000000,99,99,99,99,99,99,0,0,0,1,0
51,510372,1,1,0,0,0,1,1,143,0,3,8,2013,7,2,34,0,3,3,SR-41,,120,36.72950278,-79.54263611,0,42,0,0,1,1,0,4,2,1,10,10,0,0000000,2,34,2,53,88,88,0,0,0,1,1
51,510373,1,1,0,0,0,3,3,187,0,3,8,2013,7,23,8,0,4,4,CR-624,,24,38.93772778,-78.130325,0,21,0,0,1,1,0,4,2,1,10,10,0,0000000,99,99,99,99,99,99,0,0,0,2,0
51,510374,1,1,0,0,0,1,1,810,2540,3,8,2013,7,20,31,0,6,6,CHARITY NECK RD,,99999,36.69705833,-75.99583056,0,34,0,0,1,1,0,4,3,2,0,2,0,0000000,99,99,99,99,88,88,0,0,0,1,0