STATE,ST_CASE,VE_TOTAL,VE_FORMS,PVH_INVL,PEDS,PERNOTMVIT,PERMVIT,PERSONS,COUNTY,CITY,DAY,MONTH,YEAR,DAY_WEEK,HOUR,MINUTE,NHS,ROAD_FNC,ROUTE,TWAY_ID,TWAY_ID2,MILEPT,LATITUDE,LONGITUD,SP_JUR,HARM_EV,MAN_COLL,RELJCT1,RELJCT2,TYP_INT,WRK_ZONE,REL_ROAD,LGT_COND,WEATHER1,WEATHER2,WEATHER,SCH_BUS,RAIL,NOT_HOUR,NOT_MIN,ARR_HOUR,ARR_MIN,HOSP_HR,HOSP_MN,CF1,CF2,CF3,FATALS,DRUNK_DR
51,510375,2,2,0,0,0,3,3,137,0,3,8,2013,7,22,30,0,3,2,US-33,ELKWOOD CROSSING,663,38.17373333,-78.28441667,0,12,6,0,2,3,0,1,1,1,10,10,0,0000000,99,99,99,99,99,99,0,0,0,1,0
51,510376,1,1,0,1,1,1,1,800,2390,3,8,2013,7,22,56,0,14,6,BENNETTS PASTURE RD,,40,36.85597222,-76.49891667,0,9,0,0,1,1,0,1,2,1,10,10,0,0000000,22,59,23,3,88,88,0,0,0,1,0
51,510377,1,1,0,1,1,1,1,59,0,1,8,2013,5,15,47,0,14,4,CR-29,LAUGHLIN AVE,16,38.93281389,-77.17869722,0,8,0,0,3,2,0,1,1,1,10,10,0,0000000,99,99,99,99,99,99,0,0,0,1,0
51,510378,1,1,0,0,0,1,1,83,0,6,8,2013,3,8,10,0,4,4,CR-626,,139,36.88727778,-78.90658611,0,42,0,0,1,1,0,4,1,1,10,10,0,0000000,99,99,99,99,88,88,0,0,0,1,0
51,510379,1,1,0,0,0,2,2,810,2540,6,8,2013,3,16,16,0,14,6,2840 SHIPPS CORNER RD,,5,36.79431944,-76.07065278,0,42,0,0,1,1,0,4,1,2,0,2,0,0000000,99,99,99,99,99,99,0,0,0,1,0
51,510380,2,2,0,0,0,2,2,165,0,5,8,2013,2,23,10,0,3,3,SR-211,RT-690,33,38.64342778,-78.71807778,0,12,6,0,8,1,0,1,2,1,10,10,0,0000000,99,99,99,99,99,99,0,0,0,1,1
51,510381,1,1,0,0,0,1,1,600,900,4,8,2013,1,12,4,1,13,3,SR-236,FAIRFAX BLVD,0,38.85296667,-77.32421667,0,33,0,0,3,2,0,4,1,1,10,10,0,0000000,12,7,12,12,12,39,0,0,0,1,0
51,510382,1,1,0,1,1,1,1,690,1570,4,8,2013,1,21,5,0,3,3,SR-174,,545,36.69755278,-79.87515,0,8,0,0,1,1,0,1,3,1,10,10,0,0000000,99,99,99,99,99,99,0,0,0,1,0
51,510383,1,1,0,0,0,1,1,5,0,7,8,2013,4,21,35,0,4,3,SR-18,,1819,37.72330833,-80.04276111,0,42,0,0,1,1,0,4,2,2,0,2,0,0000000,99,99,99,99,99,99,0,0,0,1,0
51,510384,1,1,0,0,0,1,1,3,0,8,8,2013,5,5,30,1,1,1,I-64,,10512,38.04592778,-78.76650278,0,35,0,0,1,1,0,4,4,1,10,10,0,0000000,99,99,99,99,88,88,0,0,0,1,1
51,510385,1,1,0,1,1,1,1,800,2390,8,8,2013,5,20,32,0,13,2,US-13,BROOK AVE,14,36.72105278,-76.58874167,0,8,0,0,3,2,0,1,3,1,10,10,0,0000000,99,99,99,99,99,99,0,0,0,1,0
51,510386,2,2,0,0,0,2,2,15,0,10,8,2013,7,16,6,0,6,4,CR-662,MCCLURES MILL RD,266,38.00947222,-79.17879167,0,12,6,0,2,2,0,1,1,1,10,10,0,0000000,99,99,99,99,88,88,0,0,0,1,0
51,510387,1,1,0,0,0,3,3,93,0,9,8,2013,6,1,42,0,4,3,SR-10,,56,37.02215,-76.64550833,0,42,0,0,1,1,0,4,2,1,10,10,0,0000000,99,99,99,99,99,99,0,0,0,1,1
51,510388,2,2,0,0,0,2,2,61,0,11,8,2013,1,23,18,0,5,4,CR-651,,326,38.44693889,-77.68947778,0,12,2,0,1,1,0,1,2,1,10,10,0,0000000,23,19,23,23,88,88,0,0,0,1,1
51,510389,2,2,0,0,0,4,4,99,0,9,8,2013,6,19,25,0,3,3,SR-206,EDEN DR,34,38.29935556,-77.1551,0,12,6,0,3,3,0,1,1,2,0,2,0,0000000,99,99,99,99,99,99,0,0,0,1,0
51,510390,2,1,1,0,0,2,2,770,2100,2,8,2013,6,13,47,0,14,6,GREEN RIDGE RD,BARNETT ROAD,0,37.30945,-80.02087222,0,30,0,0,3,3,0,4,1,1,10,10,0,0000000,99,99,13,47,14,28,14,0,0,1,0
51,510391,2,2,0,0,0,2,2,177,0,11,8,2013,1,21,16,0,4,2,US-1,,13516,38.13002222,-77.52161389,0,12,6,0,4,1,0,1,2,1,10,10,0,0000000,99,99,99,99,88,88,0,0,0,1,0
51,510392,1,1,0,1,1,1,1,59,0,13,8,2013,3,4,50,1,11,1,I-66,,5772,38.86145278,-77.35028056,0,8,0,1,18,1,0,1,3,1,10,10,0,0000000,99,99,99,99,88,88,0,0,0,1,0
51,510393,2,2,0,0,0,2,2,149,0,1,8,2013,5,22,21,0,3,3,SR-10,,301,37.28338056,-77.2096,0,12,6,0,1,1,0,1,1,2,10,2,0,0000000,99,99,99,99,99,99,0,0,0,1,0
51,510394,2,2,0,0,0,2,2,191,0,16,8,2013,6,2,28,1,1,1,I-81,,3352,36.78855833,-81.70944722,0,12,1,0,1,1,0,1,2,1,10,10,0,0000000,99,99,99,99,99,99,0,0,0,1,0
51,510395,2,2,0,0,0,4,4,69,0,17,8,2013,7,14,15,0,3,2,US-50,,974,39.22215556,-78.27657222,0,12,7,0,7,1,0,1,1,1,10,10,0,0000000,99,99,99,99,99,99,0,0,0,1,0
51,510396,1,1,0,0,0,2,2,19,0,18,8,2013,1,17,41,0,3,2,US-501,,8348,37.48391389,-79.28284167,0,24,0,0,1,1,0,4,1,1,10,10,0,0000000,99,99,99,99,99,99,0,0,0,1,1
51,510397,1,1,0,0,0,1,1,820,2610,9,8,2013,6,22,20,0,4,6,LYNDHURST RD,,13,38.05515833,-78.91191667,0,41,0,0,1,1,0,4,2,1,10,10,0,0000000,22,21,22,26,88,88,0,0,0,1,1
51,510398,2,2,0,0,0,2,2,15,0,19,8,2013,2,6,40,0,15,3,SR-262,,39,38.13711389,-79.10228889,0,12,2,0,1,1,0,1,4,2,0,2,0,0000000,99,99,99,99,99,99,0,0,0,2,0
51,510399,1,1,0,0,0,1,1,161,0,19,8,2013,2,18,10,0,3,2,US-221,,807,37.13303056,-80.13083333,0,42,0,0,1,1,0,4,1,1,10,10,0,0000000,18,21,18,23,88,88,0,0,0,1,1
51,510400,1,1,0,0,0,2,2,177,0,19,8,2013,2,9,17,0,14,4,CR-608,,206,38.19166389,-77.48395,0,42,0,0,1,1,0,4,1,2,0,2,0,0000000,99,99,99,99,99,99,0,0,0,1,0
51,510401,1,1,0,0,0,1,1,99,0,22,8,2013,5,7,28,0,4,4,CR-607,,356,38.23321111,-77.21651944,0,38,0,0,1,1,0,4,1,5,0,5,0,0000000,7,28,7,36,88,88,0,0,0,1,0
51,510402,1,1,0,0,0,1,1,69,0,22,8,2013,5,23,23,0,16,3,SR-659,,166,39.17883611,-78.10569167,0,35,0,0,1,1,0,4,2,1,10,10,0,0000000,99,99,99,99,88,88,0,0,0,1,0
51,510403,2,2,0,0,0,2,2,89,0,22,8,2013,5,13,59,0,4,4,CR-687,,1174,36.63051111,-79.94593611,0,12,6,0,8,1,0,1,1,1,10,10,0,0000000,99,99,99,99,99,99,0,0,0,1,0
51,510404,2,1,1,0,0,1,1,177,0,20,8,2013,3,19,52,0,4,2,US-1,ARCADIA DR,13333,38.10585278,-77.52987222,0,59,0,0,3,4,0,4,5,1,10,10,0,0000000,99,99,99,99,99,99,0,0,0,1,1
51,510405,1,1,0,0,0,1,1,177,0,22,8,2013,5,18,41,0,4,4,CR-613,,382,38.23261111,-77.642,0,42,0,0,1,1,0,4,1,1,10,10,0,0000000,99,99,99,99,88,88,0,0,0,1,0
51,510406,1,1,0,1,1,1,1,9,0,9,8,2013,6,19,21,0,4,3,SR-622,,43,37.44552778,-79.06614167,0,9,0,0,1,1,0,1,1,1,10,10,0,0000000,19,21,19,29,88,88,0,0,0,1,0
51,510407,1,1,0,0,0,1,1,47,0,21,8,2013,4,15,52,0,4,2,US-15,,50,38.5142,-77.94504167,0,35,0,0,1,1,0,4,1,1,10,10,0,0000000,15,58,16,0,17,0,0,0,0,1,1
51,510408,1,1,0,0,0,2,2,15,0,24,8,2013,7,20,15,0,5,4,CR-720,,429,38.21523611,-79.20775556,0,38,0,0,1,1,0,4,5,1,10,10,0,0000000,99,99,99,99,99,99,0,0,0,1,1
51,510409,2,2,0,0,0,2,2,760,2060,25,8,2013,1,9,43,0,14,3,SR-33,FAITMOUNT AVE,24,37.54143056,-77.41229167,0,12,6,0,2,2,0,1,1,1,10,10,0,0000000,9,44,9,52,10,9,0,0,0,1,0
51,510410,2,2,0,0,0,2,2,109,0,25,8,2013,1,14,10,0,5,4,CR-601,,1771,37.96650278,-77.72860278,0,12,6,0,8,1,0,1,1,1,10,10,0,0000000,99,99,99,99,88,88,0,0,0,1,0
51,510411,1,1,0,1,1,1,1,1,0,25,8,2013,1,20,20,0,4,4,CR-679,,1568,37.99246111,-75.45955,0,9,0,0,1,1,0,1,2,1,10,10,0,0000000,20,11,20,21,99,99,0,0,0,1,0
51,510412,1,1,0,0,0,4,4,41,0,26,8,2013,2,6,50,1,1,1,I-95 SOUTH,,5684,37.30821667,-77.39534722,0,42,0,0,1,1,0,4,1,1,10,10,0,0000000,99,99,99,99,99,99,0,0,0,1,0
51,510413,1,1,0,0,0,3,3,93,0,26,8,2013,2,17,18,0,4,4,CR-620,,749,36.95256667,-76.71442778,0,34,0,0,1,1,0,4,1,1,10,10,0,0000000,17,26,17,35,99,99,0,0,0,1,1
51,510414,1,1,0,0,0,1,1,147,0,27,8,2013,3,12,0,1,2,3,SR-307,,189,37.27316944,-78.27888611,0,42,0,0,1,1,0,4,1,1,10,10,0,0000000,12,15,12,31,88,88,0,0,0,1,0
51,510415,1,1,0,1,1,1,1,710,1760,28,8,2013,4,8,25,1,13,2,US-58,PARK AVE,39859,36.86139167,-76.26791667,0,8,0,0,3,2,0,1,1,1,10,10,0,0000000,99,99,99,99,99,99,0,0,0,1,0
51,510416,2,2,0,0,0,3,3,89,0,29,8,2013,5,18,53,0,3,3,SR-87,ALMOND ST,367,36.57632778,-79.85679722,0,35,0,0,3,3,0,4,1,1,10,10,0,0000000,99,99,99,99,99,99,0,0,0,1,0
51,510417,2,2,0,2,2,2,2,700,1720,28,8,2013,4,20,11,0,14,3,SR-33,,24,37.12674444,-76.51438333,0,8,0,0,1,1,0,1,3,2,0,2,0,0000000,99,99,99,99,99,99,23,0,0,1,0
51,510418,1,1,0,0,0,1,1,720,1810,29,8,2013,5,12,6,0,4,6,DORCHESTER RD,,56,36.93593056,-82.64521389,0,1,0,1,18,1,0,1,1,1,10,10,0,0000000,12,6,12,8,99,99,0,0,0,1,0
51,510419,1,1,0,0,0,1,1,47,0,29,8,2013,5,12,29,0,3,2,US-29,OAKLAWN DR,99999,38.46334167,-78.00424722,0,1,0,0,2,3,0,1,1,1,10,10,0,0000000,12,31,12,36,12,49,0,0,0,1,0
51,510420,1,1,0,0,0,1,1,99,0,8,8,2013,5,6,4,0,3,3,SR-206,OAKWOOD DR,373,38.30171667,-77.14963611,0,42,0,0,3,3,0,4,1,1,10,10,0,0000000,6,6,6,12,6,55,0,0,0,1,0
51,510421,1,1,0,0,0,1,1,69,0,30,8,2013,6,8,30,0,3,2,US-50,,1177,39.17648611,-78.16748056,0,24,0,0,1,1,0,4,1,1,10,10,0,0000000,99,99,99,99,88,88,0,0,0,1,0
51,510422,2,2,0,0,0,2,2,85,0,30,8,2013,6,11,0,1,2,2,US-360,,15178,37.62771111,-77.29632778,0,12,1,0,7,1,0,1,1,1,10,10,0,0000000,99,99,99,99,99,99,0,0,0,1,0
51,510423,1,1,0,0,0,1,1,550,468,26,8,2013,2,22,50,0,14,6,TAYLOR RD,PEPPERCORN DR,172,36.85297778,-76.41534444,0,1,0,0,3,3,0,1,3,1,10,10,0,0000000,22,51,22,55,23,21,0,0,0,1,1
51,510424,2,2,0,0,0,2,2,810,2540,31,8,2013,7,15,19,0,14,6,CLEVELAND STREET,OPAL AVENUE,8,36.84203611,-76.15006111,0,12,6,0,2,2,0,1,1,1,10,10,0,0000000,15,22,15,26,16,0,0,0,0,1,0
51,510425,1,1,0,0,0,1,1,161,0,31,8,2013,7,18,35,0,4,4,CR-864,,12,37.36572222,-80.05874722,0,42,0,0,1,1,0,4,1,1,10,10,0,0000000,18,36,18,48,88,88,0,0,0,1,0
51,510426,2,2,0,0,0,5,5,59,0,23,8,2013,6,19,4,0,14,4,CR-5320,NRA CENTENNIAL PARK DR,68,38.94521111,-77.34110278,0,12,1,0,3,2,0,1,2,1,10,10,0,0000000,99,99,99,99,99,99,0,0,0,1,0
51,510427,1,1,0,0,0,1,1,179,0,25,8,2013,1,2,10,0,14,4,CR-610,,3,38.52640833,-77.55535278,0,42,0,0,1,1,0,4,2,1,10,10,0,0000000,99,99,99,99,88,88,0,0,0,1,1
51,510428,1,1,0,0,0,5,5,21,0,31,8,2013,7,19,0,0,4,3,SR-61,,295,37.15105556,-81.42189722,0,35,0,0,1,1,0,4,1,1,10,10,0,0000000,99,99,99,99,99,99,0,0,0,1,1
51,510429,1,1,0,0,0,1,1,41,0,2,9,2013,2,8,29,0,14,4,CR-720,,285,37.47454722,-77.61873056,0,42,0,0,1,1,0,4,2,1,10,10,0,0000000,99,99,99,99,88,88,0,0,0,1,1
51,510430,1,1,0,1,1,1,1,199,0,24,8,2013,7,10,58,0,15,4,CR-704,RT-634,8,37.20674444,-76.49783333,0,9,0,0,2,2,0,1,1,1,10,10,0,0000000,10,58,11,3,11,27,0,0,0,1,0
51,510431,1,1,0,0,0,1,1,105,0,2,9,2013,2,17,2,1,2,2,US-23,,2773,36.79853056,-82.80231944,0,32,0,0,1,1,0,4,1,1,10,10,0,0000000,99,99,17,3,18,18,0,0,0,1,0
51,510432,1,1,0,0,0,1,1,31,0,2,9,2013,2,22,55,0,6,4,CR-604,,375,37.23417222,-78.95523889,0,34,0,0,1,1,0,4,2,1,10,10,0,0000000,23,5,23,20,23,40,0,0,0,1,0
51,510433,2,2,0,0,0,2,2,101,0,4,9,2013,4,17,40,1,2,2,US-360,MANFIELD RD,16136,37.70791944,-77.15566111,0,12,6,0,2,3,0,1,1,1,10,10,0,0000000,99,99,99,99,88,88,0,0,0,1,0
51,510434,2,2,0,0,0,2,2,650,1180,4,9,2013,4,15,30,0,14,3,SR-35,,16,37.0001,-76.40427778,0,12,6,0,8,1,0,1,1,1,10,10,0,0000000,99,99,99,99,99,99,0,0,0,1,0
51,510435,4,4,0,0,0,4,4,660,1190,5,9,2013,5,6,30,1,11,1,I-81,,2463,38.42655556,-78.87747222,0,57,0,0,1,1,0,3,1,1,10,10,0,0000000,99,99,99,99,88,88,0,0,0,1,0
51,510436,2,2,0,0,0,3,3,153,0,5,9,2013,5,13,55,0,16,4,CR-2830,POST OFFICE RD,11,38.64836667,-77.31278056,0,12,6,0,2,2,0,1,1,1,10,10,0,0000000,99,99,99,99,99,99,0,0,0,1,0
51,510437,2,2,0,0,0,2,2,710,1760,7,9,2013,7,13,20,1,11,1,I-64 WST,,27976,36.89001667,-76.23014444,0,12,6,0,1,1,0,1,1,1,10,10,0,0000000,13,20,13,23,14,1,0,0,0,1,1
51,510438,1,1,0,1,1,1,1,153,0,6,9,2013,6,14,55,0,14,4,CR-613,OLEANDER CT,535,38.64933333,-77.33660278,0,33,0,0,3,2,0,4,1,1,10,10,0,0000000,99,99,99,99,99,99,0,0,0,1,0
51,510439,1,1,0,0,0,1,1,115,0,6,9,2013,6,22,10,0,3,3,SR-14,RT-98,206,37.45887222,-76.33099722,0,34,0,0,3,3,0,4,2,1,10,10,0,0000000,22,10,22,16,22,42,0,0,0,1,0
51,510440,2,2,0,0,0,5,5,31,0,6,9,2013,6,21,20,0,3,2,US-501,,4912,37.14268611,-79.04420556,0,12,2,0,1,1,0,2,2,1,10,10,0,0000000,21,25,21,26,22,0,0,0,0,1,0
51,510441,1,1,0,0,0,1,1,153,0,8,9,2013,1,5,57,1,2,4,CR-784,,442,38.6421,-77.33539722,0,33,0,0,1,1,0,3,3,1,10,10,0,0000000,5,58,6,8,6,32,0,0,0,1,1
51,510442,2,2,0,0,0,2,2,590,720,9,9,2013,2,20,52,0,5,6,ARNETT BLVD,WENDELL SCOTT DR,104,36.61186667,-79.39727778,0,12,6,0,3,2,0,1,3,1,10,10,0,0000000,99,99,99,99,99,99,0,0,0,1,0
51,510443,2,2,0,0,0,3,3,3,0,10,9,2013,3,15,30,0,14,4,CR-231,PEN PARK LN,12000,38.05226111,-78.46204722,0,12,6,0,2,2,0,1,1,1,10,10,0,0000000,99,99,99,99,88,88,0,0,0,1,0
51,510444,1,1,0,0,0,1,1,89,0,11,9,2013,4,22,25,0,6,4,CR-714,,5,36.73765556,-79.88086944,0,42,0,0,1,1,0,4,2,1,10,10,0,0000000,99,99,99,99,88,88,0,0,0,1,0
51,510445,1,1,0,0,0,1,1,710,1760,12,9,2013,5,20,16,1,11,1,I-264,,809,36.84289722,-76.28481389,0,25,0,0,1,1,0,3,3,1,10,10,0,0000000,99,99,99,99,88,88,0,0,0,1,1
51,510446,3,1,2,0,0,1,1,650,1180,8,9,2013,1,12,40,0,16,9,APPLE AVE,,0,36.99519167,-76.39135833,0,14,0,0,1,1,0,4,1,1,10,10,0,0000000,12,45,12,52,13,10,0,0,0,1,0
51,510447,2,2,0,0,0,3,3,133,0,4,9,2013,4,13,15,1,2,2,US-360,,20451,37.88670833,-76.35564722,0,12,2,0,1,1,0,1,1,1,10,10,0,0000000,99,99,99,99,99,99,0,0,0,1,0
51,510448,1,1,0,0,0,1,1,59,0,9,9,2013,2,15,38,0,15,4,CR-29,BARONHURST DRIVE,66,38.881,-77.26902778,0,33,0,0,3,2,0,4,1,1,10,10,0,0000000,99,99,99,99,99,99,0,0,0,1,0
51,510449,2,2,0,0,0,3,3,191,0,13,9,2013,6,2,45,0,4,3,SR-91,,119,36.73316111,-81.78057778,0,12,1,0,1,1,0,1,2,5,0,5,0,0000000,99,99,99,99,99,99,0,0,0,1,0
51,510450,1,1,0,0,0,2,2,165,0,12,9,2013,5,19,55,0,6,4,CR-668,,44,38.28263333,-78.85252222,0,35,0,0,1,1,0,4,2,2,0,2,0,0000000,99,99,99,99,99,99,0,0,0,1,0
51,510451,1,1,0,0,0,1,1,87,0,12,9,2013,5,22,30,1,11,1,I-64,,3,37.52274722,-77.27409722,0,1,0,1,5,1,0,2,2,1,10,10,0,0000000,99,99,99,99,88,88,0,0,0,1,0
51,510452,2,2,0,0,0,2,2,1,0,14,9,2013,7,10,54,1,2,2,US-13,RT-650,1187,37.70447778,-75.70204167,0,12,6,0,2,2,0,1,1,1,10,10,0,0000000,10,54,11,2,99,99,0,0,0,1,0
51,510453,1,1,0,0,0,1,1,127,0,13,9,2013,6,23,45,1,11,1,I-64,,214,37.49528056,-77.02118056,0,42,0,1,19,1,0,4,2,1,10,10,0,0000000,99,99,99,99,99,99,0,0,0,1,0
51,510454,1,1,0,1,1,0,0,820,2610,15,9,2013,1,12,59,0,99,9,D STREET,,0,38.06969444,-78.86551944,0,7,0,0,1,1,0,1,1,1,10,10,0,0000000,99,99,99,99,88,88,0,0,0,1,0
51,510455,1,1,0,1,1,1,1,59,0,13,9,2013,6,22,10,1,11,1,I-495,,1737,38.82261944,-77.10693056,0,8,0,0,1,1,0,1,2,1,0,1,0,0000000,99,99,99,99,88,88,0,0,0,1,0
51,510456,2,2,0,0,0,3,3,710,1760,13,9,2013,6,10,30,0,13,2,US-58,1000 GEORGE ST,2453,36.8549,-76.18577778,0,12,6,0,2,2,0,1,1,1,10,10,0,0000000,99,99,99,99,99,99,0,0,0,1,0
51,510457,1,1,0,0,0,2,2,27,0,10,9,2013,3,6,50,1,2,2,US-460,,40,37.33973889,-82.18460278,0,35,0,0,1,1,0,4,4,1,10,10,0,0000000,99,99,99,99,99,99,0,0,0,1,1
51,510458,2,1,1,2,2,1,1,165,0,14,9,2013,7,17,31,0,14,2,US-11,,2570,38.37985,-78.92831389,0,14,0,0,1,1,0,2,1,1,10,10,0,0000000,99,99,99,99,99,99,0,0,0,1,0
51,510459,1,1,0,0,0,1,1,95,0,13,9,2013,6,23,40,0,13,2,US-60,,245,37.230025,-76.62684722,0,18,0,0,8,1,0,6,2,1,10,10,0,0000000,23,45,23,47,23,59,0,0,0,1,1
51,510460,1,1,0,0,0,2,2,109,0,15,9,2013,1,21,0,0,3,2,US-33,,751,38.11415556,-78.16752222,0,34,0,0,1,1,0,4,2,1,10,10,0,0000000,99,99,99,99,88,88,0,0,0,2,0
51,510461,1,1,0,1,1,1,1,59,0,12,4,2013,6,15,30,0,16,4,CR-179,MERIDAN ST,2,38.89509444,-77.17195833,0,8,0,0,3,3,0,1,1,1,10,10,0,0000000,99,99,99,99,99,99,0,0,0,1,0
51,510462,1,1,0,0,0,1,1,117,0,16,9,2013,2,21,55,0,4,4,CR-660,,44,36.74125556,-78.36226111,0,35,0,0,1,1,0,4,2,1,10,10,0,0000000,21,55,22,9,88,88,0,0,0,1,0
51,510463,7,7,0,0,0,8,8,800,2390,18,9,2013,4,7,14,0,99,2,US-460,,3705,36.78940556,-76.65728056,0,12,6,0,1,1,0,1,4,1,10,10,0,0000000,99,99,99,99,99,99,0,0,0,1,0
51,510464,1,1,0,0,0,1,1,25,0,19,9,2013,5,6,23,1,2,2,US-58,,397,36.78046111,-77.78454444,0,42,0,0,1,1,0,4,4,1,10,10,0,0000000,99,99,99,99,88,88,0,0,0,1,0
51,510465,1,1,0,1,1,1,1,550,468,18,9,2013,4,20,5,0,14,3,SR-1,,45,36.63663889,-76.20965,0,8,0,0,1,1,0,1,3,1,10,10,0,0000000,99,99,99,99,99,99,0,0,0,1,0
51,510466,6,6,0,0,0,8,8,35,0,21,9,2013,7,10,50,1,1,1,I-77,,89,36.67826944,-80.71228611,0,12,1,0,1,1,0,1,1,5,2,2,0,0000000,10,59,11,25,12,15,0,0,0,1,0
51,510467,2,2,0,0,0,2,2,740,1970,19,9,2013,5,7,20,0,14,3,SR-33,JACQUELYN DR,170,36.82047222,-76.38416389,0,12,6,0,2,3,0,1,1,1,10,10,0,0000000,99,99,99,99,99,99,0,0,0,1,0
51,510468,1,1,0,0,0,3,3,47,0,15,9,2013,1,22,35,0,3,2,US-522,,78,38.51293889,-78.06565833,0,34,0,0,1,1,0,4,2,1,10,10,0,0000000,99,99,99,99,99,99,0,0,0,1,0
51,510469,2,1,1,1,1,1,1,87,0,20,9,2013,6,16,28,0,3,3,SR-156,1-295,53,37.549925,-77.28448611,0,8,0,1,18,1,0,1,1,1,10,10,0,0000000,99,99,99,99,88,88,0,0,0,1,0
51,510470,1,1,0,0,0,1,1,41,0,22,9,2013,1,23,15,0,5,4,CR-651,,30,37.40138056,-77.58407778,0,42,0,0,1,1,0,4,2,1,10,10,0,0000000,23,17,23,18,88,88,0,0,0,1,1
51,510471,1,1,0,0,0,1,1,25,0,23,9,2013,2,17,0,0,4,2,US-1,RT-1416,322,36.85928333,-77.88,0,42,0,0,3,3,0,3,1,1,10,10,0,0000000,99,99,99,99,88,88,0,0,0,1,0
51,510472,2,2,0,0,0,3,3,600,900,21,9,2013,7,0,48,1,13,2,US-50,RT-29,706,38.85280833,-77.32476944,0,12,6,0,2,2,0,1,3,1,10,10,0,0000000,99,99,99,99,99,99,20,0,0,1,0
51,510473,1,1,0,0,0,1,1,61,0,23,9,2013,2,15,0,1,2,4,CR-635,,81,38.85725,-77.99091944,0,42,0,0,1,1,0,4,1,1,10,10,0,0000000,15,22,15,33,88,88,0,0,0,1,0
51,510474,1,1,0,0,0,4,4,41,0,2,9,2013,2,2,57,0,14,4,CR-637,,33,37.42518333,-77.47069167,0,19,0,0,1,1,0,4,3,1,10,10,0,0000000,99,99,99,99,99,99,0,0,0,1,0
51,510475,1,1,0,1,1,1,1,149,0,25,9,2013,4,8,40,0,14,4,CR-630,,128,37.25704444,-77.32061944,0,8,0,0,1,1,0,1,2,1,10,10,0,0000000,99,99,99,99,99,99,0,0,0,1,0
51,510476,1,1,0,0,0,1,1,161,0,23,9,2013,2,4,30,1,1,1,I-81,,142,37.32409722,-80.03403889,0,42,0,1,19,1,0,4,2,1,10,10,0,0000000,99,99,99,99,88,88,0,0,0,1,0
51,510477,1,1,0,0,0,1,1,59,0,25,9,2013,4,13,53,0,15,4,CR-654,,33,38.82127778,-77.34193333,0,42,0,0,1,1,0,4,1,1,10,10,0,0000000,13,53,13,59,14,33,0,0,0,1,0
51,510478,1,1,0,0,0,3,3,75,0,13,7,2013,7,1,38,0,6,4,CR-607,,32,37.74183333,-77.903225,0,42,0,0,1,1,0,4,2,1,10,10,0,0000000,99,99,99,99,99,99,0,0,0,1,0
51,510479,2,2,0,0,0,3,3,810,2540,25,9,2013,4,19,0,1,11,1,I-64,,2864,36.81107222,-76.19344722,0,59,0,0,1,1,4,4,1,1,10,10,0,0000000,99,99,99,99,99,99,0,0,0,2,0
51,510480,1,1,0,1,1,1,1,41,0,24,9,2013,3,19,23,0,13,3,SR-147,,39,37.53088333,-77.57083889,0,9,0,0,1,1,0,1,2,1,10,10,0,0000000,99,99,99,99,99,99,0,0,0,1,0
51,510481,3,1,2,3,3,3,3,85,0,27,9,2013,6,14,23,1,11,1,I-295,,17,37.59785,-77.35173611,0,14,0,0,1,1,0,4,1,1,10,10,0,0000000,99,99,99,99,99,99,0,0,0,1,0
51,510482,2,2,0,0,0,3,3,15,0,27,9,2013,6,11,55,0,4,3,SR-254,,0,38.11206111,-79.13693889,0,12,2,0,1,1,0,1,1,1,10,10,0,0000000,99,99,99,99,99,99,0,0,0,2,0
51,510483,2,2,0,0,0,2,2,580,660,27,9,2013,6,13,44,0,4,3,SR-154,EXIT RAMP 14,1,37.77354722,-79.99274167,0,12,6,0,2,3,0,1,1,1,10,10,0,0000000,99,99,99,99,99,99,0,0,0,1,0
51,510484,1,1,0,0,0,3,3,63,0,27,9,2013,6,23,45,0,4,4,CR-615,,111,36.99158889,-80.33683056,0,42,0,0,1,1,0,4,2,1,10,10,0,0000000,99,99,99,99,88,88,0,0,0,3,0
51,510485,1,1,0,1,1,1,1,127,0,29,9,2013,1,5,25,0,4,2,US-60,,2112,37.46195556,-77.10167222,0,8,0,0,1,1,0,1,2,1,10,10,0,0000000,99,99,99,99,99,99,0,0,0,1,0
51,510486,1,1,0,0,0,1,1,67,0,30,9,2013,2,5,30,1,2,2,US-220,,485,37.10871389,-79.94545833,0,1,0,0,1,1,0,1,2,1,10,10,0,0000000,99,99,99,99,99,99,0,0,0,1,0
51,510487,2,2,0,0,0,2,2,87,0,13,9,2013,6,13,23,0,13,2,US-1,BROOK RUN DR,98,37.60915556,-77.45676389,0,12,6,0,2,2,0,1,1,1,10,10,0,0000000,13,23,13,27,13,58,0,0,0,1,0