STATE,ST_CASE,VE_TOTAL,VE_FORMS,PVH_INVL,PEDS,PERNOTMVIT,PERMVIT,PERSONS,COUNTY,CITY,DAY,MONTH,YEAR,DAY_WEEK,HOUR,MINUTE,NHS,ROAD_FNC,ROUTE,TWAY_ID,TWAY_ID2,MILEPT,LATITUDE,LONGITUD,SP_JUR,HARM_EV,MAN_COLL,RELJCT1,RELJCT2,TYP_INT,WRK_ZONE,REL_ROAD,LGT_COND,WEATHER1,WEATHER2,WEATHER,SCH_BUS,RAIL,NOT_HOUR,NOT_MIN,ARR_HOUR,ARR_MIN,HOSP_HR,HOSP_MN,CF1,CF2,CF3,FATALS,DRUNK_DR
51,510488,2,2,0,0,0,3,3,59,0,29,9,2013,1,1,40,1,13,3,SR-286,,99,38.82945,-77.36724722,0,12,2,0,1,1,0,1,6,1,10,10,0,0000000,99,99,99,99,99,99,0,0,0,1,1
51,510489,3,3,0,0,0,4,4,185,0,21,9,2013,7,13,0,0,4,3,SR-61,,49,37.12383056,-81.45545833,0,12,1,0,1,1,0,1,1,2,0,2,0,0000000,13,19,13,23,99,99,0,0,0,1,0
51,510490,1,1,0,0,0,1,1,41,0,21,9,2013,7,9,4,1,2,3,SR-150,,119,37.44549444,-77.46331389,0,59,0,1,5,1,0,4,1,1,10,10,0,0000000,99,99,99,99,99,99,0,0,0,1,0
51,510491,3,3,0,0,0,3,3,173,0,2,10,2013,4,15,27,1,1,1,I-81,,546,36.88433611,-81.38223611,0,1,0,0,1,1,2,1,1,1,10,10,0,0000000,99,99,99,99,99,99,0,0,0,3,1
51,510493,1,1,0,1,1,1,1,47,0,2,10,2013,4,6,40,1,2,2,US-522,,750,38.48234444,-78.010775,0,8,0,0,1,1,0,1,2,1,10,10,0,0000000,99,99,99,99,99,99,0,0,0,1,0
51,510494,1,1,0,0,0,2,2,59,0,4,10,2013,6,2,20,1,13,2,US-50,,639,38.89631667,-77.43621667,0,24,0,0,1,1,0,3,2,1,10,10,0,0000000,2,25,2,38,99,99,0,0,0,1,1
51,510495,2,2,0,0,0,3,3,107,0,6,10,2013,1,0,49,0,99,4,CR-625,JUNCTION PL,51,39.03458333,-77.50128333,0,12,6,0,2,2,0,1,3,1,10,10,0,0000000,99,99,99,99,99,99,0,0,0,2,2
51,510496,3,3,0,0,0,4,4,37,0,5,10,2013,7,12,0,0,4,3,SR-147,,563,37.19771944,-78.68589167,0,11,0,0,1,1,0,1,1,1,10,10,0,0000000,99,99,12,15,99,99,0,0,0,1,0
51,510497,1,1,0,0,0,9,9,153,0,6,10,2013,1,4,8,1,2,3,SR-234,,51,38.61336389,-77.38875278,0,7,0,0,1,1,0,4,2,1,10,10,0,0000000,99,99,99,99,99,99,0,0,0,1,0
51,510498,2,2,0,0,0,3,3,775,2170,5,10,2013,7,16,30,1,13,3,SR-112,HORNER LN,3,37.2923,-80.09805833,0,12,1,0,1,1,0,1,1,1,10,10,0,0000000,16,32,16,37,17,12,14,0,0,1,0
51,510499,1,1,0,0,0,2,2,125,0,5,10,2013,7,19,12,0,3,2,US-250,,746,38.03798889,-78.83636111,0,17,0,0,1,1,0,4,5,1,10,10,0,0000000,99,99,99,99,99,99,0,0,0,1,0
51,510500,2,2,0,0,0,2,2,59,0,4,10,2013,6,15,51,0,14,4,CR-668,,13,38.92247778,-77.41107222,0,12,2,1,18,1,0,1,1,1,10,10,0,0000000,15,52,16,2,16,31,0,0,0,1,0
51,510501,2,2,0,0,0,6,6,45,0,6,10,2013,1,23,30,0,4,3,SR-31,,227,37.50142222,-80.10985278,0,12,7,0,8,1,0,1,2,1,10,10,0,0000000,23,37,23,44,0,19,0,0,0,3,1
51,510502,1,1,0,0,0,3,3,59,0,6,10,2013,1,3,5,0,14,4,CR-613,,80,38.79765278,-77.13480556,0,21,0,0,1,1,0,3,3,1,10,10,0,0000000,99,99,99,99,99,99,0,0,0,3,1
51,510503,1,1,0,0,0,1,1,23,0,8,10,2013,3,1,45,0,6,4,CR-640,,89,37.45328889,-79.78436389,0,42,0,0,1,1,0,4,2,1,10,10,0,0000000,99,99,99,99,99,99,0,0,0,1,1
51,510504,2,2,0,0,0,7,7,107,0,4,10,2013,6,14,24,0,3,2,US-50,,505,38.97746389,-77.65779722,0,12,6,0,1,1,0,1,1,1,10,10,0,0000000,99,99,99,99,99,99,0,0,0,1,0
51,510505,4,4,0,0,0,5,5,179,0,8,10,2013,3,5,24,1,1,1,I-95 NORTH,,1354,38.36048333,-77.47067778,0,35,0,0,1,1,0,3,1,1,10,10,0,0000000,99,99,99,99,99,99,0,0,0,1,0
51,510506,2,2,0,0,0,5,5,47,0,29,9,2013,1,1,15,1,2,2,US-29,,1747,38.45647222,-78.11675833,0,12,2,0,1,1,0,1,2,1,10,10,0,0000000,99,99,99,99,99,99,0,0,0,1,2
51,510507,1,1,0,0,0,1,1,1,0,10,10,2013,5,10,33,1,2,2,US-13,,1240,37.74888889,-75.63171667,0,59,0,0,1,1,0,4,1,2,0,2,0,0000000,99,99,99,99,88,88,0,0,0,1,0
51,510508,1,1,0,0,0,3,3,810,2540,11,10,2013,6,17,46,0,14,6,FIRST COLONIAL RD,,23,36.872325,-76.03625,0,42,0,0,1,1,0,3,5,2,0,2,0,0000000,99,99,99,99,99,99,0,0,0,1,0
51,510509,1,1,0,1,1,1,1,153,0,12,10,2013,7,9,39,0,14,4,CR-641,,39,38.67864167,-77.27250833,0,33,0,0,1,1,0,4,1,2,0,2,0,0000000,99,99,99,99,99,99,0,0,0,1,0
51,510510,2,2,0,0,0,2,2,69,0,9,10,2013,4,14,50,1,1,1,I-81,,3071,39.07208889,-78.22637778,0,12,1,0,1,1,0,2,1,1,10,10,0,0000000,14,57,14,59,99,99,0,0,0,1,0
51,510511,1,1,0,0,0,4,4,103,0,12,10,2013,7,12,25,0,4,4,CR-605,,11,37.76864722,-76.41972222,0,42,0,0,1,1,0,4,1,1,10,10,0,0000000,99,99,99,99,99,99,0,0,0,1,0
51,510512,1,1,0,0,0,2,2,710,1760,11,10,2013,6,19,58,1,13,3,SR-17,CAMELLIA RD,21,36.91750556,-76.20097778,0,33,0,0,3,4,0,3,3,2,0,2,0,0000000,99,99,99,99,99,99,0,0,0,1,0
51,510513,2,2,0,0,0,3,3,1,0,11,10,2013,6,20,9,0,6,4,CR-609,,27,37.59361667,-75.80767778,0,12,2,0,1,1,0,1,2,1,10,10,0,0000000,99,99,99,99,99,99,0,0,0,2,2
51,510514,1,1,0,0,0,2,2,113,0,12,10,2013,7,18,53,0,6,4,CR-616,,70,38.237,-78.20142778,0,53,0,0,1,1,0,4,2,2,0,2,0,0000000,18,53,19,58,20,12,0,0,0,1,0
51,510515,1,1,0,0,0,2,2,73,0,11,10,2013,6,21,40,0,4,4,CR-641,,30,37.29199167,-76.47856111,0,34,0,0,1,1,0,4,2,2,10,2,0,0000000,99,99,99,99,99,99,0,0,0,1,0
51,510516,1,1,0,0,0,1,1,191,0,3,10,2013,5,22,5,0,4,2,US-11,CRISMAN HOLLOW RD,277,36.76898056,-81.78268056,0,1,0,0,3,3,0,2,2,1,10,10,0,0000000,22,13,22,25,99,99,0,0,0,1,1
51,510517,5,5,0,0,0,5,5,107,0,4,10,2013,6,19,15,0,19,2,US-15,OATLANDS MILL RD,2108,39.01807778,-77.37363611,0,12,1,0,3,99,0,1,5,1,10,10,0,0000000,19,29,20,2,20,40,0,0,0,1,0
51,510518,1,1,0,0,0,2,2,107,0,6,10,2013,1,1,27,0,99,4,CR-621,,104,39.01591944,-77.57553889,0,42,0,0,1,1,0,4,2,1,10,10,0,0000000,99,99,99,99,88,88,0,0,0,2,1
51,510519,1,1,0,0,0,2,2,15,0,12,10,2013,7,19,0,0,3,3,SR-42,,2061,38.39534167,-78.95918611,0,11,0,0,1,1,0,1,2,2,0,2,0,0000000,99,99,99,99,99,99,0,0,0,1,0
51,510520,1,1,0,0,0,1,1,550,468,13,10,2013,1,1,37,1,11,1,I-64,,2972,36.760225,-76.35628333,0,42,0,0,1,1,0,3,3,2,0,2,0,0000000,1,37,1,41,88,88,0,0,0,1,1
51,510521,3,3,0,0,0,3,3,41,0,16,10,2013,4,0,12,1,12,3,SR-288 SOUTH,,24,37.23070278,-77.2657,0,1,0,0,1,1,0,1,2,1,10,10,0,0000000,99,99,99,99,99,99,14,0,0,1,0
51,510522,1,1,0,1,1,1,1,710,1760,16,10,2013,4,6,39,0,14,3,SR-168,MASON CREEK RD,310,36.95585278,-76.258275,0,8,0,0,3,2,0,1,3,1,10,10,0,0000000,99,99,99,99,99,99,0,0,0,1,0
51,510523,1,1,0,0,0,1,1,87,0,16,10,2013,4,12,40,1,11,1,I-295,,239,37.52518611,-77.27080833,0,24,0,0,1,1,0,3,1,1,10,10,0,0000000,99,99,99,99,88,88,0,0,0,1,0
51,510524,1,1,0,0,0,1,1,119,0,16,10,2013,4,20,12,0,3,3,SR-33,,437,37.59611111,-76.50607778,0,34,0,0,1,1,0,4,2,1,10,10,0,0000000,20,14,20,17,88,88,0,0,0,1,0
51,510525,1,1,0,0,0,1,1,143,0,17,10,2013,5,1,45,1,2,2,US-58,,2790,36.63050556,-79.65672222,0,53,0,0,1,1,0,4,2,1,10,10,0,0000000,1,50,2,4,2,42,0,0,0,1,1
51,510526,2,2,0,0,0,2,2,117,0,16,10,2013,4,4,10,1,12,3,SR-58,,3690,36.67095278,-78.22274444,0,12,1,0,1,1,0,1,2,1,10,10,0,0000000,99,99,99,99,99,99,0,0,0,1,0
51,510527,2,2,0,0,0,2,2,53,0,20,10,2013,1,4,50,1,2,2,US-460,,3094,37.19416667,-77.54041944,0,12,2,0,1,1,0,1,2,1,10,10,0,0000000,4,57,5,13,6,20,0,0,0,1,1
51,510528,1,1,0,1,1,1,1,195,0,18,10,2013,6,20,50,1,2,2,US-23,,345,36.87970556,-82.73491111,0,8,0,1,17,1,0,1,2,1,10,10,0,0000000,99,99,99,99,99,99,0,0,0,1,0
51,510529,1,1,0,0,0,2,2,1,0,20,10,2013,1,19,54,0,4,4,CR-605,,80,37.60003056,-75.74411389,0,34,0,0,1,1,0,4,2,1,10,10,0,0000000,99,99,99,99,88,88,0,0,0,2,1
51,510530,2,2,0,0,0,2,2,41,0,10,10,2013,5,6,50,0,14,4,CR-620,,3,37.30532222,-77.40361111,0,12,6,0,1,1,0,1,2,2,10,2,0,0000000,6,58,7,6,8,0,0,0,0,2,0
51,510531,2,2,0,0,0,2,2,800,2390,21,10,2013,2,22,55,1,12,2,US-58,,4725,36.76474722,-76.556325,0,12,2,1,18,1,0,1,2,1,10,10,0,0000000,99,99,99,99,99,99,0,0,0,2,0
51,510532,1,1,0,0,0,1,1,710,1760,13,10,2013,1,2,36,1,13,2,US-460,,3983,36.84377222,-76.26659167,0,33,0,0,1,1,0,4,3,2,0,2,0,0000000,99,99,2,39,3,0,0,0,0,1,1
51,510533,2,2,0,1,1,11,11,810,2540,22,10,2013,3,6,45,0,14,6,HOLLAND RD,,0,36.82317222,-76.12590833,0,12,1,0,1,1,0,1,3,1,10,10,1,0000000,99,99,99,99,99,99,23,0,0,1,0
51,510534,2,2,0,0,0,3,3,85,0,11,10,2013,6,15,8,0,15,4,CR-642,,15,37.61945,-77.35583889,0,12,2,0,1,1,0,1,1,2,0,2,0,0000000,15,9,15,18,15,53,0,0,0,1,1
51,510535,2,2,0,0,0,2,2,87,0,25,10,2013,6,2,20,1,11,1,I-95,,804,37.59997778,-77.46180278,0,12,9,0,1,1,0,1,2,1,10,10,0,0000000,99,99,99,99,99,99,0,0,0,1,1
51,510536,3,3,0,0,0,4,4,35,0,22,10,2013,3,14,40,0,3,2,US-52,,31,36.59380556,-80.6794,0,12,2,0,1,1,0,1,1,1,10,10,0,0000000,14,46,14,56,16,0,0,0,0,1,0
51,510537,1,1,0,0,0,7,7,175,0,26,10,2013,7,11,20,0,3,2,US-258,,73,36.67332778,-76.92378889,0,34,0,0,1,1,0,4,1,1,10,10,0,0000000,99,99,99,99,99,99,0,0,0,1,1
51,510538,1,1,0,0,0,1,1,550,468,25,10,2013,6,22,15,1,11,1,I-64,,2908,36.79458611,-76.21201111,0,1,0,0,1,1,0,3,1,1,10,10,0,0000000,99,99,99,99,99,99,0,0,0,1,1
51,510539,2,2,0,0,0,2,2,800,2390,25,10,2013,6,17,37,1,2,2,US-58,,4590,36.68931111,-76.75603056,0,12,1,0,1,1,1,1,1,1,10,10,0,0000000,99,99,99,99,99,99,0,0,0,1,0
51,510540,2,2,0,0,0,2,2,107,0,26,10,2013,7,17,46,1,13,3,SR-7,,384,39.10386667,-77.54360278,0,12,6,1,5,1,0,1,5,1,10,10,0,0000000,99,99,99,99,88,88,0,0,0,1,0
51,510541,2,2,0,0,0,3,3,9,0,27,10,2013,1,15,2,0,3,2,US-60,,967,37.56286944,-78.96051667,0,12,6,0,8,1,0,1,1,1,10,10,0,0000000,15,3,15,11,88,88,0,0,0,1,0
51,510542,3,3,0,1,1,2,2,710,1760,26,10,2013,7,1,0,1,11,1,I-64,,133,36.84610556,-76.18884444,0,12,1,0,1,1,0,1,3,1,10,10,0,0000000,99,99,99,99,99,99,19,0,0,1,0
51,510543,1,1,0,0,0,1,1,149,0,27,10,2013,1,21,30,1,2,2,US-460,,3235,37.19127222,-77.32653333,0,11,0,0,1,1,0,1,2,1,10,10,0,0000000,99,99,99,99,88,88,0,0,0,1,1
51,510544,1,1,0,0,0,1,1,595,870,27,10,2013,1,1,48,1,1,1,I-95 NORTH,,111,36.70337222,-77.54862778,0,59,0,1,5,1,0,4,3,1,10,10,0,0000000,99,99,99,99,99,99,0,0,0,1,1
51,510545,3,3,0,0,0,4,4,59,0,28,10,2013,2,15,2,0,14,3,SR-309,DOLLEY MADISON BLVD,0,38.93747222,-77.18585833,0,12,6,0,2,2,0,1,1,1,10,10,0,0000000,99,99,99,99,99,99,0,0,0,1,0
51,510546,2,2,0,0,0,3,3,87,0,28,10,2013,2,7,12,0,14,3,SR-5,,44,37.47263611,-77.38936389,0,12,2,0,1,1,0,1,1,1,10,10,1,0000000,99,99,99,99,99,99,0,0,0,1,0
51,510547,1,1,0,1,1,1,1,540,440,28,10,2013,2,12,28,0,16,9,NELSON DR,,0,38.03715,-78.47741389,0,8,0,0,1,1,0,1,1,1,10,10,0,0000000,99,99,99,99,99,99,0,0,0,1,0
51,510548,2,2,0,0,0,2,2,85,0,21,10,2013,2,14,33,0,5,4,CR-606,WILLIAMSVILLE RD,68,37.67649444,-77.29301944,0,12,6,0,2,4,0,1,1,1,10,10,0,0000000,14,39,14,50,17,16,0,0,0,1,0
51,510549,2,2,0,0,0,3,3,87,0,28,10,2013,2,15,29,1,11,1,I-64,,1959,37.58156667,-77.46927222,0,12,1,0,1,1,0,1,1,1,10,10,0,0000000,15,29,15,34,15,51,0,0,0,1,0
51,510550,1,1,0,0,0,1,1,49,0,25,10,2013,6,12,30,0,4,3,SR-13,,12,37.51130278,-78.2115,0,42,0,0,1,1,0,4,1,1,10,10,0,0000000,12,35,12,53,99,99,0,0,0,1,0
51,510551,3,3,0,0,0,4,4,19,0,31,10,2013,5,17,35,0,14,4,CR-142,GRIST MILL RD,10,37.37225833,-79.20895,0,12,6,0,2,3,0,1,1,1,10,10,0,0000000,99,99,99,99,99,99,0,0,0,1,0
51,510552,2,2,0,0,0,3,3,141,0,31,10,2013,5,17,35,0,4,3,SR-10,HATCHERS CHAPELL RD,8,36.56063611,-80.46764444,0,12,6,0,2,2,0,1,1,1,10,10,0,0000000,99,99,99,99,99,99,0,0,0,1,0
51,510553,1,1,0,0,0,1,1,103,0,28,10,2013,2,13,30,0,3,3,SR-3,,1236,37.67235,-76.37853611,0,42,0,0,1,1,0,4,1,1,10,10,0,0000000,99,99,99,99,99,99,0,0,0,1,0
51,510554,3,3,0,0,0,3,3,59,0,15,10,2013,3,17,54,0,3,4,CR-645,,112,38.77738611,-77.38369444,0,12,8,0,1,1,0,1,1,1,10,10,0,0000000,99,99,99,99,88,88,0,0,0,1,0
51,510555,1,1,0,1,1,1,1,59,0,9,10,2013,4,13,54,0,14,4,CR-789,,29,38.7782,-77.17599722,0,8,0,1,5,1,0,1,1,1,10,10,0,0000000,99,99,99,99,88,88,0,0,0,1,0
51,510556,1,1,0,0,0,1,1,89,0,1,10,2013,3,4,39,0,4,3,SR-57,,225,36.77994444,-79.67953611,0,39,0,0,1,1,0,4,2,5,0,5,0,0000000,4,39,4,48,5,26,0,0,0,1,0
51,510557,1,1,0,0,0,1,1,87,0,6,10,2013,1,0,1,0,14,4,CR-768,,13,37.66770278,-77.47905556,0,34,0,0,1,1,0,4,2,1,10,10,0,0000000,99,99,99,99,88,88,0,0,0,1,1
51,510558,2,2,0,0,0,27,27,550,468,30,10,2013,4,14,25,0,14,6,CR-852,PEPPERCORN DR,17,36.85310556,-76.41534722,0,12,6,0,2,3,0,1,1,1,10,10,1,0000000,99,99,99,99,99,99,0,0,0,1,0
51,510559,1,1,0,0,0,1,1,153,0,12,10,2013,7,21,25,0,16,4,CR-76,,2,38.68698889,-77.2964,0,33,0,0,1,1,0,4,2,2,0,2,0,0000000,99,99,21,27,22,6,0,0,0,1,0
51,510560,2,2,0,0,0,2,2,650,1180,1,11,2013,6,6,13,1,13,2,US-258,,598,37.02239722,-76.43847222,0,5,0,1,18,1,0,1,3,1,10,10,0,0000000,6,13,6,19,6,38,14,0,0,1,0
51,510561,1,1,0,0,0,1,1,3,0,2,11,2013,7,3,4,0,4,3,SR-6,,351,37.80835278,-78.52555278,0,42,0,0,1,1,0,4,2,1,10,10,0,0000000,3,4,3,8,88,88,0,0,0,1,1
51,510562,1,1,0,0,0,1,1,109,0,2,11,2013,7,17,41,0,4,2,US-250,,1131,37.96825278,-78.21201111,0,42,0,0,1,1,0,4,1,1,10,10,0,0000000,99,99,99,99,88,88,0,0,0,1,1
51,510563,1,1,0,0,0,1,1,53,0,3,11,2013,1,7,15,0,6,4,CR-643,,14,37.09469444,-77.85525,0,1,0,0,1,1,0,4,2,1,10,10,0,0000000,99,99,99,99,88,88,0,0,0,1,1
51,510564,1,1,0,0,0,1,1,107,0,3,11,2013,1,10,25,0,4,4,CR-690,N SHORE DR,40,39.11935278,-77.72848056,0,32,0,0,3,3,0,4,1,1,10,10,0,0000000,10,29,10,36,99,99,0,0,0,1,1
51,510565,1,1,0,0,0,1,1,115,0,5,11,2013,3,17,12,0,4,4,CR-660,,56,37.44149167,-76.37865833,0,34,0,0,1,1,0,4,1,1,10,10,0,0000000,99,99,99,99,88,88,0,0,0,1,1
51,510566,1,1,0,0,0,1,1,85,0,4,11,2013,2,17,18,0,3,2,US-33,,1203,37.72899167,-77.58354444,0,42,0,0,1,1,0,4,1,1,10,10,0,0000000,99,99,99,99,88,88,0,0,0,1,0
51,510567,2,2,0,0,0,3,3,650,1180,7,11,2013,5,8,20,0,14,3,SR-351,GREENBRIAR AVE,23,37.00666944,-76.39456111,0,12,6,0,2,3,0,1,1,2,0,2,0,0000000,99,99,99,99,99,99,0,0,0,1,1
51,510568,1,1,0,0,0,1,1,3,0,6,11,2013,4,19,6,1,2,2,US-29,,1254,37.95458611,-78.66062222,0,42,0,0,1,1,0,3,6,1,10,10,0,0000000,19,6,19,15,99,99,0,0,0,1,1
51,510569,2,2,0,0,0,2,2,89,0,9,11,2013,7,18,45,0,3,3,SR-174,,0,36.72945833,-79.91735833,0,12,2,0,1,1,0,1,2,1,10,10,0,0000000,99,99,99,99,99,99,0,0,0,1,2
51,510570,3,3,0,0,0,3,3,810,2540,8,11,2013,6,19,4,0,14,3,SR-165,,182,36.74511389,-76.07005833,0,12,6,0,1,1,0,1,2,1,10,10,0,0000000,19,26,19,30,20,4,0,0,0,1,0
51,510571,1,1,0,0,0,1,1,107,0,8,11,2013,6,4,57,0,16,4,CR-705,,1,38.95311944,-77.61823889,0,34,0,0,1,1,0,4,2,1,10,10,0,0000000,5,10,5,19,88,88,0,0,0,1,0
51,510572,1,1,0,0,0,1,1,27,0,9,11,2013,7,9,0,0,6,4,CR-615,,20,37.27158056,-82.12545833,0,30,0,0,1,1,0,1,1,1,10,10,0,0000000,9,2,9,7,11,43,0,0,0,1,0
51,510573,2,2,0,0,0,5,5,93,0,10,11,2013,1,11,20,1,13,2,US-17,SUGAR HILL RD,424,36.930375,-76.52228889,0,12,6,0,2,3,0,1,1,1,10,10,0,0000000,99,99,99,99,99,99,0,0,0,1,0
51,510574,1,1,0,0,0,1,1,181,0,9,11,2013,7,23,6,0,4,4,CR-626,,115,37.16396111,-76.86731667,0,34,0,0,1,1,1,4,2,1,10,10,0,0000000,99,99,99,99,0,15,0,0,0,1,0
51,510575,2,1,1,0,0,1,1,93,0,9,11,2013,7,15,48,0,6,6,QUAIL STREET,,0,36.97498611,-76.64088333,0,5,0,0,1,1,0,1,1,1,10,10,0,0000000,99,99,99,99,88,88,0,0,0,1,0
51,510576,1,1,0,0,0,1,1,153,0,9,11,2013,7,23,0,1,1,1,I-95 NORTH,,1496,38.55380278,-77.36048611,0,24,0,0,1,1,1,4,2,1,10,10,0,0000000,99,99,23,8,23,34,0,0,0,1,0
51,510577,2,2,0,0,0,4,4,41,0,9,11,2013,7,21,48,0,14,4,CR-604,,127,37.42654722,-77.58317778,0,12,6,0,1,1,0,1,2,1,10,10,0,0000000,21,51,21,59,22,37,0,0,0,2,1
51,510578,1,1,0,0,0,4,4,161,0,11,11,2013,2,4,38,0,15,4,CR-613,,34,37.20812222,-80.01015278,0,33,0,0,1,1,0,4,3,1,10,10,0,0000000,99,99,99,99,99,99,0,0,0,2,0
51,510579,1,1,0,0,0,1,1,550,0,11,11,2013,2,3,26,1,1,2,US-58,,0,36.78669722,-76.42356944,0,42,0,1,5,1,0,3,3,1,10,10,0,0000000,99,99,99,99,99,99,0,0,0,1,1
51,510580,2,2,0,0,0,2,2,59,0,3,11,2013,1,20,30,1,13,3,SR-7,PATTERSON RD,617,38.90371667,-77.204975,0,12,6,0,2,2,0,1,3,1,10,10,0,0000000,99,99,99,99,99,99,0,0,0,1,1
51,510581,1,1,0,1,1,1,1,710,1760,12,11,2013,3,17,1,1,13,3,SR-165,,363,36.91518611,-76.24783889,0,8,0,0,4,1,0,1,3,1,10,10,0,0000000,99,99,99,99,99,99,0,0,0,1,0
51,510582,1,1,0,0,0,1,1,141,0,14,11,2013,5,11,22,0,5,4,CR-618,,13,36.77989167,-80.24847222,0,30,0,0,1,1,0,4,1,1,10,10,0,0000000,99,99,99,99,88,88,0,0,0,1,1
51,510583,2,2,0,0,0,2,2,95,0,14,11,2013,5,15,7,1,1,1,I-64,,2254,37.43930278,-76.85168056,0,12,6,0,1,1,0,1,1,1,10,10,0,0000000,15,8,15,35,99,99,0,0,0,1,0
51,510584,2,2,0,0,0,2,2,107,1440,15,11,2013,6,7,35,0,14,6,CATOCTIN CIRCLE,,17,39.10703611,-77.56466111,0,12,6,0,1,1,0,1,1,1,10,10,0,0000000,99,99,99,99,99,99,0,0,0,1,0
51,510585,2,2,0,0,0,3,3,61,0,15,11,2013,6,12,35,1,1,1,I-66,,246,38.90505,-77.9854,0,32,0,0,1,1,0,3,1,1,10,10,0,0000000,99,99,99,99,99,99,14,0,0,1,1
51,510586,1,1,0,1,1,1,1,770,2100,15,11,2013,6,18,7,0,14,2,US-220,,1,37.23327222,-79.97181389,0,8,0,0,1,1,0,1,3,2,0,2,0,0000000,99,99,99,99,99,99,0,0,0,1,0
51,510587,1,1,0,0,0,1,1,85,0,15,11,2013,6,5,45,0,6,4,CR-605,,11,37.74146667,-77.34105556,0,1,0,0,1,1,0,1,2,2,0,2,0,0000000,99,99,99,99,88,88,0,0,0,1,0
51,510588,2,2,0,0,0,5,5,33,0,9,11,2013,7,13,5,0,4,2,US-1,ROGER CLARKE BLVD,1208,37.93129722,-77.47986111,0,12,6,0,2,2,0,1,1,1,10,10,0,0000000,99,99,99,99,99,99,0,0,0,2,0
51,510589,1,1,0,0,0,1,1,111,0,17,11,2013,1,18,40,0,4,4,CR-653,,42,37.0013,-78.1526,0,42,0,0,1,1,0,4,2,2,0,2,0,0000000,99,99,99,99,88,88,0,0,0,1,1
51,510590,1,1,0,0,0,1,1,19,0,17,11,2013,1,20,17,0,3,3,SR-122,,528,37.32246389,-79.24072778,0,42,0,0,1,1,0,4,2,2,0,2,0,0000000,20,19,20,31,88,88,0,0,0,1,1
51,510591,1,1,0,1,1,1,1,153,0,17,11,2013,1,9,27,0,16,4,CR-2000,MONTGOMERY AVE,52,38.634475,-77.27510278,0,8,0,0,3,2,0,1,1,5,0,5,0,0000000,99,99,99,99,99,99,0,0,0,1,0
51,510592,1,1,0,0,0,1,1,510,40,15,11,2013,6,20,0,0,14,6,N VAN DORN ST,BRADDOCK RD,5,38.83165278,-77.10749444,0,21,0,1,3,2,0,3,2,1,10,10,0,0000000,20,5,20,8,21,12,0,0,0,1,1
51,510593,2,2,0,0,0,4,4,177,0,7,11,2013,5,15,56,0,16,6,JEFF DAVIS HWY,LASSEN LANE,6,38.26077778,-77.49646667,0,12,6,0,2,2,0,1,1,1,10,10,0,0000000,99,99,99,99,99,99,0,0,0,1,0
51,510594,3,3,0,0,0,4,4,59,0,20,11,2013,4,13,52,1,13,3,SR-28,OLD CENTREVILLE RD,12,38.83389722,-77.43225833,0,12,6,0,2,2,0,1,1,1,10,10,0,0000000,13,53,14,1,99,99,0,0,0,1,0
51,510595,1,1,0,0,0,1,1,41,0,18,11,2013,2,7,34,0,15,4,CR-643,,18,37.44368611,-77.49184167,0,42,0,0,1,1,0,4,1,1,10,10,0,0000000,99,99,99,99,88,88,0,0,0,1,0
51,510596,1,1,0,0,0,1,1,95,0,21,11,2013,5,17,58,0,6,4,CR-100,,12,37.37905556,-76.80736944,0,53,0,0,1,1,0,4,2,1,10,10,0,0000000,17,59,18,1,18,21,0,0,0,1,1
51,510597,2,2,0,0,0,3,3,177,0,21,11,2013,5,6,45,1,1,1,I-95,,1219,38.16213056,-77.50223611,0,12,6,0,1,1,0,1,4,1,10,10,0,0000000,99,99,99,99,99,99,0,0,0,2,0
51,510598,1,1,0,1,1,1,1,89,0,21,11,2013,5,22,23,1,2,2,US-220,,222,36.79494167,-79.93449722,0,8,0,0,1,1,0,1,2,1,10,10,0,0000000,99,99,99,99,88,88,0,0,0,1,0
51,510599,1,1,0,0,0,1,1,33,0,23,11,2013,7,13,33,1,2,2,US-17,,1558,38.19850556,-77.28256667,0,42,0,0,1,1,0,4,1,1,10,10,0,0000000,99,99,99,99,88,88,0,0,0,1,0
51,510600,1,1,0,0,0,2,2,141,0,24,11,2013,1,1,57,0,3,3,SR-8,,276,36.83175278,-80.32056111,0,42,0,0,1,1,0,4,2,1,10,10,0,0000000,99,99,99,99,99,99,0,0,0,1,1
51,510601,1,1,0,0,0,1,1,59,0,25,11,2013,2,1,35,0,14,4,CR-5176,,3,38.87542778,-77.30001667,0,42,0,0,1,1,0,3,3,1,10,10,0,0000000,99,99,99,99,99,99,0,0,0,1,1
51,510602,1,1,0,0,0,2,2,19,0,27,11,2013,4,12,13,0,6,4,CR-715,,12,37.25018333,-79.45300278,0,42,0,0,1,1,0,4,1,4,0,4,0,0000000,99,99,99,99,99,99,0,0,0,1,1