STATE,ST_CASE,VE_TOTAL,VE_FORMS,PVH_INVL,PEDS,PERNOTMVIT,PERMVIT,PERSONS,COUNTY,CITY,DAY,MONTH,YEAR,DAY_WEEK,HOUR,MINUTE,NHS,ROAD_FNC,ROUTE,TWAY_ID,TWAY_ID2,MILEPT,LATITUDE,LONGITUD,SP_JUR,HARM_EV,MAN_COLL,RELJCT1,RELJCT2,TYP_INT,WRK_ZONE,REL_ROAD,LGT_COND,WEATHER1,WEATHER2,WEATHER,SCH_BUS,RAIL,NOT_HOUR,NOT_MIN,ARR_HOUR,ARR_MIN,HOSP_HR,HOSP_MN,CF1,CF2,CF3,FATALS,DRUNK_DR
51,510603,2,2,0,0,0,2,2,69,0,27,11,2013,4,14,4,0,13,2,US-50,WARDENSVILLE GRADE,114,39.19861389,-78.24928889,0,12,6,0,2,3,0,1,1,2,0,2,0,0000000,99,99,99,99,99,99,0,0,0,1,0
51,510604,2,2,0,0,0,3,3,87,0,27,11,2013,4,14,19,0,14,3,SR-5,DORAN RD,79,37.44115833,-77.343,0,12,2,0,3,3,0,1,1,2,0,2,0,0000000,99,99,99,99,88,88,0,0,0,1,0
51,510605,1,1,0,0,0,1,1,109,0,27,11,2013,4,22,15,1,1,1,I-64 WEST,,1376,37.97121667,-78.20175556,0,52,0,0,1,1,0,4,2,1,10,10,0,0000000,99,99,99,99,88,88,0,0,0,1,1
51,510606,2,2,0,0,0,3,3,810,2540,26,11,2013,3,20,30,0,3,6,PUNGO FERRY RD,,9,36.61448056,-76.06848056,0,12,6,0,1,1,0,1,2,2,0,2,0,0000000,99,99,99,99,99,99,0,0,0,1,1
51,510607,1,1,0,0,0,1,1,85,0,27,11,2013,4,18,11,0,3,3,SR-156,,554,37.5838,-77.288925,0,32,0,0,1,1,0,4,2,2,0,2,0,0000000,18,13,18,20,18,53,0,0,0,1,0
51,510608,1,1,0,1,1,1,1,710,1760,29,11,2013,6,19,5,1,13,3,SR-168,GREENLEAF DR,214,36.82581667,-76.2609,0,8,0,0,3,2,0,1,3,1,10,10,0,0000000,99,99,99,99,99,99,0,0,0,1,0
51,510609,1,1,0,0,0,3,3,149,0,29,11,2013,6,21,11,1,1,1,I-95,,391,37.05539722,-77.37853333,0,42,0,0,1,1,0,3,2,1,10,10,0,0000000,99,99,99,99,99,99,0,0,0,1,0
51,510610,1,1,0,0,0,1,1,117,0,30,11,2013,7,23,30,0,6,4,CR-803,,2,36.60473889,-78.54744444,0,42,0,0,1,1,0,4,2,1,10,10,0,0000000,99,99,99,99,88,88,0,0,0,1,1
51,510611,1,1,0,0,0,2,2,35,0,30,11,2013,7,21,50,0,4,4,CR-620,,231,36.79492222,-80.82484444,0,38,0,0,1,1,0,4,2,1,10,10,0,0000000,22,33,23,36,0,20,0,0,0,1,1
51,510612,1,1,0,0,0,1,1,760,2060,22,11,2013,6,23,4,1,13,2,US-360,,1361,37.49195278,-77.48929167,0,25,0,0,1,1,0,3,3,1,10,10,0,0000000,99,99,99,99,99,99,0,0,0,1,0
51,510613,1,1,0,1,1,1,1,770,2100,26,11,2013,3,18,16,0,15,6,JEFFERSON STREET SE,WELLER LN SE,1,37.25119444,-79.94371389,0,8,0,0,3,2,0,1,3,2,0,2,0,0000000,99,99,99,99,99,99,0,0,0,1,0
51,510614,1,1,0,2,2,1,1,510,40,10,11,2013,1,15,37,0,16,9,KEY DR,,99999,38.81887222,-77.08487222,0,8,0,0,8,1,0,1,1,1,10,10,0,0000000,99,99,99,99,99,99,0,0,0,1,0
51,510615,1,1,0,0,0,1,1,95,0,21,11,2013,5,22,43,1,1,1,I-64,,2274,37.41924167,-76.82250278,0,42,0,1,19,1,0,8,2,1,10,10,0,0000000,99,99,99,99,88,88,0,0,0,1,0
51,510616,1,1,0,0,0,1,1,169,0,28,11,2013,5,13,40,1,2,2,US-23,,150,36.87171111,-82.74111111,0,52,0,0,1,1,0,4,1,1,10,10,0,0000000,99,99,99,99,99,99,0,0,0,1,0
51,510617,2,2,0,0,0,2,2,59,0,22,11,2013,6,6,12,1,13,2,US-1,,1827,38.70906667,-77.15764722,0,12,6,0,8,1,0,1,4,1,10,10,0,0000000,6,12,6,18,6,51,0,0,0,1,0
51,510618,1,1,0,0,0,1,1,121,0,8,11,2013,6,20,29,0,16,4,CR-460,,1,37.16830278,-80.25476111,0,32,0,0,1,1,0,4,2,1,10,10,0,0000000,99,99,99,99,99,99,0,0,0,1,0
51,510619,1,1,0,0,0,1,1,197,0,21,11,2013,5,6,55,1,1,1,I-81 SOUTH,,853,36.94945278,-80.88556389,0,35,0,0,1,1,0,4,1,1,10,10,0,0000000,7,0,7,11,99,99,0,0,0,1,0
51,510620,1,1,0,0,0,1,1,145,0,12,11,2013,3,17,15,0,4,4,CR-711,,125,37.56382222,-77.70588889,0,35,0,0,1,1,0,4,5,1,10,10,0,0000000,99,99,99,99,88,88,0,0,0,1,1
51,510621,1,1,0,0,0,3,3,149,0,9,11,2013,7,13,10,1,1,1,I-95,,415,37.08891944,-77.35695278,0,42,0,0,1,1,0,4,1,1,10,10,0,0000000,99,99,13,18,88,88,0,0,0,3,0
51,510622,1,1,0,0,0,1,1,53,0,30,11,2013,7,21,52,0,3,3,SR-40,HILLTOP DRIVE,1789,36.96588056,-77.69772778,0,42,0,0,3,3,0,4,2,1,10,10,0,0000000,99,99,99,99,99,99,0,0,0,1,1
51,510623,1,1,0,1,1,1,1,650,1180,25,11,2013,2,17,12,0,15,6,PINE CHAPEL RD,,9,37.03956667,-76.37879444,0,8,0,1,18,1,0,1,3,1,10,10,0,0000000,99,99,99,99,99,99,0,0,0,1,0
51,510624,2,2,0,0,0,3,3,550,468,12,11,2013,3,13,51,0,6,4,CR-8662,WOODSPRING AVE,14,36.743575,-76.22735,0,12,2,0,2,3,0,1,1,1,10,10,0,0000000,13,52,13,57,99,99,0,0,0,1,0
51,510625,1,1,0,0,0,1,1,93,0,22,11,2013,6,22,26,1,13,2,US-17,,408,36.91404167,-76.50346667,0,23,0,0,1,1,0,4,2,2,10,2,0,0000000,99,99,99,99,99,99,0,0,0,1,0
51,510626,1,1,0,0,0,9,9,117,0,1,12,2013,1,17,56,1,2,2,US-58,,3588,36.66545,-78.40059167,0,52,0,0,1,1,0,4,2,1,10,10,0,0000000,99,99,99,99,99,99,0,0,0,1,0
51,510627,2,2,0,0,0,4,4,41,0,1,12,2013,1,10,20,0,13,2,US-1,,816,37.377425,-77.42309722,0,12,8,0,1,1,0,1,1,1,10,10,0,0000000,99,99,99,99,99,99,0,0,0,1,0
51,510628,1,1,0,0,0,1,1,69,0,3,12,2013,3,8,10,1,2,3,SR-55,,31,39.20563056,-78.2612,0,42,0,0,1,1,0,4,1,1,10,10,0,0000000,99,99,99,99,99,99,0,0,0,1,0
51,510629,1,1,0,0,0,11,11,163,0,3,12,2013,3,1,25,0,6,4,CR-602,,24,37.84780278,-79.42554167,0,34,0,0,1,1,0,4,2,1,10,10,0,0000000,99,99,99,99,99,99,0,0,0,1,1
51,510630,3,3,0,0,0,3,3,650,1180,2,12,2013,2,12,46,0,14,6,BIG BETHEL RD,MICHAEL WOODS DR,31,37.05757222,-76.42785833,0,12,6,0,2,2,0,1,1,1,10,10,0,0000000,12,47,13,2,13,26,0,0,0,1,0
51,510631,2,1,1,1,1,1,1,85,0,2,12,2013,2,8,0,0,16,4,CR-1630,,9,37.63229167,-77.30265556,0,14,0,0,1,1,0,4,1,1,10,10,0,0000000,99,99,99,99,99,99,23,0,0,1,0
51,510632,2,2,0,0,0,2,2,153,0,2,12,2013,2,5,25,1,13,3,SR-234,HOADLEY RD,99,38.658925,-77.44062222,0,12,1,0,3,3,0,1,4,1,10,10,0,0000000,5,27,5,35,6,5,0,0,0,1,0
51,510633,2,2,0,0,0,2,2,59,0,4,12,2013,4,23,5,0,14,3,SR-289,,12,38.76471667,-77.19641944,0,35,0,0,1,1,0,4,3,1,10,10,0,0000000,23,7,23,14,23,42,0,0,0,1,0
51,510634,1,1,0,0,0,4,4,5,0,6,12,2013,6,20,57,0,6,4,CR-616,,85,37.68222778,-80.02144444,0,42,0,0,1,1,0,5,2,2,0,2,0,0000000,99,99,99,99,99,99,0,0,0,1,0
51,510635,1,1,0,0,0,3,3,67,0,7,12,2013,7,5,30,0,3,3,SR-122,LAKEMONT DR,162,37.14123056,-79.683275,0,42,0,0,3,3,0,4,2,1,10,10,0,0000000,99,99,99,99,99,99,0,0,0,1,0
51,510636,1,1,0,0,0,1,1,83,0,7,12,2013,7,23,11,0,4,3,SR-96,,5,36.5742,-78.88576944,0,42,0,0,1,1,0,5,3,1,10,10,0,0000000,23,11,23,16,88,88,0,0,0,1,1
51,510637,2,1,1,0,0,2,2,59,0,7,12,2013,7,20,36,1,11,1,I-95 NORTH,,208,38.76869444,-77.18287222,0,45,0,1,19,1,1,2,2,1,10,10,0,0000000,99,99,99,99,88,88,0,0,0,2,1
51,510638,3,3,0,0,0,3,3,41,0,8,12,2013,1,20,56,0,13,4,CR-20,BUSY ST,162,37.50254722,-77.61041944,0,12,6,0,2,2,0,1,2,2,0,2,0,0000000,99,99,99,99,99,99,0,0,0,1,0
51,510639,1,1,0,0,0,1,1,101,0,11,12,2013,4,19,53,0,6,4,CR-602,,2,37.71608611,-77.22765556,0,5,0,0,1,1,0,4,2,1,10,10,0,0000000,99,99,99,99,88,88,0,0,0,1,0
51,510640,2,2,0,0,0,1,1,115,0,13,12,2013,6,14,53,0,4,4,CR-626,,22,37.48762778,-76.38223611,0,12,1,0,1,1,0,1,1,1,10,10,0,0000000,14,55,15,1,15,29,0,0,0,1,0
51,510641,1,1,0,0,0,1,1,19,0,14,12,2013,7,8,10,0,4,4,CR-757,,21,37.22849167,-79.76971111,0,38,0,0,1,1,0,4,1,1,10,10,0,0000000,8,21,8,36,8,58,0,0,0,1,0
51,510642,1,1,0,0,0,1,1,117,0,14,12,2013,7,14,45,0,4,4,CR-618,,90,36.70210556,-78.10148611,0,19,0,0,1,1,0,4,1,2,0,2,0,0000000,99,99,99,99,99,99,0,0,0,1,0
51,510643,2,2,0,0,0,2,2,87,0,13,12,2013,6,1,10,0,13,2,US-301,PARHAM RD,825,37.64008611,-77.42400556,0,12,6,0,2,3,0,1,2,1,10,10,0,0000000,99,99,99,99,99,99,0,0,0,1,2
51,510644,1,1,0,0,0,2,2,710,1760,15,12,2013,1,3,14,1,11,1,I-264,,0,36.842325,-76.21391389,0,42,0,0,1,1,0,4,3,2,0,2,0,0000000,99,99,99,99,99,99,0,0,0,1,0
51,510645,1,1,0,0,0,1,1,105,0,4,12,2013,4,17,15,0,6,4,CR-621,,57,36.72631111,-83.2105,0,34,0,0,1,1,0,4,2,1,10,10,0,0000000,99,99,99,99,99,99,0,0,0,1,0
51,510646,1,1,0,0,0,1,1,131,0,17,12,2013,3,13,1,1,2,2,US-13,,812,37.22146389,-75.97096667,0,1,0,0,1,1,0,1,1,1,10,10,0,0000000,99,99,99,99,88,88,0,0,0,1,1
51,510647,4,4,0,0,0,4,4,800,2390,9,12,2013,2,18,54,0,3,3,SR-337,,90,36.80328611,-76.51356389,0,12,8,0,1,1,0,1,3,2,0,2,0,0000000,19,1,19,15,19,57,0,0,0,1,1
51,510648,2,2,0,0,0,3,3,87,0,15,12,2013,1,15,38,0,15,4,CR-7708,MAYLAND DR,2,37.63971944,-77.56648611,0,12,6,0,2,2,0,1,1,1,10,10,0,0000000,99,99,99,99,99,99,0,0,0,1,0
51,510649,2,2,0,0,0,2,2,810,2540,17,12,2013,3,14,1,0,14,2,US-58,,17,36.84241944,-76.01403056,0,12,1,0,1,1,0,1,1,1,10,10,0,0000000,99,99,99,99,99,99,0,0,0,1,1
51,510650,2,2,0,0,0,3,3,19,0,19,12,2013,5,18,5,0,4,3,SR-43,,161,37.21277222,-79.41415278,0,12,8,0,1,1,0,1,3,1,10,10,0,0000000,99,99,99,99,99,99,0,0,0,1,0
51,510651,2,2,0,0,0,6,6,121,180,20,12,2013,6,21,59,1,13,2,US-460,NORTH MAIN STREET,1119,37.27105556,-80.41851944,0,12,6,1,2,2,0,1,3,1,10,10,0,0000000,22,5,22,13,22,24,0,0,0,1,0
51,510652,2,2,0,0,0,2,2,33,0,18,12,2013,4,14,11,0,4,4,CR-658,,72,37.928325,-77.50025278,0,12,2,0,1,1,0,1,1,1,10,10,0,0000000,99,99,99,99,99,99,0,0,0,1,0
51,510653,2,2,0,0,0,3,3,800,2390,21,12,2013,7,15,59,1,2,2,US-460,,3690,36.792925,-76.67628056,0,12,1,0,1,1,0,1,1,1,10,10,0,0000000,99,99,99,99,99,99,0,0,0,1,0
51,510654,2,2,0,0,0,3,3,81,0,21,12,2013,7,12,35,0,4,2,US-301,MOORES FERRY RD,47,36.61160556,-77.54830833,0,12,6,0,2,2,0,1,1,1,10,10,0,0000000,99,99,99,99,99,99,0,0,0,2,0
51,510655,1,1,0,0,0,1,1,105,0,21,12,2013,7,22,30,0,6,4,CR-742,,0,36.78992222,-83.02038333,0,1,0,0,8,1,0,5,2,2,0,2,0,0000000,99,99,99,99,88,88,0,0,0,1,1
51,510656,1,1,0,1,1,1,1,153,0,22,12,2013,1,18,11,0,14,4,CR-906,,6,38.66641944,-77.25691667,0,8,0,0,1,1,0,1,2,2,0,2,0,0000000,99,99,99,99,88,88,0,0,0,1,0
51,510657,1,1,0,1,1,1,1,147,0,23,12,2013,2,17,34,1,2,2,US-460,CARWILE DR,2431,37.30460833,-78.56161667,0,8,0,0,3,3,0,1,3,2,0,2,0,0000000,99,99,99,98,88,88,0,0,0,1,0
51,510658,1,1,0,0,0,1,1,700,1720,22,12,2013,1,3,59,1,11,1,I-64,,2556,37.11658611,-76.50083333,0,34,0,0,5,1,0,4,3,1,10,10,0,0000000,99,99,99,99,88,88,0,0,0,1,1
51,510659,1,1,0,0,0,1,1,800,2390,23,12,2013,2,8,33,1,1,2,US-58,,4763,36.75670556,-76.50820556,0,42,0,0,1,1,0,4,1,2,0,2,0,0000000,99,99,99,99,88,88,0,0,0,1,0
51,510660,2,2,0,0,0,2,2,115,0,23,12,2013,2,13,8,0,3,3,SR-198,,157,37.50554167,-76.37405278,0,12,2,0,1,1,0,1,1,2,0,2,0,0000000,99,99,99,99,88,88,0,0,0,1,0
51,510661,3,3,0,0,0,3,3,710,1760,18,12,2013,4,14,12,0,14,3,SR-192,HUETTE DR,16,36.91092778,-76.20923056,0,12,6,0,2,2,0,1,1,1,10,10,0,0000000,99,99,99,99,99,99,0,0,0,1,0
51,510662,1,1,0,0,0,1,1,37,0,22,12,2013,1,6,0,0,6,4,CR-1008,RT-40,0,37.08020556,-78.74626944,0,1,0,0,3,2,0,4,3,1,10,10,0,0000000,99,99,99,99,99,99,0,0,0,1,1
51,510663,1,1,0,0,0,2,2,9,0,6,12,2013,6,21,0,1,2,2,US-29,,167,37.53470556,-79.09578333,0,42,0,0,1,1,0,4,2,2,0,2,0,0000000,99,99,99,99,99,99,0,0,0,1,0
51,510664,5,1,4,0,0,2,2,27,0,26,12,2013,5,7,30,1,2,2,US-460,,285,37.19311944,-81.95326944,0,33,0,0,1,1,0,4,1,1,10,10,0,0000000,99,99,99,99,99,99,0,0,0,1,0
51,510665,2,2,0,0,0,2,2,173,0,27,12,2013,6,5,50,0,4,2,US-11,,380,36.80755,-81.62021667,0,12,6,0,1,1,0,1,1,1,10,10,0,0000000,99,99,99,99,99,99,0,0,0,1,1
51,510666,2,2,0,0,0,5,5,161,0,9,12,2013,2,14,57,1,13,3,SR-419,COLONNADE DR,28,37.23353611,-80.01806667,0,12,6,0,2,2,0,1,1,1,10,10,0,0000000,15,1,15,12,15,45,0,0,0,1,0
51,510667,1,1,0,0,0,1,1,197,0,27,12,2013,6,12,0,0,6,4,CR-625,,168,36.97457222,-81.26896389,0,42,0,0,1,1,0,4,1,1,10,10,0,0000000,12,13,12,28,13,14,0,0,0,1,0
51,510668,1,1,0,0,0,1,1,99,0,27,12,2013,6,22,5,0,3,3,SR-3,,615,38.18488056,-77.05882778,0,1,0,0,1,1,0,4,2,1,10,10,0,0000000,99,99,99,99,88,88,0,0,0,1,1
51,510669,3,3,0,0,0,3,3,121,0,27,12,2013,6,22,33,1,1,1,I-81,,1206,37.153725,-80.326675,0,24,0,0,1,1,0,3,2,1,10,10,0,0000000,99,99,99,99,99,99,0,0,0,1,0
51,510670,1,1,0,1,1,1,1,153,0,11,12,2013,4,16,22,0,16,4,CR-610,,90,38.60861944,-77.29093889,0,8,0,0,1,1,0,1,1,1,10,10,0,0000000,99,99,99,99,99,99,0,0,0,1,0
51,510671,1,1,0,0,0,1,1,137,0,29,12,2013,1,1,10,0,3,3,SR-20,,738,38.25824722,-78.00192778,0,32,0,0,1,1,0,4,2,1,10,10,0,0000000,99,99,99,99,88,88,0,0,0,1,1
51,510672,1,1,0,0,0,1,1,800,2390,26,12,2013,5,19,52,0,14,6,PINNER STREET,BANK STREET,1,36.72890556,-76.57911667,0,26,0,0,3,3,0,1,3,1,10,10,0,0000000,99,99,99,99,99,99,0,0,0,1,1
51,510673,2,2,0,0,0,4,4,169,0,29,12,2013,1,22,10,0,3,2,US-58,,744,36.64183056,-82.49670833,0,12,6,0,1,1,0,1,2,2,0,2,0,0000000,99,99,99,99,99,99,0,0,0,1,0
51,510674,1,1,0,0,0,1,1,550,468,10,12,2013,3,12,40,1,11,1,I-64,,2997,36.77851667,-76.38626111,0,30,0,0,1,1,0,3,1,2,0,2,0,0000000,12,40,12,49,13,34,0,0,0,1,0
51,510675,1,1,0,0,0,1,1,175,0,21,12,2013,7,8,30,1,2,2,US-58,,4222,36.68625833,-77.38108611,0,34,0,0,1,1,0,4,1,1,10,10,0,0000000,99,99,99,99,88,88,0,0,0,1,0
51,510676,1,1,0,0,0,1,1,195,0,31,12,2013,3,15,0,0,4,4,CR-645,,5,37.005775,-82.56861111,0,1,0,0,1,1,0,4,1,1,10,10,0,0000000,99,99,99,99,99,99,0,0,0,1,0
51,510677,1,1,0,1,1,1,1,87,0,30,12,2013,2,18,14,0,14,4,CR-772,,5,37.58391944,-77.49710556,0,8,0,0,1,1,0,1,2,1,10,10,0,0000000,99,99,99,99,99,99,0,0,0,1,0
51,510678,1,1,0,0,0,1,1,141,0,31,12,2013,3,10,50,0,6,4,CR-609,,58,36.77514167,-80.32762222,0,34,0,0,1,1,0,4,1,1,10,10,0,0000000,99,99,99,99,88,88,0,0,0,1,0
51,510679,1,1,0,0,0,1,1,89,0,31,12,2013,3,1,10,1,2,2,US-220,,30,36.57105833,-79.87193611,0,42,0,0,1,1,0,4,2,1,10,10,0,0000000,99,99,99,99,99,99,0,0,0,1,1
51,510680,1,1,0,0,0,1,1,7,0,31,12,2013,3,2,25,0,5,4,CR-616,LODORE RD,169,37.44040833,-78.02241389,0,42,0,0,1,1,0,4,2,1,10,10,0,0000000,99,99,99,99,88,88,0,0,0,1,1
51,510681,1,1,0,0,0,1,1,3,0,31,12,2013,3,7,34,0,3,3,SR-20,,305,37.93221389,-78.54421944,0,42,0,0,1,1,0,4,1,1,10,10,0,0000000,7,35,7,49,88,88,0,0,0,1,0
51,510682,2,2,0,0,0,2,2,27,0,31,12,2013,3,8,40,1,2,2,US-460,,86,37.31186667,-82.14169167,0,12,8,0,1,1,0,1,1,1,10,10,0,0000000,99,99,99,99,99,99,0,0,0,1,0
51,510683,1,1,0,0,0,2,2,15,0,12,12,2013,5,18,57,0,6,4,CR-601,,40,38.10104167,-79.319225,0,35,0,0,1,1,0,4,2,1,10,10,0,0000000,99,99,99,99,99,99,0,0,0,1,0
51,510685,2,2,0,0,0,3,3,3,0,15,12,2013,1,3,17,0,4,3,SR-53,,92,37.94645556,-78.36983056,0,12,1,0,1,1,0,1,2,5,0,5,0,0000000,99,99,99,99,99,99,0,0,0,1,1
51,510686,1,1,0,0,0,2,2,103,0,23,12,2013,2,23,18,0,3,3,SR-3,,1264,37.64074167,-76.40313056,0,42,0,0,1,1,0,6,2,2,0,2,0,0000000,23,22,23,31,1,10,0,0,0,1,1
51,510687,2,2,0,0,0,2,2,15,0,2,12,2013,2,9,50,0,3,3,SR-42,CEMETARY LANE,1859,38.07745833,-79.38602778,0,12,6,0,2,2,0,1,1,1,10,10,0,0000000,10,2,10,4,10,31,0,0,0,1,0
51,510688,1,1,0,1,1,1,1,179,0,27,12,2013,6,20,41,1,13,2,US-17,,1824,38.3447,-77.4982,0,8,0,0,1,1,0,1,2,1,10,10,0,0000000,22,53,23,10,2,10,0,0,0,1,0
53,530001,1,1,0,0,0,1,1,11,0,1,1,2013,3,1,7,0,5,4,CR-NE GRANTHAM RD,,19,45.91026389,-122.4914222,0,35,0,0,1,1,0,5,2,1,0,1,0,0000000,99,99,99,99,99,99,0,0,0,1,1
53,530002,1,1,0,1,1,1,1,29,0,2,1,2013,4,17,57,0,2,3,SR-20,,395,48.37179167,-122.654325,0,8,0,0,1,1,0,1,2,1,0,1,0,0000000,99,98,99,98,88,88,0,0,0,1,0
53,530003,1,1,0,0,0,3,3,35,1730,2,1,2013,4,7,30,0,2,3,SR-3,,529,47.75876667,-122.6559222,0,59,0,0,1,1,0,2,4,1,0,1,0,0000000,99,98,99,98,88,88,0,0,0,1,0
53,530004,3,3,0,1,1,3,3,37,0,3,1,2013,5,21,28,0,6,4,CR-FAIRVIEW RD,,4,46.97765,-120.4347444,0,12,6,0,1,1,0,1,2,1,0,1,0,0000000,99,99,99,99,99,99,23,0,0,1,0
53,530005,2,2,0,1,1,2,2,53,0,4,1,2013,6,6,30,0,14,4,CR-200TH SE,110TH AVE  CT E,19,47.07463333,-122.2829528,0,8,0,0,2,3,0,1,3,2,0,2,0,0000000,99,99,99,99,88,88,0,0,0,1,0
53,530006,2,2,0,0,0,2,2,63,2110,5,1,2013,7,16,2,0,2,6,W AIRPORT DR,S SPOTTED RD,0,47.63723333,-117.5183306,0,12,6,0,2,2,0,1,5,1,0,1,0,0000000,99,98,99,98,88,88,0,0,0,1,1
53,530007,1,1,0,0,0,3,3,33,1960,5,1,2013,7,2,4,1,11,1,I-5,,1650,47.61133333,-122.3312111,0,39,0,1,5,1,0,5,3,1,0,1,0,0000000,99,99,99,99,88,88,0,0,0,1,1
53,530008,1,1,0,0,0,3,3,5,0,8,1,2013,3,18,18,0,6,4,CR-EVANS RD,,5,46.287625,-119.8618194,0,1,0,0,1,1,0,5,2,1,0,1,0,0000000,99,98,99,98,99,98,0,0,0,2,0
53,530009,1,1,0,1,1,1,1,63,0,8,1,2013,3,20,20,1,13,2,US-2,LANE PARK,2978,47.79438056,-117.3510167,0,8,0,0,3,2,0,1,3,10,0,10,0,0000000,99,99,99,99,99,99,0,0,0,1,0
53,530010,1,1,0,0,0,2,2,61,0,8,1,2013,3,12,18,0,16,4,CR-RIVERVIEW RD,,5,47.92284167,-122.1403639,0,3,0,0,1,1,0,5,9,99,0,99,0,0000000,88,88,88,88,88,88,0,0,0,2,0
53,530012,2,2,0,0,0,2,2,21,0,11,1,2013,6,17,4,0,4,3,SR-260,,40,46.66341389,-118.9233278,0,12,1,0,1,1,0,1,2,1,0,1,0,0000000,99,99,99,99,99,99,0,0,0,1,0
53,530013,3,1,2,0,0,1,1,53,2230,13,1,2013,1,2,40,0,15,6,TACOMA AVE N,,0,47.26425,-122.4478778,0,14,0,0,1,1,0,5,3,1,0,1,0,0000000,99,98,99,98,88,88,0,0,0,1,1
53,530014,2,2,0,0,0,4,4,27,0,14,1,2013,2,23,20,1,2,2,US-12,,258,46.95614167,-123.3269028,0,12,2,0,1,1,0,1,2,1,0,1,0,0000000,99,99,99,99,99,99,0,0,0,1,0
53,530015,1,1,0,0,0,1,1,53,210,16,1,2013,4,14,21,0,16,6,SPIKETON RD,,99999,47.14884167,-122.0249167,0,1,0,0,1,1,0,5,1,1,0,1,0,0000000,99,99,99,99,88,88,0,0,0,1,0
53,530016,1,1,0,0,0,1,1,33,1830,19,1,2013,7,4,4,0,13,3,SR-900,,85,47.48111944,-122.2422472,0,42,0,0,1,1,0,5,2,5,0,5,0,0000000,99,98,99,98,88,88,20,0,0,1,0
53,530017,4,4,0,0,0,4,4,33,100,22,1,2013,3,10,44,0,13,6,C ST SW,SR-18,0,47.30316111,-122.2325306,0,12,6,0,3,3,0,1,1,1,0,1,0,0000000,99,98,99,98,99,98,0,0,0,1,0
53,530018,1,1,0,0,0,1,1,73,740,22,1,2013,3,6,55,0,14,6,PORTAL WAY,,0,48.8811,-122.5861639,0,1,0,0,1,1,0,5,2,5,0,5,0,0000000,99,98,99,98,88,88,0,0,0,1,0
53,530019,1,1,0,0,0,1,1,11,2370,24,1,2013,5,5,6,0,12,3,SR-14,,50,45.60859167,-122.573675,0,52,0,0,1,1,0,4,3,5,0,5,0,0000000,99,98,99,98,88,88,0,0,0,1,1
53,530020,2,2,0,0,0,2,2,33,1030,24,1,2013,5,8,56,0,16,6,64 AVE S,,0,47.3892,-122.2547028,0,12,7,0,1,1,0,1,1,1,0,1,0,0000000,99,98,99,98,99,98,0,0,0,1,0
53,530021,2,2,0,0,0,3,3,25,0,26,1,2013,7,9,5,0,2,3,SR-17,N LAKE RD SE,630,47.22418056,-119.4028583,0,12,2,0,2,2,0,1,1,10,0,10,0,0000000,99,98,99,98,88,88,0,0,0,2,0
53,530022,1,1,0,2,2,1,1,73,0,26,1,2013,7,20,13,0,4,3,SR-547,,15,48.93245833,-122.1434278,0,9,0,0,1,1,0,1,2,2,0,2,0,0000000,99,99,99,99,99,99,0,0,0,1,0
53,530023,1,1,0,0,0,1,1,73,110,29,1,2013,3,0,17,1,11,1,I-5,TELEGRAPH ED,2563,48.78383611,-122.4885639,0,46,0,1,3,2,0,3,3,10,0,10,0,0000000,99,98,99,98,88,88,0,0,0,1,1
53,530024,1,1,0,0,0,1,1,33,0,29,1,2013,3,21,56,0,14,4,CR-DOCKTON RD SW,,45,47.40019167,-122.434025,0,30,0,0,1,1,0,5,2,10,0,10,0,0000000,99,99,99,99,88,88,0,0,0,1,0
53,530025,1,1,0,0,0,1,1,61,0,31,1,2013,5,2,14,1,11,1,I-5,,1829,47.85089722,-122.2575389,0,59,0,0,1,1,0,8,3,10,0,10,0,0000000,99,98,99,98,88,88,0,0,0,1,1
53,530026,2,2,0,0,0,3,3,57,0,2,2,2013,7,17,43,0,4,4,CR-COOK RD,,51,48.50731944,-122.2761667,0,12,1,0,8,1,0,1,2,1,0,1,0,0000000,99,99,99,99,99,99,0,0,0,1,2
53,530027,1,1,0,0,0,1,1,33,100,2,2,2013,7,1,25,0,14,6,E VALLEY HWY,,0,47.24343889,-122.2260472,0,38,0,0,1,1,0,5,2,5,0,5,0,0000000,99,98,99,98,88,88,0,0,0,1,1
53,530028,1,1,0,0,0,2,2,61,0,3,2,2013,1,1,0,0,6,4,CR-SOFIE RD,,5,47.85357778,-121.9202417,0,38,0,0,1,1,0,5,2,2,0,2,0,0000000,99,99,99,99,88,88,0,0,0,2,1
53,530029,1,1,0,1,1,1,1,67,1590,3,2,2013,1,6,20,0,14,6,COOPER PT RD,CAPITOL MALL BLVD,0,47.03986944,-122.9391306,0,8,0,0,3,2,0,1,3,5,0,5,0,0000000,99,98,99,98,88,88,0,0,0,1,0