STATE,ST_CASE,VE_TOTAL,VE_FORMS,PVH_INVL,PEDS,PERNOTMVIT,PERMVIT,PERSONS,COUNTY,CITY,DAY,MONTH,YEAR,DAY_WEEK,HOUR,MINUTE,NHS,ROAD_FNC,ROUTE,TWAY_ID,TWAY_ID2,MILEPT,LATITUDE,LONGITUD,SP_JUR,HARM_EV,MAN_COLL,RELJCT1,RELJCT2,TYP_INT,WRK_ZONE,REL_ROAD,LGT_COND,WEATHER1,WEATHER2,WEATHER,SCH_BUS,RAIL,NOT_HOUR,NOT_MIN,ARR_HOUR,ARR_MIN,HOSP_HR,HOSP_MN,CF1,CF2,CF3,FATALS,DRUNK_DR
53,530030,1,1,0,0,0,1,1,61,0,4,2,2013,2,16,54,0,4,4,CR-OAK MILL RD,,4,47.98939167,-122.0330722,0,42,0,0,1,1,0,5,2,10,0,10,0,0000000,99,98,99,98,88,88,0,0,0,1,0
53,530031,1,1,0,0,0,2,2,53,747,4,2,2013,2,23,46,1,11,1,I-5,,1360,47.24093333,-122.3798972,0,25,0,0,1,1,0,3,3,10,0,10,0,0000000,99,99,99,99,99,99,20,0,0,1,1
53,530032,1,1,0,1,1,2,2,61,0,6,2,2013,4,0,28,1,2,2,US-2,,122,47.88079722,-122.0200111,0,9,0,0,1,1,0,1,2,10,0,10,0,0000000,99,98,99,98,99,98,0,0,0,1,0
53,530033,1,1,0,0,0,1,1,47,0,7,2,2013,5,7,0,1,2,2,US-97,,2508,48.00750278,-119.8862639,0,1,0,0,1,1,0,5,4,1,0,1,0,0000000,99,98,99,98,88,88,0,0,0,1,0
53,530036,1,1,0,0,0,1,1,9,0,9,2,2013,7,20,50,0,6,4,CR-LOWER ELWHA RD,,22,48.14026111,-123.5398444,0,42,0,0,1,1,0,5,2,2,0,2,0,0000000,99,98,99,98,88,88,0,0,0,1,1
53,530037,2,2,0,0,0,4,4,63,2110,10,2,2013,1,12,25,0,16,6,EMPIRE,HELENA,0,47.69304167,-117.3870306,0,12,6,0,2,2,0,1,1,10,0,10,0,0000000,99,99,99,99,99,99,0,0,0,1,0
53,530038,1,1,0,0,0,1,1,53,2230,13,2,2013,4,3,43,0,15,6,RUSTON WAY,,0,47.29249167,-122.4955333,0,33,0,0,1,1,0,4,3,10,0,10,0,0000000,99,99,99,99,99,99,0,0,0,1,0
53,530039,2,2,0,0,0,2,2,45,0,13,2,2013,4,8,44,0,2,3,SR-3,,164,47.33143611,-122.8841417,0,12,6,0,1,1,0,1,1,10,0,10,0,0000000,99,99,99,99,99,99,0,0,0,1,0
53,530040,2,2,0,0,0,2,2,15,2570,16,2,2013,7,5,21,1,11,1,I-5,,215,45.90968611,-122.7448,0,12,2,0,1,1,0,1,3,10,0,10,0,0000000,99,99,99,99,99,99,0,0,0,1,1
53,530041,2,1,1,0,0,1,1,73,0,1,2,2013,6,17,25,0,5,4,CR-MARINA DR,,5,48.98022222,-123.0691806,0,38,0,0,1,1,0,5,2,10,0,10,0,0000000,99,98,99,98,88,88,0,0,0,1,0
53,530042,2,2,0,0,0,3,3,27,0,18,2,2013,2,13,40,0,2,3,SR-8,,43,47.04193056,-123.3191417,0,12,7,0,1,1,0,1,1,10,0,10,0,0000000,99,99,99,99,99,99,0,0,0,1,0
53,530043,1,1,0,1,1,2,2,33,1960,19,2,2013,3,18,49,0,13,3,SR-99,,405,47.7345,-122.3448917,0,8,0,0,1,1,0,1,5,1,0,1,0,0000000,99,99,99,99,99,99,0,0,0,1,0
53,530044,1,1,0,0,0,3,3,49,0,20,2,2013,4,8,15,0,2,3,SR-401,,56,46.29178333,-123.8111611,0,42,0,0,1,1,0,5,1,10,0,10,0,0000000,99,99,99,99,99,99,0,0,0,1,0
53,530045,2,2,0,0,0,5,5,65,0,22,2,2013,6,16,20,1,2,2,US-395,,1870,48.01501111,-117.5862722,0,12,6,0,1,1,0,1,1,4,0,4,0,0000000,99,99,99,99,99,99,0,0,0,1,0
53,530046,1,1,0,0,0,1,1,77,0,22,2,2013,6,23,39,0,5,4,CR-COTTONWOOD CANYON RD,,39,46.56046389,-120.7309972,0,1,0,0,1,1,0,5,2,1,0,1,0,0000000,99,98,99,98,88,88,0,0,0,1,1
53,530047,1,1,0,1,1,1,1,21,1660,27,2,2013,4,18,55,0,13,6,LEWIS ST,,0,46.22986389,-119.1193667,0,9,0,0,1,1,0,1,3,1,0,1,0,0000000,99,98,99,98,88,88,0,0,0,1,0
53,530048,1,1,0,1,1,1,1,61,690,1,3,2013,6,5,59,0,13,4,CR-AIRPORT RD,SR-99,99999,47.88943889,-122.2584083,0,8,0,0,3,3,0,1,3,2,0,2,0,0000000,99,98,99,98,88,88,0,0,0,1,0
53,530049,1,1,0,0,0,1,1,37,0,1,3,2013,6,19,15,1,1,1,I-82,,0,46.97224167,-120.5122139,0,1,0,1,5,1,0,5,2,1,0,1,0,0000000,99,98,99,98,88,88,0,0,0,1,1
53,530050,2,2,0,0,0,2,2,33,1960,2,3,2013,7,18,47,0,13,6,1ST AVE S,S HUDSON ST,0,47.55740278,-122.3341917,0,12,6,0,2,2,0,1,3,2,0,2,0,0000000,99,99,99,99,99,99,0,0,0,1,0
53,530051,1,1,0,0,0,1,1,63,2113,19,2,2013,3,20,20,0,15,6,E EUCLID AVE,,0,47.68589444,-117.1438611,0,31,0,0,1,1,0,5,2,1,0,1,0,0000000,99,98,99,98,88,88,0,0,0,1,1
53,530052,2,2,0,0,0,2,2,33,980,25,2,2013,2,18,44,0,12,6,SE 43RD WAY,,0,47.56834444,-122.0463917,0,12,2,0,1,1,0,1,2,1,0,1,0,0000000,18,44,18,51,19,31,0,0,0,1,0
53,530053,1,1,0,0,0,1,1,57,0,3,3,2013,1,9,43,0,3,3,SR-530,,612,48.40503889,-121.5559,0,42,0,0,1,1,0,5,1,10,0,10,0,0000000,99,98,99,98,88,88,0,0,0,1,1
53,530054,1,1,0,1,1,1,1,33,0,1,1,2013,3,1,40,0,6,4,CR-STONE QUARRY RD,,8,47.508125,-121.8108139,0,8,0,0,1,1,1,1,2,1,0,1,0,0000000,99,98,99,98,88,88,0,0,0,1,0
53,530055,1,1,0,0,0,1,1,15,0,5,3,2013,3,18,50,0,2,3,SR-4,,548,46.179525,-123.0369556,0,24,0,0,1,1,0,4,2,1,0,1,0,0000000,99,98,99,98,88,88,0,0,0,1,0
53,530056,3,3,0,0,0,4,4,65,0,5,3,2013,3,19,15,0,4,4,CR-SWENSON RD,,26,47.84670556,-117.561675,0,12,1,0,1,1,0,1,2,10,0,10,0,0000000,99,99,99,99,99,99,0,0,0,1,0
53,530057,1,1,0,0,0,2,2,11,0,5,3,2013,3,6,6,0,6,4,CR-NE RAWSON RD,,38,45.73427222,-122.4027139,0,42,0,0,1,1,0,5,4,10,0,10,0,0000000,99,98,99,98,88,88,0,0,0,1,1
53,530058,1,1,0,0,0,2,2,63,2110,8,3,2013,6,21,43,0,15,6,INDIAN CANYON RD,,0,47.65398889,-117.4743917,0,42,0,0,1,1,0,5,2,1,0,1,0,0000000,99,98,99,98,99,98,0,0,0,1,1
53,530059,1,1,0,0,0,2,2,33,0,10,3,2013,1,0,25,0,15,4,CR-168TH AVE SE,,3,47.32519722,-122.1179194,0,30,0,0,1,1,0,5,2,1,0,1,0,0000000,99,99,99,99,99,99,0,0,0,1,1
53,530060,2,2,0,0,0,4,4,5,0,11,3,2013,2,6,52,0,3,3,SR-221,,28,45.97881111,-119.6028611,0,12,1,0,8,1,0,1,2,1,0,1,0,0000000,99,99,99,99,99,99,0,0,0,1,0
53,530061,1,1,0,1,1,1,1,9,760,11,3,2013,2,20,49,0,15,6,CALAWAH WAY,,0,47.95725,-124.3714389,0,8,0,0,1,1,0,2,2,2,0,2,0,0000000,99,99,99,99,99,99,0,0,0,1,0
53,530062,1,1,0,0,0,1,1,45,0,14,3,2013,5,1,36,0,4,4,CR-SE ARCADIA RD,,34,47.19964444,-123.0212861,0,32,0,0,1,1,0,5,2,10,0,10,0,0000000,99,98,99,98,88,88,0,0,0,1,1
53,530063,1,1,0,0,0,3,3,53,0,16,3,2013,7,1,30,0,13,3,SR-302,,166,47.40185556,-122.6251972,0,1,0,0,5,1,0,5,3,10,0,10,0,0000000,99,99,99,99,99,99,0,0,0,1,1
53,530065,1,1,0,0,0,1,1,53,2230,19,3,2013,3,22,10,0,16,6,S DELIN,S C ST,0,47.23675,-122.43645,0,1,0,0,3,3,0,5,3,2,0,2,0,0000000,99,98,99,98,88,88,0,0,0,1,0
53,530066,1,1,0,0,0,1,1,53,0,20,3,2013,4,10,10,0,13,4,CR-152ND ST E,22ND AVE E,17,47.11858889,-122.3999194,0,38,0,0,3,3,0,5,1,10,0,10,0,0000000,99,99,99,99,88,88,0,0,0,1,0
53,530068,1,1,0,0,0,1,1,27,0,22,3,2013,6,5,10,0,3,3,SR-107,,69,46.96088889,-123.6032667,0,23,0,0,1,1,0,5,2,1,0,1,0,0000000,99,98,99,98,88,88,0,0,0,1,0
53,530069,2,2,0,0,0,4,4,25,0,23,3,2013,7,18,20,0,2,3,SR-17,,623,47.21700556,-119.3915694,0,12,2,0,1,1,0,1,1,10,0,10,0,0000000,99,99,99,99,99,99,0,0,0,1,1
53,530070,1,1,0,0,0,2,2,53,2337,24,3,2013,1,23,14,0,16,9,84TH AVE W,,99999,47.20255,-122.5490972,0,42,0,0,1,1,0,5,3,10,0,10,0,0000000,99,99,99,99,99,99,0,0,0,1,1
53,530071,1,1,0,0,0,1,1,77,0,24,3,2013,1,12,56,1,1,1,I-82,,608,46.33016667,-120.1109944,0,1,0,0,1,1,0,3,1,1,0,1,0,0000000,99,98,99,98,88,88,0,0,0,1,0
53,530072,1,1,0,0,0,1,1,67,0,25,3,2013,2,6,20,0,14,4,CR-STEILACOM,PACIFIC AVE,0,47.04253333,-122.7811972,0,46,0,0,3,3,0,4,3,1,0,1,0,0000000,99,98,99,98,88,88,0,0,0,1,1
53,530073,1,1,0,4,4,1,1,33,1960,25,3,2013,2,16,10,0,15,6,NE 75TH ST,33TH AVE NE,0,47.68307778,-122.2926167,0,8,0,0,3,2,0,1,1,10,0,10,0,0000000,99,99,99,99,99,99,0,0,0,2,1
53,530074,1,1,0,1,1,1,1,45,0,30,3,2013,7,1,0,0,4,3,SR-300,,8,47.43509444,-122.866925,0,8,0,0,1,1,0,2,2,1,0,1,0,0000000,99,99,99,99,88,88,0,0,0,1,0
53,530075,2,2,0,0,0,2,2,33,1960,4,4,2013,5,5,23,0,12,3,SR-520,,9,47.6439,-122.306575,0,12,2,0,1,1,0,1,3,10,0,10,0,0000000,99,99,99,99,99,99,0,0,0,1,1
53,530076,1,1,0,1,1,1,1,73,0,4,4,2013,5,5,41,0,6,4,CR-IMHOF RD,,3,48.82419722,-122.6064222,0,8,0,0,1,1,0,1,2,10,0,10,0,0000000,99,98,99,98,88,88,0,0,0,1,0
53,530077,1,1,0,1,1,1,1,53,0,4,4,2013,5,18,43,0,15,4,CR-066TH AVE E,,3,47.11598889,-122.3413333,0,9,0,0,8,1,0,1,1,10,0,10,0,0000000,99,99,99,99,99,99,0,0,0,1,0
53,530078,1,1,0,0,0,3,3,35,0,5,4,2013,6,22,35,0,4,4,CR-NW SEABECK-HOLLY RD,,5,47.62866111,-122.8369194,0,1,0,0,1,1,0,5,2,2,0,2,0,0000000,99,98,99,98,99,98,0,0,0,1,0
53,530079,2,1,1,0,0,1,1,77,0,9,4,2013,3,21,0,0,4,4,CR-W WHITE SWAN RD,SIGNAL PEAK RD,99999,46.38248611,-120.7327667,3,14,0,0,3,3,0,5,3,1,0,1,0,0000000,99,98,99,98,88,88,0,0,0,1,1
53,530080,3,3,0,0,0,6,6,25,0,9,4,2013,3,15,10,0,3,3,SR-243,,30,46.63356111,-119.7974333,0,12,1,0,1,1,0,1,1,1,0,1,0,0000000,99,99,99,99,99,99,0,0,0,1,2
53,530081,1,1,0,0,0,1,1,39,0,10,4,2013,4,13,0,1,2,2,US-97,,61,45.73006944,-120.8163528,0,35,0,0,1,1,0,4,1,1,0,1,0,0000000,99,99,99,99,99,99,0,0,0,1,1
53,530082,1,1,0,0,0,2,2,61,1120,11,4,2013,5,3,21,0,15,6,99TH AVE NE,,0,48.022075,-122.0980667,0,34,0,0,1,1,0,4,3,10,0,10,0,0000000,99,98,99,98,99,98,20,0,0,1,1
53,530083,1,1,0,0,0,4,4,53,2230,12,4,2013,6,16,48,0,6,6,FIVE MILE RD,,0,47.30567778,-122.5183639,0,42,0,0,1,1,0,5,1,2,0,2,0,0000000,99,98,99,98,99,98,0,0,0,1,1
53,530084,1,1,0,0,0,1,1,1,0,15,4,2013,2,22,35,1,1,1,I-90,,1986,47.08577222,-118.8262056,0,1,0,0,1,1,0,3,2,1,0,1,0,0000000,99,98,99,98,99,98,0,0,0,1,1
53,530085,2,2,0,0,0,5,5,57,1410,15,4,2013,2,20,40,0,13,4,CR-ANDERSON RD,CEDARDALE RD,99999,48.399375,-122.3280722,0,12,6,0,2,2,0,1,5,10,0,10,0,0000000,99,99,99,99,99,99,0,0,0,1,0
53,530086,1,1,0,0,0,1,1,61,0,16,4,2013,3,8,26,0,16,4,CR-23RD AVE SW,,2,47.78148333,-122.2742222,0,30,0,0,1,1,0,5,1,10,0,10,0,0000000,99,99,99,99,99,99,0,0,0,1,0
53,530087,1,1,0,0,0,1,1,33,0,20,4,2013,7,8,37,1,1,1,I-90,,223,47.52296667,-121.9357028,0,42,0,0,1,1,0,5,1,10,0,10,0,0000000,8,37,8,49,88,88,0,0,0,1,1
53,530088,1,1,0,0,0,2,2,1,0,21,4,2013,1,3,26,1,1,1,I-90,,2181,47.11072222,-118.4342944,0,58,0,0,1,1,0,3,2,1,0,1,0,0000000,99,99,99,99,99,99,0,0,0,1,0
53,530089,1,1,0,0,0,1,1,67,0,22,4,2013,2,6,34,0,6,4,CR-SUMMIT LAKE RD,,6,47.03575833,-123.1051639,0,42,0,0,1,1,0,5,1,1,0,1,0,0000000,99,98,99,98,88,88,0,0,0,1,0
53,530090,1,1,0,0,0,2,2,67,0,25,4,2013,5,0,25,0,14,4,CR-COOPER PT RD,,33,47.08235556,-122.9422639,0,42,0,0,1,1,0,5,3,1,0,1,0,0000000,99,98,99,98,88,88,0,0,0,1,1
53,530092,2,2,0,0,0,4,4,33,0,26,4,2013,6,23,18,0,16,6,W MARGINAL PL S,,5,47.51735833,-122.3132611,0,38,0,0,1,1,0,4,3,1,0,1,0,0000000,99,99,99,99,99,99,0,0,0,1,0
53,530093,1,1,0,0,0,2,2,73,0,26,4,2013,6,2,0,0,5,4,CR-WEIDKAMP RD,,24,48.98420833,-122.5296056,0,38,0,0,1,1,0,5,2,1,0,1,0,0000000,99,98,99,98,88,88,0,0,0,1,1
53,530094,2,2,0,0,0,2,2,53,0,11,4,2013,5,1,15,0,13,4,CR-SPANAWAY LP RD S,,44,47.15114722,-122.4610528,0,12,2,0,1,1,0,1,3,1,0,1,0,0000000,99,98,99,98,88,88,0,0,0,1,1
53,530095,3,3,0,0,0,5,5,11,2370,11,4,2013,5,22,5,0,15,6,P ST,E 33RD ST,0,45.64505,-122.655325,0,12,6,0,2,2,0,1,3,1,0,1,0,0000000,99,98,99,98,88,88,0,0,0,1,1
53,530096,1,1,0,0,0,1,1,77,0,20,4,2013,7,13,30,1,2,2,US-12,,1829,46.72093056,-120.8259861,0,58,0,0,1,1,0,5,1,1,0,1,0,0000000,99,98,99,98,88,88,0,0,0,1,1
53,530097,1,1,0,0,0,2,2,11,2370,27,4,2013,7,1,55,0,14,6,SE MCGILLIVRAY BLVD,,0,45.60891111,-122.5294917,0,42,0,0,1,1,0,3,3,1,0,1,0,0000000,99,98,99,98,99,98,0,0,0,2,1
53,530098,2,2,0,0,0,2,2,77,0,27,4,2013,7,14,59,0,4,4,CR-GLADE RD,ALDERDALE RD,80,46.121175,-120.0163472,0,12,6,0,2,3,0,1,1,1,0,1,0,0000000,99,98,99,98,88,88,0,0,0,1,0
53,530099,1,1,0,0,0,1,1,63,2113,29,4,2013,2,5,59,0,14,6,E MISSION AVE,,0,47.67156389,-117.2665806,0,38,0,0,1,1,0,5,1,1,0,1,0,0000000,99,98,99,98,99,98,0,0,0,1,0
53,530100,1,1,0,0,0,7,7,33,1960,1,5,2013,4,23,50,1,11,1,I-5,,1635,47.57685833,-122.3197917,0,20,0,0,1,1,0,8,3,1,0,1,0,0000000,99,99,99,99,99,99,0,0,0,1,1
53,530101,1,1,0,0,0,1,1,77,0,2,5,2013,5,17,20,0,5,4,CR-NORTH TRACK,,62,46.43301111,-120.39375,3,24,0,0,1,1,0,5,1,1,0,1,0,0000000,99,98,99,98,99,98,0,0,0,1,0
53,530102,1,1,0,0,0,2,2,33,1030,3,5,2013,6,4,4,0,13,6,S 208TH ST,,0,47.41560556,-122.2122917,0,33,0,0,1,1,0,5,3,1,0,1,0,0000000,99,99,99,99,99,99,0,0,0,1,1
53,530103,1,1,0,0,0,1,1,53,0,3,5,2013,6,20,25,0,14,4,CR-TULE RD S,,4,47.140675,-122.454425,0,35,0,0,1,1,0,5,2,1,0,1,0,0000000,99,98,99,98,88,88,0,0,0,1,1
53,530104,3,3,0,0,0,3,3,53,0,3,5,2013,6,5,45,0,12,3,SR-410,,120,47.19196944,-122.2003222,0,24,0,0,1,1,0,4,4,1,0,1,0,0000000,99,99,99,99,88,88,0,0,0,2,0
53,530105,3,3,0,0,0,7,7,57,0,3,5,2013,6,16,25,0,3,3,SR-9,,479,48.36227778,-122.2055917,0,12,2,0,1,1,0,1,1,1,0,1,0,0000000,99,99,99,99,99,99,0,0,0,1,1
53,530106,2,2,0,0,0,3,3,45,0,4,5,2013,7,12,5,1,2,2,US-101,,3179,47.52893056,-123.0504194,0,12,2,0,1,1,0,1,1,1,0,1,0,0000000,99,99,99,99,99,99,0,0,0,2,0
53,530107,2,2,0,0,0,2,2,31,0,5,5,2013,1,15,30,1,2,2,US-101,,3000,47.76783889,-122.8983194,0,1,0,0,1,1,0,1,1,1,0,1,0,0000000,99,99,99,99,99,99,0,0,0,1,0
53,530108,1,1,0,0,0,1,1,73,0,5,5,2013,1,2,34,0,14,4,CR-LAKEWAY DR,,1,48.7461,-122.4150722,0,30,0,0,1,1,0,5,3,1,0,1,0,0000000,99,98,99,98,99,98,0,0,0,1,1
53,530109,2,2,0,0,0,5,5,33,1050,6,5,2013,2,21,32,1,11,1,I-405,NE 128TH ST,203,47.71484722,-122.1853361,0,12,6,1,2,2,0,1,3,1,0,1,0,0000000,21,32,21,35,22,4,0,0,0,2,0
53,530110,1,1,0,0,0,2,2,11,2370,6,5,2013,2,1,41,0,13,6,SE MILL CREEK BLVD,SE123RD AVE,0,45.61994722,-122.5449667,0,46,0,0,3,2,0,4,3,1,0,1,0,0000000,99,99,99,99,99,99,0,0,0,1,1
53,530111,3,3,0,0,0,3,3,67,1590,9,5,2013,5,13,26,0,13,6,HARRISON AVE NW,,0,47.04606111,-122.93275,0,12,1,0,1,1,0,1,1,1,0,1,0,0000000,99,99,99,99,99,99,0,0,0,1,0
53,530112,1,1,0,0,0,1,1,53,2210,10,5,2013,6,1,59,0,14,6,SUMNER TAPPS HWY,,0,47.21273333,-122.2123861,0,42,0,0,1,1,0,5,3,1,0,1,0,0000000,99,99,99,99,99,99,0,0,0,1,1
53,530113,1,1,0,1,1,1,1,33,109,11,5,2013,7,22,55,1,11,1,I-405,,97,47.56268333,-122.1867611,0,8,0,0,1,1,0,1,3,1,0,1,0,0000000,99,98,99,98,99,98,0,0,0,1,0
53,530114,2,2,0,0,0,2,2,61,690,12,5,2013,1,23,34,0,13,6,RUCKER AVE,PACIFC AVE,0,47.976475,-122.21135,0,12,6,0,2,2,0,1,3,1,0,1,0,0000000,99,98,99,98,99,98,20,0,0,1,0
53,530115,3,3,0,0,0,4,4,33,229,13,5,2013,2,18,17,0,14,6,S 128TH ST,8TH AVE S,0,47.48853333,-122.3232806,0,12,6,0,2,2,0,1,1,1,0,1,0,0000000,99,99,99,99,99,99,0,0,0,1,0
53,530116,1,1,0,1,1,1,1,33,1960,14,5,2013,3,15,10,0,13,6,1ST AVE S,S FINDLAY ST,0,47.55264722,-122.3341472,0,8,0,0,3,2,0,1,1,1,0,1,0,0000000,99,99,99,99,99,99,0,0,0,1,0
53,530118,1,1,0,0,0,2,2,35,0,17,5,2013,6,5,15,0,14,4,CR-CENTRAL VALLEY RD NW,,44,47.67698056,-122.6494917,0,41,0,0,1,1,0,5,4,2,0,2,0,0000000,99,99,99,99,99,99,0,0,0,1,1
53,530119,2,2,0,0,0,2,2,15,1010,17,5,2013,6,16,14,0,15,6,ALLEN ST,,0,46.1458,-122.8848861,0,12,2,0,1,1,0,1,1,10,0,10,0,0000000,99,98,99,98,99,98,0,0,0,1,0
53,530120,1,1,0,0,0,1,1,57,0,19,5,2013,1,12,48,0,3,3,SR-20,,1089,48.54931111,-121.4238833,0,42,0,0,1,1,0,5,1,1,0,1,0,0000000,99,98,99,98,88,88,0,0,0,1,1
53,530121,3,3,0,0,0,6,6,9,0,20,5,2013,2,8,35,1,2,2,US-101,CLIFF ROBINSON LN,2586,48.08823333,-123.2275528,0,12,1,0,2,3,0,1,1,10,0,10,0,0000000,99,99,99,99,99,99,0,0,0,1,1
53,530122,1,1,0,0,0,1,1,53,0,20,5,2013,2,17,14,0,13,4,CR-176TH ST E,75TH AVE CT E,50,47.09641111,-122.3294611,0,1,0,0,2,3,0,1,1,1,0,1,0,0000000,99,98,99,98,99,98,0,0,0,1,1
53,530123,2,2,0,0,0,3,3,45,0,23,5,2013,5,15,25,0,5,4,CR-NORTHSHORE RD,,156,47.37178056,-123.0663861,0,12,2,0,1,1,0,1,1,2,0,2,0,0000000,99,99,99,99,99,99,0,0,0,1,0
53,530125,3,3,0,0,0,6,6,61,1215,24,5,2013,6,20,21,0,14,6,44TH AVE N,212TH ST SW,0,47.80639167,-122.2922667,0,12,6,0,2,2,0,1,1,1,0,1,0,0000000,99,99,99,99,99,99,20,0,0,1,0
53,530126,2,2,0,0,0,2,2,53,0,25,5,2013,7,19,10,0,14,4,CR-E BAY DR NW,,22,47.28485556,-122.5943417,0,12,2,0,1,1,0,1,5,1,0,1,0,0000000,99,98,99,98,99,98,0,0,0,1,0
53,530127,1,1,0,0,0,1,1,33,100,25,5,2013,7,4,59,0,12,3,SR-167,,170,47.34119167,-122.2446056,0,52,0,0,1,1,0,4,2,1,0,1,0,0000000,99,98,99,98,99,98,0,0,0,1,0
53,530128,1,1,0,0,0,1,1,35,0,26,5,2013,1,20,42,0,14,4,CR-BROWNSVILLE HWY NE,,12,47.65380556,-122.6192944,0,1,0,0,1,1,0,1,3,10,0,10,0,0000000,99,99,99,99,88,88,0,0,0,1,1
53,530129,3,3,0,0,0,3,3,49,0,23,4,2013,3,17,52,0,6,4,CR-WALBERG RD,,11,46.32244444,-123.9385417,0,12,2,0,1,1,0,1,1,1,0,1,0,0000000,99,98,99,98,99,98,0,0,0,1,1
53,530130,1,1,0,0,0,1,1,11,2370,26,5,2013,1,1,37,0,13,6,E MILL PLAIN BLVD,,0,45.62825,-122.6279889,0,42,0,0,1,1,0,3,3,2,0,2,0,0000000,99,98,99,98,88,88,0,0,0,1,1
53,530131,1,1,0,0,0,1,1,61,690,26,5,2013,1,18,22,0,12,3,SR-526,,99999,47.92198611,-122.2707806,0,58,0,0,1,1,0,1,1,1,0,1,0,0000000,99,99,99,99,88,88,0,0,0,1,0
53,530132,2,2,0,0,0,5,5,25,0,26,5,2013,1,8,9,0,4,4,CR-BEVERLY BURKE RD,RD 1 NW,65,47.10335,-119.8534389,0,12,1,0,2,3,0,1,1,1,0,1,0,0000000,99,99,99,99,99,99,0,0,0,4,0
53,530134,1,1,0,0,0,4,4,25,1390,1,5,2013,4,1,4,0,14,6,VALLEY RD,STRATFORD,0,47.13830278,-119.27505,0,43,0,0,3,3,0,5,2,1,0,1,0,0000000,99,98,99,98,99,98,0,0,0,2,1
53,530135,1,1,0,0,0,1,1,77,840,20,4,2013,7,3,0,0,16,6,OLMSTEAD RD,,0,46.25825,-119.8762111,0,42,0,0,1,1,0,5,2,1,0,1,0,0000000,99,98,99,98,88,88,0,0,0,1,1
53,530136,1,1,0,1,1,1,1,33,1960,1,5,2013,4,7,10,0,14,6,E MARGINAL WAY S,S HANFORD ST,0,47.57555,-122.3399944,0,9,0,0,2,2,0,1,1,98,0,98,0,0000000,99,99,99,99,88,88,0,0,0,1,0
53,530137,1,1,0,0,0,2,2,63,2113,15,5,2013,4,23,47,0,13,6,E SPRAGUE AVE,FANCHER RD,0,47.65702222,-117.3255472,0,46,0,0,3,2,0,3,3,10,0,10,0,0000000,99,98,99,98,88,88,0,0,0,1,1
53,530138,1,1,0,0,0,1,1,63,0,27,5,2013,2,12,0,1,2,2,US-195,,890,47.55704722,-117.3957083,0,42,0,0,1,1,0,3,1,1,0,1,0,0000000,99,98,99,98,88,88,0,0,0,1,0
53,530139,2,2,0,0,0,2,2,53,0,27,5,2013,2,22,5,0,14,4,CR-ORTING-KAPOWSKI HWY E,,159,47.07673611,-122.2360528,0,12,2,0,1,1,0,1,3,10,0,10,0,0000000,99,98,99,98,88,88,0,0,0,1,0
53,530140,2,2,0,0,0,2,2,5,1020,28,5,2013,3,10,25,0,12,3,SR-240,,421,46.22459167,-119.17095,0,12,6,0,1,1,0,1,1,1,0,1,0,0000000,99,99,99,99,99,99,23,0,0,1,0
53,530141,2,2,0,0,0,4,4,77,0,29,5,2013,4,12,38,0,5,4,CR-LATERAL B,PROGRESSIVE RD,100,46.41912222,-120.5022472,3,12,6,0,2,2,0,1,1,1,0,1,0,0000000,99,99,99,99,99,99,0,0,0,1,0
53,530142,1,1,0,1,1,1,1,33,1960,30,5,2013,5,6,48,0,13,6,AIRPORT WAY S,,0,47.520325,-122.2917722,0,9,0,0,1,1,0,1,1,10,0,10,0,0000000,99,99,99,99,99,99,0,0,0,1,0
53,530143,2,2,0,0,0,2,2,53,1770,30,5,2013,5,23,43,0,12,3,SR-512,,94,47.1588,-122.3070194,0,12,1,0,1,1,0,1,3,10,0,10,0,0000000,99,98,99,98,88,88,0,0,0,1,1
53,530144,1,1,0,0,0,1,1,71,0,31,5,2013,6,21,58,0,6,4,CR-HANSON LP RD,,47,46.18895278,-118.9611306,0,1,0,0,1,1,0,5,2,1,0,1,0,0000000,99,98,99,98,88,88,0,0,0,1,1
53,530145,2,2,0,0,0,2,2,29,1550,25,5,2013,7,7,50,0,14,6,FORT NUGENT AVE,SW NIENHUIS ST,0,48.284125,-122.6753389,0,12,6,0,2,2,0,1,1,10,0,10,0,0000000,99,98,99,98,99,98,0,0,0,1,0
53,530146,1,1,0,0,0,1,1,15,0,31,5,2013,6,22,29,0,15,4,CR-BEACON HILL DR,,2,46.17019722,-122.9155972,0,24,0,0,1,1,0,4,2,1,0,1,0,0000000,99,99,99,99,99,99,0,0,0,1,1
53,530147,2,2,0,0,0,5,5,15,0,31,5,2013,6,12,35,0,3,3,SR-504,,95,46.32185,-122.7526361,0,12,2,0,1,1,0,1,1,1,0,1,0,0000000,99,99,99,99,99,99,0,0,0,1,1
53,530148,2,2,0,0,0,2,2,57,0,31,5,2013,6,17,42,0,6,4,CR-FIR ISLAND RD,GREENFIELD ST,0,48.34131389,-122.3464194,0,12,7,0,3,3,0,4,1,1,0,1,0,0000000,99,98,99,98,99,98,0,0,0,1,0
53,530150,2,2,0,0,0,2,2,15,0,31,5,2013,6,13,49,0,2,3,SR-4,,550,46.17776944,-123.0297056,0,12,2,0,1,1,0,1,1,1,0,1,0,0000000,99,98,99,98,99,98,0,0,0,1,0