STATE,ST_CASE,VE_TOTAL,VE_FORMS,PVH_INVL,PEDS,PERNOTMVIT,PERMVIT,PERSONS,COUNTY,CITY,DAY,MONTH,YEAR,DAY_WEEK,HOUR,MINUTE,NHS,ROAD_FNC,ROUTE,TWAY_ID,TWAY_ID2,MILEPT,LATITUDE,LONGITUD,SP_JUR,HARM_EV,MAN_COLL,RELJCT1,RELJCT2,TYP_INT,WRK_ZONE,REL_ROAD,LGT_COND,WEATHER1,WEATHER2,WEATHER,SCH_BUS,RAIL,NOT_HOUR,NOT_MIN,ARR_HOUR,ARR_MIN,HOSP_HR,HOSP_MN,CF1,CF2,CF3,FATALS,DRUNK_DR
53,530151,3,3,0,0,0,6,6,15,0,1,6,2013,7,13,27,0,3,3,SR-504,,13,46.30044167,-122.8911139,0,12,6,0,1,1,0,1,1,1,0,1,0,0000000,99,99,99,99,99,99,0,0,0,1,1
53,530152,1,1,0,1,1,1,1,53,2230,1,6,2013,7,11,40,0,16,6,S 87TH ST,,0,47.17873056,-122.4588306,0,8,0,0,1,1,0,1,1,1,0,1,0,0000000,99,99,99,99,99,99,0,0,0,1,0
53,530153,2,2,0,0,0,4,4,7,320,2,6,2013,1,15,35,0,15,6,BOYD RD,,0,47.85855556,-120.0564806,0,12,6,0,1,1,0,1,1,1,0,1,0,0000000,99,98,99,98,88,88,0,0,0,1,0
53,530154,2,2,0,0,0,3,3,61,1338,3,6,2013,2,20,20,0,13,3,SR-96,,15,47.878075,-122.1992583,0,12,6,0,1,1,0,1,1,1,0,1,0,0000000,99,98,99,98,88,88,0,0,0,1,1
53,530155,1,1,0,1,1,1,1,67,1590,9,1,2013,4,7,20,0,16,6,WASHINGTON ST,LEGION WAY,0,47.04329444,-122.9001639,0,8,0,0,2,2,0,1,3,2,0,2,0,0000000,99,98,99,98,99,98,0,0,0,1,0
53,530156,2,2,0,0,0,2,2,61,0,3,6,2013,2,9,47,1,1,1,I-5,,2090,48.20358889,-122.2135111,0,12,1,0,1,1,0,1,1,1,0,1,0,0000000,99,99,99,99,88,88,19,0,0,1,0
53,530157,1,1,0,0,0,2,2,45,0,5,6,2013,4,16,25,0,4,4,CR-CLOQUALLUM RD,,47,47.16821667,-123.1535,0,24,0,0,1,1,0,4,1,1,0,1,0,0000000,99,99,99,99,99,99,0,0,0,1,1
53,530158,2,2,0,0,0,2,2,63,2110,5,6,2013,4,22,4,0,13,6,MAPLE ST,MISSION AVE,0,47.67170556,-117.4355083,0,1,0,0,2,2,0,1,3,1,0,1,0,0000000,99,99,99,99,99,99,0,0,0,1,0
53,530159,1,1,0,0,0,1,1,29,0,6,6,2013,5,16,44,0,5,4,CR-RESERVATION RD,,30,48.28933056,-122.5505556,0,31,0,0,1,1,0,5,1,1,0,1,0,0000000,99,98,99,98,88,88,0,0,0,1,1
53,530160,1,1,0,0,0,2,2,77,1440,8,6,2013,7,22,30,0,9,4,CR-LITTLE NACHES RD,,99999,47.000625,-121.1231361,0,3,0,0,1,1,0,5,2,1,0,1,0,0000000,99,98,99,98,88,88,0,0,0,2,1
53,530161,2,2,0,0,0,2,2,45,0,8,6,2013,7,13,9,0,4,3,SR-106,,105,47.36382778,-123.0035722,0,12,2,0,1,1,0,1,1,1,0,1,0,0000000,99,99,99,99,99,99,0,0,0,1,0
53,530162,3,3,0,0,0,3,3,49,0,8,6,2013,7,11,18,1,2,2,US-101,,668,46.78821944,-123.7403722,0,12,2,0,1,1,0,1,1,1,0,1,0,0000000,99,99,99,99,99,99,0,0,0,1,0
53,530163,1,1,0,0,0,3,3,53,0,9,6,2013,1,3,46,0,3,3,SR-507,,418,47.06133056,-122.4535278,0,42,0,0,1,1,0,5,3,1,0,1,0,0000000,99,99,99,99,99,99,0,0,0,1,1
53,530164,1,1,0,0,0,1,1,73,0,10,6,2013,2,9,24,0,6,4,CR-CRONK RD,,99999,48.83061944,-122.2102056,0,42,0,0,1,1,0,5,9,1,0,1,0,0000000,99,99,99,99,88,88,0,0,0,1,0
53,530165,3,3,0,0,0,4,4,5,1850,11,6,2013,3,20,20,0,14,3,SR-240,,90,46.29746111,-119.32615,0,12,2,0,1,1,0,1,1,1,0,1,0,0000000,99,99,99,99,99,99,0,0,0,1,1
53,530166,2,2,0,0,0,4,4,33,1960,27,5,2013,2,14,19,1,11,1,I-5,,1696,47.65911389,-122.3225639,0,12,1,0,1,1,0,1,1,2,0,2,0,0000000,99,98,99,98,88,88,0,0,0,1,0
53,530167,3,3,0,0,0,3,3,61,0,12,6,2013,4,18,30,0,3,3,SR-530,,238,48.22589722,-122.0942556,0,12,1,0,1,1,0,1,1,1,0,1,0,0000000,99,99,99,99,99,99,0,0,0,1,0
53,530168,1,1,0,0,0,2,2,21,1660,12,6,2013,4,8,35,1,11,1,I-182,,80,46.27328889,-119.2079194,0,1,0,0,1,1,0,5,1,1,0,1,0,0000000,99,99,99,99,88,88,0,0,0,1,0
53,530169,1,1,0,1,1,1,1,61,80,16,6,2013,1,9,24,0,15,6,SMOKEY PT BLVD,,0,48.18199167,-122.1936667,0,9,0,0,1,1,0,1,1,1,0,1,0,0000000,99,98,99,98,88,88,0,0,0,1,0
53,530170,1,1,0,0,0,3,3,65,0,16,6,2013,1,4,45,0,4,4,CR-ORIN-RICE RD,,97,48.48079722,-118.0222139,0,42,0,0,1,1,0,5,4,1,0,1,0,0000000,99,99,99,99,99,99,0,0,0,2,1
53,530171,1,1,0,0,0,2,2,61,690,21,6,2013,6,18,35,0,12,3,SR-529,,99999,48.01816389,-122.1871361,0,24,0,0,1,1,0,3,1,1,0,1,0,0000000,99,98,99,98,88,88,0,0,0,1,1
53,530172,1,1,0,1,1,1,1,61,0,22,6,2013,7,10,40,0,15,4,CR-240 ST SE,,6,47.77939444,-122.1414194,0,9,0,0,1,1,0,1,1,1,0,1,0,0000000,99,98,99,98,88,88,0,0,0,1,0
53,530173,1,1,0,0,0,1,1,63,530,22,6,2013,7,10,34,0,16,6,STEVEN ST,,0,47.95958889,-117.4713667,0,30,0,0,1,1,0,5,1,1,0,1,0,0000000,99,98,99,98,88,88,0,0,0,1,0
53,530174,2,2,0,0,0,2,2,9,0,22,6,2013,7,9,15,0,4,4,CR-OLYMPIC HWY,,87,48.10130278,-123.1266417,0,12,2,0,1,1,0,1,1,1,0,1,0,0000000,99,99,99,99,99,99,0,0,0,1,1
53,530175,2,2,0,0,0,2,2,53,0,22,6,2013,7,23,14,0,13,3,SR-302,,124,47.38953611,-122.6260194,0,12,6,0,8,1,0,1,3,1,0,1,0,0000000,99,98,99,98,99,98,0,0,0,1,1
53,530176,2,2,0,0,0,2,2,21,1660,24,6,2013,2,19,15,0,13,3,SR-397,,222,46.24993056,-119.0822194,0,12,8,0,1,1,0,1,1,1,0,1,0,0000000,99,98,99,98,88,88,0,0,0,1,1
53,530177,1,1,0,1,1,1,1,77,2590,28,5,2013,3,16,8,0,13,6,N 16TH AVE,,0,46.60848889,-120.5305278,0,9,0,0,1,1,0,1,1,10,0,10,0,0000000,99,98,99,98,99,98,0,0,0,1,0
53,530178,2,2,0,0,0,3,3,11,2370,6,6,2013,5,7,44,0,14,6,MCLOUGHLIN BLVD NE,,0,45.63230278,-122.6493111,0,12,6,0,8,1,0,1,1,1,0,1,0,0000000,99,99,99,99,99,99,0,0,0,1,0
53,530179,1,1,0,0,0,3,3,7,0,24,6,2013,2,3,15,0,4,3,SR-971,,145,47.84464722,-120.1051639,0,43,0,0,1,1,0,5,2,10,0,10,0,0000000,99,99,99,99,99,99,0,0,0,1,1
53,530180,1,1,0,1,1,1,1,25,0,26,6,2013,4,8,21,0,2,3,SR-26,RD F SW,182,46.89362222,-119.6183861,0,8,0,0,2,2,0,1,1,10,0,10,0,0000000,99,98,99,98,88,88,0,0,0,1,0
53,530181,1,1,0,0,0,1,1,61,0,26,6,2013,4,4,0,0,3,3,SR-530,,805,48.27376389,-121.9855333,0,30,0,0,1,1,0,5,2,10,0,10,0,0000000,99,99,99,99,88,88,0,0,0,1,1
53,530182,1,1,0,1,1,1,1,33,1960,26,6,2013,4,15,50,0,13,6,RAINER AVE S,,0,47.57542222,-122.2959333,0,8,0,0,1,1,0,1,1,10,0,10,0,0000000,99,99,99,99,99,99,0,0,0,1,0
53,530183,2,2,0,0,0,3,3,63,0,28,6,2013,6,23,52,1,11,1,I-09,,2766,47.62177222,-117.4993639,0,12,1,0,1,1,1,1,3,1,0,1,0,0000000,99,98,99,98,88,88,0,0,0,1,0
53,530184,2,2,0,0,0,5,5,11,0,1,7,2013,2,19,9,0,15,4,CR-NE 29TH AVE,NE 199TH ST,33,45.76523889,-122.6411,0,12,6,0,2,2,0,1,1,1,0,1,0,0000000,99,99,99,99,99,99,0,0,0,1,0
53,530185,2,2,0,0,0,3,3,53,0,3,7,2013,4,17,15,0,13,4,CR-224TH ST E,,48,47.05313056,-122.3044472,0,12,6,0,8,1,0,1,1,1,0,1,0,0000000,99,98,99,98,88,88,0,0,0,1,1
53,530186,2,2,0,0,0,2,2,45,0,3,7,2013,4,16,10,1,12,2,US-101,,3463,47.21408056,-123.1291139,0,12,2,0,1,1,0,1,1,1,0,1,0,0000000,99,98,99,98,99,98,0,0,0,1,0
53,530187,1,1,0,0,0,1,1,65,0,3,7,2013,4,5,15,0,3,3,SR-25,,1093,48.87814444,-117.8369833,0,42,0,0,1,1,0,5,4,1,0,1,0,0000000,99,98,99,98,88,88,0,0,0,1,0
53,530188,1,1,0,0,0,1,1,63,1165,4,7,2013,5,1,25,0,15,6,MISSION AVE,SIGNAL RD,0,47.67112778,-117.1002056,0,33,0,0,3,2,0,4,3,1,0,1,0,0000000,99,98,99,98,88,88,0,0,0,1,1
53,530189,2,2,0,0,0,3,3,33,100,5,7,2013,6,5,50,0,14,6,ABURN WAY N,E MAIN ST,0,47.30751111,-122.2257333,0,12,6,0,2,2,0,1,1,10,0,10,0,0000000,99,98,99,98,99,98,0,0,0,1,1
53,530190,1,1,0,0,0,1,1,19,1840,5,7,2013,6,10,6,0,16,6,GOLD MOUNTAIN RD,,0,48.65798333,-118.7350667,0,1,0,0,1,1,0,5,1,1,0,1,0,0000000,99,98,99,98,88,88,0,0,0,1,1
53,530191,1,1,0,0,0,1,1,47,0,7,7,2013,1,14,27,0,5,4,CR-ROBINSON CANYON RD,,10,48.42946944,-119.5190611,0,24,0,0,1,1,0,4,1,1,0,1,0,0000000,99,98,99,98,99,98,0,0,0,1,0
53,530192,1,1,0,0,0,2,2,7,0,6,7,2013,7,13,24,0,4,4,CR-ENTIAT RIVER RD,,145,47.79235833,-120.3971417,0,11,0,0,1,1,0,1,1,1,0,1,0,0000000,99,99,99,99,99,99,0,0,0,1,0
53,530193,1,1,0,0,0,6,6,61,0,7,7,2013,1,12,2,0,4,4,CR-PIONEER HWY,,36,48.21222222,-122.2446694,0,1,0,0,1,1,0,1,1,1,0,1,0,0000000,99,98,99,98,99,98,0,0,0,1,0
53,530194,1,1,0,0,0,1,1,73,110,8,7,2013,2,22,46,1,11,1,I-5,,2570,48.7838,-122.5013972,0,57,0,0,1,1,0,3,3,1,0,1,0,0000000,99,98,99,98,88,88,0,0,0,1,0
53,530195,3,3,0,0,0,4,4,67,0,11,7,2013,5,16,10,0,3,4,CR-OLD HWY 99 SW,GIBSON RD SW,56,46.82288333,-122.9605278,0,12,1,0,2,3,0,1,1,1,0,1,0,0000000,99,98,99,98,99,98,0,0,0,1,0
53,530196,1,1,0,0,0,1,1,25,0,13,5,2013,2,17,18,0,15,4,CR-22ND AVE NE,,1,47.17496389,-119.3174722,0,33,0,0,1,1,0,4,1,6,0,6,0,0000000,99,98,99,98,99,98,0,0,0,1,0
53,530197,1,1,0,0,0,2,2,39,0,11,7,2013,5,16,50,0,5,4,CR-WOODLAND RD,,11,45.86126389,-120.7505472,0,30,0,0,1,1,0,5,1,1,0,1,0,0000000,99,98,99,98,99,98,0,0,0,1,1
53,530198,1,1,0,0,0,1,1,15,0,12,7,2013,6,13,47,0,3,3,SR-504,,52,46.29326667,-122.8476361,0,42,0,0,1,1,0,5,1,1,0,1,0,0000000,99,98,99,98,88,88,0,0,0,1,0
53,530199,1,1,0,0,0,1,1,41,0,13,7,2013,7,1,45,0,4,3,SR-508,,58,46.57164167,-122.7349833,0,34,0,0,1,1,0,5,2,10,0,10,0,0000000,99,98,99,98,88,88,0,0,0,1,1
53,530200,1,1,0,0,0,1,1,19,0,15,7,2013,2,14,0,1,2,2,US-395,,2527,48.77430556,-118.1424083,0,42,0,0,1,1,0,5,1,1,0,1,0,0000000,99,98,99,98,88,88,0,0,0,1,0
53,530201,2,2,0,0,0,2,2,77,0,15,7,2013,2,0,28,0,4,4,CR-CHEYNE RD,GILBERT RD,25,46.44738889,-120.2721889,0,12,6,0,2,2,0,1,2,1,0,1,0,0000000,99,99,99,99,99,99,0,0,0,1,0
53,530202,1,1,0,0,0,1,1,17,0,15,7,2013,2,99,99,1,2,2,US-2,,1669,47.60483056,-119.7374,0,24,0,0,1,1,0,4,7,1,0,1,0,0000000,99,98,99,98,88,88,0,0,0,1,1
53,530203,1,1,0,0,0,1,1,67,0,16,7,2013,3,15,43,1,1,1,I-5,,950,46.89518333,-122.9599139,0,24,0,1,5,1,0,4,1,10,0,10,0,0000000,99,98,99,98,88,88,0,0,0,1,0
53,530204,2,2,0,0,0,2,2,25,0,18,7,2013,5,18,5,0,3,3,SR-28,,315,47.23406667,-119.8172056,0,12,2,0,1,1,0,1,1,1,0,1,0,0000000,99,99,99,99,99,99,0,0,0,1,1
53,530205,2,2,0,0,0,3,3,63,0,18,7,2013,5,18,25,0,4,3,SR-904,,65,47.463225,-117.6752694,0,12,1,0,1,1,0,2,1,1,0,1,0,0000000,99,99,99,99,99,99,0,0,0,1,1
53,530206,2,2,0,0,0,3,3,47,0,21,7,2013,1,17,25,0,3,3,SR-20,,2098,48.37142778,-119.9511056,0,12,2,0,1,1,0,1,1,1,0,1,0,0000000,99,99,99,99,99,99,0,0,0,2,1
53,530207,2,2,0,0,0,3,3,21,1660,22,7,2013,2,13,15,0,13,3,SR-397,SUPERIOR,218,46.244475,-119.0854028,0,12,2,0,3,3,0,1,1,1,0,1,0,0000000,99,99,99,99,99,99,0,0,0,1,0
53,530208,1,1,0,0,0,1,1,25,0,22,7,2013,2,1,58,0,3,3,SR-28,,412,47.24996111,-119.6197611,0,11,0,0,1,1,0,1,2,1,0,1,0,0000000,99,98,99,98,88,88,0,0,0,1,0
53,530209,1,1,0,0,0,1,1,15,0,24,7,2013,4,22,20,0,4,3,SR-411,,45,46.33451389,-122.9331222,0,42,0,0,1,1,0,5,2,1,0,1,0,0000000,99,98,99,98,88,88,0,0,0,1,1
53,530210,3,3,0,0,0,4,4,61,1280,24,7,2013,4,12,11,0,13,6,SMOKEY PT BLVD,,0,48.10993611,-122.1788167,0,12,2,0,8,1,0,1,1,1,0,1,0,0000000,99,99,99,99,99,99,0,0,0,1,0
53,530211,2,2,0,0,0,2,2,29,0,25,7,2013,5,21,37,0,4,4,CR-BUSH PT RD,,4,48.014425,-122.5537278,0,12,6,0,8,1,0,1,2,1,0,1,0,0000000,99,98,99,98,99,98,0,0,0,1,0
53,530212,1,1,0,0,0,1,1,51,0,22,7,2013,2,22,30,0,6,4,CR-TACOMA CREEK RD,,26,48.57180556,-117.611375,0,42,0,0,1,1,0,5,2,1,0,1,0,0000000,99,98,99,98,88,88,0,0,0,1,1
53,530213,2,2,0,0,0,2,2,33,1960,26,7,2013,6,3,3,0,14,6,CALIFORNIA AVE SW,SW OREGON ST,0,47.56285556,-122.3867472,0,12,6,0,2,2,0,1,3,1,0,1,0,0000000,99,99,99,99,99,99,0,0,0,1,1
53,530214,1,1,0,1,1,1,1,33,1830,10,5,2013,6,10,27,0,13,6,NE PARK DR,,0,47.50098056,-122.2007028,0,8,0,0,1,1,0,1,1,1,0,1,0,0000000,99,99,99,99,99,99,19,0,0,1,0
53,530215,3,2,1,0,0,6,6,63,0,26,7,2013,6,19,10,0,4,4,CR-W SEVEN MILE RD,,20,47.75081111,-117.5433694,0,31,0,0,1,1,0,4,1,1,0,1,0,0000000,99,98,99,98,99,98,0,0,0,2,0
53,530216,1,1,0,0,0,1,1,77,840,27,7,2013,7,14,54,1,11,1,I-82,,826,46.21388333,-119.7423222,0,1,0,0,1,1,0,3,1,1,0,1,0,0000000,99,99,99,99,99,99,0,0,0,1,0
53,530217,3,3,0,0,0,4,4,29,470,27,7,2013,7,19,41,0,2,6,N MAIN ST,SR-20,0,48.21223333,-122.6860889,0,12,1,0,2,2,0,1,1,1,0,1,0,0000000,99,98,99,98,99,98,0,0,0,1,0
53,530218,2,2,0,0,0,4,4,33,1960,27,7,2013,7,21,11,0,13,6,DELRIDGE WAY SW,SW KENYON ST,0,47.53187778,-122.3604556,0,12,6,0,2,3,0,1,3,1,0,1,0,0000000,99,99,99,99,99,99,0,0,0,1,1
53,530219,2,2,0,0,0,2,2,63,2110,28,7,2013,1,13,46,1,13,2,US-2,,0,47.70364167,-117.4112972,0,12,2,0,1,1,0,1,1,1,0,1,0,0000000,99,98,99,98,99,98,0,0,0,1,1
53,530220,1,1,0,0,0,2,2,33,735,31,7,2013,4,12,20,1,11,1,I-5,,2,47.289025,-122.3029917,0,1,0,1,5,1,0,5,1,1,0,1,0,0000000,99,99,99,99,99,99,0,0,0,1,1
53,530221,2,2,0,0,0,3,3,67,0,31,7,2013,4,12,8,0,4,4,CR-SARGENT RD SW,173RD AVE SW,34,46.83659444,-123.0531611,0,12,6,0,2,3,0,1,1,1,0,1,0,0000000,99,98,99,98,99,98,0,0,0,1,0
53,530222,1,1,0,0,0,1,1,33,0,31,7,2013,4,14,0,0,4,4,CR-CEDAR GROVE RD SE,,44,47.44005556,-122.0594722,0,1,0,0,1,1,0,5,1,1,0,1,0,0000000,99,98,99,98,88,88,0,0,0,1,0
53,530223,1,1,0,0,0,3,3,53,2230,31,7,2013,4,0,27,0,15,6,E 64TH ST,E N ST,0,47.19896111,-122.4097889,0,38,0,0,3,2,0,5,3,1,0,1,0,0000000,99,98,99,98,88,88,20,0,0,2,0
53,530224,2,2,0,0,0,3,3,63,0,2,8,2013,6,15,0,1,2,2,US-395,DAHL RD,1811,47.96043056,-117.4964806,0,12,6,0,2,2,0,1,1,2,0,2,0,0000000,99,99,99,99,99,99,0,0,0,1,0
53,530225,2,2,0,0,0,3,3,63,0,4,8,2013,1,10,35,1,2,2,US-2,SCHLOMER RD,3050,47.89616389,-117.3522472,0,12,6,0,2,2,0,1,1,1,0,1,0,0000000,99,99,99,99,99,99,0,0,0,1,0
53,530226,2,1,1,0,0,1,1,33,1960,4,8,2013,1,16,50,0,13,3,SR-99,,389,47.70894444,-122.3447472,0,14,0,0,1,1,0,7,1,1,0,1,0,0000000,99,99,99,99,99,99,0,0,0,1,0
53,530227,2,2,0,0,0,3,3,53,0,5,8,2013,2,18,1,0,13,3,SR-7,204TH ST E,463,47.07141389,-122.418675,0,12,6,0,2,2,0,1,1,1,0,1,0,0000000,99,99,99,99,99,99,0,0,0,1,0
53,530228,2,2,0,0,0,3,3,11,0,6,8,2013,3,11,50,1,1,1,I-5,,197,45.88496667,-122.729775,0,12,1,0,1,1,0,1,1,1,0,1,0,0000000,99,99,99,99,99,99,0,0,0,1,0
53,530229,1,1,0,0,0,2,2,65,0,6,8,2013,3,23,53,0,5,4,CR-COZY NOOK,,15,48.30546389,-117.7158667,0,42,0,0,1,1,0,5,2,1,0,1,0,0000000,99,99,99,99,99,99,0,0,0,1,1
53,530230,1,1,0,1,1,1,1,63,2113,7,8,2013,4,8,5,0,14,6,E 3RD ST,S HOWE RD,0,47.65433333,-117.328,0,8,0,0,2,3,0,1,1,1,0,1,0,0000000,99,99,99,99,99,99,19,0,0,1,0
53,530231,3,3,0,0,0,6,6,63,2113,7,8,2013,4,17,12,0,13,3,SR-290,,60,47.6799,-117.2884917,0,12,2,0,1,1,0,1,1,1,0,1,0,0000000,99,99,99,99,99,99,0,0,0,1,0
53,530232,1,1,0,0,0,1,1,33,0,9,8,2013,6,13,32,0,5,4,CR-SE MT SI RD,,31,47.48443611,-121.7480111,0,31,0,0,1,1,0,5,1,1,0,1,0,0000000,13,32,13,38,14,14,0,0,0,1,1
53,530233,1,1,0,0,0,1,1,63,2110,9,8,2013,6,0,36,0,14,6,LINCOLN ST,,0,47.65247778,-117.4249389,0,33,0,0,1,1,0,4,3,1,0,1,0,0000000,99,99,99,99,99,99,0,0,0,1,0
53,530234,2,2,0,0,0,3,3,51,0,9,8,2013,6,14,10,0,5,4,CR-COYOTE TRAIL,,10,48.18841111,-117.09265,0,12,6,0,8,1,0,1,1,1,0,1,0,0000000,99,99,99,99,99,99,0,0,0,1,1
53,530235,1,1,0,0,0,1,1,25,0,9,8,2013,6,12,59,0,4,4,CR-SILICA RD SW,N FRONTAGE RD SW,99999,47.02858889,-119.9402333,0,1,0,0,2,2,0,1,1,1,0,1,0,0000000,99,99,99,99,99,99,0,0,0,1,0
53,530236,1,1,0,1,1,1,1,5,0,10,8,2013,7,21,50,0,4,4,CR-ROUTE 12,,45,46.22209444,-119.7954667,0,8,0,0,1,1,0,1,1,1,0,1,0,0000000,99,99,99,99,88,88,0,0,0,1,0
53,530237,2,1,1,0,0,1,1,11,0,11,8,2013,1,6,15,0,6,4,CR-NE HATHAWAY RD,,4,45.62469167,-122.3906028,0,14,0,0,1,1,0,5,2,1,0,1,0,0000000,99,98,99,98,88,88,0,0,0,1,1
53,530238,1,1,0,0,0,1,1,33,0,12,8,2013,2,11,25,0,13,4,CR-SE PETROVITSKY RD,151ST AVE SE,28,47.44163056,-122.1397889,0,33,0,0,3,2,0,4,1,1,0,1,0,0000000,99,99,99,99,99,99,0,0,0,1,0
53,530239,1,1,0,0,0,1,1,77,0,13,8,2013,3,0,57,0,4,3,SR-241,,190,46.46387778,-119.9343722,0,1,0,0,1,1,0,5,2,1,0,1,0,0000000,99,98,99,98,88,88,0,0,0,1,1
53,530240,1,1,0,0,0,3,3,53,0,15,8,2013,5,0,5,0,13,3,SR-161,,173,47.04010833,-122.2955722,0,32,0,0,1,1,0,5,2,10,0,10,0,0000000,99,99,99,99,99,99,0,0,0,1,0
53,530241,1,1,0,0,0,1,1,73,740,15,8,2013,5,13,12,1,11,1,I-5,,2661,48.89258611,-122.5987667,0,24,0,1,5,1,0,4,1,10,0,10,0,0000000,99,98,99,98,99,98,0,0,0,1,0
53,530242,1,1,0,0,0,1,1,7,0,17,8,2013,7,18,59,0,6,4,CR-SUNITSCH CANYON RD,,1,47.67230833,-120.6426333,0,1,0,0,1,1,0,4,1,1,0,1,0,0000000,99,98,99,98,88,88,0,0,0,1,0
53,530243,1,1,0,0,0,1,1,77,0,17,8,2013,7,12,30,1,2,2,US-12,,1565,46.65308889,-121.1355361,0,24,0,0,1,1,0,4,1,1,0,1,0,0000000,99,98,99,98,88,88,0,0,0,1,0
53,530244,1,1,0,0,0,1,1,53,0,20,8,2013,3,2,15,0,13,3,SR-7,,523,47.15662778,-122.4341889,0,30,0,0,1,1,0,4,3,1,0,1,0,0000000,99,98,99,98,88,88,20,0,0,1,0
53,530246,1,1,0,1,1,6,6,25,0,23,8,2013,6,21,35,1,1,1,I-90,,1446,47.02994722,-119.9350361,0,8,0,0,1,1,0,1,2,1,0,1,0,0000000,99,99,99,99,88,88,0,0,0,1,0
53,530247,2,2,0,0,0,3,3,5,0,25,8,2013,1,11,42,1,1,1,I-82,,970,46.25687778,-119.4471333,0,12,7,0,1,1,0,1,1,1,0,1,0,0000000,99,99,99,99,99,99,0,0,0,1,0
53,530248,2,2,0,0,0,2,2,33,109,26,8,2013,2,4,36,1,11,1,I-405,,110,47.58661111,-122.1792778,0,12,1,0,1,1,0,1,2,10,0,10,0,0000000,99,98,99,98,88,88,19,0,0,1,0
53,530249,1,1,0,0,0,2,2,77,0,16,8,2013,6,18,52,0,4,4,CR-YAKIMA VALLEY HWY,,51,46.46695833,-120.3778889,0,1,0,0,1,1,0,5,1,1,0,1,0,0000000,99,99,99,99,99,99,0,0,0,1,1
53,530250,2,2,0,0,0,3,3,61,0,26,8,2013,2,16,20,0,4,4,CR-OLD OWEN RD,,51,47.86134444,-121.8684028,0,12,6,0,1,1,0,4,1,10,0,10,0,0000000,99,99,99,99,99,99,0,0,0,1,0
53,530251,2,2,0,0,0,3,3,27,0,26,8,2013,2,21,31,0,3,3,SR-105,,289,46.83821944,-124.1019417,0,12,2,0,4,1,0,1,2,10,0,10,0,0000000,99,99,99,99,99,99,0,0,0,1,0
53,530252,1,1,0,1,1,1,1,33,735,30,8,2013,6,10,50,0,14,6,MILITARY RD S,,0,47.34643333,-122.3016389,0,9,0,0,1,1,0,2,1,1,0,1,0,0000000,99,98,99,98,99,98,0,0,0,1,0
53,530253,2,2,0,0,0,4,4,31,0,31,8,2013,7,11,30,1,2,2,US-101,,3087,47.657725,-122.9249333,0,12,2,0,1,1,0,1,1,1,0,1,0,0000000,99,99,99,99,99,99,0,0,0,1,0
53,530254,1,1,0,0,0,1,1,33,735,2,9,2013,2,17,22,0,14,3,SR-509,,67,47.31009167,-122.4314972,0,24,0,0,1,1,0,4,1,1,0,1,0,0000000,99,98,99,98,88,88,0,0,0,1,0
53,530255,1,1,0,0,0,1,1,51,0,3,9,2013,3,16,20,0,3,3,SR-20,,4168,48.36978333,-117.3046306,0,38,0,0,1,1,0,5,1,1,0,1,0,0000000,99,98,99,98,88,88,0,0,0,1,1
53,530256,1,1,0,0,0,1,1,15,0,10,8,2013,7,19,39,0,6,4,CR-STORM RD,,6,46.37611667,-122.7636528,0,42,0,0,1,1,0,5,1,10,0,10,0,0000000,99,99,99,99,99,99,0,0,0,1,1
53,530257,2,2,0,0,0,4,4,75,1760,29,8,2013,5,13,35,0,13,3,SR-27,,4,46.73590833,-117.1756472,0,12,6,0,8,1,0,1,1,10,0,10,0,0000000,99,98,99,98,99,98,0,0,0,1,0
53,530258,1,1,0,0,0,2,2,11,0,4,9,2013,4,19,38,0,4,4,CR-NW MAIN AVE,,11,45.830625,-122.7467139,0,1,0,0,1,1,0,5,1,1,0,1,0,0000000,99,99,99,99,88,88,0,0,0,1,0
53,530259,1,1,0,0,0,1,1,63,0,4,9,2013,4,18,24,0,4,4,CR-E BLANCHARD RD,,23,47.98894722,-117.2030083,0,42,0,0,1,1,0,5,1,1,0,1,0,0000000,99,98,99,98,88,88,0,0,0,1,1
53,530260,1,1,0,0,0,2,2,67,0,4,9,2013,4,18,1,0,2,3,SR-8,,182,47.04054444,-123.0599028,0,42,0,0,1,1,0,3,1,1,0,1,0,0000000,99,98,99,98,88,88,0,0,0,2,0
53,530261,2,2,0,0,0,3,3,61,0,27,7,2013,7,11,30,0,14,4,CR-BURN RD,95TH AVE NE,66,48.17015556,-122.1024472,0,12,1,0,3,3,0,1,1,1,0,1,0,0000000,99,99,99,99,99,99,0,0,0,1,0
53,530262,1,1,0,0,0,4,4,31,1720,30,6,2013,1,14,15,0,9,8,FS 1000,,99999,47.83258056,-122.8388278,0,1,0,0,1,1,0,1,1,1,0,1,0,0000000,99,99,99,99,99,99,0,0,0,1,0
53,530263,1,1,0,2,2,1,1,15,0,19,8,2013,2,21,19,0,4,4,CR-BOND RD,,8,46.26449167,-122.8894917,0,8,0,0,1,1,0,1,2,1,0,1,0,0000000,99,99,99,99,99,99,0,0,0,1,0
53,530264,1,1,0,0,0,2,2,53,763,5,9,2013,5,16,48,0,3,3,SR-507,,400,47.05074167,-122.4709556,2,42,0,0,1,1,0,5,1,10,0,10,0,0000000,99,99,99,99,99,99,0,0,0,1,0