STATE,ST_CASE,VE_TOTAL,VE_FORMS,PVH_INVL,PEDS,PERNOTMVIT,PERMVIT,PERSONS,COUNTY,CITY,DAY,MONTH,YEAR,DAY_WEEK,HOUR,MINUTE,NHS,ROAD_FNC,ROUTE,TWAY_ID,TWAY_ID2,MILEPT,LATITUDE,LONGITUD,SP_JUR,HARM_EV,MAN_COLL,RELJCT1,RELJCT2,TYP_INT,WRK_ZONE,REL_ROAD,LGT_COND,WEATHER1,WEATHER2,WEATHER,SCH_BUS,RAIL,NOT_HOUR,NOT_MIN,ARR_HOUR,ARR_MIN,HOSP_HR,HOSP_MN,CF1,CF2,CF3,FATALS,DRUNK_DR
53,530265,2,2,0,0,0,2,2,61,1338,6,9,2013,6,19,20,0,13,3,SR-96,SR-527,0,47.87818333,-122.2070306,0,1,0,0,3,2,0,1,1,1,0,1,0,0000000,19,35,19,39,20,3,0,0,0,1,1
53,530266,1,1,0,0,0,1,1,75,0,8,9,2013,1,20,10,0,4,3,SR-23,,339,47.19313611,-117.8774417,0,35,0,0,1,1,0,5,2,1,0,1,0,0000000,99,99,99,99,88,88,0,0,0,1,0
53,530267,2,2,0,0,0,2,2,5,0,10,9,2013,3,5,23,1,1,1,I-82,,1150,46.1319,-119.2023361,0,1,0,0,1,1,0,3,1,1,0,1,0,0000000,99,98,99,98,88,88,0,0,0,1,0
53,530268,2,2,0,0,0,5,5,15,0,10,9,2013,3,20,15,0,4,4,CR-FORT RD,BECKER RD,14,46.37523056,-120.3569972,3,12,6,0,2,2,0,1,5,1,0,1,0,0000000,99,99,99,99,99,99,0,0,0,1,0
53,530269,2,2,0,0,0,2,2,63,2110,10,9,2013,3,12,46,0,13,3,SR-290,MSSION,33,47.67175278,-117.3448083,0,12,6,0,2,4,0,1,1,1,0,1,0,0000000,99,98,99,98,99,98,0,0,0,1,0
53,530270,4,4,0,0,0,6,6,33,109,12,9,2013,5,21,51,1,11,1,I-405,,133,47.610025,-122.1886333,0,12,1,0,1,1,0,1,3,1,0,1,0,0000000,21,51,21,59,22,30,0,0,0,1,0
53,530271,1,1,0,0,0,1,1,53,0,12,9,2013,5,21,45,0,14,4,CR-218TH AVE E,,4,47.21607222,-122.1379167,0,24,0,0,1,1,0,4,2,1,0,1,0,0000000,99,99,99,99,88,88,0,0,0,1,1
53,530272,2,2,0,0,0,2,2,33,0,13,9,2013,6,17,20,1,1,1,I-90,,250,47.50722778,-121.8900028,0,12,6,0,1,1,0,1,1,1,0,1,0,0000000,17,22,17,33,18,39,0,0,0,1,1
53,530273,1,1,0,0,0,2,2,25,0,13,8,2013,3,19,13,0,6,4,CR-RD 1 NW,,5,47.10323056,-119.8426667,0,42,0,0,1,1,0,5,1,1,0,1,0,0000000,99,98,99,98,88,88,0,0,0,2,1
53,530274,1,1,0,0,0,1,1,63,22,21,8,2013,4,21,55,0,16,6,RUSSELL,6TH AVE,0,47.64991944,-117.5820583,0,25,0,0,3,3,0,4,3,1,0,1,0,0000000,99,99,99,99,99,99,0,0,0,1,1
53,530275,1,1,0,0,0,3,3,47,0,2,9,2013,2,3,15,0,6,4,CR-S FISH LAKE RD,,8,48.61234167,-119.6950944,0,1,0,0,1,1,0,4,2,1,0,1,0,0000000,99,98,99,98,99,98,0,0,0,1,1
53,530276,2,2,0,0,0,3,3,39,0,18,9,2013,4,9,32,0,2,3,SR-14,,893,45.66365278,-121.0427583,0,12,2,0,1,1,0,1,1,1,0,1,0,0000000,99,99,99,99,99,99,0,0,0,2,0
53,530277,2,2,0,0,0,3,3,53,0,21,9,2013,7,19,50,0,3,3,SR-162,,145,47.11426111,-122.1392306,0,12,2,0,1,1,0,1,2,2,0,2,0,0000000,99,99,99,99,99,99,0,0,0,1,0
53,530278,1,1,0,0,0,1,1,33,0,21,9,2013,7,12,34,1,1,1,I-90,,518,47.42930556,-121.4237583,0,35,0,0,1,1,0,5,1,10,0,10,0,0000000,12,36,12,50,88,88,0,0,0,1,0
53,530279,2,2,0,0,0,3,3,73,0,21,9,2013,7,9,50,0,4,4,CR-HANNEGAN RD,VAN WYCK RD,20,48.80405833,-122.4429083,0,12,6,0,2,2,0,1,1,1,0,1,0,0000000,99,99,99,99,99,99,0,0,0,1,0
53,530280,2,2,0,0,0,3,3,63,0,24,9,2013,3,15,52,0,3,3,SR-290,STARR RD,169,47.72417778,-117.0688278,0,12,2,0,2,2,0,1,1,1,0,1,0,0000000,99,98,99,98,88,88,0,0,0,2,0
53,530282,1,1,0,0,0,1,1,33,1960,25,9,2013,4,21,26,0,12,3,SR-99,,317,47.59644167,-122.3344111,0,26,0,0,1,1,0,4,3,1,0,1,0,0000000,99,98,99,98,88,88,0,0,0,1,1
53,530283,1,1,0,0,0,1,1,33,1960,26,9,2013,5,14,51,0,12,3,SR-99,,317,47.59833056,-122.3355806,0,33,0,0,1,1,0,4,1,1,0,1,0,0000000,99,98,99,98,88,88,0,0,0,1,1
53,530284,2,2,0,0,0,2,2,39,0,27,9,2013,6,17,35,0,2,3,SR-14,SR-97,1015,45.69611111,-120.8241667,0,1,0,0,3,3,0,1,1,2,0,2,0,0000000,99,98,99,98,88,88,0,0,0,1,0
53,530285,1,1,0,0,0,1,1,33,735,28,9,2013,7,4,54,1,11,1,I-5,,1430,47.31178333,-122.2986222,0,24,0,0,1,1,0,4,3,2,0,2,0,0000000,99,98,99,98,88,88,0,0,0,1,0
53,530286,1,1,0,0,0,1,1,39,0,29,9,2013,1,19,50,0,4,3,SR-141 ALT,,60,45.74278333,-121.5232417,0,42,0,0,1,1,0,5,2,2,0,2,0,0000000,99,99,99,99,99,99,0,0,0,1,0
53,530287,2,2,0,0,0,4,4,39,0,29,9,2013,1,21,10,1,2,2,US-97,,335,46.04119167,-120.574125,0,17,0,0,1,1,0,1,2,2,0,2,0,0000000,99,99,99,99,99,99,0,0,0,2,0
53,530288,1,1,0,0,0,2,2,53,2230,29,9,2013,1,3,22,0,13,4,CR-CANYON RD E,128TH ST E,78,47.14008056,-122.3573361,0,30,0,0,3,2,0,4,3,2,0,2,0,0000000,99,98,99,98,88,88,0,0,0,2,1
53,530289,1,1,0,0,0,2,2,11,2370,29,9,2013,1,20,39,0,12,3,SR-14,,76,45.59653889,-122.5218056,0,1,0,0,1,1,0,5,2,2,0,2,0,0000000,99,99,99,99,99,99,0,0,0,1,0
53,530290,1,1,0,0,0,2,2,61,80,30,9,2013,2,2,57,1,11,1,I-5,,2061,48.15198333,-122.1885639,0,59,0,1,5,1,0,3,3,10,0,10,0,0000000,99,99,99,99,99,99,0,0,0,1,1
53,530291,1,1,0,0,0,1,1,7,0,30,9,2013,2,22,8,1,2,2,US-97,,1789,47.49574722,-120.6327778,0,24,0,0,1,1,0,4,2,10,0,10,0,0000000,99,98,99,98,88,88,0,0,0,1,1
53,530292,1,1,0,0,0,2,2,77,0,23,8,2013,6,20,52,0,4,4,CR-GILBERT RD,BORTON RD,20,46.551225,-120.6899722,0,35,0,0,3,4,0,5,3,1,0,1,0,0000000,99,98,99,98,88,88,0,0,0,1,1
53,530293,3,3,0,0,0,7,7,47,1880,23,6,2013,1,13,6,1,2,2,US-97,,2988,48.49830278,-119.5060278,0,12,6,0,1,1,0,1,1,1,0,1,0,0000000,99,99,99,99,99,99,0,0,0,1,0
53,530294,1,1,0,0,0,2,2,1,0,7,7,2013,1,14,52,1,2,2,US-395,,740,46.86229444,-118.6332528,0,1,0,0,1,1,0,3,1,1,0,1,0,0000000,99,99,99,99,99,99,0,0,0,1,0
53,530295,1,1,0,0,0,3,3,33,1960,21,9,2013,7,3,10,0,15,6,12TH AVE S,,0,47.59433056,-122.3166806,0,30,0,0,1,1,0,4,3,10,0,10,0,0000000,99,99,99,99,99,99,0,0,0,1,1
53,530296,2,1,1,1,1,2,2,25,0,1,10,2013,3,22,12,0,3,3,SR-17,,360,46.91852778,-119.1357639,0,8,0,0,1,1,0,1,2,1,0,1,0,0000000,99,99,99,99,99,99,19,0,0,1,0
53,530297,2,2,0,0,0,2,2,33,1820,3,10,2013,5,6,23,0,14,6,UNION HILL RD,,0,47.67632222,-122.08775,0,12,6,0,8,1,0,1,3,1,0,1,0,0000000,6,23,6,27,6,58,0,0,0,1,0
53,530298,2,2,0,0,0,2,2,53,2230,3,10,2013,5,5,54,0,13,4,CR-STEELE ST S,110TH ST S,52,47.15754444,-122.4678833,0,12,6,0,2,3,0,1,3,1,0,1,0,0000000,99,99,99,99,99,99,0,0,0,1,0
53,530299,1,1,0,0,0,2,2,73,0,4,10,2013,6,17,55,0,4,4,CR-W BADGER,,21,48.96466667,-122.57035,0,1,0,0,1,1,0,5,1,10,0,10,0,0000000,99,99,99,99,99,99,0,0,0,1,0
53,530300,2,2,0,0,0,2,2,33,109,4,10,2013,6,18,2,0,14,6,NE 10TH ST,102ND AVE NE,0,47.61925278,-122.2044,0,12,6,0,2,2,0,1,1,1,0,1,0,0000000,99,99,99,99,99,99,0,0,0,1,0
53,530301,2,2,0,0,0,4,4,73,0,5,10,2013,7,12,50,0,4,4,CR-SLATER RD,,38,48.819125,-122.6246472,0,12,2,0,1,1,0,1,1,1,0,1,0,0000000,99,99,99,99,99,99,0,0,0,1,1
53,530302,1,1,0,1,1,1,1,53,2210,5,10,2013,7,22,50,0,14,6,E VALLEY HWY,,0,47.23214722,-122.2247167,0,8,0,0,1,1,0,11,2,1,0,1,0,0000000,99,98,99,98,99,98,0,0,0,1,0
53,530303,1,1,0,0,0,3,3,63,0,5,10,2013,7,20,58,0,16,4,CR-S BATES DR,,4,47.60687222,-117.2493778,0,42,0,0,1,1,0,5,2,1,0,1,0,0000000,99,99,99,99,99,99,0,0,0,2,0
53,530304,1,1,0,0,0,1,1,33,0,5,10,2013,7,19,30,0,5,4,CR-W SNOQUALMIE VALLEY RD NE,,38,47.66100556,-121.9651722,0,42,0,0,1,1,0,5,2,1,0,1,0,0000000,19,37,19,45,88,88,0,0,0,1,0
53,530305,2,2,0,0,0,2,2,25,0,7,10,2013,2,15,53,0,6,4,CR-RD 2 SE,RD O SE,20,47.05737222,-119.1724639,0,12,6,0,2,2,0,1,1,1,0,1,0,0000000,99,98,99,98,88,88,0,0,0,1,0
53,530306,1,1,0,1,1,2,2,9,1700,7,10,2013,2,20,1,1,13,2,US-101,,2497,48.10640556,-123.3995778,0,8,0,0,1,1,0,1,3,10,0,10,0,0000000,99,99,99,99,88,88,0,0,0,1,1
53,530307,2,2,0,0,0,3,3,45,0,8,10,2013,3,10,0,0,2,3,SR-3,PICKERING RD,108,47.27867778,-122.9709167,0,12,6,0,2,3,0,1,1,10,0,10,0,0000000,99,99,99,99,88,88,0,0,0,2,0
53,530308,1,1,0,1,1,1,1,27,930,8,10,2013,3,15,47,0,13,2,US-101,22ND ST,868,46.97533611,-123.8726222,0,15,0,0,3,2,0,1,1,1,0,1,0,0000000,99,98,99,98,88,88,0,0,0,1,0
53,530309,2,2,0,0,0,2,2,53,1770,8,10,2013,3,21,41,0,14,4,CR-304TH ST E,WEBSTER RD E,20,46.98017778,-122.31555,0,12,6,0,2,2,0,1,3,10,0,10,0,0000000,99,99,99,99,99,99,0,0,0,1,1
53,530310,1,1,0,0,0,1,1,15,0,9,10,2013,4,12,54,0,2,3,SR-4,,545,46.17938333,-123.0356472,0,35,0,0,1,1,0,5,1,10,0,10,0,0000000,99,98,99,98,99,98,0,0,0,1,1
53,530311,1,1,0,0,0,1,1,7,0,10,10,2013,5,12,30,1,12,2,US-2,,1156,47.46943611,-120.3352278,0,24,0,0,1,1,0,4,1,1,0,1,0,0000000,99,99,99,99,99,99,0,0,0,1,0
53,530312,2,2,0,1,1,4,4,61,690,10,10,2013,5,14,42,0,14,6,112TH ST SE,7TH AVE SE,0,47.896475,-122.2229917,0,12,6,0,2,2,0,1,1,10,0,10,0,0000000,99,98,99,98,99,98,0,0,0,1,0
53,530313,2,2,0,0,0,5,5,77,0,11,10,2013,6,17,34,1,1,1,I-82,,510,46.41121111,-120.2907694,0,12,6,0,1,1,0,1,1,1,0,1,0,0000000,99,98,99,98,88,88,0,0,0,1,1
53,530314,2,2,0,0,0,4,4,63,0,13,10,2013,1,16,32,1,2,2,US-2,LANE PARK,2978,47.79441111,-117.3510722,0,12,6,0,2,2,0,1,1,1,0,1,0,0000000,99,98,99,98,88,88,0,0,0,2,0
53,530315,1,1,0,0,0,2,2,33,2310,13,10,2013,1,17,47,1,11,1,I-5,,1548,47.4701,-122.2685889,0,33,0,0,1,1,0,4,1,1,0,1,0,0000000,99,99,99,99,99,99,0,0,0,1,1
53,530316,1,1,0,0,0,1,1,29,0,17,10,2013,5,0,32,0,2,3,SR-525,,17,48.00785556,-122.5286722,0,11,0,0,1,1,0,1,2,1,0,1,0,0000000,99,98,99,98,99,98,0,0,0,1,1
53,530317,2,2,0,0,0,2,2,63,2110,17,10,2013,5,18,48,1,12,2,US-195,,953,47.63732222,-117.4471611,0,12,2,0,1,1,0,1,2,1,0,1,0,0000000,99,99,99,99,99,99,0,0,0,1,0
53,530318,1,1,0,3,3,2,2,63,2110,18,10,2013,6,18,29,0,13,6,MONROE,MANSFIELD,0,47.67761944,-117.4266583,0,8,0,0,3,2,0,1,3,1,0,1,0,0000000,99,99,99,99,99,99,0,0,0,1,0
53,530319,2,2,0,0,0,5,5,61,0,19,10,2013,7,16,16,1,2,2,US-2,,370,47.81009444,-121.5437611,0,12,2,0,1,1,0,1,1,10,0,10,0,0000000,99,99,99,99,99,99,0,0,0,1,1
53,530320,2,2,0,0,0,5,5,33,1960,19,10,2013,7,3,46,0,2,6,23TH AVE S,S KING ST,0,47.59786389,-122.3022083,0,12,99,0,2,2,0,1,3,5,0,5,0,0000000,99,99,99,99,99,99,0,0,0,1,1
53,530321,1,1,0,0,0,1,1,11,240,19,10,2013,7,7,48,0,14,6,NW PACIFIC RIM BLVD,,0,45.59992222,-122.4565417,0,42,0,0,1,1,0,5,1,5,0,5,0,0000000,99,98,99,98,99,98,0,0,0,1,0
53,530322,2,2,0,0,0,3,3,25,0,19,10,2013,7,17,25,0,3,3,SR-28,,330,47.23408333,-119.8021528,0,12,2,0,1,1,0,1,1,1,0,1,0,0000000,99,99,99,99,99,99,0,0,0,2,0
53,530323,1,1,0,0,0,2,2,65,0,19,10,2013,7,23,10,0,4,4,CR-ALADDIN RD,,34,48.5828,-117.850375,0,1,0,0,1,1,0,1,2,1,0,1,0,0000000,99,99,99,99,99,99,0,0,0,1,1
53,530324,2,2,0,0,0,4,4,33,1030,20,10,2013,1,0,32,0,14,6,S 196TH ST,68 AVE SE,0,47.42666111,-122.2493472,0,12,6,0,2,2,0,1,3,10,0,10,0,0000000,99,99,99,99,99,99,0,0,0,1,0
53,530325,1,1,0,1,1,1,1,71,2390,20,10,2013,1,8,59,0,14,6,W POPULAR,S 7TH AVE,0,46.06241944,-118.3444444,0,8,0,0,3,2,0,1,1,1,0,1,0,0000000,99,99,99,99,88,88,0,0,0,1,0
53,530326,2,2,0,0,0,2,2,77,0,21,10,2013,2,15,56,0,9,4,CR-LUCY LANE,,4,46.409875,-120.2299583,0,12,1,0,1,1,0,1,1,1,0,1,0,0000000,99,99,99,99,99,99,0,0,0,1,0
53,530327,1,1,0,1,1,1,1,33,2005,21,10,2013,2,0,30,0,16,6,62TH AVE NE,,0,47.76242222,-122.2600667,0,8,0,0,1,1,0,2,3,10,0,10,0,0000000,99,99,99,99,88,88,0,0,0,1,0
53,530328,4,4,0,0,0,4,4,61,0,21,10,2013,2,18,44,1,2,2,US-2,,340,47.81600833,-121.6015056,0,12,2,0,1,1,0,1,2,1,0,1,0,0000000,99,99,99,99,88,88,20,0,0,1,1
53,530329,3,3,0,0,0,3,3,73,0,22,10,2013,3,0,55,0,4,3,SR-548,,48,48.89206111,-122.7019917,0,12,2,0,1,1,0,1,2,5,0,5,0,0000000,99,99,99,99,88,88,0,0,0,2,0
53,530330,1,1,0,0,0,1,1,19,0,22,10,2013,3,1,20,0,4,4,CR-W CURLEW LAKE RD,,2,48.705575,-118.6643861,0,59,0,0,1,1,0,4,2,5,0,5,0,0000000,99,98,99,98,99,98,0,0,0,1,0
53,530331,2,2,0,0,0,3,3,1,0,22,10,2013,3,7,20,0,2,3,SR-17,,344,46.89585833,-119.1436889,0,12,6,0,1,1,0,1,4,1,0,1,0,0000000,99,99,99,99,99,99,0,0,0,1,0
53,530332,2,2,0,0,0,2,2,33,1960,22,10,2013,3,13,0,0,14,6,E MARGINAL WAY S,S SPOKANE ST,0,47.57189722,-122.339875,0,12,6,0,3,2,0,1,1,1,0,1,0,0000000,99,99,99,99,99,99,0,0,0,1,0
53,530333,2,2,0,0,0,2,2,27,10,22,10,2013,3,18,53,0,16,6,W 2ND ST,,0,46.97145833,-123.8342139,0,12,6,0,8,1,0,1,5,1,0,1,0,0000000,99,98,99,98,99,98,0,0,0,1,1
53,530334,2,2,0,0,0,2,2,67,0,29,9,2013,1,19,5,0,14,4,CR-SOUTHBAY RD NE,,31,47.08126111,-122.8449806,0,12,6,0,8,1,0,1,3,2,0,2,0,0000000,99,99,99,99,99,99,0,0,0,1,0
53,530335,1,1,0,0,0,2,2,61,80,10,10,2013,5,21,26,0,15,6,BURN RD,,0,48.17804722,-122.1142333,0,1,0,0,1,1,0,4,2,1,0,1,0,0000000,99,98,99,98,99,98,0,0,0,1,1
53,530336,1,1,0,0,0,2,2,53,0,24,10,2013,5,19,0,0,3,4,CR-KEY PENINSULA HWY N,,20,47.31342778,-122.7520694,0,42,0,0,1,1,0,5,2,10,0,10,0,0000000,99,98,99,98,99,98,0,0,0,1,1
53,530337,1,1,0,1,1,1,1,67,0,25,10,2013,6,10,14,1,2,2,US-12,,399,46.82510278,-123.1286417,0,8,0,0,1,1,0,1,1,1,0,1,0,0000000,99,99,99,99,88,88,0,0,0,1,0
53,530338,2,2,0,0,0,2,2,33,1960,25,10,2013,6,19,6,1,11,1,I-5,,1630,47.56682778,-122.3203806,0,12,6,0,1,1,0,1,3,1,10,10,0,0000000,99,99,99,99,99,99,0,0,0,1,0
53,530339,1,1,0,1,1,1,1,33,1960,28,10,2013,2,6,3,0,14,6,E PINE ST,,0,47.6141,-122.3176806,0,8,0,0,1,1,0,1,3,1,0,1,0,0000000,99,99,99,99,88,88,0,0,0,1,0
53,530340,1,1,0,1,1,1,1,11,2370,28,10,2013,2,19,7,0,13,6,MILL PLAIN BLVD,,0,45.62098889,-122.5645028,0,8,0,0,1,1,0,1,3,1,0,1,0,0000000,99,99,99,99,99,99,0,0,0,1,0
53,530341,1,1,0,0,0,2,2,33,1960,13,10,2013,1,0,15,0,13,6,W MARGINAL WAY SW,,0,47.55464722,-122.3478583,0,42,0,0,1,1,0,5,3,10,0,10,0,0000000,99,99,99,99,99,99,0,0,0,1,1
53,530342,2,2,0,0,0,2,2,9,0,30,10,2013,4,9,56,0,4,3,SR-112,,100,48.28602778,-124.3888917,0,12,2,0,1,1,0,1,1,1,0,1,0,0000000,99,99,99,99,99,99,0,0,0,1,0
53,530343,2,2,0,0,0,4,4,57,0,31,10,2013,5,17,5,0,2,3,SR-20,,472,48.45395,-122.5831389,0,12,6,0,1,1,0,1,1,10,0,10,0,0000000,99,99,99,99,99,99,0,0,0,2,0
53,530344,2,2,0,0,0,2,2,61,1120,23,10,2013,4,11,29,0,12,3,SR-204,81ST AVE SE,14,47.99487222,-122.1215056,0,12,6,0,2,3,0,1,1,5,0,5,0,0000000,99,98,99,98,99,98,0,0,0,1,0
53,530345,2,2,0,0,0,2,2,33,100,28,8,2013,4,12,21,0,16,6,1ST NE,,0,47.32445278,-122.2191556,0,12,2,0,8,1,0,1,1,10,0,10,0,0000000,99,99,99,99,99,99,0,0,0,1,0
53,530346,1,1,0,0,0,1,1,33,1960,28,8,2013,4,14,32,0,13,6,RAINER AVE S,,0,47.52396944,-122.2699583,0,1,0,0,1,1,0,1,1,1,0,1,0,0000000,99,98,99,98,99,98,0,0,0,1,0
53,530347,1,1,0,1,1,1,1,33,1960,29,9,2013,1,18,37,0,13,6,M.L.KING JR WAY S,S OTHELLO ST,0,47.53702778,-122.2808972,0,8,0,0,2,2,0,1,1,2,0,2,0,0000000,99,99,99,99,99,99,0,0,0,1,0
53,530348,1,1,0,1,1,2,2,77,2590,3,9,2013,3,21,3,0,13,6,N 1ST ST,,0,46.61785,-120.51195,0,8,0,0,1,1,0,1,3,1,0,1,0,0000000,99,98,99,98,99,98,0,0,0,1,0
53,530349,3,2,1,0,0,2,2,33,1958,1,11,2013,6,20,21,0,14,6,MILITARY RD S,,0,47.48209167,-122.2950528,0,12,2,0,1,1,0,1,3,10,0,10,0,0000000,99,98,99,98,99,98,0,0,0,1,1
53,530351,1,1,0,0,0,2,2,33,1030,3,11,2013,1,1,35,0,15,6,148TH AVE SE,,0,47.37792222,-122.1441083,0,38,0,0,1,1,0,5,2,10,0,10,0,0000000,99,99,99,99,99,99,0,0,0,1,1
53,530352,1,1,0,1,1,2,2,25,1390,4,11,2013,2,18,53,0,13,6,STRATFORD RD,,0,47.13618333,-119.2783472,0,8,0,0,1,1,0,1,3,1,0,1,0,0000000,99,99,99,99,99,99,0,0,0,1,0
53,530353,2,2,0,0,0,2,2,33,0,6,11,2013,4,14,45,0,13,4,CR-ISSAQUAT-HOBART RD SE,,137,47.48336944,-122.0276722,0,12,6,0,1,1,0,1,1,10,0,10,0,0000000,99,99,99,99,88,88,0,0,0,1,0
53,530354,2,2,0,0,0,2,2,71,0,7,11,2013,5,7,0,0,4,3,SR-125,VALLEY GROVE RD,125,46.15318333,-118.3732,0,12,2,0,2,4,0,1,4,5,0,5,0,0000000,99,99,99,99,99,99,0,0,0,1,0
53,530355,1,1,0,2,2,1,1,77,2590,7,11,2013,5,18,55,0,19,4,CR-S 43RD ST,,0,46.60043889,-120.4431972,0,8,0,0,4,1,0,1,3,10,0,10,0,0000000,99,99,99,99,99,99,0,0,0,1,0
53,530356,1,1,0,0,0,2,2,77,0,8,11,2013,6,4,0,0,4,4,CR-AHTANUM,,118,46.54372778,-120.7188083,0,1,0,0,1,1,0,4,2,1,0,1,0,0000000,99,99,99,99,99,99,0,0,0,1,1
53,530357,1,1,0,1,1,1,1,21,1660,9,11,2013,7,20,46,0,13,6,W LEWIS ST,20TH AVE,0,46.22945278,-119.1176778,0,8,0,0,3,2,0,1,3,10,0,10,0,0000000,99,99,99,99,99,99,0,0,0,1,0
53,530358,1,1,0,0,0,2,2,63,0,9,11,2013,7,6,45,1,2,2,US-195,,847,47.49244444,-117.4004361,0,42,0,0,1,1,0,3,1,99,0,99,0,0000000,99,99,99,99,99,99,0,0,0,1,0
53,530359,1,1,0,0,0,2,2,41,0,10,11,2013,1,18,53,0,4,4,CR-S JACKSON HWY,,7,46.42778611,-122.8399,0,24,0,0,1,1,0,4,2,1,0,1,0,0000000,99,99,99,99,99,99,0,0,0,1,1
53,530360,1,1,0,0,0,1,1,17,0,11,11,2013,2,99,99,0,4,3,SR-173,,100,48.08483889,-119.7807139,0,58,0,0,1,1,0,5,9,99,0,99,0,0000000,99,98,99,98,88,88,0,0,0,1,0
53,530361,1,1,0,0,0,1,1,53,2230,11,11,2013,2,19,8,1,11,1,I-705,SR-509,5,47.24340833,-122.435025,0,33,0,1,5,1,0,8,3,1,0,1,0,0000000,99,98,99,98,88,88,0,0,0,1,1
53,530362,3,3,0,0,0,4,4,33,1030,12,11,2013,3,7,19,0,14,6,SE 208TH ST,120TH PL SE,0,47.41579722,-122.1808222,0,12,6,0,2,3,0,1,1,2,0,2,0,0000000,99,98,99,98,99,98,0,0,0,1,0
53,530363,1,1,0,1,1,2,2,33,1820,12,11,2013,3,12,18,0,14,4,CR-NE UNION HILL RD,,6,47.67096667,-122.0661472,0,9,0,0,1,1,0,1,1,10,0,10,0,0000000,12,18,12,22,88,88,0,0,0,1,0
53,530364,1,1,0,1,1,1,1,33,2005,14,11,2013,5,19,20,0,14,6,NW RICHMOND BEACH RD,,0,47.76509444,-122.365025,0,8,0,0,1,1,0,1,3,10,0,10,0,0000000,19,21,19,25,88,88,0,0,0,1,0
53,530365,2,2,0,0,0,3,3,75,0,15,11,2013,6,9,30,1,2,2,US-195,,310,46.79286389,-117.3115139,0,12,2,0,1,1,0,1,1,10,0,10,0,0000000,99,99,99,99,99,99,0,0,0,1,0
53,530366,1,1,0,0,0,1,1,57,0,15,11,2013,6,15,30,0,6,4,CR-SHELTER BAY DR,SNOHOMISH DR,11,48.38686389,-122.5156861,3,32,0,0,3,3,0,4,5,2,0,2,0,0000000,99,98,99,98,88,88,0,0,0,1,0
53,530367,1,1,0,0,0,1,1,77,0,15,11,2013,6,19,40,0,6,4,CR-BELMA RD,,20,46.24364444,-119.998475,0,38,0,0,1,1,0,5,2,1,0,1,0,0000000,99,99,99,99,99,99,0,0,0,1,1
53,530368,1,1,0,0,0,1,1,33,1960,17,11,2013,1,1,20,1,11,1,I-5,,1620,47.55305278,-122.3185389,0,24,0,1,5,1,0,4,3,1,0,1,0,0000000,99,98,99,98,88,88,0,0,0,1,1
53,530369,1,1,0,0,0,1,1,57,0,17,11,2013,1,19,3,0,5,4,CR-BEAVER LAKE RD,,3,48.45207222,-122.2282306,0,42,0,0,1,1,0,5,2,2,0,2,0,0000000,99,99,99,99,88,88,0,0,0,1,1
53,530370,1,1,0,0,0,4,4,11,2370,17,11,2013,1,20,42,0,14,6,SE COLUMBIA WAY,,0,45.62147222,-122.6722861,0,18,0,0,1,1,0,5,3,10,0,10,0,0000000,99,99,99,99,99,99,0,0,0,2,1
53,530371,1,1,0,0,0,1,1,35,0,21,11,2013,5,3,43,0,4,4,CR-GLENWOOD RD SW,,38,47.46202222,-122.6766944,0,53,0,0,1,1,0,4,2,1,0,1,0,0000000,99,98,99,98,88,88,0,0,0,1,1
53,530372,1,1,0,0,0,1,1,19,0,22,11,2013,6,4,20,0,6,4,CR-HALL CREEK,,16,48.58056389,-118.6202139,0,42,0,0,1,1,0,5,9,1,0,1,0,0000000,99,98,99,98,88,88,0,0,0,1,1
53,530373,2,2,0,0,0,2,2,51,0,22,11,2013,6,7,10,0,3,3,SR-20,,4059,48.49825833,-117.2690944,0,12,2,0,1,1,0,1,1,1,0,1,0,0000000,99,98,99,98,88,88,0,0,0,1,0
53,530374,1,1,0,0,0,3,3,5,0,22,11,2013,6,7,43,1,1,1,I-82,,811,46.22134722,-119.7663333,0,1,0,0,1,1,0,1,1,1,0,1,0,0000000,99,99,99,99,99,99,0,0,0,1,0
53,530375,2,2,0,0,0,2,2,53,0,23,11,2013,7,23,26,0,3,3,SR-7,TANWAX BLVD,356,46.92956389,-122.3573778,0,12,6,0,2,3,0,1,2,1,0,1,0,0000000,99,99,99,99,88,88,0,0,0,1,2
53,530376,2,1,1,0,1,3,4,53,2230,24,11,2013,1,6,30,0,12,3,SR-16,,2,47.23305,-122.4626389,0,14,0,1,5,1,0,2,3,5,0,5,0,0000000,99,98,99,98,99,98,19,0,0,1,0
53,530377,4,4,0,0,0,9,9,63,0,27,11,2013,4,8,1,1,1,1,I-90,,2699,47.56020833,-117.6056583,0,12,1,0,1,1,0,1,1,1,0,1,0,0000000,99,99,99,99,99,99,0,0,0,1,0
53,530378,2,2,0,0,0,2,2,77,0,27,11,2013,4,17,20,0,4,4,CR-AHTANUM RD,,55,46.55821389,-120.5901944,0,12,2,0,1,1,0,1,3,1,0,1,0,0000000,99,99,99,99,99,99,0,0,0,1,0