STATE,ST_CASE,VE_TOTAL,VE_FORMS,PVH_INVL,PEDS,PERNOTMVIT,PERMVIT,PERSONS,COUNTY,CITY,DAY,MONTH,YEAR,DAY_WEEK,HOUR,MINUTE,NHS,ROAD_FNC,ROUTE,TWAY_ID,TWAY_ID2,MILEPT,LATITUDE,LONGITUD,SP_JUR,HARM_EV,MAN_COLL,RELJCT1,RELJCT2,TYP_INT,WRK_ZONE,REL_ROAD,LGT_COND,WEATHER1,WEATHER2,WEATHER,SCH_BUS,RAIL,NOT_HOUR,NOT_MIN,ARR_HOUR,ARR_MIN,HOSP_HR,HOSP_MN,CF1,CF2,CF3,FATALS,DRUNK_DR
53,530379,1,1,0,0,0,1,1,35,0,27,11,2013,4,19,28,0,4,4,CR-OLALLA VALLEY RD SE,,29,47.44801944,-122.5747917,0,42,0,0,1,1,0,5,2,1,0,1,0,0000000,99,98,99,98,88,88,0,0,0,1,1
53,530380,2,2,0,0,0,3,3,25,0,29,11,2013,6,11,55,1,2,2,US-2,,1956,47.65607778,-119.2271333,0,12,2,0,1,1,0,1,1,2,0,2,0,0000000,99,99,99,99,99,99,0,0,0,1,0
53,530381,1,1,0,1,1,1,1,33,2310,2,12,2013,2,4,50,1,11,1,I-5,,1562,47.48857222,-122.2649472,0,8,0,0,1,1,0,1,2,1,0,1,0,0000000,99,99,99,99,88,88,0,0,0,1,0
53,530382,2,2,0,0,0,2,2,75,0,2,12,2013,2,16,0,0,2,3,SR-270,PULLMAN AIRPORT RD,90,46.73856111,-117.0546806,0,12,6,0,3,3,0,1,1,4,0,4,0,0000000,99,99,99,99,88,88,0,0,0,1,0
53,530383,1,1,0,1,1,1,1,27,0,3,12,2013,3,99,99,1,13,2,US-12,,20,46.98150833,-123.7736722,0,8,0,0,1,1,0,2,9,99,0,99,0,0000000,99,98,99,98,88,88,0,0,0,1,0
53,530384,2,2,0,0,0,2,2,11,0,4,12,2013,4,13,40,1,11,1,I-205,,326,45.67809722,-122.5866944,0,12,2,0,1,1,0,1,1,1,0,1,0,0000000,99,99,99,99,99,99,0,0,0,1,0
53,530385,1,1,0,0,0,2,2,33,0,6,12,2013,6,20,28,0,14,4,CR-284TH AVE SE,,11,47.214575,-121.9630806,0,38,0,0,1,1,0,5,2,1,0,1,0,0000000,99,98,99,98,88,88,0,0,0,2,1
53,530386,1,1,0,1,1,1,1,33,1960,9,12,2013,2,18,0,0,12,3,SR-99,N ALLEN PL,0,47.66045833,-122.3473361,0,8,0,0,3,3,0,1,3,1,0,1,0,0000000,99,99,99,99,99,99,0,0,0,1,0
53,530387,1,1,0,0,0,2,2,11,0,12,12,2013,5,19,30,0,4,4,CR-NE LUCIA FALLS RD,,56,45.83224444,-122.3865806,0,30,0,0,1,1,0,4,2,2,0,2,0,0000000,99,99,99,99,99,99,0,0,0,1,0
53,530389,2,2,0,0,0,3,3,41,0,12,12,2013,5,21,43,0,4,4,CR-BIG HANAFORD,,3,46.752625,-122.9343278,0,12,6,0,1,1,0,1,2,2,0,2,0,0000000,99,99,99,99,88,88,0,0,0,2,1
53,530390,1,1,0,0,0,2,2,51,0,14,12,2013,7,20,16,0,3,3,SR-211,,29,48.13618611,-117.2851417,0,34,0,0,1,1,0,5,2,5,0,5,0,0000000,99,98,99,98,99,98,0,0,0,1,0
53,530391,1,1,0,1,1,1,1,45,0,16,12,2013,2,3,49,1,2,2,US-101,,3500,47.16637778,-123.0958861,0,8,0,0,1,1,0,1,2,10,0,10,0,0000000,99,98,99,98,88,88,0,0,0,1,0
53,530392,3,3,0,0,0,4,4,53,0,16,12,2013,2,10,14,1,1,1,I-5,,1167,47.08244167,-122.6720583,0,12,6,0,1,1,0,1,1,10,0,10,0,0000000,99,99,99,99,99,99,0,0,0,1,0
53,530393,2,2,0,0,0,4,4,73,0,16,12,2013,2,13,35,0,4,4,CR-AXTON,ALDRICH,27,48.84791944,-122.5190222,0,12,6,0,2,2,0,1,1,1,0,1,0,0000000,99,99,99,99,99,99,0,0,0,1,0
53,530394,1,1,0,0,0,3,3,35,0,16,12,2013,2,21,39,0,16,4,CR-BABY DOLL RD E,E LASALLE ST,9,47.54469722,-122.5888083,0,42,0,0,3,3,0,5,2,5,0,5,0,0000000,99,99,99,99,99,99,0,0,0,2,0
53,530395,1,1,0,1,1,1,1,63,0,18,12,2013,4,17,1,0,14,4,CR-E 57TH AVE,,11,47.60211667,-117.3669667,0,8,0,0,1,1,0,1,3,1,0,1,0,0000000,99,98,99,98,88,88,0,0,0,1,0
53,530396,3,3,0,0,0,3,3,1,0,20,12,2013,6,12,46,1,1,1,I-90,,2291,47.19093611,-118.2592028,0,12,1,0,1,1,0,1,1,4,0,4,0,0000000,99,99,99,99,99,99,19,0,0,1,0
53,530397,1,1,0,0,0,2,2,33,735,23,12,2013,2,23,16,0,15,6,REDONDO WAY S,,0,47.34083611,-122.3178722,0,30,0,0,1,1,0,5,2,10,0,10,0,0000000,99,98,99,98,99,98,0,0,0,1,1
53,530398,2,2,0,0,0,3,3,33,980,27,12,2013,6,15,9,0,13,6,E LK SAMMAMISH PKWY,,0,47.55211944,-122.0437833,0,12,7,0,1,1,0,1,1,10,0,10,0,0000000,15,11,15,17,15,47,0,0,0,1,0
53,530400,1,1,0,1,1,2,2,33,1960,29,12,2013,1,21,14,0,2,6,35TH AVE SW,SW GRAHAM ST,0,47.54663056,-122.3831833,0,8,0,0,2,2,0,1,2,1,0,1,0,0000000,99,99,99,99,99,99,0,0,0,1,0
53,530401,2,1,1,0,0,3,3,33,100,29,12,2013,1,2,22,0,14,3,SR-164,,30,47.28803333,-122.1776778,3,42,0,0,1,1,0,5,3,5,0,5,0,0000000,99,98,99,98,99,98,0,0,0,1,1
53,530402,2,2,0,0,0,2,2,73,0,31,12,2013,3,0,17,0,2,3,SR-539,,35,48.83970833,-122.4859389,0,12,2,0,1,1,0,1,3,10,0,10,0,0000000,99,98,99,98,99,98,0,0,0,2,0
53,530403,5,5,0,0,0,9,9,33,229,18,12,2013,4,4,51,0,15,6,S 120TH ST,8TH AVE S,0,47.49587778,-122.3248583,0,38,0,0,3,3,0,5,2,2,0,2,0,0000000,99,99,99,99,99,99,0,0,0,1,1
53,530404,1,1,0,0,0,1,1,7,2460,7,11,2013,5,14,11,0,14,6,CRAWFORD,,0,47.40406944,-120.3137778,0,30,0,0,1,1,0,5,1,1,0,1,0,0000000,99,99,99,99,99,99,0,0,0,1,0
53,530405,1,1,0,0,0,3,3,15,0,31,12,2013,3,22,39,0,6,4,CR-INSEL RD,,11,45.93637778,-122.7394944,0,42,0,0,1,1,0,5,2,10,0,10,0,0000000,99,99,99,99,99,99,0,0,0,1,1
53,530406,2,2,0,0,0,2,2,71,2390,31,12,2013,3,13,14,0,13,6,W PINE ST,,0,46.06839167,-118.3692111,0,12,2,0,1,1,0,1,1,1,0,1,0,0000000,99,99,99,99,99,99,0,0,0,1,0
53,530408,1,1,0,0,0,1,1,41,310,13,7,2013,7,14,3,0,13,6,N NATIONAL AVE,,0,46.67514167,-122.9694611,0,30,0,0,1,1,0,4,1,1,0,1,0,0000000,99,99,99,99,99,99,0,0,0,1,0
53,530409,1,1,0,0,0,1,1,47,0,29,7,2013,2,20,20,0,4,4,CR-PETER DAN RD,,10,48.0152,-118.9241,3,1,0,0,1,1,0,4,5,1,0,1,0,0000000,99,98,99,98,88,88,0,0,0,1,0
53,530410,1,1,0,1,1,2,2,33,1960,16,12,2013,2,15,14,0,16,6,5TH AVE NE,NE 106TH ST,0,47.70629722,-122.3232056,0,8,0,0,2,2,0,1,1,1,0,1,0,0000000,99,98,99,98,99,98,0,0,0,1,1
53,530411,1,1,0,0,0,1,1,33,1830,27,12,2013,6,2,20,0,13,6,S CARR RD,,0,47.44238056,-122.2048806,0,33,0,0,1,1,0,4,3,5,0,5,0,0000000,99,98,99,98,88,88,0,0,0,1,1
53,530412,1,1,0,0,0,3,3,43,0,26,12,2013,5,2,12,0,6,4,CR-OESTREICH RD,GILLILAND RD,32,47.43543889,-118.1326833,0,1,0,0,3,3,0,4,2,99,0,99,0,0000000,99,98,99,98,88,88,0,0,0,1,0
53,530413,1,1,0,0,0,1,1,67,1590,23,12,2013,2,14,30,0,9,8,KC LINE RD,,0,47.04310556,-123.1560806,0,42,0,0,1,1,0,5,1,2,0,2,0,0000000,99,98,99,98,88,88,0,0,0,1,0
53,530414,2,2,0,0,0,3,3,63,0,5,12,2013,5,17,56,0,9,4,CR-HASTINGS,WASHINGTON,99999,47.76916389,-117.4147806,0,12,1,0,2,3,0,1,3,1,0,1,0,0000000,99,98,99,98,99,98,0,0,0,1,0
53,530415,1,1,0,1,1,1,1,33,1960,7,12,2013,7,18,4,0,19,6,S JACKSON ST,17TH AVE S,0,47.59923333,-122.3102472,0,8,0,0,2,3,0,1,3,1,0,1,0,0000000,99,99,99,99,99,99,0,0,0,1,0
53,530417,1,1,0,1,1,2,2,61,1407,30,8,2013,6,19,11,0,19,6,38TH AVE W,225TH PL SW,0,47.79412778,-122.2862139,0,8,0,0,2,2,0,1,1,1,0,1,0,0000000,99,98,99,98,99,98,0,0,0,1,0
53,530418,1,1,0,0,0,2,2,37,0,28,12,2013,7,15,6,1,2,2,US-97,,1408,47.087575,-120.6499444,0,58,0,0,1,1,0,5,1,1,0,1,0,0000000,99,99,99,99,88,88,0,0,0,1,0
54,540001,2,2,0,0,0,2,2,55,260,1,1,2013,3,7,10,0,14,2,US-19,,900,37.28124167,-81.17763611,0,12,6,0,1,1,0,1,4,1,0,1,0,0000000,7,11,7,17,8,32,0,0,0,1,2
54,540002,1,1,0,0,0,1,1,89,932,5,1,2013,7,3,0,0,6,3,SR-3,,4,37.64115833,-80.80583611,0,1,0,0,1,1,0,4,2,10,0,10,0,0000000,7,40,99,99,88,88,0,0,0,1,1
54,540003,1,1,0,1,1,1,1,39,480,6,1,2013,1,21,15,0,3,3,SR-622,,138,38.37587778,-81.66333889,0,8,0,0,1,1,0,1,2,10,0,10,0,0000000,21,18,21,23,21,42,0,0,0,1,0
54,540004,2,2,0,0,0,2,2,59,680,9,1,2013,4,18,45,1,2,2,US-119,,105,37.78757778,-82.14300556,0,12,2,0,1,1,0,1,2,2,0,2,0,0000000,99,99,99,99,99,99,0,0,0,1,0
54,540005,2,2,0,0,0,2,2,1,2110,9,1,2013,4,8,7,0,3,2,US-250,4-H RD,166,39.10586389,-79.99501667,0,12,6,0,2,2,0,1,1,1,0,1,0,0000000,8,10,8,18,88,88,0,0,0,1,0
54,540006,1,1,0,0,0,2,2,101,0,11,1,2013,6,17,8,0,5,4,CR-9,,77,38.57168611,-80.68969444,0,35,0,0,1,1,0,4,1,10,5,5,0,0000000,17,13,17,21,18,11,0,0,0,1,1
54,540007,2,1,1,0,0,2,2,43,2760,12,1,2013,7,0,44,0,3,3,SR-10,,285,38.28778056,-82.19221944,0,14,0,0,1,1,0,4,2,5,0,5,0,0000000,0,44,0,58,1,46,0,0,0,2,1
54,540008,2,2,0,0,0,4,4,41,2790,15,1,2013,3,4,40,1,1,1,I-79,,975,39.01705833,-80.44726944,0,12,7,0,1,1,0,1,2,10,0,10,0,0000000,4,52,5,0,5,30,0,0,0,1,0
54,540009,1,1,0,0,0,1,1,27,257,15,1,2013,3,15,25,0,5,4,CR-6,,40,39.34276944,-78.36740833,0,30,0,0,1,1,0,4,1,1,0,1,0,0000000,15,35,15,46,88,88,0,0,0,1,0
54,540010,2,2,0,0,0,2,2,67,597,22,1,2013,3,13,18,0,4,3,SR-20,,320,38.34434444,-80.62840278,0,12,2,0,1,1,0,1,1,1,0,1,0,0000000,13,20,13,28,99,99,0,0,0,1,0
54,540011,1,1,0,1,1,1,1,11,1270,16,1,2013,4,11,51,0,15,6,6TH AVE,6TH ST,0,38.41710833,-82.44813333,0,8,0,0,2,2,0,1,1,10,0,10,0,0000000,11,51,11,56,12,14,0,0,0,1,0
54,540012,1,1,0,0,0,1,1,29,2730,1,1,2013,3,3,30,0,14,3,SR-105,,4,40.40672778,-80.52216111,0,33,0,0,1,1,0,4,3,4,0,4,0,0000000,3,59,4,1,88,88,0,0,0,1,1
54,540013,1,1,0,0,0,1,1,7,360,23,1,2013,4,17,35,1,1,1,I-79,,755,38.79773056,-80.66245833,0,24,0,0,1,1,0,4,2,4,0,4,0,0000000,99,99,99,99,88,88,0,0,0,1,0
54,540014,2,2,0,0,0,6,6,5,942,25,1,2013,6,12,44,0,4,3,SR-3,,118,38.09724444,-81.77926944,0,24,0,0,1,1,0,4,1,4,0,4,0,0000000,12,44,13,0,13,38,0,0,0,1,0
54,540016,2,2,0,0,0,4,4,107,2717,28,1,2013,2,17,53,1,2,3,SR-2,,293,39.33441667,-81.377875,0,12,6,0,1,1,0,1,5,10,0,10,0,0000000,17,57,18,9,18,57,0,0,0,1,1
54,540017,3,3,0,0,0,5,5,97,340,31,1,2013,5,19,38,1,2,2,US-33,WBUC RD,85,39.00324444,-80.26326667,0,12,6,0,2,2,0,1,2,4,0,4,0,0000000,19,43,19,52,20,21,0,0,0,1,0
54,540018,1,1,0,0,0,1,1,99,1438,1,2,2013,6,11,5,0,4,4,CR-13,,11,38.32101944,-82.44098056,0,42,0,0,1,1,0,4,1,10,0,10,0,0000000,99,99,99,99,88,88,0,0,0,1,0
54,540019,2,2,0,0,0,2,2,107,2327,8,2,2013,6,14,16,0,4,4,CR-21,,5,39.09401667,-81.54524722,0,12,6,0,1,1,0,1,1,10,0,10,0,0000000,14,20,14,35,15,11,0,0,0,1,0
54,540020,2,2,0,0,0,3,3,81,165,12,2,2013,3,8,50,0,14,3,SR-307,,11,37.77143333,-81.09165278,0,12,2,0,1,1,0,1,1,1,0,1,0,0000000,99,99,99,99,99,99,0,0,0,1,0
54,540021,2,2,0,0,0,3,3,61,1840,12,2,2013,3,8,5,0,3,2,US-119,,2,39.59208889,-79.95346944,0,12,2,0,1,1,0,1,1,1,0,1,0,0000000,99,99,99,99,99,99,0,0,0,1,0
54,540022,2,2,0,0,0,3,3,69,0,14,2,2013,5,15,20,1,13,3,SR-2,,58,40.11066944,-80.69710278,0,12,7,0,1,1,0,1,1,1,0,1,0,0000000,15,26,15,39,15,54,0,0,0,1,0
54,540023,1,1,0,1,1,1,1,81,287,3,1,2013,5,19,30,0,14,3,SR-16,US-19,246,37.80773611,-81.18505278,0,8,0,0,3,2,0,1,2,1,0,1,0,0000000,19,28,19,32,19,39,0,0,0,1,0
54,540024,2,2,0,0,0,2,2,55,393,15,2,2013,6,23,46,1,1,1,I-77,,210,37.50666944,-81.11556111,0,12,6,0,1,1,0,1,2,4,0,4,0,0000000,99,99,99,99,88,88,0,0,0,1,0
54,540025,1,1,0,0,0,1,1,79,2247,15,2,2013,6,7,30,0,4,4,CR-60,,21,38.55315278,-81.88556111,0,1,0,0,1,1,0,5,3,1,0,1,0,0000000,99,99,99,99,88,88,0,0,0,1,1
54,540026,4,4,0,0,0,9,9,37,1140,16,2,2013,7,19,28,1,2,2,US-340,,146,39.31850278,-77.76028056,0,12,6,0,1,1,0,1,2,1,0,1,0,0000000,19,33,19,37,20,14,0,0,0,1,0
54,540027,1,1,0,1,1,1,1,39,480,21,2,2013,5,4,56,0,15,6,STOCKTON AVE,4TH AVE,0,38.36855556,-81.66371667,0,8,0,0,2,2,0,1,2,1,0,1,0,0000000,99,99,99,99,88,88,16,0,0,1,0
54,540028,2,2,0,0,0,3,3,107,2670,22,2,2013,6,5,48,0,14,3,SR-14,,211,39.34613333,-81.52159444,0,12,6,0,1,1,0,1,2,2,0,2,0,0000000,5,55,6,6,6,30,0,0,0,1,0
54,540029,1,1,0,0,0,1,1,107,2040,18,2,2013,2,3,50,0,4,4,CR-16,,66,39.31663611,-81.44374722,0,53,0,0,1,1,0,4,2,1,0,1,0,0000000,4,28,4,41,88,88,0,0,0,1,1
54,540030,1,1,0,0,0,1,1,55,260,23,2,2013,7,9,44,0,14,2,US-19,GRASSY BRANCH RD,40,37.27871111,-81.19013889,0,24,0,1,3,3,0,4,1,10,0,10,0,0000000,9,44,9,56,10,52,0,0,0,1,1
54,540031,1,1,0,0,0,1,1,55,2893,26,2,2013,3,11,0,0,4,3,SR-102,,17,37.309975,-81.32793333,0,42,0,0,1,1,0,5,1,3,0,3,0,0000000,11,16,11,28,88,88,0,0,0,1,0
54,540032,1,1,0,0,0,2,2,31,1998,26,2,2013,3,22,30,0,6,4,CR-2,,86,39.16028056,-78.96888889,0,35,0,0,1,1,0,4,2,2,3,3,0,0000000,22,45,23,5,88,88,0,0,0,2,1
54,540033,2,2,0,0,0,4,4,79,1940,15,2,2013,6,19,45,0,14,3,SR-25,I-64,13,38.44277222,-81.83161667,0,12,6,1,2,2,0,1,3,2,0,2,0,0000000,99,99,99,99,99,99,0,0,0,1,0
54,540034,1,1,0,0,0,1,1,55,260,1,3,2013,6,9,1,1,1,1,I-77,,35,37.30983611,-81.06752222,0,72,0,0,1,1,0,1,1,4,0,4,0,0000000,99,99,99,99,88,88,0,0,0,1,0
54,540035,1,1,0,0,0,1,1,45,2770,1,3,2013,6,8,39,0,14,3,SR-10,,237,37.85676944,-81.99645556,0,16,0,0,1,1,0,1,1,1,0,1,0,0000000,8,40,8,44,88,88,0,0,0,1,0
54,540036,1,1,0,0,0,1,1,81,996,4,3,2013,2,18,26,1,1,1,I-77,,280,37.60441944,-81.12408056,0,1,0,0,1,1,0,1,5,1,0,1,0,0000000,18,23,18,31,88,88,0,0,0,1,0
54,540037,1,1,0,1,1,1,1,3,994,7,3,2013,5,8,34,0,6,4,CR-51/02,,20,39.364225,-78.10361111,0,8,0,0,1,1,0,1,1,1,0,1,0,0000000,8,41,8,48,9,33,0,0,0,1,0
54,540038,1,1,0,0,0,6,6,7,0,8,3,2013,6,13,25,1,1,1,I-79,,505,38.62136389,-80.87390556,0,34,0,0,1,1,0,3,1,1,0,1,0,0000000,99,99,99,99,99,99,0,0,0,2,0
54,540039,1,1,0,0,0,1,1,19,0,10,3,2013,1,19,48,0,4,3,SR-41,,133,38.01106111,-80.9239,0,23,0,0,1,1,0,4,2,1,0,1,0,0000000,99,99,99,99,88,88,0,0,0,1,1
54,540040,2,2,0,0,0,2,2,11,1270,17,3,2013,1,13,0,0,14,3,SR-152,,7,38.39411389,-82.452225,0,12,6,0,1,1,0,1,1,2,0,2,0,0000000,99,99,99,99,99,99,0,0,0,1,0
54,540041,1,1,0,0,0,1,1,75,1640,8,2,2013,6,21,40,1,2,2,US-219,,181,38.22623611,-80.09476389,0,30,0,0,1,1,0,4,3,3,12,3,0,0000000,21,43,21,48,21,51,0,0,0,1,0
54,540042,1,1,0,0,0,1,1,49,840,12,3,2013,3,13,8,0,14,2,US-250,,68,39.486725,-80.14721389,0,24,0,0,1,1,0,4,1,8,0,8,0,0000000,99,99,99,99,88,88,0,0,0,1,0
54,540043,1,1,0,0,0,1,1,103,1424,13,3,2013,4,12,46,0,3,3,SR-7,,267,39.64056111,-80.55485,0,30,0,0,1,1,0,4,1,11,0,11,0,0000000,99,99,99,99,99,99,0,0,0,1,0
54,540044,1,1,0,0,0,1,1,95,57,13,3,2013,4,11,30,0,4,3,SR-23,,22,39.41006944,-80.79065556,0,42,0,0,1,1,0,4,9,10,0,10,0,0000000,99,99,99,99,99,99,0,0,0,1,0
54,540045,2,2,0,0,0,2,2,27,2414,18,3,2013,2,7,44,0,3,2,US-50,,134,39.31955278,-78.69276389,0,12,6,0,1,1,0,1,1,4,0,4,0,0000000,7,53,7,58,8,11,0,0,0,1,0
54,540046,1,1,0,1,1,3,3,81,170,19,3,2013,3,15,32,0,16,6,E PRINCE ST,,0,37.77881944,-81.18766389,0,8,0,0,1,1,0,1,1,1,0,1,0,0000000,99,99,99,99,99,99,0,0,0,1,0
54,540047,1,1,0,0,0,1,1,25,2200,19,3,2013,3,22,35,0,5,4,CR-2/6,,1,38.05365833,-80.69720278,0,42,0,0,1,1,0,4,2,1,0,1,0,0000000,22,38,22,49,99,96,0,0,0,1,1
54,540048,1,1,0,0,0,1,1,55,0,20,3,2013,4,14,51,0,5,4,CR-16,,25,37.42103056,-81.07164167,0,35,0,0,1,1,0,4,1,1,0,1,0,0000000,14,58,15,6,88,88,0,0,0,1,0
54,540049,1,1,0,0,0,2,2,7,0,24,3,2013,1,6,9,0,4,3,SR-4,,146,38.659075,-80.80831667,0,35,0,0,1,1,0,4,1,1,0,1,0,0000000,99,99,99,99,99,99,0,0,0,1,1
54,540050,2,2,0,0,0,5,5,81,1807,20,3,2013,4,20,13,0,4,3,SR-3,,53,37.92796111,-81.54620278,0,12,6,0,1,1,0,1,2,1,0,1,0,0000000,99,99,99,99,99,99,0,0,0,2,1
54,540051,1,1,0,0,0,1,1,3,1660,31,3,2013,1,3,0,0,14,3,SR-45,,178,39.43956667,-77.96359167,0,1,0,0,1,1,0,4,2,1,0,1,0,0000000,99,99,99,99,99,99,0,0,0,1,1
54,540052,1,1,0,0,0,1,1,17,0,4,3,2013,2,19,20,0,6,4,CR-52,,3,39.16854444,-80.84415278,0,35,0,0,1,1,0,4,2,10,0,10,0,0000000,99,99,99,99,88,88,0,0,0,1,1
54,540053,2,2,0,0,0,4,4,33,540,9,3,2013,7,21,29,0,14,2,US-19,US-50,171,39.29301111,-80.36178056,0,12,6,1,2,2,0,1,3,1,0,1,0,0000000,21,30,21,32,22,21,0,0,0,2,0
54,540054,1,1,0,0,0,1,1,59,129,4,4,2013,5,14,55,0,4,4,CR-13,,82,37.55131389,-81.86978611,0,1,0,0,1,1,0,5,1,2,0,2,0,0000000,99,99,99,99,88,88,0,0,0,1,0
54,540055,2,2,0,0,0,3,3,37,490,6,4,2013,7,16,36,0,3,3,SR-51,HOLLYWOOD DR,85,39.29379167,-77.84576944,0,12,6,0,2,2,0,1,1,1,0,1,0,0000000,16,37,16,42,17,2,0,0,0,1,0
54,540056,1,1,0,0,0,1,1,107,2880,11,4,2013,5,16,10,1,11,1,I-77,,1870,39.35473333,-81.44450833,0,24,0,0,1,1,0,4,1,10,0,10,0,0000000,16,16,16,23,16,43,0,0,0,1,0
54,540057,2,1,1,0,0,1,1,81,1033,12,4,2013,6,1,2,0,15,4,CR-25,,34,37.69886389,-81.204525,0,14,0,0,1,1,0,5,2,2,0,2,0,0000000,1,5,1,11,1,36,0,0,0,1,0
54,540058,1,1,0,0,0,1,1,81,287,12,4,2013,6,20,5,0,15,4,CR-19/3,,18,37.85731667,-81.24250833,0,1,0,0,1,1,0,1,2,1,0,1,0,0000000,99,99,99,99,88,88,0,0,0,1,1
54,540059,3,3,0,0,0,4,4,57,2300,22,2,2013,6,13,31,0,4,3,SR-956,,21,39.54428889,-78.812,0,12,6,0,1,1,0,1,1,5,0,5,0,0000000,13,50,14,5,15,19,0,0,0,1,0
54,540060,2,2,0,0,0,2,2,3,994,16,4,2013,3,20,29,0,14,3,SR-45,LOOP RD,76,39.40124167,-78.09171389,0,12,6,0,2,2,0,1,2,1,0,1,0,0000000,99,99,99,99,99,99,0,0,0,1,2
54,540061,2,2,0,0,0,3,3,69,0,18,4,2013,5,20,15,0,4,4,CR-41,,8,40.0698,-80.5845,0,12,6,0,1,1,0,1,2,1,0,1,0,0000000,99,99,99,99,99,99,0,0,0,1,0
54,540062,1,1,0,0,0,1,1,25,114,19,4,2013,6,16,29,1,1,1,I-64,,1641,37.85011944,-80.49190833,0,35,0,0,1,1,0,4,1,2,0,2,0,0000000,99,99,99,99,88,88,0,0,0,1,1
54,540063,1,1,0,0,0,2,2,19,1970,19,4,2013,6,2,0,1,13,2,US-19,,74,38.11499444,-81.006725,0,21,0,0,1,1,0,4,2,1,0,1,0,0000000,99,99,99,99,99,99,0,0,0,1,0
54,540064,1,1,0,0,0,1,1,39,480,21,4,2013,1,13,43,1,13,2,US-119,,175,38.3491,-81.65097222,0,25,0,1,19,1,0,4,1,1,0,1,0,0000000,99,99,99,99,99,99,0,0,0,1,0
54,540065,1,1,0,0,0,2,2,51,0,20,4,2013,7,2,25,0,6,4,CR-7,,13,39.96784444,-80.60515278,0,35,0,0,1,1,0,4,2,1,0,1,0,0000000,99,99,99,99,99,99,0,0,0,1,1
54,540066,3,3,0,0,0,4,4,11,130,29,1,2013,3,14,22,0,14,2,US-60,MERRICKS CREEK RD,126,38.41566111,-82.29038611,0,12,6,0,2,3,0,1,1,1,0,1,0,0000000,14,24,14,36,15,3,0,0,0,1,0
54,540067,1,1,0,0,0,2,2,59,1732,31,1,2013,5,17,5,0,5,4,CR-8,,109,37.62388889,-82.00666944,0,42,0,0,1,1,0,5,1,10,0,10,0,0000000,17,11,17,42,18,49,0,0,0,1,0
54,540068,1,1,0,0,0,1,1,41,2322,7,4,2013,1,8,5,1,1,1,I-79,ROANOKE,895,38.97754722,-80.51101111,0,1,0,0,1,1,0,3,1,1,0,1,0,0000000,8,9,8,17,88,88,0,0,0,1,1
54,540069,1,1,0,0,0,2,2,27,1334,27,2,2013,4,22,30,0,6,4,CR-50/4,,31,39.35773333,-78.82828889,0,43,0,0,1,1,0,4,2,10,0,10,0,0000000,88,88,88,88,88,88,0,0,0,1,1
54,540070,1,1,0,0,0,3,3,3,1660,10,2,2013,1,19,6,1,2,3,SR-9,,193,39.40625,-77.92483889,0,24,0,0,1,1,0,4,2,1,0,1,0,0000000,99,99,99,99,99,99,0,0,0,1,1
54,540071,1,1,0,0,0,5,5,25,1470,18,2,2013,2,13,0,0,6,4,CR-38,,5,37.78845556,-80.39216944,0,31,0,0,1,1,0,4,1,1,0,1,0,0000000,99,99,99,99,99,99,0,0,0,2,0
54,540072,1,1,0,0,0,2,2,33,0,30,3,2013,7,3,48,1,1,1,I-79,,1290,39.36448056,-80.21351111,0,24,0,0,1,1,0,3,2,1,0,1,0,0000000,3,55,4,2,4,36,0,0,0,2,0
54,540073,1,1,0,0,0,2,2,3,994,10,4,2013,4,17,16,0,14,3,SR-45,,78,39.40943889,-78.075,0,30,0,0,1,1,0,4,1,1,0,1,0,0000000,17,15,17,22,17,57,0,0,0,1,0
54,540074,1,1,0,0,0,1,1,81,287,22,4,2013,2,0,44,1,11,1,I-77,,480,37.83694444,-81.21537778,0,1,0,1,5,1,0,4,2,10,0,10,0,0000000,0,52,0,58,1,16,0,0,0,1,1
54,540075,2,2,0,0,0,4,4,5,650,23,4,2013,3,21,27,1,2,2,US-119,,129,38.08051667,-81.83985833,0,12,6,0,1,1,0,1,2,1,0,1,0,0000000,99,99,99,99,88,88,0,0,0,1,0
54,540076,2,2,0,0,0,2,2,3,1660,23,4,2013,3,3,5,1,1,1,I-81,,100,39.42309444,-78.00342778,0,12,1,0,1,1,0,1,2,10,0,10,0,0000000,3,8,3,18,3,44,0,0,0,1,1
54,540077,1,1,0,0,0,1,1,93,2375,10,4,2013,4,14,15,0,4,3,SR-72,,248,39.16328889,-79.70618056,0,24,0,0,1,1,0,4,1,1,0,1,0,0000000,14,22,14,31,99,96,0,0,0,1,0
54,540078,1,1,0,1,1,1,1,109,0,8,3,2013,6,3,30,0,3,3,SR-85,,49,37.75262778,-81.56394167,0,8,0,0,1,1,0,1,3,10,0,10,0,0000000,99,99,99,99,88,88,0,0,0,1,0
54,540079,1,1,0,0,0,1,1,47,1380,14,4,2013,1,16,0,0,6,4,CR-6/2,,8,37.44471944,-81.43971944,0,34,0,0,1,1,0,4,1,1,0,1,0,0000000,99,99,99,99,99,99,0,0,0,1,1
54,540080,4,4,0,0,0,5,5,61,1840,26,4,2013,6,17,20,1,13,2,US-19,SR-7,124,39.66867778,-80.02886667,0,12,2,0,2,3,0,1,1,1,0,1,0,0000000,99,99,99,99,99,99,0,0,0,1,0