STATE,ST_CASE,VE_TOTAL,VE_FORMS,PVH_INVL,PEDS,PERNOTMVIT,PERMVIT,PERSONS,COUNTY,CITY,DAY,MONTH,YEAR,DAY_WEEK,HOUR,MINUTE,NHS,ROAD_FNC,ROUTE,TWAY_ID,TWAY_ID2,MILEPT,LATITUDE,LONGITUD,SP_JUR,HARM_EV,MAN_COLL,RELJCT1,RELJCT2,TYP_INT,WRK_ZONE,REL_ROAD,LGT_COND,WEATHER1,WEATHER2,WEATHER,SCH_BUS,RAIL,NOT_HOUR,NOT_MIN,ARR_HOUR,ARR_MIN,HOSP_HR,HOSP_MN,CF1,CF2,CF3,FATALS,DRUNK_DR
54,540081,2,2,0,0,0,2,2,39,0,29,4,2013,2,23,35,1,13,2,US-60,,118,38.36408056,-81.70967778,0,12,2,0,1,1,0,1,3,10,0,10,0,0000000,99,99,99,99,99,96,0,0,0,1,1
54,540082,1,1,0,0,0,1,1,109,345,29,4,2013,2,19,39,0,3,3,SR-10,,87,37.53835833,-81.38091944,0,38,0,0,1,1,0,4,1,1,0,1,0,0000000,99,99,99,99,99,99,0,0,0,1,1
54,540083,2,2,0,0,0,2,2,61,0,4,3,2013,2,7,1,1,2,3,SR-7,,225,39.66762778,-80.08618056,0,12,2,0,1,1,0,1,1,1,0,1,0,0000000,7,3,7,20,8,1,0,0,0,1,0
54,540084,3,3,0,0,0,4,4,39,480,28,3,2013,5,2,31,1,11,1,I-77,,1025,38.36901389,-81.609175,0,12,2,0,1,1,0,1,3,10,0,10,0,0000000,2,35,2,42,3,8,14,0,0,1,1
54,540085,2,2,0,0,0,3,3,39,64,26,3,2013,3,20,56,1,2,2,US-119,,64,38.26970278,-81.78675,0,21,0,0,1,1,0,4,2,10,0,10,0,0000000,20,51,21,5,21,28,0,0,0,1,0
54,540086,1,1,0,0,0,1,1,39,480,4,4,2013,5,3,20,0,3,3,SR-114,,44,38.39781944,-81.55168889,0,19,0,0,1,1,0,5,2,1,0,1,0,0000000,3,21,3,30,88,88,0,0,0,1,1
54,540087,2,2,0,0,0,4,4,39,183,4,4,2013,5,13,38,1,13,2,US-60,,284,38.24644444,-81.55625278,0,12,2,0,1,1,0,1,1,1,0,1,0,0000000,99,99,99,99,99,99,0,0,0,1,0
54,540088,2,2,0,0,0,3,3,95,0,31,3,2013,1,15,43,1,2,3,SR-2,,28,39.46121667,-81.11097222,0,12,2,0,1,1,0,1,1,2,0,2,0,0000000,99,99,99,99,99,99,0,0,0,1,1
54,540089,1,1,0,0,0,1,1,3,1170,26,3,2013,3,17,35,1,2,3,SR-9,,63,39.57335556,-78.036775,0,30,0,0,1,1,0,4,1,1,0,1,0,0000000,99,99,99,99,99,99,0,0,0,1,0
54,540090,3,1,2,0,0,1,1,3,1660,2,5,2013,5,21,30,1,1,1,I-81,,80,39.41380833,-78.01323333,0,14,0,0,1,1,1,2,2,1,0,1,0,0000000,88,88,88,88,88,88,0,0,0,1,1
54,540091,1,1,0,0,0,1,1,47,1390,3,5,2013,6,23,25,0,6,4,CR-52/16,,3,37.4275,-81.52583056,0,5,0,0,1,1,0,1,2,1,0,1,0,0000000,23,38,23,59,0,35,0,0,0,1,0
54,540092,1,1,0,0,0,1,1,49,840,4,5,2013,7,21,51,1,11,1,I-79,,1380,39.48109444,-80.10058611,0,57,0,0,1,1,0,3,2,1,0,1,0,0000000,99,99,99,99,88,88,0,0,0,1,1
54,540093,1,1,0,0,0,1,1,109,345,4,5,2013,7,13,46,0,6,4,CR-18/4,,4,37.49345556,-81.41601389,0,35,0,0,1,1,0,4,1,1,0,1,0,0000000,99,99,99,99,88,88,0,0,0,1,0
54,540094,1,1,0,0,0,1,1,11,1270,5,5,2013,1,11,24,0,13,2,US-60,31ST ST BRIDGE,61,38.42938889,-82.39365278,0,23,0,0,1,1,0,4,1,10,0,10,0,0000000,88,88,88,88,88,88,0,0,0,1,1
54,540095,1,1,0,0,0,1,1,41,0,5,5,2013,1,16,52,1,1,1,I-79,,930,38.99492778,-80.50532778,0,57,0,0,1,1,0,3,1,1,0,1,0,0000000,99,99,99,99,88,88,0,0,0,1,0
54,540097,1,1,0,2,2,1,1,61,1090,7,5,2013,3,13,26,1,11,1,I-79,,1550,39.65938889,-80.01073056,0,8,0,0,1,1,0,2,1,2,0,2,0,0000000,13,28,13,31,14,7,23,0,0,1,0
54,540098,2,2,0,0,0,2,2,1,2682,7,5,2013,3,7,48,0,3,2,US-119,CR-11,31,39.08324722,-80.13585833,0,12,2,0,2,3,0,1,1,1,0,1,1,0000000,7,55,8,12,88,88,0,0,0,1,0
54,540099,1,1,0,0,0,1,1,39,2370,5,4,2013,6,23,39,0,16,4,CR-1/4,,16,38.34595278,-81.87268056,0,35,0,0,1,1,0,4,2,1,0,1,0,0000000,23,39,23,46,88,88,0,0,0,1,1
54,540100,1,1,0,0,0,1,1,83,698,7,5,2013,3,21,50,0,3,3,SR-32,,41,38.96626111,-79.50444722,0,42,0,0,1,1,0,4,2,2,0,2,0,0000000,99,99,99,99,88,88,0,0,0,1,1
54,540101,1,1,0,0,0,2,2,33,2277,9,5,2013,5,14,27,1,2,2,US-50,,65,39.27935833,-80.47518611,0,32,0,0,1,1,0,4,1,10,0,10,0,0000000,14,38,15,6,15,39,0,0,0,1,0
54,540102,1,1,0,0,0,1,1,3,1170,11,5,2013,7,6,0,0,6,4,CR-3/2,,25,39.58633611,-77.99948611,0,42,0,0,1,1,0,4,1,2,0,2,0,0000000,88,88,88,88,88,88,0,0,0,1,1
54,540103,1,1,0,0,0,1,1,93,0,18,5,2013,7,22,30,0,4,3,SR-72,,12,38.98580833,-79.48696667,0,42,0,0,1,1,0,4,2,10,0,10,0,0000000,99,99,99,99,88,88,0,0,0,1,1
54,540104,1,1,0,0,0,3,3,43,2228,7,5,2013,3,0,15,0,4,3,SR-37,,35,38.09528056,-82.18416944,0,11,0,0,1,1,0,1,2,5,0,5,0,0000000,0,17,0,35,1,26,0,0,0,1,0
54,540105,1,1,0,0,0,2,2,69,0,16,5,2013,5,22,57,0,5,4,CR-23,,33,40.02451667,-80.59978889,0,34,0,0,1,1,0,4,2,1,0,1,0,0000000,23,0,23,11,23,52,0,0,0,1,1
54,540106,1,1,0,0,0,2,2,45,1420,18,5,2013,7,16,40,0,6,4,CR-16/63,,0,37.76416111,-81.85811111,0,31,0,0,1,1,0,1,1,1,0,1,0,0000000,16,42,16,53,17,0,0,0,0,1,0
54,540107,2,2,0,2,2,1,1,11,1760,27,5,2013,2,21,46,1,11,1,I-64,,290,38.42926389,-82.10285556,0,12,1,0,1,1,0,1,2,1,0,1,0,0000000,99,99,99,99,99,99,19,0,0,1,0
54,540108,1,1,0,0,0,1,1,63,2321,28,5,2013,3,14,12,1,2,2,US-219,,142,37.501425,-80.61177222,0,5,0,0,1,1,0,1,1,1,0,1,0,0000000,99,99,99,99,99,96,0,0,0,1,1
54,540109,1,1,0,0,0,2,2,71,950,27,5,2013,2,18,20,0,6,4,CR-220/07,,20,38.61841111,-79.3155,0,42,0,0,1,1,0,4,1,1,0,1,0,0000000,18,24,18,36,99,96,0,0,0,2,1
54,540110,2,2,0,0,0,2,2,37,490,31,5,2013,6,11,14,1,13,2,US-340,,100,39.30250278,-77.81791667,0,12,7,0,1,1,0,1,1,1,0,1,0,0000000,11,15,11,21,99,99,0,0,0,1,0
54,540111,2,2,0,0,0,4,4,45,470,20,5,2013,2,17,24,0,4,3,SR-10,,307,37.94236111,-82.01631111,0,12,6,0,1,1,0,1,1,1,0,1,0,0000000,17,27,17,27,18,3,0,0,0,1,0
54,540112,2,2,0,0,0,2,2,19,1395,21,5,2013,3,14,23,0,4,3,SR-61,,170,38.03989444,-81.27021944,0,12,2,0,1,1,0,1,1,1,0,1,0,0000000,99,99,99,99,99,99,0,0,0,1,0
54,540113,1,1,0,0,0,1,1,71,538,23,5,2013,5,12,30,0,4,3,SR-28,,101,38.66606389,-79.49964722,0,1,0,0,1,1,0,1,1,1,0,1,0,0000000,12,49,13,25,88,88,0,0,0,1,0
54,540114,1,1,0,0,0,1,1,3,1660,25,5,2013,7,8,35,1,1,1,I-81,,92,39.46688889,-77.99006389,0,42,0,0,1,1,0,4,1,1,0,1,0,0000000,88,88,88,88,88,88,0,0,0,1,1
54,540115,1,1,0,0,0,2,2,25,0,25,5,2013,7,21,40,0,6,4,CR-27/03,,14,37.84380278,-80.73018611,0,42,0,0,1,1,0,4,5,1,0,1,0,0000000,99,99,99,99,99,99,0,0,0,1,0
54,540116,3,3,0,0,0,3,3,55,110,31,5,2013,6,16,57,0,14,3,SR-20,,179,37.48347778,-80.99868611,0,12,8,0,1,1,0,1,1,1,0,1,0,0000000,99,99,99,99,88,88,0,0,0,1,1
54,540117,2,2,0,0,0,2,2,39,450,24,5,2013,6,14,0,1,13,2,US-60,WILLIAM ST,361,38.22239444,-81.43793056,0,12,6,0,2,3,0,1,1,10,0,10,0,0000000,99,99,99,99,99,99,0,0,0,1,0
54,540118,1,1,0,0,0,1,1,79,1280,1,6,2013,7,16,30,0,6,4,CR-19,,7,38.43673056,-82.01680833,0,24,0,0,1,1,0,4,1,1,0,1,0,0000000,16,30,16,35,17,0,0,0,0,1,0
54,540119,2,2,0,0,0,4,4,25,1887,6,6,2013,5,6,45,0,3,3,SR-92,,150,37.97410833,-80.11479167,0,12,2,0,1,1,0,1,4,2,0,2,0,0000000,99,99,99,99,99,99,0,0,0,1,0
54,540120,2,2,0,0,0,2,2,25,0,7,6,2013,6,12,10,1,1,1,I-64,,1600,37.87888889,-80.56778056,0,12,2,0,1,1,0,1,1,2,0,2,0,0000000,99,99,99,99,99,99,0,0,0,1,0
54,540121,2,2,0,0,0,3,3,33,2390,8,6,2013,7,16,22,1,13,2,US-50,SUN VALLEY RD,177,39.28348889,-80.40001111,0,12,6,0,2,2,0,1,1,1,0,1,0,0000000,99,99,99,99,99,99,0,0,0,2,0
54,540122,3,3,0,0,0,4,4,53,0,8,6,2013,7,16,40,1,2,3,SR-2,,42,38.62898056,-82.16489722,0,12,8,0,1,1,0,1,1,1,0,1,0,0000000,16,46,16,59,18,13,0,0,0,1,0
54,540123,1,1,0,0,0,2,2,51,0,8,6,2013,7,20,50,0,6,4,CR-44,,350,39.97357222,-80.58924722,0,42,0,0,1,1,0,5,2,1,0,1,0,0000000,99,99,99,99,99,99,0,0,0,1,1
54,540124,1,1,0,0,0,1,1,81,996,9,6,2013,1,20,40,1,1,1,I-77,,335,37.67721944,-81.11943889,0,42,0,0,1,1,0,3,2,5,0,5,0,0000000,99,99,99,99,99,99,0,0,0,1,0
54,540125,1,1,0,0,0,1,1,3,864,11,6,2013,3,1,18,1,11,1,I-81,,230,39.56205556,-77.89890833,0,25,0,0,1,1,1,3,2,10,0,10,0,0000000,88,88,88,88,88,88,0,0,0,1,0
54,540126,1,1,0,0,0,1,1,53,1450,11,6,2013,3,13,30,0,5,4,CR-50/1,,13,38.74841667,-81.85418889,0,42,0,0,1,1,0,5,1,1,0,1,0,0000000,99,99,99,99,99,99,0,0,0,1,0
54,540127,2,1,1,0,2,1,3,35,1348,12,6,2013,4,20,2,1,1,1,I-77,,1180,38.5725,-81.63833056,0,14,0,0,1,1,0,2,1,1,0,1,0,0000000,99,99,99,99,99,99,0,0,0,1,1
54,540128,1,1,0,0,0,1,1,99,993,12,6,2013,4,2,34,0,4,3,SR-152,,198,38.13355278,-82.46881111,0,42,0,0,1,1,0,6,2,1,0,1,0,0000000,99,99,99,99,88,88,0,0,0,1,0
54,540129,4,3,1,0,1,6,7,65,205,15,6,2013,7,13,31,1,2,2,US-522,,136,39.61243611,-78.23471944,0,12,1,0,1,1,0,1,1,1,0,1,0,0000000,99,99,99,99,99,99,0,0,0,1,0
54,540130,1,1,0,0,0,1,1,79,1280,17,6,2013,2,11,10,0,14,3,SR-34,,94,38.40805556,-82.01358889,0,23,0,0,1,1,0,4,1,1,0,1,0,0000000,88,88,88,88,88,88,0,0,0,1,0
54,540131,2,2,0,0,0,6,6,61,1840,17,6,2013,2,12,10,1,2,1,I-79,,1500,39.60321667,-79.99220278,0,12,6,0,1,1,0,1,1,10,0,10,0,0000000,12,14,12,29,12,47,0,0,0,1,0
54,540132,2,2,0,0,0,2,2,91,2188,20,6,2013,5,16,27,0,6,4,CR-18/4,,8,39.36419444,-80.06508889,0,12,6,0,1,1,0,1,1,1,0,1,0,0000000,16,30,16,39,17,41,0,0,0,1,1
54,540133,2,2,0,0,0,4,4,83,1750,20,6,2013,5,14,30,1,2,2,US-219,,231,38.747775,-79.96189444,0,12,6,0,1,1,0,1,1,1,0,1,0,0000000,99,99,99,99,99,99,0,0,0,1,1
54,540134,1,1,0,0,0,1,1,39,2149,17,6,2013,2,17,41,0,5,4,CR-81,,129,38.26888333,-81.24770556,0,30,0,0,1,1,0,4,1,1,0,1,0,0000000,18,9,99,99,88,88,0,0,0,1,0
54,540135,2,2,0,0,0,3,3,25,947,21,6,2013,6,11,38,1,2,2,US-219,,215,37.92216944,-80.38413056,0,12,6,0,4,1,0,1,1,1,0,1,0,0000000,99,99,99,99,99,99,0,0,0,1,0
54,540136,1,1,0,0,0,1,1,39,814,21,6,2013,6,20,41,1,11,1,I-79,,10,38.374275,-81.60581111,0,1,0,0,1,1,0,3,1,1,0,1,0,0000000,20,44,20,49,21,0,0,0,0,1,0
54,540137,3,3,0,0,0,4,4,85,820,22,6,2013,7,7,40,1,2,2,US-50,SIMONTON DR,127,39.26106389,-81.06624444,0,12,6,0,2,3,0,1,1,1,0,1,0,0000000,7,44,7,48,9,0,0,0,0,2,0
54,540138,2,2,0,0,0,4,4,19,1031,22,6,2013,7,16,10,1,13,2,US-19,,33,37.92134722,-81.161475,0,12,7,0,1,1,0,1,1,1,0,1,0,0000000,16,18,16,20,16,36,0,0,0,2,0
54,540139,1,1,0,0,0,1,1,81,2535,22,6,2013,7,13,30,0,15,4,CR-8,,9,37.81542778,-81.16180278,0,34,0,0,1,1,0,4,1,1,0,1,0,0000000,13,32,13,40,13,50,0,0,0,1,1
54,540140,1,1,0,0,0,1,1,19,1392,4,4,2013,5,18,43,0,4,4,CR-61/24,,9,38.08386667,-81.31061389,0,1,0,0,1,1,0,4,1,2,0,2,0,0000000,99,99,99,99,99,99,0,0,0,1,0
54,540141,2,2,0,0,0,4,4,17,0,26,6,2013,4,16,40,1,2,2,US-50,LONG RUN RD,138,39.27993889,-80.67998056,0,31,0,0,3,2,0,3,1,1,0,1,0,0000000,99,99,99,99,99,99,0,0,0,1,0
54,540142,2,2,0,0,0,2,2,45,2383,26,6,2013,4,7,35,0,4,3,SR-44,,50,37.68416944,-81.99806111,0,12,7,0,1,1,0,1,1,1,0,1,0,0000000,7,40,7,49,88,88,0,0,0,1,0
54,540143,1,1,0,1,1,2,2,3,1660,28,6,2013,6,2,30,1,11,1,I-81,,120,39.43878889,-77.98954444,0,8,0,0,1,1,0,1,2,2,0,2,0,0000000,99,99,9,40,88,88,0,0,0,1,0
54,540144,1,1,0,0,0,1,1,25,0,29,6,2013,7,0,0,0,4,4,CR-29,,14,37.86357222,-80.74690556,0,38,0,0,1,1,0,5,2,1,0,1,0,0000000,99,99,99,99,88,88,0,0,0,1,1
54,540145,1,1,0,1,1,1,1,77,1410,2,7,2013,3,4,20,0,3,3,SR-26,,168,39.46540278,-79.68060278,0,8,0,0,1,1,0,1,2,1,0,1,0,0000000,99,99,99,99,88,88,0,0,0,1,0
54,540146,2,2,0,0,0,3,3,39,619,2,7,2013,3,18,32,0,14,4,CR-62,,6,38.38275833,-81.71561389,0,12,2,0,1,1,0,1,1,10,0,10,0,0000000,18,37,18,42,19,18,0,0,0,1,0
54,540147,1,1,0,0,0,1,1,33,320,3,7,2013,4,19,21,0,14,3,SR-131,,1,39.33166944,-80.21874722,0,34,0,0,1,1,0,5,1,1,0,1,0,0000000,19,26,19,29,20,16,0,0,0,1,0
54,540148,1,1,0,0,0,6,6,3,1170,5,7,2013,6,17,30,0,6,4,CR-901/67,,2,39.585325,-78.01303889,0,43,0,0,1,1,0,4,1,1,0,1,0,0000000,99,99,99,99,99,99,0,0,0,3,0
54,540149,2,2,0,0,0,2,2,91,2188,5,7,2013,6,21,13,0,3,2,US-50,,44,39.33414722,-80.075175,0,12,6,0,1,1,0,1,5,10,0,10,0,0000000,21,15,21,23,22,49,0,0,0,1,0
54,540150,1,1,0,0,0,1,1,33,0,6,7,2013,7,3,15,0,3,4,CR-9,,55,39.348625,-80.40030556,0,42,0,0,1,1,0,5,2,1,0,1,0,0000000,99,99,99,99,88,88,0,0,0,1,1
54,540151,1,1,0,0,0,1,1,31,1830,6,7,2013,7,23,15,0,3,2,US-220,,98,39.03471944,-78.99166944,0,1,0,0,1,1,0,1,2,1,0,1,0,0000000,23,17,23,34,0,15,0,0,0,1,1
54,540152,2,2,0,0,0,6,6,25,2340,6,7,2013,7,16,44,0,5,4,CR-62,,34,37.70959444,-80.478575,0,12,2,0,1,1,0,1,1,1,0,1,0,0000000,99,99,99,99,99,99,0,0,0,1,2
54,540153,3,3,0,0,0,3,3,25,1470,8,7,2013,2,8,30,1,13,2,US-219,,106,37.79288889,-80.44589444,0,12,2,0,1,1,0,1,1,1,0,1,0,0000000,99,99,99,99,99,99,0,0,0,1,0
54,540154,2,2,0,0,0,8,8,25,1470,5,7,2013,6,10,34,1,1,1,I-64,,1770,37.77611111,-80.31278056,0,1,0,0,1,1,0,3,1,1,0,1,0,0000000,99,99,99,99,88,88,0,0,0,1,0
54,540155,1,1,0,0,0,2,2,7,910,9,7,2013,3,19,10,0,4,2,US-19,,180,38.69019167,-80.67373889,0,35,0,0,1,1,0,4,1,1,0,1,0,0000000,99,99,99,99,99,99,0,0,0,1,0
54,540156,2,2,0,0,0,2,2,61,1840,10,7,2013,4,8,20,0,4,4,CR-73,,34,39.52443889,-80.01056111,0,12,2,0,1,1,0,1,1,1,0,1,0,0000000,8,22,8,38,9,59,0,0,0,1,0
54,540157,1,1,0,0,0,1,1,39,510,10,7,2013,4,22,50,1,11,1,I-77,,835,38.19423056,-81.47656111,0,25,0,0,1,1,0,3,2,2,0,2,0,0000000,99,99,99,99,88,88,0,0,0,1,0
54,540158,2,2,0,0,0,4,4,27,121,21,7,2013,1,22,41,0,3,3,SR-29,,106,39.31911389,-78.58815,0,12,2,0,1,1,0,1,2,10,0,10,0,0000000,22,41,23,5,23,47,0,0,0,1,0
54,540159,1,1,0,0,0,1,1,83,285,18,7,2013,5,16,17,0,3,2,US-33,,261,38.88755556,-79.606125,0,34,0,0,1,1,0,4,1,1,0,1,0,0000000,99,99,99,99,88,88,0,0,0,1,0
54,540160,1,1,0,0,0,1,1,35,2240,16,7,2013,3,99,99,1,1,1,I-77,,1460,38.92208889,-81.72248056,0,43,0,0,1,1,0,3,9,8,0,8,0,0000000,99,99,99,99,88,88,0,0,0,1,1
54,540161,1,1,0,0,0,1,1,41,2688,15,7,2013,2,8,22,0,4,2,US-19,,88,38.89503611,-80.41784722,0,35,0,0,1,1,0,4,1,1,0,1,0,0000000,8,42,9,42,99,96,0,0,0,1,0
54,540162,1,1,0,0,0,1,1,25,837,14,7,2013,1,9,0,0,4,4,CR-37,,10,37.75388889,-80.52166944,0,35,0,0,1,1,0,4,1,1,0,1,0,0000000,9,4,9,12,99,96,0,0,0,1,1
54,540163,1,1,0,2,2,1,1,87,0,18,7,2013,5,2,34,0,4,3,SR-36,,128,38.56207778,-81.13245,0,19,0,0,1,1,0,5,2,1,0,1,0,0000000,99,99,99,99,99,99,0,0,0,1,1
54,540164,2,2,0,0,0,2,2,15,1891,16,7,2013,3,17,30,0,4,3,SR-16,CR-16/9,406,38.629575,-81.043275,0,12,6,1,2,3,0,1,1,1,0,1,0,0000000,17,35,17,39,88,88,0,0,0,1,0
54,540165,1,1,0,0,0,3,3,107,2686,22,7,2013,2,13,14,0,14,3,SR-47,,1,39.14971944,-81.42894444,0,35,0,0,1,1,0,4,1,2,0,2,0,0000000,13,18,13,32,14,30,0,0,0,1,0
54,540166,1,1,0,0,0,3,3,7,0,21,7,2013,1,17,20,0,4,3,SR-4,,192,38.67206667,-80.76549167,0,38,0,0,1,1,0,4,1,10,0,10,0,0000000,99,99,99,99,99,99,0,0,0,1,0
54,540167,1,1,0,0,0,2,2,71,1875,22,7,2013,2,18,0,0,3,2,US-33,,102,38.80016111,-79.39983056,0,32,0,0,1,1,0,4,9,2,0,2,0,0000000,8,20,8,36,9,21,0,0,0,1,0
54,540168,1,1,0,0,0,5,5,39,1250,26,7,2013,6,0,0,0,6,4,CR-85,,45,38.21541111,-81.35828333,0,38,0,0,1,1,0,4,2,1,0,1,0,0000000,99,99,99,99,99,99,0,0,0,1,1
54,540169,1,1,0,0,0,2,2,23,366,27,7,2013,7,15,0,0,3,3,SR-28,,82,38.99835,-79.19570833,0,34,0,0,1,1,0,4,1,10,2,2,0,0000000,99,99,99,99,99,99,0,0,0,2,1
54,540170,2,2,0,0,0,3,3,61,1840,27,7,2013,7,11,40,0,6,4,CR-19/24,,17,39.65048056,-80.02838889,0,1,0,0,1,1,0,1,1,10,0,10,0,0000000,11,40,11,41,11,52,0,0,0,1,1
54,540171,1,1,0,0,0,1,1,9,2750,31,7,2013,4,14,58,0,6,4,CR-27/03,,1,40.25265,-80.60008889,0,42,0,0,1,1,0,4,1,2,0,2,0,0000000,15,0,15,4,99,96,0,0,0,1,0
54,540172,2,2,0,0,0,4,4,109,126,8,7,2013,2,19,0,0,3,3,SR-97,,88,37.58471944,-81.68471944,0,12,8,0,1,1,0,1,1,1,0,1,0,0000000,99,99,99,99,88,88,0,0,0,1,1
54,540173,1,1,0,1,1,4,4,99,1028,13,7,2013,7,19,35,1,2,2,US-52,,380,38.01346389,-82.52041667,0,8,0,0,1,1,0,4,1,1,0,1,0,0000000,99,99,99,99,88,88,0,0,0,1,0
54,540174,1,1,0,0,0,1,1,31,0,30,7,2013,3,0,28,1,2,3,SR-55,,426,39.07711944,-78.59394722,0,42,0,0,1,1,0,4,2,1,0,1,0,0000000,88,88,88,88,88,88,0,0,0,1,1
54,540175,1,1,0,0,0,2,2,109,345,4,8,2013,1,17,50,0,6,4,CR-10/54,,7,37.54768333,-81.407775,0,5,0,0,1,1,0,4,1,1,0,1,0,0000000,99,99,99,99,99,99,0,0,0,1,1
54,540176,2,1,1,0,1,4,5,67,1871,6,8,2013,3,14,22,1,2,2,US-19,,335,38.17932222,-80.89172222,0,14,0,0,1,1,0,2,1,1,0,1,0,0000000,99,99,99,99,99,99,0,0,0,3,0
54,540177,2,2,0,0,0,2,2,91,1060,6,8,2013,3,15,57,0,14,2,US-50,,130,39.3459,-80.00231667,0,12,1,0,1,1,0,1,1,1,0,1,0,0000000,16,1,16,15,17,3,0,0,0,1,0
54,540178,1,1,0,0,0,2,2,41,2654,6,8,2013,3,11,46,0,5,4,CR-10,,168,39.10985833,-80.49510833,0,38,0,0,1,1,0,4,1,1,0,1,0,0000000,12,0,13,15,13,36,0,0,0,1,0
54,540179,1,1,0,0,0,1,1,99,460,29,6,2013,7,5,51,1,11,1,I-64,,35,38.39465,-82.52529444,0,7,0,0,1,1,0,1,1,98,0,98,0,0000000,99,99,99,99,99,99,0,0,0,1,1
54,540180,1,1,0,0,0,11,11,15,2656,7,8,2013,4,4,0,0,4,3,SR-36,,20,38.5376,-81.12713889,0,24,0,0,1,1,0,4,2,10,0,10,0,0000000,99,99,99,99,99,99,0,0,0,1,0
54,540181,2,2,0,0,0,8,8,93,2600,7,8,2013,4,5,0,1,2,2,US-219,,184,39.14967222,-79.55012778,0,12,6,0,1,1,0,1,2,1,0,1,0,0000000,99,99,99,99,99,99,0,0,0,3,0
54,540182,1,1,0,1,1,1,1,61,1840,19,8,2013,2,20,40,0,15,6,SOUTH HIGH ST,SIMPSON ST,0,39.62439722,-79.96060833,0,8,0,0,2,2,0,1,3,1,0,1,0,0000000,99,99,99,99,88,88,0,0,0,1,0
54,540183,2,2,0,0,0,2,2,3,354,20,8,2013,3,18,58,0,6,4,CR-26,,10,39.33370833,-78.10126389,0,12,2,0,1,1,0,1,1,1,0,1,0,0000000,99,99,99,99,88,88,0,0,0,1,0
54,540184,1,1,0,0,0,3,3,35,2310,20,8,2013,3,15,43,1,2,1,I-77,,1280,38.72829444,-81.65755278,0,35,0,0,1,1,0,3,1,1,0,1,0,0000000,99,99,99,99,99,99,0,0,0,1,0
54,540185,1,1,0,0,0,1,1,103,2243,20,8,2013,3,0,0,0,6,4,CR-52,,28,39.59462222,-80.69643056,0,1,0,0,1,1,0,4,2,8,0,8,0,0000000,99,99,99,99,88,88,0,0,0,1,1
54,540186,1,1,0,0,0,2,2,43,1110,22,8,2013,5,14,35,0,4,4,CR-7,,262,38.26611111,-82.12111111,0,30,0,0,1,1,0,4,1,1,0,1,0,0000000,14,41,15,5,15,49,0,0,0,1,0
54,540187,1,1,0,0,0,2,2,7,0,27,8,2013,3,11,49,1,1,1,I-79,,635,38.68097222,-80.70790833,0,1,0,0,1,1,0,3,1,1,0,1,0,0000000,11,50,11,52,12,4,0,0,0,1,0
54,540188,1,1,0,0,0,1,1,33,540,30,8,2013,6,2,1,1,13,2,US-50,,133,39.29298333,-80.36295556,0,21,0,0,1,1,0,3,3,1,0,1,0,0000000,2,5,2,8,88,88,0,0,0,1,1
54,540189,1,1,0,0,0,1,1,101,0,31,8,2013,7,17,39,0,5,4,CR-26,,30,38.49449722,-80.30863056,0,35,0,0,1,1,0,4,1,1,0,1,0,0000000,99,99,99,99,99,99,0,0,0,1,1
54,540190,1,1,0,0,0,3,3,19,0,31,8,2013,7,22,39,0,3,4,CR-612,,11,37.97611111,-81.29189167,0,1,0,0,1,1,0,2,2,10,0,10,0,0000000,99,99,99,99,88,88,0,0,0,3,1
54,540191,1,1,0,0,0,1,1,39,64,19,7,2013,6,17,25,0,6,4,CR-11,,26,38.28094444,-81.77693333,0,1,0,0,1,1,0,1,1,10,0,10,0,0000000,17,36,17,50,18,36,0,0,0,1,0
54,540192,2,2,0,0,0,2,2,99,0,26,7,2013,6,10,0,0,4,3,SR-152,,199,38.19444167,-82.47286667,0,12,6,0,4,1,0,1,1,1,0,1,0,0000000,99,99,99,99,99,99,0,0,0,1,0
54,540193,1,1,0,0,0,1,1,11,1270,1,9,2013,1,4,33,1,13,2,US-60,CAMDEN RD,38,38.40470278,-82.50226667,0,30,0,0,1,1,0,3,3,1,0,1,0,0000000,99,99,99,99,99,99,0,0,0,1,1
54,540194,1,1,0,0,0,1,1,107,2670,2,9,2013,2,7,31,0,14,4,CR-14/16,,10,39.30691667,-81.52660278,0,34,0,0,1,1,0,4,1,1,0,1,0,0000000,7,36,7,40,7,58,0,0,0,1,0
54,540195,1,1,0,0,0,1,1,19,1970,2,9,2013,2,0,55,1,13,2,US-19,,74,37.971475,-81.14731667,0,52,0,0,1,1,0,3,2,5,0,5,0,0000000,99,99,99,99,88,88,0,0,0,1,1
54,540196,1,1,0,0,0,3,3,19,1208,2,9,2013,2,14,30,0,3,2,US-60,,263,38.07731667,-80.98199167,0,35,0,0,1,1,0,4,1,10,0,10,0,0000000,99,99,99,99,99,99,0,0,0,2,1
54,540197,1,1,0,0,0,3,3,35,2240,3,9,2013,3,22,5,0,4,4,CR-56,,15,38.91251944,-81.69575833,0,42,0,0,1,1,0,4,2,1,0,1,0,0000000,99,99,99,99,99,99,0,0,0,2,1
54,540198,1,1,0,0,0,1,1,71,2653,7,9,2013,7,4,30,0,4,2,US-220,,290,38.81522222,-79.26464444,0,42,0,0,1,1,0,4,2,1,0,1,0,0000000,4,42,5,2,88,88,0,0,0,1,1