STATE,ST_CASE,VE_TOTAL,VE_FORMS,PVH_INVL,PEDS,PERNOTMVIT,PERMVIT,PERSONS,COUNTY,CITY,DAY,MONTH,YEAR,DAY_WEEK,HOUR,MINUTE,NHS,ROAD_FNC,ROUTE,TWAY_ID,TWAY_ID2,MILEPT,LATITUDE,LONGITUD,SP_JUR,HARM_EV,MAN_COLL,RELJCT1,RELJCT2,TYP_INT,WRK_ZONE,REL_ROAD,LGT_COND,WEATHER1,WEATHER2,WEATHER,SCH_BUS,RAIL,NOT_HOUR,NOT_MIN,ARR_HOUR,ARR_MIN,HOSP_HR,HOSP_MN,CF1,CF2,CF3,FATALS,DRUNK_DR
54,540199,1,1,0,0,0,1,1,35,1348,12,9,2013,5,16,6,0,4,3,SR-34,,30,38.67391111,-81.65489444,0,42,0,0,1,1,0,4,1,2,0,2,0,0000000,16,9,16,13,99,99,0,0,0,1,0
54,540200,1,1,0,0,0,1,1,51,0,18,9,2013,4,7,15,0,4,4,CR-29,,44,39.78044722,-80.81654444,0,42,0,0,1,1,0,4,4,1,0,1,0,0000000,99,99,99,99,88,88,0,0,0,1,0
54,540201,1,1,0,0,0,1,1,67,2622,19,9,2013,5,19,37,0,4,4,CR-3,,35,38.41862778,-80.66261944,0,1,0,0,1,1,0,1,2,1,0,1,0,0000000,99,99,99,99,99,99,0,0,0,1,1
54,540202,1,1,0,0,0,2,2,37,1140,19,9,2013,5,15,58,0,14,3,SR-115,,10,39.31511667,-77.74010556,0,35,0,0,1,1,0,4,1,1,0,1,0,0000000,15,57,16,5,16,39,0,0,0,1,1
54,540203,1,1,0,0,0,1,1,99,2720,20,9,2013,6,4,0,0,4,3,SR-37,,194,38.19111111,-82.41361111,0,24,0,0,1,1,0,4,2,5,0,5,0,0000000,4,4,4,23,88,88,0,0,0,1,0
54,540204,1,1,0,1,1,1,1,11,1270,26,9,2013,5,19,49,0,13,3,SR-10,HAL GREER BLVD,0,38.40897778,-82.42821389,0,8,0,0,2,3,0,1,3,1,0,1,0,0000000,88,88,88,88,88,88,0,0,0,1,0
54,540205,1,1,0,0,0,1,1,87,967,26,9,2013,5,21,17,0,4,2,US-119,,154,38.72261111,-81.39678611,0,35,0,0,1,1,0,4,1,1,0,1,0,0000000,99,99,99,99,99,99,0,0,0,1,0
54,540206,2,2,0,0,0,3,3,103,1930,7,9,2013,7,20,50,0,14,3,SR-7,,4,39.61407222,-80.842425,0,12,2,0,1,1,0,1,2,1,0,1,0,0000000,99,99,99,99,99,99,0,0,0,1,0
54,540207,1,1,0,0,0,1,1,41,0,27,9,2013,6,19,47,0,4,4,CR-15,,73,38.9875,-80.38361111,0,42,0,0,1,1,0,5,5,1,0,1,0,0000000,99,99,99,99,99,99,0,0,0,1,1
54,540208,1,1,0,0,0,1,1,23,1726,30,9,2013,2,12,45,0,3,3,SR-42,,75,39.09653611,-79.14727778,0,34,0,0,1,1,0,4,1,1,0,1,0,0000000,12,51,13,3,88,88,0,0,0,1,0
54,540209,1,1,0,0,0,1,1,55,1710,29,9,2013,1,20,2,0,4,4,CR-11,,160,37.41552222,-81.26253889,0,17,0,0,1,1,0,4,2,1,0,1,0,0000000,20,2,20,26,88,88,0,0,0,1,1
54,540210,2,2,0,0,0,4,4,103,0,10,9,2013,3,9,4,0,3,3,SR-20,,268,39.63198333,-80.84901667,0,12,2,0,1,1,0,1,1,1,0,1,0,0000000,99,99,99,99,99,99,0,0,0,1,0
54,540211,2,2,0,0,0,7,7,45,2853,11,9,2013,4,17,45,0,15,4,CR-9/1,WEST WALNUT HILL RD,7,37.82571389,-82.03026111,0,12,2,0,3,3,0,1,1,2,0,2,0,0000000,17,43,17,51,18,0,0,0,0,1,0
54,540212,2,2,0,0,0,3,3,33,320,12,9,2013,5,14,50,1,11,1,I-79,,1190,39.27646667,-80.28475,0,7,0,0,1,1,0,1,1,2,0,2,0,0000000,14,50,14,52,15,13,0,0,0,1,0
54,540213,2,2,0,0,0,4,4,63,2650,13,9,2013,6,15,25,0,4,3,SR-3,DIAMOND HILL RD,199,37.59044444,-80.53006667,0,12,6,0,2,3,0,1,1,1,0,1,0,0000000,99,99,99,99,99,99,0,0,0,1,1
54,540214,1,1,0,0,0,1,1,61,2683,30,9,2013,2,21,12,1,2,3,SR-7,,45,39.70696944,-80.25661111,0,42,0,0,1,1,0,5,2,1,0,1,0,0000000,21,14,21,24,88,88,0,0,0,1,0
54,540215,2,2,0,0,0,2,2,91,920,18,9,2013,4,15,47,0,3,2,US-119,,170,39.42166944,-79.95583056,0,12,6,0,1,1,0,2,1,1,0,1,0,0000000,15,50,16,0,16,46,0,0,0,1,0
54,540216,1,1,0,0,0,2,2,39,2370,30,9,2013,2,20,23,0,16,4,CR-9/6,,27,38.36571944,-81.84421389,0,34,0,0,1,1,0,4,2,1,0,1,0,0000000,20,25,20,31,88,88,0,0,0,1,1
54,540217,1,1,0,2,2,1,1,11,130,1,10,2013,3,20,15,0,14,2,US-60,,148,38.41152778,-82.33888889,0,8,0,0,1,1,0,1,2,1,0,1,0,0000000,20,15,20,23,99,99,0,0,0,2,0
54,540218,1,1,0,0,0,1,1,83,0,1,10,2013,3,22,17,0,6,4,CR-7,,69,39.01668333,-79.80723611,0,35,0,0,1,1,0,4,2,1,0,1,0,0000000,22,21,22,31,23,17,0,0,0,1,1
54,540219,1,1,0,1,1,1,1,39,2370,3,10,2013,5,19,45,0,3,2,US-60,,10,38.39666944,-81.85861111,0,8,0,0,1,1,0,1,2,1,0,1,0,0000000,99,99,99,99,88,88,0,0,0,1,0
54,540220,2,2,0,0,0,3,3,47,2530,19,9,2013,5,12,30,0,3,3,SR-16,,39,37.22166944,-81.5825,0,12,6,0,1,1,0,1,1,2,0,2,0,0000000,12,42,13,24,14,18,0,0,0,1,0
54,540221,2,2,0,0,0,2,2,19,2070,2,10,2013,4,20,45,0,4,4,CR-23,,44,37.88633889,-81.26295278,0,12,2,0,1,1,0,1,2,1,0,1,0,0000000,99,99,99,99,99,99,0,0,0,1,0
54,540222,1,1,0,0,0,4,4,35,1348,4,10,2013,6,21,43,1,1,1,I-77,,1220,38.62888889,-81.6475,0,35,0,0,1,1,0,3,2,1,0,1,0,0000000,99,99,99,99,99,99,0,0,0,1,1
54,540223,1,1,0,0,0,1,1,67,1361,4,10,2013,6,19,20,0,4,3,SR-129,,70,38.23395833,-80.93469722,0,42,0,0,1,1,0,4,2,1,0,1,0,0000000,19,32,19,42,20,14,0,0,0,1,1
54,540224,1,1,0,0,0,1,1,67,403,7,10,2013,2,21,20,0,6,4,CR-39/2,,9,38.26557778,-80.80557778,0,1,0,0,1,1,0,4,2,1,0,1,0,0000000,99,99,99,99,99,99,0,0,0,1,0
54,540225,1,1,0,0,0,2,2,97,0,5,10,2013,7,20,9,0,4,4,CR-151,,100,38.91918889,-80.11732778,0,1,0,0,1,1,0,4,2,1,0,1,0,0000000,99,99,99,99,88,88,0,0,0,1,1
54,540226,2,2,0,0,0,4,4,45,0,15,9,2013,1,12,57,1,2,2,US-119,CRAWLEY CREEK RD,93,37.97303611,-82.02128056,0,12,6,0,2,2,0,1,1,1,0,1,0,0000000,99,99,99,99,99,99,0,0,0,1,1
54,540227,2,2,0,0,0,2,2,41,1242,17,9,2013,3,10,47,1,2,2,US-33,GEORGETOWN RD,228,39.00016111,-80.38328889,0,12,6,0,2,3,0,1,1,1,0,1,0,0000000,99,99,99,99,99,99,0,0,0,1,0
54,540228,2,2,0,0,0,2,2,35,0,25,9,2013,4,3,38,1,1,1,I-77,,1500,38.97888889,-81.6925,0,1,0,0,1,1,0,1,2,1,0,1,0,0000000,99,99,99,99,88,88,0,0,0,1,0
54,540229,2,2,0,0,0,3,3,43,305,4,10,2013,6,12,44,0,3,3,SR-10,,228,38.26138889,-82.20333056,0,12,6,0,1,1,0,1,1,1,0,1,0,0000000,12,45,12,54,13,30,0,0,0,1,0
54,540230,1,1,0,1,1,1,1,81,170,9,10,2013,4,20,0,0,14,3,SR-16,,196,37.77974444,-81.16589722,0,8,0,0,1,1,0,1,2,1,0,1,0,0000000,20,0,20,2,20,15,0,0,0,1,0
54,540231,1,1,0,0,0,1,1,47,2577,10,10,2013,5,12,59,1,2,2,US-52,,241,37.42147778,-81.5454,0,35,0,0,1,1,0,4,1,1,0,1,0,0000000,13,20,13,25,88,88,0,0,0,1,0
54,540232,1,1,0,0,0,1,1,11,130,12,10,2013,7,10,34,1,11,1,I-64,,165,38.42285,-82.32795278,0,57,0,0,1,1,0,3,1,1,0,1,0,0000000,10,34,10,44,99,96,0,0,0,1,0
54,540233,2,2,0,0,0,3,3,103,0,25,8,2013,1,19,8,0,3,3,SR-20,,46,39.48816667,-80.54469167,0,12,2,0,1,1,0,1,1,1,0,1,0,0000000,99,99,99,99,99,99,0,0,0,1,1
54,540234,1,1,0,0,0,1,1,61,0,30,8,2013,6,17,52,1,1,1,I-79,,1440,39.51648056,-80.05398056,0,24,0,0,1,1,0,4,1,1,0,1,0,0000000,99,99,99,99,88,88,0,0,0,1,0
54,540235,1,1,0,1,1,1,1,61,1840,15,9,2013,1,4,30,1,13,3,SR-705,FINE ARTS DR,5,39.65081944,-79.97015,0,8,0,0,3,3,0,1,3,1,0,1,0,0000000,99,99,99,99,88,88,0,0,0,1,0
54,540236,1,1,0,0,0,1,1,67,2570,17,10,2013,5,1,15,0,4,3,SR-41,,150,38.26379167,-80.85183333,0,24,0,0,1,1,0,4,2,10,0,10,0,0000000,99,99,99,99,99,99,0,0,0,1,1
54,540237,1,1,0,1,1,3,3,39,480,17,10,2013,5,7,34,0,14,3,SR-114,VIRIGNIA ST,20,38.3373,-81.6156,0,8,0,0,3,2,0,1,4,2,0,2,0,0000000,7,41,7,46,88,88,0,0,0,1,0
54,540238,1,1,0,0,0,1,1,3,1660,25,10,2013,6,16,40,0,16,4,CR-11/12,,9,39.53461944,-77.90042222,0,17,0,0,1,1,0,5,1,1,0,1,0,0000000,99,99,99,99,99,99,0,0,0,1,1
54,540239,2,2,0,0,0,3,3,63,1482,5,10,2013,7,11,5,1,2,2,US-219,,73,37.44166944,-80.68916944,0,12,8,0,4,1,0,1,1,1,0,1,0,0000000,99,99,99,99,88,88,0,0,0,1,1
54,540240,1,1,0,0,0,3,3,57,353,25,10,2013,6,23,17,0,4,4,CR-9,,63,39.41925833,-78.93738611,0,32,0,0,1,1,0,4,2,1,0,1,0,0000000,99,99,99,99,0,27,0,0,0,1,1
54,540241,3,3,0,0,0,6,6,39,1650,12,10,2013,7,21,54,0,14,3,SR-61,,167,38.27983056,-81.57255,0,12,2,0,1,1,0,1,2,1,0,1,0,0000000,99,99,99,99,99,99,0,0,0,2,1
54,540242,1,1,0,0,0,1,1,27,1089,10,8,2013,7,23,40,0,6,4,CR-1/1,,40,39.50792778,-78.60331944,0,42,0,0,1,1,0,5,2,98,0,98,0,0000000,88,88,88,88,88,88,0,0,0,1,1
54,540243,2,2,0,0,0,2,2,19,1970,21,8,2013,4,11,32,0,14,3,SR-61,JONES AVE,81,37.97556389,-81.15710278,0,12,6,0,2,3,0,1,1,1,0,1,0,0000000,99,99,99,99,99,99,0,0,0,1,0
54,540244,1,1,0,0,0,2,2,1,2110,17,10,2013,5,14,20,0,4,3,SR-76,,4,39.19722778,-80.0615,0,35,0,0,1,1,0,5,1,2,0,2,0,0000000,99,99,99,99,99,99,0,0,0,1,0
54,540245,1,1,0,0,0,3,3,71,2653,25,10,2013,6,18,30,0,6,4,CR-2/3 SMOKE HOLE RD,,36,38.89274167,-79.26571667,0,24,0,0,1,1,0,4,1,1,0,1,0,0000000,18,39,19,3,99,99,0,0,0,1,1
54,540246,1,1,0,1,1,1,1,83,810,27,10,2013,1,3,6,1,13,2,US-219,,389,38.92389444,-79.843725,0,8,0,0,1,1,0,99,2,1,0,1,0,0000000,99,99,99,99,88,88,0,0,0,1,0
54,540247,1,1,0,0,0,3,3,1,0,28,10,2013,2,0,30,0,3,2,US-250,,68,39.03528056,-79.95443889,0,1,0,0,1,1,0,1,2,1,0,1,0,0000000,0,40,0,43,99,99,0,0,0,2,0
54,540248,1,1,0,0,0,1,1,71,2002,29,10,2013,3,20,20,0,3,2,US-33,,56,38.8675,-79.46138889,0,35,0,0,1,1,0,4,2,1,0,1,0,0000000,99,99,99,99,88,88,0,0,0,1,0
54,540249,1,1,0,0,0,1,1,3,1307,31,10,2013,5,17,36,0,6,4,CR-81/03,,9,39.41861111,-78.00888889,0,30,0,0,1,1,0,4,1,10,0,10,0,0000000,17,37,17,45,18,7,0,0,0,1,0
54,540250,1,1,0,0,0,1,1,103,0,31,10,2013,5,22,18,0,4,4,CR-89,,72,39.67397778,-80.71202778,0,42,0,0,1,1,0,5,2,2,0,2,0,0000000,99,99,99,99,99,99,0,0,0,1,1
54,540251,1,1,0,0,0,1,1,1,1781,9,10,2013,4,14,15,0,4,3,SR-38,,45,39.16363056,-79.92299444,0,1,0,0,1,1,0,4,1,1,0,1,0,0000000,14,21,14,26,88,88,0,0,0,1,0
54,540252,2,2,0,0,0,2,2,39,560,16,10,2013,4,20,35,0,4,2,US-119,,390,38.569975,-81.37192222,0,12,2,0,1,1,0,1,2,2,0,2,0,0000000,20,41,20,55,22,19,0,0,0,1,0
54,540253,2,2,0,0,0,3,3,5,1056,18,10,2013,6,12,25,0,4,4,CR-5,,28,38.01323611,-81.64226944,0,12,8,0,1,1,0,1,1,1,0,1,0,0000000,12,30,12,42,13,16,0,0,0,1,0
54,540254,2,2,0,0,0,4,4,55,260,19,10,2013,7,1,20,0,4,3,SR-123,,15,37.28529167,-81.26847778,0,35,0,0,1,1,0,4,2,1,0,1,0,0000000,1,22,1,30,1,51,0,0,0,1,2
54,540255,3,3,0,0,0,4,4,27,2191,25,10,2013,6,6,45,0,4,2,US-220,,55,39.2825,-78.90333056,0,12,8,0,1,1,0,1,4,1,0,1,0,0000000,6,50,7,8,88,88,0,0,0,1,0
54,540256,2,2,0,0,0,4,4,39,814,26,10,2013,7,23,25,0,6,4,CR-43,,1,38.54428333,-81.42584444,0,12,2,0,1,1,0,1,2,1,0,1,0,0000000,23,29,23,32,0,49,0,0,0,1,0
54,540258,2,2,0,0,0,2,2,61,1840,4,11,2013,2,14,34,0,14,3,SR-7,SUMMERS SCHOOL RD,371,39.60401944,-79.91404722,0,12,6,0,2,3,0,1,1,1,0,1,0,0000000,14,34,14,47,88,88,0,0,0,1,1
54,540259,1,1,0,0,0,1,1,39,2625,6,11,2013,4,16,16,0,14,4,CR-9,,56,38.34513333,-81.85969722,0,42,0,0,1,1,0,4,1,1,0,1,0,0000000,16,19,16,27,17,7,0,0,0,1,0
54,540260,2,2,0,0,0,2,2,35,1456,6,11,2013,4,7,9,0,4,4,CR-13,,81,38.907125,-81.55275556,0,12,2,0,1,1,0,1,1,1,0,1,0,0000000,99,99,99,99,88,88,0,0,0,1,0
54,540261,1,1,0,0,0,3,3,25,102,8,11,2013,6,6,4,0,4,4,CR-21/2,,38,37.90838056,-80.34559167,0,35,0,0,1,1,0,4,2,1,0,1,0,0000000,99,99,99,99,99,99,0,0,0,1,1
54,540262,1,1,0,0,0,1,1,35,1348,9,11,2013,7,22,53,0,4,4,CR-21,,106,38.65492778,-81.66825556,0,1,0,0,1,1,0,1,2,1,0,1,0,0000000,99,99,99,99,99,99,0,0,0,1,1
54,540263,1,1,0,1,1,1,1,107,2040,12,11,2013,3,15,10,1,13,3,SR-14,24TH ST,157,39.28209167,-81.54824722,0,8,0,0,3,3,0,1,1,1,0,1,0,0000000,14,57,15,2,99,99,0,0,0,1,0
54,540264,1,1,0,0,0,2,2,39,814,13,11,2013,4,7,49,1,1,1,I-79,,70,38.44680833,-81.51839167,0,35,0,0,1,1,0,4,1,10,0,10,0,0000000,7,20,7,57,8,24,0,0,0,1,0
54,540265,1,1,0,0,0,1,1,41,1311,16,11,2013,7,19,1,0,14,2,US-19,,270,39.06388889,-80.43916944,0,1,0,0,1,1,0,1,2,1,0,1,0,0000000,99,99,99,99,99,99,0,0,0,1,1
54,540266,1,1,0,0,0,1,1,107,2717,12,11,2013,3,22,24,0,4,3,SR-31,,117,39.31580833,-81.42500278,0,1,0,0,1,1,0,1,2,10,0,10,0,0000000,22,27,22,39,23,9,0,0,0,1,1
54,540267,1,1,0,0,0,1,1,35,2240,23,11,2013,7,1,30,0,6,4,CR-11,,53,38.92056111,-81.75001111,0,1,0,0,1,1,0,4,2,10,0,10,0,0000000,99,99,99,99,88,88,0,0,0,1,1
54,540268,1,1,0,1,1,1,1,69,2830,26,11,2013,3,20,20,1,11,1,I-70,,20,40.06692778,-80.6901,0,8,0,1,20,1,0,1,3,1,0,1,0,0000000,99,99,99,99,99,99,0,0,0,1,0
54,540269,1,1,0,0,0,2,2,39,560,27,11,2013,4,16,9,1,1,1,I-79,,190,38.51943889,-81.36,0,1,0,0,1,1,0,3,1,3,12,3,0,0000000,16,13,16,20,16,56,0,0,0,1,0
54,540270,1,1,0,0,0,2,2,5,2659,29,11,2013,6,1,0,0,3,3,SR-85,,230,37.98495,-81.71951389,0,42,0,0,1,1,0,4,2,1,0,1,0,0000000,1,6,1,9,99,99,0,0,0,1,1
54,540271,2,2,0,0,0,2,2,61,1840,13,11,2013,4,9,44,1,1,1,I-79,,1450,39.52971944,-80.00306111,0,12,1,0,1,1,0,1,1,1,0,1,0,0000000,9,52,10,6,10,34,0,0,0,1,1
54,540272,1,1,0,0,0,1,1,5,0,27,10,2013,1,0,25,0,4,3,SR-3,,208,38.13678056,-81.66262222,0,35,0,0,1,1,0,4,2,1,0,1,0,0000000,0,31,0,36,1,36,0,0,0,1,1
54,540273,2,2,0,0,0,3,3,33,2390,20,11,2013,4,17,21,1,2,2,US-50,,22,39.29404722,-80.55738333,0,1,0,0,1,1,0,3,1,1,0,1,0,0000000,99,99,99,99,88,88,0,0,0,2,0
54,540274,2,2,0,0,0,3,3,77,2590,23,11,2013,7,19,46,0,3,3,SR-7,,231,39.45551944,-79.5729,0,12,6,0,1,1,0,1,2,4,11,4,0,0000000,19,46,20,2,20,28,0,0,0,1,0
54,540275,2,2,0,0,0,4,4,33,1860,24,11,2013,1,14,38,0,4,3,SR-57,,11,39.17171667,-80.22757778,0,12,6,0,1,1,0,1,1,1,0,1,0,0000000,99,99,99,99,99,99,0,0,0,2,0
54,540276,2,2,0,0,0,3,3,11,1458,27,11,2013,4,15,57,1,2,3,SR-2,,120,38.47805278,-82.29923056,0,12,2,0,1,1,0,1,1,10,0,10,0,0000000,16,1,16,20,17,6,0,0,0,1,1
54,540277,3,3,0,0,0,4,4,11,1270,29,11,2013,6,20,27,0,13,3,SR-2,,6,38.43054722,-82.39368611,0,12,6,0,1,1,0,1,2,1,0,1,0,0000000,20,31,20,33,21,7,0,0,0,1,0
54,540278,1,1,0,0,0,1,1,109,2140,2,10,2013,4,15,4,1,2,3,SR-10,,243,37.61854722,-81.53874167,0,24,0,0,1,1,0,4,1,1,0,1,0,0000000,99,99,99,99,99,99,0,0,0,1,0
54,540279,1,1,0,1,1,1,1,17,0,18,10,2013,6,6,0,1,2,2,US-50,,45,39.27213056,-80.89008056,0,8,0,0,1,1,0,1,2,5,0,5,0,0000000,99,99,99,99,99,99,23,0,0,1,1
54,540280,1,1,0,0,0,2,2,3,1660,1,12,2013,1,22,12,0,3,4,CR-45,,199,39.45959444,-77.91816667,0,35,0,0,1,1,0,4,2,1,0,1,0,0000000,99,99,99,99,99,99,0,0,0,1,1
54,540281,1,1,0,0,0,1,1,55,1437,7,12,2013,7,3,0,0,4,3,SR-10,,33,37.42048056,-81.19683333,0,53,0,0,1,1,0,5,3,10,0,10,0,0000000,3,6,3,19,4,3,0,0,0,1,0
54,540282,1,1,0,0,0,1,1,35,1882,9,12,2013,2,12,0,0,4,3,SR-68,,107,39.03971944,-81.77861111,0,42,0,0,1,1,0,5,9,8,0,8,0,0000000,99,99,99,99,88,88,18,0,0,1,0
54,540283,2,2,0,0,0,2,2,11,1270,2,12,2013,2,5,13,0,16,6,16TH ST,5TH AVE,0,38.42153056,-82.43153333,0,12,6,0,2,2,0,1,3,1,0,1,0,0000000,5,17,5,21,5,35,0,0,0,1,0
54,540284,2,2,0,0,0,3,3,53,968,19,12,2013,5,19,30,1,2,3,SR-2,,151,38.78051944,-82.20036667,0,12,6,0,4,1,0,1,3,1,0,1,0,0000000,99,99,99,99,99,99,0,0,0,1,0
54,540285,2,2,0,0,0,2,2,83,1955,12,12,2013,5,17,24,1,2,2,US-33,CR-250,20,38.94802778,-79.959125,0,12,6,0,2,3,0,1,3,1,0,1,0,0000000,17,26,17,33,17,58,0,0,0,1,0
54,540286,1,1,0,0,0,1,1,33,540,27,12,2013,6,7,45,0,3,3,SR-20,W PIKE ST,0,39.29289722,-80.36205833,0,26,0,0,3,4,0,10,1,1,0,1,0,0000000,7,52,7,54,88,88,0,0,0,1,0
54,540287,1,1,0,1,1,1,1,3,1660,28,12,2013,7,23,6,1,13,3,SR-9,,156,39.44079167,-77.96568333,0,8,0,0,1,1,0,1,2,10,0,10,0,0000000,99,99,99,99,88,88,0,0,0,1,0
54,540288,1,1,0,1,1,2,2,39,480,31,12,2013,3,16,28,1,2,3,SR-61,,284,38.36346111,-81.67038056,0,8,0,0,1,1,0,1,1,1,0,1,0,0000000,16,29,16,33,99,99,0,0,0,1,0
54,540289,2,2,0,0,0,5,5,83,2114,14,9,2013,7,16,10,0,6,4,CR-45/3,,8,38.70280833,-80.21138889,0,12,9,0,1,1,0,1,1,1,0,1,0,0000000,99,99,99,99,99,99,0,0,0,1,0
54,540290,1,1,0,0,0,1,1,109,1040,8,9,2013,1,23,20,0,5,4,CR-3,,17,37.72702778,-81.41346944,0,1,0,0,1,1,0,4,2,1,0,1,0,0000000,23,29,23,54,0,50,0,0,0,1,1
54,540291,1,1,0,1,1,1,1,39,2439,31,10,2013,5,6,41,0,14,4,CR-21,,13,38.51033611,-81.64074722,0,8,0,0,1,1,0,1,3,2,0,2,0,0000000,6,43,6,54,7,6,0,0,0,1,0
54,540292,2,2,0,0,0,4,4,33,825,18,11,2013,2,13,40,0,14,2,US-19,,284,39.43385,-80.27749722,0,12,6,0,8,1,0,1,1,1,0,1,0,0000000,99,99,99,99,99,99,0,0,0,1,0
54,540293,1,1,0,0,0,1,1,83,1290,11,10,2013,6,13,20,0,3,2,US-250,,17,38.70038056,-79.97589167,0,10,0,0,6,1,0,1,1,1,0,1,0,943961L,99,99,99,99,88,88,0,0,0,1,1
54,540294,1,1,0,0,0,1,1,81,1885,28,11,2013,5,10,0,0,4,3,SR-3,,108,37.91416944,-81.53471944,0,1,0,0,1,1,0,4,1,1,0,1,0,0000000,14,12,14,20,88,88,18,0,0,1,0
54,540295,1,1,0,0,0,1,1,59,1700,29,11,2013,6,17,50,0,16,6,BRIDGE ST,MATE ST,0,37.62314722,-82.165575,0,10,0,0,6,1,0,1,3,1,0,1,0,470844G,99,99,99,99,99,99,0,0,0,1,0
54,540296,1,1,0,0,0,1,1,45,659,5,12,2013,5,21,58,0,3,3,SR-10,,47,37.75046389,-81.64933889,0,38,0,0,1,1,0,5,3,10,2,2,0,0000000,22,1,22,5,22,49,0,0,0,1,0
54,540297,1,1,0,0,0,1,1,73,2380,5,9,2013,5,6,49,1,2,3,SR-2,,17,39.34013333,-81.34747778,0,59,0,0,1,1,0,2,2,1,0,1,0,0000000,7,36,7,49,88,88,18,0,0,1,1
54,540298,1,1,0,0,0,1,1,49,2205,2,10,2013,4,19,0,0,6,4,CR-91/1,,5,39.51547778,-80.29685,0,1,0,0,1,1,0,4,2,1,0,1,0,0000000,99,99,99,99,99,99,0,0,0,1,1
54,540299,2,2,0,0,0,2,2,61,1840,16,12,2013,2,8,24,1,1,1,I-79,,1460,39.53964722,-79.98963889,0,12,6,0,1,1,0,1,1,4,0,4,0,0000000,8,27,8,48,9,17,0,0,0,1,0
54,540300,2,2,0,0,0,3,3,33,540,17,12,2013,3,16,49,1,13,2,US-50,CR-50/10,100,39.28568333,-80.424825,0,12,6,0,2,2,0,1,2,10,0,10,0,0000000,16,51,99,99,17,49,0,0,0,1,0
54,540301,2,2,0,0,0,2,2,41,2790,19,12,2013,5,17,39,0,3,2,US-33,CR-119/21,25,39.00421389,-80.391375,0,12,6,0,2,2,0,1,2,1,0,1,0,0000000,99,99,99,99,88,88,0,0,0,1,0
54,540302,3,3,0,0,0,7,7,83,2658,23,12,2013,2,9,57,1,2,2,US-219,,146,38.62548056,-80.02989167,0,12,2,0,1,1,0,1,1,1,0,1,0,0000000,99,99,99,99,99,99,0,0,0,1,0
54,540303,2,2,0,0,0,2,2,39,619,24,12,2013,3,5,47,1,11,1,I-64,,490,38.38578056,-81.76648611,0,12,1,0,1,1,0,1,2,10,0,10,0,0000000,99,99,99,99,99,99,0,0,0,1,0
54,540304,3,3,0,0,0,3,3,41,2790,27,12,2013,6,6,16,1,1,1,I-79,,990,39.01270278,-80.46419444,0,12,6,0,1,1,0,1,2,1,0,1,0,0000000,99,99,99,99,99,99,0,0,0,1,0
54,540305,1,1,0,1,1,1,1,69,2830,27,12,2013,6,20,59,0,16,6,LANE 42,SOUTH BROADWAY ST,0,40.07004444,-80.73264167,0,8,0,0,4,1,0,1,3,1,0,1,0,0000000,20,59,21,0,99,99,0,0,0,1,0
54,540306,1,1,0,0,0,2,2,53,2150,28,12,2013,7,19,0,0,4,4,CR-15,,20,38.87464167,-82.09353333,0,11,0,0,1,1,0,1,2,10,0,10,0,0000000,18,24,18,53,99,99,0,0,0,1,1
54,540307,1,1,0,0,0,1,1,11,0,28,10,2013,2,16,55,1,11,1,I-64,,280,38.43586111,-82.11565,0,57,0,0,1,1,0,3,1,1,0,1,0,0000000,16,57,16,59,17,35,0,0,0,1,0
54,540308,1,1,0,0,0,1,1,89,2141,17,11,2013,1,99,99,0,3,4,CR-26,,27,37.50221944,-80.95806111,0,1,0,0,1,1,0,1,1,2,0,2,0,0000000,99,99,99,99,99,99,0,0,0,1,0
55,550001,2,2,0,0,0,3,3,131,4089,1,1,2013,3,19,45,1,2,3,SR-164,,0,43.27807222,-88.26127778,0,12,2,0,1,1,0,1,2,10,0,10,0,0000000,19,50,19,57,99,99,0,0,0,1,0
55,550002,1,1,0,0,0,1,1,131,0,1,1,2013,3,20,6,0,4,4,CR-C,HILLSIDE DR,0,43.32974167,-88.24096667,0,48,0,0,3,7,0,4,2,10,0,10,0,0000000,20,9,20,14,88,88,0,0,0,1,1
55,550003,2,2,0,0,0,2,2,93,0,3,1,2013,5,7,36,0,3,3,SR-65,,0,44.77391667,-92.50977778,0,12,6,0,1,1,0,1,1,4,0,4,0,0000000,7,36,99,99,99,99,0,0,0,1,0
55,550004,2,2,0,0,0,5,5,23,3890,6,1,2013,1,16,23,1,13,2,US-18,,0,43.04695278,-91.15841389,0,12,2,0,1,1,0,1,1,1,0,1,0,0000000,16,23,16,25,99,99,0,0,0,1,0
55,550005,2,2,0,0,0,2,2,135,0,8,1,2013,3,15,23,1,2,2,US-45,,0,44.29786667,-88.73906667,0,12,2,0,1,1,0,1,1,1,0,1,0,0000000,15,28,15,35,99,99,0,0,0,1,0
55,550006,2,2,0,0,0,2,2,115,4320,10,1,2013,5,15,8,0,13,3,SR-47,CR-B,0,44.76123889,-88.56804444,0,12,6,0,2,2,0,1,1,1,0,1,0,0000000,15,9,15,14,88,88,0,0,0,1,0