STATE,ST_CASE,VE_TOTAL,VE_FORMS,PVH_INVL,PEDS,PERNOTMVIT,PERMVIT,PERSONS,COUNTY,CITY,DAY,MONTH,YEAR,DAY_WEEK,HOUR,MINUTE,NHS,ROAD_FNC,ROUTE,TWAY_ID,TWAY_ID2,MILEPT,LATITUDE,LONGITUD,SP_JUR,HARM_EV,MAN_COLL,RELJCT1,RELJCT2,TYP_INT,WRK_ZONE,REL_ROAD,LGT_COND,WEATHER1,WEATHER2,WEATHER,SCH_BUS,RAIL,NOT_HOUR,NOT_MIN,ARR_HOUR,ARR_MIN,HOSP_HR,HOSP_MN,CF1,CF2,CF3,FATALS,DRUNK_DR
55,550007,1,1,0,1,1,1,1,121,2260,9,1,2013,4,17,54,1,2,3,SR-93,3RD ST,0,44.35648611,-91.42291944,0,8,0,0,1,1,0,1,3,1,0,1,0,0000000,99,99,18,8,18,31,0,0,0,1,0
55,550008,1,1,0,0,0,2,2,139,0,15,1,2013,3,7,22,1,2,2,US-10,,0,44.21877778,-88.46991667,0,23,0,1,5,1,0,4,1,1,0,1,0,0000000,7,25,99,99,99,99,0,0,0,1,0
55,550009,2,2,0,0,0,3,3,31,4730,10,1,2013,5,17,30,0,14,6,HILL AVE,28TH ST N,0,46.70610556,-92.07702778,0,12,6,0,2,2,0,1,3,10,0,10,0,0000000,17,31,17,42,99,99,0,0,0,1,0
55,550010,2,2,0,0,0,2,2,71,0,14,1,2013,2,15,27,0,5,4,CR-J,SAN RD,0,44.153225,-87.86190833,0,12,6,0,2,2,0,1,1,1,0,1,0,0000000,15,32,15,37,99,99,0,0,0,1,0
55,550011,2,2,0,0,0,3,3,5,0,15,1,2013,3,6,14,1,2,2,US-8,,0,45.39326111,-91.79720833,0,12,6,0,1,1,0,1,2,1,0,1,0,0000000,6,15,99,99,99,99,0,0,0,1,1
55,550012,1,1,0,1,1,1,1,101,750,11,1,2013,6,18,42,0,13,6,PINE ST S,HIDDEN CREEK LN,0,42.66008333,-88.2613,0,8,0,0,8,1,0,1,2,2,0,2,0,0000000,18,42,18,49,19,5,0,0,0,1,0
55,550013,1,1,0,0,0,1,1,79,2015,9,1,2013,4,13,27,1,11,1,I-43,,637,42.96081944,-87.96600556,0,42,0,1,5,1,0,8,1,1,0,1,0,0000000,13,29,13,35,88,88,0,0,0,1,0
55,550014,1,1,0,0,0,1,1,31,0,16,1,2013,4,4,7,0,4,4,CR-A,,0,46.53549722,-92.06671667,0,30,0,0,1,1,0,4,2,99,0,99,0,0000000,4,7,99,99,88,88,0,0,0,1,1
55,550015,1,1,0,0,0,1,1,79,5160,16,1,2013,4,10,30,0,14,6,71ST STS,,0,43.00846389,-88.00146944,0,33,0,0,1,1,0,4,1,10,0,10,0,0000000,10,30,10,34,88,88,0,0,0,1,0
55,550016,1,1,0,0,0,1,1,57,0,14,1,2013,2,12,37,0,4,4,CR-N/28TH AVE S,,0,43.65912222,-89.80335556,0,42,0,0,1,1,0,4,9,1,0,1,0,0000000,88,88,88,88,88,88,18,0,0,1,1
55,550017,1,1,0,0,0,4,4,137,0,16,1,2013,4,18,16,0,3,3,SR-73,,0,44.07956389,-89.30441389,0,59,0,0,1,1,0,4,2,4,0,4,0,0000000,18,18,18,21,19,2,0,0,0,1,1
55,550018,1,1,0,0,0,1,1,115,500,17,1,2013,5,16,20,1,2,2,US-45,,0,44.93563333,-89.20446389,0,42,0,0,1,1,0,4,1,1,0,1,0,0000000,16,23,16,28,88,88,0,0,0,1,1
55,550019,1,1,0,0,0,3,3,79,3100,27,1,2013,1,20,40,0,15,6,FLORIST AVE W,,0,43.12685,-88.01143333,0,42,0,0,1,1,0,4,3,4,0,4,0,0000000,99,99,99,99,99,99,0,0,0,1,1
55,550020,1,1,0,0,0,1,1,79,5220,27,1,2013,1,21,56,0,14,6,BURNHAM ST W,,0,43.01014722,-87.96920833,0,30,0,0,1,1,0,4,3,3,12,3,0,0000000,21,56,21,56,22,26,0,0,0,1,1
55,550021,1,1,0,0,0,1,1,79,3100,14,1,2013,2,14,5,0,14,6,17TH ST N,,0,43.04736389,-87.93411667,0,42,0,0,1,1,0,5,1,1,0,1,0,0000000,99,99,99,99,99,99,0,0,0,1,0
55,550022,2,2,0,0,0,6,6,135,0,25,1,2013,6,21,58,0,14,4,CR-W,,0,44.37036111,-88.75828056,0,12,6,0,1,1,0,1,2,4,0,4,1,0000000,22,0,99,99,99,99,0,0,0,2,1
55,550023,1,1,0,0,0,1,1,139,0,18,1,2013,6,99,99,0,15,6,OMRO RD,LEONARD POINT RD,0,44.03300556,-88.62330278,0,42,0,0,3,3,0,4,9,99,0,99,0,0000000,8,41,8,49,88,88,18,0,0,1,1
55,550024,1,1,0,0,0,1,1,27,0,21,1,2013,2,0,10,0,4,4,CR-O,,0,43.23623056,-88.42854722,0,34,0,0,1,1,0,4,2,10,0,10,0,0000000,0,46,99,97,99,97,0,0,0,1,1
55,550025,1,1,0,0,0,2,2,25,0,21,1,2013,2,1,47,1,2,2,US-151 RAMP,,0,43.26701944,-89.10602222,0,1,0,1,5,1,0,5,2,1,0,1,0,0000000,1,50,2,1,2,51,0,0,0,1,1
55,550026,1,1,0,0,0,1,1,133,3260,19,1,2013,7,1,13,0,16,6,HENNEBERRY DR,,0,42.87586667,-88.17103889,0,34,0,0,1,1,0,4,2,10,0,10,0,0000000,1,18,1,28,2,3,0,0,0,1,1
55,550027,1,1,0,1,1,1,1,65,0,23,1,2013,4,17,25,0,3,3,SR-81,,0,42.66799722,-90.32013889,0,49,0,0,1,1,0,1,2,10,0,10,0,0000000,17,33,17,44,18,4,0,0,0,1,0
55,550028,1,1,0,0,0,1,1,25,0,24,1,2013,5,99,99,0,3,3,SR-119,,0,43.16473056,-89.03740556,0,34,0,0,1,1,0,4,2,10,0,10,0,0000000,7,2,7,8,88,88,18,0,0,1,1
55,550029,3,3,0,0,0,5,5,59,0,16,1,2013,4,16,40,0,3,3,SR-142,,0,42.61868056,-87.96485833,0,12,1,0,8,1,0,1,1,10,0,10,0,0000000,16,40,16,47,17,32,0,0,0,1,0
55,550030,1,1,0,0,0,2,2,5,0,24,1,2013,5,18,46,1,2,2,US-53 RAMP,,0,45.30224167,-91.65550278,0,59,0,1,5,1,0,8,2,4,0,4,0,0000000,18,50,99,99,99,99,0,0,0,1,0
55,550031,1,1,0,0,0,1,1,25,0,25,1,2013,6,3,21,0,2,4,CR-PB,,0,42.94101111,-89.51538056,0,34,0,0,1,1,0,4,2,10,0,10,0,0000000,3,23,99,99,88,88,0,0,0,1,1
55,550032,1,1,0,0,0,2,2,97,4620,25,1,2013,6,12,43,1,11,1,I-39,,1583,44.60095278,-89.61708889,0,52,0,1,19,1,0,4,1,4,0,4,0,0000000,12,47,12,59,13,28,0,0,0,1,0
55,550033,2,2,0,0,0,2,2,139,0,28,1,2013,2,7,14,0,4,4,CR-G,,0,44.133525,-88.63918333,0,12,6,0,1,1,0,1,1,10,0,10,0,0000000,7,15,7,30,99,99,0,0,0,1,0
55,550034,2,1,1,0,0,1,1,79,3100,28,1,2013,2,16,0,0,13,3,SR-57/GREEN BAY AVE N,,0,43.11502778,-87.93366389,0,14,0,0,1,1,0,4,1,1,0,1,0,0000000,99,99,99,99,88,88,0,0,0,1,1
55,550035,1,1,0,0,0,1,1,131,0,29,1,2013,3,16,15,0,6,5,LAKE BERNICE DR,,0,43.52175833,-88.301325,0,42,0,0,1,1,0,4,1,2,0,2,0,0000000,16,29,16,42,88,88,0,0,0,1,1
55,550036,3,3,0,0,0,7,7,33,0,27,1,2013,1,13,7,0,3,3,SR-64,,0,45.13700556,-91.94512222,0,12,6,0,1,1,0,1,1,3,12,3,0,0000000,13,7,99,99,14,17,0,0,0,1,0
55,550037,1,1,0,0,0,1,1,133,0,21,1,2013,2,15,35,0,14,4,CR-I,,0,42.92109167,-88.35558333,0,34,0,0,1,1,0,4,1,1,0,1,0,0000000,15,38,15,42,88,88,0,0,0,1,0
55,550038,1,1,0,1,1,1,1,101,3970,27,1,2013,1,17,30,1,13,3,SR-11/DURAND AVE,WEST BLVD,0,42.69691389,-87.81620833,0,8,0,0,2,3,0,1,2,3,12,3,0,0000000,17,31,17,36,17,55,0,0,0,1,0
55,550039,1,1,0,0,0,1,1,127,0,24,1,2013,5,23,29,1,2,2,US-14,,0,42.63123333,-88.74236111,0,42,0,0,1,1,0,4,2,10,0,10,0,0000000,23,29,99,99,99,99,0,0,0,1,0
55,550040,1,1,0,0,0,1,1,79,3100,8,1,2013,3,10,35,0,16,6,GREEN TREE RD W,,0,43.1412,-87.985375,0,30,0,0,1,1,0,4,1,1,0,1,0,0000000,99,99,99,99,99,99,0,0,0,1,0
55,550041,2,2,0,2,2,2,2,9,412,27,1,2013,1,0,11,1,12,3,SR-172,,0,44.45331389,-87.98058333,0,12,1,0,1,1,0,1,2,10,0,10,0,0000000,0,11,0,19,0,45,19,23,0,1,0
55,550042,1,1,0,0,0,2,2,25,2780,20,1,2013,1,19,29,0,15,6,PORTAGE RD,,0,43.12564722,-89.31546667,0,5,0,0,1,1,0,1,2,1,0,1,0,0000000,19,29,19,36,19,53,0,0,0,1,0
55,550043,1,1,0,2,2,1,1,79,3100,5,2,2013,3,18,0,1,13,2,US-18,WATER ST N,0,43.04102222,-87.90965833,0,8,0,0,2,2,0,1,3,10,0,10,0,0000000,99,99,99,99,99,99,0,0,0,1,0
55,550044,2,2,0,0,0,2,2,35,0,4,2,2013,2,2,30,1,11,1,I-94,,573,44.85060278,-91.63681389,0,12,6,0,1,1,0,1,3,4,0,4,0,0000000,99,99,99,99,99,99,0,0,0,1,0
55,550045,2,2,0,0,0,5,5,81,0,1,2,2013,6,9,16,0,4,3,SR-16,,0,43.95025556,-90.56882778,0,12,6,0,1,1,0,1,1,1,0,1,0,0000000,9,20,9,37,10,27,0,0,0,2,0
55,550046,1,1,0,0,0,3,3,79,3100,3,2,2013,1,2,22,0,13,6,SHERMAN BLVD N,,0,43.12752222,-87.96607778,0,42,0,0,1,1,0,3,3,10,0,10,0,0000000,99,99,99,99,99,99,0,0,0,1,1
55,550047,2,2,0,0,0,3,3,33,0,2,2,2013,7,23,53,0,3,3,SR-29,,0,44.87306944,-92.10685,0,12,6,0,1,1,0,1,2,10,0,10,0,0000000,23,53,0,8,0,50,0,0,0,2,1
55,550048,2,2,0,0,0,3,3,25,0,8,2,2013,6,13,26,0,3,2,US-51,,0,42.91900833,-89.15141667,0,12,2,0,1,1,0,1,1,1,0,1,0,0000000,13,27,13,40,99,99,0,0,0,1,0
55,550049,2,2,0,0,0,2,2,1,0,10,2,2013,1,11,40,0,2,3,SR-82,,0,43.77765833,-89.61608333,0,12,2,0,1,1,0,1,1,3,12,3,0,0000000,11,40,99,99,88,88,0,0,0,1,1
55,550051,1,1,0,0,0,1,1,75,0,3,2,2013,1,1,10,0,4,4,CR-N,,0,45.76870556,-88.03605,0,1,0,0,1,1,0,4,2,10,0,10,0,0000000,1,15,1,28,88,88,0,0,0,1,1
55,550052,1,1,0,0,0,1,1,59,0,3,2,2013,1,21,52,0,5,4,CR-W,,0,42.60048333,-88.207725,0,30,0,0,1,1,0,4,2,4,0,4,0,0000000,21,55,22,5,22,36,0,0,0,1,1
55,550053,1,1,0,0,0,3,3,75,0,5,2,2013,3,9,30,0,4,4,CR-O,,0,45.68683056,-88.01925,0,59,0,0,1,1,0,4,1,10,0,10,0,0000000,9,31,9,48,10,23,0,0,0,1,0
55,550054,3,3,0,0,0,3,3,25,0,5,2,2013,3,21,19,0,13,2,US-51,,0,43.23375,-89.32369444,0,12,2,0,1,1,0,1,2,1,0,1,0,0000000,21,19,21,26,22,23,0,0,0,1,1
55,550055,2,2,0,0,0,3,3,105,0,13,2,2013,4,5,21,0,3,3,SR-59,,0,42.73758333,-89.35,0,12,6,0,1,1,0,1,2,5,0,5,0,0000000,99,99,99,99,99,99,0,0,0,1,0
55,550056,2,2,0,0,0,5,5,73,0,14,2,2013,5,8,33,0,14,4,CR-K,,0,45.00355278,-89.66995556,0,12,6,0,1,1,0,1,1,4,0,4,0,0000000,8,34,8,44,9,12,0,0,0,3,0
55,550057,2,2,0,0,0,2,2,141,0,20,2,2013,4,13,26,1,2,2,US-10,LINCOLN AVE,0,44.59825278,-90.19813889,0,12,6,0,2,2,0,1,1,1,0,1,0,0000000,13,27,13,36,88,88,0,0,0,1,0
55,550058,2,2,0,0,0,2,2,25,0,18,2,2013,2,7,6,0,2,2,US-14,,0,42.87238889,-89.34981111,0,12,6,0,1,1,0,1,1,10,0,10,0,0000000,7,8,7,19,8,31,0,0,0,1,0
55,550059,3,3,0,0,0,3,3,25,0,20,2,2013,4,7,10,1,2,2,US-14,,0,43.09825556,-89.62448889,0,12,1,0,8,1,0,1,1,1,0,1,0,0000000,7,12,7,20,99,99,0,0,0,1,0
55,550060,1,1,0,0,0,1,1,79,3100,20,2,2013,4,23,50,0,16,6,30TH ST N,,0,43.06639722,-87.95105,0,33,0,0,1,1,0,4,3,1,0,1,0,0000000,0,1,0,6,88,88,18,0,0,1,1
55,550061,2,2,0,0,0,2,2,139,0,19,2,2013,3,6,35,1,2,3,SR-26,,0,43.91573056,-88.60806389,0,12,6,0,1,1,0,1,2,4,6,4,0,0000000,6,37,6,54,88,88,0,0,0,1,0
55,550062,2,2,0,0,0,2,2,29,0,22,2,2013,6,16,25,0,4,4,CR-C,SNOWMOBILE TRAIL,0,44.68173611,-87.62038611,0,12,6,0,2,2,0,1,1,4,0,4,0,0000000,16,31,16,44,17,29,0,0,0,1,0
55,550063,2,2,0,0,0,3,3,73,0,21,2,2013,5,11,22,0,3,3,SR-49,ELM ST,0,44.79816389,-89.24453611,0,12,6,0,2,2,0,1,1,1,0,1,0,0000000,11,25,99,99,88,88,0,0,0,2,0
55,550064,2,2,0,0,0,2,2,127,0,26,2,2013,3,11,20,0,3,3,SR-11,,0,42.64242222,-88.70793333,0,12,6,0,1,1,0,1,1,11,0,11,0,0000000,11,23,99,99,88,88,0,0,0,1,0
55,550065,1,1,0,0,0,1,1,7,0,15,2,2013,6,23,15,0,6,5,FIRE TOWER RD,FS RD 242,0,46.61146944,-91.27776389,0,42,0,0,1,1,0,4,2,1,0,1,0,0000000,23,16,99,99,88,88,0,0,0,1,1
55,550066,1,1,0,0,0,1,1,7,0,24,2,2013,1,14,50,0,6,5,IDLEWILD LAKE RD E,,0,46.3104,-91.52736389,0,48,0,0,1,1,0,4,1,1,0,1,0,0000000,14,58,15,47,88,88,0,0,0,1,1
55,550067,1,1,0,0,0,1,1,59,0,12,3,2013,3,0,22,0,14,6,88TH ST,,0,42.53115,-88.22474167,0,42,0,0,1,1,0,4,2,10,0,10,0,0000000,0,15,0,26,88,88,0,0,0,1,1
55,550068,1,1,0,1,1,1,1,133,3352,2,3,2013,7,5,32,1,11,1,I-43,,530,42.92873889,-88.17974444,0,8,0,0,1,1,0,1,2,1,0,1,0,0000000,5,32,5,42,88,88,0,0,0,1,0
55,550069,2,2,0,0,0,7,7,71,2810,3,3,2013,1,2,45,0,16,6,9TH ST N,HURON ST,0,44.10224722,-87.65898056,0,12,6,0,2,2,0,1,2,10,0,10,0,0000000,2,48,2,52,99,99,0,0,0,2,2
55,550070,1,1,0,0,0,1,1,81,0,10,3,2013,1,20,5,0,2,3,SR-27,,0,43.74234722,-90.79346944,0,48,0,0,1,1,0,4,3,4,0,4,0,0000000,20,13,99,99,99,99,0,0,0,1,0
55,550071,1,1,0,0,0,5,5,101,3970,16,3,2013,7,0,47,0,13,6,MEMORIAL DR S,,0,42.71724722,-87.79895,0,33,0,0,1,1,0,4,3,10,0,10,0,0000000,0,47,0,52,1,10,0,0,0,1,1
55,550072,2,2,0,0,0,4,4,39,0,3,3,2013,1,16,35,0,4,4,CR-G,CR-Q,0,43.89172222,-88.20248056,0,12,6,0,2,2,0,1,1,1,0,1,0,0000000,16,38,16,48,99,99,0,0,0,1,0
55,550073,2,2,0,0,0,3,3,105,2320,3,3,2013,1,15,58,0,14,4,CR-D/AFTON RD,,0,42.64011667,-89.07065,0,12,2,0,1,1,0,1,1,1,0,1,0,0000000,15,58,16,6,99,99,0,0,0,1,2
55,550074,2,2,0,0,0,5,5,43,0,4,3,2013,2,13,38,1,2,3,SR-35/61,,0,42.81941111,-90.68683333,0,12,8,0,1,1,0,1,1,7,11,11,0,0000000,13,39,13,50,13,59,0,0,0,1,0
55,550075,2,2,0,0,0,5,5,95,0,15,3,2013,6,7,5,0,3,3,SR-87,,0,45.54904167,-92.65091667,0,12,6,0,1,1,0,1,1,4,0,4,0,0000000,7,6,7,23,8,0,0,0,0,1,0
55,550076,2,2,0,0,0,5,5,93,0,9,3,2013,7,15,23,1,2,2,US-63,,0,44.61954167,-92.52226111,0,12,1,0,8,1,0,1,1,2,0,2,0,0000000,15,27,15,36,99,99,0,0,0,1,0
55,550077,2,2,0,0,0,4,4,71,0,17,3,2013,1,13,27,0,3,3,SR-67,CR-X,0,43.94973056,-88.02230278,0,12,6,0,2,2,0,1,1,10,0,10,0,0000000,13,30,13,36,88,88,0,0,0,2,0
55,550078,1,1,0,0,0,2,2,123,0,10,3,2013,1,8,55,0,6,5,PIERCE HILL RD,,0,43.56368333,-90.80846667,0,34,0,0,1,1,0,4,1,2,0,2,0,0000000,9,0,9,14,9,42,0,0,0,1,0
55,550079,1,1,0,0,0,2,2,33,3000,5,3,2013,3,3,45,1,11,1,I-94,,443,44.90793889,-91.89664167,0,52,0,0,1,1,0,3,2,4,0,4,0,0000000,3,48,99,99,88,88,0,0,0,2,0
55,550081,2,2,0,0,0,4,4,17,0,7,3,2013,5,11,30,1,2,3,SR-29,20TH ST S,0,44.89945556,-91.63083333,0,12,6,0,7,1,0,1,1,1,0,1,0,0000000,11,28,11,42,99,99,0,0,0,1,0
55,550082,3,3,0,0,0,3,3,133,3740,16,3,2013,7,0,5,0,12,3,SR-16,,0,43.09081944,-88.25576389,0,59,0,0,1,1,0,3,2,3,0,3,0,0000000,0,6,0,13,1,4,0,0,0,1,0
55,550083,2,2,0,0,0,2,2,27,9997,20,3,2013,4,7,25,0,3,3,SR-60,,0,43.32533333,-88.4218,0,12,6,0,8,1,0,1,1,1,0,1,0,0000000,7,28,7,36,8,6,0,0,0,1,0
55,550084,2,2,0,0,0,2,2,131,0,13,3,2013,4,9,18,1,2,3,SR-33,CR-M,0,43.42574167,-88.08111944,0,12,6,0,2,2,0,1,1,1,0,1,0,0000000,9,18,9,28,99,99,0,0,0,1,0
55,550085,1,1,0,0,0,1,1,49,0,22,3,2013,6,16,5,0,4,3,SR-130,,0,43.12881389,-90.21671389,0,1,0,0,1,1,0,5,1,1,0,1,0,0000000,16,9,16,14,88,88,0,0,0,1,0
55,550086,1,1,0,0,0,1,1,21,0,23,3,2013,7,2,59,0,4,4,CR-CS,,0,43.39194444,-89.45366667,0,48,0,0,1,1,0,4,2,1,0,1,0,0000000,3,2,3,14,88,88,0,0,0,1,1
55,550087,3,3,0,0,0,3,3,79,3100,29,3,2013,6,0,7,0,14,6,60TH ST N,CARMEN AVE W,0,43.12253333,-87.986075,0,12,6,0,2,2,0,1,3,1,0,1,0,0000000,99,99,99,99,99,99,0,0,0,2,1
55,550088,1,1,0,0,0,1,1,25,0,30,3,2013,7,2,25,0,13,3,SR-19,,0,43.19418333,-89.29084444,0,53,0,0,1,1,0,4,3,1,0,1,0,0000000,99,99,99,99,88,88,0,0,0,1,1
55,550089,2,2,0,0,0,4,4,117,0,31,3,2013,1,15,59,0,3,3,SR-32,,0,43.88167778,-87.91349722,0,12,2,0,1,1,0,1,1,10,0,10,0,0000000,15,59,16,13,17,0,0,0,0,2,1
55,550090,1,1,0,0,0,1,1,89,3002,10,3,2013,1,18,25,1,11,1,I-43,,1056,43.22392778,-87.92156389,0,38,0,0,1,1,0,4,5,2,0,2,0,0000000,18,35,18,43,19,18,0,0,0,1,0
55,550091,1,1,0,0,0,2,2,73,5110,23,3,2013,7,14,41,0,13,6,THOMAS ST E,,0,44.9507,-89.62455,0,21,0,0,1,1,0,4,1,10,0,10,0,0000000,14,43,14,45,15,7,0,0,0,1,1
55,550092,1,1,0,0,0,1,1,101,0,23,3,2013,7,9,3,0,4,4,CR-K/4 MILE RD,,0,42.78544722,-87.97056667,0,53,0,0,1,1,0,4,1,1,0,1,0,0000000,9,6,9,16,88,88,0,0,0,1,0
55,550093,2,2,0,0,0,2,2,47,0,25,3,2013,2,7,7,0,2,3,SR-23,,0,43.85496667,-88.92863333,0,12,6,0,8,1,0,1,4,1,0,1,0,0000000,7,7,99,99,99,99,0,0,0,1,0
55,550094,2,2,0,0,0,6,6,21,0,31,3,2013,1,16,19,0,3,3,SR-16,,0,43.39308056,-89.10471111,0,12,2,0,1,1,0,1,1,1,0,1,0,0000000,16,19,99,99,17,27,0,0,0,1,0
55,550095,1,1,0,0,0,1,1,43,0,3,4,2013,4,10,40,1,2,2,US-18,,0,42.97156389,-90.75635,0,53,0,0,1,1,0,4,1,1,0,1,0,0000000,10,41,10,49,88,88,0,0,0,1,0
55,550096,1,1,0,1,1,1,1,79,3100,3,4,2013,4,17,25,1,13,4,CR-T/BELOIT RD W,,0,42.98823611,-88.02507222,0,8,0,0,1,1,0,1,1,1,0,1,0,0000000,17,25,99,99,99,99,0,0,0,1,0
55,550097,2,2,0,0,0,3,3,45,0,5,4,2013,6,18,19,1,2,3,SR-11,,0,42.586625,-89.40808611,0,12,2,0,1,1,0,1,1,10,0,10,0,0000000,18,25,18,53,19,38,0,0,0,1,0
55,550098,2,2,0,1,1,2,2,25,4720,7,4,2013,1,14,48,1,12,2,US-151 RAMP,SR-19/WINDSOR ST,0,43.18723056,-89.23246111,0,46,0,1,3,2,0,4,1,1,0,1,0,0000000,99,99,99,99,99,99,0,0,0,1,1
55,550099,2,2,0,0,0,4,4,117,0,7,4,2013,1,18,55,0,3,3,SR-32,CR-J,0,43.79072222,-87.82028056,0,12,6,0,2,2,0,1,5,10,0,10,0,0000000,18,56,19,3,99,99,0,0,0,2,0
55,550100,1,1,0,1,1,1,1,141,5400,6,4,2013,7,12,31,0,13,3,SR-13/8TH ST S,PEPPER AVE,0,44.37303889,-89.817075,0,9,0,0,2,2,0,1,1,10,0,10,0,0000000,12,31,12,34,99,99,0,0,0,1,1
55,550101,1,1,0,0,0,2,2,73,1520,7,4,2013,1,2,0,0,3,3,SR-49/HIGHLAND AVE,SR-153/MAIN ST,0,44.78395556,-89.24461111,0,5,0,0,2,2,0,1,2,10,0,10,0,0000000,2,40,2,52,3,19,0,0,0,1,1
55,550102,2,2,0,0,0,2,2,9,0,9,4,2013,3,6,29,0,3,3,SR-32,,0,44.60950556,-88.22056667,0,12,2,0,1,1,0,1,1,5,0,5,0,0000000,6,32,6,38,7,20,0,0,0,1,0
55,550103,1,1,0,0,0,1,1,57,0,13,4,2013,7,21,57,0,4,4,CR-H,,0,44.05368889,-90.30098611,0,1,0,0,1,1,0,4,2,1,0,1,0,0000000,21,57,22,20,88,88,0,0,0,1,1
55,550104,2,2,0,0,0,3,3,109,0,15,4,2013,2,5,40,0,4,4,CR-A,,0,45.08290833,-92.57367222,0,12,6,0,1,1,0,1,2,10,0,10,0,0000000,5,42,5,52,6,22,0,0,0,1,0
55,550105,5,4,1,0,1,4,5,129,0,15,4,2013,2,6,45,1,2,2,US-63,,0,45.98230833,-91.55321111,0,12,1,0,1,1,0,1,4,8,0,8,0,0000000,99,99,99,99,99,99,23,0,0,1,0
55,550106,2,2,0,0,0,2,2,89,3002,15,4,2013,2,16,4,0,14,6,GRANVILLE RD,,0,43.20384167,-88.04376667,0,12,2,0,1,1,0,1,1,10,0,10,0,0000000,16,4,99,99,99,99,0,0,0,1,0
55,550107,2,2,0,0,0,3,3,79,3100,16,4,2013,3,14,55,0,13,3,SR-38,GRANT ST W,0,43.00466111,-87.91872222,0,12,6,0,2,2,0,1,1,1,0,1,0,0000000,99,99,99,99,99,99,0,0,0,1,0
55,550108,1,1,0,1,1,1,1,113,0,17,4,2013,4,2,30,0,5,4,CR-ROUND LAKE SCHOOL RD,,0,45.97186667,-91.35783611,0,8,0,0,1,1,0,1,2,10,0,10,0,0000000,2,38,2,47,3,12,0,0,0,1,0
55,550109,1,1,0,0,0,2,2,79,3100,14,4,2013,1,17,55,1,13,3,SR-57/CAPITOL DR W,,0,43.08927778,-87.92511944,0,42,0,0,1,1,0,4,1,10,0,10,0,0000000,18,0,18,1,88,88,0,0,0,2,0
55,550110,1,1,0,0,0,2,2,75,0,20,4,2013,7,99,99,0,4,4,CR-W,,0,45.23207778,-88.02997778,0,1,0,0,1,1,0,4,2,10,0,10,0,0000000,5,45,5,50,88,88,0,0,0,1,0
55,550111,1,1,0,0,0,1,1,73,0,15,4,2013,2,17,50,1,2,2,US-51,,0,45.03749722,-89.66512778,0,1,0,0,1,1,0,3,1,1,0,1,0,0000000,17,54,18,2,99,99,0,0,0,1,0
55,550112,1,1,0,0,0,1,1,135,0,24,4,2013,4,14,32,1,2,2,US-45,,0,44.53203333,-88.74711667,0,33,0,0,1,1,0,3,1,1,0,1,0,0000000,14,36,14,46,88,88,0,0,0,1,0
55,550113,2,1,1,0,0,1,1,39,0,27,4,2013,7,23,55,0,4,4,CR-WH,CR-W,0,43.8335,-88.27646667,0,59,0,0,3,4,0,4,2,1,0,1,0,0000000,23,56,0,5,88,88,0,0,0,1,1
55,550114,2,2,0,0,0,6,6,105,440,28,4,2013,1,17,41,0,16,6,COPELAND AVE,YATES AVE,0,42.51791389,-89.01800278,0,12,6,0,2,2,0,1,1,10,0,10,0,0000000,17,42,17,46,99,99,0,0,0,1,0
55,550115,1,1,0,0,0,1,1,29,0,27,4,2013,7,4,34,0,4,4,CR-B,,0,44.90378056,-87.40349167,0,1,0,0,1,1,0,1,3,10,0,10,0,0000000,4,34,4,45,88,88,0,0,0,1,1
55,550116,1,1,0,1,1,2,2,59,0,30,4,2013,3,21,25,1,2,3,SR-50,,0,42.56830833,-88.05163056,0,8,0,0,1,1,0,1,2,1,0,1,0,0000000,21,26,99,99,99,99,0,0,0,1,1
55,550117,2,2,0,0,0,5,5,87,0,28,4,2013,1,16,42,0,13,3,SR-96,CR-CB,0,44.27320278,-88.50659444,0,12,6,0,2,2,0,1,1,1,0,1,0,0000000,16,43,16,53,99,99,0,0,0,1,0
55,550118,2,2,0,0,0,3,3,55,0,18,4,2013,5,9,20,1,11,1,I-94,,2585,43.10114722,-88.93073889,0,12,6,0,1,1,0,1,1,2,0,2,0,0000000,9,24,9,35,10,53,0,0,0,1,0
55,550119,1,1,0,0,0,2,2,35,0,19,4,2013,6,15,30,0,6,4,CR-N,,0,44.77136111,-91.10489722,0,30,0,0,1,1,0,4,1,1,0,1,0,0000000,15,32,16,10,99,99,0,0,0,1,1
55,550120,1,1,0,0,0,3,3,109,0,22,4,2013,2,18,45,1,1,1,I-94,,310,44.93113056,-92.14802222,0,24,0,0,1,1,0,3,1,4,0,4,0,0000000,99,99,99,99,99,99,0,0,0,2,0
55,550121,2,2,0,0,0,2,2,33,0,2,5,2013,5,0,52,1,1,1,I-94,,350,44.91756111,-92.07338611,0,51,0,0,1,1,0,1,2,4,0,4,0,0000000,99,99,99,99,88,88,0,0,0,1,0
55,550122,2,2,0,0,0,2,2,59,0,1,5,2013,4,19,45,0,14,2,US-45/BRISTOL RD,,0,42.53024444,-88.04946111,0,12,2,0,1,1,0,1,1,1,0,1,0,0000000,19,46,19,53,99,99,0,0,0,1,1
55,550123,2,2,0,0,0,2,2,79,3100,4,5,2013,7,13,0,0,14,6,HOPKINS ST S,37TH ST N,0,43.10199167,-87.95885556,0,12,6,0,2,3,0,1,1,1,0,1,0,0000000,99,99,99,99,13,38,0,0,0,1,0
55,550124,1,1,0,0,0,1,1,59,3795,5,5,2013,1,17,12,1,13,3,SR-50 / 75TH ST,,0,42.56618889,-87.86818611,0,59,0,0,1,1,0,3,1,1,0,1,0,0000000,17,14,17,19,17,52,0,0,0,1,0