STATE,ST_CASE,VE_TOTAL,VE_FORMS,PVH_INVL,PEDS,PERNOTMVIT,PERMVIT,PERSONS,COUNTY,CITY,DAY,MONTH,YEAR,DAY_WEEK,HOUR,MINUTE,NHS,ROAD_FNC,ROUTE,TWAY_ID,TWAY_ID2,MILEPT,LATITUDE,LONGITUD,SP_JUR,HARM_EV,MAN_COLL,RELJCT1,RELJCT2,TYP_INT,WRK_ZONE,REL_ROAD,LGT_COND,WEATHER1,WEATHER2,WEATHER,SCH_BUS,RAIL,NOT_HOUR,NOT_MIN,ARR_HOUR,ARR_MIN,HOSP_HR,HOSP_MN,CF1,CF2,CF3,FATALS,DRUNK_DR
55,550125,1,1,0,0,0,1,1,133,760,6,5,2013,2,7,2,0,16,6,CUSTER AVE W,,0,43.11503056,-88.07038333,0,59,0,0,1,1,0,4,1,1,0,1,0,0000000,7,2,99,99,99,99,0,0,0,1,0
55,550126,2,2,0,0,0,2,2,25,0,8,5,2013,4,16,51,0,13,3,SR-113,SR-19 RAMP,0,43.19058333,-89.41249722,0,12,6,1,5,1,0,1,1,1,0,1,0,0000000,17,3,17,11,99,99,0,0,0,1,1
55,550127,2,2,0,0,0,2,2,87,0,8,5,2013,4,13,18,0,13,4,CR-CE / COLLEGE AVE,,0,44.25830833,-88.35411111,0,12,1,0,1,1,2,1,1,1,0,1,0,0000000,13,19,13,25,99,99,0,0,0,1,0
55,550128,2,2,0,0,0,2,2,133,9997,14,5,2013,3,9,59,0,12,3,SR-16,WISCONSIN AVE E,0,43.07838056,-88.25144722,0,12,1,1,18,1,0,1,1,1,0,1,0,0000000,9,59,10,3,99,99,19,0,0,1,0
55,550129,1,1,0,0,0,1,1,103,0,12,5,2013,1,6,47,0,6,5,HOOSIER CREEK RD,,0,43.24146667,-90.46165,0,35,0,0,1,1,0,4,2,1,0,1,0,0000000,6,47,99,97,99,97,0,0,0,1,0
55,550130,2,2,0,0,0,3,3,109,0,13,5,2013,2,14,10,1,2,3,SR-35/64 MAIN ST,,0,45.06560556,-92.79166944,0,12,6,0,8,1,0,1,1,1,0,1,0,0000000,14,14,14,45,99,99,0,0,0,1,0
55,550131,1,1,0,2,2,1,1,133,3352,18,5,2013,7,16,30,0,14,5,SUNNY SLOPE RD,,0,43.01015278,-88.08771944,0,9,0,0,1,1,0,1,1,1,0,1,0,0000000,99,99,99,99,99,99,15,0,0,1,0
55,550132,1,1,0,0,0,2,2,115,620,20,5,2013,2,12,3,0,6,5,1ST ST,,0,44.74425,-88.44771944,0,42,0,0,1,1,0,5,1,1,0,1,0,0000000,12,5,12,17,99,99,0,0,0,1,0
55,550133,2,2,0,0,0,2,2,125,0,14,5,2013,3,13,8,1,2,2,US-51,CR-H,0,46.06641667,-89.75528889,0,12,6,0,2,2,0,1,1,1,0,1,0,0000000,13,8,13,22,99,99,0,0,0,1,0
55,550134,1,1,0,0,0,1,1,45,0,17,5,2013,6,99,99,0,6,5,SKINNER HOLLOW RD,,0,42.66988056,-89.72605556,0,34,0,0,1,1,0,4,2,10,0,10,0,0000000,6,22,99,97,99,97,18,0,0,1,1
55,550135,2,2,0,0,0,3,3,25,0,19,5,2013,1,16,53,0,3,3,SR-73,CR-BB,0,43.08301667,-89.07548611,0,12,6,0,2,2,0,1,1,10,0,10,0,0000000,99,99,99,99,99,99,0,0,0,1,0
55,550136,1,1,0,0,0,2,2,93,1570,18,5,2013,7,23,6,0,2,2,US-10,,0,44.731375,-92.49496667,0,5,0,0,1,1,0,1,2,10,0,10,1,0000000,23,6,23,9,88,88,0,0,0,1,1
55,550137,1,1,0,0,0,1,1,41,0,19,5,2013,1,0,32,0,6,5,MILLAN RD,,0,45.66141111,-88.47711389,0,42,0,0,1,1,0,4,2,1,0,1,0,0000000,99,99,99,99,88,88,0,0,0,1,1
55,550138,1,1,0,0,0,1,1,19,0,23,5,2013,5,19,5,0,4,4,CR-O,,0,44.92607778,-90.65918056,0,1,0,0,1,1,1,1,1,1,0,1,0,0000000,9,15,9,27,88,88,0,0,0,1,1
55,550139,1,1,0,1,1,1,1,25,2780,24,5,2013,6,15,46,0,13,4,CR-MINERAL POINT RD,YELLOWSTONE DR S,0,43.060675,-89.49206111,0,9,0,0,2,2,0,1,1,1,0,1,0,0000000,15,46,15,51,99,99,0,0,0,1,0
55,550140,2,2,0,0,0,2,2,133,3352,17,5,2013,6,15,44,0,13,4,CR-O/MOORLAND RD,COFFEE RD,0,42.98091111,-88.10843889,0,12,6,0,2,2,0,1,1,1,0,1,0,0000000,15,44,15,49,16,16,0,0,0,1,0
55,550141,2,2,0,0,0,2,2,127,0,25,5,2013,7,6,32,0,3,3,SR-120,,0,42.63408333,-88.41240833,0,12,2,0,1,1,0,1,1,10,0,10,0,0000000,6,32,6,45,99,99,0,0,0,1,0
55,550142,2,2,0,0,0,3,3,121,0,30,5,2013,5,11,57,0,3,2,US-53,,0,44.18889444,-91.25397778,0,12,6,0,1,1,0,1,1,10,0,10,0,0000000,99,99,99,99,99,99,0,0,0,1,0
55,550143,1,1,0,0,0,1,1,21,0,26,5,2013,1,12,14,0,5,4,CR-EE,,0,43.60660556,-89.31546389,0,42,0,0,1,1,0,4,1,10,0,10,0,0000000,12,14,99,99,88,88,0,0,0,1,0
55,550144,1,1,0,0,0,2,2,73,0,26,5,2013,1,19,42,0,4,4,CR-Q,,0,44.90081944,-89.40796111,0,32,0,0,1,1,0,4,1,10,0,10,0,0000000,19,42,19,50,99,99,0,0,0,1,1
55,550145,1,1,0,0,0,1,1,85,0,27,5,2013,2,18,35,0,4,4,CR-G,,0,45.57092222,-89.34014444,0,34,0,0,1,1,0,4,1,10,1,10,0,0000000,18,35,18,46,88,88,0,0,0,1,1
55,550146,1,1,0,0,0,1,1,69,0,26,5,2013,1,13,55,1,2,2,US-51,,0,45.32154444,-89.68218333,0,1,0,0,1,1,0,1,1,1,0,1,0,0000000,13,56,14,8,99,99,0,0,0,1,0
55,550147,1,1,0,1,1,1,1,57,1590,31,5,2013,6,22,2,0,3,3,SR-80/82,,0,43.72773889,-90.26632222,0,8,0,0,1,1,0,1,2,10,0,10,0,0000000,22,4,22,13,22,29,0,0,0,1,0
55,550148,1,1,0,0,0,1,1,93,0,7,5,2013,3,99,99,0,5,4,CR-O,,0,44.67854444,-92.58958333,0,11,0,0,1,1,0,1,9,1,0,1,0,0000000,19,48,20,1,99,99,0,0,0,1,0
55,550149,2,2,0,0,0,3,3,63,0,22,5,2013,4,19,25,0,4,4,CR-B,,0,43.89029444,-91.00128889,0,12,2,0,1,1,0,1,5,2,0,2,0,0000000,19,28,19,39,99,99,0,0,0,1,0
55,550150,1,1,0,0,0,1,1,25,0,2,6,2013,1,21,20,0,4,3,SR-92,,0,42.88714722,-89.62195,0,35,0,0,1,1,0,4,2,1,0,1,0,0000000,21,22,21,32,88,88,0,0,0,1,1
55,550151,3,3,0,0,0,3,3,85,0,6,6,2013,5,14,2,1,2,2,US-51,,0,45.59962222,-89.69279167,0,12,6,0,1,1,0,1,1,10,0,10,0,0000000,14,4,14,9,88,88,14,0,0,1,0
55,550152,1,1,0,0,0,1,1,21,0,4,6,2013,3,10,0,0,5,4,CR-SS,,0,43.51238056,-89.22687222,0,34,0,0,1,1,0,4,1,10,0,10,0,0000000,10,14,10,26,88,88,0,0,0,1,0
55,550153,2,2,0,0,0,2,2,73,0,5,6,2013,4,6,58,0,2,3,SR-97,,0,44.85294444,-90.07905833,0,12,2,0,1,1,0,1,1,2,0,2,0,0000000,7,2,7,11,88,88,0,0,0,1,1
55,550154,4,4,0,0,0,7,7,27,0,6,6,2013,5,15,53,0,2,3,SR-33,,0,43.44271111,-88.50984722,0,12,6,0,1,1,0,1,1,10,0,10,0,0000000,15,55,16,5,16,59,0,0,0,2,1
55,550155,1,1,0,0,0,1,1,71,0,9,6,2013,1,99,99,0,6,5,JOHNSTON DR,,0,44.17215833,-87.64124167,0,1,0,0,1,1,0,5,9,99,0,99,0,0000000,9,30,9,40,88,88,18,0,0,1,1
55,550156,1,1,0,0,0,1,1,13,0,6,6,2013,5,16,7,0,6,5,ELBOW LAKE RD,,0,45.74268056,-92.49224444,0,42,0,0,1,1,0,5,1,10,0,10,0,0000000,16,16,16,22,88,88,0,0,0,1,0
55,550157,1,1,0,0,0,1,1,133,0,7,6,2013,6,16,14,0,12,3,SR-16 / SR 67 BYPASS,,0,43.151525,-88.526425,0,1,0,0,1,1,0,4,1,1,0,1,0,0000000,16,19,16,22,99,99,0,0,0,1,0
55,550158,1,1,0,0,0,1,1,127,0,8,6,2013,7,20,3,0,4,4,CR-M,,0,42.66543889,-88.71249167,0,53,0,0,1,1,0,4,1,10,0,10,0,0000000,20,6,20,19,88,88,0,0,0,1,1
55,550159,2,2,0,0,0,3,3,83,0,11,6,2013,3,12,59,0,6,5,K5JM99W,,0,44.85048333,-88.15321389,0,12,6,0,1,1,0,1,1,1,0,1,0,0000000,13,5,13,12,99,99,0,0,0,1,0
55,550160,2,2,0,0,0,3,3,97,0,9,6,2013,1,17,4,0,4,3,SR-161,,0,44.50396111,-89.31608333,0,12,2,0,1,1,0,1,1,10,0,10,0,0000000,17,4,17,12,99,99,0,0,0,1,0
55,550161,1,1,0,0,0,1,1,73,0,12,6,2013,4,6,30,0,4,4,CR-Z,,0,44.98886111,-89.49825556,0,11,0,0,1,1,0,1,1,10,0,10,0,0000000,6,36,99,99,99,99,0,0,0,1,0
55,550162,2,2,0,0,0,3,3,79,3475,13,6,2013,5,10,18,0,13,3,SR-241,PARKING LOT DRIVEWAY,0,42.922275,-87.94953889,0,12,6,0,4,1,0,1,1,10,0,10,0,0000000,99,99,99,99,99,99,0,0,0,1,0
55,550163,2,2,0,0,0,4,4,117,0,13,6,2013,5,14,15,0,3,3,SR-32,CR-A,0,43.623025,-87.82950833,0,12,6,0,2,2,0,1,1,10,0,10,0,0000000,14,19,14,26,99,99,0,0,0,1,0
55,550164,2,2,0,0,0,3,3,15,0,8,6,2013,7,10,45,1,2,2,US-10,STATE PARK RD,0,44.21407778,-88.30321111,0,12,6,0,2,2,0,1,1,1,0,1,0,0000000,99,99,99,99,99,99,0,0,0,1,0
55,550165,1,1,0,1,1,1,1,5,0,15,6,2013,7,4,31,1,2,2,US-8,,0,45.39439167,-91.77343056,0,8,0,0,1,1,0,1,2,10,0,10,0,0000000,4,33,4,39,99,99,0,0,0,1,0
55,550166,1,1,0,0,0,4,4,127,0,15,6,2013,7,7,44,0,6,5,COBBLESTONE RD,,0,42.52035,-88.55031667,0,31,0,0,1,1,0,4,1,2,10,2,0,0000000,7,46,7,56,99,99,0,0,0,1,1
55,550167,2,2,0,0,0,4,4,63,0,30,5,2013,5,13,11,1,13,2,US-14,CR-YY / SKEMP RD,0,43.75905278,-91.13035833,0,12,6,0,2,2,0,1,1,10,0,10,0,0000000,13,11,99,99,99,99,0,0,0,1,0
55,550168,3,3,0,0,0,5,5,87,0,15,5,2013,4,16,28,0,13,4,CR-CE,BUCHANAN RD,0,44.25632222,-88.3062,0,12,6,0,2,2,0,1,1,1,0,1,0,0000000,16,29,99,99,99,99,0,0,0,1,0
55,550169,1,1,0,0,0,1,1,59,2400,11,6,2013,3,2,6,1,13,3,SR-50 / ROOSEVELT RD,30TH AVE,0,42.57167778,-87.84542222,0,46,0,0,3,2,0,4,3,5,0,5,0,0000000,2,10,2,15,2,49,20,0,0,1,1
55,550170,2,2,0,0,0,4,4,87,0,15,6,2013,7,11,24,0,4,4,CR-A,,0,44.33613611,-88.45582778,0,12,1,0,1,1,0,1,1,1,0,1,0,0000000,11,38,11,49,99,99,0,0,0,1,0
55,550171,1,1,0,0,0,1,1,53,0,16,6,2013,1,9,43,0,4,4,CR-P,,0,44.37515556,-91.14329444,0,11,0,0,1,1,0,1,1,1,0,1,0,0000000,9,47,10,12,88,88,0,0,0,1,0
55,550172,1,1,0,0,0,1,1,89,3002,17,6,2013,2,20,51,1,11,1,I-43 NB,,865,43.23552778,-87.91977222,0,1,0,0,1,1,0,4,5,1,0,1,0,0000000,20,51,20,58,21,24,0,0,0,1,1
55,550173,1,1,0,0,0,1,1,133,0,15,6,2013,7,20,15,0,4,4,CR-CI,,0,42.92641944,-88.53016944,0,52,0,0,1,1,0,4,5,10,0,10,0,0000000,20,17,20,31,21,1,0,0,0,1,0
55,550174,1,1,0,0,0,2,2,53,0,15,6,2013,7,21,59,0,3,3,SR-95,SIMONSON RD,0,44.32923056,-91.13019722,0,59,0,0,3,3,0,4,2,1,0,1,0,0000000,21,59,22,23,99,99,0,0,0,1,1
55,550175,2,2,0,0,0,3,3,135,5080,14,6,2013,6,17,3,1,2,2,US-10,,0,44.32977222,-89.04208056,0,12,1,0,1,1,0,1,1,10,0,10,0,0000000,17,5,17,9,99,99,0,0,0,1,0
55,550176,1,1,0,0,0,2,2,49,0,16,6,2013,1,20,25,0,4,4,CR-XX,,0,42.9172,-90.39950833,0,1,0,0,1,1,0,1,1,1,0,1,0,0000000,20,30,20,43,21,7,0,0,0,1,0
55,550177,1,1,0,0,0,1,1,19,0,18,6,2013,3,9,9,0,6,5,CENTURY RD,HI LINE AVE / WILLOW AVE,0,44.78589722,-90.34208889,0,10,0,0,6,1,0,1,1,1,0,1,0,689939A,9,15,9,27,88,88,0,0,0,1,0
55,550178,2,2,0,0,0,2,2,45,0,20,6,2013,5,14,8,0,2,3,SR-69,,0,42.77466667,-89.62804444,0,12,2,0,1,1,0,1,1,1,0,1,0,0000000,14,9,99,99,88,88,0,0,0,2,0
55,550179,1,1,0,0,0,1,1,133,0,18,6,2013,3,22,29,0,14,4,CR-X,,0,42.93648889,-88.34329167,0,11,0,0,1,1,0,1,2,1,0,1,0,0000000,22,29,22,32,23,32,0,0,0,1,0
55,550180,1,1,0,0,0,1,1,109,0,18,6,2013,3,19,54,0,5,4,CR-G,,0,45.07678611,-92.29660556,0,11,0,0,1,1,0,1,1,10,0,10,0,0000000,19,56,20,11,99,99,0,0,0,1,0
55,550181,1,1,0,0,0,1,1,121,0,19,6,2013,4,17,34,0,4,3,SR-95,,0,44.25183333,-91.45614167,0,34,0,0,1,1,0,4,1,1,0,1,0,0000000,99,99,99,99,99,99,0,0,0,1,1
55,550182,2,2,0,0,0,2,2,25,2780,19,6,2013,4,20,40,0,14,4,CR-UNIVERSITY AVE,,0,43.08885833,-89.48481944,0,12,1,0,1,1,0,1,5,1,0,1,0,0000000,20,43,20,47,88,88,0,0,0,1,1
55,550183,2,2,0,0,0,2,2,59,2400,17,6,2013,2,12,26,0,14,5,39TH AVE,,0,42.58785,-87.85578056,0,12,6,0,8,1,0,1,1,1,0,1,0,0000000,12,26,12,32,99,99,0,0,0,1,0
55,550184,2,2,0,0,0,3,3,125,0,20,6,2013,5,12,15,1,2,2,US-45,,0,46.09155833,-89.23976667,0,12,6,0,1,1,0,1,1,10,0,10,0,0000000,12,17,12,35,13,5,0,0,0,1,1
55,550185,2,2,0,0,0,3,3,139,0,25,6,2013,3,22,40,1,12,2,US-41,,0,44.21173611,-88.47653056,0,12,1,1,18,1,0,1,2,1,0,1,0,0000000,99,99,99,99,99,99,19,0,0,1,0
55,550186,1,1,0,0,0,2,2,33,0,26,6,2013,4,6,53,1,2,3,SR-29,I-94,0,44.88613889,-91.72677222,0,33,0,1,5,1,0,4,4,5,0,5,0,0000000,6,55,7,7,99,99,0,0,0,1,1
55,550187,1,1,0,0,0,1,1,105,440,23,6,2013,1,21,53,0,13,3,SR-213,,0,42.5146,-89.03804722,0,1,0,0,1,1,0,1,3,1,0,1,0,0000000,21,53,21,57,88,88,0,0,0,1,1
55,550188,1,1,0,0,0,1,1,73,0,22,6,2013,7,2,30,0,4,4,CR-W,,0,45.04335833,-89.61231667,0,35,0,0,1,1,0,4,2,1,0,1,0,0000000,2,39,2,47,3,22,0,0,0,1,1
55,550189,1,1,0,0,0,1,1,125,0,29,6,2013,7,2,46,0,5,4,CR-THOROFARE RD,,0,45.92890833,-89.84408889,0,34,0,0,1,1,0,4,2,1,0,1,0,0000000,3,0,3,5,88,88,0,0,0,1,1
55,550190,1,1,0,0,0,1,1,65,0,25,6,2013,3,14,41,1,2,3,SR-11,,0,42.5648,-90.36075833,0,42,0,0,1,1,0,4,1,10,0,10,0,0000000,14,41,14,55,88,88,0,0,0,1,0
55,550191,1,1,0,0,0,4,4,1,0,24,6,2013,2,22,20,0,4,4,CR-CI,,0,42.92633889,-88.52506667,0,1,0,0,1,1,0,4,2,10,0,10,0,0000000,22,20,22,35,23,35,0,0,0,1,0
55,550192,1,1,0,0,0,2,2,61,2420,23,6,2013,1,8,33,0,6,5,HATHAWAY DR,,0,44.464375,-87.49725833,0,42,0,0,1,1,0,4,1,1,0,1,0,0000000,8,38,99,99,99,99,0,0,0,1,0
55,550193,1,1,0,0,0,1,1,99,0,24,6,2013,2,12,56,0,4,4,CR-E,,0,45.92413056,-90.50125833,0,34,0,0,1,1,0,4,1,1,0,1,0,0000000,12,58,13,10,13,20,0,0,0,1,0
55,550194,2,2,0,0,0,2,2,59,0,14,6,2013,6,19,42,0,4,4,CR-HM,,0,42.50942222,-88.22390833,0,12,1,0,1,1,0,1,1,1,0,1,0,0000000,19,42,19,51,20,34,2,0,0,1,0
55,550195,1,1,0,0,0,1,1,87,0,29,6,2013,7,18,46,0,6,5,STATE RD,,0,44.44740278,-88.47224444,0,34,0,0,1,1,0,4,1,1,0,1,0,0000000,18,48,18,57,99,99,0,0,0,1,1
55,550196,1,1,0,1,1,1,1,59,0,7,6,2013,6,3,8,1,11,1,I-94,,3416,42.60410278,-87.95241111,0,8,0,0,1,1,1,1,2,10,0,10,0,0000000,99,99,3,24,99,99,0,0,0,1,0
55,550197,2,2,0,0,0,3,3,101,0,1,6,2013,7,18,5,0,3,3,SR-20,,0,42.77017222,-88.30120833,0,12,8,0,1,1,0,1,1,10,0,10,0,0000000,18,7,18,20,18,50,0,0,0,1,1
55,550198,2,2,0,0,0,2,2,9,2211,17,6,2013,2,6,9,0,14,4,CR-VELP AVE,,0,44.56322778,-88.07429444,0,12,6,0,4,1,0,1,1,10,0,10,0,0000000,6,9,6,14,6,46,0,0,0,1,0
55,550199,2,2,0,0,0,3,3,85,4060,12,6,2013,4,12,26,1,13,2,US-8,SR-47,0,45.63103333,-89.43818333,0,12,6,0,2,2,0,1,1,1,0,1,0,0000000,12,30,12,34,13,3,0,0,0,1,0
55,550200,1,1,0,1,1,1,1,53,2170,17,5,2013,6,16,2,0,16,9,PARKING LOT AT 151 SR-95,,0,44.38500833,-91.00820833,0,8,0,0,1,1,0,5,1,2,0,2,0,0000000,16,7,99,97,99,97,0,0,0,1,0
55,550201,1,1,0,1,1,2,2,39,3206,24,5,2013,6,20,28,0,16,9,PARKING LOT AT 155 FOND DU LAC,,0,43.82605,-88.24968889,0,8,0,0,1,1,0,5,5,1,0,1,0,0000000,20,29,20,31,21,31,0,0,0,1,0
55,550202,1,1,0,1,1,1,1,17,0,1,6,2013,7,5,25,0,5,4,CR-G,,0,44.99057778,-90.98412778,0,9,0,0,1,1,0,1,4,10,0,10,0,0000000,8,47,9,7,88,88,0,0,0,1,1
55,550203,3,3,0,0,0,3,3,73,5110,24,6,2013,2,10,58,0,14,6,17TH ST S,SR-52,0,44.95993056,-89.65551667,0,12,1,0,3,2,0,1,1,1,0,1,0,0000000,11,1,11,5,11,37,0,0,0,1,0
55,550204,2,2,0,0,0,2,2,135,3390,13,6,2013,5,11,32,0,14,6,WOLF RIVER AVE W,WERNER ALLEN RD,0,44.39068611,-88.75169444,0,12,2,0,3,3,0,1,1,1,0,1,0,0000000,11,34,11,39,99,99,0,0,0,1,0
55,550205,2,2,0,0,0,5,5,79,3100,13,6,2013,5,11,47,0,14,6,TEUTONIA AVE N,CAMERON AVE W,0,43.10727222,-87.948025,0,12,6,0,2,2,0,1,1,10,0,10,0,0000000,11,49,11,52,12,29,0,0,0,1,0
55,550206,1,1,0,1,1,1,1,59,2400,7,6,2013,6,17,14,0,14,6,30TH AVE,,0,42.57827222,-87.84548611,0,8,0,0,6,1,0,1,1,1,0,1,0,176647K,17,15,17,18,18,10,0,0,0,1,0
55,550207,1,1,0,0,0,3,3,9,0,22,6,2013,7,15,5,0,6,5,ST PATS CHURCH RD,STAEVEN LN,0,44.29142778,-88.09125556,0,35,0,0,3,3,0,4,1,1,0,1,0,0000000,15,6,15,23,99,99,0,0,0,1,1
55,550208,1,1,0,1,1,1,1,115,0,28,6,2013,6,2,30,0,4,4,CR-M,,0,44.76862778,-88.63561111,0,8,0,0,1,1,0,1,2,1,0,1,0,0000000,88,88,88,88,88,88,0,0,0,1,0
55,550209,2,2,0,0,0,3,3,79,3100,30,6,2013,1,16,6,0,14,6,ATKINSON AVE W,NASH ST W,0,43.08439444,-87.92444444,0,1,0,0,2,2,0,1,1,1,0,1,0,0000000,99,99,99,99,88,88,0,0,0,1,0
55,550210,1,1,0,1,1,1,1,5,4870,28,6,2013,6,22,16,1,2,2,US-8,,0,45.39655833,-92.14956667,0,8,0,0,1,1,0,1,3,2,0,2,0,0000000,22,19,22,30,88,88,0,0,0,1,0
55,550211,4,4,0,0,0,6,6,73,0,1,7,2013,2,17,9,0,2,3,SR-97,,0,44.75196667,-90.07937778,0,12,1,0,8,1,0,1,1,1,0,1,0,0000000,17,9,99,99,99,99,0,0,0,1,0
55,550212,1,1,0,1,1,1,1,135,0,2,7,2013,3,16,5,0,14,4,CR-Q,,0,44.33030278,-89.15333333,0,8,0,0,1,1,0,1,1,1,0,1,0,0000000,16,10,16,13,16,47,0,0,0,1,1
55,550213,1,1,0,0,0,1,1,125,0,4,7,2013,5,18,52,0,5,4,CR-P,,0,46.22008611,-89.79891389,0,42,0,0,1,1,0,4,1,1,0,1,0,0000000,18,53,99,99,88,88,0,0,0,1,1
55,550214,2,2,0,0,0,2,2,73,4230,4,7,2013,5,20,32,0,13,2,US-51 BUS,I-39 RAMP,0,44.8614,-89.64271389,0,12,6,1,5,1,0,1,1,10,0,10,0,0000000,20,34,20,45,88,88,0,0,0,1,1
55,550215,1,1,0,0,0,1,1,139,3620,9,7,2013,3,11,56,0,16,6,HAVENWOOD DR,,0,44.02473056,-88.59915833,0,33,0,0,1,1,0,4,1,2,0,2,0,0000000,11,57,12,1,12,21,0,0,0,1,0
55,550216,1,1,0,0,0,2,2,33,0,3,7,2013,4,11,45,1,1,1,I-94,,365,44.91855278,-92.05909722,0,1,0,0,1,1,1,1,1,10,0,10,0,0000000,11,50,12,3,99,99,0,0,0,1,0
55,550217,1,1,0,0,0,5,5,39,0,10,7,2013,4,12,35,1,2,3,SR-26,,0,43.6923,-88.67432778,0,32,0,0,1,1,0,4,1,1,0,1,0,0000000,12,36,12,48,99,99,0,0,0,1,0
55,550218,1,1,0,1,1,1,1,141,2880,2,7,2013,3,16,8,1,13,3,SR-13  VETERANS PKWY E,8TH ST E,0,44.65549722,-90.15655278,0,9,0,0,2,2,0,1,1,1,0,1,0,0000000,16,8,16,11,16,27,0,0,0,1,0
55,550219,1,1,0,0,0,1,1,139,0,11,7,2013,5,99,99,0,6,5,BISON RD,,0,44.20878333,-88.68845833,0,38,0,0,1,1,0,4,2,1,0,1,0,0000000,88,88,88,88,88,88,18,0,0,1,1
55,550220,1,1,0,0,0,1,1,77,0,11,7,2013,5,9,34,1,1,1,I-39,,1117,43.840025,-89.48246389,0,42,0,0,1,1,0,4,1,1,0,1,0,0000000,9,35,9,48,88,88,0,0,0,1,0
55,550221,2,2,0,0,0,4,4,137,4010,3,7,2013,4,15,42,1,2,3,SR-21  BANNERMAN AVE W,,0,44.04406111,-89.10403056,0,12,1,0,1,1,0,1,1,1,0,1,0,0000000,99,99,99,99,99,99,0,0,0,1,0
55,550222,1,1,0,0,0,1,1,13,0,8,7,2013,2,5,35,0,6,5,ANGELINE AVE,,0,45.81748611,-92.19926111,3,34,0,0,1,1,0,4,4,5,0,5,0,0000000,5,52,6,4,88,88,0,0,0,1,1
55,550223,1,1,0,0,0,1,1,17,0,4,7,2013,5,10,36,0,3,3,SR-40,,0,45.07378056,-91.558575,0,1,0,0,1,1,0,5,1,1,0,1,0,0000000,10,39,10,44,10,59,0,0,0,1,0
55,550224,3,3,0,0,0,3,3,55,0,12,7,2013,6,17,3,0,4,4,CR-D,,0,42.93937222,-88.69724444,0,12,6,0,1,1,0,1,1,1,0,1,0,0000000,17,5,17,17,88,88,0,0,0,1,0
55,550225,2,2,0,0,0,4,4,105,0,14,7,2013,1,0,10,0,13,3,SR-26,,0,42.79751111,-88.93608333,0,12,2,0,1,1,0,1,2,1,0,1,0,0000000,0,13,0,17,99,99,0,0,0,1,0
55,550226,1,1,0,0,0,1,1,25,0,14,7,2013,1,4,29,1,11,1,I-39 RAMP,,1324,43.18067778,-89.3273,0,1,0,1,19,1,0,8,2,1,0,1,0,0000000,4,29,4,41,88,88,20,0,0,1,1
55,550227,2,2,0,0,0,2,2,71,0,14,7,2013,1,8,29,0,5,4,CR-K,HICKORY HILLS RD,0,44.22568056,-88.00469167,0,12,6,0,2,2,0,1,1,1,0,1,0,0000000,8,32,8,53,9,42,0,0,0,1,0
55,550228,2,2,0,0,0,3,3,109,0,14,7,2013,1,13,50,0,4,4,CR-T,I-94 RAMP,0,44.94171667,-92.43565833,0,12,6,0,5,1,0,1,1,10,0,10,0,0000000,13,54,14,5,88,88,0,0,0,1,0
55,550229,1,1,0,0,0,1,1,57,0,14,7,2013,1,5,52,0,5,4,CR-O,,0,43.73608333,-90.28184444,0,11,0,0,1,1,0,1,1,1,0,1,0,0000000,99,99,6,5,88,88,0,0,0,1,0
55,550230,2,2,0,0,0,3,3,17,0,17,7,2013,4,17,12,0,4,3,SR-178,,0,45.07941667,-91.25262222,0,12,6,0,8,1,0,1,1,1,0,1,0,0000000,17,16,17,30,88,88,0,0,0,1,1
55,550231,2,2,0,0,0,3,3,79,5220,17,7,2013,4,8,15,0,13,3,SR-59  NATIONAL AVE W,50TH ST S,0,43.01953333,-87.97601944,0,12,6,0,2,2,0,1,1,1,0,1,0,0000000,99,99,8,34,99,99,0,0,0,1,0
55,550232,1,1,0,1,1,1,1,79,1921,18,7,2013,5,23,0,0,14,4,CR-MILL RD W,,0,43.13378611,-87.94811111,0,9,0,0,1,1,0,1,2,1,0,1,0,0000000,23,0,99,99,99,99,1,0,0,1,1
55,550233,2,2,0,0,0,6,6,59,3795,16,7,2013,3,20,53,0,3,3,SR-165,120TH AVE,0,42.52361389,-87.94726944,0,12,6,0,2,2,0,1,5,1,0,1,0,0000000,20,54,20,59,99,99,0,0,0,1,0
55,550234,2,2,0,0,0,2,2,135,0,17,7,2013,4,6,17,0,3,3,SR-54,,0,44.41161944,-88.84548611,0,12,2,0,1,1,0,1,1,1,0,1,0,0000000,99,99,99,99,88,88,0,0,0,2,0
55,550235,1,1,0,0,0,1,1,67,0,21,7,2013,1,1,47,0,3,3,SR-64,,0,45.16820556,-88.89396389,0,1,0,0,1,1,0,4,2,1,0,1,0,0000000,99,99,99,98,88,88,0,0,0,1,1
55,550236,2,2,0,0,0,2,2,79,3100,17,7,2013,4,14,44,0,16,6,3RD ST S,VIRGINIA ST W,0,43.02629722,-87.91399444,0,12,6,0,2,2,0,1,1,1,0,1,0,0000000,14,44,99,99,99,99,0,0,0,1,0
55,550237,1,1,0,0,0,4,4,97,0,20,7,2013,7,2,14,0,6,5,GUMZ RD,,0,44.46751111,-89.72023333,0,42,0,0,1,1,0,4,2,1,0,1,0,0000000,2,16,2,23,99,99,0,0,0,2,1
55,550238,2,2,0,0,0,2,2,59,0,19,7,2013,6,15,7,0,4,4,CR-K  80TH ST,,0,42.58289444,-88.08940556,0,12,6,0,1,1,0,1,1,1,0,1,0,0000000,15,8,15,14,99,99,0,0,0,1,0
55,550239,1,1,0,0,0,2,2,25,0,8,7,2013,2,18,4,0,13,3,SR-19,,0,43.194625,-89.29765,0,35,0,0,1,1,0,4,1,1,0,1,0,0000000,99,99,99,99,99,99,0,0,0,2,0