STATE,ST_CASE,VE_TOTAL,VE_FORMS,PVH_INVL,PEDS,PERNOTMVIT,PERMVIT,PERSONS,COUNTY,CITY,DAY,MONTH,YEAR,DAY_WEEK,HOUR,MINUTE,NHS,ROAD_FNC,ROUTE,TWAY_ID,TWAY_ID2,MILEPT,LATITUDE,LONGITUD,SP_JUR,HARM_EV,MAN_COLL,RELJCT1,RELJCT2,TYP_INT,WRK_ZONE,REL_ROAD,LGT_COND,WEATHER1,WEATHER2,WEATHER,SCH_BUS,RAIL,NOT_HOUR,NOT_MIN,ARR_HOUR,ARR_MIN,HOSP_HR,HOSP_MN,CF1,CF2,CF3,FATALS,DRUNK_DR
55,550240,2,2,0,0,0,2,2,133,5060,21,7,2013,1,4,42,1,13,2,US-18,CLEVELAND AVE,0,43.023,-88.21441389,0,12,7,0,2,3,0,1,4,1,0,1,0,0000000,4,42,99,99,99,99,0,0,0,1,0
55,550241,2,2,0,0,0,3,3,25,0,23,7,2013,3,16,57,0,3,3,SR-73,CR-PQ,0,42.99963889,-89.07175,0,12,6,0,2,2,0,1,1,1,0,1,0,0000000,99,99,99,99,99,99,0,0,0,2,0
55,550242,2,2,0,0,0,3,3,5,0,22,7,2013,2,20,54,1,2,2,US-8,8TH ST,0,45.40951389,-91.99236389,0,12,6,0,2,2,0,1,1,1,0,1,0,0000000,20,54,21,5,99,99,0,0,0,1,1
55,550243,1,1,0,1,1,1,1,25,2780,24,7,2013,4,9,2,1,13,2,US-151  WASHINGTON ST E,FIRST ST S,0,43.09226944,-89.35934167,0,9,0,0,2,2,0,1,1,1,0,1,0,0000000,9,4,9,7,9,31,0,0,0,1,0
55,550244,1,1,0,0,0,1,1,17,0,26,7,2013,6,0,49,0,4,4,CR-D,,0,44.98471944,-91.04480556,0,32,0,0,1,1,0,4,2,2,0,2,0,0000000,1,18,1,20,88,88,0,0,0,1,1
55,550245,1,1,0,0,0,1,1,109,3400,19,7,2013,6,19,45,0,13,3,SR-65,,0,45.14072222,-92.53068889,0,1,0,0,1,1,0,4,1,1,0,1,0,0000000,19,47,19,52,99,99,0,0,0,1,0
55,550246,3,2,1,0,0,3,3,117,3810,13,7,2013,7,14,56,0,16,6,ELIZABETH ST,CAROLINE ST,0,43.74991667,-87.97947222,0,12,1,0,3,2,0,1,1,1,0,1,0,0000000,14,59,15,2,99,99,14,0,0,1,1
55,550247,1,1,0,0,0,3,3,105,0,17,7,2013,4,13,53,0,6,5,SUMMERVILE RD,,0,42.57622778,-88.79592222,0,1,0,0,1,1,0,4,1,1,0,1,0,0000000,13,53,99,99,99,99,0,0,0,1,0
55,550248,1,1,0,0,0,1,1,17,9997,15,7,2013,2,13,4,1,13,3,SR-124,,0,44.89256111,-91.41880278,0,1,0,1,18,1,0,1,1,1,0,1,0,0000000,13,4,13,10,13,39,0,0,0,1,0
55,550249,1,1,0,0,0,1,1,99,0,18,7,2013,5,22,30,0,5,5,SOLBERG LAKE RD E,,0,45.76805278,-90.35483889,0,30,0,0,1,1,0,4,2,1,0,1,0,0000000,22,31,22,50,88,88,0,0,0,1,1
55,550250,3,3,0,0,0,4,4,79,3100,13,7,2013,7,23,44,1,11,1,I-43 RAMP,SR-145,0,43.05046111,-87.92638889,0,12,6,1,5,1,0,1,2,1,0,1,0,0000000,99,99,99,99,88,88,0,0,0,1,0
55,550251,1,1,0,0,0,1,1,55,0,28,7,2013,1,99,99,0,6,5,CHRISTBERG RD,,0,43.05837778,-88.74773889,0,42,0,0,1,1,0,4,2,1,0,1,0,0000000,3,15,3,24,88,88,0,0,0,1,1
55,550252,2,2,0,0,0,2,2,17,0,28,7,2013,1,4,8,1,2,2,US-53,,0,45.10693056,-91.51393889,0,12,2,0,1,1,0,1,2,10,0,10,0,0000000,99,99,99,99,99,99,0,0,0,1,1
55,550253,2,2,0,0,0,2,2,19,0,29,7,2013,2,13,25,1,2,3,SR-29,CR-O,0,44.94494444,-90.65914722,0,12,6,0,2,2,0,1,1,1,0,1,0,0000000,13,25,13,36,99,99,0,0,0,1,0
55,550254,2,2,0,0,0,2,2,109,0,31,7,2013,4,6,25,0,4,4,CR-T,CR-G,0,45.07943333,-92.43671111,0,12,6,0,2,2,0,1,1,1,0,1,0,0000000,6,26,6,36,7,3,0,0,0,1,0
55,550255,1,1,0,1,1,1,1,117,0,31,7,2013,4,15,8,0,15,4,CR-A,,0,43.73175,-87.75897222,0,9,0,0,1,1,0,1,1,10,0,10,0,0000000,15,12,15,19,88,88,0,0,0,1,0
55,550256,1,1,0,0,0,1,1,25,0,11,7,2013,5,11,58,0,4,4,CR-K,,0,43.14686667,-89.43897778,0,1,0,0,1,1,0,1,1,1,0,1,0,0000000,11,59,99,99,99,99,0,0,0,1,0
55,550257,1,1,0,0,0,4,4,93,0,7,7,2013,1,8,31,0,3,2,US-10,,0,44.75798333,-92.69865556,0,53,0,0,1,1,0,4,1,1,0,1,0,0000000,8,34,99,99,99,99,0,0,0,1,0
55,550258,1,1,0,0,0,1,1,125,0,1,8,2013,5,1,11,0,6,5,POWELL RD,,0,46.10566944,-89.86895278,0,42,0,0,1,1,0,4,2,1,0,1,0,0000000,1,15,1,29,88,88,0,0,0,1,1
55,550259,3,3,0,0,0,3,3,81,4830,1,8,2013,5,15,10,0,13,2,US-12,CR-E,0,44.00104167,-90.50500278,0,12,6,0,2,2,0,1,1,1,0,1,0,0000000,15,12,15,18,99,99,0,0,0,1,0
55,550260,1,1,0,0,0,1,1,123,0,5,8,2013,2,12,19,0,2,3,SR-35,,0,43.62748889,-91.22128889,0,1,0,0,8,1,0,1,1,10,0,10,0,0000000,12,20,12,40,99,99,0,0,0,1,0
55,550261,1,1,0,0,0,2,2,51,0,18,6,2013,3,18,57,0,4,5,HARBOR DR,,0,46.56228056,-90.44234444,0,1,0,0,1,1,0,5,1,1,0,1,0,0000000,99,99,99,99,99,99,0,0,0,1,0
55,550262,1,1,0,0,0,1,1,87,0,20,7,2013,7,1,5,0,6,5,GREENWOOD RD,,0,44.36311389,-88.51656389,0,1,0,0,8,1,0,4,6,1,0,1,0,0000000,99,99,99,99,99,99,0,0,0,1,1
55,550263,1,1,0,0,0,1,1,129,0,24,5,2013,6,18,17,0,6,5,OSTROM RD,,0,46.09270278,-91.92392222,0,1,0,0,1,1,0,4,1,1,0,1,0,0000000,99,99,99,99,88,88,0,0,0,1,0
55,550264,1,1,0,0,0,1,1,75,3049,26,5,2013,1,18,2,0,6,5,BOAT LANDING RD,,0,45.26888889,-87.93091667,0,53,0,0,1,1,0,4,1,1,0,1,0,0000000,99,99,99,99,99,99,0,0,0,1,0
55,550265,3,3,0,0,0,3,3,79,5160,25,7,2013,5,19,54,0,14,6,BECHER PL W,,0,43.00814167,-87.993425,0,12,1,0,1,1,0,1,1,10,0,10,0,0000000,19,57,20,0,99,99,0,0,0,1,3
55,550266,7,7,0,0,0,12,12,105,0,11,7,2013,5,22,29,1,11,1,I-39,,1780,42.63389722,-88.98266389,0,12,1,1,18,1,0,1,2,1,0,1,0,0000000,22,29,22,43,23,14,14,19,0,1,0
55,550267,2,2,0,0,0,2,2,79,2015,22,7,2013,2,7,15,1,1,1,I-894,00000,34,42.97833611,-88.03923611,0,12,1,0,1,1,0,1,1,1,0,1,0,0000000,7,18,7,26,88,88,0,0,0,1,0
55,550268,1,1,0,2,2,1,1,75,0,7,8,2013,4,1,40,0,6,5,BAGLEY RD,,0,45.11488889,-87.74978333,0,8,0,0,1,1,0,1,2,2,0,2,0,0000000,1,42,1,52,2,18,0,0,0,1,0
55,550269,1,1,0,0,0,2,2,139,0,7,8,2013,4,2,30,0,4,4,CR-T,LARSEN RD,0,44.18458333,-88.60497222,0,31,0,0,3,3,0,4,2,2,0,2,0,0000000,99,98,99,98,88,88,0,0,0,2,1
55,550270,2,2,0,0,0,2,2,17,0,7,8,2013,4,9,7,0,3,3,SR-27,,0,45.083425,-91.14688611,0,12,2,0,1,1,0,1,1,10,0,10,0,0000000,9,7,9,24,99,99,0,0,0,1,0
55,550271,1,1,0,0,0,1,1,31,0,8,8,2013,5,3,47,0,6,5,WHITEFISH LAKE RD,,0,46.20456667,-91.88721389,0,53,0,0,1,1,0,4,2,1,0,1,0,0000000,3,49,4,10,99,99,0,0,0,1,0
55,550272,1,1,0,0,0,2,2,97,0,10,8,2013,7,3,16,1,1,1,I-39,,1388,44.27337778,-89.52357222,0,1,0,0,1,1,0,3,2,10,0,10,0,0000000,3,22,3,40,88,88,0,0,0,1,1
55,550273,2,2,0,0,0,3,3,61,0,10,8,2013,7,20,41,0,6,5,CHURCH RD,RENDEZVOUS RD,0,44.530725,-87.72403056,0,12,6,0,2,2,0,1,2,1,0,1,0,0000000,20,44,20,48,21,24,0,0,0,1,1
55,550274,2,2,0,0,0,5,5,45,0,10,8,2013,7,22,5,1,2,3,SR-81,,0,42.57859167,-89.37683056,0,12,2,0,1,1,0,1,2,1,0,1,0,0000000,22,12,22,20,23,14,0,0,0,1,1
55,550275,1,1,0,0,0,7,7,79,5160,3,8,2013,7,4,49,0,16,6,5TH ST WI STATE FAIR PARK,,0,43.0239,-88.01383333,0,5,0,0,1,1,0,1,3,1,0,1,0,0000000,4,42,4,45,5,28,0,0,0,1,0
55,550276,1,1,0,0,0,3,3,79,3100,10,8,2013,7,20,35,1,13,3,SR-190,MONTREAL ST N,0,43.08988611,-87.95777778,0,33,0,0,1,1,0,4,3,1,0,1,0,0000000,99,99,99,99,99,99,0,0,0,1,1
55,550277,1,1,0,0,0,1,1,39,0,13,8,2013,3,18,1,0,3,2,US-45,,0,43.88265833,-88.46399444,0,34,0,0,1,1,0,4,1,1,0,1,0,0000000,18,6,18,19,19,3,0,0,0,1,1
55,550278,1,1,0,0,0,1,1,103,0,15,8,2013,5,19,47,0,5,4,CR-I,PORT DR,0,43.48476111,-90.49043611,0,1,0,0,3,3,0,3,1,1,0,1,0,0000000,19,47,20,5,20,21,0,0,0,1,1
55,550279,1,1,0,1,1,1,1,79,3100,11,8,2013,1,20,40,0,16,6,FARWELL AVE N,IRVING PL E,0,43.05619722,-87.88918889,0,8,0,0,2,2,0,1,3,1,0,1,0,0000000,99,99,99,99,99,99,0,0,0,1,0
55,550280,2,2,0,0,0,6,6,25,0,15,8,2013,5,21,20,1,1,1,I-94,,2452,43.11041944,-89.18749444,0,12,1,0,1,1,0,1,2,10,0,10,0,0000000,99,99,99,99,88,88,0,0,0,1,1
55,550281,1,1,0,0,0,1,1,135,0,13,8,2013,3,17,15,0,3,3,SR-49,,0,44.40150556,-89.09541111,0,42,0,0,1,1,0,4,1,10,0,10,0,0000000,17,23,17,26,17,35,0,0,0,1,0
55,550282,1,1,0,0,0,1,1,133,0,14,8,2013,4,1,3,0,14,4,CR-C,,0,43.12675556,-88.40290556,0,1,0,0,1,1,0,4,3,1,0,1,0,0000000,1,3,1,14,88,88,20,0,0,1,1
55,550283,2,2,0,0,0,2,2,85,0,7,8,2013,4,20,20,0,4,4,CR-B,,0,45.49986389,-89.10293889,0,12,6,0,1,1,0,1,5,1,0,1,0,0000000,99,99,99,99,99,99,0,0,0,1,1
55,550284,2,2,0,0,0,2,2,39,0,14,8,2013,4,5,30,1,2,3,SR-23,,0,43.782675,-88.27718333,0,12,6,0,1,1,0,1,2,1,0,1,0,0000000,5,32,5,44,88,88,0,0,0,1,0
55,550285,1,1,0,0,0,2,2,85,0,6,8,2013,3,11,14,0,4,4,CR-Q,,0,45.51954167,-89.19651667,0,42,0,0,1,1,0,4,1,1,0,1,0,0000000,11,16,11,31,99,99,0,0,0,1,0
55,550286,2,2,0,0,0,4,4,27,0,14,8,2013,4,9,34,0,3,3,SR-16,,0,43.32919444,-88.85690833,0,12,8,0,1,1,0,1,1,1,0,1,0,0000000,9,40,10,3,99,99,0,0,0,1,0
55,550287,2,2,0,0,0,2,2,79,3100,13,8,2013,3,1,43,0,13,3,SR-241,HOWARD AVE W,0,42.97387778,-87.94829167,0,12,6,0,2,2,0,1,3,10,0,10,0,0000000,99,99,99,99,99,99,0,0,0,1,1
55,550289,1,1,0,1,1,1,1,25,2780,8,8,2013,5,15,25,1,13,6,WASHINGTON AVE E,HANCOCK ST,0,43.07740556,-89.38018333,0,8,0,0,2,2,0,1,1,1,0,1,0,0000000,15,26,15,33,99,99,0,0,0,1,0
55,550290,1,1,0,1,1,1,1,25,4660,19,8,2013,2,11,1,0,14,6,PAGE ST N,WILSON ST W,0,42.92324444,-89.22308333,0,8,0,0,2,2,0,1,1,1,0,1,0,0000000,11,6,11,10,11,21,0,0,0,1,0
55,550291,2,2,0,0,0,2,2,79,1220,13,8,2013,3,17,25,0,13,4,CR-COLLEGE AVE E,CR-ROBERT AVE S,0,42.92998333,-87.87251944,0,12,6,0,2,3,0,1,1,10,0,10,0,0000000,17,25,17,29,88,88,0,0,0,1,0
55,550292,1,1,0,0,0,1,1,79,3100,20,8,2013,3,8,30,1,11,1,I-43,,0,43.02029444,-87.91837778,0,18,0,1,19,1,4,4,1,1,0,1,0,0000000,8,31,8,38,88,88,0,0,0,1,0
55,550293,2,2,0,0,0,2,2,87,0,19,8,2013,2,8,31,0,4,3,SR-76,,0,44.37971389,-88.58423611,0,12,2,0,1,1,0,1,1,1,0,1,0,0000000,99,99,99,99,99,99,0,0,0,1,0
55,550294,1,1,0,0,0,1,1,79,1921,19,8,2013,2,18,52,0,13,9,HAMPTON AVE W,,0,43.10356389,-87.92103333,0,33,0,0,1,1,0,4,1,1,0,1,0,0000000,18,53,18,59,88,88,0,0,0,1,1
55,550295,2,2,0,0,0,2,2,59,0,18,8,2013,1,17,7,0,6,4,CR-A,100TH AVE,0,42.65502222,-87.93020556,0,12,6,0,2,2,0,1,1,1,0,1,0,0000000,17,11,17,19,17,43,0,0,0,1,0
55,550296,1,1,0,0,0,1,1,31,0,19,8,2013,2,23,99,0,3,3,SR-35,,0,46.61758611,-92.11794444,0,1,0,0,1,1,0,4,2,1,0,1,0,0000000,88,88,88,88,88,88,0,0,0,1,1
55,550297,2,2,0,0,0,3,3,17,1470,16,8,2013,6,2,25,0,13,6,HASTINGS WAY,MELBY ST,0,44.86458611,-91.45454722,0,12,6,0,2,2,0,1,3,1,0,1,0,0000000,99,99,99,99,99,99,0,0,0,1,0
55,550298,1,1,0,0,0,1,1,59,0,22,8,2013,5,11,23,0,5,4,CR-EA,CR-S,0,42.60982778,-87.89522778,0,53,0,0,1,1,0,4,1,2,0,2,0,0000000,11,23,11,29,11,52,0,0,0,1,0
55,550299,2,2,0,0,0,2,2,9,2173,23,8,2013,6,12,16,0,4,4,CR-EE / ORLANDO DR,CR-U,0,44.444175,-88.19043889,0,12,6,0,2,2,0,1,1,1,0,1,0,0000000,12,20,12,33,99,99,0,0,0,1,0
55,550300,2,2,0,0,0,2,2,29,1620,23,8,2013,6,15,54,0,3,3,SR-42,,0,45.15279444,-87.17006667,0,12,2,0,1,1,0,1,1,1,0,1,0,0000000,15,54,16,1,99,99,0,0,0,1,0
55,550301,1,1,0,0,0,1,1,41,0,24,8,2013,7,6,4,0,5,4,CR-DOUBLE BEND RD,,0,45.72354444,-88.80441944,0,42,0,0,1,1,0,4,2,1,0,1,0,0000000,6,10,99,99,88,88,0,0,0,1,1
55,550302,2,2,0,0,0,2,2,63,0,23,8,2013,6,14,25,0,14,3,SR-35,,0,43.94703333,-91.258425,0,12,6,0,1,1,0,1,1,1,0,1,0,0000000,99,99,99,99,99,99,0,0,0,1,0
55,550303,2,2,0,0,0,3,3,101,4170,13,6,2013,5,18,8,1,13,3,SR-36,CR-J,0,42.73580556,-88.21786944,0,12,6,0,2,2,0,1,1,1,0,1,0,0000000,18,9,18,13,19,3,0,0,0,1,0
55,550304,1,1,0,0,0,1,1,85,0,16,8,2013,6,14,22,0,5,5,MILITARY RD,,0,45.85167222,-89.05264167,0,42,0,0,1,1,0,4,1,1,0,1,0,0000000,14,25,99,99,88,88,0,0,0,1,1
55,550305,2,2,0,0,0,4,4,141,0,18,8,2013,1,13,31,0,4,4,CR-H,CR-S,0,44.65627778,-89.86569722,0,12,6,0,2,2,0,1,1,1,0,1,0,0000000,13,32,13,48,14,19,0,0,0,1,0
55,550306,1,1,0,0,0,1,1,13,0,25,8,2013,1,2,30,0,3,3,SR-77,,0,46.01249722,-92.45416944,0,1,0,0,1,1,0,4,2,1,0,1,0,0000000,88,88,88,88,88,88,0,0,0,1,0
55,550307,3,3,0,0,0,3,3,55,0,24,8,2013,7,12,36,0,4,4,CR-O,,0,43.05706111,-89.01118611,0,12,6,0,1,1,0,1,1,1,0,1,0,0000000,12,36,12,48,99,99,0,0,0,1,1
55,550308,2,2,0,0,0,2,2,55,0,24,8,2013,7,16,35,0,5,4,CR-Y,,0,42.98762778,-88.77734167,0,12,6,0,1,1,0,1,1,1,0,1,0,0000000,16,37,16,46,17,13,0,0,0,1,0
55,550309,1,1,0,1,1,1,1,87,0,24,8,2013,7,17,48,0,4,4,CR-VV,,0,44.57023889,-88.24294444,0,9,0,0,1,1,0,1,1,1,0,1,0,0000000,17,52,99,99,88,88,0,0,0,1,0
55,550310,1,1,0,0,0,1,1,109,3450,25,8,2013,1,11,10,0,16,6,LEMON ST N,,0,44.9936,-92.75175556,0,42,0,0,1,1,0,4,1,10,0,10,0,0000000,11,13,99,97,99,97,0,0,0,1,0
55,550311,1,1,0,0,0,2,2,57,0,17,8,2013,7,22,50,0,4,4,CR-FF,,0,43.65375,-90.23152778,0,34,0,0,1,1,0,4,2,1,0,1,0,0000000,14,39,14,42,88,88,0,0,0,1,1
55,550312,2,2,0,0,0,3,3,43,0,28,8,2013,4,20,11,0,6,5,STAGE RD,BRITISH HOLLOW RD,0,42.70801667,-90.70161944,0,12,2,0,2,3,0,1,2,1,0,1,0,0000000,20,12,20,14,20,40,0,0,0,2,1
55,550313,2,2,0,0,0,2,2,27,0,29,8,2013,5,11,55,0,6,5,DAIRY RD,,0,43.59486944,-88.54144167,0,12,6,0,1,1,0,1,1,10,0,10,0,0000000,11,57,12,16,88,88,0,0,0,1,0
55,550314,1,1,0,0,0,1,1,133,3265,29,8,2013,5,18,22,0,13,4,CR-Y / RACINE AVE,I-43,0,42.93251389,-88.15909722,0,33,0,1,19,1,0,4,1,1,0,1,0,0000000,18,22,18,30,99,99,0,0,0,1,1
55,550315,2,2,0,0,0,4,4,49,0,18,8,2013,1,14,12,1,2,2,US-151,CR-YD,0,42.90595556,-90.14132778,0,12,6,0,7,1,0,1,1,1,0,1,0,0000000,14,14,99,99,99,99,0,0,0,1,2
55,550316,2,2,0,0,0,2,2,115,0,22,8,2013,5,14,23,1,2,3,SR-29,CR-J,0,44.80361667,-89.01978889,0,12,6,0,2,2,0,1,1,1,0,1,0,0000000,99,99,99,99,99,99,0,0,0,1,0
55,550317,1,1,0,0,0,1,1,49,0,22,8,2013,5,22,55,0,3,3,SR-23,,0,42.8498,-90.16021667,0,34,0,0,1,1,0,4,2,1,0,1,0,0000000,22,59,23,2,23,23,0,0,0,1,1
55,550318,2,2,0,0,0,5,5,141,0,30,8,2013,6,8,57,0,5,4,CR-N,CR-B,0,44.555425,-90.21834444,0,12,6,0,2,2,0,1,1,10,0,10,0,0000000,8,59,9,10,9,53,0,0,0,1,0
55,550319,1,1,0,0,0,1,1,133,2080,22,8,2013,5,7,40,0,16,6,WALNUT RIDGE DR,,0,43.08432222,-88.35503611,0,1,0,0,1,1,0,1,1,10,0,10,0,0000000,7,40,7,45,88,88,0,0,0,1,0
55,550320,2,2,0,0,0,2,2,19,0,28,8,2013,4,11,0,0,3,3,SR-73,,0,44.86727778,-90.59825833,0,12,1,0,1,1,1,1,1,1,0,1,0,0000000,11,3,11,22,88,88,0,0,0,1,0
55,550321,6,6,0,0,0,10,10,9,2211,30,8,2013,6,23,31,1,12,2,US-41,,0,44.53856667,-88.07697222,0,25,0,1,19,1,4,3,2,1,0,1,0,0000000,23,31,23,37,88,88,14,0,0,1,1
55,550322,1,1,0,0,0,1,1,117,0,28,8,2013,4,15,58,0,4,4,CR-P,,0,43.786675,-88.03121389,0,34,0,0,1,1,0,4,1,1,0,1,0,0000000,16,1,16,7,99,99,0,0,0,1,0
55,550323,1,1,0,0,0,4,4,135,0,31,8,2013,7,19,29,0,6,5,CUT OFF RD,,0,44.32993333,-88.81545833,0,72,0,0,1,1,0,4,5,1,0,1,0,0000000,19,31,19,43,88,88,0,0,0,1,1
55,550324,2,2,0,0,0,5,5,49,0,29,8,2013,5,16,22,0,5,4,CR-Z,SECTION LINE RD,0,42.95974167,-90.09314444,0,12,6,0,2,2,0,1,1,1,0,1,0,0000000,16,24,16,29,16,52,0,0,0,1,0
55,550325,2,2,0,0,0,3,3,19,0,31,8,2013,7,11,30,0,6,5,BROEK RD,TIEMAN AVE,0,44.90072222,-90.82073056,0,12,6,0,2,2,0,1,1,1,0,1,0,0000000,11,37,11,46,12,28,0,0,0,1,0
55,550326,1,1,0,0,0,1,1,51,0,31,8,2013,7,11,59,1,2,2,US-2,,0,46.47885278,-90.22379722,0,1,0,0,1,1,0,4,1,1,0,1,0,0000000,99,99,99,99,88,88,0,0,0,1,0
55,550327,1,1,0,0,0,1,1,123,0,7,9,2013,7,15,28,1,2,2,US-14,MOORE RD,0,43.44375556,-90.701175,0,31,0,0,3,3,0,4,1,1,0,1,0,0000000,15,31,16,4,16,31,0,0,0,1,0
55,550328,2,2,0,0,0,5,5,133,3265,8,9,2013,1,12,28,0,12,3,SR-16,,0,43.10128056,-88.40513889,0,12,2,1,18,1,0,1,1,10,0,10,0,0000000,12,28,12,35,99,99,0,0,0,2,1
55,550329,1,1,0,0,0,1,1,25,0,8,9,2013,1,21,15,1,2,2,US-12,,0,43.18898889,-89.55746944,0,35,0,0,1,1,0,3,2,10,0,10,0,0000000,99,99,99,99,88,88,0,0,0,1,1
55,550330,2,2,0,0,0,4,4,67,0,8,9,2013,1,11,13,0,4,3,SR-52,CR-B,0,45.21861111,-89.00862222,0,12,6,0,2,2,0,1,1,1,0,1,0,0000000,11,15,11,25,88,88,0,0,0,1,0
55,550331,1,1,0,0,0,1,1,53,0,10,9,2013,3,17,15,0,6,5,OAK RIDGE RD E,,0,44.23081667,-90.83351944,0,1,0,0,1,1,0,1,1,10,0,10,0,0000000,17,18,17,28,17,49,0,0,0,1,0
55,550332,1,1,0,0,0,1,1,97,0,11,9,2013,4,17,25,1,11,1,I-39,,1519,44.43031667,-89.51845556,0,34,0,1,19,1,0,4,1,10,0,10,0,0000000,17,25,17,32,99,99,0,0,0,1,0
55,550333,1,1,0,0,0,1,1,65,0,12,9,2013,5,23,0,0,3,4,CR-F,FURNACE HILL RD,0,42.71733056,-90.09518889,0,1,0,0,1,1,0,4,2,1,0,1,0,0000000,0,38,0,47,88,88,0,0,0,1,1
55,550334,1,1,0,0,0,1,1,71,4890,17,9,2013,3,13,8,0,16,6,13TH ST,COLUMBUS ST,0,44.14527222,-87.59015833,0,42,0,0,3,3,0,5,1,10,0,10,0,0000000,13,12,13,17,88,88,0,0,0,1,1
55,550335,2,2,0,0,0,6,6,97,0,15,9,2013,1,10,22,0,6,5,BUELOW RD,,0,44.36686389,-89.26267778,0,12,1,0,1,1,0,1,1,10,0,10,0,0000000,10,22,10,38,99,99,0,0,0,1,1
55,550336,4,4,0,0,0,5,5,131,0,16,9,2013,2,8,15,1,2,3,SR-33,,0,43.42753611,-88.30374167,0,12,1,0,1,1,1,1,1,1,0,1,0,0000000,8,15,8,28,8,58,3,0,0,1,0
55,550337,1,1,0,0,0,1,1,127,0,1,9,2013,1,5,42,0,3,3,SR-20,,0,42.79579722,-88.533175,0,24,0,0,1,1,0,4,2,5,0,5,0,0000000,5,52,6,4,88,88,18,0,0,1,1
55,550338,2,2,0,0,0,4,4,69,0,17,9,2013,3,16,29,0,4,4,CR-W,CENTER RD,0,45.16325278,-89.64130833,0,12,6,0,3,2,0,1,1,1,0,1,0,0000000,99,99,99,99,99,99,20,0,0,1,0
55,550339,2,2,0,0,0,3,3,83,0,1,9,2013,1,11,55,0,4,4,CR-W,,0,45.26028333,-88.32724722,0,12,2,0,1,1,0,1,1,10,0,10,0,0000000,99,99,99,99,99,96,0,0,0,1,0
55,550340,2,2,0,0,0,5,5,111,0,1,9,2013,1,20,58,0,15,6,GALL RD,OLD LAKE RD,0,43.44555278,-89.72885556,0,12,1,0,2,2,0,1,3,1,0,1,0,0000000,99,99,99,99,99,99,0,0,0,1,1
55,550341,2,2,0,0,0,2,2,85,0,13,9,2013,6,21,42,0,4,4,CR-L,PRAIRIE RAPIDS RD,0,45.58536667,-89.71957222,0,12,6,0,2,2,0,1,3,1,0,1,0,0000000,21,43,21,43,99,99,0,0,0,1,1
55,550342,1,1,0,1,1,1,1,87,2630,17,9,2013,3,7,1,0,13,4,CR-OO,CR-N,0,44.28655278,-88.31323333,0,8,0,0,2,2,0,1,1,1,0,1,0,0000000,7,4,7,9,7,33,0,0,0,1,0
55,550343,2,2,0,0,0,3,3,73,0,1,9,2013,1,23,43,0,5,4,CR-P,CR-S,0,44.85828056,-89.885975,0,12,2,0,2,2,0,1,2,1,0,1,0,0000000,23,44,0,3,88,88,0,0,0,1,1
55,550344,1,1,0,0,0,1,1,111,0,2,9,2013,2,15,28,0,3,3,SR-33,,0,43.49285556,-89.63381944,0,34,0,0,1,1,0,4,1,1,0,1,0,0000000,99,99,99,99,88,88,0,0,0,1,1
55,550345,1,1,0,0,0,1,1,103,0,3,9,2013,3,12,25,0,4,4,CR-O,,0,43.29120833,-90.33215833,0,34,0,0,1,1,0,4,1,1,0,1,0,0000000,12,25,12,36,88,88,0,0,0,1,0
55,550346,2,2,0,0,0,2,2,137,0,5,9,2013,5,13,35,0,3,3,SR-22,CZECH CT,0,43.99333889,-89.32760278,0,12,6,0,2,2,0,1,1,1,0,1,0,0000000,13,38,13,43,88,88,0,0,0,1,0
55,550347,2,2,0,0,0,2,2,87,0,6,9,2013,6,8,48,0,14,4,CR-A/LYNNDALE DR,,0,44.31991667,-88.44628056,0,12,2,0,1,1,0,1,1,1,0,1,0,0000000,8,49,8,55,88,88,0,0,0,1,0
55,550348,1,1,0,0,0,1,1,133,0,6,9,2013,6,18,16,0,13,4,CR-XX/OAKDALE DR,,0,42.94327778,-88.257825,0,34,0,0,1,1,0,4,1,10,0,10,0,0000000,18,16,99,99,88,88,0,0,0,1,1
55,550349,1,1,0,0,0,1,1,57,0,7,9,2013,7,9,26,0,4,4,CR-HH,,0,43.83230278,-89.93953333,0,34,0,0,1,1,0,4,1,1,0,1,0,0000000,9,30,9,44,88,88,18,0,0,1,1
55,550350,1,1,0,0,0,2,2,51,3190,14,9,2013,7,0,8,0,14,3,SR-77/WISCONSIN AVE,,0,46.42881944,-90.23703333,0,1,0,0,1,1,0,4,3,10,0,10,0,0000000,0,10,99,99,99,99,0,0,0,1,1
55,550351,1,1,0,0,0,1,1,69,0,18,9,2013,4,15,9,0,4,4,CR-D,,0,45.46950556,-89.63106944,0,1,0,0,1,1,0,4,1,1,0,1,0,0000000,15,9,15,17,88,88,0,0,0,1,1
55,550352,2,2,0,0,0,2,2,133,5060,13,9,2013,6,9,53,0,13,6,GRANDVIEW BLVD N,SUNKIST AVE,0,43.02995278,-88.25590833,0,12,6,0,2,3,0,1,1,1,0,1,0,0000000,9,53,99,99,99,99,0,0,0,1,0
55,550353,2,2,0,0,0,2,2,129,0,20,9,2013,6,11,4,0,4,4,CR-A,,0,45.84378333,-91.95681389,0,12,2,0,1,1,0,1,1,10,0,10,0,0000000,11,12,11,18,11,41,0,0,0,1,0
55,550354,2,2,0,0,0,5,5,87,0,20,9,2013,6,18,57,0,2,3,SR-47,CR-A,0,44.41689722,-88.454425,0,12,2,0,2,4,0,1,5,1,0,1,0,0000000,18,59,19,8,99,99,0,0,0,1,0