STATE,ST_CASE,VE_TOTAL,VE_FORMS,PVH_INVL,PEDS,PERNOTMVIT,PERMVIT,PERSONS,COUNTY,CITY,DAY,MONTH,YEAR,DAY_WEEK,HOUR,MINUTE,NHS,ROAD_FNC,ROUTE,TWAY_ID,TWAY_ID2,MILEPT,LATITUDE,LONGITUD,SP_JUR,HARM_EV,MAN_COLL,RELJCT1,RELJCT2,TYP_INT,WRK_ZONE,REL_ROAD,LGT_COND,WEATHER1,WEATHER2,WEATHER,SCH_BUS,RAIL,NOT_HOUR,NOT_MIN,ARR_HOUR,ARR_MIN,HOSP_HR,HOSP_MN,CF1,CF2,CF3,FATALS,DRUNK_DR
55,550355,1,1,0,0,0,2,2,55,0,21,9,2013,7,23,24,0,16,6,EAST GATE RD,,0,43.17409444,-88.67899167,0,30,0,0,1,1,0,4,2,1,0,1,0,0000000,99,99,99,99,99,99,0,0,0,1,1
55,550356,1,1,0,0,0,3,3,35,110,19,9,2013,5,7,33,1,12,2,US-53,,0,44.82087222,-91.45403333,0,1,0,1,19,1,0,3,1,10,0,10,0,0000000,99,99,99,99,99,99,0,0,0,1,0
55,550357,2,1,1,1,1,1,1,25,0,21,9,2013,7,6,57,1,12,3,SR-30,,0,43.10651111,-89.33060278,0,8,0,0,1,1,0,1,4,1,0,1,0,0000000,6,57,7,6,88,88,23,0,0,1,0
55,550358,2,2,0,0,0,3,3,23,0,18,9,2013,4,20,40,1,2,2,US-61,CR-X,0,43.35628056,-90.74005833,0,12,6,0,2,2,0,1,2,1,0,1,0,0000000,20,50,99,99,99,99,0,0,0,1,0
55,550359,2,2,0,0,0,3,3,33,3000,22,9,2013,1,14,29,0,13,2,US-12,,0,44.89935278,-91.93213889,0,1,0,0,8,1,0,1,1,1,0,1,0,0000000,14,31,14,34,88,88,0,0,0,1,0
55,550361,1,1,0,0,0,1,1,133,3352,25,9,2013,4,22,51,0,15,6,JOHNSON RD,LINCOLN AVE,0,43.00287222,-88.16680278,0,42,0,0,1,1,0,4,3,10,0,10,0,0000000,22,51,99,99,88,88,0,0,0,1,1
55,550362,2,2,0,0,0,2,2,71,0,17,9,2013,3,12,33,0,6,5,TAUS RD,CR-G,0,44.18959167,-87.92271389,0,12,6,0,2,2,0,1,1,10,0,10,0,0000000,88,88,88,88,88,88,0,0,0,1,0
55,550363,1,1,0,1,1,1,1,79,5160,11,9,2013,4,9,6,0,14,6,NATIONAL AVE W,75TH ST S,0,43.01196389,-88.00596111,0,8,0,0,3,2,0,1,1,10,0,10,0,0000000,9,6,99,99,99,99,0,0,0,1,0
55,550364,4,4,0,0,0,4,4,75,0,27,9,2013,6,22,55,1,2,3,SR-141,,0,45.099075,-88.04275,0,12,2,0,1,1,0,1,2,1,0,1,0,0000000,99,99,99,99,99,99,14,0,0,1,1
55,550365,1,1,0,0,0,1,1,75,0,29,9,2013,1,12,50,1,2,2,US-41,,0,45.00630278,-87.84788333,0,34,0,0,1,1,0,4,1,1,0,1,0,0000000,12,55,13,8,88,88,0,0,0,1,0
55,550366,1,1,0,1,1,1,1,19,2710,5,9,2013,5,15,25,0,6,5,1ST ST,,0,44.74001389,-90.491425,0,15,0,0,1,1,0,1,1,1,0,1,0,0000000,15,27,15,33,16,10,0,0,0,1,0
55,550367,1,1,0,0,0,1,1,87,2210,28,9,2013,7,0,54,0,5,4,CR-MM/N CREST ST,,0,44.3522,-88.62516944,0,42,0,0,1,1,0,5,2,1,0,1,0,0000000,1,1,1,20,88,88,0,0,0,1,1
55,550368,1,1,0,0,0,1,1,3,0,28,9,2013,7,1,13,0,6,5,HOLMES RD,,0,46.56229167,-90.82288611,0,32,0,0,1,1,0,4,2,1,0,1,0,0000000,1,13,1,24,88,88,0,0,0,1,1
55,550369,1,1,0,2,2,1,1,79,3100,28,9,2013,7,22,5,0,13,3,SR-59,,0,43.02321944,-87.92864444,0,8,0,0,1,1,0,1,3,2,0,2,0,0000000,22,11,22,17,99,99,0,0,0,1,0
55,550370,2,2,0,0,0,3,3,127,0,29,9,2013,1,18,22,1,2,3,SR-50,LYONS RD,0,42.59614167,-88.35501667,0,12,6,0,2,2,0,1,1,1,0,1,0,0000000,18,23,18,30,99,99,0,0,0,1,0
55,550371,1,1,0,0,0,2,2,21,0,30,9,2013,2,12,10,0,3,3,SR-33,,0,43.57084167,-89.1556,0,35,0,0,1,1,0,4,1,1,0,1,0,0000000,12,22,12,28,99,99,0,0,0,1,0
55,550372,1,1,0,0,0,1,1,79,3100,2,10,2013,4,6,20,0,13,6,CHESTER ST W,,0,43.02834444,-88.02859444,0,30,0,0,1,1,0,4,4,1,0,1,0,0000000,99,99,99,99,88,88,0,0,0,1,1
55,550373,1,1,0,0,0,1,1,25,0,2,10,2013,4,22,30,0,3,2,US-51,,0,42.87049722,-89.05809722,0,59,0,0,1,1,0,4,3,1,0,1,0,0000000,22,30,99,99,99,99,0,0,0,1,1
55,550374,1,1,0,0,0,2,2,83,0,5,10,2013,7,10,0,1,2,2,US-141,,0,44.79425,-88.04954444,0,59,0,0,1,1,0,4,1,2,0,2,0,0000000,99,99,10,15,99,99,0,0,0,1,0
55,550375,2,2,0,0,0,3,3,61,0,7,10,2013,2,12,17,0,5,4,CR-K,CR-H,0,44.58903611,-87.74404167,0,12,6,0,2,2,0,1,1,1,0,1,0,0000000,12,19,12,29,13,9,0,0,0,1,0
55,550376,1,1,0,0,0,1,1,105,0,7,10,2013,2,23,30,1,2,3,SR-81,,0,42.56704167,-89.337925,0,34,0,0,1,1,0,4,2,10,0,10,0,0000000,88,88,88,88,88,88,18,0,0,1,0
55,550377,2,2,0,0,0,3,3,21,0,20,10,2013,1,11,15,0,3,2,US-51,CR-P,0,43.51508889,-89.41903889,0,12,6,0,2,2,0,1,1,10,0,10,0,0000000,11,18,11,27,12,38,0,0,0,1,0
55,550378,2,2,0,0,0,6,6,45,0,7,10,2013,2,17,40,0,3,3,SR-59,,0,42.69643056,-89.47581389,0,12,6,0,1,1,0,1,1,1,0,1,0,0000000,17,41,17,52,19,49,0,0,0,1,1
55,550379,1,1,0,0,0,1,1,35,1470,1,10,2013,3,17,59,1,13,6,HASTINGS WAY N / US-53 BUS,EDDY LN,0,44.85108333,-91.47180833,0,33,0,0,3,2,0,4,1,1,0,1,0,0000000,18,0,18,3,18,14,0,0,0,1,1
55,550380,1,1,0,1,1,1,1,25,2780,2,8,2013,6,10,14,0,14,6,SCHROEDER RD,,0,43.0463,-89.49873056,0,8,0,0,1,1,0,1,1,1,0,1,0,0000000,99,99,99,99,99,99,0,0,0,1,0
55,550381,1,1,0,0,0,1,1,89,0,5,10,2013,7,2,8,0,15,6,COVERED BRIDGE RD,,0,43.34592778,-88.00391111,0,42,0,0,1,1,0,4,3,5,0,5,0,0000000,2,13,2,22,2,55,0,0,0,1,1
55,550382,5,2,3,0,0,5,5,79,3100,9,10,2013,4,23,49,0,16,6,50TH ST N,CENTER ST W,0,43.06798056,-87.97617222,0,12,6,0,2,2,0,1,3,1,0,1,0,0000000,99,99,99,99,99,99,14,20,0,1,0
55,550383,2,2,0,0,0,2,2,79,4150,10,10,2013,5,8,49,1,13,3,SR-100,,0,43.177825,-87.948825,0,12,6,0,7,1,0,1,1,5,0,5,0,0000000,8,52,8,57,9,50,0,0,0,1,0
55,550384,1,1,0,0,0,1,1,25,4660,10,10,2013,5,22,48,0,13,2,US-51,,0,42.932825,-89.250425,0,1,0,0,1,1,0,4,2,1,0,1,0,0000000,99,99,99,99,88,88,0,0,0,1,1
55,550385,1,1,0,0,0,2,2,13,0,11,10,2013,6,3,0,0,6,5,FISH LAKE RD,,0,45.74415833,-92.70388056,0,34,0,0,1,1,0,4,2,1,0,1,0,0000000,3,53,4,7,4,50,0,0,0,1,1
55,550386,1,1,0,0,0,1,1,141,0,12,10,2013,7,0,30,0,15,4,CR-AA,,0,44.28133611,-89.90353889,0,42,0,0,1,1,0,4,2,10,0,10,0,0000000,1,17,1,25,88,88,0,0,0,1,1
55,550387,2,2,0,0,0,2,2,133,3352,11,10,2013,6,6,57,1,13,4,CR-RACINE AVE,,0,42.94966111,-88.15835556,0,12,6,0,1,1,0,1,1,1,0,1,0,0000000,99,99,99,99,99,99,0,0,0,1,0
55,550388,1,1,0,0,0,1,1,69,0,12,10,2013,7,1,36,1,2,2,US-51,,0,45.38435556,-89.672525,0,34,0,0,1,1,0,3,2,1,0,1,0,0000000,1,40,1,49,88,88,0,0,0,1,1
55,550389,2,2,0,0,0,2,2,25,0,12,10,2013,7,8,27,1,2,2,US-12,,0,43.03074444,-89.15041111,0,12,2,0,1,1,0,1,1,1,0,1,0,0000000,8,27,99,99,88,88,0,0,0,1,0
55,550390,2,2,0,0,0,2,2,63,0,12,10,2013,7,15,30,0,15,4,CR-Z,CR-ZM,0,43.91636389,-91.24906111,0,12,2,0,2,3,0,1,1,1,0,1,0,0000000,99,99,99,99,99,99,0,0,0,1,1
55,550391,2,2,0,0,0,3,3,97,0,13,10,2013,1,13,50,1,2,2,US-10,CR-K,0,44.51374722,-89.42644444,0,12,6,0,2,2,0,1,1,1,0,1,0,0000000,13,53,99,99,99,99,0,0,0,2,0
55,550392,2,2,0,0,0,4,4,33,0,9,10,2013,4,1,24,1,2,3,SR-29,970TH ST,0,44.89905833,-91.67105,0,12,6,0,2,2,0,1,2,1,0,1,0,0000000,1,37,1,49,2,48,0,0,0,2,1
55,550393,2,2,0,0,0,3,3,59,0,8,10,2013,3,18,8,0,4,4,CR-E,CR-EA,0,42.63991667,-87.89540556,0,12,6,0,2,2,0,1,5,1,0,1,0,0000000,18,8,18,10,99,99,0,0,0,1,1
55,550394,1,1,0,0,0,2,2,19,0,10,10,2013,5,3,14,0,4,4,CR-T,,0,44.99795833,-90.59805278,0,53,0,0,1,1,0,5,2,1,0,1,0,0000000,3,30,3,40,99,99,0,0,0,1,1
55,550395,2,2,0,0,0,5,5,43,3250,10,10,2013,5,7,50,0,6,5,5TH ST NORTH,UNIVERSITY ST EAST,0,43.19476944,-90.43795556,0,12,6,0,2,2,0,1,1,1,0,1,0,0000000,7,55,7,59,8,17,0,0,0,1,0
55,550396,2,2,0,0,0,2,2,123,0,16,10,2013,4,8,35,0,2,3,SR-27,,0,43.69555833,-90.82489167,0,12,6,0,1,1,1,1,1,12,0,12,0,0000000,99,99,99,99,99,99,0,0,0,1,0
55,550397,2,2,0,0,0,3,3,107,0,11,10,2013,6,21,50,0,6,5,ROCKY RIDGE RD S,MAPLE HILL RD,0,45.46568056,-91.06991111,0,12,6,0,2,2,0,1,2,1,0,1,0,0000000,21,53,21,59,22,16,0,0,0,1,0
55,550398,2,2,0,0,0,5,5,109,0,19,10,2013,7,16,6,0,16,6,OLD STH 35,TOWER RD,0,44.94196111,-92.69056667,0,12,6,0,2,2,0,1,1,10,0,10,0,0000000,16,7,16,13,16,47,0,0,0,2,0
55,550399,2,2,0,0,0,5,5,127,0,13,10,2013,1,15,46,0,6,4,CR-C,,0,42.63071111,-88.77490833,0,24,0,0,1,1,0,4,1,1,0,1,0,0000000,15,46,15,47,88,88,0,0,0,1,1
55,550400,2,2,0,0,0,3,3,127,0,13,10,2013,1,16,53,0,3,3,SR-89,,0,42.78711667,-88.74898611,0,12,1,0,8,1,0,1,1,1,0,1,0,0000000,99,99,17,5,99,99,0,0,0,1,1
55,550401,2,1,1,0,0,1,1,79,3100,14,10,2013,2,0,45,0,15,6,HOPKINS ST W,,0,43.07994167,-87.94271944,0,14,0,0,1,1,0,7,3,1,0,1,0,0000000,0,45,0,50,1,18,0,0,0,1,1
55,550402,1,1,0,0,0,4,4,129,0,21,7,2013,1,5,44,0,4,4,CR-A,,0,45.87054167,-91.653625,0,34,0,0,1,1,0,4,9,99,0,99,0,0000000,99,99,99,99,99,99,0,0,0,2,1
55,550403,2,2,0,0,0,3,3,15,0,19,10,2013,7,12,8,1,2,2,US-10,STATE PARK RD,0,44.21402778,-88.30330278,0,12,6,0,2,2,0,1,1,1,0,1,0,0000000,12,11,12,19,99,99,0,0,0,1,0
55,550404,2,2,0,0,0,2,2,23,0,20,10,2013,1,14,5,1,2,2,US-61,CR-W,0,43.25696111,-90.73425556,0,12,6,0,2,2,0,1,1,10,0,10,0,0000000,14,12,14,29,14,46,0,0,0,1,0
55,550405,2,2,0,0,0,2,2,131,0,22,10,2013,3,5,8,1,2,3,SR-33,,0,43.42384167,-88.06161389,0,12,2,0,1,1,0,1,2,10,0,10,0,0000000,5,11,5,20,99,99,0,0,0,1,0
55,550406,1,1,0,0,0,1,1,127,0,29,10,2013,3,4,32,1,13,3,SR-50,,0,42.61811111,-88.58050278,0,30,0,0,1,1,0,4,2,10,0,10,0,0000000,4,35,4,39,88,88,0,0,0,1,0
55,550407,2,2,0,0,0,2,2,89,0,15,10,2013,3,18,55,0,2,3,SR-57,CR-D,0,43.49911389,-87.94097222,0,12,1,0,3,2,0,1,2,5,0,5,1,0000000,18,58,19,1,88,88,0,0,0,1,0
55,550408,2,2,0,0,0,2,2,81,0,18,10,2013,6,12,45,0,2,3,SR-27,,0,43.95844722,-90.82501667,0,12,2,0,1,1,0,1,1,10,0,10,0,0000000,12,49,12,50,99,99,0,0,0,1,0
55,550409,1,1,0,0,0,2,2,19,0,16,10,2013,4,1,20,0,6,5,S MOUND RD,,0,44.58898056,-90.67380278,0,35,0,0,1,1,0,4,2,10,0,10,0,0000000,1,20,1,36,2,15,20,0,0,1,1
55,550410,1,1,0,0,0,1,1,133,2990,12,10,2013,7,11,30,0,16,6,GREENVIEW AVE,CR-K / LISBON RD,0,43.10476944,-88.12577222,0,17,0,0,1,1,0,4,1,10,0,10,0,0000000,11,31,11,43,12,21,0,0,0,1,0
55,550411,1,1,0,0,0,1,1,11,3130,22,10,2013,3,15,4,0,3,3,SR-37,,0,44.561675,-91.67860278,0,1,0,0,1,1,0,4,1,1,0,1,0,0000000,15,5,15,7,15,45,2,0,0,1,0
55,550412,1,1,0,0,0,1,1,141,0,25,10,2013,6,18,49,0,16,6,WHITROCK AVE,,0,44.358925,-89.74485833,0,53,0,0,1,1,0,4,2,1,0,1,0,0000000,18,49,18,59,99,99,0,0,0,1,1
55,550413,1,1,0,0,0,2,2,79,3100,26,10,2013,7,2,38,0,13,3,SR-59,7TH ST S,0,43.01702222,-87.91970556,0,59,0,0,1,1,0,4,3,10,0,10,0,0000000,99,99,99,99,99,99,0,0,0,1,1
55,550414,2,2,0,0,0,3,3,79,1796,28,7,2013,1,13,49,0,14,4,CR-J / NORTH CAPE RD S,CR-OO / FOREST HOME AVE W,0,42.92521389,-88.05438333,0,12,1,0,2,2,0,1,1,10,0,10,0,0000000,13,51,13,57,14,22,0,0,0,1,0
55,550415,1,1,0,1,1,1,1,79,3100,26,10,2013,7,19,19,0,14,6,GREENFIELD AVE W,9TH ST S,0,43.01704167,-87.92255278,0,8,0,0,2,2,0,1,3,1,0,1,0,0000000,99,99,99,99,99,99,0,0,0,1,1
55,550416,1,1,0,1,1,1,1,73,4230,28,10,2013,2,14,55,0,16,9,WHITESPIRE RD,,0,44.88934722,-89.60743333,0,8,0,0,1,1,0,1,1,10,0,10,0,0000000,15,0,15,3,15,25,0,0,0,1,0
55,550417,1,1,0,1,1,2,2,117,4330,29,10,2013,3,16,27,1,13,3,SR-28,BUSINESS DR II S,0,43.71951389,-87.73783611,0,8,0,0,3,2,0,1,1,1,0,1,0,0000000,16,27,16,31,16,45,0,0,0,1,0
55,550418,1,1,0,0,0,1,1,95,0,25,10,2013,6,19,47,0,4,4,CR-N,,0,45.57060556,-92.50958889,0,19,0,0,1,1,0,5,2,10,0,10,0,0000000,19,48,99,99,99,99,0,0,0,1,0
55,550419,2,2,0,0,0,2,2,133,5060,18,10,2013,6,14,27,1,13,4,CR-TT / MEADOWBROOK RD,,0,43.02225278,-88.28578056,0,12,6,0,8,1,0,1,1,1,0,1,0,0000000,14,27,99,99,99,99,0,0,0,1,0
55,550420,1,1,0,0,0,1,1,85,0,28,10,2013,2,0,22,0,4,5,BO DI LAC DR,,0,45.87731389,-89.90071389,0,42,0,0,1,1,0,4,2,1,0,1,0,0000000,88,88,88,88,88,88,18,0,0,1,0
55,550421,1,1,0,0,0,1,1,83,0,31,8,2013,7,99,99,0,6,5,MEYER HILL LN,,0,44.94061944,-88.06890556,0,32,0,0,1,1,0,4,9,99,0,99,0,0000000,99,99,99,99,88,88,18,0,0,1,1
55,550422,1,1,0,0,0,3,3,79,3100,25,8,2013,1,1,32,1,11,1,I-43,,0,43.05792778,-87.92376389,0,30,0,1,5,1,0,4,3,1,0,1,0,0000000,1,35,1,45,99,99,0,0,0,1,1
55,550423,1,1,0,0,0,2,2,81,0,2,11,2013,7,99,99,0,6,5,DOVE AVE,,0,44.05746944,-90.39456944,0,21,0,0,1,1,0,5,2,1,0,1,0,0000000,2,29,2,46,99,99,0,0,0,1,1
55,550424,2,2,0,0,0,2,2,121,0,5,11,2013,3,1,18,0,2,2,US-10,,0,44.58907778,-91.179025,0,12,2,0,1,1,0,1,2,5,0,5,0,0000000,1,20,99,99,88,88,0,0,0,1,1
55,550425,1,1,0,0,0,1,1,5,0,1,11,2013,6,21,40,0,4,4,CR-A,,0,45.25873611,-91.73358889,0,34,0,0,1,1,0,4,2,1,0,1,0,0000000,21,51,22,1,88,88,0,0,0,1,1
55,550426,1,1,0,0,0,1,1,49,0,5,11,2013,3,6,20,0,4,4,CR-ID,,0,43.01595833,-89.84878889,0,38,0,0,1,1,0,5,4,10,0,10,0,0000000,6,34,6,40,88,88,0,0,0,1,1
55,550427,1,1,0,0,0,1,1,9,0,26,10,2013,7,99,99,0,6,5,LANGES CORNER RD,CHRIS TENSION LN,0,44.38460556,-87.85660556,0,32,0,0,1,1,0,4,2,10,0,10,0,0000000,5,29,5,53,88,88,0,0,0,1,1
55,550428,2,2,0,0,0,3,3,21,0,3,11,2013,1,21,44,0,3,2,US-51,CR-DM,0,43.29556944,-89.32466111,0,12,2,0,3,2,0,1,2,10,0,10,0,0000000,21,48,21,57,99,99,0,0,0,1,0
55,550429,1,1,0,0,0,1,1,21,0,5,11,2013,3,14,10,0,5,3,SR-188,SMITH PARK RD,0,43.35105,-89.64030833,0,1,0,0,1,1,0,4,1,2,0,2,0,0000000,14,18,14,36,88,88,0,0,0,1,0
55,550430,1,1,0,1,1,1,1,71,4890,5,11,2013,3,16,42,0,13,3,SR-42 / WASHINGTON ST,19TH ST,0,44.15070278,-87.56834167,0,8,0,0,2,2,0,1,3,2,0,2,0,0000000,16,42,16,46,17,14,0,0,0,1,0
55,550431,2,2,0,0,0,2,2,39,0,5,11,2013,3,17,47,0,3,2,US-45 / LAKESHORE DR,,0,43.83876389,-88.46513889,0,12,2,0,1,1,0,1,2,2,0,2,0,0000000,17,47,17,58,99,99,0,0,0,1,0
55,550432,1,1,0,0,0,1,1,65,0,7,11,2013,5,9,33,0,4,4,CR-G,APPLE GROVE CHURCH RD,0,42.72531111,-89.93051667,0,52,0,0,1,1,0,4,1,1,0,1,0,0000000,9,37,9,45,88,88,0,0,0,1,1
55,550433,2,2,0,0,0,3,3,21,0,7,11,2013,5,14,49,0,4,4,CR-P,PARDEEVILLE RD,0,43.53659444,-89.26808889,0,12,6,0,2,3,0,1,1,10,0,10,0,0000000,14,49,99,99,99,99,0,0,0,2,0
55,550434,1,1,0,0,0,2,2,17,0,3,11,2013,1,14,22,0,4,4,CR-Q,,0,45.01028333,-91.43802222,0,42,0,0,1,1,0,5,1,1,0,1,0,0000000,99,99,99,99,99,99,0,0,0,1,0
55,550435,2,2,0,0,0,2,2,95,0,8,11,2013,6,14,12,1,3,2,US-35,140TH AVE,0,45.41110278,-92.55399722,0,12,6,0,2,2,0,1,1,10,0,10,0,0000000,14,14,14,23,99,99,0,0,0,1,0
55,550436,2,2,0,0,0,2,2,27,0,9,11,2013,7,11,50,0,13,3,SR-16,CR-L,0,43.24057778,-88.73726944,0,12,6,1,2,2,1,1,1,10,0,10,0,0000000,11,55,12,2,88,88,0,0,0,1,0
55,550437,2,2,0,0,0,2,2,59,0,9,11,2013,7,14,22,0,13,4,CR-F / BASSETT RD,320TH AVE,0,42.53689167,-88.19781944,0,32,0,0,3,3,0,4,1,1,0,1,0,0000000,14,24,14,32,15,19,14,0,0,1,1
55,550438,1,1,0,0,0,1,1,111,0,9,11,2013,7,19,55,0,6,5,HOGSBACK RD,BRENNAN RD,0,43.51114167,-89.82543333,0,38,0,0,1,1,0,4,2,10,0,10,0,0000000,88,88,88,88,88,88,0,0,0,1,0
55,550439,2,2,0,0,0,2,2,73,0,11,11,2013,2,7,0,1,2,3,SR-13,,0,44.76563889,-90.30096667,0,12,6,0,1,1,0,1,1,4,0,4,1,0000000,7,3,7,16,8,1,0,0,0,1,0
55,550440,1,1,0,0,0,2,2,13,0,12,11,2013,3,8,22,0,5,5,LONG LAKE RD,,0,45.96063889,-92.13534167,0,34,0,0,1,1,0,5,1,1,0,1,0,0000000,99,99,99,99,99,99,0,0,0,1,0
55,550441,2,2,0,0,0,2,2,141,0,13,11,2013,4,13,31,0,2,2,US-10,,0,44.62035278,-89.98681389,0,12,1,0,1,1,0,1,1,1,0,1,0,0000000,13,31,99,99,99,99,0,0,0,1,0
55,550442,2,2,0,0,0,3,3,59,2400,15,11,2013,6,10,30,0,15,6,39TH AVE,,0,42.61881111,-87.85561111,0,12,2,0,1,1,0,1,1,1,0,1,0,0000000,10,31,10,36,99,99,0,0,0,1,0
55,550443,1,1,0,1,1,1,1,125,1440,15,11,2013,6,15,56,1,2,2,US-45 / PINE ST E,2ND ST S,0,45.91398889,-89.24795278,0,8,0,0,2,2,0,1,1,1,0,1,0,0000000,15,58,16,1,16,43,0,0,0,1,0
55,550444,2,2,0,0,0,2,2,117,0,15,11,2013,6,18,5,0,5,4,CR-A,,0,43.79330278,-88.05279167,0,12,6,0,8,1,0,1,2,1,0,1,0,0000000,18,9,18,17,88,88,0,0,0,1,0
55,550445,2,2,0,0,0,3,3,7,0,16,11,2013,7,17,0,1,2,2,US-2,REDWINE RD,0,46.56753889,-91.43588611,0,12,6,0,2,3,0,1,5,2,0,2,0,0000000,17,0,17,15,18,34,0,0,0,1,1
55,550446,1,1,0,0,0,2,2,55,0,17,11,2013,1,4,5,0,3,3,SR-106,,0,42.93248056,-88.64976111,0,39,0,0,1,1,0,5,2,10,0,10,0,0000000,4,6,4,21,4,47,0,0,0,1,1
55,550447,1,1,0,0,0,1,1,75,0,19,11,2013,3,6,56,0,4,4,CR-W,,0,45.21798333,-88.09283333,0,38,0,0,1,1,0,5,4,1,0,1,0,0000000,6,57,7,7,88,88,0,0,0,1,0
55,550448,2,2,0,0,0,6,6,71,4890,19,11,2013,3,22,7,0,13,3,SR-42,,0,44.13338889,-87.59718611,0,12,6,0,1,1,0,1,3,10,0,10,0,0000000,22,12,22,18,22,44,0,0,0,1,1
55,550449,1,1,0,0,0,1,1,5,4870,19,11,2013,3,4,5,1,2,2,US-8,POPLAR ST,0,45.40136111,-92.13294444,0,11,0,0,1,1,0,1,2,1,0,1,0,0000000,4,23,4,38,99,99,0,0,0,1,0
55,550450,2,2,0,0,0,3,3,9,2173,17,11,2013,1,4,37,1,2,3,SR-29,SUNLITE DR,0,44.55376389,-88.11405833,0,34,0,0,1,1,0,3,2,10,0,10,0,0000000,4,37,4,47,99,99,0,0,0,1,1
55,550451,1,1,0,0,0,1,1,39,0,1,11,2013,6,13,43,0,6,5,VIADUCT RD,VAN DYNE RD,0,43.88472778,-88.50384167,0,10,0,0,6,1,0,1,1,10,0,10,0,690130Y,13,44,13,58,99,99,0,0,0,1,0
55,550452,1,1,0,0,0,1,1,59,0,9,11,2013,7,14,51,0,3,3,SR-142 / BURLINGTON RD,CR-X / 240TH,0,42.63838611,-88.09624722,0,32,0,0,8,1,0,4,1,10,0,10,0,0000000,14,51,15,2,99,99,0,0,0,1,0
55,550453,2,2,0,0,0,3,3,109,0,21,11,2013,5,17,24,1,2,2,US-63,,0,45.13636111,-92.31721667,0,12,6,0,1,1,0,1,2,4,0,4,0,0000000,17,25,17,41,18,55,0,0,0,1,0
55,550454,2,2,0,0,0,3,3,81,0,24,11,2013,1,2,58,0,5,5,JANCING AVE,,0,43.88171389,-90.80262222,0,12,2,0,1,1,0,1,2,1,0,1,0,0000000,99,99,99,99,99,99,20,0,0,1,2
55,550455,1,1,0,0,0,2,2,25,1724,25,11,2013,2,9,30,0,14,6,SYENE RD S,,0,42.99542778,-89.39721111,0,21,0,0,1,1,0,5,1,4,0,4,0,0000000,99,99,99,99,99,99,0,0,0,1,0
55,550456,1,1,0,0,0,2,2,133,0,22,11,2013,6,2,6,0,15,5,CENTER OAK RD,DOBBERTIN RD,0,43.17038889,-88.31548889,0,31,0,0,3,4,0,4,2,10,0,10,0,0000000,2,7,99,99,99,99,0,0,0,1,1
55,550457,2,2,0,0,0,2,2,25,0,25,11,2013,2,9,40,0,2,2,US-12,,0,43.02906944,-89.17515278,0,12,6,0,1,1,0,1,1,4,0,4,0,0000000,9,40,99,99,88,88,0,0,0,1,0
55,550458,2,2,0,0,0,2,2,65,0,25,11,2013,2,11,45,1,2,3,SR-11,SUMMIT RD,0,42.58095556,-90.17230556,0,12,6,0,2,2,0,1,1,4,0,4,0,0000000,11,52,11,59,99,99,0,0,0,1,0
55,550459,1,1,0,2,2,1,1,79,3100,27,11,2013,4,16,21,0,14,6,6TH ST S,HAYES AVE W,0,43.00122778,-87.91876667,0,8,0,0,2,3,0,1,5,1,0,1,0,0000000,99,99,99,99,99,99,0,0,0,1,0
55,550460,1,1,0,0,0,1,1,141,0,27,11,2013,4,23,31,0,3,3,SR-54,,0,44.36165833,-90.03515556,0,1,0,0,1,1,0,4,2,10,0,10,0,0000000,23,35,23,48,88,88,0,0,0,1,1
55,550461,2,2,0,0,0,3,3,127,0,28,11,2013,5,15,54,0,3,3,SR-120,,0,42.67940833,-88.40660556,0,12,2,0,1,1,0,1,1,1,0,1,0,0000000,15,59,99,99,99,99,0,0,0,1,1
55,550462,1,1,0,0,0,3,3,117,0,29,11,2013,6,2,5,0,5,4,CR-LS,,0,43.83757222,-87.74079722,0,1,0,0,1,1,0,1,2,1,0,1,0,0000000,2,17,2,23,3,6,0,0,0,1,0
55,550463,2,2,0,0,0,2,2,111,0,21,11,2013,5,16,10,0,2,3,SR-23,,0,43.53264167,-89.95496389,0,12,1,0,1,1,0,1,1,1,0,1,0,0000000,16,16,99,99,99,99,0,0,0,1,0
55,550464,2,2,0,0,0,5,5,31,0,29,11,2013,6,7,5,1,2,2,US-53,CR-Y,0,46.24464167,-91.80117778,0,12,6,0,2,2,0,1,1,10,0,10,0,0000000,99,99,99,99,99,99,0,0,0,2,0
55,550465,1,1,0,1,1,2,2,133,0,29,11,2013,6,18,2,1,11,1,I-43,EVERGREEN DR,496,42.9059,-88.236025,0,8,0,0,1,1,0,1,2,1,0,1,0,0000000,18,2,18,5,88,88,23,0,0,1,0
55,550466,1,1,0,0,0,1,1,27,0,30,11,2013,7,5,0,0,6,4,CR-I,,0,43.37923056,-88.79327778,0,35,0,0,1,1,0,4,2,10,0,10,0,0000000,5,38,5,51,88,88,0,0,0,1,1
55,550467,2,2,0,0,0,6,6,105,0,30,11,2013,7,10,17,1,2,2,US-14,SR-140,0,42.65451389,-88.86979722,0,12,6,0,2,3,0,1,1,1,0,1,0,0000000,10,19,10,32,11,3,0,0,0,3,0
55,550468,2,2,0,0,0,3,3,103,0,24,11,2013,1,12,34,0,3,3,SR-80,HOOSIER CREEK RD,0,43.24143056,-90.44933611,0,12,2,0,3,3,0,1,1,10,0,10,0,0000000,12,37,12,41,12,59,0,0,0,1,0
55,550469,2,2,0,0,0,2,2,19,0,18,11,2013,2,22,17,0,3,3,SR-73,,0,44.98081944,-90.80023333,0,12,6,0,8,1,0,1,2,1,0,1,0,0000000,22,17,22,27,23,25,0,0,0,1,1