STATE,ST_CASE,VE_TOTAL,VE_FORMS,PVH_INVL,PEDS,PERNOTMVIT,PERMVIT,PERSONS,COUNTY,CITY,DAY,MONTH,YEAR,DAY_WEEK,HOUR,MINUTE,NHS,ROAD_FNC,ROUTE,TWAY_ID,TWAY_ID2,MILEPT,LATITUDE,LONGITUD,SP_JUR,HARM_EV,MAN_COLL,RELJCT1,RELJCT2,TYP_INT,WRK_ZONE,REL_ROAD,LGT_COND,WEATHER1,WEATHER2,WEATHER,SCH_BUS,RAIL,NOT_HOUR,NOT_MIN,ARR_HOUR,ARR_MIN,HOSP_HR,HOSP_MN,CF1,CF2,CF3,FATALS,DRUNK_DR
55,550470,1,1,0,2,2,1,1,119,0,29,11,2013,6,16,58,0,6,5,COUNTY LINE RD EAST,,0,45.21117222,-90.92572222,0,8,0,0,1,1,0,1,5,1,0,1,0,0000000,17,1,17,23,99,99,0,0,0,1,1
55,550471,2,2,0,0,0,3,3,135,0,4,11,2013,2,8,23,0,3,3,SR-22,,0,44.39984444,-88.93776944,0,12,2,0,1,1,0,1,1,1,0,1,0,0000000,99,99,99,99,99,99,0,0,0,1,0
55,550472,1,1,0,1,1,1,1,87,170,9,11,2013,7,1,16,0,13,3,SR-96,BALLARD RD N,0,44.27303611,-88.37516667,0,9,0,0,1,1,0,1,3,2,0,2,0,0000000,1,21,1,25,99,99,0,0,0,1,0
55,550473,2,2,0,0,0,2,2,25,0,3,12,2013,3,10,40,0,2,2,US-14,,0,42.85625556,-89.34333889,0,12,2,0,1,1,0,1,1,5,0,5,0,0000000,10,53,11,2,11,37,0,0,0,1,1
55,550474,2,2,0,0,0,2,2,73,0,3,12,2013,3,16,14,0,4,4,CR-K,,0,45.03665278,-89.69223333,0,12,6,0,1,1,0,1,1,4,0,4,0,0000000,16,15,16,29,16,53,0,0,0,1,0
55,550475,1,1,0,0,0,1,1,55,0,3,12,2013,3,16,53,0,4,4,CR-E,,0,43.07938056,-88.61041667,0,42,0,0,1,1,0,4,2,3,12,3,0,0000000,16,55,17,3,88,88,0,0,0,1,0
55,550476,1,1,0,0,0,2,2,21,0,7,12,2013,7,19,17,0,6,4,CR-J,,0,43.44632222,-89.45353333,0,42,0,0,1,1,0,5,2,1,0,1,0,0000000,19,17,19,29,99,96,0,0,0,1,1
55,550477,7,7,0,0,0,15,15,101,0,8,12,2013,1,9,54,1,1,1,I-94,,99999,42.74358333,-87.95407222,0,12,1,0,1,1,0,1,1,4,0,4,0,0000000,9,55,10,0,99,99,27,19,0,1,0
55,550478,1,1,0,0,0,2,2,79,2015,8,12,2013,1,10,41,1,11,1,I-43,,0,42.9556,-88.04774444,0,1,0,1,19,1,0,4,1,4,0,4,0,0000000,10,42,10,50,11,42,0,0,0,1,0
55,550479,2,2,0,0,0,5,5,27,0,8,12,2013,1,13,21,0,3,3,SR-68,,0,43.60918611,-88.81621111,0,12,2,0,1,1,0,1,1,4,0,4,0,0000000,15,22,99,99,99,99,0,0,0,1,0
55,550480,2,2,0,0,0,7,7,79,3100,8,12,2013,1,2,14,0,14,6,BURLEIGH ST W,,0,43.07520278,-87.95448333,0,12,6,0,1,1,0,1,3,1,0,1,0,0000000,2,15,2,20,99,99,0,0,0,1,0
55,550481,5,5,0,0,0,5,5,139,0,9,12,2013,2,10,25,1,12,2,US-41,,0,44.15284444,-88.48628611,0,12,1,1,18,1,0,1,1,1,0,1,0,0000000,10,27,10,35,99,99,19,27,14,1,1
55,550482,2,2,0,0,0,2,2,83,0,8,12,2013,1,16,33,1,2,2,US-41,,0,44.84999722,-87.90177222,0,12,6,0,1,1,0,1,2,4,0,4,0,0000000,16,33,16,43,99,99,0,0,0,1,0
55,550483,3,3,0,0,0,3,3,133,2990,8,12,2013,1,11,55,1,12,2,US-41,,0,43.19149444,-88.12090833,0,12,1,1,18,1,0,1,1,4,0,4,0,0000000,12,0,12,40,13,25,26,0,0,1,0
55,550484,2,2,0,0,0,8,8,93,0,12,12,2013,5,15,40,0,3,3,SR-35,,0,44.71146389,-92.66695278,0,12,1,0,1,1,0,1,1,10,0,10,0,0000000,15,42,16,4,99,99,0,0,0,3,0
55,550485,2,2,0,0,0,2,2,33,0,13,12,2013,6,17,42,0,3,3,SR-85,,0,44.72184444,-91.684675,0,12,2,0,1,1,0,1,2,1,0,1,0,0000000,17,49,18,4,88,88,0,0,0,2,0
55,550486,1,1,0,0,0,1,1,135,0,14,12,2013,7,2,47,0,3,3,SR-49,,0,44.370975,-89.09184444,0,1,0,0,1,1,0,4,2,4,0,4,0,0000000,3,5,3,22,88,88,0,0,0,1,1
55,550487,1,1,0,0,0,1,1,101,750,14,12,2013,7,0,52,0,14,4,CR-W  BROWNS LAKE DR,,0,42.68952222,-88.25100833,0,30,0,0,1,1,0,4,2,4,0,4,0,0000000,0,52,1,0,1,20,0,0,0,1,1
55,550488,1,1,0,0,0,1,1,17,0,16,12,2013,2,8,39,0,3,3,SR-27,,0,45.09228889,-91.15678889,0,1,0,0,1,1,0,4,1,10,0,10,0,0000000,8,40,8,51,88,88,0,0,0,1,0
55,550489,2,2,0,0,0,2,2,39,0,17,12,2013,3,13,20,0,3,3,SR-44,,0,43.88389444,-88.75686111,0,12,6,0,1,1,0,1,1,11,0,11,0,0000000,13,23,99,99,88,88,0,0,0,1,0
55,550490,3,3,0,0,0,4,4,133,3352,24,12,2013,3,20,54,0,14,4,CR-BELOIT RD,,0,42.95537222,-88.08706111,0,12,8,0,1,1,0,1,2,10,0,10,0,0000000,20,55,20,57,99,99,0,0,0,1,1
55,550491,1,1,0,0,0,1,1,83,0,25,12,2013,4,22,41,1,2,2,US-41,,0,44.70984167,-88.05085556,0,1,0,0,1,1,0,4,2,4,0,4,0,0000000,99,99,99,99,88,88,0,0,0,1,0
55,550492,1,1,0,0,0,1,1,9,2000,24,12,2013,3,23,33,0,16,6,WILSON AVE,,0,44.53395556,-88.03781389,0,42,0,0,1,1,0,4,3,10,0,10,0,0000000,23,40,23,47,23,58,0,0,0,1,1
55,550493,2,2,0,0,0,2,2,39,0,26,12,2013,5,17,10,0,6,5,MARSHVIEW RD,,0,43.65530278,-88.86528056,0,12,6,0,1,1,0,1,2,4,0,4,0,0000000,99,99,17,34,88,88,0,0,0,1,0
55,550494,2,2,0,0,0,2,2,141,0,26,12,2013,5,12,37,0,2,3,SR-80,,0,44.40524444,-90.12966389,0,12,6,0,1,1,0,1,1,10,0,10,0,0000000,12,37,12,50,99,99,0,0,0,1,0
55,550495,2,2,0,0,0,2,2,49,0,30,12,2013,2,11,33,1,2,2,US-18,,0,42.97281667,-90.19967778,0,12,2,0,1,1,0,1,1,1,0,1,0,0000000,11,35,11,35,99,99,0,0,0,1,0
55,550496,1,1,0,0,0,1,1,25,2780,30,12,2013,2,3,0,1,11,1,I-94,,2400,43.10404444,-89.27919444,0,59,0,1,5,1,0,4,2,10,0,10,0,0000000,7,31,7,37,88,88,0,0,0,1,1
55,550497,1,1,0,0,0,1,1,43,0,31,12,2013,3,13,40,0,6,5,ROCK CUT RD,,0,42.52020556,-90.59600833,0,59,0,0,1,1,0,2,1,4,0,4,0,0000000,13,41,13,58,88,88,0,0,0,1,0
55,550498,1,1,0,0,0,1,1,85,0,30,12,2013,2,8,2,0,6,5,BLUMENSTEIN RD,,0,45.88590278,-89.720425,0,42,0,0,1,1,0,5,1,1,0,1,0,0000000,8,3,8,6,8,32,0,0,0,1,0
55,550499,1,1,0,0,0,1,1,63,2490,31,12,2013,3,99,99,0,14,6,JACKSON ST,NORPLEX DR,0,43.80151389,-91.25455833,0,33,0,0,3,3,0,4,3,1,0,1,0,0000000,99,99,99,99,88,88,0,0,0,1,1
55,550500,22,22,0,0,0,42,42,133,2990,8,12,2013,1,11,10,1,12,2,US-41,,0,43.17409167,-88.08371111,0,12,1,0,1,1,0,1,1,4,11,4,0,0000000,11,26,11,33,12,25,26,19,0,1,0
55,550501,1,1,0,0,0,1,1,111,0,8,9,2013,1,1,35,0,6,5,PARK RD,,0,43.42835833,-89.72658889,0,42,0,0,1,1,0,4,2,10,0,10,0,0000000,1,38,1,48,99,99,0,0,0,1,1
55,550502,1,1,0,0,0,1,1,21,0,11,9,2013,4,18,35,0,6,5,WIBU RD,,0,43.37737778,-89.40238056,0,1,0,0,1,1,0,4,1,1,0,1,0,0000000,18,37,99,99,99,99,0,0,0,1,1
55,550503,2,2,0,0,0,2,2,101,3224,13,9,2013,6,13,24,0,2,3,SR-20 PARKING LOT,SR-20 PARKING LOT,0,42.71837222,-87.85296944,0,12,2,0,2,2,0,1,1,1,0,1,0,0000000,13,24,13,31,13,52,0,0,0,1,0
55,550504,1,1,0,0,0,6,6,137,1110,30,3,2013,7,6,10,1,1,1,I-39,,1240,44.02505,-89.51946389,0,1,0,0,1,1,0,3,1,1,0,1,0,0000000,6,18,6,22,7,51,0,0,0,3,0
55,550505,1,1,0,0,0,2,2,41,1190,11,6,2013,3,23,49,0,3,3,SR-55 / PIONEER ST W,,0,45.56469167,-88.91494444,0,58,0,0,1,1,0,2,2,10,0,10,0,0000000,99,99,99,99,99,99,0,0,0,1,1
55,550506,1,1,0,0,0,1,1,121,0,31,8,2013,7,19,33,0,6,5,THOMPSON VALLEY RD,,0,44.20916667,-91.44590556,0,1,0,0,1,1,0,4,2,7,0,7,0,0000000,99,99,99,99,88,88,0,0,0,1,1
55,550507,1,1,0,0,0,2,2,63,0,31,7,2013,4,18,35,0,99,4,CR-B,,0,43.86628889,-91.12598611,0,42,0,0,1,1,0,4,1,99,0,99,0,0000000,99,99,99,99,99,99,0,0,0,1,0
55,550508,1,1,0,0,0,1,1,53,0,31,12,2013,3,23,18,0,99,4,CR-O,,0,44.18091667,-90.76084167,0,35,0,0,1,1,0,4,2,99,0,99,0,0000000,99,99,99,99,99,99,0,0,0,1,0
55,550509,1,1,0,1,1,1,1,78,0,10,11,2013,1,0,30,0,5,4,CR-AA,,0,45.03041111,-88.52232778,3,8,0,0,1,1,0,1,2,1,0,1,0,0000000,0,28,0,47,88,88,0,0,0,1,0
55,550510,1,1,0,0,0,1,1,78,2405,4,5,2013,7,7,47,9,99,9,CHIEF CARRON RD,ATV TRAIL,0,44.87716944,-88.62774444,3,30,0,0,3,3,0,4,1,98,0,98,0,0000000,7,45,99,99,88,88,0,0,0,1,1
55,550511,2,2,0,0,0,2,2,123,5180,10,12,2013,3,9,20,1,2,2,US-14,MELBY ST,0,43.65427222,-90.85679722,0,12,1,0,3,3,0,1,1,1,0,1,0,0000000,99,99,99,99,99,99,0,0,0,1,0
56,560001,1,1,0,0,0,6,6,1,470,3,1,2013,5,9,34,1,11,1,I-80,,3167,41.29096944,-105.5287778,0,24,0,1,19,1,0,3,1,1,0,1,0,0000000,9,35,9,43,10,16,0,0,0,2,0
56,560002,1,1,0,0,0,6,6,15,0,9,1,2013,4,23,55,0,4,3,SR-92,,139,41.91473889,-104.0561306,0,35,0,0,1,1,0,4,2,1,0,1,0,0000000,23,57,0,12,1,15,0,0,0,2,1
56,560003,1,1,0,0,0,2,2,1,0,16,1,2013,4,6,36,1,1,1,I-80,,3288,41.16265556,-105.4075639,0,1,0,0,1,1,0,4,2,6,1,6,0,0000000,6,46,7,10,7,42,0,0,0,1,0
56,560004,2,2,0,0,0,3,3,5,0,5,2,2013,3,15,0,0,4,3,SR-50,,265,43.98506389,-105.7239972,0,12,2,0,1,1,0,1,1,1,0,1,0,0000000,15,7,15,30,16,15,0,0,0,1,0
56,560005,1,1,0,0,0,2,2,7,570,9,2,2013,7,1,0,0,3,3,SR-487,,8,41.90718333,-106.2025667,0,31,0,0,1,1,0,4,2,1,0,1,0,0000000,6,13,6,26,7,47,0,0,0,1,1
56,560006,3,1,2,0,0,3,3,21,100,15,2,2013,6,22,9,0,15,6,5TH ST,,0,41.121325,-104.8133556,0,14,0,0,1,1,0,7,2,1,0,1,0,0000000,22,32,22,37,22,49,14,0,0,1,1
56,560007,1,1,0,0,0,3,3,31,0,18,2,2013,2,17,35,1,1,1,I-25,,995,42.34472222,-105.045,0,1,0,0,1,1,0,4,5,4,0,4,0,0000000,17,42,17,58,19,2,0,0,0,1,0
56,560008,1,1,0,0,0,1,1,1,0,16,2,2013,7,19,30,1,1,1,I-80,,3188,41.27229722,-105.4997333,0,1,0,0,1,1,0,4,2,1,0,1,0,0000000,19,38,19,45,88,88,0,0,0,1,0
56,560009,1,1,0,0,0,1,1,1,0,28,2,2013,5,16,50,1,1,1,I-80,,3301,41.14868056,-105.3872972,0,1,0,0,1,1,0,3,1,11,4,4,0,0000000,16,59,17,15,88,88,0,0,0,1,0
56,560010,2,2,0,0,0,4,4,25,0,11,3,2013,2,14,23,1,2,2,US-20/26/87,,401,43.03201111,-106.9922667,0,12,1,0,1,1,0,1,1,4,0,4,0,0000000,14,25,14,55,15,56,0,0,0,1,0
56,560011,1,1,0,0,0,1,1,9,0,11,3,2013,2,16,45,1,1,1,I-25,,1620,42.82684167,-105.8203667,0,24,0,0,1,1,0,3,1,10,0,10,0,0000000,99,98,99,98,88,88,0,0,0,1,0
56,560012,2,2,0,0,0,4,4,17,0,10,3,2013,1,19,20,1,2,2,US-20/SR-789,,1201,43.49509167,-108.1584111,0,12,2,0,1,1,0,1,1,1,0,1,0,0000000,19,28,19,45,20,18,0,0,0,1,1
56,560013,1,1,0,0,0,1,1,11,0,17,3,2013,1,22,6,0,4,3,SR-113,,130,44.322725,-104.8508639,0,1,0,0,1,1,0,4,2,4,11,4,0,0000000,22,9,22,21,88,88,0,0,0,1,1
56,560014,2,2,0,0,0,3,3,3,0,18,3,2013,2,15,0,1,2,2,US-16/20,,1822,44.2418,-107.931,0,12,8,0,1,1,0,1,1,1,0,1,0,0000000,15,11,15,21,88,88,0,0,0,2,1
56,560015,2,2,0,0,0,2,2,23,0,19,3,2013,3,7,10,1,2,2,US-30,,159,42.00357778,-110.9371583,0,12,8,0,1,1,0,1,4,1,0,1,0,0000000,7,17,7,29,8,15,0,0,0,1,0
56,560016,1,1,0,0,0,1,1,37,0,22,3,2013,6,21,18,1,1,1,I-80,,1513,41.63443889,-108.3936722,0,1,0,0,1,1,0,3,2,4,11,4,0,0000000,21,21,21,50,23,0,0,0,0,1,0
56,560017,1,1,0,0,0,3,3,25,0,29,3,2013,6,5,15,0,6,7,I-25 SERVICE RD 0081,,133,42.9792,-106.3315,0,1,0,0,1,1,0,4,2,1,0,1,0,0000000,5,35,5,46,6,7,0,0,0,2,1
56,560018,2,1,1,0,0,1,1,37,0,21,3,2013,5,22,0,0,6,4,CR-1207 CHARLES AVE,CR-1197 PALISADE ST,1,41.55319444,-109.5105556,0,14,0,0,3,2,0,2,2,1,0,1,0,0000000,2,30,2,35,88,88,18,0,0,1,1
56,560019,1,1,0,0,0,1,1,31,0,29,3,2013,6,20,21,0,4,4,CR-67 GREYROCKS RD,,121,42.13235833,-104.7523417,0,1,0,0,1,1,0,1,2,1,0,1,0,0000000,20,46,20,46,88,88,0,0,0,1,1
56,560020,2,2,0,0,0,2,2,27,0,2,4,2013,3,8,0,1,2,2,US-18,,84,43.31094722,-104.0877389,0,12,6,0,1,1,0,1,1,1,0,1,0,0000000,8,3,8,41,10,30,0,0,0,1,0
56,560021,2,2,0,0,0,3,3,7,0,6,4,2013,7,14,53,1,1,1,I-80,,2422,41.73077778,-106.6909,0,12,1,0,1,1,0,1,1,10,0,10,0,0000000,99,98,99,98,88,88,0,0,0,1,0
56,560022,1,1,0,0,0,3,3,23,0,6,4,2013,7,19,0,0,4,4,CR-340,,54,41.88063056,-110.1588,0,31,0,0,1,1,0,4,1,1,0,1,0,0000000,19,3,19,32,20,6,0,0,0,2,1
56,560023,1,1,0,1,1,1,1,1,0,6,4,2013,7,20,59,0,3,3,SR-230,,63,41.26600833,-105.6888444,0,8,0,0,1,1,0,1,2,1,0,1,0,0000000,20,59,21,7,21,33,0,0,0,1,0
56,560024,3,3,0,0,0,3,3,1,0,17,4,2013,4,10,0,1,1,1,I-80,,2917,41.43664444,-105.9182444,0,12,1,0,1,1,0,1,1,11,4,4,0,0000000,10,0,10,30,88,88,19,27,0,1,0
56,560025,1,1,0,0,0,1,1,25,0,22,4,2013,2,11,44,1,1,1,I-25,,2293,43.4394,-106.3849,0,1,0,0,1,1,0,4,1,10,4,4,0,0000000,11,49,12,22,88,88,0,0,0,1,0
56,560026,1,1,0,0,0,2,2,25,0,25,4,2013,5,7,10,1,2,3,SR-220,,1057,42.7642,-106.4939,0,1,0,0,1,1,4,4,1,1,0,1,0,0000000,7,17,7,29,7,52,0,0,0,2,0
56,560027,1,1,0,0,0,1,1,5,310,15,5,2013,4,20,13,0,15,6,FOX PARK RD,,0,44.28414167,-105.4293667,0,1,0,0,1,1,0,1,1,1,0,1,0,0000000,20,18,20,25,99,99,0,0,0,1,0
56,560028,1,1,0,0,0,2,2,7,0,19,5,2013,1,4,15,1,2,2,US-287,,171,42.0012,-107.3649,0,32,0,0,1,1,4,4,2,1,0,1,0,0000000,4,34,4,58,5,50,0,0,0,1,1
56,560029,2,2,0,0,0,3,3,1,470,19,5,2013,1,23,12,0,14,6,CURTIS ST,,0,41.32804167,-105.6148278,0,59,0,1,19,1,0,8,2,2,0,2,0,0000000,23,24,23,25,88,88,0,0,0,1,1
56,560030,2,2,0,0,0,3,3,21,100,26,5,2013,1,9,3,0,13,3,SR-212,I-80 RAMP,3640,41.12313056,-104.7669278,0,12,6,1,2,2,0,1,1,1,0,1,0,0000000,9,5,9,8,9,30,0,0,0,1,0
56,560031,1,1,0,0,0,2,2,13,0,26,5,2013,1,15,10,1,2,2,US-287,,260,43.139875,-108.9399417,3,1,0,0,1,1,0,4,1,1,0,1,0,0000000,15,12,15,37,16,31,0,0,0,1,1
56,560032,2,2,0,0,0,2,2,25,0,28,5,2013,3,7,35,1,2,2,US-20,,590,43.10623333,-107.3383056,0,12,6,0,1,1,0,1,1,1,0,1,0,0000000,7,43,8,29,9,37,0,0,0,1,0
56,560033,1,1,0,0,0,2,2,21,100,8,6,2013,7,23,21,1,13,2,US-85 WARREN AVE,,112,41.15374444,-104.8215361,0,33,0,0,1,1,0,4,3,1,0,1,0,0000000,23,22,23,25,23,46,0,0,0,1,0
56,560034,1,1,0,0,0,1,1,39,0,9,6,2013,1,16,46,1,2,2,US-26/89,,1470,43.3979,-110.7502,0,33,0,0,1,1,0,4,1,1,0,1,0,0000000,16,46,16,54,88,88,0,0,0,1,0
56,560035,1,1,0,0,0,3,3,21,0,19,6,2013,4,9,35,1,1,1,I-80,,3475,41.10001111,-105.0757,0,1,0,0,1,1,0,3,1,1,0,1,0,0000000,9,42,9,56,10,46,0,0,0,1,0
56,560036,2,2,0,0,0,2,2,21,100,25,6,2013,3,16,10,1,11,1,I-25,,56,41.0696,-104.866,0,12,2,0,1,1,0,1,1,1,0,1,0,0000000,16,12,16,19,16,46,0,0,0,1,0
56,560037,2,2,0,0,0,3,3,9,0,27,6,2013,5,14,16,1,1,1,I-25,,1412,42.76707778,-105.4312167,0,12,6,0,1,1,1,1,1,1,0,1,0,0000000,14,18,14,26,14,45,3,0,0,1,0
56,560038,2,2,0,0,0,2,2,13,0,27,6,2013,5,15,23,1,2,3,SR-789,,844,42.86836667,-108.6822278,0,12,6,0,1,1,0,1,1,1,0,1,0,0000000,15,24,15,30,88,88,0,0,0,1,0
56,560039,1,1,0,0,0,2,2,5,310,27,6,2013,5,18,30,0,15,6,FOX PARK RD,,0,44.27810833,-105.4293,0,1,0,0,1,1,0,4,1,1,0,1,0,0000000,18,33,18,41,19,3,0,0,0,1,0
56,560040,1,1,0,0,0,1,1,21,100,29,6,2013,7,13,48,0,15,6,KENNEDY RD,,0,41.1598,-104.8379833,0,33,0,0,1,1,0,4,1,1,0,1,0,0000000,13,48,13,51,14,9,0,0,0,1,0
56,560041,1,1,0,0,0,1,1,21,100,4,7,2013,5,18,34,0,14,3,SR-210,,18,41.13150278,-104.8639139,0,1,0,0,1,1,0,1,1,1,0,1,0,0000000,88,88,88,88,88,88,0,0,0,1,1
56,560042,2,2,0,0,0,3,3,11,0,6,7,2013,7,14,50,0,4,2,US-14,,1749,44.484,-104.8042,0,1,0,0,1,1,0,1,1,1,0,1,0,0000000,14,52,15,15,88,88,0,0,0,1,0
56,560043,1,1,0,0,0,1,1,33,0,7,7,2013,1,2,0,1,1,1,I-90,,314,44.690575,-106.9009861,0,24,0,0,1,1,0,3,2,1,0,1,0,0000000,6,15,6,31,7,5,0,0,0,1,1
56,560044,1,1,0,0,0,1,1,27,0,22,7,2013,2,22,0,1,2,2,US-20,,559,42.6854,-104.1867,0,1,0,0,1,1,0,4,2,10,8,8,0,0000000,22,3,22,14,88,88,0,0,0,1,1
56,560045,1,1,0,0,0,2,2,19,0,28,7,2013,1,1,30,0,4,3,SR-196,,2615,43.81483889,-106.6135028,0,1,0,0,1,1,0,4,2,1,0,1,0,0000000,7,1,7,16,8,6,0,0,0,1,1
56,560046,1,1,0,0,0,1,1,1,0,28,7,2013,1,21,6,0,3,3,SR-230,,171,41.1742,-105.8497222,0,31,0,0,1,1,0,4,2,1,0,1,0,0000000,21,8,21,25,88,88,0,0,0,1,1
56,560047,1,1,0,0,0,1,1,35,0,18,7,2013,5,1,20,0,3,2,US-189,,933,42.37166389,-110.1481083,0,31,0,0,1,1,0,4,2,1,0,1,0,0000000,1,24,1,41,2,4,0,0,0,1,0
56,560048,2,2,0,0,0,3,3,33,0,31,7,2013,4,11,28,0,3,2,US-14A,,908,44.73589167,-107.6621194,0,12,6,0,1,1,0,1,1,10,0,10,0,0000000,11,29,12,24,88,88,0,0,0,1,0
56,560049,2,2,0,0,0,4,4,35,0,6,8,2013,3,14,29,1,2,2,US-189,,1393,43.16161667,-110.3694806,0,12,6,0,4,1,0,1,1,1,0,1,0,0000000,14,30,15,5,16,45,0,0,0,1,0
56,560050,1,1,0,0,0,1,1,11,0,7,8,2013,4,11,15,0,4,3,SR-24,,292,44.6637,-104.3811,0,11,0,0,1,1,0,1,1,1,0,1,0,0000000,11,21,11,42,99,99,0,0,0,1,0
56,560051,1,1,0,0,0,1,1,11,0,24,8,2013,7,1,0,0,4,3,SR-24,,130,44.65632222,-104.6255028,0,31,0,0,1,1,0,4,2,1,0,1,0,0000000,88,88,88,88,88,88,0,0,0,1,1
56,560052,1,1,0,1,1,1,1,21,0,10,8,2013,7,6,37,0,6,4,CR-136-1,,39,41.21256389,-104.5974833,0,8,0,0,1,1,0,1,1,1,0,1,0,0000000,6,39,7,8,88,88,0,0,0,1,0
56,560053,1,1,0,0,0,2,2,31,0,10,9,2013,3,18,25,1,1,1,I-25,,663,41.8843,-104.8842,0,1,0,0,1,1,0,1,1,10,0,10,0,0000000,18,27,18,47,19,32,0,0,0,1,0
56,560054,3,3,0,0,0,8,8,19,0,20,9,2013,6,11,34,1,1,1,I-90,,915,44.2187,-106.1075,0,12,1,0,1,1,1,1,1,1,0,1,0,0000000,11,39,12,13,13,12,0,0,0,1,0
56,560055,1,1,0,0,0,1,1,23,0,21,9,2013,7,2,30,0,3,2,US-189,,820,42.21472222,-110.1888889,0,1,0,0,1,1,0,4,2,1,0,1,0,0000000,88,88,88,88,88,88,0,0,0,1,1
56,560056,2,2,0,0,0,2,2,7,0,24,9,2013,3,13,7,0,3,3,SR-789,,367,41.2182,-107.6924,0,12,2,0,1,1,0,1,1,1,0,1,0,0000000,13,8,13,29,14,27,0,0,0,1,0
56,560057,2,2,0,0,0,2,2,33,0,29,9,2013,1,14,50,1,2,2,US-14,,772,44.81573611,-107.3059889,0,1,0,0,1,1,0,1,1,1,0,1,0,0000000,14,55,15,8,88,88,0,0,0,1,0
56,560058,2,2,0,0,0,3,3,1,0,6,10,2013,1,12,0,1,1,1,I-80,,2871,41.4686,-105.9944,0,12,1,0,1,1,0,1,1,1,0,1,0,0000000,12,1,12,24,13,26,0,0,0,1,0
56,560059,1,1,0,0,0,3,3,3,0,25,10,2013,6,2,35,1,2,2,US-310,,2348,44.82142222,-108.3729556,0,38,0,0,1,1,0,4,2,1,0,1,0,0000000,2,54,3,3,3,18,0,0,0,2,1
56,560060,2,2,0,0,0,4,4,3,0,24,9,2013,3,18,45,1,2,2,US-16,SR-433,1855,44.26616667,-107.9801361,0,12,6,0,2,3,0,1,5,1,0,1,0,0000000,18,53,19,0,19,9,0,0,0,3,0
56,560061,2,2,0,0,0,2,2,25,90,29,9,2013,1,19,14,0,16,6,13TH ST,,0,42.83646944,-106.3676111,0,12,2,0,1,1,0,1,1,1,0,1,0,0000000,19,16,19,22,19,47,0,0,0,1,1
56,560062,2,1,1,0,2,2,4,21,0,8,10,2013,3,20,27,1,1,1,I-80,,3729,41.158,-104.6078,0,14,0,0,1,1,0,4,2,1,0,1,0,0000000,20,29,20,43,21,30,0,0,0,1,1
56,560063,1,1,0,0,0,1,1,29,0,26,10,2013,7,17,15,0,4,3,SR-296,,95,44.8465,-109.5978,0,35,0,0,1,1,0,4,1,1,0,1,0,0000000,88,88,88,88,88,88,0,0,0,1,1
56,560064,1,1,0,0,0,1,1,9,0,28,10,2013,2,21,19,0,4,4,CR-43,,11,42.88216944,-105.252725,0,23,0,0,1,1,0,4,2,3,12,3,0,0000000,21,19,21,45,88,88,0,0,0,1,1
56,560065,2,2,0,0,0,3,3,41,0,29,10,2013,3,9,0,1,1,1,I-80,,363,41.34079167,-110.4012083,0,12,1,0,1,1,0,1,1,10,0,10,0,0000000,9,4,9,22,10,25,19,27,0,1,0
56,560066,1,1,0,1,1,1,1,15,480,3,11,2013,1,17,37,1,2,2,US-85 MAIN ST,SECOND ST,1029,42.13494444,-104.3455,0,8,0,0,2,2,0,1,3,1,0,1,0,0000000,17,45,17,45,88,88,0,0,0,1,0
56,560067,1,1,0,0,0,2,2,13,0,10,11,2013,1,2,18,0,4,3,SR-132,,103,43.0794,-108.7752,3,1,0,0,1,1,0,4,2,1,0,1,0,0000000,88,88,88,88,88,88,0,0,0,2,1
56,560068,1,1,0,0,0,2,2,45,0,17,11,2013,1,15,55,0,3,3,SR-450,,140,43.766375,-104.5157444,0,1,0,0,1,1,0,4,1,1,0,1,0,0000000,15,56,15,36,16,21,0,0,0,1,0
56,560069,2,2,0,0,0,2,2,41,0,21,11,2013,5,11,33,1,1,1,I-80,,338,41.32979444,-110.4411944,0,12,2,1,19,1,0,2,1,11,0,11,0,0000000,11,33,11,52,12,34,0,0,0,1,0
56,560070,2,2,0,0,0,2,2,7,690,26,11,2013,3,12,56,0,13,2,US-287,COLORADO ST,11,41.8034,-107.2351,0,12,2,0,2,2,0,1,1,1,0,1,0,0000000,12,56,13,1,88,88,0,0,0,1,0
56,560071,2,2,0,0,0,2,2,31,0,7,12,2013,7,19,45,1,2,2,US-26,,10,42.2344,-105.0044,0,12,2,0,1,1,0,2,2,10,0,10,0,0000000,88,88,88,88,88,88,0,0,0,2,0
56,560072,2,2,0,0,0,2,2,25,90,9,12,2013,2,17,51,1,13,2,US-2026,CR-119,80,42.87949444,-106.4348722,0,12,2,0,2,2,0,1,2,11,0,11,0,0000000,17,53,17,58,18,45,0,0,0,1,1
56,560073,2,2,0,0,0,7,7,25,0,28,12,2013,7,15,12,1,2,2,US-20,,533,43.0731,-107.2252,0,12,6,0,1,1,0,1,1,1,0,1,0,0000000,15,13,15,48,17,36,19,0,0,2,1
56,560074,1,1,0,1,1,1,1,25,90,23,12,2013,2,17,4,0,16,6,E 2ND ST,S KIMBALL ST,0,42.84868611,-106.3195167,0,8,0,0,3,2,0,1,3,1,0,1,0,0000000,17,4,17,7,17,17,0,0,0,1,0
56,560075,1,1,0,0,0,1,1,21,0,29,12,2013,1,5,0,0,6,4,CR-210,,7,41.14345,-104.201775,0,35,0,0,1,1,0,4,2,99,0,99,0,0000000,7,19,7,37,88,88,0,0,0,1,1