STATE,ST_CASE,VE_TOTAL,VE_FORMS,PVH_INVL,PEDS,PERNOTMVIT,PERMVIT,PERSONS,COUNTY,CITY,DAY,MONTH,YEAR,DAY_WEEK,HOUR,MINUTE,NHS,ROAD_FNC,ROUTE,TWAY_ID,TWAY_ID2,MILEPT,LATITUDE,LONGITUD,SP_JUR,HARM_EV,MAN_COLL,RELJCT1,RELJCT2,TYP_INT,WRK_ZONE,REL_ROAD,LGT_COND,WEATHER1,WEATHER2,WEATHER,SCH_BUS,RAIL,NOT_HOUR,NOT_MIN,ARR_HOUR,ARR_MIN,HOSP_HR,HOSP_MN,CF1,CF2,CF3,FATALS,DRUNK_DR
4,40022,2,2,0,1,1,2,2,27,620,21,1,2013,2,23,30,0,14,6,24TH ST,,0,32.68392778,-114.6258222,0,8,0,0,1,1,0,1,3,1,0,1,0,0000000,23,30,23,33,23,49,0,0,0,1,0
4,40025,1,1,0,1,1,1,1,15,0,23,1,2013,4,10,29,1,2,2,US-93,,85,35.93993333,-114.6407556,0,8,0,0,1,1,0,1,1,1,0,1,0,0000000,10,32,10,32,88,88,0,0,0,1,0
4,40028,1,1,0,1,1,2,2,27,620,27,1,2013,1,22,16,1,11,7,I-8 FRONTAGE RD,,0,32.67015278,-114.4163722,0,8,0,0,1,1,0,1,2,10,0,10,0,0000000,22,18,22,22,88,88,0,0,0,1,0
4,40078,1,1,0,1,1,0,0,15,268,15,2,2013,6,14,46,0,16,6,CORAL DR,,0,34.4872,-114.3403528,0,8,0,0,8,1,0,5,1,1,0,1,0,0000000,14,49,14,55,15,6,24,0,0,1,0
4,40079,1,1,0,0,0,1,1,15,0,16,2,2013,7,22,15,1,1,1,I-40,,6,34.71821389,-114.4773444,0,1,0,1,19,1,0,4,2,1,0,1,0,0000000,22,19,22,22,88,88,0,0,0,1,1
4,40100,2,2,0,1,1,3,3,15,0,4,3,2013,2,19,20,0,2,3,SR-95,,2382,35.02290278,-114.5979889,0,8,0,0,1,1,0,1,2,1,0,1,0,0000000,19,20,19,26,88,88,0,0,0,1,0
4,40102,1,1,0,1,1,2,2,15,268,6,3,2013,4,20,53,0,15,6,PALO VERDE BLVD S,,0,34.482825,-114.3490889,0,9,0,0,8,1,0,1,2,1,0,1,0,0000000,20,57,21,0,21,12,0,0,0,1,0
4,40105,1,1,0,1,1,1,1,15,0,11,3,2013,2,10,50,1,2,3,SR-95,,1722,34.416825,-114.1967861,0,9,0,0,1,1,0,1,1,1,0,1,0,0000000,10,58,11,5,11,40,0,0,0,1,0
4,40117,1,1,0,0,0,1,1,15,0,25,3,2013,2,17,46,1,1,1,I-40,,415,35.09766389,-114.1181472,0,1,0,0,1,1,0,4,1,10,0,10,0,0000000,17,46,17,56,88,88,0,0,0,1,0
4,40122,2,2,0,0,0,2,2,15,318,29,3,2013,6,10,11,0,2,3,SR-95,CAMP MOHAVE RD,2385,35.02602778,-114.5979611,0,12,6,0,2,2,0,1,1,1,0,1,0,0000000,10,14,10,22,10,30,0,0,0,1,0
4,40148,2,2,0,0,0,2,2,12,387,4,3,2013,2,16,31,1,2,2,US-95,,1035,33.651725,-114.2171028,0,12,6,0,8,1,0,1,1,1,0,1,0,0000000,16,30,16,32,99,99,0,0,0,1,0
4,40156,1,1,0,0,0,4,4,27,0,13,3,2013,4,19,5,0,6,9,LAGUNA DAM RD,,0,32.81895833,-114.4677972,0,1,0,0,1,1,0,4,2,1,0,1,0,0000000,19,18,19,40,20,30,0,0,0,1,1
4,40162,1,1,0,0,0,1,1,12,387,2,2,2013,7,21,41,1,13,3,SR-95,KENOYER ST,1098,33.67683889,-114.2170806,0,33,0,0,3,3,0,4,3,1,0,1,0,0000000,21,42,21,45,88,88,20,0,0,1,1
4,40207,1,1,0,0,0,2,2,15,0,21,4,2013,1,15,20,0,5,9,OATMAN HWY,,0,34.945,-114.4161111,0,17,0,0,1,1,0,4,1,1,0,1,0,0000000,15,34,15,49,99,99,0,0,0,1,1
4,40208,2,2,0,0,0,4,4,27,0,22,4,2013,2,11,15,0,15,9,AVENUE D,COUNTY 9TH ST,0,32.69838056,-114.684525,0,12,6,0,2,2,0,1,1,1,0,1,0,0000000,11,20,12,25,13,53,0,0,0,3,0
4,40214,1,1,0,1,1,1,1,15,0,21,3,2013,5,21,4,1,1,1,I-40,,28,34.72153889,-114.4389833,0,8,0,1,18,1,0,1,2,1,0,1,0,0000000,21,8,21,34,88,88,0,0,0,1,0
4,40221,1,1,0,0,0,1,1,15,0,26,4,2013,6,20,13,0,3,3,SR-68,,105,35.20336944,-114.4036361,0,1,0,0,1,1,0,3,2,1,0,1,0,0000000,20,13,20,25,88,88,0,0,0,1,1
4,40225,2,1,1,0,0,9,9,12,387,3,4,2013,4,7,10,1,1,1,I-10,,198,33.66546389,-114.2017028,0,14,0,1,19,1,0,2,1,1,0,1,0,0000000,7,10,7,16,99,99,0,0,0,2,0
4,40265,2,2,0,0,0,2,2,15,260,3,5,2013,6,18,15,0,15,6,LOUISE AVE,MONROE ST,0,35.19930833,-114.017975,0,12,6,0,2,2,0,1,1,1,0,1,0,0000000,18,16,18,22,19,0,0,0,0,1,0
4,40271,1,1,0,0,0,1,1,15,0,8,5,2013,4,9,28,1,2,2,US-93,,347,35.623175,-114.4215056,0,1,0,0,1,1,0,4,1,10,0,10,0,0000000,9,28,9,41,88,88,0,0,0,1,0
4,40274,2,2,0,0,0,4,4,15,59,9,5,2013,5,15,29,0,13,3,SR-95,,2400,35.04648333,-114.5893778,0,12,2,0,1,1,0,1,1,1,0,1,0,0000000,15,29,15,37,16,41,0,0,0,2,0
4,40330,1,1,0,0,0,2,2,27,0,21,6,2013,6,22,29,0,5,9,AVENUE G,,0,32.62486111,-114.7359722,0,43,0,0,1,1,0,4,2,1,0,1,0,0000000,22,30,22,41,99,99,0,0,0,1,1
4,40378,1,1,0,0,0,3,3,15,0,6,7,2013,7,14,35,0,5,9,STOCKTON HILL RD,,0,35.44928333,-114.0288889,0,1,0,0,1,1,0,4,1,1,0,1,0,0000000,14,50,15,9,15,50,0,0,0,1,0
4,40390,2,2,0,0,0,7,7,15,260,21,7,2013,1,13,57,1,11,1,I-40,,505,35.21115833,-114.0550194,0,12,6,0,1,1,0,1,1,1,0,1,0,0000000,13,57,14,0,14,20,0,0,0,1,0
4,40395,2,2,0,0,0,2,2,15,268,29,7,2013,2,3,47,0,15,6,MCCULLOCH BLVD N,,0,34.49526667,-114.2716028,0,12,1,0,1,1,1,1,2,1,0,1,0,0000000,3,49,3,58,88,88,3,0,0,1,1
4,40403,1,1,0,0,0,5,5,12,0,26,7,2013,6,21,16,0,6,9,LAGOON DR,CHAMBER LN,0,34.22369444,-114.1961111,0,1,0,0,3,3,0,4,3,10,0,10,0,0000000,21,17,21,20,99,99,0,0,0,1,0
4,40417,1,1,0,0,0,5,5,27,417,14,6,2013,6,3,58,0,16,9,DIRT RD,,0,32.49510278,-114.7353694,0,35,0,0,1,1,0,4,6,99,0,99,0,0000000,99,99,4,15,99,99,0,0,0,1,1
4,40420,1,1,0,1,1,1,1,27,620,21,6,2013,6,21,3,0,14,6,8TH ST,12TH AVE,0,32.71306944,-114.63435,0,8,0,0,3,2,0,1,3,1,0,1,0,0000000,21,5,21,9,21,32,0,0,0,1,0
4,40442,1,1,0,0,0,1,1,27,620,1,8,2013,5,5,55,0,14,6,AVENUE A,15TH ST,0,32.7005,-114.6332833,0,30,0,0,3,2,0,4,4,1,0,1,0,0000000,5,55,6,0,6,29,0,0,0,1,1
4,40498,2,2,0,0,0,3,3,15,178,15,8,2013,5,18,45,0,6,6,LYNN DR,VALENCIA RD,0,35.033325,-114.5946333,0,12,6,0,2,3,0,1,5,1,0,1,0,0000000,18,50,18,57,20,25,0,0,0,1,0
4,40502,1,1,0,1,1,1,1,27,620,17,8,2013,7,4,52,0,14,6,24TH ST,AVENUE B,0,32.68390278,-114.6504417,0,15,0,0,3,2,0,1,3,1,0,1,0,0000000,4,53,4,57,5,17,0,0,0,1,0
4,40504,1,1,0,0,0,1,1,15,0,1,9,2013,1,23,41,0,5,9,OATMAN RD,,0,35.09953889,-114.1659556,0,35,0,0,1,1,0,4,2,1,0,1,0,0000000,0,1,0,10,0,45,0,0,0,1,1
4,40513,1,1,0,0,0,1,1,27,0,12,9,2013,5,5,0,0,6,9,LEVEE RD,,0,32.74144722,-114.4321667,0,1,0,0,1,1,0,4,2,1,0,1,0,0000000,99,99,99,99,88,88,0,0,0,1,1
4,40522,1,1,0,1,1,1,1,15,59,15,9,2013,1,4,13,0,13,3,SR-68,,23,35.19030833,-114.5307333,0,8,0,0,1,1,0,1,2,1,0,1,0,0000000,4,13,4,17,88,88,0,0,0,1,0
4,40529,2,2,0,0,0,3,3,15,268,18,9,2013,4,20,39,1,13,3,SR-95,INDUSTRIAL BLVD,1838,34.49363056,-114.3493889,0,12,6,0,2,2,0,1,2,1,0,1,0,0000000,20,39,20,42,21,19,0,0,0,1,0
4,40542,1,1,0,0,0,1,1,15,260,3,8,2013,7,23,16,1,11,1,I-40,,512,35.21521944,-114.0448194,0,1,0,0,1,1,0,4,2,1,0,1,0,0000000,23,20,23,53,88,88,0,0,0,1,1
4,40576,1,1,0,0,0,1,1,27,0,11,9,2013,4,16,43,0,6,9,COUNTY 17 3/4 ST,,0,32.57129444,-114.6247528,0,30,0,0,1,1,0,4,1,1,0,1,0,0000000,16,45,16,58,17,27,0,0,0,1,0
4,40578,2,2,0,0,0,3,3,27,620,21,9,2013,7,17,49,0,14,6,24TH ST,ARIZONA AVE,0,32.68398889,-114.6179611,0,12,1,0,3,2,0,1,1,1,0,1,0,0000000,17,49,17,52,18,5,3,28,0,1,1
4,40596,1,1,0,1,1,1,1,27,620,18,10,2013,6,19,13,0,13,2,US-95,ENGLER AVE,251,32.69861667,-114.5944611,0,8,0,0,3,2,0,1,2,1,0,1,0,0000000,19,14,19,21,88,88,0,0,0,1,0
4,40599,2,2,0,0,0,6,6,27,0,19,10,2013,7,23,16,0,6,9,COUNTY 18TH ST,AVENUE A 1/4,0,32.56747222,-114.6365083,0,12,6,0,2,3,0,1,3,1,0,1,0,0000000,23,18,23,26,23,56,0,0,0,1,0
4,40630,1,1,0,1,1,1,1,27,620,7,11,2013,5,19,12,0,13,3,SR-8B,,17,32.7051,-114.6246528,0,8,0,0,1,1,0,1,2,10,0,10,0,0000000,19,12,19,15,19,32,0,0,0,1,0
4,40633,1,1,0,0,0,1,1,15,59,14,11,2013,5,0,31,0,14,3,SR-95,,2462,35.12370278,-114.5808333,0,33,0,0,1,1,0,4,3,1,0,1,0,0000000,0,31,0,37,88,88,0,0,0,1,1
4,40642,2,2,0,0,0,4,4,15,268,28,11,2013,5,11,20,1,13,3,SR-95,,1810,34.45781389,-114.3303806,0,12,6,0,1,1,0,1,1,1,0,1,0,0000000,11,22,11,25,11,47,0,0,0,1,0
4,40658,3,3,0,0,0,5,5,15,0,21,10,2013,2,18,59,0,13,3,SR-95,DUNLAP RD,2394,35.03897778,-114.5941806,0,12,6,0,2,2,0,1,2,1,0,1,0,0000000,19,0,19,3,19,39,14,0,0,4,0
4,40660,1,1,0,0,0,4,4,27,620,25,10,2013,6,5,0,1,11,1,I-8,,102,32.67069167,-114.4793028,0,31,0,0,1,1,0,3,2,1,0,1,0,0000000,5,27,5,32,5,56,0,0,0,1,0
4,40662,2,2,0,0,0,2,2,27,0,30,10,2013,4,19,5,0,15,9,COUNTY 15TH ST,AVENUE A,0,32.61128889,-114.6325556,0,12,6,0,2,2,0,1,2,10,0,10,0,0000000,19,13,19,22,20,20,0,0,0,1,1
4,40680,1,1,0,1,1,3,3,27,0,30,11,2013,7,23,20,1,13,2,US-95,,261,32.69875556,-114.5786833,0,8,0,0,1,1,0,1,2,1,0,1,0,0000000,23,18,23,25,88,88,0,0,0,1,0
4,40722,2,2,0,0,0,4,4,15,0,24,12,2013,3,10,41,0,3,3,SR-68,,229,35.22126944,-114.2004889,0,12,2,0,1,1,0,1,1,1,0,1,0,0000000,10,42,10,49,99,99,0,0,0,1,0
4,40725,1,1,0,0,0,1,1,15,0,30,12,2013,2,16,3,1,2,2,US-93 RAMP,,671,35.21897222,-114.1199278,0,24,0,1,5,1,0,3,1,1,0,1,0,0000000,16,4,16,13,88,88,0,0,0,1,0
4,40766,1,1,0,0,0,1,1,27,620,23,2,2013,7,3,39,0,14,6,16TH ST,,0,32.69846667,-114.6506,0,30,0,0,1,1,0,4,3,1,0,1,0,0000000,3,40,3,43,3,59,0,0,0,1,1
6,60001,1,1,0,1,1,1,1,37,1980,1,1,2013,3,2,55,0,12,3,SR-1,,382,34.036825,-118.5378778,0,8,0,0,1,1,0,1,3,1,0,1,0,0000000,99,99,99,99,88,88,0,0,0,1,0
6,60002,2,2,0,0,0,2,2,77,0,1,1,2013,3,16,50,0,4,4,CR-WALNUT GROVE RD,WALNUT GROVE CT,0,38.22557778,-121.4886083,0,12,6,0,2,3,0,1,2,1,0,1,0,0000000,99,99,99,99,99,99,0,0,0,1,0
6,60003,2,2,0,0,0,3,3,85,0,2,1,2013,4,13,15,1,2,3,SR-152,,339,37.05909722,-121.2383194,0,12,7,0,1,1,0,1,1,1,0,1,0,0000000,99,99,99,99,99,99,0,0,0,1,0
6,60004,1,1,0,1,1,1,1,85,3340,4,1,2013,6,19,21,1,12,2,US-101,,385,37.36571111,-121.90485,0,8,0,0,1,1,0,1,2,1,0,1,0,0000000,99,99,99,99,88,88,0,0,0,1,0
6,60005,1,1,0,1,1,1,1,29,0,3,1,2013,5,5,40,1,1,1,I-5,,314,35.18633889,-119.1379944,0,8,0,0,1,1,0,1,2,1,0,1,0,0000000,99,99,99,99,88,88,0,0,0,1,0
6,60006,2,1,1,0,0,1,1,73,0,3,1,2013,5,18,8,0,6,4,CR-ALTURAS RD,,0,33.37609444,-117.2579361,0,14,0,0,1,1,0,4,3,1,0,1,0,0000000,99,99,99,99,88,88,0,0,0,1,1
6,60007,4,1,3,0,0,1,1,73,3260,8,1,2013,3,0,15,0,14,6,MURRAY RIDGE RD,,0,32.80097222,-117.1421194,0,14,0,0,1,1,0,7,3,1,0,1,0,0000000,99,99,99,99,99,99,14,0,0,1,1
6,60008,2,2,0,0,0,3,3,23,0,3,1,2013,5,18,49,0,2,3,SR-36,,15,40.54631944,-124.1164889,0,12,2,0,1,1,0,1,2,1,0,1,0,0000000,99,99,99,99,99,99,0,0,0,1,0
6,60009,1,1,0,0,0,1,1,37,1980,8,1,2013,3,1,30,0,13,6,OLD SAN FERNANDO RD,TUXFORD ST,0,34.22776667,-118.3806444,0,33,0,0,3,3,0,4,3,1,0,1,0,0000000,99,99,99,99,99,99,0,0,0,1,1
6,60010,2,2,0,0,0,2,2,99,0,3,1,2013,5,6,35,0,4,4,CR-ORANGE BLOSSOM RD,,0,37.7976,-120.7284194,0,12,2,0,1,1,0,1,2,1,0,1,0,0000000,99,99,99,99,99,99,0,0,0,1,0
6,60011,1,1,0,1,1,1,1,65,2650,8,1,2013,3,17,52,0,15,6,PALM CANYON DR,AVENIDA PALMERA,0,33.80409444,-116.5456139,0,8,0,0,3,3,0,1,2,1,0,1,0,0000000,99,99,99,99,88,88,0,0,0,1,0
6,60012,2,2,0,0,0,3,3,19,740,6,1,2013,1,13,22,0,13,6,CLOVIS AVE,SCOTT AVE,0,36.81121389,-119.70035,0,12,6,0,2,3,0,1,1,10,2,2,0,0000000,99,99,99,99,99,99,0,0,0,1,0
6,60013,1,1,0,0,0,1,1,83,0,8,1,2013,3,20,59,0,4,4,CR-COLD SPRINGS RD,,0,34.44546944,-119.6583889,0,1,0,0,1,1,0,1,2,1,0,1,0,0000000,99,99,99,99,88,88,0,0,0,1,0
6,60014,3,3,0,0,0,4,4,71,0,6,1,2013,1,16,9,1,2,3,SR-62,,37,34.07061389,-116.5497278,0,12,6,0,1,1,0,1,1,10,0,10,0,0000000,99,99,99,99,99,99,0,0,0,1,1
6,60015,1,1,0,1,1,1,1,65,612,8,1,2013,3,99,99,0,15,6,CATHEDRAL CYN DR,,0,33.7766,-116.4668472,0,8,0,0,1,1,0,1,2,1,0,1,0,0000000,99,99,99,99,88,88,0,0,0,1,0
6,60016,1,1,0,1,1,1,1,107,4050,9,1,2013,4,3,31,0,14,6,GOSHEN AVE,MILLER PARK CT,0,36.34172778,-119.4092278,0,8,0,0,2,3,0,1,2,5,0,5,0,0000000,99,99,99,99,99,99,0,0,0,1,0
6,60017,1,1,0,1,1,1,1,73,3260,3,1,2013,5,17,50,0,13,6,CLAIREMONT MESA BLVD,,0,32.83412222,-117.1734083,0,9,0,0,1,1,0,1,3,1,0,1,0,0000000,99,99,99,99,88,88,0,0,0,1,0
6,60018,2,2,0,0,0,4,4,39,0,4,1,2013,6,8,46,0,2,3,SR-152,RD 17 1/2,146,37.08396389,-120.22945,0,12,6,0,2,2,0,1,1,5,0,5,0,0000000,99,99,99,99,99,99,0,0,0,2,0
6,60019,1,1,0,1,1,1,1,59,80,3,1,2013,5,23,57,0,13,6,E LINCOLN AVE,,0,33.83795833,-117.8768861,0,8,0,0,1,1,0,1,3,1,0,1,0,0000000,99,99,99,99,88,88,0,0,0,1,0
6,60020,2,2,0,0,0,4,4,77,0,4,1,2013,6,11,10,1,1,1,I-205,,31,37.74026944,-121.4989611,0,12,7,0,1,1,0,1,1,1,0,1,0,0000000,99,99,99,99,99,99,0,0,0,1,0
6,60021,2,2,0,0,0,3,3,113,4163,4,1,2013,6,16,5,1,11,1,I-80 RAMP,,96,38.57448889,-121.5719,0,12,6,1,5,1,0,1,1,1,0,1,0,0000000,99,99,99,99,99,99,0,0,0,1,0
6,60022,2,2,0,0,0,2,2,29,0,4,1,2013,6,17,0,0,4,4,CR-EDISON RD,CR-MULLER RD,0,35.32538333,-118.8785972,0,12,6,0,2,2,0,1,5,1,0,1,0,0000000,99,99,99,99,99,99,0,0,0,1,0
6,60023,2,2,0,0,0,6,6,45,0,4,1,2013,6,20,55,0,2,3,SR-20,,291,39.39116667,-123.414575,0,12,6,0,1,1,0,1,2,1,0,1,0,0000000,99,99,99,99,99,99,0,0,0,1,0
6,60024,1,1,0,1,1,1,1,37,2700,9,1,2013,4,19,42,1,11,1,I-210,,283,34.15228056,-118.1017889,0,8,0,0,1,1,0,1,3,1,0,1,0,0000000,99,99,99,99,99,99,0,0,0,1,0
6,60025,1,1,0,1,1,1,1,37,2020,4,1,2013,6,21,35,0,16,6,LYNWOOD RD,,0,33.92195,-118.2054917,0,8,0,0,1,1,0,1,2,1,0,1,0,0000000,99,99,99,99,99,99,0,0,0,1,0
6,60026,1,1,0,1,1,1,1,71,3210,9,1,2013,4,22,24,0,14,6,W KENDALL DR,,0,34.16903056,-117.3156306,0,8,0,0,1,1,1,1,3,1,0,1,0,0000000,22,24,22,31,99,99,0,0,0,1,1
6,60027,1,1,0,1,1,1,1,97,3490,4,1,2013,6,21,8,0,16,6,PETERSON LN,,0,38.45354167,-122.7644917,0,8,0,0,1,1,0,1,3,1,0,1,0,0000000,99,99,99,99,99,99,0,0,0,1,0
6,60028,1,1,0,1,1,1,1,37,1970,5,1,2013,7,5,37,0,14,6,PALO VERDE AVE,BELEN ST,0,33.80921111,-118.1079222,0,8,0,0,2,3,0,1,3,1,0,1,0,0000000,99,99,99,99,99,99,0,0,0,1,0
6,60029,1,1,0,0,0,2,2,29,0,5,1,2013,7,99,99,0,4,4,CR-ELK HILLS RD,,0,35.33995,-119.4656194,0,35,0,0,1,1,0,4,2,1,0,1,0,0000000,99,99,99,99,99,99,0,0,0,1,0
6,60030,2,1,1,1,1,1,1,59,3420,10,1,2013,5,6,38,0,16,6,ORANGE AVE,STANFORD ST,0,33.72627222,-117.865225,0,8,0,0,3,2,0,1,4,10,2,2,0,0000000,99,99,99,99,88,88,14,0,0,1,0
6,60031,1,1,0,1,1,1,1,37,1980,5,1,2013,7,20,10,0,14,6,SATICOY ST,,0,34.20841111,-118.5035,0,8,0,0,1,1,0,1,3,1,0,1,0,0000000,99,99,99,99,99,99,0,0,0,1,0
6,60032,1,1,0,0,0,1,1,37,1980,6,1,2013,1,7,25,0,12,3,SR-110,,272,34.09353056,-118.2062194,0,33,0,0,1,1,0,4,1,10,0,10,0,0000000,99,99,99,99,99,99,0,0,0,1,1
6,60033,2,1,1,1,1,1,1,37,2684,12,1,2013,7,4,17,1,11,1,I-105,,140,33.91134722,-118.169675,0,14,0,0,1,1,0,8,3,1,0,1,0,0000000,99,99,99,99,99,99,23,0,0,1,1
6,60034,1,1,0,0,0,1,1,103,0,6,1,2013,1,9,24,0,2,3,SR-36,,496,40.25728889,-122.1414806,0,17,0,0,1,1,0,5,1,10,0,10,0,0000000,99,99,99,99,88,88,0,0,0,1,0
6,60035,1,1,0,0,0,1,1,85,3340,6,1,2013,1,14,35,0,12,3,SR-85 RAMP,ALMADEN EXPRESSWAY,64,37.25431111,-121.87515,0,38,0,1,3,2,0,5,1,10,0,10,0,0000000,99,99,99,99,99,99,0,0,0,1,1
6,60036,1,1,0,0,0,3,3,67,3150,13,1,2013,1,2,8,1,12,3,SR-99,,216,38.52133333,-121.466,0,33,0,0,1,1,0,4,3,1,0,1,0,0000000,99,99,99,99,99,99,0,0,0,1,1
6,60037,1,1,0,2,2,1,1,59,2560,12,1,2013,7,15,34,0,13,6,N TUSTIN ST,,0,33.81527778,-117.8358389,0,33,0,0,1,1,0,4,1,1,0,1,0,0000000,99,99,99,99,99,99,0,0,0,1,0
6,60038,2,2,0,0,0,4,4,19,3310,9,1,2013,4,17,2,0,14,6,ACADEMY AVE,CENTRAL AVE,0,36.67775833,-119.5564917,0,12,6,0,2,2,0,1,5,10,0,10,0,0000000,99,99,99,99,99,99,0,0,0,2,0
6,60039,2,2,0,0,0,3,3,67,0,7,1,2013,2,3,42,0,2,3,SR-16,,100,38.5114,-121.26865,0,12,2,0,1,1,0,1,2,5,0,5,0,0000000,99,99,99,99,99,99,0,0,0,1,0
6,60040,1,1,0,2,2,2,2,37,1980,13,1,2013,1,2,55,0,13,6,LEIMERT BL,,0,34.00578611,-118.3290167,0,8,0,0,1,1,0,1,3,1,0,1,0,0000000,99,99,99,99,88,88,0,0,0,2,0
6,60041,1,1,0,0,0,1,1,37,0,13,1,2013,1,3,5,1,12,3,SR-60 RAMP,,36,34.03571111,-118.1668472,0,33,0,1,5,1,0,8,3,1,0,1,0,0000000,99,99,99,99,88,88,0,0,0,1,1
6,60042,1,1,0,1,1,1,1,37,3445,7,1,2013,2,8,42,0,16,6,VIA PRINCESSA,OAK RIDGE DR,0,34.39727222,-118.5358917,0,8,0,0,2,2,0,1,1,1,0,1,0,0000000,99,99,99,99,99,99,0,0,0,1,0
6,60043,1,1,0,1,1,1,1,65,612,13,1,2013,1,99,99,0,13,6,E PALM CNYN DR,,0,33.78914722,-116.4834694,0,8,0,0,1,1,0,1,2,1,0,1,0,0000000,99,99,99,99,88,88,0,0,0,1,0
6,60044,1,1,0,0,0,2,2,17,0,7,1,2013,2,13,25,0,3,4,CR-SLY PARK RD,CR-SHELL LANE,0,38.68533611,-120.6510694,0,42,0,0,3,3,0,4,1,1,0,1,0,0000000,99,99,99,99,99,99,0,0,0,1,1
6,60045,2,2,0,0,0,2,2,73,3260,6,1,2013,1,7,57,0,16,6,GRAND AVE,LEE ST,0,32.80126667,-117.2245944,0,1,0,0,3,3,0,1,1,10,0,10,0,0000000,99,99,99,99,99,99,0,0,0,1,1
6,60046,2,2,0,0,0,2,2,73,3260,6,1,2013,1,8,15,0,13,6,FRIARS RD,,0,32.78846944,-117.1131667,0,12,6,1,5,1,0,1,1,2,10,2,0,0000000,99,99,99,99,88,88,0,0,0,1,0
6,60047,1,1,0,0,0,3,3,37,1980,13,1,2013,1,4,0,1,11,1,I-5 RAMP,,260,34.1414,-118.2790389,0,33,0,1,5,1,0,4,2,1,0,1,0,0000000,99,99,99,99,99,99,0,0,0,1,1
6,60048,1,1,0,0,0,1,1,77,0,13,1,2013,1,99,99,0,4,4,CR-TRACY BLVD,CR-HOWARD RD,0,37.85082222,-121.449325,0,35,0,0,3,3,0,5,3,1,0,1,0,0000000,99,99,99,99,88,88,0,0,0,1,1
6,60049,1,1,0,0,0,1,1,23,0,12,1,2013,7,0,30,0,6,4,CR-MATTOLE RD,,0,40.23523889,-124.1569944,0,38,0,0,1,1,0,4,2,1,0,1,0,0000000,99,99,99,99,88,88,0,0,0,1,1
6,60050,2,2,0,0,0,2,2,37,0,14,1,2013,2,10,30,1,2,3,SR-138,,244,34.77556667,-118.3903083,0,12,2,0,1,1,0,1,1,1,0,1,0,0000000,99,99,99,99,88,88,0,0,0,1,0
6,60051,1,1,0,1,1,1,1,37,2645,7,1,2013,2,21,3,0,14,6,TIERRA SUBIDA AVE,,0,34.58458056,-118.1474583,0,8,0,0,1,1,0,1,3,1,0,1,0,0000000,99,99,99,99,88,88,0,0,0,1,0
6,60052,1,1,0,1,1,1,1,37,2700,10,1,2013,5,9,20,1,11,1,I-210,,224,34.18161944,-118.1698,0,8,0,0,1,1,0,3,1,10,0,10,0,0000000,99,99,99,99,99,99,23,0,0,1,0
6,60053,1,1,0,0,0,1,1,99,0,13,1,2013,1,16,55,0,2,4,CR-VILLA MANUCHA RD,,0,37.36288889,-121.0256,0,1,0,0,1,1,0,5,1,1,0,1,0,0000000,99,99,99,99,88,88,0,0,0,1,1
6,60054,3,2,1,0,0,3,3,37,1980,12,1,2013,7,22,10,0,13,6,LA BREA AVE,,0,34.10002222,-118.3447333,0,1,0,0,1,1,0,1,3,1,0,1,0,0000000,99,99,99,99,99,99,14,0,0,1,1
6,60055,1,1,0,0,0,2,2,77,0,20,1,2013,1,14,10,1,2,3,SR-12,,86,38.11608333,-121.42615,0,34,0,0,1,1,0,5,1,1,0,1,0,0000000,99,99,99,99,99,99,0,0,0,1,0
6,60056,1,1,0,0,0,4,4,55,0,13,1,2013,1,1,35,0,6,4,CR-WILD HORSE VALLEY RD,,0,38.29373889,-122.2339389,0,38,0,0,1,1,0,4,2,1,0,1,0,0000000,99,99,99,99,99,99,0,0,0,1,0
6,60057,1,1,0,0,0,1,1,37,1970,15,1,2013,3,6,32,0,12,3,SR-1,ANAHEIM ST,28,33.78268333,-118.1326861,0,59,0,0,3,2,0,5,3,1,0,1,0,0000000,99,99,99,99,88,88,0,0,0,1,0
6,60058,2,2,0,0,0,3,3,67,3150,14,1,2013,2,12,37,0,13,6,EL CAMINO AVE,CLAY ST,0,38.61113889,-121.4392306,0,12,6,0,2,2,0,1,1,1,0,1,0,0000000,99,99,99,99,88,88,20,0,0,1,0
6,60059,1,1,0,0,0,6,6,37,1970,19,1,2013,7,20,42,0,13,6,DEL AMO BLVD,BRAYTON AVE,0,33.8469,-118.1759806,0,33,0,0,3,2,0,3,3,1,0,1,0,0000000,99,99,99,99,99,99,0,0,0,1,1
6,60060,1,1,0,1,1,1,1,37,1970,15,1,2013,3,19,17,0,14,6,BELLFLOWER BL,ATHERTON ST,0,33.78850833,-118.1244722,0,9,0,0,2,2,0,1,3,1,0,1,0,0000000,99,99,99,99,99,99,0,0,0,1,0
6,60061,2,2,0,0,0,3,3,19,0,14,1,2013,2,17,33,1,2,3,SR-41,,18,36.42838611,-119.8016861,0,12,6,0,1,1,0,1,2,1,0,1,0,0000000,99,99,99,99,99,99,0,0,0,1,0
6,60062,2,2,0,0,0,3,3,73,3260,10,1,2013,5,22,15,1,11,1,I-5,,247,32.82058889,-117.22775,0,12,1,0,1,1,0,1,2,10,0,10,0,0000000,99,99,99,99,99,99,0,0,0,1,0
6,60063,1,1,0,1,1,2,2,29,0,11,1,2013,6,19,35,1,12,3,SR-58,,539,35.35271111,-119.0123389,0,8,0,0,1,1,0,1,2,1,0,1,0,0000000,99,99,99,99,99,99,0,0,0,1,0
6,60064,1,1,0,0,0,2,2,85,3340,12,1,2013,7,1,35,1,11,1,I-880 RAMP,,44,37.36808056,-121.9009306,0,59,0,1,5,1,1,8,2,10,0,10,0,0000000,99,99,99,99,99,99,0,0,0,2,1