STATE,ST_CASE,VE_TOTAL,VE_FORMS,PVH_INVL,PEDS,PERNOTMVIT,PERMVIT,PERSONS,COUNTY,CITY,DAY,MONTH,YEAR,DAY_WEEK,HOUR,MINUTE,NHS,ROAD_FNC,ROUTE,TWAY_ID,TWAY_ID2,MILEPT,LATITUDE,LONGITUD,SP_JUR,HARM_EV,MAN_COLL,RELJCT1,RELJCT2,TYP_INT,WRK_ZONE,REL_ROAD,LGT_COND,WEATHER1,WEATHER2,WEATHER,SCH_BUS,RAIL,NOT_HOUR,NOT_MIN,ARR_HOUR,ARR_MIN,HOSP_HR,HOSP_MN,CF1,CF2,CF3,FATALS,DRUNK_DR
6,60065,1,1,0,1,1,3,3,95,1260,12,1,2013,7,17,54,0,13,6,N TEXAS ST,OAK ST,0,38.26206111,-122.0342222,0,8,0,0,3,3,0,1,2,1,0,1,0,0000000,99,99,99,99,99,99,0,0,0,1,0
6,60066,1,1,0,0,0,2,2,65,0,12,1,2013,7,23,30,0,4,4,CR-INDIANA AVE,,0,33.87411111,-117.5220778,0,5,0,0,1,1,0,1,3,1,0,1,0,0000000,99,99,99,99,99,99,0,0,0,1,0
6,60067,1,1,0,0,0,1,1,45,0,14,1,2013,2,19,12,1,2,2,US-101,,512,39.46866111,-123.3554139,0,42,0,0,1,1,0,5,2,1,0,1,0,0000000,99,99,99,99,88,88,0,0,0,1,0
6,60068,1,1,0,1,1,1,1,89,0,14,1,2013,2,19,40,0,2,3,SR-299,,310,40.63628056,-122.2494194,0,9,0,0,1,1,0,1,2,1,0,1,0,0000000,99,99,99,99,88,88,0,0,0,1,0
6,60069,1,1,0,1,1,1,1,85,940,15,1,2013,3,7,1,0,13,6,FOOTHILL BLVD,CUPERTINO RD,0,37.32306111,-122.0687194,0,8,0,0,3,3,0,1,4,10,0,10,0,0000000,99,99,99,99,88,88,0,0,0,1,0
6,60070,2,2,0,0,0,2,2,79,0,15,1,2013,3,10,21,0,2,3,SR-1,CHANEY AVE,333,35.42134722,-120.8774583,0,12,6,0,2,2,0,1,1,1,0,1,0,0000000,99,99,99,99,99,99,0,0,0,1,0
6,60071,1,1,0,0,0,4,4,69,0,17,1,2013,5,18,55,0,3,4,CR-UNION RD,,0,36.83781944,-121.4517806,0,35,0,0,1,1,0,5,3,1,0,1,0,0000000,99,99,99,99,99,99,0,0,0,1,0
6,60072,1,1,0,0,0,2,2,29,0,18,1,2013,6,3,0,0,3,4,CR-BROWNING RD,SR-155,0,35.76043889,-119.2232306,0,42,0,0,3,2,0,5,2,1,0,1,0,0000000,99,99,99,99,99,99,0,0,0,1,1
6,60073,1,1,0,0,0,4,4,85,0,18,1,2013,6,12,50,0,5,4,CR-SAN FELIPE RD,,0,37.26453889,-121.7307389,0,35,0,0,1,1,0,4,1,1,0,1,0,0000000,99,99,99,99,99,99,0,0,0,1,0
6,60074,1,1,0,1,1,4,4,37,1980,18,1,2013,6,18,0,0,14,6,GLENOAKS AVE,,0,34.24021667,-118.3773972,0,8,0,0,1,1,0,1,3,1,0,1,0,0000000,99,99,99,99,99,99,0,0,0,1,0
6,60075,1,1,0,0,0,1,1,33,0,19,1,2013,7,0,5,1,2,3,SR-29,,210,38.91047778,-122.624525,0,42,0,0,1,1,0,4,2,1,0,1,0,0000000,99,99,99,99,88,88,0,0,0,1,1
6,60076,1,1,0,1,1,1,1,39,0,19,1,2013,7,10,40,0,6,4,CR-YOSEMITE SPRINGS PARKWAY,CR- ROAD 400,0,37.20616389,-119.7765167,0,15,0,0,2,3,0,1,1,1,0,1,0,0000000,99,99,99,99,88,88,0,0,0,1,0
6,60077,1,1,0,0,0,1,1,97,3490,19,1,2013,7,11,59,0,14,6,STONY POINT RD,,0,38.43526111,-122.7426333,0,42,0,0,1,1,0,4,1,1,0,1,0,0000000,99,99,99,99,99,99,0,0,0,1,0
6,60078,1,1,0,1,1,2,2,37,1980,19,1,2013,7,17,45,0,13,6,SEPULVEDA BLVD,HAYNES ST,0,34.18843611,-118.4661806,0,15,0,0,3,3,0,1,3,1,0,1,0,0000000,99,99,99,99,99,99,0,0,0,1,0
6,60079,1,1,0,1,1,1,1,19,1370,19,1,2013,7,20,6,0,14,6,BALMONT AVE,,0,36.75064167,-119.7873472,0,8,0,0,1,1,0,1,3,1,0,1,0,0000000,99,99,99,99,99,99,0,0,0,1,0
6,60080,1,1,0,0,0,1,1,85,2311,20,1,2013,1,0,23,0,13,6,CENTRAL EXPRESSWAY,,0,37.39268056,-122.07075,0,42,0,0,1,1,0,3,3,1,0,1,0,0000000,99,99,99,99,88,88,0,0,0,1,1
6,60081,1,1,0,0,0,1,1,31,0,20,1,2013,1,1,0,0,4,4,CR-FLINT AVE,,0,36.37188889,-119.65735,0,1,0,0,1,1,0,5,2,1,0,1,0,0000000,99,99,99,99,88,88,0,0,0,1,1
6,60082,2,2,0,0,0,3,3,71,0,14,1,2013,2,23,5,0,2,3,SR-138,,1,34.45115,-117.6589111,0,12,2,0,1,1,0,1,2,1,0,1,0,0000000,99,99,99,99,99,99,0,0,0,1,0
6,60083,5,5,0,0,0,6,6,37,1980,10,1,2013,5,11,35,0,13,6,LAUREL CANYON BLVD,,0,34.11539722,-118.3744139,0,12,8,0,1,1,0,1,1,1,0,1,0,0000000,99,99,99,99,99,99,0,0,0,1,0
6,60084,2,2,0,0,0,3,3,65,0,19,1,2013,7,20,12,1,1,1,I-10,,1364,33.60843889,-114.8792611,0,12,1,0,1,1,0,1,2,1,0,1,0,0000000,99,99,99,99,99,99,0,0,0,1,0
6,60085,5,1,4,0,0,3,3,73,3260,19,1,2013,7,2,48,0,14,6,MISSION BAY DR,,0,32.77161667,-117.2475722,0,14,0,0,1,1,0,7,3,1,0,1,0,0000000,99,99,99,99,99,99,14,0,0,1,1
6,60086,3,1,2,1,2,1,2,73,0,19,1,2013,7,4,10,1,11,1,I-8,,230,32.85299167,-116.8650806,0,14,0,0,1,1,0,2,2,1,0,1,0,0000000,99,99,99,99,88,88,23,14,15,1,1
6,60087,1,1,0,1,1,2,2,71,1605,15,1,2013,3,1,10,0,14,6,3RD ST,,0,34.10456667,-117.2572806,0,8,0,0,1,1,0,1,3,1,0,1,0,0000000,99,99,99,99,88,88,0,0,0,1,0
6,60088,2,2,0,0,0,3,3,97,0,20,1,2013,1,15,20,0,4,4,CR-1,,0,38.29968611,-122.8265444,0,12,6,0,8,1,0,1,1,1,0,1,0,0000000,99,99,99,99,99,99,0,0,0,1,1
6,60089,1,1,0,0,0,1,1,29,0,21,1,2013,2,0,25,0,6,4,CR-ATHEL AVE,,0,35.68126389,-117.8435667,0,1,0,0,1,1,0,5,2,1,0,1,0,0000000,99,99,99,99,99,99,0,0,0,1,1
6,60090,1,1,0,1,1,1,1,73,0,20,1,2013,1,19,8,0,2,3,SR-76,,280,33.34038889,-117.0117,0,8,0,0,1,1,0,1,2,1,0,1,0,0000000,99,99,99,99,88,88,0,0,0,1,0
6,60091,1,1,0,1,1,1,1,1,1364,21,1,2013,2,7,3,0,13,6,PASEO PADRE PDWY,,0,37.57207222,-122.0154417,0,9,0,0,1,1,0,1,4,1,0,1,0,0000000,99,99,99,99,88,88,0,0,0,1,0
6,60092,2,2,0,0,0,4,4,71,790,18,1,2013,6,19,29,0,13,6,RIVERSIDE AVE,,0,34.01966667,-117.3625194,0,12,6,0,8,1,0,1,3,1,0,1,0,0000000,99,99,99,99,99,99,0,0,0,3,1
6,60093,1,1,0,0,0,2,2,95,4010,21,1,2013,2,8,22,1,11,1,I-80,,269,38.3582,-121.9749,0,43,0,0,1,1,0,4,1,1,0,1,0,0000000,99,99,99,99,99,99,0,0,0,1,0
6,60094,1,1,0,1,1,1,1,29,0,23,1,2013,4,5,8,0,6,4,CR-DIGIORGIO RD,,0,35.25238889,-118.9756194,0,8,0,0,1,1,0,1,2,10,0,10,0,0000000,99,99,99,99,88,88,0,0,0,1,0
6,60095,1,1,0,0,0,2,2,111,0,3,1,2013,5,21,53,0,4,4,CR-LAS POSAS RD,,0,34.12866111,-119.08175,0,34,0,0,1,1,0,4,2,1,0,1,0,0000000,99,99,99,99,99,99,0,0,0,1,0
6,60096,1,1,0,0,0,1,1,37,1980,23,1,2013,4,8,10,0,12,3,SR-110 RAMP,,271,34.09248889,-118.2061694,0,25,0,1,5,1,0,4,1,10,0,10,0,0000000,99,99,99,99,99,99,0,0,0,1,0
6,60097,1,1,0,1,1,1,1,73,710,20,1,2013,1,19,54,0,15,6,BAY BLVD,H ST,0,32.62891667,-117.0966417,0,8,0,0,2,2,0,1,3,1,0,1,0,0000000,99,99,99,99,99,99,0,0,0,1,0
6,60098,2,2,0,0,0,3,3,71,0,5,1,2013,7,13,15,0,2,3,SR-330,,334,34.10426944,-117.1017389,0,12,2,0,1,1,0,3,1,1,0,1,0,0000000,99,99,99,99,99,99,0,0,0,1,0
6,60099,1,1,0,1,1,1,1,1,2480,23,1,2013,4,20,35,1,11,1,I-980 RAMP,,6,37.80680833,-122.2783139,0,8,0,1,20,1,0,1,2,2,10,2,0,0000000,99,99,99,99,88,88,0,0,0,1,0
6,60100,1,1,0,1,1,8,8,73,2340,5,1,2013,7,18,23,0,14,6,HIGHLAND AVE,E 20TH ST,0,32.66776111,-117.0946778,0,8,0,0,3,3,0,1,3,1,0,1,0,0000000,99,99,99,99,99,99,0,0,0,1,0
6,60101,1,1,0,0,0,1,1,77,0,23,1,2013,4,21,39,0,5,4,CR-MANTECA RD,CR-TRAHERN RD,0,37.70668056,-121.2149694,0,58,0,0,3,3,0,5,2,10,0,10,0,0000000,99,99,99,99,88,88,0,0,0,1,1
6,60102,2,2,0,0,0,4,4,53,3180,20,1,2013,1,19,11,0,13,6,S SANBORN RD,MCGOWAN RD,0,36.67091667,-121.627575,0,12,6,0,2,3,0,1,3,1,0,1,0,0000000,99,99,99,99,99,99,0,0,0,1,0
6,60103,1,1,0,1,1,1,1,99,2200,6,1,2013,1,3,59,0,13,6,SCENIC DR,COFFEE RD,0,37.64900556,-120.9755222,0,8,0,0,3,2,0,1,3,2,0,2,0,0000000,99,99,99,99,99,99,0,0,0,1,0
6,60104,2,2,0,0,0,3,3,71,0,25,1,2013,6,11,5,1,2,2,US-395,,360,34.855475,-117.5036111,0,12,2,0,1,1,0,1,1,10,2,2,0,0000000,99,99,99,99,99,99,0,0,0,1,0
6,60105,1,1,0,0,0,1,1,71,1603,10,1,2013,5,8,26,1,1,1,I-15,,287,34.36266111,-117.4327,0,30,0,0,1,1,0,4,1,4,0,4,0,0000000,99,99,99,99,99,99,0,0,0,1,0
6,60106,1,1,0,1,1,2,2,59,1410,22,1,2013,3,18,40,0,13,6,CHAPMAN AVE,,0,33.788675,-117.9415,0,8,0,0,1,1,0,1,3,1,0,1,0,0000000,99,99,99,99,99,99,0,0,0,1,0
6,60107,2,2,0,0,0,7,7,13,1100,27,1,2013,1,20,45,1,11,1,I-80,,17,37.92254444,-122.3186806,0,12,7,0,1,1,0,1,2,1,0,1,0,0000000,99,99,99,99,99,99,0,0,0,1,0
6,60108,2,2,0,0,0,2,2,73,0,25,1,2013,6,12,17,0,2,3,SR-76,,150,33.31453056,-117.1904306,0,12,6,0,1,1,0,1,1,2,10,2,0,0000000,99,99,99,99,88,88,0,0,0,1,0
6,60109,1,1,0,1,1,2,2,37,1970,25,1,2013,6,18,58,0,13,6,7TH ST,,0,33.774225,-118.1095472,0,8,0,0,1,1,0,1,3,2,10,2,0,0000000,99,99,99,99,88,88,0,0,0,1,0
6,60110,2,2,0,0,0,2,2,95,4020,10,1,2013,5,6,40,0,12,3,SR-37,,98,38.14171111,-122.2536472,0,12,7,0,1,1,0,1,2,1,0,1,0,0000000,99,99,99,99,99,99,0,0,0,1,0
6,60111,2,2,0,0,0,4,4,47,0,26,1,2013,7,9,10,0,2,4,CR-WINTON WAY,CR-GERTRUDE AVE,0,37.37497222,-120.6136528,0,12,6,0,2,2,0,1,1,1,0,1,0,0000000,99,99,99,99,99,99,0,0,0,1,0
6,60112,2,2,0,0,0,9,9,71,2960,17,1,2013,5,9,27,0,13,6,ORANGE ST,,0,34.08377222,-117.1823944,0,33,0,0,1,1,0,4,1,1,0,1,0,0000000,99,99,99,99,99,99,0,0,0,3,0
6,60113,1,1,0,0,0,5,5,81,1343,27,1,2013,1,21,42,1,12,3,SR-92,,132,37.56011111,-122.2785639,0,24,0,0,1,1,0,4,3,1,0,1,0,0000000,99,99,99,99,99,99,0,0,0,3,0
6,60114,1,1,0,1,1,1,1,83,3430,15,1,2013,3,1,8,1,12,2,US-101,,145,34.41358056,-119.7041806,0,8,0,0,1,1,0,1,2,1,0,1,0,0000000,99,99,99,99,88,88,0,0,0,1,0
6,60115,1,1,0,0,0,1,1,5,0,28,1,2013,2,18,33,0,2,3,SR-49,,144,38.45068889,-120.8646889,0,1,0,0,1,1,0,2,2,1,0,1,0,0000000,99,99,99,99,99,99,0,0,0,1,0
6,60116,2,2,0,0,0,3,3,37,0,26,1,2013,7,17,39,0,2,4,CR-SIERRA HIGHWAY,,0,34.48073056,-118.3883194,0,12,2,0,1,1,0,1,2,1,0,1,0,0000000,99,99,99,99,99,99,0,0,0,1,1
6,60117,2,2,0,0,0,2,2,71,4040,25,1,2013,6,12,3,0,14,6,VILLAGE DR,,0,34.56281667,-117.3394083,0,12,6,0,1,1,0,1,1,2,0,2,0,0000000,99,99,99,99,88,88,0,0,0,1,0
6,60118,1,1,0,1,1,1,1,65,2278,8,1,2013,3,20,53,0,14,6,PERRIS BL,,0,33.89856111,-117.2263083,0,8,0,0,1,1,0,1,3,1,0,1,0,0000000,99,99,99,99,99,99,0,0,0,1,1
6,60119,2,2,0,0,0,3,3,37,3470,28,1,2013,2,13,3,0,13,6,PICO BLVD,25TH ST,0,34.02259167,-118.4635722,0,12,6,0,2,3,0,1,1,1,0,1,0,0000000,99,99,99,99,88,88,0,0,0,1,0
6,60120,2,2,0,0,0,2,2,79,3370,28,1,2013,2,20,30,1,12,2,US-101,,294,35.28918889,-120.660575,0,12,7,1,18,1,0,1,2,1,0,1,0,0000000,99,99,99,99,99,99,0,0,0,1,0
6,60121,1,1,0,1,1,1,1,67,3150,29,1,2013,3,6,40,0,2,4,CR-FAIR OAKS BLVD,,0,38.63655833,-121.3083333,0,8,0,0,1,1,0,1,3,1,0,1,0,0000000,99,99,99,99,88,88,0,0,0,1,0
6,60122,1,1,0,1,1,1,1,85,2660,25,1,2013,6,19,59,0,14,6,EMBARCADERO RD,,0,37.44384167,-122.1370778,0,8,0,0,1,1,0,1,3,1,0,1,0,0000000,99,99,99,99,99,99,0,0,0,1,0
6,60123,2,2,0,0,0,2,2,81,1610,30,1,2013,4,12,14,0,12,3,SR-82,BELLEVUE AVE,135,37.57709167,-122.3526694,0,1,0,0,2,2,0,1,1,1,0,1,0,0000000,99,99,99,99,12,58,0,0,0,1,0
6,60124,2,2,0,0,0,3,3,65,0,29,1,2013,3,17,50,0,3,4,CR-GRAND AVE,,0,33.64430833,-117.3532111,0,12,2,0,1,1,0,11,2,1,0,1,0,0000000,99,99,99,99,99,99,0,0,0,2,1
6,60125,1,1,0,0,0,1,1,73,0,30,1,2013,4,20,50,1,1,1,I-15,,422,33.27091111,-117.1570694,0,24,0,0,1,1,0,4,2,1,0,1,0,0000000,99,99,99,99,88,88,0,0,0,1,0
6,60126,1,1,0,0,0,1,1,71,0,28,1,2013,2,10,10,0,4,4,CR-NATIONAL TRAILS HIGHWAY,,0,34.6814,-115.3249,0,33,0,0,1,1,0,4,1,1,0,1,0,0000000,99,99,99,99,88,88,0,0,0,1,0
6,60127,3,3,0,1,1,2,2,37,2240,17,1,2013,5,2,55,1,12,3,SR-60,,55,34.03328889,-118.1330111,0,12,1,0,1,1,0,1,2,1,0,1,0,0000000,99,99,99,99,99,99,19,0,0,1,0
6,60128,1,1,0,0,0,1,1,73,0,31,1,2013,5,12,52,0,2,3,SR-78,,481,33.08327778,-116.7118944,0,43,0,0,1,1,0,4,1,1,0,1,0,0000000,99,99,99,99,88,88,0,0,0,1,0
6,60129,1,1,0,0,0,1,1,33,0,31,1,2013,5,17,50,0,2,3,SR-20,,266,39.02048889,-122.6934444,0,42,0,0,1,1,0,4,5,1,0,1,0,0000000,99,99,99,99,88,88,0,0,0,1,1
6,60130,1,1,0,2,2,1,1,67,3150,1,2,2013,6,2,45,0,14,6,24TH ST,,0,38.47960833,-121.4803,0,8,0,0,1,1,0,1,3,1,0,1,0,0000000,99,99,99,99,99,99,0,0,0,2,0
6,60131,1,1,0,1,1,1,1,39,0,17,1,2013,5,7,43,0,6,4,CR-VARDEN DR,FARALLON ROAD,0,37.02115556,-120.0650611,0,8,0,0,3,2,0,1,1,1,0,1,0,0000000,99,99,99,99,88,88,0,0,0,1,0
6,60132,1,1,0,1,1,1,1,37,2749,1,2,2013,6,3,46,0,13,6,WHITTIER BLVD,,0,34.00530556,-118.0929389,0,8,0,0,1,1,0,1,2,1,0,1,0,0000000,99,99,99,99,88,88,0,0,0,1,0
6,60133,2,2,0,0,0,2,2,37,0,30,1,2013,4,10,50,0,4,4,CR-120TH ST,CR-AVENUE H,0,34.71949167,-117.9163222,0,12,6,0,2,2,0,1,1,1,0,1,0,0000000,99,99,99,99,88,88,0,0,0,1,0
6,60134,2,2,0,1,1,8,8,107,0,21,1,2013,2,5,40,1,2,3,SR-99,,491,36.46448611,-119.4963278,0,8,0,0,1,1,1,1,3,1,0,1,0,0000000,99,99,99,99,88,88,19,0,0,1,0
6,60135,2,2,0,0,0,5,5,107,4050,22,1,2013,3,14,51,0,13,6,RIGGIN AVE,,0,36.35650833,-119.3599278,0,12,1,0,1,1,0,1,1,1,0,1,0,0000000,99,99,99,99,99,99,0,0,0,1,0
6,60136,2,2,0,0,0,2,2,71,0,28,1,2013,2,15,25,1,2,3,SR-62,,60,34.09110278,-116.5164194,0,12,2,0,1,1,0,1,1,10,0,10,0,0000000,99,99,99,99,88,88,0,0,0,2,0
6,60137,1,1,0,4,4,1,1,65,3070,4,2,2013,2,16,56,0,15,6,INDIANA AVE,,0,33.90245833,-117.4611944,0,8,0,0,1,1,0,1,1,1,0,1,0,0000000,99,99,99,99,99,99,0,0,0,1,0
6,60138,1,1,0,0,0,2,2,71,3000,5,2,2013,3,3,15,0,13,6,FOOTHILL BLVD,,0,34.10673056,-117.3700639,0,30,0,0,1,1,0,4,3,1,0,1,0,0000000,99,99,99,99,99,99,0,0,0,1,1
6,60139,1,1,0,2,2,1,1,37,4124,4,2,2013,2,23,41,0,3,6,SANTA MONICA BLVD,PALM AVE,0,34.08566389,-118.3828111,0,8,0,0,3,3,0,1,3,10,0,10,0,0000000,99,99,99,99,99,99,0,0,0,2,0
6,60140,2,2,0,0,0,2,2,13,820,21,1,2013,2,13,20,0,13,6,CLAYTON RD,ELLIS ST,0,37.972525,-122.0393306,0,12,6,0,2,3,0,1,1,1,0,1,0,0000000,99,99,99,99,99,99,0,0,0,1,0
6,60141,2,2,0,0,0,3,3,29,3600,6,2,2013,4,8,15,0,15,6,N BEECH AVE,E FRESNO AVE,0,35.51435278,-119.2603556,0,12,6,0,2,2,0,1,1,1,0,1,0,0000000,99,99,99,99,99,99,0,0,0,1,0
6,60142,1,1,0,0,0,3,3,89,0,2,2,2013,7,22,7,0,6,4,CR-SOUTH FORK RD,,0,40.50289722,-122.5536806,0,35,0,0,1,1,0,4,2,1,0,1,0,0000000,99,99,99,99,99,99,0,0,0,1,1
6,60143,2,2,0,0,0,3,3,65,0,1,2,2013,6,6,55,0,4,4,CR-TEMESCAL CANYON RD,,0,33.79438056,-117.4991833,0,12,2,0,1,1,0,11,1,1,0,1,0,0000000,99,99,99,99,99,99,0,0,0,1,0
6,60144,1,1,0,0,0,1,1,73,0,6,2,2013,4,14,50,0,4,4,CR-LA GRANADA,,0,33.02380556,-117.2173417,0,33,0,0,1,1,0,4,1,1,0,1,0,0000000,99,99,99,99,99,99,0,0,0,1,0
6,60145,1,1,0,1,1,2,2,23,130,21,1,2013,2,18,25,1,12,2,US-101,,869,40.8783,-124.0823889,0,8,0,0,1,1,0,1,2,1,0,1,0,0000000,99,99,99,99,88,88,0,0,0,1,0
6,60146,1,1,0,0,0,1,1,29,0,6,2,2013,4,10,20,1,2,3,SR-178,,973,35.651775,-117.7282806,0,30,0,0,1,1,0,4,1,1,0,1,0,0000000,99,99,99,99,88,88,0,0,0,1,0
6,60147,2,2,0,0,0,4,4,37,1980,1,2,2013,6,1,56,1,11,1,I-5,,200,34.07838056,-118.2197111,0,25,0,0,1,1,0,3,3,1,0,1,0,0000000,99,99,99,99,99,99,20,0,0,1,0
6,60148,1,1,0,1,1,1,1,73,3260,6,2,2013,4,19,40,0,14,6,54TH ST,,0,32.73542222,-117.0796528,0,8,0,0,1,1,0,1,3,1,0,1,0,0000000,99,99,99,99,99,99,0,0,0,1,0
6,60149,1,1,0,1,1,1,1,37,2870,21,1,2013,2,18,5,0,14,6,ORANGE GROVE AVE,,0,34.06742222,-117.7658333,0,8,0,0,1,1,0,1,3,1,0,1,0,0000000,99,99,99,99,88,88,0,0,0,1,0
6,60150,1,1,0,2,2,1,1,73,3260,1,2,2013,6,11,43,0,14,6,CAMINO DEL SUR,VIA VERRAZZANO,0,32.99005556,-117.1592917,0,8,0,0,3,3,0,1,1,1,0,1,0,0000000,99,99,99,99,99,99,0,0,0,1,0
6,60151,1,1,0,0,0,1,1,37,4126,8,2,2013,6,1,25,0,14,6,AGOURA RD,,0,34.14778056,-118.8134611,0,33,0,0,1,1,0,4,2,1,0,1,0,0000000,99,99,99,99,88,88,0,0,0,1,1
6,60152,1,1,0,1,1,1,1,73,3260,1,2,2013,6,18,16,0,14,6,47TH ST,,0,32.694375,-117.0937583,0,8,0,0,1,1,0,1,2,1,0,1,0,0000000,99,99,99,99,88,88,0,0,0,1,0
6,60153,4,4,0,1,1,5,5,39,0,8,2,2013,6,6,0,1,2,3,SR-99,,236,37.09676667,-120.2152806,0,8,0,0,1,1,0,1,3,10,2,2,0,0000000,99,99,99,99,88,88,0,0,0,1,0
6,60154,2,2,0,0,0,3,3,37,1980,1,2,2013,6,22,40,0,14,6,WEST BLVD,,0,34.03713056,-118.33875,0,12,2,0,8,1,0,1,3,1,0,1,0,0000000,99,99,99,99,99,99,0,0,0,1,0
6,60155,2,2,0,0,0,6,6,29,0,21,1,2013,2,20,45,1,1,1,I-5,,611,35.48785278,-119.5200056,0,12,7,0,1,1,0,1,2,1,0,1,0,0000000,99,99,99,99,99,99,0,0,0,1,0
6,60156,2,2,0,0,0,2,2,107,0,20,1,2013,1,6,5,0,2,3,SR-190,RD 168,65,36.05119722,-119.1967167,0,12,6,1,2,2,0,1,2,1,0,1,0,0000000,99,99,99,99,99,99,0,0,0,1,0
6,60157,1,1,0,0,0,1,1,25,0,3,2,2013,1,3,42,1,11,1,I-8,,390,32.77403056,-115.5190389,0,58,0,0,1,1,0,2,2,2,10,2,0,0000000,99,99,99,99,99,99,0,0,0,1,1
6,60158,1,1,0,1,1,1,1,37,1400,15,1,2013,3,18,16,0,13,6,VERMONT AVE,,0,33.91068056,-118.2918833,0,8,0,0,1,1,0,1,3,1,0,1,0,0000000,99,99,99,99,88,88,0,0,0,1,0
6,60159,2,2,0,0,0,2,2,37,1980,9,2,2013,7,3,35,0,13,6,WOODLEY AVE,,0,34.17695,-118.4779056,0,24,0,0,1,1,0,4,2,5,0,5,0,0000000,99,99,99,99,99,99,0,0,0,1,2
6,60160,1,1,0,1,1,1,1,19,1370,2,2,2013,7,18,23,0,14,6,NORTH AVE,CLARA AVE,0,36.6923,-119.7946139,0,9,0,0,2,3,0,1,3,1,0,1,0,0000000,99,99,99,99,99,99,0,0,0,1,0
6,60161,1,1,0,0,0,1,1,55,0,17,1,2013,5,13,40,0,4,4,CR-SILVERADO TRAIL,,0,38.57421944,-122.5458306,0,42,0,0,1,1,0,4,1,1,0,1,0,0000000,13,45,99,99,99,99,0,0,0,1,0
6,60162,1,1,0,0,0,1,1,111,4027,3,2,2013,1,9,43,0,12,3,SR-3,,7,34.28843056,-119.3068806,0,1,0,0,1,1,0,2,1,1,0,1,0,0000000,99,99,99,99,88,88,0,0,0,1,0
6,60163,2,2,0,0,0,5,5,37,0,8,2,2013,6,15,30,0,2,4,CR-PALMDALE BL,,0,34.58,-117.9009806,0,12,6,0,1,1,0,1,1,2,4,4,0,0000000,99,99,99,99,99,99,0,0,0,3,0
6,60164,1,1,0,1,1,1,1,111,2620,3,2,2013,1,17,42,0,15,6,C ST,LINDEN DR,0,34.17463056,-119.1811583,0,8,0,0,3,2,0,1,1,1,0,1,0,0000000,99,99,99,99,99,99,0,0,0,1,0
6,60165,1,1,0,1,1,1,1,77,3880,6,2,2013,4,20,44,0,4,4,CR-SILVERADO TRAIL,,0,37.72729167,-121.4433833,0,8,0,0,1,1,0,1,3,10,0,10,0,0000000,99,99,99,99,99,99,0,0,0,1,0
6,60166,1,1,0,0,0,1,1,25,0,3,2,2013,1,17,41,1,2,3,SR-111,,204,32.95531111,-115.5089194,0,35,0,0,1,1,0,3,2,1,0,1,0,0000000,99,99,99,99,88,88,0,0,0,1,1
6,60167,2,2,0,0,0,4,4,19,0,20,1,2013,1,8,22,1,2,3,SR-41,ADAMS AVE,161,36.634225,-119.7858361,0,12,6,0,2,2,0,1,1,5,0,5,0,0000000,99,99,99,99,99,99,0,0,0,1,0
6,60168,2,2,0,0,0,3,3,13,3010,9,2,2013,7,13,12,1,11,1,I-80,,5,37.90355556,-122.3124194,0,12,7,0,1,1,0,1,1,1,0,1,0,0000000,99,99,99,99,99,99,0,0,0,1,0
6,60169,1,1,0,1,1,3,3,71,1305,8,2,2013,6,17,45,0,15,6,JUNIPER AVE,CERES AVE,0,34.09420833,-117.4401028,0,8,0,0,1,1,0,1,3,2,10,2,0,0000000,99,99,99,99,99,99,0,0,0,1,0
6,60170,2,2,0,0,0,2,2,47,0,7,2,2013,5,11,38,0,4,4,CR-SANTA FE DR,LOMBARDY AVE,0,37.45548611,-120.7085306,0,1,0,0,3,3,0,1,1,10,0,10,0,0000000,99,99,99,99,88,88,0,0,0,1,0
6,60171,1,1,0,1,1,1,1,37,1845,9,2,2013,7,19,22,0,13,6,SUNSET AVE,FLANNER ST,0,34.04425556,-117.9639778,0,8,0,0,3,3,0,1,2,1,0,1,0,0000000,99,99,99,99,88,88,0,0,0,1,0
6,60172,1,1,0,0,0,1,1,77,0,9,2,2013,7,20,47,0,6,4,CR-LINNE RD,,0,37.69638889,-121.3526306,0,41,0,0,1,1,0,5,2,1,0,1,0,0000000,99,99,99,99,99,99,0,0,0,1,1
6,60173,1,1,0,1,1,1,1,107,2880,4,2,2013,2,1,20,0,12,3,SR-190,,181,36.05123333,-119.1146306,0,8,0,0,1,1,0,1,2,5,0,5,0,0000000,99,99,99,99,88,88,0,0,0,1,0
6,60174,2,2,0,0,0,7,7,67,3150,3,2,2013,1,3,45,0,13,6,EL CAMINO AVE,,0,38.61113611,-121.46445,0,12,1,0,1,1,0,1,3,1,0,1,0,0000000,99,99,99,99,99,99,0,0,0,1,1
6,60175,2,2,0,0,0,4,4,73,0,9,2,2013,7,17,37,1,2,3,SR-94,,307,32.62139167,-116.763375,0,12,2,0,1,1,0,1,2,10,0,10,0,0000000,99,99,99,99,99,99,0,0,0,1,0
6,60176,2,2,0,0,0,5,5,71,0,2,2,2013,7,20,10,0,2,3,SR-247,,192,34.35921944,-116.5320806,0,12,2,0,1,1,0,2,2,1,0,1,0,0000000,99,99,99,99,99,99,0,0,0,3,1
6,60177,1,1,0,3,3,2,2,59,80,9,2,2013,7,23,7,0,14,6,S WESTERN AVE,W DEL MONTE DR,0,33.82983611,-118.0022056,0,8,0,0,3,3,0,1,3,10,0,10,0,0000000,99,99,99,99,99,99,0,0,0,3,1