STATE,ST_CASE,VE_TOTAL,VE_FORMS,PVH_INVL,PEDS,PERNOTMVIT,PERMVIT,PERSONS,COUNTY,CITY,DAY,MONTH,YEAR,DAY_WEEK,HOUR,MINUTE,NHS,ROAD_FNC,ROUTE,TWAY_ID,TWAY_ID2,MILEPT,LATITUDE,LONGITUD,SP_JUR,HARM_EV,MAN_COLL,RELJCT1,RELJCT2,TYP_INT,WRK_ZONE,REL_ROAD,LGT_COND,WEATHER1,WEATHER2,WEATHER,SCH_BUS,RAIL,NOT_HOUR,NOT_MIN,ARR_HOUR,ARR_MIN,HOSP_HR,HOSP_MN,CF1,CF2,CF3,FATALS,DRUNK_DR
6,60178,1,1,0,0,0,6,6,61,0,3,2,2013,1,19,35,0,4,4,CR-AUBURN FOLSOM BLVD,,0,38.86298333,-121.1002806,0,24,0,0,1,1,0,4,2,1,0,1,0,0000000,99,99,99,99,99,99,0,0,0,2,0
6,60179,2,2,0,0,0,2,2,67,0,10,2,2013,1,11,5,1,2,6,MADISON AVE,RIMWOOD DR,0,38.663925,-121.2688444,0,12,2,0,2,2,0,1,1,1,0,1,0,0000000,99,99,99,99,99,99,0,0,0,1,0
6,60180,1,1,0,1,1,1,1,13,820,10,2,2013,1,18,16,0,13,6,CLAYTON RD,,0,37.96157222,-121.9838194,0,8,0,0,1,1,0,1,3,1,0,1,0,0000000,99,99,99,99,99,99,0,0,0,1,0
6,60181,2,2,0,0,0,3,3,65,0,4,2,2013,2,5,15,1,1,1,I-10,,1352,33.60773056,-114.8968083,0,12,1,0,1,1,0,1,2,1,0,1,0,0000000,99,99,99,99,99,99,0,0,0,1,0
6,60182,1,1,0,1,1,1,1,65,1690,10,2,2013,1,21,10,1,11,1,I-10,,573,33.72644167,-116.2022972,0,8,0,0,1,1,0,1,2,1,0,1,0,0000000,99,99,99,99,88,88,0,0,0,1,0
6,60183,1,1,0,0,0,3,3,29,1000,4,2,2013,2,8,8,0,14,6,SOUTH HIGH ST,,0,35.75098333,-119.2449472,0,26,0,0,1,1,1,5,1,5,0,5,0,0000000,99,99,99,99,99,99,0,0,0,1,1
6,60184,2,2,0,0,0,2,2,19,1370,8,2,2013,6,22,13,0,13,6,CHESTNUT AVE,BULLARD AVE,0,36.82302222,-119.7360417,0,12,6,0,2,2,0,1,3,1,0,1,0,0000000,99,99,99,99,99,99,20,0,0,1,0
6,60185,1,1,0,1,1,2,2,23,0,10,2,2013,1,1,10,0,2,3,SR-96,,391,41.30875278,-123.5254083,0,8,0,0,1,1,0,1,2,1,0,1,0,0000000,99,99,99,99,88,88,0,0,0,1,0
6,60186,1,1,0,1,1,2,2,29,0,10,2,2013,1,21,40,0,2,4,CR-NILES ST,,0,35.37623333,-118.9244333,0,8,0,0,1,1,0,1,3,1,0,1,0,0000000,99,99,99,99,88,88,0,0,0,1,0
6,60187,1,1,0,0,0,1,1,11,0,11,2,2013,2,10,20,0,4,4,CR-SITES-LODOGA RD,,0,39.33739167,-122.37945,0,31,0,0,1,1,0,4,1,1,0,1,0,0000000,99,99,99,99,88,88,0,0,0,1,0
6,60188,1,1,0,0,0,3,3,37,1980,9,2,2013,7,0,30,0,3,6,7TH AVE,,0,34.034375,-118.2223222,0,33,0,0,1,1,0,4,3,10,0,10,0,0000000,99,99,99,99,99,99,0,0,0,1,0
6,60189,3,3,0,0,0,4,4,29,0,14,2,2013,5,6,45,0,3,4,CR-7TH STANDARD RD,,0,35.44188056,-119.30575,0,12,8,0,1,1,0,1,1,1,0,1,0,0000000,99,99,99,99,88,88,0,0,0,1,0
6,60190,1,1,0,0,0,1,1,91,0,10,2,2013,1,22,0,1,1,1,I-80,,12,39.4623,-120.0068806,0,24,0,0,1,1,0,5,2,1,0,1,0,0000000,99,99,99,99,88,88,0,0,0,1,0
6,60191,4,4,0,0,0,4,4,71,2550,13,2,2013,4,9,45,1,11,1,I-15 RAMP,JURUPA ST,13,34.04821944,-117.5512611,0,12,1,1,20,1,0,1,1,1,0,1,0,0000000,99,99,99,99,99,99,0,0,0,1,0
6,60192,1,1,0,0,0,4,4,81,0,4,2,2013,2,15,31,0,2,3,SR-1,,70,37.1877,-122.3935806,0,33,0,0,1,1,0,4,1,1,0,1,0,0000000,99,99,99,99,99,99,0,0,0,2,0
6,60193,1,1,0,1,1,1,1,73,3260,4,2,2013,2,18,26,0,14,6,CLAIREMONT DR,,0,32.80854167,-117.20105,0,8,0,0,1,1,0,1,3,10,0,10,0,0000000,99,99,99,99,99,99,0,0,0,1,0
6,60194,1,1,0,1,1,1,1,65,1003,13,1,2013,1,21,10,0,14,6,PALM DR,PARK LN,0,33.94261111,-116.5013972,0,8,0,0,1,1,0,1,3,1,0,1,0,0000000,99,99,99,99,88,88,0,0,0,1,0
6,60195,4,4,0,0,0,5,5,47,0,11,2,2013,2,3,54,1,2,3,SR-152,,82,37.08332778,-121.0988667,0,12,6,0,1,1,0,1,2,1,0,1,0,0000000,99,99,99,99,99,99,14,0,0,1,1
6,60196,2,2,0,0,0,4,4,29,0,5,2,2013,3,15,20,0,2,3,SR-178,,185,35.48138889,-118.7434694,0,12,2,0,1,1,0,1,1,1,0,1,0,0000000,99,99,99,99,99,99,0,0,0,1,0
6,60197,4,4,0,0,0,5,5,73,3260,16,2,2013,7,9,44,0,13,6,MISSION BAY DR,GARNET AVE,0,32.80605278,-117.2189278,0,12,6,0,2,2,0,1,1,10,0,10,0,0000000,99,99,99,99,99,99,0,0,0,1,0
6,60198,1,1,0,1,1,1,1,37,1980,6,2,2013,4,3,50,0,13,6,WESTERN AVE,,0,34.03301667,-118.3089694,0,8,0,0,1,1,0,1,3,10,0,10,0,0000000,99,99,99,99,99,99,0,0,0,1,0
6,60199,2,2,0,0,0,2,2,99,0,18,2,2013,2,21,24,0,13,3,SR-219,TULLY RD,39,37.71116944,-121.013,0,12,1,0,2,2,0,1,3,10,0,10,0,0000000,99,99,99,99,99,99,20,0,0,1,1
6,60200,1,1,0,1,1,1,1,37,1980,1,2,2013,6,18,20,0,14,6,FOUNTAIN AVE,HOBART AVE,0,34.09505833,-118.3055639,0,8,0,0,3,3,0,1,5,10,0,10,0,0000000,99,99,99,99,99,99,0,0,0,1,0
6,60201,1,1,0,1,1,1,1,73,3260,18,2,2013,2,19,37,0,13,6,MIRA MESA BLVD,,0,32.91726944,-117.1224889,0,8,0,0,1,1,0,1,3,1,0,1,0,0000000,99,99,99,99,88,88,0,0,0,1,0
6,60202,1,1,0,1,1,1,1,37,1980,11,2,2013,2,19,20,0,13,6,TUXFORD ST,,0,34.23351389,-118.3727194,0,8,0,0,1,1,0,1,3,1,0,1,0,0000000,99,99,99,99,88,88,0,0,0,1,0
6,60203,2,2,0,0,0,2,2,37,1980,11,2,2013,2,20,10,0,13,6,WASHINGTON BLVD,KINGSLEY DR,0,34.03999444,-118.3033694,0,12,6,0,2,3,0,1,3,1,0,1,0,0000000,99,99,99,99,99,99,14,0,0,1,0
6,60204,1,1,0,0,0,3,3,107,2880,19,2,2013,3,15,54,0,14,6,MORTON AVE,,0,36.07328889,-119.0378444,0,42,0,0,1,1,0,4,1,1,0,1,0,0000000,99,99,99,99,99,99,0,0,0,1,0
6,60205,4,4,0,0,0,8,8,37,1980,17,2,2013,1,13,5,0,13,6,SHERMAN WY,WHITE OAK AVE,0,34.20114444,-118.5185972,0,12,6,0,2,2,0,1,1,1,0,1,0,0000000,99,99,99,99,99,99,0,0,0,1,0
6,60206,1,1,0,1,1,1,1,37,3686,12,2,2013,3,8,28,0,16,6,KLINGERMAN ST,SANTA ANITA AVE,0,34.05606111,-118.0423556,0,8,0,0,3,2,0,1,1,1,0,1,0,0000000,99,99,99,99,99,99,0,0,0,1,0
6,60207,1,1,0,0,0,1,1,65,0,2,2,2013,7,13,45,0,4,4,CR-SAGE RD,,0,33.49518056,-116.90595,0,1,0,0,1,1,0,1,1,1,0,1,0,0000000,99,99,99,99,99,99,0,0,0,1,0
6,60208,2,2,0,0,0,6,6,59,0,12,2,2013,3,11,55,0,4,4,CR-TRABUCO CANYON RD,,0,33.65893056,-117.5853806,0,12,2,0,1,1,0,1,1,1,0,1,0,0000000,99,99,99,99,99,99,14,0,0,1,0
6,60209,1,1,0,1,1,5,5,97,3490,19,2,2013,3,20,0,0,15,6,WEST AVE,,0,38.42043611,-122.7278333,0,8,0,0,1,1,0,1,2,1,0,1,0,0000000,99,99,99,99,99,99,0,0,0,1,0
6,60210,1,1,0,0,0,1,1,65,3070,13,2,2013,4,4,20,0,14,6,PIERCE ST,,0,33.89910278,-117.4942722,0,42,0,0,1,1,0,3,3,1,0,1,0,0000000,99,99,99,99,88,88,0,0,0,1,1
6,60211,1,1,0,0,0,1,1,79,0,13,2,2013,4,5,25,0,6,4,CR-LINNE RD,,0,35.61193889,-120.6232889,0,38,0,0,1,1,0,4,2,5,0,5,0,0000000,99,99,99,99,88,88,0,0,0,1,0
6,60212,1,1,0,0,0,4,4,7,0,20,2,2013,4,15,30,0,6,4,CR-CONCOW RD,,0,39.798125,-121.4883083,0,1,0,0,1,1,0,4,1,1,0,1,0,0000000,99,99,99,99,99,99,0,0,0,2,0
6,60213,1,1,0,1,1,1,1,111,2270,21,2,2013,5,13,20,0,14,6,TIERRA REJADA RD,,0,34.26857778,-118.8460167,0,9,0,0,1,1,0,2,1,1,0,1,0,0000000,99,99,99,99,88,88,0,0,0,1,0
6,60214,2,2,0,0,0,2,2,19,0,13,2,2013,4,5,49,0,4,4,CR-WILLOW AVE,,0,36.91323889,-119.7280083,0,12,2,0,1,1,0,1,2,1,0,1,0,0000000,99,99,99,99,88,88,0,0,0,2,0
6,60215,2,2,0,0,0,3,3,9,0,18,2,2013,2,13,55,0,2,3,SR-4,,262,38.096,-120.4715694,0,12,2,0,1,1,0,1,1,1,0,1,0,0000000,99,99,99,99,99,99,0,0,0,1,0
6,60216,1,1,0,0,0,1,1,77,3050,13,2,2013,4,12,33,1,12,3,SR-99,,26,37.75379722,-121.1450222,0,31,0,1,5,1,0,4,1,1,0,1,0,0000000,99,99,99,99,99,99,0,0,0,1,0
6,60217,1,1,0,1,1,1,1,1,1560,13,2,2013,4,18,58,0,14,6,INDUSTRIAL BLVD,,0,37.61983889,-122.0982694,0,8,0,0,1,1,0,1,3,1,0,1,0,0000000,99,99,99,99,88,88,0,0,0,1,0
6,60218,2,2,0,0,0,3,3,71,0,13,2,2013,4,16,6,1,2,2,US-395,,444,34.97045,-117.5353889,0,12,2,0,1,1,0,2,1,1,0,1,0,0000000,99,99,99,99,99,99,0,0,0,1,0
6,60219,2,2,0,0,0,2,2,77,0,19,2,2013,3,5,20,0,2,3,SR-26,,29,37.97876111,-121.214425,0,12,6,0,4,1,0,1,2,1,0,1,0,0000000,99,99,99,99,88,88,0,0,0,1,0
6,60220,1,1,0,0,0,2,2,81,2980,22,2,2013,6,2,20,0,14,6,E BAYSHORE RD,,0,37.49069444,-122.2113472,0,30,0,0,1,1,0,4,3,1,0,1,0,0000000,99,99,99,99,88,88,0,0,0,1,1
6,60221,1,1,0,1,1,1,1,67,0,13,2,2013,4,19,5,0,3,4,CR-DON JULIO BLVD,,0,38.68907222,-121.3619583,0,8,0,0,1,1,0,1,2,1,0,1,0,0000000,99,99,99,99,99,99,0,0,0,1,0
6,60222,2,2,0,0,0,4,4,57,0,17,2,2013,1,18,50,0,2,3,SR-49,STRETHER RD/MACY PL,17,39.0354,-121.0958,0,12,6,0,2,2,0,1,3,1,0,1,0,0000000,99,99,99,99,99,99,0,0,0,2,1
6,60223,1,1,0,1,1,1,1,65,0,14,2,2013,5,5,50,0,3,4,CR-GRAND AVE,,0,33.62158056,-117.3165,0,8,0,0,1,1,0,1,2,1,0,1,0,0000000,99,99,99,99,88,88,0,0,0,1,0
6,60224,1,1,0,0,0,2,2,37,1980,16,2,2013,7,1,10,0,13,6,VAN NUYS BL,FRIAR ST,0,34.18577778,-118.4487306,0,33,0,0,3,2,0,4,3,1,0,1,0,0000000,99,99,99,99,99,99,0,0,0,1,1
6,60225,1,1,0,0,0,1,1,109,0,22,2,2013,6,13,40,0,4,4,CR-PARROTT FERRY RD,,0,38.03689167,-120.4519722,0,24,0,0,1,1,0,4,1,1,0,1,0,0000000,99,99,99,99,99,99,0,0,0,1,1
6,60226,1,1,0,0,0,1,1,71,0,21,2,2013,5,17,55,1,2,2,US-95,,637,34.94033611,-114.8199472,0,31,0,0,1,1,0,4,2,1,0,1,0,0000000,99,99,99,99,88,88,0,0,0,1,1
6,60227,1,1,0,0,0,1,1,33,0,18,2,2013,2,17,27,0,2,3,SR-29,,131,38.83263889,-122.5886306,0,52,0,0,1,1,0,5,1,1,0,1,0,0000000,99,99,99,99,88,88,0,0,0,1,0
6,60228,2,2,0,1,1,4,4,1,2480,6,1,2013,1,19,45,1,11,1,I-880,,272,37.76495556,-122.21755,0,8,0,0,1,1,0,1,3,1,0,1,0,0000000,99,99,99,99,99,99,0,0,0,1,0
6,60229,2,2,0,0,0,2,2,95,4010,14,2,2013,5,12,27,0,13,6,NUT TREE RD,FAIRVIEW DR,0,38.33707778,-121.9533389,0,12,6,0,8,1,0,1,1,1,0,1,0,0000000,99,99,99,99,99,99,0,0,0,1,0
6,60230,2,2,0,0,0,2,2,13,0,30,1,2013,4,13,23,1,12,3,SR-4,,187,38.02293889,-121.9663389,0,12,1,0,1,1,0,1,1,1,0,1,0,0000000,99,99,99,99,88,88,0,0,0,1,0
6,60231,2,2,0,1,1,2,2,75,3290,18,1,2013,6,17,44,1,13,6,HOWARD ST,7TH ST,0,37.77796389,-122.4094111,0,8,0,0,3,2,0,1,3,1,0,1,0,0000000,99,99,99,99,88,88,0,0,0,1,1
6,60232,1,1,0,0,0,1,1,97,0,9,2,2013,7,1,58,0,6,4,CR-TRENTON RD,CR-COVEY RD,0,38.49053889,-122.8901889,0,59,0,0,3,3,0,4,2,1,0,1,0,0000000,99,99,99,99,88,88,0,0,0,1,1
6,60233,2,1,1,1,1,0,0,75,3290,22,1,2013,3,18,21,0,14,6,TAYLOR ST,,0,37.78803056,-122.4117278,0,8,0,0,1,1,0,1,3,1,0,1,0,0000000,99,99,99,99,99,99,0,0,0,1,0
6,60234,2,1,1,0,1,2,3,37,0,3,2,2013,1,4,0,1,1,1,I-5,,659,34.55945,-118.6772111,0,14,0,0,1,1,0,2,2,1,0,1,0,0000000,99,99,99,99,99,99,0,0,0,1,1
6,60235,5,5,0,0,0,9,9,73,3260,24,1,2013,5,22,10,1,11,1,I-15,,184,32.95166111,-117.1032,0,12,1,1,17,1,0,1,3,2,10,2,0,0000000,99,99,99,99,99,99,0,0,0,1,1
6,60236,2,2,0,0,0,2,2,25,0,9,2,2013,7,3,25,0,2,3,SR-111,,207,32.9597,-115.5086306,0,12,2,0,1,1,0,1,2,1,0,1,0,0000000,99,99,99,99,88,88,0,0,0,1,0
6,60237,1,1,0,1,1,1,1,7,2680,14,2,2013,5,20,53,0,13,6,CLARK RD,,0,39.77215833,-121.5960056,0,8,0,0,1,1,0,1,2,1,0,1,0,0000000,99,99,99,99,88,88,0,0,0,1,0
6,60238,1,1,0,1,1,1,1,59,1380,12,2,2013,3,17,51,0,15,6,PARKS RD,ROSECRANS AVE,0,33.89267222,-117.9540444,0,8,0,0,3,2,0,1,5,1,0,1,0,0000000,99,99,99,99,99,99,0,0,0,1,0
6,60239,1,1,0,1,1,1,1,75,3290,9,2,2013,7,9,37,0,13,6,KING ST,3RD ST,0,37.77820278,-122.3919472,0,9,0,0,3,2,0,1,1,1,0,1,0,0000000,99,99,99,99,99,99,0,0,0,1,0
6,60240,1,1,0,1,1,1,1,65,3070,15,2,2013,6,0,12,1,11,1,I-215,,433,33.99345,-117.3560333,0,8,0,1,20,1,0,1,2,1,0,1,0,0000000,99,99,99,99,99,99,23,0,0,1,0
6,60241,1,1,0,0,0,1,1,25,0,15,2,2013,6,0,24,0,2,3,SR-86,,167,32.93285833,-115.5702083,0,35,0,0,1,1,0,3,2,1,0,1,0,0000000,99,99,99,99,88,88,0,0,0,1,1
6,60242,2,2,0,0,0,1,1,75,3290,21,2,2013,5,7,55,0,15,6,HAIGHT ST,,0,37.77223333,-122.4295917,0,12,1,0,1,1,0,1,1,1,0,1,0,0000000,99,99,99,99,99,99,0,0,0,1,0
6,60243,1,1,0,0,0,2,2,89,0,16,2,2013,7,2,15,0,6,4,CR-IRON MOUNTAIN RD,,0,40.64633333,-122.4589444,0,1,0,0,1,1,0,1,2,1,0,1,0,0000000,99,99,99,99,99,99,0,0,0,1,1
6,60244,1,1,0,1,1,2,2,111,0,17,2,2013,1,18,34,1,2,3,SR-126,,275,34.40081944,-118.8076194,0,9,0,0,1,1,0,1,2,1,0,1,0,0000000,99,99,99,99,88,88,0,0,0,1,0
6,60245,1,1,0,1,1,1,1,75,3290,16,2,2013,7,16,29,0,14,6,LAKE MERCED BLVD,JOHN MUIR DR,0,37.70810556,-122.4857444,0,8,0,0,3,3,0,1,1,1,0,1,0,0000000,99,99,99,99,99,99,0,0,0,1,0
6,60246,1,1,0,0,0,2,2,79,0,17,2,2013,1,14,53,0,2,3,SR-227,,36,35.16103889,-120.5779111,0,1,0,0,1,1,0,1,1,1,0,1,0,0000000,99,99,99,99,99,99,0,0,0,1,0
6,60247,2,2,0,0,0,2,2,29,0,23,2,2013,7,8,55,0,2,4,CR-CHINA GRADE LOOP,,0,35.42690833,-118.9873056,0,12,2,0,1,1,0,1,1,1,0,1,0,0000000,99,99,99,99,99,99,0,0,0,1,0
6,60248,2,2,0,0,0,6,6,71,2922,23,2,2013,7,20,58,1,12,3,SR-210,,42,34.13475,-117.6229167,0,33,0,0,1,1,0,4,2,1,0,1,0,0000000,99,99,99,99,99,99,14,0,0,1,1
6,60249,1,1,0,1,1,1,1,37,1980,15,2,2013,6,3,30,1,11,1,I-110,,169,33.97443056,-118.2805611,0,8,0,0,1,1,0,1,3,1,0,1,0,0000000,99,99,99,99,88,88,19,0,0,1,0
6,60250,1,1,0,1,1,1,1,23,0,24,2,2013,1,12,55,1,2,2,US-101,,1075,41.14768056,-124.1359194,0,9,0,0,1,1,0,2,1,1,0,1,0,0000000,99,99,99,99,88,88,0,0,0,1,0
6,60251,2,2,0,0,0,2,2,65,0,12,2,2013,3,1,46,1,1,1,I-10,,678,33.68961111,-116.0388889,0,12,1,0,1,1,0,1,2,1,0,1,0,0000000,99,99,99,99,88,88,0,0,0,1,0
6,60252,1,1,0,0,0,1,1,19,0,25,2,2013,2,20,7,0,5,4,CR-KEARNEY BLVD,,0,36.72804444,-119.9262972,0,42,0,0,1,1,0,4,2,1,0,1,0,0000000,99,99,99,99,88,88,0,0,0,1,0
6,60253,1,1,0,0,0,1,1,73,3260,24,2,2013,1,14,0,0,2,3,SR-78,,250,33.08587778,-116.9898722,0,1,0,0,1,1,0,1,1,1,0,1,0,0000000,99,99,99,99,88,88,0,0,0,1,0
6,60254,1,1,0,1,1,2,2,83,3460,5,2,2013,3,18,59,0,15,6,BLOSSER RD,,0,34.97963333,-120.4533889,0,8,0,0,1,1,0,4,3,1,0,1,0,0000000,99,99,99,99,99,99,0,0,0,1,0
6,60255,1,1,0,0,0,3,3,107,2880,25,2,2013,2,21,37,0,14,6,PLANO ST,,0,36.06341667,-119.0080167,0,33,0,0,1,1,0,4,3,1,0,1,0,0000000,99,99,99,99,99,99,20,0,0,2,1
6,60256,1,1,0,1,1,1,1,85,3340,26,2,2013,3,1,1,0,12,3,SR-82,,58,37.31330278,-121.8709472,0,8,0,0,1,1,0,1,3,1,0,1,0,0000000,99,99,99,99,88,88,0,0,0,1,0
6,60257,1,1,0,0,0,3,3,67,0,16,2,2013,7,20,10,0,6,4,CR-GARDEN HIGHWAY,,0,38.64593333,-121.5941083,0,31,0,0,1,1,0,5,2,10,0,10,0,0000000,99,99,99,99,99,99,0,0,0,1,1
6,60258,1,1,0,0,0,2,2,37,2645,16,2,2013,7,21,15,1,12,3,SR-14,,634,34.62474722,-118.1529694,0,33,0,0,1,1,0,4,3,1,0,1,0,0000000,99,99,99,99,99,99,0,0,0,1,1
6,60259,1,1,0,1,1,2,2,73,3260,16,2,2013,7,22,21,0,13,6,MISSION BAY DR,DAMON AVE,0,32.80758056,-117.2194139,0,8,0,0,2,3,0,1,3,1,0,1,0,0000000,99,99,99,99,99,99,0,0,0,1,1
6,60260,3,3,0,0,0,3,3,37,804,26,2,2013,3,15,5,0,13,6,EASTERN AV,HARBOR ST,0,34.00416111,-118.1591417,0,12,6,0,2,2,0,1,1,1,0,1,0,0000000,99,99,99,99,88,88,0,0,0,1,0
6,60261,1,1,0,1,1,1,1,37,2054,26,2,2013,3,18,44,0,2,3,SR-1,,598,34.04139444,-118.8938639,0,8,0,0,1,1,0,1,2,8,0,8,0,0000000,99,99,99,99,88,88,0,0,0,1,0
6,60262,1,1,0,0,0,1,1,7,0,23,2,2013,7,3,7,0,4,4,CR-KELLY RIDGE RD,,0,39.51674444,-121.4640472,0,38,0,0,1,1,0,5,2,1,0,1,0,0000000,99,99,99,99,88,88,0,0,0,1,1
6,60263,2,2,0,0,0,2,2,1,1560,27,2,2013,4,12,20,0,15,6,WHITMAN ST,,0,37.64881111,-122.0690194,0,1,0,0,8,1,0,1,1,1,0,1,0,0000000,99,99,99,99,99,99,14,0,0,1,0
6,60264,2,2,0,0,0,2,2,39,0,27,2,2013,4,17,0,1,2,3,SR-152,,44,37.08355,-120.4113,0,12,2,0,1,1,0,1,1,1,0,1,0,0000000,99,99,99,99,99,99,0,0,0,1,0
6,60265,1,1,0,1,1,1,1,97,3490,27,2,2013,4,13,8,0,14,6,MONTGOMERY DR,,0,38.46142222,-122.6619611,0,8,0,0,1,1,0,2,1,1,0,1,0,0000000,99,99,99,99,88,88,0,0,0,1,0
6,60266,1,1,0,0,0,1,1,89,2950,20,2,2013,4,3,35,1,11,1,I-5 RAMP,,161,40.58660556,-122.3591028,0,32,0,1,5,1,0,4,3,1,0,1,0,0000000,99,99,99,99,88,88,0,0,0,1,1
6,60267,2,2,0,0,0,2,2,73,0,28,2,2013,5,12,35,1,2,3,SR-94,,209,32.70428889,-116.86875,0,12,2,0,1,1,0,1,1,1,0,1,0,0000000,99,99,99,99,99,99,0,0,0,1,0
6,60268,1,1,0,1,1,1,1,29,0,27,2,2013,4,15,32,0,2,4,CR-MANOR ST,,0,35.41160278,-119.0128639,0,8,0,0,1,1,0,1,1,1,0,1,0,0000000,99,99,99,99,88,88,0,0,0,1,0
6,60269,2,1,1,0,1,1,2,65,0,26,2,2013,3,11,0,0,6,4,CR-ANZA RD,,0,33.50944167,-117.0502,0,14,0,0,1,1,0,4,1,1,0,1,0,0000000,99,99,99,99,99,99,0,0,0,1,1
6,60270,1,1,0,1,1,1,1,1,0,28,2,2013,5,19,6,0,2,4,CR-HESPERIAN BLVD,CR-GOLF COURSE RD,0,37.66779444,-122.1194556,0,8,0,0,3,3,0,1,3,1,0,1,0,0000000,99,99,99,99,99,99,0,0,0,1,0
6,60271,2,2,0,0,0,2,2,73,0,1,3,2013,6,18,58,0,4,4,CR-MATLIN RD,RAMONA OAKS RD,0,33.00116944,-116.76815,0,12,6,0,2,3,0,1,3,1,0,1,0,0000000,99,99,99,99,99,99,0,0,0,1,0
6,60272,1,1,0,0,0,1,1,65,0,28,2,2013,5,13,49,1,2,3,SR-79,,352,33.86353889,-117.0079111,0,35,0,0,1,1,0,5,1,1,0,1,0,0000000,99,99,99,99,88,88,0,0,0,1,0
6,60273,3,3,0,1,1,9,9,19,1370,1,3,2013,6,18,50,1,12,3,SR-41,,237,36.74202778,-119.7776806,0,8,0,0,1,1,0,1,2,1,0,1,0,0000000,99,99,99,99,99,99,0,0,0,1,0
6,60274,1,1,0,0,0,1,1,29,0,2,3,2013,7,18,30,0,2,4,CR-MANOR ST,,0,35.42553333,-119.0127028,0,1,0,0,1,1,0,4,2,1,0,1,0,0000000,99,99,99,99,99,99,0,0,0,1,0
6,60275,1,1,0,1,1,1,1,73,3260,1,3,2013,6,21,42,0,12,3,SR-163 RAMP,,56,32.79043056,-117.1599194,0,8,0,0,20,1,0,1,2,1,0,1,0,0000000,99,99,99,99,88,88,0,0,0,1,0
6,60276,1,1,0,1,1,1,1,95,0,2,3,2013,7,21,25,0,4,4,CR-FRY RD,,0,38.33709167,-121.9233833,0,8,0,0,1,1,0,1,2,1,0,1,0,0000000,99,99,99,99,88,88,0,0,0,1,0
6,60277,2,2,0,0,0,2,2,71,0,1,3,2013,6,5,10,1,2,2,US-395,,582,35.16344722,-117.5892111,0,12,2,0,1,1,0,2,2,1,0,1,0,0000000,99,99,99,99,99,99,0,0,0,1,0
6,60278,2,2,0,0,0,5,5,65,0,2,3,2013,7,21,38,0,4,4,CR-WASHINGTON ST,,0,33.77099444,-116.3036833,0,12,2,0,1,1,0,1,2,1,0,1,0,0000000,99,99,99,99,99,99,0,0,0,2,1
6,60279,2,2,0,1,1,3,3,37,0,2,3,2013,7,1,0,1,11,1,I-5,,544,34.43338889,-118.5909306,0,8,0,0,1,1,0,1,2,1,0,1,0,0000000,99,99,99,99,88,88,0,0,0,1,1
6,60280,1,1,0,0,0,2,2,29,0,2,3,2013,7,22,15,0,2,4,CR-CHINA GRADE LOOP,,0,35.4196,-118.9668,0,38,0,0,1,1,0,4,2,1,0,1,0,0000000,99,99,99,99,99,99,0,0,0,1,1
6,60281,2,2,0,0,0,3,3,37,1980,1,3,2013,6,7,25,0,13,6,ROSCOE BLVD,YARMOUTH AVE,0,34.22096389,-118.5197056,0,12,6,0,2,3,0,1,1,1,0,1,0,0000000,99,99,99,99,99,99,0,0,0,1,0
6,60282,1,1,0,1,1,2,2,19,0,22,2,2013,6,19,33,1,12,3,SR-41,,204,36.6984,-119.786125,0,8,0,0,1,1,0,1,2,1,0,1,0,0000000,99,99,99,99,88,88,23,0,0,1,0
6,60283,1,1,0,0,0,1,1,65,0,1,3,2013,6,13,40,0,6,4,CR-MULTIVIEW DR,,0,33.81825,-117.3979333,0,1,0,0,1,1,0,5,1,1,0,1,0,0000000,99,99,99,99,88,88,0,0,0,1,0
6,60284,1,1,0,1,1,1,1,85,0,3,3,2013,1,0,35,1,2,3,SR-152,,133,37.0051,-121.5099806,0,8,0,0,1,1,0,1,2,10,0,10,0,0000000,99,99,99,99,88,88,0,0,0,1,0
6,60285,1,1,0,0,0,1,1,7,0,3,3,2013,1,18,20,0,4,4,CR-FORBESTOWN RD,,0,39.50089444,-121.4108639,0,31,0,0,1,1,0,4,5,10,0,10,0,0000000,99,99,99,99,88,88,0,0,0,1,1
6,60286,2,2,0,0,0,2,2,107,0,2,3,2013,7,8,0,1,2,3,SR-99,,434,36.38206111,-119.44195,0,12,1,0,1,1,0,1,1,1,0,1,0,0000000,99,99,99,99,88,88,28,0,0,1,0
6,60287,1,1,0,0,0,1,1,29,0,3,3,2013,1,19,30,0,4,4,CR-BEALEVILLE RD,,0,35.28291111,-118.6231,0,38,0,0,1,1,0,4,2,1,0,1,0,0000000,99,99,99,99,99,99,0,0,0,1,0
6,60288,1,1,0,1,1,3,3,59,3420,3,3,2013,1,20,41,0,13,6,1ST ST,,0,33.74528056,-117.9065333,0,8,0,0,1,1,0,1,3,1,0,1,0,0000000,99,99,99,99,88,88,0,0,0,1,0
6,60289,1,1,0,0,0,1,1,73,0,1,3,2013,6,15,0,0,4,4,CR-MONTEZUMA VALLEY RD,,0,33.2187,-116.4231306,0,35,0,0,1,1,0,5,1,1,0,1,0,0000000,99,99,99,99,88,88,0,0,0,1,0
6,60290,1,1,0,0,0,1,1,19,0,22,2,2013,6,99,99,0,5,4,CR-SAND CREEK RD,,0,36.68883056,-119.2005694,0,1,0,0,1,1,0,4,1,1,0,1,0,0000000,99,99,99,99,88,88,0,0,0,1,0
6,60291,2,2,0,0,0,2,2,25,0,4,3,2013,2,5,50,0,2,4,CR-FORRESTER RD,,0,32.85651944,-115.6208139,0,12,2,0,1,1,0,1,4,1,0,1,0,0000000,99,99,99,99,99,99,0,0,0,1,0