STATE,ST_CASE,VE_TOTAL,VE_FORMS,PVH_INVL,PEDS,PERNOTMVIT,PERMVIT,PERSONS,COUNTY,CITY,DAY,MONTH,YEAR,DAY_WEEK,HOUR,MINUTE,NHS,ROAD_FNC,ROUTE,TWAY_ID,TWAY_ID2,MILEPT,LATITUDE,LONGITUD,SP_JUR,HARM_EV,MAN_COLL,RELJCT1,RELJCT2,TYP_INT,WRK_ZONE,REL_ROAD,LGT_COND,WEATHER1,WEATHER2,WEATHER,SCH_BUS,RAIL,NOT_HOUR,NOT_MIN,ARR_HOUR,ARR_MIN,HOSP_HR,HOSP_MN,CF1,CF2,CF3,FATALS,DRUNK_DR
6,60292,1,1,0,1,1,1,1,11,800,4,3,2013,2,6,50,0,2,3,SR-45,12TH ST,200,39.21625278,-122.0175389,0,8,0,0,3,2,0,1,1,1,0,1,0,0000000,99,99,99,99,99,99,0,0,0,1,0
6,60293,1,1,0,1,1,1,1,85,2311,4,3,2013,2,18,30,0,15,6,PHYLLIS AVE,HANS AVE,0,37.37915278,-122.0777333,0,8,0,0,3,3,0,1,3,1,0,1,0,0000000,99,99,99,99,99,99,0,0,0,1,0
6,60294,2,2,0,0,0,3,3,71,2238,24,2,2013,1,5,30,1,11,1,I-10,,12,34.085625,-117.6889611,0,12,6,0,1,1,0,1,2,6,0,6,0,0000000,99,99,99,99,99,99,19,0,0,1,1
6,60295,1,1,0,2,2,1,1,19,0,5,3,2013,3,5,36,0,4,4,CR-AUBERRY RD,,0,36.91533611,-119.7157889,0,9,0,0,1,1,0,1,4,1,0,1,0,0000000,99,99,99,99,99,99,15,0,0,1,0
6,60296,2,2,0,0,0,2,2,37,1980,2,3,2013,7,11,0,0,13,6,CRESCENT HEIGHTS BL,MELROSE AVE,0,34.08373889,-118.3659056,0,12,6,0,2,2,0,1,1,1,0,1,0,0000000,99,99,99,99,99,99,0,0,0,1,0
6,60297,2,2,0,0,0,2,2,19,0,5,3,2013,3,9,50,0,2,3,SR-145,,46,36.341825,-120.2118333,0,12,6,0,1,1,0,1,1,1,0,1,0,0000000,99,99,99,99,88,88,0,0,0,1,0
6,60298,2,2,0,0,0,5,5,81,970,9,3,2013,7,20,10,0,16,6,EASTMOOR AVE,,0,37.68518611,-122.4798556,0,12,6,0,8,1,0,1,3,1,0,1,0,0000000,99,99,99,99,99,99,0,0,0,3,1
6,60299,2,2,0,1,1,4,4,37,804,3,3,2013,1,2,57,1,11,1,I-5,,132,34.01146111,-118.1617028,0,8,0,0,1,1,0,1,2,10,0,10,0,0000000,99,99,99,99,88,88,0,0,0,1,0
6,60300,1,1,0,0,0,3,3,55,0,24,2,2013,1,13,30,0,2,3,SR-121,,161,38.39561944,-122.2040889,0,33,0,0,1,1,0,4,1,1,0,1,0,0000000,99,99,99,99,99,99,0,0,0,1,0
6,60301,1,1,0,1,1,1,1,37,1110,12,3,2013,3,17,37,0,13,6,RAMONA BLVD,,0,34.07477222,-118.0171889,0,9,0,0,1,1,0,1,1,1,0,1,0,0000000,99,99,99,99,99,99,0,0,0,1,0
6,60302,1,1,0,1,1,1,1,85,3340,5,3,2013,3,16,17,0,12,6,E CAPITOL EXPRESSWAY,,0,37.29925833,-121.8225694,0,8,0,0,1,1,0,1,1,1,0,1,0,0000000,99,99,99,99,99,99,0,0,0,1,0
6,60303,2,1,1,0,0,1,1,95,1260,12,3,2013,3,18,2,0,16,6,WALTERS CT,,0,38.26982222,-121.9901028,0,1,0,0,1,1,0,1,1,1,0,1,0,0000000,99,99,99,99,99,99,14,0,0,1,0
6,60304,2,2,0,0,0,2,2,65,3070,24,2,2013,1,20,29,0,14,6,ADAMS ST,ACAPULCO PL,0,33.94039167,-117.4303417,0,12,1,0,2,3,0,1,3,1,0,1,0,0000000,99,99,99,99,99,99,0,0,0,1,0
6,60305,2,2,0,0,0,2,2,65,3070,5,3,2013,3,10,21,0,15,6,VICTORIA AVE,GRATTON ST,0,33.91535556,-117.4152944,0,12,6,0,2,2,0,1,1,1,0,1,0,0000000,99,99,99,99,99,99,0,0,0,1,0
6,60306,1,1,0,0,0,1,1,95,1260,3,3,2013,1,8,2,1,11,1,I-80,,176,38.28055556,-122.0444444,0,42,0,0,1,1,0,5,1,10,0,10,0,0000000,99,99,99,99,88,88,0,0,0,1,1
6,60307,1,1,0,1,1,1,1,37,1430,5,3,2013,3,23,0,0,14,6,CENTRAL AVE,,0,34.16249722,-118.2568639,0,8,0,0,1,1,0,1,3,10,0,10,0,0000000,99,99,99,99,88,88,0,0,0,1,0
6,60308,2,2,0,0,0,6,6,99,3950,12,3,2013,3,20,57,0,15,6,W MONTE VISTA AVE,N WALNUT AVE,0,37.52186389,-120.8672194,0,12,6,0,2,2,0,1,3,1,0,1,0,0000000,99,99,99,99,99,99,0,0,0,1,0
6,60309,1,1,0,0,0,1,1,59,3420,8,3,2013,6,2,0,0,13,6,MACARTHUR BLVD,,0,33.69993333,-117.9096778,0,42,0,0,1,1,0,4,3,2,10,2,0,0000000,99,99,99,99,88,88,0,0,0,1,1
6,60310,1,1,0,1,1,1,1,1,1364,24,2,2013,1,23,15,0,14,6,CENTRAL AVE,,0,37.55291389,-122.0066167,0,8,0,0,1,1,0,1,3,1,0,1,0,0000000,99,99,99,99,99,99,0,0,0,1,0
6,60311,2,2,0,0,0,7,7,29,0,5,3,2013,3,18,20,0,4,4,CR-OILDALE DR,,0,35.41091111,-119.0299306,0,1,0,0,8,1,0,1,2,1,0,1,0,0000000,99,99,99,99,99,99,0,0,0,1,1
6,60312,1,1,0,0,0,1,1,37,1695,25,2,2013,2,14,26,1,13,6,CROSSROADS PKWY NORTH,,0,34.03066111,-118.0129778,0,33,0,0,1,1,0,4,1,1,0,1,0,0000000,99,99,99,99,88,88,0,0,0,1,1
6,60313,1,1,0,0,0,1,1,87,0,2,3,2013,7,13,25,0,6,4,CR-GLEN ARBOR RD,,0,37.08298333,-122.0786611,0,30,0,0,1,1,0,4,1,1,0,1,0,0000000,99,99,99,99,88,88,0,0,0,1,0
6,60314,2,2,0,0,0,3,3,111,0,5,3,2013,3,20,20,0,4,4,CR-BALCOM CANYON RD,CR-STOCKTON RD,0,34.29023889,-118.9605917,0,12,6,0,2,2,0,1,2,10,0,10,0,0000000,99,99,99,99,99,99,0,0,0,1,1
6,60315,2,2,0,0,0,3,3,37,3455,13,3,2013,4,18,13,0,13,6,TELEGRAPH RD,ALBURTIS AVE,0,33.94658889,-118.0840722,0,12,6,0,2,2,0,1,1,1,0,1,0,0000000,99,99,99,99,99,99,0,0,0,1,1
6,60316,3,3,0,0,0,3,3,77,0,6,3,2013,4,6,1,1,12,3,SR-4,,167,37.9501,-121.2892111,0,12,1,0,1,1,0,1,3,2,10,2,0,0000000,99,99,99,99,99,99,0,0,0,1,0
6,60317,2,2,0,0,0,3,3,37,1980,3,3,2013,1,20,5,0,13,6,RODEO DR,LA BREA AVE,0,34.02153333,-118.3556083,0,12,6,0,2,2,0,1,3,1,0,1,0,0000000,99,99,99,99,99,99,0,0,0,1,0
6,60318,1,1,0,0,0,1,1,59,3558,6,3,2013,4,7,45,1,11,1,I-405,,210,33.77476111,-118.04665,0,5,0,0,1,1,0,1,1,1,0,1,0,0000000,99,99,99,99,88,88,0,0,0,1,0
6,60319,2,2,0,0,0,3,3,37,1840,13,3,2013,4,21,40,0,14,6,AVENUE J,,0,34.68965,-118.0907167,0,33,0,0,1,1,0,3,3,1,0,1,0,0000000,99,99,21,40,99,99,0,0,0,2,1
6,60320,1,1,0,1,1,1,1,65,0,13,3,2013,4,5,19,1,13,3,SR-74,SR-79,413,33.7389,-117.0771389,0,8,0,0,3,2,0,1,3,1,0,1,0,0000000,99,99,99,99,88,88,0,0,0,1,0
6,60321,2,1,1,0,0,1,1,39,0,6,3,2013,4,15,15,0,6,4,CR-MAPLE ST,,0,37.07808889,-120.1955889,0,14,0,0,1,1,0,5,1,1,0,1,0,0000000,99,99,99,99,88,88,0,0,0,1,1
6,60322,1,1,0,0,0,1,1,7,0,14,3,2013,5,19,30,1,2,3,SR-149,,39,39.61443333,-121.6805528,0,34,0,0,1,1,0,4,3,1,0,1,0,0000000,99,99,99,99,99,99,0,0,0,1,1
6,60323,1,1,0,0,0,5,5,25,0,6,3,2013,4,18,5,1,1,1,I-8,,46,32.67378056,-116.07635,0,35,0,0,1,1,0,4,2,6,0,6,0,0000000,99,99,99,99,99,99,20,0,0,2,0
6,60324,1,1,0,0,0,1,1,81,3730,14,3,2013,5,5,31,0,16,6,POLETTI WY,,0,37.66129167,-122.3993556,0,33,0,0,1,1,0,4,3,10,0,10,0,0000000,99,99,99,99,88,88,0,0,0,1,1
6,60325,1,1,0,1,1,1,1,75,3290,13,3,2013,4,6,36,0,13,6,SAN JOSE AVE,LIEBIG ST,0,37.70951667,-122.457675,0,8,0,0,3,2,0,1,3,1,0,1,0,0000000,99,99,99,99,99,99,0,0,0,1,0
6,60326,1,1,0,1,1,1,1,37,1047,15,3,2013,6,6,5,0,13,6,HUNTINGTON DR,,0,34.13963889,-117.9679056,0,8,0,0,1,1,0,1,4,5,0,5,0,0000000,99,99,99,99,88,88,0,0,0,1,0
6,60327,1,1,0,1,1,1,1,99,0,14,3,2013,5,5,40,0,4,4,CR-DAKOTA AVE,,0,37.65693889,-121.0674306,0,8,0,0,1,1,0,1,2,1,0,1,0,0000000,99,99,99,99,88,88,0,0,0,1,0
6,60328,2,2,0,0,0,6,6,97,0,18,2,2013,2,11,45,0,4,4,CR-NAPA RD,CR-BURNDALE RD,0,38.27061111,-122.4212806,0,12,6,0,2,3,0,1,1,1,0,1,0,0000000,99,99,99,99,88,88,0,0,0,1,0
6,60329,1,1,0,1,1,1,1,31,1540,7,3,2013,5,18,28,1,12,3,SR-198,,200,36.324325,-119.6191417,0,9,0,0,1,1,0,1,3,10,0,10,0,0000000,99,99,99,99,99,99,0,0,0,1,0
6,60330,3,1,2,1,1,1,1,37,1980,13,3,2013,4,10,45,0,13,6,VAN NUYS BL,,0,34.17619167,-118.4487278,0,8,0,0,1,1,0,2,1,1,0,1,0,0000000,99,99,99,99,99,99,14,0,0,1,0
6,60331,2,2,0,0,0,2,2,65,0,14,3,2013,5,12,35,0,6,4,CR-THELMA AVE,DATIL RD,0,33.81725,-116.3939889,0,12,6,0,2,2,0,1,1,1,0,1,0,0000000,99,99,99,99,99,99,0,0,0,1,0
6,60332,1,1,0,1,1,2,2,85,3340,7,3,2013,5,20,40,0,12,3,SR-237,,69,37.41923056,-121.9586194,0,8,0,1,18,1,0,1,2,2,10,2,0,0000000,99,99,99,99,88,88,0,0,0,1,1
6,60333,1,1,0,0,0,2,2,37,1430,9,3,2013,7,2,0,1,12,3,SR-134,,6,34.15648056,-118.2637611,0,42,0,0,1,1,0,4,3,10,0,10,0,0000000,99,99,99,99,99,99,0,0,0,1,0
6,60334,1,1,0,0,0,1,1,67,0,13,3,2013,4,14,10,1,2,3,SR-99,,206,38.50723056,-121.4580306,0,52,0,0,1,1,0,4,1,1,0,1,0,0000000,99,99,99,99,88,88,0,0,0,1,0
6,60335,1,1,0,0,0,1,1,69,0,9,3,2013,7,11,35,0,6,4,CR-FAIRVIEW RD,,0,36.89193889,-121.3636806,0,31,0,0,1,1,0,4,1,1,0,1,0,0000000,99,99,99,99,88,88,0,0,0,1,1
6,60336,1,1,0,0,0,2,2,47,0,14,3,2013,5,18,15,1,1,1,I-5,,195,37.14778889,-121.0435333,0,1,0,0,1,1,0,1,5,10,0,10,0,0000000,99,99,99,99,99,99,0,0,0,1,0
6,60337,1,1,0,0,0,3,3,59,1410,10,3,2013,1,3,28,0,13,6,BROOKHURST ST,,0,33.76899722,-117.9549167,0,30,0,0,1,1,0,4,3,1,0,1,0,0000000,99,99,99,99,99,99,0,0,0,1,1
6,60338,1,1,0,0,0,2,2,37,1970,10,3,2013,1,4,24,0,13,6,LONG BEACH BLVD,56TH ST,0,33.85753889,-118.1977694,0,30,0,0,3,3,0,4,3,1,0,1,0,0000000,99,99,99,99,99,99,0,0,0,1,1
6,60339,4,4,0,0,0,6,6,19,0,15,3,2013,6,21,5,0,2,3,SR-43,,3,36.44673056,-119.6361694,0,12,8,0,1,1,0,1,2,1,0,1,0,0000000,99,99,99,99,99,99,0,0,0,1,0
6,60340,1,1,0,5,5,2,2,37,1980,10,3,2013,1,13,50,0,14,6,BROADWAY,,0,34.04982222,-118.2490556,0,8,0,0,1,1,0,4,1,1,0,1,0,0000000,99,99,99,99,99,99,0,0,0,1,0
6,60341,1,1,0,0,0,2,2,81,2980,20,2,2013,4,1,39,0,15,6,ROOSEVELT AVE,,0,37.46613056,-122.2416694,0,1,0,0,1,1,0,4,3,1,0,1,0,0000000,99,99,99,99,99,99,0,0,0,1,1
6,60342,2,2,0,0,0,5,5,59,3250,15,1,2013,3,13,45,0,13,6,EL CAMINO REAL,CAMINO SAN CLEMENTE,0,33.44033611,-117.643225,0,12,6,0,2,3,0,1,1,1,0,1,0,0000000,99,99,99,99,99,99,0,0,0,1,0
6,60343,1,1,0,0,0,1,1,53,0,20,2,2013,4,9,58,0,4,4,CR-BLANCO RD,,0,36.67832222,-121.7444083,0,23,0,0,1,1,0,4,1,1,0,1,0,0000000,99,99,99,99,99,99,0,0,0,1,0
6,60344,2,2,0,0,0,2,2,113,0,23,2,2013,7,23,10,1,1,1,I-5,,235,38.85446111,-121.94635,0,12,2,0,1,1,0,1,2,1,0,1,0,0000000,99,99,99,99,88,88,23,0,0,2,1
6,60345,3,3,0,0,0,3,3,53,2250,7,3,2013,5,9,8,0,13,3,SR-68,,76,36.57308889,-121.8181,0,12,2,0,1,1,0,1,1,10,0,10,0,0000000,99,99,99,99,99,99,0,0,0,1,0
6,60346,1,1,0,1,1,1,1,19,0,17,2,2013,1,2,55,0,2,3,SR-168,,440,37.09385,-119.3181,0,8,0,0,1,1,0,1,2,1,0,1,0,0000000,99,99,99,99,88,88,0,0,0,1,1
6,60347,1,1,0,1,1,1,1,73,3260,15,3,2013,6,4,40,1,11,1,I-8,,17,32.75955,-117.175,0,8,0,0,1,1,0,1,3,5,0,5,0,0000000,99,99,99,99,88,88,0,0,0,1,0
6,60348,1,1,0,1,1,2,2,75,3290,2,3,2013,7,23,17,0,13,3,SR-35,FOREST VIEW DR,20,37.73445278,-122.4837667,0,8,0,0,3,3,0,1,3,10,0,10,0,0000000,99,99,99,99,99,99,0,0,0,1,1
6,60349,1,1,0,0,0,2,2,61,0,10,3,2013,1,15,2,1,1,1,I-80,,423,39.18584167,-120.8465944,0,43,0,1,5,1,0,8,1,1,0,1,0,0000000,99,99,99,99,99,99,0,0,0,1,1
6,60350,2,2,0,0,0,3,3,65,9997,26,2,2013,3,15,41,0,14,6,MISSION BLVD,,0,34.00565278,-117.4495861,0,12,6,0,1,1,0,1,1,1,0,1,0,0000000,99,99,99,99,99,99,0,0,0,1,0
6,60351,3,2,1,0,0,2,2,37,2700,16,3,2013,7,20,2,0,14,6,HILL AVE,,0,34.15612778,-118.1214056,0,12,6,0,8,1,0,1,3,10,0,10,0,0000000,99,99,99,99,99,99,0,0,0,1,1
6,60352,3,3,0,0,0,7,7,65,2278,16,3,2013,7,11,18,1,11,1,I-215,,376,33.93503056,-117.2900194,0,12,9,0,1,1,0,1,1,1,0,1,0,0000000,99,99,99,99,99,99,0,0,0,1,0
6,60353,3,3,0,0,0,4,4,37,1980,7,3,2013,5,7,40,0,13,6,LA TUNA CANYON RD,,0,34.23323889,-118.3104222,0,12,6,0,1,1,0,1,1,10,0,10,0,0000000,99,99,99,99,99,99,0,0,0,1,0
6,60354,5,1,4,0,0,1,1,37,1980,17,3,2013,1,2,10,0,14,6,DE SOTO AVE,LEMARSH ST,0,34.25538056,-118.5885556,0,14,0,0,3,3,0,7,3,1,0,1,0,0000000,99,99,99,99,99,99,14,0,0,1,0
6,60355,1,1,0,0,0,1,1,23,0,10,3,2013,1,16,4,1,2,3,SR-299,,95,40.89756944,-123.9274611,0,42,0,0,1,1,0,5,1,1,0,1,0,0000000,99,99,99,99,88,88,0,0,0,1,0
6,60356,1,1,0,0,0,1,1,65,290,16,3,2013,7,13,35,1,11,1,I-10,,83,33.92746389,-116.9647194,0,42,0,0,1,1,0,4,1,1,0,1,0,0000000,99,99,99,99,88,88,0,0,0,1,1
6,60357,1,1,0,1,1,1,1,73,710,17,3,2013,1,2,20,1,11,1,I-805,,45,32.60667222,-117.0361333,0,8,0,0,1,1,0,1,2,1,0,1,0,0000000,99,99,99,99,88,88,0,0,0,1,0
6,60358,3,3,0,0,0,8,8,71,0,10,3,2013,1,16,5,1,1,1,I-15,,986,34.978175,-116.6119389,0,12,1,0,1,1,0,1,1,1,0,1,0,0000000,99,99,99,99,99,99,28,0,0,1,0
6,60359,1,1,0,0,0,4,4,31,0,16,3,2013,7,15,5,1,2,3,SR-198,,232,36.32817778,-119.5674833,0,59,0,0,1,1,0,3,1,1,0,1,0,0000000,99,99,99,99,99,99,0,0,0,2,0
6,60360,2,2,0,0,0,3,3,37,1980,17,3,2013,1,2,50,0,14,6,WEST BLVD,HYDE PARK BLVD,0,33.98059167,-118.3351806,0,12,6,0,2,2,0,1,3,1,0,1,0,0000000,99,99,99,99,99,99,0,0,0,1,1
6,60361,1,1,0,0,0,3,3,59,3420,11,3,2013,2,0,32,0,13,6,FAIRVIEW ST,,0,33.733475,-117.9067694,0,30,0,0,1,1,0,4,3,1,0,1,0,0000000,99,99,99,99,99,99,0,0,0,1,1
6,60362,1,1,0,0,0,1,1,47,0,11,3,2013,2,3,53,0,2,3,SR-165,,138,37.13806667,-120.8314972,0,1,0,0,1,1,0,2,2,1,0,1,0,0000000,99,99,99,99,88,88,0,0,0,1,1
6,60363,1,1,0,1,1,1,1,37,0,16,3,2013,7,19,39,0,13,3,SR-164,,36,34.04571944,-118.0642111,0,8,0,0,1,1,0,1,2,1,0,1,0,0000000,99,99,99,99,88,88,0,0,0,1,0
6,60364,3,3,0,0,0,3,3,71,4040,17,3,2013,1,5,22,0,14,6,BEAR VALLEY RD,,0,34.47028056,-117.4308583,0,12,1,0,1,1,0,1,2,1,0,1,0,0000000,99,99,99,99,99,99,0,0,0,1,1
6,60365,1,1,0,0,0,4,4,41,0,12,3,2013,3,2,15,1,2,2,US-101,,273,38.18085,-122.5991194,0,1,0,0,1,1,0,1,2,10,0,10,0,0000000,99,99,99,99,99,99,0,0,0,1,1
6,60366,2,2,0,0,0,6,6,73,3260,2,3,2013,7,12,18,1,11,1,I-805 RAMP,,116,32.69555,-117.0945806,0,12,1,1,20,1,0,1,1,1,0,1,0,0000000,99,99,99,99,88,88,26,0,0,1,1
6,60367,2,2,0,0,0,2,2,47,1990,16,3,2013,7,19,41,0,15,6,FAIRMONT DR,CARDINAL ST,0,37.08059722,-120.8297778,0,12,6,0,2,2,0,1,3,1,0,1,0,0000000,99,99,99,99,99,99,0,0,0,1,0
6,60368,2,2,0,0,0,3,3,57,0,12,3,2013,3,8,51,0,2,3,SR-174,,44,39.18925,-120.9735,0,12,6,0,1,1,0,1,1,1,0,1,0,0000000,99,99,99,99,99,99,0,0,0,2,1
6,60369,2,2,0,0,0,5,5,73,3260,17,3,2013,1,21,8,0,12,3,SR-52,,106,32.85351944,-117.0525222,0,12,2,0,1,1,0,1,3,1,0,1,0,0000000,99,99,99,99,99,99,0,0,0,1,1
6,60370,1,1,0,1,1,1,1,47,0,16,3,2013,7,20,55,0,4,4,CR-SANTA FE DR,,0,37.34301944,-120.5449194,0,8,0,0,1,1,0,1,2,1,0,1,0,0000000,99,99,99,99,88,88,0,0,0,1,0
6,60371,1,1,0,1,1,1,1,85,537,12,3,2013,3,11,40,0,13,6,SAN TOMAS EXPRESSWAY,,0,37.28455,-121.9610806,0,9,0,0,1,1,0,2,1,1,0,1,0,0000000,99,99,99,99,99,99,0,0,0,1,0
6,60372,1,1,0,0,0,5,5,79,0,17,2,2013,1,8,49,0,2,3,SR-1,,223,35.33143056,-120.7367889,0,38,0,0,1,1,0,4,1,1,0,1,0,0000000,99,99,99,99,99,99,0,0,0,1,0
6,60373,2,2,0,0,0,2,2,97,0,13,2,2013,4,16,10,0,2,3,SR-116,,185,38.23695278,-122.5137528,0,12,2,0,1,1,0,1,1,1,0,1,0,0000000,99,99,99,99,99,99,0,0,0,1,0
6,60374,1,1,0,0,0,1,1,71,0,11,3,2013,2,99,99,0,3,4,CR-NATIONAL TRAILS HIGHWAY,,0,34.57123333,-115.8232,0,35,0,0,1,1,0,4,1,1,0,1,0,0000000,99,99,99,99,88,88,0,0,0,1,0
6,60375,2,2,0,0,0,3,3,111,2620,12,2,2013,3,15,51,0,13,6,VICTORIA AVE,WOOLEY RD,0,34.19039167,-119.2213472,0,12,6,0,2,2,0,1,1,1,0,1,0,0000000,99,99,99,99,99,99,0,0,0,1,0
6,60376,3,3,0,0,0,4,4,29,0,18,3,2013,2,9,45,0,4,4,CR-DI GIORGIO RD,TEJON HWY,0,35.25272222,-118.8247111,0,12,6,0,2,2,0,1,1,1,0,1,0,0000000,99,99,99,99,99,99,0,0,0,1,0
6,60377,2,2,0,0,0,6,6,37,30,17,3,2013,1,21,25,0,14,6,GARFIELD AVE,,0,34.07120278,-118.1228722,0,12,1,0,1,1,0,1,3,1,0,1,0,0000000,99,99,99,99,99,99,0,0,0,1,1
6,60378,1,1,0,0,0,1,1,79,0,10,3,2013,1,15,5,0,6,4,CR-WEST POZO RD,,0,35.34253056,-120.5339111,0,1,0,0,1,1,0,2,1,1,0,1,0,0000000,99,99,99,99,88,88,0,0,0,1,1
6,60379,1,1,0,0,0,1,1,59,1786,21,3,2013,5,2,39,0,13,6,ALICIA PKWY,,0,33.53860278,-117.7152417,0,33,0,0,1,1,0,3,3,1,0,1,0,0000000,99,99,99,99,99,99,0,0,0,1,0
6,60380,1,1,0,1,1,1,1,37,4069,21,3,2013,5,6,40,0,13,6,GRAND AVE,SAN JOSE HILLS RD,0,34.04588056,-117.8493361,0,8,0,0,2,2,0,1,4,1,0,1,0,0000000,99,99,99,99,99,99,0,0,0,1,0
6,60381,2,1,1,0,2,1,3,29,0,21,3,2013,5,12,15,0,4,4,CR-EDISON HWY,,0,35.36796111,-118.9546889,0,14,0,0,1,1,0,4,1,1,0,1,0,0000000,99,99,99,99,99,99,0,0,0,1,1
6,60382,2,2,0,0,0,6,6,71,1603,1,1,2013,3,1,44,0,14,6,COTTONWOOD AVE,,0,34.46459444,-117.3386472,0,12,2,0,1,1,0,1,2,1,0,1,0,0000000,99,99,99,99,99,99,0,0,0,2,1
6,60383,1,1,0,0,0,1,1,71,4000,7,7,2013,1,14,54,0,14,6,BENSON AVE,BIRKDALE AVE,0,34.13473611,-117.6802306,0,33,0,0,3,3,0,3,1,1,0,1,0,0000000,99,99,99,99,99,99,0,0,0,1,1
6,60384,1,1,0,1,1,1,1,99,2470,22,4,2013,2,22,18,1,13,3,SR-120,,53,37.77548889,-120.8522917,0,8,0,0,1,1,0,1,3,1,0,1,0,0000000,99,99,99,99,99,99,0,0,0,1,0
6,60385,1,1,0,0,0,1,1,71,680,14,7,2013,1,9,12,0,13,6,RIVERSIDE DR,,0,34.01895556,-117.7089222,0,33,0,0,1,1,0,4,1,1,0,1,0,0000000,99,99,99,99,99,99,0,0,0,1,0
6,60386,3,3,0,0,0,4,4,65,0,13,4,2013,7,14,32,0,2,3,SR-74,,95,33.64141944,-117.3819944,0,1,0,0,1,1,0,1,1,1,0,1,0,0000000,99,99,99,99,88,88,19,27,0,1,0
6,60387,1,1,0,0,0,1,1,65,0,25,5,2013,7,20,0,0,3,4,CR-WARREN RD,,0,33.56596944,-117.0309806,0,43,0,0,1,1,0,4,2,1,0,1,0,0000000,99,99,99,99,99,99,0,0,0,1,1
6,60388,1,1,0,0,0,1,1,37,3690,4,7,2013,5,23,10,0,13,6,ALAMEDA ST,IOWA AVE,0,33.95265556,-118.229575,0,33,0,0,1,1,0,4,3,1,0,1,0,0000000,99,99,99,99,88,88,0,0,0,1,1
6,60389,1,1,0,0,0,3,3,19,0,23,7,2013,3,23,35,0,2,3,SR-198,,249,36.25001944,-120.2760806,0,58,0,0,1,1,0,4,2,1,0,1,0,0000000,99,99,99,99,99,99,0,0,0,2,0
6,60390,1,1,0,0,0,1,1,107,0,23,7,2013,3,21,28,0,2,3,SR-201,,192,36.4856,-119.1928306,0,42,0,0,1,1,0,4,2,1,0,1,0,0000000,99,99,99,99,88,88,0,0,0,1,1
6,60391,2,2,0,0,0,3,3,25,440,18,7,2013,5,8,20,0,15,6,PALM AVE,D ST,0,32.98085833,-115.5220333,0,12,6,1,2,2,0,1,1,1,0,1,0,0000000,99,99,99,99,99,99,0,0,0,1,0
6,60392,2,2,0,0,0,3,3,95,1260,12,8,2013,2,15,35,1,12,1,I-80,,130,38.2184,-122.1357889,0,12,7,0,1,1,0,1,1,1,0,1,0,0000000,99,99,99,99,88,88,0,0,0,1,0
6,60393,3,3,0,0,0,5,5,39,0,22,7,2013,2,22,14,1,2,3,SR-41,,205,37.16266111,-119.7276889,0,12,2,0,1,1,0,1,2,10,0,10,0,0000000,99,99,99,99,99,99,14,0,0,1,0
6,60394,2,2,0,0,0,2,2,109,0,23,7,2013,3,19,0,0,4,4,CR-JAMESTOWN RD,CR-GOLF LINK RD,0,37.96717778,-120.4159444,0,12,2,0,2,3,0,1,1,10,0,10,0,0000000,99,99,99,99,99,99,0,0,0,1,1
6,60395,1,1,0,1,1,1,1,99,0,8,7,2013,2,4,35,0,4,4,CR-TERMINAL AVE,,0,37.70745,-120.92785,0,9,0,0,1,1,0,1,2,1,0,1,0,0000000,99,99,99,99,88,88,0,0,0,1,0
6,60396,1,1,0,2,2,1,1,59,1786,4,7,2013,5,9,7,0,13,6,GOLDEN LANTERN ST,,0,33.47155278,-117.69795,0,8,0,0,1,1,0,4,1,1,0,1,0,0000000,99,99,99,99,99,99,0,0,0,1,0
6,60397,2,2,0,0,0,4,4,65,2278,23,7,2013,3,23,45,0,14,6,CACTUS AVE,JOY ST,0,33.91016389,-117.2568167,0,12,1,0,2,3,0,1,3,1,0,1,0,0000000,99,99,99,99,99,99,0,0,0,1,1
6,60398,2,2,0,0,0,2,2,9,0,24,7,2013,4,6,40,0,4,4,CR-POOL STATION RD,,0,38.11656111,-120.65775,0,12,2,0,4,1,0,1,1,1,0,1,0,0000000,99,99,99,99,88,88,0,0,0,1,1
6,60399,2,2,0,0,0,3,3,71,0,24,7,2013,4,12,40,0,2,3,SR-127,,118,35.41775,-116.1380806,0,12,8,0,1,1,0,1,1,1,0,1,0,0000000,99,99,99,99,99,99,0,0,0,1,0
6,60400,1,1,0,1,1,1,1,73,0,18,3,2013,2,21,43,0,14,4,CR-VALLEY CENTER RD,,0,33.21743889,-117.0336389,0,8,0,0,1,1,0,1,2,1,0,1,0,0000000,99,99,99,99,99,99,0,0,0,1,0
6,60401,1,1,0,1,1,1,1,37,1840,19,3,2013,3,19,43,0,13,6,AVENUEL,32ND ST,0,34.67521944,-118.0730694,0,8,0,0,3,3,0,1,3,1,0,1,0,0000000,99,99,99,99,99,99,0,0,0,1,0
6,60402,1,1,0,1,1,1,1,37,1980,20,3,2013,4,6,20,0,15,6,CANOGA AVE,VANOWEN ST,0,34.19384722,-118.5975222,0,8,0,0,3,2,0,1,4,1,0,1,0,0000000,99,99,99,99,99,99,0,0,0,1,0
6,60403,2,2,0,0,0,2,2,73,0,3,3,2013,1,12,20,0,2,3,SR-94,EMERY RD,395,32.60171944,-116.63875,0,12,6,0,2,3,0,1,1,1,0,1,0,0000000,99,99,99,99,88,88,0,0,0,1,0
6,60404,2,2,0,0,0,6,6,65,0,3,3,2013,1,15,35,0,4,4,CR-CAJALCO RD,,0,33.83309167,-117.3594667,0,12,2,0,1,1,0,1,1,10,0,10,0,0000000,99,99,99,99,99,99,0,0,0,1,1