STATE,ST_CASE,VE_TOTAL,VE_FORMS,PVH_INVL,PEDS,PERNOTMVIT,PERMVIT,PERSONS,COUNTY,CITY,DAY,MONTH,YEAR,DAY_WEEK,HOUR,MINUTE,NHS,ROAD_FNC,ROUTE,TWAY_ID,TWAY_ID2,MILEPT,LATITUDE,LONGITUD,SP_JUR,HARM_EV,MAN_COLL,RELJCT1,RELJCT2,TYP_INT,WRK_ZONE,REL_ROAD,LGT_COND,WEATHER1,WEATHER2,WEATHER,SCH_BUS,RAIL,NOT_HOUR,NOT_MIN,ARR_HOUR,ARR_MIN,HOSP_HR,HOSP_MN,CF1,CF2,CF3,FATALS,DRUNK_DR
6,60405,1,1,0,0,0,1,1,73,560,31,3,2013,1,1,34,1,11,1,I-5 RAMP,,511,33.17766944,-117.34925,0,24,0,0,5,1,0,4,2,10,0,10,0,0000000,99,99,99,99,88,88,0,0,0,1,1
6,60406,2,2,0,0,0,3,3,37,2260,26,3,2013,3,11,3,1,11,1,I-710 RAMP,,265,34.06224722,-118.166175,0,1,0,1,5,1,0,2,1,1,0,1,0,0000000,99,99,99,99,88,88,0,0,0,2,0
6,60407,1,1,0,0,0,1,1,77,3880,26,3,2013,3,13,37,0,16,6,TOM FOWLER DR,,0,37.70431389,-121.4415167,0,33,0,0,1,1,0,4,1,10,0,10,0,0000000,99,99,99,99,99,99,0,0,0,1,1
6,60408,1,1,0,1,1,1,1,107,0,26,3,2013,3,19,37,0,4,4,CR-ROAD 224,,0,36.05553889,-119.0709083,0,8,0,0,1,1,0,1,2,1,0,1,0,0000000,99,99,99,99,99,99,0,0,0,1,0
6,60409,3,3,0,0,0,3,3,65,3851,27,3,2013,4,6,10,1,11,1,I-15,,47,33.49816944,-117.1564889,0,12,7,0,1,1,0,1,2,10,0,10,0,0000000,99,99,99,99,99,99,28,14,0,1,0
6,60410,4,4,0,0,0,4,4,37,1980,27,3,2013,4,13,35,0,14,6,FULTON AVE,MAGNOLIA BLVD,0,34.16486667,-118.4225167,0,12,6,0,2,2,0,1,1,1,0,1,0,0000000,99,99,99,99,99,99,0,0,0,1,0
6,60411,1,1,0,0,0,1,1,71,0,27,3,2013,4,15,20,1,1,1,I-15,,796,34.9018,-116.9318,0,35,0,0,1,1,0,4,1,1,0,1,0,0000000,99,99,99,99,88,88,0,0,0,1,0
6,60412,4,4,0,0,0,6,6,95,0,28,3,2013,5,10,30,1,1,1,I-80,,383,38.52721944,-121.7602111,0,12,6,0,1,1,0,1,1,1,0,1,0,0000000,99,99,99,99,99,99,0,0,0,2,0
6,60413,2,2,0,0,0,2,2,1,0,28,3,2013,5,10,30,0,2,4,CR-CROW CANYON ROAD,,0,37.76803056,-122.0077111,0,12,2,0,1,1,0,1,1,1,0,1,0,0000000,99,99,99,99,99,99,0,0,0,1,1
6,60414,1,1,0,0,0,1,1,115,0,28,3,2013,5,18,5,0,6,4,CR-TIMBUCTOO ROAD,,0,39.21975,-121.3296389,0,38,0,0,1,1,0,5,1,1,0,1,0,0000000,99,99,99,99,88,88,0,0,0,1,0
6,60415,1,1,0,1,1,1,1,37,2645,29,3,2013,6,3,34,0,13,6,RANCHO VISTA BLVD,,0,34.60174444,-118.1575278,0,8,0,0,1,1,0,1,2,10,0,10,0,0000000,99,99,99,99,88,88,0,0,0,1,0
6,60416,2,2,0,0,0,3,3,19,0,29,3,2013,6,9,14,1,2,3,SR-41,,54,36.48046111,-119.7924306,0,12,2,0,1,1,0,1,1,1,0,1,0,0000000,99,99,99,99,99,99,0,0,0,1,1
6,60417,1,1,0,0,0,4,4,37,1980,29,3,2013,6,9,57,0,14,6,RINALDI ST,,0,34.27252222,-118.5833056,0,30,0,0,1,1,0,4,1,1,0,1,0,0000000,99,99,99,99,99,99,0,0,0,1,0
6,60418,1,1,0,0,0,1,1,53,2250,29,3,2013,6,11,36,0,12,3,SR-1,,770,36.58683889,-121.8837111,0,42,0,0,1,1,0,5,1,10,0,10,0,0000000,99,99,99,99,88,88,0,0,0,1,0
6,60419,1,1,0,0,0,1,1,77,0,29,3,2013,6,16,45,0,6,4,CR-LOWER JONES ROAD,,0,37.97108056,-121.5112806,0,1,0,0,1,1,0,4,1,1,0,1,0,0000000,99,99,99,99,99,99,4,0,0,1,1
6,60420,3,2,1,0,0,4,4,29,0,29,3,2013,6,22,41,0,2,4,CR-OSWELL ST,,0,35.37036944,-118.9495694,0,14,0,0,1,1,0,2,3,1,0,1,0,0000000,99,99,99,99,99,99,20,0,0,1,0
6,60421,2,2,0,0,0,5,5,111,3860,30,3,2013,7,2,5,1,12,2,US-101,,70,34.18448056,-118.9248889,0,12,7,1,18,1,0,1,3,1,0,1,0,0000000,99,99,99,99,99,99,0,0,0,1,1
6,60422,2,2,0,0,0,4,4,79,0,30,3,2013,7,2,20,1,2,2,US-101,,14,35.00423889,-120.44065,0,24,0,0,1,1,0,3,2,1,0,1,0,0000000,99,99,99,99,88,88,14,0,0,1,0
6,60423,1,1,0,0,0,1,1,65,0,30,3,2013,7,3,14,0,4,4,CR-VARNER RD,,0,33.84098056,-116.4303611,0,30,0,0,1,1,0,4,2,1,0,1,0,0000000,99,99,99,99,88,88,0,0,0,1,1
6,60424,2,2,0,0,0,2,2,67,0,30,3,2013,7,4,25,0,4,4,CR-ARDEN WAY,,0,38.5961,-121.4096139,0,12,2,0,1,1,0,1,3,1,0,1,0,0000000,99,99,99,99,99,99,0,0,0,1,1
6,60425,2,1,1,1,1,1,1,37,2054,11,2,2013,2,20,54,0,12,3,SR-1,,486,34.03403056,-118.7117,0,14,0,0,1,1,0,2,2,1,0,1,0,0000000,99,99,99,99,99,99,23,0,0,1,1
6,60426,1,1,0,1,1,1,1,1,2480,24,3,2013,1,0,18,1,11,1,I-580,,348,37.73865,-122.1421389,0,8,0,1,18,1,0,1,2,1,0,1,0,0000000,99,99,99,99,88,88,0,0,0,1,0
6,60427,1,1,0,0,0,1,1,67,0,24,3,2013,1,1,25,0,6,4,CR-ARNOLD AVE,,0,38.65815278,-121.3852139,0,39,0,0,1,1,0,5,3,1,0,1,0,0000000,99,99,99,99,88,88,0,0,0,1,1
6,60428,1,1,0,0,0,2,2,37,0,24,3,2013,1,1,52,0,4,4,CR-SIERRA HWY,,0,34.49110833,-118.1298528,0,35,0,0,1,1,0,5,2,1,0,1,0,0000000,99,99,99,99,99,99,0,0,0,1,1
6,60429,1,1,0,0,0,1,1,19,0,24,3,2013,1,2,0,1,1,1,I-5,,551,36.71471667,-120.6811083,0,1,0,0,1,1,0,5,2,1,0,1,0,0000000,99,99,99,99,99,99,0,0,0,1,1
6,60430,1,1,0,0,0,1,1,77,0,24,3,2013,1,17,35,0,4,4,CR-GRANTLINE RD,,0,37.75856944,-121.5079389,0,43,0,0,1,1,0,5,1,1,0,1,0,0000000,99,99,99,99,99,99,0,0,0,1,1
6,60431,1,1,0,0,0,3,3,29,3820,24,3,2013,1,19,27,0,12,3,SR-119,,4,35.14114167,-119.4473417,0,42,0,0,1,1,0,5,5,1,0,1,0,0000000,99,99,99,99,99,99,0,0,0,1,1
6,60432,1,1,0,0,0,2,2,65,2278,24,3,2013,1,23,2,0,16,6,GREENVILLE AVE,,0,33.94063611,-117.2120417,0,5,0,0,1,1,0,1,3,1,0,1,0,0000000,99,99,99,99,99,99,0,0,0,1,0
6,60433,1,1,0,0,0,2,2,77,0,25,3,2013,2,9,54,0,2,3,SR-4,,26,37.88993056,-121.5248611,0,1,0,0,1,1,0,5,1,1,0,1,0,0000000,99,99,99,99,88,88,0,0,0,2,0
6,60434,1,1,0,0,0,2,2,15,0,15,1,2013,3,16,15,0,6,4,CR-SMITH RIVER ACCESS RD,,0,41.80584722,-124.0810889,1,35,0,0,1,1,0,4,1,1,0,1,0,0000000,99,99,99,99,88,88,0,0,0,2,1
6,60435,1,1,0,0,0,1,1,79,2705,17,3,2013,1,13,16,0,14,6,24TH ST,,0,35.64007778,-120.6987833,0,17,0,0,1,1,0,4,1,1,0,1,0,0000000,99,99,99,99,99,99,0,0,0,1,0
6,60436,4,4,0,0,0,5,5,65,526,31,3,2013,1,1,22,1,11,1,I-10,,43,33.95718333,-117.0189944,0,12,2,0,1,1,0,1,2,1,0,1,0,0000000,99,99,99,99,99,99,0,0,0,2,2
6,60437,1,1,0,0,0,2,2,71,1603,26,3,2013,3,18,28,0,13,6,MAIN ST,,0,34.42723611,-117.3314083,0,33,0,0,1,1,0,4,1,1,0,1,0,0000000,99,99,99,99,99,99,0,0,0,1,0
6,60438,3,1,2,0,0,1,1,37,1970,30,3,2013,7,12,49,0,13,6,ALAMITOS AVE,,0,33.78020556,-118.1787444,0,14,0,0,1,1,0,4,1,1,0,1,0,0000000,99,99,99,99,99,99,14,0,0,1,0
6,60439,3,2,1,0,0,4,4,71,1305,30,3,2013,7,16,17,0,16,6,BEGONIA DR,LILY CT,0,34.116375,-117.4760667,0,12,6,0,2,3,0,1,1,1,0,1,0,0000000,99,99,99,99,99,99,0,0,0,1,1
6,60440,1,1,0,0,0,2,2,73,0,2,3,2013,7,22,40,1,1,1,I-5,,684,33.36428056,-117.5418222,0,31,0,0,1,1,0,4,2,1,0,1,0,0000000,99,99,99,99,88,88,0,0,0,2,1
6,60441,1,1,0,0,0,1,1,47,2150,19,1,2013,7,2,23,0,14,6,GROGAN AVE,,0,37.292275,-120.51775,0,33,0,0,1,1,0,4,3,1,0,1,0,0000000,99,99,99,99,99,99,0,0,0,1,1
6,60442,1,1,0,0,0,1,1,85,1420,2,2,2013,7,2,50,0,13,6,MONTEREY ST,,0,37.01826111,-121.5742222,0,38,0,0,1,1,0,4,3,1,0,1,0,0000000,99,99,99,99,99,99,0,0,0,1,1
6,60443,3,3,0,0,0,6,6,59,470,17,2,2013,1,18,17,0,13,6,VALLEY VIEW ST,,0,33.84778056,-118.0286167,0,12,7,0,1,1,0,11,3,1,0,1,0,0000000,99,99,99,99,99,99,0,0,0,1,0
6,60444,2,2,0,0,0,5,5,29,0,7,4,2013,1,17,30,0,3,4,CR-BACKUS RD,CR-TEHACHAPI WILLOW SPG RD,0,34.95083889,-118.2917222,0,12,6,0,2,2,0,1,1,1,0,1,0,0000000,99,99,99,99,99,99,0,0,0,1,0
6,60445,1,1,0,0,0,1,1,37,1980,31,3,2013,1,2,35,0,13,6,SEPULVEDA BLVD,,0,34.10609722,-118.47935,0,39,0,0,1,1,0,4,3,1,0,1,0,0000000,99,99,99,99,88,88,0,0,0,1,1
6,60446,2,2,0,0,0,7,7,65,0,31,3,2013,1,11,8,0,2,4,CR-GILMAN SPRINGS RD,,0,33.89936944,-117.0844111,0,12,6,0,1,1,0,1,1,1,0,1,0,0000000,99,99,99,99,99,99,0,0,0,1,0
6,60447,1,1,0,0,0,4,4,97,0,31,3,2013,1,21,15,0,2,3,SR-1,,140,38.37021111,-123.0728806,0,1,0,0,1,1,0,5,2,10,0,10,0,0000000,99,99,99,99,99,99,0,0,0,1,1
6,60448,1,1,0,0,0,2,2,65,3070,1,4,2013,2,2,1,0,13,6,ARLINGTON AVE,CREST AVE,0,33.94655278,-117.4728278,0,46,0,0,3,2,0,4,3,1,0,1,0,0000000,99,99,99,99,99,99,0,0,0,2,1
6,60449,5,1,4,0,0,1,1,73,3260,1,4,2013,2,13,33,0,16,6,SAN FELIPE ST,,0,32.70800833,-117.0294278,0,14,0,0,1,1,0,4,1,1,0,1,0,0000000,99,99,99,99,88,88,14,0,0,1,0
6,60450,2,2,0,0,0,4,4,25,0,1,4,2013,2,15,10,0,2,4,CR-EVAN HEWES HWY,CR-BARBARA WORTH RD,0,32.80375,-115.430475,0,12,6,0,2,2,0,1,1,1,0,1,0,0000000,99,99,99,99,99,99,0,0,0,1,0
6,60451,1,1,0,0,0,1,1,37,0,1,1,2013,3,4,10,0,4,4,CR-SAND CANYON RD,,0,34.36126111,-118.3905944,0,35,0,0,1,1,0,4,2,1,0,1,0,0000000,99,99,99,99,88,88,0,0,0,1,1
6,60452,1,1,0,0,0,1,1,73,3260,1,4,2013,2,19,4,0,12,3,SR-52,,71,32.84275556,-117.1197556,0,23,0,1,19,1,0,4,1,10,0,10,0,0000000,99,99,99,99,99,99,0,0,0,1,0
6,60453,1,1,0,1,1,2,2,85,2311,3,4,2013,4,16,24,0,13,6,CENTRAL EXPY,,0,37.40303611,-122.0964222,0,8,0,0,1,1,0,4,1,1,0,1,0,0000000,99,99,99,99,99,99,0,0,0,1,0
6,60454,2,2,0,0,0,2,2,61,200,2,4,2013,3,18,58,0,12,3,SR-49,,18,38.89995833,-121.0571667,0,12,8,0,1,1,0,1,1,1,0,1,0,0000000,99,99,99,99,99,99,0,0,0,1,1
6,60455,1,1,0,0,0,2,2,79,1500,2,4,2013,3,21,18,0,15,6,EL CAMINO REAL,,0,35.13333056,-120.6165333,0,42,0,0,1,1,0,4,2,1,0,1,0,0000000,99,99,99,99,88,88,0,0,0,2,0
6,60456,2,2,0,0,0,2,2,53,0,3,4,2013,4,6,46,1,2,2,US-101,ESPINOSA ROAD,920,36.73480278,-121.6573944,0,12,6,0,2,3,0,1,4,10,0,10,0,0000000,99,99,99,99,99,99,0,0,0,1,0
6,60457,2,2,0,0,0,2,2,59,1410,3,4,2013,4,8,22,0,13,6,WESTMINSTER AVE,KERRY ST,0,33.75951944,-117.9587667,0,12,6,0,2,2,0,1,1,1,0,1,0,0000000,99,99,99,99,99,99,0,0,0,1,0
6,60458,3,1,2,0,0,1,1,37,1980,3,4,2013,4,9,45,0,14,6,WESTWOOD BLVD,GLENDON AVE,0,34.03014167,-118.4204611,0,38,0,0,3,3,0,4,1,1,0,1,0,0000000,99,99,99,99,99,99,14,0,0,1,0
6,60459,2,2,0,0,0,4,4,83,0,3,4,2013,4,11,9,0,4,4,CR-BATTERAVIA ROAD,,0,34.923575,-120.4165778,0,12,6,0,1,1,0,1,1,1,0,1,0,0000000,99,99,99,99,99,99,0,0,0,1,0
6,60460,2,2,0,0,0,2,2,67,3150,3,4,2013,4,18,30,0,13,6,H ST,CARLSON DR,0,38.56779722,-121.4291306,0,12,6,0,2,2,0,1,1,10,0,10,0,0000000,99,99,99,99,99,99,0,0,0,1,1
6,60461,2,2,0,0,0,3,3,53,0,4,4,2013,5,5,30,1,12,2,US-101,,979,36.81478056,-121.6397611,0,12,6,0,1,1,0,1,2,2,10,2,0,0000000,99,99,99,99,88,88,0,0,0,1,0
6,60462,1,1,0,0,0,1,1,67,3150,4,4,2013,5,7,10,0,12,3,SR-51,,42,38.60381944,-121.4343389,0,42,0,0,1,1,0,3,1,2,10,2,0,0000000,99,99,99,99,88,88,0,0,0,1,0
6,60463,1,1,0,1,1,1,1,59,80,4,4,2013,5,13,12,0,13,6,S EUCLID ST,,0,33.82218333,-117.9414806,0,15,0,0,1,1,0,1,1,1,0,1,0,0000000,99,99,99,99,88,88,0,0,0,1,0
6,60464,1,1,0,1,1,1,1,29,0,5,4,2013,6,3,41,0,2,4,CR-NILES ST,,0,35.37581111,-118.9574444,0,15,0,0,1,1,0,1,2,1,0,1,0,0000000,99,99,99,99,88,88,0,0,0,1,0
6,60465,2,2,0,0,0,3,3,77,0,5,4,2013,6,4,40,0,4,4,CR-KASSON RD,WRIGHT RD,0,37.72190278,-121.3221528,0,12,6,0,2,3,0,1,2,1,0,1,0,0000000,99,99,99,99,88,88,0,0,0,1,0
6,60466,1,1,0,0,0,2,2,39,0,5,4,2013,6,7,10,0,4,4,CR-ROAD 28 1/2,,0,36.94658889,-120.0285389,0,42,0,0,1,1,0,4,1,1,0,1,0,0000000,99,99,99,99,99,99,0,0,0,1,0
6,60467,1,1,0,0,0,2,2,37,1980,6,4,2013,7,1,55,0,13,6,SHERMAN WAY,,0,34.19828333,-118.6327944,0,30,0,0,1,1,0,4,3,1,0,1,0,0000000,99,99,99,99,99,99,0,0,0,1,1
6,60468,2,2,0,0,0,2,2,65,0,6,4,2013,7,6,30,0,4,4,CR-GILMAN SPRINGS RD,,0,33.90675,-117.0910389,0,12,6,0,1,1,0,1,1,10,0,10,0,0000000,99,99,99,99,99,99,0,0,0,1,1
6,60469,1,1,0,0,0,4,4,19,0,6,4,2013,7,8,35,1,1,1,I-5,,410,36.571475,-120.541475,0,1,0,0,1,1,0,1,1,1,0,1,0,0000000,99,99,99,99,99,99,0,0,0,1,0
6,60470,2,2,0,0,0,3,3,73,0,6,4,2013,7,13,5,0,2,3,SR-76,,486,33.23228056,-116.7595611,0,12,6,0,8,1,0,1,1,1,0,1,0,0000000,99,99,99,99,99,99,0,0,0,1,0
6,60471,2,2,0,0,0,4,4,37,2700,6,4,2013,7,15,45,1,11,1,I-210,,265,34.1517,-118.1295389,0,12,1,0,1,1,0,1,1,1,0,1,0,0000000,99,99,99,99,99,99,28,14,0,1,0
6,60472,2,2,0,0,0,7,7,19,0,6,4,2013,7,21,3,0,3,4,CR-MOUNTAIN VIEW AVE,CR-BETHEL AVE,0,36.54675,-119.5750611,0,12,6,0,2,2,0,1,2,1,0,1,0,0000000,99,99,99,99,99,99,0,0,0,5,1
6,60473,1,1,0,0,0,1,1,61,0,7,4,2013,1,1,57,0,4,4,CR-AUBURN FOLSOM ROAD,CR-EAGLE VIEW LANE,0,38.77571111,-121.1509417,0,31,0,0,3,3,0,4,2,10,0,10,0,0000000,99,99,99,99,88,88,0,0,0,1,1
6,60474,1,1,0,0,0,1,1,85,0,7,4,2013,1,12,40,0,5,4,CR-SAN FELIPE ROAD,,0,37.2565,-121.6996806,0,1,0,0,1,1,0,2,1,1,0,1,0,0000000,99,99,99,99,99,99,0,0,0,1,0
6,60475,2,2,0,1,1,1,1,95,330,1,4,2013,2,5,38,1,11,1,I-780,,47,38.07676111,-122.1900389,0,8,0,0,1,1,0,1,2,2,10,2,0,0000000,99,99,99,99,88,88,19,23,0,1,0
6,60476,1,1,0,0,0,4,4,31,0,1,4,2013,2,6,5,0,2,3,SR-43,,53,36.14468056,-119.5898194,0,1,0,0,1,1,0,5,4,10,0,10,0,0000000,99,99,99,99,99,99,0,0,0,1,0
6,60477,3,3,0,0,0,3,3,37,1980,1,4,2013,2,10,40,0,13,6,SAN FERNANDO RD,,0,34.229775,-118.3836389,0,12,1,0,1,1,0,11,1,1,0,1,0,0000000,99,99,99,99,88,88,0,0,0,1,0
6,60478,2,2,0,0,0,5,5,73,0,1,4,2013,2,11,45,0,3,4,CR-VALLEY CENTER RD,,0,33.2282,-117.0175694,0,12,2,0,1,1,0,1,1,1,0,1,0,0000000,99,99,99,99,99,99,0,0,0,1,0
6,60479,1,1,0,1,1,1,1,65,0,8,4,2013,2,6,35,0,6,4,CR-MARSHALL ST,,0,33.77526944,-117.2783806,0,8,0,0,1,1,0,2,1,10,0,10,0,0000000,99,99,99,99,99,99,0,0,0,1,0
6,60480,1,1,0,0,0,1,1,87,0,8,4,2013,2,99,99,0,4,4,CR-JAMISON CREEK RD,,0,37.08551667,-122.1039528,0,1,0,0,1,1,0,4,2,10,0,10,0,0000000,99,99,99,99,88,88,0,0,0,1,1
6,60481,1,1,0,1,1,1,1,73,3260,9,4,2013,3,20,2,0,14,6,UNVERSITY AVE,36TH ST,0,32.74863611,-117.1462972,0,15,0,0,3,2,0,1,3,1,0,1,0,0000000,99,99,99,99,99,99,0,0,0,1,0
6,60482,1,1,0,1,1,1,1,75,3290,10,4,2013,4,18,58,0,16,6,JUDSON AVE,EDNA ST,0,37.72832778,-122.4465806,0,8,0,0,3,2,0,1,1,1,0,1,0,0000000,99,99,99,99,99,99,0,0,0,1,0
6,60483,1,1,0,1,1,1,1,73,3260,11,4,2013,5,0,47,0,13,6,EL CAJON BLVD,,0,32.76878889,-117.0423722,0,8,0,0,1,1,0,1,3,1,0,1,0,0000000,99,99,99,99,99,99,0,0,0,1,0
6,60484,2,2,0,1,1,1,1,47,0,4,2,2013,2,4,20,1,12,3,SR-99,,321,37.4106,-120.7537667,0,12,2,0,1,1,0,1,2,1,0,1,0,0000000,99,99,99,99,88,88,19,23,0,1,0
6,60485,1,1,0,1,1,2,2,33,0,21,3,2013,5,21,30,0,2,3,SR-20,,289,39.02466944,-122.6584806,0,9,0,0,1,1,0,1,2,1,0,1,0,0000000,99,99,99,99,88,88,0,0,0,1,0
6,60486,1,1,0,0,0,1,1,59,3420,31,3,2013,1,19,15,1,11,1,I-5,,329,33.76463889,-117.8652111,0,33,0,1,19,1,0,4,5,1,0,1,0,0000000,99,99,99,99,88,88,0,0,0,1,1
6,60487,1,1,0,1,1,1,1,103,2940,1,4,2013,2,15,9,0,13,6,S MAIN ST,DIAMOND AV,0,40.16575,-122.2281361,0,9,0,1,2,3,0,1,1,1,0,1,0,0000000,99,99,99,99,99,99,0,0,0,1,0
6,60488,2,2,0,0,0,3,3,25,0,3,4,2013,4,14,0,1,1,1,I-8,,634,32.72419722,-115.1324917,0,12,2,0,1,1,0,1,1,1,0,1,0,0000000,99,99,99,99,99,99,0,0,0,1,0
6,60489,4,4,0,0,0,8,8,37,230,7,4,2013,1,20,5,0,14,6,CITRUS AVE,BASELINE RD,0,34.12143056,-117.8901583,0,12,1,0,2,2,0,1,3,1,0,1,0,0000000,99,99,99,99,99,99,14,0,0,1,1
6,60490,5,5,0,0,0,7,7,71,0,7,4,2013,1,20,30,1,2,2,US-395,,303,34.85537778,-117.5036056,0,12,8,0,1,1,0,1,2,1,0,1,0,0000000,99,99,99,99,99,99,0,0,0,1,0
6,60491,1,1,0,1,1,1,1,37,2870,8,4,2013,2,0,5,0,13,6,VALLEY BL,,0,34.05933889,-117.801675,0,9,0,0,1,1,0,1,3,1,0,1,0,0000000,99,99,99,99,88,88,0,0,0,1,1
6,60492,2,2,0,0,0,6,6,29,0,8,4,2013,2,6,25,0,4,4,CR-OLD RIVER RD,,0,35.08177778,-119.12145,0,12,8,0,1,1,0,1,1,10,0,10,0,0000000,99,99,99,99,88,88,0,0,0,1,0
6,60493,5,5,0,0,0,8,8,111,0,8,4,2013,2,16,20,1,2,3,SR-118,,114,34.26403889,-118.9868528,0,12,1,0,1,1,0,1,1,1,0,1,0,0000000,99,99,99,99,99,99,0,0,0,1,0
6,60494,1,1,0,1,1,1,1,37,2054,20,4,2013,7,20,46,0,12,3,SR-1,,431,34.0467,-118.6394444,0,8,0,0,1,1,0,1,2,1,0,1,0,0000000,99,99,99,99,88,88,0,0,0,1,0
6,60495,2,2,0,0,0,2,2,95,0,18,3,2013,2,16,23,0,15,4,CR-GIBSON CYN RD,FARRELL RD,0,38.37942222,-121.9982583,0,12,6,0,2,3,0,1,1,1,0,1,0,0000000,99,99,99,99,99,99,0,0,0,1,0
6,60496,1,1,0,1,1,1,1,115,2100,19,3,2013,3,16,53,0,14,3,SR-20,G ST,0,39.14558333,-121.5944,0,9,0,0,3,2,0,1,1,10,0,10,0,0000000,99,99,99,99,99,99,0,0,0,1,0
6,60497,1,1,0,1,1,1,1,85,3340,22,3,2013,6,3,10,1,11,1,I-280,,12,37.32893056,-121.8694806,0,8,0,0,1,1,0,1,2,1,0,1,0,0000000,99,99,99,99,88,88,0,0,0,1,0
6,60498,1,1,0,0,0,1,1,67,3150,22,3,2013,6,21,18,0,14,6,MARKET BL,NORTHGATE BL,0,38.64730556,-121.4753639,0,1,0,0,2,2,0,1,3,1,0,1,0,0000000,99,99,99,99,88,88,0,0,0,1,0
6,60499,1,1,0,0,0,1,1,59,880,23,3,2013,7,10,32,1,12,3,SR-55,,53,33.67921944,-117.8801861,0,42,0,0,1,1,0,4,1,1,0,1,0,0000000,99,99,99,99,88,88,0,0,0,1,0
6,60500,2,2,0,0,0,3,3,15,0,30,3,2013,7,16,34,1,2,2,US-101,,120,41.59601389,-124.1008528,0,12,6,0,1,1,0,1,1,1,0,1,0,0000000,99,99,99,99,99,99,0,0,0,1,1
6,60501,2,2,0,0,0,3,3,71,1603,12,5,2013,1,3,44,1,11,1,I-15,,295,34.37897778,-117.4183611,0,12,1,0,1,1,1,1,2,1,0,1,0,0000000,99,99,99,99,99,99,19,0,0,1,2
6,60502,1,1,0,0,0,1,1,53,0,11,4,2013,5,8,42,0,6,4,CR-GONZALES RIVER RD,,0,36.48925833,-121.4645722,0,1,0,0,1,1,0,1,1,1,0,1,0,0000000,99,99,99,99,88,88,0,0,0,1,0
6,60503,1,1,0,0,0,1,1,65,2278,11,4,2013,5,12,45,1,12,3,SR-60,,192,33.93947778,-117.1777806,0,42,0,1,5,1,0,8,1,1,0,1,0,0000000,99,99,99,99,99,99,0,0,0,1,0
6,60504,2,2,0,0,0,4,4,109,0,11,4,2013,5,15,28,0,2,3,SR-49,,227,37.99975,-120.4307194,0,12,2,0,1,1,0,1,1,1,0,1,0,0000000,99,99,99,99,99,99,0,0,0,2,0
6,60505,1,1,0,1,1,1,1,41,0,12,4,2013,6,12,25,0,4,4,CR-SIR FRANCIS DRAKE BLVD,,0,38.06942778,-122.8246306,0,9,0,0,1,1,0,1,1,1,0,1,0,0000000,99,99,99,99,88,88,0,0,0,1,1
6,60506,2,1,1,1,1,1,1,29,0,12,4,2013,6,12,50,1,2,3,SR-58,,949,35.12176944,-118.4016389,0,43,0,0,1,1,0,4,1,1,0,1,0,0000000,99,99,99,99,99,99,0,0,0,1,0
6,60507,2,2,0,0,0,2,2,83,0,12,4,2013,6,13,41,0,2,3,SR-154,ALAMO PINTADO AVE,32,34.66565,-120.1104389,0,12,6,0,2,2,0,1,1,1,0,1,0,0000000,99,99,99,99,88,88,0,0,0,1,0
6,60508,1,1,0,1,1,1,1,37,1980,13,4,2013,7,8,15,0,14,6,PARTHENIA ST,VANALDEN AVE,0,34.22825278,-118.5491722,0,8,0,0,3,2,0,1,1,10,0,10,0,0000000,99,99,99,99,99,99,0,0,0,1,0
6,60509,1,1,0,0,0,2,2,97,0,13,4,2013,7,11,0,0,2,3,SR-1,,435,38.60141944,-123.3515889,0,42,0,0,1,1,0,4,1,1,0,1,0,0000000,99,99,99,99,88,88,0,0,0,2,0
6,60510,1,1,0,0,0,1,1,53,1470,13,4,2013,7,12,23,1,12,2,US-101,,544,36.33578889,-121.2513389,0,42,0,0,1,1,0,2,1,1,0,1,0,0000000,99,99,99,99,99,99,0,0,0,1,0
6,60511,1,1,0,0,0,1,1,11,0,13,4,2013,7,15,14,1,1,1,I-5,,304,39.32821111,-122.1946611,0,1,0,0,1,1,0,3,1,1,0,1,0,0000000,99,99,99,99,88,88,0,0,0,1,0
6,60512,1,1,0,0,0,1,1,41,2460,13,4,2013,7,18,40,1,12,2,US-101,,191,38.0777,-122.5432,0,7,0,0,1,1,0,4,1,1,0,1,0,0000000,99,99,99,99,88,88,0,0,0,1,0
6,60513,1,1,0,0,0,4,4,37,2645,13,4,2013,7,20,13,1,12,3,SR-14,,627,34.61631667,-118.1531083,0,33,0,0,1,1,0,4,2,1,0,1,0,0000000,99,99,99,99,99,99,0,0,0,1,1
6,60514,3,3,0,0,0,4,4,29,0,14,4,2013,1,6,25,0,3,4,CR-SANTA FE WAY,,0,35.46918889,-119.2326889,0,12,6,0,1,1,0,1,1,1,0,1,0,0000000,99,99,99,99,99,99,0,0,0,1,1
6,60515,2,2,0,0,0,2,2,59,1713,14,4,2013,1,14,40,1,11,1,I-405,,22,33.65268333,-117.768125,0,12,1,1,5,1,0,1,1,10,0,10,0,0000000,99,99,99,99,88,88,0,0,0,1,0
6,60516,1,1,0,0,0,1,1,73,3260,14,4,2013,1,19,20,0,13,6,CANON ST,,0,32.72356389,-117.2423778,0,24,0,0,1,1,0,4,2,10,0,10,0,0000000,99,99,99,99,88,88,0,0,0,1,1
6,60517,1,1,0,0,0,1,1,89,0,14,4,2013,1,20,20,0,3,4,CR-CANYON RD,CHINA GULCH DR,0,40.48893611,-122.3934556,0,35,0,0,3,3,0,4,2,1,0,1,0,0000000,99,99,99,99,88,88,0,0,0,1,1
6,60518,1,1,0,0,0,1,1,65,0,14,4,2013,1,99,99,0,5,4,CR-70TH AVE,,0,33.54016111,-116.0900306,0,1,0,0,1,1,0,5,2,1,0,1,0,0000000,99,99,99,99,88,88,4,0,0,1,1