STATE,ST_CASE,VE_TOTAL,VE_FORMS,PVH_INVL,PEDS,PERNOTMVIT,PERMVIT,PERSONS,COUNTY,CITY,DAY,MONTH,YEAR,DAY_WEEK,HOUR,MINUTE,NHS,ROAD_FNC,ROUTE,TWAY_ID,TWAY_ID2,MILEPT,LATITUDE,LONGITUD,SP_JUR,HARM_EV,MAN_COLL,RELJCT1,RELJCT2,TYP_INT,WRK_ZONE,REL_ROAD,LGT_COND,WEATHER1,WEATHER2,WEATHER,SCH_BUS,RAIL,NOT_HOUR,NOT_MIN,ARR_HOUR,ARR_MIN,HOSP_HR,HOSP_MN,CF1,CF2,CF3,FATALS,DRUNK_DR
6,60631,1,1,0,1,1,1,1,37,1980,3,5,2013,6,20,30,0,13,6,ALAMEDA ST,,0,34.04259167,-118.2381722,0,8,0,0,1,1,0,1,5,1,0,1,0,0000000,99,99,99,99,99,99,0,0,0,1,1
6,60632,2,2,0,0,0,5,5,71,1305,3,5,2013,6,22,40,1,11,1,I-10,,148,34.06642778,-117.4597833,0,12,1,0,1,1,0,1,3,1,0,1,0,0000000,99,99,99,99,99,99,28,0,0,1,0
6,60633,1,1,0,1,1,2,2,31,220,4,5,2013,7,1,33,0,12,3,SR-33,7TH AVE,164,35.99384444,-120.1291917,0,8,0,0,2,3,0,1,2,1,0,1,0,0000000,99,99,99,99,88,88,0,0,0,1,0
6,60634,1,1,0,1,1,1,1,37,4124,4,5,2013,7,1,40,0,13,6,SANTA MONICA BLVD,,0,34.086825,-118.3811083,0,8,0,0,1,1,0,1,3,1,0,1,0,0000000,99,99,99,99,99,99,0,0,0,1,1
6,60635,1,1,0,0,0,1,1,97,0,4,5,2013,7,4,5,0,4,4,CR-RIVER RD,,0,38.50953056,-122.9665306,0,42,0,0,1,1,0,4,2,1,0,1,0,0000000,99,99,99,99,88,88,0,0,0,1,1
6,60636,1,1,0,0,0,1,1,73,0,4,5,2013,7,13,38,0,4,4,CR-SOUTH GRADE RD,,0,33.30431944,-116.8854611,0,17,0,0,1,1,0,4,1,1,0,1,0,0000000,99,99,99,99,99,99,0,0,0,1,0
6,60637,2,1,1,0,0,1,1,37,3470,4,5,2013,7,14,18,0,14,6,SAN VICENTE BLVD,,0,34.0282,-118.5119472,0,1,0,0,1,1,0,1,1,1,0,1,0,0000000,99,99,99,99,99,99,14,0,0,1,1
6,60638,2,2,0,0,0,2,2,25,0,4,5,2013,7,16,30,0,2,3,SR-78,BRANDT RD,108,33.00001944,-115.5614667,0,12,6,0,2,2,0,1,1,1,0,1,0,0000000,99,99,99,99,99,99,0,0,0,1,0
6,60639,1,1,0,1,1,1,1,65,3070,4,5,2013,7,22,54,0,15,6,GRAMERCY PL,,0,33.92924444,-117.4884722,0,8,0,0,1,1,0,1,2,1,0,1,0,0000000,99,99,99,99,99,99,0,0,0,1,0
6,60640,1,1,0,0,0,2,2,37,1840,5,5,2013,1,1,42,0,13,6,AVENUE I,,0,34.70462222,-118.0661028,0,30,0,0,1,1,0,4,3,1,0,1,0,0000000,99,99,99,99,99,99,0,0,0,1,0
6,60641,1,1,0,0,0,2,2,65,1801,5,5,2013,1,3,36,1,11,1,I-15,,233,33.70055,-117.3284639,0,1,0,0,1,1,0,3,2,1,0,1,0,0000000,99,99,99,99,99,99,0,0,0,1,0
6,60642,3,1,2,0,0,1,1,37,1970,5,5,2013,1,6,48,0,15,6,70TH ST,,0,33.88199444,-118.1571278,0,14,0,0,1,1,0,4,4,10,0,10,0,0000000,99,99,99,99,99,99,14,0,0,1,0
6,60643,1,1,0,0,0,5,5,19,0,5,5,2013,1,14,45,0,2,3,SR-198,,111,36.08888056,-120.4985889,0,1,0,0,1,1,0,4,1,10,0,10,0,0000000,99,99,99,99,99,99,0,0,0,2,1
6,60644,2,2,0,0,0,2,2,29,0,5,5,2013,1,17,20,1,2,3,SR-58,,665,35.32300278,-118.796025,0,12,1,0,1,1,0,1,1,1,0,1,0,0000000,99,99,99,99,99,99,0,0,0,1,0
6,60645,2,2,0,0,0,3,3,19,0,5,5,2013,1,20,27,0,4,4,CR-FRIANT RD,,0,36.95572222,-119.7262278,0,12,6,0,1,1,0,1,2,1,0,1,0,0000000,99,99,99,99,99,99,0,0,0,1,1
6,60646,3,3,0,0,0,3,3,37,1980,6,5,2013,2,6,30,1,12,3,SR-118,,110,34.1732,-118.53645,0,12,7,0,1,1,0,1,1,2,10,2,0,0000000,99,99,99,99,99,99,14,0,0,1,1
6,60647,1,1,0,0,0,1,1,75,3290,6,5,2013,2,22,1,0,14,6,LAKE MERCED BLVD,SUNSET BLVD,0,37.72956667,-122.4935278,0,30,0,0,3,3,0,4,3,1,0,1,0,0000000,99,99,99,99,99,99,0,0,0,1,0
6,60648,2,2,0,0,0,3,3,115,0,15,5,2013,4,7,50,1,2,3,SR-20,,51,39.18451111,-121.5418611,0,12,6,0,1,1,0,1,1,1,0,1,0,0000000,99,99,99,99,99,99,0,0,0,1,0
6,60649,4,4,0,0,0,4,4,37,1970,15,5,2013,4,11,17,0,13,6,CARSON ST,CLARK AVE,0,33.83231111,-118.1333694,0,12,1,0,3,2,0,1,1,1,0,1,0,0000000,99,99,99,99,99,99,0,0,0,1,0
6,60650,1,1,0,0,0,1,1,85,3340,6,1,2013,1,2,46,0,13,6,S 1ST ST,,0,37.32635556,-121.8832194,0,30,0,0,1,1,0,4,3,98,0,98,0,0000000,99,99,99,99,88,88,0,0,0,1,1
6,60651,1,1,0,1,1,1,1,37,1980,15,5,2013,4,23,30,0,13,6,ROSCOE BLVD,,0,34.22067778,-118.4987556,0,9,0,0,1,1,0,1,3,1,0,1,0,0000000,99,99,99,99,99,99,0,0,0,1,0
6,60652,3,2,1,0,0,2,2,73,3260,16,5,2013,5,8,43,0,14,6,CORONADO AVE,,0,32.57648056,-117.0744528,0,12,2,0,1,1,0,1,1,10,0,10,0,0000000,99,99,99,99,99,99,0,0,0,1,0
6,60653,2,2,0,0,0,3,3,53,3180,16,5,2013,5,13,53,0,13,6,S SANBORN RD,,0,36.65788333,-121.6354333,0,12,6,0,8,1,0,1,1,1,0,1,0,0000000,99,99,99,99,99,99,0,0,0,1,0
6,60654,1,1,0,0,0,2,2,71,0,16,5,2013,5,15,20,1,1,1,I-40,,446,34.72908056,-116.2636194,0,35,0,0,1,1,0,5,1,1,0,1,0,0000000,99,99,99,99,99,99,0,0,0,1,0
6,60655,1,1,0,1,1,1,1,65,2650,7,5,2013,3,15,48,0,14,6,EL CIELO RD,ARENAS RD,0,33.82076389,-116.5106417,0,8,0,0,3,3,0,1,1,1,0,1,0,0000000,99,99,99,99,99,99,0,0,0,1,0
6,60656,2,2,0,0,0,2,2,37,120,7,5,2013,3,19,51,0,13,6,FOOTHILL BL,,0,34.15073056,-118.0427722,0,12,7,0,1,1,0,1,5,1,0,1,0,0000000,99,99,99,99,99,99,0,0,0,1,1
6,60657,1,1,0,0,0,2,2,59,880,17,5,2013,6,21,3,0,14,6,BRISTOL ST,,0,33.66589444,-117.8812472,0,33,0,0,1,1,0,4,3,1,0,1,0,0000000,99,99,99,99,99,99,0,0,0,1,1
6,60658,1,1,0,1,1,1,1,73,0,17,5,2013,6,21,20,0,3,4,CR-HWY 8 BUSINESS,,0,32.82963333,-116.9079944,0,8,0,0,1,1,0,1,2,1,0,1,0,0000000,99,99,99,99,88,88,0,0,0,1,0
6,60659,1,1,0,1,1,1,1,37,1980,19,5,2013,1,2,10,0,16,6,WEST BLVD,,0,34.02486944,-118.3417139,0,8,0,0,1,1,0,1,3,1,0,1,0,0000000,99,99,99,99,88,88,0,0,0,1,0
6,60660,2,2,0,0,0,2,2,65,2650,19,5,2013,1,4,30,0,14,6,E PALM CANYON,S EL CAMINO,0,33.80135833,-116.538,0,12,6,0,2,2,0,1,3,1,0,1,0,0000000,99,99,99,99,88,88,14,0,0,1,2
6,60661,1,1,0,1,1,1,1,37,1980,19,5,2013,1,18,35,0,16,6,99TH STREET,,0,33.94698056,-118.2473861,0,8,0,0,1,1,0,1,1,1,0,1,0,0000000,99,99,99,99,99,99,0,0,0,1,0
6,60662,1,1,0,0,0,6,6,23,0,18,5,2013,7,16,10,1,2,3,SR-299,,281,40.90536111,-123.7813806,0,24,0,0,1,1,0,4,1,1,0,1,0,0000000,99,99,99,99,99,99,0,0,0,1,0
6,60663,2,2,0,0,0,3,3,37,1980,18,5,2013,7,4,20,0,13,6,LA BREA AVE,JEFFERSON BLVD,0,34.02550278,-118.3548611,0,12,6,0,2,2,0,1,3,1,0,1,0,0000000,99,99,99,99,99,99,0,0,0,1,0
6,60664,1,1,0,1,1,1,1,37,1695,18,5,2013,7,15,5,0,13,6,VALLEY BLVD,,0,34.00824444,-117.9193861,0,9,0,0,8,1,0,1,1,1,0,1,0,0000000,99,99,99,99,88,88,16,0,0,1,0
6,60665,2,2,0,0,0,2,2,29,0,8,5,2013,4,1,2,0,3,4,CR-WHEELER RIDGE RD,,0,35.00193889,-118.9433389,0,12,2,0,1,1,0,1,2,1,0,1,0,0000000,99,99,99,99,88,88,0,0,0,1,0
6,60666,3,3,0,0,0,3,3,65,0,8,5,2013,4,10,20,1,1,1,I-15,,320,33.76283056,-117.4735806,0,12,7,0,1,1,0,1,1,10,0,10,0,0000000,99,99,99,99,88,88,14,0,0,1,0
6,60667,2,2,0,0,0,2,2,71,0,10,5,2013,6,8,45,1,1,1,I-40,,381,34.76678056,-116.3575194,0,12,1,0,7,1,0,1,1,1,0,1,0,0000000,99,99,99,99,88,88,0,0,0,1,0
6,60668,1,1,0,1,1,1,1,97,3089,10,5,2013,6,17,23,0,13,6,ROHNERT PARK EXPWY,,0,38.34843333,-122.7157444,0,8,0,0,1,1,0,1,1,1,0,1,0,0000000,17,23,17,26,88,88,0,0,0,1,0
6,60669,1,1,0,0,0,1,1,71,2550,10,5,2013,6,21,46,0,13,6,ARCHIBALD AVE,,0,34.02061111,-117.5931472,0,33,0,0,1,1,0,4,3,1,0,1,0,0000000,99,99,99,99,99,99,0,0,0,1,1
6,60670,2,2,0,0,0,2,2,37,1980,11,5,2013,7,9,15,0,14,6,INGLEWOOD BL,PACIFIC AVE,0,34.00533611,-118.4281806,0,12,6,0,2,3,0,1,1,1,0,1,0,0000000,99,99,99,99,99,99,0,0,0,1,0
6,60671,1,1,0,1,1,1,1,37,1980,11,5,2013,7,12,15,0,15,6,SHERMAN WY,,0,34.20100278,-118.5827667,0,9,0,0,1,1,0,1,1,1,0,1,0,0000000,99,99,99,99,88,88,0,0,0,1,0
6,60672,1,1,0,1,1,1,1,107,0,12,5,2013,1,3,35,1,2,3,SR-99,,473,36.43547222,-119.4771222,0,8,0,0,1,1,0,1,2,1,0,1,0,0000000,99,99,99,99,88,88,0,0,0,1,0
6,60673,5,3,2,0,0,5,5,37,1980,9,5,2013,5,1,25,0,15,6,ROSCOE BL,,0,34.22029722,-118.5698278,0,12,7,0,1,1,0,1,3,1,0,1,0,0000000,99,99,99,99,99,99,0,0,0,1,1
6,60674,1,1,0,0,0,2,2,19,0,11,5,2013,7,13,0,0,6,4,CR-SKY HARBOUR DR,,0,37.01432778,-119.6438389,0,33,0,0,1,1,0,4,1,1,0,1,0,0000000,99,99,99,99,99,99,0,0,0,1,0
6,60675,1,1,0,0,0,1,1,73,0,25,3,2013,2,7,20,1,2,3,SR-79,,308,33.24210278,-116.6867528,0,17,0,0,1,1,0,4,1,1,0,1,0,0000000,99,99,99,99,99,99,0,0,0,1,0
6,60676,1,1,0,0,0,1,1,85,1420,28,3,2013,5,22,49,0,12,2,US-152,,68,37.01184167,-121.6198,0,42,0,0,1,1,0,4,3,1,0,1,0,0000000,99,99,99,99,88,88,0,0,0,1,1
6,60677,1,1,0,0,0,1,1,73,3260,3,4,2013,4,14,10,1,11,1,I-5,,273,32.8566,-117.2305111,0,42,0,0,1,1,0,4,1,10,0,10,0,0000000,99,99,99,99,88,88,0,0,0,1,0
6,60678,2,2,0,0,0,3,3,77,3770,5,4,2013,6,15,15,1,12,3,SR-99,,185,37.96046944,-121.2412306,0,12,7,1,18,1,0,1,1,1,0,1,0,0000000,99,99,99,99,99,99,0,0,0,1,0
6,60679,1,1,0,0,0,1,1,71,2238,19,4,2013,6,7,3,0,14,6,RAMONA AVE,,0,34.07676111,-117.7068639,0,33,0,0,1,1,0,4,1,1,0,1,0,0000000,99,99,99,99,88,88,0,0,0,1,0
6,60680,4,4,0,0,0,5,5,77,0,21,4,2013,1,1,32,1,2,3,SR-12,,75,38.11538889,-121.4450306,0,12,2,0,1,1,0,1,2,1,0,1,0,0000000,99,99,99,99,99,99,14,0,0,1,1
6,60681,2,2,0,1,1,2,2,73,710,28,4,2013,1,19,37,0,15,6,PALOMAR ST,INDUSTRIAL BL,0,32.60394444,-117.0856361,0,9,0,0,2,2,0,1,3,1,0,1,0,0000000,99,99,99,99,99,99,0,0,0,1,0
6,60682,2,2,0,0,0,2,2,19,0,6,5,2013,2,5,35,0,5,4,CR-DEL REY AVE,SOUTH AVE,0,36.61970278,-119.5928111,0,12,6,0,2,2,0,1,4,1,0,1,0,0000000,99,99,99,99,99,99,0,0,0,1,0
6,60683,3,3,0,0,0,7,7,111,0,11,5,2013,7,13,35,0,2,3,SR-1,,85,34.095625,-119.0724,0,12,2,0,1,1,0,1,1,1,0,1,0,0000000,99,99,99,99,88,88,0,0,0,1,0
6,60684,1,1,0,0,0,1,1,59,80,11,5,2013,7,14,27,0,14,6,CRESCENT AVE,,0,33.83988333,-117.9617639,0,33,0,0,1,1,0,4,1,1,0,1,0,0000000,99,99,99,99,99,99,0,0,0,1,0
6,60685,1,1,0,0,0,1,1,29,0,11,5,2013,7,19,10,0,2,3,SR-178,,227,35.47726111,-118.7104,0,35,0,0,1,1,0,5,1,1,0,1,0,0000000,99,99,99,99,88,88,0,0,0,1,0
6,60686,1,1,0,1,1,1,1,85,3340,11,5,2013,7,20,56,0,15,6,LITTLE ORCHARD,,0,37.30313611,-121.8696556,0,8,0,0,1,1,0,1,2,1,0,1,0,0000000,99,99,99,99,99,99,0,0,0,1,0
6,60687,1,1,0,0,0,1,1,15,0,11,5,2013,7,99,99,1,2,2,US-199,,109,41.89581111,-123.7866056,0,42,0,0,1,1,0,5,2,1,0,1,0,0000000,99,99,99,99,88,88,0,0,0,1,1
6,60688,1,1,0,1,1,1,1,37,2645,24,5,2013,6,4,40,0,13,6,AVENUE M,5TH ST,0,34.64587778,-118.1209889,0,8,0,0,2,3,0,1,2,1,0,1,0,0000000,99,99,99,99,88,88,0,0,0,1,0
6,60689,1,1,0,0,0,1,1,85,537,18,5,2013,7,16,20,0,12,3,SR-17,,107,37.27301111,-121.9473194,0,1,0,0,1,1,0,4,1,1,0,1,0,0000000,99,99,99,99,88,88,19,0,0,1,1
6,60690,1,1,0,1,1,1,1,19,3590,16,5,2013,5,20,59,0,13,6,HIGHLAND AVE,,0,36.56197778,-119.6288361,0,8,0,0,1,1,0,1,2,1,0,1,0,0000000,99,99,99,99,88,88,0,0,0,1,0
6,60691,1,1,0,1,1,1,1,37,0,13,4,2013,7,3,55,1,11,1,I-710,,247,34.036175,-118.169875,0,8,0,0,1,1,0,1,3,1,0,1,0,0000000,99,99,99,99,88,88,0,0,0,1,0
6,60692,2,2,0,0,0,4,4,71,2960,16,4,2013,3,13,43,0,16,6,EUREKA ST,STEWART AVE,0,34.05960278,-117.18635,0,12,6,0,2,2,0,1,1,1,0,1,0,0000000,99,99,99,99,99,99,0,0,0,1,0
6,60693,1,1,0,0,0,2,2,37,1980,19,4,2013,6,2,12,0,12,3,SR-110 RAMP,,271,34.09255,-118.2061194,0,39,0,1,5,1,0,4,3,1,0,1,0,0000000,99,99,99,99,88,88,0,0,0,2,1
6,60694,1,1,0,0,0,1,1,79,0,12,5,2013,1,7,27,1,12,2,US-101,,65,35.05578889,-120.5018889,0,24,0,0,1,1,0,3,1,1,0,1,0,0000000,99,99,99,99,88,88,0,0,0,1,0
6,60695,1,1,0,0,0,3,3,71,0,12,5,2013,1,10,52,1,1,1,I-15,,1741,35.46346111,-115.4808694,0,24,0,0,1,1,0,3,1,1,0,1,0,0000000,99,99,99,99,99,99,0,0,0,1,0
6,60696,1,1,0,0,0,2,2,57,0,12,5,2013,1,13,15,0,5,4,CR-PURDON RD,,0,39.31943889,-121.0463,0,1,0,0,1,1,0,5,1,1,0,1,0,0000000,99,99,99,99,88,88,4,0,0,1,1
6,60697,2,2,0,0,0,3,3,43,0,13,5,2013,2,13,20,0,2,3,SR-49,CHOWCHILLA MOUNTAIN RD,52,37.44771111,-119.7526083,0,12,6,0,2,3,0,1,1,1,0,1,0,0000000,99,99,99,99,99,99,0,0,0,1,0
6,60698,2,1,1,0,0,1,1,65,3070,14,5,2013,3,0,8,0,15,6,MITCHELL AVE,,0,33.93604722,-117.4912389,0,14,0,0,1,1,0,7,3,1,0,1,0,0000000,99,99,99,99,88,88,0,0,0,1,1
6,60699,1,1,0,0,0,1,1,51,0,14,5,2013,3,3,45,1,2,2,US-395,,764,38.25555,-119.2231694,0,24,0,0,1,1,0,4,3,1,0,1,0,0000000,99,99,99,99,88,88,0,0,0,1,0
6,60700,1,1,0,0,0,1,1,37,1980,14,5,2013,3,10,55,0,13,6,BURBANK BLVD,,0,34.17187778,-118.5326278,0,30,0,0,1,1,0,4,1,1,0,1,0,0000000,99,99,99,99,88,88,0,0,0,1,0
6,60701,1,1,0,0,0,1,1,43,0,14,5,2013,3,15,33,1,2,3,SR-140,,228,37.50083889,-119.9700889,0,43,0,0,1,1,0,2,1,1,0,1,0,0000000,99,99,99,99,99,99,0,0,0,1,1
6,60702,1,1,0,0,0,2,2,107,0,18,5,2013,7,99,99,1,2,3,SR-99,,514,36.487925,-119.5146611,0,38,0,0,1,1,1,5,2,1,0,1,0,0000000,99,99,99,99,99,99,0,0,0,1,0
6,60703,1,1,0,0,0,1,1,45,0,19,5,2013,1,10,30,0,5,4,CR-CRAWFORD RD,CR-FOOTHILL BLVD,0,39.795125,-123.2622139,0,33,0,0,3,3,0,5,1,1,0,1,0,0000000,99,99,99,99,88,88,0,0,0,1,1
6,60704,2,2,0,0,0,3,3,95,1260,19,5,2013,1,20,10,1,11,1,I-680,,85,38.16296111,-122.1195,0,12,2,0,1,1,0,1,5,1,0,1,0,0000000,99,99,99,99,99,99,0,0,0,1,1
6,60705,2,2,0,0,0,6,6,71,0,19,5,2013,1,21,55,1,1,1,I-15,,1400,35.29460833,-116.0293472,0,1,0,0,1,1,0,3,2,1,0,1,0,0000000,99,99,99,99,99,99,14,0,0,1,0
6,60706,2,2,0,0,0,5,5,65,0,19,5,2013,1,22,29,1,1,1,I-10,,309,33.90993889,-116.5833806,0,12,7,0,1,1,0,1,3,1,0,1,0,0000000,99,99,99,99,99,99,0,0,0,1,0
6,60707,1,1,0,0,0,1,1,41,0,20,5,2013,2,0,2,0,4,4,CR-POINT REYES PETALUMA RD,,0,38.11896944,-122.7138694,0,32,0,0,1,1,0,4,2,1,0,1,0,0000000,99,99,99,99,88,88,0,0,0,1,1
6,60708,1,1,0,0,0,6,6,13,3010,20,5,2013,2,8,11,0,12,6,RICHMOND PARKWAY,HILLTOP DR,0,37.987225,-122.3397444,0,1,0,0,2,2,0,1,1,1,0,1,0,0000000,99,99,99,99,99,99,0,0,0,1,1
6,60709,2,2,0,0,0,6,6,37,0,20,5,2013,2,9,35,0,4,4,CR-ANGELES FOREST HWY,,0,34.38718889,-118.090625,0,35,0,0,1,1,0,4,1,1,0,1,0,0000000,99,99,99,99,88,88,14,0,0,1,1
6,60710,1,1,0,0,0,2,2,29,0,20,5,2013,2,14,15,1,12,3,SR-99,,284,35.41892778,-119.0603806,0,24,0,0,1,1,1,3,1,1,0,1,0,0000000,99,99,99,99,99,99,0,0,0,1,0
6,60711,1,1,0,0,0,4,4,19,0,20,5,2013,2,16,35,0,2,3,SR-33,,775,36.92346944,-120.5752806,0,1,0,0,1,1,0,5,1,1,0,1,0,0000000,99,99,99,99,99,99,0,0,0,2,0
6,60712,3,3,0,0,0,3,3,65,850,20,5,2013,2,17,23,1,12,3,SR-91,,62,33.88043889,-117.5693389,0,12,7,1,18,1,0,1,1,1,0,1,0,0000000,99,99,99,99,88,88,28,14,0,1,0
6,60713,2,2,0,0,0,3,3,19,0,21,5,2013,3,8,55,0,4,4,CR-JAYNE AVE,,0,36.13739444,-120.218325,0,12,2,0,1,1,0,1,1,1,0,1,0,0000000,99,99,99,99,99,99,0,0,0,1,0
6,60714,1,1,0,0,0,1,1,53,0,20,5,2013,2,21,44,0,6,4,CR-SAN JUAN RD,DUNBARTON RD,0,36.85466944,-121.6394222,0,43,0,0,3,3,1,8,2,1,0,1,0,0000000,99,99,99,99,88,88,0,0,0,1,1
6,60715,1,1,0,0,0,1,1,97,0,21,5,2013,3,12,15,0,2,3,SR-116,,442,38.25206111,-122.4898194,0,42,0,0,1,1,0,5,1,1,0,1,0,0000000,99,99,99,99,88,88,0,0,0,1,0
6,60716,1,1,0,1,1,1,1,75,3290,23,5,2013,5,6,35,0,14,6,S VAN NESS AVE,16TH ST,0,37.76515278,-122.4175056,0,9,0,0,3,2,0,1,1,1,0,1,0,0000000,99,99,99,99,88,88,0,0,0,1,0
6,60717,1,1,0,1,1,1,1,39,0,23,5,2013,5,14,9,0,3,4,CR-AVENUE 12,,0,36.92378889,-120.0927167,0,9,0,0,1,1,0,1,1,1,0,1,0,0000000,99,99,99,99,88,88,0,0,0,1,0
6,60718,2,2,0,0,0,2,2,73,0,23,5,2013,5,17,35,0,3,4,CR-ALPINE BLVD,,0,32.83336944,-116.7329194,0,12,2,0,1,1,0,1,1,1,0,1,0,0000000,99,99,99,99,88,88,0,0,0,1,0
6,60719,3,3,0,0,0,5,5,73,1182,23,5,2013,5,18,57,0,14,6,LEUCADIA BLVD,,0,33.06835278,-117.2735444,0,12,2,0,1,1,0,1,5,1,0,1,0,0000000,99,99,99,99,99,99,0,0,0,1,0
6,60720,1,1,0,0,0,2,2,37,1980,24,5,2013,6,1,45,0,13,6,SEPULVEDA BLVD,,0,33.98414444,-118.395575,0,33,0,0,1,1,0,4,3,1,0,1,0,0000000,99,99,99,99,88,88,0,0,0,2,1
6,60721,1,1,0,0,0,1,1,37,1980,24,5,2013,6,17,25,0,15,6,HARDING ST,,0,34.30968889,-118.4104444,0,33,0,0,1,1,0,4,1,1,0,1,0,0000000,99,99,99,99,99,99,0,0,0,1,0
6,60722,1,1,0,0,0,1,1,75,3290,24,5,2013,6,20,2,1,11,1,I-280,,52,37.74446944,-122.3955389,0,24,0,0,1,1,0,4,5,1,0,1,0,0000000,99,99,99,99,88,88,0,0,0,1,1
6,60723,1,1,0,3,3,1,1,85,3340,14,5,2013,3,15,24,0,16,6,BLUEFIELD DR,,0,37.27135278,-121.8470889,0,8,0,0,1,1,0,1,1,1,0,1,0,0000000,99,99,99,99,99,99,21,0,0,1,0
6,60724,3,3,0,0,0,4,4,71,2550,2,5,2013,5,16,40,1,12,3,SR-60,,61,34.03048056,-117.6176444,0,1,0,0,1,1,0,1,1,1,0,1,0,0000000,99,99,99,99,99,99,14,0,0,1,0
6,60725,2,2,0,0,0,6,6,19,0,25,5,2013,7,19,20,0,5,4,CR-FRANKWOOD AVE,CENTRAL AVE,0,36.67663889,-119.4484389,0,12,1,0,2,2,0,1,1,1,0,1,0,0000000,99,99,99,99,99,99,0,0,0,2,0
6,60726,2,2,0,0,0,3,3,25,0,25,5,2013,7,11,40,1,1,1,I-8,,861,32.754,-114.7982306,0,12,1,0,1,1,0,1,1,1,0,1,0,0000000,99,99,99,99,99,99,0,0,0,1,0
6,60727,1,1,0,1,1,5,5,59,80,25,5,2013,7,14,6,0,14,6,S EUCLID ST,W CHATEAU PL,0,33.82101389,-117.9414222,0,8,0,0,3,3,0,1,1,1,0,1,0,0000000,99,99,99,99,99,99,0,0,0,1,0
6,60728,1,1,0,0,0,1,1,71,1605,24,5,2013,6,23,17,0,13,6,BOULDER AVE,,0,34.12007778,-117.1951,0,30,0,0,1,1,0,5,3,1,0,1,0,0000000,99,99,99,99,88,88,0,0,0,1,1
6,60729,1,1,0,1,1,1,1,37,1980,25,5,2013,7,2,40,0,13,6,WESTERN AVE,82ND ST,0,33.96458889,-118.3090167,0,8,0,0,3,2,0,1,3,1,0,1,0,0000000,99,99,99,99,88,88,0,0,0,1,0
6,60730,1,1,0,1,1,1,1,37,155,25,5,2013,7,4,40,0,13,6,NORWALK BLVD,DROXFORD ST,0,33.86111389,-118.0723833,0,15,0,0,3,3,0,1,3,1,0,1,0,0000000,99,99,99,99,88,88,0,0,0,1,0
6,60731,1,1,0,1,1,1,1,111,3641,25,5,2013,7,19,26,0,14,6,ALAMO ST,TAPO ST,0,34.28636389,-118.7089806,0,9,0,0,3,2,0,1,1,1,0,1,0,0000000,99,99,99,99,88,88,0,0,0,1,0
6,60732,1,1,0,0,0,1,1,103,0,25,5,2013,7,99,99,0,6,4,CR-PLYMIRE RD,SNOW CT,0,40.20119444,-122.2939778,0,1,0,0,3,4,0,1,3,1,0,1,0,0000000,99,99,99,99,99,99,0,0,0,1,1
6,60733,1,1,0,0,0,2,2,71,1603,17,1,2013,5,1,56,0,14,6,HESPERIA RD,CHESTNUT ST,0,34.42637222,-117.3010389,0,33,0,0,3,3,0,4,3,1,0,1,0,0000000,99,99,99,99,99,99,0,0,0,1,1
6,60734,1,1,0,0,0,1,1,49,0,26,5,2013,1,16,15,0,2,3,SR-299,,596,41.52951111,-120.1292083,0,35,0,0,1,1,0,5,1,10,0,10,0,0000000,99,99,99,99,99,99,0,0,0,1,0
6,60735,4,1,3,1,1,2,2,37,2684,26,5,2013,1,18,48,0,14,6,SOMERSET BLVD,,0,33.89643611,-118.1767639,0,33,0,0,1,1,0,4,1,1,0,1,0,0000000,99,99,99,99,99,99,14,0,0,1,0
6,60736,1,1,0,1,1,1,1,37,810,26,5,2013,1,20,30,0,13,6,LONG BEACH BLVD,PALMER ST,0,33.89826111,-118.2080944,0,8,0,0,3,2,0,1,3,1,0,1,0,0000000,99,99,99,99,99,99,0,0,0,1,0
6,60737,1,1,0,0,0,1,1,99,0,3,3,2013,1,3,17,0,4,4,CR-SANTA FE AVE,,0,37.49708889,-120.767,0,38,0,0,1,1,0,4,2,1,0,1,0,0000000,99,99,99,99,88,88,0,0,0,1,1
6,60738,1,1,0,1,1,1,1,97,2740,17,3,2013,1,8,56,0,14,6,E WASHINGTON ST,ELY BL S,0,38.256525,-122.6191472,0,8,0,0,3,2,0,1,1,1,0,1,0,0000000,99,99,99,99,99,99,0,0,0,1,0
6,60739,1,1,0,0,0,1,1,99,0,6,5,2013,2,4,25,0,4,4,CR-MORROW RD,,0,37.70628889,-121.03635,0,42,0,0,1,1,0,4,2,1,0,1,0,0000000,99,99,99,99,99,99,0,0,0,1,1
6,60740,2,2,0,0,0,2,2,13,4070,24,5,2013,6,16,27,0,14,6,N CALIFORNIA BL,TRINITY AVE,0,37.90129167,-122.064275,0,12,6,0,2,2,0,1,1,1,0,1,0,0000000,99,99,99,99,99,99,0,0,0,1,0
6,60741,1,1,0,1,1,1,1,7,2680,31,5,2013,6,13,4,0,13,6,SKYWAY RD,,0,39.748875,-121.6336861,0,8,0,0,1,1,0,1,1,1,0,1,0,0000000,99,99,99,99,99,99,0,0,0,1,0
6,60742,2,2,0,0,0,4,4,37,0,10,5,2013,6,4,30,0,4,4,CR-AVENUE T,DUNFORD AVE,0,34.54293056,-117.9725056,0,12,6,0,2,3,0,1,4,1,0,1,0,0000000,99,99,99,99,99,99,0,0,0,2,0
6,60743,1,1,0,0,0,1,1,29,0,26,5,2013,1,99,99,0,6,4,CR-ELMO HWY,,0,35.68865,-119.3031389,0,43,0,0,1,1,0,4,2,1,0,1,0,0000000,99,99,99,99,88,88,0,0,0,1,1
6,60744,1,1,0,0,0,1,1,37,0,28,5,2013,3,6,35,0,4,4,CR-LONGVIEW RD,,0,34.48071944,-117.8971389,0,1,0,0,1,1,0,4,1,1,0,1,0,0000000,99,99,99,99,99,99,0,0,0,1,0