STATE,ST_CASE,VE_TOTAL,VE_FORMS,PVH_INVL,PEDS,PERNOTMVIT,PERMVIT,PERSONS,COUNTY,CITY,DAY,MONTH,YEAR,DAY_WEEK,HOUR,MINUTE,NHS,ROAD_FNC,ROUTE,TWAY_ID,TWAY_ID2,MILEPT,LATITUDE,LONGITUD,SP_JUR,HARM_EV,MAN_COLL,RELJCT1,RELJCT2,TYP_INT,WRK_ZONE,REL_ROAD,LGT_COND,WEATHER1,WEATHER2,WEATHER,SCH_BUS,RAIL,NOT_HOUR,NOT_MIN,ARR_HOUR,ARR_MIN,HOSP_HR,HOSP_MN,CF1,CF2,CF3,FATALS,DRUNK_DR
6,60745,1,1,0,0,0,2,2,19,0,26,5,2013,1,99,99,0,2,4,CR-SAN BENITO AVE,,0,36.72675556,-120.3600556,0,1,0,0,1,1,0,4,2,1,0,1,0,0000000,99,99,99,99,99,99,0,0,0,1,1
6,60746,2,2,0,0,0,3,3,79,0,27,5,2013,2,10,25,1,2,2,US-101,,678,35.77496944,-120.7121806,0,12,1,0,1,1,0,1,1,10,0,10,0,0000000,99,99,99,99,99,99,0,0,0,1,0
6,60747,1,1,0,0,0,1,1,37,1970,6,1,2013,1,7,20,1,11,1,I-710 RAMP,,70,33.79047222,-118.2081222,0,26,0,1,5,1,0,4,1,10,2,2,0,0000000,99,99,99,99,88,88,0,0,0,1,0
6,60748,1,1,0,0,0,3,3,39,0,2,4,2013,3,16,30,1,2,3,SR-99,,71,36.91701667,-120.0142056,0,59,0,0,1,1,0,4,1,1,0,1,0,0000000,99,99,99,99,99,99,0,0,0,1,0
6,60749,2,2,0,0,0,2,2,73,0,25,4,2013,5,16,9,0,13,6,WINTER GARDEN BL,,0,32.85653056,-116.9312694,0,12,7,0,1,1,0,1,1,10,0,10,0,0000000,99,99,99,99,99,99,0,0,0,1,0
6,60750,1,1,0,1,1,1,1,73,3260,11,5,2013,7,1,32,1,12,3,SR-94,,19,32.71331667,-117.1401944,0,8,0,0,1,1,0,1,2,1,0,1,0,0000000,99,99,99,99,88,88,0,0,0,1,0
6,60751,2,2,0,0,0,2,2,73,3260,16,5,2013,5,9,43,0,12,3,SR-59,,72,32.95533056,-117.1241389,0,12,2,0,1,1,0,1,1,1,0,1,0,0000000,99,99,99,99,99,99,0,0,0,1,1
6,60752,1,1,0,0,0,1,1,65,1801,20,5,2013,2,0,6,1,11,1,I-15,,192,33.66244167,-117.2987278,0,23,0,0,1,1,0,4,2,1,0,1,0,0000000,99,99,99,99,88,88,0,0,0,1,1
6,60753,2,2,0,0,0,3,3,65,2420,27,5,2013,2,6,14,0,14,6,PEDLEY AVE,SIXTH ST,0,33.93842778,-117.5324222,0,12,6,0,2,2,0,1,1,1,0,1,0,0000000,99,99,99,99,99,99,20,0,0,1,0
6,60754,1,1,0,0,0,1,1,61,0,27,5,2013,2,11,10,1,1,1,I-80,,451,39.20295278,-120.8074472,0,58,0,0,1,1,0,3,1,2,10,2,0,0000000,99,99,99,99,88,88,0,0,0,1,0
6,60755,2,2,0,0,0,2,2,79,0,13,7,2013,7,13,28,0,2,3,SR-227,,58,35.18463333,-120.5982667,0,12,2,0,8,1,0,1,1,1,0,1,0,0000000,99,99,99,99,99,99,0,0,0,1,0
6,60756,2,2,0,0,0,3,3,65,0,27,5,2013,2,13,15,0,3,4,CR-DILLION RD,MOUNTAIN VIEW RD,0,33.92495833,-116.4756444,0,12,6,0,2,2,0,1,1,1,0,1,0,0000000,99,99,99,99,99,99,0,0,0,1,1
6,60757,1,1,0,0,0,5,5,59,2400,27,5,2013,2,17,18,0,13,6,JAMBOREE RD,,0,33.61969167,-117.8848139,0,33,0,0,1,1,0,3,1,1,0,1,0,0000000,99,99,99,99,88,88,0,0,0,5,0
6,60758,2,2,0,0,0,5,5,19,0,10,5,2013,6,16,12,0,4,4,CR-MANNING AVE,HAYES AVE,0,36.60473333,-119.8989194,0,12,6,0,2,2,0,1,1,1,0,1,0,0000000,99,99,99,99,99,99,0,0,0,2,0
6,60759,2,2,0,0,0,3,3,59,1410,28,5,2013,3,15,22,0,14,6,LAMPSON AVE,MANLEY AVE,0,33.78116389,-118.0408444,0,12,2,0,3,2,0,1,1,1,0,1,0,0000000,99,99,99,99,88,88,0,0,0,1,0
6,60760,2,2,0,0,0,2,2,79,0,28,5,2013,3,18,15,1,12,2,US-101,,43,35.03135556,-120.4788389,0,12,7,0,1,1,0,1,1,1,0,1,0,0000000,99,99,99,99,99,99,0,0,0,1,0
6,60761,2,2,0,0,0,2,2,71,681,29,5,2013,4,13,7,1,12,3,SR-71,,83,33.92535,-117.6559694,0,54,11,0,1,1,0,1,1,1,0,1,0,0000000,99,99,99,99,88,88,14,0,0,1,0
6,60762,2,2,0,0,0,6,6,71,0,3,6,2013,2,15,20,0,3,4,CR-DALE EVANS PKWY,STODDARDS WELLS RD,0,34.62413056,-117.2071111,0,12,6,0,2,2,0,1,1,1,0,1,0,0000000,99,99,99,99,99,99,0,0,0,1,0
6,60763,3,3,0,0,0,4,4,73,0,11,6,2013,3,5,25,0,3,4,CR-E MISSION RD,LIVE OAK PARK RD,0,33.39085,-117.1864694,0,12,2,0,2,4,0,1,2,1,0,1,0,0000000,99,99,99,99,99,99,14,0,0,1,0
6,60764,1,1,0,1,1,1,1,37,1980,28,5,2013,3,21,15,0,14,6,PACIFIC AVE,,0,33.74569722,-118.2878944,0,8,0,0,1,1,0,1,3,1,0,1,0,0000000,99,99,99,99,99,99,0,0,0,1,0
6,60765,2,2,0,0,0,2,2,69,0,29,5,2013,4,15,24,0,3,4,CR-UNION RD,,0,36.83173889,-121.4357889,0,12,2,0,1,1,0,1,1,1,0,1,0,0000000,99,99,99,99,99,99,0,0,0,1,0
6,60766,1,1,0,0,0,1,1,107,0,29,5,2013,4,21,10,0,3,4,CR-ROAD 120,,0,36.5634,-119.3051389,0,23,0,0,1,1,0,4,2,1,0,1,0,0000000,99,99,99,99,88,88,0,0,0,1,1
6,60767,1,1,0,1,1,2,2,111,2620,28,5,2013,3,20,36,0,15,6,PLEASENT VLY RD,,0,34.15481111,-119.1662667,0,9,0,0,1,1,0,1,3,1,0,1,0,0000000,99,99,99,99,99,99,0,0,0,1,0
6,60768,1,1,0,0,0,2,2,71,4040,29,5,2013,4,3,32,0,14,6,EL EVADO RD,,0,34.52543333,-117.3470694,0,1,0,0,1,1,0,1,3,1,0,1,0,0000000,99,99,99,99,99,99,0,0,0,1,1
6,60769,1,1,0,0,0,1,1,59,9997,10,6,2013,2,18,40,0,12,3,SR-241,,227,33.67391111,-117.6653056,0,24,0,0,1,1,0,4,1,1,0,1,0,0000000,99,99,99,99,88,88,0,0,0,1,1
6,60770,2,2,0,0,0,2,2,19,0,11,6,2013,3,5,50,1,2,3,SR-180,OLIVER AVE,748,36.73386667,-119.4990278,0,12,6,0,2,2,0,1,1,1,0,1,0,0000000,99,99,99,99,99,99,0,0,0,1,0
6,60771,4,1,3,2,2,2,2,37,1980,11,6,2013,3,6,0,0,5,6,CLYBOURN AVE,,0,34.2033,-118.3625028,0,33,0,0,1,1,0,4,1,1,0,1,0,0000000,99,99,99,99,99,99,14,0,0,1,0
6,60772,2,2,0,0,0,3,3,37,1840,31,5,2013,6,10,50,0,14,6,15TH ST WEST,,0,34.67932778,-118.1568,0,12,6,0,8,1,0,1,1,1,0,1,0,0000000,99,99,11,0,99,99,0,0,0,1,0
6,60773,2,2,0,0,0,3,3,29,0,31,5,2013,6,22,55,0,2,3,SR-223,S VINELAND RD,171,35.208775,-118.8961389,0,12,6,0,2,2,0,1,2,1,0,1,0,0000000,99,99,99,99,99,99,0,0,0,1,1
6,60774,1,1,0,0,0,1,1,71,0,1,6,2013,7,17,20,0,2,6,CR-AMBOY RD,,0,34.16751111,-115.7378389,0,58,0,0,1,1,0,5,1,1,0,1,0,0000000,99,99,99,99,88,88,0,0,0,1,0
6,60775,1,1,0,0,0,1,1,85,0,2,6,2013,1,3,14,1,12,2,US-101,,193,37.1689,-121.6690389,0,38,0,0,1,1,0,3,2,1,0,1,0,0000000,99,99,99,99,88,88,0,0,0,1,1
6,60776,3,3,0,0,0,4,4,19,0,2,6,2013,1,12,25,0,4,4,CR-JAMES RD,,0,36.68673056,-120.2257806,0,1,0,0,1,1,0,1,1,1,0,1,0,0000000,99,99,99,99,99,99,14,0,0,1,1
6,60777,1,1,0,0,0,1,1,15,0,1,6,2013,7,14,13,0,4,4,CR-NATIONAL FOREST RD,,0,41.99368611,-123.9289083,0,1,0,0,1,1,0,5,1,1,0,1,0,0000000,99,99,99,99,88,88,4,0,0,1,0
6,60778,1,1,0,0,0,1,1,9,0,1,6,2013,7,20,20,0,4,4,CR-MOUNTAIN RANCH RD,,0,38.19013889,-120.6436694,0,42,0,0,1,1,0,4,5,1,0,1,0,0000000,99,99,99,99,99,99,0,0,0,1,0
6,60779,1,1,0,1,1,1,1,37,1980,3,6,2013,2,2,20,0,13,6,FIGUEROA ST,52ND ST,0,33.99575556,-118.2827222,0,8,0,0,3,2,0,1,3,1,0,1,0,0000000,99,99,99,99,99,99,0,0,0,1,0
6,60780,2,1,1,0,0,3,3,1,1364,4,6,2013,3,12,48,0,14,6,PASEO PADRE PARKWAY,,0,37.54068611,-121.9437056,0,42,0,0,1,1,0,4,1,1,0,1,0,0000000,99,99,99,99,99,99,14,0,0,2,1
6,60781,1,1,0,0,0,1,1,65,2650,4,6,2013,3,16,53,0,15,6,BELARDO RD,,0,33.80281389,-116.5477917,0,39,0,0,1,1,0,5,1,1,0,1,0,0000000,99,99,99,99,88,88,0,0,0,1,1
6,60782,1,1,0,1,1,3,3,67,0,4,6,2013,3,19,32,0,4,4,CR-SUNSET AVE,RUNWAY DR,0,38.65329722,-121.2196139,0,9,0,0,2,2,0,1,1,1,0,1,0,0000000,99,99,99,99,99,99,0,0,0,1,0
6,60783,1,1,0,1,1,1,1,107,0,5,6,2013,4,4,22,1,12,3,SR-99,,310,36.22925,-119.3373694,0,8,0,0,1,1,0,1,2,1,0,1,0,0000000,99,99,99,99,88,88,0,0,0,2,0
6,60784,1,1,0,0,0,2,2,65,2278,5,6,2013,4,14,49,0,16,6,PETTIT ST,,0,33.959425,-117.1742472,0,7,0,0,1,1,0,5,1,1,0,1,0,0000000,99,99,99,99,99,99,4,0,0,1,1
6,60785,1,1,0,0,0,1,1,109,0,5,6,2013,4,19,18,0,2,3,SR-49,,229,37.99681389,-120.4328083,0,1,0,0,1,1,0,4,1,1,0,1,0,0000000,99,99,99,99,88,88,0,0,0,1,1
6,60786,1,1,0,1,1,1,1,35,3800,5,6,2013,4,19,57,1,13,3,SR-36,,250,40.41699722,-120.65525,0,15,0,0,1,1,0,1,1,1,0,1,0,0000000,99,99,99,99,99,99,0,0,0,1,0
6,60787,1,1,0,0,0,5,5,19,0,6,6,2013,5,14,30,0,4,4,CR-GALE AVE,,0,36.18128889,-120.1294889,0,1,0,0,1,1,0,1,1,1,0,1,0,0000000,99,99,99,99,99,99,0,0,0,1,0
6,60788,1,1,0,0,0,1,1,71,0,6,6,2013,5,10,20,1,1,1,I-40,,431,34.7287,-116.2644,0,1,0,0,1,1,0,5,1,1,0,1,0,0000000,99,99,99,99,99,99,0,0,0,1,0
6,60789,1,1,0,0,0,1,1,37,0,6,6,2013,5,19,35,0,2,4,CR-SIERRA HIGHWAY,,0,34.50156944,-118.2274694,0,33,0,1,5,1,0,8,5,1,0,1,0,0000000,99,99,99,99,88,88,0,0,0,1,1
6,60790,3,3,0,1,1,3,3,65,0,6,6,2013,5,22,45,0,12,3,SR-74,5TH ST,450,33.74781944,-116.8943083,0,8,0,0,3,2,0,1,2,1,0,1,0,0000000,99,99,99,99,88,88,0,0,0,1,0
6,60791,2,2,0,1,1,2,2,37,0,7,6,2013,6,21,30,1,1,1,I-5,,785,34.71201111,-118.79775,0,8,0,0,1,1,1,1,3,1,0,1,0,0000000,99,99,99,99,99,99,0,0,0,1,0
6,60792,1,1,0,0,0,2,2,19,1370,7,6,2013,6,0,56,1,12,3,SR-99,,236,36.76152778,-119.8324056,0,42,0,0,1,1,0,4,2,1,0,1,0,0000000,99,99,99,99,99,99,0,0,0,1,1
6,60793,2,2,0,0,0,2,2,71,0,7,6,2013,6,18,10,0,3,4,CR-SANTA FE AVE,,0,34.95828056,-117.2577389,0,12,2,0,1,1,0,1,1,1,0,1,0,0000000,99,99,99,99,99,99,4,0,0,1,0
6,60794,1,1,0,1,1,2,2,73,1200,8,6,2013,7,6,43,0,16,6,10TH AVE,,0,33.11245278,-117.0779306,0,8,0,0,1,1,0,1,1,1,0,1,0,0000000,99,99,99,99,99,99,4,0,0,1,0
6,60795,3,3,0,0,0,4,4,37,1045,8,6,2013,7,17,23,0,16,6,PHLOX ST,PARAMOUNT BLVD,0,33.94046944,-118.1395444,0,1,0,0,3,3,0,1,1,1,0,1,0,0000000,99,99,99,99,88,88,0,0,0,1,0
6,60796,1,1,0,0,0,1,1,73,1080,8,6,2013,7,23,45,1,11,1,I-8,,165,32.80294722,-116.949575,0,25,0,0,1,1,0,3,2,1,0,1,0,0000000,99,99,99,99,88,88,0,0,0,1,1
6,60797,2,2,0,1,1,2,2,65,2278,9,6,2013,1,0,47,0,14,6,PERRIS BLVD,,0,33.87126667,-117.2261528,0,8,0,0,1,1,0,1,2,1,0,1,0,0000000,99,99,99,99,88,88,0,0,0,1,0
6,60798,1,1,0,0,0,1,1,71,4000,9,6,2013,1,3,20,1,11,1,I-10,,44,34.08465833,-117.6352833,0,39,0,0,1,1,0,4,2,1,0,1,0,0000000,99,99,99,99,99,99,0,0,0,1,1
6,60799,1,1,0,0,0,1,1,81,3730,9,6,2013,1,3,30,1,11,1,I-280,,223,37.6431,-122.4453,0,42,0,0,1,1,0,4,2,1,0,1,0,0000000,99,99,99,99,88,88,0,0,0,1,1
6,60800,1,1,0,0,0,2,2,65,0,9,6,2013,1,8,53,1,1,1,I-10,,793,33.66218611,-115.8392778,0,58,0,0,1,1,0,3,1,1,0,1,0,0000000,99,99,99,99,99,99,0,0,0,1,0
6,60801,1,1,0,0,0,2,2,37,1980,9,6,2013,1,17,10,1,12,3,SR-60,,15,34.02935,-118.2002889,0,18,0,1,18,1,0,1,1,1,0,1,0,0000000,99,99,99,99,88,88,0,0,0,1,0
6,60802,1,1,0,0,0,1,1,85,0,10,6,2013,2,8,20,1,2,3,SR-152,,312,37.03681944,-121.3094111,0,32,0,0,1,1,0,5,1,10,0,10,0,0000000,99,99,99,99,88,88,0,0,0,1,0
6,60803,4,4,0,0,0,4,4,37,0,31,5,2013,6,6,50,0,2,4,CR-SIERRA HWY,,0,34.51994167,-118.2440306,0,12,2,0,1,1,0,1,1,1,0,1,0,0000000,99,99,99,99,99,99,14,0,0,1,0
6,60804,2,2,0,0,0,3,3,59,1660,1,6,2013,7,20,38,0,13,6,GOLDENWEST ST,RIO VISTA DR,0,33.70508056,-118.0065056,0,12,6,0,2,3,0,1,3,10,0,10,0,0000000,99,99,99,99,99,99,0,0,0,1,1
6,60805,2,1,1,0,0,1,1,1,1560,8,6,2013,7,7,50,0,14,6,SOTO RD,,0,37.65681389,-122.0829444,0,14,0,0,1,1,0,4,1,1,0,1,0,0000000,99,99,99,99,99,99,0,0,0,1,0
6,60806,1,1,0,0,0,2,2,91,0,11,6,2013,3,18,10,0,5,4,CR-HENNESS PASS RD,,0,39.50469722,-120.1006028,1,34,0,0,1,1,0,4,1,1,0,1,0,0000000,99,99,99,99,88,88,0,0,0,1,0
6,60807,2,2,0,1,1,2,2,37,1980,12,6,2013,4,5,5,0,14,6,BROADWAY,5TH ST,0,34.048075,-118.2507,0,12,6,0,2,2,0,1,3,1,0,1,0,0000000,99,99,99,99,99,99,0,0,0,1,0
6,60808,2,2,0,0,0,3,3,71,0,12,6,2013,4,12,44,0,6,4,CR-TECOPA RD,,0,35.79451111,-115.6581111,0,12,2,0,1,1,0,1,1,1,0,1,0,0000000,99,99,99,99,88,88,0,0,0,1,0
6,60809,2,2,0,0,0,2,2,37,518,12,6,2013,4,13,34,0,13,6,LAS VIRGENS RD,,0,34.15846944,-118.7012028,0,12,6,0,1,1,0,1,1,1,0,1,0,0000000,99,99,99,99,99,99,0,0,0,1,0
6,60810,2,2,0,0,0,2,2,1,0,12,6,2013,4,16,40,0,4,4,CR-PALOMARES RD,,0,37.68211944,-122.01725,0,12,8,0,1,1,0,1,1,1,0,1,0,0000000,99,99,99,99,88,88,0,0,0,1,1
6,60811,2,2,0,0,0,2,2,37,4120,13,6,2013,5,9,34,0,14,6,SHADOW OAK DR,SHAKESPEARE DR,0,34.01891667,-117.8955889,0,12,6,0,2,3,0,1,1,1,0,1,0,0000000,99,99,99,99,88,88,0,0,0,1,0
6,60812,2,2,0,0,0,2,2,73,0,13,6,2013,5,12,52,0,2,3,SR-78,,491,33.0539,-116.4206,0,12,2,0,1,1,0,1,1,1,0,1,0,0000000,99,99,99,99,99,99,0,0,0,1,0
6,60813,2,1,1,0,1,1,2,83,0,13,6,2013,5,13,35,1,12,2,US-101,,875,34.99215,-120.43405,0,14,0,0,1,1,0,2,1,1,0,1,0,0000000,99,99,99,99,99,99,0,0,0,1,0
6,60814,1,1,0,1,1,1,1,13,110,2,2,2013,7,1,41,0,14,6,DELTA FAIR BLVD,,0,38.00311944,-121.8464944,0,33,0,0,1,1,0,3,3,10,0,10,0,0000000,99,99,99,99,99,99,0,0,0,1,1
6,60815,1,1,0,1,1,1,1,37,1980,13,6,2013,5,15,40,0,13,6,SUNSET BL,HARTZELL ST,0,34.04176944,-118.5190222,0,8,0,0,2,3,0,1,1,1,0,1,0,0000000,99,99,99,99,99,99,0,0,0,1,0
6,60816,1,1,0,0,0,1,1,37,1840,14,6,2013,6,16,46,0,14,6,BUSINESS CENTER PARKWAY,,0,34.66291667,-118.1245389,0,33,0,0,1,1,0,3,1,1,0,1,0,0000000,99,99,99,99,99,99,0,0,0,1,0
6,60817,1,1,0,0,0,1,1,107,0,14,6,2013,6,21,47,0,6,4,CR-AVENUE 396,,0,36.51066944,-119.5442306,0,1,0,0,1,1,0,2,2,1,0,1,0,0000000,99,99,99,99,88,88,0,0,0,1,1
6,60818,2,2,0,0,0,3,3,77,0,14,6,2013,6,23,5,0,2,4,CR-WEST LANE,,0,38.0598,-121.2964389,0,12,2,0,1,1,0,1,3,1,0,1,0,0000000,99,99,99,99,99,99,0,0,0,2,1
6,60819,1,1,0,0,0,1,1,87,0,15,6,2013,7,10,20,0,4,4,CR-HOLOHAN RD,,0,36.93781944,-121.7511889,0,30,0,0,1,1,0,2,1,10,0,10,0,0000000,99,99,99,99,88,88,0,0,0,1,1
6,60820,1,1,0,1,1,1,1,93,0,15,6,2013,7,12,40,1,2,3,SR-89,,240,41.25161944,-122.1191889,0,9,0,0,1,1,0,1,1,1,0,1,0,0000000,99,99,99,99,99,99,0,0,0,1,0
6,60821,2,2,0,1,1,1,1,77,0,15,6,2013,7,22,0,0,4,4,CR-HOLT AVE,,0,37.98298333,-121.4233361,0,12,1,0,1,1,0,1,2,1,0,1,0,0000000,99,99,99,99,88,88,0,0,0,1,0
6,60822,1,1,0,0,0,2,2,71,0,15,6,2013,7,23,17,1,1,1,I-15,,1635,35.44775,-115.6630611,0,24,0,0,1,1,0,4,2,1,0,1,0,0000000,99,99,99,99,99,99,0,0,0,1,1
6,60823,1,1,0,0,0,2,2,59,880,16,6,2013,1,0,36,0,14,6,SUSAN ST,,0,33.69455278,-117.9134417,0,33,0,0,1,1,0,3,3,1,0,1,0,0000000,99,99,99,99,99,99,0,0,0,1,1
6,60824,2,2,0,0,0,2,2,71,0,16,6,2013,1,21,55,1,2,3,SR-62,,26,34.06328056,-116.5603611,0,12,2,0,1,1,0,1,3,1,0,1,0,0000000,99,99,99,99,88,88,0,0,0,2,1
6,60825,1,1,0,0,0,1,1,85,3340,16,6,2013,1,22,50,1,12,2,US-101 RAMP,,318,37.36026111,-121.8412111,0,25,0,1,5,1,0,4,3,1,0,1,0,0000000,99,99,99,99,99,99,0,0,0,1,1
6,60826,1,1,0,1,1,1,1,59,3420,17,6,2013,2,10,47,0,14,6,1ST ST,SULLIVAN ST,0,33.74526389,-117.9025278,0,8,0,0,3,2,0,1,1,1,0,1,0,0000000,99,99,99,99,99,99,0,0,0,1,0
6,60827,2,2,0,0,0,2,2,39,0,19,6,2013,4,5,40,1,2,3,SR-99,,161,37.01606111,-120.1258694,0,12,1,0,1,1,0,1,1,10,0,10,0,0000000,99,99,99,99,88,88,28,0,0,1,0
6,60828,2,2,0,0,0,7,7,71,0,21,6,2013,6,1,0,1,2,3,SR-58,,257,34.92163889,-117.2000611,0,12,2,0,1,1,0,1,2,1,0,1,0,0000000,99,99,99,99,99,99,0,0,0,1,0
6,60829,1,1,0,0,0,1,1,37,1980,18,6,2013,3,4,20,0,14,6,HIGHLAND AVE,,0,34.082625,-118.3386028,0,43,0,0,1,1,0,3,3,1,0,1,0,0000000,99,99,99,99,88,88,0,0,0,1,0
6,60830,2,2,0,0,0,7,7,37,1695,13,6,2013,5,20,30,0,14,6,SAN GABRIEL RIVER PARKWAY,,0,34.01651944,-118.0551611,0,12,6,0,1,1,0,1,3,1,0,1,0,0000000,99,99,99,99,99,99,0,0,0,3,1
6,60831,1,1,0,1,1,1,1,33,0,8,1,2013,3,7,44,0,2,3,SR-29,,198,38.90353889,-122.6122111,0,8,0,0,1,1,0,1,4,5,0,5,0,0000000,99,99,99,99,88,88,19,0,0,1,0
6,60832,2,2,0,0,0,2,2,37,1980,29,3,2013,6,6,10,1,12,2,US-101,,142,34.15667222,-118.4183528,0,12,6,0,1,1,0,1,3,1,0,1,0,0000000,99,99,99,99,88,88,0,0,0,1,0
6,60833,1,1,0,0,0,2,2,1,0,1,4,2013,2,15,0,1,1,1,I-580,,40,37.73412222,-121.6303444,0,58,0,0,1,1,0,5,1,10,0,10,0,0000000,99,99,99,99,99,99,0,0,0,1,0
6,60834,1,1,0,1,1,1,1,71,3210,13,4,2013,7,20,16,0,15,6,GOLDEN AVE,E DATE ST,0,34.14130833,-117.2610972,0,15,0,0,1,1,0,1,3,1,0,1,0,0000000,99,99,99,99,99,99,0,0,0,1,0
6,60835,1,1,0,0,0,2,2,71,3210,1,1,2013,3,16,58,1,11,1,I-215,,141,34.19023056,-117.3601,0,35,0,0,1,1,0,4,5,6,0,6,0,0000000,99,99,99,99,99,99,0,0,0,1,0
6,60836,2,2,0,0,0,2,2,71,2960,18,1,2013,6,2,13,1,12,3,SR-210,,317,34.08995,-117.2003889,0,12,7,0,1,1,0,1,2,1,0,1,0,0000000,99,99,99,99,88,88,0,0,0,1,1
6,60837,2,2,0,0,0,2,2,73,3260,28,4,2013,1,6,52,1,11,1,I-8,,33,32.76671944,-117.1487,0,12,1,0,1,1,0,1,1,1,0,1,0,0000000,99,99,99,99,99,99,0,0,0,1,0
6,60838,3,3,0,0,0,6,6,19,0,12,6,2013,4,9,32,0,4,4,CR-ALTA AVE,,0,36.60563056,-119.3948194,0,12,1,0,1,1,0,1,1,1,0,1,0,0000000,99,99,99,99,99,99,0,0,0,1,0
6,60839,1,1,0,0,0,2,2,1,1170,15,6,2013,7,0,39,0,14,6,POWELL ST,,0,37.84016389,-122.2858833,0,33,0,0,1,1,0,4,3,1,0,1,0,0000000,99,99,99,99,99,99,0,0,0,2,1
6,60840,1,1,0,0,0,2,2,33,0,15,6,2013,7,17,17,1,2,3,SR-29,,259,38.91814722,-122.706625,0,30,0,0,1,1,0,4,1,1,0,1,0,0000000,99,99,99,99,99,99,0,0,0,1,1
6,60841,1,1,0,0,0,1,1,87,0,24,6,2013,2,5,40,0,12,3,SR-17 RAMP,,11,37.00145,-122.02135,0,43,0,0,5,1,0,4,3,2,0,2,0,0000000,99,99,6,5,88,88,0,0,0,1,0
6,60842,3,3,0,0,0,3,3,33,0,24,6,2013,2,7,15,0,2,3,SR-20,,253,39.02206389,-122.7174222,0,12,2,0,1,1,0,1,1,2,10,2,0,0000000,99,99,99,99,99,99,0,0,0,1,1
6,60843,1,1,0,0,0,1,1,59,880,24,6,2013,2,12,21,1,12,3,SR-55,,56,33.68276111,-117.8768694,0,33,0,0,1,1,0,4,1,1,0,1,0,0000000,99,99,99,99,88,88,0,0,0,1,0
6,60844,2,2,0,0,0,2,2,115,0,24,6,2013,2,23,25,1,2,3,SR-70,,229,39.26418611,-121.5973028,0,12,2,0,1,1,0,1,2,10,0,10,0,0000000,99,99,99,99,99,99,0,0,0,1,0
6,60845,1,1,0,0,0,1,1,87,0,24,6,2013,2,99,99,0,2,3,SR-9,,10,37.25855,-122.1094889,0,35,0,0,1,1,0,4,2,1,0,1,0,0000000,99,99,99,99,88,88,0,0,0,1,1
6,60846,1,1,0,1,1,1,1,73,4060,25,4,2013,5,18,0,0,16,6,SPIRES ST,,0,33.20884722,-117.2556056,0,8,0,0,1,1,0,1,1,1,0,1,0,0000000,99,99,99,99,99,99,0,0,0,1,0
6,60847,2,2,0,0,0,3,3,111,0,1,5,2013,4,22,22,1,2,2,US-101,,390,34.34315833,-119.4159611,0,12,1,0,1,1,0,1,2,1,0,1,0,0000000,99,99,99,99,99,99,23,0,0,1,0
6,60848,2,2,0,0,0,2,2,37,2870,3,5,2013,6,12,6,1,11,1,I-10,,451,34.07080556,-117.7637806,0,12,7,0,1,1,0,1,1,1,0,1,0,0000000,99,99,99,99,99,99,0,0,0,1,0
6,60849,1,1,0,0,0,1,1,67,0,22,5,2013,4,99,99,0,6,4,CR-GIDARO DR,,0,38.47456944,-121.2301333,0,35,0,0,1,1,0,4,2,1,0,1,0,0000000,99,99,99,99,88,88,0,0,0,1,1
6,60850,1,1,0,1,1,1,1,111,538,16,6,2013,1,17,10,0,14,6,CARMEN DR,EDGEMONT DR,0,34.23070556,-119.0519444,0,9,0,0,2,3,0,1,1,1,0,1,0,0000000,99,99,99,99,99,99,0,0,0,1,0
6,60851,1,1,0,0,0,1,1,73,3260,17,6,2013,2,10,5,1,11,1,I-805 RAMP,,115,32.68968889,-117.0952694,0,46,0,1,5,1,0,4,1,1,0,1,0,0000000,99,99,99,99,88,88,0,0,0,1,1
6,60852,3,3,0,0,0,5,5,33,0,22,5,2013,4,20,49,0,2,3,SR-20,,303,39.01444444,-122.6371861,0,12,8,0,1,1,0,1,2,1,0,1,0,0000000,99,99,99,99,99,99,0,0,0,1,1
6,60853,2,2,0,0,0,3,3,73,0,29,5,2013,4,18,25,0,4,4,CR-CAMINO DEL NORTE,4S RANCH PKWY,0,32.86970556,-117.1950056,0,12,6,0,2,2,0,1,1,1,0,1,0,0000000,99,99,99,99,99,99,0,0,0,2,0
6,60854,1,1,0,0,0,1,1,113,0,30,5,2013,5,14,35,0,4,4,CR-OLD RIVER RD,,0,38.66147778,-121.614325,0,31,0,0,1,1,0,4,1,1,0,1,0,0000000,99,99,99,99,99,99,0,0,0,1,0
6,60855,1,1,0,1,1,0,0,111,4027,31,5,2013,6,5,38,0,16,6,AURORA DR,,0,34.27020556,-119.2338806,0,8,0,0,1,1,0,1,4,1,0,1,0,0000000,99,99,99,99,88,88,0,0,0,1,0
6,60856,2,2,0,0,0,2,2,65,3070,2,6,2013,1,22,0,1,12,3,SR-91,,166,33.93621944,-117.4041694,0,25,0,0,1,1,1,3,2,1,0,1,0,0000000,99,99,99,99,88,88,14,0,0,1,0
6,60857,2,2,0,0,0,3,3,85,0,4,6,2013,3,17,50,0,6,4,CR-SODA SPRINGS ROAD,,0,37.17615833,-121.9465861,0,1,0,0,1,1,0,1,1,1,0,1,0,0000000,99,99,99,99,88,88,14,0,0,1,0
6,60858,4,4,0,0,0,12,12,37,2870,8,6,2013,7,2,30,1,11,1,I-10,,478,34.08168056,-117.7167278,0,12,1,1,18,1,0,1,3,1,0,1,0,0000000,99,99,99,99,99,99,19,27,0,1,1