STATE,ST_CASE,VE_TOTAL,VE_FORMS,PVH_INVL,PEDS,PERNOTMVIT,PERMVIT,PERSONS,COUNTY,CITY,DAY,MONTH,YEAR,DAY_WEEK,HOUR,MINUTE,NHS,ROAD_FNC,ROUTE,TWAY_ID,TWAY_ID2,MILEPT,LATITUDE,LONGITUD,SP_JUR,HARM_EV,MAN_COLL,RELJCT1,RELJCT2,TYP_INT,WRK_ZONE,REL_ROAD,LGT_COND,WEATHER1,WEATHER2,WEATHER,SCH_BUS,RAIL,NOT_HOUR,NOT_MIN,ARR_HOUR,ARR_MIN,HOSP_HR,HOSP_MN,CF1,CF2,CF3,FATALS,DRUNK_DR
6,60859,1,1,0,0,0,1,1,59,3420,8,6,2013,7,19,50,1,12,3,SR-55 RAMP,,92,33.72228889,-117.8377306,0,33,0,1,5,1,0,4,3,1,0,1,0,0000000,99,99,99,99,99,99,0,0,0,1,0
6,60860,1,1,0,0,0,1,1,55,0,12,6,2013,4,18,57,0,6,4,CR-BENNETT LN,,0,38.60181944,-122.6094,0,42,0,0,1,1,0,2,1,1,0,1,0,0000000,99,99,99,99,88,88,4,0,0,1,1
6,60861,1,1,0,0,0,2,2,53,0,15,6,2013,7,13,55,1,2,3,SR-1,,966,36.81170278,-121.7854556,0,1,0,0,8,1,0,1,1,10,0,10,0,0000000,99,99,99,99,99,99,0,0,0,1,0
6,60862,3,3,0,0,0,5,5,37,1980,19,6,2013,4,14,10,0,13,6,LANKSHIM BLVD,CAMARILLO ST,0,34.15765278,-118.3702361,0,12,6,0,2,2,0,1,1,1,0,1,0,0000000,99,99,99,99,99,99,0,0,0,1,1
6,60863,1,1,0,0,0,4,4,37,810,21,6,2013,6,15,50,0,14,6,GREENLEAF BLVD,,0,33.88129722,-118.2102306,0,42,0,0,1,1,0,4,1,1,0,1,0,0000000,99,99,99,99,99,99,0,0,0,1,0
6,60864,2,2,0,0,0,2,2,85,0,22,6,2013,7,5,40,1,2,3,SR-152,,185,36.9765,-121.4359806,0,12,2,0,1,1,1,1,4,1,0,1,0,0000000,99,99,99,99,99,99,0,0,0,1,1
6,60865,1,1,0,0,0,4,4,71,0,22,6,2013,7,10,45,1,1,1,I-15,,1499,35.37556111,-115.8872194,0,1,0,0,1,1,0,3,1,1,0,1,0,0000000,99,99,99,99,99,99,0,0,0,1,0
6,60866,2,2,0,0,0,3,3,73,0,22,6,2013,7,22,22,0,3,4,CR-LAKE JENNINGS PARK RD,,0,32.86106944,-116.9011806,0,12,2,0,1,1,0,1,3,1,0,1,0,0000000,99,99,99,99,99,99,0,0,0,1,1
6,60867,2,2,0,0,0,3,3,47,0,23,6,2013,1,8,12,1,1,1,I-5,,286,37.196,-121.0758306,0,12,1,0,1,1,0,1,1,1,0,1,0,0000000,99,99,99,99,99,99,0,0,0,1,0
6,60868,2,2,0,0,0,2,2,29,0,23,6,2013,1,21,20,0,4,4,CR-N RANCHO DR,HERRING RD,0,35.15088611,-118.8508306,0,12,6,0,2,2,0,1,2,1,0,1,0,0000000,99,99,99,99,99,99,0,0,0,1,1
6,60869,1,1,0,0,0,1,1,65,2730,24,6,2013,2,16,26,0,4,4,CR-SPRING ST,,0,33.74573056,-117.279625,0,43,0,0,1,1,0,4,1,1,0,1,0,0000000,99,99,99,99,99,99,4,0,0,1,0
6,60870,1,1,0,1,1,4,4,19,0,24,6,2013,2,17,24,0,3,4,CR-NORTH AVE,,0,36.69216667,-119.6168083,0,15,0,0,1,1,0,1,1,10,0,10,0,0000000,99,99,99,99,88,88,0,0,0,1,0
6,60871,1,1,0,0,0,2,2,27,0,24,6,2013,2,23,52,1,2,2,US-395,,195,36.06746667,-117.9548861,0,1,0,0,1,1,0,3,2,1,0,1,0,0000000,99,99,99,99,99,99,0,0,0,1,0
6,60872,1,1,0,0,0,1,1,71,0,25,6,2013,3,16,5,1,1,1,I-15,,652,34.80571111,-117.1010306,0,35,0,0,1,1,0,5,1,1,0,1,0,0000000,99,99,99,99,88,88,0,0,0,1,0
6,60873,1,1,0,1,1,1,1,19,1672,25,6,2013,3,21,6,0,2,3,SR-269,11TH ST,93,36.20869167,-120.1035861,0,8,0,0,1,1,0,1,3,1,0,1,0,0000000,99,99,99,99,88,88,0,0,0,1,0
6,60874,2,2,0,0,0,3,3,9,0,26,6,2013,4,11,30,0,2,3,SR-49,,185,38.18622222,-120.6729361,0,1,0,0,1,1,0,1,1,1,0,1,0,0000000,99,99,99,99,88,88,14,0,0,1,0
6,60875,1,1,0,0,0,2,2,93,0,26,6,2013,4,17,9,1,2,3,SR-89,,169,41.259,-121.9899111,0,43,0,0,1,1,0,2,1,10,0,10,0,0000000,99,99,99,99,99,99,0,0,0,1,0
6,60876,1,1,0,0,0,4,4,23,0,26,6,2013,4,22,10,0,2,3,SR-36,,154,40.48854722,-123.6299556,0,42,0,0,1,1,0,5,2,1,0,1,0,0000000,99,99,99,99,99,99,0,0,0,1,0
6,60877,1,1,0,0,0,2,2,79,2780,27,6,2013,5,4,32,1,12,2,US-101,,190,35.15915,-120.6747389,0,25,0,0,1,1,0,3,2,1,0,1,0,0000000,99,99,99,99,99,99,0,0,0,1,1
6,60878,1,1,0,0,0,1,1,59,80,27,6,2013,5,15,54,1,12,3,SR-91 RAMP,,114,33.85328056,-117.7919111,0,30,0,1,5,1,0,2,1,1,0,1,0,0000000,99,99,99,99,99,99,0,0,0,1,0
6,60879,2,2,0,0,0,2,2,37,1840,28,6,2013,6,18,56,0,13,6,AVENUE I,,0,34.70402778,-118.1595222,0,12,6,0,8,1,0,1,1,1,0,1,0,0000000,99,99,99,99,88,88,0,0,0,1,0
6,60880,1,1,0,0,0,1,1,65,3070,29,6,2013,7,2,5,0,15,6,56TH ST,PEDLEY RD,0,33.98624722,-117.4753778,0,38,0,0,1,1,0,5,3,1,0,1,0,0000000,99,99,99,99,88,88,0,0,0,1,1
6,60881,1,1,0,0,0,8,8,85,2660,29,6,2013,7,11,37,1,11,1,I-280,,176,37.38701667,-122.1539611,0,1,0,0,1,1,0,1,1,1,0,1,0,0000000,99,99,99,99,99,99,0,0,0,1,0
6,60882,1,1,0,0,0,1,1,25,0,29,6,2013,7,99,99,1,2,3,SR-86,,555,33.27183889,-115.9582806,0,38,0,0,1,1,0,2,1,1,0,1,0,0000000,99,99,99,99,88,88,0,0,0,1,0
6,60883,1,1,0,0,0,2,2,7,0,30,6,2013,1,0,40,0,2,4,CR-SKYWAY RD,,0,39.96588056,-121.5383194,0,35,0,0,1,1,0,4,2,1,0,1,0,0000000,99,99,99,99,99,99,4,0,0,1,1
6,60884,1,1,0,0,0,1,1,73,3260,30,6,2013,1,4,42,0,12,3,SR-52,,91,32.8425,-117.0902111,0,25,0,0,1,1,0,4,2,1,0,1,0,0000000,99,99,99,99,88,88,0,0,0,1,0
6,60885,1,1,0,0,0,4,4,25,0,30,6,2013,1,5,10,0,2,3,SR-86,,129,32.87755556,-115.570225,0,1,0,0,1,1,0,3,4,10,0,10,0,0000000,99,99,99,99,99,99,0,0,0,1,0
6,60886,1,1,0,0,0,1,1,73,0,30,6,2013,1,11,35,0,2,3,SR-94,,473,32.58856111,-116.5188389,0,17,0,0,1,1,0,4,1,1,0,1,0,0000000,99,99,99,99,99,99,0,0,0,1,0
6,60887,2,2,0,0,0,1,1,37,1015,5,3,2013,3,22,55,1,12,3,SR-60,,227,33.99953333,-117.8499417,0,12,1,0,1,1,0,1,2,10,0,10,0,0000000,99,99,99,99,88,88,0,0,0,1,0
6,60888,2,1,1,1,1,1,1,37,0,29,3,2013,6,12,39,0,2,4,CR-CESAR CHAVEZ AVE,KERN AVE,0,34.04061111,-118.1631306,0,8,0,0,3,3,0,1,1,1,0,1,0,0000000,99,99,99,99,99,99,0,0,0,1,0
6,60889,1,1,0,0,0,1,1,37,1440,8,4,2013,2,0,55,1,11,1,I-210,,422,34.11746111,-117.8636611,0,43,0,0,1,1,0,4,3,1,0,1,0,0000000,99,99,99,99,99,99,0,0,0,1,1
6,60890,2,2,0,0,0,4,4,67,0,13,4,2013,7,21,35,0,3,4,CR-SAN JUAN AVE,CR-PALM AVE,0,38.661075,-121.2922,0,12,6,0,2,3,0,1,3,1,0,1,0,0000000,99,99,99,99,99,99,0,0,0,2,1
6,60891,1,1,0,0,0,1,1,71,0,14,4,2013,1,99,99,0,2,3,SR-38,,551,34.26368056,-116.9367,0,43,0,0,1,1,0,4,1,99,0,99,0,0000000,99,99,99,99,88,88,0,0,0,1,1
6,60892,2,2,0,0,0,2,2,83,0,19,5,2013,1,17,58,0,13,3,SR-192,EL BOSQUE RD,91,34.43663056,-119.6270194,0,12,6,0,2,3,0,1,1,1,0,1,0,0000000,99,99,99,99,88,88,0,0,0,1,0
6,60893,2,2,0,0,0,2,2,1,1920,30,1,2013,4,6,4,1,11,1,I-580,,86,37.71443333,-121.7110222,0,12,1,0,1,1,0,1,2,1,0,1,0,0000000,99,99,99,99,99,99,23,19,0,1,0
6,60894,3,3,0,0,0,6,6,1,0,23,3,2013,7,9,15,0,2,3,SR-84,,159,37.59488056,-121.9078806,0,12,2,0,1,1,0,1,1,1,0,1,0,0000000,99,99,99,99,99,99,14,0,0,1,0
6,60895,1,1,0,0,0,1,1,71,0,24,3,2013,1,18,50,1,11,1,I-215 RAMP,,139,34.18888056,-117.3601,0,24,0,1,5,1,0,4,1,1,0,1,0,0000000,99,99,99,99,99,99,0,0,0,1,0
6,60896,2,2,0,0,0,3,3,37,1980,1,4,2013,2,3,41,1,12,3,SR-118,,69,34.27808333,-118.5183861,0,12,1,0,1,1,0,1,2,10,0,10,0,0000000,99,99,99,99,99,99,19,0,0,2,1
6,60897,2,2,0,0,0,5,5,67,0,6,4,2013,7,0,15,0,4,4,CR-IONE RD,,0,38.41996667,-121.0441583,0,12,6,0,1,1,0,1,2,10,0,10,0,0000000,99,99,99,99,99,99,0,0,0,1,1
6,60898,2,2,0,0,0,3,3,37,1980,13,4,2013,7,20,15,1,12,3,SR-134,,36,34.1552,-118.3178694,0,12,1,0,1,1,0,1,5,10,0,10,0,0000000,99,99,99,99,99,99,26,0,0,1,1
6,60899,2,2,0,0,0,2,2,11,0,18,4,2013,5,23,7,1,2,3,SR-20,,148,39.13548611,-122.2740889,0,12,1,0,1,1,0,1,2,1,0,1,0,0000000,99,99,99,99,99,99,0,0,0,1,0
6,60900,2,2,0,0,0,3,3,67,0,21,4,2013,1,2,12,1,12,3,SR-99,,194,38.49316944,-121.4433111,0,12,7,0,1,1,0,1,2,1,0,1,0,0000000,99,99,99,99,99,99,0,0,0,1,1
6,60901,1,1,0,0,0,3,3,17,0,26,4,2013,6,11,4,1,12,2,US-50,,119,38.69501111,-120.8923111,0,17,0,0,1,1,0,4,1,1,0,1,0,0000000,99,99,99,99,99,99,0,0,0,1,0
6,60902,1,1,0,0,0,3,3,1,1920,2,5,2013,5,8,13,1,11,1,I-580,,157,37.70118333,-121.827175,0,1,0,0,1,1,1,1,1,1,0,1,0,0000000,99,99,99,99,99,99,28,0,0,1,0
6,60903,2,2,0,0,0,4,4,13,0,4,5,2013,7,13,30,0,2,3,SR-4,MARSH CREEK RD,440,37.89643056,-121.6413917,0,12,6,0,2,2,0,1,1,1,0,1,0,0000000,99,99,99,99,99,99,0,0,0,2,0
6,60904,2,2,0,0,0,4,4,67,0,4,5,2013,7,15,59,0,2,4,CR-ANTELOPE RD,ROSEVILLE RD,0,38.70240556,-121.3331778,0,1,0,0,3,3,0,1,1,1,0,1,0,0000000,99,99,99,99,99,99,14,0,0,1,0
6,60905,1,1,0,1,1,2,2,47,0,12,5,2013,1,5,5,0,12,3,SR-59,,132,37.27453056,-120.4878194,0,8,0,0,1,1,0,1,2,1,0,1,0,0000000,99,99,99,99,88,88,0,0,0,1,0
6,60906,1,1,0,0,0,1,1,33,0,20,5,2013,2,6,30,0,2,3,SR-175,,246,38.77486389,-122.6716222,0,43,0,0,1,1,0,2,1,1,0,1,0,0000000,99,99,99,99,88,88,0,0,0,1,0
6,60907,1,1,0,0,0,1,1,59,80,24,5,2013,6,15,14,1,12,3,SR-91 RAMP,,154,33.86623889,-117.7201694,0,25,0,1,5,1,0,4,1,1,0,1,0,0000000,99,99,99,99,88,88,0,0,0,1,0
6,60908,1,1,0,0,0,2,2,33,0,25,5,2013,7,18,25,1,2,3,SR-20,,333,39.01538889,-122.5887806,0,24,0,0,1,1,0,4,1,1,0,1,0,0000000,99,99,99,99,88,88,0,0,0,2,1
6,60909,1,1,0,0,0,1,1,37,1980,26,5,2013,1,17,50,1,11,1,I-405,,425,34.20428056,-118.47365,0,24,0,1,5,1,0,8,1,1,0,1,0,0000000,99,99,99,99,88,88,0,0,0,1,1
6,60910,1,1,0,0,0,1,1,17,0,3,6,2013,2,12,57,0,5,4,CR-WENTWORTH SPRINGS RD,,0,38.92123889,-120.8142806,0,35,0,0,1,1,0,4,1,1,0,1,0,0000000,99,99,99,99,99,99,0,0,0,1,0
6,60911,1,1,0,0,0,1,1,53,0,3,6,2013,2,99,99,0,2,3,SR-1,,369,36.18543889,-121.7028194,0,42,0,0,1,1,0,5,9,1,0,1,0,0000000,99,99,99,99,88,88,0,0,0,1,1
6,60912,2,2,0,0,0,4,4,73,710,7,6,2013,6,1,55,1,11,1,I-805,,87,32.65733056,-117.07345,0,12,1,0,1,1,1,1,3,1,0,1,0,0000000,99,99,99,99,88,88,0,0,0,1,1
6,60913,2,2,0,0,0,4,4,1,2840,7,6,2013,6,12,54,1,11,1,I-580,,188,37.701725,-121.8885306,0,18,0,0,1,1,0,1,1,1,0,1,0,0000000,99,99,99,99,88,88,14,0,0,1,0
6,60914,1,1,0,2,2,1,1,1,0,7,6,2013,6,19,20,0,3,4,CR-LAKE CHABOT RD,LAKE CHABOT PARK ENTRANCE,0,37.71455,-122.1019194,0,8,0,0,3,3,0,1,5,1,0,1,0,0000000,99,99,99,99,99,99,0,0,0,1,0
6,60915,1,1,0,0,0,1,1,89,0,15,6,2013,7,0,55,0,2,3,SR-299,VALLEJO ST,783,40.91723056,-121.6275278,0,42,0,0,3,2,0,4,2,1,0,1,0,0000000,99,99,99,99,99,99,0,0,0,1,0
6,60916,1,1,0,1,1,1,1,59,1380,20,6,2013,5,14,18,0,16,6,NUTWOOD AVE,LADERA VISTA DR,0,33.87778611,-117.8939722,0,9,0,0,2,2,0,1,1,1,0,1,0,0000000,99,99,99,99,88,88,0,0,0,1,0
6,60917,1,1,0,1,1,1,1,37,1980,21,6,2013,6,10,20,0,16,6,46TH ST,,0,34.00171944,-118.2838444,0,8,0,0,8,1,0,4,1,1,0,1,0,0000000,99,99,99,99,99,99,0,0,0,1,0
6,60918,1,1,0,0,0,1,1,59,1380,22,6,2013,7,2,53,0,13,6,STATE COLLEGE BL,,0,33.88931111,-117.8904444,0,33,0,0,1,1,0,4,3,1,0,1,0,0000000,99,99,99,99,88,88,0,0,0,1,1
6,60919,1,1,0,1,1,1,1,37,0,27,6,2013,5,21,27,0,2,4,CR-WOODBURY RD,MARENGO AVE,0,34.18308056,-118.1455194,0,8,0,0,3,2,0,1,2,1,0,1,0,0000000,99,99,99,99,99,99,0,0,0,1,0
6,60920,1,1,0,0,0,2,2,39,0,28,6,2013,6,13,15,0,4,4,CR-ROAD 400,,0,37.07886944,-119.8903,0,42,0,0,1,1,0,4,1,1,0,1,0,0000000,99,99,99,99,99,99,0,0,0,1,0
6,60921,1,1,0,1,1,2,2,17,0,29,6,2013,7,8,10,0,4,4,CR-SOPHIA PKWY,ALEXANDRA RD,0,38.68658056,-121.1033306,0,9,0,0,2,3,0,1,1,1,0,1,0,0000000,99,99,99,99,99,99,0,0,0,1,0
6,60922,1,1,0,0,0,2,2,59,1660,24,3,2013,1,22,37,0,14,6,SPRINGDALE ST,MCFADDEN AVE,0,33.737325,-118.0243111,0,59,0,0,3,2,0,4,3,1,0,1,0,0000000,99,99,99,99,99,99,0,0,0,1,1
6,60923,2,2,0,0,0,7,7,47,0,21,6,2013,6,16,30,1,1,1,I-5,,218,37.09968056,-121.0106194,0,12,2,0,1,1,0,1,1,1,0,1,0,0000000,99,99,99,99,99,99,0,0,0,4,0
6,60924,1,1,0,0,0,1,1,107,0,30,6,2013,1,99,99,0,4,4,CR-MOUNTAIN RD 109,,0,35.8038,-118.83,0,1,0,0,1,1,0,4,1,1,0,1,0,0000000,99,99,99,99,88,88,0,0,0,1,0
6,60925,1,1,0,0,0,1,1,71,115,12,3,2013,3,19,51,0,14,6,NAVAJO RD,,0,34.49300278,-117.1902167,0,33,0,0,1,1,0,4,2,1,0,1,0,0000000,19,53,19,58,88,88,0,0,0,1,1
6,60926,2,2,0,0,0,3,3,59,1713,31,3,2013,1,1,20,0,13,6,IRVINE BL,SAND CANYON AVE,0,33.69837778,-117.7383194,0,12,1,0,3,2,0,1,3,10,0,10,0,0000000,99,99,99,99,99,99,0,0,0,1,2
6,60927,2,2,0,0,0,5,5,71,1603,23,4,2013,3,12,33,0,12,3,SR-138,,204,34.32409722,-117.4056944,0,12,2,0,1,1,0,1,1,1,0,1,0,0000000,99,99,99,99,99,99,0,0,0,1,1
6,60928,3,2,1,0,0,3,3,73,3260,22,6,2013,7,18,41,0,15,6,69TH ST,AMHERST ST,0,32.76760278,-117.0492611,0,12,6,0,2,3,0,1,1,1,0,1,0,0000000,99,99,99,99,88,88,14,0,0,1,1
6,60929,1,1,0,0,0,3,3,67,3150,24,6,2013,2,2,19,0,14,6,RIVERSIDE BL,,0,38.51668333,-121.5271528,0,42,0,0,1,1,0,4,3,10,0,10,0,0000000,99,99,99,99,99,99,0,0,0,1,1
6,60930,2,1,1,1,2,1,2,37,0,29,6,2013,7,11,23,1,2,3,SR-14,,406,34.47118889,-118.3180889,0,8,0,0,1,1,0,2,1,1,0,1,0,0000000,99,99,99,99,99,99,14,23,0,1,0
6,60931,1,1,0,0,0,1,1,59,1380,19,6,2013,4,23,38,1,11,1,I-5,,420,33.85536944,-117.9771806,0,24,0,0,1,1,0,3,3,1,0,1,0,0000000,99,99,99,99,99,99,0,0,0,1,0
6,60932,1,1,0,2,2,1,1,59,0,28,6,2013,6,8,48,1,12,3,SR-133,,60,33.61878056,-117.75795,0,9,0,0,1,1,0,4,1,1,0,1,0,0000000,99,99,99,99,99,99,0,0,0,1,0
6,60933,2,2,0,0,0,2,2,1,1364,25,6,2013,3,4,50,1,11,1,I-880,,61,37.521075,-121.9850694,0,12,1,0,1,1,0,1,3,10,0,10,0,0000000,99,99,99,99,88,88,0,0,0,1,1
6,60934,2,2,0,1,1,2,2,67,0,16,4,2013,3,21,15,0,2,4,CR-FAIR OAKS BLVD,,0,38.63651944,-121.3073056,0,8,0,0,1,1,0,1,2,1,0,1,0,0000000,99,99,99,99,99,99,0,0,0,1,0
6,60935,1,1,0,0,0,1,1,111,0,30,6,2013,1,14,39,1,2,3,SR-126,,82,34.31711944,-119.1100611,0,24,0,0,1,1,0,3,1,1,0,1,0,0000000,99,99,99,99,88,88,0,0,0,1,1
6,60936,2,1,1,0,2,1,3,71,1603,3,7,2013,4,1,18,1,11,1,I-15,,360,34.45054167,-117.3615194,0,14,0,0,1,1,0,2,2,1,0,1,0,0000000,99,99,99,99,88,88,0,0,0,1,1
6,60937,1,1,0,0,0,1,1,79,0,3,7,2013,4,15,0,0,5,4,CR-SANTA ROSA CREEK RD,,0,35.56773889,-120.9393111,0,1,0,0,1,1,0,1,1,1,0,1,0,0000000,99,99,99,99,88,88,0,0,0,1,1
6,60938,2,2,0,0,0,4,4,107,0,1,7,2013,2,5,40,0,6,4,CR-AVENUE 392,CR-ROAD 64,0,36.50276944,-119.4306306,0,12,6,0,2,2,0,1,4,1,0,1,0,0000000,99,99,99,99,99,99,0,0,0,1,0
6,60939,2,2,0,0,0,4,4,71,0,1,7,2013,2,15,15,1,2,3,SR-58,,237,34.92204167,-117.2468778,0,12,2,0,1,1,0,1,1,1,0,1,0,0000000,99,99,99,99,99,99,0,0,0,1,0
6,60940,1,1,0,0,0,1,1,107,0,1,7,2013,2,17,53,0,3,4,CR-SOUTH MAIN ST,,0,36.00041111,-119.0379611,0,38,0,0,1,1,0,4,1,1,0,1,0,0000000,99,99,99,99,88,88,0,0,0,1,0
6,60941,1,1,0,0,0,1,1,49,0,2,7,2013,3,19,39,0,4,4,CR-SURPRISE VALLEY RD,,0,41.43687778,-120.1408194,0,42,0,0,1,1,0,4,1,10,0,10,0,0000000,99,99,99,99,88,88,0,0,0,1,0
6,60942,3,3,0,3,3,3,3,37,1980,3,7,2013,4,20,0,0,13,6,ROSCOE BLVD,TAMPA AVE,0,34.22048056,-118.5535083,0,12,6,0,2,2,0,1,1,1,0,1,0,0000000,99,99,99,99,99,99,0,0,0,2,0
6,60943,1,1,0,0,0,4,4,27,0,4,7,2013,5,16,25,0,2,3,SR-168,,370,37.3135,-118.1037306,0,1,0,0,1,1,0,1,1,10,0,10,0,0000000,99,99,99,99,99,99,0,0,0,1,0
6,60944,1,1,0,0,0,2,2,85,0,4,7,2013,5,19,35,0,2,3,SR-35,,151,37.26618889,-122.1368944,0,42,0,0,1,1,0,2,1,1,0,1,0,0000000,99,99,99,99,99,99,0,0,0,1,1
6,60945,1,1,0,1,1,1,1,37,4190,4,7,2013,5,20,51,0,13,6,WHITTIER BLVD,,0,33.96568333,-118.0371306,0,8,0,0,1,1,0,1,2,1,0,1,0,0000000,99,99,99,99,99,99,0,0,0,1,0
6,60946,2,2,0,1,1,2,2,89,90,4,7,2013,5,21,55,0,3,4,CR-LASSEN AVE,,0,40.43208333,-122.4144583,0,12,1,0,1,1,0,1,2,1,0,1,0,0000000,99,99,99,99,99,99,0,0,0,1,1
6,60947,1,1,0,1,1,1,1,37,1980,4,7,2013,5,22,45,0,13,6,AVALON BLVD,,0,33.963275,-118.2651278,0,8,0,0,1,1,0,1,2,1,0,1,0,0000000,99,99,99,99,99,99,0,0,0,1,0
6,60948,1,1,0,1,1,1,1,113,0,5,7,2013,6,0,25,1,11,1,I-5,,46,38.67378056,-121.7106694,0,8,0,0,1,1,0,1,2,1,0,1,0,0000000,99,99,99,99,88,88,0,0,0,1,0
6,60949,2,2,0,0,0,2,2,9,0,5,7,2013,6,1,19,0,4,4,CR-S COMANCHE PARKWAY,,0,38.20014167,-120.9432972,0,1,0,0,1,1,0,1,2,1,0,1,0,0000000,99,99,99,99,99,99,14,0,0,1,2
6,60950,1,1,0,0,0,1,1,37,1980,5,7,2013,6,3,0,0,13,6,VENTURA BLVD,RADFORD AVE,0,34.1437,-118.3929972,0,1,0,0,1,1,0,1,3,1,0,1,0,0000000,99,99,99,99,88,88,0,0,0,1,1
6,60951,1,1,0,1,1,1,1,107,0,5,7,2013,6,6,53,1,2,3,SR-99,,38,35.83513333,-119.2608417,0,9,0,1,18,1,0,1,1,1,0,1,0,0000000,99,99,99,99,99,99,0,0,0,1,0
6,60952,1,1,0,0,0,2,2,15,0,5,7,2013,6,14,50,0,2,3,SR-197,,57,41.86633889,-124.1177972,0,42,0,0,1,1,0,4,1,1,0,1,0,0000000,99,99,99,99,99,99,0,0,0,2,1
6,60953,2,2,0,0,0,2,2,37,1980,5,7,2013,6,18,25,0,14,6,LINCOLN BLVD,CULVER LOOP,0,33.97582778,-118.4328639,0,12,6,0,2,3,0,1,1,1,0,1,0,0000000,99,99,99,99,99,99,0,0,0,1,0
6,60954,1,1,0,0,0,1,1,67,0,5,7,2013,6,19,8,0,2,4,CR-Q ST,,0,38.69804722,-121.4278722,0,30,0,0,1,1,0,2,1,1,0,1,0,0000000,99,99,99,99,88,88,0,0,0,1,1
6,60955,1,1,0,0,0,1,1,73,710,5,7,2013,6,99,99,1,11,1,I-5 RAMP,,89,32.64036111,-117.1011694,0,20,0,1,5,1,0,4,4,1,0,1,0,0000000,99,99,99,99,88,88,0,0,0,1,1
6,60956,1,1,0,0,0,1,1,47,0,5,7,2013,6,99,99,0,5,4,CR-GOLF LINK RD,,0,37.43503889,-120.8316611,0,33,0,0,1,1,0,4,2,1,0,1,0,0000000,99,99,99,99,88,88,0,0,0,1,1
6,60957,1,1,0,0,0,1,1,37,810,6,7,2013,7,0,56,0,13,6,LONG BEACH BLVD,ELM ST,0,33.90093056,-118.2082972,0,33,0,0,3,3,0,3,3,1,0,1,0,0000000,99,99,99,99,88,88,0,0,0,1,1
6,60958,2,2,0,0,0,7,7,19,0,18,2,2013,2,5,30,0,2,4,CR-CLOVIS AVE,MOUNTAIN VIEW AVE,0,36.54725,-119.7007611,0,12,6,0,2,2,0,1,4,1,0,1,0,0000000,99,99,99,99,99,99,0,0,0,1,0
6,60959,1,1,0,1,1,1,1,99,0,10,5,2013,6,5,28,0,3,4,CR-CROWS LANDING RD,,0,37.60156667,-120.9935583,0,8,0,0,1,1,0,1,3,1,0,1,0,0000000,99,99,99,99,99,99,0,0,0,1,0
6,60960,2,2,0,0,0,3,3,77,0,17,5,2013,6,11,17,0,3,4,CR-JACK TONE RD,LOUISE AVE,0,37.81221111,-121.1436194,0,12,6,0,2,2,0,1,1,1,0,1,0,0000000,99,99,99,99,99,99,0,0,0,1,0
6,60961,1,1,0,1,1,1,1,59,1660,2,6,2013,1,0,8,0,14,6,YORKTOWN AVE,WORCHESTER LN,0,33.67945278,-117.9869556,0,8,0,0,1,1,0,1,3,10,0,10,0,0000000,99,99,99,99,99,99,0,0,0,1,0
6,60962,1,1,0,0,0,1,1,71,681,3,6,2013,2,14,40,1,12,3,SR-71,,20,33.99941944,-117.7232694,0,35,0,0,1,1,0,4,1,1,0,1,0,0000000,99,99,99,99,99,99,0,0,0,1,0
6,60963,1,1,0,0,0,2,2,47,0,11,6,2013,3,12,18,0,4,4,CR-MERCED FALLS RD,,0,37.5203,-120.3933889,0,42,0,0,1,1,0,4,1,1,0,1,0,0000000,99,99,99,99,99,99,0,0,0,1,0
6,60964,1,1,0,0,0,2,2,77,0,14,6,2013,6,2,40,0,3,4,CR-FRENCH CAMP RD,,0,37.84258056,-121.1752694,0,1,0,0,1,1,0,2,2,1,0,1,0,0000000,99,99,99,99,99,99,0,0,0,1,1
6,60965,1,1,0,1,1,1,1,37,810,2,7,2013,3,20,45,0,13,6,ALAMEDA ST,,0,33.90863889,-118.2218694,0,8,0,0,1,1,0,1,3,1,0,1,0,0000000,99,99,99,99,88,88,0,0,0,1,0
6,60966,3,1,2,0,5,1,6,65,3070,27,4,2013,7,22,50,1,11,1,I-215,,388,33.94746389,-117.3011806,0,14,0,0,1,1,1,8,2,1,0,1,0,0000000,99,99,99,99,99,99,0,0,0,1,1
6,60967,2,2,0,0,0,4,4,71,1603,30,4,2013,3,11,25,0,15,6,C AVENUE,OLIVE ST,0,34.41733056,-117.2975528,0,12,6,0,2,2,0,1,1,1,0,1,0,0000000,99,99,99,99,99,99,0,0,0,1,0
6,60968,2,2,0,0,0,3,3,37,0,11,6,2013,3,13,5,1,2,3,SR-126,,45,34.43196111,-118.62215,0,12,1,0,8,1,0,1,1,1,0,1,0,0000000,99,99,99,99,99,99,0,0,0,1,0
6,60969,2,2,0,1,1,3,3,73,1080,19,2,2013,3,18,2,0,14,6,AVOCADO AVE,CARTER ST,0,32.782625,-116.9577389,0,8,0,0,3,3,0,1,3,2,0,2,0,0000000,18,9,18,15,88,88,0,0,0,1,0
6,60970,1,1,0,1,1,2,2,13,2485,9,6,2013,1,13,2,0,13,6,MAIN ST,,0,37.99776667,-121.7288083,0,9,0,0,1,1,0,1,1,1,0,1,0,0000000,99,99,99,99,88,88,0,0,0,1,0
6,60971,1,1,0,1,1,1,1,67,1108,9,6,2013,1,23,0,0,15,6,FRANKLIN HIGH RD,,0,38.38706944,-121.4218389,0,9,0,0,1,1,0,1,3,10,0,10,0,0000000,99,99,99,99,99,99,0,0,0,1,0
6,60972,1,1,0,0,0,2,2,67,0,25,5,2013,7,2,37,0,2,3,SR-160,,194,38.30758889,-121.5759,0,42,0,0,1,1,0,4,2,1,0,1,0,0000000,99,99,99,99,99,99,0,0,0,1,1