STATE,ST_CASE,VE_TOTAL,VE_FORMS,PVH_INVL,PEDS,PERNOTMVIT,PERMVIT,PERSONS,COUNTY,CITY,DAY,MONTH,YEAR,DAY_WEEK,HOUR,MINUTE,NHS,ROAD_FNC,ROUTE,TWAY_ID,TWAY_ID2,MILEPT,LATITUDE,LONGITUD,SP_JUR,HARM_EV,MAN_COLL,RELJCT1,RELJCT2,TYP_INT,WRK_ZONE,REL_ROAD,LGT_COND,WEATHER1,WEATHER2,WEATHER,SCH_BUS,RAIL,NOT_HOUR,NOT_MIN,ARR_HOUR,ARR_MIN,HOSP_HR,HOSP_MN,CF1,CF2,CF3,FATALS,DRUNK_DR
6,60973,1,1,0,1,1,1,1,85,3340,17,6,2013,2,15,25,1,12,3,SR-87,TAYLOR ST,67,37.34650833,-121.9047833,0,9,0,1,2,3,0,1,1,1,0,1,0,0000000,99,99,99,99,88,88,0,0,0,1,0
6,60974,1,1,0,0,0,2,2,105,0,25,6,2013,3,19,30,0,4,4,CR-HYAMPOM RD,,0,40.61910833,-123.3618889,0,1,0,0,1,1,0,5,5,2,10,2,0,0000000,99,99,99,99,99,99,0,0,0,1,1
6,60975,1,1,0,0,0,3,3,71,0,28,6,2013,6,21,25,1,1,1,I-40,,850,34.73326111,-115.55895,0,31,0,0,1,1,1,3,2,1,0,1,0,0000000,99,99,99,99,99,99,0,0,0,2,0
6,60976,1,1,0,1,1,3,3,71,0,1,7,2013,2,21,45,1,2,3,SR-62,LANNING LANE NORTH,42,34.07645,-116.5413194,0,8,0,0,3,3,0,1,3,1,0,1,0,0000000,99,99,99,99,88,88,0,0,0,1,0
6,60977,1,1,0,0,0,3,3,65,0,4,7,2013,5,14,4,1,1,1,I-15,,306,33.75071111,-117.45435,0,34,0,0,1,1,0,3,1,10,0,10,0,0000000,99,99,99,99,99,99,0,0,0,1,0
6,60978,1,1,0,0,0,1,1,71,0,4,7,2013,5,15,32,1,1,1,I-15,,142,34.21605278,-117.3940083,0,1,0,0,1,1,0,4,1,1,0,1,0,0000000,99,99,99,99,88,88,0,0,0,1,0
6,60979,2,2,0,0,0,2,2,37,305,6,7,2013,7,5,33,0,13,3,SR-19,GARDENDALE ST,84,33.910475,-118.1425111,0,12,6,0,2,2,0,1,3,1,0,1,0,0000000,99,99,99,99,99,99,0,0,0,1,1
6,60980,2,2,0,0,0,3,3,57,0,6,7,2013,7,9,30,0,2,3,SR-174,,30,39.13303889,-120.9602889,0,1,0,0,1,1,0,1,1,1,0,1,0,0000000,99,99,99,99,99,99,0,0,0,1,0
6,60981,2,2,0,0,0,2,2,47,0,6,7,2013,7,17,18,0,2,3,SR-33,,66,37.09291944,-121.0160889,0,12,2,0,1,1,0,1,1,1,0,1,0,0000000,99,99,99,99,99,99,0,0,0,1,1
6,60982,1,1,0,0,0,1,1,47,0,6,7,2013,7,19,48,1,2,3,SR-152,,85,37.08135,-120.0923389,0,5,0,0,1,1,0,3,5,1,0,1,0,0000000,99,99,99,99,88,88,0,0,0,1,1
6,60983,1,1,0,1,1,1,1,37,1980,6,7,2013,7,21,50,0,13,6,OLYMPIC BLVD,OXFORD AVE,0,34.05266944,-118.3075139,0,8,0,0,3,2,0,1,3,1,0,1,0,0000000,99,99,99,99,99,99,0,0,0,1,0
6,60984,1,1,0,1,1,2,2,29,0,6,7,2013,7,21,53,0,2,4,CR-MOUNT VERNON AVE,,0,35.38006944,-118.9675194,0,8,0,0,1,1,0,1,3,1,0,1,0,0000000,99,99,99,99,99,99,0,0,0,1,0
6,60985,1,1,0,1,1,4,4,1,1560,6,7,2013,7,22,23,0,13,6,HESPERIAN BLVD,,0,37.65257222,-122.1098278,0,8,0,0,1,1,0,1,3,1,0,1,0,0000000,99,99,99,99,88,88,0,0,0,1,0
6,60986,1,1,0,1,1,1,1,37,1980,6,7,2013,7,23,40,0,14,6,TOPANGA CANYON BLVD,LASSEN ST,0,34.24999167,-118.6060222,0,9,0,0,3,2,0,1,3,1,0,1,0,0000000,99,99,99,99,88,88,0,0,0,1,0
6,60987,1,1,0,1,1,1,1,37,2458,9,2,2013,7,99,99,0,14,6,STUDEBAKER RD,FOSTER RD,0,33.90988333,-118.0991667,0,15,0,0,3,2,0,1,3,1,0,1,0,0000000,99,99,99,99,88,88,0,0,0,1,0
6,60988,1,1,0,0,0,1,1,71,1603,2,4,2013,3,5,53,0,14,6,HESPERIA RD,LIME ST,0,34.40641944,-117.3053389,0,39,0,0,3,10,0,4,4,1,0,1,0,0000000,99,99,99,99,99,99,0,0,0,1,1
6,60989,2,2,0,0,0,2,2,37,0,25,4,2013,5,21,48,0,4,4,CR-170TH ST,,0,34.5497,-117.8297611,0,12,2,0,1,1,0,1,2,1,0,1,0,0000000,99,99,99,99,88,88,0,0,0,2,1
6,60990,1,1,0,0,0,3,3,47,0,29,4,2013,2,6,59,1,2,3,SR-152,,267,37.05526111,-120.7365611,0,24,0,0,1,1,0,4,1,1,0,1,0,0000000,99,99,99,99,99,99,0,0,0,1,0
6,60991,1,1,0,1,1,2,2,73,3375,5,5,2013,1,3,0,0,13,6,N TWIN OAKS VLY RD,,0,33.15054167,-117.1617417,0,8,0,0,1,1,0,1,2,5,10,5,0,0000000,99,99,99,99,99,99,0,0,0,1,0
6,60992,2,2,0,0,0,2,2,13,0,20,5,2013,2,17,20,1,12,3,SR-4,,32,38.008675,-122.2214806,0,12,1,0,1,1,0,1,1,1,0,1,0,0000000,99,99,99,99,88,88,0,0,0,1,0
6,60993,2,2,0,0,0,2,2,37,1980,9,1,2013,4,22,25,1,11,1,I-105,,84,33.9276,-118.2631611,0,12,7,0,1,1,0,1,3,1,0,1,0,0000000,99,99,99,99,99,99,0,0,0,1,1
6,60994,1,1,0,1,1,1,1,71,0,2,2,2013,7,21,35,0,3,4,CR-DEL ROSA AVE,CR-FISHER ST,0,34.1262,-117.2525139,0,8,0,0,3,2,0,1,2,1,0,1,0,0000000,99,99,99,99,88,88,0,0,0,1,0
6,60995,1,1,0,1,1,1,1,37,0,23,3,2013,7,19,25,0,2,4,CR-AZUSA AVE,,0,34.02568056,-117.9172194,0,8,0,0,1,1,0,1,3,1,0,1,0,0000000,99,99,99,99,99,99,0,0,0,1,0
6,60996,1,1,0,0,0,1,1,71,0,15,4,2013,2,15,30,0,3,4,CR-CRAFTON AVE,,0,34.05936111,-117.1216,0,58,0,0,1,1,0,4,1,1,0,1,0,0000000,99,99,99,99,88,88,0,0,0,1,0
6,60997,3,3,0,0,0,3,3,13,1779,3,5,2013,6,1,20,1,12,3,SR-24,,64,37.89418611,-122.1185889,0,12,2,0,1,1,0,1,3,1,0,1,0,0000000,99,99,99,99,99,99,0,0,0,1,1
6,60998,1,1,0,0,0,4,4,67,0,16,6,2013,1,4,5,1,1,1,I-80 RAMP,,48,38.63975,-121.4771389,0,1,0,1,5,1,0,8,3,1,0,1,0,0000000,99,99,99,99,99,99,0,0,0,1,1
6,60999,1,1,0,0,0,1,1,101,0,29,6,2013,7,20,26,0,3,4,CR-GARDEN HWY,,0,39.07383056,-121.6068389,0,42,0,0,1,1,0,4,1,1,0,1,0,0000000,99,99,99,99,99,99,0,0,0,1,1
6,61000,1,1,0,0,0,1,1,109,0,1,7,2013,2,11,41,0,4,4,CR-TUOLUMNE RD,AARONDALE RD,0,37.95681111,-120.3036806,0,17,0,0,3,3,0,4,1,1,0,1,0,0000000,99,99,99,99,88,88,0,0,0,1,0
6,61001,1,1,0,2,2,1,1,73,0,7,7,2013,1,6,15,0,4,4,CR-OLD CASTLE RD,,0,33.256325,-117.0812611,0,8,0,0,1,1,0,2,1,5,0,5,0,0000000,99,99,99,99,88,88,0,0,0,2,1
6,61002,1,1,0,0,0,2,2,29,0,7,7,2013,1,16,0,1,1,1,I-5,,331,35.20505,-119.1588694,0,38,0,0,1,1,0,4,1,1,0,1,0,0000000,99,99,99,99,99,99,26,0,0,1,0
6,61003,1,1,0,1,1,1,1,97,730,7,7,2013,1,21,24,0,16,6,S CLOVERDALE BLVD,HEALDSBURG AVE,0,38.80073333,-123.016475,0,8,0,0,3,2,0,1,3,1,0,1,0,0000000,99,99,99,99,99,99,0,0,0,1,0
6,61004,2,2,0,0,0,3,3,1,0,7,5,2013,3,4,33,1,11,1,I-680,,87,37.56663889,-121.8989889,0,12,6,0,1,1,0,1,2,1,0,1,0,0000000,99,99,99,99,99,99,19,0,0,1,0
6,61005,2,1,1,1,1,2,2,71,0,2,1,2013,4,22,35,0,12,3,SR-138,,324,34.34465,-117.5249611,0,8,0,0,1,1,0,1,2,1,0,1,0,0000000,99,99,99,99,99,99,14,0,0,1,0
6,61006,2,2,0,1,1,3,3,71,3210,5,2,2013,3,21,37,1,12,3,SR-210,,241,34.14533056,-117.2811389,0,8,0,0,1,1,0,1,2,1,0,1,0,0000000,99,99,99,99,99,99,0,0,0,1,0
6,61007,4,4,0,0,0,9,9,71,790,3,3,2013,1,0,15,1,11,1,I-215,,24,34.04481944,-117.3116528,0,12,1,0,1,1,0,1,3,1,0,1,0,0000000,99,99,99,99,99,99,23,0,0,1,1
6,61008,1,1,0,1,1,1,1,71,2550,7,7,2013,1,0,36,0,13,6,RIVERSIDE DR,,0,34.01952778,-117.6170389,0,9,0,0,1,1,0,1,3,1,0,1,0,0000000,99,99,99,99,99,99,0,0,0,1,0
6,61009,1,1,0,0,0,7,7,71,0,7,7,2013,1,13,25,1,2,2,US-395,,385,34.8925,-117.5137,0,1,0,0,1,1,0,4,1,1,0,1,0,0000000,99,99,99,99,99,99,0,0,0,1,0
6,61010,2,2,0,0,0,4,4,37,1980,7,7,2013,1,21,50,0,14,6,LINCOLN BLVD,83RD ST,0,33.96270833,-118.4217167,0,12,2,0,2,2,0,1,3,1,0,1,0,0000000,99,99,99,99,99,99,0,0,0,1,0
6,61011,2,1,1,0,0,3,3,65,3070,8,7,2013,2,7,28,0,14,6,JURUPA RD,,0,33.99503611,-117.4940583,0,14,0,0,1,1,0,2,1,1,0,1,0,0000000,99,99,99,99,99,99,0,0,0,1,0
6,61012,2,2,0,0,0,2,2,65,0,8,7,2013,2,14,35,0,4,4,CR-ORCHARD ST,AVENIDA MIRAVILLA,0,33.97596111,-116.9734444,0,12,6,0,2,3,0,1,1,1,0,1,0,0000000,99,99,99,99,88,88,0,0,0,1,0
6,61013,1,1,0,0,0,1,1,97,0,8,7,2013,2,19,55,1,12,2,US-101,,355,38.61451111,-122.8787389,0,42,0,0,1,1,0,4,1,1,0,1,0,0000000,99,99,99,99,99,99,0,0,0,1,1
6,61014,1,1,0,1,1,1,1,111,0,8,7,2013,2,21,7,0,2,4,CR-HARBOR BLVD,,0,34.22120556,-119.2551417,0,8,0,0,1,1,0,1,2,1,0,1,0,0000000,99,99,99,99,99,99,0,0,0,1,0
6,61015,1,1,0,1,1,1,1,67,3150,8,7,2013,2,23,14,0,15,6,GRAND AVE,,0,38.63674722,-121.4515111,0,8,0,0,1,1,0,1,3,1,0,1,0,0000000,99,99,99,99,88,88,0,0,0,1,0
6,61016,2,2,0,0,0,3,3,83,0,9,7,2013,3,10,10,1,2,2,US-101,,294,34.44231944,-119.9505194,0,12,6,0,1,1,0,1,1,1,0,1,0,0000000,99,99,99,99,99,99,0,0,0,1,0
6,61017,2,2,0,0,0,4,4,33,0,9,7,2013,3,15,40,0,2,3,SR-20,,329,39.01770833,-122.5941361,0,12,6,0,1,1,0,1,1,1,0,1,0,0000000,99,99,99,99,99,99,0,0,0,3,0
6,61018,2,2,0,0,0,2,2,97,0,11,7,2013,5,6,55,0,2,3,SR-121,,19,38.17613056,-122.4517333,0,12,2,0,1,1,0,1,1,10,0,10,0,0000000,99,99,99,99,99,99,0,0,0,1,0
6,61019,2,2,0,0,0,2,2,65,0,13,4,2013,7,13,35,0,2,3,SR-74,,98,33.64645556,-117.3738333,0,12,2,0,1,1,0,1,1,1,0,1,0,0000000,99,99,99,99,99,99,0,0,0,1,1
6,61020,2,2,0,0,0,2,2,1,0,11,7,2013,5,23,0,0,6,4,CR-ALTAMONT PASS RD,,0,37.74161111,-121.66665,0,12,2,0,1,1,0,1,2,1,0,1,0,0000000,99,99,99,99,99,99,0,0,0,1,1
6,61021,1,1,0,0,0,1,1,83,0,11,7,2013,5,99,99,0,4,4,CR-SANTA ROSA RD,,0,34.62326944,-120.4241806,0,35,0,0,1,1,0,4,2,1,0,1,0,0000000,99,99,99,99,88,88,0,0,0,1,1
6,61022,1,1,0,0,0,1,1,69,0,12,7,2013,6,0,38,1,2,2,US-101,,10,36.86248056,-121.6175194,0,25,0,0,1,1,0,3,2,1,0,1,0,0000000,99,99,99,99,88,88,0,0,0,1,1
6,61023,1,1,0,0,0,1,1,11,0,12,7,2013,6,11,23,0,6,4,CR-LONE STAR RD,,0,39.11476944,-122.0788139,0,43,0,0,1,1,0,2,1,1,0,1,0,0000000,99,99,99,99,99,99,0,0,0,1,0
6,61024,1,1,0,0,0,1,1,37,0,13,7,2013,7,3,30,1,11,1,I-210 RAMP,,296,34.1482,-118.07065,0,25,0,1,5,1,0,4,2,1,0,1,0,0000000,99,99,99,99,88,88,0,0,0,1,1
6,61025,1,1,0,0,0,1,1,103,0,13,7,2013,7,18,25,0,2,3,SR-32,,139,40.18905,-121.5332611,0,42,0,0,1,1,0,5,1,1,0,1,0,0000000,99,99,99,99,88,88,0,0,0,1,1
6,61026,1,1,0,0,0,1,1,37,0,13,7,2013,7,19,25,0,4,4,CR-PINE CANYON RD,,0,34.72261111,-118.5825694,0,35,0,0,1,1,0,4,1,1,0,1,0,0000000,99,99,99,99,88,88,0,0,0,1,1
6,61027,1,1,0,1,1,2,2,59,4130,17,4,2013,4,20,29,0,14,6,SPRINGDALE ST,,0,33.75721389,-118.0245722,0,8,0,0,1,1,0,1,3,1,0,1,0,0000000,99,99,99,99,99,99,0,0,0,1,0
6,61028,4,4,0,0,0,4,4,65,850,22,4,2013,2,8,0,1,1,1,I-5,,299,33.74478056,-117.4444917,0,25,0,0,1,1,0,3,1,1,0,1,0,0000000,99,99,99,99,99,99,14,0,0,1,1
6,61029,1,1,0,0,0,1,1,105,0,23,5,2013,5,99,99,1,2,3,SR-299,,194,40.79284167,-123.3578694,0,35,0,0,1,1,0,4,1,1,0,1,0,0000000,88,88,88,88,88,88,0,0,0,1,0
6,61030,1,1,0,0,0,4,4,65,1690,3,3,2013,1,4,0,0,15,6,ADAMS ST,,0,33.75916111,-116.2863944,0,1,0,0,1,1,0,4,3,1,0,1,0,0000000,99,99,99,99,99,99,0,0,0,1,1
6,61031,4,4,0,0,0,5,5,37,1980,1,6,2013,7,12,50,0,13,6,HUNTINGTON DR,POPLAR BL,0,34.09035556,-118.1647556,0,12,1,0,3,3,0,1,1,1,0,1,0,0000000,99,99,99,99,99,99,0,0,0,1,0
6,61032,1,1,0,0,0,1,1,75,3290,10,6,2013,2,17,37,0,16,6,JOHN F SHELLEY DR,,0,37.71798889,-122.4143278,0,42,0,0,1,1,0,4,1,1,0,1,0,0000000,99,99,99,99,99,99,0,0,0,1,1
6,61033,2,1,1,1,1,1,1,37,2700,15,6,2013,7,17,15,0,14,6,DEL MAR BL,,0,34.14098056,-118.1263361,0,9,0,0,1,1,0,1,1,1,0,1,0,0000000,99,99,99,99,99,99,0,0,0,1,0
6,61034,3,3,0,0,0,7,7,67,3150,20,6,2013,5,1,35,1,11,1,I-5,,279,38.64145278,-121.5250028,0,12,2,0,1,1,0,1,3,1,0,1,0,0000000,99,99,99,99,99,99,0,0,0,1,1
6,61035,1,1,0,1,1,1,1,113,4258,4,7,2013,5,8,59,0,13,6,GIBSON RD,,0,38.66265833,-121.7403556,0,8,0,0,1,1,0,1,1,1,0,1,0,0000000,99,99,99,99,99,99,0,0,0,1,0
6,61036,1,1,0,1,1,1,1,71,1305,7,7,2013,1,21,39,0,14,6,CITRUS AVE,,0,34.10717778,-117.4535833,0,8,0,0,1,1,0,1,3,1,0,1,0,0000000,99,99,99,99,99,99,0,0,0,1,0
6,61037,1,1,0,1,1,1,1,83,3430,9,7,2013,3,0,8,0,13,6,CLIFF DR,,0,34.40345,-119.7294583,0,9,0,0,1,1,0,1,3,1,0,1,0,0000000,99,99,99,99,88,88,0,0,0,1,0
6,61038,3,1,2,1,1,1,1,97,0,10,7,2013,4,19,27,0,4,4,CR-STONY PT RD,,0,38.38904722,-122.7414167,0,8,0,0,1,1,0,4,1,1,0,1,0,0000000,99,99,99,99,99,99,14,0,0,1,1
6,61039,1,1,0,0,0,2,2,113,4258,14,7,2013,1,0,10,0,14,6,COUNTY RD 99W,,0,38.73227222,-121.8121389,0,42,0,0,1,1,0,4,2,1,0,1,0,0000000,99,99,99,99,99,99,0,0,0,2,1
6,61040,3,3,0,0,0,3,3,47,0,14,7,2013,1,15,0,0,4,4,CR-SHAFFER RD,WALNUT AVE,0,37.38946667,-120.5952833,0,12,6,0,2,2,0,1,1,1,0,1,0,0000000,99,99,99,99,88,88,0,0,0,1,0
6,61041,1,1,0,0,0,3,3,37,2645,11,6,2013,3,19,47,0,14,6,25TH ST,,0,34.58375278,-118.0851028,0,35,0,0,1,1,0,4,1,1,0,1,0,0000000,99,99,99,99,99,99,0,0,0,1,0
6,61042,1,1,0,0,0,2,2,1,0,27,6,2013,5,4,0,0,6,4,CR-KELSO RD,,0,37.79474722,-121.5684028,0,35,0,0,1,1,0,4,2,1,0,1,0,0000000,88,88,88,88,88,88,0,0,0,1,1
6,61043,1,1,0,1,1,4,4,47,0,27,6,2013,5,23,26,0,4,4,CR-STEPHENS ST,,0,37.43011111,-120.7762389,0,8,0,0,1,1,0,1,2,1,0,1,0,0000000,99,99,99,99,99,99,0,0,0,1,0
6,61044,1,1,0,0,0,1,1,99,640,30,6,2013,1,0,53,0,14,6,SERVICE RD,,0,37.58022778,-120.941775,0,1,0,0,1,1,0,1,2,1,0,1,0,0000000,99,99,99,99,88,88,0,0,0,1,0
6,61045,2,2,0,0,0,2,2,37,2645,14,7,2013,1,7,35,1,12,3,SR-138,15TH ST EAST,452,34.57964722,-118.1029861,0,12,6,0,2,2,0,1,1,1,0,1,0,0000000,99,99,99,99,88,88,0,0,0,1,0
6,61046,3,3,0,0,0,12,12,37,0,22,6,2013,7,3,31,1,2,3,SR-14,,432,34.49053889,-118.2852611,0,12,2,0,1,1,0,1,2,1,0,1,0,0000000,99,99,99,99,99,99,0,0,0,2,1
6,61047,1,1,0,1,1,1,1,73,3260,15,7,2013,2,7,40,0,14,6,CLAIREMONT MESA BL,,0,32.82703056,-117.0941972,0,8,0,0,1,1,0,1,1,1,0,1,0,0000000,99,99,99,99,99,99,0,0,0,1,0
6,61048,1,1,0,1,1,1,1,37,1980,15,7,2013,2,16,45,0,14,6,NORMANDIE AVE,11TH ST,0,34.05086944,-118.2999778,0,8,0,0,3,2,0,1,1,1,0,1,0,0000000,99,99,99,99,99,99,0,0,0,1,0
6,61049,1,1,0,0,0,1,1,41,0,15,7,2013,2,99,99,0,2,3,SR-1,,435,38.223,-122.9185,0,1,0,0,1,1,0,1,1,10,0,10,0,0000000,99,99,99,99,88,88,0,0,0,1,0
6,61050,2,2,0,0,0,3,3,31,0,16,7,2013,3,12,8,0,4,4,CR-FLINT AVE,CR-16TH AVE,0,36.37181389,-119.7449444,0,12,6,0,2,2,0,1,1,1,0,1,0,0000000,99,99,99,99,88,88,0,0,0,2,0
6,61051,1,1,0,0,0,1,1,81,0,2,7,2013,3,18,15,0,3,3,SR-35,,26,37.31276944,-122.1768389,0,42,0,0,1,1,0,4,1,1,0,1,0,0000000,99,99,99,99,88,88,0,0,0,1,0
6,61052,3,3,0,0,0,10,10,65,0,7,7,2013,1,11,35,0,4,4,CR-DOMENIGONI PARKWAY,LEON RD,0,33.69232222,-117.1195972,0,12,6,0,2,2,0,1,1,1,0,1,0,0000000,99,99,99,99,99,99,14,0,0,2,1
6,61053,1,1,0,1,1,1,1,29,0,14,7,2013,1,16,31,0,2,4,CR-MANOR ST,,0,35.43833889,-119.0140611,0,8,0,0,1,1,0,1,1,1,0,1,0,0000000,99,99,99,99,88,88,0,0,0,1,0
6,61054,1,1,0,1,1,1,1,67,3150,14,7,2013,1,20,42,0,14,6,RIO LINDA BLVD,,0,38.61543611,-121.4461972,0,8,0,0,1,1,0,1,5,1,0,1,0,0000000,99,99,99,99,99,99,0,0,0,1,1
6,61055,1,1,0,1,1,5,5,71,260,14,7,2013,1,22,45,1,11,1,I-15,,750,34.89245833,-116.9993528,0,8,0,0,1,1,0,1,3,1,0,1,0,0000000,99,99,99,99,99,99,0,0,0,1,0
6,61056,4,4,0,0,0,7,7,59,1380,16,7,2013,3,15,6,0,13,6,ORANGETHORPE AVE,EUCLID ST,0,33.85933611,-117.9421667,0,12,1,0,3,2,0,1,1,1,0,1,0,0000000,99,99,99,99,99,99,0,0,0,1,0
6,61057,1,1,0,1,1,0,0,13,460,16,7,2013,3,17,45,0,16,6,HEATHER PLACE,,0,37.93186389,-121.7061778,0,8,0,0,4,1,0,1,1,1,0,1,0,0000000,99,99,99,99,99,99,24,0,0,1,0
6,61058,1,1,0,0,0,1,1,89,2950,16,7,2013,3,99,99,0,3,4,CR-PLATINA RD,,0,40.42048056,-122.7429667,0,35,0,0,1,1,0,4,2,1,0,1,0,0000000,99,99,99,99,88,88,0,0,0,1,1
6,61059,1,1,0,1,1,1,1,37,1980,17,7,2013,4,5,0,0,14,6,BROADWAY,IMPERIAL HIGHWAY,0,33.93100556,-118.2784611,0,8,0,0,2,2,0,1,3,1,0,1,0,0000000,99,99,99,99,88,88,0,0,0,1,0
6,61060,2,2,0,0,0,5,5,65,250,17,7,2013,4,9,25,0,15,6,SAN GORGONIO AVE,WESLEY ST,0,33.91263889,-116.8766972,0,12,6,0,8,1,0,1,1,1,0,1,0,0000000,99,99,99,99,99,99,0,0,0,1,0
6,61061,2,2,0,0,0,3,3,37,1980,17,7,2013,4,16,25,1,11,1,I-405,,410,34.18145,-118.4713306,0,12,1,0,1,1,0,1,1,1,0,1,0,0000000,99,99,99,99,88,88,14,0,0,1,0
6,61062,1,1,0,1,1,2,2,31,1540,17,7,2013,4,19,34,0,14,6,W LACEY BLVD,GREENFIELD BLVD,0,36.32813611,-119.6581472,0,9,0,0,3,3,0,1,1,1,0,1,0,0000000,99,99,99,99,99,99,0,0,0,1,0
6,61063,1,1,0,0,0,1,1,73,0,17,7,2013,4,22,15,1,1,1,I-8,,355,32.83853056,-116.6512194,0,1,0,0,1,1,0,1,2,1,0,1,0,0000000,99,99,99,99,88,88,0,0,0,1,1
6,61064,1,1,0,0,0,1,1,37,1980,17,7,2013,4,23,6,1,12,2,US-101,,130,34.15481944,-118.3990806,0,33,0,1,5,1,0,8,2,1,0,1,0,0000000,99,99,99,99,99,99,0,0,0,1,1
6,61065,2,2,0,1,1,2,2,67,3150,18,7,2013,5,4,45,1,11,1,I-80,,41,38.63768611,-121.4926194,0,8,0,0,1,1,0,1,3,1,0,1,0,0000000,99,99,99,99,88,88,0,0,0,1,0
6,61066,2,2,0,0,0,4,4,33,0,18,7,2013,5,12,14,1,2,3,SR-29,,288,38.33368611,-122.3196917,0,12,2,0,1,1,0,1,1,1,0,1,0,0000000,99,99,99,99,99,99,0,0,0,1,2
6,61067,1,1,0,0,0,1,1,53,0,18,7,2013,5,12,43,0,2,3,SR-25,,26,36.20986111,-120.8584111,0,43,0,0,1,1,0,2,1,1,0,1,0,0000000,99,99,99,99,88,88,0,0,0,1,0
6,61068,2,2,0,0,0,2,2,73,3260,19,7,2013,6,16,0,0,2,3,SR-78,,233,33.07168889,-117.0445972,0,12,2,0,1,1,0,1,1,1,0,1,0,0000000,99,99,99,99,99,99,0,0,0,1,0
6,61069,1,1,0,0,0,1,1,21,0,19,7,2013,6,16,10,0,5,4,CR-COUNTY ROAD Y,,0,39.43833056,-121.9672194,0,32,0,0,1,1,0,4,1,1,0,1,0,0000000,99,99,99,99,99,99,0,0,0,1,0
6,61070,1,1,0,0,0,3,3,29,0,19,7,2013,6,18,15,1,1,1,I-5,,623,35.4946,-119.5291389,0,1,0,0,1,1,0,3,1,1,0,1,0,0000000,99,99,99,99,99,99,0,0,0,1,1
6,61071,2,2,0,0,0,3,3,107,0,19,7,2013,6,22,25,0,4,4,CR-MTN 178,,0,36.10935278,-118.9522556,0,12,2,0,1,1,0,1,2,1,0,1,0,0000000,99,99,99,99,99,99,0,0,0,2,1
6,61072,1,1,0,0,0,1,1,85,3340,20,7,2013,7,1,12,1,12,2,US-101,,272,37.24618889,-121.7767889,0,31,0,1,5,1,0,8,3,1,0,1,0,0000000,99,99,99,99,88,88,0,0,0,1,1
6,61073,1,1,0,1,1,1,1,37,1980,20,7,2013,7,18,15,0,13,6,CRENSHAW BLVD,78TH PLACE,0,33.96811944,-118.3308778,0,8,0,0,3,2,0,1,1,1,0,1,0,0000000,99,99,99,99,99,99,0,0,0,1,0
6,61074,2,2,0,0,0,2,2,67,3150,20,7,2013,7,19,20,1,11,1,I-5,,297,38.66464722,-121.5377389,0,12,2,0,1,1,0,1,1,1,0,1,0,0000000,99,99,99,99,99,99,0,0,0,1,1
6,61075,1,1,0,1,1,1,1,59,3760,20,7,2013,7,22,31,0,14,6,CERRITOS AVE,DALE AVE,0,33.81029167,-117.98445,0,9,0,0,2,2,0,1,3,1,0,1,0,0000000,99,99,99,99,99,99,0,0,0,1,0
6,61076,1,1,0,0,0,3,3,37,1980,21,7,2013,1,4,20,0,13,6,ROSCOE BLVD,,0,34.22014167,-118.5793222,0,33,0,0,1,1,0,4,3,10,0,10,0,0000000,99,99,99,99,99,99,0,0,0,1,1
6,61077,1,1,0,0,0,1,1,71,0,21,7,2013,1,6,0,0,2,3,SR-38,,154,34.0991,-116.9618306,0,35,0,0,1,1,0,4,4,10,0,10,0,0000000,99,99,99,99,88,88,0,0,0,1,0
6,61078,2,2,0,0,0,4,4,37,1110,21,7,2013,1,6,41,1,11,1,I-10,,307,34.06408889,-118.0083194,0,12,1,0,1,1,0,1,1,10,0,10,0,0000000,99,99,99,99,88,88,0,0,0,1,0
6,61079,1,1,0,0,0,1,1,99,2200,12,3,2013,3,22,58,0,15,6,WOODLAND AVE,LONE PALM AVE,0,37.65321389,-121.0231472,0,33,0,0,3,2,0,4,2,1,0,1,0,0000000,99,99,99,99,99,99,0,0,0,1,1
6,61080,1,1,0,0,0,2,2,99,2200,8,6,2013,7,2,14,0,16,6,BELHARBOUR DR,,0,37.67446389,-120.9352583,0,33,0,0,1,1,0,4,3,1,0,1,0,0000000,99,99,99,99,99,99,0,0,0,1,1
6,61081,2,2,0,0,0,6,6,47,0,13,6,2013,5,16,2,0,3,4,CR-APPLEGATE RD,,0,37.33216111,-120.6145889,0,12,2,0,1,1,0,1,1,1,0,1,0,0000000,99,99,99,99,99,99,0,0,0,1,0
6,61082,1,1,0,0,0,5,5,89,0,11,7,2013,5,20,25,0,4,4,CR-LAKESHORE DR,,0,40.86998333,-122.3898306,0,5,0,0,1,1,0,1,1,1,0,1,0,0000000,99,99,99,99,99,99,0,0,0,1,0
6,61083,3,3,0,0,0,3,3,59,1660,17,7,2013,4,18,28,0,13,6,WARNER ST,BOLSA CHICA,0,33.71538889,-118.0410528,0,12,1,0,3,2,0,1,1,1,0,1,0,0000000,99,99,99,99,19,14,0,0,0,1,0
6,61084,1,1,0,1,1,1,1,37,1980,22,7,2013,2,11,26,0,14,6,N BROADWAY,AVENUE 22,0,34.07360556,-118.2178083,0,8,0,0,3,2,0,1,1,1,0,1,0,0000000,99,99,99,99,88,88,0,0,0,1,0
6,61085,4,1,3,1,1,1,1,37,2929,18,1,2013,6,21,19,0,13,6,HAWTHORNE BLVD,,0,33.75165556,-118.3943278,0,14,0,0,1,1,0,2,3,1,0,1,0,0000000,99,99,99,99,99,99,14,0,0,1,1