STATE,ST_CASE,VE_TOTAL,VE_FORMS,PVH_INVL,PEDS,PERNOTMVIT,PERMVIT,PERSONS,COUNTY,CITY,DAY,MONTH,YEAR,DAY_WEEK,HOUR,MINUTE,NHS,ROAD_FNC,ROUTE,TWAY_ID,TWAY_ID2,MILEPT,LATITUDE,LONGITUD,SP_JUR,HARM_EV,MAN_COLL,RELJCT1,RELJCT2,TYP_INT,WRK_ZONE,REL_ROAD,LGT_COND,WEATHER1,WEATHER2,WEATHER,SCH_BUS,RAIL,NOT_HOUR,NOT_MIN,ARR_HOUR,ARR_MIN,HOSP_HR,HOSP_MN,CF1,CF2,CF3,FATALS,DRUNK_DR
6,61086,1,1,0,0,0,5,5,1,2480,26,4,2013,6,15,44,0,12,3,SR-13,,61,37.80608333,-122.1930722,0,25,0,0,1,1,0,3,1,1,0,1,0,0000000,99,99,99,99,99,99,0,0,0,1,0
6,61087,2,1,1,0,4,7,11,65,850,8,6,2013,7,12,52,1,12,3,SR-91,,31,33.88305,-117.6249306,0,14,0,0,1,1,0,2,1,1,0,1,0,0000000,99,99,99,99,99,99,0,0,0,1,0
6,61088,3,3,0,0,0,3,3,65,3070,23,6,2013,1,0,4,1,11,1,I-215,,435,33.99751389,-117.3545417,0,25,0,0,1,1,0,3,2,1,0,1,0,0000000,99,99,99,99,99,99,14,0,0,1,0
6,61089,3,2,1,0,0,4,4,47,0,27,6,2013,5,20,5,0,4,4,CR-OLIVE AVE,CR-JONES RD,0,37.39662222,-120.6223889,0,12,6,0,2,2,0,1,5,1,0,1,0,0000000,99,99,99,99,99,99,14,0,0,1,1
6,61090,1,1,0,1,1,1,1,71,115,15,2,2013,6,1,32,1,12,3,SR-18,,944,34.53992222,-117.27315,0,8,0,0,1,1,0,1,2,1,0,1,0,0000000,99,99,99,99,88,88,0,0,0,1,0
6,61091,1,1,0,0,0,2,2,99,0,27,5,2013,2,14,35,1,1,1,I-5,,206,37.51144722,-121.2334833,0,1,0,0,1,1,0,4,1,10,0,10,0,0000000,99,99,99,99,99,99,0,0,0,1,0
6,61092,1,1,0,0,0,1,1,29,0,14,3,2013,5,20,17,0,6,4,CR-JUMPER AVE,,0,35.51136944,-119.4211306,0,30,0,0,1,1,0,4,2,1,0,1,0,0000000,99,99,99,99,88,88,0,0,0,1,1
6,61093,1,1,0,1,1,1,1,37,306,18,3,2013,2,6,15,0,13,6,EASTERN AVE,MARKET PL,0,33.96986667,-118.1645639,0,8,0,0,3,3,0,1,3,1,0,1,0,0000000,99,99,99,99,88,88,0,0,0,1,0
6,61094,1,1,0,1,1,1,1,37,2684,20,3,2013,4,5,35,1,13,3,SR-710 RAMP,ROSECRANS AVE,154,33.90373056,-118.1868444,0,9,0,1,5,1,0,1,3,10,0,10,0,0000000,99,99,99,99,99,99,0,0,0,1,0
6,61095,3,1,2,1,1,1,1,65,0,22,3,2013,6,20,0,0,6,4,CR-CHAPMAN RD,,0,33.48093333,-116.6514694,0,14,0,0,1,1,0,2,2,1,0,1,0,0000000,99,99,99,99,88,88,23,0,0,1,0
6,61096,2,2,0,0,0,4,4,37,2684,23,3,2013,7,16,0,0,14,6,SOMERSET BLVD,EL CAMINO AVE,0,33.89623611,-118.1797056,0,12,6,0,2,2,0,1,1,1,0,1,0,0000000,99,99,99,99,99,99,0,0,0,1,0
6,61097,2,2,0,0,0,3,3,97,3490,23,3,2013,7,19,51,0,14,6,HOEN AVE,BOSTON CT,0,38.43757778,-122.6776556,0,12,6,0,2,3,0,1,5,1,0,1,0,0000000,99,99,99,99,99,99,0,0,0,1,2
6,61098,1,1,0,1,1,2,2,61,0,14,3,2013,5,22,12,0,4,4,CR-INDUSTRIAL AVE,,0,38.83361667,-121.3070361,0,8,0,0,1,1,0,1,2,1,0,1,0,0000000,99,99,99,99,88,88,0,0,0,1,0
6,61099,2,1,1,0,1,1,2,41,0,16,2,2013,7,6,41,1,2,2,US-101,,230,38.13126667,-122.5636194,0,14,0,0,1,1,0,4,4,1,0,1,0,0000000,99,99,99,99,88,88,0,0,0,1,0
6,61100,1,1,0,1,1,1,1,67,3150,26,3,2013,3,6,20,0,14,6,AUBURN BLVD,,0,38.63877222,-121.3788528,0,8,0,0,1,1,0,1,3,5,0,5,0,0000000,99,99,99,99,88,88,0,0,0,1,0
6,61101,1,1,0,1,1,1,1,37,2645,25,3,2013,2,15,48,0,14,6,55TH ST E,AVE R,0,34.57252222,-118.0316056,0,9,0,0,2,2,0,1,1,1,0,1,1,0000000,99,99,99,99,99,99,0,0,0,1,0
6,61102,1,1,0,0,0,1,1,67,0,2,4,2013,3,16,20,0,4,4,CR-HOOD FRANKLIN RD,,0,38.375275,-121.4786889,0,35,0,0,1,1,0,4,1,1,0,1,0,0000000,99,99,99,99,88,88,0,0,0,1,0
6,61103,2,2,0,0,0,4,4,37,1980,31,3,2013,1,2,5,0,14,6,RINALDI ST,,0,34.27920833,-118.4555778,0,12,6,0,1,1,0,1,3,1,0,1,0,0000000,99,99,99,99,99,99,0,0,0,3,1
6,61104,1,1,0,1,1,1,1,37,1980,1,4,2013,2,19,50,0,13,6,MATEO ST,,0,34.03806389,-118.2327,0,8,0,0,1,1,0,1,5,1,0,1,0,0000000,99,99,99,99,99,99,0,0,0,1,0
6,61105,1,1,0,1,1,2,2,25,0,1,4,2013,2,21,50,1,1,1,I-8,,76,32.72643889,-116.0269167,0,8,0,0,1,1,0,1,2,6,0,6,0,0000000,99,99,99,99,88,88,0,0,0,1,0
6,61106,3,3,0,0,0,5,5,107,0,29,4,2013,2,2,20,1,2,3,SR-99,,4,35.79574444,-119.2535722,0,12,2,0,1,1,0,1,2,1,0,1,0,0000000,99,99,99,99,99,99,0,0,0,1,1
6,61107,2,2,0,0,0,3,3,39,0,11,4,2013,5,1,56,1,2,3,SR-152,,16,37.08343056,-120.4627,0,12,2,0,1,1,0,1,2,1,0,1,0,0000000,99,99,99,99,88,88,0,0,0,1,0
6,61108,1,1,0,0,0,1,1,55,0,27,4,2013,7,22,38,0,4,4,CR-ORCHARD AVE,,0,38.34240278,-122.3439194,0,42,0,0,1,1,0,4,2,1,0,1,0,0000000,99,99,99,99,88,88,0,0,0,1,1
6,61109,1,1,0,0,0,2,2,35,0,8,5,2013,4,17,30,0,4,4,CR-MAIN ST,,0,40.30458611,-120.5330667,0,42,0,0,1,1,0,4,1,10,0,10,0,0000000,99,99,99,99,99,99,0,0,0,1,0
6,61110,1,1,0,0,0,2,2,37,1840,13,6,2013,5,18,39,0,14,6,60TH ST WEST,,0,34.70978056,-118.2368611,0,39,0,0,1,1,1,5,1,1,0,1,0,0000000,99,99,99,99,99,99,4,0,0,1,0
6,61112,1,1,0,1,1,1,1,73,3260,14,3,2013,5,18,40,1,11,1,I-5,,163,32.72333056,-117.1519111,0,8,0,0,1,1,0,1,5,1,0,1,0,0000000,99,99,99,99,88,88,0,0,0,1,0
6,61113,1,1,0,1,1,1,1,1,3993,4,4,2013,5,22,19,0,13,6,UNION CITY BLVD,HORNER ST,0,37.59546944,-122.0809722,0,8,0,0,3,2,0,1,3,1,0,1,0,0000000,99,99,99,99,99,99,0,0,0,1,0
6,61114,1,1,0,0,0,1,1,1,0,22,5,2013,4,8,8,1,1,1,I-580,,28,37.73783889,-121.6084889,0,7,0,0,1,1,0,1,1,1,0,1,0,0000000,99,99,99,99,88,88,0,0,0,1,0
6,61115,1,1,0,1,1,1,1,65,0,30,6,2013,1,8,35,0,4,4,CR-GRAND AVE,MARVELLA LN,0,33.61881667,-117.3120361,0,9,0,0,3,3,0,2,1,1,0,1,0,0000000,99,99,99,99,99,99,0,0,0,1,1
6,61116,1,1,0,0,0,2,2,95,0,15,7,2013,2,19,19,0,4,4,CR-PORTER RD,MIDWAY RD,0,38.4167,-121.852,0,1,0,0,3,3,0,4,1,1,0,1,0,0000000,99,99,99,99,99,99,0,0,0,1,1
6,61117,2,2,0,0,0,3,3,65,0,26,4,2013,6,11,15,1,3,3,SR-79,WASHINGTON ST,122,33.63997778,-117.0848111,0,12,6,0,2,2,1,1,1,1,0,1,0,0000000,99,99,99,99,99,99,0,0,0,1,1
6,61118,2,1,1,1,1,1,1,37,1980,15,5,2013,4,22,45,0,13,6,CENTRAL AVE,84TH ST,0,33.96287222,-118.2564167,0,9,0,0,2,2,0,1,3,1,0,1,0,0000000,99,99,99,99,88,88,0,0,0,1,0
6,61119,1,1,0,0,0,10,10,71,0,21,7,2013,1,23,8,1,1,1,I-15,,482,34.59057222,-117.2600472,0,1,0,0,1,1,0,2,2,1,0,1,0,0000000,99,99,99,99,99,99,0,0,0,2,0
6,61120,1,1,0,1,1,1,1,67,3150,22,5,2013,4,1,22,0,13,6,X ST,19TH ST,0,38.56163056,-121.4879139,0,15,0,0,2,2,0,1,3,1,0,1,0,0000000,99,99,99,99,88,88,0,0,0,1,0
6,61121,1,1,0,1,1,1,1,71,1305,22,7,2013,2,8,19,0,13,6,SIERRA AVE,PERMANENTE DR,0,34.07261667,-117.43565,0,9,0,0,2,3,0,1,1,1,0,1,0,0000000,99,99,99,99,99,99,0,0,0,1,0
6,61122,2,2,0,0,0,5,5,95,330,6,6,2013,5,15,43,1,11,1,I-780,,2,38.051075,-122.1287167,0,1,0,1,20,1,0,1,1,1,0,1,0,0000000,99,99,99,99,99,99,0,0,0,1,1
6,61123,3,3,0,0,0,6,6,37,1550,28,6,2013,6,2,45,1,11,1,I-405,,194,33.90502222,-118.370575,0,12,1,0,1,1,0,1,3,10,0,10,0,0000000,99,99,99,99,99,99,0,0,0,2,1
6,61124,1,1,0,0,0,1,1,113,0,13,3,2013,4,8,10,0,4,4,CR-OLD RIVER RD,,0,38.64541111,-121.5802694,0,35,0,0,1,1,0,5,1,1,0,1,0,0000000,99,99,99,99,88,88,0,0,0,1,0
6,61125,3,1,2,0,0,5,5,37,2870,7,4,2013,1,1,38,0,14,6,N SAN ANTONIO AVE,,0,34.07484167,-117.7367278,0,33,0,0,1,1,0,4,3,1,0,1,0,0000000,99,99,99,99,99,99,14,0,0,1,1
6,61126,1,1,0,0,0,3,3,111,0,14,6,2013,6,2,12,0,2,4,CR-VICTORIA AVE,,0,34.24099167,-119.216775,0,35,0,0,1,1,0,4,2,1,0,1,0,0000000,99,99,99,99,99,99,0,0,0,1,1
6,61127,1,1,0,0,0,2,2,11,0,24,7,2013,4,16,5,1,1,1,I-5,,140,39.10203056,-122.1156306,0,38,0,0,1,1,0,4,1,1,0,1,0,0000000,99,99,99,99,99,99,0,0,0,1,0
6,61128,1,1,0,0,0,5,5,99,0,7,6,2013,6,19,0,0,4,4,CR-MARSHALL RD,,0,37.43461944,-121.0362194,0,1,0,0,1,1,0,2,1,1,0,1,0,0000000,99,99,99,99,99,99,0,0,0,1,0
6,61129,2,2,0,0,0,2,2,73,3260,25,7,2013,5,10,18,0,13,6,CLAIREMONT MESA BLVD,,0,32.827725,-117.2080694,0,12,2,0,1,1,0,1,1,1,0,1,0,0000000,99,99,99,99,99,99,0,0,0,1,0
6,61130,3,3,0,4,4,4,4,37,1980,20,7,2013,7,23,30,0,13,6,LA CIENEGA BLVD,,0,34.05044722,-118.3761583,0,12,7,0,1,1,0,1,3,1,0,1,0,0000000,99,99,99,99,99,99,0,0,0,2,1
6,61131,1,1,0,0,0,1,1,71,681,23,7,2013,3,0,33,1,12,3,SR-71,,46,33.97154167,-117.693025,0,1,0,0,1,1,0,1,2,1,0,1,0,0000000,99,99,99,99,99,99,0,0,0,1,0
6,61132,1,1,0,0,0,1,1,89,0,25,7,2013,5,17,15,0,6,4,CR-PLATINA RD,,0,40.4306,-122.7151,0,42,0,0,1,1,0,4,1,1,0,1,0,0000000,99,99,99,99,88,88,0,0,0,1,1
6,61133,1,1,0,1,1,2,2,73,3260,25,7,2013,5,21,19,1,12,3,SR-94,,15,32.71368889,-117.147,0,8,0,0,1,1,0,1,2,1,0,1,0,0000000,99,99,99,99,99,99,0,0,0,1,0
6,61134,1,1,0,0,0,1,1,37,0,26,7,2013,6,11,39,0,2,3,SR-14,,714,34.73923889,-118.1709806,0,1,0,0,1,1,0,3,1,10,0,10,0,0000000,99,99,99,99,88,88,0,0,0,1,0
6,61135,2,2,0,0,0,2,2,73,0,25,7,2013,5,11,55,0,2,3,SR-78,,378,33.04800278,-116.8342583,0,1,0,0,1,1,0,1,1,1,0,1,0,0000000,99,99,99,99,99,99,0,0,0,1,0
6,61136,1,1,0,1,1,1,1,99,0,25,6,2013,3,5,7,0,3,4,CR-CROWS LANDING RD,,0,37.62118056,-120.9934889,0,8,0,0,1,1,0,1,2,10,0,10,0,0000000,99,99,99,99,99,99,0,0,0,1,0
6,61137,3,2,1,0,0,3,3,37,1980,25,7,2013,5,17,25,0,14,6,CORBIN AVE,,0,34.19706389,-118.5622306,0,12,6,0,1,1,0,1,1,1,0,1,0,0000000,99,99,99,99,99,99,0,0,0,1,0
6,61138,2,2,0,0,0,2,2,19,0,26,7,2013,6,14,47,0,4,4,CR-AMERICAN AVE,CR-FOWLER AVE,0,36.66352778,-119.6819,0,12,6,0,2,2,0,1,1,1,0,1,0,0000000,99,99,99,99,99,99,0,0,0,1,0
6,61139,2,2,0,0,0,2,2,59,2199,7,5,2013,3,23,40,0,13,6,SANTA MARGARITA PKWY,,0,33.65541944,-117.649875,0,12,2,0,1,1,0,1,3,1,0,1,0,0000000,99,99,99,99,99,99,0,0,0,1,1
6,61140,2,2,0,0,0,3,3,65,0,27,7,2013,7,0,35,0,4,4,CR-GILMAN SPRINGS RD,,0,33.8936,-117.0811111,0,12,6,0,1,1,0,1,2,1,0,1,0,0000000,99,99,99,99,99,99,0,0,0,1,1
6,61141,1,1,0,0,0,3,3,65,0,27,7,2013,7,2,0,1,2,3,SR-79,,357,33.86846944,-117.0040806,0,25,0,0,1,1,0,3,2,1,0,1,0,0000000,99,99,99,99,99,99,0,0,0,1,1
6,61142,1,1,0,0,0,1,1,77,0,23,7,2013,3,1,38,0,6,4,CR-VICTORY AVE,,0,37.80695,-120.9237389,0,30,0,0,1,1,0,4,2,10,0,10,0,0000000,99,99,99,99,88,88,0,0,0,1,1
6,61143,1,1,0,1,1,1,1,37,0,9,5,2013,5,8,45,0,6,4,CR-GEMINI ST,,0,34.0183,-117.919,0,9,0,0,1,1,0,1,1,1,0,1,0,0000000,99,99,99,99,99,99,16,0,0,1,0
6,61144,1,1,0,0,0,1,1,65,0,27,7,2013,7,13,0,0,4,4,CR-SAGE RD,,0,33.554325,-116.9092333,0,34,0,0,1,1,0,4,1,1,0,1,0,0000000,99,99,99,99,99,99,0,0,0,1,0
6,61145,2,2,0,0,0,2,2,29,0,27,7,2013,7,13,40,0,2,3,SR-178,,375,35.57913056,-118.5476611,0,12,7,0,1,1,0,1,1,10,0,10,0,0000000,99,99,99,99,99,99,0,0,0,1,0
6,61146,2,2,0,0,0,3,3,37,1980,23,7,2013,3,11,5,0,13,6,WOODMAN AVE,OXNARD ST,0,34.17938333,-118.4312278,0,12,6,0,2,2,0,1,1,1,0,1,0,0000000,99,98,99,98,88,88,0,0,0,1,0
6,61147,3,3,0,0,0,5,5,73,3260,27,7,2013,7,17,35,1,11,1,I-15,,190,32.96078889,-117.0975389,0,12,1,0,1,1,0,1,1,1,0,1,0,0000000,99,99,99,99,88,88,0,0,0,1,1
6,61148,1,1,0,0,0,1,1,37,1871,26,1,2013,7,23,55,1,11,1,I-405 RAMP,,181,33.89039722,-118.35975,0,33,0,1,5,1,0,4,3,10,0,10,0,0000000,99,99,99,99,88,88,0,0,0,1,1
6,61149,1,1,0,1,1,5,5,81,0,21,7,2013,1,2,44,1,12,1,I-280,,38,37.43743611,-122.245925,0,8,0,0,1,1,0,1,2,1,0,1,0,0000000,99,99,99,99,88,88,19,0,0,1,0
6,61150,3,3,0,0,0,8,8,65,0,27,7,2013,7,14,0,0,2,4,CR-VAN BUREN RD,,0,33.88211944,-117.3843111,0,12,6,0,1,1,0,1,1,1,0,1,0,0000000,99,99,99,99,99,99,0,0,0,1,0
6,61151,3,3,0,0,0,3,3,59,80,24,7,2013,4,10,9,1,12,3,SR-91,,119,33.85698056,-117.7848194,0,12,1,0,1,1,0,1,1,1,0,1,0,0000000,99,99,99,99,88,88,14,0,0,1,0
6,61152,1,1,0,0,0,2,2,11,0,27,7,2013,7,18,10,1,1,1,I-5,,314,39.34228056,-122.1946194,0,1,0,0,1,1,0,3,1,1,0,1,0,0000000,99,99,99,99,99,99,0,0,0,1,0
6,61153,1,1,0,0,0,1,1,25,0,28,7,2013,1,13,50,0,6,4,CR-ARNOLD RD,,0,32.75286111,-114.6463,0,1,0,0,1,1,0,5,1,1,0,1,0,0000000,99,99,99,99,99,99,4,0,0,1,1
6,61154,2,2,0,0,0,2,2,107,0,28,7,2013,1,14,38,0,2,4,CR-AVENUE 416,CR-ROAD 96,0,36.54576389,-119.3585722,0,12,6,0,2,2,0,1,1,1,0,1,0,0000000,99,99,99,99,99,99,0,0,0,1,0
6,61155,2,2,0,0,0,2,2,37,1980,28,7,2013,1,22,35,0,14,6,BOYLE AVE,8TH ST,0,34.02864167,-118.2206278,0,12,6,0,2,2,0,1,3,1,0,1,0,0000000,99,99,99,99,99,99,0,0,0,1,0
6,61156,3,3,0,1,1,4,4,19,1370,28,7,2013,1,22,47,1,12,3,SR-99 RAMP,,222,36.74464722,-119.82055,0,8,0,1,20,1,0,1,2,1,0,1,0,0000000,99,99,99,99,88,88,0,0,0,1,0
6,61157,1,1,0,1,1,2,2,71,0,25,7,2013,5,23,40,0,2,3,SR-138,,81,34.37803333,-117.5591972,0,9,0,0,1,1,0,1,2,1,0,1,0,0000000,99,99,99,99,88,88,0,0,0,1,1
6,61158,1,1,0,1,1,1,1,37,1980,24,7,2013,4,9,40,0,13,6,LOMITA BLVD,FRAMPTON AVE,0,33.79785,-118.2992389,0,8,0,0,2,3,0,1,1,1,0,1,0,0000000,99,99,99,99,99,99,0,0,0,1,0
6,61159,1,1,0,1,1,1,1,71,681,24,7,2013,4,10,30,0,13,6,GRAND AVE,AMBERWOOD LN,0,34.00289444,-117.7453694,0,33,0,0,3,2,0,3,1,1,0,1,0,0000000,99,99,99,99,99,99,0,0,0,1,0
6,61160,1,1,0,1,1,1,1,13,0,11,3,2013,2,0,18,0,2,3,SR-4,,457,37.88935,-121.6173,0,8,0,0,1,1,0,1,2,1,0,1,0,0000000,99,99,99,99,88,88,0,0,0,1,0
6,61161,1,1,0,1,1,1,1,99,640,8,4,2013,2,0,15,1,12,3,SR-99,,126,37.60223056,-120.9686306,0,9,0,0,1,1,0,1,2,10,0,10,0,0000000,99,99,99,99,88,88,0,0,0,1,0
6,61162,2,2,0,0,0,3,3,25,0,25,7,2013,5,22,5,1,2,3,SR-78,SR-115,187,32.974,-115.4077694,0,12,6,0,2,3,0,1,3,1,0,1,0,0000000,99,99,99,99,99,99,0,0,0,1,0
6,61163,4,4,0,0,0,9,9,11,4200,19,7,2013,6,16,17,1,1,1,I-5,,164,39.13385833,-122.1358944,0,54,11,0,1,1,0,1,1,1,0,1,0,0000000,99,99,99,99,99,99,14,0,0,2,0
6,61164,2,2,0,0,0,3,3,59,1713,24,7,2013,4,10,53,0,13,6,IRVINE BLVD,ALTON PKWY,0,33.66353056,-117.706525,0,12,6,1,2,2,4,1,1,1,0,1,0,0000000,99,99,99,99,88,88,0,0,0,1,0
6,61165,1,1,0,1,1,2,2,73,3260,29,7,2013,2,17,43,0,14,6,GARNET AVE,LAMONT ST,0,32.80099167,-117.2353194,0,15,0,0,2,2,0,1,1,1,0,1,0,0000000,99,99,99,99,99,99,16,0,0,1,0
6,61166,1,1,0,1,1,1,1,71,3210,19,3,2013,3,11,57,1,11,1,I-215,,161,34.21096111,-117.3874694,0,8,0,0,1,1,0,1,1,1,0,1,0,0000000,99,99,99,99,99,99,0,0,0,1,0
6,61167,1,1,0,0,0,2,2,47,0,1,8,2013,5,15,26,1,2,3,SR-99 RAMP,,358,37.44870278,-120.7987,0,33,0,1,5,1,0,5,1,1,0,1,0,0000000,99,99,99,99,99,99,0,0,0,1,1
6,61168,1,1,0,0,0,2,2,73,3260,2,8,2013,6,22,52,1,12,3,SR-94,,28,32.71658889,-117.1210472,0,42,0,0,1,1,0,4,3,1,0,1,0,0000000,99,99,99,99,99,99,0,0,0,1,1
6,61169,2,2,0,0,0,2,2,77,0,1,8,2013,5,7,25,0,3,4,CR-CHRISMAN RD,,0,37.71996111,-121.3980806,0,12,6,0,4,1,0,1,1,1,0,1,0,0000000,99,99,99,99,88,88,0,0,0,1,0
6,61170,1,1,0,0,0,6,6,83,0,3,8,2013,7,18,58,0,6,4,CR-BALLARD CANYON RD,,0,34.63084167,-120.1437,0,34,0,0,1,1,0,5,1,1,0,1,0,0000000,99,99,99,99,99,99,0,0,0,1,0
6,61171,1,1,0,0,0,1,1,39,0,3,8,2013,7,20,31,0,6,4,CR-ROAD 29,,0,37.15146944,-120.0074889,0,17,0,0,1,1,0,5,2,1,0,1,0,0000000,88,88,88,88,88,88,0,0,0,1,1
6,61172,2,2,0,0,0,2,2,103,0,1,8,2013,5,13,15,0,4,4,CR-ROAD 99W,GYLE RD,0,40.00556944,-122.17195,0,1,0,0,2,2,0,1,1,1,0,1,0,0000000,99,99,99,99,88,88,14,0,0,1,0
6,61173,3,3,0,0,0,3,3,77,0,3,8,2013,7,22,4,0,4,4,CR-JACK TONE RD,,0,37.85351111,-121.1454806,0,12,1,0,1,1,0,1,2,1,0,1,0,0000000,99,99,99,99,99,99,19,0,0,1,0
6,61174,2,2,0,0,0,4,4,29,0,3,8,2013,7,17,25,1,2,3,SR-46,ROWLEE RD,430,35.60111944,-119.473475,0,12,6,0,2,2,0,1,1,1,0,1,0,0000000,99,99,99,99,99,99,0,0,0,1,0
6,61175,2,2,0,0,0,2,2,35,0,29,7,2013,2,11,35,1,2,3,SR-36,,161,40.38303889,-120.7987,0,12,2,0,1,1,0,1,1,1,0,1,0,0000000,99,99,99,99,99,99,0,0,0,1,0
6,61176,1,1,0,1,1,1,1,71,4291,4,4,2013,5,18,25,1,13,3,SR-62,BANNOCK TRL,107,34.12022778,-116.4429361,0,9,0,0,3,3,0,1,5,1,0,1,0,0000000,99,99,99,99,88,88,0,0,0,1,0
6,61177,1,1,0,0,0,1,1,45,0,5,8,2013,2,15,5,1,2,2,US-101,,611,39.31748889,-123.3013722,0,42,0,0,1,1,0,4,1,1,0,1,0,0000000,99,99,99,99,88,88,0,0,0,1,0
6,61178,1,1,0,0,0,2,2,85,3340,5,8,2013,2,22,40,1,11,1,I-880 RAMP,,13,37.33454167,-121.9356056,0,25,0,1,5,1,0,4,3,1,0,1,0,0000000,99,99,99,99,99,99,0,0,0,1,1
6,61179,2,2,0,0,0,3,3,37,2645,4,8,2013,1,16,55,0,15,6,BOLZ RANCH RD,CRICKET LN,0,34.618925,-118.2031,0,12,6,0,2,3,0,1,1,1,0,1,0,0000000,99,99,99,99,99,99,0,0,0,1,0
6,61180,1,1,0,0,0,1,1,111,3641,2,8,2013,6,8,57,0,16,6,5TH ST,,0,34.26966944,-118.7835694,0,38,0,0,1,1,0,4,1,1,0,1,0,0000000,99,99,99,99,99,99,0,0,0,1,0
6,61181,1,1,0,0,0,1,1,65,0,2,8,2013,6,11,40,0,6,4,CR-SOBOBA INDIAN RESERVATION,,0,33.78745,-116.8867806,3,42,0,0,1,1,0,4,1,1,0,1,0,0000000,99,99,99,99,99,99,0,0,0,1,0
6,61182,1,1,0,1,1,1,1,99,3950,15,5,2013,4,1,17,1,12,3,SR-99,,23,37.4781,-120.8591194,0,8,0,0,1,1,0,1,3,1,0,1,0,0000000,99,99,99,99,88,88,0,0,0,1,0
6,61183,3,1,2,0,0,1,1,55,0,4,8,2013,1,4,47,1,2,3,SR-29,,40,38.21226944,-122.2567889,0,38,0,0,1,1,0,5,2,1,0,1,0,0000000,99,99,99,99,88,88,14,0,0,1,1
6,61184,1,1,0,1,1,1,1,37,1980,5,8,2013,2,20,50,0,13,6,FLORENCE AVE,HOOVER AVE,0,33.91365,-118.162625,0,8,0,0,2,2,0,1,3,1,0,1,0,0000000,99,99,99,99,99,99,0,0,0,1,0
6,61185,3,2,1,0,0,2,2,95,4010,30,5,2013,5,11,45,1,11,1,I-80,,230,38.324025,-122.0246389,0,45,0,0,1,1,3,2,1,1,0,1,0,0000000,99,99,99,99,88,88,0,0,0,1,0
6,61186,1,1,0,0,0,2,2,37,2260,6,8,2013,3,8,51,0,13,6,S ATLANTIC BLVD,,0,34.042725,-118.1413889,0,33,0,0,1,1,0,3,1,1,0,1,0,0000000,99,99,99,99,88,88,0,0,0,2,0
6,61187,1,1,0,0,0,1,1,47,2150,3,6,2013,2,12,51,0,13,6,W 16TH ST,,0,37.30503333,-120.4962917,0,39,0,0,1,1,0,4,1,1,0,1,0,0000000,99,99,99,99,99,99,0,0,0,1,0
6,61188,1,1,0,0,0,1,1,111,3860,6,8,2013,3,21,58,0,14,6,WESTLAKE BLVD,,0,34.20993611,-118.8248083,0,33,0,0,1,1,0,3,3,1,0,1,0,0000000,99,99,99,99,88,88,0,0,0,1,0
6,61189,2,2,0,0,0,4,4,19,0,2,8,2013,6,15,53,0,4,4,CR-AUBERRY RD,PRIVATE ACCESS RD,0,36.91748056,-119.7147611,0,12,6,0,2,2,0,1,1,1,0,1,0,0000000,99,99,99,99,99,99,0,0,0,1,0
6,61190,1,1,0,1,1,2,2,29,4080,7,8,2013,4,20,48,0,12,3,SR-43,,239,35.81931667,-119.3651944,0,8,0,0,1,1,0,1,3,1,0,1,0,0000000,99,99,99,99,88,88,0,0,0,1,0
6,61191,3,3,0,0,0,7,7,99,0,12,6,2013,4,5,0,0,2,3,SR-33,ZACHARIAS RD,149,37.49328889,-121.143425,0,12,6,0,2,3,0,1,2,1,0,1,0,0000000,99,99,99,99,99,99,0,0,0,1,0
6,61192,1,1,0,0,0,1,1,17,0,13,6,2013,5,15,5,0,5,4,CR-SAND RIDGE RD,,0,38.59931944,-120.7923278,0,35,0,0,1,1,0,4,1,1,0,1,0,0000000,88,88,88,88,88,88,0,0,0,1,0
6,61193,1,1,0,1,1,4,4,73,3260,8,8,2013,5,14,55,0,14,6,NATIONAL AVE,,0,32.69595833,-117.1265472,0,8,0,0,1,1,0,1,1,1,0,1,0,0000000,99,99,99,99,99,99,0,0,0,1,0
6,61194,2,2,0,0,0,2,2,47,0,8,8,2013,5,14,40,0,5,4,CR-COTTONWOOD RD,CR-WHITWORTH RD,0,37.18777778,-121.0308444,0,12,6,0,2,2,0,1,1,1,0,1,0,0000000,99,99,99,99,99,99,0,0,0,1,0
6,61195,2,1,1,1,1,1,1,111,4027,3,7,2013,4,10,59,0,16,6,HALIFAX CT,,0,34.27051667,-119.1664333,0,33,0,0,1,1,0,4,1,1,0,1,0,0000000,99,99,99,99,88,88,0,0,0,1,0
6,61196,2,2,0,0,0,2,2,59,880,4,8,2013,1,15,53,0,13,6,ADAMS AVE,,0,33.67331389,-117.9212333,0,12,6,0,8,1,0,1,1,1,0,1,0,0000000,99,99,99,99,88,88,0,0,0,1,0
6,61197,1,1,0,0,0,1,1,65,3320,6,8,2013,3,1,30,0,13,6,SANDERSON AVE,,0,33.81323333,-117.0067361,0,32,0,0,1,1,0,4,2,1,0,1,0,0000000,88,88,88,88,88,88,0,0,0,1,0
6,61198,2,2,0,0,0,2,2,37,2870,10,8,2013,7,17,7,0,13,6,MISSION BLVD,,0,34.05470556,-117.7663306,0,12,6,0,8,1,0,1,1,1,0,1,0,0000000,99,99,99,99,99,99,0,0,0,1,0
6,61199,2,2,0,0,0,2,2,29,0,5,8,2013,2,9,20,0,4,4,CR-COPUS RD,,0,35.09516111,-119.0221111,0,12,6,0,8,1,0,1,1,10,0,10,0,0000000,99,99,99,99,88,88,14,0,0,1,0
6,61200,1,1,0,0,0,1,1,23,130,29,7,2013,2,11,36,1,12,2,US-101,,880,40.89376111,-124.0817111,0,59,0,0,1,1,0,4,1,10,0,10,0,0000000,99,99,99,99,88,88,0,0,0,1,0