STATE,ST_CASE,VE_TOTAL,VE_FORMS,PVH_INVL,PEDS,PERNOTMVIT,PERMVIT,PERSONS,COUNTY,CITY,DAY,MONTH,YEAR,DAY_WEEK,HOUR,MINUTE,NHS,ROAD_FNC,ROUTE,TWAY_ID,TWAY_ID2,MILEPT,LATITUDE,LONGITUD,SP_JUR,HARM_EV,MAN_COLL,RELJCT1,RELJCT2,TYP_INT,WRK_ZONE,REL_ROAD,LGT_COND,WEATHER1,WEATHER2,WEATHER,SCH_BUS,RAIL,NOT_HOUR,NOT_MIN,ARR_HOUR,ARR_MIN,HOSP_HR,HOSP_MN,CF1,CF2,CF3,FATALS,DRUNK_DR
6,61201,1,1,0,2,2,1,1,59,3250,4,7,2013,5,20,33,0,13,6,N EL CAMINO REAL,,0,33.44048889,-117.6434667,0,8,0,0,1,1,0,1,3,1,0,1,0,0000000,99,99,99,99,99,99,0,0,0,1,1
6,61202,1,1,0,0,0,1,1,53,0,10,8,2013,7,17,10,1,2,2,US-101,,224,36.01809722,-120.9260861,0,34,0,0,1,1,0,3,1,1,0,1,0,0000000,88,88,88,88,88,88,0,0,0,1,0
6,61203,1,1,0,0,0,2,2,33,0,10,8,2013,7,15,35,0,6,4,CR-SADDLE RD,CR-SPUR RD,0,38.90078889,-122.7529611,0,30,0,0,1,1,0,4,1,1,0,1,0,0000000,99,99,99,99,99,99,4,0,0,1,0
6,61204,1,1,0,0,0,1,1,55,0,10,8,2013,7,18,55,0,4,4,CR-SILVERADO TRAIL,,0,38.45708056,-122.3640583,0,39,0,0,1,1,0,5,1,1,0,1,0,0000000,99,99,99,99,99,99,0,0,0,1,0
6,61205,3,3,0,0,0,3,3,77,0,8,8,2013,5,17,30,0,4,4,CR-PELTIER RD,CR-RAY RD,0,38.18934444,-121.3722361,0,12,6,0,2,2,0,1,1,1,0,1,0,0000000,99,99,99,99,99,99,0,0,0,1,1
6,61206,1,1,0,1,1,1,1,37,1840,8,8,2013,5,20,17,0,13,6,AVENUE I,,0,34.70442778,-118.0750556,0,8,0,0,1,1,0,1,3,1,0,1,0,0000000,99,99,99,99,99,99,0,0,0,1,0
6,61207,1,1,0,1,1,1,1,37,4190,8,8,2013,5,20,45,0,13,6,WASHINGTON BLVD,SEASONS AVE,0,33.96724167,-118.0504472,0,8,0,0,3,3,0,1,3,1,0,1,0,0000000,99,99,99,99,88,88,0,0,0,1,0
6,61208,1,1,0,1,1,1,1,85,2182,10,8,2013,7,99,99,0,13,6,MONTAGUE EXPWY,GREAT MALL PKWY,0,37.41036389,-121.894025,0,9,0,0,2,2,0,1,3,10,0,10,0,0000000,99,99,99,99,99,99,0,0,0,1,0
6,61209,1,1,0,1,1,1,1,67,3150,8,8,2013,5,21,31,0,13,6,STOCKTON BLVD,BROADWAY,0,38.54673056,-121.4538028,0,8,0,0,2,2,0,1,2,1,0,1,0,0000000,99,99,99,99,99,99,0,0,0,1,0
6,61210,1,1,0,0,0,1,1,67,3150,11,8,2013,1,2,40,1,11,1,I-80,,83,38.63798889,-121.4160194,0,42,0,0,1,1,0,5,2,1,0,1,0,0000000,99,99,99,99,99,99,0,0,0,1,1
6,61211,1,1,0,0,0,1,1,37,0,5,7,2013,6,8,45,0,4,4,CR-ANGELES FOREST HWY,,0,34.31218889,-118.1367889,0,1,0,0,1,1,0,4,1,1,0,1,0,0000000,99,99,99,99,99,99,0,0,0,1,0
6,61212,1,1,0,0,0,2,2,95,0,13,7,2013,7,4,50,0,4,4,CR-PLEASANTS VALLEY RD,,0,38.36291111,-122.0231111,0,38,0,0,1,1,0,4,2,1,0,1,0,0000000,99,99,99,99,99,99,0,0,0,1,1
6,61213,1,1,0,3,3,2,2,37,1980,11,8,2013,1,7,15,0,13,6,SLAUSON AVE,CENTRAL AVE,0,33.98941389,-118.256225,0,33,0,0,3,2,0,5,1,1,0,1,0,0000000,99,99,99,99,99,99,15,0,0,1,0
6,61214,1,1,0,0,0,2,2,73,3260,20,6,2013,5,19,37,1,12,3,SR-94,,20,32.71341389,-117.1378361,0,42,0,0,1,1,0,5,1,1,0,1,0,0000000,99,99,99,99,99,99,0,0,0,1,0
6,61215,1,1,0,1,1,1,1,31,0,11,8,2013,1,4,46,0,3,4,CR-10TH AVE,,0,36.30434722,-119.6369194,0,8,0,0,1,1,0,1,3,1,0,1,0,0000000,99,99,99,99,88,88,0,0,0,1,0
6,61216,2,2,0,0,0,7,7,19,0,3,8,2013,7,4,5,1,2,3,SR-180,,514,36.7351,-119.9030722,0,12,2,0,1,1,0,1,2,1,0,1,0,0000000,99,99,99,99,99,99,0,0,0,2,1
6,61217,2,2,0,0,0,4,4,77,0,29,7,2013,2,16,24,0,4,4,CR-MARIPOSA RD,,0,37.84163056,-121.0117806,0,12,2,0,1,1,0,1,1,1,0,1,0,0000000,99,99,99,99,99,99,0,0,0,1,0
6,61218,1,1,0,0,0,1,1,73,0,11,8,2013,1,12,55,0,2,3,SR-94,,399,32.60315,-116.6338194,0,1,0,0,1,1,0,4,1,1,0,1,0,0000000,99,99,99,99,99,99,0,0,0,1,0
6,61219,1,1,0,1,1,1,1,37,1840,25,4,2013,5,22,10,0,13,6,AVENUE I,33RD ST,0,34.70447778,-118.0708667,0,8,0,0,3,3,0,1,2,1,0,1,0,0000000,99,99,99,99,99,99,0,0,0,1,1
6,61220,1,1,0,0,0,2,2,85,0,11,8,2013,1,22,45,1,1,1,I-280,,203,37.40813889,-122.1914,0,42,0,0,1,1,0,4,2,1,0,1,0,0000000,99,99,99,99,99,99,0,0,0,1,0
6,61221,2,2,0,0,0,2,2,57,0,11,8,2013,1,13,35,0,5,4,CR-AUBURN RD,,0,39.18936944,-121.0809694,0,12,2,0,1,1,0,1,1,1,0,1,0,0000000,99,99,99,99,99,99,0,0,0,1,0
6,61222,1,1,0,1,1,1,1,113,4258,5,8,2013,2,1,13,0,14,6,MAIN ST,WALNUT ST,0,38.6775,-121.7780861,0,8,0,0,3,2,0,4,3,1,0,1,0,0000000,99,99,99,99,88,88,0,0,0,1,1
6,61223,1,1,0,1,1,1,1,29,0,15,8,2013,5,21,47,0,3,4,CR-COTTONWOOD RD,CR-CHEATHAM AVE,0,35.342525,-118.9854389,0,8,0,0,2,2,0,1,3,1,0,1,0,0000000,99,99,99,99,88,88,0,0,0,1,0
6,61224,2,2,0,0,0,2,2,59,4130,8,8,2013,5,22,26,0,13,3,SR-39,MCFADDEN AVE,61,33.73753611,-117.9892889,0,12,6,0,2,2,0,1,3,1,0,1,0,0000000,99,99,99,99,99,99,0,0,0,1,0
6,61225,1,1,0,1,1,1,1,73,3260,9,8,2013,6,4,30,0,15,6,FLORIDA DR,,0,32.72613611,-117.1426417,0,8,0,0,1,1,0,1,2,10,0,10,0,0000000,99,99,99,99,88,88,0,0,0,1,0
6,61226,1,1,0,1,1,1,1,37,1980,5,8,2013,2,21,5,0,13,6,WINNETKA AVE,PLUMMER ST,0,34.24275556,-118.5711972,0,9,0,0,3,2,0,1,3,1,0,1,0,0000000,99,99,99,99,99,99,0,0,0,1,0
6,61227,2,2,0,0,0,2,2,111,3860,3,6,2013,2,10,51,0,13,6,LYNN RD,KELLEY RD,0,34.17305833,-118.93215,0,12,6,0,2,2,0,1,1,1,0,1,0,0000000,99,99,99,99,99,99,0,0,0,1,0
6,61228,2,2,0,0,0,5,5,59,1345,9,8,2013,6,10,58,0,14,6,BUSHARD ST,ELLIS ST,0,33.69407222,-117.9628583,0,12,2,0,2,2,0,1,1,1,0,1,0,0000000,99,99,99,99,99,99,0,0,0,1,0
6,61229,2,2,0,0,0,6,6,73,3260,30,7,2013,3,14,26,1,11,1,I-805,,185,32.78161944,-117.1391806,0,12,1,0,1,1,0,1,1,1,0,1,0,0000000,99,99,99,99,99,99,23,0,0,1,0
6,61230,2,2,0,0,0,2,2,47,0,23,6,2013,1,2,5,0,3,4,CR-SANTA FE DR,CR-BELCHER AVE,0,37.33863889,-120.5377111,0,12,2,0,2,3,0,1,2,1,0,1,0,0000000,99,99,99,99,88,88,0,0,0,2,1
6,61231,2,2,0,0,0,2,2,99,2200,6,8,2013,3,19,58,0,14,6,STANDIFORD AVE,SHERWOOD AVE,0,37.68911667,-120.9974389,0,12,6,0,2,3,0,1,1,1,0,1,0,0000000,99,99,99,99,99,99,0,0,0,1,1
6,61232,1,1,0,0,0,1,1,37,1980,12,8,2013,2,6,55,0,13,6,LAUREL CANYON BLVD,,0,34.1043,-118.3661139,0,33,0,0,1,1,0,4,1,1,0,1,0,0000000,99,99,99,99,88,88,0,0,0,1,0
6,61233,2,2,0,0,0,2,2,23,1340,9,8,2013,6,16,17,0,14,6,ROHNERVILLE RD,SCHOOL ST,0,40.570175,-124.1267417,0,12,6,0,2,2,0,1,1,1,0,1,0,0000000,99,99,99,99,99,99,0,0,0,1,0
6,61234,1,1,0,1,1,1,1,1,340,15,7,2013,2,5,10,0,13,6,UNIVERSITY AVE,,0,37.8677,-122.2991056,0,8,0,0,1,1,0,1,3,10,0,10,0,0000000,99,99,99,99,88,88,0,0,0,1,0
6,61235,1,1,0,0,0,3,3,23,0,14,8,2013,4,0,5,0,2,3,SR-36,,312,40.47163889,-123.70565,0,1,0,0,1,1,0,4,2,1,0,1,0,0000000,99,99,99,99,99,99,0,0,0,1,0
6,61236,1,1,0,1,1,1,1,61,0,9,8,2013,6,1,30,0,12,3,SR-49,,0,39.00981111,-121.1050694,0,8,0,0,1,1,0,1,2,1,0,1,0,0000000,99,99,99,99,88,88,0,0,0,1,1
6,61237,1,1,0,1,1,1,1,29,0,9,8,2013,6,20,25,0,2,4,CR-OSWELL ST,,0,35.3743,-118.9496556,0,8,0,0,1,1,0,1,3,1,0,1,0,0000000,99,99,99,99,88,88,0,0,0,1,1
6,61238,1,1,0,1,1,5,5,87,0,24,7,2013,4,5,52,0,12,3,SR-129,,23,36.92063889,-121.7154611,0,8,0,0,1,1,0,1,4,5,0,5,0,0000000,99,99,99,99,88,88,19,0,0,1,0
6,61239,2,2,0,1,1,2,2,37,810,9,8,2013,6,20,40,0,13,6,ROSECRANS AVE,BRADFIELD AVE,0,33.90354167,-118.2050806,0,8,0,0,2,3,0,1,3,1,0,1,0,0000000,99,99,99,99,99,99,0,0,0,1,0
6,61240,1,1,0,1,1,2,2,67,0,9,8,2013,6,21,55,1,12,3,SR-99,,206,38.50587778,-121.4563222,0,8,0,1,18,1,0,1,2,1,0,1,0,0000000,99,99,99,99,88,88,0,0,0,1,0
6,61241,1,1,0,0,0,1,1,85,3520,29,7,2013,2,23,44,0,12,3,SR-85,,142,37.28083056,-122.0127806,0,33,0,0,1,1,0,4,2,1,0,1,0,0000000,99,99,99,99,88,88,0,0,0,1,0
6,61242,1,1,0,0,0,2,2,65,0,17,8,2013,7,22,45,1,1,1,I-10,,1105,33.70111111,-115.3067306,0,24,0,0,1,1,0,4,2,1,0,1,0,0000000,99,99,99,99,99,99,0,0,0,1,0
6,61243,1,1,0,1,1,1,1,73,3260,9,8,2013,6,20,43,1,12,1,I-5,,146,32.70718056,-117.1478,0,8,0,1,18,1,0,1,3,1,0,1,0,0000000,99,99,99,99,88,88,0,0,0,1,0
6,61244,1,1,0,1,1,1,1,37,1980,12,8,2013,2,1,0,0,13,6,MARTIN LUTHER KING JR BLVD,,0,34.01998056,-118.3495278,0,8,0,0,1,1,0,1,2,1,0,1,0,0000000,99,99,99,99,88,88,0,0,0,1,0
6,61245,2,2,0,0,0,3,3,81,0,31,7,2013,4,10,35,1,11,1,I-280,,117,37.52583889,-122.3580917,0,12,1,0,1,1,0,1,1,1,0,1,0,0000000,99,99,99,99,99,99,0,0,0,1,0
6,61246,2,2,0,0,0,2,2,77,0,6,8,2013,3,14,13,1,2,3,SR-99 RAMP,,67,37.78475,-121.1858111,0,1,0,1,5,1,0,2,1,1,0,1,0,0000000,99,99,99,99,88,88,0,0,0,1,0
6,61247,6,6,0,0,0,9,9,37,1980,17,8,2013,7,8,20,0,14,6,VENICE BLVD,INGLEWOOD BLVD,0,34.00648056,-118.4285833,0,12,7,0,3,2,0,1,1,1,0,1,0,0000000,99,99,99,99,99,99,0,0,0,1,0
6,61248,1,1,0,0,0,5,5,71,0,4,8,2013,1,9,20,1,1,1,I-15,,1078,35.03653889,-116.4645194,0,1,0,0,1,1,0,2,1,1,0,1,0,0000000,99,99,99,99,99,99,0,0,0,1,0
6,61249,2,2,0,0,0,2,2,65,0,10,8,2013,7,8,43,0,4,4,CR-INDIAN CANYON DR,,0,33.95476111,-116.5451694,0,12,6,0,1,1,0,1,1,1,0,1,0,0000000,99,99,99,99,99,99,0,0,0,1,1
6,61250,2,2,0,0,0,3,3,71,0,10,8,2013,7,0,40,0,3,4,CR-NEEDLES HIGHWAY,,0,34.99196111,-114.6639111,0,12,2,0,1,1,0,1,2,1,0,1,0,0000000,99,99,99,99,99,99,0,0,0,1,1
6,61251,1,1,0,0,0,1,1,45,0,21,8,2013,4,15,50,0,2,3,SR-1,,1004,39.83693611,-123.7723472,0,42,0,0,1,1,0,2,1,1,0,1,0,0000000,99,99,99,99,88,88,0,0,0,1,0
6,61252,2,2,0,0,0,3,3,59,1410,10,8,2013,7,0,53,0,13,6,CHAPMAN AVE,,0,33.78840833,-118.0205278,0,12,1,0,1,1,0,1,3,1,0,1,0,0000000,99,99,99,99,99,99,0,0,0,1,1
6,61253,1,1,0,0,0,1,1,73,0,22,8,2013,5,21,30,0,3,4,CR-SAN VICENTE RD,,0,32.99831111,-116.8574306,0,17,0,0,1,1,0,4,2,1,0,1,0,0000000,99,99,99,99,88,88,0,0,0,1,0
6,61254,1,1,0,0,0,1,1,29,240,29,7,2013,2,2,38,0,13,6,GOSFORD RD,,0,35.34725,-119.0921639,0,33,0,0,1,1,0,3,3,1,0,1,0,0000000,99,99,99,99,88,88,0,0,0,1,1
6,61255,6,6,0,0,0,9,9,77,2070,12,8,2013,2,15,16,1,12,3,SR-120,,55,37.78317222,-121.2125917,0,12,1,1,18,1,0,1,1,1,0,1,0,0000000,99,99,99,99,99,99,0,0,0,1,0
6,61256,1,1,0,0,0,1,1,65,3320,22,8,2013,5,22,12,0,14,6,SANDERSON AVE,,0,33.80466111,-117.0069417,0,30,0,0,1,1,0,4,2,1,0,1,0,0000000,99,99,99,99,88,88,0,0,0,1,0
6,61257,1,1,0,0,0,1,1,37,1980,10,8,2013,7,2,45,1,12,3,SR-118,,104,34.26608889,-118.4633194,0,52,0,0,1,1,0,8,3,10,0,10,0,0000000,99,99,99,99,88,88,0,0,0,1,1
6,61258,1,1,0,0,0,2,2,83,3430,17,8,2013,7,21,30,0,15,6,MIRAMONTE DR,,0,34.41085,-119.7174972,0,33,0,0,1,1,0,4,3,1,0,1,0,0000000,99,99,99,99,99,99,0,0,0,1,1
6,61259,2,2,0,0,0,3,3,47,0,4,8,2013,1,14,0,1,2,3,SR-152,,3,37.07161111,-121.2111,0,12,6,0,1,1,0,1,1,1,0,1,0,0000000,99,99,99,99,99,99,0,0,0,1,0
6,61260,2,2,0,0,0,3,3,59,3420,23,8,2013,6,10,43,0,14,6,CABRILLO PARK DR,FRUIT ST,0,33.75277778,-117.8406583,0,12,6,0,2,2,0,1,1,1,0,1,0,0000000,99,99,99,99,99,99,0,0,0,2,1
6,61261,2,2,0,0,0,4,4,71,0,23,8,2013,6,15,12,1,2,2,US-395,,336,34.81188056,-117.4915389,0,12,8,0,1,1,0,1,1,1,0,1,0,0000000,99,99,99,99,99,99,0,0,0,2,0
6,61262,1,1,0,1,1,1,1,55,0,6,8,2013,3,13,40,0,4,4,CR-SILVERADO TRAIL,,0,38.57635,-122.5361389,0,9,0,0,1,1,0,1,1,1,0,1,0,0000000,99,99,99,99,99,99,0,0,0,1,0
6,61263,3,1,2,1,1,1,1,37,810,18,8,2013,1,15,20,0,13,6,ATLANTIC AVE,,0,33.88716111,-118.1925,0,9,0,0,1,1,0,1,1,1,0,1,0,0000000,99,99,99,99,99,99,14,0,0,1,0
6,61264,1,1,0,1,1,1,1,37,1980,14,8,2013,4,10,45,0,14,6,WEBB AVE,,0,34.21803056,-118.3898528,0,8,0,0,1,1,0,1,1,1,0,1,0,0000000,99,99,99,99,88,88,0,0,0,1,0
6,61265,2,2,0,0,0,2,2,9,0,19,8,2013,2,19,55,0,6,4,CR-LIME CREEK RD,,0,38.2014,-120.693,0,12,2,0,1,1,0,1,1,1,0,1,0,0000000,99,99,99,99,99,99,0,0,0,1,2
6,61266,3,3,0,0,0,4,4,103,0,24,7,2013,4,13,18,1,2,3,SR-99,SHERMAN ST,112,40.01203333,-122.0954556,0,12,1,0,2,3,0,1,1,1,0,1,0,0000000,99,99,99,99,99,99,0,0,0,1,0
6,61267,5,5,0,0,0,14,14,45,0,21,7,2013,1,11,10,1,2,3,SR-20,,378,39.24515,-123.1308389,0,12,1,0,8,1,0,1,1,1,0,1,0,0000000,99,99,99,99,99,99,0,0,0,1,1
6,61268,1,1,0,1,1,1,1,73,3260,14,8,2013,4,6,47,0,16,6,SUNNY MEADOW ST,,0,32.91620556,-117.1626,0,8,0,0,1,1,0,1,1,1,0,1,0,0000000,99,99,99,99,88,88,0,0,0,1,1
6,61269,3,3,0,0,0,4,4,19,0,20,8,2013,3,5,50,0,6,4,CR-FLORAL AVE,ELM AVE,0,36.57626944,-119.791,0,12,6,0,2,2,0,1,4,1,0,1,0,0000000,99,99,99,99,99,99,0,0,0,1,0
6,61270,3,3,0,0,0,5,5,39,0,19,8,2013,2,20,28,1,3,3,SR-41,,366,37.34291944,-119.6422806,0,12,8,0,1,1,0,1,2,10,0,10,0,0000000,99,99,99,99,88,88,0,0,0,1,0
6,61271,1,1,0,1,1,1,1,59,3420,14,8,2013,4,20,13,0,13,6,W MACARTHUR BLVD,S TOWNER ST,0,33.70004444,-117.8799278,0,8,0,0,3,3,0,1,3,1,0,1,0,0000000,99,99,99,99,99,99,0,0,0,1,0
6,61272,7,7,0,0,0,7,7,59,2400,22,8,2013,5,17,20,0,14,6,CAMPUS DR,BRISTOL ST,0,33.661925,-117.8754472,0,12,6,0,2,2,0,1,1,1,0,1,0,0000000,99,99,99,99,99,99,0,0,0,1,0
6,61273,2,2,0,0,0,4,4,89,90,25,8,2013,1,18,45,0,12,3,SR-273,OX YOKE RD,69,40.46460556,-122.3219833,0,12,6,0,2,3,0,1,1,1,0,1,0,0000000,99,99,99,99,99,99,0,0,0,1,0
6,61274,2,2,0,0,0,6,6,37,1980,24,8,2013,7,1,45,0,14,6,GAGE AVE,CENTRAL AVE,0,33.98206667,-118.2564972,0,12,1,0,3,2,0,1,3,1,0,1,0,0000000,99,99,99,99,99,99,0,0,0,2,0
6,61275,1,1,0,0,0,2,2,19,0,25,8,2013,1,19,20,1,1,1,I-5,,599,36.77206111,-120.7197889,0,34,0,0,1,1,0,5,1,1,0,1,0,0000000,99,99,99,99,99,99,0,0,0,1,0
6,61276,1,1,0,1,1,1,1,29,0,17,8,2013,7,14,46,0,2,4,CR-S UNION AVE,,0,35.26826944,-119.00295,0,15,0,0,1,1,0,1,1,1,0,1,0,0000000,99,99,99,99,99,99,0,0,0,1,0
6,61277,1,1,0,0,0,2,2,37,0,16,8,2013,6,0,15,0,5,4,CR-GLENDORA RIDGE RD,,0,34.22638056,-117.7345111,0,1,0,0,1,1,0,5,2,1,0,1,0,0000000,99,99,99,99,99,99,4,0,0,1,0
6,61278,2,2,0,0,0,3,3,29,0,16,8,2013,6,12,33,0,3,4,CR-SANTA FE WAY,CR-HAGEMAN RD,0,35.39880833,-119.1477722,0,12,6,0,2,2,0,1,1,1,0,1,0,0000000,99,99,99,99,99,99,0,0,0,1,0
6,61279,1,1,0,0,0,1,1,19,0,17,8,2013,7,12,56,0,2,3,SR-63,,76,36.446125,-119.2955778,0,38,0,0,1,1,0,4,1,1,0,1,0,0000000,99,99,99,99,99,99,0,0,0,1,0
6,61280,1,1,0,1,1,1,1,37,1980,17,8,2013,7,23,40,0,13,6,VENTURA BLVD,,0,34.14412778,-118.4085056,0,8,0,0,1,1,0,1,3,1,0,1,0,0000000,99,99,99,99,88,88,0,0,0,1,0
6,61281,1,1,0,1,1,1,1,65,0,23,8,2013,6,20,30,0,4,4,CR-MENIFEE RD,,0,33.77951667,-117.1563472,0,9,0,0,1,1,0,1,2,1,0,1,0,0000000,99,99,99,99,88,88,0,0,0,1,0
6,61282,1,1,0,1,1,1,1,87,4100,12,8,2013,2,10,1,0,13,6,BEACH ST,,0,36.89652778,-121.7793139,0,9,0,0,1,1,0,1,1,10,0,10,0,0000000,99,99,99,99,99,99,0,0,0,1,0
6,61283,2,2,0,0,0,3,3,21,0,16,8,2013,6,18,25,0,4,4,CR-6TH AVE,CR-WYO AVE,0,39.76856667,-122.1099444,0,12,6,0,2,2,0,1,1,1,0,1,0,0000000,99,99,99,99,99,99,0,0,0,2,0
6,61284,2,2,0,0,0,3,3,37,4126,15,8,2013,5,22,15,1,12,2,US-101,,374,34.1479,-118.8008,0,12,1,0,1,1,0,1,3,1,0,1,0,0000000,99,99,99,99,99,99,19,0,0,1,0
6,61285,4,1,3,1,1,1,1,37,1980,24,8,2013,7,18,25,0,16,6,CARTWRIGHT AVE,,0,34.185375,-118.3638417,0,8,0,0,1,1,0,2,1,1,0,1,0,0000000,99,99,99,99,99,99,0,0,0,1,1
6,61286,1,1,0,1,1,1,1,113,4163,23,8,2013,6,20,38,0,14,6,JEFFERSON BL,,0,38.53178889,-121.5568111,0,9,0,0,1,1,0,1,2,1,0,1,0,0000000,99,99,99,99,99,99,0,0,0,1,0
6,61287,1,1,0,1,1,1,1,37,1980,18,8,2013,1,0,25,0,13,6,CENTRAL AVE,120TH ST,0,33.92370278,-118.25435,0,8,0,0,2,2,0,1,3,1,0,1,0,0000000,99,99,99,99,88,88,0,0,0,1,0
6,61288,1,1,0,0,0,2,2,71,1603,19,8,2013,2,13,50,1,11,1,I-15,,0,34.41705,-117.38785,0,1,0,0,1,1,0,3,1,10,0,10,0,0000000,99,99,99,99,99,99,0,0,0,1,0
6,61289,1,1,0,1,1,1,1,7,660,24,8,2013,7,22,10,1,12,3,SR-99 RAMP,,341,39.75600556,-121.8442639,0,8,0,1,17,1,0,1,2,1,0,1,0,0000000,99,99,99,99,88,88,0,0,0,1,1
6,61290,2,2,0,0,0,7,7,65,0,18,8,2013,1,23,33,0,4,4,CR-GILMAN SPRINGS RD,,0,33.9028,-117.08755,0,12,2,0,1,1,0,1,2,1,0,1,0,0000000,99,99,99,99,99,99,0,0,0,2,2
6,61291,1,1,0,0,0,1,1,73,0,24,8,2013,7,12,20,1,1,1,I-8,,324,32.83678056,-116.7126111,0,1,0,0,1,1,0,3,1,1,0,1,0,0000000,99,99,99,99,99,99,0,0,0,1,0
6,61292,2,2,0,0,0,2,2,37,1970,25,8,2013,1,22,19,0,13,6,OCEAN BLVD,,0,33.76204722,-118.2275583,0,12,1,1,18,1,0,1,3,1,0,1,0,0000000,99,99,99,99,88,88,0,0,0,1,1
6,61293,1,1,0,1,1,1,1,107,0,25,8,2013,1,1,30,0,6,4,CR-DIAGONAL 24,,0,36.49133333,-119.5213139,0,8,0,0,1,1,0,1,2,1,0,1,0,0000000,99,99,99,99,88,88,0,0,0,1,1
6,61294,1,1,0,0,0,1,1,55,0,25,8,2013,1,5,15,0,3,3,SR-29,,220,38.42647222,-122.3931333,0,42,0,0,1,1,0,5,2,1,0,1,0,0000000,99,99,99,99,99,99,0,0,0,1,0
6,61295,1,1,0,0,0,1,1,77,0,24,8,2013,7,21,25,0,4,4,CR-99 E FRONTAGE RD,,0,37.92031111,-121.2287889,0,33,0,0,1,1,0,4,2,1,0,1,0,0000000,99,99,99,99,88,88,0,0,0,1,0
6,61296,1,1,0,0,0,1,1,97,0,25,8,2013,1,23,40,0,4,4,CR-BLOOMFIELD RD,,0,38.33873056,-122.8404694,0,42,0,0,1,1,0,4,2,1,0,1,0,0000000,99,99,99,99,88,88,0,0,0,1,1
6,61297,1,1,0,0,0,1,1,107,0,25,8,2013,1,99,99,0,6,4,CR-FOREST ROUTE 22S05,,0,36.00918889,-118.1185,0,35,0,0,1,1,0,6,1,8,0,8,0,0000000,99,99,99,99,88,88,0,0,0,1,1
6,61298,1,1,0,1,1,1,1,29,240,27,8,2013,3,1,27,0,14,6,Q ST,,0,35.38798333,-119.0105333,0,8,0,0,1,1,0,1,3,1,0,1,0,0000000,99,99,99,99,88,88,0,0,0,1,0
6,61299,1,1,0,0,0,2,2,77,0,17,8,2013,7,13,0,1,1,1,I-580,,7,37.60465,-121.35105,0,33,0,0,1,1,0,4,1,10,0,10,0,0000000,99,99,99,99,99,99,0,0,0,1,0
6,61300,2,2,0,0,0,5,5,65,3070,24,8,2013,7,22,4,0,14,6,RUBIDOUX BL,,0,34.03212778,-117.3920889,0,12,2,0,1,1,0,1,2,1,0,1,0,0000000,99,99,99,99,99,99,0,0,0,1,1
6,61301,1,1,0,0,0,1,1,37,480,28,8,2013,4,17,7,1,11,1,I-5,,303,34.19033056,-118.3260806,0,42,0,0,1,1,0,4,1,1,0,1,0,0000000,99,99,99,99,88,88,0,0,0,1,1
6,61302,1,1,0,1,1,1,1,37,1980,26,8,2013,2,6,0,0,14,6,WHITE OAK AVE,VALERIO ST,0,34.20476667,-118.5186,0,8,0,0,3,2,0,1,4,1,0,1,0,0000000,99,99,99,99,88,88,0,0,0,1,0
6,61303,1,1,0,0,0,1,1,37,804,31,8,2013,7,5,0,0,13,6,EASTERN AVE,,0,33.99799722,-118.1594778,0,33,0,0,1,1,0,4,3,1,0,1,0,0000000,99,99,99,99,99,99,0,0,0,1,0
6,61304,2,2,0,0,0,2,2,73,0,29,8,2013,5,19,40,0,4,4,CR-SAN VICENTE RD,,0,33.00245,-116.8639694,0,12,2,0,1,1,0,1,5,1,0,1,0,0000000,99,99,99,99,88,88,0,0,0,1,0
6,61305,1,1,0,0,0,4,4,47,0,30,8,2013,6,3,54,1,2,3,SR-152,,15,37.08061111,-121.1954611,0,11,0,0,1,1,0,1,2,1,0,1,0,0000000,99,99,99,99,99,99,0,0,0,1,0
6,61306,2,1,1,1,1,1,1,71,1305,24,8,2013,7,22,10,0,14,6,SLOVER AVE,MULBERRY AVE,0,34.06278889,-117.5044111,0,8,0,0,1,1,0,1,2,1,0,1,0,0000000,99,99,99,99,99,99,14,0,0,1,0
6,61307,2,2,0,0,0,4,4,73,560,30,8,2013,6,7,10,0,15,6,GRAND AVE,,0,33.16351389,-117.3446333,0,12,2,0,1,1,0,1,1,10,0,10,0,0000000,99,99,99,99,99,99,0,0,0,1,0
6,61308,1,1,0,0,0,1,1,73,3260,30,8,2013,6,23,12,1,12,1,I-805 RAMP,,154,32.74156111,-117.1164389,0,1,0,1,5,1,0,8,3,1,0,1,0,0000000,99,99,99,99,88,88,0,0,0,1,1
6,61309,2,2,0,0,0,2,2,107,0,30,8,2013,6,13,20,0,4,4,CR-AVENUE 184,,0,36.12341111,-119.4191694,0,12,6,0,1,1,0,1,1,1,0,1,0,0000000,99,99,99,99,88,88,0,0,0,1,0
6,61310,1,1,0,0,0,3,3,81,0,26,8,2013,2,17,20,1,11,1,I-280,,168,37.56953889,-122.3955111,0,33,0,0,1,1,0,4,1,1,0,1,0,0000000,99,99,99,99,99,99,0,0,0,2,0
6,61311,1,1,0,1,1,1,1,37,305,31,8,2013,7,16,19,0,14,6,BLOOMFIELD RD,,0,33.84276111,-118.0633333,0,8,0,0,1,1,0,1,1,1,0,1,0,0000000,99,99,99,99,99,99,0,0,0,1,0
6,61312,2,2,0,0,0,4,4,29,1000,30,8,2013,6,14,37,0,14,6,GARCES HWY,BROWNING RD,0,35.76145833,-119.2232306,0,12,2,0,2,2,0,1,1,1,0,1,0,0000000,99,99,99,99,99,96,0,0,0,1,0
6,61313,2,2,0,0,0,5,5,107,0,26,8,2013,2,8,47,0,6,4,CR-AVENUE 70,CR-ROAD 256,0,35.91700556,-119.0001083,0,12,6,0,2,3,0,1,1,1,0,1,0,0000000,99,99,99,99,99,99,0,0,0,1,0