STATE,ST_CASE,VE_TOTAL,VE_FORMS,PVH_INVL,PEDS,PERNOTMVIT,PERMVIT,PERSONS,COUNTY,CITY,DAY,MONTH,YEAR,DAY_WEEK,HOUR,MINUTE,NHS,ROAD_FNC,ROUTE,TWAY_ID,TWAY_ID2,MILEPT,LATITUDE,LONGITUD,SP_JUR,HARM_EV,MAN_COLL,RELJCT1,RELJCT2,TYP_INT,WRK_ZONE,REL_ROAD,LGT_COND,WEATHER1,WEATHER2,WEATHER,SCH_BUS,RAIL,NOT_HOUR,NOT_MIN,ARR_HOUR,ARR_MIN,HOSP_HR,HOSP_MN,CF1,CF2,CF3,FATALS,DRUNK_DR
6,61314,1,1,0,0,0,1,1,43,2085,1,9,2013,1,0,30,1,2,3,SR-140,,164,37.48168056,-120.0245944,0,33,0,0,1,1,0,4,2,10,0,10,0,0000000,99,99,99,99,99,99,0,0,0,1,1
6,61315,1,1,0,0,0,1,1,47,0,26,8,2013,2,21,40,0,4,4,CR-OAKDALE RD,,0,37.5069,-120.6709694,0,1,0,0,1,1,0,4,2,1,0,1,0,0000000,99,99,99,99,88,88,0,0,0,1,0
6,61316,2,1,1,0,1,1,2,37,0,27,8,2013,3,6,0,1,1,1,I-5,,771,34.69461111,-118.7904889,0,14,0,0,1,1,1,2,4,1,0,1,0,0000000,99,99,99,99,99,99,0,0,0,1,0
6,61317,1,1,0,0,0,1,1,37,1110,26,8,2013,2,14,8,0,13,6,PECK RD,,0,34.09715,-118.0113833,0,33,0,0,1,1,0,3,1,1,0,1,0,0000000,99,99,99,99,88,88,0,0,0,1,0
6,61318,1,1,0,0,0,1,1,37,0,1,9,2013,1,2,55,0,14,6,N EASTERN AVE,AXTELL ST,0,34.084075,-118.1780806,0,42,0,0,3,3,0,4,3,1,0,1,0,0000000,99,99,99,99,99,99,0,0,0,1,0
6,61319,2,2,0,0,0,3,3,37,1980,1,9,2013,1,6,45,0,13,6,GLENDALE BLVD,REVERE AVE,0,34.11986389,-118.2587417,0,12,6,0,2,3,0,1,1,1,0,1,0,0000000,99,99,99,99,99,99,0,0,0,1,1
6,61320,1,1,0,0,0,1,1,95,330,1,9,2013,1,9,34,0,14,6,PARK RD,,0,38.06153333,-122.1345667,0,42,0,0,1,1,0,4,1,1,0,1,0,0000000,99,99,99,99,88,88,0,0,0,1,0
6,61321,1,1,0,1,1,1,1,73,3260,1,9,2013,1,3,33,0,14,6,W MISSION BAY DR,,0,32.75854444,-117.2256528,0,9,0,0,1,1,0,1,3,10,0,10,0,0000000,99,99,99,99,99,99,0,0,0,1,1
6,61322,1,1,0,1,1,1,1,1,1560,3,9,2013,3,16,49,0,13,6,HESPERIAN BLVD,,0,37.614825,-122.0867278,0,9,0,0,1,1,0,1,1,1,0,1,0,0000000,99,99,99,99,99,99,0,0,0,1,0
6,61323,1,1,0,0,0,2,2,71,0,2,9,2013,2,3,0,1,1,1,I-15,,309,34.5362,-117.3118167,0,24,0,0,1,1,0,3,2,1,0,1,0,0000000,99,99,99,99,99,99,0,0,0,1,1
6,61324,2,2,0,0,0,3,3,67,0,27,8,2013,3,13,21,0,2,4,CR-W ELKHORN BL,,0,38.68409722,-121.4715194,0,12,6,0,8,1,0,1,1,1,0,1,0,0000000,99,99,99,99,99,99,0,0,0,1,0
6,61325,1,1,0,1,1,1,1,37,1980,3,9,2013,3,21,15,0,14,6,1ST ST,FICKETT ST,0,34.04263056,-118.2073083,0,8,0,0,3,2,0,1,3,1,0,1,0,0000000,99,99,99,99,99,99,0,0,0,1,0
6,61327,1,1,0,0,0,1,1,73,3260,4,8,2013,1,15,40,0,14,6,SAN PASQUAL VALLEY RD,,0,33.09007222,-116.9377861,0,1,0,0,1,1,0,1,1,1,0,1,0,0000000,99,99,99,99,88,88,0,0,0,1,0
6,61328,1,1,0,1,1,1,1,81,463,2,9,2013,2,13,38,1,12,2,US-101,,237,37.67412778,-122.3897111,0,8,0,0,1,1,0,1,1,1,0,1,0,0000000,99,99,99,99,99,99,19,0,0,1,0
6,61329,1,1,0,0,0,1,1,15,0,3,9,2013,3,13,50,1,2,2,US-101,,185,41.63748333,-124.1148694,0,35,0,0,1,1,0,4,1,1,0,1,0,0000000,99,99,99,99,88,88,0,0,0,1,0
6,61330,2,2,0,0,0,2,2,37,1980,14,8,2013,4,1,30,0,13,6,SLAUSON AVE,,0,33.98888056,-118.3511778,0,1,0,0,8,1,0,1,3,1,0,1,0,0000000,99,99,99,99,99,99,0,0,0,1,1
6,61331,2,2,0,0,0,3,3,73,3260,4,9,2013,4,11,6,0,14,6,IMPERIAL AVE,VIEWCREST DR,0,32.71675833,-117.044975,0,12,6,0,2,3,0,1,1,1,0,1,0,0000000,99,99,99,99,88,88,0,0,0,1,1
6,61332,1,1,0,1,1,1,1,59,2400,27,8,2013,3,16,29,0,12,3,SR-1,,174,33.58183611,-117.8472167,0,9,0,0,1,1,0,1,1,1,0,1,0,0000000,99,99,99,99,99,99,0,0,0,1,0
6,61333,1,1,0,1,1,1,1,65,0,3,9,2013,3,20,45,0,12,3,SR-74,,253,33.7734,-117.249,0,8,0,0,1,1,0,1,2,1,0,1,0,0000000,99,99,99,99,88,88,0,0,0,1,0
6,61334,1,1,0,1,1,1,1,37,1980,5,9,2013,5,22,25,0,15,6,DOHENY DR,,0,34.07410278,-118.3897167,0,8,0,0,1,1,0,1,3,1,0,1,0,0000000,99,99,99,99,88,88,0,0,0,1,0
6,61335,1,1,0,0,0,1,1,65,850,4,9,2013,4,9,20,1,12,3,SR-91,,28,33.8843,-117.6285,0,1,0,0,1,1,0,1,1,1,0,1,0,0000000,99,99,99,99,99,99,28,0,0,1,0
6,61336,2,2,0,0,0,3,3,37,639,6,9,2013,6,3,45,0,14,6,MARQUARDT AVE,ARTESIA BLVD,0,33.873225,-118.0377861,0,12,6,0,2,2,0,1,3,1,0,1,0,0000000,99,99,99,99,99,99,0,0,0,1,1
6,61337,1,1,0,1,1,1,1,7,0,18,8,2013,1,20,34,0,13,3,SR-162,,199,39.50548889,-121.5060806,0,9,0,0,1,1,0,1,2,1,0,1,0,0000000,99,99,99,99,99,99,0,0,0,1,0
6,61338,2,2,0,0,0,2,2,73,0,27,8,2013,3,18,15,0,4,4,CR-LITTLE GOPHER CYN RD,OLD RIVER RD,0,33.26728889,-117.2330111,0,1,0,0,2,3,0,1,1,1,0,1,0,0000000,99,99,99,99,99,99,14,0,0,1,0
6,61339,2,2,0,0,0,2,2,77,0,6,9,2013,6,7,20,1,1,1,I-205,,19,37.7417,-121.5223611,0,12,6,0,1,1,0,1,1,1,0,1,0,0000000,99,99,99,99,88,88,0,0,0,1,0
6,61340,4,4,0,0,0,11,11,37,1980,28,8,2013,4,19,45,0,13,6,MANCHESTER AVE,CENTRAL AVE,0,33.96016111,-118.2569528,0,12,1,0,3,2,0,1,3,1,0,1,0,0000000,99,99,99,99,99,99,0,0,0,1,1
6,61341,1,1,0,0,0,1,1,59,2400,8,9,2013,1,14,44,0,14,6,DOVER DR,,0,33.62179444,-117.9066556,0,42,0,0,1,1,0,3,1,1,0,1,0,0000000,99,99,99,99,99,99,0,0,0,1,0
6,61342,1,1,0,1,1,2,2,29,0,8,9,2013,1,22,58,0,2,4,CR-WHITE LN,,0,35.31775,-119.0082472,0,8,0,0,1,1,0,1,2,1,0,1,0,0000000,99,99,99,99,99,99,0,0,0,1,0
6,61343,1,1,0,0,0,1,1,23,3890,31,8,2013,7,18,5,1,2,2,US-101,,1113,40.99452222,-124.1131139,0,42,0,0,1,1,0,4,1,10,0,10,0,0000000,99,99,99,99,88,88,0,0,0,1,1
6,61344,2,2,0,0,0,2,2,73,0,2,9,2013,2,9,30,0,2,3,SR-78,WILLIAM TELL ST,512,33.10965,-116.6721111,0,12,6,0,3,3,0,1,1,10,0,10,0,0000000,99,99,99,99,88,88,14,0,0,1,0
6,61345,1,1,0,0,0,1,1,39,0,9,9,2013,2,15,5,0,6,4,CR-EASTSIDE DR,,0,36.82943611,-120.3766722,0,34,0,0,1,1,0,5,1,1,0,1,0,0000000,99,99,99,99,99,99,0,0,0,1,0
6,61346,1,1,0,0,0,1,1,37,1980,2,9,2013,2,22,15,1,11,1,I-10 RAMP,,102,34.03436111,-118.3536306,0,33,0,1,5,1,0,3,2,1,0,1,0,0000000,99,99,99,99,99,99,0,0,0,1,0
6,61347,2,2,0,0,0,3,3,37,1970,10,9,2013,3,13,37,0,14,6,CHERRY AVE,53RD ST,0,33.85263611,-118.1676694,0,12,6,0,2,3,0,1,1,1,0,1,0,0000000,99,99,99,99,99,99,0,0,0,1,0
6,61348,2,2,0,0,0,2,2,107,2880,19,8,2013,2,9,59,0,13,6,W OLIVE AVE,N PORTER RD,0,36.06603056,-119.0381861,0,12,6,0,2,2,0,1,1,1,0,1,0,0000000,99,99,99,99,99,99,0,0,0,1,0
6,61349,2,2,0,0,0,5,5,29,0,31,8,2013,7,11,54,0,2,3,SR-119,,90,35.22736944,-119.37875,0,12,2,0,1,1,0,1,1,1,0,1,0,0000000,99,99,99,99,99,99,0,0,0,3,1
6,61350,1,1,0,0,0,1,1,99,0,11,9,2013,4,8,0,0,2,3,SR-132,,381,37.64162222,-120.5906778,0,38,0,0,1,1,0,5,1,1,0,1,0,0000000,88,88,88,88,88,88,0,0,0,1,0
6,61351,1,1,0,0,0,1,1,21,0,4,8,2013,1,16,50,0,2,3,SR-162,,471,39.60324444,-122.5076056,0,38,0,0,1,1,0,4,1,1,0,1,0,0000000,99,99,99,99,88,88,0,0,0,1,1
6,61352,2,2,0,0,0,2,2,37,3686,11,9,2013,4,18,32,1,12,3,SR-60,,106,34.03858611,-118.0454083,0,12,7,0,1,1,0,1,1,1,0,1,0,0000000,99,99,99,99,88,88,0,0,0,1,0
6,61353,2,2,0,0,0,3,3,29,3820,2,9,2013,2,10,34,0,12,3,SR-33,WOOD ST,176,35.1316,-119.4455917,0,12,2,0,2,2,0,1,1,1,0,1,0,0000000,99,99,99,99,99,99,0,0,0,1,0
6,61354,1,1,0,0,0,1,1,25,1090,15,9,2013,1,17,54,0,2,3,SR-86,,30,32.73058056,-115.5491806,0,1,0,0,1,1,0,4,1,1,0,1,0,0000000,99,99,99,99,88,88,0,0,0,1,1
6,61355,1,1,0,0,0,1,1,107,0,11,9,2013,4,20,35,0,4,4,CR-ROAD 128,,0,36.09103889,-119.2859611,0,11,0,0,1,1,0,1,2,1,0,1,0,0000000,99,99,99,99,99,99,0,0,0,1,0
6,61356,2,2,0,0,0,2,2,73,3260,3,9,2013,3,12,24,0,16,6,BRITANNIA PARK PL,SEIMPRE VIVA CT,0,32.55525278,-116.9769167,0,12,6,0,2,3,0,1,1,1,0,1,0,0000000,99,99,99,99,88,88,0,0,0,1,1
6,61357,1,1,0,1,1,3,3,107,2880,28,8,2013,4,5,50,0,14,6,MORTON AVE,EL GRANITO ST,0,36.07314722,-119.0215833,0,8,0,0,3,3,0,1,4,1,0,1,0,0000000,99,99,99,99,99,99,0,0,0,1,0
6,61358,2,2,0,0,0,2,2,37,1110,18,8,2013,1,7,53,0,14,6,GARVEY AVE,TYLER AVE,0,34.06284167,-118.0356972,0,12,6,0,2,2,0,1,1,1,0,1,0,0000000,99,99,99,99,99,99,0,0,0,1,0
6,61359,2,2,0,0,0,3,3,37,1980,12,9,2013,5,14,5,0,13,6,AVALON BLVD,107TH ST,0,33.93944722,-118.2651917,0,12,2,0,1,1,0,1,1,1,0,1,0,0000000,99,99,99,99,99,99,0,0,0,1,0
6,61360,1,1,0,1,1,3,3,99,2200,6,9,2013,6,15,56,0,13,6,HATCH RD,BOISE AVE,0,37.60768889,-121.0070472,0,9,0,0,2,3,0,1,1,1,0,1,0,0000000,99,99,99,99,99,99,0,0,0,1,0
6,61361,1,1,0,1,1,1,1,37,2700,17,5,2013,6,21,40,0,13,6,COLORADO BL,BERKELEY AVE,0,34.14603611,-118.1096139,0,8,0,0,2,2,0,1,2,1,0,1,0,0000000,99,99,99,99,88,88,0,0,0,1,0
6,61363,1,1,0,1,1,1,1,71,260,14,9,2013,7,23,8,1,11,1,I-15,,736,34.87331111,-117.0727306,0,8,0,0,1,1,0,1,2,1,0,1,0,0000000,99,99,99,99,88,88,0,0,0,1,0
6,61364,2,2,0,1,1,2,2,37,1430,15,6,2013,7,0,28,1,12,3,SR-134,,68,34.15633889,-118.2611389,0,8,0,0,1,1,0,1,3,1,0,1,0,0000000,99,99,99,99,88,88,19,0,0,1,0
6,61365,1,1,0,1,1,1,1,59,4130,13,9,2013,6,5,19,0,14,6,HEIL AVE,,0,33.72297222,-117.9887639,0,8,0,0,1,1,0,1,3,1,0,1,0,0000000,99,99,99,99,99,99,0,0,0,1,0
6,61366,2,2,0,0,0,3,3,77,0,13,9,2013,6,7,5,0,3,4,CR-CLEMENTS RD,BRANDT RD,0,38.14801667,-121.0777833,0,12,6,0,2,2,0,1,1,1,0,1,0,0000000,99,99,99,99,99,99,0,0,0,1,0
6,61367,1,1,0,0,0,2,2,99,2200,15,6,2013,7,4,50,1,12,3,SR-99,,161,37.63918889,-121.0066889,0,52,0,0,1,1,0,4,2,1,0,1,0,0000000,99,99,99,99,99,99,0,0,0,1,1
6,61368,2,1,1,1,1,2,2,37,2870,22,5,2013,4,8,47,1,12,3,SR-60,,290,34.02333889,-117.7527111,0,14,0,0,1,1,0,2,1,1,0,1,0,0000000,99,99,99,99,99,99,15,0,0,2,0
6,61369,1,1,0,0,0,2,2,67,2934,1,1,2013,3,15,14,0,15,6,LINCOLN VILLAGE DR,BRADSHAW RD,0,38.56208056,-121.3363139,0,38,0,0,3,3,0,5,1,1,0,1,0,0000000,99,99,99,99,99,99,0,0,0,1,0
6,61370,2,2,0,0,0,5,5,93,0,9,3,2013,7,11,25,0,4,4,CR-AGER RD,,0,41.83191944,-122.4892972,0,12,2,0,1,1,0,1,1,1,0,1,0,0000000,99,99,99,99,99,99,0,0,0,1,0
6,61371,1,1,0,0,0,1,1,67,0,16,6,2013,1,6,23,1,1,1,I-5,,89,38.40878333,-121.4836,0,1,0,0,1,1,0,1,1,1,0,1,0,0000000,99,99,99,99,88,88,0,0,0,1,1
6,61372,1,1,0,0,0,3,3,99,0,30,3,2013,7,9,58,0,2,3,SR-33,,109,37.44169167,-121.1067222,0,30,0,0,1,1,0,4,1,10,0,10,0,0000000,99,99,99,99,99,99,0,0,0,1,0
6,61373,1,1,0,0,0,2,2,73,0,17,6,2013,2,11,55,0,4,4,CR-DE LUZ RD,HARRIS TRL,0,33.40851111,-117.2731694,0,59,0,0,3,3,0,4,1,1,0,1,0,0000000,99,99,99,99,99,99,0,0,0,1,0
6,61374,1,1,0,1,1,1,1,37,1980,13,9,2013,6,20,22,0,14,6,NORMANDIE AVE,42ND PLACE,0,34.00608889,-118.3001972,0,8,0,0,2,3,0,1,3,1,0,1,0,0000000,99,99,99,99,88,88,0,0,0,1,0
6,61375,1,1,0,0,0,2,2,111,4027,20,8,2013,3,16,24,0,13,3,SR-23,,3,34.13091389,-118.8545917,0,30,0,0,1,1,0,4,1,1,0,1,0,0000000,99,99,99,99,99,99,0,0,0,1,0
6,61376,2,2,0,0,0,2,2,67,0,1,5,2013,4,21,3,0,2,4,CR-HOWE AVE,CR-NORTHROP AVE,0,38.58164722,-121.4153278,0,12,2,0,2,2,0,1,3,1,0,1,0,0000000,99,99,99,99,99,99,0,0,0,1,0
6,61377,5,5,0,1,1,10,10,37,2870,8,6,2013,7,0,30,1,11,1,I-10,,468,34.08121667,-117.7344667,0,12,1,0,1,1,0,1,2,1,0,1,0,0000000,99,99,99,99,99,99,23,0,0,1,0
6,61378,1,1,0,1,1,2,2,31,0,15,9,2013,1,2,55,1,2,3,SR-198 RAMP,,150,36.31051111,-119.7044,0,8,0,1,20,1,0,1,3,1,0,1,0,0000000,99,99,99,99,99,99,0,0,0,1,0
6,61379,1,1,0,0,0,1,1,73,0,14,7,2013,1,13,50,0,4,4,CR-OLD CASTLE RD,,0,33.25636944,-117.0776194,0,1,0,0,1,1,0,2,1,1,0,1,0,0000000,99,99,99,99,99,99,0,0,0,1,1
6,61380,1,1,0,1,1,1,1,71,0,15,9,2013,1,12,53,0,2,3,SR-138 RAMP,,151,34.31155833,-117.4780222,0,8,0,1,17,1,0,1,1,1,0,1,0,0000000,99,99,99,99,99,99,0,0,0,1,0
6,61381,2,2,0,0,0,2,2,105,0,13,9,2013,6,13,10,1,2,3,SR-299,,559,40.68174167,-122.9380222,0,12,8,0,1,1,0,1,1,1,0,1,0,0000000,99,99,99,99,99,99,0,0,0,1,0
6,61382,1,1,0,0,0,1,1,37,0,19,7,2013,6,10,50,0,4,4,CR-MULHOLLAND HWY,,0,34.05963611,-118.9346306,0,41,0,0,1,1,0,5,1,1,0,1,0,0000000,99,99,99,99,88,88,0,0,0,1,0
6,61383,1,1,0,1,1,1,1,29,0,15,9,2013,1,99,99,1,2,3,SR-99,,37,35.08008889,-118.9747806,0,8,0,0,1,1,0,2,3,1,0,1,0,0000000,99,99,99,99,88,88,0,0,0,1,0
6,61384,1,1,0,1,1,1,1,37,1980,16,9,2013,2,19,50,0,13,3,SR-1,,112,33.79058333,-118.2744889,0,8,0,0,1,1,0,1,3,1,0,1,0,0000000,99,99,99,99,99,99,0,0,0,1,0
6,61385,1,1,0,0,0,1,1,53,0,21,7,2013,1,16,15,0,4,4,CR-BARLOY CANYON RD,,0,36.630025,-121.7390778,0,42,0,0,1,1,0,4,1,1,0,1,0,0000000,99,99,99,99,88,88,0,0,0,1,1
6,61386,2,2,0,0,0,2,2,59,4130,17,9,2013,3,1,11,0,13,6,BROOKHURST ST,MCFADDEN AVE,0,33.73773333,-117.9548528,0,12,6,0,2,2,0,1,3,1,0,1,0,0000000,99,99,99,99,99,99,0,0,0,1,1
6,61387,1,1,0,0,0,2,2,73,0,17,9,2013,3,19,30,1,2,1,I-8,,658,32.67765,-116.2920806,0,17,0,0,1,1,0,3,2,1,0,1,0,0000000,99,99,99,99,99,99,0,0,0,1,0
6,61388,1,1,0,0,0,1,1,65,0,18,9,2013,4,1,45,0,4,4,CR-ANTELOPE RD,,0,33.77181111,-117.1708639,0,35,0,0,1,1,0,4,2,1,0,1,0,0000000,99,99,99,99,99,99,0,0,0,1,0
6,61389,2,2,0,0,0,2,2,37,2240,24,7,2013,4,13,38,0,13,6,W WASHINGTON BLVD,,0,34.03990833,-118.3142444,0,12,6,0,8,1,0,1,1,1,0,1,0,0000000,99,99,99,99,99,99,0,0,0,1,1
6,61390,2,2,0,0,0,2,2,37,1430,15,6,2013,7,0,26,1,12,3,SR-134,,68,34.15630556,-118.2611306,0,12,1,0,1,1,0,1,3,1,0,1,0,0000000,99,99,99,99,99,99,23,0,0,1,0
6,61391,2,2,0,0,0,2,2,73,1080,10,5,2013,6,6,24,0,14,6,MOLLISON AVE,WASHINGTON AVE,0,32.78764722,-116.9509611,0,12,6,0,2,2,0,1,1,10,0,10,0,0000000,99,99,99,99,99,99,0,0,0,1,0
6,61392,2,2,0,2,2,4,4,59,3420,24,7,2013,4,20,43,0,13,6,BRISTOL ST,10TH ST,0,33.75345,-117.8850472,0,8,0,0,3,4,0,1,2,1,0,1,0,0000000,99,99,99,99,99,99,0,0,0,1,0
6,61393,2,2,0,0,0,5,5,71,0,19,5,2013,1,14,41,0,4,4,CR-LYTLE CREEK RD,,0,34.20988056,-117.4578194,0,12,2,0,1,1,0,1,1,1,0,1,0,0000000,99,99,99,99,99,99,0,0,0,1,0
6,61394,1,1,0,0,0,2,2,37,0,8,2,2013,6,13,30,0,2,4,CR-CENTRAL AVE,,0,33.91783056,-118.2543167,0,42,0,0,1,1,0,5,1,10,2,2,0,0000000,99,99,99,99,88,88,0,0,0,2,1
6,61395,2,2,0,0,0,2,2,37,0,21,2,2013,5,2,5,0,6,4,CR-HAMILTON AVE,,0,33.854875,-118.28605,0,12,2,0,8,1,0,1,3,1,0,1,0,0000000,99,99,99,99,88,88,0,0,0,1,0
6,61396,1,1,0,1,1,2,2,71,1947,30,3,2013,7,19,55,1,11,1,I-10,,263,34.06466667,-117.2609528,0,8,0,0,1,1,0,1,2,1,0,1,0,0000000,99,99,99,99,88,88,0,0,0,1,0
6,61397,1,1,0,1,1,1,1,25,1680,2,4,2013,3,5,56,0,14,6,W ATEN RD,,0,32.8256,-115.5749333,0,8,0,0,1,1,0,1,4,1,0,1,0,0000000,99,99,99,99,99,99,0,0,0,1,0
6,61398,2,2,0,0,0,2,2,17,0,16,4,2013,3,8,30,0,3,4,CR-LOTUS RD,,0,38.77959444,-120.9184917,0,12,2,0,1,1,0,1,1,1,0,1,0,0000000,99,99,99,99,99,99,0,0,0,1,0
6,61399,2,2,0,0,0,3,3,73,2510,22,5,2013,4,11,49,0,13,6,OCEANSIDE BLVD,CANYON DR,0,33.19713611,-117.3512806,0,12,6,0,2,4,0,1,1,1,0,1,0,0000000,99,99,99,99,99,99,0,0,0,1,0
6,61400,1,1,0,0,0,2,2,71,3000,9,5,2013,5,2,30,1,11,1,I-10,,202,34.06881667,-117.34715,0,25,0,0,1,1,0,3,3,10,0,10,0,0000000,99,99,99,99,99,99,0,0,0,1,1
6,61401,2,1,1,0,1,1,2,71,3210,15,5,2013,4,0,5,1,12,3,SR-210,,222,34.14550278,-117.3139889,0,14,0,0,1,1,0,2,3,1,0,1,0,0000000,99,99,99,99,88,88,0,0,0,1,0
6,61402,2,2,0,0,0,2,2,17,0,26,7,2013,6,22,41,0,3,4,CR-LOTUS RD,,0,38.78884722,-120.9134861,0,12,8,0,1,1,0,1,2,1,0,1,0,0000000,99,99,99,99,99,99,0,0,0,1,1
6,61403,1,1,0,0,0,6,6,17,0,6,6,2013,5,21,50,0,3,4,CR-PLEASANT VALLEY RD,,0,38.69214444,-120.6740417,0,38,0,0,1,1,0,5,2,1,0,1,0,0000000,99,99,99,99,99,99,0,0,0,2,1
6,61404,2,2,0,0,0,2,2,71,790,27,7,2013,7,13,53,0,13,6,RIVERSIDE AVE,PLACENTIA LN,0,34.01930278,-117.3625667,0,12,6,0,2,4,0,1,1,1,0,1,0,0000000,99,99,99,99,99,99,0,0,0,1,1
6,61405,1,1,0,0,0,1,1,71,3,30,7,2013,3,20,1,0,16,6,KOODOO AVE,,0,34.58345833,-117.4561972,0,35,0,0,1,1,0,5,5,1,0,1,0,0000000,99,99,99,99,99,99,0,0,0,1,0
6,61406,2,2,0,0,0,2,2,113,0,31,7,2013,4,5,56,0,4,4,CR-COUNTY RD 85,,0,38.75928889,-122.0442194,0,12,2,0,1,1,0,1,4,1,0,1,0,0000000,99,99,99,99,88,88,0,0,0,1,2
6,61407,1,1,0,1,1,1,1,67,0,28,6,2013,6,10,55,0,2,4,CR-POWER INN RD,,0,38.47976389,-121.4087417,0,9,0,0,1,1,0,1,1,1,0,1,0,0000000,99,99,99,99,88,88,0,0,0,1,0
6,61408,2,2,0,0,0,10,10,107,0,3,2,2013,1,10,9,0,2,3,SR-216,,41,36.3493,-119.2243639,0,12,2,0,1,1,0,1,1,5,0,5,0,0000000,99,99,99,99,99,99,0,0,0,1,1
6,61409,1,1,0,0,0,1,1,71,3000,23,6,2013,1,5,10,1,12,3,SR-210,,197,34.13426111,-117.3538111,0,52,0,0,1,1,0,4,4,10,0,10,0,0000000,99,99,99,99,88,88,0,0,0,1,1
6,61410,1,1,0,0,0,1,1,17,0,3,5,2013,6,2,5,1,2,2,US-50,,31,38.65515556,-121.0314889,0,33,0,1,19,1,0,4,3,1,0,1,0,0000000,99,99,99,99,88,88,0,0,0,1,1
6,61411,1,1,0,0,0,1,1,73,4060,8,5,2013,4,18,38,1,12,3,SR-78,,79,33.17928056,-117.2289389,0,33,0,1,19,1,0,4,1,1,0,1,0,0000000,99,99,99,99,99,99,0,0,0,1,0
6,61412,2,2,0,0,0,3,3,71,0,20,6,2013,5,22,5,0,3,4,CR-CAJON BL,,0,34.17463056,-117.3519917,0,12,2,0,1,1,0,1,2,1,0,1,0,0000000,99,99,99,99,99,99,0,0,0,2,1
6,61413,1,1,0,1,1,1,1,115,0,25,7,2013,5,17,43,1,2,3,SR-70,,161,39.16886944,-121.59005,0,9,0,0,1,1,0,1,1,1,0,1,0,0000000,99,99,99,99,88,88,0,0,0,1,0
6,61414,1,1,0,0,0,1,1,37,0,7,7,2013,1,22,45,1,2,3,SR-138,,0,34.77525,-118.4279694,0,35,0,0,1,1,0,5,2,1,0,1,0,0000000,99,99,99,99,99,99,0,0,0,1,1
6,61415,1,1,0,1,1,1,1,85,3340,12,9,2013,5,22,55,1,12,2,US-101,,389,37.36899722,-121.9095806,0,8,0,1,20,1,0,1,3,1,0,1,0,0000000,99,99,99,99,88,88,0,0,0,1,0
6,61416,3,3,0,0,0,3,3,37,1980,18,9,2013,4,10,55,0,13,6,VICTORY BLVD,RESEDA BLVD,0,34.18656667,-118.5360167,0,12,2,0,2,2,0,1,1,1,0,1,0,0000000,99,99,99,99,99,99,0,0,0,1,0
6,61417,1,1,0,1,1,1,1,99,3060,19,7,2013,6,0,20,0,13,3,SR-108,,317,37.73268333,-120.9475306,0,8,0,0,1,1,0,1,3,1,0,1,0,0000000,99,99,99,99,99,99,0,0,0,1,0
6,61418,5,5,0,0,0,6,6,73,3260,6,9,2013,6,13,35,0,13,6,FRIARS RD,ULRIC ST,0,32.77078056,-117.1628861,0,12,6,0,2,2,0,1,1,1,0,1,0,0000000,99,99,99,99,99,99,0,0,0,1,0
6,61419,1,1,0,1,1,1,1,47,2150,15,9,2013,1,21,22,0,13,6,YOSEMITE PARKWAY,KELLY AVE,0,37.295175,-120.4484778,0,8,0,0,3,2,1,1,3,1,0,1,0,0000000,99,99,99,99,99,99,0,0,0,1,0
6,61420,1,1,0,1,1,1,1,37,2020,19,9,2013,5,23,25,0,13,6,IMPERIAL HIGHWAY,,0,33.93041389,-118.2054444,0,8,0,0,1,1,0,4,3,1,0,1,0,0000000,99,99,99,99,99,99,0,0,0,1,1
6,61421,1,1,0,0,0,1,1,29,522,31,7,2013,4,17,29,0,14,6,RANDSBURG MOHAVE RD,,0,35.13118333,-117.9372139,0,53,0,0,1,1,0,5,1,1,0,1,0,0000000,99,99,99,99,99,99,0,0,0,1,0
6,61422,1,1,0,0,0,1,1,37,2240,1,8,2013,5,22,54,0,14,6,MONTEBELLO BL,,0,34.02933333,-118.1015861,0,30,0,0,1,1,0,5,1,1,0,1,0,0000000,88,88,88,88,88,88,0,0,0,1,1
6,61423,1,1,0,1,1,1,1,37,1980,20,9,2013,6,0,1,0,13,6,VENICE BLVD,LINCOLN BLVD,0,33.99408611,-118.4528778,0,8,0,0,2,2,0,1,3,1,0,1,0,0000000,99,99,99,99,88,88,0,0,0,1,0
6,61424,1,1,0,1,1,3,3,67,0,4,8,2013,1,21,0,0,2,4,CR-S WATT AVE,CR-FLORIN RD,0,38.49615556,-121.3721778,0,8,0,0,2,2,0,1,3,1,0,1,0,0000000,99,99,99,99,88,88,0,0,0,1,0
6,61425,1,1,0,0,0,1,1,65,526,20,9,2013,6,0,15,1,1,1,I-10,,34,33.96375,-117.0281694,0,35,0,0,1,1,0,4,2,1,0,1,0,0000000,99,99,99,99,99,99,0,0,0,1,0
6,61426,1,1,0,0,0,1,1,109,0,20,9,2013,6,12,25,0,4,4,CR-PHOENIX LAKE RD,,0,37.995,-120.3257389,0,42,0,0,1,1,0,4,1,1,0,1,0,0000000,99,99,99,99,99,99,0,0,0,1,0
6,61427,1,1,0,0,0,3,3,99,0,4,8,2013,1,21,53,0,4,4,CR-ELM AVE,,0,37.46608333,-121.0818444,0,35,0,0,1,1,0,5,2,1,0,1,0,0000000,99,99,99,99,99,99,0,0,0,1,1
6,61428,2,2,0,0,0,2,2,73,710,6,8,2013,3,21,13,0,14,6,OLYMPIC PARKWAY,BRANDYWINE AVE,0,32.60823333,-117.0279694,0,12,2,0,2,2,0,1,3,1,0,1,0,0000000,99,99,99,99,99,99,0,0,0,1,0