STATE,ST_CASE,VE_TOTAL,VE_FORMS,PVH_INVL,PEDS,PERNOTMVIT,PERMVIT,PERSONS,COUNTY,CITY,DAY,MONTH,YEAR,DAY_WEEK,HOUR,MINUTE,NHS,ROAD_FNC,ROUTE,TWAY_ID,TWAY_ID2,MILEPT,LATITUDE,LONGITUD,SP_JUR,HARM_EV,MAN_COLL,RELJCT1,RELJCT2,TYP_INT,WRK_ZONE,REL_ROAD,LGT_COND,WEATHER1,WEATHER2,WEATHER,SCH_BUS,RAIL,NOT_HOUR,NOT_MIN,ARR_HOUR,ARR_MIN,HOSP_HR,HOSP_MN,CF1,CF2,CF3,FATALS,DRUNK_DR
6,61429,2,2,0,0,0,2,2,107,0,7,9,2013,7,17,37,1,2,3,SR-198,ROAD 56,15,36.32748889,-119.4482889,0,12,6,0,2,2,0,1,1,1,0,1,0,0000000,99,99,99,99,88,88,0,0,0,1,1
6,61430,2,2,0,0,0,2,2,71,4040,10,8,2013,7,21,46,1,2,2,US-395,,98,34.48810278,-117.3994611,0,12,2,0,1,1,0,1,2,1,0,1,0,0000000,99,99,99,99,99,99,0,0,0,1,1
6,61431,2,2,0,0,0,2,2,65,290,7,8,2013,4,8,53,1,12,3,SR-60,WESTERN KNOLL AV,164,33.93346111,-116.9988917,0,12,6,0,2,2,0,1,1,1,0,1,0,0000000,99,99,99,99,99,99,0,0,0,1,0
6,61432,1,1,0,0,0,5,5,19,0,19,8,2013,2,1,45,0,6,4,CR-JEFFERSON AVE,,0,36.65625556,-119.7101056,0,10,0,0,6,1,0,1,2,1,0,1,0,756877N,99,99,99,99,99,99,0,0,0,4,0
6,61433,1,1,0,0,0,2,2,17,0,14,9,2013,7,13,0,0,4,4,CR-MORMON EMIGRANT TRL,,0,38.71151944,-120.5531611,0,32,0,0,1,1,0,4,1,1,0,1,0,0000000,99,99,99,99,99,99,0,0,0,1,0
6,61434,2,2,0,0,0,4,4,37,1980,11,8,2013,1,3,35,1,12,3,SR-60 RAMP,,12,34.02835833,-118.2029389,0,12,1,1,5,1,0,8,3,10,0,10,0,0000000,99,99,99,99,99,99,0,0,0,1,1
6,61435,1,1,0,0,0,1,1,35,0,14,9,2013,7,20,45,1,2,3,SR-36,,181,40.40326111,-120.7704306,0,24,0,0,1,1,0,4,2,1,0,1,0,0000000,99,99,99,99,88,88,18,0,0,1,1
6,61436,1,1,0,0,0,1,1,17,0,16,8,2013,6,3,13,0,3,4,CR-EL DORADO HILLS BLVD,,0,38.67426944,-121.0778694,0,59,0,0,1,1,0,4,2,1,0,1,0,0000000,99,99,99,99,88,88,0,0,0,1,1
6,61437,3,3,0,0,0,3,3,37,1980,5,8,2013,2,22,45,1,11,1,I-110 RAMP,,188,34.00130556,-118.2807389,0,33,0,1,5,1,0,4,2,1,0,1,0,0000000,99,99,99,99,88,88,14,0,0,1,1
6,61438,2,2,0,0,0,3,3,67,0,20,8,2013,3,8,45,1,2,3,SR-12,JACKSON SLOUGH RD,36,38.13996944,-121.6237889,0,12,6,0,2,2,0,1,1,1,0,1,0,0000000,99,99,99,99,88,88,0,0,0,1,1
6,61439,1,1,0,2,2,1,1,65,1580,11,8,2013,1,23,50,1,13,3,SR-74,,415,33.74762778,-116.9565833,0,8,0,0,1,1,0,1,3,1,0,1,0,0000000,99,99,99,99,99,99,0,0,0,1,0
6,61440,1,1,0,1,1,1,1,85,0,17,8,2013,7,20,45,0,13,3,SR-130,,25,37.36925,-121.8253111,0,8,0,0,1,1,0,1,3,1,0,1,0,0000000,99,99,99,99,99,99,0,0,0,1,0
6,61441,4,4,0,0,0,7,7,29,0,12,9,2013,5,14,10,1,2,3,SR-178,,149,35.44632778,-118.7883222,0,12,1,0,1,1,1,1,1,1,0,1,0,0000000,99,99,99,99,99,99,28,0,0,1,0
6,61442,2,2,0,0,0,3,3,73,3260,15,8,2013,5,0,10,0,14,6,LINDA VISTA RD,TAIT ST,0,32.78076389,-117.1727722,0,12,6,0,2,2,0,1,3,1,0,1,0,0000000,99,99,99,99,99,99,0,0,0,1,1
6,61443,1,1,0,0,0,1,1,65,3070,15,9,2013,1,2,36,0,15,6,RIVERA ST,,0,34.00348056,-117.375075,0,30,0,0,1,1,0,4,3,1,0,1,0,0000000,99,99,99,99,99,99,0,0,0,1,1
6,61444,2,2,0,0,0,2,2,65,0,20,9,2013,6,23,5,1,2,3,SR-71,,58,33.47013889,-116.9507361,0,12,2,0,1,1,0,1,2,1,0,1,0,0000000,99,99,99,99,88,88,0,0,0,1,0
6,61445,1,1,0,0,0,2,2,59,450,15,9,2013,1,2,46,0,15,6,CARBON CYN RD,,0,33.92412778,-117.8460944,0,30,0,0,1,1,0,4,2,1,0,1,0,0000000,99,99,99,99,99,99,0,0,0,1,1
6,61446,1,1,0,0,0,1,1,31,0,7,9,2013,7,23,36,1,2,3,SR-41,,366,36.24046111,-119.8164694,0,1,0,0,1,1,0,1,3,1,0,1,0,0000000,99,99,99,99,88,88,0,0,0,1,0
6,61447,2,2,0,0,0,4,4,81,0,7,8,2013,4,18,45,0,13,3,SR-35,,87,37.36727778,-122.2476444,0,12,6,0,1,1,0,1,1,1,0,1,0,0000000,99,99,99,99,99,99,0,0,0,1,0
6,61448,1,1,0,0,0,1,1,79,0,8,9,2013,1,0,30,0,6,4,CR-CAMMETTI SHANDON RD,,0,35.59103056,-120.3049694,0,1,0,0,1,1,0,1,2,1,0,1,0,0000000,99,99,99,99,88,88,0,0,0,1,0
6,61449,1,1,0,0,0,1,1,25,0,16,9,2013,2,5,45,1,2,1,I-8,,170,32.74953889,-115.9127889,0,35,0,0,1,1,0,3,2,1,0,1,0,0000000,99,99,99,99,88,88,0,0,0,1,0
6,61450,1,1,0,0,0,1,1,67,3150,20,8,2013,3,17,1,1,11,1,I-5,,224,38.57521944,-121.50795,0,1,0,1,5,1,0,1,1,1,0,1,0,0000000,99,99,99,99,88,88,0,0,0,1,0
6,61451,2,2,0,0,0,3,3,73,3260,18,8,2013,1,15,46,0,14,6,GARNET AVE,,0,32.80579722,-117.2206194,0,1,0,0,8,1,0,1,1,1,0,1,0,0000000,99,99,99,99,99,99,0,0,0,1,0
6,61452,2,2,0,0,0,3,3,67,712,16,9,2013,2,10,15,0,13,6,SAN JUAN AVE,WILLOWCREEK DR,0,38.66761389,-121.2923167,0,12,6,0,2,2,0,1,1,1,0,1,0,0000000,99,99,99,99,99,99,0,0,0,1,0
6,61453,1,1,0,0,0,1,1,37,0,7,8,2013,4,20,0,1,2,3,SR-14,,759,34.80398056,-118.1716194,0,1,0,0,1,1,0,5,2,1,0,1,0,0000000,99,99,99,99,88,88,0,0,0,1,1
6,61454,3,3,0,0,0,5,5,79,0,17,8,2013,7,13,15,1,2,3,SR-46,MACMILLAN CANYON RD,455,35.66141111,-120.4141,0,12,2,0,2,2,0,1,1,1,0,1,0,0000000,99,99,99,99,99,99,0,0,0,2,1
6,61455,1,1,0,1,1,2,2,37,3690,18,8,2013,1,19,59,1,11,1,I-710,,181,33.95076944,-118.1705611,0,8,0,0,1,1,0,1,5,1,0,1,0,0000000,99,99,99,99,99,99,0,0,0,1,1
6,61456,2,2,0,0,0,2,2,37,1980,17,9,2013,3,6,35,1,12,3,SR-134,,55,34.15538889,-118.28905,0,25,0,1,19,1,0,4,4,10,0,10,0,0000000,99,99,99,99,88,88,14,0,0,1,0
6,61457,1,1,0,1,1,1,1,87,0,4,2,2013,2,5,50,0,2,3,SR-129,,37,36.92175,-121.6922889,0,8,0,0,1,1,0,1,2,5,0,5,0,0000000,99,99,99,99,88,88,0,0,0,1,0
6,61458,2,2,0,0,0,2,2,59,3420,22,8,2013,5,9,55,0,13,6,1ST AVE,OLIVE ST,0,33.74551667,-117.8776417,0,1,0,0,2,3,0,1,1,1,0,1,0,0000000,99,99,99,99,99,99,0,0,0,1,0
6,61459,1,1,0,0,0,1,1,59,2560,31,8,2013,7,3,31,0,13,6,W KATELLA AVE,,0,33.80606111,-117.8714,0,43,0,0,1,1,0,4,3,10,0,10,0,0000000,99,99,99,99,99,99,0,0,0,1,1
6,61460,1,1,0,1,1,1,1,67,3150,20,9,2013,6,23,53,0,14,6,24TH ST,,0,38.50365,-121.4828333,0,8,0,0,1,1,0,1,3,1,0,1,0,0000000,99,99,99,99,88,88,0,0,0,1,1
6,61461,1,1,0,0,0,1,1,65,0,1,9,2013,1,2,0,0,4,4,CR-CAJALCO RD,,0,33.83653056,-117.3129889,0,43,0,0,1,1,0,2,2,1,0,1,0,0000000,99,99,99,99,88,88,0,0,0,1,1
6,61462,3,3,0,0,0,3,3,77,0,31,8,2013,7,13,30,0,4,4,CR-MARIPOSA RD,,0,37.85171944,-121.03225,0,12,8,0,1,1,0,1,1,1,0,1,0,0000000,99,99,99,99,99,99,0,0,0,1,0
6,61463,1,1,0,0,0,2,2,67,0,28,4,2013,1,3,35,0,2,4,CR-NORTHGATE BLVD,,0,38.65045556,-121.4757889,0,42,0,0,1,1,0,4,3,1,0,1,0,0000000,99,99,99,99,99,99,0,0,0,1,1
6,61464,2,2,0,0,0,16,16,81,490,26,5,2013,1,2,6,1,12,2,US-101,,166,37.58725556,-122.3545278,0,12,2,0,1,1,0,1,2,10,0,10,0,0000000,99,99,99,99,99,99,19,0,0,1,0
6,61465,2,2,0,0,0,4,4,73,0,21,9,2013,7,10,34,0,6,4,CR-S GRADE RD,,0,33.29601944,-116.8897694,0,1,0,0,1,1,0,1,1,1,0,1,0,0000000,99,99,99,99,88,88,14,0,0,1,0
6,61466,2,2,0,0,0,5,5,17,0,25,8,2013,1,14,55,0,3,4,CR-GREEN VALLEY RD,,0,38.71108056,-120.94525,0,12,6,0,1,1,0,1,1,1,0,1,0,0000000,99,99,99,99,99,99,0,0,0,1,1
6,61467,2,2,0,0,0,2,2,67,3150,15,4,2013,2,6,45,0,13,6,SAN JUAN RD,TUMBLEWEED WY,0,38.62748611,-121.4908778,0,12,6,0,3,3,0,1,1,1,0,1,1,0000000,99,99,99,99,88,88,0,0,0,1,0
6,61468,2,2,0,0,0,5,5,67,3150,1,9,2013,1,1,50,1,12,2,US-50 RAMP,,52,38.55836944,-121.3804306,0,12,1,1,20,1,1,1,3,1,0,1,0,0000000,99,99,99,99,99,99,0,0,0,1,2
6,61469,2,2,0,0,0,2,2,37,1980,16,8,2013,6,0,55,1,12,3,SR-110,,242,34.06633056,-118.2413917,0,12,1,0,1,1,0,1,2,1,0,1,0,0000000,99,99,99,99,88,88,0,0,0,1,1
6,61470,1,1,0,1,1,1,1,19,1370,24,9,2013,3,4,18,1,12,3,SR-180,,246,36.75506111,-119.7414806,0,8,0,0,1,1,0,1,2,1,0,1,0,0000000,99,99,99,99,88,88,0,0,0,1,0
6,61471,1,1,0,1,1,1,1,37,1980,1,9,2013,1,4,8,1,12,1,I-110,,191,34.00641944,-118.2809194,0,8,0,0,1,1,0,1,2,1,0,1,0,0000000,99,99,99,99,88,88,0,0,0,1,0
6,61472,2,2,0,1,1,2,2,1,3360,28,8,2013,4,10,54,0,14,6,MARINA BL,PACIFIC AVE,0,37.71294167,-122.1607861,0,9,0,0,3,3,0,1,1,1,0,1,0,0000000,99,99,99,99,99,99,0,0,0,1,0
6,61473,2,2,0,0,0,2,2,99,0,3,9,2013,3,16,18,0,4,4,CR-HATCH RD,,0,37.60925833,-120.8903917,0,12,1,0,1,1,0,1,1,1,0,1,0,0000000,99,99,99,99,88,88,28,0,0,1,0
6,61474,2,2,0,0,0,5,5,31,0,12,9,2013,5,16,25,1,2,3,SR-41,,442,36.34971111,-119.8079,0,12,1,0,1,1,0,1,1,1,0,1,0,0000000,99,99,99,99,88,88,0,0,0,1,0
6,61475,1,1,0,0,0,1,1,23,0,25,8,2013,1,8,30,0,2,3,SR-36,,107,40.49916667,-123.9882778,0,31,0,0,1,1,0,5,1,10,0,10,0,0000000,99,99,99,99,99,99,0,0,0,1,0
6,61476,1,1,0,0,0,1,1,59,1786,27,8,2013,3,2,58,0,13,6,CROWN VALLEY PKWY,,0,33.53159722,-117.7041694,0,42,0,0,1,1,0,3,3,1,0,1,0,0000000,99,99,99,99,88,88,0,0,0,1,1
6,61477,1,1,0,1,1,1,1,67,0,4,9,2013,4,8,48,0,2,4,CR-AUBURN BL,,0,38.65470278,-121.3535194,0,15,0,0,8,1,0,1,4,1,0,1,0,0000000,99,99,99,99,99,99,0,0,0,1,0
6,61478,1,1,0,0,0,2,2,45,0,7,9,2013,7,8,49,0,4,4,CR-EASTSIDE POTTER VALLEY RD,,0,39.26686389,-123.10865,0,1,0,0,1,1,0,4,1,1,0,1,0,0000000,99,99,99,99,99,99,0,0,0,1,0
6,61479,1,1,0,0,0,5,5,59,2400,1,9,2013,1,15,40,0,12,3,SR-73,,260,33.66662222,-117.8797917,0,35,0,0,1,1,0,5,1,1,0,1,0,0000000,99,99,99,99,99,99,0,0,0,1,0
6,61480,3,3,0,1,1,7,7,65,750,5,9,2013,5,22,30,0,13,6,HARRISON ST,6TH ST,0,33.67557778,-116.1816694,0,8,0,0,3,3,0,1,2,1,0,1,0,0000000,99,99,99,99,88,88,0,0,0,1,0
6,61481,2,2,0,0,0,2,2,89,0,17,9,2013,3,16,57,0,3,4,CR-PLATINA RD,,0,40.48354722,-122.5709389,0,12,6,0,8,1,0,1,1,1,0,1,0,0000000,99,99,99,99,99,99,0,0,0,1,1
6,61482,2,2,0,0,0,2,2,111,0,17,9,2013,3,18,40,1,2,3,SR-118,,152,34.27823333,-118.9217639,0,12,2,0,1,1,0,1,1,1,0,1,0,0000000,99,99,99,99,88,88,0,0,0,1,0
6,61483,1,1,0,0,0,3,3,85,0,7,9,2013,7,22,50,0,2,3,SR-35,,167,37.28075,-122.1487306,0,42,0,0,1,1,0,2,2,1,0,1,0,0000000,99,99,99,99,99,99,0,0,0,1,0
6,61484,1,1,0,0,0,1,1,67,3150,18,9,2013,4,9,17,0,14,6,BLAIR AVE,,0,38.51318889,-121.5013,0,19,0,0,1,1,0,5,1,1,0,1,0,0000000,99,99,99,99,99,99,0,0,0,1,0
6,61485,1,1,0,0,0,1,1,111,0,11,9,2013,4,3,45,1,2,3,SR-126,,345,34.40583056,-118.6951694,0,1,0,0,1,1,0,1,2,1,0,1,0,0000000,99,99,99,99,88,88,0,0,0,1,0
6,61486,1,1,0,0,0,1,1,7,0,8,9,2013,1,4,18,0,4,4,CR-PALERMO HONCUT HWY,LOUIS AVE,0,39.4252,-121.5373389,0,33,0,0,1,1,0,4,2,1,0,1,0,0000000,99,99,99,99,88,88,0,0,0,1,1
6,61487,1,1,0,0,0,2,2,55,0,2,9,2013,2,22,50,0,3,4,CR-COOMBSVILLE RD,1ST AVE,0,38.29521111,-122.2530111,0,31,0,0,3,3,0,4,2,1,0,1,0,0000000,99,99,99,99,88,88,0,0,0,2,1
6,61488,3,3,0,0,0,3,3,1,1920,23,8,2013,6,17,55,1,11,1,I-580,,127,37.7006,-121.77585,0,12,7,0,1,1,0,1,1,1,0,1,0,0000000,99,99,99,99,88,88,14,0,0,1,0
6,61489,1,1,0,1,1,1,1,81,0,18,9,2013,4,13,25,0,13,3,SR-35,ELK TREE RD,99,37.37752778,-122.2626028,0,9,0,0,2,3,0,1,1,1,0,1,0,0000000,99,99,99,99,88,88,0,0,0,1,0
6,61490,1,1,0,0,0,1,1,85,1420,24,8,2013,7,2,22,0,12,3,SR-152,,78,37.01239444,-121.6029444,0,38,0,0,1,1,0,4,2,1,0,1,0,0000000,99,99,99,99,88,88,0,0,0,1,1
6,61491,1,1,0,1,1,1,1,77,0,18,9,2013,4,23,43,0,4,4,CR-HAMMER LN,,0,38.021075,-121.2617444,0,8,0,0,1,1,0,1,3,1,0,1,0,0000000,99,99,99,99,99,99,0,0,0,1,0
6,61492,1,1,0,0,0,1,1,95,0,3,9,2013,3,0,34,1,1,1,I-680,,70,38.144,-122.1098,0,1,0,0,1,1,0,1,2,1,0,1,0,0000000,99,99,99,99,88,88,0,0,0,1,1
6,61493,2,2,0,0,0,2,2,107,0,22,8,2013,5,16,30,0,2,3,SR-43,4TH AVE,221,36.07048056,-119.5353389,0,12,6,0,2,3,0,1,1,1,0,1,0,0000000,99,99,99,99,88,88,0,0,0,1,0
6,61494,1,1,0,0,0,1,1,85,2660,24,8,2013,7,5,11,0,14,6,MIDDLEFIELD RD,SAN ANTONIO RD,0,37.41613333,-122.1031028,0,1,0,0,3,2,0,1,4,1,0,1,0,0000000,99,99,99,99,88,88,0,0,0,1,0
6,61495,2,2,0,0,0,3,3,73,3260,15,8,2013,5,15,20,1,11,1,I-8 RAMP,,61,32.77843889,-117.1063806,0,12,1,0,5,1,0,1,1,1,0,1,0,0000000,99,99,99,99,99,99,0,0,0,1,0
6,61496,1,1,0,0,0,1,1,59,2560,8,9,2013,1,13,33,1,12,3,SR-22,,94,33.77852778,-117.8968111,0,2,0,0,1,1,0,1,1,1,0,1,0,0000000,99,99,99,99,88,88,0,0,0,1,0
6,61497,2,2,0,0,0,5,5,59,3420,17,9,2013,3,8,38,0,13,6,1ST ST,SULLIVAN ST,0,33.74527778,-117.9025556,0,12,6,0,2,2,0,1,1,10,0,10,0,0000000,99,99,99,99,99,99,0,0,0,1,1
6,61498,2,2,0,0,0,3,3,99,0,17,9,2013,3,11,50,0,4,4,CR-KEYES RD,FAITH HOME RD,0,37.55116111,-120.9204111,0,12,6,0,2,2,0,1,1,1,0,1,0,0000000,99,99,99,99,99,99,0,0,0,1,1
6,61499,2,2,0,0,0,4,4,73,3260,8,9,2013,1,20,7,1,11,1,I-5,,344,32.95382222,-117.2443,0,12,6,0,1,1,0,1,3,1,0,1,0,0000000,99,99,99,99,99,99,0,0,0,1,0
6,61500,2,2,0,0,0,7,7,57,0,22,8,2013,5,18,18,0,6,4,CR-TYLER FOOTE RD,,0,39.36688056,-121.0068889,0,12,2,0,1,1,0,1,1,1,0,1,0,0000000,99,99,99,99,99,99,0,0,0,1,1
6,61501,1,1,0,0,0,3,3,75,3290,21,9,2013,7,22,0,1,11,1,I-80 RAMP,,50,37.77891111,-122.4005278,0,25,0,0,5,1,0,4,3,1,0,1,0,0000000,99,99,99,99,99,99,0,0,0,1,1
6,61502,4,4,0,0,0,8,8,37,1980,21,9,2013,7,22,25,1,12,3,SR-60,,303,34.02478889,-117.7324611,0,12,1,0,1,1,0,1,2,1,0,1,0,0000000,99,99,99,99,99,99,0,0,0,1,0
6,61503,2,2,0,0,0,3,3,37,2870,9,9,2013,2,4,25,1,11,1,I-10 RAMP,,423,34.06443889,-117.8097111,0,33,0,1,5,1,0,8,3,10,0,10,0,0000000,99,99,99,99,88,88,14,0,0,1,1
6,61504,2,2,0,0,0,5,5,37,1015,21,9,2013,7,7,45,1,12,3,SR-60,,241,34.00201111,-117.8356639,0,12,1,0,1,1,0,1,1,10,0,10,0,0000000,99,99,99,99,99,99,0,0,0,1,0
6,61505,2,2,0,0,0,4,4,47,0,23,9,2013,2,3,5,1,1,1,I-5,,56,36.92605,-120.8356889,0,12,1,0,1,1,0,1,2,1,0,1,0,0000000,99,99,99,99,99,99,0,0,0,1,0
6,61506,1,1,0,0,0,1,1,19,1370,23,8,2013,6,0,58,1,12,3,SR-99 RAMP,,0,36.50793056,-119.5502111,0,30,0,0,1,1,0,4,3,1,0,1,0,0000000,99,99,99,99,88,88,0,0,0,1,1
6,61507,1,1,0,0,0,1,1,19,0,23,9,2013,2,7,52,0,4,4,CR-ANNADALE AVE,MACDONOUGH AVE,0,36.70586111,-119.4829611,0,1,0,0,3,3,0,5,1,1,0,1,0,0000000,99,99,99,99,88,88,0,0,0,1,0
6,61508,2,2,0,0,0,4,4,99,2200,23,8,2013,6,20,13,0,14,6,W ORANGEBURG AVE,COLLEGE AVE,0,37.66396667,-121.0076139,0,12,6,0,2,2,0,1,3,1,0,1,0,0000000,99,99,99,99,99,99,0,0,0,1,0
6,61509,2,2,0,0,0,7,7,71,3,23,9,2013,2,12,19,1,12,3,SR-18,VINTON RD,1054,34.50683611,-117.4774556,0,12,2,0,2,3,0,1,1,1,0,1,0,0000000,99,99,99,99,99,99,0,0,0,1,0
6,61510,3,3,0,0,0,4,4,67,1300,23,9,2013,2,14,1,0,13,6,GREENBACK LN,NEGRO BAR,0,38.68309722,-121.1844667,0,12,6,0,2,3,0,1,1,1,0,1,0,0000000,99,99,99,99,88,88,14,0,0,1,0
6,61511,4,4,0,0,0,4,4,65,3070,24,9,2013,3,21,12,0,14,6,ARLINGTON AVE,PEGASUS DR,0,33.94575,-117.4510972,0,12,6,0,2,3,0,1,2,1,0,1,0,0000000,99,99,99,99,99,99,14,0,0,1,0
6,61512,1,1,0,1,1,1,1,59,3420,27,8,2013,3,5,12,0,14,6,EUCLID ST,,0,33.74121667,-117.9374194,0,8,0,0,1,1,1,1,3,1,0,1,0,0000000,99,99,99,99,88,88,0,0,0,1,0
6,61513,2,2,0,0,0,2,2,7,0,23,9,2013,2,13,45,0,2,3,SR-32,,2,39.75235,-121.9897194,0,12,6,0,1,1,0,1,1,1,0,1,0,0000000,99,99,99,99,99,99,0,0,0,1,0
6,61514,2,2,0,0,0,2,2,1,0,23,9,2013,2,15,30,1,12,1,I-880,,200,37.68284444,-122.1268556,0,54,11,1,18,1,0,1,1,1,0,1,0,0000000,99,99,99,99,99,99,14,0,0,1,0
6,61515,1,1,0,1,1,1,1,67,0,24,9,2013,3,6,24,0,3,4,CR-ROSEVILLE RD,,0,38.67526111,-121.3651833,0,9,0,0,1,1,0,1,4,1,0,1,0,0000000,99,99,99,99,99,99,0,0,0,1,0
6,61516,1,1,0,0,0,2,2,79,0,21,9,2013,7,17,11,0,3,4,CR-LOS OSOS VALLEY RD,,0,35.30266111,-120.7971278,0,42,0,0,1,1,0,4,1,10,0,10,0,0000000,99,99,99,99,99,99,0,0,0,1,0
6,61517,1,1,0,0,0,5,5,111,4027,24,9,2013,3,13,31,0,14,6,TELEGRAPH RD,,0,34.285725,-119.1768667,0,38,0,0,1,1,0,4,1,1,0,1,0,0000000,99,99,99,99,99,99,0,0,0,2,0
6,61518,1,1,0,1,1,1,1,37,3870,23,9,2013,2,18,11,0,14,6,CARSON ST,,0,33.83113889,-118.3475667,0,8,0,0,1,1,0,1,1,1,0,1,0,0000000,99,99,99,99,99,99,0,0,0,1,0
6,61520,1,1,0,2,2,1,1,37,1980,27,9,2013,6,3,10,0,13,6,SANTA MONICA BLVD,,0,34.0907,-118.3380528,0,8,0,0,1,1,0,1,3,1,0,1,0,0000000,99,99,99,99,88,88,0,0,0,1,0
6,61521,1,1,0,0,0,1,1,95,4010,24,9,2013,3,5,38,1,12,1,I-80,,231,38.32458056,-122.0240528,0,1,0,1,18,1,0,1,2,1,0,1,0,0000000,99,99,99,99,88,88,0,0,0,1,0
6,61522,1,1,0,1,1,4,4,37,1430,21,9,2013,7,18,17,0,14,6,E DORAN ST,,0,34.1534,-118.2428806,0,8,0,0,1,1,0,1,1,1,0,1,0,0000000,99,99,18,22,18,28,0,0,0,1,0
6,61523,2,2,0,0,0,5,5,61,0,21,9,2013,7,10,45,1,1,1,I-80,,676,39.31395,-120.4751889,0,1,0,0,1,1,0,3,1,2,0,2,0,0000000,99,99,99,99,99,99,14,0,0,1,0
6,61524,1,1,0,0,0,1,1,107,0,29,9,2013,1,21,36,0,4,4,CR-AVENUE 152,,0,36.06577778,-119.2852472,0,41,0,0,1,1,0,5,2,1,0,1,0,0000000,88,88,88,88,88,88,0,0,0,1,0
6,61525,3,3,0,0,0,4,4,71,0,27,9,2013,6,12,55,1,1,1,I-15,,1204,35.10135,-116.2648889,0,12,8,0,1,1,0,1,1,1,0,1,0,0000000,99,99,99,99,99,99,0,0,0,1,0
6,61526,1,1,0,0,0,2,2,57,0,30,9,2013,2,6,55,1,1,1,I-80,,30,39.32690833,-120.3834361,0,31,0,0,1,1,0,5,1,10,0,10,0,0000000,99,99,99,99,99,99,0,0,0,1,0
6,61527,1,1,0,1,1,1,1,37,1980,30,9,2013,2,21,50,0,14,6,48TH ST,,0,34.00000556,-118.3290694,0,8,0,0,1,1,0,1,3,1,0,1,0,0000000,99,99,99,99,99,99,0,0,0,1,0
6,61528,1,1,0,0,0,1,1,63,0,30,9,2013,2,99,99,0,6,4,CR-USFS 27N26,,0,40.05238333,-121.09115,0,35,0,0,1,1,0,5,2,1,0,1,0,0000000,88,88,88,88,88,88,0,0,0,1,1
6,61529,1,1,0,1,1,1,1,73,3260,28,9,2013,7,21,13,0,14,6,NATIONAL AVE,,0,32.69601389,-117.1240944,0,8,0,0,1,1,0,1,3,1,0,1,0,0000000,99,99,99,99,99,99,0,0,0,1,0
6,61530,3,3,0,0,0,3,3,67,3150,21,9,2013,7,15,38,1,12,2,US-50 RAMP,,14,38.56326111,-121.4911694,0,20,0,0,5,1,0,8,1,2,10,2,0,0000000,99,99,99,99,99,99,0,0,0,1,0
6,61531,3,3,0,0,0,6,6,81,180,27,9,2013,6,14,16,0,12,3,SR-82,SELBY LN,30,37.46849167,-122.2107,0,12,6,0,2,2,0,1,1,1,0,1,0,0000000,99,99,99,99,99,99,0,0,0,1,0
6,61532,1,1,0,0,0,1,1,73,710,21,9,2013,7,17,59,0,16,6,ENERGY WY,,0,32.59646111,-117.010175,0,43,0,0,1,1,0,4,1,1,0,1,0,0000000,99,99,99,99,88,88,0,0,0,1,0
6,61533,3,3,0,0,0,5,5,73,1200,29,9,2013,1,13,35,0,14,6,WASHINGTON AVE,MIDWAY DR,0,33.14147778,-117.0538556,0,12,6,0,2,2,0,1,1,1,0,1,0,0000000,99,99,99,99,99,99,0,0,0,1,0
6,61534,1,1,0,0,0,2,2,19,0,27,9,2013,6,15,30,0,4,4,CR-GOOD FELLOW AVE,,0,36.66993056,-119.50795,0,1,0,0,1,1,0,2,1,1,0,1,0,0000000,99,99,99,99,99,99,0,0,0,1,1
6,61535,2,2,0,1,1,2,2,37,810,21,9,2013,7,21,13,0,13,6,CENTRAL AVE,,0,33.88722222,-118.24975,0,8,0,0,1,1,0,1,3,1,0,1,0,0000000,99,99,99,99,88,88,0,0,0,1,0
6,61536,1,1,0,0,0,1,1,37,0,24,9,2013,3,23,37,0,4,4,CR-MOUNT BALDY RD,,0,34.20821944,-117.6759306,0,41,0,0,1,1,0,4,3,1,0,1,0,0000000,99,99,99,99,88,88,0,0,0,1,1
6,61537,2,2,0,0,0,4,4,19,0,29,9,2013,1,14,25,0,4,4,CR-AUBERRY RD,,0,37.02986667,-119.5325111,0,12,2,0,1,1,0,1,1,1,0,1,0,0000000,99,99,99,99,99,99,0,0,0,1,0
6,61538,1,1,0,0,0,1,1,29,240,28,9,2013,7,0,15,0,13,6,COFFEE RD,,0,35.36144444,-119.0920639,0,33,0,0,1,1,0,3,3,1,0,1,0,0000000,99,99,99,99,88,88,0,0,0,1,1
6,61539,2,2,0,0,0,2,2,37,1980,1,10,2013,3,14,35,1,11,1,I-405,,405,34.17503333,-118.4679056,0,12,7,0,1,1,0,1,1,1,0,1,0,0000000,99,99,99,99,88,88,0,0,0,1,0
6,61540,1,1,0,0,0,1,1,59,2400,28,9,2013,7,2,41,0,13,3,SR-1,,206,33.62474444,-117.9432944,0,33,0,0,1,1,0,3,3,1,0,1,0,0000000,2,41,99,99,88,88,0,0,0,1,1
6,61541,1,1,0,1,1,1,1,59,0,29,9,2013,1,18,6,0,13,3,SR-39,,62,33.7378,-117.9893,0,8,0,0,1,1,0,1,1,1,0,1,0,0000000,99,99,99,99,99,99,0,0,0,1,0
6,61542,1,1,0,1,1,3,3,37,810,28,9,2013,7,18,29,0,13,6,COMPTON BLVD,BURRIS AVE,0,33.89601944,-118.2115833,0,8,0,0,3,2,0,1,1,1,0,1,0,0000000,99,99,99,99,99,99,0,0,0,1,0