STATE,ST_CASE,VE_TOTAL,VE_FORMS,PVH_INVL,PEDS,PERNOTMVIT,PERMVIT,PERSONS,COUNTY,CITY,DAY,MONTH,YEAR,DAY_WEEK,HOUR,MINUTE,NHS,ROAD_FNC,ROUTE,TWAY_ID,TWAY_ID2,MILEPT,LATITUDE,LONGITUD,SP_JUR,HARM_EV,MAN_COLL,RELJCT1,RELJCT2,TYP_INT,WRK_ZONE,REL_ROAD,LGT_COND,WEATHER1,WEATHER2,WEATHER,SCH_BUS,RAIL,NOT_HOUR,NOT_MIN,ARR_HOUR,ARR_MIN,HOSP_HR,HOSP_MN,CF1,CF2,CF3,FATALS,DRUNK_DR
6,61543,3,3,0,0,0,3,3,67,0,1,10,2013,3,21,48,0,2,4,CR-HAZEL AVE,JONNIE WY,0,38.66723889,-121.2257083,0,12,6,0,2,3,0,1,3,1,0,1,0,0000000,99,99,99,99,88,88,0,0,0,1,0
6,61544,4,4,0,0,0,4,4,113,0,3,10,2013,5,23,35,0,2,3,SR-16,,316,38.68043056,-121.9577972,0,12,2,0,1,1,0,1,2,1,0,1,0,0000000,99,99,99,99,99,99,0,0,0,1,0
6,61545,2,2,0,0,0,2,2,37,1970,1,10,2013,3,16,41,0,13,6,7TH ST,TERMINO AVE,0,33.77533333,-118.1459139,0,12,6,0,2,2,0,1,1,1,0,1,0,0000000,99,99,99,99,99,99,0,0,0,1,0
6,61546,1,1,0,1,1,1,1,53,3180,4,10,2013,6,19,39,0,14,6,N MAIN ST,,0,36.69236389,-121.6521889,0,8,0,0,1,1,0,1,3,1,0,1,0,0000000,99,99,99,99,99,99,0,0,0,1,0
6,61547,1,1,0,1,1,1,1,89,0,26,9,2013,5,13,43,0,3,4,CR-HAPPY VALLEY RD,,0,40.40606111,-122.4063611,0,9,0,0,1,1,0,1,1,1,0,1,0,0000000,99,99,99,99,88,88,0,0,0,1,0
6,61548,3,2,1,0,0,3,3,23,0,29,9,2013,1,16,6,0,2,3,SR-26,,60,40.53377222,-124.0461028,0,12,2,0,1,1,0,1,1,2,10,2,0,0000000,99,99,99,99,88,88,14,0,0,1,0
6,61549,3,3,0,0,0,5,5,81,463,5,10,2013,7,3,48,1,12,2,US-101,,239,37.67716389,-122.3885667,0,12,2,0,1,1,0,1,2,1,0,1,0,0000000,99,99,99,99,99,99,0,0,0,1,1
6,61550,1,1,0,0,0,1,1,17,0,1,10,2013,3,19,35,0,5,4,CR-DEER VLY RD,,0,38.73541111,-120.9685889,0,38,0,0,1,1,0,4,2,1,0,1,0,0000000,99,99,99,99,88,88,0,0,0,1,1
6,61551,2,2,0,0,0,4,4,17,0,27,9,2013,6,10,52,1,2,2,US-50,,672,38.81784722,-120.027975,0,12,2,0,1,1,0,1,1,1,0,1,0,0000000,99,99,99,99,99,99,0,0,0,1,0
6,61552,1,1,0,2,2,1,1,67,0,2,10,2013,4,21,7,0,5,4,CR-ANDRUS ISLAND RD,,0,38.22671944,-121.5333194,0,8,0,0,1,1,0,1,2,1,0,1,0,0000000,99,99,99,99,88,88,0,0,0,2,1
6,61553,1,1,0,0,0,1,1,29,0,29,9,2013,1,16,35,0,4,4,CR-BEAR MOUNTAIN BL,,0,35.20924722,-119.1726,0,1,0,0,1,1,0,5,1,1,0,1,0,0000000,99,99,99,99,88,88,0,0,0,1,1
6,61554,1,1,0,0,0,1,1,71,0,2,10,2013,4,23,43,1,1,1,I-15,,1147,35.08493056,-116.3657,0,1,0,0,1,1,0,3,2,1,0,1,0,0000000,99,99,99,99,88,88,0,0,0,1,0
6,61555,2,2,0,0,0,2,2,73,0,3,10,2013,5,18,15,0,4,4,CR-BUCKMAN SPRINGS RD,,0,32.70913056,-116.4920111,0,12,6,0,1,1,0,1,5,1,0,1,0,0000000,99,99,99,99,88,88,0,0,0,1,0
6,61556,1,1,0,0,0,1,1,17,0,2,10,2013,4,99,99,0,6,4,CR-FOREST SRV RD,,0,38.67821111,-120.3340694,0,1,0,0,1,1,0,5,9,7,0,7,0,0000000,99,99,99,99,88,88,18,0,0,1,1
6,61557,6,6,0,0,0,18,18,19,1370,30,8,2013,6,15,40,0,12,3,SR-168,,10,36.76477778,-119.74965,0,12,1,0,1,1,0,1,1,1,0,1,0,0000000,99,99,99,99,99,99,26,14,0,1,0
6,61558,1,1,0,1,1,1,1,59,80,3,10,2013,5,22,53,0,13,6,W BALL RD,,0,33.818025,-117.8734472,0,8,0,0,1,1,0,1,3,1,0,1,0,0000000,99,99,99,99,88,88,0,0,0,1,0
6,61559,1,1,0,0,0,3,3,65,0,3,10,2013,5,4,23,0,2,4,CR-WASHINGTON ST,,0,33.766375,-116.3020972,0,42,0,0,1,1,0,3,3,1,0,1,0,0000000,99,99,99,99,99,99,0,0,0,1,0
6,61560,4,4,0,0,0,9,9,19,0,3,9,2013,3,21,46,0,4,4,CR-MILLERTON RD,,0,36.99318056,-119.7083194,0,12,6,0,1,1,0,1,2,1,0,1,0,0000000,99,99,99,99,99,99,0,0,0,1,0
6,61561,1,1,0,1,1,1,1,85,3790,3,10,2013,5,23,59,1,12,2,US-101,,445,37.39339167,-122.0040139,0,8,0,0,1,1,0,1,2,1,0,1,0,0000000,99,99,99,99,88,88,19,0,0,1,0
6,61562,2,2,0,0,0,2,2,77,1865,13,9,2013,6,14,8,0,14,6,HARLAN RD,,0,37.80721389,-121.2966056,0,12,6,0,8,1,0,1,1,1,0,1,0,0000000,99,99,99,99,99,99,0,0,0,1,1
6,61563,1,1,0,1,1,1,1,107,2880,3,10,2013,5,6,15,1,12,3,SR-65,,189,36.06219444,-119.0392917,0,8,0,0,1,1,0,1,3,1,0,1,0,0000000,99,99,99,99,88,88,0,0,0,1,0
6,61564,1,1,0,0,0,1,1,75,3290,3,10,2013,5,9,58,1,11,1,I-80 RAMP,,43,37.77348333,-122.4065028,0,33,0,0,5,1,0,4,1,1,0,1,0,0000000,99,99,99,99,88,88,0,0,0,1,0
6,61565,2,2,0,0,0,2,2,59,1410,3,10,2013,5,12,27,0,14,6,ORANGEWOOD AVE,,0,33.79556667,-118.0069306,0,12,6,0,8,1,0,1,1,1,0,1,0,0000000,99,99,99,99,88,88,0,0,0,1,1
6,61566,1,1,0,1,1,1,1,81,2980,5,10,2013,7,19,11,0,14,6,MARSHALL ST,,0,37.48761111,-122.2219278,0,8,0,0,1,1,0,1,3,1,0,1,0,0000000,99,99,99,99,88,88,0,0,0,1,0
6,61567,1,1,0,0,0,1,1,89,2950,7,10,2013,2,23,34,1,11,1,I-5,,161,40.59433611,-122.3603667,0,42,0,0,1,1,0,4,3,1,0,1,0,0000000,99,99,99,99,99,99,0,0,0,1,1
6,61568,2,2,0,0,0,2,2,19,1350,8,10,2013,3,18,2,1,12,3,SR-99 RAMP,MANNING AVE,93,36.60537222,-119.6604972,0,12,6,1,2,3,0,1,1,1,0,1,0,0000000,99,99,99,99,88,88,0,0,0,1,0
6,61569,4,4,0,0,0,5,5,71,3210,5,10,2013,7,8,55,1,11,1,I-215,,71,34.10989444,-117.3025333,0,12,1,0,1,1,0,1,1,1,0,1,0,0000000,99,99,99,99,99,99,0,0,0,1,0
6,61570,1,1,0,2,2,1,1,37,1980,6,10,2013,1,3,50,0,13,6,FIGUEROA ST,VERNON AVE,0,34.00387778,-118.2827361,0,8,0,0,3,2,0,1,3,1,0,1,0,0000000,99,99,99,99,99,99,0,0,0,1,1
6,61571,1,1,0,1,1,8,8,37,1980,5,10,2013,7,13,15,0,14,6,FLETCHER DR,,0,34.11113611,-118.2503889,0,8,0,0,1,1,0,1,1,1,0,1,0,0000000,99,99,99,99,99,99,0,0,0,1,0
6,61572,1,1,0,1,1,2,2,59,3420,5,10,2013,7,15,27,0,16,6,10TH ST,,0,33.75365,-117.8780167,0,8,0,0,1,1,0,1,1,99,0,99,0,0000000,99,99,99,99,99,99,0,0,0,1,0
6,61573,2,2,0,0,0,5,5,83,0,29,8,2013,5,14,46,0,4,4,CR-PHILBRIC RD,,0,34.93209444,-120.3738889,0,12,8,0,1,1,0,1,1,1,0,1,0,0000000,99,99,99,99,99,99,0,0,0,2,0
6,61574,1,1,0,0,0,1,1,29,0,6,10,2013,1,4,0,1,12,3,SR-99,,199,35.27133889,-119.0237889,0,30,0,0,1,1,0,4,3,1,0,1,0,0000000,99,99,99,99,88,88,0,0,0,1,0
6,61575,3,3,0,0,0,4,4,109,0,6,10,2013,1,6,56,1,2,3,SR-120,,94,37.86118056,-120.5119972,0,12,2,0,1,1,0,1,1,1,0,1,0,0000000,99,99,99,99,88,88,0,0,0,2,0
6,61576,1,1,0,2,2,1,1,79,2290,2,9,2013,2,11,38,0,12,3,SR-1,,296,35.45297222,-120.9029194,0,9,0,0,1,1,0,1,1,1,0,1,0,0000000,99,99,99,99,99,99,0,0,0,1,1
6,61577,1,1,0,1,1,1,1,37,3470,9,10,2013,4,0,8,0,13,3,SR-1,PIER AVE,335,34.00418611,-118.4726333,0,8,0,0,2,3,0,1,3,1,0,1,0,0000000,99,99,99,99,88,88,0,0,0,1,0
6,61578,1,1,0,0,0,2,2,73,0,6,10,2013,1,9,50,0,4,4,CR-WILLOWS RD,,0,32.83948056,-116.7119111,0,1,0,0,1,1,0,4,1,1,0,1,0,0000000,99,99,99,99,99,99,0,0,0,1,0
6,61579,2,2,0,0,0,3,3,37,2970,9,10,2013,4,17,35,0,13,6,AVIATION BLVD,BATAAN RD,0,33.884725,-118.3786083,0,12,6,0,3,2,0,1,1,10,0,10,0,0000000,99,99,99,99,99,99,0,0,0,1,0
6,61580,1,1,0,1,1,2,2,73,3260,27,9,2013,6,21,37,1,11,1,I-5,,133,32.69433889,-117.1311,0,8,0,0,1,1,0,1,2,1,0,1,0,0000000,99,99,99,99,88,88,0,0,0,1,0
6,61581,1,1,0,0,0,1,1,73,0,8,9,2013,1,21,5,1,2,1,I-5,,679,33.35763889,-117.5333389,0,33,0,0,1,1,0,5,2,1,0,1,0,0000000,99,99,99,99,88,88,0,0,0,1,1
6,61582,2,2,0,0,0,2,2,71,0,6,10,2013,1,11,5,0,6,4,CR-CENTOLA RD,,0,34.41005278,-117.5447972,0,12,2,0,1,1,0,1,1,1,0,1,0,0000000,99,99,99,99,99,99,0,0,0,1,0
6,61583,1,1,0,0,0,3,3,81,0,24,9,2013,3,19,10,0,2,3,SR-84,,81,37.31541944,-122.29135,0,1,0,0,1,1,0,1,2,1,0,1,0,0000000,99,99,99,99,99,99,0,0,0,1,1
6,61584,3,3,0,0,0,4,4,37,3455,6,10,2013,1,16,49,0,13,6,WASHINGTON BLVD,,0,33.96962778,-118.0611306,0,1,0,0,1,1,0,1,1,1,0,1,0,0000000,99,99,99,99,99,99,14,0,0,1,1
6,61585,2,1,1,0,2,1,3,65,9997,6,10,2013,1,16,55,1,12,3,SR-60,,83,34.01141944,-117.4344694,0,14,0,0,1,1,0,2,1,1,0,1,0,0000000,99,99,99,99,99,99,23,0,0,1,0
6,61586,1,1,0,0,0,2,2,81,4259,27,9,2013,6,22,45,0,13,3,SR-84,,186,37.41026944,-122.2597278,0,5,0,0,1,1,0,1,2,1,0,1,0,0000000,99,99,99,99,99,99,0,0,0,1,0
6,61587,2,1,1,0,0,3,3,25,0,4,10,2013,6,7,20,0,2,3,SR-98,,375,32.69388889,-115.4167389,0,14,0,0,1,1,0,2,1,1,0,1,0,0000000,99,99,99,99,99,99,0,0,0,1,0
6,61588,1,1,0,0,0,1,1,73,1685,5,10,2013,7,21,3,0,16,6,ENCINA AVE,8TH ST,0,32.58013611,-117.1155444,0,1,0,0,2,3,0,1,3,1,0,1,0,0000000,99,99,99,99,99,99,0,0,0,1,1
6,61589,1,1,0,1,1,2,2,85,3340,27,9,2013,6,23,5,1,12,1,I-280,,27,37.32316944,-121.8950639,0,15,0,0,1,1,0,1,2,1,0,1,0,0000000,99,99,99,99,88,88,0,0,0,1,0
6,61590,4,4,0,0,0,5,5,37,1980,17,1,2013,5,23,40,1,12,3,SR-118 RAMP,,103,34.26610278,-118.4622528,0,52,0,1,5,1,0,8,2,1,0,1,0,0000000,99,99,99,99,99,99,0,0,0,1,1
6,61591,1,1,0,1,1,1,1,37,1980,6,10,2013,1,20,25,0,13,6,OLYMPIC BLVD,,0,34.05240556,-118.2892722,0,8,0,0,1,1,0,1,3,1,0,1,0,0000000,99,99,99,99,99,99,0,0,0,1,0
6,61592,1,1,0,0,0,1,1,63,0,5,10,2013,7,21,5,0,6,4,CR-ASPEN ST,1ST AVE,0,40.30628889,-121.2274111,0,38,0,0,3,3,0,4,3,1,0,1,0,0000000,99,99,99,99,88,88,0,0,0,1,0
6,61593,2,1,1,0,0,2,2,111,4027,8,10,2013,3,8,37,0,14,6,TELEGRAPH RD,,0,34.27387778,-119.242875,0,43,0,0,1,1,0,4,1,1,0,1,0,0000000,99,99,99,99,99,99,0,0,0,2,0
6,61594,1,1,0,1,1,1,1,37,1980,7,10,2013,2,0,15,0,13,6,VENTURA BLVD,GAVIOTA AVE,0,34.15607778,-118.4815944,0,8,0,0,3,2,0,1,3,1,0,1,0,0000000,99,99,99,99,88,88,0,0,0,1,0
6,61595,5,5,0,0,0,12,12,73,3260,7,10,2013,2,8,50,1,11,1,I-8,,8,32.76068889,-117.1933,0,12,1,0,1,1,0,1,1,1,0,1,0,0000000,99,99,99,99,99,99,14,28,0,1,0
6,61596,1,1,0,0,0,3,3,85,3340,6,10,2013,1,1,50,0,13,6,BLOSSOM HILL RD,WINFIELD BL,0,37.2503,-121.8664972,0,30,0,0,3,2,0,4,3,1,0,1,0,0000000,99,99,99,99,99,99,0,0,0,1,1
6,61597,2,2,0,0,0,2,2,1,2480,4,2,2013,2,11,25,0,14,6,FOOTHILL BL,36TH AVE,0,37.78081389,-122.2186611,0,12,2,0,3,2,0,1,1,10,0,10,0,0000000,99,99,99,99,99,99,0,0,0,1,0
6,61598,2,2,0,0,0,6,6,65,2730,26,4,2013,6,23,50,0,16,6,4TH ST,,0,33.78191389,-117.2422722,0,12,2,0,1,1,0,1,3,1,0,1,0,0000000,99,99,99,99,99,99,0,0,0,1,0
6,61599,4,4,0,0,0,7,7,59,972,13,10,2013,1,13,18,0,13,6,PACIFIC COAST HWY,,0,33.45138333,-117.6597111,0,12,7,0,1,1,0,1,1,1,0,1,0,0000000,99,99,99,99,99,99,0,0,0,2,1
6,61600,2,2,0,0,0,2,2,77,0,10,10,2013,5,7,45,1,2,3,SR-12,,5,38.11540556,-121.4870694,0,12,2,0,1,1,0,1,1,1,0,1,0,0000000,99,99,99,99,99,99,0,0,0,1,0
6,61601,2,2,0,0,0,2,2,19,0,11,10,2013,6,16,0,0,4,4,CR-BETHEL AVE,CR-DINUBA AVE,0,36.59056944,-119.5748639,0,12,6,0,2,2,0,1,1,1,0,1,0,0000000,99,99,99,99,99,99,0,0,0,1,0
6,61602,1,1,0,1,1,1,1,67,0,27,4,2013,7,5,20,1,11,1,I-80,,50,38.64055,-121.4778139,0,8,0,1,18,1,1,1,3,1,0,1,0,0000000,99,99,99,99,88,88,0,0,0,1,0
6,61603,1,1,0,1,1,1,1,59,1345,11,10,2013,6,18,9,0,14,6,HEIL AVE,,0,33.72377222,-117.9207222,0,8,0,0,1,1,0,1,5,1,0,1,0,0000000,99,99,99,99,99,99,0,0,0,1,0
6,61604,1,1,0,1,1,1,1,1,340,1,6,2013,7,4,25,1,11,1,I-80,,58,37.86637222,-122.3035139,0,9,0,1,18,1,0,1,2,1,0,1,0,0000000,99,99,99,99,88,88,0,0,0,1,0
6,61605,1,1,0,1,1,1,1,67,0,28,9,2013,7,2,36,0,2,4,CR-BRADSHAW RD,,0,38.53667778,-121.3349611,0,8,0,0,1,1,0,1,2,1,0,1,0,0000000,99,99,99,99,88,88,0,0,0,1,0
6,61606,1,1,0,1,1,1,1,65,1690,4,6,2013,3,17,51,0,16,6,CARREON BL,,0,33.70737778,-116.2374889,0,15,0,0,1,1,0,1,1,1,0,1,0,0000000,99,99,99,99,99,99,0,0,0,1,0
6,61607,1,1,0,0,0,3,3,59,450,13,10,2013,1,14,0,1,12,3,SR-57,,214,33.93258889,-117.8793306,0,25,0,0,1,1,0,3,1,1,0,1,0,0000000,99,99,99,99,99,99,0,0,0,1,0
6,61608,1,1,0,0,0,1,1,1,2370,11,10,2013,6,21,46,0,13,6,NEWARK BLVD,,0,37.53791944,-122.0326694,0,42,0,0,1,1,0,4,3,1,0,1,0,0000000,99,99,99,99,99,99,0,0,0,1,1
6,61609,1,1,0,0,0,1,1,71,0,8,3,2013,6,16,8,0,4,4,CR-FLORIDA AVE,,0,34.08579722,-117.1089111,0,34,0,0,1,1,0,5,1,2,0,2,0,0000000,99,99,99,99,88,88,0,0,0,1,1
6,61610,1,1,0,0,0,2,2,5,0,12,10,2013,7,10,25,1,2,3,SR-88,,432,38.53876944,-120.3965306,0,42,0,0,1,1,0,4,1,1,0,1,0,0000000,99,99,99,99,88,88,0,0,0,1,0
6,61611,2,2,0,0,0,3,3,59,4130,7,10,2013,2,21,2,0,14,6,EDWARDS ST,,0,33.74851389,-118.0157139,0,12,6,0,8,1,0,1,3,1,0,1,0,0000000,99,99,99,99,99,99,0,0,0,2,0
6,61612,1,1,0,1,1,3,3,37,1980,28,9,2013,7,14,0,0,16,6,VICTORIA AVE,60TH ST,0,33.9845,-118.3323111,0,8,0,0,1,1,0,1,1,1,0,1,0,0000000,99,99,99,99,99,99,0,0,0,1,0
6,61613,1,1,0,1,1,1,1,71,1603,20,7,2013,7,7,58,0,14,6,3RD AVE,SMOKE TREE ST,0,34.42608889,-117.3058917,0,8,0,0,2,2,0,1,1,1,0,1,0,0000000,99,99,99,99,99,99,0,0,0,1,0
6,61614,3,3,0,5,5,1,1,37,1970,17,3,2013,1,3,6,1,11,1,I-710,,98,33.83,-118.2085889,0,12,7,1,18,1,0,1,3,1,0,1,0,0000000,99,99,99,99,99,99,19,23,0,2,0
6,61615,1,1,0,0,0,8,8,19,0,16,2,2013,7,15,50,1,1,1,I-5,,390,36.53898889,-120.4984111,0,1,0,0,1,1,2,3,1,1,0,1,0,0000000,99,99,99,99,99,99,0,0,0,2,0
6,61616,1,1,0,2,2,1,1,71,1603,1,7,2013,2,1,33,0,13,6,MAIN ST,,0,34.42667222,-117.36695,0,9,0,0,1,1,0,1,2,1,0,1,0,0000000,99,99,99,99,99,99,15,0,0,1,0
6,61617,4,2,2,0,0,3,3,1,2480,4,8,2013,1,4,47,0,14,6,FOOTHILL BLVD,41ST AVE,0,37.77648611,-122.2138556,0,12,6,0,2,2,0,1,3,10,0,10,0,0000000,99,99,99,99,99,99,14,20,0,1,0
6,61618,1,1,0,1,1,3,3,67,3150,7,10,2013,2,13,36,0,14,6,NATOMAS BLVD,N BEND DR,0,38.66161111,-121.5112944,0,9,0,0,3,3,0,1,1,1,0,1,0,0000000,99,99,99,99,99,99,0,0,0,1,0
6,61619,1,1,0,1,1,1,1,99,0,6,8,2013,3,21,45,0,4,4,CR-MORRILL RD,,0,37.72541944,-120.9643889,0,8,0,0,1,1,0,1,2,1,0,1,0,0000000,99,99,99,99,99,99,0,0,0,1,0
6,61620,1,1,0,0,0,1,1,13,2090,23,6,2013,1,2,45,1,12,3,SR-4,,129,37.99636944,-122.0652056,0,38,0,0,1,1,0,5,2,1,0,1,0,0000000,99,99,99,99,88,88,0,0,0,1,0
6,61621,1,1,0,0,0,1,1,73,710,1,7,2013,2,7,55,0,14,6,MAIN ST,,0,32.59465278,-117.0231028,0,33,0,0,1,1,0,3,1,1,0,1,0,0000000,99,99,99,99,99,99,0,0,0,1,0
6,61622,2,2,0,0,0,2,2,71,1305,14,8,2013,4,0,58,0,3,4,CR-MERRILL AVE,,0,34.10649444,-117.4703694,0,12,2,0,1,1,0,1,2,1,0,1,0,0000000,99,99,99,99,88,88,0,0,0,1,2
6,61623,2,2,0,0,0,3,3,107,0,10,10,2013,5,12,0,0,4,4,CR-AVENUE 304,,0,36.34168889,-119.4247694,0,12,6,0,8,1,0,1,1,1,0,1,0,0000000,88,88,88,88,88,88,0,0,0,1,0
6,61624,1,1,0,1,1,1,1,67,0,7,10,2013,2,18,6,0,3,4,CR-FLORIN RD,EAST PKWY,0,38.49603611,-121.4512556,0,9,0,0,3,2,0,1,1,1,0,1,0,0000000,99,99,99,99,88,88,16,0,0,1,0
6,61625,1,1,0,0,0,4,4,67,3150,17,2,2013,1,23,10,1,11,1,I-80 RAMP,,23,38.62301667,-121.5187222,0,33,0,1,5,1,0,4,2,1,0,1,0,0000000,99,99,99,99,99,99,0,0,0,1,0
6,61626,1,1,0,0,0,1,1,95,0,10,10,2013,5,21,30,0,14,4,CR-LOPES RD,,0,38.12993889,-122.1080806,0,35,0,0,1,1,0,5,2,1,0,1,0,0000000,88,88,88,88,88,88,0,0,0,1,1
6,61627,1,1,0,1,1,1,1,73,3260,11,10,2013,6,15,45,0,15,6,MARGERUM AVE,NAVAJO RD,0,32.79632778,-117.0643083,0,8,0,0,2,2,0,1,1,1,0,1,0,0000000,99,99,99,99,88,88,0,0,0,1,0
6,61628,2,2,0,0,0,3,3,93,0,6,7,2013,7,16,0,1,1,1,I-5,,683,41.9886,-122.6076,0,12,7,0,1,1,0,1,1,1,0,1,0,0000000,99,99,99,99,88,88,0,0,0,1,0
6,61629,2,2,0,0,0,3,3,67,3150,14,7,2013,1,1,50,1,12,3,SR-99,W ELVERTA RD,354,38.71556111,-121.5402444,0,12,6,0,2,3,1,1,3,1,0,1,0,0000000,99,99,99,99,99,99,0,0,0,1,1
6,61630,1,1,0,0,0,1,1,19,740,7,10,2013,2,20,14,0,13,6,HERNDON AVE,FOWLER AVE,0,36.83617778,-119.6839444,0,33,0,0,3,2,0,4,3,1,0,1,0,0000000,99,99,99,99,99,99,0,0,0,1,0
6,61631,3,3,0,0,0,5,5,71,680,23,9,2013,2,11,2,1,12,3,SR-60,,26,34.03036111,-117.6855139,0,12,1,0,1,1,0,1,1,1,0,1,0,0000000,99,99,99,99,99,99,19,0,0,2,0
6,61632,1,1,0,1,1,1,1,37,0,4,3,2013,2,9,5,0,2,4,CR-CRENSHAW BLVD,,0,33.89578333,-118.3266444,0,8,0,0,1,1,0,1,1,1,0,1,0,0000000,99,99,99,99,99,99,0,0,0,1,0
6,61633,1,1,0,0,0,5,5,29,0,18,7,2013,5,16,7,1,2,3,SR-14,,398,35.45983889,-117.9673389,0,35,0,0,1,1,0,5,1,1,0,1,0,0000000,99,99,99,99,99,99,0,0,0,2,1
6,61634,3,3,0,0,0,3,3,71,1305,9,8,2013,6,4,13,1,11,1,I-10,,120,34.06546389,-117.5038917,0,12,1,0,1,1,0,1,3,1,0,1,0,0000000,99,99,99,99,88,88,0,0,0,1,0
6,61635,3,3,0,0,0,3,3,87,0,9,9,2013,2,15,24,0,13,3,SR-35,BEAR MOUNTAIN RD,0,37.16605,-122.0304861,0,54,11,0,2,3,0,1,1,1,0,1,0,0000000,99,99,99,99,99,99,14,0,0,1,2
6,61636,1,1,0,2,2,2,2,1,2840,12,10,2013,7,20,37,0,15,6,SANTA RITA RD,FRANCISCO ST,0,37.67487222,-121.872925,0,8,0,0,3,3,0,1,3,1,0,1,0,0000000,99,99,99,99,99,99,0,0,0,1,1
6,61637,1,1,0,0,0,1,1,65,0,14,10,2013,2,21,35,0,4,4,CR-CAJALCO RD,,0,33.83883056,-117.3084694,0,17,0,0,1,1,0,4,2,1,0,1,0,0000000,99,99,99,99,88,88,0,0,0,1,1
6,61638,2,2,0,0,0,7,7,99,640,11,3,2013,2,6,20,1,12,3,SR-99,,116,37.59076944,-120.956,0,12,1,0,1,1,0,1,2,1,0,1,0,0000000,99,99,99,99,99,99,0,0,0,3,0
6,61639,1,1,0,3,3,1,1,37,1980,14,9,2013,7,2,45,0,13,6,CESAR E CHAVEZ AVE,,0,34.05538889,-118.2282389,0,9,0,0,1,1,0,1,3,1,0,1,0,0000000,99,99,99,99,99,99,0,0,0,1,1
6,61640,2,2,0,0,0,2,2,1,2480,12,9,2013,5,17,35,1,11,1,I-880,OAK ST,311,37.79522222,-122.2663611,0,12,1,0,1,1,0,1,1,1,0,1,0,0000000,99,99,99,99,88,88,0,0,0,1,1
6,61641,1,1,0,1,1,2,2,73,3260,13,10,2013,1,18,33,0,16,6,SCRIPPS ST,SCRIPPS WAY,0,32.84963611,-117.2160556,0,8,0,0,2,3,0,1,5,10,0,10,0,0000000,99,99,99,99,99,99,0,0,0,1,0
6,61642,1,1,0,0,0,1,1,29,0,13,10,2013,1,19,30,0,2,3,SR-155,,122,35.76133056,-119.0323,0,1,0,0,1,1,0,1,2,1,0,1,0,0000000,99,99,99,99,88,88,0,0,0,1,0
6,61643,5,5,0,0,0,7,7,1,2480,15,9,2013,1,1,30,1,11,1,I-880,,248,37.73196111,-122.1888833,0,12,1,0,1,1,1,1,3,10,0,10,0,0000000,99,99,99,99,88,88,19,23,0,1,2
6,61644,1,1,0,0,0,1,1,19,0,13,10,2013,1,99,99,1,2,3,SR-180,,863,36.72246944,-119.3085694,0,17,0,0,1,1,0,5,1,1,0,1,0,0000000,99,99,99,99,88,88,0,0,0,1,0
6,61645,1,1,0,2,2,2,2,59,3420,14,10,2013,2,7,41,0,16,6,CENTRAL AVE,RAMONA DR,0,33.71249167,-117.8781111,0,8,0,0,3,2,0,1,1,1,0,1,0,0000000,99,99,99,99,99,99,0,0,0,2,0
6,61646,2,2,0,0,0,3,3,29,240,12,10,2013,7,21,22,0,14,6,PLANZ RD,,0,35.32503889,-119.0504722,0,12,2,0,1,1,0,1,3,1,0,1,0,0000000,99,99,99,99,99,99,0,0,0,1,1
6,61647,1,1,0,0,0,1,1,57,0,14,10,2013,2,11,39,1,1,1,I-80,,27,39.32809722,-120.3860972,0,59,0,0,1,1,0,5,1,1,0,1,0,0000000,99,99,99,99,99,99,0,0,0,1,0
6,61649,2,2,0,0,0,7,7,65,9997,12,10,2013,7,21,58,0,13,6,LEMONITE AVE,,0,33.97557222,-117.5023694,0,12,2,0,1,1,0,1,2,1,0,1,0,0000000,99,99,99,99,99,99,0,0,0,3,1
6,61650,2,2,0,0,0,9,9,37,1980,14,10,2013,2,14,45,0,13,6,LAUREL CYN BL,SATICOY ST,0,34.20848056,-118.3965111,0,12,6,0,2,2,0,1,1,1,0,1,0,0000000,99,99,99,99,99,99,0,0,0,1,0
6,61651,1,1,0,1,1,1,1,59,3250,8,9,2013,1,1,24,0,14,6,CAMINO DE LOS MARES,,0,33.46246944,-117.6422306,0,8,0,0,1,1,0,1,3,1,0,1,0,0000000,99,99,99,99,88,88,0,0,0,1,0
6,61652,3,3,0,0,0,3,3,107,0,15,10,2013,3,7,14,1,12,3,SR-99,,403,36.34498889,-119.4224889,0,25,0,0,1,1,1,3,1,1,0,1,0,0000000,99,99,99,99,99,99,14,0,0,1,0
6,61653,2,2,0,0,0,3,3,111,1280,12,10,2013,7,22,5,1,13,3,SR-126,SANTA CLARA ST,215,34.39917222,-118.9040333,0,12,6,0,2,3,0,1,3,1,0,1,0,0000000,99,99,99,99,88,88,0,0,0,1,0
6,61654,1,1,0,0,0,1,1,85,1420,13,10,2013,1,2,56,0,15,6,MURRAY AVE,CHESTNUT ST,0,37.01251944,-121.5642111,0,33,0,0,3,10,0,4,2,1,0,1,0,0000000,99,99,99,99,88,88,0,0,0,1,1
6,61655,1,1,0,1,1,1,1,59,1790,15,10,2013,3,22,26,0,13,3,SR-91,,9,33.91730278,-117.9606306,0,8,0,0,8,1,0,1,3,1,0,1,0,0000000,99,99,99,99,99,99,0,0,0,1,0
6,61656,2,2,0,0,0,2,2,73,0,13,10,2013,1,9,31,0,2,3,SR-79,,163,33.03546944,-116.5628611,0,1,0,0,1,1,0,1,1,1,0,1,0,0000000,99,99,99,99,99,99,14,0,0,1,0