STATE,ST_CASE,VE_TOTAL,VE_FORMS,PVH_INVL,PEDS,PERNOTMVIT,PERMVIT,PERSONS,COUNTY,CITY,DAY,MONTH,YEAR,DAY_WEEK,HOUR,MINUTE,NHS,ROAD_FNC,ROUTE,TWAY_ID,TWAY_ID2,MILEPT,LATITUDE,LONGITUD,SP_JUR,HARM_EV,MAN_COLL,RELJCT1,RELJCT2,TYP_INT,WRK_ZONE,REL_ROAD,LGT_COND,WEATHER1,WEATHER2,WEATHER,SCH_BUS,RAIL,NOT_HOUR,NOT_MIN,ARR_HOUR,ARR_MIN,HOSP_HR,HOSP_MN,CF1,CF2,CF3,FATALS,DRUNK_DR
6,61657,1,1,0,0,0,1,1,47,2150,13,10,2013,1,15,9,0,14,6,V ST,,0,37.30154444,-120.5015361,0,33,0,0,1,1,0,4,1,1,0,1,0,0000000,99,99,99,99,99,99,0,0,0,1,0
6,61658,2,2,0,0,0,4,4,71,0,13,10,2013,1,16,10,0,4,4,CR-SHEEP CRK RD,DUNCAN RD,0,34.46987778,-117.5727389,0,12,6,0,2,2,0,1,1,1,0,1,0,0000000,99,99,99,99,99,99,0,0,0,1,0
6,61659,2,2,0,0,0,2,2,37,1970,14,8,2013,4,2,43,0,13,3,SR-1,,1,33.78983056,-118.2197806,0,12,2,0,1,1,0,11,3,10,0,10,0,0000000,99,99,99,99,88,88,0,0,0,1,0
6,61660,1,1,0,1,1,1,1,29,0,16,10,2013,4,20,15,0,2,4,CR-OSWELL ST,,0,35.37171944,-118.9498694,0,33,0,0,1,1,0,4,3,1,0,1,0,0000000,99,99,99,99,99,99,0,0,0,1,1
6,61661,2,2,0,0,0,3,3,77,0,17,10,2013,5,11,40,1,1,1,I-5 RAMP,,234,37.90889444,-121.288175,0,20,0,1,5,1,1,4,1,1,0,1,0,0000000,99,99,99,99,99,99,14,0,0,1,1
6,61662,2,2,0,0,0,2,2,29,0,17,10,2013,5,4,15,0,4,4,CR-COMANCHE,,0,35.37773889,-118.8481111,0,12,2,0,1,1,0,1,2,1,0,1,0,0000000,99,99,99,99,99,99,0,0,0,1,1
6,61663,1,1,0,0,0,1,1,111,0,16,10,2013,4,19,1,0,2,3,SR-23,,190,34.3437,-118.9057889,0,35,0,0,1,1,0,4,2,1,0,1,0,0000000,99,99,99,99,88,88,0,0,0,1,0
6,61664,2,2,0,0,0,2,2,53,3180,17,10,2013,5,13,46,0,14,6,W ROSSI,SANSOME ST,0,36.68275833,-121.6583639,0,12,6,0,2,3,0,1,1,1,0,1,0,0000000,99,99,99,99,99,99,0,0,0,1,0
6,61665,2,2,0,0,0,2,2,65,1801,20,10,2013,1,16,5,1,11,1,I-15,,246,33.71716944,-117.3624944,0,12,1,0,1,1,0,1,1,1,0,1,0,0000000,99,99,99,99,99,99,0,0,0,1,0
6,61666,1,1,0,1,1,1,1,29,0,18,10,2013,6,23,1,0,13,3,SR-184,WHARTON,11,35.25356111,-118.9142389,0,8,0,0,3,2,0,1,3,1,0,1,0,0000000,99,99,99,99,88,88,0,0,0,1,1
6,61667,1,1,0,2,2,1,1,65,750,20,10,2013,1,19,6,0,15,6,CALHOUN ST,,0,33.69055,-116.2078167,0,8,0,0,1,1,0,4,2,1,0,1,0,0000000,99,99,99,99,99,99,0,0,0,1,1
6,61668,1,1,0,0,0,1,1,65,9997,19,10,2013,7,2,28,0,14,6,MISSION BLVD,,0,33.99155833,-117.3963472,0,33,0,0,1,1,0,4,3,1,0,1,0,0000000,99,99,99,99,88,88,0,0,0,1,1
6,61669,1,1,0,1,1,1,1,59,1660,10,9,2013,3,13,55,0,13,6,WARNER AVE,SPRINGDALE ST,0,33.71553056,-118.0239361,0,8,0,0,3,2,2,1,1,1,0,1,0,0000000,99,99,99,99,88,88,0,0,0,1,0
6,61670,2,2,0,0,0,6,6,71,0,19,10,2013,7,3,0,1,1,1,I-15,,1347,35.24391111,-116.09485,0,12,1,0,1,1,0,1,2,1,0,1,0,0000000,99,99,99,99,99,99,0,0,0,1,1
6,61672,1,1,0,0,0,4,4,73,0,19,10,2013,7,5,55,1,12,3,SR-125,,116,32.72911944,-117.0152389,0,1,0,0,1,1,0,3,3,1,0,1,0,0000000,99,99,99,99,99,99,0,0,0,1,1
6,61673,1,1,0,0,0,2,2,37,1045,14,10,2013,2,23,14,0,13,6,LAKEWOOD BLVD,CLETA ST,0,33.93067222,-118.12765,0,33,0,0,3,3,0,3,3,1,0,1,0,0000000,99,99,99,99,99,99,0,0,0,1,1
6,61674,2,2,0,0,0,4,4,71,0,20,10,2013,1,19,58,0,3,4,CR-PIONEERTOWN RD,,0,34.15455278,-116.4883861,0,12,2,0,1,1,0,1,2,1,0,1,0,0000000,20,5,20,15,99,99,0,0,0,1,1
6,61675,1,1,0,0,0,2,2,73,0,19,10,2013,7,17,40,1,1,1,I-15,,480,33.35315556,-117.159125,0,42,0,0,1,1,0,4,1,1,0,1,0,0000000,99,99,99,99,99,99,0,0,0,2,0
6,61676,1,1,0,1,1,3,3,67,0,9,10,2013,4,20,25,0,3,4,CR-CYPRESS AVE,,0,38.639175,-121.3495111,0,8,0,0,1,1,0,1,2,1,0,1,0,0000000,99,99,99,99,88,88,0,0,0,1,0
6,61677,1,1,0,1,1,1,1,37,1980,21,10,2013,2,3,0,0,14,6,GAFFEY ST,,0,33.77334722,-118.2951944,0,8,0,0,1,1,0,1,2,1,0,1,0,0000000,99,99,99,99,88,88,0,0,0,1,0
6,61678,1,1,0,1,1,1,1,37,1980,19,10,2013,7,19,0,0,13,6,FOOTHILL BLVD,MCVINE AVE,0,34.259675,-118.3114083,0,9,0,0,3,2,0,1,3,1,0,1,0,0000000,99,99,99,99,88,88,16,0,0,1,0
6,61679,2,2,0,0,0,2,2,13,1590,4,9,2013,4,11,5,1,11,1,I-80,,100,38.01471944,-122.2698,0,12,7,0,1,1,0,1,1,1,0,1,0,0000000,99,99,99,99,99,99,0,0,0,1,0
6,61680,1,1,0,1,1,2,2,97,0,19,10,2013,7,19,25,0,4,4,CR-MIRABEL RD,,0,38.47596111,-122.89485,0,9,0,0,1,1,0,1,2,1,0,1,0,0000000,99,99,99,99,88,88,0,0,0,1,0
6,61681,1,1,0,1,1,2,2,13,0,11,9,2013,4,20,30,0,2,4,CR-BAILEY RD,,0,38.02225278,-121.9418139,0,8,0,0,1,1,0,1,3,1,0,1,0,0000000,99,99,99,99,99,99,0,0,0,1,0
6,61682,1,1,0,0,0,1,1,73,4060,19,10,2013,7,21,0,0,13,6,THIBODO RD,,0,33.17124444,-117.2259278,0,33,0,0,1,1,0,4,3,1,0,1,0,0000000,99,99,99,99,88,88,0,0,0,1,1
6,61683,1,1,0,1,1,2,2,37,0,6,4,2013,7,0,30,0,2,4,CR-STOCKER ST,,0,34.00465,-118.3418194,0,8,0,0,1,1,0,1,2,1,0,1,0,0000000,99,99,99,99,99,99,0,0,0,1,0
6,61684,1,1,0,0,0,5,5,73,0,6,10,2013,1,3,15,0,3,4,CR-WILLOW GLEN RD,,0,33.40698889,-117.2029806,0,31,0,0,1,1,0,4,2,1,0,1,0,0000000,99,99,99,99,99,99,0,0,0,1,1
6,61685,1,1,0,1,1,1,1,37,1980,19,10,2013,7,21,0,0,13,6,SAN FERNANDO RD,,0,34.27288056,-118.4292972,0,8,0,0,1,1,0,1,2,1,0,1,0,0000000,99,99,99,99,99,99,0,0,0,1,0
6,61686,1,1,0,0,0,1,1,99,0,12,10,2013,7,99,99,0,4,4,CR-BRADBURY ROAD,CR-CROWS LANDING ROAD,0,37.44933889,-121.0036194,0,30,0,0,3,3,0,4,3,1,0,1,0,0000000,99,99,99,99,88,88,0,0,0,1,1
6,61687,1,1,0,0,0,2,2,67,0,24,5,2013,6,11,20,1,12,3,SR-99,,88,38.36381944,-121.3488389,0,21,0,0,1,1,0,4,1,1,0,1,0,0000000,99,99,99,99,99,99,0,0,0,1,0
6,61688,1,1,0,0,0,1,1,57,0,19,10,2013,7,23,3,1,2,3,SR-20,,223,39.2849,-120.9641,0,42,0,0,8,1,0,4,2,1,0,1,0,0000000,99,99,99,99,88,88,0,0,0,1,1
6,61689,1,1,0,0,0,7,7,19,1370,4,5,2013,7,5,28,1,12,3,SR-99,,168,36.68731111,-119.7529694,0,1,0,0,1,1,0,2,4,1,0,1,0,0000000,99,99,99,99,99,99,0,0,0,2,0
6,61690,1,1,0,0,0,1,1,13,0,28,7,2013,1,22,13,1,11,1,I-580,,3,37.90158333,-122.3150389,0,38,0,0,1,1,0,4,2,1,0,1,0,0000000,99,99,99,99,88,88,0,0,0,1,1
6,61691,1,1,0,0,0,1,1,29,0,19,10,2013,7,23,44,0,2,3,SR-43,,135,35.45755,-119.2610889,0,59,0,0,1,1,0,4,2,1,0,1,0,0000000,99,99,99,99,88,88,0,0,0,1,1
6,61692,2,2,0,0,0,2,2,65,750,7,5,2013,3,0,5,0,16,6,INDUSTRIAL WY,,0,33.667675,-116.1598972,0,33,0,0,1,1,0,4,2,1,0,1,0,0000000,99,99,99,99,99,99,0,0,0,1,0
6,61693,2,2,0,0,0,3,3,37,3870,29,4,2013,2,21,20,0,13,6,SEPULVEDA BLVD,PALOS VERDES BLVD,0,33.82696667,-118.3692389,0,12,6,0,2,2,0,1,3,1,0,1,0,0000000,99,99,99,99,99,99,0,0,0,1,0
6,61694,2,2,0,0,0,3,3,59,1660,9,9,2013,2,13,17,0,13,6,GARFIELD AVE,BROOKHURST ST,0,33.68687778,-117.9540778,0,12,2,0,2,2,0,1,1,1,0,1,0,0000000,99,99,99,99,99,99,0,0,0,1,0
6,61695,1,1,0,0,0,2,2,19,0,15,10,2013,3,4,48,0,2,3,SR-180,PINOCHE RD,261,36.73186111,-120.3603194,0,1,0,0,1,1,0,5,2,1,0,1,0,0000000,99,99,99,99,99,99,0,0,0,1,1
6,61696,1,1,0,1,1,1,1,59,1660,16,8,2013,6,10,20,0,14,6,HAMILTON AVE,,0,33.65056389,-117.9588361,0,8,0,0,1,1,0,1,1,1,0,1,0,0000000,99,99,99,99,88,88,0,0,0,1,0
6,61697,4,3,1,0,1,5,6,37,0,10,9,2013,3,14,35,0,3,4,CR-WEST AVE O,,0,34.61636111,-118.1791694,0,12,6,0,8,1,0,1,1,1,0,1,0,0000000,99,99,99,99,99,99,0,0,0,1,0
6,61698,2,2,0,0,0,2,2,65,0,19,10,2013,7,10,58,0,4,4,CR-CAVALCO RD,CR-ALEXANDER ST,0,33.83704167,-117.3050944,0,12,6,0,2,2,0,1,1,1,0,1,0,0000000,99,99,99,99,99,99,0,0,0,1,0
6,61699,1,1,0,1,1,1,1,65,2278,12,9,2013,5,11,48,0,14,6,MORENO BEACH DR,,0,33.90441111,-117.1741056,0,9,0,0,1,1,0,1,1,1,0,1,0,0000000,99,99,99,99,99,99,0,0,0,1,0
6,61700,1,1,0,1,1,1,1,99,0,19,10,2013,7,20,45,0,4,4,CR-CROWS LANDING ROAD,,0,37.51135833,-120.9945528,0,8,0,0,1,1,0,99,2,1,0,1,0,0000000,99,99,99,99,88,88,0,0,0,1,0
6,61701,2,2,0,0,0,2,2,59,0,12,10,2013,7,12,10,0,2,3,SR-74,,92,33.55583056,-117.5491389,0,12,2,0,1,1,0,1,1,1,0,1,0,0000000,99,99,99,99,99,99,0,0,0,1,0
6,61702,1,1,0,1,1,1,1,65,1690,19,8,2013,2,21,44,0,13,6,HWY 111,,0,33.70804167,-116.2414833,0,8,0,0,1,1,0,1,3,1,0,1,0,0000000,99,99,99,99,88,88,0,0,0,1,0
6,61703,1,1,0,0,0,1,1,65,0,20,10,2013,1,3,35,1,11,1,I-215,,291,33.49098056,-117.14435,0,38,0,0,1,1,0,4,2,1,0,1,0,0000000,99,99,99,99,88,88,0,0,0,1,1
6,61704,2,2,0,0,0,4,4,35,0,20,8,2013,3,16,25,0,2,3,SR-139,,45,40.46758889,-120.6094111,0,12,8,0,1,1,0,1,1,1,0,1,0,0000000,99,99,99,99,88,88,0,0,0,1,0
6,61705,2,2,0,0,0,3,3,29,0,20,10,2013,1,8,53,1,12,3,SR-178,JACK'S RANCH RD,976,35.65178889,-117.7233694,0,12,6,0,2,2,0,1,1,1,0,1,0,0000000,99,99,99,99,99,99,0,0,0,1,0
6,61706,2,1,1,0,0,3,3,65,3070,20,10,2013,1,0,45,0,14,6,JURUPA ROAD,,0,34.0039,-117.4569889,0,18,0,0,1,1,0,2,3,1,0,1,0,0000000,99,99,99,99,99,99,0,0,0,1,1
6,61707,1,1,0,1,1,1,1,41,3410,4,10,2013,6,7,45,0,16,6,DEVON DR,,0,37.99016944,-122.5000889,0,8,0,0,1,1,0,1,1,1,0,1,0,0000000,99,99,99,99,99,99,0,0,0,1,0
6,61708,1,1,0,0,0,1,1,13,820,31,8,2013,7,1,46,0,13,6,TREAT BL,,0,37.95277778,-122.0047444,0,42,0,0,1,1,0,3,3,1,0,1,0,0000000,99,99,99,99,88,88,0,0,0,1,1
6,61709,1,1,0,1,1,1,1,111,0,22,10,2013,3,4,19,1,2,3,SR-126,,70,34.30543056,-119.1294806,0,8,0,0,1,1,0,1,2,10,0,10,0,0000000,99,99,99,99,88,88,0,0,0,1,0
6,61710,1,1,0,1,1,1,1,67,3150,22,10,2013,3,5,49,0,13,6,ARDEN WAY,EMPRESS ST,0,38.6064,-121.4472722,0,8,0,0,3,3,0,1,3,1,0,1,0,0000000,99,99,99,99,88,88,0,0,0,1,0
6,61711,6,6,0,0,0,7,7,65,0,18,10,2013,6,4,28,0,4,4,CR-EL SOBRANTE RD,,0,33.85228333,-117.3912778,0,12,7,0,1,1,0,1,2,1,0,1,0,0000000,99,99,99,99,99,99,0,0,0,1,0
6,61712,2,2,0,1,1,3,3,67,0,22,10,2013,3,10,55,0,2,4,CR-MARCONI AVE,CR-MISSION AVE,0,38.61747778,-121.3552306,0,12,2,0,2,2,0,1,1,1,0,1,0,0000000,99,99,99,99,99,99,15,0,0,1,0
6,61713,1,1,0,0,0,1,1,77,0,12,10,2013,7,20,0,0,2,3,SR-4,,53,37.897075,-121.4790306,0,1,0,0,1,1,0,4,2,1,0,1,0,0000000,99,99,99,99,88,88,0,0,0,1,1
6,61714,1,1,0,0,0,1,1,29,0,22,10,2013,3,17,15,0,4,4,CR-SOUTH UNION AVE,,0,35.23143056,-119.0031611,0,42,0,0,1,1,0,4,1,1,0,1,0,0000000,99,99,99,99,88,88,0,0,0,1,0
6,61715,1,1,0,1,1,1,1,67,0,21,10,2013,2,6,25,0,4,4,CR-STOCKTON BLVD,,0,38.47333889,-121.4184639,0,9,0,0,1,1,0,1,3,1,0,1,0,0000000,99,99,99,99,99,99,0,0,0,1,0
6,61716,2,2,0,0,0,2,2,53,0,21,10,2013,2,6,40,1,2,2,US-101,UNDERWOOD RD,511,36.29828889,-121.2140861,0,12,6,0,2,3,0,1,2,5,0,5,0,0000000,99,99,99,99,88,88,0,0,0,1,0
6,61717,2,2,0,0,0,2,2,37,0,15,10,2013,3,11,8,0,3,4,CR-AVE N,CR-30TH ST WEST,0,34.63121111,-118.1833222,0,12,6,0,2,2,0,1,1,1,0,1,0,0000000,99,99,99,99,99,99,0,0,0,1,0
6,61718,1,1,0,1,1,6,6,47,2150,21,10,2013,2,18,44,0,4,6,G ST,,0,37.2964,-120.4771333,0,8,0,0,1,1,0,1,3,1,0,1,0,0000000,99,99,99,99,99,99,0,0,0,1,0
6,61719,3,3,0,0,0,6,6,71,1305,21,10,2013,2,20,37,0,14,6,CITRUS AVE,FOOTHILL BLVD,0,34.10663333,-117.453625,0,12,1,0,3,2,0,1,3,1,0,1,0,0000000,99,99,99,99,99,99,0,0,0,3,0
6,61720,2,2,0,0,0,2,2,99,0,22,10,2013,3,17,47,1,2,3,SR-120,,163,37.80783611,-120.6670667,0,12,2,0,1,1,0,1,1,1,0,1,0,0000000,99,99,99,99,99,99,0,0,0,1,0
6,61721,2,2,0,0,0,3,3,37,1980,22,10,2013,3,7,20,0,13,6,IMPERIAL HIGHWAY,HOOVER ST,0,33.93099167,-118.2869917,0,12,6,0,2,2,0,1,1,98,0,98,0,0000000,99,99,99,99,99,99,0,0,0,1,1
6,61722,2,2,0,0,0,2,2,37,1980,21,10,2013,2,23,50,0,15,6,25TH ST,,0,33.72559444,-118.3197611,0,12,7,0,1,1,0,1,8,1,0,1,0,0000000,99,99,99,99,88,88,0,0,0,1,2
6,61723,1,1,0,0,0,1,1,71,0,15,10,2013,3,17,0,1,2,3,SR-62,,0,34.03205,-116.5912194,0,1,0,0,1,1,0,4,1,1,0,1,0,0000000,99,99,99,99,88,88,0,0,0,1,0
6,61724,1,1,0,0,0,1,1,19,0,23,10,2013,4,1,45,0,2,4,CR-JENSEN AVE,,0,36.70656944,-119.8478889,0,1,0,0,1,1,0,5,2,1,0,1,0,0000000,99,99,99,99,88,88,0,0,0,1,0
6,61725,4,4,0,0,0,4,4,65,0,23,10,2013,4,18,5,1,11,1,I-215 RAMP,WATKINS,394,33.95941111,-117.30935,0,12,8,1,3,3,0,1,5,1,0,1,0,0000000,99,99,99,99,99,99,0,0,0,1,0
6,61726,1,1,0,1,1,2,2,67,0,24,10,2013,5,20,5,0,13,6,CR-EL CAMINO AVE,,0,38.61008889,-121.3512028,0,9,0,0,1,1,0,1,3,1,0,1,0,0000000,99,99,99,99,88,88,0,0,0,1,0
6,61727,1,1,0,1,1,1,1,37,1980,23,10,2013,4,9,35,0,16,6,MARQUEZ ST,1ST ST,0,34.04759722,-118.2240583,0,9,0,0,3,2,0,1,1,1,0,1,0,0000000,99,99,99,99,99,99,0,0,0,1,0
6,61728,1,1,0,0,0,1,1,23,0,24,10,2013,5,4,55,1,2,2,US-101,,357,40.35090278,-123.929375,0,58,0,0,1,1,0,2,2,1,0,1,0,0000000,99,99,99,99,88,88,0,0,0,1,0
6,61729,1,1,0,0,0,3,3,113,0,24,10,2013,5,4,55,1,1,1,I-5,,7,38.673,-121.6327056,0,1,0,0,1,1,0,5,3,1,0,1,0,0000000,99,99,99,99,99,99,0,0,0,1,0
6,61730,1,1,0,1,1,1,1,115,0,24,10,2013,5,22,37,0,3,4,CR-SIMPSON LN,,0,39.14258056,-121.5796389,0,9,0,0,1,1,0,1,2,1,0,1,0,0000000,99,99,99,99,88,88,0,0,0,1,0
6,61731,2,2,0,0,0,3,3,47,2150,24,10,2013,5,16,43,1,12,3,SR-140,TOWER RD,392,37.29521667,-120.4062417,0,12,6,0,2,2,0,1,1,1,0,1,0,0000000,99,99,99,99,99,99,0,0,0,1,0
6,61732,1,1,0,1,1,1,1,37,1700,29,1,2013,3,18,26,0,15,6,BEACH AVE,,0,33.97050278,-118.3483444,0,8,0,0,1,1,0,1,5,1,0,1,0,0000000,99,99,99,99,99,99,0,0,0,1,0
6,61733,1,1,0,1,1,1,1,37,4120,10,10,2013,5,11,4,0,14,6,ORANGE AVE,FRANCISQUITO AVE,0,34.05725556,-117.9588083,0,8,0,0,3,2,0,1,1,1,0,1,0,0000000,99,99,99,99,99,99,0,0,0,1,0
6,61734,2,2,0,0,0,3,3,29,0,15,10,2013,3,19,10,0,4,4,CR-BELLE TERRACE,CR-LOCH LOMOND DR,0,35.34668889,-119.0333778,0,12,6,0,2,2,0,1,5,1,0,1,0,0000000,99,99,99,99,99,99,0,0,0,1,1
6,61735,4,4,0,0,0,5,5,73,3260,23,10,2013,4,10,28,0,15,6,LA JOLLA VILLAGE DR,GENESEE AVE,0,32.87262778,-117.2140694,0,12,6,0,2,2,0,1,1,10,0,10,0,0000000,99,99,99,99,99,99,0,0,0,1,0
6,61736,1,1,0,0,0,1,1,99,0,12,10,2013,7,13,0,1,12,3,SR-99,,229,37.71186111,-121.0858389,0,24,0,0,1,1,0,3,1,1,0,1,0,0000000,99,99,99,99,88,88,0,0,0,1,0
6,61737,3,3,0,0,0,3,3,73,3260,22,10,2013,3,3,25,0,14,6,IMPERIAL AVE,,0,32.70643333,-117.1201861,0,33,0,0,1,1,0,4,3,1,0,1,0,0000000,99,99,99,99,88,88,14,0,0,1,1
6,61738,1,1,0,1,1,1,1,37,1980,25,10,2013,6,1,50,0,13,6,SANTA MONICA BLVD,NORMANDIE AVE,0,34.09082778,-118.3004917,0,8,0,0,3,2,0,1,3,1,0,1,0,0000000,99,99,99,99,99,99,0,0,0,1,1
6,61739,3,3,0,0,0,7,7,37,0,26,5,2013,1,0,6,0,2,4,CR-FIRESTONE BL,ALAMEDA ST,0,33.95777222,-118.2310556,0,12,6,0,2,2,0,1,3,1,0,1,0,0000000,99,99,99,99,99,99,0,0,0,1,0
6,61740,1,1,0,0,0,4,4,99,0,27,4,2013,7,14,57,0,2,3,SR-33,,50,37.37013889,-121.0526111,0,30,0,0,1,1,0,5,1,1,0,1,0,0000000,99,99,99,99,99,99,0,0,0,1,0
6,61741,2,2,0,0,0,3,3,73,1182,14,10,2013,2,11,19,0,14,6,VIA CANTEBRIA,WEST BLUFF DR,0,33.05413889,-117.2675583,0,12,6,0,2,3,0,1,1,1,0,1,0,0000000,99,99,99,99,88,88,0,0,0,1,0
6,61742,3,3,0,0,0,3,3,19,0,23,10,2013,4,10,45,1,1,1,I-5,,339,36.48101111,-120.4354806,0,12,1,0,1,1,0,1,1,1,0,1,0,0000000,99,99,99,99,88,88,27,0,0,1,0
6,61743,2,2,0,0,0,2,2,23,0,25,10,2013,6,13,50,0,2,3,SR-36,,209,40.464175,-123.8480278,0,1,0,0,1,1,0,1,1,1,0,1,0,0000000,99,99,99,99,88,88,14,0,0,1,0
6,61744,1,1,0,1,1,1,1,99,0,8,6,2013,7,19,25,0,4,4,CR-CLARIBEL RD,,0,37.7109,-120.9026,0,9,0,0,1,1,0,1,1,1,0,1,0,0000000,99,99,99,99,88,88,0,0,0,1,1
6,61745,1,1,0,0,0,1,1,81,1343,7,8,2013,4,15,53,0,14,6,METRO CENTER BL,,0,37.56158056,-122.2729917,0,33,0,0,1,1,0,4,1,1,0,1,0,0000000,99,99,99,99,88,88,0,0,0,1,0
6,61746,1,1,0,0,0,2,2,19,0,26,10,2013,7,0,17,0,2,3,SR-198,,250,36.25023056,-120.2763806,0,38,0,0,1,1,0,4,2,1,0,1,0,0000000,99,99,99,99,88,88,0,0,0,2,1
6,61747,1,1,0,0,0,1,1,19,0,18,10,2013,6,3,7,1,12,3,SR-99,,71,36.58258889,-119.63605,0,24,0,0,1,1,0,4,2,1,0,1,0,0000000,99,99,99,99,88,88,0,0,0,1,0
6,61748,2,2,0,0,0,2,2,65,0,26,10,2013,7,11,30,1,12,3,SR-79,,127,33.6501,-117.0842806,0,18,0,0,1,1,1,1,1,1,0,1,0,0000000,99,99,99,99,99,99,14,0,0,1,0
6,61749,1,1,0,0,0,1,1,71,0,15,10,2013,3,20,35,1,1,1,I-40,,601,34.72101111,-115.9912889,0,1,0,0,1,1,0,3,2,1,0,1,0,0000000,99,99,99,99,88,88,0,0,0,1,1
6,61750,1,1,0,0,0,5,5,29,0,23,10,2013,4,12,25,1,1,1,I-5,,487,35.36866111,-119.3556111,0,1,0,0,1,1,0,3,1,1,0,1,0,0000000,99,99,99,99,99,99,0,0,0,1,0
6,61751,1,1,0,0,0,4,4,37,3630,4,7,2013,5,8,30,1,11,1,I-405,,57,33.81466111,-118.1825306,0,1,0,0,1,1,0,1,1,10,0,10,0,0000000,99,99,99,99,99,99,0,0,0,1,0
6,61752,3,3,0,0,0,4,4,59,2560,17,10,2013,5,8,50,1,11,1,I-5,,348,33.78836944,-117.8864389,0,12,7,0,1,1,0,1,1,1,0,1,0,0000000,99,99,99,99,99,99,0,0,0,1,0
6,61753,2,2,0,0,0,6,6,107,0,26,10,2013,7,15,40,0,6,4,CR-ROAD 156,AVENUE 8,0,35.80500556,-119.2235333,0,12,6,0,2,2,0,1,1,1,0,1,0,0000000,99,99,99,99,99,99,0,0,0,1,0
6,61754,1,1,0,0,0,3,3,1,1364,27,10,2013,1,1,5,0,14,6,DURHAM RD,,0,37.51505833,-121.9260278,0,33,0,0,1,1,0,4,3,10,0,10,0,0000000,99,99,99,99,99,99,0,0,0,1,1
6,61755,2,2,0,0,0,2,2,37,0,21,7,2013,1,12,47,0,4,4,CR-ANGELES FOREST HIGHWAY,,0,34.44600556,-118.1017861,0,12,1,0,1,1,0,1,1,1,0,1,0,0000000,99,99,99,99,99,99,0,0,0,1,0
6,61756,1,1,0,1,1,1,1,75,3290,25,8,2013,1,12,52,0,13,6,MARKET ST,,0,37.78580833,-122.4057194,0,8,0,0,1,1,0,1,1,1,0,1,0,0000000,99,99,99,99,99,99,0,0,0,1,0
6,61757,1,1,0,0,0,1,1,65,1801,22,7,2013,2,13,39,0,16,6,RIVERSIDE DRIVE,,0,33.67476944,-117.3753694,0,42,0,0,1,1,0,2,1,1,0,1,0,0000000,99,99,99,99,88,88,0,0,0,1,0
6,61758,2,2,0,0,0,3,3,65,0,16,10,2013,4,18,55,0,4,4,CR-SIMPSON RD,,0,33.70746111,-117.04405,0,12,2,0,1,1,0,1,2,1,0,1,0,0000000,99,99,99,99,99,99,0,0,0,1,0
6,61759,1,1,0,0,0,1,1,19,0,17,10,2013,5,16,0,1,12,3,SR-180,RUTH HILL RD,885,36.73301389,-119.2737194,0,1,0,0,2,4,0,1,1,1,0,1,0,0000000,99,99,99,99,88,88,0,0,0,1,0
6,61760,1,1,0,0,0,3,3,65,0,27,10,2013,1,2,24,0,3,4,CR-SOBOBA RD,,0,33.80918056,-116.9451889,0,1,0,0,1,1,0,1,2,1,0,1,0,0000000,99,99,99,99,99,99,0,0,0,1,1
6,61761,1,1,0,1,1,1,1,75,3290,28,8,2013,4,7,0,1,13,3,SR-101 RAMP,,6,37.74609167,-122.4038333,0,8,0,1,20,1,0,1,1,1,0,1,0,0000000,99,99,99,99,99,99,0,0,0,1,0
6,61762,1,1,0,0,0,1,1,85,0,17,10,2013,5,18,32,1,12,2,US-101,,83,37.03248056,-121.5717,0,38,0,0,1,1,0,4,1,1,0,1,0,0000000,99,99,99,99,88,88,0,0,0,1,0
6,61763,1,1,0,0,0,1,1,37,1695,1,9,2013,1,3,0,0,13,6,VALLEY BL,,0,34.01299444,-117.8534889,0,33,0,0,1,1,0,3,3,1,0,1,0,0000000,99,99,99,99,88,88,0,0,0,1,1
6,61764,1,1,0,1,1,1,1,71,0,25,10,2013,6,19,20,1,11,1,I-15,,994,34.98517222,-116.5950361,0,8,0,0,1,1,0,1,2,1,0,1,0,0000000,99,99,99,99,88,88,0,0,0,1,0
6,61765,1,1,0,1,1,1,1,75,3290,26,10,2013,7,23,36,0,13,6,POTRERO AVE,16TH ST,0,37.76579444,-122.4075528,0,8,0,0,2,2,0,1,3,10,0,10,0,0000000,99,99,99,99,99,99,0,0,0,1,0
6,61766,1,1,0,1,1,1,1,103,0,17,10,2013,5,20,9,1,1,1,I-5,,53,39.87511111,-122.1999,0,8,0,0,1,1,0,1,2,1,0,1,0,0000000,99,99,99,99,88,88,0,0,0,1,0
6,61767,1,1,0,1,1,1,1,73,0,27,10,2013,1,3,46,0,3,4,CR-CAMPO RD,,0,32.74798056,-116.9791389,0,8,0,0,1,1,0,4,3,5,0,5,0,0000000,99,99,99,99,88,88,0,0,0,1,1
6,61768,1,1,0,0,0,1,1,33,0,22,9,2013,1,17,40,0,6,4,CR-BOTTLE ROCK RD,,0,38.84108333,-122.7478722,0,1,0,0,1,1,0,5,1,1,0,1,0,0000000,99,99,99,99,99,99,0,0,0,1,0
6,61769,2,2,0,0,0,6,6,95,4010,27,10,2013,1,15,9,0,15,6,VINE ST,,0,38.37059444,-121.9879361,0,12,2,0,1,1,0,1,1,10,0,10,0,0000000,99,99,99,99,99,99,0,0,0,2,0
6,61770,6,4,2,0,0,8,8,75,3290,27,9,2013,6,6,50,0,13,6,PINE ST,GOUGH ST,0,37.78906389,-122.4249861,0,12,1,0,3,2,0,1,4,1,0,1,0,0000000,99,99,99,99,99,99,14,0,0,1,0