STATE,ST_CASE,VE_TOTAL,VE_FORMS,PVH_INVL,PEDS,PERNOTMVIT,PERMVIT,PERSONS,COUNTY,CITY,DAY,MONTH,YEAR,DAY_WEEK,HOUR,MINUTE,NHS,ROAD_FNC,ROUTE,TWAY_ID,TWAY_ID2,MILEPT,LATITUDE,LONGITUD,SP_JUR,HARM_EV,MAN_COLL,RELJCT1,RELJCT2,TYP_INT,WRK_ZONE,REL_ROAD,LGT_COND,WEATHER1,WEATHER2,WEATHER,SCH_BUS,RAIL,NOT_HOUR,NOT_MIN,ARR_HOUR,ARR_MIN,HOSP_HR,HOSP_MN,CF1,CF2,CF3,FATALS,DRUNK_DR
6,61771,3,3,0,0,0,4,4,73,0,27,10,2013,1,17,35,1,2,3,SR-94,,255,32.66252778,-116.8127222,0,12,8,0,1,1,0,1,1,1,0,1,0,0000000,99,99,99,99,99,99,0,0,0,1,1
6,61772,1,1,0,1,1,1,1,107,0,27,10,2013,1,4,10,1,2,3,SR-99,,171,36.03061111,-119.3079889,0,8,0,0,1,1,0,1,2,1,0,1,0,0000000,99,99,99,99,88,88,0,0,0,1,0
6,61773,1,1,0,0,0,2,2,1,2480,17,10,2013,5,21,15,1,11,1,I-880,,311,37.7958,-122.2678,0,23,0,0,1,1,0,4,3,1,0,1,0,0000000,99,99,99,99,88,88,0,0,0,1,0
6,61774,1,1,0,0,0,2,2,37,1840,27,10,2013,1,21,55,0,13,6,AVENUE I,BEECH AVE,0,34.70389444,-118.1391389,0,30,0,0,3,3,0,5,3,1,0,1,0,0000000,99,99,99,99,99,99,0,0,0,1,0
6,61775,1,1,0,1,1,1,1,75,3290,18,10,2013,6,8,41,0,14,6,11TH ST,DIVISION ST,0,37.76951389,-122.4110333,0,9,0,0,2,2,0,1,1,1,0,1,0,0000000,99,99,99,99,88,88,0,0,0,1,0
6,61776,1,1,0,1,1,1,1,31,1540,27,10,2013,1,15,11,0,16,6,S DEL RIO CT,,0,36.31578333,-119.6606583,0,8,0,0,1,1,0,1,1,1,0,1,0,0000000,99,99,99,99,99,99,0,0,0,1,0
6,61777,2,1,1,0,0,1,1,75,3290,25,9,2013,4,21,3,0,13,6,PORTOLA DR,,0,37.74156667,-122.4564861,0,31,0,0,1,1,0,3,3,1,0,1,0,0000000,99,99,99,99,88,88,0,0,0,1,1
6,61778,1,1,0,1,1,1,1,37,0,18,10,2013,6,11,0,0,4,4,CR-6TH ST,FRASER AVE,0,34.02571111,-118.1597889,0,8,0,0,3,2,0,1,1,1,0,1,0,0000000,99,99,99,99,99,99,0,0,0,1,0
6,61779,2,2,0,0,0,2,2,37,1980,28,10,2013,2,5,53,0,14,6,SOTO ST,,0,34.05940278,-118.1998806,0,12,7,0,1,1,0,1,3,1,0,1,0,0000000,99,99,6,3,88,88,14,0,0,1,0
6,61780,2,2,0,0,0,5,5,29,0,28,10,2013,2,14,55,1,1,1,I-5,,616,35.48793611,-119.5200694,0,12,7,0,1,1,0,1,1,10,0,10,0,0000000,99,99,99,99,99,99,0,0,0,1,0
6,61781,1,1,0,0,0,1,1,69,0,28,10,2013,2,8,25,0,2,3,SR-129,,0,36.89971944,-121.5963,0,1,0,0,1,1,0,5,1,2,0,2,0,0000000,99,99,99,99,99,99,0,0,0,1,0
6,61782,1,1,0,0,0,2,2,73,0,29,10,2013,3,0,25,0,3,4,CR-S MISSION RD,,0,33.31528333,-117.2308972,0,42,0,0,1,1,0,5,2,10,0,10,0,0000000,99,99,99,99,99,99,0,0,0,1,0
6,61783,1,1,0,1,1,1,1,59,2922,28,10,2013,2,18,30,0,16,6,TEABERRY LN,,0,33.626125,-117.6033,0,8,0,0,1,1,0,1,3,1,0,1,0,0000000,99,99,99,99,99,99,0,0,0,1,0
6,61784,2,2,0,0,0,2,2,7,0,1,11,2013,6,6,0,0,2,3,SR-99,RIO BONITO RD,84,39.42515833,-121.6881694,0,12,6,0,2,2,0,1,2,5,0,5,0,0000000,99,99,99,99,88,88,0,0,0,1,0
6,61785,1,1,0,0,0,1,1,63,0,29,10,2013,3,3,30,0,2,3,SR-70,,87,40.01983056,-121.0375889,0,18,0,0,1,1,0,1,2,10,0,10,0,0000000,99,99,99,99,88,88,0,0,0,1,0
6,61786,1,1,0,2,2,1,1,73,1182,1,11,2013,6,7,20,0,14,6,ENCINITAS BLVD,,0,33.04779722,-117.2835028,0,15,0,0,8,1,0,4,1,1,0,1,0,0000000,99,99,99,99,99,99,0,0,0,1,1
6,61787,1,1,0,0,0,5,5,103,0,28,10,2013,2,20,30,0,4,4,CR-JELLYS FERRY RD,,0,40.34291111,-122.1851111,0,1,0,0,1,1,0,1,2,10,0,10,0,0000000,99,99,99,99,99,99,0,0,0,1,1
6,61788,1,1,0,0,0,3,3,71,0,27,10,2013,1,5,0,1,1,1,I-15,,1136,35.08348889,-116.3759528,0,1,0,0,1,1,0,4,2,1,0,1,0,0000000,99,99,99,99,99,99,0,0,0,1,1
6,61789,2,2,0,0,0,2,2,47,2150,29,10,2013,3,5,52,0,14,6,E CHILDS AVE,,0,37.28786111,-120.4172833,0,12,6,0,8,1,0,1,3,1,0,1,0,0000000,99,99,99,99,88,88,0,0,0,1,0
6,61790,1,1,0,1,1,1,1,37,1980,1,11,2013,6,7,30,0,13,6,SHERMAN WAY,,0,34.20126111,-118.45615,0,8,0,0,1,1,0,1,1,1,0,1,0,0000000,99,99,99,99,99,99,0,0,0,1,0
6,61791,2,2,0,0,0,3,3,67,3150,27,10,2013,1,10,52,0,14,6,RIVERSIDE BLVD,35TH AVE,0,38.52318889,-121.522225,0,12,6,0,2,3,0,1,1,1,0,1,0,0000000,99,99,99,99,99,99,0,0,0,1,0
6,61792,2,1,1,2,2,1,1,1,0,19,4,2013,6,4,30,0,13,3,SR-185,CHERRY WAY,14,37.68306389,-122.0973972,0,8,0,0,2,3,0,1,3,1,0,1,0,0000000,99,99,99,99,99,99,15,0,0,1,0
6,61793,1,1,0,1,1,1,1,71,0,3,5,2013,6,21,25,1,11,1,I-10,,181,34.06776944,-117.4039694,0,8,0,0,1,1,0,1,2,1,0,1,0,0000000,99,99,99,99,88,88,0,0,0,1,0
6,61794,1,1,0,1,1,1,1,111,4027,29,10,2013,3,8,34,0,15,6,LOMA VISTA RD,HILLMONT AVE,0,34.27593611,-119.2536639,0,9,0,0,3,3,0,1,4,1,0,1,0,0000000,99,99,99,99,99,99,0,0,0,1,0
6,61795,1,1,0,1,1,1,1,75,3290,4,11,2013,2,0,1,0,13,6,MARKET ST,OCTAVIA ST,0,37.77189167,-122.4234917,0,15,0,0,2,2,0,1,3,1,0,1,0,0000000,99,99,99,99,99,99,0,0,0,1,0
6,61796,2,2,0,1,1,2,2,67,0,31,10,2013,5,5,8,0,2,4,CR-POWER INN RD,CR-SCOTTSDALE DR,0,38.48796944,-121.4087889,0,8,0,0,3,2,0,1,3,1,0,1,0,0000000,99,99,99,99,88,88,0,0,0,1,0
6,61797,2,2,0,0,0,2,2,23,0,31,10,2013,5,19,42,1,2,3,SR-299,,348,40.92536944,-123.6889194,0,12,2,0,1,1,0,1,2,1,0,1,0,0000000,99,99,99,99,99,96,0,0,0,1,0
6,61798,2,2,0,0,0,3,3,19,0,4,11,2013,2,16,40,0,2,4,CR-SONOMA AVE,,0,36.44416944,-120.2479306,0,12,2,0,1,1,0,1,1,1,0,1,0,0000000,99,99,99,99,99,99,0,0,0,1,0
6,61799,1,1,0,0,0,1,1,67,3150,29,10,2013,3,10,58,1,2,2,US-50 RAMP,,21,38.55797222,-121.4729,0,1,0,1,5,1,0,1,1,1,0,1,0,0000000,99,99,99,99,88,88,0,0,0,1,0
6,61800,1,1,0,0,0,2,2,113,0,5,11,2013,3,6,29,1,1,1,I-5,,102,38.71131111,-121.7929194,0,42,0,0,1,1,0,2,4,1,0,1,0,0000000,99,99,99,99,99,99,0,0,0,1,0
6,61801,2,2,0,0,0,4,4,97,0,29,10,2013,3,19,0,0,2,3,SR-121,,40,38.19916667,-122.4463861,0,12,6,0,1,1,0,1,2,1,0,1,0,0000000,99,99,99,99,99,99,0,0,0,1,1
6,61802,1,1,0,1,1,1,1,37,2645,28,10,2013,2,21,53,0,14,6,30TH ST EAST,,0,34.57805833,-118.0762139,0,8,0,0,1,1,0,1,3,1,0,1,0,0000000,99,99,99,99,99,99,0,0,0,1,0
6,61803,2,2,0,0,0,3,3,37,0,11,5,2013,7,11,55,0,2,4,CR-VERMONT AVE,,0,33.81133889,-118.2904111,0,12,6,0,8,1,0,1,1,1,0,1,0,0000000,99,99,99,99,99,99,0,0,0,1,0
6,61804,1,1,0,0,0,1,1,67,3150,5,11,2013,3,11,46,1,11,1,I-80,,180,38.72061111,-121.2942,0,31,0,1,5,1,0,4,1,1,0,1,0,0000000,99,99,99,99,99,99,0,0,0,1,0
6,61805,2,2,0,1,1,2,2,53,3180,30,10,2013,4,5,49,0,14,6,ABBOTT ST,,0,36.649175,-121.6180806,0,8,0,0,1,1,0,1,2,1,0,1,0,0000000,99,99,99,99,88,88,19,0,0,1,0
6,61806,1,1,0,1,1,1,1,7,660,1,11,2013,6,18,27,0,14,6,EAST 1ST AVE,OLEANDER AVE,0,39.73853889,-121.8439889,0,9,0,0,2,2,0,1,3,1,0,1,0,0000000,99,99,99,99,99,99,0,0,0,1,0
6,61807,1,1,0,1,1,1,1,37,3445,30,10,2013,4,7,55,0,13,6,MAGIC MOUNTAIN PKWY,RAILROAD AVE,0,34.41349722,-118.541,0,9,0,0,3,3,0,1,1,1,0,1,0,0000000,99,99,99,99,88,88,0,0,0,1,0
6,61808,4,4,0,0,0,5,5,37,0,19,10,2013,7,15,10,0,3,4,CR-ELIZABETH RD,,0,34.598,-118.2347,0,12,2,0,1,1,0,1,1,1,0,1,0,0000000,99,99,99,99,99,99,0,0,0,1,0
6,61809,1,1,0,1,1,1,1,59,80,30,10,2013,4,5,35,0,13,6,E ORANGETHORPE AVE,,0,33.859425,-117.9178806,0,9,0,0,4,1,0,1,3,1,0,1,0,0000000,99,99,99,99,88,88,0,0,0,1,0
6,61810,1,1,0,0,0,2,2,65,3070,1,11,2013,6,19,6,0,14,6,3RD ST,,0,33.98299444,-117.352725,0,33,0,0,1,1,0,4,3,1,0,1,0,0000000,99,99,99,99,99,99,0,0,0,1,1
6,61811,2,2,0,0,0,3,3,7,0,30,10,2013,4,13,10,1,2,3,SR-70,,73,39.40866111,-121.6047694,0,12,6,0,1,1,0,1,1,1,0,1,0,0000000,99,99,99,99,99,99,0,0,0,2,0
6,61812,2,2,0,0,0,2,2,65,0,18,9,2013,4,13,20,0,2,3,SR-371,,644,33.52033056,-116.7844111,0,12,2,0,1,1,0,1,1,1,0,1,0,0000000,99,99,99,99,99,99,0,0,0,1,0
6,61813,1,1,0,0,0,1,1,37,1980,1,11,2013,6,19,35,0,13,6,SAN FERNANDO RD,,0,34.31884167,-118.4945778,0,52,0,0,1,1,0,4,3,1,0,1,0,0000000,99,99,99,99,88,88,0,0,0,1,1
6,61814,2,2,0,0,0,2,2,41,0,30,10,2013,4,17,30,1,12,2,US-101,,126,37.99548889,-122.5330389,0,1,0,0,1,1,0,1,1,1,0,1,0,0000000,99,99,99,99,88,88,14,0,0,1,1
6,61815,1,1,0,0,0,1,1,29,0,7,11,2013,5,1,12,0,2,4,CR-CHINA LAKE BLVD,,0,35.58020556,-117.7114444,0,1,0,0,1,1,0,5,2,1,0,1,0,0000000,99,99,99,99,99,99,0,0,0,1,0
6,61816,1,1,0,1,1,1,1,101,4280,6,11,2013,4,20,34,0,14,6,BRIDGE ST,,0,39.13285556,-121.6223222,0,8,0,0,1,1,0,1,3,1,0,1,0,0000000,99,99,99,99,99,99,0,0,0,1,0
6,61817,1,1,0,0,0,2,2,19,0,31,10,2013,5,3,10,0,4,4,CR-AUBERRY RD,,0,36.96553056,-119.6344806,0,38,0,0,1,1,0,4,6,1,0,1,0,0000000,99,99,99,99,99,99,0,0,0,1,1
6,61818,2,2,0,1,1,2,2,71,1603,2,11,2013,7,2,17,1,11,1,I-15,,364,34.45591389,-117.3576361,0,8,0,0,1,1,0,1,2,1,0,1,0,0000000,99,99,99,99,88,88,0,0,0,1,0
6,61819,2,2,0,0,0,3,3,99,2200,5,11,2013,3,13,50,1,12,3,SR-99,,172,37.649225,-121.0206139,0,12,7,0,1,1,0,1,1,1,0,1,0,0000000,99,99,99,99,99,99,0,0,0,1,0
6,61820,1,1,0,1,1,1,1,87,0,2,11,2013,7,11,17,0,2,3,SR-1,,233,36.96811944,-122.1139194,0,9,0,0,1,1,0,2,1,1,0,1,0,0000000,99,99,99,99,88,88,0,0,0,1,0
6,61821,1,1,0,0,0,1,1,41,0,2,11,2013,7,16,20,0,2,3,SR-1,,106,37.88236944,-122.6211306,0,35,0,0,1,1,0,5,1,1,0,1,0,0000000,99,99,99,99,88,88,0,0,0,1,0
6,61822,1,1,0,1,1,1,1,1,2480,7,11,2013,5,4,40,1,11,1,I-580,,396,37.78421389,-122.185625,0,8,0,1,18,1,0,1,2,1,0,1,0,0000000,99,99,99,99,88,88,0,0,0,1,0
6,61823,3,3,0,0,0,6,6,37,1840,5,11,2013,3,12,24,0,14,6,CHALLENGER WY,KETTERING ST,0,34.70040556,-118.1126528,0,12,6,0,2,2,0,1,1,1,0,1,0,0000000,99,99,99,99,99,99,0,0,0,1,0
6,61824,3,3,0,1,1,3,3,13,3010,2,11,2013,7,21,45,1,11,1,I-580,,36,37.92436944,-122.3613111,0,8,0,0,1,1,0,1,2,1,0,1,0,0000000,99,99,99,99,88,88,0,0,0,1,0
6,61825,1,1,0,0,0,1,1,65,9997,2,11,2013,7,23,27,1,11,1,I-15,,491,33.98698056,-117.5488806,0,42,0,0,1,1,0,5,2,1,0,1,0,0000000,99,99,99,99,99,99,0,0,0,1,1
6,61826,1,1,0,0,0,2,2,65,3070,3,11,2013,1,1,15,1,11,1,I-215,,394,33.95670556,-117.3069111,0,1,0,0,1,1,0,4,3,1,0,1,0,0000000,99,99,99,99,99,99,0,0,0,1,1
6,61827,2,2,0,0,0,4,4,65,2650,3,3,2013,1,22,12,0,14,6,GENE AUTRY TRL,,0,33.87816667,-116.5046667,0,12,6,0,1,1,0,1,2,1,0,1,0,0000000,99,99,99,99,99,99,0,0,0,3,0
6,61828,1,1,0,1,1,1,1,37,0,22,5,2013,4,22,5,1,11,1,I-405,,213,33.93226944,-118.3682194,0,8,0,0,1,1,0,1,2,1,10,10,0,0000000,99,99,99,99,88,88,0,0,0,1,0
6,61829,4,4,0,0,0,5,5,37,1970,1,6,2013,7,0,50,1,11,1,I-710,,127,33.87095833,-118.1942861,0,12,1,1,18,1,0,1,3,1,0,1,0,0000000,99,99,99,99,99,99,27,0,0,1,2
6,61830,2,2,0,0,0,3,3,25,0,3,11,2013,1,3,45,1,2,3,SR-111,,58,32.74621944,-115.5005389,0,12,1,0,1,1,0,1,2,1,0,1,0,0000000,99,99,99,99,99,99,0,0,0,2,1
6,61831,1,1,0,1,1,1,1,73,3260,5,11,2013,3,19,27,0,12,3,SR-163,,35,32.75863056,-117.1613806,0,8,0,0,1,1,0,1,2,1,0,1,0,0000000,99,99,99,99,88,88,0,0,0,1,0
6,61832,1,1,0,0,0,1,1,37,3870,2,6,2013,1,4,10,1,11,1,I-405,,151,33.86196111,-118.3191306,0,42,0,0,1,1,0,5,2,1,0,1,0,0000000,99,99,99,99,88,88,0,0,0,1,0
6,61833,1,1,0,1,1,5,5,19,3590,3,11,2013,1,17,19,0,13,6,2ND ST,SYLVIA ST,0,36.56514722,-119.6139639,0,8,0,0,3,2,0,1,5,1,0,1,0,0000000,99,99,99,99,99,99,0,0,0,1,0
6,61834,1,1,0,0,0,1,1,73,710,9,7,2013,3,3,31,0,15,6,E PALOMAR ST,,0,32.62428889,-116.9945722,0,33,0,0,1,1,0,3,3,1,0,1,0,0000000,99,99,99,99,88,88,0,0,0,1,1
6,61835,1,1,0,1,1,1,1,37,0,31,7,2013,4,7,12,0,2,4,CR-FIRESTONE BLVD,FIR AVE,0,33.96015,-118.2374,0,8,0,0,3,2,0,1,4,10,0,10,0,0000000,99,99,99,99,99,99,0,0,0,1,0
6,61836,3,3,0,0,0,4,4,77,3770,3,11,2013,1,17,40,1,12,3,SR-4,,181,37.95596111,-121.26455,0,18,0,0,1,1,0,1,3,1,0,1,0,0000000,99,99,99,99,99,99,0,0,0,1,0
6,61837,1,1,0,0,0,1,1,73,0,25,8,2013,1,18,50,0,5,4,CR-WOODS VALLEY RD,,0,33.20447778,-116.9881417,3,42,0,0,1,1,0,4,1,1,0,1,0,0000000,99,99,99,99,88,88,0,0,0,1,1
6,61838,1,1,0,1,1,1,1,59,2400,6,11,2013,4,19,41,0,14,6,SAN JOAQUIN HILLS RD,MARGUERITE AVE,0,33.60733333,-117.8596889,0,9,0,0,2,2,0,1,3,1,0,1,0,0000000,99,99,99,99,88,88,0,0,0,1,0
6,61839,1,1,0,1,1,1,1,37,0,7,11,2013,5,7,50,0,4,4,CR-AILERON AVE,MAPLEGROVE ST,0,34.04498889,-117.9399611,0,8,0,0,3,3,0,1,1,1,0,1,0,0000000,99,99,99,99,99,99,0,0,0,1,0
6,61840,1,1,0,1,1,1,1,71,0,6,11,2013,4,99,99,0,2,3,SR-247,,431,34.44405,-116.9193611,0,9,0,0,1,1,0,1,2,1,0,1,0,0000000,99,99,99,99,88,88,0,0,0,1,0
6,61841,3,3,0,1,1,3,3,85,3340,8,11,2013,6,4,50,1,11,1,I-280 RAMP,,23,37.33523889,-121.8971028,0,8,0,0,5,1,0,1,3,5,0,5,0,0000000,99,99,99,99,88,88,0,0,0,1,0
6,61842,2,2,0,0,0,4,4,29,240,28,8,2013,4,12,50,1,12,3,SR-99,,214,35.31278056,-119.0350111,0,12,7,0,1,1,0,1,1,1,0,1,0,0000000,99,99,99,99,99,99,0,0,0,1,0
6,61843,1,1,0,0,0,2,2,37,1980,29,9,2013,1,0,15,1,12,2,US-101,,100,34.1349,-118.3587306,0,5,0,0,1,1,0,1,3,1,0,1,0,0000000,99,99,99,99,88,88,0,0,0,1,0
6,61844,1,1,0,1,1,6,6,71,0,21,3,2013,5,21,29,0,3,4,CR-CEDAR AVE,,0,34.03931944,-117.3961694,0,33,0,0,1,1,0,4,3,1,0,1,0,0000000,99,99,99,99,99,99,0,0,0,2,0
6,61845,1,1,0,1,1,1,1,115,0,6,10,2013,1,22,0,1,12,3,SR-20,,37,39.16801944,-121.5574111,0,8,0,0,1,1,0,1,2,1,0,1,0,0000000,99,99,99,99,88,88,0,0,0,1,0
6,61846,1,1,0,1,1,2,2,71,0,24,6,2013,2,22,2,1,1,1,I-15,,150,34.2174,-117.4111,0,8,0,0,1,1,0,1,2,1,0,1,0,0000000,99,99,99,99,99,99,0,0,0,1,0
6,61847,3,3,0,0,0,5,5,37,1980,8,7,2013,2,17,45,1,11,1,I-405,,281,34.01361111,-118.4196778,0,12,1,0,1,1,0,1,1,1,0,1,0,0000000,99,99,99,99,99,99,14,0,0,1,0
6,61848,1,1,0,0,0,1,1,71,0,7,11,2013,5,14,45,1,1,1,I-15,,845,34.90068056,-116.8392694,0,1,0,1,5,1,0,8,1,1,0,1,0,0000000,99,99,99,99,88,88,0,0,0,1,0
6,61849,1,1,0,1,1,1,1,73,2340,7,11,2013,5,17,22,0,16,6,E 24TH ST,,0,32.66361389,-117.0959444,0,8,0,0,1,1,0,1,2,1,0,1,0,0000000,99,99,99,99,99,99,0,0,0,1,0
6,61850,1,1,0,0,0,1,1,37,1980,17,10,2013,5,21,45,1,11,1,I-5 RAMP,,245,34.123625,-118.2718694,0,33,0,1,5,1,0,4,2,1,0,1,0,0000000,99,99,99,99,88,88,0,0,0,1,0
6,61851,2,1,1,2,4,1,3,59,80,22,8,2013,5,21,38,1,11,1,I-5,,357,33.79692222,-117.8961861,0,8,0,0,1,1,0,8,3,10,0,10,0,0000000,99,99,99,99,99,99,15,0,0,1,0
6,61852,1,1,0,1,1,1,1,37,1980,7,11,2013,5,20,10,0,14,6,RESEDA BLVD,ARMINTA ST,0,34.21381389,-118.5360861,0,8,0,0,3,2,0,1,3,1,0,1,0,0000000,99,99,99,99,99,99,0,0,0,1,0
6,61853,1,1,0,1,1,1,1,37,0,2,9,2013,2,20,30,0,6,4,CR-S ALAMEDA ST ALY,,0,33.97242778,-118.234525,0,8,0,0,1,1,0,1,3,1,0,1,0,0000000,99,99,99,99,88,88,0,0,0,1,0
6,61854,1,1,0,0,0,5,5,37,1980,3,11,2013,1,1,30,0,12,3,SR-110,,278,34.10193889,-118.1994889,0,33,0,0,1,1,0,4,3,1,0,1,0,0000000,99,99,99,99,99,99,0,0,0,2,1
6,61855,2,2,0,0,0,4,4,67,3150,4,11,2013,2,22,55,0,13,2,US-244 RAMP,AUBURN BLVD,11,38.64368333,-121.3652583,0,12,6,1,2,2,0,1,3,1,0,1,0,0000000,99,99,99,99,99,99,0,0,0,2,1
6,61856,3,1,2,1,1,1,1,37,1980,5,11,2013,3,13,50,0,16,6,STRATHMORE DR,,0,34.06591667,-118.4502972,0,14,0,0,1,1,0,7,1,1,0,1,0,0000000,99,99,99,99,99,99,14,15,0,1,0
6,61857,2,2,0,0,0,4,4,111,3641,1,11,2013,6,15,20,0,14,6,ROYAL AVE,SYCAMORE DR,0,34.26079444,-118.7477194,0,1,0,0,2,2,0,1,1,1,0,1,0,0000000,99,99,99,99,99,99,0,0,0,1,0
6,61858,1,1,0,0,0,1,1,71,0,12,7,2013,6,21,5,0,3,4,CR-CITRUS AVE,,0,34.05548889,-117.1330389,0,42,0,0,1,1,0,2,2,1,0,1,0,0000000,99,99,99,99,88,88,0,0,0,1,0
6,61859,1,1,0,2,2,1,1,37,0,21,8,2013,4,22,30,0,6,4,CR-NAOMI AVE,,0,33.97381111,-118.2548194,0,33,0,0,1,1,0,4,3,1,0,1,0,0000000,99,99,99,99,99,99,0,0,0,1,0
6,61860,3,3,0,0,0,6,6,71,0,9,11,2013,7,10,29,1,2,3,SR-138,,147,34.31291944,-117.4850889,0,12,2,0,1,1,0,1,1,1,0,1,0,0000000,99,99,99,99,99,99,0,0,0,1,0
6,61861,2,2,0,0,0,2,2,37,0,28,8,2013,4,19,10,0,6,4,CR-CROCKETT BLVD,77TH ST,0,33.96983889,-118.2369667,0,12,6,0,2,2,0,1,5,1,0,1,0,0000000,99,99,99,99,99,99,0,0,0,1,0
6,61862,2,2,0,0,0,5,5,65,3320,3,11,2013,1,1,40,0,14,6,RAMONA EXPY,,0,33.81615833,-116.9915,0,18,0,0,1,1,1,3,2,1,0,1,0,0000000,99,99,99,99,99,99,14,0,0,1,1
6,61863,1,1,0,1,1,3,3,71,4291,18,8,2013,1,20,25,1,13,3,SR-62,SCARVAN DR,110,34.12065,-116.4380528,0,8,0,0,3,3,0,1,3,1,0,1,0,0000000,99,99,99,99,88,88,0,0,0,1,0
6,61864,1,1,0,1,1,1,1,71,0,30,8,2013,6,22,22,0,3,4,CR-VALLEY BLVD,CEDAR AVE,0,34.07036944,-117.3959111,0,8,0,0,3,2,0,1,3,1,0,1,0,0000000,99,99,99,99,99,99,0,0,0,1,0
6,61865,2,2,0,0,0,2,2,29,0,8,11,2013,6,5,12,1,12,3,SR-58,,460,35.39838889,-119.2934806,0,12,2,0,1,1,0,1,2,1,0,1,0,0000000,99,99,99,99,99,99,0,0,0,1,0
6,61866,1,1,0,0,0,2,2,37,0,8,9,2013,1,7,10,1,11,1,I-10,,404,34.0691,-117.8419389,0,33,0,0,1,1,0,4,1,1,0,1,0,0000000,99,99,99,99,99,99,0,0,0,1,0
6,61867,2,2,0,0,0,2,2,37,1980,6,11,2013,4,10,50,0,13,6,SUNSET BL,LAS CASAS AVE,0,34.04851111,-118.5417222,0,12,6,0,2,2,0,1,1,1,0,1,0,0000000,99,99,99,99,99,99,0,0,0,1,0
6,61868,1,1,0,0,0,1,1,45,0,10,11,2013,1,19,0,0,4,4,CR-POPPY DRIVE,CR-MADRONE DRIVE,0,39.45220556,-123.3749528,0,1,0,0,3,3,0,4,2,1,0,1,0,0000000,99,99,99,99,99,99,0,0,0,1,1
6,61869,3,2,1,0,0,3,3,23,1220,8,9,2013,1,10,19,0,15,6,CALIFORNIA ST,CLARK ST,0,40.79656944,-124.1718417,0,12,6,0,2,2,0,1,1,10,0,10,0,0000000,99,99,99,99,99,99,0,0,0,1,0
6,61870,2,2,0,1,1,2,2,29,0,8,11,2013,6,21,7,1,2,3,SR-14,PROTHEUS RD,170,35.07656944,-118.16675,0,12,6,0,2,2,0,1,2,1,0,1,0,0000000,99,99,99,99,99,99,19,0,0,2,0
6,61871,1,1,0,0,0,1,1,37,602,24,9,2013,3,13,53,1,11,1,I-405 RAMP,,107,33.8331,-118.2562,0,24,0,1,5,1,0,4,1,1,0,1,0,0000000,99,99,99,99,99,99,0,0,0,1,0
6,61872,1,1,0,0,0,4,4,55,0,9,11,2013,7,3,59,0,2,3,SR-29,,336,38.55398889,-122.5271583,0,42,0,0,1,1,0,4,2,1,0,1,0,0000000,99,99,99,99,99,99,0,0,0,1,1
6,61873,1,1,0,0,0,2,2,53,0,10,11,2013,1,22,10,0,6,4,CR-LIVE OAK ROAD,,0,36.85363056,-121.7086,0,43,0,0,1,1,0,4,2,1,0,1,0,0000000,99,99,99,99,99,99,4,0,0,1,1
6,61874,2,2,0,0,0,3,3,85,3340,9,11,2013,7,17,30,1,11,1,I-880,,50,37.37374444,-121.9025389,0,12,1,0,1,1,0,1,2,1,0,1,0,0000000,99,99,99,99,99,99,0,0,0,1,0
6,61875,1,1,0,0,0,2,2,17,0,9,11,2013,7,19,10,0,6,4,CR-BARKLEY RD,,0,38.74661944,-120.6839389,0,43,0,0,1,1,0,4,2,1,0,1,0,0000000,99,99,99,99,88,88,0,0,0,2,1
6,61876,1,1,0,0,0,2,2,39,0,10,11,2013,1,5,41,1,2,3,SR-99,,161,37.02211111,-120.1326,0,1,0,0,1,1,0,1,2,1,0,1,0,0000000,99,99,99,99,88,88,0,0,0,2,0
6,61877,1,1,0,0,0,1,1,37,1980,11,11,2013,2,2,35,0,14,6,ALHAMBRA AVE,,0,34.07851667,-118.1610583,0,1,0,0,1,1,0,4,3,1,0,1,0,0000000,99,99,99,99,88,88,0,0,0,1,1
6,61878,1,1,0,0,0,3,3,79,2705,11,11,2013,2,16,8,1,12,2,US-101,,542,35.59073056,-120.6951806,0,1,0,1,18,1,0,1,1,10,0,10,0,0000000,99,99,99,99,99,99,0,0,0,1,0
6,61879,2,2,0,0,0,3,3,37,2700,5,10,2013,7,9,6,1,12,3,SR-134,,130,34.14688611,-118.1605944,0,12,1,0,1,1,0,1,1,1,0,1,0,0000000,99,99,99,99,99,99,14,0,0,1,0
6,61880,1,1,0,0,0,2,2,93,0,8,9,2013,1,2,0,0,6,4,CR-FOREST SERVICE RD,,0,41.4486,-122.4192611,1,58,0,0,1,1,0,4,2,1,0,1,0,0000000,99,99,99,99,99,99,4,0,0,1,1
6,61881,1,1,0,0,0,2,2,111,0,10,9,2013,3,16,20,1,2,2,US-101,,364,34.3215,-119.3821167,0,33,0,0,1,1,0,4,1,1,0,1,0,0000000,99,99,99,99,99,99,0,0,0,1,0
6,61882,2,2,0,0,0,2,2,73,3260,13,9,2013,6,14,23,0,13,6,MIRAMAR ROAD,,0,32.89070556,-117.1412056,0,1,0,0,8,1,0,1,1,1,0,1,0,0000000,99,99,99,99,88,88,0,0,0,1,0
6,61883,1,1,0,2,2,1,1,83,1445,11,11,2013,2,17,18,0,13,6,CATHEDRIAL OAKS RD,SANTA MARGUERITA DR,0,34.45130278,-119.8375056,0,8,0,0,3,2,0,1,5,1,0,1,0,0000000,99,99,99,99,99,99,0,0,0,1,0
6,61884,2,2,0,0,0,3,3,59,0,9,11,2013,7,10,57,0,2,3,SR-74,,159,33.59704722,-117.4638972,0,12,2,0,1,1,0,1,1,1,0,1,0,0000000,99,99,99,99,88,88,0,0,0,1,1