STATE,ST_CASE,VE_TOTAL,VE_FORMS,PVH_INVL,PEDS,PERNOTMVIT,PERMVIT,PERSONS,COUNTY,CITY,DAY,MONTH,YEAR,DAY_WEEK,HOUR,MINUTE,NHS,ROAD_FNC,ROUTE,TWAY_ID,TWAY_ID2,MILEPT,LATITUDE,LONGITUD,SP_JUR,HARM_EV,MAN_COLL,RELJCT1,RELJCT2,TYP_INT,WRK_ZONE,REL_ROAD,LGT_COND,WEATHER1,WEATHER2,WEATHER,SCH_BUS,RAIL,NOT_HOUR,NOT_MIN,ARR_HOUR,ARR_MIN,HOSP_HR,HOSP_MN,CF1,CF2,CF3,FATALS,DRUNK_DR
6,61885,2,2,0,0,0,4,4,83,3430,11,11,2013,2,20,31,0,13,6,CARRILLO ST,CHINO ST,0,34.41458889,-119.7128194,0,12,6,0,2,3,0,1,3,1,0,1,0,0000000,99,99,99,99,99,99,0,0,0,1,1
6,61886,2,2,0,0,0,7,7,13,460,15,6,2013,7,9,30,0,12,3,SR-4,VASCO ROAD,380,37.89578333,-121.7127056,0,12,6,0,2,2,0,1,1,10,0,10,0,0000000,99,99,99,99,99,99,0,0,0,1,0
6,61887,2,2,0,0,0,4,4,71,4290,5,7,2013,6,5,40,1,11,1,I-10,,388,34.00971111,-117.0681694,0,12,1,0,1,1,0,1,4,10,0,10,0,0000000,99,99,99,99,99,99,0,0,0,1,0
6,61888,1,1,0,0,0,1,1,77,0,11,11,2013,2,21,35,0,5,4,CR-FINCK RD,,0,37.79148889,-121.5057389,0,1,0,0,1,1,0,5,2,10,0,10,0,0000000,99,99,99,99,99,99,0,0,0,1,1
6,61890,1,1,0,1,1,1,1,37,2260,12,11,2013,3,8,31,0,16,6,SOUTH MOORE AVE,,0,34.06005556,-118.1305778,0,8,0,0,1,1,0,1,1,10,0,10,0,0000000,99,99,99,99,99,99,0,0,0,1,0
6,61891,1,1,0,0,0,3,3,13,0,27,9,2013,6,8,18,0,3,4,CR-MARSH CREEK RD,,0,37.89211667,-121.792375,0,1,0,0,1,1,0,4,1,1,0,1,0,0000000,99,99,99,99,99,99,0,0,0,1,0
6,61892,2,2,0,0,0,2,2,59,80,18,7,2013,5,23,30,1,12,3,SR-91,,74,33.84641944,-117.8645889,0,7,0,0,1,1,0,1,3,1,0,1,0,0000000,99,99,99,99,88,88,14,0,0,1,1
6,61893,1,1,0,0,0,1,1,17,0,18,10,2013,6,5,58,1,2,2,US-50,,128,38.69858611,-120.873875,0,59,0,0,1,1,0,4,2,1,0,1,0,0000000,99,99,99,99,88,88,0,0,0,1,0
6,61894,3,3,0,0,0,5,5,101,4280,12,11,2013,3,10,38,0,14,6,WALTON AVE,BRIDGE ST,0,39.13234722,-121.6438694,0,12,6,0,2,2,0,1,1,10,0,10,0,0000000,99,99,99,99,99,99,0,0,0,1,0
6,61895,2,2,0,0,0,4,4,37,602,26,10,2013,7,21,18,1,12,3,SR-91,,67,33.8722,-118.28,0,12,1,0,1,1,0,1,3,1,0,1,0,0000000,99,99,99,99,99,99,0,0,0,1,0
6,61896,1,1,0,0,0,2,2,13,0,20,10,2013,1,0,1,0,3,4,CR-BYRON HWY,,0,37.84052778,-121.6141611,0,59,0,0,1,1,0,4,3,1,0,1,0,0000000,99,99,99,99,99,99,0,0,0,1,1
6,61897,1,1,0,0,0,1,1,111,3860,27,7,2013,7,22,55,0,13,6,LYNN RD,,0,34.15646944,-118.9884694,0,33,0,0,1,1,0,4,3,5,10,5,0,0000000,99,99,99,99,88,88,20,0,0,1,1
6,61898,1,1,0,1,1,1,1,37,0,27,10,2013,1,5,15,0,2,4,CR-TEMPLE AVE,,0,34.04766944,-117.8344,0,8,0,0,1,1,0,1,2,1,0,1,0,0000000,99,99,99,99,88,88,0,0,0,1,0
6,61899,1,1,0,0,0,3,3,29,0,9,11,2013,7,23,20,0,3,4,CR-MCCOMBS ROAD,,0,35.61583056,-119.4924889,0,1,0,0,1,1,0,2,2,1,0,1,0,0000000,99,99,99,99,99,99,0,0,0,1,1
6,61900,2,2,0,1,1,3,3,37,1430,27,10,2013,1,5,25,1,12,3,SR-2,,218,34.18866944,-118.2180056,0,8,0,0,1,1,0,1,2,1,0,1,0,0000000,99,99,99,99,99,99,0,0,0,1,0
6,61901,1,1,0,1,1,4,4,59,3760,3,11,2013,1,1,26,0,13,3,SR-39,,95,33.78595,-117.9929583,0,8,0,0,1,1,0,1,3,1,0,1,0,0000000,99,99,99,99,88,88,0,0,0,1,0
6,61902,1,1,0,0,0,1,1,65,0,10,11,2013,1,1,50,0,4,4,CR-DILLON ROAD,,0,33.92477778,-116.5504833,0,1,0,0,1,1,0,2,2,1,0,1,0,0000000,99,99,99,99,88,88,0,0,0,1,1
6,61903,1,1,0,0,0,1,1,89,0,28,8,2013,4,11,47,0,6,4,CR-MAYNARD RD,,0,40.54671944,-122.2455972,0,38,0,0,1,1,0,5,1,1,0,1,0,0000000,99,99,99,99,88,88,20,0,0,1,1
6,61904,1,1,0,0,0,2,2,65,3070,6,11,2013,4,2,20,0,15,6,JACKSON ST,,0,33.93015,-117.4437278,0,42,0,0,1,1,0,4,3,1,0,1,0,0000000,99,99,99,99,88,88,20,0,0,2,1
6,61905,2,2,0,0,0,4,4,65,0,1,9,2013,1,13,26,0,2,3,SR-74,,864,33.65086389,-116.395075,0,12,2,0,1,1,0,1,1,1,0,1,0,0000000,99,99,99,99,99,99,0,0,0,2,0
6,61906,1,1,0,2,2,1,1,71,4040,17,9,2013,3,20,17,1,12,3,SR-18,,1006,34.50694444,-117.4074778,0,8,0,0,1,1,0,1,2,1,0,1,0,0000000,99,99,99,99,99,99,0,0,0,1,0
6,61907,1,1,0,0,0,1,1,59,1782,10,11,2013,1,10,6,0,14,6,PASEO DE VALENCIA,,0,33.59713889,-117.7014611,0,33,0,0,1,1,0,3,1,1,0,1,0,0000000,99,99,99,99,99,99,0,0,0,1,0
6,61908,1,1,0,0,0,1,1,13,0,11,11,2013,2,17,15,0,4,4,CR-FRANKLIN CANYON ROAD,,0,38.01576944,-122.18785,0,33,0,0,1,1,0,4,2,1,0,1,0,0000000,99,99,99,99,88,88,0,0,0,1,0
6,61909,2,2,0,0,0,3,3,73,0,9,11,2013,7,21,23,0,2,4,CR-GRAVES AVE,,0,32.81608889,-116.9606194,0,1,0,0,1,1,0,1,3,1,0,1,0,0000000,99,99,99,99,88,88,20,14,0,1,0
6,61910,1,1,0,0,0,3,3,59,3420,31,10,2013,5,20,1,0,13,6,EDINGER AVE,,0,33.72720833,-117.8906722,0,5,0,0,1,1,0,1,3,1,0,1,0,0000000,99,99,99,99,99,99,0,0,0,1,0
6,61911,1,1,0,0,0,1,1,29,0,6,11,2013,4,16,36,0,4,4,CR-GARLOCK RD,,0,35.421325,-117.738025,0,1,0,0,1,1,0,4,1,1,0,1,0,0000000,99,99,99,99,99,99,0,0,0,1,0
6,61912,1,1,0,1,1,1,1,1,2480,25,9,2013,4,8,40,0,16,6,ALICE ST,9TH ST,0,37.79899444,-122.2685222,0,8,0,0,3,2,0,1,1,1,0,1,0,0000000,99,99,99,99,99,99,0,0,0,1,0
6,61913,2,1,1,0,2,1,3,19,0,10,11,2013,1,2,25,0,2,3,SR-180,,442,36.73493889,-120.0339194,0,14,0,0,1,1,0,2,2,1,0,1,0,0000000,99,99,99,99,88,88,0,0,0,1,1
6,61914,1,1,0,0,0,1,1,71,2550,7,11,2013,5,23,10,1,11,1,I-10,,112,34.0674,-117.5203889,0,33,0,0,1,1,0,4,2,1,0,1,0,0000000,99,99,99,99,88,88,0,0,0,1,1
6,61915,1,1,0,0,0,3,3,1,2480,6,11,2013,4,19,36,1,11,1,I-580,,382,37.77546111,-122.1628972,0,33,0,0,1,1,0,4,2,1,0,1,0,0000000,99,99,99,99,99,99,0,0,0,1,0
6,61916,1,1,0,0,0,1,1,81,3730,16,11,2013,7,23,41,1,11,1,I-280,,227,37.64573889,-122.4494972,0,35,0,0,1,1,0,3,2,10,0,10,0,0000000,99,99,99,99,88,88,0,0,0,1,0
6,61917,2,2,0,0,0,3,3,65,0,14,11,2013,5,13,17,0,4,4,CR-OLD ELSINORE RD,,0,33.81096944,-117.2785694,0,12,2,0,1,1,0,1,1,1,0,1,0,0000000,99,99,99,99,99,99,0,0,0,1,1
6,61918,1,1,0,0,0,4,4,69,0,10,11,2013,1,13,0,1,2,3,SR-156,,169,36.9385,-121.3866806,0,38,0,0,1,1,0,4,1,1,0,1,0,0000000,99,99,99,99,99,99,0,0,0,1,0
6,61919,2,2,0,0,0,2,2,25,0,16,11,2013,7,20,20,1,2,3,SR-111,,43,32.74877778,-115.50075,0,12,2,0,1,1,0,1,2,1,0,1,0,0000000,99,99,99,99,99,99,0,0,0,1,1
6,61920,2,2,0,0,0,2,2,99,2200,13,11,2013,4,10,45,0,14,6,W ORANGEBURG AVE,DEL VALE AVE,0,37.66414444,-121.0193306,0,12,6,0,2,2,0,1,1,1,0,1,0,0000000,99,99,99,99,99,99,0,0,0,1,0
6,61921,1,1,0,1,1,1,1,67,0,14,11,2013,5,19,40,0,2,4,CR-BRADSHAW DR,,0,38.56881111,-121.3365,0,8,0,0,1,1,0,1,3,1,0,1,0,0000000,99,99,99,99,88,88,0,0,0,1,1
6,61922,1,1,0,0,0,1,1,85,0,17,11,2013,1,12,5,1,11,1,I-280,,129,37.34136111,-122.0913611,0,24,0,0,1,1,0,4,1,1,0,1,0,0000000,99,99,99,99,88,88,0,0,0,1,0
6,61923,1,1,0,1,1,1,1,29,0,6,11,2013,4,17,45,1,2,3,SR-14,,124,35.06876944,-118.1749611,1,8,0,0,1,1,0,1,2,1,0,1,0,0000000,99,99,99,99,99,99,0,0,0,1,0
6,61924,2,2,0,0,0,2,2,1,0,10,11,2013,1,16,7,0,3,4,CR-CROW CYN RD,,0,37.7531,-122.02965,0,12,6,0,1,1,0,1,1,1,0,1,0,0000000,99,99,99,99,99,99,0,0,0,1,0
6,61925,1,1,0,0,0,1,1,5,0,15,11,2013,6,1,30,1,2,3,SR-88,,161,38.35998889,-120.7461889,0,59,0,0,1,1,0,4,2,1,0,1,0,0000000,99,99,99,99,88,88,0,0,0,1,1
6,61926,2,2,0,0,0,3,3,97,0,17,11,2013,1,11,10,0,4,4,CR-MIRABEL ROAD,GUISTI ROAD,0,38.4809,-122.8948889,0,1,0,0,2,2,0,1,1,1,0,1,0,0000000,99,99,99,99,99,99,0,0,0,1,0
6,61927,1,1,0,0,0,1,1,95,330,13,11,2013,4,14,50,1,11,1,I-680,,20,38.07608333,-122.1213278,0,25,0,0,1,1,0,3,1,1,0,1,0,0000000,99,99,99,99,88,88,0,0,0,1,1
6,61928,2,2,0,0,0,5,5,19,2690,15,11,2013,6,15,46,0,15,6,MANNING AVE,MADSEN AVE,0,36.60491944,-119.5387944,0,12,6,0,2,3,0,1,1,1,0,1,0,0000000,99,99,99,99,99,99,0,0,0,1,0
6,61929,1,1,0,0,0,1,1,73,3260,10,11,2013,1,16,36,0,16,6,QUIVIRA ACCESS RAMP,,0,32.76254167,-117.2323139,0,33,0,0,5,1,0,4,1,1,0,1,0,0000000,99,99,99,99,88,88,0,0,0,1,1
6,61930,2,2,0,0,0,2,2,37,1980,17,11,2013,1,8,50,0,13,6,LOS FELIZ BLVD,,0,34.111425,-118.2898611,0,12,11,0,8,1,0,1,1,1,0,1,0,0000000,99,99,99,99,99,99,0,0,0,1,0
6,61931,1,1,0,0,0,1,1,69,0,15,11,2013,6,17,50,0,2,3,SR-25,,450,36.79391111,-121.3252333,0,59,0,0,1,1,0,4,2,1,0,1,0,0000000,99,99,99,99,88,88,0,0,0,1,1
6,61932,1,1,0,1,1,1,1,103,0,12,11,2013,3,20,15,0,2,3,SR-36,,394,40.20963056,-122.2690222,0,8,0,0,1,1,0,1,2,1,0,1,0,0000000,99,99,99,99,88,88,0,0,0,1,0
6,61933,1,1,0,1,1,1,1,67,3150,13,11,2013,4,19,42,0,13,6,MACK RD,,0,38.47435278,-121.4421194,0,8,0,0,1,1,0,1,2,1,0,1,0,0000000,99,99,99,99,99,99,0,0,0,1,0
6,61934,1,1,0,0,0,1,1,77,0,17,11,2013,1,12,23,1,12,3,SR-99,,243,38.04156111,-121.2582611,0,38,0,0,1,1,0,5,1,1,0,1,0,0000000,99,99,99,99,99,99,0,0,0,1,0
6,61935,1,1,0,1,1,1,1,61,0,15,11,2013,6,17,5,0,2,3,SR-28,,32,39.19448056,-120.1014194,0,9,0,0,1,1,0,2,2,1,0,1,0,0000000,99,99,99,99,99,99,0,0,0,1,0
6,61936,1,1,0,1,1,1,1,7,660,13,11,2013,4,0,0,0,14,6,SKYWAY RD,,0,39.71330833,-121.7856361,0,8,0,0,1,1,0,2,2,1,0,1,0,0000000,99,99,99,99,88,88,0,0,0,1,0
6,61937,1,1,0,1,1,1,1,71,0,14,11,2013,5,5,44,0,2,3,SR-18,,755,34.44373611,-116.9802972,0,8,0,0,1,1,0,1,3,1,0,1,0,0000000,99,99,99,99,88,88,0,0,0,1,0
6,61938,1,1,0,0,0,1,1,81,2625,15,11,2013,6,18,10,0,13,3,SR-1,,459,37.65785278,-122.4858972,0,17,0,0,1,1,0,4,5,1,0,1,0,0000000,99,99,99,99,99,99,0,0,0,1,1
6,61939,2,2,0,0,0,2,2,107,0,14,11,2013,5,8,40,0,4,4,CR-ROAD 276,,0,36.13443056,-118.9556306,0,12,2,0,1,1,0,1,1,1,0,1,0,0000000,99,99,99,99,99,99,0,0,0,1,0
6,61940,1,1,0,1,1,2,2,111,4027,17,11,2013,1,12,43,0,14,6,THOMPSON BLVD,FIGUEROA ST,0,34.27825,-119.2976972,0,8,0,0,3,2,0,1,1,1,0,1,0,0000000,99,99,99,99,99,99,0,0,0,1,0
6,61941,1,1,0,1,1,1,1,87,0,14,11,2013,5,8,50,0,6,4,CR-CATHEDRAL DR,,0,36.9844,-121.9001639,0,9,0,0,1,1,0,1,1,10,0,10,0,0000000,99,99,99,99,99,99,0,0,0,1,0
6,61942,1,1,0,1,1,1,1,85,2280,15,11,2013,6,18,26,0,13,6,MONTEREY RD,,0,37.10453611,-121.6303,0,8,0,0,1,1,0,1,3,1,0,1,0,0000000,99,99,99,99,88,88,0,0,0,1,0
6,61943,5,5,0,0,0,7,7,37,1980,15,11,2013,6,20,9,1,12,3,SR-170,,167,34.17997778,-118.3956,0,12,1,0,1,1,0,1,2,10,0,10,0,0000000,99,99,99,99,99,99,19,0,0,1,0
6,61944,2,2,0,0,0,2,2,59,2400,13,11,2013,4,6,54,0,13,3,SR-1,PROMONTORY POINT,176,33.61320556,-117.8940083,0,12,6,0,2,3,0,1,1,1,0,1,0,0000000,99,99,99,99,99,99,0,0,0,1,0
6,61945,4,4,0,0,0,4,4,73,0,17,11,2013,1,11,10,0,3,4,CR-OTAY LAKES RD,,0,32.64021944,-116.8761806,0,1,0,0,1,1,0,1,1,1,0,1,0,0000000,99,99,99,99,88,88,14,19,0,1,0
6,61946,2,2,0,0,0,2,2,65,3070,15,11,2013,6,20,34,0,14,6,UNIVERSITY DR,REDWOOD DR,0,33.98652222,-117.3842028,0,12,2,0,2,10,0,1,3,1,0,1,0,0000000,99,99,99,99,99,99,0,0,0,1,1
6,61947,1,1,0,0,0,2,2,61,3080,15,11,2013,6,22,0,1,11,1,I-80,,59,38.78673056,-121.2245389,0,52,0,1,5,1,0,4,3,1,0,1,0,0000000,99,99,99,99,99,99,0,0,0,1,0
6,61948,2,2,0,0,0,3,3,37,1980,16,11,2013,7,0,30,0,13,6,MANCHESTER AVE,VERMONT AVE,0,33.96001667,-118.2916028,0,12,2,0,2,2,0,1,3,1,0,1,0,0000000,99,99,99,99,99,99,0,0,0,1,2
6,61949,1,1,0,0,0,2,2,111,2890,17,11,2013,1,12,57,0,13,6,CHANNEL ISLAND BLVD,WHEELHOUSE AVE,0,34.17603333,-119.2126917,0,33,0,0,3,3,0,4,1,1,0,1,0,0000000,99,99,99,99,99,99,0,0,0,1,1
6,61950,2,2,0,0,0,2,2,37,804,18,11,2013,2,12,36,1,11,1,I-710,,227,34.00766944,-118.1721889,0,12,7,0,1,1,0,1,1,10,0,10,0,0000000,99,99,99,99,88,88,14,0,0,1,0
6,61951,1,1,0,1,1,7,7,115,0,16,11,2013,7,1,10,0,3,4,CR-MARYSVILLE RD,,0,39.43005278,-121.0915778,0,8,0,0,1,1,0,1,2,1,0,1,0,0000000,1,21,1,37,88,88,15,0,0,1,1
6,61952,2,2,0,0,0,2,2,107,0,18,11,2013,2,18,4,0,4,4,CR-SPACER DR,,0,36.14016667,-119.2740083,0,12,7,0,8,1,0,1,2,1,0,1,0,0000000,99,99,99,99,88,88,14,0,0,1,0
6,61953,1,1,0,0,0,2,2,45,0,17,11,2013,1,15,0,0,2,3,SR-20,,171,39.35269167,-123.5587361,0,1,0,0,1,1,0,4,1,1,0,1,0,0000000,99,99,99,99,99,99,0,0,0,1,1
6,61954,1,1,0,0,0,4,4,71,0,16,11,2013,7,1,20,1,1,1,I-40,,768,34.719,-115.7011,0,35,0,0,1,1,0,5,2,1,0,1,0,0000000,99,99,99,99,99,99,0,0,0,1,0
6,61955,1,1,0,0,0,1,1,87,0,19,11,2013,3,12,30,1,12,3,SR-1,,85,36.97059722,-121.8741306,0,33,0,0,5,1,0,8,1,10,0,10,0,0000000,99,99,99,99,99,99,0,0,0,1,0
6,61956,1,1,0,0,0,1,1,13,110,20,1,2013,1,20,37,0,14,6,WILBUR AVE,,0,38.01235556,-121.7748778,0,38,0,0,1,1,0,4,3,1,0,1,0,0000000,99,99,99,99,88,88,0,0,0,1,1
6,61957,1,1,0,1,1,2,2,37,2260,28,6,2013,6,21,40,0,15,6,RAMONA AVE,,0,34.05977778,-118.1269,0,8,0,0,1,1,0,1,3,1,0,1,0,0000000,99,99,99,99,99,99,0,0,0,1,0
6,61958,1,1,0,0,0,1,1,111,4027,19,11,2013,3,16,40,1,12,3,SR-126,,16,34.27135278,-119.2105611,0,43,0,0,1,1,0,4,5,1,0,1,0,0000000,99,99,99,99,99,99,0,0,0,1,0
6,61959,1,1,0,0,0,2,2,1,2840,10,7,2013,4,17,29,1,11,1,I-680,,178,37.67043056,-121.9105194,0,33,0,0,1,1,0,4,1,1,0,1,0,0000000,99,99,99,99,99,99,0,0,0,1,0
6,61960,1,1,0,1,1,1,1,29,0,18,11,2013,2,6,55,0,2,3,SR-58,,282,35.046,-118.164,0,8,0,0,1,1,0,1,1,1,0,1,0,0000000,99,99,99,99,88,88,0,0,0,1,0
6,61961,2,2,0,0,0,2,2,81,2140,20,11,2013,4,7,28,0,13,3,SR-109,,18,37.48583611,-122.1418417,0,33,0,0,1,1,0,3,1,10,0,10,0,0000000,99,99,99,99,99,99,0,0,0,1,0
6,61962,2,2,0,0,0,4,4,59,3420,16,11,2013,7,1,48,0,14,6,MCFADDEN AVE,MOHAWK DR,0,33.73499444,-117.909875,0,12,2,0,3,2,0,1,3,1,0,1,0,0000000,99,99,99,99,99,99,0,0,0,1,1
6,61963,2,2,0,0,0,2,2,31,0,17,11,2013,1,20,50,0,3,4,CR-LACEY BLVD,,0,36.32799444,-119.6109972,0,12,6,0,8,1,0,1,3,1,0,1,0,0000000,99,99,99,99,99,99,0,0,0,1,1
6,61964,1,1,0,0,0,1,1,99,1650,16,11,2013,7,12,56,0,15,6,SANTA FE AVE,TULLY RD,0,37.5979,-120.8701806,0,1,0,0,2,7,0,1,1,1,0,1,0,0000000,99,99,99,99,88,88,0,0,0,1,1
6,61965,2,2,0,0,0,2,2,73,0,18,11,2013,2,6,45,0,4,4,CR-ELFIN FOREST RD,,0,33.07841111,-117.1720389,0,12,2,0,1,1,0,1,4,1,0,1,0,0000000,99,99,99,99,99,99,0,0,0,1,0
6,61966,1,1,0,1,1,1,1,23,0,24,11,2013,1,3,19,1,12,2,US-101,,878,40.88740278,-124.0794528,0,8,0,0,1,1,0,1,2,1,0,1,0,0000000,99,99,99,99,88,88,0,0,0,1,1
6,61967,1,1,0,0,0,1,1,71,115,17,7,2013,4,5,34,0,12,3,SR-18,,890,34.50065556,-117.190575,0,31,0,0,1,1,0,5,4,1,0,1,0,0000000,99,99,99,99,99,99,0,0,0,1,0
6,61968,1,1,0,1,1,1,1,85,3340,24,11,2013,1,19,58,0,14,6,WHITE ROAD,HYLAND AVE,0,37.36724444,-121.8293056,0,8,0,0,2,3,0,1,2,1,0,1,0,0000000,99,99,99,99,99,99,0,0,0,1,0
6,61969,1,1,0,1,1,1,1,29,0,19,11,2013,3,17,20,0,2,4,CR-NILES ST,,0,35.37761111,-118.972625,0,8,0,0,1,1,0,1,3,1,0,1,0,0000000,99,99,99,99,88,88,0,0,0,1,0
6,61970,1,1,0,0,0,3,3,89,0,24,11,2013,1,21,54,0,3,4,CR-CLEAR CREEK ROAD,,0,40.49146389,-122.4999,0,1,0,0,1,1,0,1,2,1,0,1,0,0000000,99,99,99,99,99,99,0,0,0,1,1
6,61971,1,1,0,0,0,3,3,59,1782,5,9,2013,5,14,36,1,11,1,I-5,,182,33.60953056,-117.7014194,0,1,0,0,1,1,0,3,1,1,0,1,0,0000000,99,99,99,99,99,99,0,0,0,1,0
6,61972,1,1,0,1,1,3,3,99,0,19,11,2013,3,18,20,0,3,4,CR-MCHENRY AVE,,0,37.754,-120.9955111,0,8,0,0,1,1,0,1,2,2,0,2,0,0000000,99,99,99,99,99,99,0,0,0,1,0
6,61973,1,1,0,1,1,1,1,37,3445,20,11,2013,4,18,5,0,14,6,WILEY CANYON RD,,0,34.39028056,-118.5469889,0,8,0,0,1,1,0,1,3,10,0,10,0,0000000,99,99,99,99,99,99,0,0,0,1,0
6,61974,1,1,0,0,0,1,1,77,0,20,11,2013,4,12,45,0,6,4,CR-BLOSSOM RD,,0,38.22258056,-121.4465528,0,42,0,0,1,1,0,4,1,10,2,2,0,0000000,99,99,99,99,88,88,0,0,0,1,0
6,61975,1,1,0,1,1,1,1,37,2240,11,10,2013,6,6,14,0,13,6,W WHITTIER BL,,0,34.01424722,-118.1283972,0,8,0,0,1,1,0,1,3,1,0,1,0,0000000,99,99,99,99,99,99,0,0,0,1,1
6,61976,1,1,0,0,0,1,1,37,1980,27,11,2013,4,10,35,1,11,1,I-110,,9,33.747525,-118.2913361,0,25,0,0,1,1,0,3,1,1,0,1,0,0000000,99,99,99,99,99,99,0,0,0,1,0
6,61977,1,1,0,2,2,3,3,53,3180,20,11,2013,4,19,13,0,13,6,EAST LAUREL DR,,0,36.69466667,-121.6325833,0,8,0,0,1,1,0,1,3,10,0,10,0,0000000,99,99,99,99,99,99,0,0,0,2,0
6,61978,3,3,0,0,0,4,4,37,0,7,8,2013,4,11,4,0,2,4,CR-AVENUE T,80TH ST EAST,0,34.54288056,-117.9871194,0,12,1,0,3,3,0,1,1,1,0,1,0,0000000,99,99,11,14,99,99,0,0,0,1,0
6,61979,1,1,0,0,0,5,5,59,3420,21,11,2013,5,0,11,0,2,6,FAIRVIEW ST,,0,33.75260833,-117.9024417,0,33,0,0,1,1,0,4,3,2,0,2,0,0000000,99,99,99,99,99,99,0,0,0,1,1
6,61980,1,1,0,1,1,2,2,89,0,21,11,2013,5,5,19,0,12,3,SR-237,,88,40.48265278,-122.3483583,0,8,0,0,1,1,0,1,2,1,0,1,0,0000000,99,99,99,99,88,88,0,0,0,1,0
6,61981,3,3,0,1,1,5,5,113,0,27,10,2013,1,1,11,1,1,1,I-5,,26,38.67335,-121.66625,0,12,2,0,1,1,0,1,2,1,0,1,0,0000000,99,99,99,99,99,99,15,19,23,1,0
6,61982,1,1,0,0,0,1,1,37,1970,22,11,2013,6,20,5,0,13,6,HARBOR SCENIC DR,QUEENS HWY,0,33.755875,-118.1997944,0,21,0,1,19,1,0,3,3,10,0,10,0,0000000,99,99,99,99,88,88,0,0,0,1,1
6,61983,2,2,0,0,0,2,2,83,0,10,9,2013,3,17,2,0,4,4,CR-SIMAS ST,,0,34.94398056,-120.5582111,0,12,6,0,1,1,0,1,1,1,0,1,0,0000000,99,99,99,99,99,99,0,0,0,1,0
6,61984,2,2,0,0,0,2,2,37,1980,23,11,2013,7,2,10,0,13,6,SHERMAN WY,LOUISE AVE,0,34.20110278,-118.5098111,0,12,6,0,2,2,0,1,3,10,0,10,0,0000000,99,99,99,99,99,99,0,0,0,1,1
6,61985,2,2,0,0,0,2,2,83,0,20,11,2013,4,17,58,0,4,4,CR-BETTERAVIA RD,CR-RAY RD,0,34.92427778,-120.5287028,0,12,2,0,1,1,0,1,2,2,0,2,0,0000000,99,99,99,99,99,99,0,0,0,1,0
6,61986,2,1,1,2,2,1,1,85,2182,1,11,2013,6,2,40,1,11,1,I-680,,89,37.45373611,-121.8944972,0,8,0,0,1,1,4,2,2,1,0,1,0,0000000,99,99,99,99,99,99,15,0,0,1,1
6,61987,2,2,0,0,0,7,7,37,0,21,9,2013,7,18,25,0,3,4,CR-10TH ST,AVE G,0,34.73344722,-118.112825,0,12,6,0,2,2,0,1,1,1,0,1,0,0000000,99,99,99,99,99,99,0,0,0,4,1
6,61988,1,1,0,0,0,4,4,81,0,23,11,2013,7,3,16,0,12,3,SR-1,,385,37.57126389,-122.5158833,0,39,0,0,1,1,0,4,3,1,0,1,0,0000000,99,99,99,99,99,99,0,0,0,1,1
6,61989,3,3,0,0,0,3,3,81,0,25,11,2013,2,20,54,0,12,3,SR-1,,377,37.55938889,-122.51395,0,12,8,0,1,1,0,1,2,1,0,1,0,0000000,99,99,99,99,99,99,14,0,0,1,1
6,61990,2,2,0,0,0,2,2,83,0,8,11,2013,6,22,45,0,2,3,SR-154,SR-246,81,34.61025,-120.0552194,0,12,2,0,2,2,0,1,3,1,0,1,0,0000000,99,99,99,99,88,88,0,0,0,1,2
6,61991,2,2,0,0,0,5,5,23,0,2,11,2013,7,13,27,1,2,3,SR-299,,331,40.90748889,-123.7109806,0,12,6,0,1,1,0,1,1,10,0,10,0,0000000,99,99,99,99,99,99,0,0,0,1,0
6,61992,1,1,0,1,1,3,3,65,750,19,11,2013,3,17,10,0,15,6,VAN BUREN ST,,0,33.69608056,-116.1990306,0,8,0,0,1,1,0,1,3,1,0,1,0,0000000,99,99,99,99,88,88,0,0,0,1,0
6,61993,2,2,0,1,1,2,2,19,1370,23,11,2013,7,5,26,1,12,3,SR-99,,207,36.7299,-119.7983,0,8,0,0,1,1,0,1,2,1,0,1,0,0000000,99,99,99,99,88,88,0,0,0,1,0
6,61994,1,1,0,0,0,1,1,45,0,25,11,2013,2,21,30,0,4,4,CR-BELL SPRINGS ROAD,,0,39.99906944,-123.61665,0,1,0,0,1,1,0,4,2,10,0,10,0,0000000,99,99,99,99,88,88,4,0,0,1,1
6,61995,1,1,0,0,0,1,1,57,0,23,11,2013,7,8,30,0,2,3,SR-49,,292,39.36236944,-121.1144611,0,42,0,0,1,1,0,4,1,1,0,1,0,0000000,99,99,99,99,99,99,0,0,0,1,0
6,61996,2,2,0,0,0,2,2,29,0,23,11,2013,7,9,35,0,3,4,CR-FAIRFAX RD,CR-EUCALYPTUS DR,0,35.36518889,-118.9319694,0,12,6,0,2,2,0,1,1,1,0,1,0,0000000,99,99,99,99,88,88,0,0,0,1,0
6,61997,2,2,0,0,0,2,2,37,1980,18,11,2013,2,21,5,0,13,6,VERMONT AVE,PICO BL,0,34.04720833,-118.291525,0,12,2,0,2,2,0,1,3,1,0,1,0,0000000,99,99,99,99,99,99,0,0,0,1,1
6,61998,1,1,0,1,1,1,1,37,2260,23,11,2013,7,9,48,0,15,6,NEWMARK AVE,YNEZ AVE,0,34.05981111,-118.1291806,0,8,0,0,3,2,0,1,1,1,0,1,0,0000000,99,99,99,99,99,99,0,0,0,1,0