STATE,ST_CASE,VE_TOTAL,VE_FORMS,PVH_INVL,PEDS,PERNOTMVIT,PERMVIT,PERSONS,COUNTY,CITY,DAY,MONTH,YEAR,DAY_WEEK,HOUR,MINUTE,NHS,ROAD_FNC,ROUTE,TWAY_ID,TWAY_ID2,MILEPT,LATITUDE,LONGITUD,SP_JUR,HARM_EV,MAN_COLL,RELJCT1,RELJCT2,TYP_INT,WRK_ZONE,REL_ROAD,LGT_COND,WEATHER1,WEATHER2,WEATHER,SCH_BUS,RAIL,NOT_HOUR,NOT_MIN,ARR_HOUR,ARR_MIN,HOSP_HR,HOSP_MN,CF1,CF2,CF3,FATALS,DRUNK_DR
6,61999,3,3,0,0,0,3,3,71,1457,31,5,2013,6,10,50,1,11,1,I-215,,18,34.03853056,-117.31975,0,12,1,0,1,1,1,1,1,1,0,1,0,0000000,99,99,99,99,88,88,3,0,0,1,0
6,62000,1,1,0,1,1,1,1,53,3180,23,11,2013,7,16,14,0,14,6,CONSTITUTION BLVD,BEACON HILL DR,0,36.69889167,-121.6159583,0,9,0,0,2,2,0,1,1,1,0,1,0,0000000,99,99,99,99,88,88,0,0,0,1,0
6,62001,3,3,0,0,0,5,5,19,0,23,11,2013,7,17,30,0,3,4,CR-JENSEN AVE,CR-FRUIT AVE,0,36.70674444,-119.8179139,0,12,1,0,3,2,0,1,3,1,0,1,0,0000000,99,99,99,99,99,99,0,0,0,1,0
6,62002,1,1,0,0,0,1,1,71,0,25,11,2013,2,99,99,0,2,3,SR-38,,210,34.15320278,-116.9722528,0,34,0,0,1,1,0,4,2,1,0,1,0,0000000,99,99,99,99,88,88,0,0,0,1,0
6,62003,1,1,0,1,1,0,0,47,0,2,11,2013,7,20,32,0,4,4,CR-OLIVE AVE,,0,37.39681111,-120.6314111,0,10,0,0,6,1,0,1,2,1,0,1,0,9999999,99,99,99,99,99,99,23,0,0,1,0
6,62004,1,1,0,0,0,1,1,71,3210,3,8,2013,7,2,30,1,12,3,SR-210,,214,34.14031111,-117.3236889,0,35,0,0,1,1,0,4,2,1,0,1,0,0000000,99,99,99,99,88,88,0,0,0,1,1
6,62005,1,1,0,0,0,3,3,37,3470,14,9,2013,7,1,30,0,13,3,SR-1,,351,34.01223056,-118.4928694,0,39,0,0,1,1,0,4,2,1,0,1,0,0000000,99,99,99,99,99,99,0,0,0,1,1
6,62006,3,3,0,0,0,4,4,37,1870,17,9,2013,3,11,16,0,13,6,FOOTHILL BL,B ST,0,34.11455556,-117.7692528,0,12,2,0,2,3,0,1,1,1,0,1,0,0000000,99,99,99,99,99,99,0,0,0,1,0
6,62007,2,2,0,0,0,2,2,19,0,21,11,2013,5,7,50,0,3,4,CR-CALIFORNIA AVE,CR-BRAWLEY AVE,0,36.72100556,-119.8623972,0,12,6,0,2,2,0,1,1,1,0,1,0,0000000,99,99,99,99,99,99,0,0,0,1,0
6,62008,1,1,0,1,1,2,2,95,4020,31,10,2013,5,0,7,0,14,6,SOLANO AVE,,0,38.10568611,-122.2308111,0,8,0,0,1,1,0,1,2,1,0,1,0,0000000,99,99,99,99,88,88,0,0,0,1,1
6,62009,1,1,0,0,0,5,5,65,0,26,11,2013,3,16,0,0,3,4,CR-DILLON RD,CR-BERDOO CYN RD,0,33.78568056,-116.1796889,0,35,0,0,1,1,0,5,1,1,0,1,0,0000000,99,99,99,99,99,99,0,0,0,2,0
6,62010,1,1,0,0,0,3,3,37,480,9,10,2013,4,1,0,1,11,1,I-5,,317,34.20474444,-118.3421056,0,39,0,0,1,1,0,4,3,1,0,1,0,0000000,99,99,99,99,99,99,0,0,0,1,0
6,62011,1,1,0,1,1,1,1,37,245,28,9,2013,7,13,53,0,14,6,MAINE AVE,PARK PLAZA,0,34.08815556,-117.9603833,0,8,0,0,3,3,0,1,1,1,0,1,0,0000000,99,99,99,99,99,99,0,0,0,1,0
6,62012,2,2,0,0,0,2,2,15,0,5,11,2013,3,10,35,1,2,2,US-199,,98,41.8289,-124.031975,0,12,6,0,1,1,0,1,1,2,0,2,0,0000000,99,99,99,99,99,99,0,0,0,1,0
6,62013,2,2,0,0,0,2,2,1,2840,19,9,2013,5,4,18,1,11,1,I-680,,162,37.6508,-121.8956917,0,12,1,0,1,1,0,1,2,1,0,1,0,0000000,99,99,99,99,99,99,0,0,0,1,1
6,62014,2,2,0,0,0,13,13,71,1305,29,11,2013,6,16,11,0,13,6,SIERRA AVE,,0,34.15806389,-117.4360194,0,12,6,0,1,1,0,1,1,1,0,1,0,0000000,99,99,99,99,99,99,0,0,0,1,0
6,62015,1,1,0,0,0,1,1,37,1980,16,11,2013,7,13,30,1,11,1,I-5,,267,34.1556,-118.2892861,0,25,0,0,1,1,0,3,1,1,0,1,0,0000000,99,99,99,99,99,99,0,0,0,1,0
6,62016,1,1,0,1,1,1,1,37,3870,1,10,2013,3,5,40,0,13,3,SR-107,,32,33.85076389,-118.3538528,0,8,0,0,1,1,0,1,3,1,0,1,0,0000000,99,99,99,99,88,88,0,0,0,1,0
6,62017,2,2,0,0,0,3,3,37,3470,28,6,2013,6,1,20,1,11,1,I-10,,42,34.02777778,-118.4527889,0,12,1,1,18,1,0,1,2,1,0,1,0,0000000,99,99,99,99,99,99,19,27,0,1,1
6,62018,1,1,0,1,1,3,3,71,1603,14,10,2013,2,18,56,0,14,6,BEAR VALLEY RD,9TH AVE,0,34.47063889,-117.316675,0,8,0,0,3,2,0,1,3,1,0,1,0,0000000,99,99,99,99,99,99,0,0,0,1,0
6,62019,2,2,0,1,1,3,3,1,1560,29,11,2013,6,22,40,0,12,3,SR-84,,18,37.526325,-122.0978917,0,8,0,0,1,1,0,1,2,1,0,1,0,0000000,99,99,99,99,88,88,0,0,0,1,0
6,62020,1,1,0,1,1,1,1,25,0,29,11,2013,6,18,5,0,2,3,SR-111,MAIN ST,405,33.2403,-115.5190278,0,8,0,0,3,3,0,1,3,1,0,1,0,0000000,99,99,99,99,88,88,0,0,0,1,0
6,62021,1,1,0,0,0,1,1,109,0,22,11,2013,6,10,30,0,6,4,CR-FOREST RD 1N04,,0,37.98584444,-120.0537778,0,23,0,0,1,1,0,4,1,1,0,1,0,0000000,99,99,99,99,88,88,0,0,0,1,0
6,62022,1,1,0,1,1,1,1,37,0,29,10,2013,3,5,20,0,2,4,CR-FIRESTONE BL,HOLMES AVE,0,33.96011389,-118.2408722,0,8,0,0,3,3,0,1,3,1,0,1,0,0000000,99,99,99,99,99,99,0,0,0,1,0
6,62023,1,1,0,0,0,1,1,19,0,24,11,2013,1,8,14,1,12,3,SR-99,,155,36.67383889,-119.7362806,0,52,0,1,19,1,0,4,1,1,0,1,0,0000000,99,99,99,99,88,88,0,0,0,1,0
6,62024,1,1,0,1,1,2,2,71,260,2,12,2013,2,0,1,1,11,1,I-15,,722,34.88613056,-117.0462694,0,8,0,0,1,1,0,1,2,1,0,1,0,0000000,99,99,99,99,88,88,0,0,0,1,0
6,62025,1,1,0,0,0,7,7,37,1980,30,11,2013,7,0,14,1,12,3,SR-110 RAMP,,255,34.07963056,-118.2273389,0,25,0,1,5,1,0,2,3,1,0,1,0,0000000,99,99,99,99,99,99,19,0,0,3,0
6,62026,3,3,0,0,0,5,5,71,3210,26,11,2013,3,10,51,1,11,1,I-215 RAMP,BASELINE ST,82,34.12125278,-117.3022806,0,12,6,1,2,3,0,1,1,1,0,1,0,0000000,99,99,10,56,99,99,14,0,0,1,0
6,62027,1,1,0,4,4,4,4,85,3340,24,11,2013,1,13,59,0,14,6,VINE ST,OAK ST,0,37.32017778,-121.8845528,0,8,0,0,3,2,0,1,1,1,0,1,0,0000000,99,99,99,99,99,99,0,0,0,1,0
6,62028,1,1,0,0,0,1,1,67,3150,2,12,2013,2,13,15,1,11,1,I-5,,261,38.61640278,-121.5129556,0,42,0,0,1,1,0,4,1,1,0,1,0,0000000,99,99,99,99,88,88,0,0,0,1,0
6,62029,2,2,0,0,0,3,3,85,3340,2,9,2013,2,3,18,0,13,6,N 1ST ST,SKYPORT DR,0,37.36708333,-121.9135028,0,12,6,0,2,2,0,1,3,1,0,1,0,0000000,99,99,99,99,99,99,20,0,0,2,0
6,62030,1,1,0,0,0,1,1,37,1980,30,11,2013,7,4,0,0,14,6,COLDWATER CYN,,0,34.11917222,-118.4030167,0,39,0,0,1,1,0,4,3,1,0,1,0,0000000,99,99,99,99,99,99,0,0,0,1,0
6,62031,3,3,0,0,0,4,4,37,0,29,11,2013,6,12,55,1,11,1,I-710 RAMP,,245,34.03370833,-118.1702417,0,33,0,1,5,1,0,8,1,10,0,10,0,0000000,99,99,99,99,99,99,14,0,0,1,0
6,62032,4,4,0,1,1,6,6,47,0,1,12,2013,1,21,30,0,2,3,SR-33,CENTILLA AVE,158,37.09341944,-121.01595,0,8,0,0,2,3,0,1,2,1,0,1,0,0000000,99,99,99,99,88,88,0,0,0,1,0
6,62033,1,1,0,1,1,1,1,71,0,3,12,2013,3,19,22,0,4,4,CR-CENTRAL RD,,0,34.58186111,-117.171525,0,8,0,0,1,1,0,1,2,1,0,1,0,0000000,99,99,99,99,88,88,0,0,0,1,0
6,62034,1,1,0,1,1,1,1,71,0,24,11,2013,1,17,25,0,14,6,CR-LOCUST AVE,,0,34.05539722,-117.4095528,0,8,0,0,8,1,0,2,3,1,0,1,0,0000000,99,99,99,99,88,88,0,0,0,1,0
6,62035,1,1,0,1,1,2,2,73,3260,22,11,2013,6,18,33,0,15,6,ORANGE AVE,41ST ST,0,32.7532,-117.1068806,0,8,0,0,3,3,0,1,3,10,0,10,0,0000000,99,99,99,99,99,99,0,0,0,1,0
6,62036,3,3,0,1,1,5,5,13,3010,29,11,2013,6,0,24,1,11,1,I-80,,34,37.94384167,-122.3238194,0,8,0,0,1,1,0,1,2,10,0,10,0,0000000,99,99,99,99,88,88,19,23,0,1,0
6,62037,1,1,0,0,0,1,1,49,0,3,12,2013,3,22,50,1,2,2,US-395,,261,41.51575,-120.4830389,0,35,0,0,1,1,0,4,2,1,0,1,0,0000000,99,99,99,99,99,99,0,0,0,1,1
6,62038,1,1,0,0,0,3,3,59,80,25,11,2013,2,0,40,1,12,3,SR-91,,32,33.85371389,-117.925575,0,33,0,0,1,1,0,4,3,1,0,1,0,0000000,99,99,99,99,99,99,0,0,0,2,0
6,62039,2,2,0,1,1,4,4,37,1980,29,11,2013,6,18,27,0,13,6,WASHINGTON BLVD,BRONSON AVE,0,34.03987778,-118.3298639,0,8,0,0,3,2,0,1,2,1,0,1,0,0000000,99,99,99,99,99,99,15,0,0,1,0
6,62040,1,1,0,0,0,2,2,15,0,4,12,2013,4,15,25,1,2,2,US-199,,37,41.81176389,-124.0966472,0,42,0,0,1,1,0,4,1,1,0,1,0,0000000,99,99,99,99,99,99,0,0,0,1,0
6,62041,1,1,0,0,0,1,1,95,0,1,12,2013,1,0,5,0,4,4,CR-DIXON AVE E,,0,38.44518611,-121.8034278,0,43,0,0,1,1,0,4,3,1,0,1,0,0000000,99,99,99,99,88,88,0,0,0,1,1
6,62042,1,1,0,0,0,1,1,71,0,26,11,2013,3,16,36,1,1,1,I-15 RAMP,,1405,34.22520278,-117.407825,0,52,0,1,5,1,1,4,5,1,0,1,0,0000000,99,99,99,99,88,88,0,0,0,1,1
6,62043,3,1,2,0,0,1,1,37,0,1,12,2013,1,1,0,0,3,4,CR-COMPTON,,0,33.89624167,-118.1903389,0,33,0,0,1,1,0,4,3,1,0,1,0,0000000,99,99,99,99,88,88,0,0,0,1,0
6,62044,1,1,0,0,0,2,2,57,0,4,12,2013,4,9,53,0,4,4,CR-INDIAN SPRINGS RD,,0,39.19288056,-121.2072389,0,35,0,0,1,1,0,4,1,1,0,1,0,0000000,99,99,99,99,99,99,0,0,0,1,0
6,62045,1,1,0,1,1,1,1,37,810,26,11,2013,3,17,38,0,13,6,ROSECRANS AVE,,0,33.90326111,-118.23105,0,8,0,0,1,1,0,1,3,1,0,1,0,0000000,99,99,99,99,99,99,0,0,0,1,0
6,62046,3,3,0,0,0,3,3,37,1980,1,12,2013,1,2,52,1,12,3,SR-118,,98,34.26613333,-118.4727722,0,12,1,0,1,1,0,1,2,1,0,1,0,0000000,99,99,99,99,99,99,14,19,0,1,0
6,62047,2,2,0,0,0,2,2,75,3290,2,12,2013,2,20,28,0,16,6,STEINER ST,OAK ST,0,37.77374722,-122.4324583,0,12,6,0,2,2,0,1,3,1,0,1,0,0000000,99,99,99,99,99,99,4,0,0,1,0
6,62048,1,1,0,1,1,1,1,67,0,27,11,2013,4,12,2,0,4,4,CR-WINDING WY,,0,38.64463056,-121.2837944,0,8,0,0,1,1,0,2,1,1,0,1,0,0000000,99,99,99,99,99,99,0,0,0,1,0
6,62049,1,1,0,1,1,1,1,73,3260,4,12,2013,4,19,35,1,11,1,I-5,,144,32.70328889,-117.1457,0,8,0,1,18,1,0,1,2,10,0,10,0,0000000,99,99,99,99,88,88,0,0,0,1,1
6,62050,2,2,0,0,0,5,5,77,1940,4,12,2013,4,23,11,1,12,3,SR-99,,307,38.13345,-121.2575806,0,5,0,0,1,1,0,1,3,1,0,1,0,0000000,99,99,99,99,88,88,14,0,0,1,1
6,62051,1,1,0,0,0,1,1,95,0,28,11,2013,5,6,21,0,6,4,CR-HACKMAN RD,,0,38.45218056,-121.6960639,0,30,0,0,1,1,0,4,2,1,0,1,0,0000000,99,99,99,99,88,88,0,0,0,1,1
6,62052,2,2,0,0,0,5,5,107,0,29,11,2013,6,19,11,0,4,4,CR-RD 120,AVENUE 424,0,36.55937778,-119.3050056,0,12,6,0,2,2,0,1,2,1,0,1,0,0000000,99,99,99,99,99,99,0,0,0,1,0
6,62053,2,2,0,0,0,2,2,37,1980,28,11,2013,5,20,30,0,14,6,8TH ST,,0,34.05258333,-118.2726917,0,12,6,0,8,1,0,1,3,1,0,1,0,0000000,99,99,99,99,88,88,0,0,0,1,1
6,62054,1,1,0,1,1,1,1,73,3260,22,11,2013,6,20,47,0,16,6,14TH ST,L ST,0,32.70731944,-117.1518778,0,8,0,0,2,3,0,1,3,10,0,10,0,0000000,99,99,99,99,88,88,0,0,0,1,0
6,62055,1,1,0,0,0,1,1,47,0,29,11,2013,6,21,0,0,2,3,SR-165,,302,37.36173889,-120.8496194,0,35,0,0,1,1,0,5,2,1,0,1,0,0000000,99,99,99,99,88,88,0,0,0,1,0
6,62056,3,3,0,0,0,4,4,37,1700,3,12,2013,3,16,42,0,13,6,IMPERIAL HWY,,0,33.93093056,-118.31725,0,12,1,0,1,1,0,1,1,1,0,1,0,0000000,99,99,99,99,99,99,0,0,0,1,0
6,62057,3,3,0,1,1,3,3,67,0,11,12,2013,4,4,24,1,11,1,I-80,,117,38.65566389,-121.3654056,0,8,0,0,1,1,0,1,2,1,0,1,0,0000000,99,99,99,99,99,99,14,19,0,1,0
6,62058,1,1,0,0,0,1,1,83,0,6,12,2013,6,5,30,0,2,3,SR-154,,287,34.48994167,-119.7835944,0,17,0,0,1,1,0,4,2,1,0,1,0,0000000,99,99,99,99,88,88,0,0,0,1,0
6,62059,4,2,2,0,0,5,5,37,1980,7,12,2013,7,1,45,0,13,6,AVALON BLVD,ANAHEIM ST,0,33.77998333,-118.26245,0,12,6,0,2,2,0,1,3,10,0,10,0,0000000,99,99,99,99,99,99,14,0,0,1,1
6,62060,1,1,0,1,1,1,1,75,3290,6,12,2013,6,16,45,0,13,6,SUNSET BLVD,YORBA ST,0,37.73501389,-122.4940167,0,8,0,0,3,3,0,1,5,2,10,2,0,0000000,99,99,99,99,99,99,0,0,0,1,0
6,62061,1,1,0,0,0,1,1,61,0,7,12,2013,7,99,99,1,1,1,I-80,,289,39.04865,-120.9721389,0,42,0,0,1,1,0,4,2,4,0,4,0,0000000,99,99,99,99,88,88,18,0,0,1,0
6,62062,1,1,0,1,1,1,1,13,110,14,2,2013,5,18,42,0,14,6,HILLCREST AVE,GOLDEN BEAR DR,0,37.97726111,-121.7627639,0,8,0,0,3,2,0,1,3,1,0,1,0,0000000,99,99,99,99,99,99,0,0,0,1,0
6,62063,1,1,0,0,0,1,1,85,3340,7,12,2013,7,0,35,0,13,6,SAN TOMAS EXPRESSWAY,,0,37.31429444,-121.9634278,0,33,0,0,1,1,0,4,3,2,10,2,0,0000000,99,99,99,99,88,88,0,0,0,1,0
6,62064,2,1,1,0,0,1,1,107,0,11,12,2013,4,18,38,1,12,3,SR-99,,262,36.6241,-119.3334889,0,38,0,0,1,1,0,5,2,1,0,1,0,0000000,99,99,99,99,88,88,0,0,0,1,1
6,62065,1,1,0,0,0,1,1,97,1570,7,12,2013,7,7,45,1,12,2,US-101,,350,38.60880833,-122.8743417,0,42,0,0,1,1,0,4,1,1,0,1,0,0000000,99,99,99,99,99,99,0,0,0,1,0
6,62066,2,2,0,0,0,2,2,65,1580,10,10,2013,5,20,15,0,14,6,STATE ST,,0,33.72762222,-116.9714833,0,12,6,0,8,1,0,1,3,1,0,1,0,0000000,99,99,99,99,99,99,0,0,0,1,1
6,62067,1,1,0,1,1,1,1,77,0,11,12,2013,4,99,99,0,3,4,CR-BOWMAN RD,,0,37.86591111,-121.2922389,0,8,0,0,1,1,0,1,2,1,0,1,0,0000000,99,99,99,99,88,88,0,0,0,1,0
6,62068,1,1,0,1,1,1,1,37,1980,7,12,2013,7,8,30,0,13,6,SEPULVEDA BLVD,,0,34.2004,-118.4661861,0,8,0,0,1,1,0,1,1,2,10,2,0,0000000,99,99,99,99,99,99,0,0,0,1,0
6,62069,2,2,0,0,0,3,3,37,1980,12,12,2013,5,13,30,0,14,6,VERDUGO ROAD,YORK BLVD,0,34.125,-118.2317222,0,12,6,0,2,2,0,1,1,1,0,1,0,0000000,99,99,99,99,99,99,0,0,0,1,1
6,62070,1,1,0,1,1,1,1,73,3260,8,12,2013,1,3,14,1,11,1,I-5,,91,32.74806111,-117.19435,0,8,0,0,1,1,0,1,2,1,0,1,0,0000000,99,99,99,99,88,88,0,0,0,1,0
6,62071,3,3,0,1,1,3,3,37,4120,12,10,2013,7,20,1,0,13,6,ROSECRANS AVE,CORDARY AVE,0,33.90189444,-118.3417639,0,8,0,0,3,3,0,1,3,1,0,1,0,0000000,99,99,99,99,88,88,0,0,0,1,1
6,62072,1,1,0,1,1,1,1,107,0,12,12,2013,5,5,20,0,6,4,CR-STATE ST,,0,35.88736944,-119.2717889,0,8,0,0,1,1,0,1,2,1,0,1,0,0000000,99,99,99,99,88,88,0,0,0,1,0
6,62073,1,1,0,0,0,1,1,85,3790,12,12,2013,5,23,9,1,11,1,I-280,,105,37.33272222,-122.0514833,0,42,0,1,5,1,0,8,2,1,0,1,0,0000000,99,99,99,99,88,88,0,0,0,1,1
6,62074,1,1,0,0,0,1,1,71,0,8,12,2013,1,15,55,1,1,1,I-40,,219,34.82126111,-116.6369111,0,1,0,0,1,1,0,3,1,1,0,1,0,0000000,99,99,99,99,99,99,0,0,0,1,0
6,62075,3,3,0,0,0,4,4,85,3440,12,12,2013,5,17,35,1,12,2,US-101,,418,37.38136111,-121.961325,0,12,7,0,1,1,0,1,2,1,0,1,0,0000000,99,99,99,99,99,99,0,0,0,1,0
6,62076,1,1,0,2,2,2,2,67,0,8,12,2013,1,17,12,0,3,4,CR-FAIR OAKS BLVD,,0,38.61270278,-121.3287389,0,8,0,0,1,1,0,11,5,1,0,1,0,0000000,99,99,99,99,99,99,0,0,0,1,1
6,62077,2,2,0,0,0,5,5,1,0,23,11,2013,7,15,20,0,3,4,CR-REDWOOD RD,,0,37.75136944,-122.0959,0,12,6,0,1,1,0,1,1,1,0,1,0,0000000,99,99,99,99,99,99,0,0,0,1,0
6,62078,1,1,0,0,0,1,1,79,0,1,12,2013,1,11,14,0,4,4,CR-CRESTON RD,EL POMAR RD,0,35.5737,-120.6085,0,1,0,0,3,3,0,4,1,1,0,1,0,0000000,99,99,99,99,99,99,0,0,0,1,0
6,62079,1,1,0,1,1,1,1,67,3150,8,12,2013,1,17,19,0,15,6,W EL CAMINO AVE,,0,38.61125833,-121.47495,0,8,0,0,1,1,0,1,3,1,0,1,0,0000000,99,99,99,99,99,99,0,0,0,1,0
6,62080,1,1,0,1,1,1,1,47,0,14,12,2013,7,1,20,0,6,4,CR-MEADOWBROOK AVE,,0,37.32168889,-120.5268306,0,8,0,0,1,1,0,1,3,1,0,1,0,0000000,99,99,99,99,88,88,4,0,0,1,0
6,62081,1,1,0,0,0,1,1,37,4120,15,12,2013,1,1,31,0,13,6,AZUSA AVE,,0,34.04702778,-117.9082889,0,33,0,0,1,1,0,4,3,1,0,1,0,0000000,99,99,99,99,88,88,0,0,0,1,1
6,62082,1,1,0,1,1,3,3,47,0,8,12,2013,1,17,44,0,3,4,CR-SANTA FE DR,,0,37.33230278,-120.5275861,0,8,0,0,1,1,0,1,2,1,0,1,0,0000000,99,99,99,99,88,88,0,0,0,1,0
6,62083,1,1,0,0,0,1,1,37,1980,16,8,2013,6,13,36,1,11,1,I-105 RAMP,,10,33.93071944,-118.3896194,0,25,0,1,5,1,0,4,1,1,0,1,0,0000000,99,99,99,99,88,88,0,0,0,1,0
6,62084,1,1,0,1,1,1,1,65,0,10,12,2013,3,1,59,0,4,4,CR-CAJALCO RD,,0,33.83733889,-117.2653889,0,8,0,0,1,1,0,1,2,1,0,1,0,0000000,99,99,99,99,88,88,0,0,0,1,0
6,62085,2,2,0,0,0,4,4,37,810,14,12,2013,7,0,24,0,14,6,GREENLEAF BLVD,WILMINGTON AVE,0,33.88072778,-118.2365583,0,12,6,0,2,2,0,1,3,1,0,1,0,0000000,99,99,99,99,88,88,0,0,0,4,1
6,62086,5,1,4,0,0,3,3,37,0,12,10,2013,7,22,43,0,14,4,CR-120TH ST,,0,34.635,-118.6480556,0,14,0,0,1,1,0,2,3,1,0,1,0,0000000,99,99,99,99,88,88,14,0,0,1,0
6,62087,2,2,0,0,0,2,2,65,0,16,11,2013,7,9,42,0,4,4,CR-CAJALCO,,0,33.81795,-117.4289194,0,12,6,0,1,1,0,1,1,2,10,2,0,0000000,99,99,99,99,99,99,0,0,0,1,0
6,62088,1,1,0,0,0,2,2,37,1980,10,12,2013,3,8,25,0,16,6,ILEX AVE,,0,34.26264444,-118.4200194,0,53,0,0,1,1,0,4,1,1,0,1,0,0000000,99,99,99,99,88,88,0,0,0,1,0
6,62089,1,1,0,0,0,1,1,37,3870,29,10,2013,3,4,3,0,13,6,CRENSHAW BL,,0,33.799825,-118.328325,0,33,0,0,1,1,0,5,3,1,0,1,0,0000000,99,99,99,99,88,88,0,0,0,1,1
6,62090,2,2,0,0,0,2,2,39,2050,26,11,2013,3,19,6,0,16,6,AVE 12,,0,36.92375,-120.1159972,0,12,6,0,1,1,0,1,1,10,0,10,0,0000000,99,99,99,99,99,99,0,0,0,1,0
6,62091,4,4,0,0,0,5,5,73,0,10,12,2013,3,9,20,1,1,1,I-5,,664,33.34488333,-117.5144028,0,12,1,0,1,1,0,1,1,1,0,1,0,0000000,99,99,99,99,88,88,14,0,0,2,0
6,62092,1,1,0,0,0,2,2,73,0,17,11,2013,1,99,99,0,5,4,CR-RICE CYN RD,,0,33.39855,-117.1460111,0,1,0,0,1,1,0,4,2,1,0,1,0,0000000,99,99,99,99,99,99,0,0,0,1,0
6,62093,1,1,0,0,0,5,5,107,0,15,12,2013,1,12,30,0,6,4,CR-BIA ROAD 70A,,0,36.05126111,-118.7224889,3,17,0,0,1,1,0,2,1,1,0,1,0,0000000,99,99,99,99,99,99,4,0,0,1,1
6,62094,1,1,0,1,1,1,1,67,0,15,12,2013,1,17,50,0,2,4,CR-FRUITRIDGE ROAD,,0,38.52492222,-121.4643611,0,8,0,0,1,1,0,1,3,1,0,1,0,0000000,99,99,99,99,88,88,0,0,0,1,0
6,62095,1,1,0,0,0,5,5,29,0,1,12,2013,1,11,23,1,1,1,I-5,,503,35.38151111,-119.3737111,0,1,0,0,1,1,0,4,1,1,0,1,0,0000000,99,99,99,99,99,99,0,0,0,1,0
6,62096,1,1,0,0,0,2,2,23,0,15,12,2013,1,19,30,0,4,4,CR-ALDERPOINT RD,,0,40.31055556,-123.656875,0,1,0,0,1,1,0,4,2,1,0,1,0,0000000,99,99,99,99,88,88,4,0,0,1,0
6,62097,2,2,0,0,0,2,2,59,2560,10,12,2013,3,11,53,0,14,6,SANTIAGO BLVD,,0,33.83028611,-117.8321278,0,12,2,0,1,1,0,1,1,10,0,10,0,0000000,99,99,99,99,99,99,0,0,0,1,0
6,62098,1,1,0,0,0,1,1,37,1980,15,12,2013,1,22,31,1,11,1,I-110 RAMP,,191,34.00541111,-118.2805694,0,33,0,1,5,1,0,4,3,1,0,1,0,0000000,99,99,99,99,88,88,0,0,0,1,0
6,62099,1,1,0,1,1,1,1,37,1980,1,12,2013,1,17,50,0,13,6,EAGLE ROCK BL,AVENUE 41,0,34.120825,-118.2269667,0,8,0,0,3,3,0,1,3,1,0,1,0,0000000,99,99,99,99,99,99,0,0,0,1,0
6,62100,2,2,0,0,0,2,2,85,0,10,12,2013,3,13,25,0,2,3,SR-17,IDYLWILD RD,25,37.1701,-121.9896194,0,12,6,0,2,3,0,1,1,1,0,1,0,0000000,99,99,99,99,99,99,0,0,0,1,0
6,62101,2,2,0,1,1,1,1,101,0,5,12,2013,5,5,21,1,2,3,SR-99,,256,39.06858889,-121.6333861,0,12,6,0,1,1,0,1,2,1,0,1,0,0000000,99,99,99,99,88,88,19,15,0,1,0
6,62102,2,2,0,0,0,3,3,21,0,11,12,2013,4,4,10,1,1,1,I-5,,265,39.76416944,-122.2054806,0,12,1,0,1,1,0,1,2,1,0,1,0,0000000,99,99,99,99,88,88,0,0,0,1,0
6,62103,2,2,0,0,0,2,2,59,2199,14,12,2013,7,4,25,1,11,1,I-5,,148,33.574675,-117.6719611,0,12,1,0,1,1,0,1,3,1,0,1,0,0000000,99,99,99,99,99,99,0,0,0,1,1
6,62104,2,2,0,0,0,3,3,65,3070,16,12,2013,2,3,40,1,12,3,SR-91,,184,33.95381944,-117.3836611,0,12,1,1,18,1,1,1,3,1,0,1,0,0000000,99,99,99,99,99,99,0,0,0,1,1
6,62105,3,3,0,0,0,3,3,77,0,13,12,2013,6,6,25,0,4,4,CR-RIVER ROAD,,0,37.75871667,-121.0054833,0,12,1,0,8,1,0,1,2,1,0,1,0,0000000,99,99,99,99,99,99,0,0,0,1,0
6,62106,1,1,0,0,0,5,5,59,2922,7,12,2013,7,22,53,0,14,6,MELINDA RD,,0,33.6525,-117.6119,0,39,0,0,1,1,0,5,3,1,0,1,0,0000000,99,99,99,99,99,99,0,0,0,1,0
6,62107,1,1,0,0,0,1,1,71,0,17,12,2013,3,18,25,0,2,2,US-95,,440,34.64806111,-114.6274389,0,33,0,0,1,1,0,4,2,1,0,1,0,0000000,99,99,99,99,88,88,0,0,0,1,0
6,62108,2,2,0,0,0,2,2,55,0,13,12,2013,6,17,1,0,3,4,CR-IMOLA AVE,,0,38.27979444,-122.2559333,0,12,6,0,4,1,0,1,5,1,0,1,0,0000000,99,99,99,99,99,99,14,0,0,1,0
6,62109,1,1,0,1,1,1,1,37,3300,17,12,2013,3,18,40,0,13,6,LAS TUNAS DRIVE,BRIDGE STREET,0,34.10209444,-118.1119667,0,8,0,0,3,3,0,1,3,10,0,10,0,0000000,99,99,99,99,99,99,0,0,0,1,0
6,62110,4,4,0,0,0,5,5,1,1920,12,12,2013,5,10,3,1,11,1,I-580,,122,37.70181389,-121.7686611,0,12,1,0,1,1,1,1,1,1,0,1,0,0000000,99,99,99,99,99,99,28,0,0,1,1
6,62111,2,2,0,0,0,3,3,59,2800,15,12,2013,1,2,7,0,2,6,ORANGETHORPE AVE,TUSTIN AVE,0,33.86796944,-117.8425528,0,12,6,0,2,2,1,1,3,1,0,1,0,0000000,99,99,99,99,88,88,0,0,0,2,1