STATE,ST_CASE,VE_TOTAL,VE_FORMS,PVH_INVL,PEDS,PERNOTMVIT,PERMVIT,PERSONS,COUNTY,CITY,DAY,MONTH,YEAR,DAY_WEEK,HOUR,MINUTE,NHS,ROAD_FNC,ROUTE,TWAY_ID,TWAY_ID2,MILEPT,LATITUDE,LONGITUD,SP_JUR,HARM_EV,MAN_COLL,RELJCT1,RELJCT2,TYP_INT,WRK_ZONE,REL_ROAD,LGT_COND,WEATHER1,WEATHER2,WEATHER,SCH_BUS,RAIL,NOT_HOUR,NOT_MIN,ARR_HOUR,ARR_MIN,HOSP_HR,HOSP_MN,CF1,CF2,CF3,FATALS,DRUNK_DR
6,62112,1,1,0,0,0,2,2,37,3445,30,11,2013,7,15,26,0,15,6,HERCULES ST,,0,34.45331111,-118.5790722,0,33,0,0,1,1,0,5,1,1,0,1,0,0000000,99,99,99,99,88,88,0,0,0,2,0
6,62113,2,2,0,0,0,3,3,37,1980,18,12,2013,4,10,55,0,13,6,WINNETKA AVE,LASSEN ST,0,34.24998889,-118.5712194,0,12,6,0,2,2,0,1,1,1,0,1,0,0000000,99,99,99,99,99,99,0,0,0,1,0
6,62114,1,1,0,1,1,1,1,41,3410,12,12,2013,5,9,43,0,16,6,CIVIC CENTER DR,PETER BEHR DR,0,37.99713333,-122.528775,0,8,0,0,3,7,0,1,1,1,0,1,0,0000000,99,99,99,99,88,88,0,0,0,1,0
6,62115,1,1,0,0,0,3,3,81,970,18,12,2013,4,16,45,1,11,1,I-280,,268,37.69935,-122.4715083,0,24,0,0,1,1,0,3,5,1,0,1,0,0000000,99,99,99,99,99,99,0,0,0,1,1
6,62116,2,2,0,0,0,2,2,9,0,16,12,2013,2,7,17,0,4,4,CR-MOUNTAIN RANCH RD,COACHMAN WAY,0,38.21304444,-120.558875,0,12,6,0,2,3,0,1,4,1,0,1,0,0000000,99,99,99,99,88,88,0,0,0,1,0
6,62117,1,1,0,0,0,1,1,37,1980,22,12,2013,1,4,0,0,13,6,OLYMPIC BLVD,,0,34.05251389,-118.4172472,0,33,0,0,1,1,0,4,3,1,0,1,0,0000000,99,99,99,99,99,99,0,0,0,1,1
6,62118,4,4,0,0,0,4,4,97,3089,18,12,2013,4,17,23,1,12,2,US-101,,146,38.35528056,-122.7130389,0,12,1,0,1,1,0,1,3,1,0,1,0,0000000,99,99,99,99,99,99,0,0,0,1,0
6,62119,3,3,0,0,0,4,4,79,0,16,12,2013,2,17,44,0,3,4,CR-BUCKLEY RD,ESPERANZA LN,0,35.23581389,-120.6602111,0,12,6,0,2,3,0,1,2,1,0,1,0,0000000,99,99,99,99,88,88,14,0,0,1,0
6,62120,7,7,0,0,0,10,10,37,1980,16,12,2013,2,23,5,0,13,6,VENTURA BL,VANALDEN AVE,0,34.172575,-118.5504833,0,12,1,0,3,2,0,1,3,1,0,1,0,0000000,99,99,99,99,99,99,0,0,0,1,1
6,62121,1,1,0,0,0,1,1,73,0,22,12,2013,1,5,10,0,15,4,CR-SAN VICENTE ROAD,,0,32.99833889,-116.8582306,0,35,0,0,1,1,0,4,2,1,0,1,0,0000000,99,99,99,99,99,99,0,0,0,1,1
6,62122,2,2,0,0,0,2,2,35,0,18,12,2013,4,17,31,1,2,2,US-395,,581,40.34746111,-120.55825,0,12,2,0,1,1,0,1,2,10,0,10,0,0000000,99,99,99,99,88,88,0,0,0,2,1
6,62123,2,2,0,0,0,3,3,71,4290,21,12,2013,7,19,2,0,14,6,OAK GLEN ROAD,STONEWOOD DRIVE,0,34.04834167,-117.049075,0,12,1,0,3,3,0,1,3,1,0,1,0,0000000,99,99,99,99,99,99,0,0,0,1,2
6,62124,1,1,0,1,1,1,1,75,3290,20,12,2013,6,7,39,0,15,6,JONES ST,ANTONIO ST,0,37.78532778,-122.4128861,0,8,0,0,2,3,0,1,1,10,0,10,0,0000000,99,99,99,99,88,88,0,0,0,1,0
6,62125,1,1,0,1,1,1,1,37,120,18,12,2013,4,17,37,0,13,6,S SANTA ANITA AVE,LA SIERRA DR,0,34.12623056,-118.0312278,0,8,0,0,3,98,0,1,3,10,0,10,0,0000000,99,99,99,99,88,88,0,0,0,1,0
6,62126,1,1,0,0,0,2,2,71,0,27,11,2013,4,10,9,0,4,4,CR-NATIONAL TRAILS HWY,,0,34.56201111,-115.5387694,0,43,0,0,1,1,0,4,1,1,0,1,0,0000000,99,99,99,99,99,99,0,0,0,1,1
6,62127,2,2,0,0,0,2,2,85,3340,17,12,2013,3,19,20,0,16,6,MNT VISTA DR,MT LASSEN DR,0,37.35400556,-121.8094194,0,12,6,0,2,3,0,1,2,1,0,1,0,0000000,99,99,99,99,99,99,0,0,0,1,0
6,62128,1,1,0,1,1,1,1,55,2330,20,12,2013,6,10,1,0,15,6,MAIN ST,,0,38.30909167,-122.2933417,0,15,0,0,8,1,0,1,1,1,0,1,0,0000000,99,99,99,99,88,88,0,0,0,1,0
6,62129,2,1,1,0,0,1,1,37,1045,18,12,2013,4,20,3,0,15,6,NASHBURN RD,,0,33.92434167,-118.1139556,0,42,0,0,1,1,0,4,2,1,0,1,0,0000000,99,99,99,99,99,99,0,0,0,1,0
6,62130,2,2,0,0,0,2,2,35,0,18,12,2013,4,6,40,1,2,2,US-395,,186,39.97049722,-120.0522917,0,12,2,0,1,1,0,1,4,6,0,6,0,0000000,99,99,99,99,99,99,0,0,0,2,0
6,62131,1,1,0,0,0,1,1,29,3600,27,11,2013,4,99,99,0,15,6,ZERKER RD,,0,35.48815833,-119.1529056,0,42,0,0,1,1,0,4,2,1,0,1,0,0000000,99,99,99,99,88,88,0,0,0,1,0
6,62132,4,1,3,2,3,1,2,75,3290,19,12,2013,5,11,29,0,15,6,JACKSON ST,,0,37.79579444,-122.4085472,0,14,0,0,1,1,1,7,1,1,0,1,0,0000000,99,99,99,99,99,99,14,0,0,1,0
6,62133,2,2,0,0,0,2,2,29,0,11,7,2013,5,19,16,0,3,4,CR-SIERRA HWY,,0,34.84924444,-118.1604944,0,5,0,0,1,1,0,1,1,1,0,1,0,0000000,99,99,99,99,99,99,14,23,0,1,0
6,62134,1,1,0,0,0,1,1,55,0,28,11,2013,5,1,40,1,2,3,SR-29,,41,38.21286111,-122.2567111,0,24,0,0,1,1,0,4,2,1,0,1,0,0000000,99,99,99,99,99,99,0,0,0,1,1
6,62135,1,1,0,0,0,5,5,59,3250,7,12,2013,7,1,25,0,13,6,S EL CAMINO REAL,,0,33.41975278,-117.6071528,0,30,0,0,1,1,0,4,3,1,0,1,0,0000000,99,99,99,99,99,99,0,0,0,4,1
6,62136,2,2,0,0,0,4,4,37,1980,19,12,2013,5,13,50,0,14,6,DE SOTO AVE,CHATSWORTH ST,0,34.26462222,-118.5885917,0,12,1,0,3,2,0,1,1,1,0,1,0,0000000,99,99,99,99,99,99,0,0,0,1,1
6,62137,2,2,0,0,0,2,2,59,9997,13,12,2013,6,10,34,0,14,6,ROCKFIELD BL,DUNE MEAR RD,0,33.62005278,-117.7083444,0,12,6,0,2,3,0,1,1,1,0,1,0,0000000,99,99,99,99,99,99,0,0,0,1,0
6,62138,1,1,0,0,0,1,1,111,3641,6,12,2013,6,7,10,1,12,3,SR-118,,308,34.27743889,-118.6583611,0,58,0,0,1,1,0,4,1,1,0,1,0,0000000,99,99,99,99,88,88,0,0,0,1,1
6,62139,3,3,0,0,0,6,6,83,0,19,12,2013,5,14,0,0,2,3,SR-246,CUESTA ST,328,34.61001667,-120.0867833,0,12,1,0,3,3,0,1,1,1,0,1,0,0000000,99,99,99,99,99,99,0,0,0,1,0
6,62140,2,2,0,0,0,2,2,67,0,20,12,2013,6,16,34,0,2,4,CR-FAIR OAKS BL,,0,38.57418056,-121.4025389,0,1,0,0,8,1,0,1,5,1,0,1,0,0000000,99,99,99,99,99,99,0,0,0,1,0
6,62141,1,1,0,0,0,1,1,25,0,22,12,2013,1,10,10,1,1,1,I-8,,799,32.73506944,-114.8951389,0,31,0,0,1,1,0,4,1,1,0,1,0,0000000,99,99,99,99,88,88,0,0,0,1,0
6,62142,1,1,0,1,1,1,1,1,3993,7,7,2013,1,5,15,0,13,3,SR-238,,62,37.596025,-122.0087333,0,8,0,0,1,1,0,1,2,1,0,1,0,0000000,99,99,99,99,88,88,0,0,0,1,0
6,62143,2,2,0,0,0,2,2,37,1980,5,12,2013,5,23,5,1,11,1,I-110,,154,33.94553056,-118.2799111,0,25,0,0,1,1,0,3,2,1,0,1,0,0000000,99,99,99,99,88,88,14,0,0,1,1
6,62144,1,1,0,1,1,1,1,37,1980,22,12,2013,1,9,15,0,14,6,TEMESCAL CANYON ROAD,,0,34.03689167,-118.5345667,0,9,0,0,1,1,0,4,1,1,0,1,0,0000000,99,99,99,99,99,99,0,0,0,1,0
6,62145,1,1,0,0,0,1,1,37,2700,3,8,2013,7,11,18,0,16,6,MANFORD WY,,0,34.14908056,-118.1748806,0,33,0,0,1,1,0,4,1,1,0,1,0,0000000,99,99,99,99,88,88,18,0,0,1,1
6,62146,2,2,0,0,0,6,6,19,740,12,12,2013,5,17,22,0,14,6,HERDON AVE,MARION AVE,0,36.83751944,-119.6975694,0,12,6,1,2,3,0,1,3,1,0,1,0,0000000,99,99,99,99,99,99,0,0,0,1,0
6,62147,3,3,0,0,0,4,4,37,1970,11,10,2013,6,12,0,1,11,1,I-710,,98,33.832,-118.2087,0,1,0,1,18,1,0,1,1,1,0,1,0,0000000,99,99,99,99,88,88,14,26,0,1,0
6,62148,1,1,0,1,1,1,1,71,3970,17,8,2013,7,21,7,0,15,6,LEAR AVE,,0,34.14668889,-116.1507889,0,8,0,0,1,1,0,1,2,1,0,1,0,0000000,99,99,99,99,99,99,0,0,0,1,0
6,62149,1,1,0,1,1,1,1,73,0,10,10,2013,5,18,45,0,3,4,CR-SOUTH MISSION RD,,0,33.36845278,-117.2507389,0,8,0,0,1,1,0,1,3,1,0,1,0,0000000,99,99,99,99,99,99,0,0,0,1,0
6,62150,2,2,0,0,0,2,2,17,0,7,12,2013,7,7,20,0,3,4,CR-EL DORADO HILLS BL,,0,38.69896944,-121.0834417,0,12,2,0,1,1,0,1,1,10,0,10,0,0000000,99,99,99,99,99,99,0,0,0,1,0
6,62151,2,2,0,0,0,2,2,61,0,20,12,2013,6,17,15,0,2,4,CR-SUNSET BL W,,0,38.82428056,-121.4207306,0,12,2,0,1,1,0,1,2,1,0,1,0,0000000,99,99,99,99,88,88,0,0,0,2,0
6,62152,1,1,0,0,0,1,1,107,0,22,12,2013,1,15,45,0,4,4,CR-AVENUE 296,,0,36.32693889,-119.2124694,0,31,0,0,1,1,0,4,1,1,0,1,0,0000000,99,99,99,99,99,99,0,0,0,1,0
6,62153,1,1,0,0,0,2,2,33,0,31,10,2013,5,12,37,0,2,3,SR-20,,240,39.02911667,-122.7376139,0,17,0,0,1,1,0,5,1,1,0,1,0,0000000,99,99,99,99,99,99,0,0,0,1,0
6,62154,3,1,2,0,0,2,2,67,3150,21,11,2013,5,22,15,0,13,6,NORWOOD AVENUE,,0,38.62724167,-121.4568833,0,33,0,0,1,1,0,4,3,1,0,1,0,0000000,99,99,99,99,99,99,14,0,0,1,1
6,62155,1,1,0,1,1,1,1,67,0,21,10,2013,2,19,0,0,3,4,CR-EASTERN AVE,,0,38.59009167,-121.3645389,0,8,0,0,1,1,0,1,2,1,0,1,0,0000000,99,99,99,99,88,88,0,0,0,1,0
6,62156,1,1,0,1,1,1,1,73,3499,1,11,2013,6,12,43,0,13,6,MISSION GORGE RD,COTTONWOOD AVE,0,32.83843056,-116.9735694,0,8,0,0,3,2,0,1,1,1,0,1,0,0000000,99,99,99,99,99,99,0,0,0,1,0
6,62157,1,1,0,0,0,2,2,111,3860,22,1,2013,3,5,27,0,15,6,NEWBURY ROAD,,0,34.18391667,-118.9203778,0,38,0,0,1,1,0,4,3,1,0,1,0,0000000,99,99,99,99,99,99,0,0,0,1,0
6,62158,1,1,0,1,1,1,1,67,3150,4,2,2013,2,20,16,0,13,6,EL CAMINO AVE,,0,38.61114444,-121.4647833,0,8,0,0,1,1,0,1,3,98,0,98,0,0000000,99,99,99,99,88,88,0,0,0,1,0
6,62159,2,2,0,0,0,3,3,7,0,13,12,2013,6,22,26,0,6,4,CR-DEWSNUP AVE,,0,39.34256944,-121.7088306,0,12,8,0,1,1,0,1,2,1,0,1,0,0000000,99,99,99,99,99,99,0,0,0,1,0
6,62160,2,2,0,0,0,4,4,111,0,15,9,2013,1,6,17,0,2,3,SR-1,,60,34.08368056,-119.0359611,0,12,6,0,16,1,0,1,4,1,0,1,0,0000000,99,99,99,99,88,88,0,0,0,1,0
6,62161,2,2,0,0,0,3,3,17,0,9,11,2013,7,17,40,1,2,2,US-50,,406,38.7743,-120.4181,0,12,8,0,1,1,0,1,5,1,0,1,0,0000000,99,99,99,99,99,99,0,0,0,1,1
6,62162,1,1,0,1,1,1,1,13,0,23,9,2013,2,7,47,0,2,4,CR-BYRON HWY,,0,37.87819722,-121.6414806,0,9,0,0,8,1,0,2,1,1,0,1,0,0000000,99,99,99,99,88,88,21,0,0,1,0
6,62163,1,1,0,0,0,1,1,85,2311,16,12,2013,2,19,5,0,12,3,SR-85,,207,37.56563611,-122.3081861,0,42,0,0,1,1,0,4,2,1,0,1,0,0000000,99,99,99,99,99,99,0,0,0,1,0
6,62164,2,1,1,0,1,2,3,73,0,27,9,2013,6,2,40,1,1,1,I-5,,689,33.36818889,-117.5481,0,14,0,0,1,1,0,2,2,1,0,1,0,0000000,99,99,99,99,88,88,0,0,0,2,0
6,62165,1,1,0,0,0,1,1,37,1980,15,11,2013,6,0,20,1,11,1,I-110 RAMP,,235,34.06111111,-118.25035,0,33,0,1,5,1,0,8,2,1,0,1,0,0000000,99,99,99,99,88,88,0,0,0,1,1
6,62166,1,1,0,1,1,1,1,65,1690,2,10,2013,4,18,6,0,15,6,AVENUE 45,,0,33.72220556,-116.21155,0,8,0,0,1,1,0,1,1,1,0,1,0,0000000,99,99,99,99,99,99,0,0,0,1,1
6,62167,1,1,0,1,1,1,1,1,3993,15,11,2013,6,10,11,0,13,6,ALVARADO-NILES RD,CENTRAL AVE,0,37.59216667,-122.0396194,0,8,0,0,3,2,0,1,1,1,0,1,0,0000000,99,99,99,99,99,99,0,0,0,1,0
6,62168,2,2,0,0,0,2,2,71,1305,7,10,2013,2,3,23,0,14,6,CITRUS AVE,VALLEY BLVD,0,34.07031389,-117.4537694,0,12,6,0,2,2,0,1,3,1,0,1,0,0000000,99,99,99,99,99,99,0,0,0,1,1
6,62169,1,1,0,0,0,2,2,17,0,16,11,2013,7,17,0,0,3,4,CR-SLY PARK RD,,0,38.71403889,-120.5834694,0,43,0,0,1,1,0,5,2,1,0,1,0,0000000,99,99,99,99,99,99,0,0,0,1,1
6,62170,1,1,0,1,1,1,1,73,3260,8,10,2013,3,1,22,0,12,3,SR-15 RAMP,,148,32.73858889,-117.1144694,0,8,0,1,20,1,0,1,2,1,0,1,0,0000000,99,99,99,99,88,88,19,0,0,1,0
6,62171,2,2,0,1,1,2,2,95,4020,19,11,2013,3,18,6,0,13,6,BROADWAY ST,HOGAN AVE,0,38.13959722,-122.2522667,0,8,0,0,3,98,0,1,2,2,10,2,0,0000000,99,99,99,99,88,88,0,0,0,1,0
6,62172,1,1,0,0,0,1,1,73,3375,7,3,2013,5,14,40,0,14,6,EAST MISSION RD,,0,33.13836111,-117.1332194,0,33,0,0,1,1,0,4,1,10,0,10,0,0000000,99,99,99,99,88,88,0,0,0,1,0
6,62173,2,2,0,0,0,4,4,37,1980,27,2,2013,4,7,30,0,15,6,CABRLLO AVE,SUMMERLAND AV,0,33.74759444,-118.2948639,0,12,6,0,2,3,0,1,1,1,0,1,0,0000000,99,99,99,99,99,99,0,0,0,1,0
6,62174,2,2,0,0,0,3,3,37,930,9,10,2013,4,17,43,1,11,1,I-405,,267,33.99771944,-118.4069889,0,12,6,0,1,1,0,1,1,10,0,10,0,0000000,99,99,99,99,99,99,20,0,0,1,1
6,62175,1,1,0,0,0,1,1,29,0,20,12,2013,6,5,5,1,12,3,SR-14,,5,34.82916944,-118.1699194,0,38,0,0,1,1,0,4,2,1,0,1,0,0000000,99,99,99,99,88,88,0,0,0,1,0
6,62176,1,1,0,0,0,1,1,85,3340,26,3,2013,3,2,1,0,13,6,MONTEREY RD,,0,37.30391111,-121.8616111,0,42,0,0,1,1,0,4,3,1,0,1,0,0000000,99,99,99,99,88,88,0,0,0,1,1
6,62177,1,1,0,1,1,1,1,85,3340,18,4,2013,5,18,34,0,16,6,SANTA ROSA DR,MIRA LOMA WY,0,37.27882778,-121.8287806,0,8,0,0,2,3,0,1,1,1,0,1,0,0000000,99,99,99,99,88,88,0,0,0,1,1
6,62178,1,1,0,2,2,1,1,73,560,21,4,2013,1,7,40,0,14,6,EL CAMINO REAL,,0,33.09204444,-117.268775,0,9,0,0,1,1,0,1,1,1,0,1,0,0000000,99,99,99,99,88,88,15,0,0,1,0
6,62179,2,2,0,0,0,2,2,67,1300,17,12,2013,3,99,99,0,13,6,E BIDWELL ST,US-50 RAMP,0,38.64465,-121.1149472,0,12,6,1,2,3,0,1,3,1,0,1,0,0000000,99,99,99,99,99,99,0,0,0,1,0
6,62180,1,1,0,2,2,1,1,57,0,13,5,2013,2,14,1,1,1,1,I-80,,18,39.32258889,-120.40545,0,35,0,0,1,1,1,3,1,1,0,1,0,0000000,99,99,99,99,99,99,20,0,0,1,0
6,62181,1,1,0,1,1,1,1,29,240,29,4,2013,2,9,15,0,13,3,SR-204,,30,35.36509167,-119.0028694,0,8,0,0,1,1,0,1,1,1,0,1,0,0000000,99,99,99,99,99,99,0,0,0,1,0
6,62182,2,2,0,0,0,8,8,37,1970,8,7,2013,2,16,56,1,11,1,I-105,,116,33.92578056,-118.2123806,0,1,0,0,1,1,0,1,1,1,0,1,0,0000000,99,99,99,99,99,99,0,0,0,1,0
6,62183,4,1,3,0,0,1,1,65,4197,3,1,2013,5,2,35,0,14,6,GRAND AVE,,0,33.59626944,-117.2760306,0,18,0,0,1,1,0,5,2,1,0,1,0,0000000,99,99,99,99,88,88,14,0,0,1,1
6,62184,2,2,0,0,0,2,2,115,0,2,8,2013,6,11,40,0,2,3,SR-70,,220,39.25036111,-121.5992611,0,53,0,0,1,1,0,4,1,1,0,1,0,0000000,99,99,99,99,99,99,0,0,0,1,0
6,62185,5,5,0,0,0,12,12,13,0,17,3,2013,1,17,45,1,11,1,I-680,,113,37.86926111,-122.0405806,0,12,1,0,1,1,0,1,1,1,0,1,0,0000000,9,99,99,99,99,99,14,0,0,1,0
6,62186,1,1,0,1,1,1,1,37,2870,28,2,2013,5,13,3,0,15,6,KELLOGG DR,,0,34.05454444,-117.815125,0,9,0,0,1,1,0,2,1,1,0,1,0,0000000,99,99,99,99,99,99,0,0,0,1,0
6,62187,2,2,0,0,0,2,2,13,820,9,2,2013,7,13,53,0,13,6,TREAT BLVD,SAN MIGUEL ROAD,0,37.94566667,-122.0146917,0,12,6,0,2,3,0,1,1,1,0,1,0,0000000,99,99,99,99,99,99,0,0,0,1,0
6,62188,1,1,0,1,1,3,3,37,1980,1,1,2013,3,17,50,0,13,6,SEPULVEDA BLVD,GETTY CENTER DRIVE,0,34.08651667,-118.4745639,0,8,0,0,1,1,0,1,5,10,0,10,0,0000000,99,99,99,99,99,99,0,0,0,1,0
6,62189,1,1,0,1,1,3,3,29,240,17,3,2013,1,21,6,0,14,6,W COLUMBUS ST,,0,35.39813333,-119.0169611,0,8,0,0,1,1,0,1,3,1,0,1,0,0000000,99,99,99,99,99,99,0,0,0,1,0
6,62190,1,1,0,1,1,1,1,67,0,1,10,2013,3,15,10,0,4,4,CR-52ND AVE,FRANKLIN BL,0,38.50318056,-121.4632417,0,9,0,0,3,3,0,1,1,1,0,1,0,0000000,99,99,99,99,88,88,0,0,0,1,0
6,62191,1,1,0,1,1,1,1,37,1980,24,3,2013,1,18,30,0,14,6,OXNARD ST,BELLAIRE AVE,0,34.17940833,-118.4094389,0,9,0,0,2,99,0,1,1,1,0,1,0,0000000,99,99,99,99,99,99,0,0,0,1,0
6,62192,4,4,0,0,0,10,10,37,230,15,7,2013,2,20,41,0,14,6,GLADSTONE STREET,CITRUS AVENUE,0,34.11413611,-117.8902083,0,12,6,0,2,2,0,1,1,1,0,1,0,0000000,99,99,99,99,99,99,0,0,0,1,0
6,62193,1,1,0,1,1,1,1,67,0,15,10,2013,3,9,55,1,2,3,SR-99,,71,38.33898611,-121.3336861,0,24,0,0,1,1,0,3,1,1,0,1,0,0000000,99,99,99,99,99,99,0,0,0,1,0
6,62194,1,1,0,0,0,1,1,79,2780,9,7,2013,3,18,0,0,12,6,PRICE STREET,,0,35.15193333,-120.6585694,0,33,0,0,1,1,0,4,1,1,0,1,0,0000000,99,99,99,99,88,88,0,0,0,1,0
6,62195,1,1,0,0,0,3,3,67,1108,23,11,2013,7,2,26,0,12,3,SR-99,,161,38.45373056,-121.40945,0,38,0,0,1,1,0,4,3,1,0,1,0,0000000,99,99,99,99,88,88,0,0,0,3,1
6,62196,1,1,0,0,0,1,1,95,330,24,10,2013,5,20,35,1,11,1,I-680 RAMP,,2,38.05104444,-122.1286917,0,25,0,1,5,1,0,4,2,1,0,1,0,0000000,99,99,99,99,99,99,0,0,0,1,1
6,62197,1,1,0,1,1,2,2,65,612,13,4,2013,7,19,45,0,13,6,E PALM CYN DR,,0,33.79025556,-116.4851806,0,9,0,0,8,1,0,1,2,1,0,1,0,0000000,99,99,99,99,88,88,0,0,0,1,1
6,62198,1,1,0,1,1,1,1,71,2550,10,11,2013,1,1,31,1,12,3,SR-60,,51,34.030325,-117.6412778,0,8,0,0,1,1,0,1,3,1,0,1,0,0000000,99,99,99,99,88,88,19,0,0,1,0
6,62199,1,1,0,0,0,2,2,97,3089,15,8,2013,5,8,58,0,14,6,SNYDER LANE,,0,38.36033889,-122.6858167,0,30,0,0,1,1,0,4,1,1,0,1,0,0000000,99,99,99,99,99,99,0,0,0,1,0
6,62200,1,1,0,1,1,1,1,65,2935,23,1,2013,4,20,0,0,14,6,BOB HOPE DR,GERALD FORD DR,0,33.78700833,-116.4060583,0,8,0,0,3,2,0,1,3,1,0,1,0,0000000,99,99,99,99,99,99,23,0,0,1,0
6,62201,1,1,0,0,0,5,5,85,3340,10,8,2013,7,23,54,0,14,6,CHYNOWETH AVENUE,DEREK DRIVE,0,37.25879167,-121.825675,0,42,0,0,3,3,0,4,3,1,0,1,0,0000000,99,99,99,99,99,99,0,0,0,2,1
6,62202,1,1,0,0,0,1,1,59,3960,4,4,2013,5,12,15,0,13,6,1ST ST,TUSTIN AVE,0,33.74558333,-117.8341194,0,33,0,0,3,2,0,4,1,1,0,1,0,0000000,99,99,99,99,88,88,0,0,0,1,0
6,62203,1,1,0,1,1,1,1,53,2630,10,4,2013,4,7,51,0,14,6,PINE AVE,,0,36.61945556,-121.9209111,0,8,0,0,1,1,0,1,1,1,0,1,0,0000000,99,99,99,99,99,99,0,0,0,1,0
6,62204,2,2,0,0,0,3,3,85,3340,4,9,2013,4,7,46,0,14,6,MORRILL AVENUE,GOMES DRIVE,0,37.397925,-121.8621278,0,12,6,0,2,3,0,1,1,1,0,1,0,0000000,99,99,99,99,99,99,0,0,0,1,0
6,62205,1,1,0,1,1,1,1,85,0,24,12,2013,3,0,45,0,4,4,CR-S BASCOM AVE,,0,37.31952778,-121.9317944,0,8,0,0,1,1,0,1,2,1,0,1,0,0000000,99,99,99,99,99,99,0,0,0,1,0
6,62206,1,1,0,0,0,1,1,71,3000,15,6,2013,7,1,29,0,14,6,CEDAR AVE,,0,34.08429444,-117.396525,0,42,0,0,1,1,0,4,3,1,0,1,0,0000000,88,88,88,88,88,88,0,0,0,1,1
6,62207,3,3,0,0,0,3,3,81,1343,24,4,2013,4,7,15,1,12,3,SR-92,,155,37.5856,-122.2488194,0,12,1,0,1,1,0,1,1,1,0,1,0,0000000,99,99,99,99,99,99,0,0,0,1,0
6,62208,1,1,0,1,1,2,2,95,4020,24,6,2013,2,21,53,0,14,6,BROADWAY ST,,0,38.13726667,-122.2522944,0,8,0,0,1,1,0,1,3,1,0,1,0,0000000,99,99,99,99,88,88,0,0,0,1,0
6,62209,1,1,0,0,0,1,1,29,240,18,2,2013,2,20,48,0,16,6,CHRISTMAS TREE LN,,0,35.409275,-118.9550917,0,39,0,0,1,1,0,5,3,1,0,1,0,0000000,99,99,99,99,99,99,0,0,0,1,1
6,62210,2,1,1,1,3,1,3,65,0,5,7,2013,6,9,39,1,1,1,I-10,,446,33.80495,-116.3862806,0,14,0,1,20,1,0,1,1,1,0,1,0,0000000,99,99,99,99,99,99,0,0,0,1,0
6,62211,4,4,0,0,0,4,4,37,1980,20,12,2013,6,6,29,1,11,1,I-405,,377,34.13528889,-118.4720944,0,12,1,0,1,1,0,1,4,1,0,1,0,0000000,99,99,99,99,99,99,0,0,0,1,0
6,62212,1,1,0,1,1,1,1,59,1782,24,12,2013,3,13,32,0,14,6,PASEO DE VALENCIA,,0,33.59165,-117.6981444,0,9,0,0,1,1,0,1,1,1,0,1,0,0000000,99,99,99,99,99,99,0,0,0,1,0
6,62213,1,1,0,1,1,1,1,29,240,29,4,2013,2,20,14,0,15,6,A ST,,0,35.35970556,-119.0294,0,8,0,0,1,1,0,1,3,1,0,1,0,0000000,99,99,99,99,99,99,0,0,0,1,0
6,62214,3,3,0,0,0,6,6,85,3340,19,7,2013,6,21,43,0,14,6,WHITE ROAD,,0,37.34906111,-121.812675,0,12,2,0,1,1,0,1,3,1,0,1,0,0000000,99,99,99,99,88,88,0,0,0,1,1
6,62215,1,1,0,1,1,1,1,29,0,20,12,2013,6,20,28,1,2,3,SR-99,,33,35.06636111,-118.9707694,0,8,0,0,1,1,0,1,2,1,0,1,0,0000000,99,99,99,99,88,88,23,0,0,1,0
6,62216,1,1,0,0,0,3,3,29,240,20,2,2013,4,23,46,0,14,6,BRUNDAGE LN,,0,35.35396667,-119.0267972,0,43,0,0,1,1,0,5,3,1,0,1,0,0000000,99,99,99,99,99,99,0,0,0,1,1
6,62217,1,1,0,0,0,4,4,71,0,16,7,2013,3,18,35,1,1,1,I-15,,176,34.26466111,-117.4492,0,1,0,0,1,1,0,1,1,1,0,1,0,0000000,99,99,99,99,99,99,0,0,0,1,0
6,62218,1,1,0,0,0,10,10,81,1343,4,5,2013,7,22,10,1,12,3,SR-92,,118,37.60111111,-122.2083306,0,2,0,0,1,1,0,1,3,1,0,1,0,0000000,99,99,99,99,99,99,0,0,0,5,0
6,62219,1,1,0,0,0,1,1,71,3210,27,7,2013,7,12,8,0,12,3,SR-18,,133,34.17896667,-117.2707944,0,24,0,0,1,1,0,4,1,1,0,1,0,0000000,99,99,99,99,12,30,0,0,0,1,0
6,62220,1,1,0,1,1,1,1,1,1560,4,3,2013,2,9,7,0,14,6,SANTA CLARA ST,W A ST,0,37.666525,-122.103475,0,9,0,0,3,2,0,1,1,1,0,1,0,0000000,99,99,99,99,99,99,0,0,0,1,0
6,62221,1,1,0,0,0,2,2,61,0,24,12,2013,3,16,20,0,4,4,CR-MT VERNON RD,,0,38.91981944,-121.1128111,0,42,0,0,1,1,0,4,1,1,0,1,0,0000000,99,99,99,99,99,99,0,0,0,1,0
6,62222,2,2,0,0,0,2,2,1,2480,18,4,2013,5,18,55,0,16,6,HOLLY ST,79TH ST,0,37.75865,-122.1791056,0,12,6,0,2,2,0,1,1,1,0,1,0,0000000,99,99,99,99,99,99,0,0,0,1,1
6,62223,3,3,0,0,0,11,11,71,3210,27,7,2013,7,17,45,0,12,3,SR-138,,193,34.32451667,-117.4308972,0,12,8,0,1,1,0,1,1,1,0,1,0,0000000,99,99,99,99,88,88,14,0,0,2,0