STATE,ST_CASE,VE_TOTAL,VE_FORMS,PVH_INVL,PEDS,PERNOTMVIT,PERMVIT,PERSONS,COUNTY,CITY,DAY,MONTH,YEAR,DAY_WEEK,HOUR,MINUTE,NHS,ROAD_FNC,ROUTE,TWAY_ID,TWAY_ID2,MILEPT,LATITUDE,LONGITUD,SP_JUR,HARM_EV,MAN_COLL,RELJCT1,RELJCT2,TYP_INT,WRK_ZONE,REL_ROAD,LGT_COND,WEATHER1,WEATHER2,WEATHER,SCH_BUS,RAIL,NOT_HOUR,NOT_MIN,ARR_HOUR,ARR_MIN,HOSP_HR,HOSP_MN,CF1,CF2,CF3,FATALS,DRUNK_DR
6,62224,8,8,0,0,0,15,15,59,1380,10,10,2013,5,16,1,0,13,6,HARBOR BL,VALENCIA MESA DR,0,33.8934,-117.9285028,0,12,6,0,2,2,0,1,1,1,0,1,0,0000000,99,99,16,1,99,99,0,0,0,1,0
6,62225,1,1,0,1,1,0,0,65,612,6,5,2013,2,14,0,0,16,6,PIENTA RD,,0,33.84575556,-116.4829694,0,8,0,0,8,1,0,99,1,1,0,1,0,0000000,99,99,99,99,99,99,0,0,0,1,0
6,62226,1,1,0,1,1,1,1,1,2480,1,5,2013,4,15,18,0,16,6,12TH ST,JACKSON ST,0,37.80058889,-122.2660889,0,8,0,0,2,2,0,1,1,1,0,1,0,0000000,99,99,99,99,99,99,0,0,0,1,0
6,62227,2,2,0,0,0,2,2,71,3000,25,7,2013,5,17,10,0,14,6,VALLEY BLVD,GATEWAY PLAZA,0,34.07052778,-117.3723167,0,12,1,0,3,3,0,1,1,1,0,1,0,0000000,99,99,99,99,99,99,0,0,0,1,0
6,62228,2,1,1,1,3,2,4,37,1980,28,7,2013,1,4,13,1,12,2,US-101,,188,34.16798056,-118.4967833,0,8,0,0,1,1,0,4,3,1,0,1,0,0000000,99,99,99,99,99,99,0,0,0,1,1
6,62229,1,1,0,0,0,3,3,65,2646,19,5,2013,1,1,27,0,13,6,HWY 74,,0,33.71992778,-116.3907528,0,33,0,0,1,1,0,4,3,1,0,1,0,0000000,99,99,99,99,99,99,0,0,0,1,1
6,62230,1,1,0,0,0,4,4,71,3000,15,8,2013,5,0,16,0,14,6,CACTUS AVENUE,,0,34.08795556,-117.383375,0,42,0,0,1,1,0,4,3,1,0,1,0,0000000,99,99,99,99,99,99,0,0,0,2,1
6,62231,1,1,0,1,1,2,2,67,0,24,12,2013,3,17,50,0,14,4,CR-HILLSDALE BL,,0,38.67021389,-121.3604194,0,8,0,0,1,1,0,1,2,1,0,1,0,0000000,99,99,99,99,88,88,0,0,0,1,0
6,62232,1,1,0,1,1,1,1,85,3340,20,5,2013,2,7,35,0,13,6,E CAPITOL EXPY,SILVER CREEK RD,0,37.30709167,-121.8107194,0,9,0,0,3,2,0,1,1,1,0,1,0,0000000,99,99,99,99,99,99,16,0,0,1,0
6,62233,1,1,0,1,1,1,1,85,3340,20,5,2013,2,21,10,0,14,6,N WHITE RD,MADELINE DR,0,37.37001111,-121.8316083,0,8,0,0,3,3,0,1,5,1,0,1,0,0000000,99,99,99,99,88,88,0,0,0,1,1
6,62234,3,3,0,0,0,6,6,29,240,16,3,2013,7,8,30,0,14,6,COLUMBUS ST,UNIVERSITY AVE,0,35.40506111,-118.9498944,0,12,6,0,2,2,0,1,1,1,0,1,0,0000000,99,99,99,99,99,99,0,0,0,2,0
6,62235,1,1,0,0,0,2,2,29,240,2,6,2013,1,2,13,0,15,6,MCKEE RD,,0,35.27425833,-119.0548333,0,33,0,0,1,1,0,5,3,1,0,1,0,0000000,99,99,99,99,99,99,0,0,0,1,1
6,62236,2,2,0,0,0,3,3,1,2480,23,9,2013,2,22,23,0,14,6,BANCROFT AVENUE,CHURCH STREET,0,37.76812222,-122.1794167,0,12,6,0,2,2,0,1,3,1,0,1,0,0000000,99,99,99,99,99,99,20,0,0,1,0
6,62237,1,1,0,1,1,4,4,37,720,20,12,2013,6,23,34,0,12,3,SR-210,,512,34.12008889,-117.7072111,0,8,0,0,1,1,0,1,3,1,0,1,0,0000000,99,99,99,99,88,88,0,0,0,1,0
6,62238,1,1,0,1,1,1,1,73,0,24,12,2013,3,21,2,0,4,4,CR-LAKE WOHLFORD RD,,0,33.17093056,-117.0046806,0,8,0,0,1,1,0,1,2,1,0,1,0,0000000,99,99,99,99,88,88,0,0,0,1,0
6,62239,1,1,0,1,1,0,0,71,0,18,9,2013,4,0,20,1,1,1,I-15,,164,34.26258056,-117.4498806,0,8,0,0,1,1,0,2,2,1,0,1,0,0000000,99,99,99,99,99,99,0,0,0,1,0
6,62240,2,2,0,0,0,2,2,7,660,6,6,2013,5,16,1,0,13,6,ESPLANADE AVE,ASPEN GLEN DR,0,39.76618611,-121.8708417,0,1,0,0,2,2,0,1,1,1,0,1,0,0000000,99,99,99,99,99,99,14,0,0,1,0
6,62241,2,2,0,0,0,5,5,37,1980,21,12,2013,7,11,0,0,13,6,VICTORY BL,INDEPENDENCE AVE,0,34.18834722,-118.5906028,0,1,0,0,2,3,0,1,1,1,0,1,0,0000000,99,99,99,99,99,99,0,0,0,1,0
6,62242,2,2,0,0,0,4,4,71,3210,7,6,2013,6,11,44,0,13,3,SR-18,,0,34.14919167,-117.2786917,0,12,2,0,1,1,0,1,1,1,0,1,0,0000000,99,99,99,99,99,99,0,0,0,1,0
6,62243,2,2,0,0,0,3,3,71,1603,9,9,2013,2,18,42,0,13,6,BEAR VALLEY ROAD,3RD AVENUE,0,34.47085,-117.3036167,0,12,6,0,2,3,0,1,1,1,0,1,0,0000000,99,99,99,99,99,99,0,0,0,1,1
6,62244,3,3,0,1,1,3,3,85,3340,13,6,2013,5,9,43,0,14,6,LINCOLN AVE,AUZERAIS AVE,0,37.32096667,-121.9084806,0,12,6,0,2,2,0,1,1,1,0,1,0,0000000,88,88,88,88,88,88,14,0,0,1,0
6,62245,1,1,0,0,0,1,1,15,0,21,12,2013,7,11,40,1,2,2,US-199,,30,41.81048333,-124.1112333,0,42,0,0,1,1,0,4,1,10,0,10,0,0000000,99,99,99,99,88,88,0,0,0,1,0
6,62246,1,1,0,0,0,1,1,71,1603,16,10,2013,4,17,43,0,14,6,LIVE OAK AVENUE,,0,34.43402778,-117.3604694,0,1,0,0,1,1,0,4,1,1,0,1,0,0000000,99,99,99,99,99,99,4,0,0,1,1
6,62247,1,1,0,1,1,1,1,37,4190,21,10,2013,2,18,38,0,14,6,GREENLEAF AVENUE,,0,33.97818889,-118.0373583,0,8,0,0,1,1,0,1,3,1,0,1,0,0000000,99,99,99,99,99,99,0,0,0,1,0
6,62248,1,1,0,0,0,1,1,65,2278,18,7,2013,5,18,22,0,2,3,SR-60 RAMP,,220,33.93743333,-117.1267667,0,59,0,0,5,1,0,3,1,1,0,1,0,0000000,99,99,99,99,88,88,0,0,0,1,1
6,62249,1,1,0,0,0,2,2,47,190,6,9,2013,6,18,48,0,15,6,BROADWAY AVE,,0,37.34554444,-120.6054361,0,33,0,0,1,1,0,4,1,1,0,1,0,0000000,99,99,99,99,99,99,0,0,0,1,1
6,62250,2,2,0,0,0,2,2,1,2480,9,9,2013,2,0,1,0,13,6,WEST MACARTHUR BL,TELEGRAPH AVE,0,37.82636389,-122.2651694,0,12,6,0,2,2,0,1,3,1,0,1,0,0000000,99,99,99,99,99,99,0,0,0,1,0
6,62251,1,1,0,1,1,1,1,37,230,10,10,2013,5,16,4,0,14,6,CERRITOS AVE,,0,34.11006111,-117.8989639,0,9,0,0,1,1,0,1,1,1,0,1,0,0000000,99,99,99,99,99,99,0,0,0,1,0
6,62252,1,1,0,1,1,1,1,85,3340,21,10,2013,2,20,30,0,14,6,N LEIGH AVENUE,PATIO DR,0,37.28862222,-121.9225972,0,8,0,0,3,3,0,1,3,1,0,1,0,0000000,99,99,99,99,88,88,0,0,0,1,0
6,62253,1,1,0,1,1,1,1,29,240,11,10,2013,6,7,59,0,14,6,PACHECO RD,HUGHES LN,0,35.31040833,-119.030025,0,8,0,0,3,2,0,1,1,1,0,1,0,0000000,99,99,99,99,88,88,0,0,0,1,0
6,62254,6,5,1,1,2,6,7,65,0,17,10,2013,5,1,5,1,1,1,I-15,,274,33.73298889,-117.4054306,0,12,2,0,1,1,0,1,2,1,0,1,0,0000000,99,99,99,99,99,99,14,0,0,1,1
6,62255,1,1,0,0,0,2,2,29,0,25,12,2013,4,5,5,0,2,4,CR-OSWELL ST,,0,35.36539167,-118.9498639,0,52,0,1,19,1,0,4,1,1,0,1,0,0000000,99,99,99,99,99,99,0,0,0,1,1
6,62256,2,2,0,0,0,3,3,23,0,7,9,2013,7,18,30,0,2,3,SR-36,,210,40.464275,-123.8462889,0,12,6,0,1,1,0,1,1,1,0,1,0,0000000,99,99,99,99,99,99,0,0,0,1,0
6,62257,2,2,0,0,0,2,2,13,0,23,11,2013,7,19,4,1,11,1,I-680,,194,37.96943056,-122.0587694,0,1,0,0,1,1,0,1,2,1,0,1,0,0000000,99,99,99,99,99,99,19,0,0,1,0
6,62258,3,2,1,0,1,2,3,71,0,30,9,2013,2,21,25,1,11,1,I-10,,186,34.06832222,-117.3956361,0,14,0,0,1,1,0,2,2,1,0,1,0,0000000,99,99,99,99,99,99,23,0,0,1,1
6,62259,4,4,0,0,0,4,4,1,2480,18,11,2013,2,0,50,1,11,1,I-880,,301,37.78953611,-122.2568528,0,12,1,0,1,1,0,1,2,1,0,1,0,0000000,99,99,99,99,99,99,0,0,0,2,1
6,62260,2,2,0,0,0,2,2,37,306,26,11,2013,3,14,1,0,15,6,CLARA STREET,CLARA STREET (FRONTAGE ROAD),0,33.96392778,-118.1716778,0,1,0,0,2,3,0,1,1,1,0,1,0,0000000,99,99,99,99,99,99,14,0,0,1,0
6,62261,4,4,0,1,1,5,5,101,4280,31,10,2013,5,21,51,0,14,6,BRIDGE ST,PALORA AVE,0,39.13238889,-121.6335194,0,8,0,0,2,3,0,1,2,1,0,1,0,0000000,99,99,99,99,99,99,0,0,0,1,0
6,62262,2,2,0,0,0,6,6,37,0,25,12,2013,4,15,45,1,2,3,SR-138,,524,34.53256111,-118.0159611,0,12,6,0,1,1,0,1,1,1,0,1,0,0000000,99,99,99,99,99,99,0,0,0,1,1
6,62263,1,1,0,0,0,2,2,53,0,2,9,2013,2,3,25,0,2,3,SR-156,,907,36.75126667,-121.7658583,0,35,0,0,1,1,0,5,2,10,0,10,0,0000000,99,99,99,99,99,99,0,0,0,1,0
6,62264,1,1,0,0,0,1,1,37,1980,26,11,2013,3,22,40,1,11,1,I-10,,79,34.03,-118.392,0,18,0,0,1,1,0,1,2,1,0,1,0,0000000,99,99,99,99,88,88,0,0,0,1,0
6,62265,1,1,0,0,0,3,3,73,3260,9,11,2013,7,18,0,0,12,3,SR-163 RAMP,,96,32.84111944,-117.1359611,0,1,0,1,20,1,0,1,2,1,0,1,0,0000000,99,99,99,99,99,99,0,0,0,2,1
6,62266,3,3,0,1,1,2,2,1,1364,23,11,2013,7,1,9,1,11,1,I-680,,75,37.55471944,-121.9165417,0,8,0,0,1,1,0,1,2,1,0,1,0,0000000,99,99,99,99,88,88,19,14,0,1,0
6,62267,3,3,0,0,0,3,3,67,0,22,11,2013,6,17,44,0,2,4,CR-BRADSHAW ROAD,CALVINE ROAD,0,38.45279722,-121.3347278,0,12,6,0,2,2,0,1,3,1,0,1,0,0000000,99,99,99,99,99,99,0,0,0,1,0
6,62268,1,1,0,1,1,1,1,37,0,27,11,2013,4,5,30,0,15,4,CR-CITRUS AVE,,0,34.10896111,-117.8902306,0,8,0,0,1,1,0,1,3,1,0,1,0,0000000,99,99,99,99,99,99,0,0,0,1,0
6,62269,1,1,0,0,0,3,3,65,3070,30,11,2013,7,21,25,1,11,1,I-215,,364,33.91961111,-117.2888806,0,1,0,0,1,1,0,2,2,1,0,1,0,0000000,99,99,99,99,99,99,0,0,0,1,1
6,62270,1,1,0,0,0,2,2,113,0,1,12,2013,1,10,45,0,6,4,CR-Z LINE RD,,0,38.33855,-121.6381889,0,1,0,0,1,1,0,5,1,1,0,1,0,0000000,99,99,99,99,88,88,0,0,0,1,0
6,62271,1,1,0,0,0,2,2,65,1688,13,11,2013,4,0,36,0,13,6,FRED WARING DR,,0,33.72880833,-116.3503667,0,42,0,0,1,1,0,4,2,1,0,1,0,0000000,99,99,99,99,99,99,0,0,0,1,0
6,62272,8,8,0,0,0,16,16,71,0,24,8,2013,7,13,58,1,1,1,I-40,,283,34.81151111,-116.5851056,0,12,1,0,1,1,0,1,1,7,0,7,0,0000000,99,99,99,99,99,99,19,0,0,2,0
6,62273,1,1,0,0,0,2,2,115,0,4,12,2013,4,0,7,0,4,4,CR-FEATHER RIVER BLVD,,0,39.08678889,-121.5789,0,1,0,0,1,1,0,1,2,1,0,1,0,0000000,99,99,99,99,99,99,0,0,0,1,1
6,62274,1,1,0,0,0,1,1,13,3010,21,11,2013,5,8,20,0,16,6,WHARF ST,,0,37.92141667,-122.3718167,0,3,0,0,1,1,0,5,3,10,0,10,0,0000000,99,99,99,99,88,88,0,0,0,1,1
6,62275,1,1,0,1,1,1,1,71,3000,7,12,2013,7,99,99,0,13,3,SR-66,,192,34.10673333,-117.3605722,0,8,0,0,1,1,0,1,3,1,0,1,0,0000000,99,99,99,99,88,88,0,0,0,1,0
6,62276,2,2,0,0,0,7,7,71,2238,17,11,2013,1,18,35,1,11,1,I-10,,10,34.08418889,-117.6927778,0,12,6,0,1,1,0,1,3,10,0,10,0,0000000,99,99,99,99,99,99,0,0,0,1,0
6,62277,1,1,0,1,1,1,1,37,1825,13,12,2013,6,7,22,0,15,6,VALLEY VIEW AVENUE,FOSTER ROAD,0,33.90978056,-118.0291528,0,8,0,0,3,2,0,1,1,1,0,1,0,0000000,99,99,99,99,88,88,0,0,0,1,0
6,62278,1,1,0,1,1,1,1,37,2870,9,12,2013,2,9,13,0,16,6,VASSAR ST,SAN ANTONIO AVE,0,34.08663889,-117.7367694,0,8,0,0,3,3,0,1,1,1,0,1,0,0000000,99,99,99,99,88,88,0,0,0,1,0
6,62279,2,2,0,0,0,2,2,59,1660,14,12,2013,7,20,44,0,14,6,NEWLAND STREET,TALBERT AVENUE,0,33.70125833,-117.980375,0,12,6,0,2,2,0,1,3,1,0,1,0,0000000,99,99,99,99,99,99,0,0,0,1,1
6,62280,1,1,0,0,0,2,2,81,1530,10,12,2013,3,0,41,0,13,3,SR-1,,300,37.47889444,-122.4421167,0,1,0,0,1,1,0,1,2,1,0,1,0,0000000,99,99,99,99,99,99,0,0,0,1,1
6,62281,1,1,0,1,1,1,1,85,3340,3,12,2013,3,18,54,0,14,6,BRANHAM LN,VISTA PARK DR,0,37.2658,-121.8469306,0,9,0,0,3,2,0,1,3,1,0,1,0,0000000,99,99,99,99,99,99,0,0,0,1,0
6,62282,1,1,0,1,1,1,1,37,2240,14,12,2013,7,21,3,0,16,6,WASHINGTON BLVD,,0,33.99558611,-118.1204333,0,8,0,0,1,1,0,1,3,1,0,1,0,0000000,99,99,99,99,99,99,0,0,0,1,0
6,62283,1,1,0,0,0,2,2,13,0,23,11,2013,7,13,30,0,6,4,CR-SHERYL DRIVE,,0,37.99590278,-122.3334,0,7,0,0,1,1,0,1,1,1,0,1,0,0000000,99,99,99,99,99,99,4,0,0,1,0
6,62284,2,2,0,0,0,6,6,37,2260,15,12,2013,1,1,35,1,12,3,SR-60,,71,34.03448056,-118.1066389,0,25,0,0,1,1,0,3,2,1,0,1,0,0000000,99,99,99,99,99,99,0,0,0,1,2
6,62285,1,1,0,1,1,1,1,59,1660,18,12,2013,4,17,16,0,14,6,GARFIELD AVE,,0,33.68684167,-117.95885,0,8,0,0,1,1,0,1,3,1,0,1,0,0000000,99,99,99,99,88,88,0,0,0,1,0
6,62286,1,1,0,1,1,1,1,29,0,26,12,2013,5,1,30,1,12,3,SR-58,,542,35.352625,-119.0069694,0,8,0,1,17,1,2,1,3,1,0,1,0,0000000,99,99,99,99,99,99,0,0,0,1,0
6,62287,1,1,0,1,1,4,4,111,2620,19,12,2013,5,18,12,0,15,6,C ST,,0,34.203875,-119.1809778,0,8,0,0,1,1,0,1,3,1,0,1,0,0000000,99,99,99,99,99,99,0,0,0,1,0
6,62288,4,4,0,0,0,5,5,73,3260,22,12,2013,1,19,10,0,15,6,NORTH HARBOR DR,HAWTHORNE ST,0,32.72507222,-117.1735417,0,12,1,0,2,3,0,1,3,1,0,1,0,0000000,99,99,99,99,99,99,0,0,0,1,0
6,62289,1,1,0,1,1,1,1,1,2480,23,3,2013,7,0,9,0,14,6,FOOTHILL BL,,0,37.77261667,-122.1988444,0,8,0,0,1,1,0,11,3,10,0,10,0,0000000,99,99,99,99,88,88,0,0,0,1,0
6,62290,1,1,0,0,0,2,2,59,1660,16,12,2013,2,5,20,0,14,6,ELLIS AVE,,0,33.69377778,-117.9894083,0,42,0,0,1,1,0,4,3,1,0,1,0,0000000,99,99,99,99,88,88,0,0,0,2,1
6,62291,1,1,0,0,0,1,1,29,0,2,6,2013,1,10,35,1,1,1,I-5,,196,35.06917778,-119.0093722,0,38,0,0,1,1,0,4,1,1,0,1,0,0000000,99,99,99,99,99,99,0,0,0,1,0
6,62292,1,1,0,2,2,1,1,67,0,19,12,2013,5,22,30,0,4,4,CR-WINDING WY,,0,38.64911389,-121.3285056,0,33,0,0,1,1,0,5,3,1,0,1,0,0000000,99,99,99,99,99,99,0,0,0,1,1
6,62293,2,2,0,0,0,2,2,73,3260,25,12,2013,4,13,40,1,12,3,SR-94 RAMP,,31,32.71615,-117.1198694,0,24,0,1,5,1,0,4,1,1,0,1,0,0000000,99,99,99,99,88,88,14,0,0,1,0
6,62294,1,1,0,1,1,1,1,17,0,13,4,2013,7,4,17,0,5,4,CR-SANDRIDGE RD,,0,38.63598333,-120.7090583,0,8,0,0,1,1,0,1,2,1,0,1,0,0000000,99,99,99,99,99,99,0,0,0,1,0
6,62295,2,2,0,0,0,2,2,65,526,26,12,2013,5,10,0,1,11,1,I-10,,1,34.00248056,-117.0640194,0,12,7,0,1,1,0,1,1,1,0,1,0,0000000,99,99,99,99,99,99,0,0,0,1,0
6,62296,2,2,0,0,0,2,2,67,0,16,12,2013,2,6,22,1,11,1,I-80,,11,38.61291111,-121.5382,0,1,0,0,1,1,1,1,2,1,0,1,0,0000000,99,99,99,99,88,88,14,0,0,1,0
6,62297,1,1,0,1,1,2,2,1,2480,24,12,2013,3,20,20,1,11,1,I-580,,462,37.82675278,-122.2855389,0,8,0,1,18,1,0,1,2,1,0,1,0,0000000,99,99,99,99,88,88,0,0,0,1,0
6,62298,2,2,0,0,0,4,4,37,1970,23,10,2013,4,14,5,0,13,6,PACIFIC COAST HWY,GARDENIA AVE,0,33.78983056,-118.1687583,0,12,6,0,2,2,0,1,1,1,0,1,0,0000000,99,99,99,99,99,99,0,0,0,1,0
6,62299,2,2,0,0,0,3,3,37,0,16,12,2013,2,10,48,0,2,4,CR-ARROW HWY,,0,34.10688056,-117.9135306,0,12,1,0,1,1,0,1,1,1,0,1,0,0000000,99,99,99,99,88,88,14,20,0,1,0
6,62300,1,1,0,0,0,2,2,103,0,23,12,2013,2,18,30,0,2,3,SR-36,,228,40.27769444,-122.5006222,0,11,0,0,1,1,0,1,2,1,0,1,0,0000000,18,48,99,99,88,88,0,0,0,2,1
6,62301,2,2,0,0,0,2,2,65,612,22,8,2013,5,10,53,0,16,6,VENTURA DRIVE,,0,33.85038333,-116.491975,0,12,2,0,1,1,0,1,1,1,0,1,0,0000000,99,99,99,99,88,88,4,14,0,1,0
6,62302,1,1,0,0,0,1,1,13,0,25,12,2013,4,99,99,0,4,4,CR-ALHAMBRA VLY RD,,0,37.97204722,-122.2376306,0,1,0,0,1,1,0,2,9,1,0,1,0,0000000,99,99,99,99,99,99,0,0,0,1,0
6,62303,1,1,0,0,0,3,3,107,0,24,12,2013,3,2,35,0,2,4,CR-SPRUCE RD,,0,36.31949722,-119.1172222,0,21,0,0,1,1,0,4,2,1,0,1,0,0000000,99,99,99,99,99,99,0,0,0,1,0
6,62304,2,2,0,0,0,5,5,65,1580,16,11,2013,7,11,34,1,13,3,SR-74,WARREN RD,370,33.74383056,-117.0312472,0,12,6,0,3,2,0,1,1,1,0,1,0,0000000,99,99,99,99,99,99,0,0,0,2,0
6,62305,2,2,0,0,0,3,3,65,0,26,12,2013,5,3,19,1,11,1,I-215,,390,33.95361389,-117.3043833,0,12,2,0,1,1,0,1,3,1,0,1,0,0000000,99,99,99,99,99,99,0,0,0,1,1
6,62306,3,1,2,1,4,1,4,95,4020,24,12,2013,3,14,50,1,12,3,SR-37,,83,38.11958611,-122.3083167,0,14,0,0,1,1,0,2,1,1,0,1,0,0000000,99,99,99,99,88,88,23,0,0,1,0
6,62307,2,2,0,0,0,3,3,81,0,26,12,2013,5,16,0,0,2,3,SR-1,,57,37.164975,-122.3604167,0,12,6,0,8,1,0,1,1,1,0,1,0,0000000,99,99,99,99,99,99,0,0,0,1,0
6,62308,1,1,0,0,0,1,1,45,0,31,12,2013,3,23,0,1,2,2,US-101,,548,39.50844167,-123.3832833,0,30,0,0,1,1,0,4,2,1,0,1,0,0000000,88,88,88,88,88,88,0,0,0,1,0
6,62309,1,1,0,1,1,1,1,67,3150,28,10,2013,2,6,39,0,15,6,BROOKFIELD DR,,0,38.48195,-121.4565778,0,8,0,0,1,1,0,1,3,1,0,1,0,0000000,99,99,99,99,88,88,0,0,0,1,0
6,62310,2,2,0,0,0,2,2,1,2480,26,4,2013,6,23,1,0,14,6,SEMINARY AVE,ROBERTS AVE,0,37.77379167,-122.1872556,0,12,2,0,3,3,0,1,3,1,0,1,0,0000000,99,99,99,99,88,88,20,0,0,1,0
6,62311,1,1,0,3,3,1,1,1,1364,31,12,2013,3,21,54,0,13,6,PASEO PADRE PKWY,,0,37.55459444,-121.9830722,0,8,0,0,1,1,0,1,3,1,0,1,0,0000000,99,99,99,99,99,99,0,0,0,1,0
6,62312,2,2,0,1,1,2,2,85,3340,25,11,2013,2,22,47,0,13,6,MONTEREY RD,SAN JOSE AVE,0,37.31248611,-121.87015,0,8,0,0,3,2,0,1,3,10,0,10,0,0000000,99,99,99,99,88,88,0,0,0,1,0
6,62313,2,2,0,0,0,8,8,101,0,12,11,2013,3,14,30,0,2,3,SR-99,OSWALD RD,256,39.06901111,-121.6334278,0,12,6,0,2,2,0,1,1,10,0,10,0,0000000,99,99,99,99,99,99,14,0,0,4,0
6,62314,1,1,0,0,0,1,1,29,240,27,11,2013,4,16,28,0,15,6,UNIVERSITY AVE,ARCARDIA ST,0,35.40511944,-118.9485,0,39,0,0,3,3,0,4,5,6,10,6,0,0000000,99,99,99,99,88,88,0,0,0,1,0
6,62315,1,1,0,1,1,2,2,59,1345,6,12,2013,6,19,16,0,13,6,WARNER AVE,SAN RICARDO ST,0,33.71625833,-117.9440889,0,8,0,0,3,3,0,1,3,1,0,1,0,0000000,99,99,99,99,99,99,0,0,0,1,0
6,62316,2,2,0,0,0,2,2,59,3420,26,12,2013,5,4,5,1,12,3,SR-22,,99,33.77881944,-117.8878694,0,12,1,1,18,1,0,1,2,1,0,1,0,0000000,99,99,99,99,88,88,0,0,0,1,1
6,62317,1,1,0,0,0,4,4,85,3340,17,2,2013,1,23,20,0,13,6,BLOSSOM HILL RD,,0,37.25746667,-121.7976333,0,1,0,0,1,1,0,5,3,1,0,1,0,0000000,99,99,99,99,88,88,20,0,0,1,0
6,62318,1,1,0,0,0,3,3,23,0,26,12,2013,5,18,58,1,2,2,US-101,,383,40.3871,-123.9306389,0,24,0,0,1,1,0,4,2,1,0,1,0,0000000,99,99,99,99,99,99,0,0,0,1,0
6,62319,1,1,0,0,0,2,2,71,0,27,12,2013,6,5,20,1,11,1,I-10,,183,34.06778056,-117.4008889,0,33,0,1,5,1,0,4,3,1,0,1,0,0000000,99,99,99,99,88,88,0,0,0,2,0
6,62320,1,1,0,1,1,1,1,83,0,27,12,2013,6,6,36,0,4,4,CR-REFUGIO RD,DEER TRAIL LN,0,34.61276667,-120.0981167,0,8,0,0,3,3,0,1,4,1,0,1,0,0000000,99,99,99,99,99,99,0,0,0,1,0
6,62321,1,1,0,0,0,1,1,37,1045,27,12,2013,6,9,37,0,13,6,FLORENCE AVE,,0,33.95793611,-118.1388639,0,33,0,0,1,1,0,4,1,1,0,1,0,0000000,99,99,99,99,99,99,0,0,0,1,0
6,62322,2,2,0,0,0,3,3,71,2238,13,12,2013,6,14,24,0,14,6,MONTE VISTA AVE,STATE ST,0,34.05966111,-117.6981972,0,12,6,0,2,2,0,1,1,1,0,1,0,0000000,99,99,99,99,99,99,0,0,0,1,0
6,62323,2,2,0,0,0,3,3,29,0,29,12,2013,1,2,32,0,4,4,CR-OLD RIVER ROAD,,0,35.26438889,-119.109,0,12,6,0,1,1,0,1,2,1,0,1,0,0000000,99,99,99,99,99,99,0,0,0,1,1
6,62324,1,1,0,1,1,2,2,59,2560,29,12,2013,1,3,9,0,16,6,OLIVERA DR,PACATO DR,0,33.60906389,-117.6695861,0,33,0,0,3,10,0,4,3,1,0,1,0,0000000,99,99,99,99,88,88,0,0,0,1,1
6,62325,5,5,0,0,0,8,8,13,2790,14,12,2013,7,1,10,1,12,3,SR-4,,234,38.01475556,-121.8812278,0,12,1,0,1,1,4,1,2,1,0,1,0,0000000,99,99,99,99,99,99,0,0,0,1,0
6,62326,1,1,0,0,0,2,2,67,1390,29,12,2013,1,3,35,0,16,6,C ST,,0,38.25137222,-121.3119111,0,30,0,0,1,1,0,4,3,1,0,1,0,0000000,99,99,99,99,99,99,0,0,0,1,1
6,62327,1,1,0,0,0,1,1,37,0,31,12,2013,3,13,0,0,4,4,CR-ANGELES FOREST HWY,,0,34.43546944,-118.0838,0,58,0,0,1,1,0,5,1,1,0,1,0,0000000,99,99,99,99,88,88,0,0,0,1,0
6,62328,1,1,0,1,1,1,1,37,2060,20,8,2013,3,5,25,0,13,6,SEPUVEDA BLVD,6TH ST,0,33.88724444,-118.3958861,0,8,0,0,2,2,0,1,4,1,0,1,0,0000000,88,88,88,88,88,88,0,0,0,2,1
6,62329,4,4,0,0,0,6,6,37,0,31,12,2013,3,15,17,0,3,4,CR-PALMDALE BLVD,90TH ST EAST,0,34.57971111,-117.9694389,0,12,6,0,2,2,0,1,1,1,0,1,0,0000000,99,99,99,99,99,99,0,0,0,1,0
6,62330,1,1,0,0,0,1,1,37,1980,17,3,2013,1,16,45,0,14,6,HYDE PARK PL,,0,33.98079167,-118.3243889,0,1,0,0,1,1,0,1,1,1,0,1,0,0000000,99,99,99,99,99,99,0,0,0,1,0
6,62331,1,1,0,1,1,1,1,75,3290,31,12,2013,3,15,29,0,15,6,NAPLES ST,ROLPH ST,0,37.71354167,-122.4366444,0,8,0,0,2,2,0,1,1,1,0,1,0,0000000,99,99,99,99,99,99,0,0,0,1,0
6,62332,2,2,0,0,0,3,3,37,305,17,3,2013,1,22,35,1,12,3,SR-91,,143,33.87707778,-118.1492667,0,12,1,0,1,1,0,1,3,1,0,1,0,0000000,99,99,99,99,88,88,19,0,0,1,1
6,62333,3,3,0,0,0,12,12,65,0,21,12,2013,7,22,40,0,4,4,CR-GILMAN SPRINGS RD,,0,33.90796944,-117.0919694,0,12,2,0,1,1,0,1,2,1,0,1,0,0000000,99,99,99,99,99,99,0,0,0,2,0
6,62334,3,3,0,0,0,4,4,37,1695,26,3,2013,3,10,43,1,12,3,SR-60,,165,34.00311111,-117.951525,0,12,1,0,1,1,0,1,1,1,0,1,0,0000000,99,99,99,99,88,88,14,0,0,1,0