STATE,ST_CASE,VE_TOTAL,VE_FORMS,PVH_INVL,PEDS,PERNOTMVIT,PERMVIT,PERSONS,COUNTY,CITY,DAY,MONTH,YEAR,DAY_WEEK,HOUR,MINUTE,NHS,ROAD_FNC,ROUTE,TWAY_ID,TWAY_ID2,MILEPT,LATITUDE,LONGITUD,SP_JUR,HARM_EV,MAN_COLL,RELJCT1,RELJCT2,TYP_INT,WRK_ZONE,REL_ROAD,LGT_COND,WEATHER1,WEATHER2,WEATHER,SCH_BUS,RAIL,NOT_HOUR,NOT_MIN,ARR_HOUR,ARR_MIN,HOSP_HR,HOSP_MN,CF1,CF2,CF3,FATALS,DRUNK_DR
6,62335,1,1,0,1,1,1,1,73,3260,22,12,2013,1,2,15,1,11,1,I-805 RAMP,,32,32.73003056,-117.1120806,0,8,0,1,20,1,0,1,2,1,0,1,0,0000000,99,99,99,99,88,88,0,0,0,1,0
6,62336,1,1,0,1,1,1,1,1,2480,10,12,2013,3,6,48,0,16,6,JACKSON ST,8TH ST,0,37.797875,-122.2677806,0,8,0,0,3,2,0,1,4,1,0,1,0,0000000,99,99,99,99,99,99,0,0,0,1,0
6,62337,1,1,0,1,1,2,2,59,1410,27,12,2013,6,23,15,0,13,6,CHAPMAN AVE,,0,33.78871111,-117.9226333,0,15,0,0,1,1,0,1,3,1,0,1,0,0000000,99,99,99,99,88,88,0,0,0,1,0
6,62338,1,1,0,0,0,1,1,89,2950,19,4,2013,6,13,24,0,16,6,BRAMBLE PL,VICTOR AVE,0,40.56213611,-122.3394417,0,19,0,0,3,2,0,5,1,1,0,1,0,0000000,99,99,99,99,99,99,0,0,0,1,0
6,62339,1,1,0,1,1,1,1,75,3290,29,12,2013,1,2,33,1,11,1,I-80 RAMP,,49,37.7794,-122.4004917,0,8,0,1,20,1,0,1,2,1,0,1,0,0000000,99,99,99,99,88,88,0,0,0,1,0
6,62340,1,1,0,1,1,1,1,65,526,29,12,2013,1,12,24,0,14,6,CALIMESA BL,,0,33.98025833,-117.0498694,0,9,0,0,1,1,0,1,1,1,0,1,0,0000000,99,99,99,99,99,99,0,0,0,1,0
6,62341,3,3,0,0,0,5,5,29,0,25,12,2013,4,17,30,1,2,3,SR-16,HOLLOWAY RD,275,35.61568889,-119.7429333,0,12,6,0,2,3,0,1,2,1,0,1,0,0000000,99,99,99,99,99,99,14,0,0,1,0
6,62342,3,3,0,0,0,9,9,29,0,30,12,2013,2,8,45,1,1,1,I-5,,596,35.47151111,-119.4967611,0,1,0,0,1,1,0,3,1,1,0,1,0,0000000,99,99,99,99,99,99,14,0,0,1,0
6,62343,1,1,0,0,0,3,3,101,0,1,7,2013,2,22,55,1,2,3,SR-99,,42,38.79391111,-121.5430861,0,1,0,0,1,1,0,3,2,1,0,1,0,0000000,99,99,99,99,99,99,0,0,0,1,0
6,62344,2,2,0,0,0,2,2,37,3870,29,12,2013,1,12,44,0,12,3,SR-1,,178,33.81610278,-118.3782556,0,1,0,0,8,1,0,1,1,1,0,1,0,0000000,99,99,99,99,99,99,0,0,0,1,0
6,62345,2,2,0,2,2,1,1,65,612,29,8,2013,5,14,0,0,15,6,CATHEDRAL CYN DR,,0,33.79257222,-116.4667639,0,12,1,0,1,1,0,1,1,1,0,1,0,0000000,99,99,99,99,99,99,15,0,0,1,0
6,62346,2,2,0,0,0,8,8,61,0,29,12,2013,1,16,45,0,6,4,CR-GOLD RUN RD,,0,39.17261944,-120.8652694,0,12,6,0,1,1,0,1,5,1,0,1,0,0000000,99,99,99,99,99,99,0,0,0,1,0
6,62347,1,1,0,1,1,1,1,65,612,5,9,2013,5,0,0,0,16,6,DINAH SHORE DR,,0,33.80147222,-116.4634194,0,15,0,0,1,1,0,1,2,1,0,1,0,0000000,99,99,99,99,88,88,0,0,0,1,0
6,62348,1,1,0,1,1,1,1,111,3860,29,12,2013,1,21,12,1,12,2,US-101,,18,34.16706944,-118.8397889,0,8,0,1,18,1,0,1,2,1,0,1,0,0000000,99,99,99,99,88,88,0,0,0,1,0
6,62349,1,1,0,1,1,1,1,37,1430,30,12,2013,2,17,2,0,14,6,WILSON AVE,BELMONT ST,0,34.14811667,-118.2431694,0,8,0,0,3,2,0,1,5,1,0,1,0,0000000,99,99,99,99,99,99,0,0,0,1,0
6,62350,1,1,0,1,1,1,1,37,2240,24,9,2013,3,13,15,0,13,6,BEVERLY BL,,0,34.01919444,-118.1151917,0,8,0,0,8,1,0,1,1,1,0,1,0,0000000,99,99,99,99,99,99,0,0,0,1,0
6,62351,1,1,0,0,0,1,1,19,0,28,12,2013,7,20,48,1,1,1,I-5,,120,36.21815,-120.2208139,0,1,0,0,1,1,0,3,2,1,0,1,0,0000000,99,99,99,99,88,88,0,0,0,1,0
6,62352,2,2,0,1,1,7,7,19,0,29,12,2013,1,4,2,1,12,3,SR-99,,140,36.65744167,-119.7184028,0,8,0,0,1,1,0,1,2,1,0,1,0,0000000,99,99,99,99,88,88,0,0,0,1,0
6,62353,1,1,0,1,1,1,1,59,3420,11,10,2013,6,7,10,0,14,6,STANDARD AVE,GRANT ST,0,33.73800278,-117.8564472,0,8,0,0,3,2,0,1,1,1,0,1,0,0000000,99,99,99,99,99,99,0,0,0,1,0
6,62354,2,2,0,0,0,2,2,37,1970,23,11,2013,7,9,27,0,14,6,STEARNS ST,,0,33.79603333,-118.1220778,0,12,6,0,8,1,0,1,1,1,0,1,0,0000000,99,99,99,99,99,99,0,0,0,1,1
6,62355,2,2,0,1,1,5,5,37,3105,29,12,2013,1,18,22,0,15,6,MARSHALL ST,GREENDALE ST,0,34.075625,-118.0744417,0,8,0,0,3,2,0,1,3,1,0,1,0,0000000,99,99,99,99,88,88,14,0,0,1,0
6,62356,2,2,0,0,0,2,2,33,0,7,12,2013,7,16,50,1,2,3,SR-29,,336,38.9582,-122.8275389,0,12,2,0,1,1,0,1,1,1,0,1,0,0000000,99,99,99,99,99,99,0,0,0,1,1
6,62357,1,1,0,0,0,2,2,37,1980,30,12,2013,2,0,30,0,13,6,ROSCOE BLVD,,0,34.22009444,-118.4963861,0,33,0,0,1,1,0,5,3,1,0,1,0,0000000,99,99,99,99,99,99,0,0,0,1,1
6,62358,2,2,0,0,0,3,3,71,0,30,12,2013,2,8,45,1,11,1,I-15,,205,34.32685,-117.4824722,0,12,6,0,1,1,0,1,1,1,0,1,0,0000000,99,99,99,99,99,99,0,0,0,1,0
6,62359,2,2,0,1,1,3,3,67,3150,23,12,2013,2,17,23,0,14,6,CONSUMNES RIVER BL,BRUCEYILLE RD,0,38.45768056,-121.4175611,0,8,0,0,2,2,0,1,3,1,0,1,0,0000000,99,99,99,99,99,99,0,0,0,1,0
6,62360,2,2,0,0,0,2,2,37,1980,27,12,2013,6,17,50,0,14,6,TUJUNGA AVE,VALERIO ST,0,34.20481389,-118.3790194,0,12,6,0,2,2,0,1,3,1,0,1,0,0000000,99,99,99,99,88,88,0,0,0,1,0
6,62361,1,1,0,1,1,1,1,71,2550,30,1,2013,4,18,25,0,13,6,HOLT BL,MIRAMONTE ST,0,34.06336389,-117.6425583,0,8,0,0,2,3,0,1,3,1,0,1,0,0000000,99,99,99,99,99,99,0,0,0,1,0
6,62362,1,1,0,1,1,1,1,37,480,28,7,2013,1,22,2,0,14,6,OLIVE AVE,,0,34.15931944,-118.3314972,0,8,0,0,1,1,0,1,3,1,0,1,0,0000000,99,99,99,99,99,99,0,0,0,1,0
6,62363,5,2,3,0,0,2,2,37,480,23,4,2013,3,9,16,0,15,6,HOLLYWOOD WY,,0,34.15630556,-118.3414,0,12,1,0,1,1,0,1,1,1,0,1,0,0000000,99,99,99,99,99,99,0,0,0,1,0
6,62364,1,1,0,1,1,1,1,15,0,28,12,2013,7,2,0,1,2,2,US-101,,426,41.94605,-124.1941694,0,8,0,0,1,1,0,1,2,1,0,1,0,0000000,99,99,99,99,88,88,0,0,0,1,0
6,62365,1,1,0,1,1,1,1,37,2870,4,3,2013,2,18,58,0,14,6,PHILADELIA ST,BRENTWOOD TOP,0,34.03369444,-117.7327778,0,8,0,0,2,3,0,1,2,1,0,1,0,0000000,99,99,99,99,99,99,0,0,0,1,0
6,62366,2,2,0,0,0,2,2,65,2327,6,7,2013,7,10,45,0,14,6,CALIFORNIA OAKS RD,,0,33.57425833,-117.2016944,0,12,6,0,8,1,0,1,1,1,0,1,0,0000000,99,99,99,99,99,99,0,0,0,1,0
6,62367,2,2,0,1,1,2,2,59,1660,28,12,2013,7,4,33,0,13,3,SR-1,,220,33.63439444,-117.9626944,0,8,0,0,1,1,0,1,2,1,0,1,0,0000000,99,99,99,99,88,88,0,0,0,1,0
6,62368,1,1,0,0,0,1,1,37,1110,29,7,2013,2,3,2,0,14,6,SANTA ANITA AVE,,0,34.09481667,-118.0275833,0,1,0,0,1,1,0,4,3,1,0,1,0,0000000,99,99,99,99,88,88,0,0,0,1,1
6,62369,1,1,0,0,0,6,6,37,480,28,9,2013,7,4,10,0,14,6,SAN FERNANDO BLVD,,0,34.1918,-118.3281,0,33,0,0,1,1,0,4,3,1,0,1,0,0000000,99,99,99,99,99,99,0,0,0,5,1
6,62370,1,1,0,1,1,1,1,59,1713,18,10,2013,6,10,31,0,16,6,CORNELL,,0,33.64947222,-117.8377111,0,8,0,0,8,1,0,1,1,1,0,1,0,0000000,99,99,99,99,99,99,0,0,0,1,0
6,62371,2,2,0,0,0,2,2,73,3260,18,11,2013,2,19,6,0,13,6,BALBOA AVE,MT. EVERST BLVD,0,32.81803611,-117.1853639,0,12,6,0,2,2,0,1,3,10,0,10,0,0000000,99,99,99,99,99,99,0,0,0,1,0
6,62372,1,1,0,0,0,2,2,41,0,31,12,2013,3,17,25,0,2,3,SR-1,,438,38.22286667,-122.9192,0,17,0,0,1,1,0,5,5,1,0,1,0,0000000,99,99,99,99,99,99,0,0,0,1,0
6,62373,2,2,0,0,0,2,2,89,2950,7,3,2013,5,16,49,0,14,6,PLACER ST,OREGON ST,0,40.58147222,-122.3935278,0,12,6,0,2,2,0,1,1,1,0,1,0,0000000,99,99,99,99,99,99,0,0,0,1,0
6,62374,1,1,0,3,3,1,1,75,3290,31,12,2013,3,20,5,0,14,6,POLK ST,ELLIS ST,0,37.78406111,-122.419325,0,15,0,0,3,2,0,1,3,1,0,1,0,0000000,99,99,99,99,99,99,0,0,0,1,0
6,62375,2,2,0,0,0,2,2,101,0,7,11,2013,5,15,16,0,2,3,SR-20,,32,39.1478,-121.8284389,0,12,2,0,1,1,0,1,1,1,0,1,0,0000000,99,99,99,99,99,99,0,0,0,1,0
6,62376,1,1,0,0,0,1,1,29,240,21,12,2013,7,1,40,0,12,3,SR-178,CANTERIA DR,81,35.39807222,-118.8897361,0,33,0,0,3,2,0,4,3,1,0,1,0,0000000,99,99,99,99,99,99,0,0,0,1,1
6,62377,2,1,1,0,0,1,1,59,1380,30,10,2013,4,2,16,0,16,6,ROOSEVELT AVE,AMERIGE AVE,0,33.87126667,-117.9408944,0,33,0,0,3,3,0,4,2,1,0,1,0,0000000,99,99,99,99,88,88,20,0,0,1,1
6,62378,1,1,0,1,1,1,1,19,1370,31,12,2013,3,99,99,1,12,3,SR-41,,220,36.72046944,-119.7852694,0,8,0,0,1,1,0,1,2,1,0,1,0,0000000,99,99,99,99,88,88,0,0,0,1,0
6,62379,2,2,0,0,0,2,2,71,2550,15,11,2013,6,13,45,0,13,6,MISSION BLVD,CYPRESS AVE,0,34.055925,-117.6632583,0,12,6,0,2,2,0,1,1,1,0,1,0,0000000,99,99,99,99,99,99,0,0,0,1,0
6,62380,1,1,0,0,0,1,1,89,0,29,4,2013,2,9,25,0,2,3,SR-299,,362,40.66095,-122.192375,0,43,0,0,1,1,0,5,1,1,0,1,0,0000000,99,99,99,99,99,99,0,0,0,1,0
6,62381,2,2,0,0,0,3,3,65,4197,10,3,2013,1,16,45,0,15,6,BUNDY CYN RD,MONTE VISTA DR,0,33.62676111,-117.2666806,0,12,6,0,2,3,0,1,1,1,0,1,0,0000000,99,99,99,99,99,99,0,0,0,2,0
6,62382,1,1,0,1,1,1,1,13,3010,30,12,2013,2,17,39,0,12,6,RICHMOND PARKWAY,SIERRA RIDGE ROAD,0,37.98756667,-122.3189194,0,8,0,0,3,3,0,1,5,1,0,1,0,0000000,99,99,99,99,99,99,0,0,0,1,0
6,62383,1,1,0,1,1,2,2,29,240,21,12,2013,7,6,26,1,13,3,SR-58,,484,35.38336111,-119.1005389,0,8,0,0,1,1,0,1,2,1,0,1,0,0000000,99,99,99,99,88,88,0,0,0,1,0
6,62384,1,1,0,0,0,1,1,99,2200,23,12,2013,2,21,48,0,13,6,W BRIGGSMORE AVE,,0,37.67145278,-121.0275194,0,33,0,0,1,1,0,5,2,1,0,1,0,0000000,99,99,99,99,99,99,0,0,0,1,1
6,62385,5,5,0,0,0,10,10,61,3080,17,12,2013,3,8,11,1,11,1,I-80,,46,38.77369167,-121.242875,0,12,1,0,1,1,0,1,1,1,0,1,0,0000000,99,99,99,99,99,99,14,0,0,1,0
6,62386,3,3,0,0,0,3,3,61,3110,10,12,2013,3,15,17,0,13,6,FOOTHILLS BL,CHIGNAHUAPAN WY,0,38.74939722,-121.3094417,0,12,6,0,2,3,0,1,1,1,0,1,0,0000000,99,99,99,99,99,99,0,0,0,1,0
6,62387,1,1,0,1,1,1,1,37,1110,16,3,2013,7,15,18,0,14,6,GARVEY AVE,,0,34.06273056,-118.0528472,0,8,0,0,1,1,0,1,1,1,0,1,0,0000000,99,99,99,99,99,99,0,0,0,1,0
6,62388,2,1,1,0,1,1,2,71,4040,18,11,2013,2,5,39,1,11,1,I-15,,454,34.56696944,-117.2814389,0,14,0,0,1,1,0,2,2,1,0,1,0,0000000,99,99,99,99,88,88,0,0,0,1,0
6,62389,1,1,0,0,0,2,2,13,0,26,4,2013,6,2,7,0,2,4,CR-STONE VALLEY RD,,0,37.85136944,-122.0087111,0,33,0,0,1,1,0,3,3,1,0,1,0,0000000,99,99,99,99,88,88,0,0,0,1,1
6,62390,1,1,0,0,0,1,1,37,4030,9,9,2013,2,17,32,0,13,6,DISTRICT BLVD,,0,33.99926944,-118.1934,0,33,0,0,1,1,0,4,1,1,0,1,0,0000000,99,99,99,99,18,0,0,0,0,1,0
6,62391,1,1,0,1,1,1,1,1,2480,23,3,2013,7,22,20,0,14,6,PERALTA ST,,0,37.82085556,-122.2863583,0,9,0,0,1,1,0,1,3,1,0,1,0,0000000,99,99,99,99,88,88,0,0,0,1,1
6,62392,2,2,0,0,0,4,4,37,0,5,10,2013,7,2,43,0,2,4,CR-COLIMA RD,ALLENTON AVE,0,33.9811,-117.9664611,0,12,6,0,2,2,0,1,3,1,0,1,0,0000000,99,99,99,99,99,99,0,0,0,1,2
6,62393,2,2,0,0,0,5,5,81,780,27,5,2013,2,7,41,0,14,6,HILLSIDE BL,,0,37.67762222,-122.4472861,0,12,99,0,8,1,0,1,1,10,0,10,0,0000000,99,99,99,99,88,88,0,0,0,3,1
6,62394,2,2,0,0,0,3,3,65,0,7,4,2013,1,17,25,0,4,4,CR-BAUTISTA RD,,0,33.60653056,-116.7441611,0,1,0,0,1,1,0,1,1,1,0,1,0,0000000,99,99,99,99,99,99,14,0,0,1,0
6,62395,1,1,0,0,0,1,1,1,2480,21,11,2013,5,20,37,0,15,6,SKYLINE BL,,0,37.79078889,-122.1517583,0,33,0,0,1,1,0,3,3,10,0,10,0,0000000,99,99,99,99,88,88,0,0,0,1,1
6,62396,4,2,2,1,1,3,3,75,3290,1,1,2013,3,8,4,0,6,6,21ST ST,S VAN NESS,0,37.75716389,-122.41675,0,12,6,1,2,2,0,1,1,1,0,1,0,0000000,99,99,99,99,99,99,14,0,0,2,0
6,62397,2,2,0,0,0,3,3,73,0,20,5,2013,2,11,54,0,2,4,CR-VALLEY CENTER RD,CR-MORNINGSTAR LN,0,33.24953056,-116.9633194,0,1,0,0,2,3,0,1,1,1,0,1,0,0000000,99,99,99,99,99,99,0,0,0,1,0
6,62398,1,1,0,0,0,1,1,13,2583,18,7,2013,5,19,0,0,16,6,ORINDAWOODS DR,,0,37.88512222,-122.1825583,0,33,0,0,1,1,0,4,1,1,0,1,0,0000000,99,99,99,99,88,88,0,0,0,1,0
6,62399,2,2,0,0,0,4,4,115,0,30,1,2013,4,16,30,0,4,4,CR-FORTY MILE ROAD,RANCHO ROAD,0,39.06898056,-121.5122278,0,12,6,0,2,2,0,1,1,1,0,1,0,0000000,99,99,99,99,99,99,4,0,0,1,0
6,62400,2,2,0,0,0,6,6,111,1280,30,7,2013,3,18,53,0,16,6,MAIN ST,SARATOGA ST,0,34.39943889,-118.9110472,0,12,2,0,2,3,0,1,1,1,0,1,0,0000000,99,99,99,99,99,99,0,0,0,1,0
6,62401,1,1,0,1,1,1,1,71,1305,1,2,2013,6,21,49,0,14,6,CHERRY AVE,,0,34.04526667,-117.4889,0,8,0,0,1,1,0,1,3,1,0,1,0,0000000,99,99,99,99,88,88,0,0,0,1,0
6,62402,1,1,0,1,1,1,1,59,2199,15,3,2013,6,18,48,0,13,6,SANTA MARGARITA PKWY,,0,33.65657778,-117.6511083,0,9,0,0,1,1,0,4,1,1,0,1,0,0000000,99,99,99,99,88,88,0,0,0,1,0
6,62403,2,2,0,0,0,3,3,73,0,16,6,2013,1,21,14,0,4,4,CR-RECHE RD,,0,33.36126944,-117.2005889,0,12,2,0,1,1,0,1,2,1,0,1,0,0000000,99,99,99,99,99,99,0,0,0,1,2
6,62404,1,1,0,0,0,4,4,115,0,13,10,2013,1,2,15,0,3,4,CR-MARYSVILLE BL,,0,39.3566,-121.28205,0,35,0,0,1,1,0,4,2,1,0,1,0,0000000,99,99,99,99,99,99,0,0,0,3,1
6,62405,1,1,0,0,0,2,2,93,0,2,6,2013,1,14,30,0,2,4,CR-EVERITT MEMORIAL HWY,WAGON CAMP RD,0,41.33178889,-122.2462,0,35,0,0,3,3,0,4,1,1,0,1,0,0000000,99,99,99,99,99,99,0,0,0,1,0
6,62406,3,3,0,0,0,4,4,37,245,23,11,2013,7,15,25,1,11,1,I-10,,316,34.06605,-117.9943194,0,12,1,0,1,1,0,1,1,1,0,1,0,0000000,99,99,99,99,99,99,0,0,0,1,0
6,62407,1,1,0,1,1,4,4,111,2890,26,10,2013,7,1,29,0,13,6,CHANNEL ISLAND BLVD,WHEELHOUSE AVE,0,34.17575556,-119.2126528,0,8,0,0,3,3,0,1,3,10,0,10,0,0000000,99,99,99,99,99,99,0,0,0,1,0
6,62408,1,1,0,0,0,2,2,29,240,6,11,2013,4,4,14,0,15,6,HARRIS ROAD,,0,35.30340278,-119.1116944,0,39,0,0,1,1,0,4,3,1,0,1,0,0000000,99,99,99,99,99,99,0,0,0,1,1
6,62409,2,2,0,0,0,3,3,65,1580,15,12,2013,1,9,30,0,14,6,LYON AVE,OAKLAND AV,0,33.75473889,-116.9891806,0,12,2,0,3,2,0,1,1,1,0,1,0,0000000,99,99,99,99,99,99,0,0,0,1,0
6,62410,2,2,0,0,0,2,2,71,2550,9,11,2013,7,16,49,0,16,6,ONTARIO MILLS PKWY,BARRINGTON AVE,0,34.06988056,-117.5310639,0,12,6,0,2,2,0,1,5,1,0,1,0,0000000,99,99,99,99,99,99,0,0,0,1,1
6,62411,1,1,0,1,1,1,1,37,1980,6,1,2013,1,13,15,0,13,6,SOTO STREET,WHITTIER BLVD,0,34.03438611,-118.215675,0,8,0,0,3,2,0,1,1,10,0,10,0,0000000,99,99,99,99,99,99,0,0,0,1,0
6,62412,1,1,0,1,1,2,2,13,460,15,5,2013,4,8,16,0,16,6,GRANT ST,OHARA AVE,0,37.95394444,-121.7141667,0,8,0,0,3,2,0,1,1,1,0,1,0,0000000,99,99,99,99,99,99,0,0,0,1,0
6,62413,2,2,0,0,0,2,2,37,4190,28,3,2013,5,2,24,1,11,1,I-605,,138,33.99646667,-118.0685861,0,12,2,1,18,1,0,1,3,1,0,1,0,0000000,99,99,99,99,88,88,19,0,0,2,0
6,62414,1,1,0,1,1,1,1,65,2730,7,2,2013,5,20,40,0,15,6,REDLANDS AVE,,0,33.82065556,-117.2173611,0,15,0,0,1,1,0,1,3,1,0,1,0,0000000,99,99,99,99,88,88,0,0,0,1,0
6,62415,1,1,0,1,1,1,1,29,240,12,4,2013,6,21,9,0,12,6,WIBLE ROAD,,0,35.33480833,-119.0389944,0,8,0,0,1,1,0,1,3,1,0,1,0,0000000,99,99,99,99,99,99,0,0,0,1,0
6,62416,1,1,0,1,1,1,1,59,1713,8,3,2013,6,18,19,0,14,6,TRABUCO RD,,0,33.70640833,-117.776475,0,8,0,0,1,1,0,1,3,10,0,10,0,0000000,99,99,99,99,88,88,0,0,0,1,0
6,62417,1,1,0,1,1,1,1,71,260,13,12,2013,6,20,6,0,15,6,ARMORY RD,,0,34.88413333,-117.0199167,0,8,0,0,1,1,0,1,2,1,0,1,0,0000000,99,99,99,99,88,88,0,0,0,1,0
6,62418,2,1,1,0,0,1,1,59,80,9,1,2013,4,15,59,0,13,6,E BALL RD,,0,33.81807222,-117.8855056,0,14,0,0,1,1,0,2,1,1,0,1,0,0000000,99,99,99,99,99,99,0,0,0,1,0
6,62419,2,2,0,0,0,3,3,59,3960,31,8,2013,7,17,43,0,13,6,JAMBOREE RD,PORTOLA PRKWY,0,33.74386944,-117.7711667,0,12,6,0,2,2,0,1,1,1,0,1,0,0000000,99,99,99,99,99,99,0,0,0,1,1
6,62420,1,1,0,1,1,1,1,77,3770,18,1,2013,6,22,3,0,13,6,SIERRA NEVADA ST,,0,37.95920556,-121.2738611,0,8,0,0,1,1,0,1,3,1,0,1,0,0000000,99,99,99,99,99,99,0,0,0,1,0
6,62421,2,2,0,0,0,7,7,67,1108,19,1,2013,7,12,47,0,14,6,BRADSHAW RD,ELK GROVE BL,0,38.40907222,-121.3346583,0,12,6,0,2,2,0,1,1,1,0,1,0,0000000,99,99,99,99,99,99,0,0,0,1,0
6,62422,2,2,0,0,0,2,2,65,1846,20,4,2013,7,7,58,0,14,6,AVE 52,MADISON ST,0,33.67096389,-116.2513611,0,12,6,0,2,2,0,1,1,1,0,1,0,0000000,99,99,99,99,99,99,0,0,0,1,0
6,62423,1,1,0,1,1,2,2,17,0,26,4,2013,6,22,0,0,4,4,CR-PONY EXPRESS TRL,,0,38.75721111,-120.5941806,0,9,0,0,1,1,0,1,2,1,0,1,0,0000000,99,99,99,99,99,99,0,0,0,1,1
6,62424,2,2,0,1,1,3,3,71,4291,6,2,2013,4,18,16,1,13,3,SR-62,,116,34.12060556,-116.428175,0,8,0,0,1,1,0,1,2,1,0,1,0,0000000,99,99,99,99,88,88,0,0,0,1,0
6,62425,1,1,0,1,1,1,1,65,1580,12,2,2013,3,23,25,1,12,3,SR-74,THOMPSON ST,410,33.74755833,-116.9651194,0,8,0,0,3,2,0,1,3,1,0,1,0,0000000,99,99,99,99,99,99,0,0,0,1,0
6,62426,1,1,0,0,0,2,2,37,639,26,4,2013,6,22,31,1,12,3,SR-91,,0,33.87622778,-118.0939806,0,33,0,0,5,1,0,4,3,1,0,1,0,0000000,99,99,99,99,99,99,0,0,0,1,1
6,62427,1,1,0,2,2,1,1,1,2840,9,6,2013,1,13,8,0,14,6,FOOTHILL RD,,0,37.64546389,-121.9013222,0,9,0,0,1,1,0,1,1,1,0,1,0,0000000,99,99,99,99,99,99,0,0,0,1,0
6,62428,1,1,0,0,0,2,2,77,2070,17,5,2013,6,2,41,0,13,6,AIRPORT WY,,0,37.79421944,-121.2521028,0,30,0,0,1,1,0,4,3,1,0,1,0,0000000,99,99,99,99,88,88,0,0,0,2,1
6,62429,1,1,0,0,0,4,4,71,3210,16,6,2013,1,2,20,1,12,3,SR-210,,221,34.14573889,-117.3147,0,24,0,0,1,1,0,8,3,1,0,1,0,0000000,99,99,99,99,99,99,0,0,0,1,1
6,62430,1,1,0,1,1,1,1,59,960,18,3,2013,2,22,52,0,13,6,VALLEY VIEW ST,,0,33.82840556,-118.0282417,0,8,0,0,1,1,0,1,3,1,0,1,0,0000000,99,99,99,99,88,88,0,0,0,1,0
6,62431,1,1,0,1,1,1,1,23,1220,1,5,2013,4,6,17,0,14,6,S ST,BUHNE ST,0,40.78609167,-124.1490833,0,8,0,0,3,2,0,1,4,1,0,1,0,0000000,99,99,99,99,88,88,0,0,0,1,0
6,62432,1,1,0,0,0,1,1,37,1110,10,4,2013,4,22,53,0,13,6,SANTWA ANITA AVENUE,,0,34.07238889,-118.0422306,0,33,0,0,1,1,0,4,3,1,0,1,0,0000000,99,99,99,99,99,99,0,0,0,1,1
6,62433,3,3,0,0,0,7,7,71,2550,30,4,2013,3,13,6,0,12,3,SR-83,SCHAEFER AVE,54,34.00475833,-117.6507278,0,12,6,0,2,2,0,1,1,1,0,1,1,0000000,99,99,99,99,99,99,0,0,0,1,0
6,62434,1,1,0,1,1,1,1,77,2070,22,5,2013,4,18,26,0,15,6,CENTER ST,,0,37.79911111,-121.2147361,0,8,0,0,1,1,0,1,1,1,0,1,0,0000000,99,99,99,99,99,99,0,0,0,1,0
6,62435,2,1,1,1,1,2,2,37,810,3,4,2013,4,21,18,0,13,6,ALAMEDA ST,,0,33.913825,-118.2226194,0,14,0,0,1,1,0,2,3,1,0,1,0,0000000,99,99,99,99,99,99,0,0,0,1,0
6,62436,1,1,0,0,0,1,1,73,2904,12,6,2013,4,22,46,0,14,6,ESPOLA RD,,0,33.00539722,-117.0240417,0,42,0,0,1,1,0,4,3,1,0,1,0,0000000,99,99,99,99,88,88,0,0,0,1,0
6,62437,3,3,0,0,0,3,3,37,2749,31,5,2013,6,12,47,0,13,6,BEVERLY BLVD,,0,34.00488611,-118.0645306,0,12,8,0,1,1,0,1,1,1,0,1,1,0000000,99,99,99,99,99,99,0,0,0,1,0
6,62438,2,2,0,0,0,2,2,67,1108,16,8,2013,6,7,55,0,13,6,LAGUNA BL,,0,38.42190833,-121.40415,0,12,6,0,8,1,0,1,1,1,0,1,0,0000000,99,99,99,99,88,88,0,0,0,1,0
6,62439,1,1,0,2,2,2,2,81,490,16,4,2013,3,17,51,0,14,6,HILLSIDE DR,EL CAMINO REAL,0,37.58747778,-122.3719194,0,8,0,0,3,3,0,1,1,1,0,1,0,0000000,99,99,99,99,99,99,0,0,0,1,0
6,62440,1,1,0,1,1,1,1,37,1980,6,1,2013,1,14,50,0,13,6,7TH ST,,0,34.03800278,-118.2429444,0,8,0,0,1,1,0,1,1,1,0,1,0,0000000,99,99,99,99,99,99,0,0,0,1,0
6,62441,1,1,0,0,0,1,1,77,3770,16,6,2013,1,7,35,0,13,6,MARCH LANE,,0,38.00051389,-121.2975917,0,33,0,0,1,1,0,3,1,1,0,1,0,0000000,99,99,99,99,99,99,0,0,0,1,1
6,62442,7,7,0,0,0,10,10,61,3110,30,4,2013,3,15,41,0,13,6,PLEASANT GROVE BL,ROSEVILLE PKWY,0,38.77771944,-121.2884278,0,12,1,0,3,2,0,1,1,1,0,1,0,0000000,99,99,15,46,16,7,0,0,0,1,0
6,62443,1,1,0,1,1,1,1,37,602,19,6,2013,4,17,2,0,13,6,AVALON BLVD,GARDENA BLVD,0,33.88234722,-118.264675,0,9,0,0,3,2,0,1,1,1,0,1,0,0000000,99,99,99,99,88,88,0,0,0,1,0
6,62444,1,1,0,0,0,1,1,29,240,20,7,2013,7,16,0,0,14,6,34TH ST,,0,35.39047778,-119.0060167,0,33,0,0,1,1,0,3,1,1,0,1,0,0000000,99,99,99,99,99,99,0,0,0,1,1
6,62445,1,1,0,1,1,1,1,77,3770,11,1,2013,6,13,37,0,13,6,HAMMER LN,,0,38.02100556,-121.2987389,0,9,0,0,1,1,0,1,1,1,0,1,0,0000000,99,99,99,99,99,99,0,0,0,1,0