STATE,ST_CASE,VE_TOTAL,VE_FORMS,PVH_INVL,PEDS,PERNOTMVIT,PERMVIT,PERSONS,COUNTY,CITY,DAY,MONTH,YEAR,DAY_WEEK,HOUR,MINUTE,NHS,ROAD_FNC,ROUTE,TWAY_ID,TWAY_ID2,MILEPT,LATITUDE,LONGITUD,SP_JUR,HARM_EV,MAN_COLL,RELJCT1,RELJCT2,TYP_INT,WRK_ZONE,REL_ROAD,LGT_COND,WEATHER1,WEATHER2,WEATHER,SCH_BUS,RAIL,NOT_HOUR,NOT_MIN,ARR_HOUR,ARR_MIN,HOSP_HR,HOSP_MN,CF1,CF2,CF3,FATALS,DRUNK_DR
6,62446,1,1,0,0,0,1,1,17,0,3,5,2013,6,2,15,0,3,4,CR-GREEN VALLEY RD,,0,38.70294167,-121.0307139,0,38,0,0,1,1,0,4,2,1,0,1,0,0000000,99,99,99,99,99,99,0,0,0,1,1
6,62447,1,1,0,1,1,2,2,59,2800,11,1,2013,6,20,49,0,13,6,ROSE DR,,0,33.87303333,-117.8429833,0,15,0,0,1,1,0,1,3,1,0,1,0,0000000,99,99,99,99,99,99,0,0,0,1,1
6,62448,1,1,0,1,1,1,1,77,3770,3,1,2013,5,19,21,0,13,6,MARTIN LUTHER KING BL,,0,37.94281389,-121.26415,0,8,0,0,1,1,0,1,3,1,0,1,0,0000000,99,99,99,99,99,99,0,0,0,1,0
6,62449,2,2,0,0,0,2,2,65,9997,16,1,2013,4,10,24,0,13,6,LIMONITE AVE,PERALTA PL,0,33.98151389,-117.4395361,0,12,6,0,2,2,0,1,1,1,0,1,0,0000000,99,99,99,99,99,99,0,0,0,1,0
6,62450,1,1,0,1,1,1,1,65,1846,4,1,2013,6,11,45,0,14,6,FRED WARING DR,,0,33.729125,-116.2763694,0,8,0,0,1,1,0,1,1,1,0,1,0,0000000,99,99,99,99,99,99,0,0,0,1,0
6,62451,1,1,0,0,0,1,1,37,602,15,5,2013,4,3,45,0,14,6,WILMINGTON AVE,,0,33.8574,-118.234875,0,33,0,0,1,1,0,4,3,10,0,10,0,0000000,99,99,99,99,88,88,0,0,0,1,0
6,62452,2,2,0,0,0,2,2,89,2950,21,1,2013,2,16,47,0,14,6,CHURN CREEK RD,MARAGLIA ST,0,40.567425,-122.3530889,0,12,6,0,2,2,0,1,3,1,0,1,0,0000000,99,99,99,99,99,99,0,0,0,1,0
6,62453,1,1,0,1,1,1,1,73,2510,17,1,2013,5,3,44,0,12,3,SR-76,,67,33.24542222,-117.2826111,0,8,0,0,1,1,0,1,3,1,0,1,0,0000000,99,99,99,99,99,99,0,0,0,1,0
6,62454,1,1,0,0,0,1,1,71,3210,1,7,2013,2,12,2,0,14,6,KENDALL DR TURN OUT,,0,34.15873889,-117.2924194,0,43,0,0,1,1,0,5,1,1,0,1,0,0000000,99,99,99,99,99,99,0,0,0,1,0
6,62455,1,1,0,1,1,3,3,59,470,30,5,2013,5,22,10,0,14,6,ORANGETHORPE AVE,STANTON AVE,0,33.85898889,-117.9935778,0,8,0,0,3,2,0,1,3,1,0,1,0,0000000,99,99,99,99,88,88,0,0,0,1,0
6,62456,1,1,0,1,1,1,1,83,1950,6,2,2013,4,6,12,0,16,6,COLLEGE AVE,I ST,0,34.64703333,-120.4590944,0,8,0,0,3,2,0,1,3,10,0,10,0,0000000,99,99,99,99,88,88,0,0,0,1,0
6,62457,1,1,0,0,0,1,1,37,4120,20,7,2013,7,3,58,0,15,6,W GARVEY AVE,,0,34.07124722,-117.9476167,0,42,0,0,1,1,0,5,3,1,0,1,0,0000000,88,88,88,88,88,88,0,0,0,1,1
6,62458,1,1,0,1,1,1,1,37,3690,21,7,2013,1,3,11,0,13,6,GARFIELD AVE,FIRESTONE BLVD,0,33.94919444,-118.1650167,0,8,0,1,3,2,0,1,3,1,0,1,0,0000000,99,99,99,99,88,88,0,0,0,1,1
6,62459,1,1,0,0,0,1,1,71,3210,9,6,2013,1,18,16,0,16,6,E WIER  RD,,0,34.05416111,-117.2732333,0,1,0,0,1,1,0,1,1,1,0,1,0,0000000,99,99,99,99,99,99,0,0,0,1,0
6,62460,1,1,0,0,0,1,1,71,4290,25,2,2013,2,16,4,0,14,6,OAK GLEN RD,,0,34.03419722,-117.0729278,0,33,0,0,1,1,0,4,1,1,0,1,0,0000000,99,99,99,99,99,99,0,0,0,1,0
6,62461,2,2,0,1,1,2,2,77,3770,5,3,2013,3,22,11,0,13,6,HAMMER LN,,0,38.02086111,-121.2976639,0,8,0,0,1,1,0,1,3,10,0,10,0,0000000,99,99,99,99,88,88,0,0,0,1,0
6,62462,2,1,1,0,0,1,1,1,3993,11,6,2013,3,11,5,0,16,6,HORNER ST,,0,37.59503056,-122.0793167,0,33,0,0,1,1,0,4,1,1,0,1,0,0000000,99,99,99,99,88,88,0,0,0,1,0
6,62463,2,2,0,0,0,2,2,13,1779,21,4,2013,1,13,21,0,13,6,DEER HILL RD,N THOMPSON RD,0,37.89457222,-122.1245139,0,12,6,0,2,2,0,1,1,1,0,1,0,0000000,99,99,99,99,99,99,0,0,0,1,0
6,62464,3,3,0,0,0,4,4,71,4040,8,3,2013,6,11,48,0,14,6,HESPERIA ROAD,CHALON ROAD,0,34.50486389,-117.2951972,0,12,11,0,2,2,0,1,1,2,10,2,0,0000000,99,99,99,99,99,99,0,0,0,1,0
6,62465,1,1,0,1,1,1,1,77,3770,10,2,2013,1,19,1,0,13,6,THORNTON RD,,0,38.03534722,-121.3389,0,9,0,0,1,1,0,1,3,1,0,1,0,0000000,99,99,99,99,99,99,0,0,0,1,0
6,62466,2,2,0,0,0,2,2,71,2550,24,8,2013,7,9,40,0,13,3,SR-83,SR-60,72,34.03098611,-117.6510167,0,12,6,1,2,2,0,1,1,1,0,1,0,0000000,99,99,99,99,99,99,0,0,0,1,0
6,62467,1,1,0,1,1,3,3,65,410,15,3,2013,6,18,22,0,15,6,W HOBSON WY,,0,33.61000556,-114.6295,0,9,0,0,1,1,0,1,5,1,0,1,0,0000000,99,99,99,99,88,88,0,0,0,1,0
6,62468,1,1,0,1,1,3,3,111,2620,12,3,2013,3,21,25,0,13,6,CHANNEL ISLANDS BLVD,,0,34.17340278,-119.1689306,0,8,0,0,1,1,0,1,2,5,0,5,0,0000000,99,99,99,99,99,99,0,0,0,1,0
6,62469,2,2,0,0,0,2,2,19,1370,14,2,2013,5,0,34,0,13,6,W HERNDON AVE,,0,36.83719167,-119.8823,0,12,2,0,1,1,0,1,2,1,0,1,0,0000000,99,99,99,99,99,99,0,0,0,1,0
6,62470,1,1,0,1,1,1,1,19,1370,29,3,2013,6,22,44,0,13,6,E KINGS CANYON ROAD,S CHESTNUT AVENUE,0,36.73586667,-119.7364694,0,9,0,0,2,2,0,1,3,1,0,1,0,0000000,99,99,99,99,99,99,0,0,0,1,0
6,62471,2,2,0,0,0,2,2,77,3770,2,5,2013,5,10,51,0,13,6,PERSHING AVE,,0,37.97857222,-121.3186333,0,12,2,0,1,1,0,1,1,1,0,1,0,0000000,99,99,99,99,99,99,0,0,0,1,0
6,62472,1,1,0,1,1,1,1,83,3430,30,3,2013,7,21,41,0,14,6,MAHONEY ROAD,,0,34.907325,-120.4903194,0,8,0,0,1,1,0,2,2,10,0,10,0,0000000,99,99,99,99,88,88,0,0,0,1,0
6,62473,1,1,0,1,1,1,1,83,3460,29,6,2013,7,21,36,0,14,6,MILLER ST,NEWLOVE DR,0,34.92977778,-120.4317667,0,8,0,1,3,2,0,1,3,1,0,1,0,0000000,99,99,99,99,99,99,0,0,0,1,0
6,62474,2,2,0,0,0,4,4,85,3340,1,4,2013,2,23,39,0,13,6,ABORN ROAD,NIEMAN BLVD,0,37.31245,-121.801925,0,33,0,0,3,2,0,4,3,1,0,1,0,0000000,99,99,99,99,99,99,0,0,0,1,1
6,62475,1,1,0,1,1,1,1,77,3770,2,4,2013,3,9,46,0,13,6,ARCH ROAD,S SR-99 E FRONTAGE ROAD,0,37.90518889,-121.2206611,0,9,0,0,2,2,0,1,1,1,0,1,0,0000000,99,99,99,99,99,99,0,0,0,1,0
6,62476,3,3,0,0,0,3,3,65,3070,6,5,2013,2,14,52,0,14,6,RANCHO CALIFORNIA RD,TOWN CENTER,0,33.50459444,-117.146125,0,12,6,0,2,3,0,1,1,10,0,10,0,0000000,99,99,99,99,99,99,0,0,0,1,0
6,62477,2,2,0,0,0,3,3,33,1800,3,4,2013,4,5,55,0,12,3,SR-20,,58,39.17528056,-123.0142694,0,1,0,0,1,1,0,1,2,1,0,1,0,0000000,99,99,99,99,99,99,0,0,0,1,0
6,62478,2,2,0,0,0,3,3,39,0,7,3,2013,5,10,37,0,2,3,SR-49,,84,37.38411944,-119.7344917,0,12,2,0,1,1,0,1,1,2,10,2,0,0000000,99,99,99,99,99,99,0,0,0,1,0
6,62479,5,5,0,0,0,8,8,83,3460,18,6,2013,3,19,26,0,13,6,BROADWAY,MCCOY LANE,0,34.91666389,-120.4360861,0,12,6,0,2,2,0,1,1,1,0,1,0,0000000,99,99,99,99,99,99,14,0,0,1,0
6,62480,1,1,0,0,0,3,3,79,0,11,4,2013,5,23,30,1,2,2,US-101,,365,35.38558056,-120.6288611,0,24,0,0,1,1,0,5,2,1,0,1,0,0000000,99,99,99,99,99,99,0,0,0,1,0
6,62481,2,2,0,0,0,2,2,37,0,25,8,2013,1,2,35,1,12,3,SR-60,,123,34.02983056,-118.0174111,0,12,1,0,1,1,0,1,2,1,0,1,0,0000000,99,99,99,99,99,99,0,0,0,1,1
6,62482,1,1,0,0,0,1,1,53,3180,1,4,2013,2,12,52,0,13,6,E LAUREL DR,,0,36.68884444,-121.6255722,0,33,0,0,1,1,0,5,1,1,0,1,0,0000000,99,99,99,99,99,99,0,0,0,1,0
6,62483,1,1,0,0,0,3,3,13,975,26,8,2013,2,20,47,0,15,6,EL CAPITAN DRIVE,,0,37.78797222,-121.9677194,0,38,0,0,1,1,0,4,3,1,0,1,0,0000000,99,99,99,99,99,99,0,0,0,1,0
6,62484,1,1,0,0,0,1,1,37,0,28,8,2013,4,6,40,1,2,3,SR-138,,486,34.776675,-118.2387972,0,58,0,0,1,1,0,2,4,1,0,1,0,0000000,99,99,99,99,99,99,0,0,0,1,0
6,62485,1,1,0,0,0,1,1,29,240,1,9,2013,1,22,26,0,13,6,COFFEE ROAD,,0,35.37144167,-119.0922111,0,33,0,0,1,1,0,4,2,1,0,1,0,0000000,99,99,99,99,88,88,0,0,0,1,1
6,62486,1,1,0,1,1,1,1,73,3499,2,5,2013,5,5,21,0,14,6,MAST BLVD,VOMAK RD,0,32.85288333,-116.9945167,0,9,0,0,2,3,0,1,3,1,0,1,0,0000000,99,99,99,99,99,99,0,0,0,1,0
6,62487,1,1,0,0,0,4,4,77,3770,21,5,2013,3,0,24,1,13,6,PERSHING AVE,,0,37.97754167,-121.3183917,0,33,0,0,1,1,0,5,3,1,0,1,0,0000000,99,99,99,99,99,99,0,0,0,1,1
6,62488,2,2,0,0,0,2,2,67,3150,30,1,2013,4,19,13,0,13,6,ARDEN WAY,,0,38.59949167,-121.42665,0,12,6,0,8,1,0,1,3,1,0,1,0,0000000,99,99,99,99,99,99,0,0,0,1,0
6,62489,2,2,0,0,0,2,2,65,2646,18,3,2013,2,13,28,0,13,6,HWY 74,,0,33.71189167,-116.3936556,0,12,6,0,1,1,0,1,1,1,0,1,0,0000000,99,99,99,99,99,99,0,0,0,1,0
6,62490,2,2,0,1,1,2,2,19,1370,15,2,2013,6,21,52,0,13,6,CEDAR AVE,,0,36.78186389,-119.7544389,0,8,0,0,1,1,0,1,3,1,0,1,0,0000000,99,99,99,99,99,99,0,0,0,1,0
6,62491,1,1,0,1,1,1,1,19,1370,29,3,2013,6,16,22,0,14,6,JENSEN AVE,IVY AVE,0,36.70676111,-119.792575,0,9,0,0,3,3,0,1,1,1,0,1,0,0000000,99,99,99,99,99,99,0,0,0,1,0
6,62492,1,1,0,1,1,2,2,65,3851,16,6,2013,1,21,17,0,14,6,RANCHO CALIFORNIA RD,,0,33.50751111,-117.1396639,0,8,0,0,1,1,0,1,2,1,0,1,0,0000000,99,99,99,99,99,99,0,0,0,1,0
6,62493,2,1,1,0,0,1,1,37,1970,7,3,2013,5,1,15,0,14,6,PALO VERDE AVE,,0,33.79059722,-118.1079389,0,14,0,0,1,1,0,7,3,99,0,99,0,0000000,99,99,99,99,88,88,0,0,0,1,1
6,62494,1,1,0,1,1,2,2,17,3697,22,2,2013,6,18,45,0,13,6,LAKE TAHOE BLVD,,0,38.92769444,-119.9827056,0,8,0,0,1,1,0,1,2,1,0,1,0,0000000,99,99,99,99,99,99,0,0,0,1,1
6,62495,2,2,0,0,0,2,2,57,0,30,6,2013,1,16,15,0,2,3,SR-49,SHARONJACK RD,222,39.03053889,-121.0975639,0,1,0,0,1,1,0,1,1,1,0,1,0,0000000,99,99,99,99,88,88,0,0,0,1,0
6,62496,1,1,0,1,1,1,1,37,1970,9,4,2013,3,10,0,0,13,6,REDONDO AVE,11TH ST,0,33.78076667,-118.152425,0,8,0,0,3,2,0,1,1,1,0,1,0,0000000,99,99,99,99,99,99,0,0,0,1,0
6,62497,1,1,0,1,1,1,1,77,1940,6,3,2013,4,11,27,0,16,6,TREE CT,,0,38.10466667,-121.27475,0,8,0,0,1,1,0,1,1,1,0,1,0,0000000,99,99,99,99,99,99,4,0,0,1,0
6,62498,1,1,0,1,1,1,1,37,306,11,4,2013,5,5,52,0,13,6,EASTERN AVE,MARKETPLACE,0,33.96985556,-118.1645694,0,8,0,0,3,2,0,1,3,1,0,1,0,0000000,99,99,6,0,99,99,0,0,0,1,0
6,62499,2,2,0,0,0,2,2,37,3870,18,2,2013,2,11,32,0,13,6,SEPULVEDA BLVD,,0,33.82329167,-118.3356278,0,12,6,0,8,1,0,1,1,10,0,10,0,0000000,99,99,99,99,99,99,0,0,0,1,0
6,62500,2,2,0,0,0,2,2,65,3070,22,4,2013,2,17,47,0,15,6,CREST AVE,ENCANTO WY,0,33.95346667,-117.4738222,0,1,0,0,2,3,0,1,1,1,0,1,0,0000000,99,99,99,99,99,99,0,0,0,1,1
6,62501,2,2,0,0,0,2,2,37,1980,3,4,2013,4,13,30,0,13,6,BEVERLY BLVD,IRVING BLVD,0,34.07622222,-118.3184722,0,12,6,0,2,3,0,1,1,1,0,1,0,0000000,99,99,99,99,99,99,0,0,0,1,1
6,62502,2,2,0,0,0,4,4,115,0,27,6,2013,5,15,50,1,2,3,SR-70,,198,39.19255,-121.5948889,0,12,2,0,1,1,0,1,1,1,0,1,0,0000000,99,99,99,99,99,99,0,0,0,2,0
6,62504,2,2,0,1,1,2,2,37,639,2,7,2013,3,21,1,1,12,3,SR-91,,181,33.87638611,-118.0878694,0,12,6,0,1,1,0,1,3,1,0,1,0,0000000,99,99,99,99,99,99,15,19,23,1,0
6,62505,1,1,0,1,1,1,1,23,1220,29,6,2013,7,10,8,1,12,2,US-101,K STREET,868,40.80355,-124.1607361,0,15,0,0,3,2,0,1,1,1,0,1,0,0000000,99,99,99,99,99,99,0,0,0,1,0
6,62506,1,1,0,1,1,1,1,29,240,18,7,2013,5,16,17,0,13,6,CHESTER LANE,OAK STREET,0,35.36491389,-119.0388194,0,8,0,0,3,2,0,1,1,1,0,1,0,0000000,99,99,99,99,88,88,0,0,0,1,0
6,62507,4,1,3,0,0,2,2,59,80,22,7,2013,2,1,31,0,15,6,WEST ST,,0,33.83201944,-117.9268889,0,14,0,0,1,1,0,4,3,10,2,2,0,0000000,99,99,99,99,99,99,14,0,0,1,1
6,62508,2,2,0,0,0,3,3,59,1780,2,4,2013,3,6,41,1,12,3,SR-133,,34,33.58461944,-117.7615056,0,12,2,0,1,1,0,1,1,1,0,1,0,0000000,99,99,99,99,99,99,0,0,0,2,0
6,62509,1,1,0,1,1,1,1,77,3770,18,7,2013,5,18,14,0,16,6,PILGRIM STREET,,0,37.94895833,-121.2738111,0,8,0,0,1,1,0,1,1,1,0,1,0,0000000,99,99,99,99,99,99,0,0,0,1,0
6,62510,1,1,0,1,1,3,3,37,4190,4,7,2013,5,21,29,1,11,1,I-605,,140,33.99834722,-118.0679972,0,8,0,0,1,1,0,1,3,1,0,1,0,0000000,99,99,99,99,99,99,0,0,0,1,0
6,62511,1,1,0,1,1,1,1,65,3070,13,7,2013,7,2,29,0,15,6,CREST AVE,,0,33.94133889,-117.4726278,0,8,0,0,1,1,0,4,3,1,0,1,0,0000000,99,99,99,99,88,88,0,0,0,1,1
6,62512,1,1,0,1,1,1,1,71,2550,25,7,2013,5,5,23,0,15,6,STATE STREET,CYPRESS AVE,0,34.05992222,-117.6632167,0,9,0,0,2,3,0,1,2,1,0,1,0,0000000,99,99,99,99,88,88,0,0,0,1,0
6,62513,2,2,0,1,1,3,3,65,4197,27,7,2013,7,21,0,0,14,6,MISSION TRAIL ROAD,,0,33.63880556,-117.2909194,0,12,6,0,8,1,0,1,2,1,0,1,0,0000000,99,99,99,99,99,99,15,0,0,1,2
6,62514,1,1,0,1,1,1,1,59,960,30,3,2013,7,19,52,0,14,6,WALKER ST,,0,33.81957778,-118.0367972,0,8,0,0,1,1,0,1,3,1,0,1,0,0000000,99,99,99,99,99,99,0,0,0,1,0
6,62515,1,1,0,1,1,1,1,37,1980,27,7,2013,7,21,15,0,13,6,BEVERLY BLVD,N BERENDO ST,0,34.07629167,-118.2944222,0,8,0,0,2,3,0,1,3,1,0,1,0,0000000,99,99,99,99,99,99,0,0,0,1,0
6,62516,1,1,0,1,1,1,1,99,0,26,7,2013,6,4,5,0,15,4,CR-BALDWIN RD,,0,37.50506944,-121.159,0,8,0,0,1,1,0,1,2,1,0,1,0,0000000,99,99,99,99,88,88,0,0,0,1,0
6,62517,1,1,0,0,0,1,1,67,0,21,7,2013,1,23,0,0,16,4,CR-GRAND ISLAND RD,,0,38.2185,-121.6022944,0,35,0,0,1,1,0,4,2,1,0,1,0,0000000,99,99,99,99,99,99,0,0,0,1,1
6,62518,1,1,0,0,0,3,3,97,3089,28,7,2013,1,22,25,0,14,6,SOUTHWEST BLVD,,0,38.335975,-122.7108306,0,33,0,0,1,1,0,4,3,1,0,1,0,0000000,99,99,99,99,99,99,0,0,0,1,0
6,62519,1,1,0,1,1,1,1,37,0,5,8,2013,2,12,19,0,4,4,CR-OTTERBEIN AVENUE,COLIMA ROAD,0,33.98727222,-117.8848944,0,8,0,0,2,2,0,1,1,1,0,1,0,0000000,99,99,99,99,99,99,0,0,0,1,0
6,62520,1,1,0,0,0,1,1,71,1603,17,6,2013,2,19,28,0,14,6,PEACH AVE,,0,34.40785556,-117.2608583,0,42,0,0,1,1,0,4,3,1,0,1,0,0000000,99,99,99,99,88,88,0,0,0,1,1
6,62521,1,1,0,0,0,1,1,37,3870,26,4,2013,6,2,16,0,14,6,CARSON ST,PLAZA DEL AMO,0,33.83134167,-118.324525,0,33,0,0,3,3,0,4,3,1,0,1,0,0000000,99,99,99,99,88,88,0,0,0,1,1
6,62522,2,2,0,0,0,2,2,23,0,27,7,2013,7,17,26,1,12,2,US-101,,595,40.57175,-124.1489028,0,12,7,0,1,1,0,1,1,1,0,1,0,0000000,99,99,99,99,99,99,0,0,0,1,1
6,62523,3,3,0,0,0,4,4,59,1782,1,8,2013,5,10,45,0,14,6,PASEO DE VALENCIA,LA PAZ ROAD,0,33.59230833,-117.683975,0,12,1,0,3,2,0,1,1,1,0,1,0,0000000,99,99,99,99,99,99,0,0,0,1,0
6,62524,1,1,0,0,0,3,3,37,1440,27,7,2013,7,17,57,1,11,1,I-210,,432,34.11772222,-117.8546389,0,25,0,0,1,1,0,3,1,1,0,1,0,0000000,99,99,99,99,99,99,0,0,0,1,0
6,62525,3,3,0,1,1,1,1,113,0,28,7,2013,1,3,5,0,2,3,SR-16,,322,38.68244444,-121.9719917,0,12,1,0,1,1,0,1,3,1,0,1,0,0000000,99,99,99,99,99,99,14,15,0,1,0
6,62526,2,2,0,0,0,5,5,1,2480,1,8,2013,5,22,51,0,13,6,ADELINE STREET,,0,37.79988889,-122.2897417,0,33,0,0,1,1,0,4,3,1,0,1,0,0000000,99,99,99,99,88,88,14,0,0,1,0
6,62527,2,2,0,0,0,2,2,37,1550,4,8,2013,1,2,43,0,13,6,HAWTHORNE BLVD,134TH ST,0,33.91082778,-118.3523972,0,12,6,0,2,2,0,1,3,10,0,10,0,0000000,99,99,99,99,88,88,0,0,0,1,1
6,62528,2,2,0,0,0,2,2,71,3970,30,4,2013,3,19,31,0,13,3,SR-62,ENCELIA AVE,307,34.13537222,-116.0982028,0,12,6,0,2,2,0,1,5,1,0,1,0,0000000,99,99,99,99,99,99,0,0,0,1,0
6,62529,1,1,0,0,0,3,3,37,602,18,8,2013,1,5,20,1,13,6,AVALON BLVD,JIM DEER BLVD,0,33.83857778,-118.2637833,0,33,0,1,3,3,0,4,3,1,0,1,0,0000000,99,99,99,99,99,99,0,0,0,1,1
6,62530,2,2,0,0,0,3,3,77,3770,3,8,2013,7,23,16,0,13,6,AIRPORT WAY,MARTIN LUTHER KING BLVD,0,37.94158611,-121.2703833,0,12,6,0,2,2,0,1,3,1,0,1,0,0000000,99,99,99,99,99,99,0,0,0,1,1
6,62531,1,1,0,0,0,1,1,37,3870,18,8,2013,1,12,5,0,16,6,CARSON ST,MADRONA AVE,0,33.83136111,-118.3446194,0,39,0,0,3,2,0,5,1,1,0,1,0,0000000,99,99,99,99,99,99,0,0,0,1,0
6,62532,1,1,0,0,0,4,4,77,3770,19,8,2013,2,1,14,0,13,6,MARCH LANE,,0,37.98966667,-121.31955,0,42,0,0,1,1,0,4,3,1,0,1,0,0000000,99,99,99,99,99,99,0,0,0,2,1
6,62533,6,6,0,0,0,15,15,37,2870,19,8,2013,2,20,8,1,11,1,I-10,,464,34.07761944,-117.7427361,0,12,1,1,18,1,0,1,3,1,0,1,0,0000000,99,99,99,99,99,99,99,99,99,1,0
6,62534,2,2,0,0,0,2,2,71,2922,20,5,2013,2,20,22,0,14,6,VINEYARD AVE,HEMLOCK ST,0,34.10966944,-117.6114417,0,12,6,0,2,3,0,1,3,1,0,1,0,0000000,99,99,99,99,99,99,0,0,0,1,0
6,62535,2,2,0,0,0,2,2,37,0,11,8,2013,1,20,55,0,4,4,CR-THE OLD ROAD,SAGECREST CIRCLE,0,34.37788611,-118.5678139,0,12,6,0,2,3,0,1,3,1,0,1,0,0000000,99,99,99,99,99,99,0,0,0,1,1
6,62536,2,2,0,0,0,2,2,37,0,20,8,2013,3,6,34,0,13,4,CR-TELEGRAPH RD,GUNN AVE,0,33.9389,-118.0444806,0,12,6,0,2,3,0,1,4,1,0,1,0,0000000,99,99,6,37,99,99,0,0,0,1,0
6,62537,1,1,0,0,0,1,1,73,0,20,8,2013,3,21,0,0,2,3,SR-76,,412,33.27558889,-116.8609889,3,35,0,0,1,1,0,4,2,1,0,1,0,0000000,99,99,99,99,88,88,0,0,0,1,0
6,62538,1,1,0,0,0,2,2,37,2240,21,8,2013,4,2,36,1,12,3,SR-60,,59,34.03329167,-118.1249111,0,25,0,0,1,1,0,3,3,1,0,1,0,0000000,99,99,99,99,99,99,0,0,0,1,0
6,62539,1,1,0,0,0,1,1,37,1970,2,6,2013,1,18,49,0,13,6,DEL AMO BL,,0,33.84634167,-118.1889111,0,33,0,0,1,1,0,4,1,1,0,1,0,0000000,99,99,99,99,88,88,0,0,0,1,0
6,62540,1,1,0,1,1,1,1,71,3210,31,8,2013,7,20,11,0,14,9,CAJON BLVD,,0,34.21523889,-117.3956111,0,9,0,0,1,1,0,1,3,1,0,1,0,0000000,99,99,99,99,88,88,0,0,0,1,0
6,62541,5,2,3,0,0,3,3,1,3360,28,7,2013,1,2,31,0,14,6,WASHINGTON AVE,,0,37.69816667,-122.1392306,0,12,2,0,1,1,0,1,3,1,0,1,0,0000000,99,99,99,99,99,99,0,0,0,1,2
6,62542,2,2,0,0,0,4,4,67,2934,25,8,2013,1,15,47,0,13,6,SUNRISE BLVD,DOUGLAS RD,0,38.55933611,-121.2431111,0,12,6,0,2,2,0,1,1,1,0,1,0,0000000,99,99,99,99,99,99,0,0,0,1,0
6,62543,2,2,0,0,0,2,2,67,1300,14,8,2013,4,14,52,0,13,6,EDISON BLVD,,0,38.64380278,-121.19155,0,12,7,0,1,1,0,1,1,1,0,1,0,0000000,99,99,99,99,99,99,0,0,0,1,0
6,62544,1,1,0,0,0,2,2,71,4290,4,6,2013,3,17,12,0,15,6,OAK GLEN RD,,0,34.01062222,-116.966225,0,32,0,0,1,1,0,4,1,1,0,1,0,0000000,99,99,99,99,99,99,0,0,0,1,0
6,62545,2,1,1,0,0,4,4,111,0,9,9,2013,2,23,20,0,4,4,CR-POTRERO RD,,0,34.15328889,-118.9136389,0,26,0,0,1,1,0,4,2,1,0,1,0,0000000,99,99,99,99,99,99,0,0,0,2,1
6,62546,2,1,1,0,0,3,3,1,1560,18,8,2013,1,4,17,0,14,6,INDUSTRIAL PARKWAY,,0,37.61771111,-122.0837889,0,14,0,0,1,1,0,4,3,1,0,1,0,0000000,99,99,99,99,99,99,0,0,0,1,1
6,62547,2,2,0,0,0,2,2,29,240,11,9,2013,4,21,50,0,15,6,PLANZ RD,SOUTH H ST,0,35.32486667,-119.0213194,0,12,6,0,2,2,0,1,3,1,0,1,0,0000000,99,99,99,99,88,88,0,0,0,1,1
6,62548,1,1,0,1,1,1,1,7,2600,20,8,2013,3,15,13,0,15,6,ROBINSON ST,MYERS ST,0,39.5123,-121.5545278,0,8,0,0,2,2,0,1,1,10,0,10,0,0000000,99,99,99,99,99,99,0,0,0,1,0
6,62549,1,1,0,1,1,1,1,65,2278,12,9,2013,5,15,40,0,13,6,PERRIS BLVD,,0,33.87929722,-117.2261278,0,9,0,0,1,1,0,1,1,1,0,1,0,0000000,99,99,99,99,88,88,0,0,0,1,0
6,62550,1,1,0,0,0,3,3,71,1457,28,6,2013,6,0,17,0,13,6,BARTON RD,,0,34.03656111,-117.3045583,0,33,0,0,1,1,0,4,3,1,0,1,0,0000000,99,99,99,99,99,99,0,0,0,1,1
6,62551,2,2,0,0,0,2,2,95,3780,3,9,2013,3,5,0,1,13,3,SR-12,EMPEROR DRIVE,40,38.24337778,-122.005325,0,12,1,0,3,2,0,1,3,1,0,1,0,0000000,99,99,99,99,99,99,0,0,0,1,0
6,62552,1,1,0,1,1,2,2,37,1980,13,9,2013,6,16,50,0,13,6,AVALON BLVD,51ST ST,0,33.99658611,-118.2652444,0,8,0,0,3,2,0,1,1,1,0,1,0,0000000,99,99,99,99,99,99,0,0,0,1,0
6,62553,1,1,0,1,1,1,1,37,2684,18,9,2013,4,14,30,0,13,6,ROSECRANS AVE,,0,33.90381667,-118.1563056,0,9,0,0,1,1,0,1,1,1,0,1,0,0000000,99,99,99,99,99,99,0,0,0,1,0
6,62554,1,1,0,1,1,1,1,37,1980,10,8,2013,7,17,50,0,14,6,RESEDA BLVD,COLLINS ST,0,34.17490556,-118.5359889,0,9,0,0,2,3,0,1,1,1,0,1,0,0000000,99,99,99,99,99,99,0,0,0,1,0
6,62555,1,1,0,1,1,1,1,71,2550,18,9,2013,4,20,41,0,13,6,GROVE AVE,D ST,0,34.06701389,-117.6285333,0,8,0,0,3,2,0,1,3,1,0,1,0,0000000,99,99,99,99,99,99,0,0,0,1,0
6,62556,2,2,0,0,0,2,2,37,0,19,9,2013,5,9,25,1,1,1,I-10 E,,200,34.0561,-118.183,0,12,1,0,1,1,0,1,1,1,0,1,0,0000000,99,99,99,99,99,99,0,0,0,1,0
6,62557,1,1,0,1,1,1,1,111,2620,20,9,2013,6,22,50,0,14,6,HEMLOCK ST,CAPSTAN DR,0,34.18129722,-119.2159139,0,8,0,0,2,3,0,1,3,1,0,1,0,0000000,99,99,99,99,99,99,0,0,0,1,0