STATE,ST_CASE,VE_TOTAL,VE_FORMS,PVH_INVL,PEDS,PERNOTMVIT,PERMVIT,PERSONS,COUNTY,CITY,DAY,MONTH,YEAR,DAY_WEEK,HOUR,MINUTE,NHS,ROAD_FNC,ROUTE,TWAY_ID,TWAY_ID2,MILEPT,LATITUDE,LONGITUD,SP_JUR,HARM_EV,MAN_COLL,RELJCT1,RELJCT2,TYP_INT,WRK_ZONE,REL_ROAD,LGT_COND,WEATHER1,WEATHER2,WEATHER,SCH_BUS,RAIL,NOT_HOUR,NOT_MIN,ARR_HOUR,ARR_MIN,HOSP_HR,HOSP_MN,CF1,CF2,CF3,FATALS,DRUNK_DR
6,62558,1,1,0,1,1,1,1,37,1980,25,9,2013,4,20,55,0,13,6,WOODMAN AVE,CHASE ST,0,34.22805833,-118.4342944,0,8,0,0,3,2,0,1,3,1,0,1,0,0000000,99,99,99,99,99,99,0,0,0,1,0
6,62559,1,1,0,0,0,1,1,65,2935,28,9,2013,7,9,0,0,14,6,BOB HOPE DR,DINAH SHORE DR,0,33.80181389,-116.4058472,0,33,0,0,3,2,0,4,1,98,0,98,0,0000000,99,99,99,99,99,99,0,0,0,1,1
6,62560,1,1,0,1,1,1,1,37,306,28,9,2013,7,12,33,0,16,6,LUBEC ST,COLMAR AVE,0,33.97084167,-118.1575361,0,8,0,0,3,2,0,1,1,1,0,1,0,0000000,99,99,99,99,99,99,0,0,0,1,0
6,62561,3,1,2,0,0,2,2,65,3070,10,8,2013,7,20,34,0,16,6,BRUNSWICK ST,,0,33.93888056,-117.4427417,0,14,0,0,1,1,0,2,3,1,0,1,0,0000000,99,99,99,99,99,99,14,0,0,1,1
6,62562,2,2,0,0,0,2,2,111,2620,6,10,2013,1,1,1,0,13,6,SAVIERS ROAD,,0,34.16411111,-119.1777278,0,12,2,0,1,1,0,1,3,1,0,1,0,0000000,99,99,99,99,99,99,0,0,0,1,1
6,62563,1,1,0,0,0,3,3,113,4163,21,9,2013,7,1,30,0,13,6,JEFFERSON BLVD,STONE BLVD,0,38.56305,-121.5278222,0,33,0,0,3,3,0,4,3,1,0,1,0,0000000,99,99,99,99,99,99,0,0,0,1,1
6,62564,2,2,0,0,0,4,4,111,0,29,8,2013,5,17,30,0,3,4,CR-OLD TELEGRAPH RD,,8,34.40158889,-118.9474861,0,12,2,0,1,1,0,1,1,1,0,1,0,0000000,99,99,99,99,99,99,0,0,0,1,1
6,62565,2,2,0,0,0,2,2,37,305,5,9,2013,5,3,51,1,12,3,SR-91,,146,33.87723056,-118.141925,0,12,2,0,1,1,0,1,2,1,0,1,0,0000000,99,99,99,99,99,99,19,0,0,1,1
6,62566,2,2,0,0,0,3,3,71,2922,27,8,2013,3,11,6,0,14,6,6TH ST,,0,34.08467778,-117.5860333,0,1,0,0,1,1,0,1,1,1,0,1,0,0000000,99,99,99,99,99,99,14,0,0,1,0
6,62567,2,2,0,0,0,3,3,73,1080,21,9,2013,7,14,57,0,14,6,BROADWAY,THIRD,0,32.80767222,-116.9445667,0,12,6,0,2,2,0,1,1,1,0,1,0,0000000,99,99,99,99,99,99,0,0,0,1,1
6,62568,2,2,0,0,0,4,4,67,0,28,9,2013,7,16,50,0,3,4,CR-BRADSHAW RD,VINTAGE PARK DR,0,38.46381944,-121.3345806,0,12,6,0,2,2,0,1,1,1,0,1,0,0000000,99,99,99,99,99,99,0,0,0,2,0
6,62569,2,2,0,0,0,2,2,85,3340,6,9,2013,6,14,24,0,13,6,BLOSSOM HILL ROAD,,0,37.25505,-121.803275,0,12,6,0,8,1,0,1,1,1,0,1,0,0000000,99,99,99,99,88,88,0,0,0,1,1
6,62570,1,1,0,1,1,1,1,59,2560,28,9,2013,7,22,40,0,13,6,TUSTIN ST,,0,33.79873333,-117.8356778,0,8,0,0,1,1,0,1,3,1,0,1,0,0000000,99,99,99,99,88,88,0,0,0,1,0
6,62571,3,3,0,0,0,3,3,37,639,2,10,2013,4,8,50,1,11,1,I-605 N,,48,33.87048056,-118.1000694,0,12,7,0,1,1,0,1,1,10,0,10,0,0000000,99,99,99,99,99,99,0,0,0,1,0
6,62572,4,4,0,0,0,4,4,77,3770,7,10,2013,2,5,59,0,14,6,MARIPOSA RD,,0,37.92138889,-121.2003333,0,12,2,0,1,1,0,1,2,1,0,1,0,0000000,99,99,99,99,99,99,14,0,0,1,1
6,62573,1,1,0,2,2,1,1,37,1430,3,10,2013,5,20,3,0,14,6,CENTRAL AVE,CALIFORNIA AVE,0,34.14985833,-118.258075,0,8,0,0,3,2,0,1,3,1,0,1,0,0000000,99,99,99,99,99,99,0,0,0,1,0
6,62574,1,1,0,1,1,1,1,7,660,22,9,2013,1,22,54,0,13,6,NORD AVE,,0,39.72577778,-121.8511417,0,9,0,0,1,1,0,1,2,1,0,1,0,0000000,99,99,99,99,99,99,0,0,0,1,1
6,62575,1,1,0,1,1,2,2,77,3770,7,8,2013,4,9,14,0,13,6,HAMMER LN,,0,38.02083889,-121.3121194,0,8,0,0,1,1,0,1,1,1,0,1,0,0000000,99,99,99,99,99,99,0,0,0,1,0
6,62576,2,2,0,0,0,2,2,29,0,4,10,2013,6,13,55,0,14,4,CR-BRECKENRIDGE RD,PEPPER DR,0,35.3618,-118.8742306,0,12,2,0,2,3,0,1,1,1,0,1,0,0000000,99,99,99,99,99,99,0,0,0,1,0
6,62577,3,3,0,0,0,6,6,65,3851,5,10,2013,7,2,33,0,13,3,SR-79 TEMECULA PARKWAY,CR-16 PECHANGA PARKWAY,0,33.47567778,-117.1289806,0,12,2,0,2,3,0,1,3,1,0,1,0,0000000,99,99,99,99,99,99,0,0,0,1,1
6,62578,1,1,0,1,1,1,1,77,3770,23,9,2013,2,5,0,0,13,6,MARTIN LUTHER KING BLVD,,0,37.936975,-121.296825,0,9,0,1,18,1,0,1,3,1,0,1,0,0000000,99,99,99,99,99,99,0,0,0,1,0
6,62579,1,1,0,1,1,1,1,81,3390,5,10,2013,7,6,11,0,13,6,EL CAMINO REAL,25TH AVE N,0,37.54463889,-122.3057361,0,8,0,0,3,2,0,1,3,1,0,1,0,0000000,99,99,99,99,99,99,0,0,0,1,0
6,62580,1,1,0,0,0,2,2,113,0,10,10,2013,5,99,99,0,5,4,CR-89,,0,38.59051944,-121.9713694,0,35,0,0,1,1,0,4,1,1,0,1,0,0000000,99,99,99,99,99,99,0,0,0,1,1
6,62581,2,2,0,0,0,2,2,59,1713,11,10,2013,6,6,46,0,13,6,UNIVERSITY DR,,0,33.65829444,-117.8033361,0,12,6,0,8,1,0,1,1,1,0,1,0,0000000,99,99,99,99,99,99,0,0,0,1,0
6,62582,1,1,0,1,1,1,1,77,3770,24,9,2013,3,19,54,0,16,6,INDUSTRIAL DR,AIRPORT WY,0,37.91035833,-121.2608528,0,8,0,0,1,1,0,1,2,1,0,1,0,0000000,99,99,99,99,88,88,0,0,0,1,0
6,62583,1,1,0,0,0,2,2,83,3460,13,10,2013,1,14,39,0,14,6,BLOSSER RD,,0,34.94506111,-120.4537583,0,30,0,0,1,1,0,4,1,1,0,1,0,0000000,99,99,99,99,88,88,0,0,0,1,0
6,62584,2,2,0,0,0,3,3,59,880,20,7,2013,7,21,33,0,13,6,HARBOR BLVD,,0,33.6857,-117.9194694,0,12,6,0,8,1,0,1,3,10,0,10,0,0000000,99,99,99,99,99,99,0,0,0,1,0
6,62585,2,2,0,0,0,2,2,85,3790,23,10,2013,4,22,22,0,14,6,FAIR OAKS AVENUE,MAUDE AVE,0,37.38528333,-122.017225,0,12,6,0,2,2,0,1,3,1,0,1,0,0000000,99,99,99,99,99,99,0,0,0,1,0
6,62586,1,1,0,1,1,2,2,13,2790,11,8,2013,1,20,49,0,13,6,RAILROAD AVE,COBALIS LN,0,38.02208056,-121.8874833,0,8,0,0,2,2,0,1,2,1,0,1,0,0000000,99,99,99,99,88,88,0,0,0,1,1
6,62587,1,1,0,0,0,1,1,59,2400,5,3,2013,3,22,11,0,13,6,BRISTOL ST N,,0,33.67129722,-117.8876222,0,33,0,0,1,1,0,3,3,10,0,10,0,0000000,99,99,99,99,99,99,0,0,0,1,1
6,62588,1,1,0,0,0,1,1,65,3851,10,9,2013,3,8,54,0,15,6,MARGARITA RD,,0,33.48894444,-117.1094139,0,1,0,0,1,1,0,1,1,1,0,1,0,0000000,99,99,99,99,88,88,0,0,0,1,0
6,62589,6,5,1,0,0,13,13,77,1940,22,10,2013,3,17,21,0,14,6,HAM LANE,VINE STREET,0,38.12276111,-121.2882194,0,12,6,0,2,2,0,1,1,1,0,1,0,0000000,99,99,99,99,99,99,14,0,0,5,1
6,62590,1,1,0,1,1,1,1,37,120,16,10,2013,4,13,7,0,13,6,LIVE OAK AVE,MYRTUS AVE,0,34.10769722,-118.0273806,0,8,0,0,3,3,0,1,1,1,0,1,0,0000000,99,99,99,99,99,99,0,0,0,1,0
6,62591,2,2,0,0,0,3,3,37,1840,18,10,2013,6,20,30,0,5,6,AVENUE K,,0,34.67484444,-118.1546861,0,12,6,0,8,1,0,1,3,1,0,1,0,0000000,99,99,99,99,99,99,0,0,0,1,0
6,62592,1,1,0,1,1,1,1,37,1970,19,10,2013,7,19,10,0,14,6,BELLFLOWER BLVD,,0,33.82721944,-118.1252556,0,8,0,0,1,1,0,1,2,1,0,1,0,0000000,99,99,99,99,99,99,0,0,0,1,0
6,62593,2,1,1,0,0,1,1,65,290,4,5,2013,7,99,99,0,16,6,WESTERN KNOLL AVE,,0,33.93389722,-117.0141167,0,1,0,0,1,1,0,1,5,1,0,1,0,0000000,99,99,99,99,99,99,14,0,0,1,0
6,62594,2,1,1,0,0,1,1,59,3558,23,8,2013,6,21,50,0,13,3,SR-1 PACIFIC COAST HWY,,181,33.72484722,-118.078675,0,1,0,0,1,1,0,1,3,1,0,1,0,0000000,99,99,99,99,99,99,0,0,0,1,1
6,62595,1,1,0,1,1,1,1,67,1108,22,10,2013,3,2,9,0,15,6,E STOCKTON BL,,0,38.43995833,-121.4010889,0,8,0,0,1,1,0,1,2,1,0,1,0,0000000,99,99,99,99,88,88,0,0,0,1,0
6,62596,1,1,0,0,0,4,4,59,0,9,9,2013,2,1,30,0,2,4,CR-SANTIAGO CANYON RD,,0,33.74831111,-117.6737694,0,58,0,0,1,1,0,5,2,1,0,1,0,0000000,99,99,99,99,99,99,0,0,0,1,1
6,62597,2,2,0,0,0,2,2,53,0,10,8,2013,7,11,45,0,15,4,CR-CARMEL VALLEY RD,,0,36.53389167,-121.8490667,0,12,6,0,8,1,0,1,1,1,0,1,0,0000000,99,99,99,99,99,99,0,0,0,1,0
6,62598,1,1,0,1,1,1,1,81,3390,23,5,2013,5,8,15,0,14,6,ALAMEDA DE LAS PULGAS,PORTOLA DR,0,37.53939167,-122.3131861,0,8,0,0,3,3,0,1,1,1,0,1,0,0000000,99,99,99,99,99,99,0,0,0,1,0
6,62599,1,1,0,1,1,3,3,19,1370,25,9,2013,4,17,8,0,14,6,N FRUIT AVE,W WELDON AVE,0,36.76796111,-119.8176583,0,30,0,0,1,1,0,4,1,1,0,1,0,0000000,99,99,99,99,99,99,0,0,0,1,0
6,62600,2,2,0,0,0,2,2,99,0,25,10,2013,6,7,44,0,6,4,CR-FINNEY RD,NORTH AVE,0,37.67465,-121.08615,0,12,8,0,3,3,0,1,1,1,0,1,0,0000000,99,99,99,99,88,88,0,0,0,1,0
6,62601,1,1,0,0,0,1,1,19,1370,30,9,2013,2,23,35,0,16,6,E AIRWAYS BLVD,,0,36.77936667,-119.7085194,0,1,0,0,1,1,0,1,3,1,0,1,0,0000000,99,99,99,99,99,99,0,0,0,1,1
6,62602,1,1,0,1,1,1,1,19,1370,6,10,2013,1,99,99,0,14,6,W CLINTON AVE,,0,36.772025,-119.8416861,0,8,0,0,1,1,0,1,2,1,0,1,0,0000000,99,99,99,99,88,88,0,0,0,1,0
6,62603,1,1,0,0,0,1,1,41,0,11,10,2013,6,14,35,1,2,2,US-101,,143,38.01558889,-122.5416889,0,42,0,0,1,1,0,4,1,1,0,1,0,0000000,99,99,99,99,99,99,0,0,0,1,0
6,62604,1,1,0,1,1,1,1,37,1980,20,10,2013,1,18,40,0,13,6,HOLLYWOOD BLVD,ST ANDREWS PL,0,34.10173611,-118.3114,0,8,0,0,3,3,0,1,2,1,0,1,0,0000000,99,99,99,99,99,99,0,0,0,1,0
6,62605,1,1,0,1,1,1,1,19,1370,19,11,2013,3,18,23,0,13,6,E SHAW AVE,,0,36.80863056,-119.7466778,0,8,0,0,1,1,0,1,3,1,0,1,0,0000000,99,99,99,99,99,99,0,0,0,1,0
6,62606,1,1,0,1,1,1,1,71,2922,27,10,2013,1,18,31,0,14,6,GROVE AVE,,0,34.10652778,-117.6284833,0,8,0,0,1,1,0,1,3,1,0,1,0,0000000,99,99,99,99,99,99,0,0,0,1,0
6,62607,2,1,1,0,0,2,2,77,2070,10,11,2013,1,1,45,0,13,6,MAIN ST,,0,37.81638611,-121.2171806,0,14,0,0,1,1,0,7,3,1,0,1,0,0000000,99,99,99,99,99,99,0,0,0,1,0
6,62608,1,1,0,1,1,1,1,37,1980,10,11,2013,1,22,45,0,13,6,OLYMPIC BLVD,SPAULDING AVE,0,34.05758056,-118.3597528,0,8,0,0,3,3,0,1,3,1,0,1,0,0000000,99,99,99,99,99,99,0,0,0,1,0
6,62609,1,1,0,0,0,1,1,111,0,12,11,2013,3,0,25,0,2,3,SR-34 E 5TH ST,,0,34.19631944,-119.0590944,0,34,0,0,1,1,0,4,2,1,10,10,0,0000000,99,99,99,99,99,99,0,0,0,1,1
6,62610,1,1,0,0,0,1,1,13,3010,12,11,2013,3,11,46,1,12,6,RICHMOND PARKWAY,,0,37.98986944,-122.3235583,0,33,0,0,1,1,0,3,1,1,0,1,0,0000000,99,99,99,99,88,88,19,0,0,1,0
6,62611,1,1,0,1,1,1,1,19,1370,14,11,2013,5,20,15,0,15,6,G ST,,0,36.72692222,-119.7892472,0,8,0,0,1,1,0,1,3,1,0,1,0,0000000,99,99,99,99,88,88,0,0,0,1,0
6,62612,2,2,0,0,0,3,3,65,2935,18,6,2013,3,14,50,0,12,3,SR-111,DUNE VIEW RD,493,33.74279722,-116.4137528,0,12,6,0,2,3,0,1,1,1,0,1,0,0000000,99,99,99,99,99,99,0,0,0,1,0
6,62613,1,1,0,0,0,2,2,95,0,15,11,2013,6,15,45,0,15,4,CR-578 GRIZZLY ISLAND RD,,0,38.22766111,-122.0218889,0,35,0,0,1,1,0,4,1,1,0,1,0,0000000,99,99,99,99,99,99,0,0,0,2,1
6,62614,1,1,0,0,0,1,1,37,2970,27,11,2013,4,18,49,0,13,6,AVIATION BLVD,,0,33.88289722,-118.3785917,0,42,0,0,1,1,0,3,3,1,0,1,0,0000000,99,99,99,99,99,99,0,0,0,1,0
6,62615,1,1,0,0,0,1,1,67,0,11,8,2013,1,0,0,0,6,4,CR-W BRANNAN ISLAND RD,,0,38.10338056,-121.5894917,0,43,0,0,1,1,0,4,2,1,0,1,0,0000000,99,99,99,99,88,88,0,0,0,1,1
6,62616,1,1,0,0,0,2,2,65,3851,21,11,2013,5,12,1,0,15,6,RAINBOW CANYON RD,,0,33.45663889,-117.1289556,0,1,0,0,1,1,0,1,1,2,0,2,0,0000000,99,99,99,99,99,99,0,0,0,1,0
6,62617,1,1,0,1,1,3,3,65,850,15,11,2013,6,17,37,0,14,6,FULLERTON AVE,,0,33.85936111,-117.5503083,0,8,0,0,1,1,0,1,3,1,0,1,0,0000000,99,99,99,99,99,99,0,0,0,1,0
6,62618,1,1,0,1,1,1,1,37,2240,28,11,2013,5,17,8,0,13,6,BEVERLY BLVD,,0,34.01799444,-118.1098694,0,8,0,0,1,1,0,1,3,1,0,1,0,0000000,99,99,99,99,99,99,0,0,0,1,0
6,62619,1,1,0,1,1,1,1,71,2550,17,11,2013,1,14,8,0,13,3,SR-83 EUCLID AVE,ELM ST,0,34.04665,-117.6508,0,9,0,0,3,3,0,1,1,1,0,1,0,0000000,99,99,99,99,99,99,0,0,0,1,0
6,62620,1,1,0,0,0,1,1,65,1003,23,11,2013,7,22,13,0,15,6,LITTLE MORONGO RD,,0,33.95401111,-116.5275139,0,30,0,0,1,1,0,4,2,1,0,1,0,0000000,99,99,99,99,88,88,0,0,0,1,1
6,62621,2,2,0,1,1,5,5,73,2510,28,11,2013,5,17,45,0,13,6,MISSION AVE,,0,33.22245556,-117.3351472,0,8,0,0,1,1,0,1,3,10,0,10,0,0000000,99,99,99,99,88,88,0,0,0,1,0
6,62622,1,1,0,1,1,1,1,77,3770,17,11,2013,1,14,26,0,16,6,HEMPSTEAD WAY,TROUSDALE PL,0,38.01750278,-121.3522972,0,8,0,0,3,3,0,1,1,1,0,1,0,0000000,99,99,99,99,99,99,0,0,0,1,0
6,62623,2,2,0,0,0,4,4,37,4120,18,8,2013,1,15,57,0,14,6,NOGALES AVE,SHADOW OAK DR,0,34.02034722,-117.8903639,0,12,6,0,2,2,0,1,1,1,0,1,0,0000000,99,99,99,99,99,99,0,0,0,1,0
6,62624,1,1,0,0,0,1,1,37,1980,19,11,2013,3,10,35,0,16,6,LA CALANDRIA DR,,0,34.07405556,-118.1773472,0,39,0,0,1,1,0,5,1,1,0,1,0,0000000,99,99,99,99,99,99,0,0,0,1,0
6,62625,1,1,0,1,1,1,1,71,260,29,11,2013,6,17,14,0,13,3,SR-66 E MAIN ST,,0,34.89346667,-117.0031917,0,8,0,0,1,1,0,1,3,1,0,1,0,0000000,99,99,99,99,99,99,0,0,0,1,0
6,62626,1,1,0,1,1,1,1,19,1370,23,8,2013,6,19,40,0,16,6,ALLEY HARVARD AVE,,0,36.77430278,-119.7931778,0,9,0,0,1,1,0,1,5,1,0,1,0,0000000,99,99,99,99,88,88,20,0,0,1,0
6,62627,2,2,0,0,0,4,4,71,3210,30,11,2013,7,6,55,0,14,6,E 9TH ST,N DEL ROSA DR,0,34.11573333,-117.2524778,0,12,6,0,2,2,0,1,1,1,0,1,0,0000000,99,99,99,99,99,99,0,0,0,1,0
6,62628,1,1,0,0,0,1,1,113,4163,30,11,2013,7,10,51,0,14,6,TOWER BRIDGE GATEWAY,,0,38.58189722,-121.515725,0,33,0,0,1,1,0,3,1,1,0,1,0,0000000,99,99,99,99,99,99,0,0,0,1,0
6,62629,1,1,0,0,0,1,1,29,240,24,11,2013,1,18,51,0,16,6,MCCUTCHEN RD,,0,35.28148611,-119.0790917,0,33,0,0,1,1,0,4,3,1,0,1,0,0000000,99,99,99,99,88,88,0,0,0,1,0
6,62630,2,2,0,1,1,2,2,81,3390,2,12,2013,2,6,15,0,13,6,EL CAMINO REAL,,0,37.55026944,-122.3121056,0,8,0,1,18,1,0,1,2,1,0,1,0,0000000,99,99,99,99,88,88,0,0,0,1,0
6,62631,1,1,0,0,0,1,1,85,0,30,9,2013,2,20,32,0,4,4,CR-WATSONVILLE RD,,0,37.07808056,-121.6561389,0,42,0,0,1,1,0,4,2,1,0,1,0,0000000,99,99,99,99,88,88,0,0,0,1,1
6,62632,2,2,0,0,0,2,2,65,1801,3,12,2013,3,7,40,0,14,6,LAKESHORE DR,TORN RANCH RD / OHIO,0,33.69308611,-117.3847722,0,12,6,0,2,2,0,1,1,1,0,1,0,0000000,99,99,99,99,99,99,0,0,0,1,0
6,62633,2,2,0,0,0,2,2,83,0,27,11,2013,4,15,42,0,15,4,CR-FOXWOOD LN,ABBEY RD,0,34.87375556,-120.436975,0,12,1,0,3,3,0,1,1,1,0,1,0,0000000,99,99,99,99,99,99,0,0,0,1,0
6,62634,2,2,0,2,2,5,5,81,3390,24,10,2013,5,18,54,0,15,6,CHILCO STREET,,0,37.48331111,-122.1713028,0,8,0,0,1,1,0,2,2,1,0,1,0,0000000,99,99,99,99,99,99,0,0,0,2,1
6,62635,2,2,0,0,0,1,1,71,1603,10,12,2013,3,8,20,0,13,6,MAIN ST,,0,34.42296667,-117.3114167,0,12,1,0,1,1,0,1,1,1,0,1,0,0000000,99,99,99,99,88,88,23,0,0,1,0
6,62636,3,3,0,0,0,4,4,89,2950,3,12,2013,3,9,29,0,12,3,SR-273,WESTWOOD AVE,123,40.52295556,-122.3825472,0,12,6,0,2,3,0,1,1,1,0,1,0,0000000,99,99,99,99,99,99,0,0,0,1,0
6,62637,3,3,0,0,0,3,3,65,1801,16,12,2013,2,14,10,0,13,3,SR-74 COLLIER AVE,,0,33.6948,-117.3459,0,12,11,0,1,1,0,1,1,1,10,10,0,0000000,99,99,99,99,99,99,0,0,0,1,0
6,62638,1,1,0,1,1,4,4,53,3180,14,12,2013,7,19,6,0,13,6,N MAIN ST,NAVAJO DR,0,36.70569444,-121.6530417,0,8,0,0,3,2,0,1,3,1,0,1,0,0000000,99,99,99,99,99,99,0,0,0,1,0
6,62639,1,1,0,2,2,1,1,59,1790,25,10,2013,6,20,52,0,13,6,WHITTIER BLVD,KOOPMANS WAY,0,33.93994444,-117.9731528,0,8,0,0,3,3,0,1,3,1,0,1,0,0000000,99,99,99,99,99,99,0,0,0,1,0
6,62640,1,1,0,1,1,1,1,71,115,20,12,2013,6,4,57,0,16,6,PAWNEE RD,,0,34.50353056,-117.1849694,0,8,0,0,1,1,0,1,6,98,0,98,0,0000000,99,99,99,99,88,88,0,0,0,1,0
6,62641,1,1,0,0,0,1,1,37,1110,21,12,2013,7,16,57,0,14,6,LOWER AZUSA RD,,0,34.09066111,-118.0137694,0,33,0,0,1,1,0,4,5,1,0,1,0,0000000,99,99,99,99,99,99,0,0,0,1,0
6,62642,3,3,0,0,0,5,5,79,150,21,12,2013,7,18,41,0,13,6,E GRAND AVE,US-101 EL CAMINO REAL,0,35.12079167,-120.5852556,0,12,1,1,3,3,0,1,3,1,0,1,0,0000000,99,99,99,99,99,99,0,0,0,1,0
6,62643,1,1,0,1,1,1,1,37,1980,23,12,2013,2,7,0,0,15,6,LANARK ST,BURNET AVE,0,34.21786389,-118.4635833,0,9,0,0,2,2,0,1,4,1,0,1,0,0000000,99,99,99,99,99,99,0,0,0,1,0
6,62644,1,1,0,1,1,1,1,37,1980,26,10,2013,7,19,25,0,16,6,W 6TH STREET,VALENCIA STREET,0,34.05625,-118.2672889,0,8,0,0,3,3,0,1,3,98,0,98,0,0000000,99,99,99,99,99,99,0,0,0,1,0
6,62645,1,1,0,1,1,1,1,1,2480,17,12,2013,3,18,16,0,14,6,MARKET ST,5TH ST,0,37.80134167,-122.2833056,0,9,0,0,3,2,0,1,3,1,0,1,0,0000000,99,99,99,99,88,88,0,0,0,1,0
6,62646,1,1,0,1,1,4,4,77,3770,3,12,2013,3,9,41,0,16,6,WEST LN,FULTON ST,0,37.98691389,-121.2849722,0,9,0,0,2,2,0,1,1,10,0,10,0,0000000,99,99,99,99,99,99,0,0,0,1,0
6,62647,1,1,0,1,1,1,1,5,1740,22,12,2013,1,17,51,0,2,3,SR-49,SCHOBER AVE,60,38.34502222,-120.7703583,0,8,0,0,3,3,0,1,2,1,0,1,0,0000000,99,99,99,99,88,88,0,0,0,1,0
6,62648,2,2,0,0,0,2,2,59,2400,5,5,2013,1,7,15,0,13,6,JAMBOREE RD,BRISTOL ST S,0,33.65495,-117.8654139,0,12,6,1,2,3,0,1,1,1,0,1,0,0000000,99,99,99,99,99,99,0,0,0,1,0
6,62649,1,1,0,0,0,1,1,19,1370,24,12,2013,3,10,46,0,13,6,HERNDON AVE,,0,36.83728333,-119.860125,0,33,0,0,1,1,0,4,1,1,0,1,0,0000000,99,99,99,99,88,88,0,0,0,1,1
6,62650,2,2,0,0,0,4,4,37,1980,18,12,2013,4,7,10,1,11,1,I-210,,101,34.26731111,-118.3374389,0,12,1,0,1,1,0,1,1,1,0,1,0,0000000,99,99,99,99,99,99,0,0,0,1,0
6,62651,3,3,0,0,0,3,3,29,240,5,12,2013,5,12,50,0,14,6,TRUXTUN AVE,,0,35.37292778,-119.0481139,0,12,7,0,1,1,0,1,1,1,0,1,0,0000000,99,99,99,99,99,99,0,0,0,1,0
6,62652,2,2,0,0,0,2,2,77,3770,29,10,2013,3,5,56,0,13,6,ARCH AIRPORT RD,,0,37.90334722,-121.2508444,0,12,7,0,1,1,0,1,3,10,0,10,0,0000000,99,99,99,99,99,99,0,0,0,1,0
6,62653,2,2,0,1,1,2,2,65,3851,6,10,2013,1,18,54,0,14,6,RANCHO CALIFORNIA RD,MARGARITA RD,0,33.50800833,-117.1246222,0,12,6,0,2,2,0,1,3,1,0,1,0,0000000,99,99,99,99,99,99,19,0,0,1,2
6,62654,2,2,0,0,0,3,3,99,3950,8,11,2013,6,22,26,0,14,6,W MAIN ST,,0,37.492675,-120.8849722,0,1,0,0,1,1,0,1,3,1,0,1,0,0000000,99,99,99,99,99,99,14,0,0,1,1
6,62655,1,1,0,0,0,1,1,67,1300,2,11,2013,7,23,43,0,14,6,BLUE RAVINE RD,,0,38.65848056,-121.1595889,0,33,0,0,1,1,0,4,3,1,0,1,0,0000000,99,99,99,99,99,99,0,0,0,1,1
6,62656,2,1,1,1,1,1,1,111,2620,29,10,2013,3,16,56,0,13,6,VENTURA RD,,0,34.22533889,-119.194625,0,33,0,0,1,1,0,4,1,1,0,1,0,0000000,99,99,99,99,99,99,0,0,0,1,0
6,62657,1,1,0,0,0,1,1,65,850,29,12,2013,1,2,16,0,13,6,MAGNOLIA AVENUE,,0,33.86951667,-117.5358167,0,52,0,0,1,1,0,4,3,1,0,1,0,0000000,99,99,99,99,88,88,0,0,0,1,1
6,62658,1,1,0,0,0,22,22,65,850,19,12,2013,5,14,30,1,11,1,I-15,,394,33.84812778,-117.5340139,0,24,0,0,1,1,0,3,1,2,0,2,0,0000000,99,99,99,99,99,99,0,0,0,1,0
6,62659,1,1,0,1,1,3,3,37,120,31,10,2013,5,20,35,0,13,6,HUNTINGTON DR,BALDWIN AVE,0,34.13156944,-118.0543222,0,8,0,0,3,2,0,1,3,1,0,1,0,0000000,99,99,99,99,99,99,0,0,0,1,0
6,62660,1,1,0,1,1,4,4,85,1420,8,12,2013,1,18,59,0,13,6,MONTEREY RD,,0,37.04126389,-121.5860556,0,8,0,0,1,1,0,1,2,1,0,1,0,0000000,99,99,99,99,88,88,0,0,0,1,0
6,62661,1,1,0,1,1,1,1,71,3210,29,12,2013,1,2,20,1,11,1,I-215,,94,34.13505,-117.3118139,0,8,0,1,18,1,0,1,2,1,0,1,0,0000000,99,99,99,99,88,88,0,0,0,1,0
6,62662,2,2,0,0,0,2,2,1,2480,17,11,2013,1,1,5,0,14,9,51ST ST,MANILA AVE,0,37.83589444,-122.2553389,0,12,6,0,2,2,0,1,3,1,0,1,0,0000000,99,99,99,99,88,88,0,0,0,1,1
6,62663,1,1,0,1,1,3,3,59,3420,19,4,2013,6,7,9,0,14,6,SANTA CLARA AVE,FLOWER ST,0,33.76685278,-117.8760778,0,8,0,0,2,2,0,1,1,1,0,1,0,0000000,99,99,99,99,99,99,0,0,0,1,0
6,62664,2,2,0,0,0,4,4,65,850,3,11,2013,1,1,10,1,11,1,I-15 S,,394,33.85331944,-117.5355778,0,12,7,0,1,1,0,1,3,1,0,1,0,0000000,99,99,99,99,88,88,0,0,0,1,1
6,62665,1,1,0,0,0,1,1,47,0,24,3,2013,1,21,10,0,4,4,CR-KEYES RD,OLSEN RD,0,37.55245556,-120.540475,0,35,0,0,3,3,0,4,2,1,0,1,0,0000000,99,99,99,99,99,99,0,0,0,1,0
6,62666,1,1,0,1,1,1,1,53,0,7,5,2013,3,15,45,0,4,4,CR-SALINAS RD,,0,36.87839722,-121.7509639,0,9,0,0,8,1,0,1,1,1,0,1,0,0000000,99,99,99,99,99,99,0,0,0,1,0