STATE,ST_CASE,VE_TOTAL,VE_FORMS,PVH_INVL,PEDS,PERNOTMVIT,PERMVIT,PERSONS,COUNTY,CITY,DAY,MONTH,YEAR,DAY_WEEK,HOUR,MINUTE,NHS,ROAD_FNC,ROUTE,TWAY_ID,TWAY_ID2,MILEPT,LATITUDE,LONGITUD,SP_JUR,HARM_EV,MAN_COLL,RELJCT1,RELJCT2,TYP_INT,WRK_ZONE,REL_ROAD,LGT_COND,WEATHER1,WEATHER2,WEATHER,SCH_BUS,RAIL,NOT_HOUR,NOT_MIN,ARR_HOUR,ARR_MIN,HOSP_HR,HOSP_MN,CF1,CF2,CF3,FATALS,DRUNK_DR
6,62667,1,1,0,1,1,1,1,85,3340,3,9,2013,3,9,36,0,14,6,ALMADEN EXPRESSWAY,FOXWORTHY AVE,0,37.27809444,-121.8802278,0,8,0,0,2,2,0,1,1,1,0,1,0,0000000,99,99,99,99,99,99,0,0,0,1,0
6,62668,3,1,2,1,1,1,1,37,1980,28,10,2013,2,2,10,0,16,6,LA BREA AVE,,0,34.09687778,-118.3441361,0,14,0,0,1,1,0,7,3,10,2,2,0,0000000,99,99,99,99,99,99,15,0,0,1,1
6,62669,2,2,0,0,0,2,2,37,1980,4,10,2013,6,8,35,1,11,1,I-10 E SANTA MONICA FWY,,45,34.02790833,-118.4500806,0,12,1,1,18,1,0,1,1,1,0,1,0,0000000,99,99,99,99,99,99,0,0,0,1,0
6,62670,1,1,0,0,0,1,1,59,3558,30,12,2013,2,3,45,1,12,3,SR-22,,2101,33.77503889,-118.0454306,0,30,0,1,5,1,2,2,3,1,0,1,0,0000000,99,99,99,99,99,99,0,0,0,1,0
6,62671,1,1,0,1,1,1,1,37,0,8,11,2013,6,17,15,0,2,4,CR-MULBERRY DR,,0,33.95318611,-118.0425222,0,8,0,0,1,1,0,1,3,1,0,1,0,0000000,99,99,99,99,99,99,0,0,0,1,0
6,62672,1,1,0,0,0,1,1,65,1801,20,11,2013,4,12,30,0,13,6,RIVERSIDE DR,,0,33.68724722,-117.3624333,0,30,0,0,1,1,0,4,1,1,0,1,0,0000000,99,99,99,99,99,99,0,0,0,1,1
6,62673,1,1,0,1,1,1,1,59,880,23,11,2013,7,16,55,1,12,3,SR-55 NEWPORT BLVD,,0,33.63980833,-117.9199306,0,8,0,0,1,1,0,1,1,1,0,1,0,0000000,99,99,99,99,99,99,0,0,0,1,0
6,62674,1,1,0,0,0,1,1,71,2285,9,12,2013,2,21,33,1,12,3,SR-62,,18,34.03762778,-116.5887111,0,25,0,0,1,1,0,3,2,1,0,1,0,0000000,99,99,99,99,88,88,20,0,0,1,1
6,62675,1,1,0,1,1,1,1,37,1980,27,12,2013,6,3,5,0,14,6,CHAUTAUQUA BL,,0,34.03910556,-118.5180583,0,8,0,0,1,1,0,1,3,1,0,1,0,0000000,99,99,99,99,99,99,0,0,0,1,0
6,62676,2,2,0,0,0,4,4,99,0,23,12,2013,2,10,50,0,3,4,CR-MCHENRY AVE,STEWART RD,0,37.74245,-120.995425,0,12,1,0,2,3,0,1,1,1,0,1,0,0000000,99,99,99,99,99,99,0,0,0,1,0
6,62677,1,1,0,0,0,1,1,53,0,17,5,2013,6,11,30,0,2,3,SR-1,,259,36.04880278,-121.5887278,0,35,0,0,1,1,0,5,1,1,0,1,0,0000000,99,99,99,99,99,99,0,0,0,1,0
6,62678,1,1,0,1,1,1,1,65,0,26,4,2013,6,14,50,0,14,6,WASHINGTON ST,,0,33.88261389,-117.3660944,0,9,0,0,1,1,0,1,1,1,0,1,0,0000000,99,99,99,99,99,99,0,0,0,1,0
6,62679,1,1,0,1,1,1,1,71,3210,20,4,2013,7,12,36,0,13,6,W 5TH ST,N G ST,0,34.10833333,-117.2986333,0,15,0,0,3,2,0,1,1,1,0,1,0,0000000,99,99,99,99,99,99,0,0,0,1,0
6,62680,4,4,0,0,0,9,9,85,3340,26,4,2013,6,23,20,0,13,6,BLOSSOM HILL RD,ENTRADA CEDROS,0,37.25130278,-121.8339306,0,12,1,0,3,2,0,1,3,1,0,1,0,0000000,99,99,99,99,99,99,0,0,0,1,1
6,62681,1,1,0,1,1,3,3,85,3340,17,8,2013,7,17,47,0,16,6,LEEWARD DRIVE,BARLOW AVENUE,0,37.34463333,-121.8267111,0,8,0,0,3,3,0,1,1,10,0,10,0,0000000,99,99,99,99,99,99,0,0,0,1,1
6,62682,1,1,0,1,1,1,1,75,3290,2,12,2013,2,9,15,0,14,6,EVENS AVE,3RD ST,0,37.74272778,-122.3880306,0,8,0,0,2,2,0,1,1,1,0,1,0,0000000,99,99,99,99,99,99,0,0,0,1,0
6,62683,1,1,0,1,1,1,1,53,3180,6,8,2013,3,6,0,0,16,6,SCHILLING PL,,0,36.65455278,-121.6228639,0,8,0,0,1,1,0,1,3,5,0,5,0,0000000,99,99,99,99,99,99,0,0,0,1,0
6,62684,1,1,0,0,0,2,2,85,3340,4,9,2013,4,11,21,0,14,6,E TAYLOR STREET,MABURY ROAD,0,37.36276111,-121.8756306,0,25,0,0,3,2,0,4,1,1,0,1,0,0000000,99,99,99,99,99,99,0,0,0,1,0
6,62685,2,2,0,0,0,5,5,65,2730,4,5,2013,7,20,19,0,14,6,ORANGE AVE,,0,33.81558056,-117.2275333,0,12,6,0,1,1,0,1,3,1,0,1,0,0000000,99,99,99,99,99,99,0,0,0,1,0
6,62686,1,1,0,1,1,1,1,37,720,27,12,2013,6,9,54,0,13,6,BASELINE RD,,0,34.1216,-117.7092917,0,9,0,0,1,1,0,1,1,1,0,1,0,0000000,99,99,99,99,88,88,0,0,0,1,0
6,62687,2,2,0,0,0,2,2,65,2730,12,10,2013,7,17,0,0,14,6,RIDER STREET,EVANS ROAD,0,33.83024722,-117.2042722,0,12,6,0,2,2,0,1,1,1,0,1,0,0000000,99,99,99,99,99,99,0,0,0,1,0
6,62688,1,1,0,0,0,4,4,23,0,16,12,2013,2,2,8,0,4,4,CR-RONALD AVE,CR-DRAKE HILL RD,0,40.56295556,-124.1339389,0,35,0,0,3,3,0,4,3,1,0,1,0,0000000,99,99,99,99,99,99,0,0,0,1,1
6,62689,1,1,0,1,1,1,1,71,4290,30,12,2013,2,21,20,0,14,6,14TH ST,,0,34.03288333,-117.0954,0,8,0,0,1,1,0,1,3,1,0,1,0,0000000,99,99,99,99,99,99,0,0,0,1,0
6,62690,1,1,0,0,0,6,6,73,2340,10,2,2013,1,16,49,1,11,1,I-805,,99,32.67211944,-117.0825306,0,1,0,0,1,1,0,1,1,1,0,1,0,0000000,99,99,99,99,99,99,0,0,0,1,0
6,62691,1,1,0,0,0,1,1,83,0,29,8,2013,5,16,30,0,4,4,CR-JALAMA RD,,0,34.52101944,-120.4232306,0,33,0,0,1,1,0,4,1,1,0,1,0,0000000,99,99,99,99,99,99,0,0,0,1,0
6,62692,1,1,0,0,0,5,5,71,3210,22,12,2013,1,0,59,0,16,6,RIDGELINE AVE,,0,34.20365278,-117.3553694,0,1,0,0,1,1,0,5,3,1,0,1,0,0000000,99,99,99,99,99,99,0,0,0,2,1
6,62693,1,1,0,0,0,1,1,99,3950,21,8,2013,4,8,35,0,14,6,W OLIVE AVE,,0,37.49492222,-120.8475028,0,46,0,0,6,1,0,1,1,1,0,1,0,752478N,99,99,99,99,88,88,0,0,0,1,0
6,62694,1,1,0,0,0,2,2,65,1003,9,11,2013,7,6,49,0,13,6,WORSLEY RD,,0,33.98363889,-116.5735056,0,17,0,0,1,1,0,4,2,1,0,1,0,0000000,99,99,99,99,99,99,0,0,0,1,1
6,62695,3,3,0,0,0,6,6,111,2620,24,5,2013,6,20,47,0,16,6,ROSE AVE,,0,34.19712222,-119.1598944,0,10,0,0,6,1,0,1,3,1,0,1,0,9999999,99,99,99,99,88,88,14,0,0,1,0
6,62696,2,2,0,0,0,3,3,71,3210,3,8,2013,7,8,37,0,2,3,SR-18,,125,34.20693611,-117.2842528,0,12,6,0,1,1,0,1,1,1,0,1,0,0000000,99,99,8,47,88,88,0,0,0,1,0
6,62697,1,1,0,0,0,1,1,111,0,6,9,2013,6,13,40,1,2,2,US-101,,360,34.32216111,-119.3745194,0,1,0,0,1,1,0,3,1,1,0,1,0,0000000,99,99,99,99,99,99,0,0,0,1,0
6,62698,2,2,0,0,0,7,7,71,0,14,9,2013,7,2,39,1,1,1,I-15,,139,34.19223056,-117.4227194,0,12,2,0,1,1,1,1,2,1,0,1,0,0000000,99,99,99,99,99,99,19,0,0,1,0
6,62699,1,1,0,1,1,1,1,37,3300,17,9,2013,3,19,27,0,14,6,DEL MAR,BENCAMP ST,0,34.07864722,-118.0995639,0,8,0,0,2,3,0,1,1,1,0,1,0,0000000,99,99,99,99,99,99,0,0,0,1,0
6,62700,3,3,0,0,0,3,3,59,3558,26,4,2013,6,16,9,0,13,6,WESTMINSTER AVE,,0,33.75964722,-118.0789778,0,12,6,0,8,1,0,1,1,1,0,1,0,0000000,99,99,99,99,99,99,0,0,0,1,0
6,62701,1,1,0,1,1,3,3,85,3340,28,6,2013,6,12,55,0,12,6,W CAPITOL EXPWY,SNELL AVE,0,37.27695,-121.84205,0,9,0,1,3,2,0,1,1,1,0,1,0,0000000,99,99,99,99,99,99,0,0,0,1,0
6,62702,1,1,0,0,0,1,1,97,0,13,9,2013,6,7,25,0,4,4,CR-STONY POINT ROAD,,0,38.32888611,-122.7378139,0,35,0,0,1,1,0,4,4,10,0,10,0,0000000,99,99,99,99,88,88,0,0,0,1,1
6,62703,2,1,1,0,1,1,2,47,0,2,4,2013,3,16,15,0,2,3,SR-33,,264,37.25846389,-120.9990667,0,14,0,0,1,1,0,2,1,1,0,1,0,0000000,99,99,99,99,99,99,0,0,0,1,0
6,62704,1,1,0,1,1,1,1,85,3340,10,7,2013,4,18,10,0,13,6,ALMADEN EXPWY,,0,37.22145833,-121.8622194,0,8,0,0,1,1,0,1,1,1,0,1,0,0000000,99,99,99,99,99,99,0,0,0,1,0
6,62705,2,1,1,1,1,2,2,107,4050,15,10,2013,3,14,11,0,14,6,BEN MADDOX WAY,,0,36.3459,-119.2788778,0,14,0,0,1,1,0,7,1,1,0,1,0,0000000,99,99,99,99,99,99,15,0,0,1,0
6,62706,1,1,0,0,0,1,1,71,2922,3,7,2013,4,8,26,0,14,6,CHERRY AVE,,0,34.14668889,-117.4882917,0,1,0,0,1,1,0,4,2,1,0,1,0,0000000,99,99,99,99,88,88,0,0,0,1,1
6,62707,1,1,0,0,0,3,3,65,1003,15,5,2013,4,15,29,0,15,6,PALM DR,,0,33.92215556,-116.5017083,0,1,0,0,1,1,0,1,1,1,0,1,0,0000000,99,99,99,99,99,99,0,0,0,1,1
6,62708,2,2,0,0,0,2,2,71,115,27,12,2013,6,9,37,0,12,3,SR-18,FLATHEAD RD,902,34.51450556,-117.2066806,0,12,6,0,2,2,0,1,1,1,0,1,0,0000000,99,99,99,99,88,88,0,0,0,1,0
6,62709,1,1,0,1,1,1,1,65,1003,3,12,2013,3,5,29,0,14,6,PALM DR,,0,33.96373889,-116.501325,0,15,0,0,1,1,0,1,3,1,0,1,0,0000000,99,99,99,99,88,88,0,0,0,1,0
6,62710,2,2,0,1,1,2,2,111,2620,21,10,2013,2,8,2,0,14,6,ROSE AVE,,0,34.22492778,-119.15875,0,9,0,1,18,1,0,1,1,1,0,1,0,0000000,99,99,99,99,88,88,0,0,0,1,0
6,62711,1,1,0,0,0,1,1,111,0,20,10,2013,1,11,5,0,2,3,SR-33,,269,34.54205556,-119.2413667,0,52,0,0,1,1,0,4,1,1,0,1,0,0000000,99,99,99,99,99,99,0,0,0,1,0
6,62712,1,1,0,0,0,1,1,59,1713,26,8,2013,2,0,52,0,12,3,SR-241,,250,33.69573889,-117.6927389,0,1,0,0,1,1,0,3,3,1,0,1,0,0000000,99,99,99,99,88,88,0,0,0,1,1
6,62713,1,1,0,0,0,2,2,105,0,22,12,2013,1,12,5,0,2,3,SR-36,,181,40.37246111,-123.3084111,0,1,0,0,1,1,0,5,1,1,0,1,0,0000000,99,99,99,99,99,99,0,0,0,1,0
6,62714,1,1,0,0,0,2,2,67,3150,14,12,2013,7,18,16,0,14,6,BRUCEVILLE RD,,0,38.44489167,-121.4176389,0,33,0,0,1,1,0,3,3,1,0,1,0,0000000,99,99,99,99,99,99,0,0,0,1,0
6,62715,1,1,0,2,2,1,1,59,1713,12,3,2013,3,7,21,0,15,6,EASTWOOD,,0,33.70922222,-117.76035,0,8,0,0,1,1,0,4,1,10,0,10,0,0000000,99,99,99,99,99,99,0,0,0,2,0
6,62716,1,1,0,0,0,22,22,73,0,19,12,2013,5,14,30,1,1,1,I-15,,459,33.32216389,-117.1576972,0,1,0,0,1,1,0,1,1,10,2,2,0,0000000,99,99,99,99,99,99,0,0,0,1,0
6,62717,1,1,0,2,2,1,1,71,3210,26,12,2013,5,8,59,0,14,6,RIALTO AVE,,0,34.10084167,-117.3190917,0,33,0,0,1,1,0,5,1,1,0,1,0,0000000,99,99,99,99,99,99,0,0,0,1,0
6,62718,1,1,0,0,0,2,2,65,750,22,12,2013,1,3,35,0,14,6,AVE 52,,0,33.67089722,-116.1999861,0,38,0,0,1,1,0,4,2,1,0,1,0,0000000,99,99,99,99,88,88,0,0,0,1,1
6,62719,3,3,0,1,1,5,5,71,3210,4,3,2013,2,11,36,0,14,6,E ST,HIGHLAND AVE,0,34.13599722,-117.29415,0,12,6,0,2,2,0,1,1,1,0,1,0,0000000,99,99,99,99,99,99,0,0,0,1,0
6,62720,1,1,0,1,1,1,1,29,240,30,10,2013,4,19,35,0,14,6,H ST,,0,35.35681111,-119.0212972,0,8,0,0,1,1,0,1,3,1,0,1,0,0000000,99,99,99,99,88,88,0,0,0,1,0
6,62721,2,2,0,0,0,2,2,77,1940,26,7,2013,6,21,12,0,14,6,HAM LN,,0,38.123175,-121.2882,0,12,6,0,1,1,0,1,3,1,0,1,0,0000000,99,99,99,99,99,99,0,0,0,1,1
6,62722,4,1,3,0,0,1,1,71,2922,23,12,2013,2,15,26,0,13,6,FOOTHILL BLVD,,0,34.106475,-117.5928667,0,33,0,0,1,1,0,4,1,1,0,1,0,0000000,99,99,99,99,99,99,0,0,0,1,1
6,62723,2,2,0,0,0,3,3,59,1345,31,8,2013,7,16,47,0,13,6,WARNER AVE,,0,33.71615,-117.9551167,0,12,6,0,8,1,0,1,1,1,0,1,0,0000000,99,99,99,99,99,99,0,0,0,1,0
6,62724,1,1,0,1,1,1,1,95,4020,13,2,2013,4,22,39,0,13,6,COLUMBUS PARKWAY,,0,38.11169722,-122.1995083,0,9,0,0,1,1,0,4,3,1,0,1,0,0000000,99,99,99,99,99,99,0,0,0,1,0
6,62725,1,1,0,1,1,1,1,37,1700,15,11,2013,6,20,38,0,14,6,PRAIRIE AVE,107TH ST,0,33.93877778,-118.3439194,0,8,0,0,3,3,0,1,3,1,0,1,0,0000000,99,99,99,99,99,99,0,0,0,1,0
6,62726,2,1,1,2,4,1,3,37,1700,19,10,2013,7,22,6,0,16,6,OAK ST,,0,33.96017778,-118.3661056,0,8,0,0,1,1,0,1,3,1,0,1,0,0000000,99,99,99,99,99,99,0,0,0,1,0
6,62727,1,1,0,0,0,1,1,65,2116,21,9,2013,7,20,20,0,16,6,HAUN RD,,0,33.66607222,-117.1759361,0,1,0,0,1,1,0,4,2,1,0,1,0,0000000,99,99,99,99,88,88,0,0,0,1,1
6,62728,1,1,0,0,0,2,2,37,1700,27,2,2013,4,19,37,0,14,6,PRAIRIE AVENUE,,0,33.96935833,-118.3439389,0,33,0,0,1,1,0,4,3,1,0,1,0,0000000,99,99,99,99,99,99,0,0,0,1,1
6,62729,1,1,0,1,1,1,1,73,3260,21,11,2013,5,20,47,0,16,6,14TH ST,L ST,0,32.70733056,-117.1518694,0,8,0,0,3,3,0,1,5,3,0,3,0,0000000,20,47,99,99,88,88,0,0,0,1,0
6,62730,1,1,0,1,1,4,4,85,3340,20,12,2013,6,19,0,0,13,6,MONTEREY RD,,0,37.31033611,-121.8677528,0,15,0,0,1,1,0,1,3,1,0,1,0,0000000,99,99,99,99,88,88,0,0,0,1,0
6,62731,1,1,0,1,1,1,1,59,470,5,10,2013,7,1,6,0,13,6,ORANGETHORPE AVE,OREGON ST,0,33.85901944,-117.9917611,0,8,0,0,2,3,0,1,3,1,0,1,0,0000000,99,99,99,99,88,88,0,0,0,1,0
6,62732,2,2,0,0,0,5,5,73,2904,20,6,2013,5,3,56,0,14,6,POWAY ROAD,MIDLAND ROAD,0,32.95631667,-117.0367194,0,12,6,0,2,2,0,1,3,10,0,10,0,0000000,99,99,99,99,99,99,0,0,0,1,0
6,62733,2,2,0,0,0,2,2,77,3770,15,12,2013,1,1,57,0,14,6,EL DORADO ST,MCKINLEY AVE,0,37.91114444,-121.2757556,0,12,6,0,2,3,0,1,3,1,0,1,0,0000000,99,99,99,99,88,88,0,0,0,1,1
6,62734,1,1,0,0,0,1,1,53,2250,10,12,2013,3,7,25,0,12,3,SR-68,,41,36.59396944,-121.8674611,0,35,0,0,1,1,0,4,1,1,0,1,0,0000000,99,99,99,99,99,99,0,0,0,1,0
6,62735,1,1,0,1,1,1,1,65,3851,16,7,2013,3,6,31,0,14,6,RANCHO CALIFORNIA ROAD,,0,33.50752222,-117.1397139,0,8,0,0,1,1,0,1,1,1,0,1,0,0000000,99,99,99,99,88,88,0,0,0,1,0
6,62736,2,2,0,0,0,4,4,83,3430,2,3,2013,7,13,11,0,13,3,SR-92,,35,34.44689722,-119.70925,0,12,2,0,1,1,0,1,1,1,0,1,0,0000000,99,99,99,99,99,99,0,0,0,1,0
6,62737,1,1,0,1,1,5,5,71,3210,6,9,2013,6,20,14,0,12,3,SR-18,,84,34.17,-117.2846722,0,8,0,0,1,1,0,1,2,1,0,1,0,0000000,99,99,99,99,88,88,0,0,0,1,0
6,62738,2,2,0,0,0,3,3,71,2922,13,12,2013,6,19,3,0,14,6,HERMOSA AVE,CIELITO AVE,0,34.12665,-117.5847167,0,12,6,0,2,3,0,1,3,1,0,1,0,0000000,99,99,99,99,88,88,0,0,0,1,1
6,62739,5,5,0,0,0,5,5,65,2116,5,4,2013,6,17,15,0,16,6,ANTELOPE RD,,0,33.64735556,-117.171125,0,12,8,0,1,1,0,1,1,1,0,1,0,0000000,99,99,99,99,99,99,0,0,0,1,0
6,62740,1,1,0,0,0,1,1,71,1605,27,12,2013,6,23,29,0,13,6,ORANGE ST,BOULDER AVE,0,34.10408333,-117.182325,0,1,0,0,1,1,0,2,3,1,0,1,0,0000000,99,99,99,99,99,99,0,0,0,1,0
6,62741,1,1,0,0,0,1,1,59,80,17,11,2013,1,2,12,1,12,3,SR-91,,20,33.85391944,-117.9464694,0,24,0,0,1,1,0,4,3,1,0,1,0,0000000,99,99,99,99,88,88,0,0,0,1,1
6,62742,1,1,0,1,1,1,1,71,1605,1,12,2013,1,17,23,0,14,6,STERLING AVENUE,,0,34.12165556,-117.2436722,0,8,0,0,1,1,0,1,8,98,0,98,0,0000000,99,99,99,99,88,88,0,0,0,1,0
6,62743,1,1,0,1,1,1,1,65,1003,24,7,2013,4,5,30,0,15,6,MOUNTAIN VIEW RD,,0,33.94703056,-116.4750472,0,8,0,0,1,1,0,1,4,1,0,1,0,0000000,99,99,99,99,88,88,0,0,0,1,0
6,62744,2,2,0,0,0,2,2,71,1457,7,5,2013,3,7,44,0,16,6,MT VERNON AVE,,0,34.04386389,-117.3104861,0,12,2,0,1,1,0,1,1,2,10,2,1,0000000,99,99,99,99,99,99,0,0,0,1,0
6,62745,1,1,0,4,4,1,1,37,1670,17,6,2013,2,18,30,0,14,6,GAGE AVENUE,STATE STREET,0,33.98073889,-118.2125278,0,8,0,0,3,2,0,1,1,1,0,1,0,0000000,99,99,99,99,99,99,0,0,0,1,1
6,62746,1,1,0,1,1,2,2,65,3851,15,9,2013,1,17,2,0,16,6,PUJOL ST,,0,33.49133056,-117.1505778,0,8,0,0,1,1,0,1,1,1,0,1,0,0000000,99,99,99,99,99,99,0,0,0,1,1
6,62747,1,1,0,2,2,1,1,71,2922,4,12,2013,4,15,4,0,15,6,BANYAN STREET,EAST AVENUE,0,34.14320556,-117.5146444,0,8,0,0,3,2,0,1,1,1,0,1,0,0000000,99,99,99,99,99,99,0,0,0,1,0
6,62748,1,1,0,1,1,1,1,85,3340,24,1,2013,5,13,30,0,13,6,BLOSSOM HILL ROAD,MERIDIAN AVENUE,0,37.24319722,-121.889525,0,8,0,0,3,2,0,1,1,2,10,2,0,0000000,99,99,99,99,99,99,0,0,0,1,0
6,62749,1,1,0,0,0,2,2,37,1980,21,2,2013,5,2,20,0,14,6,GLENOAKS BLVD,,0,34.20780833,-118.3430556,0,42,0,0,1,1,0,3,3,1,0,1,0,0000000,99,99,99,99,88,88,0,0,0,2,0
6,62750,1,1,0,0,0,1,1,37,0,21,9,2013,7,11,47,0,3,4,CR-MEYER RD,LEFFINGWELL RD,0,33.92076944,-118.0379194,0,46,0,0,3,2,0,4,1,1,0,1,0,0000000,99,99,99,99,88,88,0,0,0,1,0
6,62751,1,1,0,0,0,1,1,1,1560,14,2,2013,5,23,29,0,16,6,SAN CLEMENTE STREET,,0,37.61778611,-122.0525556,0,33,0,0,1,1,0,3,2,1,0,1,0,0000000,99,99,99,99,88,88,0,0,0,1,1
6,62752,2,2,0,1,1,2,2,1,2480,20,9,2013,6,19,48,0,13,6,INTERNATIONAL BLVD,,0,37.78370278,-122.2363917,0,8,0,0,1,1,0,1,3,1,0,1,0,0000000,99,99,99,99,99,99,23,0,0,1,1
6,62753,2,2,0,0,0,2,2,1,1560,30,10,2013,4,19,58,0,16,6,KAY AVE,HURON LN,0,37.64320278,-122.0980389,0,12,2,0,3,3,0,1,3,1,0,1,0,0000000,99,99,99,99,99,99,0,0,0,1,1
6,62754,3,1,2,0,0,1,1,1,1560,4,11,2013,2,12,22,0,13,3,SR-238,,100,37.64260556,-122.0600167,0,42,0,0,1,1,0,5,1,1,0,1,0,0000000,99,99,99,99,99,99,0,0,0,1,1
6,62755,2,2,0,1,1,4,4,59,3420,30,5,2013,5,11,53,0,13,6,S FLOWER STREET,W MACARTHUR BLVD,0,33.69994444,-117.8769361,0,12,6,0,2,2,1,1,1,1,0,1,0,0000000,99,99,99,99,88,88,20,0,0,1,0
6,62756,5,5,0,0,0,5,5,37,1970,9,10,2013,4,10,58,1,11,1,I-710,,98,33.84416667,-118.2058667,0,12,1,0,1,1,0,1,1,10,0,10,0,0000000,99,99,99,99,99,99,0,0,0,1,0
6,62757,1,1,0,1,1,1,1,71,115,19,11,2013,3,22,33,0,12,3,SR-18,,888,34.52989722,-117.2263722,0,8,0,0,1,1,0,1,2,1,0,1,0,0000000,99,99,99,99,99,99,0,0,0,1,0
6,62758,1,1,0,0,0,1,1,73,1080,29,7,2013,2,15,21,0,14,6,W MAIN STREET,,0,32.79510556,-116.9823833,0,33,0,0,1,1,0,4,1,1,0,1,0,0000000,99,99,99,99,99,99,0,0,0,1,1
6,62759,1,1,0,1,1,1,1,59,1713,30,9,2013,2,16,27,0,14,6,CAMPUS DR,,0,33.65071389,-117.8215833,0,8,0,0,1,1,0,1,1,1,0,1,0,0000000,99,99,99,99,99,99,0,0,0,1,0
6,62760,1,1,0,0,0,1,1,37,1980,1,1,2013,3,23,50,1,11,1,I-5,,242,34.118925,-118.2701389,0,24,0,0,1,1,0,4,3,1,0,1,0,0000000,99,99,99,99,99,99,0,0,0,1,1
6,62761,4,3,1,0,0,3,3,65,612,21,12,2013,7,19,24,0,13,6,MISSION DR,,0,33.82366944,-116.4855722,0,12,2,0,1,1,0,1,3,1,0,1,0,0000000,99,99,99,99,99,99,0,0,0,1,0
6,62762,1,1,0,0,0,2,2,65,612,13,12,2013,6,19,35,0,13,6,E PALM CYN DR,,0,33.77989444,-116.464825,0,33,0,0,1,1,0,4,3,1,0,1,0,0000000,99,99,99,99,99,99,0,0,0,1,1
6,62763,2,2,0,0,0,2,2,37,1980,22,10,2013,3,18,20,0,13,6,LAUREL CANYON BLVD,,0,34.13131389,-118.3810944,0,12,2,0,1,1,0,1,3,1,0,1,0,0000000,99,99,99,99,99,99,0,0,0,1,0
6,62764,2,2,0,0,0,2,2,37,2458,12,12,2013,5,19,21,0,13,6,SAN ANTONIO DR,FOSTER RD,0,33.90739722,-118.0771167,0,12,6,0,2,2,0,1,3,1,0,1,0,0000000,99,99,99,99,99,99,0,0,0,1,0
6,62765,2,2,0,0,0,4,4,73,2510,13,11,2013,4,18,30,0,13,6,OCEANSIDE BL,,0,33.20375278,-117.2988111,0,42,0,0,1,1,0,3,3,1,0,1,0,0000000,99,99,99,99,99,99,14,0,0,1,0
6,62766,1,1,0,0,0,1,1,73,2510,10,8,2013,7,13,24,0,16,6,VILLAGE DRIVE,,0,33.26822222,-117.2850861,0,39,0,0,1,1,0,6,1,1,0,1,0,0000000,99,99,99,99,88,88,0,0,0,1,0
6,62767,2,1,1,0,1,1,2,111,0,30,12,2013,2,10,47,1,2,4,CR-LAS POSAS RD,,0,34.19663333,-119.0697389,0,43,0,0,6,1,0,1,1,1,0,1,0,9999999,99,99,99,99,99,99,0,0,0,1,0
6,62768,1,1,0,1,1,1,1,85,3340,2,1,2013,4,18,9,0,13,6,WHITE ROAD,PATT AVE,0,37.37969444,-121.8390972,0,8,0,0,3,3,0,1,5,1,0,1,0,0000000,99,99,99,99,99,99,0,0,0,1,0
6,62769,1,1,0,1,1,1,1,19,1370,10,2,2013,1,20,40,0,13,6,CEDAR AVE,,0,36.75161111,-119.7543528,0,9,0,0,1,1,0,1,9,99,0,99,0,0000000,99,99,99,99,99,99,0,0,0,1,0
6,62770,1,1,0,1,1,1,1,59,3420,4,3,2013,2,4,30,1,11,1,I-5,,335,33.77305,-117.8713111,0,8,0,0,1,1,0,1,2,10,0,10,0,0000000,99,99,99,99,99,99,0,0,0,1,0
6,62771,6,1,5,0,0,2,2,85,3340,17,6,2013,2,2,1,0,14,6,FOXWORTHY AVENUE,,0,37.27580278,-121.8706306,0,14,0,0,1,1,0,4,3,1,0,1,0,0000000,99,99,99,99,99,99,14,0,0,1,1
6,62772,1,1,0,0,0,1,1,41,3540,8,7,2013,2,14,32,0,6,4,CR-CONZELMAN RD,,0,37.83276389,-122.4832528,1,35,0,0,1,1,0,4,1,1,0,1,0,0000000,99,99,99,99,21,10,0,0,0,1,0
6,62773,1,1,0,1,1,0,0,59,1345,2,5,2013,5,7,38,0,16,6,SAN ANDRES ST,,0,33.72188611,-117.9222167,0,8,0,0,1,1,0,2,8,98,0,98,0,0000000,99,99,99,99,99,99,0,0,0,1,0
6,62774,1,1,0,0,0,1,1,13,3010,22,8,2013,5,15,24,0,16,6,E STANDARD AVE,CASTRO ST,0,37.92902778,-122.3870694,0,58,0,0,3,2,0,4,1,1,0,1,0,0000000,99,99,99,99,88,88,0,0,0,1,0
6,62775,1,1,0,0,0,4,4,71,3210,27,11,2013,4,18,52,1,14,6,RIALTO AVE,,0,34.09995833,-117.3305389,0,35,0,0,1,1,0,5,2,1,0,1,0,0000000,99,99,99,99,99,99,0,0,0,1,0
6,62776,1,1,0,1,1,1,1,31,220,30,10,2013,4,6,39,0,16,6,CENTRAL AVE,MERCED ST,0,36.00626389,-120.1272194,0,8,0,0,2,2,0,1,3,1,0,1,0,0000000,99,99,99,99,88,88,0,0,0,1,0
6,62777,1,1,0,1,1,1,1,65,564,14,12,2013,7,2,17,0,13,6,RAILROAD CANYON ROAD,,0,33.673325,-117.2557667,0,8,0,0,1,1,0,1,3,1,0,1,0,0000000,99,99,99,99,88,88,0,0,0,1,0
6,62778,3,3,0,0,0,4,4,65,2116,27,12,2013,6,22,22,0,15,6,BUNDY CANYON RD,,0,33.64156667,-117.2184361,0,12,2,0,1,1,0,1,2,1,0,1,0,0000000,99,99,99,99,99,99,0,0,0,1,1