STATE,ST_CASE,VE_TOTAL,VE_FORMS,PVH_INVL,PEDS,PERNOTMVIT,PERMVIT,PERSONS,COUNTY,CITY,DAY,MONTH,YEAR,DAY_WEEK,HOUR,MINUTE,NHS,ROAD_FNC,ROUTE,TWAY_ID,TWAY_ID2,MILEPT,LATITUDE,LONGITUD,SP_JUR,HARM_EV,MAN_COLL,RELJCT1,RELJCT2,TYP_INT,WRK_ZONE,REL_ROAD,LGT_COND,WEATHER1,WEATHER2,WEATHER,SCH_BUS,RAIL,NOT_HOUR,NOT_MIN,ARR_HOUR,ARR_MIN,HOSP_HR,HOSP_MN,CF1,CF2,CF3,FATALS,DRUNK_DR
32,320023,1,1,0,1,1,1,1,3,0,12,2,2013,3,12,47,0,13,3,SR-159 CHARLESTON BLVD,PECOS STREET,0,36.15891944,-115.1010722,0,9,0,0,3,3,0,1,1,1,0,1,0,0000000,12,47,12,53,88,88,0,0,0,1,0
32,320024,3,3,0,0,0,6,6,3,0,22,2,2013,6,15,53,1,12,2,US-95,,940,36.30442778,-115.2913722,0,12,8,0,1,1,0,1,1,10,0,10,0,0000000,15,54,16,4,88,88,0,0,0,2,2
32,320025,1,1,0,2,2,1,1,3,120,24,2,2013,1,17,4,0,14,6,VALLEY VIEW BLVD,SAHARA AVENUE,0,36.14429722,-115.1908139,0,46,0,0,3,2,0,4,1,1,0,1,0,0000000,17,6,17,13,17,27,0,0,0,1,0
32,320026,1,1,0,1,1,3,3,3,0,25,2,2013,2,8,40,1,13,3,SR-160,EDMOND STREET,99998,36.03073333,-115.212225,0,8,0,0,2,2,0,1,1,1,0,1,0,0000000,8,43,8,52,88,88,0,0,0,1,0
32,320027,1,1,0,0,0,1,1,3,0,25,2,2013,2,22,35,1,11,1,I-215 WB ON RAMP,,99998,36.060425,-115.1799194,0,35,0,1,5,1,0,4,3,1,0,1,0,0000000,22,34,22,57,88,88,0,0,0,1,1
32,320028,2,2,0,0,0,4,4,31,0,2,3,2013,7,14,0,0,3,3,SR-341 GEIGER GRADE ROAD,,99998,39.38833611,-119.6995667,0,12,7,0,1,1,0,1,1,1,0,1,0,0000000,13,58,14,7,14,30,0,0,0,1,1
32,320029,1,1,0,1,1,1,1,23,0,3,3,2013,1,18,45,1,2,3,SR-160 PAHRUMP VALLEY ROAD,ACOMA AVENUE,99998,36.19345556,-115.967625,0,8,0,0,2,4,0,1,3,1,0,1,0,0000000,18,43,18,48,88,88,0,0,0,1,0
32,320030,3,1,2,0,0,3,3,3,120,9,3,2013,7,20,13,0,14,6,RAINBOW BLVD,,0,36.19509167,-115.242,0,33,0,0,1,1,0,4,3,1,0,1,0,0000000,20,13,20,16,88,88,14,0,0,1,1
32,320031,2,2,0,0,0,3,3,3,150,2,4,2013,3,9,40,0,14,6,GOWAN RD,DECATUR BLVD,0,36.2247,-115.2075472,0,12,6,0,2,2,0,1,1,1,0,1,0,0000000,9,42,9,53,10,10,0,0,0,1,0
32,320032,2,2,0,0,0,2,2,3,0,10,3,2013,1,14,50,1,11,1,I-15/US-93,,560,36.22338611,-115.1199611,0,12,6,0,1,1,0,1,1,1,0,1,0,0000000,14,51,14,59,15,18,0,0,0,1,1
32,320033,2,2,0,0,0,2,2,23,0,10,3,2013,1,17,5,0,3,3,SR-372,BARNEY STREET,26,36.18498333,-116.067675,0,12,6,0,2,2,0,1,1,1,0,1,0,0000000,17,8,17,19,88,88,0,0,0,1,0
32,320035,1,1,0,1,1,4,4,510,0,17,3,2013,1,22,54,1,13,2,US-50,,275,39.176875,-119.7323333,0,8,0,0,1,1,0,1,2,1,0,1,0,0000000,22,54,23,0,88,88,0,0,0,1,0
32,320036,1,1,0,0,0,1,1,3,0,22,3,2013,6,0,50,1,13,2,US-95,,933,36.29167778,-115.2801028,0,21,0,0,1,1,0,3,3,1,0,1,0,0000000,0,52,0,58,88,88,0,0,0,1,0
32,320037,2,2,0,0,0,3,3,3,0,23,3,2013,7,7,21,0,15,6,SPRING MOUNTAIN ROAD,WYNN ROAD,0,36.12640833,-115.1946806,0,12,6,0,2,2,0,1,1,1,0,1,0,0000000,7,21,7,28,8,1,0,0,0,1,1
32,320038,2,2,0,0,0,2,2,3,0,25,3,2013,2,5,9,1,2,2,US-95 N,,1033,36.40526111,-115.4035222,0,12,2,0,1,1,0,1,2,1,0,1,0,0000000,5,9,5,24,99,99,0,0,0,1,1
32,320039,1,1,0,0,0,1,1,17,0,25,3,2013,2,5,45,1,2,2,US-93,,1243,37.31349167,-115.1264556,0,35,0,0,1,1,0,4,2,1,0,1,0,0000000,88,88,88,88,88,88,0,0,0,1,1
32,320040,2,2,0,0,0,2,2,3,0,26,3,2013,3,2,28,1,11,1,I-515/US-95/US-93,,64,36.03731111,-115.0185,0,12,2,1,18,1,0,1,3,1,0,1,0,0000000,2,32,2,41,3,8,0,0,0,1,1
32,320041,2,2,0,0,0,9,9,3,0,30,3,2013,7,2,50,1,1,1,I-15 S,,998,36.73416667,-114.4386056,0,12,7,1,18,1,0,1,2,1,0,1,0,0000000,3,14,3,33,4,15,0,0,0,5,0
32,320042,2,2,0,0,0,6,6,31,170,31,3,2013,1,19,10,0,16,6,MAPLE STREET,SIERRA STREET,0,39.53403889,-119.8169444,0,12,6,1,2,2,0,1,3,10,0,10,0,0000000,19,6,19,8,19,34,0,0,0,1,0
32,320043,1,1,0,0,0,1,1,3,0,1,4,2013,2,1,59,1,1,1,I-15 N,,529,36.27861111,-115.0362444,0,1,0,0,1,1,0,3,2,1,0,1,0,0000000,2,0,2,11,88,88,0,0,0,1,0
32,320044,1,1,0,1,1,1,1,3,0,2,4,2013,3,15,5,0,16,6,TORINO AVENUE,,0,36.02805278,-115.2851611,0,8,0,0,1,1,0,1,1,1,0,1,0,0000000,15,7,15,17,15,42,0,0,0,1,0
32,320045,2,2,0,0,0,5,5,23,0,3,4,2013,4,22,5,0,4,3,SR-160,,572,36.26623611,-116.0025056,0,12,2,0,1,1,0,1,2,1,0,1,0,0000000,22,0,22,7,22,35,0,0,0,1,1
32,320046,1,1,0,0,0,1,1,3,0,23,4,2013,3,0,54,1,12,1,I-215 EB OFF-RAMP,WARM SPRINGS RD,80,36.05729167,-115.1404667,0,25,0,1,5,1,1,4,3,1,0,1,0,0000000,0,54,0,55,88,88,0,0,0,1,1
32,320047,1,1,0,1,1,1,1,3,0,4,4,2013,5,11,53,0,14,6,MARYLAND PARKWAY,RENO AVENUE,0,36.09724167,-115.1368806,0,15,0,0,3,3,0,1,1,1,0,1,1,0000000,11,54,11,57,12,7,0,0,0,1,0
32,320048,1,1,0,0,0,1,1,31,0,23,4,2013,3,15,57,1,12,2,US-395A,,120,39.35609722,-119.7730194,0,42,0,0,1,1,0,4,1,1,0,1,0,0000000,15,58,16,14,16,36,0,0,0,1,1
32,320049,1,1,0,1,1,1,1,3,0,9,4,2013,3,19,47,1,13,3,SR-582 BOULDER HIGHWAY,,99998,36.12105556,-115.0739306,0,8,0,0,1,1,0,1,3,1,0,1,0,0000000,19,47,19,53,20,1,0,0,0,1,0
32,320050,1,1,0,0,0,1,1,3,0,15,6,2013,7,0,50,1,11,1,I-15,,415,36.15848056,-115.1615556,0,25,0,0,1,1,0,4,3,1,0,1,0,0000000,0,56,0,59,88,88,0,0,0,1,1
32,320051,1,1,0,0,0,1,1,3,0,17,6,2013,2,0,58,0,2,3,SR-160 BLUE DIAMOND,,190,36.02068611,-115.5103639,0,1,0,0,1,1,0,4,2,1,0,1,0,0000000,99,99,99,99,99,99,0,0,0,1,1
32,320052,3,3,0,0,0,7,7,3,110,14,4,2013,1,19,43,0,6,6,VOLUNTEER BLVD,,0,35.95985833,-115.1407583,0,12,1,0,1,1,0,1,2,98,0,98,0,0000000,19,46,19,52,20,22,0,0,0,1,1
32,320053,2,2,0,0,0,2,2,3,0,15,4,2013,2,23,30,1,13,3,SR-160 BLUE DIAMOND ROAD,DECATUR BLVD,21,36.03241667,-115.2078472,0,12,6,0,2,2,0,1,3,1,0,1,0,0000000,23,34,23,40,0,10,0,0,0,1,1
32,320054,2,2,0,0,0,2,2,3,150,19,4,2013,6,17,35,1,13,3,SR-573 CRAIG ROAD,HOME DEPOT DRIVE,0,36.23933333,-115.1572222,0,12,1,0,1,1,0,1,1,1,0,1,0,0000000,17,35,17,40,88,88,0,0,0,1,2
32,320055,1,1,0,1,1,1,1,3,150,19,4,2013,6,19,20,0,13,3,SR-574 CHEYENNE AVENUE,,20,36.21718333,-115.2106444,0,9,0,0,1,1,0,1,3,1,0,1,0,0000000,19,17,19,36,88,88,0,0,0,1,0
32,320056,1,1,0,0,0,1,1,31,0,25,4,2013,5,20,54,0,9,8,WHISKEY SPRINGS ROAD,,0,39.79175833,-119.6065917,0,11,0,0,1,1,0,1,2,1,0,1,0,0000000,21,3,21,24,88,88,0,0,0,1,0
32,320057,1,1,0,1,1,1,1,3,0,30,6,2013,1,21,44,0,15,6,SPRING MTN RD,,0,36.12616667,-115.2112083,0,8,0,0,1,1,0,1,3,1,0,1,0,0000000,21,45,21,56,22,4,0,0,0,1,1
32,320058,2,2,0,0,0,2,2,3,0,26,4,2013,6,10,8,1,11,1,I-15 SB/US-95 NB RAMP,,430,36.17556667,-115.1542333,0,1,0,1,5,1,0,2,1,1,0,1,0,0000000,10,9,10,20,10,30,0,0,0,1,0
32,320059,1,1,0,1,1,1,1,3,0,6,5,2013,2,10,54,0,14,3,SR-592 FLAMINGO RD,DUNEVILLE ST,0,36.11480556,-115.220675,0,15,0,0,3,3,0,1,1,1,0,1,0,0000000,10,58,11,6,11,28,0,0,0,1,0
32,320060,1,1,0,0,0,1,1,27,0,19,3,2013,3,15,46,0,9,4,CR-ETNA RD,,0,40.33439444,-118.3227139,0,10,0,0,6,1,0,1,1,98,0,98,0,9999999,88,88,88,88,88,88,0,0,0,1,0
32,320061,1,1,0,0,0,1,1,3,120,19,1,2013,7,23,40,0,14,3,SR-579 BONANZA RD,7TH ST,0,36.17740833,-115.1969611,0,43,0,0,3,3,0,4,3,1,0,1,0,0000000,23,42,23,46,88,88,0,0,0,1,1
32,320062,1,1,0,1,1,1,1,3,120,3,2,2013,1,1,36,0,13,3,SR-589 SAHARA AVE,,0,36.14383056,-115.1606167,0,8,0,0,1,1,0,1,3,1,0,1,0,0000000,1,41,1,47,1,59,0,0,0,1,0
32,320063,1,1,0,1,1,1,1,31,170,31,5,2013,6,20,48,0,14,6,ARLINGTON AVE,2ND AVE,0,39.53256944,-119.8192389,0,15,0,0,3,2,0,1,3,1,0,1,0,0000000,20,48,20,52,21,6,0,0,0,1,0
32,320064,2,2,0,0,0,2,2,3,150,16,1,2013,4,11,28,0,14,6,E CAREY AVE,N SANDY LANE,0,36.20318611,-115.0939056,0,12,6,0,2,2,0,1,1,1,0,1,0,0000000,11,28,11,32,12,24,0,0,0,1,0
32,320065,2,2,0,0,0,2,2,3,0,8,1,2013,3,18,23,0,14,6,SPRING MTN RD,BUFFALO DR,0,36.12554722,-115.2610111,0,12,6,0,2,2,0,1,3,1,0,1,0,0000000,18,25,18,30,18,59,0,0,0,1,0
32,320066,2,2,0,0,0,2,2,31,170,20,2,2013,4,15,30,0,15,6,HOLCOMB AVE,CHENEY ST,0,39.5183,-119.8067944,0,12,6,0,2,2,0,1,1,1,0,1,0,0000000,15,32,15,38,15,55,0,0,0,1,0
32,320067,1,1,0,1,1,1,1,3,0,1,4,2013,2,17,2,0,14,6,SPRING MTN RD,WYNN RD,0,36.12643056,-115.1947167,0,8,0,0,3,2,0,1,1,1,0,1,0,0000000,17,3,17,9,17,25,0,0,0,1,0
32,320068,1,1,0,1,1,1,1,3,0,7,4,2013,1,21,3,0,13,3,SR-593 TROPICANA BLVD,,0,36.10086944,-115.1529667,0,8,0,0,1,1,0,1,3,10,7,7,0,0000000,21,5,21,10,88,88,0,0,0,1,0
32,320069,1,1,0,1,1,1,1,3,0,29,4,2013,2,2,49,0,13,3,SR-582 BOULDER HWY,,99998,36.11267222,-115.0640889,0,8,0,0,1,1,0,1,3,1,0,1,0,0000000,2,53,2,55,3,9,0,0,0,1,0
32,320070,1,1,0,0,0,1,1,3,0,30,4,2013,3,22,21,0,16,6,OSO BLANCA RD,,0,36.33617778,-115.3215528,0,43,0,0,1,1,0,4,2,1,0,1,0,0000000,22,21,99,99,88,88,0,0,0,1,1
32,320071,1,1,0,0,0,1,1,3,0,25,5,2013,7,22,6,0,14,3,SR-604 LAS VEGAS BLVD,,86,35.82381667,-115.2878972,0,33,0,0,1,1,0,4,2,1,0,1,0,0000000,22,15,22,33,88,88,0,0,0,1,1
32,320072,1,1,0,0,0,1,1,21,0,3,5,2013,6,1,35,0,6,4,CR-ARMORY RD,,0,38.52885278,-118.6337694,0,17,0,0,1,1,0,4,2,1,0,1,0,0000000,1,36,1,45,2,6,0,0,0,1,1
32,320073,2,2,0,0,0,5,5,5,0,9,6,2013,1,14,55,1,2,2,US-50,,40,39.01643056,-119.9474556,0,12,6,0,1,1,0,1,1,2,3,3,0,0000000,14,53,14,58,99,99,0,0,0,1,0
32,320074,2,2,0,0,0,3,3,510,0,23,6,2013,1,3,25,1,2,2,US-50,,150,39.193075,-119.6940583,0,12,2,0,1,1,0,1,2,1,0,1,0,0000000,3,39,4,1,4,25,0,0,0,2,2
32,320075,1,1,0,0,0,1,1,1,0,29,6,2013,7,18,45,1,2,2,US-50,,1540,39.492425,-117.8011417,0,32,0,0,1,1,0,4,1,1,0,1,0,0000000,10,54,12,5,13,5,18,0,0,1,0
32,320076,3,3,0,0,0,7,7,3,0,28,4,2013,1,20,4,1,2,3,SR-160,,186,35.99792778,-115.4748889,0,12,6,0,1,1,0,1,2,1,0,1,0,0000000,20,9,20,38,99,99,14,0,0,1,1
32,320077,2,2,0,0,0,4,4,23,0,5,5,2013,1,21,35,1,2,2,US-95,,1632,36.63207222,-116.3522806,0,12,2,0,1,1,0,1,2,1,0,1,0,0000000,21,0,22,2,88,88,0,0,0,4,0
32,320078,1,1,0,0,0,1,1,3,0,9,5,2013,5,2,57,1,1,1,I-15,,181,35.84551111,-115.2720111,0,25,0,0,1,1,0,3,2,1,0,1,0,0000000,3,0,3,35,88,88,0,0,0,1,1
32,320079,1,1,0,0,0,2,2,7,0,8,7,2013,2,15,48,1,1,1,I-80,,3430,41.08248333,-115.2724472,0,59,0,0,1,1,0,4,1,10,0,10,0,0000000,15,48,15,59,88,88,0,0,0,2,0
32,320080,2,2,0,0,0,7,7,3,0,19,5,2013,1,4,30,1,11,1,I-15 S,,537,36.28159444,-115.0283361,0,12,2,1,19,1,0,2,2,1,0,1,0,0000000,4,43,5,15,5,41,0,0,0,3,0
32,320081,2,2,0,0,0,3,3,19,0,10,7,2013,4,15,30,1,2,2,US-50,,420,39.30028611,-119.5199944,0,12,2,0,1,1,0,1,1,1,0,1,0,0000000,15,32,15,37,88,88,0,0,0,3,1
32,320082,3,3,0,0,0,4,4,5,0,18,7,2013,5,9,50,1,2,2,US-395,,190,38.90062778,-119.7041278,0,12,1,0,1,1,0,1,1,1,0,1,0,0000000,9,50,9,56,99,99,0,0,0,1,0
32,320083,2,2,0,0,0,2,2,3,0,24,5,2013,6,3,47,1,11,1,I-15,,331,36.04910556,-115.1808778,0,12,1,0,1,1,0,1,3,1,0,1,0,0000000,3,50,3,59,4,21,19,0,0,1,1
32,320084,1,1,0,0,0,1,1,19,0,19,8,2013,2,18,21,0,6,5,INDUSTRIAL PARKWAY,BROWN DR,0,39.22835556,-119.6520028,0,1,0,0,3,3,0,4,1,1,0,1,0,0000000,18,16,18,37,18,57,0,0,0,1,1
32,320085,1,1,0,1,1,1,1,3,0,21,5,2013,3,21,42,1,2,2,US-95,,570,35.97928889,-114.9154639,0,8,0,0,1,1,0,1,2,1,0,1,0,0000000,21,43,21,50,22,30,0,0,0,1,0
32,320086,1,1,0,0,0,1,1,3,0,2,6,2013,1,20,25,1,11,1,I-15 N,,420,36.1598,-115.1600722,0,31,0,1,19,1,0,8,3,1,0,1,0,0000000,20,27,20,31,20,50,0,0,0,1,1
32,320087,3,2,1,0,2,3,5,3,0,13,6,2013,5,16,20,1,13,2,US-95,,610,36.01252778,-114.9904639,0,14,0,1,19,1,0,2,1,1,0,1,0,0000000,16,22,16,31,17,4,0,0,0,1,0
32,320088,1,1,0,0,0,1,1,17,0,18,6,2013,3,13,0,0,3,2,US-93,,1620,37.61355833,-114.8474639,0,31,0,0,1,1,0,4,1,1,0,1,0,0000000,13,2,13,39,99,96,0,0,0,1,0
32,320089,1,1,0,1,1,1,1,3,0,19,6,2013,4,7,55,0,14,3,SR-604 LAS VEGAS BLVD,,167,35.97874722,-115.1727056,0,9,0,0,1,1,0,1,1,1,0,1,0,0000000,8,9,8,21,88,88,0,0,0,1,0
32,320090,4,4,0,0,0,4,4,3,0,27,6,2013,5,8,58,1,12,2,US-95,,805,36.17537222,-115.1830639,0,12,1,1,18,1,0,1,1,1,0,1,0,0000000,8,59,9,4,9,44,19,0,0,1,0
32,320091,1,1,0,1,1,1,1,3,0,28,6,2013,6,4,40,1,13,3,SR-160,,58,36.02010833,-115.27125,0,8,0,0,1,1,0,1,2,1,0,1,0,0000000,10,7,10,14,88,88,0,0,0,1,0
32,320092,2,2,0,0,0,4,4,3,0,3,7,2013,4,16,28,1,13,4,CR-215,,99998,36.06702222,-115.21965,0,25,0,1,19,1,0,3,1,1,0,1,0,0000000,16,29,16,39,17,23,0,0,0,1,0
32,320093,1,1,0,0,0,2,2,3,0,11,7,2013,5,20,30,0,9,3,SR-159,,112,36.41327778,-115.551525,0,1,0,0,1,1,0,4,2,2,0,2,0,0000000,20,33,20,45,21,9,0,0,0,1,0
32,320094,1,1,0,0,0,1,1,3,0,21,7,2013,1,17,44,1,2,3,SR-160 BLUE DIAMOND RD,,184,35.99761111,-115.4733806,5,24,0,0,1,1,0,4,1,10,0,10,0,0000000,99,99,99,99,88,88,0,0,0,1,1
32,320095,1,1,0,0,0,1,1,3,0,20,8,2013,3,9,19,0,14,6,RAMPART BLVD,SUMMERLIN PARKWAY EB ON RAMP,0,36.17701111,-115.2870694,0,31,0,0,3,2,0,8,1,1,0,1,0,0000000,9,20,9,27,9,40,0,0,0,1,0
32,320096,3,3,0,1,1,4,4,3,0,14,7,2013,1,11,59,1,12,2,US-95,,820,36.19565556,-115.2446583,1,8,0,1,18,1,0,1,1,1,0,1,0,0000000,11,56,12,0,12,15,0,0,0,1,0
32,320097,1,1,0,1,1,1,1,510,0,8,2,2013,6,6,33,1,2,2,US-50,,145,39.17107778,-119.754975,0,8,0,0,1,1,0,1,3,1,0,1,0,0000000,6,28,6,33,88,88,0,0,0,1,0
32,320098,3,2,1,0,0,2,2,3,0,1,1,2013,3,12,41,0,14,3,SR-592 FLAMINGO ROAD,,99998,36.115625,-115.1947111,0,14,0,0,1,1,0,7,1,1,0,1,0,0000000,12,41,12,48,13,19,0,0,0,1,0
32,320099,1,1,0,1,1,1,1,3,0,5,1,2013,7,18,17,0,14,6,WARM SPRINGS RD,,0,36.0572,-115.194425,0,8,0,0,1,1,0,1,2,1,0,1,0,0000000,18,18,18,25,88,88,0,0,0,1,0
32,320100,1,1,0,0,0,2,2,3,120,10,2,2013,1,9,13,0,13,3,SR-159 CHARLESTON BLVD,,0,36.15888333,-115.1790528,0,42,0,0,1,1,0,3,1,1,0,1,0,0000000,9,15,9,22,9,55,0,0,0,1,0
32,320101,2,2,0,0,0,2,2,3,0,15,2,2013,6,2,48,0,13,3,SR-612 NELLIS BLVD,OWENS AVE,0,36.18871389,-115.0621333,0,12,1,0,3,2,0,1,3,1,0,1,0,0000000,2,49,2,56,88,88,0,0,0,1,1
32,320102,1,1,0,1,1,1,1,3,0,16,2,2013,7,19,14,0,14,3,SR-592 FLAMINGO RD,,0,36.11506389,-115.2853111,0,8,0,0,1,1,0,1,3,10,0,10,0,0000000,19,17,19,25,19,50,0,0,0,1,0
32,320103,1,1,0,0,0,2,2,3,0,18,2,2013,2,3,26,0,14,3,SR-592 FLAMINGO RD,,0,36.11531667,-115.213175,0,33,0,0,1,1,0,4,3,1,0,1,0,0000000,3,26,99,99,99,99,0,0,0,1,1
32,320104,1,1,0,1,1,1,1,3,120,27,2,2013,4,22,31,0,15,6,TORREY PINES DR,,0,36.16116667,-115.2330667,0,8,0,0,1,1,0,1,3,1,0,1,0,0000000,22,34,22,38,88,88,0,0,0,1,0
32,320105,2,2,0,0,0,2,2,3,120,8,3,2013,6,17,50,0,14,6,OWENS AVE,,0,36.18837778,-115.0883167,0,12,9,0,1,1,0,1,3,2,10,2,0,0000000,17,51,17,56,88,88,0,0,0,1,0
32,320106,1,1,0,1,1,1,1,3,0,17,3,2013,1,0,10,0,14,3,SR-159 CHARLESTON BLVD,STILLWATER BRIDGE ST,0,36.15947222,-115.0366778,0,8,0,0,2,2,0,1,3,1,0,1,0,0000000,0,10,99,99,88,88,0,0,0,1,0
32,320107,2,2,0,0,0,2,2,3,0,25,3,2013,2,3,28,0,14,3,SR-562 SUNSET RD,,0,36.07179167,-115.13045,0,1,0,0,8,1,0,1,3,1,0,1,0,0000000,3,29,3,40,88,88,0,0,0,1,2
32,320108,2,2,0,0,0,2,2,3,120,19,3,2013,3,1,45,0,14,6,ANN RD,BLOOMING ST,0,36.26314444,-115.2459833,0,12,1,0,2,3,0,1,3,1,0,1,0,0000000,1,47,1,52,88,88,0,0,0,1,1
32,320109,1,1,0,1,1,1,1,3,0,19,3,2013,3,21,7,0,14,6,WARM SPRINGS RD,SR-604 LAS VEGAS BLVD,0,36.05691111,-115.1723556,0,8,0,0,3,2,0,1,3,1,0,1,0,0000000,21,8,21,11,21,30,0,0,0,1,0
32,320110,2,2,0,0,0,2,2,3,0,23,3,2013,7,17,40,0,13,3,SR-612 NELLIS BLVD,LINDA AVE,0,36.13143333,-115.0654694,0,1,0,0,8,1,0,1,1,1,0,1,0,0000000,17,41,17,45,18,23,0,0,0,1,0
32,320111,1,1,0,1,1,1,1,3,120,10,4,2013,4,15,30,0,14,3,SR-604 LAS VEGAS BLVD,,0,36.15473333,-115.1502333,0,8,0,0,1,1,0,1,1,1,0,1,0,0000000,15,31,15,34,15,56,0,0,0,1,0
32,320112,1,1,0,0,0,1,1,3,0,11,4,2013,5,19,25,0,14,6,INDUSTRIAL RD,MEL TORME WAY,0,36.12655833,-115.176175,0,33,0,0,3,3,0,4,3,1,0,1,0,0000000,19,27,19,30,19,46,24,0,0,1,0
32,320113,2,2,0,0,0,2,2,3,0,12,4,2013,6,8,11,0,14,6,RUSSELL RD,PECOS RD,0,36.08633889,-115.1009444,0,12,8,0,3,2,0,1,1,1,0,1,0,0000000,8,12,8,22,8,46,0,0,0,1,0
32,320114,2,2,0,0,0,3,3,3,150,12,5,2013,1,0,56,0,16,6,GOLDFIELD,WASHBURN,0,36.25421111,-115.1393944,0,12,6,0,2,2,0,1,3,1,0,1,0,0000000,1,1,1,9,99,99,0,0,0,1,1
32,320115,1,1,0,1,1,2,2,3,0,23,5,2013,5,17,50,0,13,3,SR-589 SAHARA AVE,MARYLAND PKWY,0,36.14436111,-115.1379139,0,8,0,0,3,2,0,1,1,1,0,1,0,0000000,17,52,17,57,18,14,0,0,0,1,0
32,320116,1,1,0,1,1,2,2,3,0,1,6,2013,7,20,20,0,13,3,SR-589 SAHARA AVE,VAN PATTEN ST,0,36.14373611,-115.1486222,0,8,0,0,3,2,0,1,3,1,0,1,0,0000000,20,21,20,25,20,33,0,0,0,1,0
32,320117,2,2,0,0,0,3,3,3,150,19,6,2013,4,20,31,0,14,6,CAMINO AL NORTE,EDNA CRANE AVE,0,36.25840556,-115.1532472,0,12,6,0,3,3,0,1,3,1,0,1,0,0000000,20,34,20,37,99,99,0,0,0,1,1
32,320118,1,1,0,1,1,1,1,3,0,20,6,2013,5,21,24,0,13,3,SR-595 RAINBOW BLVD,,0,36.11016667,-115.2429833,0,8,0,0,1,1,0,1,3,1,0,1,0,0000000,21,25,21,28,21,46,0,0,0,1,0
32,320119,1,1,0,0,0,1,1,3,110,4,7,2013,5,11,18,0,15,6,WINDMILL PKWY,,0,36.04178333,-115.0596583,0,33,0,0,1,1,0,3,1,1,0,1,0,0000000,11,19,11,24,11,47,0,0,0,1,0
32,320120,1,1,0,0,0,2,2,3,150,2,5,2013,5,4,26,0,14,6,CAMINO ELDORADO,,0,36.26963889,-115.1609722,0,33,0,0,1,1,0,4,3,1,0,1,0,0000000,4,29,4,33,5,5,0,0,0,1,1
32,320121,2,2,0,0,0,9,9,3,0,6,7,2013,7,21,7,0,14,3,SR-592 FLAMINGO ROAD,,0,36.11490833,-115.0685528,0,12,1,0,1,1,0,2,3,1,0,1,0,0000000,21,7,99,99,99,99,0,0,0,1,1
32,320122,15,15,0,0,0,25,25,13,0,10,6,2013,2,16,45,1,1,1,I-80,,1754,40.9365,-117.7890417,0,12,1,0,1,1,0,1,1,6,7,6,0,0000000,16,42,17,15,19,26,19,0,0,1,0
32,320123,1,1,0,1,1,1,1,3,0,8,7,2013,2,3,44,0,13,3,SR-593 TROPICANA AVE,,0,36.10096389,-115.1397778,0,8,0,0,1,1,0,1,3,1,0,1,0,0000000,3,46,3,52,88,88,0,0,0,1,0
32,320124,1,1,0,0,0,1,1,3,0,9,7,2013,3,4,48,0,14,6,TOWN CENTER DR,,0,36.13380833,-115.3247139,0,30,0,0,1,1,0,3,3,10,0,10,0,0000000,4,48,99,99,88,88,0,0,0,1,0
32,320125,1,1,0,0,0,1,1,3,120,9,7,2013,3,14,16,0,14,6,SAHARA AVE,,0,36.14445,-115.2955556,0,1,0,0,1,1,0,4,1,1,0,1,0,0000000,14,17,14,26,14,49,0,0,0,1,0
32,320126,1,1,0,0,0,2,2,3,0,14,7,2013,1,6,56,0,6,5,CHAPEL WAY,DIAGONAL ST,0,36.76788333,-114.1309778,0,1,0,0,3,3,0,1,1,1,0,1,0,0000000,6,26,6,39,88,88,0,0,0,1,1
32,320127,1,1,0,0,0,4,4,13,0,14,7,2013,1,15,0,0,3,3,SR-140 DENIO RD,,480,41.94136111,-118.6232194,0,59,0,0,1,1,0,4,1,1,0,1,0,0000000,15,34,17,7,19,9,0,0,0,2,0
32,320128,2,2,0,0,0,3,3,3,120,15,7,2013,2,22,11,0,14,6,DURANGO DR,STARBOARD DR,0,36.13775833,-115.2789861,0,12,6,0,2,3,0,1,3,1,0,1,0,0000000,10,13,10,17,10,34,0,0,0,1,0
32,320129,1,1,0,1,1,3,3,3,0,21,7,2013,1,2,50,0,14,3,SR-592 FLAMINGO RD,,0,36.11471667,-115.1165944,0,8,0,0,1,1,0,1,3,10,2,2,0,0000000,2,50,99,99,88,88,0,0,0,1,1
32,320130,2,2,0,0,0,4,4,3,150,27,7,2013,7,0,31,0,13,6,LAKE MEAD BLVD,TEXAS STAR LANE,0,36.19782222,-115.1891833,0,12,6,0,2,2,0,1,3,10,0,10,0,0000000,0,32,0,43,1,12,13,0,0,1,1
32,320131,3,3,0,0,0,16,16,5,0,30,7,2013,3,20,50,1,2,2,US-50,,73,39.04870833,-119.9425361,0,12,6,0,1,1,0,1,2,1,0,1,0,0000000,21,16,21,35,22,0,0,0,0,1,0
32,320132,2,2,0,0,0,2,2,3,0,1,8,2013,5,4,0,0,14,6,DESERT INN RD,,0,36.12927778,-115.2547583,0,12,1,0,1,1,0,1,3,1,0,1,0,0000000,4,3,4,10,4,34,0,0,0,1,1
32,320133,2,2,0,0,0,3,3,3,0,1,8,2013,5,12,49,1,11,1,I-15,,544,36.28893889,-115.0092444,0,12,7,0,1,1,0,1,1,6,0,6,0,0000000,12,53,13,5,13,30,0,0,0,1,0