STATE,ST_CASE,VE_TOTAL,VE_FORMS,PVH_INVL,PEDS,PERNOTMVIT,PERMVIT,PERSONS,COUNTY,CITY,DAY,MONTH,YEAR,DAY_WEEK,HOUR,MINUTE,NHS,ROAD_FNC,ROUTE,TWAY_ID,TWAY_ID2,MILEPT,LATITUDE,LONGITUD,SP_JUR,HARM_EV,MAN_COLL,RELJCT1,RELJCT2,TYP_INT,WRK_ZONE,REL_ROAD,LGT_COND,WEATHER1,WEATHER2,WEATHER,SCH_BUS,RAIL,NOT_HOUR,NOT_MIN,ARR_HOUR,ARR_MIN,HOSP_HR,HOSP_MN,CF1,CF2,CF3,FATALS,DRUNK_DR
32,320134,2,2,0,0,0,2,2,3,0,1,8,2013,5,19,7,0,13,3,SR-589 SAHARA AVE,VAN PATTEN ST,0,36.14375,-115.1484222,0,1,0,0,2,3,0,1,1,1,0,1,0,0000000,19,8,19,13,19,20,0,0,0,1,1
32,320135,2,2,0,0,0,3,3,31,0,2,8,2013,6,14,7,1,1,1,I-80,,400,39.59066111,-119.3805861,0,24,0,0,1,1,0,3,1,6,0,6,0,0000000,14,13,14,37,14,58,14,0,0,1,0
32,320136,2,2,0,0,0,2,2,3,120,7,8,2013,4,10,54,0,16,6,STANGE AVE,CLIFF SHADOWS PKWY,0,36.24211667,-115.3279028,0,12,6,0,2,2,0,1,1,1,0,1,0,0000000,10,55,11,0,11,31,0,0,0,1,0
32,320137,2,2,0,0,0,2,2,3,0,10,8,2013,7,23,35,0,14,3,SR-595 RAINBOW BLVD,,0,36.17531944,-115.2443139,0,1,0,1,18,1,0,1,3,1,0,1,0,0000000,23,39,23,45,88,88,14,0,0,1,1
32,320138,1,1,0,0,0,2,2,3,0,10,8,2013,7,2,10,0,12,8,SUMMERLIN PKWY,BUFFALO DRIVER OFF-RAMP,99998,36.17863056,-115.2566139,0,59,0,1,19,1,0,8,2,1,0,1,0,0000000,2,8,2,20,2,45,0,0,0,1,1
32,320139,1,1,0,1,1,1,1,5,0,10,8,2013,7,3,7,1,2,2,US-50,,99998,38.96289444,-119.9394778,0,8,0,0,1,1,0,1,2,1,0,1,0,0000000,99,99,99,99,99,99,0,0,0,1,0
32,320140,1,1,0,0,0,1,1,3,0,11,8,2013,1,7,41,0,9,3,SR-167 NORTH SHORE RD,,308,36.15727778,-114.7916472,1,1,0,0,1,1,0,4,1,1,0,1,0,0000000,99,99,99,99,88,88,0,0,0,1,0
32,320141,1,1,0,1,1,1,1,19,0,12,8,2013,2,12,35,1,2,2,US-50 ALTERNATE,,150,39.60421111,-119.2304889,0,9,0,0,1,1,0,1,1,1,0,1,0,0000000,12,39,12,41,13,27,0,0,0,1,0
32,320142,1,1,0,0,0,1,1,23,0,12,8,2013,2,14,30,0,4,3,SR-379 DUCKWATER RD,,2,38.75129167,-115.4838861,0,1,0,0,1,1,0,4,1,1,0,1,0,0000000,15,1,99,97,99,97,0,0,0,1,1
32,320143,2,2,0,0,0,3,3,31,170,13,8,2013,3,19,7,0,16,6,LEAR BLVD,PRODUCTION CT,0,39.64263611,-119.8918167,0,12,6,0,2,2,0,1,1,1,0,1,0,0000000,19,8,19,16,19,48,0,0,0,1,1
32,320144,1,1,0,1,1,1,1,5,0,20,8,2013,3,11,5,0,6,5,PINENUT DR,EAST VALLEY RD,0,38.91427222,-119.6957861,0,9,0,0,3,2,0,1,1,1,0,1,0,0000000,10,58,11,5,99,99,0,0,0,1,0
32,320145,1,1,0,1,1,1,1,3,110,20,8,2013,3,4,35,0,13,3,SR-582 BOULDER HWY,,99998,36.01338056,-114.9522278,0,8,0,0,1,1,0,1,3,1,0,1,0,0000000,4,37,4,42,88,88,0,0,0,1,0
32,320146,1,1,0,1,1,1,1,3,0,21,8,2013,4,17,29,0,14,6,VALLEY VIEW BLVD,,0,36.13334444,-115.1903889,0,9,0,0,1,1,1,1,1,10,0,10,0,0000000,17,29,17,36,17,53,0,0,0,1,0
32,320147,1,1,0,1,1,1,1,3,150,22,8,2013,5,5,23,0,14,3,SR-574 CHEYENNE AVE,,0,36.21749722,-115.1674861,0,8,0,0,1,1,0,1,3,10,0,10,0,0000000,99,99,99,99,88,88,0,0,0,1,0
32,320148,1,1,0,1,1,1,1,3,120,10,1,2013,5,10,21,0,14,6,DECATUR BLVD,,0,36.19138611,-115.2058306,0,8,0,0,1,1,0,1,1,10,0,10,0,0000000,10,22,10,27,88,88,0,0,0,1,0
32,320149,2,2,0,0,0,5,5,3,0,16,1,2013,4,15,39,0,13,3,SR-593 TROPICANA AVE,PHILMAR AVE,99998,36.10021111,-115.0769611,0,1,0,0,2,3,0,1,1,1,0,1,0,0000000,15,40,15,48,16,4,14,0,0,1,0
32,320150,1,1,0,1,1,1,1,3,0,11,5,2013,7,22,59,0,14,3,SR-596 JONES BLVD,SADDLE AVE,0,36.11630556,-115.2248778,0,8,0,0,3,3,0,1,3,1,0,1,0,0000000,22,59,23,1,23,57,0,0,0,1,0
32,320151,2,1,1,0,1,3,4,3,0,30,6,2013,1,1,51,0,14,6,E SAHARA AVE,,0,36.14460833,-115.0498222,0,43,0,0,1,1,0,3,3,1,0,1,0,0000000,1,56,2,7,2,31,0,0,0,1,1
32,320152,1,1,0,1,1,1,1,3,0,21,7,2013,1,21,28,1,13,3,SR-582 BOULDER HWY,E SUN VALLEY DRIVE,99998,36.10614167,-115.0571472,0,8,0,0,3,3,0,1,3,1,0,1,0,0000000,21,30,21,37,88,88,0,0,0,1,0
32,320153,1,1,0,0,0,1,1,3,0,6,8,2013,3,18,30,0,15,6,OSO BLANCA ROAD,,0,36.32352778,-115.3098278,0,1,0,0,1,1,0,2,1,1,0,1,0,0000000,18,30,99,99,88,88,0,0,0,1,1
32,320154,2,2,0,0,0,2,2,3,120,22,8,2013,5,21,20,0,15,6,OAKEY BLVD,ARVILLE ST,0,36.151725,-115.1997944,0,12,6,0,2,2,0,1,3,1,0,1,0,0000000,99,99,99,99,99,99,0,0,0,1,2
32,320155,2,2,0,0,0,2,2,19,0,25,8,2013,1,9,43,1,3,2,US-95 ALT,FIR AVE,99998,39.37538889,-119.2335444,0,12,6,0,2,2,0,1,1,1,0,1,0,0000000,9,46,9,57,88,88,0,0,0,1,0
32,320156,2,2,0,0,0,2,2,3,120,27,8,2013,3,13,50,0,14,3,SR-159 W CHARLESTON,S DURANGO DRIVE,99998,36.15903056,-115.2802667,0,12,6,0,2,2,0,1,1,10,0,10,0,0000000,14,17,14,24,14,37,0,0,0,1,0
32,320157,3,3,0,0,0,3,3,3,0,27,8,2013,3,16,54,1,13,3,SR-593 TROPICANA AVE,PARADISE RD,99998,36.1008,-115.1510472,0,1,0,0,3,2,0,1,1,1,0,1,0,0000000,16,55,17,8,17,16,0,0,0,1,0
32,320158,3,3,0,1,1,3,3,31,170,28,8,2013,4,4,16,0,14,3,SR-647 W 4TH STREET,,99998,39.51162778,-119.8664222,0,8,0,0,1,1,0,1,2,5,0,5,0,0000000,4,16,4,25,88,88,0,0,0,1,0
32,320159,2,2,0,0,0,3,3,7,0,29,8,2013,5,10,45,1,2,2,US-93,DELAPLAIN ROAD,1390,41.949775,-114.6821667,0,12,1,0,2,2,0,1,1,1,0,1,0,0000000,11,39,11,49,13,5,0,0,0,1,0
32,320160,1,1,0,0,0,2,2,3,110,31,8,2013,7,2,19,0,16,6,PEBBLE RD,CARNEGIE ST,0,36.02638889,-115.0922917,0,33,0,0,3,3,0,4,3,1,0,1,0,0000000,99,99,99,99,99,99,0,0,0,1,1
32,320161,2,2,0,0,0,9,9,23,0,1,9,2013,1,14,50,1,2,2,US-95,,150,36.56962222,-116.1569444,0,12,6,0,8,1,0,1,1,10,1,10,0,0000000,15,10,15,38,16,15,0,0,0,1,0
32,320162,1,1,0,0,0,1,1,3,150,2,9,2013,2,3,39,0,13,6,LAKE MEAD BLVD,VICTOR WAY,0,36.19758889,-115.1768639,0,39,0,0,3,2,0,4,3,1,0,1,0,0000000,99,99,99,99,88,88,0,0,0,1,1
32,320163,2,2,0,0,0,2,2,3,0,3,9,2013,3,2,28,1,12,2,US-95 S,,830,36.22495833,-115.2469889,0,12,1,1,18,1,0,1,2,2,10,2,0,0000000,99,99,99,99,88,88,0,0,0,1,1
32,320165,2,2,0,0,0,3,3,3,0,13,9,2013,6,8,45,1,13,3,SR-160 BLUE DIAMOND HWY,S EL CAPITAN WAY,99998,36.02039167,-115.2885528,0,12,6,0,2,2,0,1,1,1,0,1,1,0000000,99,99,99,99,99,99,0,0,0,1,0
32,320166,1,1,0,0,0,2,2,33,0,13,9,2013,6,17,5,1,2,2,US-50,,90,39.39057778,-115.7417528,0,34,0,0,1,1,0,4,1,10,0,10,0,0000000,99,99,99,99,99,99,0,0,0,1,1
32,320167,2,2,0,0,0,3,3,3,0,16,9,2013,2,20,34,1,1,1,I-15,,270,35.958,-115.1819306,0,12,1,1,18,1,0,1,3,1,0,1,0,0000000,99,99,99,99,88,88,0,0,0,2,0
32,320168,1,1,0,0,0,1,1,3,0,18,9,2013,4,7,6,0,14,6,LAMB BLVD,PROVINCETOWN ST,0,36.19359167,-115.0798889,0,39,0,0,3,3,0,4,1,1,0,1,0,0000000,7,6,7,11,7,29,0,0,0,1,0
32,320169,1,1,0,1,1,3,3,3,120,19,9,2013,5,15,55,0,14,6,MARTIN L KING BLVD,BALZAR AVE,0,36.19927222,-115.1608389,0,15,0,0,3,2,0,1,1,1,0,1,0,0000000,15,56,15,59,88,88,0,0,0,1,0
32,320170,2,2,0,0,0,2,2,3,0,19,9,2013,5,23,56,0,13,3,SR-593 TROPICANA AVE,EDMOND ST,0,36.10057222,-115.2122361,0,1,0,0,2,3,0,1,3,1,0,1,0,0000000,23,57,0,2,88,88,0,0,0,1,0
32,320171,1,1,0,0,0,2,2,3,110,23,9,2013,2,3,17,0,16,6,N STEPHANIE ST,,0,36.07508889,-115.0459306,0,33,0,0,1,1,0,4,3,1,0,1,0,0000000,99,99,99,99,99,99,0,0,0,1,1
32,320172,1,1,0,0,0,1,1,17,0,23,9,2013,2,20,24,1,2,3,SR-318,,10,37.53298889,-115.2326667,0,31,0,0,1,1,0,4,2,1,0,1,0,0000000,99,99,99,99,88,88,0,0,0,1,0
32,320173,1,1,0,0,0,1,1,3,120,25,9,2013,4,21,19,0,14,6,VALLEY VIEW BLVD,PENNWOOD AVE,0,36.13725556,-115.1905222,0,43,0,0,3,3,1,3,3,1,0,1,0,0000000,21,21,21,31,21,38,0,0,0,1,0
32,320174,2,2,0,0,0,2,2,31,0,27,9,2013,6,13,5,1,3,2,US-395 VIRGINIA ST,HOLCOMB RANCH LANE,200,39.44392778,-119.7729361,0,5,0,0,2,3,0,1,1,1,0,1,0,0000000,13,47,13,51,14,19,0,0,0,1,0
32,320175,1,1,0,1,1,1,1,3,0,29,9,2013,1,5,43,1,11,1,I-15,,380,36.11085278,-115.1802583,0,8,0,1,5,1,0,1,3,1,0,1,0,0000000,5,42,5,48,88,88,0,0,0,1,0
32,320176,1,1,0,0,0,2,2,21,0,29,9,2013,1,19,20,1,3,2,US-6,,140,38.0095,-118.2761556,0,11,0,0,1,1,0,1,5,1,0,1,0,0000000,22,46,23,39,0,5,0,0,0,1,0
32,320177,2,2,0,0,0,2,2,3,0,30,9,2013,2,6,53,0,15,6,GRAND CANYON DR,ANN RD,0,36.26266111,-115.3061639,0,12,6,0,2,2,0,1,1,1,0,1,0,0000000,6,54,7,0,7,35,0,0,0,1,0
32,320179,1,1,0,0,0,1,1,3,0,15,10,2013,3,9,50,1,12,3,SR-215 BRUCE WOODBURY HWY,,400,36.27505556,-115.2193944,0,20,0,0,1,1,1,4,1,1,0,1,0,0000000,99,99,99,99,88,88,0,0,0,1,0
32,320180,2,2,0,0,0,3,3,3,0,9,10,2013,4,1,13,0,14,6,DESERT INN RD,CHANNEL 8 DRIVE,0,36.12965556,-115.1618778,0,12,7,0,2,3,0,1,3,1,0,1,0,0000000,1,37,1,42,88,88,0,0,0,2,1
32,320181,1,1,0,0,0,1,1,3,0,5,10,2013,7,11,55,0,14,6,DESERT INN RD,,0,36.12943056,-115.1470611,0,33,0,0,1,1,0,4,1,1,0,1,0,0000000,11,58,12,0,12,8,0,0,0,1,0
32,320182,2,2,0,0,0,2,2,3,0,17,10,2013,5,22,1,0,14,3,SR-610 LAMB BLVD,ALEXANDER RD,99998,36.23264444,-115.0801861,0,1,0,0,2,2,0,1,3,1,0,1,0,0000000,10,2,10,9,10,22,0,0,0,1,0
32,320183,1,1,0,0,0,1,1,3,120,23,10,2013,4,22,41,0,15,6,BUFFALO DR,CIELO VISTA AVE,0,36.19027778,-115.26025,0,41,0,0,1,1,0,3,3,1,0,1,0,0000000,22,42,22,47,88,88,0,0,0,1,0
32,320184,1,1,0,1,1,1,1,3,0,31,10,2013,5,18,13,0,14,6,FORT APACHE RD,,0,36.10451667,-115.2970972,0,8,0,0,1,1,0,1,3,1,0,1,0,0000000,99,99,99,99,88,88,0,0,0,1,0
32,320185,2,2,0,0,0,3,3,3,120,2,11,2013,7,0,29,0,14,6,MARYLAND PARKWAY,,0,36.17192222,-115.12975,0,30,0,0,1,1,0,3,3,1,0,1,0,0000000,0,31,0,34,0,57,0,0,0,1,2
32,320186,1,1,0,1,1,1,1,3,120,30,10,2013,4,18,13,0,14,3,SR-159 CHARLESTON BLVD,,99998,36.15914444,-115.2795833,0,8,0,0,1,1,0,1,3,1,0,1,0,0000000,18,14,18,17,18,33,0,0,0,1,0
32,320187,1,1,0,1,1,1,1,3,0,11,10,2013,6,23,0,0,14,6,PECOS RD,,0,36.19493056,-115.0982472,0,8,0,0,1,1,0,1,3,1,0,1,0,0000000,23,0,99,99,88,88,0,0,0,1,0
32,320188,2,2,0,1,1,2,2,3,0,6,10,2013,1,3,41,1,11,1,I-15 N,,410,36.15801667,-115.1601556,0,18,0,1,18,1,0,1,6,1,0,1,0,0000000,3,47,3,51,4,14,19,0,0,1,0
32,320189,2,2,0,0,0,2,2,3,110,3,10,2013,5,7,1,0,16,6,HORIZON RIDGE PKWY,RICH PEREZ JR DR,0,35.99876944,-115.1140833,0,12,2,0,2,3,0,1,1,1,0,1,0,0000000,7,3,7,5,7,16,0,0,0,1,0
32,320190,2,2,0,1,1,3,3,3,0,13,10,2013,1,3,11,1,13,3,SR-593 TROPICANA AVE,OCEAN DR,99998,36.100775,-115.1697583,0,8,0,0,3,3,0,1,3,1,0,1,0,0000000,3,12,3,16,3,31,0,0,0,1,0
32,320191,1,1,0,1,1,1,1,3,0,17,10,2013,5,14,28,1,13,6,TROPICANA AVE,DECATUR BLVD,0,36.10095,-115.208175,0,8,0,0,3,2,0,1,1,1,0,1,0,0000000,14,29,14,35,14,50,0,0,0,1,0
32,320192,3,3,0,0,0,5,5,3,0,27,10,2013,1,2,45,1,11,1,I-15,,400,36.14024167,-115.1747639,0,12,6,0,1,1,0,1,6,1,0,1,0,0000000,2,47,2,52,3,16,0,0,0,1,1
32,320193,2,2,0,0,0,2,2,3,150,12,10,2013,7,3,28,0,14,6,DECATUR BLVD,TROPICAL PARKWAY,0,36.26880556,-115.20675,0,12,1,0,3,2,0,1,3,1,0,1,0,0000000,99,99,99,99,99,99,0,0,0,1,1
32,320194,2,2,0,0,0,2,2,7,0,11,10,2013,6,8,9,0,3,3,SR-225,,670,41.14096389,-115.8493083,0,1,0,0,1,1,0,1,1,1,0,1,0,0000000,8,12,8,43,10,11,0,0,0,1,0
32,320195,2,2,0,0,0,2,2,3,120,2,10,2013,4,9,6,0,13,6,LAKE MEAD BLVD,D STREET,0,36.19562778,-115.1474889,0,12,6,0,2,2,0,1,1,1,0,1,0,0000000,9,8,9,17,9,24,0,0,0,1,0
32,320196,2,2,0,0,0,3,3,3,0,16,10,2013,4,15,16,1,13,6,SAHARA AVE,MILLER LANE,0,36.14363333,-115.2632028,0,12,6,0,2,2,0,1,1,1,0,1,0,0000000,15,19,15,28,15,42,0,0,0,1,0
32,320197,2,2,0,0,0,3,3,3,120,17,10,2013,5,14,57,0,13,6,LAKE MEAD BLVD,D STREET,0,36.19560278,-115.1474583,0,1,0,0,2,2,0,1,1,1,0,1,0,0000000,14,57,15,3,88,88,0,0,0,1,0
32,320198,1,1,0,1,1,1,1,31,0,4,11,2013,2,18,1,0,14,4,CR-165 LEMMON DR,,0,39.63786389,-119.8428611,0,8,0,0,1,1,0,1,2,1,0,1,0,0000000,99,99,99,99,99,99,0,0,0,1,0
32,320199,3,3,0,0,0,3,3,3,0,5,11,2013,3,17,38,0,14,6,SILVERADO RANCH BLVD,,0,36.01323056,-115.1347083,0,1,0,0,8,1,0,1,3,1,0,1,0,0000000,17,38,99,99,88,88,0,0,0,1,0
32,320200,3,3,0,0,0,4,4,3,0,10,11,2013,1,22,25,0,16,6,CHARLESTON BLVD,LINN LANE,0,36.15945278,-115.0488583,0,12,6,0,2,3,0,1,3,1,0,1,0,0000000,22,29,22,33,88,88,0,0,0,1,0
32,320201,1,1,0,0,0,1,1,3,0,11,11,2013,2,2,56,0,14,6,DEAN MARTIN DR,,0,36.09872778,-115.1813417,0,33,0,0,1,1,0,4,3,1,0,1,0,0000000,2,58,3,4,88,88,0,0,0,1,1
32,320202,1,1,0,0,0,1,1,3,0,13,11,2013,4,6,14,0,4,3,SR-170,,50,36.74031944,-114.1850444,0,1,0,0,1,1,0,4,1,1,0,1,0,0000000,6,20,6,33,88,88,0,0,0,1,0
32,320203,2,1,1,4,4,2,2,11,0,5,11,2013,3,13,7,1,1,1,I-80 E,,2620,40.66073333,-116.4245528,0,8,0,0,1,1,1,5,1,1,0,1,0,0000000,13,16,13,43,15,46,26,0,0,2,0
32,320204,3,3,0,0,0,4,4,3,0,13,11,2013,4,23,49,1,13,6,EASTERN AVE,WARM SPRINGS RD,0,36.05685,-115.1182333,0,12,6,0,2,2,0,1,3,1,0,1,0,0000000,23,51,11,58,0,21,0,0,0,1,1
32,320205,2,2,0,0,0,2,2,3,0,14,11,2013,5,8,51,0,14,3,SR-592 FLAMINGO RD,LINDELL RD,99998,36.11506111,-115.2162389,0,1,0,0,3,2,0,1,1,1,0,1,0,0000000,8,51,99,99,99,99,0,0,0,1,0
32,320206,1,1,0,1,1,4,4,3,0,14,11,2013,5,20,10,0,14,6,DESERT INN RD,,0,36.12972222,-115.2859583,0,8,0,0,1,1,0,1,3,1,0,1,0,0000000,20,10,99,99,88,88,0,0,0,1,0
32,320207,1,1,0,0,0,2,2,21,0,27,12,2013,6,8,10,1,2,2,US-95 N,,733,38.78931389,-118.7544778,0,1,0,0,1,1,0,4,1,5,0,5,0,0000000,8,20,8,39,9,31,0,0,0,1,0
32,320208,1,1,0,0,0,1,1,3,120,27,11,2013,4,21,30,0,14,6,CENTENNIAL CENTER BLVD,,0,36.27017222,-115.2613333,0,33,0,0,1,1,0,4,3,1,0,1,0,0000000,21,30,99,99,88,88,0,0,0,1,0
32,320209,1,1,0,0,0,1,1,9,0,14,11,2013,5,20,25,1,2,2,US-95 S,,211,37.73367222,-117.2450972,0,31,0,0,1,1,0,2,2,1,0,1,0,0000000,20,29,20,35,88,88,0,0,0,1,0
32,320210,1,1,0,1,1,1,1,3,0,17,11,2013,1,17,14,0,15,6,CIMARRON RD,LAREDO ST,0,36.14200278,-115.2698722,0,8,0,0,2,2,0,1,3,1,0,1,0,0000000,17,17,99,99,88,88,0,0,0,1,0
32,320211,1,1,0,1,1,1,1,3,0,21,11,2013,5,21,24,0,14,6,MARYLAND PARKWAY,,0,36.10923611,-115.137375,0,8,0,0,1,1,0,1,3,2,10,2,0,0000000,99,99,99,99,99,99,0,0,0,1,0
32,320212,1,1,0,1,1,1,1,3,0,14,12,2013,7,21,30,0,13,3,SR-582 BOULDER HWY,DALHART AVE,99998,36.14144167,-115.09645,0,8,0,0,3,2,0,1,3,1,0,1,0,0000000,21,28,21,35,21,49,0,0,0,1,0
32,320213,1,1,0,0,0,1,1,7,9997,13,11,2013,4,16,34,0,16,6,VICTORY BLVD,,0,40.94343333,-115.6543667,0,2,0,0,1,1,0,4,6,1,0,1,0,0000000,16,34,16,49,88,88,0,0,0,1,1
32,320214,1,1,0,3,3,3,3,3,0,9,11,2013,7,20,21,1,2,3,SR-160 BLUE DIAMOND HWY,S CIMARRON RD SE APEX,60,36.02015278,-115.2704528,0,8,0,0,3,3,0,1,6,1,0,1,0,0000000,20,24,20,38,20,57,0,0,0,1,0
32,320215,1,1,0,2,2,1,1,27,0,26,11,2013,3,0,37,1,1,1,I-80 E,,90,40.11874444,-118.538075,0,8,0,0,1,1,0,1,2,1,0,1,0,0000000,99,99,99,99,99,99,15,0,0,1,0
32,320216,2,2,0,0,0,3,3,11,0,30,11,2013,7,6,56,1,1,1,I-80 E,,2790,40.65470833,-116.2771722,0,12,1,0,1,1,0,1,4,1,0,1,0,0000000,99,99,99,99,99,99,0,0,0,1,1
32,320217,2,2,0,0,0,3,3,7,0,6,12,2013,6,17,15,1,2,2,US-93,,1202,41.70944722,-114.8130083,0,12,2,0,1,1,0,1,2,1,0,1,0,0000000,99,99,99,99,99,99,0,0,0,2,0
32,320218,1,1,0,1,1,2,2,3,0,7,12,2013,7,18,52,1,13,3,SR-562 SUNSET RD,EASTERN AVE,99998,36.07147778,-115.1187083,0,9,0,0,2,2,0,1,1,1,0,1,0,0000000,18,52,99,99,88,88,0,0,0,1,0
32,320219,2,2,0,0,0,4,4,3,0,7,12,2013,7,8,50,1,13,3,SR-160 BLUE DIAMOND RD,S EL CAPITAN WAY,99998,36.02028056,-115.2886361,0,12,6,0,2,2,0,1,1,10,0,10,0,0000000,99,99,99,99,99,99,0,0,0,1,1
32,320220,1,1,0,1,1,1,1,3,0,11,12,2013,4,20,15,0,14,6,LAMB BLVD,,0,36.1319,-115.0828639,0,8,0,0,1,1,0,1,3,1,0,1,0,0000000,20,18,20,22,20,35,0,0,0,1,0
32,320221,3,1,2,1,1,1,1,3,0,16,12,2013,2,13,9,0,14,6,BONANZA RD,,0,36.17339722,-115.0998833,0,31,0,0,1,1,0,4,1,1,0,1,0,0000000,13,9,13,12,88,88,15,0,0,1,0
32,320224,1,1,0,1,1,2,2,3,0,24,12,2013,3,20,35,0,14,6,MARYLAND PARKWAY,,0,36.13266944,-115.1368139,0,8,0,0,1,1,0,1,6,1,0,1,0,0000000,20,35,99,99,88,88,0,0,0,1,0
32,320225,2,2,0,0,0,3,3,3,0,26,12,2013,5,20,22,0,16,6,RINGE RD,MEIKLE LANE,0,36.19537778,-115.0598,0,12,6,0,2,2,0,1,2,1,0,1,0,0000000,20,24,20,26,20,48,0,0,0,1,0
32,320226,1,1,0,1,1,1,1,3,110,30,12,2013,2,4,31,1,13,3,SR-582 BOULDER HWY,,99998,36.06953333,-115.0160833,0,8,0,0,1,1,0,1,2,1,0,1,0,0000000,4,33,4,38,88,88,0,0,0,1,0
32,320227,2,1,1,0,0,1,1,33,80,19,11,2013,3,0,21,0,4,6,CAMPTON ST,,0,39.25037222,-114.8755833,0,14,0,0,1,1,0,6,6,98,0,98,0,0000000,99,99,99,99,88,88,0,0,0,1,1
32,320228,2,2,0,0,0,6,6,3,0,18,8,2013,1,10,99,0,14,3,SR-592 FLAMINGO RD,VALLEY VIEW BLVD,99998,36.11553333,-115.1900944,0,12,8,0,2,2,0,1,1,10,0,10,0,0000000,99,99,99,99,99,99,0,0,0,2,1
32,320229,1,1,0,1,1,1,1,31,170,5,9,2013,5,19,22,0,16,8,KIETZKE LANE,,0,39.49686944,-119.7914611,0,8,0,0,8,1,0,1,5,1,0,1,0,0000000,99,99,99,99,99,99,0,0,0,1,0
32,320230,1,1,0,0,0,2,2,9,0,27,11,2013,4,18,56,1,2,2,US-6,,99998,38.14091111,-117.4772944,0,1,0,0,1,1,0,4,2,1,0,1,0,0000000,99,99,99,99,99,99,0,0,0,1,0
32,320231,2,2,0,0,0,5,5,3,150,31,10,2013,5,21,43,0,14,6,ANN RD,COLEMAN DR,0,36.261675,-115.1754278,0,12,6,0,2,2,0,1,3,1,0,1,0,0000000,21,43,21,49,99,99,0,0,0,1,1
32,320232,1,1,0,0,0,3,3,3,0,21,10,2013,2,23,15,0,14,3,SR-574 CHEYENNE AVE,,0,36.21769167,-115.0926361,0,33,0,0,1,1,0,4,3,1,0,1,0,0000000,23,16,99,99,99,99,0,0,0,1,1
32,320233,2,2,0,0,0,4,4,3,0,21,11,2013,5,21,17,0,13,3,SR-593 TROPICANA AVE,,0,36.10023333,-115.2189667,0,12,2,0,1,1,0,1,3,2,10,2,0,0000000,21,27,21,30,99,99,0,0,0,1,0
32,320234,1,1,0,1,1,1,1,3,120,1,11,2013,6,18,55,0,14,6,MARTIN LUTHER KING BLVD,BARTLETT AVE,0,36.20033333,-115.1608056,0,8,0,0,3,3,0,1,3,1,0,1,0,0000000,18,56,18,59,19,11,0,0,0,1,0
32,320235,2,2,0,0,0,3,3,3,0,19,11,2013,3,9,24,0,14,6,BUFFALO DR,SPRING MOUNTAIN RD,0,36.12556111,-115.2610056,0,12,6,0,2,2,0,1,1,1,0,1,0,0000000,99,99,99,99,99,99,0,0,0,1,0
32,320236,1,1,0,1,1,1,1,3,0,19,12,2013,5,20,47,0,13,3,SR-612 NELLIS BLVD,CEDAR AVE,48,36.17031667,-115.0620361,0,8,0,0,3,3,0,1,3,10,0,10,0,0000000,20,48,20,51,88,88,0,0,0,1,0
32,320237,2,2,0,0,0,2,2,3,120,26,12,2013,5,13,56,0,13,3,SR-573 CRAIG RD,JADESTONE AVE,99998,36.23996111,-115.238,0,12,6,0,2,2,0,1,1,1,0,1,0,0000000,14,1,99,99,14,36,0,0,0,1,0
32,320238,1,1,0,1,1,2,2,31,190,26,12,2013,5,21,15,0,14,6,SULLIVAN LN,SR-663 ODDIE BLVD,0,39.54551111,-119.7713972,0,8,0,0,3,2,0,1,3,1,0,1,0,0000000,21,17,21,21,21,31,0,0,0,1,0
32,320239,1,1,0,0,0,1,1,3,0,30,12,2013,2,1,25,0,14,6,DEAN MARTIN DR,,0,36.1023,-115.1822083,0,33,0,0,1,1,0,4,3,1,0,1,0,0000000,1,25,99,99,88,88,0,0,0,1,1
32,320240,1,1,0,1,1,1,1,31,170,21,11,2013,5,18,12,0,13,6,ODDIE BLVD,SUTRO ST,0,39.54533889,-119.7986583,0,8,0,0,3,2,0,1,3,10,0,10,0,0000000,18,13,18,19,18,33,0,0,0,1,0
32,320241,1,1,0,1,1,1,1,31,170,9,12,2013,2,21,56,0,13,3,SR-667 KIETZKE LN,PECKHAM LN,18,39.48712222,-119.7891722,0,8,0,0,3,2,0,1,3,1,0,1,0,0000000,99,99,99,99,88,88,0,0,0,1,0
32,320242,1,1,0,1,1,2,2,3,0,16,5,2013,5,16,12,0,13,3,SR-159 CHARLESTON BLVD,SCHOLL DR,99998,36.15921389,-115.2370056,0,8,0,0,2,3,0,1,1,98,0,98,0,0000000,99,99,99,99,99,99,0,0,0,1,0
32,320243,6,6,0,0,0,10,10,3,0,21,2,2013,5,4,30,0,14,3,SR-592 FLAMINGO RD,LAS VEGAS BLVD,3990,36.11461667,-115.1728778,0,12,1,0,2,2,0,1,3,1,0,1,0,0000000,99,99,99,99,99,99,0,0,0,2,0
32,320244,2,2,0,0,0,2,2,3,0,21,4,2013,1,8,55,0,14,4,CR-DECATUR BLVD,TROPICANA AVE,0,36.10084167,-115.2079722,0,12,1,0,3,2,0,1,1,1,0,1,0,0000000,8,55,9,1,99,99,0,0,0,1,1
32,320245,3,3,0,0,0,3,3,31,170,3,8,2013,7,15,17,0,14,6,MILLS ST,GRAND SIERRA,0,39.51890278,-119.7810528,0,12,6,1,2,2,0,1,1,1,0,1,0,0000000,99,99,99,99,88,88,0,0,0,1,0